frame	pc	address	y
2	D144	0250	F4
2	D144	0294	F4
2	D144	02D8	F4
2	D144	021C	F4
2	D144	0260	F4
2	D144	02A4	F4
2	D144	02E8	F4
2	D144	022C	F4
2	D144	0270	F4
2	D144	02B4	F4
2	D144	02F8	F4
2	D144	023C	F4
2	D144	0280	F4
2	D144	02C4	F4
2	D144	0208	F4
2	D144	024C	F4
2	D144	0290	F4
2	D144	02D4	F4
2	D144	0218	F4
2	D144	025C	F4
2	D144	02A0	F4
2	D144	02E4	F4
2	D144	0228	F4
2	D144	026C	F4
2	D144	02B0	F4
2	D144	02F4	F4
2	D144	0238	F4
2	D144	027C	F4
2	D144	02C0	F4
2	D144	0204	F4
2	D144	0248	F4
2	D144	028C	F4
2	D144	02D0	F4
2	D144	0214	F4
2	D144	0258	F4
2	D144	029C	F4
2	D144	02E0	F4
2	D144	0224	F4
2	D144	0268	F4
2	D144	02AC	F4
2	D144	02F0	F4
2	D144	0234	F4
2	D144	0278	F4
2	D144	02BC	F4
2	D144	0200	F4
2	D144	0244	F4
2	D144	0288	F4
2	D144	02CC	F4
2	D144	0210	F4
2	D144	0254	F4
2	D144	0298	F4
2	D144	02DC	F4
2	D144	0220	F4
2	D144	0264	F4
2	D144	02A8	F4
2	D144	02EC	F4
2	D144	0230	F4
2	D144	0274	F4
2	D144	02B8	F4
2	D144	02FC	F4
2	D144	0240	F4
2	D144	0284	F4
2	D144	02C8	F4
2	D144	020C	F4
4	D144	0294	F4
4	D144	02D8	F4
4	D144	021C	F4
4	D144	0260	F4
4	D144	02A4	F4
4	D144	02E8	F4
4	D144	022C	F4
4	D144	0270	F4
4	D144	02B4	F4
4	D144	02F8	F4
4	D144	023C	F4
4	D144	0280	F4
4	D144	02C4	F4
4	D144	0208	F4
4	D144	024C	F4
4	D144	0290	F4
4	D144	02D4	F4
4	D144	0218	F4
4	D144	025C	F4
4	D144	02A0	F4
4	D144	02E4	F4
4	D144	0228	F4
4	D144	026C	F4
4	D144	02B0	F4
4	D144	02F4	F4
4	D144	0238	F4
4	D144	027C	F4
4	D144	02C0	F4
4	D144	0204	F4
4	D144	0248	F4
4	D144	028C	F4
4	D144	02D0	F4
4	D144	0214	F4
4	D144	0258	F4
4	D144	029C	F4
4	D144	02E0	F4
4	D144	0224	F4
4	D144	0268	F4
4	D144	02AC	F4
4	D144	02F0	F4
4	D144	0234	F4
4	D144	0278	F4
4	D144	02BC	F4
4	D144	0200	F4
4	D144	0244	F4
4	D144	0288	F4
4	D144	02CC	F4
4	D144	0210	F4
4	D144	0254	F4
4	D144	0298	F4
4	D144	02DC	F4
4	D144	0220	F4
4	D144	0264	F4
4	D144	02A8	F4
4	D144	02EC	F4
4	D144	0230	F4
4	D144	0274	F4
4	D144	02B8	F4
4	D144	02FC	F4
4	D144	0240	F4
4	D144	0284	F4
4	D144	02C8	F4
4	D144	020C	F4
4	D144	0250	F4
35	F47C	0200	B7
35	F47C	0204	B7
35	F47C	0208	B7
35	F47C	020C	B7
35	F47C	0210	BF
35	F47C	0214	BF
35	F47C	0218	BF
35	F47C	021C	BF
35	F47C	0220	C7
35	F47C	0224	C7
35	F47C	0228	C7
35	F47C	022C	C7
35	F47C	0230	CF
35	F47C	0234	CF
35	F47C	0238	CF
35	F47C	023C	CF
35	F47C	0248	1F
35	F47C	027C	25
35	F47C	02B0	27
35	F47C	02E4	2D
35	F47C	0258	2D
35	F47C	028C	31
35	F47C	02C0	31
35	F47C	02F4	35
35	F47C	0268	39
35	F47C	029C	40
35	D144	02D0	F4
35	D144	0244	F4
35	D144	0278	F4
35	D144	02AC	F4
35	D144	02E0	F4
35	D144	0254	F4
35	D144	0288	F4
35	D144	02BC	F4
35	D144	02F0	F4
35	D144	0264	F4
35	D144	0298	F4
35	D144	02CC	F4
35	D144	0240	F4
35	D144	0274	F4
35	D144	02A8	F4
35	D144	02DC	F4
35	D144	0250	F4
35	D144	0284	F4
35	D144	02B8	F4
35	D144	02EC	F4
35	D144	0260	F4
35	D144	0294	F4
35	D144	02C8	F4
35	D144	02FC	F4
35	D144	0270	F4
35	D144	02A4	F4
35	D144	02D8	F4
35	D144	024C	F4
35	D144	0280	F4
35	D144	02B4	F4
35	D144	02E8	F4
35	D144	025C	F4
35	D144	0290	F4
35	D144	02C4	F4
35	D144	02F8	F4
35	D144	026C	F4
35	D144	02A0	F4
35	D144	02D4	F4
36	F47C	0200	B7
36	F47C	0204	B7
36	F47C	0208	B7
36	F47C	020C	B7
36	F47C	0210	BF
36	F47C	0214	BF
36	F47C	0218	BF
36	F47C	021C	BF
36	F47C	0220	C7
36	F47C	0224	C7
36	F47C	0228	C7
36	F47C	022C	C7
36	F47C	0230	CF
36	F47C	0234	CF
36	F47C	0238	CF
36	F47C	023C	CF
36	F47C	027C	1F
36	F47C	02B0	25
36	F47C	02E4	27
36	F47C	0258	2D
36	F47C	028C	2D
36	F47C	02C0	31
36	F47C	02F4	31
36	F47C	0268	35
36	F47C	029C	39
36	F47C	02D0	40
36	D144	0244	F4
36	D144	0278	F4
36	D144	02AC	F4
36	D144	02E0	F4
36	D144	0254	F4
36	D144	0288	F4
36	D144	02BC	F4
36	D144	02F0	F4
36	D144	0264	F4
36	D144	0298	F4
36	D144	02CC	F4
36	D144	0240	F4
36	D144	0274	F4
36	D144	02A8	F4
36	D144	02DC	F4
36	D144	0250	F4
36	D144	0284	F4
36	D144	02B8	F4
36	D144	02EC	F4
36	D144	0260	F4
36	D144	0294	F4
36	D144	02C8	F4
36	D144	02FC	F4
36	D144	0270	F4
36	D144	02A4	F4
36	D144	02D8	F4
36	D144	024C	F4
36	D144	0280	F4
36	D144	02B4	F4
36	D144	02E8	F4
36	D144	025C	F4
36	D144	0290	F4
36	D144	02C4	F4
36	D144	02F8	F4
36	D144	026C	F4
36	D144	02A0	F4
36	D144	02D4	F4
36	D144	0248	F4
37	F47C	0200	B7
37	F47C	0204	B7
37	F47C	0208	B7
37	F47C	020C	B7
37	F47C	0210	BF
37	F47C	0214	BF
37	F47C	0218	BF
37	F47C	021C	BF
37	F47C	0220	C7
37	F47C	0224	C7
37	F47C	0228	C7
37	F47C	022C	C7
37	F47C	0230	CF
37	F47C	0234	CF
37	F47C	0238	CF
37	F47C	023C	CF
37	F47C	0270	1F
37	F47C	02A4	25
37	F47C	02D8	27
37	F47C	024C	2D
37	F47C	0280	2D
37	F47C	02B4	31
37	F47C	02E8	31
37	F47C	025C	35
37	F47C	0290	39
37	F47C	02C4	40
37	D144	02F8	F4
37	D144	026C	F4
37	D144	02A0	F4
37	D144	02D4	F4
37	D144	0248	F4
37	D144	027C	F4
37	D144	02B0	F4
37	D144	02E4	F4
37	D144	0258	F4
37	D144	028C	F4
37	D144	02C0	F4
37	D144	02F4	F4
37	D144	0268	F4
37	D144	029C	F4
37	D144	02D0	F4
37	D144	0244	F4
37	D144	0278	F4
37	D144	02AC	F4
37	D144	02E0	F4
37	D144	0254	F4
37	D144	0288	F4
37	D144	02BC	F4
37	D144	02F0	F4
37	D144	0264	F4
37	D144	0298	F4
37	D144	02CC	F4
37	D144	0240	F4
37	D144	0274	F4
37	D144	02A8	F4
37	D144	02DC	F4
37	D144	0250	F4
37	D144	0284	F4
37	D144	02B8	F4
37	D144	02EC	F4
37	D144	0260	F4
37	D144	0294	F4
37	D144	02C8	F4
37	D144	02FC	F4
38	F47C	0200	B7
38	F47C	0204	B7
38	F47C	0208	B7
38	F47C	020C	B7
38	F47C	0210	BF
38	F47C	0214	BF
38	F47C	0218	BF
38	F47C	021C	BF
38	F47C	0220	C7
38	F47C	0224	C7
38	F47C	0228	C7
38	F47C	022C	C7
38	F47C	0230	CF
38	F47C	0234	CF
38	F47C	0238	CF
38	F47C	023C	CF
38	F47C	02A4	1F
38	F47C	02D8	25
38	F47C	024C	27
38	F47C	0280	2D
38	F47C	02B4	2D
38	F47C	02E8	31
38	F47C	025C	31
38	F47C	0290	35
38	F47C	02C4	39
38	F47C	02F8	40
38	D144	026C	F4
38	D144	02A0	F4
38	D144	02D4	F4
38	D144	0248	F4
38	D144	027C	F4
38	D144	02B0	F4
38	D144	02E4	F4
38	D144	0258	F4
38	D144	028C	F4
38	D144	02C0	F4
38	D144	02F4	F4
38	D144	0268	F4
38	D144	029C	F4
38	D144	02D0	F4
38	D144	0244	F4
38	D144	0278	F4
38	D144	02AC	F4
38	D144	02E0	F4
38	D144	0254	F4
38	D144	0288	F4
38	D144	02BC	F4
38	D144	02F0	F4
38	D144	0264	F4
38	D144	0298	F4
38	D144	02CC	F4
38	D144	0240	F4
38	D144	0274	F4
38	D144	02A8	F4
38	D144	02DC	F4
38	D144	0250	F4
38	D144	0284	F4
38	D144	02B8	F4
38	D144	02EC	F4
38	D144	0260	F4
38	D144	0294	F4
38	D144	02C8	F4
38	D144	02FC	F4
38	D144	0270	F4
39	F47C	0200	B7
39	F47C	0204	B7
39	F47C	0208	B7
39	F47C	020C	B7
39	F47C	0210	BF
39	F47C	0214	BF
39	F47C	0218	BF
39	F47C	021C	BF
39	F47C	0220	C7
39	F47C	0224	C7
39	F47C	0228	C7
39	F47C	022C	C7
39	F47C	0230	CF
39	F47C	0234	CF
39	F47C	0238	CF
39	F47C	023C	CF
39	F47C	02D8	1F
39	F47C	024C	25
39	F47C	0280	27
39	F47C	02B4	2D
39	F47C	02E8	2D
39	F47C	025C	31
39	F47C	0290	31
39	F47C	02C4	35
39	F47C	02F8	39
39	F47C	026C	40
39	D144	02A0	F4
39	D144	02D4	F4
39	D144	0248	F4
39	D144	027C	F4
39	D144	02B0	F4
39	D144	02E4	F4
39	D144	0258	F4
39	D144	028C	F4
39	D144	02C0	F4
39	D144	02F4	F4
39	D144	0268	F4
39	D144	029C	F4
39	D144	02D0	F4
39	D144	0244	F4
39	D144	0278	F4
39	D144	02AC	F4
39	D144	02E0	F4
39	D144	0254	F4
39	D144	0288	F4
39	D144	02BC	F4
39	D144	02F0	F4
39	D144	0264	F4
39	D144	0298	F4
39	D144	02CC	F4
39	D144	0240	F4
39	D144	0274	F4
39	D144	02A8	F4
39	D144	02DC	F4
39	D144	0250	F4
39	D144	0284	F4
39	D144	02B8	F4
39	D144	02EC	F4
39	D144	0260	F4
39	D144	0294	F4
39	D144	02C8	F4
39	D144	02FC	F4
39	D144	0270	F4
39	D144	02A4	F4
40	F47C	0200	B7
40	F47C	0204	B7
40	F47C	0208	B7
40	F47C	020C	B7
40	F47C	0210	BF
40	F47C	0214	BF
40	F47C	0218	BF
40	F47C	021C	BF
40	F47C	0220	C7
40	F47C	0224	C7
40	F47C	0228	C7
40	F47C	022C	C7
40	F47C	0230	CF
40	F47C	0234	CF
40	F47C	0238	CF
40	F47C	023C	CF
40	F47C	024C	1F
40	F47C	0280	25
40	F47C	02B4	27
40	F47C	02E8	2D
40	F47C	025C	2D
40	F47C	0290	31
40	F47C	02C4	31
40	F47C	02F8	35
40	F47C	026C	39
40	F47C	02A0	40
40	D144	02D4	F4
40	D144	0248	F4
40	D144	027C	F4
40	D144	02B0	F4
40	D144	02E4	F4
40	D144	0258	F4
40	D144	028C	F4
40	D144	02C0	F4
40	D144	02F4	F4
40	D144	0268	F4
40	D144	029C	F4
40	D144	02D0	F4
40	D144	0244	F4
40	D144	0278	F4
40	D144	02AC	F4
40	D144	02E0	F4
40	D144	0254	F4
40	D144	0288	F4
40	D144	02BC	F4
40	D144	02F0	F4
40	D144	0264	F4
40	D144	0298	F4
40	D144	02CC	F4
40	D144	0240	F4
40	D144	0274	F4
40	D144	02A8	F4
40	D144	02DC	F4
40	D144	0250	F4
40	D144	0284	F4
40	D144	02B8	F4
40	D144	02EC	F4
40	D144	0260	F4
40	D144	0294	F4
40	D144	02C8	F4
40	D144	02FC	F4
40	D144	0270	F4
40	D144	02A4	F4
40	D144	02D8	F4
41	F47C	0200	B7
41	F47C	0204	B7
41	F47C	0208	B7
41	F47C	020C	B7
41	F47C	0210	BF
41	F47C	0214	BF
41	F47C	0218	BF
41	F47C	021C	BF
41	F47C	0220	C7
41	F47C	0224	C7
41	F47C	0228	C7
41	F47C	022C	C7
41	F47C	0230	CF
41	F47C	0234	CF
41	F47C	0238	CF
41	F47C	023C	CF
41	F47C	0240	1F
41	F47C	0274	25
41	F47C	02A8	27
41	F47C	02DC	2D
41	F47C	0250	2D
41	F47C	0284	31
41	F47C	02B8	31
41	F47C	02EC	35
41	F47C	0260	39
41	F47C	0294	40
41	D144	02C8	F4
41	D144	02FC	F4
41	D144	0270	F4
41	D144	02A4	F4
41	D144	02D8	F4
41	D144	024C	F4
41	D144	0280	F4
41	D144	02B4	F4
41	D144	02E8	F4
41	D144	025C	F4
41	D144	0290	F4
41	D144	02C4	F4
41	D144	02F8	F4
41	D144	026C	F4
41	D144	02A0	F4
41	D144	02D4	F4
41	D144	0248	F4
41	D144	027C	F4
41	D144	02B0	F4
41	D144	02E4	F4
41	D144	0258	F4
41	D144	028C	F4
41	D144	02C0	F4
41	D144	02F4	F4
41	D144	0268	F4
41	D144	029C	F4
41	D144	02D0	F4
41	D144	0244	F4
41	D144	0278	F4
41	D144	02AC	F4
41	D144	02E0	F4
41	D144	0254	F4
41	D144	0288	F4
41	D144	02BC	F4
41	D144	02F0	F4
41	D144	0264	F4
41	D144	0298	F4
41	D144	02CC	F4
42	F47C	0200	B7
42	F47C	0204	B7
42	F47C	0208	B7
42	F47C	020C	B7
42	F47C	0210	BF
42	F47C	0214	BF
42	F47C	0218	BF
42	F47C	021C	BF
42	F47C	0220	C7
42	F47C	0224	C7
42	F47C	0228	C7
42	F47C	022C	C7
42	F47C	0230	CF
42	F47C	0234	CF
42	F47C	0238	CF
42	F47C	023C	CF
42	F47C	0274	1F
42	F47C	02A8	25
42	F47C	02DC	27
42	F47C	0250	2D
42	F47C	0284	2D
42	F47C	02B8	31
42	F47C	02EC	31
42	F47C	0260	35
42	F47C	0294	39
42	F47C	02C8	40
42	D144	02FC	F4
42	D144	0270	F4
42	D144	02A4	F4
42	D144	02D8	F4
42	D144	024C	F4
42	D144	0280	F4
42	D144	02B4	F4
42	D144	02E8	F4
42	D144	025C	F4
42	D144	0290	F4
42	D144	02C4	F4
42	D144	02F8	F4
42	D144	026C	F4
42	D144	02A0	F4
42	D144	02D4	F4
42	D144	0248	F4
42	D144	027C	F4
42	D144	02B0	F4
42	D144	02E4	F4
42	D144	0258	F4
42	D144	028C	F4
42	D144	02C0	F4
42	D144	02F4	F4
42	D144	0268	F4
42	D144	029C	F4
42	D144	02D0	F4
42	D144	0244	F4
42	D144	0278	F4
42	D144	02AC	F4
42	D144	02E0	F4
42	D144	0254	F4
42	D144	0288	F4
42	D144	02BC	F4
42	D144	02F0	F4
42	D144	0264	F4
42	D144	0298	F4
42	D144	02CC	F4
42	D144	0240	F4
43	F47C	0200	B7
43	F47C	0204	B7
43	F47C	0208	B7
43	F47C	020C	B7
43	F47C	0210	BF
43	F47C	0214	BF
43	F47C	0218	BF
43	F47C	021C	BF
43	F47C	0220	C7
43	F47C	0224	C7
43	F47C	0228	C7
43	F47C	022C	C7
43	F47C	0230	CF
43	F47C	0234	CF
43	F47C	0238	CF
43	F47C	023C	CF
43	F47C	02A8	1F
43	F47C	02DC	25
43	F47C	0250	27
43	F47C	0284	2D
43	F47C	02B8	2D
43	F47C	02EC	31
43	F47C	0260	31
43	F47C	0294	35
43	F47C	02C8	39
43	F47C	02FC	40
43	D144	0270	F4
43	D144	02A4	F4
43	D144	02D8	F4
43	D144	024C	F4
43	D144	0280	F4
43	D144	02B4	F4
43	D144	02E8	F4
43	D144	025C	F4
43	D144	0290	F4
43	D144	02C4	F4
43	D144	02F8	F4
43	D144	026C	F4
43	D144	02A0	F4
43	D144	02D4	F4
43	D144	0248	F4
43	D144	027C	F4
43	D144	02B0	F4
43	D144	02E4	F4
43	D144	0258	F4
43	D144	028C	F4
43	D144	02C0	F4
43	D144	02F4	F4
43	D144	0268	F4
43	D144	029C	F4
43	D144	02D0	F4
43	D144	0244	F4
43	D144	0278	F4
43	D144	02AC	F4
43	D144	02E0	F4
43	D144	0254	F4
43	D144	0288	F4
43	D144	02BC	F4
43	D144	02F0	F4
43	D144	0264	F4
43	D144	0298	F4
43	D144	02CC	F4
43	D144	0240	F4
43	D144	0274	F4
44	F47C	0200	B7
44	F47C	0204	B7
44	F47C	0208	B7
44	F47C	020C	B7
44	F47C	0210	BF
44	F47C	0214	BF
44	F47C	0218	BF
44	F47C	021C	BF
44	F47C	0220	C7
44	F47C	0224	C7
44	F47C	0228	C7
44	F47C	022C	C7
44	F47C	0230	CF
44	F47C	0234	CF
44	F47C	0238	CF
44	F47C	023C	CF
44	F47C	02DC	1F
44	F47C	0250	25
44	F47C	0284	27
44	F47C	02B8	2D
44	F47C	02EC	2D
44	F47C	0260	31
44	F47C	0294	31
44	F47C	02C8	35
44	F47C	02FC	39
44	F47C	0270	40
45	D144	02A4	F4
45	D144	02D8	F4
45	D144	024C	F4
45	D144	0280	F4
45	D144	02B4	F4
45	D144	02E8	F4
45	D144	025C	F4
45	D144	0290	F4
45	D144	02C4	F4
45	D144	02F8	F4
45	D144	026C	F4
45	D144	02A0	F4
45	D144	02D4	F4
45	D144	0248	F4
45	D144	027C	F4
45	D144	02B0	F4
45	D144	02E4	F4
45	D144	0258	F4
45	D144	028C	F4
45	D144	02C0	F4
45	D144	02F4	F4
45	D144	0268	F4
45	D144	029C	F4
45	D144	02D0	F4
45	D144	0244	F4
45	D144	0278	F4
45	D144	02AC	F4
45	D144	02E0	F4
45	D144	0254	F4
45	D144	0288	F4
45	D144	02BC	F4
45	D144	02F0	F4
45	D144	0264	F4
45	D144	0298	F4
45	D144	02CC	F4
45	D144	0240	F4
45	D144	0274	F4
45	D144	02A8	F4
46	F47C	0200	B7
46	F47C	0204	B7
46	F47C	0208	B7
46	F47C	020C	B7
46	F47C	0210	BF
46	F47C	0214	BF
46	F47C	0218	BF
46	F47C	021C	BF
46	F47C	0220	C7
46	F47C	0224	C7
46	F47C	0228	C7
46	F47C	022C	C7
46	F47C	0230	CF
46	F47C	0234	CF
46	F47C	0238	CF
46	F47C	023C	CF
46	F47C	0250	1F
46	F47C	0284	25
46	F47C	02B8	27
46	F47C	02EC	2D
46	F47C	0260	2D
46	F47C	0294	31
46	F47C	02C8	31
46	F47C	02FC	35
46	F47C	0270	39
46	F47C	02A4	40
46	D144	02D8	F4
46	D144	024C	F4
46	D144	0280	F4
46	D144	02B4	F4
46	D144	02E8	F4
46	D144	025C	F4
46	D144	0290	F4
46	D144	02C4	F4
46	D144	02F8	F4
46	D144	026C	F4
46	D144	02A0	F4
46	D144	02D4	F4
46	D144	0248	F4
46	D144	027C	F4
46	D144	02B0	F4
46	D144	02E4	F4
46	D144	0258	F4
46	D144	028C	F4
46	D144	02C0	F4
46	D144	02F4	F4
46	D144	0268	F4
46	D144	029C	F4
46	D144	02D0	F4
46	D144	0244	F4
46	D144	0278	F4
46	D144	02AC	F4
46	D144	02E0	F4
46	D144	0254	F4
46	D144	0288	F4
46	D144	02BC	F4
46	D144	02F0	F4
46	D144	0264	F4
46	D144	0298	F4
46	D144	02CC	F4
46	D144	0240	F4
46	D144	0274	F4
46	D144	02A8	F4
46	D144	02DC	F4
47	F47C	0200	B7
47	F47C	0204	B7
47	F47C	0208	B7
47	F47C	020C	B7
47	F47C	0210	BF
47	F47C	0214	BF
47	F47C	0218	BF
47	F47C	021C	BF
47	F47C	0220	C7
47	F47C	0224	C7
47	F47C	0228	C7
47	F47C	022C	C7
47	F47C	0230	CF
47	F47C	0234	CF
47	F47C	0238	CF
47	F47C	023C	CF
47	F47C	0244	1F
47	F47C	0278	25
47	F47C	02AC	27
47	F47C	02E0	2D
47	F47C	0254	2D
47	F47C	0288	31
47	F47C	02BC	31
47	F47C	02F0	35
47	F47C	0264	39
47	F47C	0298	40
47	D144	02CC	F4
47	D144	0240	F4
47	D144	0274	F4
47	D144	02A8	F4
47	D144	02DC	F4
47	D144	0250	F4
47	D144	0284	F4
47	D144	02B8	F4
47	D144	02EC	F4
47	D144	0260	F4
47	D144	0294	F4
47	D144	02C8	F4
47	D144	02FC	F4
47	D144	0270	F4
47	D144	02A4	F4
47	D144	02D8	F4
47	D144	024C	F4
47	D144	0280	F4
47	D144	02B4	F4
47	D144	02E8	F4
47	D144	025C	F4
47	D144	0290	F4
47	D144	02C4	F4
47	D144	02F8	F4
47	D144	026C	F4
47	D144	02A0	F4
47	D144	02D4	F4
47	D144	0248	F4
47	D144	027C	F4
48	D144	02B0	F4
48	D144	02E4	F4
48	D144	0258	F4
48	D144	028C	F4
48	D144	02C0	F4
48	D144	02F4	F4
48	D144	0268	F4
48	D144	029C	F4
48	D144	02D0	F4
49	F47C	0200	B7
49	F47C	0204	B7
49	F47C	0208	B7
49	F47C	020C	B7
49	F47C	0210	BF
49	F47C	0214	BF
49	F47C	0218	BF
49	F47C	021C	BF
49	F47C	0220	C7
49	F47C	0224	C7
49	F47C	0228	C7
49	F47C	022C	C7
49	F47C	0230	CF
49	F47C	0234	CF
49	F47C	0238	CF
49	F47C	023C	CF
49	F47C	0278	1F
49	F47C	02AC	25
49	F47C	02E0	27
49	F47C	0254	2D
49	F47C	0288	2D
49	F47C	02BC	31
49	F47C	02F0	31
49	F47C	0264	35
49	F47C	0298	39
49	F47C	02CC	40
49	D144	0240	F4
49	D144	0274	F4
49	D144	02A8	F4
49	D144	02DC	F4
49	D144	0250	F4
49	D144	0284	F4
49	D144	02B8	F4
49	D144	02EC	F4
49	D144	0260	F4
49	D144	0294	F4
49	D144	02C8	F4
49	D144	02FC	F4
49	D144	0270	F4
49	D144	02A4	F4
49	D144	02D8	F4
49	D144	024C	F4
49	D144	0280	F4
49	D144	02B4	F4
49	D144	02E8	F4
49	D144	025C	F4
49	D144	0290	F4
49	D144	02C4	F4
49	D144	02F8	F4
49	D144	026C	F4
49	D144	02A0	F4
49	D144	02D4	F4
49	D144	0248	F4
49	D144	027C	F4
49	D144	02B0	F4
49	D144	02E4	F4
49	D144	0258	F4
49	D144	028C	F4
49	D144	02C0	F4
49	D144	02F4	F4
49	D144	0268	F4
49	D144	029C	F4
49	D144	02D0	F4
49	D144	0244	F4
50	F47C	0200	B7
50	F47C	0204	B7
50	F47C	0208	B7
50	F47C	020C	B7
50	F47C	0210	BF
50	F47C	0214	BF
50	F47C	0218	BF
50	F47C	021C	BF
50	F47C	0220	C7
50	F47C	0224	C7
50	F47C	0228	C7
50	F47C	022C	C7
50	F47C	0230	CF
50	F47C	0234	CF
50	F47C	0238	CF
50	F47C	023C	CF
50	F47C	02AC	1F
50	F47C	02E0	25
50	F47C	0254	27
50	F47C	0288	2D
50	F47C	02BC	2D
50	F47C	02F0	31
50	F47C	0264	31
50	F47C	0298	35
50	F47C	02CC	39
50	F47C	0240	40
50	D144	0274	F4
50	D144	02A8	F4
50	D144	02DC	F4
50	D144	0250	F4
50	D144	0284	F4
50	D144	02B8	F4
50	D144	02EC	F4
50	D144	0260	F4
50	D144	0294	F4
50	D144	02C8	F4
50	D144	02FC	F4
50	D144	0270	F4
50	D144	02A4	F4
50	D144	02D8	F4
50	D144	024C	F4
50	D144	0280	F4
50	D144	02B4	F4
50	D144	02E8	F4
50	D144	025C	F4
50	D144	0290	F4
50	D144	02C4	F4
50	D144	02F8	F4
50	D144	026C	F4
50	D144	02A0	F4
50	D144	02D4	F4
50	D144	0248	F4
50	D144	027C	F4
50	D144	02B0	F4
50	D144	02E4	F4
50	D144	0258	F4
50	D144	028C	F4
50	D144	02C0	F4
50	D144	02F4	F4
50	D144	0268	F4
50	D144	029C	F4
50	D144	02D0	F4
50	D144	0244	F4
50	D144	0278	F4
51	F47C	0200	B7
51	F47C	0204	B7
51	F47C	0208	B7
51	F47C	020C	B7
51	F47C	0210	BF
51	F47C	0214	BF
51	F47C	0218	BF
51	F47C	021C	BF
51	F47C	0220	C7
51	F47C	0224	C7
51	F47C	0228	C7
51	F47C	022C	C7
51	F47C	0230	CF
51	F47C	0234	CF
51	F47C	0238	CF
51	F47C	023C	CF
51	F47C	02E0	1F
51	F47C	0254	25
51	F47C	0288	27
51	F47C	02BC	2D
51	F47C	02F0	2D
51	F47C	0264	31
51	F47C	0298	31
51	F47C	02CC	35
51	F47C	0240	39
51	F47C	0274	40
52	D144	02A8	F4
52	D144	02DC	F4
52	D144	0250	F4
52	D144	0284	F4
52	D144	02B8	F4
52	D144	02EC	F4
52	D144	0260	F4
52	D144	0294	F4
52	D144	02C8	F4
52	D144	02FC	F4
52	D144	0270	F4
52	D144	02A4	F4
52	D144	02D8	F4
52	D144	024C	F4
52	D144	0280	F4
52	D144	02B4	F4
52	D144	02E8	F4
52	D144	025C	F4
52	D144	0290	F4
52	D144	02C4	F4
52	D144	02F8	F4
52	D144	026C	F4
52	D144	02A0	F4
52	D144	02D4	F4
52	D144	0248	F4
52	D144	027C	F4
52	D144	02B0	F4
52	D144	02E4	F4
52	D144	0258	F4
52	D144	028C	F4
52	D144	02C0	F4
52	D144	02F4	F4
52	D144	0268	F4
52	D144	029C	F4
52	D144	02D0	F4
52	D144	0244	F4
52	D144	0278	F4
52	D144	02AC	F4
53	F47C	0200	B7
53	F47C	0204	B7
53	F47C	0208	B7
53	F47C	020C	B7
53	F47C	0210	BF
53	F47C	0214	BF
53	F47C	0218	BF
53	F47C	021C	BF
53	F47C	0220	C7
53	F47C	0224	C7
53	F47C	0228	C7
53	F47C	022C	C7
53	F47C	0230	CF
53	F47C	0234	CF
53	F47C	0238	CF
53	F47C	023C	CF
53	F47C	0254	1F
53	F47C	0288	25
53	F47C	02BC	27
53	F47C	02F0	2D
53	F47C	0264	2D
53	F47C	0298	31
53	F47C	02CC	31
53	F47C	0240	35
53	F47C	0274	39
53	F47C	02A8	40
53	D144	02DC	F4
53	D144	0250	F4
53	D144	0284	F4
53	D144	02B8	F4
53	D144	02EC	F4
53	D144	0260	F4
53	D144	0294	F4
53	D144	02C8	F4
53	D144	02FC	F4
53	D144	0270	F4
53	D144	02A4	F4
53	D144	02D8	F4
53	D144	024C	F4
53	D144	0280	F4
53	D144	02B4	F4
53	D144	02E8	F4
53	D144	025C	F4
53	D144	0290	F4
53	D144	02C4	F4
53	D144	02F8	F4
53	D144	026C	F4
53	D144	02A0	F4
53	D144	02D4	F4
53	D144	0248	F4
53	D144	027C	F4
53	D144	02B0	F4
53	D144	02E4	F4
53	D144	0258	F4
53	D144	028C	F4
53	D144	02C0	F4
53	D144	02F4	F4
53	D144	0268	F4
53	D144	029C	F4
53	D144	02D0	F4
53	D144	0244	F4
53	D144	0278	F4
53	D144	02AC	F4
53	D144	02E0	F4
60	F47C	0200	B7
60	F47C	0204	B7
60	F47C	0208	B7
60	F47C	020C	B7
60	F47C	0210	BF
60	F47C	0214	BF
60	F47C	0218	BF
60	F47C	021C	BF
60	F47C	0220	C7
60	F47C	0224	C7
60	F47C	0228	C7
60	F47C	022C	C7
60	F47C	0230	CF
60	F47C	0234	CF
60	F47C	0238	CF
60	F47C	023C	CF
60	F47C	0248	1F
60	F47C	027C	25
60	F47C	02B0	27
60	F47C	02E4	2D
60	F47C	0258	2D
60	F47C	028C	31
60	F47C	02C0	31
60	F47C	02F4	35
60	F47C	0268	39
60	F47C	029C	40
60	D144	02D0	F4
60	D144	0244	F4
60	D144	0278	F4
60	D144	02AC	F4
60	D144	02E0	F4
60	D144	0254	F4
60	D144	0288	F4
60	D144	02BC	F4
60	D144	02F0	F4
60	D144	0264	F4
60	D144	0298	F4
60	D144	02CC	F4
60	D144	0240	F4
60	D144	0274	F4
60	D144	02A8	F4
60	D144	02DC	F4
60	D144	0250	F4
60	D144	0284	F4
60	D144	02B8	F4
60	D144	02EC	F4
60	D144	0260	F4
60	D144	0294	F4
60	D144	02C8	F4
60	D144	02FC	F4
60	D144	0270	F4
60	D144	02A4	F4
60	D144	02D8	F4
60	D144	024C	F4
60	D144	0280	F4
60	D144	02B4	F4
60	D144	02E8	F4
60	D144	025C	F4
60	D144	0290	F4
60	D144	02C4	F4
60	D144	02F8	F4
60	D144	026C	F4
60	D144	02A0	F4
60	D144	02D4	F4
63	F47C	0200	B7
63	F47C	0204	B7
63	F47C	0208	B7
63	F47C	020C	B7
63	F47C	0210	BF
63	F47C	0214	BF
63	F47C	0218	BF
63	F47C	021C	BF
63	F47C	0220	C7
63	F47C	0224	C7
63	F47C	0228	C7
63	F47C	022C	C7
63	F47C	0230	CF
63	F47C	0234	CF
63	F47C	0238	CF
63	F47C	023C	CF
63	F47C	027C	1F
63	F47C	02B0	25
63	F47C	02E4	27
63	F47C	0258	2D
63	F47C	028C	2D
63	F47C	02C0	31
63	F47C	02F4	31
63	F47C	0268	35
63	F47C	029C	39
63	F47C	02D0	40
63	D144	0244	F4
63	D144	0278	F4
63	D144	02AC	F4
63	D144	02E0	F4
63	D144	0254	F4
63	D144	0288	F4
63	D144	02BC	F4
63	D144	02F0	F4
63	D144	0264	F4
63	D144	0298	F4
63	D144	02CC	F4
63	D144	0240	F4
63	D144	0274	F4
63	D144	02A8	F4
63	D144	02DC	F4
63	D144	0250	F4
63	D144	0284	F4
63	D144	02B8	F4
63	D144	02EC	F4
63	D144	0260	F4
63	D144	0294	F4
63	D144	02C8	F4
63	D144	02FC	F4
63	D144	0270	F4
63	D144	02A4	F4
63	D144	02D8	F4
63	D144	024C	F4
63	D144	0280	F4
63	D144	02B4	F4
63	D144	02E8	F4
63	D144	025C	F4
63	D144	0290	F4
63	D144	02C4	F4
63	D144	02F8	F4
63	D144	026C	F4
63	D144	02A0	F4
63	D144	02D4	F4
63	D144	0248	F4
64	F47C	0200	B7
64	F47C	0204	B7
64	F47C	0208	B7
64	F47C	020C	B7
64	F47C	0210	BF
64	F47C	0214	BF
64	F47C	0218	BF
64	F47C	021C	BF
64	F47C	0220	C7
64	F47C	0224	C7
64	F47C	0228	C7
64	F47C	022C	C7
64	F47C	0230	CF
64	F47C	0234	CF
64	F47C	0238	CF
64	F47C	023C	CF
64	F47C	02B0	1F
64	F47C	02E4	25
64	F47C	0258	27
64	F47C	028C	2D
64	F47C	02C0	2D
64	F47C	02F4	31
64	F47C	0268	31
64	F47C	029C	35
64	F47C	02D0	39
64	F47C	0244	40
64	D144	0278	F4
64	D144	02AC	F4
64	D144	02E0	F4
64	D144	0254	F4
64	D144	0288	F4
64	D144	02BC	F4
64	D144	02F0	F4
64	D144	0264	F4
64	D144	0298	F4
64	D144	02CC	F4
64	D144	0240	F4
64	D144	0274	F4
64	D144	02A8	F4
64	D144	02DC	F4
64	D144	0250	F4
64	D144	0284	F4
64	D144	02B8	F4
64	D144	02EC	F4
64	D144	0260	F4
64	D144	0294	F4
64	D144	02C8	F4
64	D144	02FC	F4
64	D144	0270	F4
64	D144	02A4	F4
64	D144	02D8	F4
64	D144	024C	F4
64	D144	0280	F4
64	D144	02B4	F4
64	D144	02E8	F4
64	D144	025C	F4
64	D144	0290	F4
64	D144	02C4	F4
64	D144	02F8	F4
64	D144	026C	F4
64	D144	02A0	F4
64	D144	02D4	F4
64	D144	0248	F4
64	D144	027C	F4
65	F47C	0200	B7
65	F47C	0204	B7
65	F47C	0208	B7
65	F47C	020C	B7
65	F47C	0210	BF
65	F47C	0214	BF
65	F47C	0218	BF
65	F47C	021C	BF
65	F47C	0220	C7
65	F47C	0224	C7
65	F47C	0228	C7
65	F47C	022C	C7
65	F47C	0230	CF
65	F47C	0234	CF
65	F47C	0238	CF
65	F47C	023C	CF
65	F47C	02E4	1F
65	F47C	0258	25
65	F47C	028C	27
65	F47C	02C0	2D
65	F47C	02F4	2D
65	F47C	0268	31
65	F47C	029C	31
65	F47C	02D0	35
65	F47C	0244	39
65	F47C	0278	40
65	D144	02AC	F4
65	D144	02E0	F4
65	D144	0254	F4
65	D144	0288	F4
65	D144	02BC	F4
65	D144	02F0	F4
65	D144	0264	F4
65	D144	0298	F4
65	D144	02CC	F4
65	D144	0240	F4
65	D144	0274	F4
65	D144	02A8	F4
65	D144	02DC	F4
65	D144	0250	F4
65	D144	0284	F4
65	D144	02B8	F4
65	D144	02EC	F4
65	D144	0260	F4
65	D144	0294	F4
65	D144	02C8	F4
65	D144	02FC	F4
65	D144	0270	F4
65	D144	02A4	F4
65	D144	02D8	F4
65	D144	024C	F4
65	D144	0280	F4
65	D144	02B4	F4
65	D144	02E8	F4
65	D144	025C	F4
65	D144	0290	F4
65	D144	02C4	F4
65	D144	02F8	F4
65	D144	026C	F4
65	D144	02A0	F4
65	D144	02D4	F4
65	D144	0248	F4
65	D144	027C	F4
65	D144	02B0	F4
66	F47C	0200	B7
66	F47C	0204	B7
66	F47C	0208	B7
66	F47C	020C	B7
66	F47C	0210	BF
66	F47C	0214	BF
66	F47C	0218	BF
66	F47C	021C	BF
66	F47C	0220	C7
66	F47C	0224	C7
66	F47C	0228	C7
66	F47C	022C	C7
66	F47C	0230	CF
66	F47C	0234	CF
66	F47C	0238	CF
66	F47C	023C	CF
66	F47C	0258	1F
66	F47C	028C	25
66	F47C	02C0	27
66	F47C	02F4	2D
66	F47C	0268	2D
66	F47C	029C	31
66	F47C	02D0	31
66	F47C	0244	35
66	F47C	0278	39
66	F47C	02AC	40
66	D144	02E0	F4
66	D144	0254	F4
66	D144	0288	F4
66	D144	02BC	F4
66	D144	02F0	F4
66	D144	0264	F4
66	D144	0298	F4
66	D144	02CC	F4
66	D144	0240	F4
66	D144	0274	F4
66	D144	02A8	F4
66	D144	02DC	F4
66	D144	0250	F4
66	D144	0284	F4
66	D144	02B8	F4
66	D144	02EC	F4
66	D144	0260	F4
66	D144	0294	F4
66	D144	02C8	F4
66	D144	02FC	F4
66	D144	0270	F4
66	D144	02A4	F4
66	D144	02D8	F4
66	D144	024C	F4
66	D144	0280	F4
66	D144	02B4	F4
66	D144	02E8	F4
66	D144	025C	F4
66	D144	0290	F4
66	D144	02C4	F4
66	D144	02F8	F4
66	D144	026C	F4
66	D144	02A0	F4
66	D144	02D4	F4
66	D144	0248	F4
66	D144	027C	F4
66	D144	02B0	F4
66	D144	02E4	F4
67	F47C	0200	B7
67	F47C	0204	B7
67	F47C	0208	B7
67	F47C	020C	B7
67	F47C	0210	BF
67	F47C	0214	BF
67	F47C	0218	BF
67	F47C	021C	BF
67	F47C	0220	C7
67	F47C	0224	C7
67	F47C	0228	C7
67	F47C	022C	C7
67	F47C	0230	CF
67	F47C	0234	CF
67	F47C	0238	CF
67	F47C	023C	CF
67	F47C	024C	1F
67	F47C	0280	25
67	F47C	02B4	27
67	F47C	02E8	2D
67	F47C	025C	2D
67	F47C	0290	31
67	F47C	02C4	31
67	F47C	02F8	35
67	F47C	026C	39
67	F47C	02A0	40
67	D144	02D4	F4
67	D144	0248	F4
67	D144	027C	F4
67	D144	02B0	F4
67	D144	02E4	F4
67	D144	0258	F4
67	D144	028C	F4
67	D144	02C0	F4
67	D144	02F4	F4
67	D144	0268	F4
67	D144	029C	F4
67	D144	02D0	F4
67	D144	0244	F4
67	D144	0278	F4
67	D144	02AC	F4
67	D144	02E0	F4
67	D144	0254	F4
67	D144	0288	F4
67	D144	02BC	F4
67	D144	02F0	F4
67	D144	0264	F4
67	D144	0298	F4
67	D144	02CC	F4
67	D144	0240	F4
67	D144	0274	F4
67	D144	02A8	F4
67	D144	02DC	F4
67	D144	0250	F4
67	D144	0284	F4
67	D144	02B8	F4
67	D144	02EC	F4
67	D144	0260	F4
67	D144	0294	F4
67	D144	02C8	F4
67	D144	02FC	F4
67	D144	0270	F4
67	D144	02A4	F4
67	D144	02D8	F4
68	F47C	0200	B7
68	F47C	0204	B7
68	F47C	0208	B7
68	F47C	020C	B7
68	F47C	0210	BF
68	F47C	0214	BF
68	F47C	0218	BF
68	F47C	021C	BF
68	F47C	0220	C7
68	F47C	0224	C7
68	F47C	0228	C7
68	F47C	022C	C7
68	F47C	0230	CF
68	F47C	0234	CF
68	F47C	0238	CF
68	F47C	023C	CF
68	F47C	0280	1F
68	F47C	02B4	25
68	F47C	02E8	27
68	F47C	025C	2D
68	F47C	0290	2D
68	F47C	02C4	31
68	F47C	02F8	31
68	F47C	026C	35
68	F47C	02A0	39
68	F47C	02D4	40
68	D144	0248	F4
68	D144	027C	F4
68	D144	02B0	F4
68	D144	02E4	F4
68	D144	0258	F4
68	D144	028C	F4
68	D144	02C0	F4
68	D144	02F4	F4
68	D144	0268	F4
68	D144	029C	F4
68	D144	02D0	F4
68	D144	0244	F4
68	D144	0278	F4
68	D144	02AC	F4
68	D144	02E0	F4
68	D144	0254	F4
68	D144	0288	F4
68	D144	02BC	F4
68	D144	02F0	F4
68	D144	0264	F4
68	D144	0298	F4
68	D144	02CC	F4
68	D144	0240	F4
68	D144	0274	F4
68	D144	02A8	F4
68	D144	02DC	F4
68	D144	0250	F4
68	D144	0284	F4
68	D144	02B8	F4
68	D144	02EC	F4
68	D144	0260	F4
68	D144	0294	F4
68	D144	02C8	F4
68	D144	02FC	F4
68	D144	0270	F4
68	D144	02A4	F4
68	D144	02D8	F4
68	D144	024C	F4
69	F47C	0200	B7
69	F47C	0204	B7
69	F47C	0208	B7
69	F47C	020C	B7
69	F47C	0210	BF
69	F47C	0214	BF
69	F47C	0218	BF
69	F47C	021C	BF
69	F47C	0220	C7
69	F47C	0224	C7
69	F47C	0228	C7
69	F47C	022C	C7
69	F47C	0230	CF
69	F47C	0234	CF
69	F47C	0238	CF
69	F47C	023C	CF
69	F47C	02B4	1F
69	F47C	02E8	25
69	F47C	025C	27
69	F47C	0290	2D
69	F47C	02C4	2D
69	F47C	02F8	31
69	F47C	026C	31
69	F47C	02A0	35
69	F47C	02D4	39
69	F47C	0248	40
69	D144	027C	F4
69	D144	02B0	F4
69	D144	02E4	F4
69	D144	0258	F4
69	D144	028C	F4
69	D144	02C0	F4
69	D144	02F4	F4
69	D144	0268	F4
69	D144	029C	F4
69	D144	02D0	F4
69	D144	0244	F4
69	D144	0278	F4
69	D144	02AC	F4
69	D144	02E0	F4
69	D144	0254	F4
69	D144	0288	F4
69	D144	02BC	F4
69	D144	02F0	F4
69	D144	0264	F4
69	D144	0298	F4
69	D144	02CC	F4
69	D144	0240	F4
69	D144	0274	F4
69	D144	02A8	F4
69	D144	02DC	F4
69	D144	0250	F4
69	D144	0284	F4
69	D144	02B8	F4
69	D144	02EC	F4
69	D144	0260	F4
69	D144	0294	F4
69	D144	02C8	F4
69	D144	02FC	F4
69	D144	0270	F4
69	D144	02A4	F4
69	D144	02D8	F4
69	D144	024C	F4
69	D144	0280	F4
70	F47C	0200	B7
70	F47C	0204	B7
70	F47C	0208	B7
70	F47C	020C	B7
70	F47C	0210	BF
70	F47C	0214	BF
70	F47C	0218	BF
70	F47C	021C	BF
70	F47C	0220	C7
70	F47C	0224	C7
70	F47C	0228	C7
70	F47C	022C	C7
70	F47C	0230	CF
70	F47C	0234	CF
70	F47C	0238	CF
70	F47C	023C	CF
70	F47C	02E8	1F
70	F47C	025C	25
70	F47C	0290	27
70	F47C	02C4	2D
70	F47C	02F8	2D
70	F47C	026C	31
70	F47C	02A0	31
70	F47C	02D4	35
70	F47C	0248	39
70	F47C	027C	40
70	D144	02B0	F4
70	D144	02E4	F4
70	D144	0258	F4
70	D144	028C	F4
70	D144	02C0	F4
70	D144	02F4	F4
70	D144	0268	F4
70	D144	029C	F4
70	D144	02D0	F4
70	D144	0244	F4
70	D144	0278	F4
70	D144	02AC	F4
70	D144	02E0	F4
70	D144	0254	F4
70	D144	0288	F4
70	D144	02BC	F4
70	D144	02F0	F4
70	D144	0264	F4
70	D144	0298	F4
70	D144	02CC	F4
70	D144	0240	F4
70	D144	0274	F4
70	D144	02A8	F4
70	D144	02DC	F4
70	D144	0250	F4
70	D144	0284	F4
70	D144	02B8	F4
70	D144	02EC	F4
70	D144	0260	F4
70	D144	0294	F4
70	D144	02C8	F4
70	D144	02FC	F4
70	D144	0270	F4
70	D144	02A4	F4
70	D144	02D8	F4
70	D144	024C	F4
70	D144	0280	F4
70	D144	02B4	F4
71	F47C	0200	B7
71	F47C	0204	B7
71	F47C	0208	B7
71	F47C	020C	B7
71	F47C	0210	BF
71	F47C	0214	BF
71	F47C	0218	BF
71	F47C	021C	BF
71	F47C	0220	C7
71	F47C	0224	C7
71	F47C	0228	C7
71	F47C	022C	C7
71	F47C	0230	CF
71	F47C	0234	CF
71	F47C	0238	CF
71	F47C	023C	CF
71	F47C	025C	1F
71	F47C	0290	25
71	F47C	02C4	27
71	F47C	02F8	2D
71	F47C	026C	2D
71	F47C	02A0	31
71	F47C	02D4	31
71	F47C	0248	35
71	F47C	027C	39
71	F47C	02B0	40
71	D144	02E4	F4
71	D144	0258	F4
71	D144	028C	F4
71	D144	02C0	F4
71	D144	02F4	F4
71	D144	0268	F4
71	D144	029C	F4
71	D144	02D0	F4
71	D144	0244	F4
71	D144	0278	F4
71	D144	02AC	F4
71	D144	02E0	F4
71	D144	0254	F4
71	D144	0288	F4
71	D144	02BC	F4
71	D144	02F0	F4
71	D144	0264	F4
71	D144	0298	F4
71	D144	02CC	F4
71	D144	0240	F4
71	D144	0274	F4
71	D144	02A8	F4
71	D144	02DC	F4
71	D144	0250	F4
71	D144	0284	F4
71	D144	02B8	F4
71	D144	02EC	F4
71	D144	0260	F4
71	D144	0294	F4
71	D144	02C8	F4
71	D144	02FC	F4
71	D144	0270	F4
71	D144	02A4	F4
71	D144	02D8	F4
71	D144	024C	F4
71	D144	0280	F4
71	D144	02B4	F4
71	D144	02E8	F4
72	F47C	0200	B7
72	F47C	0204	B7
72	F47C	0208	B7
72	F47C	020C	B7
72	F47C	0210	BF
72	F47C	0214	BF
72	F47C	0218	BF
72	F47C	021C	BF
72	F47C	0220	C7
72	F47C	0224	C7
72	F47C	0228	C7
72	F47C	022C	C7
72	F47C	0230	CF
72	F47C	0234	CF
72	F47C	0238	CF
72	F47C	023C	CF
72	F47C	0250	1F
72	F47C	0284	25
72	F47C	02B8	27
72	F47C	02EC	2D
72	F47C	0260	2D
72	F47C	0294	31
72	F47C	02C8	31
72	F47C	02FC	35
72	F47C	0270	39
72	F47C	02A4	40
72	D144	02D8	F4
72	D144	024C	F4
72	D144	0280	F4
72	D144	02B4	F4
72	D144	02E8	F4
72	D144	025C	F4
72	D144	0290	F4
72	D144	02C4	F4
72	D144	02F8	F4
72	D144	026C	F4
72	D144	02A0	F4
72	D144	02D4	F4
72	D144	0248	F4
72	D144	027C	F4
72	D144	02B0	F4
72	D144	02E4	F4
72	D144	0258	F4
72	D144	028C	F4
72	D144	02C0	F4
72	D144	02F4	F4
72	D144	0268	F4
72	D144	029C	F4
72	D144	02D0	F4
72	D144	0244	F4
72	D144	0278	F4
72	D144	02AC	F4
72	D144	02E0	F4
72	D144	0254	F4
72	D144	0288	F4
72	D144	02BC	F4
72	D144	02F0	F4
72	D144	0264	F4
72	D144	0298	F4
72	D144	02CC	F4
72	D144	0240	F4
72	D144	0274	F4
72	D144	02A8	F4
72	D144	02DC	F4
73	F47C	0200	B7
73	F47C	0204	B7
73	F47C	0208	B7
73	F47C	020C	B7
73	F47C	0210	BF
73	F47C	0214	BF
73	F47C	0218	BF
73	F47C	021C	BF
73	F47C	0220	C7
73	F47C	0224	C7
73	F47C	0228	C7
73	F47C	022C	C7
73	F47C	0230	CF
73	F47C	0234	CF
73	F47C	0238	CF
73	F47C	023C	CF
73	F47C	0284	1F
73	F47C	02B8	25
73	F47C	02EC	27
73	F47C	0260	2D
73	F47C	0294	2D
73	F47C	02C8	31
73	F47C	02FC	31
73	F47C	0270	35
73	F47C	02A4	39
73	F47C	02D8	40
73	D144	024C	F4
73	D144	0280	F4
73	D144	02B4	F4
73	D144	02E8	F4
73	D144	025C	F4
73	D144	0290	F4
73	D144	02C4	F4
73	D144	02F8	F4
73	D144	026C	F4
73	D144	02A0	F4
73	D144	02D4	F4
73	D144	0248	F4
73	D144	027C	F4
73	D144	02B0	F4
73	D144	02E4	F4
73	D144	0258	F4
73	D144	028C	F4
73	D144	02C0	F4
73	D144	02F4	F4
73	D144	0268	F4
73	D144	029C	F4
73	D144	02D0	F4
73	D144	0244	F4
73	D144	0278	F4
73	D144	02AC	F4
73	D144	02E0	F4
73	D144	0254	F4
73	D144	0288	F4
73	D144	02BC	F4
73	D144	02F0	F4
73	D144	0264	F4
73	D144	0298	F4
73	D144	02CC	F4
73	D144	0240	F4
73	D144	0274	F4
73	D144	02A8	F4
73	D144	02DC	F4
73	D144	0250	F4
74	F47C	0200	B7
74	F47C	0204	B7
74	F47C	0208	B7
74	F47C	020C	B7
74	F47C	0210	BF
74	F47C	0214	BF
74	F47C	0218	BF
74	F47C	021C	BF
74	F47C	0220	C7
74	F47C	0224	C7
74	F47C	0228	C7
74	F47C	022C	C7
74	F47C	0230	CF
74	F47C	0234	CF
74	F47C	0238	CF
74	F47C	023C	CF
74	F47C	02B8	1F
74	F47C	02EC	25
74	F47C	0260	27
74	F47C	0294	2D
74	F47C	02C8	2D
74	F47C	02FC	31
74	F47C	0270	31
74	F47C	02A4	35
74	F47C	02D8	39
74	F47C	024C	40
74	D144	0280	F4
74	D144	02B4	F4
74	D144	02E8	F4
74	D144	025C	F4
74	D144	0290	F4
74	D144	02C4	F4
74	D144	02F8	F4
74	D144	026C	F4
74	D144	02A0	F4
74	D144	02D4	F4
74	D144	0248	F4
74	D144	027C	F4
74	D144	02B0	F4
74	D144	02E4	F4
74	D144	0258	F4
74	D144	028C	F4
74	D144	02C0	F4
74	D144	02F4	F4
74	D144	0268	F4
74	D144	029C	F4
74	D144	02D0	F4
74	D144	0244	F4
74	D144	0278	F4
74	D144	02AC	F4
74	D144	02E0	F4
74	D144	0254	F4
74	D144	0288	F4
74	D144	02BC	F4
74	D144	02F0	F4
74	D144	0264	F4
74	D144	0298	F4
74	D144	02CC	F4
74	D144	0240	F4
74	D144	0274	F4
74	D144	02A8	F4
74	D144	02DC	F4
74	D144	0250	F4
74	D144	0284	F4
75	F47C	0200	B7
75	F47C	0204	B7
75	F47C	0208	B7
75	F47C	020C	B7
75	F47C	0210	BF
75	F47C	0214	BF
75	F47C	0218	BF
75	F47C	021C	BF
75	F47C	0220	C7
75	F47C	0224	C7
75	F47C	0228	C7
75	F47C	022C	C7
75	F47C	0230	CF
75	F47C	0234	CF
75	F47C	0238	CF
75	F47C	023C	CF
75	F47C	02EC	1F
75	F47C	0260	25
75	F47C	0294	27
75	F47C	02C8	2D
75	F47C	02FC	2D
75	F47C	0270	31
75	F47C	02A4	31
75	F47C	02D8	35
75	F47C	024C	39
75	F47C	0280	40
75	D144	02B4	F4
75	D144	02E8	F4
75	D144	025C	F4
75	D144	0290	F4
75	D144	02C4	F4
75	D144	02F8	F4
75	D144	026C	F4
75	D144	02A0	F4
75	D144	02D4	F4
75	D144	0248	F4
75	D144	027C	F4
75	D144	02B0	F4
75	D144	02E4	F4
75	D144	0258	F4
75	D144	028C	F4
75	D144	02C0	F4
75	D144	02F4	F4
75	D144	0268	F4
75	D144	029C	F4
75	D144	02D0	F4
75	D144	0244	F4
75	D144	0278	F4
75	D144	02AC	F4
75	D144	02E0	F4
75	D144	0254	F4
75	D144	0288	F4
75	D144	02BC	F4
75	D144	02F0	F4
75	D144	0264	F4
75	D144	0298	F4
75	D144	02CC	F4
75	D144	0240	F4
75	D144	0274	F4
75	D144	02A8	F4
75	D144	02DC	F4
75	D144	0250	F4
75	D144	0284	F4
75	D144	02B8	F4
76	F47C	0200	B7
76	F47C	0204	B7
76	F47C	0208	B7
76	F47C	020C	B7
76	F47C	0210	BF
76	F47C	0214	BF
76	F47C	0218	BF
76	F47C	021C	BF
76	F47C	0220	C7
76	F47C	0224	C7
76	F47C	0228	C7
76	F47C	022C	C7
76	F47C	0230	CF
76	F47C	0234	CF
76	F47C	0238	CF
76	F47C	023C	CF
76	F47C	0260	1F
76	F47C	0294	25
76	F47C	02C8	27
76	F47C	02FC	2D
76	F47C	0270	2D
76	F47C	02A4	31
76	F47C	02D8	31
76	F47C	024C	35
76	F47C	0280	39
76	F47C	02B4	40
76	D144	02E8	F4
76	D144	025C	F4
76	D144	0290	F4
76	D144	02C4	F4
76	D144	02F8	F4
76	D144	026C	F4
76	D144	02A0	F4
76	D144	02D4	F4
76	D144	0248	F4
76	D144	027C	F4
76	D144	02B0	F4
76	D144	02E4	F4
76	D144	0258	F4
76	D144	028C	F4
76	D144	02C0	F4
76	D144	02F4	F4
76	D144	0268	F4
76	D144	029C	F4
76	D144	02D0	F4
76	D144	0244	F4
76	D144	0278	F4
76	D144	02AC	F4
76	D144	02E0	F4
76	D144	0254	F4
76	D144	0288	F4
76	D144	02BC	F4
76	D144	02F0	F4
76	D144	0264	F4
76	D144	0298	F4
76	D144	02CC	F4
76	D144	0240	F4
76	D144	0274	F4
76	D144	02A8	F4
76	D144	02DC	F4
76	D144	0250	F4
76	D144	0284	F4
76	D144	02B8	F4
76	D144	02EC	F4
77	F47C	0200	B7
77	F47C	0204	B7
77	F47C	0208	B7
77	F47C	020C	B7
77	F47C	0210	BF
77	F47C	0214	BF
77	F47C	0218	BF
77	F47C	021C	BF
77	F47C	0220	C7
77	F47C	0224	C7
77	F47C	0228	C7
77	F47C	022C	C7
77	F47C	0230	CF
77	F47C	0234	CF
77	F47C	0238	CF
77	F47C	023C	CF
77	F47C	0254	1F
77	F47C	0288	25
77	F47C	02BC	27
77	F47C	02F0	2D
77	F47C	0264	2D
77	F47C	0298	31
77	F47C	02CC	31
77	F47C	0240	35
77	F47C	0274	39
77	F47C	02A8	40
77	D144	02DC	F4
77	D144	0250	F4
77	D144	0284	F4
77	D144	02B8	F4
77	D144	02EC	F4
77	D144	0260	F4
77	D144	0294	F4
77	D144	02C8	F4
77	D144	02FC	F4
77	D144	0270	F4
77	D144	02A4	F4
77	D144	02D8	F4
77	D144	024C	F4
77	D144	0280	F4
77	D144	02B4	F4
77	D144	02E8	F4
77	D144	025C	F4
77	D144	0290	F4
77	D144	02C4	F4
77	D144	02F8	F4
77	D144	026C	F4
77	D144	02A0	F4
77	D144	02D4	F4
77	D144	0248	F4
77	D144	027C	F4
77	D144	02B0	F4
77	D144	02E4	F4
77	D144	0258	F4
77	D144	028C	F4
77	D144	02C0	F4
77	D144	02F4	F4
77	D144	0268	F4
77	D144	029C	F4
77	D144	02D0	F4
77	D144	0244	F4
77	D144	0278	F4
77	D144	02AC	F4
77	D144	02E0	F4
78	F47C	0200	B7
78	F47C	0204	B7
78	F47C	0208	B7
78	F47C	020C	B7
78	F47C	0210	BF
78	F47C	0214	BF
78	F47C	0218	BF
78	F47C	021C	BF
78	F47C	0220	C7
78	F47C	0224	C7
78	F47C	0228	C7
78	F47C	022C	C7
78	F47C	0230	CF
78	F47C	0234	CF
78	F47C	0238	CF
78	F47C	023C	CF
78	F47C	0288	1F
78	F47C	02BC	25
78	F47C	02F0	27
78	F47C	0264	2D
78	F47C	0298	2D
78	F47C	02CC	31
78	F47C	0240	31
78	F47C	0274	35
78	F47C	02A8	39
78	F47C	02DC	40
78	D144	0250	F4
78	D144	0284	F4
78	D144	02B8	F4
78	D144	02EC	F4
78	D144	0260	F4
78	D144	0294	F4
78	D144	02C8	F4
78	D144	02FC	F4
78	D144	0270	F4
78	D144	02A4	F4
78	D144	02D8	F4
78	D144	024C	F4
78	D144	0280	F4
78	D144	02B4	F4
78	D144	02E8	F4
78	D144	025C	F4
78	D144	0290	F4
78	D144	02C4	F4
78	D144	02F8	F4
78	D144	026C	F4
78	D144	02A0	F4
78	D144	02D4	F4
78	D144	0248	F4
78	D144	027C	F4
78	D144	02B0	F4
78	D144	02E4	F4
78	D144	0258	F4
78	D144	028C	F4
78	D144	02C0	F4
78	D144	02F4	F4
78	D144	0268	F4
78	D144	029C	F4
78	D144	02D0	F4
78	D144	0244	F4
78	D144	0278	F4
78	D144	02AC	F4
78	D144	02E0	F4
78	D144	0254	F4
79	F47C	0200	B7
79	F47C	0204	B7
79	F47C	0208	B7
79	F47C	020C	B7
79	F47C	0210	BF
79	F47C	0214	BF
79	F47C	0218	BF
79	F47C	021C	BF
79	F47C	0220	C7
79	F47C	0224	C7
79	F47C	0228	C7
79	F47C	022C	C7
79	F47C	0230	CF
79	F47C	0234	CF
79	F47C	0238	CF
79	F47C	023C	CF
79	F47C	02BC	1F
79	F47C	02F0	25
79	F47C	0264	27
79	F47C	0298	2D
79	F47C	02CC	2D
79	F47C	0240	31
79	F47C	0274	31
79	F47C	02A8	35
79	F47C	02DC	39
79	F47C	0250	40
79	D144	0284	F4
79	D144	02B8	F4
79	D144	02EC	F4
79	D144	0260	F4
79	D144	0294	F4
79	D144	02C8	F4
79	D144	02FC	F4
79	D144	0270	F4
79	D144	02A4	F4
79	D144	02D8	F4
79	D144	024C	F4
79	D144	0280	F4
79	D144	02B4	F4
79	D144	02E8	F4
79	D144	025C	F4
79	D144	0290	F4
79	D144	02C4	F4
79	D144	02F8	F4
79	D144	026C	F4
79	D144	02A0	F4
79	D144	02D4	F4
79	D144	0248	F4
79	D144	027C	F4
79	D144	02B0	F4
79	D144	02E4	F4
79	D144	0258	F4
79	D144	028C	F4
79	D144	02C0	F4
79	D144	02F4	F4
79	D144	0268	F4
79	D144	029C	F4
79	D144	02D0	F4
79	D144	0244	F4
79	D144	0278	F4
79	D144	02AC	F4
79	D144	02E0	F4
79	D144	0254	F4
79	D144	0288	F4
80	F47C	0200	B7
80	F47C	0204	B7
80	F47C	0208	B7
80	F47C	020C	B7
80	F47C	0210	BF
80	F47C	0214	BF
80	F47C	0218	BF
80	F47C	021C	BF
80	F47C	0220	C7
80	F47C	0224	C7
80	F47C	0228	C7
80	F47C	022C	C7
80	F47C	0230	CF
80	F47C	0234	CF
80	F47C	0238	CF
80	F47C	023C	CF
80	F47C	02F0	1F
80	F47C	0264	25
80	F47C	0298	27
80	F47C	02CC	2D
80	F47C	0240	2D
80	F47C	0274	31
80	F47C	02A8	31
80	F47C	02DC	35
80	F47C	0250	39
80	F47C	0284	40
80	D144	02B8	F4
80	D144	02EC	F4
80	D144	0260	F4
80	D144	0294	F4
80	D144	02C8	F4
80	D144	02FC	F4
80	D144	0270	F4
80	D144	02A4	F4
80	D144	02D8	F4
80	D144	024C	F4
80	D144	0280	F4
80	D144	02B4	F4
80	D144	02E8	F4
80	D144	025C	F4
80	D144	0290	F4
80	D144	02C4	F4
80	D144	02F8	F4
80	D144	026C	F4
80	D144	02A0	F4
80	D144	02D4	F4
80	D144	0248	F4
80	D144	027C	F4
80	D144	02B0	F4
80	D144	02E4	F4
80	D144	0258	F4
80	D144	028C	F4
80	D144	02C0	F4
80	D144	02F4	F4
80	D144	0268	F4
80	D144	029C	F4
80	D144	02D0	F4
80	D144	0244	F4
80	D144	0278	F4
80	D144	02AC	F4
80	D144	02E0	F4
80	D144	0254	F4
80	D144	0288	F4
80	D144	02BC	F4
81	F47C	0200	B7
81	F47C	0204	B7
81	F47C	0208	B7
81	F47C	020C	B7
81	F47C	0210	BF
81	F47C	0214	BF
81	F47C	0218	BF
81	F47C	021C	BF
81	F47C	0220	C7
81	F47C	0224	C7
81	F47C	0228	C7
81	F47C	022C	C7
81	F47C	0230	CF
81	F47C	0234	CF
81	F47C	0238	CF
81	F47C	023C	CF
81	F47C	0264	1F
81	F47C	0298	25
81	F47C	02CC	27
81	F47C	0240	2D
81	F47C	0274	2D
81	F47C	02A8	31
81	F47C	02DC	31
81	F47C	0250	35
81	F47C	0284	39
81	F47C	02B8	40
81	D144	02EC	F4
81	D144	0260	F4
81	D144	0294	F4
81	D144	02C8	F4
81	D144	02FC	F4
81	D144	0270	F4
81	D144	02A4	F4
81	D144	02D8	F4
81	D144	024C	F4
81	D144	0280	F4
81	D144	02B4	F4
81	D144	02E8	F4
81	D144	025C	F4
81	D144	0290	F4
81	D144	02C4	F4
81	D144	02F8	F4
81	D144	026C	F4
81	D144	02A0	F4
81	D144	02D4	F4
81	D144	0248	F4
81	D144	027C	F4
81	D144	02B0	F4
81	D144	02E4	F4
81	D144	0258	F4
81	D144	028C	F4
81	D144	02C0	F4
81	D144	02F4	F4
81	D144	0268	F4
81	D144	029C	F4
81	D144	02D0	F4
81	D144	0244	F4
81	D144	0278	F4
81	D144	02AC	F4
81	D144	02E0	F4
81	D144	0254	F4
81	D144	0288	F4
81	D144	02BC	F4
81	D144	02F0	F4
82	F47C	0200	B7
82	F47C	0204	B7
82	F47C	0208	B7
82	F47C	020C	B7
82	F47C	0210	BF
82	F47C	0214	BF
82	F47C	0218	BF
82	F47C	021C	BF
82	F47C	0220	C7
82	F47C	0224	C7
82	F47C	0228	C7
82	F47C	022C	C7
82	F47C	0230	CF
82	F47C	0234	CF
82	F47C	0238	CF
82	F47C	023C	CF
82	F47C	0258	1F
82	F47C	028C	25
82	F47C	02C0	27
82	F47C	02F4	2D
82	F47C	0268	2D
82	F47C	029C	31
82	F47C	02D0	31
82	F47C	0244	35
82	F47C	0278	39
82	F47C	02AC	40
82	D144	02E0	F4
82	D144	0254	F4
82	D144	0288	F4
82	D144	02BC	F4
82	D144	02F0	F4
82	D144	0264	F4
82	D144	0298	F4
82	D144	02CC	F4
82	D144	0240	F4
82	D144	0274	F4
82	D144	02A8	F4
82	D144	02DC	F4
82	D144	0250	F4
82	D144	0284	F4
82	D144	02B8	F4
82	D144	02EC	F4
82	D144	0260	F4
82	D144	0294	F4
82	D144	02C8	F4
82	D144	02FC	F4
82	D144	0270	F4
82	D144	02A4	F4
82	D144	02D8	F4
82	D144	024C	F4
82	D144	0280	F4
82	D144	02B4	F4
82	D144	02E8	F4
82	D144	025C	F4
82	D144	0290	F4
82	D144	02C4	F4
82	D144	02F8	F4
82	D144	026C	F4
82	D144	02A0	F4
82	D144	02D4	F4
82	D144	0248	F4
82	D144	027C	F4
82	D144	02B0	F4
82	D144	02E4	F4
83	F47C	0200	B7
83	F47C	0204	B7
83	F47C	0208	B7
83	F47C	020C	B7
83	F47C	0210	BF
83	F47C	0214	BF
83	F47C	0218	BF
83	F47C	021C	BF
83	F47C	0220	C7
83	F47C	0224	C7
83	F47C	0228	C7
83	F47C	022C	C7
83	F47C	0230	CF
83	F47C	0234	CF
83	F47C	0238	CF
83	F47C	023C	CF
83	F47C	028C	1F
83	F47C	02C0	25
83	F47C	02F4	27
83	F47C	0268	2D
83	F47C	029C	2D
83	F47C	02D0	31
83	F47C	0244	31
83	F47C	0278	35
83	F47C	02AC	39
83	F47C	02E0	40
83	D144	0254	F4
83	D144	0288	F4
83	D144	02BC	F4
83	D144	02F0	F4
83	D144	0264	F4
83	D144	0298	F4
83	D144	02CC	F4
83	D144	0240	F4
83	D144	0274	F4
83	D144	02A8	F4
83	D144	02DC	F4
83	D144	0250	F4
83	D144	0284	F4
83	D144	02B8	F4
83	D144	02EC	F4
83	D144	0260	F4
83	D144	0294	F4
83	D144	02C8	F4
83	D144	02FC	F4
83	D144	0270	F4
83	D144	02A4	F4
83	D144	02D8	F4
83	D144	024C	F4
83	D144	0280	F4
83	D144	02B4	F4
83	D144	02E8	F4
83	D144	025C	F4
83	D144	0290	F4
83	D144	02C4	F4
83	D144	02F8	F4
83	D144	026C	F4
83	D144	02A0	F4
83	D144	02D4	F4
83	D144	0248	F4
83	D144	027C	F4
83	D144	02B0	F4
83	D144	02E4	F4
83	D144	0258	F4
84	F47C	0200	B7
84	F47C	0204	B7
84	F47C	0208	B7
84	F47C	020C	B7
84	F47C	0210	BF
84	F47C	0214	BF
84	F47C	0218	BF
84	F47C	021C	BF
84	F47C	0220	C7
84	F47C	0224	C7
84	F47C	0228	C7
84	F47C	022C	C7
84	F47C	0230	CF
84	F47C	0234	CF
84	F47C	0238	CF
84	F47C	023C	CF
84	F47C	02C0	1F
84	F47C	02F4	25
84	F47C	0268	27
84	F47C	029C	2D
84	F47C	02D0	2D
84	F47C	0244	31
84	F47C	0278	31
84	F47C	02AC	35
84	F47C	02E0	39
84	F47C	0254	40
84	D144	0288	F4
84	D144	02BC	F4
84	D144	02F0	F4
84	D144	0264	F4
84	D144	0298	F4
84	D144	02CC	F4
84	D144	0240	F4
84	D144	0274	F4
84	D144	02A8	F4
84	D144	02DC	F4
84	D144	0250	F4
84	D144	0284	F4
84	D144	02B8	F4
84	D144	02EC	F4
84	D144	0260	F4
84	D144	0294	F4
84	D144	02C8	F4
84	D144	02FC	F4
84	D144	0270	F4
84	D144	02A4	F4
84	D144	02D8	F4
84	D144	024C	F4
84	D144	0280	F4
84	D144	02B4	F4
84	D144	02E8	F4
84	D144	025C	F4
84	D144	0290	F4
84	D144	02C4	F4
84	D144	02F8	F4
84	D144	026C	F4
84	D144	02A0	F4
84	D144	02D4	F4
84	D144	0248	F4
84	D144	027C	F4
84	D144	02B0	F4
84	D144	02E4	F4
84	D144	0258	F4
84	D144	028C	F4
85	F47C	0200	B7
85	F47C	0204	B7
85	F47C	0208	B7
85	F47C	020C	B7
85	F47C	0210	BF
85	F47C	0214	BF
85	F47C	0218	BF
85	F47C	021C	BF
85	F47C	0220	C7
85	F47C	0224	C7
85	F47C	0228	C7
85	F47C	022C	C7
85	F47C	0230	CF
85	F47C	0234	CF
85	F47C	0238	CF
85	F47C	023C	CF
85	F47C	02F4	1F
85	F47C	0268	25
85	F47C	029C	27
85	F47C	02D0	2D
85	F47C	0244	2D
85	F47C	0278	31
85	F47C	02AC	31
85	F47C	02E0	35
85	F47C	0254	39
85	F47C	0288	40
85	D144	02BC	F4
85	D144	02F0	F4
85	D144	0264	F4
85	D144	0298	F4
85	D144	02CC	F4
85	D144	0240	F4
85	D144	0274	F4
85	D144	02A8	F4
85	D144	02DC	F4
85	D144	0250	F4
85	D144	0284	F4
85	D144	02B8	F4
85	D144	02EC	F4
85	D144	0260	F4
85	D144	0294	F4
85	D144	02C8	F4
85	D144	02FC	F4
85	D144	0270	F4
85	D144	02A4	F4
85	D144	02D8	F4
85	D144	024C	F4
85	D144	0280	F4
85	D144	02B4	F4
85	D144	02E8	F4
85	D144	025C	F4
85	D144	0290	F4
85	D144	02C4	F4
85	D144	02F8	F4
85	D144	026C	F4
85	D144	02A0	F4
85	D144	02D4	F4
85	D144	0248	F4
85	D144	027C	F4
85	D144	02B0	F4
85	D144	02E4	F4
85	D144	0258	F4
85	D144	028C	F4
85	D144	02C0	F4
86	F47C	0200	B7
86	F47C	0204	B7
86	F47C	0208	B7
86	F47C	020C	B7
86	F47C	0210	BF
86	F47C	0214	BF
86	F47C	0218	BF
86	F47C	021C	BF
86	F47C	0220	C7
86	F47C	0224	C7
86	F47C	0228	C7
86	F47C	022C	C7
86	F47C	0230	CF
86	F47C	0234	CF
86	F47C	0238	CF
86	F47C	023C	CF
86	F47C	0268	1F
86	F47C	029C	25
86	F47C	02D0	27
86	F47C	0244	2D
86	F47C	0278	2D
86	F47C	02AC	31
86	F47C	02E0	31
86	F47C	0254	35
86	F47C	0288	39
86	F47C	02BC	40
86	D144	02F0	F4
86	D144	0264	F4
86	D144	0298	F4
86	D144	02CC	F4
86	D144	0240	F4
86	D144	0274	F4
86	D144	02A8	F4
86	D144	02DC	F4
86	D144	0250	F4
86	D144	0284	F4
86	D144	02B8	F4
86	D144	02EC	F4
86	D144	0260	F4
86	D144	0294	F4
86	D144	02C8	F4
86	D144	02FC	F4
86	D144	0270	F4
86	D144	02A4	F4
86	D144	02D8	F4
86	D144	024C	F4
86	D144	0280	F4
86	D144	02B4	F4
86	D144	02E8	F4
86	D144	025C	F4
86	D144	0290	F4
86	D144	02C4	F4
86	D144	02F8	F4
86	D144	026C	F4
86	D144	02A0	F4
86	D144	02D4	F4
86	D144	0248	F4
86	D144	027C	F4
86	D144	02B0	F4
86	D144	02E4	F4
86	D144	0258	F4
86	D144	028C	F4
86	D144	02C0	F4
86	D144	02F4	F4
87	F47C	0200	B7
87	F47C	0204	B7
87	F47C	0208	B7
87	F47C	020C	B7
87	F47C	0210	BF
87	F47C	0214	BF
87	F47C	0218	BF
87	F47C	021C	BF
87	F47C	0220	C7
87	F47C	0224	C7
87	F47C	0228	C7
87	F47C	022C	C7
87	F47C	0230	CF
87	F47C	0234	CF
87	F47C	0238	CF
87	F47C	023C	CF
87	F47C	025C	1F
87	F47C	0290	25
87	F47C	02C4	27
87	F47C	02F8	2D
87	F47C	026C	2D
87	F47C	02A0	31
87	F47C	02D4	31
87	F47C	0248	35
87	F47C	027C	39
87	F47C	02B0	40
87	D144	02E4	F4
87	D144	0258	F4
87	D144	028C	F4
87	D144	02C0	F4
87	D144	02F4	F4
87	D144	0268	F4
87	D144	029C	F4
87	D144	02D0	F4
87	D144	0244	F4
87	D144	0278	F4
87	D144	02AC	F4
87	D144	02E0	F4
87	D144	0254	F4
87	D144	0288	F4
87	D144	02BC	F4
87	D144	02F0	F4
87	D144	0264	F4
87	D144	0298	F4
87	D144	02CC	F4
87	D144	0240	F4
87	D144	0274	F4
87	D144	02A8	F4
87	D144	02DC	F4
87	D144	0250	F4
87	D144	0284	F4
87	D144	02B8	F4
87	D144	02EC	F4
87	D144	0260	F4
87	D144	0294	F4
87	D144	02C8	F4
87	D144	02FC	F4
87	D144	0270	F4
87	D144	02A4	F4
87	D144	02D8	F4
87	D144	024C	F4
87	D144	0280	F4
87	D144	02B4	F4
87	D144	02E8	F4
88	F47C	0200	B7
88	F47C	0204	B7
88	F47C	0208	B7
88	F47C	020C	B7
88	F47C	0210	BF
88	F47C	0214	BF
88	F47C	0218	BF
88	F47C	021C	BF
88	F47C	0220	C7
88	F47C	0224	C7
88	F47C	0228	C7
88	F47C	022C	C7
88	F47C	0230	CF
88	F47C	0234	CF
88	F47C	0238	CF
88	F47C	023C	CF
88	F47C	0290	1F
88	F47C	02C4	25
88	F47C	02F8	27
88	F47C	026C	2D
88	F47C	02A0	2D
88	F47C	02D4	31
88	F47C	0248	31
88	F47C	027C	35
88	F47C	02B0	39
88	F47C	02E4	40
88	D144	0258	F4
88	D144	028C	F4
88	D144	02C0	F4
88	D144	02F4	F4
88	D144	0268	F4
88	D144	029C	F4
88	D144	02D0	F4
88	D144	0244	F4
88	D144	0278	F4
88	D144	02AC	F4
88	D144	02E0	F4
88	D144	0254	F4
88	D144	0288	F4
88	D144	02BC	F4
88	D144	02F0	F4
88	D144	0264	F4
88	D144	0298	F4
88	D144	02CC	F4
88	D144	0240	F4
88	D144	0274	F4
88	D144	02A8	F4
88	D144	02DC	F4
88	D144	0250	F4
88	D144	0284	F4
88	D144	02B8	F4
88	D144	02EC	F4
88	D144	0260	F4
88	D144	0294	F4
88	D144	02C8	F4
88	D144	02FC	F4
88	D144	0270	F4
88	D144	02A4	F4
88	D144	02D8	F4
88	D144	024C	F4
88	D144	0280	F4
88	D144	02B4	F4
88	D144	02E8	F4
88	D144	025C	F4
89	F47C	0200	B7
89	F47C	0204	B7
89	F47C	0208	B7
89	F47C	020C	B7
89	F47C	0210	BF
89	F47C	0214	BF
89	F47C	0218	BF
89	F47C	021C	BF
89	F47C	0220	C7
89	F47C	0224	C7
89	F47C	0228	C7
89	F47C	022C	C7
89	F47C	0230	CF
89	F47C	0234	CF
89	F47C	0238	CF
89	F47C	023C	CF
89	F47C	02C4	1F
89	F47C	02F8	25
89	F47C	026C	27
89	F47C	02A0	2D
89	F47C	02D4	2D
89	F47C	0248	31
89	F47C	027C	31
89	F47C	02B0	35
89	F47C	02E4	39
89	F47C	0258	40
89	D144	028C	F4
89	D144	02C0	F4
89	D144	02F4	F4
89	D144	0268	F4
89	D144	029C	F4
89	D144	02D0	F4
89	D144	0244	F4
89	D144	0278	F4
89	D144	02AC	F4
89	D144	02E0	F4
89	D144	0254	F4
89	D144	0288	F4
89	D144	02BC	F4
89	D144	02F0	F4
89	D144	0264	F4
89	D144	0298	F4
89	D144	02CC	F4
89	D144	0240	F4
89	D144	0274	F4
89	D144	02A8	F4
89	D144	02DC	F4
89	D144	0250	F4
89	D144	0284	F4
89	D144	02B8	F4
89	D144	02EC	F4
89	D144	0260	F4
89	D144	0294	F4
89	D144	02C8	F4
89	D144	02FC	F4
89	D144	0270	F4
89	D144	02A4	F4
89	D144	02D8	F4
89	D144	024C	F4
89	D144	0280	F4
89	D144	02B4	F4
89	D144	02E8	F4
89	D144	025C	F4
89	D144	0290	F4
90	F47C	0200	B7
90	F47C	0204	B7
90	F47C	0208	B7
90	F47C	020C	B7
90	F47C	0210	BF
90	F47C	0214	BF
90	F47C	0218	BF
90	F47C	021C	BF
90	F47C	0220	C7
90	F47C	0224	C7
90	F47C	0228	C7
90	F47C	022C	C7
90	F47C	0230	CF
90	F47C	0234	CF
90	F47C	0238	CF
90	F47C	023C	CF
90	F47C	02F8	1F
90	F47C	026C	25
90	F47C	02A0	27
90	F47C	02D4	2D
90	F47C	0248	2D
90	F47C	027C	31
90	F47C	02B0	31
90	F47C	02E4	35
90	F47C	0258	39
90	F47C	028C	40
90	D144	02C0	F4
90	D144	02F4	F4
90	D144	0268	F4
90	D144	029C	F4
90	D144	02D0	F4
90	D144	0244	F4
90	D144	0278	F4
90	D144	02AC	F4
90	D144	02E0	F4
90	D144	0254	F4
90	D144	0288	F4
90	D144	02BC	F4
90	D144	02F0	F4
90	D144	0264	F4
90	D144	0298	F4
90	D144	02CC	F4
90	D144	0240	F4
90	D144	0274	F4
90	D144	02A8	F4
90	D144	02DC	F4
90	D144	0250	F4
90	D144	0284	F4
90	D144	02B8	F4
90	D144	02EC	F4
90	D144	0260	F4
90	D144	0294	F4
90	D144	02C8	F4
90	D144	02FC	F4
90	D144	0270	F4
90	D144	02A4	F4
90	D144	02D8	F4
90	D144	024C	F4
90	D144	0280	F4
90	D144	02B4	F4
90	D144	02E8	F4
90	D144	025C	F4
90	D144	0290	F4
90	D144	02C4	F4
91	F47C	0200	B7
91	F47C	0204	B7
91	F47C	0208	B7
91	F47C	020C	B7
91	F47C	0210	BF
91	F47C	0214	BF
91	F47C	0218	BF
91	F47C	021C	BF
91	F47C	0220	C7
91	F47C	0224	C7
91	F47C	0228	C7
91	F47C	022C	C7
91	F47C	0230	CF
91	F47C	0234	CF
91	F47C	0238	CF
91	F47C	023C	CF
91	F47C	026C	1F
91	F47C	02A0	25
91	F47C	02D4	27
91	F47C	0248	2D
91	F47C	027C	2D
91	F47C	02B0	31
91	F47C	02E4	31
91	F47C	0258	35
91	F47C	028C	39
91	F47C	02C0	40
91	D144	02F4	F4
91	D144	0268	F4
91	D144	029C	F4
91	D144	02D0	F4
91	D144	0244	F4
91	D144	0278	F4
91	D144	02AC	F4
91	D144	02E0	F4
91	D144	0254	F4
91	D144	0288	F4
91	D144	02BC	F4
91	D144	02F0	F4
91	D144	0264	F4
91	D144	0298	F4
91	D144	02CC	F4
91	D144	0240	F4
91	D144	0274	F4
91	D144	02A8	F4
91	D144	02DC	F4
91	D144	0250	F4
91	D144	0284	F4
91	D144	02B8	F4
91	D144	02EC	F4
91	D144	0260	F4
91	D144	0294	F4
91	D144	02C8	F4
91	D144	02FC	F4
91	D144	0270	F4
91	D144	02A4	F4
91	D144	02D8	F4
91	D144	024C	F4
91	D144	0280	F4
91	D144	02B4	F4
91	D144	02E8	F4
91	D144	025C	F4
91	D144	0290	F4
91	D144	02C4	F4
91	D144	02F8	F4
92	F47C	0200	B7
92	F47C	0204	B7
92	F47C	0208	B7
92	F47C	020C	B7
92	F47C	0210	BF
92	F47C	0214	BF
92	F47C	0218	BF
92	F47C	021C	BF
92	F47C	0220	C7
92	F47C	0224	C7
92	F47C	0228	C7
92	F47C	022C	C7
92	F47C	0230	CF
92	F47C	0234	CF
92	F47C	0238	CF
92	F47C	023C	CF
92	F47C	0260	1F
92	F47C	0294	25
92	F47C	02C8	27
92	F47C	02FC	2D
92	F47C	0270	2D
92	F47C	02A4	31
92	F47C	02D8	31
92	F47C	024C	35
92	F47C	0280	39
92	F47C	02B4	40
92	D144	02E8	F4
92	D144	025C	F4
92	D144	0290	F4
92	D144	02C4	F4
92	D144	02F8	F4
92	D144	026C	F4
92	D144	02A0	F4
92	D144	02D4	F4
92	D144	0248	F4
92	D144	027C	F4
92	D144	02B0	F4
92	D144	02E4	F4
92	D144	0258	F4
92	D144	028C	F4
92	D144	02C0	F4
92	D144	02F4	F4
92	D144	0268	F4
92	D144	029C	F4
92	D144	02D0	F4
92	D144	0244	F4
92	D144	0278	F4
92	D144	02AC	F4
92	D144	02E0	F4
92	D144	0254	F4
92	D144	0288	F4
92	D144	02BC	F4
92	D144	02F0	F4
92	D144	0264	F4
92	D144	0298	F4
92	D144	02CC	F4
92	D144	0240	F4
92	D144	0274	F4
92	D144	02A8	F4
92	D144	02DC	F4
92	D144	0250	F4
92	D144	0284	F4
92	D144	02B8	F4
92	D144	02EC	F4
93	F47C	0200	B7
93	F47C	0204	B7
93	F47C	0208	B7
93	F47C	020C	B7
93	F47C	0210	BF
93	F47C	0214	BF
93	F47C	0218	BF
93	F47C	021C	BF
93	F47C	0220	C7
93	F47C	0224	C7
93	F47C	0228	C7
93	F47C	022C	C7
93	F47C	0230	CF
93	F47C	0234	CF
93	F47C	0238	CF
93	F47C	023C	CF
93	F47C	0294	1F
93	F47C	02C8	25
93	F47C	02FC	27
93	F47C	0270	2D
93	F47C	02A4	2D
93	F47C	02D8	31
93	F47C	024C	31
93	F47C	0280	35
93	F47C	02B4	39
93	F47C	02E8	40
93	D144	025C	F4
93	D144	0290	F4
93	D144	02C4	F4
93	D144	02F8	F4
93	D144	026C	F4
93	D144	02A0	F4
93	D144	02D4	F4
93	D144	0248	F4
93	D144	027C	F4
93	D144	02B0	F4
93	D144	02E4	F4
93	D144	0258	F4
93	D144	028C	F4
93	D144	02C0	F4
93	D144	02F4	F4
93	D144	0268	F4
93	D144	029C	F4
93	D144	02D0	F4
93	D144	0244	F4
93	D144	0278	F4
93	D144	02AC	F4
93	D144	02E0	F4
93	D144	0254	F4
93	D144	0288	F4
93	D144	02BC	F4
93	D144	02F0	F4
93	D144	0264	F4
93	D144	0298	F4
93	D144	02CC	F4
93	D144	0240	F4
93	D144	0274	F4
93	D144	02A8	F4
93	D144	02DC	F4
93	D144	0250	F4
93	D144	0284	F4
93	D144	02B8	F4
93	D144	02EC	F4
93	D144	0260	F4
94	F47C	0200	B7
94	F47C	0204	B7
94	F47C	0208	B7
94	F47C	020C	B7
94	F47C	0210	BF
94	F47C	0214	BF
94	F47C	0218	BF
94	F47C	021C	BF
94	F47C	0220	C7
94	F47C	0224	C7
94	F47C	0228	C7
94	F47C	022C	C7
94	F47C	0230	CF
94	F47C	0234	CF
94	F47C	0238	CF
94	F47C	023C	CF
94	F47C	02C8	1F
94	F47C	02FC	25
94	F47C	0270	27
94	F47C	02A4	2D
94	F47C	02D8	2D
94	F47C	024C	31
94	F47C	0280	31
94	F47C	02B4	35
94	F47C	02E8	39
94	F47C	025C	40
94	D144	0290	F4
94	D144	02C4	F4
94	D144	02F8	F4
94	D144	026C	F4
94	D144	02A0	F4
94	D144	02D4	F4
94	D144	0248	F4
94	D144	027C	F4
94	D144	02B0	F4
94	D144	02E4	F4
94	D144	0258	F4
94	D144	028C	F4
94	D144	02C0	F4
94	D144	02F4	F4
94	D144	0268	F4
94	D144	029C	F4
94	D144	02D0	F4
94	D144	0244	F4
94	D144	0278	F4
94	D144	02AC	F4
94	D144	02E0	F4
94	D144	0254	F4
94	D144	0288	F4
94	D144	02BC	F4
94	D144	02F0	F4
94	D144	0264	F4
94	D144	0298	F4
94	D144	02CC	F4
94	D144	0240	F4
94	D144	0274	F4
94	D144	02A8	F4
94	D144	02DC	F4
94	D144	0250	F4
94	D144	0284	F4
94	D144	02B8	F4
94	D144	02EC	F4
94	D144	0260	F4
94	D144	0294	F4
95	F47C	0200	B7
95	F47C	0204	B7
95	F47C	0208	B7
95	F47C	020C	B7
95	F47C	0210	BF
95	F47C	0214	BF
95	F47C	0218	BF
95	F47C	021C	BF
95	F47C	0220	C7
95	F47C	0224	C7
95	F47C	0228	C7
95	F47C	022C	C7
95	F47C	0230	CF
95	F47C	0234	CF
95	F47C	0238	CF
95	F47C	023C	CF
95	F47C	02FC	1F
95	F47C	0270	25
95	F47C	02A4	27
95	F47C	02D8	2D
95	F47C	024C	2D
95	F47C	0280	31
95	F47C	02B4	31
95	F47C	02E8	35
95	F47C	025C	39
95	F47C	0290	40
95	D144	02C4	F4
95	D144	02F8	F4
95	D144	026C	F4
95	D144	02A0	F4
95	D144	02D4	F4
95	D144	0248	F4
95	D144	027C	F4
95	D144	02B0	F4
95	D144	02E4	F4
95	D144	0258	F4
95	D144	028C	F4
95	D144	02C0	F4
95	D144	02F4	F4
95	D144	0268	F4
95	D144	029C	F4
95	D144	02D0	F4
95	D144	0244	F4
95	D144	0278	F4
95	D144	02AC	F4
95	D144	02E0	F4
95	D144	0254	F4
95	D144	0288	F4
95	D144	02BC	F4
95	D144	02F0	F4
95	D144	0264	F4
95	D144	0298	F4
95	D144	02CC	F4
95	D144	0240	F4
95	D144	0274	F4
95	D144	02A8	F4
95	D144	02DC	F4
95	D144	0250	F4
95	D144	0284	F4
95	D144	02B8	F4
95	D144	02EC	F4
95	D144	0260	F4
95	D144	0294	F4
95	D144	02C8	F4
96	F47C	0200	B7
96	F47C	0204	B7
96	F47C	0208	B7
96	F47C	020C	B7
96	F47C	0210	BF
96	F47C	0214	BF
96	F47C	0218	BF
96	F47C	021C	BF
96	F47C	0220	C7
96	F47C	0224	C7
96	F47C	0228	C7
96	F47C	022C	C7
96	F47C	0230	CF
96	F47C	0234	CF
96	F47C	0238	CF
96	F47C	023C	CF
96	F47C	0270	1F
96	F47C	02A4	25
96	F47C	02D8	27
96	F47C	024C	2D
96	F47C	0280	2D
96	F47C	02B4	31
96	F47C	02E8	31
96	F47C	025C	35
96	F47C	0290	39
96	F47C	02C4	40
96	D144	02F8	F4
96	D144	026C	F4
96	D144	02A0	F4
96	D144	02D4	F4
96	D144	0248	F4
96	D144	027C	F4
96	D144	02B0	F4
96	D144	02E4	F4
96	D144	0258	F4
96	D144	028C	F4
96	D144	02C0	F4
96	D144	02F4	F4
96	D144	0268	F4
96	D144	029C	F4
96	D144	02D0	F4
96	D144	0244	F4
96	D144	0278	F4
96	D144	02AC	F4
96	D144	02E0	F4
96	D144	0254	F4
96	D144	0288	F4
96	D144	02BC	F4
96	D144	02F0	F4
96	D144	0264	F4
96	D144	0298	F4
96	D144	02CC	F4
96	D144	0240	F4
96	D144	0274	F4
96	D144	02A8	F4
96	D144	02DC	F4
96	D144	0250	F4
96	D144	0284	F4
96	D144	02B8	F4
96	D144	02EC	F4
96	D144	0260	F4
96	D144	0294	F4
96	D144	02C8	F4
96	D144	02FC	F4
97	F47C	0200	B7
97	F47C	0204	B7
97	F47C	0208	B7
97	F47C	020C	B7
97	F47C	0210	BF
97	F47C	0214	BF
97	F47C	0218	BF
97	F47C	021C	BF
97	F47C	0220	C7
97	F47C	0224	C7
97	F47C	0228	C7
97	F47C	022C	C7
97	F47C	0230	CF
97	F47C	0234	CF
97	F47C	0238	CF
97	F47C	023C	CF
97	F47C	0264	1F
97	F47C	0298	25
97	F47C	02CC	27
97	F47C	0240	2D
97	F47C	0274	2D
97	F47C	02A8	31
97	F47C	02DC	31
97	F47C	0250	35
97	F47C	0284	39
97	F47C	02B8	40
97	D144	02EC	F4
97	D144	0260	F4
97	D144	0294	F4
97	D144	02C8	F4
97	D144	02FC	F4
97	D144	0270	F4
97	D144	02A4	F4
97	D144	02D8	F4
97	D144	024C	F4
97	D144	0280	F4
97	D144	02B4	F4
97	D144	02E8	F4
97	D144	025C	F4
97	D144	0290	F4
97	D144	02C4	F4
97	D144	02F8	F4
97	D144	026C	F4
97	D144	02A0	F4
97	D144	02D4	F4
97	D144	0248	F4
97	D144	027C	F4
97	D144	02B0	F4
97	D144	02E4	F4
97	D144	0258	F4
97	D144	028C	F4
97	D144	02C0	F4
97	D144	02F4	F4
97	D144	0268	F4
97	D144	029C	F4
97	D144	02D0	F4
97	D144	0244	F4
97	D144	0278	F4
97	D144	02AC	F4
97	D144	02E0	F4
97	D144	0254	F4
97	D144	0288	F4
97	D144	02BC	F4
97	D144	02F0	F4
98	F47C	0200	B7
98	F47C	0204	B7
98	F47C	0208	B7
98	F47C	020C	B7
98	F47C	0210	BF
98	F47C	0214	BF
98	F47C	0218	BF
98	F47C	021C	BF
98	F47C	0220	C7
98	F47C	0224	C7
98	F47C	0228	C7
98	F47C	022C	C7
98	F47C	0230	CF
98	F47C	0234	CF
98	F47C	0238	CF
98	F47C	023C	CF
98	F47C	0298	1F
98	F47C	02CC	25
98	F47C	0240	27
98	F47C	0274	2D
98	F47C	02A8	2D
98	F47C	02DC	31
98	F47C	0250	31
98	F47C	0284	35
98	F47C	02B8	39
98	F47C	02EC	40
98	D144	0260	F4
98	D144	0294	F4
98	D144	02C8	F4
98	D144	02FC	F4
98	D144	0270	F4
98	D144	02A4	F4
98	D144	02D8	F4
98	D144	024C	F4
98	D144	0280	F4
98	D144	02B4	F4
98	D144	02E8	F4
98	D144	025C	F4
98	D144	0290	F4
98	D144	02C4	F4
98	D144	02F8	F4
98	D144	026C	F4
98	D144	02A0	F4
98	D144	02D4	F4
98	D144	0248	F4
98	D144	027C	F4
98	D144	02B0	F4
98	D144	02E4	F4
98	D144	0258	F4
98	D144	028C	F4
98	D144	02C0	F4
98	D144	02F4	F4
98	D144	0268	F4
98	D144	029C	F4
98	D144	02D0	F4
98	D144	0244	F4
98	D144	0278	F4
98	D144	02AC	F4
98	D144	02E0	F4
98	D144	0254	F4
98	D144	0288	F4
98	D144	02BC	F4
98	D144	02F0	F4
98	D144	0264	F4
99	F47C	0200	B7
99	F47C	0204	B7
99	F47C	0208	B7
99	F47C	020C	B7
99	F47C	0210	BF
99	F47C	0214	BF
99	F47C	0218	BF
99	F47C	021C	BF
99	F47C	0220	C7
99	F47C	0224	C7
99	F47C	0228	C7
99	F47C	022C	C7
99	F47C	0230	CF
99	F47C	0234	CF
99	F47C	0238	CF
99	F47C	023C	CF
99	F47C	02CC	1F
99	F47C	0240	25
99	F47C	0274	27
99	F47C	02A8	2D
99	F47C	02DC	2D
99	F47C	0250	31
99	F47C	0284	31
99	F47C	02B8	35
99	F47C	02EC	39
99	F47C	0260	40
99	D144	0294	F4
99	D144	02C8	F4
99	D144	02FC	F4
99	D144	0270	F4
99	D144	02A4	F4
99	D144	02D8	F4
99	D144	024C	F4
99	D144	0280	F4
99	D144	02B4	F4
99	D144	02E8	F4
99	D144	025C	F4
99	D144	0290	F4
99	D144	02C4	F4
99	D144	02F8	F4
99	D144	026C	F4
99	D144	02A0	F4
99	D144	02D4	F4
99	D144	0248	F4
99	D144	027C	F4
99	D144	02B0	F4
99	D144	02E4	F4
99	D144	0258	F4
99	D144	028C	F4
99	D144	02C0	F4
99	D144	02F4	F4
99	D144	0268	F4
99	D144	029C	F4
99	D144	02D0	F4
99	D144	0244	F4
99	D144	0278	F4
99	D144	02AC	F4
99	D144	02E0	F4
99	D144	0254	F4
99	D144	0288	F4
99	D144	02BC	F4
99	D144	02F0	F4
99	D144	0264	F4
99	D144	0298	F4
100	F47C	0200	B7
100	F47C	0204	B7
100	F47C	0208	B7
100	F47C	020C	B7
100	F47C	0210	BF
100	F47C	0214	BF
100	F47C	0218	BF
100	F47C	021C	BF
100	F47C	0220	C7
100	F47C	0224	C7
100	F47C	0228	C7
100	F47C	022C	C7
100	F47C	0230	CF
100	F47C	0234	CF
100	F47C	0238	CF
100	F47C	023C	CF
100	F47C	0240	1F
100	F47C	0274	25
100	F47C	02A8	27
100	F47C	02DC	2D
100	F47C	0250	2D
100	F47C	0284	31
100	F47C	02B8	31
100	F47C	02EC	35
100	F47C	0260	39
100	F47C	0294	40
100	D144	02C8	F4
100	D144	02FC	F4
100	D144	0270	F4
100	D144	02A4	F4
100	D144	02D8	F4
100	D144	024C	F4
100	D144	0280	F4
100	D144	02B4	F4
100	D144	02E8	F4
100	D144	025C	F4
100	D144	0290	F4
100	D144	02C4	F4
100	D144	02F8	F4
100	D144	026C	F4
100	D144	02A0	F4
100	D144	02D4	F4
100	D144	0248	F4
100	D144	027C	F4
100	D144	02B0	F4
100	D144	02E4	F4
100	D144	0258	F4
100	D144	028C	F4
100	D144	02C0	F4
100	D144	02F4	F4
100	D144	0268	F4
100	D144	029C	F4
100	D144	02D0	F4
100	D144	0244	F4
100	D144	0278	F4
100	D144	02AC	F4
100	D144	02E0	F4
100	D144	0254	F4
100	D144	0288	F4
100	D144	02BC	F4
100	D144	02F0	F4
100	D144	0264	F4
100	D144	0298	F4
100	D144	02CC	F4
101	F47C	0200	B7
101	F47C	0204	B7
101	F47C	0208	B7
101	F47C	020C	B7
101	F47C	0210	BF
101	F47C	0214	BF
101	F47C	0218	BF
101	F47C	021C	BF
101	F47C	0220	C7
101	F47C	0224	C7
101	F47C	0228	C7
101	F47C	022C	C7
101	F47C	0230	CF
101	F47C	0234	CF
101	F47C	0238	CF
101	F47C	023C	CF
101	F47C	0274	1F
101	F47C	02A8	25
101	F47C	02DC	27
101	F47C	0250	2D
101	F47C	0284	2D
101	F47C	02B8	31
101	F47C	02EC	31
101	F47C	0260	35
101	F47C	0294	39
101	F47C	02C8	40
101	D144	02FC	F4
101	D144	0270	F4
101	D144	02A4	F4
101	D144	02D8	F4
101	D144	024C	F4
101	D144	0280	F4
101	D144	02B4	F4
101	D144	02E8	F4
101	D144	025C	F4
101	D144	0290	F4
101	D144	02C4	F4
101	D144	02F8	F4
101	D144	026C	F4
101	D144	02A0	F4
101	D144	02D4	F4
101	D144	0248	F4
101	D144	027C	F4
101	D144	02B0	F4
101	D144	02E4	F4
101	D144	0258	F4
101	D144	028C	F4
101	D144	02C0	F4
101	D144	02F4	F4
101	D144	0268	F4
101	D144	029C	F4
101	D144	02D0	F4
101	D144	0244	F4
101	D144	0278	F4
101	D144	02AC	F4
101	D144	02E0	F4
101	D144	0254	F4
101	D144	0288	F4
101	D144	02BC	F4
101	D144	02F0	F4
101	D144	0264	F4
101	D144	0298	F4
101	D144	02CC	F4
101	D144	0240	F4
102	F47C	0200	B7
102	F47C	0204	B7
102	F47C	0208	B7
102	F47C	020C	B7
102	F47C	0210	BF
102	F47C	0214	BF
102	F47C	0218	BF
102	F47C	021C	BF
102	F47C	0220	C7
102	F47C	0224	C7
102	F47C	0228	C7
102	F47C	022C	C7
102	F47C	0230	CF
102	F47C	0234	CF
102	F47C	0238	CF
102	F47C	023C	CF
102	F47C	0268	1F
102	F47C	029C	25
102	F47C	02D0	27
102	F47C	0244	2D
102	F47C	0278	2D
102	F47C	02AC	31
102	F47C	02E0	31
102	F47C	0254	35
102	F47C	0288	39
102	F47C	02BC	40
102	D144	02F0	F4
102	D144	0264	F4
102	D144	0298	F4
102	D144	02CC	F4
102	D144	0240	F4
102	D144	0274	F4
102	D144	02A8	F4
102	D144	02DC	F4
102	D144	0250	F4
102	D144	0284	F4
102	D144	02B8	F4
102	D144	02EC	F4
102	D144	0260	F4
102	D144	0294	F4
102	D144	02C8	F4
102	D144	02FC	F4
102	D144	0270	F4
102	D144	02A4	F4
102	D144	02D8	F4
102	D144	024C	F4
102	D144	0280	F4
102	D144	02B4	F4
102	D144	02E8	F4
102	D144	025C	F4
102	D144	0290	F4
102	D144	02C4	F4
102	D144	02F8	F4
102	D144	026C	F4
102	D144	02A0	F4
102	D144	02D4	F4
102	D144	0248	F4
102	D144	027C	F4
102	D144	02B0	F4
102	D144	02E4	F4
102	D144	0258	F4
102	D144	028C	F4
102	D144	02C0	F4
102	D144	02F4	F4
103	F47C	0200	B7
103	F47C	0204	B7
103	F47C	0208	B7
103	F47C	020C	B7
103	F47C	0210	BF
103	F47C	0214	BF
103	F47C	0218	BF
103	F47C	021C	BF
103	F47C	0220	C7
103	F47C	0224	C7
103	F47C	0228	C7
103	F47C	022C	C7
103	F47C	0230	CF
103	F47C	0234	CF
103	F47C	0238	CF
103	F47C	023C	CF
103	F47C	029C	1F
103	F47C	02D0	25
103	F47C	0244	27
103	F47C	0278	2D
103	F47C	02AC	2D
103	F47C	02E0	31
103	F47C	0254	31
103	F47C	0288	35
103	F47C	02BC	39
103	F47C	02F0	40
103	D144	0264	F4
103	D144	0298	F4
103	D144	02CC	F4
103	D144	0240	F4
103	D144	0274	F4
103	D144	02A8	F4
103	D144	02DC	F4
103	D144	0250	F4
103	D144	0284	F4
103	D144	02B8	F4
103	D144	02EC	F4
103	D144	0260	F4
103	D144	0294	F4
103	D144	02C8	F4
103	D144	02FC	F4
103	D144	0270	F4
103	D144	02A4	F4
103	D144	02D8	F4
103	D144	024C	F4
103	D144	0280	F4
103	D144	02B4	F4
103	D144	02E8	F4
103	D144	025C	F4
103	D144	0290	F4
103	D144	02C4	F4
103	D144	02F8	F4
103	D144	026C	F4
103	D144	02A0	F4
103	D144	02D4	F4
103	D144	0248	F4
103	D144	027C	F4
103	D144	02B0	F4
103	D144	02E4	F4
103	D144	0258	F4
103	D144	028C	F4
103	D144	02C0	F4
103	D144	02F4	F4
103	D144	0268	F4
104	F47C	0200	B7
104	F47C	0204	B7
104	F47C	0208	B7
104	F47C	020C	B7
104	F47C	0210	BF
104	F47C	0214	BF
104	F47C	0218	BF
104	F47C	021C	BF
104	F47C	0220	C7
104	F47C	0224	C7
104	F47C	0228	C7
104	F47C	022C	C7
104	F47C	0230	CF
104	F47C	0234	CF
104	F47C	0238	CF
104	F47C	023C	CF
104	F47C	02D0	1F
104	F47C	0244	25
104	F47C	0278	27
104	F47C	02AC	2D
104	F47C	02E0	2D
104	F47C	0254	31
104	F47C	0288	31
104	F47C	02BC	35
104	F47C	02F0	39
104	F47C	0264	40
104	D144	0298	F4
104	D144	02CC	F4
104	D144	0240	F4
104	D144	0274	F4
104	D144	02A8	F4
104	D144	02DC	F4
104	D144	0250	F4
104	D144	0284	F4
104	D144	02B8	F4
104	D144	02EC	F4
104	D144	0260	F4
104	D144	0294	F4
104	D144	02C8	F4
104	D144	02FC	F4
104	D144	0270	F4
104	D144	02A4	F4
104	D144	02D8	F4
104	D144	024C	F4
104	D144	0280	F4
104	D144	02B4	F4
104	D144	02E8	F4
104	D144	025C	F4
104	D144	0290	F4
104	D144	02C4	F4
104	D144	02F8	F4
104	D144	026C	F4
104	D144	02A0	F4
104	D144	02D4	F4
104	D144	0248	F4
104	D144	027C	F4
104	D144	02B0	F4
104	D144	02E4	F4
104	D144	0258	F4
104	D144	028C	F4
104	D144	02C0	F4
104	D144	02F4	F4
104	D144	0268	F4
104	D144	029C	F4
105	F47C	0200	B7
105	F47C	0204	B7
105	F47C	0208	B7
105	F47C	020C	B7
105	F47C	0210	BF
105	F47C	0214	BF
105	F47C	0218	BF
105	F47C	021C	BF
105	F47C	0220	C7
105	F47C	0224	C7
105	F47C	0228	C7
105	F47C	022C	C7
105	F47C	0230	CF
105	F47C	0234	CF
105	F47C	0238	CF
105	F47C	023C	CF
105	F47C	0244	1F
105	F47C	0278	25
105	F47C	02AC	27
105	F47C	02E0	2D
105	F47C	0254	2D
105	F47C	0288	31
105	F47C	02BC	31
105	F47C	02F0	35
105	F47C	0264	39
105	F47C	0298	40
105	D144	02CC	F4
105	D144	0240	F4
105	D144	0274	F4
105	D144	02A8	F4
105	D144	02DC	F4
105	D144	0250	F4
105	D144	0284	F4
105	D144	02B8	F4
105	D144	02EC	F4
105	D144	0260	F4
105	D144	0294	F4
105	D144	02C8	F4
105	D144	02FC	F4
105	D144	0270	F4
105	D144	02A4	F4
105	D144	02D8	F4
105	D144	024C	F4
105	D144	0280	F4
105	D144	02B4	F4
105	D144	02E8	F4
105	D144	025C	F4
105	D144	0290	F4
105	D144	02C4	F4
105	D144	02F8	F4
105	D144	026C	F4
105	D144	02A0	F4
105	D144	02D4	F4
105	D144	0248	F4
105	D144	027C	F4
105	D144	02B0	F4
105	D144	02E4	F4
105	D144	0258	F4
105	D144	028C	F4
105	D144	02C0	F4
105	D144	02F4	F4
105	D144	0268	F4
105	D144	029C	F4
105	D144	02D0	F4
106	F47C	0200	B7
106	F47C	0204	B7
106	F47C	0208	B7
106	F47C	020C	B7
106	F47C	0210	BF
106	F47C	0214	BF
106	F47C	0218	BF
106	F47C	021C	BF
106	F47C	0220	C7
106	F47C	0224	C7
106	F47C	0228	C7
106	F47C	022C	C7
106	F47C	0230	CF
106	F47C	0234	CF
106	F47C	0238	CF
106	F47C	023C	CF
106	F47C	0278	1F
106	F47C	02AC	25
106	F47C	02E0	27
106	F47C	0254	2D
106	F47C	0288	2D
106	F47C	02BC	31
106	F47C	02F0	31
106	F47C	0264	35
106	F47C	0298	39
106	F47C	02CC	40
106	D144	0240	F4
106	D144	0274	F4
106	D144	02A8	F4
106	D144	02DC	F4
106	D144	0250	F4
106	D144	0284	F4
106	D144	02B8	F4
106	D144	02EC	F4
106	D144	0260	F4
106	D144	0294	F4
106	D144	02C8	F4
106	D144	02FC	F4
106	D144	0270	F4
106	D144	02A4	F4
106	D144	02D8	F4
106	D144	024C	F4
106	D144	0280	F4
106	D144	02B4	F4
106	D144	02E8	F4
106	D144	025C	F4
106	D144	0290	F4
106	D144	02C4	F4
106	D144	02F8	F4
106	D144	026C	F4
106	D144	02A0	F4
106	D144	02D4	F4
106	D144	0248	F4
106	D144	027C	F4
106	D144	02B0	F4
106	D144	02E4	F4
106	D144	0258	F4
106	D144	028C	F4
106	D144	02C0	F4
106	D144	02F4	F4
106	D144	0268	F4
106	D144	029C	F4
106	D144	02D0	F4
106	D144	0244	F4
107	F47C	0200	B7
107	F47C	0204	B7
107	F47C	0208	B7
107	F47C	020C	B7
107	F47C	0210	BF
107	F47C	0214	BF
107	F47C	0218	BF
107	F47C	021C	BF
107	F47C	0220	C7
107	F47C	0224	C7
107	F47C	0228	C7
107	F47C	022C	C7
107	F47C	0230	CF
107	F47C	0234	CF
107	F47C	0238	CF
107	F47C	023C	CF
107	F47C	026C	1F
107	F47C	02A0	25
107	F47C	02D4	27
107	F47C	0248	2D
107	F47C	027C	2D
107	F47C	02B0	31
107	F47C	02E4	31
107	F47C	0258	35
107	F47C	028C	39
107	F47C	02C0	40
107	D144	02F4	F4
107	D144	0268	F4
107	D144	029C	F4
107	D144	02D0	F4
107	D144	0244	F4
107	D144	0278	F4
107	D144	02AC	F4
107	D144	02E0	F4
107	D144	0254	F4
107	D144	0288	F4
107	D144	02BC	F4
107	D144	02F0	F4
107	D144	0264	F4
107	D144	0298	F4
107	D144	02CC	F4
107	D144	0240	F4
107	D144	0274	F4
107	D144	02A8	F4
107	D144	02DC	F4
107	D144	0250	F4
107	D144	0284	F4
107	D144	02B8	F4
107	D144	02EC	F4
107	D144	0260	F4
107	D144	0294	F4
107	D144	02C8	F4
107	D144	02FC	F4
107	D144	0270	F4
107	D144	02A4	F4
107	D144	02D8	F4
107	D144	024C	F4
107	D144	0280	F4
107	D144	02B4	F4
107	D144	02E8	F4
107	D144	025C	F4
107	D144	0290	F4
107	D144	02C4	F4
107	D144	02F8	F4
108	F47C	0200	B7
108	F47C	0204	B7
108	F47C	0208	B7
108	F47C	020C	B7
108	F47C	0210	BF
108	F47C	0214	BF
108	F47C	0218	BF
108	F47C	021C	BF
108	F47C	0220	C7
108	F47C	0224	C7
108	F47C	0228	C7
108	F47C	022C	C7
108	F47C	0230	CF
108	F47C	0234	CF
108	F47C	0238	CF
108	F47C	023C	CF
108	F47C	02A0	1F
108	F47C	02D4	25
108	F47C	0248	27
108	F47C	027C	2D
108	F47C	02B0	2D
108	F47C	02E4	31
108	F47C	0258	31
108	F47C	028C	35
108	F47C	02C0	39
108	F47C	02F4	40
108	D144	0268	F4
108	D144	029C	F4
108	D144	02D0	F4
108	D144	0244	F4
108	D144	0278	F4
108	D144	02AC	F4
108	D144	02E0	F4
108	D144	0254	F4
108	D144	0288	F4
108	D144	02BC	F4
108	D144	02F0	F4
108	D144	0264	F4
108	D144	0298	F4
108	D144	02CC	F4
108	D144	0240	F4
108	D144	0274	F4
108	D144	02A8	F4
108	D144	02DC	F4
108	D144	0250	F4
108	D144	0284	F4
108	D144	02B8	F4
108	D144	02EC	F4
108	D144	0260	F4
108	D144	0294	F4
108	D144	02C8	F4
108	D144	02FC	F4
108	D144	0270	F4
108	D144	02A4	F4
108	D144	02D8	F4
108	D144	024C	F4
108	D144	0280	F4
108	D144	02B4	F4
108	D144	02E8	F4
108	D144	025C	F4
108	D144	0290	F4
108	D144	02C4	F4
108	D144	02F8	F4
108	D144	026C	F4
109	F47C	0200	B7
109	F47C	0204	B7
109	F47C	0208	B7
109	F47C	020C	B7
109	F47C	0210	BF
109	F47C	0214	BF
109	F47C	0218	BF
109	F47C	021C	BF
109	F47C	0220	C7
109	F47C	0224	C7
109	F47C	0228	C7
109	F47C	022C	C7
109	F47C	0230	CF
109	F47C	0234	CF
109	F47C	0238	CF
109	F47C	023C	CF
109	F47C	02D4	1F
109	F47C	0248	25
109	F47C	027C	27
109	F47C	02B0	2D
109	F47C	02E4	2D
109	F47C	0258	31
109	F47C	028C	31
109	F47C	02C0	35
109	F47C	02F4	39
109	F47C	0268	40
109	D144	029C	F4
109	D144	02D0	F4
109	D144	0244	F4
109	D144	0278	F4
109	D144	02AC	F4
109	D144	02E0	F4
109	D144	0254	F4
109	D144	0288	F4
109	D144	02BC	F4
109	D144	02F0	F4
109	D144	0264	F4
109	D144	0298	F4
109	D144	02CC	F4
109	D144	0240	F4
109	D144	0274	F4
109	D144	02A8	F4
109	D144	02DC	F4
109	D144	0250	F4
109	D144	0284	F4
109	D144	02B8	F4
109	D144	02EC	F4
109	D144	0260	F4
109	D144	0294	F4
109	D144	02C8	F4
109	D144	02FC	F4
109	D144	0270	F4
109	D144	02A4	F4
109	D144	02D8	F4
109	D144	024C	F4
109	D144	0280	F4
109	D144	02B4	F4
109	D144	02E8	F4
109	D144	025C	F4
109	D144	0290	F4
109	D144	02C4	F4
109	D144	02F8	F4
109	D144	026C	F4
109	D144	02A0	F4
110	F47C	0200	B7
110	F47C	0204	B7
110	F47C	0208	B7
110	F47C	020C	B7
110	F47C	0210	BF
110	F47C	0214	BF
110	F47C	0218	BF
110	F47C	021C	BF
110	F47C	0220	C7
110	F47C	0224	C7
110	F47C	0228	C7
110	F47C	022C	C7
110	F47C	0230	CF
110	F47C	0234	CF
110	F47C	0238	CF
110	F47C	023C	CF
110	F47C	0248	1F
110	F47C	027C	25
110	F47C	02B0	27
110	F47C	02E4	2D
110	F47C	0258	2D
110	F47C	028C	31
110	F47C	02C0	31
110	F47C	02F4	35
110	F47C	0268	39
110	F47C	029C	40
110	D144	02D0	F4
110	D144	0244	F4
110	D144	0278	F4
110	D144	02AC	F4
110	D144	02E0	F4
110	D144	0254	F4
110	D144	0288	F4
110	D144	02BC	F4
110	D144	02F0	F4
110	D144	0264	F4
110	D144	0298	F4
110	D144	02CC	F4
110	D144	0240	F4
110	D144	0274	F4
110	D144	02A8	F4
110	D144	02DC	F4
110	D144	0250	F4
110	D144	0284	F4
110	D144	02B8	F4
110	D144	02EC	F4
110	D144	0260	F4
110	D144	0294	F4
110	D144	02C8	F4
110	D144	02FC	F4
110	D144	0270	F4
110	D144	02A4	F4
110	D144	02D8	F4
110	D144	024C	F4
110	D144	0280	F4
110	D144	02B4	F4
110	D144	02E8	F4
110	D144	025C	F4
110	D144	0290	F4
110	D144	02C4	F4
110	D144	02F8	F4
110	D144	026C	F4
110	D144	02A0	F4
110	D144	02D4	F4
111	F47C	0200	B7
111	F47C	0204	B7
111	F47C	0208	B7
111	F47C	020C	B7
111	F47C	0210	BF
111	F47C	0214	BF
111	F47C	0218	BF
111	F47C	021C	BF
111	F47C	0220	C7
111	F47C	0224	C7
111	F47C	0228	C7
111	F47C	022C	C7
111	F47C	0230	CF
111	F47C	0234	CF
111	F47C	0238	CF
111	F47C	023C	CF
111	F47C	027C	1F
111	F47C	02B0	25
111	F47C	02E4	27
111	F47C	0258	2D
111	F47C	028C	2D
111	F47C	02C0	31
111	F47C	02F4	31
111	F47C	0268	35
111	F47C	029C	39
111	F47C	02D0	40
111	D144	0244	F4
111	D144	0278	F4
111	D144	02AC	F4
111	D144	02E0	F4
111	D144	0254	F4
111	D144	0288	F4
111	D144	02BC	F4
111	D144	02F0	F4
111	D144	0264	F4
111	D144	0298	F4
111	D144	02CC	F4
111	D144	0240	F4
111	D144	0274	F4
111	D144	02A8	F4
111	D144	02DC	F4
111	D144	0250	F4
111	D144	0284	F4
111	D144	02B8	F4
111	D144	02EC	F4
111	D144	0260	F4
111	D144	0294	F4
111	D144	02C8	F4
111	D144	02FC	F4
111	D144	0270	F4
111	D144	02A4	F4
111	D144	02D8	F4
111	D144	024C	F4
111	D144	0280	F4
111	D144	02B4	F4
111	D144	02E8	F4
111	D144	025C	F4
111	D144	0290	F4
111	D144	02C4	F4
111	D144	02F8	F4
111	D144	026C	F4
111	D144	02A0	F4
111	D144	02D4	F4
111	D144	0248	F4
112	F47C	0200	B7
112	F47C	0204	B7
112	F47C	0208	B7
112	F47C	020C	B7
112	F47C	0210	BF
112	F47C	0214	BF
112	F47C	0218	BF
112	F47C	021C	BF
112	F47C	0220	C7
112	F47C	0224	C7
112	F47C	0228	C7
112	F47C	022C	C7
112	F47C	0230	CF
112	F47C	0234	CF
112	F47C	0238	CF
112	F47C	023C	CF
112	F47C	0270	1F
112	F47C	02A4	25
112	F47C	02D8	27
112	F47C	024C	2D
112	F47C	0280	2D
112	F47C	02B4	31
112	F47C	02E8	31
112	F47C	025C	35
112	F47C	0290	39
112	F47C	02C4	40
112	D144	02F8	F4
112	D144	026C	F4
112	D144	02A0	F4
112	D144	02D4	F4
112	D144	0248	F4
112	D144	027C	F4
112	D144	02B0	F4
112	D144	02E4	F4
112	D144	0258	F4
112	D144	028C	F4
112	D144	02C0	F4
112	D144	02F4	F4
112	D144	0268	F4
112	D144	029C	F4
112	D144	02D0	F4
112	D144	0244	F4
112	D144	0278	F4
112	D144	02AC	F4
112	D144	02E0	F4
112	D144	0254	F4
112	D144	0288	F4
112	D144	02BC	F4
112	D144	02F0	F4
112	D144	0264	F4
112	D144	0298	F4
112	D144	02CC	F4
112	D144	0240	F4
112	D144	0274	F4
112	D144	02A8	F4
112	D144	02DC	F4
112	D144	0250	F4
112	D144	0284	F4
112	D144	02B8	F4
112	D144	02EC	F4
112	D144	0260	F4
112	D144	0294	F4
112	D144	02C8	F4
112	D144	02FC	F4
113	F47C	0200	B7
113	F47C	0204	B7
113	F47C	0208	B7
113	F47C	020C	B7
113	F47C	0210	BF
113	F47C	0214	BF
113	F47C	0218	BF
113	F47C	021C	BF
113	F47C	0220	C7
113	F47C	0224	C7
113	F47C	0228	C7
113	F47C	022C	C7
113	F47C	0230	CF
113	F47C	0234	CF
113	F47C	0238	CF
113	F47C	023C	CF
113	F47C	02A4	1F
113	F47C	02D8	25
113	F47C	024C	27
113	F47C	0280	2D
113	F47C	02B4	2D
113	F47C	02E8	31
113	F47C	025C	31
113	F47C	0290	35
113	F47C	02C4	39
113	F47C	02F8	40
113	D144	026C	F4
113	D144	02A0	F4
113	D144	02D4	F4
113	D144	0248	F4
113	D144	027C	F4
113	D144	02B0	F4
113	D144	02E4	F4
113	D144	0258	F4
113	D144	028C	F4
113	D144	02C0	F4
113	D144	02F4	F4
113	D144	0268	F4
113	D144	029C	F4
113	D144	02D0	F4
113	D144	0244	F4
113	D144	0278	F4
113	D144	02AC	F4
113	D144	02E0	F4
113	D144	0254	F4
113	D144	0288	F4
113	D144	02BC	F4
113	D144	02F0	F4
113	D144	0264	F4
113	D144	0298	F4
113	D144	02CC	F4
113	D144	0240	F4
113	D144	0274	F4
113	D144	02A8	F4
113	D144	02DC	F4
113	D144	0250	F4
113	D144	0284	F4
113	D144	02B8	F4
113	D144	02EC	F4
113	D144	0260	F4
113	D144	0294	F4
113	D144	02C8	F4
113	D144	02FC	F4
113	D144	0270	F4
114	F47C	0200	B7
114	F47C	0204	B7
114	F47C	0208	B7
114	F47C	020C	B7
114	F47C	0210	BF
114	F47C	0214	BF
114	F47C	0218	BF
114	F47C	021C	BF
114	F47C	0220	C7
114	F47C	0224	C7
114	F47C	0228	C7
114	F47C	022C	C7
114	F47C	0230	CF
114	F47C	0234	CF
114	F47C	0238	CF
114	F47C	023C	CF
114	F47C	02D8	1F
114	F47C	024C	25
114	F47C	0280	27
114	F47C	02B4	2D
114	F47C	02E8	2D
114	F47C	025C	31
114	F47C	0290	31
114	F47C	02C4	35
114	F47C	02F8	39
114	F47C	026C	40
114	D144	02A0	F4
114	D144	02D4	F4
114	D144	0248	F4
114	D144	027C	F4
114	D144	02B0	F4
114	D144	02E4	F4
114	D144	0258	F4
114	D144	028C	F4
114	D144	02C0	F4
114	D144	02F4	F4
114	D144	0268	F4
114	D144	029C	F4
114	D144	02D0	F4
114	D144	0244	F4
114	D144	0278	F4
114	D144	02AC	F4
114	D144	02E0	F4
114	D144	0254	F4
114	D144	0288	F4
114	D144	02BC	F4
114	D144	02F0	F4
114	D144	0264	F4
114	D144	0298	F4
114	D144	02CC	F4
114	D144	0240	F4
114	D144	0274	F4
114	D144	02A8	F4
114	D144	02DC	F4
114	D144	0250	F4
114	D144	0284	F4
114	D144	02B8	F4
114	D144	02EC	F4
114	D144	0260	F4
114	D144	0294	F4
114	D144	02C8	F4
114	D144	02FC	F4
114	D144	0270	F4
114	D144	02A4	F4
115	F47C	0200	B7
115	F47C	0204	B7
115	F47C	0208	B7
115	F47C	020C	B7
115	F47C	0210	BF
115	F47C	0214	BF
115	F47C	0218	BF
115	F47C	021C	BF
115	F47C	0220	C7
115	F47C	0224	C7
115	F47C	0228	C7
115	F47C	022C	C7
115	F47C	0230	CF
115	F47C	0234	CF
115	F47C	0238	CF
115	F47C	023C	CF
115	F47C	024C	1F
115	F47C	0280	25
115	F47C	02B4	27
115	F47C	02E8	2D
115	F47C	025C	2D
115	F47C	0290	31
115	F47C	02C4	31
115	F47C	02F8	35
115	F47C	026C	39
115	F47C	02A0	40
115	D144	02D4	F4
115	D144	0248	F4
115	D144	027C	F4
115	D144	02B0	F4
115	D144	02E4	F4
115	D144	0258	F4
115	D144	028C	F4
115	D144	02C0	F4
115	D144	02F4	F4
115	D144	0268	F4
115	D144	029C	F4
115	D144	02D0	F4
115	D144	0244	F4
115	D144	0278	F4
115	D144	02AC	F4
115	D144	02E0	F4
115	D144	0254	F4
115	D144	0288	F4
115	D144	02BC	F4
115	D144	02F0	F4
115	D144	0264	F4
115	D144	0298	F4
115	D144	02CC	F4
115	D144	0240	F4
115	D144	0274	F4
115	D144	02A8	F4
115	D144	02DC	F4
115	D144	0250	F4
115	D144	0284	F4
115	D144	02B8	F4
115	D144	02EC	F4
115	D144	0260	F4
115	D144	0294	F4
115	D144	02C8	F4
115	D144	02FC	F4
115	D144	0270	F4
115	D144	02A4	F4
115	D144	02D8	F4
116	F47C	0200	B7
116	F47C	0204	B7
116	F47C	0208	B7
116	F47C	020C	B7
116	F47C	0210	BF
116	F47C	0214	BF
116	F47C	0218	BF
116	F47C	021C	BF
116	F47C	0220	C7
116	F47C	0224	C7
116	F47C	0228	C7
116	F47C	022C	C7
116	F47C	0230	CF
116	F47C	0234	CF
116	F47C	0238	CF
116	F47C	023C	CF
116	F47C	0240	1F
116	F47C	0274	25
116	F47C	02A8	27
116	F47C	02DC	2D
116	F47C	0250	2D
116	F47C	0284	31
116	F47C	02B8	31
116	F47C	02EC	35
116	F47C	0260	39
116	F47C	0294	40
116	D144	02C8	F4
116	D144	02FC	F4
116	D144	0270	F4
116	D144	02A4	F4
116	D144	02D8	F4
116	D144	024C	F4
116	D144	0280	F4
116	D144	02B4	F4
116	D144	02E8	F4
116	D144	025C	F4
116	D144	0290	F4
116	D144	02C4	F4
116	D144	02F8	F4
116	D144	026C	F4
116	D144	02A0	F4
116	D144	02D4	F4
116	D144	0248	F4
116	D144	027C	F4
116	D144	02B0	F4
116	D144	02E4	F4
116	D144	0258	F4
116	D144	028C	F4
116	D144	02C0	F4
116	D144	02F4	F4
116	D144	0268	F4
116	D144	029C	F4
116	D144	02D0	F4
116	D144	0244	F4
116	D144	0278	F4
116	D144	02AC	F4
116	D144	02E0	F4
116	D144	0254	F4
116	D144	0288	F4
116	D144	02BC	F4
116	D144	02F0	F4
116	D144	0264	F4
116	D144	0298	F4
116	D144	02CC	F4
117	F47C	0200	B7
117	F47C	0204	B7
117	F47C	0208	B7
117	F47C	020C	B7
117	F47C	0210	BF
117	F47C	0214	BF
117	F47C	0218	BF
117	F47C	021C	BF
117	F47C	0220	C7
117	F47C	0224	C7
117	F47C	0228	C7
117	F47C	022C	C7
117	F47C	0230	CF
117	F47C	0234	CF
117	F47C	0238	CF
117	F47C	023C	CF
117	F47C	0274	1F
117	F47C	02A8	25
117	F47C	02DC	27
117	F47C	0250	2D
117	F47C	0284	2D
117	F47C	02B8	31
117	F47C	02EC	31
117	F47C	0260	35
117	F47C	0294	39
117	F47C	02C8	40
117	D144	02FC	F4
117	D144	0270	F4
117	D144	02A4	F4
117	D144	02D8	F4
117	D144	024C	F4
117	D144	0280	F4
117	D144	02B4	F4
117	D144	02E8	F4
117	D144	025C	F4
117	D144	0290	F4
117	D144	02C4	F4
117	D144	02F8	F4
117	D144	026C	F4
117	D144	02A0	F4
117	D144	02D4	F4
117	D144	0248	F4
117	D144	027C	F4
117	D144	02B0	F4
117	D144	02E4	F4
117	D144	0258	F4
117	D144	028C	F4
117	D144	02C0	F4
117	D144	02F4	F4
117	D144	0268	F4
117	D144	029C	F4
117	D144	02D0	F4
117	D144	0244	F4
117	D144	0278	F4
117	D144	02AC	F4
117	D144	02E0	F4
117	D144	0254	F4
117	D144	0288	F4
117	D144	02BC	F4
117	D144	02F0	F4
117	D144	0264	F4
117	D144	0298	F4
117	D144	02CC	F4
117	D144	0240	F4
118	F47C	0200	B7
118	F47C	0204	B7
118	F47C	0208	B7
118	F47C	020C	B7
118	F47C	0210	BF
118	F47C	0214	BF
118	F47C	0218	BF
118	F47C	021C	BF
118	F47C	0220	C7
118	F47C	0224	C7
118	F47C	0228	C7
118	F47C	022C	C7
118	F47C	0230	CF
118	F47C	0234	CF
118	F47C	0238	CF
118	F47C	023C	CF
118	F47C	02A8	1F
118	F47C	02DC	25
118	F47C	0250	27
118	F47C	0284	2D
118	F47C	02B8	2D
118	F47C	02EC	31
118	F47C	0260	31
118	F47C	0294	35
118	F47C	02C8	39
118	F47C	02FC	40
118	D144	0270	F4
118	D144	02A4	F4
118	D144	02D8	F4
118	D144	024C	F4
118	D144	0280	F4
118	D144	02B4	F4
118	D144	02E8	F4
118	D144	025C	F4
118	D144	0290	F4
118	D144	02C4	F4
118	D144	02F8	F4
118	D144	026C	F4
118	D144	02A0	F4
118	D144	02D4	F4
118	D144	0248	F4
118	D144	027C	F4
118	D144	02B0	F4
118	D144	02E4	F4
118	D144	0258	F4
118	D144	028C	F4
118	D144	02C0	F4
118	D144	02F4	F4
118	D144	0268	F4
118	D144	029C	F4
118	D144	02D0	F4
118	D144	0244	F4
118	D144	0278	F4
118	D144	02AC	F4
118	D144	02E0	F4
118	D144	0254	F4
118	D144	0288	F4
118	D144	02BC	F4
118	D144	02F0	F4
118	D144	0264	F4
118	D144	0298	F4
118	D144	02CC	F4
118	D144	0240	F4
118	D144	0274	F4
119	F47C	0200	B7
119	F47C	0204	B7
119	F47C	0208	B7
119	F47C	020C	B7
119	F47C	0210	BF
119	F47C	0214	BF
119	F47C	0218	BF
119	F47C	021C	BF
119	F47C	0220	C7
119	F47C	0224	C7
119	F47C	0228	C7
119	F47C	022C	C7
119	F47C	0230	CF
119	F47C	0234	CF
119	F47C	0238	CF
119	F47C	023C	CF
119	F47C	02DC	1F
119	F47C	0250	25
119	F47C	0284	27
119	F47C	02B8	2D
119	F47C	02EC	2D
119	F47C	0260	31
119	F47C	0294	31
119	F47C	02C8	35
119	F47C	02FC	39
119	F47C	0270	40
119	D144	02A4	F4
119	D144	02D8	F4
119	D144	024C	F4
119	D144	0280	F4
119	D144	02B4	F4
119	D144	02E8	F4
119	D144	025C	F4
119	D144	0290	F4
119	D144	02C4	F4
119	D144	02F8	F4
119	D144	026C	F4
119	D144	02A0	F4
119	D144	02D4	F4
119	D144	0248	F4
119	D144	027C	F4
119	D144	02B0	F4
119	D144	02E4	F4
119	D144	0258	F4
119	D144	028C	F4
119	D144	02C0	F4
119	D144	02F4	F4
119	D144	0268	F4
119	D144	029C	F4
119	D144	02D0	F4
119	D144	0244	F4
119	D144	0278	F4
119	D144	02AC	F4
119	D144	02E0	F4
119	D144	0254	F4
119	D144	0288	F4
119	D144	02BC	F4
119	D144	02F0	F4
119	D144	0264	F4
119	D144	0298	F4
119	D144	02CC	F4
119	D144	0240	F4
119	D144	0274	F4
119	D144	02A8	F4
120	F47C	0200	B7
120	F47C	0204	B7
120	F47C	0208	B7
120	F47C	020C	B7
120	F47C	0210	BF
120	F47C	0214	BF
120	F47C	0218	BF
120	F47C	021C	BF
120	F47C	0220	C7
120	F47C	0224	C7
120	F47C	0228	C7
120	F47C	022C	C7
120	F47C	0230	CF
120	F47C	0234	CF
120	F47C	0238	CF
120	F47C	023C	CF
120	F47C	0250	1F
120	F47C	0284	25
120	F47C	02B8	27
120	F47C	02EC	2D
120	F47C	0260	2D
120	F47C	0294	31
120	F47C	02C8	31
120	F47C	02FC	35
120	F47C	0270	39
120	F47C	02A4	40
120	D144	02D8	F4
120	D144	024C	F4
120	D144	0280	F4
120	D144	02B4	F4
120	D144	02E8	F4
120	D144	025C	F4
120	D144	0290	F4
120	D144	02C4	F4
120	D144	02F8	F4
120	D144	026C	F4
120	D144	02A0	F4
120	D144	02D4	F4
120	D144	0248	F4
120	D144	027C	F4
120	D144	02B0	F4
120	D144	02E4	F4
120	D144	0258	F4
120	D144	028C	F4
120	D144	02C0	F4
120	D144	02F4	F4
120	D144	0268	F4
120	D144	029C	F4
120	D144	02D0	F4
120	D144	0244	F4
120	D144	0278	F4
120	D144	02AC	F4
120	D144	02E0	F4
120	D144	0254	F4
120	D144	0288	F4
120	D144	02BC	F4
120	D144	02F0	F4
120	D144	0264	F4
120	D144	0298	F4
120	D144	02CC	F4
120	D144	0240	F4
120	D144	0274	F4
120	D144	02A8	F4
120	D144	02DC	F4
121	F47C	0200	B7
121	F47C	0204	B7
121	F47C	0208	B7
121	F47C	020C	B7
121	F47C	0210	BF
121	F47C	0214	BF
121	F47C	0218	BF
121	F47C	021C	BF
121	F47C	0220	C7
121	F47C	0224	C7
121	F47C	0228	C7
121	F47C	022C	C7
121	F47C	0230	CF
121	F47C	0234	CF
121	F47C	0238	CF
121	F47C	023C	CF
121	F47C	0244	1F
121	F47C	0278	25
121	F47C	02AC	27
121	F47C	02E0	2D
121	F47C	0254	2D
121	F47C	0288	31
121	F47C	02BC	31
121	F47C	02F0	35
121	F47C	0264	39
121	F47C	0298	40
121	D144	02CC	F4
121	D144	0240	F4
121	D144	0274	F4
121	D144	02A8	F4
121	D144	02DC	F4
121	D144	0250	F4
121	D144	0284	F4
121	D144	02B8	F4
121	D144	02EC	F4
121	D144	0260	F4
121	D144	0294	F4
121	D144	02C8	F4
121	D144	02FC	F4
121	D144	0270	F4
121	D144	02A4	F4
121	D144	02D8	F4
121	D144	024C	F4
121	D144	0280	F4
121	D144	02B4	F4
121	D144	02E8	F4
121	D144	025C	F4
121	D144	0290	F4
121	D144	02C4	F4
121	D144	02F8	F4
121	D144	026C	F4
121	D144	02A0	F4
121	D144	02D4	F4
121	D144	0248	F4
121	D144	027C	F4
121	D144	02B0	F4
121	D144	02E4	F4
121	D144	0258	F4
121	D144	028C	F4
121	D144	02C0	F4
121	D144	02F4	F4
121	D144	0268	F4
121	D144	029C	F4
121	D144	02D0	F4
122	F47C	0200	B7
122	F47C	0204	B7
122	F47C	0208	B7
122	F47C	020C	B7
122	F47C	0210	BF
122	F47C	0214	BF
122	F47C	0218	BF
122	F47C	021C	BF
122	F47C	0220	C7
122	F47C	0224	C7
122	F47C	0228	C7
122	F47C	022C	C7
122	F47C	0230	CF
122	F47C	0234	CF
122	F47C	0238	CF
122	F47C	023C	CF
122	F47C	0278	1F
122	F47C	02AC	25
122	F47C	02E0	27
122	F47C	0254	2D
122	F47C	0288	2D
122	F47C	02BC	31
122	F47C	02F0	31
122	F47C	0264	35
122	F47C	0298	39
122	F47C	02CC	40
122	D144	0240	F4
122	D144	0274	F4
122	D144	02A8	F4
122	D144	02DC	F4
122	D144	0250	F4
122	D144	0284	F4
122	D144	02B8	F4
122	D144	02EC	F4
122	D144	0260	F4
122	D144	0294	F4
122	D144	02C8	F4
122	D144	02FC	F4
122	D144	0270	F4
122	D144	02A4	F4
122	D144	02D8	F4
122	D144	024C	F4
122	D144	0280	F4
122	D144	02B4	F4
122	D144	02E8	F4
122	D144	025C	F4
122	D144	0290	F4
122	D144	02C4	F4
122	D144	02F8	F4
122	D144	026C	F4
122	D144	02A0	F4
122	D144	02D4	F4
122	D144	0248	F4
122	D144	027C	F4
122	D144	02B0	F4
122	D144	02E4	F4
122	D144	0258	F4
122	D144	028C	F4
122	D144	02C0	F4
122	D144	02F4	F4
122	D144	0268	F4
122	D144	029C	F4
122	D144	02D0	F4
122	D144	0244	F4
123	F47C	0200	B7
123	F47C	0204	B7
123	F47C	0208	B7
123	F47C	020C	B7
123	F47C	0210	BF
123	F47C	0214	BF
123	F47C	0218	BF
123	F47C	021C	BF
123	F47C	0220	C7
123	F47C	0224	C7
123	F47C	0228	C7
123	F47C	022C	C7
123	F47C	0230	CF
123	F47C	0234	CF
123	F47C	0238	CF
123	F47C	023C	CF
123	F47C	02AC	1F
123	F47C	02E0	25
123	F47C	0254	27
123	F47C	0288	2D
123	F47C	02BC	2D
123	F47C	02F0	31
123	F47C	0264	31
123	F47C	0298	35
123	F47C	02CC	39
123	F47C	0240	40
123	D144	0274	F4
123	D144	02A8	F4
123	D144	02DC	F4
123	D144	0250	F4
123	D144	0284	F4
123	D144	02B8	F4
123	D144	02EC	F4
123	D144	0260	F4
123	D144	0294	F4
123	D144	02C8	F4
123	D144	02FC	F4
123	D144	0270	F4
123	D144	02A4	F4
123	D144	02D8	F4
123	D144	024C	F4
123	D144	0280	F4
123	D144	02B4	F4
123	D144	02E8	F4
123	D144	025C	F4
123	D144	0290	F4
123	D144	02C4	F4
123	D144	02F8	F4
123	D144	026C	F4
123	D144	02A0	F4
123	D144	02D4	F4
123	D144	0248	F4
123	D144	027C	F4
123	D144	02B0	F4
123	D144	02E4	F4
123	D144	0258	F4
123	D144	028C	F4
123	D144	02C0	F4
123	D144	02F4	F4
123	D144	0268	F4
123	D144	029C	F4
123	D144	02D0	F4
123	D144	0244	F4
123	D144	0278	F4
124	F47C	0200	B7
124	F47C	0204	B7
124	F47C	0208	B7
124	F47C	020C	B7
124	F47C	0210	BF
124	F47C	0214	BF
124	F47C	0218	BF
124	F47C	021C	BF
124	F47C	0220	C7
124	F47C	0224	C7
124	F47C	0228	C7
124	F47C	022C	C7
124	F47C	0230	CF
124	F47C	0234	CF
124	F47C	0238	CF
124	F47C	023C	CF
124	F47C	02E0	1F
124	F47C	0254	25
124	F47C	0288	27
124	F47C	02BC	2D
124	F47C	02F0	2D
124	F47C	0264	31
124	F47C	0298	31
124	F47C	02CC	35
124	F47C	0240	39
124	F47C	0274	40
124	D144	02A8	F4
124	D144	02DC	F4
124	D144	0250	F4
124	D144	0284	F4
124	D144	02B8	F4
124	D144	02EC	F4
124	D144	0260	F4
124	D144	0294	F4
124	D144	02C8	F4
124	D144	02FC	F4
124	D144	0270	F4
124	D144	02A4	F4
124	D144	02D8	F4
124	D144	024C	F4
124	D144	0280	F4
124	D144	02B4	F4
124	D144	02E8	F4
124	D144	025C	F4
124	D144	0290	F4
124	D144	02C4	F4
124	D144	02F8	F4
124	D144	026C	F4
124	D144	02A0	F4
124	D144	02D4	F4
124	D144	0248	F4
124	D144	027C	F4
124	D144	02B0	F4
124	D144	02E4	F4
124	D144	0258	F4
124	D144	028C	F4
124	D144	02C0	F4
124	D144	02F4	F4
124	D144	0268	F4
124	D144	029C	F4
124	D144	02D0	F4
124	D144	0244	F4
124	D144	0278	F4
124	D144	02AC	F4
125	F47C	0200	B7
125	F47C	0204	B7
125	F47C	0208	B7
125	F47C	020C	B7
125	F47C	0210	BF
125	F47C	0214	BF
125	F47C	0218	BF
125	F47C	021C	BF
125	F47C	0220	C7
125	F47C	0224	C7
125	F47C	0228	C7
125	F47C	022C	C7
125	F47C	0230	CF
125	F47C	0234	CF
125	F47C	0238	CF
125	F47C	023C	CF
125	F47C	0254	1F
125	F47C	0288	25
125	F47C	02BC	27
125	F47C	02F0	2D
125	F47C	0264	2D
125	F47C	0298	31
125	F47C	02CC	31
125	F47C	0240	35
125	F47C	0274	39
125	F47C	02A8	40
125	D144	02DC	F4
125	D144	0250	F4
125	D144	0284	F4
125	D144	02B8	F4
125	D144	02EC	F4
125	D144	0260	F4
125	D144	0294	F4
125	D144	02C8	F4
125	D144	02FC	F4
125	D144	0270	F4
125	D144	02A4	F4
125	D144	02D8	F4
125	D144	024C	F4
125	D144	0280	F4
125	D144	02B4	F4
125	D144	02E8	F4
125	D144	025C	F4
125	D144	0290	F4
125	D144	02C4	F4
125	D144	02F8	F4
125	D144	026C	F4
125	D144	02A0	F4
125	D144	02D4	F4
125	D144	0248	F4
125	D144	027C	F4
125	D144	02B0	F4
125	D144	02E4	F4
125	D144	0258	F4
125	D144	028C	F4
125	D144	02C0	F4
125	D144	02F4	F4
125	D144	0268	F4
125	D144	029C	F4
125	D144	02D0	F4
125	D144	0244	F4
125	D144	0278	F4
125	D144	02AC	F4
125	D144	02E0	F4
126	F47C	0200	B7
126	F47C	0204	B7
126	F47C	0208	B7
126	F47C	020C	B7
126	F47C	0210	BF
126	F47C	0214	BF
126	F47C	0218	BF
126	F47C	021C	BF
126	F47C	0220	C7
126	F47C	0224	C7
126	F47C	0228	C7
126	F47C	022C	C7
126	F47C	0230	CF
126	F47C	0234	CF
126	F47C	0238	CF
126	F47C	023C	CF
126	F47C	0248	1F
126	F47C	027C	25
126	F47C	02B0	27
126	F47C	02E4	2D
126	F47C	0258	2D
126	F47C	028C	31
126	F47C	02C0	31
126	F47C	02F4	35
126	F47C	0268	39
126	F47C	029C	40
126	D144	02D0	F4
126	D144	0244	F4
126	D144	0278	F4
126	D144	02AC	F4
126	D144	02E0	F4
126	D144	0254	F4
126	D144	0288	F4
126	D144	02BC	F4
126	D144	02F0	F4
126	D144	0264	F4
126	D144	0298	F4
126	D144	02CC	F4
126	D144	0240	F4
126	D144	0274	F4
126	D144	02A8	F4
126	D144	02DC	F4
126	D144	0250	F4
126	D144	0284	F4
126	D144	02B8	F4
126	D144	02EC	F4
126	D144	0260	F4
126	D144	0294	F4
126	D144	02C8	F4
126	D144	02FC	F4
126	D144	0270	F4
126	D144	02A4	F4
126	D144	02D8	F4
126	D144	024C	F4
126	D144	0280	F4
126	D144	02B4	F4
126	D144	02E8	F4
126	D144	025C	F4
126	D144	0290	F4
126	D144	02C4	F4
126	D144	02F8	F4
126	D144	026C	F4
126	D144	02A0	F4
126	D144	02D4	F4
127	F47C	0200	B7
127	F47C	0204	B7
127	F47C	0208	B7
127	F47C	020C	B7
127	F47C	0210	BF
127	F47C	0214	BF
127	F47C	0218	BF
127	F47C	021C	BF
127	F47C	0220	C7
127	F47C	0224	C7
127	F47C	0228	C7
127	F47C	022C	C7
127	F47C	0230	CF
127	F47C	0234	CF
127	F47C	0238	CF
127	F47C	023C	CF
127	F47C	027C	1F
127	F47C	02B0	25
127	F47C	02E4	27
127	F47C	0258	2D
127	F47C	028C	2D
127	F47C	02C0	31
127	F47C	02F4	31
127	F47C	0268	35
127	F47C	029C	39
127	F47C	02D0	40
127	D144	0244	F4
127	D144	0278	F4
127	D144	02AC	F4
127	D144	02E0	F4
127	D144	0254	F4
127	D144	0288	F4
127	D144	02BC	F4
127	D144	02F0	F4
127	D144	0264	F4
127	D144	0298	F4
127	D144	02CC	F4
127	D144	0240	F4
127	D144	0274	F4
127	D144	02A8	F4
127	D144	02DC	F4
127	D144	0250	F4
127	D144	0284	F4
127	D144	02B8	F4
127	D144	02EC	F4
127	D144	0260	F4
127	D144	0294	F4
127	D144	02C8	F4
127	D144	02FC	F4
127	D144	0270	F4
127	D144	02A4	F4
127	D144	02D8	F4
127	D144	024C	F4
127	D144	0280	F4
127	D144	02B4	F4
127	D144	02E8	F4
127	D144	025C	F4
127	D144	0290	F4
127	D144	02C4	F4
127	D144	02F8	F4
127	D144	026C	F4
127	D144	02A0	F4
127	D144	02D4	F4
127	D144	0248	F4
128	F47C	0200	B7
128	F47C	0204	B7
128	F47C	0208	B7
128	F47C	020C	B7
128	F47C	0210	BF
128	F47C	0214	BF
128	F47C	0218	BF
128	F47C	021C	BF
128	F47C	0220	C7
128	F47C	0224	C7
128	F47C	0228	C7
128	F47C	022C	C7
128	F47C	0230	CF
128	F47C	0234	CF
128	F47C	0238	CF
128	F47C	023C	CF
128	F47C	02B0	1F
128	F47C	02E4	25
128	F47C	0258	27
128	F47C	028C	2D
128	F47C	02C0	2D
128	F47C	02F4	31
128	F47C	0268	31
128	F47C	029C	35
128	F47C	02D0	39
128	F47C	0244	40
128	D144	0278	F4
128	D144	02AC	F4
128	D144	02E0	F4
128	D144	0254	F4
128	D144	0288	F4
128	D144	02BC	F4
128	D144	02F0	F4
128	D144	0264	F4
128	D144	0298	F4
128	D144	02CC	F4
128	D144	0240	F4
128	D144	0274	F4
128	D144	02A8	F4
128	D144	02DC	F4
128	D144	0250	F4
128	D144	0284	F4
128	D144	02B8	F4
128	D144	02EC	F4
128	D144	0260	F4
128	D144	0294	F4
128	D144	02C8	F4
128	D144	02FC	F4
128	D144	0270	F4
128	D144	02A4	F4
128	D144	02D8	F4
128	D144	024C	F4
128	D144	0280	F4
128	D144	02B4	F4
128	D144	02E8	F4
128	D144	025C	F4
128	D144	0290	F4
128	D144	02C4	F4
128	D144	02F8	F4
128	D144	026C	F4
128	D144	02A0	F4
128	D144	02D4	F4
128	D144	0248	F4
128	D144	027C	F4
129	F47C	0200	B7
129	F47C	0204	B7
129	F47C	0208	B7
129	F47C	020C	B7
129	F47C	0210	BF
129	F47C	0214	BF
129	F47C	0218	BF
129	F47C	021C	BF
129	F47C	0220	C7
129	F47C	0224	C7
129	F47C	0228	C7
129	F47C	022C	C7
129	F47C	0230	CF
129	F47C	0234	CF
129	F47C	0238	CF
129	F47C	023C	CF
129	F47C	02E4	1F
129	F47C	0258	25
129	F47C	028C	27
129	F47C	02C0	2D
129	F47C	02F4	2D
129	F47C	0268	31
129	F47C	029C	31
129	F47C	02D0	35
129	F47C	0244	39
129	F47C	0278	40
129	D144	02AC	F4
129	D144	02E0	F4
129	D144	0254	F4
129	D144	0288	F4
129	D144	02BC	F4
129	D144	02F0	F4
129	D144	0264	F4
129	D144	0298	F4
129	D144	02CC	F4
129	D144	0240	F4
129	D144	0274	F4
129	D144	02A8	F4
129	D144	02DC	F4
129	D144	0250	F4
129	D144	0284	F4
129	D144	02B8	F4
129	D144	02EC	F4
129	D144	0260	F4
129	D144	0294	F4
129	D144	02C8	F4
129	D144	02FC	F4
129	D144	0270	F4
129	D144	02A4	F4
129	D144	02D8	F4
129	D144	024C	F4
129	D144	0280	F4
129	D144	02B4	F4
129	D144	02E8	F4
129	D144	025C	F4
129	D144	0290	F4
129	D144	02C4	F4
129	D144	02F8	F4
129	D144	026C	F4
129	D144	02A0	F4
129	D144	02D4	F4
129	D144	0248	F4
129	D144	027C	F4
129	D144	02B0	F4
130	F47C	0200	B7
130	F47C	0204	B7
130	F47C	0208	B7
130	F47C	020C	B7
130	F47C	0210	BF
130	F47C	0214	BF
130	F47C	0218	BF
130	F47C	021C	BF
130	F47C	0220	C7
130	F47C	0224	C7
130	F47C	0228	C7
130	F47C	022C	C7
130	F47C	0230	CF
130	F47C	0234	CF
130	F47C	0238	CF
130	F47C	023C	CF
130	F47C	0258	1F
130	F47C	028C	25
130	F47C	02C0	27
130	F47C	02F4	2D
130	F47C	0268	2D
130	F47C	029C	31
130	F47C	02D0	31
130	F47C	0244	35
130	F47C	0278	39
130	F47C	02AC	40
130	D144	02E0	F4
130	D144	0254	F4
130	D144	0288	F4
130	D144	02BC	F4
130	D144	02F0	F4
130	D144	0264	F4
130	D144	0298	F4
130	D144	02CC	F4
130	D144	0240	F4
130	D144	0274	F4
130	D144	02A8	F4
130	D144	02DC	F4
130	D144	0250	F4
130	D144	0284	F4
130	D144	02B8	F4
130	D144	02EC	F4
130	D144	0260	F4
130	D144	0294	F4
130	D144	02C8	F4
130	D144	02FC	F4
130	D144	0270	F4
130	D144	02A4	F4
130	D144	02D8	F4
130	D144	024C	F4
130	D144	0280	F4
130	D144	02B4	F4
130	D144	02E8	F4
130	D144	025C	F4
130	D144	0290	F4
130	D144	02C4	F4
130	D144	02F8	F4
130	D144	026C	F4
130	D144	02A0	F4
130	D144	02D4	F4
130	D144	0248	F4
130	D144	027C	F4
130	D144	02B0	F4
130	D144	02E4	F4
131	F47C	0200	B7
131	F47C	0204	B7
131	F47C	0208	B7
131	F47C	020C	B7
131	F47C	0210	BF
131	F47C	0214	BF
131	F47C	0218	BF
131	F47C	021C	BF
131	F47C	0220	C7
131	F47C	0224	C7
131	F47C	0228	C7
131	F47C	022C	C7
131	F47C	0230	CF
131	F47C	0234	CF
131	F47C	0238	CF
131	F47C	023C	CF
131	F47C	024C	1F
131	F47C	0280	25
131	F47C	02B4	27
131	F47C	02E8	2D
131	F47C	025C	2D
131	F47C	0290	31
131	F47C	02C4	31
131	F47C	02F8	35
131	F47C	026C	39
131	F47C	02A0	40
131	D144	02D4	F4
131	D144	0248	F4
131	D144	027C	F4
131	D144	02B0	F4
131	D144	02E4	F4
131	D144	0258	F4
131	D144	028C	F4
131	D144	02C0	F4
131	D144	02F4	F4
131	D144	0268	F4
131	D144	029C	F4
131	D144	02D0	F4
131	D144	0244	F4
131	D144	0278	F4
131	D144	02AC	F4
131	D144	02E0	F4
131	D144	0254	F4
131	D144	0288	F4
131	D144	02BC	F4
131	D144	02F0	F4
131	D144	0264	F4
131	D144	0298	F4
131	D144	02CC	F4
131	D144	0240	F4
131	D144	0274	F4
131	D144	02A8	F4
131	D144	02DC	F4
131	D144	0250	F4
131	D144	0284	F4
131	D144	02B8	F4
131	D144	02EC	F4
131	D144	0260	F4
131	D144	0294	F4
131	D144	02C8	F4
131	D144	02FC	F4
131	D144	0270	F4
131	D144	02A4	F4
131	D144	02D8	F4
132	F47C	0200	B7
132	F47C	0204	B7
132	F47C	0208	B7
132	F47C	020C	B7
132	F47C	0210	BF
132	F47C	0214	BF
132	F47C	0218	BF
132	F47C	021C	BF
132	F47C	0220	C7
132	F47C	0224	C7
132	F47C	0228	C7
132	F47C	022C	C7
132	F47C	0230	CF
132	F47C	0234	CF
132	F47C	0238	CF
132	F47C	023C	CF
132	F47C	0280	1F
132	F47C	02B4	25
132	F47C	02E8	27
132	F47C	025C	2D
132	F47C	0290	2D
132	F47C	02C4	31
132	F47C	02F8	31
132	F47C	026C	35
132	F47C	02A0	39
132	F47C	02D4	40
132	D144	0248	F4
132	D144	027C	F4
132	D144	02B0	F4
132	D144	02E4	F4
132	D144	0258	F4
132	D144	028C	F4
132	D144	02C0	F4
132	D144	02F4	F4
132	D144	0268	F4
132	D144	029C	F4
132	D144	02D0	F4
132	D144	0244	F4
132	D144	0278	F4
132	D144	02AC	F4
132	D144	02E0	F4
132	D144	0254	F4
132	D144	0288	F4
132	D144	02BC	F4
132	D144	02F0	F4
132	D144	0264	F4
132	D144	0298	F4
132	D144	02CC	F4
132	D144	0240	F4
132	D144	0274	F4
132	D144	02A8	F4
132	D144	02DC	F4
132	D144	0250	F4
132	D144	0284	F4
132	D144	02B8	F4
132	D144	02EC	F4
132	D144	0260	F4
132	D144	0294	F4
132	D144	02C8	F4
132	D144	02FC	F4
132	D144	0270	F4
132	D144	02A4	F4
132	D144	02D8	F4
132	D144	024C	F4
133	F47C	0200	B7
133	F47C	0204	B7
133	F47C	0208	B7
133	F47C	020C	B7
133	F47C	0210	BF
133	F47C	0214	BF
133	F47C	0218	BF
133	F47C	021C	BF
133	F47C	0220	C7
133	F47C	0224	C7
133	F47C	0228	C7
133	F47C	022C	C7
133	F47C	0230	CF
133	F47C	0234	CF
133	F47C	0238	CF
133	F47C	023C	CF
133	F47C	02B4	1F
133	F47C	02E8	25
133	F47C	025C	27
133	F47C	0290	2D
133	F47C	02C4	2D
133	F47C	02F8	31
133	F47C	026C	31
133	F47C	02A0	35
133	F47C	02D4	39
133	F47C	0248	40
133	D144	027C	F4
133	D144	02B0	F4
133	D144	02E4	F4
133	D144	0258	F4
133	D144	028C	F4
133	D144	02C0	F4
133	D144	02F4	F4
133	D144	0268	F4
133	D144	029C	F4
133	D144	02D0	F4
133	D144	0244	F4
133	D144	0278	F4
133	D144	02AC	F4
133	D144	02E0	F4
133	D144	0254	F4
133	D144	0288	F4
133	D144	02BC	F4
133	D144	02F0	F4
133	D144	0264	F4
133	D144	0298	F4
133	D144	02CC	F4
133	D144	0240	F4
133	D144	0274	F4
133	D144	02A8	F4
133	D144	02DC	F4
133	D144	0250	F4
133	D144	0284	F4
133	D144	02B8	F4
133	D144	02EC	F4
133	D144	0260	F4
133	D144	0294	F4
133	D144	02C8	F4
133	D144	02FC	F4
133	D144	0270	F4
133	D144	02A4	F4
133	D144	02D8	F4
133	D144	024C	F4
133	D144	0280	F4
134	F47C	0200	B7
134	F47C	0204	B7
134	F47C	0208	B7
134	F47C	020C	B7
134	F47C	0210	BF
134	F47C	0214	BF
134	F47C	0218	BF
134	F47C	021C	BF
134	F47C	0220	C7
134	F47C	0224	C7
134	F47C	0228	C7
134	F47C	022C	C7
134	F47C	0230	CF
134	F47C	0234	CF
134	F47C	0238	CF
134	F47C	023C	CF
134	F47C	02E8	1F
134	F47C	025C	25
134	F47C	0290	27
134	F47C	02C4	2D
134	F47C	02F8	2D
134	F47C	026C	31
134	F47C	02A0	31
134	F47C	02D4	35
134	F47C	0248	39
134	F47C	027C	40
134	D144	02B0	F4
134	D144	02E4	F4
134	D144	0258	F4
134	D144	028C	F4
134	D144	02C0	F4
134	D144	02F4	F4
134	D144	0268	F4
134	D144	029C	F4
134	D144	02D0	F4
134	D144	0244	F4
134	D144	0278	F4
134	D144	02AC	F4
134	D144	02E0	F4
134	D144	0254	F4
134	D144	0288	F4
134	D144	02BC	F4
134	D144	02F0	F4
134	D144	0264	F4
134	D144	0298	F4
134	D144	02CC	F4
134	D144	0240	F4
134	D144	0274	F4
134	D144	02A8	F4
134	D144	02DC	F4
134	D144	0250	F4
134	D144	0284	F4
134	D144	02B8	F4
134	D144	02EC	F4
134	D144	0260	F4
134	D144	0294	F4
134	D144	02C8	F4
134	D144	02FC	F4
134	D144	0270	F4
134	D144	02A4	F4
134	D144	02D8	F4
134	D144	024C	F4
134	D144	0280	F4
134	D144	02B4	F4
135	F47C	0200	B7
135	F47C	0204	B7
135	F47C	0208	B7
135	F47C	020C	B7
135	F47C	0210	BF
135	F47C	0214	BF
135	F47C	0218	BF
135	F47C	021C	BF
135	F47C	0220	C7
135	F47C	0224	C7
135	F47C	0228	C7
135	F47C	022C	C7
135	F47C	0230	CF
135	F47C	0234	CF
135	F47C	0238	CF
135	F47C	023C	CF
135	F47C	025C	1F
135	F47C	0290	25
135	F47C	02C4	27
135	F47C	02F8	2D
135	F47C	026C	2D
135	F47C	02A0	31
135	F47C	02D4	31
135	F47C	0248	35
135	F47C	027C	39
135	F47C	02B0	40
135	D144	02E4	F4
135	D144	0258	F4
135	D144	028C	F4
135	D144	02C0	F4
135	D144	02F4	F4
135	D144	0268	F4
135	D144	029C	F4
135	D144	02D0	F4
135	D144	0244	F4
135	D144	0278	F4
135	D144	02AC	F4
135	D144	02E0	F4
135	D144	0254	F4
135	D144	0288	F4
135	D144	02BC	F4
135	D144	02F0	F4
135	D144	0264	F4
135	D144	0298	F4
135	D144	02CC	F4
135	D144	0240	F4
135	D144	0274	F4
135	D144	02A8	F4
135	D144	02DC	F4
135	D144	0250	F4
135	D144	0284	F4
135	D144	02B8	F4
135	D144	02EC	F4
135	D144	0260	F4
135	D144	0294	F4
135	D144	02C8	F4
135	D144	02FC	F4
135	D144	0270	F4
135	D144	02A4	F4
135	D144	02D8	F4
135	D144	024C	F4
135	D144	0280	F4
135	D144	02B4	F4
135	D144	02E8	F4
136	F47C	0200	B7
136	F47C	0204	B7
136	F47C	0208	B7
136	F47C	020C	B7
136	F47C	0210	BF
136	F47C	0214	BF
136	F47C	0218	BF
136	F47C	021C	BF
136	F47C	0220	C7
136	F47C	0224	C7
136	F47C	0228	C7
136	F47C	022C	C7
136	F47C	0230	CF
136	F47C	0234	CF
136	F47C	0238	CF
136	F47C	023C	CF
136	F47C	0250	1F
136	F47C	0284	25
136	F47C	02B8	27
136	F47C	02EC	2D
136	F47C	0260	2D
136	F47C	0294	31
136	F47C	02C8	31
136	F47C	02FC	35
136	F47C	0270	39
136	F47C	02A4	40
136	D144	02D8	F4
136	D144	024C	F4
136	D144	0280	F4
136	D144	02B4	F4
136	D144	02E8	F4
136	D144	025C	F4
136	D144	0290	F4
136	D144	02C4	F4
136	D144	02F8	F4
136	D144	026C	F4
136	D144	02A0	F4
136	D144	02D4	F4
136	D144	0248	F4
136	D144	027C	F4
136	D144	02B0	F4
136	D144	02E4	F4
136	D144	0258	F4
136	D144	028C	F4
136	D144	02C0	F4
136	D144	02F4	F4
136	D144	0268	F4
136	D144	029C	F4
136	D144	02D0	F4
136	D144	0244	F4
136	D144	0278	F4
136	D144	02AC	F4
136	D144	02E0	F4
136	D144	0254	F4
136	D144	0288	F4
136	D144	02BC	F4
136	D144	02F0	F4
136	D144	0264	F4
136	D144	0298	F4
136	D144	02CC	F4
136	D144	0240	F4
136	D144	0274	F4
136	D144	02A8	F4
136	D144	02DC	F4
137	F47C	0200	B7
137	F47C	0204	B7
137	F47C	0208	B7
137	F47C	020C	B7
137	F47C	0210	BF
137	F47C	0214	BF
137	F47C	0218	BF
137	F47C	021C	BF
137	F47C	0220	C7
137	F47C	0224	C7
137	F47C	0228	C7
137	F47C	022C	C7
137	F47C	0230	CF
137	F47C	0234	CF
137	F47C	0238	CF
137	F47C	023C	CF
137	F47C	0284	1F
137	F47C	02B8	25
137	F47C	02EC	27
137	F47C	0260	2D
137	F47C	0294	2D
137	F47C	02C8	31
137	F47C	02FC	31
137	F47C	0270	35
137	F47C	02A4	39
137	F47C	02D8	40
137	D144	024C	F4
137	D144	0280	F4
137	D144	02B4	F4
137	D144	02E8	F4
137	D144	025C	F4
137	D144	0290	F4
137	D144	02C4	F4
137	D144	02F8	F4
137	D144	026C	F4
137	D144	02A0	F4
137	D144	02D4	F4
137	D144	0248	F4
137	D144	027C	F4
137	D144	02B0	F4
137	D144	02E4	F4
137	D144	0258	F4
137	D144	028C	F4
137	D144	02C0	F4
137	D144	02F4	F4
137	D144	0268	F4
137	D144	029C	F4
137	D144	02D0	F4
137	D144	0244	F4
137	D144	0278	F4
137	D144	02AC	F4
137	D144	02E0	F4
137	D144	0254	F4
137	D144	0288	F4
137	D144	02BC	F4
137	D144	02F0	F4
137	D144	0264	F4
137	D144	0298	F4
137	D144	02CC	F4
137	D144	0240	F4
137	D144	0274	F4
137	D144	02A8	F4
137	D144	02DC	F4
137	D144	0250	F4
138	F47C	0200	B7
138	F47C	0204	B7
138	F47C	0208	B7
138	F47C	020C	B7
138	F47C	0210	BF
138	F47C	0214	BF
138	F47C	0218	BF
138	F47C	021C	BF
138	F47C	0220	C7
138	F47C	0224	C7
138	F47C	0228	C7
138	F47C	022C	C7
138	F47C	0230	CF
138	F47C	0234	CF
138	F47C	0238	CF
138	F47C	023C	CF
138	F47C	02B8	1F
138	F47C	02EC	25
138	F47C	0260	27
138	F47C	0294	2D
138	F47C	02C8	2D
138	F47C	02FC	31
138	F47C	0270	31
138	F47C	02A4	35
138	F47C	02D8	39
138	F47C	024C	40
138	D144	0280	F4
138	D144	02B4	F4
138	D144	02E8	F4
138	D144	025C	F4
138	D144	0290	F4
138	D144	02C4	F4
138	D144	02F8	F4
138	D144	026C	F4
138	D144	02A0	F4
138	D144	02D4	F4
138	D144	0248	F4
138	D144	027C	F4
138	D144	02B0	F4
138	D144	02E4	F4
138	D144	0258	F4
138	D144	028C	F4
138	D144	02C0	F4
138	D144	02F4	F4
138	D144	0268	F4
138	D144	029C	F4
138	D144	02D0	F4
138	D144	0244	F4
138	D144	0278	F4
138	D144	02AC	F4
138	D144	02E0	F4
138	D144	0254	F4
138	D144	0288	F4
138	D144	02BC	F4
138	D144	02F0	F4
138	D144	0264	F4
138	D144	0298	F4
138	D144	02CC	F4
138	D144	0240	F4
138	D144	0274	F4
138	D144	02A8	F4
138	D144	02DC	F4
138	D144	0250	F4
138	D144	0284	F4
139	F47C	0200	B7
139	F47C	0204	B7
139	F47C	0208	B7
139	F47C	020C	B7
139	F47C	0210	BF
139	F47C	0214	BF
139	F47C	0218	BF
139	F47C	021C	BF
139	F47C	0220	C7
139	F47C	0224	C7
139	F47C	0228	C7
139	F47C	022C	C7
139	F47C	0230	CF
139	F47C	0234	CF
139	F47C	0238	CF
139	F47C	023C	CF
139	F47C	02EC	1F
139	F47C	0260	25
139	F47C	0294	27
139	F47C	02C8	2D
139	F47C	02FC	2D
139	F47C	0270	31
139	F47C	02A4	31
139	F47C	02D8	35
139	F47C	024C	39
139	F47C	0280	40
139	D144	02B4	F4
139	D144	02E8	F4
139	D144	025C	F4
139	D144	0290	F4
139	D144	02C4	F4
139	D144	02F8	F4
139	D144	026C	F4
139	D144	02A0	F4
139	D144	02D4	F4
139	D144	0248	F4
139	D144	027C	F4
139	D144	02B0	F4
139	D144	02E4	F4
139	D144	0258	F4
139	D144	028C	F4
139	D144	02C0	F4
139	D144	02F4	F4
139	D144	0268	F4
139	D144	029C	F4
139	D144	02D0	F4
139	D144	0244	F4
139	D144	0278	F4
139	D144	02AC	F4
139	D144	02E0	F4
139	D144	0254	F4
139	D144	0288	F4
139	D144	02BC	F4
139	D144	02F0	F4
139	D144	0264	F4
139	D144	0298	F4
139	D144	02CC	F4
139	D144	0240	F4
139	D144	0274	F4
139	D144	02A8	F4
139	D144	02DC	F4
139	D144	0250	F4
139	D144	0284	F4
139	D144	02B8	F4
140	F47C	0200	B7
140	F47C	0204	B7
140	F47C	0208	B7
140	F47C	020C	B7
140	F47C	0210	BF
140	F47C	0214	BF
140	F47C	0218	BF
140	F47C	021C	BF
140	F47C	0220	C7
140	F47C	0224	C7
140	F47C	0228	C7
140	F47C	022C	C7
140	F47C	0230	CF
140	F47C	0234	CF
140	F47C	0238	CF
140	F47C	023C	CF
140	F47C	0260	1F
140	F47C	0294	25
140	F47C	02C8	27
140	F47C	02FC	2D
140	F47C	0270	2D
140	F47C	02A4	31
140	F47C	02D8	31
140	F47C	024C	35
140	F47C	0280	39
140	F47C	02B4	40
140	D144	02E8	F4
140	D144	025C	F4
140	D144	0290	F4
140	D144	02C4	F4
140	D144	02F8	F4
140	D144	026C	F4
140	D144	02A0	F4
140	D144	02D4	F4
140	D144	0248	F4
140	D144	027C	F4
140	D144	02B0	F4
140	D144	02E4	F4
140	D144	0258	F4
140	D144	028C	F4
140	D144	02C0	F4
140	D144	02F4	F4
140	D144	0268	F4
140	D144	029C	F4
140	D144	02D0	F4
140	D144	0244	F4
140	D144	0278	F4
140	D144	02AC	F4
140	D144	02E0	F4
140	D144	0254	F4
140	D144	0288	F4
140	D144	02BC	F4
140	D144	02F0	F4
140	D144	0264	F4
140	D144	0298	F4
140	D144	02CC	F4
140	D144	0240	F4
140	D144	0274	F4
140	D144	02A8	F4
140	D144	02DC	F4
140	D144	0250	F4
140	D144	0284	F4
140	D144	02B8	F4
140	D144	02EC	F4
141	F47C	0200	B7
141	F47C	0204	B7
141	F47C	0208	B7
141	F47C	020C	B7
141	F47C	0210	BF
141	F47C	0214	BF
141	F47C	0218	BF
141	F47C	021C	BF
141	F47C	0220	C7
141	F47C	0224	C7
141	F47C	0228	C7
141	F47C	022C	C7
141	F47C	0230	CF
141	F47C	0234	CF
141	F47C	0238	CF
141	F47C	023C	CF
141	F47C	0254	1F
141	F47C	0288	25
141	F47C	02BC	27
141	F47C	02F0	2D
141	F47C	0264	2D
141	F47C	0298	31
141	F47C	02CC	31
141	F47C	0240	35
141	F47C	0274	39
141	F47C	02A8	40
141	D144	02DC	F4
141	D144	0250	F4
141	D144	0284	F4
141	D144	02B8	F4
141	D144	02EC	F4
141	D144	0260	F4
141	D144	0294	F4
141	D144	02C8	F4
141	D144	02FC	F4
141	D144	0270	F4
141	D144	02A4	F4
141	D144	02D8	F4
141	D144	024C	F4
141	D144	0280	F4
141	D144	02B4	F4
141	D144	02E8	F4
141	D144	025C	F4
141	D144	0290	F4
141	D144	02C4	F4
141	D144	02F8	F4
141	D144	026C	F4
141	D144	02A0	F4
141	D144	02D4	F4
141	D144	0248	F4
141	D144	027C	F4
141	D144	02B0	F4
141	D144	02E4	F4
141	D144	0258	F4
141	D144	028C	F4
141	D144	02C0	F4
141	D144	02F4	F4
141	D144	0268	F4
141	D144	029C	F4
141	D144	02D0	F4
141	D144	0244	F4
141	D144	0278	F4
141	D144	02AC	F4
141	D144	02E0	F4
142	F47C	0200	B7
142	F47C	0204	B7
142	F47C	0208	B7
142	F47C	020C	B7
142	F47C	0210	BF
142	F47C	0214	BF
142	F47C	0218	BF
142	F47C	021C	BF
142	F47C	0220	C7
142	F47C	0224	C7
142	F47C	0228	C7
142	F47C	022C	C7
142	F47C	0230	CF
142	F47C	0234	CF
142	F47C	0238	CF
142	F47C	023C	CF
142	F47C	0288	1F
142	F47C	02BC	25
142	F47C	02F0	27
142	F47C	0264	2D
142	F47C	0298	2D
142	F47C	02CC	31
142	F47C	0240	31
142	F47C	0274	35
142	F47C	02A8	39
142	F47C	02DC	40
142	D144	0250	F4
142	D144	0284	F4
142	D144	02B8	F4
142	D144	02EC	F4
142	D144	0260	F4
142	D144	0294	F4
142	D144	02C8	F4
142	D144	02FC	F4
142	D144	0270	F4
142	D144	02A4	F4
142	D144	02D8	F4
142	D144	024C	F4
142	D144	0280	F4
142	D144	02B4	F4
142	D144	02E8	F4
142	D144	025C	F4
142	D144	0290	F4
142	D144	02C4	F4
142	D144	02F8	F4
142	D144	026C	F4
142	D144	02A0	F4
142	D144	02D4	F4
142	D144	0248	F4
142	D144	027C	F4
142	D144	02B0	F4
142	D144	02E4	F4
142	D144	0258	F4
142	D144	028C	F4
142	D144	02C0	F4
142	D144	02F4	F4
142	D144	0268	F4
142	D144	029C	F4
142	D144	02D0	F4
142	D144	0244	F4
142	D144	0278	F4
142	D144	02AC	F4
142	D144	02E0	F4
142	D144	0254	F4
143	F47C	0200	B7
143	F47C	0204	B7
143	F47C	0208	B7
143	F47C	020C	B7
143	F47C	0210	BF
143	F47C	0214	BF
143	F47C	0218	BF
143	F47C	021C	BF
143	F47C	0220	C7
143	F47C	0224	C7
143	F47C	0228	C7
143	F47C	022C	C7
143	F47C	0230	CF
143	F47C	0234	CF
143	F47C	0238	CF
143	F47C	023C	CF
143	F47C	02BC	1F
143	F47C	02F0	25
143	F47C	0264	27
143	F47C	0298	2D
143	F47C	02CC	2D
143	F47C	0240	31
143	F47C	0274	31
143	F47C	02A8	35
143	F47C	02DC	39
143	F47C	0250	40
143	D144	0284	F4
143	D144	02B8	F4
143	D144	02EC	F4
143	D144	0260	F4
143	D144	0294	F4
143	D144	02C8	F4
143	D144	02FC	F4
143	D144	0270	F4
143	D144	02A4	F4
143	D144	02D8	F4
143	D144	024C	F4
143	D144	0280	F4
143	D144	02B4	F4
143	D144	02E8	F4
143	D144	025C	F4
143	D144	0290	F4
143	D144	02C4	F4
143	D144	02F8	F4
143	D144	026C	F4
143	D144	02A0	F4
143	D144	02D4	F4
143	D144	0248	F4
143	D144	027C	F4
143	D144	02B0	F4
143	D144	02E4	F4
143	D144	0258	F4
143	D144	028C	F4
143	D144	02C0	F4
143	D144	02F4	F4
143	D144	0268	F4
143	D144	029C	F4
143	D144	02D0	F4
143	D144	0244	F4
143	D144	0278	F4
143	D144	02AC	F4
143	D144	02E0	F4
143	D144	0254	F4
143	D144	0288	F4
144	F47C	0200	B7
144	F47C	0204	B7
144	F47C	0208	B7
144	F47C	020C	B7
144	F47C	0210	BF
144	F47C	0214	BF
144	F47C	0218	BF
144	F47C	021C	BF
144	F47C	0220	C7
144	F47C	0224	C7
144	F47C	0228	C7
144	F47C	022C	C7
144	F47C	0230	CF
144	F47C	0234	CF
144	F47C	0238	CF
144	F47C	023C	CF
144	F47C	02F0	1F
144	F47C	0264	25
144	F47C	0298	27
144	F47C	02CC	2D
144	F47C	0240	2D
144	F47C	0274	31
144	F47C	02A8	31
144	F47C	02DC	35
144	F47C	0250	39
144	F47C	0284	40
144	D144	02B8	F4
144	D144	02EC	F4
144	D144	0260	F4
144	D144	0294	F4
144	D144	02C8	F4
144	D144	02FC	F4
144	D144	0270	F4
144	D144	02A4	F4
144	D144	02D8	F4
144	D144	024C	F4
144	D144	0280	F4
144	D144	02B4	F4
144	D144	02E8	F4
144	D144	025C	F4
144	D144	0290	F4
144	D144	02C4	F4
144	D144	02F8	F4
144	D144	026C	F4
144	D144	02A0	F4
144	D144	02D4	F4
144	D144	0248	F4
144	D144	027C	F4
144	D144	02B0	F4
144	D144	02E4	F4
144	D144	0258	F4
144	D144	028C	F4
144	D144	02C0	F4
144	D144	02F4	F4
144	D144	0268	F4
144	D144	029C	F4
144	D144	02D0	F4
144	D144	0244	F4
144	D144	0278	F4
144	D144	02AC	F4
144	D144	02E0	F4
144	D144	0254	F4
144	D144	0288	F4
144	D144	02BC	F4
145	F47C	0200	B7
145	F47C	0204	B7
145	F47C	0208	B7
145	F47C	020C	B7
145	F47C	0210	BF
145	F47C	0214	BF
145	F47C	0218	BF
145	F47C	021C	BF
145	F47C	0220	C7
145	F47C	0224	C7
145	F47C	0228	C7
145	F47C	022C	C7
145	F47C	0230	CF
145	F47C	0234	CF
145	F47C	0238	CF
145	F47C	023C	CF
145	F47C	0264	1F
145	F47C	0298	25
145	F47C	02CC	27
145	F47C	0240	2D
145	F47C	0274	2D
145	F47C	02A8	31
145	F47C	02DC	31
145	F47C	0250	35
145	F47C	0284	39
145	F47C	02B8	40
145	D144	02EC	F4
145	D144	0260	F4
145	D144	0294	F4
145	D144	02C8	F4
145	D144	02FC	F4
145	D144	0270	F4
145	D144	02A4	F4
145	D144	02D8	F4
145	D144	024C	F4
145	D144	0280	F4
145	D144	02B4	F4
145	D144	02E8	F4
145	D144	025C	F4
145	D144	0290	F4
145	D144	02C4	F4
145	D144	02F8	F4
145	D144	026C	F4
145	D144	02A0	F4
145	D144	02D4	F4
145	D144	0248	F4
145	D144	027C	F4
145	D144	02B0	F4
145	D144	02E4	F4
145	D144	0258	F4
145	D144	028C	F4
145	D144	02C0	F4
145	D144	02F4	F4
145	D144	0268	F4
145	D144	029C	F4
145	D144	02D0	F4
145	D144	0244	F4
145	D144	0278	F4
145	D144	02AC	F4
145	D144	02E0	F4
145	D144	0254	F4
145	D144	0288	F4
145	D144	02BC	F4
145	D144	02F0	F4
146	F47C	0200	B7
146	F47C	0204	B7
146	F47C	0208	B7
146	F47C	020C	B7
146	F47C	0210	BF
146	F47C	0214	BF
146	F47C	0218	BF
146	F47C	021C	BF
146	F47C	0220	C7
146	F47C	0224	C7
146	F47C	0228	C7
146	F47C	022C	C7
146	F47C	0230	CF
146	F47C	0234	CF
146	F47C	0238	CF
146	F47C	023C	CF
146	F47C	0258	1F
146	F47C	028C	25
146	F47C	02C0	27
146	F47C	02F4	2D
146	F47C	0268	2D
146	F47C	029C	31
146	F47C	02D0	31
146	F47C	0244	35
146	F47C	0278	39
146	F47C	02AC	40
146	D144	02E0	F4
146	D144	0254	F4
146	D144	0288	F4
146	D144	02BC	F4
146	D144	02F0	F4
146	D144	0264	F4
146	D144	0298	F4
146	D144	02CC	F4
146	D144	0240	F4
146	D144	0274	F4
146	D144	02A8	F4
146	D144	02DC	F4
146	D144	0250	F4
146	D144	0284	F4
146	D144	02B8	F4
146	D144	02EC	F4
146	D144	0260	F4
146	D144	0294	F4
146	D144	02C8	F4
146	D144	02FC	F4
146	D144	0270	F4
146	D144	02A4	F4
146	D144	02D8	F4
146	D144	024C	F4
146	D144	0280	F4
146	D144	02B4	F4
146	D144	02E8	F4
146	D144	025C	F4
146	D144	0290	F4
146	D144	02C4	F4
146	D144	02F8	F4
146	D144	026C	F4
146	D144	02A0	F4
146	D144	02D4	F4
146	D144	0248	F4
146	D144	027C	F4
146	D144	02B0	F4
146	D144	02E4	F4
147	F47C	0200	B7
147	F47C	0204	B7
147	F47C	0208	B7
147	F47C	020C	B7
147	F47C	0210	BF
147	F47C	0214	BF
147	F47C	0218	BF
147	F47C	021C	BF
147	F47C	0220	C7
147	F47C	0224	C7
147	F47C	0228	C7
147	F47C	022C	C7
147	F47C	0230	CF
147	F47C	0234	CF
147	F47C	0238	CF
147	F47C	023C	CF
147	F47C	028C	1F
147	F47C	02C0	25
147	F47C	02F4	27
147	F47C	0268	2D
147	F47C	029C	2D
147	F47C	02D0	31
147	F47C	0244	31
147	F47C	0278	35
147	F47C	02AC	39
147	F47C	02E0	40
147	D144	0254	F4
147	D144	0288	F4
147	D144	02BC	F4
147	D144	02F0	F4
147	D144	0264	F4
147	D144	0298	F4
147	D144	02CC	F4
147	D144	0240	F4
147	D144	0274	F4
147	D144	02A8	F4
147	D144	02DC	F4
147	D144	0250	F4
147	D144	0284	F4
147	D144	02B8	F4
147	D144	02EC	F4
147	D144	0260	F4
147	D144	0294	F4
147	D144	02C8	F4
147	D144	02FC	F4
147	D144	0270	F4
147	D144	02A4	F4
147	D144	02D8	F4
147	D144	024C	F4
147	D144	0280	F4
147	D144	02B4	F4
147	D144	02E8	F4
147	D144	025C	F4
147	D144	0290	F4
147	D144	02C4	F4
147	D144	02F8	F4
147	D144	026C	F4
147	D144	02A0	F4
147	D144	02D4	F4
147	D144	0248	F4
147	D144	027C	F4
147	D144	02B0	F4
147	D144	02E4	F4
147	D144	0258	F4
148	F47C	0200	B7
148	F47C	0204	B7
148	F47C	0208	B7
148	F47C	020C	B7
148	F47C	0210	BF
148	F47C	0214	BF
148	F47C	0218	BF
148	F47C	021C	BF
148	F47C	0220	C7
148	F47C	0224	C7
148	F47C	0228	C7
148	F47C	022C	C7
148	F47C	0230	CF
148	F47C	0234	CF
148	F47C	0238	CF
148	F47C	023C	CF
148	F47C	02C0	1F
148	F47C	02F4	25
148	F47C	0268	27
148	F47C	029C	2D
148	F47C	02D0	2D
148	F47C	0244	31
148	F47C	0278	31
148	F47C	02AC	35
148	F47C	02E0	39
148	F47C	0254	40
148	D144	0288	F4
148	D144	02BC	F4
148	D144	02F0	F4
148	D144	0264	F4
148	D144	0298	F4
148	D144	02CC	F4
148	D144	0240	F4
148	D144	0274	F4
148	D144	02A8	F4
148	D144	02DC	F4
148	D144	0250	F4
148	D144	0284	F4
148	D144	02B8	F4
148	D144	02EC	F4
148	D144	0260	F4
148	D144	0294	F4
148	D144	02C8	F4
148	D144	02FC	F4
148	D144	0270	F4
148	D144	02A4	F4
148	D144	02D8	F4
148	D144	024C	F4
148	D144	0280	F4
148	D144	02B4	F4
148	D144	02E8	F4
148	D144	025C	F4
148	D144	0290	F4
148	D144	02C4	F4
148	D144	02F8	F4
148	D144	026C	F4
148	D144	02A0	F4
148	D144	02D4	F4
148	D144	0248	F4
148	D144	027C	F4
148	D144	02B0	F4
148	D144	02E4	F4
148	D144	0258	F4
148	D144	028C	F4
149	F47C	0200	B7
149	F47C	0204	B7
149	F47C	0208	B7
149	F47C	020C	B7
149	F47C	0210	BF
149	F47C	0214	BF
149	F47C	0218	BF
149	F47C	021C	BF
149	F47C	0220	C7
149	F47C	0224	C7
149	F47C	0228	C7
149	F47C	022C	C7
149	F47C	0230	CF
149	F47C	0234	CF
149	F47C	0238	CF
149	F47C	023C	CF
149	F47C	02F4	1F
149	F47C	0268	25
149	F47C	029C	27
149	F47C	02D0	2D
149	F47C	0244	2D
149	F47C	0278	31
149	F47C	02AC	31
149	F47C	02E0	35
149	F47C	0254	39
149	F47C	0288	40
149	D144	02BC	F4
149	D144	02F0	F4
149	D144	0264	F4
149	D144	0298	F4
149	D144	02CC	F4
149	D144	0240	F4
149	D144	0274	F4
149	D144	02A8	F4
149	D144	02DC	F4
149	D144	0250	F4
149	D144	0284	F4
149	D144	02B8	F4
149	D144	02EC	F4
149	D144	0260	F4
149	D144	0294	F4
149	D144	02C8	F4
149	D144	02FC	F4
149	D144	0270	F4
149	D144	02A4	F4
149	D144	02D8	F4
149	D144	024C	F4
149	D144	0280	F4
149	D144	02B4	F4
149	D144	02E8	F4
149	D144	025C	F4
149	D144	0290	F4
149	D144	02C4	F4
149	D144	02F8	F4
149	D144	026C	F4
149	D144	02A0	F4
149	D144	02D4	F4
149	D144	0248	F4
149	D144	027C	F4
149	D144	02B0	F4
149	D144	02E4	F4
149	D144	0258	F4
149	D144	028C	F4
149	D144	02C0	F4
150	F47C	0200	B7
150	F47C	0204	B7
150	F47C	0208	B7
150	F47C	020C	B7
150	F47C	0210	BF
150	F47C	0214	BF
150	F47C	0218	BF
150	F47C	021C	BF
150	F47C	0220	C7
150	F47C	0224	C7
150	F47C	0228	C7
150	F47C	022C	C7
150	F47C	0230	CF
150	F47C	0234	CF
150	F47C	0238	CF
150	F47C	023C	CF
150	F47C	0268	1F
150	F47C	029C	25
150	F47C	02D0	27
150	F47C	0244	2D
150	F47C	0278	2D
150	F47C	02AC	31
150	F47C	02E0	31
150	F47C	0254	35
150	F47C	0288	39
150	F47C	02BC	40
150	D144	02F0	F4
150	D144	0264	F4
150	D144	0298	F4
150	D144	02CC	F4
150	D144	0240	F4
150	D144	0274	F4
150	D144	02A8	F4
150	D144	02DC	F4
150	D144	0250	F4
150	D144	0284	F4
150	D144	02B8	F4
150	D144	02EC	F4
150	D144	0260	F4
150	D144	0294	F4
150	D144	02C8	F4
150	D144	02FC	F4
150	D144	0270	F4
150	D144	02A4	F4
150	D144	02D8	F4
150	D144	024C	F4
150	D144	0280	F4
150	D144	02B4	F4
150	D144	02E8	F4
150	D144	025C	F4
150	D144	0290	F4
150	D144	02C4	F4
150	D144	02F8	F4
150	D144	026C	F4
150	D144	02A0	F4
150	D144	02D4	F4
150	D144	0248	F4
150	D144	027C	F4
150	D144	02B0	F4
150	D144	02E4	F4
150	D144	0258	F4
150	D144	028C	F4
150	D144	02C0	F4
150	D144	02F4	F4
151	F47C	0200	B7
151	F47C	0204	B7
151	F47C	0208	B7
151	F47C	020C	B7
151	F47C	0210	BF
151	F47C	0214	BF
151	F47C	0218	BF
151	F47C	021C	BF
151	F47C	0220	C7
151	F47C	0224	C7
151	F47C	0228	C7
151	F47C	022C	C7
151	F47C	0230	CF
151	F47C	0234	CF
151	F47C	0238	CF
151	F47C	023C	CF
151	F47C	025C	1F
151	F47C	0290	25
151	F47C	02C4	27
151	F47C	02F8	2D
151	F47C	026C	2D
151	F47C	02A0	31
151	F47C	02D4	31
151	F47C	0248	35
151	F47C	027C	39
151	F47C	02B0	40
151	D144	02E4	F4
151	D144	0258	F4
151	D144	028C	F4
151	D144	02C0	F4
151	D144	02F4	F4
151	D144	0268	F4
151	D144	029C	F4
151	D144	02D0	F4
151	D144	0244	F4
151	D144	0278	F4
151	D144	02AC	F4
151	D144	02E0	F4
151	D144	0254	F4
151	D144	0288	F4
151	D144	02BC	F4
151	D144	02F0	F4
151	D144	0264	F4
151	D144	0298	F4
151	D144	02CC	F4
151	D144	0240	F4
151	D144	0274	F4
151	D144	02A8	F4
151	D144	02DC	F4
151	D144	0250	F4
151	D144	0284	F4
151	D144	02B8	F4
151	D144	02EC	F4
151	D144	0260	F4
151	D144	0294	F4
151	D144	02C8	F4
151	D144	02FC	F4
151	D144	0270	F4
151	D144	02A4	F4
151	D144	02D8	F4
151	D144	024C	F4
151	D144	0280	F4
151	D144	02B4	F4
151	D144	02E8	F4
152	F47C	0200	B7
152	F47C	0204	B7
152	F47C	0208	B7
152	F47C	020C	B7
152	F47C	0210	BF
152	F47C	0214	BF
152	F47C	0218	BF
152	F47C	021C	BF
152	F47C	0220	C7
152	F47C	0224	C7
152	F47C	0228	C7
152	F47C	022C	C7
152	F47C	0230	CF
152	F47C	0234	CF
152	F47C	0238	CF
152	F47C	023C	CF
152	F47C	0290	1F
152	F47C	02C4	25
152	F47C	02F8	27
152	F47C	026C	2D
152	F47C	02A0	2D
152	F47C	02D4	31
152	F47C	0248	31
152	F47C	027C	35
152	F47C	02B0	39
152	F47C	02E4	40
152	D144	0258	F4
152	D144	028C	F4
152	D144	02C0	F4
152	D144	02F4	F4
152	D144	0268	F4
152	D144	029C	F4
152	D144	02D0	F4
152	D144	0244	F4
152	D144	0278	F4
152	D144	02AC	F4
152	D144	02E0	F4
152	D144	0254	F4
152	D144	0288	F4
152	D144	02BC	F4
152	D144	02F0	F4
152	D144	0264	F4
152	D144	0298	F4
152	D144	02CC	F4
152	D144	0240	F4
152	D144	0274	F4
152	D144	02A8	F4
152	D144	02DC	F4
152	D144	0250	F4
152	D144	0284	F4
152	D144	02B8	F4
152	D144	02EC	F4
152	D144	0260	F4
152	D144	0294	F4
152	D144	02C8	F4
152	D144	02FC	F4
152	D144	0270	F4
152	D144	02A4	F4
152	D144	02D8	F4
152	D144	024C	F4
152	D144	0280	F4
152	D144	02B4	F4
152	D144	02E8	F4
152	D144	025C	F4
153	F47C	0200	B7
153	F47C	0204	B7
153	F47C	0208	B7
153	F47C	020C	B7
153	F47C	0210	BF
153	F47C	0214	BF
153	F47C	0218	BF
153	F47C	021C	BF
153	F47C	0220	C7
153	F47C	0224	C7
153	F47C	0228	C7
153	F47C	022C	C7
153	F47C	0230	CF
153	F47C	0234	CF
153	F47C	0238	CF
153	F47C	023C	CF
153	F47C	02C4	1F
153	F47C	02F8	25
153	F47C	026C	27
153	F47C	02A0	2D
153	F47C	02D4	2D
153	F47C	0248	31
153	F47C	027C	31
153	F47C	02B0	35
153	F47C	02E4	39
153	F47C	0258	40
153	D144	028C	F4
153	D144	02C0	F4
153	D144	02F4	F4
153	D144	0268	F4
153	D144	029C	F4
153	D144	02D0	F4
153	D144	0244	F4
153	D144	0278	F4
153	D144	02AC	F4
153	D144	02E0	F4
153	D144	0254	F4
153	D144	0288	F4
153	D144	02BC	F4
153	D144	02F0	F4
153	D144	0264	F4
153	D144	0298	F4
153	D144	02CC	F4
153	D144	0240	F4
153	D144	0274	F4
153	D144	02A8	F4
153	D144	02DC	F4
153	D144	0250	F4
153	D144	0284	F4
153	D144	02B8	F4
153	D144	02EC	F4
153	D144	0260	F4
153	D144	0294	F4
153	D144	02C8	F4
153	D144	02FC	F4
153	D144	0270	F4
153	D144	02A4	F4
153	D144	02D8	F4
153	D144	024C	F4
153	D144	0280	F4
153	D144	02B4	F4
153	D144	02E8	F4
153	D144	025C	F4
153	D144	0290	F4
154	F47C	0200	B7
154	F47C	0204	B7
154	F47C	0208	B7
154	F47C	020C	B7
154	F47C	0210	BF
154	F47C	0214	BF
154	F47C	0218	BF
154	F47C	021C	BF
154	F47C	0220	C7
154	F47C	0224	C7
154	F47C	0228	C7
154	F47C	022C	C7
154	F47C	0230	CF
154	F47C	0234	CF
154	F47C	0238	CF
154	F47C	023C	CF
154	F47C	02F8	1F
154	F47C	026C	25
154	F47C	02A0	27
154	F47C	02D4	2D
154	F47C	0248	2D
154	F47C	027C	31
154	F47C	02B0	31
154	F47C	02E4	35
154	F47C	0258	39
154	F47C	028C	40
154	D144	02C0	F4
154	D144	02F4	F4
154	D144	0268	F4
154	D144	029C	F4
154	D144	02D0	F4
154	D144	0244	F4
154	D144	0278	F4
154	D144	02AC	F4
154	D144	02E0	F4
154	D144	0254	F4
154	D144	0288	F4
154	D144	02BC	F4
154	D144	02F0	F4
154	D144	0264	F4
154	D144	0298	F4
154	D144	02CC	F4
154	D144	0240	F4
154	D144	0274	F4
154	D144	02A8	F4
154	D144	02DC	F4
154	D144	0250	F4
154	D144	0284	F4
154	D144	02B8	F4
154	D144	02EC	F4
154	D144	0260	F4
154	D144	0294	F4
154	D144	02C8	F4
154	D144	02FC	F4
154	D144	0270	F4
154	D144	02A4	F4
154	D144	02D8	F4
154	D144	024C	F4
154	D144	0280	F4
154	D144	02B4	F4
154	D144	02E8	F4
154	D144	025C	F4
154	D144	0290	F4
154	D144	02C4	F4
155	F47C	0200	B7
155	F47C	0204	B7
155	F47C	0208	B7
155	F47C	020C	B7
155	F47C	0210	BF
155	F47C	0214	BF
155	F47C	0218	BF
155	F47C	021C	BF
155	F47C	0220	C7
155	F47C	0224	C7
155	F47C	0228	C7
155	F47C	022C	C7
155	F47C	0230	CF
155	F47C	0234	CF
155	F47C	0238	CF
155	F47C	023C	CF
155	F47C	026C	1F
155	F47C	02A0	25
155	F47C	02D4	27
155	F47C	0248	2D
155	F47C	027C	2D
155	F47C	02B0	31
155	F47C	02E4	31
155	F47C	0258	35
155	F47C	028C	39
155	F47C	02C0	40
155	D144	02F4	F4
155	D144	0268	F4
155	D144	029C	F4
155	D144	02D0	F4
155	D144	0244	F4
155	D144	0278	F4
155	D144	02AC	F4
155	D144	02E0	F4
155	D144	0254	F4
155	D144	0288	F4
155	D144	02BC	F4
155	D144	02F0	F4
155	D144	0264	F4
155	D144	0298	F4
155	D144	02CC	F4
155	D144	0240	F4
155	D144	0274	F4
155	D144	02A8	F4
155	D144	02DC	F4
155	D144	0250	F4
155	D144	0284	F4
155	D144	02B8	F4
155	D144	02EC	F4
155	D144	0260	F4
155	D144	0294	F4
155	D144	02C8	F4
155	D144	02FC	F4
155	D144	0270	F4
155	D144	02A4	F4
155	D144	02D8	F4
155	D144	024C	F4
155	D144	0280	F4
155	D144	02B4	F4
155	D144	02E8	F4
155	D144	025C	F4
155	D144	0290	F4
155	D144	02C4	F4
155	D144	02F8	F4
156	F47C	0200	B7
156	F47C	0204	B7
156	F47C	0208	B7
156	F47C	020C	B7
156	F47C	0210	BF
156	F47C	0214	BF
156	F47C	0218	BF
156	F47C	021C	BF
156	F47C	0220	C7
156	F47C	0224	C7
156	F47C	0228	C7
156	F47C	022C	C7
156	F47C	0230	CF
156	F47C	0234	CF
156	F47C	0238	CF
156	F47C	023C	CF
156	F47C	0260	1F
156	F47C	0294	25
156	F47C	02C8	27
156	F47C	02FC	2D
156	F47C	0270	2D
156	F47C	02A4	31
156	F47C	02D8	31
156	F47C	024C	35
156	F47C	0280	39
156	F47C	02B4	40
156	D144	02E8	F4
156	D144	025C	F4
156	D144	0290	F4
156	D144	02C4	F4
156	D144	02F8	F4
156	D144	026C	F4
156	D144	02A0	F4
156	D144	02D4	F4
156	D144	0248	F4
156	D144	027C	F4
156	D144	02B0	F4
156	D144	02E4	F4
156	D144	0258	F4
156	D144	028C	F4
156	D144	02C0	F4
156	D144	02F4	F4
156	D144	0268	F4
156	D144	029C	F4
156	D144	02D0	F4
156	D144	0244	F4
156	D144	0278	F4
156	D144	02AC	F4
156	D144	02E0	F4
156	D144	0254	F4
156	D144	0288	F4
156	D144	02BC	F4
156	D144	02F0	F4
156	D144	0264	F4
156	D144	0298	F4
156	D144	02CC	F4
156	D144	0240	F4
156	D144	0274	F4
156	D144	02A8	F4
156	D144	02DC	F4
156	D144	0250	F4
156	D144	0284	F4
156	D144	02B8	F4
156	D144	02EC	F4
157	F47C	0200	B7
157	F47C	0204	B7
157	F47C	0208	B7
157	F47C	020C	B7
157	F47C	0210	BF
157	F47C	0214	BF
157	F47C	0218	BF
157	F47C	021C	BF
157	F47C	0220	C7
157	F47C	0224	C7
157	F47C	0228	C7
157	F47C	022C	C7
157	F47C	0230	CF
157	F47C	0234	CF
157	F47C	0238	CF
157	F47C	023C	CF
157	F47C	0294	1F
157	F47C	02C8	25
157	F47C	02FC	27
157	F47C	0270	2D
157	F47C	02A4	2D
157	F47C	02D8	31
157	F47C	024C	31
157	F47C	0280	35
157	F47C	02B4	39
157	F47C	02E8	40
157	D144	025C	F4
157	D144	0290	F4
157	D144	02C4	F4
157	D144	02F8	F4
157	D144	026C	F4
157	D144	02A0	F4
157	D144	02D4	F4
157	D144	0248	F4
157	D144	027C	F4
157	D144	02B0	F4
157	D144	02E4	F4
157	D144	0258	F4
157	D144	028C	F4
157	D144	02C0	F4
157	D144	02F4	F4
157	D144	0268	F4
157	D144	029C	F4
157	D144	02D0	F4
157	D144	0244	F4
157	D144	0278	F4
157	D144	02AC	F4
157	D144	02E0	F4
157	D144	0254	F4
157	D144	0288	F4
157	D144	02BC	F4
157	D144	02F0	F4
157	D144	0264	F4
157	D144	0298	F4
157	D144	02CC	F4
157	D144	0240	F4
157	D144	0274	F4
157	D144	02A8	F4
157	D144	02DC	F4
157	D144	0250	F4
157	D144	0284	F4
157	D144	02B8	F4
157	D144	02EC	F4
157	D144	0260	F4
158	F47C	0200	B7
158	F47C	0204	B7
158	F47C	0208	B7
158	F47C	020C	B7
158	F47C	0210	BF
158	F47C	0214	BF
158	F47C	0218	BF
158	F47C	021C	BF
158	F47C	0220	C7
158	F47C	0224	C7
158	F47C	0228	C7
158	F47C	022C	C7
158	F47C	0230	CF
158	F47C	0234	CF
158	F47C	0238	CF
158	F47C	023C	CF
158	F47C	02C8	1F
158	F47C	02FC	25
158	F47C	0270	27
158	F47C	02A4	2D
158	F47C	02D8	2D
158	F47C	024C	31
158	F47C	0280	31
158	F47C	02B4	35
158	F47C	02E8	39
158	F47C	025C	40
158	D144	0290	F4
158	D144	02C4	F4
158	D144	02F8	F4
158	D144	026C	F4
158	D144	02A0	F4
158	D144	02D4	F4
158	D144	0248	F4
158	D144	027C	F4
158	D144	02B0	F4
158	D144	02E4	F4
158	D144	0258	F4
158	D144	028C	F4
158	D144	02C0	F4
158	D144	02F4	F4
158	D144	0268	F4
158	D144	029C	F4
158	D144	02D0	F4
158	D144	0244	F4
158	D144	0278	F4
158	D144	02AC	F4
158	D144	02E0	F4
158	D144	0254	F4
158	D144	0288	F4
158	D144	02BC	F4
158	D144	02F0	F4
158	D144	0264	F4
158	D144	0298	F4
158	D144	02CC	F4
158	D144	0240	F4
158	D144	0274	F4
158	D144	02A8	F4
158	D144	02DC	F4
158	D144	0250	F4
158	D144	0284	F4
158	D144	02B8	F4
158	D144	02EC	F4
158	D144	0260	F4
158	D144	0294	F4
159	F47C	0200	B7
159	F47C	0204	B7
159	F47C	0208	B7
159	F47C	020C	B7
159	F47C	0210	BF
159	F47C	0214	BF
159	F47C	0218	BF
159	F47C	021C	BF
159	F47C	0220	C7
159	F47C	0224	C7
159	F47C	0228	C7
159	F47C	022C	C7
159	F47C	0230	CF
159	F47C	0234	CF
159	F47C	0238	CF
159	F47C	023C	CF
159	F47C	02FC	1F
159	F47C	0270	25
159	F47C	02A4	27
159	F47C	02D8	2D
159	F47C	024C	2D
159	F47C	0280	31
159	F47C	02B4	31
159	F47C	02E8	35
159	F47C	025C	39
159	F47C	0290	40
159	D144	02C4	F4
159	D144	02F8	F4
159	D144	026C	F4
159	D144	02A0	F4
159	D144	02D4	F4
159	D144	0248	F4
159	D144	027C	F4
159	D144	02B0	F4
159	D144	02E4	F4
159	D144	0258	F4
159	D144	028C	F4
159	D144	02C0	F4
159	D144	02F4	F4
159	D144	0268	F4
159	D144	029C	F4
159	D144	02D0	F4
159	D144	0244	F4
159	D144	0278	F4
159	D144	02AC	F4
159	D144	02E0	F4
159	D144	0254	F4
159	D144	0288	F4
159	D144	02BC	F4
159	D144	02F0	F4
159	D144	0264	F4
159	D144	0298	F4
159	D144	02CC	F4
159	D144	0240	F4
159	D144	0274	F4
159	D144	02A8	F4
159	D144	02DC	F4
159	D144	0250	F4
159	D144	0284	F4
159	D144	02B8	F4
159	D144	02EC	F4
159	D144	0260	F4
159	D144	0294	F4
159	D144	02C8	F4
160	F47C	0200	B7
160	F47C	0204	B7
160	F47C	0208	B7
160	F47C	020C	B7
160	F47C	0210	BF
160	F47C	0214	BF
160	F47C	0218	BF
160	F47C	021C	BF
160	F47C	0220	C7
160	F47C	0224	C7
160	F47C	0228	C7
160	F47C	022C	C7
160	F47C	0230	CF
160	F47C	0234	CF
160	F47C	0238	CF
160	F47C	023C	CF
160	F47C	0270	1F
160	F47C	02A4	25
160	F47C	02D8	27
160	F47C	024C	2D
160	F47C	0280	2D
160	F47C	02B4	31
160	F47C	02E8	31
160	F47C	025C	35
160	F47C	0290	39
160	F47C	02C4	40
160	D144	02F8	F4
160	D144	026C	F4
160	D144	02A0	F4
160	D144	02D4	F4
160	D144	0248	F4
160	D144	027C	F4
160	D144	02B0	F4
160	D144	02E4	F4
160	D144	0258	F4
160	D144	028C	F4
160	D144	02C0	F4
160	D144	02F4	F4
160	D144	0268	F4
160	D144	029C	F4
160	D144	02D0	F4
160	D144	0244	F4
160	D144	0278	F4
160	D144	02AC	F4
160	D144	02E0	F4
160	D144	0254	F4
160	D144	0288	F4
160	D144	02BC	F4
160	D144	02F0	F4
160	D144	0264	F4
160	D144	0298	F4
160	D144	02CC	F4
160	D144	0240	F4
160	D144	0274	F4
160	D144	02A8	F4
160	D144	02DC	F4
160	D144	0250	F4
160	D144	0284	F4
160	D144	02B8	F4
160	D144	02EC	F4
160	D144	0260	F4
160	D144	0294	F4
160	D144	02C8	F4
160	D144	02FC	F4
161	F47C	0200	B7
161	F47C	0204	B7
161	F47C	0208	B7
161	F47C	020C	B7
161	F47C	0210	BF
161	F47C	0214	BF
161	F47C	0218	BF
161	F47C	021C	BF
161	F47C	0220	C7
161	F47C	0224	C7
161	F47C	0228	C7
161	F47C	022C	C7
161	F47C	0230	CF
161	F47C	0234	CF
161	F47C	0238	CF
161	F47C	023C	CF
161	F47C	0264	1F
161	F47C	0298	25
161	F47C	02CC	27
161	F47C	0240	2D
161	F47C	0274	2D
161	F47C	02A8	31
161	F47C	02DC	31
161	F47C	0250	35
161	F47C	0284	39
161	F47C	02B8	40
161	D144	02EC	F4
161	D144	0260	F4
161	D144	0294	F4
161	D144	02C8	F4
161	D144	02FC	F4
161	D144	0270	F4
161	D144	02A4	F4
161	D144	02D8	F4
161	D144	024C	F4
161	D144	0280	F4
161	D144	02B4	F4
161	D144	02E8	F4
161	D144	025C	F4
161	D144	0290	F4
161	D144	02C4	F4
161	D144	02F8	F4
161	D144	026C	F4
161	D144	02A0	F4
161	D144	02D4	F4
161	D144	0248	F4
161	D144	027C	F4
161	D144	02B0	F4
161	D144	02E4	F4
161	D144	0258	F4
161	D144	028C	F4
161	D144	02C0	F4
161	D144	02F4	F4
161	D144	0268	F4
161	D144	029C	F4
161	D144	02D0	F4
161	D144	0244	F4
161	D144	0278	F4
161	D144	02AC	F4
161	D144	02E0	F4
161	D144	0254	F4
161	D144	0288	F4
161	D144	02BC	F4
161	D144	02F0	F4
162	F47C	0200	B7
162	F47C	0204	B7
162	F47C	0208	B7
162	F47C	020C	B7
162	F47C	0210	BF
162	F47C	0214	BF
162	F47C	0218	BF
162	F47C	021C	BF
162	F47C	0220	C7
162	F47C	0224	C7
162	F47C	0228	C7
162	F47C	022C	C7
162	F47C	0230	CF
162	F47C	0234	CF
162	F47C	0238	CF
162	F47C	023C	CF
162	F47C	0298	1F
162	F47C	02CC	25
162	F47C	0240	27
162	F47C	0274	2D
162	F47C	02A8	2D
162	F47C	02DC	31
162	F47C	0250	31
162	F47C	0284	35
162	F47C	02B8	39
162	F47C	02EC	40
162	D144	0260	F4
162	D144	0294	F4
162	D144	02C8	F4
162	D144	02FC	F4
162	D144	0270	F4
162	D144	02A4	F4
162	D144	02D8	F4
162	D144	024C	F4
162	D144	0280	F4
162	D144	02B4	F4
162	D144	02E8	F4
162	D144	025C	F4
162	D144	0290	F4
162	D144	02C4	F4
162	D144	02F8	F4
162	D144	026C	F4
162	D144	02A0	F4
162	D144	02D4	F4
162	D144	0248	F4
162	D144	027C	F4
162	D144	02B0	F4
162	D144	02E4	F4
162	D144	0258	F4
162	D144	028C	F4
162	D144	02C0	F4
162	D144	02F4	F4
162	D144	0268	F4
162	D144	029C	F4
162	D144	02D0	F4
162	D144	0244	F4
162	D144	0278	F4
162	D144	02AC	F4
162	D144	02E0	F4
162	D144	0254	F4
162	D144	0288	F4
162	D144	02BC	F4
162	D144	02F0	F4
162	D144	0264	F4
163	F47C	0200	B7
163	F47C	0204	B7
163	F47C	0208	B7
163	F47C	020C	B7
163	F47C	0210	BF
163	F47C	0214	BF
163	F47C	0218	BF
163	F47C	021C	BF
163	F47C	0220	C7
163	F47C	0224	C7
163	F47C	0228	C7
163	F47C	022C	C7
163	F47C	0230	CF
163	F47C	0234	CF
163	F47C	0238	CF
163	F47C	023C	CF
163	F47C	02CC	1F
163	F47C	0240	25
163	F47C	0274	27
163	F47C	02A8	2D
163	F47C	02DC	2D
163	F47C	0250	31
163	F47C	0284	31
163	F47C	02B8	35
163	F47C	02EC	39
163	F47C	0260	40
163	D144	0294	F4
163	D144	02C8	F4
163	D144	02FC	F4
163	D144	0270	F4
163	D144	02A4	F4
163	D144	02D8	F4
163	D144	024C	F4
163	D144	0280	F4
163	D144	02B4	F4
163	D144	02E8	F4
163	D144	025C	F4
163	D144	0290	F4
163	D144	02C4	F4
163	D144	02F8	F4
163	D144	026C	F4
163	D144	02A0	F4
163	D144	02D4	F4
163	D144	0248	F4
163	D144	027C	F4
163	D144	02B0	F4
163	D144	02E4	F4
163	D144	0258	F4
163	D144	028C	F4
163	D144	02C0	F4
163	D144	02F4	F4
163	D144	0268	F4
163	D144	029C	F4
163	D144	02D0	F4
163	D144	0244	F4
163	D144	0278	F4
163	D144	02AC	F4
163	D144	02E0	F4
163	D144	0254	F4
163	D144	0288	F4
163	D144	02BC	F4
163	D144	02F0	F4
163	D144	0264	F4
163	D144	0298	F4
164	F47C	0200	B7
164	F47C	0204	B7
164	F47C	0208	B7
164	F47C	020C	B7
164	F47C	0210	BF
164	F47C	0214	BF
164	F47C	0218	BF
164	F47C	021C	BF
164	F47C	0220	C7
164	F47C	0224	C7
164	F47C	0228	C7
164	F47C	022C	C7
164	F47C	0230	CF
164	F47C	0234	CF
164	F47C	0238	CF
164	F47C	023C	CF
164	F47C	0240	1F
164	F47C	0274	25
164	F47C	02A8	27
164	F47C	02DC	2D
164	F47C	0250	2D
164	F47C	0284	31
164	F47C	02B8	31
164	F47C	02EC	35
164	F47C	0260	39
164	F47C	0294	40
164	D144	02C8	F4
164	D144	02FC	F4
164	D144	0270	F4
164	D144	02A4	F4
164	D144	02D8	F4
164	D144	024C	F4
164	D144	0280	F4
164	D144	02B4	F4
164	D144	02E8	F4
164	D144	025C	F4
164	D144	0290	F4
164	D144	02C4	F4
164	D144	02F8	F4
164	D144	026C	F4
164	D144	02A0	F4
164	D144	02D4	F4
164	D144	0248	F4
164	D144	027C	F4
164	D144	02B0	F4
164	D144	02E4	F4
164	D144	0258	F4
164	D144	028C	F4
164	D144	02C0	F4
164	D144	02F4	F4
164	D144	0268	F4
164	D144	029C	F4
164	D144	02D0	F4
164	D144	0244	F4
164	D144	0278	F4
164	D144	02AC	F4
164	D144	02E0	F4
164	D144	0254	F4
164	D144	0288	F4
164	D144	02BC	F4
164	D144	02F0	F4
164	D144	0264	F4
164	D144	0298	F4
164	D144	02CC	F4
165	F47C	0200	B7
165	F47C	0204	B7
165	F47C	0208	B7
165	F47C	020C	B7
165	F47C	0210	BF
165	F47C	0214	BF
165	F47C	0218	BF
165	F47C	021C	BF
165	F47C	0220	C7
165	F47C	0224	C7
165	F47C	0228	C7
165	F47C	022C	C7
165	F47C	0230	CF
165	F47C	0234	CF
165	F47C	0238	CF
165	F47C	023C	CF
165	F47C	0274	1F
165	F47C	02A8	25
165	F47C	02DC	27
165	F47C	0250	2D
165	F47C	0284	2D
165	F47C	02B8	31
165	F47C	02EC	31
165	F47C	0260	35
165	F47C	0294	39
165	F47C	02C8	40
165	D144	02FC	F4
165	D144	0270	F4
165	D144	02A4	F4
165	D144	02D8	F4
165	D144	024C	F4
165	D144	0280	F4
165	D144	02B4	F4
165	D144	02E8	F4
165	D144	025C	F4
165	D144	0290	F4
165	D144	02C4	F4
165	D144	02F8	F4
165	D144	026C	F4
165	D144	02A0	F4
165	D144	02D4	F4
165	D144	0248	F4
165	D144	027C	F4
165	D144	02B0	F4
165	D144	02E4	F4
165	D144	0258	F4
165	D144	028C	F4
165	D144	02C0	F4
165	D144	02F4	F4
165	D144	0268	F4
165	D144	029C	F4
165	D144	02D0	F4
165	D144	0244	F4
165	D144	0278	F4
165	D144	02AC	F4
165	D144	02E0	F4
165	D144	0254	F4
165	D144	0288	F4
165	D144	02BC	F4
165	D144	02F0	F4
165	D144	0264	F4
165	D144	0298	F4
165	D144	02CC	F4
165	D144	0240	F4
166	F47C	0200	B7
166	F47C	0204	B7
166	F47C	0208	B7
166	F47C	020C	B7
166	F47C	0210	BF
166	F47C	0214	BF
166	F47C	0218	BF
166	F47C	021C	BF
166	F47C	0220	C7
166	F47C	0224	C7
166	F47C	0228	C7
166	F47C	022C	C7
166	F47C	0230	CF
166	F47C	0234	CF
166	F47C	0238	CF
166	F47C	023C	CF
166	F47C	0268	1F
166	F47C	029C	25
166	F47C	02D0	27
166	F47C	0244	2D
166	F47C	0278	2D
166	F47C	02AC	31
166	F47C	02E0	31
166	F47C	0254	35
166	F47C	0288	39
166	F47C	02BC	40
166	D144	02F0	F4
166	D144	0264	F4
166	D144	0298	F4
166	D144	02CC	F4
166	D144	0240	F4
166	D144	0274	F4
166	D144	02A8	F4
166	D144	02DC	F4
166	D144	0250	F4
166	D144	0284	F4
166	D144	02B8	F4
166	D144	02EC	F4
166	D144	0260	F4
166	D144	0294	F4
166	D144	02C8	F4
166	D144	02FC	F4
166	D144	0270	F4
166	D144	02A4	F4
166	D144	02D8	F4
166	D144	024C	F4
166	D144	0280	F4
166	D144	02B4	F4
166	D144	02E8	F4
166	D144	025C	F4
166	D144	0290	F4
166	D144	02C4	F4
166	D144	02F8	F4
166	D144	026C	F4
166	D144	02A0	F4
166	D144	02D4	F4
166	D144	0248	F4
166	D144	027C	F4
166	D144	02B0	F4
166	D144	02E4	F4
166	D144	0258	F4
166	D144	028C	F4
166	D144	02C0	F4
166	D144	02F4	F4
167	F47C	0200	B7
167	F47C	0204	B7
167	F47C	0208	B7
167	F47C	020C	B7
167	F47C	0210	BF
167	F47C	0214	BF
167	F47C	0218	BF
167	F47C	021C	BF
167	F47C	0220	C7
167	F47C	0224	C7
167	F47C	0228	C7
167	F47C	022C	C7
167	F47C	0230	CF
167	F47C	0234	CF
167	F47C	0238	CF
167	F47C	023C	CF
167	F47C	029C	1F
167	F47C	02D0	25
167	F47C	0244	27
167	F47C	0278	2D
167	F47C	02AC	2D
167	F47C	02E0	31
167	F47C	0254	31
167	F47C	0288	35
167	F47C	02BC	39
167	F47C	02F0	40
167	D144	0264	F4
167	D144	0298	F4
167	D144	02CC	F4
167	D144	0240	F4
167	D144	0274	F4
167	D144	02A8	F4
167	D144	02DC	F4
167	D144	0250	F4
167	D144	0284	F4
167	D144	02B8	F4
167	D144	02EC	F4
167	D144	0260	F4
167	D144	0294	F4
167	D144	02C8	F4
167	D144	02FC	F4
167	D144	0270	F4
167	D144	02A4	F4
167	D144	02D8	F4
167	D144	024C	F4
167	D144	0280	F4
167	D144	02B4	F4
167	D144	02E8	F4
167	D144	025C	F4
167	D144	0290	F4
167	D144	02C4	F4
167	D144	02F8	F4
167	D144	026C	F4
167	D144	02A0	F4
167	D144	02D4	F4
167	D144	0248	F4
167	D144	027C	F4
167	D144	02B0	F4
167	D144	02E4	F4
167	D144	0258	F4
167	D144	028C	F4
167	D144	02C0	F4
167	D144	02F4	F4
167	D144	0268	F4
168	F47C	0200	B7
168	F47C	0204	B7
168	F47C	0208	B7
168	F47C	020C	B7
168	F47C	0210	BF
168	F47C	0214	BF
168	F47C	0218	BF
168	F47C	021C	BF
168	F47C	0220	C7
168	F47C	0224	C7
168	F47C	0228	C7
168	F47C	022C	C7
168	F47C	0230	CF
168	F47C	0234	CF
168	F47C	0238	CF
168	F47C	023C	CF
168	F47C	02D0	1F
168	F47C	0244	25
168	F47C	0278	27
168	F47C	02AC	2D
168	F47C	02E0	2D
168	F47C	0254	31
168	F47C	0288	31
168	F47C	02BC	35
168	F47C	02F0	39
168	F47C	0264	40
168	D144	0298	F4
168	D144	02CC	F4
168	D144	0240	F4
168	D144	0274	F4
168	D144	02A8	F4
168	D144	02DC	F4
168	D144	0250	F4
168	D144	0284	F4
168	D144	02B8	F4
168	D144	02EC	F4
168	D144	0260	F4
168	D144	0294	F4
168	D144	02C8	F4
168	D144	02FC	F4
168	D144	0270	F4
168	D144	02A4	F4
168	D144	02D8	F4
168	D144	024C	F4
168	D144	0280	F4
168	D144	02B4	F4
168	D144	02E8	F4
168	D144	025C	F4
168	D144	0290	F4
168	D144	02C4	F4
168	D144	02F8	F4
168	D144	026C	F4
168	D144	02A0	F4
168	D144	02D4	F4
168	D144	0248	F4
168	D144	027C	F4
168	D144	02B0	F4
168	D144	02E4	F4
168	D144	0258	F4
168	D144	028C	F4
168	D144	02C0	F4
168	D144	02F4	F4
168	D144	0268	F4
168	D144	029C	F4
169	F47C	0200	B7
169	F47C	0204	B7
169	F47C	0208	B7
169	F47C	020C	B7
169	F47C	0210	BF
169	F47C	0214	BF
169	F47C	0218	BF
169	F47C	021C	BF
169	F47C	0220	C7
169	F47C	0224	C7
169	F47C	0228	C7
169	F47C	022C	C7
169	F47C	0230	CF
169	F47C	0234	CF
169	F47C	0238	CF
169	F47C	023C	CF
169	F47C	0244	1F
169	F47C	0278	25
169	F47C	02AC	27
169	F47C	02E0	2D
169	F47C	0254	2D
169	F47C	0288	31
169	F47C	02BC	31
169	F47C	02F0	35
169	F47C	0264	39
169	F47C	0298	40
169	D144	02CC	F4
169	D144	0240	F4
169	D144	0274	F4
169	D144	02A8	F4
169	D144	02DC	F4
169	D144	0250	F4
169	D144	0284	F4
169	D144	02B8	F4
169	D144	02EC	F4
169	D144	0260	F4
169	D144	0294	F4
169	D144	02C8	F4
169	D144	02FC	F4
169	D144	0270	F4
169	D144	02A4	F4
169	D144	02D8	F4
169	D144	024C	F4
169	D144	0280	F4
169	D144	02B4	F4
169	D144	02E8	F4
169	D144	025C	F4
169	D144	0290	F4
169	D144	02C4	F4
169	D144	02F8	F4
169	D144	026C	F4
169	D144	02A0	F4
169	D144	02D4	F4
169	D144	0248	F4
169	D144	027C	F4
169	D144	02B0	F4
169	D144	02E4	F4
169	D144	0258	F4
169	D144	028C	F4
169	D144	02C0	F4
169	D144	02F4	F4
169	D144	0268	F4
169	D144	029C	F4
169	D144	02D0	F4
170	F47C	0200	B7
170	F47C	0204	B7
170	F47C	0208	B7
170	F47C	020C	B7
170	F47C	0210	BF
170	F47C	0214	BF
170	F47C	0218	BF
170	F47C	021C	BF
170	F47C	0220	C7
170	F47C	0224	C7
170	F47C	0228	C7
170	F47C	022C	C7
170	F47C	0230	CF
170	F47C	0234	CF
170	F47C	0238	CF
170	F47C	023C	CF
170	F47C	0278	1F
170	F47C	02AC	25
170	F47C	02E0	27
170	F47C	0254	2D
170	F47C	0288	2D
170	F47C	02BC	31
170	F47C	02F0	31
170	F47C	0264	35
170	F47C	0298	39
170	F47C	02CC	40
170	D144	0240	F4
170	D144	0274	F4
170	D144	02A8	F4
170	D144	02DC	F4
170	D144	0250	F4
170	D144	0284	F4
170	D144	02B8	F4
170	D144	02EC	F4
170	D144	0260	F4
170	D144	0294	F4
170	D144	02C8	F4
170	D144	02FC	F4
170	D144	0270	F4
170	D144	02A4	F4
170	D144	02D8	F4
170	D144	024C	F4
170	D144	0280	F4
170	D144	02B4	F4
170	D144	02E8	F4
170	D144	025C	F4
170	D144	0290	F4
170	D144	02C4	F4
170	D144	02F8	F4
170	D144	026C	F4
170	D144	02A0	F4
170	D144	02D4	F4
170	D144	0248	F4
170	D144	027C	F4
170	D144	02B0	F4
170	D144	02E4	F4
170	D144	0258	F4
170	D144	028C	F4
170	D144	02C0	F4
170	D144	02F4	F4
170	D144	0268	F4
170	D144	029C	F4
170	D144	02D0	F4
170	D144	0244	F4
171	F47C	0200	B7
171	F47C	0204	B7
171	F47C	0208	B7
171	F47C	020C	B7
171	F47C	0210	BF
171	F47C	0214	BF
171	F47C	0218	BF
171	F47C	021C	BF
171	F47C	0220	C7
171	F47C	0224	C7
171	F47C	0228	C7
171	F47C	022C	C7
171	F47C	0230	CF
171	F47C	0234	CF
171	F47C	0238	CF
171	F47C	023C	CF
171	F47C	026C	1F
171	F47C	02A0	25
171	F47C	02D4	27
171	F47C	0248	2D
171	F47C	027C	2D
171	F47C	02B0	31
171	F47C	02E4	31
171	F47C	0258	35
171	F47C	028C	39
171	F47C	02C0	40
171	D144	02F4	F4
171	D144	0268	F4
171	D144	029C	F4
171	D144	02D0	F4
171	D144	0244	F4
171	D144	0278	F4
171	D144	02AC	F4
171	D144	02E0	F4
171	D144	0254	F4
171	D144	0288	F4
171	D144	02BC	F4
171	D144	02F0	F4
171	D144	0264	F4
171	D144	0298	F4
171	D144	02CC	F4
171	D144	0240	F4
171	D144	0274	F4
171	D144	02A8	F4
171	D144	02DC	F4
171	D144	0250	F4
171	D144	0284	F4
171	D144	02B8	F4
171	D144	02EC	F4
171	D144	0260	F4
171	D144	0294	F4
171	D144	02C8	F4
171	D144	02FC	F4
171	D144	0270	F4
171	D144	02A4	F4
171	D144	02D8	F4
171	D144	024C	F4
171	D144	0280	F4
171	D144	02B4	F4
171	D144	02E8	F4
171	D144	025C	F4
171	D144	0290	F4
171	D144	02C4	F4
171	D144	02F8	F4
172	F47C	0200	B7
172	F47C	0204	B7
172	F47C	0208	B7
172	F47C	020C	B7
172	F47C	0210	BF
172	F47C	0214	BF
172	F47C	0218	BF
172	F47C	021C	BF
172	F47C	0220	C7
172	F47C	0224	C7
172	F47C	0228	C7
172	F47C	022C	C7
172	F47C	0230	CF
172	F47C	0234	CF
172	F47C	0238	CF
172	F47C	023C	CF
172	F47C	02A0	1F
172	F47C	02D4	25
172	F47C	0248	27
172	F47C	027C	2D
172	F47C	02B0	2D
172	F47C	02E4	31
172	F47C	0258	31
172	F47C	028C	35
172	F47C	02C0	39
172	F47C	02F4	40
172	D144	0268	F4
172	D144	029C	F4
172	D144	02D0	F4
172	D144	0244	F4
172	D144	0278	F4
172	D144	02AC	F4
172	D144	02E0	F4
172	D144	0254	F4
172	D144	0288	F4
172	D144	02BC	F4
172	D144	02F0	F4
172	D144	0264	F4
172	D144	0298	F4
172	D144	02CC	F4
172	D144	0240	F4
172	D144	0274	F4
172	D144	02A8	F4
172	D144	02DC	F4
172	D144	0250	F4
172	D144	0284	F4
172	D144	02B8	F4
172	D144	02EC	F4
172	D144	0260	F4
172	D144	0294	F4
172	D144	02C8	F4
172	D144	02FC	F4
172	D144	0270	F4
172	D144	02A4	F4
172	D144	02D8	F4
172	D144	024C	F4
172	D144	0280	F4
172	D144	02B4	F4
172	D144	02E8	F4
172	D144	025C	F4
172	D144	0290	F4
172	D144	02C4	F4
172	D144	02F8	F4
172	D144	026C	F4
173	F47C	0200	B7
173	F47C	0204	B7
173	F47C	0208	B7
173	F47C	020C	B7
173	F47C	0210	BF
173	F47C	0214	BF
173	F47C	0218	BF
173	F47C	021C	BF
173	F47C	0220	C7
173	F47C	0224	C7
173	F47C	0228	C7
173	F47C	022C	C7
173	F47C	0230	CF
173	F47C	0234	CF
173	F47C	0238	CF
173	F47C	023C	CF
173	F47C	02D4	1F
173	F47C	0248	25
173	F47C	027C	27
173	F47C	02B0	2D
173	F47C	02E4	2D
173	F47C	0258	31
173	F47C	028C	31
173	F47C	02C0	35
173	F47C	02F4	39
173	F47C	0268	40
173	D144	029C	F4
173	D144	02D0	F4
173	D144	0244	F4
173	D144	0278	F4
173	D144	02AC	F4
173	D144	02E0	F4
173	D144	0254	F4
173	D144	0288	F4
173	D144	02BC	F4
173	D144	02F0	F4
173	D144	0264	F4
173	D144	0298	F4
173	D144	02CC	F4
173	D144	0240	F4
173	D144	0274	F4
173	D144	02A8	F4
173	D144	02DC	F4
173	D144	0250	F4
173	D144	0284	F4
173	D144	02B8	F4
173	D144	02EC	F4
173	D144	0260	F4
173	D144	0294	F4
173	D144	02C8	F4
173	D144	02FC	F4
173	D144	0270	F4
173	D144	02A4	F4
173	D144	02D8	F4
173	D144	024C	F4
173	D144	0280	F4
173	D144	02B4	F4
173	D144	02E8	F4
173	D144	025C	F4
173	D144	0290	F4
173	D144	02C4	F4
173	D144	02F8	F4
173	D144	026C	F4
173	D144	02A0	F4
174	F47C	0200	B7
174	F47C	0204	B7
174	F47C	0208	B7
174	F47C	020C	B7
174	F47C	0210	BF
174	F47C	0214	BF
174	F47C	0218	BF
174	F47C	021C	BF
174	F47C	0220	C7
174	F47C	0224	C7
174	F47C	0228	C7
174	F47C	022C	C7
174	F47C	0230	CF
174	F47C	0234	CF
174	F47C	0238	CF
174	F47C	023C	CF
174	F47C	0248	1F
174	F47C	027C	25
174	F47C	02B0	27
174	F47C	02E4	2D
174	F47C	0258	2D
174	F47C	028C	31
174	F47C	02C0	31
174	F47C	02F4	35
174	F47C	0268	39
174	F47C	029C	40
174	D144	02D0	F4
174	D144	0244	F4
174	D144	0278	F4
174	D144	02AC	F4
174	D144	02E0	F4
174	D144	0254	F4
174	D144	0288	F4
174	D144	02BC	F4
174	D144	02F0	F4
174	D144	0264	F4
174	D144	0298	F4
174	D144	02CC	F4
174	D144	0240	F4
174	D144	0274	F4
174	D144	02A8	F4
174	D144	02DC	F4
174	D144	0250	F4
174	D144	0284	F4
174	D144	02B8	F4
174	D144	02EC	F4
174	D144	0260	F4
174	D144	0294	F4
174	D144	02C8	F4
174	D144	02FC	F4
174	D144	0270	F4
174	D144	02A4	F4
174	D144	02D8	F4
174	D144	024C	F4
174	D144	0280	F4
174	D144	02B4	F4
174	D144	02E8	F4
174	D144	025C	F4
174	D144	0290	F4
174	D144	02C4	F4
174	D144	02F8	F4
174	D144	026C	F4
174	D144	02A0	F4
174	D144	02D4	F4
175	F47C	0200	B7
175	F47C	0204	B7
175	F47C	0208	B7
175	F47C	020C	B7
175	F47C	0210	BF
175	F47C	0214	BF
175	F47C	0218	BF
175	F47C	021C	BF
175	F47C	0220	C7
175	F47C	0224	C7
175	F47C	0228	C7
175	F47C	022C	C7
175	F47C	0230	CF
175	F47C	0234	CF
175	F47C	0238	CF
175	F47C	023C	CF
175	F47C	027C	1F
175	F47C	02B0	25
175	F47C	02E4	27
175	F47C	0258	2D
175	F47C	028C	2D
175	F47C	02C0	31
175	F47C	02F4	31
175	F47C	0268	35
175	F47C	029C	39
175	F47C	02D0	40
175	D144	0244	F4
175	D144	0278	F4
175	D144	02AC	F4
175	D144	02E0	F4
175	D144	0254	F4
175	D144	0288	F4
175	D144	02BC	F4
175	D144	02F0	F4
175	D144	0264	F4
175	D144	0298	F4
175	D144	02CC	F4
175	D144	0240	F4
175	D144	0274	F4
175	D144	02A8	F4
175	D144	02DC	F4
175	D144	0250	F4
175	D144	0284	F4
175	D144	02B8	F4
175	D144	02EC	F4
175	D144	0260	F4
175	D144	0294	F4
175	D144	02C8	F4
175	D144	02FC	F4
175	D144	0270	F4
175	D144	02A4	F4
175	D144	02D8	F4
175	D144	024C	F4
175	D144	0280	F4
175	D144	02B4	F4
175	D144	02E8	F4
175	D144	025C	F4
175	D144	0290	F4
175	D144	02C4	F4
175	D144	02F8	F4
175	D144	026C	F4
175	D144	02A0	F4
175	D144	02D4	F4
175	D144	0248	F4
176	F47C	0200	B7
176	F47C	0204	B7
176	F47C	0208	B7
176	F47C	020C	B7
176	F47C	0210	BF
176	F47C	0214	BF
176	F47C	0218	BF
176	F47C	021C	BF
176	F47C	0220	C7
176	F47C	0224	C7
176	F47C	0228	C7
176	F47C	022C	C7
176	F47C	0230	CF
176	F47C	0234	CF
176	F47C	0238	CF
176	F47C	023C	CF
176	F47C	0270	1F
176	F47C	02A4	25
176	F47C	02D8	27
176	F47C	024C	2D
176	F47C	0280	2D
176	F47C	02B4	31
176	F47C	02E8	31
176	F47C	025C	35
176	F47C	0290	39
176	F47C	02C4	40
176	D144	02F8	F4
176	D144	026C	F4
176	D144	02A0	F4
176	D144	02D4	F4
176	D144	0248	F4
176	D144	027C	F4
176	D144	02B0	F4
176	D144	02E4	F4
176	D144	0258	F4
176	D144	028C	F4
176	D144	02C0	F4
176	D144	02F4	F4
176	D144	0268	F4
176	D144	029C	F4
176	D144	02D0	F4
176	D144	0244	F4
176	D144	0278	F4
176	D144	02AC	F4
176	D144	02E0	F4
176	D144	0254	F4
176	D144	0288	F4
176	D144	02BC	F4
176	D144	02F0	F4
176	D144	0264	F4
176	D144	0298	F4
176	D144	02CC	F4
176	D144	0240	F4
176	D144	0274	F4
176	D144	02A8	F4
176	D144	02DC	F4
176	D144	0250	F4
176	D144	0284	F4
176	D144	02B8	F4
176	D144	02EC	F4
176	D144	0260	F4
176	D144	0294	F4
176	D144	02C8	F4
176	D144	02FC	F4
177	F47C	0200	B7
177	F47C	0204	B7
177	F47C	0208	B7
177	F47C	020C	B7
177	F47C	0210	BF
177	F47C	0214	BF
177	F47C	0218	BF
177	F47C	021C	BF
177	F47C	0220	C7
177	F47C	0224	C7
177	F47C	0228	C7
177	F47C	022C	C7
177	F47C	0230	CF
177	F47C	0234	CF
177	F47C	0238	CF
177	F47C	023C	CF
177	F47C	02A4	1F
177	F47C	02D8	25
177	F47C	024C	27
177	F47C	0280	2D
177	F47C	02B4	2D
177	F47C	02E8	31
177	F47C	025C	31
177	F47C	0290	35
177	F47C	02C4	39
177	F47C	02F8	40
177	D144	026C	F4
177	D144	02A0	F4
177	D144	02D4	F4
177	D144	0248	F4
177	D144	027C	F4
177	D144	02B0	F4
177	D144	02E4	F4
177	D144	0258	F4
177	D144	028C	F4
177	D144	02C0	F4
177	D144	02F4	F4
177	D144	0268	F4
177	D144	029C	F4
177	D144	02D0	F4
177	D144	0244	F4
177	D144	0278	F4
177	D144	02AC	F4
177	D144	02E0	F4
177	D144	0254	F4
177	D144	0288	F4
177	D144	02BC	F4
177	D144	02F0	F4
177	D144	0264	F4
177	D144	0298	F4
177	D144	02CC	F4
177	D144	0240	F4
177	D144	0274	F4
177	D144	02A8	F4
177	D144	02DC	F4
177	D144	0250	F4
177	D144	0284	F4
177	D144	02B8	F4
177	D144	02EC	F4
177	D144	0260	F4
177	D144	0294	F4
177	D144	02C8	F4
177	D144	02FC	F4
177	D144	0270	F4
178	F47C	0200	B7
178	F47C	0204	B7
178	F47C	0208	B7
178	F47C	020C	B7
178	F47C	0210	BF
178	F47C	0214	BF
178	F47C	0218	BF
178	F47C	021C	BF
178	F47C	0220	C7
178	F47C	0224	C7
178	F47C	0228	C7
178	F47C	022C	C7
178	F47C	0230	CF
178	F47C	0234	CF
178	F47C	0238	CF
178	F47C	023C	CF
178	F47C	02D8	1F
178	F47C	024C	25
178	F47C	0280	27
178	F47C	02B4	2D
178	F47C	02E8	2D
178	F47C	025C	31
178	F47C	0290	31
178	F47C	02C4	35
178	F47C	02F8	39
178	F47C	026C	40
178	D144	02A0	F4
178	D144	02D4	F4
178	D144	0248	F4
178	D144	027C	F4
178	D144	02B0	F4
178	D144	02E4	F4
178	D144	0258	F4
178	D144	028C	F4
178	D144	02C0	F4
178	D144	02F4	F4
178	D144	0268	F4
178	D144	029C	F4
178	D144	02D0	F4
178	D144	0244	F4
178	D144	0278	F4
178	D144	02AC	F4
178	D144	02E0	F4
178	D144	0254	F4
178	D144	0288	F4
178	D144	02BC	F4
178	D144	02F0	F4
178	D144	0264	F4
178	D144	0298	F4
178	D144	02CC	F4
178	D144	0240	F4
178	D144	0274	F4
178	D144	02A8	F4
178	D144	02DC	F4
178	D144	0250	F4
178	D144	0284	F4
178	D144	02B8	F4
178	D144	02EC	F4
178	D144	0260	F4
178	D144	0294	F4
178	D144	02C8	F4
178	D144	02FC	F4
178	D144	0270	F4
178	D144	02A4	F4
179	F47C	0200	B7
179	F47C	0204	B7
179	F47C	0208	B7
179	F47C	020C	B7
179	F47C	0210	BF
179	F47C	0214	BF
179	F47C	0218	BF
179	F47C	021C	BF
179	F47C	0220	C7
179	F47C	0224	C7
179	F47C	0228	C7
179	F47C	022C	C7
179	F47C	0230	CF
179	F47C	0234	CF
179	F47C	0238	CF
179	F47C	023C	CF
179	F47C	024C	1F
179	F47C	0280	25
179	F47C	02B4	27
179	F47C	02E8	2D
179	F47C	025C	2D
179	F47C	0290	31
179	F47C	02C4	31
179	F47C	02F8	35
179	F47C	026C	39
179	F47C	02A0	40
179	D144	02D4	F4
179	D144	0248	F4
179	D144	027C	F4
179	D144	02B0	F4
179	D144	02E4	F4
179	D144	0258	F4
179	D144	028C	F4
179	D144	02C0	F4
179	D144	02F4	F4
179	D144	0268	F4
179	D144	029C	F4
179	D144	02D0	F4
179	D144	0244	F4
179	D144	0278	F4
179	D144	02AC	F4
179	D144	02E0	F4
179	D144	0254	F4
179	D144	0288	F4
179	D144	02BC	F4
179	D144	02F0	F4
179	D144	0264	F4
179	D144	0298	F4
179	D144	02CC	F4
179	D144	0240	F4
179	D144	0274	F4
179	D144	02A8	F4
179	D144	02DC	F4
179	D144	0250	F4
179	D144	0284	F4
179	D144	02B8	F4
179	D144	02EC	F4
179	D144	0260	F4
179	D144	0294	F4
179	D144	02C8	F4
179	D144	02FC	F4
179	D144	0270	F4
179	D144	02A4	F4
179	D144	02D8	F4
180	F47C	0200	B7
180	F47C	0204	B7
180	F47C	0208	B7
180	F47C	020C	B7
180	F47C	0210	BF
180	F47C	0214	BF
180	F47C	0218	BF
180	F47C	021C	BF
180	F47C	0220	C7
180	F47C	0224	C7
180	F47C	0228	C7
180	F47C	022C	C7
180	F47C	0230	CF
180	F47C	0234	CF
180	F47C	0238	CF
180	F47C	023C	CF
180	F47C	0240	1F
180	F47C	0274	25
180	F47C	02A8	27
180	F47C	02DC	2D
180	F47C	0250	2D
180	F47C	0284	31
180	F47C	02B8	31
180	F47C	02EC	35
180	F47C	0260	39
180	F47C	0294	40
180	D144	02C8	F4
180	D144	02FC	F4
180	D144	0270	F4
180	D144	02A4	F4
180	D144	02D8	F4
180	D144	024C	F4
180	D144	0280	F4
180	D144	02B4	F4
180	D144	02E8	F4
180	D144	025C	F4
180	D144	0290	F4
180	D144	02C4	F4
180	D144	02F8	F4
180	D144	026C	F4
180	D144	02A0	F4
180	D144	02D4	F4
180	D144	0248	F4
180	D144	027C	F4
180	D144	02B0	F4
180	D144	02E4	F4
180	D144	0258	F4
180	D144	028C	F4
180	D144	02C0	F4
180	D144	02F4	F4
180	D144	0268	F4
180	D144	029C	F4
180	D144	02D0	F4
180	D144	0244	F4
180	D144	0278	F4
180	D144	02AC	F4
180	D144	02E0	F4
180	D144	0254	F4
180	D144	0288	F4
180	D144	02BC	F4
180	D144	02F0	F4
180	D144	0264	F4
180	D144	0298	F4
180	D144	02CC	F4
181	F47C	0200	B7
181	F47C	0204	B7
181	F47C	0208	B7
181	F47C	020C	B7
181	F47C	0210	BF
181	F47C	0214	BF
181	F47C	0218	BF
181	F47C	021C	BF
181	F47C	0220	C7
181	F47C	0224	C7
181	F47C	0228	C7
181	F47C	022C	C7
181	F47C	0230	CF
181	F47C	0234	CF
181	F47C	0238	CF
181	F47C	023C	CF
181	F47C	0274	1F
181	F47C	02A8	25
181	F47C	02DC	27
181	F47C	0250	2D
181	F47C	0284	2D
181	F47C	02B8	31
181	F47C	02EC	31
181	F47C	0260	35
181	F47C	0294	39
181	F47C	02C8	40
181	D144	02FC	F4
181	D144	0270	F4
181	D144	02A4	F4
181	D144	02D8	F4
181	D144	024C	F4
181	D144	0280	F4
181	D144	02B4	F4
181	D144	02E8	F4
181	D144	025C	F4
181	D144	0290	F4
181	D144	02C4	F4
181	D144	02F8	F4
181	D144	026C	F4
181	D144	02A0	F4
181	D144	02D4	F4
181	D144	0248	F4
181	D144	027C	F4
181	D144	02B0	F4
181	D144	02E4	F4
181	D144	0258	F4
181	D144	028C	F4
181	D144	02C0	F4
181	D144	02F4	F4
181	D144	0268	F4
181	D144	029C	F4
181	D144	02D0	F4
181	D144	0244	F4
181	D144	0278	F4
181	D144	02AC	F4
181	D144	02E0	F4
181	D144	0254	F4
181	D144	0288	F4
181	D144	02BC	F4
181	D144	02F0	F4
181	D144	0264	F4
181	D144	0298	F4
181	D144	02CC	F4
181	D144	0240	F4
182	F47C	0200	B7
182	F47C	0204	B7
182	F47C	0208	B7
182	F47C	020C	B7
182	F47C	0210	BF
182	F47C	0214	BF
182	F47C	0218	BF
182	F47C	021C	BF
182	F47C	0220	C7
182	F47C	0224	C7
182	F47C	0228	C7
182	F47C	022C	C7
182	F47C	0230	CF
182	F47C	0234	CF
182	F47C	0238	CF
182	F47C	023C	CF
182	F47C	02A8	1F
182	F47C	02DC	25
182	F47C	0250	27
182	F47C	0284	2D
182	F47C	02B8	2D
182	F47C	02EC	31
182	F47C	0260	31
182	F47C	0294	35
182	F47C	02C8	39
182	F47C	02FC	40
182	D144	0270	F4
182	D144	02A4	F4
182	D144	02D8	F4
182	D144	024C	F4
182	D144	0280	F4
182	D144	02B4	F4
182	D144	02E8	F4
182	D144	025C	F4
182	D144	0290	F4
182	D144	02C4	F4
182	D144	02F8	F4
182	D144	026C	F4
182	D144	02A0	F4
182	D144	02D4	F4
182	D144	0248	F4
182	D144	027C	F4
182	D144	02B0	F4
182	D144	02E4	F4
182	D144	0258	F4
182	D144	028C	F4
182	D144	02C0	F4
182	D144	02F4	F4
182	D144	0268	F4
182	D144	029C	F4
182	D144	02D0	F4
182	D144	0244	F4
182	D144	0278	F4
182	D144	02AC	F4
182	D144	02E0	F4
182	D144	0254	F4
182	D144	0288	F4
182	D144	02BC	F4
182	D144	02F0	F4
182	D144	0264	F4
182	D144	0298	F4
182	D144	02CC	F4
182	D144	0240	F4
182	D144	0274	F4
183	F47C	0200	B7
183	F47C	0204	B7
183	F47C	0208	B7
183	F47C	020C	B7
183	F47C	0210	BF
183	F47C	0214	BF
183	F47C	0218	BF
183	F47C	021C	BF
183	F47C	0220	C7
183	F47C	0224	C7
183	F47C	0228	C7
183	F47C	022C	C7
183	F47C	0230	CF
183	F47C	0234	CF
183	F47C	0238	CF
183	F47C	023C	CF
183	F47C	02DC	1F
183	F47C	0250	25
183	F47C	0284	27
183	F47C	02B8	2D
183	F47C	02EC	2D
183	F47C	0260	31
183	F47C	0294	31
183	F47C	02C8	35
183	F47C	02FC	39
183	F47C	0270	40
183	D144	02A4	F4
183	D144	02D8	F4
183	D144	024C	F4
183	D144	0280	F4
183	D144	02B4	F4
183	D144	02E8	F4
183	D144	025C	F4
183	D144	0290	F4
183	D144	02C4	F4
183	D144	02F8	F4
183	D144	026C	F4
183	D144	02A0	F4
183	D144	02D4	F4
183	D144	0248	F4
183	D144	027C	F4
183	D144	02B0	F4
183	D144	02E4	F4
183	D144	0258	F4
183	D144	028C	F4
183	D144	02C0	F4
183	D144	02F4	F4
183	D144	0268	F4
183	D144	029C	F4
183	D144	02D0	F4
183	D144	0244	F4
183	D144	0278	F4
183	D144	02AC	F4
183	D144	02E0	F4
183	D144	0254	F4
183	D144	0288	F4
183	D144	02BC	F4
183	D144	02F0	F4
183	D144	0264	F4
183	D144	0298	F4
183	D144	02CC	F4
183	D144	0240	F4
183	D144	0274	F4
183	D144	02A8	F4
184	F47C	0200	B7
184	F47C	0204	B7
184	F47C	0208	B7
184	F47C	020C	B7
184	F47C	0210	BF
184	F47C	0214	BF
184	F47C	0218	BF
184	F47C	021C	BF
184	F47C	0220	C7
184	F47C	0224	C7
184	F47C	0228	C7
184	F47C	022C	C7
184	F47C	0230	CF
184	F47C	0234	CF
184	F47C	0238	CF
184	F47C	023C	CF
184	F47C	0250	1F
184	F47C	0284	25
184	F47C	02B8	27
184	F47C	02EC	2D
184	F47C	0260	2D
184	F47C	0294	31
184	F47C	02C8	31
184	F47C	02FC	35
184	F47C	0270	39
184	F47C	02A4	40
184	D144	02D8	F4
184	D144	024C	F4
184	D144	0280	F4
184	D144	02B4	F4
184	D144	02E8	F4
184	D144	025C	F4
184	D144	0290	F4
184	D144	02C4	F4
184	D144	02F8	F4
184	D144	026C	F4
184	D144	02A0	F4
184	D144	02D4	F4
184	D144	0248	F4
184	D144	027C	F4
184	D144	02B0	F4
184	D144	02E4	F4
184	D144	0258	F4
184	D144	028C	F4
184	D144	02C0	F4
184	D144	02F4	F4
184	D144	0268	F4
184	D144	029C	F4
184	D144	02D0	F4
184	D144	0244	F4
184	D144	0278	F4
184	D144	02AC	F4
184	D144	02E0	F4
184	D144	0254	F4
184	D144	0288	F4
184	D144	02BC	F4
184	D144	02F0	F4
184	D144	0264	F4
184	D144	0298	F4
184	D144	02CC	F4
184	D144	0240	F4
184	D144	0274	F4
184	D144	02A8	F4
184	D144	02DC	F4
185	F47C	0200	B7
185	F47C	0204	B7
185	F47C	0208	B7
185	F47C	020C	B7
185	F47C	0210	BF
185	F47C	0214	BF
185	F47C	0218	BF
185	F47C	021C	BF
185	F47C	0220	C7
185	F47C	0224	C7
185	F47C	0228	C7
185	F47C	022C	C7
185	F47C	0230	CF
185	F47C	0234	CF
185	F47C	0238	CF
185	F47C	023C	CF
185	F47C	0244	1F
185	F47C	0278	25
185	F47C	02AC	27
185	F47C	02E0	2D
185	F47C	0254	2D
185	F47C	0288	31
185	F47C	02BC	31
185	F47C	02F0	35
185	F47C	0264	39
185	F47C	0298	40
185	D144	02CC	F4
185	D144	0240	F4
185	D144	0274	F4
185	D144	02A8	F4
185	D144	02DC	F4
185	D144	0250	F4
185	D144	0284	F4
185	D144	02B8	F4
185	D144	02EC	F4
185	D144	0260	F4
185	D144	0294	F4
185	D144	02C8	F4
185	D144	02FC	F4
185	D144	0270	F4
185	D144	02A4	F4
185	D144	02D8	F4
185	D144	024C	F4
185	D144	0280	F4
185	D144	02B4	F4
185	D144	02E8	F4
185	D144	025C	F4
185	D144	0290	F4
185	D144	02C4	F4
185	D144	02F8	F4
185	D144	026C	F4
185	D144	02A0	F4
185	D144	02D4	F4
185	D144	0248	F4
185	D144	027C	F4
185	D144	02B0	F4
185	D144	02E4	F4
185	D144	0258	F4
185	D144	028C	F4
185	D144	02C0	F4
185	D144	02F4	F4
185	D144	0268	F4
185	D144	029C	F4
185	D144	02D0	F4
186	F47C	0200	B7
186	F47C	0204	B7
186	F47C	0208	B7
186	F47C	020C	B7
186	F47C	0210	BF
186	F47C	0214	BF
186	F47C	0218	BF
186	F47C	021C	BF
186	F47C	0220	C7
186	F47C	0224	C7
186	F47C	0228	C7
186	F47C	022C	C7
186	F47C	0230	CF
186	F47C	0234	CF
186	F47C	0238	CF
186	F47C	023C	CF
186	F47C	0278	1F
186	F47C	02AC	25
186	F47C	02E0	27
186	F47C	0254	2D
186	F47C	0288	2D
186	F47C	02BC	31
186	F47C	02F0	31
186	F47C	0264	35
186	F47C	0298	39
186	F47C	02CC	40
186	D144	0240	F4
186	D144	0274	F4
186	D144	02A8	F4
186	D144	02DC	F4
186	D144	0250	F4
186	D144	0284	F4
186	D144	02B8	F4
186	D144	02EC	F4
186	D144	0260	F4
186	D144	0294	F4
186	D144	02C8	F4
186	D144	02FC	F4
186	D144	0270	F4
186	D144	02A4	F4
186	D144	02D8	F4
186	D144	024C	F4
186	D144	0280	F4
186	D144	02B4	F4
186	D144	02E8	F4
186	D144	025C	F4
186	D144	0290	F4
186	D144	02C4	F4
186	D144	02F8	F4
186	D144	026C	F4
186	D144	02A0	F4
186	D144	02D4	F4
186	D144	0248	F4
186	D144	027C	F4
186	D144	02B0	F4
186	D144	02E4	F4
186	D144	0258	F4
186	D144	028C	F4
186	D144	02C0	F4
186	D144	02F4	F4
186	D144	0268	F4
186	D144	029C	F4
186	D144	02D0	F4
186	D144	0244	F4
187	F47C	0200	B7
187	F47C	0204	B7
187	F47C	0208	B7
187	F47C	020C	B7
187	F47C	0210	BF
187	F47C	0214	BF
187	F47C	0218	BF
187	F47C	021C	BF
187	F47C	0220	C7
187	F47C	0224	C7
187	F47C	0228	C7
187	F47C	022C	C7
187	F47C	0230	CF
187	F47C	0234	CF
187	F47C	0238	CF
187	F47C	023C	CF
187	F47C	02AC	1F
187	F47C	02E0	25
187	F47C	0254	27
187	F47C	0288	2D
187	F47C	02BC	2D
187	F47C	02F0	31
187	F47C	0264	31
187	F47C	0298	35
187	F47C	02CC	39
187	F47C	0240	40
187	D144	0274	F4
187	D144	02A8	F4
187	D144	02DC	F4
187	D144	0250	F4
187	D144	0284	F4
187	D144	02B8	F4
187	D144	02EC	F4
187	D144	0260	F4
187	D144	0294	F4
187	D144	02C8	F4
187	D144	02FC	F4
187	D144	0270	F4
187	D144	02A4	F4
187	D144	02D8	F4
187	D144	024C	F4
187	D144	0280	F4
187	D144	02B4	F4
187	D144	02E8	F4
187	D144	025C	F4
187	D144	0290	F4
187	D144	02C4	F4
187	D144	02F8	F4
187	D144	026C	F4
187	D144	02A0	F4
187	D144	02D4	F4
187	D144	0248	F4
187	D144	027C	F4
187	D144	02B0	F4
187	D144	02E4	F4
187	D144	0258	F4
187	D144	028C	F4
187	D144	02C0	F4
187	D144	02F4	F4
187	D144	0268	F4
187	D144	029C	F4
187	D144	02D0	F4
187	D144	0244	F4
187	D144	0278	F4
188	F47C	0200	B7
188	F47C	0204	B7
188	F47C	0208	B7
188	F47C	020C	B7
188	F47C	0210	BF
188	F47C	0214	BF
188	F47C	0218	BF
188	F47C	021C	BF
188	F47C	0220	C7
188	F47C	0224	C7
188	F47C	0228	C7
188	F47C	022C	C7
188	F47C	0230	CF
188	F47C	0234	CF
188	F47C	0238	CF
188	F47C	023C	CF
188	F47C	02E0	1F
188	F47C	0254	25
188	F47C	0288	27
188	F47C	02BC	2D
188	F47C	02F0	2D
188	F47C	0264	31
188	F47C	0298	31
188	F47C	02CC	35
188	F47C	0240	39
188	F47C	0274	40
188	D144	02A8	F4
188	D144	02DC	F4
188	D144	0250	F4
188	D144	0284	F4
188	D144	02B8	F4
188	D144	02EC	F4
188	D144	0260	F4
188	D144	0294	F4
188	D144	02C8	F4
188	D144	02FC	F4
188	D144	0270	F4
188	D144	02A4	F4
188	D144	02D8	F4
188	D144	024C	F4
188	D144	0280	F4
188	D144	02B4	F4
188	D144	02E8	F4
188	D144	025C	F4
188	D144	0290	F4
188	D144	02C4	F4
188	D144	02F8	F4
188	D144	026C	F4
188	D144	02A0	F4
188	D144	02D4	F4
188	D144	0248	F4
188	D144	027C	F4
188	D144	02B0	F4
188	D144	02E4	F4
188	D144	0258	F4
188	D144	028C	F4
188	D144	02C0	F4
188	D144	02F4	F4
188	D144	0268	F4
188	D144	029C	F4
188	D144	02D0	F4
188	D144	0244	F4
188	D144	0278	F4
188	D144	02AC	F4
189	F47C	0200	B7
189	F47C	0204	B7
189	F47C	0208	B7
189	F47C	020C	B7
189	F47C	0210	BF
189	F47C	0214	BF
189	F47C	0218	BF
189	F47C	021C	BF
189	F47C	0220	C7
189	F47C	0224	C7
189	F47C	0228	C7
189	F47C	022C	C7
189	F47C	0230	CF
189	F47C	0234	CF
189	F47C	0238	CF
189	F47C	023C	CF
189	F47C	0254	1F
189	F47C	0288	25
189	F47C	02BC	27
189	F47C	02F0	2D
189	F47C	0264	2D
189	F47C	0298	31
189	F47C	02CC	31
189	F47C	0240	35
189	F47C	0274	39
189	F47C	02A8	40
189	D144	02DC	F4
189	D144	0250	F4
189	D144	0284	F4
189	D144	02B8	F4
189	D144	02EC	F4
189	D144	0260	F4
189	D144	0294	F4
189	D144	02C8	F4
189	D144	02FC	F4
189	D144	0270	F4
189	D144	02A4	F4
189	D144	02D8	F4
189	D144	024C	F4
189	D144	0280	F4
189	D144	02B4	F4
189	D144	02E8	F4
189	D144	025C	F4
189	D144	0290	F4
189	D144	02C4	F4
189	D144	02F8	F4
189	D144	026C	F4
189	D144	02A0	F4
189	D144	02D4	F4
189	D144	0248	F4
189	D144	027C	F4
189	D144	02B0	F4
189	D144	02E4	F4
189	D144	0258	F4
189	D144	028C	F4
189	D144	02C0	F4
189	D144	02F4	F4
189	D144	0268	F4
189	D144	029C	F4
189	D144	02D0	F4
189	D144	0244	F4
189	D144	0278	F4
189	D144	02AC	F4
189	D144	02E0	F4
190	F47C	0200	B7
190	F47C	0204	B7
190	F47C	0208	B7
190	F47C	020C	B7
190	F47C	0210	BF
190	F47C	0214	BF
190	F47C	0218	BF
190	F47C	021C	BF
190	F47C	0220	C7
190	F47C	0224	C7
190	F47C	0228	C7
190	F47C	022C	C7
190	F47C	0230	CF
190	F47C	0234	CF
190	F47C	0238	CF
190	F47C	023C	CF
190	F47C	0248	1F
190	F47C	027C	25
190	F47C	02B0	27
190	F47C	02E4	2D
190	F47C	0258	2D
190	F47C	028C	31
190	F47C	02C0	31
190	F47C	02F4	35
190	F47C	0268	39
190	F47C	029C	40
190	D144	02D0	F4
190	D144	0244	F4
190	D144	0278	F4
190	D144	02AC	F4
190	D144	02E0	F4
190	D144	0254	F4
190	D144	0288	F4
190	D144	02BC	F4
190	D144	02F0	F4
190	D144	0264	F4
190	D144	0298	F4
190	D144	02CC	F4
190	D144	0240	F4
190	D144	0274	F4
190	D144	02A8	F4
190	D144	02DC	F4
190	D144	0250	F4
190	D144	0284	F4
190	D144	02B8	F4
190	D144	02EC	F4
190	D144	0260	F4
190	D144	0294	F4
190	D144	02C8	F4
190	D144	02FC	F4
190	D144	0270	F4
190	D144	02A4	F4
190	D144	02D8	F4
190	D144	024C	F4
190	D144	0280	F4
190	D144	02B4	F4
190	D144	02E8	F4
190	D144	025C	F4
190	D144	0290	F4
190	D144	02C4	F4
190	D144	02F8	F4
190	D144	026C	F4
190	D144	02A0	F4
190	D144	02D4	F4
191	F47C	0200	B7
191	F47C	0204	B7
191	F47C	0208	B7
191	F47C	020C	B7
191	F47C	0210	BF
191	F47C	0214	BF
191	F47C	0218	BF
191	F47C	021C	BF
191	F47C	0220	C7
191	F47C	0224	C7
191	F47C	0228	C7
191	F47C	022C	C7
191	F47C	0230	CF
191	F47C	0234	CF
191	F47C	0238	CF
191	F47C	023C	CF
191	F47C	027C	1F
191	F47C	02B0	25
191	F47C	02E4	27
191	F47C	0258	2D
191	F47C	028C	2D
191	F47C	02C0	31
191	F47C	02F4	31
191	F47C	0268	35
191	F47C	029C	39
191	F47C	02D0	40
191	D144	0244	F4
191	D144	0278	F4
191	D144	02AC	F4
191	D144	02E0	F4
191	D144	0254	F4
191	D144	0288	F4
191	D144	02BC	F4
191	D144	02F0	F4
191	D144	0264	F4
191	D144	0298	F4
191	D144	02CC	F4
191	D144	0240	F4
191	D144	0274	F4
191	D144	02A8	F4
191	D144	02DC	F4
191	D144	0250	F4
191	D144	0284	F4
191	D144	02B8	F4
191	D144	02EC	F4
191	D144	0260	F4
191	D144	0294	F4
191	D144	02C8	F4
191	D144	02FC	F4
191	D144	0270	F4
191	D144	02A4	F4
191	D144	02D8	F4
191	D144	024C	F4
191	D144	0280	F4
191	D144	02B4	F4
191	D144	02E8	F4
191	D144	025C	F4
191	D144	0290	F4
191	D144	02C4	F4
191	D144	02F8	F4
191	D144	026C	F4
191	D144	02A0	F4
191	D144	02D4	F4
191	D144	0248	F4
192	F47C	0200	B7
192	F47C	0204	B7
192	F47C	0208	B7
192	F47C	020C	B7
192	F47C	0210	BF
192	F47C	0214	BF
192	F47C	0218	BF
192	F47C	021C	BF
192	F47C	0220	C7
192	F47C	0224	C7
192	F47C	0228	C7
192	F47C	022C	C7
192	F47C	0230	CF
192	F47C	0234	CF
192	F47C	0238	CF
192	F47C	023C	CF
192	F47C	02B0	1F
192	F47C	02E4	25
192	F47C	0258	27
192	F47C	028C	2D
192	F47C	02C0	2D
192	F47C	02F4	31
192	F47C	0268	31
192	F47C	029C	35
192	F47C	02D0	39
192	F47C	0244	40
192	D144	0278	F4
192	D144	02AC	F4
192	D144	02E0	F4
192	D144	0254	F4
192	D144	0288	F4
192	D144	02BC	F4
192	D144	02F0	F4
192	D144	0264	F4
192	D144	0298	F4
192	D144	02CC	F4
192	D144	0240	F4
192	D144	0274	F4
192	D144	02A8	F4
192	D144	02DC	F4
192	D144	0250	F4
192	D144	0284	F4
192	D144	02B8	F4
192	D144	02EC	F4
192	D144	0260	F4
192	D144	0294	F4
192	D144	02C8	F4
192	D144	02FC	F4
192	D144	0270	F4
192	D144	02A4	F4
192	D144	02D8	F4
192	D144	024C	F4
192	D144	0280	F4
192	D144	02B4	F4
192	D144	02E8	F4
192	D144	025C	F4
192	D144	0290	F4
192	D144	02C4	F4
192	D144	02F8	F4
192	D144	026C	F4
192	D144	02A0	F4
192	D144	02D4	F4
192	D144	0248	F4
192	D144	027C	F4
193	F47C	0200	B7
193	F47C	0204	B7
193	F47C	0208	B7
193	F47C	020C	B7
193	F47C	0210	BF
193	F47C	0214	BF
193	F47C	0218	BF
193	F47C	021C	BF
193	F47C	0220	C7
193	F47C	0224	C7
193	F47C	0228	C7
193	F47C	022C	C7
193	F47C	0230	CF
193	F47C	0234	CF
193	F47C	0238	CF
193	F47C	023C	CF
193	F47C	02E4	1F
193	F47C	0258	25
193	F47C	028C	27
193	F47C	02C0	2D
193	F47C	02F4	2D
193	F47C	0268	31
193	F47C	029C	31
193	F47C	02D0	35
193	F47C	0244	39
193	F47C	0278	40
193	D144	02AC	F4
193	D144	02E0	F4
193	D144	0254	F4
193	D144	0288	F4
193	D144	02BC	F4
193	D144	02F0	F4
193	D144	0264	F4
193	D144	0298	F4
193	D144	02CC	F4
193	D144	0240	F4
193	D144	0274	F4
193	D144	02A8	F4
193	D144	02DC	F4
193	D144	0250	F4
193	D144	0284	F4
193	D144	02B8	F4
193	D144	02EC	F4
193	D144	0260	F4
193	D144	0294	F4
193	D144	02C8	F4
193	D144	02FC	F4
193	D144	0270	F4
193	D144	02A4	F4
193	D144	02D8	F4
193	D144	024C	F4
193	D144	0280	F4
193	D144	02B4	F4
193	D144	02E8	F4
193	D144	025C	F4
193	D144	0290	F4
193	D144	02C4	F4
193	D144	02F8	F4
193	D144	026C	F4
193	D144	02A0	F4
193	D144	02D4	F4
193	D144	0248	F4
193	D144	027C	F4
193	D144	02B0	F4
194	F47C	0200	B7
194	F47C	0204	B7
194	F47C	0208	B7
194	F47C	020C	B7
194	F47C	0210	BF
194	F47C	0214	BF
194	F47C	0218	BF
194	F47C	021C	BF
194	F47C	0220	C7
194	F47C	0224	C7
194	F47C	0228	C7
194	F47C	022C	C7
194	F47C	0230	CF
194	F47C	0234	CF
194	F47C	0238	CF
194	F47C	023C	CF
194	F47C	0258	1F
194	F47C	028C	25
194	F47C	02C0	27
194	F47C	02F4	2D
194	F47C	0268	2D
194	F47C	029C	31
194	F47C	02D0	31
194	F47C	0244	35
194	F47C	0278	39
194	F47C	02AC	40
194	D144	02E0	F4
194	D144	0254	F4
194	D144	0288	F4
194	D144	02BC	F4
194	D144	02F0	F4
194	D144	0264	F4
194	D144	0298	F4
194	D144	02CC	F4
194	D144	0240	F4
194	D144	0274	F4
194	D144	02A8	F4
194	D144	02DC	F4
194	D144	0250	F4
194	D144	0284	F4
194	D144	02B8	F4
194	D144	02EC	F4
194	D144	0260	F4
194	D144	0294	F4
194	D144	02C8	F4
194	D144	02FC	F4
194	D144	0270	F4
194	D144	02A4	F4
194	D144	02D8	F4
194	D144	024C	F4
194	D144	0280	F4
194	D144	02B4	F4
194	D144	02E8	F4
194	D144	025C	F4
194	D144	0290	F4
194	D144	02C4	F4
194	D144	02F8	F4
194	D144	026C	F4
194	D144	02A0	F4
194	D144	02D4	F4
194	D144	0248	F4
194	D144	027C	F4
194	D144	02B0	F4
194	D144	02E4	F4
195	F47C	0200	B7
195	F47C	0204	B7
195	F47C	0208	B7
195	F47C	020C	B7
195	F47C	0210	BF
195	F47C	0214	BF
195	F47C	0218	BF
195	F47C	021C	BF
195	F47C	0220	C7
195	F47C	0224	C7
195	F47C	0228	C7
195	F47C	022C	C7
195	F47C	0230	CF
195	F47C	0234	CF
195	F47C	0238	CF
195	F47C	023C	CF
195	F47C	024C	1F
195	F47C	0280	25
195	F47C	02B4	27
195	F47C	02E8	2D
195	F47C	025C	2D
195	F47C	0290	31
195	F47C	02C4	31
195	F47C	02F8	35
195	F47C	026C	39
195	F47C	02A0	40
195	D144	02D4	F4
195	D144	0248	F4
195	D144	027C	F4
195	D144	02B0	F4
195	D144	02E4	F4
195	D144	0258	F4
195	D144	028C	F4
195	D144	02C0	F4
195	D144	02F4	F4
195	D144	0268	F4
195	D144	029C	F4
195	D144	02D0	F4
195	D144	0244	F4
195	D144	0278	F4
195	D144	02AC	F4
195	D144	02E0	F4
195	D144	0254	F4
195	D144	0288	F4
195	D144	02BC	F4
195	D144	02F0	F4
195	D144	0264	F4
195	D144	0298	F4
195	D144	02CC	F4
195	D144	0240	F4
195	D144	0274	F4
195	D144	02A8	F4
195	D144	02DC	F4
195	D144	0250	F4
195	D144	0284	F4
195	D144	02B8	F4
195	D144	02EC	F4
195	D144	0260	F4
195	D144	0294	F4
195	D144	02C8	F4
195	D144	02FC	F4
195	D144	0270	F4
195	D144	02A4	F4
195	D144	02D8	F4
196	F47C	0200	B7
196	F47C	0204	B7
196	F47C	0208	B7
196	F47C	020C	B7
196	F47C	0210	BF
196	F47C	0214	BF
196	F47C	0218	BF
196	F47C	021C	BF
196	F47C	0220	C7
196	F47C	0224	C7
196	F47C	0228	C7
196	F47C	022C	C7
196	F47C	0230	CF
196	F47C	0234	CF
196	F47C	0238	CF
196	F47C	023C	CF
196	F47C	0280	1F
196	F47C	02B4	25
196	F47C	02E8	27
196	F47C	025C	2D
196	F47C	0290	2D
196	F47C	02C4	31
196	F47C	02F8	31
196	F47C	026C	35
196	F47C	02A0	39
196	F47C	02D4	40
196	D144	0248	F4
196	D144	027C	F4
196	D144	02B0	F4
196	D144	02E4	F4
196	D144	0258	F4
196	D144	028C	F4
196	D144	02C0	F4
196	D144	02F4	F4
196	D144	0268	F4
196	D144	029C	F4
196	D144	02D0	F4
196	D144	0244	F4
196	D144	0278	F4
196	D144	02AC	F4
196	D144	02E0	F4
196	D144	0254	F4
196	D144	0288	F4
196	D144	02BC	F4
196	D144	02F0	F4
196	D144	0264	F4
196	D144	0298	F4
196	D144	02CC	F4
196	D144	0240	F4
196	D144	0274	F4
196	D144	02A8	F4
196	D144	02DC	F4
196	D144	0250	F4
196	D144	0284	F4
196	D144	02B8	F4
196	D144	02EC	F4
196	D144	0260	F4
196	D144	0294	F4
196	D144	02C8	F4
196	D144	02FC	F4
196	D144	0270	F4
196	D144	02A4	F4
196	D144	02D8	F4
196	D144	024C	F4
197	F47C	0200	B7
197	F47C	0204	B7
197	F47C	0208	B7
197	F47C	020C	B7
197	F47C	0210	BF
197	F47C	0214	BF
197	F47C	0218	BF
197	F47C	021C	BF
197	F47C	0220	C7
197	F47C	0224	C7
197	F47C	0228	C7
197	F47C	022C	C7
197	F47C	0230	CF
197	F47C	0234	CF
197	F47C	0238	CF
197	F47C	023C	CF
197	F47C	02B4	1F
197	F47C	02E8	25
197	F47C	025C	27
197	F47C	0290	2D
197	F47C	02C4	2D
197	F47C	02F8	31
197	F47C	026C	31
197	F47C	02A0	35
197	F47C	02D4	39
197	F47C	0248	40
197	D144	027C	F4
197	D144	02B0	F4
197	D144	02E4	F4
197	D144	0258	F4
197	D144	028C	F4
197	D144	02C0	F4
197	D144	02F4	F4
197	D144	0268	F4
197	D144	029C	F4
197	D144	02D0	F4
197	D144	0244	F4
197	D144	0278	F4
197	D144	02AC	F4
197	D144	02E0	F4
197	D144	0254	F4
197	D144	0288	F4
197	D144	02BC	F4
197	D144	02F0	F4
197	D144	0264	F4
197	D144	0298	F4
197	D144	02CC	F4
197	D144	0240	F4
197	D144	0274	F4
197	D144	02A8	F4
197	D144	02DC	F4
197	D144	0250	F4
197	D144	0284	F4
197	D144	02B8	F4
197	D144	02EC	F4
197	D144	0260	F4
197	D144	0294	F4
197	D144	02C8	F4
197	D144	02FC	F4
197	D144	0270	F4
197	D144	02A4	F4
197	D144	02D8	F4
197	D144	024C	F4
197	D144	0280	F4
198	F47C	0200	B7
198	F47C	0204	B7
198	F47C	0208	B7
198	F47C	020C	B7
198	F47C	0210	BF
198	F47C	0214	BF
198	F47C	0218	BF
198	F47C	021C	BF
198	F47C	0220	C7
198	F47C	0224	C7
198	F47C	0228	C7
198	F47C	022C	C7
198	F47C	0230	CF
198	F47C	0234	CF
198	F47C	0238	CF
198	F47C	023C	CF
198	F47C	02E8	1F
198	F47C	025C	25
198	F47C	0290	27
198	F47C	02C4	2D
198	F47C	02F8	2D
198	F47C	026C	31
198	F47C	02A0	31
198	F47C	02D4	35
198	F47C	0248	39
198	F47C	027C	40
198	D144	02B0	F4
198	D144	02E4	F4
198	D144	0258	F4
198	D144	028C	F4
198	D144	02C0	F4
198	D144	02F4	F4
198	D144	0268	F4
198	D144	029C	F4
198	D144	02D0	F4
198	D144	0244	F4
198	D144	0278	F4
198	D144	02AC	F4
198	D144	02E0	F4
198	D144	0254	F4
198	D144	0288	F4
198	D144	02BC	F4
198	D144	02F0	F4
198	D144	0264	F4
198	D144	0298	F4
198	D144	02CC	F4
198	D144	0240	F4
198	D144	0274	F4
198	D144	02A8	F4
198	D144	02DC	F4
198	D144	0250	F4
198	D144	0284	F4
198	D144	02B8	F4
198	D144	02EC	F4
198	D144	0260	F4
198	D144	0294	F4
198	D144	02C8	F4
198	D144	02FC	F4
198	D144	0270	F4
198	D144	02A4	F4
198	D144	02D8	F4
198	D144	024C	F4
198	D144	0280	F4
198	D144	02B4	F4
199	F47C	0200	B7
199	F47C	0204	B7
199	F47C	0208	B7
199	F47C	020C	B7
199	F47C	0210	BF
199	F47C	0214	BF
199	F47C	0218	BF
199	F47C	021C	BF
199	F47C	0220	C7
199	F47C	0224	C7
199	F47C	0228	C7
199	F47C	022C	C7
199	F47C	0230	CF
199	F47C	0234	CF
199	F47C	0238	CF
199	F47C	023C	CF
199	F47C	025C	1F
199	F47C	0290	25
199	F47C	02C4	27
199	F47C	02F8	2D
199	F47C	026C	2D
199	F47C	02A0	31
199	F47C	02D4	31
199	F47C	0248	35
199	F47C	027C	39
199	F47C	02B0	40
199	D144	02E4	F4
199	D144	0258	F4
199	D144	028C	F4
199	D144	02C0	F4
199	D144	02F4	F4
199	D144	0268	F4
199	D144	029C	F4
199	D144	02D0	F4
199	D144	0244	F4
199	D144	0278	F4
199	D144	02AC	F4
199	D144	02E0	F4
199	D144	0254	F4
199	D144	0288	F4
199	D144	02BC	F4
199	D144	02F0	F4
199	D144	0264	F4
199	D144	0298	F4
199	D144	02CC	F4
199	D144	0240	F4
199	D144	0274	F4
199	D144	02A8	F4
199	D144	02DC	F4
199	D144	0250	F4
199	D144	0284	F4
199	D144	02B8	F4
199	D144	02EC	F4
199	D144	0260	F4
199	D144	0294	F4
199	D144	02C8	F4
199	D144	02FC	F4
199	D144	0270	F4
199	D144	02A4	F4
199	D144	02D8	F4
199	D144	024C	F4
199	D144	0280	F4
199	D144	02B4	F4
199	D144	02E8	F4
200	F47C	0200	B7
200	F47C	0204	B7
200	F47C	0208	B7
200	F47C	020C	B7
200	F47C	0210	BF
200	F47C	0214	BF
200	F47C	0218	BF
200	F47C	021C	BF
200	F47C	0220	C7
200	F47C	0224	C7
200	F47C	0228	C7
200	F47C	022C	C7
200	F47C	0230	CF
200	F47C	0234	CF
200	F47C	0238	CF
200	F47C	023C	CF
200	F47C	0250	1F
200	F47C	0284	25
200	F47C	02B8	27
200	F47C	02EC	2D
200	F47C	0260	2D
200	F47C	0294	31
200	F47C	02C8	31
200	F47C	02FC	35
200	F47C	0270	39
200	F47C	02A4	40
200	D144	02D8	F4
200	D144	024C	F4
200	D144	0280	F4
200	D144	02B4	F4
200	D144	02E8	F4
200	D144	025C	F4
200	D144	0290	F4
200	D144	02C4	F4
200	D144	02F8	F4
200	D144	026C	F4
200	D144	02A0	F4
200	D144	02D4	F4
200	D144	0248	F4
200	D144	027C	F4
200	D144	02B0	F4
200	D144	02E4	F4
200	D144	0258	F4
200	D144	028C	F4
200	D144	02C0	F4
200	D144	02F4	F4
200	D144	0268	F4
200	D144	029C	F4
200	D144	02D0	F4
200	D144	0244	F4
200	D144	0278	F4
200	D144	02AC	F4
200	D144	02E0	F4
200	D144	0254	F4
200	D144	0288	F4
200	D144	02BC	F4
200	D144	02F0	F4
200	D144	0264	F4
200	D144	0298	F4
200	D144	02CC	F4
200	D144	0240	F4
200	D144	0274	F4
200	D144	02A8	F4
200	D144	02DC	F4
201	F47C	0200	B7
201	F47C	0204	B7
201	F47C	0208	B7
201	F47C	020C	B7
201	F47C	0210	BF
201	F47C	0214	BF
201	F47C	0218	BF
201	F47C	021C	BF
201	F47C	0220	C7
201	F47C	0224	C7
201	F47C	0228	C7
201	F47C	022C	C7
201	F47C	0230	CF
201	F47C	0234	CF
201	F47C	0238	CF
201	F47C	023C	CF
201	F47C	0284	1F
201	F47C	02B8	25
201	F47C	02EC	27
201	F47C	0260	2D
201	F47C	0294	2D
201	F47C	02C8	31
201	F47C	02FC	31
201	F47C	0270	35
201	F47C	02A4	39
201	F47C	02D8	40
201	D144	024C	F4
201	D144	0280	F4
201	D144	02B4	F4
201	D144	02E8	F4
201	D144	025C	F4
201	D144	0290	F4
201	D144	02C4	F4
201	D144	02F8	F4
201	D144	026C	F4
201	D144	02A0	F4
201	D144	02D4	F4
201	D144	0248	F4
201	D144	027C	F4
201	D144	02B0	F4
201	D144	02E4	F4
201	D144	0258	F4
201	D144	028C	F4
201	D144	02C0	F4
201	D144	02F4	F4
201	D144	0268	F4
201	D144	029C	F4
201	D144	02D0	F4
201	D144	0244	F4
201	D144	0278	F4
201	D144	02AC	F4
201	D144	02E0	F4
201	D144	0254	F4
201	D144	0288	F4
201	D144	02BC	F4
201	D144	02F0	F4
201	D144	0264	F4
201	D144	0298	F4
201	D144	02CC	F4
201	D144	0240	F4
201	D144	0274	F4
201	D144	02A8	F4
201	D144	02DC	F4
201	D144	0250	F4
202	F47C	0200	B7
202	F47C	0204	B7
202	F47C	0208	B7
202	F47C	020C	B7
202	F47C	0210	BF
202	F47C	0214	BF
202	F47C	0218	BF
202	F47C	021C	BF
202	F47C	0220	C7
202	F47C	0224	C7
202	F47C	0228	C7
202	F47C	022C	C7
202	F47C	0230	CF
202	F47C	0234	CF
202	F47C	0238	CF
202	F47C	023C	CF
202	F47C	02B8	1F
202	F47C	02EC	25
202	F47C	0260	27
202	F47C	0294	2D
202	F47C	02C8	2D
202	F47C	02FC	31
202	F47C	0270	31
202	F47C	02A4	35
202	F47C	02D8	39
202	F47C	024C	40
202	D144	0280	F4
202	D144	02B4	F4
202	D144	02E8	F4
202	D144	025C	F4
202	D144	0290	F4
202	D144	02C4	F4
202	D144	02F8	F4
202	D144	026C	F4
202	D144	02A0	F4
202	D144	02D4	F4
202	D144	0248	F4
202	D144	027C	F4
202	D144	02B0	F4
202	D144	02E4	F4
202	D144	0258	F4
202	D144	028C	F4
202	D144	02C0	F4
202	D144	02F4	F4
202	D144	0268	F4
202	D144	029C	F4
202	D144	02D0	F4
202	D144	0244	F4
202	D144	0278	F4
202	D144	02AC	F4
202	D144	02E0	F4
202	D144	0254	F4
202	D144	0288	F4
202	D144	02BC	F4
202	D144	02F0	F4
202	D144	0264	F4
202	D144	0298	F4
202	D144	02CC	F4
202	D144	0240	F4
202	D144	0274	F4
202	D144	02A8	F4
202	D144	02DC	F4
202	D144	0250	F4
202	D144	0284	F4
203	F47C	0200	B7
203	F47C	0204	B7
203	F47C	0208	B7
203	F47C	020C	B7
203	F47C	0210	BF
203	F47C	0214	BF
203	F47C	0218	BF
203	F47C	021C	BF
203	F47C	0220	C7
203	F47C	0224	C7
203	F47C	0228	C7
203	F47C	022C	C7
203	F47C	0230	CF
203	F47C	0234	CF
203	F47C	0238	CF
203	F47C	023C	CF
203	F47C	02EC	1F
203	F47C	0260	25
203	F47C	0294	27
203	F47C	02C8	2D
203	F47C	02FC	2D
203	F47C	0270	31
203	F47C	02A4	31
203	F47C	02D8	35
203	F47C	024C	39
203	F47C	0280	40
203	D144	02B4	F4
203	D144	02E8	F4
203	D144	025C	F4
203	D144	0290	F4
203	D144	02C4	F4
203	D144	02F8	F4
203	D144	026C	F4
203	D144	02A0	F4
203	D144	02D4	F4
203	D144	0248	F4
203	D144	027C	F4
203	D144	02B0	F4
203	D144	02E4	F4
203	D144	0258	F4
203	D144	028C	F4
203	D144	02C0	F4
203	D144	02F4	F4
203	D144	0268	F4
203	D144	029C	F4
203	D144	02D0	F4
203	D144	0244	F4
203	D144	0278	F4
203	D144	02AC	F4
203	D144	02E0	F4
203	D144	0254	F4
203	D144	0288	F4
203	D144	02BC	F4
203	D144	02F0	F4
203	D144	0264	F4
203	D144	0298	F4
203	D144	02CC	F4
203	D144	0240	F4
203	D144	0274	F4
203	D144	02A8	F4
203	D144	02DC	F4
203	D144	0250	F4
203	D144	0284	F4
203	D144	02B8	F4
204	F47C	0200	B7
204	F47C	0204	B7
204	F47C	0208	B7
204	F47C	020C	B7
204	F47C	0210	BF
204	F47C	0214	BF
204	F47C	0218	BF
204	F47C	021C	BF
204	F47C	0220	C7
204	F47C	0224	C7
204	F47C	0228	C7
204	F47C	022C	C7
204	F47C	0230	CF
204	F47C	0234	CF
204	F47C	0238	CF
204	F47C	023C	CF
204	F47C	0260	1F
204	F47C	0294	25
204	F47C	02C8	27
204	F47C	02FC	2D
204	F47C	0270	2D
204	F47C	02A4	31
204	F47C	02D8	31
204	F47C	024C	35
204	F47C	0280	39
204	F47C	02B4	40
204	D144	02E8	F4
204	D144	025C	F4
204	D144	0290	F4
204	D144	02C4	F4
204	D144	02F8	F4
204	D144	026C	F4
204	D144	02A0	F4
204	D144	02D4	F4
204	D144	0248	F4
204	D144	027C	F4
204	D144	02B0	F4
204	D144	02E4	F4
204	D144	0258	F4
204	D144	028C	F4
204	D144	02C0	F4
204	D144	02F4	F4
204	D144	0268	F4
204	D144	029C	F4
204	D144	02D0	F4
204	D144	0244	F4
204	D144	0278	F4
204	D144	02AC	F4
204	D144	02E0	F4
204	D144	0254	F4
204	D144	0288	F4
204	D144	02BC	F4
204	D144	02F0	F4
204	D144	0264	F4
204	D144	0298	F4
204	D144	02CC	F4
204	D144	0240	F4
204	D144	0274	F4
204	D144	02A8	F4
204	D144	02DC	F4
204	D144	0250	F4
204	D144	0284	F4
204	D144	02B8	F4
204	D144	02EC	F4
205	F47C	0200	B7
205	F47C	0204	B7
205	F47C	0208	B7
205	F47C	020C	B7
205	F47C	0210	BF
205	F47C	0214	BF
205	F47C	0218	BF
205	F47C	021C	BF
205	F47C	0220	C7
205	F47C	0224	C7
205	F47C	0228	C7
205	F47C	022C	C7
205	F47C	0230	CF
205	F47C	0234	CF
205	F47C	0238	CF
205	F47C	023C	CF
205	F47C	0254	1F
205	F47C	0288	25
205	F47C	02BC	27
205	F47C	02F0	2D
205	F47C	0264	2D
205	F47C	0298	31
205	F47C	02CC	31
205	F47C	0240	35
205	F47C	0274	39
205	F47C	02A8	40
205	D144	02DC	F4
205	D144	0250	F4
205	D144	0284	F4
205	D144	02B8	F4
205	D144	02EC	F4
205	D144	0260	F4
205	D144	0294	F4
205	D144	02C8	F4
205	D144	02FC	F4
205	D144	0270	F4
205	D144	02A4	F4
205	D144	02D8	F4
205	D144	024C	F4
205	D144	0280	F4
205	D144	02B4	F4
205	D144	02E8	F4
205	D144	025C	F4
205	D144	0290	F4
205	D144	02C4	F4
205	D144	02F8	F4
205	D144	026C	F4
205	D144	02A0	F4
205	D144	02D4	F4
205	D144	0248	F4
205	D144	027C	F4
205	D144	02B0	F4
205	D144	02E4	F4
205	D144	0258	F4
205	D144	028C	F4
205	D144	02C0	F4
205	D144	02F4	F4
205	D144	0268	F4
205	D144	029C	F4
205	D144	02D0	F4
205	D144	0244	F4
205	D144	0278	F4
205	D144	02AC	F4
205	D144	02E0	F4
206	F47C	0200	B7
206	F47C	0204	B7
206	F47C	0208	B7
206	F47C	020C	B7
206	F47C	0210	BF
206	F47C	0214	BF
206	F47C	0218	BF
206	F47C	021C	BF
206	F47C	0220	C7
206	F47C	0224	C7
206	F47C	0228	C7
206	F47C	022C	C7
206	F47C	0230	CF
206	F47C	0234	CF
206	F47C	0238	CF
206	F47C	023C	CF
206	F47C	0288	1F
206	F47C	02BC	25
206	F47C	02F0	27
206	F47C	0264	2D
206	F47C	0298	2D
206	F47C	02CC	31
206	F47C	0240	31
206	F47C	0274	35
206	F47C	02A8	39
206	F47C	02DC	40
206	D144	0250	F4
206	D144	0284	F4
206	D144	02B8	F4
206	D144	02EC	F4
206	D144	0260	F4
206	D144	0294	F4
206	D144	02C8	F4
206	D144	02FC	F4
206	D144	0270	F4
206	D144	02A4	F4
206	D144	02D8	F4
206	D144	024C	F4
206	D144	0280	F4
206	D144	02B4	F4
206	D144	02E8	F4
206	D144	025C	F4
206	D144	0290	F4
206	D144	02C4	F4
206	D144	02F8	F4
206	D144	026C	F4
206	D144	02A0	F4
206	D144	02D4	F4
206	D144	0248	F4
206	D144	027C	F4
206	D144	02B0	F4
206	D144	02E4	F4
206	D144	0258	F4
206	D144	028C	F4
206	D144	02C0	F4
206	D144	02F4	F4
206	D144	0268	F4
206	D144	029C	F4
206	D144	02D0	F4
206	D144	0244	F4
206	D144	0278	F4
206	D144	02AC	F4
206	D144	02E0	F4
206	D144	0254	F4
207	F47C	0200	B7
207	F47C	0204	B7
207	F47C	0208	B7
207	F47C	020C	B7
207	F47C	0210	BF
207	F47C	0214	BF
207	F47C	0218	BF
207	F47C	021C	BF
207	F47C	0220	C7
207	F47C	0224	C7
207	F47C	0228	C7
207	F47C	022C	C7
207	F47C	0230	CF
207	F47C	0234	CF
207	F47C	0238	CF
207	F47C	023C	CF
207	F47C	02BC	1F
207	F47C	02F0	25
207	F47C	0264	27
207	F47C	0298	2D
207	F47C	02CC	2D
207	F47C	0240	31
207	F47C	0274	31
207	F47C	02A8	35
207	F47C	02DC	39
207	F47C	0250	40
207	D144	0284	F4
207	D144	02B8	F4
207	D144	02EC	F4
207	D144	0260	F4
207	D144	0294	F4
207	D144	02C8	F4
207	D144	02FC	F4
207	D144	0270	F4
207	D144	02A4	F4
207	D144	02D8	F4
207	D144	024C	F4
207	D144	0280	F4
207	D144	02B4	F4
207	D144	02E8	F4
207	D144	025C	F4
207	D144	0290	F4
207	D144	02C4	F4
207	D144	02F8	F4
207	D144	026C	F4
207	D144	02A0	F4
207	D144	02D4	F4
207	D144	0248	F4
207	D144	027C	F4
207	D144	02B0	F4
207	D144	02E4	F4
207	D144	0258	F4
207	D144	028C	F4
207	D144	02C0	F4
207	D144	02F4	F4
207	D144	0268	F4
207	D144	029C	F4
207	D144	02D0	F4
207	D144	0244	F4
207	D144	0278	F4
207	D144	02AC	F4
207	D144	02E0	F4
207	D144	0254	F4
207	D144	0288	F4
208	F47C	0200	B7
208	F47C	0204	B7
208	F47C	0208	B7
208	F47C	020C	B7
208	F47C	0210	BF
208	F47C	0214	BF
208	F47C	0218	BF
208	F47C	021C	BF
208	F47C	0220	C7
208	F47C	0224	C7
208	F47C	0228	C7
208	F47C	022C	C7
208	F47C	0230	CF
208	F47C	0234	CF
208	F47C	0238	CF
208	F47C	023C	CF
208	F47C	02F0	1F
208	F47C	0264	25
208	F47C	0298	27
208	F47C	02CC	2D
208	F47C	0240	2D
208	F47C	0274	31
208	F47C	02A8	31
208	F47C	02DC	35
208	F47C	0250	39
208	F47C	0284	40
208	D144	02B8	F4
208	D144	02EC	F4
208	D144	0260	F4
208	D144	0294	F4
208	D144	02C8	F4
208	D144	02FC	F4
208	D144	0270	F4
208	D144	02A4	F4
208	D144	02D8	F4
208	D144	024C	F4
208	D144	0280	F4
208	D144	02B4	F4
208	D144	02E8	F4
208	D144	025C	F4
208	D144	0290	F4
208	D144	02C4	F4
208	D144	02F8	F4
208	D144	026C	F4
208	D144	02A0	F4
208	D144	02D4	F4
208	D144	0248	F4
208	D144	027C	F4
208	D144	02B0	F4
208	D144	02E4	F4
208	D144	0258	F4
208	D144	028C	F4
208	D144	02C0	F4
208	D144	02F4	F4
208	D144	0268	F4
208	D144	029C	F4
208	D144	02D0	F4
208	D144	0244	F4
208	D144	0278	F4
208	D144	02AC	F4
208	D144	02E0	F4
208	D144	0254	F4
208	D144	0288	F4
208	D144	02BC	F4
209	F47C	0200	B7
209	F47C	0204	B7
209	F47C	0208	B7
209	F47C	020C	B7
209	F47C	0210	BF
209	F47C	0214	BF
209	F47C	0218	BF
209	F47C	021C	BF
209	F47C	0220	C7
209	F47C	0224	C7
209	F47C	0228	C7
209	F47C	022C	C7
209	F47C	0230	CF
209	F47C	0234	CF
209	F47C	0238	CF
209	F47C	023C	CF
209	F47C	0264	1F
209	F47C	0298	25
209	F47C	02CC	27
209	F47C	0240	2D
209	F47C	0274	2D
209	F47C	02A8	31
209	F47C	02DC	31
209	F47C	0250	35
209	F47C	0284	39
209	F47C	02B8	40
209	D144	02EC	F4
209	D144	0260	F4
209	D144	0294	F4
209	D144	02C8	F4
209	D144	02FC	F4
209	D144	0270	F4
209	D144	02A4	F4
209	D144	02D8	F4
209	D144	024C	F4
209	D144	0280	F4
209	D144	02B4	F4
209	D144	02E8	F4
209	D144	025C	F4
209	D144	0290	F4
209	D144	02C4	F4
209	D144	02F8	F4
209	D144	026C	F4
209	D144	02A0	F4
209	D144	02D4	F4
209	D144	0248	F4
209	D144	027C	F4
209	D144	02B0	F4
209	D144	02E4	F4
209	D144	0258	F4
209	D144	028C	F4
209	D144	02C0	F4
209	D144	02F4	F4
209	D144	0268	F4
209	D144	029C	F4
209	D144	02D0	F4
209	D144	0244	F4
209	D144	0278	F4
209	D144	02AC	F4
209	D144	02E0	F4
209	D144	0254	F4
209	D144	0288	F4
209	D144	02BC	F4
209	D144	02F0	F4
210	F47C	0200	B7
210	F47C	0204	B7
210	F47C	0208	B7
210	F47C	020C	B7
210	F47C	0210	BF
210	F47C	0214	BF
210	F47C	0218	BF
210	F47C	021C	BF
210	F47C	0220	C7
210	F47C	0224	C7
210	F47C	0228	C7
210	F47C	022C	C7
210	F47C	0230	CF
210	F47C	0234	CF
210	F47C	0238	CF
210	F47C	023C	CF
210	F47C	0258	1F
210	F47C	028C	25
210	F47C	02C0	27
210	F47C	02F4	2D
210	F47C	0268	2D
210	F47C	029C	31
210	F47C	02D0	31
210	F47C	0244	35
210	F47C	0278	39
210	F47C	02AC	40
210	D144	02E0	F4
210	D144	0254	F4
210	D144	0288	F4
210	D144	02BC	F4
210	D144	02F0	F4
210	D144	0264	F4
210	D144	0298	F4
210	D144	02CC	F4
210	D144	0240	F4
210	D144	0274	F4
210	D144	02A8	F4
210	D144	02DC	F4
210	D144	0250	F4
210	D144	0284	F4
210	D144	02B8	F4
210	D144	02EC	F4
210	D144	0260	F4
210	D144	0294	F4
210	D144	02C8	F4
210	D144	02FC	F4
210	D144	0270	F4
210	D144	02A4	F4
210	D144	02D8	F4
210	D144	024C	F4
210	D144	0280	F4
210	D144	02B4	F4
210	D144	02E8	F4
210	D144	025C	F4
210	D144	0290	F4
210	D144	02C4	F4
210	D144	02F8	F4
210	D144	026C	F4
210	D144	02A0	F4
210	D144	02D4	F4
210	D144	0248	F4
210	D144	027C	F4
210	D144	02B0	F4
210	D144	02E4	F4
211	F47C	0200	B7
211	F47C	0204	B7
211	F47C	0208	B7
211	F47C	020C	B7
211	F47C	0210	BF
211	F47C	0214	BF
211	F47C	0218	BF
211	F47C	021C	BF
211	F47C	0220	C7
211	F47C	0224	C7
211	F47C	0228	C7
211	F47C	022C	C7
211	F47C	0230	CF
211	F47C	0234	CF
211	F47C	0238	CF
211	F47C	023C	CF
211	F47C	028C	1F
211	F47C	02C0	25
211	F47C	02F4	27
211	F47C	0268	2D
211	F47C	029C	2D
211	F47C	02D0	31
211	F47C	0244	31
211	F47C	0278	35
211	F47C	02AC	39
211	F47C	02E0	40
211	D144	0254	F4
211	D144	0288	F4
211	D144	02BC	F4
211	D144	02F0	F4
211	D144	0264	F4
211	D144	0298	F4
211	D144	02CC	F4
211	D144	0240	F4
211	D144	0274	F4
211	D144	02A8	F4
211	D144	02DC	F4
211	D144	0250	F4
211	D144	0284	F4
211	D144	02B8	F4
211	D144	02EC	F4
211	D144	0260	F4
211	D144	0294	F4
211	D144	02C8	F4
211	D144	02FC	F4
211	D144	0270	F4
211	D144	02A4	F4
211	D144	02D8	F4
211	D144	024C	F4
211	D144	0280	F4
211	D144	02B4	F4
211	D144	02E8	F4
211	D144	025C	F4
211	D144	0290	F4
211	D144	02C4	F4
211	D144	02F8	F4
211	D144	026C	F4
211	D144	02A0	F4
211	D144	02D4	F4
211	D144	0248	F4
211	D144	027C	F4
211	D144	02B0	F4
211	D144	02E4	F4
211	D144	0258	F4
212	F47C	0200	B7
212	F47C	0204	B7
212	F47C	0208	B7
212	F47C	020C	B7
212	F47C	0210	BF
212	F47C	0214	BF
212	F47C	0218	BF
212	F47C	021C	BF
212	F47C	0220	C7
212	F47C	0224	C7
212	F47C	0228	C7
212	F47C	022C	C7
212	F47C	0230	CF
212	F47C	0234	CF
212	F47C	0238	CF
212	F47C	023C	CF
212	F47C	02C0	1F
212	F47C	02F4	25
212	F47C	0268	27
212	F47C	029C	2D
212	F47C	02D0	2D
212	F47C	0244	31
212	F47C	0278	31
212	F47C	02AC	35
212	F47C	02E0	39
212	F47C	0254	40
212	D144	0288	F4
212	D144	02BC	F4
212	D144	02F0	F4
212	D144	0264	F4
212	D144	0298	F4
212	D144	02CC	F4
212	D144	0240	F4
212	D144	0274	F4
212	D144	02A8	F4
212	D144	02DC	F4
212	D144	0250	F4
212	D144	0284	F4
212	D144	02B8	F4
212	D144	02EC	F4
212	D144	0260	F4
212	D144	0294	F4
212	D144	02C8	F4
212	D144	02FC	F4
212	D144	0270	F4
212	D144	02A4	F4
212	D144	02D8	F4
212	D144	024C	F4
212	D144	0280	F4
212	D144	02B4	F4
212	D144	02E8	F4
212	D144	025C	F4
212	D144	0290	F4
212	D144	02C4	F4
212	D144	02F8	F4
212	D144	026C	F4
212	D144	02A0	F4
212	D144	02D4	F4
212	D144	0248	F4
212	D144	027C	F4
212	D144	02B0	F4
212	D144	02E4	F4
212	D144	0258	F4
212	D144	028C	F4
213	F47C	0200	B7
213	F47C	0204	B7
213	F47C	0208	B7
213	F47C	020C	B7
213	F47C	0210	BF
213	F47C	0214	BF
213	F47C	0218	BF
213	F47C	021C	BF
213	F47C	0220	C7
213	F47C	0224	C7
213	F47C	0228	C7
213	F47C	022C	C7
213	F47C	0230	CF
213	F47C	0234	CF
213	F47C	0238	CF
213	F47C	023C	CF
213	F47C	02F4	1F
213	F47C	0268	25
213	F47C	029C	27
213	F47C	02D0	2D
213	F47C	0244	2D
213	F47C	0278	31
213	F47C	02AC	31
213	F47C	02E0	35
213	F47C	0254	39
213	F47C	0288	40
213	D144	02BC	F4
213	D144	02F0	F4
213	D144	0264	F4
213	D144	0298	F4
213	D144	02CC	F4
213	D144	0240	F4
213	D144	0274	F4
213	D144	02A8	F4
213	D144	02DC	F4
213	D144	0250	F4
213	D144	0284	F4
213	D144	02B8	F4
213	D144	02EC	F4
213	D144	0260	F4
213	D144	0294	F4
213	D144	02C8	F4
213	D144	02FC	F4
213	D144	0270	F4
213	D144	02A4	F4
213	D144	02D8	F4
213	D144	024C	F4
213	D144	0280	F4
213	D144	02B4	F4
213	D144	02E8	F4
213	D144	025C	F4
213	D144	0290	F4
213	D144	02C4	F4
213	D144	02F8	F4
213	D144	026C	F4
213	D144	02A0	F4
213	D144	02D4	F4
213	D144	0248	F4
213	D144	027C	F4
213	D144	02B0	F4
213	D144	02E4	F4
213	D144	0258	F4
213	D144	028C	F4
213	D144	02C0	F4
214	F47C	0200	B7
214	F47C	0204	B7
214	F47C	0208	B7
214	F47C	020C	B7
214	F47C	0210	BF
214	F47C	0214	BF
214	F47C	0218	BF
214	F47C	021C	BF
214	F47C	0220	C7
214	F47C	0224	C7
214	F47C	0228	C7
214	F47C	022C	C7
214	F47C	0230	CF
214	F47C	0234	CF
214	F47C	0238	CF
214	F47C	023C	CF
214	F47C	0268	1F
214	F47C	029C	25
214	F47C	02D0	27
214	F47C	0244	2D
214	F47C	0278	2D
214	F47C	02AC	31
214	F47C	02E0	31
214	F47C	0254	35
214	F47C	0288	39
214	F47C	02BC	40
214	D144	02F0	F4
214	D144	0264	F4
214	D144	0298	F4
214	D144	02CC	F4
214	D144	0240	F4
214	D144	0274	F4
214	D144	02A8	F4
214	D144	02DC	F4
214	D144	0250	F4
214	D144	0284	F4
214	D144	02B8	F4
214	D144	02EC	F4
214	D144	0260	F4
214	D144	0294	F4
214	D144	02C8	F4
214	D144	02FC	F4
214	D144	0270	F4
214	D144	02A4	F4
214	D144	02D8	F4
214	D144	024C	F4
214	D144	0280	F4
214	D144	02B4	F4
214	D144	02E8	F4
214	D144	025C	F4
214	D144	0290	F4
214	D144	02C4	F4
214	D144	02F8	F4
214	D144	026C	F4
214	D144	02A0	F4
214	D144	02D4	F4
214	D144	0248	F4
214	D144	027C	F4
214	D144	02B0	F4
214	D144	02E4	F4
214	D144	0258	F4
214	D144	028C	F4
214	D144	02C0	F4
214	D144	02F4	F4
215	F47C	0200	B7
215	F47C	0204	B7
215	F47C	0208	B7
215	F47C	020C	B7
215	F47C	0210	BF
215	F47C	0214	BF
215	F47C	0218	BF
215	F47C	021C	BF
215	F47C	0220	C7
215	F47C	0224	C7
215	F47C	0228	C7
215	F47C	022C	C7
215	F47C	0230	CF
215	F47C	0234	CF
215	F47C	0238	CF
215	F47C	023C	CF
215	F47C	025C	1F
215	F47C	0290	25
215	F47C	02C4	27
215	F47C	02F8	2D
215	F47C	026C	2D
215	F47C	02A0	31
215	F47C	02D4	31
215	F47C	0248	35
215	F47C	027C	39
215	F47C	02B0	40
215	D144	02E4	F4
215	D144	0258	F4
215	D144	028C	F4
215	D144	02C0	F4
215	D144	02F4	F4
215	D144	0268	F4
215	D144	029C	F4
215	D144	02D0	F4
215	D144	0244	F4
215	D144	0278	F4
215	D144	02AC	F4
215	D144	02E0	F4
215	D144	0254	F4
215	D144	0288	F4
215	D144	02BC	F4
215	D144	02F0	F4
215	D144	0264	F4
215	D144	0298	F4
215	D144	02CC	F4
215	D144	0240	F4
215	D144	0274	F4
215	D144	02A8	F4
215	D144	02DC	F4
215	D144	0250	F4
215	D144	0284	F4
215	D144	02B8	F4
215	D144	02EC	F4
215	D144	0260	F4
215	D144	0294	F4
215	D144	02C8	F4
215	D144	02FC	F4
215	D144	0270	F4
215	D144	02A4	F4
215	D144	02D8	F4
215	D144	024C	F4
215	D144	0280	F4
215	D144	02B4	F4
215	D144	02E8	F4
216	F47C	0200	B7
216	F47C	0204	B7
216	F47C	0208	B7
216	F47C	020C	B7
216	F47C	0210	BF
216	F47C	0214	BF
216	F47C	0218	BF
216	F47C	021C	BF
216	F47C	0220	C7
216	F47C	0224	C7
216	F47C	0228	C7
216	F47C	022C	C7
216	F47C	0230	CF
216	F47C	0234	CF
216	F47C	0238	CF
216	F47C	023C	CF
216	F47C	0290	1F
216	F47C	02C4	25
216	F47C	02F8	27
216	F47C	026C	2D
216	F47C	02A0	2D
216	F47C	02D4	31
216	F47C	0248	31
216	F47C	027C	35
216	F47C	02B0	39
216	F47C	02E4	40
216	D144	0258	F4
216	D144	028C	F4
216	D144	02C0	F4
216	D144	02F4	F4
216	D144	0268	F4
216	D144	029C	F4
216	D144	02D0	F4
216	D144	0244	F4
216	D144	0278	F4
216	D144	02AC	F4
216	D144	02E0	F4
216	D144	0254	F4
216	D144	0288	F4
216	D144	02BC	F4
216	D144	02F0	F4
216	D144	0264	F4
216	D144	0298	F4
216	D144	02CC	F4
216	D144	0240	F4
216	D144	0274	F4
216	D144	02A8	F4
216	D144	02DC	F4
216	D144	0250	F4
216	D144	0284	F4
216	D144	02B8	F4
216	D144	02EC	F4
216	D144	0260	F4
216	D144	0294	F4
216	D144	02C8	F4
216	D144	02FC	F4
216	D144	0270	F4
216	D144	02A4	F4
216	D144	02D8	F4
216	D144	024C	F4
216	D144	0280	F4
216	D144	02B4	F4
216	D144	02E8	F4
216	D144	025C	F4
217	F47C	0200	B7
217	F47C	0204	B7
217	F47C	0208	B7
217	F47C	020C	B7
217	F47C	0210	BF
217	F47C	0214	BF
217	F47C	0218	BF
217	F47C	021C	BF
217	F47C	0220	C7
217	F47C	0224	C7
217	F47C	0228	C7
217	F47C	022C	C7
217	F47C	0230	CF
217	F47C	0234	CF
217	F47C	0238	CF
217	F47C	023C	CF
217	F47C	02C4	1F
217	F47C	02F8	25
217	F47C	026C	27
217	F47C	02A0	2D
217	F47C	02D4	2D
217	F47C	0248	31
217	F47C	027C	31
217	F47C	02B0	35
217	F47C	02E4	39
217	F47C	0258	40
217	D144	028C	F4
217	D144	02C0	F4
217	D144	02F4	F4
217	D144	0268	F4
217	D144	029C	F4
217	D144	02D0	F4
217	D144	0244	F4
217	D144	0278	F4
217	D144	02AC	F4
217	D144	02E0	F4
217	D144	0254	F4
217	D144	0288	F4
217	D144	02BC	F4
217	D144	02F0	F4
217	D144	0264	F4
217	D144	0298	F4
217	D144	02CC	F4
217	D144	0240	F4
217	D144	0274	F4
217	D144	02A8	F4
217	D144	02DC	F4
217	D144	0250	F4
217	D144	0284	F4
217	D144	02B8	F4
217	D144	02EC	F4
217	D144	0260	F4
217	D144	0294	F4
217	D144	02C8	F4
217	D144	02FC	F4
217	D144	0270	F4
217	D144	02A4	F4
217	D144	02D8	F4
217	D144	024C	F4
217	D144	0280	F4
217	D144	02B4	F4
217	D144	02E8	F4
217	D144	025C	F4
217	D144	0290	F4
218	F47C	0200	B7
218	F47C	0204	B7
218	F47C	0208	B7
218	F47C	020C	B7
218	F47C	0210	BF
218	F47C	0214	BF
218	F47C	0218	BF
218	F47C	021C	BF
218	F47C	0220	C7
218	F47C	0224	C7
218	F47C	0228	C7
218	F47C	022C	C7
218	F47C	0230	CF
218	F47C	0234	CF
218	F47C	0238	CF
218	F47C	023C	CF
218	F47C	02F8	1F
218	F47C	026C	25
218	F47C	02A0	27
218	F47C	02D4	2D
218	F47C	0248	2D
218	F47C	027C	31
218	F47C	02B0	31
218	F47C	02E4	35
218	F47C	0258	39
218	F47C	028C	40
218	D144	02C0	F4
218	D144	02F4	F4
218	D144	0268	F4
218	D144	029C	F4
218	D144	02D0	F4
218	D144	0244	F4
218	D144	0278	F4
218	D144	02AC	F4
218	D144	02E0	F4
218	D144	0254	F4
218	D144	0288	F4
218	D144	02BC	F4
218	D144	02F0	F4
218	D144	0264	F4
218	D144	0298	F4
218	D144	02CC	F4
218	D144	0240	F4
218	D144	0274	F4
218	D144	02A8	F4
218	D144	02DC	F4
218	D144	0250	F4
218	D144	0284	F4
218	D144	02B8	F4
218	D144	02EC	F4
218	D144	0260	F4
218	D144	0294	F4
218	D144	02C8	F4
218	D144	02FC	F4
218	D144	0270	F4
218	D144	02A4	F4
218	D144	02D8	F4
218	D144	024C	F4
218	D144	0280	F4
218	D144	02B4	F4
218	D144	02E8	F4
218	D144	025C	F4
218	D144	0290	F4
218	D144	02C4	F4
219	F47C	0200	B7
219	F47C	0204	B7
219	F47C	0208	B7
219	F47C	020C	B7
219	F47C	0210	BF
219	F47C	0214	BF
219	F47C	0218	BF
219	F47C	021C	BF
219	F47C	0220	C7
219	F47C	0224	C7
219	F47C	0228	C7
219	F47C	022C	C7
219	F47C	0230	CF
219	F47C	0234	CF
219	F47C	0238	CF
219	F47C	023C	CF
219	F47C	026C	1F
219	F47C	02A0	25
219	F47C	02D4	27
219	F47C	0248	2D
219	F47C	027C	2D
219	F47C	02B0	31
219	F47C	02E4	31
219	F47C	0258	35
219	F47C	028C	39
219	F47C	02C0	40
219	D144	02F4	F4
219	D144	0268	F4
219	D144	029C	F4
219	D144	02D0	F4
219	D144	0244	F4
219	D144	0278	F4
219	D144	02AC	F4
219	D144	02E0	F4
219	D144	0254	F4
219	D144	0288	F4
219	D144	02BC	F4
219	D144	02F0	F4
219	D144	0264	F4
219	D144	0298	F4
219	D144	02CC	F4
219	D144	0240	F4
219	D144	0274	F4
219	D144	02A8	F4
219	D144	02DC	F4
219	D144	0250	F4
219	D144	0284	F4
219	D144	02B8	F4
219	D144	02EC	F4
219	D144	0260	F4
219	D144	0294	F4
219	D144	02C8	F4
219	D144	02FC	F4
219	D144	0270	F4
219	D144	02A4	F4
219	D144	02D8	F4
219	D144	024C	F4
219	D144	0280	F4
219	D144	02B4	F4
219	D144	02E8	F4
219	D144	025C	F4
219	D144	0290	F4
219	D144	02C4	F4
219	D144	02F8	F4
220	F47C	0200	B7
220	F47C	0204	B7
220	F47C	0208	B7
220	F47C	020C	B7
220	F47C	0210	BF
220	F47C	0214	BF
220	F47C	0218	BF
220	F47C	021C	BF
220	F47C	0220	C7
220	F47C	0224	C7
220	F47C	0228	C7
220	F47C	022C	C7
220	F47C	0230	CF
220	F47C	0234	CF
220	F47C	0238	CF
220	F47C	023C	CF
220	F47C	0260	1F
220	F47C	0294	25
220	F47C	02C8	27
220	F47C	02FC	2D
220	F47C	0270	2D
220	F47C	02A4	31
220	F47C	02D8	31
220	F47C	024C	35
220	F47C	0280	39
220	F47C	02B4	40
220	D144	02E8	F4
220	D144	025C	F4
220	D144	0290	F4
220	D144	02C4	F4
220	D144	02F8	F4
220	D144	026C	F4
220	D144	02A0	F4
220	D144	02D4	F4
220	D144	0248	F4
220	D144	027C	F4
220	D144	02B0	F4
220	D144	02E4	F4
220	D144	0258	F4
220	D144	028C	F4
220	D144	02C0	F4
220	D144	02F4	F4
220	D144	0268	F4
220	D144	029C	F4
220	D144	02D0	F4
220	D144	0244	F4
220	D144	0278	F4
220	D144	02AC	F4
220	D144	02E0	F4
220	D144	0254	F4
220	D144	0288	F4
220	D144	02BC	F4
220	D144	02F0	F4
220	D144	0264	F4
220	D144	0298	F4
220	D144	02CC	F4
220	D144	0240	F4
220	D144	0274	F4
220	D144	02A8	F4
220	D144	02DC	F4
220	D144	0250	F4
220	D144	0284	F4
220	D144	02B8	F4
220	D144	02EC	F4
221	F47C	0200	B7
221	F47C	0204	B7
221	F47C	0208	B7
221	F47C	020C	B7
221	F47C	0210	BF
221	F47C	0214	BF
221	F47C	0218	BF
221	F47C	021C	BF
221	F47C	0220	C7
221	F47C	0224	C7
221	F47C	0228	C7
221	F47C	022C	C7
221	F47C	0230	CF
221	F47C	0234	CF
221	F47C	0238	CF
221	F47C	023C	CF
221	F47C	0294	1F
221	F47C	02C8	25
221	F47C	02FC	27
221	F47C	0270	2D
221	F47C	02A4	2D
221	F47C	02D8	31
221	F47C	024C	31
221	F47C	0280	35
221	F47C	02B4	39
221	F47C	02E8	40
221	D144	025C	F4
221	D144	0290	F4
221	D144	02C4	F4
221	D144	02F8	F4
221	D144	026C	F4
221	D144	02A0	F4
221	D144	02D4	F4
221	D144	0248	F4
221	D144	027C	F4
221	D144	02B0	F4
221	D144	02E4	F4
221	D144	0258	F4
221	D144	028C	F4
221	D144	02C0	F4
221	D144	02F4	F4
221	D144	0268	F4
221	D144	029C	F4
221	D144	02D0	F4
221	D144	0244	F4
221	D144	0278	F4
221	D144	02AC	F4
221	D144	02E0	F4
221	D144	0254	F4
221	D144	0288	F4
221	D144	02BC	F4
221	D144	02F0	F4
221	D144	0264	F4
221	D144	0298	F4
221	D144	02CC	F4
221	D144	0240	F4
221	D144	0274	F4
221	D144	02A8	F4
221	D144	02DC	F4
221	D144	0250	F4
221	D144	0284	F4
221	D144	02B8	F4
221	D144	02EC	F4
221	D144	0260	F4
222	F47C	0200	B7
222	F47C	0204	B7
222	F47C	0208	B7
222	F47C	020C	B7
222	F47C	0210	BF
222	F47C	0214	BF
222	F47C	0218	BF
222	F47C	021C	BF
222	F47C	0220	C7
222	F47C	0224	C7
222	F47C	0228	C7
222	F47C	022C	C7
222	F47C	0230	CF
222	F47C	0234	CF
222	F47C	0238	CF
222	F47C	023C	CF
222	F47C	02C8	1F
222	F47C	02FC	25
222	F47C	0270	27
222	F47C	02A4	2D
222	F47C	02D8	2D
222	F47C	024C	31
222	F47C	0280	31
222	F47C	02B4	35
222	F47C	02E8	39
222	F47C	025C	40
222	D144	0290	F4
222	D144	02C4	F4
222	D144	02F8	F4
222	D144	026C	F4
222	D144	02A0	F4
222	D144	02D4	F4
222	D144	0248	F4
222	D144	027C	F4
222	D144	02B0	F4
222	D144	02E4	F4
222	D144	0258	F4
222	D144	028C	F4
222	D144	02C0	F4
222	D144	02F4	F4
222	D144	0268	F4
222	D144	029C	F4
222	D144	02D0	F4
222	D144	0244	F4
222	D144	0278	F4
222	D144	02AC	F4
222	D144	02E0	F4
222	D144	0254	F4
222	D144	0288	F4
222	D144	02BC	F4
222	D144	02F0	F4
222	D144	0264	F4
222	D144	0298	F4
222	D144	02CC	F4
222	D144	0240	F4
222	D144	0274	F4
222	D144	02A8	F4
222	D144	02DC	F4
222	D144	0250	F4
222	D144	0284	F4
222	D144	02B8	F4
222	D144	02EC	F4
222	D144	0260	F4
222	D144	0294	F4
223	F47C	0200	B7
223	F47C	0204	B7
223	F47C	0208	B7
223	F47C	020C	B7
223	F47C	0210	BF
223	F47C	0214	BF
223	F47C	0218	BF
223	F47C	021C	BF
223	F47C	0220	C7
223	F47C	0224	C7
223	F47C	0228	C7
223	F47C	022C	C7
223	F47C	0230	CF
223	F47C	0234	CF
223	F47C	0238	CF
223	F47C	023C	CF
223	F47C	02FC	1F
223	F47C	0270	25
223	F47C	02A4	27
223	F47C	02D8	2D
223	F47C	024C	2D
223	F47C	0280	31
223	F47C	02B4	31
223	F47C	02E8	35
223	F47C	025C	39
223	F47C	0290	40
223	D144	02C4	F4
223	D144	02F8	F4
223	D144	026C	F4
223	D144	02A0	F4
223	D144	02D4	F4
223	D144	0248	F4
223	D144	027C	F4
223	D144	02B0	F4
223	D144	02E4	F4
223	D144	0258	F4
223	D144	028C	F4
223	D144	02C0	F4
223	D144	02F4	F4
223	D144	0268	F4
223	D144	029C	F4
223	D144	02D0	F4
223	D144	0244	F4
223	D144	0278	F4
223	D144	02AC	F4
223	D144	02E0	F4
223	D144	0254	F4
223	D144	0288	F4
223	D144	02BC	F4
223	D144	02F0	F4
223	D144	0264	F4
223	D144	0298	F4
223	D144	02CC	F4
223	D144	0240	F4
223	D144	0274	F4
223	D144	02A8	F4
223	D144	02DC	F4
223	D144	0250	F4
223	D144	0284	F4
223	D144	02B8	F4
223	D144	02EC	F4
223	D144	0260	F4
223	D144	0294	F4
223	D144	02C8	F4
224	F47C	0200	B7
224	F47C	0204	B7
224	F47C	0208	B7
224	F47C	020C	B7
224	F47C	0210	BF
224	F47C	0214	BF
224	F47C	0218	BF
224	F47C	021C	BF
224	F47C	0220	C7
224	F47C	0224	C7
224	F47C	0228	C7
224	F47C	022C	C7
224	F47C	0230	CF
224	F47C	0234	CF
224	F47C	0238	CF
224	F47C	023C	CF
224	F47C	0270	1F
224	F47C	02A4	25
224	F47C	02D8	27
224	F47C	024C	2D
224	F47C	0280	2D
224	F47C	02B4	31
224	F47C	02E8	31
224	F47C	025C	35
224	F47C	0290	39
224	F47C	02C4	40
224	D144	02F8	F4
224	D144	026C	F4
224	D144	02A0	F4
224	D144	02D4	F4
224	D144	0248	F4
224	D144	027C	F4
224	D144	02B0	F4
224	D144	02E4	F4
224	D144	0258	F4
224	D144	028C	F4
224	D144	02C0	F4
224	D144	02F4	F4
224	D144	0268	F4
224	D144	029C	F4
224	D144	02D0	F4
224	D144	0244	F4
224	D144	0278	F4
224	D144	02AC	F4
224	D144	02E0	F4
224	D144	0254	F4
224	D144	0288	F4
224	D144	02BC	F4
224	D144	02F0	F4
224	D144	0264	F4
224	D144	0298	F4
224	D144	02CC	F4
224	D144	0240	F4
224	D144	0274	F4
224	D144	02A8	F4
224	D144	02DC	F4
224	D144	0250	F4
224	D144	0284	F4
224	D144	02B8	F4
224	D144	02EC	F4
224	D144	0260	F4
224	D144	0294	F4
224	D144	02C8	F4
224	D144	02FC	F4
225	F47C	0200	B7
225	F47C	0204	B7
225	F47C	0208	B7
225	F47C	020C	B7
225	F47C	0210	BF
225	F47C	0214	BF
225	F47C	0218	BF
225	F47C	021C	BF
225	F47C	0220	C7
225	F47C	0224	C7
225	F47C	0228	C7
225	F47C	022C	C7
225	F47C	0230	CF
225	F47C	0234	CF
225	F47C	0238	CF
225	F47C	023C	CF
225	F47C	0264	1F
225	F47C	0298	25
225	F47C	02CC	27
225	F47C	0240	2D
225	F47C	0274	2D
225	F47C	02A8	31
225	F47C	02DC	31
225	F47C	0250	35
225	F47C	0284	39
225	F47C	02B8	40
225	D144	02EC	F4
225	D144	0260	F4
225	D144	0294	F4
225	D144	02C8	F4
225	D144	02FC	F4
225	D144	0270	F4
225	D144	02A4	F4
225	D144	02D8	F4
225	D144	024C	F4
225	D144	0280	F4
225	D144	02B4	F4
225	D144	02E8	F4
225	D144	025C	F4
225	D144	0290	F4
225	D144	02C4	F4
225	D144	02F8	F4
225	D144	026C	F4
225	D144	02A0	F4
225	D144	02D4	F4
225	D144	0248	F4
225	D144	027C	F4
225	D144	02B0	F4
225	D144	02E4	F4
225	D144	0258	F4
225	D144	028C	F4
225	D144	02C0	F4
225	D144	02F4	F4
225	D144	0268	F4
225	D144	029C	F4
225	D144	02D0	F4
225	D144	0244	F4
225	D144	0278	F4
225	D144	02AC	F4
225	D144	02E0	F4
225	D144	0254	F4
225	D144	0288	F4
225	D144	02BC	F4
225	D144	02F0	F4
226	F47C	0200	B7
226	F47C	0204	B7
226	F47C	0208	B7
226	F47C	020C	B7
226	F47C	0210	BF
226	F47C	0214	BF
226	F47C	0218	BF
226	F47C	021C	BF
226	F47C	0220	C7
226	F47C	0224	C7
226	F47C	0228	C7
226	F47C	022C	C7
226	F47C	0230	CF
226	F47C	0234	CF
226	F47C	0238	CF
226	F47C	023C	CF
226	F47C	0298	1F
226	F47C	02CC	25
226	F47C	0240	27
226	F47C	0274	2D
226	F47C	02A8	2D
226	F47C	02DC	31
226	F47C	0250	31
226	F47C	0284	35
226	F47C	02B8	39
226	F47C	02EC	40
226	D144	0260	F4
226	D144	0294	F4
226	D144	02C8	F4
226	D144	02FC	F4
226	D144	0270	F4
226	D144	02A4	F4
226	D144	02D8	F4
226	D144	024C	F4
226	D144	0280	F4
226	D144	02B4	F4
226	D144	02E8	F4
226	D144	025C	F4
226	D144	0290	F4
226	D144	02C4	F4
226	D144	02F8	F4
226	D144	026C	F4
226	D144	02A0	F4
226	D144	02D4	F4
226	D144	0248	F4
226	D144	027C	F4
226	D144	02B0	F4
226	D144	02E4	F4
226	D144	0258	F4
226	D144	028C	F4
226	D144	02C0	F4
226	D144	02F4	F4
226	D144	0268	F4
226	D144	029C	F4
226	D144	02D0	F4
226	D144	0244	F4
226	D144	0278	F4
226	D144	02AC	F4
226	D144	02E0	F4
226	D144	0254	F4
226	D144	0288	F4
226	D144	02BC	F4
226	D144	02F0	F4
226	D144	0264	F4
227	F47C	0200	B7
227	F47C	0204	B7
227	F47C	0208	B7
227	F47C	020C	B7
227	F47C	0210	BF
227	F47C	0214	BF
227	F47C	0218	BF
227	F47C	021C	BF
227	F47C	0220	C7
227	F47C	0224	C7
227	F47C	0228	C7
227	F47C	022C	C7
227	F47C	0230	CF
227	F47C	0234	CF
227	F47C	0238	CF
227	F47C	023C	CF
227	F47C	02CC	1F
227	F47C	0240	25
227	F47C	0274	27
227	F47C	02A8	2D
227	F47C	02DC	2D
227	F47C	0250	31
227	F47C	0284	31
227	F47C	02B8	35
227	F47C	02EC	39
227	F47C	0260	40
227	D144	0294	F4
227	D144	02C8	F4
227	D144	02FC	F4
227	D144	0270	F4
227	D144	02A4	F4
227	D144	02D8	F4
227	D144	024C	F4
227	D144	0280	F4
227	D144	02B4	F4
227	D144	02E8	F4
227	D144	025C	F4
227	D144	0290	F4
227	D144	02C4	F4
227	D144	02F8	F4
227	D144	026C	F4
227	D144	02A0	F4
227	D144	02D4	F4
227	D144	0248	F4
227	D144	027C	F4
227	D144	02B0	F4
227	D144	02E4	F4
227	D144	0258	F4
227	D144	028C	F4
227	D144	02C0	F4
227	D144	02F4	F4
227	D144	0268	F4
227	D144	029C	F4
227	D144	02D0	F4
227	D144	0244	F4
227	D144	0278	F4
227	D144	02AC	F4
227	D144	02E0	F4
227	D144	0254	F4
227	D144	0288	F4
227	D144	02BC	F4
227	D144	02F0	F4
227	D144	0264	F4
227	D144	0298	F4
228	F47C	0200	B7
228	F47C	0204	B7
228	F47C	0208	B7
228	F47C	020C	B7
228	F47C	0210	BF
228	F47C	0214	BF
228	F47C	0218	BF
228	F47C	021C	BF
228	F47C	0220	C7
228	F47C	0224	C7
228	F47C	0228	C7
228	F47C	022C	C7
228	F47C	0230	CF
228	F47C	0234	CF
228	F47C	0238	CF
228	F47C	023C	CF
228	F47C	0240	1F
228	F47C	0274	25
228	F47C	02A8	27
228	F47C	02DC	2D
228	F47C	0250	2D
228	F47C	0284	31
228	F47C	02B8	31
228	F47C	02EC	35
228	F47C	0260	39
228	F47C	0294	40
228	D144	02C8	F4
228	D144	02FC	F4
228	D144	0270	F4
228	D144	02A4	F4
228	D144	02D8	F4
228	D144	024C	F4
228	D144	0280	F4
228	D144	02B4	F4
228	D144	02E8	F4
228	D144	025C	F4
228	D144	0290	F4
228	D144	02C4	F4
228	D144	02F8	F4
228	D144	026C	F4
228	D144	02A0	F4
228	D144	02D4	F4
228	D144	0248	F4
228	D144	027C	F4
228	D144	02B0	F4
228	D144	02E4	F4
228	D144	0258	F4
228	D144	028C	F4
228	D144	02C0	F4
228	D144	02F4	F4
228	D144	0268	F4
228	D144	029C	F4
228	D144	02D0	F4
228	D144	0244	F4
228	D144	0278	F4
228	D144	02AC	F4
228	D144	02E0	F4
228	D144	0254	F4
228	D144	0288	F4
228	D144	02BC	F4
228	D144	02F0	F4
228	D144	0264	F4
228	D144	0298	F4
228	D144	02CC	F4
229	F47C	0200	B7
229	F47C	0204	B7
229	F47C	0208	B7
229	F47C	020C	B7
229	F47C	0210	BF
229	F47C	0214	BF
229	F47C	0218	BF
229	F47C	021C	BF
229	F47C	0220	C7
229	F47C	0224	C7
229	F47C	0228	C7
229	F47C	022C	C7
229	F47C	0230	CF
229	F47C	0234	CF
229	F47C	0238	CF
229	F47C	023C	CF
229	F47C	0274	1F
229	F47C	02A8	25
229	F47C	02DC	27
229	F47C	0250	2D
229	F47C	0284	2D
229	F47C	02B8	31
229	F47C	02EC	31
229	F47C	0260	35
229	F47C	0294	39
229	F47C	02C8	40
229	D144	02FC	F4
229	D144	0270	F4
229	D144	02A4	F4
229	D144	02D8	F4
229	D144	024C	F4
229	D144	0280	F4
229	D144	02B4	F4
229	D144	02E8	F4
229	D144	025C	F4
229	D144	0290	F4
229	D144	02C4	F4
229	D144	02F8	F4
229	D144	026C	F4
229	D144	02A0	F4
229	D144	02D4	F4
229	D144	0248	F4
229	D144	027C	F4
229	D144	02B0	F4
229	D144	02E4	F4
229	D144	0258	F4
229	D144	028C	F4
229	D144	02C0	F4
229	D144	02F4	F4
229	D144	0268	F4
229	D144	029C	F4
229	D144	02D0	F4
229	D144	0244	F4
229	D144	0278	F4
229	D144	02AC	F4
229	D144	02E0	F4
229	D144	0254	F4
229	D144	0288	F4
229	D144	02BC	F4
229	D144	02F0	F4
229	D144	0264	F4
229	D144	0298	F4
229	D144	02CC	F4
229	D144	0240	F4
230	F47C	0200	B7
230	F47C	0204	B7
230	F47C	0208	B7
230	F47C	020C	B7
230	F47C	0210	BF
230	F47C	0214	BF
230	F47C	0218	BF
230	F47C	021C	BF
230	F47C	0220	C7
230	F47C	0224	C7
230	F47C	0228	C7
230	F47C	022C	C7
230	F47C	0230	CF
230	F47C	0234	CF
230	F47C	0238	CF
230	F47C	023C	CF
230	F47C	0268	1F
230	F47C	029C	25
230	F47C	02D0	27
230	F47C	0244	2D
230	F47C	0278	2D
230	F47C	02AC	31
230	F47C	02E0	31
230	F47C	0254	35
230	F47C	0288	39
230	F47C	02BC	40
230	D144	02F0	F4
230	D144	0264	F4
230	D144	0298	F4
230	D144	02CC	F4
230	D144	0240	F4
230	D144	0274	F4
230	D144	02A8	F4
230	D144	02DC	F4
230	D144	0250	F4
230	D144	0284	F4
230	D144	02B8	F4
230	D144	02EC	F4
230	D144	0260	F4
230	D144	0294	F4
230	D144	02C8	F4
230	D144	02FC	F4
230	D144	0270	F4
230	D144	02A4	F4
230	D144	02D8	F4
230	D144	024C	F4
230	D144	0280	F4
230	D144	02B4	F4
230	D144	02E8	F4
230	D144	025C	F4
230	D144	0290	F4
230	D144	02C4	F4
230	D144	02F8	F4
230	D144	026C	F4
230	D144	02A0	F4
230	D144	02D4	F4
230	D144	0248	F4
230	D144	027C	F4
230	D144	02B0	F4
230	D144	02E4	F4
230	D144	0258	F4
230	D144	028C	F4
230	D144	02C0	F4
230	D144	02F4	F4
231	F47C	0200	B7
231	F47C	0204	B7
231	F47C	0208	B7
231	F47C	020C	B7
231	F47C	0210	BF
231	F47C	0214	BF
231	F47C	0218	BF
231	F47C	021C	BF
231	F47C	0220	C7
231	F47C	0224	C7
231	F47C	0228	C7
231	F47C	022C	C7
231	F47C	0230	CF
231	F47C	0234	CF
231	F47C	0238	CF
231	F47C	023C	CF
231	F47C	029C	1F
231	F47C	02D0	25
231	F47C	0244	27
231	F47C	0278	2D
231	F47C	02AC	2D
231	F47C	02E0	31
231	F47C	0254	31
231	F47C	0288	35
231	F47C	02BC	39
231	F47C	02F0	40
231	D144	0264	F4
231	D144	0298	F4
231	D144	02CC	F4
231	D144	0240	F4
231	D144	0274	F4
231	D144	02A8	F4
231	D144	02DC	F4
231	D144	0250	F4
231	D144	0284	F4
231	D144	02B8	F4
231	D144	02EC	F4
231	D144	0260	F4
231	D144	0294	F4
231	D144	02C8	F4
231	D144	02FC	F4
231	D144	0270	F4
231	D144	02A4	F4
231	D144	02D8	F4
231	D144	024C	F4
231	D144	0280	F4
231	D144	02B4	F4
231	D144	02E8	F4
231	D144	025C	F4
231	D144	0290	F4
231	D144	02C4	F4
231	D144	02F8	F4
231	D144	026C	F4
231	D144	02A0	F4
231	D144	02D4	F4
231	D144	0248	F4
231	D144	027C	F4
231	D144	02B0	F4
231	D144	02E4	F4
231	D144	0258	F4
231	D144	028C	F4
231	D144	02C0	F4
231	D144	02F4	F4
231	D144	0268	F4
232	F47C	0200	B7
232	F47C	0204	B7
232	F47C	0208	B7
232	F47C	020C	B7
232	F47C	0210	BF
232	F47C	0214	BF
232	F47C	0218	BF
232	F47C	021C	BF
232	F47C	0220	C7
232	F47C	0224	C7
232	F47C	0228	C7
232	F47C	022C	C7
232	F47C	0230	CF
232	F47C	0234	CF
232	F47C	0238	CF
232	F47C	023C	CF
232	F47C	02D0	1F
232	F47C	0244	25
232	F47C	0278	27
232	F47C	02AC	2D
232	F47C	02E0	2D
232	F47C	0254	31
232	F47C	0288	31
232	F47C	02BC	35
232	F47C	02F0	39
232	F47C	0264	40
232	D144	0298	F4
232	D144	02CC	F4
232	D144	0240	F4
232	D144	0274	F4
232	D144	02A8	F4
232	D144	02DC	F4
232	D144	0250	F4
232	D144	0284	F4
232	D144	02B8	F4
232	D144	02EC	F4
232	D144	0260	F4
232	D144	0294	F4
232	D144	02C8	F4
232	D144	02FC	F4
232	D144	0270	F4
232	D144	02A4	F4
232	D144	02D8	F4
232	D144	024C	F4
232	D144	0280	F4
232	D144	02B4	F4
232	D144	02E8	F4
232	D144	025C	F4
232	D144	0290	F4
232	D144	02C4	F4
232	D144	02F8	F4
232	D144	026C	F4
232	D144	02A0	F4
232	D144	02D4	F4
232	D144	0248	F4
232	D144	027C	F4
232	D144	02B0	F4
232	D144	02E4	F4
232	D144	0258	F4
232	D144	028C	F4
232	D144	02C0	F4
232	D144	02F4	F4
232	D144	0268	F4
232	D144	029C	F4
233	F47C	0200	B7
233	F47C	0204	B7
233	F47C	0208	B7
233	F47C	020C	B7
233	F47C	0210	BF
233	F47C	0214	BF
233	F47C	0218	BF
233	F47C	021C	BF
233	F47C	0220	C7
233	F47C	0224	C7
233	F47C	0228	C7
233	F47C	022C	C7
233	F47C	0230	CF
233	F47C	0234	CF
233	F47C	0238	CF
233	F47C	023C	CF
233	F47C	0244	1F
233	F47C	0278	25
233	F47C	02AC	27
233	F47C	02E0	2D
233	F47C	0254	2D
233	F47C	0288	31
233	F47C	02BC	31
233	F47C	02F0	35
233	F47C	0264	39
233	F47C	0298	40
233	D144	02CC	F4
233	D144	0240	F4
233	D144	0274	F4
233	D144	02A8	F4
233	D144	02DC	F4
233	D144	0250	F4
233	D144	0284	F4
233	D144	02B8	F4
233	D144	02EC	F4
233	D144	0260	F4
233	D144	0294	F4
233	D144	02C8	F4
233	D144	02FC	F4
233	D144	0270	F4
233	D144	02A4	F4
233	D144	02D8	F4
233	D144	024C	F4
233	D144	0280	F4
233	D144	02B4	F4
233	D144	02E8	F4
233	D144	025C	F4
233	D144	0290	F4
233	D144	02C4	F4
233	D144	02F8	F4
233	D144	026C	F4
233	D144	02A0	F4
233	D144	02D4	F4
233	D144	0248	F4
233	D144	027C	F4
233	D144	02B0	F4
233	D144	02E4	F4
233	D144	0258	F4
233	D144	028C	F4
233	D144	02C0	F4
233	D144	02F4	F4
233	D144	0268	F4
233	D144	029C	F4
233	D144	02D0	F4
234	F47C	0200	B7
234	F47C	0204	B7
234	F47C	0208	B7
234	F47C	020C	B7
234	F47C	0210	BF
234	F47C	0214	BF
234	F47C	0218	BF
234	F47C	021C	BF
234	F47C	0220	C7
234	F47C	0224	C7
234	F47C	0228	C7
234	F47C	022C	C7
234	F47C	0230	CF
234	F47C	0234	CF
234	F47C	0238	CF
234	F47C	023C	CF
234	F47C	0278	1F
234	F47C	02AC	25
234	F47C	02E0	27
234	F47C	0254	2D
234	F47C	0288	2D
234	F47C	02BC	31
234	F47C	02F0	31
234	F47C	0264	35
234	F47C	0298	39
234	F47C	02CC	40
234	D144	0240	F4
234	D144	0274	F4
234	D144	02A8	F4
234	D144	02DC	F4
234	D144	0250	F4
234	D144	0284	F4
234	D144	02B8	F4
234	D144	02EC	F4
234	D144	0260	F4
234	D144	0294	F4
234	D144	02C8	F4
234	D144	02FC	F4
234	D144	0270	F4
234	D144	02A4	F4
234	D144	02D8	F4
234	D144	024C	F4
234	D144	0280	F4
234	D144	02B4	F4
234	D144	02E8	F4
234	D144	025C	F4
234	D144	0290	F4
234	D144	02C4	F4
234	D144	02F8	F4
234	D144	026C	F4
234	D144	02A0	F4
234	D144	02D4	F4
234	D144	0248	F4
234	D144	027C	F4
234	D144	02B0	F4
234	D144	02E4	F4
234	D144	0258	F4
234	D144	028C	F4
234	D144	02C0	F4
234	D144	02F4	F4
234	D144	0268	F4
234	D144	029C	F4
234	D144	02D0	F4
234	D144	0244	F4
235	F47C	0200	B7
235	F47C	0204	B7
235	F47C	0208	B7
235	F47C	020C	B7
235	F47C	0210	BF
235	F47C	0214	BF
235	F47C	0218	BF
235	F47C	021C	BF
235	F47C	0220	C7
235	F47C	0224	C7
235	F47C	0228	C7
235	F47C	022C	C7
235	F47C	0230	CF
235	F47C	0234	CF
235	F47C	0238	CF
235	F47C	023C	CF
235	F47C	026C	1F
235	F47C	02A0	25
235	F47C	02D4	27
235	F47C	0248	2D
235	F47C	027C	2D
235	F47C	02B0	31
235	F47C	02E4	31
235	F47C	0258	35
235	F47C	028C	39
235	F47C	02C0	40
235	D144	02F4	F4
235	D144	0268	F4
235	D144	029C	F4
235	D144	02D0	F4
235	D144	0244	F4
235	D144	0278	F4
235	D144	02AC	F4
235	D144	02E0	F4
235	D144	0254	F4
235	D144	0288	F4
235	D144	02BC	F4
235	D144	02F0	F4
235	D144	0264	F4
235	D144	0298	F4
235	D144	02CC	F4
235	D144	0240	F4
235	D144	0274	F4
235	D144	02A8	F4
235	D144	02DC	F4
235	D144	0250	F4
235	D144	0284	F4
235	D144	02B8	F4
235	D144	02EC	F4
235	D144	0260	F4
235	D144	0294	F4
235	D144	02C8	F4
235	D144	02FC	F4
235	D144	0270	F4
235	D144	02A4	F4
235	D144	02D8	F4
235	D144	024C	F4
235	D144	0280	F4
235	D144	02B4	F4
235	D144	02E8	F4
235	D144	025C	F4
235	D144	0290	F4
235	D144	02C4	F4
235	D144	02F8	F4
236	F47C	0200	B7
236	F47C	0204	B7
236	F47C	0208	B7
236	F47C	020C	B7
236	F47C	0210	BF
236	F47C	0214	BF
236	F47C	0218	BF
236	F47C	021C	BF
236	F47C	0220	C7
236	F47C	0224	C7
236	F47C	0228	C7
236	F47C	022C	C7
236	F47C	0230	CF
236	F47C	0234	CF
236	F47C	0238	CF
236	F47C	023C	CF
236	F47C	02A0	1F
236	F47C	02D4	25
236	F47C	0248	27
236	F47C	027C	2D
236	F47C	02B0	2D
236	F47C	02E4	31
236	F47C	0258	31
236	F47C	028C	35
236	F47C	02C0	39
236	F47C	02F4	40
236	D144	0268	F4
236	D144	029C	F4
236	D144	02D0	F4
236	D144	0244	F4
236	D144	0278	F4
236	D144	02AC	F4
236	D144	02E0	F4
236	D144	0254	F4
236	D144	0288	F4
236	D144	02BC	F4
236	D144	02F0	F4
236	D144	0264	F4
236	D144	0298	F4
236	D144	02CC	F4
236	D144	0240	F4
236	D144	0274	F4
236	D144	02A8	F4
236	D144	02DC	F4
236	D144	0250	F4
236	D144	0284	F4
236	D144	02B8	F4
236	D144	02EC	F4
236	D144	0260	F4
236	D144	0294	F4
236	D144	02C8	F4
236	D144	02FC	F4
236	D144	0270	F4
236	D144	02A4	F4
236	D144	02D8	F4
236	D144	024C	F4
236	D144	0280	F4
236	D144	02B4	F4
236	D144	02E8	F4
236	D144	025C	F4
236	D144	0290	F4
236	D144	02C4	F4
236	D144	02F8	F4
236	D144	026C	F4
237	F47C	0200	B7
237	F47C	0204	B7
237	F47C	0208	B7
237	F47C	020C	B7
237	F47C	0210	BF
237	F47C	0214	BF
237	F47C	0218	BF
237	F47C	021C	BF
237	F47C	0220	C7
237	F47C	0224	C7
237	F47C	0228	C7
237	F47C	022C	C7
237	F47C	0230	CF
237	F47C	0234	CF
237	F47C	0238	CF
237	F47C	023C	CF
237	F47C	02D4	1F
237	F47C	0248	25
237	F47C	027C	27
237	F47C	02B0	2D
237	F47C	02E4	2D
237	F47C	0258	31
237	F47C	028C	31
237	F47C	02C0	35
237	F47C	02F4	39
237	F47C	0268	40
237	D144	029C	F4
237	D144	02D0	F4
237	D144	0244	F4
237	D144	0278	F4
237	D144	02AC	F4
237	D144	02E0	F4
237	D144	0254	F4
237	D144	0288	F4
237	D144	02BC	F4
237	D144	02F0	F4
237	D144	0264	F4
237	D144	0298	F4
237	D144	02CC	F4
237	D144	0240	F4
237	D144	0274	F4
237	D144	02A8	F4
237	D144	02DC	F4
237	D144	0250	F4
237	D144	0284	F4
237	D144	02B8	F4
237	D144	02EC	F4
237	D144	0260	F4
237	D144	0294	F4
237	D144	02C8	F4
237	D144	02FC	F4
237	D144	0270	F4
237	D144	02A4	F4
237	D144	02D8	F4
237	D144	024C	F4
237	D144	0280	F4
237	D144	02B4	F4
237	D144	02E8	F4
237	D144	025C	F4
237	D144	0290	F4
237	D144	02C4	F4
237	D144	02F8	F4
237	D144	026C	F4
237	D144	02A0	F4
238	F47C	0200	B7
238	F47C	0204	B7
238	F47C	0208	B7
238	F47C	020C	B7
238	F47C	0210	BF
238	F47C	0214	BF
238	F47C	0218	BF
238	F47C	021C	BF
238	F47C	0220	C7
238	F47C	0224	C7
238	F47C	0228	C7
238	F47C	022C	C7
238	F47C	0230	CF
238	F47C	0234	CF
238	F47C	0238	CF
238	F47C	023C	CF
238	F47C	0248	1F
238	F47C	027C	25
238	F47C	02B0	27
238	F47C	02E4	2D
238	F47C	0258	2D
238	F47C	028C	31
238	F47C	02C0	31
238	F47C	02F4	35
238	F47C	0268	39
238	F47C	029C	40
238	D144	02D0	F4
238	D144	0244	F4
238	D144	0278	F4
238	D144	02AC	F4
238	D144	02E0	F4
238	D144	0254	F4
238	D144	0288	F4
238	D144	02BC	F4
238	D144	02F0	F4
238	D144	0264	F4
238	D144	0298	F4
238	D144	02CC	F4
238	D144	0240	F4
238	D144	0274	F4
238	D144	02A8	F4
238	D144	02DC	F4
238	D144	0250	F4
238	D144	0284	F4
238	D144	02B8	F4
238	D144	02EC	F4
238	D144	0260	F4
238	D144	0294	F4
238	D144	02C8	F4
238	D144	02FC	F4
238	D144	0270	F4
238	D144	02A4	F4
238	D144	02D8	F4
238	D144	024C	F4
238	D144	0280	F4
238	D144	02B4	F4
238	D144	02E8	F4
238	D144	025C	F4
238	D144	0290	F4
238	D144	02C4	F4
238	D144	02F8	F4
238	D144	026C	F4
238	D144	02A0	F4
238	D144	02D4	F4
239	F47C	0200	B7
239	F47C	0204	B7
239	F47C	0208	B7
239	F47C	020C	B7
239	F47C	0210	BF
239	F47C	0214	BF
239	F47C	0218	BF
239	F47C	021C	BF
239	F47C	0220	C7
239	F47C	0224	C7
239	F47C	0228	C7
239	F47C	022C	C7
239	F47C	0230	CF
239	F47C	0234	CF
239	F47C	0238	CF
239	F47C	023C	CF
239	F47C	027C	1F
239	F47C	02B0	25
239	F47C	02E4	27
239	F47C	0258	2D
239	F47C	028C	2D
239	F47C	02C0	31
239	F47C	02F4	31
239	F47C	0268	35
239	F47C	029C	39
239	F47C	02D0	40
239	D144	0244	F4
239	D144	0278	F4
239	D144	02AC	F4
239	D144	02E0	F4
239	D144	0254	F4
239	D144	0288	F4
239	D144	02BC	F4
239	D144	02F0	F4
239	D144	0264	F4
239	D144	0298	F4
239	D144	02CC	F4
239	D144	0240	F4
239	D144	0274	F4
239	D144	02A8	F4
239	D144	02DC	F4
239	D144	0250	F4
239	D144	0284	F4
239	D144	02B8	F4
239	D144	02EC	F4
239	D144	0260	F4
239	D144	0294	F4
239	D144	02C8	F4
239	D144	02FC	F4
239	D144	0270	F4
239	D144	02A4	F4
239	D144	02D8	F4
239	D144	024C	F4
239	D144	0280	F4
239	D144	02B4	F4
239	D144	02E8	F4
239	D144	025C	F4
239	D144	0290	F4
239	D144	02C4	F4
239	D144	02F8	F4
239	D144	026C	F4
239	D144	02A0	F4
239	D144	02D4	F4
239	D144	0248	F4
240	F47C	0200	B7
240	F47C	0204	B7
240	F47C	0208	B7
240	F47C	020C	B7
240	F47C	0210	BF
240	F47C	0214	BF
240	F47C	0218	BF
240	F47C	021C	BF
240	F47C	0220	C7
240	F47C	0224	C7
240	F47C	0228	C7
240	F47C	022C	C7
240	F47C	0230	CF
240	F47C	0234	CF
240	F47C	0238	CF
240	F47C	023C	CF
240	F47C	0270	1F
240	F47C	02A4	25
240	F47C	02D8	27
240	F47C	024C	2D
240	F47C	0280	2D
240	F47C	02B4	31
240	F47C	02E8	31
240	F47C	025C	35
240	F47C	0290	39
240	F47C	02C4	40
240	D144	02F8	F4
240	D144	026C	F4
240	D144	02A0	F4
240	D144	02D4	F4
240	D144	0248	F4
240	D144	027C	F4
240	D144	02B0	F4
240	D144	02E4	F4
240	D144	0258	F4
240	D144	028C	F4
240	D144	02C0	F4
240	D144	02F4	F4
240	D144	0268	F4
240	D144	029C	F4
240	D144	02D0	F4
240	D144	0244	F4
240	D144	0278	F4
240	D144	02AC	F4
240	D144	02E0	F4
240	D144	0254	F4
240	D144	0288	F4
240	D144	02BC	F4
240	D144	02F0	F4
240	D144	0264	F4
240	D144	0298	F4
240	D144	02CC	F4
240	D144	0240	F4
240	D144	0274	F4
240	D144	02A8	F4
240	D144	02DC	F4
240	D144	0250	F4
240	D144	0284	F4
240	D144	02B8	F4
240	D144	02EC	F4
240	D144	0260	F4
240	D144	0294	F4
240	D144	02C8	F4
240	D144	02FC	F4
241	F47C	0200	B7
241	F47C	0204	B7
241	F47C	0208	B7
241	F47C	020C	B7
241	F47C	0210	BF
241	F47C	0214	BF
241	F47C	0218	BF
241	F47C	021C	BF
241	F47C	0220	C7
241	F47C	0224	C7
241	F47C	0228	C7
241	F47C	022C	C7
241	F47C	0230	CF
241	F47C	0234	CF
241	F47C	0238	CF
241	F47C	023C	CF
241	F47C	02A4	1F
241	F47C	02D8	25
241	F47C	024C	27
241	F47C	0280	2D
241	F47C	02B4	2D
241	F47C	02E8	31
241	F47C	025C	31
241	F47C	0290	35
241	F47C	02C4	39
241	F47C	02F8	40
241	D144	026C	F4
241	D144	02A0	F4
241	D144	02D4	F4
241	D144	0248	F4
241	D144	027C	F4
241	D144	02B0	F4
241	D144	02E4	F4
241	D144	0258	F4
241	D144	028C	F4
241	D144	02C0	F4
241	D144	02F4	F4
241	D144	0268	F4
241	D144	029C	F4
241	D144	02D0	F4
241	D144	0244	F4
241	D144	0278	F4
241	D144	02AC	F4
241	D144	02E0	F4
241	D144	0254	F4
241	D144	0288	F4
241	D144	02BC	F4
241	D144	02F0	F4
241	D144	0264	F4
241	D144	0298	F4
241	D144	02CC	F4
241	D144	0240	F4
241	D144	0274	F4
241	D144	02A8	F4
241	D144	02DC	F4
241	D144	0250	F4
241	D144	0284	F4
241	D144	02B8	F4
241	D144	02EC	F4
241	D144	0260	F4
241	D144	0294	F4
241	D144	02C8	F4
241	D144	02FC	F4
241	D144	0270	F4
242	F47C	0200	B7
242	F47C	0204	B7
242	F47C	0208	B7
242	F47C	020C	B7
242	F47C	0210	BF
242	F47C	0214	BF
242	F47C	0218	BF
242	F47C	021C	BF
242	F47C	0220	C7
242	F47C	0224	C7
242	F47C	0228	C7
242	F47C	022C	C7
242	F47C	0230	CF
242	F47C	0234	CF
242	F47C	0238	CF
242	F47C	023C	CF
242	F47C	02D8	1F
242	F47C	024C	25
242	F47C	0280	27
242	F47C	02B4	2D
242	F47C	02E8	2D
242	F47C	025C	31
242	F47C	0290	31
242	F47C	02C4	35
242	F47C	02F8	39
242	F47C	026C	40
242	D144	02A0	F4
242	D144	02D4	F4
242	D144	0248	F4
242	D144	027C	F4
242	D144	02B0	F4
242	D144	02E4	F4
242	D144	0258	F4
242	D144	028C	F4
242	D144	02C0	F4
242	D144	02F4	F4
242	D144	0268	F4
242	D144	029C	F4
242	D144	02D0	F4
242	D144	0244	F4
242	D144	0278	F4
242	D144	02AC	F4
242	D144	02E0	F4
242	D144	0254	F4
242	D144	0288	F4
242	D144	02BC	F4
242	D144	02F0	F4
242	D144	0264	F4
242	D144	0298	F4
242	D144	02CC	F4
242	D144	0240	F4
242	D144	0274	F4
242	D144	02A8	F4
242	D144	02DC	F4
242	D144	0250	F4
242	D144	0284	F4
242	D144	02B8	F4
242	D144	02EC	F4
242	D144	0260	F4
242	D144	0294	F4
242	D144	02C8	F4
242	D144	02FC	F4
242	D144	0270	F4
242	D144	02A4	F4
243	F47C	0200	B7
243	F47C	0204	B7
243	F47C	0208	B7
243	F47C	020C	B7
243	F47C	0210	BF
243	F47C	0214	BF
243	F47C	0218	BF
243	F47C	021C	BF
243	F47C	0220	C7
243	F47C	0224	C7
243	F47C	0228	C7
243	F47C	022C	C7
243	F47C	0230	CF
243	F47C	0234	CF
243	F47C	0238	CF
243	F47C	023C	CF
243	F47C	024C	1F
243	F47C	0280	25
243	F47C	02B4	27
243	F47C	02E8	2D
243	F47C	025C	2D
243	F47C	0290	31
243	F47C	02C4	31
243	F47C	02F8	35
243	F47C	026C	39
243	F47C	02A0	40
243	D144	02D4	F4
243	D144	0248	F4
243	D144	027C	F4
243	D144	02B0	F4
243	D144	02E4	F4
243	D144	0258	F4
243	D144	028C	F4
243	D144	02C0	F4
243	D144	02F4	F4
243	D144	0268	F4
243	D144	029C	F4
243	D144	02D0	F4
243	D144	0244	F4
243	D144	0278	F4
243	D144	02AC	F4
243	D144	02E0	F4
243	D144	0254	F4
243	D144	0288	F4
243	D144	02BC	F4
243	D144	02F0	F4
243	D144	0264	F4
243	D144	0298	F4
243	D144	02CC	F4
243	D144	0240	F4
243	D144	0274	F4
243	D144	02A8	F4
243	D144	02DC	F4
243	D144	0250	F4
243	D144	0284	F4
243	D144	02B8	F4
243	D144	02EC	F4
243	D144	0260	F4
243	D144	0294	F4
243	D144	02C8	F4
243	D144	02FC	F4
243	D144	0270	F4
243	D144	02A4	F4
243	D144	02D8	F4
244	F47C	0200	B7
244	F47C	0204	B7
244	F47C	0208	B7
244	F47C	020C	B7
244	F47C	0210	BF
244	F47C	0214	BF
244	F47C	0218	BF
244	F47C	021C	BF
244	F47C	0220	C7
244	F47C	0224	C7
244	F47C	0228	C7
244	F47C	022C	C7
244	F47C	0230	CF
244	F47C	0234	CF
244	F47C	0238	CF
244	F47C	023C	CF
244	F47C	0240	1F
244	F47C	0274	25
244	F47C	02A8	27
244	F47C	02DC	2D
244	F47C	0250	2D
244	F47C	0284	31
244	F47C	02B8	31
244	F47C	02EC	35
244	F47C	0260	39
244	F47C	0294	40
244	D144	02C8	F4
244	D144	02FC	F4
244	D144	0270	F4
244	D144	02A4	F4
244	D144	02D8	F4
244	D144	024C	F4
244	D144	0280	F4
244	D144	02B4	F4
244	D144	02E8	F4
244	D144	025C	F4
244	D144	0290	F4
244	D144	02C4	F4
244	D144	02F8	F4
244	D144	026C	F4
244	D144	02A0	F4
244	D144	02D4	F4
244	D144	0248	F4
244	D144	027C	F4
244	D144	02B0	F4
244	D144	02E4	F4
244	D144	0258	F4
244	D144	028C	F4
244	D144	02C0	F4
244	D144	02F4	F4
244	D144	0268	F4
244	D144	029C	F4
244	D144	02D0	F4
244	D144	0244	F4
244	D144	0278	F4
244	D144	02AC	F4
244	D144	02E0	F4
244	D144	0254	F4
244	D144	0288	F4
244	D144	02BC	F4
244	D144	02F0	F4
244	D144	0264	F4
244	D144	0298	F4
244	D144	02CC	F4
245	F47C	0200	B7
245	F47C	0204	B7
245	F47C	0208	B7
245	F47C	020C	B7
245	F47C	0210	BF
245	F47C	0214	BF
245	F47C	0218	BF
245	F47C	021C	BF
245	F47C	0220	C7
245	F47C	0224	C7
245	F47C	0228	C7
245	F47C	022C	C7
245	F47C	0230	CF
245	F47C	0234	CF
245	F47C	0238	CF
245	F47C	023C	CF
245	F47C	0274	1F
245	F47C	02A8	25
245	F47C	02DC	27
245	F47C	0250	2D
245	F47C	0284	2D
245	F47C	02B8	31
245	F47C	02EC	31
245	F47C	0260	35
245	F47C	0294	39
245	F47C	02C8	40
245	D144	02FC	F4
245	D144	0270	F4
245	D144	02A4	F4
245	D144	02D8	F4
245	D144	024C	F4
245	D144	0280	F4
245	D144	02B4	F4
245	D144	02E8	F4
245	D144	025C	F4
245	D144	0290	F4
245	D144	02C4	F4
245	D144	02F8	F4
245	D144	026C	F4
245	D144	02A0	F4
245	D144	02D4	F4
245	D144	0248	F4
245	D144	027C	F4
245	D144	02B0	F4
245	D144	02E4	F4
245	D144	0258	F4
245	D144	028C	F4
245	D144	02C0	F4
245	D144	02F4	F4
245	D144	0268	F4
245	D144	029C	F4
245	D144	02D0	F4
245	D144	0244	F4
245	D144	0278	F4
245	D144	02AC	F4
245	D144	02E0	F4
245	D144	0254	F4
245	D144	0288	F4
245	D144	02BC	F4
245	D144	02F0	F4
245	D144	0264	F4
245	D144	0298	F4
245	D144	02CC	F4
245	D144	0240	F4
246	F47C	0200	B7
246	F47C	0204	B7
246	F47C	0208	B7
246	F47C	020C	B7
246	F47C	0210	BF
246	F47C	0214	BF
246	F47C	0218	BF
246	F47C	021C	BF
246	F47C	0220	C7
246	F47C	0224	C7
246	F47C	0228	C7
246	F47C	022C	C7
246	F47C	0230	CF
246	F47C	0234	CF
246	F47C	0238	CF
246	F47C	023C	CF
246	F47C	02A8	1F
246	F47C	02DC	25
246	F47C	0250	27
246	F47C	0284	2D
246	F47C	02B8	2D
246	F47C	02EC	31
246	F47C	0260	31
246	F47C	0294	35
246	F47C	02C8	39
246	F47C	02FC	40
246	D144	0270	F4
246	D144	02A4	F4
246	D144	02D8	F4
246	D144	024C	F4
246	D144	0280	F4
246	D144	02B4	F4
246	D144	02E8	F4
246	D144	025C	F4
246	D144	0290	F4
246	D144	02C4	F4
246	D144	02F8	F4
246	D144	026C	F4
246	D144	02A0	F4
246	D144	02D4	F4
246	D144	0248	F4
246	D144	027C	F4
246	D144	02B0	F4
246	D144	02E4	F4
246	D144	0258	F4
246	D144	028C	F4
246	D144	02C0	F4
246	D144	02F4	F4
246	D144	0268	F4
246	D144	029C	F4
246	D144	02D0	F4
246	D144	0244	F4
246	D144	0278	F4
246	D144	02AC	F4
246	D144	02E0	F4
246	D144	0254	F4
246	D144	0288	F4
246	D144	02BC	F4
246	D144	02F0	F4
246	D144	0264	F4
246	D144	0298	F4
246	D144	02CC	F4
246	D144	0240	F4
246	D144	0274	F4
247	F47C	0200	B7
247	F47C	0204	B7
247	F47C	0208	B7
247	F47C	020C	B7
247	F47C	0210	BF
247	F47C	0214	BF
247	F47C	0218	BF
247	F47C	021C	BF
247	F47C	0220	C7
247	F47C	0224	C7
247	F47C	0228	C7
247	F47C	022C	C7
247	F47C	0230	CF
247	F47C	0234	CF
247	F47C	0238	CF
247	F47C	023C	CF
247	F47C	02DC	1F
247	F47C	0250	25
247	F47C	0284	27
247	F47C	02B8	2D
247	F47C	02EC	2D
247	F47C	0260	31
247	F47C	0294	31
247	F47C	02C8	35
247	F47C	02FC	39
247	F47C	0270	40
247	D144	02A4	F4
247	D144	02D8	F4
247	D144	024C	F4
247	D144	0280	F4
247	D144	02B4	F4
247	D144	02E8	F4
247	D144	025C	F4
247	D144	0290	F4
247	D144	02C4	F4
247	D144	02F8	F4
247	D144	026C	F4
247	D144	02A0	F4
247	D144	02D4	F4
247	D144	0248	F4
247	D144	027C	F4
247	D144	02B0	F4
247	D144	02E4	F4
247	D144	0258	F4
247	D144	028C	F4
247	D144	02C0	F4
247	D144	02F4	F4
247	D144	0268	F4
247	D144	029C	F4
247	D144	02D0	F4
247	D144	0244	F4
247	D144	0278	F4
247	D144	02AC	F4
247	D144	02E0	F4
247	D144	0254	F4
247	D144	0288	F4
247	D144	02BC	F4
247	D144	02F0	F4
247	D144	0264	F4
247	D144	0298	F4
247	D144	02CC	F4
247	D144	0240	F4
247	D144	0274	F4
247	D144	02A8	F4
248	F47C	0200	B7
248	F47C	0204	B7
248	F47C	0208	B7
248	F47C	020C	B7
248	F47C	0210	BF
248	F47C	0214	BF
248	F47C	0218	BF
248	F47C	021C	BF
248	F47C	0220	C7
248	F47C	0224	C7
248	F47C	0228	C7
248	F47C	022C	C7
248	F47C	0230	CF
248	F47C	0234	CF
248	F47C	0238	CF
248	F47C	023C	CF
248	F47C	0250	1F
248	F47C	0284	25
248	F47C	02B8	27
248	F47C	02EC	2D
248	F47C	0260	2D
248	F47C	0294	31
248	F47C	02C8	31
248	F47C	02FC	35
248	F47C	0270	39
248	F47C	02A4	40
248	D144	02D8	F4
248	D144	024C	F4
248	D144	0280	F4
248	D144	02B4	F4
248	D144	02E8	F4
248	D144	025C	F4
248	D144	0290	F4
248	D144	02C4	F4
248	D144	02F8	F4
248	D144	026C	F4
248	D144	02A0	F4
248	D144	02D4	F4
248	D144	0248	F4
248	D144	027C	F4
248	D144	02B0	F4
248	D144	02E4	F4
248	D144	0258	F4
248	D144	028C	F4
248	D144	02C0	F4
248	D144	02F4	F4
248	D144	0268	F4
248	D144	029C	F4
248	D144	02D0	F4
248	D144	0244	F4
248	D144	0278	F4
248	D144	02AC	F4
248	D144	02E0	F4
248	D144	0254	F4
248	D144	0288	F4
248	D144	02BC	F4
248	D144	02F0	F4
248	D144	0264	F4
248	D144	0298	F4
248	D144	02CC	F4
248	D144	0240	F4
248	D144	0274	F4
248	D144	02A8	F4
248	D144	02DC	F4
249	F47C	0200	B7
249	F47C	0204	B7
249	F47C	0208	B7
249	F47C	020C	B7
249	F47C	0210	BF
249	F47C	0214	BF
249	F47C	0218	BF
249	F47C	021C	BF
249	F47C	0220	C7
249	F47C	0224	C7
249	F47C	0228	C7
249	F47C	022C	C7
249	F47C	0230	CF
249	F47C	0234	CF
249	F47C	0238	CF
249	F47C	023C	CF
249	F47C	0244	1F
249	F47C	0278	25
249	F47C	02AC	27
249	F47C	02E0	2D
249	F47C	0254	2D
249	F47C	0288	31
249	F47C	02BC	31
249	F47C	02F0	35
249	F47C	0264	39
249	F47C	0298	40
249	D144	02CC	F4
249	D144	0240	F4
249	D144	0274	F4
249	D144	02A8	F4
249	D144	02DC	F4
249	D144	0250	F4
249	D144	0284	F4
249	D144	02B8	F4
249	D144	02EC	F4
249	D144	0260	F4
249	D144	0294	F4
249	D144	02C8	F4
249	D144	02FC	F4
249	D144	0270	F4
249	D144	02A4	F4
249	D144	02D8	F4
249	D144	024C	F4
249	D144	0280	F4
249	D144	02B4	F4
249	D144	02E8	F4
249	D144	025C	F4
249	D144	0290	F4
249	D144	02C4	F4
249	D144	02F8	F4
249	D144	026C	F4
249	D144	02A0	F4
249	D144	02D4	F4
249	D144	0248	F4
249	D144	027C	F4
249	D144	02B0	F4
249	D144	02E4	F4
249	D144	0258	F4
249	D144	028C	F4
249	D144	02C0	F4
249	D144	02F4	F4
249	D144	0268	F4
249	D144	029C	F4
249	D144	02D0	F4
250	F47C	0200	B7
250	F47C	0204	B7
250	F47C	0208	B7
250	F47C	020C	B7
250	F47C	0210	BF
250	F47C	0214	BF
250	F47C	0218	BF
250	F47C	021C	BF
250	F47C	0220	C7
250	F47C	0224	C7
250	F47C	0228	C7
250	F47C	022C	C7
250	F47C	0230	CF
250	F47C	0234	CF
250	F47C	0238	CF
250	F47C	023C	CF
250	F47C	0278	1F
250	F47C	02AC	25
250	F47C	02E0	27
250	F47C	0254	2D
250	F47C	0288	2D
250	F47C	02BC	31
250	F47C	02F0	31
250	F47C	0264	35
250	F47C	0298	39
250	F47C	02CC	40
250	D144	0240	F4
250	D144	0274	F4
250	D144	02A8	F4
250	D144	02DC	F4
250	D144	0250	F4
250	D144	0284	F4
250	D144	02B8	F4
250	D144	02EC	F4
250	D144	0260	F4
250	D144	0294	F4
250	D144	02C8	F4
250	D144	02FC	F4
250	D144	0270	F4
250	D144	02A4	F4
250	D144	02D8	F4
250	D144	024C	F4
250	D144	0280	F4
250	D144	02B4	F4
250	D144	02E8	F4
250	D144	025C	F4
250	D144	0290	F4
250	D144	02C4	F4
250	D144	02F8	F4
250	D144	026C	F4
250	D144	02A0	F4
250	D144	02D4	F4
250	D144	0248	F4
250	D144	027C	F4
250	D144	02B0	F4
250	D144	02E4	F4
250	D144	0258	F4
250	D144	028C	F4
250	D144	02C0	F4
250	D144	02F4	F4
250	D144	0268	F4
250	D144	029C	F4
250	D144	02D0	F4
250	D144	0244	F4
251	F47C	0200	B7
251	F47C	0204	B7
251	F47C	0208	B7
251	F47C	020C	B7
251	F47C	0210	BF
251	F47C	0214	BF
251	F47C	0218	BF
251	F47C	021C	BF
251	F47C	0220	C7
251	F47C	0224	C7
251	F47C	0228	C7
251	F47C	022C	C7
251	F47C	0230	CF
251	F47C	0234	CF
251	F47C	0238	CF
251	F47C	023C	CF
251	F47C	02AC	1F
251	F47C	02E0	25
251	F47C	0254	27
251	F47C	0288	2D
251	F47C	02BC	2D
251	F47C	02F0	31
251	F47C	0264	31
251	F47C	0298	35
251	F47C	02CC	39
251	F47C	0240	40
251	D144	0274	F4
251	D144	02A8	F4
251	D144	02DC	F4
251	D144	0250	F4
251	D144	0284	F4
251	D144	02B8	F4
251	D144	02EC	F4
251	D144	0260	F4
251	D144	0294	F4
251	D144	02C8	F4
251	D144	02FC	F4
251	D144	0270	F4
251	D144	02A4	F4
251	D144	02D8	F4
251	D144	024C	F4
251	D144	0280	F4
251	D144	02B4	F4
251	D144	02E8	F4
251	D144	025C	F4
251	D144	0290	F4
251	D144	02C4	F4
251	D144	02F8	F4
251	D144	026C	F4
251	D144	02A0	F4
251	D144	02D4	F4
251	D144	0248	F4
251	D144	027C	F4
251	D144	02B0	F4
251	D144	02E4	F4
251	D144	0258	F4
251	D144	028C	F4
251	D144	02C0	F4
251	D144	02F4	F4
251	D144	0268	F4
251	D144	029C	F4
251	D144	02D0	F4
251	D144	0244	F4
251	D144	0278	F4
252	F47C	0200	B7
252	F47C	0204	B7
252	F47C	0208	B7
252	F47C	020C	B7
252	F47C	0210	BF
252	F47C	0214	BF
252	F47C	0218	BF
252	F47C	021C	BF
252	F47C	0220	C7
252	F47C	0224	C7
252	F47C	0228	C7
252	F47C	022C	C7
252	F47C	0230	CF
252	F47C	0234	CF
252	F47C	0238	CF
252	F47C	023C	CF
252	F47C	02E0	1F
252	F47C	0254	25
252	F47C	0288	27
252	F47C	02BC	2D
252	F47C	02F0	2D
252	F47C	0264	31
252	F47C	0298	31
252	F47C	02CC	35
252	F47C	0240	39
252	F47C	0274	40
252	D144	02A8	F4
252	D144	02DC	F4
252	D144	0250	F4
252	D144	0284	F4
252	D144	02B8	F4
252	D144	02EC	F4
252	D144	0260	F4
252	D144	0294	F4
252	D144	02C8	F4
252	D144	02FC	F4
252	D144	0270	F4
252	D144	02A4	F4
252	D144	02D8	F4
252	D144	024C	F4
252	D144	0280	F4
252	D144	02B4	F4
252	D144	02E8	F4
252	D144	025C	F4
252	D144	0290	F4
252	D144	02C4	F4
252	D144	02F8	F4
252	D144	026C	F4
252	D144	02A0	F4
252	D144	02D4	F4
252	D144	0248	F4
252	D144	027C	F4
252	D144	02B0	F4
252	D144	02E4	F4
252	D144	0258	F4
252	D144	028C	F4
252	D144	02C0	F4
252	D144	02F4	F4
252	D144	0268	F4
252	D144	029C	F4
252	D144	02D0	F4
252	D144	0244	F4
252	D144	0278	F4
252	D144	02AC	F4
253	F47C	0200	B7
253	F47C	0204	B7
253	F47C	0208	B7
253	F47C	020C	B7
253	F47C	0210	BF
253	F47C	0214	BF
253	F47C	0218	BF
253	F47C	021C	BF
253	F47C	0220	C7
253	F47C	0224	C7
253	F47C	0228	C7
253	F47C	022C	C7
253	F47C	0230	CF
253	F47C	0234	CF
253	F47C	0238	CF
253	F47C	023C	CF
253	F47C	0254	1F
253	F47C	0288	25
253	F47C	02BC	27
253	F47C	02F0	2D
253	F47C	0264	2D
253	F47C	0298	31
253	F47C	02CC	31
253	F47C	0240	35
253	F47C	0274	39
253	F47C	02A8	40
253	D144	02DC	F4
253	D144	0250	F4
253	D144	0284	F4
253	D144	02B8	F4
253	D144	02EC	F4
253	D144	0260	F4
253	D144	0294	F4
253	D144	02C8	F4
253	D144	02FC	F4
253	D144	0270	F4
253	D144	02A4	F4
253	D144	02D8	F4
253	D144	024C	F4
253	D144	0280	F4
253	D144	02B4	F4
253	D144	02E8	F4
253	D144	025C	F4
253	D144	0290	F4
253	D144	02C4	F4
253	D144	02F8	F4
253	D144	026C	F4
253	D144	02A0	F4
253	D144	02D4	F4
253	D144	0248	F4
253	D144	027C	F4
253	D144	02B0	F4
253	D144	02E4	F4
253	D144	0258	F4
253	D144	028C	F4
253	D144	02C0	F4
253	D144	02F4	F4
253	D144	0268	F4
253	D144	029C	F4
253	D144	02D0	F4
253	D144	0244	F4
253	D144	0278	F4
253	D144	02AC	F4
253	D144	02E0	F4
254	F47C	0200	B7
254	F47C	0204	B7
254	F47C	0208	B7
254	F47C	020C	B7
254	F47C	0210	BF
254	F47C	0214	BF
254	F47C	0218	BF
254	F47C	021C	BF
254	F47C	0220	C7
254	F47C	0224	C7
254	F47C	0228	C7
254	F47C	022C	C7
254	F47C	0230	CF
254	F47C	0234	CF
254	F47C	0238	CF
254	F47C	023C	CF
254	F47C	0248	1F
254	F47C	027C	25
254	F47C	02B0	27
254	F47C	02E4	2D
254	F47C	0258	2D
254	F47C	028C	31
254	F47C	02C0	31
254	F47C	02F4	35
254	F47C	0268	39
254	F47C	029C	40
254	D144	02D0	F4
254	D144	0244	F4
254	D144	0278	F4
254	D144	02AC	F4
254	D144	02E0	F4
254	D144	0254	F4
254	D144	0288	F4
254	D144	02BC	F4
254	D144	02F0	F4
254	D144	0264	F4
254	D144	0298	F4
254	D144	02CC	F4
254	D144	0240	F4
254	D144	0274	F4
254	D144	02A8	F4
254	D144	02DC	F4
254	D144	0250	F4
254	D144	0284	F4
254	D144	02B8	F4
254	D144	02EC	F4
254	D144	0260	F4
254	D144	0294	F4
254	D144	02C8	F4
254	D144	02FC	F4
254	D144	0270	F4
254	D144	02A4	F4
254	D144	02D8	F4
254	D144	024C	F4
254	D144	0280	F4
254	D144	02B4	F4
254	D144	02E8	F4
254	D144	025C	F4
254	D144	0290	F4
254	D144	02C4	F4
254	D144	02F8	F4
254	D144	026C	F4
254	D144	02A0	F4
254	D144	02D4	F4
255	F47C	0200	B7
255	F47C	0204	B7
255	F47C	0208	B7
255	F47C	020C	B7
255	F47C	0210	BF
255	F47C	0214	BF
255	F47C	0218	BF
255	F47C	021C	BF
255	F47C	0220	C7
255	F47C	0224	C7
255	F47C	0228	C7
255	F47C	022C	C7
255	F47C	0230	CF
255	F47C	0234	CF
255	F47C	0238	CF
255	F47C	023C	CF
255	F47C	027C	1F
255	F47C	02B0	25
255	F47C	02E4	27
255	F47C	0258	2D
255	F47C	028C	2D
255	F47C	02C0	31
255	F47C	02F4	31
255	F47C	0268	35
255	F47C	029C	39
255	F47C	02D0	40
255	D144	0244	F4
255	D144	0278	F4
255	D144	02AC	F4
255	D144	02E0	F4
255	D144	0254	F4
255	D144	0288	F4
255	D144	02BC	F4
255	D144	02F0	F4
255	D144	0264	F4
255	D144	0298	F4
255	D144	02CC	F4
255	D144	0240	F4
255	D144	0274	F4
255	D144	02A8	F4
255	D144	02DC	F4
255	D144	0250	F4
255	D144	0284	F4
255	D144	02B8	F4
255	D144	02EC	F4
255	D144	0260	F4
255	D144	0294	F4
255	D144	02C8	F4
255	D144	02FC	F4
255	D144	0270	F4
255	D144	02A4	F4
255	D144	02D8	F4
255	D144	024C	F4
255	D144	0280	F4
255	D144	02B4	F4
255	D144	02E8	F4
255	D144	025C	F4
255	D144	0290	F4
255	D144	02C4	F4
255	D144	02F8	F4
255	D144	026C	F4
255	D144	02A0	F4
255	D144	02D4	F4
255	D144	0248	F4
256	F47C	0200	B7
256	F47C	0204	B7
256	F47C	0208	B7
256	F47C	020C	B7
256	F47C	0210	BF
256	F47C	0214	BF
256	F47C	0218	BF
256	F47C	021C	BF
256	F47C	0220	C7
256	F47C	0224	C7
256	F47C	0228	C7
256	F47C	022C	C7
256	F47C	0230	CF
256	F47C	0234	CF
256	F47C	0238	CF
256	F47C	023C	CF
256	F47C	02B0	1F
256	F47C	02E4	25
256	F47C	0258	27
256	F47C	028C	2D
256	F47C	02C0	2D
256	F47C	02F4	31
256	F47C	0268	31
256	F47C	029C	35
256	F47C	02D0	39
256	F47C	0244	40
256	D144	0278	F4
256	D144	02AC	F4
256	D144	02E0	F4
256	D144	0254	F4
256	D144	0288	F4
256	D144	02BC	F4
256	D144	02F0	F4
256	D144	0264	F4
256	D144	0298	F4
256	D144	02CC	F4
256	D144	0240	F4
256	D144	0274	F4
256	D144	02A8	F4
256	D144	02DC	F4
256	D144	0250	F4
256	D144	0284	F4
256	D144	02B8	F4
256	D144	02EC	F4
256	D144	0260	F4
256	D144	0294	F4
256	D144	02C8	F4
256	D144	02FC	F4
256	D144	0270	F4
256	D144	02A4	F4
256	D144	02D8	F4
256	D144	024C	F4
256	D144	0280	F4
256	D144	02B4	F4
256	D144	02E8	F4
256	D144	025C	F4
256	D144	0290	F4
256	D144	02C4	F4
256	D144	02F8	F4
256	D144	026C	F4
256	D144	02A0	F4
256	D144	02D4	F4
256	D144	0248	F4
256	D144	027C	F4
257	F47C	0200	B7
257	F47C	0204	B7
257	F47C	0208	B7
257	F47C	020C	B7
257	F47C	0210	BF
257	F47C	0214	BF
257	F47C	0218	BF
257	F47C	021C	BF
257	F47C	0220	C7
257	F47C	0224	C7
257	F47C	0228	C7
257	F47C	022C	C7
257	F47C	0230	CF
257	F47C	0234	CF
257	F47C	0238	CF
257	F47C	023C	CF
257	F47C	02E4	1F
257	F47C	0258	25
257	F47C	028C	27
257	F47C	02C0	2D
257	F47C	02F4	2D
257	F47C	0268	31
257	F47C	029C	31
257	F47C	02D0	35
257	F47C	0244	39
257	F47C	0278	40
257	D144	02AC	F4
257	D144	02E0	F4
257	D144	0254	F4
257	D144	0288	F4
257	D144	02BC	F4
257	D144	02F0	F4
257	D144	0264	F4
257	D144	0298	F4
257	D144	02CC	F4
257	D144	0240	F4
257	D144	0274	F4
257	D144	02A8	F4
257	D144	02DC	F4
257	D144	0250	F4
257	D144	0284	F4
257	D144	02B8	F4
257	D144	02EC	F4
257	D144	0260	F4
257	D144	0294	F4
257	D144	02C8	F4
257	D144	02FC	F4
257	D144	0270	F4
257	D144	02A4	F4
257	D144	02D8	F4
257	D144	024C	F4
257	D144	0280	F4
257	D144	02B4	F4
257	D144	02E8	F4
257	D144	025C	F4
257	D144	0290	F4
257	D144	02C4	F4
257	D144	02F8	F4
257	D144	026C	F4
257	D144	02A0	F4
257	D144	02D4	F4
257	D144	0248	F4
257	D144	027C	F4
257	D144	02B0	F4
258	F47C	0200	B7
258	F47C	0204	B7
258	F47C	0208	B7
258	F47C	020C	B7
258	F47C	0210	BF
258	F47C	0214	BF
258	F47C	0218	BF
258	F47C	021C	BF
258	F47C	0220	C7
258	F47C	0224	C7
258	F47C	0228	C7
258	F47C	022C	C7
258	F47C	0230	CF
258	F47C	0234	CF
258	F47C	0238	CF
258	F47C	023C	CF
258	F47C	0258	1F
258	F47C	028C	25
258	F47C	02C0	27
258	F47C	02F4	2D
258	F47C	0268	2D
258	F47C	029C	31
258	F47C	02D0	31
258	F47C	0244	35
258	F47C	0278	39
258	F47C	02AC	40
258	D144	02E0	F4
258	D144	0254	F4
258	D144	0288	F4
258	D144	02BC	F4
258	D144	02F0	F4
258	D144	0264	F4
258	D144	0298	F4
258	D144	02CC	F4
258	D144	0240	F4
258	D144	0274	F4
258	D144	02A8	F4
258	D144	02DC	F4
258	D144	0250	F4
258	D144	0284	F4
258	D144	02B8	F4
258	D144	02EC	F4
258	D144	0260	F4
258	D144	0294	F4
258	D144	02C8	F4
258	D144	02FC	F4
258	D144	0270	F4
258	D144	02A4	F4
258	D144	02D8	F4
258	D144	024C	F4
258	D144	0280	F4
258	D144	02B4	F4
258	D144	02E8	F4
258	D144	025C	F4
258	D144	0290	F4
258	D144	02C4	F4
258	D144	02F8	F4
258	D144	026C	F4
258	D144	02A0	F4
258	D144	02D4	F4
258	D144	0248	F4
258	D144	027C	F4
258	D144	02B0	F4
258	D144	02E4	F4
259	F47C	0200	B7
259	F47C	0204	B7
259	F47C	0208	B7
259	F47C	020C	B7
259	F47C	0210	BF
259	F47C	0214	BF
259	F47C	0218	BF
259	F47C	021C	BF
259	F47C	0220	C7
259	F47C	0224	C7
259	F47C	0228	C7
259	F47C	022C	C7
259	F47C	0230	CF
259	F47C	0234	CF
259	F47C	0238	CF
259	F47C	023C	CF
259	F47C	024C	1F
259	F47C	0280	25
259	F47C	02B4	27
259	F47C	02E8	2D
259	F47C	025C	2D
259	F47C	0290	31
259	F47C	02C4	31
259	F47C	02F8	35
259	F47C	026C	39
259	F47C	02A0	40
259	D144	02D4	F4
259	D144	0248	F4
259	D144	027C	F4
259	D144	02B0	F4
259	D144	02E4	F4
259	D144	0258	F4
259	D144	028C	F4
259	D144	02C0	F4
259	D144	02F4	F4
259	D144	0268	F4
259	D144	029C	F4
259	D144	02D0	F4
259	D144	0244	F4
259	D144	0278	F4
259	D144	02AC	F4
259	D144	02E0	F4
259	D144	0254	F4
259	D144	0288	F4
259	D144	02BC	F4
259	D144	02F0	F4
259	D144	0264	F4
259	D144	0298	F4
259	D144	02CC	F4
259	D144	0240	F4
259	D144	0274	F4
259	D144	02A8	F4
259	D144	02DC	F4
259	D144	0250	F4
259	D144	0284	F4
259	D144	02B8	F4
259	D144	02EC	F4
259	D144	0260	F4
259	D144	0294	F4
259	D144	02C8	F4
259	D144	02FC	F4
259	D144	0270	F4
259	D144	02A4	F4
259	D144	02D8	F4
260	F47C	0200	B7
260	F47C	0204	B7
260	F47C	0208	B7
260	F47C	020C	B7
260	F47C	0210	BF
260	F47C	0214	BF
260	F47C	0218	BF
260	F47C	021C	BF
260	F47C	0220	C7
260	F47C	0224	C7
260	F47C	0228	C7
260	F47C	022C	C7
260	F47C	0230	CF
260	F47C	0234	CF
260	F47C	0238	CF
260	F47C	023C	CF
260	F47C	0280	1F
260	F47C	02B4	25
260	F47C	02E8	27
260	F47C	025C	2D
260	F47C	0290	2D
260	F47C	02C4	31
260	F47C	02F8	31
260	F47C	026C	35
260	F47C	02A0	39
260	F47C	02D4	40
260	D144	0248	F4
260	D144	027C	F4
260	D144	02B0	F4
260	D144	02E4	F4
260	D144	0258	F4
260	D144	028C	F4
260	D144	02C0	F4
260	D144	02F4	F4
260	D144	0268	F4
260	D144	029C	F4
260	D144	02D0	F4
260	D144	0244	F4
260	D144	0278	F4
260	D144	02AC	F4
260	D144	02E0	F4
260	D144	0254	F4
260	D144	0288	F4
260	D144	02BC	F4
260	D144	02F0	F4
260	D144	0264	F4
260	D144	0298	F4
260	D144	02CC	F4
260	D144	0240	F4
260	D144	0274	F4
260	D144	02A8	F4
260	D144	02DC	F4
260	D144	0250	F4
260	D144	0284	F4
260	D144	02B8	F4
260	D144	02EC	F4
260	D144	0260	F4
260	D144	0294	F4
260	D144	02C8	F4
260	D144	02FC	F4
260	D144	0270	F4
260	D144	02A4	F4
260	D144	02D8	F4
260	D144	024C	F4
261	F47C	0200	B7
261	F47C	0204	B7
261	F47C	0208	B7
261	F47C	020C	B7
261	F47C	0210	BF
261	F47C	0214	BF
261	F47C	0218	BF
261	F47C	021C	BF
261	F47C	0220	C7
261	F47C	0224	C7
261	F47C	0228	C7
261	F47C	022C	C7
261	F47C	0230	CF
261	F47C	0234	CF
261	F47C	0238	CF
261	F47C	023C	CF
261	F47C	02B4	1F
261	F47C	02E8	25
261	F47C	025C	27
261	F47C	0290	2D
261	F47C	02C4	2D
261	F47C	02F8	31
261	F47C	026C	31
261	F47C	02A0	35
261	F47C	02D4	39
261	F47C	0248	40
261	D144	027C	F4
261	D144	02B0	F4
261	D144	02E4	F4
261	D144	0258	F4
261	D144	028C	F4
261	D144	02C0	F4
261	D144	02F4	F4
261	D144	0268	F4
261	D144	029C	F4
261	D144	02D0	F4
261	D144	0244	F4
261	D144	0278	F4
261	D144	02AC	F4
261	D144	02E0	F4
261	D144	0254	F4
261	D144	0288	F4
261	D144	02BC	F4
261	D144	02F0	F4
261	D144	0264	F4
261	D144	0298	F4
261	D144	02CC	F4
261	D144	0240	F4
261	D144	0274	F4
261	D144	02A8	F4
261	D144	02DC	F4
261	D144	0250	F4
261	D144	0284	F4
261	D144	02B8	F4
261	D144	02EC	F4
261	D144	0260	F4
261	D144	0294	F4
261	D144	02C8	F4
261	D144	02FC	F4
261	D144	0270	F4
261	D144	02A4	F4
261	D144	02D8	F4
261	D144	024C	F4
261	D144	0280	F4
262	F47C	0200	B7
262	F47C	0204	B7
262	F47C	0208	B7
262	F47C	020C	B7
262	F47C	0210	BF
262	F47C	0214	BF
262	F47C	0218	BF
262	F47C	021C	BF
262	F47C	0220	C7
262	F47C	0224	C7
262	F47C	0228	C7
262	F47C	022C	C7
262	F47C	0230	CF
262	F47C	0234	CF
262	F47C	0238	CF
262	F47C	023C	CF
262	F47C	02E8	1F
262	F47C	025C	25
262	F47C	0290	27
262	F47C	02C4	2D
262	F47C	02F8	2D
262	F47C	026C	31
262	F47C	02A0	31
262	F47C	02D4	35
262	F47C	0248	39
262	F47C	027C	40
262	D144	02B0	F4
262	D144	02E4	F4
262	D144	0258	F4
262	D144	028C	F4
262	D144	02C0	F4
262	D144	02F4	F4
262	D144	0268	F4
262	D144	029C	F4
262	D144	02D0	F4
262	D144	0244	F4
262	D144	0278	F4
262	D144	02AC	F4
262	D144	02E0	F4
262	D144	0254	F4
262	D144	0288	F4
262	D144	02BC	F4
262	D144	02F0	F4
262	D144	0264	F4
262	D144	0298	F4
262	D144	02CC	F4
262	D144	0240	F4
262	D144	0274	F4
262	D144	02A8	F4
262	D144	02DC	F4
262	D144	0250	F4
262	D144	0284	F4
262	D144	02B8	F4
262	D144	02EC	F4
262	D144	0260	F4
262	D144	0294	F4
262	D144	02C8	F4
262	D144	02FC	F4
262	D144	0270	F4
262	D144	02A4	F4
262	D144	02D8	F4
262	D144	024C	F4
262	D144	0280	F4
262	D144	02B4	F4
263	F47C	0200	B7
263	F47C	0204	B7
263	F47C	0208	B7
263	F47C	020C	B7
263	F47C	0210	BF
263	F47C	0214	BF
263	F47C	0218	BF
263	F47C	021C	BF
263	F47C	0220	C7
263	F47C	0224	C7
263	F47C	0228	C7
263	F47C	022C	C7
263	F47C	0230	CF
263	F47C	0234	CF
263	F47C	0238	CF
263	F47C	023C	CF
263	F47C	025C	1F
263	F47C	0290	25
263	F47C	02C4	27
263	F47C	02F8	2D
263	F47C	026C	2D
263	F47C	02A0	31
263	F47C	02D4	31
263	F47C	0248	35
263	F47C	027C	39
263	F47C	02B0	40
263	D144	02E4	F4
263	D144	0258	F4
263	D144	028C	F4
263	D144	02C0	F4
263	D144	02F4	F4
263	D144	0268	F4
263	D144	029C	F4
263	D144	02D0	F4
263	D144	0244	F4
263	D144	0278	F4
263	D144	02AC	F4
263	D144	02E0	F4
263	D144	0254	F4
263	D144	0288	F4
263	D144	02BC	F4
263	D144	02F0	F4
263	D144	0264	F4
263	D144	0298	F4
263	D144	02CC	F4
263	D144	0240	F4
263	D144	0274	F4
263	D144	02A8	F4
263	D144	02DC	F4
263	D144	0250	F4
263	D144	0284	F4
263	D144	02B8	F4
263	D144	02EC	F4
263	D144	0260	F4
263	D144	0294	F4
263	D144	02C8	F4
263	D144	02FC	F4
263	D144	0270	F4
263	D144	02A4	F4
263	D144	02D8	F4
263	D144	024C	F4
263	D144	0280	F4
263	D144	02B4	F4
263	D144	02E8	F4
264	F47C	0200	B7
264	F47C	0204	B7
264	F47C	0208	B7
264	F47C	020C	B7
264	F47C	0210	BF
264	F47C	0214	BF
264	F47C	0218	BF
264	F47C	021C	BF
264	F47C	0220	C7
264	F47C	0224	C7
264	F47C	0228	C7
264	F47C	022C	C7
264	F47C	0230	CF
264	F47C	0234	CF
264	F47C	0238	CF
264	F47C	023C	CF
264	F47C	0250	1F
264	F47C	0284	25
264	F47C	02B8	27
264	F47C	02EC	2D
264	F47C	0260	2D
264	F47C	0294	31
264	F47C	02C8	31
264	F47C	02FC	35
264	F47C	0270	39
264	F47C	02A4	40
264	D144	02D8	F4
264	D144	024C	F4
264	D144	0280	F4
264	D144	02B4	F4
264	D144	02E8	F4
264	D144	025C	F4
264	D144	0290	F4
264	D144	02C4	F4
264	D144	02F8	F4
264	D144	026C	F4
264	D144	02A0	F4
264	D144	02D4	F4
264	D144	0248	F4
264	D144	027C	F4
264	D144	02B0	F4
264	D144	02E4	F4
264	D144	0258	F4
264	D144	028C	F4
264	D144	02C0	F4
264	D144	02F4	F4
264	D144	0268	F4
264	D144	029C	F4
264	D144	02D0	F4
264	D144	0244	F4
264	D144	0278	F4
264	D144	02AC	F4
264	D144	02E0	F4
264	D144	0254	F4
264	D144	0288	F4
264	D144	02BC	F4
264	D144	02F0	F4
264	D144	0264	F4
264	D144	0298	F4
264	D144	02CC	F4
264	D144	0240	F4
264	D144	0274	F4
264	D144	02A8	F4
264	D144	02DC	F4
265	F47C	0200	B7
265	F47C	0204	B7
265	F47C	0208	B7
265	F47C	020C	B7
265	F47C	0210	BF
265	F47C	0214	BF
265	F47C	0218	BF
265	F47C	021C	BF
265	F47C	0220	C7
265	F47C	0224	C7
265	F47C	0228	C7
265	F47C	022C	C7
265	F47C	0230	CF
265	F47C	0234	CF
265	F47C	0238	CF
265	F47C	023C	CF
265	F47C	0284	1F
265	F47C	02B8	25
265	F47C	02EC	27
265	F47C	0260	2D
265	F47C	0294	2D
265	F47C	02C8	31
265	F47C	02FC	31
265	F47C	0270	35
265	F47C	02A4	39
265	F47C	02D8	40
265	D144	024C	F4
265	D144	0280	F4
265	D144	02B4	F4
265	D144	02E8	F4
265	D144	025C	F4
265	D144	0290	F4
265	D144	02C4	F4
265	D144	02F8	F4
265	D144	026C	F4
265	D144	02A0	F4
265	D144	02D4	F4
265	D144	0248	F4
265	D144	027C	F4
265	D144	02B0	F4
265	D144	02E4	F4
265	D144	0258	F4
265	D144	028C	F4
265	D144	02C0	F4
265	D144	02F4	F4
265	D144	0268	F4
265	D144	029C	F4
265	D144	02D0	F4
265	D144	0244	F4
265	D144	0278	F4
265	D144	02AC	F4
265	D144	02E0	F4
265	D144	0254	F4
265	D144	0288	F4
265	D144	02BC	F4
265	D144	02F0	F4
265	D144	0264	F4
265	D144	0298	F4
265	D144	02CC	F4
265	D144	0240	F4
265	D144	0274	F4
265	D144	02A8	F4
265	D144	02DC	F4
265	D144	0250	F4
266	F47C	0200	B7
266	F47C	0204	B7
266	F47C	0208	B7
266	F47C	020C	B7
266	F47C	0210	BF
266	F47C	0214	BF
266	F47C	0218	BF
266	F47C	021C	BF
266	F47C	0220	C7
266	F47C	0224	C7
266	F47C	0228	C7
266	F47C	022C	C7
266	F47C	0230	CF
266	F47C	0234	CF
266	F47C	0238	CF
266	F47C	023C	CF
266	F47C	02B8	1F
266	F47C	02EC	25
266	F47C	0260	27
266	F47C	0294	2D
266	F47C	02C8	2D
266	F47C	02FC	31
266	F47C	0270	31
266	F47C	02A4	35
266	F47C	02D8	39
266	F47C	024C	40
266	D144	0280	F4
266	D144	02B4	F4
266	D144	02E8	F4
266	D144	025C	F4
266	D144	0290	F4
266	D144	02C4	F4
266	D144	02F8	F4
266	D144	026C	F4
266	D144	02A0	F4
266	D144	02D4	F4
266	D144	0248	F4
266	D144	027C	F4
266	D144	02B0	F4
266	D144	02E4	F4
266	D144	0258	F4
266	D144	028C	F4
266	D144	02C0	F4
266	D144	02F4	F4
266	D144	0268	F4
266	D144	029C	F4
266	D144	02D0	F4
266	D144	0244	F4
266	D144	0278	F4
266	D144	02AC	F4
266	D144	02E0	F4
266	D144	0254	F4
266	D144	0288	F4
266	D144	02BC	F4
266	D144	02F0	F4
266	D144	0264	F4
266	D144	0298	F4
266	D144	02CC	F4
266	D144	0240	F4
266	D144	0274	F4
266	D144	02A8	F4
266	D144	02DC	F4
266	D144	0250	F4
266	D144	0284	F4
267	F47C	0200	B7
267	F47C	0204	B7
267	F47C	0208	B7
267	F47C	020C	B7
267	F47C	0210	BF
267	F47C	0214	BF
267	F47C	0218	BF
267	F47C	021C	BF
267	F47C	0220	C7
267	F47C	0224	C7
267	F47C	0228	C7
267	F47C	022C	C7
267	F47C	0230	CF
267	F47C	0234	CF
267	F47C	0238	CF
267	F47C	023C	CF
267	F47C	02EC	1F
267	F47C	0260	25
267	F47C	0294	27
267	F47C	02C8	2D
267	F47C	02FC	2D
267	F47C	0270	31
267	F47C	02A4	31
267	F47C	02D8	35
267	F47C	024C	39
267	F47C	0280	40
267	D144	02B4	F4
267	D144	02E8	F4
267	D144	025C	F4
267	D144	0290	F4
267	D144	02C4	F4
267	D144	02F8	F4
267	D144	026C	F4
267	D144	02A0	F4
267	D144	02D4	F4
267	D144	0248	F4
267	D144	027C	F4
267	D144	02B0	F4
267	D144	02E4	F4
267	D144	0258	F4
267	D144	028C	F4
267	D144	02C0	F4
267	D144	02F4	F4
267	D144	0268	F4
267	D144	029C	F4
267	D144	02D0	F4
267	D144	0244	F4
267	D144	0278	F4
267	D144	02AC	F4
267	D144	02E0	F4
267	D144	0254	F4
267	D144	0288	F4
267	D144	02BC	F4
267	D144	02F0	F4
267	D144	0264	F4
267	D144	0298	F4
267	D144	02CC	F4
267	D144	0240	F4
267	D144	0274	F4
267	D144	02A8	F4
267	D144	02DC	F4
267	D144	0250	F4
267	D144	0284	F4
267	D144	02B8	F4
268	F47C	0200	B7
268	F47C	0204	B7
268	F47C	0208	B7
268	F47C	020C	B7
268	F47C	0210	BF
268	F47C	0214	BF
268	F47C	0218	BF
268	F47C	021C	BF
268	F47C	0220	C7
268	F47C	0224	C7
268	F47C	0228	C7
268	F47C	022C	C7
268	F47C	0230	CF
268	F47C	0234	CF
268	F47C	0238	CF
268	F47C	023C	CF
268	F47C	0260	1F
268	F47C	0294	25
268	F47C	02C8	27
268	F47C	02FC	2D
268	F47C	0270	2D
268	F47C	02A4	31
268	F47C	02D8	31
268	F47C	024C	35
268	F47C	0280	39
268	F47C	02B4	40
268	D144	02E8	F4
268	D144	025C	F4
268	D144	0290	F4
268	D144	02C4	F4
268	D144	02F8	F4
268	D144	026C	F4
268	D144	02A0	F4
268	D144	02D4	F4
268	D144	0248	F4
268	D144	027C	F4
268	D144	02B0	F4
268	D144	02E4	F4
268	D144	0258	F4
268	D144	028C	F4
268	D144	02C0	F4
268	D144	02F4	F4
268	D144	0268	F4
268	D144	029C	F4
268	D144	02D0	F4
268	D144	0244	F4
268	D144	0278	F4
268	D144	02AC	F4
268	D144	02E0	F4
268	D144	0254	F4
268	D144	0288	F4
268	D144	02BC	F4
268	D144	02F0	F4
268	D144	0264	F4
268	D144	0298	F4
268	D144	02CC	F4
268	D144	0240	F4
268	D144	0274	F4
268	D144	02A8	F4
268	D144	02DC	F4
268	D144	0250	F4
268	D144	0284	F4
268	D144	02B8	F4
268	D144	02EC	F4
269	F47C	0200	B7
269	F47C	0204	B7
269	F47C	0208	B7
269	F47C	020C	B7
269	F47C	0210	BF
269	F47C	0214	BF
269	F47C	0218	BF
269	F47C	021C	BF
269	F47C	0220	C7
269	F47C	0224	C7
269	F47C	0228	C7
269	F47C	022C	C7
269	F47C	0230	CF
269	F47C	0234	CF
269	F47C	0238	CF
269	F47C	023C	CF
269	F47C	0254	1F
269	F47C	0288	25
269	F47C	02BC	27
269	F47C	02F0	2D
269	F47C	0264	2D
269	F47C	0298	31
269	F47C	02CC	31
269	F47C	0240	35
269	F47C	0274	39
269	F47C	02A8	40
269	D144	02DC	F4
269	D144	0250	F4
269	D144	0284	F4
269	D144	02B8	F4
269	D144	02EC	F4
269	D144	0260	F4
269	D144	0294	F4
269	D144	02C8	F4
269	D144	02FC	F4
269	D144	0270	F4
269	D144	02A4	F4
269	D144	02D8	F4
269	D144	024C	F4
269	D144	0280	F4
269	D144	02B4	F4
269	D144	02E8	F4
269	D144	025C	F4
269	D144	0290	F4
269	D144	02C4	F4
269	D144	02F8	F4
269	D144	026C	F4
269	D144	02A0	F4
269	D144	02D4	F4
269	D144	0248	F4
269	D144	027C	F4
269	D144	02B0	F4
269	D144	02E4	F4
269	D144	0258	F4
269	D144	028C	F4
269	D144	02C0	F4
269	D144	02F4	F4
269	D144	0268	F4
269	D144	029C	F4
269	D144	02D0	F4
269	D144	0244	F4
269	D144	0278	F4
269	D144	02AC	F4
269	D144	02E0	F4
270	F47C	0200	B7
270	F47C	0204	B7
270	F47C	0208	B7
270	F47C	020C	B7
270	F47C	0210	BF
270	F47C	0214	BF
270	F47C	0218	BF
270	F47C	021C	BF
270	F47C	0220	C7
270	F47C	0224	C7
270	F47C	0228	C7
270	F47C	022C	C7
270	F47C	0230	CF
270	F47C	0234	CF
270	F47C	0238	CF
270	F47C	023C	CF
270	F47C	0288	1F
270	F47C	02BC	25
270	F47C	02F0	27
270	F47C	0264	2D
270	F47C	0298	2D
270	F47C	02CC	31
270	F47C	0240	31
270	F47C	0274	35
270	F47C	02A8	39
270	F47C	02DC	40
270	D144	0250	F4
270	D144	0284	F4
270	D144	02B8	F4
270	D144	02EC	F4
270	D144	0260	F4
270	D144	0294	F4
270	D144	02C8	F4
270	D144	02FC	F4
270	D144	0270	F4
270	D144	02A4	F4
270	D144	02D8	F4
270	D144	024C	F4
270	D144	0280	F4
270	D144	02B4	F4
270	D144	02E8	F4
270	D144	025C	F4
270	D144	0290	F4
270	D144	02C4	F4
270	D144	02F8	F4
270	D144	026C	F4
270	D144	02A0	F4
270	D144	02D4	F4
270	D144	0248	F4
270	D144	027C	F4
270	D144	02B0	F4
270	D144	02E4	F4
270	D144	0258	F4
270	D144	028C	F4
270	D144	02C0	F4
270	D144	02F4	F4
270	D144	0268	F4
270	D144	029C	F4
270	D144	02D0	F4
270	D144	0244	F4
270	D144	0278	F4
270	D144	02AC	F4
270	D144	02E0	F4
270	D144	0254	F4
271	F47C	0200	B7
271	F47C	0204	B7
271	F47C	0208	B7
271	F47C	020C	B7
271	F47C	0210	BF
271	F47C	0214	BF
271	F47C	0218	BF
271	F47C	021C	BF
271	F47C	0220	C7
271	F47C	0224	C7
271	F47C	0228	C7
271	F47C	022C	C7
271	F47C	0230	CF
271	F47C	0234	CF
271	F47C	0238	CF
271	F47C	023C	CF
271	F47C	02BC	1F
271	F47C	02F0	25
271	F47C	0264	27
271	F47C	0298	2D
271	F47C	02CC	2D
271	F47C	0240	31
271	F47C	0274	31
271	F47C	02A8	35
271	F47C	02DC	39
271	F47C	0250	40
271	D144	0284	F4
271	D144	02B8	F4
271	D144	02EC	F4
271	D144	0260	F4
271	D144	0294	F4
271	D144	02C8	F4
271	D144	02FC	F4
271	D144	0270	F4
271	D144	02A4	F4
271	D144	02D8	F4
271	D144	024C	F4
271	D144	0280	F4
271	D144	02B4	F4
271	D144	02E8	F4
271	D144	025C	F4
271	D144	0290	F4
271	D144	02C4	F4
271	D144	02F8	F4
271	D144	026C	F4
271	D144	02A0	F4
271	D144	02D4	F4
271	D144	0248	F4
271	D144	027C	F4
271	D144	02B0	F4
271	D144	02E4	F4
271	D144	0258	F4
271	D144	028C	F4
271	D144	02C0	F4
271	D144	02F4	F4
271	D144	0268	F4
271	D144	029C	F4
271	D144	02D0	F4
271	D144	0244	F4
271	D144	0278	F4
271	D144	02AC	F4
271	D144	02E0	F4
271	D144	0254	F4
271	D144	0288	F4
272	F47C	0200	B7
272	F47C	0204	B7
272	F47C	0208	B7
272	F47C	020C	B7
272	F47C	0210	BF
272	F47C	0214	BF
272	F47C	0218	BF
272	F47C	021C	BF
272	F47C	0220	C7
272	F47C	0224	C7
272	F47C	0228	C7
272	F47C	022C	C7
272	F47C	0230	CF
272	F47C	0234	CF
272	F47C	0238	CF
272	F47C	023C	CF
272	F47C	02F0	1F
272	F47C	0264	25
272	F47C	0298	27
272	F47C	02CC	2D
272	F47C	0240	2D
272	F47C	0274	31
272	F47C	02A8	31
272	F47C	02DC	35
272	F47C	0250	39
272	F47C	0284	40
272	D144	02B8	F4
272	D144	02EC	F4
272	D144	0260	F4
272	D144	0294	F4
272	D144	02C8	F4
272	D144	02FC	F4
272	D144	0270	F4
272	D144	02A4	F4
272	D144	02D8	F4
272	D144	024C	F4
272	D144	0280	F4
272	D144	02B4	F4
272	D144	02E8	F4
272	D144	025C	F4
272	D144	0290	F4
272	D144	02C4	F4
272	D144	02F8	F4
272	D144	026C	F4
272	D144	02A0	F4
272	D144	02D4	F4
272	D144	0248	F4
272	D144	027C	F4
272	D144	02B0	F4
272	D144	02E4	F4
272	D144	0258	F4
272	D144	028C	F4
272	D144	02C0	F4
272	D144	02F4	F4
272	D144	0268	F4
272	D144	029C	F4
272	D144	02D0	F4
272	D144	0244	F4
272	D144	0278	F4
272	D144	02AC	F4
272	D144	02E0	F4
272	D144	0254	F4
272	D144	0288	F4
272	D144	02BC	F4
273	F47C	0200	B7
273	F47C	0204	B7
273	F47C	0208	B7
273	F47C	020C	B7
273	F47C	0210	BF
273	F47C	0214	BF
273	F47C	0218	BF
273	F47C	021C	BF
273	F47C	0220	C7
273	F47C	0224	C7
273	F47C	0228	C7
273	F47C	022C	C7
273	F47C	0230	CF
273	F47C	0234	CF
273	F47C	0238	CF
273	F47C	023C	CF
273	F47C	0264	1F
273	F47C	0298	25
273	F47C	02CC	27
273	F47C	0240	2D
273	F47C	0274	2D
273	F47C	02A8	31
273	F47C	02DC	31
273	F47C	0250	35
273	F47C	0284	39
273	F47C	02B8	40
273	D144	02EC	F4
273	D144	0260	F4
273	D144	0294	F4
273	D144	02C8	F4
273	D144	02FC	F4
273	D144	0270	F4
273	D144	02A4	F4
273	D144	02D8	F4
273	D144	024C	F4
273	D144	0280	F4
273	D144	02B4	F4
273	D144	02E8	F4
273	D144	025C	F4
273	D144	0290	F4
273	D144	02C4	F4
273	D144	02F8	F4
273	D144	026C	F4
273	D144	02A0	F4
273	D144	02D4	F4
273	D144	0248	F4
273	D144	027C	F4
273	D144	02B0	F4
273	D144	02E4	F4
273	D144	0258	F4
273	D144	028C	F4
273	D144	02C0	F4
273	D144	02F4	F4
273	D144	0268	F4
273	D144	029C	F4
273	D144	02D0	F4
273	D144	0244	F4
273	D144	0278	F4
273	D144	02AC	F4
273	D144	02E0	F4
273	D144	0254	F4
273	D144	0288	F4
273	D144	02BC	F4
273	D144	02F0	F4
274	F47C	0200	B7
274	F47C	0204	B7
274	F47C	0208	B7
274	F47C	020C	B7
274	F47C	0210	BF
274	F47C	0214	BF
274	F47C	0218	BF
274	F47C	021C	BF
274	F47C	0220	C7
274	F47C	0224	C7
274	F47C	0228	C7
274	F47C	022C	C7
274	F47C	0230	CF
274	F47C	0234	CF
274	F47C	0238	CF
274	F47C	023C	CF
274	F47C	0258	1F
274	F47C	028C	25
274	F47C	02C0	27
274	F47C	02F4	2D
274	F47C	0268	2D
274	F47C	029C	31
274	F47C	02D0	31
274	F47C	0244	35
274	F47C	0278	39
274	F47C	02AC	40
274	D144	02E0	F4
274	D144	0254	F4
274	D144	0288	F4
274	D144	02BC	F4
274	D144	02F0	F4
274	D144	0264	F4
274	D144	0298	F4
274	D144	02CC	F4
274	D144	0240	F4
274	D144	0274	F4
274	D144	02A8	F4
274	D144	02DC	F4
274	D144	0250	F4
274	D144	0284	F4
274	D144	02B8	F4
274	D144	02EC	F4
274	D144	0260	F4
274	D144	0294	F4
274	D144	02C8	F4
274	D144	02FC	F4
274	D144	0270	F4
274	D144	02A4	F4
274	D144	02D8	F4
274	D144	024C	F4
274	D144	0280	F4
274	D144	02B4	F4
274	D144	02E8	F4
274	D144	025C	F4
274	D144	0290	F4
274	D144	02C4	F4
274	D144	02F8	F4
274	D144	026C	F4
274	D144	02A0	F4
274	D144	02D4	F4
274	D144	0248	F4
274	D144	027C	F4
274	D144	02B0	F4
274	D144	02E4	F4
275	F47C	0200	B7
275	F47C	0204	B7
275	F47C	0208	B7
275	F47C	020C	B7
275	F47C	0210	BF
275	F47C	0214	BF
275	F47C	0218	BF
275	F47C	021C	BF
275	F47C	0220	C7
275	F47C	0224	C7
275	F47C	0228	C7
275	F47C	022C	C7
275	F47C	0230	CF
275	F47C	0234	CF
275	F47C	0238	CF
275	F47C	023C	CF
275	F47C	028C	1F
275	F47C	02C0	25
275	F47C	02F4	27
275	F47C	0268	2D
275	F47C	029C	2D
275	F47C	02D0	31
275	F47C	0244	31
275	F47C	0278	35
275	F47C	02AC	39
275	F47C	02E0	40
275	D144	0254	F4
275	D144	0288	F4
275	D144	02BC	F4
275	D144	02F0	F4
275	D144	0264	F4
275	D144	0298	F4
275	D144	02CC	F4
275	D144	0240	F4
275	D144	0274	F4
275	D144	02A8	F4
275	D144	02DC	F4
275	D144	0250	F4
275	D144	0284	F4
275	D144	02B8	F4
275	D144	02EC	F4
275	D144	0260	F4
275	D144	0294	F4
275	D144	02C8	F4
275	D144	02FC	F4
275	D144	0270	F4
275	D144	02A4	F4
275	D144	02D8	F4
275	D144	024C	F4
275	D144	0280	F4
275	D144	02B4	F4
275	D144	02E8	F4
275	D144	025C	F4
275	D144	0290	F4
275	D144	02C4	F4
275	D144	02F8	F4
275	D144	026C	F4
275	D144	02A0	F4
275	D144	02D4	F4
275	D144	0248	F4
275	D144	027C	F4
275	D144	02B0	F4
275	D144	02E4	F4
275	D144	0258	F4
276	F47C	0200	B7
276	F47C	0204	B7
276	F47C	0208	B7
276	F47C	020C	B7
276	F47C	0210	BF
276	F47C	0214	BF
276	F47C	0218	BF
276	F47C	021C	BF
276	F47C	0220	C7
276	F47C	0224	C7
276	F47C	0228	C7
276	F47C	022C	C7
276	F47C	0230	CF
276	F47C	0234	CF
276	F47C	0238	CF
276	F47C	023C	CF
276	F47C	02C0	1F
276	F47C	02F4	25
276	F47C	0268	27
276	F47C	029C	2D
276	F47C	02D0	2D
276	F47C	0244	31
276	F47C	0278	31
276	F47C	02AC	35
276	F47C	02E0	39
276	F47C	0254	40
276	D144	0288	F4
276	D144	02BC	F4
276	D144	02F0	F4
276	D144	0264	F4
276	D144	0298	F4
276	D144	02CC	F4
276	D144	0240	F4
276	D144	0274	F4
276	D144	02A8	F4
276	D144	02DC	F4
276	D144	0250	F4
276	D144	0284	F4
276	D144	02B8	F4
276	D144	02EC	F4
276	D144	0260	F4
276	D144	0294	F4
276	D144	02C8	F4
276	D144	02FC	F4
276	D144	0270	F4
276	D144	02A4	F4
276	D144	02D8	F4
276	D144	024C	F4
276	D144	0280	F4
276	D144	02B4	F4
276	D144	02E8	F4
276	D144	025C	F4
276	D144	0290	F4
276	D144	02C4	F4
276	D144	02F8	F4
276	D144	026C	F4
276	D144	02A0	F4
276	D144	02D4	F4
276	D144	0248	F4
276	D144	027C	F4
276	D144	02B0	F4
276	D144	02E4	F4
276	D144	0258	F4
276	D144	028C	F4
277	F47C	0200	B7
277	F47C	0204	B7
277	F47C	0208	B7
277	F47C	020C	B7
277	F47C	0210	BF
277	F47C	0214	BF
277	F47C	0218	BF
277	F47C	021C	BF
277	F47C	0220	C7
277	F47C	0224	C7
277	F47C	0228	C7
277	F47C	022C	C7
277	F47C	0230	CF
277	F47C	0234	CF
277	F47C	0238	CF
277	F47C	023C	CF
277	F47C	02F4	1F
277	F47C	0268	25
277	F47C	029C	27
277	F47C	02D0	2D
277	F47C	0244	2D
277	F47C	0278	31
277	F47C	02AC	31
277	F47C	02E0	35
277	F47C	0254	39
277	F47C	0288	40
277	D144	02BC	F4
277	D144	02F0	F4
277	D144	0264	F4
277	D144	0298	F4
277	D144	02CC	F4
277	D144	0240	F4
277	D144	0274	F4
277	D144	02A8	F4
277	D144	02DC	F4
277	D144	0250	F4
277	D144	0284	F4
277	D144	02B8	F4
277	D144	02EC	F4
277	D144	0260	F4
277	D144	0294	F4
277	D144	02C8	F4
277	D144	02FC	F4
277	D144	0270	F4
277	D144	02A4	F4
277	D144	02D8	F4
277	D144	024C	F4
277	D144	0280	F4
277	D144	02B4	F4
277	D144	02E8	F4
277	D144	025C	F4
277	D144	0290	F4
277	D144	02C4	F4
277	D144	02F8	F4
277	D144	026C	F4
277	D144	02A0	F4
277	D144	02D4	F4
277	D144	0248	F4
277	D144	027C	F4
277	D144	02B0	F4
277	D144	02E4	F4
277	D144	0258	F4
277	D144	028C	F4
277	D144	02C0	F4
278	F47C	0200	B7
278	F47C	0204	B7
278	F47C	0208	B7
278	F47C	020C	B7
278	F47C	0210	BF
278	F47C	0214	BF
278	F47C	0218	BF
278	F47C	021C	BF
278	F47C	0220	C7
278	F47C	0224	C7
278	F47C	0228	C7
278	F47C	022C	C7
278	F47C	0230	CF
278	F47C	0234	CF
278	F47C	0238	CF
278	F47C	023C	CF
278	F47C	0268	1F
278	F47C	029C	25
278	F47C	02D0	27
278	F47C	0244	2D
278	F47C	0278	2D
278	F47C	02AC	31
278	F47C	02E0	31
278	F47C	0254	35
278	F47C	0288	39
278	F47C	02BC	40
278	D144	02F0	F4
278	D144	0264	F4
278	D144	0298	F4
278	D144	02CC	F4
278	D144	0240	F4
278	D144	0274	F4
278	D144	02A8	F4
278	D144	02DC	F4
278	D144	0250	F4
278	D144	0284	F4
278	D144	02B8	F4
278	D144	02EC	F4
278	D144	0260	F4
278	D144	0294	F4
278	D144	02C8	F4
278	D144	02FC	F4
278	D144	0270	F4
278	D144	02A4	F4
278	D144	02D8	F4
278	D144	024C	F4
278	D144	0280	F4
278	D144	02B4	F4
278	D144	02E8	F4
278	D144	025C	F4
278	D144	0290	F4
278	D144	02C4	F4
278	D144	02F8	F4
278	D144	026C	F4
278	D144	02A0	F4
278	D144	02D4	F4
278	D144	0248	F4
278	D144	027C	F4
278	D144	02B0	F4
278	D144	02E4	F4
278	D144	0258	F4
278	D144	028C	F4
278	D144	02C0	F4
278	D144	02F4	F4
279	F47C	0200	B7
279	F47C	0204	B7
279	F47C	0208	B7
279	F47C	020C	B7
279	F47C	0210	BF
279	F47C	0214	BF
279	F47C	0218	BF
279	F47C	021C	BF
279	F47C	0220	C7
279	F47C	0224	C7
279	F47C	0228	C7
279	F47C	022C	C7
279	F47C	0230	CF
279	F47C	0234	CF
279	F47C	0238	CF
279	F47C	023C	CF
279	F47C	025C	1F
279	F47C	0290	25
279	F47C	02C4	27
279	F47C	02F8	2D
279	F47C	026C	2D
279	F47C	02A0	31
279	F47C	02D4	31
279	F47C	0248	35
279	F47C	027C	39
279	F47C	02B0	40
279	D144	02E4	F4
279	D144	0258	F4
279	D144	028C	F4
279	D144	02C0	F4
279	D144	02F4	F4
279	D144	0268	F4
279	D144	029C	F4
279	D144	02D0	F4
279	D144	0244	F4
279	D144	0278	F4
279	D144	02AC	F4
279	D144	02E0	F4
279	D144	0254	F4
279	D144	0288	F4
279	D144	02BC	F4
279	D144	02F0	F4
279	D144	0264	F4
279	D144	0298	F4
279	D144	02CC	F4
279	D144	0240	F4
279	D144	0274	F4
279	D144	02A8	F4
279	D144	02DC	F4
279	D144	0250	F4
279	D144	0284	F4
279	D144	02B8	F4
279	D144	02EC	F4
279	D144	0260	F4
279	D144	0294	F4
279	D144	02C8	F4
279	D144	02FC	F4
279	D144	0270	F4
279	D144	02A4	F4
279	D144	02D8	F4
279	D144	024C	F4
279	D144	0280	F4
279	D144	02B4	F4
279	D144	02E8	F4
280	F47C	0200	B7
280	F47C	0204	B7
280	F47C	0208	B7
280	F47C	020C	B7
280	F47C	0210	BF
280	F47C	0214	BF
280	F47C	0218	BF
280	F47C	021C	BF
280	F47C	0220	C7
280	F47C	0224	C7
280	F47C	0228	C7
280	F47C	022C	C7
280	F47C	0230	CF
280	F47C	0234	CF
280	F47C	0238	CF
280	F47C	023C	CF
280	F47C	0290	1F
280	F47C	02C4	25
280	F47C	02F8	27
280	F47C	026C	2D
280	F47C	02A0	2D
280	F47C	02D4	31
280	F47C	0248	31
280	F47C	027C	35
280	F47C	02B0	39
280	F47C	02E4	40
280	D144	0258	F4
280	D144	028C	F4
280	D144	02C0	F4
280	D144	02F4	F4
280	D144	0268	F4
280	D144	029C	F4
280	D144	02D0	F4
280	D144	0244	F4
280	D144	0278	F4
280	D144	02AC	F4
280	D144	02E0	F4
280	D144	0254	F4
280	D144	0288	F4
280	D144	02BC	F4
280	D144	02F0	F4
280	D144	0264	F4
280	D144	0298	F4
280	D144	02CC	F4
280	D144	0240	F4
280	D144	0274	F4
280	D144	02A8	F4
280	D144	02DC	F4
280	D144	0250	F4
280	D144	0284	F4
280	D144	02B8	F4
280	D144	02EC	F4
280	D144	0260	F4
280	D144	0294	F4
280	D144	02C8	F4
280	D144	02FC	F4
280	D144	0270	F4
280	D144	02A4	F4
280	D144	02D8	F4
280	D144	024C	F4
280	D144	0280	F4
280	D144	02B4	F4
280	D144	02E8	F4
280	D144	025C	F4
281	F47C	0200	B7
281	F47C	0204	B7
281	F47C	0208	B7
281	F47C	020C	B7
281	F47C	0210	BF
281	F47C	0214	BF
281	F47C	0218	BF
281	F47C	021C	BF
281	F47C	0220	C7
281	F47C	0224	C7
281	F47C	0228	C7
281	F47C	022C	C7
281	F47C	0230	CF
281	F47C	0234	CF
281	F47C	0238	CF
281	F47C	023C	CF
281	F47C	02C4	1F
281	F47C	02F8	25
281	F47C	026C	27
281	F47C	02A0	2D
281	F47C	02D4	2D
281	F47C	0248	31
281	F47C	027C	31
281	F47C	02B0	35
281	F47C	02E4	39
281	F47C	0258	40
281	D144	028C	F4
281	D144	02C0	F4
281	D144	02F4	F4
281	D144	0268	F4
281	D144	029C	F4
281	D144	02D0	F4
281	D144	0244	F4
281	D144	0278	F4
281	D144	02AC	F4
281	D144	02E0	F4
281	D144	0254	F4
281	D144	0288	F4
281	D144	02BC	F4
281	D144	02F0	F4
281	D144	0264	F4
281	D144	0298	F4
281	D144	02CC	F4
281	D144	0240	F4
281	D144	0274	F4
281	D144	02A8	F4
281	D144	02DC	F4
281	D144	0250	F4
281	D144	0284	F4
281	D144	02B8	F4
281	D144	02EC	F4
281	D144	0260	F4
281	D144	0294	F4
281	D144	02C8	F4
281	D144	02FC	F4
281	D144	0270	F4
281	D144	02A4	F4
281	D144	02D8	F4
281	D144	024C	F4
281	D144	0280	F4
281	D144	02B4	F4
281	D144	02E8	F4
281	D144	025C	F4
281	D144	0290	F4
282	F47C	0200	B7
282	F47C	0204	B7
282	F47C	0208	B7
282	F47C	020C	B7
282	F47C	0210	BF
282	F47C	0214	BF
282	F47C	0218	BF
282	F47C	021C	BF
282	F47C	0220	C7
282	F47C	0224	C7
282	F47C	0228	C7
282	F47C	022C	C7
282	F47C	0230	CF
282	F47C	0234	CF
282	F47C	0238	CF
282	F47C	023C	CF
282	F47C	02F8	1F
282	F47C	026C	25
282	F47C	02A0	27
282	F47C	02D4	2D
282	F47C	0248	2D
282	F47C	027C	31
282	F47C	02B0	31
282	F47C	02E4	35
282	F47C	0258	39
282	F47C	028C	40
282	D144	02C0	F4
282	D144	02F4	F4
282	D144	0268	F4
282	D144	029C	F4
282	D144	02D0	F4
282	D144	0244	F4
282	D144	0278	F4
282	D144	02AC	F4
282	D144	02E0	F4
282	D144	0254	F4
282	D144	0288	F4
282	D144	02BC	F4
282	D144	02F0	F4
282	D144	0264	F4
282	D144	0298	F4
282	D144	02CC	F4
282	D144	0240	F4
282	D144	0274	F4
282	D144	02A8	F4
282	D144	02DC	F4
282	D144	0250	F4
282	D144	0284	F4
282	D144	02B8	F4
282	D144	02EC	F4
282	D144	0260	F4
282	D144	0294	F4
282	D144	02C8	F4
282	D144	02FC	F4
282	D144	0270	F4
282	D144	02A4	F4
282	D144	02D8	F4
282	D144	024C	F4
282	D144	0280	F4
282	D144	02B4	F4
282	D144	02E8	F4
282	D144	025C	F4
282	D144	0290	F4
282	D144	02C4	F4
283	F47C	0200	B7
283	F47C	0204	B7
283	F47C	0208	B7
283	F47C	020C	B7
283	F47C	0210	BF
283	F47C	0214	BF
283	F47C	0218	BF
283	F47C	021C	BF
283	F47C	0220	C7
283	F47C	0224	C7
283	F47C	0228	C7
283	F47C	022C	C7
283	F47C	0230	CF
283	F47C	0234	CF
283	F47C	0238	CF
283	F47C	023C	CF
283	F47C	026C	1F
283	F47C	02A0	25
283	F47C	02D4	27
283	F47C	0248	2D
283	F47C	027C	2D
283	F47C	02B0	31
283	F47C	02E4	31
283	F47C	0258	35
283	F47C	028C	39
283	F47C	02C0	40
283	D144	02F4	F4
283	D144	0268	F4
283	D144	029C	F4
283	D144	02D0	F4
283	D144	0244	F4
283	D144	0278	F4
283	D144	02AC	F4
283	D144	02E0	F4
283	D144	0254	F4
283	D144	0288	F4
283	D144	02BC	F4
283	D144	02F0	F4
283	D144	0264	F4
283	D144	0298	F4
283	D144	02CC	F4
283	D144	0240	F4
283	D144	0274	F4
283	D144	02A8	F4
283	D144	02DC	F4
283	D144	0250	F4
283	D144	0284	F4
283	D144	02B8	F4
283	D144	02EC	F4
283	D144	0260	F4
283	D144	0294	F4
283	D144	02C8	F4
283	D144	02FC	F4
283	D144	0270	F4
283	D144	02A4	F4
283	D144	02D8	F4
283	D144	024C	F4
283	D144	0280	F4
283	D144	02B4	F4
283	D144	02E8	F4
283	D144	025C	F4
283	D144	0290	F4
283	D144	02C4	F4
283	D144	02F8	F4
284	F47C	0200	B7
284	F47C	0204	B7
284	F47C	0208	B7
284	F47C	020C	B7
284	F47C	0210	BF
284	F47C	0214	BF
284	F47C	0218	BF
284	F47C	021C	BF
284	F47C	0220	C7
284	F47C	0224	C7
284	F47C	0228	C7
284	F47C	022C	C7
284	F47C	0230	CF
284	F47C	0234	CF
284	F47C	0238	CF
284	F47C	023C	CF
284	F47C	0260	1F
284	F47C	0294	25
284	F47C	02C8	27
284	F47C	02FC	2D
284	F47C	0270	2D
284	F47C	02A4	31
284	F47C	02D8	31
284	F47C	024C	35
284	F47C	0280	39
284	F47C	02B4	40
284	D144	02E8	F4
284	D144	025C	F4
284	D144	0290	F4
284	D144	02C4	F4
284	D144	02F8	F4
284	D144	026C	F4
284	D144	02A0	F4
284	D144	02D4	F4
284	D144	0248	F4
284	D144	027C	F4
284	D144	02B0	F4
284	D144	02E4	F4
284	D144	0258	F4
284	D144	028C	F4
284	D144	02C0	F4
284	D144	02F4	F4
284	D144	0268	F4
284	D144	029C	F4
284	D144	02D0	F4
284	D144	0244	F4
284	D144	0278	F4
284	D144	02AC	F4
284	D144	02E0	F4
284	D144	0254	F4
284	D144	0288	F4
284	D144	02BC	F4
284	D144	02F0	F4
284	D144	0264	F4
284	D144	0298	F4
284	D144	02CC	F4
284	D144	0240	F4
284	D144	0274	F4
284	D144	02A8	F4
284	D144	02DC	F4
284	D144	0250	F4
284	D144	0284	F4
284	D144	02B8	F4
284	D144	02EC	F4
285	F47C	0200	B7
285	F47C	0204	B7
285	F47C	0208	B7
285	F47C	020C	B7
285	F47C	0210	BF
285	F47C	0214	BF
285	F47C	0218	BF
285	F47C	021C	BF
285	F47C	0220	C7
285	F47C	0224	C7
285	F47C	0228	C7
285	F47C	022C	C7
285	F47C	0230	CF
285	F47C	0234	CF
285	F47C	0238	CF
285	F47C	023C	CF
285	F47C	0294	1F
285	F47C	02C8	25
285	F47C	02FC	27
285	F47C	0270	2D
285	F47C	02A4	2D
285	F47C	02D8	31
285	F47C	024C	31
285	F47C	0280	35
285	F47C	02B4	39
285	F47C	02E8	40
285	D144	025C	F4
285	D144	0290	F4
285	D144	02C4	F4
285	D144	02F8	F4
285	D144	026C	F4
285	D144	02A0	F4
285	D144	02D4	F4
285	D144	0248	F4
285	D144	027C	F4
285	D144	02B0	F4
285	D144	02E4	F4
285	D144	0258	F4
285	D144	028C	F4
285	D144	02C0	F4
285	D144	02F4	F4
285	D144	0268	F4
285	D144	029C	F4
285	D144	02D0	F4
285	D144	0244	F4
285	D144	0278	F4
285	D144	02AC	F4
285	D144	02E0	F4
285	D144	0254	F4
285	D144	0288	F4
285	D144	02BC	F4
285	D144	02F0	F4
285	D144	0264	F4
285	D144	0298	F4
285	D144	02CC	F4
285	D144	0240	F4
285	D144	0274	F4
285	D144	02A8	F4
285	D144	02DC	F4
285	D144	0250	F4
285	D144	0284	F4
285	D144	02B8	F4
285	D144	02EC	F4
285	D144	0260	F4
286	F47C	0200	B7
286	F47C	0204	B7
286	F47C	0208	B7
286	F47C	020C	B7
286	F47C	0210	BF
286	F47C	0214	BF
286	F47C	0218	BF
286	F47C	021C	BF
286	F47C	0220	C7
286	F47C	0224	C7
286	F47C	0228	C7
286	F47C	022C	C7
286	F47C	0230	CF
286	F47C	0234	CF
286	F47C	0238	CF
286	F47C	023C	CF
286	F47C	02C8	1F
286	F47C	02FC	25
286	F47C	0270	27
286	F47C	02A4	2D
286	F47C	02D8	2D
286	F47C	024C	31
286	F47C	0280	31
286	F47C	02B4	35
286	F47C	02E8	39
286	F47C	025C	40
286	D144	0290	F4
286	D144	02C4	F4
286	D144	02F8	F4
286	D144	026C	F4
286	D144	02A0	F4
286	D144	02D4	F4
286	D144	0248	F4
286	D144	027C	F4
286	D144	02B0	F4
286	D144	02E4	F4
286	D144	0258	F4
286	D144	028C	F4
286	D144	02C0	F4
286	D144	02F4	F4
286	D144	0268	F4
286	D144	029C	F4
286	D144	02D0	F4
286	D144	0244	F4
286	D144	0278	F4
286	D144	02AC	F4
286	D144	02E0	F4
286	D144	0254	F4
286	D144	0288	F4
286	D144	02BC	F4
286	D144	02F0	F4
286	D144	0264	F4
286	D144	0298	F4
286	D144	02CC	F4
286	D144	0240	F4
286	D144	0274	F4
286	D144	02A8	F4
286	D144	02DC	F4
286	D144	0250	F4
286	D144	0284	F4
286	D144	02B8	F4
286	D144	02EC	F4
286	D144	0260	F4
286	D144	0294	F4
287	F47C	0200	B7
287	F47C	0204	B7
287	F47C	0208	B7
287	F47C	020C	B7
287	F47C	0210	BF
287	F47C	0214	BF
287	F47C	0218	BF
287	F47C	021C	BF
287	F47C	0220	C7
287	F47C	0224	C7
287	F47C	0228	C7
287	F47C	022C	C7
287	F47C	0230	CF
287	F47C	0234	CF
287	F47C	0238	CF
287	F47C	023C	CF
287	F47C	02FC	1F
287	F47C	0270	25
287	F47C	02A4	27
287	F47C	02D8	2D
287	F47C	024C	2D
287	F47C	0280	31
287	F47C	02B4	31
287	F47C	02E8	35
287	F47C	025C	39
287	F47C	0290	40
287	D144	02C4	F4
287	D144	02F8	F4
287	D144	026C	F4
287	D144	02A0	F4
287	D144	02D4	F4
287	D144	0248	F4
287	D144	027C	F4
287	D144	02B0	F4
287	D144	02E4	F4
287	D144	0258	F4
287	D144	028C	F4
287	D144	02C0	F4
287	D144	02F4	F4
287	D144	0268	F4
287	D144	029C	F4
287	D144	02D0	F4
287	D144	0244	F4
287	D144	0278	F4
287	D144	02AC	F4
287	D144	02E0	F4
287	D144	0254	F4
287	D144	0288	F4
287	D144	02BC	F4
287	D144	02F0	F4
287	D144	0264	F4
287	D144	0298	F4
287	D144	02CC	F4
287	D144	0240	F4
287	D144	0274	F4
287	D144	02A8	F4
287	D144	02DC	F4
287	D144	0250	F4
287	D144	0284	F4
287	D144	02B8	F4
287	D144	02EC	F4
287	D144	0260	F4
287	D144	0294	F4
287	D144	02C8	F4
288	F47C	0200	B7
288	F47C	0204	B7
288	F47C	0208	B7
288	F47C	020C	B7
288	F47C	0210	BF
288	F47C	0214	BF
288	F47C	0218	BF
288	F47C	021C	BF
288	F47C	0220	C7
288	F47C	0224	C7
288	F47C	0228	C7
288	F47C	022C	C7
288	F47C	0230	CF
288	F47C	0234	CF
288	F47C	0238	CF
288	F47C	023C	CF
288	F47C	0270	1F
288	F47C	02A4	25
288	F47C	02D8	27
288	F47C	024C	2D
288	F47C	0280	2D
288	F47C	02B4	31
288	F47C	02E8	31
288	F47C	025C	35
288	F47C	0290	39
288	F47C	02C4	40
288	D144	02F8	F4
288	D144	026C	F4
288	D144	02A0	F4
288	D144	02D4	F4
288	D144	0248	F4
288	D144	027C	F4
288	D144	02B0	F4
288	D144	02E4	F4
288	D144	0258	F4
288	D144	028C	F4
288	D144	02C0	F4
288	D144	02F4	F4
288	D144	0268	F4
288	D144	029C	F4
288	D144	02D0	F4
288	D144	0244	F4
288	D144	0278	F4
288	D144	02AC	F4
288	D144	02E0	F4
288	D144	0254	F4
288	D144	0288	F4
288	D144	02BC	F4
288	D144	02F0	F4
288	D144	0264	F4
288	D144	0298	F4
288	D144	02CC	F4
288	D144	0240	F4
288	D144	0274	F4
288	D144	02A8	F4
288	D144	02DC	F4
288	D144	0250	F4
288	D144	0284	F4
288	D144	02B8	F4
288	D144	02EC	F4
288	D144	0260	F4
288	D144	0294	F4
288	D144	02C8	F4
288	D144	02FC	F4
289	F47C	0200	B7
289	F47C	0204	B7
289	F47C	0208	B7
289	F47C	020C	B7
289	F47C	0210	BF
289	F47C	0214	BF
289	F47C	0218	BF
289	F47C	021C	BF
289	F47C	0220	C7
289	F47C	0224	C7
289	F47C	0228	C7
289	F47C	022C	C7
289	F47C	0230	CF
289	F47C	0234	CF
289	F47C	0238	CF
289	F47C	023C	CF
289	F47C	0264	1F
289	F47C	0298	25
289	F47C	02CC	27
289	F47C	0240	2D
289	F47C	0274	2D
289	F47C	02A8	31
289	F47C	02DC	31
289	F47C	0250	35
289	F47C	0284	39
289	F47C	02B8	40
289	D144	02EC	F4
289	D144	0260	F4
289	D144	0294	F4
289	D144	02C8	F4
289	D144	02FC	F4
289	D144	0270	F4
289	D144	02A4	F4
289	D144	02D8	F4
289	D144	024C	F4
289	D144	0280	F4
289	D144	02B4	F4
289	D144	02E8	F4
289	D144	025C	F4
289	D144	0290	F4
289	D144	02C4	F4
289	D144	02F8	F4
289	D144	026C	F4
289	D144	02A0	F4
289	D144	02D4	F4
289	D144	0248	F4
289	D144	027C	F4
289	D144	02B0	F4
289	D144	02E4	F4
289	D144	0258	F4
289	D144	028C	F4
289	D144	02C0	F4
289	D144	02F4	F4
289	D144	0268	F4
289	D144	029C	F4
289	D144	02D0	F4
289	D144	0244	F4
289	D144	0278	F4
289	D144	02AC	F4
289	D144	02E0	F4
289	D144	0254	F4
289	D144	0288	F4
289	D144	02BC	F4
289	D144	02F0	F4
290	F47C	0200	B7
290	F47C	0204	B7
290	F47C	0208	B7
290	F47C	020C	B7
290	F47C	0210	BF
290	F47C	0214	BF
290	F47C	0218	BF
290	F47C	021C	BF
290	F47C	0220	C7
290	F47C	0224	C7
290	F47C	0228	C7
290	F47C	022C	C7
290	F47C	0230	CF
290	F47C	0234	CF
290	F47C	0238	CF
290	F47C	023C	CF
290	F47C	0298	1F
290	F47C	02CC	25
290	F47C	0240	27
290	F47C	0274	2D
290	F47C	02A8	2D
290	F47C	02DC	31
290	F47C	0250	31
290	F47C	0284	35
290	F47C	02B8	39
290	F47C	02EC	40
290	D144	0260	F4
290	D144	0294	F4
290	D144	02C8	F4
290	D144	02FC	F4
290	D144	0270	F4
290	D144	02A4	F4
290	D144	02D8	F4
290	D144	024C	F4
290	D144	0280	F4
290	D144	02B4	F4
290	D144	02E8	F4
290	D144	025C	F4
290	D144	0290	F4
290	D144	02C4	F4
290	D144	02F8	F4
290	D144	026C	F4
290	D144	02A0	F4
290	D144	02D4	F4
290	D144	0248	F4
290	D144	027C	F4
290	D144	02B0	F4
290	D144	02E4	F4
290	D144	0258	F4
290	D144	028C	F4
290	D144	02C0	F4
290	D144	02F4	F4
290	D144	0268	F4
290	D144	029C	F4
290	D144	02D0	F4
290	D144	0244	F4
290	D144	0278	F4
290	D144	02AC	F4
290	D144	02E0	F4
290	D144	0254	F4
290	D144	0288	F4
290	D144	02BC	F4
290	D144	02F0	F4
290	D144	0264	F4
291	F47C	0200	B7
291	F47C	0204	B7
291	F47C	0208	B7
291	F47C	020C	B7
291	F47C	0210	BF
291	F47C	0214	BF
291	F47C	0218	BF
291	F47C	021C	BF
291	F47C	0220	C7
291	F47C	0224	C7
291	F47C	0228	C7
291	F47C	022C	C7
291	F47C	0230	CF
291	F47C	0234	CF
291	F47C	0238	CF
291	F47C	023C	CF
291	F47C	02CC	1F
291	F47C	0240	25
291	F47C	0274	27
291	F47C	02A8	2D
291	F47C	02DC	2D
291	F47C	0250	31
291	F47C	0284	31
291	F47C	02B8	35
291	F47C	02EC	39
291	F47C	0260	40
291	D144	0294	F4
291	D144	02C8	F4
291	D144	02FC	F4
291	D144	0270	F4
291	D144	02A4	F4
291	D144	02D8	F4
291	D144	024C	F4
291	D144	0280	F4
291	D144	02B4	F4
291	D144	02E8	F4
291	D144	025C	F4
291	D144	0290	F4
291	D144	02C4	F4
291	D144	02F8	F4
291	D144	026C	F4
291	D144	02A0	F4
291	D144	02D4	F4
291	D144	0248	F4
291	D144	027C	F4
291	D144	02B0	F4
291	D144	02E4	F4
291	D144	0258	F4
291	D144	028C	F4
291	D144	02C0	F4
291	D144	02F4	F4
291	D144	0268	F4
291	D144	029C	F4
291	D144	02D0	F4
291	D144	0244	F4
291	D144	0278	F4
291	D144	02AC	F4
291	D144	02E0	F4
291	D144	0254	F4
291	D144	0288	F4
291	D144	02BC	F4
291	D144	02F0	F4
291	D144	0264	F4
291	D144	0298	F4
292	F47C	0200	B7
292	F47C	0204	B7
292	F47C	0208	B7
292	F47C	020C	B7
292	F47C	0210	BF
292	F47C	0214	BF
292	F47C	0218	BF
292	F47C	021C	BF
292	F47C	0220	C7
292	F47C	0224	C7
292	F47C	0228	C7
292	F47C	022C	C7
292	F47C	0230	CF
292	F47C	0234	CF
292	F47C	0238	CF
292	F47C	023C	CF
292	F47C	0240	1F
292	F47C	0274	25
292	F47C	02A8	27
292	F47C	02DC	2D
292	F47C	0250	2D
292	F47C	0284	31
292	F47C	02B8	31
292	F47C	02EC	35
292	F47C	0260	39
292	F47C	0294	40
292	D144	02C8	F4
292	D144	02FC	F4
292	D144	0270	F4
292	D144	02A4	F4
292	D144	02D8	F4
292	D144	024C	F4
292	D144	0280	F4
292	D144	02B4	F4
292	D144	02E8	F4
292	D144	025C	F4
292	D144	0290	F4
292	D144	02C4	F4
292	D144	02F8	F4
292	D144	026C	F4
292	D144	02A0	F4
292	D144	02D4	F4
292	D144	0248	F4
292	D144	027C	F4
292	D144	02B0	F4
292	D144	02E4	F4
292	D144	0258	F4
292	D144	028C	F4
292	D144	02C0	F4
292	D144	02F4	F4
292	D144	0268	F4
292	D144	029C	F4
292	D144	02D0	F4
292	D144	0244	F4
292	D144	0278	F4
292	D144	02AC	F4
292	D144	02E0	F4
292	D144	0254	F4
292	D144	0288	F4
292	D144	02BC	F4
292	D144	02F0	F4
292	D144	0264	F4
292	D144	0298	F4
292	D144	02CC	F4
293	F47C	0200	B7
293	F47C	0204	B7
293	F47C	0208	B7
293	F47C	020C	B7
293	F47C	0210	BF
293	F47C	0214	BF
293	F47C	0218	BF
293	F47C	021C	BF
293	F47C	0220	C7
293	F47C	0224	C7
293	F47C	0228	C7
293	F47C	022C	C7
293	F47C	0230	CF
293	F47C	0234	CF
293	F47C	0238	CF
293	F47C	023C	CF
293	F47C	0274	1F
293	F47C	02A8	25
293	F47C	02DC	27
293	F47C	0250	2D
293	F47C	0284	2D
293	F47C	02B8	31
293	F47C	02EC	31
293	F47C	0260	35
293	F47C	0294	39
293	F47C	02C8	40
293	D144	02FC	F4
293	D144	0270	F4
293	D144	02A4	F4
293	D144	02D8	F4
293	D144	024C	F4
293	D144	0280	F4
293	D144	02B4	F4
293	D144	02E8	F4
293	D144	025C	F4
293	D144	0290	F4
293	D144	02C4	F4
293	D144	02F8	F4
293	D144	026C	F4
293	D144	02A0	F4
293	D144	02D4	F4
293	D144	0248	F4
293	D144	027C	F4
293	D144	02B0	F4
293	D144	02E4	F4
293	D144	0258	F4
293	D144	028C	F4
293	D144	02C0	F4
293	D144	02F4	F4
293	D144	0268	F4
293	D144	029C	F4
293	D144	02D0	F4
293	D144	0244	F4
293	D144	0278	F4
293	D144	02AC	F4
293	D144	02E0	F4
293	D144	0254	F4
293	D144	0288	F4
293	D144	02BC	F4
293	D144	02F0	F4
293	D144	0264	F4
293	D144	0298	F4
293	D144	02CC	F4
293	D144	0240	F4
294	F47C	0200	B7
294	F47C	0204	B7
294	F47C	0208	B7
294	F47C	020C	B7
294	F47C	0210	BF
294	F47C	0214	BF
294	F47C	0218	BF
294	F47C	021C	BF
294	F47C	0220	C7
294	F47C	0224	C7
294	F47C	0228	C7
294	F47C	022C	C7
294	F47C	0230	CF
294	F47C	0234	CF
294	F47C	0238	CF
294	F47C	023C	CF
294	F47C	0268	1F
294	F47C	029C	25
294	F47C	02D0	27
294	F47C	0244	2D
294	F47C	0278	2D
294	F47C	02AC	31
294	F47C	02E0	31
294	F47C	0254	35
294	F47C	0288	39
294	F47C	02BC	40
294	D144	02F0	F4
294	D144	0264	F4
294	D144	0298	F4
294	D144	02CC	F4
294	D144	0240	F4
294	D144	0274	F4
294	D144	02A8	F4
294	D144	02DC	F4
294	D144	0250	F4
294	D144	0284	F4
294	D144	02B8	F4
294	D144	02EC	F4
294	D144	0260	F4
294	D144	0294	F4
294	D144	02C8	F4
294	D144	02FC	F4
294	D144	0270	F4
294	D144	02A4	F4
294	D144	02D8	F4
294	D144	024C	F4
294	D144	0280	F4
294	D144	02B4	F4
294	D144	02E8	F4
294	D144	025C	F4
294	D144	0290	F4
294	D144	02C4	F4
294	D144	02F8	F4
294	D144	026C	F4
294	D144	02A0	F4
294	D144	02D4	F4
294	D144	0248	F4
294	D144	027C	F4
294	D144	02B0	F4
294	D144	02E4	F4
294	D144	0258	F4
294	D144	028C	F4
294	D144	02C0	F4
294	D144	02F4	F4
295	F47C	0200	B7
295	F47C	0204	B7
295	F47C	0208	B7
295	F47C	020C	B7
295	F47C	0210	BF
295	F47C	0214	BF
295	F47C	0218	BF
295	F47C	021C	BF
295	F47C	0220	C7
295	F47C	0224	C7
295	F47C	0228	C7
295	F47C	022C	C7
295	F47C	0230	CF
295	F47C	0234	CF
295	F47C	0238	CF
295	F47C	023C	CF
295	F47C	029C	1F
295	F47C	02D0	25
295	F47C	0244	27
295	F47C	0278	2D
295	F47C	02AC	2D
295	F47C	02E0	31
295	F47C	0254	31
295	F47C	0288	35
295	F47C	02BC	39
295	F47C	02F0	40
295	D144	0264	F4
295	D144	0298	F4
295	D144	02CC	F4
295	D144	0240	F4
295	D144	0274	F4
295	D144	02A8	F4
295	D144	02DC	F4
295	D144	0250	F4
295	D144	0284	F4
295	D144	02B8	F4
295	D144	02EC	F4
295	D144	0260	F4
295	D144	0294	F4
295	D144	02C8	F4
295	D144	02FC	F4
295	D144	0270	F4
295	D144	02A4	F4
295	D144	02D8	F4
295	D144	024C	F4
295	D144	0280	F4
295	D144	02B4	F4
295	D144	02E8	F4
295	D144	025C	F4
295	D144	0290	F4
295	D144	02C4	F4
295	D144	02F8	F4
295	D144	026C	F4
295	D144	02A0	F4
295	D144	02D4	F4
295	D144	0248	F4
295	D144	027C	F4
295	D144	02B0	F4
295	D144	02E4	F4
295	D144	0258	F4
295	D144	028C	F4
295	D144	02C0	F4
295	D144	02F4	F4
295	D144	0268	F4
296	F47C	0200	B7
296	F47C	0204	B7
296	F47C	0208	B7
296	F47C	020C	B7
296	F47C	0210	BF
296	F47C	0214	BF
296	F47C	0218	BF
296	F47C	021C	BF
296	F47C	0220	C7
296	F47C	0224	C7
296	F47C	0228	C7
296	F47C	022C	C7
296	F47C	0230	CF
296	F47C	0234	CF
296	F47C	0238	CF
296	F47C	023C	CF
296	F47C	02D0	1F
296	F47C	0244	25
296	F47C	0278	27
296	F47C	02AC	2D
296	F47C	02E0	2D
296	F47C	0254	31
296	F47C	0288	31
296	F47C	02BC	35
296	F47C	02F0	39
296	F47C	0264	40
296	D144	0298	F4
296	D144	02CC	F4
296	D144	0240	F4
296	D144	0274	F4
296	D144	02A8	F4
296	D144	02DC	F4
296	D144	0250	F4
296	D144	0284	F4
296	D144	02B8	F4
296	D144	02EC	F4
296	D144	0260	F4
296	D144	0294	F4
296	D144	02C8	F4
296	D144	02FC	F4
296	D144	0270	F4
296	D144	02A4	F4
296	D144	02D8	F4
296	D144	024C	F4
296	D144	0280	F4
296	D144	02B4	F4
296	D144	02E8	F4
296	D144	025C	F4
296	D144	0290	F4
296	D144	02C4	F4
296	D144	02F8	F4
296	D144	026C	F4
296	D144	02A0	F4
296	D144	02D4	F4
296	D144	0248	F4
296	D144	027C	F4
296	D144	02B0	F4
296	D144	02E4	F4
296	D144	0258	F4
296	D144	028C	F4
296	D144	02C0	F4
296	D144	02F4	F4
296	D144	0268	F4
296	D144	029C	F4
297	F47C	0200	B7
297	F47C	0204	B7
297	F47C	0208	B7
297	F47C	020C	B7
297	F47C	0210	BF
297	F47C	0214	BF
297	F47C	0218	BF
297	F47C	021C	BF
297	F47C	0220	C7
297	F47C	0224	C7
297	F47C	0228	C7
297	F47C	022C	C7
297	F47C	0230	CF
297	F47C	0234	CF
297	F47C	0238	CF
297	F47C	023C	CF
297	F47C	0244	1F
297	F47C	0278	25
297	F47C	02AC	27
297	F47C	02E0	2D
297	F47C	0254	2D
297	F47C	0288	31
297	F47C	02BC	31
297	F47C	02F0	35
297	F47C	0264	39
297	F47C	0298	40
297	D144	02CC	F4
297	D144	0240	F4
297	D144	0274	F4
297	D144	02A8	F4
297	D144	02DC	F4
297	D144	0250	F4
297	D144	0284	F4
297	D144	02B8	F4
297	D144	02EC	F4
297	D144	0260	F4
297	D144	0294	F4
297	D144	02C8	F4
297	D144	02FC	F4
297	D144	0270	F4
297	D144	02A4	F4
297	D144	02D8	F4
297	D144	024C	F4
297	D144	0280	F4
297	D144	02B4	F4
297	D144	02E8	F4
297	D144	025C	F4
297	D144	0290	F4
297	D144	02C4	F4
297	D144	02F8	F4
297	D144	026C	F4
297	D144	02A0	F4
297	D144	02D4	F4
297	D144	0248	F4
297	D144	027C	F4
297	D144	02B0	F4
297	D144	02E4	F4
297	D144	0258	F4
297	D144	028C	F4
297	D144	02C0	F4
297	D144	02F4	F4
297	D144	0268	F4
297	D144	029C	F4
297	D144	02D0	F4
298	F47C	0200	B7
298	F47C	0204	B7
298	F47C	0208	B7
298	F47C	020C	B7
298	F47C	0210	BF
298	F47C	0214	BF
298	F47C	0218	BF
298	F47C	021C	BF
298	F47C	0220	C7
298	F47C	0224	C7
298	F47C	0228	C7
298	F47C	022C	C7
298	F47C	0230	CF
298	F47C	0234	CF
298	F47C	0238	CF
298	F47C	023C	CF
298	F47C	0278	1F
298	F47C	02AC	25
298	F47C	02E0	27
298	F47C	0254	2D
298	F47C	0288	2D
298	F47C	02BC	31
298	F47C	02F0	31
298	F47C	0264	35
298	F47C	0298	39
298	F47C	02CC	40
298	D144	0240	F4
298	D144	0274	F4
298	D144	02A8	F4
298	D144	02DC	F4
298	D144	0250	F4
298	D144	0284	F4
298	D144	02B8	F4
298	D144	02EC	F4
298	D144	0260	F4
298	D144	0294	F4
298	D144	02C8	F4
298	D144	02FC	F4
298	D144	0270	F4
298	D144	02A4	F4
298	D144	02D8	F4
298	D144	024C	F4
298	D144	0280	F4
298	D144	02B4	F4
298	D144	02E8	F4
298	D144	025C	F4
298	D144	0290	F4
298	D144	02C4	F4
298	D144	02F8	F4
298	D144	026C	F4
298	D144	02A0	F4
298	D144	02D4	F4
298	D144	0248	F4
298	D144	027C	F4
298	D144	02B0	F4
298	D144	02E4	F4
298	D144	0258	F4
298	D144	028C	F4
298	D144	02C0	F4
298	D144	02F4	F4
298	D144	0268	F4
298	D144	029C	F4
298	D144	02D0	F4
298	D144	0244	F4
299	F47C	0200	B7
299	F47C	0204	B7
299	F47C	0208	B7
299	F47C	020C	B7
299	F47C	0210	BF
299	F47C	0214	BF
299	F47C	0218	BF
299	F47C	021C	BF
299	F47C	0220	C7
299	F47C	0224	C7
299	F47C	0228	C7
299	F47C	022C	C7
299	F47C	0230	CF
299	F47C	0234	CF
299	F47C	0238	CF
299	F47C	023C	CF
299	F47C	026C	1F
299	F47C	02A0	25
299	F47C	02D4	27
299	F47C	0248	2D
299	F47C	027C	2D
299	F47C	02B0	31
299	F47C	02E4	31
299	F47C	0258	35
299	F47C	028C	39
299	F47C	02C0	40
299	D144	02F4	F4
299	D144	0268	F4
299	D144	029C	F4
299	D144	02D0	F4
299	D144	0244	F4
299	D144	0278	F4
299	D144	02AC	F4
299	D144	02E0	F4
299	D144	0254	F4
299	D144	0288	F4
299	D144	02BC	F4
299	D144	02F0	F4
299	D144	0264	F4
299	D144	0298	F4
299	D144	02CC	F4
299	D144	0240	F4
299	D144	0274	F4
299	D144	02A8	F4
299	D144	02DC	F4
299	D144	0250	F4
299	D144	0284	F4
299	D144	02B8	F4
299	D144	02EC	F4
299	D144	0260	F4
299	D144	0294	F4
299	D144	02C8	F4
299	D144	02FC	F4
299	D144	0270	F4
299	D144	02A4	F4
299	D144	02D8	F4
299	D144	024C	F4
299	D144	0280	F4
299	D144	02B4	F4
299	D144	02E8	F4
299	D144	025C	F4
299	D144	0290	F4
299	D144	02C4	F4
299	D144	02F8	F4
300	F47C	0200	B7
300	F47C	0204	B7
300	F47C	0208	B7
300	F47C	020C	B7
300	F47C	0210	BF
300	F47C	0214	BF
300	F47C	0218	BF
300	F47C	021C	BF
300	F47C	0220	C7
300	F47C	0224	C7
300	F47C	0228	C7
300	F47C	022C	C7
300	F47C	0230	CF
300	F47C	0234	CF
300	F47C	0238	CF
300	F47C	023C	CF
300	F47C	02A0	1F
300	F47C	02D4	25
300	F47C	0248	27
300	F47C	027C	2D
300	F47C	02B0	2D
300	F47C	02E4	31
300	F47C	0258	31
300	F47C	028C	35
300	F47C	02C0	39
300	F47C	02F4	40
300	D144	0268	F4
300	D144	029C	F4
300	D144	02D0	F4
300	D144	0244	F4
300	D144	0278	F4
300	D144	02AC	F4
300	D144	02E0	F4
300	D144	0254	F4
300	D144	0288	F4
300	D144	02BC	F4
300	D144	02F0	F4
300	D144	0264	F4
300	D144	0298	F4
300	D144	02CC	F4
300	D144	0240	F4
300	D144	0274	F4
300	D144	02A8	F4
300	D144	02DC	F4
300	D144	0250	F4
300	D144	0284	F4
300	D144	02B8	F4
300	D144	02EC	F4
300	D144	0260	F4
300	D144	0294	F4
300	D144	02C8	F4
300	D144	02FC	F4
300	D144	0270	F4
300	D144	02A4	F4
300	D144	02D8	F4
300	D144	024C	F4
300	D144	0280	F4
300	D144	02B4	F4
300	D144	02E8	F4
300	D144	025C	F4
300	D144	0290	F4
300	D144	02C4	F4
300	D144	02F8	F4
300	D144	026C	F4
301	F47C	0200	B7
301	F47C	0204	B7
301	F47C	0208	B7
301	F47C	020C	B7
301	F47C	0210	BF
301	F47C	0214	BF
301	F47C	0218	BF
301	F47C	021C	BF
301	F47C	0220	C7
301	F47C	0224	C7
301	F47C	0228	C7
301	F47C	022C	C7
301	F47C	0230	CF
301	F47C	0234	CF
301	F47C	0238	CF
301	F47C	023C	CF
301	F47C	02D4	1F
301	F47C	0248	25
301	F47C	027C	27
301	F47C	02B0	2D
301	F47C	02E4	2D
301	F47C	0258	31
301	F47C	028C	31
301	F47C	02C0	35
301	F47C	02F4	39
301	F47C	0268	40
301	D144	029C	F4
301	D144	02D0	F4
301	D144	0244	F4
301	D144	0278	F4
301	D144	02AC	F4
301	D144	02E0	F4
301	D144	0254	F4
301	D144	0288	F4
301	D144	02BC	F4
301	D144	02F0	F4
301	D144	0264	F4
301	D144	0298	F4
301	D144	02CC	F4
301	D144	0240	F4
301	D144	0274	F4
301	D144	02A8	F4
301	D144	02DC	F4
301	D144	0250	F4
301	D144	0284	F4
301	D144	02B8	F4
301	D144	02EC	F4
301	D144	0260	F4
301	D144	0294	F4
301	D144	02C8	F4
301	D144	02FC	F4
301	D144	0270	F4
301	D144	02A4	F4
301	D144	02D8	F4
301	D144	024C	F4
301	D144	0280	F4
301	D144	02B4	F4
301	D144	02E8	F4
301	D144	025C	F4
301	D144	0290	F4
301	D144	02C4	F4
301	D144	02F8	F4
301	D144	026C	F4
301	D144	02A0	F4
302	F47C	0200	B7
302	F47C	0204	B7
302	F47C	0208	B7
302	F47C	020C	B7
302	F47C	0210	BF
302	F47C	0214	BF
302	F47C	0218	BF
302	F47C	021C	BF
302	F47C	0220	C7
302	F47C	0224	C7
302	F47C	0228	C7
302	F47C	022C	C7
302	F47C	0230	CF
302	F47C	0234	CF
302	F47C	0238	CF
302	F47C	023C	CF
302	F47C	0248	1F
302	F47C	027C	25
302	F47C	02B0	27
302	F47C	02E4	2D
302	F47C	0258	2D
302	F47C	028C	31
302	F47C	02C0	31
302	F47C	02F4	35
302	F47C	0268	39
302	F47C	029C	40
302	D144	02D0	F4
302	D144	0244	F4
302	D144	0278	F4
302	D144	02AC	F4
302	D144	02E0	F4
302	D144	0254	F4
302	D144	0288	F4
302	D144	02BC	F4
302	D144	02F0	F4
302	D144	0264	F4
302	D144	0298	F4
302	D144	02CC	F4
302	D144	0240	F4
302	D144	0274	F4
302	D144	02A8	F4
302	D144	02DC	F4
302	D144	0250	F4
302	D144	0284	F4
302	D144	02B8	F4
302	D144	02EC	F4
302	D144	0260	F4
302	D144	0294	F4
302	D144	02C8	F4
302	D144	02FC	F4
302	D144	0270	F4
302	D144	02A4	F4
302	D144	02D8	F4
302	D144	024C	F4
302	D144	0280	F4
302	D144	02B4	F4
302	D144	02E8	F4
302	D144	025C	F4
302	D144	0290	F4
302	D144	02C4	F4
302	D144	02F8	F4
302	D144	026C	F4
302	D144	02A0	F4
302	D144	02D4	F4
303	F47C	0200	B7
303	F47C	0204	B7
303	F47C	0208	B7
303	F47C	020C	B7
303	F47C	0210	BF
303	F47C	0214	BF
303	F47C	0218	BF
303	F47C	021C	BF
303	F47C	0220	C7
303	F47C	0224	C7
303	F47C	0228	C7
303	F47C	022C	C7
303	F47C	0230	CF
303	F47C	0234	CF
303	F47C	0238	CF
303	F47C	023C	CF
303	F47C	027C	1F
303	F47C	02B0	25
303	F47C	02E4	27
303	F47C	0258	2D
303	F47C	028C	2D
303	F47C	02C0	31
303	F47C	02F4	31
303	F47C	0268	35
303	F47C	029C	39
303	F47C	02D0	40
303	D144	0244	F4
303	D144	0278	F4
303	D144	02AC	F4
303	D144	02E0	F4
303	D144	0254	F4
303	D144	0288	F4
303	D144	02BC	F4
303	D144	02F0	F4
303	D144	0264	F4
303	D144	0298	F4
303	D144	02CC	F4
303	D144	0240	F4
303	D144	0274	F4
303	D144	02A8	F4
303	D144	02DC	F4
303	D144	0250	F4
303	D144	0284	F4
303	D144	02B8	F4
303	D144	02EC	F4
303	D144	0260	F4
303	D144	0294	F4
303	D144	02C8	F4
303	D144	02FC	F4
303	D144	0270	F4
303	D144	02A4	F4
303	D144	02D8	F4
303	D144	024C	F4
303	D144	0280	F4
303	D144	02B4	F4
303	D144	02E8	F4
303	D144	025C	F4
303	D144	0290	F4
303	D144	02C4	F4
303	D144	02F8	F4
303	D144	026C	F4
303	D144	02A0	F4
303	D144	02D4	F4
303	D144	0248	F4
304	F47C	0200	B7
304	F47C	0204	B7
304	F47C	0208	B7
304	F47C	020C	B7
304	F47C	0210	BF
304	F47C	0214	BF
304	F47C	0218	BF
304	F47C	021C	BF
304	F47C	0220	C7
304	F47C	0224	C7
304	F47C	0228	C7
304	F47C	022C	C7
304	F47C	0230	CF
304	F47C	0234	CF
304	F47C	0238	CF
304	F47C	023C	CF
304	F47C	0270	1F
304	F47C	02A4	25
304	F47C	02D8	27
304	F47C	024C	2D
304	F47C	0280	2D
304	F47C	02B4	31
304	F47C	02E8	31
304	F47C	025C	35
304	F47C	0290	39
304	F47C	02C4	40
304	D144	02F8	F4
304	D144	026C	F4
304	D144	02A0	F4
304	D144	02D4	F4
304	D144	0248	F4
304	D144	027C	F4
304	D144	02B0	F4
304	D144	02E4	F4
304	D144	0258	F4
304	D144	028C	F4
304	D144	02C0	F4
304	D144	02F4	F4
304	D144	0268	F4
304	D144	029C	F4
304	D144	02D0	F4
304	D144	0244	F4
304	D144	0278	F4
304	D144	02AC	F4
304	D144	02E0	F4
304	D144	0254	F4
304	D144	0288	F4
304	D144	02BC	F4
304	D144	02F0	F4
304	D144	0264	F4
304	D144	0298	F4
304	D144	02CC	F4
304	D144	0240	F4
304	D144	0274	F4
304	D144	02A8	F4
304	D144	02DC	F4
304	D144	0250	F4
304	D144	0284	F4
304	D144	02B8	F4
304	D144	02EC	F4
304	D144	0260	F4
304	D144	0294	F4
304	D144	02C8	F4
304	D144	02FC	F4
305	F47C	0200	B7
305	F47C	0204	B7
305	F47C	0208	B7
305	F47C	020C	B7
305	F47C	0210	BF
305	F47C	0214	BF
305	F47C	0218	BF
305	F47C	021C	BF
305	F47C	0220	C7
305	F47C	0224	C7
305	F47C	0228	C7
305	F47C	022C	C7
305	F47C	0230	CF
305	F47C	0234	CF
305	F47C	0238	CF
305	F47C	023C	CF
305	F47C	02A4	1F
305	F47C	02D8	25
305	F47C	024C	27
305	F47C	0280	2D
305	F47C	02B4	2D
305	F47C	02E8	31
305	F47C	025C	31
305	F47C	0290	35
305	F47C	02C4	39
305	F47C	02F8	40
305	D144	026C	F4
305	D144	02A0	F4
305	D144	02D4	F4
305	D144	0248	F4
305	D144	027C	F4
305	D144	02B0	F4
305	D144	02E4	F4
305	D144	0258	F4
305	D144	028C	F4
305	D144	02C0	F4
305	D144	02F4	F4
305	D144	0268	F4
305	D144	029C	F4
305	D144	02D0	F4
305	D144	0244	F4
305	D144	0278	F4
305	D144	02AC	F4
305	D144	02E0	F4
305	D144	0254	F4
305	D144	0288	F4
305	D144	02BC	F4
305	D144	02F0	F4
305	D144	0264	F4
305	D144	0298	F4
305	D144	02CC	F4
305	D144	0240	F4
305	D144	0274	F4
305	D144	02A8	F4
305	D144	02DC	F4
305	D144	0250	F4
305	D144	0284	F4
305	D144	02B8	F4
305	D144	02EC	F4
305	D144	0260	F4
305	D144	0294	F4
305	D144	02C8	F4
305	D144	02FC	F4
305	D144	0270	F4
306	F47C	0200	B7
306	F47C	0204	B7
306	F47C	0208	B7
306	F47C	020C	B7
306	F47C	0210	BF
306	F47C	0214	BF
306	F47C	0218	BF
306	F47C	021C	BF
306	F47C	0220	C7
306	F47C	0224	C7
306	F47C	0228	C7
306	F47C	022C	C7
306	F47C	0230	CF
306	F47C	0234	CF
306	F47C	0238	CF
306	F47C	023C	CF
306	F47C	02D8	1F
306	F47C	024C	25
306	F47C	0280	27
306	F47C	02B4	2D
306	F47C	02E8	2D
306	F47C	025C	31
306	F47C	0290	31
306	F47C	02C4	35
306	F47C	02F8	39
306	F47C	026C	40
306	D144	02A0	F4
306	D144	02D4	F4
306	D144	0248	F4
306	D144	027C	F4
306	D144	02B0	F4
306	D144	02E4	F4
306	D144	0258	F4
306	D144	028C	F4
306	D144	02C0	F4
306	D144	02F4	F4
306	D144	0268	F4
306	D144	029C	F4
306	D144	02D0	F4
306	D144	0244	F4
306	D144	0278	F4
306	D144	02AC	F4
306	D144	02E0	F4
306	D144	0254	F4
306	D144	0288	F4
306	D144	02BC	F4
306	D144	02F0	F4
306	D144	0264	F4
306	D144	0298	F4
306	D144	02CC	F4
306	D144	0240	F4
306	D144	0274	F4
306	D144	02A8	F4
306	D144	02DC	F4
306	D144	0250	F4
306	D144	0284	F4
306	D144	02B8	F4
306	D144	02EC	F4
306	D144	0260	F4
306	D144	0294	F4
306	D144	02C8	F4
306	D144	02FC	F4
306	D144	0270	F4
306	D144	02A4	F4
307	F47C	0200	B7
307	F47C	0204	B7
307	F47C	0208	B7
307	F47C	020C	B7
307	F47C	0210	BF
307	F47C	0214	BF
307	F47C	0218	BF
307	F47C	021C	BF
307	F47C	0220	C7
307	F47C	0224	C7
307	F47C	0228	C7
307	F47C	022C	C7
307	F47C	0230	CF
307	F47C	0234	CF
307	F47C	0238	CF
307	F47C	023C	CF
307	F47C	024C	1F
307	F47C	0280	25
307	F47C	02B4	27
307	F47C	02E8	2D
307	F47C	025C	2D
307	F47C	0290	31
307	F47C	02C4	31
307	F47C	02F8	35
307	F47C	026C	39
307	F47C	02A0	40
307	D144	02D4	F4
307	D144	0248	F4
307	D144	027C	F4
307	D144	02B0	F4
307	D144	02E4	F4
307	D144	0258	F4
307	D144	028C	F4
307	D144	02C0	F4
307	D144	02F4	F4
307	D144	0268	F4
307	D144	029C	F4
307	D144	02D0	F4
307	D144	0244	F4
307	D144	0278	F4
307	D144	02AC	F4
307	D144	02E0	F4
307	D144	0254	F4
307	D144	0288	F4
307	D144	02BC	F4
307	D144	02F0	F4
307	D144	0264	F4
307	D144	0298	F4
307	D144	02CC	F4
307	D144	0240	F4
307	D144	0274	F4
307	D144	02A8	F4
307	D144	02DC	F4
307	D144	0250	F4
307	D144	0284	F4
307	D144	02B8	F4
307	D144	02EC	F4
307	D144	0260	F4
307	D144	0294	F4
307	D144	02C8	F4
307	D144	02FC	F4
307	D144	0270	F4
307	D144	02A4	F4
307	D144	02D8	F4
308	F47C	0200	B7
308	F47C	0204	B7
308	F47C	0208	B7
308	F47C	020C	B7
308	F47C	0210	BF
308	F47C	0214	BF
308	F47C	0218	BF
308	F47C	021C	BF
308	F47C	0220	C7
308	F47C	0224	C7
308	F47C	0228	C7
308	F47C	022C	C7
308	F47C	0230	CF
308	F47C	0234	CF
308	F47C	0238	CF
308	F47C	023C	CF
308	F47C	0240	1F
308	F47C	0274	25
308	F47C	02A8	27
308	F47C	02DC	2D
308	F47C	0250	2D
308	F47C	0284	31
308	F47C	02B8	31
308	F47C	02EC	35
308	F47C	0260	39
308	F47C	0294	40
308	D144	02C8	F4
308	D144	02FC	F4
308	D144	0270	F4
308	D144	02A4	F4
308	D144	02D8	F4
308	D144	024C	F4
308	D144	0280	F4
308	D144	02B4	F4
308	D144	02E8	F4
308	D144	025C	F4
308	D144	0290	F4
308	D144	02C4	F4
308	D144	02F8	F4
308	D144	026C	F4
308	D144	02A0	F4
308	D144	02D4	F4
308	D144	0248	F4
308	D144	027C	F4
308	D144	02B0	F4
308	D144	02E4	F4
308	D144	0258	F4
308	D144	028C	F4
308	D144	02C0	F4
308	D144	02F4	F4
308	D144	0268	F4
308	D144	029C	F4
308	D144	02D0	F4
308	D144	0244	F4
308	D144	0278	F4
308	D144	02AC	F4
308	D144	02E0	F4
308	D144	0254	F4
308	D144	0288	F4
308	D144	02BC	F4
308	D144	02F0	F4
308	D144	0264	F4
308	D144	0298	F4
308	D144	02CC	F4
309	F47C	0200	B7
309	F47C	0204	B7
309	F47C	0208	B7
309	F47C	020C	B7
309	F47C	0210	BF
309	F47C	0214	BF
309	F47C	0218	BF
309	F47C	021C	BF
309	F47C	0220	C7
309	F47C	0224	C7
309	F47C	0228	C7
309	F47C	022C	C7
309	F47C	0230	CF
309	F47C	0234	CF
309	F47C	0238	CF
309	F47C	023C	CF
309	F47C	0274	1F
309	F47C	02A8	25
309	F47C	02DC	27
309	F47C	0250	2D
309	F47C	0284	2D
309	F47C	02B8	31
309	F47C	02EC	31
309	F47C	0260	35
309	F47C	0294	39
309	F47C	02C8	40
309	D144	02FC	F4
309	D144	0270	F4
309	D144	02A4	F4
309	D144	02D8	F4
309	D144	024C	F4
309	D144	0280	F4
309	D144	02B4	F4
309	D144	02E8	F4
309	D144	025C	F4
309	D144	0290	F4
309	D144	02C4	F4
309	D144	02F8	F4
309	D144	026C	F4
309	D144	02A0	F4
309	D144	02D4	F4
309	D144	0248	F4
309	D144	027C	F4
309	D144	02B0	F4
309	D144	02E4	F4
309	D144	0258	F4
309	D144	028C	F4
309	D144	02C0	F4
309	D144	02F4	F4
309	D144	0268	F4
309	D144	029C	F4
309	D144	02D0	F4
309	D144	0244	F4
309	D144	0278	F4
309	D144	02AC	F4
309	D144	02E0	F4
309	D144	0254	F4
309	D144	0288	F4
309	D144	02BC	F4
309	D144	02F0	F4
309	D144	0264	F4
309	D144	0298	F4
309	D144	02CC	F4
309	D144	0240	F4
310	F47C	0200	B7
310	F47C	0204	B7
310	F47C	0208	B7
310	F47C	020C	B7
310	F47C	0210	BF
310	F47C	0214	BF
310	F47C	0218	BF
310	F47C	021C	BF
310	F47C	0220	C7
310	F47C	0224	C7
310	F47C	0228	C7
310	F47C	022C	C7
310	F47C	0230	CF
310	F47C	0234	CF
310	F47C	0238	CF
310	F47C	023C	CF
310	F47C	02A8	1F
310	F47C	02DC	25
310	F47C	0250	27
310	F47C	0284	2D
310	F47C	02B8	2D
310	F47C	02EC	31
310	F47C	0260	31
310	F47C	0294	35
310	F47C	02C8	39
310	F47C	02FC	40
310	D144	0270	F4
310	D144	02A4	F4
310	D144	02D8	F4
310	D144	024C	F4
310	D144	0280	F4
310	D144	02B4	F4
310	D144	02E8	F4
310	D144	025C	F4
310	D144	0290	F4
310	D144	02C4	F4
310	D144	02F8	F4
310	D144	026C	F4
310	D144	02A0	F4
310	D144	02D4	F4
310	D144	0248	F4
310	D144	027C	F4
310	D144	02B0	F4
310	D144	02E4	F4
310	D144	0258	F4
310	D144	028C	F4
310	D144	02C0	F4
310	D144	02F4	F4
310	D144	0268	F4
310	D144	029C	F4
310	D144	02D0	F4
310	D144	0244	F4
310	D144	0278	F4
310	D144	02AC	F4
310	D144	02E0	F4
310	D144	0254	F4
310	D144	0288	F4
310	D144	02BC	F4
310	D144	02F0	F4
310	D144	0264	F4
310	D144	0298	F4
310	D144	02CC	F4
310	D144	0240	F4
310	D144	0274	F4
311	F47C	0200	B7
311	F47C	0204	B7
311	F47C	0208	B7
311	F47C	020C	B7
311	F47C	0210	BF
311	F47C	0214	BF
311	F47C	0218	BF
311	F47C	021C	BF
311	F47C	0220	C7
311	F47C	0224	C7
311	F47C	0228	C7
311	F47C	022C	C7
311	F47C	0230	CF
311	F47C	0234	CF
311	F47C	0238	CF
311	F47C	023C	CF
311	F47C	02DC	1F
311	F47C	0250	25
311	F47C	0284	27
311	F47C	02B8	2D
311	F47C	02EC	2D
311	F47C	0260	31
311	F47C	0294	31
311	F47C	02C8	35
311	F47C	02FC	39
311	F47C	0270	40
311	D144	02A4	F4
311	D144	02D8	F4
311	D144	024C	F4
311	D144	0280	F4
311	D144	02B4	F4
311	D144	02E8	F4
311	D144	025C	F4
311	D144	0290	F4
311	D144	02C4	F4
311	D144	02F8	F4
311	D144	026C	F4
311	D144	02A0	F4
311	D144	02D4	F4
311	D144	0248	F4
311	D144	027C	F4
311	D144	02B0	F4
311	D144	02E4	F4
311	D144	0258	F4
311	D144	028C	F4
311	D144	02C0	F4
311	D144	02F4	F4
311	D144	0268	F4
311	D144	029C	F4
311	D144	02D0	F4
311	D144	0244	F4
311	D144	0278	F4
311	D144	02AC	F4
311	D144	02E0	F4
311	D144	0254	F4
311	D144	0288	F4
311	D144	02BC	F4
311	D144	02F0	F4
311	D144	0264	F4
311	D144	0298	F4
311	D144	02CC	F4
311	D144	0240	F4
311	D144	0274	F4
311	D144	02A8	F4
312	F47C	0200	B7
312	F47C	0204	B7
312	F47C	0208	B7
312	F47C	020C	B7
312	F47C	0210	BF
312	F47C	0214	BF
312	F47C	0218	BF
312	F47C	021C	BF
312	F47C	0220	C7
312	F47C	0224	C7
312	F47C	0228	C7
312	F47C	022C	C7
312	F47C	0230	CF
312	F47C	0234	CF
312	F47C	0238	CF
312	F47C	023C	CF
312	F47C	0250	1F
312	F47C	0284	25
312	F47C	02B8	27
312	F47C	02EC	2D
312	F47C	0260	2D
312	F47C	0294	31
312	F47C	02C8	31
312	F47C	02FC	35
312	F47C	0270	39
312	F47C	02A4	40
312	D144	02D8	F4
312	D144	024C	F4
312	D144	0280	F4
312	D144	02B4	F4
312	D144	02E8	F4
312	D144	025C	F4
312	D144	0290	F4
312	D144	02C4	F4
312	D144	02F8	F4
312	D144	026C	F4
312	D144	02A0	F4
312	D144	02D4	F4
312	D144	0248	F4
312	D144	027C	F4
312	D144	02B0	F4
312	D144	02E4	F4
312	D144	0258	F4
312	D144	028C	F4
312	D144	02C0	F4
312	D144	02F4	F4
312	D144	0268	F4
312	D144	029C	F4
312	D144	02D0	F4
312	D144	0244	F4
312	D144	0278	F4
312	D144	02AC	F4
312	D144	02E0	F4
312	D144	0254	F4
312	D144	0288	F4
312	D144	02BC	F4
312	D144	02F0	F4
312	D144	0264	F4
312	D144	0298	F4
312	D144	02CC	F4
312	D144	0240	F4
312	D144	0274	F4
312	D144	02A8	F4
312	D144	02DC	F4
313	F47C	0200	B7
313	F47C	0204	B7
313	F47C	0208	B7
313	F47C	020C	B7
313	F47C	0210	BF
313	F47C	0214	BF
313	F47C	0218	BF
313	F47C	021C	BF
313	F47C	0220	C7
313	F47C	0224	C7
313	F47C	0228	C7
313	F47C	022C	C7
313	F47C	0230	CF
313	F47C	0234	CF
313	F47C	0238	CF
313	F47C	023C	CF
313	F47C	0244	1F
313	F47C	0278	25
313	F47C	02AC	27
313	F47C	02E0	2D
313	F47C	0254	2D
313	F47C	0288	31
313	F47C	02BC	31
313	F47C	02F0	35
313	F47C	0264	39
313	F47C	0298	40
313	D144	02CC	F4
313	D144	0240	F4
313	D144	0274	F4
313	D144	02A8	F4
313	D144	02DC	F4
313	D144	0250	F4
313	D144	0284	F4
313	D144	02B8	F4
313	D144	02EC	F4
313	D144	0260	F4
313	D144	0294	F4
313	D144	02C8	F4
313	D144	02FC	F4
313	D144	0270	F4
313	D144	02A4	F4
313	D144	02D8	F4
313	D144	024C	F4
313	D144	0280	F4
313	D144	02B4	F4
313	D144	02E8	F4
313	D144	025C	F4
313	D144	0290	F4
313	D144	02C4	F4
313	D144	02F8	F4
313	D144	026C	F4
313	D144	02A0	F4
313	D144	02D4	F4
313	D144	0248	F4
313	D144	027C	F4
313	D144	02B0	F4
313	D144	02E4	F4
313	D144	0258	F4
313	D144	028C	F4
313	D144	02C0	F4
313	D144	02F4	F4
313	D144	0268	F4
313	D144	029C	F4
313	D144	02D0	F4
314	F47C	0200	B7
314	F47C	0204	B7
314	F47C	0208	B7
314	F47C	020C	B7
314	F47C	0210	BF
314	F47C	0214	BF
314	F47C	0218	BF
314	F47C	021C	BF
314	F47C	0220	C7
314	F47C	0224	C7
314	F47C	0228	C7
314	F47C	022C	C7
314	F47C	0230	CF
314	F47C	0234	CF
314	F47C	0238	CF
314	F47C	023C	CF
314	F47C	0278	1F
314	F47C	02AC	25
314	F47C	02E0	27
314	F47C	0254	2D
314	F47C	0288	2D
314	F47C	02BC	31
314	F47C	02F0	31
314	F47C	0264	35
314	F47C	0298	39
314	F47C	02CC	40
314	D144	0240	F4
314	D144	0274	F4
314	D144	02A8	F4
314	D144	02DC	F4
314	D144	0250	F4
314	D144	0284	F4
314	D144	02B8	F4
314	D144	02EC	F4
314	D144	0260	F4
314	D144	0294	F4
314	D144	02C8	F4
314	D144	02FC	F4
314	D144	0270	F4
314	D144	02A4	F4
314	D144	02D8	F4
314	D144	024C	F4
314	D144	0280	F4
314	D144	02B4	F4
314	D144	02E8	F4
314	D144	025C	F4
314	D144	0290	F4
314	D144	02C4	F4
314	D144	02F8	F4
314	D144	026C	F4
314	D144	02A0	F4
314	D144	02D4	F4
314	D144	0248	F4
314	D144	027C	F4
314	D144	02B0	F4
314	D144	02E4	F4
314	D144	0258	F4
314	D144	028C	F4
314	D144	02C0	F4
314	D144	02F4	F4
314	D144	0268	F4
314	D144	029C	F4
314	D144	02D0	F4
314	D144	0244	F4
315	F47C	0200	B7
315	F47C	0204	B7
315	F47C	0208	B7
315	F47C	020C	B7
315	F47C	0210	BF
315	F47C	0214	BF
315	F47C	0218	BF
315	F47C	021C	BF
315	F47C	0220	C7
315	F47C	0224	C7
315	F47C	0228	C7
315	F47C	022C	C7
315	F47C	0230	CF
315	F47C	0234	CF
315	F47C	0238	CF
315	F47C	023C	CF
315	F47C	02AC	1F
315	F47C	02E0	25
315	F47C	0254	27
315	F47C	0288	2D
315	F47C	02BC	2D
315	F47C	02F0	31
315	F47C	0264	31
315	F47C	0298	35
315	F47C	02CC	39
315	F47C	0240	40
315	D144	0274	F4
315	D144	02A8	F4
315	D144	02DC	F4
315	D144	0250	F4
315	D144	0284	F4
315	D144	02B8	F4
315	D144	02EC	F4
315	D144	0260	F4
315	D144	0294	F4
315	D144	02C8	F4
315	D144	02FC	F4
315	D144	0270	F4
315	D144	02A4	F4
315	D144	02D8	F4
315	D144	024C	F4
315	D144	0280	F4
315	D144	02B4	F4
315	D144	02E8	F4
315	D144	025C	F4
315	D144	0290	F4
315	D144	02C4	F4
315	D144	02F8	F4
315	D144	026C	F4
315	D144	02A0	F4
315	D144	02D4	F4
315	D144	0248	F4
315	D144	027C	F4
315	D144	02B0	F4
315	D144	02E4	F4
315	D144	0258	F4
315	D144	028C	F4
315	D144	02C0	F4
315	D144	02F4	F4
315	D144	0268	F4
315	D144	029C	F4
315	D144	02D0	F4
315	D144	0244	F4
315	D144	0278	F4
316	F47C	0200	B7
316	F47C	0204	B7
316	F47C	0208	B7
316	F47C	020C	B7
316	F47C	0210	BF
316	F47C	0214	BF
316	F47C	0218	BF
316	F47C	021C	BF
316	F47C	0220	C7
316	F47C	0224	C7
316	F47C	0228	C7
316	F47C	022C	C7
316	F47C	0230	CF
316	F47C	0234	CF
316	F47C	0238	CF
316	F47C	023C	CF
316	F47C	02E0	1F
316	F47C	0254	25
316	F47C	0288	27
316	F47C	02BC	2D
316	F47C	02F0	2D
316	F47C	0264	31
316	F47C	0298	31
316	F47C	02CC	35
316	F47C	0240	39
316	F47C	0274	40
316	D144	02A8	F4
316	D144	02DC	F4
316	D144	0250	F4
316	D144	0284	F4
316	D144	02B8	F4
316	D144	02EC	F4
316	D144	0260	F4
316	D144	0294	F4
316	D144	02C8	F4
316	D144	02FC	F4
316	D144	0270	F4
316	D144	02A4	F4
316	D144	02D8	F4
316	D144	024C	F4
316	D144	0280	F4
316	D144	02B4	F4
316	D144	02E8	F4
316	D144	025C	F4
316	D144	0290	F4
316	D144	02C4	F4
316	D144	02F8	F4
316	D144	026C	F4
316	D144	02A0	F4
316	D144	02D4	F4
316	D144	0248	F4
316	D144	027C	F4
316	D144	02B0	F4
316	D144	02E4	F4
316	D144	0258	F4
316	D144	028C	F4
316	D144	02C0	F4
316	D144	02F4	F4
316	D144	0268	F4
316	D144	029C	F4
316	D144	02D0	F4
316	D144	0244	F4
316	D144	0278	F4
316	D144	02AC	F4
317	F47C	0200	B7
317	F47C	0204	B7
317	F47C	0208	B7
317	F47C	020C	B7
317	F47C	0210	BF
317	F47C	0214	BF
317	F47C	0218	BF
317	F47C	021C	BF
317	F47C	0220	C7
317	F47C	0224	C7
317	F47C	0228	C7
317	F47C	022C	C7
317	F47C	0230	CF
317	F47C	0234	CF
317	F47C	0238	CF
317	F47C	023C	CF
317	F47C	0254	1F
317	F47C	0288	25
317	F47C	02BC	27
317	F47C	02F0	2D
317	F47C	0264	2D
317	F47C	0298	31
317	F47C	02CC	31
317	F47C	0240	35
317	F47C	0274	39
317	F47C	02A8	40
317	D144	02DC	F4
317	D144	0250	F4
317	D144	0284	F4
317	D144	02B8	F4
317	D144	02EC	F4
317	D144	0260	F4
317	D144	0294	F4
317	D144	02C8	F4
317	D144	02FC	F4
317	D144	0270	F4
317	D144	02A4	F4
317	D144	02D8	F4
317	D144	024C	F4
317	D144	0280	F4
317	D144	02B4	F4
317	D144	02E8	F4
317	D144	025C	F4
317	D144	0290	F4
317	D144	02C4	F4
317	D144	02F8	F4
317	D144	026C	F4
317	D144	02A0	F4
317	D144	02D4	F4
317	D144	0248	F4
317	D144	027C	F4
317	D144	02B0	F4
317	D144	02E4	F4
317	D144	0258	F4
317	D144	028C	F4
317	D144	02C0	F4
317	D144	02F4	F4
317	D144	0268	F4
317	D144	029C	F4
317	D144	02D0	F4
317	D144	0244	F4
317	D144	0278	F4
317	D144	02AC	F4
317	D144	02E0	F4
318	F47C	0200	B7
318	F47C	0204	B7
318	F47C	0208	B7
318	F47C	020C	B7
318	F47C	0210	BF
318	F47C	0214	BF
318	F47C	0218	BF
318	F47C	021C	BF
318	F47C	0220	C7
318	F47C	0224	C7
318	F47C	0228	C7
318	F47C	022C	C7
318	F47C	0230	CF
318	F47C	0234	CF
318	F47C	0238	CF
318	F47C	023C	CF
318	F47C	0248	1F
318	F47C	027C	25
318	F47C	02B0	27
318	F47C	02E4	2D
318	F47C	0258	2D
318	F47C	028C	31
318	F47C	02C0	31
318	F47C	02F4	35
318	F47C	0268	39
318	F47C	029C	40
318	D144	02D0	F4
318	D144	0244	F4
318	D144	0278	F4
318	D144	02AC	F4
318	D144	02E0	F4
318	D144	0254	F4
318	D144	0288	F4
318	D144	02BC	F4
318	D144	02F0	F4
318	D144	0264	F4
318	D144	0298	F4
318	D144	02CC	F4
318	D144	0240	F4
318	D144	0274	F4
318	D144	02A8	F4
318	D144	02DC	F4
318	D144	0250	F4
318	D144	0284	F4
318	D144	02B8	F4
318	D144	02EC	F4
318	D144	0260	F4
318	D144	0294	F4
318	D144	02C8	F4
318	D144	02FC	F4
318	D144	0270	F4
318	D144	02A4	F4
318	D144	02D8	F4
318	D144	024C	F4
318	D144	0280	F4
318	D144	02B4	F4
318	D144	02E8	F4
318	D144	025C	F4
318	D144	0290	F4
318	D144	02C4	F4
318	D144	02F8	F4
318	D144	026C	F4
318	D144	02A0	F4
318	D144	02D4	F4
319	F47C	0200	B7
319	F47C	0204	B7
319	F47C	0208	B7
319	F47C	020C	B7
319	F47C	0210	BF
319	F47C	0214	BF
319	F47C	0218	BF
319	F47C	021C	BF
319	F47C	0220	C7
319	F47C	0224	C7
319	F47C	0228	C7
319	F47C	022C	C7
319	F47C	0230	CF
319	F47C	0234	CF
319	F47C	0238	CF
319	F47C	023C	CF
319	F47C	027C	1F
319	F47C	02B0	25
319	F47C	02E4	27
319	F47C	0258	2D
319	F47C	028C	2D
319	F47C	02C0	31
319	F47C	02F4	31
319	F47C	0268	35
319	F47C	029C	39
319	F47C	02D0	40
319	D144	0244	F4
319	D144	0278	F4
319	D144	02AC	F4
319	D144	02E0	F4
319	D144	0254	F4
319	D144	0288	F4
319	D144	02BC	F4
319	D144	02F0	F4
319	D144	0264	F4
319	D144	0298	F4
319	D144	02CC	F4
319	D144	0240	F4
319	D144	0274	F4
319	D144	02A8	F4
319	D144	02DC	F4
319	D144	0250	F4
319	D144	0284	F4
319	D144	02B8	F4
319	D144	02EC	F4
319	D144	0260	F4
319	D144	0294	F4
319	D144	02C8	F4
319	D144	02FC	F4
319	D144	0270	F4
319	D144	02A4	F4
319	D144	02D8	F4
319	D144	024C	F4
319	D144	0280	F4
319	D144	02B4	F4
319	D144	02E8	F4
319	D144	025C	F4
319	D144	0290	F4
319	D144	02C4	F4
319	D144	02F8	F4
319	D144	026C	F4
319	D144	02A0	F4
319	D144	02D4	F4
319	D144	0248	F4
320	F47C	0200	B7
320	F47C	0204	B7
320	F47C	0208	B7
320	F47C	020C	B7
320	F47C	0210	BF
320	F47C	0214	BF
320	F47C	0218	BF
320	F47C	021C	BF
320	F47C	0220	C7
320	F47C	0224	C7
320	F47C	0228	C7
320	F47C	022C	C7
320	F47C	0230	CF
320	F47C	0234	CF
320	F47C	0238	CF
320	F47C	023C	CF
320	F47C	02B0	1F
320	F47C	02E4	25
320	F47C	0258	27
320	F47C	028C	2D
320	F47C	02C0	2D
320	F47C	02F4	31
320	F47C	0268	31
320	F47C	029C	35
320	F47C	02D0	39
320	F47C	0244	40
320	D144	0278	F4
320	D144	02AC	F4
320	D144	02E0	F4
320	D144	0254	F4
320	D144	0288	F4
320	D144	02BC	F4
320	D144	02F0	F4
320	D144	0264	F4
320	D144	0298	F4
320	D144	02CC	F4
320	D144	0240	F4
320	D144	0274	F4
320	D144	02A8	F4
320	D144	02DC	F4
320	D144	0250	F4
320	D144	0284	F4
320	D144	02B8	F4
320	D144	02EC	F4
320	D144	0260	F4
320	D144	0294	F4
320	D144	02C8	F4
320	D144	02FC	F4
320	D144	0270	F4
320	D144	02A4	F4
320	D144	02D8	F4
320	D144	024C	F4
320	D144	0280	F4
320	D144	02B4	F4
320	D144	02E8	F4
320	D144	025C	F4
320	D144	0290	F4
320	D144	02C4	F4
320	D144	02F8	F4
320	D144	026C	F4
320	D144	02A0	F4
320	D144	02D4	F4
320	D144	0248	F4
320	D144	027C	F4
321	F47C	0200	B7
321	F47C	0204	B7
321	F47C	0208	B7
321	F47C	020C	B7
321	F47C	0210	BF
321	F47C	0214	BF
321	F47C	0218	BF
321	F47C	021C	BF
321	F47C	0220	C7
321	F47C	0224	C7
321	F47C	0228	C7
321	F47C	022C	C7
321	F47C	0230	CF
321	F47C	0234	CF
321	F47C	0238	CF
321	F47C	023C	CF
321	F47C	02E4	1F
321	F47C	0258	25
321	F47C	028C	27
321	F47C	02C0	2D
321	F47C	02F4	2D
321	F47C	0268	31
321	F47C	029C	31
321	F47C	02D0	35
321	F47C	0244	39
321	F47C	0278	40
321	D144	02AC	F4
321	D144	02E0	F4
321	D144	0254	F4
321	D144	0288	F4
321	D144	02BC	F4
321	D144	02F0	F4
321	D144	0264	F4
321	D144	0298	F4
321	D144	02CC	F4
321	D144	0240	F4
321	D144	0274	F4
321	D144	02A8	F4
321	D144	02DC	F4
321	D144	0250	F4
321	D144	0284	F4
321	D144	02B8	F4
321	D144	02EC	F4
321	D144	0260	F4
321	D144	0294	F4
321	D144	02C8	F4
321	D144	02FC	F4
321	D144	0270	F4
321	D144	02A4	F4
321	D144	02D8	F4
321	D144	024C	F4
321	D144	0280	F4
321	D144	02B4	F4
321	D144	02E8	F4
321	D144	025C	F4
321	D144	0290	F4
321	D144	02C4	F4
321	D144	02F8	F4
321	D144	026C	F4
321	D144	02A0	F4
321	D144	02D4	F4
321	D144	0248	F4
321	D144	027C	F4
321	D144	02B0	F4
322	F47C	0200	B7
322	F47C	0204	B7
322	F47C	0208	B7
322	F47C	020C	B7
322	F47C	0210	BF
322	F47C	0214	BF
322	F47C	0218	BF
322	F47C	021C	BF
322	F47C	0220	C7
322	F47C	0224	C7
322	F47C	0228	C7
322	F47C	022C	C7
322	F47C	0230	CF
322	F47C	0234	CF
322	F47C	0238	CF
322	F47C	023C	CF
322	F47C	0258	1F
322	F47C	028C	25
322	F47C	02C0	27
322	F47C	02F4	2D
322	F47C	0268	2D
322	F47C	029C	31
322	F47C	02D0	31
322	F47C	0244	35
322	F47C	0278	39
322	F47C	02AC	40
322	D144	02E0	F4
322	D144	0254	F4
322	D144	0288	F4
322	D144	02BC	F4
322	D144	02F0	F4
322	D144	0264	F4
322	D144	0298	F4
322	D144	02CC	F4
322	D144	0240	F4
322	D144	0274	F4
322	D144	02A8	F4
322	D144	02DC	F4
322	D144	0250	F4
322	D144	0284	F4
322	D144	02B8	F4
322	D144	02EC	F4
322	D144	0260	F4
322	D144	0294	F4
322	D144	02C8	F4
322	D144	02FC	F4
322	D144	0270	F4
322	D144	02A4	F4
322	D144	02D8	F4
322	D144	024C	F4
322	D144	0280	F4
322	D144	02B4	F4
322	D144	02E8	F4
322	D144	025C	F4
322	D144	0290	F4
322	D144	02C4	F4
322	D144	02F8	F4
322	D144	026C	F4
322	D144	02A0	F4
322	D144	02D4	F4
322	D144	0248	F4
322	D144	027C	F4
322	D144	02B0	F4
322	D144	02E4	F4
323	F47C	0200	B7
323	F47C	0204	B7
323	F47C	0208	B7
323	F47C	020C	B7
323	F47C	0210	BF
323	F47C	0214	BF
323	F47C	0218	BF
323	F47C	021C	BF
323	F47C	0220	C7
323	F47C	0224	C7
323	F47C	0228	C7
323	F47C	022C	C7
323	F47C	0230	CF
323	F47C	0234	CF
323	F47C	0238	CF
323	F47C	023C	CF
323	F47C	024C	1F
323	F47C	0280	25
323	F47C	02B4	27
323	F47C	02E8	2D
323	F47C	025C	2D
323	F47C	0290	31
323	F47C	02C4	31
323	F47C	02F8	35
323	F47C	026C	39
323	F47C	02A0	40
323	D144	02D4	F4
323	D144	0248	F4
323	D144	027C	F4
323	D144	02B0	F4
323	D144	02E4	F4
323	D144	0258	F4
323	D144	028C	F4
323	D144	02C0	F4
323	D144	02F4	F4
323	D144	0268	F4
323	D144	029C	F4
323	D144	02D0	F4
323	D144	0244	F4
323	D144	0278	F4
323	D144	02AC	F4
323	D144	02E0	F4
323	D144	0254	F4
323	D144	0288	F4
323	D144	02BC	F4
323	D144	02F0	F4
323	D144	0264	F4
323	D144	0298	F4
323	D144	02CC	F4
323	D144	0240	F4
323	D144	0274	F4
323	D144	02A8	F4
323	D144	02DC	F4
323	D144	0250	F4
323	D144	0284	F4
323	D144	02B8	F4
323	D144	02EC	F4
323	D144	0260	F4
323	D144	0294	F4
323	D144	02C8	F4
323	D144	02FC	F4
323	D144	0270	F4
323	D144	02A4	F4
323	D144	02D8	F4
324	F47C	0200	B7
324	F47C	0204	B7
324	F47C	0208	B7
324	F47C	020C	B7
324	F47C	0210	BF
324	F47C	0214	BF
324	F47C	0218	BF
324	F47C	021C	BF
324	F47C	0220	C7
324	F47C	0224	C7
324	F47C	0228	C7
324	F47C	022C	C7
324	F47C	0230	CF
324	F47C	0234	CF
324	F47C	0238	CF
324	F47C	023C	CF
324	F47C	0280	1F
324	F47C	02B4	25
324	F47C	02E8	27
324	F47C	025C	2D
324	F47C	0290	2D
324	F47C	02C4	31
324	F47C	02F8	31
324	F47C	026C	35
324	F47C	02A0	39
324	F47C	02D4	40
324	D144	0248	F4
324	D144	027C	F4
324	D144	02B0	F4
324	D144	02E4	F4
324	D144	0258	F4
324	D144	028C	F4
324	D144	02C0	F4
324	D144	02F4	F4
324	D144	0268	F4
324	D144	029C	F4
324	D144	02D0	F4
324	D144	0244	F4
324	D144	0278	F4
324	D144	02AC	F4
324	D144	02E0	F4
324	D144	0254	F4
324	D144	0288	F4
324	D144	02BC	F4
324	D144	02F0	F4
324	D144	0264	F4
324	D144	0298	F4
324	D144	02CC	F4
324	D144	0240	F4
324	D144	0274	F4
324	D144	02A8	F4
324	D144	02DC	F4
324	D144	0250	F4
324	D144	0284	F4
324	D144	02B8	F4
324	D144	02EC	F4
324	D144	0260	F4
324	D144	0294	F4
324	D144	02C8	F4
324	D144	02FC	F4
324	D144	0270	F4
324	D144	02A4	F4
324	D144	02D8	F4
324	D144	024C	F4
325	F47C	0200	B7
325	F47C	0204	B7
325	F47C	0208	B7
325	F47C	020C	B7
325	F47C	0210	BF
325	F47C	0214	BF
325	F47C	0218	BF
325	F47C	021C	BF
325	F47C	0220	C7
325	F47C	0224	C7
325	F47C	0228	C7
325	F47C	022C	C7
325	F47C	0230	CF
325	F47C	0234	CF
325	F47C	0238	CF
325	F47C	023C	CF
325	F47C	02B4	1F
325	F47C	02E8	25
325	F47C	025C	27
325	F47C	0290	2D
325	F47C	02C4	2D
325	F47C	02F8	31
325	F47C	026C	31
325	F47C	02A0	35
325	F47C	02D4	39
325	F47C	0248	40
325	D144	027C	F4
325	D144	02B0	F4
325	D144	02E4	F4
325	D144	0258	F4
325	D144	028C	F4
325	D144	02C0	F4
325	D144	02F4	F4
325	D144	0268	F4
325	D144	029C	F4
325	D144	02D0	F4
325	D144	0244	F4
325	D144	0278	F4
325	D144	02AC	F4
325	D144	02E0	F4
325	D144	0254	F4
325	D144	0288	F4
325	D144	02BC	F4
325	D144	02F0	F4
325	D144	0264	F4
325	D144	0298	F4
325	D144	02CC	F4
325	D144	0240	F4
325	D144	0274	F4
325	D144	02A8	F4
325	D144	02DC	F4
325	D144	0250	F4
325	D144	0284	F4
325	D144	02B8	F4
325	D144	02EC	F4
325	D144	0260	F4
325	D144	0294	F4
325	D144	02C8	F4
325	D144	02FC	F4
325	D144	0270	F4
325	D144	02A4	F4
325	D144	02D8	F4
325	D144	024C	F4
325	D144	0280	F4
326	F47C	0200	B7
326	F47C	0204	B7
326	F47C	0208	B7
326	F47C	020C	B7
326	F47C	0210	BF
326	F47C	0214	BF
326	F47C	0218	BF
326	F47C	021C	BF
326	F47C	0220	C7
326	F47C	0224	C7
326	F47C	0228	C7
326	F47C	022C	C7
326	F47C	0230	CF
326	F47C	0234	CF
326	F47C	0238	CF
326	F47C	023C	CF
326	F47C	02E8	1F
326	F47C	025C	25
326	F47C	0290	27
326	F47C	02C4	2D
326	F47C	02F8	2D
326	F47C	026C	31
326	F47C	02A0	31
326	F47C	02D4	35
326	F47C	0248	39
326	F47C	027C	40
326	D144	02B0	F4
326	D144	02E4	F4
326	D144	0258	F4
326	D144	028C	F4
326	D144	02C0	F4
326	D144	02F4	F4
326	D144	0268	F4
326	D144	029C	F4
326	D144	02D0	F4
326	D144	0244	F4
326	D144	0278	F4
326	D144	02AC	F4
326	D144	02E0	F4
326	D144	0254	F4
326	D144	0288	F4
326	D144	02BC	F4
326	D144	02F0	F4
326	D144	0264	F4
326	D144	0298	F4
326	D144	02CC	F4
326	D144	0240	F4
326	D144	0274	F4
326	D144	02A8	F4
326	D144	02DC	F4
326	D144	0250	F4
326	D144	0284	F4
326	D144	02B8	F4
326	D144	02EC	F4
326	D144	0260	F4
326	D144	0294	F4
326	D144	02C8	F4
326	D144	02FC	F4
326	D144	0270	F4
326	D144	02A4	F4
326	D144	02D8	F4
326	D144	024C	F4
326	D144	0280	F4
326	D144	02B4	F4
327	F47C	0200	B7
327	F47C	0204	B7
327	F47C	0208	B7
327	F47C	020C	B7
327	F47C	0210	BF
327	F47C	0214	BF
327	F47C	0218	BF
327	F47C	021C	BF
327	F47C	0220	C7
327	F47C	0224	C7
327	F47C	0228	C7
327	F47C	022C	C7
327	F47C	0230	CF
327	F47C	0234	CF
327	F47C	0238	CF
327	F47C	023C	CF
327	F47C	025C	1F
327	F47C	0290	25
327	F47C	02C4	27
327	F47C	02F8	2D
327	F47C	026C	2D
327	F47C	02A0	31
327	F47C	02D4	31
327	F47C	0248	35
327	F47C	027C	39
327	F47C	02B0	40
327	D144	02E4	F4
327	D144	0258	F4
327	D144	028C	F4
327	D144	02C0	F4
327	D144	02F4	F4
327	D144	0268	F4
327	D144	029C	F4
327	D144	02D0	F4
327	D144	0244	F4
327	D144	0278	F4
327	D144	02AC	F4
327	D144	02E0	F4
327	D144	0254	F4
327	D144	0288	F4
327	D144	02BC	F4
327	D144	02F0	F4
327	D144	0264	F4
327	D144	0298	F4
327	D144	02CC	F4
327	D144	0240	F4
327	D144	0274	F4
327	D144	02A8	F4
327	D144	02DC	F4
327	D144	0250	F4
327	D144	0284	F4
327	D144	02B8	F4
327	D144	02EC	F4
327	D144	0260	F4
327	D144	0294	F4
327	D144	02C8	F4
327	D144	02FC	F4
327	D144	0270	F4
327	D144	02A4	F4
327	D144	02D8	F4
327	D144	024C	F4
327	D144	0280	F4
327	D144	02B4	F4
327	D144	02E8	F4
328	F47C	0200	B7
328	F47C	0204	B7
328	F47C	0208	B7
328	F47C	020C	B7
328	F47C	0210	BF
328	F47C	0214	BF
328	F47C	0218	BF
328	F47C	021C	BF
328	F47C	0220	C7
328	F47C	0224	C7
328	F47C	0228	C7
328	F47C	022C	C7
328	F47C	0230	CF
328	F47C	0234	CF
328	F47C	0238	CF
328	F47C	023C	CF
328	F47C	0250	1F
328	F47C	0284	25
328	F47C	02B8	27
328	F47C	02EC	2D
328	F47C	0260	2D
328	F47C	0294	31
328	F47C	02C8	31
328	F47C	02FC	35
328	F47C	0270	39
328	F47C	02A4	40
328	D144	02D8	F4
328	D144	024C	F4
328	D144	0280	F4
328	D144	02B4	F4
328	D144	02E8	F4
328	D144	025C	F4
328	D144	0290	F4
328	D144	02C4	F4
328	D144	02F8	F4
328	D144	026C	F4
328	D144	02A0	F4
328	D144	02D4	F4
328	D144	0248	F4
328	D144	027C	F4
328	D144	02B0	F4
328	D144	02E4	F4
328	D144	0258	F4
328	D144	028C	F4
328	D144	02C0	F4
328	D144	02F4	F4
328	D144	0268	F4
328	D144	029C	F4
328	D144	02D0	F4
328	D144	0244	F4
328	D144	0278	F4
328	D144	02AC	F4
328	D144	02E0	F4
328	D144	0254	F4
328	D144	0288	F4
328	D144	02BC	F4
328	D144	02F0	F4
328	D144	0264	F4
328	D144	0298	F4
328	D144	02CC	F4
328	D144	0240	F4
328	D144	0274	F4
328	D144	02A8	F4
328	D144	02DC	F4
329	F47C	0200	B7
329	F47C	0204	B7
329	F47C	0208	B7
329	F47C	020C	B7
329	F47C	0210	BF
329	F47C	0214	BF
329	F47C	0218	BF
329	F47C	021C	BF
329	F47C	0220	C7
329	F47C	0224	C7
329	F47C	0228	C7
329	F47C	022C	C7
329	F47C	0230	CF
329	F47C	0234	CF
329	F47C	0238	CF
329	F47C	023C	CF
329	F47C	0284	1F
329	F47C	02B8	25
329	F47C	02EC	27
329	F47C	0260	2D
329	F47C	0294	2D
329	F47C	02C8	31
329	F47C	02FC	31
329	F47C	0270	35
329	F47C	02A4	39
329	F47C	02D8	40
329	D144	024C	F4
329	D144	0280	F4
329	D144	02B4	F4
329	D144	02E8	F4
329	D144	025C	F4
329	D144	0290	F4
329	D144	02C4	F4
329	D144	02F8	F4
329	D144	026C	F4
329	D144	02A0	F4
329	D144	02D4	F4
329	D144	0248	F4
329	D144	027C	F4
329	D144	02B0	F4
329	D144	02E4	F4
329	D144	0258	F4
329	D144	028C	F4
329	D144	02C0	F4
329	D144	02F4	F4
329	D144	0268	F4
329	D144	029C	F4
329	D144	02D0	F4
329	D144	0244	F4
329	D144	0278	F4
329	D144	02AC	F4
329	D144	02E0	F4
329	D144	0254	F4
329	D144	0288	F4
329	D144	02BC	F4
329	D144	02F0	F4
329	D144	0264	F4
329	D144	0298	F4
329	D144	02CC	F4
329	D144	0240	F4
329	D144	0274	F4
329	D144	02A8	F4
329	D144	02DC	F4
329	D144	0250	F4
330	F47C	0200	B7
330	F47C	0204	B7
330	F47C	0208	B7
330	F47C	020C	B7
330	F47C	0210	BF
330	F47C	0214	BF
330	F47C	0218	BF
330	F47C	021C	BF
330	F47C	0220	C7
330	F47C	0224	C7
330	F47C	0228	C7
330	F47C	022C	C7
330	F47C	0230	CF
330	F47C	0234	CF
330	F47C	0238	CF
330	F47C	023C	CF
330	F47C	02B8	1F
330	F47C	02EC	25
330	F47C	0260	27
330	F47C	0294	2D
330	F47C	02C8	2D
330	F47C	02FC	31
330	F47C	0270	31
330	F47C	02A4	35
330	F47C	02D8	39
330	F47C	024C	40
330	D144	0280	F4
330	D144	02B4	F4
330	D144	02E8	F4
330	D144	025C	F4
330	D144	0290	F4
330	D144	02C4	F4
330	D144	02F8	F4
330	D144	026C	F4
330	D144	02A0	F4
330	D144	02D4	F4
330	D144	0248	F4
330	D144	027C	F4
330	D144	02B0	F4
330	D144	02E4	F4
330	D144	0258	F4
330	D144	028C	F4
330	D144	02C0	F4
330	D144	02F4	F4
330	D144	0268	F4
330	D144	029C	F4
330	D144	02D0	F4
330	D144	0244	F4
330	D144	0278	F4
330	D144	02AC	F4
330	D144	02E0	F4
330	D144	0254	F4
330	D144	0288	F4
330	D144	02BC	F4
330	D144	02F0	F4
330	D144	0264	F4
330	D144	0298	F4
330	D144	02CC	F4
330	D144	0240	F4
330	D144	0274	F4
330	D144	02A8	F4
330	D144	02DC	F4
330	D144	0250	F4
330	D144	0284	F4
331	F47C	0200	B7
331	F47C	0204	B7
331	F47C	0208	B7
331	F47C	020C	B7
331	F47C	0210	BF
331	F47C	0214	BF
331	F47C	0218	BF
331	F47C	021C	BF
331	F47C	0220	C7
331	F47C	0224	C7
331	F47C	0228	C7
331	F47C	022C	C7
331	F47C	0230	CF
331	F47C	0234	CF
331	F47C	0238	CF
331	F47C	023C	CF
331	F47C	02EC	1F
331	F47C	0260	25
331	F47C	0294	27
331	F47C	02C8	2D
331	F47C	02FC	2D
331	F47C	0270	31
331	F47C	02A4	31
331	F47C	02D8	35
331	F47C	024C	39
331	F47C	0280	40
331	D144	02B4	F4
331	D144	02E8	F4
331	D144	025C	F4
331	D144	0290	F4
331	D144	02C4	F4
331	D144	02F8	F4
331	D144	026C	F4
331	D144	02A0	F4
331	D144	02D4	F4
331	D144	0248	F4
331	D144	027C	F4
331	D144	02B0	F4
331	D144	02E4	F4
331	D144	0258	F4
331	D144	028C	F4
331	D144	02C0	F4
331	D144	02F4	F4
331	D144	0268	F4
331	D144	029C	F4
331	D144	02D0	F4
331	D144	0244	F4
331	D144	0278	F4
331	D144	02AC	F4
331	D144	02E0	F4
331	D144	0254	F4
331	D144	0288	F4
331	D144	02BC	F4
331	D144	02F0	F4
331	D144	0264	F4
331	D144	0298	F4
331	D144	02CC	F4
331	D144	0240	F4
331	D144	0274	F4
331	D144	02A8	F4
331	D144	02DC	F4
331	D144	0250	F4
331	D144	0284	F4
331	D144	02B8	F4
332	F47C	0200	B7
332	F47C	0204	B7
332	F47C	0208	B7
332	F47C	020C	B7
332	F47C	0210	BF
332	F47C	0214	BF
332	F47C	0218	BF
332	F47C	021C	BF
332	F47C	0220	C7
332	F47C	0224	C7
332	F47C	0228	C7
332	F47C	022C	C7
332	F47C	0230	CF
332	F47C	0234	CF
332	F47C	0238	CF
332	F47C	023C	CF
332	F47C	0260	1F
332	F47C	0294	25
332	F47C	02C8	27
332	F47C	02FC	2D
332	F47C	0270	2D
332	F47C	02A4	31
332	F47C	02D8	31
332	F47C	024C	35
332	F47C	0280	39
332	F47C	02B4	40
332	D144	02E8	F4
332	D144	025C	F4
332	D144	0290	F4
332	D144	02C4	F4
332	D144	02F8	F4
332	D144	026C	F4
332	D144	02A0	F4
332	D144	02D4	F4
332	D144	0248	F4
332	D144	027C	F4
332	D144	02B0	F4
332	D144	02E4	F4
332	D144	0258	F4
332	D144	028C	F4
332	D144	02C0	F4
332	D144	02F4	F4
332	D144	0268	F4
332	D144	029C	F4
332	D144	02D0	F4
332	D144	0244	F4
332	D144	0278	F4
332	D144	02AC	F4
332	D144	02E0	F4
332	D144	0254	F4
332	D144	0288	F4
332	D144	02BC	F4
332	D144	02F0	F4
332	D144	0264	F4
332	D144	0298	F4
332	D144	02CC	F4
332	D144	0240	F4
332	D144	0274	F4
332	D144	02A8	F4
332	D144	02DC	F4
332	D144	0250	F4
332	D144	0284	F4
332	D144	02B8	F4
332	D144	02EC	F4
333	F47C	0200	B7
333	F47C	0204	B7
333	F47C	0208	B7
333	F47C	020C	B7
333	F47C	0210	BF
333	F47C	0214	BF
333	F47C	0218	BF
333	F47C	021C	BF
333	F47C	0220	C7
333	F47C	0224	C7
333	F47C	0228	C7
333	F47C	022C	C7
333	F47C	0230	CF
333	F47C	0234	CF
333	F47C	0238	CF
333	F47C	023C	CF
333	F47C	0254	1F
333	F47C	0288	25
333	F47C	02BC	27
333	F47C	02F0	2D
333	F47C	0264	2D
333	F47C	0298	31
333	F47C	02CC	31
333	F47C	0240	35
333	F47C	0274	39
333	F47C	02A8	40
333	D144	02DC	F4
333	D144	0250	F4
333	D144	0284	F4
333	D144	02B8	F4
333	D144	02EC	F4
333	D144	0260	F4
333	D144	0294	F4
333	D144	02C8	F4
333	D144	02FC	F4
333	D144	0270	F4
333	D144	02A4	F4
333	D144	02D8	F4
333	D144	024C	F4
333	D144	0280	F4
333	D144	02B4	F4
333	D144	02E8	F4
333	D144	025C	F4
333	D144	0290	F4
333	D144	02C4	F4
333	D144	02F8	F4
333	D144	026C	F4
333	D144	02A0	F4
333	D144	02D4	F4
333	D144	0248	F4
333	D144	027C	F4
333	D144	02B0	F4
333	D144	02E4	F4
333	D144	0258	F4
333	D144	028C	F4
333	D144	02C0	F4
333	D144	02F4	F4
333	D144	0268	F4
333	D144	029C	F4
333	D144	02D0	F4
333	D144	0244	F4
333	D144	0278	F4
333	D144	02AC	F4
333	D144	02E0	F4
334	F47C	0200	B7
334	F47C	0204	B7
334	F47C	0208	B7
334	F47C	020C	B7
334	F47C	0210	BF
334	F47C	0214	BF
334	F47C	0218	BF
334	F47C	021C	BF
334	F47C	0220	C7
334	F47C	0224	C7
334	F47C	0228	C7
334	F47C	022C	C7
334	F47C	0230	CF
334	F47C	0234	CF
334	F47C	0238	CF
334	F47C	023C	CF
334	F47C	0288	1F
334	F47C	02BC	25
334	F47C	02F0	27
334	F47C	0264	2D
334	F47C	0298	2D
334	F47C	02CC	31
334	F47C	0240	31
334	F47C	0274	35
334	F47C	02A8	39
334	F47C	02DC	40
334	D144	0250	F4
334	D144	0284	F4
334	D144	02B8	F4
334	D144	02EC	F4
334	D144	0260	F4
334	D144	0294	F4
334	D144	02C8	F4
334	D144	02FC	F4
334	D144	0270	F4
334	D144	02A4	F4
334	D144	02D8	F4
334	D144	024C	F4
334	D144	0280	F4
334	D144	02B4	F4
334	D144	02E8	F4
334	D144	025C	F4
334	D144	0290	F4
334	D144	02C4	F4
334	D144	02F8	F4
334	D144	026C	F4
334	D144	02A0	F4
334	D144	02D4	F4
334	D144	0248	F4
334	D144	027C	F4
334	D144	02B0	F4
334	D144	02E4	F4
334	D144	0258	F4
334	D144	028C	F4
334	D144	02C0	F4
334	D144	02F4	F4
334	D144	0268	F4
334	D144	029C	F4
334	D144	02D0	F4
334	D144	0244	F4
334	D144	0278	F4
334	D144	02AC	F4
334	D144	02E0	F4
334	D144	0254	F4
335	F47C	0200	B7
335	F47C	0204	B7
335	F47C	0208	B7
335	F47C	020C	B7
335	F47C	0210	BF
335	F47C	0214	BF
335	F47C	0218	BF
335	F47C	021C	BF
335	F47C	0220	C7
335	F47C	0224	C7
335	F47C	0228	C7
335	F47C	022C	C7
335	F47C	0230	CF
335	F47C	0234	CF
335	F47C	0238	CF
335	F47C	023C	CF
335	F47C	02BC	1F
335	F47C	02F0	25
335	F47C	0264	27
335	F47C	0298	2D
335	F47C	02CC	2D
335	F47C	0240	31
335	F47C	0274	31
335	F47C	02A8	35
335	F47C	02DC	39
335	F47C	0250	40
335	D144	0284	F4
335	D144	02B8	F4
335	D144	02EC	F4
335	D144	0260	F4
335	D144	0294	F4
335	D144	02C8	F4
335	D144	02FC	F4
335	D144	0270	F4
335	D144	02A4	F4
335	D144	02D8	F4
335	D144	024C	F4
335	D144	0280	F4
335	D144	02B4	F4
335	D144	02E8	F4
335	D144	025C	F4
335	D144	0290	F4
335	D144	02C4	F4
335	D144	02F8	F4
335	D144	026C	F4
335	D144	02A0	F4
335	D144	02D4	F4
335	D144	0248	F4
335	D144	027C	F4
335	D144	02B0	F4
335	D144	02E4	F4
335	D144	0258	F4
335	D144	028C	F4
335	D144	02C0	F4
335	D144	02F4	F4
335	D144	0268	F4
335	D144	029C	F4
335	D144	02D0	F4
335	D144	0244	F4
335	D144	0278	F4
335	D144	02AC	F4
335	D144	02E0	F4
335	D144	0254	F4
335	D144	0288	F4
336	F47C	0200	B7
336	F47C	0204	B7
336	F47C	0208	B7
336	F47C	020C	B7
336	F47C	0210	BF
336	F47C	0214	BF
336	F47C	0218	BF
336	F47C	021C	BF
336	F47C	0220	C7
336	F47C	0224	C7
336	F47C	0228	C7
336	F47C	022C	C7
336	F47C	0230	CF
336	F47C	0234	CF
336	F47C	0238	CF
336	F47C	023C	CF
336	F47C	02F0	1F
336	F47C	0264	25
336	F47C	0298	27
336	F47C	02CC	2D
336	F47C	0240	2D
336	F47C	0274	31
336	F47C	02A8	31
336	F47C	02DC	35
336	F47C	0250	39
336	F47C	0284	40
336	D144	02B8	F4
336	D144	02EC	F4
336	D144	0260	F4
336	D144	0294	F4
336	D144	02C8	F4
336	D144	02FC	F4
336	D144	0270	F4
336	D144	02A4	F4
336	D144	02D8	F4
336	D144	024C	F4
336	D144	0280	F4
336	D144	02B4	F4
336	D144	02E8	F4
336	D144	025C	F4
336	D144	0290	F4
336	D144	02C4	F4
336	D144	02F8	F4
336	D144	026C	F4
336	D144	02A0	F4
336	D144	02D4	F4
336	D144	0248	F4
336	D144	027C	F4
336	D144	02B0	F4
336	D144	02E4	F4
336	D144	0258	F4
336	D144	028C	F4
336	D144	02C0	F4
336	D144	02F4	F4
336	D144	0268	F4
336	D144	029C	F4
336	D144	02D0	F4
336	D144	0244	F4
336	D144	0278	F4
336	D144	02AC	F4
336	D144	02E0	F4
336	D144	0254	F4
336	D144	0288	F4
336	D144	02BC	F4
337	F47C	0200	B7
337	F47C	0204	B7
337	F47C	0208	B7
337	F47C	020C	B7
337	F47C	0210	BF
337	F47C	0214	BF
337	F47C	0218	BF
337	F47C	021C	BF
337	F47C	0220	C7
337	F47C	0224	C7
337	F47C	0228	C7
337	F47C	022C	C7
337	F47C	0230	CF
337	F47C	0234	CF
337	F47C	0238	CF
337	F47C	023C	CF
337	F47C	0264	1F
337	F47C	0298	25
337	F47C	02CC	27
337	F47C	0240	2D
337	F47C	0274	2D
337	F47C	02A8	31
337	F47C	02DC	31
337	F47C	0250	35
337	F47C	0284	39
337	F47C	02B8	40
337	D144	02EC	F4
337	D144	0260	F4
337	D144	0294	F4
337	D144	02C8	F4
337	D144	02FC	F4
337	D144	0270	F4
337	D144	02A4	F4
337	D144	02D8	F4
337	D144	024C	F4
337	D144	0280	F4
337	D144	02B4	F4
337	D144	02E8	F4
337	D144	025C	F4
337	D144	0290	F4
337	D144	02C4	F4
337	D144	02F8	F4
337	D144	026C	F4
337	D144	02A0	F4
337	D144	02D4	F4
337	D144	0248	F4
337	D144	027C	F4
337	D144	02B0	F4
337	D144	02E4	F4
337	D144	0258	F4
337	D144	028C	F4
337	D144	02C0	F4
337	D144	02F4	F4
337	D144	0268	F4
337	D144	029C	F4
337	D144	02D0	F4
337	D144	0244	F4
337	D144	0278	F4
337	D144	02AC	F4
337	D144	02E0	F4
337	D144	0254	F4
337	D144	0288	F4
337	D144	02BC	F4
337	D144	02F0	F4
338	F47C	0200	B7
338	F47C	0204	B7
338	F47C	0208	B7
338	F47C	020C	B7
338	F47C	0210	BF
338	F47C	0214	BF
338	F47C	0218	BF
338	F47C	021C	BF
338	F47C	0220	C7
338	F47C	0224	C7
338	F47C	0228	C7
338	F47C	022C	C7
338	F47C	0230	CF
338	F47C	0234	CF
338	F47C	0238	CF
338	F47C	023C	CF
338	F47C	0258	1F
338	F47C	028C	25
338	F47C	02C0	27
338	F47C	02F4	2D
338	F47C	0268	2D
338	F47C	029C	31
338	F47C	02D0	31
338	F47C	0244	35
338	F47C	0278	39
338	F47C	02AC	40
338	D144	02E0	F4
338	D144	0254	F4
338	D144	0288	F4
338	D144	02BC	F4
338	D144	02F0	F4
338	D144	0264	F4
338	D144	0298	F4
338	D144	02CC	F4
338	D144	0240	F4
338	D144	0274	F4
338	D144	02A8	F4
338	D144	02DC	F4
338	D144	0250	F4
338	D144	0284	F4
338	D144	02B8	F4
338	D144	02EC	F4
338	D144	0260	F4
338	D144	0294	F4
338	D144	02C8	F4
338	D144	02FC	F4
338	D144	0270	F4
338	D144	02A4	F4
338	D144	02D8	F4
338	D144	024C	F4
338	D144	0280	F4
338	D144	02B4	F4
338	D144	02E8	F4
338	D144	025C	F4
338	D144	0290	F4
338	D144	02C4	F4
338	D144	02F8	F4
338	D144	026C	F4
338	D144	02A0	F4
338	D144	02D4	F4
338	D144	0248	F4
338	D144	027C	F4
338	D144	02B0	F4
338	D144	02E4	F4
339	F47C	0200	B7
339	F47C	0204	B7
339	F47C	0208	B7
339	F47C	020C	B7
339	F47C	0210	BF
339	F47C	0214	BF
339	F47C	0218	BF
339	F47C	021C	BF
339	F47C	0220	C7
339	F47C	0224	C7
339	F47C	0228	C7
339	F47C	022C	C7
339	F47C	0230	CF
339	F47C	0234	CF
339	F47C	0238	CF
339	F47C	023C	CF
339	F47C	028C	1F
339	F47C	02C0	25
339	F47C	02F4	27
339	F47C	0268	2D
339	F47C	029C	2D
339	F47C	02D0	31
339	F47C	0244	31
339	F47C	0278	35
339	F47C	02AC	39
339	F47C	02E0	40
339	D144	0254	F4
339	D144	0288	F4
339	D144	02BC	F4
339	D144	02F0	F4
339	D144	0264	F4
339	D144	0298	F4
339	D144	02CC	F4
339	D144	0240	F4
339	D144	0274	F4
339	D144	02A8	F4
339	D144	02DC	F4
339	D144	0250	F4
339	D144	0284	F4
339	D144	02B8	F4
339	D144	02EC	F4
339	D144	0260	F4
339	D144	0294	F4
339	D144	02C8	F4
339	D144	02FC	F4
339	D144	0270	F4
339	D144	02A4	F4
339	D144	02D8	F4
339	D144	024C	F4
339	D144	0280	F4
339	D144	02B4	F4
339	D144	02E8	F4
339	D144	025C	F4
339	D144	0290	F4
339	D144	02C4	F4
339	D144	02F8	F4
339	D144	026C	F4
339	D144	02A0	F4
339	D144	02D4	F4
339	D144	0248	F4
339	D144	027C	F4
339	D144	02B0	F4
339	D144	02E4	F4
339	D144	0258	F4
340	F47C	0200	B7
340	F47C	0204	B7
340	F47C	0208	B7
340	F47C	020C	B7
340	F47C	0210	BF
340	F47C	0214	BF
340	F47C	0218	BF
340	F47C	021C	BF
340	F47C	0220	C7
340	F47C	0224	C7
340	F47C	0228	C7
340	F47C	022C	C7
340	F47C	0230	CF
340	F47C	0234	CF
340	F47C	0238	CF
340	F47C	023C	CF
340	F47C	02C0	1F
340	F47C	02F4	25
340	F47C	0268	27
340	F47C	029C	2D
340	F47C	02D0	2D
340	F47C	0244	31
340	F47C	0278	31
340	F47C	02AC	35
340	F47C	02E0	39
340	F47C	0254	40
340	D144	0288	F4
340	D144	02BC	F4
340	D144	02F0	F4
340	D144	0264	F4
340	D144	0298	F4
340	D144	02CC	F4
340	D144	0240	F4
340	D144	0274	F4
340	D144	02A8	F4
340	D144	02DC	F4
340	D144	0250	F4
340	D144	0284	F4
340	D144	02B8	F4
340	D144	02EC	F4
340	D144	0260	F4
340	D144	0294	F4
340	D144	02C8	F4
340	D144	02FC	F4
340	D144	0270	F4
340	D144	02A4	F4
340	D144	02D8	F4
340	D144	024C	F4
340	D144	0280	F4
340	D144	02B4	F4
340	D144	02E8	F4
340	D144	025C	F4
340	D144	0290	F4
340	D144	02C4	F4
340	D144	02F8	F4
340	D144	026C	F4
340	D144	02A0	F4
340	D144	02D4	F4
340	D144	0248	F4
340	D144	027C	F4
340	D144	02B0	F4
340	D144	02E4	F4
340	D144	0258	F4
340	D144	028C	F4
341	F47C	0200	B7
341	F47C	0204	B7
341	F47C	0208	B7
341	F47C	020C	B7
341	F47C	0210	BF
341	F47C	0214	BF
341	F47C	0218	BF
341	F47C	021C	BF
341	F47C	0220	C7
341	F47C	0224	C7
341	F47C	0228	C7
341	F47C	022C	C7
341	F47C	0230	CF
341	F47C	0234	CF
341	F47C	0238	CF
341	F47C	023C	CF
341	F47C	02F4	1F
341	F47C	0268	25
341	F47C	029C	27
341	F47C	02D0	2D
341	F47C	0244	2D
341	F47C	0278	31
341	F47C	02AC	31
341	F47C	02E0	35
341	F47C	0254	39
341	F47C	0288	40
341	D144	02BC	F4
341	D144	02F0	F4
341	D144	0264	F4
341	D144	0298	F4
341	D144	02CC	F4
341	D144	0240	F4
341	D144	0274	F4
341	D144	02A8	F4
341	D144	02DC	F4
341	D144	0250	F4
341	D144	0284	F4
341	D144	02B8	F4
341	D144	02EC	F4
341	D144	0260	F4
341	D144	0294	F4
341	D144	02C8	F4
341	D144	02FC	F4
341	D144	0270	F4
341	D144	02A4	F4
341	D144	02D8	F4
341	D144	024C	F4
341	D144	0280	F4
341	D144	02B4	F4
341	D144	02E8	F4
341	D144	025C	F4
341	D144	0290	F4
341	D144	02C4	F4
341	D144	02F8	F4
341	D144	026C	F4
341	D144	02A0	F4
341	D144	02D4	F4
341	D144	0248	F4
341	D144	027C	F4
341	D144	02B0	F4
341	D144	02E4	F4
341	D144	0258	F4
341	D144	028C	F4
341	D144	02C0	F4
342	F47C	0200	B7
342	F47C	0204	B7
342	F47C	0208	B7
342	F47C	020C	B7
342	F47C	0210	BF
342	F47C	0214	BF
342	F47C	0218	BF
342	F47C	021C	BF
342	F47C	0220	C7
342	F47C	0224	C7
342	F47C	0228	C7
342	F47C	022C	C7
342	F47C	0230	CF
342	F47C	0234	CF
342	F47C	0238	CF
342	F47C	023C	CF
342	F47C	0268	1F
342	F47C	029C	25
342	F47C	02D0	27
342	F47C	0244	2D
342	F47C	0278	2D
342	F47C	02AC	31
342	F47C	02E0	31
342	F47C	0254	35
342	F47C	0288	39
342	F47C	02BC	40
342	D144	02F0	F4
342	D144	0264	F4
342	D144	0298	F4
342	D144	02CC	F4
342	D144	0240	F4
342	D144	0274	F4
342	D144	02A8	F4
342	D144	02DC	F4
342	D144	0250	F4
342	D144	0284	F4
342	D144	02B8	F4
342	D144	02EC	F4
342	D144	0260	F4
342	D144	0294	F4
342	D144	02C8	F4
342	D144	02FC	F4
342	D144	0270	F4
342	D144	02A4	F4
342	D144	02D8	F4
342	D144	024C	F4
342	D144	0280	F4
342	D144	02B4	F4
342	D144	02E8	F4
342	D144	025C	F4
342	D144	0290	F4
342	D144	02C4	F4
342	D144	02F8	F4
342	D144	026C	F4
342	D144	02A0	F4
342	D144	02D4	F4
342	D144	0248	F4
342	D144	027C	F4
342	D144	02B0	F4
342	D144	02E4	F4
342	D144	0258	F4
342	D144	028C	F4
342	D144	02C0	F4
342	D144	02F4	F4
343	F47C	0200	B7
343	F47C	0204	B7
343	F47C	0208	B7
343	F47C	020C	B7
343	F47C	0210	BF
343	F47C	0214	BF
343	F47C	0218	BF
343	F47C	021C	BF
343	F47C	0220	C7
343	F47C	0224	C7
343	F47C	0228	C7
343	F47C	022C	C7
343	F47C	0230	CF
343	F47C	0234	CF
343	F47C	0238	CF
343	F47C	023C	CF
343	F47C	025C	1F
343	F47C	0290	25
343	F47C	02C4	27
343	F47C	02F8	2D
343	F47C	026C	2D
343	F47C	02A0	31
343	F47C	02D4	31
343	F47C	0248	35
343	F47C	027C	39
343	F47C	02B0	40
343	D144	02E4	F4
343	D144	0258	F4
343	D144	028C	F4
343	D144	02C0	F4
343	D144	02F4	F4
343	D144	0268	F4
343	D144	029C	F4
343	D144	02D0	F4
343	D144	0244	F4
343	D144	0278	F4
343	D144	02AC	F4
343	D144	02E0	F4
343	D144	0254	F4
343	D144	0288	F4
343	D144	02BC	F4
343	D144	02F0	F4
343	D144	0264	F4
343	D144	0298	F4
343	D144	02CC	F4
343	D144	0240	F4
343	D144	0274	F4
343	D144	02A8	F4
343	D144	02DC	F4
343	D144	0250	F4
343	D144	0284	F4
343	D144	02B8	F4
343	D144	02EC	F4
343	D144	0260	F4
343	D144	0294	F4
343	D144	02C8	F4
343	D144	02FC	F4
343	D144	0270	F4
343	D144	02A4	F4
343	D144	02D8	F4
343	D144	024C	F4
343	D144	0280	F4
343	D144	02B4	F4
343	D144	02E8	F4
344	F47C	0200	B7
344	F47C	0204	B7
344	F47C	0208	B7
344	F47C	020C	B7
344	F47C	0210	BF
344	F47C	0214	BF
344	F47C	0218	BF
344	F47C	021C	BF
344	F47C	0220	C7
344	F47C	0224	C7
344	F47C	0228	C7
344	F47C	022C	C7
344	F47C	0230	CF
344	F47C	0234	CF
344	F47C	0238	CF
344	F47C	023C	CF
344	F47C	0290	1F
344	F47C	02C4	25
344	F47C	02F8	27
344	F47C	026C	2D
344	F47C	02A0	2D
344	F47C	02D4	31
344	F47C	0248	31
344	F47C	027C	35
344	F47C	02B0	39
344	F47C	02E4	40
344	D144	0258	F4
344	D144	028C	F4
344	D144	02C0	F4
344	D144	02F4	F4
344	D144	0268	F4
344	D144	029C	F4
344	D144	02D0	F4
344	D144	0244	F4
344	D144	0278	F4
344	D144	02AC	F4
344	D144	02E0	F4
344	D144	0254	F4
344	D144	0288	F4
344	D144	02BC	F4
344	D144	02F0	F4
344	D144	0264	F4
344	D144	0298	F4
344	D144	02CC	F4
344	D144	0240	F4
344	D144	0274	F4
344	D144	02A8	F4
344	D144	02DC	F4
344	D144	0250	F4
344	D144	0284	F4
344	D144	02B8	F4
344	D144	02EC	F4
344	D144	0260	F4
344	D144	0294	F4
344	D144	02C8	F4
344	D144	02FC	F4
344	D144	0270	F4
344	D144	02A4	F4
344	D144	02D8	F4
344	D144	024C	F4
344	D144	0280	F4
344	D144	02B4	F4
344	D144	02E8	F4
344	D144	025C	F4
345	F47C	0200	B7
345	F47C	0204	B7
345	F47C	0208	B7
345	F47C	020C	B7
345	F47C	0210	BF
345	F47C	0214	BF
345	F47C	0218	BF
345	F47C	021C	BF
345	F47C	0220	C7
345	F47C	0224	C7
345	F47C	0228	C7
345	F47C	022C	C7
345	F47C	0230	CF
345	F47C	0234	CF
345	F47C	0238	CF
345	F47C	023C	CF
345	F47C	02C4	1F
345	F47C	02F8	25
345	F47C	026C	27
345	F47C	02A0	2D
345	F47C	02D4	2D
345	F47C	0248	31
345	F47C	027C	31
345	F47C	02B0	35
345	F47C	02E4	39
345	F47C	0258	40
345	D144	028C	F4
345	D144	02C0	F4
345	D144	02F4	F4
345	D144	0268	F4
345	D144	029C	F4
345	D144	02D0	F4
345	D144	0244	F4
345	D144	0278	F4
345	D144	02AC	F4
345	D144	02E0	F4
345	D144	0254	F4
345	D144	0288	F4
345	D144	02BC	F4
345	D144	02F0	F4
345	D144	0264	F4
345	D144	0298	F4
345	D144	02CC	F4
345	D144	0240	F4
345	D144	0274	F4
345	D144	02A8	F4
345	D144	02DC	F4
345	D144	0250	F4
345	D144	0284	F4
345	D144	02B8	F4
345	D144	02EC	F4
345	D144	0260	F4
345	D144	0294	F4
345	D144	02C8	F4
345	D144	02FC	F4
345	D144	0270	F4
345	D144	02A4	F4
345	D144	02D8	F4
345	D144	024C	F4
345	D144	0280	F4
345	D144	02B4	F4
345	D144	02E8	F4
345	D144	025C	F4
345	D144	0290	F4
346	F47C	0200	B7
346	F47C	0204	B7
346	F47C	0208	B7
346	F47C	020C	B7
346	F47C	0210	BF
346	F47C	0214	BF
346	F47C	0218	BF
346	F47C	021C	BF
346	F47C	0220	C7
346	F47C	0224	C7
346	F47C	0228	C7
346	F47C	022C	C7
346	F47C	0230	CF
346	F47C	0234	CF
346	F47C	0238	CF
346	F47C	023C	CF
346	F47C	02F8	1F
346	F47C	026C	25
346	F47C	02A0	27
346	F47C	02D4	2D
346	F47C	0248	2D
346	F47C	027C	31
346	F47C	02B0	31
346	F47C	02E4	35
346	F47C	0258	39
346	F47C	028C	40
346	D144	02C0	F4
346	D144	02F4	F4
346	D144	0268	F4
346	D144	029C	F4
346	D144	02D0	F4
346	D144	0244	F4
346	D144	0278	F4
346	D144	02AC	F4
346	D144	02E0	F4
346	D144	0254	F4
346	D144	0288	F4
346	D144	02BC	F4
346	D144	02F0	F4
346	D144	0264	F4
346	D144	0298	F4
346	D144	02CC	F4
346	D144	0240	F4
346	D144	0274	F4
346	D144	02A8	F4
346	D144	02DC	F4
346	D144	0250	F4
346	D144	0284	F4
346	D144	02B8	F4
346	D144	02EC	F4
346	D144	0260	F4
346	D144	0294	F4
346	D144	02C8	F4
346	D144	02FC	F4
346	D144	0270	F4
346	D144	02A4	F4
346	D144	02D8	F4
346	D144	024C	F4
346	D144	0280	F4
346	D144	02B4	F4
346	D144	02E8	F4
346	D144	025C	F4
346	D144	0290	F4
346	D144	02C4	F4
347	F47C	0200	B7
347	F47C	0204	B7
347	F47C	0208	B7
347	F47C	020C	B7
347	F47C	0210	BF
347	F47C	0214	BF
347	F47C	0218	BF
347	F47C	021C	BF
347	F47C	0220	C7
347	F47C	0224	C7
347	F47C	0228	C7
347	F47C	022C	C7
347	F47C	0230	CF
347	F47C	0234	CF
347	F47C	0238	CF
347	F47C	023C	CF
347	F47C	026C	1F
347	F47C	02A0	25
347	F47C	02D4	27
347	F47C	0248	2D
347	F47C	027C	2D
347	F47C	02B0	31
347	F47C	02E4	31
347	F47C	0258	35
347	F47C	028C	39
347	F47C	02C0	40
347	D144	02F4	F4
347	D144	0268	F4
347	D144	029C	F4
347	D144	02D0	F4
347	D144	0244	F4
347	D144	0278	F4
347	D144	02AC	F4
347	D144	02E0	F4
347	D144	0254	F4
347	D144	0288	F4
347	D144	02BC	F4
347	D144	02F0	F4
347	D144	0264	F4
347	D144	0298	F4
347	D144	02CC	F4
347	D144	0240	F4
347	D144	0274	F4
347	D144	02A8	F4
347	D144	02DC	F4
347	D144	0250	F4
347	D144	0284	F4
347	D144	02B8	F4
347	D144	02EC	F4
347	D144	0260	F4
347	D144	0294	F4
347	D144	02C8	F4
347	D144	02FC	F4
347	D144	0270	F4
347	D144	02A4	F4
347	D144	02D8	F4
347	D144	024C	F4
347	D144	0280	F4
347	D144	02B4	F4
347	D144	02E8	F4
347	D144	025C	F4
347	D144	0290	F4
347	D144	02C4	F4
347	D144	02F8	F4
348	F47C	0200	B7
348	F47C	0204	B7
348	F47C	0208	B7
348	F47C	020C	B7
348	F47C	0210	BF
348	F47C	0214	BF
348	F47C	0218	BF
348	F47C	021C	BF
348	F47C	0220	C7
348	F47C	0224	C7
348	F47C	0228	C7
348	F47C	022C	C7
348	F47C	0230	CF
348	F47C	0234	CF
348	F47C	0238	CF
348	F47C	023C	CF
348	F47C	0260	1F
348	F47C	0294	25
348	F47C	02C8	27
348	F47C	02FC	2D
348	F47C	0270	2D
348	F47C	02A4	31
348	F47C	02D8	31
348	F47C	024C	35
348	F47C	0280	39
348	F47C	02B4	40
348	D144	02E8	F4
348	D144	025C	F4
348	D144	0290	F4
348	D144	02C4	F4
348	D144	02F8	F4
348	D144	026C	F4
348	D144	02A0	F4
348	D144	02D4	F4
348	D144	0248	F4
348	D144	027C	F4
348	D144	02B0	F4
348	D144	02E4	F4
348	D144	0258	F4
348	D144	028C	F4
348	D144	02C0	F4
348	D144	02F4	F4
348	D144	0268	F4
348	D144	029C	F4
348	D144	02D0	F4
348	D144	0244	F4
348	D144	0278	F4
348	D144	02AC	F4
348	D144	02E0	F4
348	D144	0254	F4
348	D144	0288	F4
348	D144	02BC	F4
348	D144	02F0	F4
348	D144	0264	F4
348	D144	0298	F4
348	D144	02CC	F4
348	D144	0240	F4
348	D144	0274	F4
348	D144	02A8	F4
348	D144	02DC	F4
348	D144	0250	F4
348	D144	0284	F4
348	D144	02B8	F4
348	D144	02EC	F4
349	F47C	0200	B7
349	F47C	0204	B7
349	F47C	0208	B7
349	F47C	020C	B7
349	F47C	0210	BF
349	F47C	0214	BF
349	F47C	0218	BF
349	F47C	021C	BF
349	F47C	0220	C7
349	F47C	0224	C7
349	F47C	0228	C7
349	F47C	022C	C7
349	F47C	0230	CF
349	F47C	0234	CF
349	F47C	0238	CF
349	F47C	023C	CF
349	F47C	0294	1F
349	F47C	02C8	25
349	F47C	02FC	27
349	F47C	0270	2D
349	F47C	02A4	2D
349	F47C	02D8	31
349	F47C	024C	31
349	F47C	0280	35
349	F47C	02B4	39
349	F47C	02E8	40
349	D144	025C	F4
349	D144	0290	F4
349	D144	02C4	F4
349	D144	02F8	F4
349	D144	026C	F4
349	D144	02A0	F4
349	D144	02D4	F4
349	D144	0248	F4
349	D144	027C	F4
349	D144	02B0	F4
349	D144	02E4	F4
349	D144	0258	F4
349	D144	028C	F4
349	D144	02C0	F4
349	D144	02F4	F4
349	D144	0268	F4
349	D144	029C	F4
349	D144	02D0	F4
349	D144	0244	F4
349	D144	0278	F4
349	D144	02AC	F4
349	D144	02E0	F4
349	D144	0254	F4
349	D144	0288	F4
349	D144	02BC	F4
349	D144	02F0	F4
349	D144	0264	F4
349	D144	0298	F4
349	D144	02CC	F4
349	D144	0240	F4
349	D144	0274	F4
349	D144	02A8	F4
349	D144	02DC	F4
349	D144	0250	F4
349	D144	0284	F4
349	D144	02B8	F4
349	D144	02EC	F4
349	D144	0260	F4
350	F47C	0200	B7
350	F47C	0204	B7
350	F47C	0208	B7
350	F47C	020C	B7
350	F47C	0210	BF
350	F47C	0214	BF
350	F47C	0218	BF
350	F47C	021C	BF
350	F47C	0220	C7
350	F47C	0224	C7
350	F47C	0228	C7
350	F47C	022C	C7
350	F47C	0230	CF
350	F47C	0234	CF
350	F47C	0238	CF
350	F47C	023C	CF
350	F47C	02C8	1F
350	F47C	02FC	25
350	F47C	0270	27
350	F47C	02A4	2D
350	F47C	02D8	2D
350	F47C	024C	31
350	F47C	0280	31
350	F47C	02B4	35
350	F47C	02E8	39
350	F47C	025C	40
350	D144	0290	F4
350	D144	02C4	F4
350	D144	02F8	F4
350	D144	026C	F4
350	D144	02A0	F4
350	D144	02D4	F4
350	D144	0248	F4
350	D144	027C	F4
350	D144	02B0	F4
350	D144	02E4	F4
350	D144	0258	F4
350	D144	028C	F4
350	D144	02C0	F4
350	D144	02F4	F4
350	D144	0268	F4
350	D144	029C	F4
350	D144	02D0	F4
350	D144	0244	F4
350	D144	0278	F4
350	D144	02AC	F4
350	D144	02E0	F4
350	D144	0254	F4
350	D144	0288	F4
350	D144	02BC	F4
350	D144	02F0	F4
350	D144	0264	F4
350	D144	0298	F4
350	D144	02CC	F4
350	D144	0240	F4
350	D144	0274	F4
350	D144	02A8	F4
350	D144	02DC	F4
350	D144	0250	F4
350	D144	0284	F4
350	D144	02B8	F4
350	D144	02EC	F4
350	D144	0260	F4
350	D144	0294	F4
351	F47C	0200	B7
351	F47C	0204	B7
351	F47C	0208	B7
351	F47C	020C	B7
351	F47C	0210	BF
351	F47C	0214	BF
351	F47C	0218	BF
351	F47C	021C	BF
351	F47C	0220	C7
351	F47C	0224	C7
351	F47C	0228	C7
351	F47C	022C	C7
351	F47C	0230	CF
351	F47C	0234	CF
351	F47C	0238	CF
351	F47C	023C	CF
351	F47C	02FC	1F
351	F47C	0270	25
351	F47C	02A4	27
351	F47C	02D8	2D
351	F47C	024C	2D
351	F47C	0280	31
351	F47C	02B4	31
351	F47C	02E8	35
351	F47C	025C	39
351	F47C	0290	40
351	D144	02C4	F4
351	D144	02F8	F4
351	D144	026C	F4
351	D144	02A0	F4
351	D144	02D4	F4
351	D144	0248	F4
351	D144	027C	F4
351	D144	02B0	F4
351	D144	02E4	F4
351	D144	0258	F4
351	D144	028C	F4
351	D144	02C0	F4
351	D144	02F4	F4
351	D144	0268	F4
351	D144	029C	F4
351	D144	02D0	F4
351	D144	0244	F4
351	D144	0278	F4
351	D144	02AC	F4
351	D144	02E0	F4
351	D144	0254	F4
351	D144	0288	F4
351	D144	02BC	F4
351	D144	02F0	F4
351	D144	0264	F4
351	D144	0298	F4
351	D144	02CC	F4
351	D144	0240	F4
351	D144	0274	F4
351	D144	02A8	F4
351	D144	02DC	F4
351	D144	0250	F4
351	D144	0284	F4
351	D144	02B8	F4
351	D144	02EC	F4
351	D144	0260	F4
351	D144	0294	F4
351	D144	02C8	F4
352	F47C	0200	B7
352	F47C	0204	B7
352	F47C	0208	B7
352	F47C	020C	B7
352	F47C	0210	BF
352	F47C	0214	BF
352	F47C	0218	BF
352	F47C	021C	BF
352	F47C	0220	C7
352	F47C	0224	C7
352	F47C	0228	C7
352	F47C	022C	C7
352	F47C	0230	CF
352	F47C	0234	CF
352	F47C	0238	CF
352	F47C	023C	CF
352	F47C	0270	1F
352	F47C	02A4	25
352	F47C	02D8	27
352	F47C	024C	2D
352	F47C	0280	2D
352	F47C	02B4	31
352	F47C	02E8	31
352	F47C	025C	35
352	F47C	0290	39
352	F47C	02C4	40
352	D144	02F8	F4
352	D144	026C	F4
352	D144	02A0	F4
352	D144	02D4	F4
352	D144	0248	F4
352	D144	027C	F4
352	D144	02B0	F4
352	D144	02E4	F4
352	D144	0258	F4
352	D144	028C	F4
352	D144	02C0	F4
352	D144	02F4	F4
352	D144	0268	F4
352	D144	029C	F4
352	D144	02D0	F4
352	D144	0244	F4
352	D144	0278	F4
352	D144	02AC	F4
352	D144	02E0	F4
352	D144	0254	F4
352	D144	0288	F4
352	D144	02BC	F4
352	D144	02F0	F4
352	D144	0264	F4
352	D144	0298	F4
352	D144	02CC	F4
352	D144	0240	F4
352	D144	0274	F4
352	D144	02A8	F4
352	D144	02DC	F4
352	D144	0250	F4
352	D144	0284	F4
352	D144	02B8	F4
352	D144	02EC	F4
352	D144	0260	F4
352	D144	0294	F4
352	D144	02C8	F4
352	D144	02FC	F4
353	F47C	0200	B7
353	F47C	0204	B7
353	F47C	0208	B7
353	F47C	020C	B7
353	F47C	0210	BF
353	F47C	0214	BF
353	F47C	0218	BF
353	F47C	021C	BF
353	F47C	0220	C7
353	F47C	0224	C7
353	F47C	0228	C7
353	F47C	022C	C7
353	F47C	0230	CF
353	F47C	0234	CF
353	F47C	0238	CF
353	F47C	023C	CF
353	F47C	0264	1F
353	F47C	0298	25
353	F47C	02CC	27
353	F47C	0240	2D
353	F47C	0274	2D
353	F47C	02A8	31
353	F47C	02DC	31
353	F47C	0250	35
353	F47C	0284	39
353	F47C	02B8	40
353	D144	02EC	F4
353	D144	0260	F4
353	D144	0294	F4
353	D144	02C8	F4
353	D144	02FC	F4
353	D144	0270	F4
353	D144	02A4	F4
353	D144	02D8	F4
353	D144	024C	F4
353	D144	0280	F4
353	D144	02B4	F4
353	D144	02E8	F4
353	D144	025C	F4
353	D144	0290	F4
353	D144	02C4	F4
353	D144	02F8	F4
353	D144	026C	F4
353	D144	02A0	F4
353	D144	02D4	F4
353	D144	0248	F4
353	D144	027C	F4
353	D144	02B0	F4
353	D144	02E4	F4
353	D144	0258	F4
353	D144	028C	F4
353	D144	02C0	F4
353	D144	02F4	F4
353	D144	0268	F4
353	D144	029C	F4
353	D144	02D0	F4
353	D144	0244	F4
353	D144	0278	F4
353	D144	02AC	F4
353	D144	02E0	F4
353	D144	0254	F4
353	D144	0288	F4
353	D144	02BC	F4
353	D144	02F0	F4
354	F47C	0200	B7
354	F47C	0204	B7
354	F47C	0208	B7
354	F47C	020C	B7
354	F47C	0210	BF
354	F47C	0214	BF
354	F47C	0218	BF
354	F47C	021C	BF
354	F47C	0220	C7
354	F47C	0224	C7
354	F47C	0228	C7
354	F47C	022C	C7
354	F47C	0230	CF
354	F47C	0234	CF
354	F47C	0238	CF
354	F47C	023C	CF
354	F47C	0298	1F
354	F47C	02CC	25
354	F47C	0240	27
354	F47C	0274	2D
354	F47C	02A8	2D
354	F47C	02DC	31
354	F47C	0250	31
354	F47C	0284	35
354	F47C	02B8	39
354	F47C	02EC	40
354	D144	0260	F4
354	D144	0294	F4
354	D144	02C8	F4
354	D144	02FC	F4
354	D144	0270	F4
354	D144	02A4	F4
354	D144	02D8	F4
354	D144	024C	F4
354	D144	0280	F4
354	D144	02B4	F4
354	D144	02E8	F4
354	D144	025C	F4
354	D144	0290	F4
354	D144	02C4	F4
354	D144	02F8	F4
354	D144	026C	F4
354	D144	02A0	F4
354	D144	02D4	F4
354	D144	0248	F4
354	D144	027C	F4
354	D144	02B0	F4
354	D144	02E4	F4
354	D144	0258	F4
354	D144	028C	F4
354	D144	02C0	F4
354	D144	02F4	F4
354	D144	0268	F4
354	D144	029C	F4
354	D144	02D0	F4
354	D144	0244	F4
354	D144	0278	F4
354	D144	02AC	F4
354	D144	02E0	F4
354	D144	0254	F4
354	D144	0288	F4
354	D144	02BC	F4
354	D144	02F0	F4
354	D144	0264	F4
355	F47C	0200	B7
355	F47C	0204	B7
355	F47C	0208	B7
355	F47C	020C	B7
355	F47C	0210	BF
355	F47C	0214	BF
355	F47C	0218	BF
355	F47C	021C	BF
355	F47C	0220	C7
355	F47C	0224	C7
355	F47C	0228	C7
355	F47C	022C	C7
355	F47C	0230	CF
355	F47C	0234	CF
355	F47C	0238	CF
355	F47C	023C	CF
355	F47C	02CC	1F
355	F47C	0240	25
355	F47C	0274	27
355	F47C	02A8	2D
355	F47C	02DC	2D
355	F47C	0250	31
355	F47C	0284	31
355	F47C	02B8	35
355	F47C	02EC	39
355	F47C	0260	40
355	D144	0294	F4
355	D144	02C8	F4
355	D144	02FC	F4
355	D144	0270	F4
355	D144	02A4	F4
355	D144	02D8	F4
355	D144	024C	F4
355	D144	0280	F4
355	D144	02B4	F4
355	D144	02E8	F4
355	D144	025C	F4
355	D144	0290	F4
355	D144	02C4	F4
355	D144	02F8	F4
355	D144	026C	F4
355	D144	02A0	F4
355	D144	02D4	F4
355	D144	0248	F4
355	D144	027C	F4
355	D144	02B0	F4
355	D144	02E4	F4
355	D144	0258	F4
355	D144	028C	F4
355	D144	02C0	F4
355	D144	02F4	F4
355	D144	0268	F4
355	D144	029C	F4
355	D144	02D0	F4
355	D144	0244	F4
355	D144	0278	F4
355	D144	02AC	F4
355	D144	02E0	F4
355	D144	0254	F4
355	D144	0288	F4
355	D144	02BC	F4
355	D144	02F0	F4
355	D144	0264	F4
355	D144	0298	F4
356	F47C	0200	B7
356	F47C	0204	B7
356	F47C	0208	B7
356	F47C	020C	B7
356	F47C	0210	BF
356	F47C	0214	BF
356	F47C	0218	BF
356	F47C	021C	BF
356	F47C	0220	C7
356	F47C	0224	C7
356	F47C	0228	C7
356	F47C	022C	C7
356	F47C	0230	CF
356	F47C	0234	CF
356	F47C	0238	CF
356	F47C	023C	CF
356	F47C	0240	1F
356	F47C	0274	25
356	F47C	02A8	27
356	F47C	02DC	2D
356	F47C	0250	2D
356	F47C	0284	31
356	F47C	02B8	31
356	F47C	02EC	35
356	F47C	0260	39
356	F47C	0294	40
356	D144	02C8	F4
356	D144	02FC	F4
356	D144	0270	F4
356	D144	02A4	F4
356	D144	02D8	F4
356	D144	024C	F4
356	D144	0280	F4
356	D144	02B4	F4
356	D144	02E8	F4
356	D144	025C	F4
356	D144	0290	F4
356	D144	02C4	F4
356	D144	02F8	F4
356	D144	026C	F4
356	D144	02A0	F4
356	D144	02D4	F4
356	D144	0248	F4
356	D144	027C	F4
356	D144	02B0	F4
356	D144	02E4	F4
356	D144	0258	F4
356	D144	028C	F4
356	D144	02C0	F4
356	D144	02F4	F4
356	D144	0268	F4
356	D144	029C	F4
356	D144	02D0	F4
356	D144	0244	F4
356	D144	0278	F4
356	D144	02AC	F4
356	D144	02E0	F4
356	D144	0254	F4
356	D144	0288	F4
356	D144	02BC	F4
356	D144	02F0	F4
356	D144	0264	F4
356	D144	0298	F4
356	D144	02CC	F4
357	F47C	0200	B7
357	F47C	0204	B7
357	F47C	0208	B7
357	F47C	020C	B7
357	F47C	0210	BF
357	F47C	0214	BF
357	F47C	0218	BF
357	F47C	021C	BF
357	F47C	0220	C7
357	F47C	0224	C7
357	F47C	0228	C7
357	F47C	022C	C7
357	F47C	0230	CF
357	F47C	0234	CF
357	F47C	0238	CF
357	F47C	023C	CF
357	F47C	0274	1F
357	F47C	02A8	25
357	F47C	02DC	27
357	F47C	0250	2D
357	F47C	0284	2D
357	F47C	02B8	31
357	F47C	02EC	31
357	F47C	0260	35
357	F47C	0294	39
357	F47C	02C8	40
357	D144	02FC	F4
357	D144	0270	F4
357	D144	02A4	F4
357	D144	02D8	F4
357	D144	024C	F4
357	D144	0280	F4
357	D144	02B4	F4
357	D144	02E8	F4
357	D144	025C	F4
357	D144	0290	F4
357	D144	02C4	F4
357	D144	02F8	F4
357	D144	026C	F4
357	D144	02A0	F4
357	D144	02D4	F4
357	D144	0248	F4
357	D144	027C	F4
357	D144	02B0	F4
357	D144	02E4	F4
357	D144	0258	F4
357	D144	028C	F4
357	D144	02C0	F4
357	D144	02F4	F4
357	D144	0268	F4
357	D144	029C	F4
357	D144	02D0	F4
357	D144	0244	F4
357	D144	0278	F4
357	D144	02AC	F4
357	D144	02E0	F4
357	D144	0254	F4
357	D144	0288	F4
357	D144	02BC	F4
357	D144	02F0	F4
357	D144	0264	F4
357	D144	0298	F4
357	D144	02CC	F4
357	D144	0240	F4
358	F47C	0200	B7
358	F47C	0204	B7
358	F47C	0208	B7
358	F47C	020C	B7
358	F47C	0210	BF
358	F47C	0214	BF
358	F47C	0218	BF
358	F47C	021C	BF
358	F47C	0220	C7
358	F47C	0224	C7
358	F47C	0228	C7
358	F47C	022C	C7
358	F47C	0230	CF
358	F47C	0234	CF
358	F47C	0238	CF
358	F47C	023C	CF
358	F47C	0268	1F
358	F47C	029C	25
358	F47C	02D0	27
358	F47C	0244	2D
358	F47C	0278	2D
358	F47C	02AC	31
358	F47C	02E0	31
358	F47C	0254	35
358	F47C	0288	39
358	F47C	02BC	40
358	D144	02F0	F4
358	D144	0264	F4
358	D144	0298	F4
358	D144	02CC	F4
358	D144	0240	F4
358	D144	0274	F4
358	D144	02A8	F4
358	D144	02DC	F4
358	D144	0250	F4
358	D144	0284	F4
358	D144	02B8	F4
358	D144	02EC	F4
358	D144	0260	F4
358	D144	0294	F4
358	D144	02C8	F4
358	D144	02FC	F4
358	D144	0270	F4
358	D144	02A4	F4
358	D144	02D8	F4
358	D144	024C	F4
358	D144	0280	F4
358	D144	02B4	F4
358	D144	02E8	F4
358	D144	025C	F4
358	D144	0290	F4
358	D144	02C4	F4
358	D144	02F8	F4
358	D144	026C	F4
358	D144	02A0	F4
358	D144	02D4	F4
358	D144	0248	F4
358	D144	027C	F4
358	D144	02B0	F4
358	D144	02E4	F4
358	D144	0258	F4
358	D144	028C	F4
358	D144	02C0	F4
358	D144	02F4	F4
359	F47C	0200	B7
359	F47C	0204	B7
359	F47C	0208	B7
359	F47C	020C	B7
359	F47C	0210	BF
359	F47C	0214	BF
359	F47C	0218	BF
359	F47C	021C	BF
359	F47C	0220	C7
359	F47C	0224	C7
359	F47C	0228	C7
359	F47C	022C	C7
359	F47C	0230	CF
359	F47C	0234	CF
359	F47C	0238	CF
359	F47C	023C	CF
359	F47C	029C	1F
359	F47C	02D0	25
359	F47C	0244	27
359	F47C	0278	2D
359	F47C	02AC	2D
359	F47C	02E0	31
359	F47C	0254	31
359	F47C	0288	35
359	F47C	02BC	39
359	F47C	02F0	40
359	D144	0264	F4
359	D144	0298	F4
359	D144	02CC	F4
359	D144	0240	F4
359	D144	0274	F4
359	D144	02A8	F4
359	D144	02DC	F4
359	D144	0250	F4
359	D144	0284	F4
359	D144	02B8	F4
359	D144	02EC	F4
359	D144	0260	F4
359	D144	0294	F4
359	D144	02C8	F4
359	D144	02FC	F4
359	D144	0270	F4
359	D144	02A4	F4
359	D144	02D8	F4
359	D144	024C	F4
359	D144	0280	F4
359	D144	02B4	F4
359	D144	02E8	F4
359	D144	025C	F4
359	D144	0290	F4
359	D144	02C4	F4
359	D144	02F8	F4
359	D144	026C	F4
359	D144	02A0	F4
359	D144	02D4	F4
359	D144	0248	F4
359	D144	027C	F4
359	D144	02B0	F4
359	D144	02E4	F4
359	D144	0258	F4
359	D144	028C	F4
359	D144	02C0	F4
359	D144	02F4	F4
359	D144	0268	F4
360	F47C	0200	B7
360	F47C	0204	B7
360	F47C	0208	B7
360	F47C	020C	B7
360	F47C	0210	BF
360	F47C	0214	BF
360	F47C	0218	BF
360	F47C	021C	BF
360	F47C	0220	C7
360	F47C	0224	C7
360	F47C	0228	C7
360	F47C	022C	C7
360	F47C	0230	CF
360	F47C	0234	CF
360	F47C	0238	CF
360	F47C	023C	CF
360	F47C	02D0	1F
360	F47C	0244	25
360	F47C	0278	27
360	F47C	02AC	2D
360	F47C	02E0	2D
360	F47C	0254	31
360	F47C	0288	31
360	F47C	02BC	35
360	F47C	02F0	39
360	F47C	0264	40
360	D144	0298	F4
360	D144	02CC	F4
360	D144	0240	F4
360	D144	0274	F4
360	D144	02A8	F4
360	D144	02DC	F4
360	D144	0250	F4
360	D144	0284	F4
360	D144	02B8	F4
360	D144	02EC	F4
360	D144	0260	F4
360	D144	0294	F4
360	D144	02C8	F4
360	D144	02FC	F4
360	D144	0270	F4
360	D144	02A4	F4
360	D144	02D8	F4
360	D144	024C	F4
360	D144	0280	F4
360	D144	02B4	F4
360	D144	02E8	F4
360	D144	025C	F4
360	D144	0290	F4
360	D144	02C4	F4
360	D144	02F8	F4
360	D144	026C	F4
360	D144	02A0	F4
360	D144	02D4	F4
360	D144	0248	F4
360	D144	027C	F4
360	D144	02B0	F4
360	D144	02E4	F4
360	D144	0258	F4
360	D144	028C	F4
360	D144	02C0	F4
360	D144	02F4	F4
360	D144	0268	F4
360	D144	029C	F4
361	F47C	0200	B7
361	F47C	0204	B7
361	F47C	0208	B7
361	F47C	020C	B7
361	F47C	0210	BF
361	F47C	0214	BF
361	F47C	0218	BF
361	F47C	021C	BF
361	F47C	0220	C7
361	F47C	0224	C7
361	F47C	0228	C7
361	F47C	022C	C7
361	F47C	0230	CF
361	F47C	0234	CF
361	F47C	0238	CF
361	F47C	023C	CF
361	F47C	0244	1F
361	F47C	0278	25
361	F47C	02AC	27
361	F47C	02E0	2D
361	F47C	0254	2D
361	F47C	0288	31
361	F47C	02BC	31
361	F47C	02F0	35
361	F47C	0264	39
361	F47C	0298	40
361	D144	02CC	F4
361	D144	0240	F4
361	D144	0274	F4
361	D144	02A8	F4
361	D144	02DC	F4
361	D144	0250	F4
361	D144	0284	F4
361	D144	02B8	F4
361	D144	02EC	F4
361	D144	0260	F4
361	D144	0294	F4
361	D144	02C8	F4
361	D144	02FC	F4
361	D144	0270	F4
361	D144	02A4	F4
361	D144	02D8	F4
361	D144	024C	F4
361	D144	0280	F4
361	D144	02B4	F4
361	D144	02E8	F4
361	D144	025C	F4
361	D144	0290	F4
361	D144	02C4	F4
361	D144	02F8	F4
361	D144	026C	F4
361	D144	02A0	F4
361	D144	02D4	F4
361	D144	0248	F4
361	D144	027C	F4
361	D144	02B0	F4
361	D144	02E4	F4
361	D144	0258	F4
361	D144	028C	F4
361	D144	02C0	F4
361	D144	02F4	F4
361	D144	0268	F4
361	D144	029C	F4
361	D144	02D0	F4
362	F47C	0200	B7
362	F47C	0204	B7
362	F47C	0208	B7
362	F47C	020C	B7
362	F47C	0210	BF
362	F47C	0214	BF
362	F47C	0218	BF
362	F47C	021C	BF
362	F47C	0220	C7
362	F47C	0224	C7
362	F47C	0228	C7
362	F47C	022C	C7
362	F47C	0230	CF
362	F47C	0234	CF
362	F47C	0238	CF
362	F47C	023C	CF
362	F47C	0278	1F
362	F47C	02AC	25
362	F47C	02E0	27
362	F47C	0254	2D
362	F47C	0288	2D
362	F47C	02BC	31
362	F47C	02F0	31
362	F47C	0264	35
362	F47C	0298	39
362	F47C	02CC	40
362	D144	0240	F4
362	D144	0274	F4
362	D144	02A8	F4
362	D144	02DC	F4
362	D144	0250	F4
362	D144	0284	F4
362	D144	02B8	F4
362	D144	02EC	F4
362	D144	0260	F4
362	D144	0294	F4
362	D144	02C8	F4
362	D144	02FC	F4
362	D144	0270	F4
362	D144	02A4	F4
362	D144	02D8	F4
362	D144	024C	F4
362	D144	0280	F4
362	D144	02B4	F4
362	D144	02E8	F4
362	D144	025C	F4
362	D144	0290	F4
362	D144	02C4	F4
362	D144	02F8	F4
362	D144	026C	F4
362	D144	02A0	F4
362	D144	02D4	F4
362	D144	0248	F4
362	D144	027C	F4
362	D144	02B0	F4
362	D144	02E4	F4
362	D144	0258	F4
362	D144	028C	F4
362	D144	02C0	F4
362	D144	02F4	F4
362	D144	0268	F4
362	D144	029C	F4
362	D144	02D0	F4
362	D144	0244	F4
363	F47C	0200	B7
363	F47C	0204	B7
363	F47C	0208	B7
363	F47C	020C	B7
363	F47C	0210	BF
363	F47C	0214	BF
363	F47C	0218	BF
363	F47C	021C	BF
363	F47C	0220	C7
363	F47C	0224	C7
363	F47C	0228	C7
363	F47C	022C	C7
363	F47C	0230	CF
363	F47C	0234	CF
363	F47C	0238	CF
363	F47C	023C	CF
363	F47C	026C	1F
363	F47C	02A0	25
363	F47C	02D4	27
363	F47C	0248	2D
363	F47C	027C	2D
363	F47C	02B0	31
363	F47C	02E4	31
363	F47C	0258	35
363	F47C	028C	39
363	F47C	02C0	40
363	D144	02F4	F4
363	D144	0268	F4
363	D144	029C	F4
363	D144	02D0	F4
363	D144	0244	F4
363	D144	0278	F4
363	D144	02AC	F4
363	D144	02E0	F4
363	D144	0254	F4
363	D144	0288	F4
363	D144	02BC	F4
363	D144	02F0	F4
363	D144	0264	F4
363	D144	0298	F4
363	D144	02CC	F4
363	D144	0240	F4
363	D144	0274	F4
363	D144	02A8	F4
363	D144	02DC	F4
363	D144	0250	F4
363	D144	0284	F4
363	D144	02B8	F4
363	D144	02EC	F4
363	D144	0260	F4
363	D144	0294	F4
363	D144	02C8	F4
363	D144	02FC	F4
363	D144	0270	F4
363	D144	02A4	F4
363	D144	02D8	F4
363	D144	024C	F4
363	D144	0280	F4
363	D144	02B4	F4
363	D144	02E8	F4
363	D144	025C	F4
363	D144	0290	F4
363	D144	02C4	F4
363	D144	02F8	F4
364	F47C	0200	B7
364	F47C	0204	B7
364	F47C	0208	B7
364	F47C	020C	B7
364	F47C	0210	BF
364	F47C	0214	BF
364	F47C	0218	BF
364	F47C	021C	BF
364	F47C	0220	C7
364	F47C	0224	C7
364	F47C	0228	C7
364	F47C	022C	C7
364	F47C	0230	CF
364	F47C	0234	CF
364	F47C	0238	CF
364	F47C	023C	CF
364	F47C	02A0	1F
364	F47C	02D4	25
364	F47C	0248	27
364	F47C	027C	2D
364	F47C	02B0	2D
364	F47C	02E4	31
364	F47C	0258	31
364	F47C	028C	35
364	F47C	02C0	39
364	F47C	02F4	40
364	D144	0268	F4
364	D144	029C	F4
364	D144	02D0	F4
364	D144	0244	F4
364	D144	0278	F4
364	D144	02AC	F4
364	D144	02E0	F4
364	D144	0254	F4
364	D144	0288	F4
364	D144	02BC	F4
364	D144	02F0	F4
364	D144	0264	F4
364	D144	0298	F4
364	D144	02CC	F4
364	D144	0240	F4
364	D144	0274	F4
364	D144	02A8	F4
364	D144	02DC	F4
364	D144	0250	F4
364	D144	0284	F4
364	D144	02B8	F4
364	D144	02EC	F4
364	D144	0260	F4
364	D144	0294	F4
364	D144	02C8	F4
364	D144	02FC	F4
364	D144	0270	F4
364	D144	02A4	F4
364	D144	02D8	F4
364	D144	024C	F4
364	D144	0280	F4
364	D144	02B4	F4
364	D144	02E8	F4
364	D144	025C	F4
364	D144	0290	F4
364	D144	02C4	F4
364	D144	02F8	F4
364	D144	026C	F4
365	F47C	0200	B7
365	F47C	0204	B7
365	F47C	0208	B7
365	F47C	020C	B7
365	F47C	0210	BF
365	F47C	0214	BF
365	F47C	0218	BF
365	F47C	021C	BF
365	F47C	0220	C7
365	F47C	0224	C7
365	F47C	0228	C7
365	F47C	022C	C7
365	F47C	0230	CF
365	F47C	0234	CF
365	F47C	0238	CF
365	F47C	023C	CF
365	F47C	02D4	1F
365	F47C	0248	25
365	F47C	027C	27
365	F47C	02B0	2D
365	F47C	02E4	2D
365	F47C	0258	31
365	F47C	028C	31
365	F47C	02C0	35
365	F47C	02F4	39
365	F47C	0268	40
365	D144	029C	F4
365	D144	02D0	F4
365	D144	0244	F4
365	D144	0278	F4
365	D144	02AC	F4
365	D144	02E0	F4
365	D144	0254	F4
365	D144	0288	F4
365	D144	02BC	F4
365	D144	02F0	F4
365	D144	0264	F4
365	D144	0298	F4
365	D144	02CC	F4
365	D144	0240	F4
365	D144	0274	F4
365	D144	02A8	F4
365	D144	02DC	F4
365	D144	0250	F4
365	D144	0284	F4
365	D144	02B8	F4
365	D144	02EC	F4
365	D144	0260	F4
365	D144	0294	F4
365	D144	02C8	F4
365	D144	02FC	F4
365	D144	0270	F4
365	D144	02A4	F4
365	D144	02D8	F4
365	D144	024C	F4
365	D144	0280	F4
365	D144	02B4	F4
365	D144	02E8	F4
365	D144	025C	F4
365	D144	0290	F4
365	D144	02C4	F4
365	D144	02F8	F4
365	D144	026C	F4
365	D144	02A0	F4
366	F47C	0200	B7
366	F47C	0204	B7
366	F47C	0208	B7
366	F47C	020C	B7
366	F47C	0210	BF
366	F47C	0214	BF
366	F47C	0218	BF
366	F47C	021C	BF
366	F47C	0220	C7
366	F47C	0224	C7
366	F47C	0228	C7
366	F47C	022C	C7
366	F47C	0230	CF
366	F47C	0234	CF
366	F47C	0238	CF
366	F47C	023C	CF
366	F47C	0248	1F
366	F47C	027C	25
366	F47C	02B0	27
366	F47C	02E4	2D
366	F47C	0258	2D
366	F47C	028C	31
366	F47C	02C0	31
366	F47C	02F4	35
366	F47C	0268	39
366	F47C	029C	40
366	D144	02D0	F4
366	D144	0244	F4
366	D144	0278	F4
366	D144	02AC	F4
366	D144	02E0	F4
366	D144	0254	F4
366	D144	0288	F4
366	D144	02BC	F4
366	D144	02F0	F4
366	D144	0264	F4
366	D144	0298	F4
366	D144	02CC	F4
366	D144	0240	F4
366	D144	0274	F4
366	D144	02A8	F4
366	D144	02DC	F4
366	D144	0250	F4
366	D144	0284	F4
366	D144	02B8	F4
366	D144	02EC	F4
366	D144	0260	F4
366	D144	0294	F4
366	D144	02C8	F4
366	D144	02FC	F4
366	D144	0270	F4
366	D144	02A4	F4
366	D144	02D8	F4
366	D144	024C	F4
366	D144	0280	F4
366	D144	02B4	F4
366	D144	02E8	F4
366	D144	025C	F4
366	D144	0290	F4
366	D144	02C4	F4
366	D144	02F8	F4
366	D144	026C	F4
366	D144	02A0	F4
366	D144	02D4	F4
367	F47C	0200	B7
367	F47C	0204	B7
367	F47C	0208	B7
367	F47C	020C	B7
367	F47C	0210	BF
367	F47C	0214	BF
367	F47C	0218	BF
367	F47C	021C	BF
367	F47C	0220	C7
367	F47C	0224	C7
367	F47C	0228	C7
367	F47C	022C	C7
367	F47C	0230	CF
367	F47C	0234	CF
367	F47C	0238	CF
367	F47C	023C	CF
367	F47C	027C	1F
367	F47C	02B0	25
367	F47C	02E4	27
367	F47C	0258	2D
367	F47C	028C	2D
367	F47C	02C0	31
367	F47C	02F4	31
367	F47C	0268	35
367	F47C	029C	39
367	F47C	02D0	40
367	D144	0244	F4
367	D144	0278	F4
367	D144	02AC	F4
367	D144	02E0	F4
367	D144	0254	F4
367	D144	0288	F4
367	D144	02BC	F4
367	D144	02F0	F4
367	D144	0264	F4
367	D144	0298	F4
367	D144	02CC	F4
367	D144	0240	F4
367	D144	0274	F4
367	D144	02A8	F4
367	D144	02DC	F4
367	D144	0250	F4
367	D144	0284	F4
367	D144	02B8	F4
367	D144	02EC	F4
367	D144	0260	F4
367	D144	0294	F4
367	D144	02C8	F4
367	D144	02FC	F4
367	D144	0270	F4
367	D144	02A4	F4
367	D144	02D8	F4
367	D144	024C	F4
367	D144	0280	F4
367	D144	02B4	F4
367	D144	02E8	F4
367	D144	025C	F4
367	D144	0290	F4
367	D144	02C4	F4
367	D144	02F8	F4
367	D144	026C	F4
367	D144	02A0	F4
367	D144	02D4	F4
367	D144	0248	F4
368	F47C	0200	B7
368	F47C	0204	B7
368	F47C	0208	B7
368	F47C	020C	B7
368	F47C	0210	BF
368	F47C	0214	BF
368	F47C	0218	BF
368	F47C	021C	BF
368	F47C	0220	C7
368	F47C	0224	C7
368	F47C	0228	C7
368	F47C	022C	C7
368	F47C	0230	CF
368	F47C	0234	CF
368	F47C	0238	CF
368	F47C	023C	CF
368	F47C	0270	1F
368	F47C	02A4	25
368	F47C	02D8	27
368	F47C	024C	2D
368	F47C	0280	2D
368	F47C	02B4	31
368	F47C	02E8	31
368	F47C	025C	35
368	F47C	0290	39
368	F47C	02C4	40
368	D144	02F8	F4
368	D144	026C	F4
368	D144	02A0	F4
368	D144	02D4	F4
368	D144	0248	F4
368	D144	027C	F4
368	D144	02B0	F4
368	D144	02E4	F4
368	D144	0258	F4
368	D144	028C	F4
368	D144	02C0	F4
368	D144	02F4	F4
368	D144	0268	F4
368	D144	029C	F4
368	D144	02D0	F4
368	D144	0244	F4
368	D144	0278	F4
368	D144	02AC	F4
368	D144	02E0	F4
368	D144	0254	F4
368	D144	0288	F4
368	D144	02BC	F4
368	D144	02F0	F4
368	D144	0264	F4
368	D144	0298	F4
368	D144	02CC	F4
368	D144	0240	F4
368	D144	0274	F4
368	D144	02A8	F4
368	D144	02DC	F4
368	D144	0250	F4
368	D144	0284	F4
368	D144	02B8	F4
368	D144	02EC	F4
368	D144	0260	F4
368	D144	0294	F4
368	D144	02C8	F4
368	D144	02FC	F4
369	F47C	0200	B7
369	F47C	0204	B7
369	F47C	0208	B7
369	F47C	020C	B7
369	F47C	0210	BF
369	F47C	0214	BF
369	F47C	0218	BF
369	F47C	021C	BF
369	F47C	0220	C7
369	F47C	0224	C7
369	F47C	0228	C7
369	F47C	022C	C7
369	F47C	0230	CF
369	F47C	0234	CF
369	F47C	0238	CF
369	F47C	023C	CF
369	F47C	02A4	1F
369	F47C	02D8	25
369	F47C	024C	27
369	F47C	0280	2D
369	F47C	02B4	2D
369	F47C	02E8	31
369	F47C	025C	31
369	F47C	0290	35
369	F47C	02C4	39
369	F47C	02F8	40
369	D144	026C	F4
369	D144	02A0	F4
369	D144	02D4	F4
369	D144	0248	F4
369	D144	027C	F4
369	D144	02B0	F4
369	D144	02E4	F4
369	D144	0258	F4
369	D144	028C	F4
369	D144	02C0	F4
369	D144	02F4	F4
369	D144	0268	F4
369	D144	029C	F4
369	D144	02D0	F4
369	D144	0244	F4
369	D144	0278	F4
369	D144	02AC	F4
369	D144	02E0	F4
369	D144	0254	F4
369	D144	0288	F4
369	D144	02BC	F4
369	D144	02F0	F4
369	D144	0264	F4
369	D144	0298	F4
369	D144	02CC	F4
369	D144	0240	F4
369	D144	0274	F4
369	D144	02A8	F4
369	D144	02DC	F4
369	D144	0250	F4
369	D144	0284	F4
369	D144	02B8	F4
369	D144	02EC	F4
369	D144	0260	F4
369	D144	0294	F4
369	D144	02C8	F4
369	D144	02FC	F4
369	D144	0270	F4
370	F47C	0200	B7
370	F47C	0204	B7
370	F47C	0208	B7
370	F47C	020C	B7
370	F47C	0210	BF
370	F47C	0214	BF
370	F47C	0218	BF
370	F47C	021C	BF
370	F47C	0220	C7
370	F47C	0224	C7
370	F47C	0228	C7
370	F47C	022C	C7
370	F47C	0230	CF
370	F47C	0234	CF
370	F47C	0238	CF
370	F47C	023C	CF
370	F47C	02D8	1F
370	F47C	024C	25
370	F47C	0280	27
370	F47C	02B4	2D
370	F47C	02E8	2D
370	F47C	025C	31
370	F47C	0290	31
370	F47C	02C4	35
370	F47C	02F8	39
370	F47C	026C	40
370	D144	02A0	F4
370	D144	02D4	F4
370	D144	0248	F4
370	D144	027C	F4
370	D144	02B0	F4
370	D144	02E4	F4
370	D144	0258	F4
370	D144	028C	F4
370	D144	02C0	F4
370	D144	02F4	F4
370	D144	0268	F4
370	D144	029C	F4
370	D144	02D0	F4
370	D144	0244	F4
370	D144	0278	F4
370	D144	02AC	F4
370	D144	02E0	F4
370	D144	0254	F4
370	D144	0288	F4
370	D144	02BC	F4
370	D144	02F0	F4
370	D144	0264	F4
370	D144	0298	F4
370	D144	02CC	F4
370	D144	0240	F4
370	D144	0274	F4
370	D144	02A8	F4
370	D144	02DC	F4
370	D144	0250	F4
370	D144	0284	F4
370	D144	02B8	F4
370	D144	02EC	F4
370	D144	0260	F4
370	D144	0294	F4
370	D144	02C8	F4
370	D144	02FC	F4
370	D144	0270	F4
370	D144	02A4	F4
371	F47C	0200	B7
371	F47C	0204	B7
371	F47C	0208	B7
371	F47C	020C	B7
371	F47C	0210	BF
371	F47C	0214	BF
371	F47C	0218	BF
371	F47C	021C	BF
371	F47C	0220	C7
371	F47C	0224	C7
371	F47C	0228	C7
371	F47C	022C	C7
371	F47C	0230	CF
371	F47C	0234	CF
371	F47C	0238	CF
371	F47C	023C	CF
371	F47C	024C	1F
371	F47C	0280	25
371	F47C	02B4	27
371	F47C	02E8	2D
371	F47C	025C	2D
371	F47C	0290	31
371	F47C	02C4	31
371	F47C	02F8	35
371	F47C	026C	39
371	F47C	02A0	40
371	D144	02D4	F4
371	D144	0248	F4
371	D144	027C	F4
371	D144	02B0	F4
371	D144	02E4	F4
371	D144	0258	F4
371	D144	028C	F4
371	D144	02C0	F4
371	D144	02F4	F4
371	D144	0268	F4
371	D144	029C	F4
371	D144	02D0	F4
371	D144	0244	F4
371	D144	0278	F4
371	D144	02AC	F4
371	D144	02E0	F4
371	D144	0254	F4
371	D144	0288	F4
371	D144	02BC	F4
371	D144	02F0	F4
371	D144	0264	F4
371	D144	0298	F4
371	D144	02CC	F4
371	D144	0240	F4
371	D144	0274	F4
371	D144	02A8	F4
371	D144	02DC	F4
371	D144	0250	F4
371	D144	0284	F4
371	D144	02B8	F4
371	D144	02EC	F4
371	D144	0260	F4
371	D144	0294	F4
371	D144	02C8	F4
371	D144	02FC	F4
371	D144	0270	F4
371	D144	02A4	F4
371	D144	02D8	F4
372	F47C	0200	B7
372	F47C	0204	B7
372	F47C	0208	B7
372	F47C	020C	B7
372	F47C	0210	BF
372	F47C	0214	BF
372	F47C	0218	BF
372	F47C	021C	BF
372	F47C	0220	C7
372	F47C	0224	C7
372	F47C	0228	C7
372	F47C	022C	C7
372	F47C	0230	CF
372	F47C	0234	CF
372	F47C	0238	CF
372	F47C	023C	CF
372	F47C	0240	1F
372	F47C	0274	25
372	F47C	02A8	27
372	F47C	02DC	2D
372	F47C	0250	2D
372	F47C	0284	31
372	F47C	02B8	31
372	F47C	02EC	35
372	F47C	0260	39
372	F47C	0294	40
372	D144	02C8	F4
372	D144	02FC	F4
372	D144	0270	F4
372	D144	02A4	F4
372	D144	02D8	F4
372	D144	024C	F4
372	D144	0280	F4
372	D144	02B4	F4
372	D144	02E8	F4
372	D144	025C	F4
372	D144	0290	F4
372	D144	02C4	F4
372	D144	02F8	F4
372	D144	026C	F4
372	D144	02A0	F4
372	D144	02D4	F4
372	D144	0248	F4
372	D144	027C	F4
372	D144	02B0	F4
372	D144	02E4	F4
372	D144	0258	F4
372	D144	028C	F4
372	D144	02C0	F4
372	D144	02F4	F4
372	D144	0268	F4
372	D144	029C	F4
372	D144	02D0	F4
372	D144	0244	F4
372	D144	0278	F4
372	D144	02AC	F4
372	D144	02E0	F4
372	D144	0254	F4
372	D144	0288	F4
372	D144	02BC	F4
372	D144	02F0	F4
372	D144	0264	F4
372	D144	0298	F4
372	D144	02CC	F4
373	F47C	0200	B7
373	F47C	0204	B7
373	F47C	0208	B7
373	F47C	020C	B7
373	F47C	0210	BF
373	F47C	0214	BF
373	F47C	0218	BF
373	F47C	021C	BF
373	F47C	0220	C7
373	F47C	0224	C7
373	F47C	0228	C7
373	F47C	022C	C7
373	F47C	0230	CF
373	F47C	0234	CF
373	F47C	0238	CF
373	F47C	023C	CF
373	F47C	0274	1F
373	F47C	02A8	25
373	F47C	02DC	27
373	F47C	0250	2D
373	F47C	0284	2D
373	F47C	02B8	31
373	F47C	02EC	31
373	F47C	0260	35
373	F47C	0294	39
373	F47C	02C8	40
373	D144	02FC	F4
373	D144	0270	F4
373	D144	02A4	F4
373	D144	02D8	F4
373	D144	024C	F4
373	D144	0280	F4
373	D144	02B4	F4
373	D144	02E8	F4
373	D144	025C	F4
373	D144	0290	F4
373	D144	02C4	F4
373	D144	02F8	F4
373	D144	026C	F4
373	D144	02A0	F4
373	D144	02D4	F4
373	D144	0248	F4
373	D144	027C	F4
373	D144	02B0	F4
373	D144	02E4	F4
373	D144	0258	F4
373	D144	028C	F4
373	D144	02C0	F4
373	D144	02F4	F4
373	D144	0268	F4
373	D144	029C	F4
373	D144	02D0	F4
373	D144	0244	F4
373	D144	0278	F4
373	D144	02AC	F4
373	D144	02E0	F4
373	D144	0254	F4
373	D144	0288	F4
373	D144	02BC	F4
373	D144	02F0	F4
373	D144	0264	F4
373	D144	0298	F4
373	D144	02CC	F4
373	D144	0240	F4
374	F47C	0200	B7
374	F47C	0204	B7
374	F47C	0208	B7
374	F47C	020C	B7
374	F47C	0210	BF
374	F47C	0214	BF
374	F47C	0218	BF
374	F47C	021C	BF
374	F47C	0220	C7
374	F47C	0224	C7
374	F47C	0228	C7
374	F47C	022C	C7
374	F47C	0230	CF
374	F47C	0234	CF
374	F47C	0238	CF
374	F47C	023C	CF
374	F47C	02A8	1F
374	F47C	02DC	25
374	F47C	0250	27
374	F47C	0284	2D
374	F47C	02B8	2D
374	F47C	02EC	31
374	F47C	0260	31
374	F47C	0294	35
374	F47C	02C8	39
374	F47C	02FC	40
374	D144	0270	F4
374	D144	02A4	F4
374	D144	02D8	F4
374	D144	024C	F4
374	D144	0280	F4
374	D144	02B4	F4
374	D144	02E8	F4
374	D144	025C	F4
374	D144	0290	F4
374	D144	02C4	F4
374	D144	02F8	F4
374	D144	026C	F4
374	D144	02A0	F4
374	D144	02D4	F4
374	D144	0248	F4
374	D144	027C	F4
374	D144	02B0	F4
374	D144	02E4	F4
374	D144	0258	F4
374	D144	028C	F4
374	D144	02C0	F4
374	D144	02F4	F4
374	D144	0268	F4
374	D144	029C	F4
374	D144	02D0	F4
374	D144	0244	F4
374	D144	0278	F4
374	D144	02AC	F4
374	D144	02E0	F4
374	D144	0254	F4
374	D144	0288	F4
374	D144	02BC	F4
374	D144	02F0	F4
374	D144	0264	F4
374	D144	0298	F4
374	D144	02CC	F4
374	D144	0240	F4
374	D144	0274	F4
375	F47C	0200	B7
375	F47C	0204	B7
375	F47C	0208	B7
375	F47C	020C	B7
375	F47C	0210	BF
375	F47C	0214	BF
375	F47C	0218	BF
375	F47C	021C	BF
375	F47C	0220	C7
375	F47C	0224	C7
375	F47C	0228	C7
375	F47C	022C	C7
375	F47C	0230	CF
375	F47C	0234	CF
375	F47C	0238	CF
375	F47C	023C	CF
375	F47C	02DC	1F
375	F47C	0250	25
375	F47C	0284	27
375	F47C	02B8	2D
375	F47C	02EC	2D
375	F47C	0260	31
375	F47C	0294	31
375	F47C	02C8	35
375	F47C	02FC	39
375	F47C	0270	40
375	D144	02A4	F4
375	D144	02D8	F4
375	D144	024C	F4
375	D144	0280	F4
375	D144	02B4	F4
375	D144	02E8	F4
375	D144	025C	F4
375	D144	0290	F4
375	D144	02C4	F4
375	D144	02F8	F4
375	D144	026C	F4
375	D144	02A0	F4
375	D144	02D4	F4
375	D144	0248	F4
375	D144	027C	F4
375	D144	02B0	F4
375	D144	02E4	F4
375	D144	0258	F4
375	D144	028C	F4
375	D144	02C0	F4
375	D144	02F4	F4
375	D144	0268	F4
375	D144	029C	F4
375	D144	02D0	F4
375	D144	0244	F4
375	D144	0278	F4
375	D144	02AC	F4
375	D144	02E0	F4
375	D144	0254	F4
375	D144	0288	F4
375	D144	02BC	F4
375	D144	02F0	F4
375	D144	0264	F4
375	D144	0298	F4
375	D144	02CC	F4
375	D144	0240	F4
375	D144	0274	F4
375	D144	02A8	F4
376	F47C	0200	B7
376	F47C	0204	B7
376	F47C	0208	B7
376	F47C	020C	B7
376	F47C	0210	BF
376	F47C	0214	BF
376	F47C	0218	BF
376	F47C	021C	BF
376	F47C	0220	C7
376	F47C	0224	C7
376	F47C	0228	C7
376	F47C	022C	C7
376	F47C	0230	CF
376	F47C	0234	CF
376	F47C	0238	CF
376	F47C	023C	CF
376	F47C	0250	1F
376	F47C	0284	25
376	F47C	02B8	27
376	F47C	02EC	2D
376	F47C	0260	2D
376	F47C	0294	31
376	F47C	02C8	31
376	F47C	02FC	35
376	F47C	0270	39
376	F47C	02A4	40
376	D144	02D8	F4
376	D144	024C	F4
376	D144	0280	F4
376	D144	02B4	F4
376	D144	02E8	F4
376	D144	025C	F4
376	D144	0290	F4
376	D144	02C4	F4
376	D144	02F8	F4
376	D144	026C	F4
376	D144	02A0	F4
376	D144	02D4	F4
376	D144	0248	F4
376	D144	027C	F4
376	D144	02B0	F4
376	D144	02E4	F4
376	D144	0258	F4
376	D144	028C	F4
376	D144	02C0	F4
376	D144	02F4	F4
376	D144	0268	F4
376	D144	029C	F4
376	D144	02D0	F4
376	D144	0244	F4
376	D144	0278	F4
376	D144	02AC	F4
376	D144	02E0	F4
376	D144	0254	F4
376	D144	0288	F4
376	D144	02BC	F4
376	D144	02F0	F4
376	D144	0264	F4
376	D144	0298	F4
376	D144	02CC	F4
376	D144	0240	F4
376	D144	0274	F4
376	D144	02A8	F4
376	D144	02DC	F4
377	F47C	0200	B7
377	F47C	0204	B7
377	F47C	0208	B7
377	F47C	020C	B7
377	F47C	0210	BF
377	F47C	0214	BF
377	F47C	0218	BF
377	F47C	021C	BF
377	F47C	0220	C7
377	F47C	0224	C7
377	F47C	0228	C7
377	F47C	022C	C7
377	F47C	0230	CF
377	F47C	0234	CF
377	F47C	0238	CF
377	F47C	023C	CF
377	F47C	0244	1F
377	F47C	0278	25
377	F47C	02AC	27
377	F47C	02E0	2D
377	F47C	0254	2D
377	F47C	0288	31
377	F47C	02BC	31
377	F47C	02F0	35
377	F47C	0264	39
377	F47C	0298	40
377	D144	02CC	F4
377	D144	0240	F4
377	D144	0274	F4
377	D144	02A8	F4
377	D144	02DC	F4
377	D144	0250	F4
377	D144	0284	F4
377	D144	02B8	F4
377	D144	02EC	F4
377	D144	0260	F4
377	D144	0294	F4
377	D144	02C8	F4
377	D144	02FC	F4
377	D144	0270	F4
377	D144	02A4	F4
377	D144	02D8	F4
377	D144	024C	F4
377	D144	0280	F4
377	D144	02B4	F4
377	D144	02E8	F4
377	D144	025C	F4
377	D144	0290	F4
377	D144	02C4	F4
377	D144	02F8	F4
377	D144	026C	F4
377	D144	02A0	F4
377	D144	02D4	F4
377	D144	0248	F4
377	D144	027C	F4
377	D144	02B0	F4
377	D144	02E4	F4
377	D144	0258	F4
377	D144	028C	F4
377	D144	02C0	F4
377	D144	02F4	F4
377	D144	0268	F4
377	D144	029C	F4
377	D144	02D0	F4
378	F47C	0200	B7
378	F47C	0204	B7
378	F47C	0208	B7
378	F47C	020C	B7
378	F47C	0210	BF
378	F47C	0214	BF
378	F47C	0218	BF
378	F47C	021C	BF
378	F47C	0220	C7
378	F47C	0224	C7
378	F47C	0228	C7
378	F47C	022C	C7
378	F47C	0230	CF
378	F47C	0234	CF
378	F47C	0238	CF
378	F47C	023C	CF
378	F47C	0278	1F
378	F47C	02AC	25
378	F47C	02E0	27
378	F47C	0254	2D
378	F47C	0288	2D
378	F47C	02BC	31
378	F47C	02F0	31
378	F47C	0264	35
378	F47C	0298	39
378	F47C	02CC	40
378	D144	0240	F4
378	D144	0274	F4
378	D144	02A8	F4
378	D144	02DC	F4
378	D144	0250	F4
378	D144	0284	F4
378	D144	02B8	F4
378	D144	02EC	F4
378	D144	0260	F4
378	D144	0294	F4
378	D144	02C8	F4
378	D144	02FC	F4
378	D144	0270	F4
378	D144	02A4	F4
378	D144	02D8	F4
378	D144	024C	F4
378	D144	0280	F4
378	D144	02B4	F4
378	D144	02E8	F4
378	D144	025C	F4
378	D144	0290	F4
378	D144	02C4	F4
378	D144	02F8	F4
378	D144	026C	F4
378	D144	02A0	F4
378	D144	02D4	F4
378	D144	0248	F4
378	D144	027C	F4
378	D144	02B0	F4
378	D144	02E4	F4
378	D144	0258	F4
378	D144	028C	F4
378	D144	02C0	F4
378	D144	02F4	F4
378	D144	0268	F4
378	D144	029C	F4
378	D144	02D0	F4
378	D144	0244	F4
379	F47C	0200	B7
379	F47C	0204	B7
379	F47C	0208	B7
379	F47C	020C	B7
379	F47C	0210	BF
379	F47C	0214	BF
379	F47C	0218	BF
379	F47C	021C	BF
379	F47C	0220	C7
379	F47C	0224	C7
379	F47C	0228	C7
379	F47C	022C	C7
379	F47C	0230	CF
379	F47C	0234	CF
379	F47C	0238	CF
379	F47C	023C	CF
379	F47C	02AC	1F
379	F47C	02E0	25
379	F47C	0254	27
379	F47C	0288	2D
379	F47C	02BC	2D
379	F47C	02F0	31
379	F47C	0264	31
379	F47C	0298	35
379	F47C	02CC	39
379	F47C	0240	40
379	D144	0274	F4
379	D144	02A8	F4
379	D144	02DC	F4
379	D144	0250	F4
379	D144	0284	F4
379	D144	02B8	F4
379	D144	02EC	F4
379	D144	0260	F4
379	D144	0294	F4
379	D144	02C8	F4
379	D144	02FC	F4
379	D144	0270	F4
379	D144	02A4	F4
379	D144	02D8	F4
379	D144	024C	F4
379	D144	0280	F4
379	D144	02B4	F4
379	D144	02E8	F4
379	D144	025C	F4
379	D144	0290	F4
379	D144	02C4	F4
379	D144	02F8	F4
379	D144	026C	F4
379	D144	02A0	F4
379	D144	02D4	F4
379	D144	0248	F4
379	D144	027C	F4
379	D144	02B0	F4
379	D144	02E4	F4
379	D144	0258	F4
379	D144	028C	F4
379	D144	02C0	F4
379	D144	02F4	F4
379	D144	0268	F4
379	D144	029C	F4
379	D144	02D0	F4
379	D144	0244	F4
379	D144	0278	F4
380	F47C	0200	B7
380	F47C	0204	B7
380	F47C	0208	B7
380	F47C	020C	B7
380	F47C	0210	BF
380	F47C	0214	BF
380	F47C	0218	BF
380	F47C	021C	BF
380	F47C	0220	C7
380	F47C	0224	C7
380	F47C	0228	C7
380	F47C	022C	C7
380	F47C	0230	CF
380	F47C	0234	CF
380	F47C	0238	CF
380	F47C	023C	CF
380	F47C	02E0	1F
380	F47C	0254	25
380	F47C	0288	27
380	F47C	02BC	2D
380	F47C	02F0	2D
380	F47C	0264	31
380	F47C	0298	31
380	F47C	02CC	35
380	F47C	0240	39
380	F47C	0274	40
380	D144	02A8	F4
380	D144	02DC	F4
380	D144	0250	F4
380	D144	0284	F4
380	D144	02B8	F4
380	D144	02EC	F4
380	D144	0260	F4
380	D144	0294	F4
380	D144	02C8	F4
380	D144	02FC	F4
380	D144	0270	F4
380	D144	02A4	F4
380	D144	02D8	F4
380	D144	024C	F4
380	D144	0280	F4
380	D144	02B4	F4
380	D144	02E8	F4
380	D144	025C	F4
380	D144	0290	F4
380	D144	02C4	F4
380	D144	02F8	F4
380	D144	026C	F4
380	D144	02A0	F4
380	D144	02D4	F4
380	D144	0248	F4
380	D144	027C	F4
380	D144	02B0	F4
380	D144	02E4	F4
380	D144	0258	F4
380	D144	028C	F4
380	D144	02C0	F4
380	D144	02F4	F4
380	D144	0268	F4
380	D144	029C	F4
380	D144	02D0	F4
380	D144	0244	F4
380	D144	0278	F4
380	D144	02AC	F4
381	F47C	0200	B7
381	F47C	0204	B7
381	F47C	0208	B7
381	F47C	020C	B7
381	F47C	0210	BF
381	F47C	0214	BF
381	F47C	0218	BF
381	F47C	021C	BF
381	F47C	0220	C7
381	F47C	0224	C7
381	F47C	0228	C7
381	F47C	022C	C7
381	F47C	0230	CF
381	F47C	0234	CF
381	F47C	0238	CF
381	F47C	023C	CF
381	F47C	0254	1F
381	F47C	0288	25
381	F47C	02BC	27
381	F47C	02F0	2D
381	F47C	0264	2D
381	F47C	0298	31
381	F47C	02CC	31
381	F47C	0240	35
381	F47C	0274	39
381	F47C	02A8	40
381	D144	02DC	F4
381	D144	0250	F4
381	D144	0284	F4
381	D144	02B8	F4
381	D144	02EC	F4
381	D144	0260	F4
381	D144	0294	F4
381	D144	02C8	F4
381	D144	02FC	F4
381	D144	0270	F4
381	D144	02A4	F4
381	D144	02D8	F4
381	D144	024C	F4
381	D144	0280	F4
381	D144	02B4	F4
381	D144	02E8	F4
381	D144	025C	F4
381	D144	0290	F4
381	D144	02C4	F4
381	D144	02F8	F4
381	D144	026C	F4
381	D144	02A0	F4
381	D144	02D4	F4
381	D144	0248	F4
381	D144	027C	F4
381	D144	02B0	F4
381	D144	02E4	F4
381	D144	0258	F4
381	D144	028C	F4
381	D144	02C0	F4
381	D144	02F4	F4
381	D144	0268	F4
381	D144	029C	F4
381	D144	02D0	F4
381	D144	0244	F4
381	D144	0278	F4
381	D144	02AC	F4
381	D144	02E0	F4
382	F47C	0200	B7
382	F47C	0204	B7
382	F47C	0208	B7
382	F47C	020C	B7
382	F47C	0210	BF
382	F47C	0214	BF
382	F47C	0218	BF
382	F47C	021C	BF
382	F47C	0220	C7
382	F47C	0224	C7
382	F47C	0228	C7
382	F47C	022C	C7
382	F47C	0230	CF
382	F47C	0234	CF
382	F47C	0238	CF
382	F47C	023C	CF
382	F47C	0248	1F
382	F47C	027C	25
382	F47C	02B0	27
382	F47C	02E4	2D
382	F47C	0258	2D
382	F47C	028C	31
382	F47C	02C0	31
382	F47C	02F4	35
382	F47C	0268	39
382	F47C	029C	40
382	D144	02D0	F4
382	D144	0244	F4
382	D144	0278	F4
382	D144	02AC	F4
382	D144	02E0	F4
382	D144	0254	F4
382	D144	0288	F4
382	D144	02BC	F4
382	D144	02F0	F4
382	D144	0264	F4
382	D144	0298	F4
382	D144	02CC	F4
382	D144	0240	F4
382	D144	0274	F4
382	D144	02A8	F4
382	D144	02DC	F4
382	D144	0250	F4
382	D144	0284	F4
382	D144	02B8	F4
382	D144	02EC	F4
382	D144	0260	F4
382	D144	0294	F4
382	D144	02C8	F4
382	D144	02FC	F4
382	D144	0270	F4
382	D144	02A4	F4
382	D144	02D8	F4
382	D144	024C	F4
382	D144	0280	F4
382	D144	02B4	F4
382	D144	02E8	F4
382	D144	025C	F4
382	D144	0290	F4
382	D144	02C4	F4
382	D144	02F8	F4
382	D144	026C	F4
382	D144	02A0	F4
382	D144	02D4	F4
383	F47C	0200	B7
383	F47C	0204	B7
383	F47C	0208	B7
383	F47C	020C	B7
383	F47C	0210	BF
383	F47C	0214	BF
383	F47C	0218	BF
383	F47C	021C	BF
383	F47C	0220	C7
383	F47C	0224	C7
383	F47C	0228	C7
383	F47C	022C	C7
383	F47C	0230	CF
383	F47C	0234	CF
383	F47C	0238	CF
383	F47C	023C	CF
383	F47C	027C	1F
383	F47C	02B0	25
383	F47C	02E4	27
383	F47C	0258	2D
383	F47C	028C	2D
383	F47C	02C0	31
383	F47C	02F4	31
383	F47C	0268	35
383	F47C	029C	39
383	F47C	02D0	40
383	D144	0244	F4
383	D144	0278	F4
383	D144	02AC	F4
383	D144	02E0	F4
383	D144	0254	F4
383	D144	0288	F4
383	D144	02BC	F4
383	D144	02F0	F4
383	D144	0264	F4
383	D144	0298	F4
383	D144	02CC	F4
383	D144	0240	F4
383	D144	0274	F4
383	D144	02A8	F4
383	D144	02DC	F4
383	D144	0250	F4
383	D144	0284	F4
383	D144	02B8	F4
383	D144	02EC	F4
383	D144	0260	F4
383	D144	0294	F4
383	D144	02C8	F4
383	D144	02FC	F4
383	D144	0270	F4
383	D144	02A4	F4
383	D144	02D8	F4
383	D144	024C	F4
383	D144	0280	F4
383	D144	02B4	F4
383	D144	02E8	F4
383	D144	025C	F4
383	D144	0290	F4
383	D144	02C4	F4
383	D144	02F8	F4
383	D144	026C	F4
383	D144	02A0	F4
383	D144	02D4	F4
383	D144	0248	F4
384	F47C	0200	B7
384	F47C	0204	B7
384	F47C	0208	B7
384	F47C	020C	B7
384	F47C	0210	BF
384	F47C	0214	BF
384	F47C	0218	BF
384	F47C	021C	BF
384	F47C	0220	C7
384	F47C	0224	C7
384	F47C	0228	C7
384	F47C	022C	C7
384	F47C	0230	CF
384	F47C	0234	CF
384	F47C	0238	CF
384	F47C	023C	CF
384	F47C	02B0	1F
384	F47C	02E4	25
384	F47C	0258	27
384	F47C	028C	2D
384	F47C	02C0	2D
384	F47C	02F4	31
384	F47C	0268	31
384	F47C	029C	35
384	F47C	02D0	39
384	F47C	0244	40
384	D144	0278	F4
384	D144	02AC	F4
384	D144	02E0	F4
384	D144	0254	F4
384	D144	0288	F4
384	D144	02BC	F4
384	D144	02F0	F4
384	D144	0264	F4
384	D144	0298	F4
384	D144	02CC	F4
384	D144	0240	F4
384	D144	0274	F4
384	D144	02A8	F4
384	D144	02DC	F4
384	D144	0250	F4
384	D144	0284	F4
384	D144	02B8	F4
384	D144	02EC	F4
384	D144	0260	F4
384	D144	0294	F4
384	D144	02C8	F4
384	D144	02FC	F4
384	D144	0270	F4
384	D144	02A4	F4
384	D144	02D8	F4
384	D144	024C	F4
384	D144	0280	F4
384	D144	02B4	F4
384	D144	02E8	F4
384	D144	025C	F4
384	D144	0290	F4
384	D144	02C4	F4
384	D144	02F8	F4
384	D144	026C	F4
384	D144	02A0	F4
384	D144	02D4	F4
384	D144	0248	F4
384	D144	027C	F4
385	F47C	0200	B7
385	F47C	0204	B7
385	F47C	0208	B7
385	F47C	020C	B7
385	F47C	0210	BF
385	F47C	0214	BF
385	F47C	0218	BF
385	F47C	021C	BF
385	F47C	0220	C7
385	F47C	0224	C7
385	F47C	0228	C7
385	F47C	022C	C7
385	F47C	0230	CF
385	F47C	0234	CF
385	F47C	0238	CF
385	F47C	023C	CF
385	F47C	02E4	1F
385	F47C	0258	25
385	F47C	028C	27
385	F47C	02C0	2D
385	F47C	02F4	2D
385	F47C	0268	31
385	F47C	029C	31
385	F47C	02D0	35
385	F47C	0244	39
385	F47C	0278	40
385	D144	02AC	F4
385	D144	02E0	F4
385	D144	0254	F4
385	D144	0288	F4
385	D144	02BC	F4
385	D144	02F0	F4
385	D144	0264	F4
385	D144	0298	F4
385	D144	02CC	F4
385	D144	0240	F4
385	D144	0274	F4
385	D144	02A8	F4
385	D144	02DC	F4
385	D144	0250	F4
385	D144	0284	F4
385	D144	02B8	F4
385	D144	02EC	F4
385	D144	0260	F4
385	D144	0294	F4
385	D144	02C8	F4
385	D144	02FC	F4
385	D144	0270	F4
385	D144	02A4	F4
385	D144	02D8	F4
385	D144	024C	F4
385	D144	0280	F4
385	D144	02B4	F4
385	D144	02E8	F4
385	D144	025C	F4
385	D144	0290	F4
385	D144	02C4	F4
385	D144	02F8	F4
385	D144	026C	F4
385	D144	02A0	F4
385	D144	02D4	F4
385	D144	0248	F4
385	D144	027C	F4
385	D144	02B0	F4
386	F47C	0200	B7
386	F47C	0204	B7
386	F47C	0208	B7
386	F47C	020C	B7
386	F47C	0210	BF
386	F47C	0214	BF
386	F47C	0218	BF
386	F47C	021C	BF
386	F47C	0220	C7
386	F47C	0224	C7
386	F47C	0228	C7
386	F47C	022C	C7
386	F47C	0230	CF
386	F47C	0234	CF
386	F47C	0238	CF
386	F47C	023C	CF
386	F47C	0258	1F
386	F47C	028C	25
386	F47C	02C0	27
386	F47C	02F4	2D
386	F47C	0268	2D
386	F47C	029C	31
386	F47C	02D0	31
386	F47C	0244	35
386	F47C	0278	39
386	F47C	02AC	40
386	D144	02E0	F4
386	D144	0254	F4
386	D144	0288	F4
386	D144	02BC	F4
386	D144	02F0	F4
386	D144	0264	F4
386	D144	0298	F4
386	D144	02CC	F4
386	D144	0240	F4
386	D144	0274	F4
386	D144	02A8	F4
386	D144	02DC	F4
386	D144	0250	F4
386	D144	0284	F4
386	D144	02B8	F4
386	D144	02EC	F4
386	D144	0260	F4
386	D144	0294	F4
386	D144	02C8	F4
386	D144	02FC	F4
386	D144	0270	F4
386	D144	02A4	F4
386	D144	02D8	F4
386	D144	024C	F4
386	D144	0280	F4
386	D144	02B4	F4
386	D144	02E8	F4
386	D144	025C	F4
386	D144	0290	F4
386	D144	02C4	F4
386	D144	02F8	F4
386	D144	026C	F4
386	D144	02A0	F4
386	D144	02D4	F4
386	D144	0248	F4
386	D144	027C	F4
386	D144	02B0	F4
386	D144	02E4	F4
387	F47C	0200	B7
387	F47C	0204	B7
387	F47C	0208	B7
387	F47C	020C	B7
387	F47C	0210	BF
387	F47C	0214	BF
387	F47C	0218	BF
387	F47C	021C	BF
387	F47C	0220	C7
387	F47C	0224	C7
387	F47C	0228	C7
387	F47C	022C	C7
387	F47C	0230	CF
387	F47C	0234	CF
387	F47C	0238	CF
387	F47C	023C	CF
387	F47C	024C	1F
387	F47C	0280	25
387	F47C	02B4	27
387	F47C	02E8	2D
387	F47C	025C	2D
387	F47C	0290	31
387	F47C	02C4	31
387	F47C	02F8	35
387	F47C	026C	39
387	F47C	02A0	40
387	D144	02D4	F4
387	D144	0248	F4
387	D144	027C	F4
387	D144	02B0	F4
387	D144	02E4	F4
387	D144	0258	F4
387	D144	028C	F4
387	D144	02C0	F4
387	D144	02F4	F4
387	D144	0268	F4
387	D144	029C	F4
387	D144	02D0	F4
387	D144	0244	F4
387	D144	0278	F4
387	D144	02AC	F4
387	D144	02E0	F4
387	D144	0254	F4
387	D144	0288	F4
387	D144	02BC	F4
387	D144	02F0	F4
387	D144	0264	F4
387	D144	0298	F4
387	D144	02CC	F4
387	D144	0240	F4
387	D144	0274	F4
387	D144	02A8	F4
387	D144	02DC	F4
387	D144	0250	F4
387	D144	0284	F4
387	D144	02B8	F4
387	D144	02EC	F4
387	D144	0260	F4
387	D144	0294	F4
387	D144	02C8	F4
387	D144	02FC	F4
387	D144	0270	F4
387	D144	02A4	F4
387	D144	02D8	F4
388	F47C	0200	B7
388	F47C	0204	B7
388	F47C	0208	B7
388	F47C	020C	B7
388	F47C	0210	BF
388	F47C	0214	BF
388	F47C	0218	BF
388	F47C	021C	BF
388	F47C	0220	C7
388	F47C	0224	C7
388	F47C	0228	C7
388	F47C	022C	C7
388	F47C	0230	CF
388	F47C	0234	CF
388	F47C	0238	CF
388	F47C	023C	CF
388	F47C	0280	1F
388	F47C	02B4	25
388	F47C	02E8	27
388	F47C	025C	2D
388	F47C	0290	2D
388	F47C	02C4	31
388	F47C	02F8	31
388	F47C	026C	35
388	F47C	02A0	39
388	F47C	02D4	40
388	D144	0248	F4
388	D144	027C	F4
388	D144	02B0	F4
388	D144	02E4	F4
388	D144	0258	F4
388	D144	028C	F4
388	D144	02C0	F4
388	D144	02F4	F4
388	D144	0268	F4
388	D144	029C	F4
388	D144	02D0	F4
388	D144	0244	F4
388	D144	0278	F4
388	D144	02AC	F4
388	D144	02E0	F4
388	D144	0254	F4
388	D144	0288	F4
388	D144	02BC	F4
388	D144	02F0	F4
388	D144	0264	F4
388	D144	0298	F4
388	D144	02CC	F4
388	D144	0240	F4
388	D144	0274	F4
388	D144	02A8	F4
388	D144	02DC	F4
388	D144	0250	F4
388	D144	0284	F4
388	D144	02B8	F4
388	D144	02EC	F4
388	D144	0260	F4
388	D144	0294	F4
388	D144	02C8	F4
388	D144	02FC	F4
388	D144	0270	F4
388	D144	02A4	F4
388	D144	02D8	F4
388	D144	024C	F4
389	F47C	0200	B7
389	F47C	0204	B7
389	F47C	0208	B7
389	F47C	020C	B7
389	F47C	0210	BF
389	F47C	0214	BF
389	F47C	0218	BF
389	F47C	021C	BF
389	F47C	0220	C7
389	F47C	0224	C7
389	F47C	0228	C7
389	F47C	022C	C7
389	F47C	0230	CF
389	F47C	0234	CF
389	F47C	0238	CF
389	F47C	023C	CF
389	F47C	02B4	1F
389	F47C	02E8	25
389	F47C	025C	27
389	F47C	0290	2D
389	F47C	02C4	2D
389	F47C	02F8	31
389	F47C	026C	31
389	F47C	02A0	35
389	F47C	02D4	39
389	F47C	0248	40
389	D144	027C	F4
389	D144	02B0	F4
389	D144	02E4	F4
389	D144	0258	F4
389	D144	028C	F4
389	D144	02C0	F4
389	D144	02F4	F4
389	D144	0268	F4
389	D144	029C	F4
389	D144	02D0	F4
389	D144	0244	F4
389	D144	0278	F4
389	D144	02AC	F4
389	D144	02E0	F4
389	D144	0254	F4
389	D144	0288	F4
389	D144	02BC	F4
389	D144	02F0	F4
389	D144	0264	F4
389	D144	0298	F4
389	D144	02CC	F4
389	D144	0240	F4
389	D144	0274	F4
389	D144	02A8	F4
389	D144	02DC	F4
389	D144	0250	F4
389	D144	0284	F4
389	D144	02B8	F4
389	D144	02EC	F4
389	D144	0260	F4
389	D144	0294	F4
389	D144	02C8	F4
389	D144	02FC	F4
389	D144	0270	F4
389	D144	02A4	F4
389	D144	02D8	F4
389	D144	024C	F4
389	D144	0280	F4
390	F47C	0200	B7
390	F47C	0204	B7
390	F47C	0208	B7
390	F47C	020C	B7
390	F47C	0210	BF
390	F47C	0214	BF
390	F47C	0218	BF
390	F47C	021C	BF
390	F47C	0220	C7
390	F47C	0224	C7
390	F47C	0228	C7
390	F47C	022C	C7
390	F47C	0230	CF
390	F47C	0234	CF
390	F47C	0238	CF
390	F47C	023C	CF
390	F47C	02E8	1F
390	F47C	025C	25
390	F47C	0290	27
390	F47C	02C4	2D
390	F47C	02F8	2D
390	F47C	026C	31
390	F47C	02A0	31
390	F47C	02D4	35
390	F47C	0248	39
390	F47C	027C	40
390	D144	02B0	F4
390	D144	02E4	F4
390	D144	0258	F4
390	D144	028C	F4
390	D144	02C0	F4
390	D144	02F4	F4
390	D144	0268	F4
390	D144	029C	F4
390	D144	02D0	F4
390	D144	0244	F4
390	D144	0278	F4
390	D144	02AC	F4
390	D144	02E0	F4
390	D144	0254	F4
390	D144	0288	F4
390	D144	02BC	F4
390	D144	02F0	F4
390	D144	0264	F4
390	D144	0298	F4
390	D144	02CC	F4
390	D144	0240	F4
390	D144	0274	F4
390	D144	02A8	F4
390	D144	02DC	F4
390	D144	0250	F4
390	D144	0284	F4
390	D144	02B8	F4
390	D144	02EC	F4
390	D144	0260	F4
390	D144	0294	F4
390	D144	02C8	F4
390	D144	02FC	F4
390	D144	0270	F4
390	D144	02A4	F4
390	D144	02D8	F4
390	D144	024C	F4
390	D144	0280	F4
390	D144	02B4	F4
391	F47C	0200	B7
391	F47C	0204	B7
391	F47C	0208	B7
391	F47C	020C	B7
391	F47C	0210	BF
391	F47C	0214	BF
391	F47C	0218	BF
391	F47C	021C	BF
391	F47C	0220	C7
391	F47C	0224	C7
391	F47C	0228	C7
391	F47C	022C	C7
391	F47C	0230	CF
391	F47C	0234	CF
391	F47C	0238	CF
391	F47C	023C	CF
391	F47C	025C	1F
391	F47C	0290	25
391	F47C	02C4	27
391	F47C	02F8	2D
391	F47C	026C	2D
391	F47C	02A0	31
391	F47C	02D4	31
391	F47C	0248	35
391	F47C	027C	39
391	F47C	02B0	40
391	D144	02E4	F4
391	D144	0258	F4
391	D144	028C	F4
391	D144	02C0	F4
391	D144	02F4	F4
391	D144	0268	F4
391	D144	029C	F4
391	D144	02D0	F4
391	D144	0244	F4
391	D144	0278	F4
391	D144	02AC	F4
391	D144	02E0	F4
391	D144	0254	F4
391	D144	0288	F4
391	D144	02BC	F4
391	D144	02F0	F4
391	D144	0264	F4
391	D144	0298	F4
391	D144	02CC	F4
391	D144	0240	F4
391	D144	0274	F4
391	D144	02A8	F4
391	D144	02DC	F4
391	D144	0250	F4
391	D144	0284	F4
391	D144	02B8	F4
391	D144	02EC	F4
391	D144	0260	F4
391	D144	0294	F4
391	D144	02C8	F4
391	D144	02FC	F4
391	D144	0270	F4
391	D144	02A4	F4
391	D144	02D8	F4
391	D144	024C	F4
391	D144	0280	F4
391	D144	02B4	F4
391	D144	02E8	F4
392	F47C	0200	B7
392	F47C	0204	B7
392	F47C	0208	B7
392	F47C	020C	B7
392	F47C	0210	BF
392	F47C	0214	BF
392	F47C	0218	BF
392	F47C	021C	BF
392	F47C	0220	C7
392	F47C	0224	C7
392	F47C	0228	C7
392	F47C	022C	C7
392	F47C	0230	CF
392	F47C	0234	CF
392	F47C	0238	CF
392	F47C	023C	CF
392	F47C	0250	1F
392	F47C	0284	25
392	F47C	02B8	27
392	F47C	02EC	2D
392	F47C	0260	2D
392	F47C	0294	31
392	F47C	02C8	31
392	F47C	02FC	35
392	F47C	0270	39
392	F47C	02A4	40
392	D144	02D8	F4
392	D144	024C	F4
392	D144	0280	F4
392	D144	02B4	F4
392	D144	02E8	F4
392	D144	025C	F4
392	D144	0290	F4
392	D144	02C4	F4
392	D144	02F8	F4
392	D144	026C	F4
392	D144	02A0	F4
392	D144	02D4	F4
392	D144	0248	F4
392	D144	027C	F4
392	D144	02B0	F4
392	D144	02E4	F4
392	D144	0258	F4
392	D144	028C	F4
392	D144	02C0	F4
392	D144	02F4	F4
392	D144	0268	F4
392	D144	029C	F4
392	D144	02D0	F4
392	D144	0244	F4
392	D144	0278	F4
392	D144	02AC	F4
392	D144	02E0	F4
392	D144	0254	F4
392	D144	0288	F4
392	D144	02BC	F4
392	D144	02F0	F4
392	D144	0264	F4
392	D144	0298	F4
392	D144	02CC	F4
392	D144	0240	F4
392	D144	0274	F4
392	D144	02A8	F4
392	D144	02DC	F4
393	F47C	0200	B7
393	F47C	0204	B7
393	F47C	0208	B7
393	F47C	020C	B7
393	F47C	0210	BF
393	F47C	0214	BF
393	F47C	0218	BF
393	F47C	021C	BF
393	F47C	0220	C7
393	F47C	0224	C7
393	F47C	0228	C7
393	F47C	022C	C7
393	F47C	0230	CF
393	F47C	0234	CF
393	F47C	0238	CF
393	F47C	023C	CF
393	F47C	0284	1F
393	F47C	02B8	25
393	F47C	02EC	27
393	F47C	0260	2D
393	F47C	0294	2D
393	F47C	02C8	31
393	F47C	02FC	31
393	F47C	0270	35
393	F47C	02A4	39
393	F47C	02D8	40
393	D144	024C	F4
393	D144	0280	F4
393	D144	02B4	F4
393	D144	02E8	F4
393	D144	025C	F4
393	D144	0290	F4
393	D144	02C4	F4
393	D144	02F8	F4
393	D144	026C	F4
393	D144	02A0	F4
393	D144	02D4	F4
393	D144	0248	F4
393	D144	027C	F4
393	D144	02B0	F4
393	D144	02E4	F4
393	D144	0258	F4
393	D144	028C	F4
393	D144	02C0	F4
393	D144	02F4	F4
393	D144	0268	F4
393	D144	029C	F4
393	D144	02D0	F4
393	D144	0244	F4
393	D144	0278	F4
393	D144	02AC	F4
393	D144	02E0	F4
393	D144	0254	F4
393	D144	0288	F4
393	D144	02BC	F4
393	D144	02F0	F4
393	D144	0264	F4
393	D144	0298	F4
393	D144	02CC	F4
393	D144	0240	F4
393	D144	0274	F4
393	D144	02A8	F4
393	D144	02DC	F4
393	D144	0250	F4
394	F47C	0200	B7
394	F47C	0204	B7
394	F47C	0208	B7
394	F47C	020C	B7
394	F47C	0210	BF
394	F47C	0214	BF
394	F47C	0218	BF
394	F47C	021C	BF
394	F47C	0220	C7
394	F47C	0224	C7
394	F47C	0228	C7
394	F47C	022C	C7
394	F47C	0230	CF
394	F47C	0234	CF
394	F47C	0238	CF
394	F47C	023C	CF
394	F47C	02B8	1F
394	F47C	02EC	25
394	F47C	0260	27
394	F47C	0294	2D
394	F47C	02C8	2D
394	F47C	02FC	31
394	F47C	0270	31
394	F47C	02A4	35
394	F47C	02D8	39
394	F47C	024C	40
394	D144	0280	F4
394	D144	02B4	F4
394	D144	02E8	F4
394	D144	025C	F4
394	D144	0290	F4
394	D144	02C4	F4
394	D144	02F8	F4
394	D144	026C	F4
394	D144	02A0	F4
394	D144	02D4	F4
394	D144	0248	F4
394	D144	027C	F4
394	D144	02B0	F4
394	D144	02E4	F4
394	D144	0258	F4
394	D144	028C	F4
394	D144	02C0	F4
394	D144	02F4	F4
394	D144	0268	F4
394	D144	029C	F4
394	D144	02D0	F4
394	D144	0244	F4
394	D144	0278	F4
394	D144	02AC	F4
394	D144	02E0	F4
394	D144	0254	F4
394	D144	0288	F4
394	D144	02BC	F4
394	D144	02F0	F4
394	D144	0264	F4
394	D144	0298	F4
394	D144	02CC	F4
394	D144	0240	F4
394	D144	0274	F4
394	D144	02A8	F4
394	D144	02DC	F4
394	D144	0250	F4
394	D144	0284	F4
395	F47C	0200	B7
395	F47C	0204	B7
395	F47C	0208	B7
395	F47C	020C	B7
395	F47C	0210	BF
395	F47C	0214	BF
395	F47C	0218	BF
395	F47C	021C	BF
395	F47C	0220	C7
395	F47C	0224	C7
395	F47C	0228	C7
395	F47C	022C	C7
395	F47C	0230	CF
395	F47C	0234	CF
395	F47C	0238	CF
395	F47C	023C	CF
395	F47C	02EC	1F
395	F47C	0260	25
395	F47C	0294	27
395	F47C	02C8	2D
395	F47C	02FC	2D
395	F47C	0270	31
395	F47C	02A4	31
395	F47C	02D8	35
395	F47C	024C	39
395	F47C	0280	40
395	D144	02B4	F4
395	D144	02E8	F4
395	D144	025C	F4
395	D144	0290	F4
395	D144	02C4	F4
395	D144	02F8	F4
395	D144	026C	F4
395	D144	02A0	F4
395	D144	02D4	F4
395	D144	0248	F4
395	D144	027C	F4
395	D144	02B0	F4
395	D144	02E4	F4
395	D144	0258	F4
395	D144	028C	F4
395	D144	02C0	F4
395	D144	02F4	F4
395	D144	0268	F4
395	D144	029C	F4
395	D144	02D0	F4
395	D144	0244	F4
395	D144	0278	F4
395	D144	02AC	F4
395	D144	02E0	F4
395	D144	0254	F4
395	D144	0288	F4
395	D144	02BC	F4
395	D144	02F0	F4
395	D144	0264	F4
395	D144	0298	F4
395	D144	02CC	F4
395	D144	0240	F4
395	D144	0274	F4
395	D144	02A8	F4
395	D144	02DC	F4
395	D144	0250	F4
395	D144	0284	F4
395	D144	02B8	F4
396	F47C	0200	B7
396	F47C	0204	B7
396	F47C	0208	B7
396	F47C	020C	B7
396	F47C	0210	BF
396	F47C	0214	BF
396	F47C	0218	BF
396	F47C	021C	BF
396	F47C	0220	C7
396	F47C	0224	C7
396	F47C	0228	C7
396	F47C	022C	C7
396	F47C	0230	CF
396	F47C	0234	CF
396	F47C	0238	CF
396	F47C	023C	CF
396	F47C	0260	1F
396	F47C	0294	25
396	F47C	02C8	27
396	F47C	02FC	2D
396	F47C	0270	2D
396	F47C	02A4	31
396	F47C	02D8	31
396	F47C	024C	35
396	F47C	0280	39
396	F47C	02B4	40
396	D144	02E8	F4
396	D144	025C	F4
396	D144	0290	F4
396	D144	02C4	F4
396	D144	02F8	F4
396	D144	026C	F4
396	D144	02A0	F4
396	D144	02D4	F4
396	D144	0248	F4
396	D144	027C	F4
396	D144	02B0	F4
396	D144	02E4	F4
396	D144	0258	F4
396	D144	028C	F4
396	D144	02C0	F4
396	D144	02F4	F4
396	D144	0268	F4
396	D144	029C	F4
396	D144	02D0	F4
396	D144	0244	F4
396	D144	0278	F4
396	D144	02AC	F4
396	D144	02E0	F4
396	D144	0254	F4
396	D144	0288	F4
396	D144	02BC	F4
396	D144	02F0	F4
396	D144	0264	F4
396	D144	0298	F4
396	D144	02CC	F4
396	D144	0240	F4
396	D144	0274	F4
396	D144	02A8	F4
396	D144	02DC	F4
396	D144	0250	F4
396	D144	0284	F4
396	D144	02B8	F4
396	D144	02EC	F4
397	F47C	0200	B7
397	F47C	0204	B7
397	F47C	0208	B7
397	F47C	020C	B7
397	F47C	0210	BF
397	F47C	0214	BF
397	F47C	0218	BF
397	F47C	021C	BF
397	F47C	0220	C7
397	F47C	0224	C7
397	F47C	0228	C7
397	F47C	022C	C7
397	F47C	0230	CF
397	F47C	0234	CF
397	F47C	0238	CF
397	F47C	023C	CF
397	F47C	0254	1F
397	F47C	0288	25
397	F47C	02BC	27
397	F47C	02F0	2D
397	F47C	0264	2D
397	F47C	0298	31
397	F47C	02CC	31
397	F47C	0240	35
397	F47C	0274	39
397	F47C	02A8	40
397	D144	02DC	F4
397	D144	0250	F4
397	D144	0284	F4
397	D144	02B8	F4
397	D144	02EC	F4
397	D144	0260	F4
397	D144	0294	F4
397	D144	02C8	F4
397	D144	02FC	F4
397	D144	0270	F4
397	D144	02A4	F4
397	D144	02D8	F4
397	D144	024C	F4
397	D144	0280	F4
397	D144	02B4	F4
397	D144	02E8	F4
397	D144	025C	F4
397	D144	0290	F4
397	D144	02C4	F4
397	D144	02F8	F4
397	D144	026C	F4
397	D144	02A0	F4
397	D144	02D4	F4
397	D144	0248	F4
397	D144	027C	F4
397	D144	02B0	F4
397	D144	02E4	F4
397	D144	0258	F4
397	D144	028C	F4
397	D144	02C0	F4
397	D144	02F4	F4
397	D144	0268	F4
397	D144	029C	F4
397	D144	02D0	F4
397	D144	0244	F4
397	D144	0278	F4
397	D144	02AC	F4
397	D144	02E0	F4
398	F47C	0200	B7
398	F47C	0204	B7
398	F47C	0208	B7
398	F47C	020C	B7
398	F47C	0210	BF
398	F47C	0214	BF
398	F47C	0218	BF
398	F47C	021C	BF
398	F47C	0220	C7
398	F47C	0224	C7
398	F47C	0228	C7
398	F47C	022C	C7
398	F47C	0230	CF
398	F47C	0234	CF
398	F47C	0238	CF
398	F47C	023C	CF
398	F47C	0288	1F
398	F47C	02BC	25
398	F47C	02F0	27
398	F47C	0264	2D
398	F47C	0298	2D
398	F47C	02CC	31
398	F47C	0240	31
398	F47C	0274	35
398	F47C	02A8	39
398	F47C	02DC	40
398	D144	0250	F4
398	D144	0284	F4
398	D144	02B8	F4
398	D144	02EC	F4
398	D144	0260	F4
398	D144	0294	F4
398	D144	02C8	F4
398	D144	02FC	F4
398	D144	0270	F4
398	D144	02A4	F4
398	D144	02D8	F4
398	D144	024C	F4
398	D144	0280	F4
398	D144	02B4	F4
398	D144	02E8	F4
398	D144	025C	F4
398	D144	0290	F4
398	D144	02C4	F4
398	D144	02F8	F4
398	D144	026C	F4
398	D144	02A0	F4
398	D144	02D4	F4
398	D144	0248	F4
398	D144	027C	F4
398	D144	02B0	F4
398	D144	02E4	F4
398	D144	0258	F4
398	D144	028C	F4
398	D144	02C0	F4
398	D144	02F4	F4
398	D144	0268	F4
398	D144	029C	F4
398	D144	02D0	F4
398	D144	0244	F4
398	D144	0278	F4
398	D144	02AC	F4
398	D144	02E0	F4
398	D144	0254	F4
399	F47C	0200	B7
399	F47C	0204	B7
399	F47C	0208	B7
399	F47C	020C	B7
399	F47C	0210	BF
399	F47C	0214	BF
399	F47C	0218	BF
399	F47C	021C	BF
399	F47C	0220	C7
399	F47C	0224	C7
399	F47C	0228	C7
399	F47C	022C	C7
399	F47C	0230	CF
399	F47C	0234	CF
399	F47C	0238	CF
399	F47C	023C	CF
399	F47C	02BC	1F
399	F47C	02F0	25
399	F47C	0264	27
399	F47C	0298	2D
399	F47C	02CC	2D
399	F47C	0240	31
399	F47C	0274	31
399	F47C	02A8	35
399	F47C	02DC	39
399	F47C	0250	40
399	D144	0284	F4
399	D144	02B8	F4
399	D144	02EC	F4
399	D144	0260	F4
399	D144	0294	F4
399	D144	02C8	F4
399	D144	02FC	F4
399	D144	0270	F4
399	D144	02A4	F4
399	D144	02D8	F4
399	D144	024C	F4
399	D144	0280	F4
399	D144	02B4	F4
399	D144	02E8	F4
399	D144	025C	F4
399	D144	0290	F4
399	D144	02C4	F4
399	D144	02F8	F4
399	D144	026C	F4
399	D144	02A0	F4
399	D144	02D4	F4
399	D144	0248	F4
399	D144	027C	F4
399	D144	02B0	F4
399	D144	02E4	F4
399	D144	0258	F4
399	D144	028C	F4
399	D144	02C0	F4
399	D144	02F4	F4
399	D144	0268	F4
399	D144	029C	F4
399	D144	02D0	F4
399	D144	0244	F4
399	D144	0278	F4
399	D144	02AC	F4
399	D144	02E0	F4
399	D144	0254	F4
399	D144	0288	F4
400	F47C	0200	B7
400	F47C	0204	B7
400	F47C	0208	B7
400	F47C	020C	B7
400	F47C	0210	BF
400	F47C	0214	BF
400	F47C	0218	BF
400	F47C	021C	BF
400	F47C	0220	C7
400	F47C	0224	C7
400	F47C	0228	C7
400	F47C	022C	C7
400	F47C	0230	CF
400	F47C	0234	CF
400	F47C	0238	CF
400	F47C	023C	CF
400	F47C	02F0	1F
400	F47C	0264	25
400	F47C	0298	27
400	F47C	02CC	2D
400	F47C	0240	2D
400	F47C	0274	31
400	F47C	02A8	31
400	F47C	02DC	35
400	F47C	0250	39
400	F47C	0284	40
400	D144	02B8	F4
400	D144	02EC	F4
400	D144	0260	F4
400	D144	0294	F4
400	D144	02C8	F4
400	D144	02FC	F4
400	D144	0270	F4
400	D144	02A4	F4
400	D144	02D8	F4
400	D144	024C	F4
400	D144	0280	F4
400	D144	02B4	F4
400	D144	02E8	F4
400	D144	025C	F4
400	D144	0290	F4
400	D144	02C4	F4
400	D144	02F8	F4
400	D144	026C	F4
400	D144	02A0	F4
400	D144	02D4	F4
400	D144	0248	F4
400	D144	027C	F4
400	D144	02B0	F4
400	D144	02E4	F4
400	D144	0258	F4
400	D144	028C	F4
400	D144	02C0	F4
400	D144	02F4	F4
400	D144	0268	F4
400	D144	029C	F4
400	D144	02D0	F4
400	D144	0244	F4
400	D144	0278	F4
400	D144	02AC	F4
400	D144	02E0	F4
400	D144	0254	F4
400	D144	0288	F4
400	D144	02BC	F4
401	F47C	0200	B7
401	F47C	0204	B7
401	F47C	0208	B7
401	F47C	020C	B7
401	F47C	0210	BF
401	F47C	0214	BF
401	F47C	0218	BF
401	F47C	021C	BF
401	F47C	0220	C7
401	F47C	0224	C7
401	F47C	0228	C7
401	F47C	022C	C7
401	F47C	0230	CF
401	F47C	0234	CF
401	F47C	0238	CF
401	F47C	023C	CF
401	F47C	0264	1F
401	F47C	0298	25
401	F47C	02CC	27
401	F47C	0240	2D
401	F47C	0274	2D
401	F47C	02A8	31
401	F47C	02DC	31
401	F47C	0250	35
401	F47C	0284	39
401	F47C	02B8	40
401	D144	02EC	F4
401	D144	0260	F4
401	D144	0294	F4
401	D144	02C8	F4
401	D144	02FC	F4
401	D144	0270	F4
401	D144	02A4	F4
401	D144	02D8	F4
401	D144	024C	F4
401	D144	0280	F4
401	D144	02B4	F4
401	D144	02E8	F4
401	D144	025C	F4
401	D144	0290	F4
401	D144	02C4	F4
401	D144	02F8	F4
401	D144	026C	F4
401	D144	02A0	F4
401	D144	02D4	F4
401	D144	0248	F4
401	D144	027C	F4
401	D144	02B0	F4
401	D144	02E4	F4
401	D144	0258	F4
401	D144	028C	F4
401	D144	02C0	F4
401	D144	02F4	F4
401	D144	0268	F4
401	D144	029C	F4
401	D144	02D0	F4
401	D144	0244	F4
401	D144	0278	F4
401	D144	02AC	F4
401	D144	02E0	F4
401	D144	0254	F4
401	D144	0288	F4
401	D144	02BC	F4
401	D144	02F0	F4
402	F47C	0200	B7
402	F47C	0204	B7
402	F47C	0208	B7
402	F47C	020C	B7
402	F47C	0210	BF
402	F47C	0214	BF
402	F47C	0218	BF
402	F47C	021C	BF
402	F47C	0220	C7
402	F47C	0224	C7
402	F47C	0228	C7
402	F47C	022C	C7
402	F47C	0230	CF
402	F47C	0234	CF
402	F47C	0238	CF
402	F47C	023C	CF
402	F47C	0258	1F
402	F47C	028C	25
402	F47C	02C0	27
402	F47C	02F4	2D
402	F47C	0268	2D
402	F47C	029C	31
402	F47C	02D0	31
402	F47C	0244	35
402	F47C	0278	39
402	F47C	02AC	40
402	D144	02E0	F4
402	D144	0254	F4
402	D144	0288	F4
402	D144	02BC	F4
402	D144	02F0	F4
402	D144	0264	F4
402	D144	0298	F4
402	D144	02CC	F4
402	D144	0240	F4
402	D144	0274	F4
402	D144	02A8	F4
402	D144	02DC	F4
402	D144	0250	F4
402	D144	0284	F4
402	D144	02B8	F4
402	D144	02EC	F4
402	D144	0260	F4
402	D144	0294	F4
402	D144	02C8	F4
402	D144	02FC	F4
402	D144	0270	F4
402	D144	02A4	F4
402	D144	02D8	F4
402	D144	024C	F4
402	D144	0280	F4
402	D144	02B4	F4
402	D144	02E8	F4
402	D144	025C	F4
402	D144	0290	F4
402	D144	02C4	F4
402	D144	02F8	F4
402	D144	026C	F4
402	D144	02A0	F4
402	D144	02D4	F4
402	D144	0248	F4
402	D144	027C	F4
402	D144	02B0	F4
402	D144	02E4	F4
403	F47C	0200	B7
403	F47C	0204	B7
403	F47C	0208	B7
403	F47C	020C	B7
403	F47C	0210	BF
403	F47C	0214	BF
403	F47C	0218	BF
403	F47C	021C	BF
403	F47C	0220	C7
403	F47C	0224	C7
403	F47C	0228	C7
403	F47C	022C	C7
403	F47C	0230	CF
403	F47C	0234	CF
403	F47C	0238	CF
403	F47C	023C	CF
403	F47C	028C	1F
403	F47C	02C0	25
403	F47C	02F4	27
403	F47C	0268	2D
403	F47C	029C	2D
403	F47C	02D0	31
403	F47C	0244	31
403	F47C	0278	35
403	F47C	02AC	39
403	F47C	02E0	40
403	D144	0254	F4
403	D144	0288	F4
403	D144	02BC	F4
403	D144	02F0	F4
403	D144	0264	F4
403	D144	0298	F4
403	D144	02CC	F4
403	D144	0240	F4
403	D144	0274	F4
403	D144	02A8	F4
403	D144	02DC	F4
403	D144	0250	F4
403	D144	0284	F4
403	D144	02B8	F4
403	D144	02EC	F4
403	D144	0260	F4
403	D144	0294	F4
403	D144	02C8	F4
403	D144	02FC	F4
403	D144	0270	F4
403	D144	02A4	F4
403	D144	02D8	F4
403	D144	024C	F4
403	D144	0280	F4
403	D144	02B4	F4
403	D144	02E8	F4
403	D144	025C	F4
403	D144	0290	F4
403	D144	02C4	F4
403	D144	02F8	F4
403	D144	026C	F4
403	D144	02A0	F4
403	D144	02D4	F4
403	D144	0248	F4
403	D144	027C	F4
403	D144	02B0	F4
403	D144	02E4	F4
403	D144	0258	F4
404	F47C	0200	B7
404	F47C	0204	B7
404	F47C	0208	B7
404	F47C	020C	B7
404	F47C	0210	BF
404	F47C	0214	BF
404	F47C	0218	BF
404	F47C	021C	BF
404	F47C	0220	C7
404	F47C	0224	C7
404	F47C	0228	C7
404	F47C	022C	C7
404	F47C	0230	CF
404	F47C	0234	CF
404	F47C	0238	CF
404	F47C	023C	CF
404	F47C	02C0	1F
404	F47C	02F4	25
404	F47C	0268	27
404	F47C	029C	2D
404	F47C	02D0	2D
404	F47C	0244	31
404	F47C	0278	31
404	F47C	02AC	35
404	F47C	02E0	39
404	F47C	0254	40
404	D144	0288	F4
404	D144	02BC	F4
404	D144	02F0	F4
404	D144	0264	F4
404	D144	0298	F4
404	D144	02CC	F4
404	D144	0240	F4
404	D144	0274	F4
404	D144	02A8	F4
404	D144	02DC	F4
404	D144	0250	F4
404	D144	0284	F4
404	D144	02B8	F4
404	D144	02EC	F4
404	D144	0260	F4
404	D144	0294	F4
404	D144	02C8	F4
404	D144	02FC	F4
404	D144	0270	F4
404	D144	02A4	F4
404	D144	02D8	F4
404	D144	024C	F4
404	D144	0280	F4
404	D144	02B4	F4
404	D144	02E8	F4
404	D144	025C	F4
404	D144	0290	F4
404	D144	02C4	F4
404	D144	02F8	F4
404	D144	026C	F4
404	D144	02A0	F4
404	D144	02D4	F4
404	D144	0248	F4
404	D144	027C	F4
404	D144	02B0	F4
404	D144	02E4	F4
404	D144	0258	F4
404	D144	028C	F4
405	F47C	0200	B7
405	F47C	0204	B7
405	F47C	0208	B7
405	F47C	020C	B7
405	F47C	0210	BF
405	F47C	0214	BF
405	F47C	0218	BF
405	F47C	021C	BF
405	F47C	0220	C7
405	F47C	0224	C7
405	F47C	0228	C7
405	F47C	022C	C7
405	F47C	0230	CF
405	F47C	0234	CF
405	F47C	0238	CF
405	F47C	023C	CF
405	F47C	02F4	1F
405	F47C	0268	25
405	F47C	029C	27
405	F47C	02D0	2D
405	F47C	0244	2D
405	F47C	0278	31
405	F47C	02AC	31
405	F47C	02E0	35
405	F47C	0254	39
405	F47C	0288	40
405	D144	02BC	F4
405	D144	02F0	F4
405	D144	0264	F4
405	D144	0298	F4
405	D144	02CC	F4
405	D144	0240	F4
405	D144	0274	F4
405	D144	02A8	F4
405	D144	02DC	F4
405	D144	0250	F4
405	D144	0284	F4
405	D144	02B8	F4
405	D144	02EC	F4
405	D144	0260	F4
405	D144	0294	F4
405	D144	02C8	F4
405	D144	02FC	F4
405	D144	0270	F4
405	D144	02A4	F4
405	D144	02D8	F4
405	D144	024C	F4
405	D144	0280	F4
405	D144	02B4	F4
405	D144	02E8	F4
405	D144	025C	F4
405	D144	0290	F4
405	D144	02C4	F4
405	D144	02F8	F4
405	D144	026C	F4
405	D144	02A0	F4
405	D144	02D4	F4
405	D144	0248	F4
405	D144	027C	F4
405	D144	02B0	F4
405	D144	02E4	F4
405	D144	0258	F4
405	D144	028C	F4
405	D144	02C0	F4
406	F47C	0200	B7
406	F47C	0204	B7
406	F47C	0208	B7
406	F47C	020C	B7
406	F47C	0210	BF
406	F47C	0214	BF
406	F47C	0218	BF
406	F47C	021C	BF
406	F47C	0220	C7
406	F47C	0224	C7
406	F47C	0228	C7
406	F47C	022C	C7
406	F47C	0230	CF
406	F47C	0234	CF
406	F47C	0238	CF
406	F47C	023C	CF
406	F47C	0268	1F
406	F47C	029C	25
406	F47C	02D0	27
406	F47C	0244	2D
406	F47C	0278	2D
406	F47C	02AC	31
406	F47C	02E0	31
406	F47C	0254	35
406	F47C	0288	39
406	F47C	02BC	40
406	D144	02F0	F4
406	D144	0264	F4
406	D144	0298	F4
406	D144	02CC	F4
406	D144	0240	F4
406	D144	0274	F4
406	D144	02A8	F4
406	D144	02DC	F4
406	D144	0250	F4
406	D144	0284	F4
406	D144	02B8	F4
406	D144	02EC	F4
406	D144	0260	F4
406	D144	0294	F4
406	D144	02C8	F4
406	D144	02FC	F4
406	D144	0270	F4
406	D144	02A4	F4
406	D144	02D8	F4
406	D144	024C	F4
406	D144	0280	F4
406	D144	02B4	F4
406	D144	02E8	F4
406	D144	025C	F4
406	D144	0290	F4
406	D144	02C4	F4
406	D144	02F8	F4
406	D144	026C	F4
406	D144	02A0	F4
406	D144	02D4	F4
406	D144	0248	F4
406	D144	027C	F4
406	D144	02B0	F4
406	D144	02E4	F4
406	D144	0258	F4
406	D144	028C	F4
406	D144	02C0	F4
406	D144	02F4	F4
407	F47C	0200	B7
407	F47C	0204	B7
407	F47C	0208	B7
407	F47C	020C	B7
407	F47C	0210	BF
407	F47C	0214	BF
407	F47C	0218	BF
407	F47C	021C	BF
407	F47C	0220	C7
407	F47C	0224	C7
407	F47C	0228	C7
407	F47C	022C	C7
407	F47C	0230	CF
407	F47C	0234	CF
407	F47C	0238	CF
407	F47C	023C	CF
407	F47C	025C	1F
407	F47C	0290	25
407	F47C	02C4	27
407	F47C	02F8	2D
407	F47C	026C	2D
407	F47C	02A0	31
407	F47C	02D4	31
407	F47C	0248	35
407	F47C	027C	39
407	F47C	02B0	40
407	D144	02E4	F4
407	D144	0258	F4
407	D144	028C	F4
407	D144	02C0	F4
407	D144	02F4	F4
407	D144	0268	F4
407	D144	029C	F4
407	D144	02D0	F4
407	D144	0244	F4
407	D144	0278	F4
407	D144	02AC	F4
407	D144	02E0	F4
407	D144	0254	F4
407	D144	0288	F4
407	D144	02BC	F4
407	D144	02F0	F4
407	D144	0264	F4
407	D144	0298	F4
407	D144	02CC	F4
407	D144	0240	F4
407	D144	0274	F4
407	D144	02A8	F4
407	D144	02DC	F4
407	D144	0250	F4
407	D144	0284	F4
407	D144	02B8	F4
407	D144	02EC	F4
407	D144	0260	F4
407	D144	0294	F4
407	D144	02C8	F4
407	D144	02FC	F4
407	D144	0270	F4
407	D144	02A4	F4
407	D144	02D8	F4
407	D144	024C	F4
407	D144	0280	F4
407	D144	02B4	F4
407	D144	02E8	F4
408	F47C	0200	B7
408	F47C	0204	B7
408	F47C	0208	B7
408	F47C	020C	B7
408	F47C	0210	BF
408	F47C	0214	BF
408	F47C	0218	BF
408	F47C	021C	BF
408	F47C	0220	C7
408	F47C	0224	C7
408	F47C	0228	C7
408	F47C	022C	C7
408	F47C	0230	CF
408	F47C	0234	CF
408	F47C	0238	CF
408	F47C	023C	CF
408	F47C	0290	1F
408	F47C	02C4	25
408	F47C	02F8	27
408	F47C	026C	2D
408	F47C	02A0	2D
408	F47C	02D4	31
408	F47C	0248	31
408	F47C	027C	35
408	F47C	02B0	39
408	F47C	02E4	40
408	D144	0258	F4
408	D144	028C	F4
408	D144	02C0	F4
408	D144	02F4	F4
408	D144	0268	F4
408	D144	029C	F4
408	D144	02D0	F4
408	D144	0244	F4
408	D144	0278	F4
408	D144	02AC	F4
408	D144	02E0	F4
408	D144	0254	F4
408	D144	0288	F4
408	D144	02BC	F4
408	D144	02F0	F4
408	D144	0264	F4
408	D144	0298	F4
408	D144	02CC	F4
408	D144	0240	F4
408	D144	0274	F4
408	D144	02A8	F4
408	D144	02DC	F4
408	D144	0250	F4
408	D144	0284	F4
408	D144	02B8	F4
408	D144	02EC	F4
408	D144	0260	F4
408	D144	0294	F4
408	D144	02C8	F4
408	D144	02FC	F4
408	D144	0270	F4
408	D144	02A4	F4
408	D144	02D8	F4
408	D144	024C	F4
408	D144	0280	F4
408	D144	02B4	F4
408	D144	02E8	F4
408	D144	025C	F4
409	F47C	0200	B7
409	F47C	0204	B7
409	F47C	0208	B7
409	F47C	020C	B7
409	F47C	0210	BF
409	F47C	0214	BF
409	F47C	0218	BF
409	F47C	021C	BF
409	F47C	0220	C7
409	F47C	0224	C7
409	F47C	0228	C7
409	F47C	022C	C7
409	F47C	0230	CF
409	F47C	0234	CF
409	F47C	0238	CF
409	F47C	023C	CF
409	F47C	02C4	1F
409	F47C	02F8	25
409	F47C	026C	27
409	F47C	02A0	2D
409	F47C	02D4	2D
409	F47C	0248	31
409	F47C	027C	31
409	F47C	02B0	35
409	F47C	02E4	39
409	F47C	0258	40
409	D144	028C	F4
409	D144	02C0	F4
409	D144	02F4	F4
409	D144	0268	F4
409	D144	029C	F4
409	D144	02D0	F4
409	D144	0244	F4
409	D144	0278	F4
409	D144	02AC	F4
409	D144	02E0	F4
409	D144	0254	F4
409	D144	0288	F4
409	D144	02BC	F4
409	D144	02F0	F4
409	D144	0264	F4
409	D144	0298	F4
409	D144	02CC	F4
409	D144	0240	F4
409	D144	0274	F4
409	D144	02A8	F4
409	D144	02DC	F4
409	D144	0250	F4
409	D144	0284	F4
409	D144	02B8	F4
409	D144	02EC	F4
409	D144	0260	F4
409	D144	0294	F4
409	D144	02C8	F4
409	D144	02FC	F4
409	D144	0270	F4
409	D144	02A4	F4
409	D144	02D8	F4
409	D144	024C	F4
409	D144	0280	F4
409	D144	02B4	F4
409	D144	02E8	F4
409	D144	025C	F4
409	D144	0290	F4
410	F47C	0200	B7
410	F47C	0204	B7
410	F47C	0208	B7
410	F47C	020C	B7
410	F47C	0210	BF
410	F47C	0214	BF
410	F47C	0218	BF
410	F47C	021C	BF
410	F47C	0220	C7
410	F47C	0224	C7
410	F47C	0228	C7
410	F47C	022C	C7
410	F47C	0230	CF
410	F47C	0234	CF
410	F47C	0238	CF
410	F47C	023C	CF
410	F47C	02F8	1F
410	F47C	026C	25
410	F47C	02A0	27
410	F47C	02D4	2D
410	F47C	0248	2D
410	F47C	027C	31
410	F47C	02B0	31
410	F47C	02E4	35
410	F47C	0258	39
410	F47C	028C	40
410	D144	02C0	F4
410	D144	02F4	F4
410	D144	0268	F4
410	D144	029C	F4
410	D144	02D0	F4
410	D144	0244	F4
410	D144	0278	F4
410	D144	02AC	F4
410	D144	02E0	F4
410	D144	0254	F4
410	D144	0288	F4
410	D144	02BC	F4
410	D144	02F0	F4
410	D144	0264	F4
410	D144	0298	F4
410	D144	02CC	F4
410	D144	0240	F4
410	D144	0274	F4
410	D144	02A8	F4
410	D144	02DC	F4
410	D144	0250	F4
410	D144	0284	F4
410	D144	02B8	F4
410	D144	02EC	F4
410	D144	0260	F4
410	D144	0294	F4
410	D144	02C8	F4
410	D144	02FC	F4
410	D144	0270	F4
410	D144	02A4	F4
410	D144	02D8	F4
410	D144	024C	F4
410	D144	0280	F4
410	D144	02B4	F4
410	D144	02E8	F4
410	D144	025C	F4
410	D144	0290	F4
410	D144	02C4	F4
411	F47C	0200	B7
411	F47C	0204	B7
411	F47C	0208	B7
411	F47C	020C	B7
411	F47C	0210	BF
411	F47C	0214	BF
411	F47C	0218	BF
411	F47C	021C	BF
411	F47C	0220	C7
411	F47C	0224	C7
411	F47C	0228	C7
411	F47C	022C	C7
411	F47C	0230	CF
411	F47C	0234	CF
411	F47C	0238	CF
411	F47C	023C	CF
411	F47C	026C	1F
411	F47C	02A0	25
411	F47C	02D4	27
411	F47C	0248	2D
411	F47C	027C	2D
411	F47C	02B0	31
411	F47C	02E4	31
411	F47C	0258	35
411	F47C	028C	39
411	F47C	02C0	40
411	D144	02F4	F4
411	D144	0268	F4
411	D144	029C	F4
411	D144	02D0	F4
411	D144	0244	F4
411	D144	0278	F4
411	D144	02AC	F4
411	D144	02E0	F4
411	D144	0254	F4
411	D144	0288	F4
411	D144	02BC	F4
411	D144	02F0	F4
411	D144	0264	F4
411	D144	0298	F4
411	D144	02CC	F4
411	D144	0240	F4
411	D144	0274	F4
411	D144	02A8	F4
411	D144	02DC	F4
411	D144	0250	F4
411	D144	0284	F4
411	D144	02B8	F4
411	D144	02EC	F4
411	D144	0260	F4
411	D144	0294	F4
411	D144	02C8	F4
411	D144	02FC	F4
411	D144	0270	F4
411	D144	02A4	F4
411	D144	02D8	F4
411	D144	024C	F4
411	D144	0280	F4
411	D144	02B4	F4
411	D144	02E8	F4
411	D144	025C	F4
411	D144	0290	F4
411	D144	02C4	F4
411	D144	02F8	F4
412	F47C	0200	B7
412	F47C	0204	B7
412	F47C	0208	B7
412	F47C	020C	B7
412	F47C	0210	BF
412	F47C	0214	BF
412	F47C	0218	BF
412	F47C	021C	BF
412	F47C	0220	C7
412	F47C	0224	C7
412	F47C	0228	C7
412	F47C	022C	C7
412	F47C	0230	CF
412	F47C	0234	CF
412	F47C	0238	CF
412	F47C	023C	CF
412	F47C	0260	1F
412	F47C	0294	25
412	F47C	02C8	27
412	F47C	02FC	2D
412	F47C	0270	2D
412	F47C	02A4	31
412	F47C	02D8	31
412	F47C	024C	35
412	F47C	0280	39
412	F47C	02B4	40
412	D144	02E8	F4
412	D144	025C	F4
412	D144	0290	F4
412	D144	02C4	F4
412	D144	02F8	F4
412	D144	026C	F4
412	D144	02A0	F4
412	D144	02D4	F4
412	D144	0248	F4
412	D144	027C	F4
412	D144	02B0	F4
412	D144	02E4	F4
412	D144	0258	F4
412	D144	028C	F4
412	D144	02C0	F4
412	D144	02F4	F4
412	D144	0268	F4
412	D144	029C	F4
412	D144	02D0	F4
412	D144	0244	F4
412	D144	0278	F4
412	D144	02AC	F4
412	D144	02E0	F4
412	D144	0254	F4
412	D144	0288	F4
412	D144	02BC	F4
412	D144	02F0	F4
412	D144	0264	F4
412	D144	0298	F4
412	D144	02CC	F4
412	D144	0240	F4
412	D144	0274	F4
412	D144	02A8	F4
412	D144	02DC	F4
412	D144	0250	F4
412	D144	0284	F4
412	D144	02B8	F4
412	D144	02EC	F4
413	F47C	0200	B7
413	F47C	0204	B7
413	F47C	0208	B7
413	F47C	020C	B7
413	F47C	0210	BF
413	F47C	0214	BF
413	F47C	0218	BF
413	F47C	021C	BF
413	F47C	0220	C7
413	F47C	0224	C7
413	F47C	0228	C7
413	F47C	022C	C7
413	F47C	0230	CF
413	F47C	0234	CF
413	F47C	0238	CF
413	F47C	023C	CF
413	F47C	0294	1F
413	F47C	02C8	25
413	F47C	02FC	27
413	F47C	0270	2D
413	F47C	02A4	2D
413	F47C	02D8	31
413	F47C	024C	31
413	F47C	0280	35
413	F47C	02B4	39
413	F47C	02E8	40
413	D144	025C	F4
413	D144	0290	F4
413	D144	02C4	F4
413	D144	02F8	F4
413	D144	026C	F4
413	D144	02A0	F4
413	D144	02D4	F4
413	D144	0248	F4
413	D144	027C	F4
413	D144	02B0	F4
413	D144	02E4	F4
413	D144	0258	F4
413	D144	028C	F4
413	D144	02C0	F4
413	D144	02F4	F4
413	D144	0268	F4
413	D144	029C	F4
413	D144	02D0	F4
413	D144	0244	F4
413	D144	0278	F4
413	D144	02AC	F4
413	D144	02E0	F4
413	D144	0254	F4
413	D144	0288	F4
413	D144	02BC	F4
413	D144	02F0	F4
413	D144	0264	F4
413	D144	0298	F4
413	D144	02CC	F4
413	D144	0240	F4
413	D144	0274	F4
413	D144	02A8	F4
413	D144	02DC	F4
413	D144	0250	F4
413	D144	0284	F4
413	D144	02B8	F4
413	D144	02EC	F4
413	D144	0260	F4
414	F47C	0200	B7
414	F47C	0204	B7
414	F47C	0208	B7
414	F47C	020C	B7
414	F47C	0210	BF
414	F47C	0214	BF
414	F47C	0218	BF
414	F47C	021C	BF
414	F47C	0220	C7
414	F47C	0224	C7
414	F47C	0228	C7
414	F47C	022C	C7
414	F47C	0230	CF
414	F47C	0234	CF
414	F47C	0238	CF
414	F47C	023C	CF
414	F47C	02C8	1F
414	F47C	02FC	25
414	F47C	0270	27
414	F47C	02A4	2D
414	F47C	02D8	2D
414	F47C	024C	31
414	F47C	0280	31
414	F47C	02B4	35
414	F47C	02E8	39
414	F47C	025C	40
414	D144	0290	F4
414	D144	02C4	F4
414	D144	02F8	F4
414	D144	026C	F4
414	D144	02A0	F4
414	D144	02D4	F4
414	D144	0248	F4
414	D144	027C	F4
414	D144	02B0	F4
414	D144	02E4	F4
414	D144	0258	F4
414	D144	028C	F4
414	D144	02C0	F4
414	D144	02F4	F4
414	D144	0268	F4
414	D144	029C	F4
414	D144	02D0	F4
414	D144	0244	F4
414	D144	0278	F4
414	D144	02AC	F4
414	D144	02E0	F4
414	D144	0254	F4
414	D144	0288	F4
414	D144	02BC	F4
414	D144	02F0	F4
414	D144	0264	F4
414	D144	0298	F4
414	D144	02CC	F4
414	D144	0240	F4
414	D144	0274	F4
414	D144	02A8	F4
414	D144	02DC	F4
414	D144	0250	F4
414	D144	0284	F4
414	D144	02B8	F4
414	D144	02EC	F4
414	D144	0260	F4
414	D144	0294	F4
415	F47C	0200	B7
415	F47C	0204	B7
415	F47C	0208	B7
415	F47C	020C	B7
415	F47C	0210	BF
415	F47C	0214	BF
415	F47C	0218	BF
415	F47C	021C	BF
415	F47C	0220	C7
415	F47C	0224	C7
415	F47C	0228	C7
415	F47C	022C	C7
415	F47C	0230	CF
415	F47C	0234	CF
415	F47C	0238	CF
415	F47C	023C	CF
415	F47C	02FC	1F
415	F47C	0270	25
415	F47C	02A4	27
415	F47C	02D8	2D
415	F47C	024C	2D
415	F47C	0280	31
415	F47C	02B4	31
415	F47C	02E8	35
415	F47C	025C	39
415	F47C	0290	40
415	D144	02C4	F4
415	D144	02F8	F4
415	D144	026C	F4
415	D144	02A0	F4
415	D144	02D4	F4
415	D144	0248	F4
415	D144	027C	F4
415	D144	02B0	F4
415	D144	02E4	F4
415	D144	0258	F4
415	D144	028C	F4
415	D144	02C0	F4
415	D144	02F4	F4
415	D144	0268	F4
415	D144	029C	F4
415	D144	02D0	F4
415	D144	0244	F4
415	D144	0278	F4
415	D144	02AC	F4
415	D144	02E0	F4
415	D144	0254	F4
415	D144	0288	F4
415	D144	02BC	F4
415	D144	02F0	F4
415	D144	0264	F4
415	D144	0298	F4
415	D144	02CC	F4
415	D144	0240	F4
415	D144	0274	F4
415	D144	02A8	F4
415	D144	02DC	F4
415	D144	0250	F4
415	D144	0284	F4
415	D144	02B8	F4
415	D144	02EC	F4
415	D144	0260	F4
415	D144	0294	F4
415	D144	02C8	F4
416	F47C	0200	B7
416	F47C	0204	B7
416	F47C	0208	B7
416	F47C	020C	B7
416	F47C	0210	BF
416	F47C	0214	BF
416	F47C	0218	BF
416	F47C	021C	BF
416	F47C	0220	C7
416	F47C	0224	C7
416	F47C	0228	C7
416	F47C	022C	C7
416	F47C	0230	CF
416	F47C	0234	CF
416	F47C	0238	CF
416	F47C	023C	CF
416	F47C	0270	1F
416	F47C	02A4	25
416	F47C	02D8	27
416	F47C	024C	2D
416	F47C	0280	2D
416	F47C	02B4	31
416	F47C	02E8	31
416	F47C	025C	35
416	F47C	0290	39
416	F47C	02C4	40
416	D144	02F8	F4
416	D144	026C	F4
416	D144	02A0	F4
416	D144	02D4	F4
416	D144	0248	F4
416	D144	027C	F4
416	D144	02B0	F4
416	D144	02E4	F4
416	D144	0258	F4
416	D144	028C	F4
416	D144	02C0	F4
416	D144	02F4	F4
416	D144	0268	F4
416	D144	029C	F4
416	D144	02D0	F4
416	D144	0244	F4
416	D144	0278	F4
416	D144	02AC	F4
416	D144	02E0	F4
416	D144	0254	F4
416	D144	0288	F4
416	D144	02BC	F4
416	D144	02F0	F4
416	D144	0264	F4
416	D144	0298	F4
416	D144	02CC	F4
416	D144	0240	F4
416	D144	0274	F4
416	D144	02A8	F4
416	D144	02DC	F4
416	D144	0250	F4
416	D144	0284	F4
416	D144	02B8	F4
416	D144	02EC	F4
416	D144	0260	F4
416	D144	0294	F4
416	D144	02C8	F4
416	D144	02FC	F4
417	F47C	0200	B7
417	F47C	0204	B7
417	F47C	0208	B7
417	F47C	020C	B7
417	F47C	0210	BF
417	F47C	0214	BF
417	F47C	0218	BF
417	F47C	021C	BF
417	F47C	0220	C7
417	F47C	0224	C7
417	F47C	0228	C7
417	F47C	022C	C7
417	F47C	0230	CF
417	F47C	0234	CF
417	F47C	0238	CF
417	F47C	023C	CF
417	F47C	0264	1F
417	F47C	0298	25
417	F47C	02CC	27
417	F47C	0240	2D
417	F47C	0274	2D
417	F47C	02A8	31
417	F47C	02DC	31
417	F47C	0250	35
417	F47C	0284	39
417	F47C	02B8	40
417	D144	02EC	F4
417	D144	0260	F4
417	D144	0294	F4
417	D144	02C8	F4
417	D144	02FC	F4
417	D144	0270	F4
417	D144	02A4	F4
417	D144	02D8	F4
417	D144	024C	F4
417	D144	0280	F4
417	D144	02B4	F4
417	D144	02E8	F4
417	D144	025C	F4
417	D144	0290	F4
417	D144	02C4	F4
417	D144	02F8	F4
417	D144	026C	F4
417	D144	02A0	F4
417	D144	02D4	F4
417	D144	0248	F4
417	D144	027C	F4
417	D144	02B0	F4
417	D144	02E4	F4
417	D144	0258	F4
417	D144	028C	F4
417	D144	02C0	F4
417	D144	02F4	F4
417	D144	0268	F4
417	D144	029C	F4
417	D144	02D0	F4
417	D144	0244	F4
417	D144	0278	F4
417	D144	02AC	F4
417	D144	02E0	F4
417	D144	0254	F4
417	D144	0288	F4
417	D144	02BC	F4
417	D144	02F0	F4
418	F47C	0200	B7
418	F47C	0204	B7
418	F47C	0208	B7
418	F47C	020C	B7
418	F47C	0210	BF
418	F47C	0214	BF
418	F47C	0218	BF
418	F47C	021C	BF
418	F47C	0220	C7
418	F47C	0224	C7
418	F47C	0228	C7
418	F47C	022C	C7
418	F47C	0230	CF
418	F47C	0234	CF
418	F47C	0238	CF
418	F47C	023C	CF
418	F47C	0298	1F
418	F47C	02CC	25
418	F47C	0240	27
418	F47C	0274	2D
418	F47C	02A8	2D
418	F47C	02DC	31
418	F47C	0250	31
418	F47C	0284	35
418	F47C	02B8	39
418	F47C	02EC	40
418	D144	0260	F4
418	D144	0294	F4
418	D144	02C8	F4
418	D144	02FC	F4
418	D144	0270	F4
418	D144	02A4	F4
418	D144	02D8	F4
418	D144	024C	F4
418	D144	0280	F4
418	D144	02B4	F4
418	D144	02E8	F4
418	D144	025C	F4
418	D144	0290	F4
418	D144	02C4	F4
418	D144	02F8	F4
418	D144	026C	F4
418	D144	02A0	F4
418	D144	02D4	F4
418	D144	0248	F4
418	D144	027C	F4
418	D144	02B0	F4
418	D144	02E4	F4
418	D144	0258	F4
418	D144	028C	F4
418	D144	02C0	F4
418	D144	02F4	F4
418	D144	0268	F4
418	D144	029C	F4
418	D144	02D0	F4
418	D144	0244	F4
418	D144	0278	F4
418	D144	02AC	F4
418	D144	02E0	F4
418	D144	0254	F4
418	D144	0288	F4
418	D144	02BC	F4
418	D144	02F0	F4
418	D144	0264	F4
419	F47C	0200	B7
419	F47C	0204	B7
419	F47C	0208	B7
419	F47C	020C	B7
419	F47C	0210	BF
419	F47C	0214	BF
419	F47C	0218	BF
419	F47C	021C	BF
419	F47C	0220	C7
419	F47C	0224	C7
419	F47C	0228	C7
419	F47C	022C	C7
419	F47C	0230	CF
419	F47C	0234	CF
419	F47C	0238	CF
419	F47C	023C	CF
419	F47C	02CC	1F
419	F47C	0240	25
419	F47C	0274	27
419	F47C	02A8	2D
419	F47C	02DC	2D
419	F47C	0250	31
419	F47C	0284	31
419	F47C	02B8	35
419	F47C	02EC	39
419	F47C	0260	40
419	D144	0294	F4
419	D144	02C8	F4
419	D144	02FC	F4
419	D144	0270	F4
419	D144	02A4	F4
419	D144	02D8	F4
419	D144	024C	F4
419	D144	0280	F4
419	D144	02B4	F4
419	D144	02E8	F4
419	D144	025C	F4
419	D144	0290	F4
419	D144	02C4	F4
419	D144	02F8	F4
419	D144	026C	F4
419	D144	02A0	F4
419	D144	02D4	F4
419	D144	0248	F4
419	D144	027C	F4
419	D144	02B0	F4
419	D144	02E4	F4
419	D144	0258	F4
419	D144	028C	F4
419	D144	02C0	F4
419	D144	02F4	F4
419	D144	0268	F4
419	D144	029C	F4
419	D144	02D0	F4
419	D144	0244	F4
419	D144	0278	F4
419	D144	02AC	F4
419	D144	02E0	F4
419	D144	0254	F4
419	D144	0288	F4
419	D144	02BC	F4
419	D144	02F0	F4
419	D144	0264	F4
419	D144	0298	F4
420	F47C	0200	B7
420	F47C	0204	B7
420	F47C	0208	B7
420	F47C	020C	B7
420	F47C	0210	BF
420	F47C	0214	BF
420	F47C	0218	BF
420	F47C	021C	BF
420	F47C	0220	C7
420	F47C	0224	C7
420	F47C	0228	C7
420	F47C	022C	C7
420	F47C	0230	CF
420	F47C	0234	CF
420	F47C	0238	CF
420	F47C	023C	CF
420	F47C	0240	1F
420	F47C	0274	25
420	F47C	02A8	27
420	F47C	02DC	2D
420	F47C	0250	2D
420	F47C	0284	31
420	F47C	02B8	31
420	F47C	02EC	35
420	F47C	0260	39
420	F47C	0294	40
420	D144	02C8	F4
420	D144	02FC	F4
420	D144	0270	F4
420	D144	02A4	F4
420	D144	02D8	F4
420	D144	024C	F4
420	D144	0280	F4
420	D144	02B4	F4
420	D144	02E8	F4
420	D144	025C	F4
420	D144	0290	F4
420	D144	02C4	F4
420	D144	02F8	F4
420	D144	026C	F4
420	D144	02A0	F4
420	D144	02D4	F4
420	D144	0248	F4
420	D144	027C	F4
420	D144	02B0	F4
420	D144	02E4	F4
420	D144	0258	F4
420	D144	028C	F4
420	D144	02C0	F4
420	D144	02F4	F4
420	D144	0268	F4
420	D144	029C	F4
420	D144	02D0	F4
420	D144	0244	F4
420	D144	0278	F4
420	D144	02AC	F4
420	D144	02E0	F4
420	D144	0254	F4
420	D144	0288	F4
420	D144	02BC	F4
420	D144	02F0	F4
420	D144	0264	F4
420	D144	0298	F4
420	D144	02CC	F4
421	F47C	0200	B7
421	F47C	0204	B7
421	F47C	0208	B7
421	F47C	020C	B7
421	F47C	0210	BF
421	F47C	0214	BF
421	F47C	0218	BF
421	F47C	021C	BF
421	F47C	0220	C7
421	F47C	0224	C7
421	F47C	0228	C7
421	F47C	022C	C7
421	F47C	0230	CF
421	F47C	0234	CF
421	F47C	0238	CF
421	F47C	023C	CF
421	F47C	0274	1F
421	F47C	02A8	25
421	F47C	02DC	27
421	F47C	0250	2D
421	F47C	0284	2D
421	F47C	02B8	31
421	F47C	02EC	31
421	F47C	0260	35
421	F47C	0294	39
421	F47C	02C8	40
421	D144	02FC	F4
421	D144	0270	F4
421	D144	02A4	F4
421	D144	02D8	F4
421	D144	024C	F4
421	D144	0280	F4
421	D144	02B4	F4
421	D144	02E8	F4
421	D144	025C	F4
421	D144	0290	F4
421	D144	02C4	F4
421	D144	02F8	F4
421	D144	026C	F4
421	D144	02A0	F4
421	D144	02D4	F4
421	D144	0248	F4
421	D144	027C	F4
421	D144	02B0	F4
421	D144	02E4	F4
421	D144	0258	F4
421	D144	028C	F4
421	D144	02C0	F4
421	D144	02F4	F4
421	D144	0268	F4
421	D144	029C	F4
421	D144	02D0	F4
421	D144	0244	F4
421	D144	0278	F4
421	D144	02AC	F4
421	D144	02E0	F4
421	D144	0254	F4
421	D144	0288	F4
421	D144	02BC	F4
421	D144	02F0	F4
421	D144	0264	F4
421	D144	0298	F4
421	D144	02CC	F4
421	D144	0240	F4
422	F47C	0200	B7
422	F47C	0204	B7
422	F47C	0208	B7
422	F47C	020C	B7
422	F47C	0210	BF
422	F47C	0214	BF
422	F47C	0218	BF
422	F47C	021C	BF
422	F47C	0220	C7
422	F47C	0224	C7
422	F47C	0228	C7
422	F47C	022C	C7
422	F47C	0230	CF
422	F47C	0234	CF
422	F47C	0238	CF
422	F47C	023C	CF
422	F47C	0268	1F
422	F47C	029C	25
422	F47C	02D0	27
422	F47C	0244	2D
422	F47C	0278	2D
422	F47C	02AC	31
422	F47C	02E0	31
422	F47C	0254	35
422	F47C	0288	39
422	F47C	02BC	40
422	D144	02F0	F4
422	D144	0264	F4
422	D144	0298	F4
422	D144	02CC	F4
422	D144	0240	F4
422	D144	0274	F4
422	D144	02A8	F4
422	D144	02DC	F4
422	D144	0250	F4
422	D144	0284	F4
422	D144	02B8	F4
422	D144	02EC	F4
422	D144	0260	F4
422	D144	0294	F4
422	D144	02C8	F4
422	D144	02FC	F4
422	D144	0270	F4
422	D144	02A4	F4
422	D144	02D8	F4
422	D144	024C	F4
422	D144	0280	F4
422	D144	02B4	F4
422	D144	02E8	F4
422	D144	025C	F4
422	D144	0290	F4
422	D144	02C4	F4
422	D144	02F8	F4
422	D144	026C	F4
422	D144	02A0	F4
422	D144	02D4	F4
422	D144	0248	F4
422	D144	027C	F4
422	D144	02B0	F4
422	D144	02E4	F4
422	D144	0258	F4
422	D144	028C	F4
422	D144	02C0	F4
422	D144	02F4	F4
423	F47C	0200	B7
423	F47C	0204	B7
423	F47C	0208	B7
423	F47C	020C	B7
423	F47C	0210	BF
423	F47C	0214	BF
423	F47C	0218	BF
423	F47C	021C	BF
423	F47C	0220	C7
423	F47C	0224	C7
423	F47C	0228	C7
423	F47C	022C	C7
423	F47C	0230	CF
423	F47C	0234	CF
423	F47C	0238	CF
423	F47C	023C	CF
423	F47C	029C	1F
423	F47C	02D0	25
423	F47C	0244	27
423	F47C	0278	2D
423	F47C	02AC	2D
423	F47C	02E0	31
423	F47C	0254	31
423	F47C	0288	35
423	F47C	02BC	39
423	F47C	02F0	40
423	D144	0264	F4
423	D144	0298	F4
423	D144	02CC	F4
423	D144	0240	F4
423	D144	0274	F4
423	D144	02A8	F4
423	D144	02DC	F4
423	D144	0250	F4
423	D144	0284	F4
423	D144	02B8	F4
423	D144	02EC	F4
423	D144	0260	F4
423	D144	0294	F4
423	D144	02C8	F4
423	D144	02FC	F4
423	D144	0270	F4
423	D144	02A4	F4
423	D144	02D8	F4
423	D144	024C	F4
423	D144	0280	F4
423	D144	02B4	F4
423	D144	02E8	F4
423	D144	025C	F4
423	D144	0290	F4
423	D144	02C4	F4
423	D144	02F8	F4
423	D144	026C	F4
423	D144	02A0	F4
423	D144	02D4	F4
423	D144	0248	F4
423	D144	027C	F4
423	D144	02B0	F4
423	D144	02E4	F4
423	D144	0258	F4
423	D144	028C	F4
423	D144	02C0	F4
423	D144	02F4	F4
423	D144	0268	F4
424	F47C	0200	B7
424	F47C	0204	B7
424	F47C	0208	B7
424	F47C	020C	B7
424	F47C	0210	BF
424	F47C	0214	BF
424	F47C	0218	BF
424	F47C	021C	BF
424	F47C	0220	C7
424	F47C	0224	C7
424	F47C	0228	C7
424	F47C	022C	C7
424	F47C	0230	CF
424	F47C	0234	CF
424	F47C	0238	CF
424	F47C	023C	CF
424	F47C	02D0	1F
424	F47C	0244	25
424	F47C	0278	27
424	F47C	02AC	2D
424	F47C	02E0	2D
424	F47C	0254	31
424	F47C	0288	31
424	F47C	02BC	35
424	F47C	02F0	39
424	F47C	0264	40
424	D144	0298	F4
424	D144	02CC	F4
424	D144	0240	F4
424	D144	0274	F4
424	D144	02A8	F4
424	D144	02DC	F4
424	D144	0250	F4
424	D144	0284	F4
424	D144	02B8	F4
424	D144	02EC	F4
424	D144	0260	F4
424	D144	0294	F4
424	D144	02C8	F4
424	D144	02FC	F4
424	D144	0270	F4
424	D144	02A4	F4
424	D144	02D8	F4
424	D144	024C	F4
424	D144	0280	F4
424	D144	02B4	F4
424	D144	02E8	F4
424	D144	025C	F4
424	D144	0290	F4
424	D144	02C4	F4
424	D144	02F8	F4
424	D144	026C	F4
424	D144	02A0	F4
424	D144	02D4	F4
424	D144	0248	F4
424	D144	027C	F4
424	D144	02B0	F4
424	D144	02E4	F4
424	D144	0258	F4
424	D144	028C	F4
424	D144	02C0	F4
424	D144	02F4	F4
424	D144	0268	F4
424	D144	029C	F4
425	F47C	0200	B7
425	F47C	0204	B7
425	F47C	0208	B7
425	F47C	020C	B7
425	F47C	0210	BF
425	F47C	0214	BF
425	F47C	0218	BF
425	F47C	021C	BF
425	F47C	0220	C7
425	F47C	0224	C7
425	F47C	0228	C7
425	F47C	022C	C7
425	F47C	0230	CF
425	F47C	0234	CF
425	F47C	0238	CF
425	F47C	023C	CF
425	F47C	0244	1F
425	F47C	0278	25
425	F47C	02AC	27
425	F47C	02E0	2D
425	F47C	0254	2D
425	F47C	0288	31
425	F47C	02BC	31
425	F47C	02F0	35
425	F47C	0264	39
425	F47C	0298	40
425	D144	02CC	F4
425	D144	0240	F4
425	D144	0274	F4
425	D144	02A8	F4
425	D144	02DC	F4
425	D144	0250	F4
425	D144	0284	F4
425	D144	02B8	F4
425	D144	02EC	F4
425	D144	0260	F4
425	D144	0294	F4
425	D144	02C8	F4
425	D144	02FC	F4
425	D144	0270	F4
425	D144	02A4	F4
425	D144	02D8	F4
425	D144	024C	F4
425	D144	0280	F4
425	D144	02B4	F4
425	D144	02E8	F4
425	D144	025C	F4
425	D144	0290	F4
425	D144	02C4	F4
425	D144	02F8	F4
425	D144	026C	F4
425	D144	02A0	F4
425	D144	02D4	F4
425	D144	0248	F4
425	D144	027C	F4
425	D144	02B0	F4
425	D144	02E4	F4
425	D144	0258	F4
425	D144	028C	F4
425	D144	02C0	F4
425	D144	02F4	F4
425	D144	0268	F4
425	D144	029C	F4
425	D144	02D0	F4
426	F47C	0200	B7
426	F47C	0204	B7
426	F47C	0208	B7
426	F47C	020C	B7
426	F47C	0210	BF
426	F47C	0214	BF
426	F47C	0218	BF
426	F47C	021C	BF
426	F47C	0220	C7
426	F47C	0224	C7
426	F47C	0228	C7
426	F47C	022C	C7
426	F47C	0230	CF
426	F47C	0234	CF
426	F47C	0238	CF
426	F47C	023C	CF
426	F47C	0278	1F
426	F47C	02AC	25
426	F47C	02E0	27
426	F47C	0254	2D
426	F47C	0288	2D
426	F47C	02BC	31
426	F47C	02F0	31
426	F47C	0264	35
426	F47C	0298	39
426	F47C	02CC	40
426	D144	0240	F4
426	D144	0274	F4
426	D144	02A8	F4
426	D144	02DC	F4
426	D144	0250	F4
426	D144	0284	F4
426	D144	02B8	F4
426	D144	02EC	F4
426	D144	0260	F4
426	D144	0294	F4
426	D144	02C8	F4
426	D144	02FC	F4
426	D144	0270	F4
426	D144	02A4	F4
426	D144	02D8	F4
426	D144	024C	F4
426	D144	0280	F4
426	D144	02B4	F4
426	D144	02E8	F4
426	D144	025C	F4
426	D144	0290	F4
426	D144	02C4	F4
426	D144	02F8	F4
426	D144	026C	F4
426	D144	02A0	F4
426	D144	02D4	F4
426	D144	0248	F4
426	D144	027C	F4
426	D144	02B0	F4
426	D144	02E4	F4
426	D144	0258	F4
426	D144	028C	F4
426	D144	02C0	F4
426	D144	02F4	F4
426	D144	0268	F4
426	D144	029C	F4
426	D144	02D0	F4
426	D144	0244	F4
427	F47C	0200	B7
427	F47C	0204	B7
427	F47C	0208	B7
427	F47C	020C	B7
427	F47C	0210	BF
427	F47C	0214	BF
427	F47C	0218	BF
427	F47C	021C	BF
427	F47C	0220	C7
427	F47C	0224	C7
427	F47C	0228	C7
427	F47C	022C	C7
427	F47C	0230	CF
427	F47C	0234	CF
427	F47C	0238	CF
427	F47C	023C	CF
427	F47C	026C	1F
427	F47C	02A0	25
427	F47C	02D4	27
427	F47C	0248	2D
427	F47C	027C	2D
427	F47C	02B0	31
427	F47C	02E4	31
427	F47C	0258	35
427	F47C	028C	39
427	F47C	02C0	40
427	D144	02F4	F4
427	D144	0268	F4
427	D144	029C	F4
427	D144	02D0	F4
427	D144	0244	F4
427	D144	0278	F4
427	D144	02AC	F4
427	D144	02E0	F4
427	D144	0254	F4
427	D144	0288	F4
427	D144	02BC	F4
427	D144	02F0	F4
427	D144	0264	F4
427	D144	0298	F4
427	D144	02CC	F4
427	D144	0240	F4
427	D144	0274	F4
427	D144	02A8	F4
427	D144	02DC	F4
427	D144	0250	F4
427	D144	0284	F4
427	D144	02B8	F4
427	D144	02EC	F4
427	D144	0260	F4
427	D144	0294	F4
427	D144	02C8	F4
427	D144	02FC	F4
427	D144	0270	F4
427	D144	02A4	F4
427	D144	02D8	F4
427	D144	024C	F4
427	D144	0280	F4
427	D144	02B4	F4
427	D144	02E8	F4
427	D144	025C	F4
427	D144	0290	F4
427	D144	02C4	F4
427	D144	02F8	F4
428	F47C	0200	B7
428	F47C	0204	B7
428	F47C	0208	B7
428	F47C	020C	B7
428	F47C	0210	BF
428	F47C	0214	BF
428	F47C	0218	BF
428	F47C	021C	BF
428	F47C	0220	C7
428	F47C	0224	C7
428	F47C	0228	C7
428	F47C	022C	C7
428	F47C	0230	CF
428	F47C	0234	CF
428	F47C	0238	CF
428	F47C	023C	CF
428	F47C	02A0	1F
428	F47C	02D4	25
428	F47C	0248	27
428	F47C	027C	2D
428	F47C	02B0	2D
428	F47C	02E4	31
428	F47C	0258	31
428	F47C	028C	35
428	F47C	02C0	39
428	F47C	02F4	40
428	D144	0268	F4
428	D144	029C	F4
428	D144	02D0	F4
428	D144	0244	F4
428	D144	0278	F4
428	D144	02AC	F4
428	D144	02E0	F4
428	D144	0254	F4
428	D144	0288	F4
428	D144	02BC	F4
428	D144	02F0	F4
428	D144	0264	F4
428	D144	0298	F4
428	D144	02CC	F4
428	D144	0240	F4
428	D144	0274	F4
428	D144	02A8	F4
428	D144	02DC	F4
428	D144	0250	F4
428	D144	0284	F4
428	D144	02B8	F4
428	D144	02EC	F4
428	D144	0260	F4
428	D144	0294	F4
428	D144	02C8	F4
428	D144	02FC	F4
428	D144	0270	F4
428	D144	02A4	F4
428	D144	02D8	F4
428	D144	024C	F4
428	D144	0280	F4
428	D144	02B4	F4
428	D144	02E8	F4
428	D144	025C	F4
428	D144	0290	F4
428	D144	02C4	F4
428	D144	02F8	F4
428	D144	026C	F4
429	F47C	0200	B7
429	F47C	0204	B7
429	F47C	0208	B7
429	F47C	020C	B7
429	F47C	0210	BF
429	F47C	0214	BF
429	F47C	0218	BF
429	F47C	021C	BF
429	F47C	0220	C7
429	F47C	0224	C7
429	F47C	0228	C7
429	F47C	022C	C7
429	F47C	0230	CF
429	F47C	0234	CF
429	F47C	0238	CF
429	F47C	023C	CF
429	F47C	02D4	1F
429	F47C	0248	25
429	F47C	027C	27
429	F47C	02B0	2D
429	F47C	02E4	2D
429	F47C	0258	31
429	F47C	028C	31
429	F47C	02C0	35
429	F47C	02F4	39
429	F47C	0268	40
429	D144	029C	F4
429	D144	02D0	F4
429	D144	0244	F4
429	D144	0278	F4
429	D144	02AC	F4
429	D144	02E0	F4
429	D144	0254	F4
429	D144	0288	F4
429	D144	02BC	F4
429	D144	02F0	F4
429	D144	0264	F4
429	D144	0298	F4
429	D144	02CC	F4
429	D144	0240	F4
429	D144	0274	F4
429	D144	02A8	F4
429	D144	02DC	F4
429	D144	0250	F4
429	D144	0284	F4
429	D144	02B8	F4
429	D144	02EC	F4
429	D144	0260	F4
429	D144	0294	F4
429	D144	02C8	F4
429	D144	02FC	F4
429	D144	0270	F4
429	D144	02A4	F4
429	D144	02D8	F4
429	D144	024C	F4
429	D144	0280	F4
429	D144	02B4	F4
429	D144	02E8	F4
429	D144	025C	F4
429	D144	0290	F4
429	D144	02C4	F4
429	D144	02F8	F4
429	D144	026C	F4
429	D144	02A0	F4
430	F47C	0200	B7
430	F47C	0204	B7
430	F47C	0208	B7
430	F47C	020C	B7
430	F47C	0210	BF
430	F47C	0214	BF
430	F47C	0218	BF
430	F47C	021C	BF
430	F47C	0220	C7
430	F47C	0224	C7
430	F47C	0228	C7
430	F47C	022C	C7
430	F47C	0230	CF
430	F47C	0234	CF
430	F47C	0238	CF
430	F47C	023C	CF
430	F47C	0248	1F
430	F47C	027C	25
430	F47C	02B0	27
430	F47C	02E4	2D
430	F47C	0258	2D
430	F47C	028C	31
430	F47C	02C0	31
430	F47C	02F4	35
430	F47C	0268	39
430	F47C	029C	40
430	D144	02D0	F4
430	D144	0244	F4
430	D144	0278	F4
430	D144	02AC	F4
430	D144	02E0	F4
430	D144	0254	F4
430	D144	0288	F4
430	D144	02BC	F4
430	D144	02F0	F4
430	D144	0264	F4
430	D144	0298	F4
430	D144	02CC	F4
430	D144	0240	F4
430	D144	0274	F4
430	D144	02A8	F4
430	D144	02DC	F4
430	D144	0250	F4
430	D144	0284	F4
430	D144	02B8	F4
430	D144	02EC	F4
430	D144	0260	F4
430	D144	0294	F4
430	D144	02C8	F4
430	D144	02FC	F4
430	D144	0270	F4
430	D144	02A4	F4
430	D144	02D8	F4
430	D144	024C	F4
430	D144	0280	F4
430	D144	02B4	F4
430	D144	02E8	F4
430	D144	025C	F4
430	D144	0290	F4
430	D144	02C4	F4
430	D144	02F8	F4
430	D144	026C	F4
430	D144	02A0	F4
430	D144	02D4	F4
431	F47C	0200	B7
431	F47C	0204	B7
431	F47C	0208	B7
431	F47C	020C	B7
431	F47C	0210	BF
431	F47C	0214	BF
431	F47C	0218	BF
431	F47C	021C	BF
431	F47C	0220	C7
431	F47C	0224	C7
431	F47C	0228	C7
431	F47C	022C	C7
431	F47C	0230	CF
431	F47C	0234	CF
431	F47C	0238	CF
431	F47C	023C	CF
431	F47C	027C	1F
431	F47C	02B0	25
431	F47C	02E4	27
431	F47C	0258	2D
431	F47C	028C	2D
431	F47C	02C0	31
431	F47C	02F4	31
431	F47C	0268	35
431	F47C	029C	39
431	F47C	02D0	40
431	D144	0244	F4
431	D144	0278	F4
431	D144	02AC	F4
431	D144	02E0	F4
431	D144	0254	F4
431	D144	0288	F4
431	D144	02BC	F4
431	D144	02F0	F4
431	D144	0264	F4
431	D144	0298	F4
431	D144	02CC	F4
431	D144	0240	F4
431	D144	0274	F4
431	D144	02A8	F4
431	D144	02DC	F4
431	D144	0250	F4
431	D144	0284	F4
431	D144	02B8	F4
431	D144	02EC	F4
431	D144	0260	F4
431	D144	0294	F4
431	D144	02C8	F4
431	D144	02FC	F4
431	D144	0270	F4
431	D144	02A4	F4
431	D144	02D8	F4
431	D144	024C	F4
431	D144	0280	F4
431	D144	02B4	F4
431	D144	02E8	F4
431	D144	025C	F4
431	D144	0290	F4
431	D144	02C4	F4
431	D144	02F8	F4
431	D144	026C	F4
431	D144	02A0	F4
431	D144	02D4	F4
431	D144	0248	F4
432	F47C	0200	B7
432	F47C	0204	B7
432	F47C	0208	B7
432	F47C	020C	B7
432	F47C	0210	BF
432	F47C	0214	BF
432	F47C	0218	BF
432	F47C	021C	BF
432	F47C	0220	C7
432	F47C	0224	C7
432	F47C	0228	C7
432	F47C	022C	C7
432	F47C	0230	CF
432	F47C	0234	CF
432	F47C	0238	CF
432	F47C	023C	CF
432	F47C	0270	1F
432	F47C	02A4	25
432	F47C	02D8	27
432	F47C	024C	2D
432	F47C	0280	2D
432	F47C	02B4	31
432	F47C	02E8	31
432	F47C	025C	35
432	F47C	0290	39
432	F47C	02C4	40
432	D144	02F8	F4
432	D144	026C	F4
432	D144	02A0	F4
432	D144	02D4	F4
432	D144	0248	F4
432	D144	027C	F4
432	D144	02B0	F4
432	D144	02E4	F4
432	D144	0258	F4
432	D144	028C	F4
432	D144	02C0	F4
432	D144	02F4	F4
432	D144	0268	F4
432	D144	029C	F4
432	D144	02D0	F4
432	D144	0244	F4
432	D144	0278	F4
432	D144	02AC	F4
432	D144	02E0	F4
432	D144	0254	F4
432	D144	0288	F4
432	D144	02BC	F4
432	D144	02F0	F4
432	D144	0264	F4
432	D144	0298	F4
432	D144	02CC	F4
432	D144	0240	F4
432	D144	0274	F4
432	D144	02A8	F4
432	D144	02DC	F4
432	D144	0250	F4
432	D144	0284	F4
432	D144	02B8	F4
432	D144	02EC	F4
432	D144	0260	F4
432	D144	0294	F4
432	D144	02C8	F4
432	D144	02FC	F4
433	F47C	0200	B7
433	F47C	0204	B7
433	F47C	0208	B7
433	F47C	020C	B7
433	F47C	0210	BF
433	F47C	0214	BF
433	F47C	0218	BF
433	F47C	021C	BF
433	F47C	0220	C7
433	F47C	0224	C7
433	F47C	0228	C7
433	F47C	022C	C7
433	F47C	0230	CF
433	F47C	0234	CF
433	F47C	0238	CF
433	F47C	023C	CF
433	F47C	02A4	1F
433	F47C	02D8	25
433	F47C	024C	27
433	F47C	0280	2D
433	F47C	02B4	2D
433	F47C	02E8	31
433	F47C	025C	31
433	F47C	0290	35
433	F47C	02C4	39
433	F47C	02F8	40
433	D144	026C	F4
433	D144	02A0	F4
433	D144	02D4	F4
433	D144	0248	F4
433	D144	027C	F4
433	D144	02B0	F4
433	D144	02E4	F4
433	D144	0258	F4
433	D144	028C	F4
433	D144	02C0	F4
433	D144	02F4	F4
433	D144	0268	F4
433	D144	029C	F4
433	D144	02D0	F4
433	D144	0244	F4
433	D144	0278	F4
433	D144	02AC	F4
433	D144	02E0	F4
433	D144	0254	F4
433	D144	0288	F4
433	D144	02BC	F4
433	D144	02F0	F4
433	D144	0264	F4
433	D144	0298	F4
433	D144	02CC	F4
433	D144	0240	F4
433	D144	0274	F4
433	D144	02A8	F4
433	D144	02DC	F4
433	D144	0250	F4
433	D144	0284	F4
433	D144	02B8	F4
433	D144	02EC	F4
433	D144	0260	F4
433	D144	0294	F4
433	D144	02C8	F4
433	D144	02FC	F4
433	D144	0270	F4
434	F47C	0200	B7
434	F47C	0204	B7
434	F47C	0208	B7
434	F47C	020C	B7
434	F47C	0210	BF
434	F47C	0214	BF
434	F47C	0218	BF
434	F47C	021C	BF
434	F47C	0220	C7
434	F47C	0224	C7
434	F47C	0228	C7
434	F47C	022C	C7
434	F47C	0230	CF
434	F47C	0234	CF
434	F47C	0238	CF
434	F47C	023C	CF
434	F47C	02D8	1F
434	F47C	024C	25
434	F47C	0280	27
434	F47C	02B4	2D
434	F47C	02E8	2D
434	F47C	025C	31
434	F47C	0290	31
434	F47C	02C4	35
434	F47C	02F8	39
434	F47C	026C	40
434	D144	02A0	F4
434	D144	02D4	F4
434	D144	0248	F4
434	D144	027C	F4
434	D144	02B0	F4
434	D144	02E4	F4
434	D144	0258	F4
434	D144	028C	F4
434	D144	02C0	F4
434	D144	02F4	F4
434	D144	0268	F4
434	D144	029C	F4
434	D144	02D0	F4
434	D144	0244	F4
434	D144	0278	F4
434	D144	02AC	F4
434	D144	02E0	F4
434	D144	0254	F4
434	D144	0288	F4
434	D144	02BC	F4
434	D144	02F0	F4
434	D144	0264	F4
434	D144	0298	F4
434	D144	02CC	F4
434	D144	0240	F4
434	D144	0274	F4
434	D144	02A8	F4
434	D144	02DC	F4
434	D144	0250	F4
434	D144	0284	F4
434	D144	02B8	F4
434	D144	02EC	F4
434	D144	0260	F4
434	D144	0294	F4
434	D144	02C8	F4
434	D144	02FC	F4
434	D144	0270	F4
434	D144	02A4	F4
435	F47C	0200	B7
435	F47C	0204	B7
435	F47C	0208	B7
435	F47C	020C	B7
435	F47C	0210	BF
435	F47C	0214	BF
435	F47C	0218	BF
435	F47C	021C	BF
435	F47C	0220	C7
435	F47C	0224	C7
435	F47C	0228	C7
435	F47C	022C	C7
435	F47C	0230	CF
435	F47C	0234	CF
435	F47C	0238	CF
435	F47C	023C	CF
435	F47C	024C	1F
435	F47C	0280	25
435	F47C	02B4	27
435	F47C	02E8	2D
435	F47C	025C	2D
435	F47C	0290	31
435	F47C	02C4	31
435	F47C	02F8	35
435	F47C	026C	39
435	F47C	02A0	40
435	D144	02D4	F4
435	D144	0248	F4
435	D144	027C	F4
435	D144	02B0	F4
435	D144	02E4	F4
435	D144	0258	F4
435	D144	028C	F4
435	D144	02C0	F4
435	D144	02F4	F4
435	D144	0268	F4
435	D144	029C	F4
435	D144	02D0	F4
435	D144	0244	F4
435	D144	0278	F4
435	D144	02AC	F4
435	D144	02E0	F4
435	D144	0254	F4
435	D144	0288	F4
435	D144	02BC	F4
435	D144	02F0	F4
435	D144	0264	F4
435	D144	0298	F4
435	D144	02CC	F4
435	D144	0240	F4
435	D144	0274	F4
435	D144	02A8	F4
435	D144	02DC	F4
435	D144	0250	F4
435	D144	0284	F4
435	D144	02B8	F4
435	D144	02EC	F4
435	D144	0260	F4
435	D144	0294	F4
435	D144	02C8	F4
435	D144	02FC	F4
435	D144	0270	F4
435	D144	02A4	F4
435	D144	02D8	F4
436	F47C	0200	B7
436	F47C	0204	B7
436	F47C	0208	B7
436	F47C	020C	B7
436	F47C	0210	BF
436	F47C	0214	BF
436	F47C	0218	BF
436	F47C	021C	BF
436	F47C	0220	C7
436	F47C	0224	C7
436	F47C	0228	C7
436	F47C	022C	C7
436	F47C	0230	CF
436	F47C	0234	CF
436	F47C	0238	CF
436	F47C	023C	CF
436	F47C	0240	1F
436	F47C	0274	25
436	F47C	02A8	27
436	F47C	02DC	2D
436	F47C	0250	2D
436	F47C	0284	31
436	F47C	02B8	31
436	F47C	02EC	35
436	F47C	0260	39
436	F47C	0294	40
436	D144	02C8	F4
436	D144	02FC	F4
436	D144	0270	F4
436	D144	02A4	F4
436	D144	02D8	F4
436	D144	024C	F4
436	D144	0280	F4
436	D144	02B4	F4
436	D144	02E8	F4
436	D144	025C	F4
436	D144	0290	F4
436	D144	02C4	F4
436	D144	02F8	F4
436	D144	026C	F4
436	D144	02A0	F4
436	D144	02D4	F4
436	D144	0248	F4
436	D144	027C	F4
436	D144	02B0	F4
436	D144	02E4	F4
436	D144	0258	F4
436	D144	028C	F4
436	D144	02C0	F4
436	D144	02F4	F4
436	D144	0268	F4
436	D144	029C	F4
436	D144	02D0	F4
436	D144	0244	F4
436	D144	0278	F4
436	D144	02AC	F4
436	D144	02E0	F4
436	D144	0254	F4
436	D144	0288	F4
436	D144	02BC	F4
436	D144	02F0	F4
436	D144	0264	F4
436	D144	0298	F4
436	D144	02CC	F4
437	F47C	0200	B7
437	F47C	0204	B7
437	F47C	0208	B7
437	F47C	020C	B7
437	F47C	0210	BF
437	F47C	0214	BF
437	F47C	0218	BF
437	F47C	021C	BF
437	F47C	0220	C7
437	F47C	0224	C7
437	F47C	0228	C7
437	F47C	022C	C7
437	F47C	0230	CF
437	F47C	0234	CF
437	F47C	0238	CF
437	F47C	023C	CF
437	F47C	0274	1F
437	F47C	02A8	25
437	F47C	02DC	27
437	F47C	0250	2D
437	F47C	0284	2D
437	F47C	02B8	31
437	F47C	02EC	31
437	F47C	0260	35
437	F47C	0294	39
437	F47C	02C8	40
437	D144	02FC	F4
437	D144	0270	F4
437	D144	02A4	F4
437	D144	02D8	F4
437	D144	024C	F4
437	D144	0280	F4
437	D144	02B4	F4
437	D144	02E8	F4
437	D144	025C	F4
437	D144	0290	F4
437	D144	02C4	F4
437	D144	02F8	F4
437	D144	026C	F4
437	D144	02A0	F4
437	D144	02D4	F4
437	D144	0248	F4
437	D144	027C	F4
437	D144	02B0	F4
437	D144	02E4	F4
437	D144	0258	F4
437	D144	028C	F4
437	D144	02C0	F4
437	D144	02F4	F4
437	D144	0268	F4
437	D144	029C	F4
437	D144	02D0	F4
437	D144	0244	F4
437	D144	0278	F4
437	D144	02AC	F4
437	D144	02E0	F4
437	D144	0254	F4
437	D144	0288	F4
437	D144	02BC	F4
437	D144	02F0	F4
437	D144	0264	F4
437	D144	0298	F4
437	D144	02CC	F4
437	D144	0240	F4
438	F47C	0200	B7
438	F47C	0204	B7
438	F47C	0208	B7
438	F47C	020C	B7
438	F47C	0210	BF
438	F47C	0214	BF
438	F47C	0218	BF
438	F47C	021C	BF
438	F47C	0220	C7
438	F47C	0224	C7
438	F47C	0228	C7
438	F47C	022C	C7
438	F47C	0230	CF
438	F47C	0234	CF
438	F47C	0238	CF
438	F47C	023C	CF
438	F47C	02A8	1F
438	F47C	02DC	25
438	F47C	0250	27
438	F47C	0284	2D
438	F47C	02B8	2D
438	F47C	02EC	31
438	F47C	0260	31
438	F47C	0294	35
438	F47C	02C8	39
438	F47C	02FC	40
438	D144	0270	F4
438	D144	02A4	F4
438	D144	02D8	F4
438	D144	024C	F4
438	D144	0280	F4
438	D144	02B4	F4
438	D144	02E8	F4
438	D144	025C	F4
438	D144	0290	F4
438	D144	02C4	F4
438	D144	02F8	F4
438	D144	026C	F4
438	D144	02A0	F4
438	D144	02D4	F4
438	D144	0248	F4
438	D144	027C	F4
438	D144	02B0	F4
438	D144	02E4	F4
438	D144	0258	F4
438	D144	028C	F4
438	D144	02C0	F4
438	D144	02F4	F4
438	D144	0268	F4
438	D144	029C	F4
438	D144	02D0	F4
438	D144	0244	F4
438	D144	0278	F4
438	D144	02AC	F4
438	D144	02E0	F4
438	D144	0254	F4
438	D144	0288	F4
438	D144	02BC	F4
438	D144	02F0	F4
438	D144	0264	F4
438	D144	0298	F4
438	D144	02CC	F4
438	D144	0240	F4
438	D144	0274	F4
439	F47C	0200	B7
439	F47C	0204	B7
439	F47C	0208	B7
439	F47C	020C	B7
439	F47C	0210	BF
439	F47C	0214	BF
439	F47C	0218	BF
439	F47C	021C	BF
439	F47C	0220	C7
439	F47C	0224	C7
439	F47C	0228	C7
439	F47C	022C	C7
439	F47C	0230	CF
439	F47C	0234	CF
439	F47C	0238	CF
439	F47C	023C	CF
439	F47C	02DC	1F
439	F47C	0250	25
439	F47C	0284	27
439	F47C	02B8	2D
439	F47C	02EC	2D
439	F47C	0260	31
439	F47C	0294	31
439	F47C	02C8	35
439	F47C	02FC	39
439	F47C	0270	40
439	D144	02A4	F4
439	D144	02D8	F4
439	D144	024C	F4
439	D144	0280	F4
439	D144	02B4	F4
439	D144	02E8	F4
439	D144	025C	F4
439	D144	0290	F4
439	D144	02C4	F4
439	D144	02F8	F4
439	D144	026C	F4
439	D144	02A0	F4
439	D144	02D4	F4
439	D144	0248	F4
439	D144	027C	F4
439	D144	02B0	F4
439	D144	02E4	F4
439	D144	0258	F4
439	D144	028C	F4
439	D144	02C0	F4
439	D144	02F4	F4
439	D144	0268	F4
439	D144	029C	F4
439	D144	02D0	F4
439	D144	0244	F4
439	D144	0278	F4
439	D144	02AC	F4
439	D144	02E0	F4
439	D144	0254	F4
439	D144	0288	F4
439	D144	02BC	F4
439	D144	02F0	F4
439	D144	0264	F4
439	D144	0298	F4
439	D144	02CC	F4
439	D144	0240	F4
439	D144	0274	F4
439	D144	02A8	F4
440	F47C	0200	B7
440	F47C	0204	B7
440	F47C	0208	B7
440	F47C	020C	B7
440	F47C	0210	BF
440	F47C	0214	BF
440	F47C	0218	BF
440	F47C	021C	BF
440	F47C	0220	C7
440	F47C	0224	C7
440	F47C	0228	C7
440	F47C	022C	C7
440	F47C	0230	CF
440	F47C	0234	CF
440	F47C	0238	CF
440	F47C	023C	CF
440	F47C	0250	1F
440	F47C	0284	25
440	F47C	02B8	27
440	F47C	02EC	2D
440	F47C	0260	2D
440	F47C	0294	31
440	F47C	02C8	31
440	F47C	02FC	35
440	F47C	0270	39
440	F47C	02A4	40
440	D144	02D8	F4
440	D144	024C	F4
440	D144	0280	F4
440	D144	02B4	F4
440	D144	02E8	F4
440	D144	025C	F4
440	D144	0290	F4
440	D144	02C4	F4
440	D144	02F8	F4
440	D144	026C	F4
440	D144	02A0	F4
440	D144	02D4	F4
440	D144	0248	F4
440	D144	027C	F4
440	D144	02B0	F4
440	D144	02E4	F4
440	D144	0258	F4
440	D144	028C	F4
440	D144	02C0	F4
440	D144	02F4	F4
440	D144	0268	F4
440	D144	029C	F4
440	D144	02D0	F4
440	D144	0244	F4
440	D144	0278	F4
440	D144	02AC	F4
440	D144	02E0	F4
440	D144	0254	F4
440	D144	0288	F4
440	D144	02BC	F4
440	D144	02F0	F4
440	D144	0264	F4
440	D144	0298	F4
440	D144	02CC	F4
440	D144	0240	F4
440	D144	0274	F4
440	D144	02A8	F4
440	D144	02DC	F4
441	F47C	0200	B7
441	F47C	0204	B7
441	F47C	0208	B7
441	F47C	020C	B7
441	F47C	0210	BF
441	F47C	0214	BF
441	F47C	0218	BF
441	F47C	021C	BF
441	F47C	0220	C7
441	F47C	0224	C7
441	F47C	0228	C7
441	F47C	022C	C7
441	F47C	0230	CF
441	F47C	0234	CF
441	F47C	0238	CF
441	F47C	023C	CF
441	F47C	0244	1F
441	F47C	0278	25
441	F47C	02AC	27
441	F47C	02E0	2D
441	F47C	0254	2D
441	F47C	0288	31
441	F47C	02BC	31
441	F47C	02F0	35
441	F47C	0264	39
441	F47C	0298	40
441	D144	02CC	F4
441	D144	0240	F4
441	D144	0274	F4
441	D144	02A8	F4
441	D144	02DC	F4
441	D144	0250	F4
441	D144	0284	F4
441	D144	02B8	F4
441	D144	02EC	F4
441	D144	0260	F4
441	D144	0294	F4
441	D144	02C8	F4
441	D144	02FC	F4
441	D144	0270	F4
441	D144	02A4	F4
441	D144	02D8	F4
441	D144	024C	F4
441	D144	0280	F4
441	D144	02B4	F4
441	D144	02E8	F4
441	D144	025C	F4
441	D144	0290	F4
441	D144	02C4	F4
441	D144	02F8	F4
441	D144	026C	F4
441	D144	02A0	F4
441	D144	02D4	F4
441	D144	0248	F4
441	D144	027C	F4
441	D144	02B0	F4
441	D144	02E4	F4
441	D144	0258	F4
441	D144	028C	F4
441	D144	02C0	F4
441	D144	02F4	F4
441	D144	0268	F4
441	D144	029C	F4
441	D144	02D0	F4
442	F47C	0200	B7
442	F47C	0204	B7
442	F47C	0208	B7
442	F47C	020C	B7
442	F47C	0210	BF
442	F47C	0214	BF
442	F47C	0218	BF
442	F47C	021C	BF
442	F47C	0220	C7
442	F47C	0224	C7
442	F47C	0228	C7
442	F47C	022C	C7
442	F47C	0230	CF
442	F47C	0234	CF
442	F47C	0238	CF
442	F47C	023C	CF
442	F47C	0278	1F
442	F47C	02AC	25
442	F47C	02E0	27
442	F47C	0254	2D
442	F47C	0288	2D
442	F47C	02BC	31
442	F47C	02F0	31
442	F47C	0264	35
442	F47C	0298	39
442	F47C	02CC	40
442	D144	0240	F4
442	D144	0274	F4
442	D144	02A8	F4
442	D144	02DC	F4
442	D144	0250	F4
442	D144	0284	F4
442	D144	02B8	F4
442	D144	02EC	F4
442	D144	0260	F4
442	D144	0294	F4
442	D144	02C8	F4
442	D144	02FC	F4
442	D144	0270	F4
442	D144	02A4	F4
442	D144	02D8	F4
442	D144	024C	F4
442	D144	0280	F4
442	D144	02B4	F4
442	D144	02E8	F4
442	D144	025C	F4
442	D144	0290	F4
442	D144	02C4	F4
442	D144	02F8	F4
442	D144	026C	F4
442	D144	02A0	F4
442	D144	02D4	F4
442	D144	0248	F4
442	D144	027C	F4
442	D144	02B0	F4
442	D144	02E4	F4
442	D144	0258	F4
442	D144	028C	F4
442	D144	02C0	F4
442	D144	02F4	F4
442	D144	0268	F4
442	D144	029C	F4
442	D144	02D0	F4
442	D144	0244	F4
443	F47C	0200	B7
443	F47C	0204	B7
443	F47C	0208	B7
443	F47C	020C	B7
443	F47C	0210	BF
443	F47C	0214	BF
443	F47C	0218	BF
443	F47C	021C	BF
443	F47C	0220	C7
443	F47C	0224	C7
443	F47C	0228	C7
443	F47C	022C	C7
443	F47C	0230	CF
443	F47C	0234	CF
443	F47C	0238	CF
443	F47C	023C	CF
443	F47C	02AC	1F
443	F47C	02E0	25
443	F47C	0254	27
443	F47C	0288	2D
443	F47C	02BC	2D
443	F47C	02F0	31
443	F47C	0264	31
443	F47C	0298	35
443	F47C	02CC	39
443	F47C	0240	40
443	D144	0274	F4
443	D144	02A8	F4
443	D144	02DC	F4
443	D144	0250	F4
443	D144	0284	F4
443	D144	02B8	F4
443	D144	02EC	F4
443	D144	0260	F4
443	D144	0294	F4
443	D144	02C8	F4
443	D144	02FC	F4
443	D144	0270	F4
443	D144	02A4	F4
443	D144	02D8	F4
443	D144	024C	F4
443	D144	0280	F4
443	D144	02B4	F4
443	D144	02E8	F4
443	D144	025C	F4
443	D144	0290	F4
443	D144	02C4	F4
443	D144	02F8	F4
443	D144	026C	F4
443	D144	02A0	F4
443	D144	02D4	F4
443	D144	0248	F4
443	D144	027C	F4
443	D144	02B0	F4
443	D144	02E4	F4
443	D144	0258	F4
443	D144	028C	F4
443	D144	02C0	F4
443	D144	02F4	F4
443	D144	0268	F4
443	D144	029C	F4
443	D144	02D0	F4
443	D144	0244	F4
443	D144	0278	F4
444	F47C	0200	B7
444	F47C	0204	B7
444	F47C	0208	B7
444	F47C	020C	B7
444	F47C	0210	BF
444	F47C	0214	BF
444	F47C	0218	BF
444	F47C	021C	BF
444	F47C	0220	C7
444	F47C	0224	C7
444	F47C	0228	C7
444	F47C	022C	C7
444	F47C	0230	CF
444	F47C	0234	CF
444	F47C	0238	CF
444	F47C	023C	CF
444	F47C	02E0	1F
444	F47C	0254	25
444	F47C	0288	27
444	F47C	02BC	2D
444	F47C	02F0	2D
444	F47C	0264	31
444	F47C	0298	31
444	F47C	02CC	35
444	F47C	0240	39
444	F47C	0274	40
444	D144	02A8	F4
444	D144	02DC	F4
444	D144	0250	F4
444	D144	0284	F4
444	D144	02B8	F4
444	D144	02EC	F4
444	D144	0260	F4
444	D144	0294	F4
444	D144	02C8	F4
444	D144	02FC	F4
444	D144	0270	F4
444	D144	02A4	F4
444	D144	02D8	F4
444	D144	024C	F4
444	D144	0280	F4
444	D144	02B4	F4
444	D144	02E8	F4
444	D144	025C	F4
444	D144	0290	F4
444	D144	02C4	F4
444	D144	02F8	F4
444	D144	026C	F4
444	D144	02A0	F4
444	D144	02D4	F4
444	D144	0248	F4
444	D144	027C	F4
444	D144	02B0	F4
444	D144	02E4	F4
444	D144	0258	F4
444	D144	028C	F4
444	D144	02C0	F4
444	D144	02F4	F4
444	D144	0268	F4
444	D144	029C	F4
444	D144	02D0	F4
444	D144	0244	F4
444	D144	0278	F4
444	D144	02AC	F4
445	F47C	0200	B7
445	F47C	0204	B7
445	F47C	0208	B7
445	F47C	020C	B7
445	F47C	0210	BF
445	F47C	0214	BF
445	F47C	0218	BF
445	F47C	021C	BF
445	F47C	0220	C7
445	F47C	0224	C7
445	F47C	0228	C7
445	F47C	022C	C7
445	F47C	0230	CF
445	F47C	0234	CF
445	F47C	0238	CF
445	F47C	023C	CF
445	F47C	0254	1F
445	F47C	0288	25
445	F47C	02BC	27
445	F47C	02F0	2D
445	F47C	0264	2D
445	F47C	0298	31
445	F47C	02CC	31
445	F47C	0240	35
445	F47C	0274	39
445	F47C	02A8	40
445	D144	02DC	F4
445	D144	0250	F4
445	D144	0284	F4
445	D144	02B8	F4
445	D144	02EC	F4
445	D144	0260	F4
445	D144	0294	F4
445	D144	02C8	F4
445	D144	02FC	F4
445	D144	0270	F4
445	D144	02A4	F4
445	D144	02D8	F4
445	D144	024C	F4
445	D144	0280	F4
445	D144	02B4	F4
445	D144	02E8	F4
445	D144	025C	F4
445	D144	0290	F4
445	D144	02C4	F4
445	D144	02F8	F4
445	D144	026C	F4
445	D144	02A0	F4
445	D144	02D4	F4
445	D144	0248	F4
445	D144	027C	F4
445	D144	02B0	F4
445	D144	02E4	F4
445	D144	0258	F4
445	D144	028C	F4
445	D144	02C0	F4
445	D144	02F4	F4
445	D144	0268	F4
445	D144	029C	F4
445	D144	02D0	F4
445	D144	0244	F4
445	D144	0278	F4
445	D144	02AC	F4
445	D144	02E0	F4
446	F47C	0200	B7
446	F47C	0204	B7
446	F47C	0208	B7
446	F47C	020C	B7
446	F47C	0210	BF
446	F47C	0214	BF
446	F47C	0218	BF
446	F47C	021C	BF
446	F47C	0220	C7
446	F47C	0224	C7
446	F47C	0228	C7
446	F47C	022C	C7
446	F47C	0230	CF
446	F47C	0234	CF
446	F47C	0238	CF
446	F47C	023C	CF
446	F47C	0248	1F
446	F47C	027C	25
446	F47C	02B0	27
446	F47C	02E4	2D
446	F47C	0258	2D
446	F47C	028C	31
446	F47C	02C0	31
446	F47C	02F4	35
446	F47C	0268	39
446	F47C	029C	40
446	D144	02D0	F4
446	D144	0244	F4
446	D144	0278	F4
446	D144	02AC	F4
446	D144	02E0	F4
446	D144	0254	F4
446	D144	0288	F4
446	D144	02BC	F4
446	D144	02F0	F4
446	D144	0264	F4
446	D144	0298	F4
446	D144	02CC	F4
446	D144	0240	F4
446	D144	0274	F4
446	D144	02A8	F4
446	D144	02DC	F4
446	D144	0250	F4
446	D144	0284	F4
446	D144	02B8	F4
446	D144	02EC	F4
446	D144	0260	F4
446	D144	0294	F4
446	D144	02C8	F4
446	D144	02FC	F4
446	D144	0270	F4
446	D144	02A4	F4
446	D144	02D8	F4
446	D144	024C	F4
446	D144	0280	F4
446	D144	02B4	F4
446	D144	02E8	F4
446	D144	025C	F4
446	D144	0290	F4
446	D144	02C4	F4
446	D144	02F8	F4
446	D144	026C	F4
446	D144	02A0	F4
446	D144	02D4	F4
447	F47C	0200	B7
447	F47C	0204	B7
447	F47C	0208	B7
447	F47C	020C	B7
447	F47C	0210	BF
447	F47C	0214	BF
447	F47C	0218	BF
447	F47C	021C	BF
447	F47C	0220	C7
447	F47C	0224	C7
447	F47C	0228	C7
447	F47C	022C	C7
447	F47C	0230	CF
447	F47C	0234	CF
447	F47C	0238	CF
447	F47C	023C	CF
447	F47C	027C	1F
447	F47C	02B0	25
447	F47C	02E4	27
447	F47C	0258	2D
447	F47C	028C	2D
447	F47C	02C0	31
447	F47C	02F4	31
447	F47C	0268	35
447	F47C	029C	39
447	F47C	02D0	40
447	D144	0244	F4
447	D144	0278	F4
447	D144	02AC	F4
447	D144	02E0	F4
447	D144	0254	F4
447	D144	0288	F4
447	D144	02BC	F4
447	D144	02F0	F4
447	D144	0264	F4
447	D144	0298	F4
447	D144	02CC	F4
447	D144	0240	F4
447	D144	0274	F4
447	D144	02A8	F4
447	D144	02DC	F4
447	D144	0250	F4
447	D144	0284	F4
447	D144	02B8	F4
447	D144	02EC	F4
447	D144	0260	F4
447	D144	0294	F4
447	D144	02C8	F4
447	D144	02FC	F4
447	D144	0270	F4
447	D144	02A4	F4
447	D144	02D8	F4
447	D144	024C	F4
447	D144	0280	F4
447	D144	02B4	F4
447	D144	02E8	F4
447	D144	025C	F4
447	D144	0290	F4
447	D144	02C4	F4
447	D144	02F8	F4
447	D144	026C	F4
447	D144	02A0	F4
447	D144	02D4	F4
447	D144	0248	F4
448	F47C	0200	B7
448	F47C	0204	B7
448	F47C	0208	B7
448	F47C	020C	B7
448	F47C	0210	BF
448	F47C	0214	BF
448	F47C	0218	BF
448	F47C	021C	BF
448	F47C	0220	C7
448	F47C	0224	C7
448	F47C	0228	C7
448	F47C	022C	C7
448	F47C	0230	CF
448	F47C	0234	CF
448	F47C	0238	CF
448	F47C	023C	CF
448	F47C	02B0	1F
448	F47C	02E4	25
448	F47C	0258	27
448	F47C	028C	2D
448	F47C	02C0	2D
448	F47C	02F4	31
448	F47C	0268	31
448	F47C	029C	35
448	F47C	02D0	39
448	F47C	0244	40
448	D144	0278	F4
448	D144	02AC	F4
448	D144	02E0	F4
448	D144	0254	F4
448	D144	0288	F4
448	D144	02BC	F4
448	D144	02F0	F4
448	D144	0264	F4
448	D144	0298	F4
448	D144	02CC	F4
448	D144	0240	F4
448	D144	0274	F4
448	D144	02A8	F4
448	D144	02DC	F4
448	D144	0250	F4
448	D144	0284	F4
448	D144	02B8	F4
448	D144	02EC	F4
448	D144	0260	F4
448	D144	0294	F4
448	D144	02C8	F4
448	D144	02FC	F4
448	D144	0270	F4
448	D144	02A4	F4
448	D144	02D8	F4
448	D144	024C	F4
448	D144	0280	F4
448	D144	02B4	F4
448	D144	02E8	F4
448	D144	025C	F4
448	D144	0290	F4
448	D144	02C4	F4
448	D144	02F8	F4
448	D144	026C	F4
448	D144	02A0	F4
448	D144	02D4	F4
448	D144	0248	F4
448	D144	027C	F4
449	F47C	0200	B7
449	F47C	0204	B7
449	F47C	0208	B7
449	F47C	020C	B7
449	F47C	0210	BF
449	F47C	0214	BF
449	F47C	0218	BF
449	F47C	021C	BF
449	F47C	0220	C7
449	F47C	0224	C7
449	F47C	0228	C7
449	F47C	022C	C7
449	F47C	0230	CF
449	F47C	0234	CF
449	F47C	0238	CF
449	F47C	023C	CF
449	F47C	02E4	1F
449	F47C	0258	25
449	F47C	028C	27
449	F47C	02C0	2D
449	F47C	02F4	2D
449	F47C	0268	31
449	F47C	029C	31
449	F47C	02D0	35
449	F47C	0244	39
449	F47C	0278	40
449	D144	02AC	F4
449	D144	02E0	F4
449	D144	0254	F4
449	D144	0288	F4
449	D144	02BC	F4
449	D144	02F0	F4
449	D144	0264	F4
449	D144	0298	F4
449	D144	02CC	F4
449	D144	0240	F4
449	D144	0274	F4
449	D144	02A8	F4
449	D144	02DC	F4
449	D144	0250	F4
449	D144	0284	F4
449	D144	02B8	F4
449	D144	02EC	F4
449	D144	0260	F4
449	D144	0294	F4
449	D144	02C8	F4
449	D144	02FC	F4
449	D144	0270	F4
449	D144	02A4	F4
449	D144	02D8	F4
449	D144	024C	F4
449	D144	0280	F4
449	D144	02B4	F4
449	D144	02E8	F4
449	D144	025C	F4
449	D144	0290	F4
449	D144	02C4	F4
449	D144	02F8	F4
449	D144	026C	F4
449	D144	02A0	F4
449	D144	02D4	F4
449	D144	0248	F4
449	D144	027C	F4
449	D144	02B0	F4
450	F47C	0200	B7
450	F47C	0204	B7
450	F47C	0208	B7
450	F47C	020C	B7
450	F47C	0210	BF
450	F47C	0214	BF
450	F47C	0218	BF
450	F47C	021C	BF
450	F47C	0220	C7
450	F47C	0224	C7
450	F47C	0228	C7
450	F47C	022C	C7
450	F47C	0230	CF
450	F47C	0234	CF
450	F47C	0238	CF
450	F47C	023C	CF
450	F47C	0258	1F
450	F47C	028C	25
450	F47C	02C0	27
450	F47C	02F4	2D
450	F47C	0268	2D
450	F47C	029C	31
450	F47C	02D0	31
450	F47C	0244	35
450	F47C	0278	39
450	F47C	02AC	40
450	D144	02E0	F4
450	D144	0254	F4
450	D144	0288	F4
450	D144	02BC	F4
450	D144	02F0	F4
450	D144	0264	F4
450	D144	0298	F4
450	D144	02CC	F4
450	D144	0240	F4
450	D144	0274	F4
450	D144	02A8	F4
450	D144	02DC	F4
450	D144	0250	F4
450	D144	0284	F4
450	D144	02B8	F4
450	D144	02EC	F4
450	D144	0260	F4
450	D144	0294	F4
450	D144	02C8	F4
450	D144	02FC	F4
450	D144	0270	F4
450	D144	02A4	F4
450	D144	02D8	F4
450	D144	024C	F4
450	D144	0280	F4
450	D144	02B4	F4
450	D144	02E8	F4
450	D144	025C	F4
450	D144	0290	F4
450	D144	02C4	F4
450	D144	02F8	F4
450	D144	026C	F4
450	D144	02A0	F4
450	D144	02D4	F4
450	D144	0248	F4
450	D144	027C	F4
450	D144	02B0	F4
450	D144	02E4	F4
451	F47C	0200	B7
451	F47C	0204	B7
451	F47C	0208	B7
451	F47C	020C	B7
451	F47C	0210	BF
451	F47C	0214	BF
451	F47C	0218	BF
451	F47C	021C	BF
451	F47C	0220	C7
451	F47C	0224	C7
451	F47C	0228	C7
451	F47C	022C	C7
451	F47C	0230	CF
451	F47C	0234	CF
451	F47C	0238	CF
451	F47C	023C	CF
451	F47C	024C	1F
451	F47C	0280	25
451	F47C	02B4	27
451	F47C	02E8	2D
451	F47C	025C	2D
451	F47C	0290	31
451	F47C	02C4	31
451	F47C	02F8	35
451	F47C	026C	39
451	F47C	02A0	40
451	D144	02D4	F4
451	D144	0248	F4
451	D144	027C	F4
451	D144	02B0	F4
451	D144	02E4	F4
451	D144	0258	F4
451	D144	028C	F4
451	D144	02C0	F4
451	D144	02F4	F4
451	D144	0268	F4
451	D144	029C	F4
451	D144	02D0	F4
451	D144	0244	F4
451	D144	0278	F4
451	D144	02AC	F4
451	D144	02E0	F4
451	D144	0254	F4
451	D144	0288	F4
451	D144	02BC	F4
451	D144	02F0	F4
451	D144	0264	F4
451	D144	0298	F4
451	D144	02CC	F4
451	D144	0240	F4
451	D144	0274	F4
451	D144	02A8	F4
451	D144	02DC	F4
451	D144	0250	F4
451	D144	0284	F4
451	D144	02B8	F4
451	D144	02EC	F4
451	D144	0260	F4
451	D144	0294	F4
451	D144	02C8	F4
451	D144	02FC	F4
451	D144	0270	F4
451	D144	02A4	F4
451	D144	02D8	F4
452	F47C	0200	B7
452	F47C	0204	B7
452	F47C	0208	B7
452	F47C	020C	B7
452	F47C	0210	BF
452	F47C	0214	BF
452	F47C	0218	BF
452	F47C	021C	BF
452	F47C	0220	C7
452	F47C	0224	C7
452	F47C	0228	C7
452	F47C	022C	C7
452	F47C	0230	CF
452	F47C	0234	CF
452	F47C	0238	CF
452	F47C	023C	CF
452	F47C	0280	1F
452	F47C	02B4	25
452	F47C	02E8	27
452	F47C	025C	2D
452	F47C	0290	2D
452	F47C	02C4	31
452	F47C	02F8	31
452	F47C	026C	35
452	F47C	02A0	39
452	F47C	02D4	40
452	D144	0248	F4
452	D144	027C	F4
452	D144	02B0	F4
452	D144	02E4	F4
452	D144	0258	F4
452	D144	028C	F4
452	D144	02C0	F4
452	D144	02F4	F4
452	D144	0268	F4
452	D144	029C	F4
452	D144	02D0	F4
452	D144	0244	F4
452	D144	0278	F4
452	D144	02AC	F4
452	D144	02E0	F4
452	D144	0254	F4
452	D144	0288	F4
452	D144	02BC	F4
452	D144	02F0	F4
452	D144	0264	F4
452	D144	0298	F4
452	D144	02CC	F4
452	D144	0240	F4
452	D144	0274	F4
452	D144	02A8	F4
452	D144	02DC	F4
452	D144	0250	F4
452	D144	0284	F4
452	D144	02B8	F4
452	D144	02EC	F4
452	D144	0260	F4
452	D144	0294	F4
452	D144	02C8	F4
452	D144	02FC	F4
452	D144	0270	F4
452	D144	02A4	F4
452	D144	02D8	F4
452	D144	024C	F4
453	F47C	0200	B7
453	F47C	0204	B7
453	F47C	0208	B7
453	F47C	020C	B7
453	F47C	0210	BF
453	F47C	0214	BF
453	F47C	0218	BF
453	F47C	021C	BF
453	F47C	0220	C7
453	F47C	0224	C7
453	F47C	0228	C7
453	F47C	022C	C7
453	F47C	0230	CF
453	F47C	0234	CF
453	F47C	0238	CF
453	F47C	023C	CF
453	F47C	02B4	1F
453	F47C	02E8	25
453	F47C	025C	27
453	F47C	0290	2D
453	F47C	02C4	2D
453	F47C	02F8	31
453	F47C	026C	31
453	F47C	02A0	35
453	F47C	02D4	39
453	F47C	0248	40
453	D144	027C	F4
453	D144	02B0	F4
453	D144	02E4	F4
453	D144	0258	F4
453	D144	028C	F4
453	D144	02C0	F4
453	D144	02F4	F4
453	D144	0268	F4
453	D144	029C	F4
453	D144	02D0	F4
453	D144	0244	F4
453	D144	0278	F4
453	D144	02AC	F4
453	D144	02E0	F4
453	D144	0254	F4
453	D144	0288	F4
453	D144	02BC	F4
453	D144	02F0	F4
453	D144	0264	F4
453	D144	0298	F4
453	D144	02CC	F4
453	D144	0240	F4
453	D144	0274	F4
453	D144	02A8	F4
453	D144	02DC	F4
453	D144	0250	F4
453	D144	0284	F4
453	D144	02B8	F4
453	D144	02EC	F4
453	D144	0260	F4
453	D144	0294	F4
453	D144	02C8	F4
453	D144	02FC	F4
453	D144	0270	F4
453	D144	02A4	F4
453	D144	02D8	F4
453	D144	024C	F4
453	D144	0280	F4
454	F47C	0200	B7
454	F47C	0204	B7
454	F47C	0208	B7
454	F47C	020C	B7
454	F47C	0210	BF
454	F47C	0214	BF
454	F47C	0218	BF
454	F47C	021C	BF
454	F47C	0220	C7
454	F47C	0224	C7
454	F47C	0228	C7
454	F47C	022C	C7
454	F47C	0230	CF
454	F47C	0234	CF
454	F47C	0238	CF
454	F47C	023C	CF
454	F47C	02E8	1F
454	F47C	025C	25
454	F47C	0290	27
454	F47C	02C4	2D
454	F47C	02F8	2D
454	F47C	026C	31
454	F47C	02A0	31
454	F47C	02D4	35
454	F47C	0248	39
454	F47C	027C	40
454	D144	02B0	F4
454	D144	02E4	F4
454	D144	0258	F4
454	D144	028C	F4
454	D144	02C0	F4
454	D144	02F4	F4
454	D144	0268	F4
454	D144	029C	F4
454	D144	02D0	F4
454	D144	0244	F4
454	D144	0278	F4
454	D144	02AC	F4
454	D144	02E0	F4
454	D144	0254	F4
454	D144	0288	F4
454	D144	02BC	F4
454	D144	02F0	F4
454	D144	0264	F4
454	D144	0298	F4
454	D144	02CC	F4
454	D144	0240	F4
454	D144	0274	F4
454	D144	02A8	F4
454	D144	02DC	F4
454	D144	0250	F4
454	D144	0284	F4
454	D144	02B8	F4
454	D144	02EC	F4
454	D144	0260	F4
454	D144	0294	F4
454	D144	02C8	F4
454	D144	02FC	F4
454	D144	0270	F4
454	D144	02A4	F4
454	D144	02D8	F4
454	D144	024C	F4
454	D144	0280	F4
454	D144	02B4	F4
455	F47C	0200	B7
455	F47C	0204	B7
455	F47C	0208	B7
455	F47C	020C	B7
455	F47C	0210	BF
455	F47C	0214	BF
455	F47C	0218	BF
455	F47C	021C	BF
455	F47C	0220	C7
455	F47C	0224	C7
455	F47C	0228	C7
455	F47C	022C	C7
455	F47C	0230	CF
455	F47C	0234	CF
455	F47C	0238	CF
455	F47C	023C	CF
455	F47C	025C	1F
455	F47C	0290	25
455	F47C	02C4	27
455	F47C	02F8	2D
455	F47C	026C	2D
455	F47C	02A0	31
455	F47C	02D4	31
455	F47C	0248	35
455	F47C	027C	39
455	F47C	02B0	40
455	D144	02E4	F4
455	D144	0258	F4
455	D144	028C	F4
455	D144	02C0	F4
455	D144	02F4	F4
455	D144	0268	F4
455	D144	029C	F4
455	D144	02D0	F4
455	D144	0244	F4
455	D144	0278	F4
455	D144	02AC	F4
455	D144	02E0	F4
455	D144	0254	F4
455	D144	0288	F4
455	D144	02BC	F4
455	D144	02F0	F4
455	D144	0264	F4
455	D144	0298	F4
455	D144	02CC	F4
455	D144	0240	F4
455	D144	0274	F4
455	D144	02A8	F4
455	D144	02DC	F4
455	D144	0250	F4
455	D144	0284	F4
455	D144	02B8	F4
455	D144	02EC	F4
455	D144	0260	F4
455	D144	0294	F4
455	D144	02C8	F4
455	D144	02FC	F4
455	D144	0270	F4
455	D144	02A4	F4
455	D144	02D8	F4
455	D144	024C	F4
455	D144	0280	F4
455	D144	02B4	F4
455	D144	02E8	F4
456	F47C	0200	B7
456	F47C	0204	B7
456	F47C	0208	B7
456	F47C	020C	B7
456	F47C	0210	BF
456	F47C	0214	BF
456	F47C	0218	BF
456	F47C	021C	BF
456	F47C	0220	C7
456	F47C	0224	C7
456	F47C	0228	C7
456	F47C	022C	C7
456	F47C	0230	CF
456	F47C	0234	CF
456	F47C	0238	CF
456	F47C	023C	CF
456	F47C	0250	1F
456	F47C	0284	25
456	F47C	02B8	27
456	F47C	02EC	2D
456	F47C	0260	2D
456	F47C	0294	31
456	F47C	02C8	31
456	F47C	02FC	35
456	F47C	0270	39
456	F47C	02A4	40
456	D144	02D8	F4
456	D144	024C	F4
456	D144	0280	F4
456	D144	02B4	F4
456	D144	02E8	F4
456	D144	025C	F4
456	D144	0290	F4
456	D144	02C4	F4
456	D144	02F8	F4
456	D144	026C	F4
456	D144	02A0	F4
456	D144	02D4	F4
456	D144	0248	F4
456	D144	027C	F4
456	D144	02B0	F4
456	D144	02E4	F4
456	D144	0258	F4
456	D144	028C	F4
456	D144	02C0	F4
456	D144	02F4	F4
456	D144	0268	F4
456	D144	029C	F4
456	D144	02D0	F4
456	D144	0244	F4
456	D144	0278	F4
456	D144	02AC	F4
456	D144	02E0	F4
456	D144	0254	F4
456	D144	0288	F4
456	D144	02BC	F4
456	D144	02F0	F4
456	D144	0264	F4
456	D144	0298	F4
456	D144	02CC	F4
456	D144	0240	F4
456	D144	0274	F4
456	D144	02A8	F4
456	D144	02DC	F4
457	F47C	0200	B7
457	F47C	0204	B7
457	F47C	0208	B7
457	F47C	020C	B7
457	F47C	0210	BF
457	F47C	0214	BF
457	F47C	0218	BF
457	F47C	021C	BF
457	F47C	0220	C7
457	F47C	0224	C7
457	F47C	0228	C7
457	F47C	022C	C7
457	F47C	0230	CF
457	F47C	0234	CF
457	F47C	0238	CF
457	F47C	023C	CF
457	F47C	0284	1F
457	F47C	02B8	25
457	F47C	02EC	27
457	F47C	0260	2D
457	F47C	0294	2D
457	F47C	02C8	31
457	F47C	02FC	31
457	F47C	0270	35
457	F47C	02A4	39
457	F47C	02D8	40
457	D144	024C	F4
457	D144	0280	F4
457	D144	02B4	F4
457	D144	02E8	F4
457	D144	025C	F4
457	D144	0290	F4
457	D144	02C4	F4
457	D144	02F8	F4
457	D144	026C	F4
457	D144	02A0	F4
457	D144	02D4	F4
457	D144	0248	F4
457	D144	027C	F4
457	D144	02B0	F4
457	D144	02E4	F4
457	D144	0258	F4
457	D144	028C	F4
457	D144	02C0	F4
457	D144	02F4	F4
457	D144	0268	F4
457	D144	029C	F4
457	D144	02D0	F4
457	D144	0244	F4
457	D144	0278	F4
457	D144	02AC	F4
457	D144	02E0	F4
457	D144	0254	F4
457	D144	0288	F4
457	D144	02BC	F4
457	D144	02F0	F4
457	D144	0264	F4
457	D144	0298	F4
457	D144	02CC	F4
457	D144	0240	F4
457	D144	0274	F4
457	D144	02A8	F4
457	D144	02DC	F4
457	D144	0250	F4
458	F47C	0200	B7
458	F47C	0204	B7
458	F47C	0208	B7
458	F47C	020C	B7
458	F47C	0210	BF
458	F47C	0214	BF
458	F47C	0218	BF
458	F47C	021C	BF
458	F47C	0220	C7
458	F47C	0224	C7
458	F47C	0228	C7
458	F47C	022C	C7
458	F47C	0230	CF
458	F47C	0234	CF
458	F47C	0238	CF
458	F47C	023C	CF
458	F47C	02B8	1F
458	F47C	02EC	25
458	F47C	0260	27
458	F47C	0294	2D
458	F47C	02C8	2D
458	F47C	02FC	31
458	F47C	0270	31
458	F47C	02A4	35
458	F47C	02D8	39
458	F47C	024C	40
458	D144	0280	F4
458	D144	02B4	F4
458	D144	02E8	F4
458	D144	025C	F4
458	D144	0290	F4
458	D144	02C4	F4
458	D144	02F8	F4
458	D144	026C	F4
458	D144	02A0	F4
458	D144	02D4	F4
458	D144	0248	F4
458	D144	027C	F4
458	D144	02B0	F4
458	D144	02E4	F4
458	D144	0258	F4
458	D144	028C	F4
458	D144	02C0	F4
458	D144	02F4	F4
458	D144	0268	F4
458	D144	029C	F4
458	D144	02D0	F4
458	D144	0244	F4
458	D144	0278	F4
458	D144	02AC	F4
458	D144	02E0	F4
458	D144	0254	F4
458	D144	0288	F4
458	D144	02BC	F4
458	D144	02F0	F4
458	D144	0264	F4
458	D144	0298	F4
458	D144	02CC	F4
458	D144	0240	F4
458	D144	0274	F4
458	D144	02A8	F4
458	D144	02DC	F4
458	D144	0250	F4
458	D144	0284	F4
459	F47C	0200	B7
459	F47C	0204	B7
459	F47C	0208	B7
459	F47C	020C	B7
459	F47C	0210	BF
459	F47C	0214	BF
459	F47C	0218	BF
459	F47C	021C	BF
459	F47C	0220	C7
459	F47C	0224	C7
459	F47C	0228	C7
459	F47C	022C	C7
459	F47C	0230	CF
459	F47C	0234	CF
459	F47C	0238	CF
459	F47C	023C	CF
459	F47C	02EC	1F
459	F47C	0260	25
459	F47C	0294	27
459	F47C	02C8	2D
459	F47C	02FC	2D
459	F47C	0270	31
459	F47C	02A4	31
459	F47C	02D8	35
459	F47C	024C	39
459	F47C	0280	40
459	D144	02B4	F4
459	D144	02E8	F4
459	D144	025C	F4
459	D144	0290	F4
459	D144	02C4	F4
459	D144	02F8	F4
459	D144	026C	F4
459	D144	02A0	F4
459	D144	02D4	F4
459	D144	0248	F4
459	D144	027C	F4
459	D144	02B0	F4
459	D144	02E4	F4
459	D144	0258	F4
459	D144	028C	F4
459	D144	02C0	F4
459	D144	02F4	F4
459	D144	0268	F4
459	D144	029C	F4
459	D144	02D0	F4
459	D144	0244	F4
459	D144	0278	F4
459	D144	02AC	F4
459	D144	02E0	F4
459	D144	0254	F4
459	D144	0288	F4
459	D144	02BC	F4
459	D144	02F0	F4
459	D144	0264	F4
459	D144	0298	F4
459	D144	02CC	F4
459	D144	0240	F4
459	D144	0274	F4
459	D144	02A8	F4
459	D144	02DC	F4
459	D144	0250	F4
459	D144	0284	F4
459	D144	02B8	F4
460	F47C	0200	B7
460	F47C	0204	B7
460	F47C	0208	B7
460	F47C	020C	B7
460	F47C	0210	BF
460	F47C	0214	BF
460	F47C	0218	BF
460	F47C	021C	BF
460	F47C	0220	C7
460	F47C	0224	C7
460	F47C	0228	C7
460	F47C	022C	C7
460	F47C	0230	CF
460	F47C	0234	CF
460	F47C	0238	CF
460	F47C	023C	CF
460	F47C	0260	1F
460	F47C	0294	25
460	F47C	02C8	27
460	F47C	02FC	2D
460	F47C	0270	2D
460	F47C	02A4	31
460	F47C	02D8	31
460	F47C	024C	35
460	F47C	0280	39
460	F47C	02B4	40
460	D144	02E8	F4
460	D144	025C	F4
460	D144	0290	F4
460	D144	02C4	F4
460	D144	02F8	F4
460	D144	026C	F4
460	D144	02A0	F4
460	D144	02D4	F4
460	D144	0248	F4
460	D144	027C	F4
460	D144	02B0	F4
460	D144	02E4	F4
460	D144	0258	F4
460	D144	028C	F4
460	D144	02C0	F4
460	D144	02F4	F4
460	D144	0268	F4
460	D144	029C	F4
460	D144	02D0	F4
460	D144	0244	F4
460	D144	0278	F4
460	D144	02AC	F4
460	D144	02E0	F4
460	D144	0254	F4
460	D144	0288	F4
460	D144	02BC	F4
460	D144	02F0	F4
460	D144	0264	F4
460	D144	0298	F4
460	D144	02CC	F4
460	D144	0240	F4
460	D144	0274	F4
460	D144	02A8	F4
460	D144	02DC	F4
460	D144	0250	F4
460	D144	0284	F4
460	D144	02B8	F4
460	D144	02EC	F4
461	F47C	0200	B7
461	F47C	0204	B7
461	F47C	0208	B7
461	F47C	020C	B7
461	F47C	0210	BF
461	F47C	0214	BF
461	F47C	0218	BF
461	F47C	021C	BF
461	F47C	0220	C7
461	F47C	0224	C7
461	F47C	0228	C7
461	F47C	022C	C7
461	F47C	0230	CF
461	F47C	0234	CF
461	F47C	0238	CF
461	F47C	023C	CF
461	F47C	0254	1F
461	F47C	0288	25
461	F47C	02BC	27
461	F47C	02F0	2D
461	F47C	0264	2D
461	F47C	0298	31
461	F47C	02CC	31
461	F47C	0240	35
461	F47C	0274	39
461	F47C	02A8	40
461	D144	02DC	F4
461	D144	0250	F4
461	D144	0284	F4
461	D144	02B8	F4
461	D144	02EC	F4
461	D144	0260	F4
461	D144	0294	F4
461	D144	02C8	F4
461	D144	02FC	F4
461	D144	0270	F4
461	D144	02A4	F4
461	D144	02D8	F4
461	D144	024C	F4
461	D144	0280	F4
461	D144	02B4	F4
461	D144	02E8	F4
461	D144	025C	F4
461	D144	0290	F4
461	D144	02C4	F4
461	D144	02F8	F4
461	D144	026C	F4
461	D144	02A0	F4
461	D144	02D4	F4
461	D144	0248	F4
461	D144	027C	F4
461	D144	02B0	F4
461	D144	02E4	F4
461	D144	0258	F4
461	D144	028C	F4
461	D144	02C0	F4
461	D144	02F4	F4
461	D144	0268	F4
461	D144	029C	F4
461	D144	02D0	F4
461	D144	0244	F4
461	D144	0278	F4
461	D144	02AC	F4
461	D144	02E0	F4
462	F47C	0200	B7
462	F47C	0204	B7
462	F47C	0208	B7
462	F47C	020C	B7
462	F47C	0210	BF
462	F47C	0214	BF
462	F47C	0218	BF
462	F47C	021C	BF
462	F47C	0220	C7
462	F47C	0224	C7
462	F47C	0228	C7
462	F47C	022C	C7
462	F47C	0230	CF
462	F47C	0234	CF
462	F47C	0238	CF
462	F47C	023C	CF
462	F47C	0288	1F
462	F47C	02BC	25
462	F47C	02F0	27
462	F47C	0264	2D
462	F47C	0298	2D
462	F47C	02CC	31
462	F47C	0240	31
462	F47C	0274	35
462	F47C	02A8	39
462	F47C	02DC	40
462	D144	0250	F4
462	D144	0284	F4
462	D144	02B8	F4
462	D144	02EC	F4
462	D144	0260	F4
462	D144	0294	F4
462	D144	02C8	F4
462	D144	02FC	F4
462	D144	0270	F4
462	D144	02A4	F4
462	D144	02D8	F4
462	D144	024C	F4
462	D144	0280	F4
462	D144	02B4	F4
462	D144	02E8	F4
462	D144	025C	F4
462	D144	0290	F4
462	D144	02C4	F4
462	D144	02F8	F4
462	D144	026C	F4
462	D144	02A0	F4
462	D144	02D4	F4
462	D144	0248	F4
462	D144	027C	F4
462	D144	02B0	F4
462	D144	02E4	F4
462	D144	0258	F4
462	D144	028C	F4
462	D144	02C0	F4
462	D144	02F4	F4
462	D144	0268	F4
462	D144	029C	F4
462	D144	02D0	F4
462	D144	0244	F4
462	D144	0278	F4
462	D144	02AC	F4
462	D144	02E0	F4
462	D144	0254	F4
463	F47C	0200	B7
463	F47C	0204	B7
463	F47C	0208	B7
463	F47C	020C	B7
463	F47C	0210	BF
463	F47C	0214	BF
463	F47C	0218	BF
463	F47C	021C	BF
463	F47C	0220	C7
463	F47C	0224	C7
463	F47C	0228	C7
463	F47C	022C	C7
463	F47C	0230	CF
463	F47C	0234	CF
463	F47C	0238	CF
463	F47C	023C	CF
463	F47C	02BC	1F
463	F47C	02F0	25
463	F47C	0264	27
463	F47C	0298	2D
463	F47C	02CC	2D
463	F47C	0240	31
463	F47C	0274	31
463	F47C	02A8	35
463	F47C	02DC	39
463	F47C	0250	40
463	D144	0284	F4
463	D144	02B8	F4
463	D144	02EC	F4
463	D144	0260	F4
463	D144	0294	F4
463	D144	02C8	F4
463	D144	02FC	F4
463	D144	0270	F4
463	D144	02A4	F4
463	D144	02D8	F4
463	D144	024C	F4
463	D144	0280	F4
463	D144	02B4	F4
463	D144	02E8	F4
463	D144	025C	F4
463	D144	0290	F4
463	D144	02C4	F4
463	D144	02F8	F4
463	D144	026C	F4
463	D144	02A0	F4
463	D144	02D4	F4
463	D144	0248	F4
463	D144	027C	F4
463	D144	02B0	F4
463	D144	02E4	F4
463	D144	0258	F4
463	D144	028C	F4
463	D144	02C0	F4
463	D144	02F4	F4
463	D144	0268	F4
463	D144	029C	F4
463	D144	02D0	F4
463	D144	0244	F4
463	D144	0278	F4
463	D144	02AC	F4
463	D144	02E0	F4
463	D144	0254	F4
463	D144	0288	F4
464	F47C	0200	B7
464	F47C	0204	B7
464	F47C	0208	B7
464	F47C	020C	B7
464	F47C	0210	BF
464	F47C	0214	BF
464	F47C	0218	BF
464	F47C	021C	BF
464	F47C	0220	C7
464	F47C	0224	C7
464	F47C	0228	C7
464	F47C	022C	C7
464	F47C	0230	CF
464	F47C	0234	CF
464	F47C	0238	CF
464	F47C	023C	CF
464	F47C	02F0	1F
464	F47C	0264	25
464	F47C	0298	27
464	F47C	02CC	2D
464	F47C	0240	2D
464	F47C	0274	31
464	F47C	02A8	31
464	F47C	02DC	35
464	F47C	0250	39
464	F47C	0284	40
464	D144	02B8	F4
464	D144	02EC	F4
464	D144	0260	F4
464	D144	0294	F4
464	D144	02C8	F4
464	D144	02FC	F4
464	D144	0270	F4
464	D144	02A4	F4
464	D144	02D8	F4
464	D144	024C	F4
464	D144	0280	F4
464	D144	02B4	F4
464	D144	02E8	F4
464	D144	025C	F4
464	D144	0290	F4
464	D144	02C4	F4
464	D144	02F8	F4
464	D144	026C	F4
464	D144	02A0	F4
464	D144	02D4	F4
464	D144	0248	F4
464	D144	027C	F4
464	D144	02B0	F4
464	D144	02E4	F4
464	D144	0258	F4
464	D144	028C	F4
464	D144	02C0	F4
464	D144	02F4	F4
464	D144	0268	F4
464	D144	029C	F4
464	D144	02D0	F4
464	D144	0244	F4
464	D144	0278	F4
464	D144	02AC	F4
464	D144	02E0	F4
464	D144	0254	F4
464	D144	0288	F4
464	D144	02BC	F4
465	F47C	0200	B7
465	F47C	0204	B7
465	F47C	0208	B7
465	F47C	020C	B7
465	F47C	0210	BF
465	F47C	0214	BF
465	F47C	0218	BF
465	F47C	021C	BF
465	F47C	0220	C7
465	F47C	0224	C7
465	F47C	0228	C7
465	F47C	022C	C7
465	F47C	0230	CF
465	F47C	0234	CF
465	F47C	0238	CF
465	F47C	023C	CF
465	F47C	0264	1F
465	F47C	0298	25
465	F47C	02CC	27
465	F47C	0240	2D
465	F47C	0274	2D
465	F47C	02A8	31
465	F47C	02DC	31
465	F47C	0250	35
465	F47C	0284	39
465	F47C	02B8	40
465	D144	02EC	F4
465	D144	0260	F4
465	D144	0294	F4
465	D144	02C8	F4
465	D144	02FC	F4
465	D144	0270	F4
465	D144	02A4	F4
465	D144	02D8	F4
465	D144	024C	F4
465	D144	0280	F4
465	D144	02B4	F4
465	D144	02E8	F4
465	D144	025C	F4
465	D144	0290	F4
465	D144	02C4	F4
465	D144	02F8	F4
465	D144	026C	F4
465	D144	02A0	F4
465	D144	02D4	F4
465	D144	0248	F4
465	D144	027C	F4
465	D144	02B0	F4
465	D144	02E4	F4
465	D144	0258	F4
465	D144	028C	F4
465	D144	02C0	F4
465	D144	02F4	F4
465	D144	0268	F4
465	D144	029C	F4
465	D144	02D0	F4
465	D144	0244	F4
465	D144	0278	F4
465	D144	02AC	F4
465	D144	02E0	F4
465	D144	0254	F4
465	D144	0288	F4
465	D144	02BC	F4
465	D144	02F0	F4
466	F47C	0200	B7
466	F47C	0204	B7
466	F47C	0208	B7
466	F47C	020C	B7
466	F47C	0210	BF
466	F47C	0214	BF
466	F47C	0218	BF
466	F47C	021C	BF
466	F47C	0220	C7
466	F47C	0224	C7
466	F47C	0228	C7
466	F47C	022C	C7
466	F47C	0230	CF
466	F47C	0234	CF
466	F47C	0238	CF
466	F47C	023C	CF
466	F47C	0258	1F
466	F47C	028C	25
466	F47C	02C0	27
466	F47C	02F4	2D
466	F47C	0268	2D
466	F47C	029C	31
466	F47C	02D0	31
466	F47C	0244	35
466	F47C	0278	39
466	F47C	02AC	40
466	D144	02E0	F4
466	D144	0254	F4
466	D144	0288	F4
466	D144	02BC	F4
466	D144	02F0	F4
466	D144	0264	F4
466	D144	0298	F4
466	D144	02CC	F4
466	D144	0240	F4
466	D144	0274	F4
466	D144	02A8	F4
466	D144	02DC	F4
466	D144	0250	F4
466	D144	0284	F4
466	D144	02B8	F4
466	D144	02EC	F4
466	D144	0260	F4
466	D144	0294	F4
466	D144	02C8	F4
466	D144	02FC	F4
466	D144	0270	F4
466	D144	02A4	F4
466	D144	02D8	F4
466	D144	024C	F4
466	D144	0280	F4
466	D144	02B4	F4
466	D144	02E8	F4
466	D144	025C	F4
466	D144	0290	F4
466	D144	02C4	F4
466	D144	02F8	F4
466	D144	026C	F4
466	D144	02A0	F4
466	D144	02D4	F4
466	D144	0248	F4
466	D144	027C	F4
466	D144	02B0	F4
466	D144	02E4	F4
467	F47C	0200	B7
467	F47C	0204	B7
467	F47C	0208	B7
467	F47C	020C	B7
467	F47C	0210	BF
467	F47C	0214	BF
467	F47C	0218	BF
467	F47C	021C	BF
467	F47C	0220	C7
467	F47C	0224	C7
467	F47C	0228	C7
467	F47C	022C	C7
467	F47C	0230	CF
467	F47C	0234	CF
467	F47C	0238	CF
467	F47C	023C	CF
467	F47C	028C	1F
467	F47C	02C0	25
467	F47C	02F4	27
467	F47C	0268	2D
467	F47C	029C	2D
467	F47C	02D0	31
467	F47C	0244	31
467	F47C	0278	35
467	F47C	02AC	39
467	F47C	02E0	40
467	D144	0254	F4
467	D144	0288	F4
467	D144	02BC	F4
467	D144	02F0	F4
467	D144	0264	F4
467	D144	0298	F4
467	D144	02CC	F4
467	D144	0240	F4
467	D144	0274	F4
467	D144	02A8	F4
467	D144	02DC	F4
467	D144	0250	F4
467	D144	0284	F4
467	D144	02B8	F4
467	D144	02EC	F4
467	D144	0260	F4
467	D144	0294	F4
467	D144	02C8	F4
467	D144	02FC	F4
467	D144	0270	F4
467	D144	02A4	F4
467	D144	02D8	F4
467	D144	024C	F4
467	D144	0280	F4
467	D144	02B4	F4
467	D144	02E8	F4
467	D144	025C	F4
467	D144	0290	F4
467	D144	02C4	F4
467	D144	02F8	F4
467	D144	026C	F4
467	D144	02A0	F4
467	D144	02D4	F4
467	D144	0248	F4
467	D144	027C	F4
467	D144	02B0	F4
467	D144	02E4	F4
467	D144	0258	F4
468	F47C	0200	B7
468	F47C	0204	B7
468	F47C	0208	B7
468	F47C	020C	B7
468	F47C	0210	BF
468	F47C	0214	BF
468	F47C	0218	BF
468	F47C	021C	BF
468	F47C	0220	C7
468	F47C	0224	C7
468	F47C	0228	C7
468	F47C	022C	C7
468	F47C	0230	CF
468	F47C	0234	CF
468	F47C	0238	CF
468	F47C	023C	CF
468	F47C	02C0	1F
468	F47C	02F4	25
468	F47C	0268	27
468	F47C	029C	2D
468	F47C	02D0	2D
468	F47C	0244	31
468	F47C	0278	31
468	F47C	02AC	35
468	F47C	02E0	39
468	F47C	0254	40
468	D144	0288	F4
468	D144	02BC	F4
468	D144	02F0	F4
468	D144	0264	F4
468	D144	0298	F4
468	D144	02CC	F4
468	D144	0240	F4
468	D144	0274	F4
468	D144	02A8	F4
468	D144	02DC	F4
468	D144	0250	F4
468	D144	0284	F4
468	D144	02B8	F4
468	D144	02EC	F4
468	D144	0260	F4
468	D144	0294	F4
468	D144	02C8	F4
468	D144	02FC	F4
468	D144	0270	F4
468	D144	02A4	F4
468	D144	02D8	F4
468	D144	024C	F4
468	D144	0280	F4
468	D144	02B4	F4
468	D144	02E8	F4
468	D144	025C	F4
468	D144	0290	F4
468	D144	02C4	F4
468	D144	02F8	F4
468	D144	026C	F4
468	D144	02A0	F4
468	D144	02D4	F4
468	D144	0248	F4
468	D144	027C	F4
468	D144	02B0	F4
468	D144	02E4	F4
468	D144	0258	F4
468	D144	028C	F4
469	F47C	0200	B7
469	F47C	0204	B7
469	F47C	0208	B7
469	F47C	020C	B7
469	F47C	0210	BF
469	F47C	0214	BF
469	F47C	0218	BF
469	F47C	021C	BF
469	F47C	0220	C7
469	F47C	0224	C7
469	F47C	0228	C7
469	F47C	022C	C7
469	F47C	0230	CF
469	F47C	0234	CF
469	F47C	0238	CF
469	F47C	023C	CF
469	F47C	02F4	1F
469	F47C	0268	25
469	F47C	029C	27
469	F47C	02D0	2D
469	F47C	0244	2D
469	F47C	0278	31
469	F47C	02AC	31
469	F47C	02E0	35
469	F47C	0254	39
469	F47C	0288	40
469	D144	02BC	F4
469	D144	02F0	F4
469	D144	0264	F4
469	D144	0298	F4
469	D144	02CC	F4
469	D144	0240	F4
469	D144	0274	F4
469	D144	02A8	F4
469	D144	02DC	F4
469	D144	0250	F4
469	D144	0284	F4
469	D144	02B8	F4
469	D144	02EC	F4
469	D144	0260	F4
469	D144	0294	F4
469	D144	02C8	F4
469	D144	02FC	F4
469	D144	0270	F4
469	D144	02A4	F4
469	D144	02D8	F4
469	D144	024C	F4
469	D144	0280	F4
469	D144	02B4	F4
469	D144	02E8	F4
469	D144	025C	F4
469	D144	0290	F4
469	D144	02C4	F4
469	D144	02F8	F4
469	D144	026C	F4
469	D144	02A0	F4
469	D144	02D4	F4
469	D144	0248	F4
469	D144	027C	F4
469	D144	02B0	F4
469	D144	02E4	F4
469	D144	0258	F4
469	D144	028C	F4
469	D144	02C0	F4
470	F47C	0200	B7
470	F47C	0204	B7
470	F47C	0208	B7
470	F47C	020C	B7
470	F47C	0210	BF
470	F47C	0214	BF
470	F47C	0218	BF
470	F47C	021C	BF
470	F47C	0220	C7
470	F47C	0224	C7
470	F47C	0228	C7
470	F47C	022C	C7
470	F47C	0230	CF
470	F47C	0234	CF
470	F47C	0238	CF
470	F47C	023C	CF
470	F47C	0268	1F
470	F47C	029C	25
470	F47C	02D0	27
470	F47C	0244	2D
470	F47C	0278	2D
470	F47C	02AC	31
470	F47C	02E0	31
470	F47C	0254	35
470	F47C	0288	39
470	F47C	02BC	40
470	D144	02F0	F4
470	D144	0264	F4
470	D144	0298	F4
470	D144	02CC	F4
470	D144	0240	F4
470	D144	0274	F4
470	D144	02A8	F4
470	D144	02DC	F4
470	D144	0250	F4
470	D144	0284	F4
470	D144	02B8	F4
470	D144	02EC	F4
470	D144	0260	F4
470	D144	0294	F4
470	D144	02C8	F4
470	D144	02FC	F4
470	D144	0270	F4
470	D144	02A4	F4
470	D144	02D8	F4
470	D144	024C	F4
470	D144	0280	F4
470	D144	02B4	F4
470	D144	02E8	F4
470	D144	025C	F4
470	D144	0290	F4
470	D144	02C4	F4
470	D144	02F8	F4
470	D144	026C	F4
470	D144	02A0	F4
470	D144	02D4	F4
470	D144	0248	F4
470	D144	027C	F4
470	D144	02B0	F4
470	D144	02E4	F4
470	D144	0258	F4
470	D144	028C	F4
470	D144	02C0	F4
470	D144	02F4	F4
471	F47C	0200	B7
471	F47C	0204	B7
471	F47C	0208	B7
471	F47C	020C	B7
471	F47C	0210	BF
471	F47C	0214	BF
471	F47C	0218	BF
471	F47C	021C	BF
471	F47C	0220	C7
471	F47C	0224	C7
471	F47C	0228	C7
471	F47C	022C	C7
471	F47C	0230	CF
471	F47C	0234	CF
471	F47C	0238	CF
471	F47C	023C	CF
471	F47C	025C	1F
471	F47C	0290	25
471	F47C	02C4	27
471	F47C	02F8	2D
471	F47C	026C	2D
471	F47C	02A0	31
471	F47C	02D4	31
471	F47C	0248	35
471	F47C	027C	39
471	F47C	02B0	40
471	D144	02E4	F4
471	D144	0258	F4
471	D144	028C	F4
471	D144	02C0	F4
471	D144	02F4	F4
471	D144	0268	F4
471	D144	029C	F4
471	D144	02D0	F4
471	D144	0244	F4
471	D144	0278	F4
471	D144	02AC	F4
471	D144	02E0	F4
471	D144	0254	F4
471	D144	0288	F4
471	D144	02BC	F4
471	D144	02F0	F4
471	D144	0264	F4
471	D144	0298	F4
471	D144	02CC	F4
471	D144	0240	F4
471	D144	0274	F4
471	D144	02A8	F4
471	D144	02DC	F4
471	D144	0250	F4
471	D144	0284	F4
471	D144	02B8	F4
471	D144	02EC	F4
471	D144	0260	F4
471	D144	0294	F4
471	D144	02C8	F4
471	D144	02FC	F4
471	D144	0270	F4
471	D144	02A4	F4
471	D144	02D8	F4
471	D144	024C	F4
471	D144	0280	F4
471	D144	02B4	F4
471	D144	02E8	F4
472	F47C	0200	B7
472	F47C	0204	B7
472	F47C	0208	B7
472	F47C	020C	B7
472	F47C	0210	BF
472	F47C	0214	BF
472	F47C	0218	BF
472	F47C	021C	BF
472	F47C	0220	C7
472	F47C	0224	C7
472	F47C	0228	C7
472	F47C	022C	C7
472	F47C	0230	CF
472	F47C	0234	CF
472	F47C	0238	CF
472	F47C	023C	CF
472	F47C	0290	1F
472	F47C	02C4	25
472	F47C	02F8	27
472	F47C	026C	2D
472	F47C	02A0	2D
472	F47C	02D4	31
472	F47C	0248	31
472	F47C	027C	35
472	F47C	02B0	39
472	F47C	02E4	40
472	D144	0258	F4
472	D144	028C	F4
472	D144	02C0	F4
472	D144	02F4	F4
472	D144	0268	F4
472	D144	029C	F4
472	D144	02D0	F4
472	D144	0244	F4
472	D144	0278	F4
472	D144	02AC	F4
472	D144	02E0	F4
472	D144	0254	F4
472	D144	0288	F4
472	D144	02BC	F4
472	D144	02F0	F4
472	D144	0264	F4
472	D144	0298	F4
472	D144	02CC	F4
472	D144	0240	F4
472	D144	0274	F4
472	D144	02A8	F4
472	D144	02DC	F4
472	D144	0250	F4
472	D144	0284	F4
472	D144	02B8	F4
472	D144	02EC	F4
472	D144	0260	F4
472	D144	0294	F4
472	D144	02C8	F4
472	D144	02FC	F4
472	D144	0270	F4
472	D144	02A4	F4
472	D144	02D8	F4
472	D144	024C	F4
472	D144	0280	F4
472	D144	02B4	F4
472	D144	02E8	F4
472	D144	025C	F4
473	F47C	0200	B7
473	F47C	0204	B7
473	F47C	0208	B7
473	F47C	020C	B7
473	F47C	0210	BF
473	F47C	0214	BF
473	F47C	0218	BF
473	F47C	021C	BF
473	F47C	0220	C7
473	F47C	0224	C7
473	F47C	0228	C7
473	F47C	022C	C7
473	F47C	0230	CF
473	F47C	0234	CF
473	F47C	0238	CF
473	F47C	023C	CF
473	F47C	02C4	1F
473	F47C	02F8	25
473	F47C	026C	27
473	F47C	02A0	2D
473	F47C	02D4	2D
473	F47C	0248	31
473	F47C	027C	31
473	F47C	02B0	35
473	F47C	02E4	39
473	F47C	0258	40
473	D144	028C	F4
473	D144	02C0	F4
473	D144	02F4	F4
473	D144	0268	F4
473	D144	029C	F4
473	D144	02D0	F4
473	D144	0244	F4
473	D144	0278	F4
473	D144	02AC	F4
473	D144	02E0	F4
473	D144	0254	F4
473	D144	0288	F4
473	D144	02BC	F4
473	D144	02F0	F4
473	D144	0264	F4
473	D144	0298	F4
473	D144	02CC	F4
473	D144	0240	F4
473	D144	0274	F4
473	D144	02A8	F4
473	D144	02DC	F4
473	D144	0250	F4
473	D144	0284	F4
473	D144	02B8	F4
473	D144	02EC	F4
473	D144	0260	F4
473	D144	0294	F4
473	D144	02C8	F4
473	D144	02FC	F4
473	D144	0270	F4
473	D144	02A4	F4
473	D144	02D8	F4
473	D144	024C	F4
473	D144	0280	F4
473	D144	02B4	F4
473	D144	02E8	F4
473	D144	025C	F4
473	D144	0290	F4
474	F47C	0200	B7
474	F47C	0204	B7
474	F47C	0208	B7
474	F47C	020C	B7
474	F47C	0210	BF
474	F47C	0214	BF
474	F47C	0218	BF
474	F47C	021C	BF
474	F47C	0220	C7
474	F47C	0224	C7
474	F47C	0228	C7
474	F47C	022C	C7
474	F47C	0230	CF
474	F47C	0234	CF
474	F47C	0238	CF
474	F47C	023C	CF
474	F47C	02F8	1F
474	F47C	026C	25
474	F47C	02A0	27
474	F47C	02D4	2D
474	F47C	0248	2D
474	F47C	027C	31
474	F47C	02B0	31
474	F47C	02E4	35
474	F47C	0258	39
474	F47C	028C	40
474	D144	02C0	F4
474	D144	02F4	F4
474	D144	0268	F4
474	D144	029C	F4
474	D144	02D0	F4
474	D144	0244	F4
474	D144	0278	F4
474	D144	02AC	F4
474	D144	02E0	F4
474	D144	0254	F4
474	D144	0288	F4
474	D144	02BC	F4
474	D144	02F0	F4
474	D144	0264	F4
474	D144	0298	F4
474	D144	02CC	F4
474	D144	0240	F4
474	D144	0274	F4
474	D144	02A8	F4
474	D144	02DC	F4
474	D144	0250	F4
474	D144	0284	F4
474	D144	02B8	F4
474	D144	02EC	F4
474	D144	0260	F4
474	D144	0294	F4
474	D144	02C8	F4
474	D144	02FC	F4
474	D144	0270	F4
474	D144	02A4	F4
474	D144	02D8	F4
474	D144	024C	F4
474	D144	0280	F4
474	D144	02B4	F4
474	D144	02E8	F4
474	D144	025C	F4
474	D144	0290	F4
474	D144	02C4	F4
475	F47C	0200	B7
475	F47C	0204	B7
475	F47C	0208	B7
475	F47C	020C	B7
475	F47C	0210	BF
475	F47C	0214	BF
475	F47C	0218	BF
475	F47C	021C	BF
475	F47C	0220	C7
475	F47C	0224	C7
475	F47C	0228	C7
475	F47C	022C	C7
475	F47C	0230	CF
475	F47C	0234	CF
475	F47C	0238	CF
475	F47C	023C	CF
475	F47C	026C	1F
475	F47C	02A0	25
475	F47C	02D4	27
475	F47C	0248	2D
475	F47C	027C	2D
475	F47C	02B0	31
475	F47C	02E4	31
475	F47C	0258	35
475	F47C	028C	39
475	F47C	02C0	40
475	D144	02F4	F4
475	D144	0268	F4
475	D144	029C	F4
475	D144	02D0	F4
475	D144	0244	F4
475	D144	0278	F4
475	D144	02AC	F4
475	D144	02E0	F4
475	D144	0254	F4
475	D144	0288	F4
475	D144	02BC	F4
475	D144	02F0	F4
475	D144	0264	F4
475	D144	0298	F4
475	D144	02CC	F4
475	D144	0240	F4
475	D144	0274	F4
475	D144	02A8	F4
475	D144	02DC	F4
475	D144	0250	F4
475	D144	0284	F4
475	D144	02B8	F4
475	D144	02EC	F4
475	D144	0260	F4
475	D144	0294	F4
475	D144	02C8	F4
475	D144	02FC	F4
475	D144	0270	F4
475	D144	02A4	F4
475	D144	02D8	F4
475	D144	024C	F4
475	D144	0280	F4
475	D144	02B4	F4
475	D144	02E8	F4
475	D144	025C	F4
475	D144	0290	F4
475	D144	02C4	F4
475	D144	02F8	F4
476	F47C	0200	B7
476	F47C	0204	B7
476	F47C	0208	B7
476	F47C	020C	B7
476	F47C	0210	BF
476	F47C	0214	BF
476	F47C	0218	BF
476	F47C	021C	BF
476	F47C	0220	C7
476	F47C	0224	C7
476	F47C	0228	C7
476	F47C	022C	C7
476	F47C	0230	CF
476	F47C	0234	CF
476	F47C	0238	CF
476	F47C	023C	CF
476	F47C	0260	1F
476	F47C	0294	25
476	F47C	02C8	27
476	F47C	02FC	2D
476	F47C	0270	2D
476	F47C	02A4	31
476	F47C	02D8	31
476	F47C	024C	35
476	F47C	0280	39
476	F47C	02B4	40
476	D144	02E8	F4
476	D144	025C	F4
476	D144	0290	F4
476	D144	02C4	F4
476	D144	02F8	F4
476	D144	026C	F4
476	D144	02A0	F4
476	D144	02D4	F4
476	D144	0248	F4
476	D144	027C	F4
476	D144	02B0	F4
476	D144	02E4	F4
476	D144	0258	F4
476	D144	028C	F4
476	D144	02C0	F4
476	D144	02F4	F4
476	D144	0268	F4
476	D144	029C	F4
476	D144	02D0	F4
476	D144	0244	F4
476	D144	0278	F4
476	D144	02AC	F4
476	D144	02E0	F4
476	D144	0254	F4
476	D144	0288	F4
476	D144	02BC	F4
476	D144	02F0	F4
476	D144	0264	F4
476	D144	0298	F4
476	D144	02CC	F4
476	D144	0240	F4
476	D144	0274	F4
476	D144	02A8	F4
476	D144	02DC	F4
476	D144	0250	F4
476	D144	0284	F4
476	D144	02B8	F4
476	D144	02EC	F4
477	F47C	0200	B7
477	F47C	0204	B7
477	F47C	0208	B7
477	F47C	020C	B7
477	F47C	0210	BF
477	F47C	0214	BF
477	F47C	0218	BF
477	F47C	021C	BF
477	F47C	0220	C7
477	F47C	0224	C7
477	F47C	0228	C7
477	F47C	022C	C7
477	F47C	0230	CF
477	F47C	0234	CF
477	F47C	0238	CF
477	F47C	023C	CF
477	F47C	0294	1F
477	F47C	02C8	25
477	F47C	02FC	27
477	F47C	0270	2D
477	F47C	02A4	2D
477	F47C	02D8	31
477	F47C	024C	31
477	F47C	0280	35
477	F47C	02B4	39
477	F47C	02E8	40
477	D144	025C	F4
477	D144	0290	F4
477	D144	02C4	F4
477	D144	02F8	F4
477	D144	026C	F4
477	D144	02A0	F4
477	D144	02D4	F4
477	D144	0248	F4
477	D144	027C	F4
477	D144	02B0	F4
477	D144	02E4	F4
477	D144	0258	F4
477	D144	028C	F4
477	D144	02C0	F4
477	D144	02F4	F4
477	D144	0268	F4
477	D144	029C	F4
477	D144	02D0	F4
477	D144	0244	F4
477	D144	0278	F4
477	D144	02AC	F4
477	D144	02E0	F4
477	D144	0254	F4
477	D144	0288	F4
477	D144	02BC	F4
477	D144	02F0	F4
477	D144	0264	F4
477	D144	0298	F4
477	D144	02CC	F4
477	D144	0240	F4
477	D144	0274	F4
477	D144	02A8	F4
477	D144	02DC	F4
477	D144	0250	F4
477	D144	0284	F4
477	D144	02B8	F4
477	D144	02EC	F4
477	D144	0260	F4
478	F47C	0200	B7
478	F47C	0204	B7
478	F47C	0208	B7
478	F47C	020C	B7
478	F47C	0210	BF
478	F47C	0214	BF
478	F47C	0218	BF
478	F47C	021C	BF
478	F47C	0220	C7
478	F47C	0224	C7
478	F47C	0228	C7
478	F47C	022C	C7
478	F47C	0230	CF
478	F47C	0234	CF
478	F47C	0238	CF
478	F47C	023C	CF
478	F47C	02C8	1F
478	F47C	02FC	25
478	F47C	0270	27
478	F47C	02A4	2D
478	F47C	02D8	2D
478	F47C	024C	31
478	F47C	0280	31
478	F47C	02B4	35
478	F47C	02E8	39
478	F47C	025C	40
478	D144	0290	F4
478	D144	02C4	F4
478	D144	02F8	F4
478	D144	026C	F4
478	D144	02A0	F4
478	D144	02D4	F4
478	D144	0248	F4
478	D144	027C	F4
478	D144	02B0	F4
478	D144	02E4	F4
478	D144	0258	F4
478	D144	028C	F4
478	D144	02C0	F4
478	D144	02F4	F4
478	D144	0268	F4
478	D144	029C	F4
478	D144	02D0	F4
478	D144	0244	F4
478	D144	0278	F4
478	D144	02AC	F4
478	D144	02E0	F4
478	D144	0254	F4
478	D144	0288	F4
478	D144	02BC	F4
478	D144	02F0	F4
478	D144	0264	F4
478	D144	0298	F4
478	D144	02CC	F4
478	D144	0240	F4
478	D144	0274	F4
478	D144	02A8	F4
478	D144	02DC	F4
478	D144	0250	F4
478	D144	0284	F4
478	D144	02B8	F4
478	D144	02EC	F4
478	D144	0260	F4
478	D144	0294	F4
479	F47C	0200	B7
479	F47C	0204	B7
479	F47C	0208	B7
479	F47C	020C	B7
479	F47C	0210	BF
479	F47C	0214	BF
479	F47C	0218	BF
479	F47C	021C	BF
479	F47C	0220	C7
479	F47C	0224	C7
479	F47C	0228	C7
479	F47C	022C	C7
479	F47C	0230	CF
479	F47C	0234	CF
479	F47C	0238	CF
479	F47C	023C	CF
479	F47C	02FC	1F
479	F47C	0270	25
479	F47C	02A4	27
479	F47C	02D8	2D
479	F47C	024C	2D
479	F47C	0280	31
479	F47C	02B4	31
479	F47C	02E8	35
479	F47C	025C	39
479	F47C	0290	40
479	D144	02C4	F4
479	D144	02F8	F4
479	D144	026C	F4
479	D144	02A0	F4
479	D144	02D4	F4
479	D144	0248	F4
479	D144	027C	F4
479	D144	02B0	F4
479	D144	02E4	F4
479	D144	0258	F4
479	D144	028C	F4
479	D144	02C0	F4
479	D144	02F4	F4
479	D144	0268	F4
479	D144	029C	F4
479	D144	02D0	F4
479	D144	0244	F4
479	D144	0278	F4
479	D144	02AC	F4
479	D144	02E0	F4
479	D144	0254	F4
479	D144	0288	F4
479	D144	02BC	F4
479	D144	02F0	F4
479	D144	0264	F4
479	D144	0298	F4
479	D144	02CC	F4
479	D144	0240	F4
479	D144	0274	F4
479	D144	02A8	F4
479	D144	02DC	F4
479	D144	0250	F4
479	D144	0284	F4
479	D144	02B8	F4
479	D144	02EC	F4
479	D144	0260	F4
479	D144	0294	F4
479	D144	02C8	F4
480	F47C	0200	B7
480	F47C	0204	B7
480	F47C	0208	B7
480	F47C	020C	B7
480	F47C	0210	BF
480	F47C	0214	BF
480	F47C	0218	BF
480	F47C	021C	BF
480	F47C	0220	C7
480	F47C	0224	C7
480	F47C	0228	C7
480	F47C	022C	C7
480	F47C	0230	CF
480	F47C	0234	CF
480	F47C	0238	CF
480	F47C	023C	CF
480	F47C	0270	1F
480	F47C	02A4	25
480	F47C	02D8	27
480	F47C	024C	2D
480	F47C	0280	2D
480	F47C	02B4	31
480	F47C	02E8	31
480	F47C	025C	35
480	F47C	0290	39
480	F47C	02C4	40
480	D144	02F8	F4
480	D144	026C	F4
480	D144	02A0	F4
480	D144	02D4	F4
480	D144	0248	F4
480	D144	027C	F4
480	D144	02B0	F4
480	D144	02E4	F4
480	D144	0258	F4
480	D144	028C	F4
480	D144	02C0	F4
480	D144	02F4	F4
480	D144	0268	F4
480	D144	029C	F4
480	D144	02D0	F4
480	D144	0244	F4
480	D144	0278	F4
480	D144	02AC	F4
480	D144	02E0	F4
480	D144	0254	F4
480	D144	0288	F4
480	D144	02BC	F4
480	D144	02F0	F4
480	D144	0264	F4
480	D144	0298	F4
480	D144	02CC	F4
480	D144	0240	F4
480	D144	0274	F4
480	D144	02A8	F4
480	D144	02DC	F4
480	D144	0250	F4
480	D144	0284	F4
480	D144	02B8	F4
480	D144	02EC	F4
480	D144	0260	F4
480	D144	0294	F4
480	D144	02C8	F4
480	D144	02FC	F4
481	F47C	0200	B7
481	F47C	0204	B7
481	F47C	0208	B7
481	F47C	020C	B7
481	F47C	0210	BF
481	F47C	0214	BF
481	F47C	0218	BF
481	F47C	021C	BF
481	F47C	0220	C7
481	F47C	0224	C7
481	F47C	0228	C7
481	F47C	022C	C7
481	F47C	0230	CF
481	F47C	0234	CF
481	F47C	0238	CF
481	F47C	023C	CF
481	F47C	0264	1F
481	F47C	0298	25
481	F47C	02CC	27
481	F47C	0240	2D
481	F47C	0274	2D
481	F47C	02A8	31
481	F47C	02DC	31
481	F47C	0250	35
481	F47C	0284	39
481	F47C	02B8	40
481	D144	02EC	F4
481	D144	0260	F4
481	D144	0294	F4
481	D144	02C8	F4
481	D144	02FC	F4
481	D144	0270	F4
481	D144	02A4	F4
481	D144	02D8	F4
481	D144	024C	F4
481	D144	0280	F4
481	D144	02B4	F4
481	D144	02E8	F4
481	D144	025C	F4
481	D144	0290	F4
481	D144	02C4	F4
481	D144	02F8	F4
481	D144	026C	F4
481	D144	02A0	F4
481	D144	02D4	F4
481	D144	0248	F4
481	D144	027C	F4
481	D144	02B0	F4
481	D144	02E4	F4
481	D144	0258	F4
481	D144	028C	F4
481	D144	02C0	F4
481	D144	02F4	F4
481	D144	0268	F4
481	D144	029C	F4
481	D144	02D0	F4
481	D144	0244	F4
481	D144	0278	F4
481	D144	02AC	F4
481	D144	02E0	F4
481	D144	0254	F4
481	D144	0288	F4
481	D144	02BC	F4
481	D144	02F0	F4
482	F47C	0200	B7
482	F47C	0204	B7
482	F47C	0208	B7
482	F47C	020C	B7
482	F47C	0210	BF
482	F47C	0214	BF
482	F47C	0218	BF
482	F47C	021C	BF
482	F47C	0220	C7
482	F47C	0224	C7
482	F47C	0228	C7
482	F47C	022C	C7
482	F47C	0230	CF
482	F47C	0234	CF
482	F47C	0238	CF
482	F47C	023C	CF
482	F47C	0298	1F
482	F47C	02CC	25
482	F47C	0240	27
482	F47C	0274	2D
482	F47C	02A8	2D
482	F47C	02DC	31
482	F47C	0250	31
482	F47C	0284	35
482	F47C	02B8	39
482	F47C	02EC	40
482	D144	0260	F4
482	D144	0294	F4
482	D144	02C8	F4
482	D144	02FC	F4
482	D144	0270	F4
482	D144	02A4	F4
482	D144	02D8	F4
482	D144	024C	F4
482	D144	0280	F4
482	D144	02B4	F4
482	D144	02E8	F4
482	D144	025C	F4
482	D144	0290	F4
482	D144	02C4	F4
482	D144	02F8	F4
482	D144	026C	F4
482	D144	02A0	F4
482	D144	02D4	F4
482	D144	0248	F4
482	D144	027C	F4
482	D144	02B0	F4
482	D144	02E4	F4
482	D144	0258	F4
482	D144	028C	F4
482	D144	02C0	F4
482	D144	02F4	F4
482	D144	0268	F4
482	D144	029C	F4
482	D144	02D0	F4
482	D144	0244	F4
482	D144	0278	F4
482	D144	02AC	F4
482	D144	02E0	F4
482	D144	0254	F4
482	D144	0288	F4
482	D144	02BC	F4
482	D144	02F0	F4
482	D144	0264	F4
483	F47C	0200	B7
483	F47C	0204	B7
483	F47C	0208	B7
483	F47C	020C	B7
483	F47C	0210	BF
483	F47C	0214	BF
483	F47C	0218	BF
483	F47C	021C	BF
483	F47C	0220	C7
483	F47C	0224	C7
483	F47C	0228	C7
483	F47C	022C	C7
483	F47C	0230	CF
483	F47C	0234	CF
483	F47C	0238	CF
483	F47C	023C	CF
483	F47C	02CC	1F
483	F47C	0240	25
483	F47C	0274	27
483	F47C	02A8	2D
483	F47C	02DC	2D
483	F47C	0250	31
483	F47C	0284	31
483	F47C	02B8	35
483	F47C	02EC	39
483	F47C	0260	40
483	D144	0294	F4
483	D144	02C8	F4
483	D144	02FC	F4
483	D144	0270	F4
483	D144	02A4	F4
483	D144	02D8	F4
483	D144	024C	F4
483	D144	0280	F4
483	D144	02B4	F4
483	D144	02E8	F4
483	D144	025C	F4
483	D144	0290	F4
483	D144	02C4	F4
483	D144	02F8	F4
483	D144	026C	F4
483	D144	02A0	F4
483	D144	02D4	F4
483	D144	0248	F4
483	D144	027C	F4
483	D144	02B0	F4
483	D144	02E4	F4
483	D144	0258	F4
483	D144	028C	F4
483	D144	02C0	F4
483	D144	02F4	F4
483	D144	0268	F4
483	D144	029C	F4
483	D144	02D0	F4
483	D144	0244	F4
483	D144	0278	F4
483	D144	02AC	F4
483	D144	02E0	F4
483	D144	0254	F4
483	D144	0288	F4
483	D144	02BC	F4
483	D144	02F0	F4
483	D144	0264	F4
483	D144	0298	F4
484	F47C	0200	B7
484	F47C	0204	B7
484	F47C	0208	B7
484	F47C	020C	B7
484	F47C	0210	BF
484	F47C	0214	BF
484	F47C	0218	BF
484	F47C	021C	BF
484	F47C	0220	C7
484	F47C	0224	C7
484	F47C	0228	C7
484	F47C	022C	C7
484	F47C	0230	CF
484	F47C	0234	CF
484	F47C	0238	CF
484	F47C	023C	CF
484	F47C	0240	1F
484	F47C	0274	25
484	F47C	02A8	27
484	F47C	02DC	2D
484	F47C	0250	2D
484	F47C	0284	31
484	F47C	02B8	31
484	F47C	02EC	35
484	F47C	0260	39
484	F47C	0294	40
484	D144	02C8	F4
484	D144	02FC	F4
484	D144	0270	F4
484	D144	02A4	F4
484	D144	02D8	F4
484	D144	024C	F4
484	D144	0280	F4
484	D144	02B4	F4
484	D144	02E8	F4
484	D144	025C	F4
484	D144	0290	F4
484	D144	02C4	F4
484	D144	02F8	F4
484	D144	026C	F4
484	D144	02A0	F4
484	D144	02D4	F4
484	D144	0248	F4
484	D144	027C	F4
484	D144	02B0	F4
484	D144	02E4	F4
484	D144	0258	F4
484	D144	028C	F4
484	D144	02C0	F4
484	D144	02F4	F4
484	D144	0268	F4
484	D144	029C	F4
484	D144	02D0	F4
484	D144	0244	F4
484	D144	0278	F4
484	D144	02AC	F4
484	D144	02E0	F4
484	D144	0254	F4
484	D144	0288	F4
484	D144	02BC	F4
484	D144	02F0	F4
484	D144	0264	F4
484	D144	0298	F4
484	D144	02CC	F4
485	F47C	0200	B7
485	F47C	0204	B7
485	F47C	0208	B7
485	F47C	020C	B7
485	F47C	0210	BF
485	F47C	0214	BF
485	F47C	0218	BF
485	F47C	021C	BF
485	F47C	0220	C7
485	F47C	0224	C7
485	F47C	0228	C7
485	F47C	022C	C7
485	F47C	0230	CF
485	F47C	0234	CF
485	F47C	0238	CF
485	F47C	023C	CF
485	F47C	0274	1F
485	F47C	02A8	25
485	F47C	02DC	27
485	F47C	0250	2D
485	F47C	0284	2D
485	F47C	02B8	31
485	F47C	02EC	31
485	F47C	0260	35
485	F47C	0294	39
485	F47C	02C8	40
485	D144	02FC	F4
485	D144	0270	F4
485	D144	02A4	F4
485	D144	02D8	F4
485	D144	024C	F4
485	D144	0280	F4
485	D144	02B4	F4
485	D144	02E8	F4
485	D144	025C	F4
485	D144	0290	F4
485	D144	02C4	F4
485	D144	02F8	F4
485	D144	026C	F4
485	D144	02A0	F4
485	D144	02D4	F4
485	D144	0248	F4
485	D144	027C	F4
485	D144	02B0	F4
485	D144	02E4	F4
485	D144	0258	F4
485	D144	028C	F4
485	D144	02C0	F4
485	D144	02F4	F4
485	D144	0268	F4
485	D144	029C	F4
485	D144	02D0	F4
485	D144	0244	F4
485	D144	0278	F4
485	D144	02AC	F4
485	D144	02E0	F4
485	D144	0254	F4
485	D144	0288	F4
485	D144	02BC	F4
485	D144	02F0	F4
485	D144	0264	F4
485	D144	0298	F4
485	D144	02CC	F4
485	D144	0240	F4
486	F47C	0200	B7
486	F47C	0204	B7
486	F47C	0208	B7
486	F47C	020C	B7
486	F47C	0210	BF
486	F47C	0214	BF
486	F47C	0218	BF
486	F47C	021C	BF
486	F47C	0220	C7
486	F47C	0224	C7
486	F47C	0228	C7
486	F47C	022C	C7
486	F47C	0230	CF
486	F47C	0234	CF
486	F47C	0238	CF
486	F47C	023C	CF
486	F47C	0268	1F
486	F47C	029C	25
486	F47C	02D0	27
486	F47C	0244	2D
486	F47C	0278	2D
486	F47C	02AC	31
486	F47C	02E0	31
486	F47C	0254	35
486	F47C	0288	39
486	F47C	02BC	40
486	D144	02F0	F4
486	D144	0264	F4
486	D144	0298	F4
486	D144	02CC	F4
486	D144	0240	F4
486	D144	0274	F4
486	D144	02A8	F4
486	D144	02DC	F4
486	D144	0250	F4
486	D144	0284	F4
486	D144	02B8	F4
486	D144	02EC	F4
486	D144	0260	F4
486	D144	0294	F4
486	D144	02C8	F4
486	D144	02FC	F4
486	D144	0270	F4
486	D144	02A4	F4
486	D144	02D8	F4
486	D144	024C	F4
486	D144	0280	F4
486	D144	02B4	F4
486	D144	02E8	F4
486	D144	025C	F4
486	D144	0290	F4
486	D144	02C4	F4
486	D144	02F8	F4
486	D144	026C	F4
486	D144	02A0	F4
486	D144	02D4	F4
486	D144	0248	F4
486	D144	027C	F4
486	D144	02B0	F4
486	D144	02E4	F4
486	D144	0258	F4
486	D144	028C	F4
486	D144	02C0	F4
486	D144	02F4	F4
487	F47C	0200	B7
487	F47C	0204	B7
487	F47C	0208	B7
487	F47C	020C	B7
487	F47C	0210	BF
487	F47C	0214	BF
487	F47C	0218	BF
487	F47C	021C	BF
487	F47C	0220	C7
487	F47C	0224	C7
487	F47C	0228	C7
487	F47C	022C	C7
487	F47C	0230	CF
487	F47C	0234	CF
487	F47C	0238	CF
487	F47C	023C	CF
487	F47C	029C	1F
487	F47C	02D0	25
487	F47C	0244	27
487	F47C	0278	2D
487	F47C	02AC	2D
487	F47C	02E0	31
487	F47C	0254	31
487	F47C	0288	35
487	F47C	02BC	39
487	F47C	02F0	40
487	D144	0264	F4
487	D144	0298	F4
487	D144	02CC	F4
487	D144	0240	F4
487	D144	0274	F4
487	D144	02A8	F4
487	D144	02DC	F4
487	D144	0250	F4
487	D144	0284	F4
487	D144	02B8	F4
487	D144	02EC	F4
487	D144	0260	F4
487	D144	0294	F4
487	D144	02C8	F4
487	D144	02FC	F4
487	D144	0270	F4
487	D144	02A4	F4
487	D144	02D8	F4
487	D144	024C	F4
487	D144	0280	F4
487	D144	02B4	F4
487	D144	02E8	F4
487	D144	025C	F4
487	D144	0290	F4
487	D144	02C4	F4
487	D144	02F8	F4
487	D144	026C	F4
487	D144	02A0	F4
487	D144	02D4	F4
487	D144	0248	F4
487	D144	027C	F4
487	D144	02B0	F4
487	D144	02E4	F4
487	D144	0258	F4
487	D144	028C	F4
487	D144	02C0	F4
487	D144	02F4	F4
487	D144	0268	F4
488	F47C	0200	B7
488	F47C	0204	B7
488	F47C	0208	B7
488	F47C	020C	B7
488	F47C	0210	BF
488	F47C	0214	BF
488	F47C	0218	BF
488	F47C	021C	BF
488	F47C	0220	C7
488	F47C	0224	C7
488	F47C	0228	C7
488	F47C	022C	C7
488	F47C	0230	CF
488	F47C	0234	CF
488	F47C	0238	CF
488	F47C	023C	CF
488	F47C	02D0	1F
488	F47C	0244	25
488	F47C	0278	27
488	F47C	02AC	2D
488	F47C	02E0	2D
488	F47C	0254	31
488	F47C	0288	31
488	F47C	02BC	35
488	F47C	02F0	39
488	F47C	0264	40
488	D144	0298	F4
488	D144	02CC	F4
488	D144	0240	F4
488	D144	0274	F4
488	D144	02A8	F4
488	D144	02DC	F4
488	D144	0250	F4
488	D144	0284	F4
488	D144	02B8	F4
488	D144	02EC	F4
488	D144	0260	F4
488	D144	0294	F4
488	D144	02C8	F4
488	D144	02FC	F4
488	D144	0270	F4
488	D144	02A4	F4
488	D144	02D8	F4
488	D144	024C	F4
488	D144	0280	F4
488	D144	02B4	F4
488	D144	02E8	F4
488	D144	025C	F4
488	D144	0290	F4
488	D144	02C4	F4
488	D144	02F8	F4
488	D144	026C	F4
488	D144	02A0	F4
488	D144	02D4	F4
488	D144	0248	F4
488	D144	027C	F4
488	D144	02B0	F4
488	D144	02E4	F4
488	D144	0258	F4
488	D144	028C	F4
488	D144	02C0	F4
488	D144	02F4	F4
488	D144	0268	F4
488	D144	029C	F4
489	F47C	0200	B7
489	F47C	0204	B7
489	F47C	0208	B7
489	F47C	020C	B7
489	F47C	0210	BF
489	F47C	0214	BF
489	F47C	0218	BF
489	F47C	021C	BF
489	F47C	0220	C7
489	F47C	0224	C7
489	F47C	0228	C7
489	F47C	022C	C7
489	F47C	0230	CF
489	F47C	0234	CF
489	F47C	0238	CF
489	F47C	023C	CF
489	F47C	0244	1F
489	F47C	0278	25
489	F47C	02AC	27
489	F47C	02E0	2D
489	F47C	0254	2D
489	F47C	0288	31
489	F47C	02BC	31
489	F47C	02F0	35
489	F47C	0264	39
489	F47C	0298	40
489	D144	02CC	F4
489	D144	0240	F4
489	D144	0274	F4
489	D144	02A8	F4
489	D144	02DC	F4
489	D144	0250	F4
489	D144	0284	F4
489	D144	02B8	F4
489	D144	02EC	F4
489	D144	0260	F4
489	D144	0294	F4
489	D144	02C8	F4
489	D144	02FC	F4
489	D144	0270	F4
489	D144	02A4	F4
489	D144	02D8	F4
489	D144	024C	F4
489	D144	0280	F4
489	D144	02B4	F4
489	D144	02E8	F4
489	D144	025C	F4
489	D144	0290	F4
489	D144	02C4	F4
489	D144	02F8	F4
489	D144	026C	F4
489	D144	02A0	F4
489	D144	02D4	F4
489	D144	0248	F4
489	D144	027C	F4
489	D144	02B0	F4
489	D144	02E4	F4
489	D144	0258	F4
489	D144	028C	F4
489	D144	02C0	F4
489	D144	02F4	F4
489	D144	0268	F4
489	D144	029C	F4
489	D144	02D0	F4
490	F47C	0200	B7
490	F47C	0204	B7
490	F47C	0208	B7
490	F47C	020C	B7
490	F47C	0210	BF
490	F47C	0214	BF
490	F47C	0218	BF
490	F47C	021C	BF
490	F47C	0220	C7
490	F47C	0224	C7
490	F47C	0228	C7
490	F47C	022C	C7
490	F47C	0230	CF
490	F47C	0234	CF
490	F47C	0238	CF
490	F47C	023C	CF
490	F47C	0278	1F
490	F47C	02AC	25
490	F47C	02E0	27
490	F47C	0254	2D
490	F47C	0288	2D
490	F47C	02BC	31
490	F47C	02F0	31
490	F47C	0264	35
490	F47C	0298	39
490	F47C	02CC	40
490	D144	0240	F4
490	D144	0274	F4
490	D144	02A8	F4
490	D144	02DC	F4
490	D144	0250	F4
490	D144	0284	F4
490	D144	02B8	F4
490	D144	02EC	F4
490	D144	0260	F4
490	D144	0294	F4
490	D144	02C8	F4
490	D144	02FC	F4
490	D144	0270	F4
490	D144	02A4	F4
490	D144	02D8	F4
490	D144	024C	F4
490	D144	0280	F4
490	D144	02B4	F4
490	D144	02E8	F4
490	D144	025C	F4
490	D144	0290	F4
490	D144	02C4	F4
490	D144	02F8	F4
490	D144	026C	F4
490	D144	02A0	F4
490	D144	02D4	F4
490	D144	0248	F4
490	D144	027C	F4
490	D144	02B0	F4
490	D144	02E4	F4
490	D144	0258	F4
490	D144	028C	F4
490	D144	02C0	F4
490	D144	02F4	F4
490	D144	0268	F4
490	D144	029C	F4
490	D144	02D0	F4
490	D144	0244	F4
491	F47C	0200	B7
491	F47C	0204	B7
491	F47C	0208	B7
491	F47C	020C	B7
491	F47C	0210	BF
491	F47C	0214	BF
491	F47C	0218	BF
491	F47C	021C	BF
491	F47C	0220	C7
491	F47C	0224	C7
491	F47C	0228	C7
491	F47C	022C	C7
491	F47C	0230	CF
491	F47C	0234	CF
491	F47C	0238	CF
491	F47C	023C	CF
491	F47C	026C	1F
491	F47C	02A0	25
491	F47C	02D4	27
491	F47C	0248	2D
491	F47C	027C	2D
491	F47C	02B0	31
491	F47C	02E4	31
491	F47C	0258	35
491	F47C	028C	39
491	F47C	02C0	40
491	D144	02F4	F4
491	D144	0268	F4
491	D144	029C	F4
491	D144	02D0	F4
491	D144	0244	F4
491	D144	0278	F4
491	D144	02AC	F4
491	D144	02E0	F4
491	D144	0254	F4
491	D144	0288	F4
491	D144	02BC	F4
491	D144	02F0	F4
491	D144	0264	F4
491	D144	0298	F4
491	D144	02CC	F4
491	D144	0240	F4
491	D144	0274	F4
491	D144	02A8	F4
491	D144	02DC	F4
491	D144	0250	F4
491	D144	0284	F4
491	D144	02B8	F4
491	D144	02EC	F4
491	D144	0260	F4
491	D144	0294	F4
491	D144	02C8	F4
491	D144	02FC	F4
491	D144	0270	F4
491	D144	02A4	F4
491	D144	02D8	F4
491	D144	024C	F4
491	D144	0280	F4
491	D144	02B4	F4
491	D144	02E8	F4
491	D144	025C	F4
491	D144	0290	F4
491	D144	02C4	F4
491	D144	02F8	F4
492	F47C	0200	B7
492	F47C	0204	B7
492	F47C	0208	B7
492	F47C	020C	B7
492	F47C	0210	BF
492	F47C	0214	BF
492	F47C	0218	BF
492	F47C	021C	BF
492	F47C	0220	C7
492	F47C	0224	C7
492	F47C	0228	C7
492	F47C	022C	C7
492	F47C	0230	CF
492	F47C	0234	CF
492	F47C	0238	CF
492	F47C	023C	CF
492	F47C	02A0	1F
492	F47C	02D4	25
492	F47C	0248	27
492	F47C	027C	2D
492	F47C	02B0	2D
492	F47C	02E4	31
492	F47C	0258	31
492	F47C	028C	35
492	F47C	02C0	39
492	F47C	02F4	40
492	D144	0268	F4
492	D144	029C	F4
492	D144	02D0	F4
492	D144	0244	F4
492	D144	0278	F4
492	D144	02AC	F4
492	D144	02E0	F4
492	D144	0254	F4
492	D144	0288	F4
492	D144	02BC	F4
492	D144	02F0	F4
492	D144	0264	F4
492	D144	0298	F4
492	D144	02CC	F4
492	D144	0240	F4
492	D144	0274	F4
492	D144	02A8	F4
492	D144	02DC	F4
492	D144	0250	F4
492	D144	0284	F4
492	D144	02B8	F4
492	D144	02EC	F4
492	D144	0260	F4
492	D144	0294	F4
492	D144	02C8	F4
492	D144	02FC	F4
492	D144	0270	F4
492	D144	02A4	F4
492	D144	02D8	F4
492	D144	024C	F4
492	D144	0280	F4
492	D144	02B4	F4
492	D144	02E8	F4
492	D144	025C	F4
492	D144	0290	F4
492	D144	02C4	F4
492	D144	02F8	F4
492	D144	026C	F4
493	F47C	0200	B7
493	F47C	0204	B7
493	F47C	0208	B7
493	F47C	020C	B7
493	F47C	0210	BF
493	F47C	0214	BF
493	F47C	0218	BF
493	F47C	021C	BF
493	F47C	0220	C7
493	F47C	0224	C7
493	F47C	0228	C7
493	F47C	022C	C7
493	F47C	0230	CF
493	F47C	0234	CF
493	F47C	0238	CF
493	F47C	023C	CF
493	F47C	02D4	1F
493	F47C	0248	25
493	F47C	027C	27
493	F47C	02B0	2D
493	F47C	02E4	2D
493	F47C	0258	31
493	F47C	028C	31
493	F47C	02C0	35
493	F47C	02F4	39
493	F47C	0268	40
493	D144	029C	F4
493	D144	02D0	F4
493	D144	0244	F4
493	D144	0278	F4
493	D144	02AC	F4
493	D144	02E0	F4
493	D144	0254	F4
493	D144	0288	F4
493	D144	02BC	F4
493	D144	02F0	F4
493	D144	0264	F4
493	D144	0298	F4
493	D144	02CC	F4
493	D144	0240	F4
493	D144	0274	F4
493	D144	02A8	F4
493	D144	02DC	F4
493	D144	0250	F4
493	D144	0284	F4
493	D144	02B8	F4
493	D144	02EC	F4
493	D144	0260	F4
493	D144	0294	F4
493	D144	02C8	F4
493	D144	02FC	F4
493	D144	0270	F4
493	D144	02A4	F4
493	D144	02D8	F4
493	D144	024C	F4
493	D144	0280	F4
493	D144	02B4	F4
493	D144	02E8	F4
493	D144	025C	F4
493	D144	0290	F4
493	D144	02C4	F4
493	D144	02F8	F4
493	D144	026C	F4
493	D144	02A0	F4
494	F47C	0200	B7
494	F47C	0204	B7
494	F47C	0208	B7
494	F47C	020C	B7
494	F47C	0210	BF
494	F47C	0214	BF
494	F47C	0218	BF
494	F47C	021C	BF
494	F47C	0220	C7
494	F47C	0224	C7
494	F47C	0228	C7
494	F47C	022C	C7
494	F47C	0230	CF
494	F47C	0234	CF
494	F47C	0238	CF
494	F47C	023C	CF
494	F47C	0248	1F
494	F47C	027C	25
494	F47C	02B0	27
494	F47C	02E4	2D
494	F47C	0258	2D
494	F47C	028C	31
494	F47C	02C0	31
494	F47C	02F4	35
494	F47C	0268	39
494	F47C	029C	40
494	D144	02D0	F4
494	D144	0244	F4
494	D144	0278	F4
494	D144	02AC	F4
494	D144	02E0	F4
494	D144	0254	F4
494	D144	0288	F4
494	D144	02BC	F4
494	D144	02F0	F4
494	D144	0264	F4
494	D144	0298	F4
494	D144	02CC	F4
494	D144	0240	F4
494	D144	0274	F4
494	D144	02A8	F4
494	D144	02DC	F4
494	D144	0250	F4
494	D144	0284	F4
494	D144	02B8	F4
494	D144	02EC	F4
494	D144	0260	F4
494	D144	0294	F4
494	D144	02C8	F4
494	D144	02FC	F4
494	D144	0270	F4
494	D144	02A4	F4
494	D144	02D8	F4
494	D144	024C	F4
494	D144	0280	F4
494	D144	02B4	F4
494	D144	02E8	F4
494	D144	025C	F4
494	D144	0290	F4
494	D144	02C4	F4
494	D144	02F8	F4
494	D144	026C	F4
494	D144	02A0	F4
494	D144	02D4	F4
495	F47C	0200	B7
495	F47C	0204	B7
495	F47C	0208	B7
495	F47C	020C	B7
495	F47C	0210	BF
495	F47C	0214	BF
495	F47C	0218	BF
495	F47C	021C	BF
495	F47C	0220	C7
495	F47C	0224	C7
495	F47C	0228	C7
495	F47C	022C	C7
495	F47C	0230	CF
495	F47C	0234	CF
495	F47C	0238	CF
495	F47C	023C	CF
495	F47C	027C	1F
495	F47C	02B0	25
495	F47C	02E4	27
495	F47C	0258	2D
495	F47C	028C	2D
495	F47C	02C0	31
495	F47C	02F4	31
495	F47C	0268	35
495	F47C	029C	39
495	F47C	02D0	40
495	D144	0244	F4
495	D144	0278	F4
495	D144	02AC	F4
495	D144	02E0	F4
495	D144	0254	F4
495	D144	0288	F4
495	D144	02BC	F4
495	D144	02F0	F4
495	D144	0264	F4
495	D144	0298	F4
495	D144	02CC	F4
495	D144	0240	F4
495	D144	0274	F4
495	D144	02A8	F4
495	D144	02DC	F4
495	D144	0250	F4
495	D144	0284	F4
495	D144	02B8	F4
495	D144	02EC	F4
495	D144	0260	F4
495	D144	0294	F4
495	D144	02C8	F4
495	D144	02FC	F4
495	D144	0270	F4
495	D144	02A4	F4
495	D144	02D8	F4
495	D144	024C	F4
495	D144	0280	F4
495	D144	02B4	F4
495	D144	02E8	F4
495	D144	025C	F4
495	D144	0290	F4
495	D144	02C4	F4
495	D144	02F8	F4
495	D144	026C	F4
495	D144	02A0	F4
495	D144	02D4	F4
495	D144	0248	F4
496	F47C	0200	B7
496	F47C	0204	B7
496	F47C	0208	B7
496	F47C	020C	B7
496	F47C	0210	BF
496	F47C	0214	BF
496	F47C	0218	BF
496	F47C	021C	BF
496	F47C	0220	C7
496	F47C	0224	C7
496	F47C	0228	C7
496	F47C	022C	C7
496	F47C	0230	CF
496	F47C	0234	CF
496	F47C	0238	CF
496	F47C	023C	CF
496	F47C	0270	1F
496	F47C	02A4	25
496	F47C	02D8	27
496	F47C	024C	2D
496	F47C	0280	2D
496	F47C	02B4	31
496	F47C	02E8	31
496	F47C	025C	35
496	F47C	0290	39
496	F47C	02C4	40
496	D144	02F8	F4
496	D144	026C	F4
496	D144	02A0	F4
496	D144	02D4	F4
496	D144	0248	F4
496	D144	027C	F4
496	D144	02B0	F4
496	D144	02E4	F4
496	D144	0258	F4
496	D144	028C	F4
496	D144	02C0	F4
496	D144	02F4	F4
496	D144	0268	F4
496	D144	029C	F4
496	D144	02D0	F4
496	D144	0244	F4
496	D144	0278	F4
496	D144	02AC	F4
496	D144	02E0	F4
496	D144	0254	F4
496	D144	0288	F4
496	D144	02BC	F4
496	D144	02F0	F4
496	D144	0264	F4
496	D144	0298	F4
496	D144	02CC	F4
496	D144	0240	F4
496	D144	0274	F4
496	D144	02A8	F4
496	D144	02DC	F4
496	D144	0250	F4
496	D144	0284	F4
496	D144	02B8	F4
496	D144	02EC	F4
496	D144	0260	F4
496	D144	0294	F4
496	D144	02C8	F4
496	D144	02FC	F4
497	F47C	0200	B7
497	F47C	0204	B7
497	F47C	0208	B7
497	F47C	020C	B7
497	F47C	0210	BF
497	F47C	0214	BF
497	F47C	0218	BF
497	F47C	021C	BF
497	F47C	0220	C7
497	F47C	0224	C7
497	F47C	0228	C7
497	F47C	022C	C7
497	F47C	0230	CF
497	F47C	0234	CF
497	F47C	0238	CF
497	F47C	023C	CF
497	F47C	02A4	1F
497	F47C	02D8	25
497	F47C	024C	27
497	F47C	0280	2D
497	F47C	02B4	2D
497	F47C	02E8	31
497	F47C	025C	31
497	F47C	0290	35
497	F47C	02C4	39
497	F47C	02F8	40
497	D144	026C	F4
497	D144	02A0	F4
497	D144	02D4	F4
497	D144	0248	F4
497	D144	027C	F4
497	D144	02B0	F4
497	D144	02E4	F4
497	D144	0258	F4
497	D144	028C	F4
497	D144	02C0	F4
497	D144	02F4	F4
497	D144	0268	F4
497	D144	029C	F4
497	D144	02D0	F4
497	D144	0244	F4
497	D144	0278	F4
497	D144	02AC	F4
497	D144	02E0	F4
497	D144	0254	F4
497	D144	0288	F4
497	D144	02BC	F4
497	D144	02F0	F4
497	D144	0264	F4
497	D144	0298	F4
497	D144	02CC	F4
497	D144	0240	F4
497	D144	0274	F4
497	D144	02A8	F4
497	D144	02DC	F4
497	D144	0250	F4
497	D144	0284	F4
497	D144	02B8	F4
497	D144	02EC	F4
497	D144	0260	F4
497	D144	0294	F4
497	D144	02C8	F4
497	D144	02FC	F4
497	D144	0270	F4
498	F47C	0200	B7
498	F47C	0204	B7
498	F47C	0208	B7
498	F47C	020C	B7
498	F47C	0210	BF
498	F47C	0214	BF
498	F47C	0218	BF
498	F47C	021C	BF
498	F47C	0220	C7
498	F47C	0224	C7
498	F47C	0228	C7
498	F47C	022C	C7
498	F47C	0230	CF
498	F47C	0234	CF
498	F47C	0238	CF
498	F47C	023C	CF
498	F47C	02D8	1F
498	F47C	024C	25
498	F47C	0280	27
498	F47C	02B4	2D
498	F47C	02E8	2D
498	F47C	025C	31
498	F47C	0290	31
498	F47C	02C4	35
498	F47C	02F8	39
498	F47C	026C	40
498	D144	02A0	F4
498	D144	02D4	F4
498	D144	0248	F4
498	D144	027C	F4
498	D144	02B0	F4
498	D144	02E4	F4
498	D144	0258	F4
498	D144	028C	F4
498	D144	02C0	F4
498	D144	02F4	F4
498	D144	0268	F4
498	D144	029C	F4
498	D144	02D0	F4
498	D144	0244	F4
498	D144	0278	F4
498	D144	02AC	F4
498	D144	02E0	F4
498	D144	0254	F4
498	D144	0288	F4
498	D144	02BC	F4
498	D144	02F0	F4
498	D144	0264	F4
498	D144	0298	F4
498	D144	02CC	F4
498	D144	0240	F4
498	D144	0274	F4
498	D144	02A8	F4
498	D144	02DC	F4
498	D144	0250	F4
498	D144	0284	F4
498	D144	02B8	F4
498	D144	02EC	F4
498	D144	0260	F4
498	D144	0294	F4
498	D144	02C8	F4
498	D144	02FC	F4
498	D144	0270	F4
498	D144	02A4	F4
499	F47C	0200	B7
499	F47C	0204	B7
499	F47C	0208	B7
499	F47C	020C	B7
499	F47C	0210	BF
499	F47C	0214	BF
499	F47C	0218	BF
499	F47C	021C	BF
499	F47C	0220	C7
499	F47C	0224	C7
499	F47C	0228	C7
499	F47C	022C	C7
499	F47C	0230	CF
499	F47C	0234	CF
499	F47C	0238	CF
499	F47C	023C	CF
499	F47C	024C	1F
499	F47C	0280	25
499	F47C	02B4	27
499	F47C	02E8	2D
499	F47C	025C	2D
499	F47C	0290	31
499	F47C	02C4	31
499	F47C	02F8	35
499	F47C	026C	39
499	F47C	02A0	40
499	D144	02D4	F4
499	D144	0248	F4
499	D144	027C	F4
499	D144	02B0	F4
499	D144	02E4	F4
499	D144	0258	F4
499	D144	028C	F4
499	D144	02C0	F4
499	D144	02F4	F4
499	D144	0268	F4
499	D144	029C	F4
499	D144	02D0	F4
499	D144	0244	F4
499	D144	0278	F4
499	D144	02AC	F4
499	D144	02E0	F4
499	D144	0254	F4
499	D144	0288	F4
499	D144	02BC	F4
499	D144	02F0	F4
499	D144	0264	F4
499	D144	0298	F4
499	D144	02CC	F4
499	D144	0240	F4
499	D144	0274	F4
499	D144	02A8	F4
499	D144	02DC	F4
499	D144	0250	F4
499	D144	0284	F4
499	D144	02B8	F4
499	D144	02EC	F4
499	D144	0260	F4
499	D144	0294	F4
499	D144	02C8	F4
499	D144	02FC	F4
499	D144	0270	F4
499	D144	02A4	F4
499	D144	02D8	F4
500	F47C	0200	B7
500	F47C	0204	B7
500	F47C	0208	B7
500	F47C	020C	B7
500	F47C	0210	BF
500	F47C	0214	BF
500	F47C	0218	BF
500	F47C	021C	BF
500	F47C	0220	C7
500	F47C	0224	C7
500	F47C	0228	C7
500	F47C	022C	C7
500	F47C	0230	CF
500	F47C	0234	CF
500	F47C	0238	CF
500	F47C	023C	CF
500	F47C	0240	1F
500	F47C	0274	25
500	F47C	02A8	27
500	F47C	02DC	2D
500	F47C	0250	2D
500	F47C	0284	31
500	F47C	02B8	31
500	F47C	02EC	35
500	F47C	0260	39
500	F47C	0294	40
500	D144	02C8	F4
500	D144	02FC	F4
500	D144	0270	F4
500	D144	02A4	F4
500	D144	02D8	F4
500	D144	024C	F4
500	D144	0280	F4
500	D144	02B4	F4
500	D144	02E8	F4
500	D144	025C	F4
500	D144	0290	F4
500	D144	02C4	F4
500	D144	02F8	F4
500	D144	026C	F4
500	D144	02A0	F4
500	D144	02D4	F4
500	D144	0248	F4
500	D144	027C	F4
500	D144	02B0	F4
500	D144	02E4	F4
500	D144	0258	F4
500	D144	028C	F4
500	D144	02C0	F4
500	D144	02F4	F4
500	D144	0268	F4
500	D144	029C	F4
500	D144	02D0	F4
500	D144	0244	F4
500	D144	0278	F4
500	D144	02AC	F4
500	D144	02E0	F4
500	D144	0254	F4
500	D144	0288	F4
500	D144	02BC	F4
500	D144	02F0	F4
500	D144	0264	F4
500	D144	0298	F4
500	D144	02CC	F4
501	F47C	0200	B7
501	F47C	0204	B7
501	F47C	0208	B7
501	F47C	020C	B7
501	F47C	0210	BF
501	F47C	0214	BF
501	F47C	0218	BF
501	F47C	021C	BF
501	F47C	0220	C7
501	F47C	0224	C7
501	F47C	0228	C7
501	F47C	022C	C7
501	F47C	0230	CF
501	F47C	0234	CF
501	F47C	0238	CF
501	F47C	023C	CF
501	F47C	0274	1F
501	F47C	02A8	25
501	F47C	02DC	27
501	F47C	0250	2D
501	F47C	0284	2D
501	F47C	02B8	31
501	F47C	02EC	31
501	F47C	0260	35
501	F47C	0294	39
501	F47C	02C8	40
501	D144	02FC	F4
501	D144	0270	F4
501	D144	02A4	F4
501	D144	02D8	F4
501	D144	024C	F4
501	D144	0280	F4
501	D144	02B4	F4
501	D144	02E8	F4
501	D144	025C	F4
501	D144	0290	F4
501	D144	02C4	F4
501	D144	02F8	F4
501	D144	026C	F4
501	D144	02A0	F4
501	D144	02D4	F4
501	D144	0248	F4
501	D144	027C	F4
501	D144	02B0	F4
501	D144	02E4	F4
501	D144	0258	F4
501	D144	028C	F4
501	D144	02C0	F4
501	D144	02F4	F4
501	D144	0268	F4
501	D144	029C	F4
501	D144	02D0	F4
501	D144	0244	F4
501	D144	0278	F4
501	D144	02AC	F4
501	D144	02E0	F4
501	D144	0254	F4
501	D144	0288	F4
501	D144	02BC	F4
501	D144	02F0	F4
501	D144	0264	F4
501	D144	0298	F4
501	D144	02CC	F4
501	D144	0240	F4
502	F47C	0200	B7
502	F47C	0204	B7
502	F47C	0208	B7
502	F47C	020C	B7
502	F47C	0210	BF
502	F47C	0214	BF
502	F47C	0218	BF
502	F47C	021C	BF
502	F47C	0220	C7
502	F47C	0224	C7
502	F47C	0228	C7
502	F47C	022C	C7
502	F47C	0230	CF
502	F47C	0234	CF
502	F47C	0238	CF
502	F47C	023C	CF
502	F47C	02A8	1F
502	F47C	02DC	25
502	F47C	0250	27
502	F47C	0284	2D
502	F47C	02B8	2D
502	F47C	02EC	31
502	F47C	0260	31
502	F47C	0294	35
502	F47C	02C8	39
502	F47C	02FC	40
502	D144	0270	F4
502	D144	02A4	F4
502	D144	02D8	F4
502	D144	024C	F4
502	D144	0280	F4
502	D144	02B4	F4
502	D144	02E8	F4
502	D144	025C	F4
502	D144	0290	F4
502	D144	02C4	F4
502	D144	02F8	F4
502	D144	026C	F4
502	D144	02A0	F4
502	D144	02D4	F4
502	D144	0248	F4
502	D144	027C	F4
502	D144	02B0	F4
502	D144	02E4	F4
502	D144	0258	F4
502	D144	028C	F4
502	D144	02C0	F4
502	D144	02F4	F4
502	D144	0268	F4
502	D144	029C	F4
502	D144	02D0	F4
502	D144	0244	F4
502	D144	0278	F4
502	D144	02AC	F4
502	D144	02E0	F4
502	D144	0254	F4
502	D144	0288	F4
502	D144	02BC	F4
502	D144	02F0	F4
502	D144	0264	F4
502	D144	0298	F4
502	D144	02CC	F4
502	D144	0240	F4
502	D144	0274	F4
503	F47C	0200	B7
503	F47C	0204	B7
503	F47C	0208	B7
503	F47C	020C	B7
503	F47C	0210	BF
503	F47C	0214	BF
503	F47C	0218	BF
503	F47C	021C	BF
503	F47C	0220	C7
503	F47C	0224	C7
503	F47C	0228	C7
503	F47C	022C	C7
503	F47C	0230	CF
503	F47C	0234	CF
503	F47C	0238	CF
503	F47C	023C	CF
503	F47C	02DC	1F
503	F47C	0250	25
503	F47C	0284	27
503	F47C	02B8	2D
503	F47C	02EC	2D
503	F47C	0260	31
503	F47C	0294	31
503	F47C	02C8	35
503	F47C	02FC	39
503	F47C	0270	40
503	D144	02A4	F4
503	D144	02D8	F4
503	D144	024C	F4
503	D144	0280	F4
503	D144	02B4	F4
503	D144	02E8	F4
503	D144	025C	F4
503	D144	0290	F4
503	D144	02C4	F4
503	D144	02F8	F4
503	D144	026C	F4
503	D144	02A0	F4
503	D144	02D4	F4
503	D144	0248	F4
503	D144	027C	F4
503	D144	02B0	F4
503	D144	02E4	F4
503	D144	0258	F4
503	D144	028C	F4
503	D144	02C0	F4
503	D144	02F4	F4
503	D144	0268	F4
503	D144	029C	F4
503	D144	02D0	F4
503	D144	0244	F4
503	D144	0278	F4
503	D144	02AC	F4
503	D144	02E0	F4
503	D144	0254	F4
503	D144	0288	F4
503	D144	02BC	F4
503	D144	02F0	F4
503	D144	0264	F4
503	D144	0298	F4
503	D144	02CC	F4
503	D144	0240	F4
503	D144	0274	F4
503	D144	02A8	F4
504	F47C	0200	B7
504	F47C	0204	B7
504	F47C	0208	B7
504	F47C	020C	B7
504	F47C	0210	BF
504	F47C	0214	BF
504	F47C	0218	BF
504	F47C	021C	BF
504	F47C	0220	C7
504	F47C	0224	C7
504	F47C	0228	C7
504	F47C	022C	C7
504	F47C	0230	CF
504	F47C	0234	CF
504	F47C	0238	CF
504	F47C	023C	CF
504	F47C	0250	1F
504	F47C	0284	25
504	F47C	02B8	27
504	F47C	02EC	2D
504	F47C	0260	2D
504	F47C	0294	31
504	F47C	02C8	31
504	F47C	02FC	35
504	F47C	0270	39
504	F47C	02A4	40
504	D144	02D8	F4
504	D144	024C	F4
504	D144	0280	F4
504	D144	02B4	F4
504	D144	02E8	F4
504	D144	025C	F4
504	D144	0290	F4
504	D144	02C4	F4
504	D144	02F8	F4
504	D144	026C	F4
504	D144	02A0	F4
504	D144	02D4	F4
504	D144	0248	F4
504	D144	027C	F4
504	D144	02B0	F4
504	D144	02E4	F4
504	D144	0258	F4
504	D144	028C	F4
504	D144	02C0	F4
504	D144	02F4	F4
504	D144	0268	F4
504	D144	029C	F4
504	D144	02D0	F4
504	D144	0244	F4
504	D144	0278	F4
504	D144	02AC	F4
504	D144	02E0	F4
504	D144	0254	F4
504	D144	0288	F4
504	D144	02BC	F4
504	D144	02F0	F4
504	D144	0264	F4
504	D144	0298	F4
504	D144	02CC	F4
504	D144	0240	F4
504	D144	0274	F4
504	D144	02A8	F4
504	D144	02DC	F4
505	F47C	0200	B7
505	F47C	0204	B7
505	F47C	0208	B7
505	F47C	020C	B7
505	F47C	0210	BF
505	F47C	0214	BF
505	F47C	0218	BF
505	F47C	021C	BF
505	F47C	0220	C7
505	F47C	0224	C7
505	F47C	0228	C7
505	F47C	022C	C7
505	F47C	0230	CF
505	F47C	0234	CF
505	F47C	0238	CF
505	F47C	023C	CF
505	F47C	0244	1F
505	F47C	0278	25
505	F47C	02AC	27
505	F47C	02E0	2D
505	F47C	0254	2D
505	F47C	0288	31
505	F47C	02BC	31
505	F47C	02F0	35
505	F47C	0264	39
505	F47C	0298	40
505	D144	02CC	F4
505	D144	0240	F4
505	D144	0274	F4
505	D144	02A8	F4
505	D144	02DC	F4
505	D144	0250	F4
505	D144	0284	F4
505	D144	02B8	F4
505	D144	02EC	F4
505	D144	0260	F4
505	D144	0294	F4
505	D144	02C8	F4
505	D144	02FC	F4
505	D144	0270	F4
505	D144	02A4	F4
505	D144	02D8	F4
505	D144	024C	F4
505	D144	0280	F4
505	D144	02B4	F4
505	D144	02E8	F4
505	D144	025C	F4
505	D144	0290	F4
505	D144	02C4	F4
505	D144	02F8	F4
505	D144	026C	F4
505	D144	02A0	F4
505	D144	02D4	F4
505	D144	0248	F4
505	D144	027C	F4
505	D144	02B0	F4
505	D144	02E4	F4
505	D144	0258	F4
505	D144	028C	F4
505	D144	02C0	F4
505	D144	02F4	F4
505	D144	0268	F4
505	D144	029C	F4
505	D144	02D0	F4
506	F47C	0200	B7
506	F47C	0204	B7
506	F47C	0208	B7
506	F47C	020C	B7
506	F47C	0210	BF
506	F47C	0214	BF
506	F47C	0218	BF
506	F47C	021C	BF
506	F47C	0220	C7
506	F47C	0224	C7
506	F47C	0228	C7
506	F47C	022C	C7
506	F47C	0230	CF
506	F47C	0234	CF
506	F47C	0238	CF
506	F47C	023C	CF
506	F47C	0278	1F
506	F47C	02AC	25
506	F47C	02E0	27
506	F47C	0254	2D
506	F47C	0288	2D
506	F47C	02BC	31
506	F47C	02F0	31
506	F47C	0264	35
506	F47C	0298	39
506	F47C	02CC	40
506	D144	0240	F4
506	D144	0274	F4
506	D144	02A8	F4
506	D144	02DC	F4
506	D144	0250	F4
506	D144	0284	F4
506	D144	02B8	F4
506	D144	02EC	F4
506	D144	0260	F4
506	D144	0294	F4
506	D144	02C8	F4
506	D144	02FC	F4
506	D144	0270	F4
506	D144	02A4	F4
506	D144	02D8	F4
506	D144	024C	F4
506	D144	0280	F4
506	D144	02B4	F4
506	D144	02E8	F4
506	D144	025C	F4
506	D144	0290	F4
506	D144	02C4	F4
506	D144	02F8	F4
506	D144	026C	F4
506	D144	02A0	F4
506	D144	02D4	F4
506	D144	0248	F4
506	D144	027C	F4
506	D144	02B0	F4
506	D144	02E4	F4
506	D144	0258	F4
506	D144	028C	F4
506	D144	02C0	F4
506	D144	02F4	F4
506	D144	0268	F4
506	D144	029C	F4
506	D144	02D0	F4
506	D144	0244	F4
507	F47C	0200	B7
507	F47C	0204	B7
507	F47C	0208	B7
507	F47C	020C	B7
507	F47C	0210	BF
507	F47C	0214	BF
507	F47C	0218	BF
507	F47C	021C	BF
507	F47C	0220	C7
507	F47C	0224	C7
507	F47C	0228	C7
507	F47C	022C	C7
507	F47C	0230	CF
507	F47C	0234	CF
507	F47C	0238	CF
507	F47C	023C	CF
507	F47C	02AC	1F
507	F47C	02E0	25
507	F47C	0254	27
507	F47C	0288	2D
507	F47C	02BC	2D
507	F47C	02F0	31
507	F47C	0264	31
507	F47C	0298	35
507	F47C	02CC	39
507	F47C	0240	40
507	D144	0274	F4
507	D144	02A8	F4
507	D144	02DC	F4
507	D144	0250	F4
507	D144	0284	F4
507	D144	02B8	F4
507	D144	02EC	F4
507	D144	0260	F4
507	D144	0294	F4
507	D144	02C8	F4
507	D144	02FC	F4
507	D144	0270	F4
507	D144	02A4	F4
507	D144	02D8	F4
507	D144	024C	F4
507	D144	0280	F4
507	D144	02B4	F4
507	D144	02E8	F4
507	D144	025C	F4
507	D144	0290	F4
507	D144	02C4	F4
507	D144	02F8	F4
507	D144	026C	F4
507	D144	02A0	F4
507	D144	02D4	F4
507	D144	0248	F4
507	D144	027C	F4
507	D144	02B0	F4
507	D144	02E4	F4
507	D144	0258	F4
507	D144	028C	F4
507	D144	02C0	F4
507	D144	02F4	F4
507	D144	0268	F4
507	D144	029C	F4
507	D144	02D0	F4
507	D144	0244	F4
507	D144	0278	F4
508	F47C	0200	B7
508	F47C	0204	B7
508	F47C	0208	B7
508	F47C	020C	B7
508	F47C	0210	BF
508	F47C	0214	BF
508	F47C	0218	BF
508	F47C	021C	BF
508	F47C	0220	C7
508	F47C	0224	C7
508	F47C	0228	C7
508	F47C	022C	C7
508	F47C	0230	CF
508	F47C	0234	CF
508	F47C	0238	CF
508	F47C	023C	CF
508	F47C	02E0	1F
508	F47C	0254	25
508	F47C	0288	27
508	F47C	02BC	2D
508	F47C	02F0	2D
508	F47C	0264	31
508	F47C	0298	31
508	F47C	02CC	35
508	F47C	0240	39
508	F47C	0274	40
508	D144	02A8	F4
508	D144	02DC	F4
508	D144	0250	F4
508	D144	0284	F4
508	D144	02B8	F4
508	D144	02EC	F4
508	D144	0260	F4
508	D144	0294	F4
508	D144	02C8	F4
508	D144	02FC	F4
508	D144	0270	F4
508	D144	02A4	F4
508	D144	02D8	F4
508	D144	024C	F4
508	D144	0280	F4
508	D144	02B4	F4
508	D144	02E8	F4
508	D144	025C	F4
508	D144	0290	F4
508	D144	02C4	F4
508	D144	02F8	F4
508	D144	026C	F4
508	D144	02A0	F4
508	D144	02D4	F4
508	D144	0248	F4
508	D144	027C	F4
508	D144	02B0	F4
508	D144	02E4	F4
508	D144	0258	F4
508	D144	028C	F4
508	D144	02C0	F4
508	D144	02F4	F4
508	D144	0268	F4
508	D144	029C	F4
508	D144	02D0	F4
508	D144	0244	F4
508	D144	0278	F4
508	D144	02AC	F4
509	F47C	0200	B7
509	F47C	0204	B7
509	F47C	0208	B7
509	F47C	020C	B7
509	F47C	0210	BF
509	F47C	0214	BF
509	F47C	0218	BF
509	F47C	021C	BF
509	F47C	0220	C7
509	F47C	0224	C7
509	F47C	0228	C7
509	F47C	022C	C7
509	F47C	0230	CF
509	F47C	0234	CF
509	F47C	0238	CF
509	F47C	023C	CF
509	F47C	0254	1F
509	F47C	0288	25
509	F47C	02BC	27
509	F47C	02F0	2D
509	F47C	0264	2D
509	F47C	0298	31
509	F47C	02CC	31
509	F47C	0240	35
509	F47C	0274	39
509	F47C	02A8	40
509	D144	02DC	F4
509	D144	0250	F4
509	D144	0284	F4
509	D144	02B8	F4
509	D144	02EC	F4
509	D144	0260	F4
509	D144	0294	F4
509	D144	02C8	F4
509	D144	02FC	F4
509	D144	0270	F4
509	D144	02A4	F4
509	D144	02D8	F4
509	D144	024C	F4
509	D144	0280	F4
509	D144	02B4	F4
509	D144	02E8	F4
509	D144	025C	F4
509	D144	0290	F4
509	D144	02C4	F4
509	D144	02F8	F4
509	D144	026C	F4
509	D144	02A0	F4
509	D144	02D4	F4
509	D144	0248	F4
509	D144	027C	F4
509	D144	02B0	F4
509	D144	02E4	F4
509	D144	0258	F4
509	D144	028C	F4
509	D144	02C0	F4
509	D144	02F4	F4
509	D144	0268	F4
509	D144	029C	F4
509	D144	02D0	F4
509	D144	0244	F4
509	D144	0278	F4
509	D144	02AC	F4
509	D144	02E0	F4
510	F47C	0200	B7
510	F47C	0204	B7
510	F47C	0208	B7
510	F47C	020C	B7
510	F47C	0210	BF
510	F47C	0214	BF
510	F47C	0218	BF
510	F47C	021C	BF
510	F47C	0220	C7
510	F47C	0224	C7
510	F47C	0228	C7
510	F47C	022C	C7
510	F47C	0230	CF
510	F47C	0234	CF
510	F47C	0238	CF
510	F47C	023C	CF
510	F47C	0248	1F
510	F47C	027C	25
510	F47C	02B0	27
510	F47C	02E4	2D
510	F47C	0258	2D
510	F47C	028C	31
510	F47C	02C0	31
510	F47C	02F4	35
510	F47C	0268	39
510	F47C	029C	40
510	D144	02D0	F4
510	D144	0244	F4
510	D144	0278	F4
510	D144	02AC	F4
510	D144	02E0	F4
510	D144	0254	F4
510	D144	0288	F4
510	D144	02BC	F4
510	D144	02F0	F4
510	D144	0264	F4
510	D144	0298	F4
510	D144	02CC	F4
510	D144	0240	F4
510	D144	0274	F4
510	D144	02A8	F4
510	D144	02DC	F4
510	D144	0250	F4
510	D144	0284	F4
510	D144	02B8	F4
510	D144	02EC	F4
510	D144	0260	F4
510	D144	0294	F4
510	D144	02C8	F4
510	D144	02FC	F4
510	D144	0270	F4
510	D144	02A4	F4
510	D144	02D8	F4
510	D144	024C	F4
510	D144	0280	F4
510	D144	02B4	F4
510	D144	02E8	F4
510	D144	025C	F4
510	D144	0290	F4
510	D144	02C4	F4
510	D144	02F8	F4
510	D144	026C	F4
510	D144	02A0	F4
510	D144	02D4	F4
511	F47C	0200	B7
511	F47C	0204	B7
511	F47C	0208	B7
511	F47C	020C	B7
511	F47C	0210	BF
511	F47C	0214	BF
511	F47C	0218	BF
511	F47C	021C	BF
511	F47C	0220	C7
511	F47C	0224	C7
511	F47C	0228	C7
511	F47C	022C	C7
511	F47C	0230	CF
511	F47C	0234	CF
511	F47C	0238	CF
511	F47C	023C	CF
511	F47C	027C	1F
511	F47C	02B0	25
511	F47C	02E4	27
511	F47C	0258	2D
511	F47C	028C	2D
511	F47C	02C0	31
511	F47C	02F4	31
511	F47C	0268	35
511	F47C	029C	39
511	F47C	02D0	40
511	D144	0244	F4
511	D144	0278	F4
511	D144	02AC	F4
511	D144	02E0	F4
511	D144	0254	F4
511	D144	0288	F4
511	D144	02BC	F4
511	D144	02F0	F4
511	D144	0264	F4
511	D144	0298	F4
511	D144	02CC	F4
511	D144	0240	F4
511	D144	0274	F4
511	D144	02A8	F4
511	D144	02DC	F4
511	D144	0250	F4
511	D144	0284	F4
511	D144	02B8	F4
511	D144	02EC	F4
511	D144	0260	F4
511	D144	0294	F4
511	D144	02C8	F4
511	D144	02FC	F4
511	D144	0270	F4
511	D144	02A4	F4
511	D144	02D8	F4
511	D144	024C	F4
511	D144	0280	F4
511	D144	02B4	F4
511	D144	02E8	F4
511	D144	025C	F4
511	D144	0290	F4
511	D144	02C4	F4
511	D144	02F8	F4
511	D144	026C	F4
511	D144	02A0	F4
511	D144	02D4	F4
511	D144	0248	F4
512	F47C	0200	B7
512	F47C	0204	B7
512	F47C	0208	B7
512	F47C	020C	B7
512	F47C	0210	BF
512	F47C	0214	BF
512	F47C	0218	BF
512	F47C	021C	BF
512	F47C	0220	C7
512	F47C	0224	C7
512	F47C	0228	C7
512	F47C	022C	C7
512	F47C	0230	CF
512	F47C	0234	CF
512	F47C	0238	CF
512	F47C	023C	CF
512	F47C	02B0	1F
512	F47C	02E4	25
512	F47C	0258	27
512	F47C	028C	2D
512	F47C	02C0	2D
512	F47C	02F4	31
512	F47C	0268	31
512	F47C	029C	35
512	F47C	02D0	39
512	F47C	0244	40
512	D144	0278	F4
512	D144	02AC	F4
512	D144	02E0	F4
512	D144	0254	F4
512	D144	0288	F4
512	D144	02BC	F4
512	D144	02F0	F4
512	D144	0264	F4
512	D144	0298	F4
512	D144	02CC	F4
512	D144	0240	F4
512	D144	0274	F4
512	D144	02A8	F4
512	D144	02DC	F4
512	D144	0250	F4
512	D144	0284	F4
512	D144	02B8	F4
512	D144	02EC	F4
512	D144	0260	F4
512	D144	0294	F4
512	D144	02C8	F4
512	D144	02FC	F4
512	D144	0270	F4
512	D144	02A4	F4
512	D144	02D8	F4
512	D144	024C	F4
512	D144	0280	F4
512	D144	02B4	F4
512	D144	02E8	F4
512	D144	025C	F4
512	D144	0290	F4
512	D144	02C4	F4
512	D144	02F8	F4
512	D144	026C	F4
512	D144	02A0	F4
512	D144	02D4	F4
512	D144	0248	F4
512	D144	027C	F4
513	F47C	0200	B7
513	F47C	0204	B7
513	F47C	0208	B7
513	F47C	020C	B7
513	F47C	0210	BF
513	F47C	0214	BF
513	F47C	0218	BF
513	F47C	021C	BF
513	F47C	0220	C7
513	F47C	0224	C7
513	F47C	0228	C7
513	F47C	022C	C7
513	F47C	0230	CF
513	F47C	0234	CF
513	F47C	0238	CF
513	F47C	023C	CF
513	F47C	02E4	1F
513	F47C	0258	25
513	F47C	028C	27
513	F47C	02C0	2D
513	F47C	02F4	2D
513	F47C	0268	31
513	F47C	029C	31
513	F47C	02D0	35
513	F47C	0244	39
513	F47C	0278	40
513	D144	02AC	F4
513	D144	02E0	F4
513	D144	0254	F4
513	D144	0288	F4
513	D144	02BC	F4
513	D144	02F0	F4
513	D144	0264	F4
513	D144	0298	F4
513	D144	02CC	F4
513	D144	0240	F4
513	D144	0274	F4
513	D144	02A8	F4
513	D144	02DC	F4
513	D144	0250	F4
513	D144	0284	F4
513	D144	02B8	F4
513	D144	02EC	F4
513	D144	0260	F4
513	D144	0294	F4
513	D144	02C8	F4
513	D144	02FC	F4
513	D144	0270	F4
513	D144	02A4	F4
513	D144	02D8	F4
513	D144	024C	F4
513	D144	0280	F4
513	D144	02B4	F4
513	D144	02E8	F4
513	D144	025C	F4
513	D144	0290	F4
513	D144	02C4	F4
513	D144	02F8	F4
513	D144	026C	F4
513	D144	02A0	F4
513	D144	02D4	F4
513	D144	0248	F4
513	D144	027C	F4
513	D144	02B0	F4
514	F47C	0200	B7
514	F47C	0204	B7
514	F47C	0208	B7
514	F47C	020C	B7
514	F47C	0210	BF
514	F47C	0214	BF
514	F47C	0218	BF
514	F47C	021C	BF
514	F47C	0220	C7
514	F47C	0224	C7
514	F47C	0228	C7
514	F47C	022C	C7
514	F47C	0230	CF
514	F47C	0234	CF
514	F47C	0238	CF
514	F47C	023C	CF
514	F47C	0258	1F
514	F47C	028C	25
514	F47C	02C0	27
514	F47C	02F4	2D
514	F47C	0268	2D
514	F47C	029C	31
514	F47C	02D0	31
514	F47C	0244	35
514	F47C	0278	39
514	F47C	02AC	40
514	D144	02E0	F4
514	D144	0254	F4
514	D144	0288	F4
514	D144	02BC	F4
514	D144	02F0	F4
514	D144	0264	F4
514	D144	0298	F4
514	D144	02CC	F4
514	D144	0240	F4
514	D144	0274	F4
514	D144	02A8	F4
514	D144	02DC	F4
514	D144	0250	F4
514	D144	0284	F4
514	D144	02B8	F4
514	D144	02EC	F4
514	D144	0260	F4
514	D144	0294	F4
514	D144	02C8	F4
514	D144	02FC	F4
514	D144	0270	F4
514	D144	02A4	F4
514	D144	02D8	F4
514	D144	024C	F4
514	D144	0280	F4
514	D144	02B4	F4
514	D144	02E8	F4
514	D144	025C	F4
514	D144	0290	F4
514	D144	02C4	F4
514	D144	02F8	F4
514	D144	026C	F4
514	D144	02A0	F4
514	D144	02D4	F4
514	D144	0248	F4
514	D144	027C	F4
514	D144	02B0	F4
514	D144	02E4	F4
515	F47C	0200	B7
515	F47C	0204	B7
515	F47C	0208	B7
515	F47C	020C	B7
515	F47C	0210	BF
515	F47C	0214	BF
515	F47C	0218	BF
515	F47C	021C	BF
515	F47C	0220	C7
515	F47C	0224	C7
515	F47C	0228	C7
515	F47C	022C	C7
515	F47C	0230	CF
515	F47C	0234	CF
515	F47C	0238	CF
515	F47C	023C	CF
515	F47C	024C	1F
515	F47C	0280	25
515	F47C	02B4	27
515	F47C	02E8	2D
515	F47C	025C	2D
515	F47C	0290	31
515	F47C	02C4	31
515	F47C	02F8	35
515	F47C	026C	39
515	F47C	02A0	40
515	D144	02D4	F4
515	D144	0248	F4
515	D144	027C	F4
515	D144	02B0	F4
515	D144	02E4	F4
515	D144	0258	F4
515	D144	028C	F4
515	D144	02C0	F4
515	D144	02F4	F4
515	D144	0268	F4
515	D144	029C	F4
515	D144	02D0	F4
515	D144	0244	F4
515	D144	0278	F4
515	D144	02AC	F4
515	D144	02E0	F4
515	D144	0254	F4
515	D144	0288	F4
515	D144	02BC	F4
515	D144	02F0	F4
515	D144	0264	F4
515	D144	0298	F4
515	D144	02CC	F4
515	D144	0240	F4
515	D144	0274	F4
515	D144	02A8	F4
515	D144	02DC	F4
515	D144	0250	F4
515	D144	0284	F4
515	D144	02B8	F4
515	D144	02EC	F4
515	D144	0260	F4
515	D144	0294	F4
515	D144	02C8	F4
515	D144	02FC	F4
515	D144	0270	F4
515	D144	02A4	F4
515	D144	02D8	F4
516	F47C	0200	B7
516	F47C	0204	B7
516	F47C	0208	B7
516	F47C	020C	B7
516	F47C	0210	BF
516	F47C	0214	BF
516	F47C	0218	BF
516	F47C	021C	BF
516	F47C	0220	C7
516	F47C	0224	C7
516	F47C	0228	C7
516	F47C	022C	C7
516	F47C	0230	CF
516	F47C	0234	CF
516	F47C	0238	CF
516	F47C	023C	CF
516	F47C	0280	1F
516	F47C	02B4	25
516	F47C	02E8	27
516	F47C	025C	2D
516	F47C	0290	2D
516	F47C	02C4	31
516	F47C	02F8	31
516	F47C	026C	35
516	F47C	02A0	39
516	F47C	02D4	40
516	D144	0248	F4
516	D144	027C	F4
516	D144	02B0	F4
516	D144	02E4	F4
516	D144	0258	F4
516	D144	028C	F4
516	D144	02C0	F4
516	D144	02F4	F4
516	D144	0268	F4
516	D144	029C	F4
516	D144	02D0	F4
516	D144	0244	F4
516	D144	0278	F4
516	D144	02AC	F4
516	D144	02E0	F4
516	D144	0254	F4
516	D144	0288	F4
516	D144	02BC	F4
516	D144	02F0	F4
516	D144	0264	F4
516	D144	0298	F4
516	D144	02CC	F4
516	D144	0240	F4
516	D144	0274	F4
516	D144	02A8	F4
516	D144	02DC	F4
516	D144	0250	F4
516	D144	0284	F4
516	D144	02B8	F4
516	D144	02EC	F4
516	D144	0260	F4
516	D144	0294	F4
516	D144	02C8	F4
516	D144	02FC	F4
516	D144	0270	F4
516	D144	02A4	F4
516	D144	02D8	F4
516	D144	024C	F4
517	F47C	0200	B7
517	F47C	0204	B7
517	F47C	0208	B7
517	F47C	020C	B7
517	F47C	0210	BF
517	F47C	0214	BF
517	F47C	0218	BF
517	F47C	021C	BF
517	F47C	0220	C7
517	F47C	0224	C7
517	F47C	0228	C7
517	F47C	022C	C7
517	F47C	0230	CF
517	F47C	0234	CF
517	F47C	0238	CF
517	F47C	023C	CF
517	F47C	02B4	1F
517	F47C	02E8	25
517	F47C	025C	27
517	F47C	0290	2D
517	F47C	02C4	2D
517	F47C	02F8	31
517	F47C	026C	31
517	F47C	02A0	35
517	F47C	02D4	39
517	F47C	0248	40
517	D144	027C	F4
517	D144	02B0	F4
517	D144	02E4	F4
517	D144	0258	F4
517	D144	028C	F4
517	D144	02C0	F4
517	D144	02F4	F4
517	D144	0268	F4
517	D144	029C	F4
517	D144	02D0	F4
517	D144	0244	F4
517	D144	0278	F4
517	D144	02AC	F4
517	D144	02E0	F4
517	D144	0254	F4
517	D144	0288	F4
517	D144	02BC	F4
517	D144	02F0	F4
517	D144	0264	F4
517	D144	0298	F4
517	D144	02CC	F4
517	D144	0240	F4
517	D144	0274	F4
517	D144	02A8	F4
517	D144	02DC	F4
517	D144	0250	F4
517	D144	0284	F4
517	D144	02B8	F4
517	D144	02EC	F4
517	D144	0260	F4
517	D144	0294	F4
517	D144	02C8	F4
517	D144	02FC	F4
517	D144	0270	F4
517	D144	02A4	F4
517	D144	02D8	F4
517	D144	024C	F4
517	D144	0280	F4
518	F47C	0200	B7
518	F47C	0204	B7
518	F47C	0208	B7
518	F47C	020C	B7
518	F47C	0210	BF
518	F47C	0214	BF
518	F47C	0218	BF
518	F47C	021C	BF
518	F47C	0220	C7
518	F47C	0224	C7
518	F47C	0228	C7
518	F47C	022C	C7
518	F47C	0230	CF
518	F47C	0234	CF
518	F47C	0238	CF
518	F47C	023C	CF
518	F47C	02E8	1F
518	F47C	025C	25
518	F47C	0290	27
518	F47C	02C4	2D
518	F47C	02F8	2D
518	F47C	026C	31
518	F47C	02A0	31
518	F47C	02D4	35
518	F47C	0248	39
518	F47C	027C	40
518	D144	02B0	F4
518	D144	02E4	F4
518	D144	0258	F4
518	D144	028C	F4
518	D144	02C0	F4
518	D144	02F4	F4
518	D144	0268	F4
518	D144	029C	F4
518	D144	02D0	F4
518	D144	0244	F4
518	D144	0278	F4
518	D144	02AC	F4
518	D144	02E0	F4
518	D144	0254	F4
518	D144	0288	F4
518	D144	02BC	F4
518	D144	02F0	F4
518	D144	0264	F4
518	D144	0298	F4
518	D144	02CC	F4
518	D144	0240	F4
518	D144	0274	F4
518	D144	02A8	F4
518	D144	02DC	F4
518	D144	0250	F4
518	D144	0284	F4
518	D144	02B8	F4
518	D144	02EC	F4
518	D144	0260	F4
518	D144	0294	F4
518	D144	02C8	F4
518	D144	02FC	F4
518	D144	0270	F4
518	D144	02A4	F4
518	D144	02D8	F4
518	D144	024C	F4
518	D144	0280	F4
518	D144	02B4	F4
519	F47C	0200	B7
519	F47C	0204	B7
519	F47C	0208	B7
519	F47C	020C	B7
519	F47C	0210	BF
519	F47C	0214	BF
519	F47C	0218	BF
519	F47C	021C	BF
519	F47C	0220	C7
519	F47C	0224	C7
519	F47C	0228	C7
519	F47C	022C	C7
519	F47C	0230	CF
519	F47C	0234	CF
519	F47C	0238	CF
519	F47C	023C	CF
519	F47C	025C	1F
519	F47C	0290	25
519	F47C	02C4	27
519	F47C	02F8	2D
519	F47C	026C	2D
519	F47C	02A0	31
519	F47C	02D4	31
519	F47C	0248	35
519	F47C	027C	39
519	F47C	02B0	40
519	D144	02E4	F4
519	D144	0258	F4
519	D144	028C	F4
519	D144	02C0	F4
519	D144	02F4	F4
519	D144	0268	F4
519	D144	029C	F4
519	D144	02D0	F4
519	D144	0244	F4
519	D144	0278	F4
519	D144	02AC	F4
519	D144	02E0	F4
519	D144	0254	F4
519	D144	0288	F4
519	D144	02BC	F4
519	D144	02F0	F4
519	D144	0264	F4
519	D144	0298	F4
519	D144	02CC	F4
519	D144	0240	F4
519	D144	0274	F4
519	D144	02A8	F4
519	D144	02DC	F4
519	D144	0250	F4
519	D144	0284	F4
519	D144	02B8	F4
519	D144	02EC	F4
519	D144	0260	F4
519	D144	0294	F4
519	D144	02C8	F4
519	D144	02FC	F4
519	D144	0270	F4
519	D144	02A4	F4
519	D144	02D8	F4
519	D144	024C	F4
519	D144	0280	F4
519	D144	02B4	F4
519	D144	02E8	F4
520	F47C	0200	B7
520	F47C	0204	B7
520	F47C	0208	B7
520	F47C	020C	B7
520	F47C	0210	BF
520	F47C	0214	BF
520	F47C	0218	BF
520	F47C	021C	BF
520	F47C	0220	C7
520	F47C	0224	C7
520	F47C	0228	C7
520	F47C	022C	C7
520	F47C	0230	CF
520	F47C	0234	CF
520	F47C	0238	CF
520	F47C	023C	CF
520	F47C	0250	1F
520	F47C	0284	25
520	F47C	02B8	27
520	F47C	02EC	2D
520	F47C	0260	2D
520	F47C	0294	31
520	F47C	02C8	31
520	F47C	02FC	35
520	F47C	0270	39
520	F47C	02A4	40
520	D144	02D8	F4
520	D144	024C	F4
520	D144	0280	F4
520	D144	02B4	F4
520	D144	02E8	F4
520	D144	025C	F4
520	D144	0290	F4
520	D144	02C4	F4
520	D144	02F8	F4
520	D144	026C	F4
520	D144	02A0	F4
520	D144	02D4	F4
520	D144	0248	F4
520	D144	027C	F4
520	D144	02B0	F4
520	D144	02E4	F4
520	D144	0258	F4
520	D144	028C	F4
520	D144	02C0	F4
520	D144	02F4	F4
520	D144	0268	F4
520	D144	029C	F4
520	D144	02D0	F4
520	D144	0244	F4
520	D144	0278	F4
520	D144	02AC	F4
520	D144	02E0	F4
520	D144	0254	F4
520	D144	0288	F4
520	D144	02BC	F4
520	D144	02F0	F4
520	D144	0264	F4
520	D144	0298	F4
520	D144	02CC	F4
520	D144	0240	F4
520	D144	0274	F4
520	D144	02A8	F4
520	D144	02DC	F4
521	F47C	0200	B7
521	F47C	0204	B7
521	F47C	0208	B7
521	F47C	020C	B7
521	F47C	0210	BF
521	F47C	0214	BF
521	F47C	0218	BF
521	F47C	021C	BF
521	F47C	0220	C7
521	F47C	0224	C7
521	F47C	0228	C7
521	F47C	022C	C7
521	F47C	0230	CF
521	F47C	0234	CF
521	F47C	0238	CF
521	F47C	023C	CF
521	F47C	0284	1F
521	F47C	02B8	25
521	F47C	02EC	27
521	F47C	0260	2D
521	F47C	0294	2D
521	F47C	02C8	31
521	F47C	02FC	31
521	F47C	0270	35
521	F47C	02A4	39
521	F47C	02D8	40
521	D144	024C	F4
521	D144	0280	F4
521	D144	02B4	F4
521	D144	02E8	F4
521	D144	025C	F4
521	D144	0290	F4
521	D144	02C4	F4
521	D144	02F8	F4
521	D144	026C	F4
521	D144	02A0	F4
521	D144	02D4	F4
521	D144	0248	F4
521	D144	027C	F4
521	D144	02B0	F4
521	D144	02E4	F4
521	D144	0258	F4
521	D144	028C	F4
521	D144	02C0	F4
521	D144	02F4	F4
521	D144	0268	F4
521	D144	029C	F4
521	D144	02D0	F4
521	D144	0244	F4
521	D144	0278	F4
521	D144	02AC	F4
521	D144	02E0	F4
521	D144	0254	F4
521	D144	0288	F4
521	D144	02BC	F4
521	D144	02F0	F4
521	D144	0264	F4
521	D144	0298	F4
521	D144	02CC	F4
521	D144	0240	F4
521	D144	0274	F4
521	D144	02A8	F4
521	D144	02DC	F4
521	D144	0250	F4
522	F47C	0200	B7
522	F47C	0204	B7
522	F47C	0208	B7
522	F47C	020C	B7
522	F47C	0210	BF
522	F47C	0214	BF
522	F47C	0218	BF
522	F47C	021C	BF
522	F47C	0220	C7
522	F47C	0224	C7
522	F47C	0228	C7
522	F47C	022C	C7
522	F47C	0230	CF
522	F47C	0234	CF
522	F47C	0238	CF
522	F47C	023C	CF
522	F47C	02B8	1F
522	F47C	02EC	25
522	F47C	0260	27
522	F47C	0294	2D
522	F47C	02C8	2D
522	F47C	02FC	31
522	F47C	0270	31
522	F47C	02A4	35
522	F47C	02D8	39
522	F47C	024C	40
522	D144	0280	F4
522	D144	02B4	F4
522	D144	02E8	F4
522	D144	025C	F4
522	D144	0290	F4
522	D144	02C4	F4
522	D144	02F8	F4
522	D144	026C	F4
522	D144	02A0	F4
522	D144	02D4	F4
522	D144	0248	F4
522	D144	027C	F4
522	D144	02B0	F4
522	D144	02E4	F4
522	D144	0258	F4
522	D144	028C	F4
522	D144	02C0	F4
522	D144	02F4	F4
522	D144	0268	F4
522	D144	029C	F4
522	D144	02D0	F4
522	D144	0244	F4
522	D144	0278	F4
522	D144	02AC	F4
522	D144	02E0	F4
522	D144	0254	F4
522	D144	0288	F4
522	D144	02BC	F4
522	D144	02F0	F4
522	D144	0264	F4
522	D144	0298	F4
522	D144	02CC	F4
522	D144	0240	F4
522	D144	0274	F4
522	D144	02A8	F4
522	D144	02DC	F4
522	D144	0250	F4
522	D144	0284	F4
523	F47C	0200	B7
523	F47C	0204	B7
523	F47C	0208	B7
523	F47C	020C	B7
523	F47C	0210	BF
523	F47C	0214	BF
523	F47C	0218	BF
523	F47C	021C	BF
523	F47C	0220	C7
523	F47C	0224	C7
523	F47C	0228	C7
523	F47C	022C	C7
523	F47C	0230	CF
523	F47C	0234	CF
523	F47C	0238	CF
523	F47C	023C	CF
523	F47C	02EC	1F
523	F47C	0260	25
523	F47C	0294	27
523	F47C	02C8	2D
523	F47C	02FC	2D
523	F47C	0270	31
523	F47C	02A4	31
523	F47C	02D8	35
523	F47C	024C	39
523	F47C	0280	40
523	D144	02B4	F4
523	D144	02E8	F4
523	D144	025C	F4
523	D144	0290	F4
523	D144	02C4	F4
523	D144	02F8	F4
523	D144	026C	F4
523	D144	02A0	F4
523	D144	02D4	F4
523	D144	0248	F4
523	D144	027C	F4
523	D144	02B0	F4
523	D144	02E4	F4
523	D144	0258	F4
523	D144	028C	F4
523	D144	02C0	F4
523	D144	02F4	F4
523	D144	0268	F4
523	D144	029C	F4
523	D144	02D0	F4
523	D144	0244	F4
523	D144	0278	F4
523	D144	02AC	F4
523	D144	02E0	F4
523	D144	0254	F4
523	D144	0288	F4
523	D144	02BC	F4
523	D144	02F0	F4
523	D144	0264	F4
523	D144	0298	F4
523	D144	02CC	F4
523	D144	0240	F4
523	D144	0274	F4
523	D144	02A8	F4
523	D144	02DC	F4
523	D144	0250	F4
523	D144	0284	F4
523	D144	02B8	F4
524	F47C	0200	B7
524	F47C	0204	B7
524	F47C	0208	B7
524	F47C	020C	B7
524	F47C	0210	BF
524	F47C	0214	BF
524	F47C	0218	BF
524	F47C	021C	BF
524	F47C	0220	C7
524	F47C	0224	C7
524	F47C	0228	C7
524	F47C	022C	C7
524	F47C	0230	CF
524	F47C	0234	CF
524	F47C	0238	CF
524	F47C	023C	CF
524	F47C	0260	1F
524	F47C	0294	25
524	F47C	02C8	27
524	F47C	02FC	2D
524	F47C	0270	2D
524	F47C	02A4	31
524	F47C	02D8	31
524	F47C	024C	35
524	F47C	0280	39
524	F47C	02B4	40
524	D144	02E8	F4
524	D144	025C	F4
524	D144	0290	F4
524	D144	02C4	F4
524	D144	02F8	F4
524	D144	026C	F4
524	D144	02A0	F4
524	D144	02D4	F4
524	D144	0248	F4
524	D144	027C	F4
524	D144	02B0	F4
524	D144	02E4	F4
524	D144	0258	F4
524	D144	028C	F4
524	D144	02C0	F4
524	D144	02F4	F4
524	D144	0268	F4
524	D144	029C	F4
524	D144	02D0	F4
524	D144	0244	F4
524	D144	0278	F4
524	D144	02AC	F4
524	D144	02E0	F4
524	D144	0254	F4
524	D144	0288	F4
524	D144	02BC	F4
524	D144	02F0	F4
524	D144	0264	F4
524	D144	0298	F4
524	D144	02CC	F4
524	D144	0240	F4
524	D144	0274	F4
524	D144	02A8	F4
524	D144	02DC	F4
524	D144	0250	F4
524	D144	0284	F4
524	D144	02B8	F4
524	D144	02EC	F4
525	F47C	0200	B7
525	F47C	0204	B7
525	F47C	0208	B7
525	F47C	020C	B7
525	F47C	0210	BF
525	F47C	0214	BF
525	F47C	0218	BF
525	F47C	021C	BF
525	F47C	0220	C7
525	F47C	0224	C7
525	F47C	0228	C7
525	F47C	022C	C7
525	F47C	0230	CF
525	F47C	0234	CF
525	F47C	0238	CF
525	F47C	023C	CF
525	F47C	0254	1F
525	F47C	0288	25
525	F47C	02BC	27
525	F47C	02F0	2D
525	F47C	0264	2D
525	F47C	0298	31
525	F47C	02CC	31
525	F47C	0240	35
525	F47C	0274	39
525	F47C	02A8	40
525	D144	02DC	F4
525	D144	0250	F4
525	D144	0284	F4
525	D144	02B8	F4
525	D144	02EC	F4
525	D144	0260	F4
525	D144	0294	F4
525	D144	02C8	F4
525	D144	02FC	F4
525	D144	0270	F4
525	D144	02A4	F4
525	D144	02D8	F4
525	D144	024C	F4
525	D144	0280	F4
525	D144	02B4	F4
525	D144	02E8	F4
525	D144	025C	F4
525	D144	0290	F4
525	D144	02C4	F4
525	D144	02F8	F4
525	D144	026C	F4
525	D144	02A0	F4
525	D144	02D4	F4
525	D144	0248	F4
525	D144	027C	F4
525	D144	02B0	F4
525	D144	02E4	F4
525	D144	0258	F4
525	D144	028C	F4
525	D144	02C0	F4
525	D144	02F4	F4
525	D144	0268	F4
525	D144	029C	F4
525	D144	02D0	F4
525	D144	0244	F4
525	D144	0278	F4
525	D144	02AC	F4
525	D144	02E0	F4
526	F47C	0200	B7
526	F47C	0204	B7
526	F47C	0208	B7
526	F47C	020C	B7
526	F47C	0210	BF
526	F47C	0214	BF
526	F47C	0218	BF
526	F47C	021C	BF
526	F47C	0220	C7
526	F47C	0224	C7
526	F47C	0228	C7
526	F47C	022C	C7
526	F47C	0230	CF
526	F47C	0234	CF
526	F47C	0238	CF
526	F47C	023C	CF
526	F47C	0288	1F
526	F47C	02BC	25
526	F47C	02F0	27
526	F47C	0264	2D
526	F47C	0298	2D
526	F47C	02CC	31
526	F47C	0240	31
526	F47C	0274	35
526	F47C	02A8	39
526	F47C	02DC	40
526	D144	0250	F4
526	D144	0284	F4
526	D144	02B8	F4
526	D144	02EC	F4
526	D144	0260	F4
526	D144	0294	F4
526	D144	02C8	F4
526	D144	02FC	F4
526	D144	0270	F4
526	D144	02A4	F4
526	D144	02D8	F4
526	D144	024C	F4
526	D144	0280	F4
526	D144	02B4	F4
526	D144	02E8	F4
526	D144	025C	F4
526	D144	0290	F4
526	D144	02C4	F4
526	D144	02F8	F4
526	D144	026C	F4
526	D144	02A0	F4
526	D144	02D4	F4
526	D144	0248	F4
526	D144	027C	F4
526	D144	02B0	F4
526	D144	02E4	F4
526	D144	0258	F4
526	D144	028C	F4
526	D144	02C0	F4
526	D144	02F4	F4
526	D144	0268	F4
526	D144	029C	F4
526	D144	02D0	F4
526	D144	0244	F4
526	D144	0278	F4
526	D144	02AC	F4
526	D144	02E0	F4
526	D144	0254	F4
527	F47C	0200	B7
527	F47C	0204	B7
527	F47C	0208	B7
527	F47C	020C	B7
527	F47C	0210	BF
527	F47C	0214	BF
527	F47C	0218	BF
527	F47C	021C	BF
527	F47C	0220	C7
527	F47C	0224	C7
527	F47C	0228	C7
527	F47C	022C	C7
527	F47C	0230	CF
527	F47C	0234	CF
527	F47C	0238	CF
527	F47C	023C	CF
527	F47C	02BC	1F
527	F47C	02F0	25
527	F47C	0264	27
527	F47C	0298	2D
527	F47C	02CC	2D
527	F47C	0240	31
527	F47C	0274	31
527	F47C	02A8	35
527	F47C	02DC	39
527	F47C	0250	40
527	D144	0284	F4
527	D144	02B8	F4
527	D144	02EC	F4
527	D144	0260	F4
527	D144	0294	F4
527	D144	02C8	F4
527	D144	02FC	F4
527	D144	0270	F4
527	D144	02A4	F4
527	D144	02D8	F4
527	D144	024C	F4
527	D144	0280	F4
527	D144	02B4	F4
527	D144	02E8	F4
527	D144	025C	F4
527	D144	0290	F4
527	D144	02C4	F4
527	D144	02F8	F4
527	D144	026C	F4
527	D144	02A0	F4
527	D144	02D4	F4
527	D144	0248	F4
527	D144	027C	F4
527	D144	02B0	F4
527	D144	02E4	F4
527	D144	0258	F4
527	D144	028C	F4
527	D144	02C0	F4
527	D144	02F4	F4
527	D144	0268	F4
527	D144	029C	F4
527	D144	02D0	F4
527	D144	0244	F4
527	D144	0278	F4
527	D144	02AC	F4
527	D144	02E0	F4
527	D144	0254	F4
527	D144	0288	F4
528	F47C	0200	B7
528	F47C	0204	B7
528	F47C	0208	B7
528	F47C	020C	B7
528	F47C	0210	BF
528	F47C	0214	BF
528	F47C	0218	BF
528	F47C	021C	BF
528	F47C	0220	C7
528	F47C	0224	C7
528	F47C	0228	C7
528	F47C	022C	C7
528	F47C	0230	CF
528	F47C	0234	CF
528	F47C	0238	CF
528	F47C	023C	CF
528	F47C	02F0	1F
528	F47C	0264	25
528	F47C	0298	27
528	F47C	02CC	2D
528	F47C	0240	2D
528	F47C	0274	31
528	F47C	02A8	31
528	F47C	02DC	35
528	F47C	0250	39
528	F47C	0284	40
528	D144	02B8	F4
528	D144	02EC	F4
528	D144	0260	F4
528	D144	0294	F4
528	D144	02C8	F4
528	D144	02FC	F4
528	D144	0270	F4
528	D144	02A4	F4
528	D144	02D8	F4
528	D144	024C	F4
528	D144	0280	F4
528	D144	02B4	F4
528	D144	02E8	F4
528	D144	025C	F4
528	D144	0290	F4
528	D144	02C4	F4
528	D144	02F8	F4
528	D144	026C	F4
528	D144	02A0	F4
528	D144	02D4	F4
528	D144	0248	F4
528	D144	027C	F4
528	D144	02B0	F4
528	D144	02E4	F4
528	D144	0258	F4
528	D144	028C	F4
528	D144	02C0	F4
528	D144	02F4	F4
528	D144	0268	F4
528	D144	029C	F4
528	D144	02D0	F4
528	D144	0244	F4
528	D144	0278	F4
528	D144	02AC	F4
528	D144	02E0	F4
528	D144	0254	F4
528	D144	0288	F4
528	D144	02BC	F4
529	F47C	0200	B7
529	F47C	0204	B7
529	F47C	0208	B7
529	F47C	020C	B7
529	F47C	0210	BF
529	F47C	0214	BF
529	F47C	0218	BF
529	F47C	021C	BF
529	F47C	0220	C7
529	F47C	0224	C7
529	F47C	0228	C7
529	F47C	022C	C7
529	F47C	0230	CF
529	F47C	0234	CF
529	F47C	0238	CF
529	F47C	023C	CF
529	F47C	0264	1F
529	F47C	0298	25
529	F47C	02CC	27
529	F47C	0240	2D
529	F47C	0274	2D
529	F47C	02A8	31
529	F47C	02DC	31
529	F47C	0250	35
529	F47C	0284	39
529	F47C	02B8	40
529	D144	02EC	F4
529	D144	0260	F4
529	D144	0294	F4
529	D144	02C8	F4
529	D144	02FC	F4
529	D144	0270	F4
529	D144	02A4	F4
529	D144	02D8	F4
529	D144	024C	F4
529	D144	0280	F4
529	D144	02B4	F4
529	D144	02E8	F4
529	D144	025C	F4
529	D144	0290	F4
529	D144	02C4	F4
529	D144	02F8	F4
529	D144	026C	F4
529	D144	02A0	F4
529	D144	02D4	F4
529	D144	0248	F4
529	D144	027C	F4
529	D144	02B0	F4
529	D144	02E4	F4
529	D144	0258	F4
529	D144	028C	F4
529	D144	02C0	F4
529	D144	02F4	F4
529	D144	0268	F4
529	D144	029C	F4
529	D144	02D0	F4
529	D144	0244	F4
529	D144	0278	F4
529	D144	02AC	F4
529	D144	02E0	F4
529	D144	0254	F4
529	D144	0288	F4
529	D144	02BC	F4
529	D144	02F0	F4
530	F47C	0200	B7
530	F47C	0204	B7
530	F47C	0208	B7
530	F47C	020C	B7
530	F47C	0210	BF
530	F47C	0214	BF
530	F47C	0218	BF
530	F47C	021C	BF
530	F47C	0220	C7
530	F47C	0224	C7
530	F47C	0228	C7
530	F47C	022C	C7
530	F47C	0230	CF
530	F47C	0234	CF
530	F47C	0238	CF
530	F47C	023C	CF
530	F47C	0258	1F
530	F47C	028C	25
530	F47C	02C0	27
530	F47C	02F4	2D
530	F47C	0268	2D
530	F47C	029C	31
530	F47C	02D0	31
530	F47C	0244	35
530	F47C	0278	39
530	F47C	02AC	40
530	D144	02E0	F4
530	D144	0254	F4
530	D144	0288	F4
530	D144	02BC	F4
530	D144	02F0	F4
530	D144	0264	F4
530	D144	0298	F4
530	D144	02CC	F4
530	D144	0240	F4
530	D144	0274	F4
530	D144	02A8	F4
530	D144	02DC	F4
530	D144	0250	F4
530	D144	0284	F4
530	D144	02B8	F4
530	D144	02EC	F4
530	D144	0260	F4
530	D144	0294	F4
530	D144	02C8	F4
530	D144	02FC	F4
530	D144	0270	F4
530	D144	02A4	F4
530	D144	02D8	F4
530	D144	024C	F4
530	D144	0280	F4
530	D144	02B4	F4
530	D144	02E8	F4
530	D144	025C	F4
530	D144	0290	F4
530	D144	02C4	F4
530	D144	02F8	F4
530	D144	026C	F4
530	D144	02A0	F4
530	D144	02D4	F4
530	D144	0248	F4
530	D144	027C	F4
530	D144	02B0	F4
530	D144	02E4	F4
531	F47C	0200	B7
531	F47C	0204	B7
531	F47C	0208	B7
531	F47C	020C	B7
531	F47C	0210	BF
531	F47C	0214	BF
531	F47C	0218	BF
531	F47C	021C	BF
531	F47C	0220	C7
531	F47C	0224	C7
531	F47C	0228	C7
531	F47C	022C	C7
531	F47C	0230	CF
531	F47C	0234	CF
531	F47C	0238	CF
531	F47C	023C	CF
531	F47C	028C	1F
531	F47C	02C0	25
531	F47C	02F4	27
531	F47C	0268	2D
531	F47C	029C	2D
531	F47C	02D0	31
531	F47C	0244	31
531	F47C	0278	35
531	F47C	02AC	39
531	F47C	02E0	40
531	D144	0254	F4
531	D144	0288	F4
531	D144	02BC	F4
531	D144	02F0	F4
531	D144	0264	F4
531	D144	0298	F4
531	D144	02CC	F4
531	D144	0240	F4
531	D144	0274	F4
531	D144	02A8	F4
531	D144	02DC	F4
531	D144	0250	F4
531	D144	0284	F4
531	D144	02B8	F4
531	D144	02EC	F4
531	D144	0260	F4
531	D144	0294	F4
531	D144	02C8	F4
531	D144	02FC	F4
531	D144	0270	F4
531	D144	02A4	F4
531	D144	02D8	F4
531	D144	024C	F4
531	D144	0280	F4
531	D144	02B4	F4
531	D144	02E8	F4
531	D144	025C	F4
531	D144	0290	F4
531	D144	02C4	F4
531	D144	02F8	F4
531	D144	026C	F4
531	D144	02A0	F4
531	D144	02D4	F4
531	D144	0248	F4
531	D144	027C	F4
531	D144	02B0	F4
531	D144	02E4	F4
531	D144	0258	F4
532	F47C	0200	B7
532	F47C	0204	B7
532	F47C	0208	B7
532	F47C	020C	B7
532	F47C	0210	BF
532	F47C	0214	BF
532	F47C	0218	BF
532	F47C	021C	BF
532	F47C	0220	C7
532	F47C	0224	C7
532	F47C	0228	C7
532	F47C	022C	C7
532	F47C	0230	CF
532	F47C	0234	CF
532	F47C	0238	CF
532	F47C	023C	CF
532	F47C	02C0	1F
532	F47C	02F4	25
532	F47C	0268	27
532	F47C	029C	2D
532	F47C	02D0	2D
532	F47C	0244	31
532	F47C	0278	31
532	F47C	02AC	35
532	F47C	02E0	39
532	F47C	0254	40
532	D144	0288	F4
532	D144	02BC	F4
532	D144	02F0	F4
532	D144	0264	F4
532	D144	0298	F4
532	D144	02CC	F4
532	D144	0240	F4
532	D144	0274	F4
532	D144	02A8	F4
532	D144	02DC	F4
532	D144	0250	F4
532	D144	0284	F4
532	D144	02B8	F4
532	D144	02EC	F4
532	D144	0260	F4
532	D144	0294	F4
532	D144	02C8	F4
532	D144	02FC	F4
532	D144	0270	F4
532	D144	02A4	F4
532	D144	02D8	F4
532	D144	024C	F4
532	D144	0280	F4
532	D144	02B4	F4
532	D144	02E8	F4
532	D144	025C	F4
532	D144	0290	F4
532	D144	02C4	F4
532	D144	02F8	F4
532	D144	026C	F4
532	D144	02A0	F4
532	D144	02D4	F4
532	D144	0248	F4
532	D144	027C	F4
532	D144	02B0	F4
532	D144	02E4	F4
532	D144	0258	F4
532	D144	028C	F4
533	F47C	0200	B7
533	F47C	0204	B7
533	F47C	0208	B7
533	F47C	020C	B7
533	F47C	0210	BF
533	F47C	0214	BF
533	F47C	0218	BF
533	F47C	021C	BF
533	F47C	0220	C7
533	F47C	0224	C7
533	F47C	0228	C7
533	F47C	022C	C7
533	F47C	0230	CF
533	F47C	0234	CF
533	F47C	0238	CF
533	F47C	023C	CF
533	F47C	02F4	1F
533	F47C	0268	25
533	F47C	029C	27
533	F47C	02D0	2D
533	F47C	0244	2D
533	F47C	0278	31
533	F47C	02AC	31
533	F47C	02E0	35
533	F47C	0254	39
533	F47C	0288	40
533	D144	02BC	F4
533	D144	02F0	F4
533	D144	0264	F4
533	D144	0298	F4
533	D144	02CC	F4
533	D144	0240	F4
533	D144	0274	F4
533	D144	02A8	F4
533	D144	02DC	F4
533	D144	0250	F4
533	D144	0284	F4
533	D144	02B8	F4
533	D144	02EC	F4
533	D144	0260	F4
533	D144	0294	F4
533	D144	02C8	F4
533	D144	02FC	F4
533	D144	0270	F4
533	D144	02A4	F4
533	D144	02D8	F4
533	D144	024C	F4
533	D144	0280	F4
533	D144	02B4	F4
533	D144	02E8	F4
533	D144	025C	F4
533	D144	0290	F4
533	D144	02C4	F4
533	D144	02F8	F4
533	D144	026C	F4
533	D144	02A0	F4
533	D144	02D4	F4
533	D144	0248	F4
533	D144	027C	F4
533	D144	02B0	F4
533	D144	02E4	F4
533	D144	0258	F4
533	D144	028C	F4
533	D144	02C0	F4
534	F47C	0200	B7
534	F47C	0204	B7
534	F47C	0208	B7
534	F47C	020C	B7
534	F47C	0210	BF
534	F47C	0214	BF
534	F47C	0218	BF
534	F47C	021C	BF
534	F47C	0220	C7
534	F47C	0224	C7
534	F47C	0228	C7
534	F47C	022C	C7
534	F47C	0230	CF
534	F47C	0234	CF
534	F47C	0238	CF
534	F47C	023C	CF
534	F47C	0268	1F
534	F47C	029C	25
534	F47C	02D0	27
534	F47C	0244	2D
534	F47C	0278	2D
534	F47C	02AC	31
534	F47C	02E0	31
534	F47C	0254	35
534	F47C	0288	39
534	F47C	02BC	40
534	D144	02F0	F4
534	D144	0264	F4
534	D144	0298	F4
534	D144	02CC	F4
534	D144	0240	F4
534	D144	0274	F4
534	D144	02A8	F4
534	D144	02DC	F4
534	D144	0250	F4
534	D144	0284	F4
534	D144	02B8	F4
534	D144	02EC	F4
534	D144	0260	F4
534	D144	0294	F4
534	D144	02C8	F4
534	D144	02FC	F4
534	D144	0270	F4
534	D144	02A4	F4
534	D144	02D8	F4
534	D144	024C	F4
534	D144	0280	F4
534	D144	02B4	F4
534	D144	02E8	F4
534	D144	025C	F4
534	D144	0290	F4
534	D144	02C4	F4
534	D144	02F8	F4
534	D144	026C	F4
534	D144	02A0	F4
534	D144	02D4	F4
534	D144	0248	F4
534	D144	027C	F4
534	D144	02B0	F4
534	D144	02E4	F4
534	D144	0258	F4
534	D144	028C	F4
534	D144	02C0	F4
534	D144	02F4	F4
535	F47C	0200	B7
535	F47C	0204	B7
535	F47C	0208	B7
535	F47C	020C	B7
535	F47C	0210	BF
535	F47C	0214	BF
535	F47C	0218	BF
535	F47C	021C	BF
535	F47C	0220	C7
535	F47C	0224	C7
535	F47C	0228	C7
535	F47C	022C	C7
535	F47C	0230	CF
535	F47C	0234	CF
535	F47C	0238	CF
535	F47C	023C	CF
535	F47C	025C	1F
535	F47C	0290	25
535	F47C	02C4	27
535	F47C	02F8	2D
535	F47C	026C	2D
535	F47C	02A0	31
535	F47C	02D4	31
535	F47C	0248	35
535	F47C	027C	39
535	F47C	02B0	40
535	D144	02E4	F4
535	D144	0258	F4
535	D144	028C	F4
535	D144	02C0	F4
535	D144	02F4	F4
535	D144	0268	F4
535	D144	029C	F4
535	D144	02D0	F4
535	D144	0244	F4
535	D144	0278	F4
535	D144	02AC	F4
535	D144	02E0	F4
535	D144	0254	F4
535	D144	0288	F4
535	D144	02BC	F4
535	D144	02F0	F4
535	D144	0264	F4
535	D144	0298	F4
535	D144	02CC	F4
535	D144	0240	F4
535	D144	0274	F4
535	D144	02A8	F4
535	D144	02DC	F4
535	D144	0250	F4
535	D144	0284	F4
535	D144	02B8	F4
535	D144	02EC	F4
535	D144	0260	F4
535	D144	0294	F4
535	D144	02C8	F4
535	D144	02FC	F4
535	D144	0270	F4
535	D144	02A4	F4
535	D144	02D8	F4
535	D144	024C	F4
535	D144	0280	F4
535	D144	02B4	F4
535	D144	02E8	F4
536	F47C	0200	B7
536	F47C	0204	B7
536	F47C	0208	B7
536	F47C	020C	B7
536	F47C	0210	BF
536	F47C	0214	BF
536	F47C	0218	BF
536	F47C	021C	BF
536	F47C	0220	C7
536	F47C	0224	C7
536	F47C	0228	C7
536	F47C	022C	C7
536	F47C	0230	CF
536	F47C	0234	CF
536	F47C	0238	CF
536	F47C	023C	CF
536	F47C	0290	1F
536	F47C	02C4	25
536	F47C	02F8	27
536	F47C	026C	2D
536	F47C	02A0	2D
536	F47C	02D4	31
536	F47C	0248	31
536	F47C	027C	35
536	F47C	02B0	39
536	F47C	02E4	40
536	D144	0258	F4
536	D144	028C	F4
536	D144	02C0	F4
536	D144	02F4	F4
536	D144	0268	F4
536	D144	029C	F4
536	D144	02D0	F4
536	D144	0244	F4
536	D144	0278	F4
536	D144	02AC	F4
536	D144	02E0	F4
536	D144	0254	F4
536	D144	0288	F4
536	D144	02BC	F4
536	D144	02F0	F4
536	D144	0264	F4
536	D144	0298	F4
536	D144	02CC	F4
536	D144	0240	F4
536	D144	0274	F4
536	D144	02A8	F4
536	D144	02DC	F4
536	D144	0250	F4
536	D144	0284	F4
536	D144	02B8	F4
536	D144	02EC	F4
536	D144	0260	F4
536	D144	0294	F4
536	D144	02C8	F4
536	D144	02FC	F4
536	D144	0270	F4
536	D144	02A4	F4
536	D144	02D8	F4
536	D144	024C	F4
536	D144	0280	F4
536	D144	02B4	F4
536	D144	02E8	F4
536	D144	025C	F4
537	F47C	0200	B7
537	F47C	0204	B7
537	F47C	0208	B7
537	F47C	020C	B7
537	F47C	0210	BF
537	F47C	0214	BF
537	F47C	0218	BF
537	F47C	021C	BF
537	F47C	0220	C7
537	F47C	0224	C7
537	F47C	0228	C7
537	F47C	022C	C7
537	F47C	0230	CF
537	F47C	0234	CF
537	F47C	0238	CF
537	F47C	023C	CF
537	F47C	02C4	1F
537	F47C	02F8	25
537	F47C	026C	27
537	F47C	02A0	2D
537	F47C	02D4	2D
537	F47C	0248	31
537	F47C	027C	31
537	F47C	02B0	35
537	F47C	02E4	39
537	F47C	0258	40
537	D144	028C	F4
537	D144	02C0	F4
537	D144	02F4	F4
537	D144	0268	F4
537	D144	029C	F4
537	D144	02D0	F4
537	D144	0244	F4
537	D144	0278	F4
537	D144	02AC	F4
537	D144	02E0	F4
537	D144	0254	F4
537	D144	0288	F4
537	D144	02BC	F4
537	D144	02F0	F4
537	D144	0264	F4
537	D144	0298	F4
537	D144	02CC	F4
537	D144	0240	F4
537	D144	0274	F4
537	D144	02A8	F4
537	D144	02DC	F4
537	D144	0250	F4
537	D144	0284	F4
537	D144	02B8	F4
537	D144	02EC	F4
537	D144	0260	F4
537	D144	0294	F4
537	D144	02C8	F4
537	D144	02FC	F4
537	D144	0270	F4
537	D144	02A4	F4
537	D144	02D8	F4
537	D144	024C	F4
537	D144	0280	F4
537	D144	02B4	F4
537	D144	02E8	F4
537	D144	025C	F4
537	D144	0290	F4
538	F47C	0200	B7
538	F47C	0204	B7
538	F47C	0208	B7
538	F47C	020C	B7
538	F47C	0210	BF
538	F47C	0214	BF
538	F47C	0218	BF
538	F47C	021C	BF
538	F47C	0220	C7
538	F47C	0224	C7
538	F47C	0228	C7
538	F47C	022C	C7
538	F47C	0230	CF
538	F47C	0234	CF
538	F47C	0238	CF
538	F47C	023C	CF
538	F47C	02F8	1F
538	F47C	026C	25
538	F47C	02A0	27
538	F47C	02D4	2D
538	F47C	0248	2D
538	F47C	027C	31
538	F47C	02B0	31
538	F47C	02E4	35
538	F47C	0258	39
538	F47C	028C	40
538	D144	02C0	F4
538	D144	02F4	F4
538	D144	0268	F4
538	D144	029C	F4
538	D144	02D0	F4
538	D144	0244	F4
538	D144	0278	F4
538	D144	02AC	F4
538	D144	02E0	F4
538	D144	0254	F4
538	D144	0288	F4
538	D144	02BC	F4
538	D144	02F0	F4
538	D144	0264	F4
538	D144	0298	F4
538	D144	02CC	F4
538	D144	0240	F4
538	D144	0274	F4
538	D144	02A8	F4
538	D144	02DC	F4
538	D144	0250	F4
538	D144	0284	F4
538	D144	02B8	F4
538	D144	02EC	F4
538	D144	0260	F4
538	D144	0294	F4
538	D144	02C8	F4
538	D144	02FC	F4
538	D144	0270	F4
538	D144	02A4	F4
538	D144	02D8	F4
538	D144	024C	F4
538	D144	0280	F4
538	D144	02B4	F4
538	D144	02E8	F4
538	D144	025C	F4
538	D144	0290	F4
538	D144	02C4	F4
539	F47C	0200	B7
539	F47C	0204	B7
539	F47C	0208	B7
539	F47C	020C	B7
539	F47C	0210	BF
539	F47C	0214	BF
539	F47C	0218	BF
539	F47C	021C	BF
539	F47C	0220	C7
539	F47C	0224	C7
539	F47C	0228	C7
539	F47C	022C	C7
539	F47C	0230	CF
539	F47C	0234	CF
539	F47C	0238	CF
539	F47C	023C	CF
539	F47C	026C	1F
539	F47C	02A0	25
539	F47C	02D4	27
539	F47C	0248	2D
539	F47C	027C	2D
539	F47C	02B0	31
539	F47C	02E4	31
539	F47C	0258	35
539	F47C	028C	39
539	F47C	02C0	40
539	D144	02F4	F4
539	D144	0268	F4
539	D144	029C	F4
539	D144	02D0	F4
539	D144	0244	F4
539	D144	0278	F4
539	D144	02AC	F4
539	D144	02E0	F4
539	D144	0254	F4
539	D144	0288	F4
539	D144	02BC	F4
539	D144	02F0	F4
539	D144	0264	F4
539	D144	0298	F4
539	D144	02CC	F4
539	D144	0240	F4
539	D144	0274	F4
539	D144	02A8	F4
539	D144	02DC	F4
539	D144	0250	F4
539	D144	0284	F4
539	D144	02B8	F4
539	D144	02EC	F4
539	D144	0260	F4
539	D144	0294	F4
539	D144	02C8	F4
539	D144	02FC	F4
539	D144	0270	F4
539	D144	02A4	F4
539	D144	02D8	F4
539	D144	024C	F4
539	D144	0280	F4
539	D144	02B4	F4
539	D144	02E8	F4
539	D144	025C	F4
539	D144	0290	F4
539	D144	02C4	F4
539	D144	02F8	F4
540	F47C	0200	B7
540	F47C	0204	B7
540	F47C	0208	B7
540	F47C	020C	B7
540	F47C	0210	BF
540	F47C	0214	BF
540	F47C	0218	BF
540	F47C	021C	BF
540	F47C	0220	C7
540	F47C	0224	C7
540	F47C	0228	C7
540	F47C	022C	C7
540	F47C	0230	CF
540	F47C	0234	CF
540	F47C	0238	CF
540	F47C	023C	CF
540	F47C	0260	1F
540	F47C	0294	25
540	F47C	02C8	27
540	F47C	02FC	2D
540	F47C	0270	2D
540	F47C	02A4	31
540	F47C	02D8	31
540	F47C	024C	35
540	F47C	0280	39
540	F47C	02B4	40
540	D144	02E8	F4
540	D144	025C	F4
540	D144	0290	F4
540	D144	02C4	F4
540	D144	02F8	F4
540	D144	026C	F4
540	D144	02A0	F4
540	D144	02D4	F4
540	D144	0248	F4
540	D144	027C	F4
540	D144	02B0	F4
540	D144	02E4	F4
540	D144	0258	F4
540	D144	028C	F4
540	D144	02C0	F4
540	D144	02F4	F4
540	D144	0268	F4
540	D144	029C	F4
540	D144	02D0	F4
540	D144	0244	F4
540	D144	0278	F4
540	D144	02AC	F4
540	D144	02E0	F4
540	D144	0254	F4
540	D144	0288	F4
540	D144	02BC	F4
540	D144	02F0	F4
540	D144	0264	F4
540	D144	0298	F4
540	D144	02CC	F4
540	D144	0240	F4
540	D144	0274	F4
540	D144	02A8	F4
540	D144	02DC	F4
540	D144	0250	F4
540	D144	0284	F4
540	D144	02B8	F4
540	D144	02EC	F4
541	F47C	0200	B7
541	F47C	0204	B7
541	F47C	0208	B7
541	F47C	020C	B7
541	F47C	0210	BF
541	F47C	0214	BF
541	F47C	0218	BF
541	F47C	021C	BF
541	F47C	0220	C7
541	F47C	0224	C7
541	F47C	0228	C7
541	F47C	022C	C7
541	F47C	0230	CF
541	F47C	0234	CF
541	F47C	0238	CF
541	F47C	023C	CF
541	F47C	0294	1F
541	F47C	02C8	25
541	F47C	02FC	27
541	F47C	0270	2D
541	F47C	02A4	2D
541	F47C	02D8	31
541	F47C	024C	31
541	F47C	0280	35
541	F47C	02B4	39
541	F47C	02E8	40
541	D144	025C	F4
541	D144	0290	F4
541	D144	02C4	F4
541	D144	02F8	F4
541	D144	026C	F4
541	D144	02A0	F4
541	D144	02D4	F4
541	D144	0248	F4
541	D144	027C	F4
541	D144	02B0	F4
541	D144	02E4	F4
541	D144	0258	F4
541	D144	028C	F4
541	D144	02C0	F4
541	D144	02F4	F4
541	D144	0268	F4
541	D144	029C	F4
541	D144	02D0	F4
541	D144	0244	F4
541	D144	0278	F4
541	D144	02AC	F4
541	D144	02E0	F4
541	D144	0254	F4
541	D144	0288	F4
541	D144	02BC	F4
541	D144	02F0	F4
541	D144	0264	F4
541	D144	0298	F4
541	D144	02CC	F4
541	D144	0240	F4
541	D144	0274	F4
541	D144	02A8	F4
541	D144	02DC	F4
541	D144	0250	F4
541	D144	0284	F4
541	D144	02B8	F4
541	D144	02EC	F4
541	D144	0260	F4
542	F47C	0200	B7
542	F47C	0204	B7
542	F47C	0208	B7
542	F47C	020C	B7
542	F47C	0210	BF
542	F47C	0214	BF
542	F47C	0218	BF
542	F47C	021C	BF
542	F47C	0220	C7
542	F47C	0224	C7
542	F47C	0228	C7
542	F47C	022C	C7
542	F47C	0230	CF
542	F47C	0234	CF
542	F47C	0238	CF
542	F47C	023C	CF
542	F47C	02C8	1F
542	F47C	02FC	25
542	F47C	0270	27
542	F47C	02A4	2D
542	F47C	02D8	2D
542	F47C	024C	31
542	F47C	0280	31
542	F47C	02B4	35
542	F47C	02E8	39
542	F47C	025C	40
542	D144	0290	F4
542	D144	02C4	F4
542	D144	02F8	F4
542	D144	026C	F4
542	D144	02A0	F4
542	D144	02D4	F4
542	D144	0248	F4
542	D144	027C	F4
542	D144	02B0	F4
542	D144	02E4	F4
542	D144	0258	F4
542	D144	028C	F4
542	D144	02C0	F4
542	D144	02F4	F4
542	D144	0268	F4
542	D144	029C	F4
542	D144	02D0	F4
542	D144	0244	F4
542	D144	0278	F4
542	D144	02AC	F4
542	D144	02E0	F4
542	D144	0254	F4
542	D144	0288	F4
542	D144	02BC	F4
542	D144	02F0	F4
542	D144	0264	F4
542	D144	0298	F4
542	D144	02CC	F4
542	D144	0240	F4
542	D144	0274	F4
542	D144	02A8	F4
542	D144	02DC	F4
542	D144	0250	F4
542	D144	0284	F4
542	D144	02B8	F4
542	D144	02EC	F4
542	D144	0260	F4
542	D144	0294	F4
543	F47C	0200	B7
543	F47C	0204	B7
543	F47C	0208	B7
543	F47C	020C	B7
543	F47C	0210	BF
543	F47C	0214	BF
543	F47C	0218	BF
543	F47C	021C	BF
543	F47C	0220	C7
543	F47C	0224	C7
543	F47C	0228	C7
543	F47C	022C	C7
543	F47C	0230	CF
543	F47C	0234	CF
543	F47C	0238	CF
543	F47C	023C	CF
543	F47C	02FC	1F
543	F47C	0270	25
543	F47C	02A4	27
543	F47C	02D8	2D
543	F47C	024C	2D
543	F47C	0280	31
543	F47C	02B4	31
543	F47C	02E8	35
543	F47C	025C	39
543	F47C	0290	40
543	D144	02C4	F4
543	D144	02F8	F4
543	D144	026C	F4
543	D144	02A0	F4
543	D144	02D4	F4
543	D144	0248	F4
543	D144	027C	F4
543	D144	02B0	F4
543	D144	02E4	F4
543	D144	0258	F4
543	D144	028C	F4
543	D144	02C0	F4
543	D144	02F4	F4
543	D144	0268	F4
543	D144	029C	F4
543	D144	02D0	F4
543	D144	0244	F4
543	D144	0278	F4
543	D144	02AC	F4
543	D144	02E0	F4
543	D144	0254	F4
543	D144	0288	F4
543	D144	02BC	F4
543	D144	02F0	F4
543	D144	0264	F4
543	D144	0298	F4
543	D144	02CC	F4
543	D144	0240	F4
543	D144	0274	F4
543	D144	02A8	F4
543	D144	02DC	F4
543	D144	0250	F4
543	D144	0284	F4
543	D144	02B8	F4
543	D144	02EC	F4
543	D144	0260	F4
543	D144	0294	F4
543	D144	02C8	F4
544	F47C	0200	B7
544	F47C	0204	B7
544	F47C	0208	B7
544	F47C	020C	B7
544	F47C	0210	BF
544	F47C	0214	BF
544	F47C	0218	BF
544	F47C	021C	BF
544	F47C	0220	C7
544	F47C	0224	C7
544	F47C	0228	C7
544	F47C	022C	C7
544	F47C	0230	CF
544	F47C	0234	CF
544	F47C	0238	CF
544	F47C	023C	CF
544	F47C	0270	1F
544	F47C	02A4	25
544	F47C	02D8	27
544	F47C	024C	2D
544	F47C	0280	2D
544	F47C	02B4	31
544	F47C	02E8	31
544	F47C	025C	35
544	F47C	0290	39
544	F47C	02C4	40
544	D144	02F8	F4
544	D144	026C	F4
544	D144	02A0	F4
544	D144	02D4	F4
544	D144	0248	F4
544	D144	027C	F4
544	D144	02B0	F4
544	D144	02E4	F4
544	D144	0258	F4
544	D144	028C	F4
544	D144	02C0	F4
544	D144	02F4	F4
544	D144	0268	F4
544	D144	029C	F4
544	D144	02D0	F4
544	D144	0244	F4
544	D144	0278	F4
544	D144	02AC	F4
544	D144	02E0	F4
544	D144	0254	F4
544	D144	0288	F4
544	D144	02BC	F4
544	D144	02F0	F4
544	D144	0264	F4
544	D144	0298	F4
544	D144	02CC	F4
544	D144	0240	F4
544	D144	0274	F4
544	D144	02A8	F4
544	D144	02DC	F4
544	D144	0250	F4
544	D144	0284	F4
544	D144	02B8	F4
544	D144	02EC	F4
544	D144	0260	F4
544	D144	0294	F4
544	D144	02C8	F4
544	D144	02FC	F4
545	F47C	0200	B7
545	F47C	0204	B7
545	F47C	0208	B7
545	F47C	020C	B7
545	F47C	0210	BF
545	F47C	0214	BF
545	F47C	0218	BF
545	F47C	021C	BF
545	F47C	0220	C7
545	F47C	0224	C7
545	F47C	0228	C7
545	F47C	022C	C7
545	F47C	0230	CF
545	F47C	0234	CF
545	F47C	0238	CF
545	F47C	023C	CF
545	F47C	0264	1F
545	F47C	0298	25
545	F47C	02CC	27
545	F47C	0240	2D
545	F47C	0274	2D
545	F47C	02A8	31
545	F47C	02DC	31
545	F47C	0250	35
545	F47C	0284	39
545	F47C	02B8	40
545	D144	02EC	F4
545	D144	0260	F4
545	D144	0294	F4
545	D144	02C8	F4
545	D144	02FC	F4
545	D144	0270	F4
545	D144	02A4	F4
545	D144	02D8	F4
545	D144	024C	F4
545	D144	0280	F4
545	D144	02B4	F4
545	D144	02E8	F4
545	D144	025C	F4
545	D144	0290	F4
545	D144	02C4	F4
545	D144	02F8	F4
545	D144	026C	F4
545	D144	02A0	F4
545	D144	02D4	F4
545	D144	0248	F4
545	D144	027C	F4
545	D144	02B0	F4
545	D144	02E4	F4
545	D144	0258	F4
545	D144	028C	F4
545	D144	02C0	F4
545	D144	02F4	F4
545	D144	0268	F4
545	D144	029C	F4
545	D144	02D0	F4
545	D144	0244	F4
545	D144	0278	F4
545	D144	02AC	F4
545	D144	02E0	F4
545	D144	0254	F4
545	D144	0288	F4
545	D144	02BC	F4
545	D144	02F0	F4
546	F47C	0200	B7
546	F47C	0204	B7
546	F47C	0208	B7
546	F47C	020C	B7
546	F47C	0210	BF
546	F47C	0214	BF
546	F47C	0218	BF
546	F47C	021C	BF
546	F47C	0220	C7
546	F47C	0224	C7
546	F47C	0228	C7
546	F47C	022C	C7
546	F47C	0230	CF
546	F47C	0234	CF
546	F47C	0238	CF
546	F47C	023C	CF
546	F47C	0298	1F
546	F47C	02CC	25
546	F47C	0240	27
546	F47C	0274	2D
546	F47C	02A8	2D
546	F47C	02DC	31
546	F47C	0250	31
546	F47C	0284	35
546	F47C	02B8	39
546	F47C	02EC	40
546	D144	0260	F4
546	D144	0294	F4
546	D144	02C8	F4
546	D144	02FC	F4
546	D144	0270	F4
546	D144	02A4	F4
546	D144	02D8	F4
546	D144	024C	F4
546	D144	0280	F4
546	D144	02B4	F4
546	D144	02E8	F4
546	D144	025C	F4
546	D144	0290	F4
546	D144	02C4	F4
546	D144	02F8	F4
546	D144	026C	F4
546	D144	02A0	F4
546	D144	02D4	F4
546	D144	0248	F4
546	D144	027C	F4
546	D144	02B0	F4
546	D144	02E4	F4
546	D144	0258	F4
546	D144	028C	F4
546	D144	02C0	F4
546	D144	02F4	F4
546	D144	0268	F4
546	D144	029C	F4
546	D144	02D0	F4
546	D144	0244	F4
546	D144	0278	F4
546	D144	02AC	F4
546	D144	02E0	F4
546	D144	0254	F4
546	D144	0288	F4
546	D144	02BC	F4
546	D144	02F0	F4
546	D144	0264	F4
547	F47C	0200	B7
547	F47C	0204	B7
547	F47C	0208	B7
547	F47C	020C	B7
547	F47C	0210	BF
547	F47C	0214	BF
547	F47C	0218	BF
547	F47C	021C	BF
547	F47C	0220	C7
547	F47C	0224	C7
547	F47C	0228	C7
547	F47C	022C	C7
547	F47C	0230	CF
547	F47C	0234	CF
547	F47C	0238	CF
547	F47C	023C	CF
547	F47C	02CC	1F
547	F47C	0240	25
547	F47C	0274	27
547	F47C	02A8	2D
547	F47C	02DC	2D
547	F47C	0250	31
547	F47C	0284	31
547	F47C	02B8	35
547	F47C	02EC	39
547	F47C	0260	40
547	D144	0294	F4
547	D144	02C8	F4
547	D144	02FC	F4
547	D144	0270	F4
547	D144	02A4	F4
547	D144	02D8	F4
547	D144	024C	F4
547	D144	0280	F4
547	D144	02B4	F4
547	D144	02E8	F4
547	D144	025C	F4
547	D144	0290	F4
547	D144	02C4	F4
547	D144	02F8	F4
547	D144	026C	F4
547	D144	02A0	F4
547	D144	02D4	F4
547	D144	0248	F4
547	D144	027C	F4
547	D144	02B0	F4
547	D144	02E4	F4
547	D144	0258	F4
547	D144	028C	F4
547	D144	02C0	F4
547	D144	02F4	F4
547	D144	0268	F4
547	D144	029C	F4
547	D144	02D0	F4
547	D144	0244	F4
547	D144	0278	F4
547	D144	02AC	F4
547	D144	02E0	F4
547	D144	0254	F4
547	D144	0288	F4
547	D144	02BC	F4
547	D144	02F0	F4
547	D144	0264	F4
547	D144	0298	F4
548	F47C	0200	B7
548	F47C	0204	B7
548	F47C	0208	B7
548	F47C	020C	B7
548	F47C	0210	BF
548	F47C	0214	BF
548	F47C	0218	BF
548	F47C	021C	BF
548	F47C	0220	C7
548	F47C	0224	C7
548	F47C	0228	C7
548	F47C	022C	C7
548	F47C	0230	CF
548	F47C	0234	CF
548	F47C	0238	CF
548	F47C	023C	CF
548	F47C	0240	1F
548	F47C	0274	25
548	F47C	02A8	27
548	F47C	02DC	2D
548	F47C	0250	2D
548	F47C	0284	31
548	F47C	02B8	31
548	F47C	02EC	35
548	F47C	0260	39
548	F47C	0294	40
548	D144	02C8	F4
548	D144	02FC	F4
548	D144	0270	F4
548	D144	02A4	F4
548	D144	02D8	F4
548	D144	024C	F4
548	D144	0280	F4
548	D144	02B4	F4
548	D144	02E8	F4
548	D144	025C	F4
548	D144	0290	F4
548	D144	02C4	F4
548	D144	02F8	F4
548	D144	026C	F4
548	D144	02A0	F4
548	D144	02D4	F4
548	D144	0248	F4
548	D144	027C	F4
548	D144	02B0	F4
548	D144	02E4	F4
548	D144	0258	F4
548	D144	028C	F4
548	D144	02C0	F4
548	D144	02F4	F4
548	D144	0268	F4
548	D144	029C	F4
548	D144	02D0	F4
548	D144	0244	F4
548	D144	0278	F4
548	D144	02AC	F4
548	D144	02E0	F4
548	D144	0254	F4
548	D144	0288	F4
548	D144	02BC	F4
548	D144	02F0	F4
548	D144	0264	F4
548	D144	0298	F4
548	D144	02CC	F4
549	F47C	0200	B7
549	F47C	0204	B7
549	F47C	0208	B7
549	F47C	020C	B7
549	F47C	0210	BF
549	F47C	0214	BF
549	F47C	0218	BF
549	F47C	021C	BF
549	F47C	0220	C7
549	F47C	0224	C7
549	F47C	0228	C7
549	F47C	022C	C7
549	F47C	0230	CF
549	F47C	0234	CF
549	F47C	0238	CF
549	F47C	023C	CF
549	F47C	0274	1F
549	F47C	02A8	25
549	F47C	02DC	27
549	F47C	0250	2D
549	F47C	0284	2D
549	F47C	02B8	31
549	F47C	02EC	31
549	F47C	0260	35
549	F47C	0294	39
549	F47C	02C8	40
549	D144	02FC	F4
549	D144	0270	F4
549	D144	02A4	F4
549	D144	02D8	F4
549	D144	024C	F4
549	D144	0280	F4
549	D144	02B4	F4
549	D144	02E8	F4
549	D144	025C	F4
549	D144	0290	F4
549	D144	02C4	F4
549	D144	02F8	F4
549	D144	026C	F4
549	D144	02A0	F4
549	D144	02D4	F4
549	D144	0248	F4
549	D144	027C	F4
549	D144	02B0	F4
549	D144	02E4	F4
549	D144	0258	F4
549	D144	028C	F4
549	D144	02C0	F4
549	D144	02F4	F4
549	D144	0268	F4
549	D144	029C	F4
549	D144	02D0	F4
549	D144	0244	F4
549	D144	0278	F4
549	D144	02AC	F4
549	D144	02E0	F4
549	D144	0254	F4
549	D144	0288	F4
549	D144	02BC	F4
549	D144	02F0	F4
549	D144	0264	F4
549	D144	0298	F4
549	D144	02CC	F4
549	D144	0240	F4
550	F47C	0200	B7
550	F47C	0204	B7
550	F47C	0208	B7
550	F47C	020C	B7
550	F47C	0210	BF
550	F47C	0214	BF
550	F47C	0218	BF
550	F47C	021C	BF
550	F47C	0220	C7
550	F47C	0224	C7
550	F47C	0228	C7
550	F47C	022C	C7
550	F47C	0230	CF
550	F47C	0234	CF
550	F47C	0238	CF
550	F47C	023C	CF
550	F47C	0268	1F
550	F47C	029C	25
550	F47C	02D0	27
550	F47C	0244	2D
550	F47C	0278	2D
550	F47C	02AC	31
550	F47C	02E0	31
550	F47C	0254	35
550	F47C	0288	39
550	F47C	02BC	40
550	D144	02F0	F4
550	D144	0264	F4
550	D144	0298	F4
550	D144	02CC	F4
550	D144	0240	F4
550	D144	0274	F4
550	D144	02A8	F4
550	D144	02DC	F4
550	D144	0250	F4
550	D144	0284	F4
550	D144	02B8	F4
550	D144	02EC	F4
550	D144	0260	F4
550	D144	0294	F4
550	D144	02C8	F4
550	D144	02FC	F4
550	D144	0270	F4
550	D144	02A4	F4
550	D144	02D8	F4
550	D144	024C	F4
550	D144	0280	F4
550	D144	02B4	F4
550	D144	02E8	F4
550	D144	025C	F4
550	D144	0290	F4
550	D144	02C4	F4
550	D144	02F8	F4
550	D144	026C	F4
550	D144	02A0	F4
550	D144	02D4	F4
550	D144	0248	F4
550	D144	027C	F4
550	D144	02B0	F4
550	D144	02E4	F4
550	D144	0258	F4
550	D144	028C	F4
550	D144	02C0	F4
550	D144	02F4	F4
551	F47C	0200	B7
551	F47C	0204	B7
551	F47C	0208	B7
551	F47C	020C	B7
551	F47C	0210	BF
551	F47C	0214	BF
551	F47C	0218	BF
551	F47C	021C	BF
551	F47C	0220	C7
551	F47C	0224	C7
551	F47C	0228	C7
551	F47C	022C	C7
551	F47C	0230	CF
551	F47C	0234	CF
551	F47C	0238	CF
551	F47C	023C	CF
551	F47C	029C	1F
551	F47C	02D0	25
551	F47C	0244	27
551	F47C	0278	2D
551	F47C	02AC	2D
551	F47C	02E0	31
551	F47C	0254	31
551	F47C	0288	35
551	F47C	02BC	39
551	F47C	02F0	40
551	D144	0264	F4
551	D144	0298	F4
551	D144	02CC	F4
551	D144	0240	F4
551	D144	0274	F4
551	D144	02A8	F4
551	D144	02DC	F4
551	D144	0250	F4
551	D144	0284	F4
551	D144	02B8	F4
551	D144	02EC	F4
551	D144	0260	F4
551	D144	0294	F4
551	D144	02C8	F4
551	D144	02FC	F4
551	D144	0270	F4
551	D144	02A4	F4
551	D144	02D8	F4
551	D144	024C	F4
551	D144	0280	F4
551	D144	02B4	F4
551	D144	02E8	F4
551	D144	025C	F4
551	D144	0290	F4
551	D144	02C4	F4
551	D144	02F8	F4
551	D144	026C	F4
551	D144	02A0	F4
551	D144	02D4	F4
551	D144	0248	F4
551	D144	027C	F4
551	D144	02B0	F4
551	D144	02E4	F4
551	D144	0258	F4
551	D144	028C	F4
551	D144	02C0	F4
551	D144	02F4	F4
551	D144	0268	F4
552	F47C	0200	B7
552	F47C	0204	B7
552	F47C	0208	B7
552	F47C	020C	B7
552	F47C	0210	BF
552	F47C	0214	BF
552	F47C	0218	BF
552	F47C	021C	BF
552	F47C	0220	C7
552	F47C	0224	C7
552	F47C	0228	C7
552	F47C	022C	C7
552	F47C	0230	CF
552	F47C	0234	CF
552	F47C	0238	CF
552	F47C	023C	CF
552	F47C	02D0	1F
552	F47C	0244	25
552	F47C	0278	27
552	F47C	02AC	2D
552	F47C	02E0	2D
552	F47C	0254	31
552	F47C	0288	31
552	F47C	02BC	35
552	F47C	02F0	39
552	F47C	0264	40
552	D144	0298	F4
552	D144	02CC	F4
552	D144	0240	F4
552	D144	0274	F4
552	D144	02A8	F4
552	D144	02DC	F4
552	D144	0250	F4
552	D144	0284	F4
552	D144	02B8	F4
552	D144	02EC	F4
552	D144	0260	F4
552	D144	0294	F4
552	D144	02C8	F4
552	D144	02FC	F4
552	D144	0270	F4
552	D144	02A4	F4
552	D144	02D8	F4
552	D144	024C	F4
552	D144	0280	F4
552	D144	02B4	F4
552	D144	02E8	F4
552	D144	025C	F4
552	D144	0290	F4
552	D144	02C4	F4
552	D144	02F8	F4
552	D144	026C	F4
552	D144	02A0	F4
552	D144	02D4	F4
552	D144	0248	F4
552	D144	027C	F4
552	D144	02B0	F4
552	D144	02E4	F4
552	D144	0258	F4
552	D144	028C	F4
552	D144	02C0	F4
552	D144	02F4	F4
552	D144	0268	F4
552	D144	029C	F4
553	F47C	0200	B7
553	F47C	0204	B7
553	F47C	0208	B7
553	F47C	020C	B7
553	F47C	0210	BF
553	F47C	0214	BF
553	F47C	0218	BF
553	F47C	021C	BF
553	F47C	0220	C7
553	F47C	0224	C7
553	F47C	0228	C7
553	F47C	022C	C7
553	F47C	0230	CF
553	F47C	0234	CF
553	F47C	0238	CF
553	F47C	023C	CF
553	F47C	0244	1F
553	F47C	0278	25
553	F47C	02AC	27
553	F47C	02E0	2D
553	F47C	0254	2D
553	F47C	0288	31
553	F47C	02BC	31
553	F47C	02F0	35
553	F47C	0264	39
553	F47C	0298	40
553	D144	02CC	F4
553	D144	0240	F4
553	D144	0274	F4
553	D144	02A8	F4
553	D144	02DC	F4
553	D144	0250	F4
553	D144	0284	F4
553	D144	02B8	F4
553	D144	02EC	F4
553	D144	0260	F4
553	D144	0294	F4
553	D144	02C8	F4
553	D144	02FC	F4
553	D144	0270	F4
553	D144	02A4	F4
553	D144	02D8	F4
553	D144	024C	F4
553	D144	0280	F4
553	D144	02B4	F4
553	D144	02E8	F4
553	D144	025C	F4
553	D144	0290	F4
553	D144	02C4	F4
553	D144	02F8	F4
553	D144	026C	F4
553	D144	02A0	F4
553	D144	02D4	F4
553	D144	0248	F4
553	D144	027C	F4
553	D144	02B0	F4
553	D144	02E4	F4
553	D144	0258	F4
553	D144	028C	F4
553	D144	02C0	F4
553	D144	02F4	F4
553	D144	0268	F4
553	D144	029C	F4
553	D144	02D0	F4
554	F47C	0200	B7
554	F47C	0204	B7
554	F47C	0208	B7
554	F47C	020C	B7
554	F47C	0210	BF
554	F47C	0214	BF
554	F47C	0218	BF
554	F47C	021C	BF
554	F47C	0220	C7
554	F47C	0224	C7
554	F47C	0228	C7
554	F47C	022C	C7
554	F47C	0230	CF
554	F47C	0234	CF
554	F47C	0238	CF
554	F47C	023C	CF
554	F47C	0278	1F
554	F47C	02AC	25
554	F47C	02E0	27
554	F47C	0254	2D
554	F47C	0288	2D
554	F47C	02BC	31
554	F47C	02F0	31
554	F47C	0264	35
554	F47C	0298	39
554	F47C	02CC	40
554	D144	0240	F4
554	D144	0274	F4
554	D144	02A8	F4
554	D144	02DC	F4
554	D144	0250	F4
554	D144	0284	F4
554	D144	02B8	F4
554	D144	02EC	F4
554	D144	0260	F4
554	D144	0294	F4
554	D144	02C8	F4
554	D144	02FC	F4
554	D144	0270	F4
554	D144	02A4	F4
554	D144	02D8	F4
554	D144	024C	F4
554	D144	0280	F4
554	D144	02B4	F4
554	D144	02E8	F4
554	D144	025C	F4
554	D144	0290	F4
554	D144	02C4	F4
554	D144	02F8	F4
554	D144	026C	F4
554	D144	02A0	F4
554	D144	02D4	F4
554	D144	0248	F4
554	D144	027C	F4
554	D144	02B0	F4
554	D144	02E4	F4
554	D144	0258	F4
554	D144	028C	F4
554	D144	02C0	F4
554	D144	02F4	F4
554	D144	0268	F4
554	D144	029C	F4
554	D144	02D0	F4
554	D144	0244	F4
555	F47C	0200	B7
555	F47C	0204	B7
555	F47C	0208	B7
555	F47C	020C	B7
555	F47C	0210	BF
555	F47C	0214	BF
555	F47C	0218	BF
555	F47C	021C	BF
555	F47C	0220	C7
555	F47C	0224	C7
555	F47C	0228	C7
555	F47C	022C	C7
555	F47C	0230	CF
555	F47C	0234	CF
555	F47C	0238	CF
555	F47C	023C	CF
555	F47C	026C	1F
555	F47C	02A0	25
555	F47C	02D4	27
555	F47C	0248	2D
555	F47C	027C	2D
555	F47C	02B0	31
555	F47C	02E4	31
555	F47C	0258	35
555	F47C	028C	39
555	F47C	02C0	40
555	D144	02F4	F4
555	D144	0268	F4
555	D144	029C	F4
555	D144	02D0	F4
555	D144	0244	F4
555	D144	0278	F4
555	D144	02AC	F4
555	D144	02E0	F4
555	D144	0254	F4
555	D144	0288	F4
555	D144	02BC	F4
555	D144	02F0	F4
555	D144	0264	F4
555	D144	0298	F4
555	D144	02CC	F4
555	D144	0240	F4
555	D144	0274	F4
555	D144	02A8	F4
555	D144	02DC	F4
555	D144	0250	F4
555	D144	0284	F4
555	D144	02B8	F4
555	D144	02EC	F4
555	D144	0260	F4
555	D144	0294	F4
555	D144	02C8	F4
555	D144	02FC	F4
555	D144	0270	F4
555	D144	02A4	F4
555	D144	02D8	F4
555	D144	024C	F4
555	D144	0280	F4
555	D144	02B4	F4
555	D144	02E8	F4
555	D144	025C	F4
555	D144	0290	F4
555	D144	02C4	F4
555	D144	02F8	F4
556	F47C	0200	B7
556	F47C	0204	B7
556	F47C	0208	B7
556	F47C	020C	B7
556	F47C	0210	BF
556	F47C	0214	BF
556	F47C	0218	BF
556	F47C	021C	BF
556	F47C	0220	C7
556	F47C	0224	C7
556	F47C	0228	C7
556	F47C	022C	C7
556	F47C	0230	CF
556	F47C	0234	CF
556	F47C	0238	CF
556	F47C	023C	CF
556	F47C	02A0	1F
556	F47C	02D4	25
556	F47C	0248	27
556	F47C	027C	2D
556	F47C	02B0	2D
556	F47C	02E4	31
556	F47C	0258	31
556	F47C	028C	35
556	F47C	02C0	39
556	F47C	02F4	40
556	D144	0268	F4
556	D144	029C	F4
556	D144	02D0	F4
556	D144	0244	F4
556	D144	0278	F4
556	D144	02AC	F4
556	D144	02E0	F4
556	D144	0254	F4
556	D144	0288	F4
556	D144	02BC	F4
556	D144	02F0	F4
556	D144	0264	F4
556	D144	0298	F4
556	D144	02CC	F4
556	D144	0240	F4
556	D144	0274	F4
556	D144	02A8	F4
556	D144	02DC	F4
556	D144	0250	F4
556	D144	0284	F4
556	D144	02B8	F4
556	D144	02EC	F4
556	D144	0260	F4
556	D144	0294	F4
556	D144	02C8	F4
556	D144	02FC	F4
556	D144	0270	F4
556	D144	02A4	F4
556	D144	02D8	F4
556	D144	024C	F4
556	D144	0280	F4
556	D144	02B4	F4
556	D144	02E8	F4
556	D144	025C	F4
556	D144	0290	F4
556	D144	02C4	F4
556	D144	02F8	F4
556	D144	026C	F4
557	F47C	0200	B7
557	F47C	0204	B7
557	F47C	0208	B7
557	F47C	020C	B7
557	F47C	0210	BF
557	F47C	0214	BF
557	F47C	0218	BF
557	F47C	021C	BF
557	F47C	0220	C7
557	F47C	0224	C7
557	F47C	0228	C7
557	F47C	022C	C7
557	F47C	0230	CF
557	F47C	0234	CF
557	F47C	0238	CF
557	F47C	023C	CF
557	F47C	02D4	1F
557	F47C	0248	25
557	F47C	027C	27
557	F47C	02B0	2D
557	F47C	02E4	2D
557	F47C	0258	31
557	F47C	028C	31
557	F47C	02C0	35
557	F47C	02F4	39
557	F47C	0268	40
557	D144	029C	F4
557	D144	02D0	F4
557	D144	0244	F4
557	D144	0278	F4
557	D144	02AC	F4
557	D144	02E0	F4
557	D144	0254	F4
557	D144	0288	F4
557	D144	02BC	F4
557	D144	02F0	F4
557	D144	0264	F4
557	D144	0298	F4
557	D144	02CC	F4
557	D144	0240	F4
557	D144	0274	F4
557	D144	02A8	F4
557	D144	02DC	F4
557	D144	0250	F4
557	D144	0284	F4
557	D144	02B8	F4
557	D144	02EC	F4
557	D144	0260	F4
557	D144	0294	F4
557	D144	02C8	F4
557	D144	02FC	F4
557	D144	0270	F4
557	D144	02A4	F4
557	D144	02D8	F4
557	D144	024C	F4
557	D144	0280	F4
557	D144	02B4	F4
557	D144	02E8	F4
557	D144	025C	F4
557	D144	0290	F4
557	D144	02C4	F4
557	D144	02F8	F4
557	D144	026C	F4
557	D144	02A0	F4
558	F47C	0200	B7
558	F47C	0204	B7
558	F47C	0208	B7
558	F47C	020C	B7
558	F47C	0210	BF
558	F47C	0214	BF
558	F47C	0218	BF
558	F47C	021C	BF
558	F47C	0220	C7
558	F47C	0224	C7
558	F47C	0228	C7
558	F47C	022C	C7
558	F47C	0230	CF
558	F47C	0234	CF
558	F47C	0238	CF
558	F47C	023C	CF
558	F47C	0248	1F
558	F47C	027C	25
558	F47C	02B0	27
558	F47C	02E4	2D
558	F47C	0258	2D
558	F47C	028C	31
558	F47C	02C0	31
558	F47C	02F4	35
558	F47C	0268	39
558	F47C	029C	40
558	D144	02D0	F4
558	D144	0244	F4
558	D144	0278	F4
558	D144	02AC	F4
558	D144	02E0	F4
558	D144	0254	F4
558	D144	0288	F4
558	D144	02BC	F4
558	D144	02F0	F4
558	D144	0264	F4
558	D144	0298	F4
558	D144	02CC	F4
558	D144	0240	F4
558	D144	0274	F4
558	D144	02A8	F4
558	D144	02DC	F4
558	D144	0250	F4
558	D144	0284	F4
558	D144	02B8	F4
558	D144	02EC	F4
558	D144	0260	F4
558	D144	0294	F4
558	D144	02C8	F4
558	D144	02FC	F4
558	D144	0270	F4
558	D144	02A4	F4
558	D144	02D8	F4
558	D144	024C	F4
558	D144	0280	F4
558	D144	02B4	F4
558	D144	02E8	F4
558	D144	025C	F4
558	D144	0290	F4
558	D144	02C4	F4
558	D144	02F8	F4
558	D144	026C	F4
558	D144	02A0	F4
558	D144	02D4	F4
559	F47C	0200	B7
559	F47C	0204	B7
559	F47C	0208	B7
559	F47C	020C	B7
559	F47C	0210	BF
559	F47C	0214	BF
559	F47C	0218	BF
559	F47C	021C	BF
559	F47C	0220	C7
559	F47C	0224	C7
559	F47C	0228	C7
559	F47C	022C	C7
559	F47C	0230	CF
559	F47C	0234	CF
559	F47C	0238	CF
559	F47C	023C	CF
559	F47C	027C	1F
559	F47C	02B0	25
559	F47C	02E4	27
559	F47C	0258	2D
559	F47C	028C	2D
559	F47C	02C0	31
559	F47C	02F4	31
559	F47C	0268	35
559	F47C	029C	39
559	F47C	02D0	40
559	D144	0244	F4
559	D144	0278	F4
559	D144	02AC	F4
559	D144	02E0	F4
559	D144	0254	F4
559	D144	0288	F4
559	D144	02BC	F4
559	D144	02F0	F4
559	D144	0264	F4
559	D144	0298	F4
559	D144	02CC	F4
559	D144	0240	F4
559	D144	0274	F4
559	D144	02A8	F4
559	D144	02DC	F4
559	D144	0250	F4
559	D144	0284	F4
559	D144	02B8	F4
559	D144	02EC	F4
559	D144	0260	F4
559	D144	0294	F4
559	D144	02C8	F4
559	D144	02FC	F4
559	D144	0270	F4
559	D144	02A4	F4
559	D144	02D8	F4
559	D144	024C	F4
559	D144	0280	F4
559	D144	02B4	F4
559	D144	02E8	F4
559	D144	025C	F4
559	D144	0290	F4
559	D144	02C4	F4
559	D144	02F8	F4
559	D144	026C	F4
559	D144	02A0	F4
559	D144	02D4	F4
559	D144	0248	F4
560	F47C	0200	B7
560	F47C	0204	B7
560	F47C	0208	B7
560	F47C	020C	B7
560	F47C	0210	BF
560	F47C	0214	BF
560	F47C	0218	BF
560	F47C	021C	BF
560	F47C	0220	C7
560	F47C	0224	C7
560	F47C	0228	C7
560	F47C	022C	C7
560	F47C	0230	CF
560	F47C	0234	CF
560	F47C	0238	CF
560	F47C	023C	CF
560	F47C	0270	1F
560	F47C	02A4	25
560	F47C	02D8	27
560	F47C	024C	2D
560	F47C	0280	2D
560	F47C	02B4	31
560	F47C	02E8	31
560	F47C	025C	35
560	F47C	0290	39
560	F47C	02C4	40
560	D144	02F8	F4
560	D144	026C	F4
560	D144	02A0	F4
560	D144	02D4	F4
560	D144	0248	F4
560	D144	027C	F4
560	D144	02B0	F4
560	D144	02E4	F4
560	D144	0258	F4
560	D144	028C	F4
560	D144	02C0	F4
560	D144	02F4	F4
560	D144	0268	F4
560	D144	029C	F4
560	D144	02D0	F4
560	D144	0244	F4
560	D144	0278	F4
560	D144	02AC	F4
560	D144	02E0	F4
560	D144	0254	F4
560	D144	0288	F4
560	D144	02BC	F4
560	D144	02F0	F4
560	D144	0264	F4
560	D144	0298	F4
560	D144	02CC	F4
560	D144	0240	F4
560	D144	0274	F4
560	D144	02A8	F4
560	D144	02DC	F4
560	D144	0250	F4
560	D144	0284	F4
560	D144	02B8	F4
560	D144	02EC	F4
560	D144	0260	F4
560	D144	0294	F4
560	D144	02C8	F4
560	D144	02FC	F4
561	F47C	0200	B7
561	F47C	0204	B7
561	F47C	0208	B7
561	F47C	020C	B7
561	F47C	0210	BF
561	F47C	0214	BF
561	F47C	0218	BF
561	F47C	021C	BF
561	F47C	0220	C7
561	F47C	0224	C7
561	F47C	0228	C7
561	F47C	022C	C7
561	F47C	0230	CF
561	F47C	0234	CF
561	F47C	0238	CF
561	F47C	023C	CF
561	F47C	02A4	1F
561	F47C	02D8	25
561	F47C	024C	27
561	F47C	0280	2D
561	F47C	02B4	2D
561	F47C	02E8	31
561	F47C	025C	31
561	F47C	0290	35
561	F47C	02C4	39
561	F47C	02F8	40
561	D144	026C	F4
561	D144	02A0	F4
561	D144	02D4	F4
561	D144	0248	F4
561	D144	027C	F4
561	D144	02B0	F4
561	D144	02E4	F4
561	D144	0258	F4
561	D144	028C	F4
561	D144	02C0	F4
561	D144	02F4	F4
561	D144	0268	F4
561	D144	029C	F4
561	D144	02D0	F4
561	D144	0244	F4
561	D144	0278	F4
561	D144	02AC	F4
561	D144	02E0	F4
561	D144	0254	F4
561	D144	0288	F4
561	D144	02BC	F4
561	D144	02F0	F4
561	D144	0264	F4
561	D144	0298	F4
561	D144	02CC	F4
561	D144	0240	F4
561	D144	0274	F4
561	D144	02A8	F4
561	D144	02DC	F4
561	D144	0250	F4
561	D144	0284	F4
561	D144	02B8	F4
561	D144	02EC	F4
561	D144	0260	F4
561	D144	0294	F4
561	D144	02C8	F4
561	D144	02FC	F4
561	D144	0270	F4
562	F47C	0200	B7
562	F47C	0204	B7
562	F47C	0208	B7
562	F47C	020C	B7
562	F47C	0210	BF
562	F47C	0214	BF
562	F47C	0218	BF
562	F47C	021C	BF
562	F47C	0220	C7
562	F47C	0224	C7
562	F47C	0228	C7
562	F47C	022C	C7
562	F47C	0230	CF
562	F47C	0234	CF
562	F47C	0238	CF
562	F47C	023C	CF
562	F47C	02D8	1F
562	F47C	024C	25
562	F47C	0280	27
562	F47C	02B4	2D
562	F47C	02E8	2D
562	F47C	025C	31
562	F47C	0290	31
562	F47C	02C4	35
562	F47C	02F8	39
562	F47C	026C	40
562	D144	02A0	F4
562	D144	02D4	F4
562	D144	0248	F4
562	D144	027C	F4
562	D144	02B0	F4
562	D144	02E4	F4
562	D144	0258	F4
562	D144	028C	F4
562	D144	02C0	F4
562	D144	02F4	F4
562	D144	0268	F4
562	D144	029C	F4
562	D144	02D0	F4
562	D144	0244	F4
562	D144	0278	F4
562	D144	02AC	F4
562	D144	02E0	F4
562	D144	0254	F4
562	D144	0288	F4
562	D144	02BC	F4
562	D144	02F0	F4
562	D144	0264	F4
562	D144	0298	F4
562	D144	02CC	F4
562	D144	0240	F4
562	D144	0274	F4
562	D144	02A8	F4
562	D144	02DC	F4
562	D144	0250	F4
562	D144	0284	F4
562	D144	02B8	F4
562	D144	02EC	F4
562	D144	0260	F4
562	D144	0294	F4
562	D144	02C8	F4
562	D144	02FC	F4
562	D144	0270	F4
562	D144	02A4	F4
563	F47C	0200	B7
563	F47C	0204	B7
563	F47C	0208	B7
563	F47C	020C	B7
563	F47C	0210	BF
563	F47C	0214	BF
563	F47C	0218	BF
563	F47C	021C	BF
563	F47C	0220	C7
563	F47C	0224	C7
563	F47C	0228	C7
563	F47C	022C	C7
563	F47C	0230	CF
563	F47C	0234	CF
563	F47C	0238	CF
563	F47C	023C	CF
563	F47C	024C	1F
563	F47C	0280	25
563	F47C	02B4	27
563	F47C	02E8	2D
563	F47C	025C	2D
563	F47C	0290	31
563	F47C	02C4	31
563	F47C	02F8	35
563	F47C	026C	39
563	F47C	02A0	40
563	D144	02D4	F4
563	D144	0248	F4
563	D144	027C	F4
563	D144	02B0	F4
563	D144	02E4	F4
563	D144	0258	F4
563	D144	028C	F4
563	D144	02C0	F4
563	D144	02F4	F4
563	D144	0268	F4
563	D144	029C	F4
563	D144	02D0	F4
563	D144	0244	F4
563	D144	0278	F4
563	D144	02AC	F4
563	D144	02E0	F4
563	D144	0254	F4
563	D144	0288	F4
563	D144	02BC	F4
563	D144	02F0	F4
563	D144	0264	F4
563	D144	0298	F4
563	D144	02CC	F4
563	D144	0240	F4
563	D144	0274	F4
563	D144	02A8	F4
563	D144	02DC	F4
563	D144	0250	F4
563	D144	0284	F4
563	D144	02B8	F4
563	D144	02EC	F4
563	D144	0260	F4
563	D144	0294	F4
563	D144	02C8	F4
563	D144	02FC	F4
563	D144	0270	F4
563	D144	02A4	F4
563	D144	02D8	F4
564	F47C	0200	B7
564	F47C	0204	B7
564	F47C	0208	B7
564	F47C	020C	B7
564	F47C	0210	BF
564	F47C	0214	BF
564	F47C	0218	BF
564	F47C	021C	BF
564	F47C	0220	C7
564	F47C	0224	C7
564	F47C	0228	C7
564	F47C	022C	C7
564	F47C	0230	CF
564	F47C	0234	CF
564	F47C	0238	CF
564	F47C	023C	CF
564	F47C	0240	1F
564	F47C	0274	25
564	F47C	02A8	27
564	F47C	02DC	2D
564	F47C	0250	2D
564	F47C	0284	31
564	F47C	02B8	31
564	F47C	02EC	35
564	F47C	0260	39
564	F47C	0294	40
564	D144	02C8	F4
564	D144	02FC	F4
564	D144	0270	F4
564	D144	02A4	F4
564	D144	02D8	F4
564	D144	024C	F4
564	D144	0280	F4
564	D144	02B4	F4
564	D144	02E8	F4
564	D144	025C	F4
564	D144	0290	F4
564	D144	02C4	F4
564	D144	02F8	F4
564	D144	026C	F4
564	D144	02A0	F4
564	D144	02D4	F4
564	D144	0248	F4
564	D144	027C	F4
564	D144	02B0	F4
564	D144	02E4	F4
564	D144	0258	F4
564	D144	028C	F4
564	D144	02C0	F4
564	D144	02F4	F4
564	D144	0268	F4
564	D144	029C	F4
564	D144	02D0	F4
564	D144	0244	F4
564	D144	0278	F4
564	D144	02AC	F4
564	D144	02E0	F4
564	D144	0254	F4
564	D144	0288	F4
564	D144	02BC	F4
564	D144	02F0	F4
564	D144	0264	F4
564	D144	0298	F4
564	D144	02CC	F4
565	F47C	0200	B7
565	F47C	0204	B7
565	F47C	0208	B7
565	F47C	020C	B7
565	F47C	0210	BF
565	F47C	0214	BF
565	F47C	0218	BF
565	F47C	021C	BF
565	F47C	0220	C7
565	F47C	0224	C7
565	F47C	0228	C7
565	F47C	022C	C7
565	F47C	0230	CF
565	F47C	0234	CF
565	F47C	0238	CF
565	F47C	023C	CF
565	F47C	0274	1F
565	F47C	02A8	25
565	F47C	02DC	27
565	F47C	0250	2D
565	F47C	0284	2D
565	F47C	02B8	31
565	F47C	02EC	31
565	F47C	0260	35
565	F47C	0294	39
565	F47C	02C8	40
565	D144	02FC	F4
565	D144	0270	F4
565	D144	02A4	F4
565	D144	02D8	F4
565	D144	024C	F4
565	D144	0280	F4
565	D144	02B4	F4
565	D144	02E8	F4
565	D144	025C	F4
565	D144	0290	F4
565	D144	02C4	F4
565	D144	02F8	F4
565	D144	026C	F4
565	D144	02A0	F4
565	D144	02D4	F4
565	D144	0248	F4
565	D144	027C	F4
565	D144	02B0	F4
565	D144	02E4	F4
565	D144	0258	F4
565	D144	028C	F4
565	D144	02C0	F4
565	D144	02F4	F4
565	D144	0268	F4
565	D144	029C	F4
565	D144	02D0	F4
565	D144	0244	F4
565	D144	0278	F4
565	D144	02AC	F4
565	D144	02E0	F4
565	D144	0254	F4
565	D144	0288	F4
565	D144	02BC	F4
565	D144	02F0	F4
565	D144	0264	F4
565	D144	0298	F4
565	D144	02CC	F4
565	D144	0240	F4
566	F47C	0200	B7
566	F47C	0204	B7
566	F47C	0208	B7
566	F47C	020C	B7
566	F47C	0210	BF
566	F47C	0214	BF
566	F47C	0218	BF
566	F47C	021C	BF
566	F47C	0220	C7
566	F47C	0224	C7
566	F47C	0228	C7
566	F47C	022C	C7
566	F47C	0230	CF
566	F47C	0234	CF
566	F47C	0238	CF
566	F47C	023C	CF
566	F47C	02A8	1F
566	F47C	02DC	25
566	F47C	0250	27
566	F47C	0284	2D
566	F47C	02B8	2D
566	F47C	02EC	31
566	F47C	0260	31
566	F47C	0294	35
566	F47C	02C8	39
566	F47C	02FC	40
566	D144	0270	F4
566	D144	02A4	F4
566	D144	02D8	F4
566	D144	024C	F4
566	D144	0280	F4
566	D144	02B4	F4
566	D144	02E8	F4
566	D144	025C	F4
566	D144	0290	F4
566	D144	02C4	F4
566	D144	02F8	F4
566	D144	026C	F4
566	D144	02A0	F4
566	D144	02D4	F4
566	D144	0248	F4
566	D144	027C	F4
566	D144	02B0	F4
566	D144	02E4	F4
566	D144	0258	F4
566	D144	028C	F4
566	D144	02C0	F4
566	D144	02F4	F4
566	D144	0268	F4
566	D144	029C	F4
566	D144	02D0	F4
566	D144	0244	F4
566	D144	0278	F4
566	D144	02AC	F4
566	D144	02E0	F4
566	D144	0254	F4
566	D144	0288	F4
566	D144	02BC	F4
566	D144	02F0	F4
566	D144	0264	F4
566	D144	0298	F4
566	D144	02CC	F4
566	D144	0240	F4
566	D144	0274	F4
567	F47C	0200	B7
567	F47C	0204	B7
567	F47C	0208	B7
567	F47C	020C	B7
567	F47C	0210	BF
567	F47C	0214	BF
567	F47C	0218	BF
567	F47C	021C	BF
567	F47C	0220	C7
567	F47C	0224	C7
567	F47C	0228	C7
567	F47C	022C	C7
567	F47C	0230	CF
567	F47C	0234	CF
567	F47C	0238	CF
567	F47C	023C	CF
567	F47C	02DC	1F
567	F47C	0250	25
567	F47C	0284	27
567	F47C	02B8	2D
567	F47C	02EC	2D
567	F47C	0260	31
567	F47C	0294	31
567	F47C	02C8	35
567	F47C	02FC	39
567	F47C	0270	40
567	D144	02A4	F4
567	D144	02D8	F4
567	D144	024C	F4
567	D144	0280	F4
567	D144	02B4	F4
567	D144	02E8	F4
567	D144	025C	F4
567	D144	0290	F4
567	D144	02C4	F4
567	D144	02F8	F4
567	D144	026C	F4
567	D144	02A0	F4
567	D144	02D4	F4
567	D144	0248	F4
567	D144	027C	F4
567	D144	02B0	F4
567	D144	02E4	F4
567	D144	0258	F4
567	D144	028C	F4
567	D144	02C0	F4
567	D144	02F4	F4
567	D144	0268	F4
567	D144	029C	F4
567	D144	02D0	F4
567	D144	0244	F4
567	D144	0278	F4
567	D144	02AC	F4
567	D144	02E0	F4
567	D144	0254	F4
567	D144	0288	F4
567	D144	02BC	F4
567	D144	02F0	F4
567	D144	0264	F4
567	D144	0298	F4
567	D144	02CC	F4
567	D144	0240	F4
567	D144	0274	F4
567	D144	02A8	F4
568	F47C	0200	B7
568	F47C	0204	B7
568	F47C	0208	B7
568	F47C	020C	B7
568	F47C	0210	BF
568	F47C	0214	BF
568	F47C	0218	BF
568	F47C	021C	BF
568	F47C	0220	C7
568	F47C	0224	C7
568	F47C	0228	C7
568	F47C	022C	C7
568	F47C	0230	CF
568	F47C	0234	CF
568	F47C	0238	CF
568	F47C	023C	CF
568	F47C	0250	1F
568	F47C	0284	25
568	F47C	02B8	27
568	F47C	02EC	2D
568	F47C	0260	2D
568	F47C	0294	31
568	F47C	02C8	31
568	F47C	02FC	35
568	F47C	0270	39
568	F47C	02A4	40
568	D144	02D8	F4
568	D144	024C	F4
568	D144	0280	F4
568	D144	02B4	F4
568	D144	02E8	F4
568	D144	025C	F4
568	D144	0290	F4
568	D144	02C4	F4
568	D144	02F8	F4
568	D144	026C	F4
568	D144	02A0	F4
568	D144	02D4	F4
568	D144	0248	F4
568	D144	027C	F4
568	D144	02B0	F4
568	D144	02E4	F4
568	D144	0258	F4
568	D144	028C	F4
568	D144	02C0	F4
568	D144	02F4	F4
568	D144	0268	F4
568	D144	029C	F4
568	D144	02D0	F4
568	D144	0244	F4
568	D144	0278	F4
568	D144	02AC	F4
568	D144	02E0	F4
568	D144	0254	F4
568	D144	0288	F4
568	D144	02BC	F4
568	D144	02F0	F4
568	D144	0264	F4
568	D144	0298	F4
568	D144	02CC	F4
568	D144	0240	F4
568	D144	0274	F4
568	D144	02A8	F4
568	D144	02DC	F4
569	F47C	0200	B7
569	F47C	0204	B7
569	F47C	0208	B7
569	F47C	020C	B7
569	F47C	0210	BF
569	F47C	0214	BF
569	F47C	0218	BF
569	F47C	021C	BF
569	F47C	0220	C7
569	F47C	0224	C7
569	F47C	0228	C7
569	F47C	022C	C7
569	F47C	0230	CF
569	F47C	0234	CF
569	F47C	0238	CF
569	F47C	023C	CF
569	F47C	0244	1F
569	F47C	0278	25
569	F47C	02AC	27
569	F47C	02E0	2D
569	F47C	0254	2D
569	F47C	0288	31
569	F47C	02BC	31
569	F47C	02F0	35
569	F47C	0264	39
569	F47C	0298	40
569	D144	02CC	F4
569	D144	0240	F4
569	D144	0274	F4
569	D144	02A8	F4
569	D144	02DC	F4
569	D144	0250	F4
569	D144	0284	F4
569	D144	02B8	F4
569	D144	02EC	F4
569	D144	0260	F4
569	D144	0294	F4
569	D144	02C8	F4
569	D144	02FC	F4
569	D144	0270	F4
569	D144	02A4	F4
569	D144	02D8	F4
569	D144	024C	F4
569	D144	0280	F4
569	D144	02B4	F4
569	D144	02E8	F4
569	D144	025C	F4
569	D144	0290	F4
569	D144	02C4	F4
569	D144	02F8	F4
569	D144	026C	F4
569	D144	02A0	F4
569	D144	02D4	F4
569	D144	0248	F4
569	D144	027C	F4
569	D144	02B0	F4
569	D144	02E4	F4
569	D144	0258	F4
569	D144	028C	F4
569	D144	02C0	F4
569	D144	02F4	F4
569	D144	0268	F4
569	D144	029C	F4
569	D144	02D0	F4
570	F47C	0200	B7
570	F47C	0204	B7
570	F47C	0208	B7
570	F47C	020C	B7
570	F47C	0210	BF
570	F47C	0214	BF
570	F47C	0218	BF
570	F47C	021C	BF
570	F47C	0220	C7
570	F47C	0224	C7
570	F47C	0228	C7
570	F47C	022C	C7
570	F47C	0230	CF
570	F47C	0234	CF
570	F47C	0238	CF
570	F47C	023C	CF
570	F47C	0278	1F
570	F47C	02AC	25
570	F47C	02E0	27
570	F47C	0254	2D
570	F47C	0288	2D
570	F47C	02BC	31
570	F47C	02F0	31
570	F47C	0264	35
570	F47C	0298	39
570	F47C	02CC	40
570	D144	0240	F4
570	D144	0274	F4
570	D144	02A8	F4
570	D144	02DC	F4
570	D144	0250	F4
570	D144	0284	F4
570	D144	02B8	F4
570	D144	02EC	F4
570	D144	0260	F4
570	D144	0294	F4
570	D144	02C8	F4
570	D144	02FC	F4
570	D144	0270	F4
570	D144	02A4	F4
570	D144	02D8	F4
570	D144	024C	F4
570	D144	0280	F4
570	D144	02B4	F4
570	D144	02E8	F4
570	D144	025C	F4
570	D144	0290	F4
570	D144	02C4	F4
570	D144	02F8	F4
570	D144	026C	F4
570	D144	02A0	F4
570	D144	02D4	F4
570	D144	0248	F4
570	D144	027C	F4
570	D144	02B0	F4
570	D144	02E4	F4
570	D144	0258	F4
570	D144	028C	F4
570	D144	02C0	F4
570	D144	02F4	F4
570	D144	0268	F4
570	D144	029C	F4
570	D144	02D0	F4
570	D144	0244	F4
571	F47C	0200	B7
571	F47C	0204	B7
571	F47C	0208	B7
571	F47C	020C	B7
571	F47C	0210	BF
571	F47C	0214	BF
571	F47C	0218	BF
571	F47C	021C	BF
571	F47C	0220	C7
571	F47C	0224	C7
571	F47C	0228	C7
571	F47C	022C	C7
571	F47C	0230	CF
571	F47C	0234	CF
571	F47C	0238	CF
571	F47C	023C	CF
571	F47C	02AC	1F
571	F47C	02E0	25
571	F47C	0254	27
571	F47C	0288	2D
571	F47C	02BC	2D
571	F47C	02F0	31
571	F47C	0264	31
571	F47C	0298	35
571	F47C	02CC	39
571	F47C	0240	40
571	D144	0274	F4
571	D144	02A8	F4
571	D144	02DC	F4
571	D144	0250	F4
571	D144	0284	F4
571	D144	02B8	F4
571	D144	02EC	F4
571	D144	0260	F4
571	D144	0294	F4
571	D144	02C8	F4
571	D144	02FC	F4
571	D144	0270	F4
571	D144	02A4	F4
571	D144	02D8	F4
571	D144	024C	F4
571	D144	0280	F4
571	D144	02B4	F4
571	D144	02E8	F4
571	D144	025C	F4
571	D144	0290	F4
571	D144	02C4	F4
571	D144	02F8	F4
571	D144	026C	F4
571	D144	02A0	F4
571	D144	02D4	F4
571	D144	0248	F4
571	D144	027C	F4
571	D144	02B0	F4
571	D144	02E4	F4
571	D144	0258	F4
571	D144	028C	F4
571	D144	02C0	F4
571	D144	02F4	F4
571	D144	0268	F4
571	D144	029C	F4
571	D144	02D0	F4
571	D144	0244	F4
571	D144	0278	F4
572	F47C	0200	B7
572	F47C	0204	B7
572	F47C	0208	B7
572	F47C	020C	B7
572	F47C	0210	BF
572	F47C	0214	BF
572	F47C	0218	BF
572	F47C	021C	BF
572	F47C	0220	C7
572	F47C	0224	C7
572	F47C	0228	C7
572	F47C	022C	C7
572	F47C	0230	CF
572	F47C	0234	CF
572	F47C	0238	CF
572	F47C	023C	CF
572	F47C	02E0	1F
572	F47C	0254	25
572	F47C	0288	27
572	F47C	02BC	2D
572	F47C	02F0	2D
572	F47C	0264	31
572	F47C	0298	31
572	F47C	02CC	35
572	F47C	0240	39
572	F47C	0274	40
572	D144	02A8	F4
572	D144	02DC	F4
572	D144	0250	F4
572	D144	0284	F4
572	D144	02B8	F4
572	D144	02EC	F4
572	D144	0260	F4
572	D144	0294	F4
572	D144	02C8	F4
572	D144	02FC	F4
572	D144	0270	F4
572	D144	02A4	F4
572	D144	02D8	F4
572	D144	024C	F4
572	D144	0280	F4
572	D144	02B4	F4
572	D144	02E8	F4
572	D144	025C	F4
572	D144	0290	F4
572	D144	02C4	F4
572	D144	02F8	F4
572	D144	026C	F4
572	D144	02A0	F4
572	D144	02D4	F4
572	D144	0248	F4
572	D144	027C	F4
572	D144	02B0	F4
572	D144	02E4	F4
572	D144	0258	F4
572	D144	028C	F4
572	D144	02C0	F4
572	D144	02F4	F4
572	D144	0268	F4
572	D144	029C	F4
572	D144	02D0	F4
572	D144	0244	F4
572	D144	0278	F4
572	D144	02AC	F4
573	F47C	0200	B7
573	F47C	0204	B7
573	F47C	0208	B7
573	F47C	020C	B7
573	F47C	0210	BF
573	F47C	0214	BF
573	F47C	0218	BF
573	F47C	021C	BF
573	F47C	0220	C7
573	F47C	0224	C7
573	F47C	0228	C7
573	F47C	022C	C7
573	F47C	0230	CF
573	F47C	0234	CF
573	F47C	0238	CF
573	F47C	023C	CF
573	F47C	0254	1F
573	F47C	0288	25
573	F47C	02BC	27
573	F47C	02F0	2D
573	F47C	0264	2D
573	F47C	0298	31
573	F47C	02CC	31
573	F47C	0240	35
573	F47C	0274	39
573	F47C	02A8	40
573	D144	02DC	F4
573	D144	0250	F4
573	D144	0284	F4
573	D144	02B8	F4
573	D144	02EC	F4
573	D144	0260	F4
573	D144	0294	F4
573	D144	02C8	F4
573	D144	02FC	F4
573	D144	0270	F4
573	D144	02A4	F4
573	D144	02D8	F4
573	D144	024C	F4
573	D144	0280	F4
573	D144	02B4	F4
573	D144	02E8	F4
573	D144	025C	F4
573	D144	0290	F4
573	D144	02C4	F4
573	D144	02F8	F4
573	D144	026C	F4
573	D144	02A0	F4
573	D144	02D4	F4
573	D144	0248	F4
573	D144	027C	F4
573	D144	02B0	F4
573	D144	02E4	F4
573	D144	0258	F4
573	D144	028C	F4
573	D144	02C0	F4
573	D144	02F4	F4
573	D144	0268	F4
573	D144	029C	F4
573	D144	02D0	F4
573	D144	0244	F4
573	D144	0278	F4
573	D144	02AC	F4
573	D144	02E0	F4
574	F47C	0200	B7
574	F47C	0204	B7
574	F47C	0208	B7
574	F47C	020C	B7
574	F47C	0210	BF
574	F47C	0214	BF
574	F47C	0218	BF
574	F47C	021C	BF
574	F47C	0220	C7
574	F47C	0224	C7
574	F47C	0228	C7
574	F47C	022C	C7
574	F47C	0230	CF
574	F47C	0234	CF
574	F47C	0238	CF
574	F47C	023C	CF
574	F47C	0248	1F
574	F47C	027C	25
574	F47C	02B0	27
574	F47C	02E4	2D
574	F47C	0258	2D
574	F47C	028C	31
574	F47C	02C0	31
574	F47C	02F4	35
574	F47C	0268	39
574	F47C	029C	40
574	D144	02D0	F4
574	D144	0244	F4
574	D144	0278	F4
574	D144	02AC	F4
574	D144	02E0	F4
574	D144	0254	F4
574	D144	0288	F4
574	D144	02BC	F4
574	D144	02F0	F4
574	D144	0264	F4
574	D144	0298	F4
574	D144	02CC	F4
574	D144	0240	F4
574	D144	0274	F4
574	D144	02A8	F4
574	D144	02DC	F4
574	D144	0250	F4
574	D144	0284	F4
574	D144	02B8	F4
574	D144	02EC	F4
574	D144	0260	F4
574	D144	0294	F4
574	D144	02C8	F4
574	D144	02FC	F4
574	D144	0270	F4
574	D144	02A4	F4
574	D144	02D8	F4
574	D144	024C	F4
574	D144	0280	F4
574	D144	02B4	F4
574	D144	02E8	F4
574	D144	025C	F4
574	D144	0290	F4
574	D144	02C4	F4
574	D144	02F8	F4
574	D144	026C	F4
574	D144	02A0	F4
574	D144	02D4	F4
575	F47C	0200	B7
575	F47C	0204	B7
575	F47C	0208	B7
575	F47C	020C	B7
575	F47C	0210	BF
575	F47C	0214	BF
575	F47C	0218	BF
575	F47C	021C	BF
575	F47C	0220	C7
575	F47C	0224	C7
575	F47C	0228	C7
575	F47C	022C	C7
575	F47C	0230	CF
575	F47C	0234	CF
575	F47C	0238	CF
575	F47C	023C	CF
575	F47C	027C	1F
575	F47C	02B0	25
575	F47C	02E4	27
575	F47C	0258	2D
575	F47C	028C	2D
575	F47C	02C0	31
575	F47C	02F4	31
575	F47C	0268	35
575	F47C	029C	39
575	F47C	02D0	40
575	D144	0244	F4
575	D144	0278	F4
575	D144	02AC	F4
575	D144	02E0	F4
575	D144	0254	F4
575	D144	0288	F4
575	D144	02BC	F4
575	D144	02F0	F4
575	D144	0264	F4
575	D144	0298	F4
575	D144	02CC	F4
575	D144	0240	F4
575	D144	0274	F4
575	D144	02A8	F4
575	D144	02DC	F4
575	D144	0250	F4
575	D144	0284	F4
575	D144	02B8	F4
575	D144	02EC	F4
575	D144	0260	F4
575	D144	0294	F4
575	D144	02C8	F4
575	D144	02FC	F4
575	D144	0270	F4
575	D144	02A4	F4
575	D144	02D8	F4
575	D144	024C	F4
575	D144	0280	F4
575	D144	02B4	F4
575	D144	02E8	F4
575	D144	025C	F4
575	D144	0290	F4
575	D144	02C4	F4
575	D144	02F8	F4
575	D144	026C	F4
575	D144	02A0	F4
575	D144	02D4	F4
575	D144	0248	F4
576	F47C	0200	B7
576	F47C	0204	B7
576	F47C	0208	B7
576	F47C	020C	B7
576	F47C	0210	BF
576	F47C	0214	BF
576	F47C	0218	BF
576	F47C	021C	BF
576	F47C	0220	C7
576	F47C	0224	C7
576	F47C	0228	C7
576	F47C	022C	C7
576	F47C	0230	CF
576	F47C	0234	CF
576	F47C	0238	CF
576	F47C	023C	CF
576	F47C	02B0	1F
576	F47C	02E4	25
576	F47C	0258	27
576	F47C	028C	2D
576	F47C	02C0	2D
576	F47C	02F4	31
576	F47C	0268	31
576	F47C	029C	35
576	F47C	02D0	39
576	F47C	0244	40
576	D144	0278	F4
576	D144	02AC	F4
576	D144	02E0	F4
576	D144	0254	F4
576	D144	0288	F4
576	D144	02BC	F4
576	D144	02F0	F4
576	D144	0264	F4
576	D144	0298	F4
576	D144	02CC	F4
576	D144	0240	F4
576	D144	0274	F4
576	D144	02A8	F4
576	D144	02DC	F4
576	D144	0250	F4
576	D144	0284	F4
576	D144	02B8	F4
576	D144	02EC	F4
576	D144	0260	F4
576	D144	0294	F4
576	D144	02C8	F4
576	D144	02FC	F4
576	D144	0270	F4
576	D144	02A4	F4
576	D144	02D8	F4
576	D144	024C	F4
576	D144	0280	F4
576	D144	02B4	F4
576	D144	02E8	F4
576	D144	025C	F4
576	D144	0290	F4
576	D144	02C4	F4
576	D144	02F8	F4
576	D144	026C	F4
576	D144	02A0	F4
576	D144	02D4	F4
576	D144	0248	F4
576	D144	027C	F4
577	F47C	0200	B7
577	F47C	0204	B7
577	F47C	0208	B7
577	F47C	020C	B7
577	F47C	0210	BF
577	F47C	0214	BF
577	F47C	0218	BF
577	F47C	021C	BF
577	F47C	0220	C7
577	F47C	0224	C7
577	F47C	0228	C7
577	F47C	022C	C7
577	F47C	0230	CF
577	F47C	0234	CF
577	F47C	0238	CF
577	F47C	023C	CF
577	F47C	02E4	1F
577	F47C	0258	25
577	F47C	028C	27
577	F47C	02C0	2D
577	F47C	02F4	2D
577	F47C	0268	31
577	F47C	029C	31
577	F47C	02D0	35
577	F47C	0244	39
577	F47C	0278	40
577	D144	02AC	F4
577	D144	02E0	F4
577	D144	0254	F4
577	D144	0288	F4
577	D144	02BC	F4
577	D144	02F0	F4
577	D144	0264	F4
577	D144	0298	F4
577	D144	02CC	F4
577	D144	0240	F4
577	D144	0274	F4
577	D144	02A8	F4
577	D144	02DC	F4
577	D144	0250	F4
577	D144	0284	F4
577	D144	02B8	F4
577	D144	02EC	F4
577	D144	0260	F4
577	D144	0294	F4
577	D144	02C8	F4
577	D144	02FC	F4
577	D144	0270	F4
577	D144	02A4	F4
577	D144	02D8	F4
577	D144	024C	F4
577	D144	0280	F4
577	D144	02B4	F4
577	D144	02E8	F4
577	D144	025C	F4
577	D144	0290	F4
577	D144	02C4	F4
577	D144	02F8	F4
577	D144	026C	F4
577	D144	02A0	F4
577	D144	02D4	F4
577	D144	0248	F4
577	D144	027C	F4
577	D144	02B0	F4
578	F47C	0200	B7
578	F47C	0204	B7
578	F47C	0208	B7
578	F47C	020C	B7
578	F47C	0210	BF
578	F47C	0214	BF
578	F47C	0218	BF
578	F47C	021C	BF
578	F47C	0220	C7
578	F47C	0224	C7
578	F47C	0228	C7
578	F47C	022C	C7
578	F47C	0230	CF
578	F47C	0234	CF
578	F47C	0238	CF
578	F47C	023C	CF
578	F47C	0258	1F
578	F47C	028C	25
578	F47C	02C0	27
578	F47C	02F4	2D
578	F47C	0268	2D
578	F47C	029C	31
578	F47C	02D0	31
578	F47C	0244	35
578	F47C	0278	39
578	F47C	02AC	40
578	D144	02E0	F4
578	D144	0254	F4
578	D144	0288	F4
578	D144	02BC	F4
578	D144	02F0	F4
578	D144	0264	F4
578	D144	0298	F4
578	D144	02CC	F4
578	D144	0240	F4
578	D144	0274	F4
578	D144	02A8	F4
578	D144	02DC	F4
578	D144	0250	F4
578	D144	0284	F4
578	D144	02B8	F4
578	D144	02EC	F4
578	D144	0260	F4
578	D144	0294	F4
578	D144	02C8	F4
578	D144	02FC	F4
578	D144	0270	F4
578	D144	02A4	F4
578	D144	02D8	F4
578	D144	024C	F4
578	D144	0280	F4
578	D144	02B4	F4
578	D144	02E8	F4
578	D144	025C	F4
578	D144	0290	F4
578	D144	02C4	F4
578	D144	02F8	F4
578	D144	026C	F4
578	D144	02A0	F4
578	D144	02D4	F4
578	D144	0248	F4
578	D144	027C	F4
578	D144	02B0	F4
578	D144	02E4	F4
579	F47C	0200	B7
579	F47C	0204	B7
579	F47C	0208	B7
579	F47C	020C	B7
579	F47C	0210	BF
579	F47C	0214	BF
579	F47C	0218	BF
579	F47C	021C	BF
579	F47C	0220	C7
579	F47C	0224	C7
579	F47C	0228	C7
579	F47C	022C	C7
579	F47C	0230	CF
579	F47C	0234	CF
579	F47C	0238	CF
579	F47C	023C	CF
579	F47C	024C	1F
579	F47C	0280	25
579	F47C	02B4	27
579	F47C	02E8	2D
579	F47C	025C	2D
579	F47C	0290	31
579	F47C	02C4	31
579	F47C	02F8	35
579	F47C	026C	39
579	F47C	02A0	40
579	D144	02D4	F4
579	D144	0248	F4
579	D144	027C	F4
579	D144	02B0	F4
579	D144	02E4	F4
579	D144	0258	F4
579	D144	028C	F4
579	D144	02C0	F4
579	D144	02F4	F4
579	D144	0268	F4
579	D144	029C	F4
579	D144	02D0	F4
579	D144	0244	F4
579	D144	0278	F4
579	D144	02AC	F4
579	D144	02E0	F4
579	D144	0254	F4
579	D144	0288	F4
579	D144	02BC	F4
579	D144	02F0	F4
579	D144	0264	F4
579	D144	0298	F4
579	D144	02CC	F4
579	D144	0240	F4
579	D144	0274	F4
579	D144	02A8	F4
579	D144	02DC	F4
579	D144	0250	F4
579	D144	0284	F4
579	D144	02B8	F4
579	D144	02EC	F4
579	D144	0260	F4
579	D144	0294	F4
579	D144	02C8	F4
579	D144	02FC	F4
579	D144	0270	F4
579	D144	02A4	F4
579	D144	02D8	F4
580	F47C	0200	B7
580	F47C	0204	B7
580	F47C	0208	B7
580	F47C	020C	B7
580	F47C	0210	BF
580	F47C	0214	BF
580	F47C	0218	BF
580	F47C	021C	BF
580	F47C	0220	C7
580	F47C	0224	C7
580	F47C	0228	C7
580	F47C	022C	C7
580	F47C	0230	CF
580	F47C	0234	CF
580	F47C	0238	CF
580	F47C	023C	CF
580	F47C	0280	1F
580	F47C	02B4	25
580	F47C	02E8	27
580	F47C	025C	2D
580	F47C	0290	2D
580	F47C	02C4	31
580	F47C	02F8	31
580	F47C	026C	35
580	F47C	02A0	39
580	F47C	02D4	40
580	D144	0248	F4
580	D144	027C	F4
580	D144	02B0	F4
580	D144	02E4	F4
580	D144	0258	F4
580	D144	028C	F4
580	D144	02C0	F4
580	D144	02F4	F4
580	D144	0268	F4
580	D144	029C	F4
580	D144	02D0	F4
580	D144	0244	F4
580	D144	0278	F4
580	D144	02AC	F4
580	D144	02E0	F4
580	D144	0254	F4
580	D144	0288	F4
580	D144	02BC	F4
580	D144	02F0	F4
580	D144	0264	F4
580	D144	0298	F4
580	D144	02CC	F4
580	D144	0240	F4
580	D144	0274	F4
580	D144	02A8	F4
580	D144	02DC	F4
580	D144	0250	F4
580	D144	0284	F4
580	D144	02B8	F4
580	D144	02EC	F4
580	D144	0260	F4
580	D144	0294	F4
580	D144	02C8	F4
580	D144	02FC	F4
580	D144	0270	F4
580	D144	02A4	F4
580	D144	02D8	F4
580	D144	024C	F4
581	F47C	0200	B7
581	F47C	0204	B7
581	F47C	0208	B7
581	F47C	020C	B7
581	F47C	0210	BF
581	F47C	0214	BF
581	F47C	0218	BF
581	F47C	021C	BF
581	F47C	0220	C7
581	F47C	0224	C7
581	F47C	0228	C7
581	F47C	022C	C7
581	F47C	0230	CF
581	F47C	0234	CF
581	F47C	0238	CF
581	F47C	023C	CF
581	F47C	02B4	1F
581	F47C	02E8	25
581	F47C	025C	27
581	F47C	0290	2D
581	F47C	02C4	2D
581	F47C	02F8	31
581	F47C	026C	31
581	F47C	02A0	35
581	F47C	02D4	39
581	F47C	0248	40
581	D144	027C	F4
581	D144	02B0	F4
581	D144	02E4	F4
581	D144	0258	F4
581	D144	028C	F4
581	D144	02C0	F4
581	D144	02F4	F4
581	D144	0268	F4
581	D144	029C	F4
581	D144	02D0	F4
581	D144	0244	F4
581	D144	0278	F4
581	D144	02AC	F4
581	D144	02E0	F4
581	D144	0254	F4
581	D144	0288	F4
581	D144	02BC	F4
581	D144	02F0	F4
581	D144	0264	F4
581	D144	0298	F4
581	D144	02CC	F4
581	D144	0240	F4
581	D144	0274	F4
581	D144	02A8	F4
581	D144	02DC	F4
581	D144	0250	F4
581	D144	0284	F4
581	D144	02B8	F4
581	D144	02EC	F4
581	D144	0260	F4
581	D144	0294	F4
581	D144	02C8	F4
581	D144	02FC	F4
581	D144	0270	F4
581	D144	02A4	F4
581	D144	02D8	F4
581	D144	024C	F4
581	D144	0280	F4
582	F47C	0200	B7
582	F47C	0204	B7
582	F47C	0208	B7
582	F47C	020C	B7
582	F47C	0210	BF
582	F47C	0214	BF
582	F47C	0218	BF
582	F47C	021C	BF
582	F47C	0220	C7
582	F47C	0224	C7
582	F47C	0228	C7
582	F47C	022C	C7
582	F47C	0230	CF
582	F47C	0234	CF
582	F47C	0238	CF
582	F47C	023C	CF
582	F47C	02E8	1F
582	F47C	025C	25
582	F47C	0290	27
582	F47C	02C4	2D
582	F47C	02F8	2D
582	F47C	026C	31
582	F47C	02A0	31
582	F47C	02D4	35
582	F47C	0248	39
582	F47C	027C	40
582	D144	02B0	F4
582	D144	02E4	F4
582	D144	0258	F4
582	D144	028C	F4
582	D144	02C0	F4
582	D144	02F4	F4
582	D144	0268	F4
582	D144	029C	F4
582	D144	02D0	F4
582	D144	0244	F4
582	D144	0278	F4
582	D144	02AC	F4
582	D144	02E0	F4
582	D144	0254	F4
582	D144	0288	F4
582	D144	02BC	F4
582	D144	02F0	F4
582	D144	0264	F4
582	D144	0298	F4
582	D144	02CC	F4
582	D144	0240	F4
582	D144	0274	F4
582	D144	02A8	F4
582	D144	02DC	F4
582	D144	0250	F4
582	D144	0284	F4
582	D144	02B8	F4
582	D144	02EC	F4
582	D144	0260	F4
582	D144	0294	F4
582	D144	02C8	F4
582	D144	02FC	F4
582	D144	0270	F4
582	D144	02A4	F4
582	D144	02D8	F4
582	D144	024C	F4
582	D144	0280	F4
582	D144	02B4	F4
583	F47C	0200	B7
583	F47C	0204	B7
583	F47C	0208	B7
583	F47C	020C	B7
583	F47C	0210	BF
583	F47C	0214	BF
583	F47C	0218	BF
583	F47C	021C	BF
583	F47C	0220	C7
583	F47C	0224	C7
583	F47C	0228	C7
583	F47C	022C	C7
583	F47C	0230	CF
583	F47C	0234	CF
583	F47C	0238	CF
583	F47C	023C	CF
583	F47C	025C	1F
583	F47C	0290	25
583	F47C	02C4	27
583	F47C	02F8	2D
583	F47C	026C	2D
583	F47C	02A0	31
583	F47C	02D4	31
583	F47C	0248	35
583	F47C	027C	39
583	F47C	02B0	40
583	D144	02E4	F4
583	D144	0258	F4
583	D144	028C	F4
583	D144	02C0	F4
583	D144	02F4	F4
583	D144	0268	F4
583	D144	029C	F4
583	D144	02D0	F4
583	D144	0244	F4
583	D144	0278	F4
583	D144	02AC	F4
583	D144	02E0	F4
583	D144	0254	F4
583	D144	0288	F4
583	D144	02BC	F4
583	D144	02F0	F4
583	D144	0264	F4
583	D144	0298	F4
583	D144	02CC	F4
583	D144	0240	F4
583	D144	0274	F4
583	D144	02A8	F4
583	D144	02DC	F4
583	D144	0250	F4
583	D144	0284	F4
583	D144	02B8	F4
583	D144	02EC	F4
583	D144	0260	F4
583	D144	0294	F4
583	D144	02C8	F4
583	D144	02FC	F4
583	D144	0270	F4
583	D144	02A4	F4
583	D144	02D8	F4
583	D144	024C	F4
583	D144	0280	F4
583	D144	02B4	F4
583	D144	02E8	F4
584	F47C	0200	B7
584	F47C	0204	B7
584	F47C	0208	B7
584	F47C	020C	B7
584	F47C	0210	BF
584	F47C	0214	BF
584	F47C	0218	BF
584	F47C	021C	BF
584	F47C	0220	C7
584	F47C	0224	C7
584	F47C	0228	C7
584	F47C	022C	C7
584	F47C	0230	CF
584	F47C	0234	CF
584	F47C	0238	CF
584	F47C	023C	CF
584	F47C	0250	1F
584	F47C	0284	25
584	F47C	02B8	27
584	F47C	02EC	2D
584	F47C	0260	2D
584	F47C	0294	31
584	F47C	02C8	31
584	F47C	02FC	35
584	F47C	0270	39
584	F47C	02A4	40
584	D144	02D8	F4
584	D144	024C	F4
584	D144	0280	F4
584	D144	02B4	F4
584	D144	02E8	F4
584	D144	025C	F4
584	D144	0290	F4
584	D144	02C4	F4
584	D144	02F8	F4
584	D144	026C	F4
584	D144	02A0	F4
584	D144	02D4	F4
584	D144	0248	F4
584	D144	027C	F4
584	D144	02B0	F4
584	D144	02E4	F4
584	D144	0258	F4
584	D144	028C	F4
584	D144	02C0	F4
584	D144	02F4	F4
584	D144	0268	F4
584	D144	029C	F4
584	D144	02D0	F4
584	D144	0244	F4
584	D144	0278	F4
584	D144	02AC	F4
584	D144	02E0	F4
584	D144	0254	F4
584	D144	0288	F4
584	D144	02BC	F4
584	D144	02F0	F4
584	D144	0264	F4
584	D144	0298	F4
584	D144	02CC	F4
584	D144	0240	F4
584	D144	0274	F4
584	D144	02A8	F4
584	D144	02DC	F4
585	F47C	0200	B7
585	F47C	0204	B7
585	F47C	0208	B7
585	F47C	020C	B7
585	F47C	0210	BF
585	F47C	0214	BF
585	F47C	0218	BF
585	F47C	021C	BF
585	F47C	0220	C7
585	F47C	0224	C7
585	F47C	0228	C7
585	F47C	022C	C7
585	F47C	0230	CF
585	F47C	0234	CF
585	F47C	0238	CF
585	F47C	023C	CF
585	F47C	0284	1F
585	F47C	02B8	25
585	F47C	02EC	27
585	F47C	0260	2D
585	F47C	0294	2D
585	F47C	02C8	31
585	F47C	02FC	31
585	F47C	0270	35
585	F47C	02A4	39
585	F47C	02D8	40
585	D144	024C	F4
585	D144	0280	F4
585	D144	02B4	F4
585	D144	02E8	F4
585	D144	025C	F4
585	D144	0290	F4
585	D144	02C4	F4
585	D144	02F8	F4
585	D144	026C	F4
585	D144	02A0	F4
585	D144	02D4	F4
585	D144	0248	F4
585	D144	027C	F4
585	D144	02B0	F4
585	D144	02E4	F4
585	D144	0258	F4
585	D144	028C	F4
585	D144	02C0	F4
585	D144	02F4	F4
585	D144	0268	F4
585	D144	029C	F4
585	D144	02D0	F4
585	D144	0244	F4
585	D144	0278	F4
585	D144	02AC	F4
585	D144	02E0	F4
585	D144	0254	F4
585	D144	0288	F4
585	D144	02BC	F4
585	D144	02F0	F4
585	D144	0264	F4
585	D144	0298	F4
585	D144	02CC	F4
585	D144	0240	F4
585	D144	0274	F4
585	D144	02A8	F4
585	D144	02DC	F4
585	D144	0250	F4
586	F47C	0200	B7
586	F47C	0204	B7
586	F47C	0208	B7
586	F47C	020C	B7
586	F47C	0210	BF
586	F47C	0214	BF
586	F47C	0218	BF
586	F47C	021C	BF
586	F47C	0220	C7
586	F47C	0224	C7
586	F47C	0228	C7
586	F47C	022C	C7
586	F47C	0230	CF
586	F47C	0234	CF
586	F47C	0238	CF
586	F47C	023C	CF
586	F47C	02B8	1F
586	F47C	02EC	25
586	F47C	0260	27
586	F47C	0294	2D
586	F47C	02C8	2D
586	F47C	02FC	31
586	F47C	0270	31
586	F47C	02A4	35
586	F47C	02D8	39
586	F47C	024C	40
586	D144	0280	F4
586	D144	02B4	F4
586	D144	02E8	F4
586	D144	025C	F4
586	D144	0290	F4
586	D144	02C4	F4
586	D144	02F8	F4
586	D144	026C	F4
586	D144	02A0	F4
586	D144	02D4	F4
586	D144	0248	F4
586	D144	027C	F4
586	D144	02B0	F4
586	D144	02E4	F4
586	D144	0258	F4
586	D144	028C	F4
586	D144	02C0	F4
586	D144	02F4	F4
586	D144	0268	F4
586	D144	029C	F4
586	D144	02D0	F4
586	D144	0244	F4
586	D144	0278	F4
586	D144	02AC	F4
586	D144	02E0	F4
586	D144	0254	F4
586	D144	0288	F4
586	D144	02BC	F4
586	D144	02F0	F4
586	D144	0264	F4
586	D144	0298	F4
586	D144	02CC	F4
586	D144	0240	F4
586	D144	0274	F4
586	D144	02A8	F4
586	D144	02DC	F4
586	D144	0250	F4
586	D144	0284	F4
587	F47C	0200	B7
587	F47C	0204	B7
587	F47C	0208	B7
587	F47C	020C	B7
587	F47C	0210	BF
587	F47C	0214	BF
587	F47C	0218	BF
587	F47C	021C	BF
587	F47C	0220	C7
587	F47C	0224	C7
587	F47C	0228	C7
587	F47C	022C	C7
587	F47C	0230	CF
587	F47C	0234	CF
587	F47C	0238	CF
587	F47C	023C	CF
587	F47C	02EC	1F
587	F47C	0260	25
587	F47C	0294	27
587	F47C	02C8	2D
587	F47C	02FC	2D
587	F47C	0270	31
587	F47C	02A4	31
587	F47C	02D8	35
587	F47C	024C	39
587	F47C	0280	40
587	D144	02B4	F4
587	D144	02E8	F4
587	D144	025C	F4
587	D144	0290	F4
587	D144	02C4	F4
587	D144	02F8	F4
587	D144	026C	F4
587	D144	02A0	F4
587	D144	02D4	F4
587	D144	0248	F4
587	D144	027C	F4
587	D144	02B0	F4
587	D144	02E4	F4
587	D144	0258	F4
587	D144	028C	F4
587	D144	02C0	F4
587	D144	02F4	F4
587	D144	0268	F4
587	D144	029C	F4
587	D144	02D0	F4
587	D144	0244	F4
587	D144	0278	F4
587	D144	02AC	F4
587	D144	02E0	F4
587	D144	0254	F4
587	D144	0288	F4
587	D144	02BC	F4
587	D144	02F0	F4
587	D144	0264	F4
587	D144	0298	F4
587	D144	02CC	F4
587	D144	0240	F4
587	D144	0274	F4
587	D144	02A8	F4
587	D144	02DC	F4
587	D144	0250	F4
587	D144	0284	F4
587	D144	02B8	F4
588	F47C	0200	B7
588	F47C	0204	B7
588	F47C	0208	B7
588	F47C	020C	B7
588	F47C	0210	BF
588	F47C	0214	BF
588	F47C	0218	BF
588	F47C	021C	BF
588	F47C	0220	C7
588	F47C	0224	C7
588	F47C	0228	C7
588	F47C	022C	C7
588	F47C	0230	CF
588	F47C	0234	CF
588	F47C	0238	CF
588	F47C	023C	CF
588	F47C	0260	1F
588	F47C	0294	25
588	F47C	02C8	27
588	F47C	02FC	2D
588	F47C	0270	2D
588	F47C	02A4	31
588	F47C	02D8	31
588	F47C	024C	35
588	F47C	0280	39
588	F47C	02B4	40
588	D144	02E8	F4
588	D144	025C	F4
588	D144	0290	F4
588	D144	02C4	F4
588	D144	02F8	F4
588	D144	026C	F4
588	D144	02A0	F4
588	D144	02D4	F4
588	D144	0248	F4
588	D144	027C	F4
588	D144	02B0	F4
588	D144	02E4	F4
588	D144	0258	F4
588	D144	028C	F4
588	D144	02C0	F4
588	D144	02F4	F4
588	D144	0268	F4
588	D144	029C	F4
588	D144	02D0	F4
588	D144	0244	F4
588	D144	0278	F4
588	D144	02AC	F4
588	D144	02E0	F4
588	D144	0254	F4
588	D144	0288	F4
588	D144	02BC	F4
588	D144	02F0	F4
588	D144	0264	F4
588	D144	0298	F4
588	D144	02CC	F4
588	D144	0240	F4
588	D144	0274	F4
588	D144	02A8	F4
588	D144	02DC	F4
588	D144	0250	F4
588	D144	0284	F4
588	D144	02B8	F4
588	D144	02EC	F4
589	F47C	0200	B7
589	F47C	0204	B7
589	F47C	0208	B7
589	F47C	020C	B7
589	F47C	0210	BF
589	F47C	0214	BF
589	F47C	0218	BF
589	F47C	021C	BF
589	F47C	0220	C7
589	F47C	0224	C7
589	F47C	0228	C7
589	F47C	022C	C7
589	F47C	0230	CF
589	F47C	0234	CF
589	F47C	0238	CF
589	F47C	023C	CF
589	F47C	0254	1F
589	F47C	0288	25
589	F47C	02BC	27
589	F47C	02F0	2D
589	F47C	0264	2D
589	F47C	0298	31
589	F47C	02CC	31
589	F47C	0240	35
589	F47C	0274	39
589	F47C	02A8	40
589	D144	02DC	F4
589	D144	0250	F4
589	D144	0284	F4
589	D144	02B8	F4
589	D144	02EC	F4
589	D144	0260	F4
589	D144	0294	F4
589	D144	02C8	F4
589	D144	02FC	F4
589	D144	0270	F4
589	D144	02A4	F4
589	D144	02D8	F4
589	D144	024C	F4
589	D144	0280	F4
589	D144	02B4	F4
589	D144	02E8	F4
589	D144	025C	F4
589	D144	0290	F4
589	D144	02C4	F4
589	D144	02F8	F4
589	D144	026C	F4
589	D144	02A0	F4
589	D144	02D4	F4
589	D144	0248	F4
589	D144	027C	F4
589	D144	02B0	F4
589	D144	02E4	F4
589	D144	0258	F4
589	D144	028C	F4
589	D144	02C0	F4
589	D144	02F4	F4
589	D144	0268	F4
589	D144	029C	F4
589	D144	02D0	F4
589	D144	0244	F4
589	D144	0278	F4
589	D144	02AC	F4
589	D144	02E0	F4
590	F47C	0200	B7
590	F47C	0204	B7
590	F47C	0208	B7
590	F47C	020C	B7
590	F47C	0210	BF
590	F47C	0214	BF
590	F47C	0218	BF
590	F47C	021C	BF
590	F47C	0220	C7
590	F47C	0224	C7
590	F47C	0228	C7
590	F47C	022C	C7
590	F47C	0230	CF
590	F47C	0234	CF
590	F47C	0238	CF
590	F47C	023C	CF
590	F47C	0288	1F
590	F47C	02BC	25
590	F47C	02F0	27
590	F47C	0264	2D
590	F47C	0298	2D
590	F47C	02CC	31
590	F47C	0240	31
590	F47C	0274	35
590	F47C	02A8	39
590	F47C	02DC	40
590	D144	0250	F4
590	D144	0284	F4
590	D144	02B8	F4
590	D144	02EC	F4
590	D144	0260	F4
590	D144	0294	F4
590	D144	02C8	F4
590	D144	02FC	F4
590	D144	0270	F4
590	D144	02A4	F4
590	D144	02D8	F4
590	D144	024C	F4
590	D144	0280	F4
590	D144	02B4	F4
590	D144	02E8	F4
590	D144	025C	F4
590	D144	0290	F4
590	D144	02C4	F4
590	D144	02F8	F4
590	D144	026C	F4
590	D144	02A0	F4
590	D144	02D4	F4
590	D144	0248	F4
590	D144	027C	F4
590	D144	02B0	F4
590	D144	02E4	F4
590	D144	0258	F4
590	D144	028C	F4
590	D144	02C0	F4
590	D144	02F4	F4
590	D144	0268	F4
590	D144	029C	F4
590	D144	02D0	F4
590	D144	0244	F4
590	D144	0278	F4
590	D144	02AC	F4
590	D144	02E0	F4
590	D144	0254	F4
591	F47C	0200	B7
591	F47C	0204	B7
591	F47C	0208	B7
591	F47C	020C	B7
591	F47C	0210	BF
591	F47C	0214	BF
591	F47C	0218	BF
591	F47C	021C	BF
591	F47C	0220	C7
591	F47C	0224	C7
591	F47C	0228	C7
591	F47C	022C	C7
591	F47C	0230	CF
591	F47C	0234	CF
591	F47C	0238	CF
591	F47C	023C	CF
591	F47C	02BC	1F
591	F47C	02F0	25
591	F47C	0264	27
591	F47C	0298	2D
591	F47C	02CC	2D
591	F47C	0240	31
591	F47C	0274	31
591	F47C	02A8	35
591	F47C	02DC	39
591	F47C	0250	40
591	D144	0284	F4
591	D144	02B8	F4
591	D144	02EC	F4
591	D144	0260	F4
591	D144	0294	F4
591	D144	02C8	F4
591	D144	02FC	F4
591	D144	0270	F4
591	D144	02A4	F4
591	D144	02D8	F4
591	D144	024C	F4
591	D144	0280	F4
591	D144	02B4	F4
591	D144	02E8	F4
591	D144	025C	F4
591	D144	0290	F4
591	D144	02C4	F4
591	D144	02F8	F4
591	D144	026C	F4
591	D144	02A0	F4
591	D144	02D4	F4
591	D144	0248	F4
591	D144	027C	F4
591	D144	02B0	F4
591	D144	02E4	F4
591	D144	0258	F4
591	D144	028C	F4
591	D144	02C0	F4
591	D144	02F4	F4
591	D144	0268	F4
591	D144	029C	F4
591	D144	02D0	F4
591	D144	0244	F4
591	D144	0278	F4
591	D144	02AC	F4
591	D144	02E0	F4
591	D144	0254	F4
591	D144	0288	F4
592	F47C	0200	B7
592	F47C	0204	B7
592	F47C	0208	B7
592	F47C	020C	B7
592	F47C	0210	BF
592	F47C	0214	BF
592	F47C	0218	BF
592	F47C	021C	BF
592	F47C	0220	C7
592	F47C	0224	C7
592	F47C	0228	C7
592	F47C	022C	C7
592	F47C	0230	CF
592	F47C	0234	CF
592	F47C	0238	CF
592	F47C	023C	CF
592	F47C	02F0	1F
592	F47C	0264	25
592	F47C	0298	27
592	F47C	02CC	2D
592	F47C	0240	2D
592	F47C	0274	31
592	F47C	02A8	31
592	F47C	02DC	35
592	F47C	0250	39
592	F47C	0284	40
592	D144	02B8	F4
592	D144	02EC	F4
592	D144	0260	F4
592	D144	0294	F4
592	D144	02C8	F4
592	D144	02FC	F4
592	D144	0270	F4
592	D144	02A4	F4
592	D144	02D8	F4
592	D144	024C	F4
592	D144	0280	F4
592	D144	02B4	F4
592	D144	02E8	F4
592	D144	025C	F4
592	D144	0290	F4
592	D144	02C4	F4
592	D144	02F8	F4
592	D144	026C	F4
592	D144	02A0	F4
592	D144	02D4	F4
592	D144	0248	F4
592	D144	027C	F4
592	D144	02B0	F4
592	D144	02E4	F4
592	D144	0258	F4
592	D144	028C	F4
592	D144	02C0	F4
592	D144	02F4	F4
592	D144	0268	F4
592	D144	029C	F4
592	D144	02D0	F4
592	D144	0244	F4
592	D144	0278	F4
592	D144	02AC	F4
592	D144	02E0	F4
592	D144	0254	F4
592	D144	0288	F4
592	D144	02BC	F4
593	F47C	0200	B7
593	F47C	0204	B7
593	F47C	0208	B7
593	F47C	020C	B7
593	F47C	0210	BF
593	F47C	0214	BF
593	F47C	0218	BF
593	F47C	021C	BF
593	F47C	0220	C7
593	F47C	0224	C7
593	F47C	0228	C7
593	F47C	022C	C7
593	F47C	0230	CF
593	F47C	0234	CF
593	F47C	0238	CF
593	F47C	023C	CF
593	F47C	0264	1F
593	F47C	0298	25
593	F47C	02CC	27
593	F47C	0240	2D
593	F47C	0274	2D
593	F47C	02A8	31
593	F47C	02DC	31
593	F47C	0250	35
593	F47C	0284	39
593	F47C	02B8	40
593	D144	02EC	F4
593	D144	0260	F4
593	D144	0294	F4
593	D144	02C8	F4
593	D144	02FC	F4
593	D144	0270	F4
593	D144	02A4	F4
593	D144	02D8	F4
593	D144	024C	F4
593	D144	0280	F4
593	D144	02B4	F4
593	D144	02E8	F4
593	D144	025C	F4
593	D144	0290	F4
593	D144	02C4	F4
593	D144	02F8	F4
593	D144	026C	F4
593	D144	02A0	F4
593	D144	02D4	F4
593	D144	0248	F4
593	D144	027C	F4
593	D144	02B0	F4
593	D144	02E4	F4
593	D144	0258	F4
593	D144	028C	F4
593	D144	02C0	F4
593	D144	02F4	F4
593	D144	0268	F4
593	D144	029C	F4
593	D144	02D0	F4
593	D144	0244	F4
593	D144	0278	F4
593	D144	02AC	F4
593	D144	02E0	F4
593	D144	0254	F4
593	D144	0288	F4
593	D144	02BC	F4
593	D144	02F0	F4
594	F47C	0200	B7
594	F47C	0204	B7
594	F47C	0208	B7
594	F47C	020C	B7
594	F47C	0210	BF
594	F47C	0214	BF
594	F47C	0218	BF
594	F47C	021C	BF
594	F47C	0220	C7
594	F47C	0224	C7
594	F47C	0228	C7
594	F47C	022C	C7
594	F47C	0230	CF
594	F47C	0234	CF
594	F47C	0238	CF
594	F47C	023C	CF
594	F47C	0258	1F
594	F47C	028C	25
594	F47C	02C0	27
594	F47C	02F4	2D
594	F47C	0268	2D
594	F47C	029C	31
594	F47C	02D0	31
594	F47C	0244	35
594	F47C	0278	39
594	F47C	02AC	40
594	D144	02E0	F4
594	D144	0254	F4
594	D144	0288	F4
594	D144	02BC	F4
594	D144	02F0	F4
594	D144	0264	F4
594	D144	0298	F4
594	D144	02CC	F4
594	D144	0240	F4
594	D144	0274	F4
594	D144	02A8	F4
594	D144	02DC	F4
594	D144	0250	F4
594	D144	0284	F4
594	D144	02B8	F4
594	D144	02EC	F4
594	D144	0260	F4
594	D144	0294	F4
594	D144	02C8	F4
594	D144	02FC	F4
594	D144	0270	F4
594	D144	02A4	F4
594	D144	02D8	F4
594	D144	024C	F4
594	D144	0280	F4
594	D144	02B4	F4
594	D144	02E8	F4
594	D144	025C	F4
594	D144	0290	F4
594	D144	02C4	F4
594	D144	02F8	F4
594	D144	026C	F4
594	D144	02A0	F4
594	D144	02D4	F4
594	D144	0248	F4
594	D144	027C	F4
594	D144	02B0	F4
594	D144	02E4	F4
595	F47C	0200	B7
595	F47C	0204	B7
595	F47C	0208	B7
595	F47C	020C	B7
595	F47C	0210	BF
595	F47C	0214	BF
595	F47C	0218	BF
595	F47C	021C	BF
595	F47C	0220	C7
595	F47C	0224	C7
595	F47C	0228	C7
595	F47C	022C	C7
595	F47C	0230	CF
595	F47C	0234	CF
595	F47C	0238	CF
595	F47C	023C	CF
595	F47C	028C	1F
595	F47C	02C0	25
595	F47C	02F4	27
595	F47C	0268	2D
595	F47C	029C	2D
595	F47C	02D0	31
595	F47C	0244	31
595	F47C	0278	35
595	F47C	02AC	39
595	F47C	02E0	40
595	D144	0254	F4
595	D144	0288	F4
595	D144	02BC	F4
595	D144	02F0	F4
595	D144	0264	F4
595	D144	0298	F4
595	D144	02CC	F4
595	D144	0240	F4
595	D144	0274	F4
595	D144	02A8	F4
595	D144	02DC	F4
595	D144	0250	F4
595	D144	0284	F4
595	D144	02B8	F4
595	D144	02EC	F4
595	D144	0260	F4
595	D144	0294	F4
595	D144	02C8	F4
595	D144	02FC	F4
595	D144	0270	F4
595	D144	02A4	F4
595	D144	02D8	F4
595	D144	024C	F4
595	D144	0280	F4
595	D144	02B4	F4
595	D144	02E8	F4
595	D144	025C	F4
595	D144	0290	F4
595	D144	02C4	F4
595	D144	02F8	F4
595	D144	026C	F4
595	D144	02A0	F4
595	D144	02D4	F4
595	D144	0248	F4
595	D144	027C	F4
595	D144	02B0	F4
595	D144	02E4	F4
595	D144	0258	F4
596	F47C	0200	B7
596	F47C	0204	B7
596	F47C	0208	B7
596	F47C	020C	B7
596	F47C	0210	BF
596	F47C	0214	BF
596	F47C	0218	BF
596	F47C	021C	BF
596	F47C	0220	C7
596	F47C	0224	C7
596	F47C	0228	C7
596	F47C	022C	C7
596	F47C	0230	CF
596	F47C	0234	CF
596	F47C	0238	CF
596	F47C	023C	CF
596	F47C	02C0	1F
596	F47C	02F4	25
596	F47C	0268	27
596	F47C	029C	2D
596	F47C	02D0	2D
596	F47C	0244	31
596	F47C	0278	31
596	F47C	02AC	35
596	F47C	02E0	39
596	F47C	0254	40
596	D144	0288	F4
596	D144	02BC	F4
596	D144	02F0	F4
596	D144	0264	F4
596	D144	0298	F4
596	D144	02CC	F4
596	D144	0240	F4
596	D144	0274	F4
596	D144	02A8	F4
596	D144	02DC	F4
596	D144	0250	F4
596	D144	0284	F4
596	D144	02B8	F4
596	D144	02EC	F4
596	D144	0260	F4
596	D144	0294	F4
596	D144	02C8	F4
596	D144	02FC	F4
596	D144	0270	F4
596	D144	02A4	F4
596	D144	02D8	F4
596	D144	024C	F4
596	D144	0280	F4
596	D144	02B4	F4
596	D144	02E8	F4
596	D144	025C	F4
596	D144	0290	F4
596	D144	02C4	F4
596	D144	02F8	F4
596	D144	026C	F4
596	D144	02A0	F4
596	D144	02D4	F4
596	D144	0248	F4
596	D144	027C	F4
596	D144	02B0	F4
596	D144	02E4	F4
596	D144	0258	F4
596	D144	028C	F4
597	F47C	0200	B7
597	F47C	0204	B7
597	F47C	0208	B7
597	F47C	020C	B7
597	F47C	0210	BF
597	F47C	0214	BF
597	F47C	0218	BF
597	F47C	021C	BF
597	F47C	0220	C7
597	F47C	0224	C7
597	F47C	0228	C7
597	F47C	022C	C7
597	F47C	0230	CF
597	F47C	0234	CF
597	F47C	0238	CF
597	F47C	023C	CF
597	F47C	02F4	1F
597	F47C	0268	25
597	F47C	029C	27
597	F47C	02D0	2D
597	F47C	0244	2D
597	F47C	0278	31
597	F47C	02AC	31
597	F47C	02E0	35
597	F47C	0254	39
597	F47C	0288	40
597	D144	02BC	F4
597	D144	02F0	F4
597	D144	0264	F4
597	D144	0298	F4
597	D144	02CC	F4
597	D144	0240	F4
597	D144	0274	F4
597	D144	02A8	F4
597	D144	02DC	F4
597	D144	0250	F4
597	D144	0284	F4
597	D144	02B8	F4
597	D144	02EC	F4
597	D144	0260	F4
597	D144	0294	F4
597	D144	02C8	F4
597	D144	02FC	F4
597	D144	0270	F4
597	D144	02A4	F4
597	D144	02D8	F4
597	D144	024C	F4
597	D144	0280	F4
597	D144	02B4	F4
597	D144	02E8	F4
597	D144	025C	F4
597	D144	0290	F4
597	D144	02C4	F4
597	D144	02F8	F4
597	D144	026C	F4
597	D144	02A0	F4
597	D144	02D4	F4
597	D144	0248	F4
597	D144	027C	F4
597	D144	02B0	F4
597	D144	02E4	F4
597	D144	0258	F4
597	D144	028C	F4
597	D144	02C0	F4
598	F47C	0200	B7
598	F47C	0204	B7
598	F47C	0208	B7
598	F47C	020C	B7
598	F47C	0210	BF
598	F47C	0214	BF
598	F47C	0218	BF
598	F47C	021C	BF
598	F47C	0220	C7
598	F47C	0224	C7
598	F47C	0228	C7
598	F47C	022C	C7
598	F47C	0230	CF
598	F47C	0234	CF
598	F47C	0238	CF
598	F47C	023C	CF
598	F47C	0268	1F
598	F47C	029C	25
598	F47C	02D0	27
598	F47C	0244	2D
598	F47C	0278	2D
598	F47C	02AC	31
598	F47C	02E0	31
598	F47C	0254	35
598	F47C	0288	39
598	F47C	02BC	40
598	D144	02F0	F4
598	D144	0264	F4
598	D144	0298	F4
598	D144	02CC	F4
598	D144	0240	F4
598	D144	0274	F4
598	D144	02A8	F4
598	D144	02DC	F4
598	D144	0250	F4
598	D144	0284	F4
598	D144	02B8	F4
598	D144	02EC	F4
598	D144	0260	F4
598	D144	0294	F4
598	D144	02C8	F4
598	D144	02FC	F4
598	D144	0270	F4
598	D144	02A4	F4
598	D144	02D8	F4
598	D144	024C	F4
598	D144	0280	F4
598	D144	02B4	F4
598	D144	02E8	F4
598	D144	025C	F4
598	D144	0290	F4
598	D144	02C4	F4
598	D144	02F8	F4
598	D144	026C	F4
598	D144	02A0	F4
598	D144	02D4	F4
598	D144	0248	F4
598	D144	027C	F4
598	D144	02B0	F4
598	D144	02E4	F4
598	D144	0258	F4
598	D144	028C	F4
598	D144	02C0	F4
598	D144	02F4	F4
599	F47C	0200	B7
599	F47C	0204	B7
599	F47C	0208	B7
599	F47C	020C	B7
599	F47C	0210	BF
599	F47C	0214	BF
599	F47C	0218	BF
599	F47C	021C	BF
599	F47C	0220	C7
599	F47C	0224	C7
599	F47C	0228	C7
599	F47C	022C	C7
599	F47C	0230	CF
599	F47C	0234	CF
599	F47C	0238	CF
599	F47C	023C	CF
599	F47C	025C	1F
599	F47C	0290	25
599	F47C	02C4	27
599	F47C	02F8	2D
599	F47C	026C	2D
599	F47C	02A0	31
599	F47C	02D4	31
599	F47C	0248	35
599	F47C	027C	39
599	F47C	02B0	40
599	D144	02E4	F4
599	D144	0258	F4
599	D144	028C	F4
599	D144	02C0	F4
599	D144	02F4	F4
599	D144	0268	F4
599	D144	029C	F4
599	D144	02D0	F4
599	D144	0244	F4
599	D144	0278	F4
599	D144	02AC	F4
599	D144	02E0	F4
599	D144	0254	F4
599	D144	0288	F4
599	D144	02BC	F4
599	D144	02F0	F4
599	D144	0264	F4
599	D144	0298	F4
599	D144	02CC	F4
599	D144	0240	F4
599	D144	0274	F4
599	D144	02A8	F4
599	D144	02DC	F4
599	D144	0250	F4
599	D144	0284	F4
599	D144	02B8	F4
599	D144	02EC	F4
599	D144	0260	F4
599	D144	0294	F4
599	D144	02C8	F4
599	D144	02FC	F4
599	D144	0270	F4
599	D144	02A4	F4
599	D144	02D8	F4
599	D144	024C	F4
599	D144	0280	F4
599	D144	02B4	F4
599	D144	02E8	F4
600	F47C	0200	B7
600	F47C	0204	B7
600	F47C	0208	B7
600	F47C	020C	B7
600	F47C	0210	BF
600	F47C	0214	BF
600	F47C	0218	BF
600	F47C	021C	BF
600	F47C	0220	C7
600	F47C	0224	C7
600	F47C	0228	C7
600	F47C	022C	C7
600	F47C	0230	CF
600	F47C	0234	CF
600	F47C	0238	CF
600	F47C	023C	CF
600	F47C	0290	1F
600	F47C	02C4	25
600	F47C	02F8	27
600	F47C	026C	2D
600	F47C	02A0	2D
600	F47C	02D4	31
600	F47C	0248	31
600	F47C	027C	35
600	F47C	02B0	39
600	F47C	02E4	40
600	D144	0258	F4
600	D144	028C	F4
600	D144	02C0	F4
600	D144	02F4	F4
600	D144	0268	F4
600	D144	029C	F4
600	D144	02D0	F4
600	D144	0244	F4
600	D144	0278	F4
600	D144	02AC	F4
600	D144	02E0	F4
600	D144	0254	F4
600	D144	0288	F4
600	D144	02BC	F4
600	D144	02F0	F4
600	D144	0264	F4
600	D144	0298	F4
600	D144	02CC	F4
600	D144	0240	F4
600	D144	0274	F4
600	D144	02A8	F4
600	D144	02DC	F4
600	D144	0250	F4
600	D144	0284	F4
600	D144	02B8	F4
600	D144	02EC	F4
600	D144	0260	F4
600	D144	0294	F4
600	D144	02C8	F4
600	D144	02FC	F4
600	D144	0270	F4
600	D144	02A4	F4
600	D144	02D8	F4
600	D144	024C	F4
600	D144	0280	F4
600	D144	02B4	F4
600	D144	02E8	F4
600	D144	025C	F4
601	F47C	0200	B7
601	F47C	0204	B7
601	F47C	0208	B7
601	F47C	020C	B7
601	F47C	0210	BF
601	F47C	0214	BF
601	F47C	0218	BF
601	F47C	021C	BF
601	F47C	0220	C7
601	F47C	0224	C7
601	F47C	0228	C7
601	F47C	022C	C7
601	F47C	0230	CF
601	F47C	0234	CF
601	F47C	0238	CF
601	F47C	023C	CF
601	F47C	02C4	1F
601	F47C	02F8	25
601	F47C	026C	27
601	F47C	02A0	2D
601	F47C	02D4	2D
601	F47C	0248	31
601	F47C	027C	31
601	F47C	02B0	35
601	F47C	02E4	39
601	F47C	0258	40
601	D144	028C	F4
601	D144	02C0	F4
601	D144	02F4	F4
601	D144	0268	F4
601	D144	029C	F4
601	D144	02D0	F4
601	D144	0244	F4
601	D144	0278	F4
601	D144	02AC	F4
601	D144	02E0	F4
601	D144	0254	F4
601	D144	0288	F4
601	D144	02BC	F4
601	D144	02F0	F4
601	D144	0264	F4
601	D144	0298	F4
601	D144	02CC	F4
601	D144	0240	F4
601	D144	0274	F4
601	D144	02A8	F4
601	D144	02DC	F4
601	D144	0250	F4
601	D144	0284	F4
601	D144	02B8	F4
601	D144	02EC	F4
601	D144	0260	F4
601	D144	0294	F4
601	D144	02C8	F4
601	D144	02FC	F4
601	D144	0270	F4
601	D144	02A4	F4
601	D144	02D8	F4
601	D144	024C	F4
601	D144	0280	F4
601	D144	02B4	F4
601	D144	02E8	F4
601	D144	025C	F4
601	D144	0290	F4
602	F47C	0200	B7
602	F47C	0204	B7
602	F47C	0208	B7
602	F47C	020C	B7
602	F47C	0210	BF
602	F47C	0214	BF
602	F47C	0218	BF
602	F47C	021C	BF
602	F47C	0220	C7
602	F47C	0224	C7
602	F47C	0228	C7
602	F47C	022C	C7
602	F47C	0230	CF
602	F47C	0234	CF
602	F47C	0238	CF
602	F47C	023C	CF
602	F47C	02F8	1F
602	F47C	026C	25
602	F47C	02A0	27
602	F47C	02D4	2D
602	F47C	0248	2D
602	F47C	027C	31
602	F47C	02B0	31
602	F47C	02E4	35
602	F47C	0258	39
602	F47C	028C	40
602	D144	02C0	F4
602	D144	02F4	F4
602	D144	0268	F4
602	D144	029C	F4
602	D144	02D0	F4
602	D144	0244	F4
602	D144	0278	F4
602	D144	02AC	F4
602	D144	02E0	F4
602	D144	0254	F4
602	D144	0288	F4
602	D144	02BC	F4
602	D144	02F0	F4
602	D144	0264	F4
602	D144	0298	F4
602	D144	02CC	F4
602	D144	0240	F4
602	D144	0274	F4
602	D144	02A8	F4
602	D144	02DC	F4
602	D144	0250	F4
602	D144	0284	F4
602	D144	02B8	F4
602	D144	02EC	F4
602	D144	0260	F4
602	D144	0294	F4
602	D144	02C8	F4
602	D144	02FC	F4
602	D144	0270	F4
602	D144	02A4	F4
602	D144	02D8	F4
602	D144	024C	F4
602	D144	0280	F4
602	D144	02B4	F4
602	D144	02E8	F4
602	D144	025C	F4
602	D144	0290	F4
602	D144	02C4	F4
603	F47C	0200	B7
603	F47C	0204	B7
603	F47C	0208	B7
603	F47C	020C	B7
603	F47C	0210	BF
603	F47C	0214	BF
603	F47C	0218	BF
603	F47C	021C	BF
603	F47C	0220	C7
603	F47C	0224	C7
603	F47C	0228	C7
603	F47C	022C	C7
603	F47C	0230	CF
603	F47C	0234	CF
603	F47C	0238	CF
603	F47C	023C	CF
603	F47C	026C	1F
603	F47C	02A0	25
603	F47C	02D4	27
603	F47C	0248	2D
603	F47C	027C	2D
603	F47C	02B0	31
603	F47C	02E4	31
603	F47C	0258	35
603	F47C	028C	39
603	F47C	02C0	40
603	D144	02F4	F4
603	D144	0268	F4
603	D144	029C	F4
603	D144	02D0	F4
603	D144	0244	F4
603	D144	0278	F4
603	D144	02AC	F4
603	D144	02E0	F4
603	D144	0254	F4
603	D144	0288	F4
603	D144	02BC	F4
603	D144	02F0	F4
603	D144	0264	F4
603	D144	0298	F4
603	D144	02CC	F4
603	D144	0240	F4
603	D144	0274	F4
603	D144	02A8	F4
603	D144	02DC	F4
603	D144	0250	F4
603	D144	0284	F4
603	D144	02B8	F4
603	D144	02EC	F4
603	D144	0260	F4
603	D144	0294	F4
603	D144	02C8	F4
603	D144	02FC	F4
603	D144	0270	F4
603	D144	02A4	F4
603	D144	02D8	F4
603	D144	024C	F4
603	D144	0280	F4
603	D144	02B4	F4
603	D144	02E8	F4
603	D144	025C	F4
603	D144	0290	F4
603	D144	02C4	F4
603	D144	02F8	F4
604	F47C	0200	B7
604	F47C	0204	B7
604	F47C	0208	B7
604	F47C	020C	B7
604	F47C	0210	BF
604	F47C	0214	BF
604	F47C	0218	BF
604	F47C	021C	BF
604	F47C	0220	C7
604	F47C	0224	C7
604	F47C	0228	C7
604	F47C	022C	C7
604	F47C	0230	CF
604	F47C	0234	CF
604	F47C	0238	CF
604	F47C	023C	CF
604	F47C	0260	1F
604	F47C	0294	25
604	F47C	02C8	27
604	F47C	02FC	2D
604	F47C	0270	2D
604	F47C	02A4	31
604	F47C	02D8	31
604	F47C	024C	35
604	F47C	0280	39
604	F47C	02B4	40
604	D144	02E8	F4
604	D144	025C	F4
604	D144	0290	F4
604	D144	02C4	F4
604	D144	02F8	F4
604	D144	026C	F4
604	D144	02A0	F4
604	D144	02D4	F4
604	D144	0248	F4
604	D144	027C	F4
604	D144	02B0	F4
604	D144	02E4	F4
604	D144	0258	F4
604	D144	028C	F4
604	D144	02C0	F4
604	D144	02F4	F4
604	D144	0268	F4
604	D144	029C	F4
604	D144	02D0	F4
604	D144	0244	F4
604	D144	0278	F4
604	D144	02AC	F4
604	D144	02E0	F4
604	D144	0254	F4
604	D144	0288	F4
604	D144	02BC	F4
604	D144	02F0	F4
604	D144	0264	F4
604	D144	0298	F4
604	D144	02CC	F4
604	D144	0240	F4
604	D144	0274	F4
604	D144	02A8	F4
604	D144	02DC	F4
604	D144	0250	F4
604	D144	0284	F4
604	D144	02B8	F4
604	D144	02EC	F4
605	F47C	0200	B7
605	F47C	0204	B7
605	F47C	0208	B7
605	F47C	020C	B7
605	F47C	0210	BF
605	F47C	0214	BF
605	F47C	0218	BF
605	F47C	021C	BF
605	F47C	0220	C7
605	F47C	0224	C7
605	F47C	0228	C7
605	F47C	022C	C7
605	F47C	0230	CF
605	F47C	0234	CF
605	F47C	0238	CF
605	F47C	023C	CF
605	F47C	0294	1F
605	F47C	02C8	25
605	F47C	02FC	27
605	F47C	0270	2D
605	F47C	02A4	2D
605	F47C	02D8	31
605	F47C	024C	31
605	F47C	0280	35
605	F47C	02B4	39
605	F47C	02E8	40
605	D144	025C	F4
605	D144	0290	F4
605	D144	02C4	F4
605	D144	02F8	F4
605	D144	026C	F4
605	D144	02A0	F4
605	D144	02D4	F4
605	D144	0248	F4
605	D144	027C	F4
605	D144	02B0	F4
605	D144	02E4	F4
605	D144	0258	F4
605	D144	028C	F4
605	D144	02C0	F4
605	D144	02F4	F4
605	D144	0268	F4
605	D144	029C	F4
605	D144	02D0	F4
605	D144	0244	F4
605	D144	0278	F4
605	D144	02AC	F4
605	D144	02E0	F4
605	D144	0254	F4
605	D144	0288	F4
605	D144	02BC	F4
605	D144	02F0	F4
605	D144	0264	F4
605	D144	0298	F4
605	D144	02CC	F4
605	D144	0240	F4
605	D144	0274	F4
605	D144	02A8	F4
605	D144	02DC	F4
605	D144	0250	F4
605	D144	0284	F4
605	D144	02B8	F4
605	D144	02EC	F4
605	D144	0260	F4
606	F47C	0200	B7
606	F47C	0204	B7
606	F47C	0208	B7
606	F47C	020C	B7
606	F47C	0210	BF
606	F47C	0214	BF
606	F47C	0218	BF
606	F47C	021C	BF
606	F47C	0220	C7
606	F47C	0224	C7
606	F47C	0228	C7
606	F47C	022C	C7
606	F47C	0230	CF
606	F47C	0234	CF
606	F47C	0238	CF
606	F47C	023C	CF
606	F47C	02C8	1F
606	F47C	02FC	25
606	F47C	0270	27
606	F47C	02A4	2D
606	F47C	02D8	2D
606	F47C	024C	31
606	F47C	0280	31
606	F47C	02B4	35
606	F47C	02E8	39
606	F47C	025C	40
606	D144	0290	F4
606	D144	02C4	F4
606	D144	02F8	F4
606	D144	026C	F4
606	D144	02A0	F4
606	D144	02D4	F4
606	D144	0248	F4
606	D144	027C	F4
606	D144	02B0	F4
606	D144	02E4	F4
606	D144	0258	F4
606	D144	028C	F4
606	D144	02C0	F4
606	D144	02F4	F4
606	D144	0268	F4
606	D144	029C	F4
606	D144	02D0	F4
606	D144	0244	F4
606	D144	0278	F4
606	D144	02AC	F4
606	D144	02E0	F4
606	D144	0254	F4
606	D144	0288	F4
606	D144	02BC	F4
606	D144	02F0	F4
606	D144	0264	F4
606	D144	0298	F4
606	D144	02CC	F4
606	D144	0240	F4
606	D144	0274	F4
606	D144	02A8	F4
606	D144	02DC	F4
606	D144	0250	F4
606	D144	0284	F4
606	D144	02B8	F4
606	D144	02EC	F4
606	D144	0260	F4
606	D144	0294	F4
607	F47C	0200	B7
607	F47C	0204	B7
607	F47C	0208	B7
607	F47C	020C	B7
607	F47C	0210	BF
607	F47C	0214	BF
607	F47C	0218	BF
607	F47C	021C	BF
607	F47C	0220	C7
607	F47C	0224	C7
607	F47C	0228	C7
607	F47C	022C	C7
607	F47C	0230	CF
607	F47C	0234	CF
607	F47C	0238	CF
607	F47C	023C	CF
607	F47C	02FC	1F
607	F47C	0270	25
607	F47C	02A4	27
607	F47C	02D8	2D
607	F47C	024C	2D
607	F47C	0280	31
607	F47C	02B4	31
607	F47C	02E8	35
607	F47C	025C	39
607	F47C	0290	40
607	D144	02C4	F4
607	D144	02F8	F4
607	D144	026C	F4
607	D144	02A0	F4
607	D144	02D4	F4
607	D144	0248	F4
607	D144	027C	F4
607	D144	02B0	F4
607	D144	02E4	F4
607	D144	0258	F4
607	D144	028C	F4
607	D144	02C0	F4
607	D144	02F4	F4
607	D144	0268	F4
607	D144	029C	F4
607	D144	02D0	F4
607	D144	0244	F4
607	D144	0278	F4
607	D144	02AC	F4
607	D144	02E0	F4
607	D144	0254	F4
607	D144	0288	F4
607	D144	02BC	F4
607	D144	02F0	F4
607	D144	0264	F4
607	D144	0298	F4
607	D144	02CC	F4
607	D144	0240	F4
607	D144	0274	F4
607	D144	02A8	F4
607	D144	02DC	F4
607	D144	0250	F4
607	D144	0284	F4
607	D144	02B8	F4
607	D144	02EC	F4
607	D144	0260	F4
607	D144	0294	F4
607	D144	02C8	F4
608	F47C	0200	B7
608	F47C	0204	B7
608	F47C	0208	B7
608	F47C	020C	B7
608	F47C	0210	BF
608	F47C	0214	BF
608	F47C	0218	BF
608	F47C	021C	BF
608	F47C	0220	C7
608	F47C	0224	C7
608	F47C	0228	C7
608	F47C	022C	C7
608	F47C	0230	CF
608	F47C	0234	CF
608	F47C	0238	CF
608	F47C	023C	CF
608	F47C	0270	1F
608	F47C	02A4	25
608	F47C	02D8	27
608	F47C	024C	2D
608	F47C	0280	2D
608	F47C	02B4	31
608	F47C	02E8	31
608	F47C	025C	35
608	F47C	0290	39
608	F47C	02C4	40
608	D144	02F8	F4
608	D144	026C	F4
608	D144	02A0	F4
608	D144	02D4	F4
608	D144	0248	F4
608	D144	027C	F4
608	D144	02B0	F4
608	D144	02E4	F4
608	D144	0258	F4
608	D144	028C	F4
608	D144	02C0	F4
608	D144	02F4	F4
608	D144	0268	F4
608	D144	029C	F4
608	D144	02D0	F4
608	D144	0244	F4
608	D144	0278	F4
608	D144	02AC	F4
608	D144	02E0	F4
608	D144	0254	F4
608	D144	0288	F4
608	D144	02BC	F4
608	D144	02F0	F4
608	D144	0264	F4
608	D144	0298	F4
608	D144	02CC	F4
608	D144	0240	F4
608	D144	0274	F4
608	D144	02A8	F4
608	D144	02DC	F4
608	D144	0250	F4
608	D144	0284	F4
608	D144	02B8	F4
608	D144	02EC	F4
608	D144	0260	F4
608	D144	0294	F4
608	D144	02C8	F4
608	D144	02FC	F4
609	F47C	0200	B7
609	F47C	0204	B7
609	F47C	0208	B7
609	F47C	020C	B7
609	F47C	0210	BF
609	F47C	0214	BF
609	F47C	0218	BF
609	F47C	021C	BF
609	F47C	0220	C7
609	F47C	0224	C7
609	F47C	0228	C7
609	F47C	022C	C7
609	F47C	0230	CF
609	F47C	0234	CF
609	F47C	0238	CF
609	F47C	023C	CF
609	F47C	0264	1F
609	F47C	0298	25
609	F47C	02CC	27
609	F47C	0240	2D
609	F47C	0274	2D
609	F47C	02A8	31
609	F47C	02DC	31
609	F47C	0250	35
609	F47C	0284	39
609	F47C	02B8	40
609	D144	02EC	F4
609	D144	0260	F4
609	D144	0294	F4
609	D144	02C8	F4
609	D144	02FC	F4
609	D144	0270	F4
609	D144	02A4	F4
609	D144	02D8	F4
609	D144	024C	F4
609	D144	0280	F4
609	D144	02B4	F4
609	D144	02E8	F4
609	D144	025C	F4
609	D144	0290	F4
609	D144	02C4	F4
609	D144	02F8	F4
609	D144	026C	F4
609	D144	02A0	F4
609	D144	02D4	F4
609	D144	0248	F4
609	D144	027C	F4
609	D144	02B0	F4
609	D144	02E4	F4
609	D144	0258	F4
609	D144	028C	F4
609	D144	02C0	F4
609	D144	02F4	F4
609	D144	0268	F4
609	D144	029C	F4
609	D144	02D0	F4
609	D144	0244	F4
609	D144	0278	F4
609	D144	02AC	F4
609	D144	02E0	F4
609	D144	0254	F4
609	D144	0288	F4
609	D144	02BC	F4
609	D144	02F0	F4
610	F47C	0200	B7
610	F47C	0204	B7
610	F47C	0208	B7
610	F47C	020C	B7
610	F47C	0210	BF
610	F47C	0214	BF
610	F47C	0218	BF
610	F47C	021C	BF
610	F47C	0220	C7
610	F47C	0224	C7
610	F47C	0228	C7
610	F47C	022C	C7
610	F47C	0230	CF
610	F47C	0234	CF
610	F47C	0238	CF
610	F47C	023C	CF
610	F47C	0298	1F
610	F47C	02CC	25
610	F47C	0240	27
610	F47C	0274	2D
610	F47C	02A8	2D
610	F47C	02DC	31
610	F47C	0250	31
610	F47C	0284	35
610	F47C	02B8	39
610	F47C	02EC	40
610	D144	0260	F4
610	D144	0294	F4
610	D144	02C8	F4
610	D144	02FC	F4
610	D144	0270	F4
610	D144	02A4	F4
610	D144	02D8	F4
610	D144	024C	F4
610	D144	0280	F4
610	D144	02B4	F4
610	D144	02E8	F4
610	D144	025C	F4
610	D144	0290	F4
610	D144	02C4	F4
610	D144	02F8	F4
610	D144	026C	F4
610	D144	02A0	F4
610	D144	02D4	F4
610	D144	0248	F4
610	D144	027C	F4
610	D144	02B0	F4
610	D144	02E4	F4
610	D144	0258	F4
610	D144	028C	F4
610	D144	02C0	F4
610	D144	02F4	F4
610	D144	0268	F4
610	D144	029C	F4
610	D144	02D0	F4
610	D144	0244	F4
610	D144	0278	F4
610	D144	02AC	F4
610	D144	02E0	F4
610	D144	0254	F4
610	D144	0288	F4
610	D144	02BC	F4
610	D144	02F0	F4
610	D144	0264	F4
611	F47C	0200	B7
611	F47C	0204	B7
611	F47C	0208	B7
611	F47C	020C	B7
611	F47C	0210	BF
611	F47C	0214	BF
611	F47C	0218	BF
611	F47C	021C	BF
611	F47C	0220	C7
611	F47C	0224	C7
611	F47C	0228	C7
611	F47C	022C	C7
611	F47C	0230	CF
611	F47C	0234	CF
611	F47C	0238	CF
611	F47C	023C	CF
611	F47C	02CC	1F
611	F47C	0240	25
611	F47C	0274	27
611	F47C	02A8	2D
611	F47C	02DC	2D
611	F47C	0250	31
611	F47C	0284	31
611	F47C	02B8	35
611	F47C	02EC	39
611	F47C	0260	40
611	D144	0294	F4
611	D144	02C8	F4
611	D144	02FC	F4
611	D144	0270	F4
611	D144	02A4	F4
611	D144	02D8	F4
611	D144	024C	F4
611	D144	0280	F4
611	D144	02B4	F4
611	D144	02E8	F4
611	D144	025C	F4
611	D144	0290	F4
611	D144	02C4	F4
611	D144	02F8	F4
611	D144	026C	F4
611	D144	02A0	F4
611	D144	02D4	F4
611	D144	0248	F4
611	D144	027C	F4
611	D144	02B0	F4
611	D144	02E4	F4
611	D144	0258	F4
611	D144	028C	F4
611	D144	02C0	F4
611	D144	02F4	F4
611	D144	0268	F4
611	D144	029C	F4
611	D144	02D0	F4
611	D144	0244	F4
611	D144	0278	F4
611	D144	02AC	F4
611	D144	02E0	F4
611	D144	0254	F4
611	D144	0288	F4
611	D144	02BC	F4
611	D144	02F0	F4
611	D144	0264	F4
611	D144	0298	F4
612	F47C	0200	B7
612	F47C	0204	B7
612	F47C	0208	B7
612	F47C	020C	B7
612	F47C	0210	BF
612	F47C	0214	BF
612	F47C	0218	BF
612	F47C	021C	BF
612	F47C	0220	C7
612	F47C	0224	C7
612	F47C	0228	C7
612	F47C	022C	C7
612	F47C	0230	CF
612	F47C	0234	CF
612	F47C	0238	CF
612	F47C	023C	CF
612	F47C	0240	1F
612	F47C	0274	25
612	F47C	02A8	27
612	F47C	02DC	2D
612	F47C	0250	2D
612	F47C	0284	31
612	F47C	02B8	31
612	F47C	02EC	35
612	F47C	0260	39
612	F47C	0294	40
612	D144	02C8	F4
612	D144	02FC	F4
612	D144	0270	F4
612	D144	02A4	F4
612	D144	02D8	F4
612	D144	024C	F4
612	D144	0280	F4
612	D144	02B4	F4
612	D144	02E8	F4
612	D144	025C	F4
612	D144	0290	F4
612	D144	02C4	F4
612	D144	02F8	F4
612	D144	026C	F4
612	D144	02A0	F4
612	D144	02D4	F4
612	D144	0248	F4
612	D144	027C	F4
612	D144	02B0	F4
612	D144	02E4	F4
612	D144	0258	F4
612	D144	028C	F4
612	D144	02C0	F4
612	D144	02F4	F4
612	D144	0268	F4
612	D144	029C	F4
612	D144	02D0	F4
612	D144	0244	F4
612	D144	0278	F4
612	D144	02AC	F4
612	D144	02E0	F4
612	D144	0254	F4
612	D144	0288	F4
612	D144	02BC	F4
612	D144	02F0	F4
612	D144	0264	F4
612	D144	0298	F4
612	D144	02CC	F4
613	F47C	0200	B7
613	F47C	0204	B7
613	F47C	0208	B7
613	F47C	020C	B7
613	F47C	0210	BF
613	F47C	0214	BF
613	F47C	0218	BF
613	F47C	021C	BF
613	F47C	0220	C7
613	F47C	0224	C7
613	F47C	0228	C7
613	F47C	022C	C7
613	F47C	0230	CF
613	F47C	0234	CF
613	F47C	0238	CF
613	F47C	023C	CF
613	F47C	0274	1F
613	F47C	02A8	25
613	F47C	02DC	27
613	F47C	0250	2D
613	F47C	0284	2D
613	F47C	02B8	31
613	F47C	02EC	31
613	F47C	0260	35
613	F47C	0294	39
613	F47C	02C8	40
613	D144	02FC	F4
613	D144	0270	F4
613	D144	02A4	F4
613	D144	02D8	F4
613	D144	024C	F4
613	D144	0280	F4
613	D144	02B4	F4
613	D144	02E8	F4
613	D144	025C	F4
613	D144	0290	F4
613	D144	02C4	F4
613	D144	02F8	F4
613	D144	026C	F4
613	D144	02A0	F4
613	D144	02D4	F4
613	D144	0248	F4
613	D144	027C	F4
613	D144	02B0	F4
613	D144	02E4	F4
613	D144	0258	F4
613	D144	028C	F4
613	D144	02C0	F4
613	D144	02F4	F4
613	D144	0268	F4
613	D144	029C	F4
613	D144	02D0	F4
613	D144	0244	F4
613	D144	0278	F4
613	D144	02AC	F4
613	D144	02E0	F4
613	D144	0254	F4
613	D144	0288	F4
613	D144	02BC	F4
613	D144	02F0	F4
613	D144	0264	F4
613	D144	0298	F4
613	D144	02CC	F4
613	D144	0240	F4
614	F47C	0200	B7
614	F47C	0204	B7
614	F47C	0208	B7
614	F47C	020C	B7
614	F47C	0210	BF
614	F47C	0214	BF
614	F47C	0218	BF
614	F47C	021C	BF
614	F47C	0220	C7
614	F47C	0224	C7
614	F47C	0228	C7
614	F47C	022C	C7
614	F47C	0230	CF
614	F47C	0234	CF
614	F47C	0238	CF
614	F47C	023C	CF
614	F47C	0268	1F
614	F47C	029C	25
614	F47C	02D0	27
614	F47C	0244	2D
614	F47C	0278	2D
614	F47C	02AC	31
614	F47C	02E0	31
614	F47C	0254	35
614	F47C	0288	39
614	F47C	02BC	40
614	D144	02F0	F4
614	D144	0264	F4
614	D144	0298	F4
614	D144	02CC	F4
614	D144	0240	F4
614	D144	0274	F4
614	D144	02A8	F4
614	D144	02DC	F4
614	D144	0250	F4
614	D144	0284	F4
614	D144	02B8	F4
614	D144	02EC	F4
614	D144	0260	F4
614	D144	0294	F4
614	D144	02C8	F4
614	D144	02FC	F4
614	D144	0270	F4
614	D144	02A4	F4
614	D144	02D8	F4
614	D144	024C	F4
614	D144	0280	F4
614	D144	02B4	F4
614	D144	02E8	F4
614	D144	025C	F4
614	D144	0290	F4
614	D144	02C4	F4
614	D144	02F8	F4
614	D144	026C	F4
614	D144	02A0	F4
614	D144	02D4	F4
614	D144	0248	F4
614	D144	027C	F4
614	D144	02B0	F4
614	D144	02E4	F4
614	D144	0258	F4
614	D144	028C	F4
614	D144	02C0	F4
614	D144	02F4	F4
615	F47C	0200	B7
615	F47C	0204	B7
615	F47C	0208	B7
615	F47C	020C	B7
615	F47C	0210	BF
615	F47C	0214	BF
615	F47C	0218	BF
615	F47C	021C	BF
615	F47C	0220	C7
615	F47C	0224	C7
615	F47C	0228	C7
615	F47C	022C	C7
615	F47C	0230	CF
615	F47C	0234	CF
615	F47C	0238	CF
615	F47C	023C	CF
615	F47C	029C	1F
615	F47C	02D0	25
615	F47C	0244	27
615	F47C	0278	2D
615	F47C	02AC	2D
615	F47C	02E0	31
615	F47C	0254	31
615	F47C	0288	35
615	F47C	02BC	39
615	F47C	02F0	40
615	D144	0264	F4
615	D144	0298	F4
615	D144	02CC	F4
615	D144	0240	F4
615	D144	0274	F4
615	D144	02A8	F4
615	D144	02DC	F4
615	D144	0250	F4
615	D144	0284	F4
615	D144	02B8	F4
615	D144	02EC	F4
615	D144	0260	F4
615	D144	0294	F4
615	D144	02C8	F4
615	D144	02FC	F4
615	D144	0270	F4
615	D144	02A4	F4
615	D144	02D8	F4
615	D144	024C	F4
615	D144	0280	F4
615	D144	02B4	F4
615	D144	02E8	F4
615	D144	025C	F4
615	D144	0290	F4
615	D144	02C4	F4
615	D144	02F8	F4
615	D144	026C	F4
615	D144	02A0	F4
615	D144	02D4	F4
615	D144	0248	F4
615	D144	027C	F4
615	D144	02B0	F4
615	D144	02E4	F4
615	D144	0258	F4
615	D144	028C	F4
615	D144	02C0	F4
615	D144	02F4	F4
615	D144	0268	F4
616	F47C	0200	B7
616	F47C	0204	B7
616	F47C	0208	B7
616	F47C	020C	B7
616	F47C	0210	BF
616	F47C	0214	BF
616	F47C	0218	BF
616	F47C	021C	BF
616	F47C	0220	C7
616	F47C	0224	C7
616	F47C	0228	C7
616	F47C	022C	C7
616	F47C	0230	CF
616	F47C	0234	CF
616	F47C	0238	CF
616	F47C	023C	CF
616	F47C	02D0	1F
616	F47C	0244	25
616	F47C	0278	27
616	F47C	02AC	2D
616	F47C	02E0	2D
616	F47C	0254	31
616	F47C	0288	31
616	F47C	02BC	35
616	F47C	02F0	39
616	F47C	0264	40
616	D144	0298	F4
616	D144	02CC	F4
616	D144	0240	F4
616	D144	0274	F4
616	D144	02A8	F4
616	D144	02DC	F4
616	D144	0250	F4
616	D144	0284	F4
616	D144	02B8	F4
616	D144	02EC	F4
616	D144	0260	F4
616	D144	0294	F4
616	D144	02C8	F4
616	D144	02FC	F4
616	D144	0270	F4
616	D144	02A4	F4
616	D144	02D8	F4
616	D144	024C	F4
616	D144	0280	F4
616	D144	02B4	F4
616	D144	02E8	F4
616	D144	025C	F4
616	D144	0290	F4
616	D144	02C4	F4
616	D144	02F8	F4
616	D144	026C	F4
616	D144	02A0	F4
616	D144	02D4	F4
616	D144	0248	F4
616	D144	027C	F4
616	D144	02B0	F4
616	D144	02E4	F4
616	D144	0258	F4
616	D144	028C	F4
616	D144	02C0	F4
616	D144	02F4	F4
616	D144	0268	F4
616	D144	029C	F4
617	F47C	0200	B7
617	F47C	0204	B7
617	F47C	0208	B7
617	F47C	020C	B7
617	F47C	0210	BF
617	F47C	0214	BF
617	F47C	0218	BF
617	F47C	021C	BF
617	F47C	0220	C7
617	F47C	0224	C7
617	F47C	0228	C7
617	F47C	022C	C7
617	F47C	0230	CF
617	F47C	0234	CF
617	F47C	0238	CF
617	F47C	023C	CF
617	F47C	0244	1F
617	F47C	0278	25
617	F47C	02AC	27
617	F47C	02E0	2D
617	F47C	0254	2D
617	F47C	0288	31
617	F47C	02BC	31
617	F47C	02F0	35
617	F47C	0264	39
617	F47C	0298	40
617	D144	02CC	F4
617	D144	0240	F4
617	D144	0274	F4
617	D144	02A8	F4
617	D144	02DC	F4
617	D144	0250	F4
617	D144	0284	F4
617	D144	02B8	F4
617	D144	02EC	F4
617	D144	0260	F4
617	D144	0294	F4
617	D144	02C8	F4
617	D144	02FC	F4
617	D144	0270	F4
617	D144	02A4	F4
617	D144	02D8	F4
617	D144	024C	F4
617	D144	0280	F4
617	D144	02B4	F4
617	D144	02E8	F4
617	D144	025C	F4
617	D144	0290	F4
617	D144	02C4	F4
617	D144	02F8	F4
617	D144	026C	F4
617	D144	02A0	F4
617	D144	02D4	F4
617	D144	0248	F4
617	D144	027C	F4
617	D144	02B0	F4
617	D144	02E4	F4
617	D144	0258	F4
617	D144	028C	F4
617	D144	02C0	F4
617	D144	02F4	F4
617	D144	0268	F4
617	D144	029C	F4
617	D144	02D0	F4
618	F47C	0200	B7
618	F47C	0204	B7
618	F47C	0208	B7
618	F47C	020C	B7
618	F47C	0210	BF
618	F47C	0214	BF
618	F47C	0218	BF
618	F47C	021C	BF
618	F47C	0220	C7
618	F47C	0224	C7
618	F47C	0228	C7
618	F47C	022C	C7
618	F47C	0230	CF
618	F47C	0234	CF
618	F47C	0238	CF
618	F47C	023C	CF
618	F47C	0278	1F
618	F47C	02AC	25
618	F47C	02E0	27
618	F47C	0254	2D
618	F47C	0288	2D
618	F47C	02BC	31
618	F47C	02F0	31
618	F47C	0264	35
618	F47C	0298	39
618	F47C	02CC	40
618	D144	0240	F4
618	D144	0274	F4
618	D144	02A8	F4
618	D144	02DC	F4
618	D144	0250	F4
618	D144	0284	F4
618	D144	02B8	F4
618	D144	02EC	F4
618	D144	0260	F4
618	D144	0294	F4
618	D144	02C8	F4
618	D144	02FC	F4
618	D144	0270	F4
618	D144	02A4	F4
618	D144	02D8	F4
618	D144	024C	F4
618	D144	0280	F4
618	D144	02B4	F4
618	D144	02E8	F4
618	D144	025C	F4
618	D144	0290	F4
618	D144	02C4	F4
618	D144	02F8	F4
618	D144	026C	F4
618	D144	02A0	F4
618	D144	02D4	F4
618	D144	0248	F4
618	D144	027C	F4
618	D144	02B0	F4
618	D144	02E4	F4
618	D144	0258	F4
618	D144	028C	F4
618	D144	02C0	F4
618	D144	02F4	F4
618	D144	0268	F4
618	D144	029C	F4
618	D144	02D0	F4
618	D144	0244	F4
619	F47C	0200	B7
619	F47C	0204	B7
619	F47C	0208	B7
619	F47C	020C	B7
619	F47C	0210	BF
619	F47C	0214	BF
619	F47C	0218	BF
619	F47C	021C	BF
619	F47C	0220	C7
619	F47C	0224	C7
619	F47C	0228	C7
619	F47C	022C	C7
619	F47C	0230	CF
619	F47C	0234	CF
619	F47C	0238	CF
619	F47C	023C	CF
619	F47C	026C	1F
619	F47C	02A0	25
619	F47C	02D4	27
619	F47C	0248	2D
619	F47C	027C	2D
619	F47C	02B0	31
619	F47C	02E4	31
619	F47C	0258	35
619	F47C	028C	39
619	F47C	02C0	40
619	D144	02F4	F4
619	D144	0268	F4
619	D144	029C	F4
619	D144	02D0	F4
619	D144	0244	F4
619	D144	0278	F4
619	D144	02AC	F4
619	D144	02E0	F4
619	D144	0254	F4
619	D144	0288	F4
619	D144	02BC	F4
619	D144	02F0	F4
619	D144	0264	F4
619	D144	0298	F4
619	D144	02CC	F4
619	D144	0240	F4
619	D144	0274	F4
619	D144	02A8	F4
619	D144	02DC	F4
619	D144	0250	F4
619	D144	0284	F4
619	D144	02B8	F4
619	D144	02EC	F4
619	D144	0260	F4
619	D144	0294	F4
619	D144	02C8	F4
619	D144	02FC	F4
619	D144	0270	F4
619	D144	02A4	F4
619	D144	02D8	F4
619	D144	024C	F4
619	D144	0280	F4
619	D144	02B4	F4
619	D144	02E8	F4
619	D144	025C	F4
619	D144	0290	F4
619	D144	02C4	F4
619	D144	02F8	F4
620	F47C	0200	B7
620	F47C	0204	B7
620	F47C	0208	B7
620	F47C	020C	B7
620	F47C	0210	BF
620	F47C	0214	BF
620	F47C	0218	BF
620	F47C	021C	BF
620	F47C	0220	C7
620	F47C	0224	C7
620	F47C	0228	C7
620	F47C	022C	C7
620	F47C	0230	CF
620	F47C	0234	CF
620	F47C	0238	CF
620	F47C	023C	CF
620	F47C	02A0	1F
620	F47C	02D4	25
620	F47C	0248	27
620	F47C	027C	2D
620	F47C	02B0	2D
620	F47C	02E4	31
620	F47C	0258	31
620	F47C	028C	35
620	F47C	02C0	39
620	F47C	02F4	40
620	D144	0268	F4
620	D144	029C	F4
620	D144	02D0	F4
620	D144	0244	F4
620	D144	0278	F4
620	D144	02AC	F4
620	D144	02E0	F4
620	D144	0254	F4
620	D144	0288	F4
620	D144	02BC	F4
620	D144	02F0	F4
620	D144	0264	F4
620	D144	0298	F4
620	D144	02CC	F4
620	D144	0240	F4
620	D144	0274	F4
620	D144	02A8	F4
620	D144	02DC	F4
620	D144	0250	F4
620	D144	0284	F4
620	D144	02B8	F4
620	D144	02EC	F4
620	D144	0260	F4
620	D144	0294	F4
620	D144	02C8	F4
620	D144	02FC	F4
620	D144	0270	F4
620	D144	02A4	F4
620	D144	02D8	F4
620	D144	024C	F4
620	D144	0280	F4
620	D144	02B4	F4
620	D144	02E8	F4
620	D144	025C	F4
620	D144	0290	F4
620	D144	02C4	F4
620	D144	02F8	F4
620	D144	026C	F4
621	F47C	0200	B7
621	F47C	0204	B7
621	F47C	0208	B7
621	F47C	020C	B7
621	F47C	0210	BF
621	F47C	0214	BF
621	F47C	0218	BF
621	F47C	021C	BF
621	F47C	0220	C7
621	F47C	0224	C7
621	F47C	0228	C7
621	F47C	022C	C7
621	F47C	0230	CF
621	F47C	0234	CF
621	F47C	0238	CF
621	F47C	023C	CF
621	F47C	02D4	1F
621	F47C	0248	25
621	F47C	027C	27
621	F47C	02B0	2D
621	F47C	02E4	2D
621	F47C	0258	31
621	F47C	028C	31
621	F47C	02C0	35
621	F47C	02F4	39
621	F47C	0268	40
621	D144	029C	F4
621	D144	02D0	F4
621	D144	0244	F4
621	D144	0278	F4
621	D144	02AC	F4
621	D144	02E0	F4
621	D144	0254	F4
621	D144	0288	F4
621	D144	02BC	F4
621	D144	02F0	F4
621	D144	0264	F4
621	D144	0298	F4
621	D144	02CC	F4
621	D144	0240	F4
621	D144	0274	F4
621	D144	02A8	F4
621	D144	02DC	F4
621	D144	0250	F4
621	D144	0284	F4
621	D144	02B8	F4
621	D144	02EC	F4
621	D144	0260	F4
621	D144	0294	F4
621	D144	02C8	F4
621	D144	02FC	F4
621	D144	0270	F4
621	D144	02A4	F4
621	D144	02D8	F4
621	D144	024C	F4
621	D144	0280	F4
621	D144	02B4	F4
621	D144	02E8	F4
621	D144	025C	F4
621	D144	0290	F4
621	D144	02C4	F4
621	D144	02F8	F4
621	D144	026C	F4
621	D144	02A0	F4
622	F47C	0200	B7
622	F47C	0204	B7
622	F47C	0208	B7
622	F47C	020C	B7
622	F47C	0210	BF
622	F47C	0214	BF
622	F47C	0218	BF
622	F47C	021C	BF
622	F47C	0220	C7
622	F47C	0224	C7
622	F47C	0228	C7
622	F47C	022C	C7
622	F47C	0230	CF
622	F47C	0234	CF
622	F47C	0238	CF
622	F47C	023C	CF
622	F47C	0248	1F
622	F47C	027C	25
622	F47C	02B0	27
622	F47C	02E4	2D
622	F47C	0258	2D
622	F47C	028C	31
622	F47C	02C0	31
622	F47C	02F4	35
622	F47C	0268	39
622	F47C	029C	40
622	D144	02D0	F4
622	D144	0244	F4
622	D144	0278	F4
622	D144	02AC	F4
622	D144	02E0	F4
622	D144	0254	F4
622	D144	0288	F4
622	D144	02BC	F4
622	D144	02F0	F4
622	D144	0264	F4
622	D144	0298	F4
622	D144	02CC	F4
622	D144	0240	F4
622	D144	0274	F4
622	D144	02A8	F4
622	D144	02DC	F4
622	D144	0250	F4
622	D144	0284	F4
622	D144	02B8	F4
622	D144	02EC	F4
622	D144	0260	F4
622	D144	0294	F4
622	D144	02C8	F4
622	D144	02FC	F4
622	D144	0270	F4
622	D144	02A4	F4
622	D144	02D8	F4
622	D144	024C	F4
622	D144	0280	F4
622	D144	02B4	F4
622	D144	02E8	F4
622	D144	025C	F4
622	D144	0290	F4
622	D144	02C4	F4
622	D144	02F8	F4
622	D144	026C	F4
622	D144	02A0	F4
622	D144	02D4	F4
623	F47C	0200	B7
623	F47C	0204	B7
623	F47C	0208	B7
623	F47C	020C	B7
623	F47C	0210	BF
623	F47C	0214	BF
623	F47C	0218	BF
623	F47C	021C	BF
623	F47C	0220	C7
623	F47C	0224	C7
623	F47C	0228	C7
623	F47C	022C	C7
623	F47C	0230	CF
623	F47C	0234	CF
623	F47C	0238	CF
623	F47C	023C	CF
623	F47C	027C	1F
623	F47C	02B0	25
623	F47C	02E4	27
623	F47C	0258	2D
623	F47C	028C	2D
623	F47C	02C0	31
623	F47C	02F4	31
623	F47C	0268	35
623	F47C	029C	39
623	F47C	02D0	40
623	D144	0244	F4
623	D144	0278	F4
623	D144	02AC	F4
623	D144	02E0	F4
623	D144	0254	F4
623	D144	0288	F4
623	D144	02BC	F4
623	D144	02F0	F4
623	D144	0264	F4
623	D144	0298	F4
623	D144	02CC	F4
623	D144	0240	F4
623	D144	0274	F4
623	D144	02A8	F4
623	D144	02DC	F4
623	D144	0250	F4
623	D144	0284	F4
623	D144	02B8	F4
623	D144	02EC	F4
623	D144	0260	F4
623	D144	0294	F4
623	D144	02C8	F4
623	D144	02FC	F4
623	D144	0270	F4
623	D144	02A4	F4
623	D144	02D8	F4
623	D144	024C	F4
623	D144	0280	F4
623	D144	02B4	F4
623	D144	02E8	F4
623	D144	025C	F4
623	D144	0290	F4
623	D144	02C4	F4
623	D144	02F8	F4
623	D144	026C	F4
623	D144	02A0	F4
623	D144	02D4	F4
623	D144	0248	F4
624	F47C	0200	B7
624	F47C	0204	B7
624	F47C	0208	B7
624	F47C	020C	B7
624	F47C	0210	BF
624	F47C	0214	BF
624	F47C	0218	BF
624	F47C	021C	BF
624	F47C	0220	C7
624	F47C	0224	C7
624	F47C	0228	C7
624	F47C	022C	C7
624	F47C	0230	CF
624	F47C	0234	CF
624	F47C	0238	CF
624	F47C	023C	CF
624	F47C	0270	1F
624	F47C	02A4	25
624	F47C	02D8	27
624	F47C	024C	2D
624	F47C	0280	2D
624	F47C	02B4	31
624	F47C	02E8	31
624	F47C	025C	35
624	F47C	0290	39
624	F47C	02C4	40
624	D144	02F8	F4
624	D144	026C	F4
624	D144	02A0	F4
624	D144	02D4	F4
624	D144	0248	F4
624	D144	027C	F4
624	D144	02B0	F4
624	D144	02E4	F4
624	D144	0258	F4
624	D144	028C	F4
624	D144	02C0	F4
624	D144	02F4	F4
624	D144	0268	F4
624	D144	029C	F4
624	D144	02D0	F4
624	D144	0244	F4
624	D144	0278	F4
624	D144	02AC	F4
624	D144	02E0	F4
624	D144	0254	F4
624	D144	0288	F4
624	D144	02BC	F4
624	D144	02F0	F4
624	D144	0264	F4
624	D144	0298	F4
624	D144	02CC	F4
624	D144	0240	F4
624	D144	0274	F4
624	D144	02A8	F4
624	D144	02DC	F4
624	D144	0250	F4
624	D144	0284	F4
624	D144	02B8	F4
624	D144	02EC	F4
624	D144	0260	F4
624	D144	0294	F4
624	D144	02C8	F4
624	D144	02FC	F4
625	F47C	0200	B7
625	F47C	0204	B7
625	F47C	0208	B7
625	F47C	020C	B7
625	F47C	0210	BF
625	F47C	0214	BF
625	F47C	0218	BF
625	F47C	021C	BF
625	F47C	0220	C7
625	F47C	0224	C7
625	F47C	0228	C7
625	F47C	022C	C7
625	F47C	0230	CF
625	F47C	0234	CF
625	F47C	0238	CF
625	F47C	023C	CF
625	F47C	02A4	1F
625	F47C	02D8	25
625	F47C	024C	27
625	F47C	0280	2D
625	F47C	02B4	2D
625	F47C	02E8	31
625	F47C	025C	31
625	F47C	0290	35
625	F47C	02C4	39
625	F47C	02F8	40
625	D144	026C	F4
625	D144	02A0	F4
625	D144	02D4	F4
625	D144	0248	F4
625	D144	027C	F4
625	D144	02B0	F4
625	D144	02E4	F4
625	D144	0258	F4
625	D144	028C	F4
625	D144	02C0	F4
625	D144	02F4	F4
625	D144	0268	F4
625	D144	029C	F4
625	D144	02D0	F4
625	D144	0244	F4
625	D144	0278	F4
625	D144	02AC	F4
625	D144	02E0	F4
625	D144	0254	F4
625	D144	0288	F4
625	D144	02BC	F4
625	D144	02F0	F4
625	D144	0264	F4
625	D144	0298	F4
625	D144	02CC	F4
625	D144	0240	F4
625	D144	0274	F4
625	D144	02A8	F4
625	D144	02DC	F4
625	D144	0250	F4
625	D144	0284	F4
625	D144	02B8	F4
625	D144	02EC	F4
625	D144	0260	F4
625	D144	0294	F4
625	D144	02C8	F4
625	D144	02FC	F4
625	D144	0270	F4
626	F47C	0200	B7
626	F47C	0204	B7
626	F47C	0208	B7
626	F47C	020C	B7
626	F47C	0210	BF
626	F47C	0214	BF
626	F47C	0218	BF
626	F47C	021C	BF
626	F47C	0220	C7
626	F47C	0224	C7
626	F47C	0228	C7
626	F47C	022C	C7
626	F47C	0230	CF
626	F47C	0234	CF
626	F47C	0238	CF
626	F47C	023C	CF
626	F47C	02D8	1F
626	F47C	024C	25
626	F47C	0280	27
626	F47C	02B4	2D
626	F47C	02E8	2D
626	F47C	025C	31
626	F47C	0290	31
626	F47C	02C4	35
626	F47C	02F8	39
626	F47C	026C	40
626	D144	02A0	F4
626	D144	02D4	F4
626	D144	0248	F4
626	D144	027C	F4
626	D144	02B0	F4
626	D144	02E4	F4
626	D144	0258	F4
626	D144	028C	F4
626	D144	02C0	F4
626	D144	02F4	F4
626	D144	0268	F4
626	D144	029C	F4
626	D144	02D0	F4
626	D144	0244	F4
626	D144	0278	F4
626	D144	02AC	F4
626	D144	02E0	F4
626	D144	0254	F4
626	D144	0288	F4
626	D144	02BC	F4
626	D144	02F0	F4
626	D144	0264	F4
626	D144	0298	F4
626	D144	02CC	F4
626	D144	0240	F4
626	D144	0274	F4
626	D144	02A8	F4
626	D144	02DC	F4
626	D144	0250	F4
626	D144	0284	F4
626	D144	02B8	F4
626	D144	02EC	F4
626	D144	0260	F4
626	D144	0294	F4
626	D144	02C8	F4
626	D144	02FC	F4
626	D144	0270	F4
626	D144	02A4	F4
627	F47C	0200	B7
627	F47C	0204	B7
627	F47C	0208	B7
627	F47C	020C	B7
627	F47C	0210	BF
627	F47C	0214	BF
627	F47C	0218	BF
627	F47C	021C	BF
627	F47C	0220	C7
627	F47C	0224	C7
627	F47C	0228	C7
627	F47C	022C	C7
627	F47C	0230	CF
627	F47C	0234	CF
627	F47C	0238	CF
627	F47C	023C	CF
627	F47C	024C	1F
627	F47C	0280	25
627	F47C	02B4	27
627	F47C	02E8	2D
627	F47C	025C	2D
627	F47C	0290	31
627	F47C	02C4	31
627	F47C	02F8	35
627	F47C	026C	39
627	F47C	02A0	40
627	D144	02D4	F4
627	D144	0248	F4
627	D144	027C	F4
627	D144	02B0	F4
627	D144	02E4	F4
627	D144	0258	F4
627	D144	028C	F4
627	D144	02C0	F4
627	D144	02F4	F4
627	D144	0268	F4
627	D144	029C	F4
627	D144	02D0	F4
627	D144	0244	F4
627	D144	0278	F4
627	D144	02AC	F4
627	D144	02E0	F4
627	D144	0254	F4
627	D144	0288	F4
627	D144	02BC	F4
627	D144	02F0	F4
627	D144	0264	F4
627	D144	0298	F4
627	D144	02CC	F4
627	D144	0240	F4
627	D144	0274	F4
627	D144	02A8	F4
627	D144	02DC	F4
627	D144	0250	F4
627	D144	0284	F4
627	D144	02B8	F4
627	D144	02EC	F4
627	D144	0260	F4
627	D144	0294	F4
627	D144	02C8	F4
627	D144	02FC	F4
627	D144	0270	F4
627	D144	02A4	F4
627	D144	02D8	F4
628	F47C	0200	B7
628	F47C	0204	B7
628	F47C	0208	B7
628	F47C	020C	B7
628	F47C	0210	BF
628	F47C	0214	BF
628	F47C	0218	BF
628	F47C	021C	BF
628	F47C	0220	C7
628	F47C	0224	C7
628	F47C	0228	C7
628	F47C	022C	C7
628	F47C	0230	CF
628	F47C	0234	CF
628	F47C	0238	CF
628	F47C	023C	CF
628	F47C	0240	1F
628	F47C	0274	25
628	F47C	02A8	27
628	F47C	02DC	2D
628	F47C	0250	2D
628	F47C	0284	31
628	F47C	02B8	31
628	F47C	02EC	35
628	F47C	0260	39
628	F47C	0294	40
628	D144	02C8	F4
628	D144	02FC	F4
628	D144	0270	F4
628	D144	02A4	F4
628	D144	02D8	F4
628	D144	024C	F4
628	D144	0280	F4
628	D144	02B4	F4
628	D144	02E8	F4
628	D144	025C	F4
628	D144	0290	F4
628	D144	02C4	F4
628	D144	02F8	F4
628	D144	026C	F4
628	D144	02A0	F4
628	D144	02D4	F4
628	D144	0248	F4
628	D144	027C	F4
628	D144	02B0	F4
628	D144	02E4	F4
628	D144	0258	F4
628	D144	028C	F4
628	D144	02C0	F4
628	D144	02F4	F4
628	D144	0268	F4
628	D144	029C	F4
628	D144	02D0	F4
628	D144	0244	F4
628	D144	0278	F4
628	D144	02AC	F4
628	D144	02E0	F4
628	D144	0254	F4
628	D144	0288	F4
628	D144	02BC	F4
628	D144	02F0	F4
628	D144	0264	F4
628	D144	0298	F4
628	D144	02CC	F4
629	F47C	0200	B7
629	F47C	0204	B7
629	F47C	0208	B7
629	F47C	020C	B7
629	F47C	0210	BF
629	F47C	0214	BF
629	F47C	0218	BF
629	F47C	021C	BF
629	F47C	0220	C7
629	F47C	0224	C7
629	F47C	0228	C7
629	F47C	022C	C7
629	F47C	0230	CF
629	F47C	0234	CF
629	F47C	0238	CF
629	F47C	023C	CF
629	F47C	0274	1F
629	F47C	02A8	25
629	F47C	02DC	27
629	F47C	0250	2D
629	F47C	0284	2D
629	F47C	02B8	31
629	F47C	02EC	31
629	F47C	0260	35
629	F47C	0294	39
629	F47C	02C8	40
629	D144	02FC	F4
629	D144	0270	F4
629	D144	02A4	F4
629	D144	02D8	F4
629	D144	024C	F4
629	D144	0280	F4
629	D144	02B4	F4
629	D144	02E8	F4
629	D144	025C	F4
629	D144	0290	F4
629	D144	02C4	F4
629	D144	02F8	F4
629	D144	026C	F4
629	D144	02A0	F4
629	D144	02D4	F4
629	D144	0248	F4
629	D144	027C	F4
629	D144	02B0	F4
629	D144	02E4	F4
629	D144	0258	F4
629	D144	028C	F4
629	D144	02C0	F4
629	D144	02F4	F4
629	D144	0268	F4
629	D144	029C	F4
629	D144	02D0	F4
629	D144	0244	F4
629	D144	0278	F4
629	D144	02AC	F4
629	D144	02E0	F4
629	D144	0254	F4
629	D144	0288	F4
629	D144	02BC	F4
629	D144	02F0	F4
629	D144	0264	F4
629	D144	0298	F4
629	D144	02CC	F4
629	D144	0240	F4
630	F47C	0200	B7
630	F47C	0204	B7
630	F47C	0208	B7
630	F47C	020C	B7
630	F47C	0210	BF
630	F47C	0214	BF
630	F47C	0218	BF
630	F47C	021C	BF
630	F47C	0220	C7
630	F47C	0224	C7
630	F47C	0228	C7
630	F47C	022C	C7
630	F47C	0230	CF
630	F47C	0234	CF
630	F47C	0238	CF
630	F47C	023C	CF
630	F47C	02A8	1F
630	F47C	02DC	25
630	F47C	0250	27
630	F47C	0284	2D
630	F47C	02B8	2D
630	F47C	02EC	31
630	F47C	0260	31
630	F47C	0294	35
630	F47C	02C8	39
630	F47C	02FC	40
630	D144	0270	F4
630	D144	02A4	F4
630	D144	02D8	F4
630	D144	024C	F4
630	D144	0280	F4
630	D144	02B4	F4
630	D144	02E8	F4
630	D144	025C	F4
630	D144	0290	F4
630	D144	02C4	F4
630	D144	02F8	F4
630	D144	026C	F4
630	D144	02A0	F4
630	D144	02D4	F4
630	D144	0248	F4
630	D144	027C	F4
630	D144	02B0	F4
630	D144	02E4	F4
630	D144	0258	F4
630	D144	028C	F4
630	D144	02C0	F4
630	D144	02F4	F4
630	D144	0268	F4
630	D144	029C	F4
630	D144	02D0	F4
630	D144	0244	F4
630	D144	0278	F4
630	D144	02AC	F4
630	D144	02E0	F4
630	D144	0254	F4
630	D144	0288	F4
630	D144	02BC	F4
630	D144	02F0	F4
630	D144	0264	F4
630	D144	0298	F4
630	D144	02CC	F4
630	D144	0240	F4
630	D144	0274	F4
631	F47C	0200	B7
631	F47C	0204	B7
631	F47C	0208	B7
631	F47C	020C	B7
631	F47C	0210	BF
631	F47C	0214	BF
631	F47C	0218	BF
631	F47C	021C	BF
631	F47C	0220	C7
631	F47C	0224	C7
631	F47C	0228	C7
631	F47C	022C	C7
631	F47C	0230	CF
631	F47C	0234	CF
631	F47C	0238	CF
631	F47C	023C	CF
631	F47C	02DC	1F
631	F47C	0250	25
631	F47C	0284	27
631	F47C	02B8	2D
631	F47C	02EC	2D
631	F47C	0260	31
631	F47C	0294	31
631	F47C	02C8	35
631	F47C	02FC	39
631	F47C	0270	40
631	D144	02A4	F4
631	D144	02D8	F4
631	D144	024C	F4
631	D144	0280	F4
631	D144	02B4	F4
631	D144	02E8	F4
631	D144	025C	F4
631	D144	0290	F4
631	D144	02C4	F4
631	D144	02F8	F4
631	D144	026C	F4
631	D144	02A0	F4
631	D144	02D4	F4
631	D144	0248	F4
631	D144	027C	F4
631	D144	02B0	F4
631	D144	02E4	F4
631	D144	0258	F4
631	D144	028C	F4
631	D144	02C0	F4
631	D144	02F4	F4
631	D144	0268	F4
631	D144	029C	F4
631	D144	02D0	F4
631	D144	0244	F4
631	D144	0278	F4
631	D144	02AC	F4
631	D144	02E0	F4
631	D144	0254	F4
631	D144	0288	F4
631	D144	02BC	F4
631	D144	02F0	F4
631	D144	0264	F4
631	D144	0298	F4
631	D144	02CC	F4
631	D144	0240	F4
631	D144	0274	F4
631	D144	02A8	F4
632	F47C	0200	B7
632	F47C	0204	B7
632	F47C	0208	B7
632	F47C	020C	B7
632	F47C	0210	BF
632	F47C	0214	BF
632	F47C	0218	BF
632	F47C	021C	BF
632	F47C	0220	C7
632	F47C	0224	C7
632	F47C	0228	C7
632	F47C	022C	C7
632	F47C	0230	CF
632	F47C	0234	CF
632	F47C	0238	CF
632	F47C	023C	CF
632	F47C	0250	1F
632	F47C	0284	25
632	F47C	02B8	27
632	F47C	02EC	2D
632	F47C	0260	2D
632	F47C	0294	31
632	F47C	02C8	31
632	F47C	02FC	35
632	F47C	0270	39
632	F47C	02A4	40
632	D144	02D8	F4
632	D144	024C	F4
632	D144	0280	F4
632	D144	02B4	F4
632	D144	02E8	F4
632	D144	025C	F4
632	D144	0290	F4
632	D144	02C4	F4
632	D144	02F8	F4
632	D144	026C	F4
632	D144	02A0	F4
632	D144	02D4	F4
632	D144	0248	F4
632	D144	027C	F4
632	D144	02B0	F4
632	D144	02E4	F4
632	D144	0258	F4
632	D144	028C	F4
632	D144	02C0	F4
632	D144	02F4	F4
632	D144	0268	F4
632	D144	029C	F4
632	D144	02D0	F4
632	D144	0244	F4
632	D144	0278	F4
632	D144	02AC	F4
632	D144	02E0	F4
632	D144	0254	F4
632	D144	0288	F4
632	D144	02BC	F4
632	D144	02F0	F4
632	D144	0264	F4
632	D144	0298	F4
632	D144	02CC	F4
632	D144	0240	F4
632	D144	0274	F4
632	D144	02A8	F4
632	D144	02DC	F4
633	F47C	0200	B7
633	F47C	0204	B7
633	F47C	0208	B7
633	F47C	020C	B7
633	F47C	0210	BF
633	F47C	0214	BF
633	F47C	0218	BF
633	F47C	021C	BF
633	F47C	0220	C7
633	F47C	0224	C7
633	F47C	0228	C7
633	F47C	022C	C7
633	F47C	0230	CF
633	F47C	0234	CF
633	F47C	0238	CF
633	F47C	023C	CF
633	F47C	0244	1F
633	F47C	0278	25
633	F47C	02AC	27
633	F47C	02E0	2D
633	F47C	0254	2D
633	F47C	0288	31
633	F47C	02BC	31
633	F47C	02F0	35
633	F47C	0264	39
633	F47C	0298	40
633	D144	02CC	F4
633	D144	0240	F4
633	D144	0274	F4
633	D144	02A8	F4
633	D144	02DC	F4
633	D144	0250	F4
633	D144	0284	F4
633	D144	02B8	F4
633	D144	02EC	F4
633	D144	0260	F4
633	D144	0294	F4
633	D144	02C8	F4
633	D144	02FC	F4
633	D144	0270	F4
633	D144	02A4	F4
633	D144	02D8	F4
633	D144	024C	F4
633	D144	0280	F4
633	D144	02B4	F4
633	D144	02E8	F4
633	D144	025C	F4
633	D144	0290	F4
633	D144	02C4	F4
633	D144	02F8	F4
633	D144	026C	F4
633	D144	02A0	F4
633	D144	02D4	F4
633	D144	0248	F4
633	D144	027C	F4
633	D144	02B0	F4
633	D144	02E4	F4
633	D144	0258	F4
633	D144	028C	F4
633	D144	02C0	F4
633	D144	02F4	F4
633	D144	0268	F4
633	D144	029C	F4
633	D144	02D0	F4
634	F47C	0200	B7
634	F47C	0204	B7
634	F47C	0208	B7
634	F47C	020C	B7
634	F47C	0210	BF
634	F47C	0214	BF
634	F47C	0218	BF
634	F47C	021C	BF
634	F47C	0220	C7
634	F47C	0224	C7
634	F47C	0228	C7
634	F47C	022C	C7
634	F47C	0230	CF
634	F47C	0234	CF
634	F47C	0238	CF
634	F47C	023C	CF
634	F47C	0278	1F
634	F47C	02AC	25
634	F47C	02E0	27
634	F47C	0254	2D
634	F47C	0288	2D
634	F47C	02BC	31
634	F47C	02F0	31
634	F47C	0264	35
634	F47C	0298	39
634	F47C	02CC	40
634	D144	0240	F4
634	D144	0274	F4
634	D144	02A8	F4
634	D144	02DC	F4
634	D144	0250	F4
634	D144	0284	F4
634	D144	02B8	F4
634	D144	02EC	F4
634	D144	0260	F4
634	D144	0294	F4
634	D144	02C8	F4
634	D144	02FC	F4
634	D144	0270	F4
634	D144	02A4	F4
634	D144	02D8	F4
634	D144	024C	F4
634	D144	0280	F4
634	D144	02B4	F4
634	D144	02E8	F4
634	D144	025C	F4
634	D144	0290	F4
634	D144	02C4	F4
634	D144	02F8	F4
634	D144	026C	F4
634	D144	02A0	F4
634	D144	02D4	F4
634	D144	0248	F4
634	D144	027C	F4
634	D144	02B0	F4
634	D144	02E4	F4
634	D144	0258	F4
634	D144	028C	F4
634	D144	02C0	F4
634	D144	02F4	F4
634	D144	0268	F4
634	D144	029C	F4
634	D144	02D0	F4
634	D144	0244	F4
635	F47C	0200	B7
635	F47C	0204	B7
635	F47C	0208	B7
635	F47C	020C	B7
635	F47C	0210	BF
635	F47C	0214	BF
635	F47C	0218	BF
635	F47C	021C	BF
635	F47C	0220	C7
635	F47C	0224	C7
635	F47C	0228	C7
635	F47C	022C	C7
635	F47C	0230	CF
635	F47C	0234	CF
635	F47C	0238	CF
635	F47C	023C	CF
635	F47C	02AC	1F
635	F47C	02E0	25
635	F47C	0254	27
635	F47C	0288	2D
635	F47C	02BC	2D
635	F47C	02F0	31
635	F47C	0264	31
635	F47C	0298	35
635	F47C	02CC	39
635	F47C	0240	40
635	D144	0274	F4
635	D144	02A8	F4
635	D144	02DC	F4
635	D144	0250	F4
635	D144	0284	F4
635	D144	02B8	F4
635	D144	02EC	F4
635	D144	0260	F4
635	D144	0294	F4
635	D144	02C8	F4
635	D144	02FC	F4
635	D144	0270	F4
635	D144	02A4	F4
635	D144	02D8	F4
635	D144	024C	F4
635	D144	0280	F4
635	D144	02B4	F4
635	D144	02E8	F4
635	D144	025C	F4
635	D144	0290	F4
635	D144	02C4	F4
635	D144	02F8	F4
635	D144	026C	F4
635	D144	02A0	F4
635	D144	02D4	F4
635	D144	0248	F4
635	D144	027C	F4
635	D144	02B0	F4
635	D144	02E4	F4
635	D144	0258	F4
635	D144	028C	F4
635	D144	02C0	F4
635	D144	02F4	F4
635	D144	0268	F4
635	D144	029C	F4
635	D144	02D0	F4
635	D144	0244	F4
635	D144	0278	F4
636	F47C	0200	B7
636	F47C	0204	B7
636	F47C	0208	B7
636	F47C	020C	B7
636	F47C	0210	BF
636	F47C	0214	BF
636	F47C	0218	BF
636	F47C	021C	BF
636	F47C	0220	C7
636	F47C	0224	C7
636	F47C	0228	C7
636	F47C	022C	C7
636	F47C	0230	CF
636	F47C	0234	CF
636	F47C	0238	CF
636	F47C	023C	CF
636	F47C	02E0	1F
636	F47C	0254	25
636	F47C	0288	27
636	F47C	02BC	2D
636	F47C	02F0	2D
636	F47C	0264	31
636	F47C	0298	31
636	F47C	02CC	35
636	F47C	0240	39
636	F47C	0274	40
636	D144	02A8	F4
636	D144	02DC	F4
636	D144	0250	F4
636	D144	0284	F4
636	D144	02B8	F4
636	D144	02EC	F4
636	D144	0260	F4
636	D144	0294	F4
636	D144	02C8	F4
636	D144	02FC	F4
636	D144	0270	F4
636	D144	02A4	F4
636	D144	02D8	F4
636	D144	024C	F4
636	D144	0280	F4
636	D144	02B4	F4
636	D144	02E8	F4
636	D144	025C	F4
636	D144	0290	F4
636	D144	02C4	F4
636	D144	02F8	F4
636	D144	026C	F4
636	D144	02A0	F4
636	D144	02D4	F4
636	D144	0248	F4
636	D144	027C	F4
636	D144	02B0	F4
636	D144	02E4	F4
636	D144	0258	F4
636	D144	028C	F4
636	D144	02C0	F4
636	D144	02F4	F4
636	D144	0268	F4
636	D144	029C	F4
636	D144	02D0	F4
636	D144	0244	F4
636	D144	0278	F4
636	D144	02AC	F4
637	F47C	0200	B7
637	F47C	0204	B7
637	F47C	0208	B7
637	F47C	020C	B7
637	F47C	0210	BF
637	F47C	0214	BF
637	F47C	0218	BF
637	F47C	021C	BF
637	F47C	0220	C7
637	F47C	0224	C7
637	F47C	0228	C7
637	F47C	022C	C7
637	F47C	0230	CF
637	F47C	0234	CF
637	F47C	0238	CF
637	F47C	023C	CF
637	F47C	0254	1F
637	F47C	0288	25
637	F47C	02BC	27
637	F47C	02F0	2D
637	F47C	0264	2D
637	F47C	0298	31
637	F47C	02CC	31
637	F47C	0240	35
637	F47C	0274	39
637	F47C	02A8	40
637	D144	02DC	F4
637	D144	0250	F4
637	D144	0284	F4
637	D144	02B8	F4
637	D144	02EC	F4
637	D144	0260	F4
637	D144	0294	F4
637	D144	02C8	F4
637	D144	02FC	F4
637	D144	0270	F4
637	D144	02A4	F4
637	D144	02D8	F4
637	D144	024C	F4
637	D144	0280	F4
637	D144	02B4	F4
637	D144	02E8	F4
637	D144	025C	F4
637	D144	0290	F4
637	D144	02C4	F4
637	D144	02F8	F4
637	D144	026C	F4
637	D144	02A0	F4
637	D144	02D4	F4
637	D144	0248	F4
637	D144	027C	F4
637	D144	02B0	F4
637	D144	02E4	F4
637	D144	0258	F4
637	D144	028C	F4
637	D144	02C0	F4
637	D144	02F4	F4
637	D144	0268	F4
637	D144	029C	F4
637	D144	02D0	F4
637	D144	0244	F4
637	D144	0278	F4
637	D144	02AC	F4
637	D144	02E0	F4
638	F47C	0200	B7
638	F47C	0204	B7
638	F47C	0208	B7
638	F47C	020C	B7
638	F47C	0210	BF
638	F47C	0214	BF
638	F47C	0218	BF
638	F47C	021C	BF
638	F47C	0220	C7
638	F47C	0224	C7
638	F47C	0228	C7
638	F47C	022C	C7
638	F47C	0230	CF
638	F47C	0234	CF
638	F47C	0238	CF
638	F47C	023C	CF
638	F47C	0248	1F
638	F47C	027C	25
638	F47C	02B0	27
638	F47C	02E4	2D
638	F47C	0258	2D
638	F47C	028C	31
638	F47C	02C0	31
638	F47C	02F4	35
638	F47C	0268	39
638	F47C	029C	40
638	D144	02D0	F4
638	D144	0244	F4
638	D144	0278	F4
638	D144	02AC	F4
638	D144	02E0	F4
638	D144	0254	F4
638	D144	0288	F4
638	D144	02BC	F4
638	D144	02F0	F4
638	D144	0264	F4
638	D144	0298	F4
638	D144	02CC	F4
638	D144	0240	F4
638	D144	0274	F4
638	D144	02A8	F4
638	D144	02DC	F4
638	D144	0250	F4
638	D144	0284	F4
638	D144	02B8	F4
638	D144	02EC	F4
638	D144	0260	F4
638	D144	0294	F4
638	D144	02C8	F4
638	D144	02FC	F4
638	D144	0270	F4
638	D144	02A4	F4
638	D144	02D8	F4
638	D144	024C	F4
638	D144	0280	F4
638	D144	02B4	F4
638	D144	02E8	F4
638	D144	025C	F4
638	D144	0290	F4
638	D144	02C4	F4
638	D144	02F8	F4
638	D144	026C	F4
638	D144	02A0	F4
638	D144	02D4	F4
639	F47C	0200	B7
639	F47C	0204	B7
639	F47C	0208	B7
639	F47C	020C	B7
639	F47C	0210	BF
639	F47C	0214	BF
639	F47C	0218	BF
639	F47C	021C	BF
639	F47C	0220	C7
639	F47C	0224	C7
639	F47C	0228	C7
639	F47C	022C	C7
639	F47C	0230	CF
639	F47C	0234	CF
639	F47C	0238	CF
639	F47C	023C	CF
639	F47C	027C	1F
639	F47C	02B0	25
639	F47C	02E4	27
639	F47C	0258	2D
639	F47C	028C	2D
639	F47C	02C0	31
639	F47C	02F4	31
639	F47C	0268	35
639	F47C	029C	39
639	F47C	02D0	40
639	D144	0244	F4
639	D144	0278	F4
639	D144	02AC	F4
639	D144	02E0	F4
639	D144	0254	F4
639	D144	0288	F4
639	D144	02BC	F4
639	D144	02F0	F4
639	D144	0264	F4
639	D144	0298	F4
639	D144	02CC	F4
639	D144	0240	F4
639	D144	0274	F4
639	D144	02A8	F4
639	D144	02DC	F4
639	D144	0250	F4
639	D144	0284	F4
639	D144	02B8	F4
639	D144	02EC	F4
639	D144	0260	F4
639	D144	0294	F4
639	D144	02C8	F4
639	D144	02FC	F4
639	D144	0270	F4
639	D144	02A4	F4
639	D144	02D8	F4
639	D144	024C	F4
639	D144	0280	F4
639	D144	02B4	F4
639	D144	02E8	F4
639	D144	025C	F4
639	D144	0290	F4
639	D144	02C4	F4
639	D144	02F8	F4
639	D144	026C	F4
639	D144	02A0	F4
639	D144	02D4	F4
639	D144	0248	F4
640	F47C	0200	B7
640	F47C	0204	B7
640	F47C	0208	B7
640	F47C	020C	B7
640	F47C	0210	BF
640	F47C	0214	BF
640	F47C	0218	BF
640	F47C	021C	BF
640	F47C	0220	C7
640	F47C	0224	C7
640	F47C	0228	C7
640	F47C	022C	C7
640	F47C	0230	CF
640	F47C	0234	CF
640	F47C	0238	CF
640	F47C	023C	CF
640	F47C	02B0	1F
640	F47C	02E4	25
640	F47C	0258	27
640	F47C	028C	2D
640	F47C	02C0	2D
640	F47C	02F4	31
640	F47C	0268	31
640	F47C	029C	35
640	F47C	02D0	39
640	F47C	0244	40
640	D144	0278	F4
640	D144	02AC	F4
640	D144	02E0	F4
640	D144	0254	F4
640	D144	0288	F4
640	D144	02BC	F4
640	D144	02F0	F4
640	D144	0264	F4
640	D144	0298	F4
640	D144	02CC	F4
640	D144	0240	F4
640	D144	0274	F4
640	D144	02A8	F4
640	D144	02DC	F4
640	D144	0250	F4
640	D144	0284	F4
640	D144	02B8	F4
640	D144	02EC	F4
640	D144	0260	F4
640	D144	0294	F4
640	D144	02C8	F4
640	D144	02FC	F4
640	D144	0270	F4
640	D144	02A4	F4
640	D144	02D8	F4
640	D144	024C	F4
640	D144	0280	F4
640	D144	02B4	F4
640	D144	02E8	F4
640	D144	025C	F4
640	D144	0290	F4
640	D144	02C4	F4
640	D144	02F8	F4
640	D144	026C	F4
640	D144	02A0	F4
640	D144	02D4	F4
640	D144	0248	F4
640	D144	027C	F4
641	F47C	0200	B7
641	F47C	0204	B7
641	F47C	0208	B7
641	F47C	020C	B7
641	F47C	0210	BF
641	F47C	0214	BF
641	F47C	0218	BF
641	F47C	021C	BF
641	F47C	0220	C7
641	F47C	0224	C7
641	F47C	0228	C7
641	F47C	022C	C7
641	F47C	0230	CF
641	F47C	0234	CF
641	F47C	0238	CF
641	F47C	023C	CF
641	F47C	02E4	1F
641	F47C	0258	25
641	F47C	028C	27
641	F47C	02C0	2D
641	F47C	02F4	2D
641	F47C	0268	31
641	F47C	029C	31
641	F47C	02D0	35
641	F47C	0244	39
641	F47C	0278	40
641	D144	02AC	F4
641	D144	02E0	F4
641	D144	0254	F4
641	D144	0288	F4
641	D144	02BC	F4
641	D144	02F0	F4
641	D144	0264	F4
641	D144	0298	F4
641	D144	02CC	F4
641	D144	0240	F4
641	D144	0274	F4
641	D144	02A8	F4
641	D144	02DC	F4
641	D144	0250	F4
641	D144	0284	F4
641	D144	02B8	F4
641	D144	02EC	F4
641	D144	0260	F4
641	D144	0294	F4
641	D144	02C8	F4
641	D144	02FC	F4
641	D144	0270	F4
641	D144	02A4	F4
641	D144	02D8	F4
641	D144	024C	F4
641	D144	0280	F4
641	D144	02B4	F4
641	D144	02E8	F4
641	D144	025C	F4
641	D144	0290	F4
641	D144	02C4	F4
641	D144	02F8	F4
641	D144	026C	F4
641	D144	02A0	F4
641	D144	02D4	F4
641	D144	0248	F4
641	D144	027C	F4
641	D144	02B0	F4
642	F47C	0200	B7
642	F47C	0204	B7
642	F47C	0208	B7
642	F47C	020C	B7
642	F47C	0210	BF
642	F47C	0214	BF
642	F47C	0218	BF
642	F47C	021C	BF
642	F47C	0220	C7
642	F47C	0224	C7
642	F47C	0228	C7
642	F47C	022C	C7
642	F47C	0230	CF
642	F47C	0234	CF
642	F47C	0238	CF
642	F47C	023C	CF
642	F47C	0258	1F
642	F47C	028C	25
642	F47C	02C0	27
642	F47C	02F4	2D
642	F47C	0268	2D
642	F47C	029C	31
642	F47C	02D0	31
642	F47C	0244	35
642	F47C	0278	39
642	F47C	02AC	40
642	D144	02E0	F4
642	D144	0254	F4
642	D144	0288	F4
642	D144	02BC	F4
642	D144	02F0	F4
642	D144	0264	F4
642	D144	0298	F4
642	D144	02CC	F4
642	D144	0240	F4
642	D144	0274	F4
642	D144	02A8	F4
642	D144	02DC	F4
642	D144	0250	F4
642	D144	0284	F4
642	D144	02B8	F4
642	D144	02EC	F4
642	D144	0260	F4
642	D144	0294	F4
642	D144	02C8	F4
642	D144	02FC	F4
642	D144	0270	F4
642	D144	02A4	F4
642	D144	02D8	F4
642	D144	024C	F4
642	D144	0280	F4
642	D144	02B4	F4
642	D144	02E8	F4
642	D144	025C	F4
642	D144	0290	F4
642	D144	02C4	F4
642	D144	02F8	F4
642	D144	026C	F4
642	D144	02A0	F4
642	D144	02D4	F4
642	D144	0248	F4
642	D144	027C	F4
642	D144	02B0	F4
642	D144	02E4	F4
643	F47C	0200	B7
643	F47C	0204	B7
643	F47C	0208	B7
643	F47C	020C	B7
643	F47C	0210	BF
643	F47C	0214	BF
643	F47C	0218	BF
643	F47C	021C	BF
643	F47C	0220	C7
643	F47C	0224	C7
643	F47C	0228	C7
643	F47C	022C	C7
643	F47C	0230	CF
643	F47C	0234	CF
643	F47C	0238	CF
643	F47C	023C	CF
643	F47C	024C	1F
643	F47C	0280	25
643	F47C	02B4	27
643	F47C	02E8	2D
643	F47C	025C	2D
643	F47C	0290	31
643	F47C	02C4	31
643	F47C	02F8	35
643	F47C	026C	39
643	F47C	02A0	40
643	D144	02D4	F4
643	D144	0248	F4
643	D144	027C	F4
643	D144	02B0	F4
643	D144	02E4	F4
643	D144	0258	F4
643	D144	028C	F4
643	D144	02C0	F4
643	D144	02F4	F4
643	D144	0268	F4
643	D144	029C	F4
643	D144	02D0	F4
643	D144	0244	F4
643	D144	0278	F4
643	D144	02AC	F4
643	D144	02E0	F4
643	D144	0254	F4
643	D144	0288	F4
643	D144	02BC	F4
643	D144	02F0	F4
643	D144	0264	F4
643	D144	0298	F4
643	D144	02CC	F4
643	D144	0240	F4
643	D144	0274	F4
643	D144	02A8	F4
643	D144	02DC	F4
643	D144	0250	F4
643	D144	0284	F4
643	D144	02B8	F4
643	D144	02EC	F4
643	D144	0260	F4
643	D144	0294	F4
643	D144	02C8	F4
643	D144	02FC	F4
643	D144	0270	F4
643	D144	02A4	F4
643	D144	02D8	F4
644	F47C	0200	B7
644	F47C	0204	B7
644	F47C	0208	B7
644	F47C	020C	B7
644	F47C	0210	BF
644	F47C	0214	BF
644	F47C	0218	BF
644	F47C	021C	BF
644	F47C	0220	C7
644	F47C	0224	C7
644	F47C	0228	C7
644	F47C	022C	C7
644	F47C	0230	CF
644	F47C	0234	CF
644	F47C	0238	CF
644	F47C	023C	CF
644	F47C	0280	1F
644	F47C	02B4	25
644	F47C	02E8	27
644	F47C	025C	2D
644	F47C	0290	2D
644	F47C	02C4	31
644	F47C	02F8	31
644	F47C	026C	35
644	F47C	02A0	39
644	F47C	02D4	40
644	D144	0248	F4
644	D144	027C	F4
644	D144	02B0	F4
644	D144	02E4	F4
644	D144	0258	F4
644	D144	028C	F4
644	D144	02C0	F4
644	D144	02F4	F4
644	D144	0268	F4
644	D144	029C	F4
644	D144	02D0	F4
644	D144	0244	F4
644	D144	0278	F4
644	D144	02AC	F4
644	D144	02E0	F4
644	D144	0254	F4
644	D144	0288	F4
644	D144	02BC	F4
644	D144	02F0	F4
644	D144	0264	F4
644	D144	0298	F4
644	D144	02CC	F4
644	D144	0240	F4
644	D144	0274	F4
644	D144	02A8	F4
644	D144	02DC	F4
644	D144	0250	F4
644	D144	0284	F4
644	D144	02B8	F4
644	D144	02EC	F4
644	D144	0260	F4
644	D144	0294	F4
644	D144	02C8	F4
644	D144	02FC	F4
644	D144	0270	F4
644	D144	02A4	F4
644	D144	02D8	F4
644	D144	024C	F4
645	F47C	0200	B7
645	F47C	0204	B7
645	F47C	0208	B7
645	F47C	020C	B7
645	F47C	0210	BF
645	F47C	0214	BF
645	F47C	0218	BF
645	F47C	021C	BF
645	F47C	0220	C7
645	F47C	0224	C7
645	F47C	0228	C7
645	F47C	022C	C7
645	F47C	0230	CF
645	F47C	0234	CF
645	F47C	0238	CF
645	F47C	023C	CF
645	F47C	02B4	1F
645	F47C	02E8	25
645	F47C	025C	27
645	F47C	0290	2D
645	F47C	02C4	2D
645	F47C	02F8	31
645	F47C	026C	31
645	F47C	02A0	35
645	F47C	02D4	39
645	F47C	0248	40
645	D144	027C	F4
645	D144	02B0	F4
645	D144	02E4	F4
645	D144	0258	F4
645	D144	028C	F4
645	D144	02C0	F4
645	D144	02F4	F4
645	D144	0268	F4
645	D144	029C	F4
645	D144	02D0	F4
645	D144	0244	F4
645	D144	0278	F4
645	D144	02AC	F4
645	D144	02E0	F4
645	D144	0254	F4
645	D144	0288	F4
645	D144	02BC	F4
645	D144	02F0	F4
645	D144	0264	F4
645	D144	0298	F4
645	D144	02CC	F4
645	D144	0240	F4
645	D144	0274	F4
645	D144	02A8	F4
645	D144	02DC	F4
645	D144	0250	F4
645	D144	0284	F4
645	D144	02B8	F4
645	D144	02EC	F4
645	D144	0260	F4
645	D144	0294	F4
645	D144	02C8	F4
645	D144	02FC	F4
645	D144	0270	F4
645	D144	02A4	F4
645	D144	02D8	F4
645	D144	024C	F4
645	D144	0280	F4
646	F47C	0200	B7
646	F47C	0204	B7
646	F47C	0208	B7
646	F47C	020C	B7
646	F47C	0210	BF
646	F47C	0214	BF
646	F47C	0218	BF
646	F47C	021C	BF
646	F47C	0220	C7
646	F47C	0224	C7
646	F47C	0228	C7
646	F47C	022C	C7
646	F47C	0230	CF
646	F47C	0234	CF
646	F47C	0238	CF
646	F47C	023C	CF
646	F47C	02E8	1F
646	F47C	025C	25
646	F47C	0290	27
646	F47C	02C4	2D
646	F47C	02F8	2D
646	F47C	026C	31
646	F47C	02A0	31
646	F47C	02D4	35
646	F47C	0248	39
646	F47C	027C	40
646	D144	02B0	F4
646	D144	02E4	F4
646	D144	0258	F4
646	D144	028C	F4
646	D144	02C0	F4
646	D144	02F4	F4
646	D144	0268	F4
646	D144	029C	F4
646	D144	02D0	F4
646	D144	0244	F4
646	D144	0278	F4
646	D144	02AC	F4
646	D144	02E0	F4
646	D144	0254	F4
646	D144	0288	F4
646	D144	02BC	F4
646	D144	02F0	F4
646	D144	0264	F4
646	D144	0298	F4
646	D144	02CC	F4
646	D144	0240	F4
646	D144	0274	F4
646	D144	02A8	F4
646	D144	02DC	F4
646	D144	0250	F4
646	D144	0284	F4
646	D144	02B8	F4
646	D144	02EC	F4
646	D144	0260	F4
646	D144	0294	F4
646	D144	02C8	F4
646	D144	02FC	F4
646	D144	0270	F4
646	D144	02A4	F4
646	D144	02D8	F4
646	D144	024C	F4
646	D144	0280	F4
646	D144	02B4	F4
647	F47C	0200	B7
647	F47C	0204	B7
647	F47C	0208	B7
647	F47C	020C	B7
647	F47C	0210	BF
647	F47C	0214	BF
647	F47C	0218	BF
647	F47C	021C	BF
647	F47C	0220	C7
647	F47C	0224	C7
647	F47C	0228	C7
647	F47C	022C	C7
647	F47C	0230	CF
647	F47C	0234	CF
647	F47C	0238	CF
647	F47C	023C	CF
647	F47C	025C	1F
647	F47C	0290	25
647	F47C	02C4	27
647	F47C	02F8	2D
647	F47C	026C	2D
647	F47C	02A0	31
647	F47C	02D4	31
647	F47C	0248	35
647	F47C	027C	39
647	F47C	02B0	40
647	D144	02E4	F4
647	D144	0258	F4
647	D144	028C	F4
647	D144	02C0	F4
647	D144	02F4	F4
647	D144	0268	F4
647	D144	029C	F4
647	D144	02D0	F4
647	D144	0244	F4
647	D144	0278	F4
647	D144	02AC	F4
647	D144	02E0	F4
647	D144	0254	F4
647	D144	0288	F4
647	D144	02BC	F4
647	D144	02F0	F4
647	D144	0264	F4
647	D144	0298	F4
647	D144	02CC	F4
647	D144	0240	F4
647	D144	0274	F4
647	D144	02A8	F4
647	D144	02DC	F4
647	D144	0250	F4
647	D144	0284	F4
647	D144	02B8	F4
647	D144	02EC	F4
647	D144	0260	F4
647	D144	0294	F4
647	D144	02C8	F4
647	D144	02FC	F4
647	D144	0270	F4
647	D144	02A4	F4
647	D144	02D8	F4
647	D144	024C	F4
647	D144	0280	F4
647	D144	02B4	F4
647	D144	02E8	F4
648	F47C	0200	B7
648	F47C	0204	B7
648	F47C	0208	B7
648	F47C	020C	B7
648	F47C	0210	BF
648	F47C	0214	BF
648	F47C	0218	BF
648	F47C	021C	BF
648	F47C	0220	C7
648	F47C	0224	C7
648	F47C	0228	C7
648	F47C	022C	C7
648	F47C	0230	CF
648	F47C	0234	CF
648	F47C	0238	CF
648	F47C	023C	CF
648	F47C	0250	1F
648	F47C	0284	25
648	F47C	02B8	27
648	F47C	02EC	2D
648	F47C	0260	2D
648	F47C	0294	31
648	F47C	02C8	31
648	F47C	02FC	35
648	F47C	0270	39
648	F47C	02A4	40
648	D144	02D8	F4
648	D144	024C	F4
648	D144	0280	F4
648	D144	02B4	F4
648	D144	02E8	F4
648	D144	025C	F4
648	D144	0290	F4
648	D144	02C4	F4
648	D144	02F8	F4
648	D144	026C	F4
648	D144	02A0	F4
648	D144	02D4	F4
648	D144	0248	F4
648	D144	027C	F4
648	D144	02B0	F4
648	D144	02E4	F4
648	D144	0258	F4
648	D144	028C	F4
648	D144	02C0	F4
648	D144	02F4	F4
648	D144	0268	F4
648	D144	029C	F4
648	D144	02D0	F4
648	D144	0244	F4
648	D144	0278	F4
648	D144	02AC	F4
648	D144	02E0	F4
648	D144	0254	F4
648	D144	0288	F4
648	D144	02BC	F4
648	D144	02F0	F4
648	D144	0264	F4
648	D144	0298	F4
648	D144	02CC	F4
648	D144	0240	F4
648	D144	0274	F4
648	D144	02A8	F4
648	D144	02DC	F4
649	F47C	0200	B7
649	F47C	0204	B7
649	F47C	0208	B7
649	F47C	020C	B7
649	F47C	0210	BF
649	F47C	0214	BF
649	F47C	0218	BF
649	F47C	021C	BF
649	F47C	0220	C7
649	F47C	0224	C7
649	F47C	0228	C7
649	F47C	022C	C7
649	F47C	0230	CF
649	F47C	0234	CF
649	F47C	0238	CF
649	F47C	023C	CF
649	F47C	0284	1F
649	F47C	02B8	25
649	F47C	02EC	27
649	F47C	0260	2D
649	F47C	0294	2D
649	F47C	02C8	31
649	F47C	02FC	31
649	F47C	0270	35
649	F47C	02A4	39
649	F47C	02D8	40
649	D144	024C	F4
649	D144	0280	F4
649	D144	02B4	F4
649	D144	02E8	F4
649	D144	025C	F4
649	D144	0290	F4
649	D144	02C4	F4
649	D144	02F8	F4
649	D144	026C	F4
649	D144	02A0	F4
649	D144	02D4	F4
649	D144	0248	F4
649	D144	027C	F4
649	D144	02B0	F4
649	D144	02E4	F4
649	D144	0258	F4
649	D144	028C	F4
649	D144	02C0	F4
649	D144	02F4	F4
649	D144	0268	F4
649	D144	029C	F4
649	D144	02D0	F4
649	D144	0244	F4
649	D144	0278	F4
649	D144	02AC	F4
649	D144	02E0	F4
649	D144	0254	F4
649	D144	0288	F4
649	D144	02BC	F4
649	D144	02F0	F4
649	D144	0264	F4
649	D144	0298	F4
649	D144	02CC	F4
649	D144	0240	F4
649	D144	0274	F4
649	D144	02A8	F4
649	D144	02DC	F4
649	D144	0250	F4
650	F47C	0200	B7
650	F47C	0204	B7
650	F47C	0208	B7
650	F47C	020C	B7
650	F47C	0210	BF
650	F47C	0214	BF
650	F47C	0218	BF
650	F47C	021C	BF
650	F47C	0220	C7
650	F47C	0224	C7
650	F47C	0228	C7
650	F47C	022C	C7
650	F47C	0230	CF
650	F47C	0234	CF
650	F47C	0238	CF
650	F47C	023C	CF
650	F47C	02B8	1F
650	F47C	02EC	25
650	F47C	0260	27
650	F47C	0294	2D
650	F47C	02C8	2D
650	F47C	02FC	31
650	F47C	0270	31
650	F47C	02A4	35
650	F47C	02D8	39
650	F47C	024C	40
650	D144	0280	F4
650	D144	02B4	F4
650	D144	02E8	F4
650	D144	025C	F4
650	D144	0290	F4
650	D144	02C4	F4
650	D144	02F8	F4
650	D144	026C	F4
650	D144	02A0	F4
650	D144	02D4	F4
650	D144	0248	F4
650	D144	027C	F4
650	D144	02B0	F4
650	D144	02E4	F4
650	D144	0258	F4
650	D144	028C	F4
650	D144	02C0	F4
650	D144	02F4	F4
650	D144	0268	F4
650	D144	029C	F4
650	D144	02D0	F4
650	D144	0244	F4
650	D144	0278	F4
650	D144	02AC	F4
650	D144	02E0	F4
650	D144	0254	F4
650	D144	0288	F4
650	D144	02BC	F4
650	D144	02F0	F4
650	D144	0264	F4
650	D144	0298	F4
650	D144	02CC	F4
650	D144	0240	F4
650	D144	0274	F4
650	D144	02A8	F4
650	D144	02DC	F4
650	D144	0250	F4
650	D144	0284	F4
651	F47C	0200	B7
651	F47C	0204	B7
651	F47C	0208	B7
651	F47C	020C	B7
651	F47C	0210	BF
651	F47C	0214	BF
651	F47C	0218	BF
651	F47C	021C	BF
651	F47C	0220	C7
651	F47C	0224	C7
651	F47C	0228	C7
651	F47C	022C	C7
651	F47C	0230	CF
651	F47C	0234	CF
651	F47C	0238	CF
651	F47C	023C	CF
651	F47C	02EC	1F
651	F47C	0260	25
651	F47C	0294	27
651	F47C	02C8	2D
651	F47C	02FC	2D
651	F47C	0270	31
651	F47C	02A4	31
651	F47C	02D8	35
651	F47C	024C	39
651	F47C	0280	40
651	D144	02B4	F4
651	D144	02E8	F4
651	D144	025C	F4
651	D144	0290	F4
651	D144	02C4	F4
651	D144	02F8	F4
651	D144	026C	F4
651	D144	02A0	F4
651	D144	02D4	F4
651	D144	0248	F4
651	D144	027C	F4
651	D144	02B0	F4
651	D144	02E4	F4
651	D144	0258	F4
651	D144	028C	F4
651	D144	02C0	F4
651	D144	02F4	F4
651	D144	0268	F4
651	D144	029C	F4
651	D144	02D0	F4
651	D144	0244	F4
651	D144	0278	F4
651	D144	02AC	F4
651	D144	02E0	F4
651	D144	0254	F4
651	D144	0288	F4
651	D144	02BC	F4
651	D144	02F0	F4
651	D144	0264	F4
651	D144	0298	F4
651	D144	02CC	F4
651	D144	0240	F4
651	D144	0274	F4
651	D144	02A8	F4
651	D144	02DC	F4
651	D144	0250	F4
651	D144	0284	F4
651	D144	02B8	F4
652	F47C	0200	B7
652	F47C	0204	B7
652	F47C	0208	B7
652	F47C	020C	B7
652	F47C	0210	BF
652	F47C	0214	BF
652	F47C	0218	BF
652	F47C	021C	BF
652	F47C	0220	C7
652	F47C	0224	C7
652	F47C	0228	C7
652	F47C	022C	C7
652	F47C	0230	CF
652	F47C	0234	CF
652	F47C	0238	CF
652	F47C	023C	CF
652	F47C	0260	1F
652	F47C	0294	25
652	F47C	02C8	27
652	F47C	02FC	2D
652	F47C	0270	2D
652	F47C	02A4	31
652	F47C	02D8	31
652	F47C	024C	35
652	F47C	0280	39
652	F47C	02B4	40
652	D144	02E8	F4
652	D144	025C	F4
652	D144	0290	F4
652	D144	02C4	F4
652	D144	02F8	F4
652	D144	026C	F4
652	D144	02A0	F4
652	D144	02D4	F4
652	D144	0248	F4
652	D144	027C	F4
652	D144	02B0	F4
652	D144	02E4	F4
652	D144	0258	F4
652	D144	028C	F4
652	D144	02C0	F4
652	D144	02F4	F4
652	D144	0268	F4
652	D144	029C	F4
652	D144	02D0	F4
652	D144	0244	F4
652	D144	0278	F4
652	D144	02AC	F4
652	D144	02E0	F4
652	D144	0254	F4
652	D144	0288	F4
652	D144	02BC	F4
652	D144	02F0	F4
652	D144	0264	F4
652	D144	0298	F4
652	D144	02CC	F4
652	D144	0240	F4
652	D144	0274	F4
652	D144	02A8	F4
652	D144	02DC	F4
652	D144	0250	F4
652	D144	0284	F4
652	D144	02B8	F4
652	D144	02EC	F4
653	F47C	0200	B7
653	F47C	0204	B7
653	F47C	0208	B7
653	F47C	020C	B7
653	F47C	0210	BF
653	F47C	0214	BF
653	F47C	0218	BF
653	F47C	021C	BF
653	F47C	0220	C7
653	F47C	0224	C7
653	F47C	0228	C7
653	F47C	022C	C7
653	F47C	0230	CF
653	F47C	0234	CF
653	F47C	0238	CF
653	F47C	023C	CF
653	F47C	0254	1F
653	F47C	0288	25
653	F47C	02BC	27
653	F47C	02F0	2D
653	F47C	0264	2D
653	F47C	0298	31
653	F47C	02CC	31
653	F47C	0240	35
653	F47C	0274	39
653	F47C	02A8	40
653	D144	02DC	F4
653	D144	0250	F4
653	D144	0284	F4
653	D144	02B8	F4
653	D144	02EC	F4
653	D144	0260	F4
653	D144	0294	F4
653	D144	02C8	F4
653	D144	02FC	F4
653	D144	0270	F4
653	D144	02A4	F4
653	D144	02D8	F4
653	D144	024C	F4
653	D144	0280	F4
653	D144	02B4	F4
653	D144	02E8	F4
653	D144	025C	F4
653	D144	0290	F4
653	D144	02C4	F4
653	D144	02F8	F4
653	D144	026C	F4
653	D144	02A0	F4
653	D144	02D4	F4
653	D144	0248	F4
653	D144	027C	F4
653	D144	02B0	F4
653	D144	02E4	F4
653	D144	0258	F4
653	D144	028C	F4
653	D144	02C0	F4
653	D144	02F4	F4
653	D144	0268	F4
653	D144	029C	F4
653	D144	02D0	F4
653	D144	0244	F4
653	D144	0278	F4
653	D144	02AC	F4
653	D144	02E0	F4
654	F47C	0200	B7
654	F47C	0204	B7
654	F47C	0208	B7
654	F47C	020C	B7
654	F47C	0210	BF
654	F47C	0214	BF
654	F47C	0218	BF
654	F47C	021C	BF
654	F47C	0220	C7
654	F47C	0224	C7
654	F47C	0228	C7
654	F47C	022C	C7
654	F47C	0230	CF
654	F47C	0234	CF
654	F47C	0238	CF
654	F47C	023C	CF
654	F47C	0288	1F
654	F47C	02BC	25
654	F47C	02F0	27
654	F47C	0264	2D
654	F47C	0298	2D
654	F47C	02CC	31
654	F47C	0240	31
654	F47C	0274	35
654	F47C	02A8	39
654	F47C	02DC	40
654	D144	0250	F4
654	D144	0284	F4
654	D144	02B8	F4
654	D144	02EC	F4
654	D144	0260	F4
654	D144	0294	F4
654	D144	02C8	F4
654	D144	02FC	F4
654	D144	0270	F4
654	D144	02A4	F4
654	D144	02D8	F4
654	D144	024C	F4
654	D144	0280	F4
654	D144	02B4	F4
654	D144	02E8	F4
654	D144	025C	F4
654	D144	0290	F4
654	D144	02C4	F4
654	D144	02F8	F4
654	D144	026C	F4
654	D144	02A0	F4
654	D144	02D4	F4
654	D144	0248	F4
654	D144	027C	F4
654	D144	02B0	F4
654	D144	02E4	F4
654	D144	0258	F4
654	D144	028C	F4
654	D144	02C0	F4
654	D144	02F4	F4
654	D144	0268	F4
654	D144	029C	F4
654	D144	02D0	F4
654	D144	0244	F4
654	D144	0278	F4
654	D144	02AC	F4
654	D144	02E0	F4
654	D144	0254	F4
655	F47C	0200	B7
655	F47C	0204	B7
655	F47C	0208	B7
655	F47C	020C	B7
655	F47C	0210	BF
655	F47C	0214	BF
655	F47C	0218	BF
655	F47C	021C	BF
655	F47C	0220	C7
655	F47C	0224	C7
655	F47C	0228	C7
655	F47C	022C	C7
655	F47C	0230	CF
655	F47C	0234	CF
655	F47C	0238	CF
655	F47C	023C	CF
655	F47C	02BC	1F
655	F47C	02F0	25
655	F47C	0264	27
655	F47C	0298	2D
655	F47C	02CC	2D
655	F47C	0240	31
655	F47C	0274	31
655	F47C	02A8	35
655	F47C	02DC	39
655	F47C	0250	40
655	D144	0284	F4
655	D144	02B8	F4
655	D144	02EC	F4
655	D144	0260	F4
655	D144	0294	F4
655	D144	02C8	F4
655	D144	02FC	F4
655	D144	0270	F4
655	D144	02A4	F4
655	D144	02D8	F4
655	D144	024C	F4
655	D144	0280	F4
655	D144	02B4	F4
655	D144	02E8	F4
655	D144	025C	F4
655	D144	0290	F4
655	D144	02C4	F4
655	D144	02F8	F4
655	D144	026C	F4
655	D144	02A0	F4
655	D144	02D4	F4
655	D144	0248	F4
655	D144	027C	F4
655	D144	02B0	F4
655	D144	02E4	F4
655	D144	0258	F4
655	D144	028C	F4
655	D144	02C0	F4
655	D144	02F4	F4
655	D144	0268	F4
655	D144	029C	F4
655	D144	02D0	F4
655	D144	0244	F4
655	D144	0278	F4
655	D144	02AC	F4
655	D144	02E0	F4
655	D144	0254	F4
655	D144	0288	F4
656	F47C	0200	B7
656	F47C	0204	B7
656	F47C	0208	B7
656	F47C	020C	B7
656	F47C	0210	BF
656	F47C	0214	BF
656	F47C	0218	BF
656	F47C	021C	BF
656	F47C	0220	C7
656	F47C	0224	C7
656	F47C	0228	C7
656	F47C	022C	C7
656	F47C	0230	CF
656	F47C	0234	CF
656	F47C	0238	CF
656	F47C	023C	CF
656	F47C	02F0	1F
656	F47C	0264	25
656	F47C	0298	27
656	F47C	02CC	2D
656	F47C	0240	2D
656	F47C	0274	31
656	F47C	02A8	31
656	F47C	02DC	35
656	F47C	0250	39
656	F47C	0284	40
656	D144	02B8	F4
656	D144	02EC	F4
656	D144	0260	F4
656	D144	0294	F4
656	D144	02C8	F4
656	D144	02FC	F4
656	D144	0270	F4
656	D144	02A4	F4
656	D144	02D8	F4
656	D144	024C	F4
656	D144	0280	F4
656	D144	02B4	F4
656	D144	02E8	F4
656	D144	025C	F4
656	D144	0290	F4
656	D144	02C4	F4
656	D144	02F8	F4
656	D144	026C	F4
656	D144	02A0	F4
656	D144	02D4	F4
656	D144	0248	F4
656	D144	027C	F4
656	D144	02B0	F4
656	D144	02E4	F4
656	D144	0258	F4
656	D144	028C	F4
656	D144	02C0	F4
656	D144	02F4	F4
656	D144	0268	F4
656	D144	029C	F4
656	D144	02D0	F4
656	D144	0244	F4
656	D144	0278	F4
656	D144	02AC	F4
656	D144	02E0	F4
656	D144	0254	F4
656	D144	0288	F4
656	D144	02BC	F4
657	F47C	0200	B7
657	F47C	0204	B7
657	F47C	0208	B7
657	F47C	020C	B7
657	F47C	0210	BF
657	F47C	0214	BF
657	F47C	0218	BF
657	F47C	021C	BF
657	F47C	0220	C7
657	F47C	0224	C7
657	F47C	0228	C7
657	F47C	022C	C7
657	F47C	0230	CF
657	F47C	0234	CF
657	F47C	0238	CF
657	F47C	023C	CF
657	F47C	0264	1F
657	F47C	0298	25
657	F47C	02CC	27
657	F47C	0240	2D
657	F47C	0274	2D
657	F47C	02A8	31
657	F47C	02DC	31
657	F47C	0250	35
657	F47C	0284	39
657	F47C	02B8	40
657	D144	02EC	F4
657	D144	0260	F4
657	D144	0294	F4
657	D144	02C8	F4
657	D144	02FC	F4
657	D144	0270	F4
657	D144	02A4	F4
657	D144	02D8	F4
657	D144	024C	F4
657	D144	0280	F4
657	D144	02B4	F4
657	D144	02E8	F4
657	D144	025C	F4
657	D144	0290	F4
657	D144	02C4	F4
657	D144	02F8	F4
657	D144	026C	F4
657	D144	02A0	F4
657	D144	02D4	F4
657	D144	0248	F4
657	D144	027C	F4
657	D144	02B0	F4
657	D144	02E4	F4
657	D144	0258	F4
657	D144	028C	F4
657	D144	02C0	F4
657	D144	02F4	F4
657	D144	0268	F4
657	D144	029C	F4
657	D144	02D0	F4
657	D144	0244	F4
657	D144	0278	F4
657	D144	02AC	F4
657	D144	02E0	F4
657	D144	0254	F4
657	D144	0288	F4
657	D144	02BC	F4
657	D144	02F0	F4
658	F47C	0200	B7
658	F47C	0204	B7
658	F47C	0208	B7
658	F47C	020C	B7
658	F47C	0210	BF
658	F47C	0214	BF
658	F47C	0218	BF
658	F47C	021C	BF
658	F47C	0220	C7
658	F47C	0224	C7
658	F47C	0228	C7
658	F47C	022C	C7
658	F47C	0230	CF
658	F47C	0234	CF
658	F47C	0238	CF
658	F47C	023C	CF
658	F47C	0258	1F
658	F47C	028C	25
658	F47C	02C0	27
658	F47C	02F4	2D
658	F47C	0268	2D
658	F47C	029C	31
658	F47C	02D0	31
658	F47C	0244	35
658	F47C	0278	39
658	F47C	02AC	40
658	D144	02E0	F4
658	D144	0254	F4
658	D144	0288	F4
658	D144	02BC	F4
658	D144	02F0	F4
658	D144	0264	F4
658	D144	0298	F4
658	D144	02CC	F4
658	D144	0240	F4
658	D144	0274	F4
658	D144	02A8	F4
658	D144	02DC	F4
658	D144	0250	F4
658	D144	0284	F4
658	D144	02B8	F4
658	D144	02EC	F4
658	D144	0260	F4
658	D144	0294	F4
658	D144	02C8	F4
658	D144	02FC	F4
658	D144	0270	F4
658	D144	02A4	F4
658	D144	02D8	F4
658	D144	024C	F4
658	D144	0280	F4
658	D144	02B4	F4
658	D144	02E8	F4
658	D144	025C	F4
658	D144	0290	F4
658	D144	02C4	F4
658	D144	02F8	F4
658	D144	026C	F4
658	D144	02A0	F4
658	D144	02D4	F4
658	D144	0248	F4
658	D144	027C	F4
658	D144	02B0	F4
658	D144	02E4	F4
659	F47C	0200	B7
659	F47C	0204	B7
659	F47C	0208	B7
659	F47C	020C	B7
659	F47C	0210	BF
659	F47C	0214	BF
659	F47C	0218	BF
659	F47C	021C	BF
659	F47C	0220	C7
659	F47C	0224	C7
659	F47C	0228	C7
659	F47C	022C	C7
659	F47C	0230	CF
659	F47C	0234	CF
659	F47C	0238	CF
659	F47C	023C	CF
659	F47C	028C	1F
659	F47C	02C0	25
659	F47C	02F4	27
659	F47C	0268	2D
659	F47C	029C	2D
659	F47C	02D0	31
659	F47C	0244	31
659	F47C	0278	35
659	F47C	02AC	39
659	F47C	02E0	40
659	D144	0254	F4
659	D144	0288	F4
659	D144	02BC	F4
659	D144	02F0	F4
659	D144	0264	F4
659	D144	0298	F4
659	D144	02CC	F4
659	D144	0240	F4
659	D144	0274	F4
659	D144	02A8	F4
659	D144	02DC	F4
659	D144	0250	F4
659	D144	0284	F4
659	D144	02B8	F4
659	D144	02EC	F4
659	D144	0260	F4
659	D144	0294	F4
659	D144	02C8	F4
659	D144	02FC	F4
659	D144	0270	F4
659	D144	02A4	F4
659	D144	02D8	F4
659	D144	024C	F4
659	D144	0280	F4
659	D144	02B4	F4
659	D144	02E8	F4
659	D144	025C	F4
659	D144	0290	F4
659	D144	02C4	F4
659	D144	02F8	F4
659	D144	026C	F4
659	D144	02A0	F4
659	D144	02D4	F4
659	D144	0248	F4
659	D144	027C	F4
659	D144	02B0	F4
659	D144	02E4	F4
659	D144	0258	F4
660	F47C	0200	B7
660	F47C	0204	B7
660	F47C	0208	B7
660	F47C	020C	B7
660	F47C	0210	BF
660	F47C	0214	BF
660	F47C	0218	BF
660	F47C	021C	BF
660	F47C	0220	C7
660	F47C	0224	C7
660	F47C	0228	C7
660	F47C	022C	C7
660	F47C	0230	CF
660	F47C	0234	CF
660	F47C	0238	CF
660	F47C	023C	CF
660	F47C	02C0	1F
660	F47C	02F4	25
660	F47C	0268	27
660	F47C	029C	2D
660	F47C	02D0	2D
660	F47C	0244	31
660	F47C	0278	31
660	F47C	02AC	35
660	F47C	02E0	39
660	F47C	0254	40
660	D144	0288	F4
660	D144	02BC	F4
660	D144	02F0	F4
660	D144	0264	F4
660	D144	0298	F4
660	D144	02CC	F4
660	D144	0240	F4
660	D144	0274	F4
660	D144	02A8	F4
660	D144	02DC	F4
660	D144	0250	F4
660	D144	0284	F4
660	D144	02B8	F4
660	D144	02EC	F4
660	D144	0260	F4
660	D144	0294	F4
660	D144	02C8	F4
660	D144	02FC	F4
660	D144	0270	F4
660	D144	02A4	F4
660	D144	02D8	F4
660	D144	024C	F4
660	D144	0280	F4
660	D144	02B4	F4
660	D144	02E8	F4
660	D144	025C	F4
660	D144	0290	F4
660	D144	02C4	F4
660	D144	02F8	F4
660	D144	026C	F4
660	D144	02A0	F4
660	D144	02D4	F4
660	D144	0248	F4
660	D144	027C	F4
660	D144	02B0	F4
660	D144	02E4	F4
660	D144	0258	F4
660	D144	028C	F4
661	F47C	0200	B7
661	F47C	0204	B7
661	F47C	0208	B7
661	F47C	020C	B7
661	F47C	0210	BF
661	F47C	0214	BF
661	F47C	0218	BF
661	F47C	021C	BF
661	F47C	0220	C7
661	F47C	0224	C7
661	F47C	0228	C7
661	F47C	022C	C7
661	F47C	0230	CF
661	F47C	0234	CF
661	F47C	0238	CF
661	F47C	023C	CF
661	F47C	02F4	1F
661	F47C	0268	25
661	F47C	029C	27
661	F47C	02D0	2D
661	F47C	0244	2D
661	F47C	0278	31
661	F47C	02AC	31
661	F47C	02E0	35
661	F47C	0254	39
661	F47C	0288	40
661	D144	02BC	F4
661	D144	02F0	F4
661	D144	0264	F4
661	D144	0298	F4
661	D144	02CC	F4
661	D144	0240	F4
661	D144	0274	F4
661	D144	02A8	F4
661	D144	02DC	F4
661	D144	0250	F4
661	D144	0284	F4
661	D144	02B8	F4
661	D144	02EC	F4
661	D144	0260	F4
661	D144	0294	F4
661	D144	02C8	F4
661	D144	02FC	F4
661	D144	0270	F4
661	D144	02A4	F4
661	D144	02D8	F4
661	D144	024C	F4
661	D144	0280	F4
661	D144	02B4	F4
661	D144	02E8	F4
661	D144	025C	F4
661	D144	0290	F4
661	D144	02C4	F4
661	D144	02F8	F4
661	D144	026C	F4
661	D144	02A0	F4
661	D144	02D4	F4
661	D144	0248	F4
661	D144	027C	F4
661	D144	02B0	F4
661	D144	02E4	F4
661	D144	0258	F4
661	D144	028C	F4
661	D144	02C0	F4
662	F47C	0200	B7
662	F47C	0204	B7
662	F47C	0208	B7
662	F47C	020C	B7
662	F47C	0210	BF
662	F47C	0214	BF
662	F47C	0218	BF
662	F47C	021C	BF
662	F47C	0220	C7
662	F47C	0224	C7
662	F47C	0228	C7
662	F47C	022C	C7
662	F47C	0230	CF
662	F47C	0234	CF
662	F47C	0238	CF
662	F47C	023C	CF
662	F47C	0268	1F
662	F47C	029C	25
662	F47C	02D0	27
662	F47C	0244	2D
662	F47C	0278	2D
662	F47C	02AC	31
662	F47C	02E0	31
662	F47C	0254	35
662	F47C	0288	39
662	F47C	02BC	40
662	D144	02F0	F4
662	D144	0264	F4
662	D144	0298	F4
662	D144	02CC	F4
662	D144	0240	F4
662	D144	0274	F4
662	D144	02A8	F4
662	D144	02DC	F4
662	D144	0250	F4
662	D144	0284	F4
662	D144	02B8	F4
662	D144	02EC	F4
662	D144	0260	F4
662	D144	0294	F4
662	D144	02C8	F4
662	D144	02FC	F4
662	D144	0270	F4
662	D144	02A4	F4
662	D144	02D8	F4
662	D144	024C	F4
662	D144	0280	F4
662	D144	02B4	F4
662	D144	02E8	F4
662	D144	025C	F4
662	D144	0290	F4
662	D144	02C4	F4
662	D144	02F8	F4
662	D144	026C	F4
662	D144	02A0	F4
662	D144	02D4	F4
662	D144	0248	F4
662	D144	027C	F4
662	D144	02B0	F4
662	D144	02E4	F4
662	D144	0258	F4
662	D144	028C	F4
662	D144	02C0	F4
662	D144	02F4	F4
663	F47C	0200	B7
663	F47C	0204	B7
663	F47C	0208	B7
663	F47C	020C	B7
663	F47C	0210	BF
663	F47C	0214	BF
663	F47C	0218	BF
663	F47C	021C	BF
663	F47C	0220	C7
663	F47C	0224	C7
663	F47C	0228	C7
663	F47C	022C	C7
663	F47C	0230	CF
663	F47C	0234	CF
663	F47C	0238	CF
663	F47C	023C	CF
663	F47C	025C	1F
663	F47C	0290	25
663	F47C	02C4	27
663	F47C	02F8	2D
663	F47C	026C	2D
663	F47C	02A0	31
663	F47C	02D4	31
663	F47C	0248	35
663	F47C	027C	39
663	F47C	02B0	40
663	D144	02E4	F4
663	D144	0258	F4
663	D144	028C	F4
663	D144	02C0	F4
663	D144	02F4	F4
663	D144	0268	F4
663	D144	029C	F4
663	D144	02D0	F4
663	D144	0244	F4
663	D144	0278	F4
663	D144	02AC	F4
663	D144	02E0	F4
663	D144	0254	F4
663	D144	0288	F4
663	D144	02BC	F4
663	D144	02F0	F4
663	D144	0264	F4
663	D144	0298	F4
663	D144	02CC	F4
663	D144	0240	F4
663	D144	0274	F4
663	D144	02A8	F4
663	D144	02DC	F4
663	D144	0250	F4
663	D144	0284	F4
663	D144	02B8	F4
663	D144	02EC	F4
663	D144	0260	F4
663	D144	0294	F4
663	D144	02C8	F4
663	D144	02FC	F4
663	D144	0270	F4
663	D144	02A4	F4
663	D144	02D8	F4
663	D144	024C	F4
663	D144	0280	F4
663	D144	02B4	F4
663	D144	02E8	F4
664	F47C	0200	B7
664	F47C	0204	B7
664	F47C	0208	B7
664	F47C	020C	B7
664	F47C	0210	BF
664	F47C	0214	BF
664	F47C	0218	BF
664	F47C	021C	BF
664	F47C	0220	C7
664	F47C	0224	C7
664	F47C	0228	C7
664	F47C	022C	C7
664	F47C	0230	CF
664	F47C	0234	CF
664	F47C	0238	CF
664	F47C	023C	CF
664	F47C	0290	1F
664	F47C	02C4	25
664	F47C	02F8	27
664	F47C	026C	2D
664	F47C	02A0	2D
664	F47C	02D4	31
664	F47C	0248	31
664	F47C	027C	35
664	F47C	02B0	39
664	F47C	02E4	40
664	D144	0258	F4
664	D144	028C	F4
664	D144	02C0	F4
664	D144	02F4	F4
664	D144	0268	F4
664	D144	029C	F4
664	D144	02D0	F4
664	D144	0244	F4
664	D144	0278	F4
664	D144	02AC	F4
664	D144	02E0	F4
664	D144	0254	F4
664	D144	0288	F4
664	D144	02BC	F4
664	D144	02F0	F4
664	D144	0264	F4
664	D144	0298	F4
664	D144	02CC	F4
664	D144	0240	F4
664	D144	0274	F4
664	D144	02A8	F4
664	D144	02DC	F4
664	D144	0250	F4
664	D144	0284	F4
664	D144	02B8	F4
664	D144	02EC	F4
664	D144	0260	F4
664	D144	0294	F4
664	D144	02C8	F4
664	D144	02FC	F4
664	D144	0270	F4
664	D144	02A4	F4
664	D144	02D8	F4
664	D144	024C	F4
664	D144	0280	F4
664	D144	02B4	F4
664	D144	02E8	F4
664	D144	025C	F4
665	F47C	0200	B7
665	F47C	0204	B7
665	F47C	0208	B7
665	F47C	020C	B7
665	F47C	0210	BF
665	F47C	0214	BF
665	F47C	0218	BF
665	F47C	021C	BF
665	F47C	0220	C7
665	F47C	0224	C7
665	F47C	0228	C7
665	F47C	022C	C7
665	F47C	0230	CF
665	F47C	0234	CF
665	F47C	0238	CF
665	F47C	023C	CF
665	F47C	02C4	1F
665	F47C	02F8	25
665	F47C	026C	27
665	F47C	02A0	2D
665	F47C	02D4	2D
665	F47C	0248	31
665	F47C	027C	31
665	F47C	02B0	35
665	F47C	02E4	39
665	F47C	0258	40
665	D144	028C	F4
665	D144	02C0	F4
665	D144	02F4	F4
665	D144	0268	F4
665	D144	029C	F4
665	D144	02D0	F4
665	D144	0244	F4
665	D144	0278	F4
665	D144	02AC	F4
665	D144	02E0	F4
665	D144	0254	F4
665	D144	0288	F4
665	D144	02BC	F4
665	D144	02F0	F4
665	D144	0264	F4
665	D144	0298	F4
665	D144	02CC	F4
665	D144	0240	F4
665	D144	0274	F4
665	D144	02A8	F4
665	D144	02DC	F4
665	D144	0250	F4
665	D144	0284	F4
665	D144	02B8	F4
665	D144	02EC	F4
665	D144	0260	F4
665	D144	0294	F4
665	D144	02C8	F4
665	D144	02FC	F4
665	D144	0270	F4
665	D144	02A4	F4
665	D144	02D8	F4
665	D144	024C	F4
665	D144	0280	F4
665	D144	02B4	F4
665	D144	02E8	F4
665	D144	025C	F4
665	D144	0290	F4
666	F47C	0200	B7
666	F47C	0204	B7
666	F47C	0208	B7
666	F47C	020C	B7
666	F47C	0210	BF
666	F47C	0214	BF
666	F47C	0218	BF
666	F47C	021C	BF
666	F47C	0220	C7
666	F47C	0224	C7
666	F47C	0228	C7
666	F47C	022C	C7
666	F47C	0230	CF
666	F47C	0234	CF
666	F47C	0238	CF
666	F47C	023C	CF
666	F47C	02F8	1F
666	F47C	026C	25
666	F47C	02A0	27
666	F47C	02D4	2D
666	F47C	0248	2D
666	F47C	027C	31
666	F47C	02B0	31
666	F47C	02E4	35
666	F47C	0258	39
666	F47C	028C	40
666	D144	02C0	F4
666	D144	02F4	F4
666	D144	0268	F4
666	D144	029C	F4
666	D144	02D0	F4
666	D144	0244	F4
666	D144	0278	F4
666	D144	02AC	F4
666	D144	02E0	F4
666	D144	0254	F4
666	D144	0288	F4
666	D144	02BC	F4
666	D144	02F0	F4
666	D144	0264	F4
666	D144	0298	F4
666	D144	02CC	F4
666	D144	0240	F4
666	D144	0274	F4
666	D144	02A8	F4
666	D144	02DC	F4
666	D144	0250	F4
666	D144	0284	F4
666	D144	02B8	F4
666	D144	02EC	F4
666	D144	0260	F4
666	D144	0294	F4
666	D144	02C8	F4
666	D144	02FC	F4
666	D144	0270	F4
666	D144	02A4	F4
666	D144	02D8	F4
666	D144	024C	F4
666	D144	0280	F4
666	D144	02B4	F4
666	D144	02E8	F4
666	D144	025C	F4
666	D144	0290	F4
666	D144	02C4	F4
667	F47C	0200	B7
667	F47C	0204	B7
667	F47C	0208	B7
667	F47C	020C	B7
667	F47C	0210	BF
667	F47C	0214	BF
667	F47C	0218	BF
667	F47C	021C	BF
667	F47C	0220	C7
667	F47C	0224	C7
667	F47C	0228	C7
667	F47C	022C	C7
667	F47C	0230	CF
667	F47C	0234	CF
667	F47C	0238	CF
667	F47C	023C	CF
667	F47C	026C	1F
667	F47C	02A0	25
667	F47C	02D4	27
667	F47C	0248	2D
667	F47C	027C	2D
667	F47C	02B0	31
667	F47C	02E4	31
667	F47C	0258	35
667	F47C	028C	39
667	F47C	02C0	40
667	D144	02F4	F4
667	D144	0268	F4
667	D144	029C	F4
667	D144	02D0	F4
667	D144	0244	F4
667	D144	0278	F4
667	D144	02AC	F4
667	D144	02E0	F4
667	D144	0254	F4
667	D144	0288	F4
667	D144	02BC	F4
667	D144	02F0	F4
667	D144	0264	F4
667	D144	0298	F4
667	D144	02CC	F4
667	D144	0240	F4
667	D144	0274	F4
667	D144	02A8	F4
667	D144	02DC	F4
667	D144	0250	F4
667	D144	0284	F4
667	D144	02B8	F4
667	D144	02EC	F4
667	D144	0260	F4
667	D144	0294	F4
667	D144	02C8	F4
667	D144	02FC	F4
667	D144	0270	F4
667	D144	02A4	F4
667	D144	02D8	F4
667	D144	024C	F4
667	D144	0280	F4
667	D144	02B4	F4
667	D144	02E8	F4
667	D144	025C	F4
667	D144	0290	F4
667	D144	02C4	F4
667	D144	02F8	F4
668	F47C	0200	B7
668	F47C	0204	B7
668	F47C	0208	B7
668	F47C	020C	B7
668	F47C	0210	BF
668	F47C	0214	BF
668	F47C	0218	BF
668	F47C	021C	BF
668	F47C	0220	C7
668	F47C	0224	C7
668	F47C	0228	C7
668	F47C	022C	C7
668	F47C	0230	CF
668	F47C	0234	CF
668	F47C	0238	CF
668	F47C	023C	CF
668	F47C	0260	1F
668	F47C	0294	25
668	F47C	02C8	27
668	F47C	02FC	2D
668	F47C	0270	2D
668	F47C	02A4	31
668	F47C	02D8	31
668	F47C	024C	35
668	F47C	0280	39
668	F47C	02B4	40
668	D144	02E8	F4
668	D144	025C	F4
668	D144	0290	F4
668	D144	02C4	F4
668	D144	02F8	F4
668	D144	026C	F4
668	D144	02A0	F4
668	D144	02D4	F4
668	D144	0248	F4
668	D144	027C	F4
668	D144	02B0	F4
668	D144	02E4	F4
668	D144	0258	F4
668	D144	028C	F4
668	D144	02C0	F4
668	D144	02F4	F4
668	D144	0268	F4
668	D144	029C	F4
668	D144	02D0	F4
668	D144	0244	F4
668	D144	0278	F4
668	D144	02AC	F4
668	D144	02E0	F4
668	D144	0254	F4
668	D144	0288	F4
668	D144	02BC	F4
668	D144	02F0	F4
668	D144	0264	F4
668	D144	0298	F4
668	D144	02CC	F4
668	D144	0240	F4
668	D144	0274	F4
668	D144	02A8	F4
668	D144	02DC	F4
668	D144	0250	F4
668	D144	0284	F4
668	D144	02B8	F4
668	D144	02EC	F4
669	F47C	0200	B7
669	F47C	0204	B7
669	F47C	0208	B7
669	F47C	020C	B7
669	F47C	0210	BF
669	F47C	0214	BF
669	F47C	0218	BF
669	F47C	021C	BF
669	F47C	0220	C7
669	F47C	0224	C7
669	F47C	0228	C7
669	F47C	022C	C7
669	F47C	0230	CF
669	F47C	0234	CF
669	F47C	0238	CF
669	F47C	023C	CF
669	F47C	0294	1F
669	F47C	02C8	25
669	F47C	02FC	27
669	F47C	0270	2D
669	F47C	02A4	2D
669	F47C	02D8	31
669	F47C	024C	31
669	F47C	0280	35
669	F47C	02B4	39
669	F47C	02E8	40
669	D144	025C	F4
669	D144	0290	F4
669	D144	02C4	F4
669	D144	02F8	F4
669	D144	026C	F4
669	D144	02A0	F4
669	D144	02D4	F4
669	D144	0248	F4
669	D144	027C	F4
669	D144	02B0	F4
669	D144	02E4	F4
669	D144	0258	F4
669	D144	028C	F4
669	D144	02C0	F4
669	D144	02F4	F4
669	D144	0268	F4
669	D144	029C	F4
669	D144	02D0	F4
669	D144	0244	F4
669	D144	0278	F4
669	D144	02AC	F4
669	D144	02E0	F4
669	D144	0254	F4
669	D144	0288	F4
669	D144	02BC	F4
669	D144	02F0	F4
669	D144	0264	F4
669	D144	0298	F4
669	D144	02CC	F4
669	D144	0240	F4
669	D144	0274	F4
669	D144	02A8	F4
669	D144	02DC	F4
669	D144	0250	F4
669	D144	0284	F4
669	D144	02B8	F4
669	D144	02EC	F4
669	D144	0260	F4
670	F47C	0200	B7
670	F47C	0204	B7
670	F47C	0208	B7
670	F47C	020C	B7
670	F47C	0210	BF
670	F47C	0214	BF
670	F47C	0218	BF
670	F47C	021C	BF
670	F47C	0220	C7
670	F47C	0224	C7
670	F47C	0228	C7
670	F47C	022C	C7
670	F47C	0230	CF
670	F47C	0234	CF
670	F47C	0238	CF
670	F47C	023C	CF
670	F47C	02C8	1F
670	F47C	02FC	25
670	F47C	0270	27
670	F47C	02A4	2D
670	F47C	02D8	2D
670	F47C	024C	31
670	F47C	0280	31
670	F47C	02B4	35
670	F47C	02E8	39
670	F47C	025C	40
670	D144	0290	F4
670	D144	02C4	F4
670	D144	02F8	F4
670	D144	026C	F4
670	D144	02A0	F4
670	D144	02D4	F4
670	D144	0248	F4
670	D144	027C	F4
670	D144	02B0	F4
670	D144	02E4	F4
670	D144	0258	F4
670	D144	028C	F4
670	D144	02C0	F4
670	D144	02F4	F4
670	D144	0268	F4
670	D144	029C	F4
670	D144	02D0	F4
670	D144	0244	F4
670	D144	0278	F4
670	D144	02AC	F4
670	D144	02E0	F4
670	D144	0254	F4
670	D144	0288	F4
670	D144	02BC	F4
670	D144	02F0	F4
670	D144	0264	F4
670	D144	0298	F4
670	D144	02CC	F4
670	D144	0240	F4
670	D144	0274	F4
670	D144	02A8	F4
670	D144	02DC	F4
670	D144	0250	F4
670	D144	0284	F4
670	D144	02B8	F4
670	D144	02EC	F4
670	D144	0260	F4
670	D144	0294	F4
671	F47C	0200	B7
671	F47C	0204	B7
671	F47C	0208	B7
671	F47C	020C	B7
671	F47C	0210	BF
671	F47C	0214	BF
671	F47C	0218	BF
671	F47C	021C	BF
671	F47C	0220	C7
671	F47C	0224	C7
671	F47C	0228	C7
671	F47C	022C	C7
671	F47C	0230	CF
671	F47C	0234	CF
671	F47C	0238	CF
671	F47C	023C	CF
671	F47C	02FC	1F
671	F47C	0270	25
671	F47C	02A4	27
671	F47C	02D8	2D
671	F47C	024C	2D
671	F47C	0280	31
671	F47C	02B4	31
671	F47C	02E8	35
671	F47C	025C	39
671	F47C	0290	40
671	D144	02C4	F4
671	D144	02F8	F4
671	D144	026C	F4
671	D144	02A0	F4
671	D144	02D4	F4
671	D144	0248	F4
671	D144	027C	F4
671	D144	02B0	F4
671	D144	02E4	F4
671	D144	0258	F4
671	D144	028C	F4
671	D144	02C0	F4
671	D144	02F4	F4
671	D144	0268	F4
671	D144	029C	F4
671	D144	02D0	F4
671	D144	0244	F4
671	D144	0278	F4
671	D144	02AC	F4
671	D144	02E0	F4
671	D144	0254	F4
671	D144	0288	F4
671	D144	02BC	F4
671	D144	02F0	F4
671	D144	0264	F4
671	D144	0298	F4
671	D144	02CC	F4
671	D144	0240	F4
671	D144	0274	F4
671	D144	02A8	F4
671	D144	02DC	F4
671	D144	0250	F4
671	D144	0284	F4
671	D144	02B8	F4
671	D144	02EC	F4
671	D144	0260	F4
671	D144	0294	F4
671	D144	02C8	F4
672	F47C	0200	B7
672	F47C	0204	B7
672	F47C	0208	B7
672	F47C	020C	B7
672	F47C	0210	BF
672	F47C	0214	BF
672	F47C	0218	BF
672	F47C	021C	BF
672	F47C	0220	C7
672	F47C	0224	C7
672	F47C	0228	C7
672	F47C	022C	C7
672	F47C	0230	CF
672	F47C	0234	CF
672	F47C	0238	CF
672	F47C	023C	CF
672	F47C	0270	1F
672	F47C	02A4	25
672	F47C	02D8	27
672	F47C	024C	2D
672	F47C	0280	2D
672	F47C	02B4	31
672	F47C	02E8	31
672	F47C	025C	35
672	F47C	0290	39
672	F47C	02C4	40
672	D144	02F8	F4
672	D144	026C	F4
672	D144	02A0	F4
672	D144	02D4	F4
672	D144	0248	F4
672	D144	027C	F4
672	D144	02B0	F4
672	D144	02E4	F4
672	D144	0258	F4
672	D144	028C	F4
672	D144	02C0	F4
672	D144	02F4	F4
672	D144	0268	F4
672	D144	029C	F4
672	D144	02D0	F4
672	D144	0244	F4
672	D144	0278	F4
672	D144	02AC	F4
672	D144	02E0	F4
672	D144	0254	F4
672	D144	0288	F4
672	D144	02BC	F4
672	D144	02F0	F4
672	D144	0264	F4
672	D144	0298	F4
672	D144	02CC	F4
672	D144	0240	F4
672	D144	0274	F4
672	D144	02A8	F4
672	D144	02DC	F4
672	D144	0250	F4
672	D144	0284	F4
672	D144	02B8	F4
672	D144	02EC	F4
672	D144	0260	F4
672	D144	0294	F4
672	D144	02C8	F4
672	D144	02FC	F4
673	F47C	0200	B7
673	F47C	0204	B7
673	F47C	0208	B7
673	F47C	020C	B7
673	F47C	0210	BF
673	F47C	0214	BF
673	F47C	0218	BF
673	F47C	021C	BF
673	F47C	0220	C7
673	F47C	0224	C7
673	F47C	0228	C7
673	F47C	022C	C7
673	F47C	0230	CF
673	F47C	0234	CF
673	F47C	0238	CF
673	F47C	023C	CF
673	F47C	0264	1F
673	F47C	0298	25
673	F47C	02CC	27
673	F47C	0240	2D
673	F47C	0274	2D
673	F47C	02A8	31
673	F47C	02DC	31
673	F47C	0250	35
673	F47C	0284	39
673	F47C	02B8	40
673	D144	02EC	F4
673	D144	0260	F4
673	D144	0294	F4
673	D144	02C8	F4
673	D144	02FC	F4
673	D144	0270	F4
673	D144	02A4	F4
673	D144	02D8	F4
673	D144	024C	F4
673	D144	0280	F4
673	D144	02B4	F4
673	D144	02E8	F4
673	D144	025C	F4
673	D144	0290	F4
673	D144	02C4	F4
673	D144	02F8	F4
673	D144	026C	F4
673	D144	02A0	F4
673	D144	02D4	F4
673	D144	0248	F4
673	D144	027C	F4
673	D144	02B0	F4
673	D144	02E4	F4
673	D144	0258	F4
673	D144	028C	F4
673	D144	02C0	F4
673	D144	02F4	F4
673	D144	0268	F4
673	D144	029C	F4
673	D144	02D0	F4
673	D144	0244	F4
673	D144	0278	F4
673	D144	02AC	F4
673	D144	02E0	F4
673	D144	0254	F4
673	D144	0288	F4
673	D144	02BC	F4
673	D144	02F0	F4
674	F47C	0200	B7
674	F47C	0204	B7
674	F47C	0208	B7
674	F47C	020C	B7
674	F47C	0210	BF
674	F47C	0214	BF
674	F47C	0218	BF
674	F47C	021C	BF
674	F47C	0220	C7
674	F47C	0224	C7
674	F47C	0228	C7
674	F47C	022C	C7
674	F47C	0230	CF
674	F47C	0234	CF
674	F47C	0238	CF
674	F47C	023C	CF
674	F47C	0298	1F
674	F47C	02CC	25
674	F47C	0240	27
674	F47C	0274	2D
674	F47C	02A8	2D
674	F47C	02DC	31
674	F47C	0250	31
674	F47C	0284	35
674	F47C	02B8	39
674	F47C	02EC	40
674	D144	0260	F4
674	D144	0294	F4
674	D144	02C8	F4
674	D144	02FC	F4
674	D144	0270	F4
674	D144	02A4	F4
674	D144	02D8	F4
674	D144	024C	F4
674	D144	0280	F4
674	D144	02B4	F4
674	D144	02E8	F4
674	D144	025C	F4
674	D144	0290	F4
674	D144	02C4	F4
674	D144	02F8	F4
674	D144	026C	F4
674	D144	02A0	F4
674	D144	02D4	F4
674	D144	0248	F4
674	D144	027C	F4
674	D144	02B0	F4
674	D144	02E4	F4
674	D144	0258	F4
674	D144	028C	F4
674	D144	02C0	F4
674	D144	02F4	F4
674	D144	0268	F4
674	D144	029C	F4
674	D144	02D0	F4
674	D144	0244	F4
674	D144	0278	F4
674	D144	02AC	F4
674	D144	02E0	F4
674	D144	0254	F4
674	D144	0288	F4
674	D144	02BC	F4
674	D144	02F0	F4
674	D144	0264	F4
675	F47C	0200	B7
675	F47C	0204	B7
675	F47C	0208	B7
675	F47C	020C	B7
675	F47C	0210	BF
675	F47C	0214	BF
675	F47C	0218	BF
675	F47C	021C	BF
675	F47C	0220	C7
675	F47C	0224	C7
675	F47C	0228	C7
675	F47C	022C	C7
675	F47C	0230	CF
675	F47C	0234	CF
675	F47C	0238	CF
675	F47C	023C	CF
675	F47C	02CC	1F
675	F47C	0240	25
675	F47C	0274	27
675	F47C	02A8	2D
675	F47C	02DC	2D
675	F47C	0250	31
675	F47C	0284	31
675	F47C	02B8	35
675	F47C	02EC	39
675	F47C	0260	40
675	D144	0294	F4
675	D144	02C8	F4
675	D144	02FC	F4
675	D144	0270	F4
675	D144	02A4	F4
675	D144	02D8	F4
675	D144	024C	F4
675	D144	0280	F4
675	D144	02B4	F4
675	D144	02E8	F4
675	D144	025C	F4
675	D144	0290	F4
675	D144	02C4	F4
675	D144	02F8	F4
675	D144	026C	F4
675	D144	02A0	F4
675	D144	02D4	F4
675	D144	0248	F4
675	D144	027C	F4
675	D144	02B0	F4
675	D144	02E4	F4
675	D144	0258	F4
675	D144	028C	F4
675	D144	02C0	F4
675	D144	02F4	F4
675	D144	0268	F4
675	D144	029C	F4
675	D144	02D0	F4
675	D144	0244	F4
675	D144	0278	F4
675	D144	02AC	F4
675	D144	02E0	F4
675	D144	0254	F4
675	D144	0288	F4
675	D144	02BC	F4
675	D144	02F0	F4
675	D144	0264	F4
675	D144	0298	F4
676	F47C	0200	B7
676	F47C	0204	B7
676	F47C	0208	B7
676	F47C	020C	B7
676	F47C	0210	BF
676	F47C	0214	BF
676	F47C	0218	BF
676	F47C	021C	BF
676	F47C	0220	C7
676	F47C	0224	C7
676	F47C	0228	C7
676	F47C	022C	C7
676	F47C	0230	CF
676	F47C	0234	CF
676	F47C	0238	CF
676	F47C	023C	CF
676	F47C	0240	1F
676	F47C	0274	25
676	F47C	02A8	27
676	F47C	02DC	2D
676	F47C	0250	2D
676	F47C	0284	31
676	F47C	02B8	31
676	F47C	02EC	35
676	F47C	0260	39
676	F47C	0294	40
676	D144	02C8	F4
676	D144	02FC	F4
676	D144	0270	F4
676	D144	02A4	F4
676	D144	02D8	F4
676	D144	024C	F4
676	D144	0280	F4
676	D144	02B4	F4
676	D144	02E8	F4
676	D144	025C	F4
676	D144	0290	F4
676	D144	02C4	F4
676	D144	02F8	F4
676	D144	026C	F4
676	D144	02A0	F4
676	D144	02D4	F4
676	D144	0248	F4
676	D144	027C	F4
676	D144	02B0	F4
676	D144	02E4	F4
676	D144	0258	F4
676	D144	028C	F4
676	D144	02C0	F4
676	D144	02F4	F4
676	D144	0268	F4
676	D144	029C	F4
676	D144	02D0	F4
676	D144	0244	F4
676	D144	0278	F4
676	D144	02AC	F4
676	D144	02E0	F4
676	D144	0254	F4
676	D144	0288	F4
676	D144	02BC	F4
676	D144	02F0	F4
676	D144	0264	F4
676	D144	0298	F4
676	D144	02CC	F4
677	F47C	0200	B7
677	F47C	0204	B7
677	F47C	0208	B7
677	F47C	020C	B7
677	F47C	0210	BF
677	F47C	0214	BF
677	F47C	0218	BF
677	F47C	021C	BF
677	F47C	0220	C7
677	F47C	0224	C7
677	F47C	0228	C7
677	F47C	022C	C7
677	F47C	0230	CF
677	F47C	0234	CF
677	F47C	0238	CF
677	F47C	023C	CF
677	F47C	0274	1F
677	F47C	02A8	25
677	F47C	02DC	27
677	F47C	0250	2D
677	F47C	0284	2D
677	F47C	02B8	31
677	F47C	02EC	31
677	F47C	0260	35
677	F47C	0294	39
677	F47C	02C8	40
677	D144	02FC	F4
677	D144	0270	F4
677	D144	02A4	F4
677	D144	02D8	F4
677	D144	024C	F4
677	D144	0280	F4
677	D144	02B4	F4
677	D144	02E8	F4
677	D144	025C	F4
677	D144	0290	F4
677	D144	02C4	F4
677	D144	02F8	F4
677	D144	026C	F4
677	D144	02A0	F4
677	D144	02D4	F4
677	D144	0248	F4
677	D144	027C	F4
677	D144	02B0	F4
677	D144	02E4	F4
677	D144	0258	F4
677	D144	028C	F4
677	D144	02C0	F4
677	D144	02F4	F4
677	D144	0268	F4
677	D144	029C	F4
677	D144	02D0	F4
677	D144	0244	F4
677	D144	0278	F4
677	D144	02AC	F4
677	D144	02E0	F4
677	D144	0254	F4
677	D144	0288	F4
677	D144	02BC	F4
677	D144	02F0	F4
677	D144	0264	F4
677	D144	0298	F4
677	D144	02CC	F4
677	D144	0240	F4
678	F47C	0200	B7
678	F47C	0204	B7
678	F47C	0208	B7
678	F47C	020C	B7
678	F47C	0210	BF
678	F47C	0214	BF
678	F47C	0218	BF
678	F47C	021C	BF
678	F47C	0220	C7
678	F47C	0224	C7
678	F47C	0228	C7
678	F47C	022C	C7
678	F47C	0230	CF
678	F47C	0234	CF
678	F47C	0238	CF
678	F47C	023C	CF
678	F47C	0268	1F
678	F47C	029C	25
678	F47C	02D0	27
678	F47C	0244	2D
678	F47C	0278	2D
678	F47C	02AC	31
678	F47C	02E0	31
678	F47C	0254	35
678	F47C	0288	39
678	F47C	02BC	40
678	D144	02F0	F4
678	D144	0264	F4
678	D144	0298	F4
678	D144	02CC	F4
678	D144	0240	F4
678	D144	0274	F4
678	D144	02A8	F4
678	D144	02DC	F4
678	D144	0250	F4
678	D144	0284	F4
678	D144	02B8	F4
678	D144	02EC	F4
678	D144	0260	F4
678	D144	0294	F4
678	D144	02C8	F4
678	D144	02FC	F4
678	D144	0270	F4
678	D144	02A4	F4
678	D144	02D8	F4
678	D144	024C	F4
678	D144	0280	F4
678	D144	02B4	F4
678	D144	02E8	F4
678	D144	025C	F4
678	D144	0290	F4
678	D144	02C4	F4
678	D144	02F8	F4
678	D144	026C	F4
678	D144	02A0	F4
678	D144	02D4	F4
678	D144	0248	F4
678	D144	027C	F4
678	D144	02B0	F4
678	D144	02E4	F4
678	D144	0258	F4
678	D144	028C	F4
678	D144	02C0	F4
678	D144	02F4	F4
679	F47C	0200	B7
679	F47C	0204	B7
679	F47C	0208	B7
679	F47C	020C	B7
679	F47C	0210	BF
679	F47C	0214	BF
679	F47C	0218	BF
679	F47C	021C	BF
679	F47C	0220	C7
679	F47C	0224	C7
679	F47C	0228	C7
679	F47C	022C	C7
679	F47C	0230	CF
679	F47C	0234	CF
679	F47C	0238	CF
679	F47C	023C	CF
679	F47C	029C	1F
679	F47C	02D0	25
679	F47C	0244	27
679	F47C	0278	2D
679	F47C	02AC	2D
679	F47C	02E0	31
679	F47C	0254	31
679	F47C	0288	35
679	F47C	02BC	39
679	F47C	02F0	40
679	D144	0264	F4
679	D144	0298	F4
679	D144	02CC	F4
679	D144	0240	F4
679	D144	0274	F4
679	D144	02A8	F4
679	D144	02DC	F4
679	D144	0250	F4
679	D144	0284	F4
679	D144	02B8	F4
679	D144	02EC	F4
679	D144	0260	F4
679	D144	0294	F4
679	D144	02C8	F4
679	D144	02FC	F4
679	D144	0270	F4
679	D144	02A4	F4
679	D144	02D8	F4
679	D144	024C	F4
679	D144	0280	F4
679	D144	02B4	F4
679	D144	02E8	F4
679	D144	025C	F4
679	D144	0290	F4
679	D144	02C4	F4
679	D144	02F8	F4
679	D144	026C	F4
679	D144	02A0	F4
679	D144	02D4	F4
679	D144	0248	F4
679	D144	027C	F4
679	D144	02B0	F4
679	D144	02E4	F4
679	D144	0258	F4
679	D144	028C	F4
679	D144	02C0	F4
679	D144	02F4	F4
679	D144	0268	F4
680	F47C	0200	B7
680	F47C	0204	B7
680	F47C	0208	B7
680	F47C	020C	B7
680	F47C	0210	BF
680	F47C	0214	BF
680	F47C	0218	BF
680	F47C	021C	BF
680	F47C	0220	C7
680	F47C	0224	C7
680	F47C	0228	C7
680	F47C	022C	C7
680	F47C	0230	CF
680	F47C	0234	CF
680	F47C	0238	CF
680	F47C	023C	CF
680	F47C	02D0	1F
680	F47C	0244	25
680	F47C	0278	27
680	F47C	02AC	2D
680	F47C	02E0	2D
680	F47C	0254	31
680	F47C	0288	31
680	F47C	02BC	35
680	F47C	02F0	39
680	F47C	0264	40
680	D144	0298	F4
680	D144	02CC	F4
680	D144	0240	F4
680	D144	0274	F4
680	D144	02A8	F4
680	D144	02DC	F4
680	D144	0250	F4
680	D144	0284	F4
680	D144	02B8	F4
680	D144	02EC	F4
680	D144	0260	F4
680	D144	0294	F4
680	D144	02C8	F4
680	D144	02FC	F4
680	D144	0270	F4
680	D144	02A4	F4
680	D144	02D8	F4
680	D144	024C	F4
680	D144	0280	F4
680	D144	02B4	F4
680	D144	02E8	F4
680	D144	025C	F4
680	D144	0290	F4
680	D144	02C4	F4
680	D144	02F8	F4
680	D144	026C	F4
680	D144	02A0	F4
680	D144	02D4	F4
680	D144	0248	F4
680	D144	027C	F4
680	D144	02B0	F4
680	D144	02E4	F4
680	D144	0258	F4
680	D144	028C	F4
680	D144	02C0	F4
680	D144	02F4	F4
680	D144	0268	F4
680	D144	029C	F4
681	F47C	0200	B7
681	F47C	0204	B7
681	F47C	0208	B7
681	F47C	020C	B7
681	F47C	0210	BF
681	F47C	0214	BF
681	F47C	0218	BF
681	F47C	021C	BF
681	F47C	0220	C7
681	F47C	0224	C7
681	F47C	0228	C7
681	F47C	022C	C7
681	F47C	0230	CF
681	F47C	0234	CF
681	F47C	0238	CF
681	F47C	023C	CF
681	F47C	0244	1F
681	F47C	0278	25
681	F47C	02AC	27
681	F47C	02E0	2D
681	F47C	0254	2D
681	F47C	0288	31
681	F47C	02BC	31
681	F47C	02F0	35
681	F47C	0264	39
681	F47C	0298	40
681	D144	02CC	F4
681	D144	0240	F4
681	D144	0274	F4
681	D144	02A8	F4
681	D144	02DC	F4
681	D144	0250	F4
681	D144	0284	F4
681	D144	02B8	F4
681	D144	02EC	F4
681	D144	0260	F4
681	D144	0294	F4
681	D144	02C8	F4
681	D144	02FC	F4
681	D144	0270	F4
681	D144	02A4	F4
681	D144	02D8	F4
681	D144	024C	F4
681	D144	0280	F4
681	D144	02B4	F4
681	D144	02E8	F4
681	D144	025C	F4
681	D144	0290	F4
681	D144	02C4	F4
681	D144	02F8	F4
681	D144	026C	F4
681	D144	02A0	F4
681	D144	02D4	F4
681	D144	0248	F4
681	D144	027C	F4
681	D144	02B0	F4
681	D144	02E4	F4
681	D144	0258	F4
681	D144	028C	F4
681	D144	02C0	F4
681	D144	02F4	F4
681	D144	0268	F4
681	D144	029C	F4
681	D144	02D0	F4
682	F47C	0200	B7
682	F47C	0204	B7
682	F47C	0208	B7
682	F47C	020C	B7
682	F47C	0210	BF
682	F47C	0214	BF
682	F47C	0218	BF
682	F47C	021C	BF
682	F47C	0220	C7
682	F47C	0224	C7
682	F47C	0228	C7
682	F47C	022C	C7
682	F47C	0230	CF
682	F47C	0234	CF
682	F47C	0238	CF
682	F47C	023C	CF
682	F47C	0278	1F
682	F47C	02AC	25
682	F47C	02E0	27
682	F47C	0254	2D
682	F47C	0288	2D
682	F47C	02BC	31
682	F47C	02F0	31
682	F47C	0264	35
682	F47C	0298	39
682	F47C	02CC	40
682	D144	0240	F4
682	D144	0274	F4
682	D144	02A8	F4
682	D144	02DC	F4
682	D144	0250	F4
682	D144	0284	F4
682	D144	02B8	F4
682	D144	02EC	F4
682	D144	0260	F4
682	D144	0294	F4
682	D144	02C8	F4
682	D144	02FC	F4
682	D144	0270	F4
682	D144	02A4	F4
682	D144	02D8	F4
682	D144	024C	F4
682	D144	0280	F4
682	D144	02B4	F4
682	D144	02E8	F4
682	D144	025C	F4
682	D144	0290	F4
682	D144	02C4	F4
682	D144	02F8	F4
682	D144	026C	F4
682	D144	02A0	F4
682	D144	02D4	F4
682	D144	0248	F4
682	D144	027C	F4
682	D144	02B0	F4
682	D144	02E4	F4
682	D144	0258	F4
682	D144	028C	F4
682	D144	02C0	F4
682	D144	02F4	F4
682	D144	0268	F4
682	D144	029C	F4
682	D144	02D0	F4
682	D144	0244	F4
683	F47C	0200	B7
683	F47C	0204	B7
683	F47C	0208	B7
683	F47C	020C	B7
683	F47C	0210	BF
683	F47C	0214	BF
683	F47C	0218	BF
683	F47C	021C	BF
683	F47C	0220	C7
683	F47C	0224	C7
683	F47C	0228	C7
683	F47C	022C	C7
683	F47C	0230	CF
683	F47C	0234	CF
683	F47C	0238	CF
683	F47C	023C	CF
683	F47C	026C	1F
683	F47C	02A0	25
683	F47C	02D4	27
683	F47C	0248	2D
683	F47C	027C	2D
683	F47C	02B0	31
683	F47C	02E4	31
683	F47C	0258	35
683	F47C	028C	39
683	F47C	02C0	40
683	D144	02F4	F4
683	D144	0268	F4
683	D144	029C	F4
683	D144	02D0	F4
683	D144	0244	F4
683	D144	0278	F4
683	D144	02AC	F4
683	D144	02E0	F4
683	D144	0254	F4
683	D144	0288	F4
683	D144	02BC	F4
683	D144	02F0	F4
683	D144	0264	F4
683	D144	0298	F4
683	D144	02CC	F4
683	D144	0240	F4
683	D144	0274	F4
683	D144	02A8	F4
683	D144	02DC	F4
683	D144	0250	F4
683	D144	0284	F4
683	D144	02B8	F4
683	D144	02EC	F4
683	D144	0260	F4
683	D144	0294	F4
683	D144	02C8	F4
683	D144	02FC	F4
683	D144	0270	F4
683	D144	02A4	F4
683	D144	02D8	F4
683	D144	024C	F4
683	D144	0280	F4
683	D144	02B4	F4
683	D144	02E8	F4
683	D144	025C	F4
683	D144	0290	F4
683	D144	02C4	F4
683	D144	02F8	F4
684	F47C	0200	B7
684	F47C	0204	B7
684	F47C	0208	B7
684	F47C	020C	B7
684	F47C	0210	BF
684	F47C	0214	BF
684	F47C	0218	BF
684	F47C	021C	BF
684	F47C	0220	C7
684	F47C	0224	C7
684	F47C	0228	C7
684	F47C	022C	C7
684	F47C	0230	CF
684	F47C	0234	CF
684	F47C	0238	CF
684	F47C	023C	CF
684	F47C	02A0	1F
684	F47C	02D4	25
684	F47C	0248	27
684	F47C	027C	2D
684	F47C	02B0	2D
684	F47C	02E4	31
684	F47C	0258	31
684	F47C	028C	35
684	F47C	02C0	39
684	F47C	02F4	40
684	D144	0268	F4
684	D144	029C	F4
684	D144	02D0	F4
684	D144	0244	F4
684	D144	0278	F4
684	D144	02AC	F4
684	D144	02E0	F4
684	D144	0254	F4
684	D144	0288	F4
684	D144	02BC	F4
684	D144	02F0	F4
684	D144	0264	F4
684	D144	0298	F4
684	D144	02CC	F4
684	D144	0240	F4
684	D144	0274	F4
684	D144	02A8	F4
684	D144	02DC	F4
684	D144	0250	F4
684	D144	0284	F4
684	D144	02B8	F4
684	D144	02EC	F4
684	D144	0260	F4
684	D144	0294	F4
684	D144	02C8	F4
684	D144	02FC	F4
684	D144	0270	F4
684	D144	02A4	F4
684	D144	02D8	F4
684	D144	024C	F4
684	D144	0280	F4
684	D144	02B4	F4
684	D144	02E8	F4
684	D144	025C	F4
684	D144	0290	F4
684	D144	02C4	F4
684	D144	02F8	F4
684	D144	026C	F4
685	F47C	0200	B7
685	F47C	0204	B7
685	F47C	0208	B7
685	F47C	020C	B7
685	F47C	0210	BF
685	F47C	0214	BF
685	F47C	0218	BF
685	F47C	021C	BF
685	F47C	0220	C7
685	F47C	0224	C7
685	F47C	0228	C7
685	F47C	022C	C7
685	F47C	0230	CF
685	F47C	0234	CF
685	F47C	0238	CF
685	F47C	023C	CF
685	F47C	02D4	1F
685	F47C	0248	25
685	F47C	027C	27
685	F47C	02B0	2D
685	F47C	02E4	2D
685	F47C	0258	31
685	F47C	028C	31
685	F47C	02C0	35
685	F47C	02F4	39
685	F47C	0268	40
685	D144	029C	F4
685	D144	02D0	F4
685	D144	0244	F4
685	D144	0278	F4
685	D144	02AC	F4
685	D144	02E0	F4
685	D144	0254	F4
685	D144	0288	F4
685	D144	02BC	F4
685	D144	02F0	F4
685	D144	0264	F4
685	D144	0298	F4
685	D144	02CC	F4
685	D144	0240	F4
685	D144	0274	F4
685	D144	02A8	F4
685	D144	02DC	F4
685	D144	0250	F4
685	D144	0284	F4
685	D144	02B8	F4
685	D144	02EC	F4
685	D144	0260	F4
685	D144	0294	F4
685	D144	02C8	F4
685	D144	02FC	F4
685	D144	0270	F4
685	D144	02A4	F4
685	D144	02D8	F4
685	D144	024C	F4
685	D144	0280	F4
685	D144	02B4	F4
685	D144	02E8	F4
685	D144	025C	F4
685	D144	0290	F4
685	D144	02C4	F4
685	D144	02F8	F4
685	D144	026C	F4
685	D144	02A0	F4
686	F47C	0200	B7
686	F47C	0204	B7
686	F47C	0208	B7
686	F47C	020C	B7
686	F47C	0210	BF
686	F47C	0214	BF
686	F47C	0218	BF
686	F47C	021C	BF
686	F47C	0220	C7
686	F47C	0224	C7
686	F47C	0228	C7
686	F47C	022C	C7
686	F47C	0230	CF
686	F47C	0234	CF
686	F47C	0238	CF
686	F47C	023C	CF
686	F47C	0248	1F
686	F47C	027C	25
686	F47C	02B0	27
686	F47C	02E4	2D
686	F47C	0258	2D
686	F47C	028C	31
686	F47C	02C0	31
686	F47C	02F4	35
686	F47C	0268	39
686	F47C	029C	40
686	D144	02D0	F4
686	D144	0244	F4
686	D144	0278	F4
686	D144	02AC	F4
686	D144	02E0	F4
686	D144	0254	F4
686	D144	0288	F4
686	D144	02BC	F4
686	D144	02F0	F4
686	D144	0264	F4
686	D144	0298	F4
686	D144	02CC	F4
686	D144	0240	F4
686	D144	0274	F4
686	D144	02A8	F4
686	D144	02DC	F4
686	D144	0250	F4
686	D144	0284	F4
686	D144	02B8	F4
686	D144	02EC	F4
686	D144	0260	F4
686	D144	0294	F4
686	D144	02C8	F4
686	D144	02FC	F4
686	D144	0270	F4
686	D144	02A4	F4
686	D144	02D8	F4
686	D144	024C	F4
686	D144	0280	F4
686	D144	02B4	F4
686	D144	02E8	F4
686	D144	025C	F4
686	D144	0290	F4
686	D144	02C4	F4
686	D144	02F8	F4
686	D144	026C	F4
686	D144	02A0	F4
686	D144	02D4	F4
687	F47C	0200	B7
687	F47C	0204	B7
687	F47C	0208	B7
687	F47C	020C	B7
687	F47C	0210	BF
687	F47C	0214	BF
687	F47C	0218	BF
687	F47C	021C	BF
687	F47C	0220	C7
687	F47C	0224	C7
687	F47C	0228	C7
687	F47C	022C	C7
687	F47C	0230	CF
687	F47C	0234	CF
687	F47C	0238	CF
687	F47C	023C	CF
687	F47C	027C	1F
687	F47C	02B0	25
687	F47C	02E4	27
687	F47C	0258	2D
687	F47C	028C	2D
687	F47C	02C0	31
687	F47C	02F4	31
687	F47C	0268	35
687	F47C	029C	39
687	F47C	02D0	40
687	D144	0244	F4
687	D144	0278	F4
687	D144	02AC	F4
687	D144	02E0	F4
687	D144	0254	F4
687	D144	0288	F4
687	D144	02BC	F4
687	D144	02F0	F4
687	D144	0264	F4
687	D144	0298	F4
687	D144	02CC	F4
687	D144	0240	F4
687	D144	0274	F4
687	D144	02A8	F4
687	D144	02DC	F4
687	D144	0250	F4
687	D144	0284	F4
687	D144	02B8	F4
687	D144	02EC	F4
687	D144	0260	F4
687	D144	0294	F4
687	D144	02C8	F4
687	D144	02FC	F4
687	D144	0270	F4
687	D144	02A4	F4
687	D144	02D8	F4
687	D144	024C	F4
687	D144	0280	F4
687	D144	02B4	F4
687	D144	02E8	F4
687	D144	025C	F4
687	D144	0290	F4
687	D144	02C4	F4
687	D144	02F8	F4
687	D144	026C	F4
687	D144	02A0	F4
687	D144	02D4	F4
687	D144	0248	F4
688	F47C	0200	B7
688	F47C	0204	B7
688	F47C	0208	B7
688	F47C	020C	B7
688	F47C	0210	BF
688	F47C	0214	BF
688	F47C	0218	BF
688	F47C	021C	BF
688	F47C	0220	C7
688	F47C	0224	C7
688	F47C	0228	C7
688	F47C	022C	C7
688	F47C	0230	CF
688	F47C	0234	CF
688	F47C	0238	CF
688	F47C	023C	CF
688	F47C	0270	1F
688	F47C	02A4	25
688	F47C	02D8	27
688	F47C	024C	2D
688	F47C	0280	2D
688	F47C	02B4	31
688	F47C	02E8	31
688	F47C	025C	35
688	F47C	0290	39
688	F47C	02C4	40
688	D144	02F8	F4
688	D144	026C	F4
688	D144	02A0	F4
688	D144	02D4	F4
688	D144	0248	F4
688	D144	027C	F4
688	D144	02B0	F4
688	D144	02E4	F4
688	D144	0258	F4
688	D144	028C	F4
688	D144	02C0	F4
688	D144	02F4	F4
688	D144	0268	F4
688	D144	029C	F4
688	D144	02D0	F4
688	D144	0244	F4
688	D144	0278	F4
688	D144	02AC	F4
688	D144	02E0	F4
688	D144	0254	F4
688	D144	0288	F4
688	D144	02BC	F4
688	D144	02F0	F4
688	D144	0264	F4
688	D144	0298	F4
688	D144	02CC	F4
688	D144	0240	F4
688	D144	0274	F4
688	D144	02A8	F4
688	D144	02DC	F4
688	D144	0250	F4
688	D144	0284	F4
688	D144	02B8	F4
688	D144	02EC	F4
688	D144	0260	F4
688	D144	0294	F4
688	D144	02C8	F4
688	D144	02FC	F4
689	F47C	0200	B7
689	F47C	0204	B7
689	F47C	0208	B7
689	F47C	020C	B7
689	F47C	0210	BF
689	F47C	0214	BF
689	F47C	0218	BF
689	F47C	021C	BF
689	F47C	0220	C7
689	F47C	0224	C7
689	F47C	0228	C7
689	F47C	022C	C7
689	F47C	0230	CF
689	F47C	0234	CF
689	F47C	0238	CF
689	F47C	023C	CF
689	F47C	02A4	1F
689	F47C	02D8	25
689	F47C	024C	27
689	F47C	0280	2D
689	F47C	02B4	2D
689	F47C	02E8	31
689	F47C	025C	31
689	F47C	0290	35
689	F47C	02C4	39
689	F47C	02F8	40
689	D144	026C	F4
689	D144	02A0	F4
689	D144	02D4	F4
689	D144	0248	F4
689	D144	027C	F4
689	D144	02B0	F4
689	D144	02E4	F4
689	D144	0258	F4
689	D144	028C	F4
689	D144	02C0	F4
689	D144	02F4	F4
689	D144	0268	F4
689	D144	029C	F4
689	D144	02D0	F4
689	D144	0244	F4
689	D144	0278	F4
689	D144	02AC	F4
689	D144	02E0	F4
689	D144	0254	F4
689	D144	0288	F4
689	D144	02BC	F4
689	D144	02F0	F4
689	D144	0264	F4
689	D144	0298	F4
689	D144	02CC	F4
689	D144	0240	F4
689	D144	0274	F4
689	D144	02A8	F4
689	D144	02DC	F4
689	D144	0250	F4
689	D144	0284	F4
689	D144	02B8	F4
689	D144	02EC	F4
689	D144	0260	F4
689	D144	0294	F4
689	D144	02C8	F4
689	D144	02FC	F4
689	D144	0270	F4
690	F47C	0200	B7
690	F47C	0204	B7
690	F47C	0208	B7
690	F47C	020C	B7
690	F47C	0210	BF
690	F47C	0214	BF
690	F47C	0218	BF
690	F47C	021C	BF
690	F47C	0220	C7
690	F47C	0224	C7
690	F47C	0228	C7
690	F47C	022C	C7
690	F47C	0230	CF
690	F47C	0234	CF
690	F47C	0238	CF
690	F47C	023C	CF
690	F47C	02D8	1F
690	F47C	024C	25
690	F47C	0280	27
690	F47C	02B4	2D
690	F47C	02E8	2D
690	F47C	025C	31
690	F47C	0290	31
690	F47C	02C4	35
690	F47C	02F8	39
690	F47C	026C	40
690	D144	02A0	F4
690	D144	02D4	F4
690	D144	0248	F4
690	D144	027C	F4
690	D144	02B0	F4
690	D144	02E4	F4
690	D144	0258	F4
690	D144	028C	F4
690	D144	02C0	F4
690	D144	02F4	F4
690	D144	0268	F4
690	D144	029C	F4
690	D144	02D0	F4
690	D144	0244	F4
690	D144	0278	F4
690	D144	02AC	F4
690	D144	02E0	F4
690	D144	0254	F4
690	D144	0288	F4
690	D144	02BC	F4
690	D144	02F0	F4
690	D144	0264	F4
690	D144	0298	F4
690	D144	02CC	F4
690	D144	0240	F4
690	D144	0274	F4
690	D144	02A8	F4
690	D144	02DC	F4
690	D144	0250	F4
690	D144	0284	F4
690	D144	02B8	F4
690	D144	02EC	F4
690	D144	0260	F4
690	D144	0294	F4
690	D144	02C8	F4
690	D144	02FC	F4
690	D144	0270	F4
690	D144	02A4	F4
691	F47C	0200	B7
691	F47C	0204	B7
691	F47C	0208	B7
691	F47C	020C	B7
691	F47C	0210	BF
691	F47C	0214	BF
691	F47C	0218	BF
691	F47C	021C	BF
691	F47C	0220	C7
691	F47C	0224	C7
691	F47C	0228	C7
691	F47C	022C	C7
691	F47C	0230	CF
691	F47C	0234	CF
691	F47C	0238	CF
691	F47C	023C	CF
691	F47C	024C	1F
691	F47C	0280	25
691	F47C	02B4	27
691	F47C	02E8	2D
691	F47C	025C	2D
691	F47C	0290	31
691	F47C	02C4	31
691	F47C	02F8	35
691	F47C	026C	39
691	F47C	02A0	40
691	D144	02D4	F4
691	D144	0248	F4
691	D144	027C	F4
691	D144	02B0	F4
691	D144	02E4	F4
691	D144	0258	F4
691	D144	028C	F4
691	D144	02C0	F4
691	D144	02F4	F4
691	D144	0268	F4
691	D144	029C	F4
691	D144	02D0	F4
691	D144	0244	F4
691	D144	0278	F4
691	D144	02AC	F4
691	D144	02E0	F4
691	D144	0254	F4
691	D144	0288	F4
691	D144	02BC	F4
691	D144	02F0	F4
691	D144	0264	F4
691	D144	0298	F4
691	D144	02CC	F4
691	D144	0240	F4
691	D144	0274	F4
691	D144	02A8	F4
691	D144	02DC	F4
691	D144	0250	F4
691	D144	0284	F4
691	D144	02B8	F4
691	D144	02EC	F4
691	D144	0260	F4
691	D144	0294	F4
691	D144	02C8	F4
691	D144	02FC	F4
691	D144	0270	F4
691	D144	02A4	F4
691	D144	02D8	F4
692	F47C	0200	B7
692	F47C	0204	B7
692	F47C	0208	B7
692	F47C	020C	B7
692	F47C	0210	BF
692	F47C	0214	BF
692	F47C	0218	BF
692	F47C	021C	BF
692	F47C	0220	C7
692	F47C	0224	C7
692	F47C	0228	C7
692	F47C	022C	C7
692	F47C	0230	CF
692	F47C	0234	CF
692	F47C	0238	CF
692	F47C	023C	CF
692	F47C	0240	1F
692	F47C	0274	25
692	F47C	02A8	27
692	F47C	02DC	2D
692	F47C	0250	2D
692	F47C	0284	31
692	F47C	02B8	31
692	F47C	02EC	35
692	F47C	0260	39
692	F47C	0294	40
692	D144	02C8	F4
692	D144	02FC	F4
692	D144	0270	F4
692	D144	02A4	F4
692	D144	02D8	F4
692	D144	024C	F4
692	D144	0280	F4
692	D144	02B4	F4
692	D144	02E8	F4
692	D144	025C	F4
692	D144	0290	F4
692	D144	02C4	F4
692	D144	02F8	F4
692	D144	026C	F4
692	D144	02A0	F4
692	D144	02D4	F4
692	D144	0248	F4
692	D144	027C	F4
692	D144	02B0	F4
692	D144	02E4	F4
692	D144	0258	F4
692	D144	028C	F4
692	D144	02C0	F4
692	D144	02F4	F4
692	D144	0268	F4
692	D144	029C	F4
692	D144	02D0	F4
692	D144	0244	F4
692	D144	0278	F4
692	D144	02AC	F4
692	D144	02E0	F4
692	D144	0254	F4
692	D144	0288	F4
692	D144	02BC	F4
692	D144	02F0	F4
692	D144	0264	F4
692	D144	0298	F4
692	D144	02CC	F4
693	F47C	0200	B7
693	F47C	0204	B7
693	F47C	0208	B7
693	F47C	020C	B7
693	F47C	0210	BF
693	F47C	0214	BF
693	F47C	0218	BF
693	F47C	021C	BF
693	F47C	0220	C7
693	F47C	0224	C7
693	F47C	0228	C7
693	F47C	022C	C7
693	F47C	0230	CF
693	F47C	0234	CF
693	F47C	0238	CF
693	F47C	023C	CF
693	F47C	0274	1F
693	F47C	02A8	25
693	F47C	02DC	27
693	F47C	0250	2D
693	F47C	0284	2D
693	F47C	02B8	31
693	F47C	02EC	31
693	F47C	0260	35
693	F47C	0294	39
693	F47C	02C8	40
693	D144	02FC	F4
693	D144	0270	F4
693	D144	02A4	F4
693	D144	02D8	F4
693	D144	024C	F4
693	D144	0280	F4
693	D144	02B4	F4
693	D144	02E8	F4
693	D144	025C	F4
693	D144	0290	F4
693	D144	02C4	F4
693	D144	02F8	F4
693	D144	026C	F4
693	D144	02A0	F4
693	D144	02D4	F4
693	D144	0248	F4
693	D144	027C	F4
693	D144	02B0	F4
693	D144	02E4	F4
693	D144	0258	F4
693	D144	028C	F4
693	D144	02C0	F4
693	D144	02F4	F4
693	D144	0268	F4
693	D144	029C	F4
693	D144	02D0	F4
693	D144	0244	F4
693	D144	0278	F4
693	D144	02AC	F4
693	D144	02E0	F4
693	D144	0254	F4
693	D144	0288	F4
693	D144	02BC	F4
693	D144	02F0	F4
693	D144	0264	F4
693	D144	0298	F4
693	D144	02CC	F4
693	D144	0240	F4
694	F47C	0200	B7
694	F47C	0204	B7
694	F47C	0208	B7
694	F47C	020C	B7
694	F47C	0210	BF
694	F47C	0214	BF
694	F47C	0218	BF
694	F47C	021C	BF
694	F47C	0220	C7
694	F47C	0224	C7
694	F47C	0228	C7
694	F47C	022C	C7
694	F47C	0230	CF
694	F47C	0234	CF
694	F47C	0238	CF
694	F47C	023C	CF
694	F47C	02A8	1F
694	F47C	02DC	25
694	F47C	0250	27
694	F47C	0284	2D
694	F47C	02B8	2D
694	F47C	02EC	31
694	F47C	0260	31
694	F47C	0294	35
694	F47C	02C8	39
694	F47C	02FC	40
694	D144	0270	F4
694	D144	02A4	F4
694	D144	02D8	F4
694	D144	024C	F4
694	D144	0280	F4
694	D144	02B4	F4
694	D144	02E8	F4
694	D144	025C	F4
694	D144	0290	F4
694	D144	02C4	F4
694	D144	02F8	F4
694	D144	026C	F4
694	D144	02A0	F4
694	D144	02D4	F4
694	D144	0248	F4
694	D144	027C	F4
694	D144	02B0	F4
694	D144	02E4	F4
694	D144	0258	F4
694	D144	028C	F4
694	D144	02C0	F4
694	D144	02F4	F4
694	D144	0268	F4
694	D144	029C	F4
694	D144	02D0	F4
694	D144	0244	F4
694	D144	0278	F4
694	D144	02AC	F4
694	D144	02E0	F4
694	D144	0254	F4
694	D144	0288	F4
694	D144	02BC	F4
694	D144	02F0	F4
694	D144	0264	F4
694	D144	0298	F4
694	D144	02CC	F4
694	D144	0240	F4
694	D144	0274	F4
695	F47C	0200	B7
695	F47C	0204	B7
695	F47C	0208	B7
695	F47C	020C	B7
695	F47C	0210	BF
695	F47C	0214	BF
695	F47C	0218	BF
695	F47C	021C	BF
695	F47C	0220	C7
695	F47C	0224	C7
695	F47C	0228	C7
695	F47C	022C	C7
695	F47C	0230	CF
695	F47C	0234	CF
695	F47C	0238	CF
695	F47C	023C	CF
695	F47C	02DC	1F
695	F47C	0250	25
695	F47C	0284	27
695	F47C	02B8	2D
695	F47C	02EC	2D
695	F47C	0260	31
695	F47C	0294	31
695	F47C	02C8	35
695	F47C	02FC	39
695	F47C	0270	40
695	D144	02A4	F4
695	D144	02D8	F4
695	D144	024C	F4
695	D144	0280	F4
695	D144	02B4	F4
695	D144	02E8	F4
695	D144	025C	F4
695	D144	0290	F4
695	D144	02C4	F4
695	D144	02F8	F4
695	D144	026C	F4
695	D144	02A0	F4
695	D144	02D4	F4
695	D144	0248	F4
695	D144	027C	F4
695	D144	02B0	F4
695	D144	02E4	F4
695	D144	0258	F4
695	D144	028C	F4
695	D144	02C0	F4
695	D144	02F4	F4
695	D144	0268	F4
695	D144	029C	F4
695	D144	02D0	F4
695	D144	0244	F4
695	D144	0278	F4
695	D144	02AC	F4
695	D144	02E0	F4
695	D144	0254	F4
695	D144	0288	F4
695	D144	02BC	F4
695	D144	02F0	F4
695	D144	0264	F4
695	D144	0298	F4
695	D144	02CC	F4
695	D144	0240	F4
695	D144	0274	F4
695	D144	02A8	F4
696	F47C	0200	B7
696	F47C	0204	B7
696	F47C	0208	B7
696	F47C	020C	B7
696	F47C	0210	BF
696	F47C	0214	BF
696	F47C	0218	BF
696	F47C	021C	BF
696	F47C	0220	C7
696	F47C	0224	C7
696	F47C	0228	C7
696	F47C	022C	C7
696	F47C	0230	CF
696	F47C	0234	CF
696	F47C	0238	CF
696	F47C	023C	CF
696	F47C	0250	1F
696	F47C	0284	25
696	F47C	02B8	27
696	F47C	02EC	2D
696	F47C	0260	2D
696	F47C	0294	31
696	F47C	02C8	31
696	F47C	02FC	35
696	F47C	0270	39
696	F47C	02A4	40
696	D144	02D8	F4
696	D144	024C	F4
696	D144	0280	F4
696	D144	02B4	F4
696	D144	02E8	F4
696	D144	025C	F4
696	D144	0290	F4
696	D144	02C4	F4
696	D144	02F8	F4
696	D144	026C	F4
696	D144	02A0	F4
696	D144	02D4	F4
696	D144	0248	F4
696	D144	027C	F4
696	D144	02B0	F4
696	D144	02E4	F4
696	D144	0258	F4
696	D144	028C	F4
696	D144	02C0	F4
696	D144	02F4	F4
696	D144	0268	F4
696	D144	029C	F4
696	D144	02D0	F4
696	D144	0244	F4
696	D144	0278	F4
696	D144	02AC	F4
696	D144	02E0	F4
696	D144	0254	F4
696	D144	0288	F4
696	D144	02BC	F4
696	D144	02F0	F4
696	D144	0264	F4
696	D144	0298	F4
696	D144	02CC	F4
696	D144	0240	F4
696	D144	0274	F4
696	D144	02A8	F4
696	D144	02DC	F4
697	F47C	0200	B7
697	F47C	0204	B7
697	F47C	0208	B7
697	F47C	020C	B7
697	F47C	0210	BF
697	F47C	0214	BF
697	F47C	0218	BF
697	F47C	021C	BF
697	F47C	0220	C7
697	F47C	0224	C7
697	F47C	0228	C7
697	F47C	022C	C7
697	F47C	0230	CF
697	F47C	0234	CF
697	F47C	0238	CF
697	F47C	023C	CF
697	F47C	0244	1F
697	F47C	0278	25
697	F47C	02AC	27
697	F47C	02E0	2D
697	F47C	0254	2D
697	F47C	0288	31
697	F47C	02BC	31
697	F47C	02F0	35
697	F47C	0264	39
697	F47C	0298	40
697	D144	02CC	F4
697	D144	0240	F4
697	D144	0274	F4
697	D144	02A8	F4
697	D144	02DC	F4
697	D144	0250	F4
697	D144	0284	F4
697	D144	02B8	F4
697	D144	02EC	F4
697	D144	0260	F4
697	D144	0294	F4
697	D144	02C8	F4
697	D144	02FC	F4
697	D144	0270	F4
697	D144	02A4	F4
697	D144	02D8	F4
697	D144	024C	F4
697	D144	0280	F4
697	D144	02B4	F4
697	D144	02E8	F4
697	D144	025C	F4
697	D144	0290	F4
697	D144	02C4	F4
697	D144	02F8	F4
697	D144	026C	F4
697	D144	02A0	F4
697	D144	02D4	F4
697	D144	0248	F4
697	D144	027C	F4
697	D144	02B0	F4
697	D144	02E4	F4
697	D144	0258	F4
697	D144	028C	F4
697	D144	02C0	F4
697	D144	02F4	F4
697	D144	0268	F4
697	D144	029C	F4
697	D144	02D0	F4
698	F47C	0200	B7
698	F47C	0204	B7
698	F47C	0208	B7
698	F47C	020C	B7
698	F47C	0210	BF
698	F47C	0214	BF
698	F47C	0218	BF
698	F47C	021C	BF
698	F47C	0220	C7
698	F47C	0224	C7
698	F47C	0228	C7
698	F47C	022C	C7
698	F47C	0230	CF
698	F47C	0234	CF
698	F47C	0238	CF
698	F47C	023C	CF
698	F47C	0278	1F
698	F47C	02AC	25
698	F47C	02E0	27
698	F47C	0254	2D
698	F47C	0288	2D
698	F47C	02BC	31
698	F47C	02F0	31
698	F47C	0264	35
698	F47C	0298	39
698	F47C	02CC	40
698	D144	0240	F4
698	D144	0274	F4
698	D144	02A8	F4
698	D144	02DC	F4
698	D144	0250	F4
698	D144	0284	F4
698	D144	02B8	F4
698	D144	02EC	F4
698	D144	0260	F4
698	D144	0294	F4
698	D144	02C8	F4
698	D144	02FC	F4
698	D144	0270	F4
698	D144	02A4	F4
698	D144	02D8	F4
698	D144	024C	F4
698	D144	0280	F4
698	D144	02B4	F4
698	D144	02E8	F4
698	D144	025C	F4
698	D144	0290	F4
698	D144	02C4	F4
698	D144	02F8	F4
698	D144	026C	F4
698	D144	02A0	F4
698	D144	02D4	F4
698	D144	0248	F4
698	D144	027C	F4
698	D144	02B0	F4
698	D144	02E4	F4
698	D144	0258	F4
698	D144	028C	F4
698	D144	02C0	F4
698	D144	02F4	F4
698	D144	0268	F4
698	D144	029C	F4
698	D144	02D0	F4
698	D144	0244	F4
699	F47C	0200	B7
699	F47C	0204	B7
699	F47C	0208	B7
699	F47C	020C	B7
699	F47C	0210	BF
699	F47C	0214	BF
699	F47C	0218	BF
699	F47C	021C	BF
699	F47C	0220	C7
699	F47C	0224	C7
699	F47C	0228	C7
699	F47C	022C	C7
699	F47C	0230	CF
699	F47C	0234	CF
699	F47C	0238	CF
699	F47C	023C	CF
699	F47C	02AC	1F
699	F47C	02E0	25
699	F47C	0254	27
699	F47C	0288	2D
699	F47C	02BC	2D
699	F47C	02F0	31
699	F47C	0264	31
699	F47C	0298	35
699	F47C	02CC	39
699	F47C	0240	40
699	D144	0274	F4
699	D144	02A8	F4
699	D144	02DC	F4
699	D144	0250	F4
699	D144	0284	F4
699	D144	02B8	F4
699	D144	02EC	F4
699	D144	0260	F4
699	D144	0294	F4
699	D144	02C8	F4
699	D144	02FC	F4
699	D144	0270	F4
699	D144	02A4	F4
699	D144	02D8	F4
699	D144	024C	F4
699	D144	0280	F4
699	D144	02B4	F4
699	D144	02E8	F4
699	D144	025C	F4
699	D144	0290	F4
699	D144	02C4	F4
699	D144	02F8	F4
699	D144	026C	F4
699	D144	02A0	F4
699	D144	02D4	F4
699	D144	0248	F4
699	D144	027C	F4
699	D144	02B0	F4
699	D144	02E4	F4
699	D144	0258	F4
699	D144	028C	F4
699	D144	02C0	F4
699	D144	02F4	F4
699	D144	0268	F4
699	D144	029C	F4
699	D144	02D0	F4
699	D144	0244	F4
699	D144	0278	F4
700	F47C	0200	B7
700	F47C	0204	B7
700	F47C	0208	B7
700	F47C	020C	B7
700	F47C	0210	BF
700	F47C	0214	BF
700	F47C	0218	BF
700	F47C	021C	BF
700	F47C	0220	C7
700	F47C	0224	C7
700	F47C	0228	C7
700	F47C	022C	C7
700	F47C	0230	CF
700	F47C	0234	CF
700	F47C	0238	CF
700	F47C	023C	CF
700	F47C	02E0	1F
700	F47C	0254	25
700	F47C	0288	27
700	F47C	02BC	2D
700	F47C	02F0	2D
700	F47C	0264	31
700	F47C	0298	31
700	F47C	02CC	35
700	F47C	0240	39
700	F47C	0274	40
700	D144	02A8	F4
700	D144	02DC	F4
700	D144	0250	F4
700	D144	0284	F4
700	D144	02B8	F4
700	D144	02EC	F4
700	D144	0260	F4
700	D144	0294	F4
700	D144	02C8	F4
700	D144	02FC	F4
700	D144	0270	F4
700	D144	02A4	F4
700	D144	02D8	F4
700	D144	024C	F4
700	D144	0280	F4
700	D144	02B4	F4
700	D144	02E8	F4
700	D144	025C	F4
700	D144	0290	F4
700	D144	02C4	F4
700	D144	02F8	F4
700	D144	026C	F4
700	D144	02A0	F4
700	D144	02D4	F4
700	D144	0248	F4
700	D144	027C	F4
700	D144	02B0	F4
700	D144	02E4	F4
700	D144	0258	F4
700	D144	028C	F4
700	D144	02C0	F4
700	D144	02F4	F4
700	D144	0268	F4
700	D144	029C	F4
700	D144	02D0	F4
700	D144	0244	F4
700	D144	0278	F4
700	D144	02AC	F4
701	F47C	0200	B7
701	F47C	0204	B7
701	F47C	0208	B7
701	F47C	020C	B7
701	F47C	0210	BF
701	F47C	0214	BF
701	F47C	0218	BF
701	F47C	021C	BF
701	F47C	0220	C7
701	F47C	0224	C7
701	F47C	0228	C7
701	F47C	022C	C7
701	F47C	0230	CF
701	F47C	0234	CF
701	F47C	0238	CF
701	F47C	023C	CF
701	F47C	0254	1F
701	F47C	0288	25
701	F47C	02BC	27
701	F47C	02F0	2D
701	F47C	0264	2D
701	F47C	0298	31
701	F47C	02CC	31
701	F47C	0240	35
701	F47C	0274	39
701	F47C	02A8	40
701	D144	02DC	F4
701	D144	0250	F4
701	D144	0284	F4
701	D144	02B8	F4
701	D144	02EC	F4
701	D144	0260	F4
701	D144	0294	F4
701	D144	02C8	F4
701	D144	02FC	F4
701	D144	0270	F4
701	D144	02A4	F4
701	D144	02D8	F4
701	D144	024C	F4
701	D144	0280	F4
701	D144	02B4	F4
701	D144	02E8	F4
701	D144	025C	F4
701	D144	0290	F4
701	D144	02C4	F4
701	D144	02F8	F4
701	D144	026C	F4
701	D144	02A0	F4
701	D144	02D4	F4
701	D144	0248	F4
701	D144	027C	F4
701	D144	02B0	F4
701	D144	02E4	F4
701	D144	0258	F4
701	D144	028C	F4
701	D144	02C0	F4
701	D144	02F4	F4
701	D144	0268	F4
701	D144	029C	F4
701	D144	02D0	F4
701	D144	0244	F4
701	D144	0278	F4
701	D144	02AC	F4
701	D144	02E0	F4
702	F47C	0200	B7
702	F47C	0204	B7
702	F47C	0208	B7
702	F47C	020C	B7
702	F47C	0210	BF
702	F47C	0214	BF
702	F47C	0218	BF
702	F47C	021C	BF
702	F47C	0220	C7
702	F47C	0224	C7
702	F47C	0228	C7
702	F47C	022C	C7
702	F47C	0230	CF
702	F47C	0234	CF
702	F47C	0238	CF
702	F47C	023C	CF
702	F47C	0248	1F
702	F47C	027C	25
702	F47C	02B0	27
702	F47C	02E4	2D
702	F47C	0258	2D
702	F47C	028C	31
702	F47C	02C0	31
702	F47C	02F4	35
702	F47C	0268	39
702	F47C	029C	40
702	D144	02D0	F4
702	D144	0244	F4
702	D144	0278	F4
702	D144	02AC	F4
702	D144	02E0	F4
702	D144	0254	F4
702	D144	0288	F4
702	D144	02BC	F4
702	D144	02F0	F4
702	D144	0264	F4
702	D144	0298	F4
702	D144	02CC	F4
702	D144	0240	F4
702	D144	0274	F4
702	D144	02A8	F4
702	D144	02DC	F4
702	D144	0250	F4
702	D144	0284	F4
702	D144	02B8	F4
702	D144	02EC	F4
702	D144	0260	F4
702	D144	0294	F4
702	D144	02C8	F4
702	D144	02FC	F4
702	D144	0270	F4
702	D144	02A4	F4
702	D144	02D8	F4
702	D144	024C	F4
702	D144	0280	F4
702	D144	02B4	F4
702	D144	02E8	F4
702	D144	025C	F4
702	D144	0290	F4
702	D144	02C4	F4
702	D144	02F8	F4
702	D144	026C	F4
702	D144	02A0	F4
702	D144	02D4	F4
703	F47C	0200	B7
703	F47C	0204	B7
703	F47C	0208	B7
703	F47C	020C	B7
703	F47C	0210	BF
703	F47C	0214	BF
703	F47C	0218	BF
703	F47C	021C	BF
703	F47C	0220	C7
703	F47C	0224	C7
703	F47C	0228	C7
703	F47C	022C	C7
703	F47C	0230	CF
703	F47C	0234	CF
703	F47C	0238	CF
703	F47C	023C	CF
703	F47C	027C	1F
703	F47C	02B0	25
703	F47C	02E4	27
703	F47C	0258	2D
703	F47C	028C	2D
703	F47C	02C0	31
703	F47C	02F4	31
703	F47C	0268	35
703	F47C	029C	39
703	F47C	02D0	40
703	D144	0244	F4
703	D144	0278	F4
703	D144	02AC	F4
703	D144	02E0	F4
703	D144	0254	F4
703	D144	0288	F4
703	D144	02BC	F4
703	D144	02F0	F4
703	D144	0264	F4
703	D144	0298	F4
703	D144	02CC	F4
703	D144	0240	F4
703	D144	0274	F4
703	D144	02A8	F4
703	D144	02DC	F4
703	D144	0250	F4
703	D144	0284	F4
703	D144	02B8	F4
703	D144	02EC	F4
703	D144	0260	F4
703	D144	0294	F4
703	D144	02C8	F4
703	D144	02FC	F4
703	D144	0270	F4
703	D144	02A4	F4
703	D144	02D8	F4
703	D144	024C	F4
703	D144	0280	F4
703	D144	02B4	F4
703	D144	02E8	F4
703	D144	025C	F4
703	D144	0290	F4
703	D144	02C4	F4
703	D144	02F8	F4
703	D144	026C	F4
703	D144	02A0	F4
703	D144	02D4	F4
703	D144	0248	F4
704	F47C	0200	B7
704	F47C	0204	B7
704	F47C	0208	B7
704	F47C	020C	B7
704	F47C	0210	BF
704	F47C	0214	BF
704	F47C	0218	BF
704	F47C	021C	BF
704	F47C	0220	C7
704	F47C	0224	C7
704	F47C	0228	C7
704	F47C	022C	C7
704	F47C	0230	CF
704	F47C	0234	CF
704	F47C	0238	CF
704	F47C	023C	CF
704	F47C	02B0	1F
704	F47C	02E4	25
704	F47C	0258	27
704	F47C	028C	2D
704	F47C	02C0	2D
704	F47C	02F4	31
704	F47C	0268	31
704	F47C	029C	35
704	F47C	02D0	39
704	F47C	0244	40
704	D144	0278	F4
704	D144	02AC	F4
704	D144	02E0	F4
704	D144	0254	F4
704	D144	0288	F4
704	D144	02BC	F4
704	D144	02F0	F4
704	D144	0264	F4
704	D144	0298	F4
704	D144	02CC	F4
704	D144	0240	F4
704	D144	0274	F4
704	D144	02A8	F4
704	D144	02DC	F4
704	D144	0250	F4
704	D144	0284	F4
704	D144	02B8	F4
704	D144	02EC	F4
704	D144	0260	F4
704	D144	0294	F4
704	D144	02C8	F4
704	D144	02FC	F4
704	D144	0270	F4
704	D144	02A4	F4
704	D144	02D8	F4
704	D144	024C	F4
704	D144	0280	F4
704	D144	02B4	F4
704	D144	02E8	F4
704	D144	025C	F4
704	D144	0290	F4
704	D144	02C4	F4
704	D144	02F8	F4
704	D144	026C	F4
704	D144	02A0	F4
704	D144	02D4	F4
704	D144	0248	F4
704	D144	027C	F4
705	F47C	0200	B7
705	F47C	0204	B7
705	F47C	0208	B7
705	F47C	020C	B7
705	F47C	0210	BF
705	F47C	0214	BF
705	F47C	0218	BF
705	F47C	021C	BF
705	F47C	0220	C7
705	F47C	0224	C7
705	F47C	0228	C7
705	F47C	022C	C7
705	F47C	0230	CF
705	F47C	0234	CF
705	F47C	0238	CF
705	F47C	023C	CF
705	F47C	02E4	1F
705	F47C	0258	25
705	F47C	028C	27
705	F47C	02C0	2D
705	F47C	02F4	2D
705	F47C	0268	31
705	F47C	029C	31
705	F47C	02D0	35
705	F47C	0244	39
705	F47C	0278	40
705	D144	02AC	F4
705	D144	02E0	F4
705	D144	0254	F4
705	D144	0288	F4
705	D144	02BC	F4
705	D144	02F0	F4
705	D144	0264	F4
705	D144	0298	F4
705	D144	02CC	F4
705	D144	0240	F4
705	D144	0274	F4
705	D144	02A8	F4
705	D144	02DC	F4
705	D144	0250	F4
705	D144	0284	F4
705	D144	02B8	F4
705	D144	02EC	F4
705	D144	0260	F4
705	D144	0294	F4
705	D144	02C8	F4
705	D144	02FC	F4
705	D144	0270	F4
705	D144	02A4	F4
705	D144	02D8	F4
705	D144	024C	F4
705	D144	0280	F4
705	D144	02B4	F4
705	D144	02E8	F4
705	D144	025C	F4
705	D144	0290	F4
705	D144	02C4	F4
705	D144	02F8	F4
705	D144	026C	F4
705	D144	02A0	F4
705	D144	02D4	F4
705	D144	0248	F4
705	D144	027C	F4
705	D144	02B0	F4
706	F47C	0200	B7
706	F47C	0204	B7
706	F47C	0208	B7
706	F47C	020C	B7
706	F47C	0210	BF
706	F47C	0214	BF
706	F47C	0218	BF
706	F47C	021C	BF
706	F47C	0220	C7
706	F47C	0224	C7
706	F47C	0228	C7
706	F47C	022C	C7
706	F47C	0230	CF
706	F47C	0234	CF
706	F47C	0238	CF
706	F47C	023C	CF
706	F47C	0258	1F
706	F47C	028C	25
706	F47C	02C0	27
706	F47C	02F4	2D
706	F47C	0268	2D
706	F47C	029C	31
706	F47C	02D0	31
706	F47C	0244	35
706	F47C	0278	39
706	F47C	02AC	40
706	D144	02E0	F4
706	D144	0254	F4
706	D144	0288	F4
706	D144	02BC	F4
706	D144	02F0	F4
706	D144	0264	F4
706	D144	0298	F4
706	D144	02CC	F4
706	D144	0240	F4
706	D144	0274	F4
706	D144	02A8	F4
706	D144	02DC	F4
706	D144	0250	F4
706	D144	0284	F4
706	D144	02B8	F4
706	D144	02EC	F4
706	D144	0260	F4
706	D144	0294	F4
706	D144	02C8	F4
706	D144	02FC	F4
706	D144	0270	F4
706	D144	02A4	F4
706	D144	02D8	F4
706	D144	024C	F4
706	D144	0280	F4
706	D144	02B4	F4
706	D144	02E8	F4
706	D144	025C	F4
706	D144	0290	F4
706	D144	02C4	F4
706	D144	02F8	F4
706	D144	026C	F4
706	D144	02A0	F4
706	D144	02D4	F4
706	D144	0248	F4
706	D144	027C	F4
706	D144	02B0	F4
706	D144	02E4	F4
707	F47C	0200	B7
707	F47C	0204	B7
707	F47C	0208	B7
707	F47C	020C	B7
707	F47C	0210	BF
707	F47C	0214	BF
707	F47C	0218	BF
707	F47C	021C	BF
707	F47C	0220	C7
707	F47C	0224	C7
707	F47C	0228	C7
707	F47C	022C	C7
707	F47C	0230	CF
707	F47C	0234	CF
707	F47C	0238	CF
707	F47C	023C	CF
707	F47C	024C	1F
707	F47C	0280	25
707	F47C	02B4	27
707	F47C	02E8	2D
707	F47C	025C	2D
707	F47C	0290	31
707	F47C	02C4	31
707	F47C	02F8	35
707	F47C	026C	39
707	F47C	02A0	40
707	D144	02D4	F4
707	D144	0248	F4
707	D144	027C	F4
707	D144	02B0	F4
707	D144	02E4	F4
707	D144	0258	F4
707	D144	028C	F4
707	D144	02C0	F4
707	D144	02F4	F4
707	D144	0268	F4
707	D144	029C	F4
707	D144	02D0	F4
707	D144	0244	F4
707	D144	0278	F4
707	D144	02AC	F4
707	D144	02E0	F4
707	D144	0254	F4
707	D144	0288	F4
707	D144	02BC	F4
707	D144	02F0	F4
707	D144	0264	F4
707	D144	0298	F4
707	D144	02CC	F4
707	D144	0240	F4
707	D144	0274	F4
707	D144	02A8	F4
707	D144	02DC	F4
707	D144	0250	F4
707	D144	0284	F4
707	D144	02B8	F4
707	D144	02EC	F4
707	D144	0260	F4
707	D144	0294	F4
707	D144	02C8	F4
707	D144	02FC	F4
707	D144	0270	F4
707	D144	02A4	F4
707	D144	02D8	F4
708	F47C	0200	B7
708	F47C	0204	B7
708	F47C	0208	B7
708	F47C	020C	B7
708	F47C	0210	BF
708	F47C	0214	BF
708	F47C	0218	BF
708	F47C	021C	BF
708	F47C	0220	C7
708	F47C	0224	C7
708	F47C	0228	C7
708	F47C	022C	C7
708	F47C	0230	CF
708	F47C	0234	CF
708	F47C	0238	CF
708	F47C	023C	CF
708	F47C	0280	1F
708	F47C	02B4	25
708	F47C	02E8	27
708	F47C	025C	2D
708	F47C	0290	2D
708	F47C	02C4	31
708	F47C	02F8	31
708	F47C	026C	35
708	F47C	02A0	39
708	F47C	02D4	40
708	D144	0248	F4
708	D144	027C	F4
708	D144	02B0	F4
708	D144	02E4	F4
708	D144	0258	F4
708	D144	028C	F4
708	D144	02C0	F4
708	D144	02F4	F4
708	D144	0268	F4
708	D144	029C	F4
708	D144	02D0	F4
708	D144	0244	F4
708	D144	0278	F4
708	D144	02AC	F4
708	D144	02E0	F4
708	D144	0254	F4
708	D144	0288	F4
708	D144	02BC	F4
708	D144	02F0	F4
708	D144	0264	F4
708	D144	0298	F4
708	D144	02CC	F4
708	D144	0240	F4
708	D144	0274	F4
708	D144	02A8	F4
708	D144	02DC	F4
708	D144	0250	F4
708	D144	0284	F4
708	D144	02B8	F4
708	D144	02EC	F4
708	D144	0260	F4
708	D144	0294	F4
708	D144	02C8	F4
708	D144	02FC	F4
708	D144	0270	F4
708	D144	02A4	F4
708	D144	02D8	F4
708	D144	024C	F4
709	F47C	0200	B7
709	F47C	0204	B7
709	F47C	0208	B7
709	F47C	020C	B7
709	F47C	0210	BF
709	F47C	0214	BF
709	F47C	0218	BF
709	F47C	021C	BF
709	F47C	0220	C7
709	F47C	0224	C7
709	F47C	0228	C7
709	F47C	022C	C7
709	F47C	0230	CF
709	F47C	0234	CF
709	F47C	0238	CF
709	F47C	023C	CF
709	F47C	02B4	1F
709	F47C	02E8	25
709	F47C	025C	27
709	F47C	0290	2D
709	F47C	02C4	2D
709	F47C	02F8	31
709	F47C	026C	31
709	F47C	02A0	35
709	F47C	02D4	39
709	F47C	0248	40
709	D144	027C	F4
709	D144	02B0	F4
709	D144	02E4	F4
709	D144	0258	F4
709	D144	028C	F4
709	D144	02C0	F4
709	D144	02F4	F4
709	D144	0268	F4
709	D144	029C	F4
709	D144	02D0	F4
709	D144	0244	F4
709	D144	0278	F4
709	D144	02AC	F4
709	D144	02E0	F4
709	D144	0254	F4
709	D144	0288	F4
709	D144	02BC	F4
709	D144	02F0	F4
709	D144	0264	F4
709	D144	0298	F4
709	D144	02CC	F4
709	D144	0240	F4
709	D144	0274	F4
709	D144	02A8	F4
709	D144	02DC	F4
709	D144	0250	F4
709	D144	0284	F4
709	D144	02B8	F4
709	D144	02EC	F4
709	D144	0260	F4
709	D144	0294	F4
709	D144	02C8	F4
709	D144	02FC	F4
709	D144	0270	F4
709	D144	02A4	F4
709	D144	02D8	F4
709	D144	024C	F4
709	D144	0280	F4
710	F47C	0200	B7
710	F47C	0204	B7
710	F47C	0208	B7
710	F47C	020C	B7
710	F47C	0210	BF
710	F47C	0214	BF
710	F47C	0218	BF
710	F47C	021C	BF
710	F47C	0220	C7
710	F47C	0224	C7
710	F47C	0228	C7
710	F47C	022C	C7
710	F47C	0230	CF
710	F47C	0234	CF
710	F47C	0238	CF
710	F47C	023C	CF
710	F47C	02E8	1F
710	F47C	025C	25
710	F47C	0290	27
710	F47C	02C4	2D
710	F47C	02F8	2D
710	F47C	026C	31
710	F47C	02A0	31
710	F47C	02D4	35
710	F47C	0248	39
710	F47C	027C	40
710	D144	02B0	F4
710	D144	02E4	F4
710	D144	0258	F4
710	D144	028C	F4
710	D144	02C0	F4
710	D144	02F4	F4
710	D144	0268	F4
710	D144	029C	F4
710	D144	02D0	F4
710	D144	0244	F4
710	D144	0278	F4
710	D144	02AC	F4
710	D144	02E0	F4
710	D144	0254	F4
710	D144	0288	F4
710	D144	02BC	F4
710	D144	02F0	F4
710	D144	0264	F4
710	D144	0298	F4
710	D144	02CC	F4
710	D144	0240	F4
710	D144	0274	F4
710	D144	02A8	F4
710	D144	02DC	F4
710	D144	0250	F4
710	D144	0284	F4
710	D144	02B8	F4
710	D144	02EC	F4
710	D144	0260	F4
710	D144	0294	F4
710	D144	02C8	F4
710	D144	02FC	F4
710	D144	0270	F4
710	D144	02A4	F4
710	D144	02D8	F4
710	D144	024C	F4
710	D144	0280	F4
710	D144	02B4	F4
711	F47C	0200	B7
711	F47C	0204	B7
711	F47C	0208	B7
711	F47C	020C	B7
711	F47C	0210	BF
711	F47C	0214	BF
711	F47C	0218	BF
711	F47C	021C	BF
711	F47C	0220	C7
711	F47C	0224	C7
711	F47C	0228	C7
711	F47C	022C	C7
711	F47C	0230	CF
711	F47C	0234	CF
711	F47C	0238	CF
711	F47C	023C	CF
711	F47C	025C	1F
711	F47C	0290	25
711	F47C	02C4	27
711	F47C	02F8	2D
711	F47C	026C	2D
711	F47C	02A0	31
711	F47C	02D4	31
711	F47C	0248	35
711	F47C	027C	39
711	F47C	02B0	40
711	D144	02E4	F4
711	D144	0258	F4
711	D144	028C	F4
711	D144	02C0	F4
711	D144	02F4	F4
711	D144	0268	F4
711	D144	029C	F4
711	D144	02D0	F4
711	D144	0244	F4
711	D144	0278	F4
711	D144	02AC	F4
711	D144	02E0	F4
711	D144	0254	F4
711	D144	0288	F4
711	D144	02BC	F4
711	D144	02F0	F4
711	D144	0264	F4
711	D144	0298	F4
711	D144	02CC	F4
711	D144	0240	F4
711	D144	0274	F4
711	D144	02A8	F4
711	D144	02DC	F4
711	D144	0250	F4
711	D144	0284	F4
711	D144	02B8	F4
711	D144	02EC	F4
711	D144	0260	F4
711	D144	0294	F4
711	D144	02C8	F4
711	D144	02FC	F4
711	D144	0270	F4
711	D144	02A4	F4
711	D144	02D8	F4
711	D144	024C	F4
711	D144	0280	F4
711	D144	02B4	F4
711	D144	02E8	F4
712	F47C	0200	B7
712	F47C	0204	B7
712	F47C	0208	B7
712	F47C	020C	B7
712	F47C	0210	BF
712	F47C	0214	BF
712	F47C	0218	BF
712	F47C	021C	BF
712	F47C	0220	C7
712	F47C	0224	C7
712	F47C	0228	C7
712	F47C	022C	C7
712	F47C	0230	CF
712	F47C	0234	CF
712	F47C	0238	CF
712	F47C	023C	CF
712	F47C	0250	1F
712	F47C	0284	25
712	F47C	02B8	27
712	F47C	02EC	2D
712	F47C	0260	2D
712	F47C	0294	31
712	F47C	02C8	31
712	F47C	02FC	35
712	F47C	0270	39
712	F47C	02A4	40
712	D144	02D8	F4
712	D144	024C	F4
712	D144	0280	F4
712	D144	02B4	F4
712	D144	02E8	F4
712	D144	025C	F4
712	D144	0290	F4
712	D144	02C4	F4
712	D144	02F8	F4
712	D144	026C	F4
712	D144	02A0	F4
712	D144	02D4	F4
712	D144	0248	F4
712	D144	027C	F4
712	D144	02B0	F4
712	D144	02E4	F4
712	D144	0258	F4
712	D144	028C	F4
712	D144	02C0	F4
712	D144	02F4	F4
712	D144	0268	F4
712	D144	029C	F4
712	D144	02D0	F4
712	D144	0244	F4
712	D144	0278	F4
712	D144	02AC	F4
712	D144	02E0	F4
712	D144	0254	F4
712	D144	0288	F4
712	D144	02BC	F4
712	D144	02F0	F4
712	D144	0264	F4
712	D144	0298	F4
712	D144	02CC	F4
712	D144	0240	F4
712	D144	0274	F4
712	D144	02A8	F4
712	D144	02DC	F4
713	F47C	0200	B7
713	F47C	0204	B7
713	F47C	0208	B7
713	F47C	020C	B7
713	F47C	0210	BF
713	F47C	0214	BF
713	F47C	0218	BF
713	F47C	021C	BF
713	F47C	0220	C7
713	F47C	0224	C7
713	F47C	0228	C7
713	F47C	022C	C7
713	F47C	0230	CF
713	F47C	0234	CF
713	F47C	0238	CF
713	F47C	023C	CF
713	F47C	0284	1F
713	F47C	02B8	25
713	F47C	02EC	27
713	F47C	0260	2D
713	F47C	0294	2D
713	F47C	02C8	31
713	F47C	02FC	31
713	F47C	0270	35
713	F47C	02A4	39
713	F47C	02D8	40
713	D144	024C	F4
713	D144	0280	F4
713	D144	02B4	F4
713	D144	02E8	F4
713	D144	025C	F4
713	D144	0290	F4
713	D144	02C4	F4
713	D144	02F8	F4
713	D144	026C	F4
713	D144	02A0	F4
713	D144	02D4	F4
713	D144	0248	F4
713	D144	027C	F4
713	D144	02B0	F4
713	D144	02E4	F4
713	D144	0258	F4
713	D144	028C	F4
713	D144	02C0	F4
713	D144	02F4	F4
713	D144	0268	F4
713	D144	029C	F4
713	D144	02D0	F4
713	D144	0244	F4
713	D144	0278	F4
713	D144	02AC	F4
713	D144	02E0	F4
713	D144	0254	F4
713	D144	0288	F4
713	D144	02BC	F4
713	D144	02F0	F4
713	D144	0264	F4
713	D144	0298	F4
713	D144	02CC	F4
713	D144	0240	F4
713	D144	0274	F4
713	D144	02A8	F4
713	D144	02DC	F4
713	D144	0250	F4
714	F47C	0200	B7
714	F47C	0204	B7
714	F47C	0208	B7
714	F47C	020C	B7
714	F47C	0210	BF
714	F47C	0214	BF
714	F47C	0218	BF
714	F47C	021C	BF
714	F47C	0220	C7
714	F47C	0224	C7
714	F47C	0228	C7
714	F47C	022C	C7
714	F47C	0230	CF
714	F47C	0234	CF
714	F47C	0238	CF
714	F47C	023C	CF
714	F47C	02B8	1F
714	F47C	02EC	25
714	F47C	0260	27
714	F47C	0294	2D
714	F47C	02C8	2D
714	F47C	02FC	31
714	F47C	0270	31
714	F47C	02A4	35
714	F47C	02D8	39
714	F47C	024C	40
714	D144	0280	F4
714	D144	02B4	F4
714	D144	02E8	F4
714	D144	025C	F4
714	D144	0290	F4
714	D144	02C4	F4
714	D144	02F8	F4
714	D144	026C	F4
714	D144	02A0	F4
714	D144	02D4	F4
714	D144	0248	F4
714	D144	027C	F4
714	D144	02B0	F4
714	D144	02E4	F4
714	D144	0258	F4
714	D144	028C	F4
714	D144	02C0	F4
714	D144	02F4	F4
714	D144	0268	F4
714	D144	029C	F4
714	D144	02D0	F4
714	D144	0244	F4
714	D144	0278	F4
714	D144	02AC	F4
714	D144	02E0	F4
714	D144	0254	F4
714	D144	0288	F4
714	D144	02BC	F4
714	D144	02F0	F4
714	D144	0264	F4
714	D144	0298	F4
714	D144	02CC	F4
714	D144	0240	F4
714	D144	0274	F4
714	D144	02A8	F4
714	D144	02DC	F4
714	D144	0250	F4
714	D144	0284	F4
715	F47C	0200	B7
715	F47C	0204	B7
715	F47C	0208	B7
715	F47C	020C	B7
715	F47C	0210	BF
715	F47C	0214	BF
715	F47C	0218	BF
715	F47C	021C	BF
715	F47C	0220	C7
715	F47C	0224	C7
715	F47C	0228	C7
715	F47C	022C	C7
715	F47C	0230	CF
715	F47C	0234	CF
715	F47C	0238	CF
715	F47C	023C	CF
715	F47C	02EC	1F
715	F47C	0260	25
715	F47C	0294	27
715	F47C	02C8	2D
715	F47C	02FC	2D
715	F47C	0270	31
715	F47C	02A4	31
715	F47C	02D8	35
715	F47C	024C	39
715	F47C	0280	40
715	D144	02B4	F4
715	D144	02E8	F4
715	D144	025C	F4
715	D144	0290	F4
715	D144	02C4	F4
715	D144	02F8	F4
715	D144	026C	F4
715	D144	02A0	F4
715	D144	02D4	F4
715	D144	0248	F4
715	D144	027C	F4
715	D144	02B0	F4
715	D144	02E4	F4
715	D144	0258	F4
715	D144	028C	F4
715	D144	02C0	F4
715	D144	02F4	F4
715	D144	0268	F4
715	D144	029C	F4
715	D144	02D0	F4
715	D144	0244	F4
715	D144	0278	F4
715	D144	02AC	F4
715	D144	02E0	F4
715	D144	0254	F4
715	D144	0288	F4
715	D144	02BC	F4
715	D144	02F0	F4
715	D144	0264	F4
715	D144	0298	F4
715	D144	02CC	F4
715	D144	0240	F4
715	D144	0274	F4
715	D144	02A8	F4
715	D144	02DC	F4
715	D144	0250	F4
715	D144	0284	F4
715	D144	02B8	F4
716	F47C	0200	B7
716	F47C	0204	B7
716	F47C	0208	B7
716	F47C	020C	B7
716	F47C	0210	BF
716	F47C	0214	BF
716	F47C	0218	BF
716	F47C	021C	BF
716	F47C	0220	C7
716	F47C	0224	C7
716	F47C	0228	C7
716	F47C	022C	C7
716	F47C	0230	CF
716	F47C	0234	CF
716	F47C	0238	CF
716	F47C	023C	CF
716	F47C	0260	1F
716	F47C	0294	25
716	F47C	02C8	27
716	F47C	02FC	2D
716	F47C	0270	2D
716	F47C	02A4	31
716	F47C	02D8	31
716	F47C	024C	35
716	F47C	0280	39
716	F47C	02B4	40
716	D144	02E8	F4
716	D144	025C	F4
716	D144	0290	F4
716	D144	02C4	F4
716	D144	02F8	F4
716	D144	026C	F4
716	D144	02A0	F4
716	D144	02D4	F4
716	D144	0248	F4
716	D144	027C	F4
716	D144	02B0	F4
716	D144	02E4	F4
716	D144	0258	F4
716	D144	028C	F4
716	D144	02C0	F4
716	D144	02F4	F4
716	D144	0268	F4
716	D144	029C	F4
716	D144	02D0	F4
716	D144	0244	F4
716	D144	0278	F4
716	D144	02AC	F4
716	D144	02E0	F4
716	D144	0254	F4
716	D144	0288	F4
716	D144	02BC	F4
716	D144	02F0	F4
716	D144	0264	F4
716	D144	0298	F4
716	D144	02CC	F4
716	D144	0240	F4
716	D144	0274	F4
716	D144	02A8	F4
716	D144	02DC	F4
716	D144	0250	F4
716	D144	0284	F4
716	D144	02B8	F4
716	D144	02EC	F4
717	F47C	0200	B7
717	F47C	0204	B7
717	F47C	0208	B7
717	F47C	020C	B7
717	F47C	0210	BF
717	F47C	0214	BF
717	F47C	0218	BF
717	F47C	021C	BF
717	F47C	0220	C7
717	F47C	0224	C7
717	F47C	0228	C7
717	F47C	022C	C7
717	F47C	0230	CF
717	F47C	0234	CF
717	F47C	0238	CF
717	F47C	023C	CF
717	F47C	0254	1F
717	F47C	0288	25
717	F47C	02BC	27
717	F47C	02F0	2D
717	F47C	0264	2D
717	F47C	0298	31
717	F47C	02CC	31
717	F47C	0240	35
717	F47C	0274	39
717	F47C	02A8	40
717	D144	02DC	F4
717	D144	0250	F4
717	D144	0284	F4
717	D144	02B8	F4
717	D144	02EC	F4
717	D144	0260	F4
717	D144	0294	F4
717	D144	02C8	F4
717	D144	02FC	F4
717	D144	0270	F4
717	D144	02A4	F4
717	D144	02D8	F4
717	D144	024C	F4
717	D144	0280	F4
717	D144	02B4	F4
717	D144	02E8	F4
717	D144	025C	F4
717	D144	0290	F4
717	D144	02C4	F4
717	D144	02F8	F4
717	D144	026C	F4
717	D144	02A0	F4
717	D144	02D4	F4
717	D144	0248	F4
717	D144	027C	F4
717	D144	02B0	F4
717	D144	02E4	F4
717	D144	0258	F4
717	D144	028C	F4
717	D144	02C0	F4
717	D144	02F4	F4
717	D144	0268	F4
717	D144	029C	F4
717	D144	02D0	F4
717	D144	0244	F4
717	D144	0278	F4
717	D144	02AC	F4
717	D144	02E0	F4
718	F47C	0200	B7
718	F47C	0204	B7
718	F47C	0208	B7
718	F47C	020C	B7
718	F47C	0210	BF
718	F47C	0214	BF
718	F47C	0218	BF
718	F47C	021C	BF
718	F47C	0220	C7
718	F47C	0224	C7
718	F47C	0228	C7
718	F47C	022C	C7
718	F47C	0230	CF
718	F47C	0234	CF
718	F47C	0238	CF
718	F47C	023C	CF
718	F47C	0288	1F
718	F47C	02BC	25
718	F47C	02F0	27
718	F47C	0264	2D
718	F47C	0298	2D
718	F47C	02CC	31
718	F47C	0240	31
718	F47C	0274	35
718	F47C	02A8	39
718	F47C	02DC	40
718	D144	0250	F4
718	D144	0284	F4
718	D144	02B8	F4
718	D144	02EC	F4
718	D144	0260	F4
718	D144	0294	F4
718	D144	02C8	F4
718	D144	02FC	F4
718	D144	0270	F4
718	D144	02A4	F4
718	D144	02D8	F4
718	D144	024C	F4
718	D144	0280	F4
718	D144	02B4	F4
718	D144	02E8	F4
718	D144	025C	F4
718	D144	0290	F4
718	D144	02C4	F4
718	D144	02F8	F4
718	D144	026C	F4
718	D144	02A0	F4
718	D144	02D4	F4
718	D144	0248	F4
718	D144	027C	F4
718	D144	02B0	F4
718	D144	02E4	F4
718	D144	0258	F4
718	D144	028C	F4
718	D144	02C0	F4
718	D144	02F4	F4
718	D144	0268	F4
718	D144	029C	F4
718	D144	02D0	F4
718	D144	0244	F4
718	D144	0278	F4
718	D144	02AC	F4
718	D144	02E0	F4
718	D144	0254	F4
719	F47C	0200	B7
719	F47C	0204	B7
719	F47C	0208	B7
719	F47C	020C	B7
719	F47C	0210	BF
719	F47C	0214	BF
719	F47C	0218	BF
719	F47C	021C	BF
719	F47C	0220	C7
719	F47C	0224	C7
719	F47C	0228	C7
719	F47C	022C	C7
719	F47C	0230	CF
719	F47C	0234	CF
719	F47C	0238	CF
719	F47C	023C	CF
719	F47C	02BC	1F
719	F47C	02F0	25
719	F47C	0264	27
719	F47C	0298	2D
719	F47C	02CC	2D
719	F47C	0240	31
719	F47C	0274	31
719	F47C	02A8	35
719	F47C	02DC	39
719	F47C	0250	40
719	D144	0284	F4
719	D144	02B8	F4
719	D144	02EC	F4
719	D144	0260	F4
719	D144	0294	F4
719	D144	02C8	F4
719	D144	02FC	F4
719	D144	0270	F4
719	D144	02A4	F4
719	D144	02D8	F4
719	D144	024C	F4
719	D144	0280	F4
719	D144	02B4	F4
719	D144	02E8	F4
719	D144	025C	F4
719	D144	0290	F4
719	D144	02C4	F4
719	D144	02F8	F4
719	D144	026C	F4
719	D144	02A0	F4
719	D144	02D4	F4
719	D144	0248	F4
719	D144	027C	F4
719	D144	02B0	F4
719	D144	02E4	F4
719	D144	0258	F4
719	D144	028C	F4
719	D144	02C0	F4
719	D144	02F4	F4
719	D144	0268	F4
719	D144	029C	F4
719	D144	02D0	F4
719	D144	0244	F4
719	D144	0278	F4
719	D144	02AC	F4
719	D144	02E0	F4
719	D144	0254	F4
719	D144	0288	F4
720	F47C	0200	B7
720	F47C	0204	B7
720	F47C	0208	B7
720	F47C	020C	B7
720	F47C	0210	BF
720	F47C	0214	BF
720	F47C	0218	BF
720	F47C	021C	BF
720	F47C	0220	C7
720	F47C	0224	C7
720	F47C	0228	C7
720	F47C	022C	C7
720	F47C	0230	CF
720	F47C	0234	CF
720	F47C	0238	CF
720	F47C	023C	CF
720	F47C	02F0	1F
720	F47C	0264	25
720	F47C	0298	27
720	F47C	02CC	2D
720	F47C	0240	2D
720	F47C	0274	31
720	F47C	02A8	31
720	F47C	02DC	35
720	F47C	0250	39
720	F47C	0284	40
720	D144	02B8	F4
720	D144	02EC	F4
720	D144	0260	F4
720	D144	0294	F4
720	D144	02C8	F4
720	D144	02FC	F4
720	D144	0270	F4
720	D144	02A4	F4
720	D144	02D8	F4
720	D144	024C	F4
720	D144	0280	F4
720	D144	02B4	F4
720	D144	02E8	F4
720	D144	025C	F4
720	D144	0290	F4
720	D144	02C4	F4
720	D144	02F8	F4
720	D144	026C	F4
720	D144	02A0	F4
720	D144	02D4	F4
720	D144	0248	F4
720	D144	027C	F4
720	D144	02B0	F4
720	D144	02E4	F4
720	D144	0258	F4
720	D144	028C	F4
720	D144	02C0	F4
720	D144	02F4	F4
720	D144	0268	F4
720	D144	029C	F4
720	D144	02D0	F4
720	D144	0244	F4
720	D144	0278	F4
720	D144	02AC	F4
720	D144	02E0	F4
720	D144	0254	F4
720	D144	0288	F4
720	D144	02BC	F4
721	F47C	0200	B7
721	F47C	0204	B7
721	F47C	0208	B7
721	F47C	020C	B7
721	F47C	0210	BF
721	F47C	0214	BF
721	F47C	0218	BF
721	F47C	021C	BF
721	F47C	0220	C7
721	F47C	0224	C7
721	F47C	0228	C7
721	F47C	022C	C7
721	F47C	0230	CF
721	F47C	0234	CF
721	F47C	0238	CF
721	F47C	023C	CF
721	F47C	0264	1F
721	F47C	0298	25
721	F47C	02CC	27
721	F47C	0240	2D
721	F47C	0274	2D
721	F47C	02A8	31
721	F47C	02DC	31
721	F47C	0250	35
721	F47C	0284	39
721	F47C	02B8	40
721	D144	02EC	F4
721	D144	0260	F4
721	D144	0294	F4
721	D144	02C8	F4
721	D144	02FC	F4
721	D144	0270	F4
721	D144	02A4	F4
721	D144	02D8	F4
721	D144	024C	F4
721	D144	0280	F4
721	D144	02B4	F4
721	D144	02E8	F4
721	D144	025C	F4
721	D144	0290	F4
721	D144	02C4	F4
721	D144	02F8	F4
721	D144	026C	F4
721	D144	02A0	F4
721	D144	02D4	F4
721	D144	0248	F4
721	D144	027C	F4
721	D144	02B0	F4
721	D144	02E4	F4
721	D144	0258	F4
721	D144	028C	F4
721	D144	02C0	F4
721	D144	02F4	F4
721	D144	0268	F4
721	D144	029C	F4
721	D144	02D0	F4
721	D144	0244	F4
721	D144	0278	F4
721	D144	02AC	F4
721	D144	02E0	F4
721	D144	0254	F4
721	D144	0288	F4
721	D144	02BC	F4
721	D144	02F0	F4
722	F47C	0200	B7
722	F47C	0204	B7
722	F47C	0208	B7
722	F47C	020C	B7
722	F47C	0210	BF
722	F47C	0214	BF
722	F47C	0218	BF
722	F47C	021C	BF
722	F47C	0220	C7
722	F47C	0224	C7
722	F47C	0228	C7
722	F47C	022C	C7
722	F47C	0230	CF
722	F47C	0234	CF
722	F47C	0238	CF
722	F47C	023C	CF
722	F47C	0258	1F
722	F47C	028C	25
722	F47C	02C0	27
722	F47C	02F4	2D
722	F47C	0268	2D
722	F47C	029C	31
722	F47C	02D0	31
722	F47C	0244	35
722	F47C	0278	39
722	F47C	02AC	40
722	D144	02E0	F4
722	D144	0254	F4
722	D144	0288	F4
722	D144	02BC	F4
722	D144	02F0	F4
722	D144	0264	F4
722	D144	0298	F4
722	D144	02CC	F4
722	D144	0240	F4
722	D144	0274	F4
722	D144	02A8	F4
722	D144	02DC	F4
722	D144	0250	F4
722	D144	0284	F4
722	D144	02B8	F4
722	D144	02EC	F4
722	D144	0260	F4
722	D144	0294	F4
722	D144	02C8	F4
722	D144	02FC	F4
722	D144	0270	F4
722	D144	02A4	F4
722	D144	02D8	F4
722	D144	024C	F4
722	D144	0280	F4
722	D144	02B4	F4
722	D144	02E8	F4
722	D144	025C	F4
722	D144	0290	F4
722	D144	02C4	F4
722	D144	02F8	F4
722	D144	026C	F4
722	D144	02A0	F4
722	D144	02D4	F4
722	D144	0248	F4
722	D144	027C	F4
722	D144	02B0	F4
722	D144	02E4	F4
723	F47C	0200	B7
723	F47C	0204	B7
723	F47C	0208	B7
723	F47C	020C	B7
723	F47C	0210	BF
723	F47C	0214	BF
723	F47C	0218	BF
723	F47C	021C	BF
723	F47C	0220	C7
723	F47C	0224	C7
723	F47C	0228	C7
723	F47C	022C	C7
723	F47C	0230	CF
723	F47C	0234	CF
723	F47C	0238	CF
723	F47C	023C	CF
723	F47C	028C	1F
723	F47C	02C0	25
723	F47C	02F4	27
723	F47C	0268	2D
723	F47C	029C	2D
723	F47C	02D0	31
723	F47C	0244	31
723	F47C	0278	35
723	F47C	02AC	39
723	F47C	02E0	40
723	D144	0254	F4
723	D144	0288	F4
723	D144	02BC	F4
723	D144	02F0	F4
723	D144	0264	F4
723	D144	0298	F4
723	D144	02CC	F4
723	D144	0240	F4
723	D144	0274	F4
723	D144	02A8	F4
723	D144	02DC	F4
723	D144	0250	F4
723	D144	0284	F4
723	D144	02B8	F4
723	D144	02EC	F4
723	D144	0260	F4
723	D144	0294	F4
723	D144	02C8	F4
723	D144	02FC	F4
723	D144	0270	F4
723	D144	02A4	F4
723	D144	02D8	F4
723	D144	024C	F4
723	D144	0280	F4
723	D144	02B4	F4
723	D144	02E8	F4
723	D144	025C	F4
723	D144	0290	F4
723	D144	02C4	F4
723	D144	02F8	F4
723	D144	026C	F4
723	D144	02A0	F4
723	D144	02D4	F4
723	D144	0248	F4
723	D144	027C	F4
723	D144	02B0	F4
723	D144	02E4	F4
723	D144	0258	F4
724	F47C	0200	B7
724	F47C	0204	B7
724	F47C	0208	B7
724	F47C	020C	B7
724	F47C	0210	BF
724	F47C	0214	BF
724	F47C	0218	BF
724	F47C	021C	BF
724	F47C	0220	C7
724	F47C	0224	C7
724	F47C	0228	C7
724	F47C	022C	C7
724	F47C	0230	CF
724	F47C	0234	CF
724	F47C	0238	CF
724	F47C	023C	CF
724	F47C	02C0	1F
724	F47C	02F4	25
724	F47C	0268	27
724	F47C	029C	2D
724	F47C	02D0	2D
724	F47C	0244	31
724	F47C	0278	31
724	F47C	02AC	35
724	F47C	02E0	39
724	F47C	0254	40
724	D144	0288	F4
724	D144	02BC	F4
724	D144	02F0	F4
724	D144	0264	F4
724	D144	0298	F4
724	D144	02CC	F4
724	D144	0240	F4
724	D144	0274	F4
724	D144	02A8	F4
724	D144	02DC	F4
724	D144	0250	F4
724	D144	0284	F4
724	D144	02B8	F4
724	D144	02EC	F4
724	D144	0260	F4
724	D144	0294	F4
724	D144	02C8	F4
724	D144	02FC	F4
724	D144	0270	F4
724	D144	02A4	F4
724	D144	02D8	F4
724	D144	024C	F4
724	D144	0280	F4
724	D144	02B4	F4
724	D144	02E8	F4
724	D144	025C	F4
724	D144	0290	F4
724	D144	02C4	F4
724	D144	02F8	F4
724	D144	026C	F4
724	D144	02A0	F4
724	D144	02D4	F4
724	D144	0248	F4
724	D144	027C	F4
724	D144	02B0	F4
724	D144	02E4	F4
724	D144	0258	F4
724	D144	028C	F4
725	F47C	0200	B7
725	F47C	0204	B7
725	F47C	0208	B7
725	F47C	020C	B7
725	F47C	0210	BF
725	F47C	0214	BF
725	F47C	0218	BF
725	F47C	021C	BF
725	F47C	0220	C7
725	F47C	0224	C7
725	F47C	0228	C7
725	F47C	022C	C7
725	F47C	0230	CF
725	F47C	0234	CF
725	F47C	0238	CF
725	F47C	023C	CF
725	F47C	02F4	1F
725	F47C	0268	25
725	F47C	029C	27
725	F47C	02D0	2D
725	F47C	0244	2D
725	F47C	0278	31
725	F47C	02AC	31
725	F47C	02E0	35
725	F47C	0254	39
725	F47C	0288	40
725	D144	02BC	F4
725	D144	02F0	F4
725	D144	0264	F4
725	D144	0298	F4
725	D144	02CC	F4
725	D144	0240	F4
725	D144	0274	F4
725	D144	02A8	F4
725	D144	02DC	F4
725	D144	0250	F4
725	D144	0284	F4
725	D144	02B8	F4
725	D144	02EC	F4
725	D144	0260	F4
725	D144	0294	F4
725	D144	02C8	F4
725	D144	02FC	F4
725	D144	0270	F4
725	D144	02A4	F4
725	D144	02D8	F4
725	D144	024C	F4
725	D144	0280	F4
725	D144	02B4	F4
725	D144	02E8	F4
725	D144	025C	F4
725	D144	0290	F4
725	D144	02C4	F4
725	D144	02F8	F4
725	D144	026C	F4
725	D144	02A0	F4
725	D144	02D4	F4
725	D144	0248	F4
725	D144	027C	F4
725	D144	02B0	F4
725	D144	02E4	F4
725	D144	0258	F4
725	D144	028C	F4
725	D144	02C0	F4
726	F47C	0200	B7
726	F47C	0204	B7
726	F47C	0208	B7
726	F47C	020C	B7
726	F47C	0210	BF
726	F47C	0214	BF
726	F47C	0218	BF
726	F47C	021C	BF
726	F47C	0220	C7
726	F47C	0224	C7
726	F47C	0228	C7
726	F47C	022C	C7
726	F47C	0230	CF
726	F47C	0234	CF
726	F47C	0238	CF
726	F47C	023C	CF
726	F47C	0268	1F
726	F47C	029C	25
726	F47C	02D0	27
726	F47C	0244	2D
726	F47C	0278	2D
726	F47C	02AC	31
726	F47C	02E0	31
726	F47C	0254	35
726	F47C	0288	39
726	F47C	02BC	40
726	D144	02F0	F4
726	D144	0264	F4
726	D144	0298	F4
726	D144	02CC	F4
726	D144	0240	F4
726	D144	0274	F4
726	D144	02A8	F4
726	D144	02DC	F4
726	D144	0250	F4
726	D144	0284	F4
726	D144	02B8	F4
726	D144	02EC	F4
726	D144	0260	F4
726	D144	0294	F4
726	D144	02C8	F4
726	D144	02FC	F4
726	D144	0270	F4
726	D144	02A4	F4
726	D144	02D8	F4
726	D144	024C	F4
726	D144	0280	F4
726	D144	02B4	F4
726	D144	02E8	F4
726	D144	025C	F4
726	D144	0290	F4
726	D144	02C4	F4
726	D144	02F8	F4
726	D144	026C	F4
726	D144	02A0	F4
726	D144	02D4	F4
726	D144	0248	F4
726	D144	027C	F4
726	D144	02B0	F4
726	D144	02E4	F4
726	D144	0258	F4
726	D144	028C	F4
726	D144	02C0	F4
726	D144	02F4	F4
727	F47C	0200	B7
727	F47C	0204	B7
727	F47C	0208	B7
727	F47C	020C	B7
727	F47C	0210	BF
727	F47C	0214	BF
727	F47C	0218	BF
727	F47C	021C	BF
727	F47C	0220	C7
727	F47C	0224	C7
727	F47C	0228	C7
727	F47C	022C	C7
727	F47C	0230	CF
727	F47C	0234	CF
727	F47C	0238	CF
727	F47C	023C	CF
727	F47C	025C	1F
727	F47C	0290	25
727	F47C	02C4	27
727	F47C	02F8	2D
727	F47C	026C	2D
727	F47C	02A0	31
727	F47C	02D4	31
727	F47C	0248	35
727	F47C	027C	39
727	F47C	02B0	40
727	D144	02E4	F4
727	D144	0258	F4
727	D144	028C	F4
727	D144	02C0	F4
727	D144	02F4	F4
727	D144	0268	F4
727	D144	029C	F4
727	D144	02D0	F4
727	D144	0244	F4
727	D144	0278	F4
727	D144	02AC	F4
727	D144	02E0	F4
727	D144	0254	F4
727	D144	0288	F4
727	D144	02BC	F4
727	D144	02F0	F4
727	D144	0264	F4
727	D144	0298	F4
727	D144	02CC	F4
727	D144	0240	F4
727	D144	0274	F4
727	D144	02A8	F4
727	D144	02DC	F4
727	D144	0250	F4
727	D144	0284	F4
727	D144	02B8	F4
727	D144	02EC	F4
727	D144	0260	F4
727	D144	0294	F4
727	D144	02C8	F4
727	D144	02FC	F4
727	D144	0270	F4
727	D144	02A4	F4
727	D144	02D8	F4
727	D144	024C	F4
727	D144	0280	F4
727	D144	02B4	F4
727	D144	02E8	F4
728	F47C	0200	B7
728	F47C	0204	B7
728	F47C	0208	B7
728	F47C	020C	B7
728	F47C	0210	BF
728	F47C	0214	BF
728	F47C	0218	BF
728	F47C	021C	BF
728	F47C	0220	C7
728	F47C	0224	C7
728	F47C	0228	C7
728	F47C	022C	C7
728	F47C	0230	CF
728	F47C	0234	CF
728	F47C	0238	CF
728	F47C	023C	CF
728	F47C	0290	1F
728	F47C	02C4	25
728	F47C	02F8	27
728	F47C	026C	2D
728	F47C	02A0	2D
728	F47C	02D4	31
728	F47C	0248	31
728	F47C	027C	35
728	F47C	02B0	39
728	F47C	02E4	40
728	D144	0258	F4
728	D144	028C	F4
728	D144	02C0	F4
728	D144	02F4	F4
728	D144	0268	F4
728	D144	029C	F4
728	D144	02D0	F4
728	D144	0244	F4
728	D144	0278	F4
728	D144	02AC	F4
728	D144	02E0	F4
728	D144	0254	F4
728	D144	0288	F4
728	D144	02BC	F4
728	D144	02F0	F4
728	D144	0264	F4
728	D144	0298	F4
728	D144	02CC	F4
728	D144	0240	F4
728	D144	0274	F4
728	D144	02A8	F4
728	D144	02DC	F4
728	D144	0250	F4
728	D144	0284	F4
728	D144	02B8	F4
728	D144	02EC	F4
728	D144	0260	F4
728	D144	0294	F4
728	D144	02C8	F4
728	D144	02FC	F4
728	D144	0270	F4
728	D144	02A4	F4
728	D144	02D8	F4
728	D144	024C	F4
728	D144	0280	F4
728	D144	02B4	F4
728	D144	02E8	F4
728	D144	025C	F4
729	F47C	0200	B7
729	F47C	0204	B7
729	F47C	0208	B7
729	F47C	020C	B7
729	F47C	0210	BF
729	F47C	0214	BF
729	F47C	0218	BF
729	F47C	021C	BF
729	F47C	0220	C7
729	F47C	0224	C7
729	F47C	0228	C7
729	F47C	022C	C7
729	F47C	0230	CF
729	F47C	0234	CF
729	F47C	0238	CF
729	F47C	023C	CF
729	F47C	02C4	1F
729	F47C	02F8	25
729	F47C	026C	27
729	F47C	02A0	2D
729	F47C	02D4	2D
729	F47C	0248	31
729	F47C	027C	31
729	F47C	02B0	35
729	F47C	02E4	39
729	F47C	0258	40
729	D144	028C	F4
729	D144	02C0	F4
729	D144	02F4	F4
729	D144	0268	F4
729	D144	029C	F4
729	D144	02D0	F4
729	D144	0244	F4
729	D144	0278	F4
729	D144	02AC	F4
729	D144	02E0	F4
729	D144	0254	F4
729	D144	0288	F4
729	D144	02BC	F4
729	D144	02F0	F4
729	D144	0264	F4
729	D144	0298	F4
729	D144	02CC	F4
729	D144	0240	F4
729	D144	0274	F4
729	D144	02A8	F4
729	D144	02DC	F4
729	D144	0250	F4
729	D144	0284	F4
729	D144	02B8	F4
729	D144	02EC	F4
729	D144	0260	F4
729	D144	0294	F4
729	D144	02C8	F4
729	D144	02FC	F4
729	D144	0270	F4
729	D144	02A4	F4
729	D144	02D8	F4
729	D144	024C	F4
729	D144	0280	F4
729	D144	02B4	F4
729	D144	02E8	F4
729	D144	025C	F4
729	D144	0290	F4
730	F47C	0200	B7
730	F47C	0204	B7
730	F47C	0208	B7
730	F47C	020C	B7
730	F47C	0210	BF
730	F47C	0214	BF
730	F47C	0218	BF
730	F47C	021C	BF
730	F47C	0220	C7
730	F47C	0224	C7
730	F47C	0228	C7
730	F47C	022C	C7
730	F47C	0230	CF
730	F47C	0234	CF
730	F47C	0238	CF
730	F47C	023C	CF
730	F47C	02F8	1F
730	F47C	026C	25
730	F47C	02A0	27
730	F47C	02D4	2D
730	F47C	0248	2D
730	F47C	027C	31
730	F47C	02B0	31
730	F47C	02E4	35
730	F47C	0258	39
730	F47C	028C	40
730	D144	02C0	F4
730	D144	02F4	F4
730	D144	0268	F4
730	D144	029C	F4
730	D144	02D0	F4
730	D144	0244	F4
730	D144	0278	F4
730	D144	02AC	F4
730	D144	02E0	F4
730	D144	0254	F4
730	D144	0288	F4
730	D144	02BC	F4
730	D144	02F0	F4
730	D144	0264	F4
730	D144	0298	F4
730	D144	02CC	F4
730	D144	0240	F4
730	D144	0274	F4
730	D144	02A8	F4
730	D144	02DC	F4
730	D144	0250	F4
730	D144	0284	F4
730	D144	02B8	F4
730	D144	02EC	F4
730	D144	0260	F4
730	D144	0294	F4
730	D144	02C8	F4
730	D144	02FC	F4
730	D144	0270	F4
730	D144	02A4	F4
730	D144	02D8	F4
730	D144	024C	F4
730	D144	0280	F4
730	D144	02B4	F4
730	D144	02E8	F4
730	D144	025C	F4
730	D144	0290	F4
730	D144	02C4	F4
731	F47C	0200	B7
731	F47C	0204	B7
731	F47C	0208	B7
731	F47C	020C	B7
731	F47C	0210	BF
731	F47C	0214	BF
731	F47C	0218	BF
731	F47C	021C	BF
731	F47C	0220	C7
731	F47C	0224	C7
731	F47C	0228	C7
731	F47C	022C	C7
731	F47C	0230	CF
731	F47C	0234	CF
731	F47C	0238	CF
731	F47C	023C	CF
731	F47C	026C	1F
731	F47C	02A0	25
731	F47C	02D4	27
731	F47C	0248	2D
731	F47C	027C	2D
731	F47C	02B0	31
731	F47C	02E4	31
731	F47C	0258	35
731	F47C	028C	39
731	F47C	02C0	40
731	D144	02F4	F4
731	D144	0268	F4
731	D144	029C	F4
731	D144	02D0	F4
731	D144	0244	F4
731	D144	0278	F4
731	D144	02AC	F4
731	D144	02E0	F4
731	D144	0254	F4
731	D144	0288	F4
731	D144	02BC	F4
731	D144	02F0	F4
731	D144	0264	F4
731	D144	0298	F4
731	D144	02CC	F4
731	D144	0240	F4
731	D144	0274	F4
731	D144	02A8	F4
731	D144	02DC	F4
731	D144	0250	F4
731	D144	0284	F4
731	D144	02B8	F4
731	D144	02EC	F4
731	D144	0260	F4
731	D144	0294	F4
731	D144	02C8	F4
731	D144	02FC	F4
731	D144	0270	F4
731	D144	02A4	F4
731	D144	02D8	F4
731	D144	024C	F4
731	D144	0280	F4
731	D144	02B4	F4
731	D144	02E8	F4
731	D144	025C	F4
731	D144	0290	F4
731	D144	02C4	F4
731	D144	02F8	F4
732	F47C	0200	B7
732	F47C	0204	B7
732	F47C	0208	B7
732	F47C	020C	B7
732	F47C	0210	BF
732	F47C	0214	BF
732	F47C	0218	BF
732	F47C	021C	BF
732	F47C	0220	C7
732	F47C	0224	C7
732	F47C	0228	C7
732	F47C	022C	C7
732	F47C	0230	CF
732	F47C	0234	CF
732	F47C	0238	CF
732	F47C	023C	CF
732	F47C	0260	1F
732	F47C	0294	25
732	F47C	02C8	27
732	F47C	02FC	2D
732	F47C	0270	2D
732	F47C	02A4	31
732	F47C	02D8	31
732	F47C	024C	35
732	F47C	0280	39
732	F47C	02B4	40
732	D144	02E8	F4
732	D144	025C	F4
732	D144	0290	F4
732	D144	02C4	F4
732	D144	02F8	F4
732	D144	026C	F4
732	D144	02A0	F4
732	D144	02D4	F4
732	D144	0248	F4
732	D144	027C	F4
732	D144	02B0	F4
732	D144	02E4	F4
732	D144	0258	F4
732	D144	028C	F4
732	D144	02C0	F4
732	D144	02F4	F4
732	D144	0268	F4
732	D144	029C	F4
732	D144	02D0	F4
732	D144	0244	F4
732	D144	0278	F4
732	D144	02AC	F4
732	D144	02E0	F4
732	D144	0254	F4
732	D144	0288	F4
732	D144	02BC	F4
732	D144	02F0	F4
732	D144	0264	F4
732	D144	0298	F4
732	D144	02CC	F4
732	D144	0240	F4
732	D144	0274	F4
732	D144	02A8	F4
732	D144	02DC	F4
732	D144	0250	F4
732	D144	0284	F4
732	D144	02B8	F4
732	D144	02EC	F4
733	F47C	0200	B7
733	F47C	0204	B7
733	F47C	0208	B7
733	F47C	020C	B7
733	F47C	0210	BF
733	F47C	0214	BF
733	F47C	0218	BF
733	F47C	021C	BF
733	F47C	0220	C7
733	F47C	0224	C7
733	F47C	0228	C7
733	F47C	022C	C7
733	F47C	0230	CF
733	F47C	0234	CF
733	F47C	0238	CF
733	F47C	023C	CF
733	F47C	0294	1F
733	F47C	02C8	25
733	F47C	02FC	27
733	F47C	0270	2D
733	F47C	02A4	2D
733	F47C	02D8	31
733	F47C	024C	31
733	F47C	0280	35
733	F47C	02B4	39
733	F47C	02E8	40
733	D144	025C	F4
733	D144	0290	F4
733	D144	02C4	F4
733	D144	02F8	F4
733	D144	026C	F4
733	D144	02A0	F4
733	D144	02D4	F4
733	D144	0248	F4
733	D144	027C	F4
733	D144	02B0	F4
733	D144	02E4	F4
733	D144	0258	F4
733	D144	028C	F4
733	D144	02C0	F4
733	D144	02F4	F4
733	D144	0268	F4
733	D144	029C	F4
733	D144	02D0	F4
733	D144	0244	F4
733	D144	0278	F4
733	D144	02AC	F4
733	D144	02E0	F4
733	D144	0254	F4
733	D144	0288	F4
733	D144	02BC	F4
733	D144	02F0	F4
733	D144	0264	F4
733	D144	0298	F4
733	D144	02CC	F4
733	D144	0240	F4
733	D144	0274	F4
733	D144	02A8	F4
733	D144	02DC	F4
733	D144	0250	F4
733	D144	0284	F4
733	D144	02B8	F4
733	D144	02EC	F4
733	D144	0260	F4
734	F47C	0200	B7
734	F47C	0204	B7
734	F47C	0208	B7
734	F47C	020C	B7
734	F47C	0210	BF
734	F47C	0214	BF
734	F47C	0218	BF
734	F47C	021C	BF
734	F47C	0220	C7
734	F47C	0224	C7
734	F47C	0228	C7
734	F47C	022C	C7
734	F47C	0230	CF
734	F47C	0234	CF
734	F47C	0238	CF
734	F47C	023C	CF
734	F47C	02C8	1F
734	F47C	02FC	25
734	F47C	0270	27
734	F47C	02A4	2D
734	F47C	02D8	2D
734	F47C	024C	31
734	F47C	0280	31
734	F47C	02B4	35
734	F47C	02E8	39
734	F47C	025C	40
734	D144	0290	F4
734	D144	02C4	F4
734	D144	02F8	F4
734	D144	026C	F4
734	D144	02A0	F4
734	D144	02D4	F4
734	D144	0248	F4
734	D144	027C	F4
734	D144	02B0	F4
734	D144	02E4	F4
734	D144	0258	F4
734	D144	028C	F4
734	D144	02C0	F4
734	D144	02F4	F4
734	D144	0268	F4
734	D144	029C	F4
734	D144	02D0	F4
734	D144	0244	F4
734	D144	0278	F4
734	D144	02AC	F4
734	D144	02E0	F4
734	D144	0254	F4
734	D144	0288	F4
734	D144	02BC	F4
734	D144	02F0	F4
734	D144	0264	F4
734	D144	0298	F4
734	D144	02CC	F4
734	D144	0240	F4
734	D144	0274	F4
734	D144	02A8	F4
734	D144	02DC	F4
734	D144	0250	F4
734	D144	0284	F4
734	D144	02B8	F4
734	D144	02EC	F4
734	D144	0260	F4
734	D144	0294	F4
735	F47C	0200	B7
735	F47C	0204	B7
735	F47C	0208	B7
735	F47C	020C	B7
735	F47C	0210	BF
735	F47C	0214	BF
735	F47C	0218	BF
735	F47C	021C	BF
735	F47C	0220	C7
735	F47C	0224	C7
735	F47C	0228	C7
735	F47C	022C	C7
735	F47C	0230	CF
735	F47C	0234	CF
735	F47C	0238	CF
735	F47C	023C	CF
735	F47C	02FC	1F
735	F47C	0270	25
735	F47C	02A4	27
735	F47C	02D8	2D
735	F47C	024C	2D
735	F47C	0280	31
735	F47C	02B4	31
735	F47C	02E8	35
735	F47C	025C	39
735	F47C	0290	40
735	D144	02C4	F4
735	D144	02F8	F4
735	D144	026C	F4
735	D144	02A0	F4
735	D144	02D4	F4
735	D144	0248	F4
735	D144	027C	F4
735	D144	02B0	F4
735	D144	02E4	F4
735	D144	0258	F4
735	D144	028C	F4
735	D144	02C0	F4
735	D144	02F4	F4
735	D144	0268	F4
735	D144	029C	F4
735	D144	02D0	F4
735	D144	0244	F4
735	D144	0278	F4
735	D144	02AC	F4
735	D144	02E0	F4
735	D144	0254	F4
735	D144	0288	F4
735	D144	02BC	F4
735	D144	02F0	F4
735	D144	0264	F4
735	D144	0298	F4
735	D144	02CC	F4
735	D144	0240	F4
735	D144	0274	F4
735	D144	02A8	F4
735	D144	02DC	F4
735	D144	0250	F4
735	D144	0284	F4
735	D144	02B8	F4
735	D144	02EC	F4
735	D144	0260	F4
735	D144	0294	F4
735	D144	02C8	F4
736	F47C	0200	B7
736	F47C	0204	B7
736	F47C	0208	B7
736	F47C	020C	B7
736	F47C	0210	BF
736	F47C	0214	BF
736	F47C	0218	BF
736	F47C	021C	BF
736	F47C	0220	C7
736	F47C	0224	C7
736	F47C	0228	C7
736	F47C	022C	C7
736	F47C	0230	CF
736	F47C	0234	CF
736	F47C	0238	CF
736	F47C	023C	CF
736	F47C	0270	1F
736	F47C	02A4	25
736	F47C	02D8	27
736	F47C	024C	2D
736	F47C	0280	2D
736	F47C	02B4	31
736	F47C	02E8	31
736	F47C	025C	35
736	F47C	0290	39
736	F47C	02C4	40
736	D144	02F8	F4
736	D144	026C	F4
736	D144	02A0	F4
736	D144	02D4	F4
736	D144	0248	F4
736	D144	027C	F4
736	D144	02B0	F4
736	D144	02E4	F4
736	D144	0258	F4
736	D144	028C	F4
736	D144	02C0	F4
736	D144	02F4	F4
736	D144	0268	F4
736	D144	029C	F4
736	D144	02D0	F4
736	D144	0244	F4
736	D144	0278	F4
736	D144	02AC	F4
736	D144	02E0	F4
736	D144	0254	F4
736	D144	0288	F4
736	D144	02BC	F4
736	D144	02F0	F4
736	D144	0264	F4
736	D144	0298	F4
736	D144	02CC	F4
736	D144	0240	F4
736	D144	0274	F4
736	D144	02A8	F4
736	D144	02DC	F4
736	D144	0250	F4
736	D144	0284	F4
736	D144	02B8	F4
736	D144	02EC	F4
736	D144	0260	F4
736	D144	0294	F4
736	D144	02C8	F4
736	D144	02FC	F4
737	F47C	0200	B7
737	F47C	0204	B7
737	F47C	0208	B7
737	F47C	020C	B7
737	F47C	0210	BF
737	F47C	0214	BF
737	F47C	0218	BF
737	F47C	021C	BF
737	F47C	0220	C7
737	F47C	0224	C7
737	F47C	0228	C7
737	F47C	022C	C7
737	F47C	0230	CF
737	F47C	0234	CF
737	F47C	0238	CF
737	F47C	023C	CF
737	F47C	0264	1F
737	F47C	0298	25
737	F47C	02CC	27
737	F47C	0240	2D
737	F47C	0274	2D
737	F47C	02A8	31
737	F47C	02DC	31
737	F47C	0250	35
737	F47C	0284	39
737	F47C	02B8	40
737	D144	02EC	F4
737	D144	0260	F4
737	D144	0294	F4
737	D144	02C8	F4
737	D144	02FC	F4
737	D144	0270	F4
737	D144	02A4	F4
737	D144	02D8	F4
737	D144	024C	F4
737	D144	0280	F4
737	D144	02B4	F4
737	D144	02E8	F4
737	D144	025C	F4
737	D144	0290	F4
737	D144	02C4	F4
737	D144	02F8	F4
737	D144	026C	F4
737	D144	02A0	F4
737	D144	02D4	F4
737	D144	0248	F4
737	D144	027C	F4
737	D144	02B0	F4
737	D144	02E4	F4
737	D144	0258	F4
737	D144	028C	F4
737	D144	02C0	F4
737	D144	02F4	F4
737	D144	0268	F4
737	D144	029C	F4
737	D144	02D0	F4
737	D144	0244	F4
737	D144	0278	F4
737	D144	02AC	F4
737	D144	02E0	F4
737	D144	0254	F4
737	D144	0288	F4
737	D144	02BC	F4
737	D144	02F0	F4
738	F47C	0200	B7
738	F47C	0204	B7
738	F47C	0208	B7
738	F47C	020C	B7
738	F47C	0210	BF
738	F47C	0214	BF
738	F47C	0218	BF
738	F47C	021C	BF
738	F47C	0220	C7
738	F47C	0224	C7
738	F47C	0228	C7
738	F47C	022C	C7
738	F47C	0230	CF
738	F47C	0234	CF
738	F47C	0238	CF
738	F47C	023C	CF
738	F47C	0298	1F
738	F47C	02CC	25
738	F47C	0240	27
738	F47C	0274	2D
738	F47C	02A8	2D
738	F47C	02DC	31
738	F47C	0250	31
738	F47C	0284	35
738	F47C	02B8	39
738	F47C	02EC	40
738	D144	0260	F4
738	D144	0294	F4
738	D144	02C8	F4
738	D144	02FC	F4
738	D144	0270	F4
738	D144	02A4	F4
738	D144	02D8	F4
738	D144	024C	F4
738	D144	0280	F4
738	D144	02B4	F4
738	D144	02E8	F4
738	D144	025C	F4
738	D144	0290	F4
738	D144	02C4	F4
738	D144	02F8	F4
738	D144	026C	F4
738	D144	02A0	F4
738	D144	02D4	F4
738	D144	0248	F4
738	D144	027C	F4
738	D144	02B0	F4
738	D144	02E4	F4
738	D144	0258	F4
738	D144	028C	F4
738	D144	02C0	F4
738	D144	02F4	F4
738	D144	0268	F4
738	D144	029C	F4
738	D144	02D0	F4
738	D144	0244	F4
738	D144	0278	F4
738	D144	02AC	F4
738	D144	02E0	F4
738	D144	0254	F4
738	D144	0288	F4
738	D144	02BC	F4
738	D144	02F0	F4
738	D144	0264	F4
739	F47C	0200	B7
739	F47C	0204	B7
739	F47C	0208	B7
739	F47C	020C	B7
739	F47C	0210	BF
739	F47C	0214	BF
739	F47C	0218	BF
739	F47C	021C	BF
739	F47C	0220	C7
739	F47C	0224	C7
739	F47C	0228	C7
739	F47C	022C	C7
739	F47C	0230	CF
739	F47C	0234	CF
739	F47C	0238	CF
739	F47C	023C	CF
739	F47C	02CC	1F
739	F47C	0240	25
739	F47C	0274	27
739	F47C	02A8	2D
739	F47C	02DC	2D
739	F47C	0250	31
739	F47C	0284	31
739	F47C	02B8	35
739	F47C	02EC	39
739	F47C	0260	40
739	D144	0294	F4
739	D144	02C8	F4
739	D144	02FC	F4
739	D144	0270	F4
739	D144	02A4	F4
739	D144	02D8	F4
739	D144	024C	F4
739	D144	0280	F4
739	D144	02B4	F4
739	D144	02E8	F4
739	D144	025C	F4
739	D144	0290	F4
739	D144	02C4	F4
739	D144	02F8	F4
739	D144	026C	F4
739	D144	02A0	F4
739	D144	02D4	F4
739	D144	0248	F4
739	D144	027C	F4
739	D144	02B0	F4
739	D144	02E4	F4
739	D144	0258	F4
739	D144	028C	F4
739	D144	02C0	F4
739	D144	02F4	F4
739	D144	0268	F4
739	D144	029C	F4
739	D144	02D0	F4
739	D144	0244	F4
739	D144	0278	F4
739	D144	02AC	F4
739	D144	02E0	F4
739	D144	0254	F4
739	D144	0288	F4
739	D144	02BC	F4
739	D144	02F0	F4
739	D144	0264	F4
739	D144	0298	F4
740	F47C	0200	B7
740	F47C	0204	B7
740	F47C	0208	B7
740	F47C	020C	B7
740	F47C	0210	BF
740	F47C	0214	BF
740	F47C	0218	BF
740	F47C	021C	BF
740	F47C	0220	C7
740	F47C	0224	C7
740	F47C	0228	C7
740	F47C	022C	C7
740	F47C	0230	CF
740	F47C	0234	CF
740	F47C	0238	CF
740	F47C	023C	CF
740	F47C	0240	1F
740	F47C	0274	25
740	F47C	02A8	27
740	F47C	02DC	2D
740	F47C	0250	2D
740	F47C	0284	31
740	F47C	02B8	31
740	F47C	02EC	35
740	F47C	0260	39
740	F47C	0294	40
740	D144	02C8	F4
740	D144	02FC	F4
740	D144	0270	F4
740	D144	02A4	F4
740	D144	02D8	F4
740	D144	024C	F4
740	D144	0280	F4
740	D144	02B4	F4
740	D144	02E8	F4
740	D144	025C	F4
740	D144	0290	F4
740	D144	02C4	F4
740	D144	02F8	F4
740	D144	026C	F4
740	D144	02A0	F4
740	D144	02D4	F4
740	D144	0248	F4
740	D144	027C	F4
740	D144	02B0	F4
740	D144	02E4	F4
740	D144	0258	F4
740	D144	028C	F4
740	D144	02C0	F4
740	D144	02F4	F4
740	D144	0268	F4
740	D144	029C	F4
740	D144	02D0	F4
740	D144	0244	F4
740	D144	0278	F4
740	D144	02AC	F4
740	D144	02E0	F4
740	D144	0254	F4
740	D144	0288	F4
740	D144	02BC	F4
740	D144	02F0	F4
740	D144	0264	F4
740	D144	0298	F4
740	D144	02CC	F4
741	F47C	0200	B7
741	F47C	0204	B7
741	F47C	0208	B7
741	F47C	020C	B7
741	F47C	0210	BF
741	F47C	0214	BF
741	F47C	0218	BF
741	F47C	021C	BF
741	F47C	0220	C7
741	F47C	0224	C7
741	F47C	0228	C7
741	F47C	022C	C7
741	F47C	0230	CF
741	F47C	0234	CF
741	F47C	0238	CF
741	F47C	023C	CF
741	F47C	0274	1F
741	F47C	02A8	25
741	F47C	02DC	27
741	F47C	0250	2D
741	F47C	0284	2D
741	F47C	02B8	31
741	F47C	02EC	31
741	F47C	0260	35
741	F47C	0294	39
741	F47C	02C8	40
741	D144	02FC	F4
741	D144	0270	F4
741	D144	02A4	F4
741	D144	02D8	F4
741	D144	024C	F4
741	D144	0280	F4
741	D144	02B4	F4
741	D144	02E8	F4
741	D144	025C	F4
741	D144	0290	F4
741	D144	02C4	F4
741	D144	02F8	F4
741	D144	026C	F4
741	D144	02A0	F4
741	D144	02D4	F4
741	D144	0248	F4
741	D144	027C	F4
741	D144	02B0	F4
741	D144	02E4	F4
741	D144	0258	F4
741	D144	028C	F4
741	D144	02C0	F4
741	D144	02F4	F4
741	D144	0268	F4
741	D144	029C	F4
741	D144	02D0	F4
741	D144	0244	F4
741	D144	0278	F4
741	D144	02AC	F4
741	D144	02E0	F4
741	D144	0254	F4
741	D144	0288	F4
741	D144	02BC	F4
741	D144	02F0	F4
741	D144	0264	F4
741	D144	0298	F4
741	D144	02CC	F4
741	D144	0240	F4
742	F47C	0200	B7
742	F47C	0204	B7
742	F47C	0208	B7
742	F47C	020C	B7
742	F47C	0210	BF
742	F47C	0214	BF
742	F47C	0218	BF
742	F47C	021C	BF
742	F47C	0220	C7
742	F47C	0224	C7
742	F47C	0228	C7
742	F47C	022C	C7
742	F47C	0230	CF
742	F47C	0234	CF
742	F47C	0238	CF
742	F47C	023C	CF
742	F47C	0268	1F
742	F47C	029C	25
742	F47C	02D0	27
742	F47C	0244	2D
742	F47C	0278	2D
742	F47C	02AC	31
742	F47C	02E0	31
742	F47C	0254	35
742	F47C	0288	39
742	F47C	02BC	40
742	D144	02F0	F4
742	D144	0264	F4
742	D144	0298	F4
742	D144	02CC	F4
742	D144	0240	F4
742	D144	0274	F4
742	D144	02A8	F4
742	D144	02DC	F4
742	D144	0250	F4
742	D144	0284	F4
742	D144	02B8	F4
742	D144	02EC	F4
742	D144	0260	F4
742	D144	0294	F4
742	D144	02C8	F4
742	D144	02FC	F4
742	D144	0270	F4
742	D144	02A4	F4
742	D144	02D8	F4
742	D144	024C	F4
742	D144	0280	F4
742	D144	02B4	F4
742	D144	02E8	F4
742	D144	025C	F4
742	D144	0290	F4
742	D144	02C4	F4
742	D144	02F8	F4
742	D144	026C	F4
742	D144	02A0	F4
742	D144	02D4	F4
742	D144	0248	F4
742	D144	027C	F4
742	D144	02B0	F4
742	D144	02E4	F4
742	D144	0258	F4
742	D144	028C	F4
742	D144	02C0	F4
742	D144	02F4	F4
743	F47C	0200	B7
743	F47C	0204	B7
743	F47C	0208	B7
743	F47C	020C	B7
743	F47C	0210	BF
743	F47C	0214	BF
743	F47C	0218	BF
743	F47C	021C	BF
743	F47C	0220	C7
743	F47C	0224	C7
743	F47C	0228	C7
743	F47C	022C	C7
743	F47C	0230	CF
743	F47C	0234	CF
743	F47C	0238	CF
743	F47C	023C	CF
743	F47C	029C	1F
743	F47C	02D0	25
743	F47C	0244	27
743	F47C	0278	2D
743	F47C	02AC	2D
743	F47C	02E0	31
743	F47C	0254	31
743	F47C	0288	35
743	F47C	02BC	39
743	F47C	02F0	40
743	D144	0264	F4
743	D144	0298	F4
743	D144	02CC	F4
743	D144	0240	F4
743	D144	0274	F4
743	D144	02A8	F4
743	D144	02DC	F4
743	D144	0250	F4
743	D144	0284	F4
743	D144	02B8	F4
743	D144	02EC	F4
743	D144	0260	F4
743	D144	0294	F4
743	D144	02C8	F4
743	D144	02FC	F4
743	D144	0270	F4
743	D144	02A4	F4
743	D144	02D8	F4
743	D144	024C	F4
743	D144	0280	F4
743	D144	02B4	F4
743	D144	02E8	F4
743	D144	025C	F4
743	D144	0290	F4
743	D144	02C4	F4
743	D144	02F8	F4
743	D144	026C	F4
743	D144	02A0	F4
743	D144	02D4	F4
743	D144	0248	F4
743	D144	027C	F4
743	D144	02B0	F4
743	D144	02E4	F4
743	D144	0258	F4
743	D144	028C	F4
743	D144	02C0	F4
743	D144	02F4	F4
743	D144	0268	F4
744	F47C	0200	B7
744	F47C	0204	B7
744	F47C	0208	B7
744	F47C	020C	B7
744	F47C	0210	BF
744	F47C	0214	BF
744	F47C	0218	BF
744	F47C	021C	BF
744	F47C	0220	C7
744	F47C	0224	C7
744	F47C	0228	C7
744	F47C	022C	C7
744	F47C	0230	CF
744	F47C	0234	CF
744	F47C	0238	CF
744	F47C	023C	CF
744	F47C	02D0	1F
744	F47C	0244	25
744	F47C	0278	27
744	F47C	02AC	2D
744	F47C	02E0	2D
744	F47C	0254	31
744	F47C	0288	31
744	F47C	02BC	35
744	F47C	02F0	39
744	F47C	0264	40
744	D144	0298	F4
744	D144	02CC	F4
744	D144	0240	F4
744	D144	0274	F4
744	D144	02A8	F4
744	D144	02DC	F4
744	D144	0250	F4
744	D144	0284	F4
744	D144	02B8	F4
744	D144	02EC	F4
744	D144	0260	F4
744	D144	0294	F4
744	D144	02C8	F4
744	D144	02FC	F4
744	D144	0270	F4
744	D144	02A4	F4
744	D144	02D8	F4
744	D144	024C	F4
744	D144	0280	F4
744	D144	02B4	F4
744	D144	02E8	F4
744	D144	025C	F4
744	D144	0290	F4
744	D144	02C4	F4
744	D144	02F8	F4
744	D144	026C	F4
744	D144	02A0	F4
744	D144	02D4	F4
744	D144	0248	F4
744	D144	027C	F4
744	D144	02B0	F4
744	D144	02E4	F4
744	D144	0258	F4
744	D144	028C	F4
744	D144	02C0	F4
744	D144	02F4	F4
744	D144	0268	F4
744	D144	029C	F4
745	F47C	0200	B7
745	F47C	0204	B7
745	F47C	0208	B7
745	F47C	020C	B7
745	F47C	0210	BF
745	F47C	0214	BF
745	F47C	0218	BF
745	F47C	021C	BF
745	F47C	0220	C7
745	F47C	0224	C7
745	F47C	0228	C7
745	F47C	022C	C7
745	F47C	0230	CF
745	F47C	0234	CF
745	F47C	0238	CF
745	F47C	023C	CF
745	F47C	0244	1F
745	F47C	0278	25
745	F47C	02AC	27
745	F47C	02E0	2D
745	F47C	0254	2D
745	F47C	0288	31
745	F47C	02BC	31
745	F47C	02F0	35
745	F47C	0264	39
745	F47C	0298	40
745	D144	02CC	F4
745	D144	0240	F4
745	D144	0274	F4
745	D144	02A8	F4
745	D144	02DC	F4
745	D144	0250	F4
745	D144	0284	F4
745	D144	02B8	F4
745	D144	02EC	F4
745	D144	0260	F4
745	D144	0294	F4
745	D144	02C8	F4
745	D144	02FC	F4
745	D144	0270	F4
745	D144	02A4	F4
745	D144	02D8	F4
745	D144	024C	F4
745	D144	0280	F4
745	D144	02B4	F4
745	D144	02E8	F4
745	D144	025C	F4
745	D144	0290	F4
745	D144	02C4	F4
745	D144	02F8	F4
745	D144	026C	F4
745	D144	02A0	F4
745	D144	02D4	F4
745	D144	0248	F4
745	D144	027C	F4
745	D144	02B0	F4
745	D144	02E4	F4
745	D144	0258	F4
745	D144	028C	F4
745	D144	02C0	F4
745	D144	02F4	F4
745	D144	0268	F4
745	D144	029C	F4
745	D144	02D0	F4
746	F47C	0200	B7
746	F47C	0204	B7
746	F47C	0208	B7
746	F47C	020C	B7
746	F47C	0210	BF
746	F47C	0214	BF
746	F47C	0218	BF
746	F47C	021C	BF
746	F47C	0220	C7
746	F47C	0224	C7
746	F47C	0228	C7
746	F47C	022C	C7
746	F47C	0230	CF
746	F47C	0234	CF
746	F47C	0238	CF
746	F47C	023C	CF
746	F47C	0278	1F
746	F47C	02AC	25
746	F47C	02E0	27
746	F47C	0254	2D
746	F47C	0288	2D
746	F47C	02BC	31
746	F47C	02F0	31
746	F47C	0264	35
746	F47C	0298	39
746	F47C	02CC	40
746	D144	0240	F4
746	D144	0274	F4
746	D144	02A8	F4
746	D144	02DC	F4
746	D144	0250	F4
746	D144	0284	F4
746	D144	02B8	F4
746	D144	02EC	F4
746	D144	0260	F4
746	D144	0294	F4
746	D144	02C8	F4
746	D144	02FC	F4
746	D144	0270	F4
746	D144	02A4	F4
746	D144	02D8	F4
746	D144	024C	F4
746	D144	0280	F4
746	D144	02B4	F4
746	D144	02E8	F4
746	D144	025C	F4
746	D144	0290	F4
746	D144	02C4	F4
746	D144	02F8	F4
746	D144	026C	F4
746	D144	02A0	F4
746	D144	02D4	F4
746	D144	0248	F4
746	D144	027C	F4
746	D144	02B0	F4
746	D144	02E4	F4
746	D144	0258	F4
746	D144	028C	F4
746	D144	02C0	F4
746	D144	02F4	F4
746	D144	0268	F4
746	D144	029C	F4
746	D144	02D0	F4
746	D144	0244	F4
747	F47C	0200	B7
747	F47C	0204	B7
747	F47C	0208	B7
747	F47C	020C	B7
747	F47C	0210	BF
747	F47C	0214	BF
747	F47C	0218	BF
747	F47C	021C	BF
747	F47C	0220	C7
747	F47C	0224	C7
747	F47C	0228	C7
747	F47C	022C	C7
747	F47C	0230	CF
747	F47C	0234	CF
747	F47C	0238	CF
747	F47C	023C	CF
747	F47C	026C	1F
747	F47C	02A0	25
747	F47C	02D4	27
747	F47C	0248	2D
747	F47C	027C	2D
747	F47C	02B0	31
747	F47C	02E4	31
747	F47C	0258	35
747	F47C	028C	39
747	F47C	02C0	40
747	D144	02F4	F4
747	D144	0268	F4
747	D144	029C	F4
747	D144	02D0	F4
747	D144	0244	F4
747	D144	0278	F4
747	D144	02AC	F4
747	D144	02E0	F4
747	D144	0254	F4
747	D144	0288	F4
747	D144	02BC	F4
747	D144	02F0	F4
747	D144	0264	F4
747	D144	0298	F4
747	D144	02CC	F4
747	D144	0240	F4
747	D144	0274	F4
747	D144	02A8	F4
747	D144	02DC	F4
747	D144	0250	F4
747	D144	0284	F4
747	D144	02B8	F4
747	D144	02EC	F4
747	D144	0260	F4
747	D144	0294	F4
747	D144	02C8	F4
747	D144	02FC	F4
747	D144	0270	F4
747	D144	02A4	F4
747	D144	02D8	F4
747	D144	024C	F4
747	D144	0280	F4
747	D144	02B4	F4
747	D144	02E8	F4
747	D144	025C	F4
747	D144	0290	F4
747	D144	02C4	F4
747	D144	02F8	F4
748	F47C	0200	B7
748	F47C	0204	B7
748	F47C	0208	B7
748	F47C	020C	B7
748	F47C	0210	BF
748	F47C	0214	BF
748	F47C	0218	BF
748	F47C	021C	BF
748	F47C	0220	C7
748	F47C	0224	C7
748	F47C	0228	C7
748	F47C	022C	C7
748	F47C	0230	CF
748	F47C	0234	CF
748	F47C	0238	CF
748	F47C	023C	CF
748	F47C	02A0	1F
748	F47C	02D4	25
748	F47C	0248	27
748	F47C	027C	2D
748	F47C	02B0	2D
748	F47C	02E4	31
748	F47C	0258	31
748	F47C	028C	35
748	F47C	02C0	39
748	F47C	02F4	40
748	D144	0268	F4
748	D144	029C	F4
748	D144	02D0	F4
748	D144	0244	F4
748	D144	0278	F4
748	D144	02AC	F4
748	D144	02E0	F4
748	D144	0254	F4
748	D144	0288	F4
748	D144	02BC	F4
748	D144	02F0	F4
748	D144	0264	F4
748	D144	0298	F4
748	D144	02CC	F4
748	D144	0240	F4
748	D144	0274	F4
748	D144	02A8	F4
748	D144	02DC	F4
748	D144	0250	F4
748	D144	0284	F4
748	D144	02B8	F4
748	D144	02EC	F4
748	D144	0260	F4
748	D144	0294	F4
748	D144	02C8	F4
748	D144	02FC	F4
748	D144	0270	F4
748	D144	02A4	F4
748	D144	02D8	F4
748	D144	024C	F4
748	D144	0280	F4
748	D144	02B4	F4
748	D144	02E8	F4
748	D144	025C	F4
748	D144	0290	F4
748	D144	02C4	F4
748	D144	02F8	F4
748	D144	026C	F4
749	F47C	0200	B7
749	F47C	0204	B7
749	F47C	0208	B7
749	F47C	020C	B7
749	F47C	0210	BF
749	F47C	0214	BF
749	F47C	0218	BF
749	F47C	021C	BF
749	F47C	0220	C7
749	F47C	0224	C7
749	F47C	0228	C7
749	F47C	022C	C7
749	F47C	0230	CF
749	F47C	0234	CF
749	F47C	0238	CF
749	F47C	023C	CF
749	F47C	02D4	1F
749	F47C	0248	25
749	F47C	027C	27
749	F47C	02B0	2D
749	F47C	02E4	2D
749	F47C	0258	31
749	F47C	028C	31
749	F47C	02C0	35
749	F47C	02F4	39
749	F47C	0268	40
749	D144	029C	F4
749	D144	02D0	F4
749	D144	0244	F4
749	D144	0278	F4
749	D144	02AC	F4
749	D144	02E0	F4
749	D144	0254	F4
749	D144	0288	F4
749	D144	02BC	F4
749	D144	02F0	F4
749	D144	0264	F4
749	D144	0298	F4
749	D144	02CC	F4
749	D144	0240	F4
749	D144	0274	F4
749	D144	02A8	F4
749	D144	02DC	F4
749	D144	0250	F4
749	D144	0284	F4
749	D144	02B8	F4
749	D144	02EC	F4
749	D144	0260	F4
749	D144	0294	F4
749	D144	02C8	F4
749	D144	02FC	F4
749	D144	0270	F4
749	D144	02A4	F4
749	D144	02D8	F4
749	D144	024C	F4
749	D144	0280	F4
749	D144	02B4	F4
749	D144	02E8	F4
749	D144	025C	F4
749	D144	0290	F4
749	D144	02C4	F4
749	D144	02F8	F4
749	D144	026C	F4
749	D144	02A0	F4
750	F47C	0200	B7
750	F47C	0204	B7
750	F47C	0208	B7
750	F47C	020C	B7
750	F47C	0210	BF
750	F47C	0214	BF
750	F47C	0218	BF
750	F47C	021C	BF
750	F47C	0220	C7
750	F47C	0224	C7
750	F47C	0228	C7
750	F47C	022C	C7
750	F47C	0230	CF
750	F47C	0234	CF
750	F47C	0238	CF
750	F47C	023C	CF
750	F47C	0248	1F
750	F47C	027C	25
750	F47C	02B0	27
750	F47C	02E4	2D
750	F47C	0258	2D
750	F47C	028C	31
750	F47C	02C0	31
750	F47C	02F4	35
750	F47C	0268	39
750	F47C	029C	40
750	D144	02D0	F4
750	D144	0244	F4
750	D144	0278	F4
750	D144	02AC	F4
750	D144	02E0	F4
750	D144	0254	F4
750	D144	0288	F4
750	D144	02BC	F4
750	D144	02F0	F4
750	D144	0264	F4
750	D144	0298	F4
750	D144	02CC	F4
750	D144	0240	F4
750	D144	0274	F4
750	D144	02A8	F4
750	D144	02DC	F4
750	D144	0250	F4
750	D144	0284	F4
750	D144	02B8	F4
750	D144	02EC	F4
750	D144	0260	F4
750	D144	0294	F4
750	D144	02C8	F4
750	D144	02FC	F4
750	D144	0270	F4
750	D144	02A4	F4
750	D144	02D8	F4
750	D144	024C	F4
750	D144	0280	F4
750	D144	02B4	F4
750	D144	02E8	F4
750	D144	025C	F4
750	D144	0290	F4
750	D144	02C4	F4
750	D144	02F8	F4
750	D144	026C	F4
750	D144	02A0	F4
750	D144	02D4	F4
751	F47C	0200	B7
751	F47C	0204	B7
751	F47C	0208	B7
751	F47C	020C	B7
751	F47C	0210	BF
751	F47C	0214	BF
751	F47C	0218	BF
751	F47C	021C	BF
751	F47C	0220	C7
751	F47C	0224	C7
751	F47C	0228	C7
751	F47C	022C	C7
751	F47C	0230	CF
751	F47C	0234	CF
751	F47C	0238	CF
751	F47C	023C	CF
751	F47C	027C	1F
751	F47C	02B0	25
751	F47C	02E4	27
751	F47C	0258	2D
751	F47C	028C	2D
751	F47C	02C0	31
751	F47C	02F4	31
751	F47C	0268	35
751	F47C	029C	39
751	F47C	02D0	40
751	D144	0244	F4
751	D144	0278	F4
751	D144	02AC	F4
751	D144	02E0	F4
751	D144	0254	F4
751	D144	0288	F4
751	D144	02BC	F4
751	D144	02F0	F4
751	D144	0264	F4
751	D144	0298	F4
751	D144	02CC	F4
751	D144	0240	F4
751	D144	0274	F4
751	D144	02A8	F4
751	D144	02DC	F4
751	D144	0250	F4
751	D144	0284	F4
751	D144	02B8	F4
751	D144	02EC	F4
751	D144	0260	F4
751	D144	0294	F4
751	D144	02C8	F4
751	D144	02FC	F4
751	D144	0270	F4
751	D144	02A4	F4
751	D144	02D8	F4
751	D144	024C	F4
751	D144	0280	F4
751	D144	02B4	F4
751	D144	02E8	F4
751	D144	025C	F4
751	D144	0290	F4
751	D144	02C4	F4
751	D144	02F8	F4
751	D144	026C	F4
751	D144	02A0	F4
751	D144	02D4	F4
751	D144	0248	F4
752	F47C	0200	B7
752	F47C	0204	B7
752	F47C	0208	B7
752	F47C	020C	B7
752	F47C	0210	BF
752	F47C	0214	BF
752	F47C	0218	BF
752	F47C	021C	BF
752	F47C	0220	C7
752	F47C	0224	C7
752	F47C	0228	C7
752	F47C	022C	C7
752	F47C	0230	CF
752	F47C	0234	CF
752	F47C	0238	CF
752	F47C	023C	CF
752	F47C	0270	1F
752	F47C	02A4	25
752	F47C	02D8	27
752	F47C	024C	2D
752	F47C	0280	2D
752	F47C	02B4	31
752	F47C	02E8	31
752	F47C	025C	35
752	F47C	0290	39
752	F47C	02C4	40
752	D144	02F8	F4
752	D144	026C	F4
752	D144	02A0	F4
752	D144	02D4	F4
752	D144	0248	F4
752	D144	027C	F4
752	D144	02B0	F4
752	D144	02E4	F4
752	D144	0258	F4
752	D144	028C	F4
752	D144	02C0	F4
752	D144	02F4	F4
752	D144	0268	F4
752	D144	029C	F4
752	D144	02D0	F4
752	D144	0244	F4
752	D144	0278	F4
752	D144	02AC	F4
752	D144	02E0	F4
752	D144	0254	F4
752	D144	0288	F4
752	D144	02BC	F4
752	D144	02F0	F4
752	D144	0264	F4
752	D144	0298	F4
752	D144	02CC	F4
752	D144	0240	F4
752	D144	0274	F4
752	D144	02A8	F4
752	D144	02DC	F4
752	D144	0250	F4
752	D144	0284	F4
752	D144	02B8	F4
752	D144	02EC	F4
752	D144	0260	F4
752	D144	0294	F4
752	D144	02C8	F4
752	D144	02FC	F4
753	F47C	0200	B7
753	F47C	0204	B7
753	F47C	0208	B7
753	F47C	020C	B7
753	F47C	0210	BF
753	F47C	0214	BF
753	F47C	0218	BF
753	F47C	021C	BF
753	F47C	0220	C7
753	F47C	0224	C7
753	F47C	0228	C7
753	F47C	022C	C7
753	F47C	0230	CF
753	F47C	0234	CF
753	F47C	0238	CF
753	F47C	023C	CF
753	F47C	02A4	1F
753	F47C	02D8	25
753	F47C	024C	27
753	F47C	0280	2D
753	F47C	02B4	2D
753	F47C	02E8	31
753	F47C	025C	31
753	F47C	0290	35
753	F47C	02C4	39
753	F47C	02F8	40
753	D144	026C	F4
753	D144	02A0	F4
753	D144	02D4	F4
753	D144	0248	F4
753	D144	027C	F4
753	D144	02B0	F4
753	D144	02E4	F4
753	D144	0258	F4
753	D144	028C	F4
753	D144	02C0	F4
753	D144	02F4	F4
753	D144	0268	F4
753	D144	029C	F4
753	D144	02D0	F4
753	D144	0244	F4
753	D144	0278	F4
753	D144	02AC	F4
753	D144	02E0	F4
753	D144	0254	F4
753	D144	0288	F4
753	D144	02BC	F4
753	D144	02F0	F4
753	D144	0264	F4
753	D144	0298	F4
753	D144	02CC	F4
753	D144	0240	F4
753	D144	0274	F4
753	D144	02A8	F4
753	D144	02DC	F4
753	D144	0250	F4
753	D144	0284	F4
753	D144	02B8	F4
753	D144	02EC	F4
753	D144	0260	F4
753	D144	0294	F4
753	D144	02C8	F4
753	D144	02FC	F4
753	D144	0270	F4
754	F47C	0200	B7
754	F47C	0204	B7
754	F47C	0208	B7
754	F47C	020C	B7
754	F47C	0210	BF
754	F47C	0214	BF
754	F47C	0218	BF
754	F47C	021C	BF
754	F47C	0220	C7
754	F47C	0224	C7
754	F47C	0228	C7
754	F47C	022C	C7
754	F47C	0230	CF
754	F47C	0234	CF
754	F47C	0238	CF
754	F47C	023C	CF
754	F47C	02D8	1F
754	F47C	024C	25
754	F47C	0280	27
754	F47C	02B4	2D
754	F47C	02E8	2D
754	F47C	025C	31
754	F47C	0290	31
754	F47C	02C4	35
754	F47C	02F8	39
754	F47C	026C	40
754	D144	02A0	F4
754	D144	02D4	F4
754	D144	0248	F4
754	D144	027C	F4
754	D144	02B0	F4
754	D144	02E4	F4
754	D144	0258	F4
754	D144	028C	F4
754	D144	02C0	F4
754	D144	02F4	F4
754	D144	0268	F4
754	D144	029C	F4
754	D144	02D0	F4
754	D144	0244	F4
754	D144	0278	F4
754	D144	02AC	F4
754	D144	02E0	F4
754	D144	0254	F4
754	D144	0288	F4
754	D144	02BC	F4
754	D144	02F0	F4
754	D144	0264	F4
754	D144	0298	F4
754	D144	02CC	F4
754	D144	0240	F4
754	D144	0274	F4
754	D144	02A8	F4
754	D144	02DC	F4
754	D144	0250	F4
754	D144	0284	F4
754	D144	02B8	F4
754	D144	02EC	F4
754	D144	0260	F4
754	D144	0294	F4
754	D144	02C8	F4
754	D144	02FC	F4
754	D144	0270	F4
754	D144	02A4	F4
755	F47C	0200	B7
755	F47C	0204	B7
755	F47C	0208	B7
755	F47C	020C	B7
755	F47C	0210	BF
755	F47C	0214	BF
755	F47C	0218	BF
755	F47C	021C	BF
755	F47C	0220	C7
755	F47C	0224	C7
755	F47C	0228	C7
755	F47C	022C	C7
755	F47C	0230	CF
755	F47C	0234	CF
755	F47C	0238	CF
755	F47C	023C	CF
755	F47C	024C	1F
755	F47C	0280	25
755	F47C	02B4	27
755	F47C	02E8	2D
755	F47C	025C	2D
755	F47C	0290	31
755	F47C	02C4	31
755	F47C	02F8	35
755	F47C	026C	39
755	F47C	02A0	40
755	D144	02D4	F4
755	D144	0248	F4
755	D144	027C	F4
755	D144	02B0	F4
755	D144	02E4	F4
755	D144	0258	F4
755	D144	028C	F4
755	D144	02C0	F4
755	D144	02F4	F4
755	D144	0268	F4
755	D144	029C	F4
755	D144	02D0	F4
755	D144	0244	F4
755	D144	0278	F4
755	D144	02AC	F4
755	D144	02E0	F4
755	D144	0254	F4
755	D144	0288	F4
755	D144	02BC	F4
755	D144	02F0	F4
755	D144	0264	F4
755	D144	0298	F4
755	D144	02CC	F4
755	D144	0240	F4
755	D144	0274	F4
755	D144	02A8	F4
755	D144	02DC	F4
755	D144	0250	F4
755	D144	0284	F4
755	D144	02B8	F4
755	D144	02EC	F4
755	D144	0260	F4
755	D144	0294	F4
755	D144	02C8	F4
755	D144	02FC	F4
755	D144	0270	F4
755	D144	02A4	F4
755	D144	02D8	F4
756	F47C	0200	B7
756	F47C	0204	B7
756	F47C	0208	B7
756	F47C	020C	B7
756	F47C	0210	BF
756	F47C	0214	BF
756	F47C	0218	BF
756	F47C	021C	BF
756	F47C	0220	C7
756	F47C	0224	C7
756	F47C	0228	C7
756	F47C	022C	C7
756	F47C	0230	CF
756	F47C	0234	CF
756	F47C	0238	CF
756	F47C	023C	CF
756	F47C	0240	1F
756	F47C	0274	25
756	F47C	02A8	27
756	F47C	02DC	2D
756	F47C	0250	2D
756	F47C	0284	31
756	F47C	02B8	31
756	F47C	02EC	35
756	F47C	0260	39
756	F47C	0294	40
756	D144	02C8	F4
756	D144	02FC	F4
756	D144	0270	F4
756	D144	02A4	F4
756	D144	02D8	F4
756	D144	024C	F4
756	D144	0280	F4
756	D144	02B4	F4
756	D144	02E8	F4
756	D144	025C	F4
756	D144	0290	F4
756	D144	02C4	F4
756	D144	02F8	F4
756	D144	026C	F4
756	D144	02A0	F4
756	D144	02D4	F4
756	D144	0248	F4
756	D144	027C	F4
756	D144	02B0	F4
756	D144	02E4	F4
756	D144	0258	F4
756	D144	028C	F4
756	D144	02C0	F4
756	D144	02F4	F4
756	D144	0268	F4
756	D144	029C	F4
756	D144	02D0	F4
756	D144	0244	F4
756	D144	0278	F4
756	D144	02AC	F4
756	D144	02E0	F4
756	D144	0254	F4
756	D144	0288	F4
756	D144	02BC	F4
756	D144	02F0	F4
756	D144	0264	F4
756	D144	0298	F4
756	D144	02CC	F4
757	F47C	0200	B7
757	F47C	0204	B7
757	F47C	0208	B7
757	F47C	020C	B7
757	F47C	0210	BF
757	F47C	0214	BF
757	F47C	0218	BF
757	F47C	021C	BF
757	F47C	0220	C7
757	F47C	0224	C7
757	F47C	0228	C7
757	F47C	022C	C7
757	F47C	0230	CF
757	F47C	0234	CF
757	F47C	0238	CF
757	F47C	023C	CF
757	F47C	0274	1F
757	F47C	02A8	25
757	F47C	02DC	27
757	F47C	0250	2D
757	F47C	0284	2D
757	F47C	02B8	31
757	F47C	02EC	31
757	F47C	0260	35
757	F47C	0294	39
757	F47C	02C8	40
757	D144	02FC	F4
757	D144	0270	F4
757	D144	02A4	F4
757	D144	02D8	F4
757	D144	024C	F4
757	D144	0280	F4
757	D144	02B4	F4
757	D144	02E8	F4
757	D144	025C	F4
757	D144	0290	F4
757	D144	02C4	F4
757	D144	02F8	F4
757	D144	026C	F4
757	D144	02A0	F4
757	D144	02D4	F4
757	D144	0248	F4
757	D144	027C	F4
757	D144	02B0	F4
757	D144	02E4	F4
757	D144	0258	F4
757	D144	028C	F4
757	D144	02C0	F4
757	D144	02F4	F4
757	D144	0268	F4
757	D144	029C	F4
757	D144	02D0	F4
757	D144	0244	F4
757	D144	0278	F4
757	D144	02AC	F4
757	D144	02E0	F4
757	D144	0254	F4
757	D144	0288	F4
757	D144	02BC	F4
757	D144	02F0	F4
757	D144	0264	F4
757	D144	0298	F4
757	D144	02CC	F4
757	D144	0240	F4
758	F47C	0200	B7
758	F47C	0204	B7
758	F47C	0208	B7
758	F47C	020C	B7
758	F47C	0210	BF
758	F47C	0214	BF
758	F47C	0218	BF
758	F47C	021C	BF
758	F47C	0220	C7
758	F47C	0224	C7
758	F47C	0228	C7
758	F47C	022C	C7
758	F47C	0230	CF
758	F47C	0234	CF
758	F47C	0238	CF
758	F47C	023C	CF
758	F47C	02A8	1F
758	F47C	02DC	25
758	F47C	0250	27
758	F47C	0284	2D
758	F47C	02B8	2D
758	F47C	02EC	31
758	F47C	0260	31
758	F47C	0294	35
758	F47C	02C8	39
758	F47C	02FC	40
758	D144	0270	F4
758	D144	02A4	F4
758	D144	02D8	F4
758	D144	024C	F4
758	D144	0280	F4
758	D144	02B4	F4
758	D144	02E8	F4
758	D144	025C	F4
758	D144	0290	F4
758	D144	02C4	F4
758	D144	02F8	F4
758	D144	026C	F4
758	D144	02A0	F4
758	D144	02D4	F4
758	D144	0248	F4
758	D144	027C	F4
758	D144	02B0	F4
758	D144	02E4	F4
758	D144	0258	F4
758	D144	028C	F4
758	D144	02C0	F4
758	D144	02F4	F4
758	D144	0268	F4
758	D144	029C	F4
758	D144	02D0	F4
758	D144	0244	F4
758	D144	0278	F4
758	D144	02AC	F4
758	D144	02E0	F4
758	D144	0254	F4
758	D144	0288	F4
758	D144	02BC	F4
758	D144	02F0	F4
758	D144	0264	F4
758	D144	0298	F4
758	D144	02CC	F4
758	D144	0240	F4
758	D144	0274	F4
759	F47C	0200	B7
759	F47C	0204	B7
759	F47C	0208	B7
759	F47C	020C	B7
759	F47C	0210	BF
759	F47C	0214	BF
759	F47C	0218	BF
759	F47C	021C	BF
759	F47C	0220	C7
759	F47C	0224	C7
759	F47C	0228	C7
759	F47C	022C	C7
759	F47C	0230	CF
759	F47C	0234	CF
759	F47C	0238	CF
759	F47C	023C	CF
759	F47C	02DC	1F
759	F47C	0250	25
759	F47C	0284	27
759	F47C	02B8	2D
759	F47C	02EC	2D
759	F47C	0260	31
759	F47C	0294	31
759	F47C	02C8	35
759	F47C	02FC	39
759	F47C	0270	40
759	D144	02A4	F4
759	D144	02D8	F4
759	D144	024C	F4
759	D144	0280	F4
759	D144	02B4	F4
759	D144	02E8	F4
759	D144	025C	F4
759	D144	0290	F4
759	D144	02C4	F4
759	D144	02F8	F4
759	D144	026C	F4
759	D144	02A0	F4
759	D144	02D4	F4
759	D144	0248	F4
759	D144	027C	F4
759	D144	02B0	F4
759	D144	02E4	F4
759	D144	0258	F4
759	D144	028C	F4
759	D144	02C0	F4
759	D144	02F4	F4
759	D144	0268	F4
759	D144	029C	F4
759	D144	02D0	F4
759	D144	0244	F4
759	D144	0278	F4
759	D144	02AC	F4
759	D144	02E0	F4
759	D144	0254	F4
759	D144	0288	F4
759	D144	02BC	F4
759	D144	02F0	F4
759	D144	0264	F4
759	D144	0298	F4
759	D144	02CC	F4
759	D144	0240	F4
759	D144	0274	F4
759	D144	02A8	F4
760	F47C	0200	B7
760	F47C	0204	B7
760	F47C	0208	B7
760	F47C	020C	B7
760	F47C	0210	BF
760	F47C	0214	BF
760	F47C	0218	BF
760	F47C	021C	BF
760	F47C	0220	C7
760	F47C	0224	C7
760	F47C	0228	C7
760	F47C	022C	C7
760	F47C	0230	CF
760	F47C	0234	CF
760	F47C	0238	CF
760	F47C	023C	CF
760	F47C	0250	1F
760	F47C	0284	25
760	F47C	02B8	27
760	F47C	02EC	2D
760	F47C	0260	2D
760	F47C	0294	31
760	F47C	02C8	31
760	F47C	02FC	35
760	F47C	0270	39
760	F47C	02A4	40
760	D144	02D8	F4
760	D144	024C	F4
760	D144	0280	F4
760	D144	02B4	F4
760	D144	02E8	F4
760	D144	025C	F4
760	D144	0290	F4
760	D144	02C4	F4
760	D144	02F8	F4
760	D144	026C	F4
760	D144	02A0	F4
760	D144	02D4	F4
760	D144	0248	F4
760	D144	027C	F4
760	D144	02B0	F4
760	D144	02E4	F4
760	D144	0258	F4
760	D144	028C	F4
760	D144	02C0	F4
760	D144	02F4	F4
760	D144	0268	F4
760	D144	029C	F4
760	D144	02D0	F4
760	D144	0244	F4
760	D144	0278	F4
760	D144	02AC	F4
760	D144	02E0	F4
760	D144	0254	F4
760	D144	0288	F4
760	D144	02BC	F4
760	D144	02F0	F4
760	D144	0264	F4
760	D144	0298	F4
760	D144	02CC	F4
760	D144	0240	F4
760	D144	0274	F4
760	D144	02A8	F4
760	D144	02DC	F4
761	F47C	0200	B7
761	F47C	0204	B7
761	F47C	0208	B7
761	F47C	020C	B7
761	F47C	0210	BF
761	F47C	0214	BF
761	F47C	0218	BF
761	F47C	021C	BF
761	F47C	0220	C7
761	F47C	0224	C7
761	F47C	0228	C7
761	F47C	022C	C7
761	F47C	0230	CF
761	F47C	0234	CF
761	F47C	0238	CF
761	F47C	023C	CF
761	F47C	0244	1F
761	F47C	0278	25
761	F47C	02AC	27
761	F47C	02E0	2D
761	F47C	0254	2D
761	F47C	0288	31
761	F47C	02BC	31
761	F47C	02F0	35
761	F47C	0264	39
761	F47C	0298	40
761	D144	02CC	F4
761	D144	0240	F4
761	D144	0274	F4
761	D144	02A8	F4
761	D144	02DC	F4
761	D144	0250	F4
761	D144	0284	F4
761	D144	02B8	F4
761	D144	02EC	F4
761	D144	0260	F4
761	D144	0294	F4
761	D144	02C8	F4
761	D144	02FC	F4
761	D144	0270	F4
761	D144	02A4	F4
761	D144	02D8	F4
761	D144	024C	F4
761	D144	0280	F4
761	D144	02B4	F4
761	D144	02E8	F4
761	D144	025C	F4
761	D144	0290	F4
761	D144	02C4	F4
761	D144	02F8	F4
761	D144	026C	F4
761	D144	02A0	F4
761	D144	02D4	F4
761	D144	0248	F4
761	D144	027C	F4
761	D144	02B0	F4
761	D144	02E4	F4
761	D144	0258	F4
761	D144	028C	F4
761	D144	02C0	F4
761	D144	02F4	F4
761	D144	0268	F4
761	D144	029C	F4
761	D144	02D0	F4
762	F47C	0200	B7
762	F47C	0204	B7
762	F47C	0208	B7
762	F47C	020C	B7
762	F47C	0210	BF
762	F47C	0214	BF
762	F47C	0218	BF
762	F47C	021C	BF
762	F47C	0220	C7
762	F47C	0224	C7
762	F47C	0228	C7
762	F47C	022C	C7
762	F47C	0230	CF
762	F47C	0234	CF
762	F47C	0238	CF
762	F47C	023C	CF
762	F47C	0278	1F
762	F47C	02AC	25
762	F47C	02E0	27
762	F47C	0254	2D
762	F47C	0288	2D
762	F47C	02BC	31
762	F47C	02F0	31
762	F47C	0264	35
762	F47C	0298	39
762	F47C	02CC	40
762	D144	0240	F4
762	D144	0274	F4
762	D144	02A8	F4
762	D144	02DC	F4
762	D144	0250	F4
762	D144	0284	F4
762	D144	02B8	F4
762	D144	02EC	F4
762	D144	0260	F4
762	D144	0294	F4
762	D144	02C8	F4
762	D144	02FC	F4
762	D144	0270	F4
762	D144	02A4	F4
762	D144	02D8	F4
762	D144	024C	F4
762	D144	0280	F4
762	D144	02B4	F4
762	D144	02E8	F4
762	D144	025C	F4
762	D144	0290	F4
762	D144	02C4	F4
762	D144	02F8	F4
762	D144	026C	F4
762	D144	02A0	F4
762	D144	02D4	F4
762	D144	0248	F4
762	D144	027C	F4
762	D144	02B0	F4
762	D144	02E4	F4
762	D144	0258	F4
762	D144	028C	F4
762	D144	02C0	F4
762	D144	02F4	F4
762	D144	0268	F4
762	D144	029C	F4
762	D144	02D0	F4
762	D144	0244	F4
763	F47C	0200	B7
763	F47C	0204	B7
763	F47C	0208	B7
763	F47C	020C	B7
763	F47C	0210	BF
763	F47C	0214	BF
763	F47C	0218	BF
763	F47C	021C	BF
763	F47C	0220	C7
763	F47C	0224	C7
763	F47C	0228	C7
763	F47C	022C	C7
763	F47C	0230	CF
763	F47C	0234	CF
763	F47C	0238	CF
763	F47C	023C	CF
763	F47C	02AC	1F
763	F47C	02E0	25
763	F47C	0254	27
763	F47C	0288	2D
763	F47C	02BC	2D
763	F47C	02F0	31
763	F47C	0264	31
763	F47C	0298	35
763	F47C	02CC	39
763	F47C	0240	40
763	D144	0274	F4
763	D144	02A8	F4
763	D144	02DC	F4
763	D144	0250	F4
763	D144	0284	F4
763	D144	02B8	F4
763	D144	02EC	F4
763	D144	0260	F4
763	D144	0294	F4
763	D144	02C8	F4
763	D144	02FC	F4
763	D144	0270	F4
763	D144	02A4	F4
763	D144	02D8	F4
763	D144	024C	F4
763	D144	0280	F4
763	D144	02B4	F4
763	D144	02E8	F4
763	D144	025C	F4
763	D144	0290	F4
763	D144	02C4	F4
763	D144	02F8	F4
763	D144	026C	F4
763	D144	02A0	F4
763	D144	02D4	F4
763	D144	0248	F4
763	D144	027C	F4
763	D144	02B0	F4
763	D144	02E4	F4
763	D144	0258	F4
763	D144	028C	F4
763	D144	02C0	F4
763	D144	02F4	F4
763	D144	0268	F4
763	D144	029C	F4
763	D144	02D0	F4
763	D144	0244	F4
763	D144	0278	F4
764	F47C	0200	B7
764	F47C	0204	B7
764	F47C	0208	B7
764	F47C	020C	B7
764	F47C	0210	BF
764	F47C	0214	BF
764	F47C	0218	BF
764	F47C	021C	BF
764	F47C	0220	C7
764	F47C	0224	C7
764	F47C	0228	C7
764	F47C	022C	C7
764	F47C	0230	CF
764	F47C	0234	CF
764	F47C	0238	CF
764	F47C	023C	CF
764	F47C	02E0	1F
764	F47C	0254	25
764	F47C	0288	27
764	F47C	02BC	2D
764	F47C	02F0	2D
764	F47C	0264	31
764	F47C	0298	31
764	F47C	02CC	35
764	F47C	0240	39
764	F47C	0274	40
764	D144	02A8	F4
764	D144	02DC	F4
764	D144	0250	F4
764	D144	0284	F4
764	D144	02B8	F4
764	D144	02EC	F4
764	D144	0260	F4
764	D144	0294	F4
764	D144	02C8	F4
764	D144	02FC	F4
764	D144	0270	F4
764	D144	02A4	F4
764	D144	02D8	F4
764	D144	024C	F4
764	D144	0280	F4
764	D144	02B4	F4
764	D144	02E8	F4
764	D144	025C	F4
764	D144	0290	F4
764	D144	02C4	F4
764	D144	02F8	F4
764	D144	026C	F4
764	D144	02A0	F4
764	D144	02D4	F4
764	D144	0248	F4
764	D144	027C	F4
764	D144	02B0	F4
764	D144	02E4	F4
764	D144	0258	F4
764	D144	028C	F4
764	D144	02C0	F4
764	D144	02F4	F4
764	D144	0268	F4
764	D144	029C	F4
764	D144	02D0	F4
764	D144	0244	F4
764	D144	0278	F4
764	D144	02AC	F4
765	F47C	0200	B7
765	F47C	0204	B7
765	F47C	0208	B7
765	F47C	020C	B7
765	F47C	0210	BF
765	F47C	0214	BF
765	F47C	0218	BF
765	F47C	021C	BF
765	F47C	0220	C7
765	F47C	0224	C7
765	F47C	0228	C7
765	F47C	022C	C7
765	F47C	0230	CF
765	F47C	0234	CF
765	F47C	0238	CF
765	F47C	023C	CF
765	F47C	0254	1F
765	F47C	0288	25
765	F47C	02BC	27
765	F47C	02F0	2D
765	F47C	0264	2D
765	F47C	0298	31
765	F47C	02CC	31
765	F47C	0240	35
765	F47C	0274	39
765	F47C	02A8	40
765	D144	02DC	F4
765	D144	0250	F4
765	D144	0284	F4
765	D144	02B8	F4
765	D144	02EC	F4
765	D144	0260	F4
765	D144	0294	F4
765	D144	02C8	F4
765	D144	02FC	F4
765	D144	0270	F4
765	D144	02A4	F4
765	D144	02D8	F4
765	D144	024C	F4
765	D144	0280	F4
765	D144	02B4	F4
765	D144	02E8	F4
765	D144	025C	F4
765	D144	0290	F4
765	D144	02C4	F4
765	D144	02F8	F4
765	D144	026C	F4
765	D144	02A0	F4
765	D144	02D4	F4
765	D144	0248	F4
765	D144	027C	F4
765	D144	02B0	F4
765	D144	02E4	F4
765	D144	0258	F4
765	D144	028C	F4
765	D144	02C0	F4
765	D144	02F4	F4
765	D144	0268	F4
765	D144	029C	F4
765	D144	02D0	F4
765	D144	0244	F4
765	D144	0278	F4
765	D144	02AC	F4
765	D144	02E0	F4
766	F47C	0200	B7
766	F47C	0204	B7
766	F47C	0208	B7
766	F47C	020C	B7
766	F47C	0210	BF
766	F47C	0214	BF
766	F47C	0218	BF
766	F47C	021C	BF
766	F47C	0220	C7
766	F47C	0224	C7
766	F47C	0228	C7
766	F47C	022C	C7
766	F47C	0230	CF
766	F47C	0234	CF
766	F47C	0238	CF
766	F47C	023C	CF
766	F47C	0248	1F
766	F47C	027C	25
766	F47C	02B0	27
766	F47C	02E4	2D
766	F47C	0258	2D
766	F47C	028C	31
766	F47C	02C0	31
766	F47C	02F4	35
766	F47C	0268	39
766	F47C	029C	40
766	D144	02D0	F4
766	D144	0244	F4
766	D144	0278	F4
766	D144	02AC	F4
766	D144	02E0	F4
766	D144	0254	F4
766	D144	0288	F4
766	D144	02BC	F4
766	D144	02F0	F4
766	D144	0264	F4
766	D144	0298	F4
766	D144	02CC	F4
766	D144	0240	F4
766	D144	0274	F4
766	D144	02A8	F4
766	D144	02DC	F4
766	D144	0250	F4
766	D144	0284	F4
766	D144	02B8	F4
766	D144	02EC	F4
766	D144	0260	F4
766	D144	0294	F4
766	D144	02C8	F4
766	D144	02FC	F4
766	D144	0270	F4
766	D144	02A4	F4
766	D144	02D8	F4
766	D144	024C	F4
766	D144	0280	F4
766	D144	02B4	F4
766	D144	02E8	F4
766	D144	025C	F4
766	D144	0290	F4
766	D144	02C4	F4
766	D144	02F8	F4
766	D144	026C	F4
766	D144	02A0	F4
766	D144	02D4	F4
767	F47C	0200	B7
767	F47C	0204	B7
767	F47C	0208	B7
767	F47C	020C	B7
767	F47C	0210	BF
767	F47C	0214	BF
767	F47C	0218	BF
767	F47C	021C	BF
767	F47C	0220	C7
767	F47C	0224	C7
767	F47C	0228	C7
767	F47C	022C	C7
767	F47C	0230	CF
767	F47C	0234	CF
767	F47C	0238	CF
767	F47C	023C	CF
767	F47C	027C	1F
767	F47C	02B0	25
767	F47C	02E4	27
767	F47C	0258	2D
767	F47C	028C	2D
767	F47C	02C0	31
767	F47C	02F4	31
767	F47C	0268	35
767	F47C	029C	39
767	F47C	02D0	40
767	D144	0244	F4
767	D144	0278	F4
767	D144	02AC	F4
767	D144	02E0	F4
767	D144	0254	F4
767	D144	0288	F4
767	D144	02BC	F4
767	D144	02F0	F4
767	D144	0264	F4
767	D144	0298	F4
767	D144	02CC	F4
767	D144	0240	F4
767	D144	0274	F4
767	D144	02A8	F4
767	D144	02DC	F4
767	D144	0250	F4
767	D144	0284	F4
767	D144	02B8	F4
767	D144	02EC	F4
767	D144	0260	F4
767	D144	0294	F4
767	D144	02C8	F4
767	D144	02FC	F4
767	D144	0270	F4
767	D144	02A4	F4
767	D144	02D8	F4
767	D144	024C	F4
767	D144	0280	F4
767	D144	02B4	F4
767	D144	02E8	F4
767	D144	025C	F4
767	D144	0290	F4
767	D144	02C4	F4
767	D144	02F8	F4
767	D144	026C	F4
767	D144	02A0	F4
767	D144	02D4	F4
767	D144	0248	F4
768	F47C	0200	B7
768	F47C	0204	B7
768	F47C	0208	B7
768	F47C	020C	B7
768	F47C	0210	BF
768	F47C	0214	BF
768	F47C	0218	BF
768	F47C	021C	BF
768	F47C	0220	C7
768	F47C	0224	C7
768	F47C	0228	C7
768	F47C	022C	C7
768	F47C	0230	CF
768	F47C	0234	CF
768	F47C	0238	CF
768	F47C	023C	CF
768	F47C	02B0	1F
768	F47C	02E4	25
768	F47C	0258	27
768	F47C	028C	2D
768	F47C	02C0	2D
768	F47C	02F4	31
768	F47C	0268	31
768	F47C	029C	35
768	F47C	02D0	39
768	F47C	0244	40
768	D144	0278	F4
768	D144	02AC	F4
768	D144	02E0	F4
768	D144	0254	F4
768	D144	0288	F4
768	D144	02BC	F4
768	D144	02F0	F4
768	D144	0264	F4
768	D144	0298	F4
768	D144	02CC	F4
768	D144	0240	F4
768	D144	0274	F4
768	D144	02A8	F4
768	D144	02DC	F4
768	D144	0250	F4
768	D144	0284	F4
768	D144	02B8	F4
768	D144	02EC	F4
768	D144	0260	F4
768	D144	0294	F4
768	D144	02C8	F4
768	D144	02FC	F4
768	D144	0270	F4
768	D144	02A4	F4
768	D144	02D8	F4
768	D144	024C	F4
768	D144	0280	F4
768	D144	02B4	F4
768	D144	02E8	F4
768	D144	025C	F4
768	D144	0290	F4
768	D144	02C4	F4
768	D144	02F8	F4
768	D144	026C	F4
768	D144	02A0	F4
768	D144	02D4	F4
768	D144	0248	F4
768	D144	027C	F4
769	F47C	0200	B7
769	F47C	0204	B7
769	F47C	0208	B7
769	F47C	020C	B7
769	F47C	0210	BF
769	F47C	0214	BF
769	F47C	0218	BF
769	F47C	021C	BF
769	F47C	0220	C7
769	F47C	0224	C7
769	F47C	0228	C7
769	F47C	022C	C7
769	F47C	0230	CF
769	F47C	0234	CF
769	F47C	0238	CF
769	F47C	023C	CF
769	F47C	02E4	1F
769	F47C	0258	25
769	F47C	028C	27
769	F47C	02C0	2D
769	F47C	02F4	2D
769	F47C	0268	31
769	F47C	029C	31
769	F47C	02D0	35
769	F47C	0244	39
769	F47C	0278	40
769	D144	02AC	F4
769	D144	02E0	F4
769	D144	0254	F4
769	D144	0288	F4
769	D144	02BC	F4
769	D144	02F0	F4
769	D144	0264	F4
769	D144	0298	F4
769	D144	02CC	F4
769	D144	0240	F4
769	D144	0274	F4
769	D144	02A8	F4
769	D144	02DC	F4
769	D144	0250	F4
769	D144	0284	F4
769	D144	02B8	F4
769	D144	02EC	F4
769	D144	0260	F4
769	D144	0294	F4
769	D144	02C8	F4
769	D144	02FC	F4
769	D144	0270	F4
769	D144	02A4	F4
769	D144	02D8	F4
769	D144	024C	F4
769	D144	0280	F4
769	D144	02B4	F4
769	D144	02E8	F4
769	D144	025C	F4
769	D144	0290	F4
769	D144	02C4	F4
769	D144	02F8	F4
769	D144	026C	F4
769	D144	02A0	F4
769	D144	02D4	F4
769	D144	0248	F4
769	D144	027C	F4
769	D144	02B0	F4
770	F47C	0200	B7
770	F47C	0204	B7
770	F47C	0208	B7
770	F47C	020C	B7
770	F47C	0210	BF
770	F47C	0214	BF
770	F47C	0218	BF
770	F47C	021C	BF
770	F47C	0220	C7
770	F47C	0224	C7
770	F47C	0228	C7
770	F47C	022C	C7
770	F47C	0230	CF
770	F47C	0234	CF
770	F47C	0238	CF
770	F47C	023C	CF
770	F47C	0258	1F
770	F47C	028C	25
770	F47C	02C0	27
770	F47C	02F4	2D
770	F47C	0268	2D
770	F47C	029C	31
770	F47C	02D0	31
770	F47C	0244	35
770	F47C	0278	39
770	F47C	02AC	40
770	D144	02E0	F4
770	D144	0254	F4
770	D144	0288	F4
770	D144	02BC	F4
770	D144	02F0	F4
770	D144	0264	F4
770	D144	0298	F4
770	D144	02CC	F4
770	D144	0240	F4
770	D144	0274	F4
770	D144	02A8	F4
770	D144	02DC	F4
770	D144	0250	F4
770	D144	0284	F4
770	D144	02B8	F4
770	D144	02EC	F4
770	D144	0260	F4
770	D144	0294	F4
770	D144	02C8	F4
770	D144	02FC	F4
770	D144	0270	F4
770	D144	02A4	F4
770	D144	02D8	F4
770	D144	024C	F4
770	D144	0280	F4
770	D144	02B4	F4
770	D144	02E8	F4
770	D144	025C	F4
770	D144	0290	F4
770	D144	02C4	F4
770	D144	02F8	F4
770	D144	026C	F4
770	D144	02A0	F4
770	D144	02D4	F4
770	D144	0248	F4
770	D144	027C	F4
770	D144	02B0	F4
770	D144	02E4	F4
771	F47C	0200	B7
771	F47C	0204	B7
771	F47C	0208	B7
771	F47C	020C	B7
771	F47C	0210	BF
771	F47C	0214	BF
771	F47C	0218	BF
771	F47C	021C	BF
771	F47C	0220	C7
771	F47C	0224	C7
771	F47C	0228	C7
771	F47C	022C	C7
771	F47C	0230	CF
771	F47C	0234	CF
771	F47C	0238	CF
771	F47C	023C	CF
771	F47C	024C	1F
771	F47C	0280	25
771	F47C	02B4	27
771	F47C	02E8	2D
771	F47C	025C	2D
771	F47C	0290	31
771	F47C	02C4	31
771	F47C	02F8	35
771	F47C	026C	39
771	F47C	02A0	40
771	D144	02D4	F4
771	D144	0248	F4
771	D144	027C	F4
771	D144	02B0	F4
771	D144	02E4	F4
771	D144	0258	F4
771	D144	028C	F4
771	D144	02C0	F4
771	D144	02F4	F4
771	D144	0268	F4
771	D144	029C	F4
771	D144	02D0	F4
771	D144	0244	F4
771	D144	0278	F4
771	D144	02AC	F4
771	D144	02E0	F4
771	D144	0254	F4
771	D144	0288	F4
771	D144	02BC	F4
771	D144	02F0	F4
771	D144	0264	F4
771	D144	0298	F4
771	D144	02CC	F4
771	D144	0240	F4
771	D144	0274	F4
771	D144	02A8	F4
771	D144	02DC	F4
771	D144	0250	F4
771	D144	0284	F4
771	D144	02B8	F4
771	D144	02EC	F4
771	D144	0260	F4
771	D144	0294	F4
771	D144	02C8	F4
771	D144	02FC	F4
771	D144	0270	F4
771	D144	02A4	F4
771	D144	02D8	F4
772	F47C	0200	B7
772	F47C	0204	B7
772	F47C	0208	B7
772	F47C	020C	B7
772	F47C	0210	BF
772	F47C	0214	BF
772	F47C	0218	BF
772	F47C	021C	BF
772	F47C	0220	C7
772	F47C	0224	C7
772	F47C	0228	C7
772	F47C	022C	C7
772	F47C	0230	CF
772	F47C	0234	CF
772	F47C	0238	CF
772	F47C	023C	CF
772	F47C	0280	1F
772	F47C	02B4	25
772	F47C	02E8	27
772	F47C	025C	2D
772	F47C	0290	2D
772	F47C	02C4	31
772	F47C	02F8	31
772	F47C	026C	35
772	F47C	02A0	39
772	F47C	02D4	40
772	D144	0248	F4
772	D144	027C	F4
772	D144	02B0	F4
772	D144	02E4	F4
772	D144	0258	F4
772	D144	028C	F4
772	D144	02C0	F4
772	D144	02F4	F4
772	D144	0268	F4
772	D144	029C	F4
772	D144	02D0	F4
772	D144	0244	F4
772	D144	0278	F4
772	D144	02AC	F4
772	D144	02E0	F4
772	D144	0254	F4
772	D144	0288	F4
772	D144	02BC	F4
772	D144	02F0	F4
772	D144	0264	F4
772	D144	0298	F4
772	D144	02CC	F4
772	D144	0240	F4
772	D144	0274	F4
772	D144	02A8	F4
772	D144	02DC	F4
772	D144	0250	F4
772	D144	0284	F4
772	D144	02B8	F4
772	D144	02EC	F4
772	D144	0260	F4
772	D144	0294	F4
772	D144	02C8	F4
772	D144	02FC	F4
772	D144	0270	F4
772	D144	02A4	F4
772	D144	02D8	F4
772	D144	024C	F4
773	F47C	0200	B7
773	F47C	0204	B7
773	F47C	0208	B7
773	F47C	020C	B7
773	F47C	0210	BF
773	F47C	0214	BF
773	F47C	0218	BF
773	F47C	021C	BF
773	F47C	0220	C7
773	F47C	0224	C7
773	F47C	0228	C7
773	F47C	022C	C7
773	F47C	0230	CF
773	F47C	0234	CF
773	F47C	0238	CF
773	F47C	023C	CF
773	F47C	02B4	1F
773	F47C	02E8	25
773	F47C	025C	27
773	F47C	0290	2D
773	F47C	02C4	2D
773	F47C	02F8	31
773	F47C	026C	31
773	F47C	02A0	35
773	F47C	02D4	39
773	F47C	0248	40
773	D144	027C	F4
773	D144	02B0	F4
773	D144	02E4	F4
773	D144	0258	F4
773	D144	028C	F4
773	D144	02C0	F4
773	D144	02F4	F4
773	D144	0268	F4
773	D144	029C	F4
773	D144	02D0	F4
773	D144	0244	F4
773	D144	0278	F4
773	D144	02AC	F4
773	D144	02E0	F4
773	D144	0254	F4
773	D144	0288	F4
773	D144	02BC	F4
773	D144	02F0	F4
773	D144	0264	F4
773	D144	0298	F4
773	D144	02CC	F4
773	D144	0240	F4
773	D144	0274	F4
773	D144	02A8	F4
773	D144	02DC	F4
773	D144	0250	F4
773	D144	0284	F4
773	D144	02B8	F4
773	D144	02EC	F4
773	D144	0260	F4
773	D144	0294	F4
773	D144	02C8	F4
773	D144	02FC	F4
773	D144	0270	F4
773	D144	02A4	F4
773	D144	02D8	F4
773	D144	024C	F4
773	D144	0280	F4
774	F47C	0200	B7
774	F47C	0204	B7
774	F47C	0208	B7
774	F47C	020C	B7
774	F47C	0210	BF
774	F47C	0214	BF
774	F47C	0218	BF
774	F47C	021C	BF
774	F47C	0220	C7
774	F47C	0224	C7
774	F47C	0228	C7
774	F47C	022C	C7
774	F47C	0230	CF
774	F47C	0234	CF
774	F47C	0238	CF
774	F47C	023C	CF
774	F47C	02E8	1F
774	F47C	025C	25
774	F47C	0290	27
774	F47C	02C4	2D
774	F47C	02F8	2D
774	F47C	026C	31
774	F47C	02A0	31
774	F47C	02D4	35
774	F47C	0248	39
774	F47C	027C	40
774	D144	02B0	F4
774	D144	02E4	F4
774	D144	0258	F4
774	D144	028C	F4
774	D144	02C0	F4
774	D144	02F4	F4
774	D144	0268	F4
774	D144	029C	F4
774	D144	02D0	F4
774	D144	0244	F4
774	D144	0278	F4
774	D144	02AC	F4
774	D144	02E0	F4
774	D144	0254	F4
774	D144	0288	F4
774	D144	02BC	F4
774	D144	02F0	F4
774	D144	0264	F4
774	D144	0298	F4
774	D144	02CC	F4
774	D144	0240	F4
774	D144	0274	F4
774	D144	02A8	F4
774	D144	02DC	F4
774	D144	0250	F4
774	D144	0284	F4
774	D144	02B8	F4
774	D144	02EC	F4
774	D144	0260	F4
774	D144	0294	F4
774	D144	02C8	F4
774	D144	02FC	F4
774	D144	0270	F4
774	D144	02A4	F4
774	D144	02D8	F4
774	D144	024C	F4
774	D144	0280	F4
774	D144	02B4	F4
775	F47C	0200	B7
775	F47C	0204	B7
775	F47C	0208	B7
775	F47C	020C	B7
775	F47C	0210	BF
775	F47C	0214	BF
775	F47C	0218	BF
775	F47C	021C	BF
775	F47C	0220	C7
775	F47C	0224	C7
775	F47C	0228	C7
775	F47C	022C	C7
775	F47C	0230	CF
775	F47C	0234	CF
775	F47C	0238	CF
775	F47C	023C	CF
775	F47C	025C	1F
775	F47C	0290	25
775	F47C	02C4	27
775	F47C	02F8	2D
775	F47C	026C	2D
775	F47C	02A0	31
775	F47C	02D4	31
775	F47C	0248	35
775	F47C	027C	39
775	F47C	02B0	40
775	D144	02E4	F4
775	D144	0258	F4
775	D144	028C	F4
775	D144	02C0	F4
775	D144	02F4	F4
775	D144	0268	F4
775	D144	029C	F4
775	D144	02D0	F4
775	D144	0244	F4
775	D144	0278	F4
775	D144	02AC	F4
775	D144	02E0	F4
775	D144	0254	F4
775	D144	0288	F4
775	D144	02BC	F4
775	D144	02F0	F4
775	D144	0264	F4
775	D144	0298	F4
775	D144	02CC	F4
775	D144	0240	F4
775	D144	0274	F4
775	D144	02A8	F4
775	D144	02DC	F4
775	D144	0250	F4
775	D144	0284	F4
775	D144	02B8	F4
775	D144	02EC	F4
775	D144	0260	F4
775	D144	0294	F4
775	D144	02C8	F4
775	D144	02FC	F4
775	D144	0270	F4
775	D144	02A4	F4
775	D144	02D8	F4
775	D144	024C	F4
775	D144	0280	F4
775	D144	02B4	F4
775	D144	02E8	F4
776	F47C	0200	B7
776	F47C	0204	B7
776	F47C	0208	B7
776	F47C	020C	B7
776	F47C	0210	BF
776	F47C	0214	BF
776	F47C	0218	BF
776	F47C	021C	BF
776	F47C	0220	C7
776	F47C	0224	C7
776	F47C	0228	C7
776	F47C	022C	C7
776	F47C	0230	CF
776	F47C	0234	CF
776	F47C	0238	CF
776	F47C	023C	CF
776	F47C	0250	1F
776	F47C	0284	25
776	F47C	02B8	27
776	F47C	02EC	2D
776	F47C	0260	2D
776	F47C	0294	31
776	F47C	02C8	31
776	F47C	02FC	35
776	F47C	0270	39
776	F47C	02A4	40
776	D144	02D8	F4
776	D144	024C	F4
776	D144	0280	F4
776	D144	02B4	F4
776	D144	02E8	F4
776	D144	025C	F4
776	D144	0290	F4
776	D144	02C4	F4
776	D144	02F8	F4
776	D144	026C	F4
776	D144	02A0	F4
776	D144	02D4	F4
776	D144	0248	F4
776	D144	027C	F4
776	D144	02B0	F4
776	D144	02E4	F4
776	D144	0258	F4
776	D144	028C	F4
776	D144	02C0	F4
776	D144	02F4	F4
776	D144	0268	F4
776	D144	029C	F4
776	D144	02D0	F4
776	D144	0244	F4
776	D144	0278	F4
776	D144	02AC	F4
776	D144	02E0	F4
776	D144	0254	F4
776	D144	0288	F4
776	D144	02BC	F4
776	D144	02F0	F4
776	D144	0264	F4
776	D144	0298	F4
776	D144	02CC	F4
776	D144	0240	F4
776	D144	0274	F4
776	D144	02A8	F4
776	D144	02DC	F4
777	F47C	0200	B7
777	F47C	0204	B7
777	F47C	0208	B7
777	F47C	020C	B7
777	F47C	0210	BF
777	F47C	0214	BF
777	F47C	0218	BF
777	F47C	021C	BF
777	F47C	0220	C7
777	F47C	0224	C7
777	F47C	0228	C7
777	F47C	022C	C7
777	F47C	0230	CF
777	F47C	0234	CF
777	F47C	0238	CF
777	F47C	023C	CF
777	F47C	0284	1F
777	F47C	02B8	25
777	F47C	02EC	27
777	F47C	0260	2D
777	F47C	0294	2D
777	F47C	02C8	31
777	F47C	02FC	31
777	F47C	0270	35
777	F47C	02A4	39
777	F47C	02D8	40
777	D144	024C	F4
777	D144	0280	F4
777	D144	02B4	F4
777	D144	02E8	F4
777	D144	025C	F4
777	D144	0290	F4
777	D144	02C4	F4
777	D144	02F8	F4
777	D144	026C	F4
777	D144	02A0	F4
777	D144	02D4	F4
777	D144	0248	F4
777	D144	027C	F4
777	D144	02B0	F4
777	D144	02E4	F4
777	D144	0258	F4
777	D144	028C	F4
777	D144	02C0	F4
777	D144	02F4	F4
777	D144	0268	F4
777	D144	029C	F4
777	D144	02D0	F4
777	D144	0244	F4
777	D144	0278	F4
777	D144	02AC	F4
777	D144	02E0	F4
777	D144	0254	F4
777	D144	0288	F4
777	D144	02BC	F4
777	D144	02F0	F4
777	D144	0264	F4
777	D144	0298	F4
777	D144	02CC	F4
777	D144	0240	F4
777	D144	0274	F4
777	D144	02A8	F4
777	D144	02DC	F4
777	D144	0250	F4
778	F47C	0200	B7
778	F47C	0204	B7
778	F47C	0208	B7
778	F47C	020C	B7
778	F47C	0210	BF
778	F47C	0214	BF
778	F47C	0218	BF
778	F47C	021C	BF
778	F47C	0220	C7
778	F47C	0224	C7
778	F47C	0228	C7
778	F47C	022C	C7
778	F47C	0230	CF
778	F47C	0234	CF
778	F47C	0238	CF
778	F47C	023C	CF
778	F47C	02B8	1F
778	F47C	02EC	25
778	F47C	0260	27
778	F47C	0294	2D
778	F47C	02C8	2D
778	F47C	02FC	31
778	F47C	0270	31
778	F47C	02A4	35
778	F47C	02D8	39
778	F47C	024C	40
778	D144	0280	F4
778	D144	02B4	F4
778	D144	02E8	F4
778	D144	025C	F4
778	D144	0290	F4
778	D144	02C4	F4
778	D144	02F8	F4
778	D144	026C	F4
778	D144	02A0	F4
778	D144	02D4	F4
778	D144	0248	F4
778	D144	027C	F4
778	D144	02B0	F4
778	D144	02E4	F4
778	D144	0258	F4
778	D144	028C	F4
778	D144	02C0	F4
778	D144	02F4	F4
778	D144	0268	F4
778	D144	029C	F4
778	D144	02D0	F4
778	D144	0244	F4
778	D144	0278	F4
778	D144	02AC	F4
778	D144	02E0	F4
778	D144	0254	F4
778	D144	0288	F4
778	D144	02BC	F4
778	D144	02F0	F4
778	D144	0264	F4
778	D144	0298	F4
778	D144	02CC	F4
778	D144	0240	F4
778	D144	0274	F4
778	D144	02A8	F4
778	D144	02DC	F4
778	D144	0250	F4
778	D144	0284	F4
779	F47C	0200	B7
779	F47C	0204	B7
779	F47C	0208	B7
779	F47C	020C	B7
779	F47C	0210	BF
779	F47C	0214	BF
779	F47C	0218	BF
779	F47C	021C	BF
779	F47C	0220	C7
779	F47C	0224	C7
779	F47C	0228	C7
779	F47C	022C	C7
779	F47C	0230	CF
779	F47C	0234	CF
779	F47C	0238	CF
779	F47C	023C	CF
779	F47C	02EC	1F
779	F47C	0260	25
779	F47C	0294	27
779	F47C	02C8	2D
779	F47C	02FC	2D
779	F47C	0270	31
779	F47C	02A4	31
779	F47C	02D8	35
779	F47C	024C	39
779	F47C	0280	40
779	D144	02B4	F4
779	D144	02E8	F4
779	D144	025C	F4
779	D144	0290	F4
779	D144	02C4	F4
779	D144	02F8	F4
779	D144	026C	F4
779	D144	02A0	F4
779	D144	02D4	F4
779	D144	0248	F4
779	D144	027C	F4
779	D144	02B0	F4
779	D144	02E4	F4
779	D144	0258	F4
779	D144	028C	F4
779	D144	02C0	F4
779	D144	02F4	F4
779	D144	0268	F4
779	D144	029C	F4
779	D144	02D0	F4
779	D144	0244	F4
779	D144	0278	F4
779	D144	02AC	F4
779	D144	02E0	F4
779	D144	0254	F4
779	D144	0288	F4
779	D144	02BC	F4
779	D144	02F0	F4
779	D144	0264	F4
779	D144	0298	F4
779	D144	02CC	F4
779	D144	0240	F4
779	D144	0274	F4
779	D144	02A8	F4
779	D144	02DC	F4
779	D144	0250	F4
779	D144	0284	F4
779	D144	02B8	F4
780	F47C	0200	B7
780	F47C	0204	B7
780	F47C	0208	B7
780	F47C	020C	B7
780	F47C	0210	BF
780	F47C	0214	BF
780	F47C	0218	BF
780	F47C	021C	BF
780	F47C	0220	C7
780	F47C	0224	C7
780	F47C	0228	C7
780	F47C	022C	C7
780	F47C	0230	CF
780	F47C	0234	CF
780	F47C	0238	CF
780	F47C	023C	CF
780	F47C	0260	1F
780	F47C	0294	25
780	F47C	02C8	27
780	F47C	02FC	2D
780	F47C	0270	2D
780	F47C	02A4	31
780	F47C	02D8	31
780	F47C	024C	35
780	F47C	0280	39
780	F47C	02B4	40
780	D144	02E8	F4
780	D144	025C	F4
780	D144	0290	F4
780	D144	02C4	F4
780	D144	02F8	F4
780	D144	026C	F4
780	D144	02A0	F4
780	D144	02D4	F4
780	D144	0248	F4
780	D144	027C	F4
780	D144	02B0	F4
780	D144	02E4	F4
780	D144	0258	F4
780	D144	028C	F4
780	D144	02C0	F4
780	D144	02F4	F4
780	D144	0268	F4
780	D144	029C	F4
780	D144	02D0	F4
780	D144	0244	F4
780	D144	0278	F4
780	D144	02AC	F4
780	D144	02E0	F4
780	D144	0254	F4
780	D144	0288	F4
780	D144	02BC	F4
780	D144	02F0	F4
780	D144	0264	F4
780	D144	0298	F4
780	D144	02CC	F4
780	D144	0240	F4
780	D144	0274	F4
780	D144	02A8	F4
780	D144	02DC	F4
780	D144	0250	F4
780	D144	0284	F4
780	D144	02B8	F4
780	D144	02EC	F4
781	F47C	0200	B7
781	F47C	0204	B7
781	F47C	0208	B7
781	F47C	020C	B7
781	F47C	0210	BF
781	F47C	0214	BF
781	F47C	0218	BF
781	F47C	021C	BF
781	F47C	0220	C7
781	F47C	0224	C7
781	F47C	0228	C7
781	F47C	022C	C7
781	F47C	0230	CF
781	F47C	0234	CF
781	F47C	0238	CF
781	F47C	023C	CF
781	F47C	0254	1F
781	F47C	0288	25
781	F47C	02BC	27
781	F47C	02F0	2D
781	F47C	0264	2D
781	F47C	0298	31
781	F47C	02CC	31
781	F47C	0240	35
781	F47C	0274	39
781	F47C	02A8	40
781	D144	02DC	F4
781	D144	0250	F4
781	D144	0284	F4
781	D144	02B8	F4
781	D144	02EC	F4
781	D144	0260	F4
781	D144	0294	F4
781	D144	02C8	F4
781	D144	02FC	F4
781	D144	0270	F4
781	D144	02A4	F4
781	D144	02D8	F4
781	D144	024C	F4
781	D144	0280	F4
781	D144	02B4	F4
781	D144	02E8	F4
781	D144	025C	F4
781	D144	0290	F4
781	D144	02C4	F4
781	D144	02F8	F4
781	D144	026C	F4
781	D144	02A0	F4
781	D144	02D4	F4
781	D144	0248	F4
781	D144	027C	F4
781	D144	02B0	F4
781	D144	02E4	F4
781	D144	0258	F4
781	D144	028C	F4
781	D144	02C0	F4
781	D144	02F4	F4
781	D144	0268	F4
781	D144	029C	F4
781	D144	02D0	F4
781	D144	0244	F4
781	D144	0278	F4
781	D144	02AC	F4
781	D144	02E0	F4
782	F47C	0200	B7
782	F47C	0204	B7
782	F47C	0208	B7
782	F47C	020C	B7
782	F47C	0210	BF
782	F47C	0214	BF
782	F47C	0218	BF
782	F47C	021C	BF
782	F47C	0220	C7
782	F47C	0224	C7
782	F47C	0228	C7
782	F47C	022C	C7
782	F47C	0230	CF
782	F47C	0234	CF
782	F47C	0238	CF
782	F47C	023C	CF
782	F47C	0288	1F
782	F47C	02BC	25
782	F47C	02F0	27
782	F47C	0264	2D
782	F47C	0298	2D
782	F47C	02CC	31
782	F47C	0240	31
782	F47C	0274	35
782	F47C	02A8	39
782	F47C	02DC	40
782	D144	0250	F4
782	D144	0284	F4
782	D144	02B8	F4
782	D144	02EC	F4
782	D144	0260	F4
782	D144	0294	F4
782	D144	02C8	F4
782	D144	02FC	F4
782	D144	0270	F4
782	D144	02A4	F4
782	D144	02D8	F4
782	D144	024C	F4
782	D144	0280	F4
782	D144	02B4	F4
782	D144	02E8	F4
782	D144	025C	F4
782	D144	0290	F4
782	D144	02C4	F4
782	D144	02F8	F4
782	D144	026C	F4
782	D144	02A0	F4
782	D144	02D4	F4
782	D144	0248	F4
782	D144	027C	F4
782	D144	02B0	F4
782	D144	02E4	F4
782	D144	0258	F4
782	D144	028C	F4
782	D144	02C0	F4
782	D144	02F4	F4
782	D144	0268	F4
782	D144	029C	F4
782	D144	02D0	F4
782	D144	0244	F4
782	D144	0278	F4
782	D144	02AC	F4
782	D144	02E0	F4
782	D144	0254	F4
783	F47C	0200	B7
783	F47C	0204	B7
783	F47C	0208	B7
783	F47C	020C	B7
783	F47C	0210	BF
783	F47C	0214	BF
783	F47C	0218	BF
783	F47C	021C	BF
783	F47C	0220	C7
783	F47C	0224	C7
783	F47C	0228	C7
783	F47C	022C	C7
783	F47C	0230	CF
783	F47C	0234	CF
783	F47C	0238	CF
783	F47C	023C	CF
783	F47C	02BC	1F
783	F47C	02F0	25
783	F47C	0264	27
783	F47C	0298	2D
783	F47C	02CC	2D
783	F47C	0240	31
783	F47C	0274	31
783	F47C	02A8	35
783	F47C	02DC	39
783	F47C	0250	40
783	D144	0284	F4
783	D144	02B8	F4
783	D144	02EC	F4
783	D144	0260	F4
783	D144	0294	F4
783	D144	02C8	F4
783	D144	02FC	F4
783	D144	0270	F4
783	D144	02A4	F4
783	D144	02D8	F4
783	D144	024C	F4
783	D144	0280	F4
783	D144	02B4	F4
783	D144	02E8	F4
783	D144	025C	F4
783	D144	0290	F4
783	D144	02C4	F4
783	D144	02F8	F4
783	D144	026C	F4
783	D144	02A0	F4
783	D144	02D4	F4
783	D144	0248	F4
783	D144	027C	F4
783	D144	02B0	F4
783	D144	02E4	F4
783	D144	0258	F4
783	D144	028C	F4
783	D144	02C0	F4
783	D144	02F4	F4
783	D144	0268	F4
783	D144	029C	F4
783	D144	02D0	F4
783	D144	0244	F4
783	D144	0278	F4
783	D144	02AC	F4
783	D144	02E0	F4
783	D144	0254	F4
783	D144	0288	F4
784	F47C	0200	B7
784	F47C	0204	B7
784	F47C	0208	B7
784	F47C	020C	B7
784	F47C	0210	BF
784	F47C	0214	BF
784	F47C	0218	BF
784	F47C	021C	BF
784	F47C	0220	C7
784	F47C	0224	C7
784	F47C	0228	C7
784	F47C	022C	C7
784	F47C	0230	CF
784	F47C	0234	CF
784	F47C	0238	CF
784	F47C	023C	CF
784	F47C	02F0	1F
784	F47C	0264	25
784	F47C	0298	27
784	F47C	02CC	2D
784	F47C	0240	2D
784	F47C	0274	31
784	F47C	02A8	31
784	F47C	02DC	35
784	F47C	0250	39
784	F47C	0284	40
784	D144	02B8	F4
784	D144	02EC	F4
784	D144	0260	F4
784	D144	0294	F4
784	D144	02C8	F4
784	D144	02FC	F4
784	D144	0270	F4
784	D144	02A4	F4
784	D144	02D8	F4
784	D144	024C	F4
784	D144	0280	F4
784	D144	02B4	F4
784	D144	02E8	F4
784	D144	025C	F4
784	D144	0290	F4
784	D144	02C4	F4
784	D144	02F8	F4
784	D144	026C	F4
784	D144	02A0	F4
784	D144	02D4	F4
784	D144	0248	F4
784	D144	027C	F4
784	D144	02B0	F4
784	D144	02E4	F4
784	D144	0258	F4
784	D144	028C	F4
784	D144	02C0	F4
784	D144	02F4	F4
784	D144	0268	F4
784	D144	029C	F4
784	D144	02D0	F4
784	D144	0244	F4
784	D144	0278	F4
784	D144	02AC	F4
784	D144	02E0	F4
784	D144	0254	F4
784	D144	0288	F4
784	D144	02BC	F4
785	F47C	0200	B7
785	F47C	0204	B7
785	F47C	0208	B7
785	F47C	020C	B7
785	F47C	0210	BF
785	F47C	0214	BF
785	F47C	0218	BF
785	F47C	021C	BF
785	F47C	0220	C7
785	F47C	0224	C7
785	F47C	0228	C7
785	F47C	022C	C7
785	F47C	0230	CF
785	F47C	0234	CF
785	F47C	0238	CF
785	F47C	023C	CF
785	F47C	0264	1F
785	F47C	0298	25
785	F47C	02CC	27
785	F47C	0240	2D
785	F47C	0274	2D
785	F47C	02A8	31
785	F47C	02DC	31
785	F47C	0250	35
785	F47C	0284	39
785	F47C	02B8	40
785	D144	02EC	F4
785	D144	0260	F4
785	D144	0294	F4
785	D144	02C8	F4
785	D144	02FC	F4
785	D144	0270	F4
785	D144	02A4	F4
785	D144	02D8	F4
785	D144	024C	F4
785	D144	0280	F4
785	D144	02B4	F4
785	D144	02E8	F4
785	D144	025C	F4
785	D144	0290	F4
785	D144	02C4	F4
785	D144	02F8	F4
785	D144	026C	F4
785	D144	02A0	F4
785	D144	02D4	F4
785	D144	0248	F4
785	D144	027C	F4
785	D144	02B0	F4
785	D144	02E4	F4
785	D144	0258	F4
785	D144	028C	F4
785	D144	02C0	F4
785	D144	02F4	F4
785	D144	0268	F4
785	D144	029C	F4
785	D144	02D0	F4
785	D144	0244	F4
785	D144	0278	F4
785	D144	02AC	F4
785	D144	02E0	F4
785	D144	0254	F4
785	D144	0288	F4
785	D144	02BC	F4
785	D144	02F0	F4
786	F47C	0200	B7
786	F47C	0204	B7
786	F47C	0208	B7
786	F47C	020C	B7
786	F47C	0210	BF
786	F47C	0214	BF
786	F47C	0218	BF
786	F47C	021C	BF
786	F47C	0220	C7
786	F47C	0224	C7
786	F47C	0228	C7
786	F47C	022C	C7
786	F47C	0230	CF
786	F47C	0234	CF
786	F47C	0238	CF
786	F47C	023C	CF
786	F47C	0258	1F
786	F47C	028C	25
786	F47C	02C0	27
786	F47C	02F4	2D
786	F47C	0268	2D
786	F47C	029C	31
786	F47C	02D0	31
786	F47C	0244	35
786	F47C	0278	39
786	F47C	02AC	40
786	D144	02E0	F4
786	D144	0254	F4
786	D144	0288	F4
786	D144	02BC	F4
786	D144	02F0	F4
786	D144	0264	F4
786	D144	0298	F4
786	D144	02CC	F4
786	D144	0240	F4
786	D144	0274	F4
786	D144	02A8	F4
786	D144	02DC	F4
786	D144	0250	F4
786	D144	0284	F4
786	D144	02B8	F4
786	D144	02EC	F4
786	D144	0260	F4
786	D144	0294	F4
786	D144	02C8	F4
786	D144	02FC	F4
786	D144	0270	F4
786	D144	02A4	F4
786	D144	02D8	F4
786	D144	024C	F4
786	D144	0280	F4
786	D144	02B4	F4
786	D144	02E8	F4
786	D144	025C	F4
786	D144	0290	F4
786	D144	02C4	F4
786	D144	02F8	F4
786	D144	026C	F4
786	D144	02A0	F4
786	D144	02D4	F4
786	D144	0248	F4
786	D144	027C	F4
786	D144	02B0	F4
786	D144	02E4	F4
787	F47C	0200	B7
787	F47C	0204	B7
787	F47C	0208	B7
787	F47C	020C	B7
787	F47C	0210	BF
787	F47C	0214	BF
787	F47C	0218	BF
787	F47C	021C	BF
787	F47C	0220	C7
787	F47C	0224	C7
787	F47C	0228	C7
787	F47C	022C	C7
787	F47C	0230	CF
787	F47C	0234	CF
787	F47C	0238	CF
787	F47C	023C	CF
787	F47C	028C	1F
787	F47C	02C0	25
787	F47C	02F4	27
787	F47C	0268	2D
787	F47C	029C	2D
787	F47C	02D0	31
787	F47C	0244	31
787	F47C	0278	35
787	F47C	02AC	39
787	F47C	02E0	40
787	D144	0254	F4
787	D144	0288	F4
787	D144	02BC	F4
787	D144	02F0	F4
787	D144	0264	F4
787	D144	0298	F4
787	D144	02CC	F4
787	D144	0240	F4
787	D144	0274	F4
787	D144	02A8	F4
787	D144	02DC	F4
787	D144	0250	F4
787	D144	0284	F4
787	D144	02B8	F4
787	D144	02EC	F4
787	D144	0260	F4
787	D144	0294	F4
787	D144	02C8	F4
787	D144	02FC	F4
787	D144	0270	F4
787	D144	02A4	F4
787	D144	02D8	F4
787	D144	024C	F4
787	D144	0280	F4
787	D144	02B4	F4
787	D144	02E8	F4
787	D144	025C	F4
787	D144	0290	F4
787	D144	02C4	F4
787	D144	02F8	F4
787	D144	026C	F4
787	D144	02A0	F4
787	D144	02D4	F4
787	D144	0248	F4
787	D144	027C	F4
787	D144	02B0	F4
787	D144	02E4	F4
787	D144	0258	F4
788	F47C	0200	B7
788	F47C	0204	B7
788	F47C	0208	B7
788	F47C	020C	B7
788	F47C	0210	BF
788	F47C	0214	BF
788	F47C	0218	BF
788	F47C	021C	BF
788	F47C	0220	C7
788	F47C	0224	C7
788	F47C	0228	C7
788	F47C	022C	C7
788	F47C	0230	CF
788	F47C	0234	CF
788	F47C	0238	CF
788	F47C	023C	CF
788	F47C	02C0	1F
788	F47C	02F4	25
788	F47C	0268	27
788	F47C	029C	2D
788	F47C	02D0	2D
788	F47C	0244	31
788	F47C	0278	31
788	F47C	02AC	35
788	F47C	02E0	39
788	F47C	0254	40
788	D144	0288	F4
788	D144	02BC	F4
788	D144	02F0	F4
788	D144	0264	F4
788	D144	0298	F4
788	D144	02CC	F4
788	D144	0240	F4
788	D144	0274	F4
788	D144	02A8	F4
788	D144	02DC	F4
788	D144	0250	F4
788	D144	0284	F4
788	D144	02B8	F4
788	D144	02EC	F4
788	D144	0260	F4
788	D144	0294	F4
788	D144	02C8	F4
788	D144	02FC	F4
788	D144	0270	F4
788	D144	02A4	F4
788	D144	02D8	F4
788	D144	024C	F4
788	D144	0280	F4
788	D144	02B4	F4
788	D144	02E8	F4
788	D144	025C	F4
788	D144	0290	F4
788	D144	02C4	F4
788	D144	02F8	F4
788	D144	026C	F4
788	D144	02A0	F4
788	D144	02D4	F4
788	D144	0248	F4
788	D144	027C	F4
788	D144	02B0	F4
788	D144	02E4	F4
788	D144	0258	F4
788	D144	028C	F4
789	F47C	0200	B7
789	F47C	0204	B7
789	F47C	0208	B7
789	F47C	020C	B7
789	F47C	0210	BF
789	F47C	0214	BF
789	F47C	0218	BF
789	F47C	021C	BF
789	F47C	0220	C7
789	F47C	0224	C7
789	F47C	0228	C7
789	F47C	022C	C7
789	F47C	0230	CF
789	F47C	0234	CF
789	F47C	0238	CF
789	F47C	023C	CF
789	F47C	02F4	1F
789	F47C	0268	25
789	F47C	029C	27
789	F47C	02D0	2D
789	F47C	0244	2D
789	F47C	0278	31
789	F47C	02AC	31
789	F47C	02E0	35
789	F47C	0254	39
789	F47C	0288	40
789	D144	02BC	F4
789	D144	02F0	F4
789	D144	0264	F4
789	D144	0298	F4
789	D144	02CC	F4
789	D144	0240	F4
789	D144	0274	F4
789	D144	02A8	F4
789	D144	02DC	F4
789	D144	0250	F4
789	D144	0284	F4
789	D144	02B8	F4
789	D144	02EC	F4
789	D144	0260	F4
789	D144	0294	F4
789	D144	02C8	F4
789	D144	02FC	F4
789	D144	0270	F4
789	D144	02A4	F4
789	D144	02D8	F4
789	D144	024C	F4
789	D144	0280	F4
789	D144	02B4	F4
789	D144	02E8	F4
789	D144	025C	F4
789	D144	0290	F4
789	D144	02C4	F4
789	D144	02F8	F4
789	D144	026C	F4
789	D144	02A0	F4
789	D144	02D4	F4
789	D144	0248	F4
789	D144	027C	F4
789	D144	02B0	F4
789	D144	02E4	F4
789	D144	0258	F4
789	D144	028C	F4
789	D144	02C0	F4
790	F47C	0200	B7
790	F47C	0204	B7
790	F47C	0208	B7
790	F47C	020C	B7
790	F47C	0210	BF
790	F47C	0214	BF
790	F47C	0218	BF
790	F47C	021C	BF
790	F47C	0220	C7
790	F47C	0224	C7
790	F47C	0228	C7
790	F47C	022C	C7
790	F47C	0230	CF
790	F47C	0234	CF
790	F47C	0238	CF
790	F47C	023C	CF
790	F47C	0268	1F
790	F47C	029C	25
790	F47C	02D0	27
790	F47C	0244	2D
790	F47C	0278	2D
790	F47C	02AC	31
790	F47C	02E0	31
790	F47C	0254	35
790	F47C	0288	39
790	F47C	02BC	40
790	D144	02F0	F4
790	D144	0264	F4
790	D144	0298	F4
790	D144	02CC	F4
790	D144	0240	F4
790	D144	0274	F4
790	D144	02A8	F4
790	D144	02DC	F4
790	D144	0250	F4
790	D144	0284	F4
790	D144	02B8	F4
790	D144	02EC	F4
790	D144	0260	F4
790	D144	0294	F4
790	D144	02C8	F4
790	D144	02FC	F4
790	D144	0270	F4
790	D144	02A4	F4
790	D144	02D8	F4
790	D144	024C	F4
790	D144	0280	F4
790	D144	02B4	F4
790	D144	02E8	F4
790	D144	025C	F4
790	D144	0290	F4
790	D144	02C4	F4
790	D144	02F8	F4
790	D144	026C	F4
790	D144	02A0	F4
790	D144	02D4	F4
790	D144	0248	F4
790	D144	027C	F4
790	D144	02B0	F4
790	D144	02E4	F4
790	D144	0258	F4
790	D144	028C	F4
790	D144	02C0	F4
790	D144	02F4	F4
791	F47C	0200	B7
791	F47C	0204	B7
791	F47C	0208	B7
791	F47C	020C	B7
791	F47C	0210	BF
791	F47C	0214	BF
791	F47C	0218	BF
791	F47C	021C	BF
791	F47C	0220	C7
791	F47C	0224	C7
791	F47C	0228	C7
791	F47C	022C	C7
791	F47C	0230	CF
791	F47C	0234	CF
791	F47C	0238	CF
791	F47C	023C	CF
791	F47C	025C	1F
791	F47C	0290	25
791	F47C	02C4	27
791	F47C	02F8	2D
791	F47C	026C	2D
791	F47C	02A0	31
791	F47C	02D4	31
791	F47C	0248	35
791	F47C	027C	39
791	F47C	02B0	40
791	D144	02E4	F4
791	D144	0258	F4
791	D144	028C	F4
791	D144	02C0	F4
791	D144	02F4	F4
791	D144	0268	F4
791	D144	029C	F4
791	D144	02D0	F4
791	D144	0244	F4
791	D144	0278	F4
791	D144	02AC	F4
791	D144	02E0	F4
791	D144	0254	F4
791	D144	0288	F4
791	D144	02BC	F4
791	D144	02F0	F4
791	D144	0264	F4
791	D144	0298	F4
791	D144	02CC	F4
791	D144	0240	F4
791	D144	0274	F4
791	D144	02A8	F4
791	D144	02DC	F4
791	D144	0250	F4
791	D144	0284	F4
791	D144	02B8	F4
791	D144	02EC	F4
791	D144	0260	F4
791	D144	0294	F4
791	D144	02C8	F4
791	D144	02FC	F4
791	D144	0270	F4
791	D144	02A4	F4
791	D144	02D8	F4
791	D144	024C	F4
791	D144	0280	F4
791	D144	02B4	F4
791	D144	02E8	F4
792	F47C	0200	B7
792	F47C	0204	B7
792	F47C	0208	B7
792	F47C	020C	B7
792	F47C	0210	BF
792	F47C	0214	BF
792	F47C	0218	BF
792	F47C	021C	BF
792	F47C	0220	C7
792	F47C	0224	C7
792	F47C	0228	C7
792	F47C	022C	C7
792	F47C	0230	CF
792	F47C	0234	CF
792	F47C	0238	CF
792	F47C	023C	CF
792	F47C	0290	1F
792	F47C	02C4	25
792	F47C	02F8	27
792	F47C	026C	2D
792	F47C	02A0	2D
792	F47C	02D4	31
792	F47C	0248	31
792	F47C	027C	35
792	F47C	02B0	39
792	F47C	02E4	40
792	D144	0258	F4
792	D144	028C	F4
792	D144	02C0	F4
792	D144	02F4	F4
792	D144	0268	F4
792	D144	029C	F4
792	D144	02D0	F4
792	D144	0244	F4
792	D144	0278	F4
792	D144	02AC	F4
792	D144	02E0	F4
792	D144	0254	F4
792	D144	0288	F4
792	D144	02BC	F4
792	D144	02F0	F4
792	D144	0264	F4
792	D144	0298	F4
792	D144	02CC	F4
792	D144	0240	F4
792	D144	0274	F4
792	D144	02A8	F4
792	D144	02DC	F4
792	D144	0250	F4
792	D144	0284	F4
792	D144	02B8	F4
792	D144	02EC	F4
792	D144	0260	F4
792	D144	0294	F4
792	D144	02C8	F4
792	D144	02FC	F4
792	D144	0270	F4
792	D144	02A4	F4
792	D144	02D8	F4
792	D144	024C	F4
792	D144	0280	F4
792	D144	02B4	F4
792	D144	02E8	F4
792	D144	025C	F4
793	F47C	0200	B7
793	F47C	0204	B7
793	F47C	0208	B7
793	F47C	020C	B7
793	F47C	0210	BF
793	F47C	0214	BF
793	F47C	0218	BF
793	F47C	021C	BF
793	F47C	0220	C7
793	F47C	0224	C7
793	F47C	0228	C7
793	F47C	022C	C7
793	F47C	0230	CF
793	F47C	0234	CF
793	F47C	0238	CF
793	F47C	023C	CF
793	F47C	02C4	1F
793	F47C	02F8	25
793	F47C	026C	27
793	F47C	02A0	2D
793	F47C	02D4	2D
793	F47C	0248	31
793	F47C	027C	31
793	F47C	02B0	35
793	F47C	02E4	39
793	F47C	0258	40
793	D144	028C	F4
793	D144	02C0	F4
793	D144	02F4	F4
793	D144	0268	F4
793	D144	029C	F4
793	D144	02D0	F4
793	D144	0244	F4
793	D144	0278	F4
793	D144	02AC	F4
793	D144	02E0	F4
793	D144	0254	F4
793	D144	0288	F4
793	D144	02BC	F4
793	D144	02F0	F4
793	D144	0264	F4
793	D144	0298	F4
793	D144	02CC	F4
793	D144	0240	F4
793	D144	0274	F4
793	D144	02A8	F4
793	D144	02DC	F4
793	D144	0250	F4
793	D144	0284	F4
793	D144	02B8	F4
793	D144	02EC	F4
793	D144	0260	F4
793	D144	0294	F4
793	D144	02C8	F4
793	D144	02FC	F4
793	D144	0270	F4
793	D144	02A4	F4
793	D144	02D8	F4
793	D144	024C	F4
793	D144	0280	F4
793	D144	02B4	F4
793	D144	02E8	F4
793	D144	025C	F4
793	D144	0290	F4
794	F47C	0200	B7
794	F47C	0204	B7
794	F47C	0208	B7
794	F47C	020C	B7
794	F47C	0210	BF
794	F47C	0214	BF
794	F47C	0218	BF
794	F47C	021C	BF
794	F47C	0220	C7
794	F47C	0224	C7
794	F47C	0228	C7
794	F47C	022C	C7
794	F47C	0230	CF
794	F47C	0234	CF
794	F47C	0238	CF
794	F47C	023C	CF
794	F47C	02F8	1F
794	F47C	026C	25
794	F47C	02A0	27
794	F47C	02D4	2D
794	F47C	0248	2D
794	F47C	027C	31
794	F47C	02B0	31
794	F47C	02E4	35
794	F47C	0258	39
794	F47C	028C	40
794	D144	02C0	F4
794	D144	02F4	F4
794	D144	0268	F4
794	D144	029C	F4
794	D144	02D0	F4
794	D144	0244	F4
794	D144	0278	F4
794	D144	02AC	F4
794	D144	02E0	F4
794	D144	0254	F4
794	D144	0288	F4
794	D144	02BC	F4
794	D144	02F0	F4
794	D144	0264	F4
794	D144	0298	F4
794	D144	02CC	F4
794	D144	0240	F4
794	D144	0274	F4
794	D144	02A8	F4
794	D144	02DC	F4
794	D144	0250	F4
794	D144	0284	F4
794	D144	02B8	F4
794	D144	02EC	F4
794	D144	0260	F4
794	D144	0294	F4
794	D144	02C8	F4
794	D144	02FC	F4
794	D144	0270	F4
794	D144	02A4	F4
794	D144	02D8	F4
794	D144	024C	F4
794	D144	0280	F4
794	D144	02B4	F4
794	D144	02E8	F4
794	D144	025C	F4
794	D144	0290	F4
794	D144	02C4	F4
795	F47C	0200	B7
795	F47C	0204	B7
795	F47C	0208	B7
795	F47C	020C	B7
795	F47C	0210	BF
795	F47C	0214	BF
795	F47C	0218	BF
795	F47C	021C	BF
795	F47C	0220	C7
795	F47C	0224	C7
795	F47C	0228	C7
795	F47C	022C	C7
795	F47C	0230	CF
795	F47C	0234	CF
795	F47C	0238	CF
795	F47C	023C	CF
795	F47C	026C	1F
795	F47C	02A0	25
795	F47C	02D4	27
795	F47C	0248	2D
795	F47C	027C	2D
795	F47C	02B0	31
795	F47C	02E4	31
795	F47C	0258	35
795	F47C	028C	39
795	F47C	02C0	40
795	D144	02F4	F4
795	D144	0268	F4
795	D144	029C	F4
795	D144	02D0	F4
795	D144	0244	F4
795	D144	0278	F4
795	D144	02AC	F4
795	D144	02E0	F4
795	D144	0254	F4
795	D144	0288	F4
795	D144	02BC	F4
795	D144	02F0	F4
795	D144	0264	F4
795	D144	0298	F4
795	D144	02CC	F4
795	D144	0240	F4
795	D144	0274	F4
795	D144	02A8	F4
795	D144	02DC	F4
795	D144	0250	F4
795	D144	0284	F4
795	D144	02B8	F4
795	D144	02EC	F4
795	D144	0260	F4
795	D144	0294	F4
795	D144	02C8	F4
795	D144	02FC	F4
795	D144	0270	F4
795	D144	02A4	F4
795	D144	02D8	F4
795	D144	024C	F4
795	D144	0280	F4
795	D144	02B4	F4
795	D144	02E8	F4
795	D144	025C	F4
795	D144	0290	F4
795	D144	02C4	F4
795	D144	02F8	F4
796	F47C	0200	B7
796	F47C	0204	B7
796	F47C	0208	B7
796	F47C	020C	B7
796	F47C	0210	BF
796	F47C	0214	BF
796	F47C	0218	BF
796	F47C	021C	BF
796	F47C	0220	C7
796	F47C	0224	C7
796	F47C	0228	C7
796	F47C	022C	C7
796	F47C	0230	CF
796	F47C	0234	CF
796	F47C	0238	CF
796	F47C	023C	CF
796	F47C	0260	1F
796	F47C	0294	25
796	F47C	02C8	27
796	F47C	02FC	2D
796	F47C	0270	2D
796	F47C	02A4	31
796	F47C	02D8	31
796	F47C	024C	35
796	F47C	0280	39
796	F47C	02B4	40
796	D144	02E8	F4
796	D144	025C	F4
796	D144	0290	F4
796	D144	02C4	F4
796	D144	02F8	F4
796	D144	026C	F4
796	D144	02A0	F4
796	D144	02D4	F4
796	D144	0248	F4
796	D144	027C	F4
796	D144	02B0	F4
796	D144	02E4	F4
796	D144	0258	F4
796	D144	028C	F4
796	D144	02C0	F4
796	D144	02F4	F4
796	D144	0268	F4
796	D144	029C	F4
796	D144	02D0	F4
796	D144	0244	F4
796	D144	0278	F4
796	D144	02AC	F4
796	D144	02E0	F4
796	D144	0254	F4
796	D144	0288	F4
796	D144	02BC	F4
796	D144	02F0	F4
796	D144	0264	F4
796	D144	0298	F4
796	D144	02CC	F4
796	D144	0240	F4
796	D144	0274	F4
796	D144	02A8	F4
796	D144	02DC	F4
796	D144	0250	F4
796	D144	0284	F4
796	D144	02B8	F4
796	D144	02EC	F4
797	F47C	0200	B7
797	F47C	0204	B7
797	F47C	0208	B7
797	F47C	020C	B7
797	F47C	0210	BF
797	F47C	0214	BF
797	F47C	0218	BF
797	F47C	021C	BF
797	F47C	0220	C7
797	F47C	0224	C7
797	F47C	0228	C7
797	F47C	022C	C7
797	F47C	0230	CF
797	F47C	0234	CF
797	F47C	0238	CF
797	F47C	023C	CF
797	F47C	0294	1F
797	F47C	02C8	25
797	F47C	02FC	27
797	F47C	0270	2D
797	F47C	02A4	2D
797	F47C	02D8	31
797	F47C	024C	31
797	F47C	0280	35
797	F47C	02B4	39
797	F47C	02E8	40
797	D144	025C	F4
797	D144	0290	F4
797	D144	02C4	F4
797	D144	02F8	F4
797	D144	026C	F4
797	D144	02A0	F4
797	D144	02D4	F4
797	D144	0248	F4
797	D144	027C	F4
797	D144	02B0	F4
797	D144	02E4	F4
797	D144	0258	F4
797	D144	028C	F4
797	D144	02C0	F4
797	D144	02F4	F4
797	D144	0268	F4
797	D144	029C	F4
797	D144	02D0	F4
797	D144	0244	F4
797	D144	0278	F4
797	D144	02AC	F4
797	D144	02E0	F4
797	D144	0254	F4
797	D144	0288	F4
797	D144	02BC	F4
797	D144	02F0	F4
797	D144	0264	F4
797	D144	0298	F4
797	D144	02CC	F4
797	D144	0240	F4
797	D144	0274	F4
797	D144	02A8	F4
797	D144	02DC	F4
797	D144	0250	F4
797	D144	0284	F4
797	D144	02B8	F4
797	D144	02EC	F4
797	D144	0260	F4
798	F47C	0200	B7
798	F47C	0204	B7
798	F47C	0208	B7
798	F47C	020C	B7
798	F47C	0210	BF
798	F47C	0214	BF
798	F47C	0218	BF
798	F47C	021C	BF
798	F47C	0220	C7
798	F47C	0224	C7
798	F47C	0228	C7
798	F47C	022C	C7
798	F47C	0230	CF
798	F47C	0234	CF
798	F47C	0238	CF
798	F47C	023C	CF
798	F47C	02C8	1F
798	F47C	02FC	25
798	F47C	0270	27
798	F47C	02A4	2D
798	F47C	02D8	2D
798	F47C	024C	31
798	F47C	0280	31
798	F47C	02B4	35
798	F47C	02E8	39
798	F47C	025C	40
798	D144	0290	F4
798	D144	02C4	F4
798	D144	02F8	F4
798	D144	026C	F4
798	D144	02A0	F4
798	D144	02D4	F4
798	D144	0248	F4
798	D144	027C	F4
798	D144	02B0	F4
798	D144	02E4	F4
798	D144	0258	F4
798	D144	028C	F4
798	D144	02C0	F4
798	D144	02F4	F4
798	D144	0268	F4
798	D144	029C	F4
798	D144	02D0	F4
798	D144	0244	F4
798	D144	0278	F4
798	D144	02AC	F4
798	D144	02E0	F4
798	D144	0254	F4
798	D144	0288	F4
798	D144	02BC	F4
798	D144	02F0	F4
798	D144	0264	F4
798	D144	0298	F4
798	D144	02CC	F4
798	D144	0240	F4
798	D144	0274	F4
798	D144	02A8	F4
798	D144	02DC	F4
798	D144	0250	F4
798	D144	0284	F4
798	D144	02B8	F4
798	D144	02EC	F4
798	D144	0260	F4
798	D144	0294	F4
799	F47C	0200	B7
799	F47C	0204	B7
799	F47C	0208	B7
799	F47C	020C	B7
799	F47C	0210	BF
799	F47C	0214	BF
799	F47C	0218	BF
799	F47C	021C	BF
799	F47C	0220	C7
799	F47C	0224	C7
799	F47C	0228	C7
799	F47C	022C	C7
799	F47C	0230	CF
799	F47C	0234	CF
799	F47C	0238	CF
799	F47C	023C	CF
799	F47C	02FC	1F
799	F47C	0270	25
799	F47C	02A4	27
799	F47C	02D8	2D
799	F47C	024C	2D
799	F47C	0280	31
799	F47C	02B4	31
799	F47C	02E8	35
799	F47C	025C	39
799	F47C	0290	40
799	D144	02C4	F4
799	D144	02F8	F4
799	D144	026C	F4
799	D144	02A0	F4
799	D144	02D4	F4
799	D144	0248	F4
799	D144	027C	F4
799	D144	02B0	F4
799	D144	02E4	F4
799	D144	0258	F4
799	D144	028C	F4
799	D144	02C0	F4
799	D144	02F4	F4
799	D144	0268	F4
799	D144	029C	F4
799	D144	02D0	F4
799	D144	0244	F4
799	D144	0278	F4
799	D144	02AC	F4
799	D144	02E0	F4
799	D144	0254	F4
799	D144	0288	F4
799	D144	02BC	F4
799	D144	02F0	F4
799	D144	0264	F4
799	D144	0298	F4
799	D144	02CC	F4
799	D144	0240	F4
799	D144	0274	F4
799	D144	02A8	F4
799	D144	02DC	F4
799	D144	0250	F4
799	D144	0284	F4
799	D144	02B8	F4
799	D144	02EC	F4
799	D144	0260	F4
799	D144	0294	F4
799	D144	02C8	F4
800	F47C	0200	B7
800	F47C	0204	B7
800	F47C	0208	B7
800	F47C	020C	B7
800	F47C	0210	BF
800	F47C	0214	BF
800	F47C	0218	BF
800	F47C	021C	BF
800	F47C	0220	C7
800	F47C	0224	C7
800	F47C	0228	C7
800	F47C	022C	C7
800	F47C	0230	CF
800	F47C	0234	CF
800	F47C	0238	CF
800	F47C	023C	CF
800	F47C	0270	1F
800	F47C	02A4	25
800	F47C	02D8	27
800	F47C	024C	2D
800	F47C	0280	2D
800	F47C	02B4	31
800	F47C	02E8	31
800	F47C	025C	35
800	F47C	0290	39
800	F47C	02C4	40
800	D144	02F8	F4
800	D144	026C	F4
800	D144	02A0	F4
800	D144	02D4	F4
800	D144	0248	F4
800	D144	027C	F4
800	D144	02B0	F4
800	D144	02E4	F4
800	D144	0258	F4
800	D144	028C	F4
800	D144	02C0	F4
800	D144	02F4	F4
800	D144	0268	F4
800	D144	029C	F4
800	D144	02D0	F4
800	D144	0244	F4
800	D144	0278	F4
800	D144	02AC	F4
800	D144	02E0	F4
800	D144	0254	F4
800	D144	0288	F4
800	D144	02BC	F4
800	D144	02F0	F4
800	D144	0264	F4
800	D144	0298	F4
800	D144	02CC	F4
800	D144	0240	F4
800	D144	0274	F4
800	D144	02A8	F4
800	D144	02DC	F4
800	D144	0250	F4
800	D144	0284	F4
800	D144	02B8	F4
800	D144	02EC	F4
800	D144	0260	F4
800	D144	0294	F4
800	D144	02C8	F4
800	D144	02FC	F4
801	F47C	0200	B7
801	F47C	0204	B7
801	F47C	0208	B7
801	F47C	020C	B7
801	F47C	0210	BF
801	F47C	0214	BF
801	F47C	0218	BF
801	F47C	021C	BF
801	F47C	0220	C7
801	F47C	0224	C7
801	F47C	0228	C7
801	F47C	022C	C7
801	F47C	0230	CF
801	F47C	0234	CF
801	F47C	0238	CF
801	F47C	023C	CF
801	F47C	0264	1F
801	F47C	0298	25
801	F47C	02CC	27
801	F47C	0240	2D
801	F47C	0274	2D
801	F47C	02A8	31
801	F47C	02DC	31
801	F47C	0250	35
801	F47C	0284	39
801	F47C	02B8	40
801	D144	02EC	F4
801	D144	0260	F4
801	D144	0294	F4
801	D144	02C8	F4
801	D144	02FC	F4
801	D144	0270	F4
801	D144	02A4	F4
801	D144	02D8	F4
801	D144	024C	F4
801	D144	0280	F4
801	D144	02B4	F4
801	D144	02E8	F4
801	D144	025C	F4
801	D144	0290	F4
801	D144	02C4	F4
801	D144	02F8	F4
801	D144	026C	F4
801	D144	02A0	F4
801	D144	02D4	F4
801	D144	0248	F4
801	D144	027C	F4
801	D144	02B0	F4
801	D144	02E4	F4
801	D144	0258	F4
801	D144	028C	F4
801	D144	02C0	F4
801	D144	02F4	F4
801	D144	0268	F4
801	D144	029C	F4
801	D144	02D0	F4
801	D144	0244	F4
801	D144	0278	F4
801	D144	02AC	F4
801	D144	02E0	F4
801	D144	0254	F4
801	D144	0288	F4
801	D144	02BC	F4
801	D144	02F0	F4
802	F47C	0200	B7
802	F47C	0204	B7
802	F47C	0208	B7
802	F47C	020C	B7
802	F47C	0210	BF
802	F47C	0214	BF
802	F47C	0218	BF
802	F47C	021C	BF
802	F47C	0220	C7
802	F47C	0224	C7
802	F47C	0228	C7
802	F47C	022C	C7
802	F47C	0230	CF
802	F47C	0234	CF
802	F47C	0238	CF
802	F47C	023C	CF
802	F47C	0298	1F
802	F47C	02CC	25
802	F47C	0240	27
802	F47C	0274	2D
802	F47C	02A8	2D
802	F47C	02DC	31
802	F47C	0250	31
802	F47C	0284	35
802	F47C	02B8	39
802	F47C	02EC	40
802	D144	0260	F4
802	D144	0294	F4
802	D144	02C8	F4
802	D144	02FC	F4
802	D144	0270	F4
802	D144	02A4	F4
802	D144	02D8	F4
802	D144	024C	F4
802	D144	0280	F4
802	D144	02B4	F4
802	D144	02E8	F4
802	D144	025C	F4
802	D144	0290	F4
802	D144	02C4	F4
802	D144	02F8	F4
802	D144	026C	F4
802	D144	02A0	F4
802	D144	02D4	F4
802	D144	0248	F4
802	D144	027C	F4
802	D144	02B0	F4
802	D144	02E4	F4
802	D144	0258	F4
802	D144	028C	F4
802	D144	02C0	F4
802	D144	02F4	F4
802	D144	0268	F4
802	D144	029C	F4
802	D144	02D0	F4
802	D144	0244	F4
802	D144	0278	F4
802	D144	02AC	F4
802	D144	02E0	F4
802	D144	0254	F4
802	D144	0288	F4
802	D144	02BC	F4
802	D144	02F0	F4
802	D144	0264	F4
803	F47C	0200	B7
803	F47C	0204	B7
803	F47C	0208	B7
803	F47C	020C	B7
803	F47C	0210	BF
803	F47C	0214	BF
803	F47C	0218	BF
803	F47C	021C	BF
803	F47C	0220	C7
803	F47C	0224	C7
803	F47C	0228	C7
803	F47C	022C	C7
803	F47C	0230	CF
803	F47C	0234	CF
803	F47C	0238	CF
803	F47C	023C	CF
803	F47C	02CC	1F
803	F47C	0240	25
803	F47C	0274	27
803	F47C	02A8	2D
803	F47C	02DC	2D
803	F47C	0250	31
803	F47C	0284	31
803	F47C	02B8	35
803	F47C	02EC	39
803	F47C	0260	40
803	D144	0294	F4
803	D144	02C8	F4
803	D144	02FC	F4
803	D144	0270	F4
803	D144	02A4	F4
803	D144	02D8	F4
803	D144	024C	F4
803	D144	0280	F4
803	D144	02B4	F4
803	D144	02E8	F4
803	D144	025C	F4
803	D144	0290	F4
803	D144	02C4	F4
803	D144	02F8	F4
803	D144	026C	F4
803	D144	02A0	F4
803	D144	02D4	F4
803	D144	0248	F4
803	D144	027C	F4
803	D144	02B0	F4
803	D144	02E4	F4
803	D144	0258	F4
803	D144	028C	F4
803	D144	02C0	F4
803	D144	02F4	F4
803	D144	0268	F4
803	D144	029C	F4
803	D144	02D0	F4
803	D144	0244	F4
803	D144	0278	F4
803	D144	02AC	F4
803	D144	02E0	F4
803	D144	0254	F4
803	D144	0288	F4
803	D144	02BC	F4
803	D144	02F0	F4
803	D144	0264	F4
803	D144	0298	F4
804	F47C	0200	B7
804	F47C	0204	B7
804	F47C	0208	B7
804	F47C	020C	B7
804	F47C	0210	BF
804	F47C	0214	BF
804	F47C	0218	BF
804	F47C	021C	BF
804	F47C	0220	C7
804	F47C	0224	C7
804	F47C	0228	C7
804	F47C	022C	C7
804	F47C	0230	CF
804	F47C	0234	CF
804	F47C	0238	CF
804	F47C	023C	CF
804	F47C	0240	1F
804	F47C	0274	25
804	F47C	02A8	27
804	F47C	02DC	2D
804	F47C	0250	2D
804	F47C	0284	31
804	F47C	02B8	31
804	F47C	02EC	35
804	F47C	0260	39
804	F47C	0294	40
804	D144	02C8	F4
804	D144	02FC	F4
804	D144	0270	F4
804	D144	02A4	F4
804	D144	02D8	F4
804	D144	024C	F4
804	D144	0280	F4
804	D144	02B4	F4
804	D144	02E8	F4
804	D144	025C	F4
804	D144	0290	F4
804	D144	02C4	F4
804	D144	02F8	F4
804	D144	026C	F4
804	D144	02A0	F4
804	D144	02D4	F4
804	D144	0248	F4
804	D144	027C	F4
804	D144	02B0	F4
804	D144	02E4	F4
804	D144	0258	F4
804	D144	028C	F4
804	D144	02C0	F4
804	D144	02F4	F4
804	D144	0268	F4
804	D144	029C	F4
804	D144	02D0	F4
804	D144	0244	F4
804	D144	0278	F4
804	D144	02AC	F4
804	D144	02E0	F4
804	D144	0254	F4
804	D144	0288	F4
804	D144	02BC	F4
804	D144	02F0	F4
804	D144	0264	F4
804	D144	0298	F4
804	D144	02CC	F4
805	F47C	0200	B7
805	F47C	0204	B7
805	F47C	0208	B7
805	F47C	020C	B7
805	F47C	0210	BF
805	F47C	0214	BF
805	F47C	0218	BF
805	F47C	021C	BF
805	F47C	0220	C7
805	F47C	0224	C7
805	F47C	0228	C7
805	F47C	022C	C7
805	F47C	0230	CF
805	F47C	0234	CF
805	F47C	0238	CF
805	F47C	023C	CF
805	F47C	0274	1F
805	F47C	02A8	25
805	F47C	02DC	27
805	F47C	0250	2D
805	F47C	0284	2D
805	F47C	02B8	31
805	F47C	02EC	31
805	F47C	0260	35
805	F47C	0294	39
805	F47C	02C8	40
805	D144	02FC	F4
805	D144	0270	F4
805	D144	02A4	F4
805	D144	02D8	F4
805	D144	024C	F4
805	D144	0280	F4
805	D144	02B4	F4
805	D144	02E8	F4
805	D144	025C	F4
805	D144	0290	F4
805	D144	02C4	F4
805	D144	02F8	F4
805	D144	026C	F4
805	D144	02A0	F4
805	D144	02D4	F4
805	D144	0248	F4
805	D144	027C	F4
805	D144	02B0	F4
805	D144	02E4	F4
805	D144	0258	F4
805	D144	028C	F4
805	D144	02C0	F4
805	D144	02F4	F4
805	D144	0268	F4
805	D144	029C	F4
805	D144	02D0	F4
805	D144	0244	F4
805	D144	0278	F4
805	D144	02AC	F4
805	D144	02E0	F4
805	D144	0254	F4
805	D144	0288	F4
805	D144	02BC	F4
805	D144	02F0	F4
805	D144	0264	F4
805	D144	0298	F4
805	D144	02CC	F4
805	D144	0240	F4
806	F47C	0200	B7
806	F47C	0204	B7
806	F47C	0208	B7
806	F47C	020C	B7
806	F47C	0210	BF
806	F47C	0214	BF
806	F47C	0218	BF
806	F47C	021C	BF
806	F47C	0220	C7
806	F47C	0224	C7
806	F47C	0228	C7
806	F47C	022C	C7
806	F47C	0230	CF
806	F47C	0234	CF
806	F47C	0238	CF
806	F47C	023C	CF
806	F47C	0268	1F
806	F47C	029C	25
806	F47C	02D0	27
806	F47C	0244	2D
806	F47C	0278	2D
806	F47C	02AC	31
806	F47C	02E0	31
806	F47C	0254	35
806	F47C	0288	39
806	F47C	02BC	40
806	D144	02F0	F4
806	D144	0264	F4
806	D144	0298	F4
806	D144	02CC	F4
806	D144	0240	F4
806	D144	0274	F4
806	D144	02A8	F4
806	D144	02DC	F4
806	D144	0250	F4
806	D144	0284	F4
806	D144	02B8	F4
806	D144	02EC	F4
806	D144	0260	F4
806	D144	0294	F4
806	D144	02C8	F4
806	D144	02FC	F4
806	D144	0270	F4
806	D144	02A4	F4
806	D144	02D8	F4
806	D144	024C	F4
806	D144	0280	F4
806	D144	02B4	F4
806	D144	02E8	F4
806	D144	025C	F4
806	D144	0290	F4
806	D144	02C4	F4
806	D144	02F8	F4
806	D144	026C	F4
806	D144	02A0	F4
806	D144	02D4	F4
806	D144	0248	F4
806	D144	027C	F4
806	D144	02B0	F4
806	D144	02E4	F4
806	D144	0258	F4
806	D144	028C	F4
806	D144	02C0	F4
806	D144	02F4	F4
807	F47C	0200	B7
807	F47C	0204	B7
807	F47C	0208	B7
807	F47C	020C	B7
807	F47C	0210	BF
807	F47C	0214	BF
807	F47C	0218	BF
807	F47C	021C	BF
807	F47C	0220	C7
807	F47C	0224	C7
807	F47C	0228	C7
807	F47C	022C	C7
807	F47C	0230	CF
807	F47C	0234	CF
807	F47C	0238	CF
807	F47C	023C	CF
807	F47C	029C	1F
807	F47C	02D0	25
807	F47C	0244	27
807	F47C	0278	2D
807	F47C	02AC	2D
807	F47C	02E0	31
807	F47C	0254	31
807	F47C	0288	35
807	F47C	02BC	39
807	F47C	02F0	40
807	D144	0264	F4
807	D144	0298	F4
807	D144	02CC	F4
807	D144	0240	F4
807	D144	0274	F4
807	D144	02A8	F4
807	D144	02DC	F4
807	D144	0250	F4
807	D144	0284	F4
807	D144	02B8	F4
807	D144	02EC	F4
807	D144	0260	F4
807	D144	0294	F4
807	D144	02C8	F4
807	D144	02FC	F4
807	D144	0270	F4
807	D144	02A4	F4
807	D144	02D8	F4
807	D144	024C	F4
807	D144	0280	F4
807	D144	02B4	F4
807	D144	02E8	F4
807	D144	025C	F4
807	D144	0290	F4
807	D144	02C4	F4
807	D144	02F8	F4
807	D144	026C	F4
807	D144	02A0	F4
807	D144	02D4	F4
807	D144	0248	F4
807	D144	027C	F4
807	D144	02B0	F4
807	D144	02E4	F4
807	D144	0258	F4
807	D144	028C	F4
807	D144	02C0	F4
807	D144	02F4	F4
807	D144	0268	F4
808	F47C	0200	B7
808	F47C	0204	B7
808	F47C	0208	B7
808	F47C	020C	B7
808	F47C	0210	BF
808	F47C	0214	BF
808	F47C	0218	BF
808	F47C	021C	BF
808	F47C	0220	C7
808	F47C	0224	C7
808	F47C	0228	C7
808	F47C	022C	C7
808	F47C	0230	CF
808	F47C	0234	CF
808	F47C	0238	CF
808	F47C	023C	CF
808	F47C	02D0	1F
808	F47C	0244	25
808	F47C	0278	27
808	F47C	02AC	2D
808	F47C	02E0	2D
808	F47C	0254	31
808	F47C	0288	31
808	F47C	02BC	35
808	F47C	02F0	39
808	F47C	0264	40
808	D144	0298	F4
808	D144	02CC	F4
808	D144	0240	F4
808	D144	0274	F4
808	D144	02A8	F4
808	D144	02DC	F4
808	D144	0250	F4
808	D144	0284	F4
808	D144	02B8	F4
808	D144	02EC	F4
808	D144	0260	F4
808	D144	0294	F4
808	D144	02C8	F4
808	D144	02FC	F4
808	D144	0270	F4
808	D144	02A4	F4
808	D144	02D8	F4
808	D144	024C	F4
808	D144	0280	F4
808	D144	02B4	F4
808	D144	02E8	F4
808	D144	025C	F4
808	D144	0290	F4
808	D144	02C4	F4
808	D144	02F8	F4
808	D144	026C	F4
808	D144	02A0	F4
808	D144	02D4	F4
808	D144	0248	F4
808	D144	027C	F4
808	D144	02B0	F4
808	D144	02E4	F4
808	D144	0258	F4
808	D144	028C	F4
808	D144	02C0	F4
808	D144	02F4	F4
808	D144	0268	F4
808	D144	029C	F4
809	F47C	0200	B7
809	F47C	0204	B7
809	F47C	0208	B7
809	F47C	020C	B7
809	F47C	0210	BF
809	F47C	0214	BF
809	F47C	0218	BF
809	F47C	021C	BF
809	F47C	0220	C7
809	F47C	0224	C7
809	F47C	0228	C7
809	F47C	022C	C7
809	F47C	0230	CF
809	F47C	0234	CF
809	F47C	0238	CF
809	F47C	023C	CF
809	F47C	0244	1F
809	F47C	0278	25
809	F47C	02AC	27
809	F47C	02E0	2D
809	F47C	0254	2D
809	F47C	0288	31
809	F47C	02BC	31
809	F47C	02F0	35
809	F47C	0264	39
809	F47C	0298	40
809	D144	02CC	F4
809	D144	0240	F4
809	D144	0274	F4
809	D144	02A8	F4
809	D144	02DC	F4
809	D144	0250	F4
809	D144	0284	F4
809	D144	02B8	F4
809	D144	02EC	F4
809	D144	0260	F4
809	D144	0294	F4
809	D144	02C8	F4
809	D144	02FC	F4
809	D144	0270	F4
809	D144	02A4	F4
809	D144	02D8	F4
809	D144	024C	F4
809	D144	0280	F4
809	D144	02B4	F4
809	D144	02E8	F4
809	D144	025C	F4
809	D144	0290	F4
809	D144	02C4	F4
809	D144	02F8	F4
809	D144	026C	F4
809	D144	02A0	F4
809	D144	02D4	F4
809	D144	0248	F4
809	D144	027C	F4
809	D144	02B0	F4
809	D144	02E4	F4
809	D144	0258	F4
809	D144	028C	F4
809	D144	02C0	F4
809	D144	02F4	F4
809	D144	0268	F4
809	D144	029C	F4
809	D144	02D0	F4
810	F47C	0200	B7
810	F47C	0204	B7
810	F47C	0208	B7
810	F47C	020C	B7
810	F47C	0210	BF
810	F47C	0214	BF
810	F47C	0218	BF
810	F47C	021C	BF
810	F47C	0220	C7
810	F47C	0224	C7
810	F47C	0228	C7
810	F47C	022C	C7
810	F47C	0230	CF
810	F47C	0234	CF
810	F47C	0238	CF
810	F47C	023C	CF
810	F47C	0278	1F
810	F47C	02AC	25
810	F47C	02E0	27
810	F47C	0254	2D
810	F47C	0288	2D
810	F47C	02BC	31
810	F47C	02F0	31
810	F47C	0264	35
810	F47C	0298	39
810	F47C	02CC	40
810	D144	0240	F4
810	D144	0274	F4
810	D144	02A8	F4
810	D144	02DC	F4
810	D144	0250	F4
810	D144	0284	F4
810	D144	02B8	F4
810	D144	02EC	F4
810	D144	0260	F4
810	D144	0294	F4
810	D144	02C8	F4
810	D144	02FC	F4
810	D144	0270	F4
810	D144	02A4	F4
810	D144	02D8	F4
810	D144	024C	F4
810	D144	0280	F4
810	D144	02B4	F4
810	D144	02E8	F4
810	D144	025C	F4
810	D144	0290	F4
810	D144	02C4	F4
810	D144	02F8	F4
810	D144	026C	F4
810	D144	02A0	F4
810	D144	02D4	F4
810	D144	0248	F4
810	D144	027C	F4
810	D144	02B0	F4
810	D144	02E4	F4
810	D144	0258	F4
810	D144	028C	F4
810	D144	02C0	F4
810	D144	02F4	F4
810	D144	0268	F4
810	D144	029C	F4
810	D144	02D0	F4
810	D144	0244	F4
811	F47C	0200	B7
811	F47C	0204	B7
811	F47C	0208	B7
811	F47C	020C	B7
811	F47C	0210	BF
811	F47C	0214	BF
811	F47C	0218	BF
811	F47C	021C	BF
811	F47C	0220	C7
811	F47C	0224	C7
811	F47C	0228	C7
811	F47C	022C	C7
811	F47C	0230	CF
811	F47C	0234	CF
811	F47C	0238	CF
811	F47C	023C	CF
811	F47C	026C	1F
811	F47C	02A0	25
811	F47C	02D4	27
811	F47C	0248	2D
811	F47C	027C	2D
811	F47C	02B0	31
811	F47C	02E4	31
811	F47C	0258	35
811	F47C	028C	39
811	F47C	02C0	40
811	D144	02F4	F4
811	D144	0268	F4
811	D144	029C	F4
811	D144	02D0	F4
811	D144	0244	F4
811	D144	0278	F4
811	D144	02AC	F4
811	D144	02E0	F4
811	D144	0254	F4
811	D144	0288	F4
811	D144	02BC	F4
811	D144	02F0	F4
811	D144	0264	F4
811	D144	0298	F4
811	D144	02CC	F4
811	D144	0240	F4
811	D144	0274	F4
811	D144	02A8	F4
811	D144	02DC	F4
811	D144	0250	F4
811	D144	0284	F4
811	D144	02B8	F4
811	D144	02EC	F4
811	D144	0260	F4
811	D144	0294	F4
811	D144	02C8	F4
811	D144	02FC	F4
811	D144	0270	F4
811	D144	02A4	F4
811	D144	02D8	F4
811	D144	024C	F4
811	D144	0280	F4
811	D144	02B4	F4
811	D144	02E8	F4
811	D144	025C	F4
811	D144	0290	F4
811	D144	02C4	F4
811	D144	02F8	F4
812	F47C	0200	B7
812	F47C	0204	B7
812	F47C	0208	B7
812	F47C	020C	B7
812	F47C	0210	BF
812	F47C	0214	BF
812	F47C	0218	BF
812	F47C	021C	BF
812	F47C	0220	C7
812	F47C	0224	C7
812	F47C	0228	C7
812	F47C	022C	C7
812	F47C	0230	CF
812	F47C	0234	CF
812	F47C	0238	CF
812	F47C	023C	CF
812	F47C	02A0	1F
812	F47C	02D4	25
812	F47C	0248	27
812	F47C	027C	2D
812	F47C	02B0	2D
812	F47C	02E4	31
812	F47C	0258	31
812	F47C	028C	35
812	F47C	02C0	39
812	F47C	02F4	40
812	D144	0268	F4
812	D144	029C	F4
812	D144	02D0	F4
812	D144	0244	F4
812	D144	0278	F4
812	D144	02AC	F4
812	D144	02E0	F4
812	D144	0254	F4
812	D144	0288	F4
812	D144	02BC	F4
812	D144	02F0	F4
812	D144	0264	F4
812	D144	0298	F4
812	D144	02CC	F4
812	D144	0240	F4
812	D144	0274	F4
812	D144	02A8	F4
812	D144	02DC	F4
812	D144	0250	F4
812	D144	0284	F4
812	D144	02B8	F4
812	D144	02EC	F4
812	D144	0260	F4
812	D144	0294	F4
812	D144	02C8	F4
812	D144	02FC	F4
812	D144	0270	F4
812	D144	02A4	F4
812	D144	02D8	F4
812	D144	024C	F4
812	D144	0280	F4
812	D144	02B4	F4
812	D144	02E8	F4
812	D144	025C	F4
812	D144	0290	F4
812	D144	02C4	F4
812	D144	02F8	F4
812	D144	026C	F4
813	F47C	0200	B7
813	F47C	0204	B7
813	F47C	0208	B7
813	F47C	020C	B7
813	F47C	0210	BF
813	F47C	0214	BF
813	F47C	0218	BF
813	F47C	021C	BF
813	F47C	0220	C7
813	F47C	0224	C7
813	F47C	0228	C7
813	F47C	022C	C7
813	F47C	0230	CF
813	F47C	0234	CF
813	F47C	0238	CF
813	F47C	023C	CF
813	F47C	02D4	1F
813	F47C	0248	25
813	F47C	027C	27
813	F47C	02B0	2D
813	F47C	02E4	2D
813	F47C	0258	31
813	F47C	028C	31
813	F47C	02C0	35
813	F47C	02F4	39
813	F47C	0268	40
813	D144	029C	F4
813	D144	02D0	F4
813	D144	0244	F4
813	D144	0278	F4
813	D144	02AC	F4
813	D144	02E0	F4
813	D144	0254	F4
813	D144	0288	F4
813	D144	02BC	F4
813	D144	02F0	F4
813	D144	0264	F4
813	D144	0298	F4
813	D144	02CC	F4
813	D144	0240	F4
813	D144	0274	F4
813	D144	02A8	F4
813	D144	02DC	F4
813	D144	0250	F4
813	D144	0284	F4
813	D144	02B8	F4
813	D144	02EC	F4
813	D144	0260	F4
813	D144	0294	F4
813	D144	02C8	F4
813	D144	02FC	F4
813	D144	0270	F4
813	D144	02A4	F4
813	D144	02D8	F4
813	D144	024C	F4
813	D144	0280	F4
813	D144	02B4	F4
813	D144	02E8	F4
813	D144	025C	F4
813	D144	0290	F4
813	D144	02C4	F4
813	D144	02F8	F4
813	D144	026C	F4
813	D144	02A0	F4
814	F47C	0200	B7
814	F47C	0204	B7
814	F47C	0208	B7
814	F47C	020C	B7
814	F47C	0210	BF
814	F47C	0214	BF
814	F47C	0218	BF
814	F47C	021C	BF
814	F47C	0220	C7
814	F47C	0224	C7
814	F47C	0228	C7
814	F47C	022C	C7
814	F47C	0230	CF
814	F47C	0234	CF
814	F47C	0238	CF
814	F47C	023C	CF
814	F47C	0248	1F
814	F47C	027C	25
814	F47C	02B0	27
814	F47C	02E4	2D
814	F47C	0258	2D
814	F47C	028C	31
814	F47C	02C0	31
814	F47C	02F4	35
814	F47C	0268	39
814	F47C	029C	40
814	D144	02D0	F4
814	D144	0244	F4
814	D144	0278	F4
814	D144	02AC	F4
814	D144	02E0	F4
814	D144	0254	F4
814	D144	0288	F4
814	D144	02BC	F4
814	D144	02F0	F4
814	D144	0264	F4
814	D144	0298	F4
814	D144	02CC	F4
814	D144	0240	F4
814	D144	0274	F4
814	D144	02A8	F4
814	D144	02DC	F4
814	D144	0250	F4
814	D144	0284	F4
814	D144	02B8	F4
814	D144	02EC	F4
814	D144	0260	F4
814	D144	0294	F4
814	D144	02C8	F4
814	D144	02FC	F4
814	D144	0270	F4
814	D144	02A4	F4
814	D144	02D8	F4
814	D144	024C	F4
814	D144	0280	F4
814	D144	02B4	F4
814	D144	02E8	F4
814	D144	025C	F4
814	D144	0290	F4
814	D144	02C4	F4
814	D144	02F8	F4
814	D144	026C	F4
814	D144	02A0	F4
814	D144	02D4	F4
815	F47C	0200	B7
815	F47C	0204	B7
815	F47C	0208	B7
815	F47C	020C	B7
815	F47C	0210	BF
815	F47C	0214	BF
815	F47C	0218	BF
815	F47C	021C	BF
815	F47C	0220	C7
815	F47C	0224	C7
815	F47C	0228	C7
815	F47C	022C	C7
815	F47C	0230	CF
815	F47C	0234	CF
815	F47C	0238	CF
815	F47C	023C	CF
815	F47C	027C	1F
815	F47C	02B0	25
815	F47C	02E4	27
815	F47C	0258	2D
815	F47C	028C	2D
815	F47C	02C0	31
815	F47C	02F4	31
815	F47C	0268	35
815	F47C	029C	39
815	F47C	02D0	40
815	D144	0244	F4
815	D144	0278	F4
815	D144	02AC	F4
815	D144	02E0	F4
815	D144	0254	F4
815	D144	0288	F4
815	D144	02BC	F4
815	D144	02F0	F4
815	D144	0264	F4
815	D144	0298	F4
815	D144	02CC	F4
815	D144	0240	F4
815	D144	0274	F4
815	D144	02A8	F4
815	D144	02DC	F4
815	D144	0250	F4
815	D144	0284	F4
815	D144	02B8	F4
815	D144	02EC	F4
815	D144	0260	F4
815	D144	0294	F4
815	D144	02C8	F4
815	D144	02FC	F4
815	D144	0270	F4
815	D144	02A4	F4
815	D144	02D8	F4
815	D144	024C	F4
815	D144	0280	F4
815	D144	02B4	F4
815	D144	02E8	F4
815	D144	025C	F4
815	D144	0290	F4
815	D144	02C4	F4
815	D144	02F8	F4
815	D144	026C	F4
815	D144	02A0	F4
815	D144	02D4	F4
815	D144	0248	F4
816	F47C	0200	B7
816	F47C	0204	B7
816	F47C	0208	B7
816	F47C	020C	B7
816	F47C	0210	BF
816	F47C	0214	BF
816	F47C	0218	BF
816	F47C	021C	BF
816	F47C	0220	C7
816	F47C	0224	C7
816	F47C	0228	C7
816	F47C	022C	C7
816	F47C	0230	CF
816	F47C	0234	CF
816	F47C	0238	CF
816	F47C	023C	CF
816	F47C	0270	1F
816	F47C	02A4	25
816	F47C	02D8	27
816	F47C	024C	2D
816	F47C	0280	2D
816	F47C	02B4	31
816	F47C	02E8	31
816	F47C	025C	35
816	F47C	0290	39
816	F47C	02C4	40
816	D144	02F8	F4
816	D144	026C	F4
816	D144	02A0	F4
816	D144	02D4	F4
816	D144	0248	F4
816	D144	027C	F4
816	D144	02B0	F4
816	D144	02E4	F4
816	D144	0258	F4
816	D144	028C	F4
816	D144	02C0	F4
816	D144	02F4	F4
816	D144	0268	F4
816	D144	029C	F4
816	D144	02D0	F4
816	D144	0244	F4
816	D144	0278	F4
816	D144	02AC	F4
816	D144	02E0	F4
816	D144	0254	F4
816	D144	0288	F4
816	D144	02BC	F4
816	D144	02F0	F4
816	D144	0264	F4
816	D144	0298	F4
816	D144	02CC	F4
816	D144	0240	F4
816	D144	0274	F4
816	D144	02A8	F4
816	D144	02DC	F4
816	D144	0250	F4
816	D144	0284	F4
816	D144	02B8	F4
816	D144	02EC	F4
816	D144	0260	F4
816	D144	0294	F4
816	D144	02C8	F4
816	D144	02FC	F4
817	F47C	0200	B7
817	F47C	0204	B7
817	F47C	0208	B7
817	F47C	020C	B7
817	F47C	0210	BF
817	F47C	0214	BF
817	F47C	0218	BF
817	F47C	021C	BF
817	F47C	0220	C7
817	F47C	0224	C7
817	F47C	0228	C7
817	F47C	022C	C7
817	F47C	0230	CF
817	F47C	0234	CF
817	F47C	0238	CF
817	F47C	023C	CF
817	F47C	02A4	1F
817	F47C	02D8	25
817	F47C	024C	27
817	F47C	0280	2D
817	F47C	02B4	2D
817	F47C	02E8	31
817	F47C	025C	31
817	F47C	0290	35
817	F47C	02C4	39
817	F47C	02F8	40
817	D144	026C	F4
817	D144	02A0	F4
817	D144	02D4	F4
817	D144	0248	F4
817	D144	027C	F4
817	D144	02B0	F4
817	D144	02E4	F4
817	D144	0258	F4
817	D144	028C	F4
817	D144	02C0	F4
817	D144	02F4	F4
817	D144	0268	F4
817	D144	029C	F4
817	D144	02D0	F4
817	D144	0244	F4
817	D144	0278	F4
817	D144	02AC	F4
817	D144	02E0	F4
817	D144	0254	F4
817	D144	0288	F4
817	D144	02BC	F4
817	D144	02F0	F4
817	D144	0264	F4
817	D144	0298	F4
817	D144	02CC	F4
817	D144	0240	F4
817	D144	0274	F4
817	D144	02A8	F4
817	D144	02DC	F4
817	D144	0250	F4
817	D144	0284	F4
817	D144	02B8	F4
817	D144	02EC	F4
817	D144	0260	F4
817	D144	0294	F4
817	D144	02C8	F4
817	D144	02FC	F4
817	D144	0270	F4
818	F47C	0200	B7
818	F47C	0204	B7
818	F47C	0208	B7
818	F47C	020C	B7
818	F47C	0210	BF
818	F47C	0214	BF
818	F47C	0218	BF
818	F47C	021C	BF
818	F47C	0220	C7
818	F47C	0224	C7
818	F47C	0228	C7
818	F47C	022C	C7
818	F47C	0230	CF
818	F47C	0234	CF
818	F47C	0238	CF
818	F47C	023C	CF
818	F47C	02D8	1F
818	F47C	024C	25
818	F47C	0280	27
818	F47C	02B4	2D
818	F47C	02E8	2D
818	F47C	025C	31
818	F47C	0290	31
818	F47C	02C4	35
818	F47C	02F8	39
818	F47C	026C	40
818	D144	02A0	F4
818	D144	02D4	F4
818	D144	0248	F4
818	D144	027C	F4
818	D144	02B0	F4
818	D144	02E4	F4
818	D144	0258	F4
818	D144	028C	F4
818	D144	02C0	F4
818	D144	02F4	F4
818	D144	0268	F4
818	D144	029C	F4
818	D144	02D0	F4
818	D144	0244	F4
818	D144	0278	F4
818	D144	02AC	F4
818	D144	02E0	F4
818	D144	0254	F4
818	D144	0288	F4
818	D144	02BC	F4
818	D144	02F0	F4
818	D144	0264	F4
818	D144	0298	F4
818	D144	02CC	F4
818	D144	0240	F4
818	D144	0274	F4
818	D144	02A8	F4
818	D144	02DC	F4
818	D144	0250	F4
818	D144	0284	F4
818	D144	02B8	F4
818	D144	02EC	F4
818	D144	0260	F4
818	D144	0294	F4
818	D144	02C8	F4
818	D144	02FC	F4
818	D144	0270	F4
818	D144	02A4	F4
819	F47C	0200	B7
819	F47C	0204	B7
819	F47C	0208	B7
819	F47C	020C	B7
819	F47C	0210	BF
819	F47C	0214	BF
819	F47C	0218	BF
819	F47C	021C	BF
819	F47C	0220	C7
819	F47C	0224	C7
819	F47C	0228	C7
819	F47C	022C	C7
819	F47C	0230	CF
819	F47C	0234	CF
819	F47C	0238	CF
819	F47C	023C	CF
819	F47C	024C	1F
819	F47C	0280	25
819	F47C	02B4	27
819	F47C	02E8	2D
819	F47C	025C	2D
819	F47C	0290	31
819	F47C	02C4	31
819	F47C	02F8	35
819	F47C	026C	39
819	F47C	02A0	40
819	D144	02D4	F4
819	D144	0248	F4
819	D144	027C	F4
819	D144	02B0	F4
819	D144	02E4	F4
819	D144	0258	F4
819	D144	028C	F4
819	D144	02C0	F4
819	D144	02F4	F4
819	D144	0268	F4
819	D144	029C	F4
819	D144	02D0	F4
819	D144	0244	F4
819	D144	0278	F4
819	D144	02AC	F4
819	D144	02E0	F4
819	D144	0254	F4
819	D144	0288	F4
819	D144	02BC	F4
819	D144	02F0	F4
819	D144	0264	F4
819	D144	0298	F4
819	D144	02CC	F4
819	D144	0240	F4
819	D144	0274	F4
819	D144	02A8	F4
819	D144	02DC	F4
819	D144	0250	F4
819	D144	0284	F4
819	D144	02B8	F4
819	D144	02EC	F4
819	D144	0260	F4
819	D144	0294	F4
819	D144	02C8	F4
819	D144	02FC	F4
819	D144	0270	F4
819	D144	02A4	F4
819	D144	02D8	F4
820	F47C	0200	B7
820	F47C	0204	B7
820	F47C	0208	B7
820	F47C	020C	B7
820	F47C	0210	BF
820	F47C	0214	BF
820	F47C	0218	BF
820	F47C	021C	BF
820	F47C	0220	C7
820	F47C	0224	C7
820	F47C	0228	C7
820	F47C	022C	C7
820	F47C	0230	CF
820	F47C	0234	CF
820	F47C	0238	CF
820	F47C	023C	CF
820	F47C	0240	1F
820	F47C	0274	25
820	F47C	02A8	27
820	F47C	02DC	2D
820	F47C	0250	2D
820	F47C	0284	31
820	F47C	02B8	31
820	F47C	02EC	35
820	F47C	0260	39
820	F47C	0294	40
820	D144	02C8	F4
820	D144	02FC	F4
820	D144	0270	F4
820	D144	02A4	F4
820	D144	02D8	F4
820	D144	024C	F4
820	D144	0280	F4
820	D144	02B4	F4
820	D144	02E8	F4
820	D144	025C	F4
820	D144	0290	F4
820	D144	02C4	F4
820	D144	02F8	F4
820	D144	026C	F4
820	D144	02A0	F4
820	D144	02D4	F4
820	D144	0248	F4
820	D144	027C	F4
820	D144	02B0	F4
820	D144	02E4	F4
820	D144	0258	F4
820	D144	028C	F4
820	D144	02C0	F4
820	D144	02F4	F4
820	D144	0268	F4
820	D144	029C	F4
820	D144	02D0	F4
820	D144	0244	F4
820	D144	0278	F4
820	D144	02AC	F4
820	D144	02E0	F4
820	D144	0254	F4
820	D144	0288	F4
820	D144	02BC	F4
820	D144	02F0	F4
820	D144	0264	F4
820	D144	0298	F4
820	D144	02CC	F4
821	F47C	0200	B7
821	F47C	0204	B7
821	F47C	0208	B7
821	F47C	020C	B7
821	F47C	0210	BF
821	F47C	0214	BF
821	F47C	0218	BF
821	F47C	021C	BF
821	F47C	0220	C7
821	F47C	0224	C7
821	F47C	0228	C7
821	F47C	022C	C7
821	F47C	0230	CF
821	F47C	0234	CF
821	F47C	0238	CF
821	F47C	023C	CF
821	F47C	0274	1F
821	F47C	02A8	25
821	F47C	02DC	27
821	F47C	0250	2D
821	F47C	0284	2D
821	F47C	02B8	31
821	F47C	02EC	31
821	F47C	0260	35
821	F47C	0294	39
821	F47C	02C8	40
821	D144	02FC	F4
821	D144	0270	F4
821	D144	02A4	F4
821	D144	02D8	F4
821	D144	024C	F4
821	D144	0280	F4
821	D144	02B4	F4
821	D144	02E8	F4
821	D144	025C	F4
821	D144	0290	F4
821	D144	02C4	F4
821	D144	02F8	F4
821	D144	026C	F4
821	D144	02A0	F4
821	D144	02D4	F4
821	D144	0248	F4
821	D144	027C	F4
821	D144	02B0	F4
821	D144	02E4	F4
821	D144	0258	F4
821	D144	028C	F4
821	D144	02C0	F4
821	D144	02F4	F4
821	D144	0268	F4
821	D144	029C	F4
821	D144	02D0	F4
821	D144	0244	F4
821	D144	0278	F4
821	D144	02AC	F4
821	D144	02E0	F4
821	D144	0254	F4
821	D144	0288	F4
821	D144	02BC	F4
821	D144	02F0	F4
821	D144	0264	F4
821	D144	0298	F4
821	D144	02CC	F4
821	D144	0240	F4
822	F47C	0200	B7
822	F47C	0204	B7
822	F47C	0208	B7
822	F47C	020C	B7
822	F47C	0210	BF
822	F47C	0214	BF
822	F47C	0218	BF
822	F47C	021C	BF
822	F47C	0220	C7
822	F47C	0224	C7
822	F47C	0228	C7
822	F47C	022C	C7
822	F47C	0230	CF
822	F47C	0234	CF
822	F47C	0238	CF
822	F47C	023C	CF
822	F47C	02A8	1F
822	F47C	02DC	25
822	F47C	0250	27
822	F47C	0284	2D
822	F47C	02B8	2D
822	F47C	02EC	31
822	F47C	0260	31
822	F47C	0294	35
822	F47C	02C8	39
822	F47C	02FC	40
822	D144	0270	F4
822	D144	02A4	F4
822	D144	02D8	F4
822	D144	024C	F4
822	D144	0280	F4
822	D144	02B4	F4
822	D144	02E8	F4
822	D144	025C	F4
822	D144	0290	F4
822	D144	02C4	F4
822	D144	02F8	F4
822	D144	026C	F4
822	D144	02A0	F4
822	D144	02D4	F4
822	D144	0248	F4
822	D144	027C	F4
822	D144	02B0	F4
822	D144	02E4	F4
822	D144	0258	F4
822	D144	028C	F4
822	D144	02C0	F4
822	D144	02F4	F4
822	D144	0268	F4
822	D144	029C	F4
822	D144	02D0	F4
822	D144	0244	F4
822	D144	0278	F4
822	D144	02AC	F4
822	D144	02E0	F4
822	D144	0254	F4
822	D144	0288	F4
822	D144	02BC	F4
822	D144	02F0	F4
822	D144	0264	F4
822	D144	0298	F4
822	D144	02CC	F4
822	D144	0240	F4
822	D144	0274	F4
823	F47C	0200	B7
823	F47C	0204	B7
823	F47C	0208	B7
823	F47C	020C	B7
823	F47C	0210	BF
823	F47C	0214	BF
823	F47C	0218	BF
823	F47C	021C	BF
823	F47C	0220	C7
823	F47C	0224	C7
823	F47C	0228	C7
823	F47C	022C	C7
823	F47C	0230	CF
823	F47C	0234	CF
823	F47C	0238	CF
823	F47C	023C	CF
823	F47C	02DC	1F
823	F47C	0250	25
823	F47C	0284	27
823	F47C	02B8	2D
823	F47C	02EC	2D
823	F47C	0260	31
823	F47C	0294	31
823	F47C	02C8	35
823	F47C	02FC	39
823	F47C	0270	40
823	D144	02A4	F4
823	D144	02D8	F4
823	D144	024C	F4
823	D144	0280	F4
823	D144	02B4	F4
823	D144	02E8	F4
823	D144	025C	F4
823	D144	0290	F4
823	D144	02C4	F4
823	D144	02F8	F4
823	D144	026C	F4
823	D144	02A0	F4
823	D144	02D4	F4
823	D144	0248	F4
823	D144	027C	F4
823	D144	02B0	F4
823	D144	02E4	F4
823	D144	0258	F4
823	D144	028C	F4
823	D144	02C0	F4
823	D144	02F4	F4
823	D144	0268	F4
823	D144	029C	F4
823	D144	02D0	F4
823	D144	0244	F4
823	D144	0278	F4
823	D144	02AC	F4
823	D144	02E0	F4
823	D144	0254	F4
823	D144	0288	F4
823	D144	02BC	F4
823	D144	02F0	F4
823	D144	0264	F4
823	D144	0298	F4
823	D144	02CC	F4
823	D144	0240	F4
823	D144	0274	F4
823	D144	02A8	F4
824	F47C	0200	B7
824	F47C	0204	B7
824	F47C	0208	B7
824	F47C	020C	B7
824	F47C	0210	BF
824	F47C	0214	BF
824	F47C	0218	BF
824	F47C	021C	BF
824	F47C	0220	C7
824	F47C	0224	C7
824	F47C	0228	C7
824	F47C	022C	C7
824	F47C	0230	CF
824	F47C	0234	CF
824	F47C	0238	CF
824	F47C	023C	CF
824	F47C	0250	1F
824	F47C	0284	25
824	F47C	02B8	27
824	F47C	02EC	2D
824	F47C	0260	2D
824	F47C	0294	31
824	F47C	02C8	31
824	F47C	02FC	35
824	F47C	0270	39
824	F47C	02A4	40
824	D144	02D8	F4
824	D144	024C	F4
824	D144	0280	F4
824	D144	02B4	F4
824	D144	02E8	F4
824	D144	025C	F4
824	D144	0290	F4
824	D144	02C4	F4
824	D144	02F8	F4
824	D144	026C	F4
824	D144	02A0	F4
824	D144	02D4	F4
824	D144	0248	F4
824	D144	027C	F4
824	D144	02B0	F4
824	D144	02E4	F4
824	D144	0258	F4
824	D144	028C	F4
824	D144	02C0	F4
824	D144	02F4	F4
824	D144	0268	F4
824	D144	029C	F4
824	D144	02D0	F4
824	D144	0244	F4
824	D144	0278	F4
824	D144	02AC	F4
824	D144	02E0	F4
824	D144	0254	F4
824	D144	0288	F4
824	D144	02BC	F4
824	D144	02F0	F4
824	D144	0264	F4
824	D144	0298	F4
824	D144	02CC	F4
824	D144	0240	F4
824	D144	0274	F4
824	D144	02A8	F4
824	D144	02DC	F4
825	F47C	0200	B7
825	F47C	0204	B7
825	F47C	0208	B7
825	F47C	020C	B7
825	F47C	0210	BF
825	F47C	0214	BF
825	F47C	0218	BF
825	F47C	021C	BF
825	F47C	0220	C7
825	F47C	0224	C7
825	F47C	0228	C7
825	F47C	022C	C7
825	F47C	0230	CF
825	F47C	0234	CF
825	F47C	0238	CF
825	F47C	023C	CF
825	F47C	0244	1F
825	F47C	0278	25
825	F47C	02AC	27
825	F47C	02E0	2D
825	F47C	0254	2D
825	F47C	0288	31
825	F47C	02BC	31
825	F47C	02F0	35
825	F47C	0264	39
825	F47C	0298	40
825	D144	02CC	F4
825	D144	0240	F4
825	D144	0274	F4
825	D144	02A8	F4
825	D144	02DC	F4
825	D144	0250	F4
825	D144	0284	F4
825	D144	02B8	F4
825	D144	02EC	F4
825	D144	0260	F4
825	D144	0294	F4
825	D144	02C8	F4
825	D144	02FC	F4
825	D144	0270	F4
825	D144	02A4	F4
825	D144	02D8	F4
825	D144	024C	F4
825	D144	0280	F4
825	D144	02B4	F4
825	D144	02E8	F4
825	D144	025C	F4
825	D144	0290	F4
825	D144	02C4	F4
825	D144	02F8	F4
825	D144	026C	F4
825	D144	02A0	F4
825	D144	02D4	F4
825	D144	0248	F4
825	D144	027C	F4
825	D144	02B0	F4
825	D144	02E4	F4
825	D144	0258	F4
825	D144	028C	F4
825	D144	02C0	F4
825	D144	02F4	F4
825	D144	0268	F4
825	D144	029C	F4
825	D144	02D0	F4
826	F47C	0200	B7
826	F47C	0204	B7
826	F47C	0208	B7
826	F47C	020C	B7
826	F47C	0210	BF
826	F47C	0214	BF
826	F47C	0218	BF
826	F47C	021C	BF
826	F47C	0220	C7
826	F47C	0224	C7
826	F47C	0228	C7
826	F47C	022C	C7
826	F47C	0230	CF
826	F47C	0234	CF
826	F47C	0238	CF
826	F47C	023C	CF
826	F47C	0278	1F
826	F47C	02AC	25
826	F47C	02E0	27
826	F47C	0254	2D
826	F47C	0288	2D
826	F47C	02BC	31
826	F47C	02F0	31
826	F47C	0264	35
826	F47C	0298	39
826	F47C	02CC	40
826	D144	0240	F4
826	D144	0274	F4
826	D144	02A8	F4
826	D144	02DC	F4
826	D144	0250	F4
826	D144	0284	F4
826	D144	02B8	F4
826	D144	02EC	F4
826	D144	0260	F4
826	D144	0294	F4
826	D144	02C8	F4
826	D144	02FC	F4
826	D144	0270	F4
826	D144	02A4	F4
826	D144	02D8	F4
826	D144	024C	F4
826	D144	0280	F4
826	D144	02B4	F4
826	D144	02E8	F4
826	D144	025C	F4
826	D144	0290	F4
826	D144	02C4	F4
826	D144	02F8	F4
826	D144	026C	F4
826	D144	02A0	F4
826	D144	02D4	F4
826	D144	0248	F4
826	D144	027C	F4
826	D144	02B0	F4
826	D144	02E4	F4
826	D144	0258	F4
826	D144	028C	F4
826	D144	02C0	F4
826	D144	02F4	F4
826	D144	0268	F4
826	D144	029C	F4
826	D144	02D0	F4
826	D144	0244	F4
827	F47C	0200	B7
827	F47C	0204	B7
827	F47C	0208	B7
827	F47C	020C	B7
827	F47C	0210	BF
827	F47C	0214	BF
827	F47C	0218	BF
827	F47C	021C	BF
827	F47C	0220	C7
827	F47C	0224	C7
827	F47C	0228	C7
827	F47C	022C	C7
827	F47C	0230	CF
827	F47C	0234	CF
827	F47C	0238	CF
827	F47C	023C	CF
827	F47C	02AC	1F
827	F47C	02E0	25
827	F47C	0254	27
827	F47C	0288	2D
827	F47C	02BC	2D
827	F47C	02F0	31
827	F47C	0264	31
827	F47C	0298	35
827	F47C	02CC	39
827	F47C	0240	40
827	D144	0274	F4
827	D144	02A8	F4
827	D144	02DC	F4
827	D144	0250	F4
827	D144	0284	F4
827	D144	02B8	F4
827	D144	02EC	F4
827	D144	0260	F4
827	D144	0294	F4
827	D144	02C8	F4
827	D144	02FC	F4
827	D144	0270	F4
827	D144	02A4	F4
827	D144	02D8	F4
827	D144	024C	F4
827	D144	0280	F4
827	D144	02B4	F4
827	D144	02E8	F4
827	D144	025C	F4
827	D144	0290	F4
827	D144	02C4	F4
827	D144	02F8	F4
827	D144	026C	F4
827	D144	02A0	F4
827	D144	02D4	F4
827	D144	0248	F4
827	D144	027C	F4
827	D144	02B0	F4
827	D144	02E4	F4
827	D144	0258	F4
827	D144	028C	F4
827	D144	02C0	F4
827	D144	02F4	F4
827	D144	0268	F4
827	D144	029C	F4
827	D144	02D0	F4
827	D144	0244	F4
827	D144	0278	F4
828	F47C	0200	B7
828	F47C	0204	B7
828	F47C	0208	B7
828	F47C	020C	B7
828	F47C	0210	BF
828	F47C	0214	BF
828	F47C	0218	BF
828	F47C	021C	BF
828	F47C	0220	C7
828	F47C	0224	C7
828	F47C	0228	C7
828	F47C	022C	C7
828	F47C	0230	CF
828	F47C	0234	CF
828	F47C	0238	CF
828	F47C	023C	CF
828	F47C	02E0	1F
828	F47C	0254	25
828	F47C	0288	27
828	F47C	02BC	2D
828	F47C	02F0	2D
828	F47C	0264	31
828	F47C	0298	31
828	F47C	02CC	35
828	F47C	0240	39
828	F47C	0274	40
828	D144	02A8	F4
828	D144	02DC	F4
828	D144	0250	F4
828	D144	0284	F4
828	D144	02B8	F4
828	D144	02EC	F4
828	D144	0260	F4
828	D144	0294	F4
828	D144	02C8	F4
828	D144	02FC	F4
828	D144	0270	F4
828	D144	02A4	F4
828	D144	02D8	F4
828	D144	024C	F4
828	D144	0280	F4
828	D144	02B4	F4
828	D144	02E8	F4
828	D144	025C	F4
828	D144	0290	F4
828	D144	02C4	F4
828	D144	02F8	F4
828	D144	026C	F4
828	D144	02A0	F4
828	D144	02D4	F4
828	D144	0248	F4
828	D144	027C	F4
828	D144	02B0	F4
828	D144	02E4	F4
828	D144	0258	F4
828	D144	028C	F4
828	D144	02C0	F4
828	D144	02F4	F4
828	D144	0268	F4
828	D144	029C	F4
828	D144	02D0	F4
828	D144	0244	F4
828	D144	0278	F4
828	D144	02AC	F4
829	F47C	0200	B7
829	F47C	0204	B7
829	F47C	0208	B7
829	F47C	020C	B7
829	F47C	0210	BF
829	F47C	0214	BF
829	F47C	0218	BF
829	F47C	021C	BF
829	F47C	0220	C7
829	F47C	0224	C7
829	F47C	0228	C7
829	F47C	022C	C7
829	F47C	0230	CF
829	F47C	0234	CF
829	F47C	0238	CF
829	F47C	023C	CF
829	F47C	0254	1F
829	F47C	0288	25
829	F47C	02BC	27
829	F47C	02F0	2D
829	F47C	0264	2D
829	F47C	0298	31
829	F47C	02CC	31
829	F47C	0240	35
829	F47C	0274	39
829	F47C	02A8	40
829	D144	02DC	F4
829	D144	0250	F4
829	D144	0284	F4
829	D144	02B8	F4
829	D144	02EC	F4
829	D144	0260	F4
829	D144	0294	F4
829	D144	02C8	F4
829	D144	02FC	F4
829	D144	0270	F4
829	D144	02A4	F4
829	D144	02D8	F4
829	D144	024C	F4
829	D144	0280	F4
829	D144	02B4	F4
829	D144	02E8	F4
829	D144	025C	F4
829	D144	0290	F4
829	D144	02C4	F4
829	D144	02F8	F4
829	D144	026C	F4
829	D144	02A0	F4
829	D144	02D4	F4
829	D144	0248	F4
829	D144	027C	F4
829	D144	02B0	F4
829	D144	02E4	F4
829	D144	0258	F4
829	D144	028C	F4
829	D144	02C0	F4
829	D144	02F4	F4
829	D144	0268	F4
829	D144	029C	F4
829	D144	02D0	F4
829	D144	0244	F4
829	D144	0278	F4
829	D144	02AC	F4
829	D144	02E0	F4
830	F47C	0200	B7
830	F47C	0204	B7
830	F47C	0208	B7
830	F47C	020C	B7
830	F47C	0210	BF
830	F47C	0214	BF
830	F47C	0218	BF
830	F47C	021C	BF
830	F47C	0220	C7
830	F47C	0224	C7
830	F47C	0228	C7
830	F47C	022C	C7
830	F47C	0230	CF
830	F47C	0234	CF
830	F47C	0238	CF
830	F47C	023C	CF
830	F47C	0248	1F
830	F47C	027C	25
830	F47C	02B0	27
830	F47C	02E4	2D
830	F47C	0258	2D
830	F47C	028C	31
830	F47C	02C0	31
830	F47C	02F4	35
830	F47C	0268	39
830	F47C	029C	40
830	D144	02D0	F4
830	D144	0244	F4
830	D144	0278	F4
830	D144	02AC	F4
830	D144	02E0	F4
830	D144	0254	F4
830	D144	0288	F4
830	D144	02BC	F4
830	D144	02F0	F4
830	D144	0264	F4
830	D144	0298	F4
830	D144	02CC	F4
830	D144	0240	F4
830	D144	0274	F4
830	D144	02A8	F4
830	D144	02DC	F4
830	D144	0250	F4
830	D144	0284	F4
830	D144	02B8	F4
830	D144	02EC	F4
830	D144	0260	F4
830	D144	0294	F4
830	D144	02C8	F4
830	D144	02FC	F4
830	D144	0270	F4
830	D144	02A4	F4
830	D144	02D8	F4
830	D144	024C	F4
830	D144	0280	F4
830	D144	02B4	F4
830	D144	02E8	F4
830	D144	025C	F4
830	D144	0290	F4
830	D144	02C4	F4
830	D144	02F8	F4
830	D144	026C	F4
830	D144	02A0	F4
830	D144	02D4	F4
831	F47C	0200	B7
831	F47C	0204	B7
831	F47C	0208	B7
831	F47C	020C	B7
831	F47C	0210	BF
831	F47C	0214	BF
831	F47C	0218	BF
831	F47C	021C	BF
831	F47C	0220	C7
831	F47C	0224	C7
831	F47C	0228	C7
831	F47C	022C	C7
831	F47C	0230	CF
831	F47C	0234	CF
831	F47C	0238	CF
831	F47C	023C	CF
831	F47C	027C	1F
831	F47C	02B0	25
831	F47C	02E4	27
831	F47C	0258	2D
831	F47C	028C	2D
831	F47C	02C0	31
831	F47C	02F4	31
831	F47C	0268	35
831	F47C	029C	39
831	F47C	02D0	40
831	D144	0244	F4
831	D144	0278	F4
831	D144	02AC	F4
831	D144	02E0	F4
831	D144	0254	F4
831	D144	0288	F4
831	D144	02BC	F4
831	D144	02F0	F4
831	D144	0264	F4
831	D144	0298	F4
831	D144	02CC	F4
831	D144	0240	F4
831	D144	0274	F4
831	D144	02A8	F4
831	D144	02DC	F4
831	D144	0250	F4
831	D144	0284	F4
831	D144	02B8	F4
831	D144	02EC	F4
831	D144	0260	F4
831	D144	0294	F4
831	D144	02C8	F4
831	D144	02FC	F4
831	D144	0270	F4
831	D144	02A4	F4
831	D144	02D8	F4
831	D144	024C	F4
831	D144	0280	F4
831	D144	02B4	F4
831	D144	02E8	F4
831	D144	025C	F4
831	D144	0290	F4
831	D144	02C4	F4
831	D144	02F8	F4
831	D144	026C	F4
831	D144	02A0	F4
831	D144	02D4	F4
831	D144	0248	F4
832	F47C	0200	B7
832	F47C	0204	B7
832	F47C	0208	B7
832	F47C	020C	B7
832	F47C	0210	BF
832	F47C	0214	BF
832	F47C	0218	BF
832	F47C	021C	BF
832	F47C	0220	C7
832	F47C	0224	C7
832	F47C	0228	C7
832	F47C	022C	C7
832	F47C	0230	CF
832	F47C	0234	CF
832	F47C	0238	CF
832	F47C	023C	CF
832	F47C	02B0	1F
832	F47C	02E4	25
832	F47C	0258	27
832	F47C	028C	2D
832	F47C	02C0	2D
832	F47C	02F4	31
832	F47C	0268	31
832	F47C	029C	35
832	F47C	02D0	39
832	F47C	0244	40
832	D144	0278	F4
832	D144	02AC	F4
832	D144	02E0	F4
832	D144	0254	F4
832	D144	0288	F4
832	D144	02BC	F4
832	D144	02F0	F4
832	D144	0264	F4
832	D144	0298	F4
832	D144	02CC	F4
832	D144	0240	F4
832	D144	0274	F4
832	D144	02A8	F4
832	D144	02DC	F4
832	D144	0250	F4
832	D144	0284	F4
832	D144	02B8	F4
832	D144	02EC	F4
832	D144	0260	F4
832	D144	0294	F4
832	D144	02C8	F4
832	D144	02FC	F4
832	D144	0270	F4
832	D144	02A4	F4
832	D144	02D8	F4
832	D144	024C	F4
832	D144	0280	F4
832	D144	02B4	F4
832	D144	02E8	F4
832	D144	025C	F4
832	D144	0290	F4
832	D144	02C4	F4
832	D144	02F8	F4
832	D144	026C	F4
832	D144	02A0	F4
832	D144	02D4	F4
832	D144	0248	F4
832	D144	027C	F4
833	F47C	0200	B7
833	F47C	0204	B7
833	F47C	0208	B7
833	F47C	020C	B7
833	F47C	0210	BF
833	F47C	0214	BF
833	F47C	0218	BF
833	F47C	021C	BF
833	F47C	0220	C7
833	F47C	0224	C7
833	F47C	0228	C7
833	F47C	022C	C7
833	F47C	0230	CF
833	F47C	0234	CF
833	F47C	0238	CF
833	F47C	023C	CF
833	F47C	02E4	1F
833	F47C	0258	25
833	F47C	028C	27
833	F47C	02C0	2D
833	F47C	02F4	2D
833	F47C	0268	31
833	F47C	029C	31
833	F47C	02D0	35
833	F47C	0244	39
833	F47C	0278	40
833	D144	02AC	F4
833	D144	02E0	F4
833	D144	0254	F4
833	D144	0288	F4
833	D144	02BC	F4
833	D144	02F0	F4
833	D144	0264	F4
833	D144	0298	F4
833	D144	02CC	F4
833	D144	0240	F4
833	D144	0274	F4
833	D144	02A8	F4
833	D144	02DC	F4
833	D144	0250	F4
833	D144	0284	F4
833	D144	02B8	F4
833	D144	02EC	F4
833	D144	0260	F4
833	D144	0294	F4
833	D144	02C8	F4
833	D144	02FC	F4
833	D144	0270	F4
833	D144	02A4	F4
833	D144	02D8	F4
833	D144	024C	F4
833	D144	0280	F4
833	D144	02B4	F4
833	D144	02E8	F4
833	D144	025C	F4
833	D144	0290	F4
833	D144	02C4	F4
833	D144	02F8	F4
833	D144	026C	F4
833	D144	02A0	F4
833	D144	02D4	F4
833	D144	0248	F4
833	D144	027C	F4
833	D144	02B0	F4
834	F47C	0200	B7
834	F47C	0204	B7
834	F47C	0208	B7
834	F47C	020C	B7
834	F47C	0210	BF
834	F47C	0214	BF
834	F47C	0218	BF
834	F47C	021C	BF
834	F47C	0220	C7
834	F47C	0224	C7
834	F47C	0228	C7
834	F47C	022C	C7
834	F47C	0230	CF
834	F47C	0234	CF
834	F47C	0238	CF
834	F47C	023C	CF
834	F47C	0258	1F
834	F47C	028C	25
834	F47C	02C0	27
834	F47C	02F4	2D
834	F47C	0268	2D
834	F47C	029C	31
834	F47C	02D0	31
834	F47C	0244	35
834	F47C	0278	39
834	F47C	02AC	40
834	D144	02E0	F4
834	D144	0254	F4
834	D144	0288	F4
834	D144	02BC	F4
834	D144	02F0	F4
834	D144	0264	F4
834	D144	0298	F4
834	D144	02CC	F4
834	D144	0240	F4
834	D144	0274	F4
834	D144	02A8	F4
834	D144	02DC	F4
834	D144	0250	F4
834	D144	0284	F4
834	D144	02B8	F4
834	D144	02EC	F4
834	D144	0260	F4
834	D144	0294	F4
834	D144	02C8	F4
834	D144	02FC	F4
834	D144	0270	F4
834	D144	02A4	F4
834	D144	02D8	F4
834	D144	024C	F4
834	D144	0280	F4
834	D144	02B4	F4
834	D144	02E8	F4
834	D144	025C	F4
834	D144	0290	F4
834	D144	02C4	F4
834	D144	02F8	F4
834	D144	026C	F4
834	D144	02A0	F4
834	D144	02D4	F4
834	D144	0248	F4
834	D144	027C	F4
834	D144	02B0	F4
834	D144	02E4	F4
835	F47C	0200	B7
835	F47C	0204	B7
835	F47C	0208	B7
835	F47C	020C	B7
835	F47C	0210	BF
835	F47C	0214	BF
835	F47C	0218	BF
835	F47C	021C	BF
835	F47C	0220	C7
835	F47C	0224	C7
835	F47C	0228	C7
835	F47C	022C	C7
835	F47C	0230	CF
835	F47C	0234	CF
835	F47C	0238	CF
835	F47C	023C	CF
835	F47C	024C	1F
835	F47C	0280	25
835	F47C	02B4	27
835	F47C	02E8	2D
835	F47C	025C	2D
835	F47C	0290	31
835	F47C	02C4	31
835	F47C	02F8	35
835	F47C	026C	39
835	F47C	02A0	40
835	D144	02D4	F4
835	D144	0248	F4
835	D144	027C	F4
835	D144	02B0	F4
835	D144	02E4	F4
835	D144	0258	F4
835	D144	028C	F4
835	D144	02C0	F4
835	D144	02F4	F4
835	D144	0268	F4
835	D144	029C	F4
835	D144	02D0	F4
835	D144	0244	F4
835	D144	0278	F4
835	D144	02AC	F4
835	D144	02E0	F4
835	D144	0254	F4
835	D144	0288	F4
835	D144	02BC	F4
835	D144	02F0	F4
835	D144	0264	F4
835	D144	0298	F4
835	D144	02CC	F4
835	D144	0240	F4
835	D144	0274	F4
835	D144	02A8	F4
835	D144	02DC	F4
835	D144	0250	F4
835	D144	0284	F4
835	D144	02B8	F4
835	D144	02EC	F4
835	D144	0260	F4
835	D144	0294	F4
835	D144	02C8	F4
835	D144	02FC	F4
835	D144	0270	F4
835	D144	02A4	F4
835	D144	02D8	F4
836	F47C	0200	B7
836	F47C	0204	B7
836	F47C	0208	B7
836	F47C	020C	B7
836	F47C	0210	BF
836	F47C	0214	BF
836	F47C	0218	BF
836	F47C	021C	BF
836	F47C	0220	C7
836	F47C	0224	C7
836	F47C	0228	C7
836	F47C	022C	C7
836	F47C	0230	CF
836	F47C	0234	CF
836	F47C	0238	CF
836	F47C	023C	CF
836	F47C	0280	1F
836	F47C	02B4	25
836	F47C	02E8	27
836	F47C	025C	2D
836	F47C	0290	2D
836	F47C	02C4	31
836	F47C	02F8	31
836	F47C	026C	35
836	F47C	02A0	39
836	F47C	02D4	40
836	D144	0248	F4
836	D144	027C	F4
836	D144	02B0	F4
836	D144	02E4	F4
836	D144	0258	F4
836	D144	028C	F4
836	D144	02C0	F4
836	D144	02F4	F4
836	D144	0268	F4
836	D144	029C	F4
836	D144	02D0	F4
836	D144	0244	F4
836	D144	0278	F4
836	D144	02AC	F4
836	D144	02E0	F4
836	D144	0254	F4
836	D144	0288	F4
836	D144	02BC	F4
836	D144	02F0	F4
836	D144	0264	F4
836	D144	0298	F4
836	D144	02CC	F4
836	D144	0240	F4
836	D144	0274	F4
836	D144	02A8	F4
836	D144	02DC	F4
836	D144	0250	F4
836	D144	0284	F4
836	D144	02B8	F4
836	D144	02EC	F4
836	D144	0260	F4
836	D144	0294	F4
836	D144	02C8	F4
836	D144	02FC	F4
836	D144	0270	F4
836	D144	02A4	F4
836	D144	02D8	F4
836	D144	024C	F4
837	F47C	0200	B7
837	F47C	0204	B7
837	F47C	0208	B7
837	F47C	020C	B7
837	F47C	0210	BF
837	F47C	0214	BF
837	F47C	0218	BF
837	F47C	021C	BF
837	F47C	0220	C7
837	F47C	0224	C7
837	F47C	0228	C7
837	F47C	022C	C7
837	F47C	0230	CF
837	F47C	0234	CF
837	F47C	0238	CF
837	F47C	023C	CF
837	F47C	02B4	1F
837	F47C	02E8	25
837	F47C	025C	27
837	F47C	0290	2D
837	F47C	02C4	2D
837	F47C	02F8	31
837	F47C	026C	31
837	F47C	02A0	35
837	F47C	02D4	39
837	F47C	0248	40
837	D144	027C	F4
837	D144	02B0	F4
837	D144	02E4	F4
837	D144	0258	F4
837	D144	028C	F4
837	D144	02C0	F4
837	D144	02F4	F4
837	D144	0268	F4
837	D144	029C	F4
837	D144	02D0	F4
837	D144	0244	F4
837	D144	0278	F4
837	D144	02AC	F4
837	D144	02E0	F4
837	D144	0254	F4
837	D144	0288	F4
837	D144	02BC	F4
837	D144	02F0	F4
837	D144	0264	F4
837	D144	0298	F4
837	D144	02CC	F4
837	D144	0240	F4
837	D144	0274	F4
837	D144	02A8	F4
837	D144	02DC	F4
837	D144	0250	F4
837	D144	0284	F4
837	D144	02B8	F4
837	D144	02EC	F4
837	D144	0260	F4
837	D144	0294	F4
837	D144	02C8	F4
837	D144	02FC	F4
837	D144	0270	F4
837	D144	02A4	F4
837	D144	02D8	F4
837	D144	024C	F4
837	D144	0280	F4
838	F47C	0200	B7
838	F47C	0204	B7
838	F47C	0208	B7
838	F47C	020C	B7
838	F47C	0210	BF
838	F47C	0214	BF
838	F47C	0218	BF
838	F47C	021C	BF
838	F47C	0220	C7
838	F47C	0224	C7
838	F47C	0228	C7
838	F47C	022C	C7
838	F47C	0230	CF
838	F47C	0234	CF
838	F47C	0238	CF
838	F47C	023C	CF
838	F47C	02E8	1F
838	F47C	025C	25
838	F47C	0290	27
838	F47C	02C4	2D
838	F47C	02F8	2D
838	F47C	026C	31
838	F47C	02A0	31
838	F47C	02D4	35
838	F47C	0248	39
838	F47C	027C	40
838	D144	02B0	F4
838	D144	02E4	F4
838	D144	0258	F4
838	D144	028C	F4
838	D144	02C0	F4
838	D144	02F4	F4
838	D144	0268	F4
838	D144	029C	F4
838	D144	02D0	F4
838	D144	0244	F4
838	D144	0278	F4
838	D144	02AC	F4
838	D144	02E0	F4
838	D144	0254	F4
838	D144	0288	F4
838	D144	02BC	F4
838	D144	02F0	F4
838	D144	0264	F4
838	D144	0298	F4
838	D144	02CC	F4
838	D144	0240	F4
838	D144	0274	F4
838	D144	02A8	F4
838	D144	02DC	F4
838	D144	0250	F4
838	D144	0284	F4
838	D144	02B8	F4
838	D144	02EC	F4
838	D144	0260	F4
838	D144	0294	F4
838	D144	02C8	F4
838	D144	02FC	F4
838	D144	0270	F4
838	D144	02A4	F4
838	D144	02D8	F4
838	D144	024C	F4
838	D144	0280	F4
838	D144	02B4	F4
839	F47C	0200	B7
839	F47C	0204	B7
839	F47C	0208	B7
839	F47C	020C	B7
839	F47C	0210	BF
839	F47C	0214	BF
839	F47C	0218	BF
839	F47C	021C	BF
839	F47C	0220	C7
839	F47C	0224	C7
839	F47C	0228	C7
839	F47C	022C	C7
839	F47C	0230	CF
839	F47C	0234	CF
839	F47C	0238	CF
839	F47C	023C	CF
839	F47C	025C	1F
839	F47C	0290	25
839	F47C	02C4	27
839	F47C	02F8	2D
839	F47C	026C	2D
839	F47C	02A0	31
839	F47C	02D4	31
839	F47C	0248	35
839	F47C	027C	39
839	F47C	02B0	40
839	D144	02E4	F4
839	D144	0258	F4
839	D144	028C	F4
839	D144	02C0	F4
839	D144	02F4	F4
839	D144	0268	F4
839	D144	029C	F4
839	D144	02D0	F4
839	D144	0244	F4
839	D144	0278	F4
839	D144	02AC	F4
839	D144	02E0	F4
839	D144	0254	F4
839	D144	0288	F4
839	D144	02BC	F4
839	D144	02F0	F4
839	D144	0264	F4
839	D144	0298	F4
839	D144	02CC	F4
839	D144	0240	F4
839	D144	0274	F4
839	D144	02A8	F4
839	D144	02DC	F4
839	D144	0250	F4
839	D144	0284	F4
839	D144	02B8	F4
839	D144	02EC	F4
839	D144	0260	F4
839	D144	0294	F4
839	D144	02C8	F4
839	D144	02FC	F4
839	D144	0270	F4
839	D144	02A4	F4
839	D144	02D8	F4
839	D144	024C	F4
839	D144	0280	F4
839	D144	02B4	F4
839	D144	02E8	F4
840	F47C	0200	B7
840	F47C	0204	B7
840	F47C	0208	B7
840	F47C	020C	B7
840	F47C	0210	BF
840	F47C	0214	BF
840	F47C	0218	BF
840	F47C	021C	BF
840	F47C	0220	C7
840	F47C	0224	C7
840	F47C	0228	C7
840	F47C	022C	C7
840	F47C	0230	CF
840	F47C	0234	CF
840	F47C	0238	CF
840	F47C	023C	CF
840	F47C	0250	1F
840	F47C	0284	25
840	F47C	02B8	27
840	F47C	02EC	2D
840	F47C	0260	2D
840	F47C	0294	31
840	F47C	02C8	31
840	F47C	02FC	35
840	F47C	0270	39
840	F47C	02A4	40
840	D144	02D8	F4
840	D144	024C	F4
840	D144	0280	F4
840	D144	02B4	F4
840	D144	02E8	F4
840	D144	025C	F4
840	D144	0290	F4
840	D144	02C4	F4
840	D144	02F8	F4
840	D144	026C	F4
840	D144	02A0	F4
840	D144	02D4	F4
840	D144	0248	F4
840	D144	027C	F4
840	D144	02B0	F4
840	D144	02E4	F4
840	D144	0258	F4
840	D144	028C	F4
840	D144	02C0	F4
840	D144	02F4	F4
840	D144	0268	F4
840	D144	029C	F4
840	D144	02D0	F4
840	D144	0244	F4
840	D144	0278	F4
840	D144	02AC	F4
840	D144	02E0	F4
840	D144	0254	F4
840	D144	0288	F4
840	D144	02BC	F4
840	D144	02F0	F4
840	D144	0264	F4
840	D144	0298	F4
840	D144	02CC	F4
840	D144	0240	F4
840	D144	0274	F4
840	D144	02A8	F4
840	D144	02DC	F4
841	F47C	0200	B7
841	F47C	0204	B7
841	F47C	0208	B7
841	F47C	020C	B7
841	F47C	0210	BF
841	F47C	0214	BF
841	F47C	0218	BF
841	F47C	021C	BF
841	F47C	0220	C7
841	F47C	0224	C7
841	F47C	0228	C7
841	F47C	022C	C7
841	F47C	0230	CF
841	F47C	0234	CF
841	F47C	0238	CF
841	F47C	023C	CF
841	F47C	0284	1F
841	F47C	02B8	25
841	F47C	02EC	27
841	F47C	0260	2D
841	F47C	0294	2D
841	F47C	02C8	31
841	F47C	02FC	31
841	F47C	0270	35
841	F47C	02A4	39
841	F47C	02D8	40
841	D144	024C	F4
841	D144	0280	F4
841	D144	02B4	F4
841	D144	02E8	F4
841	D144	025C	F4
841	D144	0290	F4
841	D144	02C4	F4
841	D144	02F8	F4
841	D144	026C	F4
841	D144	02A0	F4
841	D144	02D4	F4
841	D144	0248	F4
841	D144	027C	F4
841	D144	02B0	F4
841	D144	02E4	F4
841	D144	0258	F4
841	D144	028C	F4
841	D144	02C0	F4
841	D144	02F4	F4
841	D144	0268	F4
841	D144	029C	F4
841	D144	02D0	F4
841	D144	0244	F4
841	D144	0278	F4
841	D144	02AC	F4
841	D144	02E0	F4
841	D144	0254	F4
841	D144	0288	F4
841	D144	02BC	F4
841	D144	02F0	F4
841	D144	0264	F4
841	D144	0298	F4
841	D144	02CC	F4
841	D144	0240	F4
841	D144	0274	F4
841	D144	02A8	F4
841	D144	02DC	F4
841	D144	0250	F4
842	F47C	0200	B7
842	F47C	0204	B7
842	F47C	0208	B7
842	F47C	020C	B7
842	F47C	0210	BF
842	F47C	0214	BF
842	F47C	0218	BF
842	F47C	021C	BF
842	F47C	0220	C7
842	F47C	0224	C7
842	F47C	0228	C7
842	F47C	022C	C7
842	F47C	0230	CF
842	F47C	0234	CF
842	F47C	0238	CF
842	F47C	023C	CF
842	F47C	02B8	1F
842	F47C	02EC	25
842	F47C	0260	27
842	F47C	0294	2D
842	F47C	02C8	2D
842	F47C	02FC	31
842	F47C	0270	31
842	F47C	02A4	35
842	F47C	02D8	39
842	F47C	024C	40
842	D144	0280	F4
842	D144	02B4	F4
842	D144	02E8	F4
842	D144	025C	F4
842	D144	0290	F4
842	D144	02C4	F4
842	D144	02F8	F4
842	D144	026C	F4
842	D144	02A0	F4
842	D144	02D4	F4
842	D144	0248	F4
842	D144	027C	F4
842	D144	02B0	F4
842	D144	02E4	F4
842	D144	0258	F4
842	D144	028C	F4
842	D144	02C0	F4
842	D144	02F4	F4
842	D144	0268	F4
842	D144	029C	F4
842	D144	02D0	F4
842	D144	0244	F4
842	D144	0278	F4
842	D144	02AC	F4
842	D144	02E0	F4
842	D144	0254	F4
842	D144	0288	F4
842	D144	02BC	F4
842	D144	02F0	F4
842	D144	0264	F4
842	D144	0298	F4
842	D144	02CC	F4
842	D144	0240	F4
842	D144	0274	F4
842	D144	02A8	F4
842	D144	02DC	F4
842	D144	0250	F4
842	D144	0284	F4
843	F47C	0200	B7
843	F47C	0204	B7
843	F47C	0208	B7
843	F47C	020C	B7
843	F47C	0210	BF
843	F47C	0214	BF
843	F47C	0218	BF
843	F47C	021C	BF
843	F47C	0220	C7
843	F47C	0224	C7
843	F47C	0228	C7
843	F47C	022C	C7
843	F47C	0230	CF
843	F47C	0234	CF
843	F47C	0238	CF
843	F47C	023C	CF
843	F47C	02EC	1F
843	F47C	0260	25
843	F47C	0294	27
843	F47C	02C8	2D
843	F47C	02FC	2D
843	F47C	0270	31
843	F47C	02A4	31
843	F47C	02D8	35
843	F47C	024C	39
843	F47C	0280	40
843	D144	02B4	F4
843	D144	02E8	F4
843	D144	025C	F4
843	D144	0290	F4
843	D144	02C4	F4
843	D144	02F8	F4
843	D144	026C	F4
843	D144	02A0	F4
843	D144	02D4	F4
843	D144	0248	F4
843	D144	027C	F4
843	D144	02B0	F4
843	D144	02E4	F4
843	D144	0258	F4
843	D144	028C	F4
843	D144	02C0	F4
843	D144	02F4	F4
843	D144	0268	F4
843	D144	029C	F4
843	D144	02D0	F4
843	D144	0244	F4
843	D144	0278	F4
843	D144	02AC	F4
843	D144	02E0	F4
843	D144	0254	F4
843	D144	0288	F4
843	D144	02BC	F4
843	D144	02F0	F4
843	D144	0264	F4
843	D144	0298	F4
843	D144	02CC	F4
843	D144	0240	F4
843	D144	0274	F4
843	D144	02A8	F4
843	D144	02DC	F4
843	D144	0250	F4
843	D144	0284	F4
843	D144	02B8	F4
844	F47C	0200	B7
844	F47C	0204	B7
844	F47C	0208	B7
844	F47C	020C	B7
844	F47C	0210	BF
844	F47C	0214	BF
844	F47C	0218	BF
844	F47C	021C	BF
844	F47C	0220	C7
844	F47C	0224	C7
844	F47C	0228	C7
844	F47C	022C	C7
844	F47C	0230	CF
844	F47C	0234	CF
844	F47C	0238	CF
844	F47C	023C	CF
844	F47C	0260	1F
844	F47C	0294	25
844	F47C	02C8	27
844	F47C	02FC	2D
844	F47C	0270	2D
844	F47C	02A4	31
844	F47C	02D8	31
844	F47C	024C	35
844	F47C	0280	39
844	F47C	02B4	40
844	D144	02E8	F4
844	D144	025C	F4
844	D144	0290	F4
844	D144	02C4	F4
844	D144	02F8	F4
844	D144	026C	F4
844	D144	02A0	F4
844	D144	02D4	F4
844	D144	0248	F4
844	D144	027C	F4
844	D144	02B0	F4
844	D144	02E4	F4
844	D144	0258	F4
844	D144	028C	F4
844	D144	02C0	F4
844	D144	02F4	F4
844	D144	0268	F4
844	D144	029C	F4
844	D144	02D0	F4
844	D144	0244	F4
844	D144	0278	F4
844	D144	02AC	F4
844	D144	02E0	F4
844	D144	0254	F4
844	D144	0288	F4
844	D144	02BC	F4
844	D144	02F0	F4
844	D144	0264	F4
844	D144	0298	F4
844	D144	02CC	F4
844	D144	0240	F4
844	D144	0274	F4
844	D144	02A8	F4
844	D144	02DC	F4
844	D144	0250	F4
844	D144	0284	F4
844	D144	02B8	F4
844	D144	02EC	F4
845	F47C	0200	B7
845	F47C	0204	B7
845	F47C	0208	B7
845	F47C	020C	B7
845	F47C	0210	BF
845	F47C	0214	BF
845	F47C	0218	BF
845	F47C	021C	BF
845	F47C	0220	C7
845	F47C	0224	C7
845	F47C	0228	C7
845	F47C	022C	C7
845	F47C	0230	CF
845	F47C	0234	CF
845	F47C	0238	CF
845	F47C	023C	CF
845	F47C	0254	1F
845	F47C	0288	25
845	F47C	02BC	27
845	F47C	02F0	2D
845	F47C	0264	2D
845	F47C	0298	31
845	F47C	02CC	31
845	F47C	0240	35
845	F47C	0274	39
845	F47C	02A8	40
845	D144	02DC	F4
845	D144	0250	F4
845	D144	0284	F4
845	D144	02B8	F4
845	D144	02EC	F4
845	D144	0260	F4
845	D144	0294	F4
845	D144	02C8	F4
845	D144	02FC	F4
845	D144	0270	F4
845	D144	02A4	F4
845	D144	02D8	F4
845	D144	024C	F4
845	D144	0280	F4
845	D144	02B4	F4
845	D144	02E8	F4
845	D144	025C	F4
845	D144	0290	F4
845	D144	02C4	F4
845	D144	02F8	F4
845	D144	026C	F4
845	D144	02A0	F4
845	D144	02D4	F4
845	D144	0248	F4
845	D144	027C	F4
845	D144	02B0	F4
845	D144	02E4	F4
845	D144	0258	F4
845	D144	028C	F4
845	D144	02C0	F4
845	D144	02F4	F4
845	D144	0268	F4
845	D144	029C	F4
845	D144	02D0	F4
845	D144	0244	F4
845	D144	0278	F4
845	D144	02AC	F4
845	D144	02E0	F4
846	F47C	0200	B7
846	F47C	0204	B7
846	F47C	0208	B7
846	F47C	020C	B7
846	F47C	0210	BF
846	F47C	0214	BF
846	F47C	0218	BF
846	F47C	021C	BF
846	F47C	0220	C7
846	F47C	0224	C7
846	F47C	0228	C7
846	F47C	022C	C7
846	F47C	0230	CF
846	F47C	0234	CF
846	F47C	0238	CF
846	F47C	023C	CF
846	F47C	0288	1F
846	F47C	02BC	25
846	F47C	02F0	27
846	F47C	0264	2D
846	F47C	0298	2D
846	F47C	02CC	31
846	F47C	0240	31
846	F47C	0274	35
846	F47C	02A8	39
846	F47C	02DC	40
846	D144	0250	F4
846	D144	0284	F4
846	D144	02B8	F4
846	D144	02EC	F4
846	D144	0260	F4
846	D144	0294	F4
846	D144	02C8	F4
846	D144	02FC	F4
846	D144	0270	F4
846	D144	02A4	F4
846	D144	02D8	F4
846	D144	024C	F4
846	D144	0280	F4
846	D144	02B4	F4
846	D144	02E8	F4
846	D144	025C	F4
846	D144	0290	F4
846	D144	02C4	F4
846	D144	02F8	F4
846	D144	026C	F4
846	D144	02A0	F4
846	D144	02D4	F4
846	D144	0248	F4
846	D144	027C	F4
846	D144	02B0	F4
846	D144	02E4	F4
846	D144	0258	F4
846	D144	028C	F4
846	D144	02C0	F4
846	D144	02F4	F4
846	D144	0268	F4
846	D144	029C	F4
846	D144	02D0	F4
846	D144	0244	F4
846	D144	0278	F4
846	D144	02AC	F4
846	D144	02E0	F4
846	D144	0254	F4
847	F47C	0200	B7
847	F47C	0204	B7
847	F47C	0208	B7
847	F47C	020C	B7
847	F47C	0210	BF
847	F47C	0214	BF
847	F47C	0218	BF
847	F47C	021C	BF
847	F47C	0220	C7
847	F47C	0224	C7
847	F47C	0228	C7
847	F47C	022C	C7
847	F47C	0230	CF
847	F47C	0234	CF
847	F47C	0238	CF
847	F47C	023C	CF
847	F47C	02BC	1F
847	F47C	02F0	25
847	F47C	0264	27
847	F47C	0298	2D
847	F47C	02CC	2D
847	F47C	0240	31
847	F47C	0274	31
847	F47C	02A8	35
847	F47C	02DC	39
847	F47C	0250	40
847	D144	0284	F4
847	D144	02B8	F4
847	D144	02EC	F4
847	D144	0260	F4
847	D144	0294	F4
847	D144	02C8	F4
847	D144	02FC	F4
847	D144	0270	F4
847	D144	02A4	F4
847	D144	02D8	F4
847	D144	024C	F4
847	D144	0280	F4
847	D144	02B4	F4
847	D144	02E8	F4
847	D144	025C	F4
847	D144	0290	F4
847	D144	02C4	F4
847	D144	02F8	F4
847	D144	026C	F4
847	D144	02A0	F4
847	D144	02D4	F4
847	D144	0248	F4
847	D144	027C	F4
847	D144	02B0	F4
847	D144	02E4	F4
847	D144	0258	F4
847	D144	028C	F4
847	D144	02C0	F4
847	D144	02F4	F4
847	D144	0268	F4
847	D144	029C	F4
847	D144	02D0	F4
847	D144	0244	F4
847	D144	0278	F4
847	D144	02AC	F4
847	D144	02E0	F4
847	D144	0254	F4
847	D144	0288	F4
848	F47C	0200	B7
848	F47C	0204	B7
848	F47C	0208	B7
848	F47C	020C	B7
848	F47C	0210	BF
848	F47C	0214	BF
848	F47C	0218	BF
848	F47C	021C	BF
848	F47C	0220	C7
848	F47C	0224	C7
848	F47C	0228	C7
848	F47C	022C	C7
848	F47C	0230	CF
848	F47C	0234	CF
848	F47C	0238	CF
848	F47C	023C	CF
848	F47C	02F0	1F
848	F47C	0264	25
848	F47C	0298	27
848	F47C	02CC	2D
848	F47C	0240	2D
848	F47C	0274	31
848	F47C	02A8	31
848	F47C	02DC	35
848	F47C	0250	39
848	F47C	0284	40
848	D144	02B8	F4
848	D144	02EC	F4
848	D144	0260	F4
848	D144	0294	F4
848	D144	02C8	F4
848	D144	02FC	F4
848	D144	0270	F4
848	D144	02A4	F4
848	D144	02D8	F4
848	D144	024C	F4
848	D144	0280	F4
848	D144	02B4	F4
848	D144	02E8	F4
848	D144	025C	F4
848	D144	0290	F4
848	D144	02C4	F4
848	D144	02F8	F4
848	D144	026C	F4
848	D144	02A0	F4
848	D144	02D4	F4
848	D144	0248	F4
848	D144	027C	F4
848	D144	02B0	F4
848	D144	02E4	F4
848	D144	0258	F4
848	D144	028C	F4
848	D144	02C0	F4
848	D144	02F4	F4
848	D144	0268	F4
848	D144	029C	F4
848	D144	02D0	F4
848	D144	0244	F4
848	D144	0278	F4
848	D144	02AC	F4
848	D144	02E0	F4
848	D144	0254	F4
848	D144	0288	F4
848	D144	02BC	F4
849	F47C	0200	B7
849	F47C	0204	B7
849	F47C	0208	B7
849	F47C	020C	B7
849	F47C	0210	BF
849	F47C	0214	BF
849	F47C	0218	BF
849	F47C	021C	BF
849	F47C	0220	C7
849	F47C	0224	C7
849	F47C	0228	C7
849	F47C	022C	C7
849	F47C	0230	CF
849	F47C	0234	CF
849	F47C	0238	CF
849	F47C	023C	CF
849	F47C	0264	1F
849	F47C	0298	25
849	F47C	02CC	27
849	F47C	0240	2D
849	F47C	0274	2D
849	F47C	02A8	31
849	F47C	02DC	31
849	F47C	0250	35
849	F47C	0284	39
849	F47C	02B8	40
849	D144	02EC	F4
849	D144	0260	F4
849	D144	0294	F4
849	D144	02C8	F4
849	D144	02FC	F4
849	D144	0270	F4
849	D144	02A4	F4
849	D144	02D8	F4
849	D144	024C	F4
849	D144	0280	F4
849	D144	02B4	F4
849	D144	02E8	F4
849	D144	025C	F4
849	D144	0290	F4
849	D144	02C4	F4
849	D144	02F8	F4
849	D144	026C	F4
849	D144	02A0	F4
849	D144	02D4	F4
849	D144	0248	F4
849	D144	027C	F4
849	D144	02B0	F4
849	D144	02E4	F4
849	D144	0258	F4
849	D144	028C	F4
849	D144	02C0	F4
849	D144	02F4	F4
849	D144	0268	F4
849	D144	029C	F4
849	D144	02D0	F4
849	D144	0244	F4
849	D144	0278	F4
849	D144	02AC	F4
849	D144	02E0	F4
849	D144	0254	F4
849	D144	0288	F4
849	D144	02BC	F4
849	D144	02F0	F4
850	F47C	0200	B7
850	F47C	0204	B7
850	F47C	0208	B7
850	F47C	020C	B7
850	F47C	0210	BF
850	F47C	0214	BF
850	F47C	0218	BF
850	F47C	021C	BF
850	F47C	0220	C7
850	F47C	0224	C7
850	F47C	0228	C7
850	F47C	022C	C7
850	F47C	0230	CF
850	F47C	0234	CF
850	F47C	0238	CF
850	F47C	023C	CF
850	F47C	0258	1F
850	F47C	028C	25
850	F47C	02C0	27
850	F47C	02F4	2D
850	F47C	0268	2D
850	F47C	029C	31
850	F47C	02D0	31
850	F47C	0244	35
850	F47C	0278	39
850	F47C	02AC	40
850	D144	02E0	F4
850	D144	0254	F4
850	D144	0288	F4
850	D144	02BC	F4
850	D144	02F0	F4
850	D144	0264	F4
850	D144	0298	F4
850	D144	02CC	F4
850	D144	0240	F4
850	D144	0274	F4
850	D144	02A8	F4
850	D144	02DC	F4
850	D144	0250	F4
850	D144	0284	F4
850	D144	02B8	F4
850	D144	02EC	F4
850	D144	0260	F4
850	D144	0294	F4
850	D144	02C8	F4
850	D144	02FC	F4
850	D144	0270	F4
850	D144	02A4	F4
850	D144	02D8	F4
850	D144	024C	F4
850	D144	0280	F4
850	D144	02B4	F4
850	D144	02E8	F4
850	D144	025C	F4
850	D144	0290	F4
850	D144	02C4	F4
850	D144	02F8	F4
850	D144	026C	F4
850	D144	02A0	F4
850	D144	02D4	F4
850	D144	0248	F4
850	D144	027C	F4
850	D144	02B0	F4
850	D144	02E4	F4
851	F47C	0200	B7
851	F47C	0204	B7
851	F47C	0208	B7
851	F47C	020C	B7
851	F47C	0210	BF
851	F47C	0214	BF
851	F47C	0218	BF
851	F47C	021C	BF
851	F47C	0220	C7
851	F47C	0224	C7
851	F47C	0228	C7
851	F47C	022C	C7
851	F47C	0230	CF
851	F47C	0234	CF
851	F47C	0238	CF
851	F47C	023C	CF
851	F47C	028C	1F
851	F47C	02C0	25
851	F47C	02F4	27
851	F47C	0268	2D
851	F47C	029C	2D
851	F47C	02D0	31
851	F47C	0244	31
851	F47C	0278	35
851	F47C	02AC	39
851	F47C	02E0	40
851	D144	0254	F4
851	D144	0288	F4
851	D144	02BC	F4
851	D144	02F0	F4
851	D144	0264	F4
851	D144	0298	F4
851	D144	02CC	F4
851	D144	0240	F4
851	D144	0274	F4
851	D144	02A8	F4
851	D144	02DC	F4
851	D144	0250	F4
851	D144	0284	F4
851	D144	02B8	F4
851	D144	02EC	F4
851	D144	0260	F4
851	D144	0294	F4
851	D144	02C8	F4
851	D144	02FC	F4
851	D144	0270	F4
851	D144	02A4	F4
851	D144	02D8	F4
851	D144	024C	F4
851	D144	0280	F4
851	D144	02B4	F4
851	D144	02E8	F4
851	D144	025C	F4
851	D144	0290	F4
851	D144	02C4	F4
851	D144	02F8	F4
851	D144	026C	F4
851	D144	02A0	F4
851	D144	02D4	F4
851	D144	0248	F4
851	D144	027C	F4
851	D144	02B0	F4
851	D144	02E4	F4
851	D144	0258	F4
852	F47C	0200	B7
852	F47C	0204	B7
852	F47C	0208	B7
852	F47C	020C	B7
852	F47C	0210	BF
852	F47C	0214	BF
852	F47C	0218	BF
852	F47C	021C	BF
852	F47C	0220	C7
852	F47C	0224	C7
852	F47C	0228	C7
852	F47C	022C	C7
852	F47C	0230	CF
852	F47C	0234	CF
852	F47C	0238	CF
852	F47C	023C	CF
852	F47C	02C0	1F
852	F47C	02F4	25
852	F47C	0268	27
852	F47C	029C	2D
852	F47C	02D0	2D
852	F47C	0244	31
852	F47C	0278	31
852	F47C	02AC	35
852	F47C	02E0	39
852	F47C	0254	40
852	D144	0288	F4
852	D144	02BC	F4
852	D144	02F0	F4
852	D144	0264	F4
852	D144	0298	F4
852	D144	02CC	F4
852	D144	0240	F4
852	D144	0274	F4
852	D144	02A8	F4
852	D144	02DC	F4
852	D144	0250	F4
852	D144	0284	F4
852	D144	02B8	F4
852	D144	02EC	F4
852	D144	0260	F4
852	D144	0294	F4
852	D144	02C8	F4
852	D144	02FC	F4
852	D144	0270	F4
852	D144	02A4	F4
852	D144	02D8	F4
852	D144	024C	F4
852	D144	0280	F4
852	D144	02B4	F4
852	D144	02E8	F4
852	D144	025C	F4
852	D144	0290	F4
852	D144	02C4	F4
852	D144	02F8	F4
852	D144	026C	F4
852	D144	02A0	F4
852	D144	02D4	F4
852	D144	0248	F4
852	D144	027C	F4
852	D144	02B0	F4
852	D144	02E4	F4
852	D144	0258	F4
852	D144	028C	F4
853	F47C	0200	B7
853	F47C	0204	B7
853	F47C	0208	B7
853	F47C	020C	B7
853	F47C	0210	BF
853	F47C	0214	BF
853	F47C	0218	BF
853	F47C	021C	BF
853	F47C	0220	C7
853	F47C	0224	C7
853	F47C	0228	C7
853	F47C	022C	C7
853	F47C	0230	CF
853	F47C	0234	CF
853	F47C	0238	CF
853	F47C	023C	CF
853	F47C	02F4	1F
853	F47C	0268	25
853	F47C	029C	27
853	F47C	02D0	2D
853	F47C	0244	2D
853	F47C	0278	31
853	F47C	02AC	31
853	F47C	02E0	35
853	F47C	0254	39
853	F47C	0288	40
853	D144	02BC	F4
853	D144	02F0	F4
853	D144	0264	F4
853	D144	0298	F4
853	D144	02CC	F4
853	D144	0240	F4
853	D144	0274	F4
853	D144	02A8	F4
853	D144	02DC	F4
853	D144	0250	F4
853	D144	0284	F4
853	D144	02B8	F4
853	D144	02EC	F4
853	D144	0260	F4
853	D144	0294	F4
853	D144	02C8	F4
853	D144	02FC	F4
853	D144	0270	F4
853	D144	02A4	F4
853	D144	02D8	F4
853	D144	024C	F4
853	D144	0280	F4
853	D144	02B4	F4
853	D144	02E8	F4
853	D144	025C	F4
853	D144	0290	F4
853	D144	02C4	F4
853	D144	02F8	F4
853	D144	026C	F4
853	D144	02A0	F4
853	D144	02D4	F4
853	D144	0248	F4
853	D144	027C	F4
853	D144	02B0	F4
853	D144	02E4	F4
853	D144	0258	F4
853	D144	028C	F4
853	D144	02C0	F4
854	F47C	0200	B7
854	F47C	0204	B7
854	F47C	0208	B7
854	F47C	020C	B7
854	F47C	0210	BF
854	F47C	0214	BF
854	F47C	0218	BF
854	F47C	021C	BF
854	F47C	0220	C7
854	F47C	0224	C7
854	F47C	0228	C7
854	F47C	022C	C7
854	F47C	0230	CF
854	F47C	0234	CF
854	F47C	0238	CF
854	F47C	023C	CF
854	F47C	0268	1F
854	F47C	029C	25
854	F47C	02D0	27
854	F47C	0244	2D
854	F47C	0278	2D
854	F47C	02AC	31
854	F47C	02E0	31
854	F47C	0254	35
854	F47C	0288	39
854	F47C	02BC	40
854	D144	02F0	F4
854	D144	0264	F4
854	D144	0298	F4
854	D144	02CC	F4
854	D144	0240	F4
854	D144	0274	F4
854	D144	02A8	F4
854	D144	02DC	F4
854	D144	0250	F4
854	D144	0284	F4
854	D144	02B8	F4
854	D144	02EC	F4
854	D144	0260	F4
854	D144	0294	F4
854	D144	02C8	F4
854	D144	02FC	F4
854	D144	0270	F4
854	D144	02A4	F4
854	D144	02D8	F4
854	D144	024C	F4
854	D144	0280	F4
854	D144	02B4	F4
854	D144	02E8	F4
854	D144	025C	F4
854	D144	0290	F4
854	D144	02C4	F4
854	D144	02F8	F4
854	D144	026C	F4
854	D144	02A0	F4
854	D144	02D4	F4
854	D144	0248	F4
854	D144	027C	F4
854	D144	02B0	F4
854	D144	02E4	F4
854	D144	0258	F4
854	D144	028C	F4
854	D144	02C0	F4
854	D144	02F4	F4
855	F47C	0200	B7
855	F47C	0204	B7
855	F47C	0208	B7
855	F47C	020C	B7
855	F47C	0210	BF
855	F47C	0214	BF
855	F47C	0218	BF
855	F47C	021C	BF
855	F47C	0220	C7
855	F47C	0224	C7
855	F47C	0228	C7
855	F47C	022C	C7
855	F47C	0230	CF
855	F47C	0234	CF
855	F47C	0238	CF
855	F47C	023C	CF
855	F47C	025C	1F
855	F47C	0290	25
855	F47C	02C4	27
855	F47C	02F8	2D
855	F47C	026C	2D
855	F47C	02A0	31
855	F47C	02D4	31
855	F47C	0248	35
855	F47C	027C	39
855	F47C	02B0	40
855	D144	02E4	F4
855	D144	0258	F4
855	D144	028C	F4
855	D144	02C0	F4
855	D144	02F4	F4
855	D144	0268	F4
855	D144	029C	F4
855	D144	02D0	F4
855	D144	0244	F4
855	D144	0278	F4
855	D144	02AC	F4
855	D144	02E0	F4
855	D144	0254	F4
855	D144	0288	F4
855	D144	02BC	F4
855	D144	02F0	F4
855	D144	0264	F4
855	D144	0298	F4
855	D144	02CC	F4
855	D144	0240	F4
855	D144	0274	F4
855	D144	02A8	F4
855	D144	02DC	F4
855	D144	0250	F4
855	D144	0284	F4
855	D144	02B8	F4
855	D144	02EC	F4
855	D144	0260	F4
855	D144	0294	F4
855	D144	02C8	F4
855	D144	02FC	F4
855	D144	0270	F4
855	D144	02A4	F4
855	D144	02D8	F4
855	D144	024C	F4
855	D144	0280	F4
855	D144	02B4	F4
855	D144	02E8	F4
856	F47C	0200	B7
856	F47C	0204	B7
856	F47C	0208	B7
856	F47C	020C	B7
856	F47C	0210	BF
856	F47C	0214	BF
856	F47C	0218	BF
856	F47C	021C	BF
856	F47C	0220	C7
856	F47C	0224	C7
856	F47C	0228	C7
856	F47C	022C	C7
856	F47C	0230	CF
856	F47C	0234	CF
856	F47C	0238	CF
856	F47C	023C	CF
856	F47C	0290	1F
856	F47C	02C4	25
856	F47C	02F8	27
856	F47C	026C	2D
856	F47C	02A0	2D
856	F47C	02D4	31
856	F47C	0248	31
856	F47C	027C	35
856	F47C	02B0	39
856	F47C	02E4	40
856	D144	0258	F4
856	D144	028C	F4
856	D144	02C0	F4
856	D144	02F4	F4
856	D144	0268	F4
856	D144	029C	F4
856	D144	02D0	F4
856	D144	0244	F4
856	D144	0278	F4
856	D144	02AC	F4
856	D144	02E0	F4
856	D144	0254	F4
856	D144	0288	F4
856	D144	02BC	F4
856	D144	02F0	F4
856	D144	0264	F4
856	D144	0298	F4
856	D144	02CC	F4
856	D144	0240	F4
856	D144	0274	F4
856	D144	02A8	F4
856	D144	02DC	F4
856	D144	0250	F4
856	D144	0284	F4
856	D144	02B8	F4
856	D144	02EC	F4
856	D144	0260	F4
856	D144	0294	F4
856	D144	02C8	F4
856	D144	02FC	F4
856	D144	0270	F4
856	D144	02A4	F4
856	D144	02D8	F4
856	D144	024C	F4
856	D144	0280	F4
856	D144	02B4	F4
856	D144	02E8	F4
856	D144	025C	F4
857	F47C	0200	B7
857	F47C	0204	B7
857	F47C	0208	B7
857	F47C	020C	B7
857	F47C	0210	BF
857	F47C	0214	BF
857	F47C	0218	BF
857	F47C	021C	BF
857	F47C	0220	C7
857	F47C	0224	C7
857	F47C	0228	C7
857	F47C	022C	C7
857	F47C	0230	CF
857	F47C	0234	CF
857	F47C	0238	CF
857	F47C	023C	CF
857	F47C	02C4	1F
857	F47C	02F8	25
857	F47C	026C	27
857	F47C	02A0	2D
857	F47C	02D4	2D
857	F47C	0248	31
857	F47C	027C	31
857	F47C	02B0	35
857	F47C	02E4	39
857	F47C	0258	40
857	D144	028C	F4
857	D144	02C0	F4
857	D144	02F4	F4
857	D144	0268	F4
857	D144	029C	F4
857	D144	02D0	F4
857	D144	0244	F4
857	D144	0278	F4
857	D144	02AC	F4
857	D144	02E0	F4
857	D144	0254	F4
857	D144	0288	F4
857	D144	02BC	F4
857	D144	02F0	F4
857	D144	0264	F4
857	D144	0298	F4
857	D144	02CC	F4
857	D144	0240	F4
857	D144	0274	F4
857	D144	02A8	F4
857	D144	02DC	F4
857	D144	0250	F4
857	D144	0284	F4
857	D144	02B8	F4
857	D144	02EC	F4
857	D144	0260	F4
857	D144	0294	F4
857	D144	02C8	F4
857	D144	02FC	F4
857	D144	0270	F4
857	D144	02A4	F4
857	D144	02D8	F4
857	D144	024C	F4
857	D144	0280	F4
857	D144	02B4	F4
857	D144	02E8	F4
857	D144	025C	F4
857	D144	0290	F4
858	F47C	0200	B7
858	F47C	0204	B7
858	F47C	0208	B7
858	F47C	020C	B7
858	F47C	0210	BF
858	F47C	0214	BF
858	F47C	0218	BF
858	F47C	021C	BF
858	F47C	0220	C7
858	F47C	0224	C7
858	F47C	0228	C7
858	F47C	022C	C7
858	F47C	0230	CF
858	F47C	0234	CF
858	F47C	0238	CF
858	F47C	023C	CF
858	F47C	02F8	1F
858	F47C	026C	25
858	F47C	02A0	27
858	F47C	02D4	2D
858	F47C	0248	2D
858	F47C	027C	31
858	F47C	02B0	31
858	F47C	02E4	35
858	F47C	0258	39
858	F47C	028C	40
858	D144	02C0	F4
858	D144	02F4	F4
858	D144	0268	F4
858	D144	029C	F4
858	D144	02D0	F4
858	D144	0244	F4
858	D144	0278	F4
858	D144	02AC	F4
858	D144	02E0	F4
858	D144	0254	F4
858	D144	0288	F4
858	D144	02BC	F4
858	D144	02F0	F4
858	D144	0264	F4
858	D144	0298	F4
858	D144	02CC	F4
858	D144	0240	F4
858	D144	0274	F4
858	D144	02A8	F4
858	D144	02DC	F4
858	D144	0250	F4
858	D144	0284	F4
858	D144	02B8	F4
858	D144	02EC	F4
858	D144	0260	F4
858	D144	0294	F4
858	D144	02C8	F4
858	D144	02FC	F4
858	D144	0270	F4
858	D144	02A4	F4
858	D144	02D8	F4
858	D144	024C	F4
858	D144	0280	F4
858	D144	02B4	F4
858	D144	02E8	F4
858	D144	025C	F4
858	D144	0290	F4
858	D144	02C4	F4
859	F47C	0200	B7
859	F47C	0204	B7
859	F47C	0208	B7
859	F47C	020C	B7
859	F47C	0210	BF
859	F47C	0214	BF
859	F47C	0218	BF
859	F47C	021C	BF
859	F47C	0220	C7
859	F47C	0224	C7
859	F47C	0228	C7
859	F47C	022C	C7
859	F47C	0230	CF
859	F47C	0234	CF
859	F47C	0238	CF
859	F47C	023C	CF
859	F47C	026C	1F
859	F47C	02A0	25
859	F47C	02D4	27
859	F47C	0248	2D
859	F47C	027C	2D
859	F47C	02B0	31
859	F47C	02E4	31
859	F47C	0258	35
859	F47C	028C	39
859	F47C	02C0	40
859	D144	02F4	F4
859	D144	0268	F4
859	D144	029C	F4
859	D144	02D0	F4
859	D144	0244	F4
859	D144	0278	F4
859	D144	02AC	F4
859	D144	02E0	F4
859	D144	0254	F4
859	D144	0288	F4
859	D144	02BC	F4
859	D144	02F0	F4
859	D144	0264	F4
859	D144	0298	F4
859	D144	02CC	F4
859	D144	0240	F4
859	D144	0274	F4
859	D144	02A8	F4
859	D144	02DC	F4
859	D144	0250	F4
859	D144	0284	F4
859	D144	02B8	F4
859	D144	02EC	F4
859	D144	0260	F4
859	D144	0294	F4
859	D144	02C8	F4
859	D144	02FC	F4
859	D144	0270	F4
859	D144	02A4	F4
859	D144	02D8	F4
859	D144	024C	F4
859	D144	0280	F4
859	D144	02B4	F4
859	D144	02E8	F4
859	D144	025C	F4
859	D144	0290	F4
859	D144	02C4	F4
859	D144	02F8	F4
860	F47C	0200	B7
860	F47C	0204	B7
860	F47C	0208	B7
860	F47C	020C	B7
860	F47C	0210	BF
860	F47C	0214	BF
860	F47C	0218	BF
860	F47C	021C	BF
860	F47C	0220	C7
860	F47C	0224	C7
860	F47C	0228	C7
860	F47C	022C	C7
860	F47C	0230	CF
860	F47C	0234	CF
860	F47C	0238	CF
860	F47C	023C	CF
860	F47C	0260	1F
860	F47C	0294	25
860	F47C	02C8	27
860	F47C	02FC	2D
860	F47C	0270	2D
860	F47C	02A4	31
860	F47C	02D8	31
860	F47C	024C	35
860	F47C	0280	39
860	F47C	02B4	40
860	D144	02E8	F4
860	D144	025C	F4
860	D144	0290	F4
860	D144	02C4	F4
860	D144	02F8	F4
860	D144	026C	F4
860	D144	02A0	F4
860	D144	02D4	F4
860	D144	0248	F4
860	D144	027C	F4
860	D144	02B0	F4
860	D144	02E4	F4
860	D144	0258	F4
860	D144	028C	F4
860	D144	02C0	F4
860	D144	02F4	F4
860	D144	0268	F4
860	D144	029C	F4
860	D144	02D0	F4
860	D144	0244	F4
860	D144	0278	F4
860	D144	02AC	F4
860	D144	02E0	F4
860	D144	0254	F4
860	D144	0288	F4
860	D144	02BC	F4
860	D144	02F0	F4
860	D144	0264	F4
860	D144	0298	F4
860	D144	02CC	F4
860	D144	0240	F4
860	D144	0274	F4
860	D144	02A8	F4
860	D144	02DC	F4
860	D144	0250	F4
860	D144	0284	F4
860	D144	02B8	F4
860	D144	02EC	F4
861	F47C	0200	B7
861	F47C	0204	B7
861	F47C	0208	B7
861	F47C	020C	B7
861	F47C	0210	BF
861	F47C	0214	BF
861	F47C	0218	BF
861	F47C	021C	BF
861	F47C	0220	C7
861	F47C	0224	C7
861	F47C	0228	C7
861	F47C	022C	C7
861	F47C	0230	CF
861	F47C	0234	CF
861	F47C	0238	CF
861	F47C	023C	CF
861	F47C	0294	1F
861	F47C	02C8	25
861	F47C	02FC	27
861	F47C	0270	2D
861	F47C	02A4	2D
861	F47C	02D8	31
861	F47C	024C	31
861	F47C	0280	35
861	F47C	02B4	39
861	F47C	02E8	40
861	D144	025C	F4
861	D144	0290	F4
861	D144	02C4	F4
861	D144	02F8	F4
861	D144	026C	F4
861	D144	02A0	F4
861	D144	02D4	F4
861	D144	0248	F4
861	D144	027C	F4
861	D144	02B0	F4
861	D144	02E4	F4
861	D144	0258	F4
861	D144	028C	F4
861	D144	02C0	F4
861	D144	02F4	F4
861	D144	0268	F4
861	D144	029C	F4
861	D144	02D0	F4
861	D144	0244	F4
861	D144	0278	F4
861	D144	02AC	F4
861	D144	02E0	F4
861	D144	0254	F4
861	D144	0288	F4
861	D144	02BC	F4
861	D144	02F0	F4
861	D144	0264	F4
861	D144	0298	F4
861	D144	02CC	F4
861	D144	0240	F4
861	D144	0274	F4
861	D144	02A8	F4
861	D144	02DC	F4
861	D144	0250	F4
861	D144	0284	F4
861	D144	02B8	F4
861	D144	02EC	F4
861	D144	0260	F4
862	F47C	0200	B7
862	F47C	0204	B7
862	F47C	0208	B7
862	F47C	020C	B7
862	F47C	0210	BF
862	F47C	0214	BF
862	F47C	0218	BF
862	F47C	021C	BF
862	F47C	0220	C7
862	F47C	0224	C7
862	F47C	0228	C7
862	F47C	022C	C7
862	F47C	0230	CF
862	F47C	0234	CF
862	F47C	0238	CF
862	F47C	023C	CF
862	F47C	02C8	1F
862	F47C	02FC	25
862	F47C	0270	27
862	F47C	02A4	2D
862	F47C	02D8	2D
862	F47C	024C	31
862	F47C	0280	31
862	F47C	02B4	35
862	F47C	02E8	39
862	F47C	025C	40
862	D144	0290	F4
862	D144	02C4	F4
862	D144	02F8	F4
862	D144	026C	F4
862	D144	02A0	F4
862	D144	02D4	F4
862	D144	0248	F4
862	D144	027C	F4
862	D144	02B0	F4
862	D144	02E4	F4
862	D144	0258	F4
862	D144	028C	F4
862	D144	02C0	F4
862	D144	02F4	F4
862	D144	0268	F4
862	D144	029C	F4
862	D144	02D0	F4
862	D144	0244	F4
862	D144	0278	F4
862	D144	02AC	F4
862	D144	02E0	F4
862	D144	0254	F4
862	D144	0288	F4
862	D144	02BC	F4
862	D144	02F0	F4
862	D144	0264	F4
862	D144	0298	F4
862	D144	02CC	F4
862	D144	0240	F4
862	D144	0274	F4
862	D144	02A8	F4
862	D144	02DC	F4
862	D144	0250	F4
862	D144	0284	F4
862	D144	02B8	F4
862	D144	02EC	F4
862	D144	0260	F4
862	D144	0294	F4
863	F47C	0200	B7
863	F47C	0204	B7
863	F47C	0208	B7
863	F47C	020C	B7
863	F47C	0210	BF
863	F47C	0214	BF
863	F47C	0218	BF
863	F47C	021C	BF
863	F47C	0220	C7
863	F47C	0224	C7
863	F47C	0228	C7
863	F47C	022C	C7
863	F47C	0230	CF
863	F47C	0234	CF
863	F47C	0238	CF
863	F47C	023C	CF
863	F47C	02FC	1F
863	F47C	0270	25
863	F47C	02A4	27
863	F47C	02D8	2D
863	F47C	024C	2D
863	F47C	0280	31
863	F47C	02B4	31
863	F47C	02E8	35
863	F47C	025C	39
863	F47C	0290	40
863	D144	02C4	F4
863	D144	02F8	F4
863	D144	026C	F4
863	D144	02A0	F4
863	D144	02D4	F4
863	D144	0248	F4
863	D144	027C	F4
863	D144	02B0	F4
863	D144	02E4	F4
863	D144	0258	F4
863	D144	028C	F4
863	D144	02C0	F4
863	D144	02F4	F4
863	D144	0268	F4
863	D144	029C	F4
863	D144	02D0	F4
863	D144	0244	F4
863	D144	0278	F4
863	D144	02AC	F4
863	D144	02E0	F4
863	D144	0254	F4
863	D144	0288	F4
863	D144	02BC	F4
863	D144	02F0	F4
863	D144	0264	F4
863	D144	0298	F4
863	D144	02CC	F4
863	D144	0240	F4
863	D144	0274	F4
863	D144	02A8	F4
863	D144	02DC	F4
863	D144	0250	F4
863	D144	0284	F4
863	D144	02B8	F4
863	D144	02EC	F4
863	D144	0260	F4
863	D144	0294	F4
863	D144	02C8	F4
864	F47C	0200	B7
864	F47C	0204	B7
864	F47C	0208	B7
864	F47C	020C	B7
864	F47C	0210	BF
864	F47C	0214	BF
864	F47C	0218	BF
864	F47C	021C	BF
864	F47C	0220	C7
864	F47C	0224	C7
864	F47C	0228	C7
864	F47C	022C	C7
864	F47C	0230	CF
864	F47C	0234	CF
864	F47C	0238	CF
864	F47C	023C	CF
864	F47C	0270	1F
864	F47C	02A4	25
864	F47C	02D8	27
864	F47C	024C	2D
864	F47C	0280	2D
864	F47C	02B4	31
864	F47C	02E8	31
864	F47C	025C	35
864	F47C	0290	39
864	F47C	02C4	40
864	D144	02F8	F4
864	D144	026C	F4
864	D144	02A0	F4
864	D144	02D4	F4
864	D144	0248	F4
864	D144	027C	F4
864	D144	02B0	F4
864	D144	02E4	F4
864	D144	0258	F4
864	D144	028C	F4
864	D144	02C0	F4
864	D144	02F4	F4
864	D144	0268	F4
864	D144	029C	F4
864	D144	02D0	F4
864	D144	0244	F4
864	D144	0278	F4
864	D144	02AC	F4
864	D144	02E0	F4
864	D144	0254	F4
864	D144	0288	F4
864	D144	02BC	F4
864	D144	02F0	F4
864	D144	0264	F4
864	D144	0298	F4
864	D144	02CC	F4
864	D144	0240	F4
864	D144	0274	F4
864	D144	02A8	F4
864	D144	02DC	F4
864	D144	0250	F4
864	D144	0284	F4
864	D144	02B8	F4
864	D144	02EC	F4
864	D144	0260	F4
864	D144	0294	F4
864	D144	02C8	F4
864	D144	02FC	F4
865	F47C	0200	B7
865	F47C	0204	B7
865	F47C	0208	B7
865	F47C	020C	B7
865	F47C	0210	BF
865	F47C	0214	BF
865	F47C	0218	BF
865	F47C	021C	BF
865	F47C	0220	C7
865	F47C	0224	C7
865	F47C	0228	C7
865	F47C	022C	C7
865	F47C	0230	CF
865	F47C	0234	CF
865	F47C	0238	CF
865	F47C	023C	CF
865	F47C	0264	1F
865	F47C	0298	25
865	F47C	02CC	27
865	F47C	0240	2D
865	F47C	0274	2D
865	F47C	02A8	31
865	F47C	02DC	31
865	F47C	0250	35
865	F47C	0284	39
865	F47C	02B8	40
865	D144	02EC	F4
865	D144	0260	F4
865	D144	0294	F4
865	D144	02C8	F4
865	D144	02FC	F4
865	D144	0270	F4
865	D144	02A4	F4
865	D144	02D8	F4
865	D144	024C	F4
865	D144	0280	F4
865	D144	02B4	F4
865	D144	02E8	F4
865	D144	025C	F4
865	D144	0290	F4
865	D144	02C4	F4
865	D144	02F8	F4
865	D144	026C	F4
865	D144	02A0	F4
865	D144	02D4	F4
865	D144	0248	F4
865	D144	027C	F4
865	D144	02B0	F4
865	D144	02E4	F4
865	D144	0258	F4
865	D144	028C	F4
865	D144	02C0	F4
865	D144	02F4	F4
865	D144	0268	F4
865	D144	029C	F4
865	D144	02D0	F4
865	D144	0244	F4
865	D144	0278	F4
865	D144	02AC	F4
865	D144	02E0	F4
865	D144	0254	F4
865	D144	0288	F4
865	D144	02BC	F4
865	D144	02F0	F4
866	F47C	0200	B7
866	F47C	0204	B7
866	F47C	0208	B7
866	F47C	020C	B7
866	F47C	0210	BF
866	F47C	0214	BF
866	F47C	0218	BF
866	F47C	021C	BF
866	F47C	0220	C7
866	F47C	0224	C7
866	F47C	0228	C7
866	F47C	022C	C7
866	F47C	0230	CF
866	F47C	0234	CF
866	F47C	0238	CF
866	F47C	023C	CF
866	F47C	0298	1F
866	F47C	02CC	25
866	F47C	0240	27
866	F47C	0274	2D
866	F47C	02A8	2D
866	F47C	02DC	31
866	F47C	0250	31
866	F47C	0284	35
866	F47C	02B8	39
866	F47C	02EC	40
866	D144	0260	F4
866	D144	0294	F4
866	D144	02C8	F4
866	D144	02FC	F4
866	D144	0270	F4
866	D144	02A4	F4
866	D144	02D8	F4
866	D144	024C	F4
866	D144	0280	F4
866	D144	02B4	F4
866	D144	02E8	F4
866	D144	025C	F4
866	D144	0290	F4
866	D144	02C4	F4
866	D144	02F8	F4
866	D144	026C	F4
866	D144	02A0	F4
866	D144	02D4	F4
866	D144	0248	F4
866	D144	027C	F4
866	D144	02B0	F4
866	D144	02E4	F4
866	D144	0258	F4
866	D144	028C	F4
866	D144	02C0	F4
866	D144	02F4	F4
866	D144	0268	F4
866	D144	029C	F4
866	D144	02D0	F4
866	D144	0244	F4
866	D144	0278	F4
866	D144	02AC	F4
866	D144	02E0	F4
866	D144	0254	F4
866	D144	0288	F4
866	D144	02BC	F4
866	D144	02F0	F4
866	D144	0264	F4
867	F47C	0200	B7
867	F47C	0204	B7
867	F47C	0208	B7
867	F47C	020C	B7
867	F47C	0210	BF
867	F47C	0214	BF
867	F47C	0218	BF
867	F47C	021C	BF
867	F47C	0220	C7
867	F47C	0224	C7
867	F47C	0228	C7
867	F47C	022C	C7
867	F47C	0230	CF
867	F47C	0234	CF
867	F47C	0238	CF
867	F47C	023C	CF
867	F47C	02CC	1F
867	F47C	0240	25
867	F47C	0274	27
867	F47C	02A8	2D
867	F47C	02DC	2D
867	F47C	0250	31
867	F47C	0284	31
867	F47C	02B8	35
867	F47C	02EC	39
867	F47C	0260	40
867	D144	0294	F4
867	D144	02C8	F4
867	D144	02FC	F4
867	D144	0270	F4
867	D144	02A4	F4
867	D144	02D8	F4
867	D144	024C	F4
867	D144	0280	F4
867	D144	02B4	F4
867	D144	02E8	F4
867	D144	025C	F4
867	D144	0290	F4
867	D144	02C4	F4
867	D144	02F8	F4
867	D144	026C	F4
867	D144	02A0	F4
867	D144	02D4	F4
867	D144	0248	F4
867	D144	027C	F4
867	D144	02B0	F4
867	D144	02E4	F4
867	D144	0258	F4
867	D144	028C	F4
867	D144	02C0	F4
867	D144	02F4	F4
867	D144	0268	F4
867	D144	029C	F4
867	D144	02D0	F4
867	D144	0244	F4
867	D144	0278	F4
867	D144	02AC	F4
867	D144	02E0	F4
867	D144	0254	F4
867	D144	0288	F4
867	D144	02BC	F4
867	D144	02F0	F4
867	D144	0264	F4
867	D144	0298	F4
868	F47C	0200	B7
868	F47C	0204	B7
868	F47C	0208	B7
868	F47C	020C	B7
868	F47C	0210	BF
868	F47C	0214	BF
868	F47C	0218	BF
868	F47C	021C	BF
868	F47C	0220	C7
868	F47C	0224	C7
868	F47C	0228	C7
868	F47C	022C	C7
868	F47C	0230	CF
868	F47C	0234	CF
868	F47C	0238	CF
868	F47C	023C	CF
868	F47C	0240	1F
868	F47C	0274	25
868	F47C	02A8	27
868	F47C	02DC	2D
868	F47C	0250	2D
868	F47C	0284	31
868	F47C	02B8	31
868	F47C	02EC	35
868	F47C	0260	39
868	F47C	0294	40
868	D144	02C8	F4
868	D144	02FC	F4
868	D144	0270	F4
868	D144	02A4	F4
868	D144	02D8	F4
868	D144	024C	F4
868	D144	0280	F4
868	D144	02B4	F4
868	D144	02E8	F4
868	D144	025C	F4
868	D144	0290	F4
868	D144	02C4	F4
868	D144	02F8	F4
868	D144	026C	F4
868	D144	02A0	F4
868	D144	02D4	F4
868	D144	0248	F4
868	D144	027C	F4
868	D144	02B0	F4
868	D144	02E4	F4
868	D144	0258	F4
868	D144	028C	F4
868	D144	02C0	F4
868	D144	02F4	F4
868	D144	0268	F4
868	D144	029C	F4
868	D144	02D0	F4
868	D144	0244	F4
868	D144	0278	F4
868	D144	02AC	F4
868	D144	02E0	F4
868	D144	0254	F4
868	D144	0288	F4
868	D144	02BC	F4
868	D144	02F0	F4
868	D144	0264	F4
868	D144	0298	F4
868	D144	02CC	F4
869	F47C	0200	B7
869	F47C	0204	B7
869	F47C	0208	B7
869	F47C	020C	B7
869	F47C	0210	BF
869	F47C	0214	BF
869	F47C	0218	BF
869	F47C	021C	BF
869	F47C	0220	C7
869	F47C	0224	C7
869	F47C	0228	C7
869	F47C	022C	C7
869	F47C	0230	CF
869	F47C	0234	CF
869	F47C	0238	CF
869	F47C	023C	CF
869	F47C	0274	1F
869	F47C	02A8	25
869	F47C	02DC	27
869	F47C	0250	2D
869	F47C	0284	2D
869	F47C	02B8	31
869	F47C	02EC	31
869	F47C	0260	35
869	F47C	0294	39
869	F47C	02C8	40
869	D144	02FC	F4
869	D144	0270	F4
869	D144	02A4	F4
869	D144	02D8	F4
869	D144	024C	F4
869	D144	0280	F4
869	D144	02B4	F4
869	D144	02E8	F4
869	D144	025C	F4
869	D144	0290	F4
869	D144	02C4	F4
869	D144	02F8	F4
869	D144	026C	F4
869	D144	02A0	F4
869	D144	02D4	F4
869	D144	0248	F4
869	D144	027C	F4
869	D144	02B0	F4
869	D144	02E4	F4
869	D144	0258	F4
869	D144	028C	F4
869	D144	02C0	F4
869	D144	02F4	F4
869	D144	0268	F4
869	D144	029C	F4
869	D144	02D0	F4
869	D144	0244	F4
869	D144	0278	F4
869	D144	02AC	F4
869	D144	02E0	F4
869	D144	0254	F4
869	D144	0288	F4
869	D144	02BC	F4
869	D144	02F0	F4
869	D144	0264	F4
869	D144	0298	F4
869	D144	02CC	F4
869	D144	0240	F4
870	F47C	0200	B7
870	F47C	0204	B7
870	F47C	0208	B7
870	F47C	020C	B7
870	F47C	0210	BF
870	F47C	0214	BF
870	F47C	0218	BF
870	F47C	021C	BF
870	F47C	0220	C7
870	F47C	0224	C7
870	F47C	0228	C7
870	F47C	022C	C7
870	F47C	0230	CF
870	F47C	0234	CF
870	F47C	0238	CF
870	F47C	023C	CF
870	F47C	0268	1F
870	F47C	029C	25
870	F47C	02D0	27
870	F47C	0244	2D
870	F47C	0278	2D
870	F47C	02AC	31
870	F47C	02E0	31
870	F47C	0254	35
870	F47C	0288	39
870	F47C	02BC	40
870	D144	02F0	F4
870	D144	0264	F4
870	D144	0298	F4
870	D144	02CC	F4
870	D144	0240	F4
870	D144	0274	F4
870	D144	02A8	F4
870	D144	02DC	F4
870	D144	0250	F4
870	D144	0284	F4
870	D144	02B8	F4
870	D144	02EC	F4
870	D144	0260	F4
870	D144	0294	F4
870	D144	02C8	F4
870	D144	02FC	F4
870	D144	0270	F4
870	D144	02A4	F4
870	D144	02D8	F4
870	D144	024C	F4
870	D144	0280	F4
870	D144	02B4	F4
870	D144	02E8	F4
870	D144	025C	F4
870	D144	0290	F4
870	D144	02C4	F4
870	D144	02F8	F4
870	D144	026C	F4
870	D144	02A0	F4
870	D144	02D4	F4
870	D144	0248	F4
870	D144	027C	F4
870	D144	02B0	F4
870	D144	02E4	F4
870	D144	0258	F4
870	D144	028C	F4
870	D144	02C0	F4
870	D144	02F4	F4
871	F47C	0200	B7
871	F47C	0204	B7
871	F47C	0208	B7
871	F47C	020C	B7
871	F47C	0210	BF
871	F47C	0214	BF
871	F47C	0218	BF
871	F47C	021C	BF
871	F47C	0220	C7
871	F47C	0224	C7
871	F47C	0228	C7
871	F47C	022C	C7
871	F47C	0230	CF
871	F47C	0234	CF
871	F47C	0238	CF
871	F47C	023C	CF
871	F47C	029C	1F
871	F47C	02D0	25
871	F47C	0244	27
871	F47C	0278	2D
871	F47C	02AC	2D
871	F47C	02E0	31
871	F47C	0254	31
871	F47C	0288	35
871	F47C	02BC	39
871	F47C	02F0	40
871	D144	0264	F4
871	D144	0298	F4
871	D144	02CC	F4
871	D144	0240	F4
871	D144	0274	F4
871	D144	02A8	F4
871	D144	02DC	F4
871	D144	0250	F4
871	D144	0284	F4
871	D144	02B8	F4
871	D144	02EC	F4
871	D144	0260	F4
871	D144	0294	F4
871	D144	02C8	F4
871	D144	02FC	F4
871	D144	0270	F4
871	D144	02A4	F4
871	D144	02D8	F4
871	D144	024C	F4
871	D144	0280	F4
871	D144	02B4	F4
871	D144	02E8	F4
871	D144	025C	F4
871	D144	0290	F4
871	D144	02C4	F4
871	D144	02F8	F4
871	D144	026C	F4
871	D144	02A0	F4
871	D144	02D4	F4
871	D144	0248	F4
871	D144	027C	F4
871	D144	02B0	F4
871	D144	02E4	F4
871	D144	0258	F4
871	D144	028C	F4
871	D144	02C0	F4
871	D144	02F4	F4
871	D144	0268	F4
872	F47C	0200	B7
872	F47C	0204	B7
872	F47C	0208	B7
872	F47C	020C	B7
872	F47C	0210	BF
872	F47C	0214	BF
872	F47C	0218	BF
872	F47C	021C	BF
872	F47C	0220	C7
872	F47C	0224	C7
872	F47C	0228	C7
872	F47C	022C	C7
872	F47C	0230	CF
872	F47C	0234	CF
872	F47C	0238	CF
872	F47C	023C	CF
872	F47C	02D0	1F
872	F47C	0244	25
872	F47C	0278	27
872	F47C	02AC	2D
872	F47C	02E0	2D
872	F47C	0254	31
872	F47C	0288	31
872	F47C	02BC	35
872	F47C	02F0	39
872	F47C	0264	40
872	D144	0298	F4
872	D144	02CC	F4
872	D144	0240	F4
872	D144	0274	F4
872	D144	02A8	F4
872	D144	02DC	F4
872	D144	0250	F4
872	D144	0284	F4
872	D144	02B8	F4
872	D144	02EC	F4
872	D144	0260	F4
872	D144	0294	F4
872	D144	02C8	F4
872	D144	02FC	F4
872	D144	0270	F4
872	D144	02A4	F4
872	D144	02D8	F4
872	D144	024C	F4
872	D144	0280	F4
872	D144	02B4	F4
872	D144	02E8	F4
872	D144	025C	F4
872	D144	0290	F4
872	D144	02C4	F4
872	D144	02F8	F4
872	D144	026C	F4
872	D144	02A0	F4
872	D144	02D4	F4
872	D144	0248	F4
872	D144	027C	F4
872	D144	02B0	F4
872	D144	02E4	F4
872	D144	0258	F4
872	D144	028C	F4
872	D144	02C0	F4
872	D144	02F4	F4
872	D144	0268	F4
872	D144	029C	F4
873	F47C	0200	B7
873	F47C	0204	B7
873	F47C	0208	B7
873	F47C	020C	B7
873	F47C	0210	BF
873	F47C	0214	BF
873	F47C	0218	BF
873	F47C	021C	BF
873	F47C	0220	C7
873	F47C	0224	C7
873	F47C	0228	C7
873	F47C	022C	C7
873	F47C	0230	CF
873	F47C	0234	CF
873	F47C	0238	CF
873	F47C	023C	CF
873	F47C	0244	1F
873	F47C	0278	25
873	F47C	02AC	27
873	F47C	02E0	2D
873	F47C	0254	2D
873	F47C	0288	31
873	F47C	02BC	31
873	F47C	02F0	35
873	F47C	0264	39
873	F47C	0298	40
873	D144	02CC	F4
873	D144	0240	F4
873	D144	0274	F4
873	D144	02A8	F4
873	D144	02DC	F4
873	D144	0250	F4
873	D144	0284	F4
873	D144	02B8	F4
873	D144	02EC	F4
873	D144	0260	F4
873	D144	0294	F4
873	D144	02C8	F4
873	D144	02FC	F4
873	D144	0270	F4
873	D144	02A4	F4
873	D144	02D8	F4
873	D144	024C	F4
873	D144	0280	F4
873	D144	02B4	F4
873	D144	02E8	F4
873	D144	025C	F4
873	D144	0290	F4
873	D144	02C4	F4
873	D144	02F8	F4
873	D144	026C	F4
873	D144	02A0	F4
873	D144	02D4	F4
873	D144	0248	F4
873	D144	027C	F4
873	D144	02B0	F4
873	D144	02E4	F4
873	D144	0258	F4
873	D144	028C	F4
873	D144	02C0	F4
873	D144	02F4	F4
873	D144	0268	F4
873	D144	029C	F4
873	D144	02D0	F4
874	F47C	0200	B7
874	F47C	0204	B7
874	F47C	0208	B7
874	F47C	020C	B7
874	F47C	0210	BF
874	F47C	0214	BF
874	F47C	0218	BF
874	F47C	021C	BF
874	F47C	0220	C7
874	F47C	0224	C7
874	F47C	0228	C7
874	F47C	022C	C7
874	F47C	0230	CF
874	F47C	0234	CF
874	F47C	0238	CF
874	F47C	023C	CF
874	F47C	0278	1F
874	F47C	02AC	25
874	F47C	02E0	27
874	F47C	0254	2D
874	F47C	0288	2D
874	F47C	02BC	31
874	F47C	02F0	31
874	F47C	0264	35
874	F47C	0298	39
874	F47C	02CC	40
874	D144	0240	F4
874	D144	0274	F4
874	D144	02A8	F4
874	D144	02DC	F4
874	D144	0250	F4
874	D144	0284	F4
874	D144	02B8	F4
874	D144	02EC	F4
874	D144	0260	F4
874	D144	0294	F4
874	D144	02C8	F4
874	D144	02FC	F4
874	D144	0270	F4
874	D144	02A4	F4
874	D144	02D8	F4
874	D144	024C	F4
874	D144	0280	F4
874	D144	02B4	F4
874	D144	02E8	F4
874	D144	025C	F4
874	D144	0290	F4
874	D144	02C4	F4
874	D144	02F8	F4
874	D144	026C	F4
874	D144	02A0	F4
874	D144	02D4	F4
874	D144	0248	F4
874	D144	027C	F4
874	D144	02B0	F4
874	D144	02E4	F4
874	D144	0258	F4
874	D144	028C	F4
874	D144	02C0	F4
874	D144	02F4	F4
874	D144	0268	F4
874	D144	029C	F4
874	D144	02D0	F4
874	D144	0244	F4
875	F47C	0200	B7
875	F47C	0204	B7
875	F47C	0208	B7
875	F47C	020C	B7
875	F47C	0210	BF
875	F47C	0214	BF
875	F47C	0218	BF
875	F47C	021C	BF
875	F47C	0220	C7
875	F47C	0224	C7
875	F47C	0228	C7
875	F47C	022C	C7
875	F47C	0230	CF
875	F47C	0234	CF
875	F47C	0238	CF
875	F47C	023C	CF
875	F47C	026C	1F
875	F47C	02A0	25
875	F47C	02D4	27
875	F47C	0248	2D
875	F47C	027C	2D
875	F47C	02B0	31
875	F47C	02E4	31
875	F47C	0258	35
875	F47C	028C	39
875	F47C	02C0	40
875	D144	02F4	F4
875	D144	0268	F4
875	D144	029C	F4
875	D144	02D0	F4
875	D144	0244	F4
875	D144	0278	F4
875	D144	02AC	F4
875	D144	02E0	F4
875	D144	0254	F4
875	D144	0288	F4
875	D144	02BC	F4
875	D144	02F0	F4
875	D144	0264	F4
875	D144	0298	F4
875	D144	02CC	F4
875	D144	0240	F4
875	D144	0274	F4
875	D144	02A8	F4
875	D144	02DC	F4
875	D144	0250	F4
875	D144	0284	F4
875	D144	02B8	F4
875	D144	02EC	F4
875	D144	0260	F4
875	D144	0294	F4
875	D144	02C8	F4
875	D144	02FC	F4
875	D144	0270	F4
875	D144	02A4	F4
875	D144	02D8	F4
875	D144	024C	F4
875	D144	0280	F4
875	D144	02B4	F4
875	D144	02E8	F4
875	D144	025C	F4
875	D144	0290	F4
875	D144	02C4	F4
875	D144	02F8	F4
876	F47C	0200	B7
876	F47C	0204	B7
876	F47C	0208	B7
876	F47C	020C	B7
876	F47C	0210	BF
876	F47C	0214	BF
876	F47C	0218	BF
876	F47C	021C	BF
876	F47C	0220	C7
876	F47C	0224	C7
876	F47C	0228	C7
876	F47C	022C	C7
876	F47C	0230	CF
876	F47C	0234	CF
876	F47C	0238	CF
876	F47C	023C	CF
876	F47C	02A0	1F
876	F47C	02D4	25
876	F47C	0248	27
876	F47C	027C	2D
876	F47C	02B0	2D
876	F47C	02E4	31
876	F47C	0258	31
876	F47C	028C	35
876	F47C	02C0	39
876	F47C	02F4	40
876	D144	0268	F4
876	D144	029C	F4
876	D144	02D0	F4
876	D144	0244	F4
876	D144	0278	F4
876	D144	02AC	F4
876	D144	02E0	F4
876	D144	0254	F4
876	D144	0288	F4
876	D144	02BC	F4
876	D144	02F0	F4
876	D144	0264	F4
876	D144	0298	F4
876	D144	02CC	F4
876	D144	0240	F4
876	D144	0274	F4
876	D144	02A8	F4
876	D144	02DC	F4
876	D144	0250	F4
876	D144	0284	F4
876	D144	02B8	F4
876	D144	02EC	F4
876	D144	0260	F4
876	D144	0294	F4
876	D144	02C8	F4
876	D144	02FC	F4
876	D144	0270	F4
876	D144	02A4	F4
876	D144	02D8	F4
876	D144	024C	F4
876	D144	0280	F4
876	D144	02B4	F4
876	D144	02E8	F4
876	D144	025C	F4
876	D144	0290	F4
876	D144	02C4	F4
876	D144	02F8	F4
876	D144	026C	F4
877	F47C	0200	B7
877	F47C	0204	B7
877	F47C	0208	B7
877	F47C	020C	B7
877	F47C	0210	BF
877	F47C	0214	BF
877	F47C	0218	BF
877	F47C	021C	BF
877	F47C	0220	C7
877	F47C	0224	C7
877	F47C	0228	C7
877	F47C	022C	C7
877	F47C	0230	CF
877	F47C	0234	CF
877	F47C	0238	CF
877	F47C	023C	CF
877	F47C	02D4	1F
877	F47C	0248	25
877	F47C	027C	27
877	F47C	02B0	2D
877	F47C	02E4	2D
877	F47C	0258	31
877	F47C	028C	31
877	F47C	02C0	35
877	F47C	02F4	39
877	F47C	0268	40
877	D144	029C	F4
877	D144	02D0	F4
877	D144	0244	F4
877	D144	0278	F4
877	D144	02AC	F4
877	D144	02E0	F4
877	D144	0254	F4
877	D144	0288	F4
877	D144	02BC	F4
877	D144	02F0	F4
877	D144	0264	F4
877	D144	0298	F4
877	D144	02CC	F4
877	D144	0240	F4
877	D144	0274	F4
877	D144	02A8	F4
877	D144	02DC	F4
877	D144	0250	F4
877	D144	0284	F4
877	D144	02B8	F4
877	D144	02EC	F4
877	D144	0260	F4
877	D144	0294	F4
877	D144	02C8	F4
877	D144	02FC	F4
877	D144	0270	F4
877	D144	02A4	F4
877	D144	02D8	F4
877	D144	024C	F4
877	D144	0280	F4
877	D144	02B4	F4
877	D144	02E8	F4
877	D144	025C	F4
877	D144	0290	F4
877	D144	02C4	F4
877	D144	02F8	F4
877	D144	026C	F4
877	D144	02A0	F4
878	F47C	0200	B7
878	F47C	0204	B7
878	F47C	0208	B7
878	F47C	020C	B7
878	F47C	0210	BF
878	F47C	0214	BF
878	F47C	0218	BF
878	F47C	021C	BF
878	F47C	0220	C7
878	F47C	0224	C7
878	F47C	0228	C7
878	F47C	022C	C7
878	F47C	0230	CF
878	F47C	0234	CF
878	F47C	0238	CF
878	F47C	023C	CF
878	F47C	0248	1F
878	F47C	027C	25
878	F47C	02B0	27
878	F47C	02E4	2D
878	F47C	0258	2D
878	F47C	028C	31
878	F47C	02C0	31
878	F47C	02F4	35
878	F47C	0268	39
878	F47C	029C	40
878	D144	02D0	F4
878	D144	0244	F4
878	D144	0278	F4
878	D144	02AC	F4
878	D144	02E0	F4
878	D144	0254	F4
878	D144	0288	F4
878	D144	02BC	F4
878	D144	02F0	F4
878	D144	0264	F4
878	D144	0298	F4
878	D144	02CC	F4
878	D144	0240	F4
878	D144	0274	F4
878	D144	02A8	F4
878	D144	02DC	F4
878	D144	0250	F4
878	D144	0284	F4
878	D144	02B8	F4
878	D144	02EC	F4
878	D144	0260	F4
878	D144	0294	F4
878	D144	02C8	F4
878	D144	02FC	F4
878	D144	0270	F4
878	D144	02A4	F4
878	D144	02D8	F4
878	D144	024C	F4
878	D144	0280	F4
878	D144	02B4	F4
878	D144	02E8	F4
878	D144	025C	F4
878	D144	0290	F4
878	D144	02C4	F4
878	D144	02F8	F4
878	D144	026C	F4
878	D144	02A0	F4
878	D144	02D4	F4
879	F47C	0200	B7
879	F47C	0204	B7
879	F47C	0208	B7
879	F47C	020C	B7
879	F47C	0210	BF
879	F47C	0214	BF
879	F47C	0218	BF
879	F47C	021C	BF
879	F47C	0220	C7
879	F47C	0224	C7
879	F47C	0228	C7
879	F47C	022C	C7
879	F47C	0230	CF
879	F47C	0234	CF
879	F47C	0238	CF
879	F47C	023C	CF
879	F47C	027C	1F
879	F47C	02B0	25
879	F47C	02E4	27
879	F47C	0258	2D
879	F47C	028C	2D
879	F47C	02C0	31
879	F47C	02F4	31
879	F47C	0268	35
879	F47C	029C	39
879	F47C	02D0	40
879	D144	0244	F4
879	D144	0278	F4
879	D144	02AC	F4
879	D144	02E0	F4
879	D144	0254	F4
879	D144	0288	F4
879	D144	02BC	F4
879	D144	02F0	F4
879	D144	0264	F4
879	D144	0298	F4
879	D144	02CC	F4
879	D144	0240	F4
879	D144	0274	F4
879	D144	02A8	F4
879	D144	02DC	F4
879	D144	0250	F4
879	D144	0284	F4
879	D144	02B8	F4
879	D144	02EC	F4
879	D144	0260	F4
879	D144	0294	F4
879	D144	02C8	F4
879	D144	02FC	F4
879	D144	0270	F4
879	D144	02A4	F4
879	D144	02D8	F4
879	D144	024C	F4
879	D144	0280	F4
879	D144	02B4	F4
879	D144	02E8	F4
879	D144	025C	F4
879	D144	0290	F4
879	D144	02C4	F4
879	D144	02F8	F4
879	D144	026C	F4
879	D144	02A0	F4
879	D144	02D4	F4
879	D144	0248	F4
880	F47C	0200	B7
880	F47C	0204	B7
880	F47C	0208	B7
880	F47C	020C	B7
880	F47C	0210	BF
880	F47C	0214	BF
880	F47C	0218	BF
880	F47C	021C	BF
880	F47C	0220	C7
880	F47C	0224	C7
880	F47C	0228	C7
880	F47C	022C	C7
880	F47C	0230	CF
880	F47C	0234	CF
880	F47C	0238	CF
880	F47C	023C	CF
880	F47C	0270	1F
880	F47C	02A4	25
880	F47C	02D8	27
880	F47C	024C	2D
880	F47C	0280	2D
880	F47C	02B4	31
880	F47C	02E8	31
880	F47C	025C	35
880	F47C	0290	39
880	F47C	02C4	40
880	D144	02F8	F4
880	D144	026C	F4
880	D144	02A0	F4
880	D144	02D4	F4
880	D144	0248	F4
880	D144	027C	F4
880	D144	02B0	F4
880	D144	02E4	F4
880	D144	0258	F4
880	D144	028C	F4
880	D144	02C0	F4
880	D144	02F4	F4
880	D144	0268	F4
880	D144	029C	F4
880	D144	02D0	F4
880	D144	0244	F4
880	D144	0278	F4
880	D144	02AC	F4
880	D144	02E0	F4
880	D144	0254	F4
880	D144	0288	F4
880	D144	02BC	F4
880	D144	02F0	F4
880	D144	0264	F4
880	D144	0298	F4
880	D144	02CC	F4
880	D144	0240	F4
880	D144	0274	F4
880	D144	02A8	F4
880	D144	02DC	F4
880	D144	0250	F4
880	D144	0284	F4
880	D144	02B8	F4
880	D144	02EC	F4
880	D144	0260	F4
880	D144	0294	F4
880	D144	02C8	F4
880	D144	02FC	F4
881	F47C	0200	B7
881	F47C	0204	B7
881	F47C	0208	B7
881	F47C	020C	B7
881	F47C	0210	BF
881	F47C	0214	BF
881	F47C	0218	BF
881	F47C	021C	BF
881	F47C	0220	C7
881	F47C	0224	C7
881	F47C	0228	C7
881	F47C	022C	C7
881	F47C	0230	CF
881	F47C	0234	CF
881	F47C	0238	CF
881	F47C	023C	CF
881	F47C	02A4	1F
881	F47C	02D8	25
881	F47C	024C	27
881	F47C	0280	2D
881	F47C	02B4	2D
881	F47C	02E8	31
881	F47C	025C	31
881	F47C	0290	35
881	F47C	02C4	39
881	F47C	02F8	40
881	D144	026C	F4
881	D144	02A0	F4
881	D144	02D4	F4
881	D144	0248	F4
881	D144	027C	F4
881	D144	02B0	F4
881	D144	02E4	F4
881	D144	0258	F4
881	D144	028C	F4
881	D144	02C0	F4
881	D144	02F4	F4
881	D144	0268	F4
881	D144	029C	F4
881	D144	02D0	F4
881	D144	0244	F4
881	D144	0278	F4
881	D144	02AC	F4
881	D144	02E0	F4
881	D144	0254	F4
881	D144	0288	F4
881	D144	02BC	F4
881	D144	02F0	F4
881	D144	0264	F4
881	D144	0298	F4
881	D144	02CC	F4
881	D144	0240	F4
881	D144	0274	F4
881	D144	02A8	F4
881	D144	02DC	F4
881	D144	0250	F4
881	D144	0284	F4
881	D144	02B8	F4
881	D144	02EC	F4
881	D144	0260	F4
881	D144	0294	F4
881	D144	02C8	F4
881	D144	02FC	F4
881	D144	0270	F4
882	F47C	0200	B7
882	F47C	0204	B7
882	F47C	0208	B7
882	F47C	020C	B7
882	F47C	0210	BF
882	F47C	0214	BF
882	F47C	0218	BF
882	F47C	021C	BF
882	F47C	0220	C7
882	F47C	0224	C7
882	F47C	0228	C7
882	F47C	022C	C7
882	F47C	0230	CF
882	F47C	0234	CF
882	F47C	0238	CF
882	F47C	023C	CF
882	F47C	02D8	1F
882	F47C	024C	25
882	F47C	0280	27
882	F47C	02B4	2D
882	F47C	02E8	2D
882	F47C	025C	31
882	F47C	0290	31
882	F47C	02C4	35
882	F47C	02F8	39
882	F47C	026C	40
882	D144	02A0	F4
882	D144	02D4	F4
882	D144	0248	F4
882	D144	027C	F4
882	D144	02B0	F4
882	D144	02E4	F4
882	D144	0258	F4
882	D144	028C	F4
882	D144	02C0	F4
882	D144	02F4	F4
882	D144	0268	F4
882	D144	029C	F4
882	D144	02D0	F4
882	D144	0244	F4
882	D144	0278	F4
882	D144	02AC	F4
882	D144	02E0	F4
882	D144	0254	F4
882	D144	0288	F4
882	D144	02BC	F4
882	D144	02F0	F4
882	D144	0264	F4
882	D144	0298	F4
882	D144	02CC	F4
882	D144	0240	F4
882	D144	0274	F4
882	D144	02A8	F4
882	D144	02DC	F4
882	D144	0250	F4
882	D144	0284	F4
882	D144	02B8	F4
882	D144	02EC	F4
882	D144	0260	F4
882	D144	0294	F4
882	D144	02C8	F4
882	D144	02FC	F4
882	D144	0270	F4
882	D144	02A4	F4
883	F47C	0200	B7
883	F47C	0204	B7
883	F47C	0208	B7
883	F47C	020C	B7
883	F47C	0210	BF
883	F47C	0214	BF
883	F47C	0218	BF
883	F47C	021C	BF
883	F47C	0220	C7
883	F47C	0224	C7
883	F47C	0228	C7
883	F47C	022C	C7
883	F47C	0230	CF
883	F47C	0234	CF
883	F47C	0238	CF
883	F47C	023C	CF
883	F47C	024C	1F
883	F47C	0280	25
883	F47C	02B4	27
883	F47C	02E8	2D
883	F47C	025C	2D
883	F47C	0290	31
883	F47C	02C4	31
883	F47C	02F8	35
883	F47C	026C	39
883	F47C	02A0	40
883	D144	02D4	F4
883	D144	0248	F4
883	D144	027C	F4
883	D144	02B0	F4
883	D144	02E4	F4
883	D144	0258	F4
883	D144	028C	F4
883	D144	02C0	F4
883	D144	02F4	F4
883	D144	0268	F4
883	D144	029C	F4
883	D144	02D0	F4
883	D144	0244	F4
883	D144	0278	F4
883	D144	02AC	F4
883	D144	02E0	F4
883	D144	0254	F4
883	D144	0288	F4
883	D144	02BC	F4
883	D144	02F0	F4
883	D144	0264	F4
883	D144	0298	F4
883	D144	02CC	F4
883	D144	0240	F4
883	D144	0274	F4
883	D144	02A8	F4
883	D144	02DC	F4
883	D144	0250	F4
883	D144	0284	F4
883	D144	02B8	F4
883	D144	02EC	F4
883	D144	0260	F4
883	D144	0294	F4
883	D144	02C8	F4
883	D144	02FC	F4
883	D144	0270	F4
883	D144	02A4	F4
883	D144	02D8	F4
884	F47C	0200	B7
884	F47C	0204	B7
884	F47C	0208	B7
884	F47C	020C	B7
884	F47C	0210	BF
884	F47C	0214	BF
884	F47C	0218	BF
884	F47C	021C	BF
884	F47C	0220	C7
884	F47C	0224	C7
884	F47C	0228	C7
884	F47C	022C	C7
884	F47C	0230	CF
884	F47C	0234	CF
884	F47C	0238	CF
884	F47C	023C	CF
884	F47C	0240	1F
884	F47C	0274	25
884	F47C	02A8	27
884	F47C	02DC	2D
884	F47C	0250	2D
884	F47C	0284	31
884	F47C	02B8	31
884	F47C	02EC	35
884	F47C	0260	39
884	F47C	0294	40
884	D144	02C8	F4
884	D144	02FC	F4
884	D144	0270	F4
884	D144	02A4	F4
884	D144	02D8	F4
884	D144	024C	F4
884	D144	0280	F4
884	D144	02B4	F4
884	D144	02E8	F4
884	D144	025C	F4
884	D144	0290	F4
884	D144	02C4	F4
884	D144	02F8	F4
884	D144	026C	F4
884	D144	02A0	F4
884	D144	02D4	F4
884	D144	0248	F4
884	D144	027C	F4
884	D144	02B0	F4
884	D144	02E4	F4
884	D144	0258	F4
884	D144	028C	F4
884	D144	02C0	F4
884	D144	02F4	F4
884	D144	0268	F4
884	D144	029C	F4
884	D144	02D0	F4
884	D144	0244	F4
884	D144	0278	F4
884	D144	02AC	F4
884	D144	02E0	F4
884	D144	0254	F4
884	D144	0288	F4
884	D144	02BC	F4
884	D144	02F0	F4
884	D144	0264	F4
884	D144	0298	F4
884	D144	02CC	F4
885	F47C	0200	B7
885	F47C	0204	B7
885	F47C	0208	B7
885	F47C	020C	B7
885	F47C	0210	BF
885	F47C	0214	BF
885	F47C	0218	BF
885	F47C	021C	BF
885	F47C	0220	C7
885	F47C	0224	C7
885	F47C	0228	C7
885	F47C	022C	C7
885	F47C	0230	CF
885	F47C	0234	CF
885	F47C	0238	CF
885	F47C	023C	CF
885	F47C	0274	1F
885	F47C	02A8	25
885	F47C	02DC	27
885	F47C	0250	2D
885	F47C	0284	2D
885	F47C	02B8	31
885	F47C	02EC	31
885	F47C	0260	35
885	F47C	0294	39
885	F47C	02C8	40
885	D144	02FC	F4
885	D144	0270	F4
885	D144	02A4	F4
885	D144	02D8	F4
885	D144	024C	F4
885	D144	0280	F4
885	D144	02B4	F4
885	D144	02E8	F4
885	D144	025C	F4
885	D144	0290	F4
885	D144	02C4	F4
885	D144	02F8	F4
885	D144	026C	F4
885	D144	02A0	F4
885	D144	02D4	F4
885	D144	0248	F4
885	D144	027C	F4
885	D144	02B0	F4
885	D144	02E4	F4
885	D144	0258	F4
885	D144	028C	F4
885	D144	02C0	F4
885	D144	02F4	F4
885	D144	0268	F4
885	D144	029C	F4
885	D144	02D0	F4
885	D144	0244	F4
885	D144	0278	F4
885	D144	02AC	F4
885	D144	02E0	F4
885	D144	0254	F4
885	D144	0288	F4
885	D144	02BC	F4
885	D144	02F0	F4
885	D144	0264	F4
885	D144	0298	F4
885	D144	02CC	F4
885	D144	0240	F4
886	F47C	0200	B7
886	F47C	0204	B7
886	F47C	0208	B7
886	F47C	020C	B7
886	F47C	0210	BF
886	F47C	0214	BF
886	F47C	0218	BF
886	F47C	021C	BF
886	F47C	0220	C7
886	F47C	0224	C7
886	F47C	0228	C7
886	F47C	022C	C7
886	F47C	0230	CF
886	F47C	0234	CF
886	F47C	0238	CF
886	F47C	023C	CF
886	F47C	02A8	1F
886	F47C	02DC	25
886	F47C	0250	27
886	F47C	0284	2D
886	F47C	02B8	2D
886	F47C	02EC	31
886	F47C	0260	31
886	F47C	0294	35
886	F47C	02C8	39
886	F47C	02FC	40
886	D144	0270	F4
886	D144	02A4	F4
886	D144	02D8	F4
886	D144	024C	F4
886	D144	0280	F4
886	D144	02B4	F4
886	D144	02E8	F4
886	D144	025C	F4
886	D144	0290	F4
886	D144	02C4	F4
886	D144	02F8	F4
886	D144	026C	F4
886	D144	02A0	F4
886	D144	02D4	F4
886	D144	0248	F4
886	D144	027C	F4
886	D144	02B0	F4
886	D144	02E4	F4
886	D144	0258	F4
886	D144	028C	F4
886	D144	02C0	F4
886	D144	02F4	F4
886	D144	0268	F4
886	D144	029C	F4
886	D144	02D0	F4
886	D144	0244	F4
886	D144	0278	F4
886	D144	02AC	F4
886	D144	02E0	F4
886	D144	0254	F4
886	D144	0288	F4
886	D144	02BC	F4
886	D144	02F0	F4
886	D144	0264	F4
886	D144	0298	F4
886	D144	02CC	F4
886	D144	0240	F4
886	D144	0274	F4
887	F47C	0200	B7
887	F47C	0204	B7
887	F47C	0208	B7
887	F47C	020C	B7
887	F47C	0210	BF
887	F47C	0214	BF
887	F47C	0218	BF
887	F47C	021C	BF
887	F47C	0220	C7
887	F47C	0224	C7
887	F47C	0228	C7
887	F47C	022C	C7
887	F47C	0230	CF
887	F47C	0234	CF
887	F47C	0238	CF
887	F47C	023C	CF
887	F47C	02DC	1F
887	F47C	0250	25
887	F47C	0284	27
887	F47C	02B8	2D
887	F47C	02EC	2D
887	F47C	0260	31
887	F47C	0294	31
887	F47C	02C8	35
887	F47C	02FC	39
887	F47C	0270	40
887	D144	02A4	F4
887	D144	02D8	F4
887	D144	024C	F4
887	D144	0280	F4
887	D144	02B4	F4
887	D144	02E8	F4
887	D144	025C	F4
887	D144	0290	F4
887	D144	02C4	F4
887	D144	02F8	F4
887	D144	026C	F4
887	D144	02A0	F4
887	D144	02D4	F4
887	D144	0248	F4
887	D144	027C	F4
887	D144	02B0	F4
887	D144	02E4	F4
887	D144	0258	F4
887	D144	028C	F4
887	D144	02C0	F4
887	D144	02F4	F4
887	D144	0268	F4
887	D144	029C	F4
887	D144	02D0	F4
887	D144	0244	F4
887	D144	0278	F4
887	D144	02AC	F4
887	D144	02E0	F4
887	D144	0254	F4
887	D144	0288	F4
887	D144	02BC	F4
887	D144	02F0	F4
887	D144	0264	F4
887	D144	0298	F4
887	D144	02CC	F4
887	D144	0240	F4
887	D144	0274	F4
887	D144	02A8	F4
888	F47C	0200	B7
888	F47C	0204	B7
888	F47C	0208	B7
888	F47C	020C	B7
888	F47C	0210	BF
888	F47C	0214	BF
888	F47C	0218	BF
888	F47C	021C	BF
888	F47C	0220	C7
888	F47C	0224	C7
888	F47C	0228	C7
888	F47C	022C	C7
888	F47C	0230	CF
888	F47C	0234	CF
888	F47C	0238	CF
888	F47C	023C	CF
888	F47C	0250	1F
888	F47C	0284	25
888	F47C	02B8	27
888	F47C	02EC	2D
888	F47C	0260	2D
888	F47C	0294	31
888	F47C	02C8	31
888	F47C	02FC	35
888	F47C	0270	39
888	F47C	02A4	40
888	D144	02D8	F4
888	D144	024C	F4
888	D144	0280	F4
888	D144	02B4	F4
888	D144	02E8	F4
888	D144	025C	F4
888	D144	0290	F4
888	D144	02C4	F4
888	D144	02F8	F4
888	D144	026C	F4
888	D144	02A0	F4
888	D144	02D4	F4
888	D144	0248	F4
888	D144	027C	F4
888	D144	02B0	F4
888	D144	02E4	F4
888	D144	0258	F4
888	D144	028C	F4
888	D144	02C0	F4
888	D144	02F4	F4
888	D144	0268	F4
888	D144	029C	F4
888	D144	02D0	F4
888	D144	0244	F4
888	D144	0278	F4
888	D144	02AC	F4
888	D144	02E0	F4
888	D144	0254	F4
888	D144	0288	F4
888	D144	02BC	F4
888	D144	02F0	F4
888	D144	0264	F4
888	D144	0298	F4
888	D144	02CC	F4
888	D144	0240	F4
888	D144	0274	F4
888	D144	02A8	F4
888	D144	02DC	F4
889	F47C	0200	B7
889	F47C	0204	B7
889	F47C	0208	B7
889	F47C	020C	B7
889	F47C	0210	BF
889	F47C	0214	BF
889	F47C	0218	BF
889	F47C	021C	BF
889	F47C	0220	C7
889	F47C	0224	C7
889	F47C	0228	C7
889	F47C	022C	C7
889	F47C	0230	CF
889	F47C	0234	CF
889	F47C	0238	CF
889	F47C	023C	CF
889	F47C	0244	1F
889	F47C	0278	25
889	F47C	02AC	27
889	F47C	02E0	2D
889	F47C	0254	2D
889	F47C	0288	31
889	F47C	02BC	31
889	F47C	02F0	35
889	F47C	0264	39
889	F47C	0298	40
889	D144	02CC	F4
889	D144	0240	F4
889	D144	0274	F4
889	D144	02A8	F4
889	D144	02DC	F4
889	D144	0250	F4
889	D144	0284	F4
889	D144	02B8	F4
889	D144	02EC	F4
889	D144	0260	F4
889	D144	0294	F4
889	D144	02C8	F4
889	D144	02FC	F4
889	D144	0270	F4
889	D144	02A4	F4
889	D144	02D8	F4
889	D144	024C	F4
889	D144	0280	F4
889	D144	02B4	F4
889	D144	02E8	F4
889	D144	025C	F4
889	D144	0290	F4
889	D144	02C4	F4
889	D144	02F8	F4
889	D144	026C	F4
889	D144	02A0	F4
889	D144	02D4	F4
889	D144	0248	F4
889	D144	027C	F4
889	D144	02B0	F4
889	D144	02E4	F4
889	D144	0258	F4
889	D144	028C	F4
889	D144	02C0	F4
889	D144	02F4	F4
889	D144	0268	F4
889	D144	029C	F4
889	D144	02D0	F4
890	F47C	0200	B7
890	F47C	0204	B7
890	F47C	0208	B7
890	F47C	020C	B7
890	F47C	0210	BF
890	F47C	0214	BF
890	F47C	0218	BF
890	F47C	021C	BF
890	F47C	0220	C7
890	F47C	0224	C7
890	F47C	0228	C7
890	F47C	022C	C7
890	F47C	0230	CF
890	F47C	0234	CF
890	F47C	0238	CF
890	F47C	023C	CF
890	F47C	0278	1F
890	F47C	02AC	25
890	F47C	02E0	27
890	F47C	0254	2D
890	F47C	0288	2D
890	F47C	02BC	31
890	F47C	02F0	31
890	F47C	0264	35
890	F47C	0298	39
890	F47C	02CC	40
890	D144	0240	F4
890	D144	0274	F4
890	D144	02A8	F4
890	D144	02DC	F4
890	D144	0250	F4
890	D144	0284	F4
890	D144	02B8	F4
890	D144	02EC	F4
890	D144	0260	F4
890	D144	0294	F4
890	D144	02C8	F4
890	D144	02FC	F4
890	D144	0270	F4
890	D144	02A4	F4
890	D144	02D8	F4
890	D144	024C	F4
890	D144	0280	F4
890	D144	02B4	F4
890	D144	02E8	F4
890	D144	025C	F4
890	D144	0290	F4
890	D144	02C4	F4
890	D144	02F8	F4
890	D144	026C	F4
890	D144	02A0	F4
890	D144	02D4	F4
890	D144	0248	F4
890	D144	027C	F4
890	D144	02B0	F4
890	D144	02E4	F4
890	D144	0258	F4
890	D144	028C	F4
890	D144	02C0	F4
890	D144	02F4	F4
890	D144	0268	F4
890	D144	029C	F4
890	D144	02D0	F4
890	D144	0244	F4
891	F47C	0200	B7
891	F47C	0204	B7
891	F47C	0208	B7
891	F47C	020C	B7
891	F47C	0210	BF
891	F47C	0214	BF
891	F47C	0218	BF
891	F47C	021C	BF
891	F47C	0220	C7
891	F47C	0224	C7
891	F47C	0228	C7
891	F47C	022C	C7
891	F47C	0230	CF
891	F47C	0234	CF
891	F47C	0238	CF
891	F47C	023C	CF
891	F47C	02AC	1F
891	F47C	02E0	25
891	F47C	0254	27
891	F47C	0288	2D
891	F47C	02BC	2D
891	F47C	02F0	31
891	F47C	0264	31
891	F47C	0298	35
891	F47C	02CC	39
891	F47C	0240	40
891	D144	0274	F4
891	D144	02A8	F4
891	D144	02DC	F4
891	D144	0250	F4
891	D144	0284	F4
891	D144	02B8	F4
891	D144	02EC	F4
891	D144	0260	F4
891	D144	0294	F4
891	D144	02C8	F4
891	D144	02FC	F4
891	D144	0270	F4
891	D144	02A4	F4
891	D144	02D8	F4
891	D144	024C	F4
891	D144	0280	F4
891	D144	02B4	F4
891	D144	02E8	F4
891	D144	025C	F4
891	D144	0290	F4
891	D144	02C4	F4
891	D144	02F8	F4
891	D144	026C	F4
891	D144	02A0	F4
891	D144	02D4	F4
891	D144	0248	F4
891	D144	027C	F4
891	D144	02B0	F4
891	D144	02E4	F4
891	D144	0258	F4
891	D144	028C	F4
891	D144	02C0	F4
891	D144	02F4	F4
891	D144	0268	F4
891	D144	029C	F4
891	D144	02D0	F4
891	D144	0244	F4
891	D144	0278	F4
892	F47C	0200	B7
892	F47C	0204	B7
892	F47C	0208	B7
892	F47C	020C	B7
892	F47C	0210	BF
892	F47C	0214	BF
892	F47C	0218	BF
892	F47C	021C	BF
892	F47C	0220	C7
892	F47C	0224	C7
892	F47C	0228	C7
892	F47C	022C	C7
892	F47C	0230	CF
892	F47C	0234	CF
892	F47C	0238	CF
892	F47C	023C	CF
892	F47C	02E0	1F
892	F47C	0254	25
892	F47C	0288	27
892	F47C	02BC	2D
892	F47C	02F0	2D
892	F47C	0264	31
892	F47C	0298	31
892	F47C	02CC	35
892	F47C	0240	39
892	F47C	0274	40
892	D144	02A8	F4
892	D144	02DC	F4
892	D144	0250	F4
892	D144	0284	F4
892	D144	02B8	F4
892	D144	02EC	F4
892	D144	0260	F4
892	D144	0294	F4
892	D144	02C8	F4
892	D144	02FC	F4
892	D144	0270	F4
892	D144	02A4	F4
892	D144	02D8	F4
892	D144	024C	F4
892	D144	0280	F4
892	D144	02B4	F4
892	D144	02E8	F4
892	D144	025C	F4
892	D144	0290	F4
892	D144	02C4	F4
892	D144	02F8	F4
892	D144	026C	F4
892	D144	02A0	F4
892	D144	02D4	F4
892	D144	0248	F4
892	D144	027C	F4
892	D144	02B0	F4
892	D144	02E4	F4
892	D144	0258	F4
892	D144	028C	F4
892	D144	02C0	F4
892	D144	02F4	F4
892	D144	0268	F4
892	D144	029C	F4
892	D144	02D0	F4
892	D144	0244	F4
892	D144	0278	F4
892	D144	02AC	F4
893	F47C	0200	B7
893	F47C	0204	B7
893	F47C	0208	B7
893	F47C	020C	B7
893	F47C	0210	BF
893	F47C	0214	BF
893	F47C	0218	BF
893	F47C	021C	BF
893	F47C	0220	C7
893	F47C	0224	C7
893	F47C	0228	C7
893	F47C	022C	C7
893	F47C	0230	CF
893	F47C	0234	CF
893	F47C	0238	CF
893	F47C	023C	CF
893	F47C	0254	1F
893	F47C	0288	25
893	F47C	02BC	27
893	F47C	02F0	2D
893	F47C	0264	2D
893	F47C	0298	31
893	F47C	02CC	31
893	F47C	0240	35
893	F47C	0274	39
893	F47C	02A8	40
893	D144	02DC	F4
893	D144	0250	F4
893	D144	0284	F4
893	D144	02B8	F4
893	D144	02EC	F4
893	D144	0260	F4
893	D144	0294	F4
893	D144	02C8	F4
893	D144	02FC	F4
893	D144	0270	F4
893	D144	02A4	F4
893	D144	02D8	F4
893	D144	024C	F4
893	D144	0280	F4
893	D144	02B4	F4
893	D144	02E8	F4
893	D144	025C	F4
893	D144	0290	F4
893	D144	02C4	F4
893	D144	02F8	F4
893	D144	026C	F4
893	D144	02A0	F4
893	D144	02D4	F4
893	D144	0248	F4
893	D144	027C	F4
893	D144	02B0	F4
893	D144	02E4	F4
893	D144	0258	F4
893	D144	028C	F4
893	D144	02C0	F4
893	D144	02F4	F4
893	D144	0268	F4
893	D144	029C	F4
893	D144	02D0	F4
893	D144	0244	F4
893	D144	0278	F4
893	D144	02AC	F4
893	D144	02E0	F4
894	F47C	0200	B7
894	F47C	0204	B7
894	F47C	0208	B7
894	F47C	020C	B7
894	F47C	0210	BF
894	F47C	0214	BF
894	F47C	0218	BF
894	F47C	021C	BF
894	F47C	0220	C7
894	F47C	0224	C7
894	F47C	0228	C7
894	F47C	022C	C7
894	F47C	0230	CF
894	F47C	0234	CF
894	F47C	0238	CF
894	F47C	023C	CF
894	F47C	0248	1F
894	F47C	027C	25
894	F47C	02B0	27
894	F47C	02E4	2D
894	F47C	0258	2D
894	F47C	028C	31
894	F47C	02C0	31
894	F47C	02F4	35
894	F47C	0268	39
894	F47C	029C	40
894	D144	02D0	F4
894	D144	0244	F4
894	D144	0278	F4
894	D144	02AC	F4
894	D144	02E0	F4
894	D144	0254	F4
894	D144	0288	F4
894	D144	02BC	F4
894	D144	02F0	F4
894	D144	0264	F4
894	D144	0298	F4
894	D144	02CC	F4
894	D144	0240	F4
894	D144	0274	F4
894	D144	02A8	F4
894	D144	02DC	F4
894	D144	0250	F4
894	D144	0284	F4
894	D144	02B8	F4
894	D144	02EC	F4
894	D144	0260	F4
894	D144	0294	F4
894	D144	02C8	F4
894	D144	02FC	F4
894	D144	0270	F4
894	D144	02A4	F4
894	D144	02D8	F4
894	D144	024C	F4
894	D144	0280	F4
894	D144	02B4	F4
894	D144	02E8	F4
894	D144	025C	F4
894	D144	0290	F4
894	D144	02C4	F4
894	D144	02F8	F4
894	D144	026C	F4
894	D144	02A0	F4
894	D144	02D4	F4
895	F47C	0200	B7
895	F47C	0204	B7
895	F47C	0208	B7
895	F47C	020C	B7
895	F47C	0210	BF
895	F47C	0214	BF
895	F47C	0218	BF
895	F47C	021C	BF
895	F47C	0220	C7
895	F47C	0224	C7
895	F47C	0228	C7
895	F47C	022C	C7
895	F47C	0230	CF
895	F47C	0234	CF
895	F47C	0238	CF
895	F47C	023C	CF
895	F47C	027C	1F
895	F47C	02B0	25
895	F47C	02E4	27
895	F47C	0258	2D
895	F47C	028C	2D
895	F47C	02C0	31
895	F47C	02F4	31
895	F47C	0268	35
895	F47C	029C	39
895	F47C	02D0	40
895	D144	0244	F4
895	D144	0278	F4
895	D144	02AC	F4
895	D144	02E0	F4
895	D144	0254	F4
895	D144	0288	F4
895	D144	02BC	F4
895	D144	02F0	F4
895	D144	0264	F4
895	D144	0298	F4
895	D144	02CC	F4
895	D144	0240	F4
895	D144	0274	F4
895	D144	02A8	F4
895	D144	02DC	F4
895	D144	0250	F4
895	D144	0284	F4
895	D144	02B8	F4
895	D144	02EC	F4
895	D144	0260	F4
895	D144	0294	F4
895	D144	02C8	F4
895	D144	02FC	F4
895	D144	0270	F4
895	D144	02A4	F4
895	D144	02D8	F4
895	D144	024C	F4
895	D144	0280	F4
895	D144	02B4	F4
895	D144	02E8	F4
895	D144	025C	F4
895	D144	0290	F4
895	D144	02C4	F4
895	D144	02F8	F4
895	D144	026C	F4
895	D144	02A0	F4
895	D144	02D4	F4
895	D144	0248	F4
896	F47C	0200	B7
896	F47C	0204	B7
896	F47C	0208	B7
896	F47C	020C	B7
896	F47C	0210	BF
896	F47C	0214	BF
896	F47C	0218	BF
896	F47C	021C	BF
896	F47C	0220	C7
896	F47C	0224	C7
896	F47C	0228	C7
896	F47C	022C	C7
896	F47C	0230	CF
896	F47C	0234	CF
896	F47C	0238	CF
896	F47C	023C	CF
896	F47C	02B0	1F
896	F47C	02E4	25
896	F47C	0258	27
896	F47C	028C	2D
896	F47C	02C0	2D
896	F47C	02F4	31
896	F47C	0268	31
896	F47C	029C	35
896	F47C	02D0	39
896	F47C	0244	40
896	D144	0278	F4
896	D144	02AC	F4
896	D144	02E0	F4
896	D144	0254	F4
896	D144	0288	F4
896	D144	02BC	F4
896	D144	02F0	F4
896	D144	0264	F4
896	D144	0298	F4
896	D144	02CC	F4
896	D144	0240	F4
896	D144	0274	F4
896	D144	02A8	F4
896	D144	02DC	F4
896	D144	0250	F4
896	D144	0284	F4
896	D144	02B8	F4
896	D144	02EC	F4
896	D144	0260	F4
896	D144	0294	F4
896	D144	02C8	F4
896	D144	02FC	F4
896	D144	0270	F4
896	D144	02A4	F4
896	D144	02D8	F4
896	D144	024C	F4
896	D144	0280	F4
896	D144	02B4	F4
896	D144	02E8	F4
896	D144	025C	F4
896	D144	0290	F4
896	D144	02C4	F4
896	D144	02F8	F4
896	D144	026C	F4
896	D144	02A0	F4
896	D144	02D4	F4
896	D144	0248	F4
896	D144	027C	F4
897	F47C	0200	B7
897	F47C	0204	B7
897	F47C	0208	B7
897	F47C	020C	B7
897	F47C	0210	BF
897	F47C	0214	BF
897	F47C	0218	BF
897	F47C	021C	BF
897	F47C	0220	C7
897	F47C	0224	C7
897	F47C	0228	C7
897	F47C	022C	C7
897	F47C	0230	CF
897	F47C	0234	CF
897	F47C	0238	CF
897	F47C	023C	CF
897	F47C	02E4	1F
897	F47C	0258	25
897	F47C	028C	27
897	F47C	02C0	2D
897	F47C	02F4	2D
897	F47C	0268	31
897	F47C	029C	31
897	F47C	02D0	35
897	F47C	0244	39
897	F47C	0278	40
897	D144	02AC	F4
897	D144	02E0	F4
897	D144	0254	F4
897	D144	0288	F4
897	D144	02BC	F4
897	D144	02F0	F4
897	D144	0264	F4
897	D144	0298	F4
897	D144	02CC	F4
897	D144	0240	F4
897	D144	0274	F4
897	D144	02A8	F4
897	D144	02DC	F4
897	D144	0250	F4
897	D144	0284	F4
897	D144	02B8	F4
897	D144	02EC	F4
897	D144	0260	F4
897	D144	0294	F4
897	D144	02C8	F4
897	D144	02FC	F4
897	D144	0270	F4
897	D144	02A4	F4
897	D144	02D8	F4
897	D144	024C	F4
897	D144	0280	F4
897	D144	02B4	F4
897	D144	02E8	F4
897	D144	025C	F4
897	D144	0290	F4
897	D144	02C4	F4
897	D144	02F8	F4
897	D144	026C	F4
897	D144	02A0	F4
897	D144	02D4	F4
897	D144	0248	F4
897	D144	027C	F4
897	D144	02B0	F4
898	F47C	0200	B7
898	F47C	0204	B7
898	F47C	0208	B7
898	F47C	020C	B7
898	F47C	0210	BF
898	F47C	0214	BF
898	F47C	0218	BF
898	F47C	021C	BF
898	F47C	0220	C7
898	F47C	0224	C7
898	F47C	0228	C7
898	F47C	022C	C7
898	F47C	0230	CF
898	F47C	0234	CF
898	F47C	0238	CF
898	F47C	023C	CF
898	F47C	0258	1F
898	F47C	028C	25
898	F47C	02C0	27
898	F47C	02F4	2D
898	F47C	0268	2D
898	F47C	029C	31
898	F47C	02D0	31
898	F47C	0244	35
898	F47C	0278	39
898	F47C	02AC	40
898	D144	02E0	F4
898	D144	0254	F4
898	D144	0288	F4
898	D144	02BC	F4
898	D144	02F0	F4
898	D144	0264	F4
898	D144	0298	F4
898	D144	02CC	F4
898	D144	0240	F4
898	D144	0274	F4
898	D144	02A8	F4
898	D144	02DC	F4
898	D144	0250	F4
898	D144	0284	F4
898	D144	02B8	F4
898	D144	02EC	F4
898	D144	0260	F4
898	D144	0294	F4
898	D144	02C8	F4
898	D144	02FC	F4
898	D144	0270	F4
898	D144	02A4	F4
898	D144	02D8	F4
898	D144	024C	F4
898	D144	0280	F4
898	D144	02B4	F4
898	D144	02E8	F4
898	D144	025C	F4
898	D144	0290	F4
898	D144	02C4	F4
898	D144	02F8	F4
898	D144	026C	F4
898	D144	02A0	F4
898	D144	02D4	F4
898	D144	0248	F4
898	D144	027C	F4
898	D144	02B0	F4
898	D144	02E4	F4
899	F47C	0200	B7
899	F47C	0204	B7
899	F47C	0208	B7
899	F47C	020C	B7
899	F47C	0210	BF
899	F47C	0214	BF
899	F47C	0218	BF
899	F47C	021C	BF
899	F47C	0220	C7
899	F47C	0224	C7
899	F47C	0228	C7
899	F47C	022C	C7
899	F47C	0230	CF
899	F47C	0234	CF
899	F47C	0238	CF
899	F47C	023C	CF
899	F47C	024C	1F
899	F47C	0280	25
899	F47C	02B4	27
899	F47C	02E8	2D
899	F47C	025C	2D
899	F47C	0290	31
899	F47C	02C4	31
899	F47C	02F8	35
899	F47C	026C	39
899	F47C	02A0	40
899	D144	02D4	F4
899	D144	0248	F4
899	D144	027C	F4
899	D144	02B0	F4
899	D144	02E4	F4
899	D144	0258	F4
899	D144	028C	F4
899	D144	02C0	F4
899	D144	02F4	F4
899	D144	0268	F4
899	D144	029C	F4
899	D144	02D0	F4
899	D144	0244	F4
899	D144	0278	F4
899	D144	02AC	F4
899	D144	02E0	F4
899	D144	0254	F4
899	D144	0288	F4
899	D144	02BC	F4
899	D144	02F0	F4
899	D144	0264	F4
899	D144	0298	F4
899	D144	02CC	F4
899	D144	0240	F4
899	D144	0274	F4
899	D144	02A8	F4
899	D144	02DC	F4
899	D144	0250	F4
899	D144	0284	F4
899	D144	02B8	F4
899	D144	02EC	F4
899	D144	0260	F4
899	D144	0294	F4
899	D144	02C8	F4
899	D144	02FC	F4
899	D144	0270	F4
899	D144	02A4	F4
899	D144	02D8	F4
900	F47C	0200	B7
900	F47C	0204	B7
900	F47C	0208	B7
900	F47C	020C	B7
900	F47C	0210	BF
900	F47C	0214	BF
900	F47C	0218	BF
900	F47C	021C	BF
900	F47C	0220	C7
900	F47C	0224	C7
900	F47C	0228	C7
900	F47C	022C	C7
900	F47C	0230	CF
900	F47C	0234	CF
900	F47C	0238	CF
900	F47C	023C	CF
900	F47C	0280	1F
900	F47C	02B4	25
900	F47C	02E8	27
900	F47C	025C	2D
900	F47C	0290	2D
900	F47C	02C4	31
900	F47C	02F8	31
900	F47C	026C	35
900	F47C	02A0	39
900	F47C	02D4	40
900	D144	0248	F4
900	D144	027C	F4
900	D144	02B0	F4
900	D144	02E4	F4
900	D144	0258	F4
900	D144	028C	F4
900	D144	02C0	F4
900	D144	02F4	F4
900	D144	0268	F4
900	D144	029C	F4
900	D144	02D0	F4
900	D144	0244	F4
900	D144	0278	F4
900	D144	02AC	F4
900	D144	02E0	F4
900	D144	0254	F4
900	D144	0288	F4
900	D144	02BC	F4
900	D144	02F0	F4
900	D144	0264	F4
900	D144	0298	F4
900	D144	02CC	F4
900	D144	0240	F4
900	D144	0274	F4
900	D144	02A8	F4
900	D144	02DC	F4
900	D144	0250	F4
900	D144	0284	F4
900	D144	02B8	F4
900	D144	02EC	F4
900	D144	0260	F4
900	D144	0294	F4
900	D144	02C8	F4
900	D144	02FC	F4
900	D144	0270	F4
900	D144	02A4	F4
900	D144	02D8	F4
900	D144	024C	F4
