frame	pc	address	value
6750	FA23	8000	80
6750	FA29	8001	FC
6750	FA2E	8000	81
6750	FA34	8001	E2
6750	FA39	8000	82
6750	FA3F	8001	A2
6750	FA44	8000	83
6750	FA4A	8001	35
6750	FA4F	8000	84
6750	FA55	8001	B7
6750	FA5A	8000	85
6750	FA60	8001	BD
6750	FADD	8000	86
6750	FAE2	8001	18
6750	FAE9	8000	87
6750	FAEE	8001	19
6750	FAF8	8000	86
6750	FAFE	8001	18
6750	FB05	8000	87
6750	FB0B	8001	19
6750	FDA9	8000	86
6750	FDB1	8001	06
6750	FDBA	8000	87
6750	FDC2	8001	07
6750	FC3F	8000	86
6750	FC48	8001	06
6750	FC4F	8000	87
6750	FC58	8001	07
6750	FDA9	8000	86
6750	FDB1	8001	28
6750	FDBA	8000	87
6750	FDC2	8001	29
6750	FDA9	8000	86
6750	FDB1	8001	28
6750	FDBA	8000	87
6750	FDC2	8001	29
6750	FDA9	8000	86
6750	FDB1	8001	18
6750	FDBA	8000	87
6750	FDC2	8001	19
6750	F9B3	8000	80
6750	F9B9	8001	FC
6750	F9BE	8000	81
6750	F9C4	8001	E2
6750	F9C9	8000	82
6750	F9CF	8001	A2
6750	F9D4	8000	83
6750	F9DA	8001	01
6750	F9DF	8000	84
6750	F9E5	8001	02
6750	F9EA	8000	85
6750	F9F0	8001	0A
6750	F8DB	8000	87
6750	F9B3	8000	80
6750	F9B9	8001	FC
6750	F9BE	8000	81
6750	F9C4	8001	0A
6750	F9C9	8000	82
6750	F9CF	8001	FC
6750	F9D4	8000	83
6750	F9DA	8001	FD
6750	F9DF	8000	84
6750	F9E5	8001	02
6750	F9EA	8000	85
6750	F9F0	8001	0A
6750	F8DB	8000	87
6751	FA23	8000	80
6751	FA29	8001	FC
6751	FA2E	8000	81
6751	FA34	8001	E2
6751	FA39	8000	82
6751	FA3F	8001	A2
6751	FA44	8000	83
6751	FA4A	8001	35
6751	FA4F	8000	84
6751	FA55	8001	B7
6751	FA5A	8000	85
6751	FA60	8001	BD
6751	FADD	8000	86
6751	FAE2	8001	18
6751	FAE9	8000	87
6751	FAEE	8001	19
6751	FAF8	8000	86
6751	FAFE	8001	18
6751	FB05	8000	87
6751	FB0B	8001	19
6751	FDA9	8000	86
6751	FDB1	8001	06
6751	FDBA	8000	87
6751	FDC2	8001	07
6751	FDA9	8000	86
6751	FDB1	8001	3C
6751	FDBA	8000	87
6751	FDC2	8001	3D
6751	FC3F	8000	86
6751	FC48	8001	06
6751	FC4F	8000	87
6751	FC58	8001	07
6751	FDA9	8000	86
6751	FDB1	8001	28
6751	FDBA	8000	87
6751	FDC2	8001	29
6751	FDA9	8000	86
6751	FDB1	8001	28
6751	FDBA	8000	87
6751	FDC2	8001	29
6751	FDA9	8000	86
6751	FDB1	8001	18
6751	FDBA	8000	87
6751	FDC2	8001	19
6751	F9B3	8000	80
6751	F9B9	8001	FC
6751	F9BE	8000	81
6751	F9C4	8001	E2
6751	F9C9	8000	82
6751	F9CF	8001	A2
6751	F9D4	8000	83
6751	F9DA	8001	01
6751	F9DF	8000	84
6751	F9E5	8001	02
6751	F9EA	8000	85
6751	F9F0	8001	0A
6751	F8DB	8000	87
6751	F9B3	8000	80
6751	F9B9	8001	FC
6751	F9BE	8000	81
6751	F9C4	8001	0A
6751	F9C9	8000	82
6751	F9CF	8001	FC
6751	F9D4	8000	83
6751	F9DA	8001	FD
6751	F9DF	8000	84
6751	F9E5	8001	02
6751	F9EA	8000	85
6751	F9F0	8001	0A
6751	F8DB	8000	87
6752	FA23	8000	80
6752	FA29	8001	FC
6752	FA2E	8000	81
6752	FA34	8001	E2
6752	FA39	8000	82
6752	FA3F	8001	A2
6752	FA44	8000	83
6752	FA4A	8001	35
6752	FA4F	8000	84
6752	FA55	8001	B7
6752	FA5A	8000	85
6752	FA60	8001	BD
6752	FADD	8000	86
6752	FAE2	8001	18
6752	FAE9	8000	87
6752	FAEE	8001	19
6752	FAF8	8000	86
6752	FAFE	8001	18
6752	FB05	8000	87
6752	FB0B	8001	19
6752	FDA9	8000	86
6752	FDB1	8001	06
6752	FDBA	8000	87
6752	FDC2	8001	07
6752	FDA9	8000	86
6752	FDB1	8001	2A
6752	FDBA	8000	87
6752	FDC2	8001	2B
6752	FDA9	8000	86
6752	FDB1	8001	2A
6752	FDBA	8000	87
6752	FDC2	8001	2B
6752	FC3F	8000	86
6752	FC48	8001	06
6752	FC4F	8000	87
6752	FC58	8001	07
6752	FDA9	8000	86
6752	FDB1	8001	28
6752	FDBA	8000	87
6752	FDC2	8001	29
6752	FDA9	8000	86
6752	FDB1	8001	28
6752	FDBA	8000	87
6752	FDC2	8001	29
6752	FDA9	8000	86
6752	FDB1	8001	18
6752	FDBA	8000	87
6752	FDC2	8001	19
6752	F9B3	8000	80
6752	F9B9	8001	FC
6752	F9BE	8000	81
6752	F9C4	8001	E2
6752	F9C9	8000	82
6752	F9CF	8001	A2
6752	F9D4	8000	83
6752	F9DA	8001	01
6752	F9DF	8000	84
6752	F9E5	8001	02
6752	F9EA	8000	85
6752	F9F0	8001	0A
6752	F8DB	8000	87
6752	F9B3	8000	80
6752	F9B9	8001	FC
6752	F9BE	8000	81
6752	F9C4	8001	0A
6752	F9C9	8000	82
6752	F9CF	8001	FC
6752	F9D4	8000	83
6752	F9DA	8001	FD
6752	F9DF	8000	84
6752	F9E5	8001	02
6752	F9EA	8000	85
6752	F9F0	8001	0A
6752	F8DB	8000	87
6753	FE2D	8000	87
6753	FE30	8001	3C
6753	B058	8000	86
6753	B05B	8001	38
6753	B120	8000	00
6753	B123	8001	00
6753	B120	8000	00
6753	B123	8001	00
6753	FA23	8000	80
6753	FA29	8001	FC
6753	FA2E	8000	81
6753	FA34	8001	E2
6753	FA39	8000	82
6753	FA3F	8001	A2
6753	FA44	8000	83
6753	FA4A	8001	35
6753	FA4F	8000	84
6753	FA55	8001	B7
6753	FA5A	8000	85
6753	FA60	8001	BD
6753	FA83	8000	86
6753	FA88	8001	18
6753	FA8D	8000	87
6753	FA92	8001	19
6753	FA9A	8000	86
6753	FAA0	8001	18
6753	FAA5	8000	87
6753	FAAB	8001	19
6753	FAB6	8000	87
6753	F9B3	8000	80
6753	F9B9	8001	FC
6753	F9BE	8000	81
6753	F9C4	8001	E2
6753	F9C9	8000	82
6753	F9CF	8001	A2
6753	F9D4	8000	83
6753	F9DA	8001	01
6753	F9DF	8000	84
6753	F9E5	8001	02
6753	F9EA	8000	85
6753	F9F0	8001	0A
6753	F8DB	8000	87
6753	F9B3	8000	80
6753	F9B9	8001	FC
6753	F9BE	8000	81
6753	F9C4	8001	0A
6753	F9C9	8000	82
6753	F9CF	8001	FC
6753	F9D4	8000	83
6753	F9DA	8001	FD
6753	F9DF	8000	84
6753	F9E5	8001	02
6753	F9EA	8000	85
6753	F9F0	8001	0A
6753	F8DB	8000	87
6754	FE2D	8000	87
6754	FE30	8001	3C
6754	B058	8000	86
6754	B05B	8001	38
6754	B120	8000	00
6754	B123	8001	00
6754	B120	8000	00
6754	B123	8001	00
6754	FA23	8000	80
6754	FA29	8001	FC
6754	FA2E	8000	81
6754	FA34	8001	E2
6754	FA39	8000	82
6754	FA3F	8001	A2
6754	FA44	8000	83
6754	FA4A	8001	35
6754	FA4F	8000	84
6754	FA55	8001	B7
6754	FA5A	8000	85
6754	FA60	8001	BD
6754	FA83	8000	86
6754	FA88	8001	18
6754	FA8D	8000	87
6754	FA92	8001	19
6754	BF0A	8000	86
6754	C8E1	8001	00
6754	C8E6	8000	87
6754	C8EB	8001	01
6754	C900	8000	86
6754	C905	8001	18
6754	C90A	8000	87
6754	C90F	8001	19
6754	BF0A	8000	86
6754	C8E1	8001	00
6754	C8E6	8000	87
6754	C8EB	8001	01
6754	C900	8000	86
6754	C905	8001	18
6754	C90A	8000	87
6754	C90F	8001	19
6754	BF0A	8000	86
6754	C8E1	8001	00
6754	C8E6	8000	87
6754	C8EB	8001	01
6754	C900	8000	86
6754	C905	8001	18
6754	C90A	8000	87
6754	C90F	8001	19
6754	FA9A	8000	86
6754	FAA0	8001	18
6754	FAA5	8000	87
6754	FAAB	8001	19
6754	FAB6	8000	87
6754	F9B3	8000	80
6754	F9B9	8001	FC
6754	F9BE	8000	81
6754	F9C4	8001	E2
6754	F9C9	8000	82
6754	F9CF	8001	A2
6754	F9D4	8000	83
6754	F9DA	8001	01
6754	F9DF	8000	84
6754	F9E5	8001	02
6754	F9EA	8000	85
6754	F9F0	8001	0A
6754	F8DB	8000	87
6754	F9B3	8000	80
6754	F9B9	8001	FC
6754	F9BE	8000	81
6754	F9C4	8001	0A
6754	F9C9	8000	82
6754	F9CF	8001	FC
6754	F9D4	8000	83
6754	F9DA	8001	FD
6754	F9DF	8000	84
6754	F9E5	8001	02
6754	F9EA	8000	85
6754	F9F0	8001	0A
6754	F8DB	8000	87
6755	FA23	8000	80
6755	FA29	8001	FC
6755	FA2E	8000	81
6755	FA34	8001	E2
6755	FA39	8000	82
6755	FA3F	8001	A2
6755	FA44	8000	83
6755	FA4A	8001	35
6755	FA4F	8000	84
6755	FA55	8001	B7
6755	FA5A	8000	85
6755	FA60	8001	BD
6755	FADD	8000	86
6755	FAE2	8001	18
6755	FAE9	8000	87
6755	FAEE	8001	19
6755	FAF8	8000	86
6755	FAFE	8001	18
6755	FB05	8000	87
6755	FB0B	8001	19
6755	FDA9	8000	86
6755	FDB1	8001	06
6755	FDBA	8000	87
6755	FDC2	8001	07
6755	FDA9	8000	86
6755	FDB1	8001	2A
6755	FDBA	8000	87
6755	FDC2	8001	2B
6755	FDA9	8000	86
6755	FDB1	8001	2A
6755	FDBA	8000	87
6755	FDC2	8001	2B
6755	FC3F	8000	86
6755	FC48	8001	06
6755	FC4F	8000	87
6755	FC58	8001	07
6755	FDA9	8000	86
6755	FDB1	8001	28
6755	FDBA	8000	87
6755	FDC2	8001	29
6755	FDA9	8000	86
6755	FDB1	8001	28
6755	FDBA	8000	87
6755	FDC2	8001	29
6755	FDA9	8000	86
6755	FDB1	8001	18
6755	FDBA	8000	87
6755	FDC2	8001	19
6755	F9B3	8000	80
6755	F9B9	8001	FC
6755	F9BE	8000	81
6755	F9C4	8001	E2
6755	F9C9	8000	82
6755	F9CF	8001	A2
6755	F9D4	8000	83
6755	F9DA	8001	01
6755	F9DF	8000	84
6755	F9E5	8001	02
6755	F9EA	8000	85
6755	F9F0	8001	0A
6755	F8DB	8000	87
6755	F9B3	8000	80
6755	F9B9	8001	FC
6755	F9BE	8000	81
6755	F9C4	8001	0A
6755	F9C9	8000	82
6755	F9CF	8001	FC
6755	F9D4	8000	83
6755	F9DA	8001	FD
6755	F9DF	8000	84
6755	F9E5	8001	02
6755	F9EA	8000	85
6755	F9F0	8001	0A
6755	F8DB	8000	87
6756	FA23	8000	80
6756	FA29	8001	FC
6756	FA2E	8000	81
6756	FA34	8001	E2
6756	FA39	8000	82
6756	FA3F	8001	A2
6756	FA44	8000	83
6756	FA4A	8001	35
6756	FA4F	8000	84
6756	FA55	8001	B7
6756	FA5A	8000	85
6756	FA60	8001	BD
6756	FADD	8000	86
6756	FAE2	8001	18
6756	FAE9	8000	87
6756	FAEE	8001	19
6756	FAF8	8000	86
6756	FAFE	8001	18
6756	FB05	8000	87
6756	FB0B	8001	19
6756	FDA9	8000	86
6756	FDB1	8001	06
6756	FDBA	8000	87
6756	FDC2	8001	07
6756	FC3F	8000	86
6756	FC48	8001	06
6756	FC4F	8000	87
6756	FC58	8001	07
6756	FDA9	8000	86
6756	FDB1	8001	28
6756	FDBA	8000	87
6756	FDC2	8001	29
6756	FDA9	8000	86
6756	FDB1	8001	28
6756	FDBA	8000	87
6756	FDC2	8001	29
6756	FDA9	8000	86
6756	FDB1	8001	18
6756	FDBA	8000	87
6756	FDC2	8001	19
6756	F9B3	8000	80
6756	F9B9	8001	FC
6756	F9BE	8000	81
6756	F9C4	8001	E2
6756	F9C9	8000	82
6756	F9CF	8001	A2
6756	F9D4	8000	83
6756	F9DA	8001	01
6756	F9DF	8000	84
6756	F9E5	8001	02
6756	F9EA	8000	85
6756	F9F0	8001	0A
6756	F8DB	8000	87
6756	F9B3	8000	80
6756	F9B9	8001	FC
6756	F9BE	8000	81
6756	F9C4	8001	0A
6756	F9C9	8000	82
6756	F9CF	8001	FC
6756	F9D4	8000	83
6756	F9DA	8001	FD
6756	F9DF	8000	84
6756	F9E5	8001	02
6756	F9EA	8000	85
6756	F9F0	8001	0A
6756	F8DB	8000	87
6757	FA23	8000	80
6757	FA29	8001	FC
6757	FA2E	8000	81
6757	FA34	8001	E2
6757	FA39	8000	82
6757	FA3F	8001	A2
6757	FA44	8000	83
6757	FA4A	8001	35
6757	FA4F	8000	84
6757	FA55	8001	B7
6757	FA5A	8000	85
6757	FA60	8001	BD
6757	FADD	8000	86
6757	FAE2	8001	18
6757	FAE9	8000	87
6757	FAEE	8001	19
6757	FAF8	8000	86
6757	FAFE	8001	18
6757	FB05	8000	87
6757	FB0B	8001	19
6757	FDA9	8000	86
6757	FDB1	8001	06
6757	FDBA	8000	87
6757	FDC2	8001	07
6757	FDA9	8000	86
6757	FDB1	8001	1C
6757	FDBA	8000	87
6757	FDC2	8001	1D
6757	FDA9	8000	86
6757	FDB1	8001	06
6757	FDBA	8000	87
6757	FDC2	8001	07
6757	FDA9	8000	86
6757	FDB1	8001	20
6757	FDBA	8000	87
6757	FDC2	8001	21
6757	FC3F	8000	86
6757	FC48	8001	06
6757	FC4F	8000	87
6757	FC58	8001	07
6757	FDA9	8000	86
6757	FDB1	8001	1C
6757	FDBA	8000	87
6757	FDC2	8001	1D
6757	FDA9	8000	86
6757	FDB1	8001	06
6757	FDBA	8000	87
6757	FDC2	8001	07
6757	FDA9	8000	86
6757	FDB1	8001	20
6757	FDBA	8000	87
6757	FDC2	8001	21
6757	FC3F	8000	86
6757	FC48	8001	06
6757	FC4F	8000	87
6757	FC58	8001	07
6757	FDA9	8000	86
6757	FDB1	8001	28
6757	FDBA	8000	87
6757	FDC2	8001	29
6757	FDA9	8000	86
6757	FDB1	8001	28
6757	FDBA	8000	87
6757	FDC2	8001	29
6757	FDA9	8000	86
6757	FDB1	8001	18
6757	FDBA	8000	87
6757	FDC2	8001	19
6757	F9B3	8000	80
6757	F9B9	8001	FC
6757	F9BE	8000	81
6757	F9C4	8001	E2
6757	F9C9	8000	82
6757	F9CF	8001	A2
6757	F9D4	8000	83
6757	F9DA	8001	01
6757	F9DF	8000	84
6757	F9E5	8001	02
6757	F9EA	8000	85
6757	F9F0	8001	0A
6757	F8DB	8000	87
6757	F9B3	8000	80
6757	F9B9	8001	FC
6757	F9BE	8000	81
6757	F9C4	8001	0A
6757	F9C9	8000	82
6757	F9CF	8001	FC
6757	F9D4	8000	83
6757	F9DA	8001	FD
6757	F9DF	8000	84
6757	F9E5	8001	02
6757	F9EA	8000	85
6757	F9F0	8001	0A
6757	F8DB	8000	87
6758	FA23	8000	80
6758	FA29	8001	FC
6758	FA2E	8000	81
6758	FA34	8001	E2
6758	FA39	8000	82
6758	FA3F	8001	A2
6758	FA44	8000	83
6758	FA4A	8001	35
6758	FA4F	8000	84
6758	FA55	8001	B7
6758	FA5A	8000	85
6758	FA60	8001	BD
6758	FADD	8000	86
6758	FAE2	8001	18
6758	FAE9	8000	87
6758	FAEE	8001	19
6758	FAF8	8000	86
6758	FAFE	8001	18
6758	FB05	8000	87
6758	FB0B	8001	19
6758	FDA9	8000	86
6758	FDB1	8001	06
6758	FDBA	8000	87
6758	FDC2	8001	07
6758	FDA9	8000	86
6758	FDB1	8001	20
6758	FDBA	8000	87
6758	FDC2	8001	21
6758	FDA9	8000	86
6758	FDB1	8001	08
6758	FDBA	8000	87
6758	FDC2	8001	09
6758	FDA9	8000	86
6758	FDB1	8001	08
6758	FDBA	8000	87
6758	FDC2	8001	09
6758	FDA9	8000	86
6758	FDB1	8001	08
6758	FDBA	8000	87
6758	FDC2	8001	09
6758	FDA9	8000	86
6758	FDB1	8001	08
6758	FDBA	8000	87
6758	FDC2	8001	09
6758	FDA9	8000	86
6758	FDB1	8001	08
6758	FDBA	8000	87
6758	FDC2	8001	09
6758	FDA9	8000	86
6758	FDB1	8001	08
6758	FDBA	8000	87
6758	FDC2	8001	09
6758	FC3F	8000	86
6758	FC48	8001	06
6758	FC4F	8000	87
6758	FC58	8001	07
6758	FDA9	8000	86
6758	FDB1	8001	28
6758	FDBA	8000	87
6758	FDC2	8001	29
6758	FDA9	8000	86
6758	FDB1	8001	28
6758	FDBA	8000	87
6758	FDC2	8001	29
6758	FDA9	8000	86
6758	FDB1	8001	18
6758	FDBA	8000	87
6758	FDC2	8001	19
6758	FDA9	8000	86
6758	FDB1	8001	08
6758	FDBA	8000	87
6758	FDC2	8001	09
6758	FDA9	8000	86
6758	FDB1	8001	08
6758	FDBA	8000	87
6758	FDC2	8001	09
6758	F9B3	8000	80
6758	F9B9	8001	FC
6758	F9BE	8000	81
6758	F9C4	8001	E2
6758	F9C9	8000	82
6758	F9CF	8001	A2
6758	F9D4	8000	83
6758	F9DA	8001	01
6758	F9DF	8000	84
6758	F9E5	8001	02
6758	F9EA	8000	85
6758	F9F0	8001	0A
6758	F8DB	8000	87
6758	F9B3	8000	80
6758	F9B9	8001	FC
6758	F9BE	8000	81
6758	F9C4	8001	0A
6758	F9C9	8000	82
6758	F9CF	8001	FC
6758	F9D4	8000	83
6758	F9DA	8001	FD
6758	F9DF	8000	84
6758	F9E5	8001	02
6758	F9EA	8000	85
6758	F9F0	8001	0A
6758	F8DB	8000	87
6759	FA23	8000	80
6759	FA29	8001	FC
6759	FA2E	8000	81
6759	FA34	8001	E2
6759	FA39	8000	82
6759	FA3F	8001	A2
6759	FA44	8000	83
6759	FA4A	8001	35
6759	FA4F	8000	84
6759	FA55	8001	B7
6759	FA5A	8000	85
6759	FA60	8001	BD
6759	FADD	8000	86
6759	FAE2	8001	18
6759	FAE9	8000	87
6759	FAEE	8001	19
6759	FAF8	8000	86
6759	FAFE	8001	08
6759	FB05	8000	87
6759	FB0B	8001	09
6759	FDA9	8000	86
6759	FDB1	8001	06
6759	FDBA	8000	87
6759	FDC2	8001	07
6759	FDA9	8000	86
6759	FDB1	8001	20
6759	FDBA	8000	87
6759	FDC2	8001	21
6759	FDA9	8000	86
6759	FDB1	8001	08
6759	FDBA	8000	87
6759	FDC2	8001	09
6759	FDA9	8000	86
6759	FDB1	8001	08
6759	FDBA	8000	87
6759	FDC2	8001	09
6759	FDA9	8000	86
6759	FDB1	8001	08
6759	FDBA	8000	87
6759	FDC2	8001	09
6759	FDA9	8000	86
6759	FDB1	8001	08
6759	FDBA	8000	87
6759	FDC2	8001	09
6759	FDA9	8000	86
6759	FDB1	8001	08
6759	FDBA	8000	87
6759	FDC2	8001	09
6759	FDA9	8000	86
6759	FDB1	8001	08
6759	FDBA	8000	87
6759	FDC2	8001	09
6759	FC3F	8000	86
6759	FC48	8001	06
6759	FC4F	8000	87
6759	FC58	8001	07
6759	FDA9	8000	86
6759	FDB1	8001	28
6759	FDBA	8000	87
6759	FDC2	8001	29
6759	FDA9	8000	86
6759	FDB1	8001	28
6759	FDBA	8000	87
6759	FDC2	8001	29
6759	FDA9	8000	86
6759	FDB1	8001	18
6759	FDBA	8000	87
6759	FDC2	8001	19
6759	FDA9	8000	86
6759	FDB1	8001	08
6759	FDBA	8000	87
6759	FDC2	8001	09
6759	FDA9	8000	86
6759	FDB1	8001	08
6759	FDBA	8000	87
6759	FDC2	8001	09
6759	F9B3	8000	80
6759	F9B9	8001	FC
6759	F9BE	8000	81
6759	F9C4	8001	E2
6759	F9C9	8000	82
6759	F9CF	8001	A2
6759	F9D4	8000	83
6759	F9DA	8001	01
6759	F9DF	8000	84
6759	F9E5	8001	02
6759	F9EA	8000	85
6759	F9F0	8001	0A
6759	F8DB	8000	87
6759	F9B3	8000	80
6759	F9B9	8001	FC
6759	F9BE	8000	81
6759	F9C4	8001	0A
6759	F9C9	8000	82
6759	F9CF	8001	FC
6759	F9D4	8000	83
6759	F9DA	8001	FD
6759	F9DF	8000	84
6759	F9E5	8001	02
6759	F9EA	8000	85
6759	F9F0	8001	0A
6759	F8DB	8000	87
6760	FA23	8000	80
6760	FA29	8001	FC
6760	FA2E	8000	81
6760	FA34	8001	E2
6760	FA39	8000	82
6760	FA3F	8001	A2
6760	FA44	8000	83
6760	FA4A	8001	35
6760	FA4F	8000	84
6760	FA55	8001	B7
6760	FA5A	8000	85
6760	FA60	8001	BD
6760	FADD	8000	86
6760	FAE2	8001	18
6760	FAE9	8000	87
6760	FAEE	8001	19
6760	FAF8	8000	86
6760	FAFE	8001	08
6760	FB05	8000	87
6760	FB0B	8001	09
6760	FDA9	8000	86
6760	FDB1	8001	06
6760	FDBA	8000	87
6760	FDC2	8001	07
6760	FDA9	8000	86
6760	FDB1	8001	20
6760	FDBA	8000	87
6760	FDC2	8001	21
6760	FDA9	8000	86
6760	FDB1	8001	08
6760	FDBA	8000	87
6760	FDC2	8001	09
6760	FDA9	8000	86
6760	FDB1	8001	08
6760	FDBA	8000	87
6760	FDC2	8001	09
6760	FDA9	8000	86
6760	FDB1	8001	08
6760	FDBA	8000	87
6760	FDC2	8001	09
6760	FDA9	8000	86
6760	FDB1	8001	08
6760	FDBA	8000	87
6760	FDC2	8001	09
6760	FDA9	8000	86
6760	FDB1	8001	08
6760	FDBA	8000	87
6760	FDC2	8001	09
6760	FDA9	8000	86
6760	FDB1	8001	08
6760	FDBA	8000	87
6760	FDC2	8001	09
6760	FC3F	8000	86
6760	FC48	8001	06
6760	FC4F	8000	87
6760	FC58	8001	07
6760	FDA9	8000	86
6760	FDB1	8001	28
6760	FDBA	8000	87
6760	FDC2	8001	29
6760	FDA9	8000	86
6760	FDB1	8001	28
6760	FDBA	8000	87
6760	FDC2	8001	29
6760	FDA9	8000	86
6760	FDB1	8001	18
6760	FDBA	8000	87
6760	FDC2	8001	19
6760	FDA9	8000	86
6760	FDB1	8001	08
6760	FDBA	8000	87
6760	FDC2	8001	09
6760	FDA9	8000	86
6760	FDB1	8001	08
6760	FDBA	8000	87
6760	FDC2	8001	09
6760	F9B3	8000	80
6760	F9B9	8001	FC
6760	F9BE	8000	81
6760	F9C4	8001	E2
6760	F9C9	8000	82
6760	F9CF	8001	A2
6760	F9D4	8000	83
6760	F9DA	8001	01
6760	F9DF	8000	84
6760	F9E5	8001	02
6760	F9EA	8000	85
6760	F9F0	8001	0A
6760	F8DB	8000	87
6760	F9B3	8000	80
6760	F9B9	8001	FC
6760	F9BE	8000	81
6760	F9C4	8001	0A
6760	F9C9	8000	82
6760	F9CF	8001	FC
6760	F9D4	8000	83
6760	F9DA	8001	FD
6760	F9DF	8000	84
6760	F9E5	8001	02
6760	F9EA	8000	85
6760	F9F0	8001	0A
6760	F8DB	8000	87
6761	FA23	8000	80
6761	FA29	8001	FC
6761	FA2E	8000	81
6761	FA34	8001	E2
6761	FA39	8000	82
6761	FA3F	8001	A2
6761	FA44	8000	83
6761	FA4A	8001	35
6761	FA4F	8000	84
6761	FA55	8001	B7
6761	FA5A	8000	85
6761	FA60	8001	BD
6761	FADD	8000	86
6761	FAE2	8001	18
6761	FAE9	8000	87
6761	FAEE	8001	19
6761	FAF8	8000	86
6761	FAFE	8001	08
6761	FB05	8000	87
6761	FB0B	8001	09
6761	FDA9	8000	86
6761	FDB1	8001	06
6761	FDBA	8000	87
6761	FDC2	8001	07
6761	FDA9	8000	86
6761	FDB1	8001	20
6761	FDBA	8000	87
6761	FDC2	8001	21
6761	FDA9	8000	86
6761	FDB1	8001	08
6761	FDBA	8000	87
6761	FDC2	8001	09
6761	FDA9	8000	86
6761	FDB1	8001	08
6761	FDBA	8000	87
6761	FDC2	8001	09
6761	FDA9	8000	86
6761	FDB1	8001	08
6761	FDBA	8000	87
6761	FDC2	8001	09
6761	FDA9	8000	86
6761	FDB1	8001	08
6761	FDBA	8000	87
6761	FDC2	8001	09
6761	FDA9	8000	86
6761	FDB1	8001	08
6761	FDBA	8000	87
6761	FDC2	8001	09
6761	FDA9	8000	86
6761	FDB1	8001	08
6761	FDBA	8000	87
6761	FDC2	8001	09
6761	FC3F	8000	86
6761	FC48	8001	06
6761	FC4F	8000	87
6761	FC58	8001	07
6761	FDA9	8000	86
6761	FDB1	8001	28
6761	FDBA	8000	87
6761	FDC2	8001	29
6761	FDA9	8000	86
6761	FDB1	8001	28
6761	FDBA	8000	87
6761	FDC2	8001	29
6761	FDA9	8000	86
6761	FDB1	8001	18
6761	FDBA	8000	87
6761	FDC2	8001	19
6761	FDA9	8000	86
6761	FDB1	8001	08
6761	FDBA	8000	87
6761	FDC2	8001	09
6761	FDA9	8000	86
6761	FDB1	8001	08
6761	FDBA	8000	87
6761	FDC2	8001	09
6761	F9B3	8000	80
6761	F9B9	8001	FC
6761	F9BE	8000	81
6761	F9C4	8001	E2
6761	F9C9	8000	82
6761	F9CF	8001	A2
6761	F9D4	8000	83
6761	F9DA	8001	01
6761	F9DF	8000	84
6761	F9E5	8001	02
6761	F9EA	8000	85
6761	F9F0	8001	0A
6761	F8DB	8000	87
6761	F9B3	8000	80
6761	F9B9	8001	FC
6761	F9BE	8000	81
6761	F9C4	8001	0A
6761	F9C9	8000	82
6761	F9CF	8001	FC
6761	F9D4	8000	83
6761	F9DA	8001	FD
6761	F9DF	8000	84
6761	F9E5	8001	02
6761	F9EA	8000	85
6761	F9F0	8001	0A
6761	F8DB	8000	87
6762	FA23	8000	80
6762	FA29	8001	FC
6762	FA2E	8000	81
6762	FA34	8001	E2
6762	FA39	8000	82
6762	FA3F	8001	A2
6762	FA44	8000	83
6762	FA4A	8001	35
6762	FA4F	8000	84
6762	FA55	8001	B7
6762	FA5A	8000	85
6762	FA60	8001	BD
6762	FADD	8000	86
6762	FAE2	8001	18
6762	FAE9	8000	87
6762	FAEE	8001	19
6762	FAF8	8000	86
6762	FAFE	8001	08
6762	FB05	8000	87
6762	FB0B	8001	09
6762	FDA9	8000	86
6762	FDB1	8001	06
6762	FDBA	8000	87
6762	FDC2	8001	07
6762	FDA9	8000	86
6762	FDB1	8001	20
6762	FDBA	8000	87
6762	FDC2	8001	21
6762	FDA9	8000	86
6762	FDB1	8001	08
6762	FDBA	8000	87
6762	FDC2	8001	09
6762	FDA9	8000	86
6762	FDB1	8001	08
6762	FDBA	8000	87
6762	FDC2	8001	09
6762	FDA9	8000	86
6762	FDB1	8001	08
6762	FDBA	8000	87
6762	FDC2	8001	09
6762	FDA9	8000	86
6762	FDB1	8001	08
6762	FDBA	8000	87
6762	FDC2	8001	09
6762	FDA9	8000	86
6762	FDB1	8001	08
6762	FDBA	8000	87
6762	FDC2	8001	09
6762	FDA9	8000	86
6762	FDB1	8001	08
6762	FDBA	8000	87
6762	FDC2	8001	09
6762	FC3F	8000	86
6762	FC48	8001	06
6762	FC4F	8000	87
6762	FC58	8001	07
6762	FDA9	8000	86
6762	FDB1	8001	28
6762	FDBA	8000	87
6762	FDC2	8001	29
6762	FDA9	8000	86
6762	FDB1	8001	28
6762	FDBA	8000	87
6762	FDC2	8001	29
6762	FDA9	8000	86
6762	FDB1	8001	18
6762	FDBA	8000	87
6762	FDC2	8001	19
6762	FDA9	8000	86
6762	FDB1	8001	08
6762	FDBA	8000	87
6762	FDC2	8001	09
6762	FDA9	8000	86
6762	FDB1	8001	08
6762	FDBA	8000	87
6762	FDC2	8001	09
6762	F9B3	8000	80
6762	F9B9	8001	FC
6762	F9BE	8000	81
6762	F9C4	8001	E2
6762	F9C9	8000	82
6762	F9CF	8001	A2
6762	F9D4	8000	83
6762	F9DA	8001	01
6762	F9DF	8000	84
6762	F9E5	8001	02
6762	F9EA	8000	85
6762	F9F0	8001	0A
6762	F8DB	8000	87
6762	F9B3	8000	80
6762	F9B9	8001	FC
6762	F9BE	8000	81
6762	F9C4	8001	0A
6762	F9C9	8000	82
6762	F9CF	8001	FC
6762	F9D4	8000	83
6762	F9DA	8001	FD
6762	F9DF	8000	84
6762	F9E5	8001	02
6762	F9EA	8000	85
6762	F9F0	8001	0A
6762	F8DB	8000	87
6763	FA23	8000	80
6763	FA29	8001	FC
6763	FA2E	8000	81
6763	FA34	8001	E2
6763	FA39	8000	82
6763	FA3F	8001	A2
6763	FA44	8000	83
6763	FA4A	8001	35
6763	FA4F	8000	84
6763	FA55	8001	B7
6763	FA5A	8000	85
6763	FA60	8001	BD
6763	FADD	8000	86
6763	FAE2	8001	18
6763	FAE9	8000	87
6763	FAEE	8001	19
6763	FAF8	8000	86
6763	FAFE	8001	08
6763	FB05	8000	87
6763	FB0B	8001	09
6763	FDA9	8000	86
6763	FDB1	8001	06
6763	FDBA	8000	87
6763	FDC2	8001	07
6763	FDA9	8000	86
6763	FDB1	8001	20
6763	FDBA	8000	87
6763	FDC2	8001	21
6763	FDA9	8000	86
6763	FDB1	8001	08
6763	FDBA	8000	87
6763	FDC2	8001	09
6763	FDA9	8000	86
6763	FDB1	8001	08
6763	FDBA	8000	87
6763	FDC2	8001	09
6763	FDA9	8000	86
6763	FDB1	8001	08
6763	FDBA	8000	87
6763	FDC2	8001	09
6763	FDA9	8000	86
6763	FDB1	8001	08
6763	FDBA	8000	87
6763	FDC2	8001	09
6763	FDA9	8000	86
6763	FDB1	8001	08
6763	FDBA	8000	87
6763	FDC2	8001	09
6763	FDA9	8000	86
6763	FDB1	8001	08
6763	FDBA	8000	87
6763	FDC2	8001	09
6763	FC3F	8000	86
6763	FC48	8001	06
6763	FC4F	8000	87
6763	FC58	8001	07
6763	FDA9	8000	86
6763	FDB1	8001	28
6763	FDBA	8000	87
6763	FDC2	8001	29
6763	FDA9	8000	86
6763	FDB1	8001	28
6763	FDBA	8000	87
6763	FDC2	8001	29
6763	FDA9	8000	86
6763	FDB1	8001	18
6763	FDBA	8000	87
6763	FDC2	8001	19
6763	FDA9	8000	86
6763	FDB1	8001	08
6763	FDBA	8000	87
6763	FDC2	8001	09
6763	FDA9	8000	86
6763	FDB1	8001	08
6763	FDBA	8000	87
6763	FDC2	8001	09
6763	F9B3	8000	80
6763	F9B9	8001	FC
6763	F9BE	8000	81
6763	F9C4	8001	E2
6763	F9C9	8000	82
6763	F9CF	8001	A2
6763	F9D4	8000	83
6763	F9DA	8001	01
6763	F9DF	8000	84
6763	F9E5	8001	02
6763	F9EA	8000	85
6763	F9F0	8001	0A
6763	F8DB	8000	87
6763	F9B3	8000	80
6763	F9B9	8001	FC
6763	F9BE	8000	81
6763	F9C4	8001	0A
6763	F9C9	8000	82
6763	F9CF	8001	FC
6763	F9D4	8000	83
6763	F9DA	8001	FD
6763	F9DF	8000	84
6763	F9E5	8001	02
6763	F9EA	8000	85
6763	F9F0	8001	0A
6763	F8DB	8000	87
6764	FA23	8000	80
6764	FA29	8001	FC
6764	FA2E	8000	81
6764	FA34	8001	E2
6764	FA39	8000	82
6764	FA3F	8001	A2
6764	FA44	8000	83
6764	FA4A	8001	35
6764	FA4F	8000	84
6764	FA55	8001	B7
6764	FA5A	8000	85
6764	FA60	8001	BD
6764	FADD	8000	86
6764	FAE2	8001	18
6764	FAE9	8000	87
6764	FAEE	8001	19
6764	BF0A	8000	86
6764	C8E1	8001	00
6764	C8E6	8000	87
6764	C8EB	8001	01
6764	C900	8000	86
6764	C905	8001	18
6764	C90A	8000	87
6764	C90F	8001	19
6764	BF0A	8000	86
6764	C8E1	8001	00
6764	C8E6	8000	87
6764	C8EB	8001	01
6764	C900	8000	86
6764	C905	8001	18
6764	C90A	8000	87
6764	C90F	8001	19
6764	BF0A	8000	86
6764	C8E1	8001	00
6764	C8E6	8000	87
6764	C8EB	8001	01
6764	C900	8000	86
6764	C905	8001	18
6764	C90A	8000	87
6764	C90F	8001	19
6764	FAF8	8000	86
6764	FAFE	8001	08
6764	FB05	8000	87
6764	FB0B	8001	09
6764	FDA9	8000	86
6764	FDB1	8001	06
6764	FDBA	8000	87
6764	FDC2	8001	07
6764	FDA9	8000	86
6764	FDB1	8001	20
6764	FDBA	8000	87
6764	FDC2	8001	21
6764	FDA9	8000	86
6764	FDB1	8001	08
6764	FDBA	8000	87
6764	FDC2	8001	09
6764	FDA9	8000	86
6764	FDB1	8001	08
6764	FDBA	8000	87
6764	FDC2	8001	09
6764	FDA9	8000	86
6764	FDB1	8001	08
6764	FDBA	8000	87
6764	FDC2	8001	09
6764	FDA9	8000	86
6764	FDB1	8001	08
6764	FDBA	8000	87
6764	FDC2	8001	09
6764	FDA9	8000	86
6764	FDB1	8001	08
6764	FDBA	8000	87
6764	FDC2	8001	09
6764	FDA9	8000	86
6764	FDB1	8001	08
6764	FDBA	8000	87
6764	FDC2	8001	09
6764	FC3F	8000	86
6764	FC48	8001	06
6764	FC4F	8000	87
6764	FC58	8001	07
6764	FDA9	8000	86
6764	FDB1	8001	28
6764	FDBA	8000	87
6764	FDC2	8001	29
6764	FDA9	8000	86
6764	FDB1	8001	28
6764	FDBA	8000	87
6764	FDC2	8001	29
6764	FDA9	8000	86
6764	FDB1	8001	18
6764	FDBA	8000	87
6764	FDC2	8001	19
6764	FDA9	8000	86
6764	FDB1	8001	08
6764	FDBA	8000	87
6764	FDC2	8001	09
6764	F9B3	8000	80
6764	F9B9	8001	FC
6764	F9BE	8000	81
6764	F9C4	8001	E2
6764	F9C9	8000	82
6764	F9CF	8001	A2
6764	F9D4	8000	83
6764	F9DA	8001	01
6764	F9DF	8000	84
6764	F9E5	8001	02
6764	F9EA	8000	85
6764	F9F0	8001	0A
6764	F8DB	8000	87
6764	FDA9	8000	86
6764	FDB1	8001	08
6764	FDBA	8000	87
6764	FDC2	8001	09
6764	F9B3	8000	80
6764	F9B9	8001	FC
6764	F9BE	8000	81
6764	F9C4	8001	0A
6764	F9C9	8000	82
6764	F9CF	8001	FC
6764	F9D4	8000	83
6764	F9DA	8001	FD
6764	F9DF	8000	84
6764	F9E5	8001	02
6764	F9EA	8000	85
6764	F9F0	8001	0A
6764	F8DB	8000	87
6765	FA23	8000	80
6765	FA29	8001	FC
6765	FA2E	8000	81
6765	FA34	8001	E2
6765	FA39	8000	82
6765	FA3F	8001	A2
6765	FA44	8000	83
6765	FA4A	8001	35
6765	FA4F	8000	84
6765	FA55	8001	B7
6765	FA5A	8000	85
6765	FA60	8001	BD
6765	FADD	8000	86
6765	FAE2	8001	18
6765	FAE9	8000	87
6765	FAEE	8001	19
6765	FAF8	8000	86
6765	FAFE	8001	08
6765	FB05	8000	87
6765	FB0B	8001	09
6765	FDA9	8000	86
6765	FDB1	8001	06
6765	FDBA	8000	87
6765	FDC2	8001	07
6765	FDA9	8000	86
6765	FDB1	8001	20
6765	FDBA	8000	87
6765	FDC2	8001	21
6765	FDA9	8000	86
6765	FDB1	8001	08
6765	FDBA	8000	87
6765	FDC2	8001	09
6765	FDA9	8000	86
6765	FDB1	8001	08
6765	FDBA	8000	87
6765	FDC2	8001	09
6765	FDA9	8000	86
6765	FDB1	8001	08
6765	FDBA	8000	87
6765	FDC2	8001	09
6765	FDA9	8000	86
6765	FDB1	8001	08
6765	FDBA	8000	87
6765	FDC2	8001	09
6765	FDA9	8000	86
6765	FDB1	8001	08
6765	FDBA	8000	87
6765	FDC2	8001	09
6765	FDA9	8000	86
6765	FDB1	8001	08
6765	FDBA	8000	87
6765	FDC2	8001	09
6765	FC3F	8000	86
6765	FC48	8001	06
6765	FC4F	8000	87
6765	FC58	8001	07
6765	FDA9	8000	86
6765	FDB1	8001	28
6765	FDBA	8000	87
6765	FDC2	8001	29
6765	FDA9	8000	86
6765	FDB1	8001	28
6765	FDBA	8000	87
6765	FDC2	8001	29
6765	FDA9	8000	86
6765	FDB1	8001	18
6765	FDBA	8000	87
6765	FDC2	8001	19
6765	FDA9	8000	86
6765	FDB1	8001	08
6765	FDBA	8000	87
6765	FDC2	8001	09
6765	FDA9	8000	86
6765	FDB1	8001	08
6765	FDBA	8000	87
6765	FDC2	8001	09
6765	F9B3	8000	80
6765	F9B9	8001	FC
6765	F9BE	8000	81
6765	F9C4	8001	E2
6765	F9C9	8000	82
6765	F9CF	8001	A2
6765	F9D4	8000	83
6765	F9DA	8001	01
6765	F9DF	8000	84
6765	F9E5	8001	02
6765	F9EA	8000	85
6765	F9F0	8001	0A
6765	F8DB	8000	87
6765	F9B3	8000	80
6765	F9B9	8001	FC
6765	F9BE	8000	81
6765	F9C4	8001	0A
6765	F9C9	8000	82
6765	F9CF	8001	FC
6765	F9D4	8000	83
6765	F9DA	8001	FD
6765	F9DF	8000	84
6765	F9E5	8001	02
6765	F9EA	8000	85
6765	F9F0	8001	0A
6765	F8DB	8000	87
6766	FA23	8000	80
6766	FA29	8001	FC
6766	FA2E	8000	81
6766	FA34	8001	E2
6766	FA39	8000	82
6766	FA3F	8001	A2
6766	FA44	8000	83
6766	FA4A	8001	35
6766	FA4F	8000	84
6766	FA55	8001	B7
6766	FA5A	8000	85
6766	FA60	8001	BD
6766	FADD	8000	86
6766	FAE2	8001	18
6766	FAE9	8000	87
6766	FAEE	8001	19
6766	FAF8	8000	86
6766	FAFE	8001	08
6766	FB05	8000	87
6766	FB0B	8001	09
6766	FDA9	8000	86
6766	FDB1	8001	06
6766	FDBA	8000	87
6766	FDC2	8001	07
6766	FDA9	8000	86
6766	FDB1	8001	20
6766	FDBA	8000	87
6766	FDC2	8001	21
6766	FDA9	8000	86
6766	FDB1	8001	08
6766	FDBA	8000	87
6766	FDC2	8001	09
6766	FDA9	8000	86
6766	FDB1	8001	08
6766	FDBA	8000	87
6766	FDC2	8001	09
6766	FDA9	8000	86
6766	FDB1	8001	08
6766	FDBA	8000	87
6766	FDC2	8001	09
6766	FDA9	8000	86
6766	FDB1	8001	08
6766	FDBA	8000	87
6766	FDC2	8001	09
6766	FDA9	8000	86
6766	FDB1	8001	08
6766	FDBA	8000	87
6766	FDC2	8001	09
6766	FDA9	8000	86
6766	FDB1	8001	08
6766	FDBA	8000	87
6766	FDC2	8001	09
6766	FC3F	8000	86
6766	FC48	8001	06
6766	FC4F	8000	87
6766	FC58	8001	07
6766	FDA9	8000	86
6766	FDB1	8001	28
6766	FDBA	8000	87
6766	FDC2	8001	29
6766	FDA9	8000	86
6766	FDB1	8001	28
6766	FDBA	8000	87
6766	FDC2	8001	29
6766	FDA9	8000	86
6766	FDB1	8001	18
6766	FDBA	8000	87
6766	FDC2	8001	19
6766	FDA9	8000	86
6766	FDB1	8001	08
6766	FDBA	8000	87
6766	FDC2	8001	09
6766	FDA9	8000	86
6766	FDB1	8001	08
6766	FDBA	8000	87
6766	FDC2	8001	09
6766	F9B3	8000	80
6766	F9B9	8001	FC
6766	F9BE	8000	81
6766	F9C4	8001	E2
6766	F9C9	8000	82
6766	F9CF	8001	A2
6766	F9D4	8000	83
6766	F9DA	8001	01
6766	F9DF	8000	84
6766	F9E5	8001	02
6766	F9EA	8000	85
6766	F9F0	8001	0A
6766	F8DB	8000	87
6766	F9B3	8000	80
6766	F9B9	8001	FC
6766	F9BE	8000	81
6766	F9C4	8001	0A
6766	F9C9	8000	82
6766	F9CF	8001	FC
6766	F9D4	8000	83
6766	F9DA	8001	FD
6766	F9DF	8000	84
6766	F9E5	8001	02
6766	F9EA	8000	85
6766	F9F0	8001	0A
6766	F8DB	8000	87
6767	FA23	8000	80
6767	FA29	8001	FC
6767	FA2E	8000	81
6767	FA34	8001	E2
6767	FA39	8000	82
6767	FA3F	8001	A2
6767	FA44	8000	83
6767	FA4A	8001	35
6767	FA4F	8000	84
6767	FA55	8001	B7
6767	FA5A	8000	85
6767	FA60	8001	BD
6767	FADD	8000	86
6767	FAE2	8001	18
6767	FAE9	8000	87
6767	FAEE	8001	19
6767	FAF8	8000	86
6767	FAFE	8001	08
6767	FB05	8000	87
6767	FB0B	8001	09
6767	FDA9	8000	86
6767	FDB1	8001	06
6767	FDBA	8000	87
6767	FDC2	8001	07
6767	FDA9	8000	86
6767	FDB1	8001	20
6767	FDBA	8000	87
6767	FDC2	8001	21
6767	FDA9	8000	86
6767	FDB1	8001	08
6767	FDBA	8000	87
6767	FDC2	8001	09
6767	FDA9	8000	86
6767	FDB1	8001	08
6767	FDBA	8000	87
6767	FDC2	8001	09
6767	FDA9	8000	86
6767	FDB1	8001	08
6767	FDBA	8000	87
6767	FDC2	8001	09
6767	FDA9	8000	86
6767	FDB1	8001	08
6767	FDBA	8000	87
6767	FDC2	8001	09
6767	FDA9	8000	86
6767	FDB1	8001	08
6767	FDBA	8000	87
6767	FDC2	8001	09
6767	FDA9	8000	86
6767	FDB1	8001	08
6767	FDBA	8000	87
6767	FDC2	8001	09
6767	FC3F	8000	86
6767	FC48	8001	06
6767	FC4F	8000	87
6767	FC58	8001	07
6767	FDA9	8000	86
6767	FDB1	8001	28
6767	FDBA	8000	87
6767	FDC2	8001	29
6767	FDA9	8000	86
6767	FDB1	8001	28
6767	FDBA	8000	87
6767	FDC2	8001	29
6767	FDA9	8000	86
6767	FDB1	8001	18
6767	FDBA	8000	87
6767	FDC2	8001	19
6767	FDA9	8000	86
6767	FDB1	8001	08
6767	FDBA	8000	87
6767	FDC2	8001	09
6767	FDA9	8000	86
6767	FDB1	8001	08
6767	FDBA	8000	87
6767	FDC2	8001	09
6767	F9B3	8000	80
6767	F9B9	8001	FC
6767	F9BE	8000	81
6767	F9C4	8001	E2
6767	F9C9	8000	82
6767	F9CF	8001	A2
6767	F9D4	8000	83
6767	F9DA	8001	01
6767	F9DF	8000	84
6767	F9E5	8001	02
6767	F9EA	8000	85
6767	F9F0	8001	0A
6767	F8DB	8000	87
6767	F9B3	8000	80
6767	F9B9	8001	FC
6767	F9BE	8000	81
6767	F9C4	8001	0A
6767	F9C9	8000	82
6767	F9CF	8001	FC
6767	F9D4	8000	83
6767	F9DA	8001	FD
6767	F9DF	8000	84
6767	F9E5	8001	02
6767	F9EA	8000	85
6767	F9F0	8001	0A
6767	F8DB	8000	87
6768	FA23	8000	80
6768	FA29	8001	FC
6768	FA2E	8000	81
6768	FA34	8001	E2
6768	FA39	8000	82
6768	FA3F	8001	A2
6768	FA44	8000	83
6768	FA4A	8001	35
6768	FA4F	8000	84
6768	FA55	8001	B7
6768	FA5A	8000	85
6768	FA60	8001	BD
6768	FADD	8000	86
6768	FAE2	8001	18
6768	FAE9	8000	87
6768	FAEE	8001	19
6768	FAF8	8000	86
6768	FAFE	8001	08
6768	FB05	8000	87
6768	FB0B	8001	09
6768	FDA9	8000	86
6768	FDB1	8001	06
6768	FDBA	8000	87
6768	FDC2	8001	07
6768	FDA9	8000	86
6768	FDB1	8001	20
6768	FDBA	8000	87
6768	FDC2	8001	21
6768	FDA9	8000	86
6768	FDB1	8001	08
6768	FDBA	8000	87
6768	FDC2	8001	09
6768	FDA9	8000	86
6768	FDB1	8001	08
6768	FDBA	8000	87
6768	FDC2	8001	09
6768	FDA9	8000	86
6768	FDB1	8001	08
6768	FDBA	8000	87
6768	FDC2	8001	09
6768	FDA9	8000	86
6768	FDB1	8001	08
6768	FDBA	8000	87
6768	FDC2	8001	09
6768	FDA9	8000	86
6768	FDB1	8001	08
6768	FDBA	8000	87
6768	FDC2	8001	09
6768	FDA9	8000	86
6768	FDB1	8001	08
6768	FDBA	8000	87
6768	FDC2	8001	09
6768	FC3F	8000	86
6768	FC48	8001	06
6768	FC4F	8000	87
6768	FC58	8001	07
6768	FDA9	8000	86
6768	FDB1	8001	28
6768	FDBA	8000	87
6768	FDC2	8001	29
6768	FDA9	8000	86
6768	FDB1	8001	28
6768	FDBA	8000	87
6768	FDC2	8001	29
6768	FDA9	8000	86
6768	FDB1	8001	18
6768	FDBA	8000	87
6768	FDC2	8001	19
6768	FDA9	8000	86
6768	FDB1	8001	08
6768	FDBA	8000	87
6768	FDC2	8001	09
6768	FDA9	8000	86
6768	FDB1	8001	08
6768	FDBA	8000	87
6768	FDC2	8001	09
6768	F9B3	8000	80
6768	F9B9	8001	FC
6768	F9BE	8000	81
6768	F9C4	8001	E2
6768	F9C9	8000	82
6768	F9CF	8001	A2
6768	F9D4	8000	83
6768	F9DA	8001	01
6768	F9DF	8000	84
6768	F9E5	8001	02
6768	F9EA	8000	85
6768	F9F0	8001	0A
6768	F8DB	8000	87
6768	F9B3	8000	80
6768	F9B9	8001	FC
6768	F9BE	8000	81
6768	F9C4	8001	0A
6768	F9C9	8000	82
6768	F9CF	8001	FC
6768	F9D4	8000	83
6768	F9DA	8001	FD
6768	F9DF	8000	84
6768	F9E5	8001	02
6768	F9EA	8000	85
6768	F9F0	8001	0A
6768	F8DB	8000	87
6769	FA23	8000	80
6769	FA29	8001	FC
6769	FA2E	8000	81
6769	FA34	8001	E2
6769	FA39	8000	82
6769	FA3F	8001	A2
6769	FA44	8000	83
6769	FA4A	8001	35
6769	FA4F	8000	84
6769	FA55	8001	B7
6769	FA5A	8000	85
6769	FA60	8001	BD
6769	FADD	8000	86
6769	FAE2	8001	18
6769	FAE9	8000	87
6769	FAEE	8001	19
6769	FAF8	8000	86
6769	FAFE	8001	08
6769	FB05	8000	87
6769	FB0B	8001	09
6769	FDA9	8000	86
6769	FDB1	8001	06
6769	FDBA	8000	87
6769	FDC2	8001	07
6769	FDA9	8000	86
6769	FDB1	8001	20
6769	FDBA	8000	87
6769	FDC2	8001	21
6769	FDA9	8000	86
6769	FDB1	8001	08
6769	FDBA	8000	87
6769	FDC2	8001	09
6769	FDA9	8000	86
6769	FDB1	8001	08
6769	FDBA	8000	87
6769	FDC2	8001	09
6769	FDA9	8000	86
6769	FDB1	8001	08
6769	FDBA	8000	87
6769	FDC2	8001	09
6769	FDA9	8000	86
6769	FDB1	8001	08
6769	FDBA	8000	87
6769	FDC2	8001	09
6769	FDA9	8000	86
6769	FDB1	8001	08
6769	FDBA	8000	87
6769	FDC2	8001	09
6769	FDA9	8000	86
6769	FDB1	8001	08
6769	FDBA	8000	87
6769	FDC2	8001	09
6769	FC3F	8000	86
6769	FC48	8001	06
6769	FC4F	8000	87
6769	FC58	8001	07
6769	FDA9	8000	86
6769	FDB1	8001	28
6769	FDBA	8000	87
6769	FDC2	8001	29
6769	FDA9	8000	86
6769	FDB1	8001	28
6769	FDBA	8000	87
6769	FDC2	8001	29
6769	FDA9	8000	86
6769	FDB1	8001	18
6769	FDBA	8000	87
6769	FDC2	8001	19
6769	FDA9	8000	86
6769	FDB1	8001	08
6769	FDBA	8000	87
6769	FDC2	8001	09
6769	FDA9	8000	86
6769	FDB1	8001	08
6769	FDBA	8000	87
6769	FDC2	8001	09
6769	F9B3	8000	80
6769	F9B9	8001	FC
6769	F9BE	8000	81
6769	F9C4	8001	E2
6769	F9C9	8000	82
6769	F9CF	8001	A2
6769	F9D4	8000	83
6769	F9DA	8001	01
6769	F9DF	8000	84
6769	F9E5	8001	02
6769	F9EA	8000	85
6769	F9F0	8001	0A
6769	F8DB	8000	87
6769	F9B3	8000	80
6769	F9B9	8001	FC
6769	F9BE	8000	81
6769	F9C4	8001	0A
6769	F9C9	8000	82
6769	F9CF	8001	FC
6769	F9D4	8000	83
6769	F9DA	8001	FD
6769	F9DF	8000	84
6769	F9E5	8001	02
6769	F9EA	8000	85
6769	F9F0	8001	0A
6769	F8DB	8000	87
6770	FA23	8000	80
6770	FA29	8001	FC
6770	FA2E	8000	81
6770	FA34	8001	E2
6770	FA39	8000	82
6770	FA3F	8001	A2
6770	FA44	8000	83
6770	FA4A	8001	35
6770	FA4F	8000	84
6770	FA55	8001	B7
6770	FA5A	8000	85
6770	FA60	8001	BD
6770	FADD	8000	86
6770	FAE2	8001	18
6770	FAE9	8000	87
6770	FAEE	8001	19
6770	FAF8	8000	86
6770	FAFE	8001	08
6770	FB05	8000	87
6770	FB0B	8001	09
6770	FDA9	8000	86
6770	FDB1	8001	06
6770	FDBA	8000	87
6770	FDC2	8001	07
6770	FDA9	8000	86
6770	FDB1	8001	20
6770	FDBA	8000	87
6770	FDC2	8001	21
6770	FDA9	8000	86
6770	FDB1	8001	08
6770	FDBA	8000	87
6770	FDC2	8001	09
6770	FDA9	8000	86
6770	FDB1	8001	08
6770	FDBA	8000	87
6770	FDC2	8001	09
6770	FDA9	8000	86
6770	FDB1	8001	08
6770	FDBA	8000	87
6770	FDC2	8001	09
6770	FDA9	8000	86
6770	FDB1	8001	08
6770	FDBA	8000	87
6770	FDC2	8001	09
6770	FDA9	8000	86
6770	FDB1	8001	08
6770	FDBA	8000	87
6770	FDC2	8001	09
6770	FDA9	8000	86
6770	FDB1	8001	08
6770	FDBA	8000	87
6770	FDC2	8001	09
6770	FC3F	8000	86
6770	FC48	8001	06
6770	FC4F	8000	87
6770	FC58	8001	07
6770	FDA9	8000	86
6770	FDB1	8001	28
6770	FDBA	8000	87
6770	FDC2	8001	29
6770	FDA9	8000	86
6770	FDB1	8001	28
6770	FDBA	8000	87
6770	FDC2	8001	29
6770	FDA9	8000	86
6770	FDB1	8001	18
6770	FDBA	8000	87
6770	FDC2	8001	19
6770	FDA9	8000	86
6770	FDB1	8001	08
6770	FDBA	8000	87
6770	FDC2	8001	09
6770	FDA9	8000	86
6770	FDB1	8001	08
6770	FDBA	8000	87
6770	FDC2	8001	09
6770	F9B3	8000	80
6770	F9B9	8001	FC
6770	F9BE	8000	81
6770	F9C4	8001	E2
6770	F9C9	8000	82
6770	F9CF	8001	A2
6770	F9D4	8000	83
6770	F9DA	8001	01
6770	F9DF	8000	84
6770	F9E5	8001	02
6770	F9EA	8000	85
6770	F9F0	8001	0A
6770	F8DB	8000	87
6770	F9B3	8000	80
6770	F9B9	8001	FC
6770	F9BE	8000	81
6770	F9C4	8001	0A
6770	F9C9	8000	82
6770	F9CF	8001	FC
6770	F9D4	8000	83
6770	F9DA	8001	FD
6770	F9DF	8000	84
6770	F9E5	8001	02
6770	F9EA	8000	85
6770	F9F0	8001	0A
6770	F8DB	8000	87
6771	FA23	8000	80
6771	FA29	8001	FC
6771	FA2E	8000	81
6771	FA34	8001	E2
6771	FA39	8000	82
6771	FA3F	8001	A2
6771	FA44	8000	83
6771	FA4A	8001	35
6771	FA4F	8000	84
6771	FA55	8001	B7
6771	FA5A	8000	85
6771	FA60	8001	BD
6771	FADD	8000	86
6771	FAE2	8001	18
6771	FAE9	8000	87
6771	FAEE	8001	19
6771	FAF8	8000	86
6771	FAFE	8001	08
6771	FB05	8000	87
6771	FB0B	8001	09
6771	FDA9	8000	86
6771	FDB1	8001	06
6771	FDBA	8000	87
6771	FDC2	8001	07
6771	FDA9	8000	86
6771	FDB1	8001	20
6771	FDBA	8000	87
6771	FDC2	8001	21
6771	FDA9	8000	86
6771	FDB1	8001	08
6771	FDBA	8000	87
6771	FDC2	8001	09
6771	FDA9	8000	86
6771	FDB1	8001	08
6771	FDBA	8000	87
6771	FDC2	8001	09
6771	FDA9	8000	86
6771	FDB1	8001	08
6771	FDBA	8000	87
6771	FDC2	8001	09
6771	FDA9	8000	86
6771	FDB1	8001	08
6771	FDBA	8000	87
6771	FDC2	8001	09
6771	FDA9	8000	86
6771	FDB1	8001	08
6771	FDBA	8000	87
6771	FDC2	8001	09
6771	FDA9	8000	86
6771	FDB1	8001	08
6771	FDBA	8000	87
6771	FDC2	8001	09
6771	FC3F	8000	86
6771	FC48	8001	06
6771	FC4F	8000	87
6771	FC58	8001	07
6771	FDA9	8000	86
6771	FDB1	8001	28
6771	FDBA	8000	87
6771	FDC2	8001	29
6771	FDA9	8000	86
6771	FDB1	8001	28
6771	FDBA	8000	87
6771	FDC2	8001	29
6771	FDA9	8000	86
6771	FDB1	8001	18
6771	FDBA	8000	87
6771	FDC2	8001	19
6771	FDA9	8000	86
6771	FDB1	8001	08
6771	FDBA	8000	87
6771	FDC2	8001	09
6771	FDA9	8000	86
6771	FDB1	8001	08
6771	FDBA	8000	87
6771	FDC2	8001	09
6771	F9B3	8000	80
6771	F9B9	8001	FC
6771	F9BE	8000	81
6771	F9C4	8001	E2
6771	F9C9	8000	82
6771	F9CF	8001	A2
6771	F9D4	8000	83
6771	F9DA	8001	01
6771	F9DF	8000	84
6771	F9E5	8001	02
6771	F9EA	8000	85
6771	F9F0	8001	0A
6771	F8DB	8000	87
6771	F9B3	8000	80
6771	F9B9	8001	FC
6771	F9BE	8000	81
6771	F9C4	8001	0A
6771	F9C9	8000	82
6771	F9CF	8001	FC
6771	F9D4	8000	83
6771	F9DA	8001	FD
6771	F9DF	8000	84
6771	F9E5	8001	02
6771	F9EA	8000	85
6771	F9F0	8001	0A
6771	F8DB	8000	87
6772	FA23	8000	80
6772	FA29	8001	FC
6772	FA2E	8000	81
6772	FA34	8001	E2
6772	FA39	8000	82
6772	FA3F	8001	A2
6772	FA44	8000	83
6772	FA4A	8001	35
6772	FA4F	8000	84
6772	FA55	8001	B7
6772	FA5A	8000	85
6772	FA60	8001	BD
6772	FADD	8000	86
6772	FAE2	8001	18
6772	FAE9	8000	87
6772	FAEE	8001	19
6772	FAF8	8000	86
6772	FAFE	8001	08
6772	FB05	8000	87
6772	FB0B	8001	09
6772	FDA9	8000	86
6772	FDB1	8001	06
6772	FDBA	8000	87
6772	FDC2	8001	07
6772	FDA9	8000	86
6772	FDB1	8001	20
6772	FDBA	8000	87
6772	FDC2	8001	21
6772	FDA9	8000	86
6772	FDB1	8001	08
6772	FDBA	8000	87
6772	FDC2	8001	09
6772	FDA9	8000	86
6772	FDB1	8001	08
6772	FDBA	8000	87
6772	FDC2	8001	09
6772	FDA9	8000	86
6772	FDB1	8001	08
6772	FDBA	8000	87
6772	FDC2	8001	09
6772	FDA9	8000	86
6772	FDB1	8001	08
6772	FDBA	8000	87
6772	FDC2	8001	09
6772	FDA9	8000	86
6772	FDB1	8001	08
6772	FDBA	8000	87
6772	FDC2	8001	09
6772	FDA9	8000	86
6772	FDB1	8001	08
6772	FDBA	8000	87
6772	FDC2	8001	09
6772	FC3F	8000	86
6772	FC48	8001	06
6772	FC4F	8000	87
6772	FC58	8001	07
6772	FDA9	8000	86
6772	FDB1	8001	28
6772	FDBA	8000	87
6772	FDC2	8001	29
6772	FDA9	8000	86
6772	FDB1	8001	28
6772	FDBA	8000	87
6772	FDC2	8001	29
6772	FDA9	8000	86
6772	FDB1	8001	18
6772	FDBA	8000	87
6772	FDC2	8001	19
6772	FDA9	8000	86
6772	FDB1	8001	08
6772	FDBA	8000	87
6772	FDC2	8001	09
6772	FDA9	8000	86
6772	FDB1	8001	08
6772	FDBA	8000	87
6772	FDC2	8001	09
6772	F9B3	8000	80
6772	F9B9	8001	FC
6772	F9BE	8000	81
6772	F9C4	8001	E2
6772	F9C9	8000	82
6772	F9CF	8001	A2
6772	F9D4	8000	83
6772	F9DA	8001	01
6772	F9DF	8000	84
6772	F9E5	8001	02
6772	F9EA	8000	85
6772	F9F0	8001	0A
6772	F8DB	8000	87
6772	F9B3	8000	80
6772	F9B9	8001	FC
6772	F9BE	8000	81
6772	F9C4	8001	0A
6772	F9C9	8000	82
6772	F9CF	8001	FC
6772	F9D4	8000	83
6772	F9DA	8001	FD
6772	F9DF	8000	84
6772	F9E5	8001	02
6772	F9EA	8000	85
6772	F9F0	8001	0A
6772	F8DB	8000	87
6773	FA23	8000	80
6773	FA29	8001	FC
6773	FA2E	8000	81
6773	FA34	8001	E2
6773	FA39	8000	82
6773	FA3F	8001	A2
6773	FA44	8000	83
6773	FA4A	8001	35
6773	FA4F	8000	84
6773	FA55	8001	B7
6773	FA5A	8000	85
6773	FA60	8001	BD
6773	FADD	8000	86
6773	FAE2	8001	18
6773	FAE9	8000	87
6773	FAEE	8001	19
6773	FAF8	8000	86
6773	FAFE	8001	08
6773	FB05	8000	87
6773	FB0B	8001	09
6773	FDA9	8000	86
6773	FDB1	8001	06
6773	FDBA	8000	87
6773	FDC2	8001	07
6773	FDA9	8000	86
6773	FDB1	8001	20
6773	FDBA	8000	87
6773	FDC2	8001	21
6773	FDA9	8000	86
6773	FDB1	8001	08
6773	FDBA	8000	87
6773	FDC2	8001	09
6773	FDA9	8000	86
6773	FDB1	8001	08
6773	FDBA	8000	87
6773	FDC2	8001	09
6773	FDA9	8000	86
6773	FDB1	8001	08
6773	FDBA	8000	87
6773	FDC2	8001	09
6773	FDA9	8000	86
6773	FDB1	8001	08
6773	FDBA	8000	87
6773	FDC2	8001	09
6773	FDA9	8000	86
6773	FDB1	8001	08
6773	FDBA	8000	87
6773	FDC2	8001	09
6773	FDA9	8000	86
6773	FDB1	8001	08
6773	FDBA	8000	87
6773	FDC2	8001	09
6773	FC3F	8000	86
6773	FC48	8001	06
6773	FC4F	8000	87
6773	FC58	8001	07
6773	FDA9	8000	86
6773	FDB1	8001	28
6773	FDBA	8000	87
6773	FDC2	8001	29
6773	FDA9	8000	86
6773	FDB1	8001	28
6773	FDBA	8000	87
6773	FDC2	8001	29
6773	FDA9	8000	86
6773	FDB1	8001	18
6773	FDBA	8000	87
6773	FDC2	8001	19
6773	FDA9	8000	86
6773	FDB1	8001	08
6773	FDBA	8000	87
6773	FDC2	8001	09
6773	FDA9	8000	86
6773	FDB1	8001	08
6773	FDBA	8000	87
6773	FDC2	8001	09
6773	F9B3	8000	80
6773	F9B9	8001	FC
6773	F9BE	8000	81
6773	F9C4	8001	E2
6773	F9C9	8000	82
6773	F9CF	8001	A2
6773	F9D4	8000	83
6773	F9DA	8001	01
6773	F9DF	8000	84
6773	F9E5	8001	02
6773	F9EA	8000	85
6773	F9F0	8001	0A
6773	F8DB	8000	87
6773	F9B3	8000	80
6773	F9B9	8001	FC
6773	F9BE	8000	81
6773	F9C4	8001	0A
6773	F9C9	8000	82
6773	F9CF	8001	FC
6773	F9D4	8000	83
6773	F9DA	8001	FD
6773	F9DF	8000	84
6773	F9E5	8001	02
6773	F9EA	8000	85
6773	F9F0	8001	0A
6773	F8DB	8000	87
6774	FA23	8000	80
6774	FA29	8001	FC
6774	FA2E	8000	81
6774	FA34	8001	E2
6774	FA39	8000	82
6774	FA3F	8001	A2
6774	FA44	8000	83
6774	FA4A	8001	35
6774	FA4F	8000	84
6774	FA55	8001	B7
6774	FA5A	8000	85
6774	FA60	8001	BD
6774	FADD	8000	86
6774	FAE2	8001	18
6774	FAE9	8000	87
6774	FAEE	8001	19
6774	BF0A	8000	86
6774	C8E1	8001	00
6774	C8E6	8000	87
6774	C8EB	8001	01
6774	C900	8000	86
6774	C905	8001	18
6774	C90A	8000	87
6774	C90F	8001	19
6774	BF0A	8000	86
6774	C8E1	8001	00
6774	C8E6	8000	87
6774	C8EB	8001	01
6774	C900	8000	86
6774	C905	8001	18
6774	C90A	8000	87
6774	C90F	8001	19
6774	BF0A	8000	86
6774	C8E1	8001	00
6774	C8E6	8000	87
6774	C8EB	8001	01
6774	C900	8000	86
6774	C905	8001	18
6774	C90A	8000	87
6774	C90F	8001	19
6774	FAF8	8000	86
6774	FAFE	8001	08
6774	FB05	8000	87
6774	FB0B	8001	09
6774	FDA9	8000	86
6774	FDB1	8001	06
6774	FDBA	8000	87
6774	FDC2	8001	07
6774	FDA9	8000	86
6774	FDB1	8001	20
6774	FDBA	8000	87
6774	FDC2	8001	21
6774	FDA9	8000	86
6774	FDB1	8001	08
6774	FDBA	8000	87
6774	FDC2	8001	09
6774	FDA9	8000	86
6774	FDB1	8001	08
6774	FDBA	8000	87
6774	FDC2	8001	09
6774	FDA9	8000	86
6774	FDB1	8001	08
6774	FDBA	8000	87
6774	FDC2	8001	09
6774	FDA9	8000	86
6774	FDB1	8001	08
6774	FDBA	8000	87
6774	FDC2	8001	09
6774	FDA9	8000	86
6774	FDB1	8001	08
6774	FDBA	8000	87
6774	FDC2	8001	09
6774	FDA9	8000	86
6774	FDB1	8001	08
6774	FDBA	8000	87
6774	FDC2	8001	09
6774	FC3F	8000	86
6774	FC48	8001	06
6774	FC4F	8000	87
6774	FC58	8001	07
6774	FDA9	8000	86
6774	FDB1	8001	28
6774	FDBA	8000	87
6774	FDC2	8001	29
6774	FDA9	8000	86
6774	FDB1	8001	28
6774	FDBA	8000	87
6774	FDC2	8001	29
6774	FDA9	8000	86
6774	FDB1	8001	18
6774	FDBA	8000	87
6774	FDC2	8001	19
6774	FDA9	8000	86
6774	FDB1	8001	08
6774	FDBA	8000	87
6774	FDC2	8001	09
6774	F9B3	8000	80
6774	F9B9	8001	FC
6774	F9BE	8000	81
6774	F9C4	8001	E2
6774	F9C9	8000	82
6774	F9CF	8001	A2
6774	F9D4	8000	83
6774	F9DA	8001	01
6774	F9DF	8000	84
6774	F9E5	8001	02
6774	F9EA	8000	85
6774	F9F0	8001	0A
6774	F8DB	8000	87
6774	FDA9	8000	86
6774	FDB1	8001	08
6774	FDBA	8000	87
6774	FDC2	8001	09
6774	F9B3	8000	80
6774	F9B9	8001	FC
6774	F9BE	8000	81
6774	F9C4	8001	0A
6774	F9C9	8000	82
6774	F9CF	8001	FC
6774	F9D4	8000	83
6774	F9DA	8001	FD
6774	F9DF	8000	84
6774	F9E5	8001	02
6774	F9EA	8000	85
6774	F9F0	8001	0A
6774	F8DB	8000	87
6775	FA23	8000	80
6775	FA29	8001	FC
6775	FA2E	8000	81
6775	FA34	8001	E2
6775	FA39	8000	82
6775	FA3F	8001	A2
6775	FA44	8000	83
6775	FA4A	8001	35
6775	FA4F	8000	84
6775	FA55	8001	B7
6775	FA5A	8000	85
6775	FA60	8001	BD
6775	FADD	8000	86
6775	FAE2	8001	18
6775	FAE9	8000	87
6775	FAEE	8001	19
6775	FAF8	8000	86
6775	FAFE	8001	08
6775	FB05	8000	87
6775	FB0B	8001	09
6775	FDA9	8000	86
6775	FDB1	8001	06
6775	FDBA	8000	87
6775	FDC2	8001	07
6775	FDA9	8000	86
6775	FDB1	8001	20
6775	FDBA	8000	87
6775	FDC2	8001	21
6775	FDA9	8000	86
6775	FDB1	8001	08
6775	FDBA	8000	87
6775	FDC2	8001	09
6775	FDA9	8000	86
6775	FDB1	8001	08
6775	FDBA	8000	87
6775	FDC2	8001	09
6775	FDA9	8000	86
6775	FDB1	8001	08
6775	FDBA	8000	87
6775	FDC2	8001	09
6775	FDA9	8000	86
6775	FDB1	8001	08
6775	FDBA	8000	87
6775	FDC2	8001	09
6775	FDA9	8000	86
6775	FDB1	8001	08
6775	FDBA	8000	87
6775	FDC2	8001	09
6775	FDA9	8000	86
6775	FDB1	8001	08
6775	FDBA	8000	87
6775	FDC2	8001	09
6775	FC3F	8000	86
6775	FC48	8001	06
6775	FC4F	8000	87
6775	FC58	8001	07
6775	FDA9	8000	86
6775	FDB1	8001	28
6775	FDBA	8000	87
6775	FDC2	8001	29
6775	FDA9	8000	86
6775	FDB1	8001	28
6775	FDBA	8000	87
6775	FDC2	8001	29
6775	FDA9	8000	86
6775	FDB1	8001	18
6775	FDBA	8000	87
6775	FDC2	8001	19
6775	FDA9	8000	86
6775	FDB1	8001	08
6775	FDBA	8000	87
6775	FDC2	8001	09
6775	FDA9	8000	86
6775	FDB1	8001	08
6775	FDBA	8000	87
6775	FDC2	8001	09
6775	F9B3	8000	80
6775	F9B9	8001	FC
6775	F9BE	8000	81
6775	F9C4	8001	E2
6775	F9C9	8000	82
6775	F9CF	8001	A2
6775	F9D4	8000	83
6775	F9DA	8001	01
6775	F9DF	8000	84
6775	F9E5	8001	02
6775	F9EA	8000	85
6775	F9F0	8001	0A
6775	F8DB	8000	87
6775	F9B3	8000	80
6775	F9B9	8001	FC
6775	F9BE	8000	81
6775	F9C4	8001	0A
6775	F9C9	8000	82
6775	F9CF	8001	FC
6775	F9D4	8000	83
6775	F9DA	8001	FD
6775	F9DF	8000	84
6775	F9E5	8001	02
6775	F9EA	8000	85
6775	F9F0	8001	0A
6775	F8DB	8000	87
6776	FA23	8000	80
6776	FA29	8001	FC
6776	FA2E	8000	81
6776	FA34	8001	E2
6776	FA39	8000	82
6776	FA3F	8001	A2
6776	FA44	8000	83
6776	FA4A	8001	35
6776	FA4F	8000	84
6776	FA55	8001	B7
6776	FA5A	8000	85
6776	FA60	8001	BD
6776	FADD	8000	86
6776	FAE2	8001	18
6776	FAE9	8000	87
6776	FAEE	8001	19
6776	FAF8	8000	86
6776	FAFE	8001	08
6776	FB05	8000	87
6776	FB0B	8001	09
6776	FDA9	8000	86
6776	FDB1	8001	06
6776	FDBA	8000	87
6776	FDC2	8001	07
6776	FDA9	8000	86
6776	FDB1	8001	20
6776	FDBA	8000	87
6776	FDC2	8001	21
6776	FDA9	8000	86
6776	FDB1	8001	08
6776	FDBA	8000	87
6776	FDC2	8001	09
6776	FDA9	8000	86
6776	FDB1	8001	08
6776	FDBA	8000	87
6776	FDC2	8001	09
6776	FDA9	8000	86
6776	FDB1	8001	08
6776	FDBA	8000	87
6776	FDC2	8001	09
6776	FDA9	8000	86
6776	FDB1	8001	08
6776	FDBA	8000	87
6776	FDC2	8001	09
6776	FDA9	8000	86
6776	FDB1	8001	08
6776	FDBA	8000	87
6776	FDC2	8001	09
6776	FDA9	8000	86
6776	FDB1	8001	08
6776	FDBA	8000	87
6776	FDC2	8001	09
6776	FC3F	8000	86
6776	FC48	8001	06
6776	FC4F	8000	87
6776	FC58	8001	07
6776	FDA9	8000	86
6776	FDB1	8001	28
6776	FDBA	8000	87
6776	FDC2	8001	29
6776	FDA9	8000	86
6776	FDB1	8001	28
6776	FDBA	8000	87
6776	FDC2	8001	29
6776	FDA9	8000	86
6776	FDB1	8001	18
6776	FDBA	8000	87
6776	FDC2	8001	19
6776	FDA9	8000	86
6776	FDB1	8001	08
6776	FDBA	8000	87
6776	FDC2	8001	09
6776	FDA9	8000	86
6776	FDB1	8001	08
6776	FDBA	8000	87
6776	FDC2	8001	09
6776	F9B3	8000	80
6776	F9B9	8001	FC
6776	F9BE	8000	81
6776	F9C4	8001	E2
6776	F9C9	8000	82
6776	F9CF	8001	A2
6776	F9D4	8000	83
6776	F9DA	8001	01
6776	F9DF	8000	84
6776	F9E5	8001	02
6776	F9EA	8000	85
6776	F9F0	8001	0A
6776	F8DB	8000	87
6776	F9B3	8000	80
6776	F9B9	8001	FC
6776	F9BE	8000	81
6776	F9C4	8001	0A
6776	F9C9	8000	82
6776	F9CF	8001	FC
6776	F9D4	8000	83
6776	F9DA	8001	FD
6776	F9DF	8000	84
6776	F9E5	8001	02
6776	F9EA	8000	85
6776	F9F0	8001	0A
6776	F8DB	8000	87
6777	FA23	8000	80
6777	FA29	8001	FC
6777	FA2E	8000	81
6777	FA34	8001	E2
6777	FA39	8000	82
6777	FA3F	8001	A2
6777	FA44	8000	83
6777	FA4A	8001	35
6777	FA4F	8000	84
6777	FA55	8001	B7
6777	FA5A	8000	85
6777	FA60	8001	BD
6777	FADD	8000	86
6777	FAE2	8001	18
6777	FAE9	8000	87
6777	FAEE	8001	19
6777	FAF8	8000	86
6777	FAFE	8001	08
6777	FB05	8000	87
6777	FB0B	8001	09
6777	FDA9	8000	86
6777	FDB1	8001	06
6777	FDBA	8000	87
6777	FDC2	8001	07
6777	FDA9	8000	86
6777	FDB1	8001	20
6777	FDBA	8000	87
6777	FDC2	8001	21
6777	FDA9	8000	86
6777	FDB1	8001	08
6777	FDBA	8000	87
6777	FDC2	8001	09
6777	FDA9	8000	86
6777	FDB1	8001	08
6777	FDBA	8000	87
6777	FDC2	8001	09
6777	FDA9	8000	86
6777	FDB1	8001	08
6777	FDBA	8000	87
6777	FDC2	8001	09
6777	FDA9	8000	86
6777	FDB1	8001	08
6777	FDBA	8000	87
6777	FDC2	8001	09
6777	FDA9	8000	86
6777	FDB1	8001	08
6777	FDBA	8000	87
6777	FDC2	8001	09
6777	FDA9	8000	86
6777	FDB1	8001	08
6777	FDBA	8000	87
6777	FDC2	8001	09
6777	FC3F	8000	86
6777	FC48	8001	06
6777	FC4F	8000	87
6777	FC58	8001	07
6777	FDA9	8000	86
6777	FDB1	8001	28
6777	FDBA	8000	87
6777	FDC2	8001	29
6777	FDA9	8000	86
6777	FDB1	8001	28
6777	FDBA	8000	87
6777	FDC2	8001	29
6777	FDA9	8000	86
6777	FDB1	8001	18
6777	FDBA	8000	87
6777	FDC2	8001	19
6777	FDA9	8000	86
6777	FDB1	8001	08
6777	FDBA	8000	87
6777	FDC2	8001	09
6777	FDA9	8000	86
6777	FDB1	8001	08
6777	FDBA	8000	87
6777	FDC2	8001	09
6777	F9B3	8000	80
6777	F9B9	8001	FC
6777	F9BE	8000	81
6777	F9C4	8001	E2
6777	F9C9	8000	82
6777	F9CF	8001	A2
6777	F9D4	8000	83
6777	F9DA	8001	01
6777	F9DF	8000	84
6777	F9E5	8001	02
6777	F9EA	8000	85
6777	F9F0	8001	0A
6777	F8DB	8000	87
6777	F9B3	8000	80
6777	F9B9	8001	FC
6777	F9BE	8000	81
6777	F9C4	8001	0A
6777	F9C9	8000	82
6777	F9CF	8001	FC
6777	F9D4	8000	83
6777	F9DA	8001	FD
6777	F9DF	8000	84
6777	F9E5	8001	02
6777	F9EA	8000	85
6777	F9F0	8001	0A
6777	F8DB	8000	87
6778	FA23	8000	80
6778	FA29	8001	FC
6778	FA2E	8000	81
6778	FA34	8001	E2
6778	FA39	8000	82
6778	FA3F	8001	A2
6778	FA44	8000	83
6778	FA4A	8001	35
6778	FA4F	8000	84
6778	FA55	8001	B7
6778	FA5A	8000	85
6778	FA60	8001	BD
6778	FADD	8000	86
6778	FAE2	8001	18
6778	FAE9	8000	87
6778	FAEE	8001	19
6778	FAF8	8000	86
6778	FAFE	8001	08
6778	FB05	8000	87
6778	FB0B	8001	09
6778	FDA9	8000	86
6778	FDB1	8001	06
6778	FDBA	8000	87
6778	FDC2	8001	07
6778	FDA9	8000	86
6778	FDB1	8001	20
6778	FDBA	8000	87
6778	FDC2	8001	21
6778	FDA9	8000	86
6778	FDB1	8001	08
6778	FDBA	8000	87
6778	FDC2	8001	09
6778	FDA9	8000	86
6778	FDB1	8001	08
6778	FDBA	8000	87
6778	FDC2	8001	09
6778	FDA9	8000	86
6778	FDB1	8001	08
6778	FDBA	8000	87
6778	FDC2	8001	09
6778	FDA9	8000	86
6778	FDB1	8001	08
6778	FDBA	8000	87
6778	FDC2	8001	09
6778	FDA9	8000	86
6778	FDB1	8001	08
6778	FDBA	8000	87
6778	FDC2	8001	09
6778	FDA9	8000	86
6778	FDB1	8001	08
6778	FDBA	8000	87
6778	FDC2	8001	09
6778	FC3F	8000	86
6778	FC48	8001	06
6778	FC4F	8000	87
6778	FC58	8001	07
6778	FDA9	8000	86
6778	FDB1	8001	28
6778	FDBA	8000	87
6778	FDC2	8001	29
6778	FDA9	8000	86
6778	FDB1	8001	28
6778	FDBA	8000	87
6778	FDC2	8001	29
6778	FDA9	8000	86
6778	FDB1	8001	18
6778	FDBA	8000	87
6778	FDC2	8001	19
6778	FDA9	8000	86
6778	FDB1	8001	08
6778	FDBA	8000	87
6778	FDC2	8001	09
6778	FDA9	8000	86
6778	FDB1	8001	08
6778	FDBA	8000	87
6778	FDC2	8001	09
6778	F9B3	8000	80
6778	F9B9	8001	FC
6778	F9BE	8000	81
6778	F9C4	8001	E2
6778	F9C9	8000	82
6778	F9CF	8001	A2
6778	F9D4	8000	83
6778	F9DA	8001	01
6778	F9DF	8000	84
6778	F9E5	8001	02
6778	F9EA	8000	85
6778	F9F0	8001	0A
6778	F8DB	8000	87
6778	F9B3	8000	80
6778	F9B9	8001	FC
6778	F9BE	8000	81
6778	F9C4	8001	0A
6778	F9C9	8000	82
6778	F9CF	8001	FC
6778	F9D4	8000	83
6778	F9DA	8001	FD
6778	F9DF	8000	84
6778	F9E5	8001	02
6778	F9EA	8000	85
6778	F9F0	8001	0A
6778	F8DB	8000	87
6779	FA23	8000	80
6779	FA29	8001	FC
6779	FA2E	8000	81
6779	FA34	8001	E2
6779	FA39	8000	82
6779	FA3F	8001	A2
6779	FA44	8000	83
6779	FA4A	8001	35
6779	FA4F	8000	84
6779	FA55	8001	B7
6779	FA5A	8000	85
6779	FA60	8001	BD
6779	FADD	8000	86
6779	FAE2	8001	18
6779	FAE9	8000	87
6779	FAEE	8001	19
6779	FAF8	8000	86
6779	FAFE	8001	08
6779	FB05	8000	87
6779	FB0B	8001	09
6779	FDA9	8000	86
6779	FDB1	8001	06
6779	FDBA	8000	87
6779	FDC2	8001	07
6779	FDA9	8000	86
6779	FDB1	8001	20
6779	FDBA	8000	87
6779	FDC2	8001	21
6779	FDA9	8000	86
6779	FDB1	8001	08
6779	FDBA	8000	87
6779	FDC2	8001	09
6779	FDA9	8000	86
6779	FDB1	8001	08
6779	FDBA	8000	87
6779	FDC2	8001	09
6779	FDA9	8000	86
6779	FDB1	8001	08
6779	FDBA	8000	87
6779	FDC2	8001	09
6779	FDA9	8000	86
6779	FDB1	8001	08
6779	FDBA	8000	87
6779	FDC2	8001	09
6779	FDA9	8000	86
6779	FDB1	8001	08
6779	FDBA	8000	87
6779	FDC2	8001	09
6779	FDA9	8000	86
6779	FDB1	8001	08
6779	FDBA	8000	87
6779	FDC2	8001	09
6779	FC3F	8000	86
6779	FC48	8001	06
6779	FC4F	8000	87
6779	FC58	8001	07
6779	FDA9	8000	86
6779	FDB1	8001	28
6779	FDBA	8000	87
6779	FDC2	8001	29
6779	FDA9	8000	86
6779	FDB1	8001	28
6779	FDBA	8000	87
6779	FDC2	8001	29
6779	FDA9	8000	86
6779	FDB1	8001	18
6779	FDBA	8000	87
6779	FDC2	8001	19
6779	FDA9	8000	86
6779	FDB1	8001	08
6779	FDBA	8000	87
6779	FDC2	8001	09
6779	FDA9	8000	86
6779	FDB1	8001	08
6779	FDBA	8000	87
6779	FDC2	8001	09
6779	F9B3	8000	80
6779	F9B9	8001	FC
6779	F9BE	8000	81
6779	F9C4	8001	E2
6779	F9C9	8000	82
6779	F9CF	8001	A2
6779	F9D4	8000	83
6779	F9DA	8001	01
6779	F9DF	8000	84
6779	F9E5	8001	02
6779	F9EA	8000	85
6779	F9F0	8001	0A
6779	F8DB	8000	87
6779	F9B3	8000	80
6779	F9B9	8001	FC
6779	F9BE	8000	81
6779	F9C4	8001	0A
6779	F9C9	8000	82
6779	F9CF	8001	FC
6779	F9D4	8000	83
6779	F9DA	8001	FD
6779	F9DF	8000	84
6779	F9E5	8001	02
6779	F9EA	8000	85
6779	F9F0	8001	0A
6779	F8DB	8000	87
6780	FA23	8000	80
6780	FA29	8001	FC
6780	FA2E	8000	81
6780	FA34	8001	E2
6780	FA39	8000	82
6780	FA3F	8001	A2
6780	FA44	8000	83
6780	FA4A	8001	35
6780	FA4F	8000	84
6780	FA55	8001	B7
6780	FA5A	8000	85
6780	FA60	8001	BD
6780	FADD	8000	86
6780	FAE2	8001	18
6780	FAE9	8000	87
6780	FAEE	8001	19
6780	FAF8	8000	86
6780	FAFE	8001	08
6780	FB05	8000	87
6780	FB0B	8001	09
6780	FDA9	8000	86
6780	FDB1	8001	06
6780	FDBA	8000	87
6780	FDC2	8001	07
6780	FDA9	8000	86
6780	FDB1	8001	20
6780	FDBA	8000	87
6780	FDC2	8001	21
6780	FDA9	8000	86
6780	FDB1	8001	08
6780	FDBA	8000	87
6780	FDC2	8001	09
6780	FDA9	8000	86
6780	FDB1	8001	08
6780	FDBA	8000	87
6780	FDC2	8001	09
6780	FDA9	8000	86
6780	FDB1	8001	08
6780	FDBA	8000	87
6780	FDC2	8001	09
6780	FDA9	8000	86
6780	FDB1	8001	08
6780	FDBA	8000	87
6780	FDC2	8001	09
6780	FDA9	8000	86
6780	FDB1	8001	08
6780	FDBA	8000	87
6780	FDC2	8001	09
6780	FDA9	8000	86
6780	FDB1	8001	08
6780	FDBA	8000	87
6780	FDC2	8001	09
6780	FC3F	8000	86
6780	FC48	8001	06
6780	FC4F	8000	87
6780	FC58	8001	07
6780	FDA9	8000	86
6780	FDB1	8001	28
6780	FDBA	8000	87
6780	FDC2	8001	29
6780	FDA9	8000	86
6780	FDB1	8001	28
6780	FDBA	8000	87
6780	FDC2	8001	29
6780	FDA9	8000	86
6780	FDB1	8001	18
6780	FDBA	8000	87
6780	FDC2	8001	19
6780	FDA9	8000	86
6780	FDB1	8001	08
6780	FDBA	8000	87
6780	FDC2	8001	09
6780	FDA9	8000	86
6780	FDB1	8001	08
6780	FDBA	8000	87
6780	FDC2	8001	09
6780	F9B3	8000	80
6780	F9B9	8001	FC
6780	F9BE	8000	81
6780	F9C4	8001	E2
6780	F9C9	8000	82
6780	F9CF	8001	A2
6780	F9D4	8000	83
6780	F9DA	8001	01
6780	F9DF	8000	84
6780	F9E5	8001	02
6780	F9EA	8000	85
6780	F9F0	8001	0A
6780	F8DB	8000	87
6780	F9B3	8000	80
6780	F9B9	8001	FC
6780	F9BE	8000	81
6780	F9C4	8001	0A
6780	F9C9	8000	82
6780	F9CF	8001	FC
6780	F9D4	8000	83
6780	F9DA	8001	FD
6780	F9DF	8000	84
6780	F9E5	8001	02
6780	F9EA	8000	85
6780	F9F0	8001	0A
6780	F8DB	8000	87
6781	FA23	8000	80
6781	FA29	8001	FC
6781	FA2E	8000	81
6781	FA34	8001	E2
6781	FA39	8000	82
6781	FA3F	8001	A2
6781	FA44	8000	83
6781	FA4A	8001	35
6781	FA4F	8000	84
6781	FA55	8001	B7
6781	FA5A	8000	85
6781	FA60	8001	BD
6781	FADD	8000	86
6781	FAE2	8001	18
6781	FAE9	8000	87
6781	FAEE	8001	19
6781	FAF8	8000	86
6781	FAFE	8001	08
6781	FB05	8000	87
6781	FB0B	8001	09
6781	FDA9	8000	86
6781	FDB1	8001	06
6781	FDBA	8000	87
6781	FDC2	8001	07
6781	FDA9	8000	86
6781	FDB1	8001	20
6781	FDBA	8000	87
6781	FDC2	8001	21
6781	FDA9	8000	86
6781	FDB1	8001	08
6781	FDBA	8000	87
6781	FDC2	8001	09
6781	FDA9	8000	86
6781	FDB1	8001	08
6781	FDBA	8000	87
6781	FDC2	8001	09
6781	FDA9	8000	86
6781	FDB1	8001	08
6781	FDBA	8000	87
6781	FDC2	8001	09
6781	FDA9	8000	86
6781	FDB1	8001	08
6781	FDBA	8000	87
6781	FDC2	8001	09
6781	FDA9	8000	86
6781	FDB1	8001	08
6781	FDBA	8000	87
6781	FDC2	8001	09
6781	FDA9	8000	86
6781	FDB1	8001	08
6781	FDBA	8000	87
6781	FDC2	8001	09
6781	FC3F	8000	86
6781	FC48	8001	06
6781	FC4F	8000	87
6781	FC58	8001	07
6781	FDA9	8000	86
6781	FDB1	8001	28
6781	FDBA	8000	87
6781	FDC2	8001	29
6781	FDA9	8000	86
6781	FDB1	8001	28
6781	FDBA	8000	87
6781	FDC2	8001	29
6781	FDA9	8000	86
6781	FDB1	8001	18
6781	FDBA	8000	87
6781	FDC2	8001	19
6781	FDA9	8000	86
6781	FDB1	8001	08
6781	FDBA	8000	87
6781	FDC2	8001	09
6781	FDA9	8000	86
6781	FDB1	8001	08
6781	FDBA	8000	87
6781	FDC2	8001	09
6781	F9B3	8000	80
6781	F9B9	8001	FC
6781	F9BE	8000	81
6781	F9C4	8001	E2
6781	F9C9	8000	82
6781	F9CF	8001	A2
6781	F9D4	8000	83
6781	F9DA	8001	01
6781	F9DF	8000	84
6781	F9E5	8001	02
6781	F9EA	8000	85
6781	F9F0	8001	0A
6781	F8DB	8000	87
6781	F9B3	8000	80
6781	F9B9	8001	FC
6781	F9BE	8000	81
6781	F9C4	8001	0A
6781	F9C9	8000	82
6781	F9CF	8001	FC
6781	F9D4	8000	83
6781	F9DA	8001	FD
6781	F9DF	8000	84
6781	F9E5	8001	02
6781	F9EA	8000	85
6781	F9F0	8001	0A
6781	F8DB	8000	87
6782	FA23	8000	80
6782	FA29	8001	FC
6782	FA2E	8000	81
6782	FA34	8001	E2
6782	FA39	8000	82
6782	FA3F	8001	A2
6782	FA44	8000	83
6782	FA4A	8001	35
6782	FA4F	8000	84
6782	FA55	8001	B7
6782	FA5A	8000	85
6782	FA60	8001	BD
6782	FADD	8000	86
6782	FAE2	8001	18
6782	FAE9	8000	87
6782	FAEE	8001	19
6782	FAF8	8000	86
6782	FAFE	8001	08
6782	FB05	8000	87
6782	FB0B	8001	09
6782	FDA9	8000	86
6782	FDB1	8001	06
6782	FDBA	8000	87
6782	FDC2	8001	07
6782	FDA9	8000	86
6782	FDB1	8001	20
6782	FDBA	8000	87
6782	FDC2	8001	21
6782	FDA9	8000	86
6782	FDB1	8001	08
6782	FDBA	8000	87
6782	FDC2	8001	09
6782	FDA9	8000	86
6782	FDB1	8001	08
6782	FDBA	8000	87
6782	FDC2	8001	09
6782	FDA9	8000	86
6782	FDB1	8001	08
6782	FDBA	8000	87
6782	FDC2	8001	09
6782	FDA9	8000	86
6782	FDB1	8001	08
6782	FDBA	8000	87
6782	FDC2	8001	09
6782	FDA9	8000	86
6782	FDB1	8001	08
6782	FDBA	8000	87
6782	FDC2	8001	09
6782	FDA9	8000	86
6782	FDB1	8001	08
6782	FDBA	8000	87
6782	FDC2	8001	09
6782	FC3F	8000	86
6782	FC48	8001	06
6782	FC4F	8000	87
6782	FC58	8001	07
6782	FDA9	8000	86
6782	FDB1	8001	28
6782	FDBA	8000	87
6782	FDC2	8001	29
6782	FDA9	8000	86
6782	FDB1	8001	28
6782	FDBA	8000	87
6782	FDC2	8001	29
6782	FDA9	8000	86
6782	FDB1	8001	18
6782	FDBA	8000	87
6782	FDC2	8001	19
6782	FDA9	8000	86
6782	FDB1	8001	08
6782	FDBA	8000	87
6782	FDC2	8001	09
6782	FDA9	8000	86
6782	FDB1	8001	08
6782	FDBA	8000	87
6782	FDC2	8001	09
6782	F9B3	8000	80
6782	F9B9	8001	FC
6782	F9BE	8000	81
6782	F9C4	8001	E2
6782	F9C9	8000	82
6782	F9CF	8001	A2
6782	F9D4	8000	83
6782	F9DA	8001	01
6782	F9DF	8000	84
6782	F9E5	8001	02
6782	F9EA	8000	85
6782	F9F0	8001	0A
6782	F8DB	8000	87
6782	F9B3	8000	80
6782	F9B9	8001	FC
6782	F9BE	8000	81
6782	F9C4	8001	0A
6782	F9C9	8000	82
6782	F9CF	8001	FC
6782	F9D4	8000	83
6782	F9DA	8001	FD
6782	F9DF	8000	84
6782	F9E5	8001	02
6782	F9EA	8000	85
6782	F9F0	8001	0A
6782	F8DB	8000	87
6783	FA23	8000	80
6783	FA29	8001	FC
6783	FA2E	8000	81
6783	FA34	8001	E2
6783	FA39	8000	82
6783	FA3F	8001	A2
6783	FA44	8000	83
6783	FA4A	8001	35
6783	FA4F	8000	84
6783	FA55	8001	B7
6783	FA5A	8000	85
6783	FA60	8001	BD
6783	FADD	8000	86
6783	FAE2	8001	18
6783	FAE9	8000	87
6783	FAEE	8001	19
6783	FAF8	8000	86
6783	FAFE	8001	08
6783	FB05	8000	87
6783	FB0B	8001	09
6783	FDA9	8000	86
6783	FDB1	8001	06
6783	FDBA	8000	87
6783	FDC2	8001	07
6783	FDA9	8000	86
6783	FDB1	8001	20
6783	FDBA	8000	87
6783	FDC2	8001	21
6783	FDA9	8000	86
6783	FDB1	8001	08
6783	FDBA	8000	87
6783	FDC2	8001	09
6783	FDA9	8000	86
6783	FDB1	8001	08
6783	FDBA	8000	87
6783	FDC2	8001	09
6783	FDA9	8000	86
6783	FDB1	8001	08
6783	FDBA	8000	87
6783	FDC2	8001	09
6783	FDA9	8000	86
6783	FDB1	8001	08
6783	FDBA	8000	87
6783	FDC2	8001	09
6783	FDA9	8000	86
6783	FDB1	8001	08
6783	FDBA	8000	87
6783	FDC2	8001	09
6783	FDA9	8000	86
6783	FDB1	8001	08
6783	FDBA	8000	87
6783	FDC2	8001	09
6783	FC3F	8000	86
6783	FC48	8001	06
6783	FC4F	8000	87
6783	FC58	8001	07
6783	FDA9	8000	86
6783	FDB1	8001	28
6783	FDBA	8000	87
6783	FDC2	8001	29
6783	FDA9	8000	86
6783	FDB1	8001	28
6783	FDBA	8000	87
6783	FDC2	8001	29
6783	FDA9	8000	86
6783	FDB1	8001	18
6783	FDBA	8000	87
6783	FDC2	8001	19
6783	FDA9	8000	86
6783	FDB1	8001	08
6783	FDBA	8000	87
6783	FDC2	8001	09
6783	FDA9	8000	86
6783	FDB1	8001	08
6783	FDBA	8000	87
6783	FDC2	8001	09
6783	F9B3	8000	80
6783	F9B9	8001	FC
6783	F9BE	8000	81
6783	F9C4	8001	E2
6783	F9C9	8000	82
6783	F9CF	8001	A2
6783	F9D4	8000	83
6783	F9DA	8001	01
6783	F9DF	8000	84
6783	F9E5	8001	02
6783	F9EA	8000	85
6783	F9F0	8001	0A
6783	F8DB	8000	87
6783	F9B3	8000	80
6783	F9B9	8001	FC
6783	F9BE	8000	81
6783	F9C4	8001	0A
6783	F9C9	8000	82
6783	F9CF	8001	FC
6783	F9D4	8000	83
6783	F9DA	8001	FD
6783	F9DF	8000	84
6783	F9E5	8001	02
6783	F9EA	8000	85
6783	F9F0	8001	0A
6783	F8DB	8000	87
6784	FA23	8000	80
6784	FA29	8001	FC
6784	FA2E	8000	81
6784	FA34	8001	E2
6784	FA39	8000	82
6784	FA3F	8001	A2
6784	FA44	8000	83
6784	FA4A	8001	35
6784	FA4F	8000	84
6784	FA55	8001	B7
6784	FA5A	8000	85
6784	FA60	8001	BD
6784	FADD	8000	86
6784	FAE2	8001	18
6784	FAE9	8000	87
6784	FAEE	8001	19
6784	BF0A	8000	86
6784	C8E1	8001	00
6784	C8E6	8000	87
6784	C8EB	8001	01
6784	C900	8000	86
6784	C905	8001	18
6784	C90A	8000	87
6784	C90F	8001	19
6784	BF0A	8000	86
6784	C8E1	8001	00
6784	C8E6	8000	87
6784	C8EB	8001	01
6784	C900	8000	86
6784	C905	8001	18
6784	C90A	8000	87
6784	C90F	8001	19
6784	BF0A	8000	86
6784	C8E1	8001	00
6784	C8E6	8000	87
6784	C8EB	8001	01
6784	C900	8000	86
6784	C905	8001	18
6784	C90A	8000	87
6784	C90F	8001	19
6784	BF0A	8000	86
6784	C8E1	8001	00
6784	C8E6	8000	87
6784	C8EB	8001	01
6784	C900	8000	86
6784	C905	8001	18
6784	C90A	8000	87
6784	C90F	8001	19
6784	BF0A	8000	86
6784	C8E1	8001	00
6784	C8E6	8000	87
6784	C8EB	8001	01
6784	C900	8000	86
6784	C905	8001	18
6784	C90A	8000	87
6784	C90F	8001	19
6784	BF0A	8000	86
6784	C8E1	8001	00
6784	C8E6	8000	87
6784	C8EB	8001	01
6784	C900	8000	86
6784	C905	8001	18
6784	C90A	8000	87
6784	C90F	8001	19
6784	FAF8	8000	86
6784	FAFE	8001	08
6784	FB05	8000	87
6784	FB0B	8001	09
6784	FDA9	8000	86
6784	FDB1	8001	06
6784	FDBA	8000	87
6784	FDC2	8001	07
6784	FDA9	8000	86
6784	FDB1	8001	20
6784	FDBA	8000	87
6784	FDC2	8001	21
6784	FDA9	8000	86
6784	FDB1	8001	08
6784	FDBA	8000	87
6784	FDC2	8001	09
6784	FDA9	8000	86
6784	FDB1	8001	08
6784	FDBA	8000	87
6784	FDC2	8001	09
6784	FDA9	8000	86
6784	FDB1	8001	08
6784	FDBA	8000	87
6784	FDC2	8001	09
6784	FDA9	8000	86
6784	FDB1	8001	08
6784	FDBA	8000	87
6784	FDC2	8001	09
6784	FDA9	8000	86
6784	FDB1	8001	08
6784	FDBA	8000	87
6784	FDC2	8001	09
6784	FDA9	8000	86
6784	FDB1	8001	08
6784	FDBA	8000	87
6784	FDC2	8001	09
6784	FC3F	8000	86
6784	FC48	8001	06
6784	FC4F	8000	87
6784	FC58	8001	07
6784	FDA9	8000	86
6784	FDB1	8001	28
6784	FDBA	8000	87
6784	FDC2	8001	29
6784	FDA9	8000	86
6784	FDB1	8001	28
6784	FDBA	8000	87
6784	FDC2	8001	29
6784	F9B3	8000	80
6784	F9B9	8001	FC
6784	F9BE	8000	81
6784	F9C4	8001	E2
6784	F9C9	8000	82
6784	F9CF	8001	A2
6784	F9D4	8000	83
6784	F9DA	8001	01
6784	F9DF	8000	84
6784	F9E5	8001	02
6784	F9EA	8000	85
6784	F9F0	8001	0A
6784	F8DB	8000	87
6784	FDA9	8000	86
6784	FDB1	8001	18
6784	FDBA	8000	87
6784	FDC2	8001	19
6784	F9B3	8000	80
6784	F9B9	8001	FC
6784	F9BE	8000	81
6784	F9C4	8001	0A
6784	F9C9	8000	82
6784	F9CF	8001	FC
6784	F9D4	8000	83
6784	F9DA	8001	FD
6784	F9DF	8000	84
6784	F9E5	8001	02
6784	F9EA	8000	85
6784	F9F0	8001	0A
6784	F8DB	8000	87
6784	FDA9	8000	86
6784	FDB1	8001	08
6784	FDBA	8000	87
6784	FDC2	8001	09
6784	FDA9	8000	86
6784	FDB1	8001	08
6784	FDBA	8000	87
6784	FDC2	8001	09
6785	FA23	8000	80
6785	FA29	8001	FC
6785	FA2E	8000	81
6785	FA34	8001	E2
6785	FA39	8000	82
6785	FA3F	8001	A2
6785	FA44	8000	83
6785	FA4A	8001	35
6785	FA4F	8000	84
6785	FA55	8001	B7
6785	FA5A	8000	85
6785	FA60	8001	BD
6785	FADD	8000	86
6785	FAE2	8001	18
6785	FAE9	8000	87
6785	FAEE	8001	19
6785	FAF8	8000	86
6785	FAFE	8001	08
6785	FB05	8000	87
6785	FB0B	8001	09
6785	FDA9	8000	86
6785	FDB1	8001	06
6785	FDBA	8000	87
6785	FDC2	8001	07
6785	FDA9	8000	86
6785	FDB1	8001	20
6785	FDBA	8000	87
6785	FDC2	8001	21
6785	FDA9	8000	86
6785	FDB1	8001	08
6785	FDBA	8000	87
6785	FDC2	8001	09
6785	FDA9	8000	86
6785	FDB1	8001	08
6785	FDBA	8000	87
6785	FDC2	8001	09
6785	FDA9	8000	86
6785	FDB1	8001	08
6785	FDBA	8000	87
6785	FDC2	8001	09
6785	FDA9	8000	86
6785	FDB1	8001	08
6785	FDBA	8000	87
6785	FDC2	8001	09
6785	FDA9	8000	86
6785	FDB1	8001	08
6785	FDBA	8000	87
6785	FDC2	8001	09
6785	FDA9	8000	86
6785	FDB1	8001	08
6785	FDBA	8000	87
6785	FDC2	8001	09
6785	FC3F	8000	86
6785	FC48	8001	06
6785	FC4F	8000	87
6785	FC58	8001	07
6785	FDA9	8000	86
6785	FDB1	8001	28
6785	FDBA	8000	87
6785	FDC2	8001	29
6785	FDA9	8000	86
6785	FDB1	8001	28
6785	FDBA	8000	87
6785	FDC2	8001	29
6785	FDA9	8000	86
6785	FDB1	8001	18
6785	FDBA	8000	87
6785	FDC2	8001	19
6785	FDA9	8000	86
6785	FDB1	8001	08
6785	FDBA	8000	87
6785	FDC2	8001	09
6785	FDA9	8000	86
6785	FDB1	8001	08
6785	FDBA	8000	87
6785	FDC2	8001	09
6785	F9B3	8000	80
6785	F9B9	8001	FC
6785	F9BE	8000	81
6785	F9C4	8001	E2
6785	F9C9	8000	82
6785	F9CF	8001	A2
6785	F9D4	8000	83
6785	F9DA	8001	01
6785	F9DF	8000	84
6785	F9E5	8001	02
6785	F9EA	8000	85
6785	F9F0	8001	0A
6785	F8DB	8000	87
6785	F9B3	8000	80
6785	F9B9	8001	FC
6785	F9BE	8000	81
6785	F9C4	8001	0A
6785	F9C9	8000	82
6785	F9CF	8001	FC
6785	F9D4	8000	83
6785	F9DA	8001	FD
6785	F9DF	8000	84
6785	F9E5	8001	02
6785	F9EA	8000	85
6785	F9F0	8001	0A
6785	F8DB	8000	87
6786	FA23	8000	80
6786	FA29	8001	FC
6786	FA2E	8000	81
6786	FA34	8001	E2
6786	FA39	8000	82
6786	FA3F	8001	A2
6786	FA44	8000	83
6786	FA4A	8001	35
6786	FA4F	8000	84
6786	FA55	8001	B7
6786	FA5A	8000	85
6786	FA60	8001	BD
6786	FADD	8000	86
6786	FAE2	8001	18
6786	FAE9	8000	87
6786	FAEE	8001	19
6786	FAF8	8000	86
6786	FAFE	8001	08
6786	FB05	8000	87
6786	FB0B	8001	09
6786	FDA9	8000	86
6786	FDB1	8001	06
6786	FDBA	8000	87
6786	FDC2	8001	07
6786	FDA9	8000	86
6786	FDB1	8001	20
6786	FDBA	8000	87
6786	FDC2	8001	21
6786	FDA9	8000	86
6786	FDB1	8001	08
6786	FDBA	8000	87
6786	FDC2	8001	09
6786	FDA9	8000	86
6786	FDB1	8001	08
6786	FDBA	8000	87
6786	FDC2	8001	09
6786	FDA9	8000	86
6786	FDB1	8001	08
6786	FDBA	8000	87
6786	FDC2	8001	09
6786	FDA9	8000	86
6786	FDB1	8001	08
6786	FDBA	8000	87
6786	FDC2	8001	09
6786	FDA9	8000	86
6786	FDB1	8001	08
6786	FDBA	8000	87
6786	FDC2	8001	09
6786	FDA9	8000	86
6786	FDB1	8001	08
6786	FDBA	8000	87
6786	FDC2	8001	09
6786	FC3F	8000	86
6786	FC48	8001	06
6786	FC4F	8000	87
6786	FC58	8001	07
6786	FDA9	8000	86
6786	FDB1	8001	28
6786	FDBA	8000	87
6786	FDC2	8001	29
6786	FDA9	8000	86
6786	FDB1	8001	28
6786	FDBA	8000	87
6786	FDC2	8001	29
6786	FDA9	8000	86
6786	FDB1	8001	18
6786	FDBA	8000	87
6786	FDC2	8001	19
6786	FDA9	8000	86
6786	FDB1	8001	08
6786	FDBA	8000	87
6786	FDC2	8001	09
6786	FDA9	8000	86
6786	FDB1	8001	08
6786	FDBA	8000	87
6786	FDC2	8001	09
6786	F9B3	8000	80
6786	F9B9	8001	FC
6786	F9BE	8000	81
6786	F9C4	8001	E2
6786	F9C9	8000	82
6786	F9CF	8001	A2
6786	F9D4	8000	83
6786	F9DA	8001	01
6786	F9DF	8000	84
6786	F9E5	8001	02
6786	F9EA	8000	85
6786	F9F0	8001	0A
6786	F8DB	8000	87
6786	F9B3	8000	80
6786	F9B9	8001	FC
6786	F9BE	8000	81
6786	F9C4	8001	0A
6786	F9C9	8000	82
6786	F9CF	8001	FC
6786	F9D4	8000	83
6786	F9DA	8001	FD
6786	F9DF	8000	84
6786	F9E5	8001	02
6786	F9EA	8000	85
6786	F9F0	8001	0A
6786	F8DB	8000	87
6787	FA23	8000	80
6787	FA29	8001	FC
6787	FA2E	8000	81
6787	FA34	8001	E2
6787	FA39	8000	82
6787	FA3F	8001	A2
6787	FA44	8000	83
6787	FA4A	8001	35
6787	FA4F	8000	84
6787	FA55	8001	B7
6787	FA5A	8000	85
6787	FA60	8001	BD
6787	FADD	8000	86
6787	FAE2	8001	18
6787	FAE9	8000	87
6787	FAEE	8001	19
6787	FAF8	8000	86
6787	FAFE	8001	08
6787	FB05	8000	87
6787	FB0B	8001	09
6787	FDA9	8000	86
6787	FDB1	8001	06
6787	FDBA	8000	87
6787	FDC2	8001	07
6787	FDA9	8000	86
6787	FDB1	8001	20
6787	FDBA	8000	87
6787	FDC2	8001	21
6787	FDA9	8000	86
6787	FDB1	8001	08
6787	FDBA	8000	87
6787	FDC2	8001	09
6787	FDA9	8000	86
6787	FDB1	8001	08
6787	FDBA	8000	87
6787	FDC2	8001	09
6787	FDA9	8000	86
6787	FDB1	8001	08
6787	FDBA	8000	87
6787	FDC2	8001	09
6787	FDA9	8000	86
6787	FDB1	8001	08
6787	FDBA	8000	87
6787	FDC2	8001	09
6787	FDA9	8000	86
6787	FDB1	8001	08
6787	FDBA	8000	87
6787	FDC2	8001	09
6787	FDA9	8000	86
6787	FDB1	8001	08
6787	FDBA	8000	87
6787	FDC2	8001	09
6787	FC3F	8000	86
6787	FC48	8001	06
6787	FC4F	8000	87
6787	FC58	8001	07
6787	FDA9	8000	86
6787	FDB1	8001	28
6787	FDBA	8000	87
6787	FDC2	8001	29
6787	FDA9	8000	86
6787	FDB1	8001	28
6787	FDBA	8000	87
6787	FDC2	8001	29
6787	FDA9	8000	86
6787	FDB1	8001	18
6787	FDBA	8000	87
6787	FDC2	8001	19
6787	FDA9	8000	86
6787	FDB1	8001	08
6787	FDBA	8000	87
6787	FDC2	8001	09
6787	FDA9	8000	86
6787	FDB1	8001	08
6787	FDBA	8000	87
6787	FDC2	8001	09
6787	F9B3	8000	80
6787	F9B9	8001	FC
6787	F9BE	8000	81
6787	F9C4	8001	E2
6787	F9C9	8000	82
6787	F9CF	8001	A2
6787	F9D4	8000	83
6787	F9DA	8001	01
6787	F9DF	8000	84
6787	F9E5	8001	02
6787	F9EA	8000	85
6787	F9F0	8001	0A
6787	F8DB	8000	87
6787	F9B3	8000	80
6787	F9B9	8001	FC
6787	F9BE	8000	81
6787	F9C4	8001	0A
6787	F9C9	8000	82
6787	F9CF	8001	FC
6787	F9D4	8000	83
6787	F9DA	8001	FD
6787	F9DF	8000	84
6787	F9E5	8001	02
6787	F9EA	8000	85
6787	F9F0	8001	0A
6787	F8DB	8000	87
6788	FA23	8000	80
6788	FA29	8001	FC
6788	FA2E	8000	81
6788	FA34	8001	E2
6788	FA39	8000	82
6788	FA3F	8001	A2
6788	FA44	8000	83
6788	FA4A	8001	35
6788	FA4F	8000	84
6788	FA55	8001	B7
6788	FA5A	8000	85
6788	FA60	8001	BD
6788	FADD	8000	86
6788	FAE2	8001	18
6788	FAE9	8000	87
6788	FAEE	8001	19
6788	FAF8	8000	86
6788	FAFE	8001	08
6788	FB05	8000	87
6788	FB0B	8001	09
6788	FDA9	8000	86
6788	FDB1	8001	06
6788	FDBA	8000	87
6788	FDC2	8001	07
6788	FDA9	8000	86
6788	FDB1	8001	20
6788	FDBA	8000	87
6788	FDC2	8001	21
6788	FDA9	8000	86
6788	FDB1	8001	08
6788	FDBA	8000	87
6788	FDC2	8001	09
6788	FDA9	8000	86
6788	FDB1	8001	08
6788	FDBA	8000	87
6788	FDC2	8001	09
6788	FDA9	8000	86
6788	FDB1	8001	08
6788	FDBA	8000	87
6788	FDC2	8001	09
6788	FDA9	8000	86
6788	FDB1	8001	08
6788	FDBA	8000	87
6788	FDC2	8001	09
6788	FDA9	8000	86
6788	FDB1	8001	08
6788	FDBA	8000	87
6788	FDC2	8001	09
6788	FDA9	8000	86
6788	FDB1	8001	08
6788	FDBA	8000	87
6788	FDC2	8001	09
6788	FC3F	8000	86
6788	FC48	8001	06
6788	FC4F	8000	87
6788	FC58	8001	07
6788	FDA9	8000	86
6788	FDB1	8001	28
6788	FDBA	8000	87
6788	FDC2	8001	29
6788	FDA9	8000	86
6788	FDB1	8001	28
6788	FDBA	8000	87
6788	FDC2	8001	29
6788	FDA9	8000	86
6788	FDB1	8001	18
6788	FDBA	8000	87
6788	FDC2	8001	19
6788	F9B3	8000	80
6788	F9B9	8001	FC
6788	F9BE	8000	81
6788	F9C4	8001	E2
6788	F9C9	8000	82
6788	F9CF	8001	A2
6788	F9D4	8000	83
6788	F9DA	8001	01
6788	F9DF	8000	84
6788	F9E5	8001	02
6788	F9EA	8000	85
6788	F9F0	8001	0A
6788	F8DB	8000	87
6788	F9B3	8000	80
6788	F9B9	8001	FC
6788	F9BE	8000	81
6788	F9C4	8001	0A
6788	F9C9	8000	82
6788	F9CF	8001	FC
6788	F9D4	8000	83
6788	F9DA	8001	FD
6788	F9DF	8000	84
6788	F9E5	8001	02
6788	F9EA	8000	85
6788	F9F0	8001	0A
6788	F8DB	8000	87
6788	FDA9	8000	86
6788	FDB1	8001	08
6788	FDBA	8000	87
6788	FDC2	8001	09
6788	FDA9	8000	86
6788	FDB1	8001	08
6788	FDBA	8000	87
6788	FDC2	8001	09
6789	FA23	8000	80
6789	FA29	8001	FC
6789	FA2E	8000	81
6789	FA34	8001	E2
6789	FA39	8000	82
6789	FA3F	8001	A2
6789	FA44	8000	83
6789	FA4A	8001	35
6789	FA4F	8000	84
6789	FA55	8001	B7
6789	FA5A	8000	85
6789	FA60	8001	BD
6789	FADD	8000	86
6789	FAE2	8001	18
6789	FAE9	8000	87
6789	FAEE	8001	19
6789	FAF8	8000	86
6789	FAFE	8001	08
6789	FB05	8000	87
6789	FB0B	8001	09
6789	FDA9	8000	86
6789	FDB1	8001	06
6789	FDBA	8000	87
6789	FDC2	8001	07
6789	FDA9	8000	86
6789	FDB1	8001	20
6789	FDBA	8000	87
6789	FDC2	8001	21
6789	FDA9	8000	86
6789	FDB1	8001	08
6789	FDBA	8000	87
6789	FDC2	8001	09
6789	FDA9	8000	86
6789	FDB1	8001	08
6789	FDBA	8000	87
6789	FDC2	8001	09
6789	FDA9	8000	86
6789	FDB1	8001	08
6789	FDBA	8000	87
6789	FDC2	8001	09
6789	FDA9	8000	86
6789	FDB1	8001	08
6789	FDBA	8000	87
6789	FDC2	8001	09
6789	FDA9	8000	86
6789	FDB1	8001	08
6789	FDBA	8000	87
6789	FDC2	8001	09
6789	FDA9	8000	86
6789	FDB1	8001	08
6789	FDBA	8000	87
6789	FDC2	8001	09
6789	FC3F	8000	86
6789	FC48	8001	06
6789	FC4F	8000	87
6789	FC58	8001	07
6789	FDA9	8000	86
6789	FDB1	8001	28
6789	FDBA	8000	87
6789	FDC2	8001	29
6789	FDA9	8000	86
6789	FDB1	8001	28
6789	FDBA	8000	87
6789	FDC2	8001	29
6789	FDA9	8000	86
6789	FDB1	8001	18
6789	FDBA	8000	87
6789	FDC2	8001	19
6789	FDA9	8000	86
6789	FDB1	8001	08
6789	FDBA	8000	87
6789	FDC2	8001	09
6789	FDA9	8000	86
6789	FDB1	8001	08
6789	FDBA	8000	87
6789	FDC2	8001	09
6789	F9B3	8000	80
6789	F9B9	8001	FC
6789	F9BE	8000	81
6789	F9C4	8001	E2
6789	F9C9	8000	82
6789	F9CF	8001	A2
6789	F9D4	8000	83
6789	F9DA	8001	01
6789	F9DF	8000	84
6789	F9E5	8001	02
6789	F9EA	8000	85
6789	F9F0	8001	0A
6789	F8DB	8000	87
6789	F9B3	8000	80
6789	F9B9	8001	FC
6789	F9BE	8000	81
6789	F9C4	8001	0A
6789	F9C9	8000	82
6789	F9CF	8001	FC
6789	F9D4	8000	83
6789	F9DA	8001	FD
6789	F9DF	8000	84
6789	F9E5	8001	02
6789	F9EA	8000	85
6789	F9F0	8001	0A
6789	F8DB	8000	87
6790	FA23	8000	80
6790	FA29	8001	FC
6790	FA2E	8000	81
6790	FA34	8001	E2
6790	FA39	8000	82
6790	FA3F	8001	A2
6790	FA44	8000	83
6790	FA4A	8001	35
6790	FA4F	8000	84
6790	FA55	8001	B7
6790	FA5A	8000	85
6790	FA60	8001	BD
6790	FADD	8000	86
6790	FAE2	8001	18
6790	FAE9	8000	87
6790	FAEE	8001	19
6790	FAF8	8000	86
6790	FAFE	8001	08
6790	FB05	8000	87
6790	FB0B	8001	09
6790	FDA9	8000	86
6790	FDB1	8001	06
6790	FDBA	8000	87
6790	FDC2	8001	07
6790	FDA9	8000	86
6790	FDB1	8001	20
6790	FDBA	8000	87
6790	FDC2	8001	21
6790	FDA9	8000	86
6790	FDB1	8001	08
6790	FDBA	8000	87
6790	FDC2	8001	09
6790	FDA9	8000	86
6790	FDB1	8001	08
6790	FDBA	8000	87
6790	FDC2	8001	09
6790	FDA9	8000	86
6790	FDB1	8001	08
6790	FDBA	8000	87
6790	FDC2	8001	09
6790	FDA9	8000	86
6790	FDB1	8001	08
6790	FDBA	8000	87
6790	FDC2	8001	09
6790	FDA9	8000	86
6790	FDB1	8001	08
6790	FDBA	8000	87
6790	FDC2	8001	09
6790	FDA9	8000	86
6790	FDB1	8001	08
6790	FDBA	8000	87
6790	FDC2	8001	09
6790	FC3F	8000	86
6790	FC48	8001	06
6790	FC4F	8000	87
6790	FC58	8001	07
6790	FDA9	8000	86
6790	FDB1	8001	28
6790	FDBA	8000	87
6790	FDC2	8001	29
6790	FDA9	8000	86
6790	FDB1	8001	28
6790	FDBA	8000	87
6790	FDC2	8001	29
6790	FDA9	8000	86
6790	FDB1	8001	18
6790	FDBA	8000	87
6790	FDC2	8001	19
6790	FDA9	8000	86
6790	FDB1	8001	08
6790	FDBA	8000	87
6790	FDC2	8001	09
6790	FDA9	8000	86
6790	FDB1	8001	08
6790	FDBA	8000	87
6790	FDC2	8001	09
6790	F9B3	8000	80
6790	F9B9	8001	FC
6790	F9BE	8000	81
6790	F9C4	8001	E2
6790	F9C9	8000	82
6790	F9CF	8001	A2
6790	F9D4	8000	83
6790	F9DA	8001	01
6790	F9DF	8000	84
6790	F9E5	8001	02
6790	F9EA	8000	85
6790	F9F0	8001	0A
6790	F8DB	8000	87
6790	F9B3	8000	80
6790	F9B9	8001	FC
6790	F9BE	8000	81
6790	F9C4	8001	0A
6790	F9C9	8000	82
6790	F9CF	8001	FC
6790	F9D4	8000	83
6790	F9DA	8001	FD
6790	F9DF	8000	84
6790	F9E5	8001	02
6790	F9EA	8000	85
6790	F9F0	8001	0A
6790	F8DB	8000	87
6791	FA23	8000	80
6791	FA29	8001	FC
6791	FA2E	8000	81
6791	FA34	8001	E2
6791	FA39	8000	82
6791	FA3F	8001	A2
6791	FA44	8000	83
6791	FA4A	8001	35
6791	FA4F	8000	84
6791	FA55	8001	B7
6791	FA5A	8000	85
6791	FA60	8001	BD
6791	FADD	8000	86
6791	FAE2	8001	18
6791	FAE9	8000	87
6791	FAEE	8001	19
6791	FAF8	8000	86
6791	FAFE	8001	08
6791	FB05	8000	87
6791	FB0B	8001	09
6791	FDA9	8000	86
6791	FDB1	8001	06
6791	FDBA	8000	87
6791	FDC2	8001	07
6791	FDA9	8000	86
6791	FDB1	8001	20
6791	FDBA	8000	87
6791	FDC2	8001	21
6791	FDA9	8000	86
6791	FDB1	8001	08
6791	FDBA	8000	87
6791	FDC2	8001	09
6791	FDA9	8000	86
6791	FDB1	8001	08
6791	FDBA	8000	87
6791	FDC2	8001	09
6791	FDA9	8000	86
6791	FDB1	8001	08
6791	FDBA	8000	87
6791	FDC2	8001	09
6791	FDA9	8000	86
6791	FDB1	8001	08
6791	FDBA	8000	87
6791	FDC2	8001	09
6791	FDA9	8000	86
6791	FDB1	8001	08
6791	FDBA	8000	87
6791	FDC2	8001	09
6791	FDA9	8000	86
6791	FDB1	8001	08
6791	FDBA	8000	87
6791	FDC2	8001	09
6791	FC3F	8000	86
6791	FC48	8001	06
6791	FC4F	8000	87
6791	FC58	8001	07
6791	FDA9	8000	86
6791	FDB1	8001	28
6791	FDBA	8000	87
6791	FDC2	8001	29
6791	FDA9	8000	86
6791	FDB1	8001	28
6791	FDBA	8000	87
6791	FDC2	8001	29
6791	FDA9	8000	86
6791	FDB1	8001	18
6791	FDBA	8000	87
6791	FDC2	8001	19
6791	FDA9	8000	86
6791	FDB1	8001	08
6791	FDBA	8000	87
6791	FDC2	8001	09
6791	FDA9	8000	86
6791	FDB1	8001	08
6791	FDBA	8000	87
6791	FDC2	8001	09
6791	F9B3	8000	80
6791	F9B9	8001	FC
6791	F9BE	8000	81
6791	F9C4	8001	E2
6791	F9C9	8000	82
6791	F9CF	8001	A2
6791	F9D4	8000	83
6791	F9DA	8001	01
6791	F9DF	8000	84
6791	F9E5	8001	02
6791	F9EA	8000	85
6791	F9F0	8001	0A
6791	F8DB	8000	87
6791	F9B3	8000	80
6791	F9B9	8001	FC
6791	F9BE	8000	81
6791	F9C4	8001	0A
6791	F9C9	8000	82
6791	F9CF	8001	FC
6791	F9D4	8000	83
6791	F9DA	8001	FD
6791	F9DF	8000	84
6791	F9E5	8001	02
6791	F9EA	8000	85
6791	F9F0	8001	0A
6791	F8DB	8000	87
6792	FA23	8000	80
6792	FA29	8001	FC
6792	FA2E	8000	81
6792	FA34	8001	E2
6792	FA39	8000	82
6792	FA3F	8001	A2
6792	FA44	8000	83
6792	FA4A	8001	35
6792	FA4F	8000	84
6792	FA55	8001	B7
6792	FA5A	8000	85
6792	FA60	8001	BD
6792	FADD	8000	86
6792	FAE2	8001	18
6792	FAE9	8000	87
6792	FAEE	8001	19
6792	FAF8	8000	86
6792	FAFE	8001	08
6792	FB05	8000	87
6792	FB0B	8001	09
6792	FDA9	8000	86
6792	FDB1	8001	06
6792	FDBA	8000	87
6792	FDC2	8001	07
6792	FDA9	8000	86
6792	FDB1	8001	20
6792	FDBA	8000	87
6792	FDC2	8001	21
6792	FDA9	8000	86
6792	FDB1	8001	08
6792	FDBA	8000	87
6792	FDC2	8001	09
6792	FDA9	8000	86
6792	FDB1	8001	08
6792	FDBA	8000	87
6792	FDC2	8001	09
6792	FDA9	8000	86
6792	FDB1	8001	08
6792	FDBA	8000	87
6792	FDC2	8001	09
6792	FDA9	8000	86
6792	FDB1	8001	08
6792	FDBA	8000	87
6792	FDC2	8001	09
6792	FDA9	8000	86
6792	FDB1	8001	08
6792	FDBA	8000	87
6792	FDC2	8001	09
6792	FDA9	8000	86
6792	FDB1	8001	08
6792	FDBA	8000	87
6792	FDC2	8001	09
6792	FC3F	8000	86
6792	FC48	8001	06
6792	FC4F	8000	87
6792	FC58	8001	07
6792	FDA9	8000	86
6792	FDB1	8001	28
6792	FDBA	8000	87
6792	FDC2	8001	29
6792	FDA9	8000	86
6792	FDB1	8001	28
6792	FDBA	8000	87
6792	FDC2	8001	29
6792	FDA9	8000	86
6792	FDB1	8001	18
6792	FDBA	8000	87
6792	FDC2	8001	19
6792	FDA9	8000	86
6792	FDB1	8001	08
6792	FDBA	8000	87
6792	FDC2	8001	09
6792	FDA9	8000	86
6792	FDB1	8001	08
6792	FDBA	8000	87
6792	FDC2	8001	09
6792	F9B3	8000	80
6792	F9B9	8001	FC
6792	F9BE	8000	81
6792	F9C4	8001	E2
6792	F9C9	8000	82
6792	F9CF	8001	A2
6792	F9D4	8000	83
6792	F9DA	8001	01
6792	F9DF	8000	84
6792	F9E5	8001	02
6792	F9EA	8000	85
6792	F9F0	8001	0A
6792	F8DB	8000	87
6792	F9B3	8000	80
6792	F9B9	8001	FC
6792	F9BE	8000	81
6792	F9C4	8001	0A
6792	F9C9	8000	82
6792	F9CF	8001	FC
6792	F9D4	8000	83
6792	F9DA	8001	FD
6792	F9DF	8000	84
6792	F9E5	8001	02
6792	F9EA	8000	85
6792	F9F0	8001	0A
6792	F8DB	8000	87
6793	FA23	8000	80
6793	FA29	8001	FC
6793	FA2E	8000	81
6793	FA34	8001	E2
6793	FA39	8000	82
6793	FA3F	8001	A2
6793	FA44	8000	83
6793	FA4A	8001	35
6793	FA4F	8000	84
6793	FA55	8001	B7
6793	FA5A	8000	85
6793	FA60	8001	BD
6793	FADD	8000	86
6793	FAE2	8001	18
6793	FAE9	8000	87
6793	FAEE	8001	19
6793	FAF8	8000	86
6793	FAFE	8001	08
6793	FB05	8000	87
6793	FB0B	8001	09
6793	FDA9	8000	86
6793	FDB1	8001	06
6793	FDBA	8000	87
6793	FDC2	8001	07
6793	FDA9	8000	86
6793	FDB1	8001	20
6793	FDBA	8000	87
6793	FDC2	8001	21
6793	FDA9	8000	86
6793	FDB1	8001	08
6793	FDBA	8000	87
6793	FDC2	8001	09
6793	FDA9	8000	86
6793	FDB1	8001	08
6793	FDBA	8000	87
6793	FDC2	8001	09
6793	FDA9	8000	86
6793	FDB1	8001	08
6793	FDBA	8000	87
6793	FDC2	8001	09
6793	FDA9	8000	86
6793	FDB1	8001	08
6793	FDBA	8000	87
6793	FDC2	8001	09
6793	FDA9	8000	86
6793	FDB1	8001	08
6793	FDBA	8000	87
6793	FDC2	8001	09
6793	FDA9	8000	86
6793	FDB1	8001	08
6793	FDBA	8000	87
6793	FDC2	8001	09
6793	FC3F	8000	86
6793	FC48	8001	06
6793	FC4F	8000	87
6793	FC58	8001	07
6793	FDA9	8000	86
6793	FDB1	8001	28
6793	FDBA	8000	87
6793	FDC2	8001	29
6793	FDA9	8000	86
6793	FDB1	8001	28
6793	FDBA	8000	87
6793	FDC2	8001	29
6793	FDA9	8000	86
6793	FDB1	8001	18
6793	FDBA	8000	87
6793	FDC2	8001	19
6793	FDA9	8000	86
6793	FDB1	8001	08
6793	FDBA	8000	87
6793	FDC2	8001	09
6793	FDA9	8000	86
6793	FDB1	8001	08
6793	FDBA	8000	87
6793	FDC2	8001	09
6793	F9B3	8000	80
6793	F9B9	8001	FC
6793	F9BE	8000	81
6793	F9C4	8001	E2
6793	F9C9	8000	82
6793	F9CF	8001	A2
6793	F9D4	8000	83
6793	F9DA	8001	01
6793	F9DF	8000	84
6793	F9E5	8001	02
6793	F9EA	8000	85
6793	F9F0	8001	0A
6793	F8DB	8000	87
6793	F9B3	8000	80
6793	F9B9	8001	FC
6793	F9BE	8000	81
6793	F9C4	8001	0A
6793	F9C9	8000	82
6793	F9CF	8001	FC
6793	F9D4	8000	83
6793	F9DA	8001	FD
6793	F9DF	8000	84
6793	F9E5	8001	02
6793	F9EA	8000	85
6793	F9F0	8001	0A
6793	F8DB	8000	87
6794	FA23	8000	80
6794	FA29	8001	FC
6794	FA2E	8000	81
6794	FA34	8001	E2
6794	FA39	8000	82
6794	FA3F	8001	A2
6794	FA44	8000	83
6794	FA4A	8001	35
6794	FA4F	8000	84
6794	FA55	8001	B7
6794	FA5A	8000	85
6794	FA60	8001	BD
6794	FADD	8000	86
6794	FAE2	8001	18
6794	FAE9	8000	87
6794	FAEE	8001	19
6794	BF0A	8000	86
6794	C8E1	8001	00
6794	C8E6	8000	87
6794	C8EB	8001	01
6794	C900	8000	86
6794	C905	8001	18
6794	C90A	8000	87
6794	C90F	8001	19
6794	BF0A	8000	86
6794	C8E1	8001	00
6794	C8E6	8000	87
6794	C8EB	8001	01
6794	C900	8000	86
6794	C905	8001	18
6794	C90A	8000	87
6794	C90F	8001	19
6794	BF0A	8000	86
6794	C8E1	8001	00
6794	C8E6	8000	87
6794	C8EB	8001	01
6794	C900	8000	86
6794	C905	8001	18
6794	C90A	8000	87
6794	C90F	8001	19
6794	FAF8	8000	86
6794	FAFE	8001	08
6794	FB05	8000	87
6794	FB0B	8001	09
6794	FDA9	8000	86
6794	FDB1	8001	06
6794	FDBA	8000	87
6794	FDC2	8001	07
6794	FDA9	8000	86
6794	FDB1	8001	20
6794	FDBA	8000	87
6794	FDC2	8001	21
6794	FDA9	8000	86
6794	FDB1	8001	08
6794	FDBA	8000	87
6794	FDC2	8001	09
6794	FDA9	8000	86
6794	FDB1	8001	08
6794	FDBA	8000	87
6794	FDC2	8001	09
6794	FDA9	8000	86
6794	FDB1	8001	08
6794	FDBA	8000	87
6794	FDC2	8001	09
6794	FDA9	8000	86
6794	FDB1	8001	08
6794	FDBA	8000	87
6794	FDC2	8001	09
6794	FDA9	8000	86
6794	FDB1	8001	08
6794	FDBA	8000	87
6794	FDC2	8001	09
6794	FDA9	8000	86
6794	FDB1	8001	08
6794	FDBA	8000	87
6794	FDC2	8001	09
6794	FC3F	8000	86
6794	FC48	8001	06
6794	FC4F	8000	87
6794	FC58	8001	07
6794	FDA9	8000	86
6794	FDB1	8001	28
6794	FDBA	8000	87
6794	FDC2	8001	29
6794	FDA9	8000	86
6794	FDB1	8001	28
6794	FDBA	8000	87
6794	FDC2	8001	29
6794	FDA9	8000	86
6794	FDB1	8001	18
6794	FDBA	8000	87
6794	FDC2	8001	19
6794	F9B3	8000	80
6794	F9B9	8001	FC
6794	F9BE	8000	81
6794	F9C4	8001	E2
6794	F9C9	8000	82
6794	F9CF	8001	A2
6794	F9D4	8000	83
6794	F9DA	8001	01
6794	F9DF	8000	84
6794	F9E5	8001	02
6794	F9EA	8000	85
6794	F9F0	8001	0A
6794	F8DB	8000	87
6794	FDA9	8000	86
6794	FDB1	8001	08
6794	FDBA	8000	87
6794	FDC2	8001	09
6794	F9B3	8000	80
6794	F9B9	8001	FC
6794	F9BE	8000	81
6794	F9C4	8001	0A
6794	F9C9	8000	82
6794	F9CF	8001	FC
6794	F9D4	8000	83
6794	F9DA	8001	FD
6794	F9DF	8000	84
6794	F9E5	8001	02
6794	F9EA	8000	85
6794	F9F0	8001	0A
6794	F8DB	8000	87
6794	FDA9	8000	86
6794	FDB1	8001	08
6794	FDBA	8000	87
6794	FDC2	8001	09
6795	FA23	8000	80
6795	FA29	8001	FC
6795	FA2E	8000	81
6795	FA34	8001	E2
6795	FA39	8000	82
6795	FA3F	8001	A2
6795	FA44	8000	83
6795	FA4A	8001	35
6795	FA4F	8000	84
6795	FA55	8001	B7
6795	FA5A	8000	85
6795	FA60	8001	BD
6795	FADD	8000	86
6795	FAE2	8001	18
6795	FAE9	8000	87
6795	FAEE	8001	19
6795	FAF8	8000	86
6795	FAFE	8001	08
6795	FB05	8000	87
6795	FB0B	8001	09
6795	FDA9	8000	86
6795	FDB1	8001	06
6795	FDBA	8000	87
6795	FDC2	8001	07
6795	FDA9	8000	86
6795	FDB1	8001	20
6795	FDBA	8000	87
6795	FDC2	8001	21
6795	FDA9	8000	86
6795	FDB1	8001	08
6795	FDBA	8000	87
6795	FDC2	8001	09
6795	FDA9	8000	86
6795	FDB1	8001	08
6795	FDBA	8000	87
6795	FDC2	8001	09
6795	FDA9	8000	86
6795	FDB1	8001	08
6795	FDBA	8000	87
6795	FDC2	8001	09
6795	FDA9	8000	86
6795	FDB1	8001	08
6795	FDBA	8000	87
6795	FDC2	8001	09
6795	FDA9	8000	86
6795	FDB1	8001	08
6795	FDBA	8000	87
6795	FDC2	8001	09
6795	FDA9	8000	86
6795	FDB1	8001	08
6795	FDBA	8000	87
6795	FDC2	8001	09
6795	FC3F	8000	86
6795	FC48	8001	06
6795	FC4F	8000	87
6795	FC58	8001	07
6795	FDA9	8000	86
6795	FDB1	8001	28
6795	FDBA	8000	87
6795	FDC2	8001	29
6795	FDA9	8000	86
6795	FDB1	8001	28
6795	FDBA	8000	87
6795	FDC2	8001	29
6795	FDA9	8000	86
6795	FDB1	8001	18
6795	FDBA	8000	87
6795	FDC2	8001	19
6795	FDA9	8000	86
6795	FDB1	8001	08
6795	FDBA	8000	87
6795	FDC2	8001	09
6795	FDA9	8000	86
6795	FDB1	8001	08
6795	FDBA	8000	87
6795	FDC2	8001	09
6795	F9B3	8000	80
6795	F9B9	8001	FC
6795	F9BE	8000	81
6795	F9C4	8001	E2
6795	F9C9	8000	82
6795	F9CF	8001	A2
6795	F9D4	8000	83
6795	F9DA	8001	01
6795	F9DF	8000	84
6795	F9E5	8001	02
6795	F9EA	8000	85
6795	F9F0	8001	0A
6795	F8DB	8000	87
6795	F9B3	8000	80
6795	F9B9	8001	FC
6795	F9BE	8000	81
6795	F9C4	8001	0A
6795	F9C9	8000	82
6795	F9CF	8001	FC
6795	F9D4	8000	83
6795	F9DA	8001	FD
6795	F9DF	8000	84
6795	F9E5	8001	02
6795	F9EA	8000	85
6795	F9F0	8001	0A
6795	F8DB	8000	87
6796	FA23	8000	80
6796	FA29	8001	FC
6796	FA2E	8000	81
6796	FA34	8001	E2
6796	FA39	8000	82
6796	FA3F	8001	A2
6796	FA44	8000	83
6796	FA4A	8001	35
6796	FA4F	8000	84
6796	FA55	8001	B7
6796	FA5A	8000	85
6796	FA60	8001	BD
6796	FADD	8000	86
6796	FAE2	8001	18
6796	FAE9	8000	87
6796	FAEE	8001	19
6796	FAF8	8000	86
6796	FAFE	8001	08
6796	FB05	8000	87
6796	FB0B	8001	09
6796	FDA9	8000	86
6796	FDB1	8001	06
6796	FDBA	8000	87
6796	FDC2	8001	07
6796	FDA9	8000	86
6796	FDB1	8001	20
6796	FDBA	8000	87
6796	FDC2	8001	21
6796	FDA9	8000	86
6796	FDB1	8001	08
6796	FDBA	8000	87
6796	FDC2	8001	09
6796	FDA9	8000	86
6796	FDB1	8001	08
6796	FDBA	8000	87
6796	FDC2	8001	09
6796	FDA9	8000	86
6796	FDB1	8001	08
6796	FDBA	8000	87
6796	FDC2	8001	09
6796	FDA9	8000	86
6796	FDB1	8001	08
6796	FDBA	8000	87
6796	FDC2	8001	09
6796	FDA9	8000	86
6796	FDB1	8001	08
6796	FDBA	8000	87
6796	FDC2	8001	09
6796	FDA9	8000	86
6796	FDB1	8001	08
6796	FDBA	8000	87
6796	FDC2	8001	09
6796	FC3F	8000	86
6796	FC48	8001	06
6796	FC4F	8000	87
6796	FC58	8001	07
6796	FDA9	8000	86
6796	FDB1	8001	28
6796	FDBA	8000	87
6796	FDC2	8001	29
6796	FDA9	8000	86
6796	FDB1	8001	28
6796	FDBA	8000	87
6796	FDC2	8001	29
6796	FDA9	8000	86
6796	FDB1	8001	18
6796	FDBA	8000	87
6796	FDC2	8001	19
6796	FDA9	8000	86
6796	FDB1	8001	08
6796	FDBA	8000	87
6796	FDC2	8001	09
6796	FDA9	8000	86
6796	FDB1	8001	08
6796	FDBA	8000	87
6796	FDC2	8001	09
6796	F9B3	8000	80
6796	F9B9	8001	FC
6796	F9BE	8000	81
6796	F9C4	8001	E2
6796	F9C9	8000	82
6796	F9CF	8001	A2
6796	F9D4	8000	83
6796	F9DA	8001	01
6796	F9DF	8000	84
6796	F9E5	8001	02
6796	F9EA	8000	85
6796	F9F0	8001	0A
6796	F8DB	8000	87
6796	F9B3	8000	80
6796	F9B9	8001	FC
6796	F9BE	8000	81
6796	F9C4	8001	0A
6796	F9C9	8000	82
6796	F9CF	8001	FC
6796	F9D4	8000	83
6796	F9DA	8001	FD
6796	F9DF	8000	84
6796	F9E5	8001	02
6796	F9EA	8000	85
6796	F9F0	8001	0A
6796	F8DB	8000	87
6797	FA23	8000	80
6797	FA29	8001	FC
6797	FA2E	8000	81
6797	FA34	8001	E2
6797	FA39	8000	82
6797	FA3F	8001	A2
6797	FA44	8000	83
6797	FA4A	8001	35
6797	FA4F	8000	84
6797	FA55	8001	B7
6797	FA5A	8000	85
6797	FA60	8001	BD
6797	FADD	8000	86
6797	FAE2	8001	18
6797	FAE9	8000	87
6797	FAEE	8001	19
6797	FAF8	8000	86
6797	FAFE	8001	08
6797	FB05	8000	87
6797	FB0B	8001	09
6797	FDA9	8000	86
6797	FDB1	8001	06
6797	FDBA	8000	87
6797	FDC2	8001	07
6797	FDA9	8000	86
6797	FDB1	8001	20
6797	FDBA	8000	87
6797	FDC2	8001	21
6797	FDA9	8000	86
6797	FDB1	8001	08
6797	FDBA	8000	87
6797	FDC2	8001	09
6797	FDA9	8000	86
6797	FDB1	8001	08
6797	FDBA	8000	87
6797	FDC2	8001	09
6797	FDA9	8000	86
6797	FDB1	8001	08
6797	FDBA	8000	87
6797	FDC2	8001	09
6797	FDA9	8000	86
6797	FDB1	8001	08
6797	FDBA	8000	87
6797	FDC2	8001	09
6797	FDA9	8000	86
6797	FDB1	8001	08
6797	FDBA	8000	87
6797	FDC2	8001	09
6797	FDA9	8000	86
6797	FDB1	8001	08
6797	FDBA	8000	87
6797	FDC2	8001	09
6797	FC3F	8000	86
6797	FC48	8001	06
6797	FC4F	8000	87
6797	FC58	8001	07
6797	FDA9	8000	86
6797	FDB1	8001	28
6797	FDBA	8000	87
6797	FDC2	8001	29
6797	FDA9	8000	86
6797	FDB1	8001	28
6797	FDBA	8000	87
6797	FDC2	8001	29
6797	FDA9	8000	86
6797	FDB1	8001	18
6797	FDBA	8000	87
6797	FDC2	8001	19
6797	FDA9	8000	86
6797	FDB1	8001	08
6797	FDBA	8000	87
6797	FDC2	8001	09
6797	FDA9	8000	86
6797	FDB1	8001	08
6797	FDBA	8000	87
6797	FDC2	8001	09
6797	F9B3	8000	80
6797	F9B9	8001	FC
6797	F9BE	8000	81
6797	F9C4	8001	E2
6797	F9C9	8000	82
6797	F9CF	8001	A2
6797	F9D4	8000	83
6797	F9DA	8001	01
6797	F9DF	8000	84
6797	F9E5	8001	02
6797	F9EA	8000	85
6797	F9F0	8001	0A
6797	F8DB	8000	87
6797	F9B3	8000	80
6797	F9B9	8001	FC
6797	F9BE	8000	81
6797	F9C4	8001	0A
6797	F9C9	8000	82
6797	F9CF	8001	FC
6797	F9D4	8000	83
6797	F9DA	8001	FD
6797	F9DF	8000	84
6797	F9E5	8001	02
6797	F9EA	8000	85
6797	F9F0	8001	0A
6797	F8DB	8000	87
6798	FA23	8000	80
6798	FA29	8001	FC
6798	FA2E	8000	81
6798	FA34	8001	E2
6798	FA39	8000	82
6798	FA3F	8001	A2
6798	FA44	8000	83
6798	FA4A	8001	35
6798	FA4F	8000	84
6798	FA55	8001	B7
6798	FA5A	8000	85
6798	FA60	8001	BD
6798	FADD	8000	86
6798	FAE2	8001	18
6798	FAE9	8000	87
6798	FAEE	8001	19
6798	FAF8	8000	86
6798	FAFE	8001	08
6798	FB05	8000	87
6798	FB0B	8001	09
6798	FDA9	8000	86
6798	FDB1	8001	06
6798	FDBA	8000	87
6798	FDC2	8001	07
6798	FDA9	8000	86
6798	FDB1	8001	20
6798	FDBA	8000	87
6798	FDC2	8001	21
6798	FDA9	8000	86
6798	FDB1	8001	08
6798	FDBA	8000	87
6798	FDC2	8001	09
6798	FDA9	8000	86
6798	FDB1	8001	08
6798	FDBA	8000	87
6798	FDC2	8001	09
6798	FDA9	8000	86
6798	FDB1	8001	08
6798	FDBA	8000	87
6798	FDC2	8001	09
6798	FDA9	8000	86
6798	FDB1	8001	08
6798	FDBA	8000	87
6798	FDC2	8001	09
6798	FDA9	8000	86
6798	FDB1	8001	08
6798	FDBA	8000	87
6798	FDC2	8001	09
6798	FDA9	8000	86
6798	FDB1	8001	08
6798	FDBA	8000	87
6798	FDC2	8001	09
6798	FDA9	8000	86
6798	FDB1	8001	08
6798	FDBA	8000	87
6798	FDC2	8001	09
6798	FDA9	8000	86
6798	FDB1	8001	08
6798	FDBA	8000	87
6798	FDC2	8001	09
6798	FDA9	8000	86
6798	FDB1	8001	08
6798	FDBA	8000	87
6798	FDC2	8001	09
6798	FDA9	8000	86
6798	FDB1	8001	08
6798	FDBA	8000	87
6798	FDC2	8001	09
6798	FDA9	8000	86
6798	FDB1	8001	08
6798	FDBA	8000	87
6798	FDC2	8001	09
6798	FDA9	8000	86
6798	FDB1	8001	08
6798	FDBA	8000	87
6798	FDC2	8001	09
6798	FC3F	8000	86
6798	FC48	8001	06
6798	FC4F	8000	87
6798	FC58	8001	07
6798	FDA9	8000	86
6798	FDB1	8001	28
6798	FDBA	8000	87
6798	FDC2	8001	29
6798	FDA9	8000	86
6798	FDB1	8001	28
6798	FDBA	8000	87
6798	FDC2	8001	29
6798	FDA9	8000	86
6798	FDB1	8001	18
6798	FDBA	8000	87
6798	FDC2	8001	19
6798	F9B3	8000	80
6798	F9B9	8001	FC
6798	F9BE	8000	81
6798	F9C4	8001	E2
6798	F9C9	8000	82
6798	F9CF	8001	A2
6798	F9D4	8000	83
6798	F9DA	8001	01
6798	F9DF	8000	84
6798	F9E5	8001	02
6798	F9EA	8000	85
6798	F9F0	8001	0A
6798	F8DB	8000	87
6798	FDA9	8000	86
6798	F9B3	8000	80
6798	F9B9	8001	FC
6798	F9BE	8000	81
6798	F9C4	8001	0A
6798	F9C9	8000	82
6798	F9CF	8001	FC
6798	F9D4	8000	83
6798	F9DA	8001	FD
6798	F9DF	8000	84
6798	F9E5	8001	02
6798	F9EA	8000	85
6798	F9F0	8001	0A
6798	F8DB	8000	86
6798	FDB1	8001	08
6798	FDBA	8000	87
6798	FDC2	8001	09
6798	FDA9	8000	86
6798	FDB1	8001	08
6798	FDBA	8000	87
6798	FDC2	8001	09
6798	FDA9	8000	86
6798	FDB1	8001	08
6798	FDBA	8000	87
6798	FDC2	8001	09
6798	FDA9	8000	86
6798	FDB1	8001	08
6798	FDBA	8000	87
6798	FDC2	8001	09
6799	FA23	8000	80
6799	FA29	8001	FC
6799	FA2E	8000	81
6799	FA34	8001	E2
6799	FA39	8000	82
6799	FA3F	8001	A2
6799	FA44	8000	83
6799	FA4A	8001	35
6799	FA4F	8000	84
6799	FA55	8001	B7
6799	FA5A	8000	85
6799	FA60	8001	BD
6799	FADD	8000	86
6799	FAE2	8001	18
6799	FAE9	8000	87
6799	FAEE	8001	19
6799	FAF8	8000	86
6799	FAFE	8001	08
6799	FB05	8000	87
6799	FB0B	8001	09
6799	FDA9	8000	86
6799	FDB1	8001	06
6799	FDBA	8000	87
6799	FDC2	8001	07
6799	FDA9	8000	86
6799	FDB1	8001	20
6799	FDBA	8000	87
6799	FDC2	8001	21
6799	FDA9	8000	86
6799	FDB1	8001	08
6799	FDBA	8000	87
6799	FDC2	8001	09
6799	FDA9	8000	86
6799	FDB1	8001	08
6799	FDBA	8000	87
6799	FDC2	8001	09
6799	FDA9	8000	86
6799	FDB1	8001	08
6799	FDBA	8000	87
6799	FDC2	8001	09
6799	FDA9	8000	86
6799	FDB1	8001	08
6799	FDBA	8000	87
6799	FDC2	8001	09
6799	FDA9	8000	86
6799	FDB1	8001	08
6799	FDBA	8000	87
6799	FDC2	8001	09
6799	FDA9	8000	86
6799	FDB1	8001	08
6799	FDBA	8000	87
6799	FDC2	8001	09
6799	FDA9	8000	86
6799	FDB1	8001	08
6799	FDBA	8000	87
6799	FDC2	8001	09
6799	FDA9	8000	86
6799	FDB1	8001	08
6799	FDBA	8000	87
6799	FDC2	8001	09
6799	FDA9	8000	86
6799	FDB1	8001	08
6799	FDBA	8000	87
6799	FDC2	8001	09
6799	FDA9	8000	86
6799	FDB1	8001	08
6799	FDBA	8000	87
6799	FDC2	8001	09
6799	FDA9	8000	86
6799	FDB1	8001	08
6799	FDBA	8000	87
6799	FDC2	8001	09
6799	FDA9	8000	86
6799	FDB1	8001	08
6799	FDBA	8000	87
6799	FDC2	8001	09
6799	FC3F	8000	86
6799	FC48	8001	06
6799	FC4F	8000	87
6799	FC58	8001	07
6799	FDA9	8000	86
6799	FDB1	8001	28
6799	FDBA	8000	87
6799	FDC2	8001	29
6799	FDA9	8000	86
6799	FDB1	8001	28
6799	FDBA	8000	87
6799	FDC2	8001	29
6799	FDA9	8000	86
6799	FDB1	8001	18
6799	FDBA	8000	87
6799	FDC2	8001	19
6799	F9B3	8000	80
6799	F9B9	8001	FC
6799	F9BE	8000	81
6799	F9C4	8001	E2
6799	F9C9	8000	82
6799	F9CF	8001	A2
6799	F9D4	8000	83
6799	F9DA	8001	01
6799	F9DF	8000	84
6799	F9E5	8001	02
6799	F9EA	8000	85
6799	F9F0	8001	0A
6799	F8DB	8000	87
6799	FDA9	8000	86
6799	FDB1	8001	08
6799	FDBA	8000	87
6799	FDC2	8001	09
6799	F9B3	8000	80
6799	F9B9	8001	FC
6799	F9BE	8000	81
6799	F9C4	8001	0A
6799	F9C9	8000	82
6799	F9CF	8001	FC
6799	F9D4	8000	83
6799	F9DA	8001	FD
6799	F9DF	8000	84
6799	F9E5	8001	02
6799	F9EA	8000	85
6799	F9F0	8001	0A
6799	F8DB	8000	87
6799	FDA9	8000	86
6799	FDB1	8001	08
6799	FDBA	8000	87
6799	FDC2	8001	09
6799	FDA9	8000	86
6799	FDB1	8001	08
6799	FDBA	8000	87
6799	FDC2	8001	09
6799	FDA9	8000	86
6799	FDB1	8001	08
6799	FDBA	8000	87
6799	FDC2	8001	09
6800	FA23	8000	80
6800	FA29	8001	FC
6800	FA2E	8000	81
6800	FA34	8001	E2
6800	FA39	8000	82
6800	FA3F	8001	A2
6800	FA44	8000	83
6800	FA4A	8001	35
6800	FA4F	8000	84
6800	FA55	8001	B7
6800	FA5A	8000	85
6800	FA60	8001	BD
6800	FADD	8000	86
6800	FAE2	8001	18
6800	FAE9	8000	87
6800	FAEE	8001	19
6800	FAF8	8000	86
6800	FAFE	8001	08
6800	FB05	8000	87
6800	FB0B	8001	09
6800	FDA9	8000	86
6800	FDB1	8001	06
6800	FDBA	8000	87
6800	FDC2	8001	07
6800	FDA9	8000	86
6800	FDB1	8001	20
6800	FDBA	8000	87
6800	FDC2	8001	21
6800	FDA9	8000	86
6800	FDB1	8001	08
6800	FDBA	8000	87
6800	FDC2	8001	09
6800	FDA9	8000	86
6800	FDB1	8001	08
6800	FDBA	8000	87
6800	FDC2	8001	09
6800	FDA9	8000	86
6800	FDB1	8001	08
6800	FDBA	8000	87
6800	FDC2	8001	09
6800	FDA9	8000	86
6800	FDB1	8001	08
6800	FDBA	8000	87
6800	FDC2	8001	09
6800	FDA9	8000	86
6800	FDB1	8001	08
6800	FDBA	8000	87
6800	FDC2	8001	09
6800	FDA9	8000	86
6800	FDB1	8001	08
6800	FDBA	8000	87
6800	FDC2	8001	09
6800	FDA9	8000	86
6800	FDB1	8001	08
6800	FDBA	8000	87
6800	FDC2	8001	09
6800	FDA9	8000	86
6800	FDB1	8001	08
6800	FDBA	8000	87
6800	FDC2	8001	09
6800	FDA9	8000	86
6800	FDB1	8001	08
6800	FDBA	8000	87
6800	FDC2	8001	09
6800	FDA9	8000	86
6800	FDB1	8001	08
6800	FDBA	8000	87
6800	FDC2	8001	09
6800	FDA9	8000	86
6800	FDB1	8001	08
6800	FDBA	8000	87
6800	FDC2	8001	09
6800	FDA9	8000	86
6800	FDB1	8001	08
6800	FDBA	8000	87
6800	FDC2	8001	09
6800	FC3F	8000	86
6800	FC48	8001	06
6800	FC4F	8000	87
6800	FC58	8001	07
6800	FDA9	8000	86
6800	FDB1	8001	28
6800	FDBA	8000	87
6800	FDC2	8001	29
6800	FDA9	8000	86
6800	FDB1	8001	28
6800	FDBA	8000	87
6800	FDC2	8001	29
6800	FDA9	8000	86
6800	FDB1	8001	18
6800	FDBA	8000	87
6800	FDC2	8001	19
6800	F9B3	8000	80
6800	F9B9	8001	FC
6800	F9BE	8000	81
6800	F9C4	8001	E2
6800	F9C9	8000	82
6800	F9CF	8001	A2
6800	F9D4	8000	83
6800	F9DA	8001	01
6800	F9DF	8000	84
6800	F9E5	8001	02
6800	F9EA	8000	85
6800	F9F0	8001	0A
6800	F8DB	8000	87
6800	FDA9	8000	86
6800	FDB1	8001	08
6800	FDBA	8000	87
6800	FDC2	8001	09
6800	F9B3	8000	80
6800	F9B9	8001	FC
6800	F9BE	8000	81
6800	F9C4	8001	0A
6800	F9C9	8000	82
6800	F9CF	8001	FC
6800	F9D4	8000	83
6800	F9DA	8001	FD
6800	F9DF	8000	84
6800	F9E5	8001	02
6800	F9EA	8000	85
6800	F9F0	8001	0A
6800	F8DB	8000	87
6800	FDA9	8000	86
6800	FDB1	8001	08
6800	FDBA	8000	87
6800	FDC2	8001	09
6800	FDA9	8000	86
6800	FDB1	8001	08
6800	FDBA	8000	87
6800	FDC2	8001	09
6800	FDA9	8000	86
6800	FDB1	8001	08
6800	FDBA	8000	87
6800	FDC2	8001	09
6801	FA23	8000	80
6801	FA29	8001	FC
6801	FA2E	8000	81
6801	FA34	8001	E2
6801	FA39	8000	82
6801	FA3F	8001	A2
6801	FA44	8000	83
6801	FA4A	8001	35
6801	FA4F	8000	84
6801	FA55	8001	B7
6801	FA5A	8000	85
6801	FA60	8001	BD
6801	FADD	8000	86
6801	FAE2	8001	18
6801	FAE9	8000	87
6801	FAEE	8001	19
6801	FAF8	8000	86
6801	FAFE	8001	08
6801	FB05	8000	87
6801	FB0B	8001	09
6801	FDA9	8000	86
6801	FDB1	8001	06
6801	FDBA	8000	87
6801	FDC2	8001	07
6801	FDA9	8000	86
6801	FDB1	8001	20
6801	FDBA	8000	87
6801	FDC2	8001	21
6801	FDA9	8000	86
6801	FDB1	8001	08
6801	FDBA	8000	87
6801	FDC2	8001	09
6801	FDA9	8000	86
6801	FDB1	8001	08
6801	FDBA	8000	87
6801	FDC2	8001	09
6801	FDA9	8000	86
6801	FDB1	8001	08
6801	FDBA	8000	87
6801	FDC2	8001	09
6801	FDA9	8000	86
6801	FDB1	8001	08
6801	FDBA	8000	87
6801	FDC2	8001	09
6801	FDA9	8000	86
6801	FDB1	8001	08
6801	FDBA	8000	87
6801	FDC2	8001	09
6801	FDA9	8000	86
6801	FDB1	8001	08
6801	FDBA	8000	87
6801	FDC2	8001	09
6801	FDA9	8000	86
6801	FDB1	8001	08
6801	FDBA	8000	87
6801	FDC2	8001	09
6801	FDA9	8000	86
6801	FDB1	8001	08
6801	FDBA	8000	87
6801	FDC2	8001	09
6801	FDA9	8000	86
6801	FDB1	8001	08
6801	FDBA	8000	87
6801	FDC2	8001	09
6801	FDA9	8000	86
6801	FDB1	8001	08
6801	FDBA	8000	87
6801	FDC2	8001	09
6801	FDA9	8000	86
6801	FDB1	8001	08
6801	FDBA	8000	87
6801	FDC2	8001	09
6801	FDA9	8000	86
6801	FDB1	8001	08
6801	FDBA	8000	87
6801	FDC2	8001	09
6801	FC3F	8000	86
6801	FC48	8001	06
6801	FC4F	8000	87
6801	FC58	8001	07
6801	FDA9	8000	86
6801	FDB1	8001	28
6801	FDBA	8000	87
6801	FDC2	8001	29
6801	FDA9	8000	86
6801	FDB1	8001	28
6801	FDBA	8000	87
6801	FDC2	8001	29
6801	FDA9	8000	86
6801	FDB1	8001	18
6801	FDBA	8000	87
6801	FDC2	8001	19
6801	F9B3	8000	80
6801	F9B9	8001	FC
6801	F9BE	8000	81
6801	F9C4	8001	E2
6801	F9C9	8000	82
6801	F9CF	8001	A2
6801	F9D4	8000	83
6801	F9DA	8001	01
6801	F9DF	8000	84
6801	F9E5	8001	02
6801	F9EA	8000	85
6801	F9F0	8001	0A
6801	F8DB	8000	87
6801	FDA9	8000	86
6801	FDB1	8001	08
6801	FDBA	8000	87
6801	FDC2	8001	09
6801	F9B3	8000	80
6801	F9B9	8001	FC
6801	F9BE	8000	81
6801	F9C4	8001	0A
6801	F9C9	8000	82
6801	F9CF	8001	FC
6801	F9D4	8000	83
6801	F9DA	8001	FD
6801	F9DF	8000	84
6801	F9E5	8001	02
6801	F9EA	8000	85
6801	F9F0	8001	0A
6801	F8DB	8000	87
6801	FDA9	8000	86
6801	FDB1	8001	08
6801	FDBA	8000	87
6801	FDC2	8001	09
6801	FDA9	8000	86
6801	FDB1	8001	08
6801	FDBA	8000	87
6801	FDC2	8001	09
6801	FDA9	8000	86
6801	FDB1	8001	08
6801	FDBA	8000	87
6801	FDC2	8001	09
6802	FA23	8000	80
6802	FA29	8001	FC
6802	FA2E	8000	81
6802	FA34	8001	E2
6802	FA39	8000	82
6802	FA3F	8001	A2
6802	FA44	8000	83
6802	FA4A	8001	35
6802	FA4F	8000	84
6802	FA55	8001	B7
6802	FA5A	8000	85
6802	FA60	8001	BD
6802	FADD	8000	86
6802	FAE2	8001	18
6802	FAE9	8000	87
6802	FAEE	8001	19
6802	FAF8	8000	86
6802	FAFE	8001	08
6802	FB05	8000	87
6802	FB0B	8001	09
6802	FDA9	8000	86
6802	FDB1	8001	06
6802	FDBA	8000	87
6802	FDC2	8001	07
6802	FDA9	8000	86
6802	FDB1	8001	20
6802	FDBA	8000	87
6802	FDC2	8001	21
6802	FDA9	8000	86
6802	FDB1	8001	08
6802	FDBA	8000	87
6802	FDC2	8001	09
6802	FDA9	8000	86
6802	FDB1	8001	08
6802	FDBA	8000	87
6802	FDC2	8001	09
6802	FDA9	8000	86
6802	FDB1	8001	08
6802	FDBA	8000	87
6802	FDC2	8001	09
6802	FDA9	8000	86
6802	FDB1	8001	08
6802	FDBA	8000	87
6802	FDC2	8001	09
6802	FDA9	8000	86
6802	FDB1	8001	08
6802	FDBA	8000	87
6802	FDC2	8001	09
6802	FDA9	8000	86
6802	FDB1	8001	08
6802	FDBA	8000	87
6802	FDC2	8001	09
6802	FDA9	8000	86
6802	FDB1	8001	08
6802	FDBA	8000	87
6802	FDC2	8001	09
6802	FDA9	8000	86
6802	FDB1	8001	08
6802	FDBA	8000	87
6802	FDC2	8001	09
6802	FDA9	8000	86
6802	FDB1	8001	08
6802	FDBA	8000	87
6802	FDC2	8001	09
6802	FDA9	8000	86
6802	FDB1	8001	08
6802	FDBA	8000	87
6802	FDC2	8001	09
6802	FDA9	8000	86
6802	FDB1	8001	08
6802	FDBA	8000	87
6802	FDC2	8001	09
6802	FDA9	8000	86
6802	FDB1	8001	08
6802	FDBA	8000	87
6802	FDC2	8001	09
6802	FC3F	8000	86
6802	FC48	8001	06
6802	FC4F	8000	87
6802	FC58	8001	07
6802	FDA9	8000	86
6802	FDB1	8001	28
6802	FDBA	8000	87
6802	FDC2	8001	29
6802	FDA9	8000	86
6802	FDB1	8001	28
6802	FDBA	8000	87
6802	FDC2	8001	29
6802	FDA9	8000	86
6802	FDB1	8001	18
6802	FDBA	8000	87
6802	FDC2	8001	19
6802	F9B3	8000	80
6802	F9B9	8001	FC
6802	F9BE	8000	81
6802	F9C4	8001	E2
6802	F9C9	8000	82
6802	F9CF	8001	A2
6802	F9D4	8000	83
6802	F9DA	8001	01
6802	F9DF	8000	84
6802	F9E5	8001	02
6802	F9EA	8000	85
6802	F9F0	8001	0A
6802	F8DB	8000	87
6802	FDA9	8000	86
6802	FDB1	8001	08
6802	FDBA	8000	87
6802	FDC2	8001	09
6802	F9B3	8000	80
6802	F9B9	8001	FC
6802	F9BE	8000	81
6802	F9C4	8001	0A
6802	F9C9	8000	82
6802	F9CF	8001	FC
6802	F9D4	8000	83
6802	F9DA	8001	FD
6802	F9DF	8000	84
6802	F9E5	8001	02
6802	F9EA	8000	85
6802	F9F0	8001	0A
6802	F8DB	8000	87
6802	FDA9	8000	86
6802	FDB1	8001	08
6802	FDBA	8000	87
6802	FDC2	8001	09
6802	FDA9	8000	86
6802	FDB1	8001	08
6802	FDBA	8000	87
6802	FDC2	8001	09
6802	FDA9	8000	86
6802	FDB1	8001	08
6802	FDBA	8000	87
6802	FDC2	8001	09
6803	FA23	8000	80
6803	FA29	8001	FC
6803	FA2E	8000	81
6803	FA34	8001	E2
6803	FA39	8000	82
6803	FA3F	8001	A2
6803	FA44	8000	83
6803	FA4A	8001	35
6803	FA4F	8000	84
6803	FA55	8001	B7
6803	FA5A	8000	85
6803	FA60	8001	BD
6803	FADD	8000	86
6803	FAE2	8001	18
6803	FAE9	8000	87
6803	FAEE	8001	19
6803	FAF8	8000	86
6803	FAFE	8001	08
6803	FB05	8000	87
6803	FB0B	8001	09
6803	FDA9	8000	86
6803	FDB1	8001	06
6803	FDBA	8000	87
6803	FDC2	8001	07
6803	FDA9	8000	86
6803	FDB1	8001	20
6803	FDBA	8000	87
6803	FDC2	8001	21
6803	FDA9	8000	86
6803	FDB1	8001	08
6803	FDBA	8000	87
6803	FDC2	8001	09
6803	FDA9	8000	86
6803	FDB1	8001	08
6803	FDBA	8000	87
6803	FDC2	8001	09
6803	FDA9	8000	86
6803	FDB1	8001	08
6803	FDBA	8000	87
6803	FDC2	8001	09
6803	FDA9	8000	86
6803	FDB1	8001	08
6803	FDBA	8000	87
6803	FDC2	8001	09
6803	FDA9	8000	86
6803	FDB1	8001	08
6803	FDBA	8000	87
6803	FDC2	8001	09
6803	FDA9	8000	86
6803	FDB1	8001	08
6803	FDBA	8000	87
6803	FDC2	8001	09
6803	FDA9	8000	86
6803	FDB1	8001	08
6803	FDBA	8000	87
6803	FDC2	8001	09
6803	FDA9	8000	86
6803	FDB1	8001	08
6803	FDBA	8000	87
6803	FDC2	8001	09
6803	FDA9	8000	86
6803	FDB1	8001	08
6803	FDBA	8000	87
6803	FDC2	8001	09
6803	FDA9	8000	86
6803	FDB1	8001	08
6803	FDBA	8000	87
6803	FDC2	8001	09
6803	FDA9	8000	86
6803	FDB1	8001	08
6803	FDBA	8000	87
6803	FDC2	8001	09
6803	FDA9	8000	86
6803	FDB1	8001	08
6803	FDBA	8000	87
6803	FDC2	8001	09
6803	FC3F	8000	86
6803	FC48	8001	06
6803	FC4F	8000	87
6803	FC58	8001	07
6803	FDA9	8000	86
6803	FDB1	8001	28
6803	FDBA	8000	87
6803	FDC2	8001	29
6803	FDA9	8000	86
6803	FDB1	8001	28
6803	FDBA	8000	87
6803	FDC2	8001	29
6803	FDA9	8000	86
6803	FDB1	8001	18
6803	FDBA	8000	87
6803	FDC2	8001	19
6803	FDA9	8000	86
6803	F9B3	8000	80
6803	F9B9	8001	FC
6803	F9BE	8000	81
6803	F9C4	8001	E2
6803	F9C9	8000	82
6803	F9CF	8001	A2
6803	F9D4	8000	83
6803	F9DA	8001	01
6803	F9DF	8000	84
6803	F9E5	8001	02
6803	F9EA	8000	85
6803	F9F0	8001	0A
6803	F8DB	8000	86
6803	FDB1	8001	08
6803	FDBA	8000	87
6803	FDC2	8001	09
6803	FDA9	8000	86
6803	F9B3	8000	80
6803	F9B9	8001	FC
6803	F9BE	8000	81
6803	F9C4	8001	0A
6803	F9C9	8000	82
6803	F9CF	8001	FC
6803	F9D4	8000	83
6803	F9DA	8001	FD
6803	F9DF	8000	84
6803	F9E5	8001	02
6803	F9EA	8000	85
6803	F9F0	8001	0A
6803	F8DB	8000	86
6803	FDB1	8001	08
6803	FDBA	8000	87
6803	FDC2	8001	09
6803	FDA9	8000	86
6803	FDB1	8001	08
6803	FDBA	8000	87
6803	FDC2	8001	09
6803	FDA9	8000	86
6803	FDB1	8001	08
6803	FDBA	8000	87
6803	FDC2	8001	09
6804	FA23	8000	80
6804	FA29	8001	FC
6804	FA2E	8000	81
6804	FA34	8001	E2
6804	FA39	8000	82
6804	FA3F	8001	A2
6804	FA44	8000	83
6804	FA4A	8001	35
6804	FA4F	8000	84
6804	FA55	8001	B7
6804	FA5A	8000	85
6804	FA60	8001	BD
6804	FADD	8000	86
6804	FAE2	8001	18
6804	FAE9	8000	87
6804	FAEE	8001	19
6804	BF0A	8000	86
6804	C8E1	8001	00
6804	C8E6	8000	87
6804	C8EB	8001	01
6804	C900	8000	86
6804	C905	8001	18
6804	C90A	8000	87
6804	C90F	8001	19
6804	BF0A	8000	86
6804	C8E1	8001	00
6804	C8E6	8000	87
6804	C8EB	8001	01
6804	C900	8000	86
6804	C905	8001	18
6804	C90A	8000	87
6804	C90F	8001	19
6804	BF0A	8000	86
6804	C8E1	8001	00
6804	C8E6	8000	87
6804	C8EB	8001	01
6804	C900	8000	86
6804	C905	8001	18
6804	C90A	8000	87
6804	C90F	8001	19
6804	FAF8	8000	86
6804	FAFE	8001	08
6804	FB05	8000	87
6804	FB0B	8001	09
6804	FDA9	8000	86
6804	FDB1	8001	06
6804	FDBA	8000	87
6804	FDC2	8001	07
6804	FDA9	8000	86
6804	FDB1	8001	20
6804	FDBA	8000	87
6804	FDC2	8001	21
6804	FDA9	8000	86
6804	FDB1	8001	08
6804	FDBA	8000	87
6804	FDC2	8001	09
6804	FDA9	8000	86
6804	FDB1	8001	08
6804	FDBA	8000	87
6804	FDC2	8001	09
6804	FDA9	8000	86
6804	FDB1	8001	08
6804	FDBA	8000	87
6804	FDC2	8001	09
6804	FDA9	8000	86
6804	FDB1	8001	08
6804	FDBA	8000	87
6804	FDC2	8001	09
6804	FDA9	8000	86
6804	FDB1	8001	08
6804	FDBA	8000	87
6804	FDC2	8001	09
6804	FDA9	8000	86
6804	FDB1	8001	08
6804	FDBA	8000	87
6804	FDC2	8001	09
6804	FDA9	8000	86
6804	FDB1	8001	08
6804	FDBA	8000	87
6804	FDC2	8001	09
6804	FDA9	8000	86
6804	FDB1	8001	08
6804	FDBA	8000	87
6804	FDC2	8001	09
6804	FDA9	8000	86
6804	FDB1	8001	08
6804	FDBA	8000	87
6804	FDC2	8001	09
6804	FDA9	8000	86
6804	FDB1	8001	08
6804	FDBA	8000	87
6804	FDC2	8001	09
6804	FDA9	8000	86
6804	FDB1	8001	08
6804	FDBA	8000	87
6804	FDC2	8001	09
6804	FDA9	8000	86
6804	FDB1	8001	08
6804	FDBA	8000	87
6804	FDC2	8001	09
6804	FC3F	8000	86
6804	FC48	8001	06
6804	FC4F	8000	87
6804	FC58	8001	07
6804	FDA9	8000	86
6804	FDB1	8001	28
6804	FDBA	8000	87
6804	FDC2	8001	29
6804	FDA9	8000	86
6804	FDB1	8001	28
6804	FDBA	8000	87
6804	FDC2	8001	29
6804	FDA9	8000	86
6804	FDB1	8001	18
6804	FDBA	8000	87
6804	FDC2	8001	19
6804	F9B3	8000	80
6804	F9B9	8001	FC
6804	F9BE	8000	81
6804	F9C4	8001	E2
6804	F9C9	8000	82
6804	F9CF	8001	A2
6804	F9D4	8000	83
6804	F9DA	8001	01
6804	F9DF	8000	84
6804	F9E5	8001	02
6804	F9EA	8000	85
6804	F9F0	8001	0A
6804	F8DB	8000	87
6804	F9B3	8000	80
6804	F9B9	8001	FC
6804	F9BE	8000	81
6804	F9C4	8001	0A
6804	F9C9	8000	82
6804	F9CF	8001	FC
6804	F9D4	8000	83
6804	F9DA	8001	FD
6804	F9DF	8000	84
6804	F9E5	8001	02
6804	F9EA	8000	85
6804	F9F0	8001	0A
6804	F8DB	8000	87
6804	FDA9	8000	86
6804	FDB1	8001	08
6804	FDBA	8000	87
6804	FDC2	8001	09
6804	FDA9	8000	86
6804	FDB1	8001	08
6804	FDBA	8000	87
6804	FDC2	8001	09
6804	FDA9	8000	86
6804	FDB1	8001	08
6804	FDBA	8000	87
6804	FDC2	8001	09
6804	FDA9	8000	86
6804	FDB1	8001	08
6804	FDBA	8000	87
6804	FDC2	8001	09
6805	FA23	8000	80
6805	FA29	8001	FC
6805	FA2E	8000	81
6805	FA34	8001	E2
6805	FA39	8000	82
6805	FA3F	8001	A2
6805	FA44	8000	83
6805	FA4A	8001	35
6805	FA4F	8000	84
6805	FA55	8001	B7
6805	FA5A	8000	85
6805	FA60	8001	BD
6805	FADD	8000	86
6805	FAE2	8001	18
6805	FAE9	8000	87
6805	FAEE	8001	19
6805	FAF8	8000	86
6805	FAFE	8001	08
6805	FB05	8000	87
6805	FB0B	8001	09
6805	FDA9	8000	86
6805	FDB1	8001	06
6805	FDBA	8000	87
6805	FDC2	8001	07
6805	FDA9	8000	86
6805	FDB1	8001	20
6805	FDBA	8000	87
6805	FDC2	8001	21
6805	FDA9	8000	86
6805	FDB1	8001	08
6805	FDBA	8000	87
6805	FDC2	8001	09
6805	FDA9	8000	86
6805	FDB1	8001	08
6805	FDBA	8000	87
6805	FDC2	8001	09
6805	FDA9	8000	86
6805	FDB1	8001	08
6805	FDBA	8000	87
6805	FDC2	8001	09
6805	FDA9	8000	86
6805	FDB1	8001	08
6805	FDBA	8000	87
6805	FDC2	8001	09
6805	FDA9	8000	86
6805	FDB1	8001	08
6805	FDBA	8000	87
6805	FDC2	8001	09
6805	FDA9	8000	86
6805	FDB1	8001	08
6805	FDBA	8000	87
6805	FDC2	8001	09
6805	FDA9	8000	86
6805	FDB1	8001	08
6805	FDBA	8000	87
6805	FDC2	8001	09
6805	FDA9	8000	86
6805	FDB1	8001	08
6805	FDBA	8000	87
6805	FDC2	8001	09
6805	FDA9	8000	86
6805	FDB1	8001	08
6805	FDBA	8000	87
6805	FDC2	8001	09
6805	FDA9	8000	86
6805	FDB1	8001	08
6805	FDBA	8000	87
6805	FDC2	8001	09
6805	FDA9	8000	86
6805	FDB1	8001	08
6805	FDBA	8000	87
6805	FDC2	8001	09
6805	FDA9	8000	86
6805	FDB1	8001	08
6805	FDBA	8000	87
6805	FDC2	8001	09
6805	FC3F	8000	86
6805	FC48	8001	06
6805	FC4F	8000	87
6805	FC58	8001	07
6805	FDA9	8000	86
6805	FDB1	8001	28
6805	FDBA	8000	87
6805	FDC2	8001	29
6805	FDA9	8000	86
6805	FDB1	8001	28
6805	FDBA	8000	87
6805	FDC2	8001	29
6805	FDA9	8000	86
6805	FDB1	8001	18
6805	FDBA	8000	87
6805	FDC2	8001	19
6805	F9B3	8000	80
6805	F9B9	8001	FC
6805	F9BE	8000	81
6805	F9C4	8001	E2
6805	F9C9	8000	82
6805	F9CF	8001	A2
6805	F9D4	8000	83
6805	F9DA	8001	01
6805	F9DF	8000	84
6805	F9E5	8001	02
6805	F9EA	8000	85
6805	F9F0	8001	0A
6805	F8DB	8000	87
6805	FDA9	8000	86
6805	FDB1	8001	08
6805	FDBA	8000	87
6805	FDC2	8001	09
6805	F9B3	8000	80
6805	F9B9	8001	FC
6805	F9BE	8000	81
6805	F9C4	8001	0A
6805	F9C9	8000	82
6805	F9CF	8001	FC
6805	F9D4	8000	83
6805	F9DA	8001	FD
6805	F9DF	8000	84
6805	F9E5	8001	02
6805	F9EA	8000	85
6805	F9F0	8001	0A
6805	F8DB	8000	87
6805	FDA9	8000	86
6805	FDB1	8001	08
6805	FDBA	8000	87
6805	FDC2	8001	09
6805	FDA9	8000	86
6805	FDB1	8001	08
6805	FDBA	8000	87
6805	FDC2	8001	09
6805	FDA9	8000	86
6805	FDB1	8001	08
6805	FDBA	8000	87
6805	FDC2	8001	09
6806	FA23	8000	80
6806	FA29	8001	FC
6806	FA2E	8000	81
6806	FA34	8001	E2
6806	FA39	8000	82
6806	FA3F	8001	A2
6806	FA44	8000	83
6806	FA4A	8001	35
6806	FA4F	8000	84
6806	FA55	8001	B7
6806	FA5A	8000	85
6806	FA60	8001	BD
6806	FADD	8000	86
6806	FAE2	8001	18
6806	FAE9	8000	87
6806	FAEE	8001	19
6806	FAF8	8000	86
6806	FAFE	8001	08
6806	FB05	8000	87
6806	FB0B	8001	09
6806	FDA9	8000	86
6806	FDB1	8001	06
6806	FDBA	8000	87
6806	FDC2	8001	07
6806	FDA9	8000	86
6806	FDB1	8001	20
6806	FDBA	8000	87
6806	FDC2	8001	21
6806	FDA9	8000	86
6806	FDB1	8001	08
6806	FDBA	8000	87
6806	FDC2	8001	09
6806	FDA9	8000	86
6806	FDB1	8001	08
6806	FDBA	8000	87
6806	FDC2	8001	09
6806	FDA9	8000	86
6806	FDB1	8001	08
6806	FDBA	8000	87
6806	FDC2	8001	09
6806	FDA9	8000	86
6806	FDB1	8001	08
6806	FDBA	8000	87
6806	FDC2	8001	09
6806	FDA9	8000	86
6806	FDB1	8001	08
6806	FDBA	8000	87
6806	FDC2	8001	09
6806	FDA9	8000	86
6806	FDB1	8001	08
6806	FDBA	8000	87
6806	FDC2	8001	09
6806	FDA9	8000	86
6806	FDB1	8001	08
6806	FDBA	8000	87
6806	FDC2	8001	09
6806	FDA9	8000	86
6806	FDB1	8001	08
6806	FDBA	8000	87
6806	FDC2	8001	09
6806	FDA9	8000	86
6806	FDB1	8001	08
6806	FDBA	8000	87
6806	FDC2	8001	09
6806	FDA9	8000	86
6806	FDB1	8001	08
6806	FDBA	8000	87
6806	FDC2	8001	09
6806	FDA9	8000	86
6806	FDB1	8001	08
6806	FDBA	8000	87
6806	FDC2	8001	09
6806	FDA9	8000	86
6806	FDB1	8001	08
6806	FDBA	8000	87
6806	FDC2	8001	09
6806	FC3F	8000	86
6806	FC48	8001	06
6806	FC4F	8000	87
6806	FC58	8001	07
6806	FDA9	8000	86
6806	FDB1	8001	28
6806	FDBA	8000	87
6806	FDC2	8001	29
6806	FDA9	8000	86
6806	FDB1	8001	28
6806	FDBA	8000	87
6806	FDC2	8001	29
6806	FDA9	8000	86
6806	FDB1	8001	18
6806	FDBA	8000	87
6806	FDC2	8001	19
6806	F9B3	8000	80
6806	F9B9	8001	FC
6806	F9BE	8000	81
6806	F9C4	8001	E2
6806	F9C9	8000	82
6806	F9CF	8001	A2
6806	F9D4	8000	83
6806	F9DA	8001	01
6806	F9DF	8000	84
6806	F9E5	8001	02
6806	F9EA	8000	85
6806	F9F0	8001	0A
6806	F8DB	8000	87
6806	FDA9	8000	86
6806	FDB1	8001	08
6806	FDBA	8000	87
6806	FDC2	8001	09
6806	F9B3	8000	80
6806	F9B9	8001	FC
6806	F9BE	8000	81
6806	F9C4	8001	0A
6806	F9C9	8000	82
6806	F9CF	8001	FC
6806	F9D4	8000	83
6806	F9DA	8001	FD
6806	F9DF	8000	84
6806	F9E5	8001	02
6806	F9EA	8000	85
6806	F9F0	8001	0A
6806	F8DB	8000	87
6806	FDA9	8000	86
6806	FDB1	8001	08
6806	FDBA	8000	87
6806	FDC2	8001	09
6806	FDA9	8000	86
6806	FDB1	8001	08
6806	FDBA	8000	87
6806	FDC2	8001	09
6806	FDA9	8000	86
6806	FDB1	8001	08
6806	FDBA	8000	87
6806	FDC2	8001	09
6807	FA23	8000	80
6807	FA29	8001	FC
6807	FA2E	8000	81
6807	FA34	8001	E2
6807	FA39	8000	82
6807	FA3F	8001	A2
6807	FA44	8000	83
6807	FA4A	8001	35
6807	FA4F	8000	84
6807	FA55	8001	B7
6807	FA5A	8000	85
6807	FA60	8001	BD
6807	FADD	8000	86
6807	FAE2	8001	18
6807	FAE9	8000	87
6807	FAEE	8001	19
6807	FAF8	8000	86
6807	FAFE	8001	08
6807	FB05	8000	87
6807	FB0B	8001	09
6807	FDA9	8000	86
6807	FDB1	8001	06
6807	FDBA	8000	87
6807	FDC2	8001	07
6807	FDA9	8000	86
6807	FDB1	8001	20
6807	FDBA	8000	87
6807	FDC2	8001	21
6807	FDA9	8000	86
6807	FDB1	8001	08
6807	FDBA	8000	87
6807	FDC2	8001	09
6807	FDA9	8000	86
6807	FDB1	8001	08
6807	FDBA	8000	87
6807	FDC2	8001	09
6807	FDA9	8000	86
6807	FDB1	8001	08
6807	FDBA	8000	87
6807	FDC2	8001	09
6807	FDA9	8000	86
6807	FDB1	8001	08
6807	FDBA	8000	87
6807	FDC2	8001	09
6807	FDA9	8000	86
6807	FDB1	8001	08
6807	FDBA	8000	87
6807	FDC2	8001	09
6807	FDA9	8000	86
6807	FDB1	8001	08
6807	FDBA	8000	87
6807	FDC2	8001	09
6807	FDA9	8000	86
6807	FDB1	8001	08
6807	FDBA	8000	87
6807	FDC2	8001	09
6807	FDA9	8000	86
6807	FDB1	8001	08
6807	FDBA	8000	87
6807	FDC2	8001	09
6807	FDA9	8000	86
6807	FDB1	8001	08
6807	FDBA	8000	87
6807	FDC2	8001	09
6807	FDA9	8000	86
6807	FDB1	8001	08
6807	FDBA	8000	87
6807	FDC2	8001	09
6807	FDA9	8000	86
6807	FDB1	8001	08
6807	FDBA	8000	87
6807	FDC2	8001	09
6807	FDA9	8000	86
6807	FDB1	8001	08
6807	FDBA	8000	87
6807	FDC2	8001	09
6807	FC3F	8000	86
6807	FC48	8001	06
6807	FC4F	8000	87
6807	FC58	8001	07
6807	FDA9	8000	86
6807	FDB1	8001	28
6807	FDBA	8000	87
6807	FDC2	8001	29
6807	FDA9	8000	86
6807	FDB1	8001	28
6807	FDBA	8000	87
6807	FDC2	8001	29
6807	FDA9	8000	86
6807	FDB1	8001	18
6807	FDBA	8000	87
6807	FDC2	8001	19
6807	FDA9	8000	86
6807	FDB1	8001	08
6807	FDBA	8000	87
6807	FDC2	8001	09
6807	F9B3	8000	80
6807	F9B9	8001	FC
6807	F9BE	8000	81
6807	F9C4	8001	E2
6807	F9C9	8000	82
6807	F9CF	8001	A2
6807	F9D4	8000	83
6807	F9DA	8001	01
6807	F9DF	8000	84
6807	F9E5	8001	02
6807	F9EA	8000	85
6807	F9F0	8001	0A
6807	F8DB	8000	87
6807	FDA9	8000	86
6807	FDB1	8001	08
6807	FDBA	8000	87
6807	FDC2	8001	09
6807	F9B3	8000	80
6807	F9B9	8001	FC
6807	F9BE	8000	81
6807	F9C4	8001	0A
6807	F9C9	8000	82
6807	F9CF	8001	FC
6807	F9D4	8000	83
6807	F9DA	8001	FD
6807	F9DF	8000	84
6807	F9E5	8001	02
6807	F9EA	8000	85
6807	F9F0	8001	0A
6807	F8DB	8000	87
6807	FDA9	8000	86
6807	FDB1	8001	08
6807	FDBA	8000	87
6807	FDC2	8001	09
6807	FDA9	8000	86
6807	FDB1	8001	08
6807	FDBA	8000	87
6807	FDC2	8001	09
6808	FA23	8000	80
6808	FA29	8001	FC
6808	FA2E	8000	81
6808	FA34	8001	E2
6808	FA39	8000	82
6808	FA3F	8001	A2
6808	FA44	8000	83
6808	FA4A	8001	35
6808	FA4F	8000	84
6808	FA55	8001	B7
6808	FA5A	8000	85
6808	FA60	8001	BD
6808	FADD	8000	86
6808	FAE2	8001	18
6808	FAE9	8000	87
6808	FAEE	8001	19
6808	FAF8	8000	86
6808	FAFE	8001	08
6808	FB05	8000	87
6808	FB0B	8001	09
6808	FDA9	8000	86
6808	FDB1	8001	06
6808	FDBA	8000	87
6808	FDC2	8001	07
6808	FDA9	8000	86
6808	FDB1	8001	20
6808	FDBA	8000	87
6808	FDC2	8001	21
6808	FDA9	8000	86
6808	FDB1	8001	08
6808	FDBA	8000	87
6808	FDC2	8001	09
6808	FDA9	8000	86
6808	FDB1	8001	08
6808	FDBA	8000	87
6808	FDC2	8001	09
6808	FDA9	8000	86
6808	FDB1	8001	08
6808	FDBA	8000	87
6808	FDC2	8001	09
6808	FDA9	8000	86
6808	FDB1	8001	08
6808	FDBA	8000	87
6808	FDC2	8001	09
6808	FDA9	8000	86
6808	FDB1	8001	08
6808	FDBA	8000	87
6808	FDC2	8001	09
6808	FDA9	8000	86
6808	FDB1	8001	08
6808	FDBA	8000	87
6808	FDC2	8001	09
6808	FDA9	8000	86
6808	FDB1	8001	08
6808	FDBA	8000	87
6808	FDC2	8001	09
6808	FDA9	8000	86
6808	FDB1	8001	08
6808	FDBA	8000	87
6808	FDC2	8001	09
6808	FDA9	8000	86
6808	FDB1	8001	08
6808	FDBA	8000	87
6808	FDC2	8001	09
6808	FDA9	8000	86
6808	FDB1	8001	08
6808	FDBA	8000	87
6808	FDC2	8001	09
6808	FDA9	8000	86
6808	FDB1	8001	08
6808	FDBA	8000	87
6808	FDC2	8001	09
6808	FDA9	8000	86
6808	FDB1	8001	08
6808	FDBA	8000	87
6808	FDC2	8001	09
6808	FDA9	8000	86
6808	FDB1	8001	08
6808	FDBA	8000	87
6808	FDC2	8001	09
6808	FDA9	8000	86
6808	FDB1	8001	08
6808	FDBA	8000	87
6808	FDC2	8001	09
6808	FDA9	8000	86
6808	FDB1	8001	08
6808	FDBA	8000	87
6808	FDC2	8001	09
6808	FDA9	8000	86
6808	FDB1	8001	08
6808	FDBA	8000	87
6808	FDC2	8001	09
6808	FDA9	8000	86
6808	FDB1	8001	08
6808	FDBA	8000	87
6808	FDC2	8001	09
6808	FDA9	8000	86
6808	FDB1	8001	08
6808	FDBA	8000	87
6808	FDC2	8001	09
6808	FC3F	8000	86
6808	FC48	8001	06
6808	FC4F	8000	87
6808	FC58	8001	07
6808	FDA9	8000	86
6808	FDB1	8001	28
6808	FDBA	8000	87
6808	FDC2	8001	29
6808	FDA9	8000	86
6808	FDB1	8001	28
6808	FDBA	8000	87
6808	FDC2	8001	29
6808	FDA9	8000	86
6808	FDB1	8001	18
6808	FDBA	8000	87
6808	FDC2	8001	19
6808	F9B3	8000	80
6808	F9B9	8001	FC
6808	F9BE	8000	81
6808	F9C4	8001	E2
6808	F9C9	8000	82
6808	F9CF	8001	A2
6808	F9D4	8000	83
6808	F9DA	8001	01
6808	F9DF	8000	84
6808	F9E5	8001	02
6808	F9EA	8000	85
6808	F9F0	8001	0A
6808	F8DB	8000	87
6808	F9B3	8000	80
6808	F9B9	8001	FC
6808	F9BE	8000	81
6808	F9C4	8001	0A
6808	F9C9	8000	82
6808	F9CF	8001	FC
6808	F9D4	8000	83
6808	F9DA	8001	FD
6808	F9DF	8000	84
6808	F9E5	8001	02
6808	F9EA	8000	85
6808	F9F0	8001	0A
6808	F8DB	8000	87
6808	FDA9	8000	86
6808	FDB1	8001	08
6808	FDBA	8000	87
6808	FDC2	8001	09
6808	FDA9	8000	86
6808	FDB1	8001	08
6808	FDBA	8000	87
6808	FDC2	8001	09
6808	FDA9	8000	86
6808	FDB1	8001	08
6808	FDBA	8000	87
6808	FDC2	8001	09
6808	FDA9	8000	86
6808	FDB1	8001	08
6808	FDBA	8000	87
6808	FDC2	8001	09
6808	FDA9	8000	86
6808	FDB1	8001	08
6808	FDBA	8000	87
6808	FDC2	8001	09
6808	FDA9	8000	86
6808	FDB1	8001	08
6808	FDBA	8000	87
6808	FDC2	8001	09
6809	FA23	8000	80
6809	FA29	8001	FC
6809	FA2E	8000	81
6809	FA34	8001	E2
6809	FA39	8000	82
6809	FA3F	8001	A2
6809	FA44	8000	83
6809	FA4A	8001	35
6809	FA4F	8000	84
6809	FA55	8001	B7
6809	FA5A	8000	85
6809	FA60	8001	BD
6809	FADD	8000	86
6809	FAE2	8001	18
6809	FAE9	8000	87
6809	FAEE	8001	19
6809	FAF8	8000	86
6809	FAFE	8001	08
6809	FB05	8000	87
6809	FB0B	8001	09
6809	FDA9	8000	86
6809	FDB1	8001	06
6809	FDBA	8000	87
6809	FDC2	8001	07
6809	FDA9	8000	86
6809	FDB1	8001	20
6809	FDBA	8000	87
6809	FDC2	8001	21
6809	FDA9	8000	86
6809	FDB1	8001	08
6809	FDBA	8000	87
6809	FDC2	8001	09
6809	FDA9	8000	86
6809	FDB1	8001	08
6809	FDBA	8000	87
6809	FDC2	8001	09
6809	FDA9	8000	86
6809	FDB1	8001	08
6809	FDBA	8000	87
6809	FDC2	8001	09
6809	FDA9	8000	86
6809	FDB1	8001	08
6809	FDBA	8000	87
6809	FDC2	8001	09
6809	FDA9	8000	86
6809	FDB1	8001	08
6809	FDBA	8000	87
6809	FDC2	8001	09
6809	FDA9	8000	86
6809	FDB1	8001	08
6809	FDBA	8000	87
6809	FDC2	8001	09
6809	FDA9	8000	86
6809	FDB1	8001	08
6809	FDBA	8000	87
6809	FDC2	8001	09
6809	FDA9	8000	86
6809	FDB1	8001	08
6809	FDBA	8000	87
6809	FDC2	8001	09
6809	FDA9	8000	86
6809	FDB1	8001	08
6809	FDBA	8000	87
6809	FDC2	8001	09
6809	FDA9	8000	86
6809	FDB1	8001	08
6809	FDBA	8000	87
6809	FDC2	8001	09
6809	FDA9	8000	86
6809	FDB1	8001	08
6809	FDBA	8000	87
6809	FDC2	8001	09
6809	FDA9	8000	86
6809	FDB1	8001	08
6809	FDBA	8000	87
6809	FDC2	8001	09
6809	FDA9	8000	86
6809	FDB1	8001	08
6809	FDBA	8000	87
6809	FDC2	8001	09
6809	FDA9	8000	86
6809	FDB1	8001	08
6809	FDBA	8000	87
6809	FDC2	8001	09
6809	FC3F	8000	86
6809	FC48	8001	06
6809	FC4F	8000	87
6809	FC58	8001	07
6809	FDA9	8000	86
6809	FDB1	8001	28
6809	FDBA	8000	87
6809	FDC2	8001	29
6809	FDA9	8000	86
6809	FDB1	8001	28
6809	FDBA	8000	87
6809	FDC2	8001	29
6809	FDA9	8000	86
6809	FDB1	8001	18
6809	FDBA	8000	87
6809	FDC2	8001	19
6809	F9B3	8000	80
6809	F9B9	8001	FC
6809	F9BE	8000	81
6809	F9C4	8001	E2
6809	F9C9	8000	82
6809	F9CF	8001	A2
6809	F9D4	8000	83
6809	F9DA	8001	01
6809	F9DF	8000	84
6809	F9E5	8001	02
6809	F9EA	8000	85
6809	F9F0	8001	0A
6809	F8DB	8000	87
6809	F9B3	8000	80
6809	F9B9	8001	FC
6809	F9BE	8000	81
6809	F9C4	8001	0A
6809	F9C9	8000	82
6809	F9CF	8001	FC
6809	F9D4	8000	83
6809	F9DA	8001	FD
6809	F9DF	8000	84
6809	F9E5	8001	02
6809	F9EA	8000	85
6809	F9F0	8001	0A
6809	F8DB	8000	87
6809	FDA9	8000	86
6809	FDB1	8001	08
6809	FDBA	8000	87
6809	FDC2	8001	09
6809	FDA9	8000	86
6809	FDB1	8001	08
6809	FDBA	8000	87
6809	FDC2	8001	09
6809	FDA9	8000	86
6809	FDB1	8001	08
6809	FDBA	8000	87
6809	FDC2	8001	09
6809	FDA9	8000	86
6809	FDB1	8001	08
6809	FDBA	8000	87
6809	FDC2	8001	09
6810	FA23	8000	80
6810	FA29	8001	FC
6810	FA2E	8000	81
6810	FA34	8001	E2
6810	FA39	8000	82
6810	FA3F	8001	A2
6810	FA44	8000	83
6810	FA4A	8001	35
6810	FA4F	8000	84
6810	FA55	8001	B7
6810	FA5A	8000	85
6810	FA60	8001	BD
6810	FADD	8000	86
6810	FAE2	8001	18
6810	FAE9	8000	87
6810	FAEE	8001	19
6810	FAF8	8000	86
6810	FAFE	8001	08
6810	FB05	8000	87
6810	FB0B	8001	09
6810	FDA9	8000	86
6810	FDB1	8001	06
6810	FDBA	8000	87
6810	FDC2	8001	07
6810	FDA9	8000	86
6810	FDB1	8001	20
6810	FDBA	8000	87
6810	FDC2	8001	21
6810	FDA9	8000	86
6810	FDB1	8001	08
6810	FDBA	8000	87
6810	FDC2	8001	09
6810	FDA9	8000	86
6810	FDB1	8001	08
6810	FDBA	8000	87
6810	FDC2	8001	09
6810	FDA9	8000	86
6810	FDB1	8001	08
6810	FDBA	8000	87
6810	FDC2	8001	09
6810	FDA9	8000	86
6810	FDB1	8001	08
6810	FDBA	8000	87
6810	FDC2	8001	09
6810	FDA9	8000	86
6810	FDB1	8001	08
6810	FDBA	8000	87
6810	FDC2	8001	09
6810	FDA9	8000	86
6810	FDB1	8001	08
6810	FDBA	8000	87
6810	FDC2	8001	09
6810	FDA9	8000	86
6810	FDB1	8001	08
6810	FDBA	8000	87
6810	FDC2	8001	09
6810	FDA9	8000	86
6810	FDB1	8001	08
6810	FDBA	8000	87
6810	FDC2	8001	09
6810	FDA9	8000	86
6810	FDB1	8001	08
6810	FDBA	8000	87
6810	FDC2	8001	09
6810	FDA9	8000	86
6810	FDB1	8001	08
6810	FDBA	8000	87
6810	FDC2	8001	09
6810	FDA9	8000	86
6810	FDB1	8001	08
6810	FDBA	8000	87
6810	FDC2	8001	09
6810	FDA9	8000	86
6810	FDB1	8001	08
6810	FDBA	8000	87
6810	FDC2	8001	09
6810	FC3F	8000	86
6810	FC48	8001	06
6810	FC4F	8000	87
6810	FC58	8001	07
6810	FDA9	8000	86
6810	FDB1	8001	28
6810	FDBA	8000	87
6810	FDC2	8001	29
6810	FDA9	8000	86
6810	FDB1	8001	28
6810	FDBA	8000	87
6810	FDC2	8001	29
6810	FDA9	8000	86
6810	FDB1	8001	18
6810	FDBA	8000	87
6810	FDC2	8001	19
6810	F9B3	8000	80
6810	F9B9	8001	FC
6810	F9BE	8000	81
6810	F9C4	8001	E2
6810	F9C9	8000	82
6810	F9CF	8001	A2
6810	F9D4	8000	83
6810	F9DA	8001	01
6810	F9DF	8000	84
6810	F9E5	8001	02
6810	F9EA	8000	85
6810	F9F0	8001	0A
6810	F8DB	8000	87
6810	FDA9	8000	86
6810	FDB1	8001	08
6810	FDBA	8000	87
6810	FDC2	8001	09
6810	F9B3	8000	80
6810	F9B9	8001	FC
6810	F9BE	8000	81
6810	F9C4	8001	0A
6810	F9C9	8000	82
6810	F9CF	8001	FC
6810	F9D4	8000	83
6810	F9DA	8001	FD
6810	F9DF	8000	84
6810	F9E5	8001	02
6810	F9EA	8000	85
6810	F9F0	8001	0A
6810	F8DB	8000	87
6810	FDA9	8000	86
6810	FDB1	8001	08
6810	FDBA	8000	87
6810	FDC2	8001	09
6810	FDA9	8000	86
6810	FDB1	8001	08
6810	FDBA	8000	87
6810	FDC2	8001	09
6810	FDA9	8000	86
6810	FDB1	8001	08
6810	FDBA	8000	87
6810	FDC2	8001	09
6811	FA23	8000	80
6811	FA29	8001	FC
6811	FA2E	8000	81
6811	FA34	8001	E2
6811	FA39	8000	82
6811	FA3F	8001	A2
6811	FA44	8000	83
6811	FA4A	8001	35
6811	FA4F	8000	84
6811	FA55	8001	B7
6811	FA5A	8000	85
6811	FA60	8001	BD
6811	FADD	8000	86
6811	FAE2	8001	18
6811	FAE9	8000	87
6811	FAEE	8001	19
6811	FAF8	8000	86
6811	FAFE	8001	08
6811	FB05	8000	87
6811	FB0B	8001	09
6811	FDA9	8000	86
6811	FDB1	8001	06
6811	FDBA	8000	87
6811	FDC2	8001	07
6811	FDA9	8000	86
6811	FDB1	8001	20
6811	FDBA	8000	87
6811	FDC2	8001	21
6811	FDA9	8000	86
6811	FDB1	8001	08
6811	FDBA	8000	87
6811	FDC2	8001	09
6811	FDA9	8000	86
6811	FDB1	8001	08
6811	FDBA	8000	87
6811	FDC2	8001	09
6811	FDA9	8000	86
6811	FDB1	8001	08
6811	FDBA	8000	87
6811	FDC2	8001	09
6811	FDA9	8000	86
6811	FDB1	8001	08
6811	FDBA	8000	87
6811	FDC2	8001	09
6811	FDA9	8000	86
6811	FDB1	8001	08
6811	FDBA	8000	87
6811	FDC2	8001	09
6811	FDA9	8000	86
6811	FDB1	8001	08
6811	FDBA	8000	87
6811	FDC2	8001	09
6811	FDA9	8000	86
6811	FDB1	8001	08
6811	FDBA	8000	87
6811	FDC2	8001	09
6811	FDA9	8000	86
6811	FDB1	8001	08
6811	FDBA	8000	87
6811	FDC2	8001	09
6811	FDA9	8000	86
6811	FDB1	8001	08
6811	FDBA	8000	87
6811	FDC2	8001	09
6811	FDA9	8000	86
6811	FDB1	8001	08
6811	FDBA	8000	87
6811	FDC2	8001	09
6811	FDA9	8000	86
6811	FDB1	8001	08
6811	FDBA	8000	87
6811	FDC2	8001	09
6811	FDA9	8000	86
6811	FDB1	8001	08
6811	FDBA	8000	87
6811	FDC2	8001	09
6811	FC3F	8000	86
6811	FC48	8001	06
6811	FC4F	8000	87
6811	FC58	8001	07
6811	FDA9	8000	86
6811	FDB1	8001	28
6811	FDBA	8000	87
6811	FDC2	8001	29
6811	FDA9	8000	86
6811	FDB1	8001	28
6811	FDBA	8000	87
6811	FDC2	8001	29
6811	FDA9	8000	86
6811	FDB1	8001	18
6811	FDBA	8000	87
6811	FDC2	8001	19
6811	F9B3	8000	80
6811	F9B9	8001	FC
6811	F9BE	8000	81
6811	F9C4	8001	E2
6811	F9C9	8000	82
6811	F9CF	8001	A2
6811	F9D4	8000	83
6811	F9DA	8001	01
6811	F9DF	8000	84
6811	F9E5	8001	02
6811	F9EA	8000	85
6811	F9F0	8001	0A
6811	F8DB	8000	87
6811	FDA9	8000	86
6811	FDB1	8001	08
6811	FDBA	8000	87
6811	FDC2	8001	09
6811	F9B3	8000	80
6811	F9B9	8001	FC
6811	F9BE	8000	81
6811	F9C4	8001	0A
6811	F9C9	8000	82
6811	F9CF	8001	FC
6811	F9D4	8000	83
6811	F9DA	8001	FD
6811	F9DF	8000	84
6811	F9E5	8001	02
6811	F9EA	8000	85
6811	F9F0	8001	0A
6811	F8DB	8000	87
6811	FDA9	8000	86
6811	FDB1	8001	08
6811	FDBA	8000	87
6811	FDC2	8001	09
6811	FDA9	8000	86
6811	FDB1	8001	08
6811	FDBA	8000	87
6811	FDC2	8001	09
6811	FDA9	8000	86
6811	FDB1	8001	08
6811	FDBA	8000	87
6811	FDC2	8001	09
6812	FA23	8000	80
6812	FA29	8001	FC
6812	FA2E	8000	81
6812	FA34	8001	E2
6812	FA39	8000	82
6812	FA3F	8001	A2
6812	FA44	8000	83
6812	FA4A	8001	35
6812	FA4F	8000	84
6812	FA55	8001	B7
6812	FA5A	8000	85
6812	FA60	8001	BD
6812	FADD	8000	86
6812	FAE2	8001	18
6812	FAE9	8000	87
6812	FAEE	8001	19
6812	FAF8	8000	86
6812	FAFE	8001	08
6812	FB05	8000	87
6812	FB0B	8001	09
6812	FDA9	8000	86
6812	FDB1	8001	06
6812	FDBA	8000	87
6812	FDC2	8001	07
6812	FDA9	8000	86
6812	FDB1	8001	20
6812	FDBA	8000	87
6812	FDC2	8001	21
6812	FDA9	8000	86
6812	FDB1	8001	08
6812	FDBA	8000	87
6812	FDC2	8001	09
6812	FDA9	8000	86
6812	FDB1	8001	08
6812	FDBA	8000	87
6812	FDC2	8001	09
6812	FDA9	8000	86
6812	FDB1	8001	08
6812	FDBA	8000	87
6812	FDC2	8001	09
6812	FDA9	8000	86
6812	FDB1	8001	08
6812	FDBA	8000	87
6812	FDC2	8001	09
6812	FDA9	8000	86
6812	FDB1	8001	08
6812	FDBA	8000	87
6812	FDC2	8001	09
6812	FDA9	8000	86
6812	FDB1	8001	08
6812	FDBA	8000	87
6812	FDC2	8001	09
6812	FDA9	8000	86
6812	FDB1	8001	08
6812	FDBA	8000	87
6812	FDC2	8001	09
6812	FDA9	8000	86
6812	FDB1	8001	08
6812	FDBA	8000	87
6812	FDC2	8001	09
6812	FDA9	8000	86
6812	FDB1	8001	08
6812	FDBA	8000	87
6812	FDC2	8001	09
6812	FDA9	8000	86
6812	FDB1	8001	08
6812	FDBA	8000	87
6812	FDC2	8001	09
6812	FDA9	8000	86
6812	FDB1	8001	08
6812	FDBA	8000	87
6812	FDC2	8001	09
6812	FDA9	8000	86
6812	FDB1	8001	08
6812	FDBA	8000	87
6812	FDC2	8001	09
6812	FC3F	8000	86
6812	FC48	8001	06
6812	FC4F	8000	87
6812	FC58	8001	07
6812	FDA9	8000	86
6812	FDB1	8001	28
6812	FDBA	8000	87
6812	FDC2	8001	29
6812	FDA9	8000	86
6812	FDB1	8001	28
6812	FDBA	8000	87
6812	FDC2	8001	29
6812	FDA9	8000	86
6812	FDB1	8001	18
6812	FDBA	8000	87
6812	FDC2	8001	19
6812	F9B3	8000	80
6812	F9B9	8001	FC
6812	F9BE	8000	81
6812	F9C4	8001	E2
6812	F9C9	8000	82
6812	F9CF	8001	A2
6812	F9D4	8000	83
6812	F9DA	8001	01
6812	F9DF	8000	84
6812	F9E5	8001	02
6812	F9EA	8000	85
6812	F9F0	8001	0A
6812	F8DB	8000	87
6812	FDA9	8000	86
6812	FDB1	8001	08
6812	FDBA	8000	87
6812	FDC2	8001	09
6812	F9B3	8000	80
6812	F9B9	8001	FC
6812	F9BE	8000	81
6812	F9C4	8001	0A
6812	F9C9	8000	82
6812	F9CF	8001	FC
6812	F9D4	8000	83
6812	F9DA	8001	FD
6812	F9DF	8000	84
6812	F9E5	8001	02
6812	F9EA	8000	85
6812	F9F0	8001	0A
6812	F8DB	8000	87
6812	FDA9	8000	86
6812	FDB1	8001	08
6812	FDBA	8000	87
6812	FDC2	8001	09
6812	FDA9	8000	86
6812	FDB1	8001	08
6812	FDBA	8000	87
6812	FDC2	8001	09
6812	FDA9	8000	86
6812	FDB1	8001	08
6812	FDBA	8000	87
6812	FDC2	8001	09
6813	FA23	8000	80
6813	FA29	8001	FC
6813	FA2E	8000	81
6813	FA34	8001	E2
6813	FA39	8000	82
6813	FA3F	8001	A2
6813	FA44	8000	83
6813	FA4A	8001	35
6813	FA4F	8000	84
6813	FA55	8001	B7
6813	FA5A	8000	85
6813	FA60	8001	BD
6813	FADD	8000	86
6813	FAE2	8001	18
6813	FAE9	8000	87
6813	FAEE	8001	19
6813	FAF8	8000	86
6813	FAFE	8001	08
6813	FB05	8000	87
6813	FB0B	8001	09
6813	FDA9	8000	86
6813	FDB1	8001	06
6813	FDBA	8000	87
6813	FDC2	8001	07
6813	FDA9	8000	86
6813	FDB1	8001	20
6813	FDBA	8000	87
6813	FDC2	8001	21
6813	FDA9	8000	86
6813	FDB1	8001	08
6813	FDBA	8000	87
6813	FDC2	8001	09
6813	FDA9	8000	86
6813	FDB1	8001	08
6813	FDBA	8000	87
6813	FDC2	8001	09
6813	FDA9	8000	86
6813	FDB1	8001	08
6813	FDBA	8000	87
6813	FDC2	8001	09
6813	FDA9	8000	86
6813	FDB1	8001	08
6813	FDBA	8000	87
6813	FDC2	8001	09
6813	FDA9	8000	86
6813	FDB1	8001	08
6813	FDBA	8000	87
6813	FDC2	8001	09
6813	FDA9	8000	86
6813	FDB1	8001	08
6813	FDBA	8000	87
6813	FDC2	8001	09
6813	FDA9	8000	86
6813	FDB1	8001	08
6813	FDBA	8000	87
6813	FDC2	8001	09
6813	FDA9	8000	86
6813	FDB1	8001	08
6813	FDBA	8000	87
6813	FDC2	8001	09
6813	FDA9	8000	86
6813	FDB1	8001	08
6813	FDBA	8000	87
6813	FDC2	8001	09
6813	FDA9	8000	86
6813	FDB1	8001	08
6813	FDBA	8000	87
6813	FDC2	8001	09
6813	FDA9	8000	86
6813	FDB1	8001	08
6813	FDBA	8000	87
6813	FDC2	8001	09
6813	FDA9	8000	86
6813	FDB1	8001	08
6813	FDBA	8000	87
6813	FDC2	8001	09
6813	FC3F	8000	86
6813	FC48	8001	06
6813	FC4F	8000	87
6813	FC58	8001	07
6813	FDA9	8000	86
6813	FDB1	8001	28
6813	FDBA	8000	87
6813	FDC2	8001	29
6813	FDA9	8000	86
6813	FDB1	8001	28
6813	FDBA	8000	87
6813	FDC2	8001	29
6813	FDA9	8000	86
6813	FDB1	8001	18
6813	FDBA	8000	87
6813	FDC2	8001	19
6813	FDA9	8000	86
6813	FDB1	8001	08
6813	FDBA	8000	87
6813	FDC2	8001	09
6813	F9B3	8000	80
6813	F9B9	8001	FC
6813	F9BE	8000	81
6813	F9C4	8001	E2
6813	F9C9	8000	82
6813	F9CF	8001	A2
6813	F9D4	8000	83
6813	F9DA	8001	01
6813	F9DF	8000	84
6813	F9E5	8001	02
6813	F9EA	8000	85
6813	F9F0	8001	0A
6813	F8DB	8000	87
6813	FDA9	8000	86
6813	FDB1	8001	08
6813	FDBA	8000	87
6813	FDC2	8001	09
6813	F9B3	8000	80
6813	F9B9	8001	FC
6813	F9BE	8000	81
6813	F9C4	8001	0A
6813	F9C9	8000	82
6813	F9CF	8001	FC
6813	F9D4	8000	83
6813	F9DA	8001	FD
6813	F9DF	8000	84
6813	F9E5	8001	02
6813	F9EA	8000	85
6813	F9F0	8001	0A
6813	F8DB	8000	87
6813	FDA9	8000	86
6813	FDB1	8001	08
6813	FDBA	8000	87
6813	FDC2	8001	09
6813	FDA9	8000	86
6813	FDB1	8001	08
6813	FDBA	8000	87
6813	FDC2	8001	09
6814	FA23	8000	80
6814	FA29	8001	FC
6814	FA2E	8000	81
6814	FA34	8001	E2
6814	FA39	8000	82
6814	FA3F	8001	A2
6814	FA44	8000	83
6814	FA4A	8001	35
6814	FA4F	8000	84
6814	FA55	8001	B7
6814	FA5A	8000	85
6814	FA60	8001	BD
6814	FADD	8000	86
6814	FAE2	8001	18
6814	FAE9	8000	87
6814	FAEE	8001	19
6814	BF0A	8000	86
6814	C8E1	8001	00
6814	C8E6	8000	87
6814	C8EB	8001	01
6814	C900	8000	86
6814	C905	8001	18
6814	C90A	8000	87
6814	C90F	8001	19
6814	BF0A	8000	86
6814	C8E1	8001	00
6814	C8E6	8000	87
6814	C8EB	8001	01
6814	C900	8000	86
6814	C905	8001	18
6814	C90A	8000	87
6814	C90F	8001	19
6814	BF0A	8000	86
6814	C8E1	8001	00
6814	C8E6	8000	87
6814	C8EB	8001	01
6814	C900	8000	86
6814	C905	8001	18
6814	C90A	8000	87
6814	C90F	8001	19
6814	FAF8	8000	86
6814	FAFE	8001	08
6814	FB05	8000	87
6814	FB0B	8001	09
6814	FDA9	8000	86
6814	FDB1	8001	06
6814	FDBA	8000	87
6814	FDC2	8001	07
6814	FDA9	8000	86
6814	FDB1	8001	20
6814	FDBA	8000	87
6814	FDC2	8001	21
6814	FDA9	8000	86
6814	FDB1	8001	08
6814	FDBA	8000	87
6814	FDC2	8001	09
6814	FDA9	8000	86
6814	FDB1	8001	08
6814	FDBA	8000	87
6814	FDC2	8001	09
6814	FDA9	8000	86
6814	FDB1	8001	08
6814	FDBA	8000	87
6814	FDC2	8001	09
6814	FDA9	8000	86
6814	FDB1	8001	08
6814	FDBA	8000	87
6814	FDC2	8001	09
6814	FDA9	8000	86
6814	FDB1	8001	08
6814	FDBA	8000	87
6814	FDC2	8001	09
6814	FDA9	8000	86
6814	FDB1	8001	08
6814	FDBA	8000	87
6814	FDC2	8001	09
6814	FDA9	8000	86
6814	FDB1	8001	08
6814	FDBA	8000	87
6814	FDC2	8001	09
6814	FDA9	8000	86
6814	FDB1	8001	08
6814	FDBA	8000	87
6814	FDC2	8001	09
6814	FDA9	8000	86
6814	FDB1	8001	08
6814	FDBA	8000	87
6814	FDC2	8001	09
6814	FDA9	8000	86
6814	FDB1	8001	08
6814	FDBA	8000	87
6814	FDC2	8001	09
6814	FDA9	8000	86
6814	FDB1	8001	08
6814	FDBA	8000	87
6814	FDC2	8001	09
6814	FDA9	8000	86
6814	FDB1	8001	08
6814	FDBA	8000	87
6814	FDC2	8001	09
6814	FC3F	8000	86
6814	FC48	8001	06
6814	FC4F	8000	87
6814	FC58	8001	07
6814	FDA9	8000	86
6814	FDB1	8001	28
6814	FDBA	8000	87
6814	FDC2	8001	29
6814	FDA9	8000	86
6814	FDB1	8001	28
6814	FDBA	8000	87
6814	FDC2	8001	29
6814	FDA9	8000	86
6814	FDB1	8001	18
6814	FDBA	8000	87
6814	FDC2	8001	19
6814	F9B3	8000	80
6814	F9B9	8001	FC
6814	F9BE	8000	81
6814	F9C4	8001	E2
6814	F9C9	8000	82
6814	F9CF	8001	A2
6814	F9D4	8000	83
6814	F9DA	8001	01
6814	F9DF	8000	84
6814	F9E5	8001	02
6814	F9EA	8000	85
6814	F9F0	8001	0A
6814	F8DB	8000	87
6814	F9B3	8000	80
6814	F9B9	8001	FC
6814	F9BE	8000	81
6814	F9C4	8001	0A
6814	F9C9	8000	82
6814	F9CF	8001	FC
6814	F9D4	8000	83
6814	F9DA	8001	FD
6814	F9DF	8000	84
6814	F9E5	8001	02
6814	F9EA	8000	85
6814	F9F0	8001	0A
6814	F8DB	8000	87
6814	FDA9	8000	86
6814	FDB1	8001	08
6814	FDBA	8000	87
6814	FDC2	8001	09
6814	FDA9	8000	86
6814	FDB1	8001	08
6814	FDBA	8000	87
6814	FDC2	8001	09
6814	FDA9	8000	86
6814	FDB1	8001	08
6814	FDBA	8000	87
6814	FDC2	8001	09
6814	FDA9	8000	86
6814	FDB1	8001	08
6814	FDBA	8000	87
6814	FDC2	8001	09
6815	FA23	8000	80
6815	FA29	8001	FC
6815	FA2E	8000	81
6815	FA34	8001	E2
6815	FA39	8000	82
6815	FA3F	8001	A2
6815	FA44	8000	83
6815	FA4A	8001	35
6815	FA4F	8000	84
6815	FA55	8001	B7
6815	FA5A	8000	85
6815	FA60	8001	BD
6815	FADD	8000	86
6815	FAE2	8001	18
6815	FAE9	8000	87
6815	FAEE	8001	19
6815	FAF8	8000	86
6815	FAFE	8001	08
6815	FB05	8000	87
6815	FB0B	8001	09
6815	FDA9	8000	86
6815	FDB1	8001	06
6815	FDBA	8000	87
6815	FDC2	8001	07
6815	FDA9	8000	86
6815	FDB1	8001	20
6815	FDBA	8000	87
6815	FDC2	8001	21
6815	FDA9	8000	86
6815	FDB1	8001	08
6815	FDBA	8000	87
6815	FDC2	8001	09
6815	FDA9	8000	86
6815	FDB1	8001	08
6815	FDBA	8000	87
6815	FDC2	8001	09
6815	FDA9	8000	86
6815	FDB1	8001	08
6815	FDBA	8000	87
6815	FDC2	8001	09
6815	FDA9	8000	86
6815	FDB1	8001	08
6815	FDBA	8000	87
6815	FDC2	8001	09
6815	FDA9	8000	86
6815	FDB1	8001	08
6815	FDBA	8000	87
6815	FDC2	8001	09
6815	FDA9	8000	86
6815	FDB1	8001	08
6815	FDBA	8000	87
6815	FDC2	8001	09
6815	FDA9	8000	86
6815	FDB1	8001	08
6815	FDBA	8000	87
6815	FDC2	8001	09
6815	FDA9	8000	86
6815	FDB1	8001	08
6815	FDBA	8000	87
6815	FDC2	8001	09
6815	FDA9	8000	86
6815	FDB1	8001	08
6815	FDBA	8000	87
6815	FDC2	8001	09
6815	FDA9	8000	86
6815	FDB1	8001	08
6815	FDBA	8000	87
6815	FDC2	8001	09
6815	FDA9	8000	86
6815	FDB1	8001	08
6815	FDBA	8000	87
6815	FDC2	8001	09
6815	FDA9	8000	86
6815	FDB1	8001	08
6815	FDBA	8000	87
6815	FDC2	8001	09
6815	FC3F	8000	86
6815	FC48	8001	06
6815	FC4F	8000	87
6815	FC58	8001	07
6815	FDA9	8000	86
6815	FDB1	8001	28
6815	FDBA	8000	87
6815	FDC2	8001	29
6815	FDA9	8000	86
6815	FDB1	8001	28
6815	FDBA	8000	87
6815	FDC2	8001	29
6815	FDA9	8000	86
6815	FDB1	8001	18
6815	FDBA	8000	87
6815	FDC2	8001	19
6815	F9B3	8000	80
6815	F9B9	8001	FC
6815	F9BE	8000	81
6815	F9C4	8001	E2
6815	F9C9	8000	82
6815	F9CF	8001	A2
6815	F9D4	8000	83
6815	F9DA	8001	01
6815	F9DF	8000	84
6815	F9E5	8001	02
6815	F9EA	8000	85
6815	F9F0	8001	0A
6815	F8DB	8000	87
6815	FDA9	8000	86
6815	FDB1	8001	08
6815	FDBA	8000	87
6815	FDC2	8001	09
6815	F9B3	8000	80
6815	F9B9	8001	FC
6815	F9BE	8000	81
6815	F9C4	8001	0A
6815	F9C9	8000	82
6815	F9CF	8001	FC
6815	F9D4	8000	83
6815	F9DA	8001	FD
6815	F9DF	8000	84
6815	F9E5	8001	02
6815	F9EA	8000	85
6815	F9F0	8001	0A
6815	F8DB	8000	87
6815	FDA9	8000	86
6815	FDB1	8001	08
6815	FDBA	8000	87
6815	FDC2	8001	09
6815	FDA9	8000	86
6815	FDB1	8001	08
6815	FDBA	8000	87
6815	FDC2	8001	09
6815	FDA9	8000	86
6815	FDB1	8001	08
6815	FDBA	8000	87
6815	FDC2	8001	09
6816	FA23	8000	80
6816	FA29	8001	FC
6816	FA2E	8000	81
6816	FA34	8001	E2
6816	FA39	8000	82
6816	FA3F	8001	A2
6816	FA44	8000	83
6816	FA4A	8001	35
6816	FA4F	8000	84
6816	FA55	8001	B7
6816	FA5A	8000	85
6816	FA60	8001	BD
6816	FADD	8000	86
6816	FAE2	8001	18
6816	FAE9	8000	87
6816	FAEE	8001	19
6816	FAF8	8000	86
6816	FAFE	8001	08
6816	FB05	8000	87
6816	FB0B	8001	09
6816	FDA9	8000	86
6816	FDB1	8001	06
6816	FDBA	8000	87
6816	FDC2	8001	07
6816	FDA9	8000	86
6816	FDB1	8001	20
6816	FDBA	8000	87
6816	FDC2	8001	21
6816	FDA9	8000	86
6816	FDB1	8001	08
6816	FDBA	8000	87
6816	FDC2	8001	09
6816	FDA9	8000	86
6816	FDB1	8001	08
6816	FDBA	8000	87
6816	FDC2	8001	09
6816	FDA9	8000	86
6816	FDB1	8001	08
6816	FDBA	8000	87
6816	FDC2	8001	09
6816	FDA9	8000	86
6816	FDB1	8001	08
6816	FDBA	8000	87
6816	FDC2	8001	09
6816	FDA9	8000	86
6816	FDB1	8001	08
6816	FDBA	8000	87
6816	FDC2	8001	09
6816	FDA9	8000	86
6816	FDB1	8001	08
6816	FDBA	8000	87
6816	FDC2	8001	09
6816	FDA9	8000	86
6816	FDB1	8001	08
6816	FDBA	8000	87
6816	FDC2	8001	09
6816	FDA9	8000	86
6816	FDB1	8001	08
6816	FDBA	8000	87
6816	FDC2	8001	09
6816	FDA9	8000	86
6816	FDB1	8001	08
6816	FDBA	8000	87
6816	FDC2	8001	09
6816	FDA9	8000	86
6816	FDB1	8001	08
6816	FDBA	8000	87
6816	FDC2	8001	09
6816	FDA9	8000	86
6816	FDB1	8001	08
6816	FDBA	8000	87
6816	FDC2	8001	09
6816	FDA9	8000	86
6816	FDB1	8001	08
6816	FDBA	8000	87
6816	FDC2	8001	09
6816	FC3F	8000	86
6816	FC48	8001	06
6816	FC4F	8000	87
6816	FC58	8001	07
6816	FDA9	8000	86
6816	FDB1	8001	28
6816	FDBA	8000	87
6816	FDC2	8001	29
6816	FDA9	8000	86
6816	FDB1	8001	28
6816	FDBA	8000	87
6816	FDC2	8001	29
6816	FDA9	8000	86
6816	FDB1	8001	18
6816	FDBA	8000	87
6816	FDC2	8001	19
6816	F9B3	8000	80
6816	F9B9	8001	FC
6816	F9BE	8000	81
6816	F9C4	8001	E2
6816	F9C9	8000	82
6816	F9CF	8001	A2
6816	F9D4	8000	83
6816	F9DA	8001	01
6816	F9DF	8000	84
6816	F9E5	8001	02
6816	F9EA	8000	85
6816	F9F0	8001	0A
6816	F8DB	8000	87
6816	FDA9	8000	86
6816	FDB1	8001	08
6816	FDBA	8000	87
6816	FDC2	8001	09
6816	F9B3	8000	80
6816	F9B9	8001	FC
6816	F9BE	8000	81
6816	F9C4	8001	0A
6816	F9C9	8000	82
6816	F9CF	8001	FC
6816	F9D4	8000	83
6816	F9DA	8001	FD
6816	F9DF	8000	84
6816	F9E5	8001	02
6816	F9EA	8000	85
6816	F9F0	8001	0A
6816	F8DB	8000	87
6816	FDA9	8000	86
6816	FDB1	8001	08
6816	FDBA	8000	87
6816	FDC2	8001	09
6816	FDA9	8000	86
6816	FDB1	8001	08
6816	FDBA	8000	87
6816	FDC2	8001	09
6816	FDA9	8000	86
6816	FDB1	8001	08
6816	FDBA	8000	87
6816	FDC2	8001	09
6817	FA23	8000	80
6817	FA29	8001	FC
6817	FA2E	8000	81
6817	FA34	8001	E2
6817	FA39	8000	82
6817	FA3F	8001	A2
6817	FA44	8000	83
6817	FA4A	8001	35
6817	FA4F	8000	84
6817	FA55	8001	B7
6817	FA5A	8000	85
6817	FA60	8001	BD
6817	FADD	8000	86
6817	FAE2	8001	18
6817	FAE9	8000	87
6817	FAEE	8001	19
6817	FAF8	8000	86
6817	FAFE	8001	08
6817	FB05	8000	87
6817	FB0B	8001	09
6817	FDA9	8000	86
6817	FDB1	8001	06
6817	FDBA	8000	87
6817	FDC2	8001	07
6817	FDA9	8000	86
6817	FDB1	8001	20
6817	FDBA	8000	87
6817	FDC2	8001	21
6817	FDA9	8000	86
6817	FDB1	8001	08
6817	FDBA	8000	87
6817	FDC2	8001	09
6817	FDA9	8000	86
6817	FDB1	8001	08
6817	FDBA	8000	87
6817	FDC2	8001	09
6817	FDA9	8000	86
6817	FDB1	8001	08
6817	FDBA	8000	87
6817	FDC2	8001	09
6817	FDA9	8000	86
6817	FDB1	8001	08
6817	FDBA	8000	87
6817	FDC2	8001	09
6817	FDA9	8000	86
6817	FDB1	8001	08
6817	FDBA	8000	87
6817	FDC2	8001	09
6817	FDA9	8000	86
6817	FDB1	8001	08
6817	FDBA	8000	87
6817	FDC2	8001	09
6817	FDA9	8000	86
6817	FDB1	8001	08
6817	FDBA	8000	87
6817	FDC2	8001	09
6817	FDA9	8000	86
6817	FDB1	8001	08
6817	FDBA	8000	87
6817	FDC2	8001	09
6817	FDA9	8000	86
6817	FDB1	8001	08
6817	FDBA	8000	87
6817	FDC2	8001	09
6817	FDA9	8000	86
6817	FDB1	8001	08
6817	FDBA	8000	87
6817	FDC2	8001	09
6817	FDA9	8000	86
6817	FDB1	8001	08
6817	FDBA	8000	87
6817	FDC2	8001	09
6817	FDA9	8000	86
6817	FDB1	8001	08
6817	FDBA	8000	87
6817	FDC2	8001	09
6817	FC3F	8000	86
6817	FC48	8001	06
6817	FC4F	8000	87
6817	FC58	8001	07
6817	FDA9	8000	86
6817	FDB1	8001	28
6817	FDBA	8000	87
6817	FDC2	8001	29
6817	FDA9	8000	86
6817	FDB1	8001	28
6817	FDBA	8000	87
6817	FDC2	8001	29
6817	FDA9	8000	86
6817	FDB1	8001	18
6817	FDBA	8000	87
6817	FDC2	8001	19
6817	FDA9	8000	86
6817	FDB1	8001	08
6817	FDBA	8000	87
6817	FDC2	8001	09
6817	F9B3	8000	80
6817	F9B9	8001	FC
6817	F9BE	8000	81
6817	F9C4	8001	E2
6817	F9C9	8000	82
6817	F9CF	8001	A2
6817	F9D4	8000	83
6817	F9DA	8001	01
6817	F9DF	8000	84
6817	F9E5	8001	02
6817	F9EA	8000	85
6817	F9F0	8001	0A
6817	F8DB	8000	87
6817	FDA9	8000	86
6817	FDB1	8001	08
6817	FDBA	8000	87
6817	FDC2	8001	09
6817	F9B3	8000	80
6817	F9B9	8001	FC
6817	F9BE	8000	81
6817	F9C4	8001	0A
6817	F9C9	8000	82
6817	F9CF	8001	FC
6817	F9D4	8000	83
6817	F9DA	8001	FD
6817	F9DF	8000	84
6817	F9E5	8001	02
6817	F9EA	8000	85
6817	F9F0	8001	0A
6817	F8DB	8000	87
6817	FDA9	8000	86
6817	FDB1	8001	08
6817	FDBA	8000	87
6817	FDC2	8001	09
6817	FDA9	8000	86
6817	FDB1	8001	08
6817	FDBA	8000	87
6817	FDC2	8001	09
6818	FA23	8000	80
6818	FA29	8001	FC
6818	FA2E	8000	81
6818	FA34	8001	E2
6818	FA39	8000	82
6818	FA3F	8001	A2
6818	FA44	8000	83
6818	FA4A	8001	35
6818	FA4F	8000	84
6818	FA55	8001	B7
6818	FA5A	8000	85
6818	FA60	8001	BD
6818	FADD	8000	86
6818	FAE2	8001	18
6818	FAE9	8000	87
6818	FAEE	8001	19
6818	FAF8	8000	86
6818	FAFE	8001	08
6818	FB05	8000	87
6818	FB0B	8001	09
6818	FDA9	8000	86
6818	FDB1	8001	06
6818	FDBA	8000	87
6818	FDC2	8001	07
6818	FDA9	8000	86
6818	FDB1	8001	20
6818	FDBA	8000	87
6818	FDC2	8001	21
6818	FDA9	8000	86
6818	FDB1	8001	08
6818	FDBA	8000	87
6818	FDC2	8001	09
6818	FDA9	8000	86
6818	FDB1	8001	08
6818	FDBA	8000	87
6818	FDC2	8001	09
6818	FDA9	8000	86
6818	FDB1	8001	08
6818	FDBA	8000	87
6818	FDC2	8001	09
6818	FDA9	8000	86
6818	FDB1	8001	08
6818	FDBA	8000	87
6818	FDC2	8001	09
6818	FDA9	8000	86
6818	FDB1	8001	08
6818	FDBA	8000	87
6818	FDC2	8001	09
6818	FDA9	8000	86
6818	FDB1	8001	08
6818	FDBA	8000	87
6818	FDC2	8001	09
6818	FDA9	8000	86
6818	FDB1	8001	08
6818	FDBA	8000	87
6818	FDC2	8001	09
6818	FDA9	8000	86
6818	FDB1	8001	08
6818	FDBA	8000	87
6818	FDC2	8001	09
6818	FDA9	8000	86
6818	FDB1	8001	08
6818	FDBA	8000	87
6818	FDC2	8001	09
6818	FDA9	8000	86
6818	FDB1	8001	08
6818	FDBA	8000	87
6818	FDC2	8001	09
6818	FDA9	8000	86
6818	FDB1	8001	08
6818	FDBA	8000	87
6818	FDC2	8001	09
6818	FDA9	8000	86
6818	FDB1	8001	08
6818	FDBA	8000	87
6818	FDC2	8001	09
6818	FC3F	8000	86
6818	FC48	8001	06
6818	FC4F	8000	87
6818	FC58	8001	07
6818	FDA9	8000	86
6818	FDB1	8001	28
6818	FDBA	8000	87
6818	FDC2	8001	29
6818	FDA9	8000	86
6818	FDB1	8001	28
6818	FDBA	8000	87
6818	FDC2	8001	29
6818	FDA9	8000	86
6818	FDB1	8001	18
6818	FDBA	8000	87
6818	FDC2	8001	19
6818	F9B3	8000	80
6818	F9B9	8001	FC
6818	F9BE	8000	81
6818	F9C4	8001	E2
6818	F9C9	8000	82
6818	F9CF	8001	A2
6818	F9D4	8000	83
6818	F9DA	8001	01
6818	F9DF	8000	84
6818	F9E5	8001	02
6818	F9EA	8000	85
6818	F9F0	8001	0A
6818	F8DB	8000	87
6818	FDA9	8000	86
6818	FDB1	8001	08
6818	FDBA	8000	87
6818	FDC2	8001	09
6818	FDA9	8000	86
6818	FDB1	8001	08
6818	FDBA	8000	87
6818	FDC2	8001	09
6818	F9B3	8000	80
6818	F9B9	8001	FC
6818	F9BE	8000	81
6818	F9C4	8001	0A
6818	F9C9	8000	82
6818	F9CF	8001	FC
6818	F9D4	8000	83
6818	F9DA	8001	FD
6818	F9DF	8000	84
6818	F9E5	8001	02
6818	F9EA	8000	85
6818	F9F0	8001	0A
6818	F8DB	8000	87
6818	FDA9	8000	86
6818	FDB1	8001	08
6818	FDBA	8000	87
6818	FDC2	8001	09
6818	FDA9	8000	86
6818	FDB1	8001	08
6818	FDBA	8000	87
6818	FDC2	8001	09
6819	FA23	8000	80
6819	FA29	8001	FC
6819	FA2E	8000	81
6819	FA34	8001	E2
6819	FA39	8000	82
6819	FA3F	8001	A2
6819	FA44	8000	83
6819	FA4A	8001	35
6819	FA4F	8000	84
6819	FA55	8001	B7
6819	FA5A	8000	85
6819	FA60	8001	BD
6819	FADD	8000	86
6819	FAE2	8001	18
6819	FAE9	8000	87
6819	FAEE	8001	19
6819	FAF8	8000	86
6819	FAFE	8001	08
6819	FB05	8000	87
6819	FB0B	8001	09
6819	FDA9	8000	86
6819	FDB1	8001	06
6819	FDBA	8000	87
6819	FDC2	8001	07
6819	FDA9	8000	86
6819	FDB1	8001	20
6819	FDBA	8000	87
6819	FDC2	8001	21
6819	FDA9	8000	86
6819	FDB1	8001	08
6819	FDBA	8000	87
6819	FDC2	8001	09
6819	FDA9	8000	86
6819	FDB1	8001	08
6819	FDBA	8000	87
6819	FDC2	8001	09
6819	FDA9	8000	86
6819	FDB1	8001	08
6819	FDBA	8000	87
6819	FDC2	8001	09
6819	FDA9	8000	86
6819	FDB1	8001	08
6819	FDBA	8000	87
6819	FDC2	8001	09
6819	FDA9	8000	86
6819	FDB1	8001	08
6819	FDBA	8000	87
6819	FDC2	8001	09
6819	FDA9	8000	86
6819	FDB1	8001	08
6819	FDBA	8000	87
6819	FDC2	8001	09
6819	FDA9	8000	86
6819	FDB1	8001	08
6819	FDBA	8000	87
6819	FDC2	8001	09
6819	FDA9	8000	86
6819	FDB1	8001	08
6819	FDBA	8000	87
6819	FDC2	8001	09
6819	FC3F	8000	86
6819	FC48	8001	06
6819	FC4F	8000	87
6819	FC58	8001	07
6819	FDA9	8000	86
6819	FDB1	8001	28
6819	FDBA	8000	87
6819	FDC2	8001	29
6819	FDA9	8000	86
6819	FDB1	8001	28
6819	FDBA	8000	87
6819	FDC2	8001	29
6819	FDA9	8000	86
6819	FDB1	8001	18
6819	FDBA	8000	87
6819	FDC2	8001	19
6819	FDA9	8000	86
6819	FDB1	8001	08
6819	FDBA	8000	87
6819	FDC2	8001	09
6819	FDA9	8000	86
6819	FDB1	8001	08
6819	FDBA	8000	87
6819	FDC2	8001	09
6819	F9B3	8000	80
6819	F9B9	8001	FC
6819	F9BE	8000	81
6819	F9C4	8001	E2
6819	F9C9	8000	82
6819	F9CF	8001	A2
6819	F9D4	8000	83
6819	F9DA	8001	01
6819	F9DF	8000	84
6819	F9E5	8001	02
6819	F9EA	8000	85
6819	F9F0	8001	0A
6819	F8DB	8000	87
6819	F9B3	8000	80
6819	F9B9	8001	FC
6819	F9BE	8000	81
6819	F9C4	8001	0A
6819	F9C9	8000	82
6819	F9CF	8001	FC
6819	F9D4	8000	83
6819	F9DA	8001	FD
6819	F9DF	8000	84
6819	F9E5	8001	02
6819	F9EA	8000	85
6819	F9F0	8001	0A
6819	F8DB	8000	87
6820	FA23	8000	80
6820	FA29	8001	FC
6820	FA2E	8000	81
6820	FA34	8001	E2
6820	FA39	8000	82
6820	FA3F	8001	A2
6820	FA44	8000	83
6820	FA4A	8001	35
6820	FA4F	8000	84
6820	FA55	8001	B7
6820	FA5A	8000	85
6820	FA60	8001	BD
6820	FADD	8000	86
6820	FAE2	8001	18
6820	FAE9	8000	87
6820	FAEE	8001	19
6820	FAF8	8000	86
6820	FAFE	8001	08
6820	FB05	8000	87
6820	FB0B	8001	09
6820	FDA9	8000	86
6820	FDB1	8001	06
6820	FDBA	8000	87
6820	FDC2	8001	07
6820	FDA9	8000	86
6820	FDB1	8001	20
6820	FDBA	8000	87
6820	FDC2	8001	21
6820	FDA9	8000	86
6820	FDB1	8001	08
6820	FDBA	8000	87
6820	FDC2	8001	09
6820	FDA9	8000	86
6820	FDB1	8001	08
6820	FDBA	8000	87
6820	FDC2	8001	09
6820	FDA9	8000	86
6820	FDB1	8001	08
6820	FDBA	8000	87
6820	FDC2	8001	09
6820	FDA9	8000	86
6820	FDB1	8001	08
6820	FDBA	8000	87
6820	FDC2	8001	09
6820	FDA9	8000	86
6820	FDB1	8001	08
6820	FDBA	8000	87
6820	FDC2	8001	09
6820	FDA9	8000	86
6820	FDB1	8001	08
6820	FDBA	8000	87
6820	FDC2	8001	09
6820	FC3F	8000	86
6820	FC48	8001	06
6820	FC4F	8000	87
6820	FC58	8001	07
6820	FDA9	8000	86
6820	FDB1	8001	28
6820	FDBA	8000	87
6820	FDC2	8001	29
6820	FDA9	8000	86
6820	FDB1	8001	28
6820	FDBA	8000	87
6820	FDC2	8001	29
6820	FDA9	8000	86
6820	FDB1	8001	18
6820	FDBA	8000	87
6820	FDC2	8001	19
6820	FDA9	8000	86
6820	FDB1	8001	08
6820	FDBA	8000	87
6820	FDC2	8001	09
6820	FDA9	8000	86
6820	FDB1	8001	08
6820	FDBA	8000	87
6820	FDC2	8001	09
6820	F9B3	8000	80
6820	F9B9	8001	FC
6820	F9BE	8000	81
6820	F9C4	8001	E2
6820	F9C9	8000	82
6820	F9CF	8001	A2
6820	F9D4	8000	83
6820	F9DA	8001	01
6820	F9DF	8000	84
6820	F9E5	8001	02
6820	F9EA	8000	85
6820	F9F0	8001	0A
6820	F8DB	8000	87
6820	F9B3	8000	80
6820	F9B9	8001	FC
6820	F9BE	8000	81
6820	F9C4	8001	0A
6820	F9C9	8000	82
6820	F9CF	8001	FC
6820	F9D4	8000	83
6820	F9DA	8001	FD
6820	F9DF	8000	84
6820	F9E5	8001	02
6820	F9EA	8000	85
6820	F9F0	8001	0A
6820	F8DB	8000	87
6821	FA23	8000	80
6821	FA29	8001	FC
6821	FA2E	8000	81
6821	FA34	8001	E2
6821	FA39	8000	82
6821	FA3F	8001	A2
6821	FA44	8000	83
6821	FA4A	8001	35
6821	FA4F	8000	84
6821	FA55	8001	B7
6821	FA5A	8000	85
6821	FA60	8001	BD
6821	FADD	8000	86
6821	FAE2	8001	18
6821	FAE9	8000	87
6821	FAEE	8001	19
6821	FAF8	8000	86
6821	FAFE	8001	08
6821	FB05	8000	87
6821	FB0B	8001	09
6821	FDA9	8000	86
6821	FDB1	8001	06
6821	FDBA	8000	87
6821	FDC2	8001	07
6821	FDA9	8000	86
6821	FDB1	8001	20
6821	FDBA	8000	87
6821	FDC2	8001	21
6821	FDA9	8000	86
6821	FDB1	8001	08
6821	FDBA	8000	87
6821	FDC2	8001	09
6821	FDA9	8000	86
6821	FDB1	8001	08
6821	FDBA	8000	87
6821	FDC2	8001	09
6821	FDA9	8000	86
6821	FDB1	8001	08
6821	FDBA	8000	87
6821	FDC2	8001	09
6821	FDA9	8000	86
6821	FDB1	8001	08
6821	FDBA	8000	87
6821	FDC2	8001	09
6821	FDA9	8000	86
6821	FDB1	8001	08
6821	FDBA	8000	87
6821	FDC2	8001	09
6821	FDA9	8000	86
6821	FDB1	8001	08
6821	FDBA	8000	87
6821	FDC2	8001	09
6821	FC3F	8000	86
6821	FC48	8001	06
6821	FC4F	8000	87
6821	FC58	8001	07
6821	FDA9	8000	86
6821	FDB1	8001	28
6821	FDBA	8000	87
6821	FDC2	8001	29
6821	FDA9	8000	86
6821	FDB1	8001	28
6821	FDBA	8000	87
6821	FDC2	8001	29
6821	FDA9	8000	86
6821	FDB1	8001	18
6821	FDBA	8000	87
6821	FDC2	8001	19
6821	FDA9	8000	86
6821	FDB1	8001	08
6821	FDBA	8000	87
6821	FDC2	8001	09
6821	F9B3	8000	80
6821	F9B9	8001	FC
6821	F9BE	8000	81
6821	F9C4	8001	E2
6821	F9C9	8000	82
6821	F9CF	8001	A2
6821	F9D4	8000	83
6821	F9DA	8001	01
6821	F9DF	8000	84
6821	F9E5	8001	02
6821	F9EA	8000	85
6821	F9F0	8001	0A
6821	F8DB	8000	87
6821	F9B3	8000	80
6821	F9B9	8001	FC
6821	F9BE	8000	81
6821	F9C4	8001	0A
6821	F9C9	8000	82
6821	F9CF	8001	FC
6821	F9D4	8000	83
6821	F9DA	8001	FD
6821	F9DF	8000	84
6821	F9E5	8001	02
6821	F9EA	8000	85
6821	F9F0	8001	0A
6821	F8DB	8000	87
6821	FDA9	8000	86
6821	FDB1	8001	08
6821	FDBA	8000	87
6821	FDC2	8001	09
6822	FA23	8000	80
6822	FA29	8001	FC
6822	FA2E	8000	81
6822	FA34	8001	E2
6822	FA39	8000	82
6822	FA3F	8001	A2
6822	FA44	8000	83
6822	FA4A	8001	35
6822	FA4F	8000	84
6822	FA55	8001	B7
6822	FA5A	8000	85
6822	FA60	8001	BD
6822	FADD	8000	86
6822	FAE2	8001	18
6822	FAE9	8000	87
6822	FAEE	8001	19
6822	FAF8	8000	86
6822	FAFE	8001	08
6822	FB05	8000	87
6822	FB0B	8001	09
6822	FDA9	8000	86
6822	FDB1	8001	06
6822	FDBA	8000	87
6822	FDC2	8001	07
6822	FDA9	8000	86
6822	FDB1	8001	20
6822	FDBA	8000	87
6822	FDC2	8001	21
6822	FDA9	8000	86
6822	FDB1	8001	08
6822	FDBA	8000	87
6822	FDC2	8001	09
6822	FDA9	8000	86
6822	FDB1	8001	08
6822	FDBA	8000	87
6822	FDC2	8001	09
6822	FDA9	8000	86
6822	FDB1	8001	08
6822	FDBA	8000	87
6822	FDC2	8001	09
6822	FDA9	8000	86
6822	FDB1	8001	08
6822	FDBA	8000	87
6822	FDC2	8001	09
6822	FDA9	8000	86
6822	FDB1	8001	08
6822	FDBA	8000	87
6822	FDC2	8001	09
6822	FDA9	8000	86
6822	FDB1	8001	08
6822	FDBA	8000	87
6822	FDC2	8001	09
6822	FC3F	8000	86
6822	FC48	8001	06
6822	FC4F	8000	87
6822	FC58	8001	07
6822	FDA9	8000	86
6822	FDB1	8001	28
6822	FDBA	8000	87
6822	FDC2	8001	29
6822	FDA9	8000	86
6822	FDB1	8001	28
6822	FDBA	8000	87
6822	FDC2	8001	29
6822	FDA9	8000	86
6822	FDB1	8001	18
6822	FDBA	8000	87
6822	FDC2	8001	19
6822	FDA9	8000	86
6822	FDB1	8001	08
6822	FDBA	8000	87
6822	FDC2	8001	09
6822	F9B3	8000	80
6822	F9B9	8001	FC
6822	F9BE	8000	81
6822	F9C4	8001	E2
6822	F9C9	8000	82
6822	F9CF	8001	A2
6822	F9D4	8000	83
6822	F9DA	8001	01
6822	F9DF	8000	84
6822	F9E5	8001	02
6822	F9EA	8000	85
6822	F9F0	8001	0A
6822	F8DB	8000	87
6822	F9B3	8000	80
6822	F9B9	8001	FC
6822	F9BE	8000	81
6822	F9C4	8001	0A
6822	F9C9	8000	82
6822	F9CF	8001	FC
6822	F9D4	8000	83
6822	F9DA	8001	FD
6822	F9DF	8000	84
6822	F9E5	8001	02
6822	F9EA	8000	85
6822	F9F0	8001	0A
6822	F8DB	8000	87
6822	FDA9	8000	86
6822	FDB1	8001	08
6822	FDBA	8000	87
6822	FDC2	8001	09
6823	FA23	8000	80
6823	FA29	8001	FC
6823	FA2E	8000	81
6823	FA34	8001	E2
6823	FA39	8000	82
6823	FA3F	8001	A2
6823	FA44	8000	83
6823	FA4A	8001	35
6823	FA4F	8000	84
6823	FA55	8001	B7
6823	FA5A	8000	85
6823	FA60	8001	BD
6823	FADD	8000	86
6823	FAE2	8001	18
6823	FAE9	8000	87
6823	FAEE	8001	19
6823	FAF8	8000	86
6823	FAFE	8001	08
6823	FB05	8000	87
6823	FB0B	8001	09
6823	FDA9	8000	86
6823	FDB1	8001	06
6823	FDBA	8000	87
6823	FDC2	8001	07
6823	FDA9	8000	86
6823	FDB1	8001	20
6823	FDBA	8000	87
6823	FDC2	8001	21
6823	FDA9	8000	86
6823	FDB1	8001	08
6823	FDBA	8000	87
6823	FDC2	8001	09
6823	FDA9	8000	86
6823	FDB1	8001	08
6823	FDBA	8000	87
6823	FDC2	8001	09
6823	FDA9	8000	86
6823	FDB1	8001	08
6823	FDBA	8000	87
6823	FDC2	8001	09
6823	FDA9	8000	86
6823	FDB1	8001	08
6823	FDBA	8000	87
6823	FDC2	8001	09
6823	FDA9	8000	86
6823	FDB1	8001	08
6823	FDBA	8000	87
6823	FDC2	8001	09
6823	FDA9	8000	86
6823	FDB1	8001	08
6823	FDBA	8000	87
6823	FDC2	8001	09
6823	FC3F	8000	86
6823	FC48	8001	06
6823	FC4F	8000	87
6823	FC58	8001	07
6823	FDA9	8000	86
6823	FDB1	8001	28
6823	FDBA	8000	87
6823	FDC2	8001	29
6823	FDA9	8000	86
6823	FDB1	8001	28
6823	FDBA	8000	87
6823	FDC2	8001	29
6823	FDA9	8000	86
6823	FDB1	8001	18
6823	FDBA	8000	87
6823	FDC2	8001	19
6823	FDA9	8000	86
6823	FDB1	8001	08
6823	FDBA	8000	87
6823	FDC2	8001	09
6823	F9B3	8000	80
6823	F9B9	8001	FC
6823	F9BE	8000	81
6823	F9C4	8001	E2
6823	F9C9	8000	82
6823	F9CF	8001	A2
6823	F9D4	8000	83
6823	F9DA	8001	01
6823	F9DF	8000	84
6823	F9E5	8001	02
6823	F9EA	8000	85
6823	F9F0	8001	0A
6823	F8DB	8000	87
6823	FDA9	8000	86
6823	FDB1	8001	08
6823	FDBA	8000	87
6823	FDC2	8001	09
6823	F9B3	8000	80
6823	F9B9	8001	FC
6823	F9BE	8000	81
6823	F9C4	8001	0A
6823	F9C9	8000	82
6823	F9CF	8001	FC
6823	F9D4	8000	83
6823	F9DA	8001	FD
6823	F9DF	8000	84
6823	F9E5	8001	02
6823	F9EA	8000	85
6823	F9F0	8001	0A
6823	F8DB	8000	87
6824	FA23	8000	80
6824	FA29	8001	FC
6824	FA2E	8000	81
6824	FA34	8001	E2
6824	FA39	8000	82
6824	FA3F	8001	A2
6824	FA44	8000	83
6824	FA4A	8001	35
6824	FA4F	8000	84
6824	FA55	8001	B7
6824	FA5A	8000	85
6824	FA60	8001	BD
6824	FADD	8000	86
6824	FAE2	8001	18
6824	FAE9	8000	87
6824	FAEE	8001	19
6824	BF0A	8000	86
6824	C8E1	8001	00
6824	C8E6	8000	87
6824	C8EB	8001	01
6824	C900	8000	86
6824	C905	8001	18
6824	C90A	8000	87
6824	C90F	8001	19
6824	BF0A	8000	86
6824	C8E1	8001	00
6824	C8E6	8000	87
6824	C8EB	8001	01
6824	C900	8000	86
6824	C905	8001	18
6824	C90A	8000	87
6824	C90F	8001	19
6824	BF0A	8000	86
6824	C8E1	8001	00
6824	C8E6	8000	87
6824	C8EB	8001	01
6824	C900	8000	86
6824	C905	8001	18
6824	C90A	8000	87
6824	C90F	8001	19
6824	FAF8	8000	86
6824	FAFE	8001	08
6824	FB05	8000	87
6824	FB0B	8001	09
6824	FDA9	8000	86
6824	FDB1	8001	06
6824	FDBA	8000	87
6824	FDC2	8001	07
6824	FDA9	8000	86
6824	FDB1	8001	20
6824	FDBA	8000	87
6824	FDC2	8001	21
6824	FDA9	8000	86
6824	FDB1	8001	08
6824	FDBA	8000	87
6824	FDC2	8001	09
6824	FDA9	8000	86
6824	FDB1	8001	08
6824	FDBA	8000	87
6824	FDC2	8001	09
6824	FDA9	8000	86
6824	FDB1	8001	08
6824	FDBA	8000	87
6824	FDC2	8001	09
6824	FDA9	8000	86
6824	FDB1	8001	08
6824	FDBA	8000	87
6824	FDC2	8001	09
6824	FDA9	8000	86
6824	FDB1	8001	08
6824	FDBA	8000	87
6824	FDC2	8001	09
6824	FDA9	8000	86
6824	FDB1	8001	08
6824	FDBA	8000	87
6824	FDC2	8001	09
6824	FC3F	8000	86
6824	FC48	8001	06
6824	FC4F	8000	87
6824	FC58	8001	07
6824	FDA9	8000	86
6824	FDB1	8001	28
6824	FDBA	8000	87
6824	FDC2	8001	29
6824	FDA9	8000	86
6824	FDB1	8001	28
6824	FDBA	8000	87
6824	FDC2	8001	29
6824	FDA9	8000	86
6824	FDB1	8001	18
6824	FDBA	8000	87
6824	FDC2	8001	19
6824	F9B3	8000	80
6824	F9B9	8001	FC
6824	F9BE	8000	81
6824	F9C4	8001	E2
6824	F9C9	8000	82
6824	F9CF	8001	A2
6824	F9D4	8000	83
6824	F9DA	8001	01
6824	F9DF	8000	84
6824	F9E5	8001	02
6824	F9EA	8000	85
6824	F9F0	8001	0A
6824	F8DB	8000	87
6824	FDA9	8000	86
6824	FDB1	8001	08
6824	FDBA	8000	87
6824	FDC2	8001	09
6824	F9B3	8000	80
6824	F9B9	8001	FC
6824	F9BE	8000	81
6824	F9C4	8001	0A
6824	F9C9	8000	82
6824	F9CF	8001	FC
6824	F9D4	8000	83
6824	F9DA	8001	FD
6824	F9DF	8000	84
6824	F9E5	8001	02
6824	F9EA	8000	85
6824	F9F0	8001	0A
6824	F8DB	8000	87
6824	FDA9	8000	86
6824	FDB1	8001	08
6824	FDBA	8000	87
6824	FDC2	8001	09
6825	FA23	8000	80
6825	FA29	8001	FC
6825	FA2E	8000	81
6825	FA34	8001	E2
6825	FA39	8000	82
6825	FA3F	8001	A2
6825	FA44	8000	83
6825	FA4A	8001	35
6825	FA4F	8000	84
6825	FA55	8001	B7
6825	FA5A	8000	85
6825	FA60	8001	BD
6825	FADD	8000	86
6825	FAE2	8001	18
6825	FAE9	8000	87
6825	FAEE	8001	19
6825	FAF8	8000	86
6825	FAFE	8001	08
6825	FB05	8000	87
6825	FB0B	8001	09
6825	FDA9	8000	86
6825	FDB1	8001	06
6825	FDBA	8000	87
6825	FDC2	8001	07
6825	FDA9	8000	86
6825	FDB1	8001	20
6825	FDBA	8000	87
6825	FDC2	8001	21
6825	FDA9	8000	86
6825	FDB1	8001	08
6825	FDBA	8000	87
6825	FDC2	8001	09
6825	FDA9	8000	86
6825	FDB1	8001	08
6825	FDBA	8000	87
6825	FDC2	8001	09
6825	FDA9	8000	86
6825	FDB1	8001	08
6825	FDBA	8000	87
6825	FDC2	8001	09
6825	FDA9	8000	86
6825	FDB1	8001	08
6825	FDBA	8000	87
6825	FDC2	8001	09
6825	FDA9	8000	86
6825	FDB1	8001	08
6825	FDBA	8000	87
6825	FDC2	8001	09
6825	FDA9	8000	86
6825	FDB1	8001	08
6825	FDBA	8000	87
6825	FDC2	8001	09
6825	FC3F	8000	86
6825	FC48	8001	06
6825	FC4F	8000	87
6825	FC58	8001	07
6825	FDA9	8000	86
6825	FDB1	8001	28
6825	FDBA	8000	87
6825	FDC2	8001	29
6825	FDA9	8000	86
6825	FDB1	8001	28
6825	FDBA	8000	87
6825	FDC2	8001	29
6825	FDA9	8000	86
6825	FDB1	8001	18
6825	FDBA	8000	87
6825	FDC2	8001	19
6825	FDA9	8000	86
6825	FDB1	8001	08
6825	FDBA	8000	87
6825	FDC2	8001	09
6825	F9B3	8000	80
6825	F9B9	8001	FC
6825	F9BE	8000	81
6825	F9C4	8001	E2
6825	F9C9	8000	82
6825	F9CF	8001	A2
6825	F9D4	8000	83
6825	F9DA	8001	01
6825	F9DF	8000	84
6825	F9E5	8001	02
6825	F9EA	8000	85
6825	F9F0	8001	0A
6825	F8DB	8000	87
6825	FDA9	8000	86
6825	FDB1	8001	08
6825	FDBA	8000	87
6825	FDC2	8001	09
6825	F9B3	8000	80
6825	F9B9	8001	FC
6825	F9BE	8000	81
6825	F9C4	8001	0A
6825	F9C9	8000	82
6825	F9CF	8001	FC
6825	F9D4	8000	83
6825	F9DA	8001	FD
6825	F9DF	8000	84
6825	F9E5	8001	02
6825	F9EA	8000	85
6825	F9F0	8001	0A
6825	F8DB	8000	87
6826	FA23	8000	80
6826	FA29	8001	FC
6826	FA2E	8000	81
6826	FA34	8001	E2
6826	FA39	8000	82
6826	FA3F	8001	A2
6826	FA44	8000	83
6826	FA4A	8001	35
6826	FA4F	8000	84
6826	FA55	8001	B7
6826	FA5A	8000	85
6826	FA60	8001	BD
6826	FADD	8000	86
6826	FAE2	8001	18
6826	FAE9	8000	87
6826	FAEE	8001	19
6826	FAF8	8000	86
6826	FAFE	8001	08
6826	FB05	8000	87
6826	FB0B	8001	09
6826	FDA9	8000	86
6826	FDB1	8001	06
6826	FDBA	8000	87
6826	FDC2	8001	07
6826	FDA9	8000	86
6826	FDB1	8001	20
6826	FDBA	8000	87
6826	FDC2	8001	21
6826	FDA9	8000	86
6826	FDB1	8001	08
6826	FDBA	8000	87
6826	FDC2	8001	09
6826	FDA9	8000	86
6826	FDB1	8001	08
6826	FDBA	8000	87
6826	FDC2	8001	09
6826	FDA9	8000	86
6826	FDB1	8001	08
6826	FDBA	8000	87
6826	FDC2	8001	09
6826	FDA9	8000	86
6826	FDB1	8001	08
6826	FDBA	8000	87
6826	FDC2	8001	09
6826	FDA9	8000	86
6826	FDB1	8001	08
6826	FDBA	8000	87
6826	FDC2	8001	09
6826	FDA9	8000	86
6826	FDB1	8001	08
6826	FDBA	8000	87
6826	FDC2	8001	09
6826	FC3F	8000	86
6826	FC48	8001	06
6826	FC4F	8000	87
6826	FC58	8001	07
6826	FDA9	8000	86
6826	FDB1	8001	28
6826	FDBA	8000	87
6826	FDC2	8001	29
6826	FDA9	8000	86
6826	FDB1	8001	28
6826	FDBA	8000	87
6826	FDC2	8001	29
6826	FDA9	8000	86
6826	FDB1	8001	18
6826	FDBA	8000	87
6826	FDC2	8001	19
6826	FDA9	8000	86
6826	FDB1	8001	08
6826	FDBA	8000	87
6826	FDC2	8001	09
6826	F9B3	8000	80
6826	F9B9	8001	FC
6826	F9BE	8000	81
6826	F9C4	8001	E2
6826	F9C9	8000	82
6826	F9CF	8001	A2
6826	F9D4	8000	83
6826	F9DA	8001	01
6826	F9DF	8000	84
6826	F9E5	8001	02
6826	F9EA	8000	85
6826	F9F0	8001	0A
6826	F8DB	8000	87
6826	FDA9	8000	86
6826	FDB1	8001	08
6826	F9B3	8000	80
6826	F9B9	8001	FC
6826	F9BE	8000	81
6826	F9C4	8001	0A
6826	F9C9	8000	82
6826	F9CF	8001	FC
6826	F9D4	8000	83
6826	F9DA	8001	FD
6826	F9DF	8000	84
6826	F9E5	8001	02
6826	F9EA	8000	85
6826	F9F0	8001	0A
6826	F8DB	8000	86
6826	FDBA	8000	87
6826	FDC2	8001	09
6827	FA23	8000	80
6827	FA29	8001	FC
6827	FA2E	8000	81
6827	FA34	8001	E2
6827	FA39	8000	82
6827	FA3F	8001	A2
6827	FA44	8000	83
6827	FA4A	8001	35
6827	FA4F	8000	84
6827	FA55	8001	B7
6827	FA5A	8000	85
6827	FA60	8001	BD
6827	FADD	8000	86
6827	FAE2	8001	18
6827	FAE9	8000	87
6827	FAEE	8001	19
6827	FAF8	8000	86
6827	FAFE	8001	08
6827	FB05	8000	87
6827	FB0B	8001	09
6827	FDA9	8000	86
6827	FDB1	8001	06
6827	FDBA	8000	87
6827	FDC2	8001	07
6827	FDA9	8000	86
6827	FDB1	8001	20
6827	FDBA	8000	87
6827	FDC2	8001	21
6827	FDA9	8000	86
6827	FDB1	8001	08
6827	FDBA	8000	87
6827	FDC2	8001	09
6827	FDA9	8000	86
6827	FDB1	8001	08
6827	FDBA	8000	87
6827	FDC2	8001	09
6827	FDA9	8000	86
6827	FDB1	8001	08
6827	FDBA	8000	87
6827	FDC2	8001	09
6827	FDA9	8000	86
6827	FDB1	8001	08
6827	FDBA	8000	87
6827	FDC2	8001	09
6827	FDA9	8000	86
6827	FDB1	8001	08
6827	FDBA	8000	87
6827	FDC2	8001	09
6827	FDA9	8000	86
6827	FDB1	8001	08
6827	FDBA	8000	87
6827	FDC2	8001	09
6827	FC3F	8000	86
6827	FC48	8001	06
6827	FC4F	8000	87
6827	FC58	8001	07
6827	FDA9	8000	86
6827	FDB1	8001	28
6827	FDBA	8000	87
6827	FDC2	8001	29
6827	FDA9	8000	86
6827	FDB1	8001	28
6827	FDBA	8000	87
6827	FDC2	8001	29
6827	FDA9	8000	86
6827	FDB1	8001	18
6827	FDBA	8000	87
6827	FDC2	8001	19
6827	FDA9	8000	86
6827	FDB1	8001	08
6827	FDBA	8000	87
6827	FDC2	8001	09
6827	FDA9	8000	86
6827	FDB1	8001	08
6827	FDBA	8000	87
6827	FDC2	8001	09
6827	F9B3	8000	80
6827	F9B9	8001	FC
6827	F9BE	8000	81
6827	F9C4	8001	E2
6827	F9C9	8000	82
6827	F9CF	8001	A2
6827	F9D4	8000	83
6827	F9DA	8001	01
6827	F9DF	8000	84
6827	F9E5	8001	02
6827	F9EA	8000	85
6827	F9F0	8001	0A
6827	F8DB	8000	87
6827	F9B3	8000	80
6827	F9B9	8001	FC
6827	F9BE	8000	81
6827	F9C4	8001	0A
6827	F9C9	8000	82
6827	F9CF	8001	FC
6827	F9D4	8000	83
6827	F9DA	8001	FD
6827	F9DF	8000	84
6827	F9E5	8001	02
6827	F9EA	8000	85
6827	F9F0	8001	0A
6827	F8DB	8000	87
6828	FA23	8000	80
6828	FA29	8001	FC
6828	FA2E	8000	81
6828	FA34	8001	E2
6828	FA39	8000	82
6828	FA3F	8001	A2
6828	FA44	8000	83
6828	FA4A	8001	35
6828	FA4F	8000	84
6828	FA55	8001	B7
6828	FA5A	8000	85
6828	FA60	8001	BD
6828	FADD	8000	86
6828	FAE2	8001	18
6828	FAE9	8000	87
6828	FAEE	8001	19
6828	FAF8	8000	86
6828	FAFE	8001	08
6828	FB05	8000	87
6828	FB0B	8001	09
6828	FDA9	8000	86
6828	FDB1	8001	06
6828	FDBA	8000	87
6828	FDC2	8001	07
6828	FDA9	8000	86
6828	FDB1	8001	20
6828	FDBA	8000	87
6828	FDC2	8001	21
6828	FDA9	8000	86
6828	FDB1	8001	08
6828	FDBA	8000	87
6828	FDC2	8001	09
6828	FDA9	8000	86
6828	FDB1	8001	08
6828	FDBA	8000	87
6828	FDC2	8001	09
6828	FDA9	8000	86
6828	FDB1	8001	08
6828	FDBA	8000	87
6828	FDC2	8001	09
6828	FDA9	8000	86
6828	FDB1	8001	08
6828	FDBA	8000	87
6828	FDC2	8001	09
6828	FDA9	8000	86
6828	FDB1	8001	08
6828	FDBA	8000	87
6828	FDC2	8001	09
6828	FDA9	8000	86
6828	FDB1	8001	08
6828	FDBA	8000	87
6828	FDC2	8001	09
6828	FC3F	8000	86
6828	FC48	8001	06
6828	FC4F	8000	87
6828	FC58	8001	07
6828	FDA9	8000	86
6828	FDB1	8001	28
6828	FDBA	8000	87
6828	FDC2	8001	29
6828	FDA9	8000	86
6828	FDB1	8001	28
6828	FDBA	8000	87
6828	FDC2	8001	29
6828	FDA9	8000	86
6828	FDB1	8001	18
6828	FDBA	8000	87
6828	FDC2	8001	19
6828	FDA9	8000	86
6828	FDB1	8001	08
6828	FDBA	8000	87
6828	FDC2	8001	09
6828	FDA9	8000	86
6828	FDB1	8001	08
6828	FDBA	8000	87
6828	FDC2	8001	09
6828	F9B3	8000	80
6828	F9B9	8001	FC
6828	F9BE	8000	81
6828	F9C4	8001	E2
6828	F9C9	8000	82
6828	F9CF	8001	A2
6828	F9D4	8000	83
6828	F9DA	8001	01
6828	F9DF	8000	84
6828	F9E5	8001	02
6828	F9EA	8000	85
6828	F9F0	8001	0A
6828	F8DB	8000	87
6828	F9B3	8000	80
6828	F9B9	8001	FC
6828	F9BE	8000	81
6828	F9C4	8001	0A
6828	F9C9	8000	82
6828	F9CF	8001	FC
6828	F9D4	8000	83
6828	F9DA	8001	FD
6828	F9DF	8000	84
6828	F9E5	8001	02
6828	F9EA	8000	85
6828	F9F0	8001	0A
6828	F8DB	8000	87
6829	FA23	8000	80
6829	FA29	8001	FC
6829	FA2E	8000	81
6829	FA34	8001	E2
6829	FA39	8000	82
6829	FA3F	8001	A2
6829	FA44	8000	83
6829	FA4A	8001	35
6829	FA4F	8000	84
6829	FA55	8001	B7
6829	FA5A	8000	85
6829	FA60	8001	BD
6829	FADD	8000	86
6829	FAE2	8001	18
6829	FAE9	8000	87
6829	FAEE	8001	19
6829	FAF8	8000	86
6829	FAFE	8001	08
6829	FB05	8000	87
6829	FB0B	8001	09
6829	FDA9	8000	86
6829	FDB1	8001	06
6829	FDBA	8000	87
6829	FDC2	8001	07
6829	FDA9	8000	86
6829	FDB1	8001	20
6829	FDBA	8000	87
6829	FDC2	8001	21
6829	FDA9	8000	86
6829	FDB1	8001	08
6829	FDBA	8000	87
6829	FDC2	8001	09
6829	FDA9	8000	86
6829	FDB1	8001	08
6829	FDBA	8000	87
6829	FDC2	8001	09
6829	FC3F	8000	86
6829	FC48	8001	06
6829	FC4F	8000	87
6829	FC58	8001	07
6829	FDA9	8000	86
6829	FDB1	8001	28
6829	FDBA	8000	87
6829	FDC2	8001	29
6829	FDA9	8000	86
6829	FDB1	8001	28
6829	FDBA	8000	87
6829	FDC2	8001	29
6829	FDA9	8000	86
6829	FDB1	8001	18
6829	FDBA	8000	87
6829	FDC2	8001	19
6829	F9B3	8000	80
6829	F9B9	8001	FC
6829	F9BE	8000	81
6829	F9C4	8001	E2
6829	F9C9	8000	82
6829	F9CF	8001	A2
6829	F9D4	8000	83
6829	F9DA	8001	01
6829	F9DF	8000	84
6829	F9E5	8001	02
6829	F9EA	8000	85
6829	F9F0	8001	0A
6829	F8DB	8000	87
6829	F9B3	8000	80
6829	F9B9	8001	FC
6829	F9BE	8000	81
6829	F9C4	8001	0A
6829	F9C9	8000	82
6829	F9CF	8001	FC
6829	F9D4	8000	83
6829	F9DA	8001	FD
6829	F9DF	8000	84
6829	F9E5	8001	02
6829	F9EA	8000	85
6829	F9F0	8001	0A
6829	F8DB	8000	87
6830	FA23	8000	80
6830	FA29	8001	FC
6830	FA2E	8000	81
6830	FA34	8001	E2
6830	FA39	8000	82
6830	FA3F	8001	A2
6830	FA44	8000	83
6830	FA4A	8001	35
6830	FA4F	8000	84
6830	FA55	8001	B7
6830	FA5A	8000	85
6830	FA60	8001	BD
6830	FADD	8000	86
6830	FAE2	8001	18
6830	FAE9	8000	87
6830	FAEE	8001	19
6830	FAF8	8000	86
6830	FAFE	8001	18
6830	FB05	8000	87
6830	FB0B	8001	19
6830	FDA9	8000	86
6830	FDB1	8001	06
6830	FDBA	8000	87
6830	FDC2	8001	07
6830	FDA9	8000	86
6830	FDB1	8001	20
6830	FDBA	8000	87
6830	FDC2	8001	21
6830	FC3F	8000	86
6830	FC48	8001	06
6830	FC4F	8000	87
6830	FC58	8001	07
6830	FDA9	8000	86
6830	FDB1	8001	28
6830	FDBA	8000	87
6830	FDC2	8001	29
6830	FDA9	8000	86
6830	FDB1	8001	28
6830	FDBA	8000	87
6830	FDC2	8001	29
6830	FDA9	8000	86
6830	FDB1	8001	18
6830	FDBA	8000	87
6830	FDC2	8001	19
6830	F9B3	8000	80
6830	F9B9	8001	FC
6830	F9BE	8000	81
6830	F9C4	8001	E2
6830	F9C9	8000	82
6830	F9CF	8001	A2
6830	F9D4	8000	83
6830	F9DA	8001	01
6830	F9DF	8000	84
6830	F9E5	8001	02
6830	F9EA	8000	85
6830	F9F0	8001	0A
6830	F8DB	8000	87
6830	F9B3	8000	80
6830	F9B9	8001	FC
6830	F9BE	8000	81
6830	F9C4	8001	0A
6830	F9C9	8000	82
6830	F9CF	8001	FC
6830	F9D4	8000	83
6830	F9DA	8001	FD
6830	F9DF	8000	84
6830	F9E5	8001	02
6830	F9EA	8000	85
6830	F9F0	8001	0A
6830	F8DB	8000	87
6831	FA23	8000	80
6831	FA29	8001	FC
6831	FA2E	8000	81
6831	FA34	8001	E2
6831	FA39	8000	82
6831	FA3F	8001	A2
6831	FA44	8000	83
6831	FA4A	8001	35
6831	FA4F	8000	84
6831	FA55	8001	B7
6831	FA5A	8000	85
6831	FA60	8001	BD
6831	FADD	8000	86
6831	FAE2	8001	18
6831	FAE9	8000	87
6831	FAEE	8001	19
6831	FAF8	8000	86
6831	FAFE	8001	18
6831	FB05	8000	87
6831	FB0B	8001	19
6831	FDA9	8000	86
6831	FDB1	8001	06
6831	FDBA	8000	87
6831	FDC2	8001	07
6831	FDA9	8000	86
6831	FDB1	8001	20
6831	FDBA	8000	87
6831	FDC2	8001	21
6831	FC3F	8000	86
6831	FC48	8001	06
6831	FC4F	8000	87
6831	FC58	8001	07
6831	FDA9	8000	86
6831	FDB1	8001	28
6831	FDBA	8000	87
6831	FDC2	8001	29
6831	FDA9	8000	86
6831	FDB1	8001	28
6831	FDBA	8000	87
6831	FDC2	8001	29
6831	FDA9	8000	86
6831	FDB1	8001	18
6831	FDBA	8000	87
6831	FDC2	8001	19
6831	F9B3	8000	80
6831	F9B9	8001	FC
6831	F9BE	8000	81
6831	F9C4	8001	E2
6831	F9C9	8000	82
6831	F9CF	8001	A2
6831	F9D4	8000	83
6831	F9DA	8001	01
6831	F9DF	8000	84
6831	F9E5	8001	02
6831	F9EA	8000	85
6831	F9F0	8001	0A
6831	F8DB	8000	87
6831	F9B3	8000	80
6831	F9B9	8001	FC
6831	F9BE	8000	81
6831	F9C4	8001	0A
6831	F9C9	8000	82
6831	F9CF	8001	FC
6831	F9D4	8000	83
6831	F9DA	8001	FD
6831	F9DF	8000	84
6831	F9E5	8001	02
6831	F9EA	8000	85
6831	F9F0	8001	0A
6831	F8DB	8000	87
6832	FA23	8000	80
6832	FA29	8001	FC
6832	FA2E	8000	81
6832	FA34	8001	E2
6832	FA39	8000	82
6832	FA3F	8001	A2
6832	FA44	8000	83
6832	FA4A	8001	35
6832	FA4F	8000	84
6832	FA55	8001	B7
6832	FA5A	8000	85
6832	FA60	8001	BD
6832	FADD	8000	86
6832	FAE2	8001	18
6832	FAE9	8000	87
6832	FAEE	8001	19
6832	FAF8	8000	86
6832	FAFE	8001	18
6832	FB05	8000	87
6832	FB0B	8001	19
6832	FDA9	8000	86
6832	FDB1	8001	06
6832	FDBA	8000	87
6832	FDC2	8001	07
6832	FDA9	8000	86
6832	FDB1	8001	20
6832	FDBA	8000	87
6832	FDC2	8001	21
6832	FC3F	8000	86
6832	FC48	8001	06
6832	FC4F	8000	87
6832	FC58	8001	07
6832	FDA9	8000	86
6832	FDB1	8001	28
6832	FDBA	8000	87
6832	FDC2	8001	29
6832	FDA9	8000	86
6832	FDB1	8001	28
6832	FDBA	8000	87
6832	FDC2	8001	29
6832	FDA9	8000	86
6832	FDB1	8001	18
6832	FDBA	8000	87
6832	FDC2	8001	19
6832	F9B3	8000	80
6832	F9B9	8001	FC
6832	F9BE	8000	81
6832	F9C4	8001	E2
6832	F9C9	8000	82
6832	F9CF	8001	A2
6832	F9D4	8000	83
6832	F9DA	8001	01
6832	F9DF	8000	84
6832	F9E5	8001	02
6832	F9EA	8000	85
6832	F9F0	8001	0A
6832	F8DB	8000	87
6832	F9B3	8000	80
6832	F9B9	8001	FC
6832	F9BE	8000	81
6832	F9C4	8001	0A
6832	F9C9	8000	82
6832	F9CF	8001	FC
6832	F9D4	8000	83
6832	F9DA	8001	FD
6832	F9DF	8000	84
6832	F9E5	8001	02
6832	F9EA	8000	85
6832	F9F0	8001	0A
6832	F8DB	8000	87
6833	FA23	8000	80
6833	FA29	8001	FC
6833	FA2E	8000	81
6833	FA34	8001	E2
6833	FA39	8000	82
6833	FA3F	8001	A2
6833	FA44	8000	83
6833	FA4A	8001	35
6833	FA4F	8000	84
6833	FA55	8001	B7
6833	FA5A	8000	85
6833	FA60	8001	BD
6833	FADD	8000	86
6833	FAE2	8001	18
6833	FAE9	8000	87
6833	FAEE	8001	19
6833	FAF8	8000	86
6833	FAFE	8001	18
6833	FB05	8000	87
6833	FB0B	8001	19
6833	FDA9	8000	86
6833	FDB1	8001	06
6833	FDBA	8000	87
6833	FDC2	8001	07
6833	FDA9	8000	86
6833	FDB1	8001	20
6833	FDBA	8000	87
6833	FDC2	8001	21
6833	FC3F	8000	86
6833	FC48	8001	06
6833	FC4F	8000	87
6833	FC58	8001	07
6833	FDA9	8000	86
6833	FDB1	8001	28
6833	FDBA	8000	87
6833	FDC2	8001	29
6833	FDA9	8000	86
6833	FDB1	8001	28
6833	FDBA	8000	87
6833	FDC2	8001	29
6833	FDA9	8000	86
6833	FDB1	8001	18
6833	FDBA	8000	87
6833	FDC2	8001	19
6833	F9B3	8000	80
6833	F9B9	8001	FC
6833	F9BE	8000	81
6833	F9C4	8001	E2
6833	F9C9	8000	82
6833	F9CF	8001	A2
6833	F9D4	8000	83
6833	F9DA	8001	01
6833	F9DF	8000	84
6833	F9E5	8001	02
6833	F9EA	8000	85
6833	F9F0	8001	0A
6833	F8DB	8000	87
6833	F9B3	8000	80
6833	F9B9	8001	FC
6833	F9BE	8000	81
6833	F9C4	8001	0A
6833	F9C9	8000	82
6833	F9CF	8001	FC
6833	F9D4	8000	83
6833	F9DA	8001	FD
6833	F9DF	8000	84
6833	F9E5	8001	02
6833	F9EA	8000	85
6833	F9F0	8001	0A
6833	F8DB	8000	87
6834	FA23	8000	80
6834	FA29	8001	FC
6834	FA2E	8000	81
6834	FA34	8001	E2
6834	FA39	8000	82
6834	FA3F	8001	A2
6834	FA44	8000	83
6834	FA4A	8001	35
6834	FA4F	8000	84
6834	FA55	8001	B7
6834	FA5A	8000	85
6834	FA60	8001	BD
6834	FADD	8000	86
6834	FAE2	8001	18
6834	FAE9	8000	87
6834	FAEE	8001	19
6834	BF0A	8000	86
6834	C8E1	8001	00
6834	C8E6	8000	87
6834	C8EB	8001	01
6834	C900	8000	86
6834	C905	8001	18
6834	C90A	8000	87
6834	C90F	8001	19
6834	BF0A	8000	86
6834	C8E1	8001	00
6834	C8E6	8000	87
6834	C8EB	8001	01
6834	C900	8000	86
6834	C905	8001	18
6834	C90A	8000	87
6834	C90F	8001	19
6834	BF0A	8000	86
6834	C8E1	8001	00
6834	C8E6	8000	87
6834	C8EB	8001	01
6834	C900	8000	86
6834	C905	8001	18
6834	C90A	8000	87
6834	C90F	8001	19
6834	FAF8	8000	86
6834	FAFE	8001	18
6834	FB05	8000	87
6834	FB0B	8001	19
6834	FDA9	8000	86
6834	FDB1	8001	06
6834	FDBA	8000	87
6834	FDC2	8001	07
6834	FDA9	8000	86
6834	FDB1	8001	20
6834	FDBA	8000	87
6834	FDC2	8001	21
6834	FC3F	8000	86
6834	FC48	8001	06
6834	FC4F	8000	87
6834	FC58	8001	07
6834	FDA9	8000	86
6834	FDB1	8001	28
6834	FDBA	8000	87
6834	FDC2	8001	29
6834	FDA9	8000	86
6834	FDB1	8001	28
6834	FDBA	8000	87
6834	FDC2	8001	29
6834	FDA9	8000	86
6834	FDB1	8001	18
6834	FDBA	8000	87
6834	FDC2	8001	19
6834	F9B3	8000	80
6834	F9B9	8001	FC
6834	F9BE	8000	81
6834	F9C4	8001	E2
6834	F9C9	8000	82
6834	F9CF	8001	A2
6834	F9D4	8000	83
6834	F9DA	8001	01
6834	F9DF	8000	84
6834	F9E5	8001	02
6834	F9EA	8000	85
6834	F9F0	8001	0A
6834	F8DB	8000	87
6834	F9B3	8000	80
6834	F9B9	8001	FC
6834	F9BE	8000	81
6834	F9C4	8001	0A
6834	F9C9	8000	82
6834	F9CF	8001	FC
6834	F9D4	8000	83
6834	F9DA	8001	FD
6834	F9DF	8000	84
6834	F9E5	8001	02
6834	F9EA	8000	85
6834	F9F0	8001	0A
6834	F8DB	8000	87
6835	FA23	8000	80
6835	FA29	8001	FC
6835	FA2E	8000	81
6835	FA34	8001	E2
6835	FA39	8000	82
6835	FA3F	8001	A2
6835	FA44	8000	83
6835	FA4A	8001	35
6835	FA4F	8000	84
6835	FA55	8001	B7
6835	FA5A	8000	85
6835	FA60	8001	BD
6835	FADD	8000	86
6835	FAE2	8001	18
6835	FAE9	8000	87
6835	FAEE	8001	19
6835	FAF8	8000	86
6835	FAFE	8001	18
6835	FB05	8000	87
6835	FB0B	8001	19
6835	FDA9	8000	86
6835	FDB1	8001	06
6835	FDBA	8000	87
6835	FDC2	8001	07
6835	FDA9	8000	86
6835	FDB1	8001	20
6835	FDBA	8000	87
6835	FDC2	8001	21
6835	FC3F	8000	86
6835	FC48	8001	06
6835	FC4F	8000	87
6835	FC58	8001	07
6835	FDA9	8000	86
6835	FDB1	8001	28
6835	FDBA	8000	87
6835	FDC2	8001	29
6835	FDA9	8000	86
6835	FDB1	8001	28
6835	FDBA	8000	87
6835	FDC2	8001	29
6835	FDA9	8000	86
6835	FDB1	8001	18
6835	FDBA	8000	87
6835	FDC2	8001	19
6835	F9B3	8000	80
6835	F9B9	8001	FC
6835	F9BE	8000	81
6835	F9C4	8001	E2
6835	F9C9	8000	82
6835	F9CF	8001	A2
6835	F9D4	8000	83
6835	F9DA	8001	01
6835	F9DF	8000	84
6835	F9E5	8001	02
6835	F9EA	8000	85
6835	F9F0	8001	0A
6835	F8DB	8000	87
6835	F9B3	8000	80
6835	F9B9	8001	FC
6835	F9BE	8000	81
6835	F9C4	8001	0A
6835	F9C9	8000	82
6835	F9CF	8001	FC
6835	F9D4	8000	83
6835	F9DA	8001	FD
6835	F9DF	8000	84
6835	F9E5	8001	02
6835	F9EA	8000	85
6835	F9F0	8001	0A
6835	F8DB	8000	87
6836	FA23	8000	80
6836	FA29	8001	FC
6836	FA2E	8000	81
6836	FA34	8001	E2
6836	FA39	8000	82
6836	FA3F	8001	A2
6836	FA44	8000	83
6836	FA4A	8001	35
6836	FA4F	8000	84
6836	FA55	8001	B7
6836	FA5A	8000	85
6836	FA60	8001	BD
6836	FADD	8000	86
6836	FAE2	8001	18
6836	FAE9	8000	87
6836	FAEE	8001	19
6836	FAF8	8000	86
6836	FAFE	8001	18
6836	FB05	8000	87
6836	FB0B	8001	19
6836	FDA9	8000	86
6836	FDB1	8001	06
6836	FDBA	8000	87
6836	FDC2	8001	07
6836	FDA9	8000	86
6836	FDB1	8001	20
6836	FDBA	8000	87
6836	FDC2	8001	21
6836	FC3F	8000	86
6836	FC48	8001	06
6836	FC4F	8000	87
6836	FC58	8001	07
6836	FDA9	8000	86
6836	FDB1	8001	28
6836	FDBA	8000	87
6836	FDC2	8001	29
6836	FDA9	8000	86
6836	FDB1	8001	28
6836	FDBA	8000	87
6836	FDC2	8001	29
6836	FDA9	8000	86
6836	FDB1	8001	18
6836	FDBA	8000	87
6836	FDC2	8001	19
6836	F9B3	8000	80
6836	F9B9	8001	FC
6836	F9BE	8000	81
6836	F9C4	8001	E2
6836	F9C9	8000	82
6836	F9CF	8001	A2
6836	F9D4	8000	83
6836	F9DA	8001	01
6836	F9DF	8000	84
6836	F9E5	8001	02
6836	F9EA	8000	85
6836	F9F0	8001	0A
6836	F8DB	8000	87
6836	F9B3	8000	80
6836	F9B9	8001	FC
6836	F9BE	8000	81
6836	F9C4	8001	0A
6836	F9C9	8000	82
6836	F9CF	8001	FC
6836	F9D4	8000	83
6836	F9DA	8001	FD
6836	F9DF	8000	84
6836	F9E5	8001	02
6836	F9EA	8000	85
6836	F9F0	8001	0A
6836	F8DB	8000	87
6837	FA23	8000	80
6837	FA29	8001	FC
6837	FA2E	8000	81
6837	FA34	8001	E2
6837	FA39	8000	82
6837	FA3F	8001	A2
6837	FA44	8000	83
6837	FA4A	8001	35
6837	FA4F	8000	84
6837	FA55	8001	B7
6837	FA5A	8000	85
6837	FA60	8001	BD
6837	FADD	8000	86
6837	FAE2	8001	18
6837	FAE9	8000	87
6837	FAEE	8001	19
6837	FAF8	8000	86
6837	FAFE	8001	18
6837	FB05	8000	87
6837	FB0B	8001	19
6837	FDA9	8000	86
6837	FDB1	8001	06
6837	FDBA	8000	87
6837	FDC2	8001	07
6837	FDA9	8000	86
6837	FDB1	8001	20
6837	FDBA	8000	87
6837	FDC2	8001	21
6837	FC3F	8000	86
6837	FC48	8001	06
6837	FC4F	8000	87
6837	FC58	8001	07
6837	FDA9	8000	86
6837	FDB1	8001	28
6837	FDBA	8000	87
6837	FDC2	8001	29
6837	FDA9	8000	86
6837	FDB1	8001	28
6837	FDBA	8000	87
6837	FDC2	8001	29
6837	FDA9	8000	86
6837	FDB1	8001	18
6837	FDBA	8000	87
6837	FDC2	8001	19
6837	F9B3	8000	80
6837	F9B9	8001	FC
6837	F9BE	8000	81
6837	F9C4	8001	E2
6837	F9C9	8000	82
6837	F9CF	8001	A2
6837	F9D4	8000	83
6837	F9DA	8001	01
6837	F9DF	8000	84
6837	F9E5	8001	02
6837	F9EA	8000	85
6837	F9F0	8001	0A
6837	F8DB	8000	87
6837	F9B3	8000	80
6837	F9B9	8001	FC
6837	F9BE	8000	81
6837	F9C4	8001	0A
6837	F9C9	8000	82
6837	F9CF	8001	FC
6837	F9D4	8000	83
6837	F9DA	8001	FD
6837	F9DF	8000	84
6837	F9E5	8001	02
6837	F9EA	8000	85
6837	F9F0	8001	0A
6837	F8DB	8000	87
6838	FA23	8000	80
6838	FA29	8001	FC
6838	FA2E	8000	81
6838	FA34	8001	E2
6838	FA39	8000	82
6838	FA3F	8001	A2
6838	FA44	8000	83
6838	FA4A	8001	35
6838	FA4F	8000	84
6838	FA55	8001	B7
6838	FA5A	8000	85
6838	FA60	8001	BD
6838	FADD	8000	86
6838	FAE2	8001	18
6838	FAE9	8000	87
6838	FAEE	8001	19
6838	FAF8	8000	86
6838	FAFE	8001	18
6838	FB05	8000	87
6838	FB0B	8001	19
6838	FDA9	8000	86
6838	FDB1	8001	06
6838	FDBA	8000	87
6838	FDC2	8001	07
6838	FDA9	8000	86
6838	FDB1	8001	20
6838	FDBA	8000	87
6838	FDC2	8001	21
6838	FC3F	8000	86
6838	FC48	8001	06
6838	FC4F	8000	87
6838	FC58	8001	07
6838	FDA9	8000	86
6838	FDB1	8001	28
6838	FDBA	8000	87
6838	FDC2	8001	29
6838	FDA9	8000	86
6838	FDB1	8001	28
6838	FDBA	8000	87
6838	FDC2	8001	29
6838	FDA9	8000	86
6838	FDB1	8001	18
6838	FDBA	8000	87
6838	FDC2	8001	19
6838	F9B3	8000	80
6838	F9B9	8001	FC
6838	F9BE	8000	81
6838	F9C4	8001	E2
6838	F9C9	8000	82
6838	F9CF	8001	A2
6838	F9D4	8000	83
6838	F9DA	8001	01
6838	F9DF	8000	84
6838	F9E5	8001	02
6838	F9EA	8000	85
6838	F9F0	8001	0A
6838	F8DB	8000	87
6838	F9B3	8000	80
6838	F9B9	8001	FC
6838	F9BE	8000	81
6838	F9C4	8001	0A
6838	F9C9	8000	82
6838	F9CF	8001	FC
6838	F9D4	8000	83
6838	F9DA	8001	FD
6838	F9DF	8000	84
6838	F9E5	8001	02
6838	F9EA	8000	85
6838	F9F0	8001	0A
6838	F8DB	8000	87
6839	FA23	8000	80
6839	FA29	8001	FC
6839	FA2E	8000	81
6839	FA34	8001	E2
6839	FA39	8000	82
6839	FA3F	8001	A2
6839	FA44	8000	83
6839	FA4A	8001	35
6839	FA4F	8000	84
6839	FA55	8001	B7
6839	FA5A	8000	85
6839	FA60	8001	BD
6839	FADD	8000	86
6839	FAE2	8001	18
6839	FAE9	8000	87
6839	FAEE	8001	19
6839	FAF8	8000	86
6839	FAFE	8001	18
6839	FB05	8000	87
6839	FB0B	8001	19
6839	FDA9	8000	86
6839	FDB1	8001	06
6839	FDBA	8000	87
6839	FDC2	8001	07
6839	FDA9	8000	86
6839	FDB1	8001	20
6839	FDBA	8000	87
6839	FDC2	8001	21
6839	FC3F	8000	86
6839	FC48	8001	06
6839	FC4F	8000	87
6839	FC58	8001	07
6839	FDA9	8000	86
6839	FDB1	8001	28
6839	FDBA	8000	87
6839	FDC2	8001	29
6839	FDA9	8000	86
6839	FDB1	8001	28
6839	FDBA	8000	87
6839	FDC2	8001	29
6839	FDA9	8000	86
6839	FDB1	8001	18
6839	FDBA	8000	87
6839	FDC2	8001	19
6839	F9B3	8000	80
6839	F9B9	8001	FC
6839	F9BE	8000	81
6839	F9C4	8001	E2
6839	F9C9	8000	82
6839	F9CF	8001	A2
6839	F9D4	8000	83
6839	F9DA	8001	01
6839	F9DF	8000	84
6839	F9E5	8001	02
6839	F9EA	8000	85
6839	F9F0	8001	0A
6839	F8DB	8000	87
6839	F9B3	8000	80
6839	F9B9	8001	FC
6839	F9BE	8000	81
6839	F9C4	8001	0A
6839	F9C9	8000	82
6839	F9CF	8001	FC
6839	F9D4	8000	83
6839	F9DA	8001	FD
6839	F9DF	8000	84
6839	F9E5	8001	02
6839	F9EA	8000	85
6839	F9F0	8001	0A
6839	F8DB	8000	87
6840	FA23	8000	80
6840	FA29	8001	FC
6840	FA2E	8000	81
6840	FA34	8001	E2
6840	FA39	8000	82
6840	FA3F	8001	A2
6840	FA44	8000	83
6840	FA4A	8001	35
6840	FA4F	8000	84
6840	FA55	8001	B7
6840	FA5A	8000	85
6840	FA60	8001	BD
6840	FADD	8000	86
6840	FAE2	8001	18
6840	FAE9	8000	87
6840	FAEE	8001	19
6840	FAF8	8000	86
6840	FAFE	8001	18
6840	FB05	8000	87
6840	FB0B	8001	19
6840	FDA9	8000	86
6840	FDB1	8001	06
6840	FDBA	8000	87
6840	FDC2	8001	07
6840	FDA9	8000	86
6840	FDB1	8001	20
6840	FDBA	8000	87
6840	FDC2	8001	21
6840	FC3F	8000	86
6840	FC48	8001	06
6840	FC4F	8000	87
6840	FC58	8001	07
6840	FDA9	8000	86
6840	FDB1	8001	28
6840	FDBA	8000	87
6840	FDC2	8001	29
6840	FDA9	8000	86
6840	FDB1	8001	28
6840	FDBA	8000	87
6840	FDC2	8001	29
6840	FDA9	8000	86
6840	FDB1	8001	18
6840	FDBA	8000	87
6840	FDC2	8001	19
6840	F9B3	8000	80
6840	F9B9	8001	FC
6840	F9BE	8000	81
6840	F9C4	8001	E2
6840	F9C9	8000	82
6840	F9CF	8001	A2
6840	F9D4	8000	83
6840	F9DA	8001	01
6840	F9DF	8000	84
6840	F9E5	8001	02
6840	F9EA	8000	85
6840	F9F0	8001	0A
6840	F8DB	8000	87
6840	F9B3	8000	80
6840	F9B9	8001	FC
6840	F9BE	8000	81
6840	F9C4	8001	0A
6840	F9C9	8000	82
6840	F9CF	8001	FC
6840	F9D4	8000	83
6840	F9DA	8001	FD
6840	F9DF	8000	84
6840	F9E5	8001	02
6840	F9EA	8000	85
6840	F9F0	8001	0A
6840	F8DB	8000	87
6841	FA23	8000	80
6841	FA29	8001	FC
6841	FA2E	8000	81
6841	FA34	8001	E2
6841	FA39	8000	82
6841	FA3F	8001	A2
6841	FA44	8000	83
6841	FA4A	8001	35
6841	FA4F	8000	84
6841	FA55	8001	B7
6841	FA5A	8000	85
6841	FA60	8001	BD
6841	FADD	8000	86
6841	FAE2	8001	18
6841	FAE9	8000	87
6841	FAEE	8001	19
6841	FAF8	8000	86
6841	FAFE	8001	18
6841	FB05	8000	87
6841	FB0B	8001	19
6841	FDA9	8000	86
6841	FDB1	8001	06
6841	FDBA	8000	87
6841	FDC2	8001	07
6841	FDA9	8000	86
6841	FDB1	8001	20
6841	FDBA	8000	87
6841	FDC2	8001	21
6841	FC3F	8000	86
6841	FC48	8001	06
6841	FC4F	8000	87
6841	FC58	8001	07
6841	FDA9	8000	86
6841	FDB1	8001	28
6841	FDBA	8000	87
6841	FDC2	8001	29
6841	FDA9	8000	86
6841	FDB1	8001	28
6841	FDBA	8000	87
6841	FDC2	8001	29
6841	FDA9	8000	86
6841	FDB1	8001	18
6841	FDBA	8000	87
6841	FDC2	8001	19
6841	F9B3	8000	80
6841	F9B9	8001	FC
6841	F9BE	8000	81
6841	F9C4	8001	E2
6841	F9C9	8000	82
6841	F9CF	8001	A2
6841	F9D4	8000	83
6841	F9DA	8001	01
6841	F9DF	8000	84
6841	F9E5	8001	02
6841	F9EA	8000	85
6841	F9F0	8001	0A
6841	F8DB	8000	87
6841	F9B3	8000	80
6841	F9B9	8001	FC
6841	F9BE	8000	81
6841	F9C4	8001	0A
6841	F9C9	8000	82
6841	F9CF	8001	FC
6841	F9D4	8000	83
6841	F9DA	8001	FD
6841	F9DF	8000	84
6841	F9E5	8001	02
6841	F9EA	8000	85
6841	F9F0	8001	0A
6841	F8DB	8000	87
6842	FA23	8000	80
6842	FA29	8001	FC
6842	FA2E	8000	81
6842	FA34	8001	E2
6842	FA39	8000	82
6842	FA3F	8001	A2
6842	FA44	8000	83
6842	FA4A	8001	35
6842	FA4F	8000	84
6842	FA55	8001	B7
6842	FA5A	8000	85
6842	FA60	8001	BD
6842	FADD	8000	86
6842	FAE2	8001	18
6842	FAE9	8000	87
6842	FAEE	8001	19
6842	FAF8	8000	86
6842	FAFE	8001	18
6842	FB05	8000	87
6842	FB0B	8001	19
6842	FDA9	8000	86
6842	FDB1	8001	06
6842	FDBA	8000	87
6842	FDC2	8001	07
6842	FDA9	8000	86
6842	FDB1	8001	20
6842	FDBA	8000	87
6842	FDC2	8001	21
6842	FC3F	8000	86
6842	FC48	8001	06
6842	FC4F	8000	87
6842	FC58	8001	07
6842	FDA9	8000	86
6842	FDB1	8001	28
6842	FDBA	8000	87
6842	FDC2	8001	29
6842	FDA9	8000	86
6842	FDB1	8001	28
6842	FDBA	8000	87
6842	FDC2	8001	29
6842	FDA9	8000	86
6842	FDB1	8001	18
6842	FDBA	8000	87
6842	FDC2	8001	19
6842	F9B3	8000	80
6842	F9B9	8001	FC
6842	F9BE	8000	81
6842	F9C4	8001	E2
6842	F9C9	8000	82
6842	F9CF	8001	A2
6842	F9D4	8000	83
6842	F9DA	8001	01
6842	F9DF	8000	84
6842	F9E5	8001	02
6842	F9EA	8000	85
6842	F9F0	8001	0A
6842	F8DB	8000	87
6842	F9B3	8000	80
6842	F9B9	8001	FC
6842	F9BE	8000	81
6842	F9C4	8001	0A
6842	F9C9	8000	82
6842	F9CF	8001	FC
6842	F9D4	8000	83
6842	F9DA	8001	FD
6842	F9DF	8000	84
6842	F9E5	8001	02
6842	F9EA	8000	85
6842	F9F0	8001	0A
6842	F8DB	8000	87
6843	FA23	8000	80
6843	FA29	8001	FC
6843	FA2E	8000	81
6843	FA34	8001	E2
6843	FA39	8000	82
6843	FA3F	8001	A2
6843	FA44	8000	83
6843	FA4A	8001	35
6843	FA4F	8000	84
6843	FA55	8001	B7
6843	FA5A	8000	85
6843	FA60	8001	BD
6843	FADD	8000	86
6843	FAE2	8001	18
6843	FAE9	8000	87
6843	FAEE	8001	19
6843	FAF8	8000	86
6843	FAFE	8001	18
6843	FB05	8000	87
6843	FB0B	8001	19
6843	FDA9	8000	86
6843	FDB1	8001	06
6843	FDBA	8000	87
6843	FDC2	8001	07
6843	FDA9	8000	86
6843	FDB1	8001	20
6843	FDBA	8000	87
6843	FDC2	8001	21
6843	FC3F	8000	86
6843	FC48	8001	06
6843	FC4F	8000	87
6843	FC58	8001	07
6843	FDA9	8000	86
6843	FDB1	8001	28
6843	FDBA	8000	87
6843	FDC2	8001	29
6843	FDA9	8000	86
6843	FDB1	8001	28
6843	FDBA	8000	87
6843	FDC2	8001	29
6843	FDA9	8000	86
6843	FDB1	8001	18
6843	FDBA	8000	87
6843	FDC2	8001	19
6843	F9B3	8000	80
6843	F9B9	8001	FC
6843	F9BE	8000	81
6843	F9C4	8001	E2
6843	F9C9	8000	82
6843	F9CF	8001	A2
6843	F9D4	8000	83
6843	F9DA	8001	01
6843	F9DF	8000	84
6843	F9E5	8001	02
6843	F9EA	8000	85
6843	F9F0	8001	0A
6843	F8DB	8000	87
6843	F9B3	8000	80
6843	F9B9	8001	FC
6843	F9BE	8000	81
6843	F9C4	8001	0A
6843	F9C9	8000	82
6843	F9CF	8001	FC
6843	F9D4	8000	83
6843	F9DA	8001	FD
6843	F9DF	8000	84
6843	F9E5	8001	02
6843	F9EA	8000	85
6843	F9F0	8001	0A
6843	F8DB	8000	87
6844	FA23	8000	80
6844	FA29	8001	FC
6844	FA2E	8000	81
6844	FA34	8001	E2
6844	FA39	8000	82
6844	FA3F	8001	A2
6844	FA44	8000	83
6844	FA4A	8001	35
6844	FA4F	8000	84
6844	FA55	8001	B7
6844	FA5A	8000	85
6844	FA60	8001	BD
6844	FADD	8000	86
6844	FAE2	8001	18
6844	FAE9	8000	87
6844	FAEE	8001	19
6844	BF0A	8000	86
6844	C8E1	8001	00
6844	C8E6	8000	87
6844	C8EB	8001	01
6844	C900	8000	86
6844	C905	8001	18
6844	C90A	8000	87
6844	C90F	8001	19
6844	BF0A	8000	86
6844	C8E1	8001	00
6844	C8E6	8000	87
6844	C8EB	8001	01
6844	C900	8000	86
6844	C905	8001	18
6844	C90A	8000	87
6844	C90F	8001	19
6844	BF0A	8000	86
6844	C8E1	8001	00
6844	C8E6	8000	87
6844	C8EB	8001	01
6844	C900	8000	86
6844	C905	8001	18
6844	C90A	8000	87
6844	C90F	8001	19
6844	FAF8	8000	86
6844	FAFE	8001	18
6844	FB05	8000	87
6844	FB0B	8001	19
6844	FDA9	8000	86
6844	FDB1	8001	06
6844	FDBA	8000	87
6844	FDC2	8001	07
6844	FDA9	8000	86
6844	FDB1	8001	20
6844	FDBA	8000	87
6844	FDC2	8001	21
6844	FC3F	8000	86
6844	FC48	8001	06
6844	FC4F	8000	87
6844	FC58	8001	07
6844	FDA9	8000	86
6844	FDB1	8001	28
6844	FDBA	8000	87
6844	FDC2	8001	29
6844	FDA9	8000	86
6844	FDB1	8001	28
6844	FDBA	8000	87
6844	FDC2	8001	29
6844	FDA9	8000	86
6844	FDB1	8001	18
6844	FDBA	8000	87
6844	FDC2	8001	19
6844	F9B3	8000	80
6844	F9B9	8001	FC
6844	F9BE	8000	81
6844	F9C4	8001	E2
6844	F9C9	8000	82
6844	F9CF	8001	A2
6844	F9D4	8000	83
6844	F9DA	8001	01
6844	F9DF	8000	84
6844	F9E5	8001	02
6844	F9EA	8000	85
6844	F9F0	8001	0A
6844	F8DB	8000	87
6844	F9B3	8000	80
6844	F9B9	8001	FC
6844	F9BE	8000	81
6844	F9C4	8001	0A
6844	F9C9	8000	82
6844	F9CF	8001	FC
6844	F9D4	8000	83
6844	F9DA	8001	FD
6844	F9DF	8000	84
6844	F9E5	8001	02
6844	F9EA	8000	85
6844	F9F0	8001	0A
6844	F8DB	8000	87
6845	FA23	8000	80
6845	FA29	8001	FC
6845	FA2E	8000	81
6845	FA34	8001	E2
6845	FA39	8000	82
6845	FA3F	8001	A2
6845	FA44	8000	83
6845	FA4A	8001	35
6845	FA4F	8000	84
6845	FA55	8001	B7
6845	FA5A	8000	85
6845	FA60	8001	BD
6845	FADD	8000	86
6845	FAE2	8001	18
6845	FAE9	8000	87
6845	FAEE	8001	19
6845	FAF8	8000	86
6845	FAFE	8001	18
6845	FB05	8000	87
6845	FB0B	8001	19
6845	FDA9	8000	86
6845	FDB1	8001	06
6845	FDBA	8000	87
6845	FDC2	8001	07
6845	FDA9	8000	86
6845	FDB1	8001	20
6845	FDBA	8000	87
6845	FDC2	8001	21
6845	FC3F	8000	86
6845	FC48	8001	06
6845	FC4F	8000	87
6845	FC58	8001	07
6845	FDA9	8000	86
6845	FDB1	8001	28
6845	FDBA	8000	87
6845	FDC2	8001	29
6845	FDA9	8000	86
6845	FDB1	8001	28
6845	FDBA	8000	87
6845	FDC2	8001	29
6845	FDA9	8000	86
6845	FDB1	8001	18
6845	FDBA	8000	87
6845	FDC2	8001	19
6845	F9B3	8000	80
6845	F9B9	8001	FC
6845	F9BE	8000	81
6845	F9C4	8001	E2
6845	F9C9	8000	82
6845	F9CF	8001	A2
6845	F9D4	8000	83
6845	F9DA	8001	01
6845	F9DF	8000	84
6845	F9E5	8001	02
6845	F9EA	8000	85
6845	F9F0	8001	0A
6845	F8DB	8000	87
6845	F9B3	8000	80
6845	F9B9	8001	FC
6845	F9BE	8000	81
6845	F9C4	8001	0A
6845	F9C9	8000	82
6845	F9CF	8001	FC
6845	F9D4	8000	83
6845	F9DA	8001	FD
6845	F9DF	8000	84
6845	F9E5	8001	02
6845	F9EA	8000	85
6845	F9F0	8001	0A
6845	F8DB	8000	87
6846	FA23	8000	80
6846	FA29	8001	FC
6846	FA2E	8000	81
6846	FA34	8001	E2
6846	FA39	8000	82
6846	FA3F	8001	A2
6846	FA44	8000	83
6846	FA4A	8001	35
6846	FA4F	8000	84
6846	FA55	8001	B7
6846	FA5A	8000	85
6846	FA60	8001	BD
6846	FADD	8000	86
6846	FAE2	8001	18
6846	FAE9	8000	87
6846	FAEE	8001	19
6846	FAF8	8000	86
6846	FAFE	8001	18
6846	FB05	8000	87
6846	FB0B	8001	19
6846	FDA9	8000	86
6846	FDB1	8001	06
6846	FDBA	8000	87
6846	FDC2	8001	07
6846	FDA9	8000	86
6846	FDB1	8001	20
6846	FDBA	8000	87
6846	FDC2	8001	21
6846	FC3F	8000	86
6846	FC48	8001	06
6846	FC4F	8000	87
6846	FC58	8001	07
6846	FDA9	8000	86
6846	FDB1	8001	28
6846	FDBA	8000	87
6846	FDC2	8001	29
6846	FDA9	8000	86
6846	FDB1	8001	28
6846	FDBA	8000	87
6846	FDC2	8001	29
6846	FDA9	8000	86
6846	FDB1	8001	18
6846	FDBA	8000	87
6846	FDC2	8001	19
6846	F9B3	8000	80
6846	F9B9	8001	FC
6846	F9BE	8000	81
6846	F9C4	8001	E2
6846	F9C9	8000	82
6846	F9CF	8001	A2
6846	F9D4	8000	83
6846	F9DA	8001	01
6846	F9DF	8000	84
6846	F9E5	8001	02
6846	F9EA	8000	85
6846	F9F0	8001	0A
6846	F8DB	8000	87
6846	F9B3	8000	80
6846	F9B9	8001	FC
6846	F9BE	8000	81
6846	F9C4	8001	0A
6846	F9C9	8000	82
6846	F9CF	8001	FC
6846	F9D4	8000	83
6846	F9DA	8001	FD
6846	F9DF	8000	84
6846	F9E5	8001	02
6846	F9EA	8000	85
6846	F9F0	8001	0A
6846	F8DB	8000	87
6847	FA23	8000	80
6847	FA29	8001	FC
6847	FA2E	8000	81
6847	FA34	8001	E2
6847	FA39	8000	82
6847	FA3F	8001	A2
6847	FA44	8000	83
6847	FA4A	8001	35
6847	FA4F	8000	84
6847	FA55	8001	B7
6847	FA5A	8000	85
6847	FA60	8001	BD
6847	FADD	8000	86
6847	FAE2	8001	18
6847	FAE9	8000	87
6847	FAEE	8001	19
6847	FAF8	8000	86
6847	FAFE	8001	18
6847	FB05	8000	87
6847	FB0B	8001	19
6847	FDA9	8000	86
6847	FDB1	8001	06
6847	FDBA	8000	87
6847	FDC2	8001	07
6847	FDA9	8000	86
6847	FDB1	8001	20
6847	FDBA	8000	87
6847	FDC2	8001	21
6847	FC3F	8000	86
6847	FC48	8001	06
6847	FC4F	8000	87
6847	FC58	8001	07
6847	FDA9	8000	86
6847	FDB1	8001	28
6847	FDBA	8000	87
6847	FDC2	8001	29
6847	FDA9	8000	86
6847	FDB1	8001	28
6847	FDBA	8000	87
6847	FDC2	8001	29
6847	FDA9	8000	86
6847	FDB1	8001	18
6847	FDBA	8000	87
6847	FDC2	8001	19
6847	F9B3	8000	80
6847	F9B9	8001	FC
6847	F9BE	8000	81
6847	F9C4	8001	E2
6847	F9C9	8000	82
6847	F9CF	8001	A2
6847	F9D4	8000	83
6847	F9DA	8001	01
6847	F9DF	8000	84
6847	F9E5	8001	02
6847	F9EA	8000	85
6847	F9F0	8001	0A
6847	F8DB	8000	87
6847	F9B3	8000	80
6847	F9B9	8001	FC
6847	F9BE	8000	81
6847	F9C4	8001	0A
6847	F9C9	8000	82
6847	F9CF	8001	FC
6847	F9D4	8000	83
6847	F9DA	8001	FD
6847	F9DF	8000	84
6847	F9E5	8001	02
6847	F9EA	8000	85
6847	F9F0	8001	0A
6847	F8DB	8000	87
6848	FA23	8000	80
6848	FA29	8001	FC
6848	FA2E	8000	81
6848	FA34	8001	E2
6848	FA39	8000	82
6848	FA3F	8001	A2
6848	FA44	8000	83
6848	FA4A	8001	35
6848	FA4F	8000	84
6848	FA55	8001	B7
6848	FA5A	8000	85
6848	FA60	8001	BD
6848	FADD	8000	86
6848	FAE2	8001	18
6848	FAE9	8000	87
6848	FAEE	8001	19
6848	FAF8	8000	86
6848	FAFE	8001	18
6848	FB05	8000	87
6848	FB0B	8001	19
6848	FDA9	8000	86
6848	FDB1	8001	06
6848	FDBA	8000	87
6848	FDC2	8001	07
6848	FDA9	8000	86
6848	FDB1	8001	20
6848	FDBA	8000	87
6848	FDC2	8001	21
6848	FC3F	8000	86
6848	FC48	8001	06
6848	FC4F	8000	87
6848	FC58	8001	07
6848	FDA9	8000	86
6848	FDB1	8001	28
6848	FDBA	8000	87
6848	FDC2	8001	29
6848	FDA9	8000	86
6848	FDB1	8001	28
6848	FDBA	8000	87
6848	FDC2	8001	29
6848	FDA9	8000	86
6848	FDB1	8001	18
6848	FDBA	8000	87
6848	FDC2	8001	19
6848	F9B3	8000	80
6848	F9B9	8001	FC
6848	F9BE	8000	81
6848	F9C4	8001	E2
6848	F9C9	8000	82
6848	F9CF	8001	A2
6848	F9D4	8000	83
6848	F9DA	8001	01
6848	F9DF	8000	84
6848	F9E5	8001	02
6848	F9EA	8000	85
6848	F9F0	8001	0A
6848	F8DB	8000	87
6848	F9B3	8000	80
6848	F9B9	8001	FC
6848	F9BE	8000	81
6848	F9C4	8001	0A
6848	F9C9	8000	82
6848	F9CF	8001	FC
6848	F9D4	8000	83
6848	F9DA	8001	FD
6848	F9DF	8000	84
6848	F9E5	8001	02
6848	F9EA	8000	85
6848	F9F0	8001	0A
6848	F8DB	8000	87
6849	FA23	8000	80
6849	FA29	8001	FC
6849	FA2E	8000	81
6849	FA34	8001	E2
6849	FA39	8000	82
6849	FA3F	8001	A2
6849	FA44	8000	83
6849	FA4A	8001	35
6849	FA4F	8000	84
6849	FA55	8001	B7
6849	FA5A	8000	85
6849	FA60	8001	BD
6849	FADD	8000	86
6849	FAE2	8001	18
6849	FAE9	8000	87
6849	FAEE	8001	19
6849	FAF8	8000	86
6849	FAFE	8001	18
6849	FB05	8000	87
6849	FB0B	8001	19
6849	FDA9	8000	86
6849	FDB1	8001	06
6849	FDBA	8000	87
6849	FDC2	8001	07
6849	FDA9	8000	86
6849	FDB1	8001	20
6849	FDBA	8000	87
6849	FDC2	8001	21
6849	FC3F	8000	86
6849	FC48	8001	06
6849	FC4F	8000	87
6849	FC58	8001	07
6849	FDA9	8000	86
6849	FDB1	8001	28
6849	FDBA	8000	87
6849	FDC2	8001	29
6849	FDA9	8000	86
6849	FDB1	8001	28
6849	FDBA	8000	87
6849	FDC2	8001	29
6849	FDA9	8000	86
6849	FDB1	8001	18
6849	FDBA	8000	87
6849	FDC2	8001	19
6849	F9B3	8000	80
6849	F9B9	8001	FC
6849	F9BE	8000	81
6849	F9C4	8001	E2
6849	F9C9	8000	82
6849	F9CF	8001	A2
6849	F9D4	8000	83
6849	F9DA	8001	01
6849	F9DF	8000	84
6849	F9E5	8001	02
6849	F9EA	8000	85
6849	F9F0	8001	0A
6849	F8DB	8000	87
6849	F9B3	8000	80
6849	F9B9	8001	FC
6849	F9BE	8000	81
6849	F9C4	8001	0A
6849	F9C9	8000	82
6849	F9CF	8001	FC
6849	F9D4	8000	83
6849	F9DA	8001	FD
6849	F9DF	8000	84
6849	F9E5	8001	02
6849	F9EA	8000	85
6849	F9F0	8001	0A
6849	F8DB	8000	87
6850	FA23	8000	80
6850	FA29	8001	FC
6850	FA2E	8000	81
6850	FA34	8001	E2
6850	FA39	8000	82
6850	FA3F	8001	A2
6850	FA44	8000	83
6850	FA4A	8001	35
6850	FA4F	8000	84
6850	FA55	8001	B7
6850	FA5A	8000	85
6850	FA60	8001	BD
6850	FADD	8000	86
6850	FAE2	8001	18
6850	FAE9	8000	87
6850	FAEE	8001	19
6850	FAF8	8000	86
6850	FAFE	8001	18
6850	FB05	8000	87
6850	FB0B	8001	19
6850	FDA9	8000	86
6850	FDB1	8001	06
6850	FDBA	8000	87
6850	FDC2	8001	07
6850	FDA9	8000	86
6850	FDB1	8001	20
6850	FDBA	8000	87
6850	FDC2	8001	21
6850	FC3F	8000	86
6850	FC48	8001	06
6850	FC4F	8000	87
6850	FC58	8001	07
6850	FDA9	8000	86
6850	FDB1	8001	28
6850	FDBA	8000	87
6850	FDC2	8001	29
6850	FDA9	8000	86
6850	FDB1	8001	28
6850	FDBA	8000	87
6850	FDC2	8001	29
6850	FDA9	8000	86
6850	FDB1	8001	18
6850	FDBA	8000	87
6850	FDC2	8001	19
6850	F9B3	8000	80
6850	F9B9	8001	FC
6850	F9BE	8000	81
6850	F9C4	8001	E2
6850	F9C9	8000	82
6850	F9CF	8001	A2
6850	F9D4	8000	83
6850	F9DA	8001	01
6850	F9DF	8000	84
6850	F9E5	8001	02
6850	F9EA	8000	85
6850	F9F0	8001	0A
6850	F8DB	8000	87
6850	F9B3	8000	80
6850	F9B9	8001	FC
6850	F9BE	8000	81
6850	F9C4	8001	0A
6850	F9C9	8000	82
6850	F9CF	8001	FC
6850	F9D4	8000	83
6850	F9DA	8001	FD
6850	F9DF	8000	84
6850	F9E5	8001	02
6850	F9EA	8000	85
6850	F9F0	8001	0A
6850	F8DB	8000	87
6851	FA23	8000	80
6851	FA29	8001	FC
6851	FA2E	8000	81
6851	FA34	8001	E2
6851	FA39	8000	82
6851	FA3F	8001	A2
6851	FA44	8000	83
6851	FA4A	8001	35
6851	FA4F	8000	84
6851	FA55	8001	B7
6851	FA5A	8000	85
6851	FA60	8001	BD
6851	FADD	8000	86
6851	FAE2	8001	18
6851	FAE9	8000	87
6851	FAEE	8001	19
6851	FAF8	8000	86
6851	FAFE	8001	18
6851	FB05	8000	87
6851	FB0B	8001	19
6851	FDA9	8000	86
6851	FDB1	8001	06
6851	FDBA	8000	87
6851	FDC2	8001	07
6851	FDA9	8000	86
6851	FDB1	8001	20
6851	FDBA	8000	87
6851	FDC2	8001	21
6851	FC3F	8000	86
6851	FC48	8001	06
6851	FC4F	8000	87
6851	FC58	8001	07
6851	FDA9	8000	86
6851	FDB1	8001	28
6851	FDBA	8000	87
6851	FDC2	8001	29
6851	FDA9	8000	86
6851	FDB1	8001	28
6851	FDBA	8000	87
6851	FDC2	8001	29
6851	FDA9	8000	86
6851	FDB1	8001	18
6851	FDBA	8000	87
6851	FDC2	8001	19
6851	F9B3	8000	80
6851	F9B9	8001	FC
6851	F9BE	8000	81
6851	F9C4	8001	E2
6851	F9C9	8000	82
6851	F9CF	8001	A2
6851	F9D4	8000	83
6851	F9DA	8001	01
6851	F9DF	8000	84
6851	F9E5	8001	02
6851	F9EA	8000	85
6851	F9F0	8001	0A
6851	F8DB	8000	87
6851	F9B3	8000	80
6851	F9B9	8001	FC
6851	F9BE	8000	81
6851	F9C4	8001	0A
6851	F9C9	8000	82
6851	F9CF	8001	FC
6851	F9D4	8000	83
6851	F9DA	8001	FD
6851	F9DF	8000	84
6851	F9E5	8001	02
6851	F9EA	8000	85
6851	F9F0	8001	0A
6851	F8DB	8000	87
6852	FA23	8000	80
6852	FA29	8001	FC
6852	FA2E	8000	81
6852	FA34	8001	E2
6852	FA39	8000	82
6852	FA3F	8001	A2
6852	FA44	8000	83
6852	FA4A	8001	35
6852	FA4F	8000	84
6852	FA55	8001	B7
6852	FA5A	8000	85
6852	FA60	8001	BD
6852	FADD	8000	86
6852	FAE2	8001	18
6852	FAE9	8000	87
6852	FAEE	8001	19
6852	FAF8	8000	86
6852	FAFE	8001	18
6852	FB05	8000	87
6852	FB0B	8001	19
6852	FDA9	8000	86
6852	FDB1	8001	06
6852	FDBA	8000	87
6852	FDC2	8001	07
6852	FDA9	8000	86
6852	FDB1	8001	20
6852	FDBA	8000	87
6852	FDC2	8001	21
6852	FC3F	8000	86
6852	FC48	8001	06
6852	FC4F	8000	87
6852	FC58	8001	07
6852	FDA9	8000	86
6852	FDB1	8001	28
6852	FDBA	8000	87
6852	FDC2	8001	29
6852	FDA9	8000	86
6852	FDB1	8001	28
6852	FDBA	8000	87
6852	FDC2	8001	29
6852	FDA9	8000	86
6852	FDB1	8001	18
6852	FDBA	8000	87
6852	FDC2	8001	19
6852	F9B3	8000	80
6852	F9B9	8001	FC
6852	F9BE	8000	81
6852	F9C4	8001	E2
6852	F9C9	8000	82
6852	F9CF	8001	A2
6852	F9D4	8000	83
6852	F9DA	8001	01
6852	F9DF	8000	84
6852	F9E5	8001	02
6852	F9EA	8000	85
6852	F9F0	8001	0A
6852	F8DB	8000	87
6852	F9B3	8000	80
6852	F9B9	8001	FC
6852	F9BE	8000	81
6852	F9C4	8001	0A
6852	F9C9	8000	82
6852	F9CF	8001	FC
6852	F9D4	8000	83
6852	F9DA	8001	FD
6852	F9DF	8000	84
6852	F9E5	8001	02
6852	F9EA	8000	85
6852	F9F0	8001	0A
6852	F8DB	8000	87
6853	FA23	8000	80
6853	FA29	8001	FC
6853	FA2E	8000	81
6853	FA34	8001	E2
6853	FA39	8000	82
6853	FA3F	8001	A2
6853	FA44	8000	83
6853	FA4A	8001	35
6853	FA4F	8000	84
6853	FA55	8001	B7
6853	FA5A	8000	85
6853	FA60	8001	BD
6853	FADD	8000	86
6853	FAE2	8001	18
6853	FAE9	8000	87
6853	FAEE	8001	19
6853	FAF8	8000	86
6853	FAFE	8001	18
6853	FB05	8000	87
6853	FB0B	8001	19
6853	FDA9	8000	86
6853	FDB1	8001	06
6853	FDBA	8000	87
6853	FDC2	8001	07
6853	FDA9	8000	86
6853	FDB1	8001	20
6853	FDBA	8000	87
6853	FDC2	8001	21
6853	FC3F	8000	86
6853	FC48	8001	06
6853	FC4F	8000	87
6853	FC58	8001	07
6853	FDA9	8000	86
6853	FDB1	8001	28
6853	FDBA	8000	87
6853	FDC2	8001	29
6853	FDA9	8000	86
6853	FDB1	8001	28
6853	FDBA	8000	87
6853	FDC2	8001	29
6853	FDA9	8000	86
6853	FDB1	8001	18
6853	FDBA	8000	87
6853	FDC2	8001	19
6853	F9B3	8000	80
6853	F9B9	8001	FC
6853	F9BE	8000	81
6853	F9C4	8001	E2
6853	F9C9	8000	82
6853	F9CF	8001	A2
6853	F9D4	8000	83
6853	F9DA	8001	01
6853	F9DF	8000	84
6853	F9E5	8001	02
6853	F9EA	8000	85
6853	F9F0	8001	0A
6853	F8DB	8000	87
6853	F9B3	8000	80
6853	F9B9	8001	FC
6853	F9BE	8000	81
6853	F9C4	8001	0A
6853	F9C9	8000	82
6853	F9CF	8001	FC
6853	F9D4	8000	83
6853	F9DA	8001	FD
6853	F9DF	8000	84
6853	F9E5	8001	02
6853	F9EA	8000	85
6853	F9F0	8001	0A
6853	F8DB	8000	87
6854	FA23	8000	80
6854	FA29	8001	FC
6854	FA2E	8000	81
6854	FA34	8001	E2
6854	FA39	8000	82
6854	FA3F	8001	A2
6854	FA44	8000	83
6854	FA4A	8001	35
6854	FA4F	8000	84
6854	FA55	8001	B7
6854	FA5A	8000	85
6854	FA60	8001	BD
6854	FADD	8000	86
6854	FAE2	8001	18
6854	FAE9	8000	87
6854	FAEE	8001	19
6854	BF0A	8000	86
6854	C8E1	8001	00
6854	C8E6	8000	87
6854	C8EB	8001	01
6854	C900	8000	86
6854	C905	8001	18
6854	C90A	8000	87
6854	C90F	8001	19
6854	BF0A	8000	86
6854	C8E1	8001	00
6854	C8E6	8000	87
6854	C8EB	8001	01
6854	C900	8000	86
6854	C905	8001	18
6854	C90A	8000	87
6854	C90F	8001	19
6854	FAF8	8000	86
6854	FAFE	8001	18
6854	FB05	8000	87
6854	FB0B	8001	19
6854	FDA9	8000	86
6854	FDB1	8001	06
6854	FDBA	8000	87
6854	FDC2	8001	07
6854	FDA9	8000	86
6854	FDB1	8001	20
6854	FDBA	8000	87
6854	FDC2	8001	21
6854	FC3F	8000	86
6854	FC48	8001	06
6854	FC4F	8000	87
6854	FC58	8001	07
6854	FDA9	8000	86
6854	FDB1	8001	28
6854	FDBA	8000	87
6854	FDC2	8001	29
6854	FDA9	8000	86
6854	FDB1	8001	28
6854	FDBA	8000	87
6854	FDC2	8001	29
6854	FDA9	8000	86
6854	FDB1	8001	18
6854	FDBA	8000	87
6854	FDC2	8001	19
6854	F9B3	8000	80
6854	F9B9	8001	FC
6854	F9BE	8000	81
6854	F9C4	8001	E2
6854	F9C9	8000	82
6854	F9CF	8001	A2
6854	F9D4	8000	83
6854	F9DA	8001	01
6854	F9DF	8000	84
6854	F9E5	8001	02
6854	F9EA	8000	85
6854	F9F0	8001	0A
6854	F8DB	8000	87
6854	F9B3	8000	80
6854	F9B9	8001	FC
6854	F9BE	8000	81
6854	F9C4	8001	0A
6854	F9C9	8000	82
6854	F9CF	8001	FC
6854	F9D4	8000	83
6854	F9DA	8001	FD
6854	F9DF	8000	84
6854	F9E5	8001	02
6854	F9EA	8000	85
6854	F9F0	8001	0A
6854	F8DB	8000	87
6855	FA23	8000	80
6855	FA29	8001	FC
6855	FA2E	8000	81
6855	FA34	8001	E2
6855	FA39	8000	82
6855	FA3F	8001	A2
6855	FA44	8000	83
6855	FA4A	8001	35
6855	FA4F	8000	84
6855	FA55	8001	B7
6855	FA5A	8000	85
6855	FA60	8001	BD
6855	FADD	8000	86
6855	FAE2	8001	18
6855	FAE9	8000	87
6855	FAEE	8001	19
6855	FAF8	8000	86
6855	FAFE	8001	18
6855	FB05	8000	87
6855	FB0B	8001	19
6855	FDA9	8000	86
6855	FDB1	8001	06
6855	FDBA	8000	87
6855	FDC2	8001	07
6855	FDA9	8000	86
6855	FDB1	8001	20
6855	FDBA	8000	87
6855	FDC2	8001	21
6855	FC3F	8000	86
6855	FC48	8001	06
6855	FC4F	8000	87
6855	FC58	8001	07
6855	FDA9	8000	86
6855	FDB1	8001	28
6855	FDBA	8000	87
6855	FDC2	8001	29
6855	FDA9	8000	86
6855	FDB1	8001	28
6855	FDBA	8000	87
6855	FDC2	8001	29
6855	FDA9	8000	86
6855	FDB1	8001	18
6855	FDBA	8000	87
6855	FDC2	8001	19
6855	F9B3	8000	80
6855	F9B9	8001	FC
6855	F9BE	8000	81
6855	F9C4	8001	E2
6855	F9C9	8000	82
6855	F9CF	8001	A2
6855	F9D4	8000	83
6855	F9DA	8001	01
6855	F9DF	8000	84
6855	F9E5	8001	02
6855	F9EA	8000	85
6855	F9F0	8001	0A
6855	F8DB	8000	87
6855	F9B3	8000	80
6855	F9B9	8001	FC
6855	F9BE	8000	81
6855	F9C4	8001	0A
6855	F9C9	8000	82
6855	F9CF	8001	FC
6855	F9D4	8000	83
6855	F9DA	8001	FD
6855	F9DF	8000	84
6855	F9E5	8001	02
6855	F9EA	8000	85
6855	F9F0	8001	0A
6855	F8DB	8000	87
6856	FA23	8000	80
6856	FA29	8001	FC
6856	FA2E	8000	81
6856	FA34	8001	E2
6856	FA39	8000	82
6856	FA3F	8001	A2
6856	FA44	8000	83
6856	FA4A	8001	35
6856	FA4F	8000	84
6856	FA55	8001	B7
6856	FA5A	8000	85
6856	FA60	8001	BD
6856	FADD	8000	86
6856	FAE2	8001	18
6856	FAE9	8000	87
6856	FAEE	8001	19
6856	FAF8	8000	86
6856	FAFE	8001	18
6856	FB05	8000	87
6856	FB0B	8001	19
6856	FDA9	8000	86
6856	FDB1	8001	06
6856	FDBA	8000	87
6856	FDC2	8001	07
6856	FDA9	8000	86
6856	FDB1	8001	20
6856	FDBA	8000	87
6856	FDC2	8001	21
6856	FC3F	8000	86
6856	FC48	8001	06
6856	FC4F	8000	87
6856	FC58	8001	07
6856	FDA9	8000	86
6856	FDB1	8001	28
6856	FDBA	8000	87
6856	FDC2	8001	29
6856	FDA9	8000	86
6856	FDB1	8001	28
6856	FDBA	8000	87
6856	FDC2	8001	29
6856	FDA9	8000	86
6856	FDB1	8001	18
6856	FDBA	8000	87
6856	FDC2	8001	19
6856	F9B3	8000	80
6856	F9B9	8001	FC
6856	F9BE	8000	81
6856	F9C4	8001	E2
6856	F9C9	8000	82
6856	F9CF	8001	A2
6856	F9D4	8000	83
6856	F9DA	8001	01
6856	F9DF	8000	84
6856	F9E5	8001	02
6856	F9EA	8000	85
6856	F9F0	8001	0A
6856	F8DB	8000	87
6856	F9B3	8000	80
6856	F9B9	8001	FC
6856	F9BE	8000	81
6856	F9C4	8001	0A
6856	F9C9	8000	82
6856	F9CF	8001	FC
6856	F9D4	8000	83
6856	F9DA	8001	FD
6856	F9DF	8000	84
6856	F9E5	8001	02
6856	F9EA	8000	85
6856	F9F0	8001	0A
6856	F8DB	8000	87
6857	FA23	8000	80
6857	FA29	8001	FC
6857	FA2E	8000	81
6857	FA34	8001	E2
6857	FA39	8000	82
6857	FA3F	8001	A2
6857	FA44	8000	83
6857	FA4A	8001	35
6857	FA4F	8000	84
6857	FA55	8001	B7
6857	FA5A	8000	85
6857	FA60	8001	BD
6857	FADD	8000	86
6857	FAE2	8001	18
6857	FAE9	8000	87
6857	FAEE	8001	19
6857	FAF8	8000	86
6857	FAFE	8001	18
6857	FB05	8000	87
6857	FB0B	8001	19
6857	FDA9	8000	86
6857	FDB1	8001	06
6857	FDBA	8000	87
6857	FDC2	8001	07
6857	FDA9	8000	86
6857	FDB1	8001	20
6857	FDBA	8000	87
6857	FDC2	8001	21
6857	FC3F	8000	86
6857	FC48	8001	06
6857	FC4F	8000	87
6857	FC58	8001	07
6857	FDA9	8000	86
6857	FDB1	8001	28
6857	FDBA	8000	87
6857	FDC2	8001	29
6857	FDA9	8000	86
6857	FDB1	8001	28
6857	FDBA	8000	87
6857	FDC2	8001	29
6857	FDA9	8000	86
6857	FDB1	8001	18
6857	FDBA	8000	87
6857	FDC2	8001	19
6857	F9B3	8000	80
6857	F9B9	8001	FC
6857	F9BE	8000	81
6857	F9C4	8001	E2
6857	F9C9	8000	82
6857	F9CF	8001	A2
6857	F9D4	8000	83
6857	F9DA	8001	01
6857	F9DF	8000	84
6857	F9E5	8001	02
6857	F9EA	8000	85
6857	F9F0	8001	0A
6857	F8DB	8000	87
6857	F9B3	8000	80
6857	F9B9	8001	FC
6857	F9BE	8000	81
6857	F9C4	8001	0A
6857	F9C9	8000	82
6857	F9CF	8001	FC
6857	F9D4	8000	83
6857	F9DA	8001	FD
6857	F9DF	8000	84
6857	F9E5	8001	02
6857	F9EA	8000	85
6857	F9F0	8001	0A
6857	F8DB	8000	87
6858	FA23	8000	80
6858	FA29	8001	FC
6858	FA2E	8000	81
6858	FA34	8001	E2
6858	FA39	8000	82
6858	FA3F	8001	A2
6858	FA44	8000	83
6858	FA4A	8001	35
6858	FA4F	8000	84
6858	FA55	8001	B7
6858	FA5A	8000	85
6858	FA60	8001	BD
6858	FADD	8000	86
6858	FAE2	8001	18
6858	FAE9	8000	87
6858	FAEE	8001	19
6858	FAF8	8000	86
6858	FAFE	8001	18
6858	FB05	8000	87
6858	FB0B	8001	19
6858	FDA9	8000	86
6858	FDB1	8001	06
6858	FDBA	8000	87
6858	FDC2	8001	07
6858	FDA9	8000	86
6858	FDB1	8001	20
6858	FDBA	8000	87
6858	FDC2	8001	21
6858	FC3F	8000	86
6858	FC48	8001	06
6858	FC4F	8000	87
6858	FC58	8001	07
6858	FDA9	8000	86
6858	FDB1	8001	1C
6858	FDBA	8000	87
6858	FDC2	8001	1D
6858	FDA9	8000	86
6858	FDB1	8001	06
6858	FDBA	8000	87
6858	FDC2	8001	07
6858	FDA9	8000	86
6858	FDB1	8001	3C
6858	FDBA	8000	87
6858	FDC2	8001	3D
6858	FC3F	8000	86
6858	FC48	8001	06
6858	FC4F	8000	87
6858	FC58	8001	07
6858	FDA9	8000	86
6858	FDB1	8001	04
6858	FDBA	8000	87
6858	FDC2	8001	05
6858	FDA9	8000	86
6858	FDB1	8001	04
6858	FDBA	8000	87
6858	FDC2	8001	05
6858	FD35	8000	86
6858	FD3E	8001	06
6858	FD45	8000	87
6858	FD4E	8001	07
6858	FDA9	8000	86
6858	FDB1	8001	1C
6858	FDBA	8000	87
6858	FDC2	8001	1D
6858	FDA9	8000	86
6858	FDB1	8001	1C
6858	FDBA	8000	87
6858	FDC2	8001	1D
6858	FD35	8000	86
6858	FD3E	8001	06
6858	FD45	8000	87
6858	FD4E	8001	07
6858	FDA9	8000	86
6858	FDB1	8001	06
6858	FDBA	8000	87
6858	FDC2	8001	07
6858	FDA9	8000	86
6858	FDB1	8001	3C
6858	FDBA	8000	87
6858	FDC2	8001	3D
6858	FC3F	8000	86
6858	FC48	8001	06
6858	FC4F	8000	87
6858	FC58	8001	07
6858	F9B3	8000	80
6858	F9B9	8001	FC
6858	F9BE	8000	81
6858	F9C4	8001	E2
6858	F9C9	8000	82
6858	F9CF	8001	A2
6858	F9D4	8000	83
6858	F9DA	8001	01
6858	F9DF	8000	84
6858	F9E5	8001	02
6858	F9EA	8000	85
6858	F9F0	8001	0A
6858	F8DB	8000	87
6858	F9B3	8000	80
6858	F9B9	8001	FC
6858	F9BE	8000	81
6858	F9C4	8001	0A
6858	F9C9	8000	82
6858	F9CF	8001	FC
6858	F9D4	8000	83
6858	F9DA	8001	FD
6858	F9DF	8000	84
6858	F9E5	8001	02
6858	F9EA	8000	85
6858	F9F0	8001	0A
6858	F8DB	8000	87
6858	FDA9	8000	86
6858	FDB1	8001	3C
6858	FDBA	8000	87
6858	FDC2	8001	3D
6858	FC3F	8000	86
6858	FC48	8001	06
6858	FC4F	8000	87
6858	FC58	8001	07
6858	FDA9	8000	86
6858	FDB1	8001	28
6858	FDBA	8000	87
6858	FDC2	8001	29
6858	FDA9	8000	86
6858	FDB1	8001	28
6858	FDBA	8000	87
6858	FDC2	8001	29
6858	FDA9	8000	86
6858	FDB1	8001	18
6858	FDBA	8000	87
6858	FDC2	8001	19
6859	FA23	8000	80
6859	FA29	8001	FC
6859	FA2E	8000	81
6859	FA34	8001	E2
6859	FA39	8000	82
6859	FA3F	8001	A2
6859	FA44	8000	83
6859	FA4A	8001	35
6859	FA4F	8000	84
6859	FA55	8001	B7
6859	FA5A	8000	85
6859	FA60	8001	BD
6859	FADD	8000	86
6859	FAE2	8001	18
6859	FAE9	8000	87
6859	FAEE	8001	19
6859	FAF8	8000	86
6859	FAFE	8001	18
6859	FB05	8000	87
6859	FB0B	8001	19
6859	FDA9	8000	86
6859	FDB1	8001	06
6859	FDBA	8000	87
6859	FDC2	8001	07
6859	FDA9	8000	86
6859	FDB1	8001	3C
6859	FDBA	8000	87
6859	FDC2	8001	3D
6859	F9B3	8000	80
6859	F9B9	8001	FC
6859	F9BE	8000	81
6859	F9C4	8001	14
6859	F9C9	8000	82
6859	F9CF	8001	A2
6859	F9D4	8000	83
6859	F9DA	8001	01
6859	F9DF	8000	84
6859	F9E5	8001	02
6859	F9EA	8000	85
6859	F9F0	8001	14
6859	F8DB	8000	87
6859	F9B3	8000	80
6859	F9B9	8001	FC
6859	F9BE	8000	81
6859	F9C4	8001	14
6859	F9C9	8000	82
6859	F9CF	8001	FC
6859	F9D4	8000	83
6859	F9DA	8001	FD
6859	F9DF	8000	84
6859	F9E5	8001	02
6859	F9EA	8000	85
6859	F9F0	8001	14
6859	F8DB	8000	87
6859	FC3F	8000	86
6859	FC48	8001	06
6859	FC4F	8000	87
6859	FC58	8001	07
6859	FDA9	8000	86
6859	FDB1	8001	28
6859	FDBA	8000	87
6859	FDC2	8001	29
6859	FDA9	8000	86
6859	FDB1	8001	28
6859	FDBA	8000	87
6859	FDC2	8001	29
6859	FDA9	8000	86
6859	FDB1	8001	18
6859	FDBA	8000	87
6859	FDC2	8001	19
6860	FA23	8000	80
6860	FA29	8001	FC
6860	FA2E	8000	81
6860	FA34	8001	E2
6860	FA39	8000	82
6860	FA3F	8001	A2
6860	FA44	8000	83
6860	FA4A	8001	35
6860	FA4F	8000	84
6860	FA55	8001	B7
6860	FA5A	8000	85
6860	FA60	8001	BD
6860	FA83	8000	86
6860	FA88	8001	18
6860	FA8D	8000	87
6860	FA92	8001	19
6860	FA9A	8000	86
6860	FAA0	8001	18
6860	FAA5	8000	87
6860	FAAB	8001	19
6860	FAB6	8000	87
6860	F9B3	8000	80
6860	F9B9	8001	FC
6860	F9BE	8000	81
6860	F9C4	8001	14
6860	F9C9	8000	82
6860	F9CF	8001	A2
6860	F9D4	8000	83
6860	F9DA	8001	01
6860	F9DF	8000	84
6860	F9E5	8001	02
6860	F9EA	8000	85
6860	F9F0	8001	14
6860	F8DB	8000	87
6860	F9B3	8000	80
6860	F9B9	8001	FC
6860	F9BE	8000	81
6860	F9C4	8001	14
6860	F9C9	8000	82
6860	F9CF	8001	FC
6860	F9D4	8000	83
6860	F9DA	8001	FD
6860	F9DF	8000	84
6860	F9E5	8001	02
6860	F9EA	8000	85
6860	F9F0	8001	14
6860	F8DB	8000	87
6861	FA23	8000	80
6861	FA29	8001	FC
6861	FA2E	8000	81
6861	FA34	8001	E2
6861	FA39	8000	82
6861	FA3F	8001	A2
6861	FA44	8000	83
6861	FA4A	8001	35
6861	FA4F	8000	84
6861	FA55	8001	B7
6861	FA5A	8000	85
6861	FA60	8001	BD
6861	FADD	8000	86
6861	FAE2	8001	18
6861	FAE9	8000	87
6861	FAEE	8001	19
6861	FAF8	8000	86
6861	FAFE	8001	18
6861	FB05	8000	87
6861	FB0B	8001	19
6861	FDA9	8000	86
6861	FDB1	8001	06
6861	FDBA	8000	87
6861	FDC2	8001	07
6861	FDA9	8000	86
6861	FDB1	8001	3C
6861	FDBA	8000	87
6861	FDC2	8001	3D
6861	F9B3	8000	80
6861	F9B9	8001	FC
6861	F9BE	8000	81
6861	F9C4	8001	14
6861	F9C9	8000	82
6861	F9CF	8001	A2
6861	F9D4	8000	83
6861	F9DA	8001	01
6861	F9DF	8000	84
6861	F9E5	8001	02
6861	F9EA	8000	85
6861	F9F0	8001	14
6861	F8DB	8000	87
6861	F9B3	8000	80
6861	F9B9	8001	FC
6861	F9BE	8000	81
6861	F9C4	8001	14
6861	F9C9	8000	82
6861	F9CF	8001	FC
6861	F9D4	8000	83
6861	F9DA	8001	FD
6861	F9DF	8000	84
6861	F9E5	8001	02
6861	F9EA	8000	85
6861	F9F0	8001	14
6861	F8DB	8000	87
6861	FC3F	8000	86
6861	FC48	8001	06
6861	FC4F	8000	87
6861	FC58	8001	07
6861	FDA9	8000	86
6861	FDB1	8001	28
6861	FDBA	8000	87
6861	FDC2	8001	29
6861	FDA9	8000	86
6861	FDB1	8001	28
6861	FDBA	8000	87
6861	FDC2	8001	29
6861	FDA9	8000	86
6861	FDB1	8001	18
6861	FDBA	8000	87
6861	FDC2	8001	19
6862	FA23	8000	80
6862	FA29	8001	FC
6862	FA2E	8000	81
6862	FA34	8001	E2
6862	FA39	8000	82
6862	FA3F	8001	A2
6862	FA44	8000	83
6862	FA4A	8001	35
6862	FA4F	8000	84
6862	FA55	8001	B7
6862	FA5A	8000	85
6862	FA60	8001	BD
6862	FA83	8000	86
6862	FA88	8001	18
6862	FA8D	8000	87
6862	FA92	8001	19
6862	FA9A	8000	86
6862	FAA0	8001	18
6862	FAA5	8000	87
6862	FAAB	8001	19
6862	FAB6	8000	87
6862	F9B3	8000	80
6862	F9B9	8001	FC
6862	F9BE	8000	81
6862	F9C4	8001	14
6862	F9C9	8000	82
6862	F9CF	8001	A2
6862	F9D4	8000	83
6862	F9DA	8001	01
6862	F9DF	8000	84
6862	F9E5	8001	02
6862	F9EA	8000	85
6862	F9F0	8001	14
6862	F8DB	8000	87
6862	F9B3	8000	80
6862	F9B9	8001	FC
6862	F9BE	8000	81
6862	F9C4	8001	14
6862	F9C9	8000	82
6862	F9CF	8001	FC
6862	F9D4	8000	83
6862	F9DA	8001	FD
6862	F9DF	8000	84
6862	F9E5	8001	02
6862	F9EA	8000	85
6862	F9F0	8001	14
6862	F8DB	8000	87
6863	FA23	8000	80
6863	FA29	8001	FC
6863	FA2E	8000	81
6863	FA34	8001	E2
6863	FA39	8000	82
6863	FA3F	8001	A2
6863	FA44	8000	83
6863	FA4A	8001	35
6863	FA4F	8000	84
6863	FA55	8001	B7
6863	FA5A	8000	85
6863	FA60	8001	BD
6863	FADD	8000	86
6863	FAE2	8001	18
6863	FAE9	8000	87
6863	FAEE	8001	19
6863	FAF8	8000	86
6863	FAFE	8001	18
6863	FB05	8000	87
6863	FB0B	8001	19
6863	FDA9	8000	86
6863	FDB1	8001	06
6863	FDBA	8000	87
6863	FDC2	8001	07
6863	FDA9	8000	86
6863	FDB1	8001	3C
6863	FDBA	8000	87
6863	FDC2	8001	3D
6863	F9B3	8000	80
6863	F9B9	8001	FC
6863	F9BE	8000	81
6863	F9C4	8001	14
6863	F9C9	8000	82
6863	F9CF	8001	A2
6863	F9D4	8000	83
6863	F9DA	8001	01
6863	F9DF	8000	84
6863	F9E5	8001	02
6863	F9EA	8000	85
6863	F9F0	8001	14
6863	F8DB	8000	87
6863	F9B3	8000	80
6863	F9B9	8001	FC
6863	F9BE	8000	81
6863	F9C4	8001	14
6863	F9C9	8000	82
6863	F9CF	8001	FC
6863	F9D4	8000	83
6863	F9DA	8001	FD
6863	F9DF	8000	84
6863	F9E5	8001	02
6863	F9EA	8000	85
6863	F9F0	8001	14
6863	F8DB	8000	87
6863	FC3F	8000	86
6863	FC48	8001	06
6863	FC4F	8000	87
6863	FC58	8001	07
6863	FDA9	8000	86
6863	FDB1	8001	28
6863	FDBA	8000	87
6863	FDC2	8001	29
6863	FDA9	8000	86
6863	FDB1	8001	28
6863	FDBA	8000	87
6863	FDC2	8001	29
6863	FDA9	8000	86
6863	FDB1	8001	18
6863	FDBA	8000	87
6863	FDC2	8001	19
6864	FA23	8000	80
6864	FA29	8001	FC
6864	FA2E	8000	81
6864	FA34	8001	E2
6864	FA39	8000	82
6864	FA3F	8001	A2
6864	FA44	8000	83
6864	FA4A	8001	35
6864	FA4F	8000	84
6864	FA55	8001	B7
6864	FA5A	8000	85
6864	FA60	8001	BD
6864	FA83	8000	86
6864	FA88	8001	18
6864	FA8D	8000	87
6864	FA92	8001	19
6864	BF0A	8000	86
6864	C8E1	8001	00
6864	C8E6	8000	87
6864	C8EB	8001	01
6864	C900	8000	86
6864	C905	8001	18
6864	C90A	8000	87
6864	C90F	8001	19
6864	BF0A	8000	86
6864	C8E1	8001	00
6864	C8E6	8000	87
6864	C8EB	8001	01
6864	C900	8000	86
6864	C905	8001	18
6864	C90A	8000	87
6864	C90F	8001	19
6864	BF0A	8000	86
6864	C8E1	8001	00
6864	C8E6	8000	87
6864	C8EB	8001	01
6864	C900	8000	86
6864	C905	8001	18
6864	C90A	8000	87
6864	C90F	8001	19
6864	BF0A	8000	86
6864	C8E1	8001	00
6864	C8E6	8000	87
6864	C8EB	8001	01
6864	C900	8000	86
6864	C905	8001	18
6864	C90A	8000	87
6864	C90F	8001	19
6864	BF0A	8000	86
6864	C8E1	8001	00
6864	C8E6	8000	87
6864	C8EB	8001	01
6864	C900	8000	86
6864	C905	8001	18
6864	C90A	8000	87
6864	C90F	8001	19
6864	BF0A	8000	86
6864	C8E1	8001	00
6864	C8E6	8000	87
6864	C8EB	8001	01
6864	C900	8000	86
6864	C905	8001	18
6864	C90A	8000	87
6864	C90F	8001	19
6864	BF0A	8000	86
6864	C8E1	8001	00
6864	C8E6	8000	87
6864	C8EB	8001	01
6864	C900	8000	86
6864	C905	8001	18
6864	C90A	8000	87
6864	C90F	8001	19
6864	FA9A	8000	86
6864	FAA0	8001	18
6864	FAA5	8000	87
6864	FAAB	8001	19
6864	FAB6	8000	87
6864	F9B3	8000	80
6864	F9B9	8001	FC
6864	F9BE	8000	81
6864	F9C4	8001	14
6864	F9C9	8000	82
6864	F9CF	8001	A2
6864	F9D4	8000	83
6864	F9DA	8001	01
6864	F9DF	8000	84
6864	F9E5	8001	02
6864	F9EA	8000	85
6864	F9F0	8001	14
6864	F8DB	8000	87
6864	F9B3	8000	80
6864	F9B9	8001	FC
6864	F9BE	8000	81
6864	F9C4	8001	14
6864	F9C9	8000	82
6864	F9CF	8001	FC
6864	F9D4	8000	83
6864	F9DA	8001	FD
6864	F9DF	8000	84
6864	F9E5	8001	02
6864	F9EA	8000	85
6864	F9F0	8001	14
6864	F8DB	8000	87
6865	FA23	8000	80
6865	FA29	8001	FC
6865	FA2E	8000	81
6865	FA34	8001	E2
6865	FA39	8000	82
6865	FA3F	8001	A2
6865	FA44	8000	83
6865	FA4A	8001	35
6865	FA4F	8000	84
6865	FA55	8001	B7
6865	FA5A	8000	85
6865	FA60	8001	BD
6865	FADD	8000	86
6865	FAE2	8001	18
6865	FAE9	8000	87
6865	FAEE	8001	19
6865	FAF8	8000	86
6865	FAFE	8001	18
6865	FB05	8000	87
6865	FB0B	8001	19
6865	FDA9	8000	86
6865	FDB1	8001	06
6865	FDBA	8000	87
6865	FDC2	8001	07
6865	FDA9	8000	86
6865	FDB1	8001	3C
6865	FDBA	8000	87
6865	FDC2	8001	3D
6865	FC3F	8000	86
6865	FC48	8001	06
6865	FC4F	8000	87
6865	FC58	8001	07
6865	FDA9	8000	86
6865	FDB1	8001	28
6865	FDBA	8000	87
6865	FDC2	8001	29
6865	FDA9	8000	86
6865	FDB1	8001	28
6865	FDBA	8000	87
6865	FDC2	8001	29
6865	FDA9	8000	86
6865	FDB1	8001	18
6865	FDBA	8000	87
6865	FDC2	8001	19
6865	F9B3	8000	80
6865	F9B9	8001	FC
6865	F9BE	8000	81
6865	F9C4	8001	14
6865	F9C9	8000	82
6865	F9CF	8001	A2
6865	F9D4	8000	83
6865	F9DA	8001	01
6865	F9DF	8000	84
6865	F9E5	8001	02
6865	F9EA	8000	85
6865	F9F0	8001	14
6865	F8DB	8000	87
6865	F9B3	8000	80
6865	F9B9	8001	FC
6865	F9BE	8000	81
6865	F9C4	8001	14
6865	F9C9	8000	82
6865	F9CF	8001	FC
6865	F9D4	8000	83
6865	F9DA	8001	FD
6865	F9DF	8000	84
6865	F9E5	8001	02
6865	F9EA	8000	85
6865	F9F0	8001	14
6865	F8DB	8000	87
6866	FA23	8000	80
6866	FA29	8001	FC
6866	FA2E	8000	81
6866	FA34	8001	E2
6866	FA39	8000	82
6866	FA3F	8001	A2
6866	FA44	8000	83
6866	FA4A	8001	35
6866	FA4F	8000	84
6866	FA55	8001	B7
6866	FA5A	8000	85
6866	FA60	8001	BD
6866	FADD	8000	86
6866	FAE2	8001	18
6866	FAE9	8000	87
6866	FAEE	8001	19
6866	FAF8	8000	86
6866	FAFE	8001	18
6866	FB05	8000	87
6866	FB0B	8001	19
6866	FDA9	8000	86
6866	FDB1	8001	06
6866	FDBA	8000	87
6866	FDC2	8001	07
6866	FDA9	8000	86
6866	FDB1	8001	1C
6866	FDBA	8000	87
6866	FDC2	8001	1D
6866	FDA9	8000	86
6866	FDB1	8001	06
6866	FDBA	8000	87
6866	FDC2	8001	07
6866	FDA9	8000	86
6866	FDB1	8001	04
6866	FDBA	8000	87
6866	FDC2	8001	05
6866	FDA9	8000	86
6866	FDB1	8001	24
6866	FDBA	8000	87
6866	FDC2	8001	25
6866	FDA9	8000	86
6866	FDB1	8001	24
6866	FDBA	8000	87
6866	FDC2	8001	25
6866	FDA9	8000	86
6866	FDB1	8001	04
6866	FDBA	8000	87
6866	FDC2	8001	05
6866	FD35	8000	86
6866	FD3E	8001	06
6866	FD45	8000	87
6866	FD4E	8001	07
6866	FDA9	8000	86
6866	FDB1	8001	24
6866	FDBA	8000	87
6866	FDC2	8001	25
6866	FC3F	8000	86
6866	FC48	8001	06
6866	FC4F	8000	87
6866	FC58	8001	07
6866	FDA9	8000	86
6866	FDB1	8001	24
6866	FDBA	8000	87
6866	FDC2	8001	25
6866	FC3F	8000	86
6866	FC48	8001	06
6866	FC4F	8000	87
6866	FC58	8001	07
6866	FDA9	8000	86
6866	FDB1	8001	2A
6866	FDBA	8000	87
6866	FDC2	8001	2B
6866	FC3F	8000	86
6866	FC48	8001	06
6866	FC4F	8000	87
6866	FC58	8001	07
6866	FDA9	8000	86
6866	FDB1	8001	1C
6866	FDBA	8000	87
6866	FDC2	8001	1D
6866	FDA9	8000	86
6866	FDB1	8001	06
6866	FDBA	8000	87
6866	FDC2	8001	07
6866	FDA9	8000	86
6866	FDB1	8001	3C
6866	FDBA	8000	87
6866	FDC2	8001	3D
6866	FC3F	8000	86
6866	FC48	8001	06
6866	FC4F	8000	87
6866	FC58	8001	07
6866	FDA9	8000	86
6866	FDB1	8001	18
6866	FDBA	8000	87
6866	FDC2	8001	19
6866	FDA9	8000	86
6866	FDB1	8001	28
6866	FDBA	8000	87
6866	FDC2	8001	29
6866	F9B3	8000	80
6866	F9B9	8001	FC
6866	F9BE	8000	81
6866	F9C4	8001	14
6866	F9C9	8000	82
6866	F9CF	8001	A2
6866	F9D4	8000	83
6866	F9DA	8001	01
6866	F9DF	8000	84
6866	F9E5	8001	02
6866	F9EA	8000	85
6866	F9F0	8001	14
6866	F8DB	8000	87
6866	F9B3	8000	80
6866	F9B9	8001	FC
6866	F9BE	8000	81
6866	F9C4	8001	14
6866	F9C9	8000	82
6866	F9CF	8001	FC
6866	F9D4	8000	83
6866	F9DA	8001	FD
6866	F9DF	8000	84
6866	F9E5	8001	02
6866	F9EA	8000	85
6866	F9F0	8001	14
6866	F8DB	8000	87
6866	FDA9	8000	86
6866	FDB1	8001	28
6866	FDBA	8000	87
6866	FDC2	8001	29
6867	FA23	8000	80
6867	FA29	8001	FC
6867	FA2E	8000	81
6867	FA34	8001	E2
6867	FA39	8000	82
6867	FA3F	8001	A2
6867	FA44	8000	83
6867	FA4A	8001	35
6867	FA4F	8000	84
6867	FA55	8001	B7
6867	FA5A	8000	85
6867	FA60	8001	BD
6867	FADD	8000	86
6867	FAE2	8001	18
6867	FAE9	8000	87
6867	FAEE	8001	19
6867	FAF8	8000	86
6867	FAFE	8001	28
6867	FB05	8000	87
6867	FB0B	8001	29
6867	FDA9	8000	86
6867	FDB1	8001	06
6867	FDBA	8000	87
6867	FDC2	8001	07
6867	FDA9	8000	86
6867	FDB1	8001	3C
6867	FDBA	8000	87
6867	FDC2	8001	3D
6867	F9B3	8000	80
6867	F9B9	8001	FC
6867	F9BE	8000	81
6867	F9C4	8001	14
6867	F9C9	8000	82
6867	F9CF	8001	A2
6867	F9D4	8000	83
6867	F9DA	8001	01
6867	F9DF	8000	84
6867	F9E5	8001	02
6867	F9EA	8000	85
6867	F9F0	8001	14
6867	F8DB	8000	87
6867	F9B3	8000	80
6867	F9B9	8001	FC
6867	F9BE	8000	81
6867	F9C4	8001	14
6867	F9C9	8000	82
6867	F9CF	8001	00
6867	F9D4	8000	83
6867	F9DA	8001	01
6867	F9DF	8000	84
6867	F9E5	8001	02
6867	F9EA	8000	85
6867	F9F0	8001	14
6867	F8DB	8000	87
6867	FC3F	8000	86
6867	FC48	8001	06
6867	FC4F	8000	87
6867	FC58	8001	07
6867	FDA9	8000	86
6867	FDB1	8001	18
6867	FDBA	8000	87
6867	FDC2	8001	19
6867	FDA9	8000	86
6867	FDB1	8001	28
6867	FDBA	8000	87
6867	FDC2	8001	29
6867	FDA9	8000	86
6867	FDB1	8001	28
6867	FDBA	8000	87
6867	FDC2	8001	29
6868	FA23	8000	80
6868	FA29	8001	FC
6868	FA2E	8000	81
6868	FA34	8001	E2
6868	FA39	8000	82
6868	FA3F	8001	A2
6868	FA44	8000	83
6868	FA4A	8001	35
6868	FA4F	8000	84
6868	FA55	8001	B7
6868	FA5A	8000	85
6868	FA60	8001	BD
6868	FA83	8000	86
6868	FA88	8001	18
6868	FA8D	8000	87
6868	FA92	8001	19
6868	FA9A	8000	86
6868	FAA0	8001	28
6868	FAA5	8000	87
6868	FAAB	8001	29
6868	FAB6	8000	87
6868	F9B3	8000	80
6868	F9B9	8001	FC
6868	F9BE	8000	81
6868	F9C4	8001	14
6868	F9C9	8000	82
6868	F9CF	8001	A2
6868	F9D4	8000	83
6868	F9DA	8001	01
6868	F9DF	8000	84
6868	F9E5	8001	02
6868	F9EA	8000	85
6868	F9F0	8001	14
6868	F8DB	8000	87
6868	F9B3	8000	80
6868	F9B9	8001	FC
6868	F9BE	8000	81
6868	F9C4	8001	14
6868	F9C9	8000	82
6868	F9CF	8001	00
6868	F9D4	8000	83
6868	F9DA	8001	01
6868	F9DF	8000	84
6868	F9E5	8001	02
6868	F9EA	8000	85
6868	F9F0	8001	14
6868	F8DB	8000	87
6869	FA23	8000	80
6869	FA29	8001	FC
6869	FA2E	8000	81
6869	FA34	8001	E2
6869	FA39	8000	82
6869	FA3F	8001	A2
6869	FA44	8000	83
6869	FA4A	8001	35
6869	FA4F	8000	84
6869	FA55	8001	B7
6869	FA5A	8000	85
6869	FA60	8001	BD
6869	FADD	8000	86
6869	FAE2	8001	18
6869	FAE9	8000	87
6869	FAEE	8001	19
6869	FAF8	8000	86
6869	FAFE	8001	28
6869	FB05	8000	87
6869	FB0B	8001	29
6869	FDA9	8000	86
6869	FDB1	8001	06
6869	FDBA	8000	87
6869	FDC2	8001	07
6869	FDA9	8000	86
6869	FDB1	8001	3C
6869	FDBA	8000	87
6869	FDC2	8001	3D
6869	FC3F	8000	86
6869	FC48	8001	06
6869	FC4F	8000	87
6869	FC58	8001	07
6869	FDA9	8000	86
6869	FDB1	8001	18
6869	FDBA	8000	87
6869	FDC2	8001	19
6869	FDA9	8000	86
6869	FDB1	8001	28
6869	FDBA	8000	87
6869	FDC2	8001	29
6869	F9B3	8000	80
6869	F9B9	8001	FC
6869	F9BE	8000	81
6869	F9C4	8001	14
6869	F9C9	8000	82
6869	F9CF	8001	A2
6869	F9D4	8000	83
6869	F9DA	8001	01
6869	F9DF	8000	84
6869	F9E5	8001	02
6869	F9EA	8000	85
6869	F9F0	8001	14
6869	F8DB	8000	87
6869	F9B3	8000	80
6869	F9B9	8001	FC
6869	F9BE	8000	81
6869	F9C4	8001	14
6869	F9C9	8000	82
6869	F9CF	8001	00
6869	F9D4	8000	83
6869	F9DA	8001	01
6869	F9DF	8000	84
6869	F9E5	8001	02
6869	F9EA	8000	85
6869	F9F0	8001	14
6869	F8DB	8000	87
6869	FDA9	8000	86
6869	FDB1	8001	28
6869	FDBA	8000	87
6869	FDC2	8001	29
6870	FE2D	8000	87
6870	FE30	8001	3C
6870	B058	8000	86
6870	B05B	8001	38
6870	B120	8000	00
6870	B123	8001	00
6870	B120	8000	00
6870	B123	8001	00
6870	FA23	8000	80
6870	FA29	8001	FC
6870	FA2E	8000	81
6870	FA34	8001	E2
6870	FA39	8000	82
6870	FA3F	8001	A2
6870	FA44	8000	83
6870	FA4A	8001	35
6870	FA4F	8000	84
6870	FA55	8001	B7
6870	FA5A	8000	85
6870	FA60	8001	BD
6870	FA83	8000	86
6870	FA88	8001	18
6870	FA8D	8000	87
6870	FA92	8001	19
6870	FA9A	8000	86
6870	FAA0	8001	28
6870	FAA5	8000	87
6870	FAAB	8001	29
6870	FAB6	8000	87
6870	F9B3	8000	80
6870	F9B9	8001	FC
6870	F9BE	8000	81
6870	F9C4	8001	14
6870	F9C9	8000	82
6870	F9CF	8001	A2
6870	F9D4	8000	83
6870	F9DA	8001	01
6870	F9DF	8000	84
6870	F9E5	8001	02
6870	F9EA	8000	85
6870	F9F0	8001	14
6870	F8DB	8000	87
6870	F9B3	8000	80
6870	F9B9	8001	FC
6870	F9BE	8000	81
6870	F9C4	8001	14
6870	F9C9	8000	82
6870	F9CF	8001	00
6870	F9D4	8000	83
6870	F9DA	8001	01
6870	F9DF	8000	84
6870	F9E5	8001	02
6870	F9EA	8000	85
6870	F9F0	8001	14
6870	F8DB	8000	87
6871	FE2D	8000	87
6871	FE30	8001	3C
6871	B058	8000	86
6871	B05B	8001	38
6871	B120	8000	00
6871	B123	8001	00
6871	B120	8000	00
6871	B123	8001	00
6871	FA23	8000	80
6871	FA29	8001	FC
6871	FA2E	8000	81
6871	FA34	8001	E2
6871	FA39	8000	82
6871	FA3F	8001	A2
6871	FA44	8000	83
6871	FA4A	8001	35
6871	FA4F	8000	84
6871	FA55	8001	B7
6871	FA5A	8000	85
6871	FA60	8001	BD
6871	FA83	8000	86
6871	FA88	8001	18
6871	FA8D	8000	87
6871	FA92	8001	19
6871	FA9A	8000	86
6871	FAA0	8001	28
6871	FAA5	8000	87
6871	FAAB	8001	29
6871	FAB6	8000	87
6871	F9B3	8000	80
6871	F9B9	8001	FC
6871	F9BE	8000	81
6871	F9C4	8001	14
6871	F9C9	8000	82
6871	F9CF	8001	A2
6871	F9D4	8000	83
6871	F9DA	8001	01
6871	F9DF	8000	84
6871	F9E5	8001	02
6871	F9EA	8000	85
6871	F9F0	8001	14
6871	F8DB	8000	87
6871	F9B3	8000	80
6871	F9B9	8001	FC
6871	F9BE	8000	81
6871	F9C4	8001	14
6871	F9C9	8000	82
6871	F9CF	8001	00
6871	F9D4	8000	83
6871	F9DA	8001	01
6871	F9DF	8000	84
6871	F9E5	8001	02
6871	F9EA	8000	85
6871	F9F0	8001	14
6871	F8DB	8000	87
6872	FE2D	8000	87
6872	FE30	8001	3C
6872	B058	8000	86
6872	B05B	8001	38
6872	B120	8000	00
6872	B123	8001	00
6872	B120	8000	00
6872	B123	8001	00
6872	FA23	8000	80
6872	FA29	8001	FC
6872	FA2E	8000	81
6872	FA34	8001	E2
6872	FA39	8000	82
6872	FA3F	8001	A2
6872	FA44	8000	83
6872	FA4A	8001	35
6872	FA4F	8000	84
6872	FA55	8001	B7
6872	FA5A	8000	85
6872	FA60	8001	BD
6872	FA83	8000	86
6872	FA88	8001	18
6872	FA8D	8000	87
6872	FA92	8001	19
6872	FA9A	8000	86
6872	FAA0	8001	28
6872	FAA5	8000	87
6872	FAAB	8001	29
6872	FAB6	8000	87
6872	F9B3	8000	80
6872	F9B9	8001	FC
6872	F9BE	8000	81
6872	F9C4	8001	14
6872	F9C9	8000	82
6872	F9CF	8001	A2
6872	F9D4	8000	83
6872	F9DA	8001	01
6872	F9DF	8000	84
6872	F9E5	8001	02
6872	F9EA	8000	85
6872	F9F0	8001	14
6872	F8DB	8000	87
6872	F9B3	8000	80
6872	F9B9	8001	FC
6872	F9BE	8000	81
6872	F9C4	8001	14
6872	F9C9	8000	82
6872	F9CF	8001	00
6872	F9D4	8000	83
6872	F9DA	8001	01
6872	F9DF	8000	84
6872	F9E5	8001	02
6872	F9EA	8000	85
6872	F9F0	8001	14
6872	F8DB	8000	87
6873	FE2D	8000	87
6873	FE30	8001	3C
6873	B058	8000	86
6873	B05B	8001	38
6873	B120	8000	00
6873	B123	8001	00
6873	B120	8000	00
6873	B123	8001	00
6873	FA23	8000	80
6873	FA29	8001	FC
6873	FA2E	8000	81
6873	FA34	8001	E2
6873	FA39	8000	82
6873	FA3F	8001	A2
6873	FA44	8000	83
6873	FA4A	8001	35
6873	FA4F	8000	84
6873	FA55	8001	B7
6873	FA5A	8000	85
6873	FA60	8001	BD
6873	FA83	8000	86
6873	FA88	8001	18
6873	FA8D	8000	87
6873	FA92	8001	19
6873	FA9A	8000	86
6873	FAA0	8001	28
6873	FAA5	8000	87
6873	FAAB	8001	29
6873	FAB6	8000	87
6873	F9B3	8000	80
6873	F9B9	8001	FC
6873	F9BE	8000	81
6873	F9C4	8001	14
6873	F9C9	8000	82
6873	F9CF	8001	A2
6873	F9D4	8000	83
6873	F9DA	8001	01
6873	F9DF	8000	84
6873	F9E5	8001	02
6873	F9EA	8000	85
6873	F9F0	8001	14
6873	F8DB	8000	87
6873	F9B3	8000	80
6873	F9B9	8001	FC
6873	F9BE	8000	81
6873	F9C4	8001	14
6873	F9C9	8000	82
6873	F9CF	8001	00
6873	F9D4	8000	83
6873	F9DA	8001	01
6873	F9DF	8000	84
6873	F9E5	8001	02
6873	F9EA	8000	85
6873	F9F0	8001	14
6873	F8DB	8000	87
6874	FE2D	8000	87
6874	FE30	8001	3C
6874	B058	8000	86
6874	B05B	8001	39
6874	B120	8000	00
6874	B123	8001	00
6874	B120	8000	00
6874	B123	8001	00
6874	FA23	8000	80
6874	FA29	8001	FC
6874	FA2E	8000	81
6874	FA34	8001	E2
6874	FA39	8000	82
6874	FA3F	8001	A2
6874	FA44	8000	83
6874	FA4A	8001	35
6874	FA4F	8000	84
6874	FA55	8001	B7
6874	FA5A	8000	85
6874	FA60	8001	BD
6874	FA83	8000	86
6874	FA88	8001	18
6874	FA8D	8000	87
6874	FA92	8001	19
6874	BF0A	8000	86
6874	C8E1	8001	00
6874	C8E6	8000	87
6874	C8EB	8001	01
6874	C900	8000	86
6874	C905	8001	18
6874	C90A	8000	87
6874	C90F	8001	19
6874	BF0A	8000	86
6874	C8E1	8001	00
6874	C8E6	8000	87
6874	C8EB	8001	01
6874	C900	8000	86
6874	C905	8001	18
6874	C90A	8000	87
6874	C90F	8001	19
6874	BF0A	8000	86
6874	C8E1	8001	00
6874	C8E6	8000	87
6874	C8EB	8001	01
6874	C900	8000	86
6874	C905	8001	18
6874	C90A	8000	87
6874	C90F	8001	19
6874	FA9A	8000	86
6874	FAA0	8001	28
6874	FAA5	8000	87
6874	FAAB	8001	29
6874	FAB6	8000	87
6874	F9B3	8000	80
6874	F9B9	8001	FC
6874	F9BE	8000	81
6874	F9C4	8001	14
6874	F9C9	8000	82
6874	F9CF	8001	A2
6874	F9D4	8000	83
6874	F9DA	8001	01
6874	F9DF	8000	84
6874	F9E5	8001	02
6874	F9EA	8000	85
6874	F9F0	8001	14
6874	F8DB	8000	87
6874	F9B3	8000	80
6874	F9B9	8001	FC
6874	F9BE	8000	81
6874	F9C4	8001	14
6874	F9C9	8000	82
6874	F9CF	8001	00
6874	F9D4	8000	83
6874	F9DA	8001	01
6874	F9DF	8000	84
6874	F9E5	8001	02
6874	F9EA	8000	85
6874	F9F0	8001	14
6874	F8DB	8000	87
6875	FE2D	8000	87
6875	FE30	8001	3C
6875	B058	8000	86
6875	B05B	8001	39
6875	B120	8000	00
6875	B123	8001	00
6875	B120	8000	00
6875	B123	8001	00
6875	FA23	8000	80
6875	FA29	8001	FC
6875	FA2E	8000	81
6875	FA34	8001	E2
6875	FA39	8000	82
6875	FA3F	8001	A2
6875	FA44	8000	83
6875	FA4A	8001	35
6875	FA4F	8000	84
6875	FA55	8001	B7
6875	FA5A	8000	85
6875	FA60	8001	BD
6875	FA83	8000	86
6875	FA88	8001	18
6875	FA8D	8000	87
6875	FA92	8001	19
6875	FA9A	8000	86
6875	FAA0	8001	28
6875	FAA5	8000	87
6875	FAAB	8001	29
6875	FAB6	8000	87
6875	F9B3	8000	80
6875	F9B9	8001	FC
6875	F9BE	8000	81
6875	F9C4	8001	14
6875	F9C9	8000	82
6875	F9CF	8001	A2
6875	F9D4	8000	83
6875	F9DA	8001	01
6875	F9DF	8000	84
6875	F9E5	8001	02
6875	F9EA	8000	85
6875	F9F0	8001	14
6875	F8DB	8000	87
6875	F9B3	8000	80
6875	F9B9	8001	FC
6875	F9BE	8000	81
6875	F9C4	8001	14
6875	F9C9	8000	82
6875	F9CF	8001	00
6875	F9D4	8000	83
6875	F9DA	8001	01
6875	F9DF	8000	84
6875	F9E5	8001	02
6875	F9EA	8000	85
6875	F9F0	8001	14
6875	F8DB	8000	87
6876	FA23	8000	80
6876	FA29	8001	FC
6876	FA2E	8000	81
6876	FA34	8001	E2
6876	FA39	8000	82
6876	FA3F	8001	A2
6876	FA44	8000	83
6876	FA4A	8001	35
6876	FA4F	8000	84
6876	FA55	8001	B7
6876	FA5A	8000	85
6876	FA60	8001	BD
6876	FADD	8000	86
6876	FAE2	8001	18
6876	FAE9	8000	87
6876	FAEE	8001	19
6876	FAF8	8000	86
6876	FAFE	8001	28
6876	FB05	8000	87
6876	FB0B	8001	29
6876	FDA9	8000	86
6876	FDB1	8001	06
6876	FDBA	8000	87
6876	FDC2	8001	07
6876	FC3F	8000	86
6876	FC48	8001	06
6876	FC4F	8000	87
6876	FC58	8001	07
6876	FDA9	8000	86
6876	FDB1	8001	18
6876	FDBA	8000	87
6876	FDC2	8001	19
6876	FDA9	8000	86
6876	FDB1	8001	28
6876	FDBA	8000	87
6876	FDC2	8001	29
6876	FDA9	8000	86
6876	FDB1	8001	28
6876	FDBA	8000	87
6876	FDC2	8001	29
6876	F9B3	8000	80
6876	F9B9	8001	FC
6876	F9BE	8000	81
6876	F9C4	8001	14
6876	F9C9	8000	82
6876	F9CF	8001	A2
6876	F9D4	8000	83
6876	F9DA	8001	01
6876	F9DF	8000	84
6876	F9E5	8001	02
6876	F9EA	8000	85
6876	F9F0	8001	14
6876	F8DB	8000	87
6876	F9B3	8000	80
6876	F9B9	8001	FC
6876	F9BE	8000	81
6876	F9C4	8001	14
6876	F9C9	8000	82
6876	F9CF	8001	00
6876	F9D4	8000	83
6876	F9DA	8001	01
6876	F9DF	8000	84
6876	F9E5	8001	02
6876	F9EA	8000	85
6876	F9F0	8001	14
6876	F8DB	8000	87
6877	FA23	8000	80
6877	FA29	8001	FC
6877	FA2E	8000	81
6877	FA34	8001	E2
6877	FA39	8000	82
6877	FA3F	8001	A2
6877	FA44	8000	83
6877	FA4A	8001	35
6877	FA4F	8000	84
6877	FA55	8001	B7
6877	FA5A	8000	85
6877	FA60	8001	BD
6877	FADD	8000	86
6877	FAE2	8001	18
6877	FAE9	8000	87
6877	FAEE	8001	19
6877	FAF8	8000	86
6877	FAFE	8001	28
6877	FB05	8000	87
6877	FB0B	8001	29
6877	FDA9	8000	86
6877	FDB1	8001	06
6877	FDBA	8000	87
6877	FDC2	8001	07
6877	FC3F	8000	86
6877	FC48	8001	06
6877	FC4F	8000	87
6877	FC58	8001	07
6877	FDA9	8000	86
6877	FDB1	8001	18
6877	FDBA	8000	87
6877	FDC2	8001	19
6877	FDA9	8000	86
6877	FDB1	8001	28
6877	FDBA	8000	87
6877	FDC2	8001	29
6877	FDA9	8000	86
6877	FDB1	8001	28
6877	FDBA	8000	87
6877	FDC2	8001	29
6877	F9B3	8000	80
6877	F9B9	8001	FC
6877	F9BE	8000	81
6877	F9C4	8001	14
6877	F9C9	8000	82
6877	F9CF	8001	A2
6877	F9D4	8000	83
6877	F9DA	8001	01
6877	F9DF	8000	84
6877	F9E5	8001	02
6877	F9EA	8000	85
6877	F9F0	8001	14
6877	F8DB	8000	87
6877	F9B3	8000	80
6877	F9B9	8001	FC
6877	F9BE	8000	81
6877	F9C4	8001	14
6877	F9C9	8000	82
6877	F9CF	8001	00
6877	F9D4	8000	83
6877	F9DA	8001	01
6877	F9DF	8000	84
6877	F9E5	8001	02
6877	F9EA	8000	85
6877	F9F0	8001	14
6877	F8DB	8000	87
6878	FA23	8000	80
6878	FA29	8001	FC
6878	FA2E	8000	81
6878	FA34	8001	E2
6878	FA39	8000	82
6878	FA3F	8001	A2
6878	FA44	8000	83
6878	FA4A	8001	35
6878	FA4F	8000	84
6878	FA55	8001	B7
6878	FA5A	8000	85
6878	FA60	8001	BD
6878	FADD	8000	86
6878	FAE2	8001	18
6878	FAE9	8000	87
6878	FAEE	8001	19
6878	FAF8	8000	86
6878	FAFE	8001	28
6878	FB05	8000	87
6878	FB0B	8001	29
6878	FDA9	8000	86
6878	FDB1	8001	06
6878	FDBA	8000	87
6878	FDC2	8001	07
6878	FC3F	8000	86
6878	FC48	8001	06
6878	FC4F	8000	87
6878	FC58	8001	07
6878	FDA9	8000	86
6878	FDB1	8001	18
6878	FDBA	8000	87
6878	FDC2	8001	19
6878	FDA9	8000	86
6878	FDB1	8001	28
6878	FDBA	8000	87
6878	FDC2	8001	29
6878	FDA9	8000	86
6878	FDB1	8001	28
6878	FDBA	8000	87
6878	FDC2	8001	29
6878	F9B3	8000	80
6878	F9B9	8001	FC
6878	F9BE	8000	81
6878	F9C4	8001	14
6878	F9C9	8000	82
6878	F9CF	8001	A2
6878	F9D4	8000	83
6878	F9DA	8001	01
6878	F9DF	8000	84
6878	F9E5	8001	02
6878	F9EA	8000	85
6878	F9F0	8001	14
6878	F8DB	8000	87
6878	F9B3	8000	80
6878	F9B9	8001	FC
6878	F9BE	8000	81
6878	F9C4	8001	14
6878	F9C9	8000	82
6878	F9CF	8001	00
6878	F9D4	8000	83
6878	F9DA	8001	01
6878	F9DF	8000	84
6878	F9E5	8001	02
6878	F9EA	8000	85
6878	F9F0	8001	14
6878	F8DB	8000	87
6879	FA23	8000	80
6879	FA29	8001	FC
6879	FA2E	8000	81
6879	FA34	8001	E2
6879	FA39	8000	82
6879	FA3F	8001	A2
6879	FA44	8000	83
6879	FA4A	8001	35
6879	FA4F	8000	84
6879	FA55	8001	B7
6879	FA5A	8000	85
6879	FA60	8001	BD
6879	FADD	8000	86
6879	FAE2	8001	18
6879	FAE9	8000	87
6879	FAEE	8001	19
6879	FAF8	8000	86
6879	FAFE	8001	28
6879	FB05	8000	87
6879	FB0B	8001	29
6879	FDA9	8000	86
6879	FDB1	8001	06
6879	FDBA	8000	87
6879	FDC2	8001	07
6879	FC3F	8000	86
6879	FC48	8001	06
6879	FC4F	8000	87
6879	FC58	8001	07
6879	FDA9	8000	86
6879	FDB1	8001	18
6879	FDBA	8000	87
6879	FDC2	8001	19
6879	FDA9	8000	86
6879	FDB1	8001	28
6879	FDBA	8000	87
6879	FDC2	8001	29
6879	FDA9	8000	86
6879	FDB1	8001	28
6879	FDBA	8000	87
6879	FDC2	8001	29
6879	F9B3	8000	80
6879	F9B9	8001	FC
6879	F9BE	8000	81
6879	F9C4	8001	14
6879	F9C9	8000	82
6879	F9CF	8001	A2
6879	F9D4	8000	83
6879	F9DA	8001	01
6879	F9DF	8000	84
6879	F9E5	8001	02
6879	F9EA	8000	85
6879	F9F0	8001	14
6879	F8DB	8000	87
6879	F9B3	8000	80
6879	F9B9	8001	FC
6879	F9BE	8000	81
6879	F9C4	8001	14
6879	F9C9	8000	82
6879	F9CF	8001	00
6879	F9D4	8000	83
6879	F9DA	8001	01
6879	F9DF	8000	84
6879	F9E5	8001	02
6879	F9EA	8000	85
6879	F9F0	8001	14
6879	F8DB	8000	87
6880	FA23	8000	80
6880	FA29	8001	FC
6880	FA2E	8000	81
6880	FA34	8001	E2
6880	FA39	8000	82
6880	FA3F	8001	A2
6880	FA44	8000	83
6880	FA4A	8001	35
6880	FA4F	8000	84
6880	FA55	8001	B7
6880	FA5A	8000	85
6880	FA60	8001	BD
6880	FADD	8000	86
6880	FAE2	8001	18
6880	FAE9	8000	87
6880	FAEE	8001	19
6880	FAF8	8000	86
6880	FAFE	8001	28
6880	FB05	8000	87
6880	FB0B	8001	29
6880	FDA9	8000	86
6880	FDB1	8001	06
6880	FDBA	8000	87
6880	FDC2	8001	07
6880	FC3F	8000	86
6880	FC48	8001	06
6880	FC4F	8000	87
6880	FC58	8001	07
6880	FDA9	8000	86
6880	FDB1	8001	18
6880	FDBA	8000	87
6880	FDC2	8001	19
6880	FDA9	8000	86
6880	FDB1	8001	28
6880	FDBA	8000	87
6880	FDC2	8001	29
6880	FDA9	8000	86
6880	FDB1	8001	28
6880	FDBA	8000	87
6880	FDC2	8001	29
6880	F9B3	8000	80
6880	F9B9	8001	FC
6880	F9BE	8000	81
6880	F9C4	8001	14
6880	F9C9	8000	82
6880	F9CF	8001	A2
6880	F9D4	8000	83
6880	F9DA	8001	01
6880	F9DF	8000	84
6880	F9E5	8001	02
6880	F9EA	8000	85
6880	F9F0	8001	14
6880	F8DB	8000	87
6880	F9B3	8000	80
6880	F9B9	8001	FC
6880	F9BE	8000	81
6880	F9C4	8001	14
6880	F9C9	8000	82
6880	F9CF	8001	00
6880	F9D4	8000	83
6880	F9DA	8001	01
6880	F9DF	8000	84
6880	F9E5	8001	02
6880	F9EA	8000	85
6880	F9F0	8001	14
6880	F8DB	8000	87
6881	FA23	8000	80
6881	FA29	8001	FC
6881	FA2E	8000	81
6881	FA34	8001	E2
6881	FA39	8000	82
6881	FA3F	8001	A2
6881	FA44	8000	83
6881	FA4A	8001	35
6881	FA4F	8000	84
6881	FA55	8001	B7
6881	FA5A	8000	85
6881	FA60	8001	BD
6881	FADD	8000	86
6881	FAE2	8001	18
6881	FAE9	8000	87
6881	FAEE	8001	19
6881	FAF8	8000	86
6881	FAFE	8001	28
6881	FB05	8000	87
6881	FB0B	8001	29
6881	FDA9	8000	86
6881	FDB1	8001	06
6881	FDBA	8000	87
6881	FDC2	8001	07
6881	FC3F	8000	86
6881	FC48	8001	06
6881	FC4F	8000	87
6881	FC58	8001	07
6881	FDA9	8000	86
6881	FDB1	8001	18
6881	FDBA	8000	87
6881	FDC2	8001	19
6881	FDA9	8000	86
6881	FDB1	8001	28
6881	FDBA	8000	87
6881	FDC2	8001	29
6881	FDA9	8000	86
6881	FDB1	8001	28
6881	FDBA	8000	87
6881	FDC2	8001	29
6881	F9B3	8000	80
6881	F9B9	8001	FC
6881	F9BE	8000	81
6881	F9C4	8001	14
6881	F9C9	8000	82
6881	F9CF	8001	A2
6881	F9D4	8000	83
6881	F9DA	8001	01
6881	F9DF	8000	84
6881	F9E5	8001	02
6881	F9EA	8000	85
6881	F9F0	8001	14
6881	F8DB	8000	87
6881	F9B3	8000	80
6881	F9B9	8001	FC
6881	F9BE	8000	81
6881	F9C4	8001	14
6881	F9C9	8000	82
6881	F9CF	8001	00
6881	F9D4	8000	83
6881	F9DA	8001	01
6881	F9DF	8000	84
6881	F9E5	8001	02
6881	F9EA	8000	85
6881	F9F0	8001	14
6881	F8DB	8000	87
6882	FA23	8000	80
6882	FA29	8001	FC
6882	FA2E	8000	81
6882	FA34	8001	E2
6882	FA39	8000	82
6882	FA3F	8001	A2
6882	FA44	8000	83
6882	FA4A	8001	35
6882	FA4F	8000	84
6882	FA55	8001	B7
6882	FA5A	8000	85
6882	FA60	8001	BD
6882	FADD	8000	86
6882	FAE2	8001	18
6882	FAE9	8000	87
6882	FAEE	8001	19
6882	FAF8	8000	86
6882	FAFE	8001	28
6882	FB05	8000	87
6882	FB0B	8001	29
6882	FDA9	8000	86
6882	FDB1	8001	06
6882	FDBA	8000	87
6882	FDC2	8001	07
6882	FC3F	8000	86
6882	FC48	8001	06
6882	FC4F	8000	87
6882	FC58	8001	07
6882	FDA9	8000	86
6882	FDB1	8001	18
6882	FDBA	8000	87
6882	FDC2	8001	19
6882	FDA9	8000	86
6882	FDB1	8001	28
6882	FDBA	8000	87
6882	FDC2	8001	29
6882	FDA9	8000	86
6882	FDB1	8001	28
6882	FDBA	8000	87
6882	FDC2	8001	29
6882	F9B3	8000	80
6882	F9B9	8001	FC
6882	F9BE	8000	81
6882	F9C4	8001	14
6882	F9C9	8000	82
6882	F9CF	8001	A2
6882	F9D4	8000	83
6882	F9DA	8001	01
6882	F9DF	8000	84
6882	F9E5	8001	02
6882	F9EA	8000	85
6882	F9F0	8001	14
6882	F8DB	8000	87
6882	F9B3	8000	80
6882	F9B9	8001	FC
6882	F9BE	8000	81
6882	F9C4	8001	14
6882	F9C9	8000	82
6882	F9CF	8001	00
6882	F9D4	8000	83
6882	F9DA	8001	01
6882	F9DF	8000	84
6882	F9E5	8001	02
6882	F9EA	8000	85
6882	F9F0	8001	14
6882	F8DB	8000	87
6883	FA23	8000	80
6883	FA29	8001	FC
6883	FA2E	8000	81
6883	FA34	8001	E2
6883	FA39	8000	82
6883	FA3F	8001	A2
6883	FA44	8000	83
6883	FA4A	8001	35
6883	FA4F	8000	84
6883	FA55	8001	B7
6883	FA5A	8000	85
6883	FA60	8001	BD
6883	FADD	8000	86
6883	FAE2	8001	18
6883	FAE9	8000	87
6883	FAEE	8001	19
6883	FAF8	8000	86
6883	FAFE	8001	28
6883	FB05	8000	87
6883	FB0B	8001	29
6883	FDA9	8000	86
6883	FDB1	8001	06
6883	FDBA	8000	87
6883	FDC2	8001	07
6883	FC3F	8000	86
6883	FC48	8001	06
6883	FC4F	8000	87
6883	FC58	8001	07
6883	FDA9	8000	86
6883	FDB1	8001	18
6883	FDBA	8000	87
6883	FDC2	8001	19
6883	FDA9	8000	86
6883	FDB1	8001	28
6883	FDBA	8000	87
6883	FDC2	8001	29
6883	FDA9	8000	86
6883	FDB1	8001	28
6883	FDBA	8000	87
6883	FDC2	8001	29
6883	F9B3	8000	80
6883	F9B9	8001	FC
6883	F9BE	8000	81
6883	F9C4	8001	14
6883	F9C9	8000	82
6883	F9CF	8001	A2
6883	F9D4	8000	83
6883	F9DA	8001	01
6883	F9DF	8000	84
6883	F9E5	8001	02
6883	F9EA	8000	85
6883	F9F0	8001	14
6883	F8DB	8000	87
6883	F9B3	8000	80
6883	F9B9	8001	FC
6883	F9BE	8000	81
6883	F9C4	8001	14
6883	F9C9	8000	82
6883	F9CF	8001	00
6883	F9D4	8000	83
6883	F9DA	8001	01
6883	F9DF	8000	84
6883	F9E5	8001	02
6883	F9EA	8000	85
6883	F9F0	8001	14
6883	F8DB	8000	87
6884	FA23	8000	80
6884	FA29	8001	FC
6884	FA2E	8000	81
6884	FA34	8001	E2
6884	FA39	8000	82
6884	FA3F	8001	A2
6884	FA44	8000	83
6884	FA4A	8001	35
6884	FA4F	8000	84
6884	FA55	8001	B7
6884	FA5A	8000	85
6884	FA60	8001	BD
6884	FADD	8000	86
6884	FAE2	8001	18
6884	FAE9	8000	87
6884	FAEE	8001	19
6884	BF0A	8000	86
6884	C8E1	8001	00
6884	C8E6	8000	87
6884	C8EB	8001	01
6884	C900	8000	86
6884	C905	8001	18
6884	C90A	8000	87
6884	C90F	8001	19
6884	BF0A	8000	86
6884	C8E1	8001	00
6884	C8E6	8000	87
6884	C8EB	8001	01
6884	C900	8000	86
6884	C905	8001	18
6884	C90A	8000	87
6884	C90F	8001	19
6884	BF0A	8000	86
6884	C8E1	8001	00
6884	C8E6	8000	87
6884	C8EB	8001	01
6884	C900	8000	86
6884	C905	8001	18
6884	C90A	8000	87
6884	C90F	8001	19
6884	FAF8	8000	86
6884	FAFE	8001	28
6884	FB05	8000	87
6884	FB0B	8001	29
6884	FDA9	8000	86
6884	FDB1	8001	06
6884	FDBA	8000	87
6884	FDC2	8001	07
6884	FC3F	8000	86
6884	FC48	8001	06
6884	FC4F	8000	87
6884	FC58	8001	07
6884	FDA9	8000	86
6884	FDB1	8001	18
6884	FDBA	8000	87
6884	FDC2	8001	19
6884	FDA9	8000	86
6884	FDB1	8001	28
6884	FDBA	8000	87
6884	FDC2	8001	29
6884	FDA9	8000	86
6884	FDB1	8001	28
6884	FDBA	8000	87
6884	FDC2	8001	29
6884	F9B3	8000	80
6884	F9B9	8001	FC
6884	F9BE	8000	81
6884	F9C4	8001	14
6884	F9C9	8000	82
6884	F9CF	8001	A2
6884	F9D4	8000	83
6884	F9DA	8001	01
6884	F9DF	8000	84
6884	F9E5	8001	02
6884	F9EA	8000	85
6884	F9F0	8001	14
6884	F8DB	8000	87
6884	F9B3	8000	80
6884	F9B9	8001	FC
6884	F9BE	8000	81
6884	F9C4	8001	14
6884	F9C9	8000	82
6884	F9CF	8001	00
6884	F9D4	8000	83
6884	F9DA	8001	01
6884	F9DF	8000	84
6884	F9E5	8001	02
6884	F9EA	8000	85
6884	F9F0	8001	14
6884	F8DB	8000	87
6885	FA23	8000	80
6885	FA29	8001	FC
6885	FA2E	8000	81
6885	FA34	8001	E2
6885	FA39	8000	82
6885	FA3F	8001	A2
6885	FA44	8000	83
6885	FA4A	8001	35
6885	FA4F	8000	84
6885	FA55	8001	B7
6885	FA5A	8000	85
6885	FA60	8001	BD
6885	FADD	8000	86
6885	FAE2	8001	18
6885	FAE9	8000	87
6885	FAEE	8001	19
6885	FAF8	8000	86
6885	FAFE	8001	28
6885	FB05	8000	87
6885	FB0B	8001	29
6885	FDA9	8000	86
6885	FDB1	8001	06
6885	FDBA	8000	87
6885	FDC2	8001	07
6885	FC3F	8000	86
6885	FC48	8001	06
6885	FC4F	8000	87
6885	FC58	8001	07
6885	FDA9	8000	86
6885	FDB1	8001	18
6885	FDBA	8000	87
6885	FDC2	8001	19
6885	FDA9	8000	86
6885	FDB1	8001	28
6885	FDBA	8000	87
6885	FDC2	8001	29
6885	FDA9	8000	86
6885	FDB1	8001	28
6885	FDBA	8000	87
6885	FDC2	8001	29
6885	F9B3	8000	80
6885	F9B9	8001	FC
6885	F9BE	8000	81
6885	F9C4	8001	14
6885	F9C9	8000	82
6885	F9CF	8001	A2
6885	F9D4	8000	83
6885	F9DA	8001	01
6885	F9DF	8000	84
6885	F9E5	8001	02
6885	F9EA	8000	85
6885	F9F0	8001	14
6885	F8DB	8000	87
6885	F9B3	8000	80
6885	F9B9	8001	FC
6885	F9BE	8000	81
6885	F9C4	8001	14
6885	F9C9	8000	82
6885	F9CF	8001	00
6885	F9D4	8000	83
6885	F9DA	8001	01
6885	F9DF	8000	84
6885	F9E5	8001	02
6885	F9EA	8000	85
6885	F9F0	8001	14
6885	F8DB	8000	87
6886	FA23	8000	80
6886	FA29	8001	FC
6886	FA2E	8000	81
6886	FA34	8001	E2
6886	FA39	8000	82
6886	FA3F	8001	A2
6886	FA44	8000	83
6886	FA4A	8001	35
6886	FA4F	8000	84
6886	FA55	8001	B7
6886	FA5A	8000	85
6886	FA60	8001	BD
6886	FADD	8000	86
6886	FAE2	8001	18
6886	FAE9	8000	87
6886	FAEE	8001	19
6886	FAF8	8000	86
6886	FAFE	8001	28
6886	FB05	8000	87
6886	FB0B	8001	29
6886	FDA9	8000	86
6886	FDB1	8001	06
6886	FDBA	8000	87
6886	FDC2	8001	07
6886	FC3F	8000	86
6886	FC48	8001	06
6886	FC4F	8000	87
6886	FC58	8001	07
6886	FDA9	8000	86
6886	FDB1	8001	18
6886	FDBA	8000	87
6886	FDC2	8001	19
6886	FDA9	8000	86
6886	FDB1	8001	28
6886	FDBA	8000	87
6886	FDC2	8001	29
6886	FDA9	8000	86
6886	FDB1	8001	28
6886	FDBA	8000	87
6886	FDC2	8001	29
6886	F9B3	8000	80
6886	F9B9	8001	FC
6886	F9BE	8000	81
6886	F9C4	8001	14
6886	F9C9	8000	82
6886	F9CF	8001	A2
6886	F9D4	8000	83
6886	F9DA	8001	01
6886	F9DF	8000	84
6886	F9E5	8001	02
6886	F9EA	8000	85
6886	F9F0	8001	14
6886	F8DB	8000	87
6886	F9B3	8000	80
6886	F9B9	8001	FC
6886	F9BE	8000	81
6886	F9C4	8001	14
6886	F9C9	8000	82
6886	F9CF	8001	00
6886	F9D4	8000	83
6886	F9DA	8001	01
6886	F9DF	8000	84
6886	F9E5	8001	02
6886	F9EA	8000	85
6886	F9F0	8001	14
6886	F8DB	8000	87
6887	FA23	8000	80
6887	FA29	8001	FC
6887	FA2E	8000	81
6887	FA34	8001	E2
6887	FA39	8000	82
6887	FA3F	8001	A2
6887	FA44	8000	83
6887	FA4A	8001	35
6887	FA4F	8000	84
6887	FA55	8001	B7
6887	FA5A	8000	85
6887	FA60	8001	BD
6887	FADD	8000	86
6887	FAE2	8001	18
6887	FAE9	8000	87
6887	FAEE	8001	19
6887	FAF8	8000	86
6887	FAFE	8001	28
6887	FB05	8000	87
6887	FB0B	8001	29
6887	FDA9	8000	86
6887	FDB1	8001	06
6887	FDBA	8000	87
6887	FDC2	8001	07
6887	FC3F	8000	86
6887	FC48	8001	06
6887	FC4F	8000	87
6887	FC58	8001	07
6887	FDA9	8000	86
6887	FDB1	8001	18
6887	FDBA	8000	87
6887	FDC2	8001	19
6887	FDA9	8000	86
6887	FDB1	8001	28
6887	FDBA	8000	87
6887	FDC2	8001	29
6887	FDA9	8000	86
6887	FDB1	8001	28
6887	FDBA	8000	87
6887	FDC2	8001	29
6887	F9B3	8000	80
6887	F9B9	8001	FC
6887	F9BE	8000	81
6887	F9C4	8001	14
6887	F9C9	8000	82
6887	F9CF	8001	A2
6887	F9D4	8000	83
6887	F9DA	8001	01
6887	F9DF	8000	84
6887	F9E5	8001	02
6887	F9EA	8000	85
6887	F9F0	8001	14
6887	F8DB	8000	87
6887	F9B3	8000	80
6887	F9B9	8001	FC
6887	F9BE	8000	81
6887	F9C4	8001	14
6887	F9C9	8000	82
6887	F9CF	8001	00
6887	F9D4	8000	83
6887	F9DA	8001	01
6887	F9DF	8000	84
6887	F9E5	8001	02
6887	F9EA	8000	85
6887	F9F0	8001	14
6887	F8DB	8000	87
6888	FA23	8000	80
6888	FA29	8001	FC
6888	FA2E	8000	81
6888	FA34	8001	E2
6888	FA39	8000	82
6888	FA3F	8001	A2
6888	FA44	8000	83
6888	FA4A	8001	35
6888	FA4F	8000	84
6888	FA55	8001	B7
6888	FA5A	8000	85
6888	FA60	8001	BD
6888	FADD	8000	86
6888	FAE2	8001	18
6888	FAE9	8000	87
6888	FAEE	8001	19
6888	FAF8	8000	86
6888	FAFE	8001	28
6888	FB05	8000	87
6888	FB0B	8001	29
6888	FDA9	8000	86
6888	FDB1	8001	06
6888	FDBA	8000	87
6888	FDC2	8001	07
6888	FC3F	8000	86
6888	FC48	8001	06
6888	FC4F	8000	87
6888	FC58	8001	07
6888	FDA9	8000	86
6888	FDB1	8001	18
6888	FDBA	8000	87
6888	FDC2	8001	19
6888	FDA9	8000	86
6888	FDB1	8001	28
6888	FDBA	8000	87
6888	FDC2	8001	29
6888	FDA9	8000	86
6888	FDB1	8001	28
6888	FDBA	8000	87
6888	FDC2	8001	29
6888	F9B3	8000	80
6888	F9B9	8001	FC
6888	F9BE	8000	81
6888	F9C4	8001	14
6888	F9C9	8000	82
6888	F9CF	8001	A2
6888	F9D4	8000	83
6888	F9DA	8001	01
6888	F9DF	8000	84
6888	F9E5	8001	02
6888	F9EA	8000	85
6888	F9F0	8001	14
6888	F8DB	8000	87
6888	F9B3	8000	80
6888	F9B9	8001	FC
6888	F9BE	8000	81
6888	F9C4	8001	14
6888	F9C9	8000	82
6888	F9CF	8001	00
6888	F9D4	8000	83
6888	F9DA	8001	01
6888	F9DF	8000	84
6888	F9E5	8001	02
6888	F9EA	8000	85
6888	F9F0	8001	14
6888	F8DB	8000	87
6889	FA23	8000	80
6889	FA29	8001	FC
6889	FA2E	8000	81
6889	FA34	8001	E2
6889	FA39	8000	82
6889	FA3F	8001	A2
6889	FA44	8000	83
6889	FA4A	8001	35
6889	FA4F	8000	84
6889	FA55	8001	B7
6889	FA5A	8000	85
6889	FA60	8001	BD
6889	FADD	8000	86
6889	FAE2	8001	18
6889	FAE9	8000	87
6889	FAEE	8001	19
6889	FAF8	8000	86
6889	FAFE	8001	28
6889	FB05	8000	87
6889	FB0B	8001	29
6889	FDA9	8000	86
6889	FDB1	8001	06
6889	FDBA	8000	87
6889	FDC2	8001	07
6889	FC3F	8000	86
6889	FC48	8001	06
6889	FC4F	8000	87
6889	FC58	8001	07
6889	FDA9	8000	86
6889	FDB1	8001	18
6889	FDBA	8000	87
6889	FDC2	8001	19
6889	FDA9	8000	86
6889	FDB1	8001	28
6889	FDBA	8000	87
6889	FDC2	8001	29
6889	FDA9	8000	86
6889	FDB1	8001	28
6889	FDBA	8000	87
6889	FDC2	8001	29
6889	F9B3	8000	80
6889	F9B9	8001	FC
6889	F9BE	8000	81
6889	F9C4	8001	14
6889	F9C9	8000	82
6889	F9CF	8001	A2
6889	F9D4	8000	83
6889	F9DA	8001	01
6889	F9DF	8000	84
6889	F9E5	8001	02
6889	F9EA	8000	85
6889	F9F0	8001	14
6889	F8DB	8000	87
6889	F9B3	8000	80
6889	F9B9	8001	FC
6889	F9BE	8000	81
6889	F9C4	8001	14
6889	F9C9	8000	82
6889	F9CF	8001	00
6889	F9D4	8000	83
6889	F9DA	8001	01
6889	F9DF	8000	84
6889	F9E5	8001	02
6889	F9EA	8000	85
6889	F9F0	8001	14
6889	F8DB	8000	87
6890	FA23	8000	80
6890	FA29	8001	FC
6890	FA2E	8000	81
6890	FA34	8001	E2
6890	FA39	8000	82
6890	FA3F	8001	A2
6890	FA44	8000	83
6890	FA4A	8001	35
6890	FA4F	8000	84
6890	FA55	8001	B7
6890	FA5A	8000	85
6890	FA60	8001	BD
6890	FADD	8000	86
6890	FAE2	8001	18
6890	FAE9	8000	87
6890	FAEE	8001	19
6890	FAF8	8000	86
6890	FAFE	8001	28
6890	FB05	8000	87
6890	FB0B	8001	29
6890	FDA9	8000	86
6890	FDB1	8001	06
6890	FDBA	8000	87
6890	FDC2	8001	07
6890	FC3F	8000	86
6890	FC48	8001	06
6890	FC4F	8000	87
6890	FC58	8001	07
6890	FDA9	8000	86
6890	FDB1	8001	18
6890	FDBA	8000	87
6890	FDC2	8001	19
6890	FDA9	8000	86
6890	FDB1	8001	28
6890	FDBA	8000	87
6890	FDC2	8001	29
6890	FDA9	8000	86
6890	FDB1	8001	28
6890	FDBA	8000	87
6890	FDC2	8001	29
6890	F9B3	8000	80
6890	F9B9	8001	FC
6890	F9BE	8000	81
6890	F9C4	8001	14
6890	F9C9	8000	82
6890	F9CF	8001	A2
6890	F9D4	8000	83
6890	F9DA	8001	01
6890	F9DF	8000	84
6890	F9E5	8001	02
6890	F9EA	8000	85
6890	F9F0	8001	14
6890	F8DB	8000	87
6890	F9B3	8000	80
6890	F9B9	8001	FC
6890	F9BE	8000	81
6890	F9C4	8001	14
6890	F9C9	8000	82
6890	F9CF	8001	00
6890	F9D4	8000	83
6890	F9DA	8001	01
6890	F9DF	8000	84
6890	F9E5	8001	02
6890	F9EA	8000	85
6890	F9F0	8001	14
6890	F8DB	8000	87
6891	FA23	8000	80
6891	FA29	8001	FC
6891	FA2E	8000	81
6891	FA34	8001	E2
6891	FA39	8000	82
6891	FA3F	8001	A2
6891	FA44	8000	83
6891	FA4A	8001	35
6891	FA4F	8000	84
6891	FA55	8001	B7
6891	FA5A	8000	85
6891	FA60	8001	BD
6891	FADD	8000	86
6891	FAE2	8001	18
6891	FAE9	8000	87
6891	FAEE	8001	19
6891	FAF8	8000	86
6891	FAFE	8001	28
6891	FB05	8000	87
6891	FB0B	8001	29
6891	FDA9	8000	86
6891	FDB1	8001	06
6891	FDBA	8000	87
6891	FDC2	8001	07
6891	FC3F	8000	86
6891	FC48	8001	06
6891	FC4F	8000	87
6891	FC58	8001	07
6891	FDA9	8000	86
6891	FDB1	8001	18
6891	FDBA	8000	87
6891	FDC2	8001	19
6891	FDA9	8000	86
6891	FDB1	8001	28
6891	FDBA	8000	87
6891	FDC2	8001	29
6891	FDA9	8000	86
6891	FDB1	8001	28
6891	FDBA	8000	87
6891	FDC2	8001	29
6891	F9B3	8000	80
6891	F9B9	8001	FC
6891	F9BE	8000	81
6891	F9C4	8001	14
6891	F9C9	8000	82
6891	F9CF	8001	A2
6891	F9D4	8000	83
6891	F9DA	8001	01
6891	F9DF	8000	84
6891	F9E5	8001	02
6891	F9EA	8000	85
6891	F9F0	8001	14
6891	F8DB	8000	87
6891	F9B3	8000	80
6891	F9B9	8001	FC
6891	F9BE	8000	81
6891	F9C4	8001	14
6891	F9C9	8000	82
6891	F9CF	8001	00
6891	F9D4	8000	83
6891	F9DA	8001	01
6891	F9DF	8000	84
6891	F9E5	8001	02
6891	F9EA	8000	85
6891	F9F0	8001	14
6891	F8DB	8000	87
6892	FA23	8000	80
6892	FA29	8001	FC
6892	FA2E	8000	81
6892	FA34	8001	E2
6892	FA39	8000	82
6892	FA3F	8001	A2
6892	FA44	8000	83
6892	FA4A	8001	35
6892	FA4F	8000	84
6892	FA55	8001	B7
6892	FA5A	8000	85
6892	FA60	8001	BD
6892	FADD	8000	86
6892	FAE2	8001	18
6892	FAE9	8000	87
6892	FAEE	8001	19
6892	FAF8	8000	86
6892	FAFE	8001	28
6892	FB05	8000	87
6892	FB0B	8001	29
6892	FDA9	8000	86
6892	FDB1	8001	06
6892	FDBA	8000	87
6892	FDC2	8001	07
6892	FC3F	8000	86
6892	FC48	8001	06
6892	FC4F	8000	87
6892	FC58	8001	07
6892	FDA9	8000	86
6892	FDB1	8001	18
6892	FDBA	8000	87
6892	FDC2	8001	19
6892	FDA9	8000	86
6892	FDB1	8001	28
6892	FDBA	8000	87
6892	FDC2	8001	29
6892	FDA9	8000	86
6892	FDB1	8001	28
6892	FDBA	8000	87
6892	FDC2	8001	29
6892	F9B3	8000	80
6892	F9B9	8001	FC
6892	F9BE	8000	81
6892	F9C4	8001	14
6892	F9C9	8000	82
6892	F9CF	8001	A2
6892	F9D4	8000	83
6892	F9DA	8001	01
6892	F9DF	8000	84
6892	F9E5	8001	02
6892	F9EA	8000	85
6892	F9F0	8001	14
6892	F8DB	8000	87
6892	F9B3	8000	80
6892	F9B9	8001	FC
6892	F9BE	8000	81
6892	F9C4	8001	14
6892	F9C9	8000	82
6892	F9CF	8001	00
6892	F9D4	8000	83
6892	F9DA	8001	01
6892	F9DF	8000	84
6892	F9E5	8001	02
6892	F9EA	8000	85
6892	F9F0	8001	14
6892	F8DB	8000	87
6893	FA23	8000	80
6893	FA29	8001	FC
6893	FA2E	8000	81
6893	FA34	8001	E2
6893	FA39	8000	82
6893	FA3F	8001	A2
6893	FA44	8000	83
6893	FA4A	8001	35
6893	FA4F	8000	84
6893	FA55	8001	B7
6893	FA5A	8000	85
6893	FA60	8001	BD
6893	FADD	8000	86
6893	FAE2	8001	18
6893	FAE9	8000	87
6893	FAEE	8001	19
6893	FAF8	8000	86
6893	FAFE	8001	28
6893	FB05	8000	87
6893	FB0B	8001	29
6893	FDA9	8000	86
6893	FDB1	8001	06
6893	FDBA	8000	87
6893	FDC2	8001	07
6893	FC3F	8000	86
6893	FC48	8001	06
6893	FC4F	8000	87
6893	FC58	8001	07
6893	FDA9	8000	86
6893	FDB1	8001	18
6893	FDBA	8000	87
6893	FDC2	8001	19
6893	FDA9	8000	86
6893	FDB1	8001	28
6893	FDBA	8000	87
6893	FDC2	8001	29
6893	FDA9	8000	86
6893	FDB1	8001	28
6893	FDBA	8000	87
6893	FDC2	8001	29
6893	F9B3	8000	80
6893	F9B9	8001	FC
6893	F9BE	8000	81
6893	F9C4	8001	14
6893	F9C9	8000	82
6893	F9CF	8001	A2
6893	F9D4	8000	83
6893	F9DA	8001	01
6893	F9DF	8000	84
6893	F9E5	8001	02
6893	F9EA	8000	85
6893	F9F0	8001	14
6893	F8DB	8000	87
6893	F9B3	8000	80
6893	F9B9	8001	FC
6893	F9BE	8000	81
6893	F9C4	8001	14
6893	F9C9	8000	82
6893	F9CF	8001	00
6893	F9D4	8000	83
6893	F9DA	8001	01
6893	F9DF	8000	84
6893	F9E5	8001	02
6893	F9EA	8000	85
6893	F9F0	8001	14
6893	F8DB	8000	87
6894	FA23	8000	80
6894	FA29	8001	FC
6894	FA2E	8000	81
6894	FA34	8001	E2
6894	FA39	8000	82
6894	FA3F	8001	A2
6894	FA44	8000	83
6894	FA4A	8001	35
6894	FA4F	8000	84
6894	FA55	8001	B7
6894	FA5A	8000	85
6894	FA60	8001	BD
6894	FADD	8000	86
6894	FAE2	8001	18
6894	FAE9	8000	87
6894	FAEE	8001	19
6894	BF0A	8000	86
6894	C8E1	8001	00
6894	C8E6	8000	87
6894	C8EB	8001	01
6894	C900	8000	86
6894	C905	8001	18
6894	C90A	8000	87
6894	C90F	8001	19
6894	BF0A	8000	86
6894	C8E1	8001	00
6894	C8E6	8000	87
6894	C8EB	8001	01
6894	C900	8000	86
6894	C905	8001	18
6894	C90A	8000	87
6894	C90F	8001	19
6894	FAF8	8000	86
6894	FAFE	8001	28
6894	FB05	8000	87
6894	FB0B	8001	29
6894	FDA9	8000	86
6894	FDB1	8001	06
6894	FDBA	8000	87
6894	FDC2	8001	07
6894	FC3F	8000	86
6894	FC48	8001	06
6894	FC4F	8000	87
6894	FC58	8001	07
6894	FDA9	8000	86
6894	FDB1	8001	18
6894	FDBA	8000	87
6894	FDC2	8001	19
6894	FDA9	8000	86
6894	FDB1	8001	28
6894	FDBA	8000	87
6894	FDC2	8001	29
6894	FDA9	8000	86
6894	FDB1	8001	28
6894	FDBA	8000	87
6894	FDC2	8001	29
6894	F9B3	8000	80
6894	F9B9	8001	FC
6894	F9BE	8000	81
6894	F9C4	8001	14
6894	F9C9	8000	82
6894	F9CF	8001	A2
6894	F9D4	8000	83
6894	F9DA	8001	01
6894	F9DF	8000	84
6894	F9E5	8001	02
6894	F9EA	8000	85
6894	F9F0	8001	14
6894	F8DB	8000	87
6894	F9B3	8000	80
6894	F9B9	8001	FC
6894	F9BE	8000	81
6894	F9C4	8001	14
6894	F9C9	8000	82
6894	F9CF	8001	00
6894	F9D4	8000	83
6894	F9DA	8001	01
6894	F9DF	8000	84
6894	F9E5	8001	02
6894	F9EA	8000	85
6894	F9F0	8001	14
6894	F8DB	8000	87
6895	FA23	8000	80
6895	FA29	8001	FC
6895	FA2E	8000	81
6895	FA34	8001	E2
6895	FA39	8000	82
6895	FA3F	8001	A2
6895	FA44	8000	83
6895	FA4A	8001	35
6895	FA4F	8000	84
6895	FA55	8001	B7
6895	FA5A	8000	85
6895	FA60	8001	BD
6895	FADD	8000	86
6895	FAE2	8001	18
6895	FAE9	8000	87
6895	FAEE	8001	19
6895	FAF8	8000	86
6895	FAFE	8001	28
6895	FB05	8000	87
6895	FB0B	8001	29
6895	FDA9	8000	86
6895	FDB1	8001	06
6895	FDBA	8000	87
6895	FDC2	8001	07
6895	FC3F	8000	86
6895	FC48	8001	06
6895	FC4F	8000	87
6895	FC58	8001	07
6895	FDA9	8000	86
6895	FDB1	8001	18
6895	FDBA	8000	87
6895	FDC2	8001	19
6895	FDA9	8000	86
6895	FDB1	8001	28
6895	FDBA	8000	87
6895	FDC2	8001	29
6895	FDA9	8000	86
6895	FDB1	8001	28
6895	FDBA	8000	87
6895	FDC2	8001	29
6895	F9B3	8000	80
6895	F9B9	8001	FC
6895	F9BE	8000	81
6895	F9C4	8001	14
6895	F9C9	8000	82
6895	F9CF	8001	A2
6895	F9D4	8000	83
6895	F9DA	8001	01
6895	F9DF	8000	84
6895	F9E5	8001	02
6895	F9EA	8000	85
6895	F9F0	8001	14
6895	F8DB	8000	87
6895	F9B3	8000	80
6895	F9B9	8001	FC
6895	F9BE	8000	81
6895	F9C4	8001	14
6895	F9C9	8000	82
6895	F9CF	8001	00
6895	F9D4	8000	83
6895	F9DA	8001	01
6895	F9DF	8000	84
6895	F9E5	8001	02
6895	F9EA	8000	85
6895	F9F0	8001	14
6895	F8DB	8000	87
6896	FA23	8000	80
6896	FA29	8001	FC
6896	FA2E	8000	81
6896	FA34	8001	E2
6896	FA39	8000	82
6896	FA3F	8001	A2
6896	FA44	8000	83
6896	FA4A	8001	35
6896	FA4F	8000	84
6896	FA55	8001	B7
6896	FA5A	8000	85
6896	FA60	8001	BD
6896	FADD	8000	86
6896	FAE2	8001	18
6896	FAE9	8000	87
6896	FAEE	8001	19
6896	FAF8	8000	86
6896	FAFE	8001	28
6896	FB05	8000	87
6896	FB0B	8001	29
6896	FDA9	8000	86
6896	FDB1	8001	06
6896	FDBA	8000	87
6896	FDC2	8001	07
6896	FC3F	8000	86
6896	FC48	8001	06
6896	FC4F	8000	87
6896	FC58	8001	07
6896	FDA9	8000	86
6896	FDB1	8001	18
6896	FDBA	8000	87
6896	FDC2	8001	19
6896	FDA9	8000	86
6896	FDB1	8001	28
6896	FDBA	8000	87
6896	FDC2	8001	29
6896	FDA9	8000	86
6896	FDB1	8001	28
6896	FDBA	8000	87
6896	FDC2	8001	29
6896	F9B3	8000	80
6896	F9B9	8001	FC
6896	F9BE	8000	81
6896	F9C4	8001	14
6896	F9C9	8000	82
6896	F9CF	8001	A2
6896	F9D4	8000	83
6896	F9DA	8001	01
6896	F9DF	8000	84
6896	F9E5	8001	02
6896	F9EA	8000	85
6896	F9F0	8001	14
6896	F8DB	8000	87
6896	F9B3	8000	80
6896	F9B9	8001	FC
6896	F9BE	8000	81
6896	F9C4	8001	14
6896	F9C9	8000	82
6896	F9CF	8001	00
6896	F9D4	8000	83
6896	F9DA	8001	01
6896	F9DF	8000	84
6896	F9E5	8001	02
6896	F9EA	8000	85
6896	F9F0	8001	14
6896	F8DB	8000	87
6897	FA23	8000	80
6897	FA29	8001	FC
6897	FA2E	8000	81
6897	FA34	8001	E2
6897	FA39	8000	82
6897	FA3F	8001	A2
6897	FA44	8000	83
6897	FA4A	8001	35
6897	FA4F	8000	84
6897	FA55	8001	B7
6897	FA5A	8000	85
6897	FA60	8001	BD
6897	FADD	8000	86
6897	FAE2	8001	18
6897	FAE9	8000	87
6897	FAEE	8001	19
6897	FAF8	8000	86
6897	FAFE	8001	28
6897	FB05	8000	87
6897	FB0B	8001	29
6897	FDA9	8000	86
6897	FDB1	8001	06
6897	FDBA	8000	87
6897	FDC2	8001	07
6897	FC3F	8000	86
6897	FC48	8001	06
6897	FC4F	8000	87
6897	FC58	8001	07
6897	FDA9	8000	86
6897	FDB1	8001	18
6897	FDBA	8000	87
6897	FDC2	8001	19
6897	FDA9	8000	86
6897	FDB1	8001	28
6897	FDBA	8000	87
6897	FDC2	8001	29
6897	FDA9	8000	86
6897	FDB1	8001	28
6897	FDBA	8000	87
6897	FDC2	8001	29
6897	F9B3	8000	80
6897	F9B9	8001	FC
6897	F9BE	8000	81
6897	F9C4	8001	14
6897	F9C9	8000	82
6897	F9CF	8001	A2
6897	F9D4	8000	83
6897	F9DA	8001	01
6897	F9DF	8000	84
6897	F9E5	8001	02
6897	F9EA	8000	85
6897	F9F0	8001	14
6897	F8DB	8000	87
6897	F9B3	8000	80
6897	F9B9	8001	FC
6897	F9BE	8000	81
6897	F9C4	8001	14
6897	F9C9	8000	82
6897	F9CF	8001	00
6897	F9D4	8000	83
6897	F9DA	8001	01
6897	F9DF	8000	84
6897	F9E5	8001	02
6897	F9EA	8000	85
6897	F9F0	8001	14
6897	F8DB	8000	87
6898	FA23	8000	80
6898	FA29	8001	FC
6898	FA2E	8000	81
6898	FA34	8001	E2
6898	FA39	8000	82
6898	FA3F	8001	A2
6898	FA44	8000	83
6898	FA4A	8001	35
6898	FA4F	8000	84
6898	FA55	8001	B7
6898	FA5A	8000	85
6898	FA60	8001	BD
6898	FADD	8000	86
6898	FAE2	8001	18
6898	FAE9	8000	87
6898	FAEE	8001	19
6898	FAF8	8000	86
6898	FAFE	8001	28
6898	FB05	8000	87
6898	FB0B	8001	29
6898	FDA9	8000	86
6898	FDB1	8001	06
6898	FDBA	8000	87
6898	FDC2	8001	07
6898	FC3F	8000	86
6898	FC48	8001	06
6898	FC4F	8000	87
6898	FC58	8001	07
6898	FDA9	8000	86
6898	FDB1	8001	18
6898	FDBA	8000	87
6898	FDC2	8001	19
6898	FDA9	8000	86
6898	FDB1	8001	28
6898	FDBA	8000	87
6898	FDC2	8001	29
6898	FDA9	8000	86
6898	FDB1	8001	28
6898	FDBA	8000	87
6898	FDC2	8001	29
6898	F9B3	8000	80
6898	F9B9	8001	FC
6898	F9BE	8000	81
6898	F9C4	8001	14
6898	F9C9	8000	82
6898	F9CF	8001	A2
6898	F9D4	8000	83
6898	F9DA	8001	01
6898	F9DF	8000	84
6898	F9E5	8001	02
6898	F9EA	8000	85
6898	F9F0	8001	14
6898	F8DB	8000	87
6898	F9B3	8000	80
6898	F9B9	8001	FC
6898	F9BE	8000	81
6898	F9C4	8001	14
6898	F9C9	8000	82
6898	F9CF	8001	00
6898	F9D4	8000	83
6898	F9DA	8001	01
6898	F9DF	8000	84
6898	F9E5	8001	02
6898	F9EA	8000	85
6898	F9F0	8001	14
6898	F8DB	8000	87
6899	FA23	8000	80
6899	FA29	8001	FC
6899	FA2E	8000	81
6899	FA34	8001	E2
6899	FA39	8000	82
6899	FA3F	8001	A2
6899	FA44	8000	83
6899	FA4A	8001	35
6899	FA4F	8000	84
6899	FA55	8001	B7
6899	FA5A	8000	85
6899	FA60	8001	BD
6899	FADD	8000	86
6899	FAE2	8001	18
6899	FAE9	8000	87
6899	FAEE	8001	19
6899	FAF8	8000	86
6899	FAFE	8001	28
6899	FB05	8000	87
6899	FB0B	8001	29
6899	FDA9	8000	86
6899	FDB1	8001	06
6899	FDBA	8000	87
6899	FDC2	8001	07
6899	FC3F	8000	86
6899	FC48	8001	06
6899	FC4F	8000	87
6899	FC58	8001	07
6899	FDA9	8000	86
6899	FDB1	8001	18
6899	FDBA	8000	87
6899	FDC2	8001	19
6899	FDA9	8000	86
6899	FDB1	8001	28
6899	FDBA	8000	87
6899	FDC2	8001	29
6899	FDA9	8000	86
6899	FDB1	8001	28
6899	FDBA	8000	87
6899	FDC2	8001	29
6899	F9B3	8000	80
6899	F9B9	8001	FC
6899	F9BE	8000	81
6899	F9C4	8001	14
6899	F9C9	8000	82
6899	F9CF	8001	A2
6899	F9D4	8000	83
6899	F9DA	8001	01
6899	F9DF	8000	84
6899	F9E5	8001	02
6899	F9EA	8000	85
6899	F9F0	8001	14
6899	F8DB	8000	87
6899	F9B3	8000	80
6899	F9B9	8001	FC
6899	F9BE	8000	81
6899	F9C4	8001	14
6899	F9C9	8000	82
6899	F9CF	8001	00
6899	F9D4	8000	83
6899	F9DA	8001	01
6899	F9DF	8000	84
6899	F9E5	8001	02
6899	F9EA	8000	85
6899	F9F0	8001	14
6899	F8DB	8000	87
6900	FA23	8000	80
6900	FA29	8001	FC
6900	FA2E	8000	81
6900	FA34	8001	E2
6900	FA39	8000	82
6900	FA3F	8001	A2
6900	FA44	8000	83
6900	FA4A	8001	35
6900	FA4F	8000	84
6900	FA55	8001	B7
6900	FA5A	8000	85
6900	FA60	8001	BD
6900	FADD	8000	86
6900	FAE2	8001	18
6900	FAE9	8000	87
6900	FAEE	8001	19
6900	FAF8	8000	86
6900	FAFE	8001	28
6900	FB05	8000	87
6900	FB0B	8001	29
6900	FDA9	8000	86
6900	FDB1	8001	06
6900	FDBA	8000	87
6900	FDC2	8001	07
6900	FC3F	8000	86
6900	FC48	8001	06
6900	FC4F	8000	87
6900	FC58	8001	07
6900	FDA9	8000	86
6900	FDB1	8001	18
6900	FDBA	8000	87
6900	FDC2	8001	19
6900	FDA9	8000	86
6900	FDB1	8001	28
6900	FDBA	8000	87
6900	FDC2	8001	29
6900	FDA9	8000	86
6900	FDB1	8001	28
6900	FDBA	8000	87
6900	FDC2	8001	29
6900	F9B3	8000	80
6900	F9B9	8001	FC
6900	F9BE	8000	81
6900	F9C4	8001	14
6900	F9C9	8000	82
6900	F9CF	8001	A2
6900	F9D4	8000	83
6900	F9DA	8001	01
6900	F9DF	8000	84
6900	F9E5	8001	02
6900	F9EA	8000	85
6900	F9F0	8001	14
6900	F8DB	8000	87
6900	F9B3	8000	80
6900	F9B9	8001	FC
6900	F9BE	8000	81
6900	F9C4	8001	14
6900	F9C9	8000	82
6900	F9CF	8001	00
6900	F9D4	8000	83
6900	F9DA	8001	01
6900	F9DF	8000	84
6900	F9E5	8001	02
6900	F9EA	8000	85
6900	F9F0	8001	14
6900	F8DB	8000	87
6901	FA23	8000	80
6901	FA29	8001	FC
6901	FA2E	8000	81
6901	FA34	8001	E2
6901	FA39	8000	82
6901	FA3F	8001	A2
6901	FA44	8000	83
6901	FA4A	8001	35
6901	FA4F	8000	84
6901	FA55	8001	B7
6901	FA5A	8000	85
6901	FA60	8001	BD
6901	FADD	8000	86
6901	FAE2	8001	18
6901	FAE9	8000	87
6901	FAEE	8001	19
6901	FAF8	8000	86
6901	FAFE	8001	28
6901	FB05	8000	87
6901	FB0B	8001	29
6901	FDA9	8000	86
6901	FDB1	8001	06
6901	FDBA	8000	87
6901	FDC2	8001	07
6901	FC3F	8000	86
6901	FC48	8001	06
6901	FC4F	8000	87
6901	FC58	8001	07
6901	FDA9	8000	86
6901	FDB1	8001	18
6901	FDBA	8000	87
6901	FDC2	8001	19
6901	FDA9	8000	86
6901	FDB1	8001	28
6901	FDBA	8000	87
6901	FDC2	8001	29
6901	FDA9	8000	86
6901	FDB1	8001	28
6901	FDBA	8000	87
6901	FDC2	8001	29
6901	F9B3	8000	80
6901	F9B9	8001	FC
6901	F9BE	8000	81
6901	F9C4	8001	14
6901	F9C9	8000	82
6901	F9CF	8001	A2
6901	F9D4	8000	83
6901	F9DA	8001	01
6901	F9DF	8000	84
6901	F9E5	8001	02
6901	F9EA	8000	85
6901	F9F0	8001	14
6901	F8DB	8000	87
6901	F9B3	8000	80
6901	F9B9	8001	FC
6901	F9BE	8000	81
6901	F9C4	8001	14
6901	F9C9	8000	82
6901	F9CF	8001	00
6901	F9D4	8000	83
6901	F9DA	8001	01
6901	F9DF	8000	84
6901	F9E5	8001	02
6901	F9EA	8000	85
6901	F9F0	8001	14
6901	F8DB	8000	87
6902	FA23	8000	80
6902	FA29	8001	FC
6902	FA2E	8000	81
6902	FA34	8001	E2
6902	FA39	8000	82
6902	FA3F	8001	A2
6902	FA44	8000	83
6902	FA4A	8001	35
6902	FA4F	8000	84
6902	FA55	8001	B7
6902	FA5A	8000	85
6902	FA60	8001	BD
6902	FADD	8000	86
6902	FAE2	8001	18
6902	FAE9	8000	87
6902	FAEE	8001	19
6902	FAF8	8000	86
6902	FAFE	8001	28
6902	FB05	8000	87
6902	FB0B	8001	29
6902	FDA9	8000	86
6902	FDB1	8001	06
6902	FDBA	8000	87
6902	FDC2	8001	07
6902	FC3F	8000	86
6902	FC48	8001	06
6902	FC4F	8000	87
6902	FC58	8001	07
6902	FDA9	8000	86
6902	FDB1	8001	18
6902	FDBA	8000	87
6902	FDC2	8001	19
6902	FDA9	8000	86
6902	FDB1	8001	28
6902	FDBA	8000	87
6902	FDC2	8001	29
6902	FDA9	8000	86
6902	FDB1	8001	28
6902	FDBA	8000	87
6902	FDC2	8001	29
6902	F9B3	8000	80
6902	F9B9	8001	FC
6902	F9BE	8000	81
6902	F9C4	8001	14
6902	F9C9	8000	82
6902	F9CF	8001	A2
6902	F9D4	8000	83
6902	F9DA	8001	01
6902	F9DF	8000	84
6902	F9E5	8001	02
6902	F9EA	8000	85
6902	F9F0	8001	14
6902	F8DB	8000	87
6902	F9B3	8000	80
6902	F9B9	8001	FC
6902	F9BE	8000	81
6902	F9C4	8001	14
6902	F9C9	8000	82
6902	F9CF	8001	00
6902	F9D4	8000	83
6902	F9DA	8001	01
6902	F9DF	8000	84
6902	F9E5	8001	02
6902	F9EA	8000	85
6902	F9F0	8001	14
6902	F8DB	8000	87
6903	FA23	8000	80
6903	FA29	8001	FC
6903	FA2E	8000	81
6903	FA34	8001	E2
6903	FA39	8000	82
6903	FA3F	8001	A2
6903	FA44	8000	83
6903	FA4A	8001	35
6903	FA4F	8000	84
6903	FA55	8001	B7
6903	FA5A	8000	85
6903	FA60	8001	BD
6903	FADD	8000	86
6903	FAE2	8001	18
6903	FAE9	8000	87
6903	FAEE	8001	19
6903	FAF8	8000	86
6903	FAFE	8001	28
6903	FB05	8000	87
6903	FB0B	8001	29
6903	FDA9	8000	86
6903	FDB1	8001	06
6903	FDBA	8000	87
6903	FDC2	8001	07
6903	FC3F	8000	86
6903	FC48	8001	06
6903	FC4F	8000	87
6903	FC58	8001	07
6903	FDA9	8000	86
6903	FDB1	8001	18
6903	FDBA	8000	87
6903	FDC2	8001	19
6903	FDA9	8000	86
6903	FDB1	8001	28
6903	FDBA	8000	87
6903	FDC2	8001	29
6903	FDA9	8000	86
6903	FDB1	8001	28
6903	FDBA	8000	87
6903	FDC2	8001	29
6903	F9B3	8000	80
6903	F9B9	8001	FC
6903	F9BE	8000	81
6903	F9C4	8001	14
6903	F9C9	8000	82
6903	F9CF	8001	A2
6903	F9D4	8000	83
6903	F9DA	8001	01
6903	F9DF	8000	84
6903	F9E5	8001	02
6903	F9EA	8000	85
6903	F9F0	8001	14
6903	F8DB	8000	87
6903	F9B3	8000	80
6903	F9B9	8001	FC
6903	F9BE	8000	81
6903	F9C4	8001	14
6903	F9C9	8000	82
6903	F9CF	8001	00
6903	F9D4	8000	83
6903	F9DA	8001	01
6903	F9DF	8000	84
6903	F9E5	8001	02
6903	F9EA	8000	85
6903	F9F0	8001	14
6903	F8DB	8000	87
6904	FA23	8000	80
6904	FA29	8001	FC
6904	FA2E	8000	81
6904	FA34	8001	E2
6904	FA39	8000	82
6904	FA3F	8001	A2
6904	FA44	8000	83
6904	FA4A	8001	35
6904	FA4F	8000	84
6904	FA55	8001	B7
6904	FA5A	8000	85
6904	FA60	8001	BD
6904	FADD	8000	86
6904	FAE2	8001	18
6904	FAE9	8000	87
6904	FAEE	8001	19
6904	BF0A	8000	86
6904	C8E1	8001	00
6904	C8E6	8000	87
6904	C8EB	8001	01
6904	C900	8000	86
6904	C905	8001	18
6904	C90A	8000	87
6904	C90F	8001	19
6904	BF0A	8000	86
6904	C8E1	8001	00
6904	C8E6	8000	87
6904	C8EB	8001	01
6904	C900	8000	86
6904	C905	8001	18
6904	C90A	8000	87
6904	C90F	8001	19
6904	BF0A	8000	86
6904	C8E1	8001	00
6904	C8E6	8000	87
6904	C8EB	8001	01
6904	C900	8000	86
6904	C905	8001	18
6904	C90A	8000	87
6904	C90F	8001	19
6904	FAF8	8000	86
6904	FAFE	8001	28
6904	FB05	8000	87
6904	FB0B	8001	29
6904	FDA9	8000	86
6904	FDB1	8001	06
6904	FDBA	8000	87
6904	FDC2	8001	07
6904	FC3F	8000	86
6904	FC48	8001	06
6904	FC4F	8000	87
6904	FC58	8001	07
6904	FDA9	8000	86
6904	FDB1	8001	18
6904	FDBA	8000	87
6904	FDC2	8001	19
6904	FDA9	8000	86
6904	FDB1	8001	28
6904	FDBA	8000	87
6904	FDC2	8001	29
6904	FDA9	8000	86
6904	FDB1	8001	28
6904	FDBA	8000	87
6904	FDC2	8001	29
6904	F9B3	8000	80
6904	F9B9	8001	FC
6904	F9BE	8000	81
6904	F9C4	8001	14
6904	F9C9	8000	82
6904	F9CF	8001	A2
6904	F9D4	8000	83
6904	F9DA	8001	01
6904	F9DF	8000	84
6904	F9E5	8001	02
6904	F9EA	8000	85
6904	F9F0	8001	14
6904	F8DB	8000	87
6904	F9B3	8000	80
6904	F9B9	8001	FC
6904	F9BE	8000	81
6904	F9C4	8001	14
6904	F9C9	8000	82
6904	F9CF	8001	00
6904	F9D4	8000	83
6904	F9DA	8001	01
6904	F9DF	8000	84
6904	F9E5	8001	02
6904	F9EA	8000	85
6904	F9F0	8001	14
6904	F8DB	8000	87
6905	FA23	8000	80
6905	FA29	8001	FC
6905	FA2E	8000	81
6905	FA34	8001	E2
6905	FA39	8000	82
6905	FA3F	8001	A2
6905	FA44	8000	83
6905	FA4A	8001	35
6905	FA4F	8000	84
6905	FA55	8001	B7
6905	FA5A	8000	85
6905	FA60	8001	BD
6905	FADD	8000	86
6905	FAE2	8001	18
6905	FAE9	8000	87
6905	FAEE	8001	19
6905	FAF8	8000	86
6905	FAFE	8001	28
6905	FB05	8000	87
6905	FB0B	8001	29
6905	FDA9	8000	86
6905	FDB1	8001	06
6905	FDBA	8000	87
6905	FDC2	8001	07
6905	FC3F	8000	86
6905	FC48	8001	06
6905	FC4F	8000	87
6905	FC58	8001	07
6905	FDA9	8000	86
6905	FDB1	8001	18
6905	FDBA	8000	87
6905	FDC2	8001	19
6905	FDA9	8000	86
6905	FDB1	8001	28
6905	FDBA	8000	87
6905	FDC2	8001	29
6905	FDA9	8000	86
6905	FDB1	8001	28
6905	FDBA	8000	87
6905	FDC2	8001	29
6905	F9B3	8000	80
6905	F9B9	8001	FC
6905	F9BE	8000	81
6905	F9C4	8001	14
6905	F9C9	8000	82
6905	F9CF	8001	A2
6905	F9D4	8000	83
6905	F9DA	8001	01
6905	F9DF	8000	84
6905	F9E5	8001	02
6905	F9EA	8000	85
6905	F9F0	8001	14
6905	F8DB	8000	87
6905	F9B3	8000	80
6905	F9B9	8001	FC
6905	F9BE	8000	81
6905	F9C4	8001	14
6905	F9C9	8000	82
6905	F9CF	8001	00
6905	F9D4	8000	83
6905	F9DA	8001	01
6905	F9DF	8000	84
6905	F9E5	8001	02
6905	F9EA	8000	85
6905	F9F0	8001	14
6905	F8DB	8000	87
6906	FA23	8000	80
6906	FA29	8001	FC
6906	FA2E	8000	81
6906	FA34	8001	E2
6906	FA39	8000	82
6906	FA3F	8001	A2
6906	FA44	8000	83
6906	FA4A	8001	35
6906	FA4F	8000	84
6906	FA55	8001	B7
6906	FA5A	8000	85
6906	FA60	8001	BD
6906	FADD	8000	86
6906	FAE2	8001	18
6906	FAE9	8000	87
6906	FAEE	8001	19
6906	FAF8	8000	86
6906	FAFE	8001	28
6906	FB05	8000	87
6906	FB0B	8001	29
6906	FDA9	8000	86
6906	FDB1	8001	06
6906	FDBA	8000	87
6906	FDC2	8001	07
6906	FC3F	8000	86
6906	FC48	8001	06
6906	FC4F	8000	87
6906	FC58	8001	07
6906	FDA9	8000	86
6906	FDB1	8001	18
6906	FDBA	8000	87
6906	FDC2	8001	19
6906	FDA9	8000	86
6906	FDB1	8001	28
6906	FDBA	8000	87
6906	FDC2	8001	29
6906	FDA9	8000	86
6906	FDB1	8001	28
6906	FDBA	8000	87
6906	FDC2	8001	29
6906	F9B3	8000	80
6906	F9B9	8001	FC
6906	F9BE	8000	81
6906	F9C4	8001	14
6906	F9C9	8000	82
6906	F9CF	8001	A2
6906	F9D4	8000	83
6906	F9DA	8001	01
6906	F9DF	8000	84
6906	F9E5	8001	02
6906	F9EA	8000	85
6906	F9F0	8001	14
6906	F8DB	8000	87
6906	F9B3	8000	80
6906	F9B9	8001	FC
6906	F9BE	8000	81
6906	F9C4	8001	14
6906	F9C9	8000	82
6906	F9CF	8001	00
6906	F9D4	8000	83
6906	F9DA	8001	01
6906	F9DF	8000	84
6906	F9E5	8001	02
6906	F9EA	8000	85
6906	F9F0	8001	14
6906	F8DB	8000	87
6907	FA23	8000	80
6907	FA29	8001	FC
6907	FA2E	8000	81
6907	FA34	8001	E2
6907	FA39	8000	82
6907	FA3F	8001	A2
6907	FA44	8000	83
6907	FA4A	8001	35
6907	FA4F	8000	84
6907	FA55	8001	B7
6907	FA5A	8000	85
6907	FA60	8001	BD
6907	FADD	8000	86
6907	FAE2	8001	18
6907	FAE9	8000	87
6907	FAEE	8001	19
6907	FAF8	8000	86
6907	FAFE	8001	28
6907	FB05	8000	87
6907	FB0B	8001	29
6907	FDA9	8000	86
6907	FDB1	8001	06
6907	FDBA	8000	87
6907	FDC2	8001	07
6907	FC3F	8000	86
6907	FC48	8001	06
6907	FC4F	8000	87
6907	FC58	8001	07
6907	FDA9	8000	86
6907	FDB1	8001	18
6907	FDBA	8000	87
6907	FDC2	8001	19
6907	FDA9	8000	86
6907	FDB1	8001	28
6907	FDBA	8000	87
6907	FDC2	8001	29
6907	FDA9	8000	86
6907	FDB1	8001	28
6907	FDBA	8000	87
6907	FDC2	8001	29
6907	F9B3	8000	80
6907	F9B9	8001	FC
6907	F9BE	8000	81
6907	F9C4	8001	14
6907	F9C9	8000	82
6907	F9CF	8001	A2
6907	F9D4	8000	83
6907	F9DA	8001	01
6907	F9DF	8000	84
6907	F9E5	8001	02
6907	F9EA	8000	85
6907	F9F0	8001	14
6907	F8DB	8000	87
6907	F9B3	8000	80
6907	F9B9	8001	FC
6907	F9BE	8000	81
6907	F9C4	8001	14
6907	F9C9	8000	82
6907	F9CF	8001	00
6907	F9D4	8000	83
6907	F9DA	8001	01
6907	F9DF	8000	84
6907	F9E5	8001	02
6907	F9EA	8000	85
6907	F9F0	8001	14
6907	F8DB	8000	87
6908	FA23	8000	80
6908	FA29	8001	FC
6908	FA2E	8000	81
6908	FA34	8001	E2
6908	FA39	8000	82
6908	FA3F	8001	A2
6908	FA44	8000	83
6908	FA4A	8001	35
6908	FA4F	8000	84
6908	FA55	8001	B7
6908	FA5A	8000	85
6908	FA60	8001	BD
6908	FADD	8000	86
6908	FAE2	8001	18
6908	FAE9	8000	87
6908	FAEE	8001	19
6908	FAF8	8000	86
6908	FAFE	8001	28
6908	FB05	8000	87
6908	FB0B	8001	29
6908	FDA9	8000	86
6908	FDB1	8001	06
6908	FDBA	8000	87
6908	FDC2	8001	07
6908	FC3F	8000	86
6908	FC48	8001	06
6908	FC4F	8000	87
6908	FC58	8001	07
6908	FDA9	8000	86
6908	FDB1	8001	18
6908	FDBA	8000	87
6908	FDC2	8001	19
6908	FDA9	8000	86
6908	FDB1	8001	28
6908	FDBA	8000	87
6908	FDC2	8001	29
6908	FDA9	8000	86
6908	FDB1	8001	28
6908	FDBA	8000	87
6908	FDC2	8001	29
6908	F9B3	8000	80
6908	F9B9	8001	FC
6908	F9BE	8000	81
6908	F9C4	8001	14
6908	F9C9	8000	82
6908	F9CF	8001	A2
6908	F9D4	8000	83
6908	F9DA	8001	01
6908	F9DF	8000	84
6908	F9E5	8001	02
6908	F9EA	8000	85
6908	F9F0	8001	14
6908	F8DB	8000	87
6908	F9B3	8000	80
6908	F9B9	8001	FC
6908	F9BE	8000	81
6908	F9C4	8001	14
6908	F9C9	8000	82
6908	F9CF	8001	00
6908	F9D4	8000	83
6908	F9DA	8001	01
6908	F9DF	8000	84
6908	F9E5	8001	02
6908	F9EA	8000	85
6908	F9F0	8001	14
6908	F8DB	8000	87
6909	FA23	8000	80
6909	FA29	8001	FC
6909	FA2E	8000	81
6909	FA34	8001	E2
6909	FA39	8000	82
6909	FA3F	8001	A2
6909	FA44	8000	83
6909	FA4A	8001	35
6909	FA4F	8000	84
6909	FA55	8001	B7
6909	FA5A	8000	85
6909	FA60	8001	BD
6909	FADD	8000	86
6909	FAE2	8001	18
6909	FAE9	8000	87
6909	FAEE	8001	19
6909	FAF8	8000	86
6909	FAFE	8001	28
6909	FB05	8000	87
6909	FB0B	8001	29
6909	FDA9	8000	86
6909	FDB1	8001	06
6909	FDBA	8000	87
6909	FDC2	8001	07
6909	FC3F	8000	86
6909	FC48	8001	06
6909	FC4F	8000	87
6909	FC58	8001	07
6909	FDA9	8000	86
6909	FDB1	8001	18
6909	FDBA	8000	87
6909	FDC2	8001	19
6909	FDA9	8000	86
6909	FDB1	8001	28
6909	FDBA	8000	87
6909	FDC2	8001	29
6909	FDA9	8000	86
6909	FDB1	8001	28
6909	FDBA	8000	87
6909	FDC2	8001	29
6909	F9B3	8000	80
6909	F9B9	8001	FC
6909	F9BE	8000	81
6909	F9C4	8001	14
6909	F9C9	8000	82
6909	F9CF	8001	A2
6909	F9D4	8000	83
6909	F9DA	8001	01
6909	F9DF	8000	84
6909	F9E5	8001	02
6909	F9EA	8000	85
6909	F9F0	8001	14
6909	F8DB	8000	87
6909	F9B3	8000	80
6909	F9B9	8001	FC
6909	F9BE	8000	81
6909	F9C4	8001	14
6909	F9C9	8000	82
6909	F9CF	8001	00
6909	F9D4	8000	83
6909	F9DA	8001	01
6909	F9DF	8000	84
6909	F9E5	8001	02
6909	F9EA	8000	85
6909	F9F0	8001	14
6909	F8DB	8000	87
6910	FA23	8000	80
6910	FA29	8001	FC
6910	FA2E	8000	81
6910	FA34	8001	E2
6910	FA39	8000	82
6910	FA3F	8001	A2
6910	FA44	8000	83
6910	FA4A	8001	35
6910	FA4F	8000	84
6910	FA55	8001	B7
6910	FA5A	8000	85
6910	FA60	8001	BD
6910	FADD	8000	86
6910	FAE2	8001	18
6910	FAE9	8000	87
6910	FAEE	8001	19
6910	FAF8	8000	86
6910	FAFE	8001	28
6910	FB05	8000	87
6910	FB0B	8001	29
6910	FDA9	8000	86
6910	FDB1	8001	06
6910	FDBA	8000	87
6910	FDC2	8001	07
6910	FC3F	8000	86
6910	FC48	8001	06
6910	FC4F	8000	87
6910	FC58	8001	07
6910	FDA9	8000	86
6910	FDB1	8001	18
6910	FDBA	8000	87
6910	FDC2	8001	19
6910	FDA9	8000	86
6910	FDB1	8001	28
6910	FDBA	8000	87
6910	FDC2	8001	29
6910	FDA9	8000	86
6910	FDB1	8001	28
6910	FDBA	8000	87
6910	FDC2	8001	29
6910	F9B3	8000	80
6910	F9B9	8001	FC
6910	F9BE	8000	81
6910	F9C4	8001	14
6910	F9C9	8000	82
6910	F9CF	8001	A2
6910	F9D4	8000	83
6910	F9DA	8001	01
6910	F9DF	8000	84
6910	F9E5	8001	02
6910	F9EA	8000	85
6910	F9F0	8001	14
6910	F8DB	8000	87
6910	F9B3	8000	80
6910	F9B9	8001	FC
6910	F9BE	8000	81
6910	F9C4	8001	14
6910	F9C9	8000	82
6910	F9CF	8001	00
6910	F9D4	8000	83
6910	F9DA	8001	01
6910	F9DF	8000	84
6910	F9E5	8001	02
6910	F9EA	8000	85
6910	F9F0	8001	14
6910	F8DB	8000	87
6911	FA23	8000	80
6911	FA29	8001	FC
6911	FA2E	8000	81
6911	FA34	8001	E2
6911	FA39	8000	82
6911	FA3F	8001	A2
6911	FA44	8000	83
6911	FA4A	8001	35
6911	FA4F	8000	84
6911	FA55	8001	B7
6911	FA5A	8000	85
6911	FA60	8001	BD
6911	FADD	8000	86
6911	FAE2	8001	18
6911	FAE9	8000	87
6911	FAEE	8001	19
6911	FAF8	8000	86
6911	FAFE	8001	28
6911	FB05	8000	87
6911	FB0B	8001	29
6911	FDA9	8000	86
6911	FDB1	8001	06
6911	FDBA	8000	87
6911	FDC2	8001	07
6911	FC3F	8000	86
6911	FC48	8001	06
6911	FC4F	8000	87
6911	FC58	8001	07
6911	FDA9	8000	86
6911	FDB1	8001	18
6911	FDBA	8000	87
6911	FDC2	8001	19
6911	FDA9	8000	86
6911	FDB1	8001	28
6911	FDBA	8000	87
6911	FDC2	8001	29
6911	FDA9	8000	86
6911	FDB1	8001	28
6911	FDBA	8000	87
6911	FDC2	8001	29
6911	F9B3	8000	80
6911	F9B9	8001	FC
6911	F9BE	8000	81
6911	F9C4	8001	14
6911	F9C9	8000	82
6911	F9CF	8001	A2
6911	F9D4	8000	83
6911	F9DA	8001	01
6911	F9DF	8000	84
6911	F9E5	8001	02
6911	F9EA	8000	85
6911	F9F0	8001	14
6911	F8DB	8000	87
6911	F9B3	8000	80
6911	F9B9	8001	FC
6911	F9BE	8000	81
6911	F9C4	8001	14
6911	F9C9	8000	82
6911	F9CF	8001	00
6911	F9D4	8000	83
6911	F9DA	8001	01
6911	F9DF	8000	84
6911	F9E5	8001	02
6911	F9EA	8000	85
6911	F9F0	8001	14
6911	F8DB	8000	87
6912	FA23	8000	80
6912	FA29	8001	FC
6912	FA2E	8000	81
6912	FA34	8001	E2
6912	FA39	8000	82
6912	FA3F	8001	A2
6912	FA44	8000	83
6912	FA4A	8001	35
6912	FA4F	8000	84
6912	FA55	8001	B7
6912	FA5A	8000	85
6912	FA60	8001	BD
6912	FADD	8000	86
6912	FAE2	8001	18
6912	FAE9	8000	87
6912	FAEE	8001	19
6912	FAF8	8000	86
6912	FAFE	8001	28
6912	FB05	8000	87
6912	FB0B	8001	29
6912	FDA9	8000	86
6912	FDB1	8001	06
6912	FDBA	8000	87
6912	FDC2	8001	07
6912	FC3F	8000	86
6912	FC48	8001	06
6912	FC4F	8000	87
6912	FC58	8001	07
6912	FDA9	8000	86
6912	FDB1	8001	18
6912	FDBA	8000	87
6912	FDC2	8001	19
6912	FDA9	8000	86
6912	FDB1	8001	28
6912	FDBA	8000	87
6912	FDC2	8001	29
6912	FDA9	8000	86
6912	FDB1	8001	28
6912	FDBA	8000	87
6912	FDC2	8001	29
6912	F9B3	8000	80
6912	F9B9	8001	FC
6912	F9BE	8000	81
6912	F9C4	8001	14
6912	F9C9	8000	82
6912	F9CF	8001	A2
6912	F9D4	8000	83
6912	F9DA	8001	01
6912	F9DF	8000	84
6912	F9E5	8001	02
6912	F9EA	8000	85
6912	F9F0	8001	14
6912	F8DB	8000	87
6912	F9B3	8000	80
6912	F9B9	8001	FC
6912	F9BE	8000	81
6912	F9C4	8001	14
6912	F9C9	8000	82
6912	F9CF	8001	00
6912	F9D4	8000	83
6912	F9DA	8001	01
6912	F9DF	8000	84
6912	F9E5	8001	02
6912	F9EA	8000	85
6912	F9F0	8001	14
6912	F8DB	8000	87
6913	FA23	8000	80
6913	FA29	8001	FC
6913	FA2E	8000	81
6913	FA34	8001	E2
6913	FA39	8000	82
6913	FA3F	8001	A2
6913	FA44	8000	83
6913	FA4A	8001	35
6913	FA4F	8000	84
6913	FA55	8001	B7
6913	FA5A	8000	85
6913	FA60	8001	BD
6913	FADD	8000	86
6913	FAE2	8001	18
6913	FAE9	8000	87
6913	FAEE	8001	19
6913	FAF8	8000	86
6913	FAFE	8001	28
6913	FB05	8000	87
6913	FB0B	8001	29
6913	FDA9	8000	86
6913	FDB1	8001	06
6913	FDBA	8000	87
6913	FDC2	8001	07
6913	FC3F	8000	86
6913	FC48	8001	06
6913	FC4F	8000	87
6913	FC58	8001	07
6913	FDA9	8000	86
6913	FDB1	8001	18
6913	FDBA	8000	87
6913	FDC2	8001	19
6913	FDA9	8000	86
6913	FDB1	8001	28
6913	FDBA	8000	87
6913	FDC2	8001	29
6913	FDA9	8000	86
6913	FDB1	8001	28
6913	FDBA	8000	87
6913	FDC2	8001	29
6913	F9B3	8000	80
6913	F9B9	8001	FC
6913	F9BE	8000	81
6913	F9C4	8001	14
6913	F9C9	8000	82
6913	F9CF	8001	A2
6913	F9D4	8000	83
6913	F9DA	8001	01
6913	F9DF	8000	84
6913	F9E5	8001	02
6913	F9EA	8000	85
6913	F9F0	8001	14
6913	F8DB	8000	87
6913	F9B3	8000	80
6913	F9B9	8001	FC
6913	F9BE	8000	81
6913	F9C4	8001	14
6913	F9C9	8000	82
6913	F9CF	8001	00
6913	F9D4	8000	83
6913	F9DA	8001	01
6913	F9DF	8000	84
6913	F9E5	8001	02
6913	F9EA	8000	85
6913	F9F0	8001	14
6913	F8DB	8000	87
6914	FA23	8000	80
6914	FA29	8001	FC
6914	FA2E	8000	81
6914	FA34	8001	E2
6914	FA39	8000	82
6914	FA3F	8001	A2
6914	FA44	8000	83
6914	FA4A	8001	35
6914	FA4F	8000	84
6914	FA55	8001	B7
6914	FA5A	8000	85
6914	FA60	8001	BD
6914	FADD	8000	86
6914	FAE2	8001	18
6914	FAE9	8000	87
6914	FAEE	8001	19
6914	BF0A	8000	86
6914	C8E1	8001	00
6914	C8E6	8000	87
6914	C8EB	8001	01
6914	C900	8000	86
6914	C905	8001	18
6914	C90A	8000	87
6914	C90F	8001	19
6914	BF0A	8000	86
6914	C8E1	8001	00
6914	C8E6	8000	87
6914	C8EB	8001	01
6914	C900	8000	86
6914	C905	8001	18
6914	C90A	8000	87
6914	C90F	8001	19
6914	BF0A	8000	86
6914	C8E1	8001	00
6914	C8E6	8000	87
6914	C8EB	8001	01
6914	C900	8000	86
6914	C905	8001	18
6914	C90A	8000	87
6914	C90F	8001	19
6914	FAF8	8000	86
6914	FAFE	8001	28
6914	FB05	8000	87
6914	FB0B	8001	29
6914	FDA9	8000	86
6914	FDB1	8001	06
6914	FDBA	8000	87
6914	FDC2	8001	07
6914	FC3F	8000	86
6914	FC48	8001	06
6914	FC4F	8000	87
6914	FC58	8001	07
6914	FDA9	8000	86
6914	FDB1	8001	18
6914	FDBA	8000	87
6914	FDC2	8001	19
6914	FDA9	8000	86
6914	FDB1	8001	28
6914	FDBA	8000	87
6914	FDC2	8001	29
6914	FDA9	8000	86
6914	FDB1	8001	28
6914	FDBA	8000	87
6914	FDC2	8001	29
6914	F9B3	8000	80
6914	F9B9	8001	FC
6914	F9BE	8000	81
6914	F9C4	8001	14
6914	F9C9	8000	82
6914	F9CF	8001	A2
6914	F9D4	8000	83
6914	F9DA	8001	01
6914	F9DF	8000	84
6914	F9E5	8001	02
6914	F9EA	8000	85
6914	F9F0	8001	14
6914	F8DB	8000	87
6914	F9B3	8000	80
6914	F9B9	8001	FC
6914	F9BE	8000	81
6914	F9C4	8001	14
6914	F9C9	8000	82
6914	F9CF	8001	00
6914	F9D4	8000	83
6914	F9DA	8001	01
6914	F9DF	8000	84
6914	F9E5	8001	02
6914	F9EA	8000	85
6914	F9F0	8001	14
6914	F8DB	8000	87
6915	FA23	8000	80
6915	FA29	8001	FC
6915	FA2E	8000	81
6915	FA34	8001	E2
6915	FA39	8000	82
6915	FA3F	8001	A2
6915	FA44	8000	83
6915	FA4A	8001	35
6915	FA4F	8000	84
6915	FA55	8001	B7
6915	FA5A	8000	85
6915	FA60	8001	BD
6915	FADD	8000	86
6915	FAE2	8001	18
6915	FAE9	8000	87
6915	FAEE	8001	19
6915	FAF8	8000	86
6915	FAFE	8001	28
6915	FB05	8000	87
6915	FB0B	8001	29
6915	FDA9	8000	86
6915	FDB1	8001	06
6915	FDBA	8000	87
6915	FDC2	8001	07
6915	FC3F	8000	86
6915	FC48	8001	06
6915	FC4F	8000	87
6915	FC58	8001	07
6915	FDA9	8000	86
6915	FDB1	8001	18
6915	FDBA	8000	87
6915	FDC2	8001	19
6915	FDA9	8000	86
6915	FDB1	8001	28
6915	FDBA	8000	87
6915	FDC2	8001	29
6915	FDA9	8000	86
6915	FDB1	8001	28
6915	FDBA	8000	87
6915	FDC2	8001	29
6915	F9B3	8000	80
6915	F9B9	8001	FC
6915	F9BE	8000	81
6915	F9C4	8001	14
6915	F9C9	8000	82
6915	F9CF	8001	A2
6915	F9D4	8000	83
6915	F9DA	8001	01
6915	F9DF	8000	84
6915	F9E5	8001	02
6915	F9EA	8000	85
6915	F9F0	8001	14
6915	F8DB	8000	87
6915	F9B3	8000	80
6915	F9B9	8001	FC
6915	F9BE	8000	81
6915	F9C4	8001	14
6915	F9C9	8000	82
6915	F9CF	8001	00
6915	F9D4	8000	83
6915	F9DA	8001	01
6915	F9DF	8000	84
6915	F9E5	8001	02
6915	F9EA	8000	85
6915	F9F0	8001	14
6915	F8DB	8000	87
6916	FA23	8000	80
6916	FA29	8001	FC
6916	FA2E	8000	81
6916	FA34	8001	E2
6916	FA39	8000	82
6916	FA3F	8001	A2
6916	FA44	8000	83
6916	FA4A	8001	35
6916	FA4F	8000	84
6916	FA55	8001	B7
6916	FA5A	8000	85
6916	FA60	8001	BD
6916	FADD	8000	86
6916	FAE2	8001	18
6916	FAE9	8000	87
6916	FAEE	8001	19
6916	FAF8	8000	86
6916	FAFE	8001	28
6916	FB05	8000	87
6916	FB0B	8001	29
6916	FDA9	8000	86
6916	FDB1	8001	06
6916	FDBA	8000	87
6916	FDC2	8001	07
6916	FC3F	8000	86
6916	FC48	8001	06
6916	FC4F	8000	87
6916	FC58	8001	07
6916	FDA9	8000	86
6916	FDB1	8001	18
6916	FDBA	8000	87
6916	FDC2	8001	19
6916	FDA9	8000	86
6916	FDB1	8001	28
6916	FDBA	8000	87
6916	FDC2	8001	29
6916	FDA9	8000	86
6916	FDB1	8001	28
6916	FDBA	8000	87
6916	FDC2	8001	29
6916	F9B3	8000	80
6916	F9B9	8001	FC
6916	F9BE	8000	81
6916	F9C4	8001	14
6916	F9C9	8000	82
6916	F9CF	8001	A2
6916	F9D4	8000	83
6916	F9DA	8001	01
6916	F9DF	8000	84
6916	F9E5	8001	02
6916	F9EA	8000	85
6916	F9F0	8001	14
6916	F8DB	8000	87
6916	F9B3	8000	80
6916	F9B9	8001	FC
6916	F9BE	8000	81
6916	F9C4	8001	14
6916	F9C9	8000	82
6916	F9CF	8001	00
6916	F9D4	8000	83
6916	F9DA	8001	01
6916	F9DF	8000	84
6916	F9E5	8001	02
6916	F9EA	8000	85
6916	F9F0	8001	14
6916	F8DB	8000	87
6917	FA23	8000	80
6917	FA29	8001	FC
6917	FA2E	8000	81
6917	FA34	8001	E2
6917	FA39	8000	82
6917	FA3F	8001	A2
6917	FA44	8000	83
6917	FA4A	8001	35
6917	FA4F	8000	84
6917	FA55	8001	B7
6917	FA5A	8000	85
6917	FA60	8001	BD
6917	FADD	8000	86
6917	FAE2	8001	18
6917	FAE9	8000	87
6917	FAEE	8001	19
6917	FAF8	8000	86
6917	FAFE	8001	28
6917	FB05	8000	87
6917	FB0B	8001	29
6917	FDA9	8000	86
6917	FDB1	8001	06
6917	FDBA	8000	87
6917	FDC2	8001	07
6917	FC3F	8000	86
6917	FC48	8001	06
6917	FC4F	8000	87
6917	FC58	8001	07
6917	FDA9	8000	86
6917	FDB1	8001	18
6917	FDBA	8000	87
6917	FDC2	8001	19
6917	FDA9	8000	86
6917	FDB1	8001	28
6917	FDBA	8000	87
6917	FDC2	8001	29
6917	FDA9	8000	86
6917	FDB1	8001	28
6917	FDBA	8000	87
6917	FDC2	8001	29
6917	F9B3	8000	80
6917	F9B9	8001	FC
6917	F9BE	8000	81
6917	F9C4	8001	14
6917	F9C9	8000	82
6917	F9CF	8001	A2
6917	F9D4	8000	83
6917	F9DA	8001	01
6917	F9DF	8000	84
6917	F9E5	8001	02
6917	F9EA	8000	85
6917	F9F0	8001	14
6917	F8DB	8000	87
6917	F9B3	8000	80
6917	F9B9	8001	FC
6917	F9BE	8000	81
6917	F9C4	8001	14
6917	F9C9	8000	82
6917	F9CF	8001	00
6917	F9D4	8000	83
6917	F9DA	8001	01
6917	F9DF	8000	84
6917	F9E5	8001	02
6917	F9EA	8000	85
6917	F9F0	8001	14
6917	F8DB	8000	87
6918	FA23	8000	80
6918	FA29	8001	FC
6918	FA2E	8000	81
6918	FA34	8001	E2
6918	FA39	8000	82
6918	FA3F	8001	A2
6918	FA44	8000	83
6918	FA4A	8001	35
6918	FA4F	8000	84
6918	FA55	8001	B7
6918	FA5A	8000	85
6918	FA60	8001	BD
6918	FADD	8000	86
6918	FAE2	8001	18
6918	FAE9	8000	87
6918	FAEE	8001	19
6918	FAF8	8000	86
6918	FAFE	8001	28
6918	FB05	8000	87
6918	FB0B	8001	29
6918	FDA9	8000	86
6918	FDB1	8001	06
6918	FDBA	8000	87
6918	FDC2	8001	07
6918	FC3F	8000	86
6918	FC48	8001	06
6918	FC4F	8000	87
6918	FC58	8001	07
6918	FDA9	8000	86
6918	FDB1	8001	18
6918	FDBA	8000	87
6918	FDC2	8001	19
6918	FDA9	8000	86
6918	FDB1	8001	28
6918	FDBA	8000	87
6918	FDC2	8001	29
6918	FDA9	8000	86
6918	FDB1	8001	28
6918	FDBA	8000	87
6918	FDC2	8001	29
6918	F9B3	8000	80
6918	F9B9	8001	FC
6918	F9BE	8000	81
6918	F9C4	8001	14
6918	F9C9	8000	82
6918	F9CF	8001	A2
6918	F9D4	8000	83
6918	F9DA	8001	01
6918	F9DF	8000	84
6918	F9E5	8001	02
6918	F9EA	8000	85
6918	F9F0	8001	14
6918	F8DB	8000	87
6918	F9B3	8000	80
6918	F9B9	8001	FC
6918	F9BE	8000	81
6918	F9C4	8001	14
6918	F9C9	8000	82
6918	F9CF	8001	00
6918	F9D4	8000	83
6918	F9DA	8001	01
6918	F9DF	8000	84
6918	F9E5	8001	02
6918	F9EA	8000	85
6918	F9F0	8001	14
6918	F8DB	8000	87
6919	FA23	8000	80
6919	FA29	8001	FC
6919	FA2E	8000	81
6919	FA34	8001	E2
6919	FA39	8000	82
6919	FA3F	8001	A2
6919	FA44	8000	83
6919	FA4A	8001	35
6919	FA4F	8000	84
6919	FA55	8001	B7
6919	FA5A	8000	85
6919	FA60	8001	BD
6919	FADD	8000	86
6919	FAE2	8001	18
6919	FAE9	8000	87
6919	FAEE	8001	19
6919	FAF8	8000	86
6919	FAFE	8001	28
6919	FB05	8000	87
6919	FB0B	8001	29
6919	FDA9	8000	86
6919	FDB1	8001	06
6919	FDBA	8000	87
6919	FDC2	8001	07
6919	FC3F	8000	86
6919	FC48	8001	06
6919	FC4F	8000	87
6919	FC58	8001	07
6919	FDA9	8000	86
6919	FDB1	8001	18
6919	FDBA	8000	87
6919	FDC2	8001	19
6919	FDA9	8000	86
6919	FDB1	8001	28
6919	FDBA	8000	87
6919	FDC2	8001	29
6919	FDA9	8000	86
6919	FDB1	8001	28
6919	FDBA	8000	87
6919	FDC2	8001	29
6919	F9B3	8000	80
6919	F9B9	8001	FC
6919	F9BE	8000	81
6919	F9C4	8001	14
6919	F9C9	8000	82
6919	F9CF	8001	A2
6919	F9D4	8000	83
6919	F9DA	8001	01
6919	F9DF	8000	84
6919	F9E5	8001	02
6919	F9EA	8000	85
6919	F9F0	8001	14
6919	F8DB	8000	87
6919	F9B3	8000	80
6919	F9B9	8001	FC
6919	F9BE	8000	81
6919	F9C4	8001	14
6919	F9C9	8000	82
6919	F9CF	8001	00
6919	F9D4	8000	83
6919	F9DA	8001	01
6919	F9DF	8000	84
6919	F9E5	8001	02
6919	F9EA	8000	85
6919	F9F0	8001	14
6919	F8DB	8000	87
6920	FA23	8000	80
6920	FA29	8001	FC
6920	FA2E	8000	81
6920	FA34	8001	E2
6920	FA39	8000	82
6920	FA3F	8001	A2
6920	FA44	8000	83
6920	FA4A	8001	35
6920	FA4F	8000	84
6920	FA55	8001	B7
6920	FA5A	8000	85
6920	FA60	8001	BD
6920	FADD	8000	86
6920	FAE2	8001	18
6920	FAE9	8000	87
6920	FAEE	8001	19
6920	FAF8	8000	86
6920	FAFE	8001	28
6920	FB05	8000	87
6920	FB0B	8001	29
6920	FDA9	8000	86
6920	FDB1	8001	06
6920	FDBA	8000	87
6920	FDC2	8001	07
6920	FC3F	8000	86
6920	FC48	8001	06
6920	FC4F	8000	87
6920	FC58	8001	07
6920	FDA9	8000	86
6920	FDB1	8001	18
6920	FDBA	8000	87
6920	FDC2	8001	19
6920	FDA9	8000	86
6920	FDB1	8001	28
6920	FDBA	8000	87
6920	FDC2	8001	29
6920	FDA9	8000	86
6920	FDB1	8001	28
6920	FDBA	8000	87
6920	FDC2	8001	29
6920	F9B3	8000	80
6920	F9B9	8001	FC
6920	F9BE	8000	81
6920	F9C4	8001	14
6920	F9C9	8000	82
6920	F9CF	8001	A2
6920	F9D4	8000	83
6920	F9DA	8001	01
6920	F9DF	8000	84
6920	F9E5	8001	02
6920	F9EA	8000	85
6920	F9F0	8001	14
6920	F8DB	8000	87
6920	F9B3	8000	80
6920	F9B9	8001	FC
6920	F9BE	8000	81
6920	F9C4	8001	14
6920	F9C9	8000	82
6920	F9CF	8001	00
6920	F9D4	8000	83
6920	F9DA	8001	01
6920	F9DF	8000	84
6920	F9E5	8001	02
6920	F9EA	8000	85
6920	F9F0	8001	14
6920	F8DB	8000	87
6921	FA23	8000	80
6921	FA29	8001	FC
6921	FA2E	8000	81
6921	FA34	8001	E2
6921	FA39	8000	82
6921	FA3F	8001	A2
6921	FA44	8000	83
6921	FA4A	8001	35
6921	FA4F	8000	84
6921	FA55	8001	B7
6921	FA5A	8000	85
6921	FA60	8001	BD
6921	FADD	8000	86
6921	FAE2	8001	18
6921	FAE9	8000	87
6921	FAEE	8001	19
6921	FAF8	8000	86
6921	FAFE	8001	28
6921	FB05	8000	87
6921	FB0B	8001	29
6921	FDA9	8000	86
6921	FDB1	8001	06
6921	FDBA	8000	87
6921	FDC2	8001	07
6921	FC3F	8000	86
6921	FC48	8001	06
6921	FC4F	8000	87
6921	FC58	8001	07
6921	FDA9	8000	86
6921	FDB1	8001	18
6921	FDBA	8000	87
6921	FDC2	8001	19
6921	FDA9	8000	86
6921	FDB1	8001	28
6921	FDBA	8000	87
6921	FDC2	8001	29
6921	FDA9	8000	86
6921	FDB1	8001	28
6921	FDBA	8000	87
6921	FDC2	8001	29
6921	F9B3	8000	80
6921	F9B9	8001	FC
6921	F9BE	8000	81
6921	F9C4	8001	14
6921	F9C9	8000	82
6921	F9CF	8001	A2
6921	F9D4	8000	83
6921	F9DA	8001	01
6921	F9DF	8000	84
6921	F9E5	8001	02
6921	F9EA	8000	85
6921	F9F0	8001	14
6921	F8DB	8000	87
6921	F9B3	8000	80
6921	F9B9	8001	FC
6921	F9BE	8000	81
6921	F9C4	8001	14
6921	F9C9	8000	82
6921	F9CF	8001	00
6921	F9D4	8000	83
6921	F9DA	8001	01
6921	F9DF	8000	84
6921	F9E5	8001	02
6921	F9EA	8000	85
6921	F9F0	8001	14
6921	F8DB	8000	87
6922	FA23	8000	80
6922	FA29	8001	FC
6922	FA2E	8000	81
6922	FA34	8001	E2
6922	FA39	8000	82
6922	FA3F	8001	A2
6922	FA44	8000	83
6922	FA4A	8001	35
6922	FA4F	8000	84
6922	FA55	8001	B7
6922	FA5A	8000	85
6922	FA60	8001	BD
6922	FADD	8000	86
6922	FAE2	8001	18
6922	FAE9	8000	87
6922	FAEE	8001	19
6922	FAF8	8000	86
6922	FAFE	8001	28
6922	FB05	8000	87
6922	FB0B	8001	29
6922	FDA9	8000	86
6922	FDB1	8001	06
6922	FDBA	8000	87
6922	FDC2	8001	07
6922	FC3F	8000	86
6922	FC48	8001	06
6922	FC4F	8000	87
6922	FC58	8001	07
6922	FDA9	8000	86
6922	FDB1	8001	18
6922	FDBA	8000	87
6922	FDC2	8001	19
6922	FDA9	8000	86
6922	FDB1	8001	28
6922	FDBA	8000	87
6922	FDC2	8001	29
6922	FDA9	8000	86
6922	FDB1	8001	28
6922	FDBA	8000	87
6922	FDC2	8001	29
6922	F9B3	8000	80
6922	F9B9	8001	FC
6922	F9BE	8000	81
6922	F9C4	8001	14
6922	F9C9	8000	82
6922	F9CF	8001	A2
6922	F9D4	8000	83
6922	F9DA	8001	01
6922	F9DF	8000	84
6922	F9E5	8001	02
6922	F9EA	8000	85
6922	F9F0	8001	14
6922	F8DB	8000	87
6922	F9B3	8000	80
6922	F9B9	8001	FC
6922	F9BE	8000	81
6922	F9C4	8001	14
6922	F9C9	8000	82
6922	F9CF	8001	00
6922	F9D4	8000	83
6922	F9DA	8001	01
6922	F9DF	8000	84
6922	F9E5	8001	02
6922	F9EA	8000	85
6922	F9F0	8001	14
6922	F8DB	8000	87
6923	FA23	8000	80
6923	FA29	8001	FC
6923	FA2E	8000	81
6923	FA34	8001	E2
6923	FA39	8000	82
6923	FA3F	8001	A2
6923	FA44	8000	83
6923	FA4A	8001	35
6923	FA4F	8000	84
6923	FA55	8001	B7
6923	FA5A	8000	85
6923	FA60	8001	BD
6923	FADD	8000	86
6923	FAE2	8001	18
6923	FAE9	8000	87
6923	FAEE	8001	19
6923	FAF8	8000	86
6923	FAFE	8001	28
6923	FB05	8000	87
6923	FB0B	8001	29
6923	FDA9	8000	86
6923	FDB1	8001	06
6923	FDBA	8000	87
6923	FDC2	8001	07
6923	FC3F	8000	86
6923	FC48	8001	06
6923	FC4F	8000	87
6923	FC58	8001	07
6923	FDA9	8000	86
6923	FDB1	8001	18
6923	FDBA	8000	87
6923	FDC2	8001	19
6923	FDA9	8000	86
6923	FDB1	8001	28
6923	FDBA	8000	87
6923	FDC2	8001	29
6923	FDA9	8000	86
6923	FDB1	8001	28
6923	FDBA	8000	87
6923	FDC2	8001	29
6923	F9B3	8000	80
6923	F9B9	8001	FC
6923	F9BE	8000	81
6923	F9C4	8001	14
6923	F9C9	8000	82
6923	F9CF	8001	A2
6923	F9D4	8000	83
6923	F9DA	8001	01
6923	F9DF	8000	84
6923	F9E5	8001	02
6923	F9EA	8000	85
6923	F9F0	8001	14
6923	F8DB	8000	87
6923	F9B3	8000	80
6923	F9B9	8001	FC
6923	F9BE	8000	81
6923	F9C4	8001	14
6923	F9C9	8000	82
6923	F9CF	8001	00
6923	F9D4	8000	83
6923	F9DA	8001	01
6923	F9DF	8000	84
6923	F9E5	8001	02
6923	F9EA	8000	85
6923	F9F0	8001	14
6923	F8DB	8000	87
6924	FA23	8000	80
6924	FA29	8001	FC
6924	FA2E	8000	81
6924	FA34	8001	E2
6924	FA39	8000	82
6924	FA3F	8001	A2
6924	FA44	8000	83
6924	FA4A	8001	35
6924	FA4F	8000	84
6924	FA55	8001	B7
6924	FA5A	8000	85
6924	FA60	8001	BD
6924	FADD	8000	86
6924	FAE2	8001	18
6924	FAE9	8000	87
6924	FAEE	8001	19
6924	BF0A	8000	86
6924	C8E1	8001	00
6924	C8E6	8000	87
6924	C8EB	8001	01
6924	C900	8000	86
6924	C905	8001	18
6924	C90A	8000	87
6924	C90F	8001	19
6924	BF0A	8000	86
6924	C8E1	8001	00
6924	C8E6	8000	87
6924	C8EB	8001	01
6924	C900	8000	86
6924	C905	8001	18
6924	C90A	8000	87
6924	C90F	8001	19
6924	BF0A	8000	86
6924	C8E1	8001	00
6924	C8E6	8000	87
6924	C8EB	8001	01
6924	C900	8000	86
6924	C905	8001	18
6924	C90A	8000	87
6924	C90F	8001	19
6924	FAF8	8000	86
6924	FAFE	8001	28
6924	FB05	8000	87
6924	FB0B	8001	29
6924	FDA9	8000	86
6924	FDB1	8001	06
6924	FDBA	8000	87
6924	FDC2	8001	07
6924	FC3F	8000	86
6924	FC48	8001	06
6924	FC4F	8000	87
6924	FC58	8001	07
6924	FDA9	8000	86
6924	FDB1	8001	18
6924	FDBA	8000	87
6924	FDC2	8001	19
6924	FDA9	8000	86
6924	FDB1	8001	28
6924	FDBA	8000	87
6924	FDC2	8001	29
6924	FDA9	8000	86
6924	FDB1	8001	28
6924	FDBA	8000	87
6924	FDC2	8001	29
6924	F9B3	8000	80
6924	F9B9	8001	FC
6924	F9BE	8000	81
6924	F9C4	8001	14
6924	F9C9	8000	82
6924	F9CF	8001	A2
6924	F9D4	8000	83
6924	F9DA	8001	01
6924	F9DF	8000	84
6924	F9E5	8001	02
6924	F9EA	8000	85
6924	F9F0	8001	14
6924	F8DB	8000	87
6924	F9B3	8000	80
6924	F9B9	8001	FC
6924	F9BE	8000	81
6924	F9C4	8001	14
6924	F9C9	8000	82
6924	F9CF	8001	00
6924	F9D4	8000	83
6924	F9DA	8001	01
6924	F9DF	8000	84
6924	F9E5	8001	02
6924	F9EA	8000	85
6924	F9F0	8001	14
6924	F8DB	8000	87
6925	FA23	8000	80
6925	FA29	8001	FC
6925	FA2E	8000	81
6925	FA34	8001	E2
6925	FA39	8000	82
6925	FA3F	8001	A2
6925	FA44	8000	83
6925	FA4A	8001	35
6925	FA4F	8000	84
6925	FA55	8001	B7
6925	FA5A	8000	85
6925	FA60	8001	BD
6925	FADD	8000	86
6925	FAE2	8001	18
6925	FAE9	8000	87
6925	FAEE	8001	19
6925	FAF8	8000	86
6925	FAFE	8001	28
6925	FB05	8000	87
6925	FB0B	8001	29
6925	FDA9	8000	86
6925	FDB1	8001	06
6925	FDBA	8000	87
6925	FDC2	8001	07
6925	FC3F	8000	86
6925	FC48	8001	06
6925	FC4F	8000	87
6925	FC58	8001	07
6925	FDA9	8000	86
6925	FDB1	8001	18
6925	FDBA	8000	87
6925	FDC2	8001	19
6925	FDA9	8000	86
6925	FDB1	8001	28
6925	FDBA	8000	87
6925	FDC2	8001	29
6925	FDA9	8000	86
6925	FDB1	8001	28
6925	FDBA	8000	87
6925	FDC2	8001	29
6925	F9B3	8000	80
6925	F9B9	8001	FC
6925	F9BE	8000	81
6925	F9C4	8001	14
6925	F9C9	8000	82
6925	F9CF	8001	A2
6925	F9D4	8000	83
6925	F9DA	8001	01
6925	F9DF	8000	84
6925	F9E5	8001	02
6925	F9EA	8000	85
6925	F9F0	8001	14
6925	F8DB	8000	87
6925	F9B3	8000	80
6925	F9B9	8001	FC
6925	F9BE	8000	81
6925	F9C4	8001	14
6925	F9C9	8000	82
6925	F9CF	8001	00
6925	F9D4	8000	83
6925	F9DA	8001	01
6925	F9DF	8000	84
6925	F9E5	8001	02
6925	F9EA	8000	85
6925	F9F0	8001	14
6925	F8DB	8000	87
6926	FA23	8000	80
6926	FA29	8001	FC
6926	FA2E	8000	81
6926	FA34	8001	E2
6926	FA39	8000	82
6926	FA3F	8001	A2
6926	FA44	8000	83
6926	FA4A	8001	35
6926	FA4F	8000	84
6926	FA55	8001	B7
6926	FA5A	8000	85
6926	FA60	8001	BD
6926	FADD	8000	86
6926	FAE2	8001	18
6926	FAE9	8000	87
6926	FAEE	8001	19
6926	FAF8	8000	86
6926	FAFE	8001	28
6926	FB05	8000	87
6926	FB0B	8001	29
6926	FDA9	8000	86
6926	FDB1	8001	06
6926	FDBA	8000	87
6926	FDC2	8001	07
6926	FC3F	8000	86
6926	FC48	8001	06
6926	FC4F	8000	87
6926	FC58	8001	07
6926	FDA9	8000	86
6926	FDB1	8001	18
6926	FDBA	8000	87
6926	FDC2	8001	19
6926	FDA9	8000	86
6926	FDB1	8001	28
6926	FDBA	8000	87
6926	FDC2	8001	29
6926	FDA9	8000	86
6926	FDB1	8001	28
6926	FDBA	8000	87
6926	FDC2	8001	29
6926	F9B3	8000	80
6926	F9B9	8001	FC
6926	F9BE	8000	81
6926	F9C4	8001	14
6926	F9C9	8000	82
6926	F9CF	8001	A2
6926	F9D4	8000	83
6926	F9DA	8001	01
6926	F9DF	8000	84
6926	F9E5	8001	02
6926	F9EA	8000	85
6926	F9F0	8001	14
6926	F8DB	8000	87
6926	F9B3	8000	80
6926	F9B9	8001	FC
6926	F9BE	8000	81
6926	F9C4	8001	14
6926	F9C9	8000	82
6926	F9CF	8001	00
6926	F9D4	8000	83
6926	F9DA	8001	01
6926	F9DF	8000	84
6926	F9E5	8001	02
6926	F9EA	8000	85
6926	F9F0	8001	14
6926	F8DB	8000	87
6927	FA23	8000	80
6927	FA29	8001	FC
6927	FA2E	8000	81
6927	FA34	8001	E2
6927	FA39	8000	82
6927	FA3F	8001	A2
6927	FA44	8000	83
6927	FA4A	8001	35
6927	FA4F	8000	84
6927	FA55	8001	B7
6927	FA5A	8000	85
6927	FA60	8001	BD
6927	FADD	8000	86
6927	FAE2	8001	18
6927	FAE9	8000	87
6927	FAEE	8001	19
6927	FAF8	8000	86
6927	FAFE	8001	28
6927	FB05	8000	87
6927	FB0B	8001	29
6927	FDA9	8000	86
6927	FDB1	8001	06
6927	FDBA	8000	87
6927	FDC2	8001	07
6927	FC3F	8000	86
6927	FC48	8001	06
6927	FC4F	8000	87
6927	FC58	8001	07
6927	FDA9	8000	86
6927	FDB1	8001	18
6927	FDBA	8000	87
6927	FDC2	8001	19
6927	FDA9	8000	86
6927	FDB1	8001	28
6927	FDBA	8000	87
6927	FDC2	8001	29
6927	FDA9	8000	86
6927	FDB1	8001	28
6927	FDBA	8000	87
6927	FDC2	8001	29
6927	F9B3	8000	80
6927	F9B9	8001	FC
6927	F9BE	8000	81
6927	F9C4	8001	14
6927	F9C9	8000	82
6927	F9CF	8001	A2
6927	F9D4	8000	83
6927	F9DA	8001	01
6927	F9DF	8000	84
6927	F9E5	8001	02
6927	F9EA	8000	85
6927	F9F0	8001	14
6927	F8DB	8000	87
6927	F9B3	8000	80
6927	F9B9	8001	FC
6927	F9BE	8000	81
6927	F9C4	8001	14
6927	F9C9	8000	82
6927	F9CF	8001	00
6927	F9D4	8000	83
6927	F9DA	8001	01
6927	F9DF	8000	84
6927	F9E5	8001	02
6927	F9EA	8000	85
6927	F9F0	8001	14
6927	F8DB	8000	87
6928	FA23	8000	80
6928	FA29	8001	FC
6928	FA2E	8000	81
6928	FA34	8001	E2
6928	FA39	8000	82
6928	FA3F	8001	A2
6928	FA44	8000	83
6928	FA4A	8001	35
6928	FA4F	8000	84
6928	FA55	8001	B7
6928	FA5A	8000	85
6928	FA60	8001	BD
6928	FADD	8000	86
6928	FAE2	8001	18
6928	FAE9	8000	87
6928	FAEE	8001	19
6928	FAF8	8000	86
6928	FAFE	8001	28
6928	FB05	8000	87
6928	FB0B	8001	29
6928	FDA9	8000	86
6928	FDB1	8001	06
6928	FDBA	8000	87
6928	FDC2	8001	07
6928	FC3F	8000	86
6928	FC48	8001	06
6928	FC4F	8000	87
6928	FC58	8001	07
6928	FDA9	8000	86
6928	FDB1	8001	18
6928	FDBA	8000	87
6928	FDC2	8001	19
6928	FDA9	8000	86
6928	FDB1	8001	28
6928	FDBA	8000	87
6928	FDC2	8001	29
6928	FDA9	8000	86
6928	FDB1	8001	28
6928	FDBA	8000	87
6928	FDC2	8001	29
6928	F9B3	8000	80
6928	F9B9	8001	FC
6928	F9BE	8000	81
6928	F9C4	8001	14
6928	F9C9	8000	82
6928	F9CF	8001	A2
6928	F9D4	8000	83
6928	F9DA	8001	01
6928	F9DF	8000	84
6928	F9E5	8001	02
6928	F9EA	8000	85
6928	F9F0	8001	14
6928	F8DB	8000	87
6928	F9B3	8000	80
6928	F9B9	8001	FC
6928	F9BE	8000	81
6928	F9C4	8001	14
6928	F9C9	8000	82
6928	F9CF	8001	00
6928	F9D4	8000	83
6928	F9DA	8001	01
6928	F9DF	8000	84
6928	F9E5	8001	02
6928	F9EA	8000	85
6928	F9F0	8001	14
6928	F8DB	8000	87
6929	FA23	8000	80
6929	FA29	8001	FC
6929	FA2E	8000	81
6929	FA34	8001	E2
6929	FA39	8000	82
6929	FA3F	8001	A2
6929	FA44	8000	83
6929	FA4A	8001	35
6929	FA4F	8000	84
6929	FA55	8001	B7
6929	FA5A	8000	85
6929	FA60	8001	BD
6929	FADD	8000	86
6929	FAE2	8001	18
6929	FAE9	8000	87
6929	FAEE	8001	19
6929	FAF8	8000	86
6929	FAFE	8001	28
6929	FB05	8000	87
6929	FB0B	8001	29
6929	FDA9	8000	86
6929	FDB1	8001	06
6929	FDBA	8000	87
6929	FDC2	8001	07
6929	FC3F	8000	86
6929	FC48	8001	06
6929	FC4F	8000	87
6929	FC58	8001	07
6929	FDA9	8000	86
6929	FDB1	8001	18
6929	FDBA	8000	87
6929	FDC2	8001	19
6929	FDA9	8000	86
6929	FDB1	8001	28
6929	FDBA	8000	87
6929	FDC2	8001	29
6929	FDA9	8000	86
6929	FDB1	8001	28
6929	FDBA	8000	87
6929	FDC2	8001	29
6929	F9B3	8000	80
6929	F9B9	8001	FC
6929	F9BE	8000	81
6929	F9C4	8001	14
6929	F9C9	8000	82
6929	F9CF	8001	A2
6929	F9D4	8000	83
6929	F9DA	8001	01
6929	F9DF	8000	84
6929	F9E5	8001	02
6929	F9EA	8000	85
6929	F9F0	8001	14
6929	F8DB	8000	87
6929	F9B3	8000	80
6929	F9B9	8001	FC
6929	F9BE	8000	81
6929	F9C4	8001	14
6929	F9C9	8000	82
6929	F9CF	8001	00
6929	F9D4	8000	83
6929	F9DA	8001	01
6929	F9DF	8000	84
6929	F9E5	8001	02
6929	F9EA	8000	85
6929	F9F0	8001	14
6929	F8DB	8000	87
6930	FA23	8000	80
6930	FA29	8001	FC
6930	FA2E	8000	81
6930	FA34	8001	E2
6930	FA39	8000	82
6930	FA3F	8001	A2
6930	FA44	8000	83
6930	FA4A	8001	35
6930	FA4F	8000	84
6930	FA55	8001	B7
6930	FA5A	8000	85
6930	FA60	8001	BD
6930	FADD	8000	86
6930	FAE2	8001	18
6930	FAE9	8000	87
6930	FAEE	8001	19
6930	FAF8	8000	86
6930	FAFE	8001	28
6930	FB05	8000	87
6930	FB0B	8001	29
6930	FDA9	8000	86
6930	FDB1	8001	06
6930	FDBA	8000	87
6930	FDC2	8001	07
6930	FC3F	8000	86
6930	FC48	8001	06
6930	FC4F	8000	87
6930	FC58	8001	07
6930	FDA9	8000	86
6930	FDB1	8001	18
6930	FDBA	8000	87
6930	FDC2	8001	19
6930	FDA9	8000	86
6930	FDB1	8001	28
6930	FDBA	8000	87
6930	FDC2	8001	29
6930	FDA9	8000	86
6930	FDB1	8001	28
6930	FDBA	8000	87
6930	FDC2	8001	29
6930	F9B3	8000	80
6930	F9B9	8001	FC
6930	F9BE	8000	81
6930	F9C4	8001	14
6930	F9C9	8000	82
6930	F9CF	8001	A2
6930	F9D4	8000	83
6930	F9DA	8001	01
6930	F9DF	8000	84
6930	F9E5	8001	02
6930	F9EA	8000	85
6930	F9F0	8001	14
6930	F8DB	8000	87
6930	F9B3	8000	80
6930	F9B9	8001	FC
6930	F9BE	8000	81
6930	F9C4	8001	14
6930	F9C9	8000	82
6930	F9CF	8001	00
6930	F9D4	8000	83
6930	F9DA	8001	01
6930	F9DF	8000	84
6930	F9E5	8001	02
6930	F9EA	8000	85
6930	F9F0	8001	14
6930	F8DB	8000	87
6931	FA23	8000	80
6931	FA29	8001	FC
6931	FA2E	8000	81
6931	FA34	8001	E2
6931	FA39	8000	82
6931	FA3F	8001	A2
6931	FA44	8000	83
6931	FA4A	8001	35
6931	FA4F	8000	84
6931	FA55	8001	B7
6931	FA5A	8000	85
6931	FA60	8001	BD
6931	FADD	8000	86
6931	FAE2	8001	18
6931	FAE9	8000	87
6931	FAEE	8001	19
6931	FAF8	8000	86
6931	FAFE	8001	28
6931	FB05	8000	87
6931	FB0B	8001	29
6931	FDA9	8000	86
6931	FDB1	8001	06
6931	FDBA	8000	87
6931	FDC2	8001	07
6931	FDA9	8000	86
6931	FDB1	8001	3C
6931	FDBA	8000	87
6931	FDC2	8001	3D
6931	FC3F	8000	86
6931	FC48	8001	06
6931	FC4F	8000	87
6931	FC58	8001	07
6931	FDA9	8000	86
6931	FDB1	8001	18
6931	FDBA	8000	87
6931	FDC2	8001	19
6931	FDA9	8000	86
6931	FDB1	8001	28
6931	FDBA	8000	87
6931	FDC2	8001	29
6931	FDA9	8000	86
6931	FDB1	8001	28
6931	FDBA	8000	87
6931	FDC2	8001	29
6931	F9B3	8000	80
6931	F9B9	8001	FC
6931	F9BE	8000	81
6931	F9C4	8001	14
6931	F9C9	8000	82
6931	F9CF	8001	A2
6931	F9D4	8000	83
6931	F9DA	8001	01
6931	F9DF	8000	84
6931	F9E5	8001	02
6931	F9EA	8000	85
6931	F9F0	8001	14
6931	F8DB	8000	87
6931	F9B3	8000	80
6931	F9B9	8001	FC
6931	F9BE	8000	81
6931	F9C4	8001	14
6931	F9C9	8000	82
6931	F9CF	8001	00
6931	F9D4	8000	83
6931	F9DA	8001	01
6931	F9DF	8000	84
6931	F9E5	8001	02
6931	F9EA	8000	85
6931	F9F0	8001	14
6931	F8DB	8000	87
6932	FA23	8000	80
6932	FA29	8001	FC
6932	FA2E	8000	81
6932	FA34	8001	E2
6932	FA39	8000	82
6932	FA3F	8001	A2
6932	FA44	8000	83
6932	FA4A	8001	35
6932	FA4F	8000	84
6932	FA55	8001	B7
6932	FA5A	8000	85
6932	FA60	8001	BD
6932	FADD	8000	86
6932	FAE2	8001	18
6932	FAE9	8000	87
6932	FAEE	8001	19
6932	FAF8	8000	86
6932	FAFE	8001	28
6932	FB05	8000	87
6932	FB0B	8001	29
6932	FDA9	8000	86
6932	FDB1	8001	06
6932	FDBA	8000	87
6932	FDC2	8001	07
6932	FDA9	8000	86
6932	FDB1	8001	3C
6932	FDBA	8000	87
6932	FDC2	8001	3D
6932	FC3F	8000	86
6932	FC48	8001	06
6932	FC4F	8000	87
6932	FC58	8001	07
6932	FDA9	8000	86
6932	FDB1	8001	18
6932	FDBA	8000	87
6932	FDC2	8001	19
6932	FDA9	8000	86
6932	FDB1	8001	28
6932	FDBA	8000	87
6932	FDC2	8001	29
6932	FDA9	8000	86
6932	FDB1	8001	28
6932	FDBA	8000	87
6932	FDC2	8001	29
6932	F9B3	8000	80
6932	F9B9	8001	FC
6932	F9BE	8000	81
6932	F9C4	8001	14
6932	F9C9	8000	82
6932	F9CF	8001	A2
6932	F9D4	8000	83
6932	F9DA	8001	01
6932	F9DF	8000	84
6932	F9E5	8001	02
6932	F9EA	8000	85
6932	F9F0	8001	14
6932	F8DB	8000	87
6932	F9B3	8000	80
6932	F9B9	8001	FC
6932	F9BE	8000	81
6932	F9C4	8001	14
6932	F9C9	8000	82
6932	F9CF	8001	00
6932	F9D4	8000	83
6932	F9DA	8001	01
6932	F9DF	8000	84
6932	F9E5	8001	02
6932	F9EA	8000	85
6932	F9F0	8001	14
6932	F8DB	8000	87
6933	FA23	8000	80
6933	FA29	8001	FC
6933	FA2E	8000	81
6933	FA34	8001	E2
6933	FA39	8000	82
6933	FA3F	8001	A2
6933	FA44	8000	83
6933	FA4A	8001	35
6933	FA4F	8000	84
6933	FA55	8001	B7
6933	FA5A	8000	85
6933	FA60	8001	BD
6933	FADD	8000	86
6933	FAE2	8001	18
6933	FAE9	8000	87
6933	FAEE	8001	19
6933	FAF8	8000	86
6933	FAFE	8001	28
6933	FB05	8000	87
6933	FB0B	8001	29
6933	FDA9	8000	86
6933	FDB1	8001	06
6933	FDBA	8000	87
6933	FDC2	8001	07
6933	FDA9	8000	86
6933	FDB1	8001	3C
6933	FDBA	8000	87
6933	FDC2	8001	3D
6933	FC3F	8000	86
6933	FC48	8001	06
6933	FC4F	8000	87
6933	FC58	8001	07
6933	FDA9	8000	86
6933	FDB1	8001	18
6933	FDBA	8000	87
6933	FDC2	8001	19
6933	FDA9	8000	86
6933	FDB1	8001	28
6933	FDBA	8000	87
6933	FDC2	8001	29
6933	F9B3	8000	80
6933	F9B9	8001	FC
6933	F9BE	8000	81
6933	F9C4	8001	14
6933	F9C9	8000	82
6933	F9CF	8001	A2
6933	F9D4	8000	83
6933	F9DA	8001	01
6933	F9DF	8000	84
6933	F9E5	8001	02
6933	F9EA	8000	85
6933	F9F0	8001	14
6933	F8DB	8000	87
6933	F9B3	8000	80
6933	F9B9	8001	FC
6933	F9BE	8000	81
6933	F9C4	8001	14
6933	F9C9	8000	82
6933	F9CF	8001	00
6933	F9D4	8000	83
6933	F9DA	8001	01
6933	F9DF	8000	84
6933	F9E5	8001	02
6933	F9EA	8000	85
6933	F9F0	8001	14
6933	F8DB	8000	87
6933	FDA9	8000	86
6933	FDB1	8001	28
6933	FDBA	8000	87
6933	FDC2	8001	29
6934	FA23	8000	80
6934	FA29	8001	FC
6934	FA2E	8000	81
6934	FA34	8001	E2
6934	FA39	8000	82
6934	FA3F	8001	A2
6934	FA44	8000	83
6934	FA4A	8001	35
6934	FA4F	8000	84
6934	FA55	8001	B7
6934	FA5A	8000	85
6934	FA60	8001	BD
6934	FADD	8000	86
6934	FAE2	8001	18
6934	FAE9	8000	87
6934	FAEE	8001	19
6934	BF0A	8000	86
6934	C8E1	8001	00
6934	C8E6	8000	87
6934	C8EB	8001	01
6934	C900	8000	86
6934	C905	8001	18
6934	C90A	8000	87
6934	C90F	8001	19
6934	BF0A	8000	86
6934	C8E1	8001	00
6934	C8E6	8000	87
6934	C8EB	8001	01
6934	C900	8000	86
6934	C905	8001	18
6934	C90A	8000	87
6934	C90F	8001	19
6934	BF0A	8000	86
6934	C8E1	8001	00
6934	C8E6	8000	87
6934	C8EB	8001	01
6934	C900	8000	86
6934	C905	8001	18
6934	C90A	8000	87
6934	C90F	8001	19
6934	FAF8	8000	86
6934	FAFE	8001	28
6934	FB05	8000	87
6934	FB0B	8001	29
6934	FDA9	8000	86
6934	FDB1	8001	06
6934	FDBA	8000	87
6934	FDC2	8001	07
6934	FDA9	8000	86
6934	FDB1	8001	2A
6934	FDBA	8000	87
6934	FDC2	8001	2B
6934	FDA9	8000	86
6934	FDB1	8001	2A
6934	FDBA	8000	87
6934	FDC2	8001	2B
6934	FC3F	8000	86
6934	FC48	8001	06
6934	FC4F	8000	87
6934	FC58	8001	07
6934	FDA9	8000	86
6934	FDB1	8001	18
6934	FDBA	8000	87
6934	FDC2	8001	19
6934	FDA9	8000	86
6934	FDB1	8001	28
6934	FDBA	8000	87
6934	FDC2	8001	29
6934	FDA9	8000	86
6934	FDB1	8001	28
6934	FDBA	8000	87
6934	FDC2	8001	29
6934	F9B3	8000	80
6934	F9B9	8001	FC
6934	F9BE	8000	81
6934	F9C4	8001	14
6934	F9C9	8000	82
6934	F9CF	8001	A2
6934	F9D4	8000	83
6934	F9DA	8001	01
6934	F9DF	8000	84
6934	F9E5	8001	02
6934	F9EA	8000	85
6934	F9F0	8001	14
6934	F8DB	8000	87
6934	F9B3	8000	80
6934	F9B9	8001	FC
6934	F9BE	8000	81
6934	F9C4	8001	14
6934	F9C9	8000	82
6934	F9CF	8001	00
6934	F9D4	8000	83
6934	F9DA	8001	01
6934	F9DF	8000	84
6934	F9E5	8001	02
6934	F9EA	8000	85
6934	F9F0	8001	14
6934	F8DB	8000	87
6935	FA23	8000	80
6935	FA29	8001	FC
6935	FA2E	8000	81
6935	FA34	8001	E2
6935	FA39	8000	82
6935	FA3F	8001	A2
6935	FA44	8000	83
6935	FA4A	8001	35
6935	FA4F	8000	84
6935	FA55	8001	B7
6935	FA5A	8000	85
6935	FA60	8001	BD
6935	FADD	8000	86
6935	FAE2	8001	18
6935	FAE9	8000	87
6935	FAEE	8001	19
6935	FAF8	8000	86
6935	FAFE	8001	28
6935	FB05	8000	87
6935	FB0B	8001	29
6935	FDA9	8000	86
6935	FDB1	8001	06
6935	FDBA	8000	87
6935	FDC2	8001	07
6935	FDA9	8000	86
6935	FDB1	8001	2A
6935	FDBA	8000	87
6935	FDC2	8001	2B
6935	FDA9	8000	86
6935	FDB1	8001	2A
6935	FDBA	8000	87
6935	FDC2	8001	2B
6935	FC3F	8000	86
6935	FC48	8001	06
6935	FC4F	8000	87
6935	FC58	8001	07
6935	FDA9	8000	86
6935	FDB1	8001	18
6935	FDBA	8000	87
6935	FDC2	8001	19
6935	FDA9	8000	86
6935	FDB1	8001	28
6935	FDBA	8000	87
6935	FDC2	8001	29
6935	FDA9	8000	86
6935	FDB1	8001	28
6935	FDBA	8000	87
6935	FDC2	8001	29
6935	F9B3	8000	80
6935	F9B9	8001	FC
6935	F9BE	8000	81
6935	F9C4	8001	14
6935	F9C9	8000	82
6935	F9CF	8001	A2
6935	F9D4	8000	83
6935	F9DA	8001	01
6935	F9DF	8000	84
6935	F9E5	8001	02
6935	F9EA	8000	85
6935	F9F0	8001	14
6935	F8DB	8000	87
6935	F9B3	8000	80
6935	F9B9	8001	FC
6935	F9BE	8000	81
6935	F9C4	8001	14
6935	F9C9	8000	82
6935	F9CF	8001	00
6935	F9D4	8000	83
6935	F9DA	8001	01
6935	F9DF	8000	84
6935	F9E5	8001	02
6935	F9EA	8000	85
6935	F9F0	8001	14
6935	F8DB	8000	87
6936	FA23	8000	80
6936	FA29	8001	FC
6936	FA2E	8000	81
6936	FA34	8001	E2
6936	FA39	8000	82
6936	FA3F	8001	A2
6936	FA44	8000	83
6936	FA4A	8001	35
6936	FA4F	8000	84
6936	FA55	8001	B7
6936	FA5A	8000	85
6936	FA60	8001	BD
6936	FADD	8000	86
6936	FAE2	8001	18
6936	FAE9	8000	87
6936	FAEE	8001	19
6936	FAF8	8000	86
6936	FAFE	8001	28
6936	FB05	8000	87
6936	FB0B	8001	29
6936	FDA9	8000	86
6936	FDB1	8001	06
6936	FDBA	8000	87
6936	FDC2	8001	07
6936	FC3F	8000	86
6936	FC48	8001	06
6936	FC4F	8000	87
6936	FC58	8001	07
6936	FDA9	8000	86
6936	FDB1	8001	18
6936	FDBA	8000	87
6936	FDC2	8001	19
6936	FDA9	8000	86
6936	FDB1	8001	28
6936	FDBA	8000	87
6936	FDC2	8001	29
6936	FDA9	8000	86
6936	FDB1	8001	28
6936	FDBA	8000	87
6936	FDC2	8001	29
6936	F9B3	8000	80
6936	F9B9	8001	FC
6936	F9BE	8000	81
6936	F9C4	8001	14
6936	F9C9	8000	82
6936	F9CF	8001	A2
6936	F9D4	8000	83
6936	F9DA	8001	01
6936	F9DF	8000	84
6936	F9E5	8001	02
6936	F9EA	8000	85
6936	F9F0	8001	14
6936	F8DB	8000	87
6936	F9B3	8000	80
6936	F9B9	8001	FC
6936	F9BE	8000	81
6936	F9C4	8001	14
6936	F9C9	8000	82
6936	F9CF	8001	00
6936	F9D4	8000	83
6936	F9DA	8001	01
6936	F9DF	8000	84
6936	F9E5	8001	02
6936	F9EA	8000	85
6936	F9F0	8001	14
6936	F8DB	8000	87
6937	FA23	8000	80
6937	FA29	8001	FC
6937	FA2E	8000	81
6937	FA34	8001	E2
6937	FA39	8000	82
6937	FA3F	8001	A2
6937	FA44	8000	83
6937	FA4A	8001	35
6937	FA4F	8000	84
6937	FA55	8001	B7
6937	FA5A	8000	85
6937	FA60	8001	BD
6937	FADD	8000	86
6937	FAE2	8001	18
6937	FAE9	8000	87
6937	FAEE	8001	19
6937	FAF8	8000	86
6937	FAFE	8001	28
6937	FB05	8000	87
6937	FB0B	8001	29
6937	FDA9	8000	86
6937	FDB1	8001	06
6937	FDBA	8000	87
6937	FDC2	8001	07
6937	FC3F	8000	86
6937	FC48	8001	06
6937	FC4F	8000	87
6937	FC58	8001	07
6937	FDA9	8000	86
6937	FDB1	8001	18
6937	FDBA	8000	87
6937	FDC2	8001	19
6937	FDA9	8000	86
6937	FDB1	8001	28
6937	FDBA	8000	87
6937	FDC2	8001	29
6937	FDA9	8000	86
6937	FDB1	8001	28
6937	FDBA	8000	87
6937	FDC2	8001	29
6937	F9B3	8000	80
6937	F9B9	8001	FC
6937	F9BE	8000	81
6937	F9C4	8001	14
6937	F9C9	8000	82
6937	F9CF	8001	A2
6937	F9D4	8000	83
6937	F9DA	8001	01
6937	F9DF	8000	84
6937	F9E5	8001	02
6937	F9EA	8000	85
6937	F9F0	8001	14
6937	F8DB	8000	87
6937	F9B3	8000	80
6937	F9B9	8001	FC
6937	F9BE	8000	81
6937	F9C4	8001	14
6937	F9C9	8000	82
6937	F9CF	8001	00
6937	F9D4	8000	83
6937	F9DA	8001	01
6937	F9DF	8000	84
6937	F9E5	8001	02
6937	F9EA	8000	85
6937	F9F0	8001	14
6937	F8DB	8000	87
6938	FA23	8000	80
6938	FA29	8001	FC
6938	FA2E	8000	81
6938	FA34	8001	E2
6938	FA39	8000	82
6938	FA3F	8001	A2
6938	FA44	8000	83
6938	FA4A	8001	35
6938	FA4F	8000	84
6938	FA55	8001	B7
6938	FA5A	8000	85
6938	FA60	8001	BD
6938	FADD	8000	86
6938	FAE2	8001	18
6938	FAE9	8000	87
6938	FAEE	8001	19
6938	FAF8	8000	86
6938	FAFE	8001	28
6938	FB05	8000	87
6938	FB0B	8001	29
6938	FDA9	8000	86
6938	FDB1	8001	06
6938	FDBA	8000	87
6938	FDC2	8001	07
6938	FC3F	8000	86
6938	FC48	8001	06
6938	FC4F	8000	87
6938	FC58	8001	07
6938	FDA9	8000	86
6938	FDB1	8001	18
6938	FDBA	8000	87
6938	FDC2	8001	19
6938	FDA9	8000	86
6938	FDB1	8001	28
6938	FDBA	8000	87
6938	FDC2	8001	29
6938	FDA9	8000	86
6938	FDB1	8001	28
6938	FDBA	8000	87
6938	FDC2	8001	29
6938	F9B3	8000	80
6938	F9B9	8001	FC
6938	F9BE	8000	81
6938	F9C4	8001	14
6938	F9C9	8000	82
6938	F9CF	8001	A2
6938	F9D4	8000	83
6938	F9DA	8001	01
6938	F9DF	8000	84
6938	F9E5	8001	02
6938	F9EA	8000	85
6938	F9F0	8001	14
6938	F8DB	8000	87
6938	F9B3	8000	80
6938	F9B9	8001	FC
6938	F9BE	8000	81
6938	F9C4	8001	14
6938	F9C9	8000	82
6938	F9CF	8001	00
6938	F9D4	8000	83
6938	F9DA	8001	01
6938	F9DF	8000	84
6938	F9E5	8001	02
6938	F9EA	8000	85
6938	F9F0	8001	14
6938	F8DB	8000	87
6939	FA23	8000	80
6939	FA29	8001	FC
6939	FA2E	8000	81
6939	FA34	8001	E2
6939	FA39	8000	82
6939	FA3F	8001	A2
6939	FA44	8000	83
6939	FA4A	8001	35
6939	FA4F	8000	84
6939	FA55	8001	B7
6939	FA5A	8000	85
6939	FA60	8001	BD
6939	FADD	8000	86
6939	FAE2	8001	18
6939	FAE9	8000	87
6939	FAEE	8001	19
6939	FAF8	8000	86
6939	FAFE	8001	28
6939	FB05	8000	87
6939	FB0B	8001	29
6939	FDA9	8000	86
6939	FDB1	8001	06
6939	FDBA	8000	87
6939	FDC2	8001	07
6939	FC3F	8000	86
6939	FC48	8001	06
6939	FC4F	8000	87
6939	FC58	8001	07
6939	FDA9	8000	86
6939	FDB1	8001	18
6939	FDBA	8000	87
6939	FDC2	8001	19
6939	FDA9	8000	86
6939	FDB1	8001	28
6939	FDBA	8000	87
6939	FDC2	8001	29
6939	FDA9	8000	86
6939	FDB1	8001	28
6939	FDBA	8000	87
6939	FDC2	8001	29
6939	F9B3	8000	80
6939	F9B9	8001	FC
6939	F9BE	8000	81
6939	F9C4	8001	14
6939	F9C9	8000	82
6939	F9CF	8001	A2
6939	F9D4	8000	83
6939	F9DA	8001	01
6939	F9DF	8000	84
6939	F9E5	8001	02
6939	F9EA	8000	85
6939	F9F0	8001	14
6939	F8DB	8000	87
6939	F9B3	8000	80
6939	F9B9	8001	FC
6939	F9BE	8000	81
6939	F9C4	8001	14
6939	F9C9	8000	82
6939	F9CF	8001	00
6939	F9D4	8000	83
6939	F9DA	8001	01
6939	F9DF	8000	84
6939	F9E5	8001	02
6939	F9EA	8000	85
6939	F9F0	8001	14
6939	F8DB	8000	87
6940	FA23	8000	80
6940	FA29	8001	FC
6940	FA2E	8000	81
6940	FA34	8001	E2
6940	FA39	8000	82
6940	FA3F	8001	A2
6940	FA44	8000	83
6940	FA4A	8001	35
6940	FA4F	8000	84
6940	FA55	8001	B7
6940	FA5A	8000	85
6940	FA60	8001	BD
6940	FADD	8000	86
6940	FAE2	8001	18
6940	FAE9	8000	87
6940	FAEE	8001	19
6940	FAF8	8000	86
6940	FAFE	8001	28
6940	FB05	8000	87
6940	FB0B	8001	29
6940	FDA9	8000	86
6940	FDB1	8001	06
6940	FDBA	8000	87
6940	FDC2	8001	07
6940	FC3F	8000	86
6940	FC48	8001	06
6940	FC4F	8000	87
6940	FC58	8001	07
6940	FDA9	8000	86
6940	FDB1	8001	18
6940	FDBA	8000	87
6940	FDC2	8001	19
6940	FDA9	8000	86
6940	FDB1	8001	28
6940	FDBA	8000	87
6940	FDC2	8001	29
6940	FDA9	8000	86
6940	FDB1	8001	28
6940	FDBA	8000	87
6940	FDC2	8001	29
6940	F9B3	8000	80
6940	F9B9	8001	FC
6940	F9BE	8000	81
6940	F9C4	8001	14
6940	F9C9	8000	82
6940	F9CF	8001	A2
6940	F9D4	8000	83
6940	F9DA	8001	01
6940	F9DF	8000	84
6940	F9E5	8001	02
6940	F9EA	8000	85
6940	F9F0	8001	14
6940	F8DB	8000	87
6940	F9B3	8000	80
6940	F9B9	8001	FC
6940	F9BE	8000	81
6940	F9C4	8001	14
6940	F9C9	8000	82
6940	F9CF	8001	00
6940	F9D4	8000	83
6940	F9DA	8001	01
6940	F9DF	8000	84
6940	F9E5	8001	02
6940	F9EA	8000	85
6940	F9F0	8001	14
6940	F8DB	8000	87
6941	FA23	8000	80
6941	FA29	8001	FC
6941	FA2E	8000	81
6941	FA34	8001	E2
6941	FA39	8000	82
6941	FA3F	8001	A2
6941	FA44	8000	83
6941	FA4A	8001	35
6941	FA4F	8000	84
6941	FA55	8001	B7
6941	FA5A	8000	85
6941	FA60	8001	BD
6941	FADD	8000	86
6941	FAE2	8001	18
6941	FAE9	8000	87
6941	FAEE	8001	19
6941	FAF8	8000	86
6941	FAFE	8001	28
6941	FB05	8000	87
6941	FB0B	8001	29
6941	FDA9	8000	86
6941	FDB1	8001	06
6941	FDBA	8000	87
6941	FDC2	8001	07
6941	FC3F	8000	86
6941	FC48	8001	06
6941	FC4F	8000	87
6941	FC58	8001	07
6941	FDA9	8000	86
6941	FDB1	8001	18
6941	FDBA	8000	87
6941	FDC2	8001	19
6941	FDA9	8000	86
6941	FDB1	8001	28
6941	FDBA	8000	87
6941	FDC2	8001	29
6941	FDA9	8000	86
6941	FDB1	8001	28
6941	FDBA	8000	87
6941	FDC2	8001	29
6941	F9B3	8000	80
6941	F9B9	8001	FC
6941	F9BE	8000	81
6941	F9C4	8001	14
6941	F9C9	8000	82
6941	F9CF	8001	A2
6941	F9D4	8000	83
6941	F9DA	8001	01
6941	F9DF	8000	84
6941	F9E5	8001	02
6941	F9EA	8000	85
6941	F9F0	8001	14
6941	F8DB	8000	87
6941	F9B3	8000	80
6941	F9B9	8001	FC
6941	F9BE	8000	81
6941	F9C4	8001	14
6941	F9C9	8000	82
6941	F9CF	8001	00
6941	F9D4	8000	83
6941	F9DA	8001	01
6941	F9DF	8000	84
6941	F9E5	8001	02
6941	F9EA	8000	85
6941	F9F0	8001	14
6941	F8DB	8000	87
6942	FA23	8000	80
6942	FA29	8001	FC
6942	FA2E	8000	81
6942	FA34	8001	E2
6942	FA39	8000	82
6942	FA3F	8001	A2
6942	FA44	8000	83
6942	FA4A	8001	35
6942	FA4F	8000	84
6942	FA55	8001	B7
6942	FA5A	8000	85
6942	FA60	8001	BD
6942	FADD	8000	86
6942	FAE2	8001	18
6942	FAE9	8000	87
6942	FAEE	8001	19
6942	FAF8	8000	86
6942	FAFE	8001	28
6942	FB05	8000	87
6942	FB0B	8001	29
6942	FDA9	8000	86
6942	FDB1	8001	06
6942	FDBA	8000	87
6942	FDC2	8001	07
6942	FC3F	8000	86
6942	FC48	8001	06
6942	FC4F	8000	87
6942	FC58	8001	07
6942	FDA9	8000	86
6942	FDB1	8001	18
6942	FDBA	8000	87
6942	FDC2	8001	19
6942	FDA9	8000	86
6942	FDB1	8001	28
6942	FDBA	8000	87
6942	FDC2	8001	29
6942	FDA9	8000	86
6942	FDB1	8001	28
6942	FDBA	8000	87
6942	FDC2	8001	29
6942	F9B3	8000	80
6942	F9B9	8001	FC
6942	F9BE	8000	81
6942	F9C4	8001	14
6942	F9C9	8000	82
6942	F9CF	8001	A2
6942	F9D4	8000	83
6942	F9DA	8001	01
6942	F9DF	8000	84
6942	F9E5	8001	02
6942	F9EA	8000	85
6942	F9F0	8001	14
6942	F8DB	8000	87
6942	F9B3	8000	80
6942	F9B9	8001	FC
6942	F9BE	8000	81
6942	F9C4	8001	14
6942	F9C9	8000	82
6942	F9CF	8001	00
6942	F9D4	8000	83
6942	F9DA	8001	01
6942	F9DF	8000	84
6942	F9E5	8001	02
6942	F9EA	8000	85
6942	F9F0	8001	14
6942	F8DB	8000	87
6943	FA23	8000	80
6943	FA29	8001	FC
6943	FA2E	8000	81
6943	FA34	8001	E2
6943	FA39	8000	82
6943	FA3F	8001	A2
6943	FA44	8000	83
6943	FA4A	8001	35
6943	FA4F	8000	84
6943	FA55	8001	B7
6943	FA5A	8000	85
6943	FA60	8001	BD
6943	FADD	8000	86
6943	FAE2	8001	18
6943	FAE9	8000	87
6943	FAEE	8001	19
6943	FAF8	8000	86
6943	FAFE	8001	28
6943	FB05	8000	87
6943	FB0B	8001	29
6943	FDA9	8000	86
6943	FDB1	8001	06
6943	FDBA	8000	87
6943	FDC2	8001	07
6943	FC3F	8000	86
6943	FC48	8001	06
6943	FC4F	8000	87
6943	FC58	8001	07
6943	FDA9	8000	86
6943	FDB1	8001	18
6943	FDBA	8000	87
6943	FDC2	8001	19
6943	FDA9	8000	86
6943	FDB1	8001	28
6943	FDBA	8000	87
6943	FDC2	8001	29
6943	FDA9	8000	86
6943	FDB1	8001	28
6943	FDBA	8000	87
6943	FDC2	8001	29
6943	F9B3	8000	80
6943	F9B9	8001	FC
6943	F9BE	8000	81
6943	F9C4	8001	14
6943	F9C9	8000	82
6943	F9CF	8001	A2
6943	F9D4	8000	83
6943	F9DA	8001	01
6943	F9DF	8000	84
6943	F9E5	8001	02
6943	F9EA	8000	85
6943	F9F0	8001	14
6943	F8DB	8000	87
6943	F9B3	8000	80
6943	F9B9	8001	FC
6943	F9BE	8000	81
6943	F9C4	8001	14
6943	F9C9	8000	82
6943	F9CF	8001	00
6943	F9D4	8000	83
6943	F9DA	8001	01
6943	F9DF	8000	84
6943	F9E5	8001	02
6943	F9EA	8000	85
6943	F9F0	8001	14
6943	F8DB	8000	87
6944	FA23	8000	80
6944	FA29	8001	FC
6944	FA2E	8000	81
6944	FA34	8001	E2
6944	FA39	8000	82
6944	FA3F	8001	A2
6944	FA44	8000	83
6944	FA4A	8001	35
6944	FA4F	8000	84
6944	FA55	8001	B7
6944	FA5A	8000	85
6944	FA60	8001	BD
6944	FADD	8000	86
6944	FAE2	8001	18
6944	FAE9	8000	87
6944	FAEE	8001	19
6944	BF0A	8000	86
6944	C8E1	8001	00
6944	C8E6	8000	87
6944	C8EB	8001	01
6944	C900	8000	86
6944	C905	8001	18
6944	C90A	8000	87
6944	C90F	8001	19
6944	BF0A	8000	86
6944	C8E1	8001	00
6944	C8E6	8000	87
6944	C8EB	8001	01
6944	C900	8000	86
6944	C905	8001	18
6944	C90A	8000	87
6944	C90F	8001	19
6944	BF0A	8000	86
6944	C8E1	8001	00
6944	C8E6	8000	87
6944	C8EB	8001	01
6944	C900	8000	86
6944	C905	8001	18
6944	C90A	8000	87
6944	C90F	8001	19
6944	BF0A	8000	86
6944	C8E1	8001	00
6944	C8E6	8000	87
6944	C8EB	8001	01
6944	C900	8000	86
6944	C905	8001	18
6944	C90A	8000	87
6944	C90F	8001	19
6944	BF0A	8000	86
6944	C8E1	8001	00
6944	C8E6	8000	87
6944	C8EB	8001	01
6944	C900	8000	86
6944	C905	8001	18
6944	C90A	8000	87
6944	C90F	8001	19
6944	BF0A	8000	86
6944	C8E1	8001	00
6944	C8E6	8000	87
6944	C8EB	8001	01
6944	C900	8000	86
6944	C905	8001	18
6944	C90A	8000	87
6944	C90F	8001	19
6944	FAF8	8000	86
6944	FAFE	8001	28
6944	FB05	8000	87
6944	FB0B	8001	29
6944	FDA9	8000	86
6944	FDB1	8001	06
6944	FDBA	8000	87
6944	FDC2	8001	07
6944	FC3F	8000	86
6944	FC48	8001	06
6944	FC4F	8000	87
6944	FC58	8001	07
6944	FDA9	8000	86
6944	FDB1	8001	18
6944	FDBA	8000	87
6944	FDC2	8001	19
6944	FDA9	8000	86
6944	FDB1	8001	28
6944	FDBA	8000	87
6944	FDC2	8001	29
6944	FDA9	8000	86
6944	FDB1	8001	28
6944	FDBA	8000	87
6944	FDC2	8001	29
6944	F9B3	8000	80
6944	F9B9	8001	FC
6944	F9BE	8000	81
6944	F9C4	8001	14
6944	F9C9	8000	82
6944	F9CF	8001	A2
6944	F9D4	8000	83
6944	F9DA	8001	01
6944	F9DF	8000	84
6944	F9E5	8001	02
6944	F9EA	8000	85
6944	F9F0	8001	14
6944	F8DB	8000	87
6944	F9B3	8000	80
6944	F9B9	8001	FC
6944	F9BE	8000	81
6944	F9C4	8001	14
6944	F9C9	8000	82
6944	F9CF	8001	00
6944	F9D4	8000	83
6944	F9DA	8001	01
6944	F9DF	8000	84
6944	F9E5	8001	02
6944	F9EA	8000	85
6944	F9F0	8001	14
6944	F8DB	8000	87
6945	FA23	8000	80
6945	FA29	8001	FC
6945	FA2E	8000	81
6945	FA34	8001	E2
6945	FA39	8000	82
6945	FA3F	8001	A2
6945	FA44	8000	83
6945	FA4A	8001	35
6945	FA4F	8000	84
6945	FA55	8001	B7
6945	FA5A	8000	85
6945	FA60	8001	BD
6945	FADD	8000	86
6945	FAE2	8001	18
6945	FAE9	8000	87
6945	FAEE	8001	19
6945	FAF8	8000	86
6945	FAFE	8001	28
6945	FB05	8000	87
6945	FB0B	8001	29
6945	FDA9	8000	86
6945	FDB1	8001	06
6945	FDBA	8000	87
6945	FDC2	8001	07
6945	FC3F	8000	86
6945	FC48	8001	06
6945	FC4F	8000	87
6945	FC58	8001	07
6945	FDA9	8000	86
6945	FDB1	8001	18
6945	FDBA	8000	87
6945	FDC2	8001	19
6945	FDA9	8000	86
6945	FDB1	8001	28
6945	FDBA	8000	87
6945	FDC2	8001	29
6945	FDA9	8000	86
6945	FDB1	8001	28
6945	FDBA	8000	87
6945	FDC2	8001	29
6945	F9B3	8000	80
6945	F9B9	8001	FC
6945	F9BE	8000	81
6945	F9C4	8001	14
6945	F9C9	8000	82
6945	F9CF	8001	A2
6945	F9D4	8000	83
6945	F9DA	8001	01
6945	F9DF	8000	84
6945	F9E5	8001	02
6945	F9EA	8000	85
6945	F9F0	8001	14
6945	F8DB	8000	87
6945	F9B3	8000	80
6945	F9B9	8001	FC
6945	F9BE	8000	81
6945	F9C4	8001	14
6945	F9C9	8000	82
6945	F9CF	8001	00
6945	F9D4	8000	83
6945	F9DA	8001	01
6945	F9DF	8000	84
6945	F9E5	8001	02
6945	F9EA	8000	85
6945	F9F0	8001	14
6945	F8DB	8000	87
6946	FA23	8000	80
6946	FA29	8001	FC
6946	FA2E	8000	81
6946	FA34	8001	E2
6946	FA39	8000	82
6946	FA3F	8001	A2
6946	FA44	8000	83
6946	FA4A	8001	35
6946	FA4F	8000	84
6946	FA55	8001	B7
6946	FA5A	8000	85
6946	FA60	8001	BD
6946	FADD	8000	86
6946	FAE2	8001	18
6946	FAE9	8000	87
6946	FAEE	8001	19
6946	FAF8	8000	86
6946	FAFE	8001	28
6946	FB05	8000	87
6946	FB0B	8001	29
6946	FDA9	8000	86
6946	FDB1	8001	06
6946	FDBA	8000	87
6946	FDC2	8001	07
6946	FC3F	8000	86
6946	FC48	8001	06
6946	FC4F	8000	87
6946	FC58	8001	07
6946	FDA9	8000	86
6946	FDB1	8001	18
6946	FDBA	8000	87
6946	FDC2	8001	19
6946	FDA9	8000	86
6946	FDB1	8001	28
6946	FDBA	8000	87
6946	FDC2	8001	29
6946	FDA9	8000	86
6946	FDB1	8001	28
6946	FDBA	8000	87
6946	FDC2	8001	29
6946	F9B3	8000	80
6946	F9B9	8001	FC
6946	F9BE	8000	81
6946	F9C4	8001	14
6946	F9C9	8000	82
6946	F9CF	8001	A2
6946	F9D4	8000	83
6946	F9DA	8001	01
6946	F9DF	8000	84
6946	F9E5	8001	02
6946	F9EA	8000	85
6946	F9F0	8001	14
6946	F8DB	8000	87
6946	F9B3	8000	80
6946	F9B9	8001	FC
6946	F9BE	8000	81
6946	F9C4	8001	14
6946	F9C9	8000	82
6946	F9CF	8001	00
6946	F9D4	8000	83
6946	F9DA	8001	01
6946	F9DF	8000	84
6946	F9E5	8001	02
6946	F9EA	8000	85
6946	F9F0	8001	14
6946	F8DB	8000	87
6947	FA23	8000	80
6947	FA29	8001	FC
6947	FA2E	8000	81
6947	FA34	8001	E2
6947	FA39	8000	82
6947	FA3F	8001	A2
6947	FA44	8000	83
6947	FA4A	8001	35
6947	FA4F	8000	84
6947	FA55	8001	B7
6947	FA5A	8000	85
6947	FA60	8001	BD
6947	FADD	8000	86
6947	FAE2	8001	18
6947	FAE9	8000	87
6947	FAEE	8001	19
6947	FAF8	8000	86
6947	FAFE	8001	28
6947	FB05	8000	87
6947	FB0B	8001	29
6947	FDA9	8000	86
6947	FDB1	8001	06
6947	FDBA	8000	87
6947	FDC2	8001	07
6947	FC3F	8000	86
6947	FC48	8001	06
6947	FC4F	8000	87
6947	FC58	8001	07
6947	FDA9	8000	86
6947	FDB1	8001	18
6947	FDBA	8000	87
6947	FDC2	8001	19
6947	FDA9	8000	86
6947	FDB1	8001	28
6947	FDBA	8000	87
6947	FDC2	8001	29
6947	FDA9	8000	86
6947	FDB1	8001	28
6947	FDBA	8000	87
6947	FDC2	8001	29
6947	F9B3	8000	80
6947	F9B9	8001	FC
6947	F9BE	8000	81
6947	F9C4	8001	14
6947	F9C9	8000	82
6947	F9CF	8001	A2
6947	F9D4	8000	83
6947	F9DA	8001	01
6947	F9DF	8000	84
6947	F9E5	8001	02
6947	F9EA	8000	85
6947	F9F0	8001	14
6947	F8DB	8000	87
6947	F9B3	8000	80
6947	F9B9	8001	FC
6947	F9BE	8000	81
6947	F9C4	8001	14
6947	F9C9	8000	82
6947	F9CF	8001	00
6947	F9D4	8000	83
6947	F9DA	8001	01
6947	F9DF	8000	84
6947	F9E5	8001	02
6947	F9EA	8000	85
6947	F9F0	8001	14
6947	F8DB	8000	87
6948	FA23	8000	80
6948	FA29	8001	FC
6948	FA2E	8000	81
6948	FA34	8001	E2
6948	FA39	8000	82
6948	FA3F	8001	A2
6948	FA44	8000	83
6948	FA4A	8001	35
6948	FA4F	8000	84
6948	FA55	8001	B7
6948	FA5A	8000	85
6948	FA60	8001	BD
6948	FADD	8000	86
6948	FAE2	8001	18
6948	FAE9	8000	87
6948	FAEE	8001	19
6948	FAF8	8000	86
6948	FAFE	8001	28
6948	FB05	8000	87
6948	FB0B	8001	29
6948	FDA9	8000	86
6948	FDB1	8001	06
6948	FDBA	8000	87
6948	FDC2	8001	07
6948	FC3F	8000	86
6948	FC48	8001	06
6948	FC4F	8000	87
6948	FC58	8001	07
6948	FDA9	8000	86
6948	FDB1	8001	18
6948	FDBA	8000	87
6948	FDC2	8001	19
6948	FDA9	8000	86
6948	FDB1	8001	28
6948	FDBA	8000	87
6948	FDC2	8001	29
6948	FDA9	8000	86
6948	FDB1	8001	28
6948	FDBA	8000	87
6948	FDC2	8001	29
6948	F9B3	8000	80
6948	F9B9	8001	FC
6948	F9BE	8000	81
6948	F9C4	8001	14
6948	F9C9	8000	82
6948	F9CF	8001	A2
6948	F9D4	8000	83
6948	F9DA	8001	01
6948	F9DF	8000	84
6948	F9E5	8001	02
6948	F9EA	8000	85
6948	F9F0	8001	14
6948	F8DB	8000	87
6948	F9B3	8000	80
6948	F9B9	8001	FC
6948	F9BE	8000	81
6948	F9C4	8001	14
6948	F9C9	8000	82
6948	F9CF	8001	00
6948	F9D4	8000	83
6948	F9DA	8001	01
6948	F9DF	8000	84
6948	F9E5	8001	02
6948	F9EA	8000	85
6948	F9F0	8001	14
6948	F8DB	8000	87
6949	FA23	8000	80
6949	FA29	8001	FC
6949	FA2E	8000	81
6949	FA34	8001	E2
6949	FA39	8000	82
6949	FA3F	8001	A2
6949	FA44	8000	83
6949	FA4A	8001	35
6949	FA4F	8000	84
6949	FA55	8001	B7
6949	FA5A	8000	85
6949	FA60	8001	BD
6949	FADD	8000	86
6949	FAE2	8001	18
6949	FAE9	8000	87
6949	FAEE	8001	19
6949	FAF8	8000	86
6949	FAFE	8001	28
6949	FB05	8000	87
6949	FB0B	8001	29
6949	FDA9	8000	86
6949	FDB1	8001	06
6949	FDBA	8000	87
6949	FDC2	8001	07
6949	FC3F	8000	86
6949	FC48	8001	06
6949	FC4F	8000	87
6949	FC58	8001	07
6949	FDA9	8000	86
6949	FDB1	8001	18
6949	FDBA	8000	87
6949	FDC2	8001	19
6949	FDA9	8000	86
6949	FDB1	8001	28
6949	FDBA	8000	87
6949	FDC2	8001	29
6949	FDA9	8000	86
6949	FDB1	8001	28
6949	FDBA	8000	87
6949	FDC2	8001	29
6949	F9B3	8000	80
6949	F9B9	8001	FC
6949	F9BE	8000	81
6949	F9C4	8001	14
6949	F9C9	8000	82
6949	F9CF	8001	A2
6949	F9D4	8000	83
6949	F9DA	8001	01
6949	F9DF	8000	84
6949	F9E5	8001	02
6949	F9EA	8000	85
6949	F9F0	8001	14
6949	F8DB	8000	87
6949	F9B3	8000	80
6949	F9B9	8001	FC
6949	F9BE	8000	81
6949	F9C4	8001	14
6949	F9C9	8000	82
6949	F9CF	8001	00
6949	F9D4	8000	83
6949	F9DA	8001	01
6949	F9DF	8000	84
6949	F9E5	8001	02
6949	F9EA	8000	85
6949	F9F0	8001	14
6949	F8DB	8000	87
6950	FA23	8000	80
6950	FA29	8001	FC
6950	FA2E	8000	81
6950	FA34	8001	E2
6950	FA39	8000	82
6950	FA3F	8001	A2
6950	FA44	8000	83
6950	FA4A	8001	35
6950	FA4F	8000	84
6950	FA55	8001	B7
6950	FA5A	8000	85
6950	FA60	8001	BD
6950	FADD	8000	86
6950	FAE2	8001	18
6950	FAE9	8000	87
6950	FAEE	8001	19
6950	FAF8	8000	86
6950	FAFE	8001	28
6950	FB05	8000	87
6950	FB0B	8001	29
6950	FDA9	8000	86
6950	FDB1	8001	06
6950	FDBA	8000	87
6950	FDC2	8001	07
6950	FC3F	8000	86
6950	FC48	8001	06
6950	FC4F	8000	87
6950	FC58	8001	07
6950	FDA9	8000	86
6950	FDB1	8001	18
6950	FDBA	8000	87
6950	FDC2	8001	19
6950	FDA9	8000	86
6950	FDB1	8001	28
6950	FDBA	8000	87
6950	FDC2	8001	29
6950	FDA9	8000	86
6950	FDB1	8001	28
6950	FDBA	8000	87
6950	FDC2	8001	29
6950	F9B3	8000	80
6950	F9B9	8001	FC
6950	F9BE	8000	81
6950	F9C4	8001	14
6950	F9C9	8000	82
6950	F9CF	8001	A2
6950	F9D4	8000	83
6950	F9DA	8001	01
6950	F9DF	8000	84
6950	F9E5	8001	02
6950	F9EA	8000	85
6950	F9F0	8001	14
6950	F8DB	8000	87
6950	F9B3	8000	80
6950	F9B9	8001	FC
6950	F9BE	8000	81
6950	F9C4	8001	14
6950	F9C9	8000	82
6950	F9CF	8001	00
6950	F9D4	8000	83
6950	F9DA	8001	01
6950	F9DF	8000	84
6950	F9E5	8001	02
6950	F9EA	8000	85
6950	F9F0	8001	14
6950	F8DB	8000	87
6951	FA23	8000	80
6951	FA29	8001	FC
6951	FA2E	8000	81
6951	FA34	8001	E2
6951	FA39	8000	82
6951	FA3F	8001	A2
6951	FA44	8000	83
6951	FA4A	8001	35
6951	FA4F	8000	84
6951	FA55	8001	B7
6951	FA5A	8000	85
6951	FA60	8001	BD
6951	FADD	8000	86
6951	FAE2	8001	18
6951	FAE9	8000	87
6951	FAEE	8001	19
6951	FAF8	8000	86
6951	FAFE	8001	28
6951	FB05	8000	87
6951	FB0B	8001	29
6951	FDA9	8000	86
6951	FDB1	8001	06
6951	FDBA	8000	87
6951	FDC2	8001	07
6951	FC3F	8000	86
6951	FC48	8001	06
6951	FC4F	8000	87
6951	FC58	8001	07
6951	FDA9	8000	86
6951	FDB1	8001	18
6951	FDBA	8000	87
6951	FDC2	8001	19
6951	FDA9	8000	86
6951	FDB1	8001	28
6951	FDBA	8000	87
6951	FDC2	8001	29
6951	FDA9	8000	86
6951	FDB1	8001	28
6951	FDBA	8000	87
6951	FDC2	8001	29
6951	F9B3	8000	80
6951	F9B9	8001	FC
6951	F9BE	8000	81
6951	F9C4	8001	14
6951	F9C9	8000	82
6951	F9CF	8001	A2
6951	F9D4	8000	83
6951	F9DA	8001	01
6951	F9DF	8000	84
6951	F9E5	8001	02
6951	F9EA	8000	85
6951	F9F0	8001	14
6951	F8DB	8000	87
6951	F9B3	8000	80
6951	F9B9	8001	FC
6951	F9BE	8000	81
6951	F9C4	8001	14
6951	F9C9	8000	82
6951	F9CF	8001	00
6951	F9D4	8000	83
6951	F9DA	8001	01
6951	F9DF	8000	84
6951	F9E5	8001	02
6951	F9EA	8000	85
6951	F9F0	8001	14
6951	F8DB	8000	87
6952	FA23	8000	80
6952	FA29	8001	FC
6952	FA2E	8000	81
6952	FA34	8001	E2
6952	FA39	8000	82
6952	FA3F	8001	A2
6952	FA44	8000	83
6952	FA4A	8001	35
6952	FA4F	8000	84
6952	FA55	8001	B7
6952	FA5A	8000	85
6952	FA60	8001	BD
6952	FADD	8000	86
6952	FAE2	8001	18
6952	FAE9	8000	87
6952	FAEE	8001	19
6952	FAF8	8000	86
6952	FAFE	8001	28
6952	FB05	8000	87
6952	FB0B	8001	29
6952	FDA9	8000	86
6952	FDB1	8001	06
6952	FDBA	8000	87
6952	FDC2	8001	07
6952	FC3F	8000	86
6952	FC48	8001	06
6952	FC4F	8000	87
6952	FC58	8001	07
6952	FDA9	8000	86
6952	FDB1	8001	18
6952	FDBA	8000	87
6952	FDC2	8001	19
6952	FDA9	8000	86
6952	FDB1	8001	28
6952	FDBA	8000	87
6952	FDC2	8001	29
6952	FDA9	8000	86
6952	FDB1	8001	28
6952	FDBA	8000	87
6952	FDC2	8001	29
6952	F9B3	8000	80
6952	F9B9	8001	FC
6952	F9BE	8000	81
6952	F9C4	8001	14
6952	F9C9	8000	82
6952	F9CF	8001	A2
6952	F9D4	8000	83
6952	F9DA	8001	01
6952	F9DF	8000	84
6952	F9E5	8001	02
6952	F9EA	8000	85
6952	F9F0	8001	14
6952	F8DB	8000	87
6952	F9B3	8000	80
6952	F9B9	8001	FC
6952	F9BE	8000	81
6952	F9C4	8001	14
6952	F9C9	8000	82
6952	F9CF	8001	00
6952	F9D4	8000	83
6952	F9DA	8001	01
6952	F9DF	8000	84
6952	F9E5	8001	02
6952	F9EA	8000	85
6952	F9F0	8001	14
6952	F8DB	8000	87
6953	FA23	8000	80
6953	FA29	8001	FC
6953	FA2E	8000	81
6953	FA34	8001	E2
6953	FA39	8000	82
6953	FA3F	8001	A2
6953	FA44	8000	83
6953	FA4A	8001	35
6953	FA4F	8000	84
6953	FA55	8001	B7
6953	FA5A	8000	85
6953	FA60	8001	BD
6953	FADD	8000	86
6953	FAE2	8001	18
6953	FAE9	8000	87
6953	FAEE	8001	19
6953	FAF8	8000	86
6953	FAFE	8001	28
6953	FB05	8000	87
6953	FB0B	8001	29
6953	FDA9	8000	86
6953	FDB1	8001	06
6953	FDBA	8000	87
6953	FDC2	8001	07
6953	FC3F	8000	86
6953	FC48	8001	06
6953	FC4F	8000	87
6953	FC58	8001	07
6953	FDA9	8000	86
6953	FDB1	8001	18
6953	FDBA	8000	87
6953	FDC2	8001	19
6953	FDA9	8000	86
6953	FDB1	8001	28
6953	FDBA	8000	87
6953	FDC2	8001	29
6953	FDA9	8000	86
6953	FDB1	8001	28
6953	FDBA	8000	87
6953	FDC2	8001	29
6953	F9B3	8000	80
6953	F9B9	8001	FC
6953	F9BE	8000	81
6953	F9C4	8001	14
6953	F9C9	8000	82
6953	F9CF	8001	A2
6953	F9D4	8000	83
6953	F9DA	8001	01
6953	F9DF	8000	84
6953	F9E5	8001	02
6953	F9EA	8000	85
6953	F9F0	8001	14
6953	F8DB	8000	87
6953	F9B3	8000	80
6953	F9B9	8001	FC
6953	F9BE	8000	81
6953	F9C4	8001	14
6953	F9C9	8000	82
6953	F9CF	8001	00
6953	F9D4	8000	83
6953	F9DA	8001	01
6953	F9DF	8000	84
6953	F9E5	8001	02
6953	F9EA	8000	85
6953	F9F0	8001	14
6953	F8DB	8000	87
6954	FA23	8000	80
6954	FA29	8001	FC
6954	FA2E	8000	81
6954	FA34	8001	E2
6954	FA39	8000	82
6954	FA3F	8001	A2
6954	FA44	8000	83
6954	FA4A	8001	35
6954	FA4F	8000	84
6954	FA55	8001	B7
6954	FA5A	8000	85
6954	FA60	8001	BD
6954	FADD	8000	86
6954	FAE2	8001	18
6954	FAE9	8000	87
6954	FAEE	8001	19
6954	BF0A	8000	86
6954	C8E1	8001	00
6954	C8E6	8000	87
6954	C8EB	8001	01
6954	C900	8000	86
6954	C905	8001	18
6954	C90A	8000	87
6954	C90F	8001	19
6954	BF0A	8000	86
6954	C8E1	8001	00
6954	C8E6	8000	87
6954	C8EB	8001	01
6954	C900	8000	86
6954	C905	8001	18
6954	C90A	8000	87
6954	C90F	8001	19
6954	BF0A	8000	86
6954	C8E1	8001	00
6954	C8E6	8000	87
6954	C8EB	8001	01
6954	C900	8000	86
6954	C905	8001	18
6954	C90A	8000	87
6954	C90F	8001	19
6954	FAF8	8000	86
6954	FAFE	8001	28
6954	FB05	8000	87
6954	FB0B	8001	29
6954	FDA9	8000	86
6954	FDB1	8001	06
6954	FDBA	8000	87
6954	FDC2	8001	07
6954	FC3F	8000	86
6954	FC48	8001	06
6954	FC4F	8000	87
6954	FC58	8001	07
6954	FDA9	8000	86
6954	FDB1	8001	18
6954	FDBA	8000	87
6954	FDC2	8001	19
6954	FDA9	8000	86
6954	FDB1	8001	28
6954	FDBA	8000	87
6954	FDC2	8001	29
6954	FDA9	8000	86
6954	FDB1	8001	28
6954	FDBA	8000	87
6954	FDC2	8001	29
6954	F9B3	8000	80
6954	F9B9	8001	FC
6954	F9BE	8000	81
6954	F9C4	8001	14
6954	F9C9	8000	82
6954	F9CF	8001	A2
6954	F9D4	8000	83
6954	F9DA	8001	01
6954	F9DF	8000	84
6954	F9E5	8001	02
6954	F9EA	8000	85
6954	F9F0	8001	14
6954	F8DB	8000	87
6954	F9B3	8000	80
6954	F9B9	8001	FC
6954	F9BE	8000	81
6954	F9C4	8001	14
6954	F9C9	8000	82
6954	F9CF	8001	00
6954	F9D4	8000	83
6954	F9DA	8001	01
6954	F9DF	8000	84
6954	F9E5	8001	02
6954	F9EA	8000	85
6954	F9F0	8001	14
6954	F8DB	8000	87
6955	FA23	8000	80
6955	FA29	8001	FC
6955	FA2E	8000	81
6955	FA34	8001	E2
6955	FA39	8000	82
6955	FA3F	8001	A2
6955	FA44	8000	83
6955	FA4A	8001	35
6955	FA4F	8000	84
6955	FA55	8001	B7
6955	FA5A	8000	85
6955	FA60	8001	BD
6955	FADD	8000	86
6955	FAE2	8001	18
6955	FAE9	8000	87
6955	FAEE	8001	19
6955	FAF8	8000	86
6955	FAFE	8001	28
6955	FB05	8000	87
6955	FB0B	8001	29
6955	FDA9	8000	86
6955	FDB1	8001	06
6955	FDBA	8000	87
6955	FDC2	8001	07
6955	FC3F	8000	86
6955	FC48	8001	06
6955	FC4F	8000	87
6955	FC58	8001	07
6955	FDA9	8000	86
6955	FDB1	8001	18
6955	FDBA	8000	87
6955	FDC2	8001	19
6955	FDA9	8000	86
6955	FDB1	8001	28
6955	FDBA	8000	87
6955	FDC2	8001	29
6955	FDA9	8000	86
6955	FDB1	8001	28
6955	FDBA	8000	87
6955	FDC2	8001	29
6955	F9B3	8000	80
6955	F9B9	8001	FC
6955	F9BE	8000	81
6955	F9C4	8001	14
6955	F9C9	8000	82
6955	F9CF	8001	A2
6955	F9D4	8000	83
6955	F9DA	8001	01
6955	F9DF	8000	84
6955	F9E5	8001	02
6955	F9EA	8000	85
6955	F9F0	8001	14
6955	F8DB	8000	87
6955	F9B3	8000	80
6955	F9B9	8001	FC
6955	F9BE	8000	81
6955	F9C4	8001	14
6955	F9C9	8000	82
6955	F9CF	8001	00
6955	F9D4	8000	83
6955	F9DA	8001	01
6955	F9DF	8000	84
6955	F9E5	8001	02
6955	F9EA	8000	85
6955	F9F0	8001	14
6955	F8DB	8000	87
6956	FA23	8000	80
6956	FA29	8001	FC
6956	FA2E	8000	81
6956	FA34	8001	E2
6956	FA39	8000	82
6956	FA3F	8001	A2
6956	FA44	8000	83
6956	FA4A	8001	35
6956	FA4F	8000	84
6956	FA55	8001	B7
6956	FA5A	8000	85
6956	FA60	8001	BD
6956	FADD	8000	86
6956	FAE2	8001	18
6956	FAE9	8000	87
6956	FAEE	8001	19
6956	FAF8	8000	86
6956	FAFE	8001	28
6956	FB05	8000	87
6956	FB0B	8001	29
6956	FDA9	8000	86
6956	FDB1	8001	06
6956	FDBA	8000	87
6956	FDC2	8001	07
6956	FC3F	8000	86
6956	FC48	8001	06
6956	FC4F	8000	87
6956	FC58	8001	07
6956	FDA9	8000	86
6956	FDB1	8001	18
6956	FDBA	8000	87
6956	FDC2	8001	19
6956	FDA9	8000	86
6956	FDB1	8001	28
6956	FDBA	8000	87
6956	FDC2	8001	29
6956	FDA9	8000	86
6956	FDB1	8001	28
6956	FDBA	8000	87
6956	FDC2	8001	29
6956	F9B3	8000	80
6956	F9B9	8001	FC
6956	F9BE	8000	81
6956	F9C4	8001	14
6956	F9C9	8000	82
6956	F9CF	8001	A2
6956	F9D4	8000	83
6956	F9DA	8001	01
6956	F9DF	8000	84
6956	F9E5	8001	02
6956	F9EA	8000	85
6956	F9F0	8001	14
6956	F8DB	8000	87
6956	F9B3	8000	80
6956	F9B9	8001	FC
6956	F9BE	8000	81
6956	F9C4	8001	14
6956	F9C9	8000	82
6956	F9CF	8001	00
6956	F9D4	8000	83
6956	F9DA	8001	01
6956	F9DF	8000	84
6956	F9E5	8001	02
6956	F9EA	8000	85
6956	F9F0	8001	14
6956	F8DB	8000	87
6957	FA23	8000	80
6957	FA29	8001	FC
6957	FA2E	8000	81
6957	FA34	8001	E2
6957	FA39	8000	82
6957	FA3F	8001	A2
6957	FA44	8000	83
6957	FA4A	8001	35
6957	FA4F	8000	84
6957	FA55	8001	B7
6957	FA5A	8000	85
6957	FA60	8001	BD
6957	FADD	8000	86
6957	FAE2	8001	18
6957	FAE9	8000	87
6957	FAEE	8001	19
6957	FAF8	8000	86
6957	FAFE	8001	28
6957	FB05	8000	87
6957	FB0B	8001	29
6957	FDA9	8000	86
6957	FDB1	8001	06
6957	FDBA	8000	87
6957	FDC2	8001	07
6957	FC3F	8000	86
6957	FC48	8001	06
6957	FC4F	8000	87
6957	FC58	8001	07
6957	FDA9	8000	86
6957	FDB1	8001	18
6957	FDBA	8000	87
6957	FDC2	8001	19
6957	FDA9	8000	86
6957	FDB1	8001	28
6957	FDBA	8000	87
6957	FDC2	8001	29
6957	FDA9	8000	86
6957	FDB1	8001	28
6957	FDBA	8000	87
6957	FDC2	8001	29
6957	F9B3	8000	80
6957	F9B9	8001	FC
6957	F9BE	8000	81
6957	F9C4	8001	14
6957	F9C9	8000	82
6957	F9CF	8001	A2
6957	F9D4	8000	83
6957	F9DA	8001	01
6957	F9DF	8000	84
6957	F9E5	8001	02
6957	F9EA	8000	85
6957	F9F0	8001	14
6957	F8DB	8000	87
6957	F9B3	8000	80
6957	F9B9	8001	FC
6957	F9BE	8000	81
6957	F9C4	8001	14
6957	F9C9	8000	82
6957	F9CF	8001	00
6957	F9D4	8000	83
6957	F9DA	8001	01
6957	F9DF	8000	84
6957	F9E5	8001	02
6957	F9EA	8000	85
6957	F9F0	8001	14
6957	F8DB	8000	87
6958	FA23	8000	80
6958	FA29	8001	FC
6958	FA2E	8000	81
6958	FA34	8001	E2
6958	FA39	8000	82
6958	FA3F	8001	A2
6958	FA44	8000	83
6958	FA4A	8001	35
6958	FA4F	8000	84
6958	FA55	8001	B7
6958	FA5A	8000	85
6958	FA60	8001	BD
6958	FADD	8000	86
6958	FAE2	8001	18
6958	FAE9	8000	87
6958	FAEE	8001	19
6958	FAF8	8000	86
6958	FAFE	8001	28
6958	FB05	8000	87
6958	FB0B	8001	29
6958	FDA9	8000	86
6958	FDB1	8001	06
6958	FDBA	8000	87
6958	FDC2	8001	07
6958	FC3F	8000	86
6958	FC48	8001	06
6958	FC4F	8000	87
6958	FC58	8001	07
6958	FDA9	8000	86
6958	FDB1	8001	18
6958	FDBA	8000	87
6958	FDC2	8001	19
6958	FDA9	8000	86
6958	FDB1	8001	28
6958	FDBA	8000	87
6958	FDC2	8001	29
6958	FDA9	8000	86
6958	FDB1	8001	28
6958	FDBA	8000	87
6958	FDC2	8001	29
6958	F9B3	8000	80
6958	F9B9	8001	FC
6958	F9BE	8000	81
6958	F9C4	8001	14
6958	F9C9	8000	82
6958	F9CF	8001	A2
6958	F9D4	8000	83
6958	F9DA	8001	01
6958	F9DF	8000	84
6958	F9E5	8001	02
6958	F9EA	8000	85
6958	F9F0	8001	14
6958	F8DB	8000	87
6958	F9B3	8000	80
6958	F9B9	8001	FC
6958	F9BE	8000	81
6958	F9C4	8001	14
6958	F9C9	8000	82
6958	F9CF	8001	00
6958	F9D4	8000	83
6958	F9DA	8001	01
6958	F9DF	8000	84
6958	F9E5	8001	02
6958	F9EA	8000	85
6958	F9F0	8001	14
6958	F8DB	8000	87
6959	FA23	8000	80
6959	FA29	8001	FC
6959	FA2E	8000	81
6959	FA34	8001	E2
6959	FA39	8000	82
6959	FA3F	8001	A2
6959	FA44	8000	83
6959	FA4A	8001	35
6959	FA4F	8000	84
6959	FA55	8001	B7
6959	FA5A	8000	85
6959	FA60	8001	BD
6959	FADD	8000	86
6959	FAE2	8001	18
6959	FAE9	8000	87
6959	FAEE	8001	19
6959	FAF8	8000	86
6959	FAFE	8001	28
6959	FB05	8000	87
6959	FB0B	8001	29
6959	FDA9	8000	86
6959	FDB1	8001	06
6959	FDBA	8000	87
6959	FDC2	8001	07
6959	FC3F	8000	86
6959	FC48	8001	06
6959	FC4F	8000	87
6959	FC58	8001	07
6959	FDA9	8000	86
6959	FDB1	8001	18
6959	FDBA	8000	87
6959	FDC2	8001	19
6959	FDA9	8000	86
6959	FDB1	8001	28
6959	FDBA	8000	87
6959	FDC2	8001	29
6959	FDA9	8000	86
6959	FDB1	8001	28
6959	FDBA	8000	87
6959	FDC2	8001	29
6959	F9B3	8000	80
6959	F9B9	8001	FC
6959	F9BE	8000	81
6959	F9C4	8001	14
6959	F9C9	8000	82
6959	F9CF	8001	A2
6959	F9D4	8000	83
6959	F9DA	8001	01
6959	F9DF	8000	84
6959	F9E5	8001	02
6959	F9EA	8000	85
6959	F9F0	8001	14
6959	F8DB	8000	87
6959	F9B3	8000	80
6959	F9B9	8001	FC
6959	F9BE	8000	81
6959	F9C4	8001	14
6959	F9C9	8000	82
6959	F9CF	8001	00
6959	F9D4	8000	83
6959	F9DA	8001	01
6959	F9DF	8000	84
6959	F9E5	8001	02
6959	F9EA	8000	85
6959	F9F0	8001	14
6959	F8DB	8000	87
6960	FA23	8000	80
6960	FA29	8001	FC
6960	FA2E	8000	81
6960	FA34	8001	E2
6960	FA39	8000	82
6960	FA3F	8001	A2
6960	FA44	8000	83
6960	FA4A	8001	35
6960	FA4F	8000	84
6960	FA55	8001	B7
6960	FA5A	8000	85
6960	FA60	8001	BD
6960	FADD	8000	86
6960	FAE2	8001	18
6960	FAE9	8000	87
6960	FAEE	8001	19
6960	FAF8	8000	86
6960	FAFE	8001	28
6960	FB05	8000	87
6960	FB0B	8001	29
6960	FDA9	8000	86
6960	FDB1	8001	06
6960	FDBA	8000	87
6960	FDC2	8001	07
6960	FC3F	8000	86
6960	FC48	8001	06
6960	FC4F	8000	87
6960	FC58	8001	07
6960	FDA9	8000	86
6960	FDB1	8001	18
6960	FDBA	8000	87
6960	FDC2	8001	19
6960	FDA9	8000	86
6960	FDB1	8001	28
6960	FDBA	8000	87
6960	FDC2	8001	29
6960	FDA9	8000	86
6960	FDB1	8001	28
6960	FDBA	8000	87
6960	FDC2	8001	29
6960	F9B3	8000	80
6960	F9B9	8001	FC
6960	F9BE	8000	81
6960	F9C4	8001	14
6960	F9C9	8000	82
6960	F9CF	8001	A2
6960	F9D4	8000	83
6960	F9DA	8001	01
6960	F9DF	8000	84
6960	F9E5	8001	02
6960	F9EA	8000	85
6960	F9F0	8001	14
6960	F8DB	8000	87
6960	F9B3	8000	80
6960	F9B9	8001	FC
6960	F9BE	8000	81
6960	F9C4	8001	14
6960	F9C9	8000	82
6960	F9CF	8001	00
6960	F9D4	8000	83
6960	F9DA	8001	01
6960	F9DF	8000	84
6960	F9E5	8001	02
6960	F9EA	8000	85
6960	F9F0	8001	14
6960	F8DB	8000	87
6961	FA23	8000	80
6961	FA29	8001	FC
6961	FA2E	8000	81
6961	FA34	8001	E2
6961	FA39	8000	82
6961	FA3F	8001	A2
6961	FA44	8000	83
6961	FA4A	8001	35
6961	FA4F	8000	84
6961	FA55	8001	B7
6961	FA5A	8000	85
6961	FA60	8001	BD
6961	FADD	8000	86
6961	FAE2	8001	18
6961	FAE9	8000	87
6961	FAEE	8001	19
6961	FAF8	8000	86
6961	FAFE	8001	28
6961	FB05	8000	87
6961	FB0B	8001	29
6961	FDA9	8000	86
6961	FDB1	8001	06
6961	FDBA	8000	87
6961	FDC2	8001	07
6961	FC3F	8000	86
6961	FC48	8001	06
6961	FC4F	8000	87
6961	FC58	8001	07
6961	FDA9	8000	86
6961	FDB1	8001	18
6961	FDBA	8000	87
6961	FDC2	8001	19
6961	FDA9	8000	86
6961	FDB1	8001	28
6961	FDBA	8000	87
6961	FDC2	8001	29
6961	FDA9	8000	86
6961	FDB1	8001	28
6961	FDBA	8000	87
6961	FDC2	8001	29
6961	F9B3	8000	80
6961	F9B9	8001	FC
6961	F9BE	8000	81
6961	F9C4	8001	14
6961	F9C9	8000	82
6961	F9CF	8001	A2
6961	F9D4	8000	83
6961	F9DA	8001	01
6961	F9DF	8000	84
6961	F9E5	8001	02
6961	F9EA	8000	85
6961	F9F0	8001	14
6961	F8DB	8000	87
6961	F9B3	8000	80
6961	F9B9	8001	FC
6961	F9BE	8000	81
6961	F9C4	8001	14
6961	F9C9	8000	82
6961	F9CF	8001	00
6961	F9D4	8000	83
6961	F9DA	8001	01
6961	F9DF	8000	84
6961	F9E5	8001	02
6961	F9EA	8000	85
6961	F9F0	8001	14
6961	F8DB	8000	87
6962	FA23	8000	80
6962	FA29	8001	FC
6962	FA2E	8000	81
6962	FA34	8001	E2
6962	FA39	8000	82
6962	FA3F	8001	A2
6962	FA44	8000	83
6962	FA4A	8001	35
6962	FA4F	8000	84
6962	FA55	8001	B7
6962	FA5A	8000	85
6962	FA60	8001	BD
6962	FADD	8000	86
6962	FAE2	8001	18
6962	FAE9	8000	87
6962	FAEE	8001	19
6962	FAF8	8000	86
6962	FAFE	8001	28
6962	FB05	8000	87
6962	FB0B	8001	29
6962	FDA9	8000	86
6962	FDB1	8001	06
6962	FDBA	8000	87
6962	FDC2	8001	07
6962	FC3F	8000	86
6962	FC48	8001	06
6962	FC4F	8000	87
6962	FC58	8001	07
6962	FDA9	8000	86
6962	FDB1	8001	18
6962	FDBA	8000	87
6962	FDC2	8001	19
6962	FDA9	8000	86
6962	FDB1	8001	28
6962	FDBA	8000	87
6962	FDC2	8001	29
6962	FDA9	8000	86
6962	FDB1	8001	28
6962	FDBA	8000	87
6962	FDC2	8001	29
6962	F9B3	8000	80
6962	F9B9	8001	FC
6962	F9BE	8000	81
6962	F9C4	8001	14
6962	F9C9	8000	82
6962	F9CF	8001	A2
6962	F9D4	8000	83
6962	F9DA	8001	01
6962	F9DF	8000	84
6962	F9E5	8001	02
6962	F9EA	8000	85
6962	F9F0	8001	14
6962	F8DB	8000	87
6962	F9B3	8000	80
6962	F9B9	8001	FC
6962	F9BE	8000	81
6962	F9C4	8001	14
6962	F9C9	8000	82
6962	F9CF	8001	00
6962	F9D4	8000	83
6962	F9DA	8001	01
6962	F9DF	8000	84
6962	F9E5	8001	02
6962	F9EA	8000	85
6962	F9F0	8001	14
6962	F8DB	8000	87
6963	FA23	8000	80
6963	FA29	8001	FC
6963	FA2E	8000	81
6963	FA34	8001	E2
6963	FA39	8000	82
6963	FA3F	8001	A2
6963	FA44	8000	83
6963	FA4A	8001	35
6963	FA4F	8000	84
6963	FA55	8001	B7
6963	FA5A	8000	85
6963	FA60	8001	BD
6963	FADD	8000	86
6963	FAE2	8001	18
6963	FAE9	8000	87
6963	FAEE	8001	19
6963	FAF8	8000	86
6963	FAFE	8001	28
6963	FB05	8000	87
6963	FB0B	8001	29
6963	FDA9	8000	86
6963	FDB1	8001	06
6963	FDBA	8000	87
6963	FDC2	8001	07
6963	FC3F	8000	86
6963	FC48	8001	06
6963	FC4F	8000	87
6963	FC58	8001	07
6963	FDA9	8000	86
6963	FDB1	8001	18
6963	FDBA	8000	87
6963	FDC2	8001	19
6963	FDA9	8000	86
6963	FDB1	8001	28
6963	FDBA	8000	87
6963	FDC2	8001	29
6963	FDA9	8000	86
6963	FDB1	8001	28
6963	FDBA	8000	87
6963	FDC2	8001	29
6963	F9B3	8000	80
6963	F9B9	8001	FC
6963	F9BE	8000	81
6963	F9C4	8001	14
6963	F9C9	8000	82
6963	F9CF	8001	A2
6963	F9D4	8000	83
6963	F9DA	8001	01
6963	F9DF	8000	84
6963	F9E5	8001	02
6963	F9EA	8000	85
6963	F9F0	8001	14
6963	F8DB	8000	87
6963	F9B3	8000	80
6963	F9B9	8001	FC
6963	F9BE	8000	81
6963	F9C4	8001	14
6963	F9C9	8000	82
6963	F9CF	8001	00
6963	F9D4	8000	83
6963	F9DA	8001	01
6963	F9DF	8000	84
6963	F9E5	8001	02
6963	F9EA	8000	85
6963	F9F0	8001	14
6963	F8DB	8000	87
6964	FA23	8000	80
6964	FA29	8001	FC
6964	FA2E	8000	81
6964	FA34	8001	E2
6964	FA39	8000	82
6964	FA3F	8001	A2
6964	FA44	8000	83
6964	FA4A	8001	35
6964	FA4F	8000	84
6964	FA55	8001	B7
6964	FA5A	8000	85
6964	FA60	8001	BD
6964	FADD	8000	86
6964	FAE2	8001	18
6964	FAE9	8000	87
6964	FAEE	8001	19
6964	BF0A	8000	86
6964	C8E1	8001	00
6964	C8E6	8000	87
6964	C8EB	8001	01
6964	C900	8000	86
6964	C905	8001	18
6964	C90A	8000	87
6964	C90F	8001	19
6964	BF0A	8000	86
6964	C8E1	8001	00
6964	C8E6	8000	87
6964	C8EB	8001	01
6964	C900	8000	86
6964	C905	8001	18
6964	C90A	8000	87
6964	C90F	8001	19
6964	BF0A	8000	86
6964	C8E1	8001	00
6964	C8E6	8000	87
6964	C8EB	8001	01
6964	C900	8000	86
6964	C905	8001	18
6964	C90A	8000	87
6964	C90F	8001	19
6964	FAF8	8000	86
6964	FAFE	8001	28
6964	FB05	8000	87
6964	FB0B	8001	29
6964	FDA9	8000	86
6964	FDB1	8001	06
6964	FDBA	8000	87
6964	FDC2	8001	07
6964	FC3F	8000	86
6964	FC48	8001	06
6964	FC4F	8000	87
6964	FC58	8001	07
6964	FDA9	8000	86
6964	FDB1	8001	18
6964	FDBA	8000	87
6964	FDC2	8001	19
6964	FDA9	8000	86
6964	FDB1	8001	28
6964	FDBA	8000	87
6964	FDC2	8001	29
6964	FDA9	8000	86
6964	FDB1	8001	28
6964	FDBA	8000	87
6964	FDC2	8001	29
6964	F9B3	8000	80
6964	F9B9	8001	FC
6964	F9BE	8000	81
6964	F9C4	8001	14
6964	F9C9	8000	82
6964	F9CF	8001	A2
6964	F9D4	8000	83
6964	F9DA	8001	01
6964	F9DF	8000	84
6964	F9E5	8001	02
6964	F9EA	8000	85
6964	F9F0	8001	14
6964	F8DB	8000	87
6964	F9B3	8000	80
6964	F9B9	8001	FC
6964	F9BE	8000	81
6964	F9C4	8001	14
6964	F9C9	8000	82
6964	F9CF	8001	00
6964	F9D4	8000	83
6964	F9DA	8001	01
6964	F9DF	8000	84
6964	F9E5	8001	02
6964	F9EA	8000	85
6964	F9F0	8001	14
6964	F8DB	8000	87
6965	FA23	8000	80
6965	FA29	8001	FC
6965	FA2E	8000	81
6965	FA34	8001	E2
6965	FA39	8000	82
6965	FA3F	8001	A2
6965	FA44	8000	83
6965	FA4A	8001	35
6965	FA4F	8000	84
6965	FA55	8001	B7
6965	FA5A	8000	85
6965	FA60	8001	BD
6965	FADD	8000	86
6965	FAE2	8001	18
6965	FAE9	8000	87
6965	FAEE	8001	19
6965	FAF8	8000	86
6965	FAFE	8001	28
6965	FB05	8000	87
6965	FB0B	8001	29
6965	FDA9	8000	86
6965	FDB1	8001	06
6965	FDBA	8000	87
6965	FDC2	8001	07
6965	FC3F	8000	86
6965	FC48	8001	06
6965	FC4F	8000	87
6965	FC58	8001	07
6965	FDA9	8000	86
6965	FDB1	8001	18
6965	FDBA	8000	87
6965	FDC2	8001	19
6965	FDA9	8000	86
6965	FDB1	8001	28
6965	FDBA	8000	87
6965	FDC2	8001	29
6965	FDA9	8000	86
6965	FDB1	8001	28
6965	FDBA	8000	87
6965	FDC2	8001	29
6965	F9B3	8000	80
6965	F9B9	8001	FC
6965	F9BE	8000	81
6965	F9C4	8001	14
6965	F9C9	8000	82
6965	F9CF	8001	A2
6965	F9D4	8000	83
6965	F9DA	8001	01
6965	F9DF	8000	84
6965	F9E5	8001	02
6965	F9EA	8000	85
6965	F9F0	8001	14
6965	F8DB	8000	87
6965	F9B3	8000	80
6965	F9B9	8001	FC
6965	F9BE	8000	81
6965	F9C4	8001	14
6965	F9C9	8000	82
6965	F9CF	8001	00
6965	F9D4	8000	83
6965	F9DA	8001	01
6965	F9DF	8000	84
6965	F9E5	8001	02
6965	F9EA	8000	85
6965	F9F0	8001	14
6965	F8DB	8000	87
6966	FA23	8000	80
6966	FA29	8001	FC
6966	FA2E	8000	81
6966	FA34	8001	E2
6966	FA39	8000	82
6966	FA3F	8001	A2
6966	FA44	8000	83
6966	FA4A	8001	35
6966	FA4F	8000	84
6966	FA55	8001	B7
6966	FA5A	8000	85
6966	FA60	8001	BD
6966	FADD	8000	86
6966	FAE2	8001	18
6966	FAE9	8000	87
6966	FAEE	8001	19
6966	FAF8	8000	86
6966	FAFE	8001	28
6966	FB05	8000	87
6966	FB0B	8001	29
6966	FDA9	8000	86
6966	FDB1	8001	06
6966	FDBA	8000	87
6966	FDC2	8001	07
6966	FC3F	8000	86
6966	FC48	8001	06
6966	FC4F	8000	87
6966	FC58	8001	07
6966	FDA9	8000	86
6966	FDB1	8001	18
6966	FDBA	8000	87
6966	FDC2	8001	19
6966	FDA9	8000	86
6966	FDB1	8001	28
6966	FDBA	8000	87
6966	FDC2	8001	29
6966	FDA9	8000	86
6966	FDB1	8001	28
6966	FDBA	8000	87
6966	FDC2	8001	29
6966	F9B3	8000	80
6966	F9B9	8001	FC
6966	F9BE	8000	81
6966	F9C4	8001	14
6966	F9C9	8000	82
6966	F9CF	8001	A2
6966	F9D4	8000	83
6966	F9DA	8001	01
6966	F9DF	8000	84
6966	F9E5	8001	02
6966	F9EA	8000	85
6966	F9F0	8001	14
6966	F8DB	8000	87
6966	F9B3	8000	80
6966	F9B9	8001	FC
6966	F9BE	8000	81
6966	F9C4	8001	14
6966	F9C9	8000	82
6966	F9CF	8001	00
6966	F9D4	8000	83
6966	F9DA	8001	01
6966	F9DF	8000	84
6966	F9E5	8001	02
6966	F9EA	8000	85
6966	F9F0	8001	14
6966	F8DB	8000	87
6967	FA23	8000	80
6967	FA29	8001	FC
6967	FA2E	8000	81
6967	FA34	8001	E2
6967	FA39	8000	82
6967	FA3F	8001	A2
6967	FA44	8000	83
6967	FA4A	8001	35
6967	FA4F	8000	84
6967	FA55	8001	B7
6967	FA5A	8000	85
6967	FA60	8001	BD
6967	FADD	8000	86
6967	FAE2	8001	18
6967	FAE9	8000	87
6967	FAEE	8001	19
6967	FAF8	8000	86
6967	FAFE	8001	28
6967	FB05	8000	87
6967	FB0B	8001	29
6967	FDA9	8000	86
6967	FDB1	8001	06
6967	FDBA	8000	87
6967	FDC2	8001	07
6967	FC3F	8000	86
6967	FC48	8001	06
6967	FC4F	8000	87
6967	FC58	8001	07
6967	FDA9	8000	86
6967	FDB1	8001	18
6967	FDBA	8000	87
6967	FDC2	8001	19
6967	FDA9	8000	86
6967	FDB1	8001	28
6967	FDBA	8000	87
6967	FDC2	8001	29
6967	FDA9	8000	86
6967	FDB1	8001	28
6967	FDBA	8000	87
6967	FDC2	8001	29
6967	F9B3	8000	80
6967	F9B9	8001	FC
6967	F9BE	8000	81
6967	F9C4	8001	14
6967	F9C9	8000	82
6967	F9CF	8001	A2
6967	F9D4	8000	83
6967	F9DA	8001	01
6967	F9DF	8000	84
6967	F9E5	8001	02
6967	F9EA	8000	85
6967	F9F0	8001	14
6967	F8DB	8000	87
6967	F9B3	8000	80
6967	F9B9	8001	FC
6967	F9BE	8000	81
6967	F9C4	8001	14
6967	F9C9	8000	82
6967	F9CF	8001	00
6967	F9D4	8000	83
6967	F9DA	8001	01
6967	F9DF	8000	84
6967	F9E5	8001	02
6967	F9EA	8000	85
6967	F9F0	8001	14
6967	F8DB	8000	87
6968	FA23	8000	80
6968	FA29	8001	FC
6968	FA2E	8000	81
6968	FA34	8001	E2
6968	FA39	8000	82
6968	FA3F	8001	A2
6968	FA44	8000	83
6968	FA4A	8001	35
6968	FA4F	8000	84
6968	FA55	8001	B7
6968	FA5A	8000	85
6968	FA60	8001	BD
6968	FADD	8000	86
6968	FAE2	8001	18
6968	FAE9	8000	87
6968	FAEE	8001	19
6968	FAF8	8000	86
6968	FAFE	8001	28
6968	FB05	8000	87
6968	FB0B	8001	29
6968	FDA9	8000	86
6968	FDB1	8001	06
6968	FDBA	8000	87
6968	FDC2	8001	07
6968	FC3F	8000	86
6968	FC48	8001	06
6968	FC4F	8000	87
6968	FC58	8001	07
6968	FDA9	8000	86
6968	FDB1	8001	18
6968	FDBA	8000	87
6968	FDC2	8001	19
6968	FDA9	8000	86
6968	FDB1	8001	28
6968	FDBA	8000	87
6968	FDC2	8001	29
6968	FDA9	8000	86
6968	FDB1	8001	28
6968	FDBA	8000	87
6968	FDC2	8001	29
6968	F9B3	8000	80
6968	F9B9	8001	FC
6968	F9BE	8000	81
6968	F9C4	8001	14
6968	F9C9	8000	82
6968	F9CF	8001	A2
6968	F9D4	8000	83
6968	F9DA	8001	01
6968	F9DF	8000	84
6968	F9E5	8001	02
6968	F9EA	8000	85
6968	F9F0	8001	14
6968	F8DB	8000	87
6968	F9B3	8000	80
6968	F9B9	8001	FC
6968	F9BE	8000	81
6968	F9C4	8001	14
6968	F9C9	8000	82
6968	F9CF	8001	00
6968	F9D4	8000	83
6968	F9DA	8001	01
6968	F9DF	8000	84
6968	F9E5	8001	02
6968	F9EA	8000	85
6968	F9F0	8001	14
6968	F8DB	8000	87
6969	FA23	8000	80
6969	FA29	8001	FC
6969	FA2E	8000	81
6969	FA34	8001	E2
6969	FA39	8000	82
6969	FA3F	8001	A2
6969	FA44	8000	83
6969	FA4A	8001	35
6969	FA4F	8000	84
6969	FA55	8001	B7
6969	FA5A	8000	85
6969	FA60	8001	BD
6969	FADD	8000	86
6969	FAE2	8001	18
6969	FAE9	8000	87
6969	FAEE	8001	19
6969	FAF8	8000	86
6969	FAFE	8001	28
6969	FB05	8000	87
6969	FB0B	8001	29
6969	FDA9	8000	86
6969	FDB1	8001	06
6969	FDBA	8000	87
6969	FDC2	8001	07
6969	FC3F	8000	86
6969	FC48	8001	06
6969	FC4F	8000	87
6969	FC58	8001	07
6969	FDA9	8000	86
6969	FDB1	8001	18
6969	FDBA	8000	87
6969	FDC2	8001	19
6969	FDA9	8000	86
6969	FDB1	8001	28
6969	FDBA	8000	87
6969	FDC2	8001	29
6969	FDA9	8000	86
6969	FDB1	8001	28
6969	FDBA	8000	87
6969	FDC2	8001	29
6969	F9B3	8000	80
6969	F9B9	8001	FC
6969	F9BE	8000	81
6969	F9C4	8001	14
6969	F9C9	8000	82
6969	F9CF	8001	A2
6969	F9D4	8000	83
6969	F9DA	8001	01
6969	F9DF	8000	84
6969	F9E5	8001	02
6969	F9EA	8000	85
6969	F9F0	8001	14
6969	F8DB	8000	87
6969	F9B3	8000	80
6969	F9B9	8001	FC
6969	F9BE	8000	81
6969	F9C4	8001	14
6969	F9C9	8000	82
6969	F9CF	8001	00
6969	F9D4	8000	83
6969	F9DA	8001	01
6969	F9DF	8000	84
6969	F9E5	8001	02
6969	F9EA	8000	85
6969	F9F0	8001	14
6969	F8DB	8000	87
6970	FA23	8000	80
6970	FA29	8001	FC
6970	FA2E	8000	81
6970	FA34	8001	E2
6970	FA39	8000	82
6970	FA3F	8001	A2
6970	FA44	8000	83
6970	FA4A	8001	35
6970	FA4F	8000	84
6970	FA55	8001	B7
6970	FA5A	8000	85
6970	FA60	8001	BD
6970	FADD	8000	86
6970	FAE2	8001	18
6970	FAE9	8000	87
6970	FAEE	8001	19
6970	FAF8	8000	86
6970	FAFE	8001	28
6970	FB05	8000	87
6970	FB0B	8001	29
6970	FDA9	8000	86
6970	FDB1	8001	06
6970	FDBA	8000	87
6970	FDC2	8001	07
6970	FC3F	8000	86
6970	FC48	8001	06
6970	FC4F	8000	87
6970	FC58	8001	07
6970	FDA9	8000	86
6970	FDB1	8001	18
6970	FDBA	8000	87
6970	FDC2	8001	19
6970	FDA9	8000	86
6970	FDB1	8001	28
6970	FDBA	8000	87
6970	FDC2	8001	29
6970	FDA9	8000	86
6970	FDB1	8001	28
6970	FDBA	8000	87
6970	FDC2	8001	29
6970	F9B3	8000	80
6970	F9B9	8001	FC
6970	F9BE	8000	81
6970	F9C4	8001	14
6970	F9C9	8000	82
6970	F9CF	8001	A2
6970	F9D4	8000	83
6970	F9DA	8001	01
6970	F9DF	8000	84
6970	F9E5	8001	02
6970	F9EA	8000	85
6970	F9F0	8001	14
6970	F8DB	8000	87
6970	F9B3	8000	80
6970	F9B9	8001	FC
6970	F9BE	8000	81
6970	F9C4	8001	14
6970	F9C9	8000	82
6970	F9CF	8001	00
6970	F9D4	8000	83
6970	F9DA	8001	01
6970	F9DF	8000	84
6970	F9E5	8001	02
6970	F9EA	8000	85
6970	F9F0	8001	14
6970	F8DB	8000	87
6971	FA23	8000	80
6971	FA29	8001	FC
6971	FA2E	8000	81
6971	FA34	8001	E2
6971	FA39	8000	82
6971	FA3F	8001	A2
6971	FA44	8000	83
6971	FA4A	8001	35
6971	FA4F	8000	84
6971	FA55	8001	B7
6971	FA5A	8000	85
6971	FA60	8001	BD
6971	FADD	8000	86
6971	FAE2	8001	18
6971	FAE9	8000	87
6971	FAEE	8001	19
6971	FAF8	8000	86
6971	FAFE	8001	28
6971	FB05	8000	87
6971	FB0B	8001	29
6971	FDA9	8000	86
6971	FDB1	8001	06
6971	FDBA	8000	87
6971	FDC2	8001	07
6971	FC3F	8000	86
6971	FC48	8001	06
6971	FC4F	8000	87
6971	FC58	8001	07
6971	FDA9	8000	86
6971	FDB1	8001	18
6971	FDBA	8000	87
6971	FDC2	8001	19
6971	FDA9	8000	86
6971	FDB1	8001	28
6971	FDBA	8000	87
6971	FDC2	8001	29
6971	FDA9	8000	86
6971	FDB1	8001	28
6971	FDBA	8000	87
6971	FDC2	8001	29
6971	F9B3	8000	80
6971	F9B9	8001	FC
6971	F9BE	8000	81
6971	F9C4	8001	14
6971	F9C9	8000	82
6971	F9CF	8001	A2
6971	F9D4	8000	83
6971	F9DA	8001	01
6971	F9DF	8000	84
6971	F9E5	8001	02
6971	F9EA	8000	85
6971	F9F0	8001	14
6971	F8DB	8000	87
6971	F9B3	8000	80
6971	F9B9	8001	FC
6971	F9BE	8000	81
6971	F9C4	8001	14
6971	F9C9	8000	82
6971	F9CF	8001	00
6971	F9D4	8000	83
6971	F9DA	8001	01
6971	F9DF	8000	84
6971	F9E5	8001	02
6971	F9EA	8000	85
6971	F9F0	8001	14
6971	F8DB	8000	87
6972	FA23	8000	80
6972	FA29	8001	FC
6972	FA2E	8000	81
6972	FA34	8001	E2
6972	FA39	8000	82
6972	FA3F	8001	A2
6972	FA44	8000	83
6972	FA4A	8001	35
6972	FA4F	8000	84
6972	FA55	8001	B7
6972	FA5A	8000	85
6972	FA60	8001	BD
6972	FADD	8000	86
6972	FAE2	8001	18
6972	FAE9	8000	87
6972	FAEE	8001	19
6972	FAF8	8000	86
6972	FAFE	8001	28
6972	FB05	8000	87
6972	FB0B	8001	29
6972	FDA9	8000	86
6972	FDB1	8001	06
6972	FDBA	8000	87
6972	FDC2	8001	07
6972	FC3F	8000	86
6972	FC48	8001	06
6972	FC4F	8000	87
6972	FC58	8001	07
6972	FDA9	8000	86
6972	FDB1	8001	18
6972	FDBA	8000	87
6972	FDC2	8001	19
6972	FDA9	8000	86
6972	FDB1	8001	28
6972	FDBA	8000	87
6972	FDC2	8001	29
6972	FDA9	8000	86
6972	FDB1	8001	28
6972	FDBA	8000	87
6972	FDC2	8001	29
6972	F9B3	8000	80
6972	F9B9	8001	FC
6972	F9BE	8000	81
6972	F9C4	8001	14
6972	F9C9	8000	82
6972	F9CF	8001	A2
6972	F9D4	8000	83
6972	F9DA	8001	01
6972	F9DF	8000	84
6972	F9E5	8001	02
6972	F9EA	8000	85
6972	F9F0	8001	14
6972	F8DB	8000	87
6972	F9B3	8000	80
6972	F9B9	8001	FC
6972	F9BE	8000	81
6972	F9C4	8001	14
6972	F9C9	8000	82
6972	F9CF	8001	00
6972	F9D4	8000	83
6972	F9DA	8001	01
6972	F9DF	8000	84
6972	F9E5	8001	02
6972	F9EA	8000	85
6972	F9F0	8001	14
6972	F8DB	8000	87
6973	FA23	8000	80
6973	FA29	8001	FC
6973	FA2E	8000	81
6973	FA34	8001	E2
6973	FA39	8000	82
6973	FA3F	8001	A2
6973	FA44	8000	83
6973	FA4A	8001	35
6973	FA4F	8000	84
6973	FA55	8001	B7
6973	FA5A	8000	85
6973	FA60	8001	BD
6973	FADD	8000	86
6973	FAE2	8001	18
6973	FAE9	8000	87
6973	FAEE	8001	19
6973	FAF8	8000	86
6973	FAFE	8001	28
6973	FB05	8000	87
6973	FB0B	8001	29
6973	FDA9	8000	86
6973	FDB1	8001	06
6973	FDBA	8000	87
6973	FDC2	8001	07
6973	FC3F	8000	86
6973	FC48	8001	06
6973	FC4F	8000	87
6973	FC58	8001	07
6973	FDA9	8000	86
6973	FDB1	8001	18
6973	FDBA	8000	87
6973	FDC2	8001	19
6973	FDA9	8000	86
6973	FDB1	8001	28
6973	FDBA	8000	87
6973	FDC2	8001	29
6973	FDA9	8000	86
6973	FDB1	8001	28
6973	FDBA	8000	87
6973	FDC2	8001	29
6973	F9B3	8000	80
6973	F9B9	8001	FC
6973	F9BE	8000	81
6973	F9C4	8001	14
6973	F9C9	8000	82
6973	F9CF	8001	A2
6973	F9D4	8000	83
6973	F9DA	8001	01
6973	F9DF	8000	84
6973	F9E5	8001	02
6973	F9EA	8000	85
6973	F9F0	8001	14
6973	F8DB	8000	87
6973	F9B3	8000	80
6973	F9B9	8001	FC
6973	F9BE	8000	81
6973	F9C4	8001	14
6973	F9C9	8000	82
6973	F9CF	8001	00
6973	F9D4	8000	83
6973	F9DA	8001	01
6973	F9DF	8000	84
6973	F9E5	8001	02
6973	F9EA	8000	85
6973	F9F0	8001	14
6973	F8DB	8000	87
6974	FA23	8000	80
6974	FA29	8001	FC
6974	FA2E	8000	81
6974	FA34	8001	E2
6974	FA39	8000	82
6974	FA3F	8001	A2
6974	FA44	8000	83
6974	FA4A	8001	35
6974	FA4F	8000	84
6974	FA55	8001	B7
6974	FA5A	8000	85
6974	FA60	8001	BD
6974	FADD	8000	86
6974	FAE2	8001	18
6974	FAE9	8000	87
6974	FAEE	8001	19
6974	BF0A	8000	86
6974	C8E1	8001	00
6974	C8E6	8000	87
6974	C8EB	8001	01
6974	C900	8000	86
6974	C905	8001	18
6974	C90A	8000	87
6974	C90F	8001	19
6974	BF0A	8000	86
6974	C8E1	8001	00
6974	C8E6	8000	87
6974	C8EB	8001	01
6974	C900	8000	86
6974	C905	8001	18
6974	C90A	8000	87
6974	C90F	8001	19
6974	BF0A	8000	86
6974	C8E1	8001	00
6974	C8E6	8000	87
6974	C8EB	8001	01
6974	C900	8000	86
6974	C905	8001	18
6974	C90A	8000	87
6974	C90F	8001	19
6974	FAF8	8000	86
6974	FAFE	8001	28
6974	FB05	8000	87
6974	FB0B	8001	29
6974	FDA9	8000	86
6974	FDB1	8001	06
6974	FDBA	8000	87
6974	FDC2	8001	07
6974	FC3F	8000	86
6974	FC48	8001	06
6974	FC4F	8000	87
6974	FC58	8001	07
6974	FDA9	8000	86
6974	FDB1	8001	18
6974	FDBA	8000	87
6974	FDC2	8001	19
6974	FDA9	8000	86
6974	FDB1	8001	28
6974	FDBA	8000	87
6974	FDC2	8001	29
6974	FDA9	8000	86
6974	FDB1	8001	28
6974	FDBA	8000	87
6974	FDC2	8001	29
6974	F9B3	8000	80
6974	F9B9	8001	FC
6974	F9BE	8000	81
6974	F9C4	8001	14
6974	F9C9	8000	82
6974	F9CF	8001	A2
6974	F9D4	8000	83
6974	F9DA	8001	01
6974	F9DF	8000	84
6974	F9E5	8001	02
6974	F9EA	8000	85
6974	F9F0	8001	14
6974	F8DB	8000	87
6974	F9B3	8000	80
6974	F9B9	8001	FC
6974	F9BE	8000	81
6974	F9C4	8001	14
6974	F9C9	8000	82
6974	F9CF	8001	00
6974	F9D4	8000	83
6974	F9DA	8001	01
6974	F9DF	8000	84
6974	F9E5	8001	02
6974	F9EA	8000	85
6974	F9F0	8001	14
6974	F8DB	8000	87
6975	FA23	8000	80
6975	FA29	8001	FC
6975	FA2E	8000	81
6975	FA34	8001	E2
6975	FA39	8000	82
6975	FA3F	8001	A2
6975	FA44	8000	83
6975	FA4A	8001	35
6975	FA4F	8000	84
6975	FA55	8001	B7
6975	FA5A	8000	85
6975	FA60	8001	BD
6975	FADD	8000	86
6975	FAE2	8001	18
6975	FAE9	8000	87
6975	FAEE	8001	19
6975	FAF8	8000	86
6975	FAFE	8001	28
6975	FB05	8000	87
6975	FB0B	8001	29
6975	FDA9	8000	86
6975	FDB1	8001	06
6975	FDBA	8000	87
6975	FDC2	8001	07
6975	FC3F	8000	86
6975	FC48	8001	06
6975	FC4F	8000	87
6975	FC58	8001	07
6975	FDA9	8000	86
6975	FDB1	8001	18
6975	FDBA	8000	87
6975	FDC2	8001	19
6975	FDA9	8000	86
6975	FDB1	8001	28
6975	FDBA	8000	87
6975	FDC2	8001	29
6975	FDA9	8000	86
6975	FDB1	8001	28
6975	FDBA	8000	87
6975	FDC2	8001	29
6975	F9B3	8000	80
6975	F9B9	8001	FC
6975	F9BE	8000	81
6975	F9C4	8001	14
6975	F9C9	8000	82
6975	F9CF	8001	A2
6975	F9D4	8000	83
6975	F9DA	8001	01
6975	F9DF	8000	84
6975	F9E5	8001	02
6975	F9EA	8000	85
6975	F9F0	8001	14
6975	F8DB	8000	87
6975	F9B3	8000	80
6975	F9B9	8001	FC
6975	F9BE	8000	81
6975	F9C4	8001	14
6975	F9C9	8000	82
6975	F9CF	8001	00
6975	F9D4	8000	83
6975	F9DA	8001	01
6975	F9DF	8000	84
6975	F9E5	8001	02
6975	F9EA	8000	85
6975	F9F0	8001	14
6975	F8DB	8000	87
6976	FA23	8000	80
6976	FA29	8001	FC
6976	FA2E	8000	81
6976	FA34	8001	E2
6976	FA39	8000	82
6976	FA3F	8001	A2
6976	FA44	8000	83
6976	FA4A	8001	35
6976	FA4F	8000	84
6976	FA55	8001	B7
6976	FA5A	8000	85
6976	FA60	8001	BD
6976	FADD	8000	86
6976	FAE2	8001	18
6976	FAE9	8000	87
6976	FAEE	8001	19
6976	FAF8	8000	86
6976	FAFE	8001	28
6976	FB05	8000	87
6976	FB0B	8001	29
6976	FDA9	8000	86
6976	FDB1	8001	06
6976	FDBA	8000	87
6976	FDC2	8001	07
6976	FC3F	8000	86
6976	FC48	8001	06
6976	FC4F	8000	87
6976	FC58	8001	07
6976	FDA9	8000	86
6976	FDB1	8001	18
6976	FDBA	8000	87
6976	FDC2	8001	19
6976	FDA9	8000	86
6976	FDB1	8001	28
6976	FDBA	8000	87
6976	FDC2	8001	29
6976	FDA9	8000	86
6976	FDB1	8001	28
6976	FDBA	8000	87
6976	FDC2	8001	29
6976	F9B3	8000	80
6976	F9B9	8001	FC
6976	F9BE	8000	81
6976	F9C4	8001	14
6976	F9C9	8000	82
6976	F9CF	8001	A2
6976	F9D4	8000	83
6976	F9DA	8001	01
6976	F9DF	8000	84
6976	F9E5	8001	02
6976	F9EA	8000	85
6976	F9F0	8001	14
6976	F8DB	8000	87
6976	F9B3	8000	80
6976	F9B9	8001	FC
6976	F9BE	8000	81
6976	F9C4	8001	14
6976	F9C9	8000	82
6976	F9CF	8001	00
6976	F9D4	8000	83
6976	F9DA	8001	01
6976	F9DF	8000	84
6976	F9E5	8001	02
6976	F9EA	8000	85
6976	F9F0	8001	14
6976	F8DB	8000	87
6977	FA23	8000	80
6977	FA29	8001	FC
6977	FA2E	8000	81
6977	FA34	8001	E2
6977	FA39	8000	82
6977	FA3F	8001	A2
6977	FA44	8000	83
6977	FA4A	8001	35
6977	FA4F	8000	84
6977	FA55	8001	B7
6977	FA5A	8000	85
6977	FA60	8001	BD
6977	FADD	8000	86
6977	FAE2	8001	18
6977	FAE9	8000	87
6977	FAEE	8001	19
6977	FAF8	8000	86
6977	FAFE	8001	28
6977	FB05	8000	87
6977	FB0B	8001	29
6977	FDA9	8000	86
6977	FDB1	8001	06
6977	FDBA	8000	87
6977	FDC2	8001	07
6977	FC3F	8000	86
6977	FC48	8001	06
6977	FC4F	8000	87
6977	FC58	8001	07
6977	FDA9	8000	86
6977	FDB1	8001	18
6977	FDBA	8000	87
6977	FDC2	8001	19
6977	FDA9	8000	86
6977	FDB1	8001	28
6977	FDBA	8000	87
6977	FDC2	8001	29
6977	FDA9	8000	86
6977	FDB1	8001	28
6977	FDBA	8000	87
6977	FDC2	8001	29
6977	F9B3	8000	80
6977	F9B9	8001	FC
6977	F9BE	8000	81
6977	F9C4	8001	14
6977	F9C9	8000	82
6977	F9CF	8001	A2
6977	F9D4	8000	83
6977	F9DA	8001	01
6977	F9DF	8000	84
6977	F9E5	8001	02
6977	F9EA	8000	85
6977	F9F0	8001	14
6977	F8DB	8000	87
6977	F9B3	8000	80
6977	F9B9	8001	FC
6977	F9BE	8000	81
6977	F9C4	8001	14
6977	F9C9	8000	82
6977	F9CF	8001	00
6977	F9D4	8000	83
6977	F9DA	8001	01
6977	F9DF	8000	84
6977	F9E5	8001	02
6977	F9EA	8000	85
6977	F9F0	8001	14
6977	F8DB	8000	87
6978	FA23	8000	80
6978	FA29	8001	FC
6978	FA2E	8000	81
6978	FA34	8001	E2
6978	FA39	8000	82
6978	FA3F	8001	A2
6978	FA44	8000	83
6978	FA4A	8001	35
6978	FA4F	8000	84
6978	FA55	8001	B7
6978	FA5A	8000	85
6978	FA60	8001	BD
6978	FADD	8000	86
6978	FAE2	8001	18
6978	FAE9	8000	87
6978	FAEE	8001	19
6978	FAF8	8000	86
6978	FAFE	8001	28
6978	FB05	8000	87
6978	FB0B	8001	29
6978	FDA9	8000	86
6978	FDB1	8001	06
6978	FDBA	8000	87
6978	FDC2	8001	07
6978	FC3F	8000	86
6978	FC48	8001	06
6978	FC4F	8000	87
6978	FC58	8001	07
6978	FDA9	8000	86
6978	FDB1	8001	18
6978	FDBA	8000	87
6978	FDC2	8001	19
6978	FDA9	8000	86
6978	FDB1	8001	28
6978	FDBA	8000	87
6978	FDC2	8001	29
6978	FDA9	8000	86
6978	FDB1	8001	28
6978	FDBA	8000	87
6978	FDC2	8001	29
6978	F9B3	8000	80
6978	F9B9	8001	FC
6978	F9BE	8000	81
6978	F9C4	8001	14
6978	F9C9	8000	82
6978	F9CF	8001	A2
6978	F9D4	8000	83
6978	F9DA	8001	01
6978	F9DF	8000	84
6978	F9E5	8001	02
6978	F9EA	8000	85
6978	F9F0	8001	14
6978	F8DB	8000	87
6978	F9B3	8000	80
6978	F9B9	8001	FC
6978	F9BE	8000	81
6978	F9C4	8001	14
6978	F9C9	8000	82
6978	F9CF	8001	00
6978	F9D4	8000	83
6978	F9DA	8001	01
6978	F9DF	8000	84
6978	F9E5	8001	02
6978	F9EA	8000	85
6978	F9F0	8001	14
6978	F8DB	8000	87
6979	FA23	8000	80
6979	FA29	8001	FC
6979	FA2E	8000	81
6979	FA34	8001	E2
6979	FA39	8000	82
6979	FA3F	8001	A2
6979	FA44	8000	83
6979	FA4A	8001	35
6979	FA4F	8000	84
6979	FA55	8001	B7
6979	FA5A	8000	85
6979	FA60	8001	BD
6979	FADD	8000	86
6979	FAE2	8001	18
6979	FAE9	8000	87
6979	FAEE	8001	19
6979	FAF8	8000	86
6979	FAFE	8001	28
6979	FB05	8000	87
6979	FB0B	8001	29
6979	FDA9	8000	86
6979	FDB1	8001	06
6979	FDBA	8000	87
6979	FDC2	8001	07
6979	FC3F	8000	86
6979	FC48	8001	06
6979	FC4F	8000	87
6979	FC58	8001	07
6979	FDA9	8000	86
6979	FDB1	8001	18
6979	FDBA	8000	87
6979	FDC2	8001	19
6979	FDA9	8000	86
6979	FDB1	8001	28
6979	FDBA	8000	87
6979	FDC2	8001	29
6979	FDA9	8000	86
6979	FDB1	8001	28
6979	FDBA	8000	87
6979	FDC2	8001	29
6979	F9B3	8000	80
6979	F9B9	8001	FC
6979	F9BE	8000	81
6979	F9C4	8001	14
6979	F9C9	8000	82
6979	F9CF	8001	A2
6979	F9D4	8000	83
6979	F9DA	8001	01
6979	F9DF	8000	84
6979	F9E5	8001	02
6979	F9EA	8000	85
6979	F9F0	8001	14
6979	F8DB	8000	87
6979	F9B3	8000	80
6979	F9B9	8001	FC
6979	F9BE	8000	81
6979	F9C4	8001	14
6979	F9C9	8000	82
6979	F9CF	8001	00
6979	F9D4	8000	83
6979	F9DA	8001	01
6979	F9DF	8000	84
6979	F9E5	8001	02
6979	F9EA	8000	85
6979	F9F0	8001	14
6979	F8DB	8000	87
6980	FA23	8000	80
6980	FA29	8001	FC
6980	FA2E	8000	81
6980	FA34	8001	E2
6980	FA39	8000	82
6980	FA3F	8001	A2
6980	FA44	8000	83
6980	FA4A	8001	35
6980	FA4F	8000	84
6980	FA55	8001	B7
6980	FA5A	8000	85
6980	FA60	8001	BD
6980	FADD	8000	86
6980	FAE2	8001	18
6980	FAE9	8000	87
6980	FAEE	8001	19
6980	FAF8	8000	86
6980	FAFE	8001	28
6980	FB05	8000	87
6980	FB0B	8001	29
6980	FDA9	8000	86
6980	FDB1	8001	06
6980	FDBA	8000	87
6980	FDC2	8001	07
6980	FC3F	8000	86
6980	FC48	8001	06
6980	FC4F	8000	87
6980	FC58	8001	07
6980	FDA9	8000	86
6980	FDB1	8001	18
6980	FDBA	8000	87
6980	FDC2	8001	19
6980	FDA9	8000	86
6980	FDB1	8001	28
6980	FDBA	8000	87
6980	FDC2	8001	29
6980	FDA9	8000	86
6980	FDB1	8001	28
6980	FDBA	8000	87
6980	FDC2	8001	29
6980	F9B3	8000	80
6980	F9B9	8001	FC
6980	F9BE	8000	81
6980	F9C4	8001	14
6980	F9C9	8000	82
6980	F9CF	8001	A2
6980	F9D4	8000	83
6980	F9DA	8001	01
6980	F9DF	8000	84
6980	F9E5	8001	02
6980	F9EA	8000	85
6980	F9F0	8001	14
6980	F8DB	8000	87
6980	F9B3	8000	80
6980	F9B9	8001	FC
6980	F9BE	8000	81
6980	F9C4	8001	14
6980	F9C9	8000	82
6980	F9CF	8001	00
6980	F9D4	8000	83
6980	F9DA	8001	01
6980	F9DF	8000	84
6980	F9E5	8001	02
6980	F9EA	8000	85
6980	F9F0	8001	14
6980	F8DB	8000	87
6981	FA23	8000	80
6981	FA29	8001	FC
6981	FA2E	8000	81
6981	FA34	8001	E2
6981	FA39	8000	82
6981	FA3F	8001	A2
6981	FA44	8000	83
6981	FA4A	8001	35
6981	FA4F	8000	84
6981	FA55	8001	B7
6981	FA5A	8000	85
6981	FA60	8001	BD
6981	FADD	8000	86
6981	FAE2	8001	18
6981	FAE9	8000	87
6981	FAEE	8001	19
6981	FAF8	8000	86
6981	FAFE	8001	28
6981	FB05	8000	87
6981	FB0B	8001	29
6981	FDA9	8000	86
6981	FDB1	8001	06
6981	FDBA	8000	87
6981	FDC2	8001	07
6981	FC3F	8000	86
6981	FC48	8001	06
6981	FC4F	8000	87
6981	FC58	8001	07
6981	FDA9	8000	86
6981	FDB1	8001	18
6981	FDBA	8000	87
6981	FDC2	8001	19
6981	FDA9	8000	86
6981	FDB1	8001	28
6981	FDBA	8000	87
6981	FDC2	8001	29
6981	FDA9	8000	86
6981	FDB1	8001	28
6981	FDBA	8000	87
6981	FDC2	8001	29
6981	F9B3	8000	80
6981	F9B9	8001	FC
6981	F9BE	8000	81
6981	F9C4	8001	14
6981	F9C9	8000	82
6981	F9CF	8001	A2
6981	F9D4	8000	83
6981	F9DA	8001	01
6981	F9DF	8000	84
6981	F9E5	8001	02
6981	F9EA	8000	85
6981	F9F0	8001	14
6981	F8DB	8000	87
6981	F9B3	8000	80
6981	F9B9	8001	FC
6981	F9BE	8000	81
6981	F9C4	8001	14
6981	F9C9	8000	82
6981	F9CF	8001	00
6981	F9D4	8000	83
6981	F9DA	8001	01
6981	F9DF	8000	84
6981	F9E5	8001	02
6981	F9EA	8000	85
6981	F9F0	8001	14
6981	F8DB	8000	87
6982	FA23	8000	80
6982	FA29	8001	FC
6982	FA2E	8000	81
6982	FA34	8001	E2
6982	FA39	8000	82
6982	FA3F	8001	A2
6982	FA44	8000	83
6982	FA4A	8001	35
6982	FA4F	8000	84
6982	FA55	8001	B7
6982	FA5A	8000	85
6982	FA60	8001	BD
6982	FADD	8000	86
6982	FAE2	8001	18
6982	FAE9	8000	87
6982	FAEE	8001	19
6982	FAF8	8000	86
6982	FAFE	8001	28
6982	FB05	8000	87
6982	FB0B	8001	29
6982	FDA9	8000	86
6982	FDB1	8001	06
6982	FDBA	8000	87
6982	FDC2	8001	07
6982	FC3F	8000	86
6982	FC48	8001	06
6982	FC4F	8000	87
6982	FC58	8001	07
6982	FDA9	8000	86
6982	FDB1	8001	18
6982	FDBA	8000	87
6982	FDC2	8001	19
6982	FDA9	8000	86
6982	FDB1	8001	28
6982	FDBA	8000	87
6982	FDC2	8001	29
6982	FDA9	8000	86
6982	FDB1	8001	28
6982	FDBA	8000	87
6982	FDC2	8001	29
6982	F9B3	8000	80
6982	F9B9	8001	FC
6982	F9BE	8000	81
6982	F9C4	8001	14
6982	F9C9	8000	82
6982	F9CF	8001	A2
6982	F9D4	8000	83
6982	F9DA	8001	01
6982	F9DF	8000	84
6982	F9E5	8001	02
6982	F9EA	8000	85
6982	F9F0	8001	14
6982	F8DB	8000	87
6982	F9B3	8000	80
6982	F9B9	8001	FC
6982	F9BE	8000	81
6982	F9C4	8001	14
6982	F9C9	8000	82
6982	F9CF	8001	00
6982	F9D4	8000	83
6982	F9DA	8001	01
6982	F9DF	8000	84
6982	F9E5	8001	02
6982	F9EA	8000	85
6982	F9F0	8001	14
6982	F8DB	8000	87
6983	FA23	8000	80
6983	FA29	8001	FC
6983	FA2E	8000	81
6983	FA34	8001	E2
6983	FA39	8000	82
6983	FA3F	8001	A2
6983	FA44	8000	83
6983	FA4A	8001	35
6983	FA4F	8000	84
6983	FA55	8001	B7
6983	FA5A	8000	85
6983	FA60	8001	BD
6983	FADD	8000	86
6983	FAE2	8001	18
6983	FAE9	8000	87
6983	FAEE	8001	19
6983	FAF8	8000	86
6983	FAFE	8001	28
6983	FB05	8000	87
6983	FB0B	8001	29
6983	FDA9	8000	86
6983	FDB1	8001	06
6983	FDBA	8000	87
6983	FDC2	8001	07
6983	FC3F	8000	86
6983	FC48	8001	06
6983	FC4F	8000	87
6983	FC58	8001	07
6983	FDA9	8000	86
6983	FDB1	8001	18
6983	FDBA	8000	87
6983	FDC2	8001	19
6983	FDA9	8000	86
6983	FDB1	8001	28
6983	FDBA	8000	87
6983	FDC2	8001	29
6983	FDA9	8000	86
6983	FDB1	8001	28
6983	FDBA	8000	87
6983	FDC2	8001	29
6983	F9B3	8000	80
6983	F9B9	8001	FC
6983	F9BE	8000	81
6983	F9C4	8001	14
6983	F9C9	8000	82
6983	F9CF	8001	A2
6983	F9D4	8000	83
6983	F9DA	8001	01
6983	F9DF	8000	84
6983	F9E5	8001	02
6983	F9EA	8000	85
6983	F9F0	8001	14
6983	F8DB	8000	87
6983	F9B3	8000	80
6983	F9B9	8001	FC
6983	F9BE	8000	81
6983	F9C4	8001	14
6983	F9C9	8000	82
6983	F9CF	8001	00
6983	F9D4	8000	83
6983	F9DA	8001	01
6983	F9DF	8000	84
6983	F9E5	8001	02
6983	F9EA	8000	85
6983	F9F0	8001	14
6983	F8DB	8000	87
6984	FA23	8000	80
6984	FA29	8001	FC
6984	FA2E	8000	81
6984	FA34	8001	E2
6984	FA39	8000	82
6984	FA3F	8001	A2
6984	FA44	8000	83
6984	FA4A	8001	35
6984	FA4F	8000	84
6984	FA55	8001	B7
6984	FA5A	8000	85
6984	FA60	8001	BD
6984	FADD	8000	86
6984	FAE2	8001	18
6984	FAE9	8000	87
6984	FAEE	8001	19
6984	BF0A	8000	86
6984	C8E1	8001	00
6984	C8E6	8000	87
6984	C8EB	8001	01
6984	C900	8000	86
6984	C905	8001	18
6984	C90A	8000	87
6984	C90F	8001	19
6984	BF0A	8000	86
6984	C8E1	8001	00
6984	C8E6	8000	87
6984	C8EB	8001	01
6984	C900	8000	86
6984	C905	8001	18
6984	C90A	8000	87
6984	C90F	8001	19
6984	BF0A	8000	86
6984	C8E1	8001	00
6984	C8E6	8000	87
6984	C8EB	8001	01
6984	C900	8000	86
6984	C905	8001	18
6984	C90A	8000	87
6984	C90F	8001	19
6984	FAF8	8000	86
6984	FAFE	8001	28
6984	FB05	8000	87
6984	FB0B	8001	29
6984	FDA9	8000	86
6984	FDB1	8001	06
6984	FDBA	8000	87
6984	FDC2	8001	07
6984	FC3F	8000	86
6984	FC48	8001	06
6984	FC4F	8000	87
6984	FC58	8001	07
6984	FDA9	8000	86
6984	FDB1	8001	18
6984	FDBA	8000	87
6984	FDC2	8001	19
6984	FDA9	8000	86
6984	FDB1	8001	28
6984	FDBA	8000	87
6984	FDC2	8001	29
6984	FDA9	8000	86
6984	FDB1	8001	28
6984	FDBA	8000	87
6984	FDC2	8001	29
6984	F9B3	8000	80
6984	F9B9	8001	FC
6984	F9BE	8000	81
6984	F9C4	8001	14
6984	F9C9	8000	82
6984	F9CF	8001	A2
6984	F9D4	8000	83
6984	F9DA	8001	01
6984	F9DF	8000	84
6984	F9E5	8001	02
6984	F9EA	8000	85
6984	F9F0	8001	14
6984	F8DB	8000	87
6984	F9B3	8000	80
6984	F9B9	8001	FC
6984	F9BE	8000	81
6984	F9C4	8001	14
6984	F9C9	8000	82
6984	F9CF	8001	00
6984	F9D4	8000	83
6984	F9DA	8001	01
6984	F9DF	8000	84
6984	F9E5	8001	02
6984	F9EA	8000	85
6984	F9F0	8001	14
6984	F8DB	8000	87
6985	FA23	8000	80
6985	FA29	8001	FC
6985	FA2E	8000	81
6985	FA34	8001	E2
6985	FA39	8000	82
6985	FA3F	8001	A2
6985	FA44	8000	83
6985	FA4A	8001	35
6985	FA4F	8000	84
6985	FA55	8001	B7
6985	FA5A	8000	85
6985	FA60	8001	BD
6985	FADD	8000	86
6985	FAE2	8001	18
6985	FAE9	8000	87
6985	FAEE	8001	19
6985	FAF8	8000	86
6985	FAFE	8001	28
6985	FB05	8000	87
6985	FB0B	8001	29
6985	FDA9	8000	86
6985	FDB1	8001	06
6985	FDBA	8000	87
6985	FDC2	8001	07
6985	FC3F	8000	86
6985	FC48	8001	06
6985	FC4F	8000	87
6985	FC58	8001	07
6985	FDA9	8000	86
6985	FDB1	8001	18
6985	FDBA	8000	87
6985	FDC2	8001	19
6985	FDA9	8000	86
6985	FDB1	8001	28
6985	FDBA	8000	87
6985	FDC2	8001	29
6985	FDA9	8000	86
6985	FDB1	8001	28
6985	FDBA	8000	87
6985	FDC2	8001	29
6985	F9B3	8000	80
6985	F9B9	8001	FC
6985	F9BE	8000	81
6985	F9C4	8001	14
6985	F9C9	8000	82
6985	F9CF	8001	A2
6985	F9D4	8000	83
6985	F9DA	8001	01
6985	F9DF	8000	84
6985	F9E5	8001	02
6985	F9EA	8000	85
6985	F9F0	8001	14
6985	F8DB	8000	87
6985	F9B3	8000	80
6985	F9B9	8001	FC
6985	F9BE	8000	81
6985	F9C4	8001	14
6985	F9C9	8000	82
6985	F9CF	8001	00
6985	F9D4	8000	83
6985	F9DA	8001	01
6985	F9DF	8000	84
6985	F9E5	8001	02
6985	F9EA	8000	85
6985	F9F0	8001	14
6985	F8DB	8000	87
6986	FA23	8000	80
6986	FA29	8001	FC
6986	FA2E	8000	81
6986	FA34	8001	E2
6986	FA39	8000	82
6986	FA3F	8001	A2
6986	FA44	8000	83
6986	FA4A	8001	35
6986	FA4F	8000	84
6986	FA55	8001	B7
6986	FA5A	8000	85
6986	FA60	8001	BD
6986	FADD	8000	86
6986	FAE2	8001	18
6986	FAE9	8000	87
6986	FAEE	8001	19
6986	FAF8	8000	86
6986	FAFE	8001	28
6986	FB05	8000	87
6986	FB0B	8001	29
6986	FDA9	8000	86
6986	FDB1	8001	06
6986	FDBA	8000	87
6986	FDC2	8001	07
6986	FC3F	8000	86
6986	FC48	8001	06
6986	FC4F	8000	87
6986	FC58	8001	07
6986	FDA9	8000	86
6986	FDB1	8001	18
6986	FDBA	8000	87
6986	FDC2	8001	19
6986	FDA9	8000	86
6986	FDB1	8001	28
6986	FDBA	8000	87
6986	FDC2	8001	29
6986	FDA9	8000	86
6986	FDB1	8001	28
6986	FDBA	8000	87
6986	FDC2	8001	29
6986	F9B3	8000	80
6986	F9B9	8001	FC
6986	F9BE	8000	81
6986	F9C4	8001	14
6986	F9C9	8000	82
6986	F9CF	8001	A2
6986	F9D4	8000	83
6986	F9DA	8001	01
6986	F9DF	8000	84
6986	F9E5	8001	02
6986	F9EA	8000	85
6986	F9F0	8001	14
6986	F8DB	8000	87
6986	F9B3	8000	80
6986	F9B9	8001	FC
6986	F9BE	8000	81
6986	F9C4	8001	14
6986	F9C9	8000	82
6986	F9CF	8001	00
6986	F9D4	8000	83
6986	F9DA	8001	01
6986	F9DF	8000	84
6986	F9E5	8001	02
6986	F9EA	8000	85
6986	F9F0	8001	14
6986	F8DB	8000	87
6987	FA23	8000	80
6987	FA29	8001	FC
6987	FA2E	8000	81
6987	FA34	8001	E2
6987	FA39	8000	82
6987	FA3F	8001	A2
6987	FA44	8000	83
6987	FA4A	8001	35
6987	FA4F	8000	84
6987	FA55	8001	B7
6987	FA5A	8000	85
6987	FA60	8001	BD
6987	FADD	8000	86
6987	FAE2	8001	18
6987	FAE9	8000	87
6987	FAEE	8001	19
6987	FAF8	8000	86
6987	FAFE	8001	28
6987	FB05	8000	87
6987	FB0B	8001	29
6987	FDA9	8000	86
6987	FDB1	8001	06
6987	FDBA	8000	87
6987	FDC2	8001	07
6987	FC3F	8000	86
6987	FC48	8001	06
6987	FC4F	8000	87
6987	FC58	8001	07
6987	FDA9	8000	86
6987	FDB1	8001	18
6987	FDBA	8000	87
6987	FDC2	8001	19
6987	FDA9	8000	86
6987	FDB1	8001	28
6987	FDBA	8000	87
6987	FDC2	8001	29
6987	FDA9	8000	86
6987	FDB1	8001	28
6987	FDBA	8000	87
6987	FDC2	8001	29
6987	F9B3	8000	80
6987	F9B9	8001	FC
6987	F9BE	8000	81
6987	F9C4	8001	14
6987	F9C9	8000	82
6987	F9CF	8001	A2
6987	F9D4	8000	83
6987	F9DA	8001	01
6987	F9DF	8000	84
6987	F9E5	8001	02
6987	F9EA	8000	85
6987	F9F0	8001	14
6987	F8DB	8000	87
6987	F9B3	8000	80
6987	F9B9	8001	FC
6987	F9BE	8000	81
6987	F9C4	8001	14
6987	F9C9	8000	82
6987	F9CF	8001	00
6987	F9D4	8000	83
6987	F9DA	8001	01
6987	F9DF	8000	84
6987	F9E5	8001	02
6987	F9EA	8000	85
6987	F9F0	8001	14
6987	F8DB	8000	87
6988	FA23	8000	80
6988	FA29	8001	FC
6988	FA2E	8000	81
6988	FA34	8001	E2
6988	FA39	8000	82
6988	FA3F	8001	A2
6988	FA44	8000	83
6988	FA4A	8001	35
6988	FA4F	8000	84
6988	FA55	8001	B7
6988	FA5A	8000	85
6988	FA60	8001	BD
6988	FADD	8000	86
6988	FAE2	8001	18
6988	FAE9	8000	87
6988	FAEE	8001	19
6988	FAF8	8000	86
6988	FAFE	8001	28
6988	FB05	8000	87
6988	FB0B	8001	29
6988	FDA9	8000	86
6988	FDB1	8001	06
6988	FDBA	8000	87
6988	FDC2	8001	07
6988	FC3F	8000	86
6988	FC48	8001	06
6988	FC4F	8000	87
6988	FC58	8001	07
6988	FDA9	8000	86
6988	FDB1	8001	18
6988	FDBA	8000	87
6988	FDC2	8001	19
6988	FDA9	8000	86
6988	FDB1	8001	28
6988	FDBA	8000	87
6988	FDC2	8001	29
6988	FDA9	8000	86
6988	FDB1	8001	28
6988	FDBA	8000	87
6988	FDC2	8001	29
6988	F9B3	8000	80
6988	F9B9	8001	FC
6988	F9BE	8000	81
6988	F9C4	8001	14
6988	F9C9	8000	82
6988	F9CF	8001	A2
6988	F9D4	8000	83
6988	F9DA	8001	01
6988	F9DF	8000	84
6988	F9E5	8001	02
6988	F9EA	8000	85
6988	F9F0	8001	14
6988	F8DB	8000	87
6988	F9B3	8000	80
6988	F9B9	8001	FC
6988	F9BE	8000	81
6988	F9C4	8001	14
6988	F9C9	8000	82
6988	F9CF	8001	00
6988	F9D4	8000	83
6988	F9DA	8001	01
6988	F9DF	8000	84
6988	F9E5	8001	02
6988	F9EA	8000	85
6988	F9F0	8001	14
6988	F8DB	8000	87
6989	FA23	8000	80
6989	FA29	8001	FC
6989	FA2E	8000	81
6989	FA34	8001	E2
6989	FA39	8000	82
6989	FA3F	8001	A2
6989	FA44	8000	83
6989	FA4A	8001	35
6989	FA4F	8000	84
6989	FA55	8001	B7
6989	FA5A	8000	85
6989	FA60	8001	BD
6989	FADD	8000	86
6989	FAE2	8001	18
6989	FAE9	8000	87
6989	FAEE	8001	19
6989	FAF8	8000	86
6989	FAFE	8001	28
6989	FB05	8000	87
6989	FB0B	8001	29
6989	FDA9	8000	86
6989	FDB1	8001	06
6989	FDBA	8000	87
6989	FDC2	8001	07
6989	FC3F	8000	86
6989	FC48	8001	06
6989	FC4F	8000	87
6989	FC58	8001	07
6989	FDA9	8000	86
6989	FDB1	8001	18
6989	FDBA	8000	87
6989	FDC2	8001	19
6989	FDA9	8000	86
6989	FDB1	8001	28
6989	FDBA	8000	87
6989	FDC2	8001	29
6989	FDA9	8000	86
6989	FDB1	8001	28
6989	FDBA	8000	87
6989	FDC2	8001	29
6989	F9B3	8000	80
6989	F9B9	8001	FC
6989	F9BE	8000	81
6989	F9C4	8001	14
6989	F9C9	8000	82
6989	F9CF	8001	A2
6989	F9D4	8000	83
6989	F9DA	8001	01
6989	F9DF	8000	84
6989	F9E5	8001	02
6989	F9EA	8000	85
6989	F9F0	8001	14
6989	F8DB	8000	87
6989	F9B3	8000	80
6989	F9B9	8001	FC
6989	F9BE	8000	81
6989	F9C4	8001	14
6989	F9C9	8000	82
6989	F9CF	8001	00
6989	F9D4	8000	83
6989	F9DA	8001	01
6989	F9DF	8000	84
6989	F9E5	8001	02
6989	F9EA	8000	85
6989	F9F0	8001	14
6989	F8DB	8000	87
6990	FA23	8000	80
6990	FA29	8001	FC
6990	FA2E	8000	81
6990	FA34	8001	E2
6990	FA39	8000	82
6990	FA3F	8001	A2
6990	FA44	8000	83
6990	FA4A	8001	35
6990	FA4F	8000	84
6990	FA55	8001	B7
6990	FA5A	8000	85
6990	FA60	8001	BD
6990	FADD	8000	86
6990	FAE2	8001	18
6990	FAE9	8000	87
6990	FAEE	8001	19
6990	FAF8	8000	86
6990	FAFE	8001	28
6990	FB05	8000	87
6990	FB0B	8001	29
6990	FDA9	8000	86
6990	FDB1	8001	06
6990	FDBA	8000	87
6990	FDC2	8001	07
6990	FC3F	8000	86
6990	FC48	8001	06
6990	FC4F	8000	87
6990	FC58	8001	07
6990	FDA9	8000	86
6990	FDB1	8001	18
6990	FDBA	8000	87
6990	FDC2	8001	19
6990	FDA9	8000	86
6990	FDB1	8001	28
6990	FDBA	8000	87
6990	FDC2	8001	29
6990	FDA9	8000	86
6990	FDB1	8001	28
6990	FDBA	8000	87
6990	FDC2	8001	29
6990	F9B3	8000	80
6990	F9B9	8001	FC
6990	F9BE	8000	81
6990	F9C4	8001	14
6990	F9C9	8000	82
6990	F9CF	8001	A2
6990	F9D4	8000	83
6990	F9DA	8001	01
6990	F9DF	8000	84
6990	F9E5	8001	02
6990	F9EA	8000	85
6990	F9F0	8001	14
6990	F8DB	8000	87
6990	F9B3	8000	80
6990	F9B9	8001	FC
6990	F9BE	8000	81
6990	F9C4	8001	14
6990	F9C9	8000	82
6990	F9CF	8001	00
6990	F9D4	8000	83
6990	F9DA	8001	01
6990	F9DF	8000	84
6990	F9E5	8001	02
6990	F9EA	8000	85
6990	F9F0	8001	14
6990	F8DB	8000	87
6991	FA23	8000	80
6991	FA29	8001	FC
6991	FA2E	8000	81
6991	FA34	8001	E2
6991	FA39	8000	82
6991	FA3F	8001	A2
6991	FA44	8000	83
6991	FA4A	8001	35
6991	FA4F	8000	84
6991	FA55	8001	B7
6991	FA5A	8000	85
6991	FA60	8001	BD
6991	FADD	8000	86
6991	FAE2	8001	18
6991	FAE9	8000	87
6991	FAEE	8001	19
6991	FAF8	8000	86
6991	FAFE	8001	28
6991	FB05	8000	87
6991	FB0B	8001	29
6991	FDA9	8000	86
6991	FDB1	8001	06
6991	FDBA	8000	87
6991	FDC2	8001	07
6991	FC3F	8000	86
6991	FC48	8001	06
6991	FC4F	8000	87
6991	FC58	8001	07
6991	FDA9	8000	86
6991	FDB1	8001	18
6991	FDBA	8000	87
6991	FDC2	8001	19
6991	FDA9	8000	86
6991	FDB1	8001	28
6991	FDBA	8000	87
6991	FDC2	8001	29
6991	FDA9	8000	86
6991	FDB1	8001	28
6991	FDBA	8000	87
6991	FDC2	8001	29
6991	F9B3	8000	80
6991	F9B9	8001	FC
6991	F9BE	8000	81
6991	F9C4	8001	14
6991	F9C9	8000	82
6991	F9CF	8001	A2
6991	F9D4	8000	83
6991	F9DA	8001	01
6991	F9DF	8000	84
6991	F9E5	8001	02
6991	F9EA	8000	85
6991	F9F0	8001	14
6991	F8DB	8000	87
6991	F9B3	8000	80
6991	F9B9	8001	FC
6991	F9BE	8000	81
6991	F9C4	8001	14
6991	F9C9	8000	82
6991	F9CF	8001	00
6991	F9D4	8000	83
6991	F9DA	8001	01
6991	F9DF	8000	84
6991	F9E5	8001	02
6991	F9EA	8000	85
6991	F9F0	8001	14
6991	F8DB	8000	87
6992	FA23	8000	80
6992	FA29	8001	FC
6992	FA2E	8000	81
6992	FA34	8001	E2
6992	FA39	8000	82
6992	FA3F	8001	A2
6992	FA44	8000	83
6992	FA4A	8001	35
6992	FA4F	8000	84
6992	FA55	8001	B7
6992	FA5A	8000	85
6992	FA60	8001	BD
6992	FADD	8000	86
6992	FAE2	8001	18
6992	FAE9	8000	87
6992	FAEE	8001	19
6992	FAF8	8000	86
6992	FAFE	8001	28
6992	FB05	8000	87
6992	FB0B	8001	29
6992	FDA9	8000	86
6992	FDB1	8001	06
6992	FDBA	8000	87
6992	FDC2	8001	07
6992	FC3F	8000	86
6992	FC48	8001	06
6992	FC4F	8000	87
6992	FC58	8001	07
6992	FDA9	8000	86
6992	FDB1	8001	18
6992	FDBA	8000	87
6992	FDC2	8001	19
6992	FDA9	8000	86
6992	FDB1	8001	28
6992	FDBA	8000	87
6992	FDC2	8001	29
6992	FDA9	8000	86
6992	FDB1	8001	28
6992	FDBA	8000	87
6992	FDC2	8001	29
6992	F9B3	8000	80
6992	F9B9	8001	FC
6992	F9BE	8000	81
6992	F9C4	8001	14
6992	F9C9	8000	82
6992	F9CF	8001	A2
6992	F9D4	8000	83
6992	F9DA	8001	01
6992	F9DF	8000	84
6992	F9E5	8001	02
6992	F9EA	8000	85
6992	F9F0	8001	14
6992	F8DB	8000	87
6992	F9B3	8000	80
6992	F9B9	8001	FC
6992	F9BE	8000	81
6992	F9C4	8001	14
6992	F9C9	8000	82
6992	F9CF	8001	00
6992	F9D4	8000	83
6992	F9DA	8001	01
6992	F9DF	8000	84
6992	F9E5	8001	02
6992	F9EA	8000	85
6992	F9F0	8001	14
6992	F8DB	8000	87
6993	FA23	8000	80
6993	FA29	8001	FC
6993	FA2E	8000	81
6993	FA34	8001	E2
6993	FA39	8000	82
6993	FA3F	8001	A2
6993	FA44	8000	83
6993	FA4A	8001	35
6993	FA4F	8000	84
6993	FA55	8001	B7
6993	FA5A	8000	85
6993	FA60	8001	BD
6993	FADD	8000	86
6993	FAE2	8001	18
6993	FAE9	8000	87
6993	FAEE	8001	19
6993	FAF8	8000	86
6993	FAFE	8001	28
6993	FB05	8000	87
6993	FB0B	8001	29
6993	FDA9	8000	86
6993	FDB1	8001	06
6993	FDBA	8000	87
6993	FDC2	8001	07
6993	FC3F	8000	86
6993	FC48	8001	06
6993	FC4F	8000	87
6993	FC58	8001	07
6993	FDA9	8000	86
6993	FDB1	8001	18
6993	FDBA	8000	87
6993	FDC2	8001	19
6993	FDA9	8000	86
6993	FDB1	8001	28
6993	FDBA	8000	87
6993	FDC2	8001	29
6993	FDA9	8000	86
6993	FDB1	8001	28
6993	FDBA	8000	87
6993	FDC2	8001	29
6993	F9B3	8000	80
6993	F9B9	8001	FC
6993	F9BE	8000	81
6993	F9C4	8001	14
6993	F9C9	8000	82
6993	F9CF	8001	A2
6993	F9D4	8000	83
6993	F9DA	8001	01
6993	F9DF	8000	84
6993	F9E5	8001	02
6993	F9EA	8000	85
6993	F9F0	8001	14
6993	F8DB	8000	87
6993	F9B3	8000	80
6993	F9B9	8001	FC
6993	F9BE	8000	81
6993	F9C4	8001	14
6993	F9C9	8000	82
6993	F9CF	8001	00
6993	F9D4	8000	83
6993	F9DA	8001	01
6993	F9DF	8000	84
6993	F9E5	8001	02
6993	F9EA	8000	85
6993	F9F0	8001	14
6993	F8DB	8000	87
6994	FA23	8000	80
6994	FA29	8001	FC
6994	FA2E	8000	81
6994	FA34	8001	E2
6994	FA39	8000	82
6994	FA3F	8001	A2
6994	FA44	8000	83
6994	FA4A	8001	35
6994	FA4F	8000	84
6994	FA55	8001	B7
6994	FA5A	8000	85
6994	FA60	8001	BD
6994	FADD	8000	86
6994	FAE2	8001	18
6994	FAE9	8000	87
6994	FAEE	8001	19
6994	BF0A	8000	86
6994	C8E1	8001	00
6994	C8E6	8000	87
6994	C8EB	8001	01
6994	C900	8000	86
6994	C905	8001	18
6994	C90A	8000	87
6994	C90F	8001	19
6994	BF0A	8000	86
6994	C8E1	8001	00
6994	C8E6	8000	87
6994	C8EB	8001	01
6994	C900	8000	86
6994	C905	8001	18
6994	C90A	8000	87
6994	C90F	8001	19
6994	BF0A	8000	86
6994	C8E1	8001	00
6994	C8E6	8000	87
6994	C8EB	8001	01
6994	C900	8000	86
6994	C905	8001	18
6994	C90A	8000	87
6994	C90F	8001	19
6994	FAF8	8000	86
6994	FAFE	8001	28
6994	FB05	8000	87
6994	FB0B	8001	29
6994	FDA9	8000	86
6994	FDB1	8001	06
6994	FDBA	8000	87
6994	FDC2	8001	07
6994	FC3F	8000	86
6994	FC48	8001	06
6994	FC4F	8000	87
6994	FC58	8001	07
6994	FDA9	8000	86
6994	FDB1	8001	18
6994	FDBA	8000	87
6994	FDC2	8001	19
6994	FDA9	8000	86
6994	FDB1	8001	28
6994	FDBA	8000	87
6994	FDC2	8001	29
6994	FDA9	8000	86
6994	FDB1	8001	28
6994	FDBA	8000	87
6994	FDC2	8001	29
6994	F9B3	8000	80
6994	F9B9	8001	FC
6994	F9BE	8000	81
6994	F9C4	8001	14
6994	F9C9	8000	82
6994	F9CF	8001	A2
6994	F9D4	8000	83
6994	F9DA	8001	01
6994	F9DF	8000	84
6994	F9E5	8001	02
6994	F9EA	8000	85
6994	F9F0	8001	14
6994	F8DB	8000	87
6994	F9B3	8000	80
6994	F9B9	8001	FC
6994	F9BE	8000	81
6994	F9C4	8001	14
6994	F9C9	8000	82
6994	F9CF	8001	00
6994	F9D4	8000	83
6994	F9DA	8001	01
6994	F9DF	8000	84
6994	F9E5	8001	02
6994	F9EA	8000	85
6994	F9F0	8001	14
6994	F8DB	8000	87
6995	FA23	8000	80
6995	FA29	8001	FC
6995	FA2E	8000	81
6995	FA34	8001	E2
6995	FA39	8000	82
6995	FA3F	8001	A2
6995	FA44	8000	83
6995	FA4A	8001	35
6995	FA4F	8000	84
6995	FA55	8001	B7
6995	FA5A	8000	85
6995	FA60	8001	BD
6995	FADD	8000	86
6995	FAE2	8001	18
6995	FAE9	8000	87
6995	FAEE	8001	19
6995	FAF8	8000	86
6995	FAFE	8001	28
6995	FB05	8000	87
6995	FB0B	8001	29
6995	FDA9	8000	86
6995	FDB1	8001	06
6995	FDBA	8000	87
6995	FDC2	8001	07
6995	FC3F	8000	86
6995	FC48	8001	06
6995	FC4F	8000	87
6995	FC58	8001	07
6995	FDA9	8000	86
6995	FDB1	8001	18
6995	FDBA	8000	87
6995	FDC2	8001	19
6995	FDA9	8000	86
6995	FDB1	8001	28
6995	FDBA	8000	87
6995	FDC2	8001	29
6995	FDA9	8000	86
6995	FDB1	8001	28
6995	FDBA	8000	87
6995	FDC2	8001	29
6995	F9B3	8000	80
6995	F9B9	8001	FC
6995	F9BE	8000	81
6995	F9C4	8001	14
6995	F9C9	8000	82
6995	F9CF	8001	A2
6995	F9D4	8000	83
6995	F9DA	8001	01
6995	F9DF	8000	84
6995	F9E5	8001	02
6995	F9EA	8000	85
6995	F9F0	8001	14
6995	F8DB	8000	87
6995	F9B3	8000	80
6995	F9B9	8001	FC
6995	F9BE	8000	81
6995	F9C4	8001	14
6995	F9C9	8000	82
6995	F9CF	8001	00
6995	F9D4	8000	83
6995	F9DA	8001	01
6995	F9DF	8000	84
6995	F9E5	8001	02
6995	F9EA	8000	85
6995	F9F0	8001	14
6995	F8DB	8000	87
6996	FA23	8000	80
6996	FA29	8001	FC
6996	FA2E	8000	81
6996	FA34	8001	E2
6996	FA39	8000	82
6996	FA3F	8001	A2
6996	FA44	8000	83
6996	FA4A	8001	35
6996	FA4F	8000	84
6996	FA55	8001	B7
6996	FA5A	8000	85
6996	FA60	8001	BD
6996	FADD	8000	86
6996	FAE2	8001	18
6996	FAE9	8000	87
6996	FAEE	8001	19
6996	FAF8	8000	86
6996	FAFE	8001	28
6996	FB05	8000	87
6996	FB0B	8001	29
6996	FDA9	8000	86
6996	FDB1	8001	06
6996	FDBA	8000	87
6996	FDC2	8001	07
6996	FC3F	8000	86
6996	FC48	8001	06
6996	FC4F	8000	87
6996	FC58	8001	07
6996	FDA9	8000	86
6996	FDB1	8001	18
6996	FDBA	8000	87
6996	FDC2	8001	19
6996	FDA9	8000	86
6996	FDB1	8001	28
6996	FDBA	8000	87
6996	FDC2	8001	29
6996	FDA9	8000	86
6996	FDB1	8001	28
6996	FDBA	8000	87
6996	FDC2	8001	29
6996	F9B3	8000	80
6996	F9B9	8001	FC
6996	F9BE	8000	81
6996	F9C4	8001	14
6996	F9C9	8000	82
6996	F9CF	8001	A2
6996	F9D4	8000	83
6996	F9DA	8001	01
6996	F9DF	8000	84
6996	F9E5	8001	02
6996	F9EA	8000	85
6996	F9F0	8001	14
6996	F8DB	8000	87
6996	F9B3	8000	80
6996	F9B9	8001	FC
6996	F9BE	8000	81
6996	F9C4	8001	14
6996	F9C9	8000	82
6996	F9CF	8001	00
6996	F9D4	8000	83
6996	F9DA	8001	01
6996	F9DF	8000	84
6996	F9E5	8001	02
6996	F9EA	8000	85
6996	F9F0	8001	14
6996	F8DB	8000	87
6997	FA23	8000	80
6997	FA29	8001	FC
6997	FA2E	8000	81
6997	FA34	8001	E2
6997	FA39	8000	82
6997	FA3F	8001	A2
6997	FA44	8000	83
6997	FA4A	8001	35
6997	FA4F	8000	84
6997	FA55	8001	B7
6997	FA5A	8000	85
6997	FA60	8001	BD
6997	FADD	8000	86
6997	FAE2	8001	18
6997	FAE9	8000	87
6997	FAEE	8001	19
6997	FAF8	8000	86
6997	FAFE	8001	28
6997	FB05	8000	87
6997	FB0B	8001	29
6997	FDA9	8000	86
6997	FDB1	8001	06
6997	FDBA	8000	87
6997	FDC2	8001	07
6997	FC3F	8000	86
6997	FC48	8001	06
6997	FC4F	8000	87
6997	FC58	8001	07
6997	FDA9	8000	86
6997	FDB1	8001	18
6997	FDBA	8000	87
6997	FDC2	8001	19
6997	FDA9	8000	86
6997	FDB1	8001	28
6997	FDBA	8000	87
6997	FDC2	8001	29
6997	FDA9	8000	86
6997	FDB1	8001	28
6997	FDBA	8000	87
6997	FDC2	8001	29
6997	F9B3	8000	80
6997	F9B9	8001	FC
6997	F9BE	8000	81
6997	F9C4	8001	14
6997	F9C9	8000	82
6997	F9CF	8001	A2
6997	F9D4	8000	83
6997	F9DA	8001	01
6997	F9DF	8000	84
6997	F9E5	8001	02
6997	F9EA	8000	85
6997	F9F0	8001	14
6997	F8DB	8000	87
6997	F9B3	8000	80
6997	F9B9	8001	FC
6997	F9BE	8000	81
6997	F9C4	8001	14
6997	F9C9	8000	82
6997	F9CF	8001	00
6997	F9D4	8000	83
6997	F9DA	8001	01
6997	F9DF	8000	84
6997	F9E5	8001	02
6997	F9EA	8000	85
6997	F9F0	8001	14
6997	F8DB	8000	87
6998	FA23	8000	80
6998	FA29	8001	FC
6998	FA2E	8000	81
6998	FA34	8001	E2
6998	FA39	8000	82
6998	FA3F	8001	A2
6998	FA44	8000	83
6998	FA4A	8001	35
6998	FA4F	8000	84
6998	FA55	8001	B7
6998	FA5A	8000	85
6998	FA60	8001	BD
6998	FADD	8000	86
6998	FAE2	8001	18
6998	FAE9	8000	87
6998	FAEE	8001	19
6998	FAF8	8000	86
6998	FAFE	8001	28
6998	FB05	8000	87
6998	FB0B	8001	29
6998	FDA9	8000	86
6998	FDB1	8001	06
6998	FDBA	8000	87
6998	FDC2	8001	07
6998	FC3F	8000	86
6998	FC48	8001	06
6998	FC4F	8000	87
6998	FC58	8001	07
6998	FDA9	8000	86
6998	FDB1	8001	18
6998	FDBA	8000	87
6998	FDC2	8001	19
6998	FDA9	8000	86
6998	FDB1	8001	28
6998	FDBA	8000	87
6998	FDC2	8001	29
6998	FDA9	8000	86
6998	FDB1	8001	28
6998	FDBA	8000	87
6998	FDC2	8001	29
6998	F9B3	8000	80
6998	F9B9	8001	FC
6998	F9BE	8000	81
6998	F9C4	8001	14
6998	F9C9	8000	82
6998	F9CF	8001	A2
6998	F9D4	8000	83
6998	F9DA	8001	01
6998	F9DF	8000	84
6998	F9E5	8001	02
6998	F9EA	8000	85
6998	F9F0	8001	14
6998	F8DB	8000	87
6998	F9B3	8000	80
6998	F9B9	8001	FC
6998	F9BE	8000	81
6998	F9C4	8001	14
6998	F9C9	8000	82
6998	F9CF	8001	00
6998	F9D4	8000	83
6998	F9DA	8001	01
6998	F9DF	8000	84
6998	F9E5	8001	02
6998	F9EA	8000	85
6998	F9F0	8001	14
6998	F8DB	8000	87
6999	FA23	8000	80
6999	FA29	8001	FC
6999	FA2E	8000	81
6999	FA34	8001	E2
6999	FA39	8000	82
6999	FA3F	8001	A2
6999	FA44	8000	83
6999	FA4A	8001	35
6999	FA4F	8000	84
6999	FA55	8001	B7
6999	FA5A	8000	85
6999	FA60	8001	BD
6999	FADD	8000	86
6999	FAE2	8001	18
6999	FAE9	8000	87
6999	FAEE	8001	19
6999	FAF8	8000	86
6999	FAFE	8001	28
6999	FB05	8000	87
6999	FB0B	8001	29
6999	FDA9	8000	86
6999	FDB1	8001	06
6999	FDBA	8000	87
6999	FDC2	8001	07
6999	FC3F	8000	86
6999	FC48	8001	06
6999	FC4F	8000	87
6999	FC58	8001	07
6999	FDA9	8000	86
6999	FDB1	8001	18
6999	FDBA	8000	87
6999	FDC2	8001	19
6999	FDA9	8000	86
6999	FDB1	8001	28
6999	FDBA	8000	87
6999	FDC2	8001	29
6999	FDA9	8000	86
6999	FDB1	8001	28
6999	FDBA	8000	87
6999	FDC2	8001	29
6999	F9B3	8000	80
6999	F9B9	8001	FC
6999	F9BE	8000	81
6999	F9C4	8001	14
6999	F9C9	8000	82
6999	F9CF	8001	A2
6999	F9D4	8000	83
6999	F9DA	8001	01
6999	F9DF	8000	84
6999	F9E5	8001	02
6999	F9EA	8000	85
6999	F9F0	8001	14
6999	F8DB	8000	87
6999	F9B3	8000	80
6999	F9B9	8001	FC
6999	F9BE	8000	81
6999	F9C4	8001	14
6999	F9C9	8000	82
6999	F9CF	8001	00
6999	F9D4	8000	83
6999	F9DA	8001	01
6999	F9DF	8000	84
6999	F9E5	8001	02
6999	F9EA	8000	85
6999	F9F0	8001	14
6999	F8DB	8000	87
7000	FA23	8000	80
7000	FA29	8001	FC
7000	FA2E	8000	81
7000	FA34	8001	E2
7000	FA39	8000	82
7000	FA3F	8001	A2
7000	FA44	8000	83
7000	FA4A	8001	35
7000	FA4F	8000	84
7000	FA55	8001	B7
7000	FA5A	8000	85
7000	FA60	8001	BD
7000	FADD	8000	86
7000	FAE2	8001	18
7000	FAE9	8000	87
7000	FAEE	8001	19
7000	FAF8	8000	86
7000	FAFE	8001	28
7000	FB05	8000	87
7000	FB0B	8001	29
7000	FDA9	8000	86
7000	FDB1	8001	06
7000	FDBA	8000	87
7000	FDC2	8001	07
7000	FC3F	8000	86
7000	FC48	8001	06
7000	FC4F	8000	87
7000	FC58	8001	07
7000	FDA9	8000	86
7000	FDB1	8001	18
7000	FDBA	8000	87
7000	FDC2	8001	19
7000	FDA9	8000	86
7000	FDB1	8001	28
7000	FDBA	8000	87
7000	FDC2	8001	29
7000	FDA9	8000	86
7000	FDB1	8001	28
7000	FDBA	8000	87
7000	FDC2	8001	29
7000	F9B3	8000	80
7000	F9B9	8001	FC
7000	F9BE	8000	81
7000	F9C4	8001	14
7000	F9C9	8000	82
7000	F9CF	8001	A2
7000	F9D4	8000	83
7000	F9DA	8001	01
7000	F9DF	8000	84
7000	F9E5	8001	02
7000	F9EA	8000	85
7000	F9F0	8001	14
7000	F8DB	8000	87
7000	F9B3	8000	80
7000	F9B9	8001	FC
7000	F9BE	8000	81
7000	F9C4	8001	14
7000	F9C9	8000	82
7000	F9CF	8001	00
7000	F9D4	8000	83
7000	F9DA	8001	01
7000	F9DF	8000	84
7000	F9E5	8001	02
7000	F9EA	8000	85
7000	F9F0	8001	14
7000	F8DB	8000	87
7001	FA23	8000	80
7001	FA29	8001	FC
7001	FA2E	8000	81
7001	FA34	8001	E2
7001	FA39	8000	82
7001	FA3F	8001	A2
7001	FA44	8000	83
7001	FA4A	8001	35
7001	FA4F	8000	84
7001	FA55	8001	B7
7001	FA5A	8000	85
7001	FA60	8001	BD
7001	FADD	8000	86
7001	FAE2	8001	18
7001	FAE9	8000	87
7001	FAEE	8001	19
7001	FAF8	8000	86
7001	FAFE	8001	28
7001	FB05	8000	87
7001	FB0B	8001	29
7001	FDA9	8000	86
7001	FDB1	8001	06
7001	FDBA	8000	87
7001	FDC2	8001	07
7001	FC3F	8000	86
7001	FC48	8001	06
7001	FC4F	8000	87
7001	FC58	8001	07
7001	FDA9	8000	86
7001	FDB1	8001	18
7001	FDBA	8000	87
7001	FDC2	8001	19
7001	FDA9	8000	86
7001	FDB1	8001	28
7001	FDBA	8000	87
7001	FDC2	8001	29
7001	FDA9	8000	86
7001	FDB1	8001	28
7001	FDBA	8000	87
7001	FDC2	8001	29
7001	F9B3	8000	80
7001	F9B9	8001	FC
7001	F9BE	8000	81
7001	F9C4	8001	14
7001	F9C9	8000	82
7001	F9CF	8001	A2
7001	F9D4	8000	83
7001	F9DA	8001	01
7001	F9DF	8000	84
7001	F9E5	8001	02
7001	F9EA	8000	85
7001	F9F0	8001	14
7001	F8DB	8000	87
7001	F9B3	8000	80
7001	F9B9	8001	FC
7001	F9BE	8000	81
7001	F9C4	8001	14
7001	F9C9	8000	82
7001	F9CF	8001	00
7001	F9D4	8000	83
7001	F9DA	8001	01
7001	F9DF	8000	84
7001	F9E5	8001	02
7001	F9EA	8000	85
7001	F9F0	8001	14
7001	F8DB	8000	87
7002	FA23	8000	80
7002	FA29	8001	FC
7002	FA2E	8000	81
7002	FA34	8001	E2
7002	FA39	8000	82
7002	FA3F	8001	A2
7002	FA44	8000	83
7002	FA4A	8001	35
7002	FA4F	8000	84
7002	FA55	8001	B7
7002	FA5A	8000	85
7002	FA60	8001	BD
7002	FADD	8000	86
7002	FAE2	8001	18
7002	FAE9	8000	87
7002	FAEE	8001	19
7002	FAF8	8000	86
7002	FAFE	8001	28
7002	FB05	8000	87
7002	FB0B	8001	29
7002	FDA9	8000	86
7002	FDB1	8001	06
7002	FDBA	8000	87
7002	FDC2	8001	07
7002	FC3F	8000	86
7002	FC48	8001	06
7002	FC4F	8000	87
7002	FC58	8001	07
7002	FDA9	8000	86
7002	FDB1	8001	18
7002	FDBA	8000	87
7002	FDC2	8001	19
7002	FDA9	8000	86
7002	FDB1	8001	28
7002	FDBA	8000	87
7002	FDC2	8001	29
7002	FDA9	8000	86
7002	FDB1	8001	28
7002	FDBA	8000	87
7002	FDC2	8001	29
7002	F9B3	8000	80
7002	F9B9	8001	FC
7002	F9BE	8000	81
7002	F9C4	8001	14
7002	F9C9	8000	82
7002	F9CF	8001	A2
7002	F9D4	8000	83
7002	F9DA	8001	01
7002	F9DF	8000	84
7002	F9E5	8001	02
7002	F9EA	8000	85
7002	F9F0	8001	14
7002	F8DB	8000	87
7002	F9B3	8000	80
7002	F9B9	8001	FC
7002	F9BE	8000	81
7002	F9C4	8001	14
7002	F9C9	8000	82
7002	F9CF	8001	00
7002	F9D4	8000	83
7002	F9DA	8001	01
7002	F9DF	8000	84
7002	F9E5	8001	02
7002	F9EA	8000	85
7002	F9F0	8001	14
7002	F8DB	8000	87
7003	FA23	8000	80
7003	FA29	8001	FC
7003	FA2E	8000	81
7003	FA34	8001	E2
7003	FA39	8000	82
7003	FA3F	8001	A2
7003	FA44	8000	83
7003	FA4A	8001	35
7003	FA4F	8000	84
7003	FA55	8001	B7
7003	FA5A	8000	85
7003	FA60	8001	BD
7003	FADD	8000	86
7003	FAE2	8001	18
7003	FAE9	8000	87
7003	FAEE	8001	19
7003	FAF8	8000	86
7003	FAFE	8001	28
7003	FB05	8000	87
7003	FB0B	8001	29
7003	FDA9	8000	86
7003	FDB1	8001	06
7003	FDBA	8000	87
7003	FDC2	8001	07
7003	FC3F	8000	86
7003	FC48	8001	06
7003	FC4F	8000	87
7003	FC58	8001	07
7003	FDA9	8000	86
7003	FDB1	8001	18
7003	FDBA	8000	87
7003	FDC2	8001	19
7003	FDA9	8000	86
7003	FDB1	8001	28
7003	FDBA	8000	87
7003	FDC2	8001	29
7003	FDA9	8000	86
7003	FDB1	8001	28
7003	FDBA	8000	87
7003	FDC2	8001	29
7003	F9B3	8000	80
7003	F9B9	8001	FC
7003	F9BE	8000	81
7003	F9C4	8001	14
7003	F9C9	8000	82
7003	F9CF	8001	A2
7003	F9D4	8000	83
7003	F9DA	8001	01
7003	F9DF	8000	84
7003	F9E5	8001	02
7003	F9EA	8000	85
7003	F9F0	8001	14
7003	F8DB	8000	87
7003	F9B3	8000	80
7003	F9B9	8001	FC
7003	F9BE	8000	81
7003	F9C4	8001	14
7003	F9C9	8000	82
7003	F9CF	8001	00
7003	F9D4	8000	83
7003	F9DA	8001	01
7003	F9DF	8000	84
7003	F9E5	8001	02
7003	F9EA	8000	85
7003	F9F0	8001	14
7003	F8DB	8000	87
7004	FA23	8000	80
7004	FA29	8001	FC
7004	FA2E	8000	81
7004	FA34	8001	E2
7004	FA39	8000	82
7004	FA3F	8001	A2
7004	FA44	8000	83
7004	FA4A	8001	35
7004	FA4F	8000	84
7004	FA55	8001	B7
7004	FA5A	8000	85
7004	FA60	8001	BD
7004	FADD	8000	86
7004	FAE2	8001	18
7004	FAE9	8000	87
7004	FAEE	8001	19
7004	BF0A	8000	86
7004	C8E1	8001	00
7004	C8E6	8000	87
7004	C8EB	8001	01
7004	C900	8000	86
7004	C905	8001	18
7004	C90A	8000	87
7004	C90F	8001	19
7004	BF0A	8000	86
7004	C8E1	8001	00
7004	C8E6	8000	87
7004	C8EB	8001	01
7004	C900	8000	86
7004	C905	8001	18
7004	C90A	8000	87
7004	C90F	8001	19
7004	BF0A	8000	86
7004	C8E1	8001	00
7004	C8E6	8000	87
7004	C8EB	8001	01
7004	C900	8000	86
7004	C905	8001	18
7004	C90A	8000	87
7004	C90F	8001	19
7004	FAF8	8000	86
7004	FAFE	8001	28
7004	FB05	8000	87
7004	FB0B	8001	29
7004	FDA9	8000	86
7004	FDB1	8001	06
7004	FDBA	8000	87
7004	FDC2	8001	07
7004	FC3F	8000	86
7004	FC48	8001	06
7004	FC4F	8000	87
7004	FC58	8001	07
7004	FDA9	8000	86
7004	FDB1	8001	18
7004	FDBA	8000	87
7004	FDC2	8001	19
7004	FDA9	8000	86
7004	FDB1	8001	28
7004	FDBA	8000	87
7004	FDC2	8001	29
7004	FDA9	8000	86
7004	FDB1	8001	28
7004	FDBA	8000	87
7004	FDC2	8001	29
7004	F9B3	8000	80
7004	F9B9	8001	FC
7004	F9BE	8000	81
7004	F9C4	8001	14
7004	F9C9	8000	82
7004	F9CF	8001	A2
7004	F9D4	8000	83
7004	F9DA	8001	01
7004	F9DF	8000	84
7004	F9E5	8001	02
7004	F9EA	8000	85
7004	F9F0	8001	14
7004	F8DB	8000	87
7004	F9B3	8000	80
7004	F9B9	8001	FC
7004	F9BE	8000	81
7004	F9C4	8001	14
7004	F9C9	8000	82
7004	F9CF	8001	00
7004	F9D4	8000	83
7004	F9DA	8001	01
7004	F9DF	8000	84
7004	F9E5	8001	02
7004	F9EA	8000	85
7004	F9F0	8001	14
7004	F8DB	8000	87
7005	FA23	8000	80
7005	FA29	8001	FC
7005	FA2E	8000	81
7005	FA34	8001	E2
7005	FA39	8000	82
7005	FA3F	8001	A2
7005	FA44	8000	83
7005	FA4A	8001	35
7005	FA4F	8000	84
7005	FA55	8001	B7
7005	FA5A	8000	85
7005	FA60	8001	BD
7005	FADD	8000	86
7005	FAE2	8001	18
7005	FAE9	8000	87
7005	FAEE	8001	19
7005	FAF8	8000	86
7005	FAFE	8001	28
7005	FB05	8000	87
7005	FB0B	8001	29
7005	FDA9	8000	86
7005	FDB1	8001	06
7005	FDBA	8000	87
7005	FDC2	8001	07
7005	FC3F	8000	86
7005	FC48	8001	06
7005	FC4F	8000	87
7005	FC58	8001	07
7005	FDA9	8000	86
7005	FDB1	8001	18
7005	FDBA	8000	87
7005	FDC2	8001	19
7005	FDA9	8000	86
7005	FDB1	8001	28
7005	FDBA	8000	87
7005	FDC2	8001	29
7005	FDA9	8000	86
7005	FDB1	8001	28
7005	FDBA	8000	87
7005	FDC2	8001	29
7005	F9B3	8000	80
7005	F9B9	8001	FC
7005	F9BE	8000	81
7005	F9C4	8001	14
7005	F9C9	8000	82
7005	F9CF	8001	A2
7005	F9D4	8000	83
7005	F9DA	8001	01
7005	F9DF	8000	84
7005	F9E5	8001	02
7005	F9EA	8000	85
7005	F9F0	8001	14
7005	F8DB	8000	87
7005	F9B3	8000	80
7005	F9B9	8001	FC
7005	F9BE	8000	81
7005	F9C4	8001	14
7005	F9C9	8000	82
7005	F9CF	8001	00
7005	F9D4	8000	83
7005	F9DA	8001	01
7005	F9DF	8000	84
7005	F9E5	8001	02
7005	F9EA	8000	85
7005	F9F0	8001	14
7005	F8DB	8000	87
7006	FA23	8000	80
7006	FA29	8001	FC
7006	FA2E	8000	81
7006	FA34	8001	E2
7006	FA39	8000	82
7006	FA3F	8001	A2
7006	FA44	8000	83
7006	FA4A	8001	35
7006	FA4F	8000	84
7006	FA55	8001	B7
7006	FA5A	8000	85
7006	FA60	8001	BD
7006	FADD	8000	86
7006	FAE2	8001	18
7006	FAE9	8000	87
7006	FAEE	8001	19
7006	FAF8	8000	86
7006	FAFE	8001	28
7006	FB05	8000	87
7006	FB0B	8001	29
7006	FDA9	8000	86
7006	FDB1	8001	06
7006	FDBA	8000	87
7006	FDC2	8001	07
7006	FC3F	8000	86
7006	FC48	8001	06
7006	FC4F	8000	87
7006	FC58	8001	07
7006	FDA9	8000	86
7006	FDB1	8001	18
7006	FDBA	8000	87
7006	FDC2	8001	19
7006	FDA9	8000	86
7006	FDB1	8001	28
7006	FDBA	8000	87
7006	FDC2	8001	29
7006	FDA9	8000	86
7006	FDB1	8001	28
7006	FDBA	8000	87
7006	FDC2	8001	29
7006	F9B3	8000	80
7006	F9B9	8001	FC
7006	F9BE	8000	81
7006	F9C4	8001	14
7006	F9C9	8000	82
7006	F9CF	8001	A2
7006	F9D4	8000	83
7006	F9DA	8001	01
7006	F9DF	8000	84
7006	F9E5	8001	02
7006	F9EA	8000	85
7006	F9F0	8001	14
7006	F8DB	8000	87
7006	F9B3	8000	80
7006	F9B9	8001	FC
7006	F9BE	8000	81
7006	F9C4	8001	14
7006	F9C9	8000	82
7006	F9CF	8001	00
7006	F9D4	8000	83
7006	F9DA	8001	01
7006	F9DF	8000	84
7006	F9E5	8001	02
7006	F9EA	8000	85
7006	F9F0	8001	14
7006	F8DB	8000	87
7007	FA23	8000	80
7007	FA29	8001	FC
7007	FA2E	8000	81
7007	FA34	8001	E2
7007	FA39	8000	82
7007	FA3F	8001	A2
7007	FA44	8000	83
7007	FA4A	8001	35
7007	FA4F	8000	84
7007	FA55	8001	B7
7007	FA5A	8000	85
7007	FA60	8001	BD
7007	FADD	8000	86
7007	FAE2	8001	18
7007	FAE9	8000	87
7007	FAEE	8001	19
7007	FAF8	8000	86
7007	FAFE	8001	28
7007	FB05	8000	87
7007	FB0B	8001	29
7007	FDA9	8000	86
7007	FDB1	8001	06
7007	FDBA	8000	87
7007	FDC2	8001	07
7007	FC3F	8000	86
7007	FC48	8001	06
7007	FC4F	8000	87
7007	FC58	8001	07
7007	FDA9	8000	86
7007	FDB1	8001	18
7007	FDBA	8000	87
7007	FDC2	8001	19
7007	FDA9	8000	86
7007	FDB1	8001	28
7007	FDBA	8000	87
7007	FDC2	8001	29
7007	FDA9	8000	86
7007	FDB1	8001	28
7007	FDBA	8000	87
7007	FDC2	8001	29
7007	F9B3	8000	80
7007	F9B9	8001	FC
7007	F9BE	8000	81
7007	F9C4	8001	14
7007	F9C9	8000	82
7007	F9CF	8001	A2
7007	F9D4	8000	83
7007	F9DA	8001	01
7007	F9DF	8000	84
7007	F9E5	8001	02
7007	F9EA	8000	85
7007	F9F0	8001	14
7007	F8DB	8000	87
7007	F9B3	8000	80
7007	F9B9	8001	FC
7007	F9BE	8000	81
7007	F9C4	8001	14
7007	F9C9	8000	82
7007	F9CF	8001	00
7007	F9D4	8000	83
7007	F9DA	8001	01
7007	F9DF	8000	84
7007	F9E5	8001	02
7007	F9EA	8000	85
7007	F9F0	8001	14
7007	F8DB	8000	87
7008	FA23	8000	80
7008	FA29	8001	FC
7008	FA2E	8000	81
7008	FA34	8001	E2
7008	FA39	8000	82
7008	FA3F	8001	A2
7008	FA44	8000	83
7008	FA4A	8001	35
7008	FA4F	8000	84
7008	FA55	8001	B7
7008	FA5A	8000	85
7008	FA60	8001	BD
7008	FADD	8000	86
7008	FAE2	8001	18
7008	FAE9	8000	87
7008	FAEE	8001	19
7008	FAF8	8000	86
7008	FAFE	8001	28
7008	FB05	8000	87
7008	FB0B	8001	29
7008	FDA9	8000	86
7008	FDB1	8001	06
7008	FDBA	8000	87
7008	FDC2	8001	07
7008	FC3F	8000	86
7008	FC48	8001	06
7008	FC4F	8000	87
7008	FC58	8001	07
7008	FDA9	8000	86
7008	FDB1	8001	18
7008	FDBA	8000	87
7008	FDC2	8001	19
7008	FDA9	8000	86
7008	FDB1	8001	28
7008	FDBA	8000	87
7008	FDC2	8001	29
7008	FDA9	8000	86
7008	FDB1	8001	28
7008	FDBA	8000	87
7008	FDC2	8001	29
7008	F9B3	8000	80
7008	F9B9	8001	FC
7008	F9BE	8000	81
7008	F9C4	8001	14
7008	F9C9	8000	82
7008	F9CF	8001	A2
7008	F9D4	8000	83
7008	F9DA	8001	01
7008	F9DF	8000	84
7008	F9E5	8001	02
7008	F9EA	8000	85
7008	F9F0	8001	14
7008	F8DB	8000	87
7008	F9B3	8000	80
7008	F9B9	8001	FC
7008	F9BE	8000	81
7008	F9C4	8001	14
7008	F9C9	8000	82
7008	F9CF	8001	00
7008	F9D4	8000	83
7008	F9DA	8001	01
7008	F9DF	8000	84
7008	F9E5	8001	02
7008	F9EA	8000	85
7008	F9F0	8001	14
7008	F8DB	8000	87
7009	FA23	8000	80
7009	FA29	8001	FC
7009	FA2E	8000	81
7009	FA34	8001	E2
7009	FA39	8000	82
7009	FA3F	8001	A2
7009	FA44	8000	83
7009	FA4A	8001	35
7009	FA4F	8000	84
7009	FA55	8001	B7
7009	FA5A	8000	85
7009	FA60	8001	BD
7009	FADD	8000	86
7009	FAE2	8001	18
7009	FAE9	8000	87
7009	FAEE	8001	19
7009	FAF8	8000	86
7009	FAFE	8001	28
7009	FB05	8000	87
7009	FB0B	8001	29
7009	FDA9	8000	86
7009	FDB1	8001	06
7009	FDBA	8000	87
7009	FDC2	8001	07
7009	FC3F	8000	86
7009	FC48	8001	06
7009	FC4F	8000	87
7009	FC58	8001	07
7009	FDA9	8000	86
7009	FDB1	8001	18
7009	FDBA	8000	87
7009	FDC2	8001	19
7009	FDA9	8000	86
7009	FDB1	8001	28
7009	FDBA	8000	87
7009	FDC2	8001	29
7009	FDA9	8000	86
7009	FDB1	8001	28
7009	FDBA	8000	87
7009	FDC2	8001	29
7009	F9B3	8000	80
7009	F9B9	8001	FC
7009	F9BE	8000	81
7009	F9C4	8001	14
7009	F9C9	8000	82
7009	F9CF	8001	A2
7009	F9D4	8000	83
7009	F9DA	8001	01
7009	F9DF	8000	84
7009	F9E5	8001	02
7009	F9EA	8000	85
7009	F9F0	8001	14
7009	F8DB	8000	87
7009	F9B3	8000	80
7009	F9B9	8001	FC
7009	F9BE	8000	81
7009	F9C4	8001	14
7009	F9C9	8000	82
7009	F9CF	8001	00
7009	F9D4	8000	83
7009	F9DA	8001	01
7009	F9DF	8000	84
7009	F9E5	8001	02
7009	F9EA	8000	85
7009	F9F0	8001	14
7009	F8DB	8000	87
7010	FA23	8000	80
7010	FA29	8001	FC
7010	FA2E	8000	81
7010	FA34	8001	E2
7010	FA39	8000	82
7010	FA3F	8001	A2
7010	FA44	8000	83
7010	FA4A	8001	35
7010	FA4F	8000	84
7010	FA55	8001	B7
7010	FA5A	8000	85
7010	FA60	8001	BD
7010	FADD	8000	86
7010	FAE2	8001	18
7010	FAE9	8000	87
7010	FAEE	8001	19
7010	FAF8	8000	86
7010	FAFE	8001	28
7010	FB05	8000	87
7010	FB0B	8001	29
7010	FDA9	8000	86
7010	FDB1	8001	06
7010	FDBA	8000	87
7010	FDC2	8001	07
7010	FC3F	8000	86
7010	FC48	8001	06
7010	FC4F	8000	87
7010	FC58	8001	07
7010	FDA9	8000	86
7010	FDB1	8001	18
7010	FDBA	8000	87
7010	FDC2	8001	19
7010	FDA9	8000	86
7010	FDB1	8001	28
7010	FDBA	8000	87
7010	FDC2	8001	29
7010	FDA9	8000	86
7010	FDB1	8001	28
7010	FDBA	8000	87
7010	FDC2	8001	29
7010	F9B3	8000	80
7010	F9B9	8001	FC
7010	F9BE	8000	81
7010	F9C4	8001	14
7010	F9C9	8000	82
7010	F9CF	8001	A2
7010	F9D4	8000	83
7010	F9DA	8001	01
7010	F9DF	8000	84
7010	F9E5	8001	02
7010	F9EA	8000	85
7010	F9F0	8001	14
7010	F8DB	8000	87
7010	F9B3	8000	80
7010	F9B9	8001	FC
7010	F9BE	8000	81
7010	F9C4	8001	14
7010	F9C9	8000	82
7010	F9CF	8001	00
7010	F9D4	8000	83
7010	F9DA	8001	01
7010	F9DF	8000	84
7010	F9E5	8001	02
7010	F9EA	8000	85
7010	F9F0	8001	14
7010	F8DB	8000	87
7011	FA23	8000	80
7011	FA29	8001	FC
7011	FA2E	8000	81
7011	FA34	8001	E2
7011	FA39	8000	82
7011	FA3F	8001	A2
7011	FA44	8000	83
7011	FA4A	8001	35
7011	FA4F	8000	84
7011	FA55	8001	B7
7011	FA5A	8000	85
7011	FA60	8001	BD
7011	FADD	8000	86
7011	FAE2	8001	18
7011	FAE9	8000	87
7011	FAEE	8001	19
7011	FAF8	8000	86
7011	FAFE	8001	28
7011	FB05	8000	87
7011	FB0B	8001	29
7011	FDA9	8000	86
7011	FDB1	8001	06
7011	FDBA	8000	87
7011	FDC2	8001	07
7011	FC3F	8000	86
7011	FC48	8001	06
7011	FC4F	8000	87
7011	FC58	8001	07
7011	FDA9	8000	86
7011	FDB1	8001	18
7011	FDBA	8000	87
7011	FDC2	8001	19
7011	FDA9	8000	86
7011	FDB1	8001	28
7011	FDBA	8000	87
7011	FDC2	8001	29
7011	FDA9	8000	86
7011	FDB1	8001	28
7011	FDBA	8000	87
7011	FDC2	8001	29
7011	F9B3	8000	80
7011	F9B9	8001	FC
7011	F9BE	8000	81
7011	F9C4	8001	14
7011	F9C9	8000	82
7011	F9CF	8001	A2
7011	F9D4	8000	83
7011	F9DA	8001	01
7011	F9DF	8000	84
7011	F9E5	8001	02
7011	F9EA	8000	85
7011	F9F0	8001	14
7011	F8DB	8000	87
7011	F9B3	8000	80
7011	F9B9	8001	FC
7011	F9BE	8000	81
7011	F9C4	8001	14
7011	F9C9	8000	82
7011	F9CF	8001	00
7011	F9D4	8000	83
7011	F9DA	8001	01
7011	F9DF	8000	84
7011	F9E5	8001	02
7011	F9EA	8000	85
7011	F9F0	8001	14
7011	F8DB	8000	87
7012	FA23	8000	80
7012	FA29	8001	FC
7012	FA2E	8000	81
7012	FA34	8001	E2
7012	FA39	8000	82
7012	FA3F	8001	A2
7012	FA44	8000	83
7012	FA4A	8001	35
7012	FA4F	8000	84
7012	FA55	8001	B7
7012	FA5A	8000	85
7012	FA60	8001	BD
7012	FADD	8000	86
7012	FAE2	8001	18
7012	FAE9	8000	87
7012	FAEE	8001	19
7012	FAF8	8000	86
7012	FAFE	8001	28
7012	FB05	8000	87
7012	FB0B	8001	29
7012	FDA9	8000	86
7012	FDB1	8001	06
7012	FDBA	8000	87
7012	FDC2	8001	07
7012	FC3F	8000	86
7012	FC48	8001	06
7012	FC4F	8000	87
7012	FC58	8001	07
7012	FDA9	8000	86
7012	FDB1	8001	18
7012	FDBA	8000	87
7012	FDC2	8001	19
7012	FDA9	8000	86
7012	FDB1	8001	28
7012	FDBA	8000	87
7012	FDC2	8001	29
7012	FDA9	8000	86
7012	FDB1	8001	28
7012	FDBA	8000	87
7012	FDC2	8001	29
7012	F9B3	8000	80
7012	F9B9	8001	FC
7012	F9BE	8000	81
7012	F9C4	8001	14
7012	F9C9	8000	82
7012	F9CF	8001	A2
7012	F9D4	8000	83
7012	F9DA	8001	01
7012	F9DF	8000	84
7012	F9E5	8001	02
7012	F9EA	8000	85
7012	F9F0	8001	14
7012	F8DB	8000	87
7012	F9B3	8000	80
7012	F9B9	8001	FC
7012	F9BE	8000	81
7012	F9C4	8001	14
7012	F9C9	8000	82
7012	F9CF	8001	00
7012	F9D4	8000	83
7012	F9DA	8001	01
7012	F9DF	8000	84
7012	F9E5	8001	02
7012	F9EA	8000	85
7012	F9F0	8001	14
7012	F8DB	8000	87
7013	FA23	8000	80
7013	FA29	8001	FC
7013	FA2E	8000	81
7013	FA34	8001	E2
7013	FA39	8000	82
7013	FA3F	8001	A2
7013	FA44	8000	83
7013	FA4A	8001	35
7013	FA4F	8000	84
7013	FA55	8001	B7
7013	FA5A	8000	85
7013	FA60	8001	BD
7013	FADD	8000	86
7013	FAE2	8001	18
7013	FAE9	8000	87
7013	FAEE	8001	19
7013	FAF8	8000	86
7013	FAFE	8001	28
7013	FB05	8000	87
7013	FB0B	8001	29
7013	FDA9	8000	86
7013	FDB1	8001	06
7013	FDBA	8000	87
7013	FDC2	8001	07
7013	FC3F	8000	86
7013	FC48	8001	06
7013	FC4F	8000	87
7013	FC58	8001	07
7013	FDA9	8000	86
7013	FDB1	8001	18
7013	FDBA	8000	87
7013	FDC2	8001	19
7013	FDA9	8000	86
7013	FDB1	8001	28
7013	FDBA	8000	87
7013	FDC2	8001	29
7013	FDA9	8000	86
7013	FDB1	8001	28
7013	FDBA	8000	87
7013	FDC2	8001	29
7013	F9B3	8000	80
7013	F9B9	8001	FC
7013	F9BE	8000	81
7013	F9C4	8001	14
7013	F9C9	8000	82
7013	F9CF	8001	A2
7013	F9D4	8000	83
7013	F9DA	8001	01
7013	F9DF	8000	84
7013	F9E5	8001	02
7013	F9EA	8000	85
7013	F9F0	8001	14
7013	F8DB	8000	87
7013	F9B3	8000	80
7013	F9B9	8001	FC
7013	F9BE	8000	81
7013	F9C4	8001	14
7013	F9C9	8000	82
7013	F9CF	8001	00
7013	F9D4	8000	83
7013	F9DA	8001	01
7013	F9DF	8000	84
7013	F9E5	8001	02
7013	F9EA	8000	85
7013	F9F0	8001	14
7013	F8DB	8000	87
7014	FA23	8000	80
7014	FA29	8001	FC
7014	FA2E	8000	81
7014	FA34	8001	E2
7014	FA39	8000	82
7014	FA3F	8001	A2
7014	FA44	8000	83
7014	FA4A	8001	35
7014	FA4F	8000	84
7014	FA55	8001	B7
7014	FA5A	8000	85
7014	FA60	8001	BD
7014	FADD	8000	86
7014	FAE2	8001	18
7014	FAE9	8000	87
7014	FAEE	8001	19
7014	BF0A	8000	86
7014	C8E1	8001	00
7014	C8E6	8000	87
7014	C8EB	8001	01
7014	C900	8000	86
7014	C905	8001	18
7014	C90A	8000	87
7014	C90F	8001	19
7014	BF0A	8000	86
7014	C8E1	8001	00
7014	C8E6	8000	87
7014	C8EB	8001	01
7014	C900	8000	86
7014	C905	8001	18
7014	C90A	8000	87
7014	C90F	8001	19
7014	FAF8	8000	86
7014	FAFE	8001	28
7014	FB05	8000	87
7014	FB0B	8001	29
7014	FDA9	8000	86
7014	FDB1	8001	06
7014	FDBA	8000	87
7014	FDC2	8001	07
7014	FC3F	8000	86
7014	FC48	8001	06
7014	FC4F	8000	87
7014	FC58	8001	07
7014	FDA9	8000	86
7014	FDB1	8001	18
7014	FDBA	8000	87
7014	FDC2	8001	19
7014	FDA9	8000	86
7014	FDB1	8001	28
7014	FDBA	8000	87
7014	FDC2	8001	29
7014	FDA9	8000	86
7014	FDB1	8001	28
7014	FDBA	8000	87
7014	FDC2	8001	29
7014	F9B3	8000	80
7014	F9B9	8001	FC
7014	F9BE	8000	81
7014	F9C4	8001	14
7014	F9C9	8000	82
7014	F9CF	8001	A2
7014	F9D4	8000	83
7014	F9DA	8001	01
7014	F9DF	8000	84
7014	F9E5	8001	02
7014	F9EA	8000	85
7014	F9F0	8001	14
7014	F8DB	8000	87
7014	F9B3	8000	80
7014	F9B9	8001	FC
7014	F9BE	8000	81
7014	F9C4	8001	14
7014	F9C9	8000	82
7014	F9CF	8001	00
7014	F9D4	8000	83
7014	F9DA	8001	01
7014	F9DF	8000	84
7014	F9E5	8001	02
7014	F9EA	8000	85
7014	F9F0	8001	14
7014	F8DB	8000	87
7015	FA23	8000	80
7015	FA29	8001	FC
7015	FA2E	8000	81
7015	FA34	8001	E2
7015	FA39	8000	82
7015	FA3F	8001	A2
7015	FA44	8000	83
7015	FA4A	8001	35
7015	FA4F	8000	84
7015	FA55	8001	B7
7015	FA5A	8000	85
7015	FA60	8001	BD
7015	FADD	8000	86
7015	FAE2	8001	18
7015	FAE9	8000	87
7015	FAEE	8001	19
7015	FAF8	8000	86
7015	FAFE	8001	28
7015	FB05	8000	87
7015	FB0B	8001	29
7015	FDA9	8000	86
7015	FDB1	8001	06
7015	FDBA	8000	87
7015	FDC2	8001	07
7015	FC3F	8000	86
7015	FC48	8001	06
7015	FC4F	8000	87
7015	FC58	8001	07
7015	FDA9	8000	86
7015	FDB1	8001	18
7015	FDBA	8000	87
7015	FDC2	8001	19
7015	FDA9	8000	86
7015	FDB1	8001	28
7015	FDBA	8000	87
7015	FDC2	8001	29
7015	FDA9	8000	86
7015	FDB1	8001	28
7015	FDBA	8000	87
7015	FDC2	8001	29
7015	F9B3	8000	80
7015	F9B9	8001	FC
7015	F9BE	8000	81
7015	F9C4	8001	14
7015	F9C9	8000	82
7015	F9CF	8001	A2
7015	F9D4	8000	83
7015	F9DA	8001	01
7015	F9DF	8000	84
7015	F9E5	8001	02
7015	F9EA	8000	85
7015	F9F0	8001	14
7015	F8DB	8000	87
7015	F9B3	8000	80
7015	F9B9	8001	FC
7015	F9BE	8000	81
7015	F9C4	8001	14
7015	F9C9	8000	82
7015	F9CF	8001	00
7015	F9D4	8000	83
7015	F9DA	8001	01
7015	F9DF	8000	84
7015	F9E5	8001	02
7015	F9EA	8000	85
7015	F9F0	8001	14
7015	F8DB	8000	87
7016	FA23	8000	80
7016	FA29	8001	FC
7016	FA2E	8000	81
7016	FA34	8001	E2
7016	FA39	8000	82
7016	FA3F	8001	A2
7016	FA44	8000	83
7016	FA4A	8001	35
7016	FA4F	8000	84
7016	FA55	8001	B7
7016	FA5A	8000	85
7016	FA60	8001	BD
7016	FADD	8000	86
7016	FAE2	8001	18
7016	FAE9	8000	87
7016	FAEE	8001	19
7016	FAF8	8000	86
7016	FAFE	8001	28
7016	FB05	8000	87
7016	FB0B	8001	29
7016	FDA9	8000	86
7016	FDB1	8001	06
7016	FDBA	8000	87
7016	FDC2	8001	07
7016	FC3F	8000	86
7016	FC48	8001	06
7016	FC4F	8000	87
7016	FC58	8001	07
7016	FDA9	8000	86
7016	FDB1	8001	18
7016	FDBA	8000	87
7016	FDC2	8001	19
7016	FDA9	8000	86
7016	FDB1	8001	28
7016	FDBA	8000	87
7016	FDC2	8001	29
7016	FDA9	8000	86
7016	FDB1	8001	28
7016	FDBA	8000	87
7016	FDC2	8001	29
7016	F9B3	8000	80
7016	F9B9	8001	FC
7016	F9BE	8000	81
7016	F9C4	8001	14
7016	F9C9	8000	82
7016	F9CF	8001	A2
7016	F9D4	8000	83
7016	F9DA	8001	01
7016	F9DF	8000	84
7016	F9E5	8001	02
7016	F9EA	8000	85
7016	F9F0	8001	14
7016	F8DB	8000	87
7016	F9B3	8000	80
7016	F9B9	8001	FC
7016	F9BE	8000	81
7016	F9C4	8001	14
7016	F9C9	8000	82
7016	F9CF	8001	00
7016	F9D4	8000	83
7016	F9DA	8001	01
7016	F9DF	8000	84
7016	F9E5	8001	02
7016	F9EA	8000	85
7016	F9F0	8001	14
7016	F8DB	8000	87
7017	FA23	8000	80
7017	FA29	8001	FC
7017	FA2E	8000	81
7017	FA34	8001	E2
7017	FA39	8000	82
7017	FA3F	8001	A2
7017	FA44	8000	83
7017	FA4A	8001	35
7017	FA4F	8000	84
7017	FA55	8001	B7
7017	FA5A	8000	85
7017	FA60	8001	BD
7017	FADD	8000	86
7017	FAE2	8001	18
7017	FAE9	8000	87
7017	FAEE	8001	19
7017	FAF8	8000	86
7017	FAFE	8001	28
7017	FB05	8000	87
7017	FB0B	8001	29
7017	FDA9	8000	86
7017	FDB1	8001	06
7017	FDBA	8000	87
7017	FDC2	8001	07
7017	FC3F	8000	86
7017	FC48	8001	06
7017	FC4F	8000	87
7017	FC58	8001	07
7017	FDA9	8000	86
7017	FDB1	8001	18
7017	FDBA	8000	87
7017	FDC2	8001	19
7017	FDA9	8000	86
7017	FDB1	8001	28
7017	FDBA	8000	87
7017	FDC2	8001	29
7017	FDA9	8000	86
7017	FDB1	8001	28
7017	FDBA	8000	87
7017	FDC2	8001	29
7017	F9B3	8000	80
7017	F9B9	8001	FC
7017	F9BE	8000	81
7017	F9C4	8001	14
7017	F9C9	8000	82
7017	F9CF	8001	A2
7017	F9D4	8000	83
7017	F9DA	8001	01
7017	F9DF	8000	84
7017	F9E5	8001	02
7017	F9EA	8000	85
7017	F9F0	8001	14
7017	F8DB	8000	87
7017	F9B3	8000	80
7017	F9B9	8001	FC
7017	F9BE	8000	81
7017	F9C4	8001	14
7017	F9C9	8000	82
7017	F9CF	8001	00
7017	F9D4	8000	83
7017	F9DA	8001	01
7017	F9DF	8000	84
7017	F9E5	8001	02
7017	F9EA	8000	85
7017	F9F0	8001	14
7017	F8DB	8000	87
7018	FA23	8000	80
7018	FA29	8001	FC
7018	FA2E	8000	81
7018	FA34	8001	E2
7018	FA39	8000	82
7018	FA3F	8001	A2
7018	FA44	8000	83
7018	FA4A	8001	35
7018	FA4F	8000	84
7018	FA55	8001	B7
7018	FA5A	8000	85
7018	FA60	8001	BD
7018	FADD	8000	86
7018	FAE2	8001	18
7018	FAE9	8000	87
7018	FAEE	8001	19
7018	FAF8	8000	86
7018	FAFE	8001	28
7018	FB05	8000	87
7018	FB0B	8001	29
7018	FDA9	8000	86
7018	FDB1	8001	06
7018	FDBA	8000	87
7018	FDC2	8001	07
7018	FC3F	8000	86
7018	FC48	8001	06
7018	FC4F	8000	87
7018	FC58	8001	07
7018	FDA9	8000	86
7018	FDB1	8001	18
7018	FDBA	8000	87
7018	FDC2	8001	19
7018	FDA9	8000	86
7018	FDB1	8001	28
7018	FDBA	8000	87
7018	FDC2	8001	29
7018	FDA9	8000	86
7018	FDB1	8001	28
7018	FDBA	8000	87
7018	FDC2	8001	29
7018	F9B3	8000	80
7018	F9B9	8001	FC
7018	F9BE	8000	81
7018	F9C4	8001	14
7018	F9C9	8000	82
7018	F9CF	8001	A2
7018	F9D4	8000	83
7018	F9DA	8001	01
7018	F9DF	8000	84
7018	F9E5	8001	02
7018	F9EA	8000	85
7018	F9F0	8001	14
7018	F8DB	8000	87
7018	F9B3	8000	80
7018	F9B9	8001	FC
7018	F9BE	8000	81
7018	F9C4	8001	14
7018	F9C9	8000	82
7018	F9CF	8001	00
7018	F9D4	8000	83
7018	F9DA	8001	01
7018	F9DF	8000	84
7018	F9E5	8001	02
7018	F9EA	8000	85
7018	F9F0	8001	14
7018	F8DB	8000	87
7019	FA23	8000	80
7019	FA29	8001	FC
7019	FA2E	8000	81
7019	FA34	8001	E2
7019	FA39	8000	82
7019	FA3F	8001	A2
7019	FA44	8000	83
7019	FA4A	8001	35
7019	FA4F	8000	84
7019	FA55	8001	B7
7019	FA5A	8000	85
7019	FA60	8001	BD
7019	FADD	8000	86
7019	FAE2	8001	18
7019	FAE9	8000	87
7019	FAEE	8001	19
7019	FAF8	8000	86
7019	FAFE	8001	28
7019	FB05	8000	87
7019	FB0B	8001	29
7019	FDA9	8000	86
7019	FDB1	8001	06
7019	FDBA	8000	87
7019	FDC2	8001	07
7019	FC3F	8000	86
7019	FC48	8001	06
7019	FC4F	8000	87
7019	FC58	8001	07
7019	FDA9	8000	86
7019	FDB1	8001	18
7019	FDBA	8000	87
7019	FDC2	8001	19
7019	FDA9	8000	86
7019	FDB1	8001	28
7019	FDBA	8000	87
7019	FDC2	8001	29
7019	FDA9	8000	86
7019	FDB1	8001	28
7019	FDBA	8000	87
7019	FDC2	8001	29
7019	F9B3	8000	80
7019	F9B9	8001	FC
7019	F9BE	8000	81
7019	F9C4	8001	14
7019	F9C9	8000	82
7019	F9CF	8001	A2
7019	F9D4	8000	83
7019	F9DA	8001	01
7019	F9DF	8000	84
7019	F9E5	8001	02
7019	F9EA	8000	85
7019	F9F0	8001	14
7019	F8DB	8000	87
7019	F9B3	8000	80
7019	F9B9	8001	FC
7019	F9BE	8000	81
7019	F9C4	8001	14
7019	F9C9	8000	82
7019	F9CF	8001	00
7019	F9D4	8000	83
7019	F9DA	8001	01
7019	F9DF	8000	84
7019	F9E5	8001	02
7019	F9EA	8000	85
7019	F9F0	8001	14
7019	F8DB	8000	87
7020	FA23	8000	80
7020	FA29	8001	FC
7020	FA2E	8000	81
7020	FA34	8001	E2
7020	FA39	8000	82
7020	FA3F	8001	A2
7020	FA44	8000	83
7020	FA4A	8001	35
7020	FA4F	8000	84
7020	FA55	8001	B7
7020	FA5A	8000	85
7020	FA60	8001	BD
7020	FADD	8000	86
7020	FAE2	8001	18
7020	FAE9	8000	87
7020	FAEE	8001	19
7020	FAF8	8000	86
7020	FAFE	8001	28
7020	FB05	8000	87
7020	FB0B	8001	29
7020	FDA9	8000	86
7020	FDB1	8001	06
7020	FDBA	8000	87
7020	FDC2	8001	07
7020	FDA9	8000	86
7020	FDB1	8001	2A
7020	FDBA	8000	87
7020	FDC2	8001	2B
7020	FC3F	8000	86
7020	FC48	8001	06
7020	FC4F	8000	87
7020	FC58	8001	07
7020	FDA9	8000	86
7020	FDB1	8001	18
7020	FDBA	8000	87
7020	FDC2	8001	19
7020	FDA9	8000	86
7020	FDB1	8001	28
7020	FDBA	8000	87
7020	FDC2	8001	29
7020	FDA9	8000	86
7020	FDB1	8001	28
7020	FDBA	8000	87
7020	FDC2	8001	29
7020	F9B3	8000	80
7020	F9B9	8001	FC
7020	F9BE	8000	81
7020	F9C4	8001	14
7020	F9C9	8000	82
7020	F9CF	8001	A2
7020	F9D4	8000	83
7020	F9DA	8001	01
7020	F9DF	8000	84
7020	F9E5	8001	02
7020	F9EA	8000	85
7020	F9F0	8001	14
7020	F8DB	8000	87
7020	F9B3	8000	80
7020	F9B9	8001	FC
7020	F9BE	8000	81
7020	F9C4	8001	14
7020	F9C9	8000	82
7020	F9CF	8001	00
7020	F9D4	8000	83
7020	F9DA	8001	01
7020	F9DF	8000	84
7020	F9E5	8001	02
7020	F9EA	8000	85
7020	F9F0	8001	14
7020	F8DB	8000	87
7021	FA23	8000	80
7021	FA29	8001	FC
7021	FA2E	8000	81
7021	FA34	8001	E2
7021	FA39	8000	82
7021	FA3F	8001	A2
7021	FA44	8000	83
7021	FA4A	8001	35
7021	FA4F	8000	84
7021	FA55	8001	B7
7021	FA5A	8000	85
7021	FA60	8001	BD
7021	FADD	8000	86
7021	FAE2	8001	18
7021	FAE9	8000	87
7021	FAEE	8001	19
7021	FAF8	8000	86
7021	FAFE	8001	28
7021	FB05	8000	87
7021	FB0B	8001	29
7021	FDA9	8000	86
7021	FDB1	8001	06
7021	FDBA	8000	87
7021	FDC2	8001	07
7021	FDA9	8000	86
7021	FDB1	8001	1C
7021	FDBA	8000	87
7021	FDC2	8001	1D
7021	FDA9	8000	86
7021	FDB1	8001	06
7021	FDBA	8000	87
7021	FDC2	8001	07
7021	FDA9	8000	86
7021	FDB1	8001	1C
7021	FDBA	8000	87
7021	FDC2	8001	1D
7021	FDA9	8000	86
7021	FDB1	8001	1C
7021	FDBA	8000	87
7021	FDC2	8001	1D
7021	FDA9	8000	86
7021	FDB1	8001	06
7021	FDBA	8000	87
7021	FDC2	8001	07
7021	FDA9	8000	86
7021	FDB1	8001	3C
7021	FDBA	8000	87
7021	FDC2	8001	3D
7021	FC3F	8000	86
7021	FC48	8001	06
7021	FC4F	8000	87
7021	FC58	8001	07
7021	FDA9	8000	86
7021	FDB1	8001	04
7021	FDBA	8000	87
7021	FDC2	8001	05
7021	FDA9	8000	86
7021	FDB1	8001	04
7021	FDBA	8000	87
7021	FDC2	8001	05
7021	FD35	8000	86
7021	FD3E	8001	06
7021	FD45	8000	87
7021	FD4E	8001	07
7021	FDA9	8000	86
7021	FDB1	8001	1C
7021	FDBA	8000	87
7021	FDC2	8001	1D
7021	FDA9	8000	86
7021	FDB1	8001	1C
7021	FDBA	8000	87
7021	FDC2	8001	1D
7021	FD35	8000	86
7021	FD3E	8001	06
7021	FD45	8000	87
7021	FD4E	8001	07
7021	FDA9	8000	86
7021	FDB1	8001	06
7021	FDBA	8000	87
7021	FDC2	8001	07
7021	FDA9	8000	86
7021	FDB1	8001	3C
7021	FDBA	8000	87
7021	FDC2	8001	3D
7021	FC3F	8000	86
7021	FC48	8001	06
7021	FC4F	8000	87
7021	FC58	8001	07
7021	F9B3	8000	80
7021	F9B9	8001	FC
7021	F9BE	8000	81
7021	F9C4	8001	14
7021	F9C9	8000	82
7021	F9CF	8001	A2
7021	F9D4	8000	83
7021	F9DA	8001	01
7021	F9DF	8000	84
7021	F9E5	8001	02
7021	F9EA	8000	85
7021	F9F0	8001	14
7021	F8DB	8000	87
7021	F9B3	8000	80
7021	F9B9	8001	FC
7021	F9BE	8000	81
7021	F9C4	8001	14
7021	F9C9	8000	82
7021	F9CF	8001	00
7021	F9D4	8000	83
7021	F9DA	8001	01
7021	F9DF	8000	84
7021	F9E5	8001	02
7021	F9EA	8000	85
7021	F9F0	8001	14
7021	F8DB	8000	87
7021	FDA9	8000	86
7021	FDB1	8001	3C
7021	FDBA	8000	87
7021	FDC2	8001	3D
7021	FC3F	8000	86
7021	FC48	8001	06
7021	FC4F	8000	87
7021	FC58	8001	07
7021	FDA9	8000	86
7021	FDB1	8001	18
7021	FDBA	8000	87
7021	FDC2	8001	19
7021	FDA9	8000	86
7021	FDB1	8001	28
7021	FDBA	8000	87
7021	FDC2	8001	29
7021	FDA9	8000	86
7021	FDB1	8001	28
7021	FDBA	8000	87
7021	FDC2	8001	29
7022	FA23	8000	80
7022	FA29	8001	FC
7022	FA2E	8000	81
7022	FA34	8001	E2
7022	FA39	8000	82
7022	FA3F	8001	A2
7022	FA44	8000	83
7022	FA4A	8001	35
7022	FA4F	8000	84
7022	FA55	8001	B7
7022	FA5A	8000	85
7022	FA60	8001	BD
7022	FADD	8000	86
7022	FAE2	8001	18
7022	FAE9	8000	87
7022	FAEE	8001	19
7022	FAF8	8000	86
7022	FAFE	8001	28
7022	FB05	8000	87
7022	FB0B	8001	29
7022	FDA9	8000	86
7022	FDB1	8001	06
7022	FDBA	8000	87
7022	FDC2	8001	07
7022	FDA9	8000	86
7022	FDB1	8001	3C
7022	FDBA	8000	87
7022	FDC2	8001	3D
7022	F9B3	8000	80
7022	F9B9	8001	FC
7022	F9BE	8000	81
7022	F9C4	8001	14
7022	F9C9	8000	82
7022	F9CF	8001	A2
7022	F9D4	8000	83
7022	F9DA	8001	01
7022	F9DF	8000	84
7022	F9E5	8001	02
7022	F9EA	8000	85
7022	F9F0	8001	14
7022	F8DB	8000	87
7022	F9B3	8000	80
7022	F9B9	8001	FC
7022	F9BE	8000	81
7022	F9C4	8001	14
7022	F9C9	8000	82
7022	F9CF	8001	00
7022	F9D4	8000	83
7022	F9DA	8001	01
7022	F9DF	8000	84
7022	F9E5	8001	02
7022	F9EA	8000	85
7022	F9F0	8001	14
7022	F8DB	8000	87
7022	FC3F	8000	86
7022	FC48	8001	06
7022	FC4F	8000	87
7022	FC58	8001	07
7022	FDA9	8000	86
7022	FDB1	8001	18
7022	FDBA	8000	87
7022	FDC2	8001	19
7022	FDA9	8000	86
7022	FDB1	8001	28
7022	FDBA	8000	87
7022	FDC2	8001	29
7022	FDA9	8000	86
7022	FDB1	8001	28
7022	FDBA	8000	87
7022	FDC2	8001	29
7023	FA23	8000	80
7023	FA29	8001	FC
7023	FA2E	8000	81
7023	FA34	8001	E2
7023	FA39	8000	82
7023	FA3F	8001	A2
7023	FA44	8000	83
7023	FA4A	8001	35
7023	FA4F	8000	84
7023	FA55	8001	B7
7023	FA5A	8000	85
7023	FA60	8001	BD
7023	FA83	8000	86
7023	FA88	8001	18
7023	FA8D	8000	87
7023	FA92	8001	19
7023	FA9A	8000	86
7023	FAA0	8001	28
7023	FAA5	8000	87
7023	FAAB	8001	29
7023	FAB6	8000	87
7023	F9B3	8000	80
7023	F9B9	8001	FC
7023	F9BE	8000	81
7023	F9C4	8001	14
7023	F9C9	8000	82
7023	F9CF	8001	A2
7023	F9D4	8000	83
7023	F9DA	8001	01
7023	F9DF	8000	84
7023	F9E5	8001	02
7023	F9EA	8000	85
7023	F9F0	8001	14
7023	F8DB	8000	87
7023	F9B3	8000	80
7023	F9B9	8001	FC
7023	F9BE	8000	81
7023	F9C4	8001	14
7023	F9C9	8000	82
7023	F9CF	8001	00
7023	F9D4	8000	83
7023	F9DA	8001	01
7023	F9DF	8000	84
7023	F9E5	8001	02
7023	F9EA	8000	85
7023	F9F0	8001	14
7023	F8DB	8000	87
7024	FA23	8000	80
7024	FA29	8001	FC
7024	FA2E	8000	81
7024	FA34	8001	E2
7024	FA39	8000	82
7024	FA3F	8001	A2
7024	FA44	8000	83
7024	FA4A	8001	35
7024	FA4F	8000	84
7024	FA55	8001	B7
7024	FA5A	8000	85
7024	FA60	8001	BD
7024	FADD	8000	86
7024	FAE2	8001	18
7024	FAE9	8000	87
7024	FAEE	8001	19
7024	BF0A	8000	86
7024	C8E1	8001	00
7024	C8E6	8000	87
7024	C8EB	8001	01
7024	C900	8000	86
7024	C905	8001	18
7024	C90A	8000	87
7024	C90F	8001	19
7024	BF0A	8000	86
7024	C8E1	8001	00
7024	C8E6	8000	87
7024	C8EB	8001	01
7024	C900	8000	86
7024	C905	8001	18
7024	C90A	8000	87
7024	C90F	8001	19
7024	BF0A	8000	86
7024	C8E1	8001	00
7024	C8E6	8000	87
7024	C8EB	8001	01
7024	C900	8000	86
7024	C905	8001	18
7024	C90A	8000	87
7024	C90F	8001	19
7024	BF0A	8000	86
7024	C8E1	8001	00
7024	C8E6	8000	87
7024	C8EB	8001	01
7024	C900	8000	86
7024	C905	8001	18
7024	C90A	8000	87
7024	C90F	8001	19
7024	BF0A	8000	86
7024	C8E1	8001	00
7024	C8E6	8000	87
7024	C8EB	8001	01
7024	C900	8000	86
7024	C905	8001	18
7024	C90A	8000	87
7024	C90F	8001	19
7024	BF0A	8000	86
7024	C8E1	8001	00
7024	C8E6	8000	87
7024	C8EB	8001	01
7024	C900	8000	86
7024	C905	8001	18
7024	C90A	8000	87
7024	C90F	8001	19
7024	BF0A	8000	86
7024	C8E1	8001	00
7024	C8E6	8000	87
7024	C8EB	8001	01
7024	C900	8000	86
7024	C905	8001	18
7024	C90A	8000	87
7024	C90F	8001	19
7024	FAF8	8000	86
7024	FAFE	8001	28
7024	FB05	8000	87
7024	FB0B	8001	29
7024	FDA9	8000	86
7024	FDB1	8001	06
7024	FDBA	8000	87
7024	FDC2	8001	07
7024	FDA9	8000	86
7024	FDB1	8001	3C
7024	FDBA	8000	87
7024	FDC2	8001	3D
7024	F9B3	8000	80
7024	F9B9	8001	FC
7024	F9BE	8000	81
7024	F9C4	8001	14
7024	F9C9	8000	82
7024	F9CF	8001	A2
7024	F9D4	8000	83
7024	F9DA	8001	01
7024	F9DF	8000	84
7024	F9E5	8001	02
7024	F9EA	8000	85
7024	F9F0	8001	14
7024	F8DB	8000	87
7024	F9B3	8000	80
7024	F9B9	8001	FC
7024	F9BE	8000	81
7024	F9C4	8001	14
7024	F9C9	8000	82
7024	F9CF	8001	00
7024	F9D4	8000	83
7024	F9DA	8001	01
7024	F9DF	8000	84
7024	F9E5	8001	02
7024	F9EA	8000	85
7024	F9F0	8001	14
7024	F8DB	8000	87
7024	FC3F	8000	86
7024	FC48	8001	06
7024	FC4F	8000	87
7024	FC58	8001	07
7024	FDA9	8000	86
7024	FDB1	8001	18
7024	FDBA	8000	87
7024	FDC2	8001	19
7025	FDA9	8000	86
7025	FDB1	8001	28
7025	FDBA	8000	87
7025	FDC2	8001	29
7025	FA23	8000	80
7025	FA29	8001	FC
7025	FA2E	8000	81
7025	FA34	8001	E2
7025	FA39	8000	82
7025	FA3F	8001	A2
7025	FA44	8000	83
7025	FA4A	8001	35
7025	FA4F	8000	84
7025	FA55	8001	B7
7025	FA5A	8000	85
7025	FA60	8001	BD
7025	FA83	8000	86
7025	FA88	8001	18
7025	FA8D	8000	87
7025	FA92	8001	19
7025	FA9A	8000	86
7025	FAA0	8001	28
7025	FAA5	8000	87
7025	FAAB	8001	29
7025	FAB6	8000	87
7025	FDA9	8000	86
7025	FDB1	8001	28
7025	FDBA	8000	87
7025	FDC2	8001	29
7025	F9B3	8000	80
7025	F9B9	8001	FC
7025	F9BE	8000	81
7025	F9C4	8001	14
7025	F9C9	8000	82
7025	F9CF	8001	A2
7025	F9D4	8000	83
7025	F9DA	8001	01
7025	F9DF	8000	84
7025	F9E5	8001	02
7025	F9EA	8000	85
7025	F9F0	8001	14
7025	F8DB	8000	87
7025	F9B3	8000	80
7025	F9B9	8001	FC
7025	F9BE	8000	81
7025	F9C4	8001	14
7025	F9C9	8000	82
7025	F9CF	8001	00
7025	F9D4	8000	83
7025	F9DA	8001	01
7025	F9DF	8000	84
7025	F9E5	8001	02
7025	F9EA	8000	85
7025	F9F0	8001	14
7025	F8DB	8000	87
7026	FA23	8000	80
7026	FA29	8001	FC
7026	FA2E	8000	81
7026	FA34	8001	E2
7026	FA39	8000	82
7026	FA3F	8001	A2
7026	FA44	8000	83
7026	FA4A	8001	35
7026	FA4F	8000	84
7026	FA55	8001	B7
7026	FA5A	8000	85
7026	FA60	8001	BD
7026	FADD	8000	86
7026	FAE2	8001	18
7026	FAE9	8000	87
7026	FAEE	8001	19
7026	FAF8	8000	86
7026	FAFE	8001	28
7026	FB05	8000	87
7026	FB0B	8001	29
7026	FDA9	8000	86
7026	FDB1	8001	06
7026	FDBA	8000	87
7026	FDC2	8001	07
7026	FDA9	8000	86
7026	FDB1	8001	3C
7026	FDBA	8000	87
7026	FDC2	8001	3D
7026	F9B3	8000	80
7026	F9B9	8001	FC
7026	F9BE	8000	81
7026	F9C4	8001	14
7026	F9C9	8000	82
7026	F9CF	8001	A2
7026	F9D4	8000	83
7026	F9DA	8001	01
7026	F9DF	8000	84
7026	F9E5	8001	02
7026	F9EA	8000	85
7026	F9F0	8001	14
7026	F8DB	8000	87
7026	F9B3	8000	80
7026	F9B9	8001	FC
7026	F9BE	8000	81
7026	F9C4	8001	14
7026	F9C9	8000	82
7026	F9CF	8001	00
7026	F9D4	8000	83
7026	F9DA	8001	01
7026	F9DF	8000	84
7026	F9E5	8001	02
7026	F9EA	8000	85
7026	F9F0	8001	14
7026	F8DB	8000	87
7026	FC3F	8000	86
7026	FC48	8001	06
7026	FC4F	8000	87
7026	FC58	8001	07
7026	FDA9	8000	86
7026	FDB1	8001	18
7026	FDBA	8000	87
7026	FDC2	8001	19
7026	FDA9	8000	86
7026	FDB1	8001	28
7026	FDBA	8000	87
7026	FDC2	8001	29
7026	FDA9	8000	86
7026	FDB1	8001	28
7026	FDBA	8000	87
7026	FDC2	8001	29
7027	FA23	8000	80
7027	FA29	8001	FC
7027	FA2E	8000	81
7027	FA34	8001	E2
7027	FA39	8000	82
7027	FA3F	8001	A2
7027	FA44	8000	83
7027	FA4A	8001	35
7027	FA4F	8000	84
7027	FA55	8001	B7
7027	FA5A	8000	85
7027	FA60	8001	BD
7027	FA83	8000	86
7027	FA88	8001	18
7027	FA8D	8000	87
7027	FA92	8001	19
7027	FA9A	8000	86
7027	FAA0	8001	28
7027	FAA5	8000	87
7027	FAAB	8001	29
7027	FAB6	8000	87
7027	F9B3	8000	80
7027	F9B9	8001	FC
7027	F9BE	8000	81
7027	F9C4	8001	14
7027	F9C9	8000	82
7027	F9CF	8001	A2
7027	F9D4	8000	83
7027	F9DA	8001	01
7027	F9DF	8000	84
7027	F9E5	8001	02
7027	F9EA	8000	85
7027	F9F0	8001	14
7027	F8DB	8000	87
7027	F9B3	8000	80
7027	F9B9	8001	FC
7027	F9BE	8000	81
7027	F9C4	8001	14
7027	F9C9	8000	82
7027	F9CF	8001	00
7027	F9D4	8000	83
7027	F9DA	8001	01
7027	F9DF	8000	84
7027	F9E5	8001	02
7027	F9EA	8000	85
7027	F9F0	8001	14
7027	F8DB	8000	87
7028	FA23	8000	80
7028	FA29	8001	FC
7028	FA2E	8000	81
7028	FA34	8001	E2
7028	FA39	8000	82
7028	FA3F	8001	A2
7028	FA44	8000	83
7028	FA4A	8001	35
7028	FA4F	8000	84
7028	FA55	8001	B7
7028	FA5A	8000	85
7028	FA60	8001	BD
7028	FADD	8000	86
7028	FAE2	8001	18
7028	FAE9	8000	87
7028	FAEE	8001	19
7028	FAF8	8000	86
7028	FAFE	8001	28
7028	FB05	8000	87
7028	FB0B	8001	29
7028	FDA9	8000	86
7028	FDB1	8001	06
7028	FDBA	8000	87
7028	FDC2	8001	07
7028	FDA9	8000	86
7028	FDB1	8001	3C
7028	FDBA	8000	87
7028	FDC2	8001	3D
7028	FC3F	8000	86
7028	FC48	8001	06
7028	FC4F	8000	87
7028	FC58	8001	07
7028	FDA9	8000	86
7028	FDB1	8001	18
7028	FDBA	8000	87
7028	FDC2	8001	19
7028	FDA9	8000	86
7028	FDB1	8001	28
7028	FDBA	8000	87
7028	FDC2	8001	29
7028	FDA9	8000	86
7028	FDB1	8001	28
7028	FDBA	8000	87
7028	FDC2	8001	29
7028	F9B3	8000	80
7028	F9B9	8001	FC
7028	F9BE	8000	81
7028	F9C4	8001	14
7028	F9C9	8000	82
7028	F9CF	8001	A2
7028	F9D4	8000	83
7028	F9DA	8001	01
7028	F9DF	8000	84
7028	F9E5	8001	02
7028	F9EA	8000	85
7028	F9F0	8001	14
7028	F8DB	8000	87
7028	F9B3	8000	80
7028	F9B9	8001	FC
7028	F9BE	8000	81
7028	F9C4	8001	14
7028	F9C9	8000	82
7028	F9CF	8001	00
7028	F9D4	8000	83
7028	F9DA	8001	01
7028	F9DF	8000	84
7028	F9E5	8001	02
7028	F9EA	8000	85
7028	F9F0	8001	14
7028	F8DB	8000	87
7029	FA23	8000	80
7029	FA29	8001	FC
7029	FA2E	8000	81
7029	FA34	8001	E2
7029	FA39	8000	82
7029	FA3F	8001	A2
7029	FA44	8000	83
7029	FA4A	8001	35
7029	FA4F	8000	84
7029	FA55	8001	B7
7029	FA5A	8000	85
7029	FA60	8001	BD
7029	FADD	8000	86
7029	FAE2	8001	18
7029	FAE9	8000	87
7029	FAEE	8001	19
7029	FAF8	8000	86
7029	FAFE	8001	28
7029	FB05	8000	87
7029	FB0B	8001	29
7029	FDA9	8000	86
7029	FDB1	8001	06
7029	FDBA	8000	87
7029	FDC2	8001	07
7029	FDA9	8000	86
7029	FDB1	8001	1C
7029	FDBA	8000	87
7029	FDC2	8001	1D
7029	FDA9	8000	86
7029	FDB1	8001	06
7029	FDBA	8000	87
7029	FDC2	8001	07
7029	FDA9	8000	86
7029	FDB1	8001	24
7029	FDBA	8000	87
7029	FDC2	8001	25
7029	FC3F	8000	86
7029	FC48	8001	06
7029	FC4F	8000	87
7029	FC58	8001	07
7029	FDA9	8000	86
7029	FDB1	8001	24
7029	FDBA	8000	87
7029	FDC2	8001	25
7029	FC3F	8000	86
7029	FC48	8001	06
7029	FC4F	8000	87
7029	FC58	8001	07
7029	FDA9	8000	86
7029	FDB1	8001	2A
7029	FDBA	8000	87
7029	FDC2	8001	2B
7029	FC3F	8000	86
7029	FC48	8001	06
7029	FC4F	8000	87
7029	FC58	8001	07
7029	FDA9	8000	86
7029	FDB1	8001	1C
7029	FDBA	8000	87
7029	FDC2	8001	1D
7029	FDA9	8000	86
7029	FDB1	8001	1C
7029	FDBA	8000	87
7029	FDC2	8001	1D
7029	FDA9	8000	86
7029	FDB1	8001	06
7029	FDBA	8000	87
7029	FDC2	8001	07
7029	FDA9	8000	86
7029	FDB1	8001	3C
7029	FDBA	8000	87
7029	FDC2	8001	3D
7029	FC3F	8000	86
7029	FC48	8001	06
7029	FC4F	8000	87
7029	FC58	8001	07
7029	FDA9	8000	86
7029	FDB1	8001	18
7029	FDBA	8000	87
7029	FDC2	8001	19
7029	FDA9	8000	86
7029	FDB1	8001	28
7029	FDBA	8000	87
7029	FDC2	8001	29
7029	FDA9	8000	86
7029	FDB1	8001	28
7029	FDBA	8000	87
7029	FDC2	8001	29
7029	F9B3	8000	80
7029	F9B9	8001	FC
7029	F9BE	8000	81
7029	F9C4	8001	14
7029	F9C9	8000	82
7029	F9CF	8001	A2
7029	F9D4	8000	83
7029	F9DA	8001	01
7029	F9DF	8000	84
7029	F9E5	8001	02
7029	F9EA	8000	85
7029	F9F0	8001	14
7029	F8DB	8000	87
7029	F9B3	8000	80
7029	F9B9	8001	FC
7029	F9BE	8000	81
7029	F9C4	8001	14
7029	F9C9	8000	82
7029	F9CF	8001	00
7029	F9D4	8000	83
7029	F9DA	8001	01
7029	F9DF	8000	84
7029	F9E5	8001	02
7029	F9EA	8000	85
7029	F9F0	8001	14
7029	F8DB	8000	87
7030	FA23	8000	80
7030	FA29	8001	FC
7030	FA2E	8000	81
7030	FA34	8001	E2
7030	FA39	8000	82
7030	FA3F	8001	A2
7030	FA44	8000	83
7030	FA4A	8001	35
7030	FA4F	8000	84
7030	FA55	8001	B7
7030	FA5A	8000	85
7030	FA60	8001	BD
7030	FADD	8000	86
7030	FAE2	8001	18
7030	FAE9	8000	87
7030	FAEE	8001	19
7030	FAF8	8000	86
7030	FAFE	8001	28
7030	FB05	8000	87
7030	FB0B	8001	29
7030	FDA9	8000	86
7030	FDB1	8001	06
7030	FDBA	8000	87
7030	FDC2	8001	07
7030	FDA9	8000	86
7030	FDB1	8001	3C
7030	FDBA	8000	87
7030	FDC2	8001	3D
7030	F9B3	8000	80
7030	F9B9	8001	FC
7030	F9BE	8000	81
7030	F9C4	8001	14
7030	F9C9	8000	82
7030	F9CF	8001	A2
7030	F9D4	8000	83
7030	F9DA	8001	01
7030	F9DF	8000	84
7030	F9E5	8001	02
7030	F9EA	8000	85
7030	F9F0	8001	14
7030	F8DB	8000	87
7030	F9B3	8000	80
7030	F9B9	8001	FC
7030	F9BE	8000	81
7030	F9C4	8001	14
7030	F9C9	8000	82
7030	F9CF	8001	00
7030	F9D4	8000	83
7030	F9DA	8001	01
7030	F9DF	8000	84
7030	F9E5	8001	02
7030	F9EA	8000	85
7030	F9F0	8001	14
7030	F8DB	8000	87
7030	FC3F	8000	86
7030	FC48	8001	06
7030	FC4F	8000	87
7030	FC58	8001	07
7030	FDA9	8000	86
7030	FDB1	8001	18
7030	FDBA	8000	87
7030	FDC2	8001	19
7030	FDA9	8000	86
7030	FDB1	8001	28
7030	FDBA	8000	87
7030	FDC2	8001	29
7030	FDA9	8000	86
7030	FDB1	8001	28
7030	FDBA	8000	87
7030	FDC2	8001	29
7031	FA23	8000	80
7031	FA29	8001	FC
7031	FA2E	8000	81
7031	FA34	8001	E2
7031	FA39	8000	82
7031	FA3F	8001	A2
7031	FA44	8000	83
7031	FA4A	8001	35
7031	FA4F	8000	84
7031	FA55	8001	B7
7031	FA5A	8000	85
7031	FA60	8001	BD
7031	FA83	8000	86
7031	FA88	8001	18
7031	FA8D	8000	87
7031	FA92	8001	19
7031	FA9A	8000	86
7031	FAA0	8001	28
7031	FAA5	8000	87
7031	FAAB	8001	29
7031	FAB6	8000	87
7031	F9B3	8000	80
7031	F9B9	8001	FC
7031	F9BE	8000	81
7031	F9C4	8001	14
7031	F9C9	8000	82
7031	F9CF	8001	A2
7031	F9D4	8000	83
7031	F9DA	8001	01
7031	F9DF	8000	84
7031	F9E5	8001	02
7031	F9EA	8000	85
7031	F9F0	8001	14
7031	F8DB	8000	87
7031	F9B3	8000	80
7031	F9B9	8001	FC
7031	F9BE	8000	81
7031	F9C4	8001	14
7031	F9C9	8000	82
7031	F9CF	8001	00
7031	F9D4	8000	83
7031	F9DA	8001	01
7031	F9DF	8000	84
7031	F9E5	8001	02
7031	F9EA	8000	85
7031	F9F0	8001	14
7031	F8DB	8000	87
7032	FA23	8000	80
7032	FA29	8001	FC
7032	FA2E	8000	81
7032	FA34	8001	E2
7032	FA39	8000	82
7032	FA3F	8001	A2
7032	FA44	8000	83
7032	FA4A	8001	35
7032	FA4F	8000	84
7032	FA55	8001	B7
7032	FA5A	8000	85
7032	FA60	8001	BD
7032	FADD	8000	86
7032	FAE2	8001	18
7032	FAE9	8000	87
7032	FAEE	8001	19
7032	FAF8	8000	86
7032	FAFE	8001	28
7032	FB05	8000	87
7032	FB0B	8001	29
7032	FDA9	8000	86
7032	FDB1	8001	06
7032	FDBA	8000	87
7032	FDC2	8001	07
7032	FDA9	8000	86
7032	FDB1	8001	3C
7032	FDBA	8000	87
7032	FDC2	8001	3D
7032	FC3F	8000	86
7032	FC48	8001	06
7032	FC4F	8000	87
7032	FC58	8001	07
7032	FDA9	8000	86
7032	FDB1	8001	18
7032	FDBA	8000	87
7032	FDC2	8001	19
7032	FDA9	8000	86
7032	FDB1	8001	28
7032	FDBA	8000	87
7032	FDC2	8001	29
7032	F9B3	8000	80
7032	F9B9	8001	FC
7032	F9BE	8000	81
7032	F9C4	8001	14
7032	F9C9	8000	82
7032	F9CF	8001	A2
7032	F9D4	8000	83
7032	F9DA	8001	01
7032	F9DF	8000	84
7032	F9E5	8001	02
7032	F9EA	8000	85
7032	F9F0	8001	14
7032	F8DB	8000	87
7032	F9B3	8000	80
7032	F9B9	8001	FC
7032	F9BE	8000	81
7032	F9C4	8001	14
7032	F9C9	8000	82
7032	F9CF	8001	00
7032	F9D4	8000	83
7032	F9DA	8001	01
7032	F9DF	8000	84
7032	F9E5	8001	02
7032	F9EA	8000	85
7032	F9F0	8001	14
7032	F8DB	8000	87
7032	FDA9	8000	86
7032	FDB1	8001	28
7032	FDBA	8000	87
7032	FDC2	8001	29
7033	FE2D	8000	87
7033	FE30	8001	3C
7033	B058	8000	86
7033	B05B	8001	38
7033	B120	8000	00
7033	B123	8001	00
7033	B120	8000	00
7033	B123	8001	00
7033	FA23	8000	80
7033	FA29	8001	FC
7033	FA2E	8000	81
7033	FA34	8001	E2
7033	FA39	8000	82
7033	FA3F	8001	A2
7033	FA44	8000	83
7033	FA4A	8001	35
7033	FA4F	8000	84
7033	FA55	8001	B7
7033	FA5A	8000	85
7033	FA60	8001	BD
7033	FA83	8000	86
7033	FA88	8001	18
7033	FA8D	8000	87
7033	FA92	8001	19
7033	FA9A	8000	86
7033	FAA0	8001	28
7033	FAA5	8000	87
7033	FAAB	8001	29
7033	FAB6	8000	87
7033	F9B3	8000	80
7033	F9B9	8001	FC
7033	F9BE	8000	81
7033	F9C4	8001	14
7033	F9C9	8000	82
7033	F9CF	8001	A2
7033	F9D4	8000	83
7033	F9DA	8001	01
7033	F9DF	8000	84
7033	F9E5	8001	02
7033	F9EA	8000	85
7033	F9F0	8001	14
7033	F8DB	8000	87
7033	F9B3	8000	80
7033	F9B9	8001	FC
7033	F9BE	8000	81
7033	F9C4	8001	14
7033	F9C9	8000	82
7033	F9CF	8001	00
7033	F9D4	8000	83
7033	F9DA	8001	01
7033	F9DF	8000	84
7033	F9E5	8001	02
7033	F9EA	8000	85
7033	F9F0	8001	14
7033	F8DB	8000	87
7034	FE2D	8000	87
7034	FE30	8001	3C
7034	B058	8000	86
7034	B05B	8001	38
7034	B120	8000	00
7034	B123	8001	00
7034	B120	8000	00
7034	B123	8001	00
7034	FA23	8000	80
7034	FA29	8001	FC
7034	FA2E	8000	81
7034	FA34	8001	E2
7034	FA39	8000	82
7034	FA3F	8001	A2
7034	FA44	8000	83
7034	FA4A	8001	35
7034	FA4F	8000	84
7034	FA55	8001	B7
7034	FA5A	8000	85
7034	FA60	8001	BD
7034	FA83	8000	86
7034	FA88	8001	18
7034	FA8D	8000	87
7034	FA92	8001	19
7034	BF0A	8000	86
7034	C8E1	8001	00
7034	C8E6	8000	87
7034	C8EB	8001	01
7034	C900	8000	86
7034	C905	8001	18
7034	C90A	8000	87
7034	C90F	8001	19
7034	BF0A	8000	86
7034	C8E1	8001	00
7034	C8E6	8000	87
7034	C8EB	8001	01
7034	C900	8000	86
7034	C905	8001	18
7034	C90A	8000	87
7034	C90F	8001	19
7034	BF0A	8000	86
7034	C8E1	8001	00
7034	C8E6	8000	87
7034	C8EB	8001	01
7034	C900	8000	86
7034	C905	8001	18
7034	C90A	8000	87
7034	C90F	8001	19
7034	FA9A	8000	86
7034	FAA0	8001	28
7034	FAA5	8000	87
7034	FAAB	8001	29
7034	FAB6	8000	87
7034	F9B3	8000	80
7034	F9B9	8001	FC
7034	F9BE	8000	81
7034	F9C4	8001	14
7034	F9C9	8000	82
7034	F9CF	8001	A2
7034	F9D4	8000	83
7034	F9DA	8001	01
7034	F9DF	8000	84
7034	F9E5	8001	02
7034	F9EA	8000	85
7034	F9F0	8001	14
7034	F8DB	8000	87
7034	F9B3	8000	80
7034	F9B9	8001	FC
7034	F9BE	8000	81
7034	F9C4	8001	14
7034	F9C9	8000	82
7034	F9CF	8001	00
7034	F9D4	8000	83
7034	F9DA	8001	01
7034	F9DF	8000	84
7034	F9E5	8001	02
7034	F9EA	8000	85
7034	F9F0	8001	14
7034	F8DB	8000	87
7035	FE2D	8000	87
7035	FE30	8001	3C
7035	B058	8000	86
7035	B05B	8001	38
7035	B120	8000	00
7035	B123	8001	00
7035	B120	8000	00
7035	B123	8001	00
7035	FA23	8000	80
7035	FA29	8001	FC
7035	FA2E	8000	81
7035	FA34	8001	E2
7035	FA39	8000	82
7035	FA3F	8001	A2
7035	FA44	8000	83
7035	FA4A	8001	35
7035	FA4F	8000	84
7035	FA55	8001	B7
7035	FA5A	8000	85
7035	FA60	8001	BD
7035	FA83	8000	86
7035	FA88	8001	18
7035	FA8D	8000	87
7035	FA92	8001	19
7035	FA9A	8000	86
7035	FAA0	8001	28
7035	FAA5	8000	87
7035	FAAB	8001	29
7035	FAB6	8000	87
7035	F9B3	8000	80
7035	F9B9	8001	FC
7035	F9BE	8000	81
7035	F9C4	8001	14
7035	F9C9	8000	82
7035	F9CF	8001	A2
7035	F9D4	8000	83
7035	F9DA	8001	01
7035	F9DF	8000	84
7035	F9E5	8001	02
7035	F9EA	8000	85
7035	F9F0	8001	14
7035	F8DB	8000	87
7035	F9B3	8000	80
7035	F9B9	8001	FC
7035	F9BE	8000	81
7035	F9C4	8001	14
7035	F9C9	8000	82
7035	F9CF	8001	00
7035	F9D4	8000	83
7035	F9DA	8001	01
7035	F9DF	8000	84
7035	F9E5	8001	02
7035	F9EA	8000	85
7035	F9F0	8001	14
7035	F8DB	8000	87
7036	FE2D	8000	87
7036	FE30	8001	3C
7036	B058	8000	86
7036	B05B	8001	38
7036	B120	8000	00
7036	B123	8001	00
7036	B120	8000	00
7036	B123	8001	00
7036	FA23	8000	80
7036	FA29	8001	FC
7036	FA2E	8000	81
7036	FA34	8001	E2
7036	FA39	8000	82
7036	FA3F	8001	A2
7036	FA44	8000	83
7036	FA4A	8001	35
7036	FA4F	8000	84
7036	FA55	8001	B7
7036	FA5A	8000	85
7036	FA60	8001	BD
7036	FA83	8000	86
7036	FA88	8001	18
7036	FA8D	8000	87
7036	FA92	8001	19
7036	FA9A	8000	86
7036	FAA0	8001	28
7036	FAA5	8000	87
7036	FAAB	8001	29
7036	FAB6	8000	87
7036	F9B3	8000	80
7036	F9B9	8001	FC
7036	F9BE	8000	81
7036	F9C4	8001	14
7036	F9C9	8000	82
7036	F9CF	8001	A2
7036	F9D4	8000	83
7036	F9DA	8001	01
7036	F9DF	8000	84
7036	F9E5	8001	02
7036	F9EA	8000	85
7036	F9F0	8001	14
7036	F8DB	8000	87
7036	F9B3	8000	80
7036	F9B9	8001	FC
7036	F9BE	8000	81
7036	F9C4	8001	14
7036	F9C9	8000	82
7036	F9CF	8001	00
7036	F9D4	8000	83
7036	F9DA	8001	01
7036	F9DF	8000	84
7036	F9E5	8001	02
7036	F9EA	8000	85
7036	F9F0	8001	14
7036	F8DB	8000	87
7037	FE2D	8000	87
7037	FE30	8001	3C
7037	B058	8000	86
7037	B05B	8001	39
7037	B120	8000	00
7037	B123	8001	00
7037	B120	8000	00
7037	B123	8001	00
7037	FA23	8000	80
7037	FA29	8001	FC
7037	FA2E	8000	81
7037	FA34	8001	E2
7037	FA39	8000	82
7037	FA3F	8001	A2
7037	FA44	8000	83
7037	FA4A	8001	35
7037	FA4F	8000	84
7037	FA55	8001	B7
7037	FA5A	8000	85
7037	FA60	8001	BD
7037	FA83	8000	86
7037	FA88	8001	18
7037	FA8D	8000	87
7037	FA92	8001	19
7037	FA9A	8000	86
7037	FAA0	8001	28
7037	FAA5	8000	87
7037	FAAB	8001	29
7037	FAB6	8000	87
7037	F9B3	8000	80
7037	F9B9	8001	FC
7037	F9BE	8000	81
7037	F9C4	8001	14
7037	F9C9	8000	82
7037	F9CF	8001	A2
7037	F9D4	8000	83
7037	F9DA	8001	01
7037	F9DF	8000	84
7037	F9E5	8001	02
7037	F9EA	8000	85
7037	F9F0	8001	14
7037	F8DB	8000	87
7037	F9B3	8000	80
7037	F9B9	8001	FC
7037	F9BE	8000	81
7037	F9C4	8001	14
7037	F9C9	8000	82
7037	F9CF	8001	00
7037	F9D4	8000	83
7037	F9DA	8001	01
7037	F9DF	8000	84
7037	F9E5	8001	02
7037	F9EA	8000	85
7037	F9F0	8001	14
7037	F8DB	8000	87
7038	FE2D	8000	87
7038	FE30	8001	3C
7038	B058	8000	86
7038	B05B	8001	38
7038	B120	8000	00
7038	B123	8001	00
7038	B120	8000	00
7038	B123	8001	00
7038	FA23	8000	80
7038	FA29	8001	FC
7038	FA2E	8000	81
7038	FA34	8001	E2
7038	FA39	8000	82
7038	FA3F	8001	A2
7038	FA44	8000	83
7038	FA4A	8001	35
7038	FA4F	8000	84
7038	FA55	8001	B7
7038	FA5A	8000	85
7038	FA60	8001	BD
7038	FA83	8000	86
7038	FA88	8001	18
7038	FA8D	8000	87
7038	FA92	8001	19
7038	FA9A	8000	86
7038	FAA0	8001	28
7038	FAA5	8000	87
7038	FAAB	8001	29
7038	FAB6	8000	87
7038	F9B3	8000	80
7038	F9B9	8001	FC
7038	F9BE	8000	81
7038	F9C4	8001	14
7038	F9C9	8000	82
7038	F9CF	8001	A2
7038	F9D4	8000	83
7038	F9DA	8001	01
7038	F9DF	8000	84
7038	F9E5	8001	02
7038	F9EA	8000	85
7038	F9F0	8001	14
7038	F8DB	8000	87
7038	F9B3	8000	80
7038	F9B9	8001	FC
7038	F9BE	8000	81
7038	F9C4	8001	14
7038	F9C9	8000	82
7038	F9CF	8001	00
7038	F9D4	8000	83
7038	F9DA	8001	01
7038	F9DF	8000	84
7038	F9E5	8001	02
7038	F9EA	8000	85
7038	F9F0	8001	14
7038	F8DB	8000	87
7039	FA23	8000	80
7039	FA29	8001	FC
7039	FA2E	8000	81
7039	FA34	8001	E2
7039	FA39	8000	82
7039	FA3F	8001	A2
7039	FA44	8000	83
7039	FA4A	8001	35
7039	FA4F	8000	84
7039	FA55	8001	B7
7039	FA5A	8000	85
7039	FA60	8001	BD
7039	FADD	8000	86
7039	FAE2	8001	18
7039	FAE9	8000	87
7039	FAEE	8001	19
7039	FAF8	8000	86
7039	FAFE	8001	28
7039	FB05	8000	87
7039	FB0B	8001	29
7039	FDA9	8000	86
7039	FDB1	8001	06
7039	FDBA	8000	87
7039	FDC2	8001	07
7039	FDA9	8000	86
7039	FDB1	8001	2A
7039	FDBA	8000	87
7039	FDC2	8001	2B
7039	FDA9	8000	86
7039	FDB1	8001	2A
7039	FDBA	8000	87
7039	FDC2	8001	2B
7039	FC3F	8000	86
7039	FC48	8001	06
7039	FC4F	8000	87
7039	FC58	8001	07
7039	FDA9	8000	86
7039	FDB1	8001	18
7039	FDBA	8000	87
7039	FDC2	8001	19
7039	FDA9	8000	86
7039	FDB1	8001	28
7039	FDBA	8000	87
7039	FDC2	8001	29
7039	FDA9	8000	86
7039	FDB1	8001	28
7039	FDBA	8000	87
7039	FDC2	8001	29
7039	F9B3	8000	80
7039	F9B9	8001	FC
7039	F9BE	8000	81
7039	F9C4	8001	14
7039	F9C9	8000	82
7039	F9CF	8001	A2
7039	F9D4	8000	83
7039	F9DA	8001	01
7039	F9DF	8000	84
7039	F9E5	8001	02
7039	F9EA	8000	85
7039	F9F0	8001	14
7039	F8DB	8000	87
7039	F9B3	8000	80
7039	F9B9	8001	FC
7039	F9BE	8000	81
7039	F9C4	8001	14
7039	F9C9	8000	82
7039	F9CF	8001	00
7039	F9D4	8000	83
7039	F9DA	8001	01
7039	F9DF	8000	84
7039	F9E5	8001	02
7039	F9EA	8000	85
7039	F9F0	8001	14
7039	F8DB	8000	87
7040	FA23	8000	80
7040	FA29	8001	FC
7040	FA2E	8000	81
7040	FA34	8001	E2
7040	FA39	8000	82
7040	FA3F	8001	A2
7040	FA44	8000	83
7040	FA4A	8001	35
7040	FA4F	8000	84
7040	FA55	8001	B7
7040	FA5A	8000	85
7040	FA60	8001	BD
7040	FADD	8000	86
7040	FAE2	8001	18
7040	FAE9	8000	87
7040	FAEE	8001	19
7040	FAF8	8000	86
7040	FAFE	8001	28
7040	FB05	8000	87
7040	FB0B	8001	29
7040	FDA9	8000	86
7040	FDB1	8001	06
7040	FDBA	8000	87
7040	FDC2	8001	07
7040	FDA9	8000	86
7040	FDB1	8001	2A
7040	FDBA	8000	87
7040	FDC2	8001	2B
7040	FDA9	8000	86
7040	FDB1	8001	2A
7040	FDBA	8000	87
7040	FDC2	8001	2B
7040	FC3F	8000	86
7040	FC48	8001	06
7040	FC4F	8000	87
7040	FC58	8001	07
7040	FDA9	8000	86
7040	FDB1	8001	18
7040	FDBA	8000	87
7040	FDC2	8001	19
7040	FDA9	8000	86
7040	FDB1	8001	28
7040	FDBA	8000	87
7040	FDC2	8001	29
7040	FDA9	8000	86
7040	FDB1	8001	28
7040	FDBA	8000	87
7040	FDC2	8001	29
7040	F9B3	8000	80
7040	F9B9	8001	FC
7040	F9BE	8000	81
7040	F9C4	8001	14
7040	F9C9	8000	82
7040	F9CF	8001	A2
7040	F9D4	8000	83
7040	F9DA	8001	01
7040	F9DF	8000	84
7040	F9E5	8001	02
7040	F9EA	8000	85
7040	F9F0	8001	14
7040	F8DB	8000	87
7040	F9B3	8000	80
7040	F9B9	8001	FC
7040	F9BE	8000	81
7040	F9C4	8001	14
7040	F9C9	8000	82
7040	F9CF	8001	00
7040	F9D4	8000	83
7040	F9DA	8001	01
7040	F9DF	8000	84
7040	F9E5	8001	02
7040	F9EA	8000	85
7040	F9F0	8001	14
7040	F8DB	8000	87
7041	FA23	8000	80
7041	FA29	8001	FC
7041	FA2E	8000	81
7041	FA34	8001	E2
7041	FA39	8000	82
7041	FA3F	8001	A2
7041	FA44	8000	83
7041	FA4A	8001	35
7041	FA4F	8000	84
7041	FA55	8001	B7
7041	FA5A	8000	85
7041	FA60	8001	BD
7041	FADD	8000	86
7041	FAE2	8001	18
7041	FAE9	8000	87
7041	FAEE	8001	19
7041	FAF8	8000	86
7041	FAFE	8001	28
7041	FB05	8000	87
7041	FB0B	8001	29
7041	FDA9	8000	86
7041	FDB1	8001	06
7041	FDBA	8000	87
7041	FDC2	8001	07
7041	FC3F	8000	86
7041	FC48	8001	06
7041	FC4F	8000	87
7041	FC58	8001	07
7041	FDA9	8000	86
7041	FDB1	8001	18
7041	FDBA	8000	87
7041	FDC2	8001	19
7041	FDA9	8000	86
7041	FDB1	8001	28
7041	FDBA	8000	87
7041	FDC2	8001	29
7041	FDA9	8000	86
7041	FDB1	8001	28
7041	FDBA	8000	87
7041	FDC2	8001	29
7041	F9B3	8000	80
7041	F9B9	8001	FC
7041	F9BE	8000	81
7041	F9C4	8001	14
7041	F9C9	8000	82
7041	F9CF	8001	A2
7041	F9D4	8000	83
7041	F9DA	8001	01
7041	F9DF	8000	84
7041	F9E5	8001	02
7041	F9EA	8000	85
7041	F9F0	8001	14
7041	F8DB	8000	87
7041	F9B3	8000	80
7041	F9B9	8001	FC
7041	F9BE	8000	81
7041	F9C4	8001	14
7041	F9C9	8000	82
7041	F9CF	8001	00
7041	F9D4	8000	83
7041	F9DA	8001	01
7041	F9DF	8000	84
7041	F9E5	8001	02
7041	F9EA	8000	85
7041	F9F0	8001	14
7041	F8DB	8000	87
7042	FA23	8000	80
7042	FA29	8001	FC
7042	FA2E	8000	81
7042	FA34	8001	E2
7042	FA39	8000	82
7042	FA3F	8001	A2
7042	FA44	8000	83
7042	FA4A	8001	35
7042	FA4F	8000	84
7042	FA55	8001	B7
7042	FA5A	8000	85
7042	FA60	8001	BD
7042	FADD	8000	86
7042	FAE2	8001	18
7042	FAE9	8000	87
7042	FAEE	8001	19
7042	FAF8	8000	86
7042	FAFE	8001	28
7042	FB05	8000	87
7042	FB0B	8001	29
7042	FDA9	8000	86
7042	FDB1	8001	06
7042	FDBA	8000	87
7042	FDC2	8001	07
7042	FDA9	8000	86
7042	FDB1	8001	1C
7042	FDBA	8000	87
7042	FDC2	8001	1D
7042	FDA9	8000	86
7042	FDB1	8001	06
7042	FDBA	8000	87
7042	FDC2	8001	07
7042	FDA9	8000	86
7042	FDB1	8001	22
7042	FDBA	8000	87
7042	FDC2	8001	23
7042	FC3F	8000	86
7042	FC48	8001	06
7042	FC4F	8000	87
7042	FC58	8001	07
7042	FDA9	8000	86
7042	FDB1	8001	1C
7042	FDBA	8000	87
7042	FDC2	8001	1D
7042	FDA9	8000	86
7042	FDB1	8001	06
7042	FDBA	8000	87
7042	FDC2	8001	07
7042	FDA9	8000	86
7042	FDB1	8001	22
7042	FDBA	8000	87
7042	FDC2	8001	23
7042	FC3F	8000	86
7042	FC48	8001	06
7042	FC4F	8000	87
7042	FC58	8001	07
7042	FDA9	8000	86
7042	FDB1	8001	18
7042	FDBA	8000	87
7042	FDC2	8001	19
7042	FDA9	8000	86
7042	FDB1	8001	28
7042	FDBA	8000	87
7042	FDC2	8001	29
7042	FDA9	8000	86
7042	FDB1	8001	28
7042	FDBA	8000	87
7042	FDC2	8001	29
7042	F9B3	8000	80
7042	F9B9	8001	FC
7042	F9BE	8000	81
7042	F9C4	8001	14
7042	F9C9	8000	82
7042	F9CF	8001	A2
7042	F9D4	8000	83
7042	F9DA	8001	01
7042	F9DF	8000	84
7042	F9E5	8001	02
7042	F9EA	8000	85
7042	F9F0	8001	14
7042	F8DB	8000	87
7042	F9B3	8000	80
7042	F9B9	8001	FC
7042	F9BE	8000	81
7042	F9C4	8001	14
7042	F9C9	8000	82
7042	F9CF	8001	00
7042	F9D4	8000	83
7042	F9DA	8001	01
7042	F9DF	8000	84
7042	F9E5	8001	02
7042	F9EA	8000	85
7042	F9F0	8001	14
7042	F8DB	8000	87
7043	FA23	8000	80
7043	FA29	8001	FC
7043	FA2E	8000	81
7043	FA34	8001	E2
7043	FA39	8000	82
7043	FA3F	8001	A2
7043	FA44	8000	83
7043	FA4A	8001	35
7043	FA4F	8000	84
7043	FA55	8001	B7
7043	FA5A	8000	85
7043	FA60	8001	BD
7043	FADD	8000	86
7043	FAE2	8001	18
7043	FAE9	8000	87
7043	FAEE	8001	19
7043	FAF8	8000	86
7043	FAFE	8001	28
7043	FB05	8000	87
7043	FB0B	8001	29
7043	FDA9	8000	86
7043	FDB1	8001	06
7043	FDBA	8000	87
7043	FDC2	8001	07
7043	FDA9	8000	86
7043	FDB1	8001	22
7043	FDBA	8000	87
7043	FDC2	8001	23
7043	FDA9	8000	86
7043	FDB1	8001	08
7043	FDBA	8000	87
7043	FDC2	8001	09
7043	FDA9	8000	86
7043	FDB1	8001	08
7043	FDBA	8000	87
7043	FDC2	8001	09
7043	FDA9	8000	86
7043	FDB1	8001	08
7043	FDBA	8000	87
7043	FDC2	8001	09
7043	FDA9	8000	86
7043	FDB1	8001	08
7043	FDBA	8000	87
7043	FDC2	8001	09
7043	FDA9	8000	86
7043	FDB1	8001	08
7043	FDBA	8000	87
7043	FDC2	8001	09
7043	FDA9	8000	86
7043	FDB1	8001	08
7043	FDBA	8000	87
7043	FDC2	8001	09
7043	FC3F	8000	86
7043	FC48	8001	06
7043	FC4F	8000	87
7043	FC58	8001	07
7043	FDA9	8000	86
7043	FDB1	8001	18
7043	FDBA	8000	87
7043	FDC2	8001	19
7043	FDA9	8000	86
7043	FDB1	8001	28
7043	FDBA	8000	87
7043	FDC2	8001	29
7043	FDA9	8000	86
7043	FDB1	8001	28
7043	FDBA	8000	87
7043	FDC2	8001	29
7043	FDA9	8000	86
7043	FDB1	8001	08
7043	FDBA	8000	87
7043	FDC2	8001	09
7043	F9B3	8000	80
7043	F9B9	8001	FC
7043	F9BE	8000	81
7043	F9C4	8001	14
7043	F9C9	8000	82
7043	F9CF	8001	A2
7043	F9D4	8000	83
7043	F9DA	8001	01
7043	F9DF	8000	84
7043	F9E5	8001	02
7043	F9EA	8000	85
7043	F9F0	8001	14
7043	F8DB	8000	87
7043	F9B3	8000	80
7043	F9B9	8001	FC
7043	F9BE	8000	81
7043	F9C4	8001	14
7043	F9C9	8000	82
7043	F9CF	8001	00
7043	F9D4	8000	83
7043	F9DA	8001	01
7043	F9DF	8000	84
7043	F9E5	8001	02
7043	F9EA	8000	85
7043	F9F0	8001	14
7043	F8DB	8000	87
7043	FDA9	8000	86
7043	FDB1	8001	08
7043	FDBA	8000	87
7043	FDC2	8001	09
7044	FA23	8000	80
7044	FA29	8001	FC
7044	FA2E	8000	81
7044	FA34	8001	E2
7044	FA39	8000	82
7044	FA3F	8001	A2
7044	FA44	8000	83
7044	FA4A	8001	35
7044	FA4F	8000	84
7044	FA55	8001	B7
7044	FA5A	8000	85
7044	FA60	8001	BD
7044	FADD	8000	86
7044	FAE2	8001	18
7044	FAE9	8000	87
7044	FAEE	8001	19
7044	BF0A	8000	86
7044	C8E1	8001	00
7044	C8E6	8000	87
7044	C8EB	8001	01
7044	C900	8000	86
7044	C905	8001	18
7044	C90A	8000	87
7044	C90F	8001	19
7044	BF0A	8000	86
7044	C8E1	8001	00
7044	C8E6	8000	87
7044	C8EB	8001	01
7044	C900	8000	86
7044	C905	8001	18
7044	C90A	8000	87
7044	C90F	8001	19
7044	BF0A	8000	86
7044	C8E1	8001	00
7044	C8E6	8000	87
7044	C8EB	8001	01
7044	C900	8000	86
7044	C905	8001	18
7044	C90A	8000	87
7044	C90F	8001	19
7044	FAF8	8000	86
7044	FAFE	8001	08
7044	FB05	8000	87
7044	FB0B	8001	09
7044	FDA9	8000	86
7044	FDB1	8001	06
7044	FDBA	8000	87
7044	FDC2	8001	07
7044	FDA9	8000	86
7044	FDB1	8001	22
7044	FDBA	8000	87
7044	FDC2	8001	23
7044	FDA9	8000	86
7044	FDB1	8001	08
7044	FDBA	8000	87
7044	FDC2	8001	09
7044	FDA9	8000	86
7044	FDB1	8001	08
7044	FDBA	8000	87
7044	FDC2	8001	09
7044	FDA9	8000	86
7044	FDB1	8001	08
7044	FDBA	8000	87
7044	FDC2	8001	09
7044	FDA9	8000	86
7044	FDB1	8001	08
7044	FDBA	8000	87
7044	FDC2	8001	09
7044	FDA9	8000	86
7044	FDB1	8001	08
7044	FDBA	8000	87
7044	FDC2	8001	09
7044	FDA9	8000	86
7044	FDB1	8001	08
7044	FDBA	8000	87
7044	FDC2	8001	09
7044	FC3F	8000	86
7044	FC48	8001	06
7044	FC4F	8000	87
7044	FC58	8001	07
7044	FDA9	8000	86
7044	FDB1	8001	18
7044	FDBA	8000	87
7044	FDC2	8001	19
7044	FDA9	8000	86
7044	FDB1	8001	28
7044	FDBA	8000	87
7044	FDC2	8001	29
7044	F9B3	8000	80
7044	F9B9	8001	FC
7044	F9BE	8000	81
7044	F9C4	8001	14
7044	F9C9	8000	82
7044	F9CF	8001	A2
7044	F9D4	8000	83
7044	F9DA	8001	01
7044	F9DF	8000	84
7044	F9E5	8001	02
7044	F9EA	8000	85
7044	F9F0	8001	14
7044	F8DB	8000	87
7044	FDA9	8000	86
7044	FDB1	8001	28
7044	FDBA	8000	87
7044	FDC2	8001	29
7044	F9B3	8000	80
7044	F9B9	8001	FC
7044	F9BE	8000	81
7044	F9C4	8001	14
7044	F9C9	8000	82
7044	F9CF	8001	00
7044	F9D4	8000	83
7044	F9DA	8001	01
7044	F9DF	8000	84
7044	F9E5	8001	02
7044	F9EA	8000	85
7044	F9F0	8001	14
7044	F8DB	8000	87
7044	FDA9	8000	86
7044	FDB1	8001	08
7044	FDBA	8000	87
7044	FDC2	8001	09
7044	FDA9	8000	86
7044	FDB1	8001	08
7044	FDBA	8000	87
7044	FDC2	8001	09
7045	FA23	8000	80
7045	FA29	8001	FC
7045	FA2E	8000	81
7045	FA34	8001	E2
7045	FA39	8000	82
7045	FA3F	8001	A2
7045	FA44	8000	83
7045	FA4A	8001	35
7045	FA4F	8000	84
7045	FA55	8001	B7
7045	FA5A	8000	85
7045	FA60	8001	BD
7045	FADD	8000	86
7045	FAE2	8001	18
7045	FAE9	8000	87
7045	FAEE	8001	19
7045	FAF8	8000	86
7045	FAFE	8001	08
7045	FB05	8000	87
7045	FB0B	8001	09
7045	FDA9	8000	86
7045	FDB1	8001	06
7045	FDBA	8000	87
7045	FDC2	8001	07
7045	FDA9	8000	86
7045	FDB1	8001	22
7045	FDBA	8000	87
7045	FDC2	8001	23
7045	FDA9	8000	86
7045	FDB1	8001	08
7045	FDBA	8000	87
7045	FDC2	8001	09
7045	FDA9	8000	86
7045	FDB1	8001	08
7045	FDBA	8000	87
7045	FDC2	8001	09
7045	FDA9	8000	86
7045	FDB1	8001	08
7045	FDBA	8000	87
7045	FDC2	8001	09
7045	FDA9	8000	86
7045	FDB1	8001	08
7045	FDBA	8000	87
7045	FDC2	8001	09
7045	FDA9	8000	86
7045	FDB1	8001	08
7045	FDBA	8000	87
7045	FDC2	8001	09
7045	FDA9	8000	86
7045	FDB1	8001	08
7045	FDBA	8000	87
7045	FDC2	8001	09
7045	FC3F	8000	86
7045	FC48	8001	06
7045	FC4F	8000	87
7045	FC58	8001	07
7045	FDA9	8000	86
7045	FDB1	8001	18
7045	FDBA	8000	87
7045	FDC2	8001	19
7045	FDA9	8000	86
7045	FDB1	8001	28
7045	FDBA	8000	87
7045	FDC2	8001	29
7045	FDA9	8000	86
7045	FDB1	8001	28
7045	FDBA	8000	87
7045	FDC2	8001	29
7045	FDA9	8000	86
7045	FDB1	8001	08
7045	FDBA	8000	87
7045	FDC2	8001	09
7045	F9B3	8000	80
7045	F9B9	8001	FC
7045	F9BE	8000	81
7045	F9C4	8001	14
7045	F9C9	8000	82
7045	F9CF	8001	A2
7045	F9D4	8000	83
7045	F9DA	8001	01
7045	F9DF	8000	84
7045	F9E5	8001	02
7045	F9EA	8000	85
7045	F9F0	8001	14
7045	F8DB	8000	87
7045	F9B3	8000	80
7045	F9B9	8001	FC
7045	F9BE	8000	81
7045	F9C4	8001	14
7045	F9C9	8000	82
7045	F9CF	8001	00
7045	F9D4	8000	83
7045	F9DA	8001	01
7045	F9DF	8000	84
7045	F9E5	8001	02
7045	F9EA	8000	85
7045	F9F0	8001	14
7045	F8DB	8000	87
7045	FDA9	8000	86
7045	FDB1	8001	08
7045	FDBA	8000	87
7045	FDC2	8001	09
7046	FA23	8000	80
7046	FA29	8001	FC
7046	FA2E	8000	81
7046	FA34	8001	E2
7046	FA39	8000	82
7046	FA3F	8001	A2
7046	FA44	8000	83
7046	FA4A	8001	35
7046	FA4F	8000	84
7046	FA55	8001	B7
7046	FA5A	8000	85
7046	FA60	8001	BD
7046	FADD	8000	86
7046	FAE2	8001	18
7046	FAE9	8000	87
7046	FAEE	8001	19
7046	FAF8	8000	86
7046	FAFE	8001	08
7046	FB05	8000	87
7046	FB0B	8001	09
7046	FDA9	8000	86
7046	FDB1	8001	06
7046	FDBA	8000	87
7046	FDC2	8001	07
7046	FDA9	8000	86
7046	FDB1	8001	22
7046	FDBA	8000	87
7046	FDC2	8001	23
7046	FDA9	8000	86
7046	FDB1	8001	08
7046	FDBA	8000	87
7046	FDC2	8001	09
7046	FDA9	8000	86
7046	FDB1	8001	08
7046	FDBA	8000	87
7046	FDC2	8001	09
7046	FDA9	8000	86
7046	FDB1	8001	08
7046	FDBA	8000	87
7046	FDC2	8001	09
7046	FDA9	8000	86
7046	FDB1	8001	08
7046	FDBA	8000	87
7046	FDC2	8001	09
7046	FDA9	8000	86
7046	FDB1	8001	08
7046	FDBA	8000	87
7046	FDC2	8001	09
7046	FDA9	8000	86
7046	FDB1	8001	08
7046	FDBA	8000	87
7046	FDC2	8001	09
7046	FC3F	8000	86
7046	FC48	8001	06
7046	FC4F	8000	87
7046	FC58	8001	07
7046	FDA9	8000	86
7046	FDB1	8001	18
7046	FDBA	8000	87
7046	FDC2	8001	19
7046	FDA9	8000	86
7046	FDB1	8001	28
7046	FDBA	8000	87
7046	FDC2	8001	29
7046	FDA9	8000	86
7046	FDB1	8001	28
7046	FDBA	8000	87
7046	FDC2	8001	29
7046	FDA9	8000	86
7046	FDB1	8001	08
7046	FDBA	8000	87
7046	FDC2	8001	09
7046	F9B3	8000	80
7046	F9B9	8001	FC
7046	F9BE	8000	81
7046	F9C4	8001	14
7046	F9C9	8000	82
7046	F9CF	8001	A2
7046	F9D4	8000	83
7046	F9DA	8001	01
7046	F9DF	8000	84
7046	F9E5	8001	02
7046	F9EA	8000	85
7046	F9F0	8001	14
7046	F8DB	8000	87
7046	F9B3	8000	80
7046	F9B9	8001	FC
7046	F9BE	8000	81
7046	F9C4	8001	14
7046	F9C9	8000	82
7046	F9CF	8001	00
7046	F9D4	8000	83
7046	F9DA	8001	01
7046	F9DF	8000	84
7046	F9E5	8001	02
7046	F9EA	8000	85
7046	F9F0	8001	14
7046	F8DB	8000	87
7046	FDA9	8000	86
7046	FDB1	8001	08
7046	FDBA	8000	87
7046	FDC2	8001	09
7047	FA23	8000	80
7047	FA29	8001	FC
7047	FA2E	8000	81
7047	FA34	8001	E2
7047	FA39	8000	82
7047	FA3F	8001	A2
7047	FA44	8000	83
7047	FA4A	8001	35
7047	FA4F	8000	84
7047	FA55	8001	B7
7047	FA5A	8000	85
7047	FA60	8001	BD
7047	FADD	8000	86
7047	FAE2	8001	18
7047	FAE9	8000	87
7047	FAEE	8001	19
7047	FAF8	8000	86
7047	FAFE	8001	08
7047	FB05	8000	87
7047	FB0B	8001	09
7047	FDA9	8000	86
7047	FDB1	8001	06
7047	FDBA	8000	87
7047	FDC2	8001	07
7047	FDA9	8000	86
7047	FDB1	8001	22
7047	FDBA	8000	87
7047	FDC2	8001	23
7047	FDA9	8000	86
7047	FDB1	8001	08
7047	FDBA	8000	87
7047	FDC2	8001	09
7047	FDA9	8000	86
7047	FDB1	8001	08
7047	FDBA	8000	87
7047	FDC2	8001	09
7047	FDA9	8000	86
7047	FDB1	8001	08
7047	FDBA	8000	87
7047	FDC2	8001	09
7047	FDA9	8000	86
7047	FDB1	8001	08
7047	FDBA	8000	87
7047	FDC2	8001	09
7047	FDA9	8000	86
7047	FDB1	8001	08
7047	FDBA	8000	87
7047	FDC2	8001	09
7047	FDA9	8000	86
7047	FDB1	8001	08
7047	FDBA	8000	87
7047	FDC2	8001	09
7047	FC3F	8000	86
7047	FC48	8001	06
7047	FC4F	8000	87
7047	FC58	8001	07
7047	FDA9	8000	86
7047	FDB1	8001	18
7047	FDBA	8000	87
7047	FDC2	8001	19
7047	FDA9	8000	86
7047	FDB1	8001	28
7047	FDBA	8000	87
7047	FDC2	8001	29
7047	FDA9	8000	86
7047	FDB1	8001	28
7047	FDBA	8000	87
7047	FDC2	8001	29
7047	FDA9	8000	86
7047	FDB1	8001	08
7047	FDBA	8000	87
7047	FDC2	8001	09
7047	F9B3	8000	80
7047	F9B9	8001	FC
7047	F9BE	8000	81
7047	F9C4	8001	14
7047	F9C9	8000	82
7047	F9CF	8001	A2
7047	F9D4	8000	83
7047	F9DA	8001	01
7047	F9DF	8000	84
7047	F9E5	8001	02
7047	F9EA	8000	85
7047	F9F0	8001	14
7047	F8DB	8000	87
7047	F9B3	8000	80
7047	F9B9	8001	FC
7047	F9BE	8000	81
7047	F9C4	8001	14
7047	F9C9	8000	82
7047	F9CF	8001	00
7047	F9D4	8000	83
7047	F9DA	8001	01
7047	F9DF	8000	84
7047	F9E5	8001	02
7047	F9EA	8000	85
7047	F9F0	8001	14
7047	F8DB	8000	87
7047	FDA9	8000	86
7047	FDB1	8001	08
7047	FDBA	8000	87
7047	FDC2	8001	09
7048	FA23	8000	80
7048	FA29	8001	FC
7048	FA2E	8000	81
7048	FA34	8001	E2
7048	FA39	8000	82
7048	FA3F	8001	A2
7048	FA44	8000	83
7048	FA4A	8001	35
7048	FA4F	8000	84
7048	FA55	8001	B7
7048	FA5A	8000	85
7048	FA60	8001	BD
7048	FADD	8000	86
7048	FAE2	8001	18
7048	FAE9	8000	87
7048	FAEE	8001	19
7048	FAF8	8000	86
7048	FAFE	8001	08
7048	FB05	8000	87
7048	FB0B	8001	09
7048	FDA9	8000	86
7048	FDB1	8001	06
7048	FDBA	8000	87
7048	FDC2	8001	07
7048	FDA9	8000	86
7048	FDB1	8001	22
7048	FDBA	8000	87
7048	FDC2	8001	23
7048	FDA9	8000	86
7048	FDB1	8001	08
7048	FDBA	8000	87
7048	FDC2	8001	09
7048	FDA9	8000	86
7048	FDB1	8001	08
7048	FDBA	8000	87
7048	FDC2	8001	09
7048	FDA9	8000	86
7048	FDB1	8001	08
7048	FDBA	8000	87
7048	FDC2	8001	09
7048	FDA9	8000	86
7048	FDB1	8001	08
7048	FDBA	8000	87
7048	FDC2	8001	09
7048	FDA9	8000	86
7048	FDB1	8001	08
7048	FDBA	8000	87
7048	FDC2	8001	09
7048	FDA9	8000	86
7048	FDB1	8001	08
7048	FDBA	8000	87
7048	FDC2	8001	09
7048	FC3F	8000	86
7048	FC48	8001	06
7048	FC4F	8000	87
7048	FC58	8001	07
7048	FDA9	8000	86
7048	FDB1	8001	18
7048	FDBA	8000	87
7048	FDC2	8001	19
7048	FDA9	8000	86
7048	FDB1	8001	28
7048	FDBA	8000	87
7048	FDC2	8001	29
7048	FDA9	8000	86
7048	FDB1	8001	28
7048	FDBA	8000	87
7048	FDC2	8001	29
7048	FDA9	8000	86
7048	FDB1	8001	08
7048	FDBA	8000	87
7048	FDC2	8001	09
7048	F9B3	8000	80
7048	F9B9	8001	FC
7048	F9BE	8000	81
7048	F9C4	8001	14
7048	F9C9	8000	82
7048	F9CF	8001	A2
7048	F9D4	8000	83
7048	F9DA	8001	01
7048	F9DF	8000	84
7048	F9E5	8001	02
7048	F9EA	8000	85
7048	F9F0	8001	14
7048	F8DB	8000	87
7048	F9B3	8000	80
7048	F9B9	8001	FC
7048	F9BE	8000	81
7048	F9C4	8001	14
7048	F9C9	8000	82
7048	F9CF	8001	00
7048	F9D4	8000	83
7048	F9DA	8001	01
7048	F9DF	8000	84
7048	F9E5	8001	02
7048	F9EA	8000	85
7048	F9F0	8001	14
7048	F8DB	8000	87
7048	FDA9	8000	86
7048	FDB1	8001	08
7048	FDBA	8000	87
7048	FDC2	8001	09
7049	FA23	8000	80
7049	FA29	8001	FC
7049	FA2E	8000	81
7049	FA34	8001	E2
7049	FA39	8000	82
7049	FA3F	8001	A2
7049	FA44	8000	83
7049	FA4A	8001	35
7049	FA4F	8000	84
7049	FA55	8001	B7
7049	FA5A	8000	85
7049	FA60	8001	BD
7049	FADD	8000	86
7049	FAE2	8001	18
7049	FAE9	8000	87
7049	FAEE	8001	19
7049	FAF8	8000	86
7049	FAFE	8001	08
7049	FB05	8000	87
7049	FB0B	8001	09
7049	FDA9	8000	86
7049	FDB1	8001	06
7049	FDBA	8000	87
7049	FDC2	8001	07
7049	FDA9	8000	86
7049	FDB1	8001	22
7049	FDBA	8000	87
7049	FDC2	8001	23
7049	FDA9	8000	86
7049	FDB1	8001	08
7049	FDBA	8000	87
7049	FDC2	8001	09
7049	FDA9	8000	86
7049	FDB1	8001	08
7049	FDBA	8000	87
7049	FDC2	8001	09
7049	FDA9	8000	86
7049	FDB1	8001	08
7049	FDBA	8000	87
7049	FDC2	8001	09
7049	FDA9	8000	86
7049	FDB1	8001	08
7049	FDBA	8000	87
7049	FDC2	8001	09
7049	FDA9	8000	86
7049	FDB1	8001	08
7049	FDBA	8000	87
7049	FDC2	8001	09
7049	FDA9	8000	86
7049	FDB1	8001	08
7049	FDBA	8000	87
7049	FDC2	8001	09
7049	FC3F	8000	86
7049	FC48	8001	06
7049	FC4F	8000	87
7049	FC58	8001	07
7049	FDA9	8000	86
7049	FDB1	8001	18
7049	FDBA	8000	87
7049	FDC2	8001	19
7049	FDA9	8000	86
7049	FDB1	8001	28
7049	FDBA	8000	87
7049	FDC2	8001	29
7049	FDA9	8000	86
7049	FDB1	8001	28
7049	FDBA	8000	87
7049	FDC2	8001	29
7049	FDA9	8000	86
7049	FDB1	8001	08
7049	FDBA	8000	87
7049	FDC2	8001	09
7049	F9B3	8000	80
7049	F9B9	8001	FC
7049	F9BE	8000	81
7049	F9C4	8001	14
7049	F9C9	8000	82
7049	F9CF	8001	A2
7049	F9D4	8000	83
7049	F9DA	8001	01
7049	F9DF	8000	84
7049	F9E5	8001	02
7049	F9EA	8000	85
7049	F9F0	8001	14
7049	F8DB	8000	87
7049	FDA9	8000	86
7049	FDB1	8001	08
7049	FDBA	8000	87
7049	FDC2	8001	09
7049	F9B3	8000	80
7049	F9B9	8001	FC
7049	F9BE	8000	81
7049	F9C4	8001	14
7049	F9C9	8000	82
7049	F9CF	8001	00
7049	F9D4	8000	83
7049	F9DA	8001	01
7049	F9DF	8000	84
7049	F9E5	8001	02
7049	F9EA	8000	85
7049	F9F0	8001	14
7049	F8DB	8000	87
7050	FA23	8000	80
7050	FA29	8001	FC
7050	FA2E	8000	81
7050	FA34	8001	E2
7050	FA39	8000	82
7050	FA3F	8001	A2
7050	FA44	8000	83
7050	FA4A	8001	35
7050	FA4F	8000	84
7050	FA55	8001	B7
7050	FA5A	8000	85
7050	FA60	8001	BD
7050	FADD	8000	86
7050	FAE2	8001	18
7050	FAE9	8000	87
7050	FAEE	8001	19
7050	FAF8	8000	86
7050	FAFE	8001	08
7050	FB05	8000	87
7050	FB0B	8001	09
7050	FDA9	8000	86
7050	FDB1	8001	06
7050	FDBA	8000	87
7050	FDC2	8001	07
7050	FDA9	8000	86
7050	FDB1	8001	22
7050	FDBA	8000	87
7050	FDC2	8001	23
7050	FDA9	8000	86
7050	FDB1	8001	08
7050	FDBA	8000	87
7050	FDC2	8001	09
7050	FDA9	8000	86
7050	FDB1	8001	08
7050	FDBA	8000	87
7050	FDC2	8001	09
7050	FDA9	8000	86
7050	FDB1	8001	08
7050	FDBA	8000	87
7050	FDC2	8001	09
7050	FDA9	8000	86
7050	FDB1	8001	08
7050	FDBA	8000	87
7050	FDC2	8001	09
7050	FDA9	8000	86
7050	FDB1	8001	08
7050	FDBA	8000	87
7050	FDC2	8001	09
7050	FDA9	8000	86
7050	FDB1	8001	08
7050	FDBA	8000	87
7050	FDC2	8001	09
7050	FC3F	8000	86
7050	FC48	8001	06
7050	FC4F	8000	87
7050	FC58	8001	07
7050	FDA9	8000	86
7050	FDB1	8001	18
7050	FDBA	8000	87
7050	FDC2	8001	19
7050	FDA9	8000	86
7050	FDB1	8001	28
7050	FDBA	8000	87
7050	FDC2	8001	29
7050	FDA9	8000	86
7050	FDB1	8001	28
7050	FDBA	8000	87
7050	FDC2	8001	29
7050	FDA9	8000	86
7050	FDB1	8001	08
7050	FDBA	8000	87
7050	FDC2	8001	09
7050	FDA9	8000	86
7050	FDB1	8001	08
7050	FDBA	8000	87
7050	FDC2	8001	09
7050	F9B3	8000	80
7050	F9B9	8001	FC
7050	F9BE	8000	81
7050	F9C4	8001	14
7050	F9C9	8000	82
7050	F9CF	8001	A2
7050	F9D4	8000	83
7050	F9DA	8001	01
7050	F9DF	8000	84
7050	F9E5	8001	02
7050	F9EA	8000	85
7050	F9F0	8001	14
7050	F8DB	8000	87
7050	F9B3	8000	80
7050	F9B9	8001	FC
7050	F9BE	8000	81
7050	F9C4	8001	14
7050	F9C9	8000	82
7050	F9CF	8001	00
7050	F9D4	8000	83
7050	F9DA	8001	01
7050	F9DF	8000	84
7050	F9E5	8001	02
7050	F9EA	8000	85
7050	F9F0	8001	14
7050	F8DB	8000	87
7051	FA23	8000	80
7051	FA29	8001	FC
7051	FA2E	8000	81
7051	FA34	8001	E2
7051	FA39	8000	82
7051	FA3F	8001	A2
7051	FA44	8000	83
7051	FA4A	8001	35
7051	FA4F	8000	84
7051	FA55	8001	B7
7051	FA5A	8000	85
7051	FA60	8001	BD
7051	FADD	8000	86
7051	FAE2	8001	18
7051	FAE9	8000	87
7051	FAEE	8001	19
7051	FAF8	8000	86
7051	FAFE	8001	08
7051	FB05	8000	87
7051	FB0B	8001	09
7051	FDA9	8000	86
7051	FDB1	8001	06
7051	FDBA	8000	87
7051	FDC2	8001	07
7051	FDA9	8000	86
7051	FDB1	8001	22
7051	FDBA	8000	87
7051	FDC2	8001	23
7051	FDA9	8000	86
7051	FDB1	8001	08
7051	FDBA	8000	87
7051	FDC2	8001	09
7051	FDA9	8000	86
7051	FDB1	8001	08
7051	FDBA	8000	87
7051	FDC2	8001	09
7051	FDA9	8000	86
7051	FDB1	8001	08
7051	FDBA	8000	87
7051	FDC2	8001	09
7051	FDA9	8000	86
7051	FDB1	8001	08
7051	FDBA	8000	87
7051	FDC2	8001	09
7051	FDA9	8000	86
7051	FDB1	8001	08
7051	FDBA	8000	87
7051	FDC2	8001	09
7051	FDA9	8000	86
7051	FDB1	8001	08
7051	FDBA	8000	87
7051	FDC2	8001	09
7051	FC3F	8000	86
7051	FC48	8001	06
7051	FC4F	8000	87
7051	FC58	8001	07
7051	FDA9	8000	86
7051	FDB1	8001	18
7051	FDBA	8000	87
7051	FDC2	8001	19
7051	FDA9	8000	86
7051	FDB1	8001	28
7051	FDBA	8000	87
7051	FDC2	8001	29
7051	FDA9	8000	86
7051	FDB1	8001	28
7051	FDBA	8000	87
7051	FDC2	8001	29
7051	FDA9	8000	86
7051	FDB1	8001	08
7051	FDBA	8000	87
7051	FDC2	8001	09
7051	F9B3	8000	80
7051	F9B9	8001	FC
7051	F9BE	8000	81
7051	F9C4	8001	14
7051	F9C9	8000	82
7051	F9CF	8001	A2
7051	F9D4	8000	83
7051	F9DA	8001	01
7051	F9DF	8000	84
7051	F9E5	8001	02
7051	F9EA	8000	85
7051	F9F0	8001	14
7051	F8DB	8000	87
7051	F9B3	8000	80
7051	F9B9	8001	FC
7051	F9BE	8000	81
7051	F9C4	8001	14
7051	F9C9	8000	82
7051	F9CF	8001	00
7051	F9D4	8000	83
7051	F9DA	8001	01
7051	F9DF	8000	84
7051	F9E5	8001	02
7051	F9EA	8000	85
7051	F9F0	8001	14
7051	F8DB	8000	87
7051	FDA9	8000	86
7051	FDB1	8001	08
7051	FDBA	8000	87
7051	FDC2	8001	09
7052	FA23	8000	80
7052	FA29	8001	FC
7052	FA2E	8000	81
7052	FA34	8001	E2
7052	FA39	8000	82
7052	FA3F	8001	A2
7052	FA44	8000	83
7052	FA4A	8001	35
7052	FA4F	8000	84
7052	FA55	8001	B7
7052	FA5A	8000	85
7052	FA60	8001	BD
7052	FADD	8000	86
7052	FAE2	8001	18
7052	FAE9	8000	87
7052	FAEE	8001	19
7052	FAF8	8000	86
7052	FAFE	8001	08
7052	FB05	8000	87
7052	FB0B	8001	09
7052	FDA9	8000	86
7052	FDB1	8001	06
7052	FDBA	8000	87
7052	FDC2	8001	07
7052	FDA9	8000	86
7052	FDB1	8001	22
7052	FDBA	8000	87
7052	FDC2	8001	23
7052	FDA9	8000	86
7052	FDB1	8001	08
7052	FDBA	8000	87
7052	FDC2	8001	09
7052	FDA9	8000	86
7052	FDB1	8001	08
7052	FDBA	8000	87
7052	FDC2	8001	09
7052	FDA9	8000	86
7052	FDB1	8001	08
7052	FDBA	8000	87
7052	FDC2	8001	09
7052	FDA9	8000	86
7052	FDB1	8001	08
7052	FDBA	8000	87
7052	FDC2	8001	09
7052	FDA9	8000	86
7052	FDB1	8001	08
7052	FDBA	8000	87
7052	FDC2	8001	09
7052	FDA9	8000	86
7052	FDB1	8001	08
7052	FDBA	8000	87
7052	FDC2	8001	09
7052	FC3F	8000	86
7052	FC48	8001	06
7052	FC4F	8000	87
7052	FC58	8001	07
7052	FDA9	8000	86
7052	FDB1	8001	18
7052	FDBA	8000	87
7052	FDC2	8001	19
7052	FDA9	8000	86
7052	FDB1	8001	28
7052	FDBA	8000	87
7052	FDC2	8001	29
7052	FDA9	8000	86
7052	FDB1	8001	28
7052	FDBA	8000	87
7052	FDC2	8001	29
7052	FDA9	8000	86
7052	FDB1	8001	08
7052	FDBA	8000	87
7052	FDC2	8001	09
7052	F9B3	8000	80
7052	F9B9	8001	FC
7052	F9BE	8000	81
7052	F9C4	8001	14
7052	F9C9	8000	82
7052	F9CF	8001	A2
7052	F9D4	8000	83
7052	F9DA	8001	01
7052	F9DF	8000	84
7052	F9E5	8001	02
7052	F9EA	8000	85
7052	F9F0	8001	14
7052	F8DB	8000	87
7052	F9B3	8000	80
7052	F9B9	8001	FC
7052	F9BE	8000	81
7052	F9C4	8001	14
7052	F9C9	8000	82
7052	F9CF	8001	00
7052	F9D4	8000	83
7052	F9DA	8001	01
7052	F9DF	8000	84
7052	F9E5	8001	02
7052	F9EA	8000	85
7052	F9F0	8001	14
7052	F8DB	8000	87
7052	FDA9	8000	86
7052	FDB1	8001	08
7052	FDBA	8000	87
7052	FDC2	8001	09
7053	FA23	8000	80
7053	FA29	8001	FC
7053	FA2E	8000	81
7053	FA34	8001	E2
7053	FA39	8000	82
7053	FA3F	8001	A2
7053	FA44	8000	83
7053	FA4A	8001	35
7053	FA4F	8000	84
7053	FA55	8001	B7
7053	FA5A	8000	85
7053	FA60	8001	BD
7053	FADD	8000	86
7053	FAE2	8001	18
7053	FAE9	8000	87
7053	FAEE	8001	19
7053	FAF8	8000	86
7053	FAFE	8001	08
7053	FB05	8000	87
7053	FB0B	8001	09
7053	FDA9	8000	86
7053	FDB1	8001	06
7053	FDBA	8000	87
7053	FDC2	8001	07
7053	FDA9	8000	86
7053	FDB1	8001	22
7053	FDBA	8000	87
7053	FDC2	8001	23
7053	FDA9	8000	86
7053	FDB1	8001	08
7053	FDBA	8000	87
7053	FDC2	8001	09
7053	FDA9	8000	86
7053	FDB1	8001	08
7053	FDBA	8000	87
7053	FDC2	8001	09
7053	FDA9	8000	86
7053	FDB1	8001	08
7053	FDBA	8000	87
7053	FDC2	8001	09
7053	FDA9	8000	86
7053	FDB1	8001	08
7053	FDBA	8000	87
7053	FDC2	8001	09
7053	FDA9	8000	86
7053	FDB1	8001	08
7053	FDBA	8000	87
7053	FDC2	8001	09
7053	FDA9	8000	86
7053	FDB1	8001	08
7053	FDBA	8000	87
7053	FDC2	8001	09
7053	FC3F	8000	86
7053	FC48	8001	06
7053	FC4F	8000	87
7053	FC58	8001	07
7053	FDA9	8000	86
7053	FDB1	8001	18
7053	FDBA	8000	87
7053	FDC2	8001	19
7053	FDA9	8000	86
7053	FDB1	8001	28
7053	FDBA	8000	87
7053	FDC2	8001	29
7053	FDA9	8000	86
7053	FDB1	8001	28
7053	FDBA	8000	87
7053	FDC2	8001	29
7053	FDA9	8000	86
7053	FDB1	8001	08
7053	FDBA	8000	87
7053	FDC2	8001	09
7053	F9B3	8000	80
7053	F9B9	8001	FC
7053	F9BE	8000	81
7053	F9C4	8001	14
7053	F9C9	8000	82
7053	F9CF	8001	A2
7053	F9D4	8000	83
7053	F9DA	8001	01
7053	F9DF	8000	84
7053	F9E5	8001	02
7053	F9EA	8000	85
7053	F9F0	8001	14
7053	F8DB	8000	87
7053	F9B3	8000	80
7053	F9B9	8001	FC
7053	F9BE	8000	81
7053	F9C4	8001	14
7053	F9C9	8000	82
7053	F9CF	8001	00
7053	F9D4	8000	83
7053	F9DA	8001	01
7053	F9DF	8000	84
7053	F9E5	8001	02
7053	F9EA	8000	85
7053	F9F0	8001	14
7053	F8DB	8000	87
7053	FDA9	8000	86
7053	FDB1	8001	08
7053	FDBA	8000	87
7053	FDC2	8001	09
7054	FA23	8000	80
7054	FA29	8001	FC
7054	FA2E	8000	81
7054	FA34	8001	E2
7054	FA39	8000	82
7054	FA3F	8001	A2
7054	FA44	8000	83
7054	FA4A	8001	35
7054	FA4F	8000	84
7054	FA55	8001	B7
7054	FA5A	8000	85
7054	FA60	8001	BD
7054	FADD	8000	86
7054	FAE2	8001	18
7054	FAE9	8000	87
7054	FAEE	8001	19
7054	BF0A	8000	86
7054	C8E1	8001	00
7054	C8E6	8000	87
7054	C8EB	8001	01
7054	C900	8000	86
7054	C905	8001	18
7054	C90A	8000	87
7054	C90F	8001	19
7054	BF0A	8000	86
7054	C8E1	8001	00
7054	C8E6	8000	87
7054	C8EB	8001	01
7054	C900	8000	86
7054	C905	8001	18
7054	C90A	8000	87
7054	C90F	8001	19
7054	FAF8	8000	86
7054	FAFE	8001	08
7054	FB05	8000	87
7054	FB0B	8001	09
7054	FDA9	8000	86
7054	FDB1	8001	06
7054	FDBA	8000	87
7054	FDC2	8001	07
7054	FDA9	8000	86
7054	FDB1	8001	22
7054	FDBA	8000	87
7054	FDC2	8001	23
7054	FDA9	8000	86
7054	FDB1	8001	08
7054	FDBA	8000	87
7054	FDC2	8001	09
7054	FDA9	8000	86
7054	FDB1	8001	08
7054	FDBA	8000	87
7054	FDC2	8001	09
7054	FDA9	8000	86
7054	FDB1	8001	08
7054	FDBA	8000	87
7054	FDC2	8001	09
7054	FDA9	8000	86
7054	FDB1	8001	08
7054	FDBA	8000	87
7054	FDC2	8001	09
7054	FDA9	8000	86
7054	FDB1	8001	08
7054	FDBA	8000	87
7054	FDC2	8001	09
7054	FDA9	8000	86
7054	FDB1	8001	08
7054	FDBA	8000	87
7054	FDC2	8001	09
7054	FC3F	8000	86
7054	FC48	8001	06
7054	FC4F	8000	87
7054	FC58	8001	07
7054	FDA9	8000	86
7054	FDB1	8001	18
7054	FDBA	8000	87
7054	FDC2	8001	19
7054	FDA9	8000	86
7054	FDB1	8001	28
7054	FDBA	8000	87
7054	FDC2	8001	29
7054	FDA9	8000	86
7054	FDB1	8001	28
7054	FDBA	8000	87
7054	FDC2	8001	29
7054	FDA9	8000	86
7054	FDB1	8001	08
7054	FDBA	8000	87
7054	FDC2	8001	09
7054	F9B3	8000	80
7054	F9B9	8001	FC
7054	F9BE	8000	81
7054	F9C4	8001	14
7054	F9C9	8000	82
7054	F9CF	8001	A2
7054	F9D4	8000	83
7054	F9DA	8001	01
7054	F9DF	8000	84
7054	F9E5	8001	02
7054	F9EA	8000	85
7054	F9F0	8001	14
7054	F8DB	8000	87
7054	F9B3	8000	80
7054	F9B9	8001	FC
7054	F9BE	8000	81
7054	F9C4	8001	14
7054	F9C9	8000	82
7054	F9CF	8001	00
7054	F9D4	8000	83
7054	F9DA	8001	01
7054	F9DF	8000	84
7054	F9E5	8001	02
7054	F9EA	8000	85
7054	F9F0	8001	14
7054	F8DB	8000	87
7054	FDA9	8000	86
7054	FDB1	8001	08
7054	FDBA	8000	87
7054	FDC2	8001	09
7055	FA23	8000	80
7055	FA29	8001	FC
7055	FA2E	8000	81
7055	FA34	8001	E2
7055	FA39	8000	82
7055	FA3F	8001	A2
7055	FA44	8000	83
7055	FA4A	8001	35
7055	FA4F	8000	84
7055	FA55	8001	B7
7055	FA5A	8000	85
7055	FA60	8001	BD
7055	FADD	8000	86
7055	FAE2	8001	18
7055	FAE9	8000	87
7055	FAEE	8001	19
7055	FAF8	8000	86
7055	FAFE	8001	08
7055	FB05	8000	87
7055	FB0B	8001	09
7055	FDA9	8000	86
7055	FDB1	8001	06
7055	FDBA	8000	87
7055	FDC2	8001	07
7055	FDA9	8000	86
7055	FDB1	8001	22
7055	FDBA	8000	87
7055	FDC2	8001	23
7055	FDA9	8000	86
7055	FDB1	8001	08
7055	FDBA	8000	87
7055	FDC2	8001	09
7055	FDA9	8000	86
7055	FDB1	8001	08
7055	FDBA	8000	87
7055	FDC2	8001	09
7055	FDA9	8000	86
7055	FDB1	8001	08
7055	FDBA	8000	87
7055	FDC2	8001	09
7055	FDA9	8000	86
7055	FDB1	8001	08
7055	FDBA	8000	87
7055	FDC2	8001	09
7055	FDA9	8000	86
7055	FDB1	8001	08
7055	FDBA	8000	87
7055	FDC2	8001	09
7055	FDA9	8000	86
7055	FDB1	8001	08
7055	FDBA	8000	87
7055	FDC2	8001	09
7055	FC3F	8000	86
7055	FC48	8001	06
7055	FC4F	8000	87
7055	FC58	8001	07
7055	FDA9	8000	86
7055	FDB1	8001	18
7055	FDBA	8000	87
7055	FDC2	8001	19
7055	FDA9	8000	86
7055	FDB1	8001	28
7055	FDBA	8000	87
7055	FDC2	8001	29
7055	FDA9	8000	86
7055	FDB1	8001	28
7055	FDBA	8000	87
7055	FDC2	8001	29
7055	FDA9	8000	86
7055	FDB1	8001	08
7055	FDBA	8000	87
7055	FDC2	8001	09
7055	FDA9	8000	86
7055	FDB1	8001	08
7055	FDBA	8000	87
7055	FDC2	8001	09
7055	F9B3	8000	80
7055	F9B9	8001	FC
7055	F9BE	8000	81
7055	F9C4	8001	14
7055	F9C9	8000	82
7055	F9CF	8001	A2
7055	F9D4	8000	83
7055	F9DA	8001	01
7055	F9DF	8000	84
7055	F9E5	8001	02
7055	F9EA	8000	85
7055	F9F0	8001	14
7055	F8DB	8000	87
7055	F9B3	8000	80
7055	F9B9	8001	FC
7055	F9BE	8000	81
7055	F9C4	8001	14
7055	F9C9	8000	82
7055	F9CF	8001	00
7055	F9D4	8000	83
7055	F9DA	8001	01
7055	F9DF	8000	84
7055	F9E5	8001	02
7055	F9EA	8000	85
7055	F9F0	8001	14
7055	F8DB	8000	87
7056	FA23	8000	80
7056	FA29	8001	FC
7056	FA2E	8000	81
7056	FA34	8001	E2
7056	FA39	8000	82
7056	FA3F	8001	A2
7056	FA44	8000	83
7056	FA4A	8001	35
7056	FA4F	8000	84
7056	FA55	8001	B7
7056	FA5A	8000	85
7056	FA60	8001	BD
7056	FADD	8000	86
7056	FAE2	8001	18
7056	FAE9	8000	87
7056	FAEE	8001	19
7056	FAF8	8000	86
7056	FAFE	8001	08
7056	FB05	8000	87
7056	FB0B	8001	09
7056	FDA9	8000	86
7056	FDB1	8001	06
7056	FDBA	8000	87
7056	FDC2	8001	07
7056	FDA9	8000	86
7056	FDB1	8001	22
7056	FDBA	8000	87
7056	FDC2	8001	23
7056	FDA9	8000	86
7056	FDB1	8001	08
7056	FDBA	8000	87
7056	FDC2	8001	09
7056	FDA9	8000	86
7056	FDB1	8001	08
7056	FDBA	8000	87
7056	FDC2	8001	09
7056	FDA9	8000	86
7056	FDB1	8001	08
7056	FDBA	8000	87
7056	FDC2	8001	09
7056	FDA9	8000	86
7056	FDB1	8001	08
7056	FDBA	8000	87
7056	FDC2	8001	09
7056	FDA9	8000	86
7056	FDB1	8001	08
7056	FDBA	8000	87
7056	FDC2	8001	09
7056	FDA9	8000	86
7056	FDB1	8001	08
7056	FDBA	8000	87
7056	FDC2	8001	09
7056	FC3F	8000	86
7056	FC48	8001	06
7056	FC4F	8000	87
7056	FC58	8001	07
7056	FDA9	8000	86
7056	FDB1	8001	18
7056	FDBA	8000	87
7056	FDC2	8001	19
7056	FDA9	8000	86
7056	FDB1	8001	28
7056	FDBA	8000	87
7056	FDC2	8001	29
7056	FDA9	8000	86
7056	FDB1	8001	28
7056	FDBA	8000	87
7056	FDC2	8001	29
7056	FDA9	8000	86
7056	FDB1	8001	08
7056	FDBA	8000	87
7056	FDC2	8001	09
7056	FDA9	8000	86
7056	FDB1	8001	08
7056	FDBA	8000	87
7056	FDC2	8001	09
7056	F9B3	8000	80
7056	F9B9	8001	FC
7056	F9BE	8000	81
7056	F9C4	8001	14
7056	F9C9	8000	82
7056	F9CF	8001	A2
7056	F9D4	8000	83
7056	F9DA	8001	01
7056	F9DF	8000	84
7056	F9E5	8001	02
7056	F9EA	8000	85
7056	F9F0	8001	14
7056	F8DB	8000	87
7056	F9B3	8000	80
7056	F9B9	8001	FC
7056	F9BE	8000	81
7056	F9C4	8001	14
7056	F9C9	8000	82
7056	F9CF	8001	00
7056	F9D4	8000	83
7056	F9DA	8001	01
7056	F9DF	8000	84
7056	F9E5	8001	02
7056	F9EA	8000	85
7056	F9F0	8001	14
7056	F8DB	8000	87
7057	FA23	8000	80
7057	FA29	8001	FC
7057	FA2E	8000	81
7057	FA34	8001	E2
7057	FA39	8000	82
7057	FA3F	8001	A2
7057	FA44	8000	83
7057	FA4A	8001	35
7057	FA4F	8000	84
7057	FA55	8001	B7
7057	FA5A	8000	85
7057	FA60	8001	BD
7057	FADD	8000	86
7057	FAE2	8001	18
7057	FAE9	8000	87
7057	FAEE	8001	19
7057	FAF8	8000	86
7057	FAFE	8001	08
7057	FB05	8000	87
7057	FB0B	8001	09
7057	FDA9	8000	86
7057	FDB1	8001	06
7057	FDBA	8000	87
7057	FDC2	8001	07
7057	FDA9	8000	86
7057	FDB1	8001	22
7057	FDBA	8000	87
7057	FDC2	8001	23
7057	FDA9	8000	86
7057	FDB1	8001	08
7057	FDBA	8000	87
7057	FDC2	8001	09
7057	FDA9	8000	86
7057	FDB1	8001	08
7057	FDBA	8000	87
7057	FDC2	8001	09
7057	FDA9	8000	86
7057	FDB1	8001	08
7057	FDBA	8000	87
7057	FDC2	8001	09
7057	FDA9	8000	86
7057	FDB1	8001	08
7057	FDBA	8000	87
7057	FDC2	8001	09
7057	FDA9	8000	86
7057	FDB1	8001	08
7057	FDBA	8000	87
7057	FDC2	8001	09
7057	FDA9	8000	86
7057	FDB1	8001	08
7057	FDBA	8000	87
7057	FDC2	8001	09
7057	FC3F	8000	86
7057	FC48	8001	06
7057	FC4F	8000	87
7057	FC58	8001	07
7057	FDA9	8000	86
7057	FDB1	8001	18
7057	FDBA	8000	87
7057	FDC2	8001	19
7057	FDA9	8000	86
7057	FDB1	8001	28
7057	FDBA	8000	87
7057	FDC2	8001	29
7057	FDA9	8000	86
7057	FDB1	8001	28
7057	FDBA	8000	87
7057	FDC2	8001	29
7057	FDA9	8000	86
7057	FDB1	8001	08
7057	FDBA	8000	87
7057	FDC2	8001	09
7057	F9B3	8000	80
7057	F9B9	8001	FC
7057	F9BE	8000	81
7057	F9C4	8001	14
7057	F9C9	8000	82
7057	F9CF	8001	A2
7057	F9D4	8000	83
7057	F9DA	8001	01
7057	F9DF	8000	84
7057	F9E5	8001	02
7057	F9EA	8000	85
7057	F9F0	8001	14
7057	F8DB	8000	87
7057	F9B3	8000	80
7057	F9B9	8001	FC
7057	F9BE	8000	81
7057	F9C4	8001	14
7057	F9C9	8000	82
7057	F9CF	8001	00
7057	F9D4	8000	83
7057	F9DA	8001	01
7057	F9DF	8000	84
7057	F9E5	8001	02
7057	F9EA	8000	85
7057	F9F0	8001	14
7057	F8DB	8000	87
7057	FDA9	8000	86
7057	FDB1	8001	08
7057	FDBA	8000	87
7057	FDC2	8001	09
7058	FA23	8000	80
7058	FA29	8001	FC
7058	FA2E	8000	81
7058	FA34	8001	E2
7058	FA39	8000	82
7058	FA3F	8001	A2
7058	FA44	8000	83
7058	FA4A	8001	35
7058	FA4F	8000	84
7058	FA55	8001	B7
7058	FA5A	8000	85
7058	FA60	8001	BD
7058	FADD	8000	86
7058	FAE2	8001	18
7058	FAE9	8000	87
7058	FAEE	8001	19
7058	FAF8	8000	86
7058	FAFE	8001	08
7058	FB05	8000	87
7058	FB0B	8001	09
7058	FDA9	8000	86
7058	FDB1	8001	06
7058	FDBA	8000	87
7058	FDC2	8001	07
7058	FDA9	8000	86
7058	FDB1	8001	22
7058	FDBA	8000	87
7058	FDC2	8001	23
7058	FDA9	8000	86
7058	FDB1	8001	08
7058	FDBA	8000	87
7058	FDC2	8001	09
7058	FDA9	8000	86
7058	FDB1	8001	08
7058	FDBA	8000	87
7058	FDC2	8001	09
7058	FDA9	8000	86
7058	FDB1	8001	08
7058	FDBA	8000	87
7058	FDC2	8001	09
7058	FDA9	8000	86
7058	FDB1	8001	08
7058	FDBA	8000	87
7058	FDC2	8001	09
7058	FDA9	8000	86
7058	FDB1	8001	08
7058	FDBA	8000	87
7058	FDC2	8001	09
7058	FDA9	8000	86
7058	FDB1	8001	08
7058	FDBA	8000	87
7058	FDC2	8001	09
7058	FC3F	8000	86
7058	FC48	8001	06
7058	FC4F	8000	87
7058	FC58	8001	07
7058	FDA9	8000	86
7058	FDB1	8001	18
7058	FDBA	8000	87
7058	FDC2	8001	19
7058	FDA9	8000	86
7058	FDB1	8001	28
7058	FDBA	8000	87
7058	FDC2	8001	29
7058	FDA9	8000	86
7058	FDB1	8001	28
7058	FDBA	8000	87
7058	FDC2	8001	29
7058	FDA9	8000	86
7058	FDB1	8001	08
7058	FDBA	8000	87
7058	FDC2	8001	09
7058	F9B3	8000	80
7058	F9B9	8001	FC
7058	F9BE	8000	81
7058	F9C4	8001	14
7058	F9C9	8000	82
7058	F9CF	8001	A2
7058	F9D4	8000	83
7058	F9DA	8001	01
7058	F9DF	8000	84
7058	F9E5	8001	02
7058	F9EA	8000	85
7058	F9F0	8001	14
7058	F8DB	8000	87
7058	F9B3	8000	80
7058	F9B9	8001	FC
7058	F9BE	8000	81
7058	F9C4	8001	14
7058	F9C9	8000	82
7058	F9CF	8001	00
7058	F9D4	8000	83
7058	F9DA	8001	01
7058	F9DF	8000	84
7058	F9E5	8001	02
7058	F9EA	8000	85
7058	F9F0	8001	14
7058	F8DB	8000	87
7058	FDA9	8000	86
7058	FDB1	8001	08
7058	FDBA	8000	87
7058	FDC2	8001	09
7059	FA23	8000	80
7059	FA29	8001	FC
7059	FA2E	8000	81
7059	FA34	8001	E2
7059	FA39	8000	82
7059	FA3F	8001	A2
7059	FA44	8000	83
7059	FA4A	8001	35
7059	FA4F	8000	84
7059	FA55	8001	B7
7059	FA5A	8000	85
7059	FA60	8001	BD
7059	FADD	8000	86
7059	FAE2	8001	18
7059	FAE9	8000	87
7059	FAEE	8001	19
7059	FAF8	8000	86
7059	FAFE	8001	08
7059	FB05	8000	87
7059	FB0B	8001	09
7059	FDA9	8000	86
7059	FDB1	8001	06
7059	FDBA	8000	87
7059	FDC2	8001	07
7059	FDA9	8000	86
7059	FDB1	8001	22
7059	FDBA	8000	87
7059	FDC2	8001	23
7059	FDA9	8000	86
7059	FDB1	8001	08
7059	FDBA	8000	87
7059	FDC2	8001	09
7059	FDA9	8000	86
7059	FDB1	8001	08
7059	FDBA	8000	87
7059	FDC2	8001	09
7059	FDA9	8000	86
7059	FDB1	8001	08
7059	FDBA	8000	87
7059	FDC2	8001	09
7059	FDA9	8000	86
7059	FDB1	8001	08
7059	FDBA	8000	87
7059	FDC2	8001	09
7059	FDA9	8000	86
7059	FDB1	8001	08
7059	FDBA	8000	87
7059	FDC2	8001	09
7059	FDA9	8000	86
7059	FDB1	8001	08
7059	FDBA	8000	87
7059	FDC2	8001	09
7059	FC3F	8000	86
7059	FC48	8001	06
7059	FC4F	8000	87
7059	FC58	8001	07
7059	FDA9	8000	86
7059	FDB1	8001	18
7059	FDBA	8000	87
7059	FDC2	8001	19
7059	FDA9	8000	86
7059	FDB1	8001	28
7059	FDBA	8000	87
7059	FDC2	8001	29
7059	FDA9	8000	86
7059	FDB1	8001	28
7059	FDBA	8000	87
7059	FDC2	8001	29
7059	FDA9	8000	86
7059	FDB1	8001	08
7059	FDBA	8000	87
7059	FDC2	8001	09
7059	F9B3	8000	80
7059	F9B9	8001	FC
7059	F9BE	8000	81
7059	F9C4	8001	14
7059	F9C9	8000	82
7059	F9CF	8001	A2
7059	F9D4	8000	83
7059	F9DA	8001	01
7059	F9DF	8000	84
7059	F9E5	8001	02
7059	F9EA	8000	85
7059	F9F0	8001	14
7059	F8DB	8000	87
7059	F9B3	8000	80
7059	F9B9	8001	FC
7059	F9BE	8000	81
7059	F9C4	8001	14
7059	F9C9	8000	82
7059	F9CF	8001	00
7059	F9D4	8000	83
7059	F9DA	8001	01
7059	F9DF	8000	84
7059	F9E5	8001	02
7059	F9EA	8000	85
7059	F9F0	8001	14
7059	F8DB	8000	87
7059	FDA9	8000	86
7059	FDB1	8001	08
7059	FDBA	8000	87
7059	FDC2	8001	09
7060	FA23	8000	80
7060	FA29	8001	FC
7060	FA2E	8000	81
7060	FA34	8001	E2
7060	FA39	8000	82
7060	FA3F	8001	A2
7060	FA44	8000	83
7060	FA4A	8001	35
7060	FA4F	8000	84
7060	FA55	8001	B7
7060	FA5A	8000	85
7060	FA60	8001	BD
7060	FADD	8000	86
7060	FAE2	8001	18
7060	FAE9	8000	87
7060	FAEE	8001	19
7060	FAF8	8000	86
7060	FAFE	8001	08
7060	FB05	8000	87
7060	FB0B	8001	09
7060	FDA9	8000	86
7060	FDB1	8001	06
7060	FDBA	8000	87
7060	FDC2	8001	07
7060	FDA9	8000	86
7060	FDB1	8001	22
7060	FDBA	8000	87
7060	FDC2	8001	23
7060	FDA9	8000	86
7060	FDB1	8001	08
7060	FDBA	8000	87
7060	FDC2	8001	09
7060	FDA9	8000	86
7060	FDB1	8001	08
7060	FDBA	8000	87
7060	FDC2	8001	09
7060	FDA9	8000	86
7060	FDB1	8001	08
7060	FDBA	8000	87
7060	FDC2	8001	09
7060	FDA9	8000	86
7060	FDB1	8001	08
7060	FDBA	8000	87
7060	FDC2	8001	09
7060	FDA9	8000	86
7060	FDB1	8001	08
7060	FDBA	8000	87
7060	FDC2	8001	09
7060	FDA9	8000	86
7060	FDB1	8001	08
7060	FDBA	8000	87
7060	FDC2	8001	09
7060	FC3F	8000	86
7060	FC48	8001	06
7060	FC4F	8000	87
7060	FC58	8001	07
7060	FDA9	8000	86
7060	FDB1	8001	18
7060	FDBA	8000	87
7060	FDC2	8001	19
7060	FDA9	8000	86
7060	FDB1	8001	28
7060	FDBA	8000	87
7060	FDC2	8001	29
7060	FDA9	8000	86
7060	FDB1	8001	28
7060	FDBA	8000	87
7060	FDC2	8001	29
7060	FDA9	8000	86
7060	FDB1	8001	08
7060	FDBA	8000	87
7060	FDC2	8001	09
7060	F9B3	8000	80
7060	F9B9	8001	FC
7060	F9BE	8000	81
7060	F9C4	8001	14
7060	F9C9	8000	82
7060	F9CF	8001	A2
7060	F9D4	8000	83
7060	F9DA	8001	01
7060	F9DF	8000	84
7060	F9E5	8001	02
7060	F9EA	8000	85
7060	F9F0	8001	14
7060	F8DB	8000	87
7060	F9B3	8000	80
7060	F9B9	8001	FC
7060	F9BE	8000	81
7060	F9C4	8001	14
7060	F9C9	8000	82
7060	F9CF	8001	00
7060	F9D4	8000	83
7060	F9DA	8001	01
7060	F9DF	8000	84
7060	F9E5	8001	02
7060	F9EA	8000	85
7060	F9F0	8001	14
7060	F8DB	8000	87
7060	FDA9	8000	86
7060	FDB1	8001	08
7060	FDBA	8000	87
7060	FDC2	8001	09
7061	FA23	8000	80
7061	FA29	8001	FC
7061	FA2E	8000	81
7061	FA34	8001	E2
7061	FA39	8000	82
7061	FA3F	8001	A2
7061	FA44	8000	83
7061	FA4A	8001	35
7061	FA4F	8000	84
7061	FA55	8001	B7
7061	FA5A	8000	85
7061	FA60	8001	BD
7061	FADD	8000	86
7061	FAE2	8001	18
7061	FAE9	8000	87
7061	FAEE	8001	19
7061	FAF8	8000	86
7061	FAFE	8001	08
7061	FB05	8000	87
7061	FB0B	8001	09
7061	FDA9	8000	86
7061	FDB1	8001	06
7061	FDBA	8000	87
7061	FDC2	8001	07
7061	FDA9	8000	86
7061	FDB1	8001	22
7061	FDBA	8000	87
7061	FDC2	8001	23
7061	FDA9	8000	86
7061	FDB1	8001	08
7061	FDBA	8000	87
7061	FDC2	8001	09
7061	FDA9	8000	86
7061	FDB1	8001	08
7061	FDBA	8000	87
7061	FDC2	8001	09
7061	FDA9	8000	86
7061	FDB1	8001	08
7061	FDBA	8000	87
7061	FDC2	8001	09
7061	FDA9	8000	86
7061	FDB1	8001	08
7061	FDBA	8000	87
7061	FDC2	8001	09
7061	FDA9	8000	86
7061	FDB1	8001	08
7061	FDBA	8000	87
7061	FDC2	8001	09
7061	FDA9	8000	86
7061	FDB1	8001	08
7061	FDBA	8000	87
7061	FDC2	8001	09
7061	FC3F	8000	86
7061	FC48	8001	06
7061	FC4F	8000	87
7061	FC58	8001	07
7061	FDA9	8000	86
7061	FDB1	8001	18
7061	FDBA	8000	87
7061	FDC2	8001	19
7061	FDA9	8000	86
7061	FDB1	8001	28
7061	FDBA	8000	87
7061	FDC2	8001	29
7061	FDA9	8000	86
7061	FDB1	8001	28
7061	FDBA	8000	87
7061	FDC2	8001	29
7061	FDA9	8000	86
7061	FDB1	8001	08
7061	FDBA	8000	87
7061	FDC2	8001	09
7061	FDA9	8000	86
7061	FDB1	8001	08
7061	FDBA	8000	87
7061	FDC2	8001	09
7061	F9B3	8000	80
7061	F9B9	8001	FC
7061	F9BE	8000	81
7061	F9C4	8001	14
7061	F9C9	8000	82
7061	F9CF	8001	A2
7061	F9D4	8000	83
7061	F9DA	8001	01
7061	F9DF	8000	84
7061	F9E5	8001	02
7061	F9EA	8000	85
7061	F9F0	8001	14
7061	F8DB	8000	87
7061	F9B3	8000	80
7061	F9B9	8001	FC
7061	F9BE	8000	81
7061	F9C4	8001	14
7061	F9C9	8000	82
7061	F9CF	8001	00
7061	F9D4	8000	83
7061	F9DA	8001	01
7061	F9DF	8000	84
7061	F9E5	8001	02
7061	F9EA	8000	85
7061	F9F0	8001	14
7061	F8DB	8000	87
7062	FA23	8000	80
7062	FA29	8001	FC
7062	FA2E	8000	81
7062	FA34	8001	E2
7062	FA39	8000	82
7062	FA3F	8001	A2
7062	FA44	8000	83
7062	FA4A	8001	35
7062	FA4F	8000	84
7062	FA55	8001	B7
7062	FA5A	8000	85
7062	FA60	8001	BD
7062	FADD	8000	86
7062	FAE2	8001	18
7062	FAE9	8000	87
7062	FAEE	8001	19
7062	FAF8	8000	86
7062	FAFE	8001	08
7062	FB05	8000	87
7062	FB0B	8001	09
7062	FDA9	8000	86
7062	FDB1	8001	06
7062	FDBA	8000	87
7062	FDC2	8001	07
7062	FDA9	8000	86
7062	FDB1	8001	22
7062	FDBA	8000	87
7062	FDC2	8001	23
7062	FDA9	8000	86
7062	FDB1	8001	08
7062	FDBA	8000	87
7062	FDC2	8001	09
7062	FDA9	8000	86
7062	FDB1	8001	08
7062	FDBA	8000	87
7062	FDC2	8001	09
7062	FDA9	8000	86
7062	FDB1	8001	08
7062	FDBA	8000	87
7062	FDC2	8001	09
7062	FDA9	8000	86
7062	FDB1	8001	08
7062	FDBA	8000	87
7062	FDC2	8001	09
7062	FDA9	8000	86
7062	FDB1	8001	08
7062	FDBA	8000	87
7062	FDC2	8001	09
7062	FDA9	8000	86
7062	FDB1	8001	08
7062	FDBA	8000	87
7062	FDC2	8001	09
7062	FC3F	8000	86
7062	FC48	8001	06
7062	FC4F	8000	87
7062	FC58	8001	07
7062	FDA9	8000	86
7062	FDB1	8001	18
7062	FDBA	8000	87
7062	FDC2	8001	19
7062	FDA9	8000	86
7062	FDB1	8001	28
7062	FDBA	8000	87
7062	FDC2	8001	29
7062	FDA9	8000	86
7062	FDB1	8001	28
7062	FDBA	8000	87
7062	FDC2	8001	29
7062	FDA9	8000	86
7062	FDB1	8001	08
7062	FDBA	8000	87
7062	FDC2	8001	09
7062	FDA9	8000	86
7062	FDB1	8001	08
7062	FDBA	8000	87
7062	FDC2	8001	09
7062	F9B3	8000	80
7062	F9B9	8001	FC
7062	F9BE	8000	81
7062	F9C4	8001	14
7062	F9C9	8000	82
7062	F9CF	8001	A2
7062	F9D4	8000	83
7062	F9DA	8001	01
7062	F9DF	8000	84
7062	F9E5	8001	02
7062	F9EA	8000	85
7062	F9F0	8001	14
7062	F8DB	8000	87
7062	F9B3	8000	80
7062	F9B9	8001	FC
7062	F9BE	8000	81
7062	F9C4	8001	14
7062	F9C9	8000	82
7062	F9CF	8001	00
7062	F9D4	8000	83
7062	F9DA	8001	01
7062	F9DF	8000	84
7062	F9E5	8001	02
7062	F9EA	8000	85
7062	F9F0	8001	14
7062	F8DB	8000	87
7063	FA23	8000	80
7063	FA29	8001	FC
7063	FA2E	8000	81
7063	FA34	8001	E2
7063	FA39	8000	82
7063	FA3F	8001	A2
7063	FA44	8000	83
7063	FA4A	8001	35
7063	FA4F	8000	84
7063	FA55	8001	B7
7063	FA5A	8000	85
7063	FA60	8001	BD
7063	FADD	8000	86
7063	FAE2	8001	18
7063	FAE9	8000	87
7063	FAEE	8001	19
7063	FAF8	8000	86
7063	FAFE	8001	08
7063	FB05	8000	87
7063	FB0B	8001	09
7063	FDA9	8000	86
7063	FDB1	8001	06
7063	FDBA	8000	87
7063	FDC2	8001	07
7063	FDA9	8000	86
7063	FDB1	8001	22
7063	FDBA	8000	87
7063	FDC2	8001	23
7063	FDA9	8000	86
7063	FDB1	8001	08
7063	FDBA	8000	87
7063	FDC2	8001	09
7063	FDA9	8000	86
7063	FDB1	8001	08
7063	FDBA	8000	87
7063	FDC2	8001	09
7063	FDA9	8000	86
7063	FDB1	8001	08
7063	FDBA	8000	87
7063	FDC2	8001	09
7063	FDA9	8000	86
7063	FDB1	8001	08
7063	FDBA	8000	87
7063	FDC2	8001	09
7063	FDA9	8000	86
7063	FDB1	8001	08
7063	FDBA	8000	87
7063	FDC2	8001	09
7063	FDA9	8000	86
7063	FDB1	8001	08
7063	FDBA	8000	87
7063	FDC2	8001	09
7063	FC3F	8000	86
7063	FC48	8001	06
7063	FC4F	8000	87
7063	FC58	8001	07
7063	FDA9	8000	86
7063	FDB1	8001	18
7063	FDBA	8000	87
7063	FDC2	8001	19
7063	FDA9	8000	86
7063	FDB1	8001	28
7063	FDBA	8000	87
7063	FDC2	8001	29
7063	FDA9	8000	86
7063	FDB1	8001	28
7063	FDBA	8000	87
7063	FDC2	8001	29
7063	FDA9	8000	86
7063	FDB1	8001	08
7063	FDBA	8000	87
7063	FDC2	8001	09
7063	F9B3	8000	80
7063	F9B9	8001	FC
7063	F9BE	8000	81
7063	F9C4	8001	14
7063	F9C9	8000	82
7063	F9CF	8001	A2
7063	F9D4	8000	83
7063	F9DA	8001	01
7063	F9DF	8000	84
7063	F9E5	8001	02
7063	F9EA	8000	85
7063	F9F0	8001	14
7063	F8DB	8000	87
7063	FDA9	8000	86
7063	FDB1	8001	08
7063	FDBA	8000	87
7063	FDC2	8001	09
7063	F9B3	8000	80
7063	F9B9	8001	FC
7063	F9BE	8000	81
7063	F9C4	8001	14
7063	F9C9	8000	82
7063	F9CF	8001	00
7063	F9D4	8000	83
7063	F9DA	8001	01
7063	F9DF	8000	84
7063	F9E5	8001	02
7063	F9EA	8000	85
7063	F9F0	8001	14
7063	F8DB	8000	87
7064	FA23	8000	80
7064	FA29	8001	FC
7064	FA2E	8000	81
7064	FA34	8001	E2
7064	FA39	8000	82
7064	FA3F	8001	A2
7064	FA44	8000	83
7064	FA4A	8001	35
7064	FA4F	8000	84
7064	FA55	8001	B7
7064	FA5A	8000	85
7064	FA60	8001	BD
7064	FADD	8000	86
7064	FAE2	8001	18
7064	FAE9	8000	87
7064	FAEE	8001	19
7064	BF0A	8000	86
7064	C8E1	8001	00
7064	C8E6	8000	87
7064	C8EB	8001	01
7064	C900	8000	86
7064	C905	8001	18
7064	C90A	8000	87
7064	C90F	8001	19
7064	BF0A	8000	86
7064	C8E1	8001	00
7064	C8E6	8000	87
7064	C8EB	8001	01
7064	C900	8000	86
7064	C905	8001	18
7064	C90A	8000	87
7064	C90F	8001	19
7064	BF0A	8000	86
7064	C8E1	8001	00
7064	C8E6	8000	87
7064	C8EB	8001	01
7064	C900	8000	86
7064	C905	8001	18
7064	C90A	8000	87
7064	C90F	8001	19
7064	FAF8	8000	86
7064	FAFE	8001	08
7064	FB05	8000	87
7064	FB0B	8001	09
7064	FDA9	8000	86
7064	FDB1	8001	06
7064	FDBA	8000	87
7064	FDC2	8001	07
7064	FDA9	8000	86
7064	FDB1	8001	22
7064	FDBA	8000	87
7064	FDC2	8001	23
7064	FDA9	8000	86
7064	FDB1	8001	08
7064	FDBA	8000	87
7064	FDC2	8001	09
7064	FDA9	8000	86
7064	FDB1	8001	08
7064	FDBA	8000	87
7064	FDC2	8001	09
7064	FDA9	8000	86
7064	FDB1	8001	08
7064	FDBA	8000	87
7064	FDC2	8001	09
7064	FDA9	8000	86
7064	FDB1	8001	08
7064	FDBA	8000	87
7064	FDC2	8001	09
7064	FDA9	8000	86
7064	FDB1	8001	08
7064	FDBA	8000	87
7064	FDC2	8001	09
7064	FDA9	8000	86
7064	FDB1	8001	08
7064	FDBA	8000	87
7064	FDC2	8001	09
7064	FC3F	8000	86
7064	FC48	8001	06
7064	FC4F	8000	87
7064	FC58	8001	07
7064	FDA9	8000	86
7064	FDB1	8001	18
7064	FDBA	8000	87
7064	FDC2	8001	19
7064	FDA9	8000	86
7064	FDB1	8001	28
7064	FDBA	8000	87
7064	FDC2	8001	29
7064	FDA9	8000	86
7064	FDB1	8001	28
7064	FDBA	8000	87
7064	FDC2	8001	29
7064	F9B3	8000	80
7064	F9B9	8001	FC
7064	F9BE	8000	81
7064	F9C4	8001	14
7064	F9C9	8000	82
7064	F9CF	8001	A2
7064	F9D4	8000	83
7064	F9DA	8001	01
7064	F9DF	8000	84
7064	F9E5	8001	02
7064	F9EA	8000	85
7064	F9F0	8001	14
7064	F8DB	8000	87
7064	FDA9	8000	86
7064	FDB1	8001	08
7064	FDBA	8000	87
7064	FDC2	8001	09
7064	F9B3	8000	80
7064	F9B9	8001	FC
7064	F9BE	8000	81
7064	F9C4	8001	14
7064	F9C9	8000	82
7064	F9CF	8001	00
7064	F9D4	8000	83
7064	F9DA	8001	01
7064	F9DF	8000	84
7064	F9E5	8001	02
7064	F9EA	8000	85
7064	F9F0	8001	14
7064	F8DB	8000	87
7064	FDA9	8000	86
7064	FDB1	8001	08
7064	FDBA	8000	87
7064	FDC2	8001	09
7065	FA23	8000	80
7065	FA29	8001	FC
7065	FA2E	8000	81
7065	FA34	8001	E2
7065	FA39	8000	82
7065	FA3F	8001	A2
7065	FA44	8000	83
7065	FA4A	8001	35
7065	FA4F	8000	84
7065	FA55	8001	B7
7065	FA5A	8000	85
7065	FA60	8001	BD
7065	FADD	8000	86
7065	FAE2	8001	18
7065	FAE9	8000	87
7065	FAEE	8001	19
7065	FAF8	8000	86
7065	FAFE	8001	08
7065	FB05	8000	87
7065	FB0B	8001	09
7065	FDA9	8000	86
7065	FDB1	8001	06
7065	FDBA	8000	87
7065	FDC2	8001	07
7065	FDA9	8000	86
7065	FDB1	8001	22
7065	FDBA	8000	87
7065	FDC2	8001	23
7065	FDA9	8000	86
7065	FDB1	8001	08
7065	FDBA	8000	87
7065	FDC2	8001	09
7065	FDA9	8000	86
7065	FDB1	8001	08
7065	FDBA	8000	87
7065	FDC2	8001	09
7065	FDA9	8000	86
7065	FDB1	8001	08
7065	FDBA	8000	87
7065	FDC2	8001	09
7065	FDA9	8000	86
7065	FDB1	8001	08
7065	FDBA	8000	87
7065	FDC2	8001	09
7065	FDA9	8000	86
7065	FDB1	8001	08
7065	FDBA	8000	87
7065	FDC2	8001	09
7065	FDA9	8000	86
7065	FDB1	8001	08
7065	FDBA	8000	87
7065	FDC2	8001	09
7065	FC3F	8000	86
7065	FC48	8001	06
7065	FC4F	8000	87
7065	FC58	8001	07
7065	FDA9	8000	86
7065	FDB1	8001	18
7065	FDBA	8000	87
7065	FDC2	8001	19
7065	FDA9	8000	86
7065	FDB1	8001	28
7065	FDBA	8000	87
7065	FDC2	8001	29
7065	FDA9	8000	86
7065	FDB1	8001	28
7065	FDBA	8000	87
7065	FDC2	8001	29
7065	FDA9	8000	86
7065	FDB1	8001	08
7065	FDBA	8000	87
7065	FDC2	8001	09
7065	F9B3	8000	80
7065	F9B9	8001	FC
7065	F9BE	8000	81
7065	F9C4	8001	14
7065	F9C9	8000	82
7065	F9CF	8001	A2
7065	F9D4	8000	83
7065	F9DA	8001	01
7065	F9DF	8000	84
7065	F9E5	8001	02
7065	F9EA	8000	85
7065	F9F0	8001	14
7065	F8DB	8000	87
7065	F9B3	8000	80
7065	F9B9	8001	FC
7065	F9BE	8000	81
7065	F9C4	8001	14
7065	F9C9	8000	82
7065	F9CF	8001	00
7065	F9D4	8000	83
7065	F9DA	8001	01
7065	F9DF	8000	84
7065	F9E5	8001	02
7065	F9EA	8000	85
7065	F9F0	8001	14
7065	F8DB	8000	87
7065	FDA9	8000	86
7065	FDB1	8001	08
7065	FDBA	8000	87
7065	FDC2	8001	09
7066	FA23	8000	80
7066	FA29	8001	FC
7066	FA2E	8000	81
7066	FA34	8001	E2
7066	FA39	8000	82
7066	FA3F	8001	A2
7066	FA44	8000	83
7066	FA4A	8001	35
7066	FA4F	8000	84
7066	FA55	8001	B7
7066	FA5A	8000	85
7066	FA60	8001	BD
7066	FADD	8000	86
7066	FAE2	8001	18
7066	FAE9	8000	87
7066	FAEE	8001	19
7066	FAF8	8000	86
7066	FAFE	8001	08
7066	FB05	8000	87
7066	FB0B	8001	09
7066	FDA9	8000	86
7066	FDB1	8001	06
7066	FDBA	8000	87
7066	FDC2	8001	07
7066	FDA9	8000	86
7066	FDB1	8001	22
7066	FDBA	8000	87
7066	FDC2	8001	23
7066	FDA9	8000	86
7066	FDB1	8001	08
7066	FDBA	8000	87
7066	FDC2	8001	09
7066	FDA9	8000	86
7066	FDB1	8001	08
7066	FDBA	8000	87
7066	FDC2	8001	09
7066	FDA9	8000	86
7066	FDB1	8001	08
7066	FDBA	8000	87
7066	FDC2	8001	09
7066	FDA9	8000	86
7066	FDB1	8001	08
7066	FDBA	8000	87
7066	FDC2	8001	09
7066	FDA9	8000	86
7066	FDB1	8001	08
7066	FDBA	8000	87
7066	FDC2	8001	09
7066	FDA9	8000	86
7066	FDB1	8001	08
7066	FDBA	8000	87
7066	FDC2	8001	09
7066	FC3F	8000	86
7066	FC48	8001	06
7066	FC4F	8000	87
7066	FC58	8001	07
7066	FDA9	8000	86
7066	FDB1	8001	18
7066	FDBA	8000	87
7066	FDC2	8001	19
7066	FDA9	8000	86
7066	FDB1	8001	28
7066	FDBA	8000	87
7066	FDC2	8001	29
7066	FDA9	8000	86
7066	FDB1	8001	28
7066	FDBA	8000	87
7066	FDC2	8001	29
7066	FDA9	8000	86
7066	FDB1	8001	08
7066	FDBA	8000	87
7066	FDC2	8001	09
7066	F9B3	8000	80
7066	F9B9	8001	FC
7066	F9BE	8000	81
7066	F9C4	8001	14
7066	F9C9	8000	82
7066	F9CF	8001	A2
7066	F9D4	8000	83
7066	F9DA	8001	01
7066	F9DF	8000	84
7066	F9E5	8001	02
7066	F9EA	8000	85
7066	F9F0	8001	14
7066	F8DB	8000	87
7066	F9B3	8000	80
7066	F9B9	8001	FC
7066	F9BE	8000	81
7066	F9C4	8001	14
7066	F9C9	8000	82
7066	F9CF	8001	00
7066	F9D4	8000	83
7066	F9DA	8001	01
7066	F9DF	8000	84
7066	F9E5	8001	02
7066	F9EA	8000	85
7066	F9F0	8001	14
7066	F8DB	8000	87
7066	FDA9	8000	86
7066	FDB1	8001	08
7066	FDBA	8000	87
7066	FDC2	8001	09
7067	FA23	8000	80
7067	FA29	8001	FC
7067	FA2E	8000	81
7067	FA34	8001	E2
7067	FA39	8000	82
7067	FA3F	8001	A2
7067	FA44	8000	83
7067	FA4A	8001	35
7067	FA4F	8000	84
7067	FA55	8001	B7
7067	FA5A	8000	85
7067	FA60	8001	BD
7067	FADD	8000	86
7067	FAE2	8001	18
7067	FAE9	8000	87
7067	FAEE	8001	19
7067	FAF8	8000	86
7067	FAFE	8001	08
7067	FB05	8000	87
7067	FB0B	8001	09
7067	FDA9	8000	86
7067	FDB1	8001	06
7067	FDBA	8000	87
7067	FDC2	8001	07
7067	FDA9	8000	86
7067	FDB1	8001	22
7067	FDBA	8000	87
7067	FDC2	8001	23
7067	FDA9	8000	86
7067	FDB1	8001	08
7067	FDBA	8000	87
7067	FDC2	8001	09
7067	FDA9	8000	86
7067	FDB1	8001	08
7067	FDBA	8000	87
7067	FDC2	8001	09
7067	FDA9	8000	86
7067	FDB1	8001	08
7067	FDBA	8000	87
7067	FDC2	8001	09
7067	FDA9	8000	86
7067	FDB1	8001	08
7067	FDBA	8000	87
7067	FDC2	8001	09
7067	FDA9	8000	86
7067	FDB1	8001	08
7067	FDBA	8000	87
7067	FDC2	8001	09
7067	FDA9	8000	86
7067	FDB1	8001	08
7067	FDBA	8000	87
7067	FDC2	8001	09
7067	FC3F	8000	86
7067	FC48	8001	06
7067	FC4F	8000	87
7067	FC58	8001	07
7067	FDA9	8000	86
7067	FDB1	8001	18
7067	FDBA	8000	87
7067	FDC2	8001	19
7067	FDA9	8000	86
7067	FDB1	8001	28
7067	FDBA	8000	87
7067	FDC2	8001	29
7067	FDA9	8000	86
7067	FDB1	8001	28
7067	FDBA	8000	87
7067	FDC2	8001	29
7067	FDA9	8000	86
7067	FDB1	8001	08
7067	FDBA	8000	87
7067	FDC2	8001	09
7067	FDA9	8000	86
7067	FDB1	8001	08
7067	F9B3	8000	80
7067	F9B9	8001	FC
7067	F9BE	8000	81
7067	F9C4	8001	14
7067	F9C9	8000	82
7067	F9CF	8001	A2
7067	F9D4	8000	83
7067	F9DA	8001	01
7067	F9DF	8000	84
7067	F9E5	8001	02
7067	F9EA	8000	85
7067	F9F0	8001	14
7067	F8DB	8000	86
7067	FDBA	8000	87
7067	FDC2	8001	09
7067	F9B3	8000	80
7067	F9B9	8001	FC
7067	F9BE	8000	81
7067	F9C4	8001	14
7067	F9C9	8000	82
7067	F9CF	8001	00
7067	F9D4	8000	83
7067	F9DA	8001	01
7067	F9DF	8000	84
7067	F9E5	8001	02
7067	F9EA	8000	85
7067	F9F0	8001	14
7067	F8DB	8000	87
7068	FA23	8000	80
7068	FA29	8001	FC
7068	FA2E	8000	81
7068	FA34	8001	E2
7068	FA39	8000	82
7068	FA3F	8001	A2
7068	FA44	8000	83
7068	FA4A	8001	35
7068	FA4F	8000	84
7068	FA55	8001	B7
7068	FA5A	8000	85
7068	FA60	8001	BD
7068	FADD	8000	86
7068	FAE2	8001	18
7068	FAE9	8000	87
7068	FAEE	8001	19
7068	FAF8	8000	86
7068	FAFE	8001	08
7068	FB05	8000	87
7068	FB0B	8001	09
7068	FDA9	8000	86
7068	FDB1	8001	06
7068	FDBA	8000	87
7068	FDC2	8001	07
7068	FDA9	8000	86
7068	FDB1	8001	22
7068	FDBA	8000	87
7068	FDC2	8001	23
7068	FDA9	8000	86
7068	FDB1	8001	08
7068	FDBA	8000	87
7068	FDC2	8001	09
7068	FDA9	8000	86
7068	FDB1	8001	08
7068	FDBA	8000	87
7068	FDC2	8001	09
7068	FDA9	8000	86
7068	FDB1	8001	08
7068	FDBA	8000	87
7068	FDC2	8001	09
7068	FDA9	8000	86
7068	FDB1	8001	08
7068	FDBA	8000	87
7068	FDC2	8001	09
7068	FDA9	8000	86
7068	FDB1	8001	08
7068	FDBA	8000	87
7068	FDC2	8001	09
7068	FDA9	8000	86
7068	FDB1	8001	08
7068	FDBA	8000	87
7068	FDC2	8001	09
7068	FC3F	8000	86
7068	FC48	8001	06
7068	FC4F	8000	87
7068	FC58	8001	07
7068	FDA9	8000	86
7068	FDB1	8001	18
7068	FDBA	8000	87
7068	FDC2	8001	19
7068	FDA9	8000	86
7068	FDB1	8001	28
7068	FDBA	8000	87
7068	FDC2	8001	29
7068	FDA9	8000	86
7068	FDB1	8001	28
7068	FDBA	8000	87
7068	FDC2	8001	29
7068	FDA9	8000	86
7068	FDB1	8001	08
7068	FDBA	8000	87
7068	FDC2	8001	09
7068	FDA9	8000	86
7068	FDB1	8001	08
7068	FDBA	8000	87
7068	FDC2	8001	09
7068	F9B3	8000	80
7068	F9B9	8001	FC
7068	F9BE	8000	81
7068	F9C4	8001	14
7068	F9C9	8000	82
7068	F9CF	8001	A2
7068	F9D4	8000	83
7068	F9DA	8001	01
7068	F9DF	8000	84
7068	F9E5	8001	02
7068	F9EA	8000	85
7068	F9F0	8001	14
7068	F8DB	8000	87
7068	F9B3	8000	80
7068	F9B9	8001	FC
7068	F9BE	8000	81
7068	F9C4	8001	14
7068	F9C9	8000	82
7068	F9CF	8001	00
7068	F9D4	8000	83
7068	F9DA	8001	01
7068	F9DF	8000	84
7068	F9E5	8001	02
7068	F9EA	8000	85
7068	F9F0	8001	14
7068	F8DB	8000	87
7069	FA23	8000	80
7069	FA29	8001	FC
7069	FA2E	8000	81
7069	FA34	8001	E2
7069	FA39	8000	82
7069	FA3F	8001	A2
7069	FA44	8000	83
7069	FA4A	8001	35
7069	FA4F	8000	84
7069	FA55	8001	B7
7069	FA5A	8000	85
7069	FA60	8001	BD
7069	FADD	8000	86
7069	FAE2	8001	18
7069	FAE9	8000	87
7069	FAEE	8001	19
7069	FAF8	8000	86
7069	FAFE	8001	08
7069	FB05	8000	87
7069	FB0B	8001	09
7069	FDA9	8000	86
7069	FDB1	8001	06
7069	FDBA	8000	87
7069	FDC2	8001	07
7069	FDA9	8000	86
7069	FDB1	8001	22
7069	FDBA	8000	87
7069	FDC2	8001	23
7069	FDA9	8000	86
7069	FDB1	8001	08
7069	FDBA	8000	87
7069	FDC2	8001	09
7069	FDA9	8000	86
7069	FDB1	8001	08
7069	FDBA	8000	87
7069	FDC2	8001	09
7069	FDA9	8000	86
7069	FDB1	8001	08
7069	FDBA	8000	87
7069	FDC2	8001	09
7069	FDA9	8000	86
7069	FDB1	8001	08
7069	FDBA	8000	87
7069	FDC2	8001	09
7069	FDA9	8000	86
7069	FDB1	8001	08
7069	FDBA	8000	87
7069	FDC2	8001	09
7069	FDA9	8000	86
7069	FDB1	8001	08
7069	FDBA	8000	87
7069	FDC2	8001	09
7069	FC3F	8000	86
7069	FC48	8001	06
7069	FC4F	8000	87
7069	FC58	8001	07
7069	FDA9	8000	86
7069	FDB1	8001	18
7069	FDBA	8000	87
7069	FDC2	8001	19
7069	FDA9	8000	86
7069	FDB1	8001	28
7069	FDBA	8000	87
7069	FDC2	8001	29
7069	FDA9	8000	86
7069	FDB1	8001	28
7069	FDBA	8000	87
7069	FDC2	8001	29
7069	FDA9	8000	86
7069	FDB1	8001	08
7069	FDBA	8000	87
7069	FDC2	8001	09
7069	F9B3	8000	80
7069	F9B9	8001	FC
7069	F9BE	8000	81
7069	F9C4	8001	14
7069	F9C9	8000	82
7069	F9CF	8001	A2
7069	F9D4	8000	83
7069	F9DA	8001	01
7069	F9DF	8000	84
7069	F9E5	8001	02
7069	F9EA	8000	85
7069	F9F0	8001	14
7069	F8DB	8000	87
7069	F9B3	8000	80
7069	F9B9	8001	FC
7069	F9BE	8000	81
7069	F9C4	8001	14
7069	F9C9	8000	82
7069	F9CF	8001	00
7069	F9D4	8000	83
7069	F9DA	8001	01
7069	F9DF	8000	84
7069	F9E5	8001	02
7069	F9EA	8000	85
7069	F9F0	8001	14
7069	F8DB	8000	87
7069	FDA9	8000	86
7069	FDB1	8001	08
7069	FDBA	8000	87
7069	FDC2	8001	09
7070	FA23	8000	80
7070	FA29	8001	FC
7070	FA2E	8000	81
7070	FA34	8001	E2
7070	FA39	8000	82
7070	FA3F	8001	A2
7070	FA44	8000	83
7070	FA4A	8001	35
7070	FA4F	8000	84
7070	FA55	8001	B7
7070	FA5A	8000	85
7070	FA60	8001	BD
7070	FADD	8000	86
7070	FAE2	8001	18
7070	FAE9	8000	87
7070	FAEE	8001	19
7070	FAF8	8000	86
7070	FAFE	8001	08
7070	FB05	8000	87
7070	FB0B	8001	09
7070	FDA9	8000	86
7070	FDB1	8001	06
7070	FDBA	8000	87
7070	FDC2	8001	07
7070	FDA9	8000	86
7070	FDB1	8001	22
7070	FDBA	8000	87
7070	FDC2	8001	23
7070	FDA9	8000	86
7070	FDB1	8001	08
7070	FDBA	8000	87
7070	FDC2	8001	09
7070	FDA9	8000	86
7070	FDB1	8001	08
7070	FDBA	8000	87
7070	FDC2	8001	09
7070	FDA9	8000	86
7070	FDB1	8001	08
7070	FDBA	8000	87
7070	FDC2	8001	09
7070	FDA9	8000	86
7070	FDB1	8001	08
7070	FDBA	8000	87
7070	FDC2	8001	09
7070	FDA9	8000	86
7070	FDB1	8001	08
7070	FDBA	8000	87
7070	FDC2	8001	09
7070	FDA9	8000	86
7070	FDB1	8001	08
7070	FDBA	8000	87
7070	FDC2	8001	09
7070	FC3F	8000	86
7070	FC48	8001	06
7070	FC4F	8000	87
7070	FC58	8001	07
7070	FDA9	8000	86
7070	FDB1	8001	18
7070	FDBA	8000	87
7070	FDC2	8001	19
7070	FDA9	8000	86
7070	FDB1	8001	28
7070	FDBA	8000	87
7070	FDC2	8001	29
7070	FDA9	8000	86
7070	FDB1	8001	28
7070	FDBA	8000	87
7070	FDC2	8001	29
7070	FDA9	8000	86
7070	FDB1	8001	08
7070	FDBA	8000	87
7070	FDC2	8001	09
7070	F9B3	8000	80
7070	F9B9	8001	FC
7070	F9BE	8000	81
7070	F9C4	8001	14
7070	F9C9	8000	82
7070	F9CF	8001	A2
7070	F9D4	8000	83
7070	F9DA	8001	01
7070	F9DF	8000	84
7070	F9E5	8001	02
7070	F9EA	8000	85
7070	F9F0	8001	14
7070	F8DB	8000	87
7070	F9B3	8000	80
7070	F9B9	8001	FC
7070	F9BE	8000	81
7070	F9C4	8001	14
7070	F9C9	8000	82
7070	F9CF	8001	00
7070	F9D4	8000	83
7070	F9DA	8001	01
7070	F9DF	8000	84
7070	F9E5	8001	02
7070	F9EA	8000	85
7070	F9F0	8001	14
7070	F8DB	8000	87
7070	FDA9	8000	86
7070	FDB1	8001	08
7070	FDBA	8000	87
7070	FDC2	8001	09
7071	FA23	8000	80
7071	FA29	8001	FC
7071	FA2E	8000	81
7071	FA34	8001	E2
7071	FA39	8000	82
7071	FA3F	8001	A2
7071	FA44	8000	83
7071	FA4A	8001	35
7071	FA4F	8000	84
7071	FA55	8001	B7
7071	FA5A	8000	85
7071	FA60	8001	BD
7071	FADD	8000	86
7071	FAE2	8001	18
7071	FAE9	8000	87
7071	FAEE	8001	19
7071	FAF8	8000	86
7071	FAFE	8001	08
7071	FB05	8000	87
7071	FB0B	8001	09
7071	FDA9	8000	86
7071	FDB1	8001	06
7071	FDBA	8000	87
7071	FDC2	8001	07
7071	FDA9	8000	86
7071	FDB1	8001	22
7071	FDBA	8000	87
7071	FDC2	8001	23
7071	FDA9	8000	86
7071	FDB1	8001	08
7071	FDBA	8000	87
7071	FDC2	8001	09
7071	FDA9	8000	86
7071	FDB1	8001	08
7071	FDBA	8000	87
7071	FDC2	8001	09
7071	FDA9	8000	86
7071	FDB1	8001	08
7071	FDBA	8000	87
7071	FDC2	8001	09
7071	FDA9	8000	86
7071	FDB1	8001	08
7071	FDBA	8000	87
7071	FDC2	8001	09
7071	FDA9	8000	86
7071	FDB1	8001	08
7071	FDBA	8000	87
7071	FDC2	8001	09
7071	FDA9	8000	86
7071	FDB1	8001	08
7071	FDBA	8000	87
7071	FDC2	8001	09
7071	FC3F	8000	86
7071	FC48	8001	06
7071	FC4F	8000	87
7071	FC58	8001	07
7071	FDA9	8000	86
7071	FDB1	8001	18
7071	FDBA	8000	87
7071	FDC2	8001	19
7071	FDA9	8000	86
7071	FDB1	8001	28
7071	FDBA	8000	87
7071	FDC2	8001	29
7071	FDA9	8000	86
7071	FDB1	8001	28
7071	FDBA	8000	87
7071	FDC2	8001	29
7071	FDA9	8000	86
7071	FDB1	8001	08
7071	FDBA	8000	87
7071	FDC2	8001	09
7071	F9B3	8000	80
7071	F9B9	8001	FC
7071	F9BE	8000	81
7071	F9C4	8001	14
7071	F9C9	8000	82
7071	F9CF	8001	A2
7071	F9D4	8000	83
7071	F9DA	8001	01
7071	F9DF	8000	84
7071	F9E5	8001	02
7071	F9EA	8000	85
7071	F9F0	8001	14
7071	F8DB	8000	87
7071	F9B3	8000	80
7071	F9B9	8001	FC
7071	F9BE	8000	81
7071	F9C4	8001	14
7071	F9C9	8000	82
7071	F9CF	8001	00
7071	F9D4	8000	83
7071	F9DA	8001	01
7071	F9DF	8000	84
7071	F9E5	8001	02
7071	F9EA	8000	85
7071	F9F0	8001	14
7071	F8DB	8000	87
7071	FDA9	8000	86
7071	FDB1	8001	08
7071	FDBA	8000	87
7071	FDC2	8001	09
7072	FA23	8000	80
7072	FA29	8001	FC
7072	FA2E	8000	81
7072	FA34	8001	E2
7072	FA39	8000	82
7072	FA3F	8001	A2
7072	FA44	8000	83
7072	FA4A	8001	35
7072	FA4F	8000	84
7072	FA55	8001	B7
7072	FA5A	8000	85
7072	FA60	8001	BD
7072	FADD	8000	86
7072	FAE2	8001	18
7072	FAE9	8000	87
7072	FAEE	8001	19
7072	FAF8	8000	86
7072	FAFE	8001	08
7072	FB05	8000	87
7072	FB0B	8001	09
7072	FDA9	8000	86
7072	FDB1	8001	06
7072	FDBA	8000	87
7072	FDC2	8001	07
7072	FDA9	8000	86
7072	FDB1	8001	22
7072	FDBA	8000	87
7072	FDC2	8001	23
7072	FDA9	8000	86
7072	FDB1	8001	08
7072	FDBA	8000	87
7072	FDC2	8001	09
7072	FDA9	8000	86
7072	FDB1	8001	08
7072	FDBA	8000	87
7072	FDC2	8001	09
7072	FDA9	8000	86
7072	FDB1	8001	08
7072	FDBA	8000	87
7072	FDC2	8001	09
7072	FDA9	8000	86
7072	FDB1	8001	08
7072	FDBA	8000	87
7072	FDC2	8001	09
7072	FDA9	8000	86
7072	FDB1	8001	08
7072	FDBA	8000	87
7072	FDC2	8001	09
7072	FDA9	8000	86
7072	FDB1	8001	08
7072	FDBA	8000	87
7072	FDC2	8001	09
7072	FC3F	8000	86
7072	FC48	8001	06
7072	FC4F	8000	87
7072	FC58	8001	07
7072	FDA9	8000	86
7072	FDB1	8001	18
7072	FDBA	8000	87
7072	FDC2	8001	19
7072	FDA9	8000	86
7072	FDB1	8001	28
7072	FDBA	8000	87
7072	FDC2	8001	29
7072	FDA9	8000	86
7072	FDB1	8001	28
7072	FDBA	8000	87
7072	FDC2	8001	29
7072	FDA9	8000	86
7072	FDB1	8001	08
7072	FDBA	8000	87
7072	FDC2	8001	09
7072	F9B3	8000	80
7072	F9B9	8001	FC
7072	F9BE	8000	81
7072	F9C4	8001	14
7072	F9C9	8000	82
7072	F9CF	8001	A2
7072	F9D4	8000	83
7072	F9DA	8001	01
7072	F9DF	8000	84
7072	F9E5	8001	02
7072	F9EA	8000	85
7072	F9F0	8001	14
7072	F8DB	8000	87
7072	F9B3	8000	80
7072	F9B9	8001	FC
7072	F9BE	8000	81
7072	F9C4	8001	14
7072	F9C9	8000	82
7072	F9CF	8001	00
7072	F9D4	8000	83
7072	F9DA	8001	01
7072	F9DF	8000	84
7072	F9E5	8001	02
7072	F9EA	8000	85
7072	F9F0	8001	14
7072	F8DB	8000	87
7072	FDA9	8000	86
7072	FDB1	8001	08
7072	FDBA	8000	87
7072	FDC2	8001	09
7073	FA23	8000	80
7073	FA29	8001	FC
7073	FA2E	8000	81
7073	FA34	8001	E2
7073	FA39	8000	82
7073	FA3F	8001	A2
7073	FA44	8000	83
7073	FA4A	8001	35
7073	FA4F	8000	84
7073	FA55	8001	B7
7073	FA5A	8000	85
7073	FA60	8001	BD
7073	FADD	8000	86
7073	FAE2	8001	18
7073	FAE9	8000	87
7073	FAEE	8001	19
7073	FAF8	8000	86
7073	FAFE	8001	08
7073	FB05	8000	87
7073	FB0B	8001	09
7073	FDA9	8000	86
7073	FDB1	8001	06
7073	FDBA	8000	87
7073	FDC2	8001	07
7073	FDA9	8000	86
7073	FDB1	8001	22
7073	FDBA	8000	87
7073	FDC2	8001	23
7073	FDA9	8000	86
7073	FDB1	8001	08
7073	FDBA	8000	87
7073	FDC2	8001	09
7073	FDA9	8000	86
7073	FDB1	8001	08
7073	FDBA	8000	87
7073	FDC2	8001	09
7073	FDA9	8000	86
7073	FDB1	8001	08
7073	FDBA	8000	87
7073	FDC2	8001	09
7073	FDA9	8000	86
7073	FDB1	8001	08
7073	FDBA	8000	87
7073	FDC2	8001	09
7073	FDA9	8000	86
7073	FDB1	8001	08
7073	FDBA	8000	87
7073	FDC2	8001	09
7073	FDA9	8000	86
7073	FDB1	8001	08
7073	FDBA	8000	87
7073	FDC2	8001	09
7073	FC3F	8000	86
7073	FC48	8001	06
7073	FC4F	8000	87
7073	FC58	8001	07
7073	FDA9	8000	86
7073	FDB1	8001	18
7073	FDBA	8000	87
7073	FDC2	8001	19
7073	FDA9	8000	86
7073	FDB1	8001	28
7073	FDBA	8000	87
7073	FDC2	8001	29
7073	FDA9	8000	86
7073	FDB1	8001	28
7073	FDBA	8000	87
7073	FDC2	8001	29
7073	FDA9	8000	86
7073	FDB1	8001	08
7073	FDBA	8000	87
7073	FDC2	8001	09
7073	FDA9	8000	86
7073	FDB1	8001	08
7073	FDBA	8000	87
7073	FDC2	8001	09
7073	F9B3	8000	80
7073	F9B9	8001	FC
7073	F9BE	8000	81
7073	F9C4	8001	14
7073	F9C9	8000	82
7073	F9CF	8001	A2
7073	F9D4	8000	83
7073	F9DA	8001	01
7073	F9DF	8000	84
7073	F9E5	8001	02
7073	F9EA	8000	85
7073	F9F0	8001	14
7073	F8DB	8000	87
7073	F9B3	8000	80
7073	F9B9	8001	FC
7073	F9BE	8000	81
7073	F9C4	8001	14
7073	F9C9	8000	82
7073	F9CF	8001	00
7073	F9D4	8000	83
7073	F9DA	8001	01
7073	F9DF	8000	84
7073	F9E5	8001	02
7073	F9EA	8000	85
7073	F9F0	8001	14
7073	F8DB	8000	87
7074	FA23	8000	80
7074	FA29	8001	FC
7074	FA2E	8000	81
7074	FA34	8001	E2
7074	FA39	8000	82
7074	FA3F	8001	A2
7074	FA44	8000	83
7074	FA4A	8001	35
7074	FA4F	8000	84
7074	FA55	8001	B7
7074	FA5A	8000	85
7074	FA60	8001	BD
7074	FADD	8000	86
7074	FAE2	8001	18
7074	FAE9	8000	87
7074	FAEE	8001	19
7074	BF0A	8000	86
7074	C8E1	8001	00
7074	C8E6	8000	87
7074	C8EB	8001	01
7074	C900	8000	86
7074	C905	8001	18
7074	C90A	8000	87
7074	C90F	8001	19
7074	BF0A	8000	86
7074	C8E1	8001	00
7074	C8E6	8000	87
7074	C8EB	8001	01
7074	C900	8000	86
7074	C905	8001	18
7074	C90A	8000	87
7074	C90F	8001	19
7074	BF0A	8000	86
7074	C8E1	8001	00
7074	C8E6	8000	87
7074	C8EB	8001	01
7074	C900	8000	86
7074	C905	8001	18
7074	C90A	8000	87
7074	C90F	8001	19
7074	FAF8	8000	86
7074	FAFE	8001	08
7074	FB05	8000	87
7074	FB0B	8001	09
7074	FDA9	8000	86
7074	FDB1	8001	06
7074	FDBA	8000	87
7074	FDC2	8001	07
7074	FDA9	8000	86
7074	FDB1	8001	22
7074	FDBA	8000	87
7074	FDC2	8001	23
7074	FDA9	8000	86
7074	FDB1	8001	08
7074	FDBA	8000	87
7074	FDC2	8001	09
7074	FDA9	8000	86
7074	FDB1	8001	08
7074	FDBA	8000	87
7074	FDC2	8001	09
7074	FDA9	8000	86
7074	FDB1	8001	08
7074	FDBA	8000	87
7074	FDC2	8001	09
7074	FDA9	8000	86
7074	FDB1	8001	08
7074	FDBA	8000	87
7074	FDC2	8001	09
7074	FDA9	8000	86
7074	FDB1	8001	08
7074	FDBA	8000	87
7074	FDC2	8001	09
7074	FDA9	8000	86
7074	FDB1	8001	08
7074	FDBA	8000	87
7074	FDC2	8001	09
7074	FC3F	8000	86
7074	FC48	8001	06
7074	FC4F	8000	87
7074	FC58	8001	07
7074	FDA9	8000	86
7074	FDB1	8001	18
7074	FDBA	8000	87
7074	FDC2	8001	19
7074	FDA9	8000	86
7074	FDB1	8001	28
7074	FDBA	8000	87
7074	FDC2	8001	29
7074	FDA9	8000	86
7074	FDB1	8001	28
7074	FDBA	8000	87
7074	FDC2	8001	29
7074	F9B3	8000	80
7074	F9B9	8001	FC
7074	F9BE	8000	81
7074	F9C4	8001	14
7074	F9C9	8000	82
7074	F9CF	8001	A2
7074	F9D4	8000	83
7074	F9DA	8001	01
7074	F9DF	8000	84
7074	F9E5	8001	02
7074	F9EA	8000	85
7074	F9F0	8001	14
7074	F8DB	8000	87
7074	FDA9	8000	86
7074	FDB1	8001	08
7074	F9B3	8000	80
7074	F9B9	8001	FC
7074	F9BE	8000	81
7074	F9C4	8001	14
7074	F9C9	8000	82
7074	F9CF	8001	00
7074	F9D4	8000	83
7074	F9DA	8001	01
7074	F9DF	8000	84
7074	F9E5	8001	02
7074	F9EA	8000	85
7074	F9F0	8001	14
7074	F8DB	8000	86
7074	FDBA	8000	87
7074	FDC2	8001	09
7074	FDA9	8000	86
7074	FDB1	8001	08
7074	FDBA	8000	87
7074	FDC2	8001	09
7075	FA23	8000	80
7075	FA29	8001	FC
7075	FA2E	8000	81
7075	FA34	8001	E2
7075	FA39	8000	82
7075	FA3F	8001	A2
7075	FA44	8000	83
7075	FA4A	8001	35
7075	FA4F	8000	84
7075	FA55	8001	B7
7075	FA5A	8000	85
7075	FA60	8001	BD
7075	FADD	8000	86
7075	FAE2	8001	18
7075	FAE9	8000	87
7075	FAEE	8001	19
7075	FAF8	8000	86
7075	FAFE	8001	08
7075	FB05	8000	87
7075	FB0B	8001	09
7075	FDA9	8000	86
7075	FDB1	8001	06
7075	FDBA	8000	87
7075	FDC2	8001	07
7075	FDA9	8000	86
7075	FDB1	8001	22
7075	FDBA	8000	87
7075	FDC2	8001	23
7075	FDA9	8000	86
7075	FDB1	8001	08
7075	FDBA	8000	87
7075	FDC2	8001	09
7075	FDA9	8000	86
7075	FDB1	8001	08
7075	FDBA	8000	87
7075	FDC2	8001	09
7075	FDA9	8000	86
7075	FDB1	8001	08
7075	FDBA	8000	87
7075	FDC2	8001	09
7075	FDA9	8000	86
7075	FDB1	8001	08
7075	FDBA	8000	87
7075	FDC2	8001	09
7075	FDA9	8000	86
7075	FDB1	8001	08
7075	FDBA	8000	87
7075	FDC2	8001	09
7075	FDA9	8000	86
7075	FDB1	8001	08
7075	FDBA	8000	87
7075	FDC2	8001	09
7075	FC3F	8000	86
7075	FC48	8001	06
7075	FC4F	8000	87
7075	FC58	8001	07
7075	FDA9	8000	86
7075	FDB1	8001	18
7075	FDBA	8000	87
7075	FDC2	8001	19
7075	FDA9	8000	86
7075	FDB1	8001	28
7075	FDBA	8000	87
7075	FDC2	8001	29
7075	FDA9	8000	86
7075	FDB1	8001	28
7075	FDBA	8000	87
7075	FDC2	8001	29
7075	FDA9	8000	86
7075	FDB1	8001	08
7075	FDBA	8000	87
7075	FDC2	8001	09
7075	F9B3	8000	80
7075	F9B9	8001	FC
7075	F9BE	8000	81
7075	F9C4	8001	14
7075	F9C9	8000	82
7075	F9CF	8001	A2
7075	F9D4	8000	83
7075	F9DA	8001	01
7075	F9DF	8000	84
7075	F9E5	8001	02
7075	F9EA	8000	85
7075	F9F0	8001	14
7075	F8DB	8000	87
7075	F9B3	8000	80
7075	F9B9	8001	FC
7075	F9BE	8000	81
7075	F9C4	8001	14
7075	F9C9	8000	82
7075	F9CF	8001	00
7075	F9D4	8000	83
7075	F9DA	8001	01
7075	F9DF	8000	84
7075	F9E5	8001	02
7075	F9EA	8000	85
7075	F9F0	8001	14
7075	F8DB	8000	87
7075	FDA9	8000	86
7075	FDB1	8001	08
7075	FDBA	8000	87
7075	FDC2	8001	09
7076	FA23	8000	80
7076	FA29	8001	FC
7076	FA2E	8000	81
7076	FA34	8001	E2
7076	FA39	8000	82
7076	FA3F	8001	A2
7076	FA44	8000	83
7076	FA4A	8001	35
7076	FA4F	8000	84
7076	FA55	8001	B7
7076	FA5A	8000	85
7076	FA60	8001	BD
7076	FADD	8000	86
7076	FAE2	8001	18
7076	FAE9	8000	87
7076	FAEE	8001	19
7076	FAF8	8000	86
7076	FAFE	8001	08
7076	FB05	8000	87
7076	FB0B	8001	09
7076	FDA9	8000	86
7076	FDB1	8001	06
7076	FDBA	8000	87
7076	FDC2	8001	07
7076	FDA9	8000	86
7076	FDB1	8001	22
7076	FDBA	8000	87
7076	FDC2	8001	23
7076	FDA9	8000	86
7076	FDB1	8001	08
7076	FDBA	8000	87
7076	FDC2	8001	09
7076	FDA9	8000	86
7076	FDB1	8001	08
7076	FDBA	8000	87
7076	FDC2	8001	09
7076	FDA9	8000	86
7076	FDB1	8001	08
7076	FDBA	8000	87
7076	FDC2	8001	09
7076	FDA9	8000	86
7076	FDB1	8001	08
7076	FDBA	8000	87
7076	FDC2	8001	09
7076	FDA9	8000	86
7076	FDB1	8001	08
7076	FDBA	8000	87
7076	FDC2	8001	09
7076	FDA9	8000	86
7076	FDB1	8001	08
7076	FDBA	8000	87
7076	FDC2	8001	09
7076	FC3F	8000	86
7076	FC48	8001	06
7076	FC4F	8000	87
7076	FC58	8001	07
7076	FDA9	8000	86
7076	FDB1	8001	18
7076	FDBA	8000	87
7076	FDC2	8001	19
7076	FDA9	8000	86
7076	FDB1	8001	28
7076	FDBA	8000	87
7076	FDC2	8001	29
7076	FDA9	8000	86
7076	FDB1	8001	28
7076	FDBA	8000	87
7076	FDC2	8001	29
7076	FDA9	8000	86
7076	FDB1	8001	08
7076	FDBA	8000	87
7076	FDC2	8001	09
7076	F9B3	8000	80
7076	F9B9	8001	FC
7076	F9BE	8000	81
7076	F9C4	8001	14
7076	F9C9	8000	82
7076	F9CF	8001	A2
7076	F9D4	8000	83
7076	F9DA	8001	01
7076	F9DF	8000	84
7076	F9E5	8001	02
7076	F9EA	8000	85
7076	F9F0	8001	14
7076	F8DB	8000	87
7076	F9B3	8000	80
7076	F9B9	8001	FC
7076	F9BE	8000	81
7076	F9C4	8001	14
7076	F9C9	8000	82
7076	F9CF	8001	00
7076	F9D4	8000	83
7076	F9DA	8001	01
7076	F9DF	8000	84
7076	F9E5	8001	02
7076	F9EA	8000	85
7076	F9F0	8001	14
7076	F8DB	8000	87
7076	FDA9	8000	86
7076	FDB1	8001	08
7076	FDBA	8000	87
7076	FDC2	8001	09
7077	FA23	8000	80
7077	FA29	8001	FC
7077	FA2E	8000	81
7077	FA34	8001	E2
7077	FA39	8000	82
7077	FA3F	8001	A2
7077	FA44	8000	83
7077	FA4A	8001	35
7077	FA4F	8000	84
7077	FA55	8001	B7
7077	FA5A	8000	85
7077	FA60	8001	BD
7077	FADD	8000	86
7077	FAE2	8001	18
7077	FAE9	8000	87
7077	FAEE	8001	19
7077	FAF8	8000	86
7077	FAFE	8001	08
7077	FB05	8000	87
7077	FB0B	8001	09
7077	FDA9	8000	86
7077	FDB1	8001	06
7077	FDBA	8000	87
7077	FDC2	8001	07
7077	FDA9	8000	86
7077	FDB1	8001	22
7077	FDBA	8000	87
7077	FDC2	8001	23
7077	FDA9	8000	86
7077	FDB1	8001	08
7077	FDBA	8000	87
7077	FDC2	8001	09
7077	FDA9	8000	86
7077	FDB1	8001	08
7077	FDBA	8000	87
7077	FDC2	8001	09
7077	FDA9	8000	86
7077	FDB1	8001	08
7077	FDBA	8000	87
7077	FDC2	8001	09
7077	FDA9	8000	86
7077	FDB1	8001	08
7077	FDBA	8000	87
7077	FDC2	8001	09
7077	FDA9	8000	86
7077	FDB1	8001	08
7077	FDBA	8000	87
7077	FDC2	8001	09
7077	FDA9	8000	86
7077	FDB1	8001	08
7077	FDBA	8000	87
7077	FDC2	8001	09
7077	FC3F	8000	86
7077	FC48	8001	06
7077	FC4F	8000	87
7077	FC58	8001	07
7077	FDA9	8000	86
7077	FDB1	8001	18
7077	FDBA	8000	87
7077	FDC2	8001	19
7077	FDA9	8000	86
7077	FDB1	8001	28
7077	FDBA	8000	87
7077	FDC2	8001	29
7077	FDA9	8000	86
7077	FDB1	8001	28
7077	FDBA	8000	87
7077	FDC2	8001	29
7077	FDA9	8000	86
7077	FDB1	8001	08
7077	FDBA	8000	87
7077	FDC2	8001	09
7077	F9B3	8000	80
7077	F9B9	8001	FC
7077	F9BE	8000	81
7077	F9C4	8001	14
7077	F9C9	8000	82
7077	F9CF	8001	A2
7077	F9D4	8000	83
7077	F9DA	8001	01
7077	F9DF	8000	84
7077	F9E5	8001	02
7077	F9EA	8000	85
7077	F9F0	8001	14
7077	F8DB	8000	87
7077	F9B3	8000	80
7077	F9B9	8001	FC
7077	F9BE	8000	81
7077	F9C4	8001	14
7077	F9C9	8000	82
7077	F9CF	8001	00
7077	F9D4	8000	83
7077	F9DA	8001	01
7077	F9DF	8000	84
7077	F9E5	8001	02
7077	F9EA	8000	85
7077	F9F0	8001	14
7077	F8DB	8000	87
7077	FDA9	8000	86
7077	FDB1	8001	08
7077	FDBA	8000	87
7077	FDC2	8001	09
7078	FA23	8000	80
7078	FA29	8001	FC
7078	FA2E	8000	81
7078	FA34	8001	E2
7078	FA39	8000	82
7078	FA3F	8001	A2
7078	FA44	8000	83
7078	FA4A	8001	35
7078	FA4F	8000	84
7078	FA55	8001	B7
7078	FA5A	8000	85
7078	FA60	8001	BD
7078	FADD	8000	86
7078	FAE2	8001	18
7078	FAE9	8000	87
7078	FAEE	8001	19
7078	FAF8	8000	86
7078	FAFE	8001	08
7078	FB05	8000	87
7078	FB0B	8001	09
7078	FDA9	8000	86
7078	FDB1	8001	06
7078	FDBA	8000	87
7078	FDC2	8001	07
7078	FDA9	8000	86
7078	FDB1	8001	22
7078	FDBA	8000	87
7078	FDC2	8001	23
7078	FDA9	8000	86
7078	FDB1	8001	08
7078	FDBA	8000	87
7078	FDC2	8001	09
7078	FDA9	8000	86
7078	FDB1	8001	08
7078	FDBA	8000	87
7078	FDC2	8001	09
7078	FDA9	8000	86
7078	FDB1	8001	08
7078	FDBA	8000	87
7078	FDC2	8001	09
7078	FDA9	8000	86
7078	FDB1	8001	08
7078	FDBA	8000	87
7078	FDC2	8001	09
7078	FDA9	8000	86
7078	FDB1	8001	08
7078	FDBA	8000	87
7078	FDC2	8001	09
7078	FDA9	8000	86
7078	FDB1	8001	08
7078	FDBA	8000	87
7078	FDC2	8001	09
7078	FC3F	8000	86
7078	FC48	8001	06
7078	FC4F	8000	87
7078	FC58	8001	07
7078	FDA9	8000	86
7078	FDB1	8001	18
7078	FDBA	8000	87
7078	FDC2	8001	19
7078	FDA9	8000	86
7078	FDB1	8001	28
7078	FDBA	8000	87
7078	FDC2	8001	29
7078	FDA9	8000	86
7078	FDB1	8001	28
7078	FDBA	8000	87
7078	FDC2	8001	29
7078	FDA9	8000	86
7078	FDB1	8001	08
7078	FDBA	8000	87
7078	FDC2	8001	09
7078	F9B3	8000	80
7078	F9B9	8001	FC
7078	F9BE	8000	81
7078	F9C4	8001	14
7078	F9C9	8000	82
7078	F9CF	8001	A2
7078	F9D4	8000	83
7078	F9DA	8001	01
7078	F9DF	8000	84
7078	F9E5	8001	02
7078	F9EA	8000	85
7078	F9F0	8001	14
7078	F8DB	8000	87
7078	F9B3	8000	80
7078	F9B9	8001	FC
7078	F9BE	8000	81
7078	F9C4	8001	14
7078	F9C9	8000	82
7078	F9CF	8001	00
7078	F9D4	8000	83
7078	F9DA	8001	01
7078	F9DF	8000	84
7078	F9E5	8001	02
7078	F9EA	8000	85
7078	F9F0	8001	14
7078	F8DB	8000	87
7078	FDA9	8000	86
7078	FDB1	8001	08
7078	FDBA	8000	87
7078	FDC2	8001	09
7079	FA23	8000	80
7079	FA29	8001	FC
7079	FA2E	8000	81
7079	FA34	8001	E2
7079	FA39	8000	82
7079	FA3F	8001	A2
7079	FA44	8000	83
7079	FA4A	8001	35
7079	FA4F	8000	84
7079	FA55	8001	B7
7079	FA5A	8000	85
7079	FA60	8001	BD
7079	FADD	8000	86
7079	FAE2	8001	18
7079	FAE9	8000	87
7079	FAEE	8001	19
7079	FAF8	8000	86
7079	FAFE	8001	08
7079	FB05	8000	87
7079	FB0B	8001	09
7079	FDA9	8000	86
7079	FDB1	8001	06
7079	FDBA	8000	87
7079	FDC2	8001	07
7079	FDA9	8000	86
7079	FDB1	8001	22
7079	FDBA	8000	87
7079	FDC2	8001	23
7079	FDA9	8000	86
7079	FDB1	8001	08
7079	FDBA	8000	87
7079	FDC2	8001	09
7079	FDA9	8000	86
7079	FDB1	8001	08
7079	FDBA	8000	87
7079	FDC2	8001	09
7079	FDA9	8000	86
7079	FDB1	8001	08
7079	FDBA	8000	87
7079	FDC2	8001	09
7079	FDA9	8000	86
7079	FDB1	8001	08
7079	FDBA	8000	87
7079	FDC2	8001	09
7079	FDA9	8000	86
7079	FDB1	8001	08
7079	FDBA	8000	87
7079	FDC2	8001	09
7079	FDA9	8000	86
7079	FDB1	8001	08
7079	FDBA	8000	87
7079	FDC2	8001	09
7079	FC3F	8000	86
7079	FC48	8001	06
7079	FC4F	8000	87
7079	FC58	8001	07
7079	FDA9	8000	86
7079	FDB1	8001	18
7079	FDBA	8000	87
7079	FDC2	8001	19
7079	FDA9	8000	86
7079	FDB1	8001	28
7079	FDBA	8000	87
7079	FDC2	8001	29
7079	FDA9	8000	86
7079	FDB1	8001	28
7079	FDBA	8000	87
7079	FDC2	8001	29
7079	FDA9	8000	86
7079	FDB1	8001	08
7079	FDBA	8000	87
7079	FDC2	8001	09
7079	FDA9	8000	86
7079	FDB1	8001	08
7079	FDBA	8000	87
7079	F9B3	8000	80
7079	F9B9	8001	FC
7079	F9BE	8000	81
7079	F9C4	8001	14
7079	F9C9	8000	82
7079	F9CF	8001	A2
7079	F9D4	8000	83
7079	F9DA	8001	01
7079	F9DF	8000	84
7079	F9E5	8001	02
7079	F9EA	8000	85
7079	F9F0	8001	14
7079	F8DB	8000	87
7079	FDC2	8001	09
7079	F9B3	8000	80
7079	F9B9	8001	FC
7079	F9BE	8000	81
7079	F9C4	8001	14
7079	F9C9	8000	82
7079	F9CF	8001	00
7079	F9D4	8000	83
7079	F9DA	8001	01
7079	F9DF	8000	84
7079	F9E5	8001	02
7079	F9EA	8000	85
7079	F9F0	8001	14
7079	F8DB	8000	87
7080	FA23	8000	80
7080	FA29	8001	FC
7080	FA2E	8000	81
7080	FA34	8001	E2
7080	FA39	8000	82
7080	FA3F	8001	A2
7080	FA44	8000	83
7080	FA4A	8001	35
7080	FA4F	8000	84
7080	FA55	8001	B7
7080	FA5A	8000	85
7080	FA60	8001	BD
7080	FADD	8000	86
7080	FAE2	8001	18
7080	FAE9	8000	87
7080	FAEE	8001	19
7080	FAF8	8000	86
7080	FAFE	8001	08
7080	FB05	8000	87
7080	FB0B	8001	09
7080	FDA9	8000	86
7080	FDB1	8001	06
7080	FDBA	8000	87
7080	FDC2	8001	07
7080	FDA9	8000	86
7080	FDB1	8001	22
7080	FDBA	8000	87
7080	FDC2	8001	23
7080	FDA9	8000	86
7080	FDB1	8001	08
7080	FDBA	8000	87
7080	FDC2	8001	09
7080	FDA9	8000	86
7080	FDB1	8001	08
7080	FDBA	8000	87
7080	FDC2	8001	09
7080	FDA9	8000	86
7080	FDB1	8001	08
7080	FDBA	8000	87
7080	FDC2	8001	09
7080	FDA9	8000	86
7080	FDB1	8001	08
7080	FDBA	8000	87
7080	FDC2	8001	09
7080	FDA9	8000	86
7080	FDB1	8001	08
7080	FDBA	8000	87
7080	FDC2	8001	09
7080	FDA9	8000	86
7080	FDB1	8001	08
7080	FDBA	8000	87
7080	FDC2	8001	09
7080	FC3F	8000	86
7080	FC48	8001	06
7080	FC4F	8000	87
7080	FC58	8001	07
7080	FDA9	8000	86
7080	FDB1	8001	18
7080	FDBA	8000	87
7080	FDC2	8001	19
7080	FDA9	8000	86
7080	FDB1	8001	28
7080	FDBA	8000	87
7080	FDC2	8001	29
7080	FDA9	8000	86
7080	FDB1	8001	28
7080	FDBA	8000	87
7080	FDC2	8001	29
7080	FDA9	8000	86
7080	FDB1	8001	08
7080	FDBA	8000	87
7080	FDC2	8001	09
7080	FDA9	8000	86
7080	FDB1	8001	08
7080	FDBA	8000	87
7080	FDC2	8001	09
7080	F9B3	8000	80
7080	F9B9	8001	FC
7080	F9BE	8000	81
7080	F9C4	8001	14
7080	F9C9	8000	82
7080	F9CF	8001	A2
7080	F9D4	8000	83
7080	F9DA	8001	01
7080	F9DF	8000	84
7080	F9E5	8001	02
7080	F9EA	8000	85
7080	F9F0	8001	14
7080	F8DB	8000	87
7080	F9B3	8000	80
7080	F9B9	8001	FC
7080	F9BE	8000	81
7080	F9C4	8001	14
7080	F9C9	8000	82
7080	F9CF	8001	00
7080	F9D4	8000	83
7080	F9DA	8001	01
7080	F9DF	8000	84
7080	F9E5	8001	02
7080	F9EA	8000	85
7080	F9F0	8001	14
7080	F8DB	8000	87
7081	FA23	8000	80
7081	FA29	8001	FC
7081	FA2E	8000	81
7081	FA34	8001	E2
7081	FA39	8000	82
7081	FA3F	8001	A2
7081	FA44	8000	83
7081	FA4A	8001	35
7081	FA4F	8000	84
7081	FA55	8001	B7
7081	FA5A	8000	85
7081	FA60	8001	BD
7081	FADD	8000	86
7081	FAE2	8001	18
7081	FAE9	8000	87
7081	FAEE	8001	19
7081	FAF8	8000	86
7081	FAFE	8001	08
7081	FB05	8000	87
7081	FB0B	8001	09
7081	FDA9	8000	86
7081	FDB1	8001	06
7081	FDBA	8000	87
7081	FDC2	8001	07
7081	FDA9	8000	86
7081	FDB1	8001	22
7081	FDBA	8000	87
7081	FDC2	8001	23
7081	FDA9	8000	86
7081	FDB1	8001	08
7081	FDBA	8000	87
7081	FDC2	8001	09
7081	FDA9	8000	86
7081	FDB1	8001	08
7081	FDBA	8000	87
7081	FDC2	8001	09
7081	FDA9	8000	86
7081	FDB1	8001	08
7081	FDBA	8000	87
7081	FDC2	8001	09
7081	FDA9	8000	86
7081	FDB1	8001	08
7081	FDBA	8000	87
7081	FDC2	8001	09
7081	FDA9	8000	86
7081	FDB1	8001	08
7081	FDBA	8000	87
7081	FDC2	8001	09
7081	FDA9	8000	86
7081	FDB1	8001	08
7081	FDBA	8000	87
7081	FDC2	8001	09
7081	FC3F	8000	86
7081	FC48	8001	06
7081	FC4F	8000	87
7081	FC58	8001	07
7081	FDA9	8000	86
7081	FDB1	8001	18
7081	FDBA	8000	87
7081	FDC2	8001	19
7081	FDA9	8000	86
7081	FDB1	8001	28
7081	FDBA	8000	87
7081	FDC2	8001	29
7081	FDA9	8000	86
7081	FDB1	8001	28
7081	FDBA	8000	87
7081	FDC2	8001	29
7081	FDA9	8000	86
7081	FDB1	8001	08
7081	FDBA	8000	87
7081	FDC2	8001	09
7081	F9B3	8000	80
7081	F9B9	8001	FC
7081	F9BE	8000	81
7081	F9C4	8001	14
7081	F9C9	8000	82
7081	F9CF	8001	A2
7081	F9D4	8000	83
7081	F9DA	8001	01
7081	F9DF	8000	84
7081	F9E5	8001	02
7081	F9EA	8000	85
7081	F9F0	8001	14
7081	F8DB	8000	87
7081	F9B3	8000	80
7081	F9B9	8001	FC
7081	F9BE	8000	81
7081	F9C4	8001	14
7081	F9C9	8000	82
7081	F9CF	8001	00
7081	F9D4	8000	83
7081	F9DA	8001	01
7081	F9DF	8000	84
7081	F9E5	8001	02
7081	F9EA	8000	85
7081	F9F0	8001	14
7081	F8DB	8000	87
7081	FDA9	8000	86
7081	FDB1	8001	08
7081	FDBA	8000	87
7081	FDC2	8001	09
7082	FA23	8000	80
7082	FA29	8001	FC
7082	FA2E	8000	81
7082	FA34	8001	E2
7082	FA39	8000	82
7082	FA3F	8001	A2
7082	FA44	8000	83
7082	FA4A	8001	35
7082	FA4F	8000	84
7082	FA55	8001	B7
7082	FA5A	8000	85
7082	FA60	8001	BD
7082	FADD	8000	86
7082	FAE2	8001	18
7082	FAE9	8000	87
7082	FAEE	8001	19
7082	FAF8	8000	86
7082	FAFE	8001	08
7082	FB05	8000	87
7082	FB0B	8001	09
7082	FDA9	8000	86
7082	FDB1	8001	06
7082	FDBA	8000	87
7082	FDC2	8001	07
7082	FDA9	8000	86
7082	FDB1	8001	22
7082	FDBA	8000	87
7082	FDC2	8001	23
7082	FDA9	8000	86
7082	FDB1	8001	08
7082	FDBA	8000	87
7082	FDC2	8001	09
7082	FDA9	8000	86
7082	FDB1	8001	08
7082	FDBA	8000	87
7082	FDC2	8001	09
7082	FDA9	8000	86
7082	FDB1	8001	08
7082	FDBA	8000	87
7082	FDC2	8001	09
7082	FDA9	8000	86
7082	FDB1	8001	08
7082	FDBA	8000	87
7082	FDC2	8001	09
7082	FDA9	8000	86
7082	FDB1	8001	08
7082	FDBA	8000	87
7082	FDC2	8001	09
7082	FDA9	8000	86
7082	FDB1	8001	08
7082	FDBA	8000	87
7082	FDC2	8001	09
7082	FC3F	8000	86
7082	FC48	8001	06
7082	FC4F	8000	87
7082	FC58	8001	07
7082	FDA9	8000	86
7082	FDB1	8001	18
7082	FDBA	8000	87
7082	FDC2	8001	19
7082	FDA9	8000	86
7082	FDB1	8001	28
7082	FDBA	8000	87
7082	FDC2	8001	29
7082	FDA9	8000	86
7082	FDB1	8001	28
7082	FDBA	8000	87
7082	FDC2	8001	29
7082	FDA9	8000	86
7082	FDB1	8001	08
7082	FDBA	8000	87
7082	FDC2	8001	09
7082	F9B3	8000	80
7082	F9B9	8001	FC
7082	F9BE	8000	81
7082	F9C4	8001	14
7082	F9C9	8000	82
7082	F9CF	8001	A2
7082	F9D4	8000	83
7082	F9DA	8001	01
7082	F9DF	8000	84
7082	F9E5	8001	02
7082	F9EA	8000	85
7082	F9F0	8001	14
7082	F8DB	8000	87
7082	F9B3	8000	80
7082	F9B9	8001	FC
7082	F9BE	8000	81
7082	F9C4	8001	14
7082	F9C9	8000	82
7082	F9CF	8001	00
7082	F9D4	8000	83
7082	F9DA	8001	01
7082	F9DF	8000	84
7082	F9E5	8001	02
7082	F9EA	8000	85
7082	F9F0	8001	14
7082	F8DB	8000	87
7082	FDA9	8000	86
7082	FDB1	8001	08
7082	FDBA	8000	87
7082	FDC2	8001	09
7083	FA23	8000	80
7083	FA29	8001	FC
7083	FA2E	8000	81
7083	FA34	8001	E2
7083	FA39	8000	82
7083	FA3F	8001	A2
7083	FA44	8000	83
7083	FA4A	8001	35
7083	FA4F	8000	84
7083	FA55	8001	B7
7083	FA5A	8000	85
7083	FA60	8001	BD
7083	FADD	8000	86
7083	FAE2	8001	18
7083	FAE9	8000	87
7083	FAEE	8001	19
7083	FAF8	8000	86
7083	FAFE	8001	08
7083	FB05	8000	87
7083	FB0B	8001	09
7083	FDA9	8000	86
7083	FDB1	8001	06
7083	FDBA	8000	87
7083	FDC2	8001	07
7083	FDA9	8000	86
7083	FDB1	8001	22
7083	FDBA	8000	87
7083	FDC2	8001	23
7083	FDA9	8000	86
7083	FDB1	8001	08
7083	FDBA	8000	87
7083	FDC2	8001	09
7083	FDA9	8000	86
7083	FDB1	8001	08
7083	FDBA	8000	87
7083	FDC2	8001	09
7083	FDA9	8000	86
7083	FDB1	8001	08
7083	FDBA	8000	87
7083	FDC2	8001	09
7083	FDA9	8000	86
7083	FDB1	8001	08
7083	FDBA	8000	87
7083	FDC2	8001	09
7083	FDA9	8000	86
7083	FDB1	8001	08
7083	FDBA	8000	87
7083	FDC2	8001	09
7083	FDA9	8000	86
7083	FDB1	8001	08
7083	FDBA	8000	87
7083	FDC2	8001	09
7083	FC3F	8000	86
7083	FC48	8001	06
7083	FC4F	8000	87
7083	FC58	8001	07
7083	FDA9	8000	86
7083	FDB1	8001	18
7083	FDBA	8000	87
7083	FDC2	8001	19
7083	FDA9	8000	86
7083	FDB1	8001	28
7083	FDBA	8000	87
7083	FDC2	8001	29
7083	FDA9	8000	86
7083	FDB1	8001	28
7083	FDBA	8000	87
7083	FDC2	8001	29
7083	FDA9	8000	86
7083	FDB1	8001	08
7083	FDBA	8000	87
7083	FDC2	8001	09
7083	F9B3	8000	80
7083	F9B9	8001	FC
7083	F9BE	8000	81
7083	F9C4	8001	14
7083	F9C9	8000	82
7083	F9CF	8001	A2
7083	F9D4	8000	83
7083	F9DA	8001	01
7083	F9DF	8000	84
7083	F9E5	8001	02
7083	F9EA	8000	85
7083	F9F0	8001	14
7083	F8DB	8000	87
7083	F9B3	8000	80
7083	F9B9	8001	FC
7083	F9BE	8000	81
7083	F9C4	8001	14
7083	F9C9	8000	82
7083	F9CF	8001	00
7083	F9D4	8000	83
7083	F9DA	8001	01
7083	F9DF	8000	84
7083	F9E5	8001	02
7083	F9EA	8000	85
7083	F9F0	8001	14
7083	F8DB	8000	87
7083	FDA9	8000	86
7083	FDB1	8001	08
7083	FDBA	8000	87
7083	FDC2	8001	09
7084	FA23	8000	80
7084	FA29	8001	FC
7084	FA2E	8000	81
7084	FA34	8001	E2
7084	FA39	8000	82
7084	FA3F	8001	A2
7084	FA44	8000	83
7084	FA4A	8001	35
7084	FA4F	8000	84
7084	FA55	8001	B7
7084	FA5A	8000	85
7084	FA60	8001	BD
7084	FADD	8000	86
7084	FAE2	8001	18
7084	FAE9	8000	87
7084	FAEE	8001	19
7084	BF0A	8000	86
7084	C8E1	8001	00
7084	C8E6	8000	87
7084	C8EB	8001	01
7084	C900	8000	86
7084	C905	8001	18
7084	C90A	8000	87
7084	C90F	8001	19
7084	BF0A	8000	86
7084	C8E1	8001	00
7084	C8E6	8000	87
7084	C8EB	8001	01
7084	C900	8000	86
7084	C905	8001	18
7084	C90A	8000	87
7084	C90F	8001	19
7084	BF0A	8000	86
7084	C8E1	8001	00
7084	C8E6	8000	87
7084	C8EB	8001	01
7084	C900	8000	86
7084	C905	8001	18
7084	C90A	8000	87
7084	C90F	8001	19
7084	FAF8	8000	86
7084	FAFE	8001	08
7084	FB05	8000	87
7084	FB0B	8001	09
7084	FDA9	8000	86
7084	FDB1	8001	06
7084	FDBA	8000	87
7084	FDC2	8001	07
7084	FDA9	8000	86
7084	FDB1	8001	22
7084	FDBA	8000	87
7084	FDC2	8001	23
7084	FDA9	8000	86
7084	FDB1	8001	08
7084	FDBA	8000	87
7084	FDC2	8001	09
7084	FDA9	8000	86
7084	FDB1	8001	08
7084	FDBA	8000	87
7084	FDC2	8001	09
7084	FDA9	8000	86
7084	FDB1	8001	08
7084	FDBA	8000	87
7084	FDC2	8001	09
7084	FDA9	8000	86
7084	FDB1	8001	08
7084	FDBA	8000	87
7084	FDC2	8001	09
7084	FDA9	8000	86
7084	FDB1	8001	08
7084	FDBA	8000	87
7084	FDC2	8001	09
7084	FDA9	8000	86
7084	FDB1	8001	08
7084	FDBA	8000	87
7084	FDC2	8001	09
7084	FC3F	8000	86
7084	FC48	8001	06
7084	FC4F	8000	87
7084	FC58	8001	07
7084	FDA9	8000	86
7084	FDB1	8001	18
7084	FDBA	8000	87
7084	FDC2	8001	19
7084	FDA9	8000	86
7084	FDB1	8001	28
7084	FDBA	8000	87
7084	FDC2	8001	29
7084	FDA9	8000	86
7084	FDB1	8001	28
7084	FDBA	8000	87
7084	FDC2	8001	29
7084	F9B3	8000	80
7084	F9B9	8001	FC
7084	F9BE	8000	81
7084	F9C4	8001	14
7084	F9C9	8000	82
7084	F9CF	8001	A2
7084	F9D4	8000	83
7084	F9DA	8001	01
7084	F9DF	8000	84
7084	F9E5	8001	02
7084	F9EA	8000	85
7084	F9F0	8001	14
7084	F8DB	8000	87
7084	F9B3	8000	80
7084	F9B9	8001	FC
7084	F9BE	8000	81
7084	F9C4	8001	14
7084	F9C9	8000	82
7084	F9CF	8001	00
7084	F9D4	8000	83
7084	F9DA	8001	01
7084	F9DF	8000	84
7084	F9E5	8001	02
7084	F9EA	8000	85
7084	F9F0	8001	14
7084	F8DB	8000	87
7084	FDA9	8000	86
7084	FDB1	8001	08
7084	FDBA	8000	87
7084	FDC2	8001	09
7084	FDA9	8000	86
7084	FDB1	8001	08
7084	FDBA	8000	87
7084	FDC2	8001	09
7085	FA23	8000	80
7085	FA29	8001	FC
7085	FA2E	8000	81
7085	FA34	8001	E2
7085	FA39	8000	82
7085	FA3F	8001	A2
7085	FA44	8000	83
7085	FA4A	8001	35
7085	FA4F	8000	84
7085	FA55	8001	B7
7085	FA5A	8000	85
7085	FA60	8001	BD
7085	FADD	8000	86
7085	FAE2	8001	18
7085	FAE9	8000	87
7085	FAEE	8001	19
7085	FAF8	8000	86
7085	FAFE	8001	08
7085	FB05	8000	87
7085	FB0B	8001	09
7085	FDA9	8000	86
7085	FDB1	8001	06
7085	FDBA	8000	87
7085	FDC2	8001	07
7085	FDA9	8000	86
7085	FDB1	8001	22
7085	FDBA	8000	87
7085	FDC2	8001	23
7085	FDA9	8000	86
7085	FDB1	8001	08
7085	FDBA	8000	87
7085	FDC2	8001	09
7085	FDA9	8000	86
7085	FDB1	8001	08
7085	FDBA	8000	87
7085	FDC2	8001	09
7085	FDA9	8000	86
7085	FDB1	8001	08
7085	FDBA	8000	87
7085	FDC2	8001	09
7085	FDA9	8000	86
7085	FDB1	8001	08
7085	FDBA	8000	87
7085	FDC2	8001	09
7085	FDA9	8000	86
7085	FDB1	8001	08
7085	FDBA	8000	87
7085	FDC2	8001	09
7085	FDA9	8000	86
7085	FDB1	8001	08
7085	FDBA	8000	87
7085	FDC2	8001	09
7085	FC3F	8000	86
7085	FC48	8001	06
7085	FC4F	8000	87
7085	FC58	8001	07
7085	FDA9	8000	86
7085	FDB1	8001	18
7085	FDBA	8000	87
7085	FDC2	8001	19
7085	FDA9	8000	86
7085	FDB1	8001	28
7085	FDBA	8000	87
7085	FDC2	8001	29
7085	FDA9	8000	86
7085	FDB1	8001	28
7085	FDBA	8000	87
7085	FDC2	8001	29
7085	FDA9	8000	86
7085	FDB1	8001	08
7085	FDBA	8000	87
7085	FDC2	8001	09
7085	F9B3	8000	80
7085	F9B9	8001	FC
7085	F9BE	8000	81
7085	F9C4	8001	14
7085	F9C9	8000	82
7085	F9CF	8001	A2
7085	F9D4	8000	83
7085	F9DA	8001	01
7085	F9DF	8000	84
7085	F9E5	8001	02
7085	F9EA	8000	85
7085	F9F0	8001	14
7085	F8DB	8000	87
7085	FDA9	8000	86
7085	FDB1	8001	08
7085	FDBA	8000	87
7085	FDC2	8001	09
7085	F9B3	8000	80
7085	F9B9	8001	FC
7085	F9BE	8000	81
7085	F9C4	8001	14
7085	F9C9	8000	82
7085	F9CF	8001	00
7085	F9D4	8000	83
7085	F9DA	8001	01
7085	F9DF	8000	84
7085	F9E5	8001	02
7085	F9EA	8000	85
7085	F9F0	8001	14
7085	F8DB	8000	87
7086	FA23	8000	80
7086	FA29	8001	FC
7086	FA2E	8000	81
7086	FA34	8001	E2
7086	FA39	8000	82
7086	FA3F	8001	A2
7086	FA44	8000	83
7086	FA4A	8001	35
7086	FA4F	8000	84
7086	FA55	8001	B7
7086	FA5A	8000	85
7086	FA60	8001	BD
7086	FADD	8000	86
7086	FAE2	8001	18
7086	FAE9	8000	87
7086	FAEE	8001	19
7086	FAF8	8000	86
7086	FAFE	8001	08
7086	FB05	8000	87
7086	FB0B	8001	09
7086	FDA9	8000	86
7086	FDB1	8001	06
7086	FDBA	8000	87
7086	FDC2	8001	07
7086	FDA9	8000	86
7086	FDB1	8001	22
7086	FDBA	8000	87
7086	FDC2	8001	23
7086	FDA9	8000	86
7086	FDB1	8001	08
7086	FDBA	8000	87
7086	FDC2	8001	09
7086	FDA9	8000	86
7086	FDB1	8001	08
7086	FDBA	8000	87
7086	FDC2	8001	09
7086	FDA9	8000	86
7086	FDB1	8001	08
7086	FDBA	8000	87
7086	FDC2	8001	09
7086	FDA9	8000	86
7086	FDB1	8001	08
7086	FDBA	8000	87
7086	FDC2	8001	09
7086	FDA9	8000	86
7086	FDB1	8001	08
7086	FDBA	8000	87
7086	FDC2	8001	09
7086	FDA9	8000	86
7086	FDB1	8001	08
7086	FDBA	8000	87
7086	FDC2	8001	09
7086	FC3F	8000	86
7086	FC48	8001	06
7086	FC4F	8000	87
7086	FC58	8001	07
7086	FDA9	8000	86
7086	FDB1	8001	18
7086	FDBA	8000	87
7086	FDC2	8001	19
7086	FDA9	8000	86
7086	FDB1	8001	28
7086	FDBA	8000	87
7086	FDC2	8001	29
7086	FDA9	8000	86
7086	FDB1	8001	28
7086	FDBA	8000	87
7086	FDC2	8001	29
7086	FDA9	8000	86
7086	FDB1	8001	08
7086	FDBA	8000	87
7086	FDC2	8001	09
7086	FDA9	8000	86
7086	FDB1	8001	08
7086	FDBA	8000	87
7086	F9B3	8000	80
7086	F9B9	8001	FC
7086	F9BE	8000	81
7086	F9C4	8001	14
7086	F9C9	8000	82
7086	F9CF	8001	A2
7086	F9D4	8000	83
7086	F9DA	8001	01
7086	F9DF	8000	84
7086	F9E5	8001	02
7086	F9EA	8000	85
7086	F9F0	8001	14
7086	F8DB	8000	87
7086	FDC2	8001	09
7086	F9B3	8000	80
7086	F9B9	8001	FC
7086	F9BE	8000	81
7086	F9C4	8001	14
7086	F9C9	8000	82
7086	F9CF	8001	00
7086	F9D4	8000	83
7086	F9DA	8001	01
7086	F9DF	8000	84
7086	F9E5	8001	02
7086	F9EA	8000	85
7086	F9F0	8001	14
7086	F8DB	8000	87
7087	FA23	8000	80
7087	FA29	8001	FC
7087	FA2E	8000	81
7087	FA34	8001	E2
7087	FA39	8000	82
7087	FA3F	8001	A2
7087	FA44	8000	83
7087	FA4A	8001	35
7087	FA4F	8000	84
7087	FA55	8001	B7
7087	FA5A	8000	85
7087	FA60	8001	BD
7087	FADD	8000	86
7087	FAE2	8001	18
7087	FAE9	8000	87
7087	FAEE	8001	19
7087	FAF8	8000	86
7087	FAFE	8001	08
7087	FB05	8000	87
7087	FB0B	8001	09
7087	FDA9	8000	86
7087	FDB1	8001	06
7087	FDBA	8000	87
7087	FDC2	8001	07
7087	FDA9	8000	86
7087	FDB1	8001	22
7087	FDBA	8000	87
7087	FDC2	8001	23
7087	FDA9	8000	86
7087	FDB1	8001	08
7087	FDBA	8000	87
7087	FDC2	8001	09
7087	FDA9	8000	86
7087	FDB1	8001	08
7087	FDBA	8000	87
7087	FDC2	8001	09
7087	FDA9	8000	86
7087	FDB1	8001	08
7087	FDBA	8000	87
7087	FDC2	8001	09
7087	FDA9	8000	86
7087	FDB1	8001	08
7087	FDBA	8000	87
7087	FDC2	8001	09
7087	FDA9	8000	86
7087	FDB1	8001	08
7087	FDBA	8000	87
7087	FDC2	8001	09
7087	FDA9	8000	86
7087	FDB1	8001	08
7087	FDBA	8000	87
7087	FDC2	8001	09
7087	FC3F	8000	86
7087	FC48	8001	06
7087	FC4F	8000	87
7087	FC58	8001	07
7087	FDA9	8000	86
7087	FDB1	8001	18
7087	FDBA	8000	87
7087	FDC2	8001	19
7087	FDA9	8000	86
7087	FDB1	8001	28
7087	FDBA	8000	87
7087	FDC2	8001	29
7087	FDA9	8000	86
7087	FDB1	8001	28
7087	FDBA	8000	87
7087	FDC2	8001	29
7087	FDA9	8000	86
7087	FDB1	8001	08
7087	FDBA	8000	87
7087	FDC2	8001	09
7087	F9B3	8000	80
7087	F9B9	8001	FC
7087	F9BE	8000	81
7087	F9C4	8001	14
7087	F9C9	8000	82
7087	F9CF	8001	A2
7087	F9D4	8000	83
7087	F9DA	8001	01
7087	F9DF	8000	84
7087	F9E5	8001	02
7087	F9EA	8000	85
7087	F9F0	8001	14
7087	F8DB	8000	87
7087	F9B3	8000	80
7087	F9B9	8001	FC
7087	F9BE	8000	81
7087	F9C4	8001	14
7087	F9C9	8000	82
7087	F9CF	8001	00
7087	F9D4	8000	83
7087	F9DA	8001	01
7087	F9DF	8000	84
7087	F9E5	8001	02
7087	F9EA	8000	85
7087	F9F0	8001	14
7087	F8DB	8000	87
7087	FDA9	8000	86
7087	FDB1	8001	08
7087	FDBA	8000	87
7087	FDC2	8001	09
7088	FA23	8000	80
7088	FA29	8001	FC
7088	FA2E	8000	81
7088	FA34	8001	E2
7088	FA39	8000	82
7088	FA3F	8001	A2
7088	FA44	8000	83
7088	FA4A	8001	35
7088	FA4F	8000	84
7088	FA55	8001	B7
7088	FA5A	8000	85
7088	FA60	8001	BD
7088	FADD	8000	86
7088	FAE2	8001	18
7088	FAE9	8000	87
7088	FAEE	8001	19
7088	FAF8	8000	86
7088	FAFE	8001	08
7088	FB05	8000	87
7088	FB0B	8001	09
7088	FDA9	8000	86
7088	FDB1	8001	06
7088	FDBA	8000	87
7088	FDC2	8001	07
7088	FDA9	8000	86
7088	FDB1	8001	22
7088	FDBA	8000	87
7088	FDC2	8001	23
7088	FDA9	8000	86
7088	FDB1	8001	08
7088	FDBA	8000	87
7088	FDC2	8001	09
7088	FDA9	8000	86
7088	FDB1	8001	08
7088	FDBA	8000	87
7088	FDC2	8001	09
7088	FDA9	8000	86
7088	FDB1	8001	08
7088	FDBA	8000	87
7088	FDC2	8001	09
7088	FDA9	8000	86
7088	FDB1	8001	08
7088	FDBA	8000	87
7088	FDC2	8001	09
7088	FDA9	8000	86
7088	FDB1	8001	08
7088	FDBA	8000	87
7088	FDC2	8001	09
7088	FDA9	8000	86
7088	FDB1	8001	08
7088	FDBA	8000	87
7088	FDC2	8001	09
7088	FC3F	8000	86
7088	FC48	8001	06
7088	FC4F	8000	87
7088	FC58	8001	07
7088	FDA9	8000	86
7088	FDB1	8001	18
7088	FDBA	8000	87
7088	FDC2	8001	19
7088	FDA9	8000	86
7088	FDB1	8001	28
7088	FDBA	8000	87
7088	FDC2	8001	29
7088	FDA9	8000	86
7088	FDB1	8001	28
7088	FDBA	8000	87
7088	FDC2	8001	29
7088	FDA9	8000	86
7088	FDB1	8001	08
7088	FDBA	8000	87
7088	FDC2	8001	09
7088	F9B3	8000	80
7088	F9B9	8001	FC
7088	F9BE	8000	81
7088	F9C4	8001	14
7088	F9C9	8000	82
7088	F9CF	8001	A2
7088	F9D4	8000	83
7088	F9DA	8001	01
7088	F9DF	8000	84
7088	F9E5	8001	02
7088	F9EA	8000	85
7088	F9F0	8001	14
7088	F8DB	8000	87
7088	F9B3	8000	80
7088	F9B9	8001	FC
7088	F9BE	8000	81
7088	F9C4	8001	14
7088	F9C9	8000	82
7088	F9CF	8001	00
7088	F9D4	8000	83
7088	F9DA	8001	01
7088	F9DF	8000	84
7088	F9E5	8001	02
7088	F9EA	8000	85
7088	F9F0	8001	14
7088	F8DB	8000	87
7088	FDA9	8000	86
7088	FDB1	8001	08
7088	FDBA	8000	87
7088	FDC2	8001	09
7089	FA23	8000	80
7089	FA29	8001	FC
7089	FA2E	8000	81
7089	FA34	8001	E2
7089	FA39	8000	82
7089	FA3F	8001	A2
7089	FA44	8000	83
7089	FA4A	8001	35
7089	FA4F	8000	84
7089	FA55	8001	B7
7089	FA5A	8000	85
7089	FA60	8001	BD
7089	FADD	8000	86
7089	FAE2	8001	18
7089	FAE9	8000	87
7089	FAEE	8001	19
7089	FAF8	8000	86
7089	FAFE	8001	08
7089	FB05	8000	87
7089	FB0B	8001	09
7089	FDA9	8000	86
7089	FDB1	8001	06
7089	FDBA	8000	87
7089	FDC2	8001	07
7089	FDA9	8000	86
7089	FDB1	8001	22
7089	FDBA	8000	87
7089	FDC2	8001	23
7089	FDA9	8000	86
7089	FDB1	8001	08
7089	FDBA	8000	87
7089	FDC2	8001	09
7089	FDA9	8000	86
7089	FDB1	8001	08
7089	FDBA	8000	87
7089	FDC2	8001	09
7089	FDA9	8000	86
7089	FDB1	8001	08
7089	FDBA	8000	87
7089	FDC2	8001	09
7089	FDA9	8000	86
7089	FDB1	8001	08
7089	FDBA	8000	87
7089	FDC2	8001	09
7089	FDA9	8000	86
7089	FDB1	8001	08
7089	FDBA	8000	87
7089	FDC2	8001	09
7089	FDA9	8000	86
7089	FDB1	8001	08
7089	FDBA	8000	87
7089	FDC2	8001	09
7089	FC3F	8000	86
7089	FC48	8001	06
7089	FC4F	8000	87
7089	FC58	8001	07
7089	FDA9	8000	86
7089	FDB1	8001	18
7089	FDBA	8000	87
7089	FDC2	8001	19
7089	FDA9	8000	86
7089	FDB1	8001	28
7089	FDBA	8000	87
7089	FDC2	8001	29
7089	FDA9	8000	86
7089	FDB1	8001	28
7089	FDBA	8000	87
7089	FDC2	8001	29
7089	FDA9	8000	86
7089	FDB1	8001	08
7089	FDBA	8000	87
7089	FDC2	8001	09
7089	F9B3	8000	80
7089	F9B9	8001	FC
7089	F9BE	8000	81
7089	F9C4	8001	14
7089	F9C9	8000	82
7089	F9CF	8001	A2
7089	F9D4	8000	83
7089	F9DA	8001	01
7089	F9DF	8000	84
7089	F9E5	8001	02
7089	F9EA	8000	85
7089	F9F0	8001	14
7089	F8DB	8000	87
7089	F9B3	8000	80
7089	F9B9	8001	FC
7089	F9BE	8000	81
7089	F9C4	8001	14
7089	F9C9	8000	82
7089	F9CF	8001	00
7089	F9D4	8000	83
7089	F9DA	8001	01
7089	F9DF	8000	84
7089	F9E5	8001	02
7089	F9EA	8000	85
7089	F9F0	8001	14
7089	F8DB	8000	87
7089	FDA9	8000	86
7089	FDB1	8001	08
7089	FDBA	8000	87
7089	FDC2	8001	09
7090	FA23	8000	80
7090	FA29	8001	FC
7090	FA2E	8000	81
7090	FA34	8001	E2
7090	FA39	8000	82
7090	FA3F	8001	A2
7090	FA44	8000	83
7090	FA4A	8001	35
7090	FA4F	8000	84
7090	FA55	8001	B7
7090	FA5A	8000	85
7090	FA60	8001	BD
7090	FADD	8000	86
7090	FAE2	8001	18
7090	FAE9	8000	87
7090	FAEE	8001	19
7090	FAF8	8000	86
7090	FAFE	8001	08
7090	FB05	8000	87
7090	FB0B	8001	09
7090	FDA9	8000	86
7090	FDB1	8001	06
7090	FDBA	8000	87
7090	FDC2	8001	07
7090	FDA9	8000	86
7090	FDB1	8001	22
7090	FDBA	8000	87
7090	FDC2	8001	23
7090	FDA9	8000	86
7090	FDB1	8001	08
7090	FDBA	8000	87
7090	FDC2	8001	09
7090	FDA9	8000	86
7090	FDB1	8001	08
7090	FDBA	8000	87
7090	FDC2	8001	09
7090	FDA9	8000	86
7090	FDB1	8001	08
7090	FDBA	8000	87
7090	FDC2	8001	09
7090	FDA9	8000	86
7090	FDB1	8001	08
7090	FDBA	8000	87
7090	FDC2	8001	09
7090	FDA9	8000	86
7090	FDB1	8001	08
7090	FDBA	8000	87
7090	FDC2	8001	09
7090	FDA9	8000	86
7090	FDB1	8001	08
7090	FDBA	8000	87
7090	FDC2	8001	09
7090	FC3F	8000	86
7090	FC48	8001	06
7090	FC4F	8000	87
7090	FC58	8001	07
7090	FDA9	8000	86
7090	FDB1	8001	18
7090	FDBA	8000	87
7090	FDC2	8001	19
7090	FDA9	8000	86
7090	FDB1	8001	28
7090	FDBA	8000	87
7090	FDC2	8001	29
7090	FDA9	8000	86
7090	FDB1	8001	28
7090	FDBA	8000	87
7090	FDC2	8001	29
7090	FDA9	8000	86
7090	FDB1	8001	08
7090	FDBA	8000	87
7090	FDC2	8001	09
7090	F9B3	8000	80
7090	F9B9	8001	FC
7090	F9BE	8000	81
7090	F9C4	8001	14
7090	F9C9	8000	82
7090	F9CF	8001	A2
7090	F9D4	8000	83
7090	F9DA	8001	01
7090	F9DF	8000	84
7090	F9E5	8001	02
7090	F9EA	8000	85
7090	F9F0	8001	14
7090	F8DB	8000	87
7090	F9B3	8000	80
7090	F9B9	8001	FC
7090	F9BE	8000	81
7090	F9C4	8001	14
7090	F9C9	8000	82
7090	F9CF	8001	00
7090	F9D4	8000	83
7090	F9DA	8001	01
7090	F9DF	8000	84
7090	F9E5	8001	02
7090	F9EA	8000	85
7090	F9F0	8001	14
7090	F8DB	8000	87
7090	FDA9	8000	86
7090	FDB1	8001	08
7090	FDBA	8000	87
7090	FDC2	8001	09
7091	FA23	8000	80
7091	FA29	8001	FC
7091	FA2E	8000	81
7091	FA34	8001	E2
7091	FA39	8000	82
7091	FA3F	8001	A2
7091	FA44	8000	83
7091	FA4A	8001	35
7091	FA4F	8000	84
7091	FA55	8001	B7
7091	FA5A	8000	85
7091	FA60	8001	BD
7091	FADD	8000	86
7091	FAE2	8001	18
7091	FAE9	8000	87
7091	FAEE	8001	19
7091	FAF8	8000	86
7091	FAFE	8001	08
7091	FB05	8000	87
7091	FB0B	8001	09
7091	FDA9	8000	86
7091	FDB1	8001	06
7091	FDBA	8000	87
7091	FDC2	8001	07
7091	FDA9	8000	86
7091	FDB1	8001	22
7091	FDBA	8000	87
7091	FDC2	8001	23
7091	FDA9	8000	86
7091	FDB1	8001	08
7091	FDBA	8000	87
7091	FDC2	8001	09
7091	FDA9	8000	86
7091	FDB1	8001	08
7091	FDBA	8000	87
7091	FDC2	8001	09
7091	FDA9	8000	86
7091	FDB1	8001	08
7091	FDBA	8000	87
7091	FDC2	8001	09
7091	FDA9	8000	86
7091	FDB1	8001	08
7091	FDBA	8000	87
7091	FDC2	8001	09
7091	FDA9	8000	86
7091	FDB1	8001	08
7091	FDBA	8000	87
7091	FDC2	8001	09
7091	FDA9	8000	86
7091	FDB1	8001	08
7091	FDBA	8000	87
7091	FDC2	8001	09
7091	FC3F	8000	86
7091	FC48	8001	06
7091	FC4F	8000	87
7091	FC58	8001	07
7091	FDA9	8000	86
7091	FDB1	8001	18
7091	FDBA	8000	87
7091	FDC2	8001	19
7091	FDA9	8000	86
7091	FDB1	8001	28
7091	FDBA	8000	87
7091	FDC2	8001	29
7091	FDA9	8000	86
7091	FDB1	8001	28
7091	FDBA	8000	87
7091	FDC2	8001	29
7091	FDA9	8000	86
7091	FDB1	8001	08
7091	FDBA	8000	87
7091	FDC2	8001	09
7091	F9B3	8000	80
7091	F9B9	8001	FC
7091	F9BE	8000	81
7091	F9C4	8001	14
7091	F9C9	8000	82
7091	F9CF	8001	A2
7091	F9D4	8000	83
7091	F9DA	8001	01
7091	F9DF	8000	84
7091	F9E5	8001	02
7091	F9EA	8000	85
7091	F9F0	8001	14
7091	F8DB	8000	87
7091	FDA9	8000	86
7091	FDB1	8001	08
7091	FDBA	8000	87
7091	FDC2	8001	09
7091	F9B3	8000	80
7091	F9B9	8001	FC
7091	F9BE	8000	81
7091	F9C4	8001	14
7091	F9C9	8000	82
7091	F9CF	8001	00
7091	F9D4	8000	83
7091	F9DA	8001	01
7091	F9DF	8000	84
7091	F9E5	8001	02
7091	F9EA	8000	85
7091	F9F0	8001	14
7091	F8DB	8000	87
7092	FA23	8000	80
7092	FA29	8001	FC
7092	FA2E	8000	81
7092	FA34	8001	E2
7092	FA39	8000	82
7092	FA3F	8001	A2
7092	FA44	8000	83
7092	FA4A	8001	35
7092	FA4F	8000	84
7092	FA55	8001	B7
7092	FA5A	8000	85
7092	FA60	8001	BD
7092	FADD	8000	86
7092	FAE2	8001	18
7092	FAE9	8000	87
7092	FAEE	8001	19
7092	FAF8	8000	86
7092	FAFE	8001	08
7092	FB05	8000	87
7092	FB0B	8001	09
7092	FDA9	8000	86
7092	FDB1	8001	06
7092	FDBA	8000	87
7092	FDC2	8001	07
7092	FDA9	8000	86
7092	FDB1	8001	22
7092	FDBA	8000	87
7092	FDC2	8001	23
7092	FDA9	8000	86
7092	FDB1	8001	08
7092	FDBA	8000	87
7092	FDC2	8001	09
7092	FDA9	8000	86
7092	FDB1	8001	08
7092	FDBA	8000	87
7092	FDC2	8001	09
7092	FDA9	8000	86
7092	FDB1	8001	08
7092	FDBA	8000	87
7092	FDC2	8001	09
7092	FDA9	8000	86
7092	FDB1	8001	08
7092	FDBA	8000	87
7092	FDC2	8001	09
7092	FDA9	8000	86
7092	FDB1	8001	08
7092	FDBA	8000	87
7092	FDC2	8001	09
7092	FDA9	8000	86
7092	FDB1	8001	08
7092	FDBA	8000	87
7092	FDC2	8001	09
7092	FC3F	8000	86
7092	FC48	8001	06
7092	FC4F	8000	87
7092	FC58	8001	07
7092	FDA9	8000	86
7092	FDB1	8001	18
7092	FDBA	8000	87
7092	FDC2	8001	19
7092	FDA9	8000	86
7092	FDB1	8001	28
7092	FDBA	8000	87
7092	FDC2	8001	29
7092	FDA9	8000	86
7092	FDB1	8001	28
7092	FDBA	8000	87
7092	FDC2	8001	29
7092	FDA9	8000	86
7092	FDB1	8001	08
7092	FDBA	8000	87
7092	FDC2	8001	09
7092	FDA9	8000	86
7092	FDB1	8001	08
7092	F9B3	8000	80
7092	F9B9	8001	FC
7092	F9BE	8000	81
7092	F9C4	8001	14
7092	F9C9	8000	82
7092	F9CF	8001	A2
7092	F9D4	8000	83
7092	F9DA	8001	01
7092	F9DF	8000	84
7092	F9E5	8001	02
7092	F9EA	8000	85
7092	F9F0	8001	14
7092	F8DB	8000	86
7092	FDBA	8000	87
7092	FDC2	8001	09
7092	F9B3	8000	80
7092	F9B9	8001	FC
7092	F9BE	8000	81
7092	F9C4	8001	14
7092	F9C9	8000	82
7092	F9CF	8001	00
7092	F9D4	8000	83
7092	F9DA	8001	01
7092	F9DF	8000	84
7092	F9E5	8001	02
7092	F9EA	8000	85
7092	F9F0	8001	14
7092	F8DB	8000	87
7093	FA23	8000	80
7093	FA29	8001	FC
7093	FA2E	8000	81
7093	FA34	8001	E2
7093	FA39	8000	82
7093	FA3F	8001	A2
7093	FA44	8000	83
7093	FA4A	8001	35
7093	FA4F	8000	84
7093	FA55	8001	B7
7093	FA5A	8000	85
7093	FA60	8001	BD
7093	FADD	8000	86
7093	FAE2	8001	18
7093	FAE9	8000	87
7093	FAEE	8001	19
7093	FAF8	8000	86
7093	FAFE	8001	08
7093	FB05	8000	87
7093	FB0B	8001	09
7093	FDA9	8000	86
7093	FDB1	8001	06
7093	FDBA	8000	87
7093	FDC2	8001	07
7093	FDA9	8000	86
7093	FDB1	8001	22
7093	FDBA	8000	87
7093	FDC2	8001	23
7093	FDA9	8000	86
7093	FDB1	8001	08
7093	FDBA	8000	87
7093	FDC2	8001	09
7093	FDA9	8000	86
7093	FDB1	8001	08
7093	FDBA	8000	87
7093	FDC2	8001	09
7093	FDA9	8000	86
7093	FDB1	8001	08
7093	FDBA	8000	87
7093	FDC2	8001	09
7093	FDA9	8000	86
7093	FDB1	8001	08
7093	FDBA	8000	87
7093	FDC2	8001	09
7093	FDA9	8000	86
7093	FDB1	8001	08
7093	FDBA	8000	87
7093	FDC2	8001	09
7093	FDA9	8000	86
7093	FDB1	8001	08
7093	FDBA	8000	87
7093	FDC2	8001	09
7093	FC3F	8000	86
7093	FC48	8001	06
7093	FC4F	8000	87
7093	FC58	8001	07
7093	FDA9	8000	86
7093	FDB1	8001	18
7093	FDBA	8000	87
7093	FDC2	8001	19
7093	FDA9	8000	86
7093	FDB1	8001	28
7093	FDBA	8000	87
7093	FDC2	8001	29
7093	FDA9	8000	86
7093	FDB1	8001	28
7093	FDBA	8000	87
7093	FDC2	8001	29
7093	FDA9	8000	86
7093	FDB1	8001	08
7093	FDBA	8000	87
7093	FDC2	8001	09
7093	F9B3	8000	80
7093	F9B9	8001	FC
7093	F9BE	8000	81
7093	F9C4	8001	14
7093	F9C9	8000	82
7093	F9CF	8001	A2
7093	F9D4	8000	83
7093	F9DA	8001	01
7093	F9DF	8000	84
7093	F9E5	8001	02
7093	F9EA	8000	85
7093	F9F0	8001	14
7093	F8DB	8000	87
7093	F9B3	8000	80
7093	F9B9	8001	FC
7093	F9BE	8000	81
7093	F9C4	8001	14
7093	F9C9	8000	82
7093	F9CF	8001	00
7093	F9D4	8000	83
7093	F9DA	8001	01
7093	F9DF	8000	84
7093	F9E5	8001	02
7093	F9EA	8000	85
7093	F9F0	8001	14
7093	F8DB	8000	87
7093	FDA9	8000	86
7093	FDB1	8001	08
7093	FDBA	8000	87
7093	FDC2	8001	09
7094	FA23	8000	80
7094	FA29	8001	FC
7094	FA2E	8000	81
7094	FA34	8001	E2
7094	FA39	8000	82
7094	FA3F	8001	A2
7094	FA44	8000	83
7094	FA4A	8001	35
7094	FA4F	8000	84
7094	FA55	8001	B7
7094	FA5A	8000	85
7094	FA60	8001	BD
7094	FADD	8000	86
7094	FAE2	8001	18
7094	FAE9	8000	87
7094	FAEE	8001	19
7094	BF0A	8000	86
7094	C8E1	8001	00
7094	C8E6	8000	87
7094	C8EB	8001	01
7094	C900	8000	86
7094	C905	8001	18
7094	C90A	8000	87
7094	C90F	8001	19
7094	BF0A	8000	86
7094	C8E1	8001	00
7094	C8E6	8000	87
7094	C8EB	8001	01
7094	C900	8000	86
7094	C905	8001	18
7094	C90A	8000	87
7094	C90F	8001	19
7094	BF0A	8000	86
7094	C8E1	8001	00
7094	C8E6	8000	87
7094	C8EB	8001	01
7094	C900	8000	86
7094	C905	8001	18
7094	C90A	8000	87
7094	C90F	8001	19
7094	FAF8	8000	86
7094	FAFE	8001	08
7094	FB05	8000	87
7094	FB0B	8001	09
7094	FDA9	8000	86
7094	FDB1	8001	06
7094	FDBA	8000	87
7094	FDC2	8001	07
7094	FDA9	8000	86
7094	FDB1	8001	22
7094	FDBA	8000	87
7094	FDC2	8001	23
7094	FDA9	8000	86
7094	FDB1	8001	08
7094	FDBA	8000	87
7094	FDC2	8001	09
7094	FDA9	8000	86
7094	FDB1	8001	08
7094	FDBA	8000	87
7094	FDC2	8001	09
7094	FDA9	8000	86
7094	FDB1	8001	08
7094	FDBA	8000	87
7094	FDC2	8001	09
7094	FDA9	8000	86
7094	FDB1	8001	08
7094	FDBA	8000	87
7094	FDC2	8001	09
7094	FDA9	8000	86
7094	FDB1	8001	08
7094	FDBA	8000	87
7094	FDC2	8001	09
7094	FDA9	8000	86
7094	FDB1	8001	08
7094	FDBA	8000	87
7094	FDC2	8001	09
7094	FC3F	8000	86
7094	FC48	8001	06
7094	FC4F	8000	87
7094	FC58	8001	07
7094	FDA9	8000	86
7094	FDB1	8001	18
7094	FDBA	8000	87
7094	FDC2	8001	19
7094	FDA9	8000	86
7094	FDB1	8001	28
7094	FDBA	8000	87
7094	FDC2	8001	29
7094	FDA9	8000	86
7094	FDB1	8001	28
7094	FDBA	8000	87
7094	FDC2	8001	29
7094	F9B3	8000	80
7094	F9B9	8001	FC
7094	F9BE	8000	81
7094	F9C4	8001	14
7094	F9C9	8000	82
7094	F9CF	8001	A2
7094	F9D4	8000	83
7094	F9DA	8001	01
7094	F9DF	8000	84
7094	F9E5	8001	02
7094	F9EA	8000	85
7094	F9F0	8001	14
7094	F8DB	8000	87
7094	F9B3	8000	80
7094	F9B9	8001	FC
7094	F9BE	8000	81
7094	F9C4	8001	14
7094	F9C9	8000	82
7094	F9CF	8001	00
7094	F9D4	8000	83
7094	F9DA	8001	01
7094	F9DF	8000	84
7094	F9E5	8001	02
7094	F9EA	8000	85
7094	F9F0	8001	14
7094	F8DB	8000	87
7094	FDA9	8000	86
7094	FDB1	8001	08
7094	FDBA	8000	87
7094	FDC2	8001	09
7094	FDA9	8000	86
7094	FDB1	8001	08
7094	FDBA	8000	87
7094	FDC2	8001	09
7095	FA23	8000	80
7095	FA29	8001	FC
7095	FA2E	8000	81
7095	FA34	8001	E2
7095	FA39	8000	82
7095	FA3F	8001	A2
7095	FA44	8000	83
7095	FA4A	8001	35
7095	FA4F	8000	84
7095	FA55	8001	B7
7095	FA5A	8000	85
7095	FA60	8001	BD
7095	FADD	8000	86
7095	FAE2	8001	18
7095	FAE9	8000	87
7095	FAEE	8001	19
7095	FAF8	8000	86
7095	FAFE	8001	08
7095	FB05	8000	87
7095	FB0B	8001	09
7095	FDA9	8000	86
7095	FDB1	8001	06
7095	FDBA	8000	87
7095	FDC2	8001	07
7095	FDA9	8000	86
7095	FDB1	8001	22
7095	FDBA	8000	87
7095	FDC2	8001	23
7095	FDA9	8000	86
7095	FDB1	8001	08
7095	FDBA	8000	87
7095	FDC2	8001	09
7095	FDA9	8000	86
7095	FDB1	8001	08
7095	FDBA	8000	87
7095	FDC2	8001	09
7095	FDA9	8000	86
7095	FDB1	8001	08
7095	FDBA	8000	87
7095	FDC2	8001	09
7095	FDA9	8000	86
7095	FDB1	8001	08
7095	FDBA	8000	87
7095	FDC2	8001	09
7095	FDA9	8000	86
7095	FDB1	8001	08
7095	FDBA	8000	87
7095	FDC2	8001	09
7095	FDA9	8000	86
7095	FDB1	8001	08
7095	FDBA	8000	87
7095	FDC2	8001	09
7095	FC3F	8000	86
7095	FC48	8001	06
7095	FC4F	8000	87
7095	FC58	8001	07
7095	FDA9	8000	86
7095	FDB1	8001	18
7095	FDBA	8000	87
7095	FDC2	8001	19
7095	FDA9	8000	86
7095	FDB1	8001	28
7095	FDBA	8000	87
7095	FDC2	8001	29
7095	FDA9	8000	86
7095	FDB1	8001	28
7095	FDBA	8000	87
7095	FDC2	8001	29
7095	FDA9	8000	86
7095	FDB1	8001	08
7095	FDBA	8000	87
7095	FDC2	8001	09
7095	F9B3	8000	80
7095	F9B9	8001	FC
7095	F9BE	8000	81
7095	F9C4	8001	14
7095	F9C9	8000	82
7095	F9CF	8001	A2
7095	F9D4	8000	83
7095	F9DA	8001	01
7095	F9DF	8000	84
7095	F9E5	8001	02
7095	F9EA	8000	85
7095	F9F0	8001	14
7095	F8DB	8000	87
7095	F9B3	8000	80
7095	F9B9	8001	FC
7095	F9BE	8000	81
7095	F9C4	8001	14
7095	F9C9	8000	82
7095	F9CF	8001	00
7095	F9D4	8000	83
7095	F9DA	8001	01
7095	F9DF	8000	84
7095	F9E5	8001	02
7095	F9EA	8000	85
7095	F9F0	8001	14
7095	F8DB	8000	87
7095	FDA9	8000	86
7095	FDB1	8001	08
7095	FDBA	8000	87
7095	FDC2	8001	09
7096	FA23	8000	80
7096	FA29	8001	FC
7096	FA2E	8000	81
7096	FA34	8001	E2
7096	FA39	8000	82
7096	FA3F	8001	A2
7096	FA44	8000	83
7096	FA4A	8001	35
7096	FA4F	8000	84
7096	FA55	8001	B7
7096	FA5A	8000	85
7096	FA60	8001	BD
7096	FADD	8000	86
7096	FAE2	8001	18
7096	FAE9	8000	87
7096	FAEE	8001	19
7096	FAF8	8000	86
7096	FAFE	8001	08
7096	FB05	8000	87
7096	FB0B	8001	09
7096	FDA9	8000	86
7096	FDB1	8001	06
7096	FDBA	8000	87
7096	FDC2	8001	07
7096	FDA9	8000	86
7096	FDB1	8001	22
7096	FDBA	8000	87
7096	FDC2	8001	23
7096	FDA9	8000	86
7096	FDB1	8001	08
7096	FDBA	8000	87
7096	FDC2	8001	09
7096	FDA9	8000	86
7096	FDB1	8001	08
7096	FDBA	8000	87
7096	FDC2	8001	09
7096	FDA9	8000	86
7096	FDB1	8001	08
7096	FDBA	8000	87
7096	FDC2	8001	09
7096	FDA9	8000	86
7096	FDB1	8001	08
7096	FDBA	8000	87
7096	FDC2	8001	09
7096	FDA9	8000	86
7096	FDB1	8001	08
7096	FDBA	8000	87
7096	FDC2	8001	09
7096	FDA9	8000	86
7096	FDB1	8001	08
7096	FDBA	8000	87
7096	FDC2	8001	09
7096	FC3F	8000	86
7096	FC48	8001	06
7096	FC4F	8000	87
7096	FC58	8001	07
7096	FDA9	8000	86
7096	FDB1	8001	18
7096	FDBA	8000	87
7096	FDC2	8001	19
7096	FDA9	8000	86
7096	FDB1	8001	28
7096	FDBA	8000	87
7096	FDC2	8001	29
7096	FDA9	8000	86
7096	FDB1	8001	28
7096	FDBA	8000	87
7096	FDC2	8001	29
7096	FDA9	8000	86
7096	FDB1	8001	08
7096	FDBA	8000	87
7096	FDC2	8001	09
7096	F9B3	8000	80
7096	F9B9	8001	FC
7096	F9BE	8000	81
7096	F9C4	8001	14
7096	F9C9	8000	82
7096	F9CF	8001	A2
7096	F9D4	8000	83
7096	F9DA	8001	01
7096	F9DF	8000	84
7096	F9E5	8001	02
7096	F9EA	8000	85
7096	F9F0	8001	14
7096	F8DB	8000	87
7096	F9B3	8000	80
7096	F9B9	8001	FC
7096	F9BE	8000	81
7096	F9C4	8001	14
7096	F9C9	8000	82
7096	F9CF	8001	00
7096	F9D4	8000	83
7096	F9DA	8001	01
7096	F9DF	8000	84
7096	F9E5	8001	02
7096	F9EA	8000	85
7096	F9F0	8001	14
7096	F8DB	8000	87
7096	FDA9	8000	86
7096	FDB1	8001	08
7096	FDBA	8000	87
7096	FDC2	8001	09
7097	FA23	8000	80
7097	FA29	8001	FC
7097	FA2E	8000	81
7097	FA34	8001	E2
7097	FA39	8000	82
7097	FA3F	8001	A2
7097	FA44	8000	83
7097	FA4A	8001	35
7097	FA4F	8000	84
7097	FA55	8001	B7
7097	FA5A	8000	85
7097	FA60	8001	BD
7097	FADD	8000	86
7097	FAE2	8001	18
7097	FAE9	8000	87
7097	FAEE	8001	19
7097	FAF8	8000	86
7097	FAFE	8001	08
7097	FB05	8000	87
7097	FB0B	8001	09
7097	FDA9	8000	86
7097	FDB1	8001	06
7097	FDBA	8000	87
7097	FDC2	8001	07
7097	FDA9	8000	86
7097	FDB1	8001	22
7097	FDBA	8000	87
7097	FDC2	8001	23
7097	FDA9	8000	86
7097	FDB1	8001	08
7097	FDBA	8000	87
7097	FDC2	8001	09
7097	FDA9	8000	86
7097	FDB1	8001	08
7097	FDBA	8000	87
7097	FDC2	8001	09
7097	FDA9	8000	86
7097	FDB1	8001	08
7097	FDBA	8000	87
7097	FDC2	8001	09
7097	FDA9	8000	86
7097	FDB1	8001	08
7097	FDBA	8000	87
7097	FDC2	8001	09
7097	FDA9	8000	86
7097	FDB1	8001	08
7097	FDBA	8000	87
7097	FDC2	8001	09
7097	FDA9	8000	86
7097	FDB1	8001	08
7097	FDBA	8000	87
7097	FDC2	8001	09
7097	FC3F	8000	86
7097	FC48	8001	06
7097	FC4F	8000	87
7097	FC58	8001	07
7097	FDA9	8000	86
7097	FDB1	8001	18
7097	FDBA	8000	87
7097	FDC2	8001	19
7097	FDA9	8000	86
7097	FDB1	8001	28
7097	FDBA	8000	87
7097	FDC2	8001	29
7097	FDA9	8000	86
7097	FDB1	8001	28
7097	FDBA	8000	87
7097	FDC2	8001	29
7097	FDA9	8000	86
7097	FDB1	8001	08
7097	FDBA	8000	87
7097	FDC2	8001	09
7097	F9B3	8000	80
7097	F9B9	8001	FC
7097	F9BE	8000	81
7097	F9C4	8001	14
7097	F9C9	8000	82
7097	F9CF	8001	A2
7097	F9D4	8000	83
7097	F9DA	8001	01
7097	F9DF	8000	84
7097	F9E5	8001	02
7097	F9EA	8000	85
7097	F9F0	8001	14
7097	F8DB	8000	87
7097	FDA9	8000	86
7097	FDB1	8001	08
7097	FDBA	8000	87
7097	FDC2	8001	09
7097	F9B3	8000	80
7097	F9B9	8001	FC
7097	F9BE	8000	81
7097	F9C4	8001	14
7097	F9C9	8000	82
7097	F9CF	8001	00
7097	F9D4	8000	83
7097	F9DA	8001	01
7097	F9DF	8000	84
7097	F9E5	8001	02
7097	F9EA	8000	85
7097	F9F0	8001	14
7097	F8DB	8000	87
7098	FA23	8000	80
7098	FA29	8001	FC
7098	FA2E	8000	81
7098	FA34	8001	E2
7098	FA39	8000	82
7098	FA3F	8001	A2
7098	FA44	8000	83
7098	FA4A	8001	35
7098	FA4F	8000	84
7098	FA55	8001	B7
7098	FA5A	8000	85
7098	FA60	8001	BD
7098	FADD	8000	86
7098	FAE2	8001	18
7098	FAE9	8000	87
7098	FAEE	8001	19
7098	FAF8	8000	86
7098	FAFE	8001	08
7098	FB05	8000	87
7098	FB0B	8001	09
7098	FDA9	8000	86
7098	FDB1	8001	06
7098	FDBA	8000	87
7098	FDC2	8001	07
7098	FDA9	8000	86
7098	FDB1	8001	22
7098	FDBA	8000	87
7098	FDC2	8001	23
7098	FDA9	8000	86
7098	FDB1	8001	08
7098	FDBA	8000	87
7098	FDC2	8001	09
7098	FDA9	8000	86
7098	FDB1	8001	08
7098	FDBA	8000	87
7098	FDC2	8001	09
7098	FDA9	8000	86
7098	FDB1	8001	08
7098	FDBA	8000	87
7098	FDC2	8001	09
7098	FDA9	8000	86
7098	FDB1	8001	08
7098	FDBA	8000	87
7098	FDC2	8001	09
7098	FDA9	8000	86
7098	FDB1	8001	08
7098	FDBA	8000	87
7098	FDC2	8001	09
7098	FDA9	8000	86
7098	FDB1	8001	08
7098	FDBA	8000	87
7098	FDC2	8001	09
7098	FC3F	8000	86
7098	FC48	8001	06
7098	FC4F	8000	87
7098	FC58	8001	07
7098	FDA9	8000	86
7098	FDB1	8001	18
7098	FDBA	8000	87
7098	FDC2	8001	19
7098	FDA9	8000	86
7098	FDB1	8001	28
7098	FDBA	8000	87
7098	FDC2	8001	29
7098	FDA9	8000	86
7098	FDB1	8001	28
7098	FDBA	8000	87
7098	FDC2	8001	29
7098	FDA9	8000	86
7098	FDB1	8001	08
7098	FDBA	8000	87
7098	FDC2	8001	09
7098	FDA9	8000	86
7098	FDB1	8001	08
7098	FDBA	8000	87
7098	FDC2	8001	09
7098	F9B3	8000	80
7098	F9B9	8001	FC
7098	F9BE	8000	81
7098	F9C4	8001	14
7098	F9C9	8000	82
7098	F9CF	8001	A2
7098	F9D4	8000	83
7098	F9DA	8001	01
7098	F9DF	8000	84
7098	F9E5	8001	02
7098	F9EA	8000	85
7098	F9F0	8001	14
7098	F8DB	8000	87
7098	F9B3	8000	80
7098	F9B9	8001	FC
7098	F9BE	8000	81
7098	F9C4	8001	14
7098	F9C9	8000	82
7098	F9CF	8001	00
7098	F9D4	8000	83
7098	F9DA	8001	01
7098	F9DF	8000	84
7098	F9E5	8001	02
7098	F9EA	8000	85
7098	F9F0	8001	14
7098	F8DB	8000	87
7099	FA23	8000	80
7099	FA29	8001	FC
7099	FA2E	8000	81
7099	FA34	8001	E2
7099	FA39	8000	82
7099	FA3F	8001	A2
7099	FA44	8000	83
7099	FA4A	8001	35
7099	FA4F	8000	84
7099	FA55	8001	B7
7099	FA5A	8000	85
7099	FA60	8001	BD
7099	FADD	8000	86
7099	FAE2	8001	18
7099	FAE9	8000	87
7099	FAEE	8001	19
7099	FAF8	8000	86
7099	FAFE	8001	08
7099	FB05	8000	87
7099	FB0B	8001	09
7099	FDA9	8000	86
7099	FDB1	8001	06
7099	FDBA	8000	87
7099	FDC2	8001	07
7099	FDA9	8000	86
7099	FDB1	8001	22
7099	FDBA	8000	87
7099	FDC2	8001	23
7099	FDA9	8000	86
7099	FDB1	8001	08
7099	FDBA	8000	87
7099	FDC2	8001	09
7099	FDA9	8000	86
7099	FDB1	8001	08
7099	FDBA	8000	87
7099	FDC2	8001	09
7099	FDA9	8000	86
7099	FDB1	8001	08
7099	FDBA	8000	87
7099	FDC2	8001	09
7099	FDA9	8000	86
7099	FDB1	8001	08
7099	FDBA	8000	87
7099	FDC2	8001	09
7099	FDA9	8000	86
7099	FDB1	8001	08
7099	FDBA	8000	87
7099	FDC2	8001	09
7099	FDA9	8000	86
7099	FDB1	8001	08
7099	FDBA	8000	87
7099	FDC2	8001	09
7099	FC3F	8000	86
7099	FC48	8001	06
7099	FC4F	8000	87
7099	FC58	8001	07
7099	FDA9	8000	86
7099	FDB1	8001	18
7099	FDBA	8000	87
7099	FDC2	8001	19
7099	FDA9	8000	86
7099	FDB1	8001	28
7099	FDBA	8000	87
7099	FDC2	8001	29
7099	FDA9	8000	86
7099	FDB1	8001	28
7099	FDBA	8000	87
7099	FDC2	8001	29
7099	F9B3	8000	80
7099	F9B9	8001	FC
7099	F9BE	8000	81
7099	F9C4	8001	14
7099	F9C9	8000	82
7099	F9CF	8001	A2
7099	F9D4	8000	83
7099	F9DA	8001	01
7099	F9DF	8000	84
7099	F9E5	8001	02
7099	F9EA	8000	85
7099	F9F0	8001	14
7099	F8DB	8000	87
7099	FDA9	8000	86
7099	FDB1	8001	08
7099	FDBA	8000	87
7099	FDC2	8001	09
7099	F9B3	8000	80
7099	F9B9	8001	FC
7099	F9BE	8000	81
7099	F9C4	8001	14
7099	F9C9	8000	82
7099	F9CF	8001	00
7099	F9D4	8000	83
7099	F9DA	8001	01
7099	F9DF	8000	84
7099	F9E5	8001	02
7099	F9EA	8000	85
7099	F9F0	8001	14
7099	F8DB	8000	87
7099	FDA9	8000	86
7099	FDB1	8001	08
7099	FDBA	8000	87
7099	FDC2	8001	09
7100	FA23	8000	80
7100	FA29	8001	FC
7100	FA2E	8000	81
7100	FA34	8001	E2
7100	FA39	8000	82
7100	FA3F	8001	A2
7100	FA44	8000	83
7100	FA4A	8001	35
7100	FA4F	8000	84
7100	FA55	8001	B7
7100	FA5A	8000	85
7100	FA60	8001	BD
7100	FADD	8000	86
7100	FAE2	8001	18
7100	FAE9	8000	87
7100	FAEE	8001	19
7100	FAF8	8000	86
7100	FAFE	8001	08
7100	FB05	8000	87
7100	FB0B	8001	09
7100	FDA9	8000	86
7100	FDB1	8001	06
7100	FDBA	8000	87
7100	FDC2	8001	07
7100	FDA9	8000	86
7100	FDB1	8001	22
7100	FDBA	8000	87
7100	FDC2	8001	23
7100	FDA9	8000	86
7100	FDB1	8001	08
7100	FDBA	8000	87
7100	FDC2	8001	09
7100	FDA9	8000	86
7100	FDB1	8001	08
7100	FDBA	8000	87
7100	FDC2	8001	09
7100	FDA9	8000	86
7100	FDB1	8001	08
7100	FDBA	8000	87
7100	FDC2	8001	09
7100	FDA9	8000	86
7100	FDB1	8001	08
7100	FDBA	8000	87
7100	FDC2	8001	09
7100	FDA9	8000	86
7100	FDB1	8001	08
7100	FDBA	8000	87
7100	FDC2	8001	09
7100	FDA9	8000	86
7100	FDB1	8001	08
7100	FDBA	8000	87
7100	FDC2	8001	09
7100	FC3F	8000	86
7100	FC48	8001	06
7100	FC4F	8000	87
7100	FC58	8001	07
7100	FDA9	8000	86
7100	FDB1	8001	18
7100	FDBA	8000	87
7100	FDC2	8001	19
7100	FDA9	8000	86
7100	FDB1	8001	28
7100	FDBA	8000	87
7100	FDC2	8001	29
7100	FDA9	8000	86
7100	FDB1	8001	28
7100	FDBA	8000	87
7100	FDC2	8001	29
7100	FDA9	8000	86
7100	FDB1	8001	08
7100	FDBA	8000	87
7100	FDC2	8001	09
7100	FDA9	8000	86
7100	FDB1	8001	08
7100	FDBA	8000	87
7100	FDC2	8001	09
7100	F9B3	8000	80
7100	F9B9	8001	FC
7100	F9BE	8000	81
7100	F9C4	8001	14
7100	F9C9	8000	82
7100	F9CF	8001	A2
7100	F9D4	8000	83
7100	F9DA	8001	01
7100	F9DF	8000	84
7100	F9E5	8001	02
7100	F9EA	8000	85
7100	F9F0	8001	14
7100	F8DB	8000	87
7100	F9B3	8000	80
7100	F9B9	8001	FC
7100	F9BE	8000	81
7100	F9C4	8001	14
7100	F9C9	8000	82
7100	F9CF	8001	00
7100	F9D4	8000	83
7100	F9DA	8001	01
7100	F9DF	8000	84
7100	F9E5	8001	02
7100	F9EA	8000	85
7100	F9F0	8001	14
7100	F8DB	8000	87
7101	FA23	8000	80
7101	FA29	8001	FC
7101	FA2E	8000	81
7101	FA34	8001	E2
7101	FA39	8000	82
7101	FA3F	8001	A2
7101	FA44	8000	83
7101	FA4A	8001	35
7101	FA4F	8000	84
7101	FA55	8001	B7
7101	FA5A	8000	85
7101	FA60	8001	BD
7101	FADD	8000	86
7101	FAE2	8001	18
7101	FAE9	8000	87
7101	FAEE	8001	19
7101	FAF8	8000	86
7101	FAFE	8001	08
7101	FB05	8000	87
7101	FB0B	8001	09
7101	FDA9	8000	86
7101	FDB1	8001	06
7101	FDBA	8000	87
7101	FDC2	8001	07
7101	FDA9	8000	86
7101	FDB1	8001	22
7101	FDBA	8000	87
7101	FDC2	8001	23
7101	FDA9	8000	86
7101	FDB1	8001	08
7101	FDBA	8000	87
7101	FDC2	8001	09
7101	FDA9	8000	86
7101	FDB1	8001	08
7101	FDBA	8000	87
7101	FDC2	8001	09
7101	FDA9	8000	86
7101	FDB1	8001	08
7101	FDBA	8000	87
7101	FDC2	8001	09
7101	FDA9	8000	86
7101	FDB1	8001	08
7101	FDBA	8000	87
7101	FDC2	8001	09
7101	FDA9	8000	86
7101	FDB1	8001	08
7101	FDBA	8000	87
7101	FDC2	8001	09
7101	FDA9	8000	86
7101	FDB1	8001	08
7101	FDBA	8000	87
7101	FDC2	8001	09
7101	FC3F	8000	86
7101	FC48	8001	06
7101	FC4F	8000	87
7101	FC58	8001	07
7101	FDA9	8000	86
7101	FDB1	8001	18
7101	FDBA	8000	87
7101	FDC2	8001	19
7101	FDA9	8000	86
7101	FDB1	8001	28
7101	FDBA	8000	87
7101	FDC2	8001	29
7101	FDA9	8000	86
7101	FDB1	8001	28
7101	FDBA	8000	87
7101	FDC2	8001	29
7101	FDA9	8000	86
7101	FDB1	8001	08
7101	FDBA	8000	87
7101	FDC2	8001	09
7101	FDA9	8000	86
7101	FDB1	8001	08
7101	FDBA	8000	87
7101	FDC2	8001	09
7101	F9B3	8000	80
7101	F9B9	8001	FC
7101	F9BE	8000	81
7101	F9C4	8001	14
7101	F9C9	8000	82
7101	F9CF	8001	A2
7101	F9D4	8000	83
7101	F9DA	8001	01
7101	F9DF	8000	84
7101	F9E5	8001	02
7101	F9EA	8000	85
7101	F9F0	8001	14
7101	F8DB	8000	87
7101	F9B3	8000	80
7101	F9B9	8001	FC
7101	F9BE	8000	81
7101	F9C4	8001	14
7101	F9C9	8000	82
7101	F9CF	8001	00
7101	F9D4	8000	83
7101	F9DA	8001	01
7101	F9DF	8000	84
7101	F9E5	8001	02
7101	F9EA	8000	85
7101	F9F0	8001	14
7101	F8DB	8000	87
7102	FA23	8000	80
7102	FA29	8001	FC
7102	FA2E	8000	81
7102	FA34	8001	E2
7102	FA39	8000	82
7102	FA3F	8001	A2
7102	FA44	8000	83
7102	FA4A	8001	35
7102	FA4F	8000	84
7102	FA55	8001	B7
7102	FA5A	8000	85
7102	FA60	8001	BD
7102	FADD	8000	86
7102	FAE2	8001	18
7102	FAE9	8000	87
7102	FAEE	8001	19
7102	FAF8	8000	86
7102	FAFE	8001	08
7102	FB05	8000	87
7102	FB0B	8001	09
7102	FDA9	8000	86
7102	FDB1	8001	06
7102	FDBA	8000	87
7102	FDC2	8001	07
7102	FDA9	8000	86
7102	FDB1	8001	22
7102	FDBA	8000	87
7102	FDC2	8001	23
7102	FDA9	8000	86
7102	FDB1	8001	08
7102	FDBA	8000	87
7102	FDC2	8001	09
7102	FDA9	8000	86
7102	FDB1	8001	08
7102	FDBA	8000	87
7102	FDC2	8001	09
7102	FDA9	8000	86
7102	FDB1	8001	08
7102	FDBA	8000	87
7102	FDC2	8001	09
7102	FDA9	8000	86
7102	FDB1	8001	08
7102	FDBA	8000	87
7102	FDC2	8001	09
7102	FDA9	8000	86
7102	FDB1	8001	08
7102	FDBA	8000	87
7102	FDC2	8001	09
7102	FDA9	8000	86
7102	FDB1	8001	08
7102	FDBA	8000	87
7102	FDC2	8001	09
7102	FC3F	8000	86
7102	FC48	8001	06
7102	FC4F	8000	87
7102	FC58	8001	07
7102	FDA9	8000	86
7102	FDB1	8001	18
7102	FDBA	8000	87
7102	FDC2	8001	19
7102	FDA9	8000	86
7102	FDB1	8001	28
7102	FDBA	8000	87
7102	FDC2	8001	29
7102	FDA9	8000	86
7102	FDB1	8001	28
7102	FDBA	8000	87
7102	FDC2	8001	29
7102	FDA9	8000	86
7102	FDB1	8001	08
7102	FDBA	8000	87
7102	FDC2	8001	09
7102	FDA9	8000	86
7102	FDB1	8001	08
7102	FDBA	8000	87
7102	FDC2	8001	09
7102	F9B3	8000	80
7102	F9B9	8001	FC
7102	F9BE	8000	81
7102	F9C4	8001	14
7102	F9C9	8000	82
7102	F9CF	8001	A2
7102	F9D4	8000	83
7102	F9DA	8001	01
7102	F9DF	8000	84
7102	F9E5	8001	02
7102	F9EA	8000	85
7102	F9F0	8001	14
7102	F8DB	8000	87
7102	F9B3	8000	80
7102	F9B9	8001	FC
7102	F9BE	8000	81
7102	F9C4	8001	14
7102	F9C9	8000	82
7102	F9CF	8001	00
7102	F9D4	8000	83
7102	F9DA	8001	01
7102	F9DF	8000	84
7102	F9E5	8001	02
7102	F9EA	8000	85
7102	F9F0	8001	14
7102	F8DB	8000	87
7103	FA23	8000	80
7103	FA29	8001	FC
7103	FA2E	8000	81
7103	FA34	8001	E2
7103	FA39	8000	82
7103	FA3F	8001	A2
7103	FA44	8000	83
7103	FA4A	8001	35
7103	FA4F	8000	84
7103	FA55	8001	B7
7103	FA5A	8000	85
7103	FA60	8001	BD
7103	FADD	8000	86
7103	FAE2	8001	18
7103	FAE9	8000	87
7103	FAEE	8001	19
7103	FAF8	8000	86
7103	FAFE	8001	08
7103	FB05	8000	87
7103	FB0B	8001	09
7103	FDA9	8000	86
7103	FDB1	8001	06
7103	FDBA	8000	87
7103	FDC2	8001	07
7103	FDA9	8000	86
7103	FDB1	8001	22
7103	FDBA	8000	87
7103	FDC2	8001	23
7103	FDA9	8000	86
7103	FDB1	8001	08
7103	FDBA	8000	87
7103	FDC2	8001	09
7103	FDA9	8000	86
7103	FDB1	8001	08
7103	FDBA	8000	87
7103	FDC2	8001	09
7103	FDA9	8000	86
7103	FDB1	8001	08
7103	FDBA	8000	87
7103	FDC2	8001	09
7103	FDA9	8000	86
7103	FDB1	8001	08
7103	FDBA	8000	87
7103	FDC2	8001	09
7103	FDA9	8000	86
7103	FDB1	8001	08
7103	FDBA	8000	87
7103	FDC2	8001	09
7103	FDA9	8000	86
7103	FDB1	8001	08
7103	FDBA	8000	87
7103	FDC2	8001	09
7103	FC3F	8000	86
7103	FC48	8001	06
7103	FC4F	8000	87
7103	FC58	8001	07
7103	FDA9	8000	86
7103	FDB1	8001	18
7103	FDBA	8000	87
7103	FDC2	8001	19
7103	FDA9	8000	86
7103	FDB1	8001	28
7103	FDBA	8000	87
7103	FDC2	8001	29
7103	FDA9	8000	86
7103	FDB1	8001	28
7103	FDBA	8000	87
7103	FDC2	8001	29
7103	FDA9	8000	86
7103	FDB1	8001	08
7103	FDBA	8000	87
7103	FDC2	8001	09
7103	FDA9	8000	86
7103	FDB1	8001	08
7103	FDBA	8000	87
7103	FDC2	8001	09
7103	F9B3	8000	80
7103	F9B9	8001	FC
7103	F9BE	8000	81
7103	F9C4	8001	14
7103	F9C9	8000	82
7103	F9CF	8001	A2
7103	F9D4	8000	83
7103	F9DA	8001	01
7103	F9DF	8000	84
7103	F9E5	8001	02
7103	F9EA	8000	85
7103	F9F0	8001	14
7103	F8DB	8000	87
7103	F9B3	8000	80
7103	F9B9	8001	FC
7103	F9BE	8000	81
7103	F9C4	8001	14
7103	F9C9	8000	82
7103	F9CF	8001	00
7103	F9D4	8000	83
7103	F9DA	8001	01
7103	F9DF	8000	84
7103	F9E5	8001	02
7103	F9EA	8000	85
7103	F9F0	8001	14
7103	F8DB	8000	87
7104	FA23	8000	80
7104	FA29	8001	FC
7104	FA2E	8000	81
7104	FA34	8001	E2
7104	FA39	8000	82
7104	FA3F	8001	A2
7104	FA44	8000	83
7104	FA4A	8001	35
7104	FA4F	8000	84
7104	FA55	8001	B7
7104	FA5A	8000	85
7104	FA60	8001	BD
7104	FADD	8000	86
7104	FAE2	8001	18
7104	FAE9	8000	87
7104	FAEE	8001	19
7104	BF0A	8000	86
7104	C8E1	8001	00
7104	C8E6	8000	87
7104	C8EB	8001	01
7104	C900	8000	86
7104	C905	8001	18
7104	C90A	8000	87
7104	C90F	8001	19
7104	BF0A	8000	86
7104	C8E1	8001	00
7104	C8E6	8000	87
7104	C8EB	8001	01
7104	C900	8000	86
7104	C905	8001	18
7104	C90A	8000	87
7104	C90F	8001	19
7104	BF0A	8000	86
7104	C8E1	8001	00
7104	C8E6	8000	87
7104	C8EB	8001	01
7104	C900	8000	86
7104	C905	8001	18
7104	C90A	8000	87
7104	C90F	8001	19
7104	BF0A	8000	86
7104	C8E1	8001	00
7104	C8E6	8000	87
7104	C8EB	8001	01
7104	C900	8000	86
7104	C905	8001	18
7104	C90A	8000	87
7104	C90F	8001	19
7104	BF0A	8000	86
7104	C8E1	8001	00
7104	C8E6	8000	87
7104	C8EB	8001	01
7104	C900	8000	86
7104	C905	8001	18
7104	C90A	8000	87
7104	C90F	8001	19
7104	BF0A	8000	86
7104	C8E1	8001	00
7104	C8E6	8000	87
7104	C8EB	8001	01
7104	C900	8000	86
7104	C905	8001	18
7104	C90A	8000	87
7104	C90F	8001	19
7104	FAF8	8000	86
7104	FAFE	8001	08
7104	FB05	8000	87
7104	FB0B	8001	09
7104	FDA9	8000	86
7104	FDB1	8001	06
7104	FDBA	8000	87
7104	FDC2	8001	07
7104	FDA9	8000	86
7104	FDB1	8001	22
7104	FDBA	8000	87
7104	FDC2	8001	23
7104	FDA9	8000	86
7104	FDB1	8001	08
7104	FDBA	8000	87
7104	FDC2	8001	09
7104	FDA9	8000	86
7104	FDB1	8001	08
7104	FDBA	8000	87
7104	FDC2	8001	09
7104	FDA9	8000	86
7104	FDB1	8001	08
7104	FDBA	8000	87
7104	FDC2	8001	09
7104	FDA9	8000	86
7104	FDB1	8001	08
7104	FDBA	8000	87
7104	FDC2	8001	09
7104	FDA9	8000	86
7104	FDB1	8001	08
7104	FDBA	8000	87
7104	FDC2	8001	09
7104	FDA9	8000	86
7104	FDB1	8001	08
7104	FDBA	8000	87
7104	FDC2	8001	09
7104	FC3F	8000	86
7104	FC48	8001	06
7104	FC4F	8000	87
7104	FC58	8001	07
7104	FDA9	8000	86
7104	FDB1	8001	18
7104	FDBA	8000	87
7104	FDC2	8001	19
7104	FDA9	8000	86
7104	FDB1	8001	28
7104	FDBA	8000	87
7104	FDC2	8001	29
7104	F9B3	8000	80
7104	F9B9	8001	FC
7104	F9BE	8000	81
7104	F9C4	8001	14
7104	F9C9	8000	82
7104	F9CF	8001	A2
7104	F9D4	8000	83
7104	F9DA	8001	01
7104	F9DF	8000	84
7104	F9E5	8001	02
7104	F9EA	8000	85
7104	F9F0	8001	14
7104	F8DB	8000	87
7104	FDA9	8000	86
7104	FDB1	8001	28
7104	FDBA	8000	87
7104	FDC2	8001	29
7104	F9B3	8000	80
7104	F9B9	8001	FC
7104	F9BE	8000	81
7104	F9C4	8001	14
7104	F9C9	8000	82
7104	F9CF	8001	00
7104	F9D4	8000	83
7104	F9DA	8001	01
7104	F9DF	8000	84
7104	F9E5	8001	02
7104	F9EA	8000	85
7104	F9F0	8001	14
7104	F8DB	8000	87
7104	FDA9	8000	86
7104	FDB1	8001	08
7104	FDBA	8000	87
7104	FDC2	8001	09
7104	FDA9	8000	86
7104	FDB1	8001	08
7104	FDBA	8000	87
7104	FDC2	8001	09
7105	FA23	8000	80
7105	FA29	8001	FC
7105	FA2E	8000	81
7105	FA34	8001	E2
7105	FA39	8000	82
7105	FA3F	8001	A2
7105	FA44	8000	83
7105	FA4A	8001	35
7105	FA4F	8000	84
7105	FA55	8001	B7
7105	FA5A	8000	85
7105	FA60	8001	BD
7105	FADD	8000	86
7105	FAE2	8001	18
7105	FAE9	8000	87
7105	FAEE	8001	19
7105	FAF8	8000	86
7105	FAFE	8001	08
7105	FB05	8000	87
7105	FB0B	8001	09
7105	FDA9	8000	86
7105	FDB1	8001	06
7105	FDBA	8000	87
7105	FDC2	8001	07
7105	FDA9	8000	86
7105	FDB1	8001	22
7105	FDBA	8000	87
7105	FDC2	8001	23
7105	FDA9	8000	86
7105	FDB1	8001	08
7105	FDBA	8000	87
7105	FDC2	8001	09
7105	FDA9	8000	86
7105	FDB1	8001	08
7105	FDBA	8000	87
7105	FDC2	8001	09
7105	FDA9	8000	86
7105	FDB1	8001	08
7105	FDBA	8000	87
7105	FDC2	8001	09
7105	FDA9	8000	86
7105	FDB1	8001	08
7105	FDBA	8000	87
7105	FDC2	8001	09
7105	FDA9	8000	86
7105	FDB1	8001	08
7105	FDBA	8000	87
7105	FDC2	8001	09
7105	FDA9	8000	86
7105	FDB1	8001	08
7105	FDBA	8000	87
7105	FDC2	8001	09
7105	FC3F	8000	86
7105	FC48	8001	06
7105	FC4F	8000	87
7105	FC58	8001	07
7105	FDA9	8000	86
7105	FDB1	8001	18
7105	FDBA	8000	87
7105	FDC2	8001	19
7105	FDA9	8000	86
7105	FDB1	8001	28
7105	FDBA	8000	87
7105	FDC2	8001	29
7105	FDA9	8000	86
7105	FDB1	8001	28
7105	FDBA	8000	87
7105	FDC2	8001	29
7105	FDA9	8000	86
7105	FDB1	8001	08
7105	FDBA	8000	87
7105	FDC2	8001	09
7105	FDA9	8000	86
7105	FDB1	8001	08
7105	FDBA	8000	87
7105	FDC2	8001	09
7105	F9B3	8000	80
7105	F9B9	8001	FC
7105	F9BE	8000	81
7105	F9C4	8001	14
7105	F9C9	8000	82
7105	F9CF	8001	A2
7105	F9D4	8000	83
7105	F9DA	8001	01
7105	F9DF	8000	84
7105	F9E5	8001	02
7105	F9EA	8000	85
7105	F9F0	8001	14
7105	F8DB	8000	87
7105	F9B3	8000	80
7105	F9B9	8001	FC
7105	F9BE	8000	81
7105	F9C4	8001	14
7105	F9C9	8000	82
7105	F9CF	8001	00
7105	F9D4	8000	83
7105	F9DA	8001	01
7105	F9DF	8000	84
7105	F9E5	8001	02
7105	F9EA	8000	85
7105	F9F0	8001	14
7105	F8DB	8000	87
7106	FA23	8000	80
7106	FA29	8001	FC
7106	FA2E	8000	81
7106	FA34	8001	E2
7106	FA39	8000	82
7106	FA3F	8001	A2
7106	FA44	8000	83
7106	FA4A	8001	35
7106	FA4F	8000	84
7106	FA55	8001	B7
7106	FA5A	8000	85
7106	FA60	8001	BD
7106	FADD	8000	86
7106	FAE2	8001	18
7106	FAE9	8000	87
7106	FAEE	8001	19
7106	FAF8	8000	86
7106	FAFE	8001	08
7106	FB05	8000	87
7106	FB0B	8001	09
7106	FDA9	8000	86
7106	FDB1	8001	06
7106	FDBA	8000	87
7106	FDC2	8001	07
7106	FDA9	8000	86
7106	FDB1	8001	22
7106	FDBA	8000	87
7106	FDC2	8001	23
7106	FDA9	8000	86
7106	FDB1	8001	08
7106	FDBA	8000	87
7106	FDC2	8001	09
7106	FDA9	8000	86
7106	FDB1	8001	08
7106	FDBA	8000	87
7106	FDC2	8001	09
7106	FDA9	8000	86
7106	FDB1	8001	08
7106	FDBA	8000	87
7106	FDC2	8001	09
7106	FDA9	8000	86
7106	FDB1	8001	08
7106	FDBA	8000	87
7106	FDC2	8001	09
7106	FDA9	8000	86
7106	FDB1	8001	08
7106	FDBA	8000	87
7106	FDC2	8001	09
7106	FDA9	8000	86
7106	FDB1	8001	08
7106	FDBA	8000	87
7106	FDC2	8001	09
7106	FC3F	8000	86
7106	FC48	8001	06
7106	FC4F	8000	87
7106	FC58	8001	07
7106	FDA9	8000	86
7106	FDB1	8001	18
7106	FDBA	8000	87
7106	FDC2	8001	19
7106	FDA9	8000	86
7106	FDB1	8001	28
7106	FDBA	8000	87
7106	FDC2	8001	29
7106	FDA9	8000	86
7106	FDB1	8001	28
7106	FDBA	8000	87
7106	FDC2	8001	29
7106	FDA9	8000	86
7106	FDB1	8001	08
7106	FDBA	8000	87
7106	FDC2	8001	09
7106	FDA9	8000	86
7106	FDB1	8001	08
7106	FDBA	8000	87
7106	FDC2	8001	09
7106	F9B3	8000	80
7106	F9B9	8001	FC
7106	F9BE	8000	81
7106	F9C4	8001	14
7106	F9C9	8000	82
7106	F9CF	8001	A2
7106	F9D4	8000	83
7106	F9DA	8001	01
7106	F9DF	8000	84
7106	F9E5	8001	02
7106	F9EA	8000	85
7106	F9F0	8001	14
7106	F8DB	8000	87
7106	F9B3	8000	80
7106	F9B9	8001	FC
7106	F9BE	8000	81
7106	F9C4	8001	14
7106	F9C9	8000	82
7106	F9CF	8001	00
7106	F9D4	8000	83
7106	F9DA	8001	01
7106	F9DF	8000	84
7106	F9E5	8001	02
7106	F9EA	8000	85
7106	F9F0	8001	14
7106	F8DB	8000	87
7107	FA23	8000	80
7107	FA29	8001	FC
7107	FA2E	8000	81
7107	FA34	8001	E2
7107	FA39	8000	82
7107	FA3F	8001	A2
7107	FA44	8000	83
7107	FA4A	8001	35
7107	FA4F	8000	84
7107	FA55	8001	B7
7107	FA5A	8000	85
7107	FA60	8001	BD
7107	FADD	8000	86
7107	FAE2	8001	18
7107	FAE9	8000	87
7107	FAEE	8001	19
7107	FAF8	8000	86
7107	FAFE	8001	08
7107	FB05	8000	87
7107	FB0B	8001	09
7107	FDA9	8000	86
7107	FDB1	8001	06
7107	FDBA	8000	87
7107	FDC2	8001	07
7107	FDA9	8000	86
7107	FDB1	8001	22
7107	FDBA	8000	87
7107	FDC2	8001	23
7107	FDA9	8000	86
7107	FDB1	8001	08
7107	FDBA	8000	87
7107	FDC2	8001	09
7107	FDA9	8000	86
7107	FDB1	8001	08
7107	FDBA	8000	87
7107	FDC2	8001	09
7107	FDA9	8000	86
7107	FDB1	8001	08
7107	FDBA	8000	87
7107	FDC2	8001	09
7107	FDA9	8000	86
7107	FDB1	8001	08
7107	FDBA	8000	87
7107	FDC2	8001	09
7107	FDA9	8000	86
7107	FDB1	8001	08
7107	FDBA	8000	87
7107	FDC2	8001	09
7107	FDA9	8000	86
7107	FDB1	8001	08
7107	FDBA	8000	87
7107	FDC2	8001	09
7107	FDA9	8000	86
7107	FDB1	8001	08
7107	FDBA	8000	87
7107	FDC2	8001	09
7107	FDA9	8000	86
7107	FDB1	8001	08
7107	FDBA	8000	87
7107	FDC2	8001	09
7107	FDA9	8000	86
7107	FDB1	8001	08
7107	FDBA	8000	87
7107	FDC2	8001	09
7107	FC3F	8000	86
7107	FC48	8001	06
7107	FC4F	8000	87
7107	FC58	8001	07
7107	FDA9	8000	86
7107	FDB1	8001	18
7107	FDBA	8000	87
7107	FDC2	8001	19
7107	FDA9	8000	86
7107	FDB1	8001	28
7107	FDBA	8000	87
7107	FDC2	8001	29
7107	FDA9	8000	86
7107	FDB1	8001	28
7107	FDBA	8000	87
7107	FDC2	8001	29
7107	FDA9	8000	86
7107	FDB1	8001	08
7107	FDBA	8000	87
7107	FDC2	8001	09
7107	FDA9	8000	86
7107	FDB1	8001	08
7107	FDBA	8000	87
7107	FDC2	8001	09
7107	F9B3	8000	80
7107	F9B9	8001	FC
7107	F9BE	8000	81
7107	F9C4	8001	14
7107	F9C9	8000	82
7107	F9CF	8001	A2
7107	F9D4	8000	83
7107	F9DA	8001	01
7107	F9DF	8000	84
7107	F9E5	8001	02
7107	F9EA	8000	85
7107	F9F0	8001	14
7107	F8DB	8000	87
7107	FDA9	8000	86
7107	FDB1	8001	08
7107	FDBA	8000	87
7107	FDC2	8001	09
7107	F9B3	8000	80
7107	F9B9	8001	FC
7107	F9BE	8000	81
7107	F9C4	8001	14
7107	F9C9	8000	82
7107	F9CF	8001	00
7107	F9D4	8000	83
7107	F9DA	8001	01
7107	F9DF	8000	84
7107	F9E5	8001	02
7107	F9EA	8000	85
7107	F9F0	8001	14
7107	F8DB	8000	87
7108	FA23	8000	80
7108	FA29	8001	FC
7108	FA2E	8000	81
7108	FA34	8001	E2
7108	FA39	8000	82
7108	FA3F	8001	A2
7108	FA44	8000	83
7108	FA4A	8001	35
7108	FA4F	8000	84
7108	FA55	8001	B7
7108	FA5A	8000	85
7108	FA60	8001	BD
7108	FADD	8000	86
7108	FAE2	8001	18
7108	FAE9	8000	87
7108	FAEE	8001	19
7108	FAF8	8000	86
7108	FAFE	8001	08
7108	FB05	8000	87
7108	FB0B	8001	09
7108	FDA9	8000	86
7108	FDB1	8001	06
7108	FDBA	8000	87
7108	FDC2	8001	07
7108	FDA9	8000	86
7108	FDB1	8001	22
7108	FDBA	8000	87
7108	FDC2	8001	23
7108	FDA9	8000	86
7108	FDB1	8001	08
7108	FDBA	8000	87
7108	FDC2	8001	09
7108	FDA9	8000	86
7108	FDB1	8001	08
7108	FDBA	8000	87
7108	FDC2	8001	09
7108	FDA9	8000	86
7108	FDB1	8001	08
7108	FDBA	8000	87
7108	FDC2	8001	09
7108	FDA9	8000	86
7108	FDB1	8001	08
7108	FDBA	8000	87
7108	FDC2	8001	09
7108	FDA9	8000	86
7108	FDB1	8001	08
7108	FDBA	8000	87
7108	FDC2	8001	09
7108	FDA9	8000	86
7108	FDB1	8001	08
7108	FDBA	8000	87
7108	FDC2	8001	09
7108	FDA9	8000	86
7108	FDB1	8001	08
7108	FDBA	8000	87
7108	FDC2	8001	09
7108	FDA9	8000	86
7108	FDB1	8001	08
7108	FDBA	8000	87
7108	FDC2	8001	09
7108	FDA9	8000	86
7108	FDB1	8001	08
7108	FDBA	8000	87
7108	FDC2	8001	09
7108	FC3F	8000	86
7108	FC48	8001	06
7108	FC4F	8000	87
7108	FC58	8001	07
7108	FDA9	8000	86
7108	FDB1	8001	18
7108	FDBA	8000	87
7108	FDC2	8001	19
7108	FDA9	8000	86
7108	FDB1	8001	28
7108	FDBA	8000	87
7108	FDC2	8001	29
7108	FDA9	8000	86
7108	FDB1	8001	28
7108	FDBA	8000	87
7108	FDC2	8001	29
7108	FDA9	8000	86
7108	FDB1	8001	08
7108	FDBA	8000	87
7108	FDC2	8001	09
7108	FDA9	8000	86
7108	FDB1	8001	08
7108	FDBA	8000	87
7108	FDC2	8001	09
7108	F9B3	8000	80
7108	F9B9	8001	FC
7108	F9BE	8000	81
7108	F9C4	8001	14
7108	F9C9	8000	82
7108	F9CF	8001	A2
7108	F9D4	8000	83
7108	F9DA	8001	01
7108	F9DF	8000	84
7108	F9E5	8001	02
7108	F9EA	8000	85
7108	F9F0	8001	14
7108	F8DB	8000	86
7108	FDA9	8000	86
7108	FDB1	8001	08
7108	FDBA	8000	87
7108	FDC2	8001	09
7108	F9B3	8000	80
7108	F9B9	8001	FC
7108	F9BE	8000	81
7108	F9C4	8001	14
7108	F9C9	8000	82
7108	F9CF	8001	00
7108	F9D4	8000	83
7108	F9DA	8001	01
7108	F9DF	8000	84
7108	F9E5	8001	02
7108	F9EA	8000	85
7108	F9F0	8001	14
7108	F8DB	8000	87
7109	FA23	8000	80
7109	FA29	8001	FC
7109	FA2E	8000	81
7109	FA34	8001	E2
7109	FA39	8000	82
7109	FA3F	8001	A2
7109	FA44	8000	83
7109	FA4A	8001	35
7109	FA4F	8000	84
7109	FA55	8001	B7
7109	FA5A	8000	85
7109	FA60	8001	BD
7109	FADD	8000	86
7109	FAE2	8001	18
7109	FAE9	8000	87
7109	FAEE	8001	19
7109	FAF8	8000	86
7109	FAFE	8001	08
7109	FB05	8000	87
7109	FB0B	8001	09
7109	FDA9	8000	86
7109	FDB1	8001	06
7109	FDBA	8000	87
7109	FDC2	8001	07
7109	FDA9	8000	86
7109	FDB1	8001	22
7109	FDBA	8000	87
7109	FDC2	8001	23
7109	FDA9	8000	86
7109	FDB1	8001	08
7109	FDBA	8000	87
7109	FDC2	8001	09
7109	FDA9	8000	86
7109	FDB1	8001	08
7109	FDBA	8000	87
7109	FDC2	8001	09
7109	FDA9	8000	86
7109	FDB1	8001	08
7109	FDBA	8000	87
7109	FDC2	8001	09
7109	FDA9	8000	86
7109	FDB1	8001	08
7109	FDBA	8000	87
7109	FDC2	8001	09
7109	FDA9	8000	86
7109	FDB1	8001	08
7109	FDBA	8000	87
7109	FDC2	8001	09
7109	FDA9	8000	86
7109	FDB1	8001	08
7109	FDBA	8000	87
7109	FDC2	8001	09
7109	FDA9	8000	86
7109	FDB1	8001	08
7109	FDBA	8000	87
7109	FDC2	8001	09
7109	FDA9	8000	86
7109	FDB1	8001	08
7109	FDBA	8000	87
7109	FDC2	8001	09
7109	FDA9	8000	86
7109	FDB1	8001	08
7109	FDBA	8000	87
7109	FDC2	8001	09
7109	FC3F	8000	86
7109	FC48	8001	06
7109	FC4F	8000	87
7109	FC58	8001	07
7109	FDA9	8000	86
7109	FDB1	8001	18
7109	FDBA	8000	87
7109	FDC2	8001	19
7109	FDA9	8000	86
7109	FDB1	8001	28
7109	FDBA	8000	87
7109	FDC2	8001	29
7109	FDA9	8000	86
7109	FDB1	8001	28
7109	FDBA	8000	87
7109	FDC2	8001	29
7109	FDA9	8000	86
7109	FDB1	8001	08
7109	FDBA	8000	87
7109	FDC2	8001	09
7109	FDA9	8000	86
7109	FDB1	8001	08
7109	FDBA	8000	87
7109	FDC2	8001	09
7109	F9B3	8000	80
7109	F9B9	8001	FC
7109	F9BE	8000	81
7109	F9C4	8001	14
7109	F9C9	8000	82
7109	F9CF	8001	A2
7109	F9D4	8000	83
7109	F9DA	8001	01
7109	F9DF	8000	84
7109	F9E5	8001	02
7109	F9EA	8000	85
7109	F9F0	8001	14
7109	F8DB	8000	87
7109	F9B3	8000	80
7109	F9B9	8001	FC
7109	F9BE	8000	81
7109	F9C4	8001	14
7109	F9C9	8000	82
7109	F9CF	8001	00
7109	F9D4	8000	83
7109	F9DA	8001	01
7109	F9DF	8000	84
7109	F9E5	8001	02
7109	F9EA	8000	85
7109	F9F0	8001	14
7109	F8DB	8000	87
7109	FDA9	8000	86
7109	FDB1	8001	08
7109	FDBA	8000	87
7109	FDC2	8001	09
7110	FA23	8000	80
7110	FA29	8001	FC
7110	FA2E	8000	81
7110	FA34	8001	E2
7110	FA39	8000	82
7110	FA3F	8001	A2
7110	FA44	8000	83
7110	FA4A	8001	35
7110	FA4F	8000	84
7110	FA55	8001	B7
7110	FA5A	8000	85
7110	FA60	8001	BD
7110	FADD	8000	86
7110	FAE2	8001	18
7110	FAE9	8000	87
7110	FAEE	8001	19
7110	FAF8	8000	86
7110	FAFE	8001	08
7110	FB05	8000	87
7110	FB0B	8001	09
7110	FDA9	8000	86
7110	FDB1	8001	06
7110	FDBA	8000	87
7110	FDC2	8001	07
7110	FDA9	8000	86
7110	FDB1	8001	22
7110	FDBA	8000	87
7110	FDC2	8001	23
7110	FDA9	8000	86
7110	FDB1	8001	08
7110	FDBA	8000	87
7110	FDC2	8001	09
7110	FDA9	8000	86
7110	FDB1	8001	08
7110	FDBA	8000	87
7110	FDC2	8001	09
7110	FDA9	8000	86
7110	FDB1	8001	08
7110	FDBA	8000	87
7110	FDC2	8001	09
7110	FDA9	8000	86
7110	FDB1	8001	08
7110	FDBA	8000	87
7110	FDC2	8001	09
7110	FDA9	8000	86
7110	FDB1	8001	08
7110	FDBA	8000	87
7110	FDC2	8001	09
7110	FDA9	8000	86
7110	FDB1	8001	08
7110	FDBA	8000	87
7110	FDC2	8001	09
7110	FDA9	8000	86
7110	FDB1	8001	08
7110	FDBA	8000	87
7110	FDC2	8001	09
7110	FDA9	8000	86
7110	FDB1	8001	08
7110	FDBA	8000	87
7110	FDC2	8001	09
7110	FDA9	8000	86
7110	FDB1	8001	08
7110	FDBA	8000	87
7110	FDC2	8001	09
7110	FC3F	8000	86
7110	FC48	8001	06
7110	FC4F	8000	87
7110	FC58	8001	07
7110	FDA9	8000	86
7110	FDB1	8001	18
7110	FDBA	8000	87
7110	FDC2	8001	19
7110	FDA9	8000	86
7110	FDB1	8001	28
7110	FDBA	8000	87
7110	FDC2	8001	29
7110	FDA9	8000	86
7110	FDB1	8001	28
7110	FDBA	8000	87
7110	FDC2	8001	29
7110	FDA9	8000	86
7110	FDB1	8001	08
7110	FDBA	8000	87
7110	FDC2	8001	09
7110	FDA9	8000	86
7110	FDB1	8001	08
7110	FDBA	8000	87
7110	FDC2	8001	09
7110	F9B3	8000	80
7110	F9B9	8001	FC
7110	F9BE	8000	81
7110	F9C4	8001	14
7110	F9C9	8000	82
7110	F9CF	8001	A2
7110	F9D4	8000	83
7110	F9DA	8001	01
7110	F9DF	8000	84
7110	F9E5	8001	02
7110	F9EA	8000	85
7110	F9F0	8001	14
7110	F8DB	8000	87
7110	FDA9	8000	86
7110	FDB1	8001	08
7110	FDBA	8000	87
7110	FDC2	8001	09
7110	F9B3	8000	80
7110	F9B9	8001	FC
7110	F9BE	8000	81
7110	F9C4	8001	14
7110	F9C9	8000	82
7110	F9CF	8001	00
7110	F9D4	8000	83
7110	F9DA	8001	01
7110	F9DF	8000	84
7110	F9E5	8001	02
7110	F9EA	8000	85
7110	F9F0	8001	14
7110	F8DB	8000	87
7111	FA23	8000	80
7111	FA29	8001	FC
7111	FA2E	8000	81
7111	FA34	8001	E2
7111	FA39	8000	82
7111	FA3F	8001	A2
7111	FA44	8000	83
7111	FA4A	8001	35
7111	FA4F	8000	84
7111	FA55	8001	B7
7111	FA5A	8000	85
7111	FA60	8001	BD
7111	FADD	8000	86
7111	FAE2	8001	18
7111	FAE9	8000	87
7111	FAEE	8001	19
7111	FAF8	8000	86
7111	FAFE	8001	08
7111	FB05	8000	87
7111	FB0B	8001	09
7111	FDA9	8000	86
7111	FDB1	8001	06
7111	FDBA	8000	87
7111	FDC2	8001	07
7111	FDA9	8000	86
7111	FDB1	8001	22
7111	FDBA	8000	87
7111	FDC2	8001	23
7111	FDA9	8000	86
7111	FDB1	8001	08
7111	FDBA	8000	87
7111	FDC2	8001	09
7111	FDA9	8000	86
7111	FDB1	8001	08
7111	FDBA	8000	87
7111	FDC2	8001	09
7111	FDA9	8000	86
7111	FDB1	8001	08
7111	FDBA	8000	87
7111	FDC2	8001	09
7111	FDA9	8000	86
7111	FDB1	8001	08
7111	FDBA	8000	87
7111	FDC2	8001	09
7111	FDA9	8000	86
7111	FDB1	8001	08
7111	FDBA	8000	87
7111	FDC2	8001	09
7111	FDA9	8000	86
7111	FDB1	8001	08
7111	FDBA	8000	87
7111	FDC2	8001	09
7111	FDA9	8000	86
7111	FDB1	8001	08
7111	FDBA	8000	87
7111	FDC2	8001	09
7111	FDA9	8000	86
7111	FDB1	8001	08
7111	FDBA	8000	87
7111	FDC2	8001	09
7111	FDA9	8000	86
7111	FDB1	8001	08
7111	FDBA	8000	87
7111	FDC2	8001	09
7111	FC3F	8000	86
7111	FC48	8001	06
7111	FC4F	8000	87
7111	FC58	8001	07
7111	FDA9	8000	86
7111	FDB1	8001	18
7111	FDBA	8000	87
7111	FDC2	8001	19
7111	FDA9	8000	86
7111	FDB1	8001	28
7111	FDBA	8000	87
7111	FDC2	8001	29
7111	FDA9	8000	86
7111	FDB1	8001	28
7111	FDBA	8000	87
7111	FDC2	8001	29
7111	FDA9	8000	86
7111	FDB1	8001	08
7111	FDBA	8000	87
7111	FDC2	8001	09
7111	F9B3	8000	80
7111	F9B9	8001	FC
7111	F9BE	8000	81
7111	F9C4	8001	14
7111	F9C9	8000	82
7111	F9CF	8001	A2
7111	F9D4	8000	83
7111	F9DA	8001	01
7111	F9DF	8000	84
7111	F9E5	8001	02
7111	F9EA	8000	85
7111	F9F0	8001	14
7111	F8DB	8000	87
7111	FDA9	8000	86
7111	FDB1	8001	08
7111	FDBA	8000	87
7111	FDC2	8001	09
7111	F9B3	8000	80
7111	F9B9	8001	FC
7111	F9BE	8000	81
7111	F9C4	8001	14
7111	F9C9	8000	82
7111	F9CF	8001	00
7111	F9D4	8000	83
7111	F9DA	8001	01
7111	F9DF	8000	84
7111	F9E5	8001	02
7111	F9EA	8000	85
7111	F9F0	8001	14
7111	F8DB	8000	87
7111	FDA9	8000	86
7111	FDB1	8001	08
7111	FDBA	8000	87
7111	FDC2	8001	09
7112	FA23	8000	80
7112	FA29	8001	FC
7112	FA2E	8000	81
7112	FA34	8001	E2
7112	FA39	8000	82
7112	FA3F	8001	A2
7112	FA44	8000	83
7112	FA4A	8001	35
7112	FA4F	8000	84
7112	FA55	8001	B7
7112	FA5A	8000	85
7112	FA60	8001	BD
7112	FADD	8000	86
7112	FAE2	8001	18
7112	FAE9	8000	87
7112	FAEE	8001	19
7112	FAF8	8000	86
7112	FAFE	8001	08
7112	FB05	8000	87
7112	FB0B	8001	09
7112	FDA9	8000	86
7112	FDB1	8001	06
7112	FDBA	8000	87
7112	FDC2	8001	07
7112	FDA9	8000	86
7112	FDB1	8001	22
7112	FDBA	8000	87
7112	FDC2	8001	23
7112	FDA9	8000	86
7112	FDB1	8001	08
7112	FDBA	8000	87
7112	FDC2	8001	09
7112	FDA9	8000	86
7112	FDB1	8001	08
7112	FDBA	8000	87
7112	FDC2	8001	09
7112	FDA9	8000	86
7112	FDB1	8001	08
7112	FDBA	8000	87
7112	FDC2	8001	09
7112	FDA9	8000	86
7112	FDB1	8001	08
7112	FDBA	8000	87
7112	FDC2	8001	09
7112	FDA9	8000	86
7112	FDB1	8001	08
7112	FDBA	8000	87
7112	FDC2	8001	09
7112	FDA9	8000	86
7112	FDB1	8001	08
7112	FDBA	8000	87
7112	FDC2	8001	09
7112	FDA9	8000	86
7112	FDB1	8001	08
7112	FDBA	8000	87
7112	FDC2	8001	09
7112	FDA9	8000	86
7112	FDB1	8001	08
7112	FDBA	8000	87
7112	FDC2	8001	09
7112	FDA9	8000	86
7112	FDB1	8001	08
7112	FDBA	8000	87
7112	FDC2	8001	09
7112	FC3F	8000	86
7112	FC48	8001	06
7112	FC4F	8000	87
7112	FC58	8001	07
7112	FDA9	8000	86
7112	FDB1	8001	18
7112	FDBA	8000	87
7112	FDC2	8001	19
7112	FDA9	8000	86
7112	FDB1	8001	28
7112	FDBA	8000	87
7112	FDC2	8001	29
7112	FDA9	8000	86
7112	FDB1	8001	28
7112	FDBA	8000	87
7112	FDC2	8001	29
7112	FDA9	8000	86
7112	FDB1	8001	08
7112	FDBA	8000	87
7112	FDC2	8001	09
7112	FDA9	8000	86
7112	FDB1	8001	08
7112	FDBA	8000	87
7112	FDC2	8001	09
7112	F9B3	8000	80
7112	F9B9	8001	FC
7112	F9BE	8000	81
7112	F9C4	8001	14
7112	F9C9	8000	82
7112	F9CF	8001	A2
7112	F9D4	8000	83
7112	F9DA	8001	01
7112	F9DF	8000	84
7112	F9E5	8001	02
7112	F9EA	8000	85
7112	F9F0	8001	14
7112	F8DB	8000	87
7112	F9B3	8000	80
7112	F9B9	8001	FC
7112	F9BE	8000	81
7112	F9C4	8001	14
7112	F9C9	8000	82
7112	F9CF	8001	00
7112	F9D4	8000	83
7112	F9DA	8001	01
7112	F9DF	8000	84
7112	F9E5	8001	02
7112	F9EA	8000	85
7112	F9F0	8001	14
7112	F8DB	8000	87
7112	FDA9	8000	86
7112	FDB1	8001	08
7112	FDBA	8000	87
7112	FDC2	8001	09
7113	FA23	8000	80
7113	FA29	8001	FC
7113	FA2E	8000	81
7113	FA34	8001	E2
7113	FA39	8000	82
7113	FA3F	8001	A2
7113	FA44	8000	83
7113	FA4A	8001	35
7113	FA4F	8000	84
7113	FA55	8001	B7
7113	FA5A	8000	85
7113	FA60	8001	BD
7113	FADD	8000	86
7113	FAE2	8001	18
7113	FAE9	8000	87
7113	FAEE	8001	19
7113	FAF8	8000	86
7113	FAFE	8001	08
7113	FB05	8000	87
7113	FB0B	8001	09
7113	FDA9	8000	86
7113	FDB1	8001	06
7113	FDBA	8000	87
7113	FDC2	8001	07
7113	FDA9	8000	86
7113	FDB1	8001	22
7113	FDBA	8000	87
7113	FDC2	8001	23
7113	FDA9	8000	86
7113	FDB1	8001	08
7113	FDBA	8000	87
7113	FDC2	8001	09
7113	FDA9	8000	86
7113	FDB1	8001	08
7113	FDBA	8000	87
7113	FDC2	8001	09
7113	FDA9	8000	86
7113	FDB1	8001	08
7113	FDBA	8000	87
7113	FDC2	8001	09
7113	FDA9	8000	86
7113	FDB1	8001	08
7113	FDBA	8000	87
7113	FDC2	8001	09
7113	FDA9	8000	86
7113	FDB1	8001	08
7113	FDBA	8000	87
7113	FDC2	8001	09
7113	FDA9	8000	86
7113	FDB1	8001	08
7113	FDBA	8000	87
7113	FDC2	8001	09
7113	FDA9	8000	86
7113	FDB1	8001	08
7113	FDBA	8000	87
7113	FDC2	8001	09
7113	FDA9	8000	86
7113	FDB1	8001	08
7113	FDBA	8000	87
7113	FDC2	8001	09
7113	FDA9	8000	86
7113	FDB1	8001	08
7113	FDBA	8000	87
7113	FDC2	8001	09
7113	FC3F	8000	86
7113	FC48	8001	06
7113	FC4F	8000	87
7113	FC58	8001	07
7113	FDA9	8000	86
7113	FDB1	8001	18
7113	FDBA	8000	87
7113	FDC2	8001	19
7113	FDA9	8000	86
7113	FDB1	8001	28
7113	FDBA	8000	87
7113	FDC2	8001	29
7113	FDA9	8000	86
7113	FDB1	8001	28
7113	FDBA	8000	87
7113	FDC2	8001	29
7113	FDA9	8000	86
7113	FDB1	8001	08
7113	FDBA	8000	87
7113	FDC2	8001	09
7113	F9B3	8000	80
7113	F9B9	8001	FC
7113	F9BE	8000	81
7113	F9C4	8001	14
7113	F9C9	8000	82
7113	F9CF	8001	A2
7113	F9D4	8000	83
7113	F9DA	8001	01
7113	F9DF	8000	84
7113	F9E5	8001	02
7113	F9EA	8000	85
7113	F9F0	8001	14
7113	F8DB	8000	87
7113	FDA9	8000	86
7113	FDB1	8001	08
7113	FDBA	8000	87
7113	FDC2	8001	09
7113	F9B3	8000	80
7113	F9B9	8001	FC
7113	F9BE	8000	81
7113	F9C4	8001	14
7113	F9C9	8000	82
7113	F9CF	8001	00
7113	F9D4	8000	83
7113	F9DA	8001	01
7113	F9DF	8000	84
7113	F9E5	8001	02
7113	F9EA	8000	85
7113	F9F0	8001	14
7113	F8DB	8000	87
7113	FDA9	8000	86
7113	FDB1	8001	08
7113	FDBA	8000	87
7113	FDC2	8001	09
7114	FA23	8000	80
7114	FA29	8001	FC
7114	FA2E	8000	81
7114	FA34	8001	E2
7114	FA39	8000	82
7114	FA3F	8001	A2
7114	FA44	8000	83
7114	FA4A	8001	35
7114	FA4F	8000	84
7114	FA55	8001	B7
7114	FA5A	8000	85
7114	FA60	8001	BD
7114	FADD	8000	86
7114	FAE2	8001	18
7114	FAE9	8000	87
7114	FAEE	8001	19
7114	BF0A	8000	86
7114	C8E1	8001	00
7114	C8E6	8000	87
7114	C8EB	8001	01
7114	C900	8000	86
7114	C905	8001	18
7114	C90A	8000	87
7114	C90F	8001	19
7114	BF0A	8000	86
7114	C8E1	8001	00
7114	C8E6	8000	87
7114	C8EB	8001	01
7114	C900	8000	86
7114	C905	8001	18
7114	C90A	8000	87
7114	C90F	8001	19
7114	BF0A	8000	86
7114	C8E1	8001	00
7114	C8E6	8000	87
7114	C8EB	8001	01
7114	C900	8000	86
7114	C905	8001	18
7114	C90A	8000	87
7114	C90F	8001	19
7114	FAF8	8000	86
7114	FAFE	8001	08
7114	FB05	8000	87
7114	FB0B	8001	09
7114	FDA9	8000	86
7114	FDB1	8001	06
7114	FDBA	8000	87
7114	FDC2	8001	07
7114	FDA9	8000	86
7114	FDB1	8001	22
7114	FDBA	8000	87
7114	FDC2	8001	23
7114	FDA9	8000	86
7114	FDB1	8001	08
7114	FDBA	8000	87
7114	FDC2	8001	09
7114	FDA9	8000	86
7114	FDB1	8001	08
7114	FDBA	8000	87
7114	FDC2	8001	09
7114	FDA9	8000	86
7114	FDB1	8001	08
7114	FDBA	8000	87
7114	FDC2	8001	09
7114	FDA9	8000	86
7114	FDB1	8001	08
7114	FDBA	8000	87
7114	FDC2	8001	09
7114	FDA9	8000	86
7114	FDB1	8001	08
7114	FDBA	8000	87
7114	FDC2	8001	09
7114	FDA9	8000	86
7114	FDB1	8001	08
7114	FDBA	8000	87
7114	FDC2	8001	09
7114	FDA9	8000	86
7114	FDB1	8001	08
7114	FDBA	8000	87
7114	FDC2	8001	09
7114	FDA9	8000	86
7114	FDB1	8001	08
7114	FDBA	8000	87
7114	FDC2	8001	09
7114	FDA9	8000	86
7114	FDB1	8001	08
7114	FDBA	8000	87
7114	FDC2	8001	09
7114	FC3F	8000	86
7114	FC48	8001	06
7114	FC4F	8000	87
7114	FC58	8001	07
7114	FDA9	8000	86
7114	FDB1	8001	18
7114	FDBA	8000	87
7114	FDC2	8001	19
7114	FDA9	8000	86
7114	FDB1	8001	28
7114	FDBA	8000	87
7114	FDC2	8001	29
7114	FDA9	8000	86
7114	FDB1	8001	28
7114	FDBA	8000	87
7114	FDC2	8001	29
7114	F9B3	8000	80
7114	F9B9	8001	FC
7114	F9BE	8000	81
7114	F9C4	8001	14
7114	F9C9	8000	82
7114	F9CF	8001	A2
7114	F9D4	8000	83
7114	F9DA	8001	01
7114	F9DF	8000	84
7114	F9E5	8001	02
7114	F9EA	8000	85
7114	F9F0	8001	14
7114	F8DB	8000	87
7114	F9B3	8000	80
7114	F9B9	8001	FC
7114	F9BE	8000	81
7114	F9C4	8001	14
7114	F9C9	8000	82
7114	F9CF	8001	00
7114	F9D4	8000	83
7114	F9DA	8001	01
7114	F9DF	8000	84
7114	F9E5	8001	02
7114	F9EA	8000	85
7114	F9F0	8001	14
7114	F8DB	8000	87
7114	FDA9	8000	86
7114	FDB1	8001	08
7114	FDBA	8000	87
7114	FDC2	8001	09
7114	FDA9	8000	86
7114	FDB1	8001	08
7114	FDBA	8000	87
7114	FDC2	8001	09
7114	FDA9	8000	86
7114	FDB1	8001	08
7114	FDBA	8000	87
7114	FDC2	8001	09
7115	FA23	8000	80
7115	FA29	8001	FC
7115	FA2E	8000	81
7115	FA34	8001	E2
7115	FA39	8000	82
7115	FA3F	8001	A2
7115	FA44	8000	83
7115	FA4A	8001	35
7115	FA4F	8000	84
7115	FA55	8001	B7
7115	FA5A	8000	85
7115	FA60	8001	BD
7115	FADD	8000	86
7115	FAE2	8001	18
7115	FAE9	8000	87
7115	FAEE	8001	19
7115	FAF8	8000	86
7115	FAFE	8001	08
7115	FB05	8000	87
7115	FB0B	8001	09
7115	FDA9	8000	86
7115	FDB1	8001	06
7115	FDBA	8000	87
7115	FDC2	8001	07
7115	FDA9	8000	86
7115	FDB1	8001	22
7115	FDBA	8000	87
7115	FDC2	8001	23
7115	FDA9	8000	86
7115	FDB1	8001	08
7115	FDBA	8000	87
7115	FDC2	8001	09
7115	FDA9	8000	86
7115	FDB1	8001	08
7115	FDBA	8000	87
7115	FDC2	8001	09
7115	FDA9	8000	86
7115	FDB1	8001	08
7115	FDBA	8000	87
7115	FDC2	8001	09
7115	FDA9	8000	86
7115	FDB1	8001	08
7115	FDBA	8000	87
7115	FDC2	8001	09
7115	FDA9	8000	86
7115	FDB1	8001	08
7115	FDBA	8000	87
7115	FDC2	8001	09
7115	FDA9	8000	86
7115	FDB1	8001	08
7115	FDBA	8000	87
7115	FDC2	8001	09
7115	FDA9	8000	86
7115	FDB1	8001	08
7115	FDBA	8000	87
7115	FDC2	8001	09
7115	FDA9	8000	86
7115	FDB1	8001	08
7115	FDBA	8000	87
7115	FDC2	8001	09
7115	FDA9	8000	86
7115	FDB1	8001	08
7115	FDBA	8000	87
7115	FDC2	8001	09
7115	FC3F	8000	86
7115	FC48	8001	06
7115	FC4F	8000	87
7115	FC58	8001	07
7115	FDA9	8000	86
7115	FDB1	8001	18
7115	FDBA	8000	87
7115	FDC2	8001	19
7115	FDA9	8000	86
7115	FDB1	8001	28
7115	FDBA	8000	87
7115	FDC2	8001	29
7115	FDA9	8000	86
7115	FDB1	8001	28
7115	FDBA	8000	87
7115	FDC2	8001	29
7115	FDA9	8000	86
7115	FDB1	8001	08
7115	FDBA	8000	87
7115	FDC2	8001	09
7115	F9B3	8000	80
7115	F9B9	8001	FC
7115	F9BE	8000	81
7115	F9C4	8001	14
7115	F9C9	8000	82
7115	F9CF	8001	A2
7115	F9D4	8000	83
7115	F9DA	8001	01
7115	F9DF	8000	84
7115	F9E5	8001	02
7115	F9EA	8000	85
7115	F9F0	8001	14
7115	F8DB	8000	87
7115	F9B3	8000	80
7115	F9B9	8001	FC
7115	F9BE	8000	81
7115	F9C4	8001	14
7115	F9C9	8000	82
7115	F9CF	8001	00
7115	F9D4	8000	83
7115	F9DA	8001	01
7115	F9DF	8000	84
7115	F9E5	8001	02
7115	F9EA	8000	85
7115	F9F0	8001	14
7115	F8DB	8000	87
7115	FDA9	8000	86
7115	FDB1	8001	08
7115	FDBA	8000	87
7115	FDC2	8001	09
7115	FDA9	8000	86
7115	FDB1	8001	08
7115	FDBA	8000	87
7115	FDC2	8001	09
7116	FA23	8000	80
7116	FA29	8001	FC
7116	FA2E	8000	81
7116	FA34	8001	E2
7116	FA39	8000	82
7116	FA3F	8001	A2
7116	FA44	8000	83
7116	FA4A	8001	35
7116	FA4F	8000	84
7116	FA55	8001	B7
7116	FA5A	8000	85
7116	FA60	8001	BD
7116	FADD	8000	86
7116	FAE2	8001	18
7116	FAE9	8000	87
7116	FAEE	8001	19
7116	FAF8	8000	86
7116	FAFE	8001	08
7116	FB05	8000	87
7116	FB0B	8001	09
7116	FDA9	8000	86
7116	FDB1	8001	06
7116	FDBA	8000	87
7116	FDC2	8001	07
7116	FDA9	8000	86
7116	FDB1	8001	22
7116	FDBA	8000	87
7116	FDC2	8001	23
7116	FDA9	8000	86
7116	FDB1	8001	08
7116	FDBA	8000	87
7116	FDC2	8001	09
7116	FDA9	8000	86
7116	FDB1	8001	08
7116	FDBA	8000	87
7116	FDC2	8001	09
7116	FDA9	8000	86
7116	FDB1	8001	08
7116	FDBA	8000	87
7116	FDC2	8001	09
7116	FDA9	8000	86
7116	FDB1	8001	08
7116	FDBA	8000	87
7116	FDC2	8001	09
7116	FDA9	8000	86
7116	FDB1	8001	08
7116	FDBA	8000	87
7116	FDC2	8001	09
7116	FDA9	8000	86
7116	FDB1	8001	08
7116	FDBA	8000	87
7116	FDC2	8001	09
7116	FDA9	8000	86
7116	FDB1	8001	08
7116	FDBA	8000	87
7116	FDC2	8001	09
7116	FDA9	8000	86
7116	FDB1	8001	08
7116	FDBA	8000	87
7116	FDC2	8001	09
7116	FDA9	8000	86
7116	FDB1	8001	08
7116	FDBA	8000	87
7116	FDC2	8001	09
7116	FC3F	8000	86
7116	FC48	8001	06
7116	FC4F	8000	87
7116	FC58	8001	07
7116	FDA9	8000	86
7116	FDB1	8001	18
7116	FDBA	8000	87
7116	FDC2	8001	19
7116	FDA9	8000	86
7116	FDB1	8001	28
7116	FDBA	8000	87
7116	FDC2	8001	29
7116	FDA9	8000	86
7116	FDB1	8001	28
7116	FDBA	8000	87
7116	FDC2	8001	29
7116	FDA9	8000	86
7116	FDB1	8001	08
7116	FDBA	8000	87
7116	FDC2	8001	09
7116	F9B3	8000	80
7116	F9B9	8001	FC
7116	F9BE	8000	81
7116	F9C4	8001	14
7116	F9C9	8000	82
7116	F9CF	8001	A2
7116	F9D4	8000	83
7116	F9DA	8001	01
7116	F9DF	8000	84
7116	F9E5	8001	02
7116	F9EA	8000	85
7116	F9F0	8001	14
7116	F8DB	8000	87
7116	FDA9	8000	86
7116	FDB1	8001	08
7116	FDBA	8000	87
7116	FDC2	8001	09
7116	FDA9	8000	86
7116	FDB1	8001	08
7116	FDBA	8000	87
7116	FDC2	8001	09
7116	F9B3	8000	80
7116	F9B9	8001	FC
7116	F9BE	8000	81
7116	F9C4	8001	14
7116	F9C9	8000	82
7116	F9CF	8001	00
7116	F9D4	8000	83
7116	F9DA	8001	01
7116	F9DF	8000	84
7116	F9E5	8001	02
7116	F9EA	8000	85
7116	F9F0	8001	14
7116	F8DB	8000	87
7117	FA23	8000	80
7117	FA29	8001	FC
7117	FA2E	8000	81
7117	FA34	8001	E2
7117	FA39	8000	82
7117	FA3F	8001	A2
7117	FA44	8000	83
7117	FA4A	8001	35
7117	FA4F	8000	84
7117	FA55	8001	B7
7117	FA5A	8000	85
7117	FA60	8001	BD
7117	FADD	8000	86
7117	FAE2	8001	18
7117	FAE9	8000	87
7117	FAEE	8001	19
7117	FAF8	8000	86
7117	FAFE	8001	08
7117	FB05	8000	87
7117	FB0B	8001	09
7117	FDA9	8000	86
7117	FDB1	8001	06
7117	FDBA	8000	87
7117	FDC2	8001	07
7117	FDA9	8000	86
7117	FDB1	8001	22
7117	FDBA	8000	87
7117	FDC2	8001	23
7117	FDA9	8000	86
7117	FDB1	8001	08
7117	FDBA	8000	87
7117	FDC2	8001	09
7117	FDA9	8000	86
7117	FDB1	8001	08
7117	FDBA	8000	87
7117	FDC2	8001	09
7117	FDA9	8000	86
7117	FDB1	8001	08
7117	FDBA	8000	87
7117	FDC2	8001	09
7117	FDA9	8000	86
7117	FDB1	8001	08
7117	FDBA	8000	87
7117	FDC2	8001	09
7117	FDA9	8000	86
7117	FDB1	8001	08
7117	FDBA	8000	87
7117	FDC2	8001	09
7117	FDA9	8000	86
7117	FDB1	8001	08
7117	FDBA	8000	87
7117	FDC2	8001	09
7117	FDA9	8000	86
7117	FDB1	8001	08
7117	FDBA	8000	87
7117	FDC2	8001	09
7117	FDA9	8000	86
7117	FDB1	8001	08
7117	FDBA	8000	87
7117	FDC2	8001	09
7117	FDA9	8000	86
7117	FDB1	8001	08
7117	FDBA	8000	87
7117	FDC2	8001	09
7117	FC3F	8000	86
7117	FC48	8001	06
7117	FC4F	8000	87
7117	FC58	8001	07
7117	FDA9	8000	86
7117	FDB1	8001	18
7117	FDBA	8000	87
7117	FDC2	8001	19
7117	FDA9	8000	86
7117	FDB1	8001	28
7117	FDBA	8000	87
7117	FDC2	8001	29
7117	FDA9	8000	86
7117	FDB1	8001	28
7117	FDBA	8000	87
7117	FDC2	8001	29
7117	FDA9	8000	86
7117	FDB1	8001	08
7117	FDBA	8000	87
7117	FDC2	8001	09
7117	FDA9	8000	86
7117	FDB1	8001	08
7117	F9B3	8000	80
7117	F9B9	8001	FC
7117	F9BE	8000	81
7117	F9C4	8001	14
7117	F9C9	8000	82
7117	F9CF	8001	A2
7117	F9D4	8000	83
7117	F9DA	8001	01
7117	F9DF	8000	84
7117	F9E5	8001	02
7117	F9EA	8000	85
7117	F9F0	8001	14
7117	F8DB	8000	87
7117	FDBA	8000	87
7117	FDC2	8001	09
7117	FDA9	8000	86
7117	FDB1	8001	08
7117	FDBA	8000	87
7117	FDC2	8001	09
7117	F9B3	8000	80
7117	F9B9	8001	FC
7117	F9BE	8000	81
7117	F9C4	8001	14
7117	F9C9	8000	82
7117	F9CF	8001	00
7117	F9D4	8000	83
7117	F9DA	8001	01
7117	F9DF	8000	84
7117	F9E5	8001	02
7117	F9EA	8000	85
7117	F9F0	8001	14
7117	F8DB	8000	87
7118	FA23	8000	80
7118	FA29	8001	FC
7118	FA2E	8000	81
7118	FA34	8001	E2
7118	FA39	8000	82
7118	FA3F	8001	A2
7118	FA44	8000	83
7118	FA4A	8001	35
7118	FA4F	8000	84
7118	FA55	8001	B7
7118	FA5A	8000	85
7118	FA60	8001	BD
7118	FADD	8000	86
7118	FAE2	8001	18
7118	FAE9	8000	87
7118	FAEE	8001	19
7118	FAF8	8000	86
7118	FAFE	8001	08
7118	FB05	8000	87
7118	FB0B	8001	09
7118	FDA9	8000	86
7118	FDB1	8001	06
7118	FDBA	8000	87
7118	FDC2	8001	07
7118	FDA9	8000	86
7118	FDB1	8001	22
7118	FDBA	8000	87
7118	FDC2	8001	23
7118	FDA9	8000	86
7118	FDB1	8001	08
7118	FDBA	8000	87
7118	FDC2	8001	09
7118	FDA9	8000	86
7118	FDB1	8001	08
7118	FDBA	8000	87
7118	FDC2	8001	09
7118	FDA9	8000	86
7118	FDB1	8001	08
7118	FDBA	8000	87
7118	FDC2	8001	09
7118	FDA9	8000	86
7118	FDB1	8001	08
7118	FDBA	8000	87
7118	FDC2	8001	09
7118	FDA9	8000	86
7118	FDB1	8001	08
7118	FDBA	8000	87
7118	FDC2	8001	09
7118	FDA9	8000	86
7118	FDB1	8001	08
7118	FDBA	8000	87
7118	FDC2	8001	09
7118	FDA9	8000	86
7118	FDB1	8001	08
7118	FDBA	8000	87
7118	FDC2	8001	09
7118	FDA9	8000	86
7118	FDB1	8001	08
7118	FDBA	8000	87
7118	FDC2	8001	09
7118	FDA9	8000	86
7118	FDB1	8001	08
7118	FDBA	8000	87
7118	FDC2	8001	09
7118	FC3F	8000	86
7118	FC48	8001	06
7118	FC4F	8000	87
7118	FC58	8001	07
7118	FDA9	8000	86
7118	FDB1	8001	18
7118	FDBA	8000	87
7118	FDC2	8001	19
7118	FDA9	8000	86
7118	FDB1	8001	28
7118	FDBA	8000	87
7118	FDC2	8001	29
7118	FDA9	8000	86
7118	FDB1	8001	28
7118	FDBA	8000	87
7118	FDC2	8001	29
7118	FDA9	8000	86
7118	FDB1	8001	08
7118	FDBA	8000	87
7118	FDC2	8001	09
7118	F9B3	8000	80
7118	F9B9	8001	FC
7118	F9BE	8000	81
7118	F9C4	8001	14
7118	F9C9	8000	82
7118	F9CF	8001	A2
7118	F9D4	8000	83
7118	F9DA	8001	01
7118	F9DF	8000	84
7118	F9E5	8001	02
7118	F9EA	8000	85
7118	F9F0	8001	14
7118	F8DB	8000	87
7118	FDA9	8000	86
7118	FDB1	8001	08
7118	FDBA	8000	87
7118	FDC2	8001	09
7118	FDA9	8000	86
7118	FDB1	8001	08
7118	FDBA	8000	87
7118	FDC2	8001	09
7118	F9B3	8000	80
7118	F9B9	8001	FC
7118	F9BE	8000	81
7118	F9C4	8001	14
7118	F9C9	8000	82
7118	F9CF	8001	FC
7118	F9D4	8000	83
7118	F9DA	8001	FD
7118	F9DF	8000	84
7118	F9E5	8001	02
7118	F9EA	8000	85
7118	F9F0	8001	14
7118	F8DB	8000	87
7119	FA23	8000	80
7119	FA29	8001	FC
7119	FA2E	8000	81
7119	FA34	8001	E2
7119	FA39	8000	82
7119	FA3F	8001	A2
7119	FA44	8000	83
7119	FA4A	8001	35
7119	FA4F	8000	84
7119	FA55	8001	B7
7119	FA5A	8000	85
7119	FA60	8001	BD
7119	FADD	8000	86
7119	FAE2	8001	18
7119	FAE9	8000	87
7119	FAEE	8001	19
7119	FAF8	8000	86
7119	FAFE	8001	08
7119	FB05	8000	87
7119	FB0B	8001	09
7119	FDA9	8000	86
7119	FDB1	8001	06
7119	FDBA	8000	87
7119	FDC2	8001	07
7119	FDA9	8000	86
7119	FDB1	8001	22
7119	FDBA	8000	87
7119	FDC2	8001	23
7119	FDA9	8000	86
7119	FDB1	8001	08
7119	FDBA	8000	87
7119	FDC2	8001	09
7119	FDA9	8000	86
7119	FDB1	8001	08
7119	FDBA	8000	87
7119	FDC2	8001	09
7119	FDA9	8000	86
7119	FDB1	8001	08
7119	FDBA	8000	87
7119	FDC2	8001	09
7119	FDA9	8000	86
7119	FDB1	8001	08
7119	FDBA	8000	87
7119	FDC2	8001	09
7119	FDA9	8000	86
7119	FDB1	8001	08
7119	FDBA	8000	87
7119	FDC2	8001	09
7119	FDA9	8000	86
7119	FDB1	8001	08
7119	FDBA	8000	87
7119	FDC2	8001	09
7119	FDA9	8000	86
7119	FDB1	8001	08
7119	FDBA	8000	87
7119	FDC2	8001	09
7119	FDA9	8000	86
7119	FDB1	8001	08
7119	FDBA	8000	87
7119	FDC2	8001	09
7119	FDA9	8000	86
7119	FDB1	8001	08
7119	FDBA	8000	87
7119	FDC2	8001	09
7119	FC3F	8000	86
7119	FC48	8001	06
7119	FC4F	8000	87
7119	FC58	8001	07
7119	FDA9	8000	86
7119	FDB1	8001	18
7119	FDBA	8000	87
7119	FDC2	8001	19
7119	FDA9	8000	86
7119	FDB1	8001	28
7119	FDBA	8000	87
7119	FDC2	8001	29
7119	FDA9	8000	86
7119	FDB1	8001	28
7119	FDBA	8000	87
7119	FDC2	8001	29
7119	FDA9	8000	86
7119	FDB1	8001	08
7119	FDBA	8000	87
7119	FDC2	8001	09
7119	FDA9	8000	86
7119	FDB1	8001	08
7119	FDBA	8000	87
7119	FDC2	8001	09
7119	F9B3	8000	80
7119	F9B9	8001	FC
7119	F9BE	8000	81
7119	F9C4	8001	14
7119	F9C9	8000	82
7119	F9CF	8001	A2
7119	F9D4	8000	83
7119	F9DA	8001	01
7119	F9DF	8000	84
7119	F9E5	8001	02
7119	F9EA	8000	85
7119	F9F0	8001	14
7119	F8DB	8000	87
7119	FDA9	8000	86
7119	FDB1	8001	08
7119	FDBA	8000	87
7119	FDC2	8001	09
7119	F9B3	8000	80
7119	F9B9	8001	FC
7119	F9BE	8000	81
7119	F9C4	8001	14
7119	F9C9	8000	82
7119	F9CF	8001	FC
7119	F9D4	8000	83
7119	F9DA	8001	FD
7119	F9DF	8000	84
7119	F9E5	8001	02
7119	F9EA	8000	85
7119	F9F0	8001	14
7119	F8DB	8000	87
7120	FA23	8000	80
7120	FA29	8001	FC
7120	FA2E	8000	81
7120	FA34	8001	E2
7120	FA39	8000	82
7120	FA3F	8001	A2
7120	FA44	8000	83
7120	FA4A	8001	35
7120	FA4F	8000	84
7120	FA55	8001	B7
7120	FA5A	8000	85
7120	FA60	8001	BD
7120	FADD	8000	86
7120	FAE2	8001	18
7120	FAE9	8000	87
7120	FAEE	8001	19
7120	FAF8	8000	86
7120	FAFE	8001	08
7120	FB05	8000	87
7120	FB0B	8001	09
7120	FDA9	8000	86
7120	FDB1	8001	06
7120	FDBA	8000	87
7120	FDC2	8001	07
7120	FDA9	8000	86
7120	FDB1	8001	22
7120	FDBA	8000	87
7120	FDC2	8001	23
7120	FDA9	8000	86
7120	FDB1	8001	08
7120	FDBA	8000	87
7120	FDC2	8001	09
7120	FDA9	8000	86
7120	FDB1	8001	08
7120	FDBA	8000	87
7120	FDC2	8001	09
7120	FDA9	8000	86
7120	FDB1	8001	08
7120	FDBA	8000	87
7120	FDC2	8001	09
7120	FDA9	8000	86
7120	FDB1	8001	08
7120	FDBA	8000	87
7120	FDC2	8001	09
7120	FDA9	8000	86
7120	FDB1	8001	08
7120	FDBA	8000	87
7120	FDC2	8001	09
7120	FDA9	8000	86
7120	FDB1	8001	08
7120	FDBA	8000	87
7120	FDC2	8001	09
7120	FDA9	8000	86
7120	FDB1	8001	08
7120	FDBA	8000	87
7120	FDC2	8001	09
7120	FDA9	8000	86
7120	FDB1	8001	08
7120	FDBA	8000	87
7120	FDC2	8001	09
7120	FDA9	8000	86
7120	FDB1	8001	08
7120	FDBA	8000	87
7120	FDC2	8001	09
7120	FC3F	8000	86
7120	FC48	8001	06
7120	FC4F	8000	87
7120	FC58	8001	07
7120	FDA9	8000	86
7120	FDB1	8001	18
7120	FDBA	8000	87
7120	FDC2	8001	19
7120	FDA9	8000	86
7120	FDB1	8001	28
7120	FDBA	8000	87
7120	FDC2	8001	29
7120	FDA9	8000	86
7120	FDB1	8001	28
7120	FDBA	8000	87
7120	FDC2	8001	29
7120	FDA9	8000	86
7120	FDB1	8001	08
7120	FDBA	8000	87
7120	FDC2	8001	09
7120	FDA9	8000	86
7120	FDB1	8001	08
7120	FDBA	8000	87
7120	FDC2	8001	09
7120	FDA9	8000	86
7120	FDB1	8001	08
7120	FDBA	8000	87
7120	FDC2	8001	09
7120	F9B3	8000	80
7120	F9B9	8001	FC
7120	F9BE	8000	81
7120	F9C4	8001	14
7120	F9C9	8000	82
7120	F9CF	8001	A2
7120	F9D4	8000	83
7120	F9DA	8001	01
7120	F9DF	8000	84
7120	F9E5	8001	02
7120	F9EA	8000	85
7120	F9F0	8001	14
7120	F8DB	8000	87
7120	F9B3	8000	80
7120	F9B9	8001	FC
7120	F9BE	8000	81
7120	F9C4	8001	14
7120	F9C9	8000	82
7120	F9CF	8001	FC
7120	F9D4	8000	83
7120	F9DA	8001	FD
7120	F9DF	8000	84
7120	F9E5	8001	02
7120	F9EA	8000	85
7120	F9F0	8001	14
7120	F8DB	8000	87
7121	FA23	8000	80
7121	FA29	8001	FC
7121	FA2E	8000	81
7121	FA34	8001	E2
7121	FA39	8000	82
7121	FA3F	8001	A2
7121	FA44	8000	83
7121	FA4A	8001	35
7121	FA4F	8000	84
7121	FA55	8001	B7
7121	FA5A	8000	85
7121	FA60	8001	BD
7121	FADD	8000	86
7121	FAE2	8001	18
7121	FAE9	8000	87
7121	FAEE	8001	19
7121	FAF8	8000	86
7121	FAFE	8001	08
7121	FB05	8000	87
7121	FB0B	8001	09
7121	FDA9	8000	86
7121	FDB1	8001	06
7121	FDBA	8000	87
7121	FDC2	8001	07
7121	FDA9	8000	86
7121	FDB1	8001	22
7121	FDBA	8000	87
7121	FDC2	8001	23
7121	FDA9	8000	86
7121	FDB1	8001	08
7121	FDBA	8000	87
7121	FDC2	8001	09
7121	FDA9	8000	86
7121	FDB1	8001	08
7121	FDBA	8000	87
7121	FDC2	8001	09
7121	FDA9	8000	86
7121	FDB1	8001	08
7121	FDBA	8000	87
7121	FDC2	8001	09
7121	FDA9	8000	86
7121	FDB1	8001	08
7121	FDBA	8000	87
7121	FDC2	8001	09
7121	FDA9	8000	86
7121	FDB1	8001	08
7121	FDBA	8000	87
7121	FDC2	8001	09
7121	FDA9	8000	86
7121	FDB1	8001	08
7121	FDBA	8000	87
7121	FDC2	8001	09
7121	FDA9	8000	86
7121	FDB1	8001	08
7121	FDBA	8000	87
7121	FDC2	8001	09
7121	FDA9	8000	86
7121	FDB1	8001	08
7121	FDBA	8000	87
7121	FDC2	8001	09
7121	FDA9	8000	86
7121	FDB1	8001	08
7121	FDBA	8000	87
7121	FDC2	8001	09
7121	FC3F	8000	86
7121	FC48	8001	06
7121	FC4F	8000	87
7121	FC58	8001	07
7121	FDA9	8000	86
7121	FDB1	8001	18
7121	FDBA	8000	87
7121	FDC2	8001	19
7121	FDA9	8000	86
7121	FDB1	8001	28
7121	FDBA	8000	87
7121	FDC2	8001	29
7121	FDA9	8000	86
7121	FDB1	8001	28
7121	FDBA	8000	87
7121	FDC2	8001	29
7121	FDA9	8000	86
7121	FDB1	8001	08
7121	FDBA	8000	87
7121	FDC2	8001	09
7121	FDA9	8000	86
7121	FDB1	8001	08
7121	FDBA	8000	87
7121	FDC2	8001	09
7121	F9B3	8000	80
7121	F9B9	8001	FC
7121	F9BE	8000	81
7121	F9C4	8001	14
7121	F9C9	8000	82
7121	F9CF	8001	A2
7121	F9D4	8000	83
7121	F9DA	8001	01
7121	F9DF	8000	84
7121	F9E5	8001	02
7121	F9EA	8000	85
7121	F9F0	8001	14
7121	F8DB	8000	87
7121	FDA9	8000	86
7121	FDB1	8001	08
7121	FDBA	8000	87
7121	FDC2	8001	09
7121	F9B3	8000	80
7121	F9B9	8001	FC
7121	F9BE	8000	81
7121	F9C4	8001	14
7121	F9C9	8000	82
7121	F9CF	8001	FC
7121	F9D4	8000	83
7121	F9DA	8001	FD
7121	F9DF	8000	84
7121	F9E5	8001	02
7121	F9EA	8000	85
7121	F9F0	8001	14
7121	F8DB	8000	87
7122	FA23	8000	80
7122	FA29	8001	FC
7122	FA2E	8000	81
7122	FA34	8001	E2
7122	FA39	8000	82
7122	FA3F	8001	A2
7122	FA44	8000	83
7122	FA4A	8001	35
7122	FA4F	8000	84
7122	FA55	8001	B7
7122	FA5A	8000	85
7122	FA60	8001	BD
7122	FADD	8000	86
7122	FAE2	8001	18
7122	FAE9	8000	87
7122	FAEE	8001	19
7122	FAF8	8000	86
7122	FAFE	8001	08
7122	FB05	8000	87
7122	FB0B	8001	09
7122	FDA9	8000	86
7122	FDB1	8001	06
7122	FDBA	8000	87
7122	FDC2	8001	07
7122	FDA9	8000	86
7122	FDB1	8001	22
7122	FDBA	8000	87
7122	FDC2	8001	23
7122	FDA9	8000	86
7122	FDB1	8001	08
7122	FDBA	8000	87
7122	FDC2	8001	09
7122	FDA9	8000	86
7122	FDB1	8001	08
7122	FDBA	8000	87
7122	FDC2	8001	09
7122	FDA9	8000	86
7122	FDB1	8001	08
7122	FDBA	8000	87
7122	FDC2	8001	09
7122	FDA9	8000	86
7122	FDB1	8001	08
7122	FDBA	8000	87
7122	FDC2	8001	09
7122	FDA9	8000	86
7122	FDB1	8001	08
7122	FDBA	8000	87
7122	FDC2	8001	09
7122	FDA9	8000	86
7122	FDB1	8001	08
7122	FDBA	8000	87
7122	FDC2	8001	09
7122	FDA9	8000	86
7122	FDB1	8001	08
7122	FDBA	8000	87
7122	FDC2	8001	09
7122	FDA9	8000	86
7122	FDB1	8001	08
7122	FDBA	8000	87
7122	FDC2	8001	09
7122	FDA9	8000	86
7122	FDB1	8001	08
7122	FDBA	8000	87
7122	FDC2	8001	09
7122	FC3F	8000	86
7122	FC48	8001	06
7122	FC4F	8000	87
7122	FC58	8001	07
7122	FDA9	8000	86
7122	FDB1	8001	18
7122	FDBA	8000	87
7122	FDC2	8001	19
7122	FDA9	8000	86
7122	FDB1	8001	28
7122	FDBA	8000	87
7122	FDC2	8001	29
7122	FDA9	8000	86
7122	FDB1	8001	28
7122	FDBA	8000	87
7122	FDC2	8001	29
7122	FDA9	8000	86
7122	FDB1	8001	08
7122	FDBA	8000	87
7122	FDC2	8001	09
7122	FDA9	8000	86
7122	FDB1	8001	08
7122	FDBA	8000	87
7122	FDC2	8001	09
7122	F9B3	8000	80
7122	F9B9	8001	FC
7122	F9BE	8000	81
7122	F9C4	8001	14
7122	F9C9	8000	82
7122	F9CF	8001	A2
7122	F9D4	8000	83
7122	F9DA	8001	01
7122	F9DF	8000	84
7122	F9E5	8001	02
7122	F9EA	8000	85
7122	F9F0	8001	14
7122	F8DB	8000	87
7122	FDA9	8000	86
7122	FDB1	8001	08
7122	FDBA	8000	87
7122	FDC2	8001	09
7122	F9B3	8000	80
7122	F9B9	8001	FC
7122	F9BE	8000	81
7122	F9C4	8001	14
7122	F9C9	8000	82
7122	F9CF	8001	FC
7122	F9D4	8000	83
7122	F9DA	8001	FD
7122	F9DF	8000	84
7122	F9E5	8001	02
7122	F9EA	8000	85
7122	F9F0	8001	14
7122	F8DB	8000	87
7123	FA23	8000	80
7123	FA29	8001	FC
7123	FA2E	8000	81
7123	FA34	8001	E2
7123	FA39	8000	82
7123	FA3F	8001	A2
7123	FA44	8000	83
7123	FA4A	8001	35
7123	FA4F	8000	84
7123	FA55	8001	B7
7123	FA5A	8000	85
7123	FA60	8001	BD
7123	FADD	8000	86
7123	FAE2	8001	18
7123	FAE9	8000	87
7123	FAEE	8001	19
7123	FAF8	8000	86
7123	FAFE	8001	08
7123	FB05	8000	87
7123	FB0B	8001	09
7123	FDA9	8000	86
7123	FDB1	8001	06
7123	FDBA	8000	87
7123	FDC2	8001	07
7123	FDA9	8000	86
7123	FDB1	8001	22
7123	FDBA	8000	87
7123	FDC2	8001	23
7123	FDA9	8000	86
7123	FDB1	8001	08
7123	FDBA	8000	87
7123	FDC2	8001	09
7123	FDA9	8000	86
7123	FDB1	8001	08
7123	FDBA	8000	87
7123	FDC2	8001	09
7123	FDA9	8000	86
7123	FDB1	8001	08
7123	FDBA	8000	87
7123	FDC2	8001	09
7123	FDA9	8000	86
7123	FDB1	8001	08
7123	FDBA	8000	87
7123	FDC2	8001	09
7123	FDA9	8000	86
7123	FDB1	8001	08
7123	FDBA	8000	87
7123	FDC2	8001	09
7123	FDA9	8000	86
7123	FDB1	8001	08
7123	FDBA	8000	87
7123	FDC2	8001	09
7123	FDA9	8000	86
7123	FDB1	8001	08
7123	FDBA	8000	87
7123	FDC2	8001	09
7123	FDA9	8000	86
7123	FDB1	8001	08
7123	FDBA	8000	87
7123	FDC2	8001	09
7123	FDA9	8000	86
7123	FDB1	8001	08
7123	FDBA	8000	87
7123	FDC2	8001	09
7123	FC3F	8000	86
7123	FC48	8001	06
7123	FC4F	8000	87
7123	FC58	8001	07
7123	FDA9	8000	86
7123	FDB1	8001	18
7123	FDBA	8000	87
7123	FDC2	8001	19
7123	FDA9	8000	86
7123	FDB1	8001	28
7123	FDBA	8000	87
7123	FDC2	8001	29
7123	FDA9	8000	86
7123	FDB1	8001	28
7123	FDBA	8000	87
7123	FDC2	8001	29
7123	FDA9	8000	86
7123	FDB1	8001	08
7123	FDBA	8000	87
7123	FDC2	8001	09
7123	F9B3	8000	80
7123	F9B9	8001	FC
7123	F9BE	8000	81
7123	F9C4	8001	14
7123	F9C9	8000	82
7123	F9CF	8001	A2
7123	F9D4	8000	83
7123	F9DA	8001	01
7123	F9DF	8000	84
7123	F9E5	8001	02
7123	F9EA	8000	85
7123	F9F0	8001	14
7123	F8DB	8000	87
7123	FDA9	8000	86
7123	FDB1	8001	08
7123	FDBA	8000	87
7123	FDC2	8001	09
7123	F9B3	8000	80
7123	F9B9	8001	FC
7123	F9BE	8000	81
7123	F9C4	8001	14
7123	F9C9	8000	82
7123	F9CF	8001	FC
7123	F9D4	8000	83
7123	F9DA	8001	FD
7123	F9DF	8000	84
7123	F9E5	8001	02
7123	F9EA	8000	85
7123	F9F0	8001	14
7123	F8DB	8000	87
7123	FDA9	8000	86
7123	FDB1	8001	08
7123	FDBA	8000	87
7123	FDC2	8001	09
7124	FA23	8000	80
7124	FA29	8001	FC
7124	FA2E	8000	81
7124	FA34	8001	E2
7124	FA39	8000	82
7124	FA3F	8001	A2
7124	FA44	8000	83
7124	FA4A	8001	35
7124	FA4F	8000	84
7124	FA55	8001	B7
7124	FA5A	8000	85
7124	FA60	8001	BD
7124	FADD	8000	86
7124	FAE2	8001	18
7124	FAE9	8000	87
7124	FAEE	8001	19
7124	BF0A	8000	86
7124	C8E1	8001	00
7124	C8E6	8000	87
7124	C8EB	8001	01
7124	C900	8000	86
7124	C905	8001	18
7124	C90A	8000	87
7124	C90F	8001	19
7124	BF0A	8000	86
7124	C8E1	8001	00
7124	C8E6	8000	87
7124	C8EB	8001	01
7124	C900	8000	86
7124	C905	8001	18
7124	C90A	8000	87
7124	C90F	8001	19
7124	BF0A	8000	86
7124	C8E1	8001	00
7124	C8E6	8000	87
7124	C8EB	8001	01
7124	C900	8000	86
7124	C905	8001	18
7124	C90A	8000	87
7124	C90F	8001	19
7124	FAF8	8000	86
7124	FAFE	8001	08
7124	FB05	8000	87
7124	FB0B	8001	09
7124	FDA9	8000	86
7124	FDB1	8001	06
7124	FDBA	8000	87
7124	FDC2	8001	07
7124	FDA9	8000	86
7124	FDB1	8001	22
7124	FDBA	8000	87
7124	FDC2	8001	23
7124	FDA9	8000	86
7124	FDB1	8001	08
7124	FDBA	8000	87
7124	FDC2	8001	09
7124	FDA9	8000	86
7124	FDB1	8001	08
7124	FDBA	8000	87
7124	FDC2	8001	09
7124	FDA9	8000	86
7124	FDB1	8001	08
7124	FDBA	8000	87
7124	FDC2	8001	09
7124	FDA9	8000	86
7124	FDB1	8001	08
7124	FDBA	8000	87
7124	FDC2	8001	09
7124	FDA9	8000	86
7124	FDB1	8001	08
7124	FDBA	8000	87
7124	FDC2	8001	09
7124	FDA9	8000	86
7124	FDB1	8001	08
7124	FDBA	8000	87
7124	FDC2	8001	09
7124	FDA9	8000	86
7124	FDB1	8001	08
7124	FDBA	8000	87
7124	FDC2	8001	09
7124	FDA9	8000	86
7124	FDB1	8001	08
7124	FDBA	8000	87
7124	FDC2	8001	09
7124	FDA9	8000	86
7124	FDB1	8001	08
7124	FDBA	8000	87
7124	FDC2	8001	09
7124	FC3F	8000	86
7124	FC48	8001	06
7124	FC4F	8000	87
7124	FC58	8001	07
7124	FDA9	8000	86
7124	FDB1	8001	18
7124	FDBA	8000	87
7124	FDC2	8001	19
7124	FDA9	8000	86
7124	FDB1	8001	28
7124	FDBA	8000	87
7124	FDC2	8001	29
7124	FDA9	8000	86
7124	FDB1	8001	28
7124	FDBA	8000	87
7124	FDC2	8001	29
7124	F9B3	8000	80
7124	F9B9	8001	FC
7124	F9BE	8000	81
7124	F9C4	8001	14
7124	F9C9	8000	82
7124	F9CF	8001	A2
7124	F9D4	8000	83
7124	F9DA	8001	01
7124	F9DF	8000	84
7124	F9E5	8001	02
7124	F9EA	8000	85
7124	F9F0	8001	14
7124	F8DB	8000	87
7124	F9B3	8000	80
7124	F9B9	8001	FC
7124	F9BE	8000	81
7124	F9C4	8001	14
7124	F9C9	8000	82
7124	F9CF	8001	00
7124	F9D4	8000	83
7124	F9DA	8001	01
7124	F9DF	8000	84
7124	F9E5	8001	02
7124	F9EA	8000	85
7124	F9F0	8001	14
7124	F8DB	8000	87
7124	FDA9	8000	86
7124	FDB1	8001	08
7124	FDBA	8000	87
7124	FDC2	8001	09
7124	FDA9	8000	86
7124	FDB1	8001	08
7124	FDBA	8000	87
7124	FDC2	8001	09
7124	FDA9	8000	86
7124	FDB1	8001	08
7124	FDBA	8000	87
7124	FDC2	8001	09
7125	FA23	8000	80
7125	FA29	8001	FC
7125	FA2E	8000	81
7125	FA34	8001	E2
7125	FA39	8000	82
7125	FA3F	8001	A2
7125	FA44	8000	83
7125	FA4A	8001	35
7125	FA4F	8000	84
7125	FA55	8001	B7
7125	FA5A	8000	85
7125	FA60	8001	BD
7125	FADD	8000	86
7125	FAE2	8001	18
7125	FAE9	8000	87
7125	FAEE	8001	19
7125	FAF8	8000	86
7125	FAFE	8001	08
7125	FB05	8000	87
7125	FB0B	8001	09
7125	FDA9	8000	86
7125	FDB1	8001	06
7125	FDBA	8000	87
7125	FDC2	8001	07
7125	FDA9	8000	86
7125	FDB1	8001	22
7125	FDBA	8000	87
7125	FDC2	8001	23
7125	FDA9	8000	86
7125	FDB1	8001	08
7125	FDBA	8000	87
7125	FDC2	8001	09
7125	FDA9	8000	86
7125	FDB1	8001	08
7125	FDBA	8000	87
7125	FDC2	8001	09
7125	FDA9	8000	86
7125	FDB1	8001	08
7125	FDBA	8000	87
7125	FDC2	8001	09
7125	FDA9	8000	86
7125	FDB1	8001	08
7125	FDBA	8000	87
7125	FDC2	8001	09
7125	FDA9	8000	86
7125	FDB1	8001	08
7125	FDBA	8000	87
7125	FDC2	8001	09
7125	FDA9	8000	86
7125	FDB1	8001	08
7125	FDBA	8000	87
7125	FDC2	8001	09
7125	FDA9	8000	86
7125	FDB1	8001	08
7125	FDBA	8000	87
7125	FDC2	8001	09
7125	FDA9	8000	86
7125	FDB1	8001	08
7125	FDBA	8000	87
7125	FDC2	8001	09
7125	FDA9	8000	86
7125	FDB1	8001	08
7125	FDBA	8000	87
7125	FDC2	8001	09
7125	FC3F	8000	86
7125	FC48	8001	06
7125	FC4F	8000	87
7125	FC58	8001	07
7125	FDA9	8000	86
7125	FDB1	8001	18
7125	FDBA	8000	87
7125	FDC2	8001	19
7125	FDA9	8000	86
7125	FDB1	8001	28
7125	FDBA	8000	87
7125	FDC2	8001	29
7125	FDA9	8000	86
7125	FDB1	8001	28
7125	FDBA	8000	87
7125	FDC2	8001	29
7125	FDA9	8000	86
7125	FDB1	8001	08
7125	FDBA	8000	87
7125	FDC2	8001	09
7125	F9B3	8000	80
7125	F9B9	8001	FC
7125	F9BE	8000	81
7125	F9C4	8001	14
7125	F9C9	8000	82
7125	F9CF	8001	A2
7125	F9D4	8000	83
7125	F9DA	8001	01
7125	F9DF	8000	84
7125	F9E5	8001	02
7125	F9EA	8000	85
7125	F9F0	8001	14
7125	F8DB	8000	87
7125	FDA9	8000	86
7125	FDB1	8001	08
7125	FDBA	8000	87
7125	FDC2	8001	09
7125	F9B3	8000	80
7125	F9B9	8001	FC
7125	F9BE	8000	81
7125	F9C4	8001	14
7125	F9C9	8000	82
7125	F9CF	8001	00
7125	F9D4	8000	83
7125	F9DA	8001	01
7125	F9DF	8000	84
7125	F9E5	8001	02
7125	F9EA	8000	85
7125	F9F0	8001	14
7125	F8DB	8000	87
7125	FDA9	8000	86
7125	FDB1	8001	08
7125	FDBA	8000	87
7125	FDC2	8001	09
7126	FA23	8000	80
7126	FA29	8001	FC
7126	FA2E	8000	81
7126	FA34	8001	E2
7126	FA39	8000	82
7126	FA3F	8001	A2
7126	FA44	8000	83
7126	FA4A	8001	35
7126	FA4F	8000	84
7126	FA55	8001	B7
7126	FA5A	8000	85
7126	FA60	8001	BD
7126	FADD	8000	86
7126	FAE2	8001	18
7126	FAE9	8000	87
7126	FAEE	8001	19
7126	FAF8	8000	86
7126	FAFE	8001	08
7126	FB05	8000	87
7126	FB0B	8001	09
7126	FDA9	8000	86
7126	FDB1	8001	06
7126	FDBA	8000	87
7126	FDC2	8001	07
7126	FDA9	8000	86
7126	FDB1	8001	22
7126	FDBA	8000	87
7126	FDC2	8001	23
7126	FDA9	8000	86
7126	FDB1	8001	08
7126	FDBA	8000	87
7126	FDC2	8001	09
7126	FDA9	8000	86
7126	FDB1	8001	08
7126	FDBA	8000	87
7126	FDC2	8001	09
7126	FDA9	8000	86
7126	FDB1	8001	08
7126	FDBA	8000	87
7126	FDC2	8001	09
7126	FDA9	8000	86
7126	FDB1	8001	08
7126	FDBA	8000	87
7126	FDC2	8001	09
7126	FDA9	8000	86
7126	FDB1	8001	08
7126	FDBA	8000	87
7126	FDC2	8001	09
7126	FDA9	8000	86
7126	FDB1	8001	08
7126	FDBA	8000	87
7126	FDC2	8001	09
7126	FDA9	8000	86
7126	FDB1	8001	08
7126	FDBA	8000	87
7126	FDC2	8001	09
7126	FDA9	8000	86
7126	FDB1	8001	08
7126	FDBA	8000	87
7126	FDC2	8001	09
7126	FDA9	8000	86
7126	FDB1	8001	08
7126	FDBA	8000	87
7126	FDC2	8001	09
7126	FC3F	8000	86
7126	FC48	8001	06
7126	FC4F	8000	87
7126	FC58	8001	07
7126	FDA9	8000	86
7126	FDB1	8001	18
7126	FDBA	8000	87
7126	FDC2	8001	19
7126	FDA9	8000	86
7126	FDB1	8001	28
7126	FDBA	8000	87
7126	FDC2	8001	29
7126	FDA9	8000	86
7126	FDB1	8001	28
7126	FDBA	8000	87
7126	FDC2	8001	29
7126	FDA9	8000	86
7126	FDB1	8001	08
7126	FDBA	8000	87
7126	FDC2	8001	09
7126	F9B3	8000	80
7126	F9B9	8001	FC
7126	F9BE	8000	81
7126	F9C4	8001	14
7126	F9C9	8000	82
7126	F9CF	8001	A2
7126	F9D4	8000	83
7126	F9DA	8001	01
7126	F9DF	8000	84
7126	F9E5	8001	02
7126	F9EA	8000	85
7126	F9F0	8001	14
7126	F8DB	8000	87
7126	FDA9	8000	86
7126	FDB1	8001	08
7126	FDBA	8000	87
7126	FDC2	8001	09
7126	F9B3	8000	80
7126	F9B9	8001	FC
7126	F9BE	8000	81
7126	F9C4	8001	14
7126	F9C9	8000	82
7126	F9CF	8001	00
7126	F9D4	8000	83
7126	F9DA	8001	01
7126	F9DF	8000	84
7126	F9E5	8001	02
7126	F9EA	8000	85
7126	F9F0	8001	14
7126	F8DB	8000	87
7126	FDA9	8000	86
7126	FDB1	8001	08
7126	FDBA	8000	87
7126	FDC2	8001	09
7127	FA23	8000	80
7127	FA29	8001	FC
7127	FA2E	8000	81
7127	FA34	8001	E2
7127	FA39	8000	82
7127	FA3F	8001	A2
7127	FA44	8000	83
7127	FA4A	8001	35
7127	FA4F	8000	84
7127	FA55	8001	B7
7127	FA5A	8000	85
7127	FA60	8001	BD
7127	FADD	8000	86
7127	FAE2	8001	18
7127	FAE9	8000	87
7127	FAEE	8001	19
7127	FAF8	8000	86
7127	FAFE	8001	08
7127	FB05	8000	87
7127	FB0B	8001	09
7127	FDA9	8000	86
7127	FDB1	8001	06
7127	FDBA	8000	87
7127	FDC2	8001	07
7127	FDA9	8000	86
7127	FDB1	8001	22
7127	FDBA	8000	87
7127	FDC2	8001	23
7127	FDA9	8000	86
7127	FDB1	8001	08
7127	FDBA	8000	87
7127	FDC2	8001	09
7127	FDA9	8000	86
7127	FDB1	8001	08
7127	FDBA	8000	87
7127	FDC2	8001	09
7127	FDA9	8000	86
7127	FDB1	8001	08
7127	FDBA	8000	87
7127	FDC2	8001	09
7127	FDA9	8000	86
7127	FDB1	8001	08
7127	FDBA	8000	87
7127	FDC2	8001	09
7127	FDA9	8000	86
7127	FDB1	8001	08
7127	FDBA	8000	87
7127	FDC2	8001	09
7127	FDA9	8000	86
7127	FDB1	8001	08
7127	FDBA	8000	87
7127	FDC2	8001	09
7127	FDA9	8000	86
7127	FDB1	8001	08
7127	FDBA	8000	87
7127	FDC2	8001	09
7127	FDA9	8000	86
7127	FDB1	8001	08
7127	FDBA	8000	87
7127	FDC2	8001	09
7127	FDA9	8000	86
7127	FDB1	8001	08
7127	FDBA	8000	87
7127	FDC2	8001	09
7127	FC3F	8000	86
7127	FC48	8001	06
7127	FC4F	8000	87
7127	FC58	8001	07
7127	FDA9	8000	86
7127	FDB1	8001	18
7127	FDBA	8000	87
7127	FDC2	8001	19
7127	FDA9	8000	86
7127	FDB1	8001	28
7127	FDBA	8000	87
7127	FDC2	8001	29
7127	FDA9	8000	86
7127	FDB1	8001	28
7127	FDBA	8000	87
7127	FDC2	8001	29
7127	FDA9	8000	86
7127	FDB1	8001	08
7127	FDBA	8000	87
7127	FDC2	8001	09
7127	F9B3	8000	80
7127	F9B9	8001	FC
7127	F9BE	8000	81
7127	F9C4	8001	14
7127	F9C9	8000	82
7127	F9CF	8001	A2
7127	F9D4	8000	83
7127	F9DA	8001	01
7127	F9DF	8000	84
7127	F9E5	8001	02
7127	F9EA	8000	85
7127	F9F0	8001	14
7127	F8DB	8000	87
7127	F9B3	8000	80
7127	F9B9	8001	FC
7127	F9BE	8000	81
7127	F9C4	8001	14
7127	F9C9	8000	82
7127	F9CF	8001	00
7127	F9D4	8000	83
7127	F9DA	8001	01
7127	F9DF	8000	84
7127	F9E5	8001	02
7127	F9EA	8000	85
7127	F9F0	8001	14
7127	F8DB	8000	87
7127	FDA9	8000	86
7127	FDB1	8001	08
7127	FDBA	8000	87
7127	FDC2	8001	09
7127	FDA9	8000	86
7127	FDB1	8001	08
7127	FDBA	8000	87
7127	FDC2	8001	09
7128	FA23	8000	80
7128	FA29	8001	FC
7128	FA2E	8000	81
7128	FA34	8001	E2
7128	FA39	8000	82
7128	FA3F	8001	A2
7128	FA44	8000	83
7128	FA4A	8001	35
7128	FA4F	8000	84
7128	FA55	8001	B7
7128	FA5A	8000	85
7128	FA60	8001	BD
7128	FADD	8000	86
7128	FAE2	8001	18
7128	FAE9	8000	87
7128	FAEE	8001	19
7128	FAF8	8000	86
7128	FAFE	8001	08
7128	FB05	8000	87
7128	FB0B	8001	09
7128	FDA9	8000	86
7128	FDB1	8001	06
7128	FDBA	8000	87
7128	FDC2	8001	07
7128	FDA9	8000	86
7128	FDB1	8001	22
7128	FDBA	8000	87
7128	FDC2	8001	23
7128	FDA9	8000	86
7128	FDB1	8001	08
7128	FDBA	8000	87
7128	FDC2	8001	09
7128	FDA9	8000	86
7128	FDB1	8001	08
7128	FDBA	8000	87
7128	FDC2	8001	09
7128	FDA9	8000	86
7128	FDB1	8001	08
7128	FDBA	8000	87
7128	FDC2	8001	09
7128	FDA9	8000	86
7128	FDB1	8001	08
7128	FDBA	8000	87
7128	FDC2	8001	09
7128	FDA9	8000	86
7128	FDB1	8001	08
7128	FDBA	8000	87
7128	FDC2	8001	09
7128	FDA9	8000	86
7128	FDB1	8001	08
7128	FDBA	8000	87
7128	FDC2	8001	09
7128	FDA9	8000	86
7128	FDB1	8001	08
7128	FDBA	8000	87
7128	FDC2	8001	09
7128	FDA9	8000	86
7128	FDB1	8001	08
7128	FDBA	8000	87
7128	FDC2	8001	09
7128	FDA9	8000	86
7128	FDB1	8001	08
7128	FDBA	8000	87
7128	FDC2	8001	09
7128	FC3F	8000	86
7128	FC48	8001	06
7128	FC4F	8000	87
7128	FC58	8001	07
7128	FDA9	8000	86
7128	FDB1	8001	18
7128	FDBA	8000	87
7128	FDC2	8001	19
7128	FDA9	8000	86
7128	FDB1	8001	28
7128	FDBA	8000	87
7128	FDC2	8001	29
7128	FDA9	8000	86
7128	FDB1	8001	28
7128	FDBA	8000	87
7128	FDC2	8001	29
7128	FDA9	8000	86
7128	FDB1	8001	08
7128	FDBA	8000	87
7128	FDC2	8001	09
7128	F9B3	8000	80
7128	F9B9	8001	FC
7128	F9BE	8000	81
7128	F9C4	8001	14
7128	F9C9	8000	82
7128	F9CF	8001	A2
7128	F9D4	8000	83
7128	F9DA	8001	01
7128	F9DF	8000	84
7128	F9E5	8001	02
7128	F9EA	8000	85
7128	F9F0	8001	14
7128	F8DB	8000	87
7128	FDA9	8000	86
7128	FDB1	8001	08
7128	FDBA	8000	87
7128	FDC2	8001	09
7128	FDA9	8000	86
7128	FDB1	8001	08
7128	FDBA	8000	87
7128	FDC2	8001	09
7128	F9B3	8000	80
7128	F9B9	8001	FC
7128	F9BE	8000	81
7128	F9C4	8001	14
7128	F9C9	8000	82
7128	F9CF	8001	00
7128	F9D4	8000	83
7128	F9DA	8001	01
7128	F9DF	8000	84
7128	F9E5	8001	02
7128	F9EA	8000	85
7128	F9F0	8001	14
7128	F8DB	8000	87
7129	FA23	8000	80
7129	FA29	8001	FC
7129	FA2E	8000	81
7129	FA34	8001	E2
7129	FA39	8000	82
7129	FA3F	8001	A2
7129	FA44	8000	83
7129	FA4A	8001	35
7129	FA4F	8000	84
7129	FA55	8001	B7
7129	FA5A	8000	85
7129	FA60	8001	BD
7129	FADD	8000	86
7129	FAE2	8001	18
7129	FAE9	8000	87
7129	FAEE	8001	19
7129	FAF8	8000	86
7129	FAFE	8001	08
7129	FB05	8000	87
7129	FB0B	8001	09
7129	FDA9	8000	86
7129	FDB1	8001	06
7129	FDBA	8000	87
7129	FDC2	8001	07
7129	FDA9	8000	86
7129	FDB1	8001	22
7129	FDBA	8000	87
7129	FDC2	8001	23
7129	FDA9	8000	86
7129	FDB1	8001	08
7129	FDBA	8000	87
7129	FDC2	8001	09
7129	FDA9	8000	86
7129	FDB1	8001	08
7129	FDBA	8000	87
7129	FDC2	8001	09
7129	FDA9	8000	86
7129	FDB1	8001	08
7129	FDBA	8000	87
7129	FDC2	8001	09
7129	FDA9	8000	86
7129	FDB1	8001	08
7129	FDBA	8000	87
7129	FDC2	8001	09
7129	FDA9	8000	86
7129	FDB1	8001	08
7129	FDBA	8000	87
7129	FDC2	8001	09
7129	FDA9	8000	86
7129	FDB1	8001	08
7129	FDBA	8000	87
7129	FDC2	8001	09
7129	FDA9	8000	86
7129	FDB1	8001	08
7129	FDBA	8000	87
7129	FDC2	8001	09
7129	FDA9	8000	86
7129	FDB1	8001	08
7129	FDBA	8000	87
7129	FDC2	8001	09
7129	FDA9	8000	86
7129	FDB1	8001	08
7129	FDBA	8000	87
7129	FDC2	8001	09
7129	FC3F	8000	86
7129	FC48	8001	06
7129	FC4F	8000	87
7129	FC58	8001	07
7129	FDA9	8000	86
7129	FDB1	8001	18
7129	FDBA	8000	87
7129	FDC2	8001	19
7129	FDA9	8000	86
7129	FDB1	8001	28
7129	FDBA	8000	87
7129	FDC2	8001	29
7129	FDA9	8000	86
7129	FDB1	8001	28
7129	FDBA	8000	87
7129	FDC2	8001	29
7129	FDA9	8000	86
7129	FDB1	8001	08
7129	FDBA	8000	87
7129	FDC2	8001	09
7129	F9B3	8000	80
7129	F9B9	8001	FC
7129	F9BE	8000	81
7129	F9C4	8001	14
7129	F9C9	8000	82
7129	F9CF	8001	A2
7129	F9D4	8000	83
7129	F9DA	8001	01
7129	F9DF	8000	84
7129	F9E5	8001	02
7129	F9EA	8000	85
7129	F9F0	8001	14
7129	F8DB	8000	87
7129	FDA9	8000	86
7129	FDB1	8001	08
7129	FDBA	8000	87
7129	FDC2	8001	09
7129	FDA9	8000	86
7129	FDB1	8001	08
7129	FDBA	8000	87
7129	FDC2	8001	09
7129	F9B3	8000	80
7129	F9B9	8001	FC
7129	F9BE	8000	81
7129	F9C4	8001	14
7129	F9C9	8000	82
7129	F9CF	8001	00
7129	F9D4	8000	83
7129	F9DA	8001	01
7129	F9DF	8000	84
7129	F9E5	8001	02
7129	F9EA	8000	85
7129	F9F0	8001	14
7129	F8DB	8000	87
7130	FA23	8000	80
7130	FA29	8001	FC
7130	FA2E	8000	81
7130	FA34	8001	E2
7130	FA39	8000	82
7130	FA3F	8001	A2
7130	FA44	8000	83
7130	FA4A	8001	35
7130	FA4F	8000	84
7130	FA55	8001	B7
7130	FA5A	8000	85
7130	FA60	8001	BD
7130	FADD	8000	86
7130	FAE2	8001	18
7130	FAE9	8000	87
7130	FAEE	8001	19
7130	FAF8	8000	86
7130	FAFE	8001	08
7130	FB05	8000	87
7130	FB0B	8001	09
7130	FDA9	8000	86
7130	FDB1	8001	06
7130	FDBA	8000	87
7130	FDC2	8001	07
7130	FDA9	8000	86
7130	FDB1	8001	22
7130	FDBA	8000	87
7130	FDC2	8001	23
7130	FDA9	8000	86
7130	FDB1	8001	08
7130	FDBA	8000	87
7130	FDC2	8001	09
7130	FDA9	8000	86
7130	FDB1	8001	08
7130	FDBA	8000	87
7130	FDC2	8001	09
7130	FDA9	8000	86
7130	FDB1	8001	08
7130	FDBA	8000	87
7130	FDC2	8001	09
7130	FDA9	8000	86
7130	FDB1	8001	08
7130	FDBA	8000	87
7130	FDC2	8001	09
7130	FDA9	8000	86
7130	FDB1	8001	08
7130	FDBA	8000	87
7130	FDC2	8001	09
7130	FDA9	8000	86
7130	FDB1	8001	08
7130	FDBA	8000	87
7130	FDC2	8001	09
7130	FDA9	8000	86
7130	FDB1	8001	08
7130	FDBA	8000	87
7130	FDC2	8001	09
7130	FDA9	8000	86
7130	FDB1	8001	08
7130	FDBA	8000	87
7130	FDC2	8001	09
7130	FDA9	8000	86
7130	FDB1	8001	08
7130	FDBA	8000	87
7130	FDC2	8001	09
7130	FC3F	8000	86
7130	FC48	8001	06
7130	FC4F	8000	87
7130	FC58	8001	07
7130	FDA9	8000	86
7130	FDB1	8001	18
7130	FDBA	8000	87
7130	FDC2	8001	19
7130	FDA9	8000	86
7130	FDB1	8001	28
7130	FDBA	8000	87
7130	FDC2	8001	29
7130	FDA9	8000	86
7130	FDB1	8001	28
7130	FDBA	8000	87
7130	FDC2	8001	29
7130	FDA9	8000	86
7130	FDB1	8001	08
7130	FDBA	8000	87
7130	FDC2	8001	09
7130	FDA9	8000	86
7130	F9B3	8000	80
7130	F9B9	8001	FC
7130	F9BE	8000	81
7130	F9C4	8001	14
7130	F9C9	8000	82
7130	F9CF	8001	A2
7130	F9D4	8000	83
7130	F9DA	8001	01
7130	F9DF	8000	84
7130	F9E5	8001	02
7130	F9EA	8000	85
7130	F9F0	8001	14
7130	F8DB	8000	86
7130	FDB1	8001	08
7130	FDBA	8000	87
7130	FDC2	8001	09
7130	FDA9	8000	86
7130	FDB1	8001	08
7130	FDBA	8000	87
7130	FDC2	8001	09
7130	F9B3	8000	80
7130	F9B9	8001	FC
7130	F9BE	8000	81
7130	F9C4	8001	14
7130	F9C9	8000	82
7130	F9CF	8001	FC
7130	F9D4	8000	83
7130	F9DA	8001	FD
7130	F9DF	8000	84
7130	F9E5	8001	02
7130	F9EA	8000	85
7130	F9F0	8001	14
7130	F8DB	8000	87
7131	FA23	8000	80
7131	FA29	8001	FC
7131	FA2E	8000	81
7131	FA34	8001	E2
7131	FA39	8000	82
7131	FA3F	8001	A2
7131	FA44	8000	83
7131	FA4A	8001	35
7131	FA4F	8000	84
7131	FA55	8001	B7
7131	FA5A	8000	85
7131	FA60	8001	BD
7131	FADD	8000	86
7131	FAE2	8001	18
7131	FAE9	8000	87
7131	FAEE	8001	19
7131	FAF8	8000	86
7131	FAFE	8001	08
7131	FB05	8000	87
7131	FB0B	8001	09
7131	FDA9	8000	86
7131	FDB1	8001	06
7131	FDBA	8000	87
7131	FDC2	8001	07
7131	FDA9	8000	86
7131	FDB1	8001	22
7131	FDBA	8000	87
7131	FDC2	8001	23
7131	FDA9	8000	86
7131	FDB1	8001	08
7131	FDBA	8000	87
7131	FDC2	8001	09
7131	FDA9	8000	86
7131	FDB1	8001	08
7131	FDBA	8000	87
7131	FDC2	8001	09
7131	FDA9	8000	86
7131	FDB1	8001	08
7131	FDBA	8000	87
7131	FDC2	8001	09
7131	FDA9	8000	86
7131	FDB1	8001	08
7131	FDBA	8000	87
7131	FDC2	8001	09
7131	FDA9	8000	86
7131	FDB1	8001	08
7131	FDBA	8000	87
7131	FDC2	8001	09
7131	FDA9	8000	86
7131	FDB1	8001	08
7131	FDBA	8000	87
7131	FDC2	8001	09
7131	FDA9	8000	86
7131	FDB1	8001	08
7131	FDBA	8000	87
7131	FDC2	8001	09
7131	FDA9	8000	86
7131	FDB1	8001	08
7131	FDBA	8000	87
7131	FDC2	8001	09
7131	FDA9	8000	86
7131	FDB1	8001	08
7131	FDBA	8000	87
7131	FDC2	8001	09
7131	FC3F	8000	86
7131	FC48	8001	06
7131	FC4F	8000	87
7131	FC58	8001	07
7131	FDA9	8000	86
7131	FDB1	8001	18
7131	FDBA	8000	87
7131	FDC2	8001	19
7131	FDA9	8000	86
7131	FDB1	8001	28
7131	FDBA	8000	87
7131	FDC2	8001	29
7131	FDA9	8000	86
7131	FDB1	8001	28
7131	FDBA	8000	87
7131	FDC2	8001	29
7131	FDA9	8000	86
7131	FDB1	8001	08
7131	FDBA	8000	87
7131	FDC2	8001	09
7131	FDA9	8000	86
7131	FDB1	8001	08
7131	FDBA	8000	87
7131	FDC2	8001	09
7131	F9B3	8000	80
7131	F9B9	8001	FC
7131	F9BE	8000	81
7131	F9C4	8001	14
7131	F9C9	8000	82
7131	F9CF	8001	A2
7131	F9D4	8000	83
7131	F9DA	8001	01
7131	F9DF	8000	84
7131	F9E5	8001	02
7131	F9EA	8000	85
7131	F9F0	8001	14
7131	F8DB	8000	87
7131	FDA9	8000	86
7131	FDB1	8001	08
7131	FDBA	8000	87
7131	FDC2	8001	09
7131	F9B3	8000	80
7131	F9B9	8001	FC
7131	F9BE	8000	81
7131	F9C4	8001	14
7131	F9C9	8000	82
7131	F9CF	8001	FC
7131	F9D4	8000	83
7131	F9DA	8001	FD
7131	F9DF	8000	84
7131	F9E5	8001	02
7131	F9EA	8000	85
7131	F9F0	8001	14
7131	F8DB	8000	87
7132	FA23	8000	80
7132	FA29	8001	FC
7132	FA2E	8000	81
7132	FA34	8001	E2
7132	FA39	8000	82
7132	FA3F	8001	A2
7132	FA44	8000	83
7132	FA4A	8001	35
7132	FA4F	8000	84
7132	FA55	8001	B7
7132	FA5A	8000	85
7132	FA60	8001	BD
7132	FADD	8000	86
7132	FAE2	8001	18
7132	FAE9	8000	87
7132	FAEE	8001	19
7132	FAF8	8000	86
7132	FAFE	8001	08
7132	FB05	8000	87
7132	FB0B	8001	09
7132	FDA9	8000	86
7132	FDB1	8001	06
7132	FDBA	8000	87
7132	FDC2	8001	07
7132	FDA9	8000	86
7132	FDB1	8001	22
7132	FDBA	8000	87
7132	FDC2	8001	23
7132	FDA9	8000	86
7132	FDB1	8001	08
7132	FDBA	8000	87
7132	FDC2	8001	09
7132	FDA9	8000	86
7132	FDB1	8001	08
7132	FDBA	8000	87
7132	FDC2	8001	09
7132	FDA9	8000	86
7132	FDB1	8001	08
7132	FDBA	8000	87
7132	FDC2	8001	09
7132	FDA9	8000	86
7132	FDB1	8001	08
7132	FDBA	8000	87
7132	FDC2	8001	09
7132	FDA9	8000	86
7132	FDB1	8001	08
7132	FDBA	8000	87
7132	FDC2	8001	09
7132	FDA9	8000	86
7132	FDB1	8001	08
7132	FDBA	8000	87
7132	FDC2	8001	09
7132	FDA9	8000	86
7132	FDB1	8001	08
7132	FDBA	8000	87
7132	FDC2	8001	09
7132	FDA9	8000	86
7132	FDB1	8001	08
7132	FDBA	8000	87
7132	FDC2	8001	09
7132	FDA9	8000	86
7132	FDB1	8001	08
7132	FDBA	8000	87
7132	FDC2	8001	09
7132	FC3F	8000	86
7132	FC48	8001	06
7132	FC4F	8000	87
7132	FC58	8001	07
7132	FDA9	8000	86
7132	FDB1	8001	18
7132	FDBA	8000	87
7132	FDC2	8001	19
7132	FDA9	8000	86
7132	FDB1	8001	28
7132	FDBA	8000	87
7132	FDC2	8001	29
7132	FDA9	8000	86
7132	FDB1	8001	28
7132	FDBA	8000	87
7132	FDC2	8001	29
7132	FDA9	8000	86
7132	FDB1	8001	08
7132	FDBA	8000	87
7132	FDC2	8001	09
7132	FDA9	8000	86
7132	FDB1	8001	08
7132	FDBA	8000	87
7132	FDC2	8001	09
7132	FDA9	8000	86
7132	FDB1	8001	08
7132	FDBA	8000	87
7132	FDC2	8001	09
7132	F9B3	8000	80
7132	F9B9	8001	FC
7132	F9BE	8000	81
7132	F9C4	8001	14
7132	F9C9	8000	82
7132	F9CF	8001	A2
7132	F9D4	8000	83
7132	F9DA	8001	01
7132	F9DF	8000	84
7132	F9E5	8001	02
7132	F9EA	8000	85
7132	F9F0	8001	14
7132	F8DB	8000	87
7132	F9B3	8000	80
7132	F9B9	8001	FC
7132	F9BE	8000	81
7132	F9C4	8001	14
7132	F9C9	8000	82
7132	F9CF	8001	FC
7132	F9D4	8000	83
7132	F9DA	8001	FD
7132	F9DF	8000	84
7132	F9E5	8001	02
7132	F9EA	8000	85
7132	F9F0	8001	14
7132	F8DB	8000	87
7133	FA23	8000	80
7133	FA29	8001	FC
7133	FA2E	8000	81
7133	FA34	8001	E2
7133	FA39	8000	82
7133	FA3F	8001	A2
7133	FA44	8000	83
7133	FA4A	8001	35
7133	FA4F	8000	84
7133	FA55	8001	B7
7133	FA5A	8000	85
7133	FA60	8001	BD
7133	FADD	8000	86
7133	FAE2	8001	18
7133	FAE9	8000	87
7133	FAEE	8001	19
7133	FAF8	8000	86
7133	FAFE	8001	08
7133	FB05	8000	87
7133	FB0B	8001	09
7133	FDA9	8000	86
7133	FDB1	8001	06
7133	FDBA	8000	87
7133	FDC2	8001	07
7133	FDA9	8000	86
7133	FDB1	8001	22
7133	FDBA	8000	87
7133	FDC2	8001	23
7133	FDA9	8000	86
7133	FDB1	8001	08
7133	FDBA	8000	87
7133	FDC2	8001	09
7133	FDA9	8000	86
7133	FDB1	8001	08
7133	FDBA	8000	87
7133	FDC2	8001	09
7133	FDA9	8000	86
7133	FDB1	8001	08
7133	FDBA	8000	87
7133	FDC2	8001	09
7133	FDA9	8000	86
7133	FDB1	8001	08
7133	FDBA	8000	87
7133	FDC2	8001	09
7133	FDA9	8000	86
7133	FDB1	8001	08
7133	FDBA	8000	87
7133	FDC2	8001	09
7133	FDA9	8000	86
7133	FDB1	8001	08
7133	FDBA	8000	87
7133	FDC2	8001	09
7133	FDA9	8000	86
7133	FDB1	8001	08
7133	FDBA	8000	87
7133	FDC2	8001	09
7133	FDA9	8000	86
7133	FDB1	8001	08
7133	FDBA	8000	87
7133	FDC2	8001	09
7133	FDA9	8000	86
7133	FDB1	8001	08
7133	FDBA	8000	87
7133	FDC2	8001	09
7133	FC3F	8000	86
7133	FC48	8001	06
7133	FC4F	8000	87
7133	FC58	8001	07
7133	FDA9	8000	86
7133	FDB1	8001	18
7133	FDBA	8000	87
7133	FDC2	8001	19
7133	FDA9	8000	86
7133	FDB1	8001	28
7133	FDBA	8000	87
7133	FDC2	8001	29
7133	FDA9	8000	86
7133	FDB1	8001	28
7133	FDBA	8000	87
7133	FDC2	8001	29
7133	FDA9	8000	86
7133	FDB1	8001	08
7133	FDBA	8000	87
7133	FDC2	8001	09
7133	FDA9	8000	86
7133	FDB1	8001	08
7133	FDBA	8000	87
7133	FDC2	8001	09
7133	F9B3	8000	80
7133	F9B9	8001	FC
7133	F9BE	8000	81
7133	F9C4	8001	14
7133	F9C9	8000	82
7133	F9CF	8001	A2
7133	F9D4	8000	83
7133	F9DA	8001	01
7133	F9DF	8000	84
7133	F9E5	8001	02
7133	F9EA	8000	85
7133	F9F0	8001	14
7133	F8DB	8000	87
7133	FDA9	8000	86
7133	FDB1	8001	08
7133	FDBA	8000	87
7133	FDC2	8001	09
7133	F9B3	8000	80
7133	F9B9	8001	FC
7133	F9BE	8000	81
7133	F9C4	8001	14
7133	F9C9	8000	82
7133	F9CF	8001	FC
7133	F9D4	8000	83
7133	F9DA	8001	FD
7133	F9DF	8000	84
7133	F9E5	8001	02
7133	F9EA	8000	85
7133	F9F0	8001	14
7133	F8DB	8000	87
7134	FA23	8000	80
7134	FA29	8001	FC
7134	FA2E	8000	81
7134	FA34	8001	E2
7134	FA39	8000	82
7134	FA3F	8001	A2
7134	FA44	8000	83
7134	FA4A	8001	35
7134	FA4F	8000	84
7134	FA55	8001	B7
7134	FA5A	8000	85
7134	FA60	8001	BD
7134	FADD	8000	86
7134	FAE2	8001	18
7134	FAE9	8000	87
7134	FAEE	8001	19
7134	BF0A	8000	86
7134	C8E1	8001	00
7134	C8E6	8000	87
7134	C8EB	8001	01
7134	C900	8000	86
7134	C905	8001	18
7134	C90A	8000	87
7134	C90F	8001	19
7134	BF0A	8000	86
7134	C8E1	8001	00
7134	C8E6	8000	87
7134	C8EB	8001	01
7134	C900	8000	86
7134	C905	8001	18
7134	C90A	8000	87
7134	C90F	8001	19
7134	BF0A	8000	86
7134	C8E1	8001	00
7134	C8E6	8000	87
7134	C8EB	8001	01
7134	C900	8000	86
7134	C905	8001	18
7134	C90A	8000	87
7134	C90F	8001	19
7134	FAF8	8000	86
7134	FAFE	8001	08
7134	FB05	8000	87
7134	FB0B	8001	09
7134	FDA9	8000	86
7134	FDB1	8001	06
7134	FDBA	8000	87
7134	FDC2	8001	07
7134	FDA9	8000	86
7134	FDB1	8001	22
7134	FDBA	8000	87
7134	FDC2	8001	23
7134	FDA9	8000	86
7134	FDB1	8001	08
7134	FDBA	8000	87
7134	FDC2	8001	09
7134	FDA9	8000	86
7134	FDB1	8001	08
7134	FDBA	8000	87
7134	FDC2	8001	09
7134	FDA9	8000	86
7134	FDB1	8001	08
7134	FDBA	8000	87
7134	FDC2	8001	09
7134	FDA9	8000	86
7134	FDB1	8001	08
7134	FDBA	8000	87
7134	FDC2	8001	09
7134	FDA9	8000	86
7134	FDB1	8001	08
7134	FDBA	8000	87
7134	FDC2	8001	09
7134	FDA9	8000	86
7134	FDB1	8001	08
7134	FDBA	8000	87
7134	FDC2	8001	09
7134	FDA9	8000	86
7134	FDB1	8001	08
7134	FDBA	8000	87
7134	FDC2	8001	09
7134	FDA9	8000	86
7134	FDB1	8001	08
7134	FDBA	8000	87
7134	FDC2	8001	09
7134	FDA9	8000	86
7134	FDB1	8001	08
7134	FDBA	8000	87
7134	FDC2	8001	09
7134	FC3F	8000	86
7134	FC48	8001	06
7134	FC4F	8000	87
7134	FC58	8001	07
7134	FDA9	8000	86
7134	FDB1	8001	18
7134	FDBA	8000	87
7134	FDC2	8001	19
7134	FDA9	8000	86
7134	FDB1	8001	28
7134	FDBA	8000	87
7134	FDC2	8001	29
7134	FDA9	8000	86
7134	FDB1	8001	28
7134	FDBA	8000	87
7134	FDC2	8001	29
7134	F9B3	8000	80
7134	F9B9	8001	FC
7134	F9BE	8000	81
7134	F9C4	8001	14
7134	F9C9	8000	82
7134	F9CF	8001	A2
7134	F9D4	8000	83
7134	F9DA	8001	01
7134	F9DF	8000	84
7134	F9E5	8001	02
7134	F9EA	8000	85
7134	F9F0	8001	14
7134	F8DB	8000	87
7134	F9B3	8000	80
7134	F9B9	8001	FC
7134	F9BE	8000	81
7134	F9C4	8001	14
7134	F9C9	8000	82
7134	F9CF	8001	FC
7134	F9D4	8000	83
7134	F9DA	8001	FD
7134	F9DF	8000	84
7134	F9E5	8001	02
7134	F9EA	8000	85
7134	F9F0	8001	14
7134	F8DB	8000	87
7134	FDA9	8000	86
7134	FDB1	8001	08
7134	FDBA	8000	87
7134	FDC2	8001	09
7134	FDA9	8000	86
7134	FDB1	8001	08
7134	FDBA	8000	87
7134	FDC2	8001	09
7134	FDA9	8000	86
7134	FDB1	8001	08
7134	FDBA	8000	87
7134	FDC2	8001	09
7135	FA23	8000	80
7135	FA29	8001	FC
7135	FA2E	8000	81
7135	FA34	8001	E2
7135	FA39	8000	82
7135	FA3F	8001	A2
7135	FA44	8000	83
7135	FA4A	8001	35
7135	FA4F	8000	84
7135	FA55	8001	B7
7135	FA5A	8000	85
7135	FA60	8001	BD
7135	FADD	8000	86
7135	FAE2	8001	18
7135	FAE9	8000	87
7135	FAEE	8001	19
7135	FAF8	8000	86
7135	FAFE	8001	08
7135	FB05	8000	87
7135	FB0B	8001	09
7135	FDA9	8000	86
7135	FDB1	8001	06
7135	FDBA	8000	87
7135	FDC2	8001	07
7135	FDA9	8000	86
7135	FDB1	8001	22
7135	FDBA	8000	87
7135	FDC2	8001	23
7135	FDA9	8000	86
7135	FDB1	8001	08
7135	FDBA	8000	87
7135	FDC2	8001	09
7135	FDA9	8000	86
7135	FDB1	8001	08
7135	FDBA	8000	87
7135	FDC2	8001	09
7135	FDA9	8000	86
7135	FDB1	8001	08
7135	FDBA	8000	87
7135	FDC2	8001	09
7135	FDA9	8000	86
7135	FDB1	8001	08
7135	FDBA	8000	87
7135	FDC2	8001	09
7135	FDA9	8000	86
7135	FDB1	8001	08
7135	FDBA	8000	87
7135	FDC2	8001	09
7135	FDA9	8000	86
7135	FDB1	8001	08
7135	FDBA	8000	87
7135	FDC2	8001	09
7135	FDA9	8000	86
7135	FDB1	8001	08
7135	FDBA	8000	87
7135	FDC2	8001	09
7135	FDA9	8000	86
7135	FDB1	8001	08
7135	FDBA	8000	87
7135	FDC2	8001	09
7135	FDA9	8000	86
7135	FDB1	8001	08
7135	FDBA	8000	87
7135	FDC2	8001	09
7135	FC3F	8000	86
7135	FC48	8001	06
7135	FC4F	8000	87
7135	FC58	8001	07
7135	FDA9	8000	86
7135	FDB1	8001	18
7135	FDBA	8000	87
7135	FDC2	8001	19
7135	FDA9	8000	86
7135	FDB1	8001	28
7135	FDBA	8000	87
7135	FDC2	8001	29
7135	FDA9	8000	86
7135	FDB1	8001	28
7135	FDBA	8000	87
7135	FDC2	8001	29
7135	FDA9	8000	86
7135	FDB1	8001	08
7135	FDBA	8000	87
7135	FDC2	8001	09
7135	F9B3	8000	80
7135	F9B9	8001	FC
7135	F9BE	8000	81
7135	F9C4	8001	14
7135	F9C9	8000	82
7135	F9CF	8001	A2
7135	F9D4	8000	83
7135	F9DA	8001	01
7135	F9DF	8000	84
7135	F9E5	8001	02
7135	F9EA	8000	85
7135	F9F0	8001	14
7135	F8DB	8000	87
7135	FDA9	8000	86
7135	FDB1	8001	08
7135	FDBA	8000	87
7135	FDC2	8001	09
7135	F9B3	8000	80
7135	F9B9	8001	FC
7135	F9BE	8000	81
7135	F9C4	8001	14
7135	F9C9	8000	82
7135	F9CF	8001	FC
7135	F9D4	8000	83
7135	F9DA	8001	FD
7135	F9DF	8000	84
7135	F9E5	8001	02
7135	F9EA	8000	85
7135	F9F0	8001	14
7135	F8DB	8000	87
7135	FDA9	8000	86
7135	FDB1	8001	08
7135	FDBA	8000	87
7135	FDC2	8001	09
7136	FA23	8000	80
7136	FA29	8001	FC
7136	FA2E	8000	81
7136	FA34	8001	E2
7136	FA39	8000	82
7136	FA3F	8001	A2
7136	FA44	8000	83
7136	FA4A	8001	35
7136	FA4F	8000	84
7136	FA55	8001	B7
7136	FA5A	8000	85
7136	FA60	8001	BD
7136	FADD	8000	86
7136	FAE2	8001	18
7136	FAE9	8000	87
7136	FAEE	8001	19
7136	FAF8	8000	86
7136	FAFE	8001	08
7136	FB05	8000	87
7136	FB0B	8001	09
7136	FDA9	8000	86
7136	FDB1	8001	06
7136	FDBA	8000	87
7136	FDC2	8001	07
7136	FDA9	8000	86
7136	FDB1	8001	22
7136	FDBA	8000	87
7136	FDC2	8001	23
7136	FDA9	8000	86
7136	FDB1	8001	08
7136	FDBA	8000	87
7136	FDC2	8001	09
7136	FDA9	8000	86
7136	FDB1	8001	08
7136	FDBA	8000	87
7136	FDC2	8001	09
7136	FDA9	8000	86
7136	FDB1	8001	08
7136	FDBA	8000	87
7136	FDC2	8001	09
7136	FDA9	8000	86
7136	FDB1	8001	08
7136	FDBA	8000	87
7136	FDC2	8001	09
7136	FDA9	8000	86
7136	FDB1	8001	08
7136	FDBA	8000	87
7136	FDC2	8001	09
7136	FDA9	8000	86
7136	FDB1	8001	08
7136	FDBA	8000	87
7136	FDC2	8001	09
7136	FDA9	8000	86
7136	FDB1	8001	08
7136	FDBA	8000	87
7136	FDC2	8001	09
7136	FDA9	8000	86
7136	FDB1	8001	08
7136	FDBA	8000	87
7136	FDC2	8001	09
7136	FDA9	8000	86
7136	FDB1	8001	08
7136	FDBA	8000	87
7136	FDC2	8001	09
7136	FC3F	8000	86
7136	FC48	8001	06
7136	FC4F	8000	87
7136	FC58	8001	07
7136	FDA9	8000	86
7136	FDB1	8001	18
7136	FDBA	8000	87
7136	FDC2	8001	19
7136	FDA9	8000	86
7136	FDB1	8001	28
7136	FDBA	8000	87
7136	FDC2	8001	29
7136	FDA9	8000	86
7136	FDB1	8001	28
7136	FDBA	8000	87
7136	FDC2	8001	29
7136	FDA9	8000	86
7136	FDB1	8001	08
7136	FDBA	8000	87
7136	FDC2	8001	09
7136	FDA9	8000	86
7136	FDB1	8001	08
7136	FDBA	8000	87
7136	FDC2	8001	09
7136	F9B3	8000	80
7136	F9B9	8001	FC
7136	F9BE	8000	81
7136	F9C4	8001	14
7136	F9C9	8000	82
7136	F9CF	8001	A2
7136	F9D4	8000	83
7136	F9DA	8001	01
7136	F9DF	8000	84
7136	F9E5	8001	02
7136	F9EA	8000	85
7136	F9F0	8001	14
7136	F8DB	8000	87
7136	F9B3	8000	80
7136	F9B9	8001	FC
7136	F9BE	8000	81
7136	F9C4	8001	14
7136	F9C9	8000	82
7136	F9CF	8001	00
7136	F9D4	8000	83
7136	F9DA	8001	01
7136	F9DF	8000	84
7136	F9E5	8001	02
7136	F9EA	8000	85
7136	F9F0	8001	14
7136	F8DB	8000	87
7136	FDA9	8000	86
7136	FDB1	8001	08
7136	FDBA	8000	87
7136	FDC2	8001	09
7137	FA23	8000	80
7137	FA29	8001	FC
7137	FA2E	8000	81
7137	FA34	8001	E2
7137	FA39	8000	82
7137	FA3F	8001	A2
7137	FA44	8000	83
7137	FA4A	8001	35
7137	FA4F	8000	84
7137	FA55	8001	B7
7137	FA5A	8000	85
7137	FA60	8001	BD
7137	FADD	8000	86
7137	FAE2	8001	18
7137	FAE9	8000	87
7137	FAEE	8001	19
7137	FAF8	8000	86
7137	FAFE	8001	08
7137	FB05	8000	87
7137	FB0B	8001	09
7137	FDA9	8000	86
7137	FDB1	8001	06
7137	FDBA	8000	87
7137	FDC2	8001	07
7137	FDA9	8000	86
7137	FDB1	8001	22
7137	FDBA	8000	87
7137	FDC2	8001	23
7137	FDA9	8000	86
7137	FDB1	8001	08
7137	FDBA	8000	87
7137	FDC2	8001	09
7137	FDA9	8000	86
7137	FDB1	8001	08
7137	FDBA	8000	87
7137	FDC2	8001	09
7137	FDA9	8000	86
7137	FDB1	8001	08
7137	FDBA	8000	87
7137	FDC2	8001	09
7137	FDA9	8000	86
7137	FDB1	8001	08
7137	FDBA	8000	87
7137	FDC2	8001	09
7137	FDA9	8000	86
7137	FDB1	8001	08
7137	FDBA	8000	87
7137	FDC2	8001	09
7137	FDA9	8000	86
7137	FDB1	8001	08
7137	FDBA	8000	87
7137	FDC2	8001	09
7137	FDA9	8000	86
7137	FDB1	8001	08
7137	FDBA	8000	87
7137	FDC2	8001	09
7137	FDA9	8000	86
7137	FDB1	8001	08
7137	FDBA	8000	87
7137	FDC2	8001	09
7137	FDA9	8000	86
7137	FDB1	8001	08
7137	FDBA	8000	87
7137	FDC2	8001	09
7137	FC3F	8000	86
7137	FC48	8001	06
7137	FC4F	8000	87
7137	FC58	8001	07
7137	FDA9	8000	86
7137	FDB1	8001	18
7137	FDBA	8000	87
7137	FDC2	8001	19
7137	FDA9	8000	86
7137	FDB1	8001	28
7137	FDBA	8000	87
7137	FDC2	8001	29
7137	FDA9	8000	86
7137	FDB1	8001	28
7137	FDBA	8000	87
7137	FDC2	8001	29
7137	FDA9	8000	86
7137	FDB1	8001	08
7137	FDBA	8000	87
7137	FDC2	8001	09
7137	F9B3	8000	80
7137	F9B9	8001	FC
7137	F9BE	8000	81
7137	F9C4	8001	14
7137	F9C9	8000	82
7137	F9CF	8001	A2
7137	F9D4	8000	83
7137	F9DA	8001	01
7137	F9DF	8000	84
7137	F9E5	8001	02
7137	F9EA	8000	85
7137	F9F0	8001	14
7137	F8DB	8000	87
7137	FDA9	8000	86
7137	FDB1	8001	08
7137	FDBA	8000	87
7137	FDC2	8001	09
7137	F9B3	8000	80
7137	F9B9	8001	FC
7137	F9BE	8000	81
7137	F9C4	8001	14
7137	F9C9	8000	82
7137	F9CF	8001	00
7137	F9D4	8000	83
7137	F9DA	8001	01
7137	F9DF	8000	84
7137	F9E5	8001	02
7137	F9EA	8000	85
7137	F9F0	8001	14
7137	F8DB	8000	87
7137	FDA9	8000	86
7137	FDB1	8001	08
7137	FDBA	8000	87
7137	FDC2	8001	09
7138	FA23	8000	80
7138	FA29	8001	FC
7138	FA2E	8000	81
7138	FA34	8001	E2
7138	FA39	8000	82
7138	FA3F	8001	A2
7138	FA44	8000	83
7138	FA4A	8001	35
7138	FA4F	8000	84
7138	FA55	8001	B7
7138	FA5A	8000	85
7138	FA60	8001	BD
7138	FADD	8000	86
7138	FAE2	8001	18
7138	FAE9	8000	87
7138	FAEE	8001	19
7138	FAF8	8000	86
7138	FAFE	8001	08
7138	FB05	8000	87
7138	FB0B	8001	09
7138	FDA9	8000	86
7138	FDB1	8001	06
7138	FDBA	8000	87
7138	FDC2	8001	07
7138	FDA9	8000	86
7138	FDB1	8001	22
7138	FDBA	8000	87
7138	FDC2	8001	23
7138	FDA9	8000	86
7138	FDB1	8001	08
7138	FDBA	8000	87
7138	FDC2	8001	09
7138	FDA9	8000	86
7138	FDB1	8001	08
7138	FDBA	8000	87
7138	FDC2	8001	09
7138	FDA9	8000	86
7138	FDB1	8001	08
7138	FDBA	8000	87
7138	FDC2	8001	09
7138	FDA9	8000	86
7138	FDB1	8001	08
7138	FDBA	8000	87
7138	FDC2	8001	09
7138	FDA9	8000	86
7138	FDB1	8001	08
7138	FDBA	8000	87
7138	FDC2	8001	09
7138	FDA9	8000	86
7138	FDB1	8001	08
7138	FDBA	8000	87
7138	FDC2	8001	09
7138	FDA9	8000	86
7138	FDB1	8001	08
7138	FDBA	8000	87
7138	FDC2	8001	09
7138	FDA9	8000	86
7138	FDB1	8001	08
7138	FDBA	8000	87
7138	FDC2	8001	09
7138	FDA9	8000	86
7138	FDB1	8001	08
7138	FDBA	8000	87
7138	FDC2	8001	09
7138	FC3F	8000	86
7138	FC48	8001	06
7138	FC4F	8000	87
7138	FC58	8001	07
7138	FDA9	8000	86
7138	FDB1	8001	18
7138	FDBA	8000	87
7138	FDC2	8001	19
7138	FDA9	8000	86
7138	FDB1	8001	28
7138	FDBA	8000	87
7138	FDC2	8001	29
7138	FDA9	8000	86
7138	FDB1	8001	28
7138	FDBA	8000	87
7138	FDC2	8001	29
7138	FDA9	8000	86
7138	FDB1	8001	08
7138	FDBA	8000	87
7138	FDC2	8001	09
7138	F9B3	8000	80
7138	F9B9	8001	FC
7138	F9BE	8000	81
7138	F9C4	8001	14
7138	F9C9	8000	82
7138	F9CF	8001	A2
7138	F9D4	8000	83
7138	F9DA	8001	01
7138	F9DF	8000	84
7138	F9E5	8001	02
7138	F9EA	8000	85
7138	F9F0	8001	14
7138	F8DB	8000	87
7138	FDA9	8000	86
7138	FDB1	8001	08
7138	FDBA	8000	87
7138	FDC2	8001	09
7138	F9B3	8000	80
7138	F9B9	8001	FC
7138	F9BE	8000	81
7138	F9C4	8001	14
7138	F9C9	8000	82
7138	F9CF	8001	00
7138	F9D4	8000	83
7138	F9DA	8001	01
7138	F9DF	8000	84
7138	F9E5	8001	02
7138	F9EA	8000	85
7138	F9F0	8001	14
7138	F8DB	8000	87
7138	FDA9	8000	86
7138	FDB1	8001	08
7138	FDBA	8000	87
7138	FDC2	8001	09
7139	FA23	8000	80
7139	FA29	8001	FC
7139	FA2E	8000	81
7139	FA34	8001	E2
7139	FA39	8000	82
7139	FA3F	8001	A2
7139	FA44	8000	83
7139	FA4A	8001	35
7139	FA4F	8000	84
7139	FA55	8001	B7
7139	FA5A	8000	85
7139	FA60	8001	BD
7139	FADD	8000	86
7139	FAE2	8001	18
7139	FAE9	8000	87
7139	FAEE	8001	19
7139	FAF8	8000	86
7139	FAFE	8001	08
7139	FB05	8000	87
7139	FB0B	8001	09
7139	FDA9	8000	86
7139	FDB1	8001	06
7139	FDBA	8000	87
7139	FDC2	8001	07
7139	FDA9	8000	86
7139	FDB1	8001	22
7139	FDBA	8000	87
7139	FDC2	8001	23
7139	FDA9	8000	86
7139	FDB1	8001	08
7139	FDBA	8000	87
7139	FDC2	8001	09
7139	FDA9	8000	86
7139	FDB1	8001	08
7139	FDBA	8000	87
7139	FDC2	8001	09
7139	FDA9	8000	86
7139	FDB1	8001	08
7139	FDBA	8000	87
7139	FDC2	8001	09
7139	FDA9	8000	86
7139	FDB1	8001	08
7139	FDBA	8000	87
7139	FDC2	8001	09
7139	FDA9	8000	86
7139	FDB1	8001	08
7139	FDBA	8000	87
7139	FDC2	8001	09
7139	FDA9	8000	86
7139	FDB1	8001	08
7139	FDBA	8000	87
7139	FDC2	8001	09
7139	FDA9	8000	86
7139	FDB1	8001	08
7139	FDBA	8000	87
7139	FDC2	8001	09
7139	FDA9	8000	86
7139	FDB1	8001	08
7139	FDBA	8000	87
7139	FDC2	8001	09
7139	FDA9	8000	86
7139	FDB1	8001	08
7139	FDBA	8000	87
7139	FDC2	8001	09
7139	FC3F	8000	86
7139	FC48	8001	06
7139	FC4F	8000	87
7139	FC58	8001	07
7139	FDA9	8000	86
7139	FDB1	8001	18
7139	FDBA	8000	87
7139	FDC2	8001	19
7139	FDA9	8000	86
7139	FDB1	8001	28
7139	FDBA	8000	87
7139	FDC2	8001	29
7139	FDA9	8000	86
7139	FDB1	8001	28
7139	FDBA	8000	87
7139	FDC2	8001	29
7139	FDA9	8000	86
7139	FDB1	8001	08
7139	FDBA	8000	87
7139	FDC2	8001	09
7139	F9B3	8000	80
7139	F9B9	8001	FC
7139	F9BE	8000	81
7139	F9C4	8001	14
7139	F9C9	8000	82
7139	F9CF	8001	A2
7139	F9D4	8000	83
7139	F9DA	8001	01
7139	F9DF	8000	84
7139	F9E5	8001	02
7139	F9EA	8000	85
7139	F9F0	8001	14
7139	F8DB	8000	87
7139	F9B3	8000	80
7139	F9B9	8001	FC
7139	F9BE	8000	81
7139	F9C4	8001	14
7139	F9C9	8000	82
7139	F9CF	8001	00
7139	F9D4	8000	83
7139	F9DA	8001	01
7139	F9DF	8000	84
7139	F9E5	8001	02
7139	F9EA	8000	85
7139	F9F0	8001	14
7139	F8DB	8000	87
7139	FDA9	8000	86
7139	FDB1	8001	08
7139	FDBA	8000	87
7139	FDC2	8001	09
7139	FDA9	8000	86
7139	FDB1	8001	08
7139	FDBA	8000	87
7139	FDC2	8001	09
7140	FA23	8000	80
7140	FA29	8001	FC
7140	FA2E	8000	81
7140	FA34	8001	E2
7140	FA39	8000	82
7140	FA3F	8001	A2
7140	FA44	8000	83
7140	FA4A	8001	35
7140	FA4F	8000	84
7140	FA55	8001	B7
7140	FA5A	8000	85
7140	FA60	8001	BD
7140	FADD	8000	86
7140	FAE2	8001	18
7140	FAE9	8000	87
7140	FAEE	8001	19
7140	FAF8	8000	86
7140	FAFE	8001	08
7140	FB05	8000	87
7140	FB0B	8001	09
7140	FDA9	8000	86
7140	FDB1	8001	06
7140	FDBA	8000	87
7140	FDC2	8001	07
7140	FDA9	8000	86
7140	FDB1	8001	22
7140	FDBA	8000	87
7140	FDC2	8001	23
7140	FDA9	8000	86
7140	FDB1	8001	08
7140	FDBA	8000	87
7140	FDC2	8001	09
7140	FDA9	8000	86
7140	FDB1	8001	08
7140	FDBA	8000	87
7140	FDC2	8001	09
7140	FDA9	8000	86
7140	FDB1	8001	08
7140	FDBA	8000	87
7140	FDC2	8001	09
7140	FDA9	8000	86
7140	FDB1	8001	08
7140	FDBA	8000	87
7140	FDC2	8001	09
7140	FDA9	8000	86
7140	FDB1	8001	08
7140	FDBA	8000	87
7140	FDC2	8001	09
7140	FDA9	8000	86
7140	FDB1	8001	08
7140	FDBA	8000	87
7140	FDC2	8001	09
7140	FDA9	8000	86
7140	FDB1	8001	08
7140	FDBA	8000	87
7140	FDC2	8001	09
7140	FDA9	8000	86
7140	FDB1	8001	08
7140	FDBA	8000	87
7140	FDC2	8001	09
7140	FDA9	8000	86
7140	FDB1	8001	08
7140	FDBA	8000	87
7140	FDC2	8001	09
7140	FC3F	8000	86
7140	FC48	8001	06
7140	FC4F	8000	87
7140	FC58	8001	07
7140	FDA9	8000	86
7140	FDB1	8001	18
7140	FDBA	8000	87
7140	FDC2	8001	19
7140	FDA9	8000	86
7140	FDB1	8001	28
7140	FDBA	8000	87
7140	FDC2	8001	29
7140	FDA9	8000	86
7140	FDB1	8001	28
7140	FDBA	8000	87
7140	FDC2	8001	29
7140	FDA9	8000	86
7140	FDB1	8001	08
7140	FDBA	8000	87
7140	FDC2	8001	09
7140	F9B3	8000	80
7140	F9B9	8001	FC
7140	F9BE	8000	81
7140	F9C4	8001	14
7140	F9C9	8000	82
7140	F9CF	8001	A2
7140	F9D4	8000	83
7140	F9DA	8001	01
7140	F9DF	8000	84
7140	F9E5	8001	02
7140	F9EA	8000	85
7140	F9F0	8001	14
7140	F8DB	8000	87
7140	FDA9	8000	86
7140	FDB1	8001	08
7140	FDBA	8000	87
7140	FDC2	8001	09
7140	FDA9	8000	86
7140	FDB1	8001	08
7140	FDBA	8000	87
7140	FDC2	8001	09
7140	F9B3	8000	80
7140	F9B9	8001	FC
7140	F9BE	8000	81
7140	F9C4	8001	14
7140	F9C9	8000	82
7140	F9CF	8001	00
7140	F9D4	8000	83
7140	F9DA	8001	01
7140	F9DF	8000	84
7140	F9E5	8001	02
7140	F9EA	8000	85
7140	F9F0	8001	14
7140	F8DB	8000	87
7141	FA23	8000	80
7141	FA29	8001	FC
7141	FA2E	8000	81
7141	FA34	8001	E2
7141	FA39	8000	82
7141	FA3F	8001	A2
7141	FA44	8000	83
7141	FA4A	8001	35
7141	FA4F	8000	84
7141	FA55	8001	B7
7141	FA5A	8000	85
7141	FA60	8001	BD
7141	FADD	8000	86
7141	FAE2	8001	18
7141	FAE9	8000	87
7141	FAEE	8001	19
7141	FAF8	8000	86
7141	FAFE	8001	08
7141	FB05	8000	87
7141	FB0B	8001	09
7141	FDA9	8000	86
7141	FDB1	8001	06
7141	FDBA	8000	87
7141	FDC2	8001	07
7141	FDA9	8000	86
7141	FDB1	8001	22
7141	FDBA	8000	87
7141	FDC2	8001	23
7141	FDA9	8000	86
7141	FDB1	8001	08
7141	FDBA	8000	87
7141	FDC2	8001	09
7141	FDA9	8000	86
7141	FDB1	8001	08
7141	FDBA	8000	87
7141	FDC2	8001	09
7141	FDA9	8000	86
7141	FDB1	8001	08
7141	FDBA	8000	87
7141	FDC2	8001	09
7141	FDA9	8000	86
7141	FDB1	8001	08
7141	FDBA	8000	87
7141	FDC2	8001	09
7141	FDA9	8000	86
7141	FDB1	8001	08
7141	FDBA	8000	87
7141	FDC2	8001	09
7141	FDA9	8000	86
7141	FDB1	8001	08
7141	FDBA	8000	87
7141	FDC2	8001	09
7141	FDA9	8000	86
7141	FDB1	8001	08
7141	FDBA	8000	87
7141	FDC2	8001	09
7141	FDA9	8000	86
7141	FDB1	8001	08
7141	FDBA	8000	87
7141	FDC2	8001	09
7141	FDA9	8000	86
7141	FDB1	8001	08
7141	FDBA	8000	87
7141	FDC2	8001	09
7141	FC3F	8000	86
7141	FC48	8001	06
7141	FC4F	8000	87
7141	FC58	8001	07
7141	FDA9	8000	86
7141	FDB1	8001	18
7141	FDBA	8000	87
7141	FDC2	8001	19
7141	FDA9	8000	86
7141	FDB1	8001	28
7141	FDBA	8000	87
7141	FDC2	8001	29
7141	FDA9	8000	86
7141	FDB1	8001	28
7141	FDBA	8000	87
7141	FDC2	8001	29
7141	FDA9	8000	86
7141	FDB1	8001	08
7141	FDBA	8000	87
7141	FDC2	8001	09
7141	F9B3	8000	80
7141	F9B9	8001	FC
7141	F9BE	8000	81
7141	F9C4	8001	14
7141	F9C9	8000	82
7141	F9CF	8001	A2
7141	F9D4	8000	83
7141	F9DA	8001	01
7141	F9DF	8000	84
7141	F9E5	8001	02
7141	F9EA	8000	85
7141	F9F0	8001	14
7141	F8DB	8000	87
7141	FDA9	8000	86
7141	FDB1	8001	08
7141	FDBA	8000	87
7141	FDC2	8001	09
7141	FDA9	8000	86
7141	FDB1	8001	08
7141	FDBA	8000	87
7141	FDC2	8001	09
7141	F9B3	8000	80
7141	F9B9	8001	FC
7141	F9BE	8000	81
7141	F9C4	8001	14
7141	F9C9	8000	82
7141	F9CF	8001	00
7141	F9D4	8000	83
7141	F9DA	8001	01
7141	F9DF	8000	84
7141	F9E5	8001	02
7141	F9EA	8000	85
7141	F9F0	8001	14
7141	F8DB	8000	87
7142	FA23	8000	80
7142	FA29	8001	FC
7142	FA2E	8000	81
7142	FA34	8001	E2
7142	FA39	8000	82
7142	FA3F	8001	A2
7142	FA44	8000	83
7142	FA4A	8001	35
7142	FA4F	8000	84
7142	FA55	8001	B7
7142	FA5A	8000	85
7142	FA60	8001	BD
7142	FADD	8000	86
7142	FAE2	8001	18
7142	FAE9	8000	87
7142	FAEE	8001	19
7142	FAF8	8000	86
7142	FAFE	8001	08
7142	FB05	8000	87
7142	FB0B	8001	09
7142	FDA9	8000	86
7142	FDB1	8001	06
7142	FDBA	8000	87
7142	FDC2	8001	07
7142	FDA9	8000	86
7142	FDB1	8001	22
7142	FDBA	8000	87
7142	FDC2	8001	23
7142	FDA9	8000	86
7142	FDB1	8001	08
7142	FDBA	8000	87
7142	FDC2	8001	09
7142	FDA9	8000	86
7142	FDB1	8001	08
7142	FDBA	8000	87
7142	FDC2	8001	09
7142	FDA9	8000	86
7142	FDB1	8001	08
7142	FDBA	8000	87
7142	FDC2	8001	09
7142	FDA9	8000	86
7142	FDB1	8001	08
7142	FDBA	8000	87
7142	FDC2	8001	09
7142	FDA9	8000	86
7142	FDB1	8001	08
7142	FDBA	8000	87
7142	FDC2	8001	09
7142	FDA9	8000	86
7142	FDB1	8001	08
7142	FDBA	8000	87
7142	FDC2	8001	09
7142	FDA9	8000	86
7142	FDB1	8001	08
7142	FDBA	8000	87
7142	FDC2	8001	09
7142	FDA9	8000	86
7142	FDB1	8001	08
7142	FDBA	8000	87
7142	FDC2	8001	09
7142	FDA9	8000	86
7142	FDB1	8001	08
7142	FDBA	8000	87
7142	FDC2	8001	09
7142	FC3F	8000	86
7142	FC48	8001	06
7142	FC4F	8000	87
7142	FC58	8001	07
7142	FDA9	8000	86
7142	FDB1	8001	18
7142	FDBA	8000	87
7142	FDC2	8001	19
7142	FDA9	8000	86
7142	FDB1	8001	28
7142	FDBA	8000	87
7142	FDC2	8001	29
7142	FDA9	8000	86
7142	FDB1	8001	28
7142	FDBA	8000	87
7142	FDC2	8001	29
7142	FDA9	8000	86
7142	FDB1	8001	08
7142	FDBA	8000	87
7142	FDC2	8001	09
7142	FDA9	8000	86
7142	FDB1	8001	08
7142	FDBA	8000	87
7142	FDC2	8001	09
7142	F9B3	8000	80
7142	F9B9	8001	FC
7142	F9BE	8000	81
7142	F9C4	8001	14
7142	F9C9	8000	82
7142	F9CF	8001	A2
7142	F9D4	8000	83
7142	F9DA	8001	01
7142	F9DF	8000	84
7142	F9E5	8001	02
7142	F9EA	8000	85
7142	F9F0	8001	14
7142	F8DB	8000	87
7142	FDA9	8000	86
7142	FDB1	8001	08
7142	FDBA	8000	87
7142	FDC2	8001	09
7142	F9B3	8000	80
7142	F9B9	8001	FC
7142	F9BE	8000	81
7142	F9C4	8001	14
7142	F9C9	8000	82
7142	F9CF	8001	00
7142	F9D4	8000	83
7142	F9DA	8001	01
7142	F9DF	8000	84
7142	F9E5	8001	02
7142	F9EA	8000	85
7142	F9F0	8001	14
7142	F8DB	8000	87
7143	FA23	8000	80
7143	FA29	8001	FC
7143	FA2E	8000	81
7143	FA34	8001	E2
7143	FA39	8000	82
7143	FA3F	8001	A2
7143	FA44	8000	83
7143	FA4A	8001	35
7143	FA4F	8000	84
7143	FA55	8001	B7
7143	FA5A	8000	85
7143	FA60	8001	BD
7143	FADD	8000	86
7143	FAE2	8001	18
7143	FAE9	8000	87
7143	FAEE	8001	19
7143	FAF8	8000	86
7143	FAFE	8001	08
7143	FB05	8000	87
7143	FB0B	8001	09
7143	FDA9	8000	86
7143	FDB1	8001	06
7143	FDBA	8000	87
7143	FDC2	8001	07
7143	FDA9	8000	86
7143	FDB1	8001	22
7143	FDBA	8000	87
7143	FDC2	8001	23
7143	FDA9	8000	86
7143	FDB1	8001	08
7143	FDBA	8000	87
7143	FDC2	8001	09
7143	FDA9	8000	86
7143	FDB1	8001	08
7143	FDBA	8000	87
7143	FDC2	8001	09
7143	FDA9	8000	86
7143	FDB1	8001	08
7143	FDBA	8000	87
7143	FDC2	8001	09
7143	FDA9	8000	86
7143	FDB1	8001	08
7143	FDBA	8000	87
7143	FDC2	8001	09
7143	FDA9	8000	86
7143	FDB1	8001	08
7143	FDBA	8000	87
7143	FDC2	8001	09
7143	FDA9	8000	86
7143	FDB1	8001	08
7143	FDBA	8000	87
7143	FDC2	8001	09
7143	FDA9	8000	86
7143	FDB1	8001	08
7143	FDBA	8000	87
7143	FDC2	8001	09
7143	FDA9	8000	86
7143	FDB1	8001	08
7143	FDBA	8000	87
7143	FDC2	8001	09
7143	FDA9	8000	86
7143	FDB1	8001	08
7143	FDBA	8000	87
7143	FDC2	8001	09
7143	FC3F	8000	86
7143	FC48	8001	06
7143	FC4F	8000	87
7143	FC58	8001	07
7143	FDA9	8000	86
7143	FDB1	8001	18
7143	FDBA	8000	87
7143	FDC2	8001	19
7143	FDA9	8000	86
7143	FDB1	8001	28
7143	FDBA	8000	87
7143	FDC2	8001	29
7143	FDA9	8000	86
7143	FDB1	8001	28
7143	FDBA	8000	87
7143	FDC2	8001	29
7143	FDA9	8000	86
7143	FDB1	8001	08
7143	FDBA	8000	87
7143	FDC2	8001	09
7143	FDA9	8000	86
7143	FDB1	8001	08
7143	FDBA	8000	87
7143	FDC2	8001	09
7143	F9B3	8000	80
7143	F9B9	8001	FC
7143	F9BE	8000	81
7143	F9C4	8001	14
7143	F9C9	8000	82
7143	F9CF	8001	A2
7143	F9D4	8000	83
7143	F9DA	8001	01
7143	F9DF	8000	84
7143	F9E5	8001	02
7143	F9EA	8000	85
7143	F9F0	8001	14
7143	F8DB	8000	87
7143	FDA9	8000	86
7143	FDB1	8001	08
7143	FDBA	8000	87
7143	FDC2	8001	09
7143	F9B3	8000	80
7143	F9B9	8001	FC
7143	F9BE	8000	81
7143	F9C4	8001	14
7143	F9C9	8000	82
7143	F9CF	8001	00
7143	F9D4	8000	83
7143	F9DA	8001	01
7143	F9DF	8000	84
7143	F9E5	8001	02
7143	F9EA	8000	85
7143	F9F0	8001	14
7143	F8DB	8000	87
7144	FA23	8000	80
7144	FA29	8001	FC
7144	FA2E	8000	81
7144	FA34	8001	E2
7144	FA39	8000	82
7144	FA3F	8001	A2
7144	FA44	8000	83
7144	FA4A	8001	35
7144	FA4F	8000	84
7144	FA55	8001	B7
7144	FA5A	8000	85
7144	FA60	8001	BD
7144	FADD	8000	86
7144	FAE2	8001	18
7144	FAE9	8000	87
7144	FAEE	8001	19
7144	BF0A	8000	86
7144	C8E1	8001	00
7144	C8E6	8000	87
7144	C8EB	8001	01
7144	C900	8000	86
7144	C905	8001	18
7144	C90A	8000	87
7144	C90F	8001	19
7144	BF0A	8000	86
7144	C8E1	8001	00
7144	C8E6	8000	87
7144	C8EB	8001	01
7144	C900	8000	86
7144	C905	8001	18
7144	C90A	8000	87
7144	C90F	8001	19
7144	BF0A	8000	86
7144	C8E1	8001	00
7144	C8E6	8000	87
7144	C8EB	8001	01
7144	C900	8000	86
7144	C905	8001	18
7144	C90A	8000	87
7144	C90F	8001	19
7144	BF0A	8000	86
7144	C8E1	8001	00
7144	C8E6	8000	87
7144	C8EB	8001	01
7144	C900	8000	86
7144	C905	8001	18
7144	C90A	8000	87
7144	C90F	8001	19
7144	FAF8	8000	86
7144	FAFE	8001	08
7144	FB05	8000	87
7144	FB0B	8001	09
7144	FDA9	8000	86
7144	FDB1	8001	06
7144	FDBA	8000	87
7144	FDC2	8001	07
7144	FDA9	8000	86
7144	FDB1	8001	22
7144	FDBA	8000	87
7144	FDC2	8001	23
7144	FDA9	8000	86
7144	FDB1	8001	08
7144	FDBA	8000	87
7144	FDC2	8001	09
7144	FDA9	8000	86
7144	FDB1	8001	08
7144	FDBA	8000	87
7144	FDC2	8001	09
7144	FDA9	8000	86
7144	FDB1	8001	08
7144	FDBA	8000	87
7144	FDC2	8001	09
7144	FDA9	8000	86
7144	FDB1	8001	08
7144	FDBA	8000	87
7144	FDC2	8001	09
7144	FDA9	8000	86
7144	FDB1	8001	08
7144	FDBA	8000	87
7144	FDC2	8001	09
7144	FDA9	8000	86
7144	FDB1	8001	08
7144	FDBA	8000	87
7144	FDC2	8001	09
7144	FDA9	8000	86
7144	FDB1	8001	08
7144	FDBA	8000	87
7144	FDC2	8001	09
7144	FDA9	8000	86
7144	FDB1	8001	08
7144	FDBA	8000	87
7144	FDC2	8001	09
7144	FDA9	8000	86
7144	FDB1	8001	08
7144	FDBA	8000	87
7144	FDC2	8001	09
7144	FC3F	8000	86
7144	FC48	8001	06
7144	FC4F	8000	87
7144	FC58	8001	07
7144	FDA9	8000	86
7144	FDB1	8001	18
7144	FDBA	8000	87
7144	FDC2	8001	19
7144	FDA9	8000	86
7144	FDB1	8001	28
7144	FDBA	8000	87
7144	FDC2	8001	29
7144	F9B3	8000	80
7144	F9B9	8001	FC
7144	F9BE	8000	81
7144	F9C4	8001	14
7144	F9C9	8000	82
7144	F9CF	8001	A2
7144	F9D4	8000	83
7144	F9DA	8001	01
7144	F9DF	8000	84
7144	F9E5	8001	02
7144	F9EA	8000	85
7144	F9F0	8001	14
7144	F8DB	8000	87
7144	FDA9	8000	86
7144	FDB1	8001	28
7144	FDBA	8000	87
7144	FDC2	8001	29
7144	F9B3	8000	80
7144	F9B9	8001	FC
7144	F9BE	8000	81
7144	F9C4	8001	14
7144	F9C9	8000	82
7144	F9CF	8001	00
7144	F9D4	8000	83
7144	F9DA	8001	01
7144	F9DF	8000	84
7144	F9E5	8001	02
7144	F9EA	8000	85
7144	F9F0	8001	14
7144	F8DB	8000	87
7144	FDA9	8000	86
7144	FDB1	8001	08
7144	FDBA	8000	87
7144	FDC2	8001	09
7144	FDA9	8000	86
7144	FDB1	8001	08
7144	FDBA	8000	87
7144	FDC2	8001	09
7144	FDA9	8000	86
7144	FDB1	8001	08
7144	FDBA	8000	87
7144	FDC2	8001	09
7145	FA23	8000	80
7145	FA29	8001	FC
7145	FA2E	8000	81
7145	FA34	8001	E2
7145	FA39	8000	82
7145	FA3F	8001	A2
7145	FA44	8000	83
7145	FA4A	8001	35
7145	FA4F	8000	84
7145	FA55	8001	B7
7145	FA5A	8000	85
7145	FA60	8001	BD
7145	FADD	8000	86
7145	FAE2	8001	18
7145	FAE9	8000	87
7145	FAEE	8001	19
7145	FAF8	8000	86
7145	FAFE	8001	08
7145	FB05	8000	87
7145	FB0B	8001	09
7145	FDA9	8000	86
7145	FDB1	8001	06
7145	FDBA	8000	87
7145	FDC2	8001	07
7145	FDA9	8000	86
7145	FDB1	8001	22
7145	FDBA	8000	87
7145	FDC2	8001	23
7145	FDA9	8000	86
7145	FDB1	8001	08
7145	FDBA	8000	87
7145	FDC2	8001	09
7145	FDA9	8000	86
7145	FDB1	8001	08
7145	FDBA	8000	87
7145	FDC2	8001	09
7145	FDA9	8000	86
7145	FDB1	8001	08
7145	FDBA	8000	87
7145	FDC2	8001	09
7145	FDA9	8000	86
7145	FDB1	8001	08
7145	FDBA	8000	87
7145	FDC2	8001	09
7145	FDA9	8000	86
7145	FDB1	8001	08
7145	FDBA	8000	87
7145	FDC2	8001	09
7145	FDA9	8000	86
7145	FDB1	8001	08
7145	FDBA	8000	87
7145	FDC2	8001	09
7145	FDA9	8000	86
7145	FDB1	8001	08
7145	FDBA	8000	87
7145	FDC2	8001	09
7145	FDA9	8000	86
7145	FDB1	8001	08
7145	FDBA	8000	87
7145	FDC2	8001	09
7145	FDA9	8000	86
7145	FDB1	8001	08
7145	FDBA	8000	87
7145	FDC2	8001	09
7145	FC3F	8000	86
7145	FC48	8001	06
7145	FC4F	8000	87
7145	FC58	8001	07
7145	FDA9	8000	86
7145	FDB1	8001	18
7145	FDBA	8000	87
7145	FDC2	8001	19
7145	FDA9	8000	86
7145	FDB1	8001	28
7145	FDBA	8000	87
7145	FDC2	8001	29
7145	FDA9	8000	86
7145	FDB1	8001	28
7145	FDBA	8000	87
7145	FDC2	8001	29
7145	FDA9	8000	86
7145	FDB1	8001	08
7145	FDBA	8000	87
7145	FDC2	8001	09
7145	FDA9	8000	86
7145	FDB1	8001	08
7145	FDBA	8000	87
7145	FDC2	8001	09
7145	F9B3	8000	80
7145	F9B9	8001	FC
7145	F9BE	8000	81
7145	F9C4	8001	14
7145	F9C9	8000	82
7145	F9CF	8001	A2
7145	F9D4	8000	83
7145	F9DA	8001	01
7145	F9DF	8000	84
7145	F9E5	8001	02
7145	F9EA	8000	85
7145	F9F0	8001	14
7145	F8DB	8000	87
7145	F9B3	8000	80
7145	F9B9	8001	FC
7145	F9BE	8000	81
7145	F9C4	8001	14
7145	F9C9	8000	82
7145	F9CF	8001	00
7145	F9D4	8000	83
7145	F9DA	8001	01
7145	F9DF	8000	84
7145	F9E5	8001	02
7145	F9EA	8000	85
7145	F9F0	8001	14
7145	F8DB	8000	87
7145	FDA9	8000	86
7145	FDB1	8001	08
7145	FDBA	8000	87
7145	FDC2	8001	09
7146	FA23	8000	80
7146	FA29	8001	FC
7146	FA2E	8000	81
7146	FA34	8001	E2
7146	FA39	8000	82
7146	FA3F	8001	A2
7146	FA44	8000	83
7146	FA4A	8001	35
7146	FA4F	8000	84
7146	FA55	8001	B7
7146	FA5A	8000	85
7146	FA60	8001	BD
7146	FADD	8000	86
7146	FAE2	8001	18
7146	FAE9	8000	87
7146	FAEE	8001	19
7146	FAF8	8000	86
7146	FAFE	8001	08
7146	FB05	8000	87
7146	FB0B	8001	09
7146	FDA9	8000	86
7146	FDB1	8001	06
7146	FDBA	8000	87
7146	FDC2	8001	07
7146	FDA9	8000	86
7146	FDB1	8001	22
7146	FDBA	8000	87
7146	FDC2	8001	23
7146	FDA9	8000	86
7146	FDB1	8001	08
7146	FDBA	8000	87
7146	FDC2	8001	09
7146	FDA9	8000	86
7146	FDB1	8001	08
7146	FDBA	8000	87
7146	FDC2	8001	09
7146	FDA9	8000	86
7146	FDB1	8001	08
7146	FDBA	8000	87
7146	FDC2	8001	09
7146	FDA9	8000	86
7146	FDB1	8001	08
7146	FDBA	8000	87
7146	FDC2	8001	09
7146	FDA9	8000	86
7146	FDB1	8001	08
7146	FDBA	8000	87
7146	FDC2	8001	09
7146	FDA9	8000	86
7146	FDB1	8001	08
7146	FDBA	8000	87
7146	FDC2	8001	09
7146	FDA9	8000	86
7146	FDB1	8001	08
7146	FDBA	8000	87
7146	FDC2	8001	09
7146	FDA9	8000	86
7146	FDB1	8001	08
7146	FDBA	8000	87
7146	FDC2	8001	09
7146	FDA9	8000	86
7146	FDB1	8001	08
7146	FDBA	8000	87
7146	FDC2	8001	09
7146	FC3F	8000	86
7146	FC48	8001	06
7146	FC4F	8000	87
7146	FC58	8001	07
7146	FDA9	8000	86
7146	FDB1	8001	18
7146	FDBA	8000	87
7146	FDC2	8001	19
7146	FDA9	8000	86
7146	FDB1	8001	28
7146	FDBA	8000	87
7146	FDC2	8001	29
7146	FDA9	8000	86
7146	FDB1	8001	28
7146	FDBA	8000	87
7146	FDC2	8001	29
7146	FDA9	8000	86
7146	FDB1	8001	08
7146	FDBA	8000	87
7146	FDC2	8001	09
7146	FDA9	8000	86
7146	FDB1	8001	08
7146	FDBA	8000	87
7146	FDC2	8001	09
7146	F9B3	8000	80
7146	F9B9	8001	FC
7146	F9BE	8000	81
7146	F9C4	8001	14
7146	F9C9	8000	82
7146	F9CF	8001	A2
7146	F9D4	8000	83
7146	F9DA	8001	01
7146	F9DF	8000	84
7146	F9E5	8001	02
7146	F9EA	8000	85
7146	F9F0	8001	14
7146	F8DB	8000	87
7146	FDA9	8000	86
7146	FDB1	8001	08
7146	FDBA	8000	87
7146	FDC2	8001	09
7146	F9B3	8000	80
7146	F9B9	8001	FC
7146	F9BE	8000	81
7146	F9C4	8001	14
7146	F9C9	8000	82
7146	F9CF	8001	00
7146	F9D4	8000	83
7146	F9DA	8001	01
7146	F9DF	8000	84
7146	F9E5	8001	02
7146	F9EA	8000	85
7146	F9F0	8001	14
7146	F8DB	8000	87
7147	FA23	8000	80
7147	FA29	8001	FC
7147	FA2E	8000	81
7147	FA34	8001	E2
7147	FA39	8000	82
7147	FA3F	8001	A2
7147	FA44	8000	83
7147	FA4A	8001	35
7147	FA4F	8000	84
7147	FA55	8001	B7
7147	FA5A	8000	85
7147	FA60	8001	BD
7147	FADD	8000	86
7147	FAE2	8001	18
7147	FAE9	8000	87
7147	FAEE	8001	19
7147	FAF8	8000	86
7147	FAFE	8001	08
7147	FB05	8000	87
7147	FB0B	8001	09
7147	FDA9	8000	86
7147	FDB1	8001	06
7147	FDBA	8000	87
7147	FDC2	8001	07
7147	FDA9	8000	86
7147	FDB1	8001	22
7147	FDBA	8000	87
7147	FDC2	8001	23
7147	FDA9	8000	86
7147	FDB1	8001	08
7147	FDBA	8000	87
7147	FDC2	8001	09
7147	FDA9	8000	86
7147	FDB1	8001	08
7147	FDBA	8000	87
7147	FDC2	8001	09
7147	FDA9	8000	86
7147	FDB1	8001	08
7147	FDBA	8000	87
7147	FDC2	8001	09
7147	FDA9	8000	86
7147	FDB1	8001	08
7147	FDBA	8000	87
7147	FDC2	8001	09
7147	FDA9	8000	86
7147	FDB1	8001	08
7147	FDBA	8000	87
7147	FDC2	8001	09
7147	FDA9	8000	86
7147	FDB1	8001	08
7147	FDBA	8000	87
7147	FDC2	8001	09
7147	FDA9	8000	86
7147	FDB1	8001	08
7147	FDBA	8000	87
7147	FDC2	8001	09
7147	FDA9	8000	86
7147	FDB1	8001	08
7147	FDBA	8000	87
7147	FDC2	8001	09
7147	FDA9	8000	86
7147	FDB1	8001	08
7147	FDBA	8000	87
7147	FDC2	8001	09
7147	FC3F	8000	86
7147	FC48	8001	06
7147	FC4F	8000	87
7147	FC58	8001	07
7147	FDA9	8000	86
7147	FDB1	8001	18
7147	FDBA	8000	87
7147	FDC2	8001	19
7147	FDA9	8000	86
7147	FDB1	8001	28
7147	FDBA	8000	87
7147	FDC2	8001	29
7147	FDA9	8000	86
7147	FDB1	8001	28
7147	FDBA	8000	87
7147	FDC2	8001	29
7147	FDA9	8000	86
7147	FDB1	8001	08
7147	FDBA	8000	87
7147	FDC2	8001	09
7147	FDA9	8000	86
7147	FDB1	8001	08
7147	FDBA	8000	87
7147	FDC2	8001	09
7147	F9B3	8000	80
7147	F9B9	8001	FC
7147	F9BE	8000	81
7147	F9C4	8001	14
7147	F9C9	8000	82
7147	F9CF	8001	A2
7147	F9D4	8000	83
7147	F9DA	8001	01
7147	F9DF	8000	84
7147	F9E5	8001	02
7147	F9EA	8000	85
7147	F9F0	8001	14
7147	F8DB	8000	87
7147	F9B3	8000	80
7147	F9B9	8001	FC
7147	F9BE	8000	81
7147	F9C4	8001	14
7147	F9C9	8000	82
7147	F9CF	8001	00
7147	F9D4	8000	83
7147	F9DA	8001	01
7147	F9DF	8000	84
7147	F9E5	8001	02
7147	F9EA	8000	85
7147	F9F0	8001	14
7147	F8DB	8000	87
7147	FDA9	8000	86
7147	FDB1	8001	08
7147	FDBA	8000	87
7147	FDC2	8001	09
7148	FA23	8000	80
7148	FA29	8001	FC
7148	FA2E	8000	81
7148	FA34	8001	E2
7148	FA39	8000	82
7148	FA3F	8001	A2
7148	FA44	8000	83
7148	FA4A	8001	35
7148	FA4F	8000	84
7148	FA55	8001	B7
7148	FA5A	8000	85
7148	FA60	8001	BD
7148	FADD	8000	86
7148	FAE2	8001	18
7148	FAE9	8000	87
7148	FAEE	8001	19
7148	FAF8	8000	86
7148	FAFE	8001	08
7148	FB05	8000	87
7148	FB0B	8001	09
7148	FDA9	8000	86
7148	FDB1	8001	06
7148	FDBA	8000	87
7148	FDC2	8001	07
7148	FDA9	8000	86
7148	FDB1	8001	22
7148	FDBA	8000	87
7148	FDC2	8001	23
7148	FDA9	8000	86
7148	FDB1	8001	08
7148	FDBA	8000	87
7148	FDC2	8001	09
7148	FDA9	8000	86
7148	FDB1	8001	08
7148	FDBA	8000	87
7148	FDC2	8001	09
7148	FDA9	8000	86
7148	FDB1	8001	08
7148	FDBA	8000	87
7148	FDC2	8001	09
7148	FDA9	8000	86
7148	FDB1	8001	08
7148	FDBA	8000	87
7148	FDC2	8001	09
7148	FDA9	8000	86
7148	FDB1	8001	08
7148	FDBA	8000	87
7148	FDC2	8001	09
7148	FDA9	8000	86
7148	FDB1	8001	08
7148	FDBA	8000	87
7148	FDC2	8001	09
7148	FDA9	8000	86
7148	FDB1	8001	08
7148	FDBA	8000	87
7148	FDC2	8001	09
7148	FDA9	8000	86
7148	FDB1	8001	08
7148	FDBA	8000	87
7148	FDC2	8001	09
7148	FDA9	8000	86
7148	FDB1	8001	08
7148	FDBA	8000	87
7148	FDC2	8001	09
7148	FC3F	8000	86
7148	FC48	8001	06
7148	FC4F	8000	87
7148	FC58	8001	07
7148	FDA9	8000	86
7148	FDB1	8001	18
7148	FDBA	8000	87
7148	FDC2	8001	19
7148	FDA9	8000	86
7148	FDB1	8001	28
7148	FDBA	8000	87
7148	FDC2	8001	29
7148	FDA9	8000	86
7148	FDB1	8001	28
7148	FDBA	8000	87
7148	FDC2	8001	29
7148	FDA9	8000	86
7148	FDB1	8001	08
7148	FDBA	8000	87
7148	FDC2	8001	09
7148	FDA9	8000	86
7148	FDB1	8001	08
7148	FDBA	8000	87
7148	FDC2	8001	09
7148	F9B3	8000	80
7148	F9B9	8001	FC
7148	F9BE	8000	81
7148	F9C4	8001	14
7148	F9C9	8000	82
7148	F9CF	8001	A2
7148	F9D4	8000	83
7148	F9DA	8001	01
7148	F9DF	8000	84
7148	F9E5	8001	02
7148	F9EA	8000	85
7148	F9F0	8001	14
7148	F8DB	8000	87
7148	F9B3	8000	80
7148	F9B9	8001	FC
7148	F9BE	8000	81
7148	F9C4	8001	14
7148	F9C9	8000	82
7148	F9CF	8001	00
7148	F9D4	8000	83
7148	F9DA	8001	01
7148	F9DF	8000	84
7148	F9E5	8001	02
7148	F9EA	8000	85
7148	F9F0	8001	14
7148	F8DB	8000	87
7148	FDA9	8000	86
7148	FDB1	8001	08
7148	FDBA	8000	87
7148	FDC2	8001	09
7149	FA23	8000	80
7149	FA29	8001	FC
7149	FA2E	8000	81
7149	FA34	8001	E2
7149	FA39	8000	82
7149	FA3F	8001	A2
7149	FA44	8000	83
7149	FA4A	8001	35
7149	FA4F	8000	84
7149	FA55	8001	B7
7149	FA5A	8000	85
7149	FA60	8001	BD
7149	FADD	8000	86
7149	FAE2	8001	18
7149	FAE9	8000	87
7149	FAEE	8001	19
7149	FAF8	8000	86
7149	FAFE	8001	08
7149	FB05	8000	87
7149	FB0B	8001	09
7149	FDA9	8000	86
7149	FDB1	8001	06
7149	FDBA	8000	87
7149	FDC2	8001	07
7149	FDA9	8000	86
7149	FDB1	8001	22
7149	FDBA	8000	87
7149	FDC2	8001	23
7149	FDA9	8000	86
7149	FDB1	8001	08
7149	FDBA	8000	87
7149	FDC2	8001	09
7149	FDA9	8000	86
7149	FDB1	8001	08
7149	FDBA	8000	87
7149	FDC2	8001	09
7149	FDA9	8000	86
7149	FDB1	8001	08
7149	FDBA	8000	87
7149	FDC2	8001	09
7149	FDA9	8000	86
7149	FDB1	8001	08
7149	FDBA	8000	87
7149	FDC2	8001	09
7149	FDA9	8000	86
7149	FDB1	8001	08
7149	FDBA	8000	87
7149	FDC2	8001	09
7149	FDA9	8000	86
7149	FDB1	8001	08
7149	FDBA	8000	87
7149	FDC2	8001	09
7149	FDA9	8000	86
7149	FDB1	8001	08
7149	FDBA	8000	87
7149	FDC2	8001	09
7149	FDA9	8000	86
7149	FDB1	8001	08
7149	FDBA	8000	87
7149	FDC2	8001	09
7149	FDA9	8000	86
7149	FDB1	8001	08
7149	FDBA	8000	87
7149	FDC2	8001	09
7149	FC3F	8000	86
7149	FC48	8001	06
7149	FC4F	8000	87
7149	FC58	8001	07
7149	FDA9	8000	86
7149	FDB1	8001	18
7149	FDBA	8000	87
7149	FDC2	8001	19
7149	FDA9	8000	86
7149	FDB1	8001	28
7149	FDBA	8000	87
7149	FDC2	8001	29
7149	FDA9	8000	86
7149	FDB1	8001	28
7149	FDBA	8000	87
7149	FDC2	8001	29
7149	FDA9	8000	86
7149	FDB1	8001	08
7149	FDBA	8000	87
7149	FDC2	8001	09
7149	F9B3	8000	80
7149	F9B9	8001	FC
7149	F9BE	8000	81
7149	F9C4	8001	14
7149	F9C9	8000	82
7149	F9CF	8001	A2
7149	F9D4	8000	83
7149	F9DA	8001	01
7149	F9DF	8000	84
7149	F9E5	8001	02
7149	F9EA	8000	85
7149	F9F0	8001	14
7149	F8DB	8000	87
7149	FDA9	8000	86
7149	FDB1	8001	08
7149	FDBA	8000	87
7149	FDC2	8001	09
7149	F9B3	8000	80
7149	F9B9	8001	FC
7149	F9BE	8000	81
7149	F9C4	8001	14
7149	F9C9	8000	82
7149	F9CF	8001	00
7149	F9D4	8000	83
7149	F9DA	8001	01
7149	F9DF	8000	84
7149	F9E5	8001	02
7149	F9EA	8000	85
7149	F9F0	8001	14
7149	F8DB	8000	87
7149	FDA9	8000	86
7149	FDB1	8001	08
7149	FDBA	8000	87
7149	FDC2	8001	09
7150	FA23	8000	80
7150	FA29	8001	FC
7150	FA2E	8000	81
7150	FA34	8001	E2
7150	FA39	8000	82
7150	FA3F	8001	A2
7150	FA44	8000	83
7150	FA4A	8001	35
7150	FA4F	8000	84
7150	FA55	8001	B7
7150	FA5A	8000	85
7150	FA60	8001	BD
7150	FADD	8000	86
7150	FAE2	8001	18
7150	FAE9	8000	87
7150	FAEE	8001	19
7150	FAF8	8000	86
7150	FAFE	8001	08
7150	FB05	8000	87
7150	FB0B	8001	09
7150	FDA9	8000	86
7150	FDB1	8001	06
7150	FDBA	8000	87
7150	FDC2	8001	07
7150	FDA9	8000	86
7150	FDB1	8001	22
7150	FDBA	8000	87
7150	FDC2	8001	23
7150	FDA9	8000	86
7150	FDB1	8001	08
7150	FDBA	8000	87
7150	FDC2	8001	09
7150	FDA9	8000	86
7150	FDB1	8001	08
7150	FDBA	8000	87
7150	FDC2	8001	09
7150	FDA9	8000	86
7150	FDB1	8001	08
7150	FDBA	8000	87
7150	FDC2	8001	09
7150	FDA9	8000	86
7150	FDB1	8001	08
7150	FDBA	8000	87
7150	FDC2	8001	09
7150	FDA9	8000	86
7150	FDB1	8001	08
7150	FDBA	8000	87
7150	FDC2	8001	09
7150	FDA9	8000	86
7150	FDB1	8001	08
7150	FDBA	8000	87
7150	FDC2	8001	09
7150	FDA9	8000	86
7150	FDB1	8001	08
7150	FDBA	8000	87
7150	FDC2	8001	09
7150	FDA9	8000	86
7150	FDB1	8001	08
7150	FDBA	8000	87
7150	FDC2	8001	09
7150	FDA9	8000	86
7150	FDB1	8001	08
7150	FDBA	8000	87
7150	FDC2	8001	09
7150	FC3F	8000	86
7150	FC48	8001	06
7150	FC4F	8000	87
7150	FC58	8001	07
7150	FDA9	8000	86
7150	FDB1	8001	18
7150	FDBA	8000	87
7150	FDC2	8001	19
7150	FDA9	8000	86
7150	FDB1	8001	28
7150	FDBA	8000	87
7150	FDC2	8001	29
7150	FDA9	8000	86
7150	FDB1	8001	28
7150	FDBA	8000	87
7150	FDC2	8001	29
7150	FDA9	8000	86
7150	FDB1	8001	08
7150	FDBA	8000	87
7150	FDC2	8001	09
7150	F9B3	8000	80
7150	F9B9	8001	FC
7150	F9BE	8000	81
7150	F9C4	8001	14
7150	F9C9	8000	82
7150	F9CF	8001	A2
7150	F9D4	8000	83
7150	F9DA	8001	01
7150	F9DF	8000	84
7150	F9E5	8001	02
7150	F9EA	8000	85
7150	F9F0	8001	14
7150	F8DB	8000	87
7150	FDA9	8000	86
7150	FDB1	8001	08
7150	FDBA	8000	87
7150	FDC2	8001	09
7150	F9B3	8000	80
7150	F9B9	8001	FC
7150	F9BE	8000	81
7150	F9C4	8001	14
7150	F9C9	8000	82
7150	F9CF	8001	00
7150	F9D4	8000	83
7150	F9DA	8001	01
7150	F9DF	8000	84
7150	F9E5	8001	02
7150	F9EA	8000	85
7150	F9F0	8001	14
7150	F8DB	8000	87
7150	FDA9	8000	86
7150	FDB1	8001	08
7150	FDBA	8000	87
7150	FDC2	8001	09
7151	FA23	8000	80
7151	FA29	8001	FC
7151	FA2E	8000	81
7151	FA34	8001	E2
7151	FA39	8000	82
7151	FA3F	8001	A2
7151	FA44	8000	83
7151	FA4A	8001	35
7151	FA4F	8000	84
7151	FA55	8001	B7
7151	FA5A	8000	85
7151	FA60	8001	BD
7151	FADD	8000	86
7151	FAE2	8001	18
7151	FAE9	8000	87
7151	FAEE	8001	19
7151	FAF8	8000	86
7151	FAFE	8001	08
7151	FB05	8000	87
7151	FB0B	8001	09
7151	FDA9	8000	86
7151	FDB1	8001	06
7151	FDBA	8000	87
7151	FDC2	8001	07
7151	FDA9	8000	86
7151	FDB1	8001	22
7151	FDBA	8000	87
7151	FDC2	8001	23
7151	FDA9	8000	86
7151	FDB1	8001	08
7151	FDBA	8000	87
7151	FDC2	8001	09
7151	FDA9	8000	86
7151	FDB1	8001	08
7151	FDBA	8000	87
7151	FDC2	8001	09
7151	FDA9	8000	86
7151	FDB1	8001	08
7151	FDBA	8000	87
7151	FDC2	8001	09
7151	FDA9	8000	86
7151	FDB1	8001	08
7151	FDBA	8000	87
7151	FDC2	8001	09
7151	FDA9	8000	86
7151	FDB1	8001	08
7151	FDBA	8000	87
7151	FDC2	8001	09
7151	FDA9	8000	86
7151	FDB1	8001	08
7151	FDBA	8000	87
7151	FDC2	8001	09
7151	FDA9	8000	86
7151	FDB1	8001	08
7151	FDBA	8000	87
7151	FDC2	8001	09
7151	FDA9	8000	86
7151	FDB1	8001	08
7151	FDBA	8000	87
7151	FDC2	8001	09
7151	FDA9	8000	86
7151	FDB1	8001	08
7151	FDBA	8000	87
7151	FDC2	8001	09
7151	FC3F	8000	86
7151	FC48	8001	06
7151	FC4F	8000	87
7151	FC58	8001	07
7151	FDA9	8000	86
7151	FDB1	8001	18
7151	FDBA	8000	87
7151	FDC2	8001	19
7151	FDA9	8000	86
7151	FDB1	8001	28
7151	FDBA	8000	87
7151	FDC2	8001	29
7151	FDA9	8000	86
7151	FDB1	8001	28
7151	FDBA	8000	87
7151	FDC2	8001	29
7151	FDA9	8000	86
7151	FDB1	8001	08
7151	FDBA	8000	87
7151	FDC2	8001	09
7151	F9B3	8000	80
7151	F9B9	8001	FC
7151	F9BE	8000	81
7151	F9C4	8001	14
7151	F9C9	8000	82
7151	F9CF	8001	A2
7151	F9D4	8000	83
7151	F9DA	8001	01
7151	F9DF	8000	84
7151	F9E5	8001	02
7151	F9EA	8000	85
7151	F9F0	8001	14
7151	F8DB	8000	87
7151	FDA9	8000	86
7151	FDB1	8001	08
7151	FDBA	8000	87
7151	FDC2	8001	09
7151	F9B3	8000	80
7151	F9B9	8001	FC
7151	F9BE	8000	81
7151	F9C4	8001	14
7151	F9C9	8000	82
7151	F9CF	8001	00
7151	F9D4	8000	83
7151	F9DA	8001	01
7151	F9DF	8000	84
7151	F9E5	8001	02
7151	F9EA	8000	85
7151	F9F0	8001	14
7151	F8DB	8000	87
7151	FDA9	8000	86
7151	FDB1	8001	08
7151	FDBA	8000	87
7151	FDC2	8001	09
7152	FA23	8000	80
7152	FA29	8001	FC
7152	FA2E	8000	81
7152	FA34	8001	E2
7152	FA39	8000	82
7152	FA3F	8001	A2
7152	FA44	8000	83
7152	FA4A	8001	35
7152	FA4F	8000	84
7152	FA55	8001	B7
7152	FA5A	8000	85
7152	FA60	8001	BD
7152	FADD	8000	86
7152	FAE2	8001	18
7152	FAE9	8000	87
7152	FAEE	8001	19
7152	FAF8	8000	86
7152	FAFE	8001	08
7152	FB05	8000	87
7152	FB0B	8001	09
7152	FDA9	8000	86
7152	FDB1	8001	06
7152	FDBA	8000	87
7152	FDC2	8001	07
7152	FDA9	8000	86
7152	FDB1	8001	22
7152	FDBA	8000	87
7152	FDC2	8001	23
7152	FDA9	8000	86
7152	FDB1	8001	08
7152	FDBA	8000	87
7152	FDC2	8001	09
7152	FDA9	8000	86
7152	FDB1	8001	08
7152	FDBA	8000	87
7152	FDC2	8001	09
7152	FDA9	8000	86
7152	FDB1	8001	08
7152	FDBA	8000	87
7152	FDC2	8001	09
7152	FDA9	8000	86
7152	FDB1	8001	08
7152	FDBA	8000	87
7152	FDC2	8001	09
7152	FDA9	8000	86
7152	FDB1	8001	08
7152	FDBA	8000	87
7152	FDC2	8001	09
7152	FDA9	8000	86
7152	FDB1	8001	08
7152	FDBA	8000	87
7152	FDC2	8001	09
7152	FDA9	8000	86
7152	FDB1	8001	08
7152	FDBA	8000	87
7152	FDC2	8001	09
7152	FDA9	8000	86
7152	FDB1	8001	08
7152	FDBA	8000	87
7152	FDC2	8001	09
7152	FDA9	8000	86
7152	FDB1	8001	08
7152	FDBA	8000	87
7152	FDC2	8001	09
7152	FC3F	8000	86
7152	FC48	8001	06
7152	FC4F	8000	87
7152	FC58	8001	07
7152	FDA9	8000	86
7152	FDB1	8001	18
7152	FDBA	8000	87
7152	FDC2	8001	19
7152	FDA9	8000	86
7152	FDB1	8001	28
7152	FDBA	8000	87
7152	FDC2	8001	29
7152	FDA9	8000	86
7152	FDB1	8001	28
7152	FDBA	8000	87
7152	FDC2	8001	29
7152	FDA9	8000	86
7152	FDB1	8001	08
7152	FDBA	8000	87
7152	FDC2	8001	09
7152	F9B3	8000	80
7152	F9B9	8001	FC
7152	F9BE	8000	81
7152	F9C4	8001	14
7152	F9C9	8000	82
7152	F9CF	8001	A2
7152	F9D4	8000	83
7152	F9DA	8001	01
7152	F9DF	8000	84
7152	F9E5	8001	02
7152	F9EA	8000	85
7152	F9F0	8001	14
7152	F8DB	8000	87
7152	FDA9	8000	86
7152	FDB1	8001	08
7152	FDBA	8000	87
7152	FDC2	8001	09
7152	F9B3	8000	80
7152	F9B9	8001	FC
7152	F9BE	8000	81
7152	F9C4	8001	14
7152	F9C9	8000	82
7152	F9CF	8001	00
7152	F9D4	8000	83
7152	F9DA	8001	01
7152	F9DF	8000	84
7152	F9E5	8001	02
7152	F9EA	8000	85
7152	F9F0	8001	14
7152	F8DB	8000	87
7152	FDA9	8000	86
7152	FDB1	8001	08
7152	FDBA	8000	87
7152	FDC2	8001	09
7153	FA23	8000	80
7153	FA29	8001	FC
7153	FA2E	8000	81
7153	FA34	8001	E2
7153	FA39	8000	82
7153	FA3F	8001	A2
7153	FA44	8000	83
7153	FA4A	8001	35
7153	FA4F	8000	84
7153	FA55	8001	B7
7153	FA5A	8000	85
7153	FA60	8001	BD
7153	FADD	8000	86
7153	FAE2	8001	18
7153	FAE9	8000	87
7153	FAEE	8001	19
7153	FAF8	8000	86
7153	FAFE	8001	08
7153	FB05	8000	87
7153	FB0B	8001	09
7153	FDA9	8000	86
7153	FDB1	8001	06
7153	FDBA	8000	87
7153	FDC2	8001	07
7153	FDA9	8000	86
7153	FDB1	8001	22
7153	FDBA	8000	87
7153	FDC2	8001	23
7153	FDA9	8000	86
7153	FDB1	8001	08
7153	FDBA	8000	87
7153	FDC2	8001	09
7153	FDA9	8000	86
7153	FDB1	8001	08
7153	FDBA	8000	87
7153	FDC2	8001	09
7153	FDA9	8000	86
7153	FDB1	8001	08
7153	FDBA	8000	87
7153	FDC2	8001	09
7153	FDA9	8000	86
7153	FDB1	8001	08
7153	FDBA	8000	87
7153	FDC2	8001	09
7153	FDA9	8000	86
7153	FDB1	8001	08
7153	FDBA	8000	87
7153	FDC2	8001	09
7153	FDA9	8000	86
7153	FDB1	8001	08
7153	FDBA	8000	87
7153	FDC2	8001	09
7153	FDA9	8000	86
7153	FDB1	8001	08
7153	FDBA	8000	87
7153	FDC2	8001	09
7153	FDA9	8000	86
7153	FDB1	8001	08
7153	FDBA	8000	87
7153	FDC2	8001	09
7153	FDA9	8000	86
7153	FDB1	8001	08
7153	FDBA	8000	87
7153	FDC2	8001	09
7153	FC3F	8000	86
7153	FC48	8001	06
7153	FC4F	8000	87
7153	FC58	8001	07
7153	FDA9	8000	86
7153	FDB1	8001	18
7153	FDBA	8000	87
7153	FDC2	8001	19
7153	FDA9	8000	86
7153	FDB1	8001	28
7153	FDBA	8000	87
7153	FDC2	8001	29
7153	FDA9	8000	86
7153	FDB1	8001	28
7153	FDBA	8000	87
7153	FDC2	8001	29
7153	FDA9	8000	86
7153	FDB1	8001	08
7153	FDBA	8000	87
7153	FDC2	8001	09
7153	FDA9	8000	86
7153	FDB1	8001	08
7153	FDBA	8000	87
7153	FDC2	8001	09
7153	F9B3	8000	80
7153	F9B9	8001	FC
7153	F9BE	8000	81
7153	F9C4	8001	14
7153	F9C9	8000	82
7153	F9CF	8001	A2
7153	F9D4	8000	83
7153	F9DA	8001	01
7153	F9DF	8000	84
7153	F9E5	8001	02
7153	F9EA	8000	85
7153	F9F0	8001	14
7153	F8DB	8000	87
7153	F9B3	8000	80
7153	F9B9	8001	FC
7153	F9BE	8000	81
7153	F9C4	8001	14
7153	F9C9	8000	82
7153	F9CF	8001	00
7153	F9D4	8000	83
7153	F9DA	8001	01
7153	F9DF	8000	84
7153	F9E5	8001	02
7153	F9EA	8000	85
7153	F9F0	8001	14
7153	F8DB	8000	87
7153	FDA9	8000	86
7153	FDB1	8001	08
7153	FDBA	8000	87
7153	FDC2	8001	09
7154	FA23	8000	80
7154	FA29	8001	FC
7154	FA2E	8000	81
7154	FA34	8001	E2
7154	FA39	8000	82
7154	FA3F	8001	A2
7154	FA44	8000	83
7154	FA4A	8001	35
7154	FA4F	8000	84
7154	FA55	8001	B7
7154	FA5A	8000	85
7154	FA60	8001	BD
7154	FADD	8000	86
7154	FAE2	8001	18
7154	FAE9	8000	87
7154	FAEE	8001	19
7154	BF0A	8000	86
7154	C8E1	8001	00
7154	C8E6	8000	87
7154	C8EB	8001	01
7154	C900	8000	86
7154	C905	8001	18
7154	C90A	8000	87
7154	C90F	8001	19
7154	BF0A	8000	86
7154	C8E1	8001	00
7154	C8E6	8000	87
7154	C8EB	8001	01
7154	C900	8000	86
7154	C905	8001	18
7154	C90A	8000	87
7154	C90F	8001	19
7154	BF0A	8000	86
7154	C8E1	8001	00
7154	C8E6	8000	87
7154	C8EB	8001	01
7154	C900	8000	86
7154	C905	8001	18
7154	C90A	8000	87
7154	C90F	8001	19
7154	FAF8	8000	86
7154	FAFE	8001	08
7154	FB05	8000	87
7154	FB0B	8001	09
7154	FDA9	8000	86
7154	FDB1	8001	06
7154	FDBA	8000	87
7154	FDC2	8001	07
7154	FDA9	8000	86
7154	FDB1	8001	22
7154	FDBA	8000	87
7154	FDC2	8001	23
7154	FDA9	8000	86
7154	FDB1	8001	08
7154	FDBA	8000	87
7154	FDC2	8001	09
7154	FDA9	8000	86
7154	FDB1	8001	08
7154	FDBA	8000	87
7154	FDC2	8001	09
7154	FDA9	8000	86
7154	FDB1	8001	08
7154	FDBA	8000	87
7154	FDC2	8001	09
7154	FDA9	8000	86
7154	FDB1	8001	08
7154	FDBA	8000	87
7154	FDC2	8001	09
7154	FDA9	8000	86
7154	FDB1	8001	08
7154	FDBA	8000	87
7154	FDC2	8001	09
7154	FDA9	8000	86
7154	FDB1	8001	08
7154	FDBA	8000	87
7154	FDC2	8001	09
7154	FDA9	8000	86
7154	FDB1	8001	08
7154	FDBA	8000	87
7154	FDC2	8001	09
7154	FDA9	8000	86
7154	FDB1	8001	08
7154	FDBA	8000	87
7154	FDC2	8001	09
7154	FDA9	8000	86
7154	FDB1	8001	08
7154	FDBA	8000	87
7154	FDC2	8001	09
7154	FC3F	8000	86
7154	FC48	8001	06
7154	FC4F	8000	87
7154	FC58	8001	07
7154	FDA9	8000	86
7154	FDB1	8001	18
7154	FDBA	8000	87
7154	FDC2	8001	19
7154	FDA9	8000	86
7154	FDB1	8001	28
7154	FDBA	8000	87
7154	FDC2	8001	29
7154	FDA9	8000	86
7154	FDB1	8001	28
7154	FDBA	8000	87
7154	FDC2	8001	29
7154	F9B3	8000	80
7154	F9B9	8001	FC
7154	F9BE	8000	81
7154	F9C4	8001	14
7154	F9C9	8000	82
7154	F9CF	8001	A2
7154	F9D4	8000	83
7154	F9DA	8001	01
7154	F9DF	8000	84
7154	F9E5	8001	02
7154	F9EA	8000	85
7154	F9F0	8001	14
7154	F8DB	8000	87
7154	F9B3	8000	80
7154	F9B9	8001	FC
7154	F9BE	8000	81
7154	F9C4	8001	14
7154	F9C9	8000	82
7154	F9CF	8001	00
7154	F9D4	8000	83
7154	F9DA	8001	01
7154	F9DF	8000	84
7154	F9E5	8001	02
7154	F9EA	8000	85
7154	F9F0	8001	14
7154	F8DB	8000	87
7154	FDA9	8000	86
7154	FDB1	8001	08
7154	FDBA	8000	87
7154	FDC2	8001	09
7154	FDA9	8000	86
7154	FDB1	8001	08
7154	FDBA	8000	87
7154	FDC2	8001	09
7154	FDA9	8000	86
7154	FDB1	8001	08
7154	FDBA	8000	87
7154	FDC2	8001	09
7155	FA23	8000	80
7155	FA29	8001	FC
7155	FA2E	8000	81
7155	FA34	8001	E2
7155	FA39	8000	82
7155	FA3F	8001	A2
7155	FA44	8000	83
7155	FA4A	8001	35
7155	FA4F	8000	84
7155	FA55	8001	B7
7155	FA5A	8000	85
7155	FA60	8001	BD
7155	FADD	8000	86
7155	FAE2	8001	18
7155	FAE9	8000	87
7155	FAEE	8001	19
7155	FAF8	8000	86
7155	FAFE	8001	08
7155	FB05	8000	87
7155	FB0B	8001	09
7155	FDA9	8000	86
7155	FDB1	8001	06
7155	FDBA	8000	87
7155	FDC2	8001	07
7155	FDA9	8000	86
7155	FDB1	8001	22
7155	FDBA	8000	87
7155	FDC2	8001	23
7155	FDA9	8000	86
7155	FDB1	8001	08
7155	FDBA	8000	87
7155	FDC2	8001	09
7155	FDA9	8000	86
7155	FDB1	8001	08
7155	FDBA	8000	87
7155	FDC2	8001	09
7155	FDA9	8000	86
7155	FDB1	8001	08
7155	FDBA	8000	87
7155	FDC2	8001	09
7155	FDA9	8000	86
7155	FDB1	8001	08
7155	FDBA	8000	87
7155	FDC2	8001	09
7155	FDA9	8000	86
7155	FDB1	8001	08
7155	FDBA	8000	87
7155	FDC2	8001	09
7155	FDA9	8000	86
7155	FDB1	8001	08
7155	FDBA	8000	87
7155	FDC2	8001	09
7155	FDA9	8000	86
7155	FDB1	8001	08
7155	FDBA	8000	87
7155	FDC2	8001	09
7155	FDA9	8000	86
7155	FDB1	8001	08
7155	FDBA	8000	87
7155	FDC2	8001	09
7155	FDA9	8000	86
7155	FDB1	8001	08
7155	FDBA	8000	87
7155	FDC2	8001	09
7155	FC3F	8000	86
7155	FC48	8001	06
7155	FC4F	8000	87
7155	FC58	8001	07
7155	FDA9	8000	86
7155	FDB1	8001	18
7155	FDBA	8000	87
7155	FDC2	8001	19
7155	FDA9	8000	86
7155	FDB1	8001	28
7155	FDBA	8000	87
7155	FDC2	8001	29
7155	FDA9	8000	86
7155	FDB1	8001	28
7155	FDBA	8000	87
7155	FDC2	8001	29
7155	FDA9	8000	86
7155	FDB1	8001	08
7155	FDBA	8000	87
7155	FDC2	8001	09
7155	F9B3	8000	80
7155	F9B9	8001	FC
7155	F9BE	8000	81
7155	F9C4	8001	14
7155	F9C9	8000	82
7155	F9CF	8001	A2
7155	F9D4	8000	83
7155	F9DA	8001	01
7155	F9DF	8000	84
7155	F9E5	8001	02
7155	F9EA	8000	85
7155	F9F0	8001	14
7155	F8DB	8000	87
7155	F9B3	8000	80
7155	F9B9	8001	FC
7155	F9BE	8000	81
7155	F9C4	8001	14
7155	F9C9	8000	82
7155	F9CF	8001	00
7155	F9D4	8000	83
7155	F9DA	8001	01
7155	F9DF	8000	84
7155	F9E5	8001	02
7155	F9EA	8000	85
7155	F9F0	8001	14
7155	F8DB	8000	87
7155	FDA9	8000	86
7155	FDB1	8001	08
7155	FDBA	8000	87
7155	FDC2	8001	09
7155	FDA9	8000	86
7155	FDB1	8001	08
7155	FDBA	8000	87
7155	FDC2	8001	09
7156	FA23	8000	80
7156	FA29	8001	FC
7156	FA2E	8000	81
7156	FA34	8001	E2
7156	FA39	8000	82
7156	FA3F	8001	A2
7156	FA44	8000	83
7156	FA4A	8001	35
7156	FA4F	8000	84
7156	FA55	8001	B7
7156	FA5A	8000	85
7156	FA60	8001	BD
7156	FADD	8000	86
7156	FAE2	8001	18
7156	FAE9	8000	87
7156	FAEE	8001	19
7156	FAF8	8000	86
7156	FAFE	8001	08
7156	FB05	8000	87
7156	FB0B	8001	09
7156	FDA9	8000	86
7156	FDB1	8001	06
7156	FDBA	8000	87
7156	FDC2	8001	07
7156	FDA9	8000	86
7156	FDB1	8001	22
7156	FDBA	8000	87
7156	FDC2	8001	23
7156	FDA9	8000	86
7156	FDB1	8001	08
7156	FDBA	8000	87
7156	FDC2	8001	09
7156	FDA9	8000	86
7156	FDB1	8001	08
7156	FDBA	8000	87
7156	FDC2	8001	09
7156	FDA9	8000	86
7156	FDB1	8001	08
7156	FDBA	8000	87
7156	FDC2	8001	09
7156	FDA9	8000	86
7156	FDB1	8001	08
7156	FDBA	8000	87
7156	FDC2	8001	09
7156	FDA9	8000	86
7156	FDB1	8001	08
7156	FDBA	8000	87
7156	FDC2	8001	09
7156	FDA9	8000	86
7156	FDB1	8001	08
7156	FDBA	8000	87
7156	FDC2	8001	09
7156	FDA9	8000	86
7156	FDB1	8001	08
7156	FDBA	8000	87
7156	FDC2	8001	09
7156	FDA9	8000	86
7156	FDB1	8001	08
7156	FDBA	8000	87
7156	FDC2	8001	09
7156	FDA9	8000	86
7156	FDB1	8001	08
7156	FDBA	8000	87
7156	FDC2	8001	09
7156	FC3F	8000	86
7156	FC48	8001	06
7156	FC4F	8000	87
7156	FC58	8001	07
7156	FDA9	8000	86
7156	FDB1	8001	18
7156	FDBA	8000	87
7156	FDC2	8001	19
7156	FDA9	8000	86
7156	FDB1	8001	28
7156	FDBA	8000	87
7156	FDC2	8001	29
7156	FDA9	8000	86
7156	FDB1	8001	28
7156	FDBA	8000	87
7156	FDC2	8001	29
7156	FDA9	8000	86
7156	FDB1	8001	08
7156	FDBA	8000	87
7156	FDC2	8001	09
7156	F9B3	8000	80
7156	F9B9	8001	FC
7156	F9BE	8000	81
7156	F9C4	8001	14
7156	F9C9	8000	82
7156	F9CF	8001	A2
7156	F9D4	8000	83
7156	F9DA	8001	01
7156	F9DF	8000	84
7156	F9E5	8001	02
7156	F9EA	8000	85
7156	F9F0	8001	14
7156	F8DB	8000	87
7156	F9B3	8000	80
7156	F9B9	8001	FC
7156	F9BE	8000	81
7156	F9C4	8001	14
7156	F9C9	8000	82
7156	F9CF	8001	00
7156	F9D4	8000	83
7156	F9DA	8001	01
7156	F9DF	8000	84
7156	F9E5	8001	02
7156	F9EA	8000	85
7156	F9F0	8001	14
7156	F8DB	8000	87
7156	FDA9	8000	86
7156	FDB1	8001	08
7156	FDBA	8000	87
7156	FDC2	8001	09
7156	FDA9	8000	86
7156	FDB1	8001	08
7156	FDBA	8000	87
7156	FDC2	8001	09
7157	FA23	8000	80
7157	FA29	8001	FC
7157	FA2E	8000	81
7157	FA34	8001	E2
7157	FA39	8000	82
7157	FA3F	8001	A2
7157	FA44	8000	83
7157	FA4A	8001	35
7157	FA4F	8000	84
7157	FA55	8001	B7
7157	FA5A	8000	85
7157	FA60	8001	BD
7157	FADD	8000	86
7157	FAE2	8001	18
7157	FAE9	8000	87
7157	FAEE	8001	19
7157	FAF8	8000	86
7157	FAFE	8001	08
7157	FB05	8000	87
7157	FB0B	8001	09
7157	FDA9	8000	86
7157	FDB1	8001	06
7157	FDBA	8000	87
7157	FDC2	8001	07
7157	FDA9	8000	86
7157	FDB1	8001	22
7157	FDBA	8000	87
7157	FDC2	8001	23
7157	FDA9	8000	86
7157	FDB1	8001	08
7157	FDBA	8000	87
7157	FDC2	8001	09
7157	FDA9	8000	86
7157	FDB1	8001	08
7157	FDBA	8000	87
7157	FDC2	8001	09
7157	FDA9	8000	86
7157	FDB1	8001	08
7157	FDBA	8000	87
7157	FDC2	8001	09
7157	FDA9	8000	86
7157	FDB1	8001	08
7157	FDBA	8000	87
7157	FDC2	8001	09
7157	FDA9	8000	86
7157	FDB1	8001	08
7157	FDBA	8000	87
7157	FDC2	8001	09
7157	FDA9	8000	86
7157	FDB1	8001	08
7157	FDBA	8000	87
7157	FDC2	8001	09
7157	FDA9	8000	86
7157	FDB1	8001	08
7157	FDBA	8000	87
7157	FDC2	8001	09
7157	FDA9	8000	86
7157	FDB1	8001	08
7157	FDBA	8000	87
7157	FDC2	8001	09
7157	FDA9	8000	86
7157	FDB1	8001	08
7157	FDBA	8000	87
7157	FDC2	8001	09
7157	FC3F	8000	86
7157	FC48	8001	06
7157	FC4F	8000	87
7157	FC58	8001	07
7157	FDA9	8000	86
7157	FDB1	8001	18
7157	FDBA	8000	87
7157	FDC2	8001	19
7157	FDA9	8000	86
7157	FDB1	8001	28
7157	FDBA	8000	87
7157	FDC2	8001	29
7157	FDA9	8000	86
7157	FDB1	8001	28
7157	FDBA	8000	87
7157	FDC2	8001	29
7157	FDA9	8000	86
7157	FDB1	8001	08
7157	FDBA	8000	87
7157	FDC2	8001	09
7157	F9B3	8000	80
7157	F9B9	8001	FC
7157	F9BE	8000	81
7157	F9C4	8001	14
7157	F9C9	8000	82
7157	F9CF	8001	A2
7157	F9D4	8000	83
7157	F9DA	8001	01
7157	F9DF	8000	84
7157	F9E5	8001	02
7157	F9EA	8000	85
7157	F9F0	8001	14
7157	F8DB	8000	87
7157	F9B3	8000	80
7157	F9B9	8001	FC
7157	F9BE	8000	81
7157	F9C4	8001	14
7157	F9C9	8000	82
7157	F9CF	8001	00
7157	F9D4	8000	83
7157	F9DA	8001	01
7157	F9DF	8000	84
7157	F9E5	8001	02
7157	F9EA	8000	85
7157	F9F0	8001	14
7157	F8DB	8000	87
7157	FDA9	8000	86
7157	FDB1	8001	08
7157	FDBA	8000	87
7157	FDC2	8001	09
7157	FDA9	8000	86
7157	FDB1	8001	08
7157	FDBA	8000	87
7157	FDC2	8001	09
7158	FA23	8000	80
7158	FA29	8001	FC
7158	FA2E	8000	81
7158	FA34	8001	E2
7158	FA39	8000	82
7158	FA3F	8001	A2
7158	FA44	8000	83
7158	FA4A	8001	35
7158	FA4F	8000	84
7158	FA55	8001	B7
7158	FA5A	8000	85
7158	FA60	8001	BD
7158	FADD	8000	86
7158	FAE2	8001	18
7158	FAE9	8000	87
7158	FAEE	8001	19
7158	FAF8	8000	86
7158	FAFE	8001	08
7158	FB05	8000	87
7158	FB0B	8001	09
7158	FDA9	8000	86
7158	FDB1	8001	06
7158	FDBA	8000	87
7158	FDC2	8001	07
7158	FDA9	8000	86
7158	FDB1	8001	22
7158	FDBA	8000	87
7158	FDC2	8001	23
7158	FDA9	8000	86
7158	FDB1	8001	08
7158	FDBA	8000	87
7158	FDC2	8001	09
7158	FDA9	8000	86
7158	FDB1	8001	08
7158	FDBA	8000	87
7158	FDC2	8001	09
7158	FDA9	8000	86
7158	FDB1	8001	08
7158	FDBA	8000	87
7158	FDC2	8001	09
7158	FDA9	8000	86
7158	FDB1	8001	08
7158	FDBA	8000	87
7158	FDC2	8001	09
7158	FDA9	8000	86
7158	FDB1	8001	08
7158	FDBA	8000	87
7158	FDC2	8001	09
7158	FDA9	8000	86
7158	FDB1	8001	08
7158	FDBA	8000	87
7158	FDC2	8001	09
7158	FDA9	8000	86
7158	FDB1	8001	08
7158	FDBA	8000	87
7158	FDC2	8001	09
7158	FDA9	8000	86
7158	FDB1	8001	08
7158	FDBA	8000	87
7158	FDC2	8001	09
7158	FDA9	8000	86
7158	FDB1	8001	08
7158	FDBA	8000	87
7158	FDC2	8001	09
7158	FC3F	8000	86
7158	FC48	8001	06
7158	FC4F	8000	87
7158	FC58	8001	07
7158	FDA9	8000	86
7158	FDB1	8001	18
7158	FDBA	8000	87
7158	FDC2	8001	19
7158	FDA9	8000	86
7158	FDB1	8001	28
7158	FDBA	8000	87
7158	FDC2	8001	29
7158	FDA9	8000	86
7158	FDB1	8001	28
7158	FDBA	8000	87
7158	FDC2	8001	29
7158	FDA9	8000	86
7158	FDB1	8001	08
7158	FDBA	8000	87
7158	FDC2	8001	09
7158	F9B3	8000	80
7158	F9B9	8001	FC
7158	F9BE	8000	81
7158	F9C4	8001	14
7158	F9C9	8000	82
7158	F9CF	8001	A2
7158	F9D4	8000	83
7158	F9DA	8001	01
7158	F9DF	8000	84
7158	F9E5	8001	02
7158	F9EA	8000	85
7158	F9F0	8001	14
7158	F8DB	8000	87
7158	F9B3	8000	80
7158	F9B9	8001	FC
7158	F9BE	8000	81
7158	F9C4	8001	14
7158	F9C9	8000	82
7158	F9CF	8001	00
7158	F9D4	8000	83
7158	F9DA	8001	01
7158	F9DF	8000	84
7158	F9E5	8001	02
7158	F9EA	8000	85
7158	F9F0	8001	14
7158	F8DB	8000	87
7158	FDA9	8000	86
7158	FDB1	8001	08
7158	FDBA	8000	87
7158	FDC2	8001	09
7158	FDA9	8000	86
7158	FDB1	8001	08
7158	FDBA	8000	87
7158	FDC2	8001	09
7159	FA23	8000	80
7159	FA29	8001	FC
7159	FA2E	8000	81
7159	FA34	8001	E2
7159	FA39	8000	82
7159	FA3F	8001	A2
7159	FA44	8000	83
7159	FA4A	8001	35
7159	FA4F	8000	84
7159	FA55	8001	B7
7159	FA5A	8000	85
7159	FA60	8001	BD
7159	FADD	8000	86
7159	FAE2	8001	18
7159	FAE9	8000	87
7159	FAEE	8001	19
7159	FAF8	8000	86
7159	FAFE	8001	08
7159	FB05	8000	87
7159	FB0B	8001	09
7159	FDA9	8000	86
7159	FDB1	8001	06
7159	FDBA	8000	87
7159	FDC2	8001	07
7159	FDA9	8000	86
7159	FDB1	8001	22
7159	FDBA	8000	87
7159	FDC2	8001	23
7159	FDA9	8000	86
7159	FDB1	8001	08
7159	FDBA	8000	87
7159	FDC2	8001	09
7159	FDA9	8000	86
7159	FDB1	8001	08
7159	FDBA	8000	87
7159	FDC2	8001	09
7159	FDA9	8000	86
7159	FDB1	8001	08
7159	FDBA	8000	87
7159	FDC2	8001	09
7159	FDA9	8000	86
7159	FDB1	8001	08
7159	FDBA	8000	87
7159	FDC2	8001	09
7159	FDA9	8000	86
7159	FDB1	8001	08
7159	FDBA	8000	87
7159	FDC2	8001	09
7159	FDA9	8000	86
7159	FDB1	8001	08
7159	FDBA	8000	87
7159	FDC2	8001	09
7159	FDA9	8000	86
7159	FDB1	8001	08
7159	FDBA	8000	87
7159	FDC2	8001	09
7159	FDA9	8000	86
7159	FDB1	8001	08
7159	FDBA	8000	87
7159	FDC2	8001	09
7159	FDA9	8000	86
7159	FDB1	8001	08
7159	FDBA	8000	87
7159	FDC2	8001	09
7159	FC3F	8000	86
7159	FC48	8001	06
7159	FC4F	8000	87
7159	FC58	8001	07
7159	FDA9	8000	86
7159	FDB1	8001	18
7159	FDBA	8000	87
7159	FDC2	8001	19
7159	FDA9	8000	86
7159	FDB1	8001	28
7159	FDBA	8000	87
7159	FDC2	8001	29
7159	FDA9	8000	86
7159	FDB1	8001	28
7159	FDBA	8000	87
7159	FDC2	8001	29
7159	FDA9	8000	86
7159	FDB1	8001	08
7159	FDBA	8000	87
7159	FDC2	8001	09
7159	F9B3	8000	80
7159	F9B9	8001	FC
7159	F9BE	8000	81
7159	F9C4	8001	14
7159	F9C9	8000	82
7159	F9CF	8001	A2
7159	F9D4	8000	83
7159	F9DA	8001	01
7159	F9DF	8000	84
7159	F9E5	8001	02
7159	F9EA	8000	85
7159	F9F0	8001	14
7159	F8DB	8000	87
7159	FDA9	8000	86
7159	FDB1	8001	08
7159	FDBA	8000	87
7159	FDC2	8001	09
7159	F9B3	8000	80
7159	F9B9	8001	FC
7159	F9BE	8000	81
7159	F9C4	8001	14
7159	F9C9	8000	82
7159	F9CF	8001	00
7159	F9D4	8000	83
7159	F9DA	8001	01
7159	F9DF	8000	84
7159	F9E5	8001	02
7159	F9EA	8000	85
7159	F9F0	8001	14
7159	F8DB	8000	87
7159	FDA9	8000	86
7159	FDB1	8001	08
7159	FDBA	8000	87
7159	FDC2	8001	09
7160	FA23	8000	80
7160	FA29	8001	FC
7160	FA2E	8000	81
7160	FA34	8001	E2
7160	FA39	8000	82
7160	FA3F	8001	A2
7160	FA44	8000	83
7160	FA4A	8001	35
7160	FA4F	8000	84
7160	FA55	8001	B7
7160	FA5A	8000	85
7160	FA60	8001	BD
7160	FADD	8000	86
7160	FAE2	8001	18
7160	FAE9	8000	87
7160	FAEE	8001	19
7160	FAF8	8000	86
7160	FAFE	8001	08
7160	FB05	8000	87
7160	FB0B	8001	09
7160	FDA9	8000	86
7160	FDB1	8001	06
7160	FDBA	8000	87
7160	FDC2	8001	07
7160	FDA9	8000	86
7160	FDB1	8001	22
7160	FDBA	8000	87
7160	FDC2	8001	23
7160	FDA9	8000	86
7160	FDB1	8001	08
7160	FDBA	8000	87
7160	FDC2	8001	09
7160	FDA9	8000	86
7160	FDB1	8001	08
7160	FDBA	8000	87
7160	FDC2	8001	09
7160	FDA9	8000	86
7160	FDB1	8001	08
7160	FDBA	8000	87
7160	FDC2	8001	09
7160	FDA9	8000	86
7160	FDB1	8001	08
7160	FDBA	8000	87
7160	FDC2	8001	09
7160	FDA9	8000	86
7160	FDB1	8001	08
7160	FDBA	8000	87
7160	FDC2	8001	09
7160	FDA9	8000	86
7160	FDB1	8001	08
7160	FDBA	8000	87
7160	FDC2	8001	09
7160	FDA9	8000	86
7160	FDB1	8001	08
7160	FDBA	8000	87
7160	FDC2	8001	09
7160	FDA9	8000	86
7160	FDB1	8001	08
7160	FDBA	8000	87
7160	FDC2	8001	09
7160	FDA9	8000	86
7160	FDB1	8001	08
7160	FDBA	8000	87
7160	FDC2	8001	09
7160	FC3F	8000	86
7160	FC48	8001	06
7160	FC4F	8000	87
7160	FC58	8001	07
7160	FDA9	8000	86
7160	FDB1	8001	18
7160	FDBA	8000	87
7160	FDC2	8001	19
7160	FDA9	8000	86
7160	FDB1	8001	28
7160	FDBA	8000	87
7160	FDC2	8001	29
7160	FDA9	8000	86
7160	FDB1	8001	28
7160	FDBA	8000	87
7160	FDC2	8001	29
7160	FDA9	8000	86
7160	FDB1	8001	08
7160	FDBA	8000	87
7160	FDC2	8001	09
7160	FDA9	8000	86
7160	FDB1	8001	08
7160	F9B3	8000	80
7160	F9B9	8001	FC
7160	F9BE	8000	81
7160	F9C4	8001	14
7160	F9C9	8000	82
7160	F9CF	8001	A2
7160	F9D4	8000	83
7160	F9DA	8001	01
7160	F9DF	8000	84
7160	F9E5	8001	02
7160	F9EA	8000	85
7160	F9F0	8001	14
7160	F8DB	8000	86
7160	FDBA	8000	87
7160	FDC2	8001	09
7160	F9B3	8000	80
7160	F9B9	8001	FC
7160	F9BE	8000	81
7160	F9C4	8001	14
7160	F9C9	8000	82
7160	F9CF	8001	00
7160	F9D4	8000	83
7160	F9DA	8001	01
7160	F9DF	8000	84
7160	F9E5	8001	02
7160	F9EA	8000	85
7160	F9F0	8001	14
7160	F8DB	8000	87
7160	FDA9	8000	86
7160	FDB1	8001	08
7160	FDBA	8000	87
7160	FDC2	8001	09
7161	FA23	8000	80
7161	FA29	8001	FC
7161	FA2E	8000	81
7161	FA34	8001	E2
7161	FA39	8000	82
7161	FA3F	8001	A2
7161	FA44	8000	83
7161	FA4A	8001	35
7161	FA4F	8000	84
7161	FA55	8001	B7
7161	FA5A	8000	85
7161	FA60	8001	BD
7161	FADD	8000	86
7161	FAE2	8001	18
7161	FAE9	8000	87
7161	FAEE	8001	19
7161	FAF8	8000	86
7161	FAFE	8001	08
7161	FB05	8000	87
7161	FB0B	8001	09
7161	FDA9	8000	86
7161	FDB1	8001	06
7161	FDBA	8000	87
7161	FDC2	8001	07
7161	FDA9	8000	86
7161	FDB1	8001	22
7161	FDBA	8000	87
7161	FDC2	8001	23
7161	FDA9	8000	86
7161	FDB1	8001	08
7161	FDBA	8000	87
7161	FDC2	8001	09
7161	FDA9	8000	86
7161	FDB1	8001	08
7161	FDBA	8000	87
7161	FDC2	8001	09
7161	FDA9	8000	86
7161	FDB1	8001	08
7161	FDBA	8000	87
7161	FDC2	8001	09
7161	FDA9	8000	86
7161	FDB1	8001	08
7161	FDBA	8000	87
7161	FDC2	8001	09
7161	FDA9	8000	86
7161	FDB1	8001	08
7161	FDBA	8000	87
7161	FDC2	8001	09
7161	FDA9	8000	86
7161	FDB1	8001	08
7161	FDBA	8000	87
7161	FDC2	8001	09
7161	FDA9	8000	86
7161	FDB1	8001	08
7161	FDBA	8000	87
7161	FDC2	8001	09
7161	FDA9	8000	86
7161	FDB1	8001	08
7161	FDBA	8000	87
7161	FDC2	8001	09
7161	FDA9	8000	86
7161	FDB1	8001	08
7161	FDBA	8000	87
7161	FDC2	8001	09
7161	FC3F	8000	86
7161	FC48	8001	06
7161	FC4F	8000	87
7161	FC58	8001	07
7161	FDA9	8000	86
7161	FDB1	8001	18
7161	FDBA	8000	87
7161	FDC2	8001	19
7161	FDA9	8000	86
7161	FDB1	8001	28
7161	FDBA	8000	87
7161	FDC2	8001	29
7161	FDA9	8000	86
7161	FDB1	8001	28
7161	FDBA	8000	87
7161	FDC2	8001	29
7161	FDA9	8000	86
7161	FDB1	8001	08
7161	FDBA	8000	87
7161	FDC2	8001	09
7161	F9B3	8000	80
7161	F9B9	8001	FC
7161	F9BE	8000	81
7161	F9C4	8001	14
7161	F9C9	8000	82
7161	F9CF	8001	A2
7161	F9D4	8000	83
7161	F9DA	8001	01
7161	F9DF	8000	84
7161	F9E5	8001	02
7161	F9EA	8000	85
7161	F9F0	8001	14
7161	F8DB	8000	87
7161	F9B3	8000	80
7161	F9B9	8001	FC
7161	F9BE	8000	81
7161	F9C4	8001	14
7161	F9C9	8000	82
7161	F9CF	8001	00
7161	F9D4	8000	83
7161	F9DA	8001	01
7161	F9DF	8000	84
7161	F9E5	8001	02
7161	F9EA	8000	85
7161	F9F0	8001	14
7161	F8DB	8000	87
7161	FDA9	8000	86
7161	FDB1	8001	08
7161	FDBA	8000	87
7161	FDC2	8001	09
7161	FDA9	8000	86
7161	FDB1	8001	08
7161	FDBA	8000	87
7161	FDC2	8001	09
7162	FA23	8000	80
7162	FA29	8001	FC
7162	FA2E	8000	81
7162	FA34	8001	E2
7162	FA39	8000	82
7162	FA3F	8001	A2
7162	FA44	8000	83
7162	FA4A	8001	35
7162	FA4F	8000	84
7162	FA55	8001	B7
7162	FA5A	8000	85
7162	FA60	8001	BD
7162	FADD	8000	86
7162	FAE2	8001	18
7162	FAE9	8000	87
7162	FAEE	8001	19
7162	FAF8	8000	86
7162	FAFE	8001	08
7162	FB05	8000	87
7162	FB0B	8001	09
7162	FDA9	8000	86
7162	FDB1	8001	06
7162	FDBA	8000	87
7162	FDC2	8001	07
7162	FDA9	8000	86
7162	FDB1	8001	22
7162	FDBA	8000	87
7162	FDC2	8001	23
7162	FDA9	8000	86
7162	FDB1	8001	08
7162	FDBA	8000	87
7162	FDC2	8001	09
7162	FDA9	8000	86
7162	FDB1	8001	08
7162	FDBA	8000	87
7162	FDC2	8001	09
7162	FDA9	8000	86
7162	FDB1	8001	08
7162	FDBA	8000	87
7162	FDC2	8001	09
7162	FDA9	8000	86
7162	FDB1	8001	08
7162	FDBA	8000	87
7162	FDC2	8001	09
7162	FDA9	8000	86
7162	FDB1	8001	08
7162	FDBA	8000	87
7162	FDC2	8001	09
7162	FDA9	8000	86
7162	FDB1	8001	08
7162	FDBA	8000	87
7162	FDC2	8001	09
7162	FDA9	8000	86
7162	FDB1	8001	08
7162	FDBA	8000	87
7162	FDC2	8001	09
7162	FDA9	8000	86
7162	FDB1	8001	08
7162	FDBA	8000	87
7162	FDC2	8001	09
7162	FDA9	8000	86
7162	FDB1	8001	08
7162	FDBA	8000	87
7162	FDC2	8001	09
7162	FC3F	8000	86
7162	FC48	8001	06
7162	FC4F	8000	87
7162	FC58	8001	07
7162	FDA9	8000	86
7162	FDB1	8001	18
7162	FDBA	8000	87
7162	FDC2	8001	19
7162	FDA9	8000	86
7162	FDB1	8001	28
7162	FDBA	8000	87
7162	FDC2	8001	29
7162	FDA9	8000	86
7162	FDB1	8001	28
7162	FDBA	8000	87
7162	FDC2	8001	29
7162	FDA9	8000	86
7162	FDB1	8001	08
7162	FDBA	8000	87
7162	FDC2	8001	09
7162	F9B3	8000	80
7162	F9B9	8001	FC
7162	F9BE	8000	81
7162	F9C4	8001	14
7162	F9C9	8000	82
7162	F9CF	8001	A2
7162	F9D4	8000	83
7162	F9DA	8001	01
7162	F9DF	8000	84
7162	F9E5	8001	02
7162	F9EA	8000	85
7162	F9F0	8001	14
7162	F8DB	8000	87
7162	F9B3	8000	80
7162	F9B9	8001	FC
7162	F9BE	8000	81
7162	F9C4	8001	14
7162	F9C9	8000	82
7162	F9CF	8001	00
7162	F9D4	8000	83
7162	F9DA	8001	01
7162	F9DF	8000	84
7162	F9E5	8001	02
7162	F9EA	8000	85
7162	F9F0	8001	14
7162	F8DB	8000	87
7162	FDA9	8000	86
7162	FDB1	8001	08
7162	FDBA	8000	87
7162	FDC2	8001	09
7162	FDA9	8000	86
7162	FDB1	8001	08
7162	FDBA	8000	87
7162	FDC2	8001	09
7163	FA23	8000	80
7163	FA29	8001	FC
7163	FA2E	8000	81
7163	FA34	8001	E2
7163	FA39	8000	82
7163	FA3F	8001	A2
7163	FA44	8000	83
7163	FA4A	8001	35
7163	FA4F	8000	84
7163	FA55	8001	B7
7163	FA5A	8000	85
7163	FA60	8001	BD
7163	FADD	8000	86
7163	FAE2	8001	18
7163	FAE9	8000	87
7163	FAEE	8001	19
7163	FAF8	8000	86
7163	FAFE	8001	08
7163	FB05	8000	87
7163	FB0B	8001	09
7163	FDA9	8000	86
7163	FDB1	8001	06
7163	FDBA	8000	87
7163	FDC2	8001	07
7163	FDA9	8000	86
7163	FDB1	8001	22
7163	FDBA	8000	87
7163	FDC2	8001	23
7163	FDA9	8000	86
7163	FDB1	8001	08
7163	FDBA	8000	87
7163	FDC2	8001	09
7163	FDA9	8000	86
7163	FDB1	8001	08
7163	FDBA	8000	87
7163	FDC2	8001	09
7163	FDA9	8000	86
7163	FDB1	8001	08
7163	FDBA	8000	87
7163	FDC2	8001	09
7163	FDA9	8000	86
7163	FDB1	8001	08
7163	FDBA	8000	87
7163	FDC2	8001	09
7163	FDA9	8000	86
7163	FDB1	8001	08
7163	FDBA	8000	87
7163	FDC2	8001	09
7163	FDA9	8000	86
7163	FDB1	8001	08
7163	FDBA	8000	87
7163	FDC2	8001	09
7163	FDA9	8000	86
7163	FDB1	8001	08
7163	FDBA	8000	87
7163	FDC2	8001	09
7163	FDA9	8000	86
7163	FDB1	8001	08
7163	FDBA	8000	87
7163	FDC2	8001	09
7163	FDA9	8000	86
7163	FDB1	8001	08
7163	FDBA	8000	87
7163	FDC2	8001	09
7163	FC3F	8000	86
7163	FC48	8001	06
7163	FC4F	8000	87
7163	FC58	8001	07
7163	FDA9	8000	86
7163	FDB1	8001	18
7163	FDBA	8000	87
7163	FDC2	8001	19
7163	FDA9	8000	86
7163	FDB1	8001	28
7163	FDBA	8000	87
7163	FDC2	8001	29
7163	FDA9	8000	86
7163	FDB1	8001	28
7163	FDBA	8000	87
7163	FDC2	8001	29
7163	FDA9	8000	86
7163	FDB1	8001	08
7163	FDBA	8000	87
7163	FDC2	8001	09
7163	F9B3	8000	80
7163	F9B9	8001	FC
7163	F9BE	8000	81
7163	F9C4	8001	14
7163	F9C9	8000	82
7163	F9CF	8001	A2
7163	F9D4	8000	83
7163	F9DA	8001	01
7163	F9DF	8000	84
7163	F9E5	8001	02
7163	F9EA	8000	85
7163	F9F0	8001	14
7163	F8DB	8000	87
7163	F9B3	8000	80
7163	F9B9	8001	FC
7163	F9BE	8000	81
7163	F9C4	8001	14
7163	F9C9	8000	82
7163	F9CF	8001	00
7163	F9D4	8000	83
7163	F9DA	8001	01
7163	F9DF	8000	84
7163	F9E5	8001	02
7163	F9EA	8000	85
7163	F9F0	8001	14
7163	F8DB	8000	87
7163	FDA9	8000	86
7163	FDB1	8001	08
7163	FDBA	8000	87
7163	FDC2	8001	09
7163	FDA9	8000	86
7163	FDB1	8001	08
7163	FDBA	8000	87
7163	FDC2	8001	09
7164	FA23	8000	80
7164	FA29	8001	FC
7164	FA2E	8000	81
7164	FA34	8001	E2
7164	FA39	8000	82
7164	FA3F	8001	A2
7164	FA44	8000	83
7164	FA4A	8001	35
7164	FA4F	8000	84
7164	FA55	8001	B7
7164	FA5A	8000	85
7164	FA60	8001	BD
7164	FADD	8000	86
7164	FAE2	8001	18
7164	FAE9	8000	87
7164	FAEE	8001	19
7164	BF0A	8000	86
7164	C8E1	8001	00
7164	C8E6	8000	87
7164	C8EB	8001	01
7164	C900	8000	86
7164	C905	8001	18
7164	C90A	8000	87
7164	C90F	8001	19
7164	BF0A	8000	86
7164	C8E1	8001	00
7164	C8E6	8000	87
7164	C8EB	8001	01
7164	C900	8000	86
7164	C905	8001	18
7164	C90A	8000	87
7164	C90F	8001	19
7164	BF0A	8000	86
7164	C8E1	8001	00
7164	C8E6	8000	87
7164	C8EB	8001	01
7164	C900	8000	86
7164	C905	8001	18
7164	C90A	8000	87
7164	C90F	8001	19
7164	FAF8	8000	86
7164	FAFE	8001	08
7164	FB05	8000	87
7164	FB0B	8001	09
7164	FDA9	8000	86
7164	FDB1	8001	06
7164	FDBA	8000	87
7164	FDC2	8001	07
7164	FDA9	8000	86
7164	FDB1	8001	22
7164	FDBA	8000	87
7164	FDC2	8001	23
7164	FDA9	8000	86
7164	FDB1	8001	08
7164	FDBA	8000	87
7164	FDC2	8001	09
7164	FDA9	8000	86
7164	FDB1	8001	08
7164	FDBA	8000	87
7164	FDC2	8001	09
7164	FDA9	8000	86
7164	FDB1	8001	08
7164	FDBA	8000	87
7164	FDC2	8001	09
7164	FDA9	8000	86
7164	FDB1	8001	08
7164	FDBA	8000	87
7164	FDC2	8001	09
7164	FDA9	8000	86
7164	FDB1	8001	08
7164	FDBA	8000	87
7164	FDC2	8001	09
7164	FDA9	8000	86
7164	FDB1	8001	08
7164	FDBA	8000	87
7164	FDC2	8001	09
7164	FDA9	8000	86
7164	FDB1	8001	08
7164	FDBA	8000	87
7164	FDC2	8001	09
7164	FDA9	8000	86
7164	FDB1	8001	08
7164	FDBA	8000	87
7164	FDC2	8001	09
7164	FDA9	8000	86
7164	FDB1	8001	08
7164	FDBA	8000	87
7164	FDC2	8001	09
7164	FC3F	8000	86
7164	FC48	8001	06
7164	FC4F	8000	87
7164	FC58	8001	07
7164	FDA9	8000	86
7164	FDB1	8001	18
7164	FDBA	8000	87
7164	FDC2	8001	19
7164	FDA9	8000	86
7164	FDB1	8001	28
7164	FDBA	8000	87
7164	FDC2	8001	29
7164	FDA9	8000	86
7164	FDB1	8001	28
7164	FDBA	8000	87
7164	FDC2	8001	29
7164	F9B3	8000	80
7164	F9B9	8001	FC
7164	F9BE	8000	81
7164	F9C4	8001	14
7164	F9C9	8000	82
7164	F9CF	8001	A2
7164	F9D4	8000	83
7164	F9DA	8001	01
7164	F9DF	8000	84
7164	F9E5	8001	02
7164	F9EA	8000	85
7164	F9F0	8001	14
7164	F8DB	8000	87
7164	F9B3	8000	80
7164	F9B9	8001	FC
7164	F9BE	8000	81
7164	F9C4	8001	14
7164	F9C9	8000	82
7164	F9CF	8001	00
7164	F9D4	8000	83
7164	F9DA	8001	01
7164	F9DF	8000	84
7164	F9E5	8001	02
7164	F9EA	8000	85
7164	F9F0	8001	14
7164	F8DB	8000	87
7164	FDA9	8000	86
7164	FDB1	8001	08
7164	FDBA	8000	87
7164	FDC2	8001	09
7164	FDA9	8000	86
7164	FDB1	8001	08
7164	FDBA	8000	87
7164	FDC2	8001	09
7164	FDA9	8000	86
7164	FDB1	8001	08
7164	FDBA	8000	87
7164	FDC2	8001	09
7165	FA23	8000	80
7165	FA29	8001	FC
7165	FA2E	8000	81
7165	FA34	8001	E2
7165	FA39	8000	82
7165	FA3F	8001	A2
7165	FA44	8000	83
7165	FA4A	8001	35
7165	FA4F	8000	84
7165	FA55	8001	B7
7165	FA5A	8000	85
7165	FA60	8001	BD
7165	FADD	8000	86
7165	FAE2	8001	18
7165	FAE9	8000	87
7165	FAEE	8001	19
7165	FAF8	8000	86
7165	FAFE	8001	08
7165	FB05	8000	87
7165	FB0B	8001	09
7165	FDA9	8000	86
7165	FDB1	8001	06
7165	FDBA	8000	87
7165	FDC2	8001	07
7165	FDA9	8000	86
7165	FDB1	8001	22
7165	FDBA	8000	87
7165	FDC2	8001	23
7165	FDA9	8000	86
7165	FDB1	8001	08
7165	FDBA	8000	87
7165	FDC2	8001	09
7165	FDA9	8000	86
7165	FDB1	8001	08
7165	FDBA	8000	87
7165	FDC2	8001	09
7165	FDA9	8000	86
7165	FDB1	8001	08
7165	FDBA	8000	87
7165	FDC2	8001	09
7165	FDA9	8000	86
7165	FDB1	8001	08
7165	FDBA	8000	87
7165	FDC2	8001	09
7165	FDA9	8000	86
7165	FDB1	8001	08
7165	FDBA	8000	87
7165	FDC2	8001	09
7165	FDA9	8000	86
7165	FDB1	8001	08
7165	FDBA	8000	87
7165	FDC2	8001	09
7165	FDA9	8000	86
7165	FDB1	8001	08
7165	FDBA	8000	87
7165	FDC2	8001	09
7165	FDA9	8000	86
7165	FDB1	8001	08
7165	FDBA	8000	87
7165	FDC2	8001	09
7165	FDA9	8000	86
7165	FDB1	8001	08
7165	FDBA	8000	87
7165	FDC2	8001	09
7165	FC3F	8000	86
7165	FC48	8001	06
7165	FC4F	8000	87
7165	FC58	8001	07
7165	FDA9	8000	86
7165	FDB1	8001	18
7165	FDBA	8000	87
7165	FDC2	8001	19
7165	FDA9	8000	86
7165	FDB1	8001	28
7165	FDBA	8000	87
7165	FDC2	8001	29
7165	FDA9	8000	86
7165	FDB1	8001	28
7165	FDBA	8000	87
7165	FDC2	8001	29
7165	FDA9	8000	86
7165	FDB1	8001	08
7165	FDBA	8000	87
7165	FDC2	8001	09
7165	F9B3	8000	80
7165	F9B9	8001	FC
7165	F9BE	8000	81
7165	F9C4	8001	14
7165	F9C9	8000	82
7165	F9CF	8001	A2
7165	F9D4	8000	83
7165	F9DA	8001	01
7165	F9DF	8000	84
7165	F9E5	8001	02
7165	F9EA	8000	85
7165	F9F0	8001	14
7165	F8DB	8000	87
7165	FDA9	8000	86
7165	FDB1	8001	08
7165	FDBA	8000	87
7165	FDC2	8001	09
7165	F9B3	8000	80
7165	F9B9	8001	FC
7165	F9BE	8000	81
7165	F9C4	8001	14
7165	F9C9	8000	82
7165	F9CF	8001	00
7165	F9D4	8000	83
7165	F9DA	8001	01
7165	F9DF	8000	84
7165	F9E5	8001	02
7165	F9EA	8000	85
7165	F9F0	8001	14
7165	F8DB	8000	87
7165	FDA9	8000	86
7165	FDB1	8001	08
7165	FDBA	8000	87
7165	FDC2	8001	09
7166	FA23	8000	80
7166	FA29	8001	FC
7166	FA2E	8000	81
7166	FA34	8001	E2
7166	FA39	8000	82
7166	FA3F	8001	A2
7166	FA44	8000	83
7166	FA4A	8001	35
7166	FA4F	8000	84
7166	FA55	8001	B7
7166	FA5A	8000	85
7166	FA60	8001	BD
7166	FADD	8000	86
7166	FAE2	8001	18
7166	FAE9	8000	87
7166	FAEE	8001	19
7166	FAF8	8000	86
7166	FAFE	8001	08
7166	FB05	8000	87
7166	FB0B	8001	09
7166	FDA9	8000	86
7166	FDB1	8001	06
7166	FDBA	8000	87
7166	FDC2	8001	07
7166	FDA9	8000	86
7166	FDB1	8001	22
7166	FDBA	8000	87
7166	FDC2	8001	23
7166	FDA9	8000	86
7166	FDB1	8001	08
7166	FDBA	8000	87
7166	FDC2	8001	09
7166	FDA9	8000	86
7166	FDB1	8001	08
7166	FDBA	8000	87
7166	FDC2	8001	09
7166	FDA9	8000	86
7166	FDB1	8001	08
7166	FDBA	8000	87
7166	FDC2	8001	09
7166	FDA9	8000	86
7166	FDB1	8001	08
7166	FDBA	8000	87
7166	FDC2	8001	09
7166	FDA9	8000	86
7166	FDB1	8001	08
7166	FDBA	8000	87
7166	FDC2	8001	09
7166	FDA9	8000	86
7166	FDB1	8001	08
7166	FDBA	8000	87
7166	FDC2	8001	09
7166	FDA9	8000	86
7166	FDB1	8001	08
7166	FDBA	8000	87
7166	FDC2	8001	09
7166	FDA9	8000	86
7166	FDB1	8001	08
7166	FDBA	8000	87
7166	FDC2	8001	09
7166	FDA9	8000	86
7166	FDB1	8001	08
7166	FDBA	8000	87
7166	FDC2	8001	09
7166	FC3F	8000	86
7166	FC48	8001	06
7166	FC4F	8000	87
7166	FC58	8001	07
7166	FDA9	8000	86
7166	FDB1	8001	18
7166	FDBA	8000	87
7166	FDC2	8001	19
7166	FDA9	8000	86
7166	FDB1	8001	28
7166	FDBA	8000	87
7166	FDC2	8001	29
7166	FDA9	8000	86
7166	FDB1	8001	28
7166	FDBA	8000	87
7166	FDC2	8001	29
7166	FDA9	8000	86
7166	FDB1	8001	08
7166	FDBA	8000	87
7166	FDC2	8001	09
7166	FDA9	8000	86
7166	F9B3	8000	80
7166	F9B9	8001	FC
7166	F9BE	8000	81
7166	F9C4	8001	14
7166	F9C9	8000	82
7166	F9CF	8001	A2
7166	F9D4	8000	83
7166	F9DA	8001	01
7166	F9DF	8000	84
7166	F9E5	8001	02
7166	F9EA	8000	85
7166	F9F0	8001	14
7166	F8DB	8000	86
7166	FDB1	8001	08
7166	FDBA	8000	87
7166	FDC2	8001	09
7166	F9B3	8000	80
7166	F9B9	8001	FC
7166	F9BE	8000	81
7166	F9C4	8001	14
7166	F9C9	8000	82
7166	F9CF	8001	00
7166	F9D4	8000	83
7166	F9DA	8001	01
7166	F9DF	8000	84
7166	F9E5	8001	02
7166	F9EA	8000	85
7166	F9F0	8001	14
7166	F8DB	8000	87
7166	FDA9	8000	86
7166	FDB1	8001	08
7166	FDBA	8000	87
7166	FDC2	8001	09
7167	FA23	8000	80
7167	FA29	8001	FC
7167	FA2E	8000	81
7167	FA34	8001	E2
7167	FA39	8000	82
7167	FA3F	8001	A2
7167	FA44	8000	83
7167	FA4A	8001	35
7167	FA4F	8000	84
7167	FA55	8001	B7
7167	FA5A	8000	85
7167	FA60	8001	BD
7167	FADD	8000	86
7167	FAE2	8001	18
7167	FAE9	8000	87
7167	FAEE	8001	19
7167	FAF8	8000	86
7167	FAFE	8001	08
7167	FB05	8000	87
7167	FB0B	8001	09
7167	FDA9	8000	86
7167	FDB1	8001	06
7167	FDBA	8000	87
7167	FDC2	8001	07
7167	FDA9	8000	86
7167	FDB1	8001	22
7167	FDBA	8000	87
7167	FDC2	8001	23
7167	FDA9	8000	86
7167	FDB1	8001	08
7167	FDBA	8000	87
7167	FDC2	8001	09
7167	FDA9	8000	86
7167	FDB1	8001	08
7167	FDBA	8000	87
7167	FDC2	8001	09
7167	FDA9	8000	86
7167	FDB1	8001	08
7167	FDBA	8000	87
7167	FDC2	8001	09
7167	FDA9	8000	86
7167	FDB1	8001	08
7167	FDBA	8000	87
7167	FDC2	8001	09
7167	FDA9	8000	86
7167	FDB1	8001	08
7167	FDBA	8000	87
7167	FDC2	8001	09
7167	FDA9	8000	86
7167	FDB1	8001	08
7167	FDBA	8000	87
7167	FDC2	8001	09
7167	FDA9	8000	86
7167	FDB1	8001	08
7167	FDBA	8000	87
7167	FDC2	8001	09
7167	FDA9	8000	86
7167	FDB1	8001	08
7167	FDBA	8000	87
7167	FDC2	8001	09
7167	FDA9	8000	86
7167	FDB1	8001	08
7167	FDBA	8000	87
7167	FDC2	8001	09
7167	FC3F	8000	86
7167	FC48	8001	06
7167	FC4F	8000	87
7167	FC58	8001	07
7167	FDA9	8000	86
7167	FDB1	8001	18
7167	FDBA	8000	87
7167	FDC2	8001	19
7167	FDA9	8000	86
7167	FDB1	8001	28
7167	FDBA	8000	87
7167	FDC2	8001	29
7167	FDA9	8000	86
7167	FDB1	8001	28
7167	FDBA	8000	87
7167	FDC2	8001	29
7167	FDA9	8000	86
7167	FDB1	8001	08
7167	FDBA	8000	87
7167	FDC2	8001	09
7167	F9B3	8000	80
7167	F9B9	8001	FC
7167	F9BE	8000	81
7167	F9C4	8001	14
7167	F9C9	8000	82
7167	F9CF	8001	A2
7167	F9D4	8000	83
7167	F9DA	8001	01
7167	F9DF	8000	84
7167	F9E5	8001	02
7167	F9EA	8000	85
7167	F9F0	8001	14
7167	F8DB	8000	87
7167	F9B3	8000	80
7167	F9B9	8001	FC
7167	F9BE	8000	81
7167	F9C4	8001	14
7167	F9C9	8000	82
7167	F9CF	8001	00
7167	F9D4	8000	83
7167	F9DA	8001	01
7167	F9DF	8000	84
7167	F9E5	8001	02
7167	F9EA	8000	85
7167	F9F0	8001	14
7167	F8DB	8000	87
7167	FDA9	8000	86
7167	FDB1	8001	08
7167	FDBA	8000	87
7167	FDC2	8001	09
7167	FDA9	8000	86
7167	FDB1	8001	08
7167	FDBA	8000	87
7167	FDC2	8001	09
7168	FA23	8000	80
7168	FA29	8001	FC
7168	FA2E	8000	81
7168	FA34	8001	E2
7168	FA39	8000	82
7168	FA3F	8001	A2
7168	FA44	8000	83
7168	FA4A	8001	35
7168	FA4F	8000	84
7168	FA55	8001	B7
7168	FA5A	8000	85
7168	FA60	8001	BD
7168	FADD	8000	86
7168	FAE2	8001	18
7168	FAE9	8000	87
7168	FAEE	8001	19
7168	FAF8	8000	86
7168	FAFE	8001	08
7168	FB05	8000	87
7168	FB0B	8001	09
7168	FDA9	8000	86
7168	FDB1	8001	06
7168	FDBA	8000	87
7168	FDC2	8001	07
7168	FDA9	8000	86
7168	FDB1	8001	22
7168	FDBA	8000	87
7168	FDC2	8001	23
7168	FDA9	8000	86
7168	FDB1	8001	08
7168	FDBA	8000	87
7168	FDC2	8001	09
7168	FDA9	8000	86
7168	FDB1	8001	08
7168	FDBA	8000	87
7168	FDC2	8001	09
7168	FDA9	8000	86
7168	FDB1	8001	08
7168	FDBA	8000	87
7168	FDC2	8001	09
7168	FDA9	8000	86
7168	FDB1	8001	08
7168	FDBA	8000	87
7168	FDC2	8001	09
7168	FDA9	8000	86
7168	FDB1	8001	08
7168	FDBA	8000	87
7168	FDC2	8001	09
7168	FDA9	8000	86
7168	FDB1	8001	08
7168	FDBA	8000	87
7168	FDC2	8001	09
7168	FDA9	8000	86
7168	FDB1	8001	08
7168	FDBA	8000	87
7168	FDC2	8001	09
7168	FDA9	8000	86
7168	FDB1	8001	08
7168	FDBA	8000	87
7168	FDC2	8001	09
7168	FDA9	8000	86
7168	FDB1	8001	08
7168	FDBA	8000	87
7168	FDC2	8001	09
7168	FC3F	8000	86
7168	FC48	8001	06
7168	FC4F	8000	87
7168	FC58	8001	07
7168	FDA9	8000	86
7168	FDB1	8001	18
7168	FDBA	8000	87
7168	FDC2	8001	19
7168	FDA9	8000	86
7168	FDB1	8001	28
7168	FDBA	8000	87
7168	FDC2	8001	29
7168	FDA9	8000	86
7168	FDB1	8001	28
7168	FDBA	8000	87
7168	FDC2	8001	29
7168	FDA9	8000	86
7168	FDB1	8001	08
7168	FDBA	8000	87
7168	FDC2	8001	09
7168	F9B3	8000	80
7168	F9B9	8001	FC
7168	F9BE	8000	81
7168	F9C4	8001	14
7168	F9C9	8000	82
7168	F9CF	8001	A2
7168	F9D4	8000	83
7168	F9DA	8001	01
7168	F9DF	8000	84
7168	F9E5	8001	02
7168	F9EA	8000	85
7168	F9F0	8001	14
7168	F8DB	8000	87
7168	F9B3	8000	80
7168	F9B9	8001	FC
7168	F9BE	8000	81
7168	F9C4	8001	14
7168	F9C9	8000	82
7168	F9CF	8001	00
7168	F9D4	8000	83
7168	F9DA	8001	01
7168	F9DF	8000	84
7168	F9E5	8001	02
7168	F9EA	8000	85
7168	F9F0	8001	14
7168	F8DB	8000	87
7168	FDA9	8000	86
7168	FDB1	8001	08
7168	FDBA	8000	87
7168	FDC2	8001	09
7168	FDA9	8000	86
7168	FDB1	8001	08
7168	FDBA	8000	87
7168	FDC2	8001	09
7169	FA23	8000	80
7169	FA29	8001	FC
7169	FA2E	8000	81
7169	FA34	8001	E2
7169	FA39	8000	82
7169	FA3F	8001	A2
7169	FA44	8000	83
7169	FA4A	8001	35
7169	FA4F	8000	84
7169	FA55	8001	B7
7169	FA5A	8000	85
7169	FA60	8001	BD
7169	FADD	8000	86
7169	FAE2	8001	18
7169	FAE9	8000	87
7169	FAEE	8001	19
7169	FAF8	8000	86
7169	FAFE	8001	08
7169	FB05	8000	87
7169	FB0B	8001	09
7169	FDA9	8000	86
7169	FDB1	8001	06
7169	FDBA	8000	87
7169	FDC2	8001	07
7169	FDA9	8000	86
7169	FDB1	8001	22
7169	FDBA	8000	87
7169	FDC2	8001	23
7169	FDA9	8000	86
7169	FDB1	8001	08
7169	FDBA	8000	87
7169	FDC2	8001	09
7169	FDA9	8000	86
7169	FDB1	8001	08
7169	FDBA	8000	87
7169	FDC2	8001	09
7169	FDA9	8000	86
7169	FDB1	8001	08
7169	FDBA	8000	87
7169	FDC2	8001	09
7169	FDA9	8000	86
7169	FDB1	8001	08
7169	FDBA	8000	87
7169	FDC2	8001	09
7169	FDA9	8000	86
7169	FDB1	8001	08
7169	FDBA	8000	87
7169	FDC2	8001	09
7169	FDA9	8000	86
7169	FDB1	8001	08
7169	FDBA	8000	87
7169	FDC2	8001	09
7169	FDA9	8000	86
7169	FDB1	8001	08
7169	FDBA	8000	87
7169	FDC2	8001	09
7169	FDA9	8000	86
7169	FDB1	8001	08
7169	FDBA	8000	87
7169	FDC2	8001	09
7169	FDA9	8000	86
7169	FDB1	8001	08
7169	FDBA	8000	87
7169	FDC2	8001	09
7169	FC3F	8000	86
7169	FC48	8001	06
7169	FC4F	8000	87
7169	FC58	8001	07
7169	FDA9	8000	86
7169	FDB1	8001	18
7169	FDBA	8000	87
7169	FDC2	8001	19
7169	FDA9	8000	86
7169	FDB1	8001	28
7169	FDBA	8000	87
7169	FDC2	8001	29
7169	FDA9	8000	86
7169	FDB1	8001	28
7169	FDBA	8000	87
7169	FDC2	8001	29
7169	FDA9	8000	86
7169	FDB1	8001	08
7169	FDBA	8000	87
7169	FDC2	8001	09
7169	F9B3	8000	80
7169	F9B9	8001	FC
7169	F9BE	8000	81
7169	F9C4	8001	14
7169	F9C9	8000	82
7169	F9CF	8001	A2
7169	F9D4	8000	83
7169	F9DA	8001	01
7169	F9DF	8000	84
7169	F9E5	8001	02
7169	F9EA	8000	85
7169	F9F0	8001	14
7169	F8DB	8000	87
7169	F9B3	8000	80
7169	F9B9	8001	FC
7169	F9BE	8000	81
7169	F9C4	8001	14
7169	F9C9	8000	82
7169	F9CF	8001	00
7169	F9D4	8000	83
7169	F9DA	8001	01
7169	F9DF	8000	84
7169	F9E5	8001	02
7169	F9EA	8000	85
7169	F9F0	8001	14
7169	F8DB	8000	87
7169	FDA9	8000	86
7169	FDB1	8001	08
7169	FDBA	8000	87
7169	FDC2	8001	09
7169	FDA9	8000	86
7169	FDB1	8001	08
7169	FDBA	8000	87
7169	FDC2	8001	09
7170	FA23	8000	80
7170	FA29	8001	FC
7170	FA2E	8000	81
7170	FA34	8001	E2
7170	FA39	8000	82
7170	FA3F	8001	A2
7170	FA44	8000	83
7170	FA4A	8001	35
7170	FA4F	8000	84
7170	FA55	8001	B7
7170	FA5A	8000	85
7170	FA60	8001	BD
7170	FADD	8000	86
7170	FAE2	8001	18
7170	FAE9	8000	87
7170	FAEE	8001	19
7170	FAF8	8000	86
7170	FAFE	8001	08
7170	FB05	8000	87
7170	FB0B	8001	09
7170	FDA9	8000	86
7170	FDB1	8001	06
7170	FDBA	8000	87
7170	FDC2	8001	07
7170	FDA9	8000	86
7170	FDB1	8001	22
7170	FDBA	8000	87
7170	FDC2	8001	23
7170	FDA9	8000	86
7170	FDB1	8001	08
7170	FDBA	8000	87
7170	FDC2	8001	09
7170	FDA9	8000	86
7170	FDB1	8001	08
7170	FDBA	8000	87
7170	FDC2	8001	09
7170	FDA9	8000	86
7170	FDB1	8001	08
7170	FDBA	8000	87
7170	FDC2	8001	09
7170	FDA9	8000	86
7170	FDB1	8001	08
7170	FDBA	8000	87
7170	FDC2	8001	09
7170	FDA9	8000	86
7170	FDB1	8001	08
7170	FDBA	8000	87
7170	FDC2	8001	09
7170	FDA9	8000	86
7170	FDB1	8001	08
7170	FDBA	8000	87
7170	FDC2	8001	09
7170	FDA9	8000	86
7170	FDB1	8001	08
7170	FDBA	8000	87
7170	FDC2	8001	09
7170	FDA9	8000	86
7170	FDB1	8001	08
7170	FDBA	8000	87
7170	FDC2	8001	09
7170	FDA9	8000	86
7170	FDB1	8001	08
7170	FDBA	8000	87
7170	FDC2	8001	09
7170	FC3F	8000	86
7170	FC48	8001	06
7170	FC4F	8000	87
7170	FC58	8001	07
7170	FDA9	8000	86
7170	FDB1	8001	18
7170	FDBA	8000	87
7170	FDC2	8001	19
7170	FDA9	8000	86
7170	FDB1	8001	28
7170	FDBA	8000	87
7170	FDC2	8001	29
7170	FDA9	8000	86
7170	FDB1	8001	28
7170	FDBA	8000	87
7170	FDC2	8001	29
7170	FDA9	8000	86
7170	FDB1	8001	08
7170	FDBA	8000	87
7170	FDC2	8001	09
7170	F9B3	8000	80
7170	F9B9	8001	FC
7170	F9BE	8000	81
7170	F9C4	8001	14
7170	F9C9	8000	82
7170	F9CF	8001	A2
7170	F9D4	8000	83
7170	F9DA	8001	01
7170	F9DF	8000	84
7170	F9E5	8001	02
7170	F9EA	8000	85
7170	F9F0	8001	14
7170	F8DB	8000	87
7170	F9B3	8000	80
7170	F9B9	8001	FC
7170	F9BE	8000	81
7170	F9C4	8001	14
7170	F9C9	8000	82
7170	F9CF	8001	00
7170	F9D4	8000	83
7170	F9DA	8001	01
7170	F9DF	8000	84
7170	F9E5	8001	02
7170	F9EA	8000	85
7170	F9F0	8001	14
7170	F8DB	8000	87
7170	FDA9	8000	86
7170	FDB1	8001	08
7170	FDBA	8000	87
7170	FDC2	8001	09
7170	FDA9	8000	86
7170	FDB1	8001	08
7170	FDBA	8000	87
7170	FDC2	8001	09
7171	FA23	8000	80
7171	FA29	8001	FC
7171	FA2E	8000	81
7171	FA34	8001	E2
7171	FA39	8000	82
7171	FA3F	8001	A2
7171	FA44	8000	83
7171	FA4A	8001	35
7171	FA4F	8000	84
7171	FA55	8001	B7
7171	FA5A	8000	85
7171	FA60	8001	BD
7171	FADD	8000	86
7171	FAE2	8001	18
7171	FAE9	8000	87
7171	FAEE	8001	19
7171	FAF8	8000	86
7171	FAFE	8001	08
7171	FB05	8000	87
7171	FB0B	8001	09
7171	FDA9	8000	86
7171	FDB1	8001	06
7171	FDBA	8000	87
7171	FDC2	8001	07
7171	FDA9	8000	86
7171	FDB1	8001	22
7171	FDBA	8000	87
7171	FDC2	8001	23
7171	FDA9	8000	86
7171	FDB1	8001	08
7171	FDBA	8000	87
7171	FDC2	8001	09
7171	FDA9	8000	86
7171	FDB1	8001	08
7171	FDBA	8000	87
7171	FDC2	8001	09
7171	FDA9	8000	86
7171	FDB1	8001	08
7171	FDBA	8000	87
7171	FDC2	8001	09
7171	FDA9	8000	86
7171	FDB1	8001	08
7171	FDBA	8000	87
7171	FDC2	8001	09
7171	FDA9	8000	86
7171	FDB1	8001	08
7171	FDBA	8000	87
7171	FDC2	8001	09
7171	FDA9	8000	86
7171	FDB1	8001	08
7171	FDBA	8000	87
7171	FDC2	8001	09
7171	FDA9	8000	86
7171	FDB1	8001	08
7171	FDBA	8000	87
7171	FDC2	8001	09
7171	FDA9	8000	86
7171	FDB1	8001	08
7171	FDBA	8000	87
7171	FDC2	8001	09
7171	FDA9	8000	86
7171	FDB1	8001	08
7171	FDBA	8000	87
7171	FDC2	8001	09
7171	FC3F	8000	86
7171	FC48	8001	06
7171	FC4F	8000	87
7171	FC58	8001	07
7171	FDA9	8000	86
7171	FDB1	8001	18
7171	FDBA	8000	87
7171	FDC2	8001	19
7171	FDA9	8000	86
7171	FDB1	8001	28
7171	FDBA	8000	87
7171	FDC2	8001	29
7171	FDA9	8000	86
7171	FDB1	8001	28
7171	FDBA	8000	87
7171	FDC2	8001	29
7171	FDA9	8000	86
7171	FDB1	8001	08
7171	FDBA	8000	87
7171	FDC2	8001	09
7171	F9B3	8000	80
7171	F9B9	8001	FC
7171	F9BE	8000	81
7171	F9C4	8001	14
7171	F9C9	8000	82
7171	F9CF	8001	A2
7171	F9D4	8000	83
7171	F9DA	8001	01
7171	F9DF	8000	84
7171	F9E5	8001	02
7171	F9EA	8000	85
7171	F9F0	8001	14
7171	F8DB	8000	87
7171	FDA9	8000	86
7171	FDB1	8001	08
7171	FDBA	8000	87
7171	FDC2	8001	09
7171	F9B3	8000	80
7171	F9B9	8001	FC
7171	F9BE	8000	81
7171	F9C4	8001	14
7171	F9C9	8000	82
7171	F9CF	8001	00
7171	F9D4	8000	83
7171	F9DA	8001	01
7171	F9DF	8000	84
7171	F9E5	8001	02
7171	F9EA	8000	85
7171	F9F0	8001	14
7171	F8DB	8000	87
7171	FDA9	8000	86
7171	FDB1	8001	08
7171	FDBA	8000	87
7171	FDC2	8001	09
7172	FA23	8000	80
7172	FA29	8001	FC
7172	FA2E	8000	81
7172	FA34	8001	E2
7172	FA39	8000	82
7172	FA3F	8001	A2
7172	FA44	8000	83
7172	FA4A	8001	35
7172	FA4F	8000	84
7172	FA55	8001	B7
7172	FA5A	8000	85
7172	FA60	8001	BD
7172	FADD	8000	86
7172	FAE2	8001	18
7172	FAE9	8000	87
7172	FAEE	8001	19
7172	FAF8	8000	86
7172	FAFE	8001	08
7172	FB05	8000	87
7172	FB0B	8001	09
7172	FDA9	8000	86
7172	FDB1	8001	06
7172	FDBA	8000	87
7172	FDC2	8001	07
7172	FDA9	8000	86
7172	FDB1	8001	22
7172	FDBA	8000	87
7172	FDC2	8001	23
7172	FDA9	8000	86
7172	FDB1	8001	08
7172	FDBA	8000	87
7172	FDC2	8001	09
7172	FDA9	8000	86
7172	FDB1	8001	08
7172	FDBA	8000	87
7172	FDC2	8001	09
7172	FDA9	8000	86
7172	FDB1	8001	08
7172	FDBA	8000	87
7172	FDC2	8001	09
7172	FDA9	8000	86
7172	FDB1	8001	08
7172	FDBA	8000	87
7172	FDC2	8001	09
7172	FDA9	8000	86
7172	FDB1	8001	08
7172	FDBA	8000	87
7172	FDC2	8001	09
7172	FDA9	8000	86
7172	FDB1	8001	08
7172	FDBA	8000	87
7172	FDC2	8001	09
7172	FDA9	8000	86
7172	FDB1	8001	08
7172	FDBA	8000	87
7172	FDC2	8001	09
7172	FDA9	8000	86
7172	FDB1	8001	08
7172	FDBA	8000	87
7172	FDC2	8001	09
7172	FDA9	8000	86
7172	FDB1	8001	08
7172	FDBA	8000	87
7172	FDC2	8001	09
7172	FC3F	8000	86
7172	FC48	8001	06
7172	FC4F	8000	87
7172	FC58	8001	07
7172	FDA9	8000	86
7172	FDB1	8001	18
7172	FDBA	8000	87
7172	FDC2	8001	19
7172	FDA9	8000	86
7172	FDB1	8001	28
7172	FDBA	8000	87
7172	FDC2	8001	29
7172	FDA9	8000	86
7172	FDB1	8001	28
7172	FDBA	8000	87
7172	FDC2	8001	29
7172	FDA9	8000	86
7172	FDB1	8001	08
7172	FDBA	8000	87
7172	FDC2	8001	09
7172	F9B3	8000	80
7172	F9B9	8001	FC
7172	F9BE	8000	81
7172	F9C4	8001	14
7172	F9C9	8000	82
7172	F9CF	8001	A2
7172	F9D4	8000	83
7172	F9DA	8001	01
7172	F9DF	8000	84
7172	F9E5	8001	02
7172	F9EA	8000	85
7172	F9F0	8001	14
7172	F8DB	8000	87
7172	FDA9	8000	86
7172	FDB1	8001	08
7172	FDBA	8000	87
7172	FDC2	8001	09
7172	F9B3	8000	80
7172	F9B9	8001	FC
7172	F9BE	8000	81
7172	F9C4	8001	14
7172	F9C9	8000	82
7172	F9CF	8001	00
7172	F9D4	8000	83
7172	F9DA	8001	01
7172	F9DF	8000	84
7172	F9E5	8001	02
7172	F9EA	8000	85
7172	F9F0	8001	14
7172	F8DB	8000	87
7172	FDA9	8000	86
7172	FDB1	8001	08
7172	FDBA	8000	87
7172	FDC2	8001	09
7173	FA23	8000	80
7173	FA29	8001	FC
7173	FA2E	8000	81
7173	FA34	8001	E2
7173	FA39	8000	82
7173	FA3F	8001	A2
7173	FA44	8000	83
7173	FA4A	8001	35
7173	FA4F	8000	84
7173	FA55	8001	B7
7173	FA5A	8000	85
7173	FA60	8001	BD
7173	FADD	8000	86
7173	FAE2	8001	18
7173	FAE9	8000	87
7173	FAEE	8001	19
7173	FAF8	8000	86
7173	FAFE	8001	08
7173	FB05	8000	87
7173	FB0B	8001	09
7173	FDA9	8000	86
7173	FDB1	8001	06
7173	FDBA	8000	87
7173	FDC2	8001	07
7173	FDA9	8000	86
7173	FDB1	8001	22
7173	FDBA	8000	87
7173	FDC2	8001	23
7173	FDA9	8000	86
7173	FDB1	8001	08
7173	FDBA	8000	87
7173	FDC2	8001	09
7173	FDA9	8000	86
7173	FDB1	8001	08
7173	FDBA	8000	87
7173	FDC2	8001	09
7173	FDA9	8000	86
7173	FDB1	8001	08
7173	FDBA	8000	87
7173	FDC2	8001	09
7173	FDA9	8000	86
7173	FDB1	8001	08
7173	FDBA	8000	87
7173	FDC2	8001	09
7173	FDA9	8000	86
7173	FDB1	8001	08
7173	FDBA	8000	87
7173	FDC2	8001	09
7173	FDA9	8000	86
7173	FDB1	8001	08
7173	FDBA	8000	87
7173	FDC2	8001	09
7173	FDA9	8000	86
7173	FDB1	8001	08
7173	FDBA	8000	87
7173	FDC2	8001	09
7173	FC3F	8000	86
7173	FC48	8001	06
7173	FC4F	8000	87
7173	FC58	8001	07
7173	FDA9	8000	86
7173	FDB1	8001	18
7173	FDBA	8000	87
7173	FDC2	8001	19
7173	FDA9	8000	86
7173	FDB1	8001	28
7173	FDBA	8000	87
7173	FDC2	8001	29
7173	FDA9	8000	86
7173	FDB1	8001	28
7173	FDBA	8000	87
7173	FDC2	8001	29
7173	FDA9	8000	86
7173	FDB1	8001	08
7173	FDBA	8000	87
7173	FDC2	8001	09
7173	FDA9	8000	86
7173	FDB1	8001	08
7173	FDBA	8000	87
7173	FDC2	8001	09
7173	F9B3	8000	80
7173	F9B9	8001	FC
7173	F9BE	8000	81
7173	F9C4	8001	14
7173	F9C9	8000	82
7173	F9CF	8001	A2
7173	F9D4	8000	83
7173	F9DA	8001	01
7173	F9DF	8000	84
7173	F9E5	8001	02
7173	F9EA	8000	85
7173	F9F0	8001	14
7173	F8DB	8000	87
7173	F9B3	8000	80
7173	F9B9	8001	FC
7173	F9BE	8000	81
7173	F9C4	8001	14
7173	F9C9	8000	82
7173	F9CF	8001	00
7173	F9D4	8000	83
7173	F9DA	8001	01
7173	F9DF	8000	84
7173	F9E5	8001	02
7173	F9EA	8000	85
7173	F9F0	8001	14
7173	F8DB	8000	87
7174	FA23	8000	80
7174	FA29	8001	FC
7174	FA2E	8000	81
7174	FA34	8001	E2
7174	FA39	8000	82
7174	FA3F	8001	A2
7174	FA44	8000	83
7174	FA4A	8001	35
7174	FA4F	8000	84
7174	FA55	8001	B7
7174	FA5A	8000	85
7174	FA60	8001	BD
7174	FADD	8000	86
7174	FAE2	8001	18
7174	FAE9	8000	87
7174	FAEE	8001	19
7174	BF0A	8000	86
7174	C8E1	8001	00
7174	C8E6	8000	87
7174	C8EB	8001	01
7174	C900	8000	86
7174	C905	8001	18
7174	C90A	8000	87
7174	C90F	8001	19
7174	BF0A	8000	86
7174	C8E1	8001	00
7174	C8E6	8000	87
7174	C8EB	8001	01
7174	C900	8000	86
7174	C905	8001	18
7174	C90A	8000	87
7174	C90F	8001	19
7174	FAF8	8000	86
7174	FAFE	8001	08
7174	FB05	8000	87
7174	FB0B	8001	09
7174	FDA9	8000	86
7174	FDB1	8001	06
7174	FDBA	8000	87
7174	FDC2	8001	07
7174	FDA9	8000	86
7174	FDB1	8001	22
7174	FDBA	8000	87
7174	FDC2	8001	23
7174	FDA9	8000	86
7174	FDB1	8001	08
7174	FDBA	8000	87
7174	FDC2	8001	09
7174	FDA9	8000	86
7174	FDB1	8001	08
7174	FDBA	8000	87
7174	FDC2	8001	09
7174	FDA9	8000	86
7174	FDB1	8001	08
7174	FDBA	8000	87
7174	FDC2	8001	09
7174	FDA9	8000	86
7174	FDB1	8001	08
7174	FDBA	8000	87
7174	FDC2	8001	09
7174	FDA9	8000	86
7174	FDB1	8001	08
7174	FDBA	8000	87
7174	FDC2	8001	09
7174	FDA9	8000	86
7174	FDB1	8001	08
7174	FDBA	8000	87
7174	FDC2	8001	09
7174	FC3F	8000	86
7174	FC48	8001	06
7174	FC4F	8000	87
7174	FC58	8001	07
7174	FDA9	8000	86
7174	FDB1	8001	18
7174	FDBA	8000	87
7174	FDC2	8001	19
7174	FDA9	8000	86
7174	FDB1	8001	28
7174	FDBA	8000	87
7174	FDC2	8001	29
7174	FDA9	8000	86
7174	FDB1	8001	28
7174	FDBA	8000	87
7174	FDC2	8001	29
7174	FDA9	8000	86
7174	FDB1	8001	08
7174	FDBA	8000	87
7174	FDC2	8001	09
7174	F9B3	8000	80
7174	F9B9	8001	FC
7174	F9BE	8000	81
7174	F9C4	8001	14
7174	F9C9	8000	82
7174	F9CF	8001	A2
7174	F9D4	8000	83
7174	F9DA	8001	01
7174	F9DF	8000	84
7174	F9E5	8001	02
7174	F9EA	8000	85
7174	F9F0	8001	14
7174	F8DB	8000	87
7174	F9B3	8000	80
7174	F9B9	8001	FC
7174	F9BE	8000	81
7174	F9C4	8001	14
7174	F9C9	8000	82
7174	F9CF	8001	00
7174	F9D4	8000	83
7174	F9DA	8001	01
7174	F9DF	8000	84
7174	F9E5	8001	02
7174	F9EA	8000	85
7174	F9F0	8001	14
7174	F8DB	8000	87
7174	FDA9	8000	86
7174	FDB1	8001	08
7174	FDBA	8000	87
7174	FDC2	8001	09
7175	FA23	8000	80
7175	FA29	8001	FC
7175	FA2E	8000	81
7175	FA34	8001	E2
7175	FA39	8000	82
7175	FA3F	8001	A2
7175	FA44	8000	83
7175	FA4A	8001	35
7175	FA4F	8000	84
7175	FA55	8001	B7
7175	FA5A	8000	85
7175	FA60	8001	BD
7175	FADD	8000	86
7175	FAE2	8001	18
7175	FAE9	8000	87
7175	FAEE	8001	19
7175	FAF8	8000	86
7175	FAFE	8001	08
7175	FB05	8000	87
7175	FB0B	8001	09
7175	FDA9	8000	86
7175	FDB1	8001	06
7175	FDBA	8000	87
7175	FDC2	8001	07
7175	FDA9	8000	86
7175	FDB1	8001	22
7175	FDBA	8000	87
7175	FDC2	8001	23
7175	FDA9	8000	86
7175	FDB1	8001	08
7175	FDBA	8000	87
7175	FDC2	8001	09
7175	FDA9	8000	86
7175	FDB1	8001	08
7175	FDBA	8000	87
7175	FDC2	8001	09
7175	FDA9	8000	86
7175	FDB1	8001	08
7175	FDBA	8000	87
7175	FDC2	8001	09
7175	FDA9	8000	86
7175	FDB1	8001	08
7175	FDBA	8000	87
7175	FDC2	8001	09
7175	FDA9	8000	86
7175	FDB1	8001	08
7175	FDBA	8000	87
7175	FDC2	8001	09
7175	FDA9	8000	86
7175	FDB1	8001	08
7175	FDBA	8000	87
7175	FDC2	8001	09
7175	FC3F	8000	86
7175	FC48	8001	06
7175	FC4F	8000	87
7175	FC58	8001	07
7175	FDA9	8000	86
7175	FDB1	8001	18
7175	FDBA	8000	87
7175	FDC2	8001	19
7175	FDA9	8000	86
7175	FDB1	8001	28
7175	FDBA	8000	87
7175	FDC2	8001	29
7175	FDA9	8000	86
7175	FDB1	8001	28
7175	FDBA	8000	87
7175	FDC2	8001	29
7175	FDA9	8000	86
7175	FDB1	8001	08
7175	FDBA	8000	87
7175	FDC2	8001	09
7175	FDA9	8000	86
7175	FDB1	8001	08
7175	FDBA	8000	87
7175	FDC2	8001	09
7175	F9B3	8000	80
7175	F9B9	8001	FC
7175	F9BE	8000	81
7175	F9C4	8001	14
7175	F9C9	8000	82
7175	F9CF	8001	A2
7175	F9D4	8000	83
7175	F9DA	8001	01
7175	F9DF	8000	84
7175	F9E5	8001	02
7175	F9EA	8000	85
7175	F9F0	8001	14
7175	F8DB	8000	87
7175	F9B3	8000	80
7175	F9B9	8001	FC
7175	F9BE	8000	81
7175	F9C4	8001	14
7175	F9C9	8000	82
7175	F9CF	8001	00
7175	F9D4	8000	83
7175	F9DA	8001	01
7175	F9DF	8000	84
7175	F9E5	8001	02
7175	F9EA	8000	85
7175	F9F0	8001	14
7175	F8DB	8000	87
7176	FA23	8000	80
7176	FA29	8001	FC
7176	FA2E	8000	81
7176	FA34	8001	E2
7176	FA39	8000	82
7176	FA3F	8001	A2
7176	FA44	8000	83
7176	FA4A	8001	35
7176	FA4F	8000	84
7176	FA55	8001	B7
7176	FA5A	8000	85
7176	FA60	8001	BD
7176	FADD	8000	86
7176	FAE2	8001	18
7176	FAE9	8000	87
7176	FAEE	8001	19
7176	FAF8	8000	86
7176	FAFE	8001	08
7176	FB05	8000	87
7176	FB0B	8001	09
7176	FDA9	8000	86
7176	FDB1	8001	06
7176	FDBA	8000	87
7176	FDC2	8001	07
7176	FDA9	8000	86
7176	FDB1	8001	22
7176	FDBA	8000	87
7176	FDC2	8001	23
7176	FDA9	8000	86
7176	FDB1	8001	08
7176	FDBA	8000	87
7176	FDC2	8001	09
7176	FDA9	8000	86
7176	FDB1	8001	08
7176	FDBA	8000	87
7176	FDC2	8001	09
7176	FDA9	8000	86
7176	FDB1	8001	08
7176	FDBA	8000	87
7176	FDC2	8001	09
7176	FDA9	8000	86
7176	FDB1	8001	08
7176	FDBA	8000	87
7176	FDC2	8001	09
7176	FDA9	8000	86
7176	FDB1	8001	08
7176	FDBA	8000	87
7176	FDC2	8001	09
7176	FDA9	8000	86
7176	FDB1	8001	08
7176	FDBA	8000	87
7176	FDC2	8001	09
7176	FC3F	8000	86
7176	FC48	8001	06
7176	FC4F	8000	87
7176	FC58	8001	07
7176	FDA9	8000	86
7176	FDB1	8001	18
7176	FDBA	8000	87
7176	FDC2	8001	19
7176	FDA9	8000	86
7176	FDB1	8001	28
7176	FDBA	8000	87
7176	FDC2	8001	29
7176	FDA9	8000	86
7176	FDB1	8001	28
7176	FDBA	8000	87
7176	FDC2	8001	29
7176	FDA9	8000	86
7176	FDB1	8001	08
7176	FDBA	8000	87
7176	FDC2	8001	09
7176	FDA9	8000	86
7176	FDB1	8001	08
7176	FDBA	8000	87
7176	FDC2	8001	09
7176	F9B3	8000	80
7176	F9B9	8001	FC
7176	F9BE	8000	81
7176	F9C4	8001	14
7176	F9C9	8000	82
7176	F9CF	8001	A2
7176	F9D4	8000	83
7176	F9DA	8001	01
7176	F9DF	8000	84
7176	F9E5	8001	02
7176	F9EA	8000	85
7176	F9F0	8001	14
7176	F8DB	8000	87
7176	F9B3	8000	80
7176	F9B9	8001	FC
7176	F9BE	8000	81
7176	F9C4	8001	14
7176	F9C9	8000	82
7176	F9CF	8001	00
7176	F9D4	8000	83
7176	F9DA	8001	01
7176	F9DF	8000	84
7176	F9E5	8001	02
7176	F9EA	8000	85
7176	F9F0	8001	14
7176	F8DB	8000	87
7177	FA23	8000	80
7177	FA29	8001	FC
7177	FA2E	8000	81
7177	FA34	8001	E2
7177	FA39	8000	82
7177	FA3F	8001	A2
7177	FA44	8000	83
7177	FA4A	8001	35
7177	FA4F	8000	84
7177	FA55	8001	B7
7177	FA5A	8000	85
7177	FA60	8001	BD
7177	FADD	8000	86
7177	FAE2	8001	18
7177	FAE9	8000	87
7177	FAEE	8001	19
7177	FAF8	8000	86
7177	FAFE	8001	08
7177	FB05	8000	87
7177	FB0B	8001	09
7177	FDA9	8000	86
7177	FDB1	8001	06
7177	FDBA	8000	87
7177	FDC2	8001	07
7177	FDA9	8000	86
7177	FDB1	8001	22
7177	FDBA	8000	87
7177	FDC2	8001	23
7177	FDA9	8000	86
7177	FDB1	8001	08
7177	FDBA	8000	87
7177	FDC2	8001	09
7177	FDA9	8000	86
7177	FDB1	8001	08
7177	FDBA	8000	87
7177	FDC2	8001	09
7177	FDA9	8000	86
7177	FDB1	8001	08
7177	FDBA	8000	87
7177	FDC2	8001	09
7177	FDA9	8000	86
7177	FDB1	8001	08
7177	FDBA	8000	87
7177	FDC2	8001	09
7177	FC3F	8000	86
7177	FC48	8001	06
7177	FC4F	8000	87
7177	FC58	8001	07
7177	FDA9	8000	86
7177	FDB1	8001	18
7177	FDBA	8000	87
7177	FDC2	8001	19
7177	FDA9	8000	86
7177	FDB1	8001	28
7177	FDBA	8000	87
7177	FDC2	8001	29
7177	FDA9	8000	86
7177	FDB1	8001	28
7177	FDBA	8000	87
7177	FDC2	8001	29
7177	FDA9	8000	86
7177	FDB1	8001	08
7177	FDBA	8000	87
7177	FDC2	8001	09
7177	F9B3	8000	80
7177	F9B9	8001	FC
7177	F9BE	8000	81
7177	F9C4	8001	14
7177	F9C9	8000	82
7177	F9CF	8001	A2
7177	F9D4	8000	83
7177	F9DA	8001	01
7177	F9DF	8000	84
7177	F9E5	8001	02
7177	F9EA	8000	85
7177	F9F0	8001	14
7177	F8DB	8000	87
7177	F9B3	8000	80
7177	F9B9	8001	FC
7177	F9BE	8000	81
7177	F9C4	8001	14
7177	F9C9	8000	82
7177	F9CF	8001	00
7177	F9D4	8000	83
7177	F9DA	8001	01
7177	F9DF	8000	84
7177	F9E5	8001	02
7177	F9EA	8000	85
7177	F9F0	8001	14
7177	F8DB	8000	87
7178	FA23	8000	80
7178	FA29	8001	FC
7178	FA2E	8000	81
7178	FA34	8001	E2
7178	FA39	8000	82
7178	FA3F	8001	A2
7178	FA44	8000	83
7178	FA4A	8001	35
7178	FA4F	8000	84
7178	FA55	8001	B7
7178	FA5A	8000	85
7178	FA60	8001	BD
7178	FADD	8000	86
7178	FAE2	8001	18
7178	FAE9	8000	87
7178	FAEE	8001	19
7178	FAF8	8000	86
7178	FAFE	8001	08
7178	FB05	8000	87
7178	FB0B	8001	09
7178	FDA9	8000	86
7178	FDB1	8001	06
7178	FDBA	8000	87
7178	FDC2	8001	07
7178	FDA9	8000	86
7178	FDB1	8001	22
7178	FDBA	8000	87
7178	FDC2	8001	23
7178	FDA9	8000	86
7178	FDB1	8001	08
7178	FDBA	8000	87
7178	FDC2	8001	09
7178	FDA9	8000	86
7178	FDB1	8001	08
7178	FDBA	8000	87
7178	FDC2	8001	09
7178	FDA9	8000	86
7178	FDB1	8001	08
7178	FDBA	8000	87
7178	FDC2	8001	09
7178	FC3F	8000	86
7178	FC48	8001	06
7178	FC4F	8000	87
7178	FC58	8001	07
7178	FDA9	8000	86
7178	FDB1	8001	18
7178	FDBA	8000	87
7178	FDC2	8001	19
7178	FDA9	8000	86
7178	FDB1	8001	28
7178	FDBA	8000	87
7178	FDC2	8001	29
7178	FDA9	8000	86
7178	FDB1	8001	28
7178	FDBA	8000	87
7178	FDC2	8001	29
7178	FDA9	8000	86
7178	FDB1	8001	08
7178	FDBA	8000	87
7178	FDC2	8001	09
7178	F9B3	8000	80
7178	F9B9	8001	FC
7178	F9BE	8000	81
7178	F9C4	8001	14
7178	F9C9	8000	82
7178	F9CF	8001	A2
7178	F9D4	8000	83
7178	F9DA	8001	01
7178	F9DF	8000	84
7178	F9E5	8001	02
7178	F9EA	8000	85
7178	F9F0	8001	14
7178	F8DB	8000	87
7178	F9B3	8000	80
7178	F9B9	8001	FC
7178	F9BE	8000	81
7178	F9C4	8001	14
7178	F9C9	8000	82
7178	F9CF	8001	00
7178	F9D4	8000	83
7178	F9DA	8001	01
7178	F9DF	8000	84
7178	F9E5	8001	02
7178	F9EA	8000	85
7178	F9F0	8001	14
7178	F8DB	8000	87
7179	FA23	8000	80
7179	FA29	8001	FC
7179	FA2E	8000	81
7179	FA34	8001	E2
7179	FA39	8000	82
7179	FA3F	8001	A2
7179	FA44	8000	83
7179	FA4A	8001	35
7179	FA4F	8000	84
7179	FA55	8001	B7
7179	FA5A	8000	85
7179	FA60	8001	BD
7179	FADD	8000	86
7179	FAE2	8001	18
7179	FAE9	8000	87
7179	FAEE	8001	19
7179	FAF8	8000	86
7179	FAFE	8001	08
7179	FB05	8000	87
7179	FB0B	8001	09
7179	FDA9	8000	86
7179	FDB1	8001	06
7179	FDBA	8000	87
7179	FDC2	8001	07
7179	FDA9	8000	86
7179	FDB1	8001	22
7179	FDBA	8000	87
7179	FDC2	8001	23
7179	FDA9	8000	86
7179	FDB1	8001	08
7179	FDBA	8000	87
7179	FDC2	8001	09
7179	FDA9	8000	86
7179	FDB1	8001	08
7179	FDBA	8000	87
7179	FDC2	8001	09
7179	FDA9	8000	86
7179	FDB1	8001	08
7179	FDBA	8000	87
7179	FDC2	8001	09
7179	FC3F	8000	86
7179	FC48	8001	06
7179	FC4F	8000	87
7179	FC58	8001	07
7179	FDA9	8000	86
7179	FDB1	8001	18
7179	FDBA	8000	87
7179	FDC2	8001	19
7179	FDA9	8000	86
7179	FDB1	8001	28
7179	FDBA	8000	87
7179	FDC2	8001	29
7179	FDA9	8000	86
7179	FDB1	8001	28
7179	FDBA	8000	87
7179	FDC2	8001	29
7179	FDA9	8000	86
7179	FDB1	8001	08
7179	FDBA	8000	87
7179	FDC2	8001	09
7179	F9B3	8000	80
7179	F9B9	8001	FC
7179	F9BE	8000	81
7179	F9C4	8001	14
7179	F9C9	8000	82
7179	F9CF	8001	A2
7179	F9D4	8000	83
7179	F9DA	8001	01
7179	F9DF	8000	84
7179	F9E5	8001	02
7179	F9EA	8000	85
7179	F9F0	8001	14
7179	F8DB	8000	87
7179	F9B3	8000	80
7179	F9B9	8001	FC
7179	F9BE	8000	81
7179	F9C4	8001	14
7179	F9C9	8000	82
7179	F9CF	8001	00
7179	F9D4	8000	83
7179	F9DA	8001	01
7179	F9DF	8000	84
7179	F9E5	8001	02
7179	F9EA	8000	85
7179	F9F0	8001	14
7179	F8DB	8000	87
7180	FA23	8000	80
7180	FA29	8001	FC
7180	FA2E	8000	81
7180	FA34	8001	E2
7180	FA39	8000	82
7180	FA3F	8001	A2
7180	FA44	8000	83
7180	FA4A	8001	35
7180	FA4F	8000	84
7180	FA55	8001	B7
7180	FA5A	8000	85
7180	FA60	8001	BD
7180	FADD	8000	86
7180	FAE2	8001	18
7180	FAE9	8000	87
7180	FAEE	8001	19
7180	FAF8	8000	86
7180	FAFE	8001	08
7180	FB05	8000	87
7180	FB0B	8001	09
7180	FDA9	8000	86
7180	FDB1	8001	06
7180	FDBA	8000	87
7180	FDC2	8001	07
7180	FDA9	8000	86
7180	FDB1	8001	22
7180	FDBA	8000	87
7180	FDC2	8001	23
7180	FDA9	8000	86
7180	FDB1	8001	08
7180	FDBA	8000	87
7180	FDC2	8001	09
7180	FDA9	8000	86
7180	FDB1	8001	08
7180	FDBA	8000	87
7180	FDC2	8001	09
7180	FDA9	8000	86
7180	FDB1	8001	08
7180	FDBA	8000	87
7180	FDC2	8001	09
7180	FC3F	8000	86
7180	FC48	8001	06
7180	FC4F	8000	87
7180	FC58	8001	07
7180	FDA9	8000	86
7180	FDB1	8001	18
7180	FDBA	8000	87
7180	FDC2	8001	19
7180	FDA9	8000	86
7180	FDB1	8001	28
7180	FDBA	8000	87
7180	FDC2	8001	29
7180	FDA9	8000	86
7180	FDB1	8001	28
7180	FDBA	8000	87
7180	FDC2	8001	29
7180	FDA9	8000	86
7180	FDB1	8001	08
7180	FDBA	8000	87
7180	FDC2	8001	09
7180	F9B3	8000	80
7180	F9B9	8001	FC
7180	F9BE	8000	81
7180	F9C4	8001	14
7180	F9C9	8000	82
7180	F9CF	8001	A2
7180	F9D4	8000	83
7180	F9DA	8001	01
7180	F9DF	8000	84
7180	F9E5	8001	02
7180	F9EA	8000	85
7180	F9F0	8001	14
7180	F8DB	8000	87
7180	F9B3	8000	80
7180	F9B9	8001	FC
7180	F9BE	8000	81
7180	F9C4	8001	14
7180	F9C9	8000	82
7180	F9CF	8001	00
7180	F9D4	8000	83
7180	F9DA	8001	01
7180	F9DF	8000	84
7180	F9E5	8001	02
7180	F9EA	8000	85
7180	F9F0	8001	14
7180	F8DB	8000	87
7181	FA23	8000	80
7181	FA29	8001	FC
7181	FA2E	8000	81
7181	FA34	8001	E2
7181	FA39	8000	82
7181	FA3F	8001	A2
7181	FA44	8000	83
7181	FA4A	8001	35
7181	FA4F	8000	84
7181	FA55	8001	B7
7181	FA5A	8000	85
7181	FA60	8001	BD
7181	FADD	8000	86
7181	FAE2	8001	18
7181	FAE9	8000	87
7181	FAEE	8001	19
7181	FAF8	8000	86
7181	FAFE	8001	08
7181	FB05	8000	87
7181	FB0B	8001	09
7181	FDA9	8000	86
7181	FDB1	8001	06
7181	FDBA	8000	87
7181	FDC2	8001	07
7181	FDA9	8000	86
7181	FDB1	8001	22
7181	FDBA	8000	87
7181	FDC2	8001	23
7181	FDA9	8000	86
7181	FDB1	8001	08
7181	FDBA	8000	87
7181	FDC2	8001	09
7181	FC3F	8000	86
7181	FC48	8001	06
7181	FC4F	8000	87
7181	FC58	8001	07
7181	FDA9	8000	86
7181	FDB1	8001	18
7181	FDBA	8000	87
7181	FDC2	8001	19
7181	FDA9	8000	86
7181	FDB1	8001	28
7181	FDBA	8000	87
7181	FDC2	8001	29
7181	FDA9	8000	86
7181	FDB1	8001	28
7181	FDBA	8000	87
7181	FDC2	8001	29
7181	F9B3	8000	80
7181	F9B9	8001	FC
7181	F9BE	8000	81
7181	F9C4	8001	14
7181	F9C9	8000	82
7181	F9CF	8001	A2
7181	F9D4	8000	83
7181	F9DA	8001	01
7181	F9DF	8000	84
7181	F9E5	8001	02
7181	F9EA	8000	85
7181	F9F0	8001	14
7181	F8DB	8000	87
7181	F9B3	8000	80
7181	F9B9	8001	FC
7181	F9BE	8000	81
7181	F9C4	8001	14
7181	F9C9	8000	82
7181	F9CF	8001	00
7181	F9D4	8000	83
7181	F9DA	8001	01
7181	F9DF	8000	84
7181	F9E5	8001	02
7181	F9EA	8000	85
7181	F9F0	8001	14
7181	F8DB	8000	87
7182	FA23	8000	80
7182	FA29	8001	FC
7182	FA2E	8000	81
7182	FA34	8001	E2
7182	FA39	8000	82
7182	FA3F	8001	A2
7182	FA44	8000	83
7182	FA4A	8001	35
7182	FA4F	8000	84
7182	FA55	8001	B7
7182	FA5A	8000	85
7182	FA60	8001	BD
7182	FADD	8000	86
7182	FAE2	8001	18
7182	FAE9	8000	87
7182	FAEE	8001	19
7182	FAF8	8000	86
7182	FAFE	8001	28
7182	FB05	8000	87
7182	FB0B	8001	29
7182	FDA9	8000	86
7182	FDB1	8001	06
7182	FDBA	8000	87
7182	FDC2	8001	07
7182	FDA9	8000	86
7182	FDB1	8001	22
7182	FDBA	8000	87
7182	FDC2	8001	23
7182	FC3F	8000	86
7182	FC48	8001	06
7182	FC4F	8000	87
7182	FC58	8001	07
7182	FDA9	8000	86
7182	FDB1	8001	18
7182	FDBA	8000	87
7182	FDC2	8001	19
7182	FDA9	8000	86
7182	FDB1	8001	28
7182	FDBA	8000	87
7182	FDC2	8001	29
7182	FDA9	8000	86
7182	FDB1	8001	28
7182	FDBA	8000	87
7182	FDC2	8001	29
7182	F9B3	8000	80
7182	F9B9	8001	FC
7182	F9BE	8000	81
7182	F9C4	8001	14
7182	F9C9	8000	82
7182	F9CF	8001	A2
7182	F9D4	8000	83
7182	F9DA	8001	01
7182	F9DF	8000	84
7182	F9E5	8001	02
7182	F9EA	8000	85
7182	F9F0	8001	14
7182	F8DB	8000	87
7182	F9B3	8000	80
7182	F9B9	8001	FC
7182	F9BE	8000	81
7182	F9C4	8001	14
7182	F9C9	8000	82
7182	F9CF	8001	00
7182	F9D4	8000	83
7182	F9DA	8001	01
7182	F9DF	8000	84
7182	F9E5	8001	02
7182	F9EA	8000	85
7182	F9F0	8001	14
7182	F8DB	8000	87
7183	FA23	8000	80
7183	FA29	8001	FC
7183	FA2E	8000	81
7183	FA34	8001	E2
7183	FA39	8000	82
7183	FA3F	8001	A2
7183	FA44	8000	83
7183	FA4A	8001	35
7183	FA4F	8000	84
7183	FA55	8001	B7
7183	FA5A	8000	85
7183	FA60	8001	BD
7183	FADD	8000	86
7183	FAE2	8001	18
7183	FAE9	8000	87
7183	FAEE	8001	19
7183	FAF8	8000	86
7183	FAFE	8001	28
7183	FB05	8000	87
7183	FB0B	8001	29
7183	FDA9	8000	86
7183	FDB1	8001	06
7183	FDBA	8000	87
7183	FDC2	8001	07
7183	FDA9	8000	86
7183	FDB1	8001	22
7183	FDBA	8000	87
7183	FDC2	8001	23
7183	FC3F	8000	86
7183	FC48	8001	06
7183	FC4F	8000	87
7183	FC58	8001	07
7183	FDA9	8000	86
7183	FDB1	8001	18
7183	FDBA	8000	87
7183	FDC2	8001	19
7183	FDA9	8000	86
7183	FDB1	8001	28
7183	FDBA	8000	87
7183	FDC2	8001	29
7183	FDA9	8000	86
7183	FDB1	8001	28
7183	FDBA	8000	87
7183	FDC2	8001	29
7183	F9B3	8000	80
7183	F9B9	8001	FC
7183	F9BE	8000	81
7183	F9C4	8001	14
7183	F9C9	8000	82
7183	F9CF	8001	A2
7183	F9D4	8000	83
7183	F9DA	8001	01
7183	F9DF	8000	84
7183	F9E5	8001	02
7183	F9EA	8000	85
7183	F9F0	8001	14
7183	F8DB	8000	87
7183	F9B3	8000	80
7183	F9B9	8001	FC
7183	F9BE	8000	81
7183	F9C4	8001	14
7183	F9C9	8000	82
7183	F9CF	8001	00
7183	F9D4	8000	83
7183	F9DA	8001	01
7183	F9DF	8000	84
7183	F9E5	8001	02
7183	F9EA	8000	85
7183	F9F0	8001	14
7183	F8DB	8000	87
7184	FA23	8000	80
7184	FA29	8001	FC
7184	FA2E	8000	81
7184	FA34	8001	E2
7184	FA39	8000	82
7184	FA3F	8001	A2
7184	FA44	8000	83
7184	FA4A	8001	35
7184	FA4F	8000	84
7184	FA55	8001	B7
7184	FA5A	8000	85
7184	FA60	8001	BD
7184	FADD	8000	86
7184	FAE2	8001	18
7184	FAE9	8000	87
7184	FAEE	8001	19
7184	BF0A	8000	86
7184	C8E1	8001	00
7184	C8E6	8000	87
7184	C8EB	8001	01
7184	C900	8000	86
7184	C905	8001	18
7184	C90A	8000	87
7184	C90F	8001	19
7184	BF0A	8000	86
7184	C8E1	8001	00
7184	C8E6	8000	87
7184	C8EB	8001	01
7184	C900	8000	86
7184	C905	8001	18
7184	C90A	8000	87
7184	C90F	8001	19
7184	BF0A	8000	86
7184	C8E1	8001	00
7184	C8E6	8000	87
7184	C8EB	8001	01
7184	C900	8000	86
7184	C905	8001	18
7184	C90A	8000	87
7184	C90F	8001	19
7184	BF0A	8000	86
7184	C8E1	8001	00
7184	C8E6	8000	87
7184	C8EB	8001	01
7184	C900	8000	86
7184	C905	8001	18
7184	C90A	8000	87
7184	C90F	8001	19
7184	BF0A	8000	86
7184	C8E1	8001	00
7184	C8E6	8000	87
7184	C8EB	8001	01
7184	C900	8000	86
7184	C905	8001	18
7184	C90A	8000	87
7184	C90F	8001	19
7184	BF0A	8000	86
7184	C8E1	8001	00
7184	C8E6	8000	87
7184	C8EB	8001	01
7184	C900	8000	86
7184	C905	8001	18
7184	C90A	8000	87
7184	C90F	8001	19
7184	BF0A	8000	86
7184	C8E1	8001	00
7184	C8E6	8000	87
7184	C8EB	8001	01
7184	C900	8000	86
7184	C905	8001	18
7184	C90A	8000	87
7184	C90F	8001	19
7184	FAF8	8000	86
7184	FAFE	8001	28
7184	FB05	8000	87
7184	FB0B	8001	29
7184	FDA9	8000	86
7184	FDB1	8001	06
7184	FDBA	8000	87
7184	FDC2	8001	07
7184	FDA9	8000	86
7184	FDB1	8001	22
7184	FDBA	8000	87
7184	FDC2	8001	23
7184	FC3F	8000	86
7184	FC48	8001	06
7184	FC4F	8000	87
7184	FC58	8001	07
7184	FDA9	8000	86
7184	FDB1	8001	18
7184	FDBA	8000	87
7184	FDC2	8001	19
7184	FDA9	8000	86
7184	FDB1	8001	28
7184	FDBA	8000	87
7184	FDC2	8001	29
7184	FDA9	8000	86
7184	FDB1	8001	28
7184	FDBA	8000	87
7184	FDC2	8001	29
7184	F9B3	8000	80
7184	F9B9	8001	FC
7184	F9BE	8000	81
7184	F9C4	8001	14
7184	F9C9	8000	82
7184	F9CF	8001	A2
7184	F9D4	8000	83
7184	F9DA	8001	01
7184	F9DF	8000	84
7184	F9E5	8001	02
7184	F9EA	8000	85
7184	F9F0	8001	14
7184	F8DB	8000	87
7184	F9B3	8000	80
7184	F9B9	8001	FC
7184	F9BE	8000	81
7184	F9C4	8001	14
7184	F9C9	8000	82
7184	F9CF	8001	00
7184	F9D4	8000	83
7184	F9DA	8001	01
7184	F9DF	8000	84
7184	F9E5	8001	02
7184	F9EA	8000	85
7184	F9F0	8001	14
7184	F8DB	8000	87
7185	FA23	8000	80
7185	FA29	8001	FC
7185	FA2E	8000	81
7185	FA34	8001	E2
7185	FA39	8000	82
7185	FA3F	8001	A2
7185	FA44	8000	83
7185	FA4A	8001	35
7185	FA4F	8000	84
7185	FA55	8001	B7
7185	FA5A	8000	85
7185	FA60	8001	BD
7185	FADD	8000	86
7185	FAE2	8001	18
7185	FAE9	8000	87
7185	FAEE	8001	19
7185	FAF8	8000	86
7185	FAFE	8001	28
7185	FB05	8000	87
7185	FB0B	8001	29
7185	FDA9	8000	86
7185	FDB1	8001	06
7185	FDBA	8000	87
7185	FDC2	8001	07
7185	FDA9	8000	86
7185	FDB1	8001	22
7185	FDBA	8000	87
7185	FDC2	8001	23
7185	FC3F	8000	86
7185	FC48	8001	06
7185	FC4F	8000	87
7185	FC58	8001	07
7185	FDA9	8000	86
7185	FDB1	8001	18
7185	FDBA	8000	87
7185	FDC2	8001	19
7185	FDA9	8000	86
7185	FDB1	8001	28
7185	FDBA	8000	87
7185	FDC2	8001	29
7185	FDA9	8000	86
7185	FDB1	8001	28
7185	FDBA	8000	87
7185	FDC2	8001	29
7185	F9B3	8000	80
7185	F9B9	8001	FC
7185	F9BE	8000	81
7185	F9C4	8001	14
7185	F9C9	8000	82
7185	F9CF	8001	A2
7185	F9D4	8000	83
7185	F9DA	8001	01
7185	F9DF	8000	84
7185	F9E5	8001	02
7185	F9EA	8000	85
7185	F9F0	8001	14
7185	F8DB	8000	87
7185	F9B3	8000	80
7185	F9B9	8001	FC
7185	F9BE	8000	81
7185	F9C4	8001	14
7185	F9C9	8000	82
7185	F9CF	8001	00
7185	F9D4	8000	83
7185	F9DA	8001	01
7185	F9DF	8000	84
7185	F9E5	8001	02
7185	F9EA	8000	85
7185	F9F0	8001	14
7185	F8DB	8000	87
7186	FA23	8000	80
7186	FA29	8001	FC
7186	FA2E	8000	81
7186	FA34	8001	E2
7186	FA39	8000	82
7186	FA3F	8001	A2
7186	FA44	8000	83
7186	FA4A	8001	35
7186	FA4F	8000	84
7186	FA55	8001	B7
7186	FA5A	8000	85
7186	FA60	8001	BD
7186	FADD	8000	86
7186	FAE2	8001	18
7186	FAE9	8000	87
7186	FAEE	8001	19
7186	FAF8	8000	86
7186	FAFE	8001	28
7186	FB05	8000	87
7186	FB0B	8001	29
7186	FDA9	8000	86
7186	FDB1	8001	06
7186	FDBA	8000	87
7186	FDC2	8001	07
7186	FDA9	8000	86
7186	FDB1	8001	22
7186	FDBA	8000	87
7186	FDC2	8001	23
7186	FC3F	8000	86
7186	FC48	8001	06
7186	FC4F	8000	87
7186	FC58	8001	07
7186	FDA9	8000	86
7186	FDB1	8001	18
7186	FDBA	8000	87
7186	FDC2	8001	19
7186	FDA9	8000	86
7186	FDB1	8001	28
7186	FDBA	8000	87
7186	FDC2	8001	29
7186	FDA9	8000	86
7186	FDB1	8001	28
7186	FDBA	8000	87
7186	FDC2	8001	29
7186	F9B3	8000	80
7186	F9B9	8001	FC
7186	F9BE	8000	81
7186	F9C4	8001	14
7186	F9C9	8000	82
7186	F9CF	8001	A2
7186	F9D4	8000	83
7186	F9DA	8001	01
7186	F9DF	8000	84
7186	F9E5	8001	02
7186	F9EA	8000	85
7186	F9F0	8001	14
7186	F8DB	8000	87
7186	F9B3	8000	80
7186	F9B9	8001	FC
7186	F9BE	8000	81
7186	F9C4	8001	14
7186	F9C9	8000	82
7186	F9CF	8001	00
7186	F9D4	8000	83
7186	F9DA	8001	01
7186	F9DF	8000	84
7186	F9E5	8001	02
7186	F9EA	8000	85
7186	F9F0	8001	14
7186	F8DB	8000	87
7187	FA23	8000	80
7187	FA29	8001	FC
7187	FA2E	8000	81
7187	FA34	8001	E2
7187	FA39	8000	82
7187	FA3F	8001	A2
7187	FA44	8000	83
7187	FA4A	8001	35
7187	FA4F	8000	84
7187	FA55	8001	B7
7187	FA5A	8000	85
7187	FA60	8001	BD
7187	FADD	8000	86
7187	FAE2	8001	18
7187	FAE9	8000	87
7187	FAEE	8001	19
7187	FAF8	8000	86
7187	FAFE	8001	28
7187	FB05	8000	87
7187	FB0B	8001	29
7187	FDA9	8000	86
7187	FDB1	8001	06
7187	FDBA	8000	87
7187	FDC2	8001	07
7187	FDA9	8000	86
7187	FDB1	8001	22
7187	FDBA	8000	87
7187	FDC2	8001	23
7187	FC3F	8000	86
7187	FC48	8001	06
7187	FC4F	8000	87
7187	FC58	8001	07
7187	FDA9	8000	86
7187	FDB1	8001	1C
7187	FDBA	8000	87
7187	FDC2	8001	1D
7187	FDA9	8000	86
7187	FDB1	8001	06
7187	FDBA	8000	87
7187	FDC2	8001	07
7187	FDA9	8000	86
7187	FDB1	8001	3C
7187	FDBA	8000	87
7187	FDC2	8001	3D
7187	FC3F	8000	86
7187	FC48	8001	06
7187	FC4F	8000	87
7187	FC58	8001	07
7187	FDA9	8000	86
7187	FDB1	8001	04
7187	FDBA	8000	87
7187	FDC2	8001	05
7187	FDA9	8000	86
7187	FDB1	8001	04
7187	FDBA	8000	87
7187	FDC2	8001	05
7187	FD35	8000	86
7187	FD3E	8001	06
7187	FD45	8000	87
7187	FD4E	8001	07
7187	FDA9	8000	86
7187	FDB1	8001	1C
7187	FDBA	8000	87
7187	FDC2	8001	1D
7187	FDA9	8000	86
7187	FDB1	8001	1C
7187	FDBA	8000	87
7187	FDC2	8001	1D
7187	FD35	8000	86
7187	FD3E	8001	06
7187	FD45	8000	87
7187	FD4E	8001	07
7187	FDA9	8000	86
7187	FDB1	8001	06
7187	FDBA	8000	87
7187	FDC2	8001	07
7187	FDA9	8000	86
7187	FDB1	8001	3C
7187	FDBA	8000	87
7187	FDC2	8001	3D
7187	FC3F	8000	86
7187	FC48	8001	06
7187	FC4F	8000	87
7187	FC58	8001	07
7187	F9B3	8000	80
7187	F9B9	8001	FC
7187	F9BE	8000	81
7187	F9C4	8001	14
7187	F9C9	8000	82
7187	F9CF	8001	A2
7187	F9D4	8000	83
7187	F9DA	8001	01
7187	F9DF	8000	84
7187	F9E5	8001	02
7187	F9EA	8000	85
7187	F9F0	8001	14
7187	F8DB	8000	87
7187	F9B3	8000	80
7187	F9B9	8001	FC
7187	F9BE	8000	81
7187	F9C4	8001	14
7187	F9C9	8000	82
7187	F9CF	8001	00
7187	F9D4	8000	83
7187	F9DA	8001	01
7187	F9DF	8000	84
7187	F9E5	8001	02
7187	F9EA	8000	85
7187	F9F0	8001	14
7187	F8DB	8000	87
7187	FDA9	8000	86
7187	FDB1	8001	3C
7187	FDBA	8000	87
7187	FDC2	8001	3D
7187	FC3F	8000	86
7187	FC48	8001	06
7187	FC4F	8000	87
7187	FC58	8001	07
7187	FDA9	8000	86
7187	FDB1	8001	18
7187	FDBA	8000	87
7187	FDC2	8001	19
7187	FDA9	8000	86
7187	FDB1	8001	28
7187	FDBA	8000	87
7187	FDC2	8001	29
7187	FDA9	8000	86
7187	FDB1	8001	28
7187	FDBA	8000	87
7187	FDC2	8001	29
7188	FA23	8000	80
7188	FA29	8001	FC
7188	FA2E	8000	81
7188	FA34	8001	E2
7188	FA39	8000	82
7188	FA3F	8001	A2
7188	FA44	8000	83
7188	FA4A	8001	35
7188	FA4F	8000	84
7188	FA55	8001	B7
7188	FA5A	8000	85
7188	FA60	8001	BD
7188	FADD	8000	86
7188	FAE2	8001	18
7188	FAE9	8000	87
7188	FAEE	8001	19
7188	FAF8	8000	86
7188	FAFE	8001	28
7188	FB05	8000	87
7188	FB0B	8001	29
7188	FDA9	8000	86
7188	FDB1	8001	06
7188	FDBA	8000	87
7188	FDC2	8001	07
7188	FDA9	8000	86
7188	FDB1	8001	3C
7188	FDBA	8000	87
7188	FDC2	8001	3D
7188	F9B3	8000	80
7188	F9B9	8001	FC
7188	F9BE	8000	81
7188	F9C4	8001	0A
7188	F9C9	8000	82
7188	F9CF	8001	A2
7188	F9D4	8000	83
7188	F9DA	8001	01
7188	F9DF	8000	84
7188	F9E5	8001	02
7188	F9EA	8000	85
7188	F9F0	8001	0A
7188	F8DB	8000	87
7188	F9B3	8000	80
7188	F9B9	8001	FC
7188	F9BE	8000	81
7188	F9C4	8001	0A
7188	F9C9	8000	82
7188	F9CF	8001	00
7188	F9D4	8000	83
7188	F9DA	8001	01
7188	F9DF	8000	84
7188	F9E5	8001	02
7188	F9EA	8000	85
7188	F9F0	8001	0A
7188	F8DB	8000	87
7188	FC3F	8000	86
7188	FC48	8001	06
7188	FC4F	8000	87
7188	FC58	8001	07
7188	FDA9	8000	86
7188	FDB1	8001	18
7188	FDBA	8000	87
7188	FDC2	8001	19
7188	FDA9	8000	86
7188	FDB1	8001	28
7188	FDBA	8000	87
7188	FDC2	8001	29
7188	FDA9	8000	86
7188	FDB1	8001	28
7188	FDBA	8000	87
7188	FDC2	8001	29
7189	FA23	8000	80
7189	FA29	8001	FC
7189	FA2E	8000	81
7189	FA34	8001	E2
7189	FA39	8000	82
7189	FA3F	8001	A2
7189	FA44	8000	83
7189	FA4A	8001	35
7189	FA4F	8000	84
7189	FA55	8001	B7
7189	FA5A	8000	85
7189	FA60	8001	BD
7189	FA83	8000	86
7189	FA88	8001	18
7189	FA8D	8000	87
7189	FA92	8001	19
7189	FA9A	8000	86
7189	FAA0	8001	28
7189	FAA5	8000	87
7189	FAAB	8001	29
7189	FAB6	8000	87
7189	F9B3	8000	80
7189	F9B9	8001	FC
7189	F9BE	8000	81
7189	F9C4	8001	0A
7189	F9C9	8000	82
7189	F9CF	8001	A2
7189	F9D4	8000	83
7189	F9DA	8001	01
7189	F9DF	8000	84
7189	F9E5	8001	02
7189	F9EA	8000	85
7189	F9F0	8001	0A
7189	F8DB	8000	87
7189	F9B3	8000	80
7189	F9B9	8001	FC
7189	F9BE	8000	81
7189	F9C4	8001	0A
7189	F9C9	8000	82
7189	F9CF	8001	00
7189	F9D4	8000	83
7189	F9DA	8001	01
7189	F9DF	8000	84
7189	F9E5	8001	02
7189	F9EA	8000	85
7189	F9F0	8001	0A
7189	F8DB	8000	87
7190	FA23	8000	80
7190	FA29	8001	FC
7190	FA2E	8000	81
7190	FA34	8001	E2
7190	FA39	8000	82
7190	FA3F	8001	A2
7190	FA44	8000	83
7190	FA4A	8001	35
7190	FA4F	8000	84
7190	FA55	8001	B7
7190	FA5A	8000	85
7190	FA60	8001	BD
7190	FADD	8000	86
7190	FAE2	8001	18
7190	FAE9	8000	87
7190	FAEE	8001	19
7190	FAF8	8000	86
7190	FAFE	8001	28
7190	FB05	8000	87
7190	FB0B	8001	29
7190	FDA9	8000	86
7190	FDB1	8001	06
7190	FDBA	8000	87
7190	FDC2	8001	07
7190	FDA9	8000	86
7190	FDB1	8001	3C
7190	FDBA	8000	87
7190	FDC2	8001	3D
7190	F9B3	8000	80
7190	F9B9	8001	FC
7190	F9BE	8000	81
7190	F9C4	8001	0A
7190	F9C9	8000	82
7190	F9CF	8001	A2
7190	F9D4	8000	83
7190	F9DA	8001	01
7190	F9DF	8000	84
7190	F9E5	8001	02
7190	F9EA	8000	85
7190	F9F0	8001	0A
7190	F8DB	8000	87
7190	F9B3	8000	80
7190	F9B9	8001	FC
7190	F9BE	8000	81
7190	F9C4	8001	0A
7190	F9C9	8000	82
7190	F9CF	8001	00
7190	F9D4	8000	83
7190	F9DA	8001	01
7190	F9DF	8000	84
7190	F9E5	8001	02
7190	F9EA	8000	85
7190	F9F0	8001	0A
7190	F8DB	8000	87
7190	FC3F	8000	86
7190	FC48	8001	06
7190	FC4F	8000	87
7190	FC58	8001	07
7190	FDA9	8000	86
7190	FDB1	8001	18
7190	FDBA	8000	87
7190	FDC2	8001	19
7190	FDA9	8000	86
7190	FDB1	8001	28
7190	FDBA	8000	87
7190	FDC2	8001	29
7190	FDA9	8000	86
7190	FDB1	8001	28
7190	FDBA	8000	87
7190	FDC2	8001	29
7191	FA23	8000	80
7191	FA29	8001	FC
7191	FA2E	8000	81
7191	FA34	8001	E2
7191	FA39	8000	82
7191	FA3F	8001	A2
7191	FA44	8000	83
7191	FA4A	8001	35
7191	FA4F	8000	84
7191	FA55	8001	B7
7191	FA5A	8000	85
7191	FA60	8001	BD
7191	FA83	8000	86
7191	FA88	8001	18
7191	FA8D	8000	87
7191	FA92	8001	19
7191	FA9A	8000	86
7191	FAA0	8001	28
7191	FAA5	8000	87
7191	FAAB	8001	29
7191	FAB6	8000	87
7191	F9B3	8000	80
7191	F9B9	8001	FC
7191	F9BE	8000	81
7191	F9C4	8001	0A
7191	F9C9	8000	82
7191	F9CF	8001	A2
7191	F9D4	8000	83
7191	F9DA	8001	01
7191	F9DF	8000	84
7191	F9E5	8001	02
7191	F9EA	8000	85
7191	F9F0	8001	0A
7191	F8DB	8000	87
7191	F9B3	8000	80
7191	F9B9	8001	FC
7191	F9BE	8000	81
7191	F9C4	8001	0A
7191	F9C9	8000	82
7191	F9CF	8001	00
7191	F9D4	8000	83
7191	F9DA	8001	01
7191	F9DF	8000	84
7191	F9E5	8001	02
7191	F9EA	8000	85
7191	F9F0	8001	0A
7191	F8DB	8000	87
7192	FA23	8000	80
7192	FA29	8001	FC
7192	FA2E	8000	81
7192	FA34	8001	E2
7192	FA39	8000	82
7192	FA3F	8001	A2
7192	FA44	8000	83
7192	FA4A	8001	35
7192	FA4F	8000	84
7192	FA55	8001	B7
7192	FA5A	8000	85
7192	FA60	8001	BD
7192	FADD	8000	86
7192	FAE2	8001	18
7192	FAE9	8000	87
7192	FAEE	8001	19
7192	FAF8	8000	86
7192	FAFE	8001	28
7192	FB05	8000	87
7192	FB0B	8001	29
7192	FDA9	8000	86
7192	FDB1	8001	06
7192	FDBA	8000	87
7192	FDC2	8001	07
7192	FDA9	8000	86
7192	FDB1	8001	3C
7192	FDBA	8000	87
7192	FDC2	8001	3D
7192	F9B3	8000	80
7192	F9B9	8001	FC
7192	F9BE	8000	81
7192	F9C4	8001	0A
7192	F9C9	8000	82
7192	F9CF	8001	A2
7192	F9D4	8000	83
7192	F9DA	8001	01
7192	F9DF	8000	84
7192	F9E5	8001	02
7192	F9EA	8000	85
7192	F9F0	8001	0A
7192	F8DB	8000	87
7192	F9B3	8000	80
7192	F9B9	8001	FC
7192	F9BE	8000	81
7192	F9C4	8001	0A
7192	F9C9	8000	82
7192	F9CF	8001	00
7192	F9D4	8000	83
7192	F9DA	8001	01
7192	F9DF	8000	84
7192	F9E5	8001	02
7192	F9EA	8000	85
7192	F9F0	8001	0A
7192	F8DB	8000	87
7192	FC3F	8000	86
7192	FC48	8001	06
7192	FC4F	8000	87
7192	FC58	8001	07
7192	FDA9	8000	86
7192	FDB1	8001	18
7192	FDBA	8000	87
7192	FDC2	8001	19
7192	FDA9	8000	86
7192	FDB1	8001	28
7192	FDBA	8000	87
7192	FDC2	8001	29
7192	FDA9	8000	86
7192	FDB1	8001	28
7192	FDBA	8000	87
7192	FDC2	8001	29
7193	FA23	8000	80
7193	FA29	8001	FC
7193	FA2E	8000	81
7193	FA34	8001	E2
7193	FA39	8000	82
7193	FA3F	8001	A2
7193	FA44	8000	83
7193	FA4A	8001	35
7193	FA4F	8000	84
7193	FA55	8001	B7
7193	FA5A	8000	85
7193	FA60	8001	BD
7193	FA83	8000	86
7193	FA88	8001	18
7193	FA8D	8000	87
7193	FA92	8001	19
7193	FA9A	8000	86
7193	FAA0	8001	28
7193	FAA5	8000	87
7193	FAAB	8001	29
7193	FAB6	8000	87
7193	F9B3	8000	80
7193	F9B9	8001	FC
7193	F9BE	8000	81
7193	F9C4	8001	0A
7193	F9C9	8000	82
7193	F9CF	8001	A2
7193	F9D4	8000	83
7193	F9DA	8001	01
7193	F9DF	8000	84
7193	F9E5	8001	02
7193	F9EA	8000	85
7193	F9F0	8001	0A
7193	F8DB	8000	87
7193	F9B3	8000	80
7193	F9B9	8001	FC
7193	F9BE	8000	81
7193	F9C4	8001	0A
7193	F9C9	8000	82
7193	F9CF	8001	00
7193	F9D4	8000	83
7193	F9DA	8001	01
7193	F9DF	8000	84
7193	F9E5	8001	02
7193	F9EA	8000	85
7193	F9F0	8001	0A
7193	F8DB	8000	87
7194	FA23	8000	80
7194	FA29	8001	FC
7194	FA2E	8000	81
7194	FA34	8001	E2
7194	FA39	8000	82
7194	FA3F	8001	A2
7194	FA44	8000	83
7194	FA4A	8001	35
7194	FA4F	8000	84
7194	FA55	8001	B7
7194	FA5A	8000	85
7194	FA60	8001	BD
7194	FADD	8000	86
7194	FAE2	8001	18
7194	FAE9	8000	87
7194	FAEE	8001	19
7194	BF0A	8000	86
7194	C8E1	8001	00
7194	C8E6	8000	87
7194	C8EB	8001	01
7194	C900	8000	86
7194	C905	8001	18
7194	C90A	8000	87
7194	C90F	8001	19
7194	BF0A	8000	86
7194	C8E1	8001	00
7194	C8E6	8000	87
7194	C8EB	8001	01
7194	C900	8000	86
7194	C905	8001	18
7194	C90A	8000	87
7194	C90F	8001	19
7194	BF0A	8000	86
7194	C8E1	8001	00
7194	C8E6	8000	87
7194	C8EB	8001	01
7194	C900	8000	86
7194	C905	8001	18
7194	C90A	8000	87
7194	C90F	8001	19
7194	FAF8	8000	86
7194	FAFE	8001	28
7194	FB05	8000	87
7194	FB0B	8001	29
7194	FDA9	8000	86
7194	FDB1	8001	06
7194	FDBA	8000	87
7194	FDC2	8001	07
7194	FDA9	8000	86
7194	FDB1	8001	3C
7194	FDBA	8000	87
7194	FDC2	8001	3D
7194	FC3F	8000	86
7194	FC48	8001	06
7194	FC4F	8000	87
7194	FC58	8001	07
7194	FDA9	8000	86
7194	FDB1	8001	18
7194	FDBA	8000	87
7194	FDC2	8001	19
7194	FDA9	8000	86
7194	FDB1	8001	28
7194	FDBA	8000	87
7194	FDC2	8001	29
7194	FDA9	8000	86
7194	FDB1	8001	28
7194	FDBA	8000	87
7194	FDC2	8001	29
7194	F9B3	8000	80
7194	F9B9	8001	FC
7194	F9BE	8000	81
7194	F9C4	8001	0A
7194	F9C9	8000	82
7194	F9CF	8001	A2
7194	F9D4	8000	83
7194	F9DA	8001	01
7194	F9DF	8000	84
7194	F9E5	8001	02
7194	F9EA	8000	85
7194	F9F0	8001	0A
7194	F8DB	8000	87
7194	F9B3	8000	80
7194	F9B9	8001	FC
7194	F9BE	8000	81
7194	F9C4	8001	0A
7194	F9C9	8000	82
7194	F9CF	8001	00
7194	F9D4	8000	83
7194	F9DA	8001	01
7194	F9DF	8000	84
7194	F9E5	8001	02
7194	F9EA	8000	85
7194	F9F0	8001	0A
7194	F8DB	8000	87
7195	FA23	8000	80
7195	FA29	8001	FC
7195	FA2E	8000	81
7195	FA34	8001	E2
7195	FA39	8000	82
7195	FA3F	8001	A2
7195	FA44	8000	83
7195	FA4A	8001	35
7195	FA4F	8000	84
7195	FA55	8001	B7
7195	FA5A	8000	85
7195	FA60	8001	BD
7195	FADD	8000	86
7195	FAE2	8001	18
7195	FAE9	8000	87
7195	FAEE	8001	19
7195	FAF8	8000	86
7195	FAFE	8001	28
7195	FB05	8000	87
7195	FB0B	8001	29
7195	FDA9	8000	86
7195	FDB1	8001	06
7195	FDBA	8000	87
7195	FDC2	8001	07
7195	FDA9	8000	86
7195	FDB1	8001	1C
7195	FDBA	8000	87
7195	FDC2	8001	1D
7195	FDA9	8000	86
7195	FDB1	8001	06
7195	FDBA	8000	87
7195	FDC2	8001	07
7195	FDA9	8000	86
7195	FDB1	8001	04
7195	FDBA	8000	87
7195	FDC2	8001	05
7195	FDA9	8000	86
7195	FDB1	8001	24
7195	FDBA	8000	87
7195	FDC2	8001	25
7195	FDA9	8000	86
7195	FDB1	8001	24
7195	FDBA	8000	87
7195	FDC2	8001	25
7195	FDA9	8000	86
7195	FDB1	8001	04
7195	FDBA	8000	87
7195	FDC2	8001	05
7195	FD35	8000	86
7195	FD3E	8001	06
7195	FD45	8000	87
7195	FD4E	8001	07
7195	FDA9	8000	86
7195	FDB1	8001	24
7195	FDBA	8000	87
7195	FDC2	8001	25
7195	FC3F	8000	86
7195	FC48	8001	06
7195	FC4F	8000	87
7195	FC58	8001	07
7195	FDA9	8000	86
7195	FDB1	8001	24
7195	FDBA	8000	87
7195	FDC2	8001	25
7195	FC3F	8000	86
7195	FC48	8001	06
7195	FC4F	8000	87
7195	FC58	8001	07
7195	FDA9	8000	86
7195	FDB1	8001	2A
7195	FDBA	8000	87
7195	FDC2	8001	2B
7195	FC3F	8000	86
7195	FC48	8001	06
7195	FC4F	8000	87
7195	FC58	8001	07
7195	FDA9	8000	86
7195	FDB1	8001	1C
7195	FDBA	8000	87
7195	FDC2	8001	1D
7195	FDA9	8000	86
7195	FDB1	8001	06
7195	FDBA	8000	87
7195	FDC2	8001	07
7195	FDA9	8000	86
7195	FDB1	8001	3C
7195	FDBA	8000	87
7195	FDC2	8001	3D
7195	FC3F	8000	86
7195	FC48	8001	06
7195	FC4F	8000	87
7195	FC58	8001	07
7195	FDA9	8000	86
7195	FDB1	8001	18
7195	FDBA	8000	87
7195	FDC2	8001	19
7195	F9B3	8000	80
7195	F9B9	8001	FC
7195	F9BE	8000	81
7195	F9C4	8001	0A
7195	F9C9	8000	82
7195	F9CF	8001	A2
7195	F9D4	8000	83
7195	F9DA	8001	01
7195	F9DF	8000	84
7195	F9E5	8001	02
7195	F9EA	8000	85
7195	F9F0	8001	0A
7195	F8DB	8000	87
7195	FDA9	8000	86
7195	FDB1	8001	28
7195	FDBA	8000	87
7195	FDC2	8001	29
7195	F9B3	8000	80
7195	F9B9	8001	FC
7195	F9BE	8000	81
7195	F9C4	8001	0A
7195	F9C9	8000	82
7195	F9CF	8001	00
7195	F9D4	8000	83
7195	F9DA	8001	01
7195	F9DF	8000	84
7195	F9E5	8001	02
7195	F9EA	8000	85
7195	F9F0	8001	0A
7195	F8DB	8000	87
7195	FDA9	8000	86
7195	FDB1	8001	28
7195	FDBA	8000	87
7195	FDC2	8001	29
7196	FA23	8000	80
7196	FA29	8001	FC
7196	FA2E	8000	81
7196	FA34	8001	E2
7196	FA39	8000	82
7196	FA3F	8001	A2
7196	FA44	8000	83
7196	FA4A	8001	35
7196	FA4F	8000	84
7196	FA55	8001	B7
7196	FA5A	8000	85
7196	FA60	8001	BD
7196	FADD	8000	86
7196	FAE2	8001	18
7196	FAE9	8000	87
7196	FAEE	8001	19
7196	FAF8	8000	86
7196	FAFE	8001	28
7196	FB05	8000	87
7196	FB0B	8001	29
7196	FDA9	8000	86
7196	FDB1	8001	06
7196	FDBA	8000	87
7196	FDC2	8001	07
7196	FDA9	8000	86
7196	FDB1	8001	3C
7196	FDBA	8000	87
7196	FDC2	8001	3D
7196	F9B3	8000	80
7196	F9B9	8001	FC
7196	F9BE	8000	81
7196	F9C4	8001	0A
7196	F9C9	8000	82
7196	F9CF	8001	A2
7196	F9D4	8000	83
7196	F9DA	8001	01
7196	F9DF	8000	84
7196	F9E5	8001	02
7196	F9EA	8000	85
7196	F9F0	8001	0A
7196	F8DB	8000	87
7196	F9B3	8000	80
7196	F9B9	8001	FC
7196	F9BE	8000	81
7196	F9C4	8001	0A
7196	F9C9	8000	82
7196	F9CF	8001	00
7196	F9D4	8000	83
7196	F9DA	8001	01
7196	F9DF	8000	84
7196	F9E5	8001	02
7196	F9EA	8000	85
7196	F9F0	8001	0A
7196	F8DB	8000	87
7196	FC3F	8000	86
7196	FC48	8001	06
7196	FC4F	8000	87
7196	FC58	8001	07
7196	FDA9	8000	86
7196	FDB1	8001	18
7196	FDBA	8000	87
7196	FDC2	8001	19
7196	FDA9	8000	86
7196	FDB1	8001	28
7196	FDBA	8000	87
7196	FDC2	8001	29
7196	FDA9	8000	86
7196	FDB1	8001	28
7196	FDBA	8000	87
7196	FDC2	8001	29
7197	FA23	8000	80
7197	FA29	8001	FC
7197	FA2E	8000	81
7197	FA34	8001	E2
7197	FA39	8000	82
7197	FA3F	8001	A2
7197	FA44	8000	83
7197	FA4A	8001	35
7197	FA4F	8000	84
7197	FA55	8001	B7
7197	FA5A	8000	85
7197	FA60	8001	BD
7197	FA83	8000	86
7197	FA88	8001	18
7197	FA8D	8000	87
7197	FA92	8001	19
7197	FA9A	8000	86
7197	FAA0	8001	28
7197	FAA5	8000	87
7197	FAAB	8001	29
7197	FAB6	8000	87
7197	F9B3	8000	80
7197	F9B9	8001	FC
7197	F9BE	8000	81
7197	F9C4	8001	0A
7197	F9C9	8000	82
7197	F9CF	8001	A2
7197	F9D4	8000	83
7197	F9DA	8001	01
7197	F9DF	8000	84
7197	F9E5	8001	02
7197	F9EA	8000	85
7197	F9F0	8001	0A
7197	F8DB	8000	87
7197	F9B3	8000	80
7197	F9B9	8001	FC
7197	F9BE	8000	81
7197	F9C4	8001	0A
7197	F9C9	8000	82
7197	F9CF	8001	00
7197	F9D4	8000	83
7197	F9DA	8001	01
7197	F9DF	8000	84
7197	F9E5	8001	02
7197	F9EA	8000	85
7197	F9F0	8001	0A
7197	F8DB	8000	87
7198	FA23	8000	80
7198	FA29	8001	FC
7198	FA2E	8000	81
7198	FA34	8001	E2
7198	FA39	8000	82
7198	FA3F	8001	A2
7198	FA44	8000	83
7198	FA4A	8001	35
7198	FA4F	8000	84
7198	FA55	8001	B7
7198	FA5A	8000	85
7198	FA60	8001	BD
7198	FADD	8000	86
7198	FAE2	8001	18
7198	FAE9	8000	87
7198	FAEE	8001	19
7198	FAF8	8000	86
7198	FAFE	8001	28
7198	FB05	8000	87
7198	FB0B	8001	29
7198	FDA9	8000	86
7198	FDB1	8001	06
7198	FDBA	8000	87
7198	FDC2	8001	07
7198	FDA9	8000	86
7198	FDB1	8001	3C
7198	FDBA	8000	87
7198	FDC2	8001	3D
7198	FC3F	8000	86
7198	FC48	8001	06
7198	FC4F	8000	87
7198	FC58	8001	07
7198	FDA9	8000	86
7198	FDB1	8001	18
7198	FDBA	8000	87
7198	FDC2	8001	19
7198	FDA9	8000	86
7198	FDB1	8001	28
7198	FDBA	8000	87
7198	FDC2	8001	29
7198	F9B3	8000	80
7198	F9B9	8001	FC
7198	F9BE	8000	81
7198	F9C4	8001	0A
7198	F9C9	8000	82
7198	F9CF	8001	A2
7198	F9D4	8000	83
7198	F9DA	8001	01
7198	F9DF	8000	84
7198	F9E5	8001	02
7198	F9EA	8000	85
7198	F9F0	8001	0A
7198	F8DB	8000	87
7198	FDA9	8000	86
7198	FDB1	8001	28
7198	FDBA	8000	87
7198	FDC2	8001	29
7198	F9B3	8000	80
7198	F9B9	8001	FC
7198	F9BE	8000	81
7198	F9C4	8001	0A
7198	F9C9	8000	82
7198	F9CF	8001	00
7198	F9D4	8000	83
7198	F9DA	8001	01
7198	F9DF	8000	84
7198	F9E5	8001	02
7198	F9EA	8000	85
7198	F9F0	8001	0A
7198	F8DB	8000	87
7199	FE2D	8000	87
7199	FE30	8001	3C
7199	B058	8000	86
7199	B05B	8001	3A
7199	B120	8000	00
7199	B123	8001	00
7199	B120	8000	00
7199	B123	8001	00
7199	FA23	8000	80
7199	FA29	8001	FC
7199	FA2E	8000	81
7199	FA34	8001	E2
7199	FA39	8000	82
7199	FA3F	8001	A2
7199	FA44	8000	83
7199	FA4A	8001	35
7199	FA4F	8000	84
7199	FA55	8001	B7
7199	FA5A	8000	85
7199	FA60	8001	BD
7199	FA83	8000	86
7199	FA88	8001	18
7199	FA8D	8000	87
7199	FA92	8001	19
7199	FA9A	8000	86
7199	FAA0	8001	28
7199	FAA5	8000	87
7199	FAAB	8001	29
7199	FAB6	8000	87
7199	F9B3	8000	80
7199	F9B9	8001	FC
7199	F9BE	8000	81
7199	F9C4	8001	0A
7199	F9C9	8000	82
7199	F9CF	8001	A2
7199	F9D4	8000	83
7199	F9DA	8001	01
7199	F9DF	8000	84
7199	F9E5	8001	02
7199	F9EA	8000	85
7199	F9F0	8001	0A
7199	F8DB	8000	87
7199	F9B3	8000	80
7199	F9B9	8001	FC
7199	F9BE	8000	81
7199	F9C4	8001	0A
7199	F9C9	8000	82
7199	F9CF	8001	00
7199	F9D4	8000	83
7199	F9DA	8001	01
7199	F9DF	8000	84
7199	F9E5	8001	02
7199	F9EA	8000	85
7199	F9F0	8001	0A
7199	F8DB	8000	87
7200	FE2D	8000	87
7200	FE30	8001	3C
7200	B058	8000	86
7200	B05B	8001	38
7200	B120	8000	00
7200	B123	8001	00
7200	B120	8000	00
7200	B123	8001	00
7200	FA23	8000	80
7200	FA29	8001	FC
7200	FA2E	8000	81
7200	FA34	8001	E2
7200	FA39	8000	82
7200	FA3F	8001	A2
7200	FA44	8000	83
7200	FA4A	8001	35
7200	FA4F	8000	84
7200	FA55	8001	B7
7200	FA5A	8000	85
7200	FA60	8001	BD
7200	FA83	8000	86
7200	FA88	8001	18
7200	FA8D	8000	87
7200	FA92	8001	19
7200	FA9A	8000	86
7200	FAA0	8001	28
7200	FAA5	8000	87
7200	FAAB	8001	29
7200	FAB6	8000	87
7200	F9B3	8000	80
7200	F9B9	8001	FC
7200	F9BE	8000	81
7200	F9C4	8001	0A
7200	F9C9	8000	82
7200	F9CF	8001	A2
7200	F9D4	8000	83
7200	F9DA	8001	01
7200	F9DF	8000	84
7200	F9E5	8001	02
7200	F9EA	8000	85
7200	F9F0	8001	0A
7200	F8DB	8000	87
7200	F9B3	8000	80
7200	F9B9	8001	FC
7200	F9BE	8000	81
7200	F9C4	8001	0A
7200	F9C9	8000	82
7200	F9CF	8001	00
7200	F9D4	8000	83
7200	F9DA	8001	01
7200	F9DF	8000	84
7200	F9E5	8001	02
7200	F9EA	8000	85
7200	F9F0	8001	0A
7200	F8DB	8000	87
7201	FE2D	8000	87
7201	FE30	8001	3C
7201	B058	8000	86
7201	B05B	8001	39
7201	B120	8000	00
7201	B123	8001	00
7201	B120	8000	00
7201	B123	8001	00
7201	FA23	8000	80
7201	FA29	8001	FC
7201	FA2E	8000	81
7201	FA34	8001	E2
7201	FA39	8000	82
7201	FA3F	8001	A2
7201	FA44	8000	83
7201	FA4A	8001	35
7201	FA4F	8000	84
7201	FA55	8001	B7
7201	FA5A	8000	85
7201	FA60	8001	BD
7201	FA83	8000	86
7201	FA88	8001	18
7201	FA8D	8000	87
7201	FA92	8001	19
7201	FA9A	8000	86
7201	FAA0	8001	28
7201	FAA5	8000	87
7201	FAAB	8001	29
7201	FAB6	8000	87
7201	F9B3	8000	80
7201	F9B9	8001	FC
7201	F9BE	8000	81
7201	F9C4	8001	0A
7201	F9C9	8000	82
7201	F9CF	8001	A2
7201	F9D4	8000	83
7201	F9DA	8001	01
7201	F9DF	8000	84
7201	F9E5	8001	02
7201	F9EA	8000	85
7201	F9F0	8001	0A
7201	F8DB	8000	87
7201	F9B3	8000	80
7201	F9B9	8001	FC
7201	F9BE	8000	81
7201	F9C4	8001	0A
7201	F9C9	8000	82
7201	F9CF	8001	00
7201	F9D4	8000	83
7201	F9DA	8001	01
7201	F9DF	8000	84
7201	F9E5	8001	02
7201	F9EA	8000	85
7201	F9F0	8001	0A
7201	F8DB	8000	87
7202	FE2D	8000	87
7202	FE30	8001	3C
7202	B058	8000	86
7202	B05B	8001	39
7202	B120	8000	00
7202	B123	8001	00
7202	B120	8000	00
7202	B123	8001	00
7202	FA23	8000	80
7202	FA29	8001	FC
7202	FA2E	8000	81
7202	FA34	8001	E2
7202	FA39	8000	82
7202	FA3F	8001	A2
7202	FA44	8000	83
7202	FA4A	8001	35
7202	FA4F	8000	84
7202	FA55	8001	B7
7202	FA5A	8000	85
7202	FA60	8001	BD
7202	FA83	8000	86
7202	FA88	8001	18
7202	FA8D	8000	87
7202	FA92	8001	19
7202	FA9A	8000	86
7202	FAA0	8001	28
7202	FAA5	8000	87
7202	FAAB	8001	29
7202	FAB6	8000	87
7202	F9B3	8000	80
7202	F9B9	8001	FC
7202	F9BE	8000	81
7202	F9C4	8001	0A
7202	F9C9	8000	82
7202	F9CF	8001	A2
7202	F9D4	8000	83
7202	F9DA	8001	01
7202	F9DF	8000	84
7202	F9E5	8001	02
7202	F9EA	8000	85
7202	F9F0	8001	0A
7202	F8DB	8000	87
7202	F9B3	8000	80
7202	F9B9	8001	FC
7202	F9BE	8000	81
7202	F9C4	8001	0A
7202	F9C9	8000	82
7202	F9CF	8001	00
7202	F9D4	8000	83
7202	F9DA	8001	01
7202	F9DF	8000	84
7202	F9E5	8001	02
7202	F9EA	8000	85
7202	F9F0	8001	0A
7202	F8DB	8000	87
7203	FE2D	8000	87
7203	FE30	8001	3C
7203	B058	8000	86
7203	B05B	8001	39
7203	B120	8000	00
7203	B123	8001	00
7203	B120	8000	00
7203	B123	8001	00
7203	FA23	8000	80
7203	FA29	8001	FC
7203	FA2E	8000	81
7203	FA34	8001	E2
7203	FA39	8000	82
7203	FA3F	8001	A2
7203	FA44	8000	83
7203	FA4A	8001	35
7203	FA4F	8000	84
7203	FA55	8001	B7
7203	FA5A	8000	85
7203	FA60	8001	BD
7203	FA83	8000	86
7203	FA88	8001	18
7203	FA8D	8000	87
7203	FA92	8001	19
7203	FA9A	8000	86
7203	FAA0	8001	28
7203	FAA5	8000	87
7203	FAAB	8001	29
7203	FAB6	8000	87
7203	F9B3	8000	80
7203	F9B9	8001	FC
7203	F9BE	8000	81
7203	F9C4	8001	0A
7203	F9C9	8000	82
7203	F9CF	8001	A2
7203	F9D4	8000	83
7203	F9DA	8001	01
7203	F9DF	8000	84
7203	F9E5	8001	02
7203	F9EA	8000	85
7203	F9F0	8001	0A
7203	F8DB	8000	87
7203	F9B3	8000	80
7203	F9B9	8001	FC
7203	F9BE	8000	81
7203	F9C4	8001	0A
7203	F9C9	8000	82
7203	F9CF	8001	00
7203	F9D4	8000	83
7203	F9DA	8001	01
7203	F9DF	8000	84
7203	F9E5	8001	02
7203	F9EA	8000	85
7203	F9F0	8001	0A
7203	F8DB	8000	87
7204	FA23	8000	80
7204	FA29	8001	FC
7204	FA2E	8000	81
7204	FA34	8001	E2
7204	FA39	8000	82
7204	FA3F	8001	A2
7204	FA44	8000	83
7204	FA4A	8001	35
7204	FA4F	8000	84
7204	FA55	8001	B7
7204	FA5A	8000	85
7204	FA60	8001	BD
7204	FADD	8000	86
7204	FAE2	8001	18
7204	FAE9	8000	87
7204	FAEE	8001	19
7204	BF0A	8000	86
7204	C8E1	8001	00
7204	C8E6	8000	87
7204	C8EB	8001	01
7204	C900	8000	86
7204	C905	8001	18
7204	C90A	8000	87
7204	C90F	8001	19
7204	BF0A	8000	86
7204	C8E1	8001	00
7204	C8E6	8000	87
7204	C8EB	8001	01
7204	C900	8000	86
7204	C905	8001	18
7204	C90A	8000	87
7204	C90F	8001	19
7204	BF0A	8000	86
7204	C8E1	8001	00
7204	C8E6	8000	87
7204	C8EB	8001	01
7204	C900	8000	86
7204	C905	8001	18
7204	C90A	8000	87
7204	C90F	8001	19
7204	FAF8	8000	86
7204	FAFE	8001	28
7204	FB05	8000	87
7204	FB0B	8001	29
7204	FDA9	8000	86
7204	FDB1	8001	06
7204	FDBA	8000	87
7204	FDC2	8001	07
7204	FC3F	8000	86
7204	FC48	8001	06
7204	FC4F	8000	87
7204	FC58	8001	07
7204	FDA9	8000	86
7204	FDB1	8001	18
7204	FDBA	8000	87
7204	FDC2	8001	19
7204	FDA9	8000	86
7204	FDB1	8001	28
7204	FDBA	8000	87
7204	FDC2	8001	29
7204	FDA9	8000	86
7204	FDB1	8001	28
7204	FDBA	8000	87
7204	FDC2	8001	29
7204	F9B3	8000	80
7204	F9B9	8001	FC
7204	F9BE	8000	81
7204	F9C4	8001	0A
7204	F9C9	8000	82
7204	F9CF	8001	A2
7204	F9D4	8000	83
7204	F9DA	8001	01
7204	F9DF	8000	84
7204	F9E5	8001	02
7204	F9EA	8000	85
7204	F9F0	8001	0A
7204	F8DB	8000	87
7204	F9B3	8000	80
7204	F9B9	8001	FC
7204	F9BE	8000	81
7204	F9C4	8001	0A
7204	F9C9	8000	82
7204	F9CF	8001	00
7204	F9D4	8000	83
7204	F9DA	8001	01
7204	F9DF	8000	84
7204	F9E5	8001	02
7204	F9EA	8000	85
7204	F9F0	8001	0A
7204	F8DB	8000	87
7205	FA23	8000	80
7205	FA29	8001	FC
7205	FA2E	8000	81
7205	FA34	8001	E2
7205	FA39	8000	82
7205	FA3F	8001	A2
7205	FA44	8000	83
7205	FA4A	8001	35
7205	FA4F	8000	84
7205	FA55	8001	B7
7205	FA5A	8000	85
7205	FA60	8001	BD
7205	FADD	8000	86
7205	FAE2	8001	18
7205	FAE9	8000	87
7205	FAEE	8001	19
7205	FAF8	8000	86
7205	FAFE	8001	28
7205	FB05	8000	87
7205	FB0B	8001	29
7205	FDA9	8000	86
7205	FDB1	8001	06
7205	FDBA	8000	87
7205	FDC2	8001	07
7205	FC3F	8000	86
7205	FC48	8001	06
7205	FC4F	8000	87
7205	FC58	8001	07
7205	FDA9	8000	86
7205	FDB1	8001	18
7205	FDBA	8000	87
7205	FDC2	8001	19
7205	FDA9	8000	86
7205	FDB1	8001	28
7205	FDBA	8000	87
7205	FDC2	8001	29
7205	FDA9	8000	86
7205	FDB1	8001	28
7205	FDBA	8000	87
7205	FDC2	8001	29
7205	F9B3	8000	80
7205	F9B9	8001	FC
7205	F9BE	8000	81
7205	F9C4	8001	0A
7205	F9C9	8000	82
7205	F9CF	8001	A2
7205	F9D4	8000	83
7205	F9DA	8001	01
7205	F9DF	8000	84
7205	F9E5	8001	02
7205	F9EA	8000	85
7205	F9F0	8001	0A
7205	F8DB	8000	87
7205	F9B3	8000	80
7205	F9B9	8001	FC
7205	F9BE	8000	81
7205	F9C4	8001	0A
7205	F9C9	8000	82
7205	F9CF	8001	00
7205	F9D4	8000	83
7205	F9DA	8001	01
7205	F9DF	8000	84
7205	F9E5	8001	02
7205	F9EA	8000	85
7205	F9F0	8001	0A
7205	F8DB	8000	87
7206	FA23	8000	80
7206	FA29	8001	FC
7206	FA2E	8000	81
7206	FA34	8001	E2
7206	FA39	8000	82
7206	FA3F	8001	A2
7206	FA44	8000	83
7206	FA4A	8001	35
7206	FA4F	8000	84
7206	FA55	8001	B7
7206	FA5A	8000	85
7206	FA60	8001	BD
7206	FADD	8000	86
7206	FAE2	8001	18
7206	FAE9	8000	87
7206	FAEE	8001	19
7206	FAF8	8000	86
7206	FAFE	8001	28
7206	FB05	8000	87
7206	FB0B	8001	29
7206	FDA9	8000	86
7206	FDB1	8001	06
7206	FDBA	8000	87
7206	FDC2	8001	07
7206	FC3F	8000	86
7206	FC48	8001	06
7206	FC4F	8000	87
7206	FC58	8001	07
7206	FDA9	8000	86
7206	FDB1	8001	18
7206	FDBA	8000	87
7206	FDC2	8001	19
7206	FDA9	8000	86
7206	FDB1	8001	28
7206	FDBA	8000	87
7206	FDC2	8001	29
7206	FDA9	8000	86
7206	FDB1	8001	28
7206	FDBA	8000	87
7206	FDC2	8001	29
7206	F9B3	8000	80
7206	F9B9	8001	FC
7206	F9BE	8000	81
7206	F9C4	8001	0A
7206	F9C9	8000	82
7206	F9CF	8001	A2
7206	F9D4	8000	83
7206	F9DA	8001	01
7206	F9DF	8000	84
7206	F9E5	8001	02
7206	F9EA	8000	85
7206	F9F0	8001	0A
7206	F8DB	8000	87
7206	F9B3	8000	80
7206	F9B9	8001	FC
7206	F9BE	8000	81
7206	F9C4	8001	0A
7206	F9C9	8000	82
7206	F9CF	8001	00
7206	F9D4	8000	83
7206	F9DA	8001	01
7206	F9DF	8000	84
7206	F9E5	8001	02
7206	F9EA	8000	85
7206	F9F0	8001	0A
7206	F8DB	8000	87
7207	FA23	8000	80
7207	FA29	8001	FC
7207	FA2E	8000	81
7207	FA34	8001	E2
7207	FA39	8000	82
7207	FA3F	8001	A2
7207	FA44	8000	83
7207	FA4A	8001	35
7207	FA4F	8000	84
7207	FA55	8001	B7
7207	FA5A	8000	85
7207	FA60	8001	BD
7207	FADD	8000	86
7207	FAE2	8001	18
7207	FAE9	8000	87
7207	FAEE	8001	19
7207	FAF8	8000	86
7207	FAFE	8001	28
7207	FB05	8000	87
7207	FB0B	8001	29
7207	FDA9	8000	86
7207	FDB1	8001	06
7207	FDBA	8000	87
7207	FDC2	8001	07
7207	FC3F	8000	86
7207	FC48	8001	06
7207	FC4F	8000	87
7207	FC58	8001	07
7207	FDA9	8000	86
7207	FDB1	8001	18
7207	FDBA	8000	87
7207	FDC2	8001	19
7207	FDA9	8000	86
7207	FDB1	8001	28
7207	FDBA	8000	87
7207	FDC2	8001	29
7207	FDA9	8000	86
7207	FDB1	8001	28
7207	FDBA	8000	87
7207	FDC2	8001	29
7207	F9B3	8000	80
7207	F9B9	8001	FC
7207	F9BE	8000	81
7207	F9C4	8001	0A
7207	F9C9	8000	82
7207	F9CF	8001	A2
7207	F9D4	8000	83
7207	F9DA	8001	01
7207	F9DF	8000	84
7207	F9E5	8001	02
7207	F9EA	8000	85
7207	F9F0	8001	0A
7207	F8DB	8000	87
7207	F9B3	8000	80
7207	F9B9	8001	FC
7207	F9BE	8000	81
7207	F9C4	8001	0A
7207	F9C9	8000	82
7207	F9CF	8001	00
7207	F9D4	8000	83
7207	F9DA	8001	01
7207	F9DF	8000	84
7207	F9E5	8001	02
7207	F9EA	8000	85
7207	F9F0	8001	0A
7207	F8DB	8000	87
7208	FA23	8000	80
7208	FA29	8001	FC
7208	FA2E	8000	81
7208	FA34	8001	E2
7208	FA39	8000	82
7208	FA3F	8001	A2
7208	FA44	8000	83
7208	FA4A	8001	35
7208	FA4F	8000	84
7208	FA55	8001	B7
7208	FA5A	8000	85
7208	FA60	8001	BD
7208	FADD	8000	86
7208	FAE2	8001	18
7208	FAE9	8000	87
7208	FAEE	8001	19
7208	FAF8	8000	86
7208	FAFE	8001	28
7208	FB05	8000	87
7208	FB0B	8001	29
7208	FDA9	8000	86
7208	FDB1	8001	06
7208	FDBA	8000	87
7208	FDC2	8001	07
7208	FC3F	8000	86
7208	FC48	8001	06
7208	FC4F	8000	87
7208	FC58	8001	07
7208	FDA9	8000	86
7208	FDB1	8001	18
7208	FDBA	8000	87
7208	FDC2	8001	19
7208	FDA9	8000	86
7208	FDB1	8001	28
7208	FDBA	8000	87
7208	FDC2	8001	29
7208	FDA9	8000	86
7208	FDB1	8001	28
7208	FDBA	8000	87
7208	FDC2	8001	29
7208	F9B3	8000	80
7208	F9B9	8001	FC
7208	F9BE	8000	81
7208	F9C4	8001	0A
7208	F9C9	8000	82
7208	F9CF	8001	A2
7208	F9D4	8000	83
7208	F9DA	8001	01
7208	F9DF	8000	84
7208	F9E5	8001	02
7208	F9EA	8000	85
7208	F9F0	8001	0A
7208	F8DB	8000	87
7208	F9B3	8000	80
7208	F9B9	8001	FC
7208	F9BE	8000	81
7208	F9C4	8001	0A
7208	F9C9	8000	82
7208	F9CF	8001	00
7208	F9D4	8000	83
7208	F9DA	8001	01
7208	F9DF	8000	84
7208	F9E5	8001	02
7208	F9EA	8000	85
7208	F9F0	8001	0A
7208	F8DB	8000	87
7209	FA23	8000	80
7209	FA29	8001	FC
7209	FA2E	8000	81
7209	FA34	8001	E2
7209	FA39	8000	82
7209	FA3F	8001	A2
7209	FA44	8000	83
7209	FA4A	8001	35
7209	FA4F	8000	84
7209	FA55	8001	B7
7209	FA5A	8000	85
7209	FA60	8001	BD
7209	FADD	8000	86
7209	FAE2	8001	18
7209	FAE9	8000	87
7209	FAEE	8001	19
7209	FAF8	8000	86
7209	FAFE	8001	28
7209	FB05	8000	87
7209	FB0B	8001	29
7209	FDA9	8000	86
7209	FDB1	8001	06
7209	FDBA	8000	87
7209	FDC2	8001	07
7209	FC3F	8000	86
7209	FC48	8001	06
7209	FC4F	8000	87
7209	FC58	8001	07
7209	FDA9	8000	86
7209	FDB1	8001	18
7209	FDBA	8000	87
7209	FDC2	8001	19
7209	FDA9	8000	86
7209	FDB1	8001	28
7209	FDBA	8000	87
7209	FDC2	8001	29
7209	FDA9	8000	86
7209	FDB1	8001	28
7209	FDBA	8000	87
7209	FDC2	8001	29
7209	F9B3	8000	80
7209	F9B9	8001	FC
7209	F9BE	8000	81
7209	F9C4	8001	0A
7209	F9C9	8000	82
7209	F9CF	8001	A2
7209	F9D4	8000	83
7209	F9DA	8001	01
7209	F9DF	8000	84
7209	F9E5	8001	02
7209	F9EA	8000	85
7209	F9F0	8001	0A
7209	F8DB	8000	87
7209	F9B3	8000	80
7209	F9B9	8001	FC
7209	F9BE	8000	81
7209	F9C4	8001	0A
7209	F9C9	8000	82
7209	F9CF	8001	00
7209	F9D4	8000	83
7209	F9DA	8001	01
7209	F9DF	8000	84
7209	F9E5	8001	02
7209	F9EA	8000	85
7209	F9F0	8001	0A
7209	F8DB	8000	87
7210	FA23	8000	80
7210	FA29	8001	FC
7210	FA2E	8000	81
7210	FA34	8001	E2
7210	FA39	8000	82
7210	FA3F	8001	A2
7210	FA44	8000	83
7210	FA4A	8001	35
7210	FA4F	8000	84
7210	FA55	8001	B7
7210	FA5A	8000	85
7210	FA60	8001	BD
7210	FADD	8000	86
7210	FAE2	8001	18
7210	FAE9	8000	87
7210	FAEE	8001	19
7210	FAF8	8000	86
7210	FAFE	8001	28
7210	FB05	8000	87
7210	FB0B	8001	29
7210	FDA9	8000	86
7210	FDB1	8001	06
7210	FDBA	8000	87
7210	FDC2	8001	07
7210	FC3F	8000	86
7210	FC48	8001	06
7210	FC4F	8000	87
7210	FC58	8001	07
7210	FDA9	8000	86
7210	FDB1	8001	18
7210	FDBA	8000	87
7210	FDC2	8001	19
7210	FDA9	8000	86
7210	FDB1	8001	28
7210	FDBA	8000	87
7210	FDC2	8001	29
7210	FDA9	8000	86
7210	FDB1	8001	28
7210	FDBA	8000	87
7210	FDC2	8001	29
7210	F9B3	8000	80
7210	F9B9	8001	FC
7210	F9BE	8000	81
7210	F9C4	8001	0A
7210	F9C9	8000	82
7210	F9CF	8001	A2
7210	F9D4	8000	83
7210	F9DA	8001	01
7210	F9DF	8000	84
7210	F9E5	8001	02
7210	F9EA	8000	85
7210	F9F0	8001	0A
7210	F8DB	8000	87
7210	F9B3	8000	80
7210	F9B9	8001	FC
7210	F9BE	8000	81
7210	F9C4	8001	0A
7210	F9C9	8000	82
7210	F9CF	8001	00
7210	F9D4	8000	83
7210	F9DA	8001	01
7210	F9DF	8000	84
7210	F9E5	8001	02
7210	F9EA	8000	85
7210	F9F0	8001	0A
7210	F8DB	8000	87
7211	FA23	8000	80
7211	FA29	8001	FC
7211	FA2E	8000	81
7211	FA34	8001	E2
7211	FA39	8000	82
7211	FA3F	8001	A2
7211	FA44	8000	83
7211	FA4A	8001	35
7211	FA4F	8000	84
7211	FA55	8001	B7
7211	FA5A	8000	85
7211	FA60	8001	BD
7211	FADD	8000	86
7211	FAE2	8001	18
7211	FAE9	8000	87
7211	FAEE	8001	19
7211	FAF8	8000	86
7211	FAFE	8001	28
7211	FB05	8000	87
7211	FB0B	8001	29
7211	FDA9	8000	86
7211	FDB1	8001	06
7211	FDBA	8000	87
7211	FDC2	8001	07
7211	FC3F	8000	86
7211	FC48	8001	06
7211	FC4F	8000	87
7211	FC58	8001	07
7211	FDA9	8000	86
7211	FDB1	8001	18
7211	FDBA	8000	87
7211	FDC2	8001	19
7211	FDA9	8000	86
7211	FDB1	8001	28
7211	FDBA	8000	87
7211	FDC2	8001	29
7211	FDA9	8000	86
7211	FDB1	8001	28
7211	FDBA	8000	87
7211	FDC2	8001	29
7211	F9B3	8000	80
7211	F9B9	8001	FC
7211	F9BE	8000	81
7211	F9C4	8001	0A
7211	F9C9	8000	82
7211	F9CF	8001	A2
7211	F9D4	8000	83
7211	F9DA	8001	01
7211	F9DF	8000	84
7211	F9E5	8001	02
7211	F9EA	8000	85
7211	F9F0	8001	0A
7211	F8DB	8000	87
7211	F9B3	8000	80
7211	F9B9	8001	FC
7211	F9BE	8000	81
7211	F9C4	8001	0A
7211	F9C9	8000	82
7211	F9CF	8001	00
7211	F9D4	8000	83
7211	F9DA	8001	01
7211	F9DF	8000	84
7211	F9E5	8001	02
7211	F9EA	8000	85
7211	F9F0	8001	0A
7211	F8DB	8000	87
7212	FA23	8000	80
7212	FA29	8001	FC
7212	FA2E	8000	81
7212	FA34	8001	E2
7212	FA39	8000	82
7212	FA3F	8001	A2
7212	FA44	8000	83
7212	FA4A	8001	35
7212	FA4F	8000	84
7212	FA55	8001	B7
7212	FA5A	8000	85
7212	FA60	8001	BD
7212	FADD	8000	86
7212	FAE2	8001	18
7212	FAE9	8000	87
7212	FAEE	8001	19
7212	FAF8	8000	86
7212	FAFE	8001	28
7212	FB05	8000	87
7212	FB0B	8001	29
7212	FDA9	8000	86
7212	FDB1	8001	06
7212	FDBA	8000	87
7212	FDC2	8001	07
7212	FC3F	8000	86
7212	FC48	8001	06
7212	FC4F	8000	87
7212	FC58	8001	07
7212	FDA9	8000	86
7212	FDB1	8001	18
7212	FDBA	8000	87
7212	FDC2	8001	19
7212	FDA9	8000	86
7212	FDB1	8001	28
7212	FDBA	8000	87
7212	FDC2	8001	29
7212	FDA9	8000	86
7212	FDB1	8001	28
7212	FDBA	8000	87
7212	FDC2	8001	29
7212	F9B3	8000	80
7212	F9B9	8001	FC
7212	F9BE	8000	81
7212	F9C4	8001	0A
7212	F9C9	8000	82
7212	F9CF	8001	A2
7212	F9D4	8000	83
7212	F9DA	8001	01
7212	F9DF	8000	84
7212	F9E5	8001	02
7212	F9EA	8000	85
7212	F9F0	8001	0A
7212	F8DB	8000	87
7212	F9B3	8000	80
7212	F9B9	8001	FC
7212	F9BE	8000	81
7212	F9C4	8001	0A
7212	F9C9	8000	82
7212	F9CF	8001	00
7212	F9D4	8000	83
7212	F9DA	8001	01
7212	F9DF	8000	84
7212	F9E5	8001	02
7212	F9EA	8000	85
7212	F9F0	8001	0A
7212	F8DB	8000	87
7213	FA23	8000	80
7213	FA29	8001	FC
7213	FA2E	8000	81
7213	FA34	8001	E2
7213	FA39	8000	82
7213	FA3F	8001	A2
7213	FA44	8000	83
7213	FA4A	8001	35
7213	FA4F	8000	84
7213	FA55	8001	B7
7213	FA5A	8000	85
7213	FA60	8001	BD
7213	FADD	8000	86
7213	FAE2	8001	18
7213	FAE9	8000	87
7213	FAEE	8001	19
7213	FAF8	8000	86
7213	FAFE	8001	28
7213	FB05	8000	87
7213	FB0B	8001	29
7213	FDA9	8000	86
7213	FDB1	8001	06
7213	FDBA	8000	87
7213	FDC2	8001	07
7213	FC3F	8000	86
7213	FC48	8001	06
7213	FC4F	8000	87
7213	FC58	8001	07
7213	FDA9	8000	86
7213	FDB1	8001	18
7213	FDBA	8000	87
7213	FDC2	8001	19
7213	FDA9	8000	86
7213	FDB1	8001	28
7213	FDBA	8000	87
7213	FDC2	8001	29
7213	FDA9	8000	86
7213	FDB1	8001	28
7213	FDBA	8000	87
7213	FDC2	8001	29
7213	F9B3	8000	80
7213	F9B9	8001	FC
7213	F9BE	8000	81
7213	F9C4	8001	0A
7213	F9C9	8000	82
7213	F9CF	8001	A2
7213	F9D4	8000	83
7213	F9DA	8001	01
7213	F9DF	8000	84
7213	F9E5	8001	02
7213	F9EA	8000	85
7213	F9F0	8001	0A
7213	F8DB	8000	87
7213	F9B3	8000	80
7213	F9B9	8001	FC
7213	F9BE	8000	81
7213	F9C4	8001	0A
7213	F9C9	8000	82
7213	F9CF	8001	00
7213	F9D4	8000	83
7213	F9DA	8001	01
7213	F9DF	8000	84
7213	F9E5	8001	02
7213	F9EA	8000	85
7213	F9F0	8001	0A
7213	F8DB	8000	87
7214	FA23	8000	80
7214	FA29	8001	FC
7214	FA2E	8000	81
7214	FA34	8001	E2
7214	FA39	8000	82
7214	FA3F	8001	A2
7214	FA44	8000	83
7214	FA4A	8001	35
7214	FA4F	8000	84
7214	FA55	8001	B7
7214	FA5A	8000	85
7214	FA60	8001	BD
7214	FADD	8000	86
7214	FAE2	8001	18
7214	FAE9	8000	87
7214	FAEE	8001	19
7214	BF0A	8000	86
7214	C8E1	8001	00
7214	C8E6	8000	87
7214	C8EB	8001	01
7214	C900	8000	86
7214	C905	8001	18
7214	C90A	8000	87
7214	C90F	8001	19
7214	BF0A	8000	86
7214	C8E1	8001	00
7214	C8E6	8000	87
7214	C8EB	8001	01
7214	C900	8000	86
7214	C905	8001	18
7214	C90A	8000	87
7214	C90F	8001	19
7214	FAF8	8000	86
7214	FAFE	8001	28
7214	FB05	8000	87
7214	FB0B	8001	29
7214	FDA9	8000	86
7214	FDB1	8001	06
7214	FDBA	8000	87
7214	FDC2	8001	07
7214	FC3F	8000	86
7214	FC48	8001	06
7214	FC4F	8000	87
7214	FC58	8001	07
7214	FDA9	8000	86
7214	FDB1	8001	18
7214	FDBA	8000	87
7214	FDC2	8001	19
7214	FDA9	8000	86
7214	FDB1	8001	28
7214	FDBA	8000	87
7214	FDC2	8001	29
7214	FDA9	8000	86
7214	FDB1	8001	28
7214	FDBA	8000	87
7214	FDC2	8001	29
7214	F9B3	8000	80
7214	F9B9	8001	FC
7214	F9BE	8000	81
7214	F9C4	8001	0A
7214	F9C9	8000	82
7214	F9CF	8001	A2
7214	F9D4	8000	83
7214	F9DA	8001	01
7214	F9DF	8000	84
7214	F9E5	8001	02
7214	F9EA	8000	85
7214	F9F0	8001	0A
7214	F8DB	8000	87
7214	F9B3	8000	80
7214	F9B9	8001	FC
7214	F9BE	8000	81
7214	F9C4	8001	0A
7214	F9C9	8000	82
7214	F9CF	8001	00
7214	F9D4	8000	83
7214	F9DA	8001	01
7214	F9DF	8000	84
7214	F9E5	8001	02
7214	F9EA	8000	85
7214	F9F0	8001	0A
7214	F8DB	8000	87
7215	FA23	8000	80
7215	FA29	8001	FC
7215	FA2E	8000	81
7215	FA34	8001	E2
7215	FA39	8000	82
7215	FA3F	8001	A2
7215	FA44	8000	83
7215	FA4A	8001	35
7215	FA4F	8000	84
7215	FA55	8001	B7
7215	FA5A	8000	85
7215	FA60	8001	BD
7215	FADD	8000	86
7215	FAE2	8001	18
7215	FAE9	8000	87
7215	FAEE	8001	19
7215	FAF8	8000	86
7215	FAFE	8001	28
7215	FB05	8000	87
7215	FB0B	8001	29
7215	FDA9	8000	86
7215	FDB1	8001	06
7215	FDBA	8000	87
7215	FDC2	8001	07
7215	FC3F	8000	86
7215	FC48	8001	06
7215	FC4F	8000	87
7215	FC58	8001	07
7215	FDA9	8000	86
7215	FDB1	8001	18
7215	FDBA	8000	87
7215	FDC2	8001	19
7215	FDA9	8000	86
7215	FDB1	8001	28
7215	FDBA	8000	87
7215	FDC2	8001	29
7215	FDA9	8000	86
7215	FDB1	8001	28
7215	FDBA	8000	87
7215	FDC2	8001	29
7215	F9B3	8000	80
7215	F9B9	8001	FC
7215	F9BE	8000	81
7215	F9C4	8001	0A
7215	F9C9	8000	82
7215	F9CF	8001	A2
7215	F9D4	8000	83
7215	F9DA	8001	01
7215	F9DF	8000	84
7215	F9E5	8001	02
7215	F9EA	8000	85
7215	F9F0	8001	0A
7215	F8DB	8000	87
7215	F9B3	8000	80
7215	F9B9	8001	FC
7215	F9BE	8000	81
7215	F9C4	8001	0A
7215	F9C9	8000	82
7215	F9CF	8001	00
7215	F9D4	8000	83
7215	F9DA	8001	01
7215	F9DF	8000	84
7215	F9E5	8001	02
7215	F9EA	8000	85
7215	F9F0	8001	0A
7215	F8DB	8000	87
7216	FA23	8000	80
7216	FA29	8001	FC
7216	FA2E	8000	81
7216	FA34	8001	E2
7216	FA39	8000	82
7216	FA3F	8001	A2
7216	FA44	8000	83
7216	FA4A	8001	35
7216	FA4F	8000	84
7216	FA55	8001	B7
7216	FA5A	8000	85
7216	FA60	8001	BD
7216	FADD	8000	86
7216	FAE2	8001	18
7216	FAE9	8000	87
7216	FAEE	8001	19
7216	FAF8	8000	86
7216	FAFE	8001	28
7216	FB05	8000	87
7216	FB0B	8001	29
7216	FDA9	8000	86
7216	FDB1	8001	06
7216	FDBA	8000	87
7216	FDC2	8001	07
7216	FC3F	8000	86
7216	FC48	8001	06
7216	FC4F	8000	87
7216	FC58	8001	07
7216	FDA9	8000	86
7216	FDB1	8001	18
7216	FDBA	8000	87
7216	FDC2	8001	19
7216	FDA9	8000	86
7216	FDB1	8001	28
7216	FDBA	8000	87
7216	FDC2	8001	29
7216	FDA9	8000	86
7216	FDB1	8001	28
7216	FDBA	8000	87
7216	FDC2	8001	29
7216	F9B3	8000	80
7216	F9B9	8001	FC
7216	F9BE	8000	81
7216	F9C4	8001	0A
7216	F9C9	8000	82
7216	F9CF	8001	A2
7216	F9D4	8000	83
7216	F9DA	8001	01
7216	F9DF	8000	84
7216	F9E5	8001	02
7216	F9EA	8000	85
7216	F9F0	8001	0A
7216	F8DB	8000	87
7216	F9B3	8000	80
7216	F9B9	8001	FC
7216	F9BE	8000	81
7216	F9C4	8001	0A
7216	F9C9	8000	82
7216	F9CF	8001	00
7216	F9D4	8000	83
7216	F9DA	8001	01
7216	F9DF	8000	84
7216	F9E5	8001	02
7216	F9EA	8000	85
7216	F9F0	8001	0A
7216	F8DB	8000	87
7217	FA23	8000	80
7217	FA29	8001	FC
7217	FA2E	8000	81
7217	FA34	8001	E2
7217	FA39	8000	82
7217	FA3F	8001	A2
7217	FA44	8000	83
7217	FA4A	8001	35
7217	FA4F	8000	84
7217	FA55	8001	B7
7217	FA5A	8000	85
7217	FA60	8001	BD
7217	FADD	8000	86
7217	FAE2	8001	18
7217	FAE9	8000	87
7217	FAEE	8001	19
7217	FAF8	8000	86
7217	FAFE	8001	28
7217	FB05	8000	87
7217	FB0B	8001	29
7217	FDA9	8000	86
7217	FDB1	8001	06
7217	FDBA	8000	87
7217	FDC2	8001	07
7217	FC3F	8000	86
7217	FC48	8001	06
7217	FC4F	8000	87
7217	FC58	8001	07
7217	FDA9	8000	86
7217	FDB1	8001	18
7217	FDBA	8000	87
7217	FDC2	8001	19
7217	FDA9	8000	86
7217	FDB1	8001	28
7217	FDBA	8000	87
7217	FDC2	8001	29
7217	FDA9	8000	86
7217	FDB1	8001	28
7217	FDBA	8000	87
7217	FDC2	8001	29
7217	F9B3	8000	80
7217	F9B9	8001	FC
7217	F9BE	8000	81
7217	F9C4	8001	0A
7217	F9C9	8000	82
7217	F9CF	8001	A2
7217	F9D4	8000	83
7217	F9DA	8001	01
7217	F9DF	8000	84
7217	F9E5	8001	02
7217	F9EA	8000	85
7217	F9F0	8001	0A
7217	F8DB	8000	87
7217	F9B3	8000	80
7217	F9B9	8001	FC
7217	F9BE	8000	81
7217	F9C4	8001	0A
7217	F9C9	8000	82
7217	F9CF	8001	00
7217	F9D4	8000	83
7217	F9DA	8001	01
7217	F9DF	8000	84
7217	F9E5	8001	02
7217	F9EA	8000	85
7217	F9F0	8001	0A
7217	F8DB	8000	87
7218	FA23	8000	80
7218	FA29	8001	FC
7218	FA2E	8000	81
7218	FA34	8001	E2
7218	FA39	8000	82
7218	FA3F	8001	A2
7218	FA44	8000	83
7218	FA4A	8001	35
7218	FA4F	8000	84
7218	FA55	8001	B7
7218	FA5A	8000	85
7218	FA60	8001	BD
7218	FADD	8000	86
7218	FAE2	8001	18
7218	FAE9	8000	87
7218	FAEE	8001	19
7218	FAF8	8000	86
7218	FAFE	8001	28
7218	FB05	8000	87
7218	FB0B	8001	29
7218	FDA9	8000	86
7218	FDB1	8001	06
7218	FDBA	8000	87
7218	FDC2	8001	07
7218	FC3F	8000	86
7218	FC48	8001	06
7218	FC4F	8000	87
7218	FC58	8001	07
7218	FDA9	8000	86
7218	FDB1	8001	18
7218	FDBA	8000	87
7218	FDC2	8001	19
7218	FDA9	8000	86
7218	FDB1	8001	28
7218	FDBA	8000	87
7218	FDC2	8001	29
7218	FDA9	8000	86
7218	FDB1	8001	28
7218	FDBA	8000	87
7218	FDC2	8001	29
7218	F9B3	8000	80
7218	F9B9	8001	FC
7218	F9BE	8000	81
7218	F9C4	8001	0A
7218	F9C9	8000	82
7218	F9CF	8001	A2
7218	F9D4	8000	83
7218	F9DA	8001	01
7218	F9DF	8000	84
7218	F9E5	8001	02
7218	F9EA	8000	85
7218	F9F0	8001	0A
7218	F8DB	8000	87
7218	F9B3	8000	80
7218	F9B9	8001	FC
7218	F9BE	8000	81
7218	F9C4	8001	0A
7218	F9C9	8000	82
7218	F9CF	8001	00
7218	F9D4	8000	83
7218	F9DA	8001	01
7218	F9DF	8000	84
7218	F9E5	8001	02
7218	F9EA	8000	85
7218	F9F0	8001	0A
7218	F8DB	8000	87
7219	FA23	8000	80
7219	FA29	8001	FC
7219	FA2E	8000	81
7219	FA34	8001	E2
7219	FA39	8000	82
7219	FA3F	8001	A2
7219	FA44	8000	83
7219	FA4A	8001	35
7219	FA4F	8000	84
7219	FA55	8001	B7
7219	FA5A	8000	85
7219	FA60	8001	BD
7219	FADD	8000	86
7219	FAE2	8001	18
7219	FAE9	8000	87
7219	FAEE	8001	19
7219	FAF8	8000	86
7219	FAFE	8001	28
7219	FB05	8000	87
7219	FB0B	8001	29
7219	FDA9	8000	86
7219	FDB1	8001	06
7219	FDBA	8000	87
7219	FDC2	8001	07
7219	FC3F	8000	86
7219	FC48	8001	06
7219	FC4F	8000	87
7219	FC58	8001	07
7219	FDA9	8000	86
7219	FDB1	8001	18
7219	FDBA	8000	87
7219	FDC2	8001	19
7219	FDA9	8000	86
7219	FDB1	8001	28
7219	FDBA	8000	87
7219	FDC2	8001	29
7219	FDA9	8000	86
7219	FDB1	8001	28
7219	FDBA	8000	87
7219	FDC2	8001	29
7219	F9B3	8000	80
7219	F9B9	8001	FC
7219	F9BE	8000	81
7219	F9C4	8001	0A
7219	F9C9	8000	82
7219	F9CF	8001	A2
7219	F9D4	8000	83
7219	F9DA	8001	01
7219	F9DF	8000	84
7219	F9E5	8001	02
7219	F9EA	8000	85
7219	F9F0	8001	0A
7219	F8DB	8000	87
7219	F9B3	8000	80
7219	F9B9	8001	FC
7219	F9BE	8000	81
7219	F9C4	8001	0A
7219	F9C9	8000	82
7219	F9CF	8001	00
7219	F9D4	8000	83
7219	F9DA	8001	01
7219	F9DF	8000	84
7219	F9E5	8001	02
7219	F9EA	8000	85
7219	F9F0	8001	0A
7219	F8DB	8000	87
7220	FA23	8000	80
7220	FA29	8001	FC
7220	FA2E	8000	81
7220	FA34	8001	E2
7220	FA39	8000	82
7220	FA3F	8001	A2
7220	FA44	8000	83
7220	FA4A	8001	35
7220	FA4F	8000	84
7220	FA55	8001	B7
7220	FA5A	8000	85
7220	FA60	8001	BD
7220	FADD	8000	86
7220	FAE2	8001	18
7220	FAE9	8000	87
7220	FAEE	8001	19
7220	FAF8	8000	86
7220	FAFE	8001	28
7220	FB05	8000	87
7220	FB0B	8001	29
7220	FDA9	8000	86
7220	FDB1	8001	06
7220	FDBA	8000	87
7220	FDC2	8001	07
7220	FC3F	8000	86
7220	FC48	8001	06
7220	FC4F	8000	87
7220	FC58	8001	07
7220	FDA9	8000	86
7220	FDB1	8001	18
7220	FDBA	8000	87
7220	FDC2	8001	19
7220	FDA9	8000	86
7220	FDB1	8001	28
7220	FDBA	8000	87
7220	FDC2	8001	29
7220	FDA9	8000	86
7220	FDB1	8001	28
7220	FDBA	8000	87
7220	FDC2	8001	29
7220	F9B3	8000	80
7220	F9B9	8001	FC
7220	F9BE	8000	81
7220	F9C4	8001	0A
7220	F9C9	8000	82
7220	F9CF	8001	A2
7220	F9D4	8000	83
7220	F9DA	8001	01
7220	F9DF	8000	84
7220	F9E5	8001	02
7220	F9EA	8000	85
7220	F9F0	8001	0A
7220	F8DB	8000	87
7220	F9B3	8000	80
7220	F9B9	8001	FC
7220	F9BE	8000	81
7220	F9C4	8001	0A
7220	F9C9	8000	82
7220	F9CF	8001	00
7220	F9D4	8000	83
7220	F9DA	8001	01
7220	F9DF	8000	84
7220	F9E5	8001	02
7220	F9EA	8000	85
7220	F9F0	8001	0A
7220	F8DB	8000	87
7221	FA23	8000	80
7221	FA29	8001	FC
7221	FA2E	8000	81
7221	FA34	8001	E2
7221	FA39	8000	82
7221	FA3F	8001	A2
7221	FA44	8000	83
7221	FA4A	8001	35
7221	FA4F	8000	84
7221	FA55	8001	B7
7221	FA5A	8000	85
7221	FA60	8001	BD
7221	FADD	8000	86
7221	FAE2	8001	18
7221	FAE9	8000	87
7221	FAEE	8001	19
7221	FAF8	8000	86
7221	FAFE	8001	28
7221	FB05	8000	87
7221	FB0B	8001	29
7221	FDA9	8000	86
7221	FDB1	8001	06
7221	FDBA	8000	87
7221	FDC2	8001	07
7221	FC3F	8000	86
7221	FC48	8001	06
7221	FC4F	8000	87
7221	FC58	8001	07
7221	FDA9	8000	86
7221	FDB1	8001	18
7221	FDBA	8000	87
7221	FDC2	8001	19
7221	FDA9	8000	86
7221	FDB1	8001	28
7221	FDBA	8000	87
7221	FDC2	8001	29
7221	FDA9	8000	86
7221	FDB1	8001	28
7221	FDBA	8000	87
7221	FDC2	8001	29
7221	F9B3	8000	80
7221	F9B9	8001	FC
7221	F9BE	8000	81
7221	F9C4	8001	0A
7221	F9C9	8000	82
7221	F9CF	8001	A2
7221	F9D4	8000	83
7221	F9DA	8001	01
7221	F9DF	8000	84
7221	F9E5	8001	02
7221	F9EA	8000	85
7221	F9F0	8001	0A
7221	F8DB	8000	87
7221	F9B3	8000	80
7221	F9B9	8001	FC
7221	F9BE	8000	81
7221	F9C4	8001	0A
7221	F9C9	8000	82
7221	F9CF	8001	00
7221	F9D4	8000	83
7221	F9DA	8001	01
7221	F9DF	8000	84
7221	F9E5	8001	02
7221	F9EA	8000	85
7221	F9F0	8001	0A
7221	F8DB	8000	87
7222	FA23	8000	80
7222	FA29	8001	FC
7222	FA2E	8000	81
7222	FA34	8001	E2
7222	FA39	8000	82
7222	FA3F	8001	A2
7222	FA44	8000	83
7222	FA4A	8001	35
7222	FA4F	8000	84
7222	FA55	8001	B7
7222	FA5A	8000	85
7222	FA60	8001	BD
7222	FADD	8000	86
7222	FAE2	8001	18
7222	FAE9	8000	87
7222	FAEE	8001	19
7222	FAF8	8000	86
7222	FAFE	8001	28
7222	FB05	8000	87
7222	FB0B	8001	29
7222	FDA9	8000	86
7222	FDB1	8001	06
7222	FDBA	8000	87
7222	FDC2	8001	07
7222	FC3F	8000	86
7222	FC48	8001	06
7222	FC4F	8000	87
7222	FC58	8001	07
7222	FDA9	8000	86
7222	FDB1	8001	18
7222	FDBA	8000	87
7222	FDC2	8001	19
7222	FDA9	8000	86
7222	FDB1	8001	28
7222	FDBA	8000	87
7222	FDC2	8001	29
7222	FDA9	8000	86
7222	FDB1	8001	28
7222	FDBA	8000	87
7222	FDC2	8001	29
7222	F9B3	8000	80
7222	F9B9	8001	FC
7222	F9BE	8000	81
7222	F9C4	8001	0A
7222	F9C9	8000	82
7222	F9CF	8001	A2
7222	F9D4	8000	83
7222	F9DA	8001	01
7222	F9DF	8000	84
7222	F9E5	8001	02
7222	F9EA	8000	85
7222	F9F0	8001	0A
7222	F8DB	8000	87
7222	F9B3	8000	80
7222	F9B9	8001	FC
7222	F9BE	8000	81
7222	F9C4	8001	0A
7222	F9C9	8000	82
7222	F9CF	8001	00
7222	F9D4	8000	83
7222	F9DA	8001	01
7222	F9DF	8000	84
7222	F9E5	8001	02
7222	F9EA	8000	85
7222	F9F0	8001	0A
7222	F8DB	8000	87
7223	FA23	8000	80
7223	FA29	8001	FC
7223	FA2E	8000	81
7223	FA34	8001	E2
7223	FA39	8000	82
7223	FA3F	8001	A2
7223	FA44	8000	83
7223	FA4A	8001	35
7223	FA4F	8000	84
7223	FA55	8001	B7
7223	FA5A	8000	85
7223	FA60	8001	BD
7223	FADD	8000	86
7223	FAE2	8001	18
7223	FAE9	8000	87
7223	FAEE	8001	19
7223	FAF8	8000	86
7223	FAFE	8001	28
7223	FB05	8000	87
7223	FB0B	8001	29
7223	FDA9	8000	86
7223	FDB1	8001	06
7223	FDBA	8000	87
7223	FDC2	8001	07
7223	FC3F	8000	86
7223	FC48	8001	06
7223	FC4F	8000	87
7223	FC58	8001	07
7223	FDA9	8000	86
7223	FDB1	8001	18
7223	FDBA	8000	87
7223	FDC2	8001	19
7223	FDA9	8000	86
7223	FDB1	8001	28
7223	FDBA	8000	87
7223	FDC2	8001	29
7223	FDA9	8000	86
7223	FDB1	8001	28
7223	FDBA	8000	87
7223	FDC2	8001	29
7223	F9B3	8000	80
7223	F9B9	8001	FC
7223	F9BE	8000	81
7223	F9C4	8001	0A
7223	F9C9	8000	82
7223	F9CF	8001	A2
7223	F9D4	8000	83
7223	F9DA	8001	01
7223	F9DF	8000	84
7223	F9E5	8001	02
7223	F9EA	8000	85
7223	F9F0	8001	0A
7223	F8DB	8000	87
7223	F9B3	8000	80
7223	F9B9	8001	FC
7223	F9BE	8000	81
7223	F9C4	8001	0A
7223	F9C9	8000	82
7223	F9CF	8001	00
7223	F9D4	8000	83
7223	F9DA	8001	01
7223	F9DF	8000	84
7223	F9E5	8001	02
7223	F9EA	8000	85
7223	F9F0	8001	0A
7223	F8DB	8000	87
7224	FA23	8000	80
7224	FA29	8001	FC
7224	FA2E	8000	81
7224	FA34	8001	E2
7224	FA39	8000	82
7224	FA3F	8001	A2
7224	FA44	8000	83
7224	FA4A	8001	35
7224	FA4F	8000	84
7224	FA55	8001	B7
7224	FA5A	8000	85
7224	FA60	8001	BD
7224	FADD	8000	86
7224	FAE2	8001	18
7224	FAE9	8000	87
7224	FAEE	8001	19
7224	BF0A	8000	86
7224	C8E1	8001	00
7224	C8E6	8000	87
7224	C8EB	8001	01
7224	C900	8000	86
7224	C905	8001	18
7224	C90A	8000	87
7224	C90F	8001	19
7224	BF0A	8000	86
7224	C8E1	8001	00
7224	C8E6	8000	87
7224	C8EB	8001	01
7224	C900	8000	86
7224	C905	8001	18
7224	C90A	8000	87
7224	C90F	8001	19
7224	BF0A	8000	86
7224	C8E1	8001	00
7224	C8E6	8000	87
7224	C8EB	8001	01
7224	C900	8000	86
7224	C905	8001	18
7224	C90A	8000	87
7224	C90F	8001	19
7224	FAF8	8000	86
7224	FAFE	8001	28
7224	FB05	8000	87
7224	FB0B	8001	29
7224	FDA9	8000	86
7224	FDB1	8001	06
7224	FDBA	8000	87
7224	FDC2	8001	07
7224	FC3F	8000	86
7224	FC48	8001	06
7224	FC4F	8000	87
7224	FC58	8001	07
7224	FDA9	8000	86
7224	FDB1	8001	18
7224	FDBA	8000	87
7224	FDC2	8001	19
7224	FDA9	8000	86
7224	FDB1	8001	28
7224	FDBA	8000	87
7224	FDC2	8001	29
7224	FDA9	8000	86
7224	FDB1	8001	28
7224	FDBA	8000	87
7224	FDC2	8001	29
7224	F9B3	8000	80
7224	F9B9	8001	FC
7224	F9BE	8000	81
7224	F9C4	8001	0A
7224	F9C9	8000	82
7224	F9CF	8001	A2
7224	F9D4	8000	83
7224	F9DA	8001	01
7224	F9DF	8000	84
7224	F9E5	8001	02
7224	F9EA	8000	85
7224	F9F0	8001	0A
7224	F8DB	8000	87
7224	F9B3	8000	80
7224	F9B9	8001	FC
7224	F9BE	8000	81
7224	F9C4	8001	0A
7224	F9C9	8000	82
7224	F9CF	8001	00
7224	F9D4	8000	83
7224	F9DA	8001	01
7224	F9DF	8000	84
7224	F9E5	8001	02
7224	F9EA	8000	85
7224	F9F0	8001	0A
7224	F8DB	8000	87
7225	FA23	8000	80
7225	FA29	8001	FC
7225	FA2E	8000	81
7225	FA34	8001	E2
7225	FA39	8000	82
7225	FA3F	8001	A2
7225	FA44	8000	83
7225	FA4A	8001	35
7225	FA4F	8000	84
7225	FA55	8001	B7
7225	FA5A	8000	85
7225	FA60	8001	BD
7225	FADD	8000	86
7225	FAE2	8001	18
7225	FAE9	8000	87
7225	FAEE	8001	19
7225	FAF8	8000	86
7225	FAFE	8001	28
7225	FB05	8000	87
7225	FB0B	8001	29
7225	FDA9	8000	86
7225	FDB1	8001	06
7225	FDBA	8000	87
7225	FDC2	8001	07
7225	FC3F	8000	86
7225	FC48	8001	06
7225	FC4F	8000	87
7225	FC58	8001	07
7225	FDA9	8000	86
7225	FDB1	8001	18
7225	FDBA	8000	87
7225	FDC2	8001	19
7225	FDA9	8000	86
7225	FDB1	8001	28
7225	FDBA	8000	87
7225	FDC2	8001	29
7225	FDA9	8000	86
7225	FDB1	8001	28
7225	FDBA	8000	87
7225	FDC2	8001	29
7225	F9B3	8000	80
7225	F9B9	8001	FC
7225	F9BE	8000	81
7225	F9C4	8001	0A
7225	F9C9	8000	82
7225	F9CF	8001	A2
7225	F9D4	8000	83
7225	F9DA	8001	01
7225	F9DF	8000	84
7225	F9E5	8001	02
7225	F9EA	8000	85
7225	F9F0	8001	0A
7225	F8DB	8000	87
7225	F9B3	8000	80
7225	F9B9	8001	FC
7225	F9BE	8000	81
7225	F9C4	8001	0A
7225	F9C9	8000	82
7225	F9CF	8001	00
7225	F9D4	8000	83
7225	F9DA	8001	01
7225	F9DF	8000	84
7225	F9E5	8001	02
7225	F9EA	8000	85
7225	F9F0	8001	0A
7225	F8DB	8000	87
7226	FA23	8000	80
7226	FA29	8001	FC
7226	FA2E	8000	81
7226	FA34	8001	E2
7226	FA39	8000	82
7226	FA3F	8001	A2
7226	FA44	8000	83
7226	FA4A	8001	35
7226	FA4F	8000	84
7226	FA55	8001	B7
7226	FA5A	8000	85
7226	FA60	8001	BD
7226	FADD	8000	86
7226	FAE2	8001	18
7226	FAE9	8000	87
7226	FAEE	8001	19
7226	FAF8	8000	86
7226	FAFE	8001	28
7226	FB05	8000	87
7226	FB0B	8001	29
7226	FDA9	8000	86
7226	FDB1	8001	06
7226	FDBA	8000	87
7226	FDC2	8001	07
7226	FC3F	8000	86
7226	FC48	8001	06
7226	FC4F	8000	87
7226	FC58	8001	07
7226	FDA9	8000	86
7226	FDB1	8001	18
7226	FDBA	8000	87
7226	FDC2	8001	19
7226	FDA9	8000	86
7226	FDB1	8001	28
7226	FDBA	8000	87
7226	FDC2	8001	29
7226	FDA9	8000	86
7226	FDB1	8001	28
7226	FDBA	8000	87
7226	FDC2	8001	29
7226	F9B3	8000	80
7226	F9B9	8001	FC
7226	F9BE	8000	81
7226	F9C4	8001	0A
7226	F9C9	8000	82
7226	F9CF	8001	A2
7226	F9D4	8000	83
7226	F9DA	8001	01
7226	F9DF	8000	84
7226	F9E5	8001	02
7226	F9EA	8000	85
7226	F9F0	8001	0A
7226	F8DB	8000	87
7226	F9B3	8000	80
7226	F9B9	8001	FC
7226	F9BE	8000	81
7226	F9C4	8001	0A
7226	F9C9	8000	82
7226	F9CF	8001	00
7226	F9D4	8000	83
7226	F9DA	8001	01
7226	F9DF	8000	84
7226	F9E5	8001	02
7226	F9EA	8000	85
7226	F9F0	8001	0A
7226	F8DB	8000	87
7227	FA23	8000	80
7227	FA29	8001	FC
7227	FA2E	8000	81
7227	FA34	8001	E2
7227	FA39	8000	82
7227	FA3F	8001	A2
7227	FA44	8000	83
7227	FA4A	8001	35
7227	FA4F	8000	84
7227	FA55	8001	B7
7227	FA5A	8000	85
7227	FA60	8001	BD
7227	FADD	8000	86
7227	FAE2	8001	18
7227	FAE9	8000	87
7227	FAEE	8001	19
7227	FAF8	8000	86
7227	FAFE	8001	28
7227	FB05	8000	87
7227	FB0B	8001	29
7227	FDA9	8000	86
7227	FDB1	8001	06
7227	FDBA	8000	87
7227	FDC2	8001	07
7227	FC3F	8000	86
7227	FC48	8001	06
7227	FC4F	8000	87
7227	FC58	8001	07
7227	FDA9	8000	86
7227	FDB1	8001	18
7227	FDBA	8000	87
7227	FDC2	8001	19
7227	FDA9	8000	86
7227	FDB1	8001	28
7227	FDBA	8000	87
7227	FDC2	8001	29
7227	FDA9	8000	86
7227	FDB1	8001	28
7227	FDBA	8000	87
7227	FDC2	8001	29
7227	F9B3	8000	80
7227	F9B9	8001	FC
7227	F9BE	8000	81
7227	F9C4	8001	0A
7227	F9C9	8000	82
7227	F9CF	8001	A2
7227	F9D4	8000	83
7227	F9DA	8001	01
7227	F9DF	8000	84
7227	F9E5	8001	02
7227	F9EA	8000	85
7227	F9F0	8001	0A
7227	F8DB	8000	87
7227	F9B3	8000	80
7227	F9B9	8001	FC
7227	F9BE	8000	81
7227	F9C4	8001	0A
7227	F9C9	8000	82
7227	F9CF	8001	00
7227	F9D4	8000	83
7227	F9DA	8001	01
7227	F9DF	8000	84
7227	F9E5	8001	02
7227	F9EA	8000	85
7227	F9F0	8001	0A
7227	F8DB	8000	87
7228	FA23	8000	80
7228	FA29	8001	FC
7228	FA2E	8000	81
7228	FA34	8001	E2
7228	FA39	8000	82
7228	FA3F	8001	A2
7228	FA44	8000	83
7228	FA4A	8001	35
7228	FA4F	8000	84
7228	FA55	8001	B7
7228	FA5A	8000	85
7228	FA60	8001	BD
7228	FADD	8000	86
7228	FAE2	8001	18
7228	FAE9	8000	87
7228	FAEE	8001	19
7228	FAF8	8000	86
7228	FAFE	8001	28
7228	FB05	8000	87
7228	FB0B	8001	29
7228	FDA9	8000	86
7228	FDB1	8001	06
7228	FDBA	8000	87
7228	FDC2	8001	07
7228	FC3F	8000	86
7228	FC48	8001	06
7228	FC4F	8000	87
7228	FC58	8001	07
7228	FDA9	8000	86
7228	FDB1	8001	18
7228	FDBA	8000	87
7228	FDC2	8001	19
7228	FDA9	8000	86
7228	FDB1	8001	28
7228	FDBA	8000	87
7228	FDC2	8001	29
7228	FDA9	8000	86
7228	FDB1	8001	28
7228	FDBA	8000	87
7228	FDC2	8001	29
7228	F9B3	8000	80
7228	F9B9	8001	FC
7228	F9BE	8000	81
7228	F9C4	8001	0A
7228	F9C9	8000	82
7228	F9CF	8001	A2
7228	F9D4	8000	83
7228	F9DA	8001	01
7228	F9DF	8000	84
7228	F9E5	8001	02
7228	F9EA	8000	85
7228	F9F0	8001	0A
7228	F8DB	8000	87
7228	F9B3	8000	80
7228	F9B9	8001	FC
7228	F9BE	8000	81
7228	F9C4	8001	0A
7228	F9C9	8000	82
7228	F9CF	8001	00
7228	F9D4	8000	83
7228	F9DA	8001	01
7228	F9DF	8000	84
7228	F9E5	8001	02
7228	F9EA	8000	85
7228	F9F0	8001	0A
7228	F8DB	8000	87
7229	FA23	8000	80
7229	FA29	8001	FC
7229	FA2E	8000	81
7229	FA34	8001	E2
7229	FA39	8000	82
7229	FA3F	8001	A2
7229	FA44	8000	83
7229	FA4A	8001	35
7229	FA4F	8000	84
7229	FA55	8001	B7
7229	FA5A	8000	85
7229	FA60	8001	BD
7229	FADD	8000	86
7229	FAE2	8001	18
7229	FAE9	8000	87
7229	FAEE	8001	19
7229	FAF8	8000	86
7229	FAFE	8001	28
7229	FB05	8000	87
7229	FB0B	8001	29
7229	FDA9	8000	86
7229	FDB1	8001	06
7229	FDBA	8000	87
7229	FDC2	8001	07
7229	FC3F	8000	86
7229	FC48	8001	06
7229	FC4F	8000	87
7229	FC58	8001	07
7229	FDA9	8000	86
7229	FDB1	8001	18
7229	FDBA	8000	87
7229	FDC2	8001	19
7229	FDA9	8000	86
7229	FDB1	8001	28
7229	FDBA	8000	87
7229	FDC2	8001	29
7229	FDA9	8000	86
7229	FDB1	8001	28
7229	FDBA	8000	87
7229	FDC2	8001	29
7229	F9B3	8000	80
7229	F9B9	8001	FC
7229	F9BE	8000	81
7229	F9C4	8001	0A
7229	F9C9	8000	82
7229	F9CF	8001	A2
7229	F9D4	8000	83
7229	F9DA	8001	01
7229	F9DF	8000	84
7229	F9E5	8001	02
7229	F9EA	8000	85
7229	F9F0	8001	0A
7229	F8DB	8000	87
7229	F9B3	8000	80
7229	F9B9	8001	FC
7229	F9BE	8000	81
7229	F9C4	8001	0A
7229	F9C9	8000	82
7229	F9CF	8001	00
7229	F9D4	8000	83
7229	F9DA	8001	01
7229	F9DF	8000	84
7229	F9E5	8001	02
7229	F9EA	8000	85
7229	F9F0	8001	0A
7229	F8DB	8000	87
7230	FA23	8000	80
7230	FA29	8001	FC
7230	FA2E	8000	81
7230	FA34	8001	E2
7230	FA39	8000	82
7230	FA3F	8001	A2
7230	FA44	8000	83
7230	FA4A	8001	35
7230	FA4F	8000	84
7230	FA55	8001	B7
7230	FA5A	8000	85
7230	FA60	8001	BD
7230	FADD	8000	86
7230	FAE2	8001	18
7230	FAE9	8000	87
7230	FAEE	8001	19
7230	FAF8	8000	86
7230	FAFE	8001	28
7230	FB05	8000	87
7230	FB0B	8001	29
7230	FDA9	8000	86
7230	FDB1	8001	06
7230	FDBA	8000	87
7230	FDC2	8001	07
7230	FC3F	8000	86
7230	FC48	8001	06
7230	FC4F	8000	87
7230	FC58	8001	07
7230	FDA9	8000	86
7230	FDB1	8001	18
7230	FDBA	8000	87
7230	FDC2	8001	19
7230	FDA9	8000	86
7230	FDB1	8001	28
7230	FDBA	8000	87
7230	FDC2	8001	29
7230	FDA9	8000	86
7230	FDB1	8001	28
7230	FDBA	8000	87
7230	FDC2	8001	29
7230	F9B3	8000	80
7230	F9B9	8001	FC
7230	F9BE	8000	81
7230	F9C4	8001	0A
7230	F9C9	8000	82
7230	F9CF	8001	A2
7230	F9D4	8000	83
7230	F9DA	8001	01
7230	F9DF	8000	84
7230	F9E5	8001	02
7230	F9EA	8000	85
7230	F9F0	8001	0A
7230	F8DB	8000	87
7230	F9B3	8000	80
7230	F9B9	8001	FC
7230	F9BE	8000	81
7230	F9C4	8001	0A
7230	F9C9	8000	82
7230	F9CF	8001	00
7230	F9D4	8000	83
7230	F9DA	8001	01
7230	F9DF	8000	84
7230	F9E5	8001	02
7230	F9EA	8000	85
7230	F9F0	8001	0A
7230	F8DB	8000	87
7231	FA23	8000	80
7231	FA29	8001	FC
7231	FA2E	8000	81
7231	FA34	8001	E2
7231	FA39	8000	82
7231	FA3F	8001	A2
7231	FA44	8000	83
7231	FA4A	8001	35
7231	FA4F	8000	84
7231	FA55	8001	B7
7231	FA5A	8000	85
7231	FA60	8001	BD
7231	FADD	8000	86
7231	FAE2	8001	18
7231	FAE9	8000	87
7231	FAEE	8001	19
7231	FAF8	8000	86
7231	FAFE	8001	28
7231	FB05	8000	87
7231	FB0B	8001	29
7231	FDA9	8000	86
7231	FDB1	8001	06
7231	FDBA	8000	87
7231	FDC2	8001	07
7231	FC3F	8000	86
7231	FC48	8001	06
7231	FC4F	8000	87
7231	FC58	8001	07
7231	FDA9	8000	86
7231	FDB1	8001	18
7231	FDBA	8000	87
7231	FDC2	8001	19
7231	FDA9	8000	86
7231	FDB1	8001	28
7231	FDBA	8000	87
7231	FDC2	8001	29
7231	FDA9	8000	86
7231	FDB1	8001	28
7231	FDBA	8000	87
7231	FDC2	8001	29
7231	F9B3	8000	80
7231	F9B9	8001	FC
7231	F9BE	8000	81
7231	F9C4	8001	0A
7231	F9C9	8000	82
7231	F9CF	8001	A2
7231	F9D4	8000	83
7231	F9DA	8001	01
7231	F9DF	8000	84
7231	F9E5	8001	02
7231	F9EA	8000	85
7231	F9F0	8001	0A
7231	F8DB	8000	87
7231	F9B3	8000	80
7231	F9B9	8001	FC
7231	F9BE	8000	81
7231	F9C4	8001	0A
7231	F9C9	8000	82
7231	F9CF	8001	00
7231	F9D4	8000	83
7231	F9DA	8001	01
7231	F9DF	8000	84
7231	F9E5	8001	02
7231	F9EA	8000	85
7231	F9F0	8001	0A
7231	F8DB	8000	87
7232	FA23	8000	80
7232	FA29	8001	FC
7232	FA2E	8000	81
7232	FA34	8001	E2
7232	FA39	8000	82
7232	FA3F	8001	A2
7232	FA44	8000	83
7232	FA4A	8001	35
7232	FA4F	8000	84
7232	FA55	8001	B7
7232	FA5A	8000	85
7232	FA60	8001	BD
7232	FADD	8000	86
7232	FAE2	8001	18
7232	FAE9	8000	87
7232	FAEE	8001	19
7232	FAF8	8000	86
7232	FAFE	8001	28
7232	FB05	8000	87
7232	FB0B	8001	29
7232	FDA9	8000	86
7232	FDB1	8001	06
7232	FDBA	8000	87
7232	FDC2	8001	07
7232	FC3F	8000	86
7232	FC48	8001	06
7232	FC4F	8000	87
7232	FC58	8001	07
7232	FDA9	8000	86
7232	FDB1	8001	18
7232	FDBA	8000	87
7232	FDC2	8001	19
7232	FDA9	8000	86
7232	FDB1	8001	28
7232	FDBA	8000	87
7232	FDC2	8001	29
7232	FDA9	8000	86
7232	FDB1	8001	28
7232	FDBA	8000	87
7232	FDC2	8001	29
7232	F9B3	8000	80
7232	F9B9	8001	FC
7232	F9BE	8000	81
7232	F9C4	8001	0A
7232	F9C9	8000	82
7232	F9CF	8001	A2
7232	F9D4	8000	83
7232	F9DA	8001	01
7232	F9DF	8000	84
7232	F9E5	8001	02
7232	F9EA	8000	85
7232	F9F0	8001	0A
7232	F8DB	8000	87
7232	F9B3	8000	80
7232	F9B9	8001	FC
7232	F9BE	8000	81
7232	F9C4	8001	0A
7232	F9C9	8000	82
7232	F9CF	8001	00
7232	F9D4	8000	83
7232	F9DA	8001	01
7232	F9DF	8000	84
7232	F9E5	8001	02
7232	F9EA	8000	85
7232	F9F0	8001	0A
7232	F8DB	8000	87
7233	FA23	8000	80
7233	FA29	8001	FC
7233	FA2E	8000	81
7233	FA34	8001	E2
7233	FA39	8000	82
7233	FA3F	8001	A2
7233	FA44	8000	83
7233	FA4A	8001	35
7233	FA4F	8000	84
7233	FA55	8001	B7
7233	FA5A	8000	85
7233	FA60	8001	BD
7233	FADD	8000	86
7233	FAE2	8001	18
7233	FAE9	8000	87
7233	FAEE	8001	19
7233	FAF8	8000	86
7233	FAFE	8001	28
7233	FB05	8000	87
7233	FB0B	8001	29
7233	FDA9	8000	86
7233	FDB1	8001	06
7233	FDBA	8000	87
7233	FDC2	8001	07
7233	FC3F	8000	86
7233	FC48	8001	06
7233	FC4F	8000	87
7233	FC58	8001	07
7233	FDA9	8000	86
7233	FDB1	8001	18
7233	FDBA	8000	87
7233	FDC2	8001	19
7233	FDA9	8000	86
7233	FDB1	8001	28
7233	FDBA	8000	87
7233	FDC2	8001	29
7233	FDA9	8000	86
7233	FDB1	8001	28
7233	FDBA	8000	87
7233	FDC2	8001	29
7233	F9B3	8000	80
7233	F9B9	8001	FC
7233	F9BE	8000	81
7233	F9C4	8001	0A
7233	F9C9	8000	82
7233	F9CF	8001	A2
7233	F9D4	8000	83
7233	F9DA	8001	01
7233	F9DF	8000	84
7233	F9E5	8001	02
7233	F9EA	8000	85
7233	F9F0	8001	0A
7233	F8DB	8000	87
7233	F9B3	8000	80
7233	F9B9	8001	FC
7233	F9BE	8000	81
7233	F9C4	8001	0A
7233	F9C9	8000	82
7233	F9CF	8001	00
7233	F9D4	8000	83
7233	F9DA	8001	01
7233	F9DF	8000	84
7233	F9E5	8001	02
7233	F9EA	8000	85
7233	F9F0	8001	0A
7233	F8DB	8000	87
7234	FA23	8000	80
7234	FA29	8001	FC
7234	FA2E	8000	81
7234	FA34	8001	E2
7234	FA39	8000	82
7234	FA3F	8001	A2
7234	FA44	8000	83
7234	FA4A	8001	35
7234	FA4F	8000	84
7234	FA55	8001	B7
7234	FA5A	8000	85
7234	FA60	8001	BD
7234	FADD	8000	86
7234	FAE2	8001	18
7234	FAE9	8000	87
7234	FAEE	8001	19
7234	BF0A	8000	86
7234	C8E1	8001	00
7234	C8E6	8000	87
7234	C8EB	8001	01
7234	C900	8000	86
7234	C905	8001	18
7234	C90A	8000	87
7234	C90F	8001	19
7234	BF0A	8000	86
7234	C8E1	8001	00
7234	C8E6	8000	87
7234	C8EB	8001	01
7234	C900	8000	86
7234	C905	8001	18
7234	C90A	8000	87
7234	C90F	8001	19
7234	BF0A	8000	86
7234	C8E1	8001	00
7234	C8E6	8000	87
7234	C8EB	8001	01
7234	C900	8000	86
7234	C905	8001	18
7234	C90A	8000	87
7234	C90F	8001	19
7234	FAF8	8000	86
7234	FAFE	8001	28
7234	FB05	8000	87
7234	FB0B	8001	29
7234	FDA9	8000	86
7234	FDB1	8001	06
7234	FDBA	8000	87
7234	FDC2	8001	07
7234	FC3F	8000	86
7234	FC48	8001	06
7234	FC4F	8000	87
7234	FC58	8001	07
7234	FDA9	8000	86
7234	FDB1	8001	18
7234	FDBA	8000	87
7234	FDC2	8001	19
7234	FDA9	8000	86
7234	FDB1	8001	28
7234	FDBA	8000	87
7234	FDC2	8001	29
7234	FDA9	8000	86
7234	FDB1	8001	28
7234	FDBA	8000	87
7234	FDC2	8001	29
7234	F9B3	8000	80
7234	F9B9	8001	FC
7234	F9BE	8000	81
7234	F9C4	8001	0A
7234	F9C9	8000	82
7234	F9CF	8001	A2
7234	F9D4	8000	83
7234	F9DA	8001	01
7234	F9DF	8000	84
7234	F9E5	8001	02
7234	F9EA	8000	85
7234	F9F0	8001	0A
7234	F8DB	8000	87
7234	F9B3	8000	80
7234	F9B9	8001	FC
7234	F9BE	8000	81
7234	F9C4	8001	0A
7234	F9C9	8000	82
7234	F9CF	8001	00
7234	F9D4	8000	83
7234	F9DA	8001	01
7234	F9DF	8000	84
7234	F9E5	8001	02
7234	F9EA	8000	85
7234	F9F0	8001	0A
7234	F8DB	8000	87
7235	FA23	8000	80
7235	FA29	8001	FC
7235	FA2E	8000	81
7235	FA34	8001	E2
7235	FA39	8000	82
7235	FA3F	8001	A2
7235	FA44	8000	83
7235	FA4A	8001	35
7235	FA4F	8000	84
7235	FA55	8001	B7
7235	FA5A	8000	85
7235	FA60	8001	BD
7235	FADD	8000	86
7235	FAE2	8001	18
7235	FAE9	8000	87
7235	FAEE	8001	19
7235	FAF8	8000	86
7235	FAFE	8001	28
7235	FB05	8000	87
7235	FB0B	8001	29
7235	FDA9	8000	86
7235	FDB1	8001	06
7235	FDBA	8000	87
7235	FDC2	8001	07
7235	FC3F	8000	86
7235	FC48	8001	06
7235	FC4F	8000	87
7235	FC58	8001	07
7235	FDA9	8000	86
7235	FDB1	8001	18
7235	FDBA	8000	87
7235	FDC2	8001	19
7235	FDA9	8000	86
7235	FDB1	8001	28
7235	FDBA	8000	87
7235	FDC2	8001	29
7235	FDA9	8000	86
7235	FDB1	8001	28
7235	FDBA	8000	87
7235	FDC2	8001	29
7235	F9B3	8000	80
7235	F9B9	8001	FC
7235	F9BE	8000	81
7235	F9C4	8001	0A
7235	F9C9	8000	82
7235	F9CF	8001	A2
7235	F9D4	8000	83
7235	F9DA	8001	01
7235	F9DF	8000	84
7235	F9E5	8001	02
7235	F9EA	8000	85
7235	F9F0	8001	0A
7235	F8DB	8000	87
7235	F9B3	8000	80
7235	F9B9	8001	FC
7235	F9BE	8000	81
7235	F9C4	8001	0A
7235	F9C9	8000	82
7235	F9CF	8001	00
7235	F9D4	8000	83
7235	F9DA	8001	01
7235	F9DF	8000	84
7235	F9E5	8001	02
7235	F9EA	8000	85
7235	F9F0	8001	0A
7235	F8DB	8000	87
7236	FA23	8000	80
7236	FA29	8001	FC
7236	FA2E	8000	81
7236	FA34	8001	E2
7236	FA39	8000	82
7236	FA3F	8001	A2
7236	FA44	8000	83
7236	FA4A	8001	35
7236	FA4F	8000	84
7236	FA55	8001	B7
7236	FA5A	8000	85
7236	FA60	8001	BD
7236	FADD	8000	86
7236	FAE2	8001	18
7236	FAE9	8000	87
7236	FAEE	8001	19
7236	FAF8	8000	86
7236	FAFE	8001	28
7236	FB05	8000	87
7236	FB0B	8001	29
7236	FDA9	8000	86
7236	FDB1	8001	06
7236	FDBA	8000	87
7236	FDC2	8001	07
7236	FC3F	8000	86
7236	FC48	8001	06
7236	FC4F	8000	87
7236	FC58	8001	07
7236	FDA9	8000	86
7236	FDB1	8001	18
7236	FDBA	8000	87
7236	FDC2	8001	19
7236	FDA9	8000	86
7236	FDB1	8001	28
7236	FDBA	8000	87
7236	FDC2	8001	29
7236	FDA9	8000	86
7236	FDB1	8001	28
7236	FDBA	8000	87
7236	FDC2	8001	29
7236	F9B3	8000	80
7236	F9B9	8001	FC
7236	F9BE	8000	81
7236	F9C4	8001	0A
7236	F9C9	8000	82
7236	F9CF	8001	A2
7236	F9D4	8000	83
7236	F9DA	8001	01
7236	F9DF	8000	84
7236	F9E5	8001	02
7236	F9EA	8000	85
7236	F9F0	8001	0A
7236	F8DB	8000	87
7236	F9B3	8000	80
7236	F9B9	8001	FC
7236	F9BE	8000	81
7236	F9C4	8001	0A
7236	F9C9	8000	82
7236	F9CF	8001	00
7236	F9D4	8000	83
7236	F9DA	8001	01
7236	F9DF	8000	84
7236	F9E5	8001	02
7236	F9EA	8000	85
7236	F9F0	8001	0A
7236	F8DB	8000	87
7237	FA23	8000	80
7237	FA29	8001	FC
7237	FA2E	8000	81
7237	FA34	8001	E2
7237	FA39	8000	82
7237	FA3F	8001	A2
7237	FA44	8000	83
7237	FA4A	8001	35
7237	FA4F	8000	84
7237	FA55	8001	B7
7237	FA5A	8000	85
7237	FA60	8001	BD
7237	FADD	8000	86
7237	FAE2	8001	18
7237	FAE9	8000	87
7237	FAEE	8001	19
7237	FAF8	8000	86
7237	FAFE	8001	28
7237	FB05	8000	87
7237	FB0B	8001	29
7237	FDA9	8000	86
7237	FDB1	8001	06
7237	FDBA	8000	87
7237	FDC2	8001	07
7237	FC3F	8000	86
7237	FC48	8001	06
7237	FC4F	8000	87
7237	FC58	8001	07
7237	FDA9	8000	86
7237	FDB1	8001	18
7237	FDBA	8000	87
7237	FDC2	8001	19
7237	FDA9	8000	86
7237	FDB1	8001	28
7237	FDBA	8000	87
7237	FDC2	8001	29
7237	FDA9	8000	86
7237	FDB1	8001	28
7237	FDBA	8000	87
7237	FDC2	8001	29
7237	F9B3	8000	80
7237	F9B9	8001	FC
7237	F9BE	8000	81
7237	F9C4	8001	0A
7237	F9C9	8000	82
7237	F9CF	8001	A2
7237	F9D4	8000	83
7237	F9DA	8001	01
7237	F9DF	8000	84
7237	F9E5	8001	02
7237	F9EA	8000	85
7237	F9F0	8001	0A
7237	F8DB	8000	87
7237	F9B3	8000	80
7237	F9B9	8001	FC
7237	F9BE	8000	81
7237	F9C4	8001	0A
7237	F9C9	8000	82
7237	F9CF	8001	00
7237	F9D4	8000	83
7237	F9DA	8001	01
7237	F9DF	8000	84
7237	F9E5	8001	02
7237	F9EA	8000	85
7237	F9F0	8001	0A
7237	F8DB	8000	87
7238	FA23	8000	80
7238	FA29	8001	FC
7238	FA2E	8000	81
7238	FA34	8001	E2
7238	FA39	8000	82
7238	FA3F	8001	A2
7238	FA44	8000	83
7238	FA4A	8001	35
7238	FA4F	8000	84
7238	FA55	8001	B7
7238	FA5A	8000	85
7238	FA60	8001	BD
7238	FADD	8000	86
7238	FAE2	8001	18
7238	FAE9	8000	87
7238	FAEE	8001	19
7238	FAF8	8000	86
7238	FAFE	8001	28
7238	FB05	8000	87
7238	FB0B	8001	29
7238	FDA9	8000	86
7238	FDB1	8001	06
7238	FDBA	8000	87
7238	FDC2	8001	07
7238	FC3F	8000	86
7238	FC48	8001	06
7238	FC4F	8000	87
7238	FC58	8001	07
7238	FDA9	8000	86
7238	FDB1	8001	18
7238	FDBA	8000	87
7238	FDC2	8001	19
7238	FDA9	8000	86
7238	FDB1	8001	28
7238	FDBA	8000	87
7238	FDC2	8001	29
7238	FDA9	8000	86
7238	FDB1	8001	28
7238	FDBA	8000	87
7238	FDC2	8001	29
7238	F9B3	8000	80
7238	F9B9	8001	FC
7238	F9BE	8000	81
7238	F9C4	8001	0A
7238	F9C9	8000	82
7238	F9CF	8001	A2
7238	F9D4	8000	83
7238	F9DA	8001	01
7238	F9DF	8000	84
7238	F9E5	8001	02
7238	F9EA	8000	85
7238	F9F0	8001	0A
7238	F8DB	8000	87
7238	F9B3	8000	80
7238	F9B9	8001	FC
7238	F9BE	8000	81
7238	F9C4	8001	0A
7238	F9C9	8000	82
7238	F9CF	8001	00
7238	F9D4	8000	83
7238	F9DA	8001	01
7238	F9DF	8000	84
7238	F9E5	8001	02
7238	F9EA	8000	85
7238	F9F0	8001	0A
7238	F8DB	8000	87
7239	FA23	8000	80
7239	FA29	8001	FC
7239	FA2E	8000	81
7239	FA34	8001	E2
7239	FA39	8000	82
7239	FA3F	8001	A2
7239	FA44	8000	83
7239	FA4A	8001	35
7239	FA4F	8000	84
7239	FA55	8001	B7
7239	FA5A	8000	85
7239	FA60	8001	BD
7239	FADD	8000	86
7239	FAE2	8001	18
7239	FAE9	8000	87
7239	FAEE	8001	19
7239	FAF8	8000	86
7239	FAFE	8001	28
7239	FB05	8000	87
7239	FB0B	8001	29
7239	FDA9	8000	86
7239	FDB1	8001	06
7239	FDBA	8000	87
7239	FDC2	8001	07
7239	FC3F	8000	86
7239	FC48	8001	06
7239	FC4F	8000	87
7239	FC58	8001	07
7239	FDA9	8000	86
7239	FDB1	8001	18
7239	FDBA	8000	87
7239	FDC2	8001	19
7239	FDA9	8000	86
7239	FDB1	8001	28
7239	FDBA	8000	87
7239	FDC2	8001	29
7239	FDA9	8000	86
7239	FDB1	8001	28
7239	FDBA	8000	87
7239	FDC2	8001	29
7239	F9B3	8000	80
7239	F9B9	8001	FC
7239	F9BE	8000	81
7239	F9C4	8001	0A
7239	F9C9	8000	82
7239	F9CF	8001	A2
7239	F9D4	8000	83
7239	F9DA	8001	01
7239	F9DF	8000	84
7239	F9E5	8001	02
7239	F9EA	8000	85
7239	F9F0	8001	0A
7239	F8DB	8000	87
7239	F9B3	8000	80
7239	F9B9	8001	FC
7239	F9BE	8000	81
7239	F9C4	8001	0A
7239	F9C9	8000	82
7239	F9CF	8001	00
7239	F9D4	8000	83
7239	F9DA	8001	01
7239	F9DF	8000	84
7239	F9E5	8001	02
7239	F9EA	8000	85
7239	F9F0	8001	0A
7239	F8DB	8000	87
7240	FA23	8000	80
7240	FA29	8001	FC
7240	FA2E	8000	81
7240	FA34	8001	E2
7240	FA39	8000	82
7240	FA3F	8001	A2
7240	FA44	8000	83
7240	FA4A	8001	35
7240	FA4F	8000	84
7240	FA55	8001	B7
7240	FA5A	8000	85
7240	FA60	8001	BD
7240	FADD	8000	86
7240	FAE2	8001	18
7240	FAE9	8000	87
7240	FAEE	8001	19
7240	FAF8	8000	86
7240	FAFE	8001	28
7240	FB05	8000	87
7240	FB0B	8001	29
7240	FDA9	8000	86
7240	FDB1	8001	06
7240	FDBA	8000	87
7240	FDC2	8001	07
7240	FC3F	8000	86
7240	FC48	8001	06
7240	FC4F	8000	87
7240	FC58	8001	07
7240	FDA9	8000	86
7240	FDB1	8001	18
7240	FDBA	8000	87
7240	FDC2	8001	19
7240	FDA9	8000	86
7240	FDB1	8001	28
7240	FDBA	8000	87
7240	FDC2	8001	29
7240	FDA9	8000	86
7240	FDB1	8001	28
7240	FDBA	8000	87
7240	FDC2	8001	29
7240	F9B3	8000	80
7240	F9B9	8001	FC
7240	F9BE	8000	81
7240	F9C4	8001	0A
7240	F9C9	8000	82
7240	F9CF	8001	A2
7240	F9D4	8000	83
7240	F9DA	8001	01
7240	F9DF	8000	84
7240	F9E5	8001	02
7240	F9EA	8000	85
7240	F9F0	8001	0A
7240	F8DB	8000	87
7240	F9B3	8000	80
7240	F9B9	8001	FC
7240	F9BE	8000	81
7240	F9C4	8001	0A
7240	F9C9	8000	82
7240	F9CF	8001	00
7240	F9D4	8000	83
7240	F9DA	8001	01
7240	F9DF	8000	84
7240	F9E5	8001	02
7240	F9EA	8000	85
7240	F9F0	8001	0A
7240	F8DB	8000	87
7241	FA23	8000	80
7241	FA29	8001	FC
7241	FA2E	8000	81
7241	FA34	8001	E2
7241	FA39	8000	82
7241	FA3F	8001	A2
7241	FA44	8000	83
7241	FA4A	8001	35
7241	FA4F	8000	84
7241	FA55	8001	B7
7241	FA5A	8000	85
7241	FA60	8001	BD
7241	FADD	8000	86
7241	FAE2	8001	18
7241	FAE9	8000	87
7241	FAEE	8001	19
7241	FAF8	8000	86
7241	FAFE	8001	28
7241	FB05	8000	87
7241	FB0B	8001	29
7241	FDA9	8000	86
7241	FDB1	8001	06
7241	FDBA	8000	87
7241	FDC2	8001	07
7241	FC3F	8000	86
7241	FC48	8001	06
7241	FC4F	8000	87
7241	FC58	8001	07
7241	FDA9	8000	86
7241	FDB1	8001	18
7241	FDBA	8000	87
7241	FDC2	8001	19
7241	FDA9	8000	86
7241	FDB1	8001	28
7241	FDBA	8000	87
7241	FDC2	8001	29
7241	FDA9	8000	86
7241	FDB1	8001	28
7241	FDBA	8000	87
7241	FDC2	8001	29
7241	F9B3	8000	80
7241	F9B9	8001	FC
7241	F9BE	8000	81
7241	F9C4	8001	0A
7241	F9C9	8000	82
7241	F9CF	8001	A2
7241	F9D4	8000	83
7241	F9DA	8001	01
7241	F9DF	8000	84
7241	F9E5	8001	02
7241	F9EA	8000	85
7241	F9F0	8001	0A
7241	F8DB	8000	87
7241	F9B3	8000	80
7241	F9B9	8001	FC
7241	F9BE	8000	81
7241	F9C4	8001	0A
7241	F9C9	8000	82
7241	F9CF	8001	00
7241	F9D4	8000	83
7241	F9DA	8001	01
7241	F9DF	8000	84
7241	F9E5	8001	02
7241	F9EA	8000	85
7241	F9F0	8001	0A
7241	F8DB	8000	87
7242	FA23	8000	80
7242	FA29	8001	FC
7242	FA2E	8000	81
7242	FA34	8001	E2
7242	FA39	8000	82
7242	FA3F	8001	A2
7242	FA44	8000	83
7242	FA4A	8001	35
7242	FA4F	8000	84
7242	FA55	8001	B7
7242	FA5A	8000	85
7242	FA60	8001	BD
7242	FADD	8000	86
7242	FAE2	8001	18
7242	FAE9	8000	87
7242	FAEE	8001	19
7242	FAF8	8000	86
7242	FAFE	8001	28
7242	FB05	8000	87
7242	FB0B	8001	29
7242	FDA9	8000	86
7242	FDB1	8001	06
7242	FDBA	8000	87
7242	FDC2	8001	07
7242	FC3F	8000	86
7242	FC48	8001	06
7242	FC4F	8000	87
7242	FC58	8001	07
7242	FDA9	8000	86
7242	FDB1	8001	18
7242	FDBA	8000	87
7242	FDC2	8001	19
7242	FDA9	8000	86
7242	FDB1	8001	28
7242	FDBA	8000	87
7242	FDC2	8001	29
7242	FDA9	8000	86
7242	FDB1	8001	28
7242	FDBA	8000	87
7242	FDC2	8001	29
7242	F9B3	8000	80
7242	F9B9	8001	FC
7242	F9BE	8000	81
7242	F9C4	8001	0A
7242	F9C9	8000	82
7242	F9CF	8001	A2
7242	F9D4	8000	83
7242	F9DA	8001	01
7242	F9DF	8000	84
7242	F9E5	8001	02
7242	F9EA	8000	85
7242	F9F0	8001	0A
7242	F8DB	8000	87
7242	F9B3	8000	80
7242	F9B9	8001	FC
7242	F9BE	8000	81
7242	F9C4	8001	0A
7242	F9C9	8000	82
7242	F9CF	8001	00
7242	F9D4	8000	83
7242	F9DA	8001	01
7242	F9DF	8000	84
7242	F9E5	8001	02
7242	F9EA	8000	85
7242	F9F0	8001	0A
7242	F8DB	8000	87
7243	FA23	8000	80
7243	FA29	8001	FC
7243	FA2E	8000	81
7243	FA34	8001	E2
7243	FA39	8000	82
7243	FA3F	8001	A2
7243	FA44	8000	83
7243	FA4A	8001	35
7243	FA4F	8000	84
7243	FA55	8001	B7
7243	FA5A	8000	85
7243	FA60	8001	BD
7243	FADD	8000	86
7243	FAE2	8001	18
7243	FAE9	8000	87
7243	FAEE	8001	19
7243	FAF8	8000	86
7243	FAFE	8001	28
7243	FB05	8000	87
7243	FB0B	8001	29
7243	FDA9	8000	86
7243	FDB1	8001	06
7243	FDBA	8000	87
7243	FDC2	8001	07
7243	FC3F	8000	86
7243	FC48	8001	06
7243	FC4F	8000	87
7243	FC58	8001	07
7243	FDA9	8000	86
7243	FDB1	8001	18
7243	FDBA	8000	87
7243	FDC2	8001	19
7243	FDA9	8000	86
7243	FDB1	8001	28
7243	FDBA	8000	87
7243	FDC2	8001	29
7243	FDA9	8000	86
7243	FDB1	8001	28
7243	FDBA	8000	87
7243	FDC2	8001	29
7243	F9B3	8000	80
7243	F9B9	8001	FC
7243	F9BE	8000	81
7243	F9C4	8001	0A
7243	F9C9	8000	82
7243	F9CF	8001	A2
7243	F9D4	8000	83
7243	F9DA	8001	01
7243	F9DF	8000	84
7243	F9E5	8001	02
7243	F9EA	8000	85
7243	F9F0	8001	0A
7243	F8DB	8000	87
7243	F9B3	8000	80
7243	F9B9	8001	FC
7243	F9BE	8000	81
7243	F9C4	8001	0A
7243	F9C9	8000	82
7243	F9CF	8001	00
7243	F9D4	8000	83
7243	F9DA	8001	01
7243	F9DF	8000	84
7243	F9E5	8001	02
7243	F9EA	8000	85
7243	F9F0	8001	0A
7243	F8DB	8000	87
7244	FA23	8000	80
7244	FA29	8001	FC
7244	FA2E	8000	81
7244	FA34	8001	E2
7244	FA39	8000	82
7244	FA3F	8001	A2
7244	FA44	8000	83
7244	FA4A	8001	35
7244	FA4F	8000	84
7244	FA55	8001	B7
7244	FA5A	8000	85
7244	FA60	8001	BD
7244	FADD	8000	86
7244	FAE2	8001	18
7244	FAE9	8000	87
7244	FAEE	8001	19
7244	BF0A	8000	86
7244	C8E1	8001	00
7244	C8E6	8000	87
7244	C8EB	8001	01
7244	C900	8000	86
7244	C905	8001	18
7244	C90A	8000	87
7244	C90F	8001	19
7244	BF0A	8000	86
7244	C8E1	8001	00
7244	C8E6	8000	87
7244	C8EB	8001	01
7244	C900	8000	86
7244	C905	8001	18
7244	C90A	8000	87
7244	C90F	8001	19
7244	BF0A	8000	86
7244	C8E1	8001	00
7244	C8E6	8000	87
7244	C8EB	8001	01
7244	C900	8000	86
7244	C905	8001	18
7244	C90A	8000	87
7244	C90F	8001	19
7244	FAF8	8000	86
7244	FAFE	8001	28
7244	FB05	8000	87
7244	FB0B	8001	29
7244	FDA9	8000	86
7244	FDB1	8001	06
7244	FDBA	8000	87
7244	FDC2	8001	07
7244	FC3F	8000	86
7244	FC48	8001	06
7244	FC4F	8000	87
7244	FC58	8001	07
7244	FDA9	8000	86
7244	FDB1	8001	18
7244	FDBA	8000	87
7244	FDC2	8001	19
7244	FDA9	8000	86
7244	FDB1	8001	28
7244	FDBA	8000	87
7244	FDC2	8001	29
7244	FDA9	8000	86
7244	FDB1	8001	28
7244	FDBA	8000	87
7244	FDC2	8001	29
7244	F9B3	8000	80
7244	F9B9	8001	FC
7244	F9BE	8000	81
7244	F9C4	8001	0A
7244	F9C9	8000	82
7244	F9CF	8001	A2
7244	F9D4	8000	83
7244	F9DA	8001	01
7244	F9DF	8000	84
7244	F9E5	8001	02
7244	F9EA	8000	85
7244	F9F0	8001	0A
7244	F8DB	8000	87
7244	F9B3	8000	80
7244	F9B9	8001	FC
7244	F9BE	8000	81
7244	F9C4	8001	0A
7244	F9C9	8000	82
7244	F9CF	8001	00
7244	F9D4	8000	83
7244	F9DA	8001	01
7244	F9DF	8000	84
7244	F9E5	8001	02
7244	F9EA	8000	85
7244	F9F0	8001	0A
7244	F8DB	8000	87
7245	FA23	8000	80
7245	FA29	8001	FC
7245	FA2E	8000	81
7245	FA34	8001	E2
7245	FA39	8000	82
7245	FA3F	8001	A2
7245	FA44	8000	83
7245	FA4A	8001	35
7245	FA4F	8000	84
7245	FA55	8001	B7
7245	FA5A	8000	85
7245	FA60	8001	BD
7245	FADD	8000	86
7245	FAE2	8001	18
7245	FAE9	8000	87
7245	FAEE	8001	19
7245	FAF8	8000	86
7245	FAFE	8001	28
7245	FB05	8000	87
7245	FB0B	8001	29
7245	FDA9	8000	86
7245	FDB1	8001	06
7245	FDBA	8000	87
7245	FDC2	8001	07
7245	FC3F	8000	86
7245	FC48	8001	06
7245	FC4F	8000	87
7245	FC58	8001	07
7245	FDA9	8000	86
7245	FDB1	8001	18
7245	FDBA	8000	87
7245	FDC2	8001	19
7245	FDA9	8000	86
7245	FDB1	8001	28
7245	FDBA	8000	87
7245	FDC2	8001	29
7245	FDA9	8000	86
7245	FDB1	8001	28
7245	FDBA	8000	87
7245	FDC2	8001	29
7245	F9B3	8000	80
7245	F9B9	8001	FC
7245	F9BE	8000	81
7245	F9C4	8001	0A
7245	F9C9	8000	82
7245	F9CF	8001	A2
7245	F9D4	8000	83
7245	F9DA	8001	01
7245	F9DF	8000	84
7245	F9E5	8001	02
7245	F9EA	8000	85
7245	F9F0	8001	0A
7245	F8DB	8000	87
7245	F9B3	8000	80
7245	F9B9	8001	FC
7245	F9BE	8000	81
7245	F9C4	8001	0A
7245	F9C9	8000	82
7245	F9CF	8001	00
7245	F9D4	8000	83
7245	F9DA	8001	01
7245	F9DF	8000	84
7245	F9E5	8001	02
7245	F9EA	8000	85
7245	F9F0	8001	0A
7245	F8DB	8000	87
7246	FA23	8000	80
7246	FA29	8001	FC
7246	FA2E	8000	81
7246	FA34	8001	E2
7246	FA39	8000	82
7246	FA3F	8001	A2
7246	FA44	8000	83
7246	FA4A	8001	35
7246	FA4F	8000	84
7246	FA55	8001	B7
7246	FA5A	8000	85
7246	FA60	8001	BD
7246	FADD	8000	86
7246	FAE2	8001	18
7246	FAE9	8000	87
7246	FAEE	8001	19
7246	FAF8	8000	86
7246	FAFE	8001	28
7246	FB05	8000	87
7246	FB0B	8001	29
7246	FDA9	8000	86
7246	FDB1	8001	06
7246	FDBA	8000	87
7246	FDC2	8001	07
7246	FC3F	8000	86
7246	FC48	8001	06
7246	FC4F	8000	87
7246	FC58	8001	07
7246	FDA9	8000	86
7246	FDB1	8001	18
7246	FDBA	8000	87
7246	FDC2	8001	19
7246	FDA9	8000	86
7246	FDB1	8001	28
7246	FDBA	8000	87
7246	FDC2	8001	29
7246	FDA9	8000	86
7246	FDB1	8001	28
7246	FDBA	8000	87
7246	FDC2	8001	29
7246	F9B3	8000	80
7246	F9B9	8001	FC
7246	F9BE	8000	81
7246	F9C4	8001	0A
7246	F9C9	8000	82
7246	F9CF	8001	A2
7246	F9D4	8000	83
7246	F9DA	8001	01
7246	F9DF	8000	84
7246	F9E5	8001	02
7246	F9EA	8000	85
7246	F9F0	8001	0A
7246	F8DB	8000	87
7246	F9B3	8000	80
7246	F9B9	8001	FC
7246	F9BE	8000	81
7246	F9C4	8001	0A
7246	F9C9	8000	82
7246	F9CF	8001	00
7246	F9D4	8000	83
7246	F9DA	8001	01
7246	F9DF	8000	84
7246	F9E5	8001	02
7246	F9EA	8000	85
7246	F9F0	8001	0A
7246	F8DB	8000	87
7247	FA23	8000	80
7247	FA29	8001	FC
7247	FA2E	8000	81
7247	FA34	8001	E2
7247	FA39	8000	82
7247	FA3F	8001	A2
7247	FA44	8000	83
7247	FA4A	8001	35
7247	FA4F	8000	84
7247	FA55	8001	B7
7247	FA5A	8000	85
7247	FA60	8001	BD
7247	FADD	8000	86
7247	FAE2	8001	18
7247	FAE9	8000	87
7247	FAEE	8001	19
7247	FAF8	8000	86
7247	FAFE	8001	28
7247	FB05	8000	87
7247	FB0B	8001	29
7247	FDA9	8000	86
7247	FDB1	8001	06
7247	FDBA	8000	87
7247	FDC2	8001	07
7247	FC3F	8000	86
7247	FC48	8001	06
7247	FC4F	8000	87
7247	FC58	8001	07
7247	FDA9	8000	86
7247	FDB1	8001	18
7247	FDBA	8000	87
7247	FDC2	8001	19
7247	FDA9	8000	86
7247	FDB1	8001	28
7247	FDBA	8000	87
7247	FDC2	8001	29
7247	FDA9	8000	86
7247	FDB1	8001	28
7247	FDBA	8000	87
7247	FDC2	8001	29
7247	F9B3	8000	80
7247	F9B9	8001	FC
7247	F9BE	8000	81
7247	F9C4	8001	0A
7247	F9C9	8000	82
7247	F9CF	8001	A2
7247	F9D4	8000	83
7247	F9DA	8001	01
7247	F9DF	8000	84
7247	F9E5	8001	02
7247	F9EA	8000	85
7247	F9F0	8001	0A
7247	F8DB	8000	87
7247	F9B3	8000	80
7247	F9B9	8001	FC
7247	F9BE	8000	81
7247	F9C4	8001	0A
7247	F9C9	8000	82
7247	F9CF	8001	00
7247	F9D4	8000	83
7247	F9DA	8001	01
7247	F9DF	8000	84
7247	F9E5	8001	02
7247	F9EA	8000	85
7247	F9F0	8001	0A
7247	F8DB	8000	87
7248	FA23	8000	80
7248	FA29	8001	FC
7248	FA2E	8000	81
7248	FA34	8001	E2
7248	FA39	8000	82
7248	FA3F	8001	A2
7248	FA44	8000	83
7248	FA4A	8001	35
7248	FA4F	8000	84
7248	FA55	8001	B7
7248	FA5A	8000	85
7248	FA60	8001	BD
7248	FADD	8000	86
7248	FAE2	8001	18
7248	FAE9	8000	87
7248	FAEE	8001	19
7248	FAF8	8000	86
7248	FAFE	8001	28
7248	FB05	8000	87
7248	FB0B	8001	29
7248	FDA9	8000	86
7248	FDB1	8001	06
7248	FDBA	8000	87
7248	FDC2	8001	07
7248	FC3F	8000	86
7248	FC48	8001	06
7248	FC4F	8000	87
7248	FC58	8001	07
7248	FDA9	8000	86
7248	FDB1	8001	18
7248	FDBA	8000	87
7248	FDC2	8001	19
7248	FDA9	8000	86
7248	FDB1	8001	28
7248	FDBA	8000	87
7248	FDC2	8001	29
7248	FDA9	8000	86
7248	FDB1	8001	28
7248	FDBA	8000	87
7248	FDC2	8001	29
7248	F9B3	8000	80
7248	F9B9	8001	FC
7248	F9BE	8000	81
7248	F9C4	8001	0A
7248	F9C9	8000	82
7248	F9CF	8001	A2
7248	F9D4	8000	83
7248	F9DA	8001	01
7248	F9DF	8000	84
7248	F9E5	8001	02
7248	F9EA	8000	85
7248	F9F0	8001	0A
7248	F8DB	8000	87
7248	F9B3	8000	80
7248	F9B9	8001	FC
7248	F9BE	8000	81
7248	F9C4	8001	0A
7248	F9C9	8000	82
7248	F9CF	8001	00
7248	F9D4	8000	83
7248	F9DA	8001	01
7248	F9DF	8000	84
7248	F9E5	8001	02
7248	F9EA	8000	85
7248	F9F0	8001	0A
7248	F8DB	8000	87
7249	FA23	8000	80
7249	FA29	8001	FC
7249	FA2E	8000	81
7249	FA34	8001	E2
7249	FA39	8000	82
7249	FA3F	8001	A2
7249	FA44	8000	83
7249	FA4A	8001	35
7249	FA4F	8000	84
7249	FA55	8001	B7
7249	FA5A	8000	85
7249	FA60	8001	BD
7249	FADD	8000	86
7249	FAE2	8001	18
7249	FAE9	8000	87
7249	FAEE	8001	19
7249	FAF8	8000	86
7249	FAFE	8001	28
7249	FB05	8000	87
7249	FB0B	8001	29
7249	FDA9	8000	86
7249	FDB1	8001	06
7249	FDBA	8000	87
7249	FDC2	8001	07
7249	FC3F	8000	86
7249	FC48	8001	06
7249	FC4F	8000	87
7249	FC58	8001	07
7249	FDA9	8000	86
7249	FDB1	8001	18
7249	FDBA	8000	87
7249	FDC2	8001	19
7249	FDA9	8000	86
7249	FDB1	8001	28
7249	FDBA	8000	87
7249	FDC2	8001	29
7249	FDA9	8000	86
7249	FDB1	8001	28
7249	FDBA	8000	87
7249	FDC2	8001	29
7249	F9B3	8000	80
7249	F9B9	8001	FC
7249	F9BE	8000	81
7249	F9C4	8001	0A
7249	F9C9	8000	82
7249	F9CF	8001	A2
7249	F9D4	8000	83
7249	F9DA	8001	01
7249	F9DF	8000	84
7249	F9E5	8001	02
7249	F9EA	8000	85
7249	F9F0	8001	0A
7249	F8DB	8000	87
7249	F9B3	8000	80
7249	F9B9	8001	FC
7249	F9BE	8000	81
7249	F9C4	8001	0A
7249	F9C9	8000	82
7249	F9CF	8001	00
7249	F9D4	8000	83
7249	F9DA	8001	01
7249	F9DF	8000	84
7249	F9E5	8001	02
7249	F9EA	8000	85
7249	F9F0	8001	0A
7249	F8DB	8000	87
7250	FA23	8000	80
7250	FA29	8001	FC
7250	FA2E	8000	81
7250	FA34	8001	E2
7250	FA39	8000	82
7250	FA3F	8001	A2
7250	FA44	8000	83
7250	FA4A	8001	35
7250	FA4F	8000	84
7250	FA55	8001	B7
7250	FA5A	8000	85
7250	FA60	8001	BD
7250	FADD	8000	86
7250	FAE2	8001	18
7250	FAE9	8000	87
7250	FAEE	8001	19
7250	FAF8	8000	86
7250	FAFE	8001	28
7250	FB05	8000	87
7250	FB0B	8001	29
7250	FDA9	8000	86
7250	FDB1	8001	06
7250	FDBA	8000	87
7250	FDC2	8001	07
7250	FC3F	8000	86
7250	FC48	8001	06
7250	FC4F	8000	87
7250	FC58	8001	07
7250	FDA9	8000	86
7250	FDB1	8001	18
7250	FDBA	8000	87
7250	FDC2	8001	19
7250	FDA9	8000	86
7250	FDB1	8001	28
7250	FDBA	8000	87
7250	FDC2	8001	29
7250	FDA9	8000	86
7250	FDB1	8001	28
7250	FDBA	8000	87
7250	FDC2	8001	29
7250	F9B3	8000	80
7250	F9B9	8001	FC
7250	F9BE	8000	81
7250	F9C4	8001	0A
7250	F9C9	8000	82
7250	F9CF	8001	A2
7250	F9D4	8000	83
7250	F9DA	8001	01
7250	F9DF	8000	84
7250	F9E5	8001	02
7250	F9EA	8000	85
7250	F9F0	8001	0A
7250	F8DB	8000	87
7250	F9B3	8000	80
7250	F9B9	8001	FC
7250	F9BE	8000	81
7250	F9C4	8001	0A
7250	F9C9	8000	82
7250	F9CF	8001	00
7250	F9D4	8000	83
7250	F9DA	8001	01
7250	F9DF	8000	84
7250	F9E5	8001	02
7250	F9EA	8000	85
7250	F9F0	8001	0A
7250	F8DB	8000	87
7251	FA23	8000	80
7251	FA29	8001	FC
7251	FA2E	8000	81
7251	FA34	8001	E2
7251	FA39	8000	82
7251	FA3F	8001	A2
7251	FA44	8000	83
7251	FA4A	8001	35
7251	FA4F	8000	84
7251	FA55	8001	B7
7251	FA5A	8000	85
7251	FA60	8001	BD
7251	FADD	8000	86
7251	FAE2	8001	18
7251	FAE9	8000	87
7251	FAEE	8001	19
7251	FAF8	8000	86
7251	FAFE	8001	28
7251	FB05	8000	87
7251	FB0B	8001	29
7251	FDA9	8000	86
7251	FDB1	8001	06
7251	FDBA	8000	87
7251	FDC2	8001	07
7251	FC3F	8000	86
7251	FC48	8001	06
7251	FC4F	8000	87
7251	FC58	8001	07
7251	FDA9	8000	86
7251	FDB1	8001	18
7251	FDBA	8000	87
7251	FDC2	8001	19
7251	FDA9	8000	86
7251	FDB1	8001	28
7251	FDBA	8000	87
7251	FDC2	8001	29
7251	FDA9	8000	86
7251	FDB1	8001	28
7251	FDBA	8000	87
7251	FDC2	8001	29
7251	F9B3	8000	80
7251	F9B9	8001	FC
7251	F9BE	8000	81
7251	F9C4	8001	0A
7251	F9C9	8000	82
7251	F9CF	8001	A2
7251	F9D4	8000	83
7251	F9DA	8001	01
7251	F9DF	8000	84
7251	F9E5	8001	02
7251	F9EA	8000	85
7251	F9F0	8001	0A
7251	F8DB	8000	87
7251	F9B3	8000	80
7251	F9B9	8001	FC
7251	F9BE	8000	81
7251	F9C4	8001	0A
7251	F9C9	8000	82
7251	F9CF	8001	00
7251	F9D4	8000	83
7251	F9DA	8001	01
7251	F9DF	8000	84
7251	F9E5	8001	02
7251	F9EA	8000	85
7251	F9F0	8001	0A
7251	F8DB	8000	87
7252	FA23	8000	80
7252	FA29	8001	FC
7252	FA2E	8000	81
7252	FA34	8001	E2
7252	FA39	8000	82
7252	FA3F	8001	A2
7252	FA44	8000	83
7252	FA4A	8001	35
7252	FA4F	8000	84
7252	FA55	8001	B7
7252	FA5A	8000	85
7252	FA60	8001	BD
7252	FADD	8000	86
7252	FAE2	8001	18
7252	FAE9	8000	87
7252	FAEE	8001	19
7252	FAF8	8000	86
7252	FAFE	8001	28
7252	FB05	8000	87
7252	FB0B	8001	29
7252	FDA9	8000	86
7252	FDB1	8001	06
7252	FDBA	8000	87
7252	FDC2	8001	07
7252	FC3F	8000	86
7252	FC48	8001	06
7252	FC4F	8000	87
7252	FC58	8001	07
7252	FDA9	8000	86
7252	FDB1	8001	18
7252	FDBA	8000	87
7252	FDC2	8001	19
7252	FDA9	8000	86
7252	FDB1	8001	28
7252	FDBA	8000	87
7252	FDC2	8001	29
7252	FDA9	8000	86
7252	FDB1	8001	28
7252	FDBA	8000	87
7252	FDC2	8001	29
7252	F9B3	8000	80
7252	F9B9	8001	FC
7252	F9BE	8000	81
7252	F9C4	8001	0A
7252	F9C9	8000	82
7252	F9CF	8001	A2
7252	F9D4	8000	83
7252	F9DA	8001	01
7252	F9DF	8000	84
7252	F9E5	8001	02
7252	F9EA	8000	85
7252	F9F0	8001	0A
7252	F8DB	8000	87
7252	F9B3	8000	80
7252	F9B9	8001	FC
7252	F9BE	8000	81
7252	F9C4	8001	0A
7252	F9C9	8000	82
7252	F9CF	8001	00
7252	F9D4	8000	83
7252	F9DA	8001	01
7252	F9DF	8000	84
7252	F9E5	8001	02
7252	F9EA	8000	85
7252	F9F0	8001	0A
7252	F8DB	8000	87
7253	FA23	8000	80
7253	FA29	8001	FC
7253	FA2E	8000	81
7253	FA34	8001	E2
7253	FA39	8000	82
7253	FA3F	8001	A2
7253	FA44	8000	83
7253	FA4A	8001	35
7253	FA4F	8000	84
7253	FA55	8001	B7
7253	FA5A	8000	85
7253	FA60	8001	BD
7253	FADD	8000	86
7253	FAE2	8001	18
7253	FAE9	8000	87
7253	FAEE	8001	19
7253	FAF8	8000	86
7253	FAFE	8001	28
7253	FB05	8000	87
7253	FB0B	8001	29
7253	FDA9	8000	86
7253	FDB1	8001	06
7253	FDBA	8000	87
7253	FDC2	8001	07
7253	FC3F	8000	86
7253	FC48	8001	06
7253	FC4F	8000	87
7253	FC58	8001	07
7253	FDA9	8000	86
7253	FDB1	8001	18
7253	FDBA	8000	87
7253	FDC2	8001	19
7253	FDA9	8000	86
7253	FDB1	8001	28
7253	FDBA	8000	87
7253	FDC2	8001	29
7253	FDA9	8000	86
7253	FDB1	8001	28
7253	FDBA	8000	87
7253	FDC2	8001	29
7253	F9B3	8000	80
7253	F9B9	8001	FC
7253	F9BE	8000	81
7253	F9C4	8001	0A
7253	F9C9	8000	82
7253	F9CF	8001	A2
7253	F9D4	8000	83
7253	F9DA	8001	01
7253	F9DF	8000	84
7253	F9E5	8001	02
7253	F9EA	8000	85
7253	F9F0	8001	0A
7253	F8DB	8000	87
7253	F9B3	8000	80
7253	F9B9	8001	FC
7253	F9BE	8000	81
7253	F9C4	8001	0A
7253	F9C9	8000	82
7253	F9CF	8001	00
7253	F9D4	8000	83
7253	F9DA	8001	01
7253	F9DF	8000	84
7253	F9E5	8001	02
7253	F9EA	8000	85
7253	F9F0	8001	0A
7253	F8DB	8000	87
7254	FA23	8000	80
7254	FA29	8001	FC
7254	FA2E	8000	81
7254	FA34	8001	E2
7254	FA39	8000	82
7254	FA3F	8001	A2
7254	FA44	8000	83
7254	FA4A	8001	35
7254	FA4F	8000	84
7254	FA55	8001	B7
7254	FA5A	8000	85
7254	FA60	8001	BD
7254	FADD	8000	86
7254	FAE2	8001	18
7254	FAE9	8000	87
7254	FAEE	8001	19
7254	BF0A	8000	86
7254	C8E1	8001	00
7254	C8E6	8000	87
7254	C8EB	8001	01
7254	C900	8000	86
7254	C905	8001	18
7254	C90A	8000	87
7254	C90F	8001	19
7254	BF0A	8000	86
7254	C8E1	8001	00
7254	C8E6	8000	87
7254	C8EB	8001	01
7254	C900	8000	86
7254	C905	8001	18
7254	C90A	8000	87
7254	C90F	8001	19
7254	FAF8	8000	86
7254	FAFE	8001	28
7254	FB05	8000	87
7254	FB0B	8001	29
7254	FDA9	8000	86
7254	FDB1	8001	06
7254	FDBA	8000	87
7254	FDC2	8001	07
7254	FC3F	8000	86
7254	FC48	8001	06
7254	FC4F	8000	87
7254	FC58	8001	07
7254	FDA9	8000	86
7254	FDB1	8001	18
7254	FDBA	8000	87
7254	FDC2	8001	19
7254	FDA9	8000	86
7254	FDB1	8001	28
7254	FDBA	8000	87
7254	FDC2	8001	29
7254	FDA9	8000	86
7254	FDB1	8001	28
7254	FDBA	8000	87
7254	FDC2	8001	29
7254	F9B3	8000	80
7254	F9B9	8001	FC
7254	F9BE	8000	81
7254	F9C4	8001	0A
7254	F9C9	8000	82
7254	F9CF	8001	A2
7254	F9D4	8000	83
7254	F9DA	8001	01
7254	F9DF	8000	84
7254	F9E5	8001	02
7254	F9EA	8000	85
7254	F9F0	8001	0A
7254	F8DB	8000	87
7254	F9B3	8000	80
7254	F9B9	8001	FC
7254	F9BE	8000	81
7254	F9C4	8001	0A
7254	F9C9	8000	82
7254	F9CF	8001	00
7254	F9D4	8000	83
7254	F9DA	8001	01
7254	F9DF	8000	84
7254	F9E5	8001	02
7254	F9EA	8000	85
7254	F9F0	8001	0A
7254	F8DB	8000	87
7255	FA23	8000	80
7255	FA29	8001	FC
7255	FA2E	8000	81
7255	FA34	8001	E2
7255	FA39	8000	82
7255	FA3F	8001	A2
7255	FA44	8000	83
7255	FA4A	8001	35
7255	FA4F	8000	84
7255	FA55	8001	B7
7255	FA5A	8000	85
7255	FA60	8001	BD
7255	FADD	8000	86
7255	FAE2	8001	18
7255	FAE9	8000	87
7255	FAEE	8001	19
7255	FAF8	8000	86
7255	FAFE	8001	28
7255	FB05	8000	87
7255	FB0B	8001	29
7255	FDA9	8000	86
7255	FDB1	8001	06
7255	FDBA	8000	87
7255	FDC2	8001	07
7255	FC3F	8000	86
7255	FC48	8001	06
7255	FC4F	8000	87
7255	FC58	8001	07
7255	FDA9	8000	86
7255	FDB1	8001	18
7255	FDBA	8000	87
7255	FDC2	8001	19
7255	FDA9	8000	86
7255	FDB1	8001	28
7255	FDBA	8000	87
7255	FDC2	8001	29
7255	FDA9	8000	86
7255	FDB1	8001	28
7255	FDBA	8000	87
7255	FDC2	8001	29
7255	F9B3	8000	80
7255	F9B9	8001	FC
7255	F9BE	8000	81
7255	F9C4	8001	0A
7255	F9C9	8000	82
7255	F9CF	8001	A2
7255	F9D4	8000	83
7255	F9DA	8001	01
7255	F9DF	8000	84
7255	F9E5	8001	02
7255	F9EA	8000	85
7255	F9F0	8001	0A
7255	F8DB	8000	87
7255	F9B3	8000	80
7255	F9B9	8001	FC
7255	F9BE	8000	81
7255	F9C4	8001	0A
7255	F9C9	8000	82
7255	F9CF	8001	00
7255	F9D4	8000	83
7255	F9DA	8001	01
7255	F9DF	8000	84
7255	F9E5	8001	02
7255	F9EA	8000	85
7255	F9F0	8001	0A
7255	F8DB	8000	87
7256	FA23	8000	80
7256	FA29	8001	FC
7256	FA2E	8000	81
7256	FA34	8001	E2
7256	FA39	8000	82
7256	FA3F	8001	A2
7256	FA44	8000	83
7256	FA4A	8001	35
7256	FA4F	8000	84
7256	FA55	8001	B7
7256	FA5A	8000	85
7256	FA60	8001	BD
7256	FADD	8000	86
7256	FAE2	8001	18
7256	FAE9	8000	87
7256	FAEE	8001	19
7256	FAF8	8000	86
7256	FAFE	8001	28
7256	FB05	8000	87
7256	FB0B	8001	29
7256	FDA9	8000	86
7256	FDB1	8001	06
7256	FDBA	8000	87
7256	FDC2	8001	07
7256	FC3F	8000	86
7256	FC48	8001	06
7256	FC4F	8000	87
7256	FC58	8001	07
7256	FDA9	8000	86
7256	FDB1	8001	18
7256	FDBA	8000	87
7256	FDC2	8001	19
7256	FDA9	8000	86
7256	FDB1	8001	28
7256	FDBA	8000	87
7256	FDC2	8001	29
7256	FDA9	8000	86
7256	FDB1	8001	28
7256	FDBA	8000	87
7256	FDC2	8001	29
7256	F9B3	8000	80
7256	F9B9	8001	FC
7256	F9BE	8000	81
7256	F9C4	8001	0A
7256	F9C9	8000	82
7256	F9CF	8001	A2
7256	F9D4	8000	83
7256	F9DA	8001	01
7256	F9DF	8000	84
7256	F9E5	8001	02
7256	F9EA	8000	85
7256	F9F0	8001	0A
7256	F8DB	8000	87
7256	F9B3	8000	80
7256	F9B9	8001	FC
7256	F9BE	8000	81
7256	F9C4	8001	0A
7256	F9C9	8000	82
7256	F9CF	8001	00
7256	F9D4	8000	83
7256	F9DA	8001	01
7256	F9DF	8000	84
7256	F9E5	8001	02
7256	F9EA	8000	85
7256	F9F0	8001	0A
7256	F8DB	8000	87
7257	FA23	8000	80
7257	FA29	8001	FC
7257	FA2E	8000	81
7257	FA34	8001	E2
7257	FA39	8000	82
7257	FA3F	8001	A2
7257	FA44	8000	83
7257	FA4A	8001	35
7257	FA4F	8000	84
7257	FA55	8001	B7
7257	FA5A	8000	85
7257	FA60	8001	BD
7257	FADD	8000	86
7257	FAE2	8001	18
7257	FAE9	8000	87
7257	FAEE	8001	19
7257	FAF8	8000	86
7257	FAFE	8001	28
7257	FB05	8000	87
7257	FB0B	8001	29
7257	FDA9	8000	86
7257	FDB1	8001	06
7257	FDBA	8000	87
7257	FDC2	8001	07
7257	FC3F	8000	86
7257	FC48	8001	06
7257	FC4F	8000	87
7257	FC58	8001	07
7257	FDA9	8000	86
7257	FDB1	8001	18
7257	FDBA	8000	87
7257	FDC2	8001	19
7257	FDA9	8000	86
7257	FDB1	8001	28
7257	FDBA	8000	87
7257	FDC2	8001	29
7257	FDA9	8000	86
7257	FDB1	8001	28
7257	FDBA	8000	87
7257	FDC2	8001	29
7257	F9B3	8000	80
7257	F9B9	8001	FC
7257	F9BE	8000	81
7257	F9C4	8001	0A
7257	F9C9	8000	82
7257	F9CF	8001	A2
7257	F9D4	8000	83
7257	F9DA	8001	01
7257	F9DF	8000	84
7257	F9E5	8001	02
7257	F9EA	8000	85
7257	F9F0	8001	0A
7257	F8DB	8000	87
7257	F9B3	8000	80
7257	F9B9	8001	FC
7257	F9BE	8000	81
7257	F9C4	8001	0A
7257	F9C9	8000	82
7257	F9CF	8001	00
7257	F9D4	8000	83
7257	F9DA	8001	01
7257	F9DF	8000	84
7257	F9E5	8001	02
7257	F9EA	8000	85
7257	F9F0	8001	0A
7257	F8DB	8000	87
7258	FA23	8000	80
7258	FA29	8001	FC
7258	FA2E	8000	81
7258	FA34	8001	E2
7258	FA39	8000	82
7258	FA3F	8001	A2
7258	FA44	8000	83
7258	FA4A	8001	35
7258	FA4F	8000	84
7258	FA55	8001	B7
7258	FA5A	8000	85
7258	FA60	8001	BD
7258	FADD	8000	86
7258	FAE2	8001	18
7258	FAE9	8000	87
7258	FAEE	8001	19
7258	FAF8	8000	86
7258	FAFE	8001	28
7258	FB05	8000	87
7258	FB0B	8001	29
7258	FDA9	8000	86
7258	FDB1	8001	06
7258	FDBA	8000	87
7258	FDC2	8001	07
7258	FC3F	8000	86
7258	FC48	8001	06
7258	FC4F	8000	87
7258	FC58	8001	07
7258	FDA9	8000	86
7258	FDB1	8001	18
7258	FDBA	8000	87
7258	FDC2	8001	19
7258	FDA9	8000	86
7258	FDB1	8001	28
7258	FDBA	8000	87
7258	FDC2	8001	29
7258	FDA9	8000	86
7258	FDB1	8001	28
7258	FDBA	8000	87
7258	FDC2	8001	29
7258	F9B3	8000	80
7258	F9B9	8001	FC
7258	F9BE	8000	81
7258	F9C4	8001	0A
7258	F9C9	8000	82
7258	F9CF	8001	A2
7258	F9D4	8000	83
7258	F9DA	8001	01
7258	F9DF	8000	84
7258	F9E5	8001	02
7258	F9EA	8000	85
7258	F9F0	8001	0A
7258	F8DB	8000	87
7258	F9B3	8000	80
7258	F9B9	8001	FC
7258	F9BE	8000	81
7258	F9C4	8001	0A
7258	F9C9	8000	82
7258	F9CF	8001	00
7258	F9D4	8000	83
7258	F9DA	8001	01
7258	F9DF	8000	84
7258	F9E5	8001	02
7258	F9EA	8000	85
7258	F9F0	8001	0A
7258	F8DB	8000	87
7259	FA23	8000	80
7259	FA29	8001	FC
7259	FA2E	8000	81
7259	FA34	8001	E2
7259	FA39	8000	82
7259	FA3F	8001	A2
7259	FA44	8000	83
7259	FA4A	8001	35
7259	FA4F	8000	84
7259	FA55	8001	B7
7259	FA5A	8000	85
7259	FA60	8001	BD
7259	FADD	8000	86
7259	FAE2	8001	18
7259	FAE9	8000	87
7259	FAEE	8001	19
7259	FAF8	8000	86
7259	FAFE	8001	28
7259	FB05	8000	87
7259	FB0B	8001	29
7259	FDA9	8000	86
7259	FDB1	8001	06
7259	FDBA	8000	87
7259	FDC2	8001	07
7259	FC3F	8000	86
7259	FC48	8001	06
7259	FC4F	8000	87
7259	FC58	8001	07
7259	FDA9	8000	86
7259	FDB1	8001	18
7259	FDBA	8000	87
7259	FDC2	8001	19
7259	FDA9	8000	86
7259	FDB1	8001	28
7259	FDBA	8000	87
7259	FDC2	8001	29
7259	FDA9	8000	86
7259	FDB1	8001	28
7259	FDBA	8000	87
7259	FDC2	8001	29
7259	F9B3	8000	80
7259	F9B9	8001	FC
7259	F9BE	8000	81
7259	F9C4	8001	0A
7259	F9C9	8000	82
7259	F9CF	8001	A2
7259	F9D4	8000	83
7259	F9DA	8001	01
7259	F9DF	8000	84
7259	F9E5	8001	02
7259	F9EA	8000	85
7259	F9F0	8001	0A
7259	F8DB	8000	87
7259	F9B3	8000	80
7259	F9B9	8001	FC
7259	F9BE	8000	81
7259	F9C4	8001	0A
7259	F9C9	8000	82
7259	F9CF	8001	00
7259	F9D4	8000	83
7259	F9DA	8001	01
7259	F9DF	8000	84
7259	F9E5	8001	02
7259	F9EA	8000	85
7259	F9F0	8001	0A
7259	F8DB	8000	87
7260	FA23	8000	80
7260	FA29	8001	FC
7260	FA2E	8000	81
7260	FA34	8001	E2
7260	FA39	8000	82
7260	FA3F	8001	A2
7260	FA44	8000	83
7260	FA4A	8001	35
7260	FA4F	8000	84
7260	FA55	8001	B7
7260	FA5A	8000	85
7260	FA60	8001	BD
7260	FADD	8000	86
7260	FAE2	8001	18
7260	FAE9	8000	87
7260	FAEE	8001	19
7260	FAF8	8000	86
7260	FAFE	8001	28
7260	FB05	8000	87
7260	FB0B	8001	29
7260	FDA9	8000	86
7260	FDB1	8001	06
7260	FDBA	8000	87
7260	FDC2	8001	07
7260	FC3F	8000	86
7260	FC48	8001	06
7260	FC4F	8000	87
7260	FC58	8001	07
7260	FDA9	8000	86
7260	FDB1	8001	18
7260	FDBA	8000	87
7260	FDC2	8001	19
7260	FDA9	8000	86
7260	FDB1	8001	28
7260	FDBA	8000	87
7260	FDC2	8001	29
7260	FDA9	8000	86
7260	FDB1	8001	28
7260	FDBA	8000	87
7260	FDC2	8001	29
7260	F9B3	8000	80
7260	F9B9	8001	FC
7260	F9BE	8000	81
7260	F9C4	8001	0A
7260	F9C9	8000	82
7260	F9CF	8001	A2
7260	F9D4	8000	83
7260	F9DA	8001	01
7260	F9DF	8000	84
7260	F9E5	8001	02
7260	F9EA	8000	85
7260	F9F0	8001	0A
7260	F8DB	8000	87
7260	F9B3	8000	80
7260	F9B9	8001	FC
7260	F9BE	8000	81
7260	F9C4	8001	0A
7260	F9C9	8000	82
7260	F9CF	8001	00
7260	F9D4	8000	83
7260	F9DA	8001	01
7260	F9DF	8000	84
7260	F9E5	8001	02
7260	F9EA	8000	85
7260	F9F0	8001	0A
7260	F8DB	8000	87
7261	FA23	8000	80
7261	FA29	8001	FC
7261	FA2E	8000	81
7261	FA34	8001	E2
7261	FA39	8000	82
7261	FA3F	8001	A2
7261	FA44	8000	83
7261	FA4A	8001	35
7261	FA4F	8000	84
7261	FA55	8001	B7
7261	FA5A	8000	85
7261	FA60	8001	BD
7261	FADD	8000	86
7261	FAE2	8001	18
7261	FAE9	8000	87
7261	FAEE	8001	19
7261	FAF8	8000	86
7261	FAFE	8001	28
7261	FB05	8000	87
7261	FB0B	8001	29
7261	FDA9	8000	86
7261	FDB1	8001	06
7261	FDBA	8000	87
7261	FDC2	8001	07
7261	FC3F	8000	86
7261	FC48	8001	06
7261	FC4F	8000	87
7261	FC58	8001	07
7261	FDA9	8000	86
7261	FDB1	8001	18
7261	FDBA	8000	87
7261	FDC2	8001	19
7261	FDA9	8000	86
7261	FDB1	8001	28
7261	FDBA	8000	87
7261	FDC2	8001	29
7261	FDA9	8000	86
7261	FDB1	8001	28
7261	FDBA	8000	87
7261	FDC2	8001	29
7261	F9B3	8000	80
7261	F9B9	8001	FC
7261	F9BE	8000	81
7261	F9C4	8001	0A
7261	F9C9	8000	82
7261	F9CF	8001	A2
7261	F9D4	8000	83
7261	F9DA	8001	01
7261	F9DF	8000	84
7261	F9E5	8001	02
7261	F9EA	8000	85
7261	F9F0	8001	0A
7261	F8DB	8000	87
7261	F9B3	8000	80
7261	F9B9	8001	FC
7261	F9BE	8000	81
7261	F9C4	8001	0A
7261	F9C9	8000	82
7261	F9CF	8001	00
7261	F9D4	8000	83
7261	F9DA	8001	01
7261	F9DF	8000	84
7261	F9E5	8001	02
7261	F9EA	8000	85
7261	F9F0	8001	0A
7261	F8DB	8000	87
7262	FA23	8000	80
7262	FA29	8001	FC
7262	FA2E	8000	81
7262	FA34	8001	E2
7262	FA39	8000	82
7262	FA3F	8001	A2
7262	FA44	8000	83
7262	FA4A	8001	35
7262	FA4F	8000	84
7262	FA55	8001	B7
7262	FA5A	8000	85
7262	FA60	8001	BD
7262	FADD	8000	86
7262	FAE2	8001	18
7262	FAE9	8000	87
7262	FAEE	8001	19
7262	FAF8	8000	86
7262	FAFE	8001	28
7262	FB05	8000	87
7262	FB0B	8001	29
7262	FDA9	8000	86
7262	FDB1	8001	06
7262	FDBA	8000	87
7262	FDC2	8001	07
7262	FC3F	8000	86
7262	FC48	8001	06
7262	FC4F	8000	87
7262	FC58	8001	07
7262	FDA9	8000	86
7262	FDB1	8001	18
7262	FDBA	8000	87
7262	FDC2	8001	19
7262	FDA9	8000	86
7262	FDB1	8001	28
7262	FDBA	8000	87
7262	FDC2	8001	29
7262	FDA9	8000	86
7262	FDB1	8001	28
7262	FDBA	8000	87
7262	FDC2	8001	29
7262	F9B3	8000	80
7262	F9B9	8001	FC
7262	F9BE	8000	81
7262	F9C4	8001	0A
7262	F9C9	8000	82
7262	F9CF	8001	A2
7262	F9D4	8000	83
7262	F9DA	8001	01
7262	F9DF	8000	84
7262	F9E5	8001	02
7262	F9EA	8000	85
7262	F9F0	8001	0A
7262	F8DB	8000	87
7262	F9B3	8000	80
7262	F9B9	8001	FC
7262	F9BE	8000	81
7262	F9C4	8001	0A
7262	F9C9	8000	82
7262	F9CF	8001	00
7262	F9D4	8000	83
7262	F9DA	8001	01
7262	F9DF	8000	84
7262	F9E5	8001	02
7262	F9EA	8000	85
7262	F9F0	8001	0A
7262	F8DB	8000	87
7263	FA23	8000	80
7263	FA29	8001	FC
7263	FA2E	8000	81
7263	FA34	8001	E2
7263	FA39	8000	82
7263	FA3F	8001	A2
7263	FA44	8000	83
7263	FA4A	8001	35
7263	FA4F	8000	84
7263	FA55	8001	B7
7263	FA5A	8000	85
7263	FA60	8001	BD
7263	FADD	8000	86
7263	FAE2	8001	18
7263	FAE9	8000	87
7263	FAEE	8001	19
7263	FAF8	8000	86
7263	FAFE	8001	28
7263	FB05	8000	87
7263	FB0B	8001	29
7263	FDA9	8000	86
7263	FDB1	8001	06
7263	FDBA	8000	87
7263	FDC2	8001	07
7263	FC3F	8000	86
7263	FC48	8001	06
7263	FC4F	8000	87
7263	FC58	8001	07
7263	FDA9	8000	86
7263	FDB1	8001	18
7263	FDBA	8000	87
7263	FDC2	8001	19
7263	FDA9	8000	86
7263	FDB1	8001	28
7263	FDBA	8000	87
7263	FDC2	8001	29
7263	FDA9	8000	86
7263	FDB1	8001	28
7263	FDBA	8000	87
7263	FDC2	8001	29
7263	F9B3	8000	80
7263	F9B9	8001	FC
7263	F9BE	8000	81
7263	F9C4	8001	0A
7263	F9C9	8000	82
7263	F9CF	8001	A2
7263	F9D4	8000	83
7263	F9DA	8001	01
7263	F9DF	8000	84
7263	F9E5	8001	02
7263	F9EA	8000	85
7263	F9F0	8001	0A
7263	F8DB	8000	87
7263	F9B3	8000	80
7263	F9B9	8001	FC
7263	F9BE	8000	81
7263	F9C4	8001	0A
7263	F9C9	8000	82
7263	F9CF	8001	00
7263	F9D4	8000	83
7263	F9DA	8001	01
7263	F9DF	8000	84
7263	F9E5	8001	02
7263	F9EA	8000	85
7263	F9F0	8001	0A
7263	F8DB	8000	87
7264	FA23	8000	80
7264	FA29	8001	FC
7264	FA2E	8000	81
7264	FA34	8001	E2
7264	FA39	8000	82
7264	FA3F	8001	A2
7264	FA44	8000	83
7264	FA4A	8001	35
7264	FA4F	8000	84
7264	FA55	8001	B7
7264	FA5A	8000	85
7264	FA60	8001	BD
7264	FADD	8000	86
7264	FAE2	8001	18
7264	FAE9	8000	87
7264	FAEE	8001	19
7264	BF0A	8000	86
7264	C8E1	8001	00
7264	C8E6	8000	87
7264	C8EB	8001	01
7264	C900	8000	86
7264	C905	8001	18
7264	C90A	8000	87
7264	C90F	8001	19
7264	BF0A	8000	86
7264	C8E1	8001	00
7264	C8E6	8000	87
7264	C8EB	8001	01
7264	C900	8000	86
7264	C905	8001	18
7264	C90A	8000	87
7264	C90F	8001	19
7264	BF0A	8000	86
7264	C8E1	8001	00
7264	C8E6	8000	87
7264	C8EB	8001	01
7264	C900	8000	86
7264	C905	8001	18
7264	C90A	8000	87
7264	C90F	8001	19
7264	BF0A	8000	86
7264	C8E1	8001	00
7264	C8E6	8000	87
7264	C8EB	8001	01
7264	C900	8000	86
7264	C905	8001	18
7264	C90A	8000	87
7264	C90F	8001	19
7264	BF0A	8000	86
7264	C8E1	8001	00
7264	C8E6	8000	87
7264	C8EB	8001	01
7264	C900	8000	86
7264	C905	8001	18
7264	C90A	8000	87
7264	C90F	8001	19
7264	BF0A	8000	86
7264	C8E1	8001	00
7264	C8E6	8000	87
7264	C8EB	8001	01
7264	C900	8000	86
7264	C905	8001	18
7264	C90A	8000	87
7264	C90F	8001	19
7264	BF0A	8000	86
7264	C8E1	8001	00
7264	C8E6	8000	87
7264	C8EB	8001	01
7264	C900	8000	86
7264	C905	8001	18
7264	C90A	8000	87
7264	C90F	8001	19
7264	FAF8	8000	86
7264	FAFE	8001	28
7264	FB05	8000	87
7264	FB0B	8001	29
7264	FDA9	8000	86
7264	FDB1	8001	06
7264	FDBA	8000	87
7264	FDC2	8001	07
7264	FC3F	8000	86
7264	FC48	8001	06
7264	FC4F	8000	87
7264	FC58	8001	07
7264	FDA9	8000	86
7264	FDB1	8001	18
7264	FDBA	8000	87
7264	FDC2	8001	19
7264	FDA9	8000	86
7264	FDB1	8001	28
7264	FDBA	8000	87
7264	FDC2	8001	29
7264	FDA9	8000	86
7264	FDB1	8001	28
7264	FDBA	8000	87
7264	FDC2	8001	29
7264	F9B3	8000	80
7264	F9B9	8001	FC
7264	F9BE	8000	81
7264	F9C4	8001	0A
7264	F9C9	8000	82
7264	F9CF	8001	A2
7264	F9D4	8000	83
7264	F9DA	8001	01
7264	F9DF	8000	84
7264	F9E5	8001	02
7264	F9EA	8000	85
7264	F9F0	8001	0A
7264	F8DB	8000	87
7264	F9B3	8000	80
7264	F9B9	8001	FC
7264	F9BE	8000	81
7264	F9C4	8001	0A
7264	F9C9	8000	82
7264	F9CF	8001	00
7264	F9D4	8000	83
7264	F9DA	8001	01
7264	F9DF	8000	84
7264	F9E5	8001	02
7264	F9EA	8000	85
7264	F9F0	8001	0A
7264	F8DB	8000	87
7265	FA23	8000	80
7265	FA29	8001	FC
7265	FA2E	8000	81
7265	FA34	8001	E2
7265	FA39	8000	82
7265	FA3F	8001	A2
7265	FA44	8000	83
7265	FA4A	8001	35
7265	FA4F	8000	84
7265	FA55	8001	B7
7265	FA5A	8000	85
7265	FA60	8001	BD
7265	FADD	8000	86
7265	FAE2	8001	18
7265	FAE9	8000	87
7265	FAEE	8001	19
7265	FAF8	8000	86
7265	FAFE	8001	28
7265	FB05	8000	87
7265	FB0B	8001	29
7265	FDA9	8000	86
7265	FDB1	8001	06
7265	FDBA	8000	87
7265	FDC2	8001	07
7265	FC3F	8000	86
7265	FC48	8001	06
7265	FC4F	8000	87
7265	FC58	8001	07
7265	FDA9	8000	86
7265	FDB1	8001	18
7265	FDBA	8000	87
7265	FDC2	8001	19
7265	FDA9	8000	86
7265	FDB1	8001	28
7265	FDBA	8000	87
7265	FDC2	8001	29
7265	FDA9	8000	86
7265	FDB1	8001	28
7265	FDBA	8000	87
7265	FDC2	8001	29
7265	F9B3	8000	80
7265	F9B9	8001	FC
7265	F9BE	8000	81
7265	F9C4	8001	0A
7265	F9C9	8000	82
7265	F9CF	8001	A2
7265	F9D4	8000	83
7265	F9DA	8001	01
7265	F9DF	8000	84
7265	F9E5	8001	02
7265	F9EA	8000	85
7265	F9F0	8001	0A
7265	F8DB	8000	87
7265	F9B3	8000	80
7265	F9B9	8001	FC
7265	F9BE	8000	81
7265	F9C4	8001	0A
7265	F9C9	8000	82
7265	F9CF	8001	00
7265	F9D4	8000	83
7265	F9DA	8001	01
7265	F9DF	8000	84
7265	F9E5	8001	02
7265	F9EA	8000	85
7265	F9F0	8001	0A
7265	F8DB	8000	87
7266	FA23	8000	80
7266	FA29	8001	FC
7266	FA2E	8000	81
7266	FA34	8001	E2
7266	FA39	8000	82
7266	FA3F	8001	A2
7266	FA44	8000	83
7266	FA4A	8001	35
7266	FA4F	8000	84
7266	FA55	8001	B7
7266	FA5A	8000	85
7266	FA60	8001	BD
7266	FADD	8000	86
7266	FAE2	8001	18
7266	FAE9	8000	87
7266	FAEE	8001	19
7266	FAF8	8000	86
7266	FAFE	8001	28
7266	FB05	8000	87
7266	FB0B	8001	29
7266	FDA9	8000	86
7266	FDB1	8001	06
7266	FDBA	8000	87
7266	FDC2	8001	07
7266	FC3F	8000	86
7266	FC48	8001	06
7266	FC4F	8000	87
7266	FC58	8001	07
7266	FDA9	8000	86
7266	FDB1	8001	18
7266	FDBA	8000	87
7266	FDC2	8001	19
7266	FDA9	8000	86
7266	FDB1	8001	28
7266	FDBA	8000	87
7266	FDC2	8001	29
7266	FDA9	8000	86
7266	FDB1	8001	28
7266	FDBA	8000	87
7266	FDC2	8001	29
7266	F9B3	8000	80
7266	F9B9	8001	FC
7266	F9BE	8000	81
7266	F9C4	8001	0A
7266	F9C9	8000	82
7266	F9CF	8001	A2
7266	F9D4	8000	83
7266	F9DA	8001	01
7266	F9DF	8000	84
7266	F9E5	8001	02
7266	F9EA	8000	85
7266	F9F0	8001	0A
7266	F8DB	8000	87
7266	F9B3	8000	80
7266	F9B9	8001	FC
7266	F9BE	8000	81
7266	F9C4	8001	0A
7266	F9C9	8000	82
7266	F9CF	8001	00
7266	F9D4	8000	83
7266	F9DA	8001	01
7266	F9DF	8000	84
7266	F9E5	8001	02
7266	F9EA	8000	85
7266	F9F0	8001	0A
7266	F8DB	8000	87
7267	FA23	8000	80
7267	FA29	8001	FC
7267	FA2E	8000	81
7267	FA34	8001	E2
7267	FA39	8000	82
7267	FA3F	8001	A2
7267	FA44	8000	83
7267	FA4A	8001	35
7267	FA4F	8000	84
7267	FA55	8001	B7
7267	FA5A	8000	85
7267	FA60	8001	BD
7267	FADD	8000	86
7267	FAE2	8001	18
7267	FAE9	8000	87
7267	FAEE	8001	19
7267	FAF8	8000	86
7267	FAFE	8001	28
7267	FB05	8000	87
7267	FB0B	8001	29
7267	FDA9	8000	86
7267	FDB1	8001	06
7267	FDBA	8000	87
7267	FDC2	8001	07
7267	FC3F	8000	86
7267	FC48	8001	06
7267	FC4F	8000	87
7267	FC58	8001	07
7267	FDA9	8000	86
7267	FDB1	8001	18
7267	FDBA	8000	87
7267	FDC2	8001	19
7267	FDA9	8000	86
7267	FDB1	8001	28
7267	FDBA	8000	87
7267	FDC2	8001	29
7267	FDA9	8000	86
7267	FDB1	8001	28
7267	FDBA	8000	87
7267	FDC2	8001	29
7267	F9B3	8000	80
7267	F9B9	8001	FC
7267	F9BE	8000	81
7267	F9C4	8001	0A
7267	F9C9	8000	82
7267	F9CF	8001	A2
7267	F9D4	8000	83
7267	F9DA	8001	01
7267	F9DF	8000	84
7267	F9E5	8001	02
7267	F9EA	8000	85
7267	F9F0	8001	0A
7267	F8DB	8000	87
7267	F9B3	8000	80
7267	F9B9	8001	FC
7267	F9BE	8000	81
7267	F9C4	8001	0A
7267	F9C9	8000	82
7267	F9CF	8001	00
7267	F9D4	8000	83
7267	F9DA	8001	01
7267	F9DF	8000	84
7267	F9E5	8001	02
7267	F9EA	8000	85
7267	F9F0	8001	0A
7267	F8DB	8000	87
7268	FA23	8000	80
7268	FA29	8001	FC
7268	FA2E	8000	81
7268	FA34	8001	E2
7268	FA39	8000	82
7268	FA3F	8001	A2
7268	FA44	8000	83
7268	FA4A	8001	35
7268	FA4F	8000	84
7268	FA55	8001	B7
7268	FA5A	8000	85
7268	FA60	8001	BD
7268	FADD	8000	86
7268	FAE2	8001	18
7268	FAE9	8000	87
7268	FAEE	8001	19
7268	FAF8	8000	86
7268	FAFE	8001	28
7268	FB05	8000	87
7268	FB0B	8001	29
7268	FDA9	8000	86
7268	FDB1	8001	06
7268	FDBA	8000	87
7268	FDC2	8001	07
7268	FC3F	8000	86
7268	FC48	8001	06
7268	FC4F	8000	87
7268	FC58	8001	07
7268	FDA9	8000	86
7268	FDB1	8001	18
7268	FDBA	8000	87
7268	FDC2	8001	19
7268	FDA9	8000	86
7268	FDB1	8001	28
7268	FDBA	8000	87
7268	FDC2	8001	29
7268	FDA9	8000	86
7268	FDB1	8001	28
7268	FDBA	8000	87
7268	FDC2	8001	29
7268	F9B3	8000	80
7268	F9B9	8001	FC
7268	F9BE	8000	81
7268	F9C4	8001	0A
7268	F9C9	8000	82
7268	F9CF	8001	A2
7268	F9D4	8000	83
7268	F9DA	8001	01
7268	F9DF	8000	84
7268	F9E5	8001	02
7268	F9EA	8000	85
7268	F9F0	8001	0A
7268	F8DB	8000	87
7268	F9B3	8000	80
7268	F9B9	8001	FC
7268	F9BE	8000	81
7268	F9C4	8001	0A
7268	F9C9	8000	82
7268	F9CF	8001	00
7268	F9D4	8000	83
7268	F9DA	8001	01
7268	F9DF	8000	84
7268	F9E5	8001	02
7268	F9EA	8000	85
7268	F9F0	8001	0A
7268	F8DB	8000	87
7269	FA23	8000	80
7269	FA29	8001	FC
7269	FA2E	8000	81
7269	FA34	8001	E2
7269	FA39	8000	82
7269	FA3F	8001	A2
7269	FA44	8000	83
7269	FA4A	8001	35
7269	FA4F	8000	84
7269	FA55	8001	B7
7269	FA5A	8000	85
7269	FA60	8001	BD
7269	FADD	8000	86
7269	FAE2	8001	18
7269	FAE9	8000	87
7269	FAEE	8001	19
7269	BF0A	8000	86
7269	C8E1	8001	00
7269	C8E6	8000	87
7269	C8EB	8001	01
7269	C900	8000	86
7269	C905	8001	18
7269	C90A	8000	87
7269	C90F	8001	19
7269	BF0A	8000	86
7269	C8E1	8001	00
7269	C8E6	8000	87
7269	C8EB	8001	01
7269	C900	8000	86
7269	C905	8001	18
7269	C90A	8000	87
7269	C90F	8001	19
7269	FAF8	8000	86
7269	FAFE	8001	28
7269	FB05	8000	87
7269	FB0B	8001	29
7269	FDA9	8000	86
7269	FDB1	8001	06
7269	FDBA	8000	87
7269	FDC2	8001	07
7269	FC3F	8000	86
7269	FC48	8001	06
7269	FC4F	8000	87
7269	FC58	8001	07
7269	FDA9	8000	86
7269	FDB1	8001	18
7269	FDBA	8000	87
7269	FDC2	8001	19
7269	FDA9	8000	86
7269	FDB1	8001	28
7269	FDBA	8000	87
7269	FDC2	8001	29
7269	FDA9	8000	86
7269	FDB1	8001	28
7269	FDBA	8000	87
7269	FDC2	8001	29
7269	F9B3	8000	80
7269	F9B9	8001	FC
7269	F9BE	8000	81
7269	F9C4	8001	0A
7269	F9C9	8000	82
7269	F9CF	8001	A2
7269	F9D4	8000	83
7269	F9DA	8001	01
7269	F9DF	8000	84
7269	F9E5	8001	02
7269	F9EA	8000	85
7269	F9F0	8001	0A
7269	F8DB	8000	87
7269	F9B3	8000	80
7269	F9B9	8001	FC
7269	F9BE	8000	81
7269	F9C4	8001	0A
7269	F9C9	8000	82
7269	F9CF	8001	00
7269	F9D4	8000	83
7269	F9DA	8001	01
7269	F9DF	8000	84
7269	F9E5	8001	02
7269	F9EA	8000	85
7269	F9F0	8001	0A
7269	F8DB	8000	87
7270	FA23	8000	80
7270	FA29	8001	FC
7270	FA2E	8000	81
7270	FA34	8001	E2
7270	FA39	8000	82
7270	FA3F	8001	A2
7270	FA44	8000	83
7270	FA4A	8001	35
7270	FA4F	8000	84
7270	FA55	8001	B7
7270	FA5A	8000	85
7270	FA60	8001	BD
7270	FADD	8000	86
7270	FAE2	8001	18
7270	FAE9	8000	87
7270	FAEE	8001	19
7270	FAF8	8000	86
7270	FAFE	8001	28
7270	FB05	8000	87
7270	FB0B	8001	29
7270	FDA9	8000	86
7270	FDB1	8001	06
7270	FDBA	8000	87
7270	FDC2	8001	07
7270	FC3F	8000	86
7270	FC48	8001	06
7270	FC4F	8000	87
7270	FC58	8001	07
7270	FDA9	8000	86
7270	FDB1	8001	18
7270	FDBA	8000	87
7270	FDC2	8001	19
7270	FDA9	8000	86
7270	FDB1	8001	28
7270	FDBA	8000	87
7270	FDC2	8001	29
7270	FDA9	8000	86
7270	FDB1	8001	28
7270	FDBA	8000	87
7270	FDC2	8001	29
7270	F9B3	8000	80
7270	F9B9	8001	FC
7270	F9BE	8000	81
7270	F9C4	8001	0A
7270	F9C9	8000	82
7270	F9CF	8001	A2
7270	F9D4	8000	83
7270	F9DA	8001	01
7270	F9DF	8000	84
7270	F9E5	8001	02
7270	F9EA	8000	85
7270	F9F0	8001	0A
7270	F8DB	8000	87
7270	F9B3	8000	80
7270	F9B9	8001	FC
7270	F9BE	8000	81
7270	F9C4	8001	0A
7270	F9C9	8000	82
7270	F9CF	8001	00
7270	F9D4	8000	83
7270	F9DA	8001	01
7270	F9DF	8000	84
7270	F9E5	8001	02
7270	F9EA	8000	85
7270	F9F0	8001	0A
7270	F8DB	8000	87
7271	FA23	8000	80
7271	FA29	8001	FC
7271	FA2E	8000	81
7271	FA34	8001	E2
7271	FA39	8000	82
7271	FA3F	8001	A2
7271	FA44	8000	83
7271	FA4A	8001	35
7271	FA4F	8000	84
7271	FA55	8001	B7
7271	FA5A	8000	85
7271	FA60	8001	BD
7271	FADD	8000	86
7271	FAE2	8001	18
7271	FAE9	8000	87
7271	FAEE	8001	19
7271	FAF8	8000	86
7271	FAFE	8001	28
7271	FB05	8000	87
7271	FB0B	8001	29
7271	FDA9	8000	86
7271	FDB1	8001	06
7271	FDBA	8000	87
7271	FDC2	8001	07
7271	FC3F	8000	86
7271	FC48	8001	06
7271	FC4F	8000	87
7271	FC58	8001	07
7271	FDA9	8000	86
7271	FDB1	8001	18
7271	FDBA	8000	87
7271	FDC2	8001	19
7271	FDA9	8000	86
7271	FDB1	8001	28
7271	FDBA	8000	87
7271	FDC2	8001	29
7271	FDA9	8000	86
7271	FDB1	8001	28
7271	FDBA	8000	87
7271	FDC2	8001	29
7271	F9B3	8000	80
7271	F9B9	8001	FC
7271	F9BE	8000	81
7271	F9C4	8001	0A
7271	F9C9	8000	82
7271	F9CF	8001	A2
7271	F9D4	8000	83
7271	F9DA	8001	01
7271	F9DF	8000	84
7271	F9E5	8001	02
7271	F9EA	8000	85
7271	F9F0	8001	0A
7271	F8DB	8000	87
7271	F9B3	8000	80
7271	F9B9	8001	FC
7271	F9BE	8000	81
7271	F9C4	8001	0A
7271	F9C9	8000	82
7271	F9CF	8001	00
7271	F9D4	8000	83
7271	F9DA	8001	01
7271	F9DF	8000	84
7271	F9E5	8001	02
7271	F9EA	8000	85
7271	F9F0	8001	0A
7271	F8DB	8000	87
7272	FA23	8000	80
7272	FA29	8001	FC
7272	FA2E	8000	81
7272	FA34	8001	E2
7272	FA39	8000	82
7272	FA3F	8001	A2
7272	FA44	8000	83
7272	FA4A	8001	35
7272	FA4F	8000	84
7272	FA55	8001	B7
7272	FA5A	8000	85
7272	FA60	8001	BD
7272	FADD	8000	86
7272	FAE2	8001	18
7272	FAE9	8000	87
7272	FAEE	8001	19
7272	FAF8	8000	86
7272	FAFE	8001	28
7272	FB05	8000	87
7272	FB0B	8001	29
7272	FDA9	8000	86
7272	FDB1	8001	06
7272	FDBA	8000	87
7272	FDC2	8001	07
7272	FC3F	8000	86
7272	FC48	8001	06
7272	FC4F	8000	87
7272	FC58	8001	07
7272	FDA9	8000	86
7272	FDB1	8001	18
7272	FDBA	8000	87
7272	FDC2	8001	19
7272	FDA9	8000	86
7272	FDB1	8001	28
7272	FDBA	8000	87
7272	FDC2	8001	29
7272	FDA9	8000	86
7272	FDB1	8001	28
7272	FDBA	8000	87
7272	FDC2	8001	29
7272	F9B3	8000	80
7272	F9B9	8001	FC
7272	F9BE	8000	81
7272	F9C4	8001	0A
7272	F9C9	8000	82
7272	F9CF	8001	A2
7272	F9D4	8000	83
7272	F9DA	8001	01
7272	F9DF	8000	84
7272	F9E5	8001	02
7272	F9EA	8000	85
7272	F9F0	8001	0A
7272	F8DB	8000	87
7272	F9B3	8000	80
7272	F9B9	8001	FC
7272	F9BE	8000	81
7272	F9C4	8001	0A
7272	F9C9	8000	82
7272	F9CF	8001	00
7272	F9D4	8000	83
7272	F9DA	8001	01
7272	F9DF	8000	84
7272	F9E5	8001	02
7272	F9EA	8000	85
7272	F9F0	8001	0A
7272	F8DB	8000	87
7273	FA23	8000	80
7273	FA29	8001	FC
7273	FA2E	8000	81
7273	FA34	8001	E2
7273	FA39	8000	82
7273	FA3F	8001	A2
7273	FA44	8000	83
7273	FA4A	8001	35
7273	FA4F	8000	84
7273	FA55	8001	B7
7273	FA5A	8000	85
7273	FA60	8001	BD
7273	FADD	8000	86
7273	FAE2	8001	18
7273	FAE9	8000	87
7273	FAEE	8001	19
7273	FAF8	8000	86
7273	FAFE	8001	28
7273	FB05	8000	87
7273	FB0B	8001	29
7273	FDA9	8000	86
7273	FDB1	8001	06
7273	FDBA	8000	87
7273	FDC2	8001	07
7273	FC3F	8000	86
7273	FC48	8001	06
7273	FC4F	8000	87
7273	FC58	8001	07
7273	FDA9	8000	86
7273	FDB1	8001	18
7273	FDBA	8000	87
7273	FDC2	8001	19
7273	FDA9	8000	86
7273	FDB1	8001	28
7273	FDBA	8000	87
7273	FDC2	8001	29
7273	FDA9	8000	86
7273	FDB1	8001	28
7273	FDBA	8000	87
7273	FDC2	8001	29
7273	F9B3	8000	80
7273	F9B9	8001	FC
7273	F9BE	8000	81
7273	F9C4	8001	0A
7273	F9C9	8000	82
7273	F9CF	8001	A2
7273	F9D4	8000	83
7273	F9DA	8001	01
7273	F9DF	8000	84
7273	F9E5	8001	02
7273	F9EA	8000	85
7273	F9F0	8001	0A
7273	F8DB	8000	87
7273	F9B3	8000	80
7273	F9B9	8001	FC
7273	F9BE	8000	81
7273	F9C4	8001	0A
7273	F9C9	8000	82
7273	F9CF	8001	00
7273	F9D4	8000	83
7273	F9DA	8001	01
7273	F9DF	8000	84
7273	F9E5	8001	02
7273	F9EA	8000	85
7273	F9F0	8001	0A
7273	F8DB	8000	87
7274	FA23	8000	80
7274	FA29	8001	FC
7274	FA2E	8000	81
7274	FA34	8001	E2
7274	FA39	8000	82
7274	FA3F	8001	A2
7274	FA44	8000	83
7274	FA4A	8001	35
7274	FA4F	8000	84
7274	FA55	8001	B7
7274	FA5A	8000	85
7274	FA60	8001	BD
7274	FADD	8000	86
7274	FAE2	8001	18
7274	FAE9	8000	87
7274	FAEE	8001	19
7274	BF0A	8000	86
7274	C8E1	8001	00
7274	C8E6	8000	87
7274	C8EB	8001	01
7274	C900	8000	86
7274	C905	8001	18
7274	C90A	8000	87
7274	C90F	8001	19
7274	BF0A	8000	86
7274	C8E1	8001	00
7274	C8E6	8000	87
7274	C8EB	8001	01
7274	C900	8000	86
7274	C905	8001	18
7274	C90A	8000	87
7274	C90F	8001	19
7274	BF0A	8000	86
7274	C8E1	8001	00
7274	C8E6	8000	87
7274	C8EB	8001	01
7274	C900	8000	86
7274	C905	8001	18
7274	C90A	8000	87
7274	C90F	8001	19
7274	BF0A	8000	86
7274	C8E1	8001	00
7274	C8E6	8000	87
7274	C8EB	8001	01
7274	C900	8000	86
7274	C905	8001	18
7274	C90A	8000	87
7274	C90F	8001	19
7274	FAF8	8000	86
7274	FAFE	8001	28
7274	FB05	8000	87
7274	FB0B	8001	29
7274	FDA9	8000	86
7274	FDB1	8001	06
7274	FDBA	8000	87
7274	FDC2	8001	07
7274	FC3F	8000	86
7274	FC48	8001	06
7274	FC4F	8000	87
7274	FC58	8001	07
7274	FDA9	8000	86
7274	FDB1	8001	18
7274	FDBA	8000	87
7274	FDC2	8001	19
7274	FDA9	8000	86
7274	FDB1	8001	28
7274	FDBA	8000	87
7274	FDC2	8001	29
7274	FDA9	8000	86
7274	FDB1	8001	28
7274	FDBA	8000	87
7274	FDC2	8001	29
7274	F9B3	8000	80
7274	F9B9	8001	FC
7274	F9BE	8000	81
7274	F9C4	8001	0A
7274	F9C9	8000	82
7274	F9CF	8001	A2
7274	F9D4	8000	83
7274	F9DA	8001	01
7274	F9DF	8000	84
7274	F9E5	8001	02
7274	F9EA	8000	85
7274	F9F0	8001	0A
7274	F8DB	8000	87
7274	F9B3	8000	80
7274	F9B9	8001	FC
7274	F9BE	8000	81
7274	F9C4	8001	0A
7274	F9C9	8000	82
7274	F9CF	8001	00
7274	F9D4	8000	83
7274	F9DA	8001	01
7274	F9DF	8000	84
7274	F9E5	8001	02
7274	F9EA	8000	85
7274	F9F0	8001	0A
7274	F8DB	8000	87
7275	FA23	8000	80
7275	FA29	8001	FC
7275	FA2E	8000	81
7275	FA34	8001	E2
7275	FA39	8000	82
7275	FA3F	8001	A2
7275	FA44	8000	83
7275	FA4A	8001	35
7275	FA4F	8000	84
7275	FA55	8001	B7
7275	FA5A	8000	85
7275	FA60	8001	BD
7275	FADD	8000	86
7275	FAE2	8001	18
7275	FAE9	8000	87
7275	FAEE	8001	19
7275	FAF8	8000	86
7275	FAFE	8001	28
7275	FB05	8000	87
7275	FB0B	8001	29
7275	FDA9	8000	86
7275	FDB1	8001	06
7275	FDBA	8000	87
7275	FDC2	8001	07
7275	FC3F	8000	86
7275	FC48	8001	06
7275	FC4F	8000	87
7275	FC58	8001	07
7275	FDA9	8000	86
7275	FDB1	8001	18
7275	FDBA	8000	87
7275	FDC2	8001	19
7275	FDA9	8000	86
7275	FDB1	8001	28
7275	FDBA	8000	87
7275	FDC2	8001	29
7275	FDA9	8000	86
7275	FDB1	8001	28
7275	FDBA	8000	87
7275	FDC2	8001	29
7275	F9B3	8000	80
7275	F9B9	8001	FC
7275	F9BE	8000	81
7275	F9C4	8001	0A
7275	F9C9	8000	82
7275	F9CF	8001	A2
7275	F9D4	8000	83
7275	F9DA	8001	01
7275	F9DF	8000	84
7275	F9E5	8001	02
7275	F9EA	8000	85
7275	F9F0	8001	0A
7275	F8DB	8000	87
7275	F9B3	8000	80
7275	F9B9	8001	FC
7275	F9BE	8000	81
7275	F9C4	8001	0A
7275	F9C9	8000	82
7275	F9CF	8001	00
7275	F9D4	8000	83
7275	F9DA	8001	01
7275	F9DF	8000	84
7275	F9E5	8001	02
7275	F9EA	8000	85
7275	F9F0	8001	0A
7275	F8DB	8000	87
7276	FA23	8000	80
7276	FA29	8001	FC
7276	FA2E	8000	81
7276	FA34	8001	E2
7276	FA39	8000	82
7276	FA3F	8001	A2
7276	FA44	8000	83
7276	FA4A	8001	35
7276	FA4F	8000	84
7276	FA55	8001	B7
7276	FA5A	8000	85
7276	FA60	8001	BD
7276	FADD	8000	86
7276	FAE2	8001	18
7276	FAE9	8000	87
7276	FAEE	8001	19
7276	FAF8	8000	86
7276	FAFE	8001	28
7276	FB05	8000	87
7276	FB0B	8001	29
7276	FDA9	8000	86
7276	FDB1	8001	06
7276	FDBA	8000	87
7276	FDC2	8001	07
7276	FC3F	8000	86
7276	FC48	8001	06
7276	FC4F	8000	87
7276	FC58	8001	07
7276	FDA9	8000	86
7276	FDB1	8001	18
7276	FDBA	8000	87
7276	FDC2	8001	19
7276	FDA9	8000	86
7276	FDB1	8001	28
7276	FDBA	8000	87
7276	FDC2	8001	29
7276	FDA9	8000	86
7276	FDB1	8001	28
7276	FDBA	8000	87
7276	FDC2	8001	29
7276	F9B3	8000	80
7276	F9B9	8001	FC
7276	F9BE	8000	81
7276	F9C4	8001	0A
7276	F9C9	8000	82
7276	F9CF	8001	A2
7276	F9D4	8000	83
7276	F9DA	8001	01
7276	F9DF	8000	84
7276	F9E5	8001	02
7276	F9EA	8000	85
7276	F9F0	8001	0A
7276	F8DB	8000	87
7276	F9B3	8000	80
7276	F9B9	8001	FC
7276	F9BE	8000	81
7276	F9C4	8001	0A
7276	F9C9	8000	82
7276	F9CF	8001	00
7276	F9D4	8000	83
7276	F9DA	8001	01
7276	F9DF	8000	84
7276	F9E5	8001	02
7276	F9EA	8000	85
7276	F9F0	8001	0A
7276	F8DB	8000	87
7277	FA23	8000	80
7277	FA29	8001	FC
7277	FA2E	8000	81
7277	FA34	8001	E2
7277	FA39	8000	82
7277	FA3F	8001	A2
7277	FA44	8000	83
7277	FA4A	8001	35
7277	FA4F	8000	84
7277	FA55	8001	B7
7277	FA5A	8000	85
7277	FA60	8001	BD
7277	FADD	8000	86
7277	FAE2	8001	18
7277	FAE9	8000	87
7277	FAEE	8001	19
7277	FAF8	8000	86
7277	FAFE	8001	28
7277	FB05	8000	87
7277	FB0B	8001	29
7277	FDA9	8000	86
7277	FDB1	8001	06
7277	FDBA	8000	87
7277	FDC2	8001	07
7277	FC3F	8000	86
7277	FC48	8001	06
7277	FC4F	8000	87
7277	FC58	8001	07
7277	FDA9	8000	86
7277	FDB1	8001	18
7277	FDBA	8000	87
7277	FDC2	8001	19
7277	FDA9	8000	86
7277	FDB1	8001	28
7277	FDBA	8000	87
7277	FDC2	8001	29
7277	FDA9	8000	86
7277	FDB1	8001	28
7277	FDBA	8000	87
7277	FDC2	8001	29
7277	F9B3	8000	80
7277	F9B9	8001	FC
7277	F9BE	8000	81
7277	F9C4	8001	0A
7277	F9C9	8000	82
7277	F9CF	8001	A2
7277	F9D4	8000	83
7277	F9DA	8001	01
7277	F9DF	8000	84
7277	F9E5	8001	02
7277	F9EA	8000	85
7277	F9F0	8001	0A
7277	F8DB	8000	87
7277	F9B3	8000	80
7277	F9B9	8001	FC
7277	F9BE	8000	81
7277	F9C4	8001	0A
7277	F9C9	8000	82
7277	F9CF	8001	00
7277	F9D4	8000	83
7277	F9DA	8001	01
7277	F9DF	8000	84
7277	F9E5	8001	02
7277	F9EA	8000	85
7277	F9F0	8001	0A
7277	F8DB	8000	87
7278	FA23	8000	80
7278	FA29	8001	FC
7278	FA2E	8000	81
7278	FA34	8001	E2
7278	FA39	8000	82
7278	FA3F	8001	A2
7278	FA44	8000	83
7278	FA4A	8001	35
7278	FA4F	8000	84
7278	FA55	8001	B7
7278	FA5A	8000	85
7278	FA60	8001	BD
7278	FADD	8000	86
7278	FAE2	8001	18
7278	FAE9	8000	87
7278	FAEE	8001	19
7278	FAF8	8000	86
7278	FAFE	8001	28
7278	FB05	8000	87
7278	FB0B	8001	29
7278	FDA9	8000	86
7278	FDB1	8001	06
7278	FDBA	8000	87
7278	FDC2	8001	07
7278	FC3F	8000	86
7278	FC48	8001	06
7278	FC4F	8000	87
7278	FC58	8001	07
7278	FDA9	8000	86
7278	FDB1	8001	18
7278	FDBA	8000	87
7278	FDC2	8001	19
7278	FDA9	8000	86
7278	FDB1	8001	28
7278	FDBA	8000	87
7278	FDC2	8001	29
7278	FDA9	8000	86
7278	FDB1	8001	28
7278	FDBA	8000	87
7278	FDC2	8001	29
7278	F9B3	8000	80
7278	F9B9	8001	FC
7278	F9BE	8000	81
7278	F9C4	8001	0A
7278	F9C9	8000	82
7278	F9CF	8001	A2
7278	F9D4	8000	83
7278	F9DA	8001	01
7278	F9DF	8000	84
7278	F9E5	8001	02
7278	F9EA	8000	85
7278	F9F0	8001	0A
7278	F8DB	8000	87
7278	F9B3	8000	80
7278	F9B9	8001	FC
7278	F9BE	8000	81
7278	F9C4	8001	0A
7278	F9C9	8000	82
7278	F9CF	8001	00
7278	F9D4	8000	83
7278	F9DA	8001	01
7278	F9DF	8000	84
7278	F9E5	8001	02
7278	F9EA	8000	85
7278	F9F0	8001	0A
7278	F8DB	8000	87
7279	FA23	8000	80
7279	FA29	8001	FC
7279	FA2E	8000	81
7279	FA34	8001	E2
7279	FA39	8000	82
7279	FA3F	8001	A2
7279	FA44	8000	83
7279	FA4A	8001	35
7279	FA4F	8000	84
7279	FA55	8001	B7
7279	FA5A	8000	85
7279	FA60	8001	BD
7279	FADD	8000	86
7279	FAE2	8001	18
7279	FAE9	8000	87
7279	FAEE	8001	19
7279	BF0A	8000	86
7279	C8E1	8001	00
7279	C8E6	8000	87
7279	C8EB	8001	01
7279	C900	8000	86
7279	C905	8001	18
7279	C90A	8000	87
7279	C90F	8001	19
7279	BF0A	8000	86
7279	C8E1	8001	00
7279	C8E6	8000	87
7279	C8EB	8001	01
7279	C900	8000	86
7279	C905	8001	18
7279	C90A	8000	87
7279	C90F	8001	19
7279	FAF8	8000	86
7279	FAFE	8001	28
7279	FB05	8000	87
7279	FB0B	8001	29
7279	FDA9	8000	86
7279	FDB1	8001	06
7279	FDBA	8000	87
7279	FDC2	8001	07
7279	FC3F	8000	86
7279	FC48	8001	06
7279	FC4F	8000	87
7279	FC58	8001	07
7279	FDA9	8000	86
7279	FDB1	8001	18
7279	FDBA	8000	87
7279	FDC2	8001	19
7279	FDA9	8000	86
7279	FDB1	8001	28
7279	FDBA	8000	87
7279	FDC2	8001	29
7279	FDA9	8000	86
7279	FDB1	8001	28
7279	FDBA	8000	87
7279	FDC2	8001	29
7279	F9B3	8000	80
7279	F9B9	8001	FC
7279	F9BE	8000	81
7279	F9C4	8001	0A
7279	F9C9	8000	82
7279	F9CF	8001	A2
7279	F9D4	8000	83
7279	F9DA	8001	01
7279	F9DF	8000	84
7279	F9E5	8001	02
7279	F9EA	8000	85
7279	F9F0	8001	0A
7279	F8DB	8000	87
7279	F9B3	8000	80
7279	F9B9	8001	FC
7279	F9BE	8000	81
7279	F9C4	8001	0A
7279	F9C9	8000	82
7279	F9CF	8001	00
7279	F9D4	8000	83
7279	F9DA	8001	01
7279	F9DF	8000	84
7279	F9E5	8001	02
7279	F9EA	8000	85
7279	F9F0	8001	0A
7279	F8DB	8000	87
7280	FA23	8000	80
7280	FA29	8001	FC
7280	FA2E	8000	81
7280	FA34	8001	E2
7280	FA39	8000	82
7280	FA3F	8001	A2
7280	FA44	8000	83
7280	FA4A	8001	35
7280	FA4F	8000	84
7280	FA55	8001	B7
7280	FA5A	8000	85
7280	FA60	8001	BD
7280	FADD	8000	86
7280	FAE2	8001	18
7280	FAE9	8000	87
7280	FAEE	8001	19
7280	FAF8	8000	86
7280	FAFE	8001	28
7280	FB05	8000	87
7280	FB0B	8001	29
7280	FDA9	8000	86
7280	FDB1	8001	06
7280	FDBA	8000	87
7280	FDC2	8001	07
7280	FC3F	8000	86
7280	FC48	8001	06
7280	FC4F	8000	87
7280	FC58	8001	07
7280	FDA9	8000	86
7280	FDB1	8001	18
7280	FDBA	8000	87
7280	FDC2	8001	19
7280	FDA9	8000	86
7280	FDB1	8001	28
7280	FDBA	8000	87
7280	FDC2	8001	29
7280	FDA9	8000	86
7280	FDB1	8001	28
7280	FDBA	8000	87
7280	FDC2	8001	29
7280	F9B3	8000	80
7280	F9B9	8001	FC
7280	F9BE	8000	81
7280	F9C4	8001	0A
7280	F9C9	8000	82
7280	F9CF	8001	A2
7280	F9D4	8000	83
7280	F9DA	8001	01
7280	F9DF	8000	84
7280	F9E5	8001	02
7280	F9EA	8000	85
7280	F9F0	8001	0A
7280	F8DB	8000	87
7280	F9B3	8000	80
7280	F9B9	8001	FC
7280	F9BE	8000	81
7280	F9C4	8001	0A
7280	F9C9	8000	82
7280	F9CF	8001	00
7280	F9D4	8000	83
7280	F9DA	8001	01
7280	F9DF	8000	84
7280	F9E5	8001	02
7280	F9EA	8000	85
7280	F9F0	8001	0A
7280	F8DB	8000	87
7281	FA23	8000	80
7281	FA29	8001	FC
7281	FA2E	8000	81
7281	FA34	8001	E2
7281	FA39	8000	82
7281	FA3F	8001	A2
7281	FA44	8000	83
7281	FA4A	8001	35
7281	FA4F	8000	84
7281	FA55	8001	B7
7281	FA5A	8000	85
7281	FA60	8001	BD
7281	FADD	8000	86
7281	FAE2	8001	18
7281	FAE9	8000	87
7281	FAEE	8001	19
7281	FAF8	8000	86
7281	FAFE	8001	28
7281	FB05	8000	87
7281	FB0B	8001	29
7281	FDA9	8000	86
7281	FDB1	8001	06
7281	FDBA	8000	87
7281	FDC2	8001	07
7281	FC3F	8000	86
7281	FC48	8001	06
7281	FC4F	8000	87
7281	FC58	8001	07
7281	FDA9	8000	86
7281	FDB1	8001	18
7281	FDBA	8000	87
7281	FDC2	8001	19
7281	FDA9	8000	86
7281	FDB1	8001	28
7281	FDBA	8000	87
7281	FDC2	8001	29
7281	FDA9	8000	86
7281	FDB1	8001	28
7281	FDBA	8000	87
7281	FDC2	8001	29
7281	F9B3	8000	80
7281	F9B9	8001	FC
7281	F9BE	8000	81
7281	F9C4	8001	0A
7281	F9C9	8000	82
7281	F9CF	8001	A2
7281	F9D4	8000	83
7281	F9DA	8001	01
7281	F9DF	8000	84
7281	F9E5	8001	02
7281	F9EA	8000	85
7281	F9F0	8001	0A
7281	F8DB	8000	87
7281	F9B3	8000	80
7281	F9B9	8001	FC
7281	F9BE	8000	81
7281	F9C4	8001	0A
7281	F9C9	8000	82
7281	F9CF	8001	00
7281	F9D4	8000	83
7281	F9DA	8001	01
7281	F9DF	8000	84
7281	F9E5	8001	02
7281	F9EA	8000	85
7281	F9F0	8001	0A
7281	F8DB	8000	87
7282	FA23	8000	80
7282	FA29	8001	FC
7282	FA2E	8000	81
7282	FA34	8001	E2
7282	FA39	8000	82
7282	FA3F	8001	A2
7282	FA44	8000	83
7282	FA4A	8001	35
7282	FA4F	8000	84
7282	FA55	8001	B7
7282	FA5A	8000	85
7282	FA60	8001	BD
7282	FADD	8000	86
7282	FAE2	8001	18
7282	FAE9	8000	87
7282	FAEE	8001	19
7282	FAF8	8000	86
7282	FAFE	8001	28
7282	FB05	8000	87
7282	FB0B	8001	29
7282	FDA9	8000	86
7282	FDB1	8001	06
7282	FDBA	8000	87
7282	FDC2	8001	07
7282	FC3F	8000	86
7282	FC48	8001	06
7282	FC4F	8000	87
7282	FC58	8001	07
7282	FDA9	8000	86
7282	FDB1	8001	18
7282	FDBA	8000	87
7282	FDC2	8001	19
7282	FDA9	8000	86
7282	FDB1	8001	28
7282	FDBA	8000	87
7282	FDC2	8001	29
7282	FDA9	8000	86
7282	FDB1	8001	28
7282	FDBA	8000	87
7282	FDC2	8001	29
7282	F9B3	8000	80
7282	F9B9	8001	FC
7282	F9BE	8000	81
7282	F9C4	8001	0A
7282	F9C9	8000	82
7282	F9CF	8001	A2
7282	F9D4	8000	83
7282	F9DA	8001	01
7282	F9DF	8000	84
7282	F9E5	8001	02
7282	F9EA	8000	85
7282	F9F0	8001	0A
7282	F8DB	8000	87
7282	F9B3	8000	80
7282	F9B9	8001	FC
7282	F9BE	8000	81
7282	F9C4	8001	0A
7282	F9C9	8000	82
7282	F9CF	8001	00
7282	F9D4	8000	83
7282	F9DA	8001	01
7282	F9DF	8000	84
7282	F9E5	8001	02
7282	F9EA	8000	85
7282	F9F0	8001	0A
7282	F8DB	8000	87
7283	FA23	8000	80
7283	FA29	8001	FC
7283	FA2E	8000	81
7283	FA34	8001	E2
7283	FA39	8000	82
7283	FA3F	8001	A2
7283	FA44	8000	83
7283	FA4A	8001	35
7283	FA4F	8000	84
7283	FA55	8001	B7
7283	FA5A	8000	85
7283	FA60	8001	BD
7283	FADD	8000	86
7283	FAE2	8001	18
7283	FAE9	8000	87
7283	FAEE	8001	19
7283	FAF8	8000	86
7283	FAFE	8001	28
7283	FB05	8000	87
7283	FB0B	8001	29
7283	FDA9	8000	86
7283	FDB1	8001	06
7283	FDBA	8000	87
7283	FDC2	8001	07
7283	FC3F	8000	86
7283	FC48	8001	06
7283	FC4F	8000	87
7283	FC58	8001	07
7283	FDA9	8000	86
7283	FDB1	8001	18
7283	FDBA	8000	87
7283	FDC2	8001	19
7283	FDA9	8000	86
7283	FDB1	8001	28
7283	FDBA	8000	87
7283	FDC2	8001	29
7283	FDA9	8000	86
7283	FDB1	8001	28
7283	FDBA	8000	87
7283	FDC2	8001	29
7283	F9B3	8000	80
7283	F9B9	8001	FC
7283	F9BE	8000	81
7283	F9C4	8001	0A
7283	F9C9	8000	82
7283	F9CF	8001	A2
7283	F9D4	8000	83
7283	F9DA	8001	01
7283	F9DF	8000	84
7283	F9E5	8001	02
7283	F9EA	8000	85
7283	F9F0	8001	0A
7283	F8DB	8000	87
7283	F9B3	8000	80
7283	F9B9	8001	FC
7283	F9BE	8000	81
7283	F9C4	8001	0A
7283	F9C9	8000	82
7283	F9CF	8001	00
7283	F9D4	8000	83
7283	F9DA	8001	01
7283	F9DF	8000	84
7283	F9E5	8001	02
7283	F9EA	8000	85
7283	F9F0	8001	0A
7283	F8DB	8000	87
7284	FA23	8000	80
7284	FA29	8001	FC
7284	FA2E	8000	81
7284	FA34	8001	E2
7284	FA39	8000	82
7284	FA3F	8001	A2
7284	FA44	8000	83
7284	FA4A	8001	35
7284	FA4F	8000	84
7284	FA55	8001	B7
7284	FA5A	8000	85
7284	FA60	8001	BD
7284	FADD	8000	86
7284	FAE2	8001	18
7284	FAE9	8000	87
7284	FAEE	8001	19
7284	BF0A	8000	86
7284	C8E1	8001	00
7284	C8E6	8000	87
7284	C8EB	8001	01
7284	C900	8000	86
7284	C905	8001	18
7284	C90A	8000	87
7284	C90F	8001	19
7284	BF0A	8000	86
7284	C8E1	8001	00
7284	C8E6	8000	87
7284	C8EB	8001	01
7284	C900	8000	86
7284	C905	8001	18
7284	C90A	8000	87
7284	C90F	8001	19
7284	BF0A	8000	86
7284	C8E1	8001	00
7284	C8E6	8000	87
7284	C8EB	8001	01
7284	C900	8000	86
7284	C905	8001	18
7284	C90A	8000	87
7284	C90F	8001	19
7284	BF0A	8000	86
7284	C8E1	8001	00
7284	C8E6	8000	87
7284	C8EB	8001	01
7284	C900	8000	86
7284	C905	8001	18
7284	C90A	8000	87
7284	C90F	8001	19
7284	FAF8	8000	86
7284	FAFE	8001	28
7284	FB05	8000	87
7284	FB0B	8001	29
7284	FDA9	8000	86
7284	FDB1	8001	06
7284	FDBA	8000	87
7284	FDC2	8001	07
7284	FC3F	8000	86
7284	FC48	8001	06
7284	FC4F	8000	87
7284	FC58	8001	07
7284	FDA9	8000	86
7284	FDB1	8001	18
7284	FDBA	8000	87
7284	FDC2	8001	19
7284	FDA9	8000	86
7284	FDB1	8001	28
7284	FDBA	8000	87
7284	FDC2	8001	29
7284	FDA9	8000	86
7284	FDB1	8001	28
7284	FDBA	8000	87
7284	FDC2	8001	29
7284	F9B3	8000	80
7284	F9B9	8001	FC
7284	F9BE	8000	81
7284	F9C4	8001	0A
7284	F9C9	8000	82
7284	F9CF	8001	A2
7284	F9D4	8000	83
7284	F9DA	8001	01
7284	F9DF	8000	84
7284	F9E5	8001	02
7284	F9EA	8000	85
7284	F9F0	8001	0A
7284	F8DB	8000	87
7284	F9B3	8000	80
7284	F9B9	8001	FC
7284	F9BE	8000	81
7284	F9C4	8001	0A
7284	F9C9	8000	82
7284	F9CF	8001	00
7284	F9D4	8000	83
7284	F9DA	8001	01
7284	F9DF	8000	84
7284	F9E5	8001	02
7284	F9EA	8000	85
7284	F9F0	8001	0A
7284	F8DB	8000	87
7285	FA23	8000	80
7285	FA29	8001	FC
7285	FA2E	8000	81
7285	FA34	8001	E2
7285	FA39	8000	82
7285	FA3F	8001	A2
7285	FA44	8000	83
7285	FA4A	8001	35
7285	FA4F	8000	84
7285	FA55	8001	B7
7285	FA5A	8000	85
7285	FA60	8001	BD
7285	FADD	8000	86
7285	FAE2	8001	18
7285	FAE9	8000	87
7285	FAEE	8001	19
7285	FAF8	8000	86
7285	FAFE	8001	28
7285	FB05	8000	87
7285	FB0B	8001	29
7285	FDA9	8000	86
7285	FDB1	8001	06
7285	FDBA	8000	87
7285	FDC2	8001	07
7285	FC3F	8000	86
7285	FC48	8001	06
7285	FC4F	8000	87
7285	FC58	8001	07
7285	FDA9	8000	86
7285	FDB1	8001	18
7285	FDBA	8000	87
7285	FDC2	8001	19
7285	FDA9	8000	86
7285	FDB1	8001	28
7285	FDBA	8000	87
7285	FDC2	8001	29
7285	FDA9	8000	86
7285	FDB1	8001	28
7285	FDBA	8000	87
7285	FDC2	8001	29
7285	F9B3	8000	80
7285	F9B9	8001	FC
7285	F9BE	8000	81
7285	F9C4	8001	0A
7285	F9C9	8000	82
7285	F9CF	8001	A2
7285	F9D4	8000	83
7285	F9DA	8001	01
7285	F9DF	8000	84
7285	F9E5	8001	02
7285	F9EA	8000	85
7285	F9F0	8001	0A
7285	F8DB	8000	87
7285	F9B3	8000	80
7285	F9B9	8001	FC
7285	F9BE	8000	81
7285	F9C4	8001	0A
7285	F9C9	8000	82
7285	F9CF	8001	00
7285	F9D4	8000	83
7285	F9DA	8001	01
7285	F9DF	8000	84
7285	F9E5	8001	02
7285	F9EA	8000	85
7285	F9F0	8001	0A
7285	F8DB	8000	87
7286	FA23	8000	80
7286	FA29	8001	FC
7286	FA2E	8000	81
7286	FA34	8001	E2
7286	FA39	8000	82
7286	FA3F	8001	A2
7286	FA44	8000	83
7286	FA4A	8001	35
7286	FA4F	8000	84
7286	FA55	8001	B7
7286	FA5A	8000	85
7286	FA60	8001	BD
7286	FADD	8000	86
7286	FAE2	8001	18
7286	FAE9	8000	87
7286	FAEE	8001	19
7286	FAF8	8000	86
7286	FAFE	8001	28
7286	FB05	8000	87
7286	FB0B	8001	29
7286	FDA9	8000	86
7286	FDB1	8001	06
7286	FDBA	8000	87
7286	FDC2	8001	07
7286	FC3F	8000	86
7286	FC48	8001	06
7286	FC4F	8000	87
7286	FC58	8001	07
7286	FDA9	8000	86
7286	FDB1	8001	18
7286	FDBA	8000	87
7286	FDC2	8001	19
7286	FDA9	8000	86
7286	FDB1	8001	28
7286	FDBA	8000	87
7286	FDC2	8001	29
7286	FDA9	8000	86
7286	FDB1	8001	28
7286	FDBA	8000	87
7286	FDC2	8001	29
7286	F9B3	8000	80
7286	F9B9	8001	FC
7286	F9BE	8000	81
7286	F9C4	8001	0A
7286	F9C9	8000	82
7286	F9CF	8001	A2
7286	F9D4	8000	83
7286	F9DA	8001	01
7286	F9DF	8000	84
7286	F9E5	8001	02
7286	F9EA	8000	85
7286	F9F0	8001	0A
7286	F8DB	8000	87
7286	F9B3	8000	80
7286	F9B9	8001	FC
7286	F9BE	8000	81
7286	F9C4	8001	0A
7286	F9C9	8000	82
7286	F9CF	8001	00
7286	F9D4	8000	83
7286	F9DA	8001	01
7286	F9DF	8000	84
7286	F9E5	8001	02
7286	F9EA	8000	85
7286	F9F0	8001	0A
7286	F8DB	8000	87
7287	FA23	8000	80
7287	FA29	8001	FC
7287	FA2E	8000	81
7287	FA34	8001	E2
7287	FA39	8000	82
7287	FA3F	8001	A2
7287	FA44	8000	83
7287	FA4A	8001	35
7287	FA4F	8000	84
7287	FA55	8001	B7
7287	FA5A	8000	85
7287	FA60	8001	BD
7287	FADD	8000	86
7287	FAE2	8001	18
7287	FAE9	8000	87
7287	FAEE	8001	19
7287	FAF8	8000	86
7287	FAFE	8001	28
7287	FB05	8000	87
7287	FB0B	8001	29
7287	FDA9	8000	86
7287	FDB1	8001	06
7287	FDBA	8000	87
7287	FDC2	8001	07
7287	FC3F	8000	86
7287	FC48	8001	06
7287	FC4F	8000	87
7287	FC58	8001	07
7287	FDA9	8000	86
7287	FDB1	8001	18
7287	FDBA	8000	87
7287	FDC2	8001	19
7287	FDA9	8000	86
7287	FDB1	8001	28
7287	FDBA	8000	87
7287	FDC2	8001	29
7287	FDA9	8000	86
7287	FDB1	8001	28
7287	FDBA	8000	87
7287	FDC2	8001	29
7287	F9B3	8000	80
7287	F9B9	8001	FC
7287	F9BE	8000	81
7287	F9C4	8001	0A
7287	F9C9	8000	82
7287	F9CF	8001	A2
7287	F9D4	8000	83
7287	F9DA	8001	01
7287	F9DF	8000	84
7287	F9E5	8001	02
7287	F9EA	8000	85
7287	F9F0	8001	0A
7287	F8DB	8000	87
7287	F9B3	8000	80
7287	F9B9	8001	FC
7287	F9BE	8000	81
7287	F9C4	8001	0A
7287	F9C9	8000	82
7287	F9CF	8001	00
7287	F9D4	8000	83
7287	F9DA	8001	01
7287	F9DF	8000	84
7287	F9E5	8001	02
7287	F9EA	8000	85
7287	F9F0	8001	0A
7287	F8DB	8000	87
7288	FA23	8000	80
7288	FA29	8001	FC
7288	FA2E	8000	81
7288	FA34	8001	E2
7288	FA39	8000	82
7288	FA3F	8001	A2
7288	FA44	8000	83
7288	FA4A	8001	35
7288	FA4F	8000	84
7288	FA55	8001	B7
7288	FA5A	8000	85
7288	FA60	8001	BD
7288	FADD	8000	86
7288	FAE2	8001	18
7288	FAE9	8000	87
7288	FAEE	8001	19
7288	FAF8	8000	86
7288	FAFE	8001	28
7288	FB05	8000	87
7288	FB0B	8001	29
7288	FDA9	8000	86
7288	FDB1	8001	06
7288	FDBA	8000	87
7288	FDC2	8001	07
7288	FC3F	8000	86
7288	FC48	8001	06
7288	FC4F	8000	87
7288	FC58	8001	07
7288	FDA9	8000	86
7288	FDB1	8001	18
7288	FDBA	8000	87
7288	FDC2	8001	19
7288	FDA9	8000	86
7288	FDB1	8001	28
7288	FDBA	8000	87
7288	FDC2	8001	29
7288	FDA9	8000	86
7288	FDB1	8001	28
7288	FDBA	8000	87
7288	FDC2	8001	29
7288	F9B3	8000	80
7288	F9B9	8001	FC
7288	F9BE	8000	81
7288	F9C4	8001	0A
7288	F9C9	8000	82
7288	F9CF	8001	A2
7288	F9D4	8000	83
7288	F9DA	8001	01
7288	F9DF	8000	84
7288	F9E5	8001	02
7288	F9EA	8000	85
7288	F9F0	8001	0A
7288	F8DB	8000	87
7288	F9B3	8000	80
7288	F9B9	8001	FC
7288	F9BE	8000	81
7288	F9C4	8001	0A
7288	F9C9	8000	82
7288	F9CF	8001	00
7288	F9D4	8000	83
7288	F9DA	8001	01
7288	F9DF	8000	84
7288	F9E5	8001	02
7288	F9EA	8000	85
7288	F9F0	8001	0A
7288	F8DB	8000	87
7289	FA23	8000	80
7289	FA29	8001	FC
7289	FA2E	8000	81
7289	FA34	8001	E2
7289	FA39	8000	82
7289	FA3F	8001	A2
7289	FA44	8000	83
7289	FA4A	8001	35
7289	FA4F	8000	84
7289	FA55	8001	B7
7289	FA5A	8000	85
7289	FA60	8001	BD
7289	FADD	8000	86
7289	FAE2	8001	18
7289	FAE9	8000	87
7289	FAEE	8001	19
7289	BF0A	8000	86
7289	C8E1	8001	00
7289	C8E6	8000	87
7289	C8EB	8001	01
7289	C900	8000	86
7289	C905	8001	18
7289	C90A	8000	87
7289	C90F	8001	19
7289	BF0A	8000	86
7289	C8E1	8001	00
7289	C8E6	8000	87
7289	C8EB	8001	01
7289	C900	8000	86
7289	C905	8001	18
7289	C90A	8000	87
7289	C90F	8001	19
7289	FAF8	8000	86
7289	FAFE	8001	28
7289	FB05	8000	87
7289	FB0B	8001	29
7289	FDA9	8000	86
7289	FDB1	8001	06
7289	FDBA	8000	87
7289	FDC2	8001	07
7289	FC3F	8000	86
7289	FC48	8001	06
7289	FC4F	8000	87
7289	FC58	8001	07
7289	FDA9	8000	86
7289	FDB1	8001	18
7289	FDBA	8000	87
7289	FDC2	8001	19
7289	FDA9	8000	86
7289	FDB1	8001	28
7289	FDBA	8000	87
7289	FDC2	8001	29
7289	FDA9	8000	86
7289	FDB1	8001	28
7289	FDBA	8000	87
7289	FDC2	8001	29
7289	F9B3	8000	80
7289	F9B9	8001	FC
7289	F9BE	8000	81
7289	F9C4	8001	0A
7289	F9C9	8000	82
7289	F9CF	8001	A2
7289	F9D4	8000	83
7289	F9DA	8001	01
7289	F9DF	8000	84
7289	F9E5	8001	02
7289	F9EA	8000	85
7289	F9F0	8001	0A
7289	F8DB	8000	87
7289	F9B3	8000	80
7289	F9B9	8001	FC
7289	F9BE	8000	81
7289	F9C4	8001	0A
7289	F9C9	8000	82
7289	F9CF	8001	00
7289	F9D4	8000	83
7289	F9DA	8001	01
7289	F9DF	8000	84
7289	F9E5	8001	02
7289	F9EA	8000	85
7289	F9F0	8001	0A
7289	F8DB	8000	87
7290	FA23	8000	80
7290	FA29	8001	FC
7290	FA2E	8000	81
7290	FA34	8001	E2
7290	FA39	8000	82
7290	FA3F	8001	A2
7290	FA44	8000	83
7290	FA4A	8001	35
7290	FA4F	8000	84
7290	FA55	8001	B7
7290	FA5A	8000	85
7290	FA60	8001	BD
7290	FADD	8000	86
7290	FAE2	8001	18
7290	FAE9	8000	87
7290	FAEE	8001	19
7290	FAF8	8000	86
7290	FAFE	8001	28
7290	FB05	8000	87
7290	FB0B	8001	29
7290	FDA9	8000	86
7290	FDB1	8001	06
7290	FDBA	8000	87
7290	FDC2	8001	07
7290	FC3F	8000	86
7290	FC48	8001	06
7290	FC4F	8000	87
7290	FC58	8001	07
7290	FDA9	8000	86
7290	FDB1	8001	18
7290	FDBA	8000	87
7290	FDC2	8001	19
7290	FDA9	8000	86
7290	FDB1	8001	28
7290	FDBA	8000	87
7290	FDC2	8001	29
7290	FDA9	8000	86
7290	FDB1	8001	28
7290	FDBA	8000	87
7290	FDC2	8001	29
7290	F9B3	8000	80
7290	F9B9	8001	FC
7290	F9BE	8000	81
7290	F9C4	8001	0A
7290	F9C9	8000	82
7290	F9CF	8001	A2
7290	F9D4	8000	83
7290	F9DA	8001	01
7290	F9DF	8000	84
7290	F9E5	8001	02
7290	F9EA	8000	85
7290	F9F0	8001	0A
7290	F8DB	8000	87
7290	F9B3	8000	80
7290	F9B9	8001	FC
7290	F9BE	8000	81
7290	F9C4	8001	0A
7290	F9C9	8000	82
7290	F9CF	8001	00
7290	F9D4	8000	83
7290	F9DA	8001	01
7290	F9DF	8000	84
7290	F9E5	8001	02
7290	F9EA	8000	85
7290	F9F0	8001	0A
7290	F8DB	8000	87
7291	FA23	8000	80
7291	FA29	8001	FC
7291	FA2E	8000	81
7291	FA34	8001	E2
7291	FA39	8000	82
7291	FA3F	8001	A2
7291	FA44	8000	83
7291	FA4A	8001	35
7291	FA4F	8000	84
7291	FA55	8001	B7
7291	FA5A	8000	85
7291	FA60	8001	BD
7291	FADD	8000	86
7291	FAE2	8001	18
7291	FAE9	8000	87
7291	FAEE	8001	19
7291	FAF8	8000	86
7291	FAFE	8001	28
7291	FB05	8000	87
7291	FB0B	8001	29
7291	FDA9	8000	86
7291	FDB1	8001	06
7291	FDBA	8000	87
7291	FDC2	8001	07
7291	FDA9	8000	86
7291	FDB1	8001	3C
7291	FDBA	8000	87
7291	FDC2	8001	3D
7291	FC3F	8000	86
7291	FC48	8001	06
7291	FC4F	8000	87
7291	FC58	8001	07
7291	FDA9	8000	86
7291	FDB1	8001	18
7291	FDBA	8000	87
7291	FDC2	8001	19
7291	FDA9	8000	86
7291	FDB1	8001	28
7291	FDBA	8000	87
7291	FDC2	8001	29
7291	FDA9	8000	86
7291	FDB1	8001	28
7291	FDBA	8000	87
7291	FDC2	8001	29
7291	F9B3	8000	80
7291	F9B9	8001	FC
7291	F9BE	8000	81
7291	F9C4	8001	0A
7291	F9C9	8000	82
7291	F9CF	8001	A2
7291	F9D4	8000	83
7291	F9DA	8001	01
7291	F9DF	8000	84
7291	F9E5	8001	02
7291	F9EA	8000	85
7291	F9F0	8001	0A
7291	F8DB	8000	87
7291	F9B3	8000	80
7291	F9B9	8001	FC
7291	F9BE	8000	81
7291	F9C4	8001	0A
7291	F9C9	8000	82
7291	F9CF	8001	00
7291	F9D4	8000	83
7291	F9DA	8001	01
7291	F9DF	8000	84
7291	F9E5	8001	02
7291	F9EA	8000	85
7291	F9F0	8001	0A
7291	F8DB	8000	87
7292	FA23	8000	80
7292	FA29	8001	FC
7292	FA2E	8000	81
7292	FA34	8001	E2
7292	FA39	8000	82
7292	FA3F	8001	A2
7292	FA44	8000	83
7292	FA4A	8001	35
7292	FA4F	8000	84
7292	FA55	8001	B7
7292	FA5A	8000	85
7292	FA60	8001	BD
7292	FADD	8000	86
7292	FAE2	8001	18
7292	FAE9	8000	87
7292	FAEE	8001	19
7292	FAF8	8000	86
7292	FAFE	8001	28
7292	FB05	8000	87
7292	FB0B	8001	29
7292	FDA9	8000	86
7292	FDB1	8001	06
7292	FDBA	8000	87
7292	FDC2	8001	07
7292	FDA9	8000	86
7292	FDB1	8001	3C
7292	FDBA	8000	87
7292	FDC2	8001	3D
7292	FC3F	8000	86
7292	FC48	8001	06
7292	FC4F	8000	87
7292	FC58	8001	07
7292	FDA9	8000	86
7292	FDB1	8001	18
7292	FDBA	8000	87
7292	FDC2	8001	19
7292	FDA9	8000	86
7292	FDB1	8001	28
7292	FDBA	8000	87
7292	FDC2	8001	29
7292	FDA9	8000	86
7292	FDB1	8001	28
7292	FDBA	8000	87
7292	FDC2	8001	29
7292	F9B3	8000	80
7292	F9B9	8001	FC
7292	F9BE	8000	81
7292	F9C4	8001	0A
7292	F9C9	8000	82
7292	F9CF	8001	A2
7292	F9D4	8000	83
7292	F9DA	8001	01
7292	F9DF	8000	84
7292	F9E5	8001	02
7292	F9EA	8000	85
7292	F9F0	8001	0A
7292	F8DB	8000	87
7292	F9B3	8000	80
7292	F9B9	8001	FC
7292	F9BE	8000	81
7292	F9C4	8001	0A
7292	F9C9	8000	82
7292	F9CF	8001	00
7292	F9D4	8000	83
7292	F9DA	8001	01
7292	F9DF	8000	84
7292	F9E5	8001	02
7292	F9EA	8000	85
7292	F9F0	8001	0A
7292	F8DB	8000	87
7293	FA23	8000	80
7293	FA29	8001	FC
7293	FA2E	8000	81
7293	FA34	8001	E2
7293	FA39	8000	82
7293	FA3F	8001	A2
7293	FA44	8000	83
7293	FA4A	8001	35
7293	FA4F	8000	84
7293	FA55	8001	B7
7293	FA5A	8000	85
7293	FA60	8001	BD
7293	FADD	8000	86
7293	FAE2	8001	18
7293	FAE9	8000	87
7293	FAEE	8001	19
7293	FAF8	8000	86
7293	FAFE	8001	28
7293	FB05	8000	87
7293	FB0B	8001	29
7293	FDA9	8000	86
7293	FDB1	8001	06
7293	FDBA	8000	87
7293	FDC2	8001	07
7293	FDA9	8000	86
7293	FDB1	8001	3C
7293	FDBA	8000	87
7293	FDC2	8001	3D
7293	FC3F	8000	86
7293	FC48	8001	06
7293	FC4F	8000	87
7293	FC58	8001	07
7293	FDA9	8000	86
7293	FDB1	8001	18
7293	FDBA	8000	87
7293	FDC2	8001	19
7293	FDA9	8000	86
7293	FDB1	8001	28
7293	FDBA	8000	87
7293	FDC2	8001	29
7293	FDA9	8000	86
7293	FDB1	8001	28
7293	FDBA	8000	87
7293	FDC2	8001	29
7293	F9B3	8000	80
7293	F9B9	8001	FC
7293	F9BE	8000	81
7293	F9C4	8001	0A
7293	F9C9	8000	82
7293	F9CF	8001	A2
7293	F9D4	8000	83
7293	F9DA	8001	01
7293	F9DF	8000	84
7293	F9E5	8001	02
7293	F9EA	8000	85
7293	F9F0	8001	0A
7293	F8DB	8000	87
7293	F9B3	8000	80
7293	F9B9	8001	FC
7293	F9BE	8000	81
7293	F9C4	8001	0A
7293	F9C9	8000	82
7293	F9CF	8001	00
7293	F9D4	8000	83
7293	F9DA	8001	01
7293	F9DF	8000	84
7293	F9E5	8001	02
7293	F9EA	8000	85
7293	F9F0	8001	0A
7293	F8DB	8000	87
7294	FA23	8000	80
7294	FA29	8001	FC
7294	FA2E	8000	81
7294	FA34	8001	E2
7294	FA39	8000	82
7294	FA3F	8001	A2
7294	FA44	8000	83
7294	FA4A	8001	35
7294	FA4F	8000	84
7294	FA55	8001	B7
7294	FA5A	8000	85
7294	FA60	8001	BD
7294	FADD	8000	86
7294	FAE2	8001	18
7294	FAE9	8000	87
7294	FAEE	8001	19
7294	BF0A	8000	86
7294	C8E1	8001	00
7294	C8E6	8000	87
7294	C8EB	8001	01
7294	C900	8000	86
7294	C905	8001	18
7294	C90A	8000	87
7294	C90F	8001	19
7294	BF0A	8000	86
7294	C8E1	8001	00
7294	C8E6	8000	87
7294	C8EB	8001	01
7294	C900	8000	86
7294	C905	8001	18
7294	C90A	8000	87
7294	C90F	8001	19
7294	BF0A	8000	86
7294	C8E1	8001	00
7294	C8E6	8000	87
7294	C8EB	8001	01
7294	C900	8000	86
7294	C905	8001	18
7294	C90A	8000	87
7294	C90F	8001	19
7294	FAF8	8000	86
7294	FAFE	8001	28
7294	FB05	8000	87
7294	FB0B	8001	29
7294	FDA9	8000	86
7294	FDB1	8001	06
7294	FDBA	8000	87
7294	FDC2	8001	07
7294	FDA9	8000	86
7294	FDB1	8001	2A
7294	FDBA	8000	87
7294	FDC2	8001	2B
7294	FDA9	8000	86
7294	FDB1	8001	2A
7294	FDBA	8000	87
7294	FDC2	8001	2B
7294	FC3F	8000	86
7294	FC48	8001	06
7294	FC4F	8000	87
7294	FC58	8001	07
7294	FDA9	8000	86
7294	FDB1	8001	18
7294	FDBA	8000	87
7294	FDC2	8001	19
7294	FDA9	8000	86
7294	FDB1	8001	28
7294	FDBA	8000	87
7294	FDC2	8001	29
7294	F9B3	8000	80
7294	F9B9	8001	FC
7294	F9BE	8000	81
7294	F9C4	8001	0A
7294	F9C9	8000	82
7294	F9CF	8001	A2
7294	F9D4	8000	83
7294	F9DA	8001	01
7294	F9DF	8000	84
7294	F9E5	8001	02
7294	F9EA	8000	85
7294	F9F0	8001	0A
7294	F8DB	8000	87
7294	FDA9	8000	86
7294	FDB1	8001	28
7294	FDBA	8000	87
7294	FDC2	8001	29
7294	F9B3	8000	80
7294	F9B9	8001	FC
7294	F9BE	8000	81
7294	F9C4	8001	0A
7294	F9C9	8000	82
7294	F9CF	8001	00
7294	F9D4	8000	83
7294	F9DA	8001	01
7294	F9DF	8000	84
7294	F9E5	8001	02
7294	F9EA	8000	85
7294	F9F0	8001	0A
7294	F8DB	8000	87
7295	FE2D	8000	87
7295	FE30	8001	3C
7295	B058	8000	86
7295	B05B	8001	38
7295	B120	8000	00
7295	B123	8001	00
7295	B120	8000	00
7295	B123	8001	00
7295	FA23	8000	80
7295	FA29	8001	FC
7295	FA2E	8000	81
7295	FA34	8001	E2
7295	FA39	8000	82
7295	FA3F	8001	A2
7295	FA44	8000	83
7295	FA4A	8001	35
7295	FA4F	8000	84
7295	FA55	8001	B7
7295	FA5A	8000	85
7295	FA60	8001	BD
7295	FA83	8000	86
7295	FA88	8001	18
7295	FA8D	8000	87
7295	FA92	8001	19
7295	FA9A	8000	86
7295	FAA0	8001	28
7295	FAA5	8000	87
7295	FAAB	8001	29
7295	FAB6	8000	87
7295	F9B3	8000	80
7295	F9B9	8001	FC
7295	F9BE	8000	81
7295	F9C4	8001	0A
7295	F9C9	8000	82
7295	F9CF	8001	A2
7295	F9D4	8000	83
7295	F9DA	8001	01
7295	F9DF	8000	84
7295	F9E5	8001	02
7295	F9EA	8000	85
7295	F9F0	8001	0A
7295	F8DB	8000	87
7295	F9B3	8000	80
7295	F9B9	8001	FC
7295	F9BE	8000	81
7295	F9C4	8001	0A
7295	F9C9	8000	82
7295	F9CF	8001	00
7295	F9D4	8000	83
7295	F9DA	8001	01
7295	F9DF	8000	84
7295	F9E5	8001	02
7295	F9EA	8000	85
7295	F9F0	8001	0A
7295	F8DB	8000	87
7296	FE2D	8000	87
7296	FE30	8001	3C
7296	B058	8000	86
7296	B05B	8001	38
7296	B120	8000	00
7296	B123	8001	00
7296	B120	8000	00
7296	B123	8001	00
7296	FA23	8000	80
7296	FA29	8001	FC
7296	FA2E	8000	81
7296	FA34	8001	E2
7296	FA39	8000	82
7296	FA3F	8001	A2
7296	FA44	8000	83
7296	FA4A	8001	35
7296	FA4F	8000	84
7296	FA55	8001	B7
7296	FA5A	8000	85
7296	FA60	8001	BD
7296	FA83	8000	86
7296	FA88	8001	18
7296	FA8D	8000	87
7296	FA92	8001	19
7296	FA9A	8000	86
7296	FAA0	8001	28
7296	FAA5	8000	87
7296	FAAB	8001	29
7296	FAB6	8000	87
7296	F9B3	8000	80
7296	F9B9	8001	FC
7296	F9BE	8000	81
7296	F9C4	8001	0A
7296	F9C9	8000	82
7296	F9CF	8001	A2
7296	F9D4	8000	83
7296	F9DA	8001	01
7296	F9DF	8000	84
7296	F9E5	8001	02
7296	F9EA	8000	85
7296	F9F0	8001	0A
7296	F8DB	8000	87
7296	F9B3	8000	80
7296	F9B9	8001	FC
7296	F9BE	8000	81
7296	F9C4	8001	0A
7296	F9C9	8000	82
7296	F9CF	8001	00
7296	F9D4	8000	83
7296	F9DA	8001	01
7296	F9DF	8000	84
7296	F9E5	8001	02
7296	F9EA	8000	85
7296	F9F0	8001	0A
7296	F8DB	8000	87
7297	FA23	8000	80
7297	FA29	8001	FC
7297	FA2E	8000	81
7297	FA34	8001	E2
7297	FA39	8000	82
7297	FA3F	8001	A2
7297	FA44	8000	83
7297	FA4A	8001	35
7297	FA4F	8000	84
7297	FA55	8001	B7
7297	FA5A	8000	85
7297	FA60	8001	BD
7297	FADD	8000	86
7297	FAE2	8001	18
7297	FAE9	8000	87
7297	FAEE	8001	19
7297	FAF8	8000	86
7297	FAFE	8001	28
7297	FB05	8000	87
7297	FB0B	8001	29
7297	FDA9	8000	86
7297	FDB1	8001	06
7297	FDBA	8000	87
7297	FDC2	8001	07
7297	FDA9	8000	86
7297	FDB1	8001	2A
7297	FDBA	8000	87
7297	FDC2	8001	2B
7297	FDA9	8000	86
7297	FDB1	8001	2A
7297	FDBA	8000	87
7297	FDC2	8001	2B
7297	FC3F	8000	86
7297	FC48	8001	06
7297	FC4F	8000	87
7297	FC58	8001	07
7297	FDA9	8000	86
7297	FDB1	8001	18
7297	FDBA	8000	87
7297	FDC2	8001	19
7297	FDA9	8000	86
7297	FDB1	8001	28
7297	FDBA	8000	87
7297	FDC2	8001	29
7297	FDA9	8000	86
7297	FDB1	8001	28
7297	FDBA	8000	87
7297	FDC2	8001	29
7297	F9B3	8000	80
7297	F9B9	8001	FC
7297	F9BE	8000	81
7297	F9C4	8001	0A
7297	F9C9	8000	82
7297	F9CF	8001	A2
7297	F9D4	8000	83
7297	F9DA	8001	01
7297	F9DF	8000	84
7297	F9E5	8001	02
7297	F9EA	8000	85
7297	F9F0	8001	0A
7297	F8DB	8000	87
7297	F9B3	8000	80
7297	F9B9	8001	FC
7297	F9BE	8000	81
7297	F9C4	8001	0A
7297	F9C9	8000	82
7297	F9CF	8001	00
7297	F9D4	8000	83
7297	F9DA	8001	01
7297	F9DF	8000	84
7297	F9E5	8001	02
7297	F9EA	8000	85
7297	F9F0	8001	0A
7297	F8DB	8000	87
7298	FA23	8000	80
7298	FA29	8001	FC
7298	FA2E	8000	81
7298	FA34	8001	E2
7298	FA39	8000	82
7298	FA3F	8001	A2
7298	FA44	8000	83
7298	FA4A	8001	35
7298	FA4F	8000	84
7298	FA55	8001	B7
7298	FA5A	8000	85
7298	FA60	8001	BD
7298	FADD	8000	86
7298	FAE2	8001	18
7298	FAE9	8000	87
7298	FAEE	8001	19
7298	FAF8	8000	86
7298	FAFE	8001	28
7298	FB05	8000	87
7298	FB0B	8001	29
7298	FDA9	8000	86
7298	FDB1	8001	06
7298	FDBA	8000	87
7298	FDC2	8001	07
7298	FC3F	8000	86
7298	FC48	8001	06
7298	FC4F	8000	87
7298	FC58	8001	07
7298	FDA9	8000	86
7298	FDB1	8001	18
7298	FDBA	8000	87
7298	FDC2	8001	19
7298	FDA9	8000	86
7298	FDB1	8001	28
7298	FDBA	8000	87
7298	FDC2	8001	29
7298	FDA9	8000	86
7298	FDB1	8001	28
7298	FDBA	8000	87
7298	FDC2	8001	29
7298	F9B3	8000	80
7298	F9B9	8001	FC
7298	F9BE	8000	81
7298	F9C4	8001	0A
7298	F9C9	8000	82
7298	F9CF	8001	A2
7298	F9D4	8000	83
7298	F9DA	8001	01
7298	F9DF	8000	84
7298	F9E5	8001	02
7298	F9EA	8000	85
7298	F9F0	8001	0A
7298	F8DB	8000	87
7298	F9B3	8000	80
7298	F9B9	8001	FC
7298	F9BE	8000	81
7298	F9C4	8001	0A
7298	F9C9	8000	82
7298	F9CF	8001	00
7298	F9D4	8000	83
7298	F9DA	8001	01
7298	F9DF	8000	84
7298	F9E5	8001	02
7298	F9EA	8000	85
7298	F9F0	8001	0A
7298	F8DB	8000	87
7299	FA23	8000	80
7299	FA29	8001	FC
7299	FA2E	8000	81
7299	FA34	8001	E2
7299	FA39	8000	82
7299	FA3F	8001	A2
7299	FA44	8000	83
7299	FA4A	8001	35
7299	FA4F	8000	84
7299	FA55	8001	B7
7299	FA5A	8000	85
7299	FA60	8001	BD
7299	FADD	8000	86
7299	FAE2	8001	18
7299	FAE9	8000	87
7299	FAEE	8001	19
7299	BF0A	8000	86
7299	C8E1	8001	00
7299	C8E6	8000	87
7299	C8EB	8001	01
7299	C900	8000	86
7299	C905	8001	18
7299	C90A	8000	87
7299	C90F	8001	19
7299	BF0A	8000	86
7299	C8E1	8001	00
7299	C8E6	8000	87
7299	C8EB	8001	01
7299	C900	8000	86
7299	C905	8001	18
7299	C90A	8000	87
7299	C90F	8001	19
7299	FAF8	8000	86
7299	FAFE	8001	28
7299	FB05	8000	87
7299	FB0B	8001	29
7299	FDA9	8000	86
7299	FDB1	8001	06
7299	FDBA	8000	87
7299	FDC2	8001	07
7299	FC3F	8000	86
7299	FC48	8001	06
7299	FC4F	8000	87
7299	FC58	8001	07
7299	FDA9	8000	86
7299	FDB1	8001	18
7299	FDBA	8000	87
7299	FDC2	8001	19
7299	FDA9	8000	86
7299	FDB1	8001	28
7299	FDBA	8000	87
7299	FDC2	8001	29
7299	FDA9	8000	86
7299	FDB1	8001	28
7299	FDBA	8000	87
7299	FDC2	8001	29
7299	F9B3	8000	80
7299	F9B9	8001	FC
7299	F9BE	8000	81
7299	F9C4	8001	0A
7299	F9C9	8000	82
7299	F9CF	8001	A2
7299	F9D4	8000	83
7299	F9DA	8001	01
7299	F9DF	8000	84
7299	F9E5	8001	02
7299	F9EA	8000	85
7299	F9F0	8001	0A
7299	F8DB	8000	87
7299	F9B3	8000	80
7299	F9B9	8001	FC
7299	F9BE	8000	81
7299	F9C4	8001	0A
7299	F9C9	8000	82
7299	F9CF	8001	00
7299	F9D4	8000	83
7299	F9DA	8001	01
7299	F9DF	8000	84
7299	F9E5	8001	02
7299	F9EA	8000	85
7299	F9F0	8001	0A
7299	F8DB	8000	87
7300	FA23	8000	80
7300	FA29	8001	FC
7300	FA2E	8000	81
7300	FA34	8001	E2
7300	FA39	8000	82
7300	FA3F	8001	A2
7300	FA44	8000	83
7300	FA4A	8001	35
7300	FA4F	8000	84
7300	FA55	8001	B7
7300	FA5A	8000	85
7300	FA60	8001	BD
7300	FADD	8000	86
7300	FAE2	8001	18
7300	FAE9	8000	87
7300	FAEE	8001	19
7300	FAF8	8000	86
7300	FAFE	8001	28
7300	FB05	8000	87
7300	FB0B	8001	29
7300	FDA9	8000	86
7300	FDB1	8001	06
7300	FDBA	8000	87
7300	FDC2	8001	07
7300	FC3F	8000	86
7300	FC48	8001	06
7300	FC4F	8000	87
7300	FC58	8001	07
7300	FDA9	8000	86
7300	FDB1	8001	18
7300	FDBA	8000	87
7300	FDC2	8001	19
7300	FDA9	8000	86
7300	FDB1	8001	28
7300	FDBA	8000	87
7300	FDC2	8001	29
7300	FDA9	8000	86
7300	FDB1	8001	28
7300	FDBA	8000	87
7300	FDC2	8001	29
7300	F9B3	8000	80
7300	F9B9	8001	FC
7300	F9BE	8000	81
7300	F9C4	8001	0A
7300	F9C9	8000	82
7300	F9CF	8001	A2
7300	F9D4	8000	83
7300	F9DA	8001	01
7300	F9DF	8000	84
7300	F9E5	8001	02
7300	F9EA	8000	85
7300	F9F0	8001	0A
7300	F8DB	8000	87
7300	F9B3	8000	80
7300	F9B9	8001	FC
7300	F9BE	8000	81
7300	F9C4	8001	0A
7300	F9C9	8000	82
7300	F9CF	8001	00
7300	F9D4	8000	83
7300	F9DA	8001	01
7300	F9DF	8000	84
7300	F9E5	8001	02
7300	F9EA	8000	85
7300	F9F0	8001	0A
7300	F8DB	8000	87
7301	FA23	8000	80
7301	FA29	8001	FC
7301	FA2E	8000	81
7301	FA34	8001	E2
7301	FA39	8000	82
7301	FA3F	8001	A2
7301	FA44	8000	83
7301	FA4A	8001	35
7301	FA4F	8000	84
7301	FA55	8001	B7
7301	FA5A	8000	85
7301	FA60	8001	BD
7301	FADD	8000	86
7301	FAE2	8001	18
7301	FAE9	8000	87
7301	FAEE	8001	19
7301	FAF8	8000	86
7301	FAFE	8001	28
7301	FB05	8000	87
7301	FB0B	8001	29
7301	FDA9	8000	86
7301	FDB1	8001	06
7301	FDBA	8000	87
7301	FDC2	8001	07
7301	FC3F	8000	86
7301	FC48	8001	06
7301	FC4F	8000	87
7301	FC58	8001	07
7301	FDA9	8000	86
7301	FDB1	8001	18
7301	FDBA	8000	87
7301	FDC2	8001	19
7301	FDA9	8000	86
7301	FDB1	8001	28
7301	FDBA	8000	87
7301	FDC2	8001	29
7301	FDA9	8000	86
7301	FDB1	8001	28
7301	FDBA	8000	87
7301	FDC2	8001	29
7301	F9B3	8000	80
7301	F9B9	8001	FC
7301	F9BE	8000	81
7301	F9C4	8001	0A
7301	F9C9	8000	82
7301	F9CF	8001	A2
7301	F9D4	8000	83
7301	F9DA	8001	01
7301	F9DF	8000	84
7301	F9E5	8001	02
7301	F9EA	8000	85
7301	F9F0	8001	0A
7301	F8DB	8000	87
7301	F9B3	8000	80
7301	F9B9	8001	FC
7301	F9BE	8000	81
7301	F9C4	8001	0A
7301	F9C9	8000	82
7301	F9CF	8001	00
7301	F9D4	8000	83
7301	F9DA	8001	01
7301	F9DF	8000	84
7301	F9E5	8001	02
7301	F9EA	8000	85
7301	F9F0	8001	0A
7301	F8DB	8000	87
7302	FA23	8000	80
7302	FA29	8001	FC
7302	FA2E	8000	81
7302	FA34	8001	E2
7302	FA39	8000	82
7302	FA3F	8001	A2
7302	FA44	8000	83
7302	FA4A	8001	35
7302	FA4F	8000	84
7302	FA55	8001	B7
7302	FA5A	8000	85
7302	FA60	8001	BD
7302	FADD	8000	86
7302	FAE2	8001	18
7302	FAE9	8000	87
7302	FAEE	8001	19
7302	FAF8	8000	86
7302	FAFE	8001	28
7302	FB05	8000	87
7302	FB0B	8001	29
7302	FDA9	8000	86
7302	FDB1	8001	06
7302	FDBA	8000	87
7302	FDC2	8001	07
7302	FC3F	8000	86
7302	FC48	8001	06
7302	FC4F	8000	87
7302	FC58	8001	07
7302	FDA9	8000	86
7302	FDB1	8001	18
7302	FDBA	8000	87
7302	FDC2	8001	19
7302	FDA9	8000	86
7302	FDB1	8001	28
7302	FDBA	8000	87
7302	FDC2	8001	29
7302	FDA9	8000	86
7302	FDB1	8001	28
7302	FDBA	8000	87
7302	FDC2	8001	29
7302	F9B3	8000	80
7302	F9B9	8001	FC
7302	F9BE	8000	81
7302	F9C4	8001	0A
7302	F9C9	8000	82
7302	F9CF	8001	A2
7302	F9D4	8000	83
7302	F9DA	8001	01
7302	F9DF	8000	84
7302	F9E5	8001	02
7302	F9EA	8000	85
7302	F9F0	8001	0A
7302	F8DB	8000	87
7302	F9B3	8000	80
7302	F9B9	8001	FC
7302	F9BE	8000	81
7302	F9C4	8001	0A
7302	F9C9	8000	82
7302	F9CF	8001	00
7302	F9D4	8000	83
7302	F9DA	8001	01
7302	F9DF	8000	84
7302	F9E5	8001	02
7302	F9EA	8000	85
7302	F9F0	8001	0A
7302	F8DB	8000	87
7303	FA23	8000	80
7303	FA29	8001	FC
7303	FA2E	8000	81
7303	FA34	8001	E2
7303	FA39	8000	82
7303	FA3F	8001	A2
7303	FA44	8000	83
7303	FA4A	8001	35
7303	FA4F	8000	84
7303	FA55	8001	B7
7303	FA5A	8000	85
7303	FA60	8001	BD
7303	FADD	8000	86
7303	FAE2	8001	18
7303	FAE9	8000	87
7303	FAEE	8001	19
7303	FAF8	8000	86
7303	FAFE	8001	28
7303	FB05	8000	87
7303	FB0B	8001	29
7303	FDA9	8000	86
7303	FDB1	8001	06
7303	FDBA	8000	87
7303	FDC2	8001	07
7303	FC3F	8000	86
7303	FC48	8001	06
7303	FC4F	8000	87
7303	FC58	8001	07
7303	FDA9	8000	86
7303	FDB1	8001	18
7303	FDBA	8000	87
7303	FDC2	8001	19
7303	FDA9	8000	86
7303	FDB1	8001	28
7303	FDBA	8000	87
7303	FDC2	8001	29
7303	FDA9	8000	86
7303	FDB1	8001	28
7303	FDBA	8000	87
7303	FDC2	8001	29
7303	F9B3	8000	80
7303	F9B9	8001	FC
7303	F9BE	8000	81
7303	F9C4	8001	0A
7303	F9C9	8000	82
7303	F9CF	8001	A2
7303	F9D4	8000	83
7303	F9DA	8001	01
7303	F9DF	8000	84
7303	F9E5	8001	02
7303	F9EA	8000	85
7303	F9F0	8001	0A
7303	F8DB	8000	87
7303	F9B3	8000	80
7303	F9B9	8001	FC
7303	F9BE	8000	81
7303	F9C4	8001	0A
7303	F9C9	8000	82
7303	F9CF	8001	00
7303	F9D4	8000	83
7303	F9DA	8001	01
7303	F9DF	8000	84
7303	F9E5	8001	02
7303	F9EA	8000	85
7303	F9F0	8001	0A
7303	F8DB	8000	87
7304	FA23	8000	80
7304	FA29	8001	FC
7304	FA2E	8000	81
7304	FA34	8001	E2
7304	FA39	8000	82
7304	FA3F	8001	A2
7304	FA44	8000	83
7304	FA4A	8001	35
7304	FA4F	8000	84
7304	FA55	8001	B7
7304	FA5A	8000	85
7304	FA60	8001	BD
7304	FADD	8000	86
7304	FAE2	8001	18
7304	FAE9	8000	87
7304	FAEE	8001	19
7304	BF0A	8000	86
7304	C8E1	8001	00
7304	C8E6	8000	87
7304	C8EB	8001	01
7304	C900	8000	86
7304	C905	8001	18
7304	C90A	8000	87
7304	C90F	8001	19
7304	BF0A	8000	86
7304	C8E1	8001	00
7304	C8E6	8000	87
7304	C8EB	8001	01
7304	C900	8000	86
7304	C905	8001	18
7304	C90A	8000	87
7304	C90F	8001	19
7304	BF0A	8000	86
7304	C8E1	8001	00
7304	C8E6	8000	87
7304	C8EB	8001	01
7304	C900	8000	86
7304	C905	8001	18
7304	C90A	8000	87
7304	C90F	8001	19
7304	BF0A	8000	86
7304	C8E1	8001	00
7304	C8E6	8000	87
7304	C8EB	8001	01
7304	C900	8000	86
7304	C905	8001	18
7304	C90A	8000	87
7304	C90F	8001	19
7304	BF0A	8000	86
7304	C8E1	8001	00
7304	C8E6	8000	87
7304	C8EB	8001	01
7304	C900	8000	86
7304	C905	8001	18
7304	C90A	8000	87
7304	C90F	8001	19
7304	FAF8	8000	86
7304	FAFE	8001	28
7304	FB05	8000	87
7304	FB0B	8001	29
7304	FDA9	8000	86
7304	FDB1	8001	06
7304	FDBA	8000	87
7304	FDC2	8001	07
7304	FC3F	8000	86
7304	FC48	8001	06
7304	FC4F	8000	87
7304	FC58	8001	07
7304	FDA9	8000	86
7304	FDB1	8001	18
7304	FDBA	8000	87
7304	FDC2	8001	19
7304	FDA9	8000	86
7304	FDB1	8001	28
7304	FDBA	8000	87
7304	FDC2	8001	29
7304	FDA9	8000	86
7304	FDB1	8001	28
7304	FDBA	8000	87
7304	FDC2	8001	29
7304	F9B3	8000	80
7304	F9B9	8001	FC
7304	F9BE	8000	81
7304	F9C4	8001	0A
7304	F9C9	8000	82
7304	F9CF	8001	A2
7304	F9D4	8000	83
7304	F9DA	8001	01
7304	F9DF	8000	84
7304	F9E5	8001	02
7304	F9EA	8000	85
7304	F9F0	8001	0A
7304	F8DB	8000	87
7304	F9B3	8000	80
7304	F9B9	8001	FC
7304	F9BE	8000	81
7304	F9C4	8001	0A
7304	F9C9	8000	82
7304	F9CF	8001	00
7304	F9D4	8000	83
7304	F9DA	8001	01
7304	F9DF	8000	84
7304	F9E5	8001	02
7304	F9EA	8000	85
7304	F9F0	8001	0A
7304	F8DB	8000	87
7305	FA23	8000	80
7305	FA29	8001	FC
7305	FA2E	8000	81
7305	FA34	8001	E2
7305	FA39	8000	82
7305	FA3F	8001	A2
7305	FA44	8000	83
7305	FA4A	8001	35
7305	FA4F	8000	84
7305	FA55	8001	B7
7305	FA5A	8000	85
7305	FA60	8001	BD
7305	FADD	8000	86
7305	FAE2	8001	18
7305	FAE9	8000	87
7305	FAEE	8001	19
7305	FAF8	8000	86
7305	FAFE	8001	28
7305	FB05	8000	87
7305	FB0B	8001	29
7305	FDA9	8000	86
7305	FDB1	8001	06
7305	FDBA	8000	87
7305	FDC2	8001	07
7305	FC3F	8000	86
7305	FC48	8001	06
7305	FC4F	8000	87
7305	FC58	8001	07
7305	FDA9	8000	86
7305	FDB1	8001	18
7305	FDBA	8000	87
7305	FDC2	8001	19
7305	FDA9	8000	86
7305	FDB1	8001	28
7305	FDBA	8000	87
7305	FDC2	8001	29
7305	FDA9	8000	86
7305	FDB1	8001	28
7305	FDBA	8000	87
7305	FDC2	8001	29
7305	F9B3	8000	80
7305	F9B9	8001	FC
7305	F9BE	8000	81
7305	F9C4	8001	0A
7305	F9C9	8000	82
7305	F9CF	8001	A2
7305	F9D4	8000	83
7305	F9DA	8001	01
7305	F9DF	8000	84
7305	F9E5	8001	02
7305	F9EA	8000	85
7305	F9F0	8001	0A
7305	F8DB	8000	87
7305	F9B3	8000	80
7305	F9B9	8001	FC
7305	F9BE	8000	81
7305	F9C4	8001	0A
7305	F9C9	8000	82
7305	F9CF	8001	00
7305	F9D4	8000	83
7305	F9DA	8001	01
7305	F9DF	8000	84
7305	F9E5	8001	02
7305	F9EA	8000	85
7305	F9F0	8001	0A
7305	F8DB	8000	87
7306	FA23	8000	80
7306	FA29	8001	FC
7306	FA2E	8000	81
7306	FA34	8001	E2
7306	FA39	8000	82
7306	FA3F	8001	A2
7306	FA44	8000	83
7306	FA4A	8001	35
7306	FA4F	8000	84
7306	FA55	8001	B7
7306	FA5A	8000	85
7306	FA60	8001	BD
7306	FADD	8000	86
7306	FAE2	8001	18
7306	FAE9	8000	87
7306	FAEE	8001	19
7306	FAF8	8000	86
7306	FAFE	8001	28
7306	FB05	8000	87
7306	FB0B	8001	29
7306	FDA9	8000	86
7306	FDB1	8001	06
7306	FDBA	8000	87
7306	FDC2	8001	07
7306	FC3F	8000	86
7306	FC48	8001	06
7306	FC4F	8000	87
7306	FC58	8001	07
7306	FDA9	8000	86
7306	FDB1	8001	18
7306	FDBA	8000	87
7306	FDC2	8001	19
7306	FDA9	8000	86
7306	FDB1	8001	28
7306	FDBA	8000	87
7306	FDC2	8001	29
7306	FDA9	8000	86
7306	FDB1	8001	28
7306	FDBA	8000	87
7306	FDC2	8001	29
7306	F9B3	8000	80
7306	F9B9	8001	FC
7306	F9BE	8000	81
7306	F9C4	8001	0A
7306	F9C9	8000	82
7306	F9CF	8001	A2
7306	F9D4	8000	83
7306	F9DA	8001	01
7306	F9DF	8000	84
7306	F9E5	8001	02
7306	F9EA	8000	85
7306	F9F0	8001	0A
7306	F8DB	8000	87
7306	F9B3	8000	80
7306	F9B9	8001	FC
7306	F9BE	8000	81
7306	F9C4	8001	0A
7306	F9C9	8000	82
7306	F9CF	8001	00
7306	F9D4	8000	83
7306	F9DA	8001	01
7306	F9DF	8000	84
7306	F9E5	8001	02
7306	F9EA	8000	85
7306	F9F0	8001	0A
7306	F8DB	8000	87
7307	FA23	8000	80
7307	FA29	8001	FC
7307	FA2E	8000	81
7307	FA34	8001	E2
7307	FA39	8000	82
7307	FA3F	8001	A2
7307	FA44	8000	83
7307	FA4A	8001	35
7307	FA4F	8000	84
7307	FA55	8001	B7
7307	FA5A	8000	85
7307	FA60	8001	BD
7307	FADD	8000	86
7307	FAE2	8001	18
7307	FAE9	8000	87
7307	FAEE	8001	19
7307	FAF8	8000	86
7307	FAFE	8001	28
7307	FB05	8000	87
7307	FB0B	8001	29
7307	FDA9	8000	86
7307	FDB1	8001	06
7307	FDBA	8000	87
7307	FDC2	8001	07
7307	FC3F	8000	86
7307	FC48	8001	06
7307	FC4F	8000	87
7307	FC58	8001	07
7307	FDA9	8000	86
7307	FDB1	8001	18
7307	FDBA	8000	87
7307	FDC2	8001	19
7307	FDA9	8000	86
7307	FDB1	8001	28
7307	FDBA	8000	87
7307	FDC2	8001	29
7307	FDA9	8000	86
7307	FDB1	8001	28
7307	FDBA	8000	87
7307	FDC2	8001	29
7307	F9B3	8000	80
7307	F9B9	8001	FC
7307	F9BE	8000	81
7307	F9C4	8001	0A
7307	F9C9	8000	82
7307	F9CF	8001	A2
7307	F9D4	8000	83
7307	F9DA	8001	01
7307	F9DF	8000	84
7307	F9E5	8001	02
7307	F9EA	8000	85
7307	F9F0	8001	0A
7307	F8DB	8000	87
7307	F9B3	8000	80
7307	F9B9	8001	FC
7307	F9BE	8000	81
7307	F9C4	8001	0A
7307	F9C9	8000	82
7307	F9CF	8001	00
7307	F9D4	8000	83
7307	F9DA	8001	01
7307	F9DF	8000	84
7307	F9E5	8001	02
7307	F9EA	8000	85
7307	F9F0	8001	0A
7307	F8DB	8000	87
7308	FA23	8000	80
7308	FA29	8001	FC
7308	FA2E	8000	81
7308	FA34	8001	E2
7308	FA39	8000	82
7308	FA3F	8001	A2
7308	FA44	8000	83
7308	FA4A	8001	35
7308	FA4F	8000	84
7308	FA55	8001	B7
7308	FA5A	8000	85
7308	FA60	8001	BD
7308	FADD	8000	86
7308	FAE2	8001	18
7308	FAE9	8000	87
7308	FAEE	8001	19
7308	FAF8	8000	86
7308	FAFE	8001	28
7308	FB05	8000	87
7308	FB0B	8001	29
7308	FDA9	8000	86
7308	FDB1	8001	06
7308	FDBA	8000	87
7308	FDC2	8001	07
7308	FC3F	8000	86
7308	FC48	8001	06
7308	FC4F	8000	87
7308	FC58	8001	07
7308	FDA9	8000	86
7308	FDB1	8001	18
7308	FDBA	8000	87
7308	FDC2	8001	19
7308	FDA9	8000	86
7308	FDB1	8001	28
7308	FDBA	8000	87
7308	FDC2	8001	29
7308	FDA9	8000	86
7308	FDB1	8001	28
7308	FDBA	8000	87
7308	FDC2	8001	29
7308	F9B3	8000	80
7308	F9B9	8001	FC
7308	F9BE	8000	81
7308	F9C4	8001	0A
7308	F9C9	8000	82
7308	F9CF	8001	A2
7308	F9D4	8000	83
7308	F9DA	8001	01
7308	F9DF	8000	84
7308	F9E5	8001	02
7308	F9EA	8000	85
7308	F9F0	8001	0A
7308	F8DB	8000	87
7308	F9B3	8000	80
7308	F9B9	8001	FC
7308	F9BE	8000	81
7308	F9C4	8001	0A
7308	F9C9	8000	82
7308	F9CF	8001	00
7308	F9D4	8000	83
7308	F9DA	8001	01
7308	F9DF	8000	84
7308	F9E5	8001	02
7308	F9EA	8000	85
7308	F9F0	8001	0A
7308	F8DB	8000	87
7309	FA23	8000	80
7309	FA29	8001	FC
7309	FA2E	8000	81
7309	FA34	8001	E2
7309	FA39	8000	82
7309	FA3F	8001	A2
7309	FA44	8000	83
7309	FA4A	8001	35
7309	FA4F	8000	84
7309	FA55	8001	B7
7309	FA5A	8000	85
7309	FA60	8001	BD
7309	FADD	8000	86
7309	FAE2	8001	18
7309	FAE9	8000	87
7309	FAEE	8001	19
7309	BF0A	8000	86
7309	C8E1	8001	00
7309	C8E6	8000	87
7309	C8EB	8001	01
7309	C900	8000	86
7309	C905	8001	18
7309	C90A	8000	87
7309	C90F	8001	19
7309	BF0A	8000	86
7309	C8E1	8001	00
7309	C8E6	8000	87
7309	C8EB	8001	01
7309	C900	8000	86
7309	C905	8001	18
7309	C90A	8000	87
7309	C90F	8001	19
7309	BF0A	8000	86
7309	C8E1	8001	00
7309	C8E6	8000	87
7309	C8EB	8001	01
7309	C900	8000	86
7309	C905	8001	18
7309	C90A	8000	87
7309	C90F	8001	19
7309	FAF8	8000	86
7309	FAFE	8001	28
7309	FB05	8000	87
7309	FB0B	8001	29
7309	FDA9	8000	86
7309	FDB1	8001	06
7309	FDBA	8000	87
7309	FDC2	8001	07
7309	FC3F	8000	86
7309	FC48	8001	06
7309	FC4F	8000	87
7309	FC58	8001	07
7309	FDA9	8000	86
7309	FDB1	8001	18
7309	FDBA	8000	87
7309	FDC2	8001	19
7309	FDA9	8000	86
7309	FDB1	8001	28
7309	FDBA	8000	87
7309	FDC2	8001	29
7309	FDA9	8000	86
7309	FDB1	8001	28
7309	FDBA	8000	87
7309	FDC2	8001	29
7309	F9B3	8000	80
7309	F9B9	8001	FC
7309	F9BE	8000	81
7309	F9C4	8001	0A
7309	F9C9	8000	82
7309	F9CF	8001	A2
7309	F9D4	8000	83
7309	F9DA	8001	01
7309	F9DF	8000	84
7309	F9E5	8001	02
7309	F9EA	8000	85
7309	F9F0	8001	0A
7309	F8DB	8000	87
7309	F9B3	8000	80
7309	F9B9	8001	FC
7309	F9BE	8000	81
7309	F9C4	8001	0A
7309	F9C9	8000	82
7309	F9CF	8001	00
7309	F9D4	8000	83
7309	F9DA	8001	01
7309	F9DF	8000	84
7309	F9E5	8001	02
7309	F9EA	8000	85
7309	F9F0	8001	0A
7309	F8DB	8000	87
7310	FA23	8000	80
7310	FA29	8001	FC
7310	FA2E	8000	81
7310	FA34	8001	E2
7310	FA39	8000	82
7310	FA3F	8001	A2
7310	FA44	8000	83
7310	FA4A	8001	35
7310	FA4F	8000	84
7310	FA55	8001	B7
7310	FA5A	8000	85
7310	FA60	8001	BD
7310	FADD	8000	86
7310	FAE2	8001	18
7310	FAE9	8000	87
7310	FAEE	8001	19
7310	FAF8	8000	86
7310	FAFE	8001	28
7310	FB05	8000	87
7310	FB0B	8001	29
7310	FDA9	8000	86
7310	FDB1	8001	06
7310	FDBA	8000	87
7310	FDC2	8001	07
7310	FC3F	8000	86
7310	FC48	8001	06
7310	FC4F	8000	87
7310	FC58	8001	07
7310	FDA9	8000	86
7310	FDB1	8001	18
7310	FDBA	8000	87
7310	FDC2	8001	19
7310	FDA9	8000	86
7310	FDB1	8001	28
7310	FDBA	8000	87
7310	FDC2	8001	29
7310	FDA9	8000	86
7310	FDB1	8001	28
7310	FDBA	8000	87
7310	FDC2	8001	29
7310	F9B3	8000	80
7310	F9B9	8001	FC
7310	F9BE	8000	81
7310	F9C4	8001	0A
7310	F9C9	8000	82
7310	F9CF	8001	A2
7310	F9D4	8000	83
7310	F9DA	8001	01
7310	F9DF	8000	84
7310	F9E5	8001	02
7310	F9EA	8000	85
7310	F9F0	8001	0A
7310	F8DB	8000	87
7310	F9B3	8000	80
7310	F9B9	8001	FC
7310	F9BE	8000	81
7310	F9C4	8001	0A
7310	F9C9	8000	82
7310	F9CF	8001	00
7310	F9D4	8000	83
7310	F9DA	8001	01
7310	F9DF	8000	84
7310	F9E5	8001	02
7310	F9EA	8000	85
7310	F9F0	8001	0A
7310	F8DB	8000	87
7311	FA23	8000	80
7311	FA29	8001	FC
7311	FA2E	8000	81
7311	FA34	8001	E2
7311	FA39	8000	82
7311	FA3F	8001	A2
7311	FA44	8000	83
7311	FA4A	8001	35
7311	FA4F	8000	84
7311	FA55	8001	B7
7311	FA5A	8000	85
7311	FA60	8001	BD
7311	FADD	8000	86
7311	FAE2	8001	18
7311	FAE9	8000	87
7311	FAEE	8001	19
7311	FAF8	8000	86
7311	FAFE	8001	28
7311	FB05	8000	87
7311	FB0B	8001	29
7311	FDA9	8000	86
7311	FDB1	8001	06
7311	FDBA	8000	87
7311	FDC2	8001	07
7311	FC3F	8000	86
7311	FC48	8001	06
7311	FC4F	8000	87
7311	FC58	8001	07
7311	FDA9	8000	86
7311	FDB1	8001	18
7311	FDBA	8000	87
7311	FDC2	8001	19
7311	FDA9	8000	86
7311	FDB1	8001	28
7311	FDBA	8000	87
7311	FDC2	8001	29
7311	FDA9	8000	86
7311	FDB1	8001	28
7311	FDBA	8000	87
7311	FDC2	8001	29
7311	F9B3	8000	80
7311	F9B9	8001	FC
7311	F9BE	8000	81
7311	F9C4	8001	0A
7311	F9C9	8000	82
7311	F9CF	8001	A2
7311	F9D4	8000	83
7311	F9DA	8001	01
7311	F9DF	8000	84
7311	F9E5	8001	02
7311	F9EA	8000	85
7311	F9F0	8001	0A
7311	F8DB	8000	87
7311	F9B3	8000	80
7311	F9B9	8001	FC
7311	F9BE	8000	81
7311	F9C4	8001	0A
7311	F9C9	8000	82
7311	F9CF	8001	00
7311	F9D4	8000	83
7311	F9DA	8001	01
7311	F9DF	8000	84
7311	F9E5	8001	02
7311	F9EA	8000	85
7311	F9F0	8001	0A
7311	F8DB	8000	87
7312	FA23	8000	80
7312	FA29	8001	FC
7312	FA2E	8000	81
7312	FA34	8001	E2
7312	FA39	8000	82
7312	FA3F	8001	A2
7312	FA44	8000	83
7312	FA4A	8001	35
7312	FA4F	8000	84
7312	FA55	8001	B7
7312	FA5A	8000	85
7312	FA60	8001	BD
7312	FADD	8000	86
7312	FAE2	8001	18
7312	FAE9	8000	87
7312	FAEE	8001	19
7312	FAF8	8000	86
7312	FAFE	8001	28
7312	FB05	8000	87
7312	FB0B	8001	29
7312	FDA9	8000	86
7312	FDB1	8001	06
7312	FDBA	8000	87
7312	FDC2	8001	07
7312	FC3F	8000	86
7312	FC48	8001	06
7312	FC4F	8000	87
7312	FC58	8001	07
7312	FDA9	8000	86
7312	FDB1	8001	18
7312	FDBA	8000	87
7312	FDC2	8001	19
7312	FDA9	8000	86
7312	FDB1	8001	28
7312	FDBA	8000	87
7312	FDC2	8001	29
7312	FDA9	8000	86
7312	FDB1	8001	28
7312	FDBA	8000	87
7312	FDC2	8001	29
7312	F9B3	8000	80
7312	F9B9	8001	FC
7312	F9BE	8000	81
7312	F9C4	8001	0A
7312	F9C9	8000	82
7312	F9CF	8001	A2
7312	F9D4	8000	83
7312	F9DA	8001	01
7312	F9DF	8000	84
7312	F9E5	8001	02
7312	F9EA	8000	85
7312	F9F0	8001	0A
7312	F8DB	8000	87
7312	F9B3	8000	80
7312	F9B9	8001	FC
7312	F9BE	8000	81
7312	F9C4	8001	0A
7312	F9C9	8000	82
7312	F9CF	8001	00
7312	F9D4	8000	83
7312	F9DA	8001	01
7312	F9DF	8000	84
7312	F9E5	8001	02
7312	F9EA	8000	85
7312	F9F0	8001	0A
7312	F8DB	8000	87
7313	FA23	8000	80
7313	FA29	8001	FC
7313	FA2E	8000	81
7313	FA34	8001	E2
7313	FA39	8000	82
7313	FA3F	8001	A2
7313	FA44	8000	83
7313	FA4A	8001	35
7313	FA4F	8000	84
7313	FA55	8001	B7
7313	FA5A	8000	85
7313	FA60	8001	BD
7313	FADD	8000	86
7313	FAE2	8001	18
7313	FAE9	8000	87
7313	FAEE	8001	19
7313	FAF8	8000	86
7313	FAFE	8001	28
7313	FB05	8000	87
7313	FB0B	8001	29
7313	FDA9	8000	86
7313	FDB1	8001	06
7313	FDBA	8000	87
7313	FDC2	8001	07
7313	FC3F	8000	86
7313	FC48	8001	06
7313	FC4F	8000	87
7313	FC58	8001	07
7313	FDA9	8000	86
7313	FDB1	8001	18
7313	FDBA	8000	87
7313	FDC2	8001	19
7313	FDA9	8000	86
7313	FDB1	8001	28
7313	FDBA	8000	87
7313	FDC2	8001	29
7313	FDA9	8000	86
7313	FDB1	8001	28
7313	FDBA	8000	87
7313	FDC2	8001	29
7313	F9B3	8000	80
7313	F9B9	8001	FC
7313	F9BE	8000	81
7313	F9C4	8001	0A
7313	F9C9	8000	82
7313	F9CF	8001	A2
7313	F9D4	8000	83
7313	F9DA	8001	01
7313	F9DF	8000	84
7313	F9E5	8001	02
7313	F9EA	8000	85
7313	F9F0	8001	0A
7313	F8DB	8000	87
7313	F9B3	8000	80
7313	F9B9	8001	FC
7313	F9BE	8000	81
7313	F9C4	8001	0A
7313	F9C9	8000	82
7313	F9CF	8001	00
7313	F9D4	8000	83
7313	F9DA	8001	01
7313	F9DF	8000	84
7313	F9E5	8001	02
7313	F9EA	8000	85
7313	F9F0	8001	0A
7313	F8DB	8000	87
7314	FA23	8000	80
7314	FA29	8001	FC
7314	FA2E	8000	81
7314	FA34	8001	E2
7314	FA39	8000	82
7314	FA3F	8001	A2
7314	FA44	8000	83
7314	FA4A	8001	35
7314	FA4F	8000	84
7314	FA55	8001	B7
7314	FA5A	8000	85
7314	FA60	8001	BD
7314	FADD	8000	86
7314	FAE2	8001	18
7314	FAE9	8000	87
7314	FAEE	8001	19
7314	BF0A	8000	86
7314	C8E1	8001	00
7314	C8E6	8000	87
7314	C8EB	8001	01
7314	C900	8000	86
7314	C905	8001	18
7314	C90A	8000	87
7314	C90F	8001	19
7314	BF0A	8000	86
7314	C8E1	8001	00
7314	C8E6	8000	87
7314	C8EB	8001	01
7314	C900	8000	86
7314	C905	8001	18
7314	C90A	8000	87
7314	C90F	8001	19
7314	BF0A	8000	86
7314	C8E1	8001	00
7314	C8E6	8000	87
7314	C8EB	8001	01
7314	C900	8000	86
7314	C905	8001	18
7314	C90A	8000	87
7314	C90F	8001	19
7314	BF0A	8000	86
7314	C8E1	8001	00
7314	C8E6	8000	87
7314	C8EB	8001	01
7314	C900	8000	86
7314	C905	8001	18
7314	C90A	8000	87
7314	C90F	8001	19
7314	BF0A	8000	86
7314	C8E1	8001	00
7314	C8E6	8000	87
7314	C8EB	8001	01
7314	C900	8000	86
7314	C905	8001	18
7314	C90A	8000	87
7314	C90F	8001	19
7314	FAF8	8000	86
7314	FAFE	8001	28
7314	FB05	8000	87
7314	FB0B	8001	29
7314	FDA9	8000	86
7314	FDB1	8001	06
7314	FDBA	8000	87
7314	FDC2	8001	07
7314	FC3F	8000	86
7314	FC48	8001	06
7314	FC4F	8000	87
7314	FC58	8001	07
7314	FDA9	8000	86
7314	FDB1	8001	18
7314	FDBA	8000	87
7314	FDC2	8001	19
7314	FDA9	8000	86
7314	FDB1	8001	28
7314	FDBA	8000	87
7314	FDC2	8001	29
7314	FDA9	8000	86
7314	FDB1	8001	28
7314	FDBA	8000	87
7314	FDC2	8001	29
7314	F9B3	8000	80
7314	F9B9	8001	FC
7314	F9BE	8000	81
7314	F9C4	8001	0A
7314	F9C9	8000	82
7314	F9CF	8001	A2
7314	F9D4	8000	83
7314	F9DA	8001	01
7314	F9DF	8000	84
7314	F9E5	8001	02
7314	F9EA	8000	85
7314	F9F0	8001	0A
7314	F8DB	8000	87
7314	F9B3	8000	80
7314	F9B9	8001	FC
7314	F9BE	8000	81
7314	F9C4	8001	0A
7314	F9C9	8000	82
7314	F9CF	8001	00
7314	F9D4	8000	83
7314	F9DA	8001	01
7314	F9DF	8000	84
7314	F9E5	8001	02
7314	F9EA	8000	85
7314	F9F0	8001	0A
7314	F8DB	8000	87
7315	FA23	8000	80
7315	FA29	8001	FC
7315	FA2E	8000	81
7315	FA34	8001	E2
7315	FA39	8000	82
7315	FA3F	8001	A2
7315	FA44	8000	83
7315	FA4A	8001	35
7315	FA4F	8000	84
7315	FA55	8001	B7
7315	FA5A	8000	85
7315	FA60	8001	BD
7315	FADD	8000	86
7315	FAE2	8001	18
7315	FAE9	8000	87
7315	FAEE	8001	19
7315	FAF8	8000	86
7315	FAFE	8001	28
7315	FB05	8000	87
7315	FB0B	8001	29
7315	FDA9	8000	86
7315	FDB1	8001	06
7315	FDBA	8000	87
7315	FDC2	8001	07
7315	FC3F	8000	86
7315	FC48	8001	06
7315	FC4F	8000	87
7315	FC58	8001	07
7315	FDA9	8000	86
7315	FDB1	8001	18
7315	FDBA	8000	87
7315	FDC2	8001	19
7315	FDA9	8000	86
7315	FDB1	8001	28
7315	FDBA	8000	87
7315	FDC2	8001	29
7315	FDA9	8000	86
7315	FDB1	8001	28
7315	FDBA	8000	87
7315	FDC2	8001	29
7315	F9B3	8000	80
7315	F9B9	8001	FC
7315	F9BE	8000	81
7315	F9C4	8001	0A
7315	F9C9	8000	82
7315	F9CF	8001	A2
7315	F9D4	8000	83
7315	F9DA	8001	01
7315	F9DF	8000	84
7315	F9E5	8001	02
7315	F9EA	8000	85
7315	F9F0	8001	0A
7315	F8DB	8000	87
7315	F9B3	8000	80
7315	F9B9	8001	FC
7315	F9BE	8000	81
7315	F9C4	8001	0A
7315	F9C9	8000	82
7315	F9CF	8001	00
7315	F9D4	8000	83
7315	F9DA	8001	01
7315	F9DF	8000	84
7315	F9E5	8001	02
7315	F9EA	8000	85
7315	F9F0	8001	0A
7315	F8DB	8000	87
7316	FA23	8000	80
7316	FA29	8001	FC
7316	FA2E	8000	81
7316	FA34	8001	E2
7316	FA39	8000	82
7316	FA3F	8001	A2
7316	FA44	8000	83
7316	FA4A	8001	35
7316	FA4F	8000	84
7316	FA55	8001	B7
7316	FA5A	8000	85
7316	FA60	8001	BD
7316	FADD	8000	86
7316	FAE2	8001	18
7316	FAE9	8000	87
7316	FAEE	8001	19
7316	FAF8	8000	86
7316	FAFE	8001	28
7316	FB05	8000	87
7316	FB0B	8001	29
7316	FDA9	8000	86
7316	FDB1	8001	06
7316	FDBA	8000	87
7316	FDC2	8001	07
7316	FC3F	8000	86
7316	FC48	8001	06
7316	FC4F	8000	87
7316	FC58	8001	07
7316	FDA9	8000	86
7316	FDB1	8001	18
7316	FDBA	8000	87
7316	FDC2	8001	19
7316	FDA9	8000	86
7316	FDB1	8001	28
7316	FDBA	8000	87
7316	FDC2	8001	29
7316	FDA9	8000	86
7316	FDB1	8001	28
7316	FDBA	8000	87
7316	FDC2	8001	29
7316	F9B3	8000	80
7316	F9B9	8001	FC
7316	F9BE	8000	81
7316	F9C4	8001	0A
7316	F9C9	8000	82
7316	F9CF	8001	A2
7316	F9D4	8000	83
7316	F9DA	8001	01
7316	F9DF	8000	84
7316	F9E5	8001	02
7316	F9EA	8000	85
7316	F9F0	8001	0A
7316	F8DB	8000	87
7316	F9B3	8000	80
7316	F9B9	8001	FC
7316	F9BE	8000	81
7316	F9C4	8001	0A
7316	F9C9	8000	82
7316	F9CF	8001	00
7316	F9D4	8000	83
7316	F9DA	8001	01
7316	F9DF	8000	84
7316	F9E5	8001	02
7316	F9EA	8000	85
7316	F9F0	8001	0A
7316	F8DB	8000	87
7317	FA23	8000	80
7317	FA29	8001	FC
7317	FA2E	8000	81
7317	FA34	8001	E2
7317	FA39	8000	82
7317	FA3F	8001	A2
7317	FA44	8000	83
7317	FA4A	8001	35
7317	FA4F	8000	84
7317	FA55	8001	B7
7317	FA5A	8000	85
7317	FA60	8001	BD
7317	FADD	8000	86
7317	FAE2	8001	18
7317	FAE9	8000	87
7317	FAEE	8001	19
7317	FAF8	8000	86
7317	FAFE	8001	28
7317	FB05	8000	87
7317	FB0B	8001	29
7317	FDA9	8000	86
7317	FDB1	8001	06
7317	FDBA	8000	87
7317	FDC2	8001	07
7317	FC3F	8000	86
7317	FC48	8001	06
7317	FC4F	8000	87
7317	FC58	8001	07
7317	FDA9	8000	86
7317	FDB1	8001	18
7317	FDBA	8000	87
7317	FDC2	8001	19
7317	FDA9	8000	86
7317	FDB1	8001	28
7317	FDBA	8000	87
7317	FDC2	8001	29
7317	FDA9	8000	86
7317	FDB1	8001	28
7317	FDBA	8000	87
7317	FDC2	8001	29
7317	F9B3	8000	80
7317	F9B9	8001	FC
7317	F9BE	8000	81
7317	F9C4	8001	0A
7317	F9C9	8000	82
7317	F9CF	8001	A2
7317	F9D4	8000	83
7317	F9DA	8001	01
7317	F9DF	8000	84
7317	F9E5	8001	02
7317	F9EA	8000	85
7317	F9F0	8001	0A
7317	F8DB	8000	87
7317	F9B3	8000	80
7317	F9B9	8001	FC
7317	F9BE	8000	81
7317	F9C4	8001	0A
7317	F9C9	8000	82
7317	F9CF	8001	00
7317	F9D4	8000	83
7317	F9DA	8001	01
7317	F9DF	8000	84
7317	F9E5	8001	02
7317	F9EA	8000	85
7317	F9F0	8001	0A
7317	F8DB	8000	87
7318	FA23	8000	80
7318	FA29	8001	FC
7318	FA2E	8000	81
7318	FA34	8001	E2
7318	FA39	8000	82
7318	FA3F	8001	A2
7318	FA44	8000	83
7318	FA4A	8001	35
7318	FA4F	8000	84
7318	FA55	8001	B7
7318	FA5A	8000	85
7318	FA60	8001	BD
7318	FADD	8000	86
7318	FAE2	8001	18
7318	FAE9	8000	87
7318	FAEE	8001	19
7318	FAF8	8000	86
7318	FAFE	8001	28
7318	FB05	8000	87
7318	FB0B	8001	29
7318	FDA9	8000	86
7318	FDB1	8001	06
7318	FDBA	8000	87
7318	FDC2	8001	07
7318	FC3F	8000	86
7318	FC48	8001	06
7318	FC4F	8000	87
7318	FC58	8001	07
7318	FDA9	8000	86
7318	FDB1	8001	18
7318	FDBA	8000	87
7318	FDC2	8001	19
7318	FDA9	8000	86
7318	FDB1	8001	28
7318	FDBA	8000	87
7318	FDC2	8001	29
7318	FDA9	8000	86
7318	FDB1	8001	28
7318	FDBA	8000	87
7318	FDC2	8001	29
7318	F9B3	8000	80
7318	F9B9	8001	FC
7318	F9BE	8000	81
7318	F9C4	8001	0A
7318	F9C9	8000	82
7318	F9CF	8001	A2
7318	F9D4	8000	83
7318	F9DA	8001	01
7318	F9DF	8000	84
7318	F9E5	8001	02
7318	F9EA	8000	85
7318	F9F0	8001	0A
7318	F8DB	8000	87
7318	F9B3	8000	80
7318	F9B9	8001	FC
7318	F9BE	8000	81
7318	F9C4	8001	0A
7318	F9C9	8000	82
7318	F9CF	8001	00
7318	F9D4	8000	83
7318	F9DA	8001	01
7318	F9DF	8000	84
7318	F9E5	8001	02
7318	F9EA	8000	85
7318	F9F0	8001	0A
7318	F8DB	8000	87
7319	FA23	8000	80
7319	FA29	8001	FC
7319	FA2E	8000	81
7319	FA34	8001	E2
7319	FA39	8000	82
7319	FA3F	8001	A2
7319	FA44	8000	83
7319	FA4A	8001	35
7319	FA4F	8000	84
7319	FA55	8001	B7
7319	FA5A	8000	85
7319	FA60	8001	BD
7319	FADD	8000	86
7319	FAE2	8001	18
7319	FAE9	8000	87
7319	FAEE	8001	19
7319	BF0A	8000	86
7319	C8E1	8001	00
7319	C8E6	8000	87
7319	C8EB	8001	01
7319	C900	8000	86
7319	C905	8001	18
7319	C90A	8000	87
7319	C90F	8001	19
7319	BF0A	8000	86
7319	C8E1	8001	00
7319	C8E6	8000	87
7319	C8EB	8001	01
7319	C900	8000	86
7319	C905	8001	18
7319	C90A	8000	87
7319	C90F	8001	19
7319	BF0A	8000	86
7319	C8E1	8001	00
7319	C8E6	8000	87
7319	C8EB	8001	01
7319	C900	8000	86
7319	C905	8001	18
7319	C90A	8000	87
7319	C90F	8001	19
7319	FAF8	8000	86
7319	FAFE	8001	28
7319	FB05	8000	87
7319	FB0B	8001	29
7319	FDA9	8000	86
7319	FDB1	8001	06
7319	FDBA	8000	87
7319	FDC2	8001	07
7319	FC3F	8000	86
7319	FC48	8001	06
7319	FC4F	8000	87
7319	FC58	8001	07
7319	FDA9	8000	86
7319	FDB1	8001	18
7319	FDBA	8000	87
7319	FDC2	8001	19
7319	FDA9	8000	86
7319	FDB1	8001	28
7319	FDBA	8000	87
7319	FDC2	8001	29
7319	FDA9	8000	86
7319	FDB1	8001	28
7319	FDBA	8000	87
7319	FDC2	8001	29
7319	F9B3	8000	80
7319	F9B9	8001	FC
7319	F9BE	8000	81
7319	F9C4	8001	0A
7319	F9C9	8000	82
7319	F9CF	8001	A2
7319	F9D4	8000	83
7319	F9DA	8001	01
7319	F9DF	8000	84
7319	F9E5	8001	02
7319	F9EA	8000	85
7319	F9F0	8001	0A
7319	F8DB	8000	87
7319	F9B3	8000	80
7319	F9B9	8001	FC
7319	F9BE	8000	81
7319	F9C4	8001	0A
7319	F9C9	8000	82
7319	F9CF	8001	00
7319	F9D4	8000	83
7319	F9DA	8001	01
7319	F9DF	8000	84
7319	F9E5	8001	02
7319	F9EA	8000	85
7319	F9F0	8001	0A
7319	F8DB	8000	87
7320	FA23	8000	80
7320	FA29	8001	FC
7320	FA2E	8000	81
7320	FA34	8001	E2
7320	FA39	8000	82
7320	FA3F	8001	A2
7320	FA44	8000	83
7320	FA4A	8001	35
7320	FA4F	8000	84
7320	FA55	8001	B7
7320	FA5A	8000	85
7320	FA60	8001	BD
7320	FADD	8000	86
7320	FAE2	8001	18
7320	FAE9	8000	87
7320	FAEE	8001	19
7320	FAF8	8000	86
7320	FAFE	8001	28
7320	FB05	8000	87
7320	FB0B	8001	29
7320	FDA9	8000	86
7320	FDB1	8001	06
7320	FDBA	8000	87
7320	FDC2	8001	07
7320	FC3F	8000	86
7320	FC48	8001	06
7320	FC4F	8000	87
7320	FC58	8001	07
7320	FDA9	8000	86
7320	FDB1	8001	18
7320	FDBA	8000	87
7320	FDC2	8001	19
7320	FDA9	8000	86
7320	FDB1	8001	28
7320	FDBA	8000	87
7320	FDC2	8001	29
7320	FDA9	8000	86
7320	FDB1	8001	28
7320	FDBA	8000	87
7320	FDC2	8001	29
7320	F9B3	8000	80
7320	F9B9	8001	FC
7320	F9BE	8000	81
7320	F9C4	8001	0A
7320	F9C9	8000	82
7320	F9CF	8001	A2
7320	F9D4	8000	83
7320	F9DA	8001	01
7320	F9DF	8000	84
7320	F9E5	8001	02
7320	F9EA	8000	85
7320	F9F0	8001	0A
7320	F8DB	8000	87
7320	F9B3	8000	80
7320	F9B9	8001	FC
7320	F9BE	8000	81
7320	F9C4	8001	0A
7320	F9C9	8000	82
7320	F9CF	8001	00
7320	F9D4	8000	83
7320	F9DA	8001	01
7320	F9DF	8000	84
7320	F9E5	8001	02
7320	F9EA	8000	85
7320	F9F0	8001	0A
7320	F8DB	8000	87
7321	FA23	8000	80
7321	FA29	8001	FC
7321	FA2E	8000	81
7321	FA34	8001	E2
7321	FA39	8000	82
7321	FA3F	8001	A2
7321	FA44	8000	83
7321	FA4A	8001	35
7321	FA4F	8000	84
7321	FA55	8001	B7
7321	FA5A	8000	85
7321	FA60	8001	BD
7321	FADD	8000	86
7321	FAE2	8001	18
7321	FAE9	8000	87
7321	FAEE	8001	19
7321	FAF8	8000	86
7321	FAFE	8001	28
7321	FB05	8000	87
7321	FB0B	8001	29
7321	FDA9	8000	86
7321	FDB1	8001	06
7321	FDBA	8000	87
7321	FDC2	8001	07
7321	FC3F	8000	86
7321	FC48	8001	06
7321	FC4F	8000	87
7321	FC58	8001	07
7321	FDA9	8000	86
7321	FDB1	8001	18
7321	FDBA	8000	87
7321	FDC2	8001	19
7321	FDA9	8000	86
7321	FDB1	8001	28
7321	FDBA	8000	87
7321	FDC2	8001	29
7321	FDA9	8000	86
7321	FDB1	8001	28
7321	FDBA	8000	87
7321	FDC2	8001	29
7321	F9B3	8000	80
7321	F9B9	8001	FC
7321	F9BE	8000	81
7321	F9C4	8001	0A
7321	F9C9	8000	82
7321	F9CF	8001	A2
7321	F9D4	8000	83
7321	F9DA	8001	01
7321	F9DF	8000	84
7321	F9E5	8001	02
7321	F9EA	8000	85
7321	F9F0	8001	0A
7321	F8DB	8000	87
7321	F9B3	8000	80
7321	F9B9	8001	FC
7321	F9BE	8000	81
7321	F9C4	8001	0A
7321	F9C9	8000	82
7321	F9CF	8001	00
7321	F9D4	8000	83
7321	F9DA	8001	01
7321	F9DF	8000	84
7321	F9E5	8001	02
7321	F9EA	8000	85
7321	F9F0	8001	0A
7321	F8DB	8000	87
7322	FA23	8000	80
7322	FA29	8001	FC
7322	FA2E	8000	81
7322	FA34	8001	E2
7322	FA39	8000	82
7322	FA3F	8001	A2
7322	FA44	8000	83
7322	FA4A	8001	35
7322	FA4F	8000	84
7322	FA55	8001	B7
7322	FA5A	8000	85
7322	FA60	8001	BD
7322	FADD	8000	86
7322	FAE2	8001	18
7322	FAE9	8000	87
7322	FAEE	8001	19
7322	FAF8	8000	86
7322	FAFE	8001	28
7322	FB05	8000	87
7322	FB0B	8001	29
7322	FDA9	8000	86
7322	FDB1	8001	06
7322	FDBA	8000	87
7322	FDC2	8001	07
7322	FC3F	8000	86
7322	FC48	8001	06
7322	FC4F	8000	87
7322	FC58	8001	07
7322	FDA9	8000	86
7322	FDB1	8001	18
7322	FDBA	8000	87
7322	FDC2	8001	19
7322	FDA9	8000	86
7322	FDB1	8001	28
7322	FDBA	8000	87
7322	FDC2	8001	29
7322	FDA9	8000	86
7322	FDB1	8001	28
7322	FDBA	8000	87
7322	FDC2	8001	29
7322	F9B3	8000	80
7322	F9B9	8001	FC
7322	F9BE	8000	81
7322	F9C4	8001	0A
7322	F9C9	8000	82
7322	F9CF	8001	A2
7322	F9D4	8000	83
7322	F9DA	8001	01
7322	F9DF	8000	84
7322	F9E5	8001	02
7322	F9EA	8000	85
7322	F9F0	8001	0A
7322	F8DB	8000	87
7322	F9B3	8000	80
7322	F9B9	8001	FC
7322	F9BE	8000	81
7322	F9C4	8001	0A
7322	F9C9	8000	82
7322	F9CF	8001	00
7322	F9D4	8000	83
7322	F9DA	8001	01
7322	F9DF	8000	84
7322	F9E5	8001	02
7322	F9EA	8000	85
7322	F9F0	8001	0A
7322	F8DB	8000	87
7323	FA23	8000	80
7323	FA29	8001	FC
7323	FA2E	8000	81
7323	FA34	8001	E2
7323	FA39	8000	82
7323	FA3F	8001	A2
7323	FA44	8000	83
7323	FA4A	8001	35
7323	FA4F	8000	84
7323	FA55	8001	B7
7323	FA5A	8000	85
7323	FA60	8001	BD
7323	FADD	8000	86
7323	FAE2	8001	18
7323	FAE9	8000	87
7323	FAEE	8001	19
7323	FAF8	8000	86
7323	FAFE	8001	28
7323	FB05	8000	87
7323	FB0B	8001	29
7323	FDA9	8000	86
7323	FDB1	8001	06
7323	FDBA	8000	87
7323	FDC2	8001	07
7323	FC3F	8000	86
7323	FC48	8001	06
7323	FC4F	8000	87
7323	FC58	8001	07
7323	FDA9	8000	86
7323	FDB1	8001	18
7323	FDBA	8000	87
7323	FDC2	8001	19
7323	FDA9	8000	86
7323	FDB1	8001	28
7323	FDBA	8000	87
7323	FDC2	8001	29
7323	FDA9	8000	86
7323	FDB1	8001	28
7323	FDBA	8000	87
7323	FDC2	8001	29
7323	F9B3	8000	80
7323	F9B9	8001	FC
7323	F9BE	8000	81
7323	F9C4	8001	0A
7323	F9C9	8000	82
7323	F9CF	8001	A2
7323	F9D4	8000	83
7323	F9DA	8001	01
7323	F9DF	8000	84
7323	F9E5	8001	02
7323	F9EA	8000	85
7323	F9F0	8001	0A
7323	F8DB	8000	87
7323	F9B3	8000	80
7323	F9B9	8001	FC
7323	F9BE	8000	81
7323	F9C4	8001	0A
7323	F9C9	8000	82
7323	F9CF	8001	00
7323	F9D4	8000	83
7323	F9DA	8001	01
7323	F9DF	8000	84
7323	F9E5	8001	02
7323	F9EA	8000	85
7323	F9F0	8001	0A
7323	F8DB	8000	87
7324	FA23	8000	80
7324	FA29	8001	FC
7324	FA2E	8000	81
7324	FA34	8001	E2
7324	FA39	8000	82
7324	FA3F	8001	A2
7324	FA44	8000	83
7324	FA4A	8001	35
7324	FA4F	8000	84
7324	FA55	8001	B7
7324	FA5A	8000	85
7324	FA60	8001	BD
7324	FADD	8000	86
7324	FAE2	8001	18
7324	FAE9	8000	87
7324	FAEE	8001	19
7324	BF0A	8000	86
7324	C8E1	8001	00
7324	C8E6	8000	87
7324	C8EB	8001	01
7324	C900	8000	86
7324	C905	8001	18
7324	C90A	8000	87
7324	C90F	8001	19
7324	BF0A	8000	86
7324	C8E1	8001	00
7324	C8E6	8000	87
7324	C8EB	8001	01
7324	C900	8000	86
7324	C905	8001	18
7324	C90A	8000	87
7324	C90F	8001	19
7324	BF0A	8000	86
7324	C8E1	8001	00
7324	C8E6	8000	87
7324	C8EB	8001	01
7324	C900	8000	86
7324	C905	8001	18
7324	C90A	8000	87
7324	C90F	8001	19
7324	BF0A	8000	86
7324	C8E1	8001	00
7324	C8E6	8000	87
7324	C8EB	8001	01
7324	C900	8000	86
7324	C905	8001	18
7324	C90A	8000	87
7324	C90F	8001	19
7324	BF0A	8000	86
7324	C8E1	8001	00
7324	C8E6	8000	87
7324	C8EB	8001	01
7324	C900	8000	86
7324	C905	8001	18
7324	C90A	8000	87
7324	C90F	8001	19
7324	FAF8	8000	86
7324	FAFE	8001	28
7324	FB05	8000	87
7324	FB0B	8001	29
7324	FDA9	8000	86
7324	FDB1	8001	06
7324	FDBA	8000	87
7324	FDC2	8001	07
7324	FC3F	8000	86
7324	FC48	8001	06
7324	FC4F	8000	87
7324	FC58	8001	07
7324	FDA9	8000	86
7324	FDB1	8001	18
7324	FDBA	8000	87
7324	FDC2	8001	19
7324	FDA9	8000	86
7324	FDB1	8001	28
7324	FDBA	8000	87
7324	FDC2	8001	29
7324	FDA9	8000	86
7324	FDB1	8001	28
7324	FDBA	8000	87
7324	FDC2	8001	29
7324	F9B3	8000	80
7324	F9B9	8001	FC
7324	F9BE	8000	81
7324	F9C4	8001	0A
7324	F9C9	8000	82
7324	F9CF	8001	A2
7324	F9D4	8000	83
7324	F9DA	8001	01
7324	F9DF	8000	84
7324	F9E5	8001	02
7324	F9EA	8000	85
7324	F9F0	8001	0A
7324	F8DB	8000	87
7324	F9B3	8000	80
7324	F9B9	8001	FC
7324	F9BE	8000	81
7324	F9C4	8001	0A
7324	F9C9	8000	82
7324	F9CF	8001	00
7324	F9D4	8000	83
7324	F9DA	8001	01
7324	F9DF	8000	84
7324	F9E5	8001	02
7324	F9EA	8000	85
7324	F9F0	8001	0A
7324	F8DB	8000	87
7325	FA23	8000	80
7325	FA29	8001	FC
7325	FA2E	8000	81
7325	FA34	8001	E2
7325	FA39	8000	82
7325	FA3F	8001	A2
7325	FA44	8000	83
7325	FA4A	8001	35
7325	FA4F	8000	84
7325	FA55	8001	B7
7325	FA5A	8000	85
7325	FA60	8001	BD
7325	FADD	8000	86
7325	FAE2	8001	18
7325	FAE9	8000	87
7325	FAEE	8001	19
7325	FAF8	8000	86
7325	FAFE	8001	28
7325	FB05	8000	87
7325	FB0B	8001	29
7325	FDA9	8000	86
7325	FDB1	8001	06
7325	FDBA	8000	87
7325	FDC2	8001	07
7325	FC3F	8000	86
7325	FC48	8001	06
7325	FC4F	8000	87
7325	FC58	8001	07
7325	FDA9	8000	86
7325	FDB1	8001	18
7325	FDBA	8000	87
7325	FDC2	8001	19
7325	FDA9	8000	86
7325	FDB1	8001	28
7325	FDBA	8000	87
7325	FDC2	8001	29
7325	FDA9	8000	86
7325	FDB1	8001	28
7325	FDBA	8000	87
7325	FDC2	8001	29
7325	F9B3	8000	80
7325	F9B9	8001	FC
7325	F9BE	8000	81
7325	F9C4	8001	0A
7325	F9C9	8000	82
7325	F9CF	8001	A2
7325	F9D4	8000	83
7325	F9DA	8001	01
7325	F9DF	8000	84
7325	F9E5	8001	02
7325	F9EA	8000	85
7325	F9F0	8001	0A
7325	F8DB	8000	87
7325	F9B3	8000	80
7325	F9B9	8001	FC
7325	F9BE	8000	81
7325	F9C4	8001	0A
7325	F9C9	8000	82
7325	F9CF	8001	00
7325	F9D4	8000	83
7325	F9DA	8001	01
7325	F9DF	8000	84
7325	F9E5	8001	02
7325	F9EA	8000	85
7325	F9F0	8001	0A
7325	F8DB	8000	87
7326	FA23	8000	80
7326	FA29	8001	FC
7326	FA2E	8000	81
7326	FA34	8001	E2
7326	FA39	8000	82
7326	FA3F	8001	A2
7326	FA44	8000	83
7326	FA4A	8001	35
7326	FA4F	8000	84
7326	FA55	8001	B7
7326	FA5A	8000	85
7326	FA60	8001	BD
7326	FADD	8000	86
7326	FAE2	8001	18
7326	FAE9	8000	87
7326	FAEE	8001	19
7326	FAF8	8000	86
7326	FAFE	8001	28
7326	FB05	8000	87
7326	FB0B	8001	29
7326	FDA9	8000	86
7326	FDB1	8001	06
7326	FDBA	8000	87
7326	FDC2	8001	07
7326	FC3F	8000	86
7326	FC48	8001	06
7326	FC4F	8000	87
7326	FC58	8001	07
7326	FDA9	8000	86
7326	FDB1	8001	18
7326	FDBA	8000	87
7326	FDC2	8001	19
7326	FDA9	8000	86
7326	FDB1	8001	28
7326	FDBA	8000	87
7326	FDC2	8001	29
7326	FDA9	8000	86
7326	FDB1	8001	28
7326	FDBA	8000	87
7326	FDC2	8001	29
7326	F9B3	8000	80
7326	F9B9	8001	FC
7326	F9BE	8000	81
7326	F9C4	8001	0A
7326	F9C9	8000	82
7326	F9CF	8001	A2
7326	F9D4	8000	83
7326	F9DA	8001	01
7326	F9DF	8000	84
7326	F9E5	8001	02
7326	F9EA	8000	85
7326	F9F0	8001	0A
7326	F8DB	8000	87
7326	F9B3	8000	80
7326	F9B9	8001	FC
7326	F9BE	8000	81
7326	F9C4	8001	0A
7326	F9C9	8000	82
7326	F9CF	8001	00
7326	F9D4	8000	83
7326	F9DA	8001	01
7326	F9DF	8000	84
7326	F9E5	8001	02
7326	F9EA	8000	85
7326	F9F0	8001	0A
7326	F8DB	8000	87
7327	FA23	8000	80
7327	FA29	8001	FC
7327	FA2E	8000	81
7327	FA34	8001	E2
7327	FA39	8000	82
7327	FA3F	8001	A2
7327	FA44	8000	83
7327	FA4A	8001	35
7327	FA4F	8000	84
7327	FA55	8001	B7
7327	FA5A	8000	85
7327	FA60	8001	BD
7327	FADD	8000	86
7327	FAE2	8001	18
7327	FAE9	8000	87
7327	FAEE	8001	19
7327	FAF8	8000	86
7327	FAFE	8001	28
7327	FB05	8000	87
7327	FB0B	8001	29
7327	FDA9	8000	86
7327	FDB1	8001	06
7327	FDBA	8000	87
7327	FDC2	8001	07
7327	FC3F	8000	86
7327	FC48	8001	06
7327	FC4F	8000	87
7327	FC58	8001	07
7327	FDA9	8000	86
7327	FDB1	8001	18
7327	FDBA	8000	87
7327	FDC2	8001	19
7327	FDA9	8000	86
7327	FDB1	8001	28
7327	FDBA	8000	87
7327	FDC2	8001	29
7327	FDA9	8000	86
7327	FDB1	8001	28
7327	FDBA	8000	87
7327	FDC2	8001	29
7327	F9B3	8000	80
7327	F9B9	8001	FC
7327	F9BE	8000	81
7327	F9C4	8001	0A
7327	F9C9	8000	82
7327	F9CF	8001	A2
7327	F9D4	8000	83
7327	F9DA	8001	01
7327	F9DF	8000	84
7327	F9E5	8001	02
7327	F9EA	8000	85
7327	F9F0	8001	0A
7327	F8DB	8000	87
7327	F9B3	8000	80
7327	F9B9	8001	FC
7327	F9BE	8000	81
7327	F9C4	8001	0A
7327	F9C9	8000	82
7327	F9CF	8001	00
7327	F9D4	8000	83
7327	F9DA	8001	01
7327	F9DF	8000	84
7327	F9E5	8001	02
7327	F9EA	8000	85
7327	F9F0	8001	0A
7327	F8DB	8000	87
7328	FA23	8000	80
7328	FA29	8001	FC
7328	FA2E	8000	81
7328	FA34	8001	E2
7328	FA39	8000	82
7328	FA3F	8001	A2
7328	FA44	8000	83
7328	FA4A	8001	35
7328	FA4F	8000	84
7328	FA55	8001	B7
7328	FA5A	8000	85
7328	FA60	8001	BD
7328	FADD	8000	86
7328	FAE2	8001	18
7328	FAE9	8000	87
7328	FAEE	8001	19
7328	FAF8	8000	86
7328	FAFE	8001	28
7328	FB05	8000	87
7328	FB0B	8001	29
7328	FDA9	8000	86
7328	FDB1	8001	06
7328	FDBA	8000	87
7328	FDC2	8001	07
7328	FC3F	8000	86
7328	FC48	8001	06
7328	FC4F	8000	87
7328	FC58	8001	07
7328	FDA9	8000	86
7328	FDB1	8001	18
7328	FDBA	8000	87
7328	FDC2	8001	19
7328	FDA9	8000	86
7328	FDB1	8001	28
7328	FDBA	8000	87
7328	FDC2	8001	29
7328	FDA9	8000	86
7328	FDB1	8001	28
7328	FDBA	8000	87
7328	FDC2	8001	29
7328	F9B3	8000	80
7328	F9B9	8001	FC
7328	F9BE	8000	81
7328	F9C4	8001	0A
7328	F9C9	8000	82
7328	F9CF	8001	A2
7328	F9D4	8000	83
7328	F9DA	8001	01
7328	F9DF	8000	84
7328	F9E5	8001	02
7328	F9EA	8000	85
7328	F9F0	8001	0A
7328	F8DB	8000	87
7328	F9B3	8000	80
7328	F9B9	8001	FC
7328	F9BE	8000	81
7328	F9C4	8001	0A
7328	F9C9	8000	82
7328	F9CF	8001	00
7328	F9D4	8000	83
7328	F9DA	8001	01
7328	F9DF	8000	84
7328	F9E5	8001	02
7328	F9EA	8000	85
7328	F9F0	8001	0A
7328	F8DB	8000	87
7329	FA23	8000	80
7329	FA29	8001	FC
7329	FA2E	8000	81
7329	FA34	8001	E2
7329	FA39	8000	82
7329	FA3F	8001	A2
7329	FA44	8000	83
7329	FA4A	8001	35
7329	FA4F	8000	84
7329	FA55	8001	B7
7329	FA5A	8000	85
7329	FA60	8001	BD
7329	FADD	8000	86
7329	FAE2	8001	18
7329	FAE9	8000	87
7329	FAEE	8001	19
7329	BF0A	8000	86
7329	C8E1	8001	00
7329	C8E6	8000	87
7329	C8EB	8001	01
7329	C900	8000	86
7329	C905	8001	18
7329	C90A	8000	87
7329	C90F	8001	19
7329	BF0A	8000	86
7329	C8E1	8001	00
7329	C8E6	8000	87
7329	C8EB	8001	01
7329	C900	8000	86
7329	C905	8001	18
7329	C90A	8000	87
7329	C90F	8001	19
7329	BF0A	8000	86
7329	C8E1	8001	00
7329	C8E6	8000	87
7329	C8EB	8001	01
7329	C900	8000	86
7329	C905	8001	18
7329	C90A	8000	87
7329	C90F	8001	19
7329	FAF8	8000	86
7329	FAFE	8001	28
7329	FB05	8000	87
7329	FB0B	8001	29
7329	FDA9	8000	86
7329	FDB1	8001	06
7329	FDBA	8000	87
7329	FDC2	8001	07
7329	FC3F	8000	86
7329	FC48	8001	06
7329	FC4F	8000	87
7329	FC58	8001	07
7329	FDA9	8000	86
7329	FDB1	8001	18
7329	FDBA	8000	87
7329	FDC2	8001	19
7329	FDA9	8000	86
7329	FDB1	8001	28
7329	FDBA	8000	87
7329	FDC2	8001	29
7329	FDA9	8000	86
7329	FDB1	8001	28
7329	FDBA	8000	87
7329	FDC2	8001	29
7329	F9B3	8000	80
7329	F9B9	8001	FC
7329	F9BE	8000	81
7329	F9C4	8001	0A
7329	F9C9	8000	82
7329	F9CF	8001	A2
7329	F9D4	8000	83
7329	F9DA	8001	01
7329	F9DF	8000	84
7329	F9E5	8001	02
7329	F9EA	8000	85
7329	F9F0	8001	0A
7329	F8DB	8000	87
7329	F9B3	8000	80
7329	F9B9	8001	FC
7329	F9BE	8000	81
7329	F9C4	8001	0A
7329	F9C9	8000	82
7329	F9CF	8001	00
7329	F9D4	8000	83
7329	F9DA	8001	01
7329	F9DF	8000	84
7329	F9E5	8001	02
7329	F9EA	8000	85
7329	F9F0	8001	0A
7329	F8DB	8000	87
7330	FA23	8000	80
7330	FA29	8001	FC
7330	FA2E	8000	81
7330	FA34	8001	E2
7330	FA39	8000	82
7330	FA3F	8001	A2
7330	FA44	8000	83
7330	FA4A	8001	35
7330	FA4F	8000	84
7330	FA55	8001	B7
7330	FA5A	8000	85
7330	FA60	8001	BD
7330	FADD	8000	86
7330	FAE2	8001	18
7330	FAE9	8000	87
7330	FAEE	8001	19
7330	FAF8	8000	86
7330	FAFE	8001	28
7330	FB05	8000	87
7330	FB0B	8001	29
7330	FDA9	8000	86
7330	FDB1	8001	06
7330	FDBA	8000	87
7330	FDC2	8001	07
7330	FC3F	8000	86
7330	FC48	8001	06
7330	FC4F	8000	87
7330	FC58	8001	07
7330	FDA9	8000	86
7330	FDB1	8001	18
7330	FDBA	8000	87
7330	FDC2	8001	19
7330	FDA9	8000	86
7330	FDB1	8001	28
7330	FDBA	8000	87
7330	FDC2	8001	29
7330	FDA9	8000	86
7330	FDB1	8001	28
7330	FDBA	8000	87
7330	FDC2	8001	29
7330	F9B3	8000	80
7330	F9B9	8001	FC
7330	F9BE	8000	81
7330	F9C4	8001	0A
7330	F9C9	8000	82
7330	F9CF	8001	A2
7330	F9D4	8000	83
7330	F9DA	8001	01
7330	F9DF	8000	84
7330	F9E5	8001	02
7330	F9EA	8000	85
7330	F9F0	8001	0A
7330	F8DB	8000	87
7330	F9B3	8000	80
7330	F9B9	8001	FC
7330	F9BE	8000	81
7330	F9C4	8001	0A
7330	F9C9	8000	82
7330	F9CF	8001	00
7330	F9D4	8000	83
7330	F9DA	8001	01
7330	F9DF	8000	84
7330	F9E5	8001	02
7330	F9EA	8000	85
7330	F9F0	8001	0A
7330	F8DB	8000	87
7331	FA23	8000	80
7331	FA29	8001	FC
7331	FA2E	8000	81
7331	FA34	8001	E2
7331	FA39	8000	82
7331	FA3F	8001	A2
7331	FA44	8000	83
7331	FA4A	8001	35
7331	FA4F	8000	84
7331	FA55	8001	B7
7331	FA5A	8000	85
7331	FA60	8001	BD
7331	FADD	8000	86
7331	FAE2	8001	18
7331	FAE9	8000	87
7331	FAEE	8001	19
7331	FAF8	8000	86
7331	FAFE	8001	28
7331	FB05	8000	87
7331	FB0B	8001	29
7331	FDA9	8000	86
7331	FDB1	8001	06
7331	FDBA	8000	87
7331	FDC2	8001	07
7331	FC3F	8000	86
7331	FC48	8001	06
7331	FC4F	8000	87
7331	FC58	8001	07
7331	FDA9	8000	86
7331	FDB1	8001	18
7331	FDBA	8000	87
7331	FDC2	8001	19
7331	FDA9	8000	86
7331	FDB1	8001	28
7331	FDBA	8000	87
7331	FDC2	8001	29
7331	FDA9	8000	86
7331	FDB1	8001	28
7331	FDBA	8000	87
7331	FDC2	8001	29
7331	F9B3	8000	80
7331	F9B9	8001	FC
7331	F9BE	8000	81
7331	F9C4	8001	0A
7331	F9C9	8000	82
7331	F9CF	8001	A2
7331	F9D4	8000	83
7331	F9DA	8001	01
7331	F9DF	8000	84
7331	F9E5	8001	02
7331	F9EA	8000	85
7331	F9F0	8001	0A
7331	F8DB	8000	87
7331	F9B3	8000	80
7331	F9B9	8001	FC
7331	F9BE	8000	81
7331	F9C4	8001	0A
7331	F9C9	8000	82
7331	F9CF	8001	00
7331	F9D4	8000	83
7331	F9DA	8001	01
7331	F9DF	8000	84
7331	F9E5	8001	02
7331	F9EA	8000	85
7331	F9F0	8001	0A
7331	F8DB	8000	87
7332	FA23	8000	80
7332	FA29	8001	FC
7332	FA2E	8000	81
7332	FA34	8001	E2
7332	FA39	8000	82
7332	FA3F	8001	A2
7332	FA44	8000	83
7332	FA4A	8001	35
7332	FA4F	8000	84
7332	FA55	8001	B7
7332	FA5A	8000	85
7332	FA60	8001	BD
7332	FADD	8000	86
7332	FAE2	8001	18
7332	FAE9	8000	87
7332	FAEE	8001	19
7332	FAF8	8000	86
7332	FAFE	8001	28
7332	FB05	8000	87
7332	FB0B	8001	29
7332	FDA9	8000	86
7332	FDB1	8001	06
7332	FDBA	8000	87
7332	FDC2	8001	07
7332	FC3F	8000	86
7332	FC48	8001	06
7332	FC4F	8000	87
7332	FC58	8001	07
7332	FDA9	8000	86
7332	FDB1	8001	18
7332	FDBA	8000	87
7332	FDC2	8001	19
7332	FDA9	8000	86
7332	FDB1	8001	28
7332	FDBA	8000	87
7332	FDC2	8001	29
7332	FDA9	8000	86
7332	FDB1	8001	28
7332	FDBA	8000	87
7332	FDC2	8001	29
7332	F9B3	8000	80
7332	F9B9	8001	FC
7332	F9BE	8000	81
7332	F9C4	8001	0A
7332	F9C9	8000	82
7332	F9CF	8001	A2
7332	F9D4	8000	83
7332	F9DA	8001	01
7332	F9DF	8000	84
7332	F9E5	8001	02
7332	F9EA	8000	85
7332	F9F0	8001	0A
7332	F8DB	8000	87
7332	F9B3	8000	80
7332	F9B9	8001	FC
7332	F9BE	8000	81
7332	F9C4	8001	0A
7332	F9C9	8000	82
7332	F9CF	8001	00
7332	F9D4	8000	83
7332	F9DA	8001	01
7332	F9DF	8000	84
7332	F9E5	8001	02
7332	F9EA	8000	85
7332	F9F0	8001	0A
7332	F8DB	8000	87
7333	FA23	8000	80
7333	FA29	8001	FC
7333	FA2E	8000	81
7333	FA34	8001	E2
7333	FA39	8000	82
7333	FA3F	8001	A2
7333	FA44	8000	83
7333	FA4A	8001	35
7333	FA4F	8000	84
7333	FA55	8001	B7
7333	FA5A	8000	85
7333	FA60	8001	BD
7333	FADD	8000	86
7333	FAE2	8001	18
7333	FAE9	8000	87
7333	FAEE	8001	19
7333	FAF8	8000	86
7333	FAFE	8001	28
7333	FB05	8000	87
7333	FB0B	8001	29
7333	FDA9	8000	86
7333	FDB1	8001	06
7333	FDBA	8000	87
7333	FDC2	8001	07
7333	FC3F	8000	86
7333	FC48	8001	06
7333	FC4F	8000	87
7333	FC58	8001	07
7333	FDA9	8000	86
7333	FDB1	8001	18
7333	FDBA	8000	87
7333	FDC2	8001	19
7333	FDA9	8000	86
7333	FDB1	8001	28
7333	FDBA	8000	87
7333	FDC2	8001	29
7333	FDA9	8000	86
7333	FDB1	8001	28
7333	FDBA	8000	87
7333	FDC2	8001	29
7333	F9B3	8000	80
7333	F9B9	8001	FC
7333	F9BE	8000	81
7333	F9C4	8001	0A
7333	F9C9	8000	82
7333	F9CF	8001	A2
7333	F9D4	8000	83
7333	F9DA	8001	01
7333	F9DF	8000	84
7333	F9E5	8001	02
7333	F9EA	8000	85
7333	F9F0	8001	0A
7333	F8DB	8000	87
7333	F9B3	8000	80
7333	F9B9	8001	FC
7333	F9BE	8000	81
7333	F9C4	8001	0A
7333	F9C9	8000	82
7333	F9CF	8001	00
7333	F9D4	8000	83
7333	F9DA	8001	01
7333	F9DF	8000	84
7333	F9E5	8001	02
7333	F9EA	8000	85
7333	F9F0	8001	0A
7333	F8DB	8000	87
7334	FA23	8000	80
7334	FA29	8001	FC
7334	FA2E	8000	81
7334	FA34	8001	E2
7334	FA39	8000	82
7334	FA3F	8001	A2
7334	FA44	8000	83
7334	FA4A	8001	35
7334	FA4F	8000	84
7334	FA55	8001	B7
7334	FA5A	8000	85
7334	FA60	8001	BD
7334	FADD	8000	86
7334	FAE2	8001	18
7334	FAE9	8000	87
7334	FAEE	8001	19
7334	BF0A	8000	86
7334	C8E1	8001	00
7334	C8E6	8000	87
7334	C8EB	8001	01
7334	C900	8000	86
7334	C905	8001	18
7334	C90A	8000	87
7334	C90F	8001	19
7334	BF0A	8000	86
7334	C8E1	8001	00
7334	C8E6	8000	87
7334	C8EB	8001	01
7334	C900	8000	86
7334	C905	8001	18
7334	C90A	8000	87
7334	C90F	8001	19
7334	BF0A	8000	86
7334	C8E1	8001	00
7334	C8E6	8000	87
7334	C8EB	8001	01
7334	C900	8000	86
7334	C905	8001	18
7334	C90A	8000	87
7334	C90F	8001	19
7334	BF0A	8000	86
7334	C8E1	8001	00
7334	C8E6	8000	87
7334	C8EB	8001	01
7334	C900	8000	86
7334	C905	8001	18
7334	C90A	8000	87
7334	C90F	8001	19
7334	BF0A	8000	86
7334	C8E1	8001	00
7334	C8E6	8000	87
7334	C8EB	8001	01
7334	C900	8000	86
7334	C905	8001	18
7334	C90A	8000	87
7334	C90F	8001	19
7334	FAF8	8000	86
7334	FAFE	8001	28
7334	FB05	8000	87
7334	FB0B	8001	29
7334	FDA9	8000	86
7334	FDB1	8001	06
7334	FDBA	8000	87
7334	FDC2	8001	07
7334	FC3F	8000	86
7334	FC48	8001	06
7334	FC4F	8000	87
7334	FC58	8001	07
7334	FDA9	8000	86
7334	FDB1	8001	18
7334	FDBA	8000	87
7334	FDC2	8001	19
7334	FDA9	8000	86
7334	FDB1	8001	28
7334	FDBA	8000	87
7334	FDC2	8001	29
7334	FDA9	8000	86
7334	FDB1	8001	28
7334	FDBA	8000	87
7334	FDC2	8001	29
7334	F9B3	8000	80
7334	F9B9	8001	FC
7334	F9BE	8000	81
7334	F9C4	8001	0A
7334	F9C9	8000	82
7334	F9CF	8001	A2
7334	F9D4	8000	83
7334	F9DA	8001	01
7334	F9DF	8000	84
7334	F9E5	8001	02
7334	F9EA	8000	85
7334	F9F0	8001	0A
7334	F8DB	8000	87
7334	F9B3	8000	80
7334	F9B9	8001	FC
7334	F9BE	8000	81
7334	F9C4	8001	0A
7334	F9C9	8000	82
7334	F9CF	8001	00
7334	F9D4	8000	83
7334	F9DA	8001	01
7334	F9DF	8000	84
7334	F9E5	8001	02
7334	F9EA	8000	85
7334	F9F0	8001	0A
7334	F8DB	8000	87
7335	FA23	8000	80
7335	FA29	8001	FC
7335	FA2E	8000	81
7335	FA34	8001	E2
7335	FA39	8000	82
7335	FA3F	8001	A2
7335	FA44	8000	83
7335	FA4A	8001	35
7335	FA4F	8000	84
7335	FA55	8001	B7
7335	FA5A	8000	85
7335	FA60	8001	BD
7335	FADD	8000	86
7335	FAE2	8001	18
7335	FAE9	8000	87
7335	FAEE	8001	19
7335	FAF8	8000	86
7335	FAFE	8001	28
7335	FB05	8000	87
7335	FB0B	8001	29
7335	FDA9	8000	86
7335	FDB1	8001	06
7335	FDBA	8000	87
7335	FDC2	8001	07
7335	FC3F	8000	86
7335	FC48	8001	06
7335	FC4F	8000	87
7335	FC58	8001	07
7335	FDA9	8000	86
7335	FDB1	8001	18
7335	FDBA	8000	87
7335	FDC2	8001	19
7335	FDA9	8000	86
7335	FDB1	8001	28
7335	FDBA	8000	87
7335	FDC2	8001	29
7335	FDA9	8000	86
7335	FDB1	8001	28
7335	FDBA	8000	87
7335	FDC2	8001	29
7335	F9B3	8000	80
7335	F9B9	8001	FC
7335	F9BE	8000	81
7335	F9C4	8001	0A
7335	F9C9	8000	82
7335	F9CF	8001	A2
7335	F9D4	8000	83
7335	F9DA	8001	01
7335	F9DF	8000	84
7335	F9E5	8001	02
7335	F9EA	8000	85
7335	F9F0	8001	0A
7335	F8DB	8000	87
7335	F9B3	8000	80
7335	F9B9	8001	FC
7335	F9BE	8000	81
7335	F9C4	8001	0A
7335	F9C9	8000	82
7335	F9CF	8001	00
7335	F9D4	8000	83
7335	F9DA	8001	01
7335	F9DF	8000	84
7335	F9E5	8001	02
7335	F9EA	8000	85
7335	F9F0	8001	0A
7335	F8DB	8000	87
7336	FA23	8000	80
7336	FA29	8001	FC
7336	FA2E	8000	81
7336	FA34	8001	E2
7336	FA39	8000	82
7336	FA3F	8001	A2
7336	FA44	8000	83
7336	FA4A	8001	35
7336	FA4F	8000	84
7336	FA55	8001	B7
7336	FA5A	8000	85
7336	FA60	8001	BD
7336	FADD	8000	86
7336	FAE2	8001	18
7336	FAE9	8000	87
7336	FAEE	8001	19
7336	FAF8	8000	86
7336	FAFE	8001	28
7336	FB05	8000	87
7336	FB0B	8001	29
7336	FDA9	8000	86
7336	FDB1	8001	06
7336	FDBA	8000	87
7336	FDC2	8001	07
7336	FC3F	8000	86
7336	FC48	8001	06
7336	FC4F	8000	87
7336	FC58	8001	07
7336	FDA9	8000	86
7336	FDB1	8001	18
7336	FDBA	8000	87
7336	FDC2	8001	19
7336	FDA9	8000	86
7336	FDB1	8001	28
7336	FDBA	8000	87
7336	FDC2	8001	29
7336	FDA9	8000	86
7336	FDB1	8001	28
7336	FDBA	8000	87
7336	FDC2	8001	29
7336	F9B3	8000	80
7336	F9B9	8001	FC
7336	F9BE	8000	81
7336	F9C4	8001	0A
7336	F9C9	8000	82
7336	F9CF	8001	A2
7336	F9D4	8000	83
7336	F9DA	8001	01
7336	F9DF	8000	84
7336	F9E5	8001	02
7336	F9EA	8000	85
7336	F9F0	8001	0A
7336	F8DB	8000	87
7336	F9B3	8000	80
7336	F9B9	8001	FC
7336	F9BE	8000	81
7336	F9C4	8001	0A
7336	F9C9	8000	82
7336	F9CF	8001	00
7336	F9D4	8000	83
7336	F9DA	8001	01
7336	F9DF	8000	84
7336	F9E5	8001	02
7336	F9EA	8000	85
7336	F9F0	8001	0A
7336	F8DB	8000	87
7337	FA23	8000	80
7337	FA29	8001	FC
7337	FA2E	8000	81
7337	FA34	8001	E2
7337	FA39	8000	82
7337	FA3F	8001	A2
7337	FA44	8000	83
7337	FA4A	8001	35
7337	FA4F	8000	84
7337	FA55	8001	B7
7337	FA5A	8000	85
7337	FA60	8001	BD
7337	FADD	8000	86
7337	FAE2	8001	18
7337	FAE9	8000	87
7337	FAEE	8001	19
7337	FAF8	8000	86
7337	FAFE	8001	28
7337	FB05	8000	87
7337	FB0B	8001	29
7337	FDA9	8000	86
7337	FDB1	8001	06
7337	FDBA	8000	87
7337	FDC2	8001	07
7337	FC3F	8000	86
7337	FC48	8001	06
7337	FC4F	8000	87
7337	FC58	8001	07
7337	FDA9	8000	86
7337	FDB1	8001	18
7337	FDBA	8000	87
7337	FDC2	8001	19
7337	FDA9	8000	86
7337	FDB1	8001	28
7337	FDBA	8000	87
7337	FDC2	8001	29
7337	FDA9	8000	86
7337	FDB1	8001	28
7337	FDBA	8000	87
7337	FDC2	8001	29
7337	F9B3	8000	80
7337	F9B9	8001	FC
7337	F9BE	8000	81
7337	F9C4	8001	0A
7337	F9C9	8000	82
7337	F9CF	8001	A2
7337	F9D4	8000	83
7337	F9DA	8001	01
7337	F9DF	8000	84
7337	F9E5	8001	02
7337	F9EA	8000	85
7337	F9F0	8001	0A
7337	F8DB	8000	87
7337	F9B3	8000	80
7337	F9B9	8001	FC
7337	F9BE	8000	81
7337	F9C4	8001	0A
7337	F9C9	8000	82
7337	F9CF	8001	00
7337	F9D4	8000	83
7337	F9DA	8001	01
7337	F9DF	8000	84
7337	F9E5	8001	02
7337	F9EA	8000	85
7337	F9F0	8001	0A
7337	F8DB	8000	87
7338	FA23	8000	80
7338	FA29	8001	FC
7338	FA2E	8000	81
7338	FA34	8001	E2
7338	FA39	8000	82
7338	FA3F	8001	A2
7338	FA44	8000	83
7338	FA4A	8001	35
7338	FA4F	8000	84
7338	FA55	8001	B7
7338	FA5A	8000	85
7338	FA60	8001	BD
7338	FADD	8000	86
7338	FAE2	8001	18
7338	FAE9	8000	87
7338	FAEE	8001	19
7338	FAF8	8000	86
7338	FAFE	8001	28
7338	FB05	8000	87
7338	FB0B	8001	29
7338	FDA9	8000	86
7338	FDB1	8001	06
7338	FDBA	8000	87
7338	FDC2	8001	07
7338	FC3F	8000	86
7338	FC48	8001	06
7338	FC4F	8000	87
7338	FC58	8001	07
7338	FDA9	8000	86
7338	FDB1	8001	18
7338	FDBA	8000	87
7338	FDC2	8001	19
7338	FDA9	8000	86
7338	FDB1	8001	28
7338	FDBA	8000	87
7338	FDC2	8001	29
7338	FDA9	8000	86
7338	FDB1	8001	28
7338	FDBA	8000	87
7338	FDC2	8001	29
7338	F9B3	8000	80
7338	F9B9	8001	FC
7338	F9BE	8000	81
7338	F9C4	8001	0A
7338	F9C9	8000	82
7338	F9CF	8001	A2
7338	F9D4	8000	83
7338	F9DA	8001	01
7338	F9DF	8000	84
7338	F9E5	8001	02
7338	F9EA	8000	85
7338	F9F0	8001	0A
7338	F8DB	8000	87
7338	F9B3	8000	80
7338	F9B9	8001	FC
7338	F9BE	8000	81
7338	F9C4	8001	0A
7338	F9C9	8000	82
7338	F9CF	8001	00
7338	F9D4	8000	83
7338	F9DA	8001	01
7338	F9DF	8000	84
7338	F9E5	8001	02
7338	F9EA	8000	85
7338	F9F0	8001	0A
7338	F8DB	8000	87
7339	FA23	8000	80
7339	FA29	8001	FC
7339	FA2E	8000	81
7339	FA34	8001	E2
7339	FA39	8000	82
7339	FA3F	8001	A2
7339	FA44	8000	83
7339	FA4A	8001	35
7339	FA4F	8000	84
7339	FA55	8001	B7
7339	FA5A	8000	85
7339	FA60	8001	BD
7339	FADD	8000	86
7339	FAE2	8001	18
7339	FAE9	8000	87
7339	FAEE	8001	19
7339	BF0A	8000	86
7339	C8E1	8001	00
7339	C8E6	8000	87
7339	C8EB	8001	01
7339	C900	8000	86
7339	C905	8001	18
7339	C90A	8000	87
7339	C90F	8001	19
7339	BF0A	8000	86
7339	C8E1	8001	00
7339	C8E6	8000	87
7339	C8EB	8001	01
7339	C900	8000	86
7339	C905	8001	18
7339	C90A	8000	87
7339	C90F	8001	19
7339	BF0A	8000	86
7339	C8E1	8001	00
7339	C8E6	8000	87
7339	C8EB	8001	01
7339	C900	8000	86
7339	C905	8001	18
7339	C90A	8000	87
7339	C90F	8001	19
7339	FAF8	8000	86
7339	FAFE	8001	28
7339	FB05	8000	87
7339	FB0B	8001	29
7339	FDA9	8000	86
7339	FDB1	8001	06
7339	FDBA	8000	87
7339	FDC2	8001	07
7339	FC3F	8000	86
7339	FC48	8001	06
7339	FC4F	8000	87
7339	FC58	8001	07
7339	FDA9	8000	86
7339	FDB1	8001	18
7339	FDBA	8000	87
7339	FDC2	8001	19
7339	FDA9	8000	86
7339	FDB1	8001	28
7339	FDBA	8000	87
7339	FDC2	8001	29
7339	FDA9	8000	86
7339	FDB1	8001	28
7339	FDBA	8000	87
7339	FDC2	8001	29
7339	F9B3	8000	80
7339	F9B9	8001	FC
7339	F9BE	8000	81
7339	F9C4	8001	0A
7339	F9C9	8000	82
7339	F9CF	8001	A2
7339	F9D4	8000	83
7339	F9DA	8001	01
7339	F9DF	8000	84
7339	F9E5	8001	02
7339	F9EA	8000	85
7339	F9F0	8001	0A
7339	F8DB	8000	87
7339	F9B3	8000	80
7339	F9B9	8001	FC
7339	F9BE	8000	81
7339	F9C4	8001	0A
7339	F9C9	8000	82
7339	F9CF	8001	00
7339	F9D4	8000	83
7339	F9DA	8001	01
7339	F9DF	8000	84
7339	F9E5	8001	02
7339	F9EA	8000	85
7339	F9F0	8001	0A
7339	F8DB	8000	87
7340	FA23	8000	80
7340	FA29	8001	FC
7340	FA2E	8000	81
7340	FA34	8001	E2
7340	FA39	8000	82
7340	FA3F	8001	A2
7340	FA44	8000	83
7340	FA4A	8001	35
7340	FA4F	8000	84
7340	FA55	8001	B7
7340	FA5A	8000	85
7340	FA60	8001	BD
7340	FADD	8000	86
7340	FAE2	8001	18
7340	FAE9	8000	87
7340	FAEE	8001	19
7340	FAF8	8000	86
7340	FAFE	8001	28
7340	FB05	8000	87
7340	FB0B	8001	29
7340	FDA9	8000	86
7340	FDB1	8001	06
7340	FDBA	8000	87
7340	FDC2	8001	07
7340	FC3F	8000	86
7340	FC48	8001	06
7340	FC4F	8000	87
7340	FC58	8001	07
7340	FDA9	8000	86
7340	FDB1	8001	18
7340	FDBA	8000	87
7340	FDC2	8001	19
7340	FDA9	8000	86
7340	FDB1	8001	28
7340	FDBA	8000	87
7340	FDC2	8001	29
7340	FDA9	8000	86
7340	FDB1	8001	28
7340	FDBA	8000	87
7340	FDC2	8001	29
7340	F9B3	8000	80
7340	F9B9	8001	FC
7340	F9BE	8000	81
7340	F9C4	8001	0A
7340	F9C9	8000	82
7340	F9CF	8001	A2
7340	F9D4	8000	83
7340	F9DA	8001	01
7340	F9DF	8000	84
7340	F9E5	8001	02
7340	F9EA	8000	85
7340	F9F0	8001	0A
7340	F8DB	8000	87
7340	F9B3	8000	80
7340	F9B9	8001	FC
7340	F9BE	8000	81
7340	F9C4	8001	0A
7340	F9C9	8000	82
7340	F9CF	8001	00
7340	F9D4	8000	83
7340	F9DA	8001	01
7340	F9DF	8000	84
7340	F9E5	8001	02
7340	F9EA	8000	85
7340	F9F0	8001	0A
7340	F8DB	8000	87
7341	FA23	8000	80
7341	FA29	8001	FC
7341	FA2E	8000	81
7341	FA34	8001	E2
7341	FA39	8000	82
7341	FA3F	8001	A2
7341	FA44	8000	83
7341	FA4A	8001	35
7341	FA4F	8000	84
7341	FA55	8001	B7
7341	FA5A	8000	85
7341	FA60	8001	BD
7341	FADD	8000	86
7341	FAE2	8001	18
7341	FAE9	8000	87
7341	FAEE	8001	19
7341	FAF8	8000	86
7341	FAFE	8001	28
7341	FB05	8000	87
7341	FB0B	8001	29
7341	FDA9	8000	86
7341	FDB1	8001	06
7341	FDBA	8000	87
7341	FDC2	8001	07
7341	FC3F	8000	86
7341	FC48	8001	06
7341	FC4F	8000	87
7341	FC58	8001	07
7341	FDA9	8000	86
7341	FDB1	8001	18
7341	FDBA	8000	87
7341	FDC2	8001	19
7341	FDA9	8000	86
7341	FDB1	8001	28
7341	FDBA	8000	87
7341	FDC2	8001	29
7341	FDA9	8000	86
7341	FDB1	8001	28
7341	FDBA	8000	87
7341	FDC2	8001	29
7341	F9B3	8000	80
7341	F9B9	8001	FC
7341	F9BE	8000	81
7341	F9C4	8001	0A
7341	F9C9	8000	82
7341	F9CF	8001	A2
7341	F9D4	8000	83
7341	F9DA	8001	01
7341	F9DF	8000	84
7341	F9E5	8001	02
7341	F9EA	8000	85
7341	F9F0	8001	0A
7341	F8DB	8000	87
7341	F9B3	8000	80
7341	F9B9	8001	FC
7341	F9BE	8000	81
7341	F9C4	8001	0A
7341	F9C9	8000	82
7341	F9CF	8001	00
7341	F9D4	8000	83
7341	F9DA	8001	01
7341	F9DF	8000	84
7341	F9E5	8001	02
7341	F9EA	8000	85
7341	F9F0	8001	0A
7341	F8DB	8000	87
7342	FA23	8000	80
7342	FA29	8001	FC
7342	FA2E	8000	81
7342	FA34	8001	E2
7342	FA39	8000	82
7342	FA3F	8001	A2
7342	FA44	8000	83
7342	FA4A	8001	35
7342	FA4F	8000	84
7342	FA55	8001	B7
7342	FA5A	8000	85
7342	FA60	8001	BD
7342	FADD	8000	86
7342	FAE2	8001	18
7342	FAE9	8000	87
7342	FAEE	8001	19
7342	FAF8	8000	86
7342	FAFE	8001	28
7342	FB05	8000	87
7342	FB0B	8001	29
7342	FDA9	8000	86
7342	FDB1	8001	06
7342	FDBA	8000	87
7342	FDC2	8001	07
7342	FC3F	8000	86
7342	FC48	8001	06
7342	FC4F	8000	87
7342	FC58	8001	07
7342	FDA9	8000	86
7342	FDB1	8001	18
7342	FDBA	8000	87
7342	FDC2	8001	19
7342	FDA9	8000	86
7342	FDB1	8001	28
7342	FDBA	8000	87
7342	FDC2	8001	29
7342	FDA9	8000	86
7342	FDB1	8001	28
7342	FDBA	8000	87
7342	FDC2	8001	29
7342	F9B3	8000	80
7342	F9B9	8001	FC
7342	F9BE	8000	81
7342	F9C4	8001	0A
7342	F9C9	8000	82
7342	F9CF	8001	A2
7342	F9D4	8000	83
7342	F9DA	8001	01
7342	F9DF	8000	84
7342	F9E5	8001	02
7342	F9EA	8000	85
7342	F9F0	8001	0A
7342	F8DB	8000	87
7342	F9B3	8000	80
7342	F9B9	8001	FC
7342	F9BE	8000	81
7342	F9C4	8001	0A
7342	F9C9	8000	82
7342	F9CF	8001	00
7342	F9D4	8000	83
7342	F9DA	8001	01
7342	F9DF	8000	84
7342	F9E5	8001	02
7342	F9EA	8000	85
7342	F9F0	8001	0A
7342	F8DB	8000	87
7343	FA23	8000	80
7343	FA29	8001	FC
7343	FA2E	8000	81
7343	FA34	8001	E2
7343	FA39	8000	82
7343	FA3F	8001	A2
7343	FA44	8000	83
7343	FA4A	8001	35
7343	FA4F	8000	84
7343	FA55	8001	B7
7343	FA5A	8000	85
7343	FA60	8001	BD
7343	FADD	8000	86
7343	FAE2	8001	18
7343	FAE9	8000	87
7343	FAEE	8001	19
7343	FAF8	8000	86
7343	FAFE	8001	28
7343	FB05	8000	87
7343	FB0B	8001	29
7343	FDA9	8000	86
7343	FDB1	8001	06
7343	FDBA	8000	87
7343	FDC2	8001	07
7343	FC3F	8000	86
7343	FC48	8001	06
7343	FC4F	8000	87
7343	FC58	8001	07
7343	FDA9	8000	86
7343	FDB1	8001	18
7343	FDBA	8000	87
7343	FDC2	8001	19
7343	FDA9	8000	86
7343	FDB1	8001	28
7343	FDBA	8000	87
7343	FDC2	8001	29
7343	FDA9	8000	86
7343	FDB1	8001	28
7343	FDBA	8000	87
7343	FDC2	8001	29
7343	F9B3	8000	80
7343	F9B9	8001	FC
7343	F9BE	8000	81
7343	F9C4	8001	0A
7343	F9C9	8000	82
7343	F9CF	8001	A2
7343	F9D4	8000	83
7343	F9DA	8001	01
7343	F9DF	8000	84
7343	F9E5	8001	02
7343	F9EA	8000	85
7343	F9F0	8001	0A
7343	F8DB	8000	87
7343	F9B3	8000	80
7343	F9B9	8001	FC
7343	F9BE	8000	81
7343	F9C4	8001	0A
7343	F9C9	8000	82
7343	F9CF	8001	00
7343	F9D4	8000	83
7343	F9DA	8001	01
7343	F9DF	8000	84
7343	F9E5	8001	02
7343	F9EA	8000	85
7343	F9F0	8001	0A
7343	F8DB	8000	87
7344	FA23	8000	80
7344	FA29	8001	FC
7344	FA2E	8000	81
7344	FA34	8001	E2
7344	FA39	8000	82
7344	FA3F	8001	A2
7344	FA44	8000	83
7344	FA4A	8001	35
7344	FA4F	8000	84
7344	FA55	8001	B7
7344	FA5A	8000	85
7344	FA60	8001	BD
7344	FADD	8000	86
7344	FAE2	8001	18
7344	FAE9	8000	87
7344	FAEE	8001	19
7344	BF0A	8000	86
7344	C8E1	8001	00
7344	C8E6	8000	87
7344	C8EB	8001	01
7344	C900	8000	86
7344	C905	8001	18
7344	C90A	8000	87
7344	C90F	8001	19
7344	BF0A	8000	86
7344	C8E1	8001	00
7344	C8E6	8000	87
7344	C8EB	8001	01
7344	C900	8000	86
7344	C905	8001	18
7344	C90A	8000	87
7344	C90F	8001	19
7344	BF0A	8000	86
7344	C8E1	8001	00
7344	C8E6	8000	87
7344	C8EB	8001	01
7344	C900	8000	86
7344	C905	8001	18
7344	C90A	8000	87
7344	C90F	8001	19
7344	BF0A	8000	86
7344	C8E1	8001	00
7344	C8E6	8000	87
7344	C8EB	8001	01
7344	C900	8000	86
7344	C905	8001	18
7344	C90A	8000	87
7344	C90F	8001	19
7344	BF0A	8000	86
7344	C8E1	8001	00
7344	C8E6	8000	87
7344	C8EB	8001	01
7344	C900	8000	86
7344	C905	8001	18
7344	C90A	8000	87
7344	C90F	8001	19
7344	BF0A	8000	86
7344	C8E1	8001	00
7344	C8E6	8000	87
7344	C8EB	8001	01
7344	C900	8000	86
7344	C905	8001	18
7344	C90A	8000	87
7344	C90F	8001	19
7344	BF0A	8000	86
7344	C8E1	8001	00
7344	C8E6	8000	87
7344	C8EB	8001	01
7344	C900	8000	86
7344	C905	8001	18
7344	C90A	8000	87
7344	C90F	8001	19
7344	BF0A	8000	86
7344	C8E1	8001	00
7344	C8E6	8000	87
7344	C8EB	8001	01
7344	C900	8000	86
7344	C905	8001	18
7344	C90A	8000	87
7344	C90F	8001	19
7344	BF0A	8000	86
7344	C8E1	8001	00
7344	C8E6	8000	87
7344	C8EB	8001	01
7344	C900	8000	86
7344	C905	8001	18
7344	C90A	8000	87
7344	C90F	8001	19
7344	BF0A	8000	86
7344	C8E1	8001	00
7344	C8E6	8000	87
7344	C8EB	8001	01
7344	C900	8000	86
7344	C905	8001	18
7344	C90A	8000	87
7344	C90F	8001	19
7344	FAF8	8000	86
7344	FAFE	8001	28
7344	FB05	8000	87
7344	FB0B	8001	29
7344	FDA9	8000	86
7344	FDB1	8001	06
7344	FDBA	8000	87
7344	FDC2	8001	07
7344	FC3F	8000	86
7344	FC48	8001	06
7344	FC4F	8000	87
7344	FC58	8001	07
7344	FDA9	8000	86
7344	FDB1	8001	18
7344	FDBA	8000	87
7344	FDC2	8001	19
7344	FDA9	8000	86
7344	FDB1	8001	28
7344	FDBA	8000	87
7344	FDC2	8001	29
7344	FDA9	8000	86
7344	FDB1	8001	28
7344	FDBA	8000	87
7344	FDC2	8001	29
7344	F9B3	8000	80
7344	F9B9	8001	FC
7344	F9BE	8000	81
7344	F9C4	8001	0A
7344	F9C9	8000	82
7344	F9CF	8001	A2
7344	F9D4	8000	83
7344	F9DA	8001	01
7344	F9DF	8000	84
7344	F9E5	8001	02
7344	F9EA	8000	85
7344	F9F0	8001	0A
7344	F8DB	8000	87
7344	F9B3	8000	80
7344	F9B9	8001	FC
7344	F9BE	8000	81
7344	F9C4	8001	0A
7344	F9C9	8000	82
7344	F9CF	8001	00
7344	F9D4	8000	83
7344	F9DA	8001	01
7344	F9DF	8000	84
7344	F9E5	8001	02
7344	F9EA	8000	85
7344	F9F0	8001	0A
7344	F8DB	8000	87
7345	FA23	8000	80
7345	FA29	8001	FC
7345	FA2E	8000	81
7345	FA34	8001	E2
7345	FA39	8000	82
7345	FA3F	8001	A2
7345	FA44	8000	83
7345	FA4A	8001	35
7345	FA4F	8000	84
7345	FA55	8001	B7
7345	FA5A	8000	85
7345	FA60	8001	BD
7345	FADD	8000	86
7345	FAE2	8001	18
7345	FAE9	8000	87
7345	FAEE	8001	19
7345	FAF8	8000	86
7345	FAFE	8001	28
7345	FB05	8000	87
7345	FB0B	8001	29
7345	FDA9	8000	86
7345	FDB1	8001	06
7345	FDBA	8000	87
7345	FDC2	8001	07
7345	FC3F	8000	86
7345	FC48	8001	06
7345	FC4F	8000	87
7345	FC58	8001	07
7345	FDA9	8000	86
7345	FDB1	8001	18
7345	FDBA	8000	87
7345	FDC2	8001	19
7345	FDA9	8000	86
7345	FDB1	8001	28
7345	FDBA	8000	87
7345	FDC2	8001	29
7345	FDA9	8000	86
7345	FDB1	8001	28
7345	FDBA	8000	87
7345	FDC2	8001	29
7345	F9B3	8000	80
7345	F9B9	8001	FC
7345	F9BE	8000	81
7345	F9C4	8001	0A
7345	F9C9	8000	82
7345	F9CF	8001	A2
7345	F9D4	8000	83
7345	F9DA	8001	01
7345	F9DF	8000	84
7345	F9E5	8001	02
7345	F9EA	8000	85
7345	F9F0	8001	0A
7345	F8DB	8000	87
7345	F9B3	8000	80
7345	F9B9	8001	FC
7345	F9BE	8000	81
7345	F9C4	8001	0A
7345	F9C9	8000	82
7345	F9CF	8001	00
7345	F9D4	8000	83
7345	F9DA	8001	01
7345	F9DF	8000	84
7345	F9E5	8001	02
7345	F9EA	8000	85
7345	F9F0	8001	0A
7345	F8DB	8000	87
7346	FA23	8000	80
7346	FA29	8001	FC
7346	FA2E	8000	81
7346	FA34	8001	E2
7346	FA39	8000	82
7346	FA3F	8001	A2
7346	FA44	8000	83
7346	FA4A	8001	35
7346	FA4F	8000	84
7346	FA55	8001	B7
7346	FA5A	8000	85
7346	FA60	8001	BD
7346	FADD	8000	86
7346	FAE2	8001	18
7346	FAE9	8000	87
7346	FAEE	8001	19
7346	FAF8	8000	86
7346	FAFE	8001	28
7346	FB05	8000	87
7346	FB0B	8001	29
7346	FDA9	8000	86
7346	FDB1	8001	06
7346	FDBA	8000	87
7346	FDC2	8001	07
7346	FC3F	8000	86
7346	FC48	8001	06
7346	FC4F	8000	87
7346	FC58	8001	07
7346	FDA9	8000	86
7346	FDB1	8001	18
7346	FDBA	8000	87
7346	FDC2	8001	19
7346	FDA9	8000	86
7346	FDB1	8001	28
7346	FDBA	8000	87
7346	FDC2	8001	29
7346	FDA9	8000	86
7346	FDB1	8001	28
7346	FDBA	8000	87
7346	FDC2	8001	29
7346	F9B3	8000	80
7346	F9B9	8001	FC
7346	F9BE	8000	81
7346	F9C4	8001	0A
7346	F9C9	8000	82
7346	F9CF	8001	A2
7346	F9D4	8000	83
7346	F9DA	8001	01
7346	F9DF	8000	84
7346	F9E5	8001	02
7346	F9EA	8000	85
7346	F9F0	8001	0A
7346	F8DB	8000	87
7346	F9B3	8000	80
7346	F9B9	8001	FC
7346	F9BE	8000	81
7346	F9C4	8001	0A
7346	F9C9	8000	82
7346	F9CF	8001	00
7346	F9D4	8000	83
7346	F9DA	8001	01
7346	F9DF	8000	84
7346	F9E5	8001	02
7346	F9EA	8000	85
7346	F9F0	8001	0A
7346	F8DB	8000	87
7347	FA23	8000	80
7347	FA29	8001	FC
7347	FA2E	8000	81
7347	FA34	8001	E2
7347	FA39	8000	82
7347	FA3F	8001	A2
7347	FA44	8000	83
7347	FA4A	8001	35
7347	FA4F	8000	84
7347	FA55	8001	B7
7347	FA5A	8000	85
7347	FA60	8001	BD
7347	FADD	8000	86
7347	FAE2	8001	18
7347	FAE9	8000	87
7347	FAEE	8001	19
7347	FAF8	8000	86
7347	FAFE	8001	28
7347	FB05	8000	87
7347	FB0B	8001	29
7347	FDA9	8000	86
7347	FDB1	8001	06
7347	FDBA	8000	87
7347	FDC2	8001	07
7347	FC3F	8000	86
7347	FC48	8001	06
7347	FC4F	8000	87
7347	FC58	8001	07
7347	FDA9	8000	86
7347	FDB1	8001	18
7347	FDBA	8000	87
7347	FDC2	8001	19
7347	FDA9	8000	86
7347	FDB1	8001	28
7347	FDBA	8000	87
7347	FDC2	8001	29
7347	FDA9	8000	86
7347	FDB1	8001	28
7347	FDBA	8000	87
7347	FDC2	8001	29
7347	F9B3	8000	80
7347	F9B9	8001	FC
7347	F9BE	8000	81
7347	F9C4	8001	0A
7347	F9C9	8000	82
7347	F9CF	8001	A2
7347	F9D4	8000	83
7347	F9DA	8001	01
7347	F9DF	8000	84
7347	F9E5	8001	02
7347	F9EA	8000	85
7347	F9F0	8001	0A
7347	F8DB	8000	87
7347	F9B3	8000	80
7347	F9B9	8001	FC
7347	F9BE	8000	81
7347	F9C4	8001	0A
7347	F9C9	8000	82
7347	F9CF	8001	00
7347	F9D4	8000	83
7347	F9DA	8001	01
7347	F9DF	8000	84
7347	F9E5	8001	02
7347	F9EA	8000	85
7347	F9F0	8001	0A
7347	F8DB	8000	87
7348	FA23	8000	80
7348	FA29	8001	FC
7348	FA2E	8000	81
7348	FA34	8001	E2
7348	FA39	8000	82
7348	FA3F	8001	A2
7348	FA44	8000	83
7348	FA4A	8001	35
7348	FA4F	8000	84
7348	FA55	8001	B7
7348	FA5A	8000	85
7348	FA60	8001	BD
7348	FADD	8000	86
7348	FAE2	8001	18
7348	FAE9	8000	87
7348	FAEE	8001	19
7348	FAF8	8000	86
7348	FAFE	8001	28
7348	FB05	8000	87
7348	FB0B	8001	29
7348	FDA9	8000	86
7348	FDB1	8001	06
7348	FDBA	8000	87
7348	FDC2	8001	07
7348	FC3F	8000	86
7348	FC48	8001	06
7348	FC4F	8000	87
7348	FC58	8001	07
7348	FDA9	8000	86
7348	FDB1	8001	18
7348	FDBA	8000	87
7348	FDC2	8001	19
7348	FDA9	8000	86
7348	FDB1	8001	28
7348	FDBA	8000	87
7348	FDC2	8001	29
7348	FDA9	8000	86
7348	FDB1	8001	28
7348	FDBA	8000	87
7348	FDC2	8001	29
7348	F9B3	8000	80
7348	F9B9	8001	FC
7348	F9BE	8000	81
7348	F9C4	8001	0A
7348	F9C9	8000	82
7348	F9CF	8001	A2
7348	F9D4	8000	83
7348	F9DA	8001	01
7348	F9DF	8000	84
7348	F9E5	8001	02
7348	F9EA	8000	85
7348	F9F0	8001	0A
7348	F8DB	8000	87
7348	F9B3	8000	80
7348	F9B9	8001	FC
7348	F9BE	8000	81
7348	F9C4	8001	0A
7348	F9C9	8000	82
7348	F9CF	8001	00
7348	F9D4	8000	83
7348	F9DA	8001	01
7348	F9DF	8000	84
7348	F9E5	8001	02
7348	F9EA	8000	85
7348	F9F0	8001	0A
7348	F8DB	8000	87
7349	FA23	8000	80
7349	FA29	8001	FC
7349	FA2E	8000	81
7349	FA34	8001	E2
7349	FA39	8000	82
7349	FA3F	8001	A2
7349	FA44	8000	83
7349	FA4A	8001	35
7349	FA4F	8000	84
7349	FA55	8001	B7
7349	FA5A	8000	85
7349	FA60	8001	BD
7349	FADD	8000	86
7349	FAE2	8001	18
7349	FAE9	8000	87
7349	FAEE	8001	19
7349	FAF8	8000	86
7349	FAFE	8001	28
7349	FB05	8000	87
7349	FB0B	8001	29
7349	FDA9	8000	86
7349	FDB1	8001	06
7349	FDBA	8000	87
7349	FDC2	8001	07
7349	FC3F	8000	86
7349	FC48	8001	06
7349	FC4F	8000	87
7349	FC58	8001	07
7349	FDA9	8000	86
7349	FDB1	8001	18
7349	FDBA	8000	87
7349	FDC2	8001	19
7349	FDA9	8000	86
7349	FDB1	8001	28
7349	FDBA	8000	87
7349	FDC2	8001	29
7349	FDA9	8000	86
7349	FDB1	8001	28
7349	FDBA	8000	87
7349	FDC2	8001	29
7349	F9B3	8000	80
7349	F9B9	8001	FC
7349	F9BE	8000	81
7349	F9C4	8001	0A
7349	F9C9	8000	82
7349	F9CF	8001	A2
7349	F9D4	8000	83
7349	F9DA	8001	01
7349	F9DF	8000	84
7349	F9E5	8001	02
7349	F9EA	8000	85
7349	F9F0	8001	0A
7349	F8DB	8000	87
7349	F9B3	8000	80
7349	F9B9	8001	FC
7349	F9BE	8000	81
7349	F9C4	8001	0A
7349	F9C9	8000	82
7349	F9CF	8001	00
7349	F9D4	8000	83
7349	F9DA	8001	01
7349	F9DF	8000	84
7349	F9E5	8001	02
7349	F9EA	8000	85
7349	F9F0	8001	0A
7349	F8DB	8000	87
7350	FA23	8000	80
7350	FA29	8001	FC
7350	FA2E	8000	81
7350	FA34	8001	E2
7350	FA39	8000	82
7350	FA3F	8001	A2
7350	FA44	8000	83
7350	FA4A	8001	35
7350	FA4F	8000	84
7350	FA55	8001	B7
7350	FA5A	8000	85
7350	FA60	8001	BD
7350	FADD	8000	86
7350	FAE2	8001	18
7350	FAE9	8000	87
7350	FAEE	8001	19
7350	FAF8	8000	86
7350	FAFE	8001	28
7350	FB05	8000	87
7350	FB0B	8001	29
7350	FDA9	8000	86
7350	FDB1	8001	06
7350	FDBA	8000	87
7350	FDC2	8001	07
7350	FC3F	8000	86
7350	FC48	8001	06
7350	FC4F	8000	87
7350	FC58	8001	07
7350	FDA9	8000	86
7350	FDB1	8001	18
7350	FDBA	8000	87
7350	FDC2	8001	19
7350	FDA9	8000	86
7350	FDB1	8001	28
7350	FDBA	8000	87
7350	FDC2	8001	29
7350	FDA9	8000	86
7350	FDB1	8001	28
7350	FDBA	8000	87
7350	FDC2	8001	29
7350	F9B3	8000	80
7350	F9B9	8001	FC
7350	F9BE	8000	81
7350	F9C4	8001	0A
7350	F9C9	8000	82
7350	F9CF	8001	A2
7350	F9D4	8000	83
7350	F9DA	8001	01
7350	F9DF	8000	84
7350	F9E5	8001	02
7350	F9EA	8000	85
7350	F9F0	8001	0A
7350	F8DB	8000	87
7350	F9B3	8000	80
7350	F9B9	8001	FC
7350	F9BE	8000	81
7350	F9C4	8001	0A
7350	F9C9	8000	82
7350	F9CF	8001	00
7350	F9D4	8000	83
7350	F9DA	8001	01
7350	F9DF	8000	84
7350	F9E5	8001	02
7350	F9EA	8000	85
7350	F9F0	8001	0A
7350	F8DB	8000	87
