f=315 sl=-01 pc=FABC address=2003 value=00 state394=88 state395=88
f=315 sl=-01 pc=FAC1 address=2004 value=B7 state394=88 state395=88
f=315 sl=-01 pc=FAC1 address=2004 value=A0 state394=88 state395=88
f=315 sl=-01 pc=FAC1 address=2004 value=01 state394=88 state395=88
f=315 sl=-01 pc=FAC1 address=2004 value=10 state394=88 state395=88
f=315 sl=-01 pc=FAC1 address=2004 value=B7 state394=88 state395=88
f=315 sl=-01 pc=FAC1 address=2004 value=A1 state394=88 state395=88
f=315 sl=-01 pc=FAC1 address=2004 value=01 state394=88 state395=88
f=315 sl=-01 pc=FAC1 address=2004 value=18 state394=88 state395=88
f=315 sl=-01 pc=FAC1 address=2004 value=B7 state394=88 state395=88
f=315 sl=-01 pc=FAC1 address=2004 value=A2 state394=88 state395=88
f=315 sl=-01 pc=FAC1 address=2004 value=01 state394=88 state395=88
f=315 sl=-01 pc=FAC1 address=2004 value=20 state394=88 state395=88
f=315 sl=-01 pc=FAC1 address=2004 value=B7 state394=88 state395=88
f=315 sl=-01 pc=FAC1 address=2004 value=A3 state394=88 state395=88
f=315 sl=-01 pc=FAC1 address=2004 value=01 state394=88 state395=88
f=315 sl=-01 pc=FAC1 address=2004 value=28 state394=88 state395=88
f=315 sl=-01 pc=FAC1 address=2004 value=BF state394=88 state395=88
f=315 sl=-01 pc=FAC1 address=2004 value=A4 state394=88 state395=88
f=315 sl=-01 pc=FAC1 address=2004 value=01 state394=88 state395=88
f=315 sl=-01 pc=FAC1 address=2004 value=10 state394=88 state395=88
f=315 sl=-01 pc=FAC1 address=2004 value=BF state394=88 state395=88
f=315 sl=-01 pc=FAC1 address=2004 value=A5 state394=88 state395=88
f=315 sl=-01 pc=FAC1 address=2004 value=01 state394=88 state395=88
f=315 sl=-01 pc=FAC1 address=2004 value=18 state394=88 state395=88
f=315 sl=-01 pc=FAC1 address=2004 value=BF state394=88 state395=88
f=315 sl=-01 pc=FAC1 address=2004 value=A6 state394=88 state395=88
f=315 sl=-01 pc=FAC1 address=2004 value=01 state394=88 state395=88
f=315 sl=-01 pc=FAC1 address=2004 value=20 state394=88 state395=88
f=315 sl=-01 pc=FAC1 address=2004 value=BF state394=88 state395=88
f=315 sl=-01 pc=FAC1 address=2004 value=A7 state394=88 state395=88
f=315 sl=-01 pc=FAC1 address=2004 value=01 state394=88 state395=88
f=315 sl=-01 pc=FAC1 address=2004 value=28 state394=88 state395=88
f=315 sl=-01 pc=FAC1 address=2004 value=C7 state394=88 state395=88
f=315 sl=-01 pc=FAC1 address=2004 value=A8 state394=88 state395=88
f=315 sl=-01 pc=FAC1 address=2004 value=01 state394=88 state395=88
f=315 sl=-01 pc=FAC1 address=2004 value=10 state394=88 state395=88
f=315 sl=-01 pc=FAC1 address=2004 value=C7 state394=88 state395=88
f=315 sl=-01 pc=FAC1 address=2004 value=A9 state394=88 state395=88
f=315 sl=-01 pc=FAC1 address=2004 value=01 state394=88 state395=88
f=315 sl=-01 pc=FAC1 address=2004 value=18 state394=88 state395=88
f=315 sl=-01 pc=FAC1 address=2004 value=C7 state394=88 state395=88
f=315 sl=-01 pc=FAC1 address=2004 value=AA state394=88 state395=88
f=315 sl=-01 pc=FAC1 address=2004 value=01 state394=88 state395=88
f=315 sl=-01 pc=FAC1 address=2004 value=20 state394=88 state395=88
f=315 sl=-01 pc=FAC1 address=2004 value=C7 state394=88 state395=88
f=315 sl=-01 pc=FAC1 address=2004 value=AB state394=88 state395=88
f=315 sl=-01 pc=FAC1 address=2004 value=01 state394=88 state395=88
f=315 sl=-01 pc=FAC1 address=2004 value=28 state394=88 state395=88
f=315 sl=-01 pc=FAC1 address=2004 value=CF state394=88 state395=88
f=315 sl=-01 pc=FAC1 address=2004 value=AC state394=88 state395=88
f=315 sl=-01 pc=FAC1 address=2004 value=01 state394=88 state395=88
f=315 sl=-01 pc=FAC1 address=2004 value=10 state394=88 state395=88
f=315 sl=-01 pc=FAC1 address=2004 value=CF state394=88 state395=88
f=315 sl=-01 pc=FAC1 address=2004 value=AD state394=88 state395=88
f=315 sl=-01 pc=FAC1 address=2004 value=01 state394=88 state395=88
f=315 sl=-01 pc=FAC1 address=2004 value=18 state394=88 state395=88
f=315 sl=-01 pc=FAC1 address=2004 value=CF state394=88 state395=88
f=315 sl=-01 pc=FAC1 address=2004 value=AE state394=88 state395=88
f=315 sl=-01 pc=FAC1 address=2004 value=01 state394=88 state395=88
f=315 sl=-01 pc=FAC1 address=2004 value=20 state394=88 state395=88
f=315 sl=-01 pc=FAC1 address=2004 value=CF state394=88 state395=88
f=315 sl=-01 pc=FAC1 address=2004 value=AF state394=88 state395=88
f=315 sl=-01 pc=FAC1 address=2004 value=01 state394=88 state395=88
f=315 sl=-01 pc=FAC1 address=2004 value=28 state394=88 state395=88
f=315 sl=-01 pc=FAC1 address=2004 value=4F state394=88 state395=88
f=315 sl=-01 pc=FAC1 address=2004 value=23 state394=88 state395=88
f=315 sl=-01 pc=FAC1 address=2004 value=00 state394=88 state395=88
f=315 sl=-01 pc=FAC1 address=2004 value=8B state394=88 state395=88
f=315 sl=-01 pc=FAC1 address=2004 value=14 state394=88 state395=88
f=315 sl=-01 pc=FAC1 address=2004 value=06 state394=88 state395=88
f=315 sl=-01 pc=FAC1 address=2004 value=00 state394=88 state395=88
f=315 sl=-01 pc=FAC1 address=2004 value=3C state394=88 state395=88
f=315 sl=-01 pc=FAC1 address=2004 value=44 state394=88 state395=88
f=315 sl=-01 pc=FAC1 address=2004 value=35 state394=88 state395=88
f=315 sl=-01 pc=FAC1 address=2004 value=02 state394=88 state395=88
f=315 sl=-01 pc=FAC1 address=2004 value=A3 state394=88 state395=88
f=315 sl=-01 pc=FAC1 address=2004 value=3B state394=88 state395=88
f=315 sl=-01 pc=FAC1 address=2004 value=2A state394=88 state395=88
f=315 sl=-01 pc=FAC1 address=2004 value=02 state394=88 state395=88
f=315 sl=-01 pc=FAC1 address=2004 value=8C state394=88 state395=88
f=315 sl=-01 pc=FAC1 address=2004 value=5F state394=88 state395=88
f=315 sl=-01 pc=FAC1 address=2004 value=27 state394=88 state395=88
f=315 sl=-01 pc=FAC1 address=2004 value=00 state394=88 state395=88
f=315 sl=-01 pc=FAC1 address=2004 value=7B state394=88 state395=88
f=315 sl=-01 pc=FAC1 address=2004 value=14 state394=88 state395=88
f=315 sl=-01 pc=FAC1 address=2004 value=06 state394=88 state395=88
f=315 sl=-01 pc=FAC1 address=2004 value=40 state394=88 state395=88
f=315 sl=-01 pc=FAC1 address=2004 value=4C state394=88 state395=88
f=315 sl=-01 pc=FAC1 address=2004 value=4C state394=88 state395=88
f=315 sl=-01 pc=FAC1 address=2004 value=39 state394=88 state395=88
f=315 sl=-01 pc=FAC1 address=2004 value=02 state394=88 state395=88
f=315 sl=-01 pc=FAC1 address=2004 value=AB state394=88 state395=88
f=315 sl=-01 pc=FAC1 address=2004 value=31 state394=88 state395=88
f=315 sl=-01 pc=FAC1 address=2004 value=2E state394=88 state395=88
f=315 sl=-01 pc=FAC1 address=2004 value=02 state394=88 state395=88
f=315 sl=-01 pc=FAC1 address=2004 value=98 state394=88 state395=88
f=315 sl=-01 pc=FAC1 address=2004 value=F4 state394=88 state395=88
f=315 sl=-01 pc=FAC1 address=2004 value=06 state394=88 state395=88
f=315 sl=-01 pc=FAC1 address=2004 value=40 state394=88 state395=88
f=315 sl=-01 pc=FAC1 address=2004 value=4C state394=88 state395=88
f=315 sl=-01 pc=FAC1 address=2004 value=24 state394=88 state395=88
f=315 sl=-01 pc=FAC1 address=2004 value=06 state394=88 state395=88
f=315 sl=-01 pc=FAC1 address=2004 value=C0 state394=88 state395=88
f=315 sl=-01 pc=FAC1 address=2004 value=4C state394=88 state395=88
f=315 sl=-01 pc=FAC1 address=2004 value=39 state394=88 state395=88
f=315 sl=-01 pc=FAC1 address=2004 value=3D state394=88 state395=88
f=315 sl=-01 pc=FAC1 address=2004 value=02 state394=88 state395=88
f=315 sl=-01 pc=FAC1 address=2004 value=C8 state394=88 state395=88
f=315 sl=-01 pc=FAC1 address=2004 value=32 state394=88 state395=88
f=315 sl=-01 pc=FAC1 address=2004 value=32 state394=88 state395=88
f=315 sl=-01 pc=FAC1 address=2004 value=02 state394=88 state395=88
f=315 sl=-01 pc=FAC1 address=2004 value=A0 state394=88 state395=88
f=315 sl=-01 pc=FAC1 address=2004 value=F4 state394=88 state395=88
f=315 sl=-01 pc=FAC1 address=2004 value=06 state394=88 state395=88
f=315 sl=-01 pc=FAC1 address=2004 value=C0 state394=88 state395=88
f=315 sl=-01 pc=FAC1 address=2004 value=4C state394=88 state395=88
f=315 sl=-01 pc=FAC1 address=2004 value=57 state394=88 state395=88
f=315 sl=-01 pc=FAC1 address=2004 value=24 state394=88 state395=88
f=315 sl=-01 pc=FAC1 address=2004 value=00 state394=88 state395=88
f=315 sl=-01 pc=FAC1 address=2004 value=7B state394=88 state395=88
f=315 sl=-01 pc=FAC1 address=2004 value=14 state394=88 state395=88
f=315 sl=-01 pc=FAC1 address=2004 value=07 state394=88 state395=88
f=315 sl=-01 pc=FAC1 address=2004 value=00 state394=88 state395=88
f=315 sl=-01 pc=FAC1 address=2004 value=44 state394=88 state395=88
f=315 sl=-01 pc=FAC1 address=2004 value=2C state394=88 state395=88
f=315 sl=-01 pc=FAC1 address=2004 value=36 state394=88 state395=88
f=315 sl=-01 pc=FAC1 address=2004 value=02 state394=88 state395=88
f=315 sl=-01 pc=FAC1 address=2004 value=A8 state394=88 state395=88
f=315 sl=-01 pc=FAC1 address=2004 value=2C state394=88 state395=88
f=315 sl=-01 pc=FAC1 address=2004 value=2B state394=88 state395=88
f=315 sl=-01 pc=FAC1 address=2004 value=02 state394=88 state395=88
f=315 sl=-01 pc=FAC1 address=2004 value=90 state394=88 state395=88
f=315 sl=-01 pc=FAC1 address=2004 value=5F state394=88 state395=88
f=315 sl=-01 pc=FAC1 address=2004 value=28 state394=88 state395=88
f=315 sl=-01 pc=FAC1 address=2004 value=00 state394=88 state395=88
f=315 sl=-01 pc=FAC1 address=2004 value=83 state394=88 state395=88
f=315 sl=-01 pc=FAC1 address=2004 value=24 state394=88 state395=88
f=315 sl=-01 pc=FAC1 address=2004 value=07 state394=88 state395=88
f=315 sl=-01 pc=FAC1 address=2004 value=80 state394=88 state395=88
f=315 sl=-01 pc=FAC1 address=2004 value=44 state394=88 state395=88
f=315 sl=-01 pc=FAC1 address=2004 value=2E state394=88 state395=88
f=315 sl=-01 pc=FAC1 address=2004 value=3A state394=88 state395=88
f=315 sl=-01 pc=FAC1 address=2004 value=02 state394=88 state395=88
f=315 sl=-01 pc=FAC1 address=2004 value=B0 state394=88 state395=88
f=315 sl=-01 pc=FAC1 address=2004 value=45 state394=88 state395=88
f=315 sl=-01 pc=FAC1 address=2004 value=2F state394=88 state395=88
f=315 sl=-01 pc=FAC1 address=2004 value=02 state394=88 state395=88
f=315 sl=-01 pc=FAC1 address=2004 value=9F state394=88 state395=88
f=315 sl=-01 pc=FAC1 address=2004 value=F4 state394=88 state395=88
f=315 sl=-01 pc=FAC1 address=2004 value=07 state394=88 state395=88
f=315 sl=-01 pc=FAC1 address=2004 value=80 state394=88 state395=88
f=315 sl=-01 pc=FAC1 address=2004 value=44 state394=88 state395=88
f=315 sl=-01 pc=FAC1 address=2004 value=4F state394=88 state395=88
f=315 sl=-01 pc=FAC1 address=2004 value=21 state394=88 state395=88
f=315 sl=-01 pc=FAC1 address=2004 value=00 state394=88 state395=88
f=315 sl=-01 pc=FAC1 address=2004 value=7B state394=88 state395=88
f=315 sl=-01 pc=FAC1 address=2004 value=39 state394=88 state395=88
f=315 sl=-01 pc=FAC1 address=2004 value=3E state394=88 state395=88
f=315 sl=-01 pc=FAC1 address=2004 value=02 state394=88 state395=88
f=315 sl=-01 pc=FAC1 address=2004 value=D0 state394=88 state395=88
f=315 sl=-01 pc=FAC1 address=2004 value=56 state394=88 state395=88
f=315 sl=-01 pc=FAC1 address=2004 value=33 state394=88 state395=88
f=315 sl=-01 pc=FAC1 address=2004 value=02 state394=88 state395=88
f=315 sl=-01 pc=FAC1 address=2004 value=A0 state394=88 state395=88
f=315 sl=-01 pc=FAC1 address=2004 value=F4 state394=88 state395=88
f=315 sl=-01 pc=FAC1 address=2004 value=21 state394=88 state395=88
f=315 sl=-01 pc=FAC1 address=2004 value=00 state394=88 state395=88
f=315 sl=-01 pc=FAC1 address=2004 value=7B state394=88 state395=88
f=315 sl=-01 pc=FAC1 address=2004 value=57 state394=88 state395=88
f=315 sl=-01 pc=FAC1 address=2004 value=25 state394=88 state395=88
f=315 sl=-01 pc=FAC1 address=2004 value=00 state394=88 state395=88
f=315 sl=-01 pc=FAC1 address=2004 value=83 state394=88 state395=88
f=315 sl=-01 pc=FAC1 address=2004 value=1C state394=88 state395=88
f=315 sl=-01 pc=FAC1 address=2004 value=08 state394=88 state395=88
f=315 sl=-01 pc=FAC1 address=2004 value=00 state394=88 state395=88
f=315 sl=-01 pc=FAC1 address=2004 value=3C state394=88 state395=88
f=315 sl=-01 pc=FAC1 address=2004 value=34 state394=88 state395=88
f=315 sl=-01 pc=FAC1 address=2004 value=37 state394=88 state395=88
f=315 sl=-01 pc=FAC1 address=2004 value=02 state394=88 state395=88
f=315 sl=-01 pc=FAC1 address=2004 value=AB state394=88 state395=88
f=315 sl=-01 pc=FAC1 address=2004 value=4C state394=88 state395=88
f=315 sl=-01 pc=FAC1 address=2004 value=2C state394=88 state395=88
f=315 sl=-01 pc=FAC1 address=2004 value=02 state394=88 state395=88
f=315 sl=-01 pc=FAC1 address=2004 value=97 state394=88 state395=88
f=315 sl=-01 pc=FAC1 address=2004 value=5F state394=88 state395=88
f=315 sl=-01 pc=FAC1 address=2004 value=29 state394=88 state395=88
f=315 sl=-01 pc=FAC1 address=2004 value=00 state394=88 state395=88
f=315 sl=-01 pc=FAC1 address=2004 value=8B state394=88 state395=88
f=315 sl=-01 pc=FAC1 address=2004 value=1C state394=88 state395=88
f=315 sl=-01 pc=FAC1 address=2004 value=08 state394=88 state395=88
f=315 sl=-01 pc=FAC1 address=2004 value=40 state394=88 state395=88
f=315 sl=-01 pc=FAC1 address=2004 value=4C state394=88 state395=88
f=315 sl=-01 pc=FAC1 address=2004 value=37 state394=88 state395=88
f=315 sl=-01 pc=FAC1 address=2004 value=3B state394=88 state395=88
f=315 sl=-01 pc=FAC1 address=2004 value=02 state394=88 state395=88
f=315 sl=-01 pc=FAC1 address=2004 value=C6 state394=88 state395=88
f=315 sl=-01 pc=FAC1 address=2004 value=4D state394=88 state395=88
f=315 sl=-01 pc=FAC1 address=2004 value=30 state394=88 state395=88
f=315 sl=-01 pc=FAC1 address=2004 value=02 state394=88 state395=88
f=315 sl=-01 pc=FAC1 address=2004 value=9F state394=88 state395=88
f=315 sl=-01 pc=FAC1 address=2004 value=F4 state394=88 state395=88
f=315 sl=-01 pc=FAC1 address=2004 value=08 state394=88 state395=88
f=315 sl=-01 pc=FAC1 address=2004 value=40 state394=88 state395=88
f=315 sl=-01 pc=FAC1 address=2004 value=4C state394=88 state395=88
f=315 sl=-01 pc=FAC1 address=2004 value=4F state394=88 state395=88
f=315 sl=-01 pc=FAC1 address=2004 value=22 state394=88 state395=88
f=315 sl=-01 pc=FAC1 address=2004 value=00 state394=88 state395=88
f=315 sl=-01 pc=FAC1 address=2004 value=83 state394=88 state395=88
f=315 sl=-01 pc=FAC1 address=2004 value=22 state394=88 state395=88
f=315 sl=-01 pc=FAC1 address=2004 value=0F state394=88 state395=88
f=315 sl=-01 pc=FAC1 address=2004 value=00 state394=88 state395=88
f=315 sl=-01 pc=FAC1 address=2004 value=99 state394=88 state395=88
f=315 sl=-01 pc=FAC1 address=2004 value=3C state394=88 state395=88
f=315 sl=-01 pc=FAC1 address=2004 value=34 state394=88 state395=88
f=315 sl=-01 pc=FAC1 address=2004 value=02 state394=88 state395=88
f=315 sl=-01 pc=FAC1 address=2004 value=A3 state394=88 state395=88
f=315 sl=-01 pc=FAC1 address=2004 value=F4 state394=88 state395=88
f=315 sl=-01 pc=FAC1 address=2004 value=22 state394=88 state395=88
f=315 sl=-01 pc=FAC1 address=2004 value=00 state394=88 state395=88
f=315 sl=-01 pc=FAC1 address=2004 value=83 state394=88 state395=88
f=315 sl=-01 pc=FAC1 address=2004 value=57 state394=88 state395=88
f=315 sl=-01 pc=FAC1 address=2004 value=26 state394=88 state395=88
f=315 sl=-01 pc=FAC1 address=2004 value=00 state394=88 state395=88
f=315 sl=-01 pc=FAC1 address=2004 value=8B state394=88 state395=88
f=315 sl=-01 pc=FAC1 address=2004 value=1C state394=88 state395=88
f=315 sl=-01 pc=FAC1 address=2004 value=09 state394=88 state395=88
f=315 sl=-01 pc=FAC1 address=2004 value=00 state394=88 state395=88
f=315 sl=-01 pc=FAC1 address=2004 value=44 state394=88 state395=88
f=315 sl=-01 pc=FAC1 address=2004 value=3C state394=88 state395=88
f=315 sl=-01 pc=FAC1 address=2004 value=38 state394=88 state395=88
f=315 sl=-01 pc=FAC1 address=2004 value=02 state394=88 state395=88
f=315 sl=-01 pc=FAC1 address=2004 value=AB state394=88 state395=88
f=315 sl=-01 pc=FAC1 address=2004 value=29 state394=88 state395=88
f=315 sl=-01 pc=FAC1 address=2004 value=2D state394=88 state395=88
f=315 sl=-01 pc=FAC1 address=2004 value=02 state394=88 state395=88
f=315 sl=-01 pc=FAC1 address=2004 value=98 state394=88 state395=88
f=315 sl=-01 pc=FAC1 address=2004 value=F4 state394=88 state395=88
f=315 sl=-01 pc=FAC1 address=2004 value=09 state394=88 state395=88
f=315 sl=-01 pc=FAC1 address=2004 value=00 state394=88 state395=88
f=315 sl=-01 pc=FAC1 address=2004 value=44 state394=88 state395=88
f=315 sl=-01 pc=FAC1 address=2004 value=24 state394=88 state395=88
f=315 sl=-01 pc=FAC1 address=2004 value=06 state394=88 state395=88
f=315 sl=-01 pc=FAC1 address=2004 value=80 state394=88 state395=88
f=315 sl=-01 pc=FAC1 address=2004 value=3C state394=88 state395=88
f=315 sl=-01 pc=FAC1 address=2004 value=38 state394=88 state395=88
f=315 sl=-01 pc=FAC1 address=2004 value=3C state394=88 state395=88
f=315 sl=-01 pc=FAC1 address=2004 value=02 state394=88 state395=88
f=315 sl=-01 pc=FAC1 address=2004 value=C7 state394=88 state395=88
f=315 sl=-01 pc=FAC1 address=2004 value=2A state394=88 state395=88
f=315 sl=-01 pc=FAC1 address=2004 value=31 state394=88 state395=88
f=315 sl=-01 pc=FAC1 address=2004 value=02 state394=88 state395=88
f=315 sl=-01 pc=FAC1 address=2004 value=A0 state394=88 state395=88
f=315 sl=-01 pc=FAC1 address=2004 value=F4 state394=88 state395=88
f=315 sl=-01 pc=FAC1 address=2004 value=06 state394=88 state395=88
f=315 sl=-01 pc=FAC1 address=2004 value=80 state394=88 state395=88
f=315 sl=-01 pc=FAC1 address=2004 value=3C state394=88 state395=88
f=315 sl=-01 pc=FAC1 address=4014 value=02 state394=88 state395=88
f=315 sl=-01 pc=D084 address=2000 value=89 state394=88 state395=88
f=315 sl=-01 pc=FACB address=2001 value=1E state394=88 state395=88
f=315 sl=-01 pc=FA0B address=2000 value=89 state394=88 state395=88
f=315 sl=-01 pc=F900 address=2000 value=88 state394=88 state395=88
f=315 sl=-01 pc=F900 address=2000 value=88 state394=88 state395=88
f=316 sl=-01 pc=FABC address=2003 value=00 state394=88 state395=88
f=316 sl=-01 pc=FAC1 address=2004 value=B7 state394=88 state395=88
f=316 sl=-01 pc=FAC1 address=2004 value=A0 state394=88 state395=88
f=316 sl=-01 pc=FAC1 address=2004 value=01 state394=88 state395=88
f=316 sl=-01 pc=FAC1 address=2004 value=10 state394=88 state395=88
f=316 sl=-01 pc=FAC1 address=2004 value=B7 state394=88 state395=88
f=316 sl=-01 pc=FAC1 address=2004 value=A1 state394=88 state395=88
f=316 sl=-01 pc=FAC1 address=2004 value=01 state394=88 state395=88
f=316 sl=-01 pc=FAC1 address=2004 value=18 state394=88 state395=88
f=316 sl=-01 pc=FAC1 address=2004 value=B7 state394=88 state395=88
f=316 sl=-01 pc=FAC1 address=2004 value=A2 state394=88 state395=88
f=316 sl=-01 pc=FAC1 address=2004 value=01 state394=88 state395=88
f=316 sl=-01 pc=FAC1 address=2004 value=20 state394=88 state395=88
f=316 sl=-01 pc=FAC1 address=2004 value=B7 state394=88 state395=88
f=316 sl=-01 pc=FAC1 address=2004 value=A3 state394=88 state395=88
f=316 sl=-01 pc=FAC1 address=2004 value=01 state394=88 state395=88
f=316 sl=-01 pc=FAC1 address=2004 value=28 state394=88 state395=88
f=316 sl=-01 pc=FAC1 address=2004 value=BF state394=88 state395=88
f=316 sl=-01 pc=FAC1 address=2004 value=A4 state394=88 state395=88
f=316 sl=-01 pc=FAC1 address=2004 value=01 state394=88 state395=88
f=316 sl=-01 pc=FAC1 address=2004 value=10 state394=88 state395=88
f=316 sl=-01 pc=FAC1 address=2004 value=BF state394=88 state395=88
f=316 sl=-01 pc=FAC1 address=2004 value=A5 state394=88 state395=88
f=316 sl=-01 pc=FAC1 address=2004 value=01 state394=88 state395=88
f=316 sl=-01 pc=FAC1 address=2004 value=18 state394=88 state395=88
f=316 sl=-01 pc=FAC1 address=2004 value=BF state394=88 state395=88
f=316 sl=-01 pc=FAC1 address=2004 value=A6 state394=88 state395=88
f=316 sl=-01 pc=FAC1 address=2004 value=01 state394=88 state395=88
f=316 sl=-01 pc=FAC1 address=2004 value=20 state394=88 state395=88
f=316 sl=-01 pc=FAC1 address=2004 value=BF state394=88 state395=88
f=316 sl=-01 pc=FAC1 address=2004 value=A7 state394=88 state395=88
f=316 sl=-01 pc=FAC1 address=2004 value=01 state394=88 state395=88
f=316 sl=-01 pc=FAC1 address=2004 value=28 state394=88 state395=88
f=316 sl=-01 pc=FAC1 address=2004 value=C7 state394=88 state395=88
f=316 sl=-01 pc=FAC1 address=2004 value=A8 state394=88 state395=88
f=316 sl=-01 pc=FAC1 address=2004 value=01 state394=88 state395=88
f=316 sl=-01 pc=FAC1 address=2004 value=10 state394=88 state395=88
f=316 sl=-01 pc=FAC1 address=2004 value=C7 state394=88 state395=88
f=316 sl=-01 pc=FAC1 address=2004 value=A9 state394=88 state395=88
f=316 sl=-01 pc=FAC1 address=2004 value=01 state394=88 state395=88
f=316 sl=-01 pc=FAC1 address=2004 value=18 state394=88 state395=88
f=316 sl=-01 pc=FAC1 address=2004 value=C7 state394=88 state395=88
f=316 sl=-01 pc=FAC1 address=2004 value=AA state394=88 state395=88
f=316 sl=-01 pc=FAC1 address=2004 value=01 state394=88 state395=88
f=316 sl=-01 pc=FAC1 address=2004 value=20 state394=88 state395=88
f=316 sl=-01 pc=FAC1 address=2004 value=C7 state394=88 state395=88
f=316 sl=-01 pc=FAC1 address=2004 value=AB state394=88 state395=88
f=316 sl=-01 pc=FAC1 address=2004 value=01 state394=88 state395=88
f=316 sl=-01 pc=FAC1 address=2004 value=28 state394=88 state395=88
f=316 sl=-01 pc=FAC1 address=2004 value=CF state394=88 state395=88
f=316 sl=-01 pc=FAC1 address=2004 value=AC state394=88 state395=88
f=316 sl=-01 pc=FAC1 address=2004 value=01 state394=88 state395=88
f=316 sl=-01 pc=FAC1 address=2004 value=10 state394=88 state395=88
f=316 sl=-01 pc=FAC1 address=2004 value=CF state394=88 state395=88
f=316 sl=-01 pc=FAC1 address=2004 value=AD state394=88 state395=88
f=316 sl=-01 pc=FAC1 address=2004 value=01 state394=88 state395=88
f=316 sl=-01 pc=FAC1 address=2004 value=18 state394=88 state395=88
f=316 sl=-01 pc=FAC1 address=2004 value=CF state394=88 state395=88
f=316 sl=-01 pc=FAC1 address=2004 value=AE state394=88 state395=88
f=316 sl=-01 pc=FAC1 address=2004 value=01 state394=88 state395=88
f=316 sl=-01 pc=FAC1 address=2004 value=20 state394=88 state395=88
f=316 sl=-01 pc=FAC1 address=2004 value=CF state394=88 state395=88
f=316 sl=-01 pc=FAC1 address=2004 value=AF state394=88 state395=88
f=316 sl=-01 pc=FAC1 address=2004 value=01 state394=88 state395=88
f=316 sl=-01 pc=FAC1 address=2004 value=28 state394=88 state395=88
f=316 sl=-01 pc=FAC1 address=2004 value=24 state394=88 state395=88
f=316 sl=-01 pc=FAC1 address=2004 value=0A state394=88 state395=88
f=316 sl=-01 pc=FAC1 address=2004 value=C0 state394=88 state395=88
f=316 sl=-01 pc=FAC1 address=2004 value=4C state394=88 state395=88
f=316 sl=-01 pc=FAC1 address=2004 value=1E state394=88 state395=88
f=316 sl=-01 pc=FAC1 address=2004 value=10 state394=88 state395=88
f=316 sl=-01 pc=FAC1 address=2004 value=00 state394=88 state395=88
f=316 sl=-01 pc=FAC1 address=2004 value=95 state394=88 state395=88
f=316 sl=-01 pc=FAC1 address=2004 value=3C state394=88 state395=88
f=316 sl=-01 pc=FAC1 address=2004 value=34 state394=88 state395=88
f=316 sl=-01 pc=FAC1 address=2004 value=02 state394=88 state395=88
f=316 sl=-01 pc=FAC1 address=2004 value=A3 state394=88 state395=88
f=316 sl=-01 pc=FAC1 address=2004 value=F4 state394=88 state395=88
f=316 sl=-01 pc=FAC1 address=2004 value=2A state394=88 state395=88
f=316 sl=-01 pc=FAC1 address=2004 value=02 state394=88 state395=88
f=316 sl=-01 pc=FAC1 address=2004 value=8C state394=88 state395=88
f=316 sl=-01 pc=FAC1 address=2004 value=F4 state394=88 state395=88
f=316 sl=-01 pc=FAC1 address=2004 value=27 state394=88 state395=88
f=316 sl=-01 pc=FAC1 address=2004 value=00 state394=88 state395=88
f=316 sl=-01 pc=FAC1 address=2004 value=7B state394=88 state395=88
f=316 sl=-01 pc=FAC1 address=2004 value=14 state394=88 state395=88
f=316 sl=-01 pc=FAC1 address=2004 value=0A state394=88 state395=88
f=316 sl=-01 pc=FAC1 address=2004 value=00 state394=88 state395=88
f=316 sl=-01 pc=FAC1 address=2004 value=3C state394=88 state395=88
f=316 sl=-01 pc=FAC1 address=2004 value=3C state394=88 state395=88
f=316 sl=-01 pc=FAC1 address=2004 value=38 state394=88 state395=88
f=316 sl=-01 pc=FAC1 address=2004 value=02 state394=88 state395=88
f=316 sl=-01 pc=FAC1 address=2004 value=AB state394=88 state395=88
f=316 sl=-01 pc=FAC1 address=2004 value=29 state394=88 state395=88
f=316 sl=-01 pc=FAC1 address=2004 value=2D state394=88 state395=88
f=316 sl=-01 pc=FAC1 address=2004 value=02 state394=88 state395=88
f=316 sl=-01 pc=FAC1 address=2004 value=98 state394=88 state395=88
f=316 sl=-01 pc=FAC1 address=2004 value=F4 state394=88 state395=88
f=316 sl=-01 pc=FAC1 address=2004 value=06 state394=88 state395=88
f=316 sl=-01 pc=FAC1 address=2004 value=40 state394=88 state395=88
f=316 sl=-01 pc=FAC1 address=2004 value=4C state394=88 state395=88
f=316 sl=-01 pc=FAC1 address=2004 value=14 state394=88 state395=88
f=316 sl=-01 pc=FAC1 address=2004 value=0A state394=88 state395=88
f=316 sl=-01 pc=FAC1 address=2004 value=40 state394=88 state395=88
f=316 sl=-01 pc=FAC1 address=2004 value=4C state394=88 state395=88
f=316 sl=-01 pc=FAC1 address=2004 value=38 state394=88 state395=88
f=316 sl=-01 pc=FAC1 address=2004 value=3C state394=88 state395=88
f=316 sl=-01 pc=FAC1 address=2004 value=02 state394=88 state395=88
f=316 sl=-01 pc=FAC1 address=2004 value=C7 state394=88 state395=88
f=316 sl=-01 pc=FAC1 address=2004 value=2A state394=88 state395=88
f=316 sl=-01 pc=FAC1 address=2004 value=31 state394=88 state395=88
f=316 sl=-01 pc=FAC1 address=2004 value=02 state394=88 state395=88
f=316 sl=-01 pc=FAC1 address=2004 value=A0 state394=88 state395=88
f=316 sl=-01 pc=FAC1 address=2004 value=F4 state394=88 state395=88
f=316 sl=-01 pc=FAC1 address=2004 value=06 state394=88 state395=88
f=316 sl=-01 pc=FAC1 address=2004 value=C0 state394=88 state395=88
f=316 sl=-01 pc=FAC1 address=2004 value=4C state394=88 state395=88
f=316 sl=-01 pc=FAC1 address=2004 value=24 state394=88 state395=88
f=316 sl=-01 pc=FAC1 address=2004 value=0A state394=88 state395=88
f=316 sl=-01 pc=FAC1 address=2004 value=80 state394=88 state395=88
f=316 sl=-01 pc=FAC1 address=2004 value=3C state394=88 state395=88
f=316 sl=-01 pc=FAC1 address=2004 value=1E state394=88 state395=88
f=316 sl=-01 pc=FAC1 address=2004 value=10 state394=88 state395=88
f=316 sl=-01 pc=FAC1 address=2004 value=40 state394=88 state395=88
f=316 sl=-01 pc=FAC1 address=2004 value=9D state394=88 state395=88
f=316 sl=-01 pc=FAC1 address=2004 value=44 state394=88 state395=88
f=316 sl=-01 pc=FAC1 address=2004 value=35 state394=88 state395=88
f=316 sl=-01 pc=FAC1 address=2004 value=02 state394=88 state395=88
f=316 sl=-01 pc=FAC1 address=2004 value=A3 state394=88 state395=88
f=316 sl=-01 pc=FAC1 address=2004 value=3B state394=88 state395=88
f=316 sl=-01 pc=FAC1 address=2004 value=2A state394=88 state395=88
f=316 sl=-01 pc=FAC1 address=2004 value=02 state394=88 state395=88
f=316 sl=-01 pc=FAC1 address=2004 value=8C state394=88 state395=88
f=316 sl=-01 pc=FAC1 address=2004 value=F4 state394=88 state395=88
f=316 sl=-01 pc=FAC1 address=2004 value=28 state394=88 state395=88
f=316 sl=-01 pc=FAC1 address=2004 value=00 state394=88 state395=88
f=316 sl=-01 pc=FAC1 address=2004 value=83 state394=88 state395=88
f=316 sl=-01 pc=FAC1 address=2004 value=14 state394=88 state395=88
f=316 sl=-01 pc=FAC1 address=2004 value=0B state394=88 state395=88
f=316 sl=-01 pc=FAC1 address=2004 value=00 state394=88 state395=88
f=316 sl=-01 pc=FAC1 address=2004 value=44 state394=88 state395=88
f=316 sl=-01 pc=FAC1 address=2004 value=4C state394=88 state395=88
f=316 sl=-01 pc=FAC1 address=2004 value=39 state394=88 state395=88
f=316 sl=-01 pc=FAC1 address=2004 value=02 state394=88 state395=88
f=316 sl=-01 pc=FAC1 address=2004 value=AB state394=88 state395=88
f=316 sl=-01 pc=FAC1 address=2004 value=31 state394=88 state395=88
f=316 sl=-01 pc=FAC1 address=2004 value=2E state394=88 state395=88
f=316 sl=-01 pc=FAC1 address=2004 value=02 state394=88 state395=88
f=316 sl=-01 pc=FAC1 address=2004 value=98 state394=88 state395=88
f=316 sl=-01 pc=FAC1 address=2004 value=F4 state394=88 state395=88
f=316 sl=-01 pc=FAC1 address=2004 value=07 state394=88 state395=88
f=316 sl=-01 pc=FAC1 address=2004 value=80 state394=88 state395=88
f=316 sl=-01 pc=FAC1 address=2004 value=44 state394=88 state395=88
f=316 sl=-01 pc=FAC1 address=2004 value=24 state394=88 state395=88
f=316 sl=-01 pc=FAC1 address=2004 value=0B state394=88 state395=88
f=316 sl=-01 pc=FAC1 address=2004 value=80 state394=88 state395=88
f=316 sl=-01 pc=FAC1 address=2004 value=44 state394=88 state395=88
f=316 sl=-01 pc=FAC1 address=2004 value=39 state394=88 state395=88
f=316 sl=-01 pc=FAC1 address=2004 value=3D state394=88 state395=88
f=316 sl=-01 pc=FAC1 address=2004 value=02 state394=88 state395=88
f=316 sl=-01 pc=FAC1 address=2004 value=C8 state394=88 state395=88
f=316 sl=-01 pc=FAC1 address=2004 value=32 state394=88 state395=88
f=316 sl=-01 pc=FAC1 address=2004 value=32 state394=88 state395=88
f=316 sl=-01 pc=FAC1 address=2004 value=02 state394=88 state395=88
f=316 sl=-01 pc=FAC1 address=2004 value=A0 state394=88 state395=88
f=316 sl=-01 pc=FAC1 address=2004 value=F4 state394=88 state395=88
f=316 sl=-01 pc=FAC1 address=2004 value=21 state394=88 state395=88
f=316 sl=-01 pc=FAC1 address=2004 value=00 state394=88 state395=88
f=316 sl=-01 pc=FAC1 address=2004 value=7B state394=88 state395=88
f=316 sl=-01 pc=FAC1 address=2004 value=53 state394=88 state395=88
f=316 sl=-01 pc=FAC1 address=2004 value=0E state394=88 state395=88
f=316 sl=-01 pc=FAC1 address=2004 value=00 state394=88 state395=88
f=316 sl=-01 pc=FAC1 address=2004 value=65 state394=88 state395=88
f=316 sl=-01 pc=FAC1 address=2004 value=26 state394=88 state395=88
f=316 sl=-01 pc=FAC1 address=2004 value=10 state394=88 state395=88
f=316 sl=-01 pc=FAC1 address=2004 value=80 state394=88 state395=88
f=316 sl=-01 pc=FAC1 address=2004 value=95 state394=88 state395=88
f=316 sl=-01 pc=FAC1 address=2004 value=2C state394=88 state395=88
f=316 sl=-01 pc=FAC1 address=2004 value=36 state394=88 state395=88
f=316 sl=-01 pc=FAC1 address=2004 value=02 state394=88 state395=88
f=316 sl=-01 pc=FAC1 address=2004 value=A8 state394=88 state395=88
f=316 sl=-01 pc=FAC1 address=2004 value=2C state394=88 state395=88
f=316 sl=-01 pc=FAC1 address=2004 value=2B state394=88 state395=88
f=316 sl=-01 pc=FAC1 address=2004 value=02 state394=88 state395=88
f=316 sl=-01 pc=FAC1 address=2004 value=90 state394=88 state395=88
f=316 sl=-01 pc=FAC1 address=2004 value=F4 state394=88 state395=88
f=316 sl=-01 pc=FAC1 address=2004 value=29 state394=88 state395=88
f=316 sl=-01 pc=FAC1 address=2004 value=00 state394=88 state395=88
f=316 sl=-01 pc=FAC1 address=2004 value=8B state394=88 state395=88
f=316 sl=-01 pc=FAC1 address=2004 value=1C state394=88 state395=88
f=316 sl=-01 pc=FAC1 address=2004 value=0C state394=88 state395=88
f=316 sl=-01 pc=FAC1 address=2004 value=00 state394=88 state395=88
f=316 sl=-01 pc=FAC1 address=2004 value=3C state394=88 state395=88
f=316 sl=-01 pc=FAC1 address=2004 value=2E state394=88 state395=88
f=316 sl=-01 pc=FAC1 address=2004 value=3A state394=88 state395=88
f=316 sl=-01 pc=FAC1 address=2004 value=02 state394=88 state395=88
f=316 sl=-01 pc=FAC1 address=2004 value=B0 state394=88 state395=88
f=316 sl=-01 pc=FAC1 address=2004 value=45 state394=88 state395=88
f=316 sl=-01 pc=FAC1 address=2004 value=2F state394=88 state395=88
f=316 sl=-01 pc=FAC1 address=2004 value=02 state394=88 state395=88
f=316 sl=-01 pc=FAC1 address=2004 value=9F state394=88 state395=88
f=316 sl=-01 pc=FAC1 address=2004 value=F4 state394=88 state395=88
f=316 sl=-01 pc=FAC1 address=2004 value=08 state394=88 state395=88
f=316 sl=-01 pc=FAC1 address=2004 value=40 state394=88 state395=88
f=316 sl=-01 pc=FAC1 address=2004 value=4C state394=88 state395=88
f=316 sl=-01 pc=FAC1 address=2004 value=1C state394=88 state395=88
f=316 sl=-01 pc=FAC1 address=2004 value=0C state394=88 state395=88
f=316 sl=-01 pc=FAC1 address=2004 value=40 state394=88 state395=88
f=316 sl=-01 pc=FAC1 address=2004 value=4C state394=88 state395=88
f=316 sl=-01 pc=FAC1 address=2004 value=39 state394=88 state395=88
f=316 sl=-01 pc=FAC1 address=2004 value=3E state394=88 state395=88
f=316 sl=-01 pc=FAC1 address=2004 value=02 state394=88 state395=88
f=316 sl=-01 pc=FAC1 address=2004 value=D0 state394=88 state395=88
f=316 sl=-01 pc=FAC1 address=2004 value=56 state394=88 state395=88
f=316 sl=-01 pc=FAC1 address=2004 value=33 state394=88 state395=88
f=316 sl=-01 pc=FAC1 address=2004 value=02 state394=88 state395=88
f=316 sl=-01 pc=FAC1 address=2004 value=A0 state394=88 state395=88
f=316 sl=-01 pc=FAC1 address=2004 value=F4 state394=88 state395=88
f=316 sl=-01 pc=FAC1 address=2004 value=22 state394=88 state395=88
f=316 sl=-01 pc=FAC1 address=2004 value=00 state394=88 state395=88
f=316 sl=-01 pc=FAC1 address=2004 value=83 state394=88 state395=88
f=316 sl=-01 pc=FAC1 address=2004 value=F4 state394=88 state395=88
f=316 sl=-01 pc=FAC1 address=2004 value=26 state394=88 state395=88
f=316 sl=-01 pc=FAC1 address=2004 value=00 state394=88 state395=88
f=316 sl=-01 pc=FAC1 address=2004 value=8B state394=88 state395=88
f=316 sl=-01 pc=FAC1 address=2004 value=26 state394=88 state395=88
f=316 sl=-01 pc=FAC1 address=2004 value=10 state394=88 state395=88
f=316 sl=-01 pc=FAC1 address=2004 value=C0 state394=88 state395=88
f=316 sl=-01 pc=FAC1 address=2004 value=9D state394=88 state395=88
f=316 sl=-01 pc=FAC1 address=2004 value=34 state394=88 state395=88
f=316 sl=-01 pc=FAC1 address=2004 value=37 state394=88 state395=88
f=316 sl=-01 pc=FAC1 address=2004 value=02 state394=88 state395=88
f=316 sl=-01 pc=FAC1 address=2004 value=AB state394=88 state395=88
f=316 sl=-01 pc=FAC1 address=2004 value=4C state394=88 state395=88
f=316 sl=-01 pc=FAC1 address=2004 value=2C state394=88 state395=88
f=316 sl=-01 pc=FAC1 address=2004 value=02 state394=88 state395=88
f=316 sl=-01 pc=FAC1 address=2004 value=97 state394=88 state395=88
f=316 sl=-01 pc=FAC1 address=2004 value=F4 state394=88 state395=88
f=316 sl=-01 pc=FAC1 address=2004 value=09 state394=88 state395=88
f=316 sl=-01 pc=FAC1 address=2004 value=00 state394=88 state395=88
f=316 sl=-01 pc=FAC1 address=2004 value=44 state394=88 state395=88
f=316 sl=-01 pc=FAC1 address=2004 value=1C state394=88 state395=88
f=316 sl=-01 pc=FAC1 address=2004 value=0D state394=88 state395=88
f=316 sl=-01 pc=FAC1 address=2004 value=00 state394=88 state395=88
f=316 sl=-01 pc=FAC1 address=2004 value=44 state394=88 state395=88
f=316 sl=-01 pc=FAC1 address=2004 value=37 state394=88 state395=88
f=316 sl=-01 pc=FAC1 address=2004 value=3B state394=88 state395=88
f=316 sl=-01 pc=FAC1 address=2004 value=02 state394=88 state395=88
f=316 sl=-01 pc=FAC1 address=2004 value=C6 state394=88 state395=88
f=316 sl=-01 pc=FAC1 address=2004 value=4D state394=88 state395=88
f=316 sl=-01 pc=FAC1 address=2004 value=30 state394=88 state395=88
f=316 sl=-01 pc=FAC1 address=2004 value=02 state394=88 state395=88
f=316 sl=-01 pc=FAC1 address=2004 value=9F state394=88 state395=88
f=316 sl=-01 pc=FAC1 address=2004 value=F4 state394=88 state395=88
f=316 sl=-01 pc=FAC1 address=2004 value=06 state394=88 state395=88
f=316 sl=-01 pc=FAC1 address=2004 value=80 state394=88 state395=88
f=316 sl=-01 pc=FAC1 address=2004 value=3C state394=88 state395=88
f=316 sl=-01 pc=FAC1 address=4014 value=02 state394=88 state395=88
f=316 sl=-01 pc=D084 address=2000 value=89 state394=88 state395=88
f=316 sl=-01 pc=FACB address=2001 value=1E state394=88 state395=88
f=316 sl=-01 pc=FA0B address=2000 value=89 state394=88 state395=88
f=316 sl=-01 pc=F900 address=2000 value=88 state394=88 state395=88
f=316 sl=-01 pc=F900 address=2000 value=88 state394=88 state395=88
f=317 sl=-01 pc=FABC address=2003 value=00 state394=88 state395=88
f=317 sl=-01 pc=FAC1 address=2004 value=B7 state394=88 state395=88
f=317 sl=-01 pc=FAC1 address=2004 value=A0 state394=88 state395=88
f=317 sl=-01 pc=FAC1 address=2004 value=01 state394=88 state395=88
f=317 sl=-01 pc=FAC1 address=2004 value=10 state394=88 state395=88
f=317 sl=-01 pc=FAC1 address=2004 value=B7 state394=88 state395=88
f=317 sl=-01 pc=FAC1 address=2004 value=A1 state394=88 state395=88
f=317 sl=-01 pc=FAC1 address=2004 value=01 state394=88 state395=88
f=317 sl=-01 pc=FAC1 address=2004 value=18 state394=88 state395=88
f=317 sl=-01 pc=FAC1 address=2004 value=B7 state394=88 state395=88
f=317 sl=-01 pc=FAC1 address=2004 value=A2 state394=88 state395=88
f=317 sl=-01 pc=FAC1 address=2004 value=01 state394=88 state395=88
f=317 sl=-01 pc=FAC1 address=2004 value=20 state394=88 state395=88
f=317 sl=-01 pc=FAC1 address=2004 value=B7 state394=88 state395=88
f=317 sl=-01 pc=FAC1 address=2004 value=A3 state394=88 state395=88
f=317 sl=-01 pc=FAC1 address=2004 value=01 state394=88 state395=88
f=317 sl=-01 pc=FAC1 address=2004 value=28 state394=88 state395=88
f=317 sl=-01 pc=FAC1 address=2004 value=BF state394=88 state395=88
f=317 sl=-01 pc=FAC1 address=2004 value=A4 state394=88 state395=88
f=317 sl=-01 pc=FAC1 address=2004 value=01 state394=88 state395=88
f=317 sl=-01 pc=FAC1 address=2004 value=10 state394=88 state395=88
f=317 sl=-01 pc=FAC1 address=2004 value=BF state394=88 state395=88
f=317 sl=-01 pc=FAC1 address=2004 value=A5 state394=88 state395=88
f=317 sl=-01 pc=FAC1 address=2004 value=01 state394=88 state395=88
f=317 sl=-01 pc=FAC1 address=2004 value=18 state394=88 state395=88
f=317 sl=-01 pc=FAC1 address=2004 value=BF state394=88 state395=88
f=317 sl=-01 pc=FAC1 address=2004 value=A6 state394=88 state395=88
f=317 sl=-01 pc=FAC1 address=2004 value=01 state394=88 state395=88
f=317 sl=-01 pc=FAC1 address=2004 value=20 state394=88 state395=88
f=317 sl=-01 pc=FAC1 address=2004 value=BF state394=88 state395=88
f=317 sl=-01 pc=FAC1 address=2004 value=A7 state394=88 state395=88
f=317 sl=-01 pc=FAC1 address=2004 value=01 state394=88 state395=88
f=317 sl=-01 pc=FAC1 address=2004 value=28 state394=88 state395=88
f=317 sl=-01 pc=FAC1 address=2004 value=C7 state394=88 state395=88
f=317 sl=-01 pc=FAC1 address=2004 value=A8 state394=88 state395=88
f=317 sl=-01 pc=FAC1 address=2004 value=01 state394=88 state395=88
f=317 sl=-01 pc=FAC1 address=2004 value=10 state394=88 state395=88
f=317 sl=-01 pc=FAC1 address=2004 value=C7 state394=88 state395=88
f=317 sl=-01 pc=FAC1 address=2004 value=A9 state394=88 state395=88
f=317 sl=-01 pc=FAC1 address=2004 value=01 state394=88 state395=88
f=317 sl=-01 pc=FAC1 address=2004 value=18 state394=88 state395=88
f=317 sl=-01 pc=FAC1 address=2004 value=C7 state394=88 state395=88
f=317 sl=-01 pc=FAC1 address=2004 value=AA state394=88 state395=88
f=317 sl=-01 pc=FAC1 address=2004 value=01 state394=88 state395=88
f=317 sl=-01 pc=FAC1 address=2004 value=20 state394=88 state395=88
f=317 sl=-01 pc=FAC1 address=2004 value=C7 state394=88 state395=88
f=317 sl=-01 pc=FAC1 address=2004 value=AB state394=88 state395=88
f=317 sl=-01 pc=FAC1 address=2004 value=01 state394=88 state395=88
f=317 sl=-01 pc=FAC1 address=2004 value=28 state394=88 state395=88
f=317 sl=-01 pc=FAC1 address=2004 value=CF state394=88 state395=88
f=317 sl=-01 pc=FAC1 address=2004 value=AC state394=88 state395=88
f=317 sl=-01 pc=FAC1 address=2004 value=01 state394=88 state395=88
f=317 sl=-01 pc=FAC1 address=2004 value=10 state394=88 state395=88
f=317 sl=-01 pc=FAC1 address=2004 value=CF state394=88 state395=88
f=317 sl=-01 pc=FAC1 address=2004 value=AD state394=88 state395=88
f=317 sl=-01 pc=FAC1 address=2004 value=01 state394=88 state395=88
f=317 sl=-01 pc=FAC1 address=2004 value=18 state394=88 state395=88
f=317 sl=-01 pc=FAC1 address=2004 value=CF state394=88 state395=88
f=317 sl=-01 pc=FAC1 address=2004 value=AE state394=88 state395=88
f=317 sl=-01 pc=FAC1 address=2004 value=01 state394=88 state395=88
f=317 sl=-01 pc=FAC1 address=2004 value=20 state394=88 state395=88
f=317 sl=-01 pc=FAC1 address=2004 value=CF state394=88 state395=88
f=317 sl=-01 pc=FAC1 address=2004 value=AF state394=88 state395=88
f=317 sl=-01 pc=FAC1 address=2004 value=01 state394=88 state395=88
f=317 sl=-01 pc=FAC1 address=2004 value=28 state394=88 state395=88
f=317 sl=-01 pc=FAC1 address=2004 value=1C state394=88 state395=88
f=317 sl=-01 pc=FAC1 address=2004 value=0C state394=88 state395=88
f=317 sl=-01 pc=FAC1 address=2004 value=40 state394=88 state395=88
f=317 sl=-01 pc=FAC1 address=2004 value=4C state394=88 state395=88
f=317 sl=-01 pc=FAC1 address=2004 value=39 state394=88 state395=88
f=317 sl=-01 pc=FAC1 address=2004 value=3E state394=88 state395=88
f=317 sl=-01 pc=FAC1 address=2004 value=02 state394=88 state395=88
f=317 sl=-01 pc=FAC1 address=2004 value=D0 state394=88 state395=88
f=317 sl=-01 pc=FAC1 address=2004 value=56 state394=88 state395=88
f=317 sl=-01 pc=FAC1 address=2004 value=33 state394=88 state395=88
f=317 sl=-01 pc=FAC1 address=2004 value=02 state394=88 state395=88
f=317 sl=-01 pc=FAC1 address=2004 value=A0 state394=88 state395=88
f=317 sl=-01 pc=FAC1 address=2004 value=F4 state394=88 state395=88
f=317 sl=-01 pc=FAC1 address=2004 value=2A state394=88 state395=88
f=317 sl=-01 pc=FAC1 address=2004 value=02 state394=88 state395=88
f=317 sl=-01 pc=FAC1 address=2004 value=8C state394=88 state395=88
f=317 sl=-01 pc=FAC1 address=2004 value=F4 state394=88 state395=88
f=317 sl=-01 pc=FAC1 address=2004 value=27 state394=88 state395=88
f=317 sl=-01 pc=FAC1 address=2004 value=00 state394=88 state395=88
f=317 sl=-01 pc=FAC1 address=2004 value=7B state394=88 state395=88
f=317 sl=-01 pc=FAC1 address=2004 value=26 state394=88 state395=88
f=317 sl=-01 pc=FAC1 address=2004 value=10 state394=88 state395=88
f=317 sl=-01 pc=FAC1 address=2004 value=C0 state394=88 state395=88
f=317 sl=-01 pc=FAC1 address=2004 value=9D state394=88 state395=88
f=317 sl=-01 pc=FAC1 address=2004 value=34 state394=88 state395=88
f=317 sl=-01 pc=FAC1 address=2004 value=37 state394=88 state395=88
f=317 sl=-01 pc=FAC1 address=2004 value=02 state394=88 state395=88
f=317 sl=-01 pc=FAC1 address=2004 value=AB state394=88 state395=88
f=317 sl=-01 pc=FAC1 address=2004 value=4C state394=88 state395=88
f=317 sl=-01 pc=FAC1 address=2004 value=2C state394=88 state395=88
f=317 sl=-01 pc=FAC1 address=2004 value=02 state394=88 state395=88
f=317 sl=-01 pc=FAC1 address=2004 value=97 state394=88 state395=88
f=317 sl=-01 pc=FAC1 address=2004 value=F4 state394=88 state395=88
f=317 sl=-01 pc=FAC1 address=2004 value=06 state394=88 state395=88
f=317 sl=-01 pc=FAC1 address=2004 value=40 state394=88 state395=88
f=317 sl=-01 pc=FAC1 address=2004 value=4C state394=88 state395=88
f=317 sl=-01 pc=FAC1 address=2004 value=1C state394=88 state395=88
f=317 sl=-01 pc=FAC1 address=2004 value=0D state394=88 state395=88
f=317 sl=-01 pc=FAC1 address=2004 value=00 state394=88 state395=88
f=317 sl=-01 pc=FAC1 address=2004 value=44 state394=88 state395=88
f=317 sl=-01 pc=FAC1 address=2004 value=37 state394=88 state395=88
f=317 sl=-01 pc=FAC1 address=2004 value=3B state394=88 state395=88
f=317 sl=-01 pc=FAC1 address=2004 value=02 state394=88 state395=88
f=317 sl=-01 pc=FAC1 address=2004 value=C6 state394=88 state395=88
f=317 sl=-01 pc=FAC1 address=2004 value=4D state394=88 state395=88
f=317 sl=-01 pc=FAC1 address=2004 value=30 state394=88 state395=88
f=317 sl=-01 pc=FAC1 address=2004 value=02 state394=88 state395=88
f=317 sl=-01 pc=FAC1 address=2004 value=9F state394=88 state395=88
f=317 sl=-01 pc=FAC1 address=2004 value=F4 state394=88 state395=88
f=317 sl=-01 pc=FAC1 address=2004 value=06 state394=88 state395=88
f=317 sl=-01 pc=FAC1 address=2004 value=C0 state394=88 state395=88
f=317 sl=-01 pc=FAC1 address=2004 value=4C state394=88 state395=88
f=317 sl=-01 pc=FAC1 address=2004 value=24 state394=88 state395=88
f=317 sl=-01 pc=FAC1 address=2004 value=0A state394=88 state395=88
f=317 sl=-01 pc=FAC1 address=2004 value=C0 state394=88 state395=88
f=317 sl=-01 pc=FAC1 address=2004 value=4C state394=88 state395=88
f=317 sl=-01 pc=FAC1 address=2004 value=1E state394=88 state395=88
f=317 sl=-01 pc=FAC1 address=2004 value=10 state394=88 state395=88
f=317 sl=-01 pc=FAC1 address=2004 value=00 state394=88 state395=88
f=317 sl=-01 pc=FAC1 address=2004 value=95 state394=88 state395=88
f=317 sl=-01 pc=FAC1 address=2004 value=3C state394=88 state395=88
f=317 sl=-01 pc=FAC1 address=2004 value=34 state394=88 state395=88
f=317 sl=-01 pc=FAC1 address=2004 value=02 state394=88 state395=88
f=317 sl=-01 pc=FAC1 address=2004 value=A3 state394=88 state395=88
f=317 sl=-01 pc=FAC1 address=2004 value=F4 state394=88 state395=88
f=317 sl=-01 pc=FAC1 address=2004 value=2A state394=88 state395=88
f=317 sl=-01 pc=FAC1 address=2004 value=02 state394=88 state395=88
f=317 sl=-01 pc=FAC1 address=2004 value=8C state394=88 state395=88
f=317 sl=-01 pc=FAC1 address=2004 value=F4 state394=88 state395=88
f=317 sl=-01 pc=FAC1 address=2004 value=28 state394=88 state395=88
f=317 sl=-01 pc=FAC1 address=2004 value=00 state394=88 state395=88
f=317 sl=-01 pc=FAC1 address=2004 value=83 state394=88 state395=88
f=317 sl=-01 pc=FAC1 address=2004 value=14 state394=88 state395=88
f=317 sl=-01 pc=FAC1 address=2004 value=0A state394=88 state395=88
f=317 sl=-01 pc=FAC1 address=2004 value=00 state394=88 state395=88
f=317 sl=-01 pc=FAC1 address=2004 value=3C state394=88 state395=88
f=317 sl=-01 pc=FAC1 address=2004 value=3C state394=88 state395=88
f=317 sl=-01 pc=FAC1 address=2004 value=38 state394=88 state395=88
f=317 sl=-01 pc=FAC1 address=2004 value=02 state394=88 state395=88
f=317 sl=-01 pc=FAC1 address=2004 value=AB state394=88 state395=88
f=317 sl=-01 pc=FAC1 address=2004 value=29 state394=88 state395=88
f=317 sl=-01 pc=FAC1 address=2004 value=2D state394=88 state395=88
f=317 sl=-01 pc=FAC1 address=2004 value=02 state394=88 state395=88
f=317 sl=-01 pc=FAC1 address=2004 value=98 state394=88 state395=88
f=317 sl=-01 pc=FAC1 address=2004 value=F4 state394=88 state395=88
f=317 sl=-01 pc=FAC1 address=2004 value=07 state394=88 state395=88
f=317 sl=-01 pc=FAC1 address=2004 value=80 state394=88 state395=88
f=317 sl=-01 pc=FAC1 address=2004 value=44 state394=88 state395=88
f=317 sl=-01 pc=FAC1 address=2004 value=14 state394=88 state395=88
f=317 sl=-01 pc=FAC1 address=2004 value=0A state394=88 state395=88
f=317 sl=-01 pc=FAC1 address=2004 value=40 state394=88 state395=88
f=317 sl=-01 pc=FAC1 address=2004 value=4C state394=88 state395=88
f=317 sl=-01 pc=FAC1 address=2004 value=38 state394=88 state395=88
f=317 sl=-01 pc=FAC1 address=2004 value=3C state394=88 state395=88
f=317 sl=-01 pc=FAC1 address=2004 value=02 state394=88 state395=88
f=317 sl=-01 pc=FAC1 address=2004 value=C7 state394=88 state395=88
f=317 sl=-01 pc=FAC1 address=2004 value=2A state394=88 state395=88
f=317 sl=-01 pc=FAC1 address=2004 value=31 state394=88 state395=88
f=317 sl=-01 pc=FAC1 address=2004 value=02 state394=88 state395=88
f=317 sl=-01 pc=FAC1 address=2004 value=A0 state394=88 state395=88
f=317 sl=-01 pc=FAC1 address=2004 value=F4 state394=88 state395=88
f=317 sl=-01 pc=FAC1 address=2004 value=21 state394=88 state395=88
f=317 sl=-01 pc=FAC1 address=2004 value=00 state394=88 state395=88
f=317 sl=-01 pc=FAC1 address=2004 value=7B state394=88 state395=88
f=317 sl=-01 pc=FAC1 address=2004 value=24 state394=88 state395=88
f=317 sl=-01 pc=FAC1 address=2004 value=0A state394=88 state395=88
f=317 sl=-01 pc=FAC1 address=2004 value=80 state394=88 state395=88
f=317 sl=-01 pc=FAC1 address=2004 value=3C state394=88 state395=88
f=317 sl=-01 pc=FAC1 address=2004 value=1E state394=88 state395=88
f=317 sl=-01 pc=FAC1 address=2004 value=10 state394=88 state395=88
f=317 sl=-01 pc=FAC1 address=2004 value=40 state394=88 state395=88
f=317 sl=-01 pc=FAC1 address=2004 value=9D state394=88 state395=88
f=317 sl=-01 pc=FAC1 address=2004 value=44 state394=88 state395=88
f=317 sl=-01 pc=FAC1 address=2004 value=35 state394=88 state395=88
f=317 sl=-01 pc=FAC1 address=2004 value=02 state394=88 state395=88
f=317 sl=-01 pc=FAC1 address=2004 value=A3 state394=88 state395=88
f=317 sl=-01 pc=FAC1 address=2004 value=3B state394=88 state395=88
f=317 sl=-01 pc=FAC1 address=2004 value=2A state394=88 state395=88
f=317 sl=-01 pc=FAC1 address=2004 value=02 state394=88 state395=88
f=317 sl=-01 pc=FAC1 address=2004 value=8C state394=88 state395=88
f=317 sl=-01 pc=FAC1 address=2004 value=F4 state394=88 state395=88
f=317 sl=-01 pc=FAC1 address=2004 value=29 state394=88 state395=88
f=317 sl=-01 pc=FAC1 address=2004 value=00 state394=88 state395=88
f=317 sl=-01 pc=FAC1 address=2004 value=8B state394=88 state395=88
f=317 sl=-01 pc=FAC1 address=2004 value=14 state394=88 state395=88
f=317 sl=-01 pc=FAC1 address=2004 value=0B state394=88 state395=88
f=317 sl=-01 pc=FAC1 address=2004 value=00 state394=88 state395=88
f=317 sl=-01 pc=FAC1 address=2004 value=44 state394=88 state395=88
f=317 sl=-01 pc=FAC1 address=2004 value=4C state394=88 state395=88
f=317 sl=-01 pc=FAC1 address=2004 value=39 state394=88 state395=88
f=317 sl=-01 pc=FAC1 address=2004 value=02 state394=88 state395=88
f=317 sl=-01 pc=FAC1 address=2004 value=AB state394=88 state395=88
f=317 sl=-01 pc=FAC1 address=2004 value=31 state394=88 state395=88
f=317 sl=-01 pc=FAC1 address=2004 value=2E state394=88 state395=88
f=317 sl=-01 pc=FAC1 address=2004 value=02 state394=88 state395=88
f=317 sl=-01 pc=FAC1 address=2004 value=98 state394=88 state395=88
f=317 sl=-01 pc=FAC1 address=2004 value=F4 state394=88 state395=88
f=317 sl=-01 pc=FAC1 address=2004 value=08 state394=88 state395=88
f=317 sl=-01 pc=FAC1 address=2004 value=40 state394=88 state395=88
f=317 sl=-01 pc=FAC1 address=2004 value=4C state394=88 state395=88
f=317 sl=-01 pc=FAC1 address=2004 value=24 state394=88 state395=88
f=317 sl=-01 pc=FAC1 address=2004 value=0B state394=88 state395=88
f=317 sl=-01 pc=FAC1 address=2004 value=80 state394=88 state395=88
f=317 sl=-01 pc=FAC1 address=2004 value=44 state394=88 state395=88
f=317 sl=-01 pc=FAC1 address=2004 value=39 state394=88 state395=88
f=317 sl=-01 pc=FAC1 address=2004 value=3D state394=88 state395=88
f=317 sl=-01 pc=FAC1 address=2004 value=02 state394=88 state395=88
f=317 sl=-01 pc=FAC1 address=2004 value=C8 state394=88 state395=88
f=317 sl=-01 pc=FAC1 address=2004 value=32 state394=88 state395=88
f=317 sl=-01 pc=FAC1 address=2004 value=32 state394=88 state395=88
f=317 sl=-01 pc=FAC1 address=2004 value=02 state394=88 state395=88
f=317 sl=-01 pc=FAC1 address=2004 value=A0 state394=88 state395=88
f=317 sl=-01 pc=FAC1 address=2004 value=F4 state394=88 state395=88
f=317 sl=-01 pc=FAC1 address=2004 value=22 state394=88 state395=88
f=317 sl=-01 pc=FAC1 address=2004 value=00 state394=88 state395=88
f=317 sl=-01 pc=FAC1 address=2004 value=83 state394=88 state395=88
f=317 sl=-01 pc=FAC1 address=2004 value=53 state394=88 state395=88
f=317 sl=-01 pc=FAC1 address=2004 value=0E state394=88 state395=88
f=317 sl=-01 pc=FAC1 address=2004 value=00 state394=88 state395=88
f=317 sl=-01 pc=FAC1 address=2004 value=65 state394=88 state395=88
f=317 sl=-01 pc=FAC1 address=2004 value=26 state394=88 state395=88
f=317 sl=-01 pc=FAC1 address=2004 value=10 state394=88 state395=88
f=317 sl=-01 pc=FAC1 address=2004 value=80 state394=88 state395=88
f=317 sl=-01 pc=FAC1 address=2004 value=95 state394=88 state395=88
f=317 sl=-01 pc=FAC1 address=2004 value=2C state394=88 state395=88
f=317 sl=-01 pc=FAC1 address=2004 value=36 state394=88 state395=88
f=317 sl=-01 pc=FAC1 address=2004 value=02 state394=88 state395=88
f=317 sl=-01 pc=FAC1 address=2004 value=A8 state394=88 state395=88
f=317 sl=-01 pc=FAC1 address=2004 value=2C state394=88 state395=88
f=317 sl=-01 pc=FAC1 address=2004 value=2B state394=88 state395=88
f=317 sl=-01 pc=FAC1 address=2004 value=02 state394=88 state395=88
f=317 sl=-01 pc=FAC1 address=2004 value=90 state394=88 state395=88
f=317 sl=-01 pc=FAC1 address=2004 value=F4 state394=88 state395=88
f=317 sl=-01 pc=FAC1 address=2004 value=09 state394=88 state395=88
f=317 sl=-01 pc=FAC1 address=2004 value=00 state394=88 state395=88
f=317 sl=-01 pc=FAC1 address=2004 value=44 state394=88 state395=88
f=317 sl=-01 pc=FAC1 address=2004 value=1C state394=88 state395=88
f=317 sl=-01 pc=FAC1 address=2004 value=0C state394=88 state395=88
f=317 sl=-01 pc=FAC1 address=2004 value=00 state394=88 state395=88
f=317 sl=-01 pc=FAC1 address=2004 value=3C state394=88 state395=88
f=317 sl=-01 pc=FAC1 address=2004 value=2E state394=88 state395=88
f=317 sl=-01 pc=FAC1 address=2004 value=3A state394=88 state395=88
f=317 sl=-01 pc=FAC1 address=2004 value=02 state394=88 state395=88
f=317 sl=-01 pc=FAC1 address=2004 value=B0 state394=88 state395=88
f=317 sl=-01 pc=FAC1 address=2004 value=45 state394=88 state395=88
f=317 sl=-01 pc=FAC1 address=2004 value=2F state394=88 state395=88
f=317 sl=-01 pc=FAC1 address=2004 value=02 state394=88 state395=88
f=317 sl=-01 pc=FAC1 address=2004 value=9F state394=88 state395=88
f=317 sl=-01 pc=FAC1 address=2004 value=F4 state394=88 state395=88
f=317 sl=-01 pc=FAC1 address=2004 value=06 state394=88 state395=88
f=317 sl=-01 pc=FAC1 address=2004 value=80 state394=88 state395=88
f=317 sl=-01 pc=FAC1 address=2004 value=3C state394=88 state395=88
f=317 sl=-01 pc=FAC1 address=4014 value=02 state394=88 state395=88
f=317 sl=-01 pc=D084 address=2000 value=89 state394=88 state395=88
f=317 sl=-01 pc=FACB address=2001 value=1E state394=88 state395=88
f=317 sl=-01 pc=FA0B address=2000 value=89 state394=88 state395=88
f=317 sl=-01 pc=F900 address=2000 value=88 state394=88 state395=88
f=317 sl=-01 pc=F900 address=2000 value=88 state394=88 state395=88
f=318 sl=-01 pc=FABC address=2003 value=00 state394=88 state395=88
f=318 sl=-01 pc=FAC1 address=2004 value=B7 state394=88 state395=88
f=318 sl=-01 pc=FAC1 address=2004 value=A0 state394=88 state395=88
f=318 sl=-01 pc=FAC1 address=2004 value=01 state394=88 state395=88
f=318 sl=-01 pc=FAC1 address=2004 value=10 state394=88 state395=88
f=318 sl=-01 pc=FAC1 address=2004 value=B7 state394=88 state395=88
f=318 sl=-01 pc=FAC1 address=2004 value=A1 state394=88 state395=88
f=318 sl=-01 pc=FAC1 address=2004 value=01 state394=88 state395=88
f=318 sl=-01 pc=FAC1 address=2004 value=18 state394=88 state395=88
f=318 sl=-01 pc=FAC1 address=2004 value=B7 state394=88 state395=88
f=318 sl=-01 pc=FAC1 address=2004 value=A2 state394=88 state395=88
f=318 sl=-01 pc=FAC1 address=2004 value=01 state394=88 state395=88
f=318 sl=-01 pc=FAC1 address=2004 value=20 state394=88 state395=88
f=318 sl=-01 pc=FAC1 address=2004 value=B7 state394=88 state395=88
f=318 sl=-01 pc=FAC1 address=2004 value=A3 state394=88 state395=88
f=318 sl=-01 pc=FAC1 address=2004 value=01 state394=88 state395=88
f=318 sl=-01 pc=FAC1 address=2004 value=28 state394=88 state395=88
f=318 sl=-01 pc=FAC1 address=2004 value=BF state394=88 state395=88
f=318 sl=-01 pc=FAC1 address=2004 value=A4 state394=88 state395=88
f=318 sl=-01 pc=FAC1 address=2004 value=01 state394=88 state395=88
f=318 sl=-01 pc=FAC1 address=2004 value=10 state394=88 state395=88
f=318 sl=-01 pc=FAC1 address=2004 value=BF state394=88 state395=88
f=318 sl=-01 pc=FAC1 address=2004 value=A5 state394=88 state395=88
f=318 sl=-01 pc=FAC1 address=2004 value=01 state394=88 state395=88
f=318 sl=-01 pc=FAC1 address=2004 value=18 state394=88 state395=88
f=318 sl=-01 pc=FAC1 address=2004 value=BF state394=88 state395=88
f=318 sl=-01 pc=FAC1 address=2004 value=A6 state394=88 state395=88
f=318 sl=-01 pc=FAC1 address=2004 value=01 state394=88 state395=88
f=318 sl=-01 pc=FAC1 address=2004 value=20 state394=88 state395=88
f=318 sl=-01 pc=FAC1 address=2004 value=BF state394=88 state395=88
f=318 sl=-01 pc=FAC1 address=2004 value=A7 state394=88 state395=88
f=318 sl=-01 pc=FAC1 address=2004 value=01 state394=88 state395=88
f=318 sl=-01 pc=FAC1 address=2004 value=28 state394=88 state395=88
f=318 sl=-01 pc=FAC1 address=2004 value=C7 state394=88 state395=88
f=318 sl=-01 pc=FAC1 address=2004 value=A8 state394=88 state395=88
f=318 sl=-01 pc=FAC1 address=2004 value=01 state394=88 state395=88
f=318 sl=-01 pc=FAC1 address=2004 value=10 state394=88 state395=88
f=318 sl=-01 pc=FAC1 address=2004 value=C7 state394=88 state395=88
f=318 sl=-01 pc=FAC1 address=2004 value=A9 state394=88 state395=88
f=318 sl=-01 pc=FAC1 address=2004 value=01 state394=88 state395=88
f=318 sl=-01 pc=FAC1 address=2004 value=18 state394=88 state395=88
f=318 sl=-01 pc=FAC1 address=2004 value=C7 state394=88 state395=88
f=318 sl=-01 pc=FAC1 address=2004 value=AA state394=88 state395=88
f=318 sl=-01 pc=FAC1 address=2004 value=01 state394=88 state395=88
f=318 sl=-01 pc=FAC1 address=2004 value=20 state394=88 state395=88
f=318 sl=-01 pc=FAC1 address=2004 value=C7 state394=88 state395=88
f=318 sl=-01 pc=FAC1 address=2004 value=AB state394=88 state395=88
f=318 sl=-01 pc=FAC1 address=2004 value=01 state394=88 state395=88
f=318 sl=-01 pc=FAC1 address=2004 value=28 state394=88 state395=88
f=318 sl=-01 pc=FAC1 address=2004 value=CF state394=88 state395=88
f=318 sl=-01 pc=FAC1 address=2004 value=AC state394=88 state395=88
f=318 sl=-01 pc=FAC1 address=2004 value=01 state394=88 state395=88
f=318 sl=-01 pc=FAC1 address=2004 value=10 state394=88 state395=88
f=318 sl=-01 pc=FAC1 address=2004 value=CF state394=88 state395=88
f=318 sl=-01 pc=FAC1 address=2004 value=AD state394=88 state395=88
f=318 sl=-01 pc=FAC1 address=2004 value=01 state394=88 state395=88
f=318 sl=-01 pc=FAC1 address=2004 value=18 state394=88 state395=88
f=318 sl=-01 pc=FAC1 address=2004 value=CF state394=88 state395=88
f=318 sl=-01 pc=FAC1 address=2004 value=AE state394=88 state395=88
f=318 sl=-01 pc=FAC1 address=2004 value=01 state394=88 state395=88
f=318 sl=-01 pc=FAC1 address=2004 value=20 state394=88 state395=88
f=318 sl=-01 pc=FAC1 address=2004 value=CF state394=88 state395=88
f=318 sl=-01 pc=FAC1 address=2004 value=AF state394=88 state395=88
f=318 sl=-01 pc=FAC1 address=2004 value=01 state394=88 state395=88
f=318 sl=-01 pc=FAC1 address=2004 value=28 state394=88 state395=88
f=318 sl=-01 pc=FAC1 address=2004 value=19 state394=88 state395=88
f=318 sl=-01 pc=FAC1 address=2004 value=21 state394=88 state395=88
f=318 sl=-01 pc=FAC1 address=2004 value=00 state394=88 state395=88
f=318 sl=-01 pc=FAC1 address=2004 value=3C state394=88 state395=88
f=318 sl=-01 pc=FAC1 address=2004 value=39 state394=88 state395=88
f=318 sl=-01 pc=FAC1 address=2004 value=3D state394=88 state395=88
f=318 sl=-01 pc=FAC1 address=2004 value=02 state394=88 state395=88
f=318 sl=-01 pc=FAC1 address=2004 value=C8 state394=88 state395=88
f=318 sl=-01 pc=FAC1 address=2004 value=32 state394=88 state395=88
f=318 sl=-01 pc=FAC1 address=2004 value=32 state394=88 state395=88
f=318 sl=-01 pc=FAC1 address=2004 value=02 state394=88 state395=88
f=318 sl=-01 pc=FAC1 address=2004 value=A0 state394=88 state395=88
f=318 sl=-01 pc=FAC1 address=2004 value=F4 state394=88 state395=88
f=318 sl=-01 pc=FAC1 address=2004 value=2A state394=88 state395=88
f=318 sl=-01 pc=FAC1 address=2004 value=02 state394=88 state395=88
f=318 sl=-01 pc=FAC1 address=2004 value=8C state394=88 state395=88
f=318 sl=-01 pc=FAC1 address=2004 value=21 state394=88 state395=88
f=318 sl=-01 pc=FAC1 address=2004 value=25 state394=88 state395=88
f=318 sl=-01 pc=FAC1 address=2004 value=00 state394=88 state395=88
f=318 sl=-01 pc=FAC1 address=2004 value=44 state394=88 state395=88
f=318 sl=-01 pc=FAC1 address=2004 value=22 state394=88 state395=88
f=318 sl=-01 pc=FAC1 address=2004 value=08 state394=88 state395=88
f=318 sl=-01 pc=FAC1 address=2004 value=00 state394=88 state395=88
f=318 sl=-01 pc=FAC1 address=2004 value=91 state394=88 state395=88
f=318 sl=-01 pc=FAC1 address=2004 value=2C state394=88 state395=88
f=318 sl=-01 pc=FAC1 address=2004 value=36 state394=88 state395=88
f=318 sl=-01 pc=FAC1 address=2004 value=02 state394=88 state395=88
f=318 sl=-01 pc=FAC1 address=2004 value=A8 state394=88 state395=88
f=318 sl=-01 pc=FAC1 address=2004 value=2C state394=88 state395=88
f=318 sl=-01 pc=FAC1 address=2004 value=2B state394=88 state395=88
f=318 sl=-01 pc=FAC1 address=2004 value=02 state394=88 state395=88
f=318 sl=-01 pc=FAC1 address=2004 value=90 state394=88 state395=88
f=318 sl=-01 pc=FAC1 address=2004 value=29 state394=88 state395=88
f=318 sl=-01 pc=FAC1 address=2004 value=29 state394=88 state395=88
f=318 sl=-01 pc=FAC1 address=2004 value=00 state394=88 state395=88
f=318 sl=-01 pc=FAC1 address=2004 value=4C state394=88 state395=88
f=318 sl=-01 pc=FAC1 address=2004 value=22 state394=88 state395=88
f=318 sl=-01 pc=FAC1 address=2004 value=08 state394=88 state395=88
f=318 sl=-01 pc=FAC1 address=2004 value=40 state394=88 state395=88
f=318 sl=-01 pc=FAC1 address=2004 value=A1 state394=88 state395=88
f=318 sl=-01 pc=FAC1 address=2004 value=2E state394=88 state395=88
f=318 sl=-01 pc=FAC1 address=2004 value=3A state394=88 state395=88
f=318 sl=-01 pc=FAC1 address=2004 value=02 state394=88 state395=88
f=318 sl=-01 pc=FAC1 address=2004 value=B0 state394=88 state395=88
f=318 sl=-01 pc=FAC1 address=2004 value=45 state394=88 state395=88
f=318 sl=-01 pc=FAC1 address=2004 value=2F state394=88 state395=88
f=318 sl=-01 pc=FAC1 address=2004 value=02 state394=88 state395=88
f=318 sl=-01 pc=FAC1 address=2004 value=9F state394=88 state395=88
f=318 sl=-01 pc=FAC1 address=2004 value=F4 state394=88 state395=88
f=318 sl=-01 pc=FAC1 address=2004 value=06 state394=88 state395=88
f=318 sl=-01 pc=FAC1 address=2004 value=C0 state394=88 state395=88
f=318 sl=-01 pc=FAC1 address=2004 value=4C state394=88 state395=88
f=318 sl=-01 pc=FAC1 address=2004 value=19 state394=88 state395=88
f=318 sl=-01 pc=FAC1 address=2004 value=22 state394=88 state395=88
f=318 sl=-01 pc=FAC1 address=2004 value=00 state394=88 state395=88
f=318 sl=-01 pc=FAC1 address=2004 value=44 state394=88 state395=88
f=318 sl=-01 pc=FAC1 address=2004 value=39 state394=88 state395=88
f=318 sl=-01 pc=FAC1 address=2004 value=3E state394=88 state395=88
f=318 sl=-01 pc=FAC1 address=2004 value=02 state394=88 state395=88
f=318 sl=-01 pc=FAC1 address=2004 value=D0 state394=88 state395=88
f=318 sl=-01 pc=FAC1 address=2004 value=56 state394=88 state395=88
f=318 sl=-01 pc=FAC1 address=2004 value=33 state394=88 state395=88
f=318 sl=-01 pc=FAC1 address=2004 value=02 state394=88 state395=88
f=318 sl=-01 pc=FAC1 address=2004 value=A0 state394=88 state395=88
f=318 sl=-01 pc=FAC1 address=2004 value=F4 state394=88 state395=88
f=318 sl=-01 pc=FAC1 address=2004 value=2A state394=88 state395=88
f=318 sl=-01 pc=FAC1 address=2004 value=02 state394=88 state395=88
f=318 sl=-01 pc=FAC1 address=2004 value=8C state394=88 state395=88
f=318 sl=-01 pc=FAC1 address=2004 value=21 state394=88 state395=88
f=318 sl=-01 pc=FAC1 address=2004 value=26 state394=88 state395=88
f=318 sl=-01 pc=FAC1 address=2004 value=00 state394=88 state395=88
f=318 sl=-01 pc=FAC1 address=2004 value=4C state394=88 state395=88
f=318 sl=-01 pc=FAC1 address=2004 value=22 state394=88 state395=88
f=318 sl=-01 pc=FAC1 address=2004 value=09 state394=88 state395=88
f=318 sl=-01 pc=FAC1 address=2004 value=00 state394=88 state395=88
f=318 sl=-01 pc=FAC1 address=2004 value=99 state394=88 state395=88
f=318 sl=-01 pc=FAC1 address=2004 value=34 state394=88 state395=88
f=318 sl=-01 pc=FAC1 address=2004 value=37 state394=88 state395=88
f=318 sl=-01 pc=FAC1 address=2004 value=02 state394=88 state395=88
f=318 sl=-01 pc=FAC1 address=2004 value=AB state394=88 state395=88
f=318 sl=-01 pc=FAC1 address=2004 value=4C state394=88 state395=88
f=318 sl=-01 pc=FAC1 address=2004 value=2C state394=88 state395=88
f=318 sl=-01 pc=FAC1 address=2004 value=02 state394=88 state395=88
f=318 sl=-01 pc=FAC1 address=2004 value=97 state394=88 state395=88
f=318 sl=-01 pc=FAC1 address=2004 value=53 state394=88 state395=88
f=318 sl=-01 pc=FAC1 address=2004 value=0F state394=88 state395=88
f=318 sl=-01 pc=FAC1 address=2004 value=00 state394=88 state395=88
f=318 sl=-01 pc=FAC1 address=2004 value=65 state394=88 state395=88
f=318 sl=-01 pc=FAC1 address=2004 value=2A state394=88 state395=88
f=318 sl=-01 pc=FAC1 address=2004 value=06 state394=88 state395=88
f=318 sl=-01 pc=FAC1 address=2004 value=80 state394=88 state395=88
f=318 sl=-01 pc=FAC1 address=2004 value=91 state394=88 state395=88
f=318 sl=-01 pc=FAC1 address=2004 value=37 state394=88 state395=88
f=318 sl=-01 pc=FAC1 address=2004 value=3B state394=88 state395=88
f=318 sl=-01 pc=FAC1 address=2004 value=02 state394=88 state395=88
f=318 sl=-01 pc=FAC1 address=2004 value=C6 state394=88 state395=88
f=318 sl=-01 pc=FAC1 address=2004 value=4D state394=88 state395=88
f=318 sl=-01 pc=FAC1 address=2004 value=30 state394=88 state395=88
f=318 sl=-01 pc=FAC1 address=2004 value=02 state394=88 state395=88
f=318 sl=-01 pc=FAC1 address=2004 value=9F state394=88 state395=88
f=318 sl=-01 pc=FAC1 address=2004 value=F4 state394=88 state395=88
f=318 sl=-01 pc=FAC1 address=2004 value=21 state394=88 state395=88
f=318 sl=-01 pc=FAC1 address=2004 value=00 state394=88 state395=88
f=318 sl=-01 pc=FAC1 address=2004 value=7B state394=88 state395=88
f=318 sl=-01 pc=FAC1 address=2004 value=19 state394=88 state395=88
f=318 sl=-01 pc=FAC1 address=2004 value=23 state394=88 state395=88
f=318 sl=-01 pc=FAC1 address=2004 value=00 state394=88 state395=88
f=318 sl=-01 pc=FAC1 address=2004 value=4C state394=88 state395=88
f=318 sl=-01 pc=FAC1 address=2004 value=1A state394=88 state395=88
f=318 sl=-01 pc=FAC1 address=2004 value=06 state394=88 state395=88
f=318 sl=-01 pc=FAC1 address=2004 value=00 state394=88 state395=88
f=318 sl=-01 pc=FAC1 address=2004 value=91 state394=88 state395=88
f=318 sl=-01 pc=FAC1 address=2004 value=3C state394=88 state395=88
f=318 sl=-01 pc=FAC1 address=2004 value=34 state394=88 state395=88
f=318 sl=-01 pc=FAC1 address=2004 value=02 state394=88 state395=88
f=318 sl=-01 pc=FAC1 address=2004 value=A3 state394=88 state395=88
f=318 sl=-01 pc=FAC1 address=2004 value=F4 state394=88 state395=88
f=318 sl=-01 pc=FAC1 address=2004 value=2A state394=88 state395=88
f=318 sl=-01 pc=FAC1 address=2004 value=02 state394=88 state395=88
f=318 sl=-01 pc=FAC1 address=2004 value=8C state394=88 state395=88
f=318 sl=-01 pc=FAC1 address=2004 value=29 state394=88 state395=88
f=318 sl=-01 pc=FAC1 address=2004 value=27 state394=88 state395=88
f=318 sl=-01 pc=FAC1 address=2004 value=00 state394=88 state395=88
f=318 sl=-01 pc=FAC1 address=2004 value=3C state394=88 state395=88
f=318 sl=-01 pc=FAC1 address=2004 value=1A state394=88 state395=88
f=318 sl=-01 pc=FAC1 address=2004 value=06 state394=88 state395=88
f=318 sl=-01 pc=FAC1 address=2004 value=40 state394=88 state395=88
f=318 sl=-01 pc=FAC1 address=2004 value=A1 state394=88 state395=88
f=318 sl=-01 pc=FAC1 address=2004 value=3C state394=88 state395=88
f=318 sl=-01 pc=FAC1 address=2004 value=38 state394=88 state395=88
f=318 sl=-01 pc=FAC1 address=2004 value=02 state394=88 state395=88
f=318 sl=-01 pc=FAC1 address=2004 value=AB state394=88 state395=88
f=318 sl=-01 pc=FAC1 address=2004 value=29 state394=88 state395=88
f=318 sl=-01 pc=FAC1 address=2004 value=2D state394=88 state395=88
f=318 sl=-01 pc=FAC1 address=2004 value=02 state394=88 state395=88
f=318 sl=-01 pc=FAC1 address=2004 value=98 state394=88 state395=88
f=318 sl=-01 pc=FAC1 address=2004 value=F4 state394=88 state395=88
f=318 sl=-01 pc=FAC1 address=2004 value=08 state394=88 state395=88
f=318 sl=-01 pc=FAC1 address=2004 value=40 state394=88 state395=88
f=318 sl=-01 pc=FAC1 address=2004 value=4C state394=88 state395=88
f=318 sl=-01 pc=FAC1 address=2004 value=2A state394=88 state395=88
f=318 sl=-01 pc=FAC1 address=2004 value=06 state394=88 state395=88
f=318 sl=-01 pc=FAC1 address=2004 value=C0 state394=88 state395=88
f=318 sl=-01 pc=FAC1 address=2004 value=A1 state394=88 state395=88
f=318 sl=-01 pc=FAC1 address=2004 value=38 state394=88 state395=88
f=318 sl=-01 pc=FAC1 address=2004 value=3C state394=88 state395=88
f=318 sl=-01 pc=FAC1 address=2004 value=02 state394=88 state395=88
f=318 sl=-01 pc=FAC1 address=2004 value=C7 state394=88 state395=88
f=318 sl=-01 pc=FAC1 address=2004 value=2A state394=88 state395=88
f=318 sl=-01 pc=FAC1 address=2004 value=31 state394=88 state395=88
f=318 sl=-01 pc=FAC1 address=2004 value=02 state394=88 state395=88
f=318 sl=-01 pc=FAC1 address=2004 value=A0 state394=88 state395=88
f=318 sl=-01 pc=FAC1 address=2004 value=F4 state394=88 state395=88
f=318 sl=-01 pc=FAC1 address=2004 value=22 state394=88 state395=88
f=318 sl=-01 pc=FAC1 address=2004 value=00 state394=88 state395=88
f=318 sl=-01 pc=FAC1 address=2004 value=83 state394=88 state395=88
f=318 sl=-01 pc=FAC1 address=2004 value=21 state394=88 state395=88
f=318 sl=-01 pc=FAC1 address=2004 value=24 state394=88 state395=88
f=318 sl=-01 pc=FAC1 address=2004 value=00 state394=88 state395=88
f=318 sl=-01 pc=FAC1 address=2004 value=3C state394=88 state395=88
f=318 sl=-01 pc=FAC1 address=2004 value=1A state394=88 state395=88
f=318 sl=-01 pc=FAC1 address=2004 value=07 state394=88 state395=88
f=318 sl=-01 pc=FAC1 address=2004 value=00 state394=88 state395=88
f=318 sl=-01 pc=FAC1 address=2004 value=99 state394=88 state395=88
f=318 sl=-01 pc=FAC1 address=2004 value=44 state394=88 state395=88
f=318 sl=-01 pc=FAC1 address=2004 value=35 state394=88 state395=88
f=318 sl=-01 pc=FAC1 address=2004 value=02 state394=88 state395=88
f=318 sl=-01 pc=FAC1 address=2004 value=A3 state394=88 state395=88
f=318 sl=-01 pc=FAC1 address=2004 value=3B state394=88 state395=88
f=318 sl=-01 pc=FAC1 address=2004 value=2A state394=88 state395=88
f=318 sl=-01 pc=FAC1 address=2004 value=02 state394=88 state395=88
f=318 sl=-01 pc=FAC1 address=2004 value=8C state394=88 state395=88
f=318 sl=-01 pc=FAC1 address=2004 value=29 state394=88 state395=88
f=318 sl=-01 pc=FAC1 address=2004 value=28 state394=88 state395=88
f=318 sl=-01 pc=FAC1 address=2004 value=00 state394=88 state395=88
f=318 sl=-01 pc=FAC1 address=2004 value=44 state394=88 state395=88
f=318 sl=-01 pc=FAC1 address=2004 value=2A state394=88 state395=88
f=318 sl=-01 pc=FAC1 address=2004 value=07 state394=88 state395=88
f=318 sl=-01 pc=FAC1 address=2004 value=80 state394=88 state395=88
f=318 sl=-01 pc=FAC1 address=2004 value=99 state394=88 state395=88
f=318 sl=-01 pc=FAC1 address=2004 value=4C state394=88 state395=88
f=318 sl=-01 pc=FAC1 address=2004 value=39 state394=88 state395=88
f=318 sl=-01 pc=FAC1 address=2004 value=02 state394=88 state395=88
f=318 sl=-01 pc=FAC1 address=2004 value=AB state394=88 state395=88
f=318 sl=-01 pc=FAC1 address=2004 value=31 state394=88 state395=88
f=318 sl=-01 pc=FAC1 address=2004 value=2E state394=88 state395=88
f=318 sl=-01 pc=FAC1 address=2004 value=02 state394=88 state395=88
f=318 sl=-01 pc=FAC1 address=2004 value=98 state394=88 state395=88
f=318 sl=-01 pc=FAC1 address=2004 value=F4 state394=88 state395=88
f=318 sl=-01 pc=FAC1 address=2004 value=06 state394=88 state395=88
f=318 sl=-01 pc=FAC1 address=2004 value=80 state394=88 state395=88
f=318 sl=-01 pc=FAC1 address=2004 value=3C state394=88 state395=88
f=318 sl=-01 pc=FAC1 address=4014 value=02 state394=88 state395=88
f=318 sl=-01 pc=D084 address=2000 value=89 state394=88 state395=88
f=318 sl=-01 pc=FACB address=2001 value=1E state394=88 state395=88
f=318 sl=-01 pc=FA0B address=2000 value=89 state394=88 state395=88
f=318 sl=-01 pc=F900 address=2000 value=88 state394=88 state395=88
f=318 sl=-01 pc=F900 address=2000 value=88 state394=88 state395=88
f=319 sl=-01 pc=FABC address=2003 value=00 state394=88 state395=88
f=319 sl=-01 pc=FAC1 address=2004 value=B7 state394=88 state395=88
f=319 sl=-01 pc=FAC1 address=2004 value=A0 state394=88 state395=88
f=319 sl=-01 pc=FAC1 address=2004 value=01 state394=88 state395=88
f=319 sl=-01 pc=FAC1 address=2004 value=10 state394=88 state395=88
f=319 sl=-01 pc=FAC1 address=2004 value=B7 state394=88 state395=88
f=319 sl=-01 pc=FAC1 address=2004 value=A1 state394=88 state395=88
f=319 sl=-01 pc=FAC1 address=2004 value=01 state394=88 state395=88
f=319 sl=-01 pc=FAC1 address=2004 value=18 state394=88 state395=88
f=319 sl=-01 pc=FAC1 address=2004 value=B7 state394=88 state395=88
f=319 sl=-01 pc=FAC1 address=2004 value=A2 state394=88 state395=88
f=319 sl=-01 pc=FAC1 address=2004 value=01 state394=88 state395=88
f=319 sl=-01 pc=FAC1 address=2004 value=20 state394=88 state395=88
f=319 sl=-01 pc=FAC1 address=2004 value=B7 state394=88 state395=88
f=319 sl=-01 pc=FAC1 address=2004 value=A3 state394=88 state395=88
f=319 sl=-01 pc=FAC1 address=2004 value=01 state394=88 state395=88
f=319 sl=-01 pc=FAC1 address=2004 value=28 state394=88 state395=88
f=319 sl=-01 pc=FAC1 address=2004 value=BF state394=88 state395=88
f=319 sl=-01 pc=FAC1 address=2004 value=A4 state394=88 state395=88
f=319 sl=-01 pc=FAC1 address=2004 value=01 state394=88 state395=88
f=319 sl=-01 pc=FAC1 address=2004 value=10 state394=88 state395=88
f=319 sl=-01 pc=FAC1 address=2004 value=BF state394=88 state395=88
f=319 sl=-01 pc=FAC1 address=2004 value=A5 state394=88 state395=88
f=319 sl=-01 pc=FAC1 address=2004 value=01 state394=88 state395=88
f=319 sl=-01 pc=FAC1 address=2004 value=18 state394=88 state395=88
f=319 sl=-01 pc=FAC1 address=2004 value=BF state394=88 state395=88
f=319 sl=-01 pc=FAC1 address=2004 value=A6 state394=88 state395=88
f=319 sl=-01 pc=FAC1 address=2004 value=01 state394=88 state395=88
f=319 sl=-01 pc=FAC1 address=2004 value=20 state394=88 state395=88
f=319 sl=-01 pc=FAC1 address=2004 value=BF state394=88 state395=88
f=319 sl=-01 pc=FAC1 address=2004 value=A7 state394=88 state395=88
f=319 sl=-01 pc=FAC1 address=2004 value=01 state394=88 state395=88
f=319 sl=-01 pc=FAC1 address=2004 value=28 state394=88 state395=88
f=319 sl=-01 pc=FAC1 address=2004 value=C7 state394=88 state395=88
f=319 sl=-01 pc=FAC1 address=2004 value=A8 state394=88 state395=88
f=319 sl=-01 pc=FAC1 address=2004 value=01 state394=88 state395=88
f=319 sl=-01 pc=FAC1 address=2004 value=10 state394=88 state395=88
f=319 sl=-01 pc=FAC1 address=2004 value=C7 state394=88 state395=88
f=319 sl=-01 pc=FAC1 address=2004 value=A9 state394=88 state395=88
f=319 sl=-01 pc=FAC1 address=2004 value=01 state394=88 state395=88
f=319 sl=-01 pc=FAC1 address=2004 value=18 state394=88 state395=88
f=319 sl=-01 pc=FAC1 address=2004 value=C7 state394=88 state395=88
f=319 sl=-01 pc=FAC1 address=2004 value=AA state394=88 state395=88
f=319 sl=-01 pc=FAC1 address=2004 value=01 state394=88 state395=88
f=319 sl=-01 pc=FAC1 address=2004 value=20 state394=88 state395=88
f=319 sl=-01 pc=FAC1 address=2004 value=C7 state394=88 state395=88
f=319 sl=-01 pc=FAC1 address=2004 value=AB state394=88 state395=88
f=319 sl=-01 pc=FAC1 address=2004 value=01 state394=88 state395=88
f=319 sl=-01 pc=FAC1 address=2004 value=28 state394=88 state395=88
f=319 sl=-01 pc=FAC1 address=2004 value=CF state394=88 state395=88
f=319 sl=-01 pc=FAC1 address=2004 value=AC state394=88 state395=88
f=319 sl=-01 pc=FAC1 address=2004 value=01 state394=88 state395=88
f=319 sl=-01 pc=FAC1 address=2004 value=10 state394=88 state395=88
f=319 sl=-01 pc=FAC1 address=2004 value=CF state394=88 state395=88
f=319 sl=-01 pc=FAC1 address=2004 value=AD state394=88 state395=88
f=319 sl=-01 pc=FAC1 address=2004 value=01 state394=88 state395=88
f=319 sl=-01 pc=FAC1 address=2004 value=18 state394=88 state395=88
f=319 sl=-01 pc=FAC1 address=2004 value=CF state394=88 state395=88
f=319 sl=-01 pc=FAC1 address=2004 value=AE state394=88 state395=88
f=319 sl=-01 pc=FAC1 address=2004 value=01 state394=88 state395=88
f=319 sl=-01 pc=FAC1 address=2004 value=20 state394=88 state395=88
f=319 sl=-01 pc=FAC1 address=2004 value=CF state394=88 state395=88
f=319 sl=-01 pc=FAC1 address=2004 value=AF state394=88 state395=88
f=319 sl=-01 pc=FAC1 address=2004 value=01 state394=88 state395=88
f=319 sl=-01 pc=FAC1 address=2004 value=28 state394=88 state395=88
f=319 sl=-01 pc=FAC1 address=2004 value=2A state394=88 state395=88
f=319 sl=-01 pc=FAC1 address=2004 value=06 state394=88 state395=88
f=319 sl=-01 pc=FAC1 address=2004 value=C0 state394=88 state395=88
f=319 sl=-01 pc=FAC1 address=2004 value=A1 state394=88 state395=88
f=319 sl=-01 pc=FAC1 address=2004 value=38 state394=88 state395=88
f=319 sl=-01 pc=FAC1 address=2004 value=3C state394=88 state395=88
f=319 sl=-01 pc=FAC1 address=2004 value=02 state394=88 state395=88
f=319 sl=-01 pc=FAC1 address=2004 value=C7 state394=88 state395=88
f=319 sl=-01 pc=FAC1 address=2004 value=2A state394=88 state395=88
f=319 sl=-01 pc=FAC1 address=2004 value=31 state394=88 state395=88
f=319 sl=-01 pc=FAC1 address=2004 value=02 state394=88 state395=88
f=319 sl=-01 pc=FAC1 address=2004 value=A0 state394=88 state395=88
f=319 sl=-01 pc=FAC1 address=2004 value=F4 state394=88 state395=88
f=319 sl=-01 pc=FAC1 address=2004 value=2A state394=88 state395=88
f=319 sl=-01 pc=FAC1 address=2004 value=02 state394=88 state395=88
f=319 sl=-01 pc=FAC1 address=2004 value=8C state394=88 state395=88
f=319 sl=-01 pc=FAC1 address=2004 value=21 state394=88 state395=88
f=319 sl=-01 pc=FAC1 address=2004 value=24 state394=88 state395=88
f=319 sl=-01 pc=FAC1 address=2004 value=00 state394=88 state395=88
f=319 sl=-01 pc=FAC1 address=2004 value=3C state394=88 state395=88
f=319 sl=-01 pc=FAC1 address=2004 value=1A state394=88 state395=88
f=319 sl=-01 pc=FAC1 address=2004 value=07 state394=88 state395=88
f=319 sl=-01 pc=FAC1 address=2004 value=00 state394=88 state395=88
f=319 sl=-01 pc=FAC1 address=2004 value=99 state394=88 state395=88
f=319 sl=-01 pc=FAC1 address=2004 value=44 state394=88 state395=88
f=319 sl=-01 pc=FAC1 address=2004 value=35 state394=88 state395=88
f=319 sl=-01 pc=FAC1 address=2004 value=02 state394=88 state395=88
f=319 sl=-01 pc=FAC1 address=2004 value=A3 state394=88 state395=88
f=319 sl=-01 pc=FAC1 address=2004 value=3B state394=88 state395=88
f=319 sl=-01 pc=FAC1 address=2004 value=2A state394=88 state395=88
f=319 sl=-01 pc=FAC1 address=2004 value=02 state394=88 state395=88
f=319 sl=-01 pc=FAC1 address=2004 value=8C state394=88 state395=88
f=319 sl=-01 pc=FAC1 address=2004 value=29 state394=88 state395=88
f=319 sl=-01 pc=FAC1 address=2004 value=28 state394=88 state395=88
f=319 sl=-01 pc=FAC1 address=2004 value=00 state394=88 state395=88
f=319 sl=-01 pc=FAC1 address=2004 value=44 state394=88 state395=88
f=319 sl=-01 pc=FAC1 address=2004 value=2A state394=88 state395=88
f=319 sl=-01 pc=FAC1 address=2004 value=07 state394=88 state395=88
f=319 sl=-01 pc=FAC1 address=2004 value=80 state394=88 state395=88
f=319 sl=-01 pc=FAC1 address=2004 value=99 state394=88 state395=88
f=319 sl=-01 pc=FAC1 address=2004 value=4C state394=88 state395=88
f=319 sl=-01 pc=FAC1 address=2004 value=39 state394=88 state395=88
f=319 sl=-01 pc=FAC1 address=2004 value=02 state394=88 state395=88
f=319 sl=-01 pc=FAC1 address=2004 value=AB state394=88 state395=88
f=319 sl=-01 pc=FAC1 address=2004 value=31 state394=88 state395=88
f=319 sl=-01 pc=FAC1 address=2004 value=2E state394=88 state395=88
f=319 sl=-01 pc=FAC1 address=2004 value=02 state394=88 state395=88
f=319 sl=-01 pc=FAC1 address=2004 value=98 state394=88 state395=88
f=319 sl=-01 pc=FAC1 address=2004 value=F4 state394=88 state395=88
f=319 sl=-01 pc=FAC1 address=2004 value=06 state394=88 state395=88
f=319 sl=-01 pc=FAC1 address=2004 value=C0 state394=88 state395=88
f=319 sl=-01 pc=FAC1 address=2004 value=4C state394=88 state395=88
f=319 sl=-01 pc=FAC1 address=2004 value=19 state394=88 state395=88
f=319 sl=-01 pc=FAC1 address=2004 value=21 state394=88 state395=88
f=319 sl=-01 pc=FAC1 address=2004 value=00 state394=88 state395=88
f=319 sl=-01 pc=FAC1 address=2004 value=3C state394=88 state395=88
f=319 sl=-01 pc=FAC1 address=2004 value=39 state394=88 state395=88
f=319 sl=-01 pc=FAC1 address=2004 value=3D state394=88 state395=88
f=319 sl=-01 pc=FAC1 address=2004 value=02 state394=88 state395=88
f=319 sl=-01 pc=FAC1 address=2004 value=C8 state394=88 state395=88
f=319 sl=-01 pc=FAC1 address=2004 value=32 state394=88 state395=88
f=319 sl=-01 pc=FAC1 address=2004 value=32 state394=88 state395=88
f=319 sl=-01 pc=FAC1 address=2004 value=02 state394=88 state395=88
f=319 sl=-01 pc=FAC1 address=2004 value=A0 state394=88 state395=88
f=319 sl=-01 pc=FAC1 address=2004 value=F4 state394=88 state395=88
f=319 sl=-01 pc=FAC1 address=2004 value=2A state394=88 state395=88
f=319 sl=-01 pc=FAC1 address=2004 value=02 state394=88 state395=88
f=319 sl=-01 pc=FAC1 address=2004 value=8C state394=88 state395=88
f=319 sl=-01 pc=FAC1 address=2004 value=21 state394=88 state395=88
f=319 sl=-01 pc=FAC1 address=2004 value=25 state394=88 state395=88
f=319 sl=-01 pc=FAC1 address=2004 value=00 state394=88 state395=88
f=319 sl=-01 pc=FAC1 address=2004 value=44 state394=88 state395=88
f=319 sl=-01 pc=FAC1 address=2004 value=22 state394=88 state395=88
f=319 sl=-01 pc=FAC1 address=2004 value=08 state394=88 state395=88
f=319 sl=-01 pc=FAC1 address=2004 value=00 state394=88 state395=88
f=319 sl=-01 pc=FAC1 address=2004 value=91 state394=88 state395=88
f=319 sl=-01 pc=FAC1 address=2004 value=2C state394=88 state395=88
f=319 sl=-01 pc=FAC1 address=2004 value=36 state394=88 state395=88
f=319 sl=-01 pc=FAC1 address=2004 value=02 state394=88 state395=88
f=319 sl=-01 pc=FAC1 address=2004 value=A8 state394=88 state395=88
f=319 sl=-01 pc=FAC1 address=2004 value=2C state394=88 state395=88
f=319 sl=-01 pc=FAC1 address=2004 value=2B state394=88 state395=88
f=319 sl=-01 pc=FAC1 address=2004 value=02 state394=88 state395=88
f=319 sl=-01 pc=FAC1 address=2004 value=90 state394=88 state395=88
f=319 sl=-01 pc=FAC1 address=2004 value=29 state394=88 state395=88
f=319 sl=-01 pc=FAC1 address=2004 value=29 state394=88 state395=88
f=319 sl=-01 pc=FAC1 address=2004 value=00 state394=88 state395=88
f=319 sl=-01 pc=FAC1 address=2004 value=4C state394=88 state395=88
f=319 sl=-01 pc=FAC1 address=2004 value=22 state394=88 state395=88
f=319 sl=-01 pc=FAC1 address=2004 value=08 state394=88 state395=88
f=319 sl=-01 pc=FAC1 address=2004 value=40 state394=88 state395=88
f=319 sl=-01 pc=FAC1 address=2004 value=A1 state394=88 state395=88
f=319 sl=-01 pc=FAC1 address=2004 value=2E state394=88 state395=88
f=319 sl=-01 pc=FAC1 address=2004 value=3A state394=88 state395=88
f=319 sl=-01 pc=FAC1 address=2004 value=02 state394=88 state395=88
f=319 sl=-01 pc=FAC1 address=2004 value=B0 state394=88 state395=88
f=319 sl=-01 pc=FAC1 address=2004 value=45 state394=88 state395=88
f=319 sl=-01 pc=FAC1 address=2004 value=2F state394=88 state395=88
f=319 sl=-01 pc=FAC1 address=2004 value=02 state394=88 state395=88
f=319 sl=-01 pc=FAC1 address=2004 value=9F state394=88 state395=88
f=319 sl=-01 pc=FAC1 address=2004 value=F4 state394=88 state395=88
f=319 sl=-01 pc=FAC1 address=2004 value=21 state394=88 state395=88
f=319 sl=-01 pc=FAC1 address=2004 value=00 state394=88 state395=88
f=319 sl=-01 pc=FAC1 address=2004 value=7B state394=88 state395=88
f=319 sl=-01 pc=FAC1 address=2004 value=19 state394=88 state395=88
f=319 sl=-01 pc=FAC1 address=2004 value=22 state394=88 state395=88
f=319 sl=-01 pc=FAC1 address=2004 value=00 state394=88 state395=88
f=319 sl=-01 pc=FAC1 address=2004 value=44 state394=88 state395=88
f=319 sl=-01 pc=FAC1 address=2004 value=39 state394=88 state395=88
f=319 sl=-01 pc=FAC1 address=2004 value=3E state394=88 state395=88
f=319 sl=-01 pc=FAC1 address=2004 value=02 state394=88 state395=88
f=319 sl=-01 pc=FAC1 address=2004 value=D0 state394=88 state395=88
f=319 sl=-01 pc=FAC1 address=2004 value=56 state394=88 state395=88
f=319 sl=-01 pc=FAC1 address=2004 value=33 state394=88 state395=88
f=319 sl=-01 pc=FAC1 address=2004 value=02 state394=88 state395=88
f=319 sl=-01 pc=FAC1 address=2004 value=A0 state394=88 state395=88
f=319 sl=-01 pc=FAC1 address=2004 value=F4 state394=88 state395=88
f=319 sl=-01 pc=FAC1 address=2004 value=2A state394=88 state395=88
f=319 sl=-01 pc=FAC1 address=2004 value=02 state394=88 state395=88
f=319 sl=-01 pc=FAC1 address=2004 value=8C state394=88 state395=88
f=319 sl=-01 pc=FAC1 address=2004 value=21 state394=88 state395=88
f=319 sl=-01 pc=FAC1 address=2004 value=26 state394=88 state395=88
f=319 sl=-01 pc=FAC1 address=2004 value=00 state394=88 state395=88
f=319 sl=-01 pc=FAC1 address=2004 value=4C state394=88 state395=88
f=319 sl=-01 pc=FAC1 address=2004 value=22 state394=88 state395=88
f=319 sl=-01 pc=FAC1 address=2004 value=09 state394=88 state395=88
f=319 sl=-01 pc=FAC1 address=2004 value=00 state394=88 state395=88
f=319 sl=-01 pc=FAC1 address=2004 value=99 state394=88 state395=88
f=319 sl=-01 pc=FAC1 address=2004 value=34 state394=88 state395=88
f=319 sl=-01 pc=FAC1 address=2004 value=37 state394=88 state395=88
f=319 sl=-01 pc=FAC1 address=2004 value=02 state394=88 state395=88
f=319 sl=-01 pc=FAC1 address=2004 value=AB state394=88 state395=88
f=319 sl=-01 pc=FAC1 address=2004 value=4C state394=88 state395=88
f=319 sl=-01 pc=FAC1 address=2004 value=2C state394=88 state395=88
f=319 sl=-01 pc=FAC1 address=2004 value=02 state394=88 state395=88
f=319 sl=-01 pc=FAC1 address=2004 value=97 state394=88 state395=88
f=319 sl=-01 pc=FAC1 address=2004 value=53 state394=88 state395=88
f=319 sl=-01 pc=FAC1 address=2004 value=0F state394=88 state395=88
f=319 sl=-01 pc=FAC1 address=2004 value=00 state394=88 state395=88
f=319 sl=-01 pc=FAC1 address=2004 value=65 state394=88 state395=88
f=319 sl=-01 pc=FAC1 address=2004 value=2A state394=88 state395=88
f=319 sl=-01 pc=FAC1 address=2004 value=06 state394=88 state395=88
f=319 sl=-01 pc=FAC1 address=2004 value=80 state394=88 state395=88
f=319 sl=-01 pc=FAC1 address=2004 value=91 state394=88 state395=88
f=319 sl=-01 pc=FAC1 address=2004 value=37 state394=88 state395=88
f=319 sl=-01 pc=FAC1 address=2004 value=3B state394=88 state395=88
f=319 sl=-01 pc=FAC1 address=2004 value=02 state394=88 state395=88
f=319 sl=-01 pc=FAC1 address=2004 value=C6 state394=88 state395=88
f=319 sl=-01 pc=FAC1 address=2004 value=4D state394=88 state395=88
f=319 sl=-01 pc=FAC1 address=2004 value=30 state394=88 state395=88
f=319 sl=-01 pc=FAC1 address=2004 value=02 state394=88 state395=88
f=319 sl=-01 pc=FAC1 address=2004 value=9F state394=88 state395=88
f=319 sl=-01 pc=FAC1 address=2004 value=F4 state394=88 state395=88
f=319 sl=-01 pc=FAC1 address=2004 value=22 state394=88 state395=88
f=319 sl=-01 pc=FAC1 address=2004 value=00 state394=88 state395=88
f=319 sl=-01 pc=FAC1 address=2004 value=83 state394=88 state395=88
f=319 sl=-01 pc=FAC1 address=2004 value=19 state394=88 state395=88
f=319 sl=-01 pc=FAC1 address=2004 value=23 state394=88 state395=88
f=319 sl=-01 pc=FAC1 address=2004 value=00 state394=88 state395=88
f=319 sl=-01 pc=FAC1 address=2004 value=4C state394=88 state395=88
f=319 sl=-01 pc=FAC1 address=2004 value=1A state394=88 state395=88
f=319 sl=-01 pc=FAC1 address=2004 value=06 state394=88 state395=88
f=319 sl=-01 pc=FAC1 address=2004 value=00 state394=88 state395=88
f=319 sl=-01 pc=FAC1 address=2004 value=91 state394=88 state395=88
f=319 sl=-01 pc=FAC1 address=2004 value=3C state394=88 state395=88
f=319 sl=-01 pc=FAC1 address=2004 value=34 state394=88 state395=88
f=319 sl=-01 pc=FAC1 address=2004 value=02 state394=88 state395=88
f=319 sl=-01 pc=FAC1 address=2004 value=A3 state394=88 state395=88
f=319 sl=-01 pc=FAC1 address=2004 value=F4 state394=88 state395=88
f=319 sl=-01 pc=FAC1 address=2004 value=2A state394=88 state395=88
f=319 sl=-01 pc=FAC1 address=2004 value=02 state394=88 state395=88
f=319 sl=-01 pc=FAC1 address=2004 value=8C state394=88 state395=88
f=319 sl=-01 pc=FAC1 address=2004 value=29 state394=88 state395=88
f=319 sl=-01 pc=FAC1 address=2004 value=27 state394=88 state395=88
f=319 sl=-01 pc=FAC1 address=2004 value=00 state394=88 state395=88
f=319 sl=-01 pc=FAC1 address=2004 value=3C state394=88 state395=88
f=319 sl=-01 pc=FAC1 address=2004 value=1A state394=88 state395=88
f=319 sl=-01 pc=FAC1 address=2004 value=06 state394=88 state395=88
f=319 sl=-01 pc=FAC1 address=2004 value=40 state394=88 state395=88
f=319 sl=-01 pc=FAC1 address=2004 value=A1 state394=88 state395=88
f=319 sl=-01 pc=FAC1 address=2004 value=3C state394=88 state395=88
f=319 sl=-01 pc=FAC1 address=2004 value=38 state394=88 state395=88
f=319 sl=-01 pc=FAC1 address=2004 value=02 state394=88 state395=88
f=319 sl=-01 pc=FAC1 address=2004 value=AB state394=88 state395=88
f=319 sl=-01 pc=FAC1 address=2004 value=29 state394=88 state395=88
f=319 sl=-01 pc=FAC1 address=2004 value=2D state394=88 state395=88
f=319 sl=-01 pc=FAC1 address=2004 value=02 state394=88 state395=88
f=319 sl=-01 pc=FAC1 address=2004 value=98 state394=88 state395=88
f=319 sl=-01 pc=FAC1 address=2004 value=F4 state394=88 state395=88
f=319 sl=-01 pc=FAC1 address=2004 value=06 state394=88 state395=88
f=319 sl=-01 pc=FAC1 address=2004 value=80 state394=88 state395=88
f=319 sl=-01 pc=FAC1 address=2004 value=3C state394=88 state395=88
f=319 sl=-01 pc=FAC1 address=4014 value=02 state394=88 state395=88
f=319 sl=-01 pc=D084 address=2000 value=89 state394=88 state395=88
f=319 sl=-01 pc=FACB address=2001 value=1E state394=88 state395=88
f=319 sl=-01 pc=FA0B address=2000 value=89 state394=88 state395=88
f=319 sl=-01 pc=F900 address=2000 value=88 state394=88 state395=88
f=319 sl=-01 pc=F900 address=2000 value=88 state394=88 state395=88
f=320 sl=-01 pc=FABC address=2003 value=00 state394=88 state395=88
f=320 sl=-01 pc=FAC1 address=2004 value=B7 state394=88 state395=88
f=320 sl=-01 pc=FAC1 address=2004 value=A0 state394=88 state395=88
f=320 sl=-01 pc=FAC1 address=2004 value=01 state394=88 state395=88
f=320 sl=-01 pc=FAC1 address=2004 value=10 state394=88 state395=88
f=320 sl=-01 pc=FAC1 address=2004 value=B7 state394=88 state395=88
f=320 sl=-01 pc=FAC1 address=2004 value=A1 state394=88 state395=88
f=320 sl=-01 pc=FAC1 address=2004 value=01 state394=88 state395=88
f=320 sl=-01 pc=FAC1 address=2004 value=18 state394=88 state395=88
f=320 sl=-01 pc=FAC1 address=2004 value=B7 state394=88 state395=88
f=320 sl=-01 pc=FAC1 address=2004 value=A2 state394=88 state395=88
f=320 sl=-01 pc=FAC1 address=2004 value=01 state394=88 state395=88
f=320 sl=-01 pc=FAC1 address=2004 value=20 state394=88 state395=88
f=320 sl=-01 pc=FAC1 address=2004 value=B7 state394=88 state395=88
f=320 sl=-01 pc=FAC1 address=2004 value=A3 state394=88 state395=88
f=320 sl=-01 pc=FAC1 address=2004 value=01 state394=88 state395=88
f=320 sl=-01 pc=FAC1 address=2004 value=28 state394=88 state395=88
f=320 sl=-01 pc=FAC1 address=2004 value=BF state394=88 state395=88
f=320 sl=-01 pc=FAC1 address=2004 value=A4 state394=88 state395=88
f=320 sl=-01 pc=FAC1 address=2004 value=01 state394=88 state395=88
f=320 sl=-01 pc=FAC1 address=2004 value=10 state394=88 state395=88
f=320 sl=-01 pc=FAC1 address=2004 value=BF state394=88 state395=88
f=320 sl=-01 pc=FAC1 address=2004 value=A5 state394=88 state395=88
f=320 sl=-01 pc=FAC1 address=2004 value=01 state394=88 state395=88
f=320 sl=-01 pc=FAC1 address=2004 value=18 state394=88 state395=88
f=320 sl=-01 pc=FAC1 address=2004 value=BF state394=88 state395=88
f=320 sl=-01 pc=FAC1 address=2004 value=A6 state394=88 state395=88
f=320 sl=-01 pc=FAC1 address=2004 value=01 state394=88 state395=88
f=320 sl=-01 pc=FAC1 address=2004 value=20 state394=88 state395=88
f=320 sl=-01 pc=FAC1 address=2004 value=BF state394=88 state395=88
f=320 sl=-01 pc=FAC1 address=2004 value=A7 state394=88 state395=88
f=320 sl=-01 pc=FAC1 address=2004 value=01 state394=88 state395=88
f=320 sl=-01 pc=FAC1 address=2004 value=28 state394=88 state395=88
f=320 sl=-01 pc=FAC1 address=2004 value=C7 state394=88 state395=88
f=320 sl=-01 pc=FAC1 address=2004 value=A8 state394=88 state395=88
f=320 sl=-01 pc=FAC1 address=2004 value=01 state394=88 state395=88
f=320 sl=-01 pc=FAC1 address=2004 value=10 state394=88 state395=88
f=320 sl=-01 pc=FAC1 address=2004 value=C7 state394=88 state395=88
f=320 sl=-01 pc=FAC1 address=2004 value=A9 state394=88 state395=88
f=320 sl=-01 pc=FAC1 address=2004 value=01 state394=88 state395=88
f=320 sl=-01 pc=FAC1 address=2004 value=18 state394=88 state395=88
f=320 sl=-01 pc=FAC1 address=2004 value=C7 state394=88 state395=88
f=320 sl=-01 pc=FAC1 address=2004 value=AA state394=88 state395=88
f=320 sl=-01 pc=FAC1 address=2004 value=01 state394=88 state395=88
f=320 sl=-01 pc=FAC1 address=2004 value=20 state394=88 state395=88
f=320 sl=-01 pc=FAC1 address=2004 value=C7 state394=88 state395=88
f=320 sl=-01 pc=FAC1 address=2004 value=AB state394=88 state395=88
f=320 sl=-01 pc=FAC1 address=2004 value=01 state394=88 state395=88
f=320 sl=-01 pc=FAC1 address=2004 value=28 state394=88 state395=88
f=320 sl=-01 pc=FAC1 address=2004 value=CF state394=88 state395=88
f=320 sl=-01 pc=FAC1 address=2004 value=AC state394=88 state395=88
f=320 sl=-01 pc=FAC1 address=2004 value=01 state394=88 state395=88
f=320 sl=-01 pc=FAC1 address=2004 value=10 state394=88 state395=88
f=320 sl=-01 pc=FAC1 address=2004 value=CF state394=88 state395=88
f=320 sl=-01 pc=FAC1 address=2004 value=AD state394=88 state395=88
f=320 sl=-01 pc=FAC1 address=2004 value=01 state394=88 state395=88
f=320 sl=-01 pc=FAC1 address=2004 value=18 state394=88 state395=88
f=320 sl=-01 pc=FAC1 address=2004 value=CF state394=88 state395=88
f=320 sl=-01 pc=FAC1 address=2004 value=AE state394=88 state395=88
f=320 sl=-01 pc=FAC1 address=2004 value=01 state394=88 state395=88
f=320 sl=-01 pc=FAC1 address=2004 value=20 state394=88 state395=88
f=320 sl=-01 pc=FAC1 address=2004 value=CF state394=88 state395=88
f=320 sl=-01 pc=FAC1 address=2004 value=AF state394=88 state395=88
f=320 sl=-01 pc=FAC1 address=2004 value=01 state394=88 state395=88
f=320 sl=-01 pc=FAC1 address=2004 value=28 state394=88 state395=88
f=320 sl=-01 pc=FAC1 address=2004 value=F4 state394=88 state395=88
f=320 sl=-01 pc=FAC1 address=2004 value=06 state394=88 state395=88
f=320 sl=-01 pc=FAC1 address=2004 value=C0 state394=88 state395=88
f=320 sl=-01 pc=FAC1 address=2004 value=A1 state394=88 state395=88
f=320 sl=-01 pc=FAC1 address=2004 value=57 state394=88 state395=88
f=320 sl=-01 pc=FAC1 address=2004 value=10 state394=88 state395=88
f=320 sl=-01 pc=FAC1 address=2004 value=80 state394=88 state395=88
f=320 sl=-01 pc=FAC1 address=2004 value=61 state394=88 state395=88
f=320 sl=-01 pc=FAC1 address=2004 value=1A state394=88 state395=88
f=320 sl=-01 pc=FAC1 address=2004 value=0B state394=88 state395=88
f=320 sl=-01 pc=FAC1 address=2004 value=00 state394=88 state395=88
f=320 sl=-01 pc=FAC1 address=2004 value=99 state394=88 state395=88
f=320 sl=-01 pc=FAC1 address=2004 value=44 state394=88 state395=88
f=320 sl=-01 pc=FAC1 address=2004 value=35 state394=88 state395=88
f=320 sl=-01 pc=FAC1 address=2004 value=02 state394=88 state395=88
f=320 sl=-01 pc=FAC1 address=2004 value=A3 state394=88 state395=88
f=320 sl=-01 pc=FAC1 address=2004 value=3B state394=88 state395=88
f=320 sl=-01 pc=FAC1 address=2004 value=2A state394=88 state395=88
f=320 sl=-01 pc=FAC1 address=2004 value=02 state394=88 state395=88
f=320 sl=-01 pc=FAC1 address=2004 value=8C state394=88 state395=88
f=320 sl=-01 pc=FAC1 address=2004 value=F4 state394=88 state395=88
f=320 sl=-01 pc=FAC1 address=2004 value=07 state394=88 state395=88
f=320 sl=-01 pc=FAC1 address=2004 value=00 state394=88 state395=88
f=320 sl=-01 pc=FAC1 address=2004 value=99 state394=88 state395=88
f=320 sl=-01 pc=FAC1 address=2004 value=2A state394=88 state395=88
f=320 sl=-01 pc=FAC1 address=2004 value=0B state394=88 state395=88
f=320 sl=-01 pc=FAC1 address=2004 value=80 state394=88 state395=88
f=320 sl=-01 pc=FAC1 address=2004 value=99 state394=88 state395=88
f=320 sl=-01 pc=FAC1 address=2004 value=4C state394=88 state395=88
f=320 sl=-01 pc=FAC1 address=2004 value=39 state394=88 state395=88
f=320 sl=-01 pc=FAC1 address=2004 value=02 state394=88 state395=88
f=320 sl=-01 pc=FAC1 address=2004 value=AB state394=88 state395=88
f=320 sl=-01 pc=FAC1 address=2004 value=31 state394=88 state395=88
f=320 sl=-01 pc=FAC1 address=2004 value=2E state394=88 state395=88
f=320 sl=-01 pc=FAC1 address=2004 value=02 state394=88 state395=88
f=320 sl=-01 pc=FAC1 address=2004 value=98 state394=88 state395=88
f=320 sl=-01 pc=FAC1 address=2004 value=F4 state394=88 state395=88
f=320 sl=-01 pc=FAC1 address=2004 value=07 state394=88 state395=88
f=320 sl=-01 pc=FAC1 address=2004 value=80 state394=88 state395=88
f=320 sl=-01 pc=FAC1 address=2004 value=99 state394=88 state395=88
f=320 sl=-01 pc=FAC1 address=2004 value=7D state394=88 state395=88
f=320 sl=-01 pc=FAC1 address=2004 value=0E state394=88 state395=88
f=320 sl=-01 pc=FAC1 address=2004 value=00 state394=88 state395=88
f=320 sl=-01 pc=FAC1 address=2004 value=76 state394=88 state395=88
f=320 sl=-01 pc=FAC1 address=2004 value=39 state394=88 state395=88
f=320 sl=-01 pc=FAC1 address=2004 value=3D state394=88 state395=88
f=320 sl=-01 pc=FAC1 address=2004 value=02 state394=88 state395=88
f=320 sl=-01 pc=FAC1 address=2004 value=C8 state394=88 state395=88
f=320 sl=-01 pc=FAC1 address=2004 value=32 state394=88 state395=88
f=320 sl=-01 pc=FAC1 address=2004 value=32 state394=88 state395=88
f=320 sl=-01 pc=FAC1 address=2004 value=02 state394=88 state395=88
f=320 sl=-01 pc=FAC1 address=2004 value=A0 state394=88 state395=88
f=320 sl=-01 pc=FAC1 address=2004 value=F4 state394=88 state395=88
f=320 sl=-01 pc=FAC1 address=2004 value=21 state394=88 state395=88
f=320 sl=-01 pc=FAC1 address=2004 value=00 state394=88 state395=88
f=320 sl=-01 pc=FAC1 address=2004 value=3C state394=88 state395=88
f=320 sl=-01 pc=FAC1 address=2004 value=57 state394=88 state395=88
f=320 sl=-01 pc=FAC1 address=2004 value=10 state394=88 state395=88
f=320 sl=-01 pc=FAC1 address=2004 value=C0 state394=88 state395=88
f=320 sl=-01 pc=FAC1 address=2004 value=69 state394=88 state395=88
f=320 sl=-01 pc=FAC1 address=2004 value=22 state394=88 state395=88
f=320 sl=-01 pc=FAC1 address=2004 value=0C state394=88 state395=88
f=320 sl=-01 pc=FAC1 address=2004 value=00 state394=88 state395=88
f=320 sl=-01 pc=FAC1 address=2004 value=91 state394=88 state395=88
f=320 sl=-01 pc=FAC1 address=2004 value=2C state394=88 state395=88
f=320 sl=-01 pc=FAC1 address=2004 value=36 state394=88 state395=88
f=320 sl=-01 pc=FAC1 address=2004 value=02 state394=88 state395=88
f=320 sl=-01 pc=FAC1 address=2004 value=A8 state394=88 state395=88
f=320 sl=-01 pc=FAC1 address=2004 value=2C state394=88 state395=88
f=320 sl=-01 pc=FAC1 address=2004 value=2B state394=88 state395=88
f=320 sl=-01 pc=FAC1 address=2004 value=02 state394=88 state395=88
f=320 sl=-01 pc=FAC1 address=2004 value=90 state394=88 state395=88
f=320 sl=-01 pc=FAC1 address=2004 value=F4 state394=88 state395=88
f=320 sl=-01 pc=FAC1 address=2004 value=08 state394=88 state395=88
f=320 sl=-01 pc=FAC1 address=2004 value=00 state394=88 state395=88
f=320 sl=-01 pc=FAC1 address=2004 value=91 state394=88 state395=88
f=320 sl=-01 pc=FAC1 address=2004 value=22 state394=88 state395=88
f=320 sl=-01 pc=FAC1 address=2004 value=0C state394=88 state395=88
f=320 sl=-01 pc=FAC1 address=2004 value=40 state394=88 state395=88
f=320 sl=-01 pc=FAC1 address=2004 value=A1 state394=88 state395=88
f=320 sl=-01 pc=FAC1 address=2004 value=2E state394=88 state395=88
f=320 sl=-01 pc=FAC1 address=2004 value=3A state394=88 state395=88
f=320 sl=-01 pc=FAC1 address=2004 value=02 state394=88 state395=88
f=320 sl=-01 pc=FAC1 address=2004 value=B0 state394=88 state395=88
f=320 sl=-01 pc=FAC1 address=2004 value=45 state394=88 state395=88
f=320 sl=-01 pc=FAC1 address=2004 value=2F state394=88 state395=88
f=320 sl=-01 pc=FAC1 address=2004 value=02 state394=88 state395=88
f=320 sl=-01 pc=FAC1 address=2004 value=9F state394=88 state395=88
f=320 sl=-01 pc=FAC1 address=2004 value=F4 state394=88 state395=88
f=320 sl=-01 pc=FAC1 address=2004 value=08 state394=88 state395=88
f=320 sl=-01 pc=FAC1 address=2004 value=40 state394=88 state395=88
f=320 sl=-01 pc=FAC1 address=2004 value=A1 state394=88 state395=88
f=320 sl=-01 pc=FAC1 address=2004 value=4F state394=88 state395=88
f=320 sl=-01 pc=FAC1 address=2004 value=10 state394=88 state395=88
f=320 sl=-01 pc=FAC1 address=2004 value=00 state394=88 state395=88
f=320 sl=-01 pc=FAC1 address=2004 value=61 state394=88 state395=88
f=320 sl=-01 pc=FAC1 address=2004 value=39 state394=88 state395=88
f=320 sl=-01 pc=FAC1 address=2004 value=3E state394=88 state395=88
f=320 sl=-01 pc=FAC1 address=2004 value=02 state394=88 state395=88
f=320 sl=-01 pc=FAC1 address=2004 value=D0 state394=88 state395=88
f=320 sl=-01 pc=FAC1 address=2004 value=56 state394=88 state395=88
f=320 sl=-01 pc=FAC1 address=2004 value=33 state394=88 state395=88
f=320 sl=-01 pc=FAC1 address=2004 value=02 state394=88 state395=88
f=320 sl=-01 pc=FAC1 address=2004 value=A0 state394=88 state395=88
f=320 sl=-01 pc=FAC1 address=2004 value=F4 state394=88 state395=88
f=320 sl=-01 pc=FAC1 address=2004 value=22 state394=88 state395=88
f=320 sl=-01 pc=FAC1 address=2004 value=00 state394=88 state395=88
f=320 sl=-01 pc=FAC1 address=2004 value=44 state394=88 state395=88
f=320 sl=-01 pc=FAC1 address=2004 value=F4 state394=88 state395=88
f=320 sl=-01 pc=FAC1 address=2004 value=3E state394=88 state395=88
f=320 sl=-01 pc=FAC1 address=2004 value=02 state394=88 state395=88
f=320 sl=-01 pc=FAC1 address=2004 value=D0 state394=88 state395=88
f=320 sl=-01 pc=FAC1 address=2004 value=22 state394=88 state395=88
f=320 sl=-01 pc=FAC1 address=2004 value=0D state394=88 state395=88
f=320 sl=-01 pc=FAC1 address=2004 value=00 state394=88 state395=88
f=320 sl=-01 pc=FAC1 address=2004 value=99 state394=88 state395=88
f=320 sl=-01 pc=FAC1 address=2004 value=34 state394=88 state395=88
f=320 sl=-01 pc=FAC1 address=2004 value=37 state394=88 state395=88
f=320 sl=-01 pc=FAC1 address=2004 value=02 state394=88 state395=88
f=320 sl=-01 pc=FAC1 address=2004 value=AB state394=88 state395=88
f=320 sl=-01 pc=FAC1 address=2004 value=4C state394=88 state395=88
f=320 sl=-01 pc=FAC1 address=2004 value=2C state394=88 state395=88
f=320 sl=-01 pc=FAC1 address=2004 value=02 state394=88 state395=88
f=320 sl=-01 pc=FAC1 address=2004 value=97 state394=88 state395=88
f=320 sl=-01 pc=FAC1 address=2004 value=F4 state394=88 state395=88
f=320 sl=-01 pc=FAC1 address=2004 value=09 state394=88 state395=88
f=320 sl=-01 pc=FAC1 address=2004 value=00 state394=88 state395=88
f=320 sl=-01 pc=FAC1 address=2004 value=99 state394=88 state395=88
f=320 sl=-01 pc=FAC1 address=2004 value=2A state394=88 state395=88
f=320 sl=-01 pc=FAC1 address=2004 value=0A state394=88 state395=88
f=320 sl=-01 pc=FAC1 address=2004 value=C0 state394=88 state395=88
f=320 sl=-01 pc=FAC1 address=2004 value=A1 state394=88 state395=88
f=320 sl=-01 pc=FAC1 address=2004 value=37 state394=88 state395=88
f=320 sl=-01 pc=FAC1 address=2004 value=3B state394=88 state395=88
f=320 sl=-01 pc=FAC1 address=2004 value=02 state394=88 state395=88
f=320 sl=-01 pc=FAC1 address=2004 value=C6 state394=88 state395=88
f=320 sl=-01 pc=FAC1 address=2004 value=4D state394=88 state395=88
f=320 sl=-01 pc=FAC1 address=2004 value=30 state394=88 state395=88
f=320 sl=-01 pc=FAC1 address=2004 value=02 state394=88 state395=88
f=320 sl=-01 pc=FAC1 address=2004 value=9F state394=88 state395=88
f=320 sl=-01 pc=FAC1 address=2004 value=F4 state394=88 state395=88
f=320 sl=-01 pc=FAC1 address=2004 value=06 state394=88 state395=88
f=320 sl=-01 pc=FAC1 address=2004 value=80 state394=88 state395=88
f=320 sl=-01 pc=FAC1 address=2004 value=91 state394=88 state395=88
f=320 sl=-01 pc=FAC1 address=2004 value=4F state394=88 state395=88
f=320 sl=-01 pc=FAC1 address=2004 value=10 state394=88 state395=88
f=320 sl=-01 pc=FAC1 address=2004 value=40 state394=88 state395=88
f=320 sl=-01 pc=FAC1 address=2004 value=69 state394=88 state395=88
f=320 sl=-01 pc=FAC1 address=2004 value=1A state394=88 state395=88
f=320 sl=-01 pc=FAC1 address=2004 value=0A state394=88 state395=88
f=320 sl=-01 pc=FAC1 address=2004 value=00 state394=88 state395=88
f=320 sl=-01 pc=FAC1 address=2004 value=91 state394=88 state395=88
f=320 sl=-01 pc=FAC1 address=2004 value=3C state394=88 state395=88
f=320 sl=-01 pc=FAC1 address=2004 value=34 state394=88 state395=88
f=320 sl=-01 pc=FAC1 address=2004 value=02 state394=88 state395=88
f=320 sl=-01 pc=FAC1 address=2004 value=A3 state394=88 state395=88
f=320 sl=-01 pc=FAC1 address=2004 value=F4 state394=88 state395=88
f=320 sl=-01 pc=FAC1 address=2004 value=23 state394=88 state395=88
f=320 sl=-01 pc=FAC1 address=2004 value=00 state394=88 state395=88
f=320 sl=-01 pc=FAC1 address=2004 value=4C state394=88 state395=88
f=320 sl=-01 pc=FAC1 address=2004 value=F4 state394=88 state395=88
f=320 sl=-01 pc=FAC1 address=2004 value=06 state394=88 state395=88
f=320 sl=-01 pc=FAC1 address=2004 value=00 state394=88 state395=88
f=320 sl=-01 pc=FAC1 address=2004 value=91 state394=88 state395=88
f=320 sl=-01 pc=FAC1 address=2004 value=1A state394=88 state395=88
f=320 sl=-01 pc=FAC1 address=2004 value=0A state394=88 state395=88
f=320 sl=-01 pc=FAC1 address=2004 value=40 state394=88 state395=88
f=320 sl=-01 pc=FAC1 address=2004 value=A1 state394=88 state395=88
f=320 sl=-01 pc=FAC1 address=2004 value=3C state394=88 state395=88
f=320 sl=-01 pc=FAC1 address=2004 value=38 state394=88 state395=88
f=320 sl=-01 pc=FAC1 address=2004 value=02 state394=88 state395=88
f=320 sl=-01 pc=FAC1 address=2004 value=AB state394=88 state395=88
f=320 sl=-01 pc=FAC1 address=2004 value=29 state394=88 state395=88
f=320 sl=-01 pc=FAC1 address=2004 value=2D state394=88 state395=88
f=320 sl=-01 pc=FAC1 address=2004 value=02 state394=88 state395=88
f=320 sl=-01 pc=FAC1 address=2004 value=98 state394=88 state395=88
f=320 sl=-01 pc=FAC1 address=2004 value=F4 state394=88 state395=88
f=320 sl=-01 pc=FAC1 address=2004 value=06 state394=88 state395=88
f=320 sl=-01 pc=FAC1 address=2004 value=40 state394=88 state395=88
f=320 sl=-01 pc=FAC1 address=2004 value=A1 state394=88 state395=88
f=320 sl=-01 pc=FAC1 address=2004 value=2A state394=88 state395=88
f=320 sl=-01 pc=FAC1 address=2004 value=0A state394=88 state395=88
f=320 sl=-01 pc=FAC1 address=2004 value=80 state394=88 state395=88
f=320 sl=-01 pc=FAC1 address=2004 value=91 state394=88 state395=88
f=320 sl=-01 pc=FAC1 address=2004 value=38 state394=88 state395=88
f=320 sl=-01 pc=FAC1 address=2004 value=3C state394=88 state395=88
f=320 sl=-01 pc=FAC1 address=2004 value=02 state394=88 state395=88
f=320 sl=-01 pc=FAC1 address=2004 value=C7 state394=88 state395=88
f=320 sl=-01 pc=FAC1 address=2004 value=2A state394=88 state395=88
f=320 sl=-01 pc=FAC1 address=2004 value=31 state394=88 state395=88
f=320 sl=-01 pc=FAC1 address=2004 value=02 state394=88 state395=88
f=320 sl=-01 pc=FAC1 address=2004 value=A0 state394=88 state395=88
f=320 sl=-01 pc=FAC1 address=4014 value=02 state394=88 state395=88
f=320 sl=-01 pc=D084 address=2000 value=89 state394=88 state395=88
f=320 sl=-01 pc=FACB address=2001 value=1E state394=88 state395=88
f=320 sl=-01 pc=FA0B address=2000 value=89 state394=88 state395=88
f=320 sl=-01 pc=F900 address=2000 value=88 state394=88 state395=88
f=320 sl=-01 pc=F900 address=2000 value=88 state394=88 state395=88
f=321 sl=-01 pc=FABC address=2003 value=00 state394=88 state395=88
f=321 sl=-01 pc=FAC1 address=2004 value=B7 state394=88 state395=88
f=321 sl=-01 pc=FAC1 address=2004 value=A0 state394=88 state395=88
f=321 sl=-01 pc=FAC1 address=2004 value=01 state394=88 state395=88
f=321 sl=-01 pc=FAC1 address=2004 value=10 state394=88 state395=88
f=321 sl=-01 pc=FAC1 address=2004 value=B7 state394=88 state395=88
f=321 sl=-01 pc=FAC1 address=2004 value=A1 state394=88 state395=88
f=321 sl=-01 pc=FAC1 address=2004 value=01 state394=88 state395=88
f=321 sl=-01 pc=FAC1 address=2004 value=18 state394=88 state395=88
f=321 sl=-01 pc=FAC1 address=2004 value=B7 state394=88 state395=88
f=321 sl=-01 pc=FAC1 address=2004 value=A2 state394=88 state395=88
f=321 sl=-01 pc=FAC1 address=2004 value=01 state394=88 state395=88
f=321 sl=-01 pc=FAC1 address=2004 value=20 state394=88 state395=88
f=321 sl=-01 pc=FAC1 address=2004 value=B7 state394=88 state395=88
f=321 sl=-01 pc=FAC1 address=2004 value=A3 state394=88 state395=88
f=321 sl=-01 pc=FAC1 address=2004 value=01 state394=88 state395=88
f=321 sl=-01 pc=FAC1 address=2004 value=28 state394=88 state395=88
f=321 sl=-01 pc=FAC1 address=2004 value=BF state394=88 state395=88
f=321 sl=-01 pc=FAC1 address=2004 value=A4 state394=88 state395=88
f=321 sl=-01 pc=FAC1 address=2004 value=01 state394=88 state395=88
f=321 sl=-01 pc=FAC1 address=2004 value=10 state394=88 state395=88
f=321 sl=-01 pc=FAC1 address=2004 value=BF state394=88 state395=88
f=321 sl=-01 pc=FAC1 address=2004 value=A5 state394=88 state395=88
f=321 sl=-01 pc=FAC1 address=2004 value=01 state394=88 state395=88
f=321 sl=-01 pc=FAC1 address=2004 value=18 state394=88 state395=88
f=321 sl=-01 pc=FAC1 address=2004 value=BF state394=88 state395=88
f=321 sl=-01 pc=FAC1 address=2004 value=A6 state394=88 state395=88
f=321 sl=-01 pc=FAC1 address=2004 value=01 state394=88 state395=88
f=321 sl=-01 pc=FAC1 address=2004 value=20 state394=88 state395=88
f=321 sl=-01 pc=FAC1 address=2004 value=BF state394=88 state395=88
f=321 sl=-01 pc=FAC1 address=2004 value=A7 state394=88 state395=88
f=321 sl=-01 pc=FAC1 address=2004 value=01 state394=88 state395=88
f=321 sl=-01 pc=FAC1 address=2004 value=28 state394=88 state395=88
f=321 sl=-01 pc=FAC1 address=2004 value=C7 state394=88 state395=88
f=321 sl=-01 pc=FAC1 address=2004 value=A8 state394=88 state395=88
f=321 sl=-01 pc=FAC1 address=2004 value=01 state394=88 state395=88
f=321 sl=-01 pc=FAC1 address=2004 value=10 state394=88 state395=88
f=321 sl=-01 pc=FAC1 address=2004 value=C7 state394=88 state395=88
f=321 sl=-01 pc=FAC1 address=2004 value=A9 state394=88 state395=88
f=321 sl=-01 pc=FAC1 address=2004 value=01 state394=88 state395=88
f=321 sl=-01 pc=FAC1 address=2004 value=18 state394=88 state395=88
f=321 sl=-01 pc=FAC1 address=2004 value=C7 state394=88 state395=88
f=321 sl=-01 pc=FAC1 address=2004 value=AA state394=88 state395=88
f=321 sl=-01 pc=FAC1 address=2004 value=01 state394=88 state395=88
f=321 sl=-01 pc=FAC1 address=2004 value=20 state394=88 state395=88
f=321 sl=-01 pc=FAC1 address=2004 value=C7 state394=88 state395=88
f=321 sl=-01 pc=FAC1 address=2004 value=AB state394=88 state395=88
f=321 sl=-01 pc=FAC1 address=2004 value=01 state394=88 state395=88
f=321 sl=-01 pc=FAC1 address=2004 value=28 state394=88 state395=88
f=321 sl=-01 pc=FAC1 address=2004 value=CF state394=88 state395=88
f=321 sl=-01 pc=FAC1 address=2004 value=AC state394=88 state395=88
f=321 sl=-01 pc=FAC1 address=2004 value=01 state394=88 state395=88
f=321 sl=-01 pc=FAC1 address=2004 value=10 state394=88 state395=88
f=321 sl=-01 pc=FAC1 address=2004 value=CF state394=88 state395=88
f=321 sl=-01 pc=FAC1 address=2004 value=AD state394=88 state395=88
f=321 sl=-01 pc=FAC1 address=2004 value=01 state394=88 state395=88
f=321 sl=-01 pc=FAC1 address=2004 value=18 state394=88 state395=88
f=321 sl=-01 pc=FAC1 address=2004 value=CF state394=88 state395=88
f=321 sl=-01 pc=FAC1 address=2004 value=AE state394=88 state395=88
f=321 sl=-01 pc=FAC1 address=2004 value=01 state394=88 state395=88
f=321 sl=-01 pc=FAC1 address=2004 value=20 state394=88 state395=88
f=321 sl=-01 pc=FAC1 address=2004 value=CF state394=88 state395=88
f=321 sl=-01 pc=FAC1 address=2004 value=AF state394=88 state395=88
f=321 sl=-01 pc=FAC1 address=2004 value=01 state394=88 state395=88
f=321 sl=-01 pc=FAC1 address=2004 value=28 state394=88 state395=88
f=321 sl=-01 pc=FAC1 address=2004 value=F4 state394=88 state395=88
f=321 sl=-01 pc=FAC1 address=2004 value=06 state394=88 state395=88
f=321 sl=-01 pc=FAC1 address=2004 value=C0 state394=88 state395=88
f=321 sl=-01 pc=FAC1 address=2004 value=A1 state394=88 state395=88
f=321 sl=-01 pc=FAC1 address=2004 value=4F state394=88 state395=88
f=321 sl=-01 pc=FAC1 address=2004 value=10 state394=88 state395=88
f=321 sl=-01 pc=FAC1 address=2004 value=40 state394=88 state395=88
f=321 sl=-01 pc=FAC1 address=2004 value=69 state394=88 state395=88
f=321 sl=-01 pc=FAC1 address=2004 value=1A state394=88 state395=88
f=321 sl=-01 pc=FAC1 address=2004 value=0A state394=88 state395=88
f=321 sl=-01 pc=FAC1 address=2004 value=00 state394=88 state395=88
f=321 sl=-01 pc=FAC1 address=2004 value=91 state394=88 state395=88
f=321 sl=-01 pc=FAC1 address=2004 value=3C state394=88 state395=88
f=321 sl=-01 pc=FAC1 address=2004 value=34 state394=88 state395=88
f=321 sl=-01 pc=FAC1 address=2004 value=02 state394=88 state395=88
f=321 sl=-01 pc=FAC1 address=2004 value=A3 state394=88 state395=88
f=321 sl=-01 pc=FAC1 address=2004 value=F4 state394=88 state395=88
f=321 sl=-01 pc=FAC1 address=2004 value=2A state394=88 state395=88
f=321 sl=-01 pc=FAC1 address=2004 value=02 state394=88 state395=88
f=321 sl=-01 pc=FAC1 address=2004 value=8C state394=88 state395=88
f=321 sl=-01 pc=FAC1 address=2004 value=F4 state394=88 state395=88
f=321 sl=-01 pc=FAC1 address=2004 value=07 state394=88 state395=88
f=321 sl=-01 pc=FAC1 address=2004 value=00 state394=88 state395=88
f=321 sl=-01 pc=FAC1 address=2004 value=99 state394=88 state395=88
f=321 sl=-01 pc=FAC1 address=2004 value=1A state394=88 state395=88
f=321 sl=-01 pc=FAC1 address=2004 value=0A state394=88 state395=88
f=321 sl=-01 pc=FAC1 address=2004 value=40 state394=88 state395=88
f=321 sl=-01 pc=FAC1 address=2004 value=A1 state394=88 state395=88
f=321 sl=-01 pc=FAC1 address=2004 value=3C state394=88 state395=88
f=321 sl=-01 pc=FAC1 address=2004 value=38 state394=88 state395=88
f=321 sl=-01 pc=FAC1 address=2004 value=02 state394=88 state395=88
f=321 sl=-01 pc=FAC1 address=2004 value=AB state394=88 state395=88
f=321 sl=-01 pc=FAC1 address=2004 value=29 state394=88 state395=88
f=321 sl=-01 pc=FAC1 address=2004 value=2D state394=88 state395=88
f=321 sl=-01 pc=FAC1 address=2004 value=02 state394=88 state395=88
f=321 sl=-01 pc=FAC1 address=2004 value=98 state394=88 state395=88
f=321 sl=-01 pc=FAC1 address=2004 value=F4 state394=88 state395=88
f=321 sl=-01 pc=FAC1 address=2004 value=07 state394=88 state395=88
f=321 sl=-01 pc=FAC1 address=2004 value=80 state394=88 state395=88
f=321 sl=-01 pc=FAC1 address=2004 value=99 state394=88 state395=88
f=321 sl=-01 pc=FAC1 address=2004 value=2A state394=88 state395=88
f=321 sl=-01 pc=FAC1 address=2004 value=0A state394=88 state395=88
f=321 sl=-01 pc=FAC1 address=2004 value=80 state394=88 state395=88
f=321 sl=-01 pc=FAC1 address=2004 value=91 state394=88 state395=88
f=321 sl=-01 pc=FAC1 address=2004 value=38 state394=88 state395=88
f=321 sl=-01 pc=FAC1 address=2004 value=3C state394=88 state395=88
f=321 sl=-01 pc=FAC1 address=2004 value=02 state394=88 state395=88
f=321 sl=-01 pc=FAC1 address=2004 value=C7 state394=88 state395=88
f=321 sl=-01 pc=FAC1 address=2004 value=2A state394=88 state395=88
f=321 sl=-01 pc=FAC1 address=2004 value=31 state394=88 state395=88
f=321 sl=-01 pc=FAC1 address=2004 value=02 state394=88 state395=88
f=321 sl=-01 pc=FAC1 address=2004 value=A0 state394=88 state395=88
f=321 sl=-01 pc=FAC1 address=2004 value=F4 state394=88 state395=88
f=321 sl=-01 pc=FAC1 address=2004 value=21 state394=88 state395=88
f=321 sl=-01 pc=FAC1 address=2004 value=00 state394=88 state395=88
f=321 sl=-01 pc=FAC1 address=2004 value=3C state394=88 state395=88
f=321 sl=-01 pc=FAC1 address=2004 value=57 state394=88 state395=88
f=321 sl=-01 pc=FAC1 address=2004 value=10 state394=88 state395=88
f=321 sl=-01 pc=FAC1 address=2004 value=80 state394=88 state395=88
f=321 sl=-01 pc=FAC1 address=2004 value=61 state394=88 state395=88
f=321 sl=-01 pc=FAC1 address=2004 value=1A state394=88 state395=88
f=321 sl=-01 pc=FAC1 address=2004 value=0B state394=88 state395=88
f=321 sl=-01 pc=FAC1 address=2004 value=00 state394=88 state395=88
f=321 sl=-01 pc=FAC1 address=2004 value=99 state394=88 state395=88
f=321 sl=-01 pc=FAC1 address=2004 value=44 state394=88 state395=88
f=321 sl=-01 pc=FAC1 address=2004 value=35 state394=88 state395=88
f=321 sl=-01 pc=FAC1 address=2004 value=02 state394=88 state395=88
f=321 sl=-01 pc=FAC1 address=2004 value=A3 state394=88 state395=88
f=321 sl=-01 pc=FAC1 address=2004 value=3B state394=88 state395=88
f=321 sl=-01 pc=FAC1 address=2004 value=2A state394=88 state395=88
f=321 sl=-01 pc=FAC1 address=2004 value=02 state394=88 state395=88
f=321 sl=-01 pc=FAC1 address=2004 value=8C state394=88 state395=88
f=321 sl=-01 pc=FAC1 address=2004 value=F4 state394=88 state395=88
f=321 sl=-01 pc=FAC1 address=2004 value=08 state394=88 state395=88
f=321 sl=-01 pc=FAC1 address=2004 value=00 state394=88 state395=88
f=321 sl=-01 pc=FAC1 address=2004 value=91 state394=88 state395=88
f=321 sl=-01 pc=FAC1 address=2004 value=2A state394=88 state395=88
f=321 sl=-01 pc=FAC1 address=2004 value=0B state394=88 state395=88
f=321 sl=-01 pc=FAC1 address=2004 value=80 state394=88 state395=88
f=321 sl=-01 pc=FAC1 address=2004 value=99 state394=88 state395=88
f=321 sl=-01 pc=FAC1 address=2004 value=4C state394=88 state395=88
f=321 sl=-01 pc=FAC1 address=2004 value=39 state394=88 state395=88
f=321 sl=-01 pc=FAC1 address=2004 value=02 state394=88 state395=88
f=321 sl=-01 pc=FAC1 address=2004 value=AB state394=88 state395=88
f=321 sl=-01 pc=FAC1 address=2004 value=31 state394=88 state395=88
f=321 sl=-01 pc=FAC1 address=2004 value=2E state394=88 state395=88
f=321 sl=-01 pc=FAC1 address=2004 value=02 state394=88 state395=88
f=321 sl=-01 pc=FAC1 address=2004 value=98 state394=88 state395=88
f=321 sl=-01 pc=FAC1 address=2004 value=F4 state394=88 state395=88
f=321 sl=-01 pc=FAC1 address=2004 value=08 state394=88 state395=88
f=321 sl=-01 pc=FAC1 address=2004 value=40 state394=88 state395=88
f=321 sl=-01 pc=FAC1 address=2004 value=A1 state394=88 state395=88
f=321 sl=-01 pc=FAC1 address=2004 value=7D state394=88 state395=88
f=321 sl=-01 pc=FAC1 address=2004 value=0E state394=88 state395=88
f=321 sl=-01 pc=FAC1 address=2004 value=00 state394=88 state395=88
f=321 sl=-01 pc=FAC1 address=2004 value=76 state394=88 state395=88
f=321 sl=-01 pc=FAC1 address=2004 value=39 state394=88 state395=88
f=321 sl=-01 pc=FAC1 address=2004 value=3D state394=88 state395=88
f=321 sl=-01 pc=FAC1 address=2004 value=02 state394=88 state395=88
f=321 sl=-01 pc=FAC1 address=2004 value=C8 state394=88 state395=88
f=321 sl=-01 pc=FAC1 address=2004 value=32 state394=88 state395=88
f=321 sl=-01 pc=FAC1 address=2004 value=32 state394=88 state395=88
f=321 sl=-01 pc=FAC1 address=2004 value=02 state394=88 state395=88
f=321 sl=-01 pc=FAC1 address=2004 value=A0 state394=88 state395=88
f=321 sl=-01 pc=FAC1 address=2004 value=F4 state394=88 state395=88
f=321 sl=-01 pc=FAC1 address=2004 value=22 state394=88 state395=88
f=321 sl=-01 pc=FAC1 address=2004 value=00 state394=88 state395=88
f=321 sl=-01 pc=FAC1 address=2004 value=44 state394=88 state395=88
f=321 sl=-01 pc=FAC1 address=2004 value=57 state394=88 state395=88
f=321 sl=-01 pc=FAC1 address=2004 value=10 state394=88 state395=88
f=321 sl=-01 pc=FAC1 address=2004 value=C0 state394=88 state395=88
f=321 sl=-01 pc=FAC1 address=2004 value=69 state394=88 state395=88
f=321 sl=-01 pc=FAC1 address=2004 value=22 state394=88 state395=88
f=321 sl=-01 pc=FAC1 address=2004 value=0C state394=88 state395=88
f=321 sl=-01 pc=FAC1 address=2004 value=00 state394=88 state395=88
f=321 sl=-01 pc=FAC1 address=2004 value=91 state394=88 state395=88
f=321 sl=-01 pc=FAC1 address=2004 value=2C state394=88 state395=88
f=321 sl=-01 pc=FAC1 address=2004 value=36 state394=88 state395=88
f=321 sl=-01 pc=FAC1 address=2004 value=02 state394=88 state395=88
f=321 sl=-01 pc=FAC1 address=2004 value=A8 state394=88 state395=88
f=321 sl=-01 pc=FAC1 address=2004 value=2C state394=88 state395=88
f=321 sl=-01 pc=FAC1 address=2004 value=2B state394=88 state395=88
f=321 sl=-01 pc=FAC1 address=2004 value=02 state394=88 state395=88
f=321 sl=-01 pc=FAC1 address=2004 value=90 state394=88 state395=88
f=321 sl=-01 pc=FAC1 address=2004 value=F4 state394=88 state395=88
f=321 sl=-01 pc=FAC1 address=2004 value=09 state394=88 state395=88
f=321 sl=-01 pc=FAC1 address=2004 value=00 state394=88 state395=88
f=321 sl=-01 pc=FAC1 address=2004 value=99 state394=88 state395=88
f=321 sl=-01 pc=FAC1 address=2004 value=22 state394=88 state395=88
f=321 sl=-01 pc=FAC1 address=2004 value=0C state394=88 state395=88
f=321 sl=-01 pc=FAC1 address=2004 value=40 state394=88 state395=88
f=321 sl=-01 pc=FAC1 address=2004 value=A1 state394=88 state395=88
f=321 sl=-01 pc=FAC1 address=2004 value=2E state394=88 state395=88
f=321 sl=-01 pc=FAC1 address=2004 value=3A state394=88 state395=88
f=321 sl=-01 pc=FAC1 address=2004 value=02 state394=88 state395=88
f=321 sl=-01 pc=FAC1 address=2004 value=B0 state394=88 state395=88
f=321 sl=-01 pc=FAC1 address=2004 value=45 state394=88 state395=88
f=321 sl=-01 pc=FAC1 address=2004 value=2F state394=88 state395=88
f=321 sl=-01 pc=FAC1 address=2004 value=02 state394=88 state395=88
f=321 sl=-01 pc=FAC1 address=2004 value=9F state394=88 state395=88
f=321 sl=-01 pc=FAC1 address=2004 value=F4 state394=88 state395=88
f=321 sl=-01 pc=FAC1 address=2004 value=06 state394=88 state395=88
f=321 sl=-01 pc=FAC1 address=2004 value=80 state394=88 state395=88
f=321 sl=-01 pc=FAC1 address=2004 value=91 state394=88 state395=88
f=321 sl=-01 pc=FAC1 address=2004 value=4F state394=88 state395=88
f=321 sl=-01 pc=FAC1 address=2004 value=10 state394=88 state395=88
f=321 sl=-01 pc=FAC1 address=2004 value=00 state394=88 state395=88
f=321 sl=-01 pc=FAC1 address=2004 value=61 state394=88 state395=88
f=321 sl=-01 pc=FAC1 address=2004 value=39 state394=88 state395=88
f=321 sl=-01 pc=FAC1 address=2004 value=3E state394=88 state395=88
f=321 sl=-01 pc=FAC1 address=2004 value=02 state394=88 state395=88
f=321 sl=-01 pc=FAC1 address=2004 value=D0 state394=88 state395=88
f=321 sl=-01 pc=FAC1 address=2004 value=56 state394=88 state395=88
f=321 sl=-01 pc=FAC1 address=2004 value=33 state394=88 state395=88
f=321 sl=-01 pc=FAC1 address=2004 value=02 state394=88 state395=88
f=321 sl=-01 pc=FAC1 address=2004 value=A0 state394=88 state395=88
f=321 sl=-01 pc=FAC1 address=2004 value=F4 state394=88 state395=88
f=321 sl=-01 pc=FAC1 address=2004 value=23 state394=88 state395=88
f=321 sl=-01 pc=FAC1 address=2004 value=00 state394=88 state395=88
f=321 sl=-01 pc=FAC1 address=2004 value=4C state394=88 state395=88
f=321 sl=-01 pc=FAC1 address=2004 value=F4 state394=88 state395=88
f=321 sl=-01 pc=FAC1 address=2004 value=06 state394=88 state395=88
f=321 sl=-01 pc=FAC1 address=2004 value=00 state394=88 state395=88
f=321 sl=-01 pc=FAC1 address=2004 value=91 state394=88 state395=88
f=321 sl=-01 pc=FAC1 address=2004 value=22 state394=88 state395=88
f=321 sl=-01 pc=FAC1 address=2004 value=0D state394=88 state395=88
f=321 sl=-01 pc=FAC1 address=2004 value=00 state394=88 state395=88
f=321 sl=-01 pc=FAC1 address=2004 value=99 state394=88 state395=88
f=321 sl=-01 pc=FAC1 address=2004 value=34 state394=88 state395=88
f=321 sl=-01 pc=FAC1 address=2004 value=37 state394=88 state395=88
f=321 sl=-01 pc=FAC1 address=2004 value=02 state394=88 state395=88
f=321 sl=-01 pc=FAC1 address=2004 value=AB state394=88 state395=88
f=321 sl=-01 pc=FAC1 address=2004 value=4C state394=88 state395=88
f=321 sl=-01 pc=FAC1 address=2004 value=2C state394=88 state395=88
f=321 sl=-01 pc=FAC1 address=2004 value=02 state394=88 state395=88
f=321 sl=-01 pc=FAC1 address=2004 value=97 state394=88 state395=88
f=321 sl=-01 pc=FAC1 address=2004 value=F4 state394=88 state395=88
f=321 sl=-01 pc=FAC1 address=2004 value=06 state394=88 state395=88
f=321 sl=-01 pc=FAC1 address=2004 value=40 state394=88 state395=88
f=321 sl=-01 pc=FAC1 address=2004 value=A1 state394=88 state395=88
f=321 sl=-01 pc=FAC1 address=2004 value=2A state394=88 state395=88
f=321 sl=-01 pc=FAC1 address=2004 value=0A state394=88 state395=88
f=321 sl=-01 pc=FAC1 address=2004 value=C0 state394=88 state395=88
f=321 sl=-01 pc=FAC1 address=2004 value=A1 state394=88 state395=88
f=321 sl=-01 pc=FAC1 address=2004 value=37 state394=88 state395=88
f=321 sl=-01 pc=FAC1 address=2004 value=3B state394=88 state395=88
f=321 sl=-01 pc=FAC1 address=2004 value=02 state394=88 state395=88
f=321 sl=-01 pc=FAC1 address=2004 value=C6 state394=88 state395=88
f=321 sl=-01 pc=FAC1 address=2004 value=4D state394=88 state395=88
f=321 sl=-01 pc=FAC1 address=2004 value=30 state394=88 state395=88
f=321 sl=-01 pc=FAC1 address=2004 value=02 state394=88 state395=88
f=321 sl=-01 pc=FAC1 address=2004 value=9F state394=88 state395=88
f=321 sl=-01 pc=FAC1 address=4014 value=02 state394=88 state395=88
f=321 sl=-01 pc=D084 address=2000 value=89 state394=88 state395=88
f=321 sl=-01 pc=FACB address=2001 value=1E state394=88 state395=88
f=321 sl=-01 pc=FA0B address=2000 value=89 state394=88 state395=88
f=321 sl=-01 pc=F900 address=2000 value=88 state394=88 state395=88
f=321 sl=-01 pc=F900 address=2000 value=88 state394=88 state395=88
f=322 sl=-01 pc=FABC address=2003 value=00 state394=88 state395=88
f=322 sl=-01 pc=FAC1 address=2004 value=B7 state394=88 state395=88
f=322 sl=-01 pc=FAC1 address=2004 value=A0 state394=88 state395=88
f=322 sl=-01 pc=FAC1 address=2004 value=01 state394=88 state395=88
f=322 sl=-01 pc=FAC1 address=2004 value=10 state394=88 state395=88
f=322 sl=-01 pc=FAC1 address=2004 value=B7 state394=88 state395=88
f=322 sl=-01 pc=FAC1 address=2004 value=A1 state394=88 state395=88
f=322 sl=-01 pc=FAC1 address=2004 value=01 state394=88 state395=88
f=322 sl=-01 pc=FAC1 address=2004 value=18 state394=88 state395=88
f=322 sl=-01 pc=FAC1 address=2004 value=B7 state394=88 state395=88
f=322 sl=-01 pc=FAC1 address=2004 value=A2 state394=88 state395=88
f=322 sl=-01 pc=FAC1 address=2004 value=01 state394=88 state395=88
f=322 sl=-01 pc=FAC1 address=2004 value=20 state394=88 state395=88
f=322 sl=-01 pc=FAC1 address=2004 value=B7 state394=88 state395=88
f=322 sl=-01 pc=FAC1 address=2004 value=A3 state394=88 state395=88
f=322 sl=-01 pc=FAC1 address=2004 value=01 state394=88 state395=88
f=322 sl=-01 pc=FAC1 address=2004 value=28 state394=88 state395=88
f=322 sl=-01 pc=FAC1 address=2004 value=BF state394=88 state395=88
f=322 sl=-01 pc=FAC1 address=2004 value=A4 state394=88 state395=88
f=322 sl=-01 pc=FAC1 address=2004 value=01 state394=88 state395=88
f=322 sl=-01 pc=FAC1 address=2004 value=10 state394=88 state395=88
f=322 sl=-01 pc=FAC1 address=2004 value=BF state394=88 state395=88
f=322 sl=-01 pc=FAC1 address=2004 value=A5 state394=88 state395=88
f=322 sl=-01 pc=FAC1 address=2004 value=01 state394=88 state395=88
f=322 sl=-01 pc=FAC1 address=2004 value=18 state394=88 state395=88
f=322 sl=-01 pc=FAC1 address=2004 value=BF state394=88 state395=88
f=322 sl=-01 pc=FAC1 address=2004 value=A6 state394=88 state395=88
f=322 sl=-01 pc=FAC1 address=2004 value=01 state394=88 state395=88
f=322 sl=-01 pc=FAC1 address=2004 value=20 state394=88 state395=88
f=322 sl=-01 pc=FAC1 address=2004 value=BF state394=88 state395=88
f=322 sl=-01 pc=FAC1 address=2004 value=A7 state394=88 state395=88
f=322 sl=-01 pc=FAC1 address=2004 value=01 state394=88 state395=88
f=322 sl=-01 pc=FAC1 address=2004 value=28 state394=88 state395=88
f=322 sl=-01 pc=FAC1 address=2004 value=C7 state394=88 state395=88
f=322 sl=-01 pc=FAC1 address=2004 value=A8 state394=88 state395=88
f=322 sl=-01 pc=FAC1 address=2004 value=01 state394=88 state395=88
f=322 sl=-01 pc=FAC1 address=2004 value=10 state394=88 state395=88
f=322 sl=-01 pc=FAC1 address=2004 value=C7 state394=88 state395=88
f=322 sl=-01 pc=FAC1 address=2004 value=A9 state394=88 state395=88
f=322 sl=-01 pc=FAC1 address=2004 value=01 state394=88 state395=88
f=322 sl=-01 pc=FAC1 address=2004 value=18 state394=88 state395=88
f=322 sl=-01 pc=FAC1 address=2004 value=C7 state394=88 state395=88
f=322 sl=-01 pc=FAC1 address=2004 value=AA state394=88 state395=88
f=322 sl=-01 pc=FAC1 address=2004 value=01 state394=88 state395=88
f=322 sl=-01 pc=FAC1 address=2004 value=20 state394=88 state395=88
f=322 sl=-01 pc=FAC1 address=2004 value=C7 state394=88 state395=88
f=322 sl=-01 pc=FAC1 address=2004 value=AB state394=88 state395=88
f=322 sl=-01 pc=FAC1 address=2004 value=01 state394=88 state395=88
f=322 sl=-01 pc=FAC1 address=2004 value=28 state394=88 state395=88
f=322 sl=-01 pc=FAC1 address=2004 value=CF state394=88 state395=88
f=322 sl=-01 pc=FAC1 address=2004 value=AC state394=88 state395=88
f=322 sl=-01 pc=FAC1 address=2004 value=01 state394=88 state395=88
f=322 sl=-01 pc=FAC1 address=2004 value=10 state394=88 state395=88
f=322 sl=-01 pc=FAC1 address=2004 value=CF state394=88 state395=88
f=322 sl=-01 pc=FAC1 address=2004 value=AD state394=88 state395=88
f=322 sl=-01 pc=FAC1 address=2004 value=01 state394=88 state395=88
f=322 sl=-01 pc=FAC1 address=2004 value=18 state394=88 state395=88
f=322 sl=-01 pc=FAC1 address=2004 value=CF state394=88 state395=88
f=322 sl=-01 pc=FAC1 address=2004 value=AE state394=88 state395=88
f=322 sl=-01 pc=FAC1 address=2004 value=01 state394=88 state395=88
f=322 sl=-01 pc=FAC1 address=2004 value=20 state394=88 state395=88
f=322 sl=-01 pc=FAC1 address=2004 value=CF state394=88 state395=88
f=322 sl=-01 pc=FAC1 address=2004 value=AF state394=88 state395=88
f=322 sl=-01 pc=FAC1 address=2004 value=01 state394=88 state395=88
f=322 sl=-01 pc=FAC1 address=2004 value=28 state394=88 state395=88
f=322 sl=-01 pc=FAC1 address=2004 value=F4 state394=88 state395=88
f=322 sl=-01 pc=FAC1 address=2004 value=06 state394=88 state395=88
f=322 sl=-01 pc=FAC1 address=2004 value=C0 state394=88 state395=88
f=322 sl=-01 pc=FAC1 address=2004 value=A1 state394=88 state395=88
f=322 sl=-01 pc=FAC1 address=2004 value=4B state394=88 state395=88
f=322 sl=-01 pc=FAC1 address=2004 value=06 state394=88 state395=88
f=322 sl=-01 pc=FAC1 address=2004 value=00 state394=88 state395=88
f=322 sl=-01 pc=FAC1 address=2004 value=5D state394=88 state395=88
f=322 sl=-01 pc=FAC1 address=2004 value=39 state394=88 state395=88
f=322 sl=-01 pc=FAC1 address=2004 value=3E state394=88 state395=88
f=322 sl=-01 pc=FAC1 address=2004 value=02 state394=88 state395=88
f=322 sl=-01 pc=FAC1 address=2004 value=D0 state394=88 state395=88
f=322 sl=-01 pc=FAC1 address=2004 value=56 state394=88 state395=88
f=322 sl=-01 pc=FAC1 address=2004 value=33 state394=88 state395=88
f=322 sl=-01 pc=FAC1 address=2004 value=02 state394=88 state395=88
f=322 sl=-01 pc=FAC1 address=2004 value=A0 state394=88 state395=88
f=322 sl=-01 pc=FAC1 address=2004 value=F4 state394=88 state395=88
f=322 sl=-01 pc=FAC1 address=2004 value=2A state394=88 state395=88
f=322 sl=-01 pc=FAC1 address=2004 value=02 state394=88 state395=88
f=322 sl=-01 pc=FAC1 address=2004 value=8C state394=88 state395=88
f=322 sl=-01 pc=FAC1 address=2004 value=4B state394=88 state395=88
f=322 sl=-01 pc=FAC1 address=2004 value=06 state394=88 state395=88
f=322 sl=-01 pc=FAC1 address=2004 value=40 state394=88 state395=88
f=322 sl=-01 pc=FAC1 address=2004 value=6D state394=88 state395=88
f=322 sl=-01 pc=FAC1 address=2004 value=27 state394=88 state395=88
f=322 sl=-01 pc=FAC1 address=2004 value=24 state394=88 state395=88
f=322 sl=-01 pc=FAC1 address=2004 value=00 state394=88 state395=88
f=322 sl=-01 pc=FAC1 address=2004 value=91 state394=88 state395=88
f=322 sl=-01 pc=FAC1 address=2004 value=34 state394=88 state395=88
f=322 sl=-01 pc=FAC1 address=2004 value=37 state394=88 state395=88
f=322 sl=-01 pc=FAC1 address=2004 value=02 state394=88 state395=88
f=322 sl=-01 pc=FAC1 address=2004 value=AB state394=88 state395=88
f=322 sl=-01 pc=FAC1 address=2004 value=4C state394=88 state395=88
f=322 sl=-01 pc=FAC1 address=2004 value=2C state394=88 state395=88
f=322 sl=-01 pc=FAC1 address=2004 value=02 state394=88 state395=88
f=322 sl=-01 pc=FAC1 address=2004 value=97 state394=88 state395=88
f=322 sl=-01 pc=FAC1 address=2004 value=5B state394=88 state395=88
f=322 sl=-01 pc=FAC1 address=2004 value=06 state394=88 state395=88
f=322 sl=-01 pc=FAC1 address=2004 value=C0 state394=88 state395=88
f=322 sl=-01 pc=FAC1 address=2004 value=6D state394=88 state395=88
f=322 sl=-01 pc=FAC1 address=2004 value=2F state394=88 state395=88
f=322 sl=-01 pc=FAC1 address=2004 value=28 state394=88 state395=88
f=322 sl=-01 pc=FAC1 address=2004 value=00 state394=88 state395=88
f=322 sl=-01 pc=FAC1 address=2004 value=99 state394=88 state395=88
f=322 sl=-01 pc=FAC1 address=2004 value=37 state394=88 state395=88
f=322 sl=-01 pc=FAC1 address=2004 value=3B state394=88 state395=88
f=322 sl=-01 pc=FAC1 address=2004 value=02 state394=88 state395=88
f=322 sl=-01 pc=FAC1 address=2004 value=C6 state394=88 state395=88
f=322 sl=-01 pc=FAC1 address=2004 value=4D state394=88 state395=88
f=322 sl=-01 pc=FAC1 address=2004 value=30 state394=88 state395=88
f=322 sl=-01 pc=FAC1 address=2004 value=02 state394=88 state395=88
f=322 sl=-01 pc=FAC1 address=2004 value=9F state394=88 state395=88
f=322 sl=-01 pc=FAC1 address=2004 value=F4 state394=88 state395=88
f=322 sl=-01 pc=FAC1 address=2004 value=21 state394=88 state395=88
f=322 sl=-01 pc=FAC1 address=2004 value=00 state394=88 state395=88
f=322 sl=-01 pc=FAC1 address=2004 value=3C state394=88 state395=88
f=322 sl=-01 pc=FAC1 address=2004 value=4B state394=88 state395=88
f=322 sl=-01 pc=FAC1 address=2004 value=07 state394=88 state395=88
f=322 sl=-01 pc=FAC1 address=2004 value=00 state394=88 state395=88
f=322 sl=-01 pc=FAC1 address=2004 value=65 state394=88 state395=88
f=322 sl=-01 pc=FAC1 address=2004 value=1F state394=88 state395=88
f=322 sl=-01 pc=FAC1 address=2004 value=21 state394=88 state395=88
f=322 sl=-01 pc=FAC1 address=2004 value=00 state394=88 state395=88
f=322 sl=-01 pc=FAC1 address=2004 value=91 state394=88 state395=88
f=322 sl=-01 pc=FAC1 address=2004 value=3C state394=88 state395=88
f=322 sl=-01 pc=FAC1 address=2004 value=34 state394=88 state395=88
f=322 sl=-01 pc=FAC1 address=2004 value=02 state394=88 state395=88
f=322 sl=-01 pc=FAC1 address=2004 value=A3 state394=88 state395=88
f=322 sl=-01 pc=FAC1 address=2004 value=F4 state394=88 state395=88
f=322 sl=-01 pc=FAC1 address=2004 value=2A state394=88 state395=88
f=322 sl=-01 pc=FAC1 address=2004 value=02 state394=88 state395=88
f=322 sl=-01 pc=FAC1 address=2004 value=8C state394=88 state395=88
f=322 sl=-01 pc=FAC1 address=2004 value=5B state394=88 state395=88
f=322 sl=-01 pc=FAC1 address=2004 value=07 state394=88 state395=88
f=322 sl=-01 pc=FAC1 address=2004 value=80 state394=88 state395=88
f=322 sl=-01 pc=FAC1 address=2004 value=65 state394=88 state395=88
f=322 sl=-01 pc=FAC1 address=2004 value=27 state394=88 state395=88
f=322 sl=-01 pc=FAC1 address=2004 value=25 state394=88 state395=88
f=322 sl=-01 pc=FAC1 address=2004 value=00 state394=88 state395=88
f=322 sl=-01 pc=FAC1 address=2004 value=99 state394=88 state395=88
f=322 sl=-01 pc=FAC1 address=2004 value=3C state394=88 state395=88
f=322 sl=-01 pc=FAC1 address=2004 value=38 state394=88 state395=88
f=322 sl=-01 pc=FAC1 address=2004 value=02 state394=88 state395=88
f=322 sl=-01 pc=FAC1 address=2004 value=AB state394=88 state395=88
f=322 sl=-01 pc=FAC1 address=2004 value=29 state394=88 state395=88
f=322 sl=-01 pc=FAC1 address=2004 value=2D state394=88 state395=88
f=322 sl=-01 pc=FAC1 address=2004 value=02 state394=88 state395=88
f=322 sl=-01 pc=FAC1 address=2004 value=98 state394=88 state395=88
f=322 sl=-01 pc=FAC1 address=2004 value=F4 state394=88 state395=88
f=322 sl=-01 pc=FAC1 address=2004 value=08 state394=88 state395=88
f=322 sl=-01 pc=FAC1 address=2004 value=40 state394=88 state395=88
f=322 sl=-01 pc=FAC1 address=2004 value=A1 state394=88 state395=88
f=322 sl=-01 pc=FAC1 address=2004 value=2F state394=88 state395=88
f=322 sl=-01 pc=FAC1 address=2004 value=29 state394=88 state395=88
f=322 sl=-01 pc=FAC1 address=2004 value=00 state394=88 state395=88
f=322 sl=-01 pc=FAC1 address=2004 value=A1 state394=88 state395=88
f=322 sl=-01 pc=FAC1 address=2004 value=38 state394=88 state395=88
f=322 sl=-01 pc=FAC1 address=2004 value=3C state394=88 state395=88
f=322 sl=-01 pc=FAC1 address=2004 value=02 state394=88 state395=88
f=322 sl=-01 pc=FAC1 address=2004 value=C7 state394=88 state395=88
f=322 sl=-01 pc=FAC1 address=2004 value=2A state394=88 state395=88
f=322 sl=-01 pc=FAC1 address=2004 value=31 state394=88 state395=88
f=322 sl=-01 pc=FAC1 address=2004 value=02 state394=88 state395=88
f=322 sl=-01 pc=FAC1 address=2004 value=A0 state394=88 state395=88
f=322 sl=-01 pc=FAC1 address=2004 value=F4 state394=88 state395=88
f=322 sl=-01 pc=FAC1 address=2004 value=22 state394=88 state395=88
f=322 sl=-01 pc=FAC1 address=2004 value=00 state394=88 state395=88
f=322 sl=-01 pc=FAC1 address=2004 value=44 state394=88 state395=88
f=322 sl=-01 pc=FAC1 address=2004 value=53 state394=88 state395=88
f=322 sl=-01 pc=FAC1 address=2004 value=08 state394=88 state395=88
f=322 sl=-01 pc=FAC1 address=2004 value=00 state394=88 state395=88
f=322 sl=-01 pc=FAC1 address=2004 value=5D state394=88 state395=88
f=322 sl=-01 pc=FAC1 address=2004 value=1F state394=88 state395=88
f=322 sl=-01 pc=FAC1 address=2004 value=22 state394=88 state395=88
f=322 sl=-01 pc=FAC1 address=2004 value=00 state394=88 state395=88
f=322 sl=-01 pc=FAC1 address=2004 value=99 state394=88 state395=88
f=322 sl=-01 pc=FAC1 address=2004 value=44 state394=88 state395=88
f=322 sl=-01 pc=FAC1 address=2004 value=35 state394=88 state395=88
f=322 sl=-01 pc=FAC1 address=2004 value=02 state394=88 state395=88
f=322 sl=-01 pc=FAC1 address=2004 value=A3 state394=88 state395=88
f=322 sl=-01 pc=FAC1 address=2004 value=3B state394=88 state395=88
f=322 sl=-01 pc=FAC1 address=2004 value=2A state394=88 state395=88
f=322 sl=-01 pc=FAC1 address=2004 value=02 state394=88 state395=88
f=322 sl=-01 pc=FAC1 address=2004 value=8C state394=88 state395=88
f=322 sl=-01 pc=FAC1 address=2004 value=53 state394=88 state395=88
f=322 sl=-01 pc=FAC1 address=2004 value=08 state394=88 state395=88
f=322 sl=-01 pc=FAC1 address=2004 value=40 state394=88 state395=88
f=322 sl=-01 pc=FAC1 address=2004 value=6D state394=88 state395=88
f=322 sl=-01 pc=FAC1 address=2004 value=27 state394=88 state395=88
f=322 sl=-01 pc=FAC1 address=2004 value=26 state394=88 state395=88
f=322 sl=-01 pc=FAC1 address=2004 value=00 state394=88 state395=88
f=322 sl=-01 pc=FAC1 address=2004 value=A1 state394=88 state395=88
f=322 sl=-01 pc=FAC1 address=2004 value=4C state394=88 state395=88
f=322 sl=-01 pc=FAC1 address=2004 value=39 state394=88 state395=88
f=322 sl=-01 pc=FAC1 address=2004 value=02 state394=88 state395=88
f=322 sl=-01 pc=FAC1 address=2004 value=AB state394=88 state395=88
f=322 sl=-01 pc=FAC1 address=2004 value=31 state394=88 state395=88
f=322 sl=-01 pc=FAC1 address=2004 value=2E state394=88 state395=88
f=322 sl=-01 pc=FAC1 address=2004 value=02 state394=88 state395=88
f=322 sl=-01 pc=FAC1 address=2004 value=98 state394=88 state395=88
f=322 sl=-01 pc=FAC1 address=2004 value=F4 state394=88 state395=88
f=322 sl=-01 pc=FAC1 address=2004 value=06 state394=88 state395=88
f=322 sl=-01 pc=FAC1 address=2004 value=80 state394=88 state395=88
f=322 sl=-01 pc=FAC1 address=2004 value=91 state394=88 state395=88
f=322 sl=-01 pc=FAC1 address=2004 value=7D state394=88 state395=88
f=322 sl=-01 pc=FAC1 address=2004 value=0F state394=88 state395=88
f=322 sl=-01 pc=FAC1 address=2004 value=00 state394=88 state395=88
f=322 sl=-01 pc=FAC1 address=2004 value=76 state394=88 state395=88
f=322 sl=-01 pc=FAC1 address=2004 value=39 state394=88 state395=88
f=322 sl=-01 pc=FAC1 address=2004 value=3D state394=88 state395=88
f=322 sl=-01 pc=FAC1 address=2004 value=02 state394=88 state395=88
f=322 sl=-01 pc=FAC1 address=2004 value=C8 state394=88 state395=88
f=322 sl=-01 pc=FAC1 address=2004 value=32 state394=88 state395=88
f=322 sl=-01 pc=FAC1 address=2004 value=32 state394=88 state395=88
f=322 sl=-01 pc=FAC1 address=2004 value=02 state394=88 state395=88
f=322 sl=-01 pc=FAC1 address=2004 value=A0 state394=88 state395=88
f=322 sl=-01 pc=FAC1 address=2004 value=F4 state394=88 state395=88
f=322 sl=-01 pc=FAC1 address=2004 value=23 state394=88 state395=88
f=322 sl=-01 pc=FAC1 address=2004 value=00 state394=88 state395=88
f=322 sl=-01 pc=FAC1 address=2004 value=4C state394=88 state395=88
f=322 sl=-01 pc=FAC1 address=2004 value=53 state394=88 state395=88
f=322 sl=-01 pc=FAC1 address=2004 value=09 state394=88 state395=88
f=322 sl=-01 pc=FAC1 address=2004 value=00 state394=88 state395=88
f=322 sl=-01 pc=FAC1 address=2004 value=65 state394=88 state395=88
f=322 sl=-01 pc=FAC1 address=2004 value=1F state394=88 state395=88
f=322 sl=-01 pc=FAC1 address=2004 value=23 state394=88 state395=88
f=322 sl=-01 pc=FAC1 address=2004 value=00 state394=88 state395=88
f=322 sl=-01 pc=FAC1 address=2004 value=A1 state394=88 state395=88
f=322 sl=-01 pc=FAC1 address=2004 value=2C state394=88 state395=88
f=322 sl=-01 pc=FAC1 address=2004 value=36 state394=88 state395=88
f=322 sl=-01 pc=FAC1 address=2004 value=02 state394=88 state395=88
f=322 sl=-01 pc=FAC1 address=2004 value=A8 state394=88 state395=88
f=322 sl=-01 pc=FAC1 address=2004 value=2C state394=88 state395=88
f=322 sl=-01 pc=FAC1 address=2004 value=2B state394=88 state395=88
f=322 sl=-01 pc=FAC1 address=2004 value=02 state394=88 state395=88
f=322 sl=-01 pc=FAC1 address=2004 value=90 state394=88 state395=88
f=322 sl=-01 pc=FAC1 address=2004 value=5B state394=88 state395=88
f=322 sl=-01 pc=FAC1 address=2004 value=06 state394=88 state395=88
f=322 sl=-01 pc=FAC1 address=2004 value=80 state394=88 state395=88
f=322 sl=-01 pc=FAC1 address=2004 value=5D state394=88 state395=88
f=322 sl=-01 pc=FAC1 address=2004 value=2F state394=88 state395=88
f=322 sl=-01 pc=FAC1 address=2004 value=27 state394=88 state395=88
f=322 sl=-01 pc=FAC1 address=2004 value=00 state394=88 state395=88
f=322 sl=-01 pc=FAC1 address=2004 value=91 state394=88 state395=88
f=322 sl=-01 pc=FAC1 address=2004 value=2E state394=88 state395=88
f=322 sl=-01 pc=FAC1 address=2004 value=3A state394=88 state395=88
f=322 sl=-01 pc=FAC1 address=2004 value=02 state394=88 state395=88
f=322 sl=-01 pc=FAC1 address=2004 value=B0 state394=88 state395=88
f=322 sl=-01 pc=FAC1 address=2004 value=45 state394=88 state395=88
f=322 sl=-01 pc=FAC1 address=2004 value=2F state394=88 state395=88
f=322 sl=-01 pc=FAC1 address=2004 value=02 state394=88 state395=88
f=322 sl=-01 pc=FAC1 address=2004 value=9F state394=88 state395=88
f=322 sl=-01 pc=FAC1 address=4014 value=02 state394=88 state395=88
f=322 sl=-01 pc=D084 address=2000 value=89 state394=88 state395=88
f=322 sl=-01 pc=FACB address=2001 value=1E state394=88 state395=88
f=322 sl=-01 pc=FA0B address=2000 value=89 state394=88 state395=88
f=322 sl=-01 pc=F900 address=2000 value=88 state394=88 state395=88
f=322 sl=-01 pc=F900 address=2000 value=88 state394=88 state395=88
f=323 sl=-01 pc=FABC address=2003 value=00 state394=88 state395=88
f=323 sl=-01 pc=FAC1 address=2004 value=B7 state394=88 state395=88
f=323 sl=-01 pc=FAC1 address=2004 value=A0 state394=88 state395=88
f=323 sl=-01 pc=FAC1 address=2004 value=01 state394=88 state395=88
f=323 sl=-01 pc=FAC1 address=2004 value=10 state394=88 state395=88
f=323 sl=-01 pc=FAC1 address=2004 value=B7 state394=88 state395=88
f=323 sl=-01 pc=FAC1 address=2004 value=A1 state394=88 state395=88
f=323 sl=-01 pc=FAC1 address=2004 value=01 state394=88 state395=88
f=323 sl=-01 pc=FAC1 address=2004 value=18 state394=88 state395=88
f=323 sl=-01 pc=FAC1 address=2004 value=B7 state394=88 state395=88
f=323 sl=-01 pc=FAC1 address=2004 value=A2 state394=88 state395=88
f=323 sl=-01 pc=FAC1 address=2004 value=01 state394=88 state395=88
f=323 sl=-01 pc=FAC1 address=2004 value=20 state394=88 state395=88
f=323 sl=-01 pc=FAC1 address=2004 value=B7 state394=88 state395=88
f=323 sl=-01 pc=FAC1 address=2004 value=A3 state394=88 state395=88
f=323 sl=-01 pc=FAC1 address=2004 value=01 state394=88 state395=88
f=323 sl=-01 pc=FAC1 address=2004 value=28 state394=88 state395=88
f=323 sl=-01 pc=FAC1 address=2004 value=BF state394=88 state395=88
f=323 sl=-01 pc=FAC1 address=2004 value=A4 state394=88 state395=88
f=323 sl=-01 pc=FAC1 address=2004 value=01 state394=88 state395=88
f=323 sl=-01 pc=FAC1 address=2004 value=10 state394=88 state395=88
f=323 sl=-01 pc=FAC1 address=2004 value=BF state394=88 state395=88
f=323 sl=-01 pc=FAC1 address=2004 value=A5 state394=88 state395=88
f=323 sl=-01 pc=FAC1 address=2004 value=01 state394=88 state395=88
f=323 sl=-01 pc=FAC1 address=2004 value=18 state394=88 state395=88
f=323 sl=-01 pc=FAC1 address=2004 value=BF state394=88 state395=88
f=323 sl=-01 pc=FAC1 address=2004 value=A6 state394=88 state395=88
f=323 sl=-01 pc=FAC1 address=2004 value=01 state394=88 state395=88
f=323 sl=-01 pc=FAC1 address=2004 value=20 state394=88 state395=88
f=323 sl=-01 pc=FAC1 address=2004 value=BF state394=88 state395=88
f=323 sl=-01 pc=FAC1 address=2004 value=A7 state394=88 state395=88
f=323 sl=-01 pc=FAC1 address=2004 value=01 state394=88 state395=88
f=323 sl=-01 pc=FAC1 address=2004 value=28 state394=88 state395=88
f=323 sl=-01 pc=FAC1 address=2004 value=C7 state394=88 state395=88
f=323 sl=-01 pc=FAC1 address=2004 value=A8 state394=88 state395=88
f=323 sl=-01 pc=FAC1 address=2004 value=01 state394=88 state395=88
f=323 sl=-01 pc=FAC1 address=2004 value=10 state394=88 state395=88
f=323 sl=-01 pc=FAC1 address=2004 value=C7 state394=88 state395=88
f=323 sl=-01 pc=FAC1 address=2004 value=A9 state394=88 state395=88
f=323 sl=-01 pc=FAC1 address=2004 value=01 state394=88 state395=88
f=323 sl=-01 pc=FAC1 address=2004 value=18 state394=88 state395=88
f=323 sl=-01 pc=FAC1 address=2004 value=C7 state394=88 state395=88
f=323 sl=-01 pc=FAC1 address=2004 value=AA state394=88 state395=88
f=323 sl=-01 pc=FAC1 address=2004 value=01 state394=88 state395=88
f=323 sl=-01 pc=FAC1 address=2004 value=20 state394=88 state395=88
f=323 sl=-01 pc=FAC1 address=2004 value=C7 state394=88 state395=88
f=323 sl=-01 pc=FAC1 address=2004 value=AB state394=88 state395=88
f=323 sl=-01 pc=FAC1 address=2004 value=01 state394=88 state395=88
f=323 sl=-01 pc=FAC1 address=2004 value=28 state394=88 state395=88
f=323 sl=-01 pc=FAC1 address=2004 value=CF state394=88 state395=88
f=323 sl=-01 pc=FAC1 address=2004 value=AC state394=88 state395=88
f=323 sl=-01 pc=FAC1 address=2004 value=01 state394=88 state395=88
f=323 sl=-01 pc=FAC1 address=2004 value=10 state394=88 state395=88
f=323 sl=-01 pc=FAC1 address=2004 value=CF state394=88 state395=88
f=323 sl=-01 pc=FAC1 address=2004 value=AD state394=88 state395=88
f=323 sl=-01 pc=FAC1 address=2004 value=01 state394=88 state395=88
f=323 sl=-01 pc=FAC1 address=2004 value=18 state394=88 state395=88
f=323 sl=-01 pc=FAC1 address=2004 value=CF state394=88 state395=88
f=323 sl=-01 pc=FAC1 address=2004 value=AE state394=88 state395=88
f=323 sl=-01 pc=FAC1 address=2004 value=01 state394=88 state395=88
f=323 sl=-01 pc=FAC1 address=2004 value=20 state394=88 state395=88
f=323 sl=-01 pc=FAC1 address=2004 value=CF state394=88 state395=88
f=323 sl=-01 pc=FAC1 address=2004 value=AF state394=88 state395=88
f=323 sl=-01 pc=FAC1 address=2004 value=01 state394=88 state395=88
f=323 sl=-01 pc=FAC1 address=2004 value=28 state394=88 state395=88
f=323 sl=-01 pc=FAC1 address=2004 value=F4 state394=88 state395=88
f=323 sl=-01 pc=FAC1 address=2004 value=06 state394=88 state395=88
f=323 sl=-01 pc=FAC1 address=2004 value=C0 state394=88 state395=88
f=323 sl=-01 pc=FAC1 address=2004 value=A1 state394=88 state395=88
f=323 sl=-01 pc=FAC1 address=2004 value=7D state394=88 state395=88
f=323 sl=-01 pc=FAC1 address=2004 value=0F state394=88 state395=88
f=323 sl=-01 pc=FAC1 address=2004 value=00 state394=88 state395=88
f=323 sl=-01 pc=FAC1 address=2004 value=76 state394=88 state395=88
f=323 sl=-01 pc=FAC1 address=2004 value=39 state394=88 state395=88
f=323 sl=-01 pc=FAC1 address=2004 value=3D state394=88 state395=88
f=323 sl=-01 pc=FAC1 address=2004 value=02 state394=88 state395=88
f=323 sl=-01 pc=FAC1 address=2004 value=C8 state394=88 state395=88
f=323 sl=-01 pc=FAC1 address=2004 value=32 state394=88 state395=88
f=323 sl=-01 pc=FAC1 address=2004 value=32 state394=88 state395=88
f=323 sl=-01 pc=FAC1 address=2004 value=02 state394=88 state395=88
f=323 sl=-01 pc=FAC1 address=2004 value=A0 state394=88 state395=88
f=323 sl=-01 pc=FAC1 address=2004 value=F4 state394=88 state395=88
f=323 sl=-01 pc=FAC1 address=2004 value=2A state394=88 state395=88
f=323 sl=-01 pc=FAC1 address=2004 value=02 state394=88 state395=88
f=323 sl=-01 pc=FAC1 address=2004 value=8C state394=88 state395=88
f=323 sl=-01 pc=FAC1 address=2004 value=53 state394=88 state395=88
f=323 sl=-01 pc=FAC1 address=2004 value=09 state394=88 state395=88
f=323 sl=-01 pc=FAC1 address=2004 value=00 state394=88 state395=88
f=323 sl=-01 pc=FAC1 address=2004 value=65 state394=88 state395=88
f=323 sl=-01 pc=FAC1 address=2004 value=1F state394=88 state395=88
f=323 sl=-01 pc=FAC1 address=2004 value=23 state394=88 state395=88
f=323 sl=-01 pc=FAC1 address=2004 value=00 state394=88 state395=88
f=323 sl=-01 pc=FAC1 address=2004 value=A1 state394=88 state395=88
f=323 sl=-01 pc=FAC1 address=2004 value=2C state394=88 state395=88
f=323 sl=-01 pc=FAC1 address=2004 value=36 state394=88 state395=88
f=323 sl=-01 pc=FAC1 address=2004 value=02 state394=88 state395=88
f=323 sl=-01 pc=FAC1 address=2004 value=A8 state394=88 state395=88
f=323 sl=-01 pc=FAC1 address=2004 value=2C state394=88 state395=88
f=323 sl=-01 pc=FAC1 address=2004 value=2B state394=88 state395=88
f=323 sl=-01 pc=FAC1 address=2004 value=02 state394=88 state395=88
f=323 sl=-01 pc=FAC1 address=2004 value=90 state394=88 state395=88
f=323 sl=-01 pc=FAC1 address=2004 value=5B state394=88 state395=88
f=323 sl=-01 pc=FAC1 address=2004 value=06 state394=88 state395=88
f=323 sl=-01 pc=FAC1 address=2004 value=80 state394=88 state395=88
f=323 sl=-01 pc=FAC1 address=2004 value=5D state394=88 state395=88
f=323 sl=-01 pc=FAC1 address=2004 value=2F state394=88 state395=88
f=323 sl=-01 pc=FAC1 address=2004 value=27 state394=88 state395=88
f=323 sl=-01 pc=FAC1 address=2004 value=00 state394=88 state395=88
f=323 sl=-01 pc=FAC1 address=2004 value=91 state394=88 state395=88
f=323 sl=-01 pc=FAC1 address=2004 value=2E state394=88 state395=88
f=323 sl=-01 pc=FAC1 address=2004 value=3A state394=88 state395=88
f=323 sl=-01 pc=FAC1 address=2004 value=02 state394=88 state395=88
f=323 sl=-01 pc=FAC1 address=2004 value=B0 state394=88 state395=88
f=323 sl=-01 pc=FAC1 address=2004 value=45 state394=88 state395=88
f=323 sl=-01 pc=FAC1 address=2004 value=2F state394=88 state395=88
f=323 sl=-01 pc=FAC1 address=2004 value=02 state394=88 state395=88
f=323 sl=-01 pc=FAC1 address=2004 value=9F state394=88 state395=88
f=323 sl=-01 pc=FAC1 address=2004 value=F4 state394=88 state395=88
f=323 sl=-01 pc=FAC1 address=2004 value=21 state394=88 state395=88
f=323 sl=-01 pc=FAC1 address=2004 value=00 state394=88 state395=88
f=323 sl=-01 pc=FAC1 address=2004 value=3C state394=88 state395=88
f=323 sl=-01 pc=FAC1 address=2004 value=4B state394=88 state395=88
f=323 sl=-01 pc=FAC1 address=2004 value=06 state394=88 state395=88
f=323 sl=-01 pc=FAC1 address=2004 value=00 state394=88 state395=88
f=323 sl=-01 pc=FAC1 address=2004 value=5D state394=88 state395=88
f=323 sl=-01 pc=FAC1 address=2004 value=39 state394=88 state395=88
f=323 sl=-01 pc=FAC1 address=2004 value=3E state394=88 state395=88
f=323 sl=-01 pc=FAC1 address=2004 value=02 state394=88 state395=88
f=323 sl=-01 pc=FAC1 address=2004 value=D0 state394=88 state395=88
f=323 sl=-01 pc=FAC1 address=2004 value=56 state394=88 state395=88
f=323 sl=-01 pc=FAC1 address=2004 value=33 state394=88 state395=88
f=323 sl=-01 pc=FAC1 address=2004 value=02 state394=88 state395=88
f=323 sl=-01 pc=FAC1 address=2004 value=A0 state394=88 state395=88
f=323 sl=-01 pc=FAC1 address=2004 value=F4 state394=88 state395=88
f=323 sl=-01 pc=FAC1 address=2004 value=2A state394=88 state395=88
f=323 sl=-01 pc=FAC1 address=2004 value=02 state394=88 state395=88
f=323 sl=-01 pc=FAC1 address=2004 value=8C state394=88 state395=88
f=323 sl=-01 pc=FAC1 address=2004 value=4B state394=88 state395=88
f=323 sl=-01 pc=FAC1 address=2004 value=06 state394=88 state395=88
f=323 sl=-01 pc=FAC1 address=2004 value=40 state394=88 state395=88
f=323 sl=-01 pc=FAC1 address=2004 value=6D state394=88 state395=88
f=323 sl=-01 pc=FAC1 address=2004 value=27 state394=88 state395=88
f=323 sl=-01 pc=FAC1 address=2004 value=24 state394=88 state395=88
f=323 sl=-01 pc=FAC1 address=2004 value=00 state394=88 state395=88
f=323 sl=-01 pc=FAC1 address=2004 value=91 state394=88 state395=88
f=323 sl=-01 pc=FAC1 address=2004 value=34 state394=88 state395=88
f=323 sl=-01 pc=FAC1 address=2004 value=37 state394=88 state395=88
f=323 sl=-01 pc=FAC1 address=2004 value=02 state394=88 state395=88
f=323 sl=-01 pc=FAC1 address=2004 value=AB state394=88 state395=88
f=323 sl=-01 pc=FAC1 address=2004 value=4C state394=88 state395=88
f=323 sl=-01 pc=FAC1 address=2004 value=2C state394=88 state395=88
f=323 sl=-01 pc=FAC1 address=2004 value=02 state394=88 state395=88
f=323 sl=-01 pc=FAC1 address=2004 value=97 state394=88 state395=88
f=323 sl=-01 pc=FAC1 address=2004 value=5B state394=88 state395=88
f=323 sl=-01 pc=FAC1 address=2004 value=06 state394=88 state395=88
f=323 sl=-01 pc=FAC1 address=2004 value=C0 state394=88 state395=88
f=323 sl=-01 pc=FAC1 address=2004 value=6D state394=88 state395=88
f=323 sl=-01 pc=FAC1 address=2004 value=2F state394=88 state395=88
f=323 sl=-01 pc=FAC1 address=2004 value=28 state394=88 state395=88
f=323 sl=-01 pc=FAC1 address=2004 value=00 state394=88 state395=88
f=323 sl=-01 pc=FAC1 address=2004 value=99 state394=88 state395=88
f=323 sl=-01 pc=FAC1 address=2004 value=37 state394=88 state395=88
f=323 sl=-01 pc=FAC1 address=2004 value=3B state394=88 state395=88
f=323 sl=-01 pc=FAC1 address=2004 value=02 state394=88 state395=88
f=323 sl=-01 pc=FAC1 address=2004 value=C6 state394=88 state395=88
f=323 sl=-01 pc=FAC1 address=2004 value=4D state394=88 state395=88
f=323 sl=-01 pc=FAC1 address=2004 value=30 state394=88 state395=88
f=323 sl=-01 pc=FAC1 address=2004 value=02 state394=88 state395=88
f=323 sl=-01 pc=FAC1 address=2004 value=9F state394=88 state395=88
f=323 sl=-01 pc=FAC1 address=2004 value=F4 state394=88 state395=88
f=323 sl=-01 pc=FAC1 address=2004 value=22 state394=88 state395=88
f=323 sl=-01 pc=FAC1 address=2004 value=00 state394=88 state395=88
f=323 sl=-01 pc=FAC1 address=2004 value=44 state394=88 state395=88
f=323 sl=-01 pc=FAC1 address=2004 value=4B state394=88 state395=88
f=323 sl=-01 pc=FAC1 address=2004 value=07 state394=88 state395=88
f=323 sl=-01 pc=FAC1 address=2004 value=00 state394=88 state395=88
f=323 sl=-01 pc=FAC1 address=2004 value=65 state394=88 state395=88
f=323 sl=-01 pc=FAC1 address=2004 value=1F state394=88 state395=88
f=323 sl=-01 pc=FAC1 address=2004 value=21 state394=88 state395=88
f=323 sl=-01 pc=FAC1 address=2004 value=00 state394=88 state395=88
f=323 sl=-01 pc=FAC1 address=2004 value=91 state394=88 state395=88
f=323 sl=-01 pc=FAC1 address=2004 value=3C state394=88 state395=88
f=323 sl=-01 pc=FAC1 address=2004 value=34 state394=88 state395=88
f=323 sl=-01 pc=FAC1 address=2004 value=02 state394=88 state395=88
f=323 sl=-01 pc=FAC1 address=2004 value=A3 state394=88 state395=88
f=323 sl=-01 pc=FAC1 address=2004 value=F4 state394=88 state395=88
f=323 sl=-01 pc=FAC1 address=2004 value=2A state394=88 state395=88
f=323 sl=-01 pc=FAC1 address=2004 value=02 state394=88 state395=88
f=323 sl=-01 pc=FAC1 address=2004 value=8C state394=88 state395=88
f=323 sl=-01 pc=FAC1 address=2004 value=5B state394=88 state395=88
f=323 sl=-01 pc=FAC1 address=2004 value=07 state394=88 state395=88
f=323 sl=-01 pc=FAC1 address=2004 value=80 state394=88 state395=88
f=323 sl=-01 pc=FAC1 address=2004 value=65 state394=88 state395=88
f=323 sl=-01 pc=FAC1 address=2004 value=27 state394=88 state395=88
f=323 sl=-01 pc=FAC1 address=2004 value=25 state394=88 state395=88
f=323 sl=-01 pc=FAC1 address=2004 value=00 state394=88 state395=88
f=323 sl=-01 pc=FAC1 address=2004 value=99 state394=88 state395=88
f=323 sl=-01 pc=FAC1 address=2004 value=3C state394=88 state395=88
f=323 sl=-01 pc=FAC1 address=2004 value=38 state394=88 state395=88
f=323 sl=-01 pc=FAC1 address=2004 value=02 state394=88 state395=88
f=323 sl=-01 pc=FAC1 address=2004 value=AB state394=88 state395=88
f=323 sl=-01 pc=FAC1 address=2004 value=29 state394=88 state395=88
f=323 sl=-01 pc=FAC1 address=2004 value=2D state394=88 state395=88
f=323 sl=-01 pc=FAC1 address=2004 value=02 state394=88 state395=88
f=323 sl=-01 pc=FAC1 address=2004 value=98 state394=88 state395=88
f=323 sl=-01 pc=FAC1 address=2004 value=F4 state394=88 state395=88
f=323 sl=-01 pc=FAC1 address=2004 value=06 state394=88 state395=88
f=323 sl=-01 pc=FAC1 address=2004 value=80 state394=88 state395=88
f=323 sl=-01 pc=FAC1 address=2004 value=91 state394=88 state395=88
f=323 sl=-01 pc=FAC1 address=2004 value=2F state394=88 state395=88
f=323 sl=-01 pc=FAC1 address=2004 value=29 state394=88 state395=88
f=323 sl=-01 pc=FAC1 address=2004 value=00 state394=88 state395=88
f=323 sl=-01 pc=FAC1 address=2004 value=A1 state394=88 state395=88
f=323 sl=-01 pc=FAC1 address=2004 value=38 state394=88 state395=88
f=323 sl=-01 pc=FAC1 address=2004 value=3C state394=88 state395=88
f=323 sl=-01 pc=FAC1 address=2004 value=02 state394=88 state395=88
f=323 sl=-01 pc=FAC1 address=2004 value=C7 state394=88 state395=88
f=323 sl=-01 pc=FAC1 address=2004 value=2A state394=88 state395=88
f=323 sl=-01 pc=FAC1 address=2004 value=31 state394=88 state395=88
f=323 sl=-01 pc=FAC1 address=2004 value=02 state394=88 state395=88
f=323 sl=-01 pc=FAC1 address=2004 value=A0 state394=88 state395=88
f=323 sl=-01 pc=FAC1 address=2004 value=F4 state394=88 state395=88
f=323 sl=-01 pc=FAC1 address=2004 value=23 state394=88 state395=88
f=323 sl=-01 pc=FAC1 address=2004 value=00 state394=88 state395=88
f=323 sl=-01 pc=FAC1 address=2004 value=4C state394=88 state395=88
f=323 sl=-01 pc=FAC1 address=2004 value=53 state394=88 state395=88
f=323 sl=-01 pc=FAC1 address=2004 value=08 state394=88 state395=88
f=323 sl=-01 pc=FAC1 address=2004 value=00 state394=88 state395=88
f=323 sl=-01 pc=FAC1 address=2004 value=5D state394=88 state395=88
f=323 sl=-01 pc=FAC1 address=2004 value=1F state394=88 state395=88
f=323 sl=-01 pc=FAC1 address=2004 value=22 state394=88 state395=88
f=323 sl=-01 pc=FAC1 address=2004 value=00 state394=88 state395=88
f=323 sl=-01 pc=FAC1 address=2004 value=99 state394=88 state395=88
f=323 sl=-01 pc=FAC1 address=2004 value=44 state394=88 state395=88
f=323 sl=-01 pc=FAC1 address=2004 value=35 state394=88 state395=88
f=323 sl=-01 pc=FAC1 address=2004 value=02 state394=88 state395=88
f=323 sl=-01 pc=FAC1 address=2004 value=A3 state394=88 state395=88
f=323 sl=-01 pc=FAC1 address=2004 value=3B state394=88 state395=88
f=323 sl=-01 pc=FAC1 address=2004 value=2A state394=88 state395=88
f=323 sl=-01 pc=FAC1 address=2004 value=02 state394=88 state395=88
f=323 sl=-01 pc=FAC1 address=2004 value=8C state394=88 state395=88
f=323 sl=-01 pc=FAC1 address=2004 value=53 state394=88 state395=88
f=323 sl=-01 pc=FAC1 address=2004 value=08 state394=88 state395=88
f=323 sl=-01 pc=FAC1 address=2004 value=40 state394=88 state395=88
f=323 sl=-01 pc=FAC1 address=2004 value=6D state394=88 state395=88
f=323 sl=-01 pc=FAC1 address=2004 value=27 state394=88 state395=88
f=323 sl=-01 pc=FAC1 address=2004 value=26 state394=88 state395=88
f=323 sl=-01 pc=FAC1 address=2004 value=00 state394=88 state395=88
f=323 sl=-01 pc=FAC1 address=2004 value=A1 state394=88 state395=88
f=323 sl=-01 pc=FAC1 address=2004 value=4C state394=88 state395=88
f=323 sl=-01 pc=FAC1 address=2004 value=39 state394=88 state395=88
f=323 sl=-01 pc=FAC1 address=2004 value=02 state394=88 state395=88
f=323 sl=-01 pc=FAC1 address=2004 value=AB state394=88 state395=88
f=323 sl=-01 pc=FAC1 address=2004 value=31 state394=88 state395=88
f=323 sl=-01 pc=FAC1 address=2004 value=2E state394=88 state395=88
f=323 sl=-01 pc=FAC1 address=2004 value=02 state394=88 state395=88
f=323 sl=-01 pc=FAC1 address=2004 value=98 state394=88 state395=88
f=323 sl=-01 pc=FAC1 address=4014 value=02 state394=88 state395=88
f=323 sl=-01 pc=D084 address=2000 value=89 state394=88 state395=88
f=323 sl=-01 pc=FACB address=2001 value=1E state394=88 state395=88
f=323 sl=-01 pc=FA0B address=2000 value=89 state394=88 state395=88
f=323 sl=-01 pc=F900 address=2000 value=88 state394=88 state395=88
f=323 sl=-01 pc=F900 address=2000 value=88 state394=88 state395=88
f=324 sl=-01 pc=FABC address=2003 value=00 state394=88 state395=88
f=324 sl=-01 pc=FAC1 address=2004 value=B7 state394=88 state395=88
f=324 sl=-01 pc=FAC1 address=2004 value=A0 state394=88 state395=88
f=324 sl=-01 pc=FAC1 address=2004 value=01 state394=88 state395=88
f=324 sl=-01 pc=FAC1 address=2004 value=10 state394=88 state395=88
f=324 sl=-01 pc=FAC1 address=2004 value=B7 state394=88 state395=88
f=324 sl=-01 pc=FAC1 address=2004 value=A1 state394=88 state395=88
f=324 sl=-01 pc=FAC1 address=2004 value=01 state394=88 state395=88
f=324 sl=-01 pc=FAC1 address=2004 value=18 state394=88 state395=88
f=324 sl=-01 pc=FAC1 address=2004 value=B7 state394=88 state395=88
f=324 sl=-01 pc=FAC1 address=2004 value=A2 state394=88 state395=88
f=324 sl=-01 pc=FAC1 address=2004 value=01 state394=88 state395=88
f=324 sl=-01 pc=FAC1 address=2004 value=20 state394=88 state395=88
f=324 sl=-01 pc=FAC1 address=2004 value=B7 state394=88 state395=88
f=324 sl=-01 pc=FAC1 address=2004 value=A3 state394=88 state395=88
f=324 sl=-01 pc=FAC1 address=2004 value=01 state394=88 state395=88
f=324 sl=-01 pc=FAC1 address=2004 value=28 state394=88 state395=88
f=324 sl=-01 pc=FAC1 address=2004 value=BF state394=88 state395=88
f=324 sl=-01 pc=FAC1 address=2004 value=A4 state394=88 state395=88
f=324 sl=-01 pc=FAC1 address=2004 value=01 state394=88 state395=88
f=324 sl=-01 pc=FAC1 address=2004 value=10 state394=88 state395=88
f=324 sl=-01 pc=FAC1 address=2004 value=BF state394=88 state395=88
f=324 sl=-01 pc=FAC1 address=2004 value=A5 state394=88 state395=88
f=324 sl=-01 pc=FAC1 address=2004 value=01 state394=88 state395=88
f=324 sl=-01 pc=FAC1 address=2004 value=18 state394=88 state395=88
f=324 sl=-01 pc=FAC1 address=2004 value=BF state394=88 state395=88
f=324 sl=-01 pc=FAC1 address=2004 value=A6 state394=88 state395=88
f=324 sl=-01 pc=FAC1 address=2004 value=01 state394=88 state395=88
f=324 sl=-01 pc=FAC1 address=2004 value=20 state394=88 state395=88
f=324 sl=-01 pc=FAC1 address=2004 value=BF state394=88 state395=88
f=324 sl=-01 pc=FAC1 address=2004 value=A7 state394=88 state395=88
f=324 sl=-01 pc=FAC1 address=2004 value=01 state394=88 state395=88
f=324 sl=-01 pc=FAC1 address=2004 value=28 state394=88 state395=88
f=324 sl=-01 pc=FAC1 address=2004 value=C7 state394=88 state395=88
f=324 sl=-01 pc=FAC1 address=2004 value=A8 state394=88 state395=88
f=324 sl=-01 pc=FAC1 address=2004 value=01 state394=88 state395=88
f=324 sl=-01 pc=FAC1 address=2004 value=10 state394=88 state395=88
f=324 sl=-01 pc=FAC1 address=2004 value=C7 state394=88 state395=88
f=324 sl=-01 pc=FAC1 address=2004 value=A9 state394=88 state395=88
f=324 sl=-01 pc=FAC1 address=2004 value=01 state394=88 state395=88
f=324 sl=-01 pc=FAC1 address=2004 value=18 state394=88 state395=88
f=324 sl=-01 pc=FAC1 address=2004 value=C7 state394=88 state395=88
f=324 sl=-01 pc=FAC1 address=2004 value=AA state394=88 state395=88
f=324 sl=-01 pc=FAC1 address=2004 value=01 state394=88 state395=88
f=324 sl=-01 pc=FAC1 address=2004 value=20 state394=88 state395=88
f=324 sl=-01 pc=FAC1 address=2004 value=C7 state394=88 state395=88
f=324 sl=-01 pc=FAC1 address=2004 value=AB state394=88 state395=88
f=324 sl=-01 pc=FAC1 address=2004 value=01 state394=88 state395=88
f=324 sl=-01 pc=FAC1 address=2004 value=28 state394=88 state395=88
f=324 sl=-01 pc=FAC1 address=2004 value=CF state394=88 state395=88
f=324 sl=-01 pc=FAC1 address=2004 value=AC state394=88 state395=88
f=324 sl=-01 pc=FAC1 address=2004 value=01 state394=88 state395=88
f=324 sl=-01 pc=FAC1 address=2004 value=10 state394=88 state395=88
f=324 sl=-01 pc=FAC1 address=2004 value=CF state394=88 state395=88
f=324 sl=-01 pc=FAC1 address=2004 value=AD state394=88 state395=88
f=324 sl=-01 pc=FAC1 address=2004 value=01 state394=88 state395=88
f=324 sl=-01 pc=FAC1 address=2004 value=18 state394=88 state395=88
f=324 sl=-01 pc=FAC1 address=2004 value=CF state394=88 state395=88
f=324 sl=-01 pc=FAC1 address=2004 value=AE state394=88 state395=88
f=324 sl=-01 pc=FAC1 address=2004 value=01 state394=88 state395=88
f=324 sl=-01 pc=FAC1 address=2004 value=20 state394=88 state395=88
f=324 sl=-01 pc=FAC1 address=2004 value=CF state394=88 state395=88
f=324 sl=-01 pc=FAC1 address=2004 value=AF state394=88 state395=88
f=324 sl=-01 pc=FAC1 address=2004 value=01 state394=88 state395=88
f=324 sl=-01 pc=FAC1 address=2004 value=28 state394=88 state395=88
f=324 sl=-01 pc=FAC1 address=2004 value=F4 state394=88 state395=88
f=324 sl=-01 pc=FAC1 address=2004 value=06 state394=88 state395=88
f=324 sl=-01 pc=FAC1 address=2004 value=C0 state394=88 state395=88
f=324 sl=-01 pc=FAC1 address=2004 value=A1 state394=88 state395=88
f=324 sl=-01 pc=FAC1 address=2004 value=4B state394=88 state395=88
f=324 sl=-01 pc=FAC1 address=2004 value=0A state394=88 state395=88
f=324 sl=-01 pc=FAC1 address=2004 value=40 state394=88 state395=88
f=324 sl=-01 pc=FAC1 address=2004 value=6D state394=88 state395=88
f=324 sl=-01 pc=FAC1 address=2004 value=38 state394=88 state395=88
f=324 sl=-01 pc=FAC1 address=2004 value=3C state394=88 state395=88
f=324 sl=-01 pc=FAC1 address=2004 value=02 state394=88 state395=88
f=324 sl=-01 pc=FAC1 address=2004 value=C7 state394=88 state395=88
f=324 sl=-01 pc=FAC1 address=2004 value=2A state394=88 state395=88
f=324 sl=-01 pc=FAC1 address=2004 value=31 state394=88 state395=88
f=324 sl=-01 pc=FAC1 address=2004 value=02 state394=88 state395=88
f=324 sl=-01 pc=FAC1 address=2004 value=A0 state394=88 state395=88
f=324 sl=-01 pc=FAC1 address=2004 value=F4 state394=88 state395=88
f=324 sl=-01 pc=FAC1 address=2004 value=2A state394=88 state395=88
f=324 sl=-01 pc=FAC1 address=2004 value=02 state394=88 state395=88
f=324 sl=-01 pc=FAC1 address=2004 value=8C state394=88 state395=88
f=324 sl=-01 pc=FAC1 address=2004 value=5B state394=88 state395=88
f=324 sl=-01 pc=FAC1 address=2004 value=0A state394=88 state395=88
f=324 sl=-01 pc=FAC1 address=2004 value=80 state394=88 state395=88
f=324 sl=-01 pc=FAC1 address=2004 value=5D state394=88 state395=88
f=324 sl=-01 pc=FAC1 address=2004 value=79 state394=88 state395=88
f=324 sl=-01 pc=FAC1 address=2004 value=10 state394=88 state395=88
f=324 sl=-01 pc=FAC1 address=2004 value=40 state394=88 state395=88
f=324 sl=-01 pc=FAC1 address=2004 value=7A state394=88 state395=88
f=324 sl=-01 pc=FAC1 address=2004 value=44 state394=88 state395=88
f=324 sl=-01 pc=FAC1 address=2004 value=35 state394=88 state395=88
f=324 sl=-01 pc=FAC1 address=2004 value=02 state394=88 state395=88
f=324 sl=-01 pc=FAC1 address=2004 value=A3 state394=88 state395=88
f=324 sl=-01 pc=FAC1 address=2004 value=3B state394=88 state395=88
f=324 sl=-01 pc=FAC1 address=2004 value=2A state394=88 state395=88
f=324 sl=-01 pc=FAC1 address=2004 value=02 state394=88 state395=88
f=324 sl=-01 pc=FAC1 address=2004 value=8C state394=88 state395=88
f=324 sl=-01 pc=FAC1 address=2004 value=F4 state394=88 state395=88
f=324 sl=-01 pc=FAC1 address=2004 value=06 state394=88 state395=88
f=324 sl=-01 pc=FAC1 address=2004 value=80 state394=88 state395=88
f=324 sl=-01 pc=FAC1 address=2004 value=5D state394=88 state395=88
f=324 sl=-01 pc=FAC1 address=2004 value=4B state394=88 state395=88
f=324 sl=-01 pc=FAC1 address=2004 value=0B state394=88 state395=88
f=324 sl=-01 pc=FAC1 address=2004 value=00 state394=88 state395=88
f=324 sl=-01 pc=FAC1 address=2004 value=65 state394=88 state395=88
f=324 sl=-01 pc=FAC1 address=2004 value=4C state394=88 state395=88
f=324 sl=-01 pc=FAC1 address=2004 value=39 state394=88 state395=88
f=324 sl=-01 pc=FAC1 address=2004 value=02 state394=88 state395=88
f=324 sl=-01 pc=FAC1 address=2004 value=AB state394=88 state395=88
f=324 sl=-01 pc=FAC1 address=2004 value=31 state394=88 state395=88
f=324 sl=-01 pc=FAC1 address=2004 value=2E state394=88 state395=88
f=324 sl=-01 pc=FAC1 address=2004 value=02 state394=88 state395=88
f=324 sl=-01 pc=FAC1 address=2004 value=98 state394=88 state395=88
f=324 sl=-01 pc=FAC1 address=2004 value=F4 state394=88 state395=88
f=324 sl=-01 pc=FAC1 address=2004 value=21 state394=88 state395=88
f=324 sl=-01 pc=FAC1 address=2004 value=00 state394=88 state395=88
f=324 sl=-01 pc=FAC1 address=2004 value=3C state394=88 state395=88
f=324 sl=-01 pc=FAC1 address=2004 value=5B state394=88 state395=88
f=324 sl=-01 pc=FAC1 address=2004 value=0B state394=88 state395=88
f=324 sl=-01 pc=FAC1 address=2004 value=80 state394=88 state395=88
f=324 sl=-01 pc=FAC1 address=2004 value=65 state394=88 state395=88
f=324 sl=-01 pc=FAC1 address=2004 value=39 state394=88 state395=88
f=324 sl=-01 pc=FAC1 address=2004 value=3D state394=88 state395=88
f=324 sl=-01 pc=FAC1 address=2004 value=02 state394=88 state395=88
f=324 sl=-01 pc=FAC1 address=2004 value=C8 state394=88 state395=88
f=324 sl=-01 pc=FAC1 address=2004 value=32 state394=88 state395=88
f=324 sl=-01 pc=FAC1 address=2004 value=32 state394=88 state395=88
f=324 sl=-01 pc=FAC1 address=2004 value=02 state394=88 state395=88
f=324 sl=-01 pc=FAC1 address=2004 value=A0 state394=88 state395=88
f=324 sl=-01 pc=FAC1 address=2004 value=F4 state394=88 state395=88
f=324 sl=-01 pc=FAC1 address=2004 value=2A state394=88 state395=88
f=324 sl=-01 pc=FAC1 address=2004 value=02 state394=88 state395=88
f=324 sl=-01 pc=FAC1 address=2004 value=8C state394=88 state395=88
f=324 sl=-01 pc=FAC1 address=2004 value=F4 state394=88 state395=88
f=324 sl=-01 pc=FAC1 address=2004 value=06 state394=88 state395=88
f=324 sl=-01 pc=FAC1 address=2004 value=40 state394=88 state395=88
f=324 sl=-01 pc=FAC1 address=2004 value=6D state394=88 state395=88
f=324 sl=-01 pc=FAC1 address=2004 value=81 state394=88 state395=88
f=324 sl=-01 pc=FAC1 address=2004 value=10 state394=88 state395=88
f=324 sl=-01 pc=FAC1 address=2004 value=80 state394=88 state395=88
f=324 sl=-01 pc=FAC1 address=2004 value=72 state394=88 state395=88
f=324 sl=-01 pc=FAC1 address=2004 value=2C state394=88 state395=88
f=324 sl=-01 pc=FAC1 address=2004 value=36 state394=88 state395=88
f=324 sl=-01 pc=FAC1 address=2004 value=02 state394=88 state395=88
f=324 sl=-01 pc=FAC1 address=2004 value=A8 state394=88 state395=88
f=324 sl=-01 pc=FAC1 address=2004 value=2C state394=88 state395=88
f=324 sl=-01 pc=FAC1 address=2004 value=2B state394=88 state395=88
f=324 sl=-01 pc=FAC1 address=2004 value=02 state394=88 state395=88
f=324 sl=-01 pc=FAC1 address=2004 value=90 state394=88 state395=88
f=324 sl=-01 pc=FAC1 address=2004 value=F4 state394=88 state395=88
f=324 sl=-01 pc=FAC1 address=2004 value=06 state394=88 state395=88
f=324 sl=-01 pc=FAC1 address=2004 value=C0 state394=88 state395=88
f=324 sl=-01 pc=FAC1 address=2004 value=6D state394=88 state395=88
f=324 sl=-01 pc=FAC1 address=2004 value=53 state394=88 state395=88
f=324 sl=-01 pc=FAC1 address=2004 value=0C state394=88 state395=88
f=324 sl=-01 pc=FAC1 address=2004 value=00 state394=88 state395=88
f=324 sl=-01 pc=FAC1 address=2004 value=5D state394=88 state395=88
f=324 sl=-01 pc=FAC1 address=2004 value=2E state394=88 state395=88
f=324 sl=-01 pc=FAC1 address=2004 value=3A state394=88 state395=88
f=324 sl=-01 pc=FAC1 address=2004 value=02 state394=88 state395=88
f=324 sl=-01 pc=FAC1 address=2004 value=B0 state394=88 state395=88
f=324 sl=-01 pc=FAC1 address=2004 value=45 state394=88 state395=88
f=324 sl=-01 pc=FAC1 address=2004 value=2F state394=88 state395=88
f=324 sl=-01 pc=FAC1 address=2004 value=02 state394=88 state395=88
f=324 sl=-01 pc=FAC1 address=2004 value=9F state394=88 state395=88
f=324 sl=-01 pc=FAC1 address=2004 value=F4 state394=88 state395=88
f=324 sl=-01 pc=FAC1 address=2004 value=22 state394=88 state395=88
f=324 sl=-01 pc=FAC1 address=2004 value=00 state394=88 state395=88
f=324 sl=-01 pc=FAC1 address=2004 value=44 state394=88 state395=88
f=324 sl=-01 pc=FAC1 address=2004 value=53 state394=88 state395=88
f=324 sl=-01 pc=FAC1 address=2004 value=0C state394=88 state395=88
f=324 sl=-01 pc=FAC1 address=2004 value=40 state394=88 state395=88
f=324 sl=-01 pc=FAC1 address=2004 value=6D state394=88 state395=88
f=324 sl=-01 pc=FAC1 address=2004 value=39 state394=88 state395=88
f=324 sl=-01 pc=FAC1 address=2004 value=3E state394=88 state395=88
f=324 sl=-01 pc=FAC1 address=2004 value=02 state394=88 state395=88
f=324 sl=-01 pc=FAC1 address=2004 value=D0 state394=88 state395=88
f=324 sl=-01 pc=FAC1 address=2004 value=56 state394=88 state395=88
f=324 sl=-01 pc=FAC1 address=2004 value=33 state394=88 state395=88
f=324 sl=-01 pc=FAC1 address=2004 value=02 state394=88 state395=88
f=324 sl=-01 pc=FAC1 address=2004 value=A0 state394=88 state395=88
f=324 sl=-01 pc=FAC1 address=2004 value=F4 state394=88 state395=88
f=324 sl=-01 pc=FAC1 address=2004 value=2A state394=88 state395=88
f=324 sl=-01 pc=FAC1 address=2004 value=02 state394=88 state395=88
f=324 sl=-01 pc=FAC1 address=2004 value=8C state394=88 state395=88
f=324 sl=-01 pc=FAC1 address=2004 value=F4 state394=88 state395=88
f=324 sl=-01 pc=FAC1 address=2004 value=07 state394=88 state395=88
f=324 sl=-01 pc=FAC1 address=2004 value=80 state394=88 state395=88
f=324 sl=-01 pc=FAC1 address=2004 value=65 state394=88 state395=88
f=324 sl=-01 pc=FAC1 address=2004 value=81 state394=88 state395=88
f=324 sl=-01 pc=FAC1 address=2004 value=10 state394=88 state395=88
f=324 sl=-01 pc=FAC1 address=2004 value=C0 state394=88 state395=88
f=324 sl=-01 pc=FAC1 address=2004 value=7A state394=88 state395=88
f=324 sl=-01 pc=FAC1 address=2004 value=34 state394=88 state395=88
f=324 sl=-01 pc=FAC1 address=2004 value=37 state394=88 state395=88
f=324 sl=-01 pc=FAC1 address=2004 value=02 state394=88 state395=88
f=324 sl=-01 pc=FAC1 address=2004 value=AB state394=88 state395=88
f=324 sl=-01 pc=FAC1 address=2004 value=4C state394=88 state395=88
f=324 sl=-01 pc=FAC1 address=2004 value=2C state394=88 state395=88
f=324 sl=-01 pc=FAC1 address=2004 value=02 state394=88 state395=88
f=324 sl=-01 pc=FAC1 address=2004 value=97 state394=88 state395=88
f=324 sl=-01 pc=FAC1 address=2004 value=F4 state394=88 state395=88
f=324 sl=-01 pc=FAC1 address=2004 value=06 state394=88 state395=88
f=324 sl=-01 pc=FAC1 address=2004 value=80 state394=88 state395=88
f=324 sl=-01 pc=FAC1 address=2004 value=91 state394=88 state395=88
f=324 sl=-01 pc=FAC1 address=2004 value=53 state394=88 state395=88
f=324 sl=-01 pc=FAC1 address=2004 value=0D state394=88 state395=88
f=324 sl=-01 pc=FAC1 address=2004 value=00 state394=88 state395=88
f=324 sl=-01 pc=FAC1 address=2004 value=65 state394=88 state395=88
f=324 sl=-01 pc=FAC1 address=2004 value=37 state394=88 state395=88
f=324 sl=-01 pc=FAC1 address=2004 value=3B state394=88 state395=88
f=324 sl=-01 pc=FAC1 address=2004 value=02 state394=88 state395=88
f=324 sl=-01 pc=FAC1 address=2004 value=C6 state394=88 state395=88
f=324 sl=-01 pc=FAC1 address=2004 value=4D state394=88 state395=88
f=324 sl=-01 pc=FAC1 address=2004 value=30 state394=88 state395=88
f=324 sl=-01 pc=FAC1 address=2004 value=02 state394=88 state395=88
f=324 sl=-01 pc=FAC1 address=2004 value=9F state394=88 state395=88
f=324 sl=-01 pc=FAC1 address=2004 value=F4 state394=88 state395=88
f=324 sl=-01 pc=FAC1 address=2004 value=23 state394=88 state395=88
f=324 sl=-01 pc=FAC1 address=2004 value=00 state394=88 state395=88
f=324 sl=-01 pc=FAC1 address=2004 value=4C state394=88 state395=88
f=324 sl=-01 pc=FAC1 address=2004 value=5B state394=88 state395=88
f=324 sl=-01 pc=FAC1 address=2004 value=0A state394=88 state395=88
f=324 sl=-01 pc=FAC1 address=2004 value=C0 state394=88 state395=88
f=324 sl=-01 pc=FAC1 address=2004 value=6D state394=88 state395=88
f=324 sl=-01 pc=FAC1 address=2004 value=79 state394=88 state395=88
f=324 sl=-01 pc=FAC1 address=2004 value=10 state394=88 state395=88
f=324 sl=-01 pc=FAC1 address=2004 value=00 state394=88 state395=88
f=324 sl=-01 pc=FAC1 address=2004 value=72 state394=88 state395=88
f=324 sl=-01 pc=FAC1 address=2004 value=3C state394=88 state395=88
f=324 sl=-01 pc=FAC1 address=2004 value=34 state394=88 state395=88
f=324 sl=-01 pc=FAC1 address=2004 value=02 state394=88 state395=88
f=324 sl=-01 pc=FAC1 address=2004 value=A3 state394=88 state395=88
f=324 sl=-01 pc=FAC1 address=2004 value=F4 state394=88 state395=88
f=324 sl=-01 pc=FAC1 address=2004 value=2A state394=88 state395=88
f=324 sl=-01 pc=FAC1 address=2004 value=02 state394=88 state395=88
f=324 sl=-01 pc=FAC1 address=2004 value=8C state394=88 state395=88
f=324 sl=-01 pc=FAC1 address=2004 value=F4 state394=88 state395=88
f=324 sl=-01 pc=FAC1 address=2004 value=08 state394=88 state395=88
f=324 sl=-01 pc=FAC1 address=2004 value=40 state394=88 state395=88
f=324 sl=-01 pc=FAC1 address=2004 value=6D state394=88 state395=88
f=324 sl=-01 pc=FAC1 address=2004 value=4B state394=88 state395=88
f=324 sl=-01 pc=FAC1 address=2004 value=0A state394=88 state395=88
f=324 sl=-01 pc=FAC1 address=2004 value=00 state394=88 state395=88
f=324 sl=-01 pc=FAC1 address=2004 value=5D state394=88 state395=88
f=324 sl=-01 pc=FAC1 address=2004 value=3C state394=88 state395=88
f=324 sl=-01 pc=FAC1 address=2004 value=38 state394=88 state395=88
f=324 sl=-01 pc=FAC1 address=2004 value=02 state394=88 state395=88
f=324 sl=-01 pc=FAC1 address=2004 value=AB state394=88 state395=88
f=324 sl=-01 pc=FAC1 address=2004 value=29 state394=88 state395=88
f=324 sl=-01 pc=FAC1 address=2004 value=2D state394=88 state395=88
f=324 sl=-01 pc=FAC1 address=2004 value=02 state394=88 state395=88
f=324 sl=-01 pc=FAC1 address=2004 value=98 state394=88 state395=88
f=324 sl=-01 pc=FAC1 address=4014 value=02 state394=88 state395=88
f=324 sl=-01 pc=D084 address=2000 value=89 state394=88 state395=88
f=324 sl=-01 pc=FACB address=2001 value=1E state394=88 state395=88
f=324 sl=-01 pc=FA0B address=2000 value=89 state394=88 state395=88
f=324 sl=-01 pc=F900 address=2000 value=88 state394=88 state395=88
f=324 sl=-01 pc=F900 address=2000 value=88 state394=88 state395=88
f=325 sl=-01 pc=FABC address=2003 value=00 state394=88 state395=88
f=325 sl=-01 pc=FAC1 address=2004 value=B7 state394=88 state395=88
f=325 sl=-01 pc=FAC1 address=2004 value=A0 state394=88 state395=88
f=325 sl=-01 pc=FAC1 address=2004 value=01 state394=88 state395=88
f=325 sl=-01 pc=FAC1 address=2004 value=10 state394=88 state395=88
f=325 sl=-01 pc=FAC1 address=2004 value=B7 state394=88 state395=88
f=325 sl=-01 pc=FAC1 address=2004 value=A1 state394=88 state395=88
f=325 sl=-01 pc=FAC1 address=2004 value=01 state394=88 state395=88
f=325 sl=-01 pc=FAC1 address=2004 value=18 state394=88 state395=88
f=325 sl=-01 pc=FAC1 address=2004 value=B7 state394=88 state395=88
f=325 sl=-01 pc=FAC1 address=2004 value=A2 state394=88 state395=88
f=325 sl=-01 pc=FAC1 address=2004 value=01 state394=88 state395=88
f=325 sl=-01 pc=FAC1 address=2004 value=20 state394=88 state395=88
f=325 sl=-01 pc=FAC1 address=2004 value=B7 state394=88 state395=88
f=325 sl=-01 pc=FAC1 address=2004 value=A3 state394=88 state395=88
f=325 sl=-01 pc=FAC1 address=2004 value=01 state394=88 state395=88
f=325 sl=-01 pc=FAC1 address=2004 value=28 state394=88 state395=88
f=325 sl=-01 pc=FAC1 address=2004 value=BF state394=88 state395=88
f=325 sl=-01 pc=FAC1 address=2004 value=A4 state394=88 state395=88
f=325 sl=-01 pc=FAC1 address=2004 value=01 state394=88 state395=88
f=325 sl=-01 pc=FAC1 address=2004 value=10 state394=88 state395=88
f=325 sl=-01 pc=FAC1 address=2004 value=BF state394=88 state395=88
f=325 sl=-01 pc=FAC1 address=2004 value=A5 state394=88 state395=88
f=325 sl=-01 pc=FAC1 address=2004 value=01 state394=88 state395=88
f=325 sl=-01 pc=FAC1 address=2004 value=18 state394=88 state395=88
f=325 sl=-01 pc=FAC1 address=2004 value=BF state394=88 state395=88
f=325 sl=-01 pc=FAC1 address=2004 value=A6 state394=88 state395=88
f=325 sl=-01 pc=FAC1 address=2004 value=01 state394=88 state395=88
f=325 sl=-01 pc=FAC1 address=2004 value=20 state394=88 state395=88
f=325 sl=-01 pc=FAC1 address=2004 value=BF state394=88 state395=88
f=325 sl=-01 pc=FAC1 address=2004 value=A7 state394=88 state395=88
f=325 sl=-01 pc=FAC1 address=2004 value=01 state394=88 state395=88
f=325 sl=-01 pc=FAC1 address=2004 value=28 state394=88 state395=88
f=325 sl=-01 pc=FAC1 address=2004 value=C7 state394=88 state395=88
f=325 sl=-01 pc=FAC1 address=2004 value=A8 state394=88 state395=88
f=325 sl=-01 pc=FAC1 address=2004 value=01 state394=88 state395=88
f=325 sl=-01 pc=FAC1 address=2004 value=10 state394=88 state395=88
f=325 sl=-01 pc=FAC1 address=2004 value=C7 state394=88 state395=88
f=325 sl=-01 pc=FAC1 address=2004 value=A9 state394=88 state395=88
f=325 sl=-01 pc=FAC1 address=2004 value=01 state394=88 state395=88
f=325 sl=-01 pc=FAC1 address=2004 value=18 state394=88 state395=88
f=325 sl=-01 pc=FAC1 address=2004 value=C7 state394=88 state395=88
f=325 sl=-01 pc=FAC1 address=2004 value=AA state394=88 state395=88
f=325 sl=-01 pc=FAC1 address=2004 value=01 state394=88 state395=88
f=325 sl=-01 pc=FAC1 address=2004 value=20 state394=88 state395=88
f=325 sl=-01 pc=FAC1 address=2004 value=C7 state394=88 state395=88
f=325 sl=-01 pc=FAC1 address=2004 value=AB state394=88 state395=88
f=325 sl=-01 pc=FAC1 address=2004 value=01 state394=88 state395=88
f=325 sl=-01 pc=FAC1 address=2004 value=28 state394=88 state395=88
f=325 sl=-01 pc=FAC1 address=2004 value=CF state394=88 state395=88
f=325 sl=-01 pc=FAC1 address=2004 value=AC state394=88 state395=88
f=325 sl=-01 pc=FAC1 address=2004 value=01 state394=88 state395=88
f=325 sl=-01 pc=FAC1 address=2004 value=10 state394=88 state395=88
f=325 sl=-01 pc=FAC1 address=2004 value=CF state394=88 state395=88
f=325 sl=-01 pc=FAC1 address=2004 value=AD state394=88 state395=88
f=325 sl=-01 pc=FAC1 address=2004 value=01 state394=88 state395=88
f=325 sl=-01 pc=FAC1 address=2004 value=18 state394=88 state395=88
f=325 sl=-01 pc=FAC1 address=2004 value=CF state394=88 state395=88
f=325 sl=-01 pc=FAC1 address=2004 value=AE state394=88 state395=88
f=325 sl=-01 pc=FAC1 address=2004 value=01 state394=88 state395=88
f=325 sl=-01 pc=FAC1 address=2004 value=20 state394=88 state395=88
f=325 sl=-01 pc=FAC1 address=2004 value=CF state394=88 state395=88
f=325 sl=-01 pc=FAC1 address=2004 value=AF state394=88 state395=88
f=325 sl=-01 pc=FAC1 address=2004 value=01 state394=88 state395=88
f=325 sl=-01 pc=FAC1 address=2004 value=28 state394=88 state395=88
f=325 sl=-01 pc=FAC1 address=2004 value=2A state394=88 state395=88
f=325 sl=-01 pc=FAC1 address=2004 value=31 state394=88 state395=88
f=325 sl=-01 pc=FAC1 address=2004 value=02 state394=88 state395=88
f=325 sl=-01 pc=FAC1 address=2004 value=A0 state394=88 state395=88
f=325 sl=-01 pc=FAC1 address=2004 value=F4 state394=88 state395=88
f=325 sl=-01 pc=FAC1 address=2004 value=0A state394=88 state395=88
f=325 sl=-01 pc=FAC1 address=2004 value=40 state394=88 state395=88
f=325 sl=-01 pc=FAC1 address=2004 value=6D state394=88 state395=88
f=325 sl=-01 pc=FAC1 address=2004 value=5B state394=88 state395=88
f=325 sl=-01 pc=FAC1 address=2004 value=0A state394=88 state395=88
f=325 sl=-01 pc=FAC1 address=2004 value=80 state394=88 state395=88
f=325 sl=-01 pc=FAC1 address=2004 value=5D state394=88 state395=88
f=325 sl=-01 pc=FAC1 address=2004 value=79 state394=88 state395=88
f=325 sl=-01 pc=FAC1 address=2004 value=10 state394=88 state395=88
f=325 sl=-01 pc=FAC1 address=2004 value=40 state394=88 state395=88
f=325 sl=-01 pc=FAC1 address=2004 value=7A state394=88 state395=88
f=325 sl=-01 pc=FAC1 address=2004 value=44 state394=88 state395=88
f=325 sl=-01 pc=FAC1 address=2004 value=35 state394=88 state395=88
f=325 sl=-01 pc=FAC1 address=2004 value=02 state394=88 state395=88
f=325 sl=-01 pc=FAC1 address=2004 value=A3 state394=88 state395=88
f=325 sl=-01 pc=FAC1 address=2004 value=3B state394=88 state395=88
f=325 sl=-01 pc=FAC1 address=2004 value=2A state394=88 state395=88
f=325 sl=-01 pc=FAC1 address=2004 value=02 state394=88 state395=88
f=325 sl=-01 pc=FAC1 address=2004 value=8C state394=88 state395=88
f=325 sl=-01 pc=FAC1 address=2004 value=F4 state394=88 state395=88
f=325 sl=-01 pc=FAC1 address=2004 value=10 state394=88 state395=88
f=325 sl=-01 pc=FAC1 address=2004 value=40 state394=88 state395=88
f=325 sl=-01 pc=FAC1 address=2004 value=7A state394=88 state395=88
f=325 sl=-01 pc=FAC1 address=2004 value=4B state394=88 state395=88
f=325 sl=-01 pc=FAC1 address=2004 value=0B state394=88 state395=88
f=325 sl=-01 pc=FAC1 address=2004 value=00 state394=88 state395=88
f=325 sl=-01 pc=FAC1 address=2004 value=65 state394=88 state395=88
f=325 sl=-01 pc=FAC1 address=2004 value=4C state394=88 state395=88
f=325 sl=-01 pc=FAC1 address=2004 value=39 state394=88 state395=88
f=325 sl=-01 pc=FAC1 address=2004 value=02 state394=88 state395=88
f=325 sl=-01 pc=FAC1 address=2004 value=AB state394=88 state395=88
f=325 sl=-01 pc=FAC1 address=2004 value=31 state394=88 state395=88
f=325 sl=-01 pc=FAC1 address=2004 value=2E state394=88 state395=88
f=325 sl=-01 pc=FAC1 address=2004 value=02 state394=88 state395=88
f=325 sl=-01 pc=FAC1 address=2004 value=98 state394=88 state395=88
f=325 sl=-01 pc=FAC1 address=2004 value=F4 state394=88 state395=88
f=325 sl=-01 pc=FAC1 address=2004 value=0B state394=88 state395=88
f=325 sl=-01 pc=FAC1 address=2004 value=00 state394=88 state395=88
f=325 sl=-01 pc=FAC1 address=2004 value=65 state394=88 state395=88
f=325 sl=-01 pc=FAC1 address=2004 value=5B state394=88 state395=88
f=325 sl=-01 pc=FAC1 address=2004 value=0B state394=88 state395=88
f=325 sl=-01 pc=FAC1 address=2004 value=80 state394=88 state395=88
f=325 sl=-01 pc=FAC1 address=2004 value=65 state394=88 state395=88
f=325 sl=-01 pc=FAC1 address=2004 value=39 state394=88 state395=88
f=325 sl=-01 pc=FAC1 address=2004 value=3D state394=88 state395=88
f=325 sl=-01 pc=FAC1 address=2004 value=02 state394=88 state395=88
f=325 sl=-01 pc=FAC1 address=2004 value=C8 state394=88 state395=88
f=325 sl=-01 pc=FAC1 address=2004 value=32 state394=88 state395=88
f=325 sl=-01 pc=FAC1 address=2004 value=32 state394=88 state395=88
f=325 sl=-01 pc=FAC1 address=2004 value=02 state394=88 state395=88
f=325 sl=-01 pc=FAC1 address=2004 value=A0 state394=88 state395=88
f=325 sl=-01 pc=FAC1 address=2004 value=F4 state394=88 state395=88
f=325 sl=-01 pc=FAC1 address=2004 value=0B state394=88 state395=88
f=325 sl=-01 pc=FAC1 address=2004 value=80 state394=88 state395=88
f=325 sl=-01 pc=FAC1 address=2004 value=65 state394=88 state395=88
f=325 sl=-01 pc=FAC1 address=2004 value=F4 state394=88 state395=88
f=325 sl=-01 pc=FAC1 address=2004 value=3D state394=88 state395=88
f=325 sl=-01 pc=FAC1 address=2004 value=02 state394=88 state395=88
f=325 sl=-01 pc=FAC1 address=2004 value=C8 state394=88 state395=88
f=325 sl=-01 pc=FAC1 address=2004 value=81 state394=88 state395=88
f=325 sl=-01 pc=FAC1 address=2004 value=10 state394=88 state395=88
f=325 sl=-01 pc=FAC1 address=2004 value=80 state394=88 state395=88
f=325 sl=-01 pc=FAC1 address=2004 value=72 state394=88 state395=88
f=325 sl=-01 pc=FAC1 address=2004 value=2C state394=88 state395=88
f=325 sl=-01 pc=FAC1 address=2004 value=36 state394=88 state395=88
f=325 sl=-01 pc=FAC1 address=2004 value=02 state394=88 state395=88
f=325 sl=-01 pc=FAC1 address=2004 value=A8 state394=88 state395=88
f=325 sl=-01 pc=FAC1 address=2004 value=2C state394=88 state395=88
f=325 sl=-01 pc=FAC1 address=2004 value=2B state394=88 state395=88
f=325 sl=-01 pc=FAC1 address=2004 value=02 state394=88 state395=88
f=325 sl=-01 pc=FAC1 address=2004 value=90 state394=88 state395=88
f=325 sl=-01 pc=FAC1 address=2004 value=F4 state394=88 state395=88
f=325 sl=-01 pc=FAC1 address=2004 value=10 state394=88 state395=88
f=325 sl=-01 pc=FAC1 address=2004 value=80 state394=88 state395=88
f=325 sl=-01 pc=FAC1 address=2004 value=72 state394=88 state395=88
f=325 sl=-01 pc=FAC1 address=2004 value=53 state394=88 state395=88
f=325 sl=-01 pc=FAC1 address=2004 value=0C state394=88 state395=88
f=325 sl=-01 pc=FAC1 address=2004 value=00 state394=88 state395=88
f=325 sl=-01 pc=FAC1 address=2004 value=5D state394=88 state395=88
f=325 sl=-01 pc=FAC1 address=2004 value=2E state394=88 state395=88
f=325 sl=-01 pc=FAC1 address=2004 value=3A state394=88 state395=88
f=325 sl=-01 pc=FAC1 address=2004 value=02 state394=88 state395=88
f=325 sl=-01 pc=FAC1 address=2004 value=B0 state394=88 state395=88
f=325 sl=-01 pc=FAC1 address=2004 value=45 state394=88 state395=88
f=325 sl=-01 pc=FAC1 address=2004 value=2F state394=88 state395=88
f=325 sl=-01 pc=FAC1 address=2004 value=02 state394=88 state395=88
f=325 sl=-01 pc=FAC1 address=2004 value=9F state394=88 state395=88
f=325 sl=-01 pc=FAC1 address=2004 value=F4 state394=88 state395=88
f=325 sl=-01 pc=FAC1 address=2004 value=0C state394=88 state395=88
f=325 sl=-01 pc=FAC1 address=2004 value=00 state394=88 state395=88
f=325 sl=-01 pc=FAC1 address=2004 value=5D state394=88 state395=88
f=325 sl=-01 pc=FAC1 address=2004 value=53 state394=88 state395=88
f=325 sl=-01 pc=FAC1 address=2004 value=0C state394=88 state395=88
f=325 sl=-01 pc=FAC1 address=2004 value=40 state394=88 state395=88
f=325 sl=-01 pc=FAC1 address=2004 value=6D state394=88 state395=88
f=325 sl=-01 pc=FAC1 address=2004 value=39 state394=88 state395=88
f=325 sl=-01 pc=FAC1 address=2004 value=3E state394=88 state395=88
f=325 sl=-01 pc=FAC1 address=2004 value=02 state394=88 state395=88
f=325 sl=-01 pc=FAC1 address=2004 value=D0 state394=88 state395=88
f=325 sl=-01 pc=FAC1 address=2004 value=56 state394=88 state395=88
f=325 sl=-01 pc=FAC1 address=2004 value=33 state394=88 state395=88
f=325 sl=-01 pc=FAC1 address=2004 value=02 state394=88 state395=88
f=325 sl=-01 pc=FAC1 address=2004 value=A0 state394=88 state395=88
f=325 sl=-01 pc=FAC1 address=2004 value=F4 state394=88 state395=88
f=325 sl=-01 pc=FAC1 address=2004 value=0C state394=88 state395=88
f=325 sl=-01 pc=FAC1 address=2004 value=40 state394=88 state395=88
f=325 sl=-01 pc=FAC1 address=2004 value=6D state394=88 state395=88
f=325 sl=-01 pc=FAC1 address=2004 value=F4 state394=88 state395=88
f=325 sl=-01 pc=FAC1 address=2004 value=3E state394=88 state395=88
f=325 sl=-01 pc=FAC1 address=2004 value=02 state394=88 state395=88
f=325 sl=-01 pc=FAC1 address=2004 value=D0 state394=88 state395=88
f=325 sl=-01 pc=FAC1 address=2004 value=81 state394=88 state395=88
f=325 sl=-01 pc=FAC1 address=2004 value=10 state394=88 state395=88
f=325 sl=-01 pc=FAC1 address=2004 value=C0 state394=88 state395=88
f=325 sl=-01 pc=FAC1 address=2004 value=7A state394=88 state395=88
f=325 sl=-01 pc=FAC1 address=2004 value=34 state394=88 state395=88
f=325 sl=-01 pc=FAC1 address=2004 value=37 state394=88 state395=88
f=325 sl=-01 pc=FAC1 address=2004 value=02 state394=88 state395=88
f=325 sl=-01 pc=FAC1 address=2004 value=AB state394=88 state395=88
f=325 sl=-01 pc=FAC1 address=2004 value=4C state394=88 state395=88
f=325 sl=-01 pc=FAC1 address=2004 value=2C state394=88 state395=88
f=325 sl=-01 pc=FAC1 address=2004 value=02 state394=88 state395=88
f=325 sl=-01 pc=FAC1 address=2004 value=97 state394=88 state395=88
f=325 sl=-01 pc=FAC1 address=2004 value=F4 state394=88 state395=88
f=325 sl=-01 pc=FAC1 address=2004 value=10 state394=88 state395=88
f=325 sl=-01 pc=FAC1 address=2004 value=C0 state394=88 state395=88
f=325 sl=-01 pc=FAC1 address=2004 value=7A state394=88 state395=88
f=325 sl=-01 pc=FAC1 address=2004 value=53 state394=88 state395=88
f=325 sl=-01 pc=FAC1 address=2004 value=0D state394=88 state395=88
f=325 sl=-01 pc=FAC1 address=2004 value=00 state394=88 state395=88
f=325 sl=-01 pc=FAC1 address=2004 value=65 state394=88 state395=88
f=325 sl=-01 pc=FAC1 address=2004 value=37 state394=88 state395=88
f=325 sl=-01 pc=FAC1 address=2004 value=3B state394=88 state395=88
f=325 sl=-01 pc=FAC1 address=2004 value=02 state394=88 state395=88
f=325 sl=-01 pc=FAC1 address=2004 value=C6 state394=88 state395=88
f=325 sl=-01 pc=FAC1 address=2004 value=4D state394=88 state395=88
f=325 sl=-01 pc=FAC1 address=2004 value=30 state394=88 state395=88
f=325 sl=-01 pc=FAC1 address=2004 value=02 state394=88 state395=88
f=325 sl=-01 pc=FAC1 address=2004 value=9F state394=88 state395=88
f=325 sl=-01 pc=FAC1 address=2004 value=F4 state394=88 state395=88
f=325 sl=-01 pc=FAC1 address=2004 value=0D state394=88 state395=88
f=325 sl=-01 pc=FAC1 address=2004 value=00 state394=88 state395=88
f=325 sl=-01 pc=FAC1 address=2004 value=65 state394=88 state395=88
f=325 sl=-01 pc=FAC1 address=2004 value=5B state394=88 state395=88
f=325 sl=-01 pc=FAC1 address=2004 value=0A state394=88 state395=88
f=325 sl=-01 pc=FAC1 address=2004 value=C0 state394=88 state395=88
f=325 sl=-01 pc=FAC1 address=2004 value=6D state394=88 state395=88
f=325 sl=-01 pc=FAC1 address=2004 value=79 state394=88 state395=88
f=325 sl=-01 pc=FAC1 address=2004 value=10 state394=88 state395=88
f=325 sl=-01 pc=FAC1 address=2004 value=00 state394=88 state395=88
f=325 sl=-01 pc=FAC1 address=2004 value=72 state394=88 state395=88
f=325 sl=-01 pc=FAC1 address=2004 value=3C state394=88 state395=88
f=325 sl=-01 pc=FAC1 address=2004 value=34 state394=88 state395=88
f=325 sl=-01 pc=FAC1 address=2004 value=02 state394=88 state395=88
f=325 sl=-01 pc=FAC1 address=2004 value=A3 state394=88 state395=88
f=325 sl=-01 pc=FAC1 address=2004 value=F4 state394=88 state395=88
f=325 sl=-01 pc=FAC1 address=2004 value=0A state394=88 state395=88
f=325 sl=-01 pc=FAC1 address=2004 value=C0 state394=88 state395=88
f=325 sl=-01 pc=FAC1 address=2004 value=6D state394=88 state395=88
f=325 sl=-01 pc=FAC1 address=2004 value=F4 state394=88 state395=88
f=325 sl=-01 pc=FAC1 address=2004 value=10 state394=88 state395=88
f=325 sl=-01 pc=FAC1 address=2004 value=00 state394=88 state395=88
f=325 sl=-01 pc=FAC1 address=2004 value=72 state394=88 state395=88
f=325 sl=-01 pc=FAC1 address=2004 value=4B state394=88 state395=88
f=325 sl=-01 pc=FAC1 address=2004 value=0A state394=88 state395=88
f=325 sl=-01 pc=FAC1 address=2004 value=00 state394=88 state395=88
f=325 sl=-01 pc=FAC1 address=2004 value=5D state394=88 state395=88
f=325 sl=-01 pc=FAC1 address=2004 value=3C state394=88 state395=88
f=325 sl=-01 pc=FAC1 address=2004 value=38 state394=88 state395=88
f=325 sl=-01 pc=FAC1 address=2004 value=02 state394=88 state395=88
f=325 sl=-01 pc=FAC1 address=2004 value=AB state394=88 state395=88
f=325 sl=-01 pc=FAC1 address=2004 value=29 state394=88 state395=88
f=325 sl=-01 pc=FAC1 address=2004 value=2D state394=88 state395=88
f=325 sl=-01 pc=FAC1 address=2004 value=02 state394=88 state395=88
f=325 sl=-01 pc=FAC1 address=2004 value=98 state394=88 state395=88
f=325 sl=-01 pc=FAC1 address=2004 value=F4 state394=88 state395=88
f=325 sl=-01 pc=FAC1 address=2004 value=0A state394=88 state395=88
f=325 sl=-01 pc=FAC1 address=2004 value=00 state394=88 state395=88
f=325 sl=-01 pc=FAC1 address=2004 value=5D state394=88 state395=88
f=325 sl=-01 pc=FAC1 address=2004 value=4B state394=88 state395=88
f=325 sl=-01 pc=FAC1 address=2004 value=0A state394=88 state395=88
f=325 sl=-01 pc=FAC1 address=2004 value=40 state394=88 state395=88
f=325 sl=-01 pc=FAC1 address=2004 value=6D state394=88 state395=88
f=325 sl=-01 pc=FAC1 address=2004 value=38 state394=88 state395=88
f=325 sl=-01 pc=FAC1 address=2004 value=3C state394=88 state395=88
f=325 sl=-01 pc=FAC1 address=2004 value=02 state394=88 state395=88
f=325 sl=-01 pc=FAC1 address=2004 value=C7 state394=88 state395=88
f=325 sl=-01 pc=FAC1 address=4014 value=02 state394=88 state395=88
f=325 sl=-01 pc=D084 address=2000 value=89 state394=88 state395=88
f=325 sl=-01 pc=FACB address=2001 value=1E state394=88 state395=88
f=325 sl=-01 pc=FA0B address=2000 value=89 state394=88 state395=88
f=325 sl=-01 pc=F900 address=2000 value=88 state394=88 state395=88
f=325 sl=-01 pc=F900 address=2000 value=88 state394=88 state395=88
f=326 sl=-01 pc=FABC address=2003 value=00 state394=88 state395=88
f=326 sl=-01 pc=FAC1 address=2004 value=B7 state394=88 state395=88
f=326 sl=-01 pc=FAC1 address=2004 value=A0 state394=88 state395=88
f=326 sl=-01 pc=FAC1 address=2004 value=01 state394=88 state395=88
f=326 sl=-01 pc=FAC1 address=2004 value=10 state394=88 state395=88
f=326 sl=-01 pc=FAC1 address=2004 value=B7 state394=88 state395=88
f=326 sl=-01 pc=FAC1 address=2004 value=A1 state394=88 state395=88
f=326 sl=-01 pc=FAC1 address=2004 value=01 state394=88 state395=88
f=326 sl=-01 pc=FAC1 address=2004 value=18 state394=88 state395=88
f=326 sl=-01 pc=FAC1 address=2004 value=B7 state394=88 state395=88
f=326 sl=-01 pc=FAC1 address=2004 value=A2 state394=88 state395=88
f=326 sl=-01 pc=FAC1 address=2004 value=01 state394=88 state395=88
f=326 sl=-01 pc=FAC1 address=2004 value=20 state394=88 state395=88
f=326 sl=-01 pc=FAC1 address=2004 value=B7 state394=88 state395=88
f=326 sl=-01 pc=FAC1 address=2004 value=A3 state394=88 state395=88
f=326 sl=-01 pc=FAC1 address=2004 value=01 state394=88 state395=88
f=326 sl=-01 pc=FAC1 address=2004 value=28 state394=88 state395=88
f=326 sl=-01 pc=FAC1 address=2004 value=BF state394=88 state395=88
f=326 sl=-01 pc=FAC1 address=2004 value=A4 state394=88 state395=88
f=326 sl=-01 pc=FAC1 address=2004 value=01 state394=88 state395=88
f=326 sl=-01 pc=FAC1 address=2004 value=10 state394=88 state395=88
f=326 sl=-01 pc=FAC1 address=2004 value=BF state394=88 state395=88
f=326 sl=-01 pc=FAC1 address=2004 value=A5 state394=88 state395=88
f=326 sl=-01 pc=FAC1 address=2004 value=01 state394=88 state395=88
f=326 sl=-01 pc=FAC1 address=2004 value=18 state394=88 state395=88
f=326 sl=-01 pc=FAC1 address=2004 value=BF state394=88 state395=88
f=326 sl=-01 pc=FAC1 address=2004 value=A6 state394=88 state395=88
f=326 sl=-01 pc=FAC1 address=2004 value=01 state394=88 state395=88
f=326 sl=-01 pc=FAC1 address=2004 value=20 state394=88 state395=88
f=326 sl=-01 pc=FAC1 address=2004 value=BF state394=88 state395=88
f=326 sl=-01 pc=FAC1 address=2004 value=A7 state394=88 state395=88
f=326 sl=-01 pc=FAC1 address=2004 value=01 state394=88 state395=88
f=326 sl=-01 pc=FAC1 address=2004 value=28 state394=88 state395=88
f=326 sl=-01 pc=FAC1 address=2004 value=C7 state394=88 state395=88
f=326 sl=-01 pc=FAC1 address=2004 value=A8 state394=88 state395=88
f=326 sl=-01 pc=FAC1 address=2004 value=01 state394=88 state395=88
f=326 sl=-01 pc=FAC1 address=2004 value=10 state394=88 state395=88
f=326 sl=-01 pc=FAC1 address=2004 value=C7 state394=88 state395=88
f=326 sl=-01 pc=FAC1 address=2004 value=A9 state394=88 state395=88
f=326 sl=-01 pc=FAC1 address=2004 value=01 state394=88 state395=88
f=326 sl=-01 pc=FAC1 address=2004 value=18 state394=88 state395=88
f=326 sl=-01 pc=FAC1 address=2004 value=C7 state394=88 state395=88
f=326 sl=-01 pc=FAC1 address=2004 value=AA state394=88 state395=88
f=326 sl=-01 pc=FAC1 address=2004 value=01 state394=88 state395=88
f=326 sl=-01 pc=FAC1 address=2004 value=20 state394=88 state395=88
f=326 sl=-01 pc=FAC1 address=2004 value=C7 state394=88 state395=88
f=326 sl=-01 pc=FAC1 address=2004 value=AB state394=88 state395=88
f=326 sl=-01 pc=FAC1 address=2004 value=01 state394=88 state395=88
f=326 sl=-01 pc=FAC1 address=2004 value=28 state394=88 state395=88
f=326 sl=-01 pc=FAC1 address=2004 value=CF state394=88 state395=88
f=326 sl=-01 pc=FAC1 address=2004 value=AC state394=88 state395=88
f=326 sl=-01 pc=FAC1 address=2004 value=01 state394=88 state395=88
f=326 sl=-01 pc=FAC1 address=2004 value=10 state394=88 state395=88
f=326 sl=-01 pc=FAC1 address=2004 value=CF state394=88 state395=88
f=326 sl=-01 pc=FAC1 address=2004 value=AD state394=88 state395=88
f=326 sl=-01 pc=FAC1 address=2004 value=01 state394=88 state395=88
f=326 sl=-01 pc=FAC1 address=2004 value=18 state394=88 state395=88
f=326 sl=-01 pc=FAC1 address=2004 value=CF state394=88 state395=88
f=326 sl=-01 pc=FAC1 address=2004 value=AE state394=88 state395=88
f=326 sl=-01 pc=FAC1 address=2004 value=01 state394=88 state395=88
f=326 sl=-01 pc=FAC1 address=2004 value=20 state394=88 state395=88
f=326 sl=-01 pc=FAC1 address=2004 value=CF state394=88 state395=88
f=326 sl=-01 pc=FAC1 address=2004 value=AF state394=88 state395=88
f=326 sl=-01 pc=FAC1 address=2004 value=01 state394=88 state395=88
f=326 sl=-01 pc=FAC1 address=2004 value=28 state394=88 state395=88
f=326 sl=-01 pc=FAC1 address=2004 value=4D state394=88 state395=88
f=326 sl=-01 pc=FAC1 address=2004 value=30 state394=88 state395=88
f=326 sl=-01 pc=FAC1 address=2004 value=02 state394=88 state395=88
f=326 sl=-01 pc=FAC1 address=2004 value=9F state394=88 state395=88
f=326 sl=-01 pc=FAC1 address=2004 value=F4 state394=88 state395=88
f=326 sl=-01 pc=FAC1 address=2004 value=0A state394=88 state395=88
f=326 sl=-01 pc=FAC1 address=2004 value=40 state394=88 state395=88
f=326 sl=-01 pc=FAC1 address=2004 value=6D state394=88 state395=88
f=326 sl=-01 pc=FAC1 address=2004 value=50 state394=88 state395=88
f=326 sl=-01 pc=FAC1 address=2004 value=23 state394=88 state395=88
f=326 sl=-01 pc=FAC1 address=2004 value=00 state394=88 state395=88
f=326 sl=-01 pc=FAC1 address=2004 value=6D state394=88 state395=88
f=326 sl=-01 pc=FAC1 address=2004 value=75 state394=88 state395=88
f=326 sl=-01 pc=FAC1 address=2004 value=06 state394=88 state395=88
f=326 sl=-01 pc=FAC1 address=2004 value=00 state394=88 state395=88
f=326 sl=-01 pc=FAC1 address=2004 value=6E state394=88 state395=88
f=326 sl=-01 pc=FAC1 address=2004 value=3C state394=88 state395=88
f=326 sl=-01 pc=FAC1 address=2004 value=34 state394=88 state395=88
f=326 sl=-01 pc=FAC1 address=2004 value=02 state394=88 state395=88
f=326 sl=-01 pc=FAC1 address=2004 value=A3 state394=88 state395=88
f=326 sl=-01 pc=FAC1 address=2004 value=F4 state394=88 state395=88
f=326 sl=-01 pc=FAC1 address=2004 value=2A state394=88 state395=88
f=326 sl=-01 pc=FAC1 address=2004 value=02 state394=88 state395=88
f=326 sl=-01 pc=FAC1 address=2004 value=8C state394=88 state395=88
f=326 sl=-01 pc=FAC1 address=2004 value=60 state394=88 state395=88
f=326 sl=-01 pc=FAC1 address=2004 value=27 state394=88 state395=88
f=326 sl=-01 pc=FAC1 address=2004 value=00 state394=88 state395=88
f=326 sl=-01 pc=FAC1 address=2004 value=5D state394=88 state395=88
f=326 sl=-01 pc=FAC1 address=2004 value=75 state394=88 state395=88
f=326 sl=-01 pc=FAC1 address=2004 value=06 state394=88 state395=88
f=326 sl=-01 pc=FAC1 address=2004 value=40 state394=88 state395=88
f=326 sl=-01 pc=FAC1 address=2004 value=7E state394=88 state395=88
f=326 sl=-01 pc=FAC1 address=2004 value=3C state394=88 state395=88
f=326 sl=-01 pc=FAC1 address=2004 value=38 state394=88 state395=88
f=326 sl=-01 pc=FAC1 address=2004 value=02 state394=88 state395=88
f=326 sl=-01 pc=FAC1 address=2004 value=AB state394=88 state395=88
f=326 sl=-01 pc=FAC1 address=2004 value=29 state394=88 state395=88
f=326 sl=-01 pc=FAC1 address=2004 value=2D state394=88 state395=88
f=326 sl=-01 pc=FAC1 address=2004 value=02 state394=88 state395=88
f=326 sl=-01 pc=FAC1 address=2004 value=98 state394=88 state395=88
f=326 sl=-01 pc=FAC1 address=2004 value=F4 state394=88 state395=88
f=326 sl=-01 pc=FAC1 address=2004 value=0B state394=88 state395=88
f=326 sl=-01 pc=FAC1 address=2004 value=00 state394=88 state395=88
f=326 sl=-01 pc=FAC1 address=2004 value=65 state394=88 state395=88
f=326 sl=-01 pc=FAC1 address=2004 value=85 state394=88 state395=88
f=326 sl=-01 pc=FAC1 address=2004 value=06 state394=88 state395=88
f=326 sl=-01 pc=FAC1 address=2004 value=C0 state394=88 state395=88
f=326 sl=-01 pc=FAC1 address=2004 value=7E state394=88 state395=88
f=326 sl=-01 pc=FAC1 address=2004 value=38 state394=88 state395=88
f=326 sl=-01 pc=FAC1 address=2004 value=3C state394=88 state395=88
f=326 sl=-01 pc=FAC1 address=2004 value=02 state394=88 state395=88
f=326 sl=-01 pc=FAC1 address=2004 value=C7 state394=88 state395=88
f=326 sl=-01 pc=FAC1 address=2004 value=2A state394=88 state395=88
f=326 sl=-01 pc=FAC1 address=2004 value=31 state394=88 state395=88
f=326 sl=-01 pc=FAC1 address=2004 value=02 state394=88 state395=88
f=326 sl=-01 pc=FAC1 address=2004 value=A0 state394=88 state395=88
f=326 sl=-01 pc=FAC1 address=2004 value=F4 state394=88 state395=88
f=326 sl=-01 pc=FAC1 address=2004 value=0B state394=88 state395=88
f=326 sl=-01 pc=FAC1 address=2004 value=80 state394=88 state395=88
f=326 sl=-01 pc=FAC1 address=2004 value=65 state394=88 state395=88
f=326 sl=-01 pc=FAC1 address=2004 value=58 state394=88 state395=88
f=326 sl=-01 pc=FAC1 address=2004 value=24 state394=88 state395=88
f=326 sl=-01 pc=FAC1 address=2004 value=00 state394=88 state395=88
f=326 sl=-01 pc=FAC1 address=2004 value=5D state394=88 state395=88
f=326 sl=-01 pc=FAC1 address=2004 value=75 state394=88 state395=88
f=326 sl=-01 pc=FAC1 address=2004 value=07 state394=88 state395=88
f=326 sl=-01 pc=FAC1 address=2004 value=00 state394=88 state395=88
f=326 sl=-01 pc=FAC1 address=2004 value=76 state394=88 state395=88
f=326 sl=-01 pc=FAC1 address=2004 value=44 state394=88 state395=88
f=326 sl=-01 pc=FAC1 address=2004 value=35 state394=88 state395=88
f=326 sl=-01 pc=FAC1 address=2004 value=02 state394=88 state395=88
f=326 sl=-01 pc=FAC1 address=2004 value=A3 state394=88 state395=88
f=326 sl=-01 pc=FAC1 address=2004 value=3B state394=88 state395=88
f=326 sl=-01 pc=FAC1 address=2004 value=2A state394=88 state395=88
f=326 sl=-01 pc=FAC1 address=2004 value=02 state394=88 state395=88
f=326 sl=-01 pc=FAC1 address=2004 value=8C state394=88 state395=88
f=326 sl=-01 pc=FAC1 address=2004 value=60 state394=88 state395=88
f=326 sl=-01 pc=FAC1 address=2004 value=28 state394=88 state395=88
f=326 sl=-01 pc=FAC1 address=2004 value=00 state394=88 state395=88
f=326 sl=-01 pc=FAC1 address=2004 value=65 state394=88 state395=88
f=326 sl=-01 pc=FAC1 address=2004 value=85 state394=88 state395=88
f=326 sl=-01 pc=FAC1 address=2004 value=07 state394=88 state395=88
f=326 sl=-01 pc=FAC1 address=2004 value=80 state394=88 state395=88
f=326 sl=-01 pc=FAC1 address=2004 value=76 state394=88 state395=88
f=326 sl=-01 pc=FAC1 address=2004 value=4C state394=88 state395=88
f=326 sl=-01 pc=FAC1 address=2004 value=39 state394=88 state395=88
f=326 sl=-01 pc=FAC1 address=2004 value=02 state394=88 state395=88
f=326 sl=-01 pc=FAC1 address=2004 value=AB state394=88 state395=88
f=326 sl=-01 pc=FAC1 address=2004 value=31 state394=88 state395=88
f=326 sl=-01 pc=FAC1 address=2004 value=2E state394=88 state395=88
f=326 sl=-01 pc=FAC1 address=2004 value=02 state394=88 state395=88
f=326 sl=-01 pc=FAC1 address=2004 value=98 state394=88 state395=88
f=326 sl=-01 pc=FAC1 address=2004 value=F4 state394=88 state395=88
f=326 sl=-01 pc=FAC1 address=2004 value=0C state394=88 state395=88
f=326 sl=-01 pc=FAC1 address=2004 value=00 state394=88 state395=88
f=326 sl=-01 pc=FAC1 address=2004 value=5D state394=88 state395=88
f=326 sl=-01 pc=FAC1 address=2004 value=50 state394=88 state395=88
f=326 sl=-01 pc=FAC1 address=2004 value=21 state394=88 state395=88
f=326 sl=-01 pc=FAC1 address=2004 value=00 state394=88 state395=88
f=326 sl=-01 pc=FAC1 address=2004 value=5D state394=88 state395=88
f=326 sl=-01 pc=FAC1 address=2004 value=39 state394=88 state395=88
f=326 sl=-01 pc=FAC1 address=2004 value=3D state394=88 state395=88
f=326 sl=-01 pc=FAC1 address=2004 value=02 state394=88 state395=88
f=326 sl=-01 pc=FAC1 address=2004 value=C8 state394=88 state395=88
f=326 sl=-01 pc=FAC1 address=2004 value=32 state394=88 state395=88
f=326 sl=-01 pc=FAC1 address=2004 value=32 state394=88 state395=88
f=326 sl=-01 pc=FAC1 address=2004 value=02 state394=88 state395=88
f=326 sl=-01 pc=FAC1 address=2004 value=A0 state394=88 state395=88
f=326 sl=-01 pc=FAC1 address=2004 value=F4 state394=88 state395=88
f=326 sl=-01 pc=FAC1 address=2004 value=0C state394=88 state395=88
f=326 sl=-01 pc=FAC1 address=2004 value=40 state394=88 state395=88
f=326 sl=-01 pc=FAC1 address=2004 value=6D state394=88 state395=88
f=326 sl=-01 pc=FAC1 address=2004 value=58 state394=88 state395=88
f=326 sl=-01 pc=FAC1 address=2004 value=25 state394=88 state395=88
f=326 sl=-01 pc=FAC1 address=2004 value=00 state394=88 state395=88
f=326 sl=-01 pc=FAC1 address=2004 value=65 state394=88 state395=88
f=326 sl=-01 pc=FAC1 address=2004 value=7D state394=88 state395=88
f=326 sl=-01 pc=FAC1 address=2004 value=08 state394=88 state395=88
f=326 sl=-01 pc=FAC1 address=2004 value=00 state394=88 state395=88
f=326 sl=-01 pc=FAC1 address=2004 value=6E state394=88 state395=88
f=326 sl=-01 pc=FAC1 address=2004 value=2C state394=88 state395=88
f=326 sl=-01 pc=FAC1 address=2004 value=36 state394=88 state395=88
f=326 sl=-01 pc=FAC1 address=2004 value=02 state394=88 state395=88
f=326 sl=-01 pc=FAC1 address=2004 value=A8 state394=88 state395=88
f=326 sl=-01 pc=FAC1 address=2004 value=2C state394=88 state395=88
f=326 sl=-01 pc=FAC1 address=2004 value=2B state394=88 state395=88
f=326 sl=-01 pc=FAC1 address=2004 value=02 state394=88 state395=88
f=326 sl=-01 pc=FAC1 address=2004 value=90 state394=88 state395=88
f=326 sl=-01 pc=FAC1 address=2004 value=60 state394=88 state395=88
f=326 sl=-01 pc=FAC1 address=2004 value=29 state394=88 state395=88
f=326 sl=-01 pc=FAC1 address=2004 value=00 state394=88 state395=88
f=326 sl=-01 pc=FAC1 address=2004 value=6D state394=88 state395=88
f=326 sl=-01 pc=FAC1 address=2004 value=7D state394=88 state395=88
f=326 sl=-01 pc=FAC1 address=2004 value=08 state394=88 state395=88
f=326 sl=-01 pc=FAC1 address=2004 value=40 state394=88 state395=88
f=326 sl=-01 pc=FAC1 address=2004 value=7E state394=88 state395=88
f=326 sl=-01 pc=FAC1 address=2004 value=2E state394=88 state395=88
f=326 sl=-01 pc=FAC1 address=2004 value=3A state394=88 state395=88
f=326 sl=-01 pc=FAC1 address=2004 value=02 state394=88 state395=88
f=326 sl=-01 pc=FAC1 address=2004 value=B0 state394=88 state395=88
f=326 sl=-01 pc=FAC1 address=2004 value=45 state394=88 state395=88
f=326 sl=-01 pc=FAC1 address=2004 value=2F state394=88 state395=88
f=326 sl=-01 pc=FAC1 address=2004 value=02 state394=88 state395=88
f=326 sl=-01 pc=FAC1 address=2004 value=9F state394=88 state395=88
f=326 sl=-01 pc=FAC1 address=2004 value=F4 state394=88 state395=88
f=326 sl=-01 pc=FAC1 address=2004 value=0D state394=88 state395=88
f=326 sl=-01 pc=FAC1 address=2004 value=00 state394=88 state395=88
f=326 sl=-01 pc=FAC1 address=2004 value=65 state394=88 state395=88
f=326 sl=-01 pc=FAC1 address=2004 value=50 state394=88 state395=88
f=326 sl=-01 pc=FAC1 address=2004 value=22 state394=88 state395=88
f=326 sl=-01 pc=FAC1 address=2004 value=00 state394=88 state395=88
f=326 sl=-01 pc=FAC1 address=2004 value=65 state394=88 state395=88
f=326 sl=-01 pc=FAC1 address=2004 value=39 state394=88 state395=88
f=326 sl=-01 pc=FAC1 address=2004 value=3E state394=88 state395=88
f=326 sl=-01 pc=FAC1 address=2004 value=02 state394=88 state395=88
f=326 sl=-01 pc=FAC1 address=2004 value=D0 state394=88 state395=88
f=326 sl=-01 pc=FAC1 address=2004 value=56 state394=88 state395=88
f=326 sl=-01 pc=FAC1 address=2004 value=33 state394=88 state395=88
f=326 sl=-01 pc=FAC1 address=2004 value=02 state394=88 state395=88
f=326 sl=-01 pc=FAC1 address=2004 value=A0 state394=88 state395=88
f=326 sl=-01 pc=FAC1 address=2004 value=F4 state394=88 state395=88
f=326 sl=-01 pc=FAC1 address=2004 value=0A state394=88 state395=88
f=326 sl=-01 pc=FAC1 address=2004 value=C0 state394=88 state395=88
f=326 sl=-01 pc=FAC1 address=2004 value=6D state394=88 state395=88
f=326 sl=-01 pc=FAC1 address=2004 value=58 state394=88 state395=88
f=326 sl=-01 pc=FAC1 address=2004 value=26 state394=88 state395=88
f=326 sl=-01 pc=FAC1 address=2004 value=00 state394=88 state395=88
f=326 sl=-01 pc=FAC1 address=2004 value=6D state394=88 state395=88
f=326 sl=-01 pc=FAC1 address=2004 value=7D state394=88 state395=88
f=326 sl=-01 pc=FAC1 address=2004 value=09 state394=88 state395=88
f=326 sl=-01 pc=FAC1 address=2004 value=00 state394=88 state395=88
f=326 sl=-01 pc=FAC1 address=2004 value=76 state394=88 state395=88
f=326 sl=-01 pc=FAC1 address=2004 value=34 state394=88 state395=88
f=326 sl=-01 pc=FAC1 address=2004 value=37 state394=88 state395=88
f=326 sl=-01 pc=FAC1 address=2004 value=02 state394=88 state395=88
f=326 sl=-01 pc=FAC1 address=2004 value=AB state394=88 state395=88
f=326 sl=-01 pc=FAC1 address=2004 value=4C state394=88 state395=88
f=326 sl=-01 pc=FAC1 address=2004 value=2C state394=88 state395=88
f=326 sl=-01 pc=FAC1 address=2004 value=02 state394=88 state395=88
f=326 sl=-01 pc=FAC1 address=2004 value=97 state394=88 state395=88
f=326 sl=-01 pc=FAC1 address=2004 value=F4 state394=88 state395=88
f=326 sl=-01 pc=FAC1 address=2004 value=0A state394=88 state395=88
f=326 sl=-01 pc=FAC1 address=2004 value=00 state394=88 state395=88
f=326 sl=-01 pc=FAC1 address=2004 value=5D state394=88 state395=88
f=326 sl=-01 pc=FAC1 address=2004 value=85 state394=88 state395=88
f=326 sl=-01 pc=FAC1 address=2004 value=06 state394=88 state395=88
f=326 sl=-01 pc=FAC1 address=2004 value=80 state394=88 state395=88
f=326 sl=-01 pc=FAC1 address=2004 value=6E state394=88 state395=88
f=326 sl=-01 pc=FAC1 address=2004 value=37 state394=88 state395=88
f=326 sl=-01 pc=FAC1 address=2004 value=3B state394=88 state395=88
f=326 sl=-01 pc=FAC1 address=2004 value=02 state394=88 state395=88
f=326 sl=-01 pc=FAC1 address=2004 value=C6 state394=88 state395=88
f=326 sl=-01 pc=FAC1 address=4014 value=02 state394=88 state395=88
f=326 sl=-01 pc=D084 address=2000 value=89 state394=88 state395=88
f=326 sl=-01 pc=FACB address=2001 value=1E state394=88 state395=88
f=326 sl=-01 pc=FA0B address=2000 value=89 state394=88 state395=88
f=326 sl=-01 pc=F900 address=2000 value=88 state394=88 state395=88
f=326 sl=-01 pc=F900 address=2000 value=88 state394=88 state395=88
f=327 sl=-01 pc=FABC address=2003 value=00 state394=88 state395=88
f=327 sl=-01 pc=FAC1 address=2004 value=B7 state394=88 state395=88
f=327 sl=-01 pc=FAC1 address=2004 value=A0 state394=88 state395=88
f=327 sl=-01 pc=FAC1 address=2004 value=01 state394=88 state395=88
f=327 sl=-01 pc=FAC1 address=2004 value=10 state394=88 state395=88
f=327 sl=-01 pc=FAC1 address=2004 value=B7 state394=88 state395=88
f=327 sl=-01 pc=FAC1 address=2004 value=A1 state394=88 state395=88
f=327 sl=-01 pc=FAC1 address=2004 value=01 state394=88 state395=88
f=327 sl=-01 pc=FAC1 address=2004 value=18 state394=88 state395=88
f=327 sl=-01 pc=FAC1 address=2004 value=B7 state394=88 state395=88
f=327 sl=-01 pc=FAC1 address=2004 value=A2 state394=88 state395=88
f=327 sl=-01 pc=FAC1 address=2004 value=01 state394=88 state395=88
f=327 sl=-01 pc=FAC1 address=2004 value=20 state394=88 state395=88
f=327 sl=-01 pc=FAC1 address=2004 value=B7 state394=88 state395=88
f=327 sl=-01 pc=FAC1 address=2004 value=A3 state394=88 state395=88
f=327 sl=-01 pc=FAC1 address=2004 value=01 state394=88 state395=88
f=327 sl=-01 pc=FAC1 address=2004 value=28 state394=88 state395=88
f=327 sl=-01 pc=FAC1 address=2004 value=BF state394=88 state395=88
f=327 sl=-01 pc=FAC1 address=2004 value=A4 state394=88 state395=88
f=327 sl=-01 pc=FAC1 address=2004 value=01 state394=88 state395=88
f=327 sl=-01 pc=FAC1 address=2004 value=10 state394=88 state395=88
f=327 sl=-01 pc=FAC1 address=2004 value=BF state394=88 state395=88
f=327 sl=-01 pc=FAC1 address=2004 value=A5 state394=88 state395=88
f=327 sl=-01 pc=FAC1 address=2004 value=01 state394=88 state395=88
f=327 sl=-01 pc=FAC1 address=2004 value=18 state394=88 state395=88
f=327 sl=-01 pc=FAC1 address=2004 value=BF state394=88 state395=88
f=327 sl=-01 pc=FAC1 address=2004 value=A6 state394=88 state395=88
f=327 sl=-01 pc=FAC1 address=2004 value=01 state394=88 state395=88
f=327 sl=-01 pc=FAC1 address=2004 value=20 state394=88 state395=88
f=327 sl=-01 pc=FAC1 address=2004 value=BF state394=88 state395=88
f=327 sl=-01 pc=FAC1 address=2004 value=A7 state394=88 state395=88
f=327 sl=-01 pc=FAC1 address=2004 value=01 state394=88 state395=88
f=327 sl=-01 pc=FAC1 address=2004 value=28 state394=88 state395=88
f=327 sl=-01 pc=FAC1 address=2004 value=C7 state394=88 state395=88
f=327 sl=-01 pc=FAC1 address=2004 value=A8 state394=88 state395=88
f=327 sl=-01 pc=FAC1 address=2004 value=01 state394=88 state395=88
f=327 sl=-01 pc=FAC1 address=2004 value=10 state394=88 state395=88
f=327 sl=-01 pc=FAC1 address=2004 value=C7 state394=88 state395=88
f=327 sl=-01 pc=FAC1 address=2004 value=A9 state394=88 state395=88
f=327 sl=-01 pc=FAC1 address=2004 value=01 state394=88 state395=88
f=327 sl=-01 pc=FAC1 address=2004 value=18 state394=88 state395=88
f=327 sl=-01 pc=FAC1 address=2004 value=C7 state394=88 state395=88
f=327 sl=-01 pc=FAC1 address=2004 value=AA state394=88 state395=88
f=327 sl=-01 pc=FAC1 address=2004 value=01 state394=88 state395=88
f=327 sl=-01 pc=FAC1 address=2004 value=20 state394=88 state395=88
f=327 sl=-01 pc=FAC1 address=2004 value=C7 state394=88 state395=88
f=327 sl=-01 pc=FAC1 address=2004 value=AB state394=88 state395=88
f=327 sl=-01 pc=FAC1 address=2004 value=01 state394=88 state395=88
f=327 sl=-01 pc=FAC1 address=2004 value=28 state394=88 state395=88
f=327 sl=-01 pc=FAC1 address=2004 value=CF state394=88 state395=88
f=327 sl=-01 pc=FAC1 address=2004 value=AC state394=88 state395=88
f=327 sl=-01 pc=FAC1 address=2004 value=01 state394=88 state395=88
f=327 sl=-01 pc=FAC1 address=2004 value=10 state394=88 state395=88
f=327 sl=-01 pc=FAC1 address=2004 value=CF state394=88 state395=88
f=327 sl=-01 pc=FAC1 address=2004 value=AD state394=88 state395=88
f=327 sl=-01 pc=FAC1 address=2004 value=01 state394=88 state395=88
f=327 sl=-01 pc=FAC1 address=2004 value=18 state394=88 state395=88
f=327 sl=-01 pc=FAC1 address=2004 value=CF state394=88 state395=88
f=327 sl=-01 pc=FAC1 address=2004 value=AE state394=88 state395=88
f=327 sl=-01 pc=FAC1 address=2004 value=01 state394=88 state395=88
f=327 sl=-01 pc=FAC1 address=2004 value=20 state394=88 state395=88
f=327 sl=-01 pc=FAC1 address=2004 value=CF state394=88 state395=88
f=327 sl=-01 pc=FAC1 address=2004 value=AF state394=88 state395=88
f=327 sl=-01 pc=FAC1 address=2004 value=01 state394=88 state395=88
f=327 sl=-01 pc=FAC1 address=2004 value=28 state394=88 state395=88
f=327 sl=-01 pc=FAC1 address=2004 value=45 state394=88 state395=88
f=327 sl=-01 pc=FAC1 address=2004 value=2F state394=88 state395=88
f=327 sl=-01 pc=FAC1 address=2004 value=02 state394=88 state395=88
f=327 sl=-01 pc=FAC1 address=2004 value=9F state394=88 state395=88
f=327 sl=-01 pc=FAC1 address=2004 value=F4 state394=88 state395=88
f=327 sl=-01 pc=FAC1 address=2004 value=0A state394=88 state395=88
f=327 sl=-01 pc=FAC1 address=2004 value=40 state394=88 state395=88
f=327 sl=-01 pc=FAC1 address=2004 value=6D state394=88 state395=88
f=327 sl=-01 pc=FAC1 address=2004 value=50 state394=88 state395=88
f=327 sl=-01 pc=FAC1 address=2004 value=22 state394=88 state395=88
f=327 sl=-01 pc=FAC1 address=2004 value=00 state394=88 state395=88
f=327 sl=-01 pc=FAC1 address=2004 value=65 state394=88 state395=88
f=327 sl=-01 pc=FAC1 address=2004 value=39 state394=88 state395=88
f=327 sl=-01 pc=FAC1 address=2004 value=3E state394=88 state395=88
f=327 sl=-01 pc=FAC1 address=2004 value=02 state394=88 state395=88
f=327 sl=-01 pc=FAC1 address=2004 value=D0 state394=88 state395=88
f=327 sl=-01 pc=FAC1 address=2004 value=56 state394=88 state395=88
f=327 sl=-01 pc=FAC1 address=2004 value=33 state394=88 state395=88
f=327 sl=-01 pc=FAC1 address=2004 value=02 state394=88 state395=88
f=327 sl=-01 pc=FAC1 address=2004 value=A0 state394=88 state395=88
f=327 sl=-01 pc=FAC1 address=2004 value=F4 state394=88 state395=88
f=327 sl=-01 pc=FAC1 address=2004 value=2A state394=88 state395=88
f=327 sl=-01 pc=FAC1 address=2004 value=02 state394=88 state395=88
f=327 sl=-01 pc=FAC1 address=2004 value=8C state394=88 state395=88
f=327 sl=-01 pc=FAC1 address=2004 value=58 state394=88 state395=88
f=327 sl=-01 pc=FAC1 address=2004 value=26 state394=88 state395=88
f=327 sl=-01 pc=FAC1 address=2004 value=00 state394=88 state395=88
f=327 sl=-01 pc=FAC1 address=2004 value=6D state394=88 state395=88
f=327 sl=-01 pc=FAC1 address=2004 value=7D state394=88 state395=88
f=327 sl=-01 pc=FAC1 address=2004 value=09 state394=88 state395=88
f=327 sl=-01 pc=FAC1 address=2004 value=00 state394=88 state395=88
f=327 sl=-01 pc=FAC1 address=2004 value=76 state394=88 state395=88
f=327 sl=-01 pc=FAC1 address=2004 value=34 state394=88 state395=88
f=327 sl=-01 pc=FAC1 address=2004 value=37 state394=88 state395=88
f=327 sl=-01 pc=FAC1 address=2004 value=02 state394=88 state395=88
f=327 sl=-01 pc=FAC1 address=2004 value=AB state394=88 state395=88
f=327 sl=-01 pc=FAC1 address=2004 value=4C state394=88 state395=88
f=327 sl=-01 pc=FAC1 address=2004 value=2C state394=88 state395=88
f=327 sl=-01 pc=FAC1 address=2004 value=02 state394=88 state395=88
f=327 sl=-01 pc=FAC1 address=2004 value=97 state394=88 state395=88
f=327 sl=-01 pc=FAC1 address=2004 value=F4 state394=88 state395=88
f=327 sl=-01 pc=FAC1 address=2004 value=0B state394=88 state395=88
f=327 sl=-01 pc=FAC1 address=2004 value=00 state394=88 state395=88
f=327 sl=-01 pc=FAC1 address=2004 value=65 state394=88 state395=88
f=327 sl=-01 pc=FAC1 address=2004 value=85 state394=88 state395=88
f=327 sl=-01 pc=FAC1 address=2004 value=06 state394=88 state395=88
f=327 sl=-01 pc=FAC1 address=2004 value=80 state394=88 state395=88
f=327 sl=-01 pc=FAC1 address=2004 value=6E state394=88 state395=88
f=327 sl=-01 pc=FAC1 address=2004 value=37 state394=88 state395=88
f=327 sl=-01 pc=FAC1 address=2004 value=3B state394=88 state395=88
f=327 sl=-01 pc=FAC1 address=2004 value=02 state394=88 state395=88
f=327 sl=-01 pc=FAC1 address=2004 value=C6 state394=88 state395=88
f=327 sl=-01 pc=FAC1 address=2004 value=4D state394=88 state395=88
f=327 sl=-01 pc=FAC1 address=2004 value=30 state394=88 state395=88
f=327 sl=-01 pc=FAC1 address=2004 value=02 state394=88 state395=88
f=327 sl=-01 pc=FAC1 address=2004 value=9F state394=88 state395=88
f=327 sl=-01 pc=FAC1 address=2004 value=F4 state394=88 state395=88
f=327 sl=-01 pc=FAC1 address=2004 value=0B state394=88 state395=88
f=327 sl=-01 pc=FAC1 address=2004 value=80 state394=88 state395=88
f=327 sl=-01 pc=FAC1 address=2004 value=65 state394=88 state395=88
f=327 sl=-01 pc=FAC1 address=2004 value=50 state394=88 state395=88
f=327 sl=-01 pc=FAC1 address=2004 value=23 state394=88 state395=88
f=327 sl=-01 pc=FAC1 address=2004 value=00 state394=88 state395=88
f=327 sl=-01 pc=FAC1 address=2004 value=6D state394=88 state395=88
f=327 sl=-01 pc=FAC1 address=2004 value=75 state394=88 state395=88
f=327 sl=-01 pc=FAC1 address=2004 value=06 state394=88 state395=88
f=327 sl=-01 pc=FAC1 address=2004 value=00 state394=88 state395=88
f=327 sl=-01 pc=FAC1 address=2004 value=6E state394=88 state395=88
f=327 sl=-01 pc=FAC1 address=2004 value=3C state394=88 state395=88
f=327 sl=-01 pc=FAC1 address=2004 value=34 state394=88 state395=88
f=327 sl=-01 pc=FAC1 address=2004 value=02 state394=88 state395=88
f=327 sl=-01 pc=FAC1 address=2004 value=A3 state394=88 state395=88
f=327 sl=-01 pc=FAC1 address=2004 value=F4 state394=88 state395=88
f=327 sl=-01 pc=FAC1 address=2004 value=2A state394=88 state395=88
f=327 sl=-01 pc=FAC1 address=2004 value=02 state394=88 state395=88
f=327 sl=-01 pc=FAC1 address=2004 value=8C state394=88 state395=88
f=327 sl=-01 pc=FAC1 address=2004 value=60 state394=88 state395=88
f=327 sl=-01 pc=FAC1 address=2004 value=27 state394=88 state395=88
f=327 sl=-01 pc=FAC1 address=2004 value=00 state394=88 state395=88
f=327 sl=-01 pc=FAC1 address=2004 value=5D state394=88 state395=88
f=327 sl=-01 pc=FAC1 address=2004 value=75 state394=88 state395=88
f=327 sl=-01 pc=FAC1 address=2004 value=06 state394=88 state395=88
f=327 sl=-01 pc=FAC1 address=2004 value=40 state394=88 state395=88
f=327 sl=-01 pc=FAC1 address=2004 value=7E state394=88 state395=88
f=327 sl=-01 pc=FAC1 address=2004 value=3C state394=88 state395=88
f=327 sl=-01 pc=FAC1 address=2004 value=38 state394=88 state395=88
f=327 sl=-01 pc=FAC1 address=2004 value=02 state394=88 state395=88
f=327 sl=-01 pc=FAC1 address=2004 value=AB state394=88 state395=88
f=327 sl=-01 pc=FAC1 address=2004 value=29 state394=88 state395=88
f=327 sl=-01 pc=FAC1 address=2004 value=2D state394=88 state395=88
f=327 sl=-01 pc=FAC1 address=2004 value=02 state394=88 state395=88
f=327 sl=-01 pc=FAC1 address=2004 value=98 state394=88 state395=88
f=327 sl=-01 pc=FAC1 address=2004 value=F4 state394=88 state395=88
f=327 sl=-01 pc=FAC1 address=2004 value=0C state394=88 state395=88
f=327 sl=-01 pc=FAC1 address=2004 value=00 state394=88 state395=88
f=327 sl=-01 pc=FAC1 address=2004 value=5D state394=88 state395=88
f=327 sl=-01 pc=FAC1 address=2004 value=85 state394=88 state395=88
f=327 sl=-01 pc=FAC1 address=2004 value=06 state394=88 state395=88
f=327 sl=-01 pc=FAC1 address=2004 value=C0 state394=88 state395=88
f=327 sl=-01 pc=FAC1 address=2004 value=7E state394=88 state395=88
f=327 sl=-01 pc=FAC1 address=2004 value=38 state394=88 state395=88
f=327 sl=-01 pc=FAC1 address=2004 value=3C state394=88 state395=88
f=327 sl=-01 pc=FAC1 address=2004 value=02 state394=88 state395=88
f=327 sl=-01 pc=FAC1 address=2004 value=C7 state394=88 state395=88
f=327 sl=-01 pc=FAC1 address=2004 value=2A state394=88 state395=88
f=327 sl=-01 pc=FAC1 address=2004 value=31 state394=88 state395=88
f=327 sl=-01 pc=FAC1 address=2004 value=02 state394=88 state395=88
f=327 sl=-01 pc=FAC1 address=2004 value=A0 state394=88 state395=88
f=327 sl=-01 pc=FAC1 address=2004 value=F4 state394=88 state395=88
f=327 sl=-01 pc=FAC1 address=2004 value=0C state394=88 state395=88
f=327 sl=-01 pc=FAC1 address=2004 value=40 state394=88 state395=88
f=327 sl=-01 pc=FAC1 address=2004 value=6D state394=88 state395=88
f=327 sl=-01 pc=FAC1 address=2004 value=58 state394=88 state395=88
f=327 sl=-01 pc=FAC1 address=2004 value=24 state394=88 state395=88
f=327 sl=-01 pc=FAC1 address=2004 value=00 state394=88 state395=88
f=327 sl=-01 pc=FAC1 address=2004 value=5D state394=88 state395=88
f=327 sl=-01 pc=FAC1 address=2004 value=75 state394=88 state395=88
f=327 sl=-01 pc=FAC1 address=2004 value=07 state394=88 state395=88
f=327 sl=-01 pc=FAC1 address=2004 value=00 state394=88 state395=88
f=327 sl=-01 pc=FAC1 address=2004 value=76 state394=88 state395=88
f=327 sl=-01 pc=FAC1 address=2004 value=44 state394=88 state395=88
f=327 sl=-01 pc=FAC1 address=2004 value=35 state394=88 state395=88
f=327 sl=-01 pc=FAC1 address=2004 value=02 state394=88 state395=88
f=327 sl=-01 pc=FAC1 address=2004 value=A3 state394=88 state395=88
f=327 sl=-01 pc=FAC1 address=2004 value=3B state394=88 state395=88
f=327 sl=-01 pc=FAC1 address=2004 value=2A state394=88 state395=88
f=327 sl=-01 pc=FAC1 address=2004 value=02 state394=88 state395=88
f=327 sl=-01 pc=FAC1 address=2004 value=8C state394=88 state395=88
f=327 sl=-01 pc=FAC1 address=2004 value=60 state394=88 state395=88
f=327 sl=-01 pc=FAC1 address=2004 value=28 state394=88 state395=88
f=327 sl=-01 pc=FAC1 address=2004 value=00 state394=88 state395=88
f=327 sl=-01 pc=FAC1 address=2004 value=65 state394=88 state395=88
f=327 sl=-01 pc=FAC1 address=2004 value=85 state394=88 state395=88
f=327 sl=-01 pc=FAC1 address=2004 value=07 state394=88 state395=88
f=327 sl=-01 pc=FAC1 address=2004 value=80 state394=88 state395=88
f=327 sl=-01 pc=FAC1 address=2004 value=76 state394=88 state395=88
f=327 sl=-01 pc=FAC1 address=2004 value=4C state394=88 state395=88
f=327 sl=-01 pc=FAC1 address=2004 value=39 state394=88 state395=88
f=327 sl=-01 pc=FAC1 address=2004 value=02 state394=88 state395=88
f=327 sl=-01 pc=FAC1 address=2004 value=AB state394=88 state395=88
f=327 sl=-01 pc=FAC1 address=2004 value=31 state394=88 state395=88
f=327 sl=-01 pc=FAC1 address=2004 value=2E state394=88 state395=88
f=327 sl=-01 pc=FAC1 address=2004 value=02 state394=88 state395=88
f=327 sl=-01 pc=FAC1 address=2004 value=98 state394=88 state395=88
f=327 sl=-01 pc=FAC1 address=2004 value=F4 state394=88 state395=88
f=327 sl=-01 pc=FAC1 address=2004 value=0D state394=88 state395=88
f=327 sl=-01 pc=FAC1 address=2004 value=00 state394=88 state395=88
f=327 sl=-01 pc=FAC1 address=2004 value=65 state394=88 state395=88
f=327 sl=-01 pc=FAC1 address=2004 value=50 state394=88 state395=88
f=327 sl=-01 pc=FAC1 address=2004 value=21 state394=88 state395=88
f=327 sl=-01 pc=FAC1 address=2004 value=00 state394=88 state395=88
f=327 sl=-01 pc=FAC1 address=2004 value=5D state394=88 state395=88
f=327 sl=-01 pc=FAC1 address=2004 value=39 state394=88 state395=88
f=327 sl=-01 pc=FAC1 address=2004 value=3D state394=88 state395=88
f=327 sl=-01 pc=FAC1 address=2004 value=02 state394=88 state395=88
f=327 sl=-01 pc=FAC1 address=2004 value=C8 state394=88 state395=88
f=327 sl=-01 pc=FAC1 address=2004 value=32 state394=88 state395=88
f=327 sl=-01 pc=FAC1 address=2004 value=32 state394=88 state395=88
f=327 sl=-01 pc=FAC1 address=2004 value=02 state394=88 state395=88
f=327 sl=-01 pc=FAC1 address=2004 value=A0 state394=88 state395=88
f=327 sl=-01 pc=FAC1 address=2004 value=F4 state394=88 state395=88
f=327 sl=-01 pc=FAC1 address=2004 value=0A state394=88 state395=88
f=327 sl=-01 pc=FAC1 address=2004 value=C0 state394=88 state395=88
f=327 sl=-01 pc=FAC1 address=2004 value=6D state394=88 state395=88
f=327 sl=-01 pc=FAC1 address=2004 value=58 state394=88 state395=88
f=327 sl=-01 pc=FAC1 address=2004 value=25 state394=88 state395=88
f=327 sl=-01 pc=FAC1 address=2004 value=00 state394=88 state395=88
f=327 sl=-01 pc=FAC1 address=2004 value=65 state394=88 state395=88
f=327 sl=-01 pc=FAC1 address=2004 value=7D state394=88 state395=88
f=327 sl=-01 pc=FAC1 address=2004 value=08 state394=88 state395=88
f=327 sl=-01 pc=FAC1 address=2004 value=00 state394=88 state395=88
f=327 sl=-01 pc=FAC1 address=2004 value=6E state394=88 state395=88
f=327 sl=-01 pc=FAC1 address=2004 value=2C state394=88 state395=88
f=327 sl=-01 pc=FAC1 address=2004 value=36 state394=88 state395=88
f=327 sl=-01 pc=FAC1 address=2004 value=02 state394=88 state395=88
f=327 sl=-01 pc=FAC1 address=2004 value=A8 state394=88 state395=88
f=327 sl=-01 pc=FAC1 address=2004 value=2C state394=88 state395=88
f=327 sl=-01 pc=FAC1 address=2004 value=2B state394=88 state395=88
f=327 sl=-01 pc=FAC1 address=2004 value=02 state394=88 state395=88
f=327 sl=-01 pc=FAC1 address=2004 value=90 state394=88 state395=88
f=327 sl=-01 pc=FAC1 address=2004 value=60 state394=88 state395=88
f=327 sl=-01 pc=FAC1 address=2004 value=29 state394=88 state395=88
f=327 sl=-01 pc=FAC1 address=2004 value=00 state394=88 state395=88
f=327 sl=-01 pc=FAC1 address=2004 value=6D state394=88 state395=88
f=327 sl=-01 pc=FAC1 address=2004 value=7D state394=88 state395=88
f=327 sl=-01 pc=FAC1 address=2004 value=08 state394=88 state395=88
f=327 sl=-01 pc=FAC1 address=2004 value=40 state394=88 state395=88
f=327 sl=-01 pc=FAC1 address=2004 value=7E state394=88 state395=88
f=327 sl=-01 pc=FAC1 address=2004 value=2E state394=88 state395=88
f=327 sl=-01 pc=FAC1 address=2004 value=3A state394=88 state395=88
f=327 sl=-01 pc=FAC1 address=2004 value=02 state394=88 state395=88
f=327 sl=-01 pc=FAC1 address=2004 value=B0 state394=88 state395=88
f=327 sl=-01 pc=FAC1 address=4014 value=02 state394=88 state395=88
f=327 sl=-01 pc=D084 address=2000 value=89 state394=88 state395=88
f=327 sl=-01 pc=FACB address=2001 value=1E state394=88 state395=88
f=327 sl=-01 pc=FA0B address=2000 value=89 state394=88 state395=88
f=327 sl=-01 pc=F900 address=2000 value=88 state394=88 state395=88
f=327 sl=-01 pc=F900 address=2000 value=88 state394=88 state395=88
f=328 sl=-01 pc=FABC address=2003 value=00 state394=88 state395=88
f=328 sl=-01 pc=FAC1 address=2004 value=B7 state394=88 state395=88
f=328 sl=-01 pc=FAC1 address=2004 value=A0 state394=88 state395=88
f=328 sl=-01 pc=FAC1 address=2004 value=01 state394=88 state395=88
f=328 sl=-01 pc=FAC1 address=2004 value=10 state394=88 state395=88
f=328 sl=-01 pc=FAC1 address=2004 value=B7 state394=88 state395=88
f=328 sl=-01 pc=FAC1 address=2004 value=A1 state394=88 state395=88
f=328 sl=-01 pc=FAC1 address=2004 value=01 state394=88 state395=88
f=328 sl=-01 pc=FAC1 address=2004 value=18 state394=88 state395=88
f=328 sl=-01 pc=FAC1 address=2004 value=B7 state394=88 state395=88
f=328 sl=-01 pc=FAC1 address=2004 value=A2 state394=88 state395=88
f=328 sl=-01 pc=FAC1 address=2004 value=01 state394=88 state395=88
f=328 sl=-01 pc=FAC1 address=2004 value=20 state394=88 state395=88
f=328 sl=-01 pc=FAC1 address=2004 value=B7 state394=88 state395=88
f=328 sl=-01 pc=FAC1 address=2004 value=A3 state394=88 state395=88
f=328 sl=-01 pc=FAC1 address=2004 value=01 state394=88 state395=88
f=328 sl=-01 pc=FAC1 address=2004 value=28 state394=88 state395=88
f=328 sl=-01 pc=FAC1 address=2004 value=BF state394=88 state395=88
f=328 sl=-01 pc=FAC1 address=2004 value=A4 state394=88 state395=88
f=328 sl=-01 pc=FAC1 address=2004 value=01 state394=88 state395=88
f=328 sl=-01 pc=FAC1 address=2004 value=10 state394=88 state395=88
f=328 sl=-01 pc=FAC1 address=2004 value=BF state394=88 state395=88
f=328 sl=-01 pc=FAC1 address=2004 value=A5 state394=88 state395=88
f=328 sl=-01 pc=FAC1 address=2004 value=01 state394=88 state395=88
f=328 sl=-01 pc=FAC1 address=2004 value=18 state394=88 state395=88
f=328 sl=-01 pc=FAC1 address=2004 value=BF state394=88 state395=88
f=328 sl=-01 pc=FAC1 address=2004 value=A6 state394=88 state395=88
f=328 sl=-01 pc=FAC1 address=2004 value=01 state394=88 state395=88
f=328 sl=-01 pc=FAC1 address=2004 value=20 state394=88 state395=88
f=328 sl=-01 pc=FAC1 address=2004 value=BF state394=88 state395=88
f=328 sl=-01 pc=FAC1 address=2004 value=A7 state394=88 state395=88
f=328 sl=-01 pc=FAC1 address=2004 value=01 state394=88 state395=88
f=328 sl=-01 pc=FAC1 address=2004 value=28 state394=88 state395=88
f=328 sl=-01 pc=FAC1 address=2004 value=C7 state394=88 state395=88
f=328 sl=-01 pc=FAC1 address=2004 value=A8 state394=88 state395=88
f=328 sl=-01 pc=FAC1 address=2004 value=01 state394=88 state395=88
f=328 sl=-01 pc=FAC1 address=2004 value=10 state394=88 state395=88
f=328 sl=-01 pc=FAC1 address=2004 value=C7 state394=88 state395=88
f=328 sl=-01 pc=FAC1 address=2004 value=A9 state394=88 state395=88
f=328 sl=-01 pc=FAC1 address=2004 value=01 state394=88 state395=88
f=328 sl=-01 pc=FAC1 address=2004 value=18 state394=88 state395=88
f=328 sl=-01 pc=FAC1 address=2004 value=C7 state394=88 state395=88
f=328 sl=-01 pc=FAC1 address=2004 value=AA state394=88 state395=88
f=328 sl=-01 pc=FAC1 address=2004 value=01 state394=88 state395=88
f=328 sl=-01 pc=FAC1 address=2004 value=20 state394=88 state395=88
f=328 sl=-01 pc=FAC1 address=2004 value=C7 state394=88 state395=88
f=328 sl=-01 pc=FAC1 address=2004 value=AB state394=88 state395=88
f=328 sl=-01 pc=FAC1 address=2004 value=01 state394=88 state395=88
f=328 sl=-01 pc=FAC1 address=2004 value=28 state394=88 state395=88
f=328 sl=-01 pc=FAC1 address=2004 value=CF state394=88 state395=88
f=328 sl=-01 pc=FAC1 address=2004 value=AC state394=88 state395=88
f=328 sl=-01 pc=FAC1 address=2004 value=01 state394=88 state395=88
f=328 sl=-01 pc=FAC1 address=2004 value=10 state394=88 state395=88
f=328 sl=-01 pc=FAC1 address=2004 value=CF state394=88 state395=88
f=328 sl=-01 pc=FAC1 address=2004 value=AD state394=88 state395=88
f=328 sl=-01 pc=FAC1 address=2004 value=01 state394=88 state395=88
f=328 sl=-01 pc=FAC1 address=2004 value=18 state394=88 state395=88
f=328 sl=-01 pc=FAC1 address=2004 value=CF state394=88 state395=88
f=328 sl=-01 pc=FAC1 address=2004 value=AE state394=88 state395=88
f=328 sl=-01 pc=FAC1 address=2004 value=01 state394=88 state395=88
f=328 sl=-01 pc=FAC1 address=2004 value=20 state394=88 state395=88
f=328 sl=-01 pc=FAC1 address=2004 value=CF state394=88 state395=88
f=328 sl=-01 pc=FAC1 address=2004 value=AF state394=88 state395=88
f=328 sl=-01 pc=FAC1 address=2004 value=01 state394=88 state395=88
f=328 sl=-01 pc=FAC1 address=2004 value=28 state394=88 state395=88
f=328 sl=-01 pc=FAC1 address=2004 value=31 state394=88 state395=88
f=328 sl=-01 pc=FAC1 address=2004 value=2E state394=88 state395=88
f=328 sl=-01 pc=FAC1 address=2004 value=02 state394=88 state395=88
f=328 sl=-01 pc=FAC1 address=2004 value=98 state394=88 state395=88
f=328 sl=-01 pc=FAC1 address=2004 value=F4 state394=88 state395=88
f=328 sl=-01 pc=FAC1 address=2004 value=0A state394=88 state395=88
f=328 sl=-01 pc=FAC1 address=2004 value=40 state394=88 state395=88
f=328 sl=-01 pc=FAC1 address=2004 value=6D state394=88 state395=88
f=328 sl=-01 pc=FAC1 address=2004 value=7A state394=88 state395=88
f=328 sl=-01 pc=FAC1 address=2004 value=0E state394=88 state395=88
f=328 sl=-01 pc=FAC1 address=2004 value=00 state394=88 state395=88
f=328 sl=-01 pc=FAC1 address=2004 value=A1 state394=88 state395=88
f=328 sl=-01 pc=FAC1 address=2004 value=39 state394=88 state395=88
f=328 sl=-01 pc=FAC1 address=2004 value=3D state394=88 state395=88
f=328 sl=-01 pc=FAC1 address=2004 value=02 state394=88 state395=88
f=328 sl=-01 pc=FAC1 address=2004 value=C8 state394=88 state395=88
f=328 sl=-01 pc=FAC1 address=2004 value=32 state394=88 state395=88
f=328 sl=-01 pc=FAC1 address=2004 value=32 state394=88 state395=88
f=328 sl=-01 pc=FAC1 address=2004 value=02 state394=88 state395=88
f=328 sl=-01 pc=FAC1 address=2004 value=A0 state394=88 state395=88
f=328 sl=-01 pc=FAC1 address=2004 value=F4 state394=88 state395=88
f=328 sl=-01 pc=FAC1 address=2004 value=2A state394=88 state395=88
f=328 sl=-01 pc=FAC1 address=2004 value=02 state394=88 state395=88
f=328 sl=-01 pc=FAC1 address=2004 value=8C state394=88 state395=88
f=328 sl=-01 pc=FAC1 address=2004 value=F4 state394=88 state395=88
f=328 sl=-01 pc=FAC1 address=2004 value=26 state394=88 state395=88
f=328 sl=-01 pc=FAC1 address=2004 value=00 state394=88 state395=88
f=328 sl=-01 pc=FAC1 address=2004 value=6D state394=88 state395=88
f=328 sl=-01 pc=FAC1 address=2004 value=7D state394=88 state395=88
f=328 sl=-01 pc=FAC1 address=2004 value=0C state394=88 state395=88
f=328 sl=-01 pc=FAC1 address=2004 value=00 state394=88 state395=88
f=328 sl=-01 pc=FAC1 address=2004 value=6E state394=88 state395=88
f=328 sl=-01 pc=FAC1 address=2004 value=2C state394=88 state395=88
f=328 sl=-01 pc=FAC1 address=2004 value=36 state394=88 state395=88
f=328 sl=-01 pc=FAC1 address=2004 value=02 state394=88 state395=88
f=328 sl=-01 pc=FAC1 address=2004 value=A8 state394=88 state395=88
f=328 sl=-01 pc=FAC1 address=2004 value=2C state394=88 state395=88
f=328 sl=-01 pc=FAC1 address=2004 value=2B state394=88 state395=88
f=328 sl=-01 pc=FAC1 address=2004 value=02 state394=88 state395=88
f=328 sl=-01 pc=FAC1 address=2004 value=90 state394=88 state395=88
f=328 sl=-01 pc=FAC1 address=2004 value=F4 state394=88 state395=88
f=328 sl=-01 pc=FAC1 address=2004 value=0B state394=88 state395=88
f=328 sl=-01 pc=FAC1 address=2004 value=00 state394=88 state395=88
f=328 sl=-01 pc=FAC1 address=2004 value=65 state394=88 state395=88
f=328 sl=-01 pc=FAC1 address=2004 value=7D state394=88 state395=88
f=328 sl=-01 pc=FAC1 address=2004 value=0C state394=88 state395=88
f=328 sl=-01 pc=FAC1 address=2004 value=40 state394=88 state395=88
f=328 sl=-01 pc=FAC1 address=2004 value=7E state394=88 state395=88
f=328 sl=-01 pc=FAC1 address=2004 value=2E state394=88 state395=88
f=328 sl=-01 pc=FAC1 address=2004 value=3A state394=88 state395=88
f=328 sl=-01 pc=FAC1 address=2004 value=02 state394=88 state395=88
f=328 sl=-01 pc=FAC1 address=2004 value=B0 state394=88 state395=88
f=328 sl=-01 pc=FAC1 address=2004 value=45 state394=88 state395=88
f=328 sl=-01 pc=FAC1 address=2004 value=2F state394=88 state395=88
f=328 sl=-01 pc=FAC1 address=2004 value=02 state394=88 state395=88
f=328 sl=-01 pc=FAC1 address=2004 value=9F state394=88 state395=88
f=328 sl=-01 pc=FAC1 address=2004 value=F4 state394=88 state395=88
f=328 sl=-01 pc=FAC1 address=2004 value=0B state394=88 state395=88
f=328 sl=-01 pc=FAC1 address=2004 value=80 state394=88 state395=88
f=328 sl=-01 pc=FAC1 address=2004 value=65 state394=88 state395=88
f=328 sl=-01 pc=FAC1 address=2004 value=F4 state394=88 state395=88
f=328 sl=-01 pc=FAC1 address=2004 value=23 state394=88 state395=88
f=328 sl=-01 pc=FAC1 address=2004 value=00 state394=88 state395=88
f=328 sl=-01 pc=FAC1 address=2004 value=6D state394=88 state395=88
f=328 sl=-01 pc=FAC1 address=2004 value=39 state394=88 state395=88
f=328 sl=-01 pc=FAC1 address=2004 value=3E state394=88 state395=88
f=328 sl=-01 pc=FAC1 address=2004 value=02 state394=88 state395=88
f=328 sl=-01 pc=FAC1 address=2004 value=D0 state394=88 state395=88
f=328 sl=-01 pc=FAC1 address=2004 value=56 state394=88 state395=88
f=328 sl=-01 pc=FAC1 address=2004 value=33 state394=88 state395=88
f=328 sl=-01 pc=FAC1 address=2004 value=02 state394=88 state395=88
f=328 sl=-01 pc=FAC1 address=2004 value=A0 state394=88 state395=88
f=328 sl=-01 pc=FAC1 address=2004 value=F4 state394=88 state395=88
f=328 sl=-01 pc=FAC1 address=2004 value=2A state394=88 state395=88
f=328 sl=-01 pc=FAC1 address=2004 value=02 state394=88 state395=88
f=328 sl=-01 pc=FAC1 address=2004 value=8C state394=88 state395=88
f=328 sl=-01 pc=FAC1 address=2004 value=F4 state394=88 state395=88
f=328 sl=-01 pc=FAC1 address=2004 value=27 state394=88 state395=88
f=328 sl=-01 pc=FAC1 address=2004 value=00 state394=88 state395=88
f=328 sl=-01 pc=FAC1 address=2004 value=5D state394=88 state395=88
f=328 sl=-01 pc=FAC1 address=2004 value=7D state394=88 state395=88
f=328 sl=-01 pc=FAC1 address=2004 value=0D state394=88 state395=88
f=328 sl=-01 pc=FAC1 address=2004 value=00 state394=88 state395=88
f=328 sl=-01 pc=FAC1 address=2004 value=76 state394=88 state395=88
f=328 sl=-01 pc=FAC1 address=2004 value=34 state394=88 state395=88
f=328 sl=-01 pc=FAC1 address=2004 value=37 state394=88 state395=88
f=328 sl=-01 pc=FAC1 address=2004 value=02 state394=88 state395=88
f=328 sl=-01 pc=FAC1 address=2004 value=AB state394=88 state395=88
f=328 sl=-01 pc=FAC1 address=2004 value=4C state394=88 state395=88
f=328 sl=-01 pc=FAC1 address=2004 value=2C state394=88 state395=88
f=328 sl=-01 pc=FAC1 address=2004 value=02 state394=88 state395=88
f=328 sl=-01 pc=FAC1 address=2004 value=97 state394=88 state395=88
f=328 sl=-01 pc=FAC1 address=2004 value=F4 state394=88 state395=88
f=328 sl=-01 pc=FAC1 address=2004 value=0C state394=88 state395=88
f=328 sl=-01 pc=FAC1 address=2004 value=00 state394=88 state395=88
f=328 sl=-01 pc=FAC1 address=2004 value=5D state394=88 state395=88
f=328 sl=-01 pc=FAC1 address=2004 value=85 state394=88 state395=88
f=328 sl=-01 pc=FAC1 address=2004 value=0A state394=88 state395=88
f=328 sl=-01 pc=FAC1 address=2004 value=C0 state394=88 state395=88
f=328 sl=-01 pc=FAC1 address=2004 value=7E state394=88 state395=88
f=328 sl=-01 pc=FAC1 address=2004 value=37 state394=88 state395=88
f=328 sl=-01 pc=FAC1 address=2004 value=3B state394=88 state395=88
f=328 sl=-01 pc=FAC1 address=2004 value=02 state394=88 state395=88
f=328 sl=-01 pc=FAC1 address=2004 value=C6 state394=88 state395=88
f=328 sl=-01 pc=FAC1 address=2004 value=4D state394=88 state395=88
f=328 sl=-01 pc=FAC1 address=2004 value=30 state394=88 state395=88
f=328 sl=-01 pc=FAC1 address=2004 value=02 state394=88 state395=88
f=328 sl=-01 pc=FAC1 address=2004 value=9F state394=88 state395=88
f=328 sl=-01 pc=FAC1 address=2004 value=F4 state394=88 state395=88
f=328 sl=-01 pc=FAC1 address=2004 value=0C state394=88 state395=88
f=328 sl=-01 pc=FAC1 address=2004 value=40 state394=88 state395=88
f=328 sl=-01 pc=FAC1 address=2004 value=6D state394=88 state395=88
f=328 sl=-01 pc=FAC1 address=2004 value=F4 state394=88 state395=88
f=328 sl=-01 pc=FAC1 address=2004 value=24 state394=88 state395=88
f=328 sl=-01 pc=FAC1 address=2004 value=00 state394=88 state395=88
f=328 sl=-01 pc=FAC1 address=2004 value=5D state394=88 state395=88
f=328 sl=-01 pc=FAC1 address=2004 value=75 state394=88 state395=88
f=328 sl=-01 pc=FAC1 address=2004 value=0A state394=88 state395=88
f=328 sl=-01 pc=FAC1 address=2004 value=00 state394=88 state395=88
f=328 sl=-01 pc=FAC1 address=2004 value=6E state394=88 state395=88
f=328 sl=-01 pc=FAC1 address=2004 value=3C state394=88 state395=88
f=328 sl=-01 pc=FAC1 address=2004 value=34 state394=88 state395=88
f=328 sl=-01 pc=FAC1 address=2004 value=02 state394=88 state395=88
f=328 sl=-01 pc=FAC1 address=2004 value=A3 state394=88 state395=88
f=328 sl=-01 pc=FAC1 address=2004 value=F4 state394=88 state395=88
f=328 sl=-01 pc=FAC1 address=2004 value=2A state394=88 state395=88
f=328 sl=-01 pc=FAC1 address=2004 value=02 state394=88 state395=88
f=328 sl=-01 pc=FAC1 address=2004 value=8C state394=88 state395=88
f=328 sl=-01 pc=FAC1 address=2004 value=F4 state394=88 state395=88
f=328 sl=-01 pc=FAC1 address=2004 value=28 state394=88 state395=88
f=328 sl=-01 pc=FAC1 address=2004 value=00 state394=88 state395=88
f=328 sl=-01 pc=FAC1 address=2004 value=65 state394=88 state395=88
f=328 sl=-01 pc=FAC1 address=2004 value=75 state394=88 state395=88
f=328 sl=-01 pc=FAC1 address=2004 value=0A state394=88 state395=88
f=328 sl=-01 pc=FAC1 address=2004 value=40 state394=88 state395=88
f=328 sl=-01 pc=FAC1 address=2004 value=7E state394=88 state395=88
f=328 sl=-01 pc=FAC1 address=2004 value=3C state394=88 state395=88
f=328 sl=-01 pc=FAC1 address=2004 value=38 state394=88 state395=88
f=328 sl=-01 pc=FAC1 address=2004 value=02 state394=88 state395=88
f=328 sl=-01 pc=FAC1 address=2004 value=AB state394=88 state395=88
f=328 sl=-01 pc=FAC1 address=2004 value=29 state394=88 state395=88
f=328 sl=-01 pc=FAC1 address=2004 value=2D state394=88 state395=88
f=328 sl=-01 pc=FAC1 address=2004 value=02 state394=88 state395=88
f=328 sl=-01 pc=FAC1 address=2004 value=98 state394=88 state395=88
f=328 sl=-01 pc=FAC1 address=2004 value=F4 state394=88 state395=88
f=328 sl=-01 pc=FAC1 address=2004 value=0D state394=88 state395=88
f=328 sl=-01 pc=FAC1 address=2004 value=00 state394=88 state395=88
f=328 sl=-01 pc=FAC1 address=2004 value=65 state394=88 state395=88
f=328 sl=-01 pc=FAC1 address=2004 value=85 state394=88 state395=88
f=328 sl=-01 pc=FAC1 address=2004 value=0A state394=88 state395=88
f=328 sl=-01 pc=FAC1 address=2004 value=80 state394=88 state395=88
f=328 sl=-01 pc=FAC1 address=2004 value=6E state394=88 state395=88
f=328 sl=-01 pc=FAC1 address=2004 value=38 state394=88 state395=88
f=328 sl=-01 pc=FAC1 address=2004 value=3C state394=88 state395=88
f=328 sl=-01 pc=FAC1 address=2004 value=02 state394=88 state395=88
f=328 sl=-01 pc=FAC1 address=2004 value=C7 state394=88 state395=88
f=328 sl=-01 pc=FAC1 address=2004 value=2A state394=88 state395=88
f=328 sl=-01 pc=FAC1 address=2004 value=31 state394=88 state395=88
f=328 sl=-01 pc=FAC1 address=2004 value=02 state394=88 state395=88
f=328 sl=-01 pc=FAC1 address=2004 value=A0 state394=88 state395=88
f=328 sl=-01 pc=FAC1 address=2004 value=F4 state394=88 state395=88
f=328 sl=-01 pc=FAC1 address=2004 value=0A state394=88 state395=88
f=328 sl=-01 pc=FAC1 address=2004 value=C0 state394=88 state395=88
f=328 sl=-01 pc=FAC1 address=2004 value=6D state394=88 state395=88
f=328 sl=-01 pc=FAC1 address=2004 value=F4 state394=88 state395=88
f=328 sl=-01 pc=FAC1 address=2004 value=25 state394=88 state395=88
f=328 sl=-01 pc=FAC1 address=2004 value=00 state394=88 state395=88
f=328 sl=-01 pc=FAC1 address=2004 value=65 state394=88 state395=88
f=328 sl=-01 pc=FAC1 address=2004 value=75 state394=88 state395=88
f=328 sl=-01 pc=FAC1 address=2004 value=0B state394=88 state395=88
f=328 sl=-01 pc=FAC1 address=2004 value=00 state394=88 state395=88
f=328 sl=-01 pc=FAC1 address=2004 value=76 state394=88 state395=88
f=328 sl=-01 pc=FAC1 address=2004 value=44 state394=88 state395=88
f=328 sl=-01 pc=FAC1 address=2004 value=35 state394=88 state395=88
f=328 sl=-01 pc=FAC1 address=2004 value=02 state394=88 state395=88
f=328 sl=-01 pc=FAC1 address=2004 value=A3 state394=88 state395=88
f=328 sl=-01 pc=FAC1 address=2004 value=3B state394=88 state395=88
f=328 sl=-01 pc=FAC1 address=2004 value=2A state394=88 state395=88
f=328 sl=-01 pc=FAC1 address=2004 value=02 state394=88 state395=88
f=328 sl=-01 pc=FAC1 address=2004 value=8C state394=88 state395=88
f=328 sl=-01 pc=FAC1 address=2004 value=F4 state394=88 state395=88
f=328 sl=-01 pc=FAC1 address=2004 value=29 state394=88 state395=88
f=328 sl=-01 pc=FAC1 address=2004 value=00 state394=88 state395=88
f=328 sl=-01 pc=FAC1 address=2004 value=6D state394=88 state395=88
f=328 sl=-01 pc=FAC1 address=2004 value=85 state394=88 state395=88
f=328 sl=-01 pc=FAC1 address=2004 value=0B state394=88 state395=88
f=328 sl=-01 pc=FAC1 address=2004 value=80 state394=88 state395=88
f=328 sl=-01 pc=FAC1 address=2004 value=76 state394=88 state395=88
f=328 sl=-01 pc=FAC1 address=2004 value=4C state394=88 state395=88
f=328 sl=-01 pc=FAC1 address=2004 value=39 state394=88 state395=88
f=328 sl=-01 pc=FAC1 address=2004 value=02 state394=88 state395=88
f=328 sl=-01 pc=FAC1 address=2004 value=AB state394=88 state395=88
f=328 sl=-01 pc=FAC1 address=4014 value=02 state394=88 state395=88
f=328 sl=-01 pc=D084 address=2000 value=89 state394=88 state395=88
f=328 sl=-01 pc=FACB address=2001 value=1E state394=88 state395=88
f=328 sl=-01 pc=FA0B address=2000 value=89 state394=88 state395=88
f=328 sl=-01 pc=F900 address=2000 value=88 state394=88 state395=88
f=328 sl=-01 pc=F900 address=2000 value=88 state394=88 state395=88
f=329 sl=-01 pc=FABC address=2003 value=00 state394=88 state395=88
f=329 sl=-01 pc=FAC1 address=2004 value=B7 state394=88 state395=88
f=329 sl=-01 pc=FAC1 address=2004 value=A0 state394=88 state395=88
f=329 sl=-01 pc=FAC1 address=2004 value=01 state394=88 state395=88
f=329 sl=-01 pc=FAC1 address=2004 value=10 state394=88 state395=88
f=329 sl=-01 pc=FAC1 address=2004 value=B7 state394=88 state395=88
f=329 sl=-01 pc=FAC1 address=2004 value=A1 state394=88 state395=88
f=329 sl=-01 pc=FAC1 address=2004 value=01 state394=88 state395=88
f=329 sl=-01 pc=FAC1 address=2004 value=18 state394=88 state395=88
f=329 sl=-01 pc=FAC1 address=2004 value=B7 state394=88 state395=88
f=329 sl=-01 pc=FAC1 address=2004 value=A2 state394=88 state395=88
f=329 sl=-01 pc=FAC1 address=2004 value=01 state394=88 state395=88
f=329 sl=-01 pc=FAC1 address=2004 value=20 state394=88 state395=88
f=329 sl=-01 pc=FAC1 address=2004 value=B7 state394=88 state395=88
f=329 sl=-01 pc=FAC1 address=2004 value=A3 state394=88 state395=88
f=329 sl=-01 pc=FAC1 address=2004 value=01 state394=88 state395=88
f=329 sl=-01 pc=FAC1 address=2004 value=28 state394=88 state395=88
f=329 sl=-01 pc=FAC1 address=2004 value=BF state394=88 state395=88
f=329 sl=-01 pc=FAC1 address=2004 value=A4 state394=88 state395=88
f=329 sl=-01 pc=FAC1 address=2004 value=01 state394=88 state395=88
f=329 sl=-01 pc=FAC1 address=2004 value=10 state394=88 state395=88
f=329 sl=-01 pc=FAC1 address=2004 value=BF state394=88 state395=88
f=329 sl=-01 pc=FAC1 address=2004 value=A5 state394=88 state395=88
f=329 sl=-01 pc=FAC1 address=2004 value=01 state394=88 state395=88
f=329 sl=-01 pc=FAC1 address=2004 value=18 state394=88 state395=88
f=329 sl=-01 pc=FAC1 address=2004 value=BF state394=88 state395=88
f=329 sl=-01 pc=FAC1 address=2004 value=A6 state394=88 state395=88
f=329 sl=-01 pc=FAC1 address=2004 value=01 state394=88 state395=88
f=329 sl=-01 pc=FAC1 address=2004 value=20 state394=88 state395=88
f=329 sl=-01 pc=FAC1 address=2004 value=BF state394=88 state395=88
f=329 sl=-01 pc=FAC1 address=2004 value=A7 state394=88 state395=88
f=329 sl=-01 pc=FAC1 address=2004 value=01 state394=88 state395=88
f=329 sl=-01 pc=FAC1 address=2004 value=28 state394=88 state395=88
f=329 sl=-01 pc=FAC1 address=2004 value=C7 state394=88 state395=88
f=329 sl=-01 pc=FAC1 address=2004 value=A8 state394=88 state395=88
f=329 sl=-01 pc=FAC1 address=2004 value=01 state394=88 state395=88
f=329 sl=-01 pc=FAC1 address=2004 value=10 state394=88 state395=88
f=329 sl=-01 pc=FAC1 address=2004 value=C7 state394=88 state395=88
f=329 sl=-01 pc=FAC1 address=2004 value=A9 state394=88 state395=88
f=329 sl=-01 pc=FAC1 address=2004 value=01 state394=88 state395=88
f=329 sl=-01 pc=FAC1 address=2004 value=18 state394=88 state395=88
f=329 sl=-01 pc=FAC1 address=2004 value=C7 state394=88 state395=88
f=329 sl=-01 pc=FAC1 address=2004 value=AA state394=88 state395=88
f=329 sl=-01 pc=FAC1 address=2004 value=01 state394=88 state395=88
f=329 sl=-01 pc=FAC1 address=2004 value=20 state394=88 state395=88
f=329 sl=-01 pc=FAC1 address=2004 value=C7 state394=88 state395=88
f=329 sl=-01 pc=FAC1 address=2004 value=AB state394=88 state395=88
f=329 sl=-01 pc=FAC1 address=2004 value=01 state394=88 state395=88
f=329 sl=-01 pc=FAC1 address=2004 value=28 state394=88 state395=88
f=329 sl=-01 pc=FAC1 address=2004 value=CF state394=88 state395=88
f=329 sl=-01 pc=FAC1 address=2004 value=AC state394=88 state395=88
f=329 sl=-01 pc=FAC1 address=2004 value=01 state394=88 state395=88
f=329 sl=-01 pc=FAC1 address=2004 value=10 state394=88 state395=88
f=329 sl=-01 pc=FAC1 address=2004 value=CF state394=88 state395=88
f=329 sl=-01 pc=FAC1 address=2004 value=AD state394=88 state395=88
f=329 sl=-01 pc=FAC1 address=2004 value=01 state394=88 state395=88
f=329 sl=-01 pc=FAC1 address=2004 value=18 state394=88 state395=88
f=329 sl=-01 pc=FAC1 address=2004 value=CF state394=88 state395=88
f=329 sl=-01 pc=FAC1 address=2004 value=AE state394=88 state395=88
f=329 sl=-01 pc=FAC1 address=2004 value=01 state394=88 state395=88
f=329 sl=-01 pc=FAC1 address=2004 value=20 state394=88 state395=88
f=329 sl=-01 pc=FAC1 address=2004 value=CF state394=88 state395=88
f=329 sl=-01 pc=FAC1 address=2004 value=AF state394=88 state395=88
f=329 sl=-01 pc=FAC1 address=2004 value=01 state394=88 state395=88
f=329 sl=-01 pc=FAC1 address=2004 value=28 state394=88 state395=88
f=329 sl=-01 pc=FAC1 address=2004 value=29 state394=88 state395=88
f=329 sl=-01 pc=FAC1 address=2004 value=2D state394=88 state395=88
f=329 sl=-01 pc=FAC1 address=2004 value=02 state394=88 state395=88
f=329 sl=-01 pc=FAC1 address=2004 value=98 state394=88 state395=88
f=329 sl=-01 pc=FAC1 address=2004 value=F4 state394=88 state395=88
f=329 sl=-01 pc=FAC1 address=2004 value=0A state394=88 state395=88
f=329 sl=-01 pc=FAC1 address=2004 value=40 state394=88 state395=88
f=329 sl=-01 pc=FAC1 address=2004 value=6D state394=88 state395=88
f=329 sl=-01 pc=FAC1 address=2004 value=85 state394=88 state395=88
f=329 sl=-01 pc=FAC1 address=2004 value=0A state394=88 state395=88
f=329 sl=-01 pc=FAC1 address=2004 value=80 state394=88 state395=88
f=329 sl=-01 pc=FAC1 address=2004 value=6E state394=88 state395=88
f=329 sl=-01 pc=FAC1 address=2004 value=38 state394=88 state395=88
f=329 sl=-01 pc=FAC1 address=2004 value=3C state394=88 state395=88
f=329 sl=-01 pc=FAC1 address=2004 value=02 state394=88 state395=88
f=329 sl=-01 pc=FAC1 address=2004 value=C7 state394=88 state395=88
f=329 sl=-01 pc=FAC1 address=2004 value=2A state394=88 state395=88
f=329 sl=-01 pc=FAC1 address=2004 value=31 state394=88 state395=88
f=329 sl=-01 pc=FAC1 address=2004 value=02 state394=88 state395=88
f=329 sl=-01 pc=FAC1 address=2004 value=A0 state394=88 state395=88
f=329 sl=-01 pc=FAC1 address=2004 value=F4 state394=88 state395=88
f=329 sl=-01 pc=FAC1 address=2004 value=2A state394=88 state395=88
f=329 sl=-01 pc=FAC1 address=2004 value=02 state394=88 state395=88
f=329 sl=-01 pc=FAC1 address=2004 value=8C state394=88 state395=88
f=329 sl=-01 pc=FAC1 address=2004 value=F4 state394=88 state395=88
f=329 sl=-01 pc=FAC1 address=2004 value=26 state394=88 state395=88
f=329 sl=-01 pc=FAC1 address=2004 value=00 state394=88 state395=88
f=329 sl=-01 pc=FAC1 address=2004 value=6D state394=88 state395=88
f=329 sl=-01 pc=FAC1 address=2004 value=75 state394=88 state395=88
f=329 sl=-01 pc=FAC1 address=2004 value=0B state394=88 state395=88
f=329 sl=-01 pc=FAC1 address=2004 value=00 state394=88 state395=88
f=329 sl=-01 pc=FAC1 address=2004 value=76 state394=88 state395=88
f=329 sl=-01 pc=FAC1 address=2004 value=44 state394=88 state395=88
f=329 sl=-01 pc=FAC1 address=2004 value=35 state394=88 state395=88
f=329 sl=-01 pc=FAC1 address=2004 value=02 state394=88 state395=88
f=329 sl=-01 pc=FAC1 address=2004 value=A3 state394=88 state395=88
f=329 sl=-01 pc=FAC1 address=2004 value=3B state394=88 state395=88
f=329 sl=-01 pc=FAC1 address=2004 value=2A state394=88 state395=88
f=329 sl=-01 pc=FAC1 address=2004 value=02 state394=88 state395=88
f=329 sl=-01 pc=FAC1 address=2004 value=8C state394=88 state395=88
f=329 sl=-01 pc=FAC1 address=2004 value=F4 state394=88 state395=88
f=329 sl=-01 pc=FAC1 address=2004 value=0B state394=88 state395=88
f=329 sl=-01 pc=FAC1 address=2004 value=00 state394=88 state395=88
f=329 sl=-01 pc=FAC1 address=2004 value=65 state394=88 state395=88
f=329 sl=-01 pc=FAC1 address=2004 value=85 state394=88 state395=88
f=329 sl=-01 pc=FAC1 address=2004 value=0B state394=88 state395=88
f=329 sl=-01 pc=FAC1 address=2004 value=80 state394=88 state395=88
f=329 sl=-01 pc=FAC1 address=2004 value=76 state394=88 state395=88
f=329 sl=-01 pc=FAC1 address=2004 value=4C state394=88 state395=88
f=329 sl=-01 pc=FAC1 address=2004 value=39 state394=88 state395=88
f=329 sl=-01 pc=FAC1 address=2004 value=02 state394=88 state395=88
f=329 sl=-01 pc=FAC1 address=2004 value=AB state394=88 state395=88
f=329 sl=-01 pc=FAC1 address=2004 value=31 state394=88 state395=88
f=329 sl=-01 pc=FAC1 address=2004 value=2E state394=88 state395=88
f=329 sl=-01 pc=FAC1 address=2004 value=02 state394=88 state395=88
f=329 sl=-01 pc=FAC1 address=2004 value=98 state394=88 state395=88
f=329 sl=-01 pc=FAC1 address=2004 value=F4 state394=88 state395=88
f=329 sl=-01 pc=FAC1 address=2004 value=0B state394=88 state395=88
f=329 sl=-01 pc=FAC1 address=2004 value=80 state394=88 state395=88
f=329 sl=-01 pc=FAC1 address=2004 value=65 state394=88 state395=88
f=329 sl=-01 pc=FAC1 address=2004 value=7A state394=88 state395=88
f=329 sl=-01 pc=FAC1 address=2004 value=0E state394=88 state395=88
f=329 sl=-01 pc=FAC1 address=2004 value=00 state394=88 state395=88
f=329 sl=-01 pc=FAC1 address=2004 value=A1 state394=88 state395=88
f=329 sl=-01 pc=FAC1 address=2004 value=39 state394=88 state395=88
f=329 sl=-01 pc=FAC1 address=2004 value=3D state394=88 state395=88
f=329 sl=-01 pc=FAC1 address=2004 value=02 state394=88 state395=88
f=329 sl=-01 pc=FAC1 address=2004 value=C8 state394=88 state395=88
f=329 sl=-01 pc=FAC1 address=2004 value=32 state394=88 state395=88
f=329 sl=-01 pc=FAC1 address=2004 value=32 state394=88 state395=88
f=329 sl=-01 pc=FAC1 address=2004 value=02 state394=88 state395=88
f=329 sl=-01 pc=FAC1 address=2004 value=A0 state394=88 state395=88
f=329 sl=-01 pc=FAC1 address=2004 value=F4 state394=88 state395=88
f=329 sl=-01 pc=FAC1 address=2004 value=2A state394=88 state395=88
f=329 sl=-01 pc=FAC1 address=2004 value=02 state394=88 state395=88
f=329 sl=-01 pc=FAC1 address=2004 value=8C state394=88 state395=88
f=329 sl=-01 pc=FAC1 address=2004 value=F4 state394=88 state395=88
f=329 sl=-01 pc=FAC1 address=2004 value=27 state394=88 state395=88
f=329 sl=-01 pc=FAC1 address=2004 value=00 state394=88 state395=88
f=329 sl=-01 pc=FAC1 address=2004 value=5D state394=88 state395=88
f=329 sl=-01 pc=FAC1 address=2004 value=7D state394=88 state395=88
f=329 sl=-01 pc=FAC1 address=2004 value=0C state394=88 state395=88
f=329 sl=-01 pc=FAC1 address=2004 value=00 state394=88 state395=88
f=329 sl=-01 pc=FAC1 address=2004 value=6E state394=88 state395=88
f=329 sl=-01 pc=FAC1 address=2004 value=2C state394=88 state395=88
f=329 sl=-01 pc=FAC1 address=2004 value=36 state394=88 state395=88
f=329 sl=-01 pc=FAC1 address=2004 value=02 state394=88 state395=88
f=329 sl=-01 pc=FAC1 address=2004 value=A8 state394=88 state395=88
f=329 sl=-01 pc=FAC1 address=2004 value=2C state394=88 state395=88
f=329 sl=-01 pc=FAC1 address=2004 value=2B state394=88 state395=88
f=329 sl=-01 pc=FAC1 address=2004 value=02 state394=88 state395=88
f=329 sl=-01 pc=FAC1 address=2004 value=90 state394=88 state395=88
f=329 sl=-01 pc=FAC1 address=2004 value=F4 state394=88 state395=88
f=329 sl=-01 pc=FAC1 address=2004 value=0C state394=88 state395=88
f=329 sl=-01 pc=FAC1 address=2004 value=00 state394=88 state395=88
f=329 sl=-01 pc=FAC1 address=2004 value=5D state394=88 state395=88
f=329 sl=-01 pc=FAC1 address=2004 value=7D state394=88 state395=88
f=329 sl=-01 pc=FAC1 address=2004 value=0C state394=88 state395=88
f=329 sl=-01 pc=FAC1 address=2004 value=40 state394=88 state395=88
f=329 sl=-01 pc=FAC1 address=2004 value=7E state394=88 state395=88
f=329 sl=-01 pc=FAC1 address=2004 value=2E state394=88 state395=88
f=329 sl=-01 pc=FAC1 address=2004 value=3A state394=88 state395=88
f=329 sl=-01 pc=FAC1 address=2004 value=02 state394=88 state395=88
f=329 sl=-01 pc=FAC1 address=2004 value=B0 state394=88 state395=88
f=329 sl=-01 pc=FAC1 address=2004 value=45 state394=88 state395=88
f=329 sl=-01 pc=FAC1 address=2004 value=2F state394=88 state395=88
f=329 sl=-01 pc=FAC1 address=2004 value=02 state394=88 state395=88
f=329 sl=-01 pc=FAC1 address=2004 value=9F state394=88 state395=88
f=329 sl=-01 pc=FAC1 address=2004 value=F4 state394=88 state395=88
f=329 sl=-01 pc=FAC1 address=2004 value=0C state394=88 state395=88
f=329 sl=-01 pc=FAC1 address=2004 value=40 state394=88 state395=88
f=329 sl=-01 pc=FAC1 address=2004 value=6D state394=88 state395=88
f=329 sl=-01 pc=FAC1 address=2004 value=F4 state394=88 state395=88
f=329 sl=-01 pc=FAC1 address=2004 value=24 state394=88 state395=88
f=329 sl=-01 pc=FAC1 address=2004 value=00 state394=88 state395=88
f=329 sl=-01 pc=FAC1 address=2004 value=5D state394=88 state395=88
f=329 sl=-01 pc=FAC1 address=2004 value=39 state394=88 state395=88
f=329 sl=-01 pc=FAC1 address=2004 value=3E state394=88 state395=88
f=329 sl=-01 pc=FAC1 address=2004 value=02 state394=88 state395=88
f=329 sl=-01 pc=FAC1 address=2004 value=D0 state394=88 state395=88
f=329 sl=-01 pc=FAC1 address=2004 value=56 state394=88 state395=88
f=329 sl=-01 pc=FAC1 address=2004 value=33 state394=88 state395=88
f=329 sl=-01 pc=FAC1 address=2004 value=02 state394=88 state395=88
f=329 sl=-01 pc=FAC1 address=2004 value=A0 state394=88 state395=88
f=329 sl=-01 pc=FAC1 address=2004 value=F4 state394=88 state395=88
f=329 sl=-01 pc=FAC1 address=2004 value=2A state394=88 state395=88
f=329 sl=-01 pc=FAC1 address=2004 value=02 state394=88 state395=88
f=329 sl=-01 pc=FAC1 address=2004 value=8C state394=88 state395=88
f=329 sl=-01 pc=FAC1 address=2004 value=F4 state394=88 state395=88
f=329 sl=-01 pc=FAC1 address=2004 value=28 state394=88 state395=88
f=329 sl=-01 pc=FAC1 address=2004 value=00 state394=88 state395=88
f=329 sl=-01 pc=FAC1 address=2004 value=65 state394=88 state395=88
f=329 sl=-01 pc=FAC1 address=2004 value=7D state394=88 state395=88
f=329 sl=-01 pc=FAC1 address=2004 value=0D state394=88 state395=88
f=329 sl=-01 pc=FAC1 address=2004 value=00 state394=88 state395=88
f=329 sl=-01 pc=FAC1 address=2004 value=76 state394=88 state395=88
f=329 sl=-01 pc=FAC1 address=2004 value=34 state394=88 state395=88
f=329 sl=-01 pc=FAC1 address=2004 value=37 state394=88 state395=88
f=329 sl=-01 pc=FAC1 address=2004 value=02 state394=88 state395=88
f=329 sl=-01 pc=FAC1 address=2004 value=AB state394=88 state395=88
f=329 sl=-01 pc=FAC1 address=2004 value=4C state394=88 state395=88
f=329 sl=-01 pc=FAC1 address=2004 value=2C state394=88 state395=88
f=329 sl=-01 pc=FAC1 address=2004 value=02 state394=88 state395=88
f=329 sl=-01 pc=FAC1 address=2004 value=97 state394=88 state395=88
f=329 sl=-01 pc=FAC1 address=2004 value=F4 state394=88 state395=88
f=329 sl=-01 pc=FAC1 address=2004 value=0D state394=88 state395=88
f=329 sl=-01 pc=FAC1 address=2004 value=00 state394=88 state395=88
f=329 sl=-01 pc=FAC1 address=2004 value=65 state394=88 state395=88
f=329 sl=-01 pc=FAC1 address=2004 value=85 state394=88 state395=88
f=329 sl=-01 pc=FAC1 address=2004 value=0A state394=88 state395=88
f=329 sl=-01 pc=FAC1 address=2004 value=C0 state394=88 state395=88
f=329 sl=-01 pc=FAC1 address=2004 value=7E state394=88 state395=88
f=329 sl=-01 pc=FAC1 address=2004 value=37 state394=88 state395=88
f=329 sl=-01 pc=FAC1 address=2004 value=3B state394=88 state395=88
f=329 sl=-01 pc=FAC1 address=2004 value=02 state394=88 state395=88
f=329 sl=-01 pc=FAC1 address=2004 value=C6 state394=88 state395=88
f=329 sl=-01 pc=FAC1 address=2004 value=4D state394=88 state395=88
f=329 sl=-01 pc=FAC1 address=2004 value=30 state394=88 state395=88
f=329 sl=-01 pc=FAC1 address=2004 value=02 state394=88 state395=88
f=329 sl=-01 pc=FAC1 address=2004 value=9F state394=88 state395=88
f=329 sl=-01 pc=FAC1 address=2004 value=F4 state394=88 state395=88
f=329 sl=-01 pc=FAC1 address=2004 value=0A state394=88 state395=88
f=329 sl=-01 pc=FAC1 address=2004 value=C0 state394=88 state395=88
f=329 sl=-01 pc=FAC1 address=2004 value=6D state394=88 state395=88
f=329 sl=-01 pc=FAC1 address=2004 value=F4 state394=88 state395=88
f=329 sl=-01 pc=FAC1 address=2004 value=25 state394=88 state395=88
f=329 sl=-01 pc=FAC1 address=2004 value=00 state394=88 state395=88
f=329 sl=-01 pc=FAC1 address=2004 value=65 state394=88 state395=88
f=329 sl=-01 pc=FAC1 address=2004 value=75 state394=88 state395=88
f=329 sl=-01 pc=FAC1 address=2004 value=0A state394=88 state395=88
f=329 sl=-01 pc=FAC1 address=2004 value=00 state394=88 state395=88
f=329 sl=-01 pc=FAC1 address=2004 value=6E state394=88 state395=88
f=329 sl=-01 pc=FAC1 address=2004 value=3C state394=88 state395=88
f=329 sl=-01 pc=FAC1 address=2004 value=34 state394=88 state395=88
f=329 sl=-01 pc=FAC1 address=2004 value=02 state394=88 state395=88
f=329 sl=-01 pc=FAC1 address=2004 value=A3 state394=88 state395=88
f=329 sl=-01 pc=FAC1 address=2004 value=F4 state394=88 state395=88
f=329 sl=-01 pc=FAC1 address=2004 value=2A state394=88 state395=88
f=329 sl=-01 pc=FAC1 address=2004 value=02 state394=88 state395=88
f=329 sl=-01 pc=FAC1 address=2004 value=8C state394=88 state395=88
f=329 sl=-01 pc=FAC1 address=2004 value=F4 state394=88 state395=88
f=329 sl=-01 pc=FAC1 address=2004 value=29 state394=88 state395=88
f=329 sl=-01 pc=FAC1 address=2004 value=00 state394=88 state395=88
f=329 sl=-01 pc=FAC1 address=2004 value=6D state394=88 state395=88
f=329 sl=-01 pc=FAC1 address=2004 value=75 state394=88 state395=88
f=329 sl=-01 pc=FAC1 address=2004 value=0A state394=88 state395=88
f=329 sl=-01 pc=FAC1 address=2004 value=40 state394=88 state395=88
f=329 sl=-01 pc=FAC1 address=2004 value=7E state394=88 state395=88
f=329 sl=-01 pc=FAC1 address=2004 value=3C state394=88 state395=88
f=329 sl=-01 pc=FAC1 address=2004 value=38 state394=88 state395=88
f=329 sl=-01 pc=FAC1 address=2004 value=02 state394=88 state395=88
f=329 sl=-01 pc=FAC1 address=2004 value=AB state394=88 state395=88
f=329 sl=-01 pc=FAC1 address=4014 value=02 state394=88 state395=88
f=329 sl=-01 pc=D084 address=2000 value=89 state394=88 state395=88
f=329 sl=-01 pc=FACB address=2001 value=1E state394=88 state395=88
f=329 sl=-01 pc=FA0B address=2000 value=89 state394=88 state395=88
f=329 sl=-01 pc=F900 address=2000 value=88 state394=88 state395=88
f=329 sl=-01 pc=F900 address=2000 value=88 state394=88 state395=88
f=330 sl=-01 pc=FABC address=2003 value=00 state394=88 state395=88
f=330 sl=-01 pc=FAC1 address=2004 value=B7 state394=88 state395=88
f=330 sl=-01 pc=FAC1 address=2004 value=A0 state394=88 state395=88
f=330 sl=-01 pc=FAC1 address=2004 value=01 state394=88 state395=88
f=330 sl=-01 pc=FAC1 address=2004 value=10 state394=88 state395=88
f=330 sl=-01 pc=FAC1 address=2004 value=B7 state394=88 state395=88
f=330 sl=-01 pc=FAC1 address=2004 value=A1 state394=88 state395=88
f=330 sl=-01 pc=FAC1 address=2004 value=01 state394=88 state395=88
f=330 sl=-01 pc=FAC1 address=2004 value=18 state394=88 state395=88
f=330 sl=-01 pc=FAC1 address=2004 value=B7 state394=88 state395=88
f=330 sl=-01 pc=FAC1 address=2004 value=A2 state394=88 state395=88
f=330 sl=-01 pc=FAC1 address=2004 value=01 state394=88 state395=88
f=330 sl=-01 pc=FAC1 address=2004 value=20 state394=88 state395=88
f=330 sl=-01 pc=FAC1 address=2004 value=B7 state394=88 state395=88
f=330 sl=-01 pc=FAC1 address=2004 value=A3 state394=88 state395=88
f=330 sl=-01 pc=FAC1 address=2004 value=01 state394=88 state395=88
f=330 sl=-01 pc=FAC1 address=2004 value=28 state394=88 state395=88
f=330 sl=-01 pc=FAC1 address=2004 value=BF state394=88 state395=88
f=330 sl=-01 pc=FAC1 address=2004 value=A4 state394=88 state395=88
f=330 sl=-01 pc=FAC1 address=2004 value=01 state394=88 state395=88
f=330 sl=-01 pc=FAC1 address=2004 value=10 state394=88 state395=88
f=330 sl=-01 pc=FAC1 address=2004 value=BF state394=88 state395=88
f=330 sl=-01 pc=FAC1 address=2004 value=A5 state394=88 state395=88
f=330 sl=-01 pc=FAC1 address=2004 value=01 state394=88 state395=88
f=330 sl=-01 pc=FAC1 address=2004 value=18 state394=88 state395=88
f=330 sl=-01 pc=FAC1 address=2004 value=BF state394=88 state395=88
f=330 sl=-01 pc=FAC1 address=2004 value=A6 state394=88 state395=88
f=330 sl=-01 pc=FAC1 address=2004 value=01 state394=88 state395=88
f=330 sl=-01 pc=FAC1 address=2004 value=20 state394=88 state395=88
f=330 sl=-01 pc=FAC1 address=2004 value=BF state394=88 state395=88
f=330 sl=-01 pc=FAC1 address=2004 value=A7 state394=88 state395=88
f=330 sl=-01 pc=FAC1 address=2004 value=01 state394=88 state395=88
f=330 sl=-01 pc=FAC1 address=2004 value=28 state394=88 state395=88
f=330 sl=-01 pc=FAC1 address=2004 value=C7 state394=88 state395=88
f=330 sl=-01 pc=FAC1 address=2004 value=A8 state394=88 state395=88
f=330 sl=-01 pc=FAC1 address=2004 value=01 state394=88 state395=88
f=330 sl=-01 pc=FAC1 address=2004 value=10 state394=88 state395=88
f=330 sl=-01 pc=FAC1 address=2004 value=C7 state394=88 state395=88
f=330 sl=-01 pc=FAC1 address=2004 value=A9 state394=88 state395=88
f=330 sl=-01 pc=FAC1 address=2004 value=01 state394=88 state395=88
f=330 sl=-01 pc=FAC1 address=2004 value=18 state394=88 state395=88
f=330 sl=-01 pc=FAC1 address=2004 value=C7 state394=88 state395=88
f=330 sl=-01 pc=FAC1 address=2004 value=AA state394=88 state395=88
f=330 sl=-01 pc=FAC1 address=2004 value=01 state394=88 state395=88
f=330 sl=-01 pc=FAC1 address=2004 value=20 state394=88 state395=88
f=330 sl=-01 pc=FAC1 address=2004 value=C7 state394=88 state395=88
f=330 sl=-01 pc=FAC1 address=2004 value=AB state394=88 state395=88
f=330 sl=-01 pc=FAC1 address=2004 value=01 state394=88 state395=88
f=330 sl=-01 pc=FAC1 address=2004 value=28 state394=88 state395=88
f=330 sl=-01 pc=FAC1 address=2004 value=CF state394=88 state395=88
f=330 sl=-01 pc=FAC1 address=2004 value=AC state394=88 state395=88
f=330 sl=-01 pc=FAC1 address=2004 value=01 state394=88 state395=88
f=330 sl=-01 pc=FAC1 address=2004 value=10 state394=88 state395=88
f=330 sl=-01 pc=FAC1 address=2004 value=CF state394=88 state395=88
f=330 sl=-01 pc=FAC1 address=2004 value=AD state394=88 state395=88
f=330 sl=-01 pc=FAC1 address=2004 value=01 state394=88 state395=88
f=330 sl=-01 pc=FAC1 address=2004 value=18 state394=88 state395=88
f=330 sl=-01 pc=FAC1 address=2004 value=CF state394=88 state395=88
f=330 sl=-01 pc=FAC1 address=2004 value=AE state394=88 state395=88
f=330 sl=-01 pc=FAC1 address=2004 value=01 state394=88 state395=88
f=330 sl=-01 pc=FAC1 address=2004 value=20 state394=88 state395=88
f=330 sl=-01 pc=FAC1 address=2004 value=CF state394=88 state395=88
f=330 sl=-01 pc=FAC1 address=2004 value=AF state394=88 state395=88
f=330 sl=-01 pc=FAC1 address=2004 value=01 state394=88 state395=88
f=330 sl=-01 pc=FAC1 address=2004 value=28 state394=88 state395=88
f=330 sl=-01 pc=FAC1 address=2004 value=38 state394=88 state395=88
f=330 sl=-01 pc=FAC1 address=2004 value=3C state394=88 state395=88
f=330 sl=-01 pc=FAC1 address=2004 value=02 state394=88 state395=88
f=330 sl=-01 pc=FAC1 address=2004 value=C7 state394=88 state395=88
f=330 sl=-01 pc=FAC1 address=2004 value=2A state394=88 state395=88
f=330 sl=-01 pc=FAC1 address=2004 value=31 state394=88 state395=88
f=330 sl=-01 pc=FAC1 address=2004 value=02 state394=88 state395=88
f=330 sl=-01 pc=FAC1 address=2004 value=A0 state394=88 state395=88
f=330 sl=-01 pc=FAC1 address=2004 value=F4 state394=88 state395=88
f=330 sl=-01 pc=FAC1 address=2004 value=0A state394=88 state395=88
f=330 sl=-01 pc=FAC1 address=2004 value=80 state394=88 state395=88
f=330 sl=-01 pc=FAC1 address=2004 value=6E state394=88 state395=88
f=330 sl=-01 pc=FAC1 address=2004 value=7A state394=88 state395=88
f=330 sl=-01 pc=FAC1 address=2004 value=0F state394=88 state395=88
f=330 sl=-01 pc=FAC1 address=2004 value=00 state394=88 state395=88
f=330 sl=-01 pc=FAC1 address=2004 value=A1 state394=88 state395=88
f=330 sl=-01 pc=FAC1 address=2004 value=68 state394=88 state395=88
f=330 sl=-01 pc=FAC1 address=2004 value=08 state394=88 state395=88
f=330 sl=-01 pc=FAC1 address=2004 value=00 state394=88 state395=88
f=330 sl=-01 pc=FAC1 address=2004 value=FE state394=88 state395=88
f=330 sl=-01 pc=FAC1 address=2004 value=44 state394=88 state395=88
f=330 sl=-01 pc=FAC1 address=2004 value=35 state394=88 state395=88
f=330 sl=-01 pc=FAC1 address=2004 value=02 state394=88 state395=88
f=330 sl=-01 pc=FAC1 address=2004 value=A3 state394=88 state395=88
f=330 sl=-01 pc=FAC1 address=2004 value=3B state394=88 state395=88
f=330 sl=-01 pc=FAC1 address=2004 value=2A state394=88 state395=88
f=330 sl=-01 pc=FAC1 address=2004 value=02 state394=88 state395=88
f=330 sl=-01 pc=FAC1 address=2004 value=8C state394=88 state395=88
f=330 sl=-01 pc=FAC1 address=2004 value=F4 state394=88 state395=88
f=330 sl=-01 pc=FAC1 address=2004 value=0B state394=88 state395=88
f=330 sl=-01 pc=FAC1 address=2004 value=00 state394=88 state395=88
f=330 sl=-01 pc=FAC1 address=2004 value=76 state394=88 state395=88
f=330 sl=-01 pc=FAC1 address=2004 value=7A state394=88 state395=88
f=330 sl=-01 pc=FAC1 address=2004 value=23 state394=88 state395=88
f=330 sl=-01 pc=FAC1 address=2004 value=00 state394=88 state395=88
f=330 sl=-01 pc=FAC1 address=2004 value=7E state394=88 state395=88
f=330 sl=-01 pc=FAC1 address=2004 value=4C state394=88 state395=88
f=330 sl=-01 pc=FAC1 address=2004 value=39 state394=88 state395=88
f=330 sl=-01 pc=FAC1 address=2004 value=02 state394=88 state395=88
f=330 sl=-01 pc=FAC1 address=2004 value=AB state394=88 state395=88
f=330 sl=-01 pc=FAC1 address=2004 value=31 state394=88 state395=88
f=330 sl=-01 pc=FAC1 address=2004 value=2E state394=88 state395=88
f=330 sl=-01 pc=FAC1 address=2004 value=02 state394=88 state395=88
f=330 sl=-01 pc=FAC1 address=2004 value=98 state394=88 state395=88
f=330 sl=-01 pc=FAC1 address=2004 value=F4 state394=88 state395=88
f=330 sl=-01 pc=FAC1 address=2004 value=0B state394=88 state395=88
f=330 sl=-01 pc=FAC1 address=2004 value=80 state394=88 state395=88
f=330 sl=-01 pc=FAC1 address=2004 value=76 state394=88 state395=88
f=330 sl=-01 pc=FAC1 address=2004 value=8A state394=88 state395=88
f=330 sl=-01 pc=FAC1 address=2004 value=27 state394=88 state395=88
f=330 sl=-01 pc=FAC1 address=2004 value=00 state394=88 state395=88
f=330 sl=-01 pc=FAC1 address=2004 value=6E state394=88 state395=88
f=330 sl=-01 pc=FAC1 address=2004 value=39 state394=88 state395=88
f=330 sl=-01 pc=FAC1 address=2004 value=3D state394=88 state395=88
f=330 sl=-01 pc=FAC1 address=2004 value=02 state394=88 state395=88
f=330 sl=-01 pc=FAC1 address=2004 value=C8 state394=88 state395=88
f=330 sl=-01 pc=FAC1 address=2004 value=32 state394=88 state395=88
f=330 sl=-01 pc=FAC1 address=2004 value=32 state394=88 state395=88
f=330 sl=-01 pc=FAC1 address=2004 value=02 state394=88 state395=88
f=330 sl=-01 pc=FAC1 address=2004 value=A0 state394=88 state395=88
f=330 sl=-01 pc=FAC1 address=2004 value=F4 state394=88 state395=88
f=330 sl=-01 pc=FAC1 address=2004 value=0E state394=88 state395=88
f=330 sl=-01 pc=FAC1 address=2004 value=00 state394=88 state395=88
f=330 sl=-01 pc=FAC1 address=2004 value=A1 state394=88 state395=88
f=330 sl=-01 pc=FAC1 address=2004 value=F4 state394=88 state395=88
f=330 sl=-01 pc=FAC1 address=2004 value=3D state394=88 state395=88
f=330 sl=-01 pc=FAC1 address=2004 value=02 state394=88 state395=88
f=330 sl=-01 pc=FAC1 address=2004 value=C8 state394=88 state395=88
f=330 sl=-01 pc=FAC1 address=2004 value=70 state394=88 state395=88
f=330 sl=-01 pc=FAC1 address=2004 value=06 state394=88 state395=88
f=330 sl=-01 pc=FAC1 address=2004 value=80 state394=88 state395=88
f=330 sl=-01 pc=FAC1 address=2004 value=FE state394=88 state395=88
f=330 sl=-01 pc=FAC1 address=2004 value=2C state394=88 state395=88
f=330 sl=-01 pc=FAC1 address=2004 value=36 state394=88 state395=88
f=330 sl=-01 pc=FAC1 address=2004 value=02 state394=88 state395=88
f=330 sl=-01 pc=FAC1 address=2004 value=A8 state394=88 state395=88
f=330 sl=-01 pc=FAC1 address=2004 value=2C state394=88 state395=88
f=330 sl=-01 pc=FAC1 address=2004 value=2B state394=88 state395=88
f=330 sl=-01 pc=FAC1 address=2004 value=02 state394=88 state395=88
f=330 sl=-01 pc=FAC1 address=2004 value=90 state394=88 state395=88
f=330 sl=-01 pc=FAC1 address=2004 value=F4 state394=88 state395=88
f=330 sl=-01 pc=FAC1 address=2004 value=0C state394=88 state395=88
f=330 sl=-01 pc=FAC1 address=2004 value=00 state394=88 state395=88
f=330 sl=-01 pc=FAC1 address=2004 value=6E state394=88 state395=88
f=330 sl=-01 pc=FAC1 address=2004 value=82 state394=88 state395=88
f=330 sl=-01 pc=FAC1 address=2004 value=24 state394=88 state395=88
f=330 sl=-01 pc=FAC1 address=2004 value=00 state394=88 state395=88
f=330 sl=-01 pc=FAC1 address=2004 value=6E state394=88 state395=88
f=330 sl=-01 pc=FAC1 address=2004 value=2E state394=88 state395=88
f=330 sl=-01 pc=FAC1 address=2004 value=3A state394=88 state395=88
f=330 sl=-01 pc=FAC1 address=2004 value=02 state394=88 state395=88
f=330 sl=-01 pc=FAC1 address=2004 value=B0 state394=88 state395=88
f=330 sl=-01 pc=FAC1 address=2004 value=45 state394=88 state395=88
f=330 sl=-01 pc=FAC1 address=2004 value=2F state394=88 state395=88
f=330 sl=-01 pc=FAC1 address=2004 value=02 state394=88 state395=88
f=330 sl=-01 pc=FAC1 address=2004 value=9F state394=88 state395=88
f=330 sl=-01 pc=FAC1 address=2004 value=F4 state394=88 state395=88
f=330 sl=-01 pc=FAC1 address=2004 value=0C state394=88 state395=88
f=330 sl=-01 pc=FAC1 address=2004 value=40 state394=88 state395=88
f=330 sl=-01 pc=FAC1 address=2004 value=7E state394=88 state395=88
f=330 sl=-01 pc=FAC1 address=2004 value=8A state394=88 state395=88
f=330 sl=-01 pc=FAC1 address=2004 value=28 state394=88 state395=88
f=330 sl=-01 pc=FAC1 address=2004 value=00 state394=88 state395=88
f=330 sl=-01 pc=FAC1 address=2004 value=76 state394=88 state395=88
f=330 sl=-01 pc=FAC1 address=2004 value=39 state394=88 state395=88
f=330 sl=-01 pc=FAC1 address=2004 value=3E state394=88 state395=88
f=330 sl=-01 pc=FAC1 address=2004 value=02 state394=88 state395=88
f=330 sl=-01 pc=FAC1 address=2004 value=D0 state394=88 state395=88
f=330 sl=-01 pc=FAC1 address=2004 value=56 state394=88 state395=88
f=330 sl=-01 pc=FAC1 address=2004 value=33 state394=88 state395=88
f=330 sl=-01 pc=FAC1 address=2004 value=02 state394=88 state395=88
f=330 sl=-01 pc=FAC1 address=2004 value=A0 state394=88 state395=88
f=330 sl=-01 pc=FAC1 address=2004 value=F4 state394=88 state395=88
f=330 sl=-01 pc=FAC1 address=2004 value=24 state394=88 state395=88
f=330 sl=-01 pc=FAC1 address=2004 value=00 state394=88 state395=88
f=330 sl=-01 pc=FAC1 address=2004 value=5D state394=88 state395=88
f=330 sl=-01 pc=FAC1 address=2004 value=F4 state394=88 state395=88
f=330 sl=-01 pc=FAC1 address=2004 value=3E state394=88 state395=88
f=330 sl=-01 pc=FAC1 address=2004 value=02 state394=88 state395=88
f=330 sl=-01 pc=FAC1 address=2004 value=D0 state394=88 state395=88
f=330 sl=-01 pc=FAC1 address=2004 value=7A state394=88 state395=88
f=330 sl=-01 pc=FAC1 address=2004 value=21 state394=88 state395=88
f=330 sl=-01 pc=FAC1 address=2004 value=00 state394=88 state395=88
f=330 sl=-01 pc=FAC1 address=2004 value=6E state394=88 state395=88
f=330 sl=-01 pc=FAC1 address=2004 value=34 state394=88 state395=88
f=330 sl=-01 pc=FAC1 address=2004 value=37 state394=88 state395=88
f=330 sl=-01 pc=FAC1 address=2004 value=02 state394=88 state395=88
f=330 sl=-01 pc=FAC1 address=2004 value=AB state394=88 state395=88
f=330 sl=-01 pc=FAC1 address=2004 value=4C state394=88 state395=88
f=330 sl=-01 pc=FAC1 address=2004 value=2C state394=88 state395=88
f=330 sl=-01 pc=FAC1 address=2004 value=02 state394=88 state395=88
f=330 sl=-01 pc=FAC1 address=2004 value=97 state394=88 state395=88
f=330 sl=-01 pc=FAC1 address=2004 value=F4 state394=88 state395=88
f=330 sl=-01 pc=FAC1 address=2004 value=0D state394=88 state395=88
f=330 sl=-01 pc=FAC1 address=2004 value=00 state394=88 state395=88
f=330 sl=-01 pc=FAC1 address=2004 value=76 state394=88 state395=88
f=330 sl=-01 pc=FAC1 address=2004 value=82 state394=88 state395=88
f=330 sl=-01 pc=FAC1 address=2004 value=25 state394=88 state395=88
f=330 sl=-01 pc=FAC1 address=2004 value=00 state394=88 state395=88
f=330 sl=-01 pc=FAC1 address=2004 value=76 state394=88 state395=88
f=330 sl=-01 pc=FAC1 address=2004 value=37 state394=88 state395=88
f=330 sl=-01 pc=FAC1 address=2004 value=3B state394=88 state395=88
f=330 sl=-01 pc=FAC1 address=2004 value=02 state394=88 state395=88
f=330 sl=-01 pc=FAC1 address=2004 value=C6 state394=88 state395=88
f=330 sl=-01 pc=FAC1 address=2004 value=4D state394=88 state395=88
f=330 sl=-01 pc=FAC1 address=2004 value=30 state394=88 state395=88
f=330 sl=-01 pc=FAC1 address=2004 value=02 state394=88 state395=88
f=330 sl=-01 pc=FAC1 address=2004 value=9F state394=88 state395=88
f=330 sl=-01 pc=FAC1 address=2004 value=F4 state394=88 state395=88
f=330 sl=-01 pc=FAC1 address=2004 value=0A state394=88 state395=88
f=330 sl=-01 pc=FAC1 address=2004 value=C0 state394=88 state395=88
f=330 sl=-01 pc=FAC1 address=2004 value=7E state394=88 state395=88
f=330 sl=-01 pc=FAC1 address=2004 value=8A state394=88 state395=88
f=330 sl=-01 pc=FAC1 address=2004 value=29 state394=88 state395=88
f=330 sl=-01 pc=FAC1 address=2004 value=00 state394=88 state395=88
f=330 sl=-01 pc=FAC1 address=2004 value=7E state394=88 state395=88
f=330 sl=-01 pc=FAC1 address=2004 value=60 state394=88 state395=88
f=330 sl=-01 pc=FAC1 address=2004 value=06 state394=88 state395=88
f=330 sl=-01 pc=FAC1 address=2004 value=00 state394=88 state395=88
f=330 sl=-01 pc=FAC1 address=2004 value=FE state394=88 state395=88
f=330 sl=-01 pc=FAC1 address=2004 value=3C state394=88 state395=88
f=330 sl=-01 pc=FAC1 address=2004 value=34 state394=88 state395=88
f=330 sl=-01 pc=FAC1 address=2004 value=02 state394=88 state395=88
f=330 sl=-01 pc=FAC1 address=2004 value=A3 state394=88 state395=88
f=330 sl=-01 pc=FAC1 address=2004 value=F4 state394=88 state395=88
f=330 sl=-01 pc=FAC1 address=2004 value=25 state394=88 state395=88
f=330 sl=-01 pc=FAC1 address=2004 value=00 state394=88 state395=88
f=330 sl=-01 pc=FAC1 address=2004 value=65 state394=88 state395=88
f=330 sl=-01 pc=FAC1 address=2004 value=F4 state394=88 state395=88
f=330 sl=-01 pc=FAC1 address=2004 value=0A state394=88 state395=88
f=330 sl=-01 pc=FAC1 address=2004 value=00 state394=88 state395=88
f=330 sl=-01 pc=FAC1 address=2004 value=6E state394=88 state395=88
f=330 sl=-01 pc=FAC1 address=2004 value=7A state394=88 state395=88
f=330 sl=-01 pc=FAC1 address=2004 value=22 state394=88 state395=88
f=330 sl=-01 pc=FAC1 address=2004 value=00 state394=88 state395=88
f=330 sl=-01 pc=FAC1 address=2004 value=76 state394=88 state395=88
f=330 sl=-01 pc=FAC1 address=2004 value=3C state394=88 state395=88
f=330 sl=-01 pc=FAC1 address=2004 value=38 state394=88 state395=88
f=330 sl=-01 pc=FAC1 address=2004 value=02 state394=88 state395=88
f=330 sl=-01 pc=FAC1 address=2004 value=AB state394=88 state395=88
f=330 sl=-01 pc=FAC1 address=2004 value=29 state394=88 state395=88
f=330 sl=-01 pc=FAC1 address=2004 value=2D state394=88 state395=88
f=330 sl=-01 pc=FAC1 address=2004 value=02 state394=88 state395=88
f=330 sl=-01 pc=FAC1 address=2004 value=98 state394=88 state395=88
f=330 sl=-01 pc=FAC1 address=2004 value=F4 state394=88 state395=88
f=330 sl=-01 pc=FAC1 address=2004 value=0A state394=88 state395=88
f=330 sl=-01 pc=FAC1 address=2004 value=40 state394=88 state395=88
f=330 sl=-01 pc=FAC1 address=2004 value=7E state394=88 state395=88
f=330 sl=-01 pc=FAC1 address=2004 value=82 state394=88 state395=88
f=330 sl=-01 pc=FAC1 address=2004 value=26 state394=88 state395=88
f=330 sl=-01 pc=FAC1 address=2004 value=00 state394=88 state395=88
f=330 sl=-01 pc=FAC1 address=2004 value=7E state394=88 state395=88
f=330 sl=-01 pc=FAC1 address=4014 value=02 state394=88 state395=88
f=330 sl=-01 pc=D084 address=2000 value=89 state394=88 state395=88
f=330 sl=-01 pc=FACB address=2001 value=1E state394=88 state395=88
f=330 sl=-01 pc=FA0B address=2000 value=89 state394=88 state395=88
f=330 sl=-01 pc=F900 address=2000 value=88 state394=88 state395=88
f=330 sl=-01 pc=F900 address=2000 value=88 state394=88 state395=88
f=331 sl=-01 pc=FABC address=2003 value=00 state394=88 state395=88
f=331 sl=-01 pc=FAC1 address=2004 value=B7 state394=88 state395=88
f=331 sl=-01 pc=FAC1 address=2004 value=A0 state394=88 state395=88
f=331 sl=-01 pc=FAC1 address=2004 value=01 state394=88 state395=88
f=331 sl=-01 pc=FAC1 address=2004 value=10 state394=88 state395=88
f=331 sl=-01 pc=FAC1 address=2004 value=B7 state394=88 state395=88
f=331 sl=-01 pc=FAC1 address=2004 value=A1 state394=88 state395=88
f=331 sl=-01 pc=FAC1 address=2004 value=01 state394=88 state395=88
f=331 sl=-01 pc=FAC1 address=2004 value=18 state394=88 state395=88
f=331 sl=-01 pc=FAC1 address=2004 value=B7 state394=88 state395=88
f=331 sl=-01 pc=FAC1 address=2004 value=A2 state394=88 state395=88
f=331 sl=-01 pc=FAC1 address=2004 value=01 state394=88 state395=88
f=331 sl=-01 pc=FAC1 address=2004 value=20 state394=88 state395=88
f=331 sl=-01 pc=FAC1 address=2004 value=B7 state394=88 state395=88
f=331 sl=-01 pc=FAC1 address=2004 value=A3 state394=88 state395=88
f=331 sl=-01 pc=FAC1 address=2004 value=01 state394=88 state395=88
f=331 sl=-01 pc=FAC1 address=2004 value=28 state394=88 state395=88
f=331 sl=-01 pc=FAC1 address=2004 value=BF state394=88 state395=88
f=331 sl=-01 pc=FAC1 address=2004 value=A4 state394=88 state395=88
f=331 sl=-01 pc=FAC1 address=2004 value=01 state394=88 state395=88
f=331 sl=-01 pc=FAC1 address=2004 value=10 state394=88 state395=88
f=331 sl=-01 pc=FAC1 address=2004 value=BF state394=88 state395=88
f=331 sl=-01 pc=FAC1 address=2004 value=A5 state394=88 state395=88
f=331 sl=-01 pc=FAC1 address=2004 value=01 state394=88 state395=88
f=331 sl=-01 pc=FAC1 address=2004 value=18 state394=88 state395=88
f=331 sl=-01 pc=FAC1 address=2004 value=BF state394=88 state395=88
f=331 sl=-01 pc=FAC1 address=2004 value=A6 state394=88 state395=88
f=331 sl=-01 pc=FAC1 address=2004 value=01 state394=88 state395=88
f=331 sl=-01 pc=FAC1 address=2004 value=20 state394=88 state395=88
f=331 sl=-01 pc=FAC1 address=2004 value=BF state394=88 state395=88
f=331 sl=-01 pc=FAC1 address=2004 value=A7 state394=88 state395=88
f=331 sl=-01 pc=FAC1 address=2004 value=01 state394=88 state395=88
f=331 sl=-01 pc=FAC1 address=2004 value=28 state394=88 state395=88
f=331 sl=-01 pc=FAC1 address=2004 value=C7 state394=88 state395=88
f=331 sl=-01 pc=FAC1 address=2004 value=A8 state394=88 state395=88
f=331 sl=-01 pc=FAC1 address=2004 value=01 state394=88 state395=88
f=331 sl=-01 pc=FAC1 address=2004 value=10 state394=88 state395=88
f=331 sl=-01 pc=FAC1 address=2004 value=C7 state394=88 state395=88
f=331 sl=-01 pc=FAC1 address=2004 value=A9 state394=88 state395=88
f=331 sl=-01 pc=FAC1 address=2004 value=01 state394=88 state395=88
f=331 sl=-01 pc=FAC1 address=2004 value=18 state394=88 state395=88
f=331 sl=-01 pc=FAC1 address=2004 value=C7 state394=88 state395=88
f=331 sl=-01 pc=FAC1 address=2004 value=AA state394=88 state395=88
f=331 sl=-01 pc=FAC1 address=2004 value=01 state394=88 state395=88
f=331 sl=-01 pc=FAC1 address=2004 value=20 state394=88 state395=88
f=331 sl=-01 pc=FAC1 address=2004 value=C7 state394=88 state395=88
f=331 sl=-01 pc=FAC1 address=2004 value=AB state394=88 state395=88
f=331 sl=-01 pc=FAC1 address=2004 value=01 state394=88 state395=88
f=331 sl=-01 pc=FAC1 address=2004 value=28 state394=88 state395=88
f=331 sl=-01 pc=FAC1 address=2004 value=CF state394=88 state395=88
f=331 sl=-01 pc=FAC1 address=2004 value=AC state394=88 state395=88
f=331 sl=-01 pc=FAC1 address=2004 value=01 state394=88 state395=88
f=331 sl=-01 pc=FAC1 address=2004 value=10 state394=88 state395=88
f=331 sl=-01 pc=FAC1 address=2004 value=CF state394=88 state395=88
f=331 sl=-01 pc=FAC1 address=2004 value=AD state394=88 state395=88
f=331 sl=-01 pc=FAC1 address=2004 value=01 state394=88 state395=88
f=331 sl=-01 pc=FAC1 address=2004 value=18 state394=88 state395=88
f=331 sl=-01 pc=FAC1 address=2004 value=CF state394=88 state395=88
f=331 sl=-01 pc=FAC1 address=2004 value=AE state394=88 state395=88
f=331 sl=-01 pc=FAC1 address=2004 value=01 state394=88 state395=88
f=331 sl=-01 pc=FAC1 address=2004 value=20 state394=88 state395=88
f=331 sl=-01 pc=FAC1 address=2004 value=CF state394=88 state395=88
f=331 sl=-01 pc=FAC1 address=2004 value=AF state394=88 state395=88
f=331 sl=-01 pc=FAC1 address=2004 value=01 state394=88 state395=88
f=331 sl=-01 pc=FAC1 address=2004 value=28 state394=88 state395=88
f=331 sl=-01 pc=FAC1 address=2004 value=37 state394=88 state395=88
f=331 sl=-01 pc=FAC1 address=2004 value=3B state394=88 state395=88
f=331 sl=-01 pc=FAC1 address=2004 value=02 state394=88 state395=88
f=331 sl=-01 pc=FAC1 address=2004 value=C6 state394=88 state395=88
f=331 sl=-01 pc=FAC1 address=2004 value=4D state394=88 state395=88
f=331 sl=-01 pc=FAC1 address=2004 value=30 state394=88 state395=88
f=331 sl=-01 pc=FAC1 address=2004 value=02 state394=88 state395=88
f=331 sl=-01 pc=FAC1 address=2004 value=9F state394=88 state395=88
f=331 sl=-01 pc=FAC1 address=2004 value=F4 state394=88 state395=88
f=331 sl=-01 pc=FAC1 address=2004 value=0A state394=88 state395=88
f=331 sl=-01 pc=FAC1 address=2004 value=80 state394=88 state395=88
f=331 sl=-01 pc=FAC1 address=2004 value=6E state394=88 state395=88
f=331 sl=-01 pc=FAC1 address=2004 value=8A state394=88 state395=88
f=331 sl=-01 pc=FAC1 address=2004 value=29 state394=88 state395=88
f=331 sl=-01 pc=FAC1 address=2004 value=00 state394=88 state395=88
f=331 sl=-01 pc=FAC1 address=2004 value=7E state394=88 state395=88
f=331 sl=-01 pc=FAC1 address=2004 value=60 state394=88 state395=88
f=331 sl=-01 pc=FAC1 address=2004 value=06 state394=88 state395=88
f=331 sl=-01 pc=FAC1 address=2004 value=00 state394=88 state395=88
f=331 sl=-01 pc=FAC1 address=2004 value=FE state394=88 state395=88
f=331 sl=-01 pc=FAC1 address=2004 value=3C state394=88 state395=88
f=331 sl=-01 pc=FAC1 address=2004 value=34 state394=88 state395=88
f=331 sl=-01 pc=FAC1 address=2004 value=02 state394=88 state395=88
f=331 sl=-01 pc=FAC1 address=2004 value=A3 state394=88 state395=88
f=331 sl=-01 pc=FAC1 address=2004 value=F4 state394=88 state395=88
f=331 sl=-01 pc=FAC1 address=2004 value=2A state394=88 state395=88
f=331 sl=-01 pc=FAC1 address=2004 value=02 state394=88 state395=88
f=331 sl=-01 pc=FAC1 address=2004 value=8C state394=88 state395=88
f=331 sl=-01 pc=FAC1 address=2004 value=F4 state394=88 state395=88
f=331 sl=-01 pc=FAC1 address=2004 value=0B state394=88 state395=88
f=331 sl=-01 pc=FAC1 address=2004 value=00 state394=88 state395=88
f=331 sl=-01 pc=FAC1 address=2004 value=76 state394=88 state395=88
f=331 sl=-01 pc=FAC1 address=2004 value=7A state394=88 state395=88
f=331 sl=-01 pc=FAC1 address=2004 value=22 state394=88 state395=88
f=331 sl=-01 pc=FAC1 address=2004 value=00 state394=88 state395=88
f=331 sl=-01 pc=FAC1 address=2004 value=76 state394=88 state395=88
f=331 sl=-01 pc=FAC1 address=2004 value=3C state394=88 state395=88
f=331 sl=-01 pc=FAC1 address=2004 value=38 state394=88 state395=88
f=331 sl=-01 pc=FAC1 address=2004 value=02 state394=88 state395=88
f=331 sl=-01 pc=FAC1 address=2004 value=AB state394=88 state395=88
f=331 sl=-01 pc=FAC1 address=2004 value=29 state394=88 state395=88
f=331 sl=-01 pc=FAC1 address=2004 value=2D state394=88 state395=88
f=331 sl=-01 pc=FAC1 address=2004 value=02 state394=88 state395=88
f=331 sl=-01 pc=FAC1 address=2004 value=98 state394=88 state395=88
f=331 sl=-01 pc=FAC1 address=2004 value=F4 state394=88 state395=88
f=331 sl=-01 pc=FAC1 address=2004 value=0B state394=88 state395=88
f=331 sl=-01 pc=FAC1 address=2004 value=80 state394=88 state395=88
f=331 sl=-01 pc=FAC1 address=2004 value=76 state394=88 state395=88
f=331 sl=-01 pc=FAC1 address=2004 value=82 state394=88 state395=88
f=331 sl=-01 pc=FAC1 address=2004 value=26 state394=88 state395=88
f=331 sl=-01 pc=FAC1 address=2004 value=00 state394=88 state395=88
f=331 sl=-01 pc=FAC1 address=2004 value=7E state394=88 state395=88
f=331 sl=-01 pc=FAC1 address=2004 value=38 state394=88 state395=88
f=331 sl=-01 pc=FAC1 address=2004 value=3C state394=88 state395=88
f=331 sl=-01 pc=FAC1 address=2004 value=02 state394=88 state395=88
f=331 sl=-01 pc=FAC1 address=2004 value=C7 state394=88 state395=88
f=331 sl=-01 pc=FAC1 address=2004 value=2A state394=88 state395=88
f=331 sl=-01 pc=FAC1 address=2004 value=31 state394=88 state395=88
f=331 sl=-01 pc=FAC1 address=2004 value=02 state394=88 state395=88
f=331 sl=-01 pc=FAC1 address=2004 value=A0 state394=88 state395=88
f=331 sl=-01 pc=FAC1 address=2004 value=F4 state394=88 state395=88
f=331 sl=-01 pc=FAC1 address=2004 value=0E state394=88 state395=88
f=331 sl=-01 pc=FAC1 address=2004 value=00 state394=88 state395=88
f=331 sl=-01 pc=FAC1 address=2004 value=A1 state394=88 state395=88
f=331 sl=-01 pc=FAC1 address=2004 value=7A state394=88 state395=88
f=331 sl=-01 pc=FAC1 address=2004 value=0F state394=88 state395=88
f=331 sl=-01 pc=FAC1 address=2004 value=00 state394=88 state395=88
f=331 sl=-01 pc=FAC1 address=2004 value=A1 state394=88 state395=88
f=331 sl=-01 pc=FAC1 address=2004 value=68 state394=88 state395=88
f=331 sl=-01 pc=FAC1 address=2004 value=08 state394=88 state395=88
f=331 sl=-01 pc=FAC1 address=2004 value=00 state394=88 state395=88
f=331 sl=-01 pc=FAC1 address=2004 value=FE state394=88 state395=88
f=331 sl=-01 pc=FAC1 address=2004 value=44 state394=88 state395=88
f=331 sl=-01 pc=FAC1 address=2004 value=35 state394=88 state395=88
f=331 sl=-01 pc=FAC1 address=2004 value=02 state394=88 state395=88
f=331 sl=-01 pc=FAC1 address=2004 value=A3 state394=88 state395=88
f=331 sl=-01 pc=FAC1 address=2004 value=3B state394=88 state395=88
f=331 sl=-01 pc=FAC1 address=2004 value=2A state394=88 state395=88
f=331 sl=-01 pc=FAC1 address=2004 value=02 state394=88 state395=88
f=331 sl=-01 pc=FAC1 address=2004 value=8C state394=88 state395=88
f=331 sl=-01 pc=FAC1 address=2004 value=F4 state394=88 state395=88
f=331 sl=-01 pc=FAC1 address=2004 value=0C state394=88 state395=88
f=331 sl=-01 pc=FAC1 address=2004 value=00 state394=88 state395=88
f=331 sl=-01 pc=FAC1 address=2004 value=6E state394=88 state395=88
f=331 sl=-01 pc=FAC1 address=2004 value=7A state394=88 state395=88
f=331 sl=-01 pc=FAC1 address=2004 value=23 state394=88 state395=88
f=331 sl=-01 pc=FAC1 address=2004 value=00 state394=88 state395=88
f=331 sl=-01 pc=FAC1 address=2004 value=7E state394=88 state395=88
f=331 sl=-01 pc=FAC1 address=2004 value=4C state394=88 state395=88
f=331 sl=-01 pc=FAC1 address=2004 value=39 state394=88 state395=88
f=331 sl=-01 pc=FAC1 address=2004 value=02 state394=88 state395=88
f=331 sl=-01 pc=FAC1 address=2004 value=AB state394=88 state395=88
f=331 sl=-01 pc=FAC1 address=2004 value=31 state394=88 state395=88
f=331 sl=-01 pc=FAC1 address=2004 value=2E state394=88 state395=88
f=331 sl=-01 pc=FAC1 address=2004 value=02 state394=88 state395=88
f=331 sl=-01 pc=FAC1 address=2004 value=98 state394=88 state395=88
f=331 sl=-01 pc=FAC1 address=2004 value=F4 state394=88 state395=88
f=331 sl=-01 pc=FAC1 address=2004 value=0C state394=88 state395=88
f=331 sl=-01 pc=FAC1 address=2004 value=40 state394=88 state395=88
f=331 sl=-01 pc=FAC1 address=2004 value=7E state394=88 state395=88
f=331 sl=-01 pc=FAC1 address=2004 value=8A state394=88 state395=88
f=331 sl=-01 pc=FAC1 address=2004 value=27 state394=88 state395=88
f=331 sl=-01 pc=FAC1 address=2004 value=00 state394=88 state395=88
f=331 sl=-01 pc=FAC1 address=2004 value=6E state394=88 state395=88
f=331 sl=-01 pc=FAC1 address=2004 value=39 state394=88 state395=88
f=331 sl=-01 pc=FAC1 address=2004 value=3D state394=88 state395=88
f=331 sl=-01 pc=FAC1 address=2004 value=02 state394=88 state395=88
f=331 sl=-01 pc=FAC1 address=2004 value=C8 state394=88 state395=88
f=331 sl=-01 pc=FAC1 address=2004 value=32 state394=88 state395=88
f=331 sl=-01 pc=FAC1 address=2004 value=32 state394=88 state395=88
f=331 sl=-01 pc=FAC1 address=2004 value=02 state394=88 state395=88
f=331 sl=-01 pc=FAC1 address=2004 value=A0 state394=88 state395=88
f=331 sl=-01 pc=FAC1 address=2004 value=F4 state394=88 state395=88
f=331 sl=-01 pc=FAC1 address=2004 value=24 state394=88 state395=88
f=331 sl=-01 pc=FAC1 address=2004 value=00 state394=88 state395=88
f=331 sl=-01 pc=FAC1 address=2004 value=5D state394=88 state395=88
f=331 sl=-01 pc=FAC1 address=2004 value=F4 state394=88 state395=88
f=331 sl=-01 pc=FAC1 address=2004 value=3E state394=88 state395=88
f=331 sl=-01 pc=FAC1 address=2004 value=02 state394=88 state395=88
f=331 sl=-01 pc=FAC1 address=2004 value=D0 state394=88 state395=88
f=331 sl=-01 pc=FAC1 address=2004 value=70 state394=88 state395=88
f=331 sl=-01 pc=FAC1 address=2004 value=06 state394=88 state395=88
f=331 sl=-01 pc=FAC1 address=2004 value=80 state394=88 state395=88
f=331 sl=-01 pc=FAC1 address=2004 value=FE state394=88 state395=88
f=331 sl=-01 pc=FAC1 address=2004 value=2C state394=88 state395=88
f=331 sl=-01 pc=FAC1 address=2004 value=36 state394=88 state395=88
f=331 sl=-01 pc=FAC1 address=2004 value=02 state394=88 state395=88
f=331 sl=-01 pc=FAC1 address=2004 value=A8 state394=88 state395=88
f=331 sl=-01 pc=FAC1 address=2004 value=2C state394=88 state395=88
f=331 sl=-01 pc=FAC1 address=2004 value=2B state394=88 state395=88
f=331 sl=-01 pc=FAC1 address=2004 value=02 state394=88 state395=88
f=331 sl=-01 pc=FAC1 address=2004 value=90 state394=88 state395=88
f=331 sl=-01 pc=FAC1 address=2004 value=F4 state394=88 state395=88
f=331 sl=-01 pc=FAC1 address=2004 value=0D state394=88 state395=88
f=331 sl=-01 pc=FAC1 address=2004 value=00 state394=88 state395=88
f=331 sl=-01 pc=FAC1 address=2004 value=76 state394=88 state395=88
f=331 sl=-01 pc=FAC1 address=2004 value=82 state394=88 state395=88
f=331 sl=-01 pc=FAC1 address=2004 value=24 state394=88 state395=88
f=331 sl=-01 pc=FAC1 address=2004 value=00 state394=88 state395=88
f=331 sl=-01 pc=FAC1 address=2004 value=6E state394=88 state395=88
f=331 sl=-01 pc=FAC1 address=2004 value=2E state394=88 state395=88
f=331 sl=-01 pc=FAC1 address=2004 value=3A state394=88 state395=88
f=331 sl=-01 pc=FAC1 address=2004 value=02 state394=88 state395=88
f=331 sl=-01 pc=FAC1 address=2004 value=B0 state394=88 state395=88
f=331 sl=-01 pc=FAC1 address=2004 value=45 state394=88 state395=88
f=331 sl=-01 pc=FAC1 address=2004 value=2F state394=88 state395=88
f=331 sl=-01 pc=FAC1 address=2004 value=02 state394=88 state395=88
f=331 sl=-01 pc=FAC1 address=2004 value=9F state394=88 state395=88
f=331 sl=-01 pc=FAC1 address=2004 value=F4 state394=88 state395=88
f=331 sl=-01 pc=FAC1 address=2004 value=0A state394=88 state395=88
f=331 sl=-01 pc=FAC1 address=2004 value=C0 state394=88 state395=88
f=331 sl=-01 pc=FAC1 address=2004 value=7E state394=88 state395=88
f=331 sl=-01 pc=FAC1 address=2004 value=8A state394=88 state395=88
f=331 sl=-01 pc=FAC1 address=2004 value=28 state394=88 state395=88
f=331 sl=-01 pc=FAC1 address=2004 value=00 state394=88 state395=88
f=331 sl=-01 pc=FAC1 address=2004 value=76 state394=88 state395=88
f=331 sl=-01 pc=FAC1 address=2004 value=39 state394=88 state395=88
f=331 sl=-01 pc=FAC1 address=2004 value=3E state394=88 state395=88
f=331 sl=-01 pc=FAC1 address=2004 value=02 state394=88 state395=88
f=331 sl=-01 pc=FAC1 address=2004 value=D0 state394=88 state395=88
f=331 sl=-01 pc=FAC1 address=2004 value=56 state394=88 state395=88
f=331 sl=-01 pc=FAC1 address=2004 value=33 state394=88 state395=88
f=331 sl=-01 pc=FAC1 address=2004 value=02 state394=88 state395=88
f=331 sl=-01 pc=FAC1 address=2004 value=A0 state394=88 state395=88
f=331 sl=-01 pc=FAC1 address=2004 value=F4 state394=88 state395=88
f=331 sl=-01 pc=FAC1 address=2004 value=25 state394=88 state395=88
f=331 sl=-01 pc=FAC1 address=2004 value=00 state394=88 state395=88
f=331 sl=-01 pc=FAC1 address=2004 value=65 state394=88 state395=88
f=331 sl=-01 pc=FAC1 address=2004 value=F4 state394=88 state395=88
f=331 sl=-01 pc=FAC1 address=2004 value=0A state394=88 state395=88
f=331 sl=-01 pc=FAC1 address=2004 value=00 state394=88 state395=88
f=331 sl=-01 pc=FAC1 address=2004 value=6E state394=88 state395=88
f=331 sl=-01 pc=FAC1 address=2004 value=7A state394=88 state395=88
f=331 sl=-01 pc=FAC1 address=2004 value=21 state394=88 state395=88
f=331 sl=-01 pc=FAC1 address=2004 value=00 state394=88 state395=88
f=331 sl=-01 pc=FAC1 address=2004 value=6E state394=88 state395=88
f=331 sl=-01 pc=FAC1 address=2004 value=34 state394=88 state395=88
f=331 sl=-01 pc=FAC1 address=2004 value=37 state394=88 state395=88
f=331 sl=-01 pc=FAC1 address=2004 value=02 state394=88 state395=88
f=331 sl=-01 pc=FAC1 address=2004 value=AB state394=88 state395=88
f=331 sl=-01 pc=FAC1 address=2004 value=4C state394=88 state395=88
f=331 sl=-01 pc=FAC1 address=2004 value=2C state394=88 state395=88
f=331 sl=-01 pc=FAC1 address=2004 value=02 state394=88 state395=88
f=331 sl=-01 pc=FAC1 address=2004 value=97 state394=88 state395=88
f=331 sl=-01 pc=FAC1 address=2004 value=F4 state394=88 state395=88
f=331 sl=-01 pc=FAC1 address=2004 value=0A state394=88 state395=88
f=331 sl=-01 pc=FAC1 address=2004 value=40 state394=88 state395=88
f=331 sl=-01 pc=FAC1 address=2004 value=7E state394=88 state395=88
f=331 sl=-01 pc=FAC1 address=2004 value=82 state394=88 state395=88
f=331 sl=-01 pc=FAC1 address=2004 value=25 state394=88 state395=88
f=331 sl=-01 pc=FAC1 address=2004 value=00 state394=88 state395=88
f=331 sl=-01 pc=FAC1 address=2004 value=76 state394=88 state395=88
f=331 sl=-01 pc=FAC1 address=4014 value=02 state394=88 state395=88
f=331 sl=-01 pc=D084 address=2000 value=89 state394=88 state395=88
f=331 sl=-01 pc=FACB address=2001 value=1E state394=88 state395=88
f=331 sl=-01 pc=FA0B address=2000 value=89 state394=88 state395=88
f=331 sl=-01 pc=F900 address=2000 value=88 state394=88 state395=88
f=331 sl=-01 pc=F900 address=2000 value=88 state394=88 state395=88
f=332 sl=-01 pc=FABC address=2003 value=00 state394=88 state395=88
f=332 sl=-01 pc=FAC1 address=2004 value=B7 state394=88 state395=88
f=332 sl=-01 pc=FAC1 address=2004 value=A0 state394=88 state395=88
f=332 sl=-01 pc=FAC1 address=2004 value=01 state394=88 state395=88
f=332 sl=-01 pc=FAC1 address=2004 value=10 state394=88 state395=88
f=332 sl=-01 pc=FAC1 address=2004 value=B7 state394=88 state395=88
f=332 sl=-01 pc=FAC1 address=2004 value=A1 state394=88 state395=88
f=332 sl=-01 pc=FAC1 address=2004 value=01 state394=88 state395=88
f=332 sl=-01 pc=FAC1 address=2004 value=18 state394=88 state395=88
f=332 sl=-01 pc=FAC1 address=2004 value=B7 state394=88 state395=88
f=332 sl=-01 pc=FAC1 address=2004 value=A2 state394=88 state395=88
f=332 sl=-01 pc=FAC1 address=2004 value=01 state394=88 state395=88
f=332 sl=-01 pc=FAC1 address=2004 value=20 state394=88 state395=88
f=332 sl=-01 pc=FAC1 address=2004 value=B7 state394=88 state395=88
f=332 sl=-01 pc=FAC1 address=2004 value=A3 state394=88 state395=88
f=332 sl=-01 pc=FAC1 address=2004 value=01 state394=88 state395=88
f=332 sl=-01 pc=FAC1 address=2004 value=28 state394=88 state395=88
f=332 sl=-01 pc=FAC1 address=2004 value=BF state394=88 state395=88
f=332 sl=-01 pc=FAC1 address=2004 value=A4 state394=88 state395=88
f=332 sl=-01 pc=FAC1 address=2004 value=01 state394=88 state395=88
f=332 sl=-01 pc=FAC1 address=2004 value=10 state394=88 state395=88
f=332 sl=-01 pc=FAC1 address=2004 value=BF state394=88 state395=88
f=332 sl=-01 pc=FAC1 address=2004 value=A5 state394=88 state395=88
f=332 sl=-01 pc=FAC1 address=2004 value=01 state394=88 state395=88
f=332 sl=-01 pc=FAC1 address=2004 value=18 state394=88 state395=88
f=332 sl=-01 pc=FAC1 address=2004 value=BF state394=88 state395=88
f=332 sl=-01 pc=FAC1 address=2004 value=A6 state394=88 state395=88
f=332 sl=-01 pc=FAC1 address=2004 value=01 state394=88 state395=88
f=332 sl=-01 pc=FAC1 address=2004 value=20 state394=88 state395=88
f=332 sl=-01 pc=FAC1 address=2004 value=BF state394=88 state395=88
f=332 sl=-01 pc=FAC1 address=2004 value=A7 state394=88 state395=88
f=332 sl=-01 pc=FAC1 address=2004 value=01 state394=88 state395=88
f=332 sl=-01 pc=FAC1 address=2004 value=28 state394=88 state395=88
f=332 sl=-01 pc=FAC1 address=2004 value=C7 state394=88 state395=88
f=332 sl=-01 pc=FAC1 address=2004 value=A8 state394=88 state395=88
f=332 sl=-01 pc=FAC1 address=2004 value=01 state394=88 state395=88
f=332 sl=-01 pc=FAC1 address=2004 value=10 state394=88 state395=88
f=332 sl=-01 pc=FAC1 address=2004 value=C7 state394=88 state395=88
f=332 sl=-01 pc=FAC1 address=2004 value=A9 state394=88 state395=88
f=332 sl=-01 pc=FAC1 address=2004 value=01 state394=88 state395=88
f=332 sl=-01 pc=FAC1 address=2004 value=18 state394=88 state395=88
f=332 sl=-01 pc=FAC1 address=2004 value=C7 state394=88 state395=88
f=332 sl=-01 pc=FAC1 address=2004 value=AA state394=88 state395=88
f=332 sl=-01 pc=FAC1 address=2004 value=01 state394=88 state395=88
f=332 sl=-01 pc=FAC1 address=2004 value=20 state394=88 state395=88
f=332 sl=-01 pc=FAC1 address=2004 value=C7 state394=88 state395=88
f=332 sl=-01 pc=FAC1 address=2004 value=AB state394=88 state395=88
f=332 sl=-01 pc=FAC1 address=2004 value=01 state394=88 state395=88
f=332 sl=-01 pc=FAC1 address=2004 value=28 state394=88 state395=88
f=332 sl=-01 pc=FAC1 address=2004 value=CF state394=88 state395=88
f=332 sl=-01 pc=FAC1 address=2004 value=AC state394=88 state395=88
f=332 sl=-01 pc=FAC1 address=2004 value=01 state394=88 state395=88
f=332 sl=-01 pc=FAC1 address=2004 value=10 state394=88 state395=88
f=332 sl=-01 pc=FAC1 address=2004 value=CF state394=88 state395=88
f=332 sl=-01 pc=FAC1 address=2004 value=AD state394=88 state395=88
f=332 sl=-01 pc=FAC1 address=2004 value=01 state394=88 state395=88
f=332 sl=-01 pc=FAC1 address=2004 value=18 state394=88 state395=88
f=332 sl=-01 pc=FAC1 address=2004 value=CF state394=88 state395=88
f=332 sl=-01 pc=FAC1 address=2004 value=AE state394=88 state395=88
f=332 sl=-01 pc=FAC1 address=2004 value=01 state394=88 state395=88
f=332 sl=-01 pc=FAC1 address=2004 value=20 state394=88 state395=88
f=332 sl=-01 pc=FAC1 address=2004 value=CF state394=88 state395=88
f=332 sl=-01 pc=FAC1 address=2004 value=AF state394=88 state395=88
f=332 sl=-01 pc=FAC1 address=2004 value=01 state394=88 state395=88
f=332 sl=-01 pc=FAC1 address=2004 value=28 state394=88 state395=88
f=332 sl=-01 pc=FAC1 address=2004 value=2E state394=88 state395=88
f=332 sl=-01 pc=FAC1 address=2004 value=3A state394=88 state395=88
f=332 sl=-01 pc=FAC1 address=2004 value=02 state394=88 state395=88
f=332 sl=-01 pc=FAC1 address=2004 value=B0 state394=88 state395=88
f=332 sl=-01 pc=FAC1 address=2004 value=45 state394=88 state395=88
f=332 sl=-01 pc=FAC1 address=2004 value=2F state394=88 state395=88
f=332 sl=-01 pc=FAC1 address=2004 value=02 state394=88 state395=88
f=332 sl=-01 pc=FAC1 address=2004 value=9F state394=88 state395=88
f=332 sl=-01 pc=FAC1 address=2004 value=F4 state394=88 state395=88
f=332 sl=-01 pc=FAC1 address=2004 value=0A state394=88 state395=88
f=332 sl=-01 pc=FAC1 address=2004 value=80 state394=88 state395=88
f=332 sl=-01 pc=FAC1 address=2004 value=6E state394=88 state395=88
f=332 sl=-01 pc=FAC1 address=2004 value=F4 state394=88 state395=88
f=332 sl=-01 pc=FAC1 address=2004 value=29 state394=88 state395=88
f=332 sl=-01 pc=FAC1 address=2004 value=00 state394=88 state395=88
f=332 sl=-01 pc=FAC1 address=2004 value=7E state394=88 state395=88
f=332 sl=-01 pc=FAC1 address=2004 value=39 state394=88 state395=88
f=332 sl=-01 pc=FAC1 address=2004 value=3E state394=88 state395=88
f=332 sl=-01 pc=FAC1 address=2004 value=02 state394=88 state395=88
f=332 sl=-01 pc=FAC1 address=2004 value=D0 state394=88 state395=88
f=332 sl=-01 pc=FAC1 address=2004 value=56 state394=88 state395=88
f=332 sl=-01 pc=FAC1 address=2004 value=33 state394=88 state395=88
f=332 sl=-01 pc=FAC1 address=2004 value=02 state394=88 state395=88
f=332 sl=-01 pc=FAC1 address=2004 value=A0 state394=88 state395=88
f=332 sl=-01 pc=FAC1 address=2004 value=F4 state394=88 state395=88
f=332 sl=-01 pc=FAC1 address=2004 value=2A state394=88 state395=88
f=332 sl=-01 pc=FAC1 address=2004 value=02 state394=88 state395=88
f=332 sl=-01 pc=FAC1 address=2004 value=8C state394=88 state395=88
f=332 sl=-01 pc=FAC1 address=2004 value=F4 state394=88 state395=88
f=332 sl=-01 pc=FAC1 address=2004 value=0B state394=88 state395=88
f=332 sl=-01 pc=FAC1 address=2004 value=00 state394=88 state395=88
f=332 sl=-01 pc=FAC1 address=2004 value=76 state394=88 state395=88
f=332 sl=-01 pc=FAC1 address=2004 value=42 state394=88 state395=88
f=332 sl=-01 pc=FAC1 address=2004 value=0E state394=88 state395=88
f=332 sl=-01 pc=FAC1 address=2004 value=00 state394=88 state395=88
f=332 sl=-01 pc=FAC1 address=2004 value=B8 state394=88 state395=88
f=332 sl=-01 pc=FAC1 address=2004 value=34 state394=88 state395=88
f=332 sl=-01 pc=FAC1 address=2004 value=37 state394=88 state395=88
f=332 sl=-01 pc=FAC1 address=2004 value=02 state394=88 state395=88
f=332 sl=-01 pc=FAC1 address=2004 value=AB state394=88 state395=88
f=332 sl=-01 pc=FAC1 address=2004 value=4C state394=88 state395=88
f=332 sl=-01 pc=FAC1 address=2004 value=2C state394=88 state395=88
f=332 sl=-01 pc=FAC1 address=2004 value=02 state394=88 state395=88
f=332 sl=-01 pc=FAC1 address=2004 value=97 state394=88 state395=88
f=332 sl=-01 pc=FAC1 address=2004 value=F4 state394=88 state395=88
f=332 sl=-01 pc=FAC1 address=2004 value=0B state394=88 state395=88
f=332 sl=-01 pc=FAC1 address=2004 value=80 state394=88 state395=88
f=332 sl=-01 pc=FAC1 address=2004 value=76 state394=88 state395=88
f=332 sl=-01 pc=FAC1 address=2004 value=7E state394=88 state395=88
f=332 sl=-01 pc=FAC1 address=2004 value=10 state394=88 state395=88
f=332 sl=-01 pc=FAC1 address=2004 value=C0 state394=88 state395=88
f=332 sl=-01 pc=FAC1 address=2004 value=A5 state394=88 state395=88
f=332 sl=-01 pc=FAC1 address=2004 value=37 state394=88 state395=88
f=332 sl=-01 pc=FAC1 address=2004 value=3B state394=88 state395=88
f=332 sl=-01 pc=FAC1 address=2004 value=02 state394=88 state395=88
f=332 sl=-01 pc=FAC1 address=2004 value=C6 state394=88 state395=88
f=332 sl=-01 pc=FAC1 address=2004 value=4D state394=88 state395=88
f=332 sl=-01 pc=FAC1 address=2004 value=30 state394=88 state395=88
f=332 sl=-01 pc=FAC1 address=2004 value=02 state394=88 state395=88
f=332 sl=-01 pc=FAC1 address=2004 value=9F state394=88 state395=88
f=332 sl=-01 pc=FAC1 address=2004 value=F4 state394=88 state395=88
f=332 sl=-01 pc=FAC1 address=2004 value=0E state394=88 state395=88
f=332 sl=-01 pc=FAC1 address=2004 value=00 state394=88 state395=88
f=332 sl=-01 pc=FAC1 address=2004 value=A1 state394=88 state395=88
f=332 sl=-01 pc=FAC1 address=2004 value=F4 state394=88 state395=88
f=332 sl=-01 pc=FAC1 address=2004 value=0F state394=88 state395=88
f=332 sl=-01 pc=FAC1 address=2004 value=00 state394=88 state395=88
f=332 sl=-01 pc=FAC1 address=2004 value=A1 state394=88 state395=88
f=332 sl=-01 pc=FAC1 address=2004 value=60 state394=88 state395=88
f=332 sl=-01 pc=FAC1 address=2004 value=0A state394=88 state395=88
f=332 sl=-01 pc=FAC1 address=2004 value=00 state394=88 state395=88
f=332 sl=-01 pc=FAC1 address=2004 value=FE state394=88 state395=88
f=332 sl=-01 pc=FAC1 address=2004 value=3C state394=88 state395=88
f=332 sl=-01 pc=FAC1 address=2004 value=34 state394=88 state395=88
f=332 sl=-01 pc=FAC1 address=2004 value=02 state394=88 state395=88
f=332 sl=-01 pc=FAC1 address=2004 value=A3 state394=88 state395=88
f=332 sl=-01 pc=FAC1 address=2004 value=F4 state394=88 state395=88
f=332 sl=-01 pc=FAC1 address=2004 value=2A state394=88 state395=88
f=332 sl=-01 pc=FAC1 address=2004 value=02 state394=88 state395=88
f=332 sl=-01 pc=FAC1 address=2004 value=8C state394=88 state395=88
f=332 sl=-01 pc=FAC1 address=2004 value=F4 state394=88 state395=88
f=332 sl=-01 pc=FAC1 address=2004 value=0C state394=88 state395=88
f=332 sl=-01 pc=FAC1 address=2004 value=00 state394=88 state395=88
f=332 sl=-01 pc=FAC1 address=2004 value=6E state394=88 state395=88
f=332 sl=-01 pc=FAC1 address=2004 value=76 state394=88 state395=88
f=332 sl=-01 pc=FAC1 address=2004 value=10 state394=88 state395=88
f=332 sl=-01 pc=FAC1 address=2004 value=00 state394=88 state395=88
f=332 sl=-01 pc=FAC1 address=2004 value=9D state394=88 state395=88
f=332 sl=-01 pc=FAC1 address=2004 value=3C state394=88 state395=88
f=332 sl=-01 pc=FAC1 address=2004 value=38 state394=88 state395=88
f=332 sl=-01 pc=FAC1 address=2004 value=02 state394=88 state395=88
f=332 sl=-01 pc=FAC1 address=2004 value=AB state394=88 state395=88
f=332 sl=-01 pc=FAC1 address=2004 value=29 state394=88 state395=88
f=332 sl=-01 pc=FAC1 address=2004 value=2D state394=88 state395=88
f=332 sl=-01 pc=FAC1 address=2004 value=02 state394=88 state395=88
f=332 sl=-01 pc=FAC1 address=2004 value=98 state394=88 state395=88
f=332 sl=-01 pc=FAC1 address=2004 value=F4 state394=88 state395=88
f=332 sl=-01 pc=FAC1 address=2004 value=0C state394=88 state395=88
f=332 sl=-01 pc=FAC1 address=2004 value=40 state394=88 state395=88
f=332 sl=-01 pc=FAC1 address=2004 value=7E state394=88 state395=88
f=332 sl=-01 pc=FAC1 address=2004 value=F4 state394=88 state395=88
f=332 sl=-01 pc=FAC1 address=2004 value=27 state394=88 state395=88
f=332 sl=-01 pc=FAC1 address=2004 value=00 state394=88 state395=88
f=332 sl=-01 pc=FAC1 address=2004 value=6E state394=88 state395=88
f=332 sl=-01 pc=FAC1 address=2004 value=38 state394=88 state395=88
f=332 sl=-01 pc=FAC1 address=2004 value=3C state394=88 state395=88
f=332 sl=-01 pc=FAC1 address=2004 value=02 state394=88 state395=88
f=332 sl=-01 pc=FAC1 address=2004 value=C7 state394=88 state395=88
f=332 sl=-01 pc=FAC1 address=2004 value=2A state394=88 state395=88
f=332 sl=-01 pc=FAC1 address=2004 value=31 state394=88 state395=88
f=332 sl=-01 pc=FAC1 address=2004 value=02 state394=88 state395=88
f=332 sl=-01 pc=FAC1 address=2004 value=A0 state394=88 state395=88
f=332 sl=-01 pc=FAC1 address=2004 value=F4 state394=88 state395=88
f=332 sl=-01 pc=FAC1 address=2004 value=24 state394=88 state395=88
f=332 sl=-01 pc=FAC1 address=2004 value=00 state394=88 state395=88
f=332 sl=-01 pc=FAC1 address=2004 value=5D state394=88 state395=88
f=332 sl=-01 pc=FAC1 address=2004 value=F4 state394=88 state395=88
f=332 sl=-01 pc=FAC1 address=2004 value=3E state394=88 state395=88
f=332 sl=-01 pc=FAC1 address=2004 value=02 state394=88 state395=88
f=332 sl=-01 pc=FAC1 address=2004 value=D0 state394=88 state395=88
f=332 sl=-01 pc=FAC1 address=2004 value=68 state394=88 state395=88
f=332 sl=-01 pc=FAC1 address=2004 value=0C state394=88 state395=88
f=332 sl=-01 pc=FAC1 address=2004 value=00 state394=88 state395=88
f=332 sl=-01 pc=FAC1 address=2004 value=FE state394=88 state395=88
f=332 sl=-01 pc=FAC1 address=2004 value=44 state394=88 state395=88
f=332 sl=-01 pc=FAC1 address=2004 value=35 state394=88 state395=88
f=332 sl=-01 pc=FAC1 address=2004 value=02 state394=88 state395=88
f=332 sl=-01 pc=FAC1 address=2004 value=A3 state394=88 state395=88
f=332 sl=-01 pc=FAC1 address=2004 value=3B state394=88 state395=88
f=332 sl=-01 pc=FAC1 address=2004 value=2A state394=88 state395=88
f=332 sl=-01 pc=FAC1 address=2004 value=02 state394=88 state395=88
f=332 sl=-01 pc=FAC1 address=2004 value=8C state394=88 state395=88
f=332 sl=-01 pc=FAC1 address=2004 value=F4 state394=88 state395=88
f=332 sl=-01 pc=FAC1 address=2004 value=0D state394=88 state395=88
f=332 sl=-01 pc=FAC1 address=2004 value=00 state394=88 state395=88
f=332 sl=-01 pc=FAC1 address=2004 value=76 state394=88 state395=88
f=332 sl=-01 pc=FAC1 address=2004 value=76 state394=88 state395=88
f=332 sl=-01 pc=FAC1 address=2004 value=10 state394=88 state395=88
f=332 sl=-01 pc=FAC1 address=2004 value=40 state394=88 state395=88
f=332 sl=-01 pc=FAC1 address=2004 value=A5 state394=88 state395=88
f=332 sl=-01 pc=FAC1 address=2004 value=4C state394=88 state395=88
f=332 sl=-01 pc=FAC1 address=2004 value=39 state394=88 state395=88
f=332 sl=-01 pc=FAC1 address=2004 value=02 state394=88 state395=88
f=332 sl=-01 pc=FAC1 address=2004 value=AB state394=88 state395=88
f=332 sl=-01 pc=FAC1 address=2004 value=31 state394=88 state395=88
f=332 sl=-01 pc=FAC1 address=2004 value=2E state394=88 state395=88
f=332 sl=-01 pc=FAC1 address=2004 value=02 state394=88 state395=88
f=332 sl=-01 pc=FAC1 address=2004 value=98 state394=88 state395=88
f=332 sl=-01 pc=FAC1 address=2004 value=F4 state394=88 state395=88
f=332 sl=-01 pc=FAC1 address=2004 value=0A state394=88 state395=88
f=332 sl=-01 pc=FAC1 address=2004 value=C0 state394=88 state395=88
f=332 sl=-01 pc=FAC1 address=2004 value=7E state394=88 state395=88
f=332 sl=-01 pc=FAC1 address=2004 value=F4 state394=88 state395=88
f=332 sl=-01 pc=FAC1 address=2004 value=28 state394=88 state395=88
f=332 sl=-01 pc=FAC1 address=2004 value=00 state394=88 state395=88
f=332 sl=-01 pc=FAC1 address=2004 value=76 state394=88 state395=88
f=332 sl=-01 pc=FAC1 address=2004 value=39 state394=88 state395=88
f=332 sl=-01 pc=FAC1 address=2004 value=3D state394=88 state395=88
f=332 sl=-01 pc=FAC1 address=2004 value=02 state394=88 state395=88
f=332 sl=-01 pc=FAC1 address=2004 value=C8 state394=88 state395=88
f=332 sl=-01 pc=FAC1 address=2004 value=32 state394=88 state395=88
f=332 sl=-01 pc=FAC1 address=2004 value=32 state394=88 state395=88
f=332 sl=-01 pc=FAC1 address=2004 value=02 state394=88 state395=88
f=332 sl=-01 pc=FAC1 address=2004 value=A0 state394=88 state395=88
f=332 sl=-01 pc=FAC1 address=2004 value=F4 state394=88 state395=88
f=332 sl=-01 pc=FAC1 address=2004 value=25 state394=88 state395=88
f=332 sl=-01 pc=FAC1 address=2004 value=00 state394=88 state395=88
f=332 sl=-01 pc=FAC1 address=2004 value=65 state394=88 state395=88
f=332 sl=-01 pc=FAC1 address=2004 value=F4 state394=88 state395=88
f=332 sl=-01 pc=FAC1 address=2004 value=0A state394=88 state395=88
f=332 sl=-01 pc=FAC1 address=2004 value=00 state394=88 state395=88
f=332 sl=-01 pc=FAC1 address=2004 value=6E state394=88 state395=88
f=332 sl=-01 pc=FAC1 address=2004 value=70 state394=88 state395=88
f=332 sl=-01 pc=FAC1 address=2004 value=0A state394=88 state395=88
f=332 sl=-01 pc=FAC1 address=2004 value=80 state394=88 state395=88
f=332 sl=-01 pc=FAC1 address=2004 value=FE state394=88 state395=88
f=332 sl=-01 pc=FAC1 address=2004 value=2C state394=88 state395=88
f=332 sl=-01 pc=FAC1 address=2004 value=36 state394=88 state395=88
f=332 sl=-01 pc=FAC1 address=2004 value=02 state394=88 state395=88
f=332 sl=-01 pc=FAC1 address=2004 value=A8 state394=88 state395=88
f=332 sl=-01 pc=FAC1 address=2004 value=2C state394=88 state395=88
f=332 sl=-01 pc=FAC1 address=2004 value=2B state394=88 state395=88
f=332 sl=-01 pc=FAC1 address=2004 value=02 state394=88 state395=88
f=332 sl=-01 pc=FAC1 address=2004 value=90 state394=88 state395=88
f=332 sl=-01 pc=FAC1 address=2004 value=F4 state394=88 state395=88
f=332 sl=-01 pc=FAC1 address=2004 value=0A state394=88 state395=88
f=332 sl=-01 pc=FAC1 address=2004 value=40 state394=88 state395=88
f=332 sl=-01 pc=FAC1 address=2004 value=7E state394=88 state395=88
f=332 sl=-01 pc=FAC1 address=2004 value=7E state394=88 state395=88
f=332 sl=-01 pc=FAC1 address=2004 value=10 state394=88 state395=88
f=332 sl=-01 pc=FAC1 address=2004 value=80 state394=88 state395=88
f=332 sl=-01 pc=FAC1 address=2004 value=9D state394=88 state395=88
f=332 sl=-01 pc=FAC1 address=4014 value=02 state394=88 state395=88
f=332 sl=-01 pc=D084 address=2000 value=89 state394=88 state395=88
f=332 sl=-01 pc=FACB address=2001 value=1E state394=88 state395=88
f=332 sl=-01 pc=FA0B address=2000 value=89 state394=88 state395=88
f=332 sl=-01 pc=F900 address=2000 value=88 state394=88 state395=88
f=332 sl=-01 pc=F900 address=2000 value=88 state394=88 state395=88
f=333 sl=-01 pc=FABC address=2003 value=00 state394=88 state395=88
f=333 sl=-01 pc=FAC1 address=2004 value=B7 state394=88 state395=88
f=333 sl=-01 pc=FAC1 address=2004 value=A0 state394=88 state395=88
f=333 sl=-01 pc=FAC1 address=2004 value=01 state394=88 state395=88
f=333 sl=-01 pc=FAC1 address=2004 value=10 state394=88 state395=88
f=333 sl=-01 pc=FAC1 address=2004 value=B7 state394=88 state395=88
f=333 sl=-01 pc=FAC1 address=2004 value=A1 state394=88 state395=88
f=333 sl=-01 pc=FAC1 address=2004 value=01 state394=88 state395=88
f=333 sl=-01 pc=FAC1 address=2004 value=18 state394=88 state395=88
f=333 sl=-01 pc=FAC1 address=2004 value=B7 state394=88 state395=88
f=333 sl=-01 pc=FAC1 address=2004 value=A2 state394=88 state395=88
f=333 sl=-01 pc=FAC1 address=2004 value=01 state394=88 state395=88
f=333 sl=-01 pc=FAC1 address=2004 value=20 state394=88 state395=88
f=333 sl=-01 pc=FAC1 address=2004 value=B7 state394=88 state395=88
f=333 sl=-01 pc=FAC1 address=2004 value=A3 state394=88 state395=88
f=333 sl=-01 pc=FAC1 address=2004 value=01 state394=88 state395=88
f=333 sl=-01 pc=FAC1 address=2004 value=28 state394=88 state395=88
f=333 sl=-01 pc=FAC1 address=2004 value=BF state394=88 state395=88
f=333 sl=-01 pc=FAC1 address=2004 value=A4 state394=88 state395=88
f=333 sl=-01 pc=FAC1 address=2004 value=01 state394=88 state395=88
f=333 sl=-01 pc=FAC1 address=2004 value=10 state394=88 state395=88
f=333 sl=-01 pc=FAC1 address=2004 value=BF state394=88 state395=88
f=333 sl=-01 pc=FAC1 address=2004 value=A5 state394=88 state395=88
f=333 sl=-01 pc=FAC1 address=2004 value=01 state394=88 state395=88
f=333 sl=-01 pc=FAC1 address=2004 value=18 state394=88 state395=88
f=333 sl=-01 pc=FAC1 address=2004 value=BF state394=88 state395=88
f=333 sl=-01 pc=FAC1 address=2004 value=A6 state394=88 state395=88
f=333 sl=-01 pc=FAC1 address=2004 value=01 state394=88 state395=88
f=333 sl=-01 pc=FAC1 address=2004 value=20 state394=88 state395=88
f=333 sl=-01 pc=FAC1 address=2004 value=BF state394=88 state395=88
f=333 sl=-01 pc=FAC1 address=2004 value=A7 state394=88 state395=88
f=333 sl=-01 pc=FAC1 address=2004 value=01 state394=88 state395=88
f=333 sl=-01 pc=FAC1 address=2004 value=28 state394=88 state395=88
f=333 sl=-01 pc=FAC1 address=2004 value=C7 state394=88 state395=88
f=333 sl=-01 pc=FAC1 address=2004 value=A8 state394=88 state395=88
f=333 sl=-01 pc=FAC1 address=2004 value=01 state394=88 state395=88
f=333 sl=-01 pc=FAC1 address=2004 value=10 state394=88 state395=88
f=333 sl=-01 pc=FAC1 address=2004 value=C7 state394=88 state395=88
f=333 sl=-01 pc=FAC1 address=2004 value=A9 state394=88 state395=88
f=333 sl=-01 pc=FAC1 address=2004 value=01 state394=88 state395=88
f=333 sl=-01 pc=FAC1 address=2004 value=18 state394=88 state395=88
f=333 sl=-01 pc=FAC1 address=2004 value=C7 state394=88 state395=88
f=333 sl=-01 pc=FAC1 address=2004 value=AA state394=88 state395=88
f=333 sl=-01 pc=FAC1 address=2004 value=01 state394=88 state395=88
f=333 sl=-01 pc=FAC1 address=2004 value=20 state394=88 state395=88
f=333 sl=-01 pc=FAC1 address=2004 value=C7 state394=88 state395=88
f=333 sl=-01 pc=FAC1 address=2004 value=AB state394=88 state395=88
f=333 sl=-01 pc=FAC1 address=2004 value=01 state394=88 state395=88
f=333 sl=-01 pc=FAC1 address=2004 value=28 state394=88 state395=88
f=333 sl=-01 pc=FAC1 address=2004 value=CF state394=88 state395=88
f=333 sl=-01 pc=FAC1 address=2004 value=AC state394=88 state395=88
f=333 sl=-01 pc=FAC1 address=2004 value=01 state394=88 state395=88
f=333 sl=-01 pc=FAC1 address=2004 value=10 state394=88 state395=88
f=333 sl=-01 pc=FAC1 address=2004 value=CF state394=88 state395=88
f=333 sl=-01 pc=FAC1 address=2004 value=AD state394=88 state395=88
f=333 sl=-01 pc=FAC1 address=2004 value=01 state394=88 state395=88
f=333 sl=-01 pc=FAC1 address=2004 value=18 state394=88 state395=88
f=333 sl=-01 pc=FAC1 address=2004 value=CF state394=88 state395=88
f=333 sl=-01 pc=FAC1 address=2004 value=AE state394=88 state395=88
f=333 sl=-01 pc=FAC1 address=2004 value=01 state394=88 state395=88
f=333 sl=-01 pc=FAC1 address=2004 value=20 state394=88 state395=88
f=333 sl=-01 pc=FAC1 address=2004 value=CF state394=88 state395=88
f=333 sl=-01 pc=FAC1 address=2004 value=AF state394=88 state395=88
f=333 sl=-01 pc=FAC1 address=2004 value=01 state394=88 state395=88
f=333 sl=-01 pc=FAC1 address=2004 value=28 state394=88 state395=88
f=333 sl=-01 pc=FAC1 address=2004 value=4C state394=88 state395=88
f=333 sl=-01 pc=FAC1 address=2004 value=39 state394=88 state395=88
f=333 sl=-01 pc=FAC1 address=2004 value=02 state394=88 state395=88
f=333 sl=-01 pc=FAC1 address=2004 value=AB state394=88 state395=88
f=333 sl=-01 pc=FAC1 address=2004 value=31 state394=88 state395=88
f=333 sl=-01 pc=FAC1 address=2004 value=2E state394=88 state395=88
f=333 sl=-01 pc=FAC1 address=2004 value=02 state394=88 state395=88
f=333 sl=-01 pc=FAC1 address=2004 value=98 state394=88 state395=88
f=333 sl=-01 pc=FAC1 address=2004 value=F4 state394=88 state395=88
f=333 sl=-01 pc=FAC1 address=2004 value=0A state394=88 state395=88
f=333 sl=-01 pc=FAC1 address=2004 value=80 state394=88 state395=88
f=333 sl=-01 pc=FAC1 address=2004 value=6E state394=88 state395=88
f=333 sl=-01 pc=FAC1 address=2004 value=F4 state394=88 state395=88
f=333 sl=-01 pc=FAC1 address=2004 value=29 state394=88 state395=88
f=333 sl=-01 pc=FAC1 address=2004 value=00 state394=88 state395=88
f=333 sl=-01 pc=FAC1 address=2004 value=7E state394=88 state395=88
f=333 sl=-01 pc=FAC1 address=2004 value=39 state394=88 state395=88
f=333 sl=-01 pc=FAC1 address=2004 value=3D state394=88 state395=88
f=333 sl=-01 pc=FAC1 address=2004 value=02 state394=88 state395=88
f=333 sl=-01 pc=FAC1 address=2004 value=C8 state394=88 state395=88
f=333 sl=-01 pc=FAC1 address=2004 value=32 state394=88 state395=88
f=333 sl=-01 pc=FAC1 address=2004 value=32 state394=88 state395=88
f=333 sl=-01 pc=FAC1 address=2004 value=02 state394=88 state395=88
f=333 sl=-01 pc=FAC1 address=2004 value=A0 state394=88 state395=88
f=333 sl=-01 pc=FAC1 address=2004 value=F4 state394=88 state395=88
f=333 sl=-01 pc=FAC1 address=2004 value=2A state394=88 state395=88
f=333 sl=-01 pc=FAC1 address=2004 value=02 state394=88 state395=88
f=333 sl=-01 pc=FAC1 address=2004 value=8C state394=88 state395=88
f=333 sl=-01 pc=FAC1 address=2004 value=F4 state394=88 state395=88
f=333 sl=-01 pc=FAC1 address=2004 value=0B state394=88 state395=88
f=333 sl=-01 pc=FAC1 address=2004 value=00 state394=88 state395=88
f=333 sl=-01 pc=FAC1 address=2004 value=76 state394=88 state395=88
f=333 sl=-01 pc=FAC1 address=2004 value=70 state394=88 state395=88
f=333 sl=-01 pc=FAC1 address=2004 value=0A state394=88 state395=88
f=333 sl=-01 pc=FAC1 address=2004 value=80 state394=88 state395=88
f=333 sl=-01 pc=FAC1 address=2004 value=FE state394=88 state395=88
f=333 sl=-01 pc=FAC1 address=2004 value=2C state394=88 state395=88
f=333 sl=-01 pc=FAC1 address=2004 value=36 state394=88 state395=88
f=333 sl=-01 pc=FAC1 address=2004 value=02 state394=88 state395=88
f=333 sl=-01 pc=FAC1 address=2004 value=A8 state394=88 state395=88
f=333 sl=-01 pc=FAC1 address=2004 value=2C state394=88 state395=88
f=333 sl=-01 pc=FAC1 address=2004 value=2B state394=88 state395=88
f=333 sl=-01 pc=FAC1 address=2004 value=02 state394=88 state395=88
f=333 sl=-01 pc=FAC1 address=2004 value=90 state394=88 state395=88
f=333 sl=-01 pc=FAC1 address=2004 value=F4 state394=88 state395=88
f=333 sl=-01 pc=FAC1 address=2004 value=0B state394=88 state395=88
f=333 sl=-01 pc=FAC1 address=2004 value=80 state394=88 state395=88
f=333 sl=-01 pc=FAC1 address=2004 value=76 state394=88 state395=88
f=333 sl=-01 pc=FAC1 address=2004 value=7E state394=88 state395=88
f=333 sl=-01 pc=FAC1 address=2004 value=10 state394=88 state395=88
f=333 sl=-01 pc=FAC1 address=2004 value=80 state394=88 state395=88
f=333 sl=-01 pc=FAC1 address=2004 value=9D state394=88 state395=88
f=333 sl=-01 pc=FAC1 address=2004 value=2E state394=88 state395=88
f=333 sl=-01 pc=FAC1 address=2004 value=3A state394=88 state395=88
f=333 sl=-01 pc=FAC1 address=2004 value=02 state394=88 state395=88
f=333 sl=-01 pc=FAC1 address=2004 value=B0 state394=88 state395=88
f=333 sl=-01 pc=FAC1 address=2004 value=45 state394=88 state395=88
f=333 sl=-01 pc=FAC1 address=2004 value=2F state394=88 state395=88
f=333 sl=-01 pc=FAC1 address=2004 value=02 state394=88 state395=88
f=333 sl=-01 pc=FAC1 address=2004 value=9F state394=88 state395=88
f=333 sl=-01 pc=FAC1 address=2004 value=F4 state394=88 state395=88
f=333 sl=-01 pc=FAC1 address=2004 value=0E state394=88 state395=88
f=333 sl=-01 pc=FAC1 address=2004 value=00 state394=88 state395=88
f=333 sl=-01 pc=FAC1 address=2004 value=A1 state394=88 state395=88
f=333 sl=-01 pc=FAC1 address=2004 value=F4 state394=88 state395=88
f=333 sl=-01 pc=FAC1 address=2004 value=0F state394=88 state395=88
f=333 sl=-01 pc=FAC1 address=2004 value=00 state394=88 state395=88
f=333 sl=-01 pc=FAC1 address=2004 value=A1 state394=88 state395=88
f=333 sl=-01 pc=FAC1 address=2004 value=39 state394=88 state395=88
f=333 sl=-01 pc=FAC1 address=2004 value=3E state394=88 state395=88
f=333 sl=-01 pc=FAC1 address=2004 value=02 state394=88 state395=88
f=333 sl=-01 pc=FAC1 address=2004 value=D0 state394=88 state395=88
f=333 sl=-01 pc=FAC1 address=2004 value=56 state394=88 state395=88
f=333 sl=-01 pc=FAC1 address=2004 value=33 state394=88 state395=88
f=333 sl=-01 pc=FAC1 address=2004 value=02 state394=88 state395=88
f=333 sl=-01 pc=FAC1 address=2004 value=A0 state394=88 state395=88
f=333 sl=-01 pc=FAC1 address=2004 value=F4 state394=88 state395=88
f=333 sl=-01 pc=FAC1 address=2004 value=2A state394=88 state395=88
f=333 sl=-01 pc=FAC1 address=2004 value=02 state394=88 state395=88
f=333 sl=-01 pc=FAC1 address=2004 value=8C state394=88 state395=88
f=333 sl=-01 pc=FAC1 address=2004 value=F4 state394=88 state395=88
f=333 sl=-01 pc=FAC1 address=2004 value=0C state394=88 state395=88
f=333 sl=-01 pc=FAC1 address=2004 value=00 state394=88 state395=88
f=333 sl=-01 pc=FAC1 address=2004 value=6E state394=88 state395=88
f=333 sl=-01 pc=FAC1 address=2004 value=42 state394=88 state395=88
f=333 sl=-01 pc=FAC1 address=2004 value=0E state394=88 state395=88
f=333 sl=-01 pc=FAC1 address=2004 value=00 state394=88 state395=88
f=333 sl=-01 pc=FAC1 address=2004 value=B8 state394=88 state395=88
f=333 sl=-01 pc=FAC1 address=2004 value=34 state394=88 state395=88
f=333 sl=-01 pc=FAC1 address=2004 value=37 state394=88 state395=88
f=333 sl=-01 pc=FAC1 address=2004 value=02 state394=88 state395=88
f=333 sl=-01 pc=FAC1 address=2004 value=AB state394=88 state395=88
f=333 sl=-01 pc=FAC1 address=2004 value=4C state394=88 state395=88
f=333 sl=-01 pc=FAC1 address=2004 value=2C state394=88 state395=88
f=333 sl=-01 pc=FAC1 address=2004 value=02 state394=88 state395=88
f=333 sl=-01 pc=FAC1 address=2004 value=97 state394=88 state395=88
f=333 sl=-01 pc=FAC1 address=2004 value=F4 state394=88 state395=88
f=333 sl=-01 pc=FAC1 address=2004 value=0C state394=88 state395=88
f=333 sl=-01 pc=FAC1 address=2004 value=40 state394=88 state395=88
f=333 sl=-01 pc=FAC1 address=2004 value=7E state394=88 state395=88
f=333 sl=-01 pc=FAC1 address=2004 value=7E state394=88 state395=88
f=333 sl=-01 pc=FAC1 address=2004 value=10 state394=88 state395=88
f=333 sl=-01 pc=FAC1 address=2004 value=C0 state394=88 state395=88
f=333 sl=-01 pc=FAC1 address=2004 value=A5 state394=88 state395=88
f=333 sl=-01 pc=FAC1 address=2004 value=37 state394=88 state395=88
f=333 sl=-01 pc=FAC1 address=2004 value=3B state394=88 state395=88
f=333 sl=-01 pc=FAC1 address=2004 value=02 state394=88 state395=88
f=333 sl=-01 pc=FAC1 address=2004 value=C6 state394=88 state395=88
f=333 sl=-01 pc=FAC1 address=2004 value=4D state394=88 state395=88
f=333 sl=-01 pc=FAC1 address=2004 value=30 state394=88 state395=88
f=333 sl=-01 pc=FAC1 address=2004 value=02 state394=88 state395=88
f=333 sl=-01 pc=FAC1 address=2004 value=9F state394=88 state395=88
f=333 sl=-01 pc=FAC1 address=2004 value=F4 state394=88 state395=88
f=333 sl=-01 pc=FAC1 address=2004 value=24 state394=88 state395=88
f=333 sl=-01 pc=FAC1 address=2004 value=00 state394=88 state395=88
f=333 sl=-01 pc=FAC1 address=2004 value=5D state394=88 state395=88
f=333 sl=-01 pc=FAC1 address=2004 value=F4 state394=88 state395=88
f=333 sl=-01 pc=FAC1 address=2004 value=3E state394=88 state395=88
f=333 sl=-01 pc=FAC1 address=2004 value=02 state394=88 state395=88
f=333 sl=-01 pc=FAC1 address=2004 value=D0 state394=88 state395=88
f=333 sl=-01 pc=FAC1 address=2004 value=60 state394=88 state395=88
f=333 sl=-01 pc=FAC1 address=2004 value=0A state394=88 state395=88
f=333 sl=-01 pc=FAC1 address=2004 value=00 state394=88 state395=88
f=333 sl=-01 pc=FAC1 address=2004 value=FE state394=88 state395=88
f=333 sl=-01 pc=FAC1 address=2004 value=3C state394=88 state395=88
f=333 sl=-01 pc=FAC1 address=2004 value=34 state394=88 state395=88
f=333 sl=-01 pc=FAC1 address=2004 value=02 state394=88 state395=88
f=333 sl=-01 pc=FAC1 address=2004 value=A3 state394=88 state395=88
f=333 sl=-01 pc=FAC1 address=2004 value=F4 state394=88 state395=88
f=333 sl=-01 pc=FAC1 address=2004 value=2A state394=88 state395=88
f=333 sl=-01 pc=FAC1 address=2004 value=02 state394=88 state395=88
f=333 sl=-01 pc=FAC1 address=2004 value=8C state394=88 state395=88
f=333 sl=-01 pc=FAC1 address=2004 value=F4 state394=88 state395=88
f=333 sl=-01 pc=FAC1 address=2004 value=0D state394=88 state395=88
f=333 sl=-01 pc=FAC1 address=2004 value=00 state394=88 state395=88
f=333 sl=-01 pc=FAC1 address=2004 value=76 state394=88 state395=88
f=333 sl=-01 pc=FAC1 address=2004 value=76 state394=88 state395=88
f=333 sl=-01 pc=FAC1 address=2004 value=10 state394=88 state395=88
f=333 sl=-01 pc=FAC1 address=2004 value=00 state394=88 state395=88
f=333 sl=-01 pc=FAC1 address=2004 value=9D state394=88 state395=88
f=333 sl=-01 pc=FAC1 address=2004 value=3C state394=88 state395=88
f=333 sl=-01 pc=FAC1 address=2004 value=38 state394=88 state395=88
f=333 sl=-01 pc=FAC1 address=2004 value=02 state394=88 state395=88
f=333 sl=-01 pc=FAC1 address=2004 value=AB state394=88 state395=88
f=333 sl=-01 pc=FAC1 address=2004 value=29 state394=88 state395=88
f=333 sl=-01 pc=FAC1 address=2004 value=2D state394=88 state395=88
f=333 sl=-01 pc=FAC1 address=2004 value=02 state394=88 state395=88
f=333 sl=-01 pc=FAC1 address=2004 value=98 state394=88 state395=88
f=333 sl=-01 pc=FAC1 address=2004 value=F4 state394=88 state395=88
f=333 sl=-01 pc=FAC1 address=2004 value=0A state394=88 state395=88
f=333 sl=-01 pc=FAC1 address=2004 value=C0 state394=88 state395=88
f=333 sl=-01 pc=FAC1 address=2004 value=7E state394=88 state395=88
f=333 sl=-01 pc=FAC1 address=2004 value=F4 state394=88 state395=88
f=333 sl=-01 pc=FAC1 address=2004 value=28 state394=88 state395=88
f=333 sl=-01 pc=FAC1 address=2004 value=00 state394=88 state395=88
f=333 sl=-01 pc=FAC1 address=2004 value=76 state394=88 state395=88
f=333 sl=-01 pc=FAC1 address=2004 value=38 state394=88 state395=88
f=333 sl=-01 pc=FAC1 address=2004 value=3C state394=88 state395=88
f=333 sl=-01 pc=FAC1 address=2004 value=02 state394=88 state395=88
f=333 sl=-01 pc=FAC1 address=2004 value=C7 state394=88 state395=88
f=333 sl=-01 pc=FAC1 address=2004 value=2A state394=88 state395=88
f=333 sl=-01 pc=FAC1 address=2004 value=31 state394=88 state395=88
f=333 sl=-01 pc=FAC1 address=2004 value=02 state394=88 state395=88
f=333 sl=-01 pc=FAC1 address=2004 value=A0 state394=88 state395=88
f=333 sl=-01 pc=FAC1 address=2004 value=F4 state394=88 state395=88
f=333 sl=-01 pc=FAC1 address=2004 value=25 state394=88 state395=88
f=333 sl=-01 pc=FAC1 address=2004 value=00 state394=88 state395=88
f=333 sl=-01 pc=FAC1 address=2004 value=65 state394=88 state395=88
f=333 sl=-01 pc=FAC1 address=2004 value=F4 state394=88 state395=88
f=333 sl=-01 pc=FAC1 address=2004 value=0A state394=88 state395=88
f=333 sl=-01 pc=FAC1 address=2004 value=00 state394=88 state395=88
f=333 sl=-01 pc=FAC1 address=2004 value=6E state394=88 state395=88
f=333 sl=-01 pc=FAC1 address=2004 value=68 state394=88 state395=88
f=333 sl=-01 pc=FAC1 address=2004 value=0C state394=88 state395=88
f=333 sl=-01 pc=FAC1 address=2004 value=00 state394=88 state395=88
f=333 sl=-01 pc=FAC1 address=2004 value=FE state394=88 state395=88
f=333 sl=-01 pc=FAC1 address=2004 value=44 state394=88 state395=88
f=333 sl=-01 pc=FAC1 address=2004 value=35 state394=88 state395=88
f=333 sl=-01 pc=FAC1 address=2004 value=02 state394=88 state395=88
f=333 sl=-01 pc=FAC1 address=2004 value=A3 state394=88 state395=88
f=333 sl=-01 pc=FAC1 address=2004 value=3B state394=88 state395=88
f=333 sl=-01 pc=FAC1 address=2004 value=2A state394=88 state395=88
f=333 sl=-01 pc=FAC1 address=2004 value=02 state394=88 state395=88
f=333 sl=-01 pc=FAC1 address=2004 value=8C state394=88 state395=88
f=333 sl=-01 pc=FAC1 address=2004 value=F4 state394=88 state395=88
f=333 sl=-01 pc=FAC1 address=2004 value=0A state394=88 state395=88
f=333 sl=-01 pc=FAC1 address=2004 value=40 state394=88 state395=88
f=333 sl=-01 pc=FAC1 address=2004 value=7E state394=88 state395=88
f=333 sl=-01 pc=FAC1 address=2004 value=76 state394=88 state395=88
f=333 sl=-01 pc=FAC1 address=2004 value=10 state394=88 state395=88
f=333 sl=-01 pc=FAC1 address=2004 value=40 state394=88 state395=88
f=333 sl=-01 pc=FAC1 address=2004 value=A5 state394=88 state395=88
f=333 sl=-01 pc=FAC1 address=4014 value=02 state394=88 state395=88
f=333 sl=-01 pc=D084 address=2000 value=89 state394=88 state395=88
f=333 sl=-01 pc=FACB address=2001 value=1E state394=88 state395=88
f=333 sl=-01 pc=FA0B address=2000 value=89 state394=88 state395=88
f=333 sl=-01 pc=F900 address=2000 value=88 state394=88 state395=88
f=333 sl=-01 pc=F900 address=2000 value=88 state394=88 state395=88
f=334 sl=-01 pc=FABC address=2003 value=00 state394=88 state395=88
f=334 sl=-01 pc=FAC1 address=2004 value=B7 state394=88 state395=88
f=334 sl=-01 pc=FAC1 address=2004 value=A0 state394=88 state395=88
f=334 sl=-01 pc=FAC1 address=2004 value=01 state394=88 state395=88
f=334 sl=-01 pc=FAC1 address=2004 value=10 state394=88 state395=88
f=334 sl=-01 pc=FAC1 address=2004 value=B7 state394=88 state395=88
f=334 sl=-01 pc=FAC1 address=2004 value=A1 state394=88 state395=88
f=334 sl=-01 pc=FAC1 address=2004 value=01 state394=88 state395=88
f=334 sl=-01 pc=FAC1 address=2004 value=18 state394=88 state395=88
f=334 sl=-01 pc=FAC1 address=2004 value=B7 state394=88 state395=88
f=334 sl=-01 pc=FAC1 address=2004 value=A2 state394=88 state395=88
f=334 sl=-01 pc=FAC1 address=2004 value=01 state394=88 state395=88
f=334 sl=-01 pc=FAC1 address=2004 value=20 state394=88 state395=88
f=334 sl=-01 pc=FAC1 address=2004 value=B7 state394=88 state395=88
f=334 sl=-01 pc=FAC1 address=2004 value=A3 state394=88 state395=88
f=334 sl=-01 pc=FAC1 address=2004 value=01 state394=88 state395=88
f=334 sl=-01 pc=FAC1 address=2004 value=28 state394=88 state395=88
f=334 sl=-01 pc=FAC1 address=2004 value=BF state394=88 state395=88
f=334 sl=-01 pc=FAC1 address=2004 value=A4 state394=88 state395=88
f=334 sl=-01 pc=FAC1 address=2004 value=01 state394=88 state395=88
f=334 sl=-01 pc=FAC1 address=2004 value=10 state394=88 state395=88
f=334 sl=-01 pc=FAC1 address=2004 value=BF state394=88 state395=88
f=334 sl=-01 pc=FAC1 address=2004 value=A5 state394=88 state395=88
f=334 sl=-01 pc=FAC1 address=2004 value=01 state394=88 state395=88
f=334 sl=-01 pc=FAC1 address=2004 value=18 state394=88 state395=88
f=334 sl=-01 pc=FAC1 address=2004 value=BF state394=88 state395=88
f=334 sl=-01 pc=FAC1 address=2004 value=A6 state394=88 state395=88
f=334 sl=-01 pc=FAC1 address=2004 value=01 state394=88 state395=88
f=334 sl=-01 pc=FAC1 address=2004 value=20 state394=88 state395=88
f=334 sl=-01 pc=FAC1 address=2004 value=BF state394=88 state395=88
f=334 sl=-01 pc=FAC1 address=2004 value=A7 state394=88 state395=88
f=334 sl=-01 pc=FAC1 address=2004 value=01 state394=88 state395=88
f=334 sl=-01 pc=FAC1 address=2004 value=28 state394=88 state395=88
f=334 sl=-01 pc=FAC1 address=2004 value=C7 state394=88 state395=88
f=334 sl=-01 pc=FAC1 address=2004 value=A8 state394=88 state395=88
f=334 sl=-01 pc=FAC1 address=2004 value=01 state394=88 state395=88
f=334 sl=-01 pc=FAC1 address=2004 value=10 state394=88 state395=88
f=334 sl=-01 pc=FAC1 address=2004 value=C7 state394=88 state395=88
f=334 sl=-01 pc=FAC1 address=2004 value=A9 state394=88 state395=88
f=334 sl=-01 pc=FAC1 address=2004 value=01 state394=88 state395=88
f=334 sl=-01 pc=FAC1 address=2004 value=18 state394=88 state395=88
f=334 sl=-01 pc=FAC1 address=2004 value=C7 state394=88 state395=88
f=334 sl=-01 pc=FAC1 address=2004 value=AA state394=88 state395=88
f=334 sl=-01 pc=FAC1 address=2004 value=01 state394=88 state395=88
f=334 sl=-01 pc=FAC1 address=2004 value=20 state394=88 state395=88
f=334 sl=-01 pc=FAC1 address=2004 value=C7 state394=88 state395=88
f=334 sl=-01 pc=FAC1 address=2004 value=AB state394=88 state395=88
f=334 sl=-01 pc=FAC1 address=2004 value=01 state394=88 state395=88
f=334 sl=-01 pc=FAC1 address=2004 value=28 state394=88 state395=88
f=334 sl=-01 pc=FAC1 address=2004 value=CF state394=88 state395=88
f=334 sl=-01 pc=FAC1 address=2004 value=AC state394=88 state395=88
f=334 sl=-01 pc=FAC1 address=2004 value=01 state394=88 state395=88
f=334 sl=-01 pc=FAC1 address=2004 value=10 state394=88 state395=88
f=334 sl=-01 pc=FAC1 address=2004 value=CF state394=88 state395=88
f=334 sl=-01 pc=FAC1 address=2004 value=AD state394=88 state395=88
f=334 sl=-01 pc=FAC1 address=2004 value=01 state394=88 state395=88
f=334 sl=-01 pc=FAC1 address=2004 value=18 state394=88 state395=88
f=334 sl=-01 pc=FAC1 address=2004 value=CF state394=88 state395=88
f=334 sl=-01 pc=FAC1 address=2004 value=AE state394=88 state395=88
f=334 sl=-01 pc=FAC1 address=2004 value=01 state394=88 state395=88
f=334 sl=-01 pc=FAC1 address=2004 value=20 state394=88 state395=88
f=334 sl=-01 pc=FAC1 address=2004 value=CF state394=88 state395=88
f=334 sl=-01 pc=FAC1 address=2004 value=AF state394=88 state395=88
f=334 sl=-01 pc=FAC1 address=2004 value=01 state394=88 state395=88
f=334 sl=-01 pc=FAC1 address=2004 value=28 state394=88 state395=88
f=334 sl=-01 pc=FAC1 address=2004 value=3C state394=88 state395=88
f=334 sl=-01 pc=FAC1 address=2004 value=38 state394=88 state395=88
f=334 sl=-01 pc=FAC1 address=2004 value=02 state394=88 state395=88
f=334 sl=-01 pc=FAC1 address=2004 value=AB state394=88 state395=88
f=334 sl=-01 pc=FAC1 address=2004 value=29 state394=88 state395=88
f=334 sl=-01 pc=FAC1 address=2004 value=2D state394=88 state395=88
f=334 sl=-01 pc=FAC1 address=2004 value=02 state394=88 state395=88
f=334 sl=-01 pc=FAC1 address=2004 value=98 state394=88 state395=88
f=334 sl=-01 pc=FAC1 address=2004 value=F4 state394=88 state395=88
f=334 sl=-01 pc=FAC1 address=2004 value=0A state394=88 state395=88
f=334 sl=-01 pc=FAC1 address=2004 value=80 state394=88 state395=88
f=334 sl=-01 pc=FAC1 address=2004 value=6E state394=88 state395=88
f=334 sl=-01 pc=FAC1 address=2004 value=72 state394=88 state395=88
f=334 sl=-01 pc=FAC1 address=2004 value=06 state394=88 state395=88
f=334 sl=-01 pc=FAC1 address=2004 value=40 state394=88 state395=88
f=334 sl=-01 pc=FAC1 address=2004 value=A9 state394=88 state395=88
f=334 sl=-01 pc=FAC1 address=2004 value=38 state394=88 state395=88
f=334 sl=-01 pc=FAC1 address=2004 value=3C state394=88 state395=88
f=334 sl=-01 pc=FAC1 address=2004 value=02 state394=88 state395=88
f=334 sl=-01 pc=FAC1 address=2004 value=C7 state394=88 state395=88
f=334 sl=-01 pc=FAC1 address=2004 value=2A state394=88 state395=88
f=334 sl=-01 pc=FAC1 address=2004 value=31 state394=88 state395=88
f=334 sl=-01 pc=FAC1 address=2004 value=02 state394=88 state395=88
f=334 sl=-01 pc=FAC1 address=2004 value=A0 state394=88 state395=88
f=334 sl=-01 pc=FAC1 address=2004 value=F4 state394=88 state395=88
f=334 sl=-01 pc=FAC1 address=2004 value=2A state394=88 state395=88
f=334 sl=-01 pc=FAC1 address=2004 value=02 state394=88 state395=88
f=334 sl=-01 pc=FAC1 address=2004 value=8C state394=88 state395=88
f=334 sl=-01 pc=FAC1 address=2004 value=82 state394=88 state395=88
f=334 sl=-01 pc=FAC1 address=2004 value=06 state394=88 state395=88
f=334 sl=-01 pc=FAC1 address=2004 value=C0 state394=88 state395=88
f=334 sl=-01 pc=FAC1 address=2004 value=A9 state394=88 state395=88
f=334 sl=-01 pc=FAC1 address=2004 value=6D state394=88 state395=88
f=334 sl=-01 pc=FAC1 address=2004 value=24 state394=88 state395=88
f=334 sl=-01 pc=FAC1 address=2004 value=00 state394=88 state395=88
f=334 sl=-01 pc=FAC1 address=2004 value=FE state394=88 state395=88
f=334 sl=-01 pc=FAC1 address=2004 value=44 state394=88 state395=88
f=334 sl=-01 pc=FAC1 address=2004 value=35 state394=88 state395=88
f=334 sl=-01 pc=FAC1 address=2004 value=02 state394=88 state395=88
f=334 sl=-01 pc=FAC1 address=2004 value=A3 state394=88 state395=88
f=334 sl=-01 pc=FAC1 address=2004 value=3B state394=88 state395=88
f=334 sl=-01 pc=FAC1 address=2004 value=2A state394=88 state395=88
f=334 sl=-01 pc=FAC1 address=2004 value=02 state394=88 state395=88
f=334 sl=-01 pc=FAC1 address=2004 value=8C state394=88 state395=88
f=334 sl=-01 pc=FAC1 address=2004 value=F4 state394=88 state395=88
f=334 sl=-01 pc=FAC1 address=2004 value=0B state394=88 state395=88
f=334 sl=-01 pc=FAC1 address=2004 value=80 state394=88 state395=88
f=334 sl=-01 pc=FAC1 address=2004 value=76 state394=88 state395=88
f=334 sl=-01 pc=FAC1 address=2004 value=72 state394=88 state395=88
f=334 sl=-01 pc=FAC1 address=2004 value=07 state394=88 state395=88
f=334 sl=-01 pc=FAC1 address=2004 value=00 state394=88 state395=88
f=334 sl=-01 pc=FAC1 address=2004 value=A1 state394=88 state395=88
f=334 sl=-01 pc=FAC1 address=2004 value=4C state394=88 state395=88
f=334 sl=-01 pc=FAC1 address=2004 value=39 state394=88 state395=88
f=334 sl=-01 pc=FAC1 address=2004 value=02 state394=88 state395=88
f=334 sl=-01 pc=FAC1 address=2004 value=AB state394=88 state395=88
f=334 sl=-01 pc=FAC1 address=2004 value=31 state394=88 state395=88
f=334 sl=-01 pc=FAC1 address=2004 value=2E state394=88 state395=88
f=334 sl=-01 pc=FAC1 address=2004 value=02 state394=88 state395=88
f=334 sl=-01 pc=FAC1 address=2004 value=98 state394=88 state395=88
f=334 sl=-01 pc=FAC1 address=2004 value=F4 state394=88 state395=88
f=334 sl=-01 pc=FAC1 address=2004 value=0E state394=88 state395=88
f=334 sl=-01 pc=FAC1 address=2004 value=00 state394=88 state395=88
f=334 sl=-01 pc=FAC1 address=2004 value=A1 state394=88 state395=88
f=334 sl=-01 pc=FAC1 address=2004 value=82 state394=88 state395=88
f=334 sl=-01 pc=FAC1 address=2004 value=07 state394=88 state395=88
f=334 sl=-01 pc=FAC1 address=2004 value=80 state394=88 state395=88
f=334 sl=-01 pc=FAC1 address=2004 value=A1 state394=88 state395=88
f=334 sl=-01 pc=FAC1 address=2004 value=39 state394=88 state395=88
f=334 sl=-01 pc=FAC1 address=2004 value=3D state394=88 state395=88
f=334 sl=-01 pc=FAC1 address=2004 value=02 state394=88 state395=88
f=334 sl=-01 pc=FAC1 address=2004 value=C8 state394=88 state395=88
f=334 sl=-01 pc=FAC1 address=2004 value=32 state394=88 state395=88
f=334 sl=-01 pc=FAC1 address=2004 value=32 state394=88 state395=88
f=334 sl=-01 pc=FAC1 address=2004 value=02 state394=88 state395=88
f=334 sl=-01 pc=FAC1 address=2004 value=A0 state394=88 state395=88
f=334 sl=-01 pc=FAC1 address=2004 value=F4 state394=88 state395=88
f=334 sl=-01 pc=FAC1 address=2004 value=2A state394=88 state395=88
f=334 sl=-01 pc=FAC1 address=2004 value=02 state394=88 state395=88
f=334 sl=-01 pc=FAC1 address=2004 value=8C state394=88 state395=88
f=334 sl=-01 pc=FAC1 address=2004 value=F4 state394=88 state395=88
f=334 sl=-01 pc=FAC1 address=2004 value=0C state394=88 state395=88
f=334 sl=-01 pc=FAC1 address=2004 value=00 state394=88 state395=88
f=334 sl=-01 pc=FAC1 address=2004 value=6E state394=88 state395=88
f=334 sl=-01 pc=FAC1 address=2004 value=75 state394=88 state395=88
f=334 sl=-01 pc=FAC1 address=2004 value=27 state394=88 state395=88
f=334 sl=-01 pc=FAC1 address=2004 value=00 state394=88 state395=88
f=334 sl=-01 pc=FAC1 address=2004 value=FE state394=88 state395=88
f=334 sl=-01 pc=FAC1 address=2004 value=2C state394=88 state395=88
f=334 sl=-01 pc=FAC1 address=2004 value=36 state394=88 state395=88
f=334 sl=-01 pc=FAC1 address=2004 value=02 state394=88 state395=88
f=334 sl=-01 pc=FAC1 address=2004 value=A8 state394=88 state395=88
f=334 sl=-01 pc=FAC1 address=2004 value=2C state394=88 state395=88
f=334 sl=-01 pc=FAC1 address=2004 value=2B state394=88 state395=88
f=334 sl=-01 pc=FAC1 address=2004 value=02 state394=88 state395=88
f=334 sl=-01 pc=FAC1 address=2004 value=90 state394=88 state395=88
f=334 sl=-01 pc=FAC1 address=2004 value=F4 state394=88 state395=88
f=334 sl=-01 pc=FAC1 address=2004 value=0C state394=88 state395=88
f=334 sl=-01 pc=FAC1 address=2004 value=40 state394=88 state395=88
f=334 sl=-01 pc=FAC1 address=2004 value=7E state394=88 state395=88
f=334 sl=-01 pc=FAC1 address=2004 value=7A state394=88 state395=88
f=334 sl=-01 pc=FAC1 address=2004 value=08 state394=88 state395=88
f=334 sl=-01 pc=FAC1 address=2004 value=00 state394=88 state395=88
f=334 sl=-01 pc=FAC1 address=2004 value=99 state394=88 state395=88
f=334 sl=-01 pc=FAC1 address=2004 value=2E state394=88 state395=88
f=334 sl=-01 pc=FAC1 address=2004 value=3A state394=88 state395=88
f=334 sl=-01 pc=FAC1 address=2004 value=02 state394=88 state395=88
f=334 sl=-01 pc=FAC1 address=2004 value=B0 state394=88 state395=88
f=334 sl=-01 pc=FAC1 address=2004 value=45 state394=88 state395=88
f=334 sl=-01 pc=FAC1 address=2004 value=2F state394=88 state395=88
f=334 sl=-01 pc=FAC1 address=2004 value=02 state394=88 state395=88
f=334 sl=-01 pc=FAC1 address=2004 value=9F state394=88 state395=88
f=334 sl=-01 pc=FAC1 address=2004 value=F4 state394=88 state395=88
f=334 sl=-01 pc=FAC1 address=2004 value=24 state394=88 state395=88
f=334 sl=-01 pc=FAC1 address=2004 value=00 state394=88 state395=88
f=334 sl=-01 pc=FAC1 address=2004 value=5D state394=88 state395=88
f=334 sl=-01 pc=FAC1 address=2004 value=7A state394=88 state395=88
f=334 sl=-01 pc=FAC1 address=2004 value=08 state394=88 state395=88
f=334 sl=-01 pc=FAC1 address=2004 value=40 state394=88 state395=88
f=334 sl=-01 pc=FAC1 address=2004 value=A9 state394=88 state395=88
f=334 sl=-01 pc=FAC1 address=2004 value=39 state394=88 state395=88
f=334 sl=-01 pc=FAC1 address=2004 value=3E state394=88 state395=88
f=334 sl=-01 pc=FAC1 address=2004 value=02 state394=88 state395=88
f=334 sl=-01 pc=FAC1 address=2004 value=D0 state394=88 state395=88
f=334 sl=-01 pc=FAC1 address=2004 value=56 state394=88 state395=88
f=334 sl=-01 pc=FAC1 address=2004 value=33 state394=88 state395=88
f=334 sl=-01 pc=FAC1 address=2004 value=02 state394=88 state395=88
f=334 sl=-01 pc=FAC1 address=2004 value=A0 state394=88 state395=88
f=334 sl=-01 pc=FAC1 address=2004 value=F4 state394=88 state395=88
f=334 sl=-01 pc=FAC1 address=2004 value=2A state394=88 state395=88
f=334 sl=-01 pc=FAC1 address=2004 value=02 state394=88 state395=88
f=334 sl=-01 pc=FAC1 address=2004 value=8C state394=88 state395=88
f=334 sl=-01 pc=FAC1 address=2004 value=F4 state394=88 state395=88
f=334 sl=-01 pc=FAC1 address=2004 value=0D state394=88 state395=88
f=334 sl=-01 pc=FAC1 address=2004 value=00 state394=88 state395=88
f=334 sl=-01 pc=FAC1 address=2004 value=76 state394=88 state395=88
f=334 sl=-01 pc=FAC1 address=2004 value=42 state394=88 state395=88
f=334 sl=-01 pc=FAC1 address=2004 value=0F state394=88 state395=88
f=334 sl=-01 pc=FAC1 address=2004 value=00 state394=88 state395=88
f=334 sl=-01 pc=FAC1 address=2004 value=B8 state394=88 state395=88
f=334 sl=-01 pc=FAC1 address=2004 value=34 state394=88 state395=88
f=334 sl=-01 pc=FAC1 address=2004 value=37 state394=88 state395=88
f=334 sl=-01 pc=FAC1 address=2004 value=02 state394=88 state395=88
f=334 sl=-01 pc=FAC1 address=2004 value=AB state394=88 state395=88
f=334 sl=-01 pc=FAC1 address=2004 value=4C state394=88 state395=88
f=334 sl=-01 pc=FAC1 address=2004 value=2C state394=88 state395=88
f=334 sl=-01 pc=FAC1 address=2004 value=02 state394=88 state395=88
f=334 sl=-01 pc=FAC1 address=2004 value=97 state394=88 state395=88
f=334 sl=-01 pc=FAC1 address=2004 value=F4 state394=88 state395=88
f=334 sl=-01 pc=FAC1 address=2004 value=0A state394=88 state395=88
f=334 sl=-01 pc=FAC1 address=2004 value=C0 state394=88 state395=88
f=334 sl=-01 pc=FAC1 address=2004 value=7E state394=88 state395=88
f=334 sl=-01 pc=FAC1 address=2004 value=7A state394=88 state395=88
f=334 sl=-01 pc=FAC1 address=2004 value=09 state394=88 state395=88
f=334 sl=-01 pc=FAC1 address=2004 value=00 state394=88 state395=88
f=334 sl=-01 pc=FAC1 address=2004 value=A1 state394=88 state395=88
f=334 sl=-01 pc=FAC1 address=2004 value=37 state394=88 state395=88
f=334 sl=-01 pc=FAC1 address=2004 value=3B state394=88 state395=88
f=334 sl=-01 pc=FAC1 address=2004 value=02 state394=88 state395=88
f=334 sl=-01 pc=FAC1 address=2004 value=C6 state394=88 state395=88
f=334 sl=-01 pc=FAC1 address=2004 value=4D state394=88 state395=88
f=334 sl=-01 pc=FAC1 address=2004 value=30 state394=88 state395=88
f=334 sl=-01 pc=FAC1 address=2004 value=02 state394=88 state395=88
f=334 sl=-01 pc=FAC1 address=2004 value=9F state394=88 state395=88
f=334 sl=-01 pc=FAC1 address=2004 value=F4 state394=88 state395=88
f=334 sl=-01 pc=FAC1 address=2004 value=25 state394=88 state395=88
f=334 sl=-01 pc=FAC1 address=2004 value=00 state394=88 state395=88
f=334 sl=-01 pc=FAC1 address=2004 value=65 state394=88 state395=88
f=334 sl=-01 pc=FAC1 address=2004 value=82 state394=88 state395=88
f=334 sl=-01 pc=FAC1 address=2004 value=06 state394=88 state395=88
f=334 sl=-01 pc=FAC1 address=2004 value=80 state394=88 state395=88
f=334 sl=-01 pc=FAC1 address=2004 value=99 state394=88 state395=88
f=334 sl=-01 pc=FAC1 address=2004 value=65 state394=88 state395=88
f=334 sl=-01 pc=FAC1 address=2004 value=21 state394=88 state395=88
f=334 sl=-01 pc=FAC1 address=2004 value=00 state394=88 state395=88
f=334 sl=-01 pc=FAC1 address=2004 value=FE state394=88 state395=88
f=334 sl=-01 pc=FAC1 address=2004 value=3C state394=88 state395=88
f=334 sl=-01 pc=FAC1 address=2004 value=34 state394=88 state395=88
f=334 sl=-01 pc=FAC1 address=2004 value=02 state394=88 state395=88
f=334 sl=-01 pc=FAC1 address=2004 value=A3 state394=88 state395=88
f=334 sl=-01 pc=FAC1 address=2004 value=F4 state394=88 state395=88
f=334 sl=-01 pc=FAC1 address=2004 value=2A state394=88 state395=88
f=334 sl=-01 pc=FAC1 address=2004 value=02 state394=88 state395=88
f=334 sl=-01 pc=FAC1 address=2004 value=8C state394=88 state395=88
f=334 sl=-01 pc=FAC1 address=2004 value=F4 state394=88 state395=88
f=334 sl=-01 pc=FAC1 address=2004 value=0A state394=88 state395=88
f=334 sl=-01 pc=FAC1 address=2004 value=40 state394=88 state395=88
f=334 sl=-01 pc=FAC1 address=2004 value=7E state394=88 state395=88
f=334 sl=-01 pc=FAC1 address=2004 value=72 state394=88 state395=88
f=334 sl=-01 pc=FAC1 address=2004 value=06 state394=88 state395=88
f=334 sl=-01 pc=FAC1 address=2004 value=00 state394=88 state395=88
f=334 sl=-01 pc=FAC1 address=2004 value=99 state394=88 state395=88
f=334 sl=-01 pc=FAC1 address=4014 value=02 state394=88 state395=88
f=334 sl=-01 pc=D084 address=2000 value=89 state394=88 state395=88
f=334 sl=-01 pc=FACB address=2001 value=1E state394=88 state395=88
f=334 sl=-01 pc=FA0B address=2000 value=89 state394=88 state395=88
f=334 sl=-01 pc=F900 address=2000 value=88 state394=88 state395=88
f=334 sl=-01 pc=F900 address=2000 value=88 state394=88 state395=88
f=335 sl=-01 pc=FABC address=2003 value=00 state394=88 state395=88
f=335 sl=-01 pc=FAC1 address=2004 value=B7 state394=88 state395=88
f=335 sl=-01 pc=FAC1 address=2004 value=A0 state394=88 state395=88
f=335 sl=-01 pc=FAC1 address=2004 value=01 state394=88 state395=88
f=335 sl=-01 pc=FAC1 address=2004 value=10 state394=88 state395=88
f=335 sl=-01 pc=FAC1 address=2004 value=B7 state394=88 state395=88
f=335 sl=-01 pc=FAC1 address=2004 value=A1 state394=88 state395=88
f=335 sl=-01 pc=FAC1 address=2004 value=01 state394=88 state395=88
f=335 sl=-01 pc=FAC1 address=2004 value=18 state394=88 state395=88
f=335 sl=-01 pc=FAC1 address=2004 value=B7 state394=88 state395=88
f=335 sl=-01 pc=FAC1 address=2004 value=A2 state394=88 state395=88
f=335 sl=-01 pc=FAC1 address=2004 value=01 state394=88 state395=88
f=335 sl=-01 pc=FAC1 address=2004 value=20 state394=88 state395=88
f=335 sl=-01 pc=FAC1 address=2004 value=B7 state394=88 state395=88
f=335 sl=-01 pc=FAC1 address=2004 value=A3 state394=88 state395=88
f=335 sl=-01 pc=FAC1 address=2004 value=01 state394=88 state395=88
f=335 sl=-01 pc=FAC1 address=2004 value=28 state394=88 state395=88
f=335 sl=-01 pc=FAC1 address=2004 value=BF state394=88 state395=88
f=335 sl=-01 pc=FAC1 address=2004 value=A4 state394=88 state395=88
f=335 sl=-01 pc=FAC1 address=2004 value=01 state394=88 state395=88
f=335 sl=-01 pc=FAC1 address=2004 value=10 state394=88 state395=88
f=335 sl=-01 pc=FAC1 address=2004 value=BF state394=88 state395=88
f=335 sl=-01 pc=FAC1 address=2004 value=A5 state394=88 state395=88
f=335 sl=-01 pc=FAC1 address=2004 value=01 state394=88 state395=88
f=335 sl=-01 pc=FAC1 address=2004 value=18 state394=88 state395=88
f=335 sl=-01 pc=FAC1 address=2004 value=BF state394=88 state395=88
f=335 sl=-01 pc=FAC1 address=2004 value=A6 state394=88 state395=88
f=335 sl=-01 pc=FAC1 address=2004 value=01 state394=88 state395=88
f=335 sl=-01 pc=FAC1 address=2004 value=20 state394=88 state395=88
f=335 sl=-01 pc=FAC1 address=2004 value=BF state394=88 state395=88
f=335 sl=-01 pc=FAC1 address=2004 value=A7 state394=88 state395=88
f=335 sl=-01 pc=FAC1 address=2004 value=01 state394=88 state395=88
f=335 sl=-01 pc=FAC1 address=2004 value=28 state394=88 state395=88
f=335 sl=-01 pc=FAC1 address=2004 value=C7 state394=88 state395=88
f=335 sl=-01 pc=FAC1 address=2004 value=A8 state394=88 state395=88
f=335 sl=-01 pc=FAC1 address=2004 value=01 state394=88 state395=88
f=335 sl=-01 pc=FAC1 address=2004 value=10 state394=88 state395=88
f=335 sl=-01 pc=FAC1 address=2004 value=C7 state394=88 state395=88
f=335 sl=-01 pc=FAC1 address=2004 value=A9 state394=88 state395=88
f=335 sl=-01 pc=FAC1 address=2004 value=01 state394=88 state395=88
f=335 sl=-01 pc=FAC1 address=2004 value=18 state394=88 state395=88
f=335 sl=-01 pc=FAC1 address=2004 value=C7 state394=88 state395=88
f=335 sl=-01 pc=FAC1 address=2004 value=AA state394=88 state395=88
f=335 sl=-01 pc=FAC1 address=2004 value=01 state394=88 state395=88
f=335 sl=-01 pc=FAC1 address=2004 value=20 state394=88 state395=88
f=335 sl=-01 pc=FAC1 address=2004 value=C7 state394=88 state395=88
f=335 sl=-01 pc=FAC1 address=2004 value=AB state394=88 state395=88
f=335 sl=-01 pc=FAC1 address=2004 value=01 state394=88 state395=88
f=335 sl=-01 pc=FAC1 address=2004 value=28 state394=88 state395=88
f=335 sl=-01 pc=FAC1 address=2004 value=CF state394=88 state395=88
f=335 sl=-01 pc=FAC1 address=2004 value=AC state394=88 state395=88
f=335 sl=-01 pc=FAC1 address=2004 value=01 state394=88 state395=88
f=335 sl=-01 pc=FAC1 address=2004 value=10 state394=88 state395=88
f=335 sl=-01 pc=FAC1 address=2004 value=CF state394=88 state395=88
f=335 sl=-01 pc=FAC1 address=2004 value=AD state394=88 state395=88
f=335 sl=-01 pc=FAC1 address=2004 value=01 state394=88 state395=88
f=335 sl=-01 pc=FAC1 address=2004 value=18 state394=88 state395=88
f=335 sl=-01 pc=FAC1 address=2004 value=CF state394=88 state395=88
f=335 sl=-01 pc=FAC1 address=2004 value=AE state394=88 state395=88
f=335 sl=-01 pc=FAC1 address=2004 value=01 state394=88 state395=88
f=335 sl=-01 pc=FAC1 address=2004 value=20 state394=88 state395=88
f=335 sl=-01 pc=FAC1 address=2004 value=CF state394=88 state395=88
f=335 sl=-01 pc=FAC1 address=2004 value=AF state394=88 state395=88
f=335 sl=-01 pc=FAC1 address=2004 value=01 state394=88 state395=88
f=335 sl=-01 pc=FAC1 address=2004 value=28 state394=88 state395=88
f=335 sl=-01 pc=FAC1 address=2004 value=72 state394=88 state395=88
f=335 sl=-01 pc=FAC1 address=2004 value=06 state394=88 state395=88
f=335 sl=-01 pc=FAC1 address=2004 value=40 state394=88 state395=88
f=335 sl=-01 pc=FAC1 address=2004 value=A9 state394=88 state395=88
f=335 sl=-01 pc=FAC1 address=2004 value=38 state394=88 state395=88
f=335 sl=-01 pc=FAC1 address=2004 value=3C state394=88 state395=88
f=335 sl=-01 pc=FAC1 address=2004 value=02 state394=88 state395=88
f=335 sl=-01 pc=FAC1 address=2004 value=C7 state394=88 state395=88
f=335 sl=-01 pc=FAC1 address=2004 value=2A state394=88 state395=88
f=335 sl=-01 pc=FAC1 address=2004 value=31 state394=88 state395=88
f=335 sl=-01 pc=FAC1 address=2004 value=02 state394=88 state395=88
f=335 sl=-01 pc=FAC1 address=2004 value=A0 state394=88 state395=88
f=335 sl=-01 pc=FAC1 address=2004 value=F4 state394=88 state395=88
f=335 sl=-01 pc=FAC1 address=2004 value=06 state394=88 state395=88
f=335 sl=-01 pc=FAC1 address=2004 value=40 state394=88 state395=88
f=335 sl=-01 pc=FAC1 address=2004 value=A9 state394=88 state395=88
f=335 sl=-01 pc=FAC1 address=2004 value=82 state394=88 state395=88
f=335 sl=-01 pc=FAC1 address=2004 value=06 state394=88 state395=88
f=335 sl=-01 pc=FAC1 address=2004 value=C0 state394=88 state395=88
f=335 sl=-01 pc=FAC1 address=2004 value=A9 state394=88 state395=88
f=335 sl=-01 pc=FAC1 address=2004 value=6D state394=88 state395=88
f=335 sl=-01 pc=FAC1 address=2004 value=24 state394=88 state395=88
f=335 sl=-01 pc=FAC1 address=2004 value=00 state394=88 state395=88
f=335 sl=-01 pc=FAC1 address=2004 value=FE state394=88 state395=88
f=335 sl=-01 pc=FAC1 address=2004 value=44 state394=88 state395=88
f=335 sl=-01 pc=FAC1 address=2004 value=35 state394=88 state395=88
f=335 sl=-01 pc=FAC1 address=2004 value=02 state394=88 state395=88
f=335 sl=-01 pc=FAC1 address=2004 value=A3 state394=88 state395=88
f=335 sl=-01 pc=FAC1 address=2004 value=3B state394=88 state395=88
f=335 sl=-01 pc=FAC1 address=2004 value=2A state394=88 state395=88
f=335 sl=-01 pc=FAC1 address=2004 value=02 state394=88 state395=88
f=335 sl=-01 pc=FAC1 address=2004 value=8C state394=88 state395=88
f=335 sl=-01 pc=FAC1 address=2004 value=F4 state394=88 state395=88
f=335 sl=-01 pc=FAC1 address=2004 value=24 state394=88 state395=88
f=335 sl=-01 pc=FAC1 address=2004 value=00 state394=88 state395=88
f=335 sl=-01 pc=FAC1 address=2004 value=FE state394=88 state395=88
f=335 sl=-01 pc=FAC1 address=2004 value=72 state394=88 state395=88
f=335 sl=-01 pc=FAC1 address=2004 value=07 state394=88 state395=88
f=335 sl=-01 pc=FAC1 address=2004 value=00 state394=88 state395=88
f=335 sl=-01 pc=FAC1 address=2004 value=A1 state394=88 state395=88
f=335 sl=-01 pc=FAC1 address=2004 value=4C state394=88 state395=88
f=335 sl=-01 pc=FAC1 address=2004 value=39 state394=88 state395=88
f=335 sl=-01 pc=FAC1 address=2004 value=02 state394=88 state395=88
f=335 sl=-01 pc=FAC1 address=2004 value=AB state394=88 state395=88
f=335 sl=-01 pc=FAC1 address=2004 value=31 state394=88 state395=88
f=335 sl=-01 pc=FAC1 address=2004 value=2E state394=88 state395=88
f=335 sl=-01 pc=FAC1 address=2004 value=02 state394=88 state395=88
f=335 sl=-01 pc=FAC1 address=2004 value=98 state394=88 state395=88
f=335 sl=-01 pc=FAC1 address=2004 value=F4 state394=88 state395=88
f=335 sl=-01 pc=FAC1 address=2004 value=07 state394=88 state395=88
f=335 sl=-01 pc=FAC1 address=2004 value=00 state394=88 state395=88
f=335 sl=-01 pc=FAC1 address=2004 value=A1 state394=88 state395=88
f=335 sl=-01 pc=FAC1 address=2004 value=82 state394=88 state395=88
f=335 sl=-01 pc=FAC1 address=2004 value=07 state394=88 state395=88
f=335 sl=-01 pc=FAC1 address=2004 value=80 state394=88 state395=88
f=335 sl=-01 pc=FAC1 address=2004 value=A1 state394=88 state395=88
f=335 sl=-01 pc=FAC1 address=2004 value=39 state394=88 state395=88
f=335 sl=-01 pc=FAC1 address=2004 value=3D state394=88 state395=88
f=335 sl=-01 pc=FAC1 address=2004 value=02 state394=88 state395=88
f=335 sl=-01 pc=FAC1 address=2004 value=C8 state394=88 state395=88
f=335 sl=-01 pc=FAC1 address=2004 value=32 state394=88 state395=88
f=335 sl=-01 pc=FAC1 address=2004 value=32 state394=88 state395=88
f=335 sl=-01 pc=FAC1 address=2004 value=02 state394=88 state395=88
f=335 sl=-01 pc=FAC1 address=2004 value=A0 state394=88 state395=88
f=335 sl=-01 pc=FAC1 address=2004 value=F4 state394=88 state395=88
f=335 sl=-01 pc=FAC1 address=2004 value=07 state394=88 state395=88
f=335 sl=-01 pc=FAC1 address=2004 value=80 state394=88 state395=88
f=335 sl=-01 pc=FAC1 address=2004 value=A1 state394=88 state395=88
f=335 sl=-01 pc=FAC1 address=2004 value=F4 state394=88 state395=88
f=335 sl=-01 pc=FAC1 address=2004 value=3D state394=88 state395=88
f=335 sl=-01 pc=FAC1 address=2004 value=02 state394=88 state395=88
f=335 sl=-01 pc=FAC1 address=2004 value=C8 state394=88 state395=88
f=335 sl=-01 pc=FAC1 address=2004 value=75 state394=88 state395=88
f=335 sl=-01 pc=FAC1 address=2004 value=27 state394=88 state395=88
f=335 sl=-01 pc=FAC1 address=2004 value=00 state394=88 state395=88
f=335 sl=-01 pc=FAC1 address=2004 value=FE state394=88 state395=88
f=335 sl=-01 pc=FAC1 address=2004 value=2C state394=88 state395=88
f=335 sl=-01 pc=FAC1 address=2004 value=36 state394=88 state395=88
f=335 sl=-01 pc=FAC1 address=2004 value=02 state394=88 state395=88
f=335 sl=-01 pc=FAC1 address=2004 value=A8 state394=88 state395=88
f=335 sl=-01 pc=FAC1 address=2004 value=2C state394=88 state395=88
f=335 sl=-01 pc=FAC1 address=2004 value=2B state394=88 state395=88
f=335 sl=-01 pc=FAC1 address=2004 value=02 state394=88 state395=88
f=335 sl=-01 pc=FAC1 address=2004 value=90 state394=88 state395=88
f=335 sl=-01 pc=FAC1 address=2004 value=F4 state394=88 state395=88
f=335 sl=-01 pc=FAC1 address=2004 value=27 state394=88 state395=88
f=335 sl=-01 pc=FAC1 address=2004 value=00 state394=88 state395=88
f=335 sl=-01 pc=FAC1 address=2004 value=FE state394=88 state395=88
f=335 sl=-01 pc=FAC1 address=2004 value=7A state394=88 state395=88
f=335 sl=-01 pc=FAC1 address=2004 value=08 state394=88 state395=88
f=335 sl=-01 pc=FAC1 address=2004 value=00 state394=88 state395=88
f=335 sl=-01 pc=FAC1 address=2004 value=99 state394=88 state395=88
f=335 sl=-01 pc=FAC1 address=2004 value=2E state394=88 state395=88
f=335 sl=-01 pc=FAC1 address=2004 value=3A state394=88 state395=88
f=335 sl=-01 pc=FAC1 address=2004 value=02 state394=88 state395=88
f=335 sl=-01 pc=FAC1 address=2004 value=B0 state394=88 state395=88
f=335 sl=-01 pc=FAC1 address=2004 value=45 state394=88 state395=88
f=335 sl=-01 pc=FAC1 address=2004 value=2F state394=88 state395=88
f=335 sl=-01 pc=FAC1 address=2004 value=02 state394=88 state395=88
f=335 sl=-01 pc=FAC1 address=2004 value=9F state394=88 state395=88
f=335 sl=-01 pc=FAC1 address=2004 value=F4 state394=88 state395=88
f=335 sl=-01 pc=FAC1 address=2004 value=08 state394=88 state395=88
f=335 sl=-01 pc=FAC1 address=2004 value=00 state394=88 state395=88
f=335 sl=-01 pc=FAC1 address=2004 value=99 state394=88 state395=88
f=335 sl=-01 pc=FAC1 address=2004 value=7A state394=88 state395=88
f=335 sl=-01 pc=FAC1 address=2004 value=08 state394=88 state395=88
f=335 sl=-01 pc=FAC1 address=2004 value=40 state394=88 state395=88
f=335 sl=-01 pc=FAC1 address=2004 value=A9 state394=88 state395=88
f=335 sl=-01 pc=FAC1 address=2004 value=39 state394=88 state395=88
f=335 sl=-01 pc=FAC1 address=2004 value=3E state394=88 state395=88
f=335 sl=-01 pc=FAC1 address=2004 value=02 state394=88 state395=88
f=335 sl=-01 pc=FAC1 address=2004 value=D0 state394=88 state395=88
f=335 sl=-01 pc=FAC1 address=2004 value=56 state394=88 state395=88
f=335 sl=-01 pc=FAC1 address=2004 value=33 state394=88 state395=88
f=335 sl=-01 pc=FAC1 address=2004 value=02 state394=88 state395=88
f=335 sl=-01 pc=FAC1 address=2004 value=A0 state394=88 state395=88
f=335 sl=-01 pc=FAC1 address=2004 value=F4 state394=88 state395=88
f=335 sl=-01 pc=FAC1 address=2004 value=08 state394=88 state395=88
f=335 sl=-01 pc=FAC1 address=2004 value=40 state394=88 state395=88
f=335 sl=-01 pc=FAC1 address=2004 value=A9 state394=88 state395=88
f=335 sl=-01 pc=FAC1 address=2004 value=F4 state394=88 state395=88
f=335 sl=-01 pc=FAC1 address=2004 value=3E state394=88 state395=88
f=335 sl=-01 pc=FAC1 address=2004 value=02 state394=88 state395=88
f=335 sl=-01 pc=FAC1 address=2004 value=D0 state394=88 state395=88
f=335 sl=-01 pc=FAC1 address=2004 value=42 state394=88 state395=88
f=335 sl=-01 pc=FAC1 address=2004 value=0F state394=88 state395=88
f=335 sl=-01 pc=FAC1 address=2004 value=00 state394=88 state395=88
f=335 sl=-01 pc=FAC1 address=2004 value=B8 state394=88 state395=88
f=335 sl=-01 pc=FAC1 address=2004 value=34 state394=88 state395=88
f=335 sl=-01 pc=FAC1 address=2004 value=37 state394=88 state395=88
f=335 sl=-01 pc=FAC1 address=2004 value=02 state394=88 state395=88
f=335 sl=-01 pc=FAC1 address=2004 value=AB state394=88 state395=88
f=335 sl=-01 pc=FAC1 address=2004 value=4C state394=88 state395=88
f=335 sl=-01 pc=FAC1 address=2004 value=2C state394=88 state395=88
f=335 sl=-01 pc=FAC1 address=2004 value=02 state394=88 state395=88
f=335 sl=-01 pc=FAC1 address=2004 value=97 state394=88 state395=88
f=335 sl=-01 pc=FAC1 address=2004 value=F4 state394=88 state395=88
f=335 sl=-01 pc=FAC1 address=2004 value=0F state394=88 state395=88
f=335 sl=-01 pc=FAC1 address=2004 value=00 state394=88 state395=88
f=335 sl=-01 pc=FAC1 address=2004 value=B8 state394=88 state395=88
f=335 sl=-01 pc=FAC1 address=2004 value=7A state394=88 state395=88
f=335 sl=-01 pc=FAC1 address=2004 value=09 state394=88 state395=88
f=335 sl=-01 pc=FAC1 address=2004 value=00 state394=88 state395=88
f=335 sl=-01 pc=FAC1 address=2004 value=A1 state394=88 state395=88
f=335 sl=-01 pc=FAC1 address=2004 value=37 state394=88 state395=88
f=335 sl=-01 pc=FAC1 address=2004 value=3B state394=88 state395=88
f=335 sl=-01 pc=FAC1 address=2004 value=02 state394=88 state395=88
f=335 sl=-01 pc=FAC1 address=2004 value=C6 state394=88 state395=88
f=335 sl=-01 pc=FAC1 address=2004 value=4D state394=88 state395=88
f=335 sl=-01 pc=FAC1 address=2004 value=30 state394=88 state395=88
f=335 sl=-01 pc=FAC1 address=2004 value=02 state394=88 state395=88
f=335 sl=-01 pc=FAC1 address=2004 value=9F state394=88 state395=88
f=335 sl=-01 pc=FAC1 address=2004 value=F4 state394=88 state395=88
f=335 sl=-01 pc=FAC1 address=2004 value=09 state394=88 state395=88
f=335 sl=-01 pc=FAC1 address=2004 value=00 state394=88 state395=88
f=335 sl=-01 pc=FAC1 address=2004 value=A1 state394=88 state395=88
f=335 sl=-01 pc=FAC1 address=2004 value=82 state394=88 state395=88
f=335 sl=-01 pc=FAC1 address=2004 value=06 state394=88 state395=88
f=335 sl=-01 pc=FAC1 address=2004 value=80 state394=88 state395=88
f=335 sl=-01 pc=FAC1 address=2004 value=99 state394=88 state395=88
f=335 sl=-01 pc=FAC1 address=2004 value=65 state394=88 state395=88
f=335 sl=-01 pc=FAC1 address=2004 value=21 state394=88 state395=88
f=335 sl=-01 pc=FAC1 address=2004 value=00 state394=88 state395=88
f=335 sl=-01 pc=FAC1 address=2004 value=FE state394=88 state395=88
f=335 sl=-01 pc=FAC1 address=2004 value=3C state394=88 state395=88
f=335 sl=-01 pc=FAC1 address=2004 value=34 state394=88 state395=88
f=335 sl=-01 pc=FAC1 address=2004 value=02 state394=88 state395=88
f=335 sl=-01 pc=FAC1 address=2004 value=A3 state394=88 state395=88
f=335 sl=-01 pc=FAC1 address=2004 value=F4 state394=88 state395=88
f=335 sl=-01 pc=FAC1 address=2004 value=06 state394=88 state395=88
f=335 sl=-01 pc=FAC1 address=2004 value=80 state394=88 state395=88
f=335 sl=-01 pc=FAC1 address=2004 value=99 state394=88 state395=88
f=335 sl=-01 pc=FAC1 address=2004 value=F4 state394=88 state395=88
f=335 sl=-01 pc=FAC1 address=2004 value=21 state394=88 state395=88
f=335 sl=-01 pc=FAC1 address=2004 value=00 state394=88 state395=88
f=335 sl=-01 pc=FAC1 address=2004 value=FE state394=88 state395=88
f=335 sl=-01 pc=FAC1 address=2004 value=72 state394=88 state395=88
f=335 sl=-01 pc=FAC1 address=2004 value=06 state394=88 state395=88
f=335 sl=-01 pc=FAC1 address=2004 value=00 state394=88 state395=88
f=335 sl=-01 pc=FAC1 address=2004 value=99 state394=88 state395=88
f=335 sl=-01 pc=FAC1 address=2004 value=3C state394=88 state395=88
f=335 sl=-01 pc=FAC1 address=2004 value=38 state394=88 state395=88
f=335 sl=-01 pc=FAC1 address=2004 value=02 state394=88 state395=88
f=335 sl=-01 pc=FAC1 address=2004 value=AB state394=88 state395=88
f=335 sl=-01 pc=FAC1 address=2004 value=29 state394=88 state395=88
f=335 sl=-01 pc=FAC1 address=2004 value=2D state394=88 state395=88
f=335 sl=-01 pc=FAC1 address=2004 value=02 state394=88 state395=88
f=335 sl=-01 pc=FAC1 address=2004 value=98 state394=88 state395=88
f=335 sl=-01 pc=FAC1 address=2004 value=F4 state394=88 state395=88
f=335 sl=-01 pc=FAC1 address=2004 value=06 state394=88 state395=88
f=335 sl=-01 pc=FAC1 address=2004 value=00 state394=88 state395=88
f=335 sl=-01 pc=FAC1 address=2004 value=99 state394=88 state395=88
f=335 sl=-01 pc=FAC1 address=4014 value=02 state394=88 state395=88
f=335 sl=-01 pc=D084 address=2000 value=89 state394=88 state395=88
f=335 sl=-01 pc=FACB address=2001 value=1E state394=88 state395=88
f=335 sl=-01 pc=FA0B address=2000 value=89 state394=88 state395=88
f=335 sl=-01 pc=F900 address=2000 value=88 state394=88 state395=88
f=335 sl=-01 pc=F900 address=2000 value=88 state394=88 state395=88
f=336 sl=-01 pc=FABC address=2003 value=00 state394=88 state395=88
f=336 sl=-01 pc=FAC1 address=2004 value=B7 state394=88 state395=88
f=336 sl=-01 pc=FAC1 address=2004 value=A0 state394=88 state395=88
f=336 sl=-01 pc=FAC1 address=2004 value=01 state394=88 state395=88
f=336 sl=-01 pc=FAC1 address=2004 value=10 state394=88 state395=88
f=336 sl=-01 pc=FAC1 address=2004 value=B7 state394=88 state395=88
f=336 sl=-01 pc=FAC1 address=2004 value=A1 state394=88 state395=88
f=336 sl=-01 pc=FAC1 address=2004 value=01 state394=88 state395=88
f=336 sl=-01 pc=FAC1 address=2004 value=18 state394=88 state395=88
f=336 sl=-01 pc=FAC1 address=2004 value=B7 state394=88 state395=88
f=336 sl=-01 pc=FAC1 address=2004 value=A2 state394=88 state395=88
f=336 sl=-01 pc=FAC1 address=2004 value=01 state394=88 state395=88
f=336 sl=-01 pc=FAC1 address=2004 value=20 state394=88 state395=88
f=336 sl=-01 pc=FAC1 address=2004 value=B7 state394=88 state395=88
f=336 sl=-01 pc=FAC1 address=2004 value=A3 state394=88 state395=88
f=336 sl=-01 pc=FAC1 address=2004 value=01 state394=88 state395=88
f=336 sl=-01 pc=FAC1 address=2004 value=28 state394=88 state395=88
f=336 sl=-01 pc=FAC1 address=2004 value=BF state394=88 state395=88
f=336 sl=-01 pc=FAC1 address=2004 value=A4 state394=88 state395=88
f=336 sl=-01 pc=FAC1 address=2004 value=01 state394=88 state395=88
f=336 sl=-01 pc=FAC1 address=2004 value=10 state394=88 state395=88
f=336 sl=-01 pc=FAC1 address=2004 value=BF state394=88 state395=88
f=336 sl=-01 pc=FAC1 address=2004 value=A5 state394=88 state395=88
f=336 sl=-01 pc=FAC1 address=2004 value=01 state394=88 state395=88
f=336 sl=-01 pc=FAC1 address=2004 value=18 state394=88 state395=88
f=336 sl=-01 pc=FAC1 address=2004 value=BF state394=88 state395=88
f=336 sl=-01 pc=FAC1 address=2004 value=A6 state394=88 state395=88
f=336 sl=-01 pc=FAC1 address=2004 value=01 state394=88 state395=88
f=336 sl=-01 pc=FAC1 address=2004 value=20 state394=88 state395=88
f=336 sl=-01 pc=FAC1 address=2004 value=BF state394=88 state395=88
f=336 sl=-01 pc=FAC1 address=2004 value=A7 state394=88 state395=88
f=336 sl=-01 pc=FAC1 address=2004 value=01 state394=88 state395=88
f=336 sl=-01 pc=FAC1 address=2004 value=28 state394=88 state395=88
f=336 sl=-01 pc=FAC1 address=2004 value=C7 state394=88 state395=88
f=336 sl=-01 pc=FAC1 address=2004 value=A8 state394=88 state395=88
f=336 sl=-01 pc=FAC1 address=2004 value=01 state394=88 state395=88
f=336 sl=-01 pc=FAC1 address=2004 value=10 state394=88 state395=88
f=336 sl=-01 pc=FAC1 address=2004 value=C7 state394=88 state395=88
f=336 sl=-01 pc=FAC1 address=2004 value=A9 state394=88 state395=88
f=336 sl=-01 pc=FAC1 address=2004 value=01 state394=88 state395=88
f=336 sl=-01 pc=FAC1 address=2004 value=18 state394=88 state395=88
f=336 sl=-01 pc=FAC1 address=2004 value=C7 state394=88 state395=88
f=336 sl=-01 pc=FAC1 address=2004 value=AA state394=88 state395=88
f=336 sl=-01 pc=FAC1 address=2004 value=01 state394=88 state395=88
f=336 sl=-01 pc=FAC1 address=2004 value=20 state394=88 state395=88
f=336 sl=-01 pc=FAC1 address=2004 value=C7 state394=88 state395=88
f=336 sl=-01 pc=FAC1 address=2004 value=AB state394=88 state395=88
f=336 sl=-01 pc=FAC1 address=2004 value=01 state394=88 state395=88
f=336 sl=-01 pc=FAC1 address=2004 value=28 state394=88 state395=88
f=336 sl=-01 pc=FAC1 address=2004 value=CF state394=88 state395=88
f=336 sl=-01 pc=FAC1 address=2004 value=AC state394=88 state395=88
f=336 sl=-01 pc=FAC1 address=2004 value=01 state394=88 state395=88
f=336 sl=-01 pc=FAC1 address=2004 value=10 state394=88 state395=88
f=336 sl=-01 pc=FAC1 address=2004 value=CF state394=88 state395=88
f=336 sl=-01 pc=FAC1 address=2004 value=AD state394=88 state395=88
f=336 sl=-01 pc=FAC1 address=2004 value=01 state394=88 state395=88
f=336 sl=-01 pc=FAC1 address=2004 value=18 state394=88 state395=88
f=336 sl=-01 pc=FAC1 address=2004 value=CF state394=88 state395=88
f=336 sl=-01 pc=FAC1 address=2004 value=AE state394=88 state395=88
f=336 sl=-01 pc=FAC1 address=2004 value=01 state394=88 state395=88
f=336 sl=-01 pc=FAC1 address=2004 value=20 state394=88 state395=88
f=336 sl=-01 pc=FAC1 address=2004 value=CF state394=88 state395=88
f=336 sl=-01 pc=FAC1 address=2004 value=AF state394=88 state395=88
f=336 sl=-01 pc=FAC1 address=2004 value=01 state394=88 state395=88
f=336 sl=-01 pc=FAC1 address=2004 value=28 state394=88 state395=88
f=336 sl=-01 pc=FAC1 address=2004 value=7A state394=88 state395=88
f=336 sl=-01 pc=FAC1 address=2004 value=0C state394=88 state395=88
f=336 sl=-01 pc=FAC1 address=2004 value=00 state394=88 state395=88
f=336 sl=-01 pc=FAC1 address=2004 value=99 state394=88 state395=88
f=336 sl=-01 pc=FAC1 address=2004 value=37 state394=88 state395=88
f=336 sl=-01 pc=FAC1 address=2004 value=3B state394=88 state395=88
f=336 sl=-01 pc=FAC1 address=2004 value=02 state394=88 state395=88
f=336 sl=-01 pc=FAC1 address=2004 value=C6 state394=88 state395=88
f=336 sl=-01 pc=FAC1 address=2004 value=4D state394=88 state395=88
f=336 sl=-01 pc=FAC1 address=2004 value=30 state394=88 state395=88
f=336 sl=-01 pc=FAC1 address=2004 value=02 state394=88 state395=88
f=336 sl=-01 pc=FAC1 address=2004 value=9F state394=88 state395=88
f=336 sl=-01 pc=FAC1 address=2004 value=F4 state394=88 state395=88
f=336 sl=-01 pc=FAC1 address=2004 value=06 state394=88 state395=88
f=336 sl=-01 pc=FAC1 address=2004 value=40 state394=88 state395=88
f=336 sl=-01 pc=FAC1 address=2004 value=A9 state394=88 state395=88
f=336 sl=-01 pc=FAC1 address=2004 value=7A state394=88 state395=88
f=336 sl=-01 pc=FAC1 address=2004 value=0C state394=88 state395=88
f=336 sl=-01 pc=FAC1 address=2004 value=40 state394=88 state395=88
f=336 sl=-01 pc=FAC1 address=2004 value=A9 state394=88 state395=88
f=336 sl=-01 pc=FAC1 address=2004 value=5E state394=88 state395=88
f=336 sl=-01 pc=FAC1 address=2004 value=0E state394=88 state395=88
f=336 sl=-01 pc=FAC1 address=2004 value=00 state394=88 state395=88
f=336 sl=-01 pc=FAC1 address=2004 value=12 state394=88 state395=88
f=336 sl=-01 pc=FAC1 address=2004 value=3C state394=88 state395=88
f=336 sl=-01 pc=FAC1 address=2004 value=34 state394=88 state395=88
f=336 sl=-01 pc=FAC1 address=2004 value=02 state394=88 state395=88
f=336 sl=-01 pc=FAC1 address=2004 value=A3 state394=88 state395=88
f=336 sl=-01 pc=FAC1 address=2004 value=F4 state394=88 state395=88
f=336 sl=-01 pc=FAC1 address=2004 value=2A state394=88 state395=88
f=336 sl=-01 pc=FAC1 address=2004 value=02 state394=88 state395=88
f=336 sl=-01 pc=FAC1 address=2004 value=8C state394=88 state395=88
f=336 sl=-01 pc=FAC1 address=2004 value=F4 state394=88 state395=88
f=336 sl=-01 pc=FAC1 address=2004 value=24 state394=88 state395=88
f=336 sl=-01 pc=FAC1 address=2004 value=00 state394=88 state395=88
f=336 sl=-01 pc=FAC1 address=2004 value=FE state394=88 state395=88
f=336 sl=-01 pc=FAC1 address=2004 value=46 state394=88 state395=88
f=336 sl=-01 pc=FAC1 address=2004 value=10 state394=88 state395=88
f=336 sl=-01 pc=FAC1 address=2004 value=C0 state394=88 state395=88
f=336 sl=-01 pc=FAC1 address=2004 value=BC state394=88 state395=88
f=336 sl=-01 pc=FAC1 address=2004 value=3C state394=88 state395=88
f=336 sl=-01 pc=FAC1 address=2004 value=38 state394=88 state395=88
f=336 sl=-01 pc=FAC1 address=2004 value=02 state394=88 state395=88
f=336 sl=-01 pc=FAC1 address=2004 value=AB state394=88 state395=88
f=336 sl=-01 pc=FAC1 address=2004 value=29 state394=88 state395=88
f=336 sl=-01 pc=FAC1 address=2004 value=2D state394=88 state395=88
f=336 sl=-01 pc=FAC1 address=2004 value=02 state394=88 state395=88
f=336 sl=-01 pc=FAC1 address=2004 value=98 state394=88 state395=88
f=336 sl=-01 pc=FAC1 address=2004 value=F4 state394=88 state395=88
f=336 sl=-01 pc=FAC1 address=2004 value=07 state394=88 state395=88
f=336 sl=-01 pc=FAC1 address=2004 value=00 state394=88 state395=88
f=336 sl=-01 pc=FAC1 address=2004 value=A1 state394=88 state395=88
f=336 sl=-01 pc=FAC1 address=2004 value=7A state394=88 state395=88
f=336 sl=-01 pc=FAC1 address=2004 value=0D state394=88 state395=88
f=336 sl=-01 pc=FAC1 address=2004 value=00 state394=88 state395=88
f=336 sl=-01 pc=FAC1 address=2004 value=A1 state394=88 state395=88
f=336 sl=-01 pc=FAC1 address=2004 value=38 state394=88 state395=88
f=336 sl=-01 pc=FAC1 address=2004 value=3C state394=88 state395=88
f=336 sl=-01 pc=FAC1 address=2004 value=02 state394=88 state395=88
f=336 sl=-01 pc=FAC1 address=2004 value=C7 state394=88 state395=88
f=336 sl=-01 pc=FAC1 address=2004 value=2A state394=88 state395=88
f=336 sl=-01 pc=FAC1 address=2004 value=31 state394=88 state395=88
f=336 sl=-01 pc=FAC1 address=2004 value=02 state394=88 state395=88
f=336 sl=-01 pc=FAC1 address=2004 value=A0 state394=88 state395=88
f=336 sl=-01 pc=FAC1 address=2004 value=F4 state394=88 state395=88
f=336 sl=-01 pc=FAC1 address=2004 value=07 state394=88 state395=88
f=336 sl=-01 pc=FAC1 address=2004 value=80 state394=88 state395=88
f=336 sl=-01 pc=FAC1 address=2004 value=A1 state394=88 state395=88
f=336 sl=-01 pc=FAC1 address=2004 value=82 state394=88 state395=88
f=336 sl=-01 pc=FAC1 address=2004 value=0A state394=88 state395=88
f=336 sl=-01 pc=FAC1 address=2004 value=C0 state394=88 state395=88
f=336 sl=-01 pc=FAC1 address=2004 value=A9 state394=88 state395=88
f=336 sl=-01 pc=FAC1 address=2004 value=3E state394=88 state395=88
f=336 sl=-01 pc=FAC1 address=2004 value=10 state394=88 state395=88
f=336 sl=-01 pc=FAC1 address=2004 value=00 state394=88 state395=88
f=336 sl=-01 pc=FAC1 address=2004 value=B4 state394=88 state395=88
f=336 sl=-01 pc=FAC1 address=2004 value=44 state394=88 state395=88
f=336 sl=-01 pc=FAC1 address=2004 value=35 state394=88 state395=88
f=336 sl=-01 pc=FAC1 address=2004 value=02 state394=88 state395=88
f=336 sl=-01 pc=FAC1 address=2004 value=A3 state394=88 state395=88
f=336 sl=-01 pc=FAC1 address=2004 value=3B state394=88 state395=88
f=336 sl=-01 pc=FAC1 address=2004 value=2A state394=88 state395=88
f=336 sl=-01 pc=FAC1 address=2004 value=02 state394=88 state395=88
f=336 sl=-01 pc=FAC1 address=2004 value=8C state394=88 state395=88
f=336 sl=-01 pc=FAC1 address=2004 value=F4 state394=88 state395=88
f=336 sl=-01 pc=FAC1 address=2004 value=27 state394=88 state395=88
f=336 sl=-01 pc=FAC1 address=2004 value=00 state394=88 state395=88
f=336 sl=-01 pc=FAC1 address=2004 value=FE state394=88 state395=88
f=336 sl=-01 pc=FAC1 address=2004 value=72 state394=88 state395=88
f=336 sl=-01 pc=FAC1 address=2004 value=0A state394=88 state395=88
f=336 sl=-01 pc=FAC1 address=2004 value=00 state394=88 state395=88
f=336 sl=-01 pc=FAC1 address=2004 value=99 state394=88 state395=88
f=336 sl=-01 pc=FAC1 address=2004 value=4C state394=88 state395=88
f=336 sl=-01 pc=FAC1 address=2004 value=39 state394=88 state395=88
f=336 sl=-01 pc=FAC1 address=2004 value=02 state394=88 state395=88
f=336 sl=-01 pc=FAC1 address=2004 value=AB state394=88 state395=88
f=336 sl=-01 pc=FAC1 address=2004 value=31 state394=88 state395=88
f=336 sl=-01 pc=FAC1 address=2004 value=2E state394=88 state395=88
f=336 sl=-01 pc=FAC1 address=2004 value=02 state394=88 state395=88
f=336 sl=-01 pc=FAC1 address=2004 value=98 state394=88 state395=88
f=336 sl=-01 pc=FAC1 address=2004 value=F4 state394=88 state395=88
f=336 sl=-01 pc=FAC1 address=2004 value=08 state394=88 state395=88
f=336 sl=-01 pc=FAC1 address=2004 value=00 state394=88 state395=88
f=336 sl=-01 pc=FAC1 address=2004 value=99 state394=88 state395=88
f=336 sl=-01 pc=FAC1 address=2004 value=72 state394=88 state395=88
f=336 sl=-01 pc=FAC1 address=2004 value=0A state394=88 state395=88
f=336 sl=-01 pc=FAC1 address=2004 value=40 state394=88 state395=88
f=336 sl=-01 pc=FAC1 address=2004 value=A9 state394=88 state395=88
f=336 sl=-01 pc=FAC1 address=2004 value=39 state394=88 state395=88
f=336 sl=-01 pc=FAC1 address=2004 value=3D state394=88 state395=88
f=336 sl=-01 pc=FAC1 address=2004 value=02 state394=88 state395=88
f=336 sl=-01 pc=FAC1 address=2004 value=C8 state394=88 state395=88
f=336 sl=-01 pc=FAC1 address=2004 value=32 state394=88 state395=88
f=336 sl=-01 pc=FAC1 address=2004 value=32 state394=88 state395=88
f=336 sl=-01 pc=FAC1 address=2004 value=02 state394=88 state395=88
f=336 sl=-01 pc=FAC1 address=2004 value=A0 state394=88 state395=88
f=336 sl=-01 pc=FAC1 address=2004 value=F4 state394=88 state395=88
f=336 sl=-01 pc=FAC1 address=2004 value=08 state394=88 state395=88
f=336 sl=-01 pc=FAC1 address=2004 value=40 state394=88 state395=88
f=336 sl=-01 pc=FAC1 address=2004 value=A9 state394=88 state395=88
f=336 sl=-01 pc=FAC1 address=2004 value=82 state394=88 state395=88
f=336 sl=-01 pc=FAC1 address=2004 value=0A state394=88 state395=88
f=336 sl=-01 pc=FAC1 address=2004 value=80 state394=88 state395=88
f=336 sl=-01 pc=FAC1 address=2004 value=99 state394=88 state395=88
f=336 sl=-01 pc=FAC1 address=2004 value=3E state394=88 state395=88
f=336 sl=-01 pc=FAC1 address=2004 value=10 state394=88 state395=88
f=336 sl=-01 pc=FAC1 address=2004 value=40 state394=88 state395=88
f=336 sl=-01 pc=FAC1 address=2004 value=BC state394=88 state395=88
f=336 sl=-01 pc=FAC1 address=2004 value=2C state394=88 state395=88
f=336 sl=-01 pc=FAC1 address=2004 value=36 state394=88 state395=88
f=336 sl=-01 pc=FAC1 address=2004 value=02 state394=88 state395=88
f=336 sl=-01 pc=FAC1 address=2004 value=A8 state394=88 state395=88
f=336 sl=-01 pc=FAC1 address=2004 value=2C state394=88 state395=88
f=336 sl=-01 pc=FAC1 address=2004 value=2B state394=88 state395=88
f=336 sl=-01 pc=FAC1 address=2004 value=02 state394=88 state395=88
f=336 sl=-01 pc=FAC1 address=2004 value=90 state394=88 state395=88
f=336 sl=-01 pc=FAC1 address=2004 value=F4 state394=88 state395=88
f=336 sl=-01 pc=FAC1 address=2004 value=0F state394=88 state395=88
f=336 sl=-01 pc=FAC1 address=2004 value=00 state394=88 state395=88
f=336 sl=-01 pc=FAC1 address=2004 value=B8 state394=88 state395=88
f=336 sl=-01 pc=FAC1 address=2004 value=72 state394=88 state395=88
f=336 sl=-01 pc=FAC1 address=2004 value=0B state394=88 state395=88
f=336 sl=-01 pc=FAC1 address=2004 value=00 state394=88 state395=88
f=336 sl=-01 pc=FAC1 address=2004 value=A1 state394=88 state395=88
f=336 sl=-01 pc=FAC1 address=2004 value=2E state394=88 state395=88
f=336 sl=-01 pc=FAC1 address=2004 value=3A state394=88 state395=88
f=336 sl=-01 pc=FAC1 address=2004 value=02 state394=88 state395=88
f=336 sl=-01 pc=FAC1 address=2004 value=B0 state394=88 state395=88
f=336 sl=-01 pc=FAC1 address=2004 value=45 state394=88 state395=88
f=336 sl=-01 pc=FAC1 address=2004 value=2F state394=88 state395=88
f=336 sl=-01 pc=FAC1 address=2004 value=02 state394=88 state395=88
f=336 sl=-01 pc=FAC1 address=2004 value=9F state394=88 state395=88
f=336 sl=-01 pc=FAC1 address=2004 value=F4 state394=88 state395=88
f=336 sl=-01 pc=FAC1 address=2004 value=09 state394=88 state395=88
f=336 sl=-01 pc=FAC1 address=2004 value=00 state394=88 state395=88
f=336 sl=-01 pc=FAC1 address=2004 value=A1 state394=88 state395=88
f=336 sl=-01 pc=FAC1 address=2004 value=82 state394=88 state395=88
f=336 sl=-01 pc=FAC1 address=2004 value=0B state394=88 state395=88
f=336 sl=-01 pc=FAC1 address=2004 value=80 state394=88 state395=88
f=336 sl=-01 pc=FAC1 address=2004 value=A1 state394=88 state395=88
f=336 sl=-01 pc=FAC1 address=2004 value=39 state394=88 state395=88
f=336 sl=-01 pc=FAC1 address=2004 value=3E state394=88 state395=88
f=336 sl=-01 pc=FAC1 address=2004 value=02 state394=88 state395=88
f=336 sl=-01 pc=FAC1 address=2004 value=D0 state394=88 state395=88
f=336 sl=-01 pc=FAC1 address=2004 value=56 state394=88 state395=88
f=336 sl=-01 pc=FAC1 address=2004 value=33 state394=88 state395=88
f=336 sl=-01 pc=FAC1 address=2004 value=02 state394=88 state395=88
f=336 sl=-01 pc=FAC1 address=2004 value=A0 state394=88 state395=88
f=336 sl=-01 pc=FAC1 address=2004 value=F4 state394=88 state395=88
f=336 sl=-01 pc=FAC1 address=2004 value=06 state394=88 state395=88
f=336 sl=-01 pc=FAC1 address=2004 value=80 state394=88 state395=88
f=336 sl=-01 pc=FAC1 address=2004 value=99 state394=88 state395=88
f=336 sl=-01 pc=FAC1 address=2004 value=F4 state394=88 state395=88
f=336 sl=-01 pc=FAC1 address=2004 value=21 state394=88 state395=88
f=336 sl=-01 pc=FAC1 address=2004 value=00 state394=88 state395=88
f=336 sl=-01 pc=FAC1 address=2004 value=FE state394=88 state395=88
f=336 sl=-01 pc=FAC1 address=2004 value=46 state394=88 state395=88
f=336 sl=-01 pc=FAC1 address=2004 value=10 state394=88 state395=88
f=336 sl=-01 pc=FAC1 address=2004 value=80 state394=88 state395=88
f=336 sl=-01 pc=FAC1 address=2004 value=B4 state394=88 state395=88
f=336 sl=-01 pc=FAC1 address=2004 value=34 state394=88 state395=88
f=336 sl=-01 pc=FAC1 address=2004 value=37 state394=88 state395=88
f=336 sl=-01 pc=FAC1 address=2004 value=02 state394=88 state395=88
f=336 sl=-01 pc=FAC1 address=2004 value=AB state394=88 state395=88
f=336 sl=-01 pc=FAC1 address=2004 value=4C state394=88 state395=88
f=336 sl=-01 pc=FAC1 address=2004 value=2C state394=88 state395=88
f=336 sl=-01 pc=FAC1 address=2004 value=02 state394=88 state395=88
f=336 sl=-01 pc=FAC1 address=2004 value=97 state394=88 state395=88
f=336 sl=-01 pc=FAC1 address=2004 value=F4 state394=88 state395=88
f=336 sl=-01 pc=FAC1 address=2004 value=06 state394=88 state395=88
f=336 sl=-01 pc=FAC1 address=2004 value=00 state394=88 state395=88
f=336 sl=-01 pc=FAC1 address=2004 value=99 state394=88 state395=88
f=336 sl=-01 pc=FAC1 address=4014 value=02 state394=88 state395=88
f=336 sl=-01 pc=D084 address=2000 value=89 state394=88 state395=88
f=336 sl=-01 pc=FACB address=2001 value=1E state394=88 state395=88
f=336 sl=-01 pc=FA0B address=2000 value=89 state394=88 state395=88
f=336 sl=-01 pc=F900 address=2000 value=88 state394=88 state395=88
f=336 sl=-01 pc=F900 address=2000 value=88 state394=88 state395=88
f=337 sl=-01 pc=FABC address=2003 value=00 state394=88 state395=88
f=337 sl=-01 pc=FAC1 address=2004 value=B7 state394=88 state395=88
f=337 sl=-01 pc=FAC1 address=2004 value=A0 state394=88 state395=88
f=337 sl=-01 pc=FAC1 address=2004 value=01 state394=88 state395=88
f=337 sl=-01 pc=FAC1 address=2004 value=10 state394=88 state395=88
f=337 sl=-01 pc=FAC1 address=2004 value=B7 state394=88 state395=88
f=337 sl=-01 pc=FAC1 address=2004 value=A1 state394=88 state395=88
f=337 sl=-01 pc=FAC1 address=2004 value=01 state394=88 state395=88
f=337 sl=-01 pc=FAC1 address=2004 value=18 state394=88 state395=88
f=337 sl=-01 pc=FAC1 address=2004 value=B7 state394=88 state395=88
f=337 sl=-01 pc=FAC1 address=2004 value=A2 state394=88 state395=88
f=337 sl=-01 pc=FAC1 address=2004 value=01 state394=88 state395=88
f=337 sl=-01 pc=FAC1 address=2004 value=20 state394=88 state395=88
f=337 sl=-01 pc=FAC1 address=2004 value=B7 state394=88 state395=88
f=337 sl=-01 pc=FAC1 address=2004 value=A3 state394=88 state395=88
f=337 sl=-01 pc=FAC1 address=2004 value=01 state394=88 state395=88
f=337 sl=-01 pc=FAC1 address=2004 value=28 state394=88 state395=88
f=337 sl=-01 pc=FAC1 address=2004 value=BF state394=88 state395=88
f=337 sl=-01 pc=FAC1 address=2004 value=A4 state394=88 state395=88
f=337 sl=-01 pc=FAC1 address=2004 value=01 state394=88 state395=88
f=337 sl=-01 pc=FAC1 address=2004 value=10 state394=88 state395=88
f=337 sl=-01 pc=FAC1 address=2004 value=BF state394=88 state395=88
f=337 sl=-01 pc=FAC1 address=2004 value=A5 state394=88 state395=88
f=337 sl=-01 pc=FAC1 address=2004 value=01 state394=88 state395=88
f=337 sl=-01 pc=FAC1 address=2004 value=18 state394=88 state395=88
f=337 sl=-01 pc=FAC1 address=2004 value=BF state394=88 state395=88
f=337 sl=-01 pc=FAC1 address=2004 value=A6 state394=88 state395=88
f=337 sl=-01 pc=FAC1 address=2004 value=01 state394=88 state395=88
f=337 sl=-01 pc=FAC1 address=2004 value=20 state394=88 state395=88
f=337 sl=-01 pc=FAC1 address=2004 value=BF state394=88 state395=88
f=337 sl=-01 pc=FAC1 address=2004 value=A7 state394=88 state395=88
f=337 sl=-01 pc=FAC1 address=2004 value=01 state394=88 state395=88
f=337 sl=-01 pc=FAC1 address=2004 value=28 state394=88 state395=88
f=337 sl=-01 pc=FAC1 address=2004 value=C7 state394=88 state395=88
f=337 sl=-01 pc=FAC1 address=2004 value=A8 state394=88 state395=88
f=337 sl=-01 pc=FAC1 address=2004 value=01 state394=88 state395=88
f=337 sl=-01 pc=FAC1 address=2004 value=10 state394=88 state395=88
f=337 sl=-01 pc=FAC1 address=2004 value=C7 state394=88 state395=88
f=337 sl=-01 pc=FAC1 address=2004 value=A9 state394=88 state395=88
f=337 sl=-01 pc=FAC1 address=2004 value=01 state394=88 state395=88
f=337 sl=-01 pc=FAC1 address=2004 value=18 state394=88 state395=88
f=337 sl=-01 pc=FAC1 address=2004 value=C7 state394=88 state395=88
f=337 sl=-01 pc=FAC1 address=2004 value=AA state394=88 state395=88
f=337 sl=-01 pc=FAC1 address=2004 value=01 state394=88 state395=88
f=337 sl=-01 pc=FAC1 address=2004 value=20 state394=88 state395=88
f=337 sl=-01 pc=FAC1 address=2004 value=C7 state394=88 state395=88
f=337 sl=-01 pc=FAC1 address=2004 value=AB state394=88 state395=88
f=337 sl=-01 pc=FAC1 address=2004 value=01 state394=88 state395=88
f=337 sl=-01 pc=FAC1 address=2004 value=28 state394=88 state395=88
f=337 sl=-01 pc=FAC1 address=2004 value=CF state394=88 state395=88
f=337 sl=-01 pc=FAC1 address=2004 value=AC state394=88 state395=88
f=337 sl=-01 pc=FAC1 address=2004 value=01 state394=88 state395=88
f=337 sl=-01 pc=FAC1 address=2004 value=10 state394=88 state395=88
f=337 sl=-01 pc=FAC1 address=2004 value=CF state394=88 state395=88
f=337 sl=-01 pc=FAC1 address=2004 value=AD state394=88 state395=88
f=337 sl=-01 pc=FAC1 address=2004 value=01 state394=88 state395=88
f=337 sl=-01 pc=FAC1 address=2004 value=18 state394=88 state395=88
f=337 sl=-01 pc=FAC1 address=2004 value=CF state394=88 state395=88
f=337 sl=-01 pc=FAC1 address=2004 value=AE state394=88 state395=88
f=337 sl=-01 pc=FAC1 address=2004 value=01 state394=88 state395=88
f=337 sl=-01 pc=FAC1 address=2004 value=20 state394=88 state395=88
f=337 sl=-01 pc=FAC1 address=2004 value=CF state394=88 state395=88
f=337 sl=-01 pc=FAC1 address=2004 value=AF state394=88 state395=88
f=337 sl=-01 pc=FAC1 address=2004 value=01 state394=88 state395=88
f=337 sl=-01 pc=FAC1 address=2004 value=28 state394=88 state395=88
f=337 sl=-01 pc=FAC1 address=2004 value=72 state394=88 state395=88
f=337 sl=-01 pc=FAC1 address=2004 value=0B state394=88 state395=88
f=337 sl=-01 pc=FAC1 address=2004 value=00 state394=88 state395=88
f=337 sl=-01 pc=FAC1 address=2004 value=A1 state394=88 state395=88
f=337 sl=-01 pc=FAC1 address=2004 value=2E state394=88 state395=88
f=337 sl=-01 pc=FAC1 address=2004 value=3A state394=88 state395=88
f=337 sl=-01 pc=FAC1 address=2004 value=02 state394=88 state395=88
f=337 sl=-01 pc=FAC1 address=2004 value=B0 state394=88 state395=88
f=337 sl=-01 pc=FAC1 address=2004 value=45 state394=88 state395=88
f=337 sl=-01 pc=FAC1 address=2004 value=2F state394=88 state395=88
f=337 sl=-01 pc=FAC1 address=2004 value=02 state394=88 state395=88
f=337 sl=-01 pc=FAC1 address=2004 value=9F state394=88 state395=88
f=337 sl=-01 pc=FAC1 address=2004 value=F4 state394=88 state395=88
f=337 sl=-01 pc=FAC1 address=2004 value=06 state394=88 state395=88
f=337 sl=-01 pc=FAC1 address=2004 value=40 state394=88 state395=88
f=337 sl=-01 pc=FAC1 address=2004 value=A9 state394=88 state395=88
f=337 sl=-01 pc=FAC1 address=2004 value=82 state394=88 state395=88
f=337 sl=-01 pc=FAC1 address=2004 value=0B state394=88 state395=88
f=337 sl=-01 pc=FAC1 address=2004 value=80 state394=88 state395=88
f=337 sl=-01 pc=FAC1 address=2004 value=A1 state394=88 state395=88
f=337 sl=-01 pc=FAC1 address=2004 value=39 state394=88 state395=88
f=337 sl=-01 pc=FAC1 address=2004 value=3E state394=88 state395=88
f=337 sl=-01 pc=FAC1 address=2004 value=02 state394=88 state395=88
f=337 sl=-01 pc=FAC1 address=2004 value=D0 state394=88 state395=88
f=337 sl=-01 pc=FAC1 address=2004 value=56 state394=88 state395=88
f=337 sl=-01 pc=FAC1 address=2004 value=33 state394=88 state395=88
f=337 sl=-01 pc=FAC1 address=2004 value=02 state394=88 state395=88
f=337 sl=-01 pc=FAC1 address=2004 value=A0 state394=88 state395=88
f=337 sl=-01 pc=FAC1 address=2004 value=F4 state394=88 state395=88
f=337 sl=-01 pc=FAC1 address=2004 value=2A state394=88 state395=88
f=337 sl=-01 pc=FAC1 address=2004 value=02 state394=88 state395=88
f=337 sl=-01 pc=FAC1 address=2004 value=8C state394=88 state395=88
f=337 sl=-01 pc=FAC1 address=2004 value=F4 state394=88 state395=88
f=337 sl=-01 pc=FAC1 address=2004 value=24 state394=88 state395=88
f=337 sl=-01 pc=FAC1 address=2004 value=00 state394=88 state395=88
f=337 sl=-01 pc=FAC1 address=2004 value=FE state394=88 state395=88
f=337 sl=-01 pc=FAC1 address=2004 value=46 state394=88 state395=88
f=337 sl=-01 pc=FAC1 address=2004 value=10 state394=88 state395=88
f=337 sl=-01 pc=FAC1 address=2004 value=80 state394=88 state395=88
f=337 sl=-01 pc=FAC1 address=2004 value=B4 state394=88 state395=88
f=337 sl=-01 pc=FAC1 address=2004 value=34 state394=88 state395=88
f=337 sl=-01 pc=FAC1 address=2004 value=37 state394=88 state395=88
f=337 sl=-01 pc=FAC1 address=2004 value=02 state394=88 state395=88
f=337 sl=-01 pc=FAC1 address=2004 value=AB state394=88 state395=88
f=337 sl=-01 pc=FAC1 address=2004 value=4C state394=88 state395=88
f=337 sl=-01 pc=FAC1 address=2004 value=2C state394=88 state395=88
f=337 sl=-01 pc=FAC1 address=2004 value=02 state394=88 state395=88
f=337 sl=-01 pc=FAC1 address=2004 value=97 state394=88 state395=88
f=337 sl=-01 pc=FAC1 address=2004 value=F4 state394=88 state395=88
f=337 sl=-01 pc=FAC1 address=2004 value=07 state394=88 state395=88
f=337 sl=-01 pc=FAC1 address=2004 value=00 state394=88 state395=88
f=337 sl=-01 pc=FAC1 address=2004 value=A1 state394=88 state395=88
f=337 sl=-01 pc=FAC1 address=2004 value=7A state394=88 state395=88
f=337 sl=-01 pc=FAC1 address=2004 value=0C state394=88 state395=88
f=337 sl=-01 pc=FAC1 address=2004 value=00 state394=88 state395=88
f=337 sl=-01 pc=FAC1 address=2004 value=99 state394=88 state395=88
f=337 sl=-01 pc=FAC1 address=2004 value=37 state394=88 state395=88
f=337 sl=-01 pc=FAC1 address=2004 value=3B state394=88 state395=88
f=337 sl=-01 pc=FAC1 address=2004 value=02 state394=88 state395=88
f=337 sl=-01 pc=FAC1 address=2004 value=C6 state394=88 state395=88
f=337 sl=-01 pc=FAC1 address=2004 value=4D state394=88 state395=88
f=337 sl=-01 pc=FAC1 address=2004 value=30 state394=88 state395=88
f=337 sl=-01 pc=FAC1 address=2004 value=02 state394=88 state395=88
f=337 sl=-01 pc=FAC1 address=2004 value=9F state394=88 state395=88
f=337 sl=-01 pc=FAC1 address=2004 value=F4 state394=88 state395=88
f=337 sl=-01 pc=FAC1 address=2004 value=07 state394=88 state395=88
f=337 sl=-01 pc=FAC1 address=2004 value=80 state394=88 state395=88
f=337 sl=-01 pc=FAC1 address=2004 value=A1 state394=88 state395=88
f=337 sl=-01 pc=FAC1 address=2004 value=7A state394=88 state395=88
f=337 sl=-01 pc=FAC1 address=2004 value=0C state394=88 state395=88
f=337 sl=-01 pc=FAC1 address=2004 value=40 state394=88 state395=88
f=337 sl=-01 pc=FAC1 address=2004 value=A9 state394=88 state395=88
f=337 sl=-01 pc=FAC1 address=2004 value=5E state394=88 state395=88
f=337 sl=-01 pc=FAC1 address=2004 value=0E state394=88 state395=88
f=337 sl=-01 pc=FAC1 address=2004 value=00 state394=88 state395=88
f=337 sl=-01 pc=FAC1 address=2004 value=12 state394=88 state395=88
f=337 sl=-01 pc=FAC1 address=2004 value=3C state394=88 state395=88
f=337 sl=-01 pc=FAC1 address=2004 value=34 state394=88 state395=88
f=337 sl=-01 pc=FAC1 address=2004 value=02 state394=88 state395=88
f=337 sl=-01 pc=FAC1 address=2004 value=A3 state394=88 state395=88
f=337 sl=-01 pc=FAC1 address=2004 value=F4 state394=88 state395=88
f=337 sl=-01 pc=FAC1 address=2004 value=2A state394=88 state395=88
f=337 sl=-01 pc=FAC1 address=2004 value=02 state394=88 state395=88
f=337 sl=-01 pc=FAC1 address=2004 value=8C state394=88 state395=88
f=337 sl=-01 pc=FAC1 address=2004 value=F4 state394=88 state395=88
f=337 sl=-01 pc=FAC1 address=2004 value=27 state394=88 state395=88
f=337 sl=-01 pc=FAC1 address=2004 value=00 state394=88 state395=88
f=337 sl=-01 pc=FAC1 address=2004 value=FE state394=88 state395=88
f=337 sl=-01 pc=FAC1 address=2004 value=46 state394=88 state395=88
f=337 sl=-01 pc=FAC1 address=2004 value=10 state394=88 state395=88
f=337 sl=-01 pc=FAC1 address=2004 value=C0 state394=88 state395=88
f=337 sl=-01 pc=FAC1 address=2004 value=BC state394=88 state395=88
f=337 sl=-01 pc=FAC1 address=2004 value=3C state394=88 state395=88
f=337 sl=-01 pc=FAC1 address=2004 value=38 state394=88 state395=88
f=337 sl=-01 pc=FAC1 address=2004 value=02 state394=88 state395=88
f=337 sl=-01 pc=FAC1 address=2004 value=AB state394=88 state395=88
f=337 sl=-01 pc=FAC1 address=2004 value=29 state394=88 state395=88
f=337 sl=-01 pc=FAC1 address=2004 value=2D state394=88 state395=88
f=337 sl=-01 pc=FAC1 address=2004 value=02 state394=88 state395=88
f=337 sl=-01 pc=FAC1 address=2004 value=98 state394=88 state395=88
f=337 sl=-01 pc=FAC1 address=2004 value=F4 state394=88 state395=88
f=337 sl=-01 pc=FAC1 address=2004 value=08 state394=88 state395=88
f=337 sl=-01 pc=FAC1 address=2004 value=00 state394=88 state395=88
f=337 sl=-01 pc=FAC1 address=2004 value=99 state394=88 state395=88
f=337 sl=-01 pc=FAC1 address=2004 value=7A state394=88 state395=88
f=337 sl=-01 pc=FAC1 address=2004 value=0D state394=88 state395=88
f=337 sl=-01 pc=FAC1 address=2004 value=00 state394=88 state395=88
f=337 sl=-01 pc=FAC1 address=2004 value=A1 state394=88 state395=88
f=337 sl=-01 pc=FAC1 address=2004 value=38 state394=88 state395=88
f=337 sl=-01 pc=FAC1 address=2004 value=3C state394=88 state395=88
f=337 sl=-01 pc=FAC1 address=2004 value=02 state394=88 state395=88
f=337 sl=-01 pc=FAC1 address=2004 value=C7 state394=88 state395=88
f=337 sl=-01 pc=FAC1 address=2004 value=2A state394=88 state395=88
f=337 sl=-01 pc=FAC1 address=2004 value=31 state394=88 state395=88
f=337 sl=-01 pc=FAC1 address=2004 value=02 state394=88 state395=88
f=337 sl=-01 pc=FAC1 address=2004 value=A0 state394=88 state395=88
f=337 sl=-01 pc=FAC1 address=2004 value=F4 state394=88 state395=88
f=337 sl=-01 pc=FAC1 address=2004 value=08 state394=88 state395=88
f=337 sl=-01 pc=FAC1 address=2004 value=40 state394=88 state395=88
f=337 sl=-01 pc=FAC1 address=2004 value=A9 state394=88 state395=88
f=337 sl=-01 pc=FAC1 address=2004 value=82 state394=88 state395=88
f=337 sl=-01 pc=FAC1 address=2004 value=0A state394=88 state395=88
f=337 sl=-01 pc=FAC1 address=2004 value=C0 state394=88 state395=88
f=337 sl=-01 pc=FAC1 address=2004 value=A9 state394=88 state395=88
f=337 sl=-01 pc=FAC1 address=2004 value=3E state394=88 state395=88
f=337 sl=-01 pc=FAC1 address=2004 value=10 state394=88 state395=88
f=337 sl=-01 pc=FAC1 address=2004 value=00 state394=88 state395=88
f=337 sl=-01 pc=FAC1 address=2004 value=B4 state394=88 state395=88
f=337 sl=-01 pc=FAC1 address=2004 value=44 state394=88 state395=88
f=337 sl=-01 pc=FAC1 address=2004 value=35 state394=88 state395=88
f=337 sl=-01 pc=FAC1 address=2004 value=02 state394=88 state395=88
f=337 sl=-01 pc=FAC1 address=2004 value=A3 state394=88 state395=88
f=337 sl=-01 pc=FAC1 address=2004 value=3B state394=88 state395=88
f=337 sl=-01 pc=FAC1 address=2004 value=2A state394=88 state395=88
f=337 sl=-01 pc=FAC1 address=2004 value=02 state394=88 state395=88
f=337 sl=-01 pc=FAC1 address=2004 value=8C state394=88 state395=88
f=337 sl=-01 pc=FAC1 address=2004 value=F4 state394=88 state395=88
f=337 sl=-01 pc=FAC1 address=2004 value=0F state394=88 state395=88
f=337 sl=-01 pc=FAC1 address=2004 value=00 state394=88 state395=88
f=337 sl=-01 pc=FAC1 address=2004 value=B8 state394=88 state395=88
f=337 sl=-01 pc=FAC1 address=2004 value=72 state394=88 state395=88
f=337 sl=-01 pc=FAC1 address=2004 value=0A state394=88 state395=88
f=337 sl=-01 pc=FAC1 address=2004 value=00 state394=88 state395=88
f=337 sl=-01 pc=FAC1 address=2004 value=99 state394=88 state395=88
f=337 sl=-01 pc=FAC1 address=2004 value=4C state394=88 state395=88
f=337 sl=-01 pc=FAC1 address=2004 value=39 state394=88 state395=88
f=337 sl=-01 pc=FAC1 address=2004 value=02 state394=88 state395=88
f=337 sl=-01 pc=FAC1 address=2004 value=AB state394=88 state395=88
f=337 sl=-01 pc=FAC1 address=2004 value=31 state394=88 state395=88
f=337 sl=-01 pc=FAC1 address=2004 value=2E state394=88 state395=88
f=337 sl=-01 pc=FAC1 address=2004 value=02 state394=88 state395=88
f=337 sl=-01 pc=FAC1 address=2004 value=98 state394=88 state395=88
f=337 sl=-01 pc=FAC1 address=2004 value=F4 state394=88 state395=88
f=337 sl=-01 pc=FAC1 address=2004 value=09 state394=88 state395=88
f=337 sl=-01 pc=FAC1 address=2004 value=00 state394=88 state395=88
f=337 sl=-01 pc=FAC1 address=2004 value=A1 state394=88 state395=88
f=337 sl=-01 pc=FAC1 address=2004 value=72 state394=88 state395=88
f=337 sl=-01 pc=FAC1 address=2004 value=0A state394=88 state395=88
f=337 sl=-01 pc=FAC1 address=2004 value=40 state394=88 state395=88
f=337 sl=-01 pc=FAC1 address=2004 value=A9 state394=88 state395=88
f=337 sl=-01 pc=FAC1 address=2004 value=39 state394=88 state395=88
f=337 sl=-01 pc=FAC1 address=2004 value=3D state394=88 state395=88
f=337 sl=-01 pc=FAC1 address=2004 value=02 state394=88 state395=88
f=337 sl=-01 pc=FAC1 address=2004 value=C8 state394=88 state395=88
f=337 sl=-01 pc=FAC1 address=2004 value=32 state394=88 state395=88
f=337 sl=-01 pc=FAC1 address=2004 value=32 state394=88 state395=88
f=337 sl=-01 pc=FAC1 address=2004 value=02 state394=88 state395=88
f=337 sl=-01 pc=FAC1 address=2004 value=A0 state394=88 state395=88
f=337 sl=-01 pc=FAC1 address=2004 value=F4 state394=88 state395=88
f=337 sl=-01 pc=FAC1 address=2004 value=06 state394=88 state395=88
f=337 sl=-01 pc=FAC1 address=2004 value=80 state394=88 state395=88
f=337 sl=-01 pc=FAC1 address=2004 value=99 state394=88 state395=88
f=337 sl=-01 pc=FAC1 address=2004 value=82 state394=88 state395=88
f=337 sl=-01 pc=FAC1 address=2004 value=0A state394=88 state395=88
f=337 sl=-01 pc=FAC1 address=2004 value=80 state394=88 state395=88
f=337 sl=-01 pc=FAC1 address=2004 value=99 state394=88 state395=88
f=337 sl=-01 pc=FAC1 address=2004 value=3E state394=88 state395=88
f=337 sl=-01 pc=FAC1 address=2004 value=10 state394=88 state395=88
f=337 sl=-01 pc=FAC1 address=2004 value=40 state394=88 state395=88
f=337 sl=-01 pc=FAC1 address=2004 value=BC state394=88 state395=88
f=337 sl=-01 pc=FAC1 address=2004 value=2C state394=88 state395=88
f=337 sl=-01 pc=FAC1 address=2004 value=36 state394=88 state395=88
f=337 sl=-01 pc=FAC1 address=2004 value=02 state394=88 state395=88
f=337 sl=-01 pc=FAC1 address=2004 value=A8 state394=88 state395=88
f=337 sl=-01 pc=FAC1 address=2004 value=2C state394=88 state395=88
f=337 sl=-01 pc=FAC1 address=2004 value=2B state394=88 state395=88
f=337 sl=-01 pc=FAC1 address=2004 value=02 state394=88 state395=88
f=337 sl=-01 pc=FAC1 address=2004 value=90 state394=88 state395=88
f=337 sl=-01 pc=FAC1 address=2004 value=F4 state394=88 state395=88
f=337 sl=-01 pc=FAC1 address=2004 value=06 state394=88 state395=88
f=337 sl=-01 pc=FAC1 address=2004 value=00 state394=88 state395=88
f=337 sl=-01 pc=FAC1 address=2004 value=99 state394=88 state395=88
f=337 sl=-01 pc=FAC1 address=4014 value=02 state394=88 state395=88
f=337 sl=-01 pc=D084 address=2000 value=89 state394=88 state395=88
f=337 sl=-01 pc=FACB address=2001 value=1E state394=88 state395=88
f=337 sl=-01 pc=FA0B address=2000 value=89 state394=88 state395=88
f=337 sl=-01 pc=F900 address=2000 value=88 state394=88 state395=88
f=337 sl=-01 pc=F900 address=2000 value=88 state394=88 state395=88
f=338 sl=-01 pc=FABC address=2003 value=00 state394=88 state395=88
f=338 sl=-01 pc=FAC1 address=2004 value=B7 state394=88 state395=88
f=338 sl=-01 pc=FAC1 address=2004 value=A0 state394=88 state395=88
f=338 sl=-01 pc=FAC1 address=2004 value=01 state394=88 state395=88
f=338 sl=-01 pc=FAC1 address=2004 value=10 state394=88 state395=88
f=338 sl=-01 pc=FAC1 address=2004 value=B7 state394=88 state395=88
f=338 sl=-01 pc=FAC1 address=2004 value=A1 state394=88 state395=88
f=338 sl=-01 pc=FAC1 address=2004 value=01 state394=88 state395=88
f=338 sl=-01 pc=FAC1 address=2004 value=18 state394=88 state395=88
f=338 sl=-01 pc=FAC1 address=2004 value=B7 state394=88 state395=88
f=338 sl=-01 pc=FAC1 address=2004 value=A2 state394=88 state395=88
f=338 sl=-01 pc=FAC1 address=2004 value=01 state394=88 state395=88
f=338 sl=-01 pc=FAC1 address=2004 value=20 state394=88 state395=88
f=338 sl=-01 pc=FAC1 address=2004 value=B7 state394=88 state395=88
f=338 sl=-01 pc=FAC1 address=2004 value=A3 state394=88 state395=88
f=338 sl=-01 pc=FAC1 address=2004 value=01 state394=88 state395=88
f=338 sl=-01 pc=FAC1 address=2004 value=28 state394=88 state395=88
f=338 sl=-01 pc=FAC1 address=2004 value=BF state394=88 state395=88
f=338 sl=-01 pc=FAC1 address=2004 value=A4 state394=88 state395=88
f=338 sl=-01 pc=FAC1 address=2004 value=01 state394=88 state395=88
f=338 sl=-01 pc=FAC1 address=2004 value=10 state394=88 state395=88
f=338 sl=-01 pc=FAC1 address=2004 value=BF state394=88 state395=88
f=338 sl=-01 pc=FAC1 address=2004 value=A5 state394=88 state395=88
f=338 sl=-01 pc=FAC1 address=2004 value=01 state394=88 state395=88
f=338 sl=-01 pc=FAC1 address=2004 value=18 state394=88 state395=88
f=338 sl=-01 pc=FAC1 address=2004 value=BF state394=88 state395=88
f=338 sl=-01 pc=FAC1 address=2004 value=A6 state394=88 state395=88
f=338 sl=-01 pc=FAC1 address=2004 value=01 state394=88 state395=88
f=338 sl=-01 pc=FAC1 address=2004 value=20 state394=88 state395=88
f=338 sl=-01 pc=FAC1 address=2004 value=BF state394=88 state395=88
f=338 sl=-01 pc=FAC1 address=2004 value=A7 state394=88 state395=88
f=338 sl=-01 pc=FAC1 address=2004 value=01 state394=88 state395=88
f=338 sl=-01 pc=FAC1 address=2004 value=28 state394=88 state395=88
f=338 sl=-01 pc=FAC1 address=2004 value=C7 state394=88 state395=88
f=338 sl=-01 pc=FAC1 address=2004 value=A8 state394=88 state395=88
f=338 sl=-01 pc=FAC1 address=2004 value=01 state394=88 state395=88
f=338 sl=-01 pc=FAC1 address=2004 value=10 state394=88 state395=88
f=338 sl=-01 pc=FAC1 address=2004 value=C7 state394=88 state395=88
f=338 sl=-01 pc=FAC1 address=2004 value=A9 state394=88 state395=88
f=338 sl=-01 pc=FAC1 address=2004 value=01 state394=88 state395=88
f=338 sl=-01 pc=FAC1 address=2004 value=18 state394=88 state395=88
f=338 sl=-01 pc=FAC1 address=2004 value=C7 state394=88 state395=88
f=338 sl=-01 pc=FAC1 address=2004 value=AA state394=88 state395=88
f=338 sl=-01 pc=FAC1 address=2004 value=01 state394=88 state395=88
f=338 sl=-01 pc=FAC1 address=2004 value=20 state394=88 state395=88
f=338 sl=-01 pc=FAC1 address=2004 value=C7 state394=88 state395=88
f=338 sl=-01 pc=FAC1 address=2004 value=AB state394=88 state395=88
f=338 sl=-01 pc=FAC1 address=2004 value=01 state394=88 state395=88
f=338 sl=-01 pc=FAC1 address=2004 value=28 state394=88 state395=88
f=338 sl=-01 pc=FAC1 address=2004 value=CF state394=88 state395=88
f=338 sl=-01 pc=FAC1 address=2004 value=AC state394=88 state395=88
f=338 sl=-01 pc=FAC1 address=2004 value=01 state394=88 state395=88
f=338 sl=-01 pc=FAC1 address=2004 value=10 state394=88 state395=88
f=338 sl=-01 pc=FAC1 address=2004 value=CF state394=88 state395=88
f=338 sl=-01 pc=FAC1 address=2004 value=AD state394=88 state395=88
f=338 sl=-01 pc=FAC1 address=2004 value=01 state394=88 state395=88
f=338 sl=-01 pc=FAC1 address=2004 value=18 state394=88 state395=88
f=338 sl=-01 pc=FAC1 address=2004 value=CF state394=88 state395=88
f=338 sl=-01 pc=FAC1 address=2004 value=AE state394=88 state395=88
f=338 sl=-01 pc=FAC1 address=2004 value=01 state394=88 state395=88
f=338 sl=-01 pc=FAC1 address=2004 value=20 state394=88 state395=88
f=338 sl=-01 pc=FAC1 address=2004 value=CF state394=88 state395=88
f=338 sl=-01 pc=FAC1 address=2004 value=AF state394=88 state395=88
f=338 sl=-01 pc=FAC1 address=2004 value=01 state394=88 state395=88
f=338 sl=-01 pc=FAC1 address=2004 value=28 state394=88 state395=88
f=338 sl=-01 pc=FAC1 address=2004 value=3A state394=88 state395=88
f=338 sl=-01 pc=FAC1 address=2004 value=06 state394=88 state395=88
f=338 sl=-01 pc=FAC1 address=2004 value=40 state394=88 state395=88
f=338 sl=-01 pc=FAC1 address=2004 value=C0 state394=88 state395=88
f=338 sl=-01 pc=FAC1 address=2004 value=4C state394=88 state395=88
f=338 sl=-01 pc=FAC1 address=2004 value=39 state394=88 state395=88
f=338 sl=-01 pc=FAC1 address=2004 value=02 state394=88 state395=88
f=338 sl=-01 pc=FAC1 address=2004 value=AB state394=88 state395=88
f=338 sl=-01 pc=FAC1 address=2004 value=31 state394=88 state395=88
f=338 sl=-01 pc=FAC1 address=2004 value=2E state394=88 state395=88
f=338 sl=-01 pc=FAC1 address=2004 value=02 state394=88 state395=88
f=338 sl=-01 pc=FAC1 address=2004 value=98 state394=88 state395=88
f=338 sl=-01 pc=FAC1 address=2004 value=F4 state394=88 state395=88
f=338 sl=-01 pc=FAC1 address=2004 value=06 state394=88 state395=88
f=338 sl=-01 pc=FAC1 address=2004 value=40 state394=88 state395=88
f=338 sl=-01 pc=FAC1 address=2004 value=A9 state394=88 state395=88
f=338 sl=-01 pc=FAC1 address=2004 value=4A state394=88 state395=88
f=338 sl=-01 pc=FAC1 address=2004 value=06 state394=88 state395=88
f=338 sl=-01 pc=FAC1 address=2004 value=C0 state394=88 state395=88
f=338 sl=-01 pc=FAC1 address=2004 value=C0 state394=88 state395=88
f=338 sl=-01 pc=FAC1 address=2004 value=39 state394=88 state395=88
f=338 sl=-01 pc=FAC1 address=2004 value=3D state394=88 state395=88
f=338 sl=-01 pc=FAC1 address=2004 value=02 state394=88 state395=88
f=338 sl=-01 pc=FAC1 address=2004 value=C8 state394=88 state395=88
f=338 sl=-01 pc=FAC1 address=2004 value=32 state394=88 state395=88
f=338 sl=-01 pc=FAC1 address=2004 value=32 state394=88 state395=88
f=338 sl=-01 pc=FAC1 address=2004 value=02 state394=88 state395=88
f=338 sl=-01 pc=FAC1 address=2004 value=A0 state394=88 state395=88
f=338 sl=-01 pc=FAC1 address=2004 value=F4 state394=88 state395=88
f=338 sl=-01 pc=FAC1 address=2004 value=2A state394=88 state395=88
f=338 sl=-01 pc=FAC1 address=2004 value=02 state394=88 state395=88
f=338 sl=-01 pc=FAC1 address=2004 value=8C state394=88 state395=88
f=338 sl=-01 pc=FAC1 address=2004 value=7F state394=88 state395=88
f=338 sl=-01 pc=FAC1 address=2004 value=24 state394=88 state395=88
f=338 sl=-01 pc=FAC1 address=2004 value=00 state394=88 state395=88
f=338 sl=-01 pc=FAC1 address=2004 value=99 state394=88 state395=88
f=338 sl=-01 pc=FAC1 address=2004 value=3A state394=88 state395=88
f=338 sl=-01 pc=FAC1 address=2004 value=07 state394=88 state395=88
f=338 sl=-01 pc=FAC1 address=2004 value=00 state394=88 state395=88
f=338 sl=-01 pc=FAC1 address=2004 value=B8 state394=88 state395=88
f=338 sl=-01 pc=FAC1 address=2004 value=2C state394=88 state395=88
f=338 sl=-01 pc=FAC1 address=2004 value=36 state394=88 state395=88
f=338 sl=-01 pc=FAC1 address=2004 value=02 state394=88 state395=88
f=338 sl=-01 pc=FAC1 address=2004 value=A8 state394=88 state395=88
f=338 sl=-01 pc=FAC1 address=2004 value=2C state394=88 state395=88
f=338 sl=-01 pc=FAC1 address=2004 value=2B state394=88 state395=88
f=338 sl=-01 pc=FAC1 address=2004 value=02 state394=88 state395=88
f=338 sl=-01 pc=FAC1 address=2004 value=90 state394=88 state395=88
f=338 sl=-01 pc=FAC1 address=2004 value=87 state394=88 state395=88
f=338 sl=-01 pc=FAC1 address=2004 value=28 state394=88 state395=88
f=338 sl=-01 pc=FAC1 address=2004 value=00 state394=88 state395=88
f=338 sl=-01 pc=FAC1 address=2004 value=A1 state394=88 state395=88
f=338 sl=-01 pc=FAC1 address=2004 value=4A state394=88 state395=88
f=338 sl=-01 pc=FAC1 address=2004 value=07 state394=88 state395=88
f=338 sl=-01 pc=FAC1 address=2004 value=80 state394=88 state395=88
f=338 sl=-01 pc=FAC1 address=2004 value=B8 state394=88 state395=88
f=338 sl=-01 pc=FAC1 address=2004 value=2E state394=88 state395=88
f=338 sl=-01 pc=FAC1 address=2004 value=3A state394=88 state395=88
f=338 sl=-01 pc=FAC1 address=2004 value=02 state394=88 state395=88
f=338 sl=-01 pc=FAC1 address=2004 value=B0 state394=88 state395=88
f=338 sl=-01 pc=FAC1 address=2004 value=45 state394=88 state395=88
f=338 sl=-01 pc=FAC1 address=2004 value=2F state394=88 state395=88
f=338 sl=-01 pc=FAC1 address=2004 value=02 state394=88 state395=88
f=338 sl=-01 pc=FAC1 address=2004 value=9F state394=88 state395=88
f=338 sl=-01 pc=FAC1 address=2004 value=F4 state394=88 state395=88
f=338 sl=-01 pc=FAC1 address=2004 value=07 state394=88 state395=88
f=338 sl=-01 pc=FAC1 address=2004 value=80 state394=88 state395=88
f=338 sl=-01 pc=FAC1 address=2004 value=A1 state394=88 state395=88
f=338 sl=-01 pc=FAC1 address=2004 value=77 state394=88 state395=88
f=338 sl=-01 pc=FAC1 address=2004 value=21 state394=88 state395=88
f=338 sl=-01 pc=FAC1 address=2004 value=00 state394=88 state395=88
f=338 sl=-01 pc=FAC1 address=2004 value=99 state394=88 state395=88
f=338 sl=-01 pc=FAC1 address=2004 value=39 state394=88 state395=88
f=338 sl=-01 pc=FAC1 address=2004 value=3E state394=88 state395=88
f=338 sl=-01 pc=FAC1 address=2004 value=02 state394=88 state395=88
f=338 sl=-01 pc=FAC1 address=2004 value=D0 state394=88 state395=88
f=338 sl=-01 pc=FAC1 address=2004 value=56 state394=88 state395=88
f=338 sl=-01 pc=FAC1 address=2004 value=33 state394=88 state395=88
f=338 sl=-01 pc=FAC1 address=2004 value=02 state394=88 state395=88
f=338 sl=-01 pc=FAC1 address=2004 value=A0 state394=88 state395=88
f=338 sl=-01 pc=FAC1 address=2004 value=F4 state394=88 state395=88
f=338 sl=-01 pc=FAC1 address=2004 value=2A state394=88 state395=88
f=338 sl=-01 pc=FAC1 address=2004 value=02 state394=88 state395=88
f=338 sl=-01 pc=FAC1 address=2004 value=8C state394=88 state395=88
f=338 sl=-01 pc=FAC1 address=2004 value=7F state394=88 state395=88
f=338 sl=-01 pc=FAC1 address=2004 value=25 state394=88 state395=88
f=338 sl=-01 pc=FAC1 address=2004 value=00 state394=88 state395=88
f=338 sl=-01 pc=FAC1 address=2004 value=A1 state394=88 state395=88
f=338 sl=-01 pc=FAC1 address=2004 value=42 state394=88 state395=88
f=338 sl=-01 pc=FAC1 address=2004 value=08 state394=88 state395=88
f=338 sl=-01 pc=FAC1 address=2004 value=00 state394=88 state395=88
f=338 sl=-01 pc=FAC1 address=2004 value=B0 state394=88 state395=88
f=338 sl=-01 pc=FAC1 address=2004 value=34 state394=88 state395=88
f=338 sl=-01 pc=FAC1 address=2004 value=37 state394=88 state395=88
f=338 sl=-01 pc=FAC1 address=2004 value=02 state394=88 state395=88
f=338 sl=-01 pc=FAC1 address=2004 value=AB state394=88 state395=88
f=338 sl=-01 pc=FAC1 address=2004 value=4C state394=88 state395=88
f=338 sl=-01 pc=FAC1 address=2004 value=2C state394=88 state395=88
f=338 sl=-01 pc=FAC1 address=2004 value=02 state394=88 state395=88
f=338 sl=-01 pc=FAC1 address=2004 value=97 state394=88 state395=88
f=338 sl=-01 pc=FAC1 address=2004 value=87 state394=88 state395=88
f=338 sl=-01 pc=FAC1 address=2004 value=29 state394=88 state395=88
f=338 sl=-01 pc=FAC1 address=2004 value=00 state394=88 state395=88
f=338 sl=-01 pc=FAC1 address=2004 value=A9 state394=88 state395=88
f=338 sl=-01 pc=FAC1 address=2004 value=42 state394=88 state395=88
f=338 sl=-01 pc=FAC1 address=2004 value=08 state394=88 state395=88
f=338 sl=-01 pc=FAC1 address=2004 value=40 state394=88 state395=88
f=338 sl=-01 pc=FAC1 address=2004 value=C0 state394=88 state395=88
f=338 sl=-01 pc=FAC1 address=2004 value=37 state394=88 state395=88
f=338 sl=-01 pc=FAC1 address=2004 value=3B state394=88 state395=88
f=338 sl=-01 pc=FAC1 address=2004 value=02 state394=88 state395=88
f=338 sl=-01 pc=FAC1 address=2004 value=C6 state394=88 state395=88
f=338 sl=-01 pc=FAC1 address=2004 value=4D state394=88 state395=88
f=338 sl=-01 pc=FAC1 address=2004 value=30 state394=88 state395=88
f=338 sl=-01 pc=FAC1 address=2004 value=02 state394=88 state395=88
f=338 sl=-01 pc=FAC1 address=2004 value=9F state394=88 state395=88
f=338 sl=-01 pc=FAC1 address=2004 value=F4 state394=88 state395=88
f=338 sl=-01 pc=FAC1 address=2004 value=08 state394=88 state395=88
f=338 sl=-01 pc=FAC1 address=2004 value=40 state394=88 state395=88
f=338 sl=-01 pc=FAC1 address=2004 value=A9 state394=88 state395=88
f=338 sl=-01 pc=FAC1 address=2004 value=77 state394=88 state395=88
f=338 sl=-01 pc=FAC1 address=2004 value=22 state394=88 state395=88
f=338 sl=-01 pc=FAC1 address=2004 value=00 state394=88 state395=88
f=338 sl=-01 pc=FAC1 address=2004 value=A1 state394=88 state395=88
f=338 sl=-01 pc=FAC1 address=2004 value=5E state394=88 state395=88
f=338 sl=-01 pc=FAC1 address=2004 value=0F state394=88 state395=88
f=338 sl=-01 pc=FAC1 address=2004 value=00 state394=88 state395=88
f=338 sl=-01 pc=FAC1 address=2004 value=12 state394=88 state395=88
f=338 sl=-01 pc=FAC1 address=2004 value=3C state394=88 state395=88
f=338 sl=-01 pc=FAC1 address=2004 value=34 state394=88 state395=88
f=338 sl=-01 pc=FAC1 address=2004 value=02 state394=88 state395=88
f=338 sl=-01 pc=FAC1 address=2004 value=A3 state394=88 state395=88
f=338 sl=-01 pc=FAC1 address=2004 value=F4 state394=88 state395=88
f=338 sl=-01 pc=FAC1 address=2004 value=2A state394=88 state395=88
f=338 sl=-01 pc=FAC1 address=2004 value=02 state394=88 state395=88
f=338 sl=-01 pc=FAC1 address=2004 value=8C state394=88 state395=88
f=338 sl=-01 pc=FAC1 address=2004 value=7F state394=88 state395=88
f=338 sl=-01 pc=FAC1 address=2004 value=26 state394=88 state395=88
f=338 sl=-01 pc=FAC1 address=2004 value=00 state394=88 state395=88
f=338 sl=-01 pc=FAC1 address=2004 value=A9 state394=88 state395=88
f=338 sl=-01 pc=FAC1 address=2004 value=42 state394=88 state395=88
f=338 sl=-01 pc=FAC1 address=2004 value=09 state394=88 state395=88
f=338 sl=-01 pc=FAC1 address=2004 value=00 state394=88 state395=88
f=338 sl=-01 pc=FAC1 address=2004 value=B8 state394=88 state395=88
f=338 sl=-01 pc=FAC1 address=2004 value=3C state394=88 state395=88
f=338 sl=-01 pc=FAC1 address=2004 value=38 state394=88 state395=88
f=338 sl=-01 pc=FAC1 address=2004 value=02 state394=88 state395=88
f=338 sl=-01 pc=FAC1 address=2004 value=AB state394=88 state395=88
f=338 sl=-01 pc=FAC1 address=2004 value=29 state394=88 state395=88
f=338 sl=-01 pc=FAC1 address=2004 value=2D state394=88 state395=88
f=338 sl=-01 pc=FAC1 address=2004 value=02 state394=88 state395=88
f=338 sl=-01 pc=FAC1 address=2004 value=98 state394=88 state395=88
f=338 sl=-01 pc=FAC1 address=2004 value=F4 state394=88 state395=88
f=338 sl=-01 pc=FAC1 address=2004 value=09 state394=88 state395=88
f=338 sl=-01 pc=FAC1 address=2004 value=00 state394=88 state395=88
f=338 sl=-01 pc=FAC1 address=2004 value=A1 state394=88 state395=88
f=338 sl=-01 pc=FAC1 address=2004 value=4A state394=88 state395=88
f=338 sl=-01 pc=FAC1 address=2004 value=06 state394=88 state395=88
f=338 sl=-01 pc=FAC1 address=2004 value=80 state394=88 state395=88
f=338 sl=-01 pc=FAC1 address=2004 value=B0 state394=88 state395=88
f=338 sl=-01 pc=FAC1 address=2004 value=38 state394=88 state395=88
f=338 sl=-01 pc=FAC1 address=2004 value=3C state394=88 state395=88
f=338 sl=-01 pc=FAC1 address=2004 value=02 state394=88 state395=88
f=338 sl=-01 pc=FAC1 address=2004 value=C7 state394=88 state395=88
f=338 sl=-01 pc=FAC1 address=2004 value=2A state394=88 state395=88
f=338 sl=-01 pc=FAC1 address=2004 value=31 state394=88 state395=88
f=338 sl=-01 pc=FAC1 address=2004 value=02 state394=88 state395=88
f=338 sl=-01 pc=FAC1 address=2004 value=A0 state394=88 state395=88
f=338 sl=-01 pc=FAC1 address=2004 value=F4 state394=88 state395=88
f=338 sl=-01 pc=FAC1 address=2004 value=06 state394=88 state395=88
f=338 sl=-01 pc=FAC1 address=2004 value=80 state394=88 state395=88
f=338 sl=-01 pc=FAC1 address=2004 value=99 state394=88 state395=88
f=338 sl=-01 pc=FAC1 address=2004 value=77 state394=88 state395=88
f=338 sl=-01 pc=FAC1 address=2004 value=23 state394=88 state395=88
f=338 sl=-01 pc=FAC1 address=2004 value=00 state394=88 state395=88
f=338 sl=-01 pc=FAC1 address=2004 value=A9 state394=88 state395=88
f=338 sl=-01 pc=FAC1 address=2004 value=3A state394=88 state395=88
f=338 sl=-01 pc=FAC1 address=2004 value=06 state394=88 state395=88
f=338 sl=-01 pc=FAC1 address=2004 value=00 state394=88 state395=88
f=338 sl=-01 pc=FAC1 address=2004 value=B0 state394=88 state395=88
f=338 sl=-01 pc=FAC1 address=2004 value=44 state394=88 state395=88
f=338 sl=-01 pc=FAC1 address=2004 value=35 state394=88 state395=88
f=338 sl=-01 pc=FAC1 address=2004 value=02 state394=88 state395=88
f=338 sl=-01 pc=FAC1 address=2004 value=A3 state394=88 state395=88
f=338 sl=-01 pc=FAC1 address=2004 value=3B state394=88 state395=88
f=338 sl=-01 pc=FAC1 address=2004 value=2A state394=88 state395=88
f=338 sl=-01 pc=FAC1 address=2004 value=02 state394=88 state395=88
f=338 sl=-01 pc=FAC1 address=2004 value=8C state394=88 state395=88
f=338 sl=-01 pc=FAC1 address=2004 value=87 state394=88 state395=88
f=338 sl=-01 pc=FAC1 address=2004 value=27 state394=88 state395=88
f=338 sl=-01 pc=FAC1 address=2004 value=00 state394=88 state395=88
f=338 sl=-01 pc=FAC1 address=2004 value=99 state394=88 state395=88
f=338 sl=-01 pc=FAC1 address=4014 value=02 state394=88 state395=88
f=338 sl=-01 pc=D084 address=2000 value=89 state394=88 state395=88
f=338 sl=-01 pc=FACB address=2001 value=1E state394=88 state395=88
f=338 sl=-01 pc=FA0B address=2000 value=89 state394=88 state395=88
f=338 sl=-01 pc=F900 address=2000 value=88 state394=88 state395=88
f=338 sl=-01 pc=F900 address=2000 value=88 state394=88 state395=88
f=339 sl=-01 pc=FABC address=2003 value=00 state394=88 state395=88
f=339 sl=-01 pc=FAC1 address=2004 value=B7 state394=88 state395=88
f=339 sl=-01 pc=FAC1 address=2004 value=A0 state394=88 state395=88
f=339 sl=-01 pc=FAC1 address=2004 value=01 state394=88 state395=88
f=339 sl=-01 pc=FAC1 address=2004 value=10 state394=88 state395=88
f=339 sl=-01 pc=FAC1 address=2004 value=B7 state394=88 state395=88
f=339 sl=-01 pc=FAC1 address=2004 value=A1 state394=88 state395=88
f=339 sl=-01 pc=FAC1 address=2004 value=01 state394=88 state395=88
f=339 sl=-01 pc=FAC1 address=2004 value=18 state394=88 state395=88
f=339 sl=-01 pc=FAC1 address=2004 value=B7 state394=88 state395=88
f=339 sl=-01 pc=FAC1 address=2004 value=A2 state394=88 state395=88
f=339 sl=-01 pc=FAC1 address=2004 value=01 state394=88 state395=88
f=339 sl=-01 pc=FAC1 address=2004 value=20 state394=88 state395=88
f=339 sl=-01 pc=FAC1 address=2004 value=B7 state394=88 state395=88
f=339 sl=-01 pc=FAC1 address=2004 value=A3 state394=88 state395=88
f=339 sl=-01 pc=FAC1 address=2004 value=01 state394=88 state395=88
f=339 sl=-01 pc=FAC1 address=2004 value=28 state394=88 state395=88
f=339 sl=-01 pc=FAC1 address=2004 value=BF state394=88 state395=88
f=339 sl=-01 pc=FAC1 address=2004 value=A4 state394=88 state395=88
f=339 sl=-01 pc=FAC1 address=2004 value=01 state394=88 state395=88
f=339 sl=-01 pc=FAC1 address=2004 value=10 state394=88 state395=88
f=339 sl=-01 pc=FAC1 address=2004 value=BF state394=88 state395=88
f=339 sl=-01 pc=FAC1 address=2004 value=A5 state394=88 state395=88
f=339 sl=-01 pc=FAC1 address=2004 value=01 state394=88 state395=88
f=339 sl=-01 pc=FAC1 address=2004 value=18 state394=88 state395=88
f=339 sl=-01 pc=FAC1 address=2004 value=BF state394=88 state395=88
f=339 sl=-01 pc=FAC1 address=2004 value=A6 state394=88 state395=88
f=339 sl=-01 pc=FAC1 address=2004 value=01 state394=88 state395=88
f=339 sl=-01 pc=FAC1 address=2004 value=20 state394=88 state395=88
f=339 sl=-01 pc=FAC1 address=2004 value=BF state394=88 state395=88
f=339 sl=-01 pc=FAC1 address=2004 value=A7 state394=88 state395=88
f=339 sl=-01 pc=FAC1 address=2004 value=01 state394=88 state395=88
f=339 sl=-01 pc=FAC1 address=2004 value=28 state394=88 state395=88
f=339 sl=-01 pc=FAC1 address=2004 value=C7 state394=88 state395=88
f=339 sl=-01 pc=FAC1 address=2004 value=A8 state394=88 state395=88
f=339 sl=-01 pc=FAC1 address=2004 value=01 state394=88 state395=88
f=339 sl=-01 pc=FAC1 address=2004 value=10 state394=88 state395=88
f=339 sl=-01 pc=FAC1 address=2004 value=C7 state394=88 state395=88
f=339 sl=-01 pc=FAC1 address=2004 value=A9 state394=88 state395=88
f=339 sl=-01 pc=FAC1 address=2004 value=01 state394=88 state395=88
f=339 sl=-01 pc=FAC1 address=2004 value=18 state394=88 state395=88
f=339 sl=-01 pc=FAC1 address=2004 value=C7 state394=88 state395=88
f=339 sl=-01 pc=FAC1 address=2004 value=AA state394=88 state395=88
f=339 sl=-01 pc=FAC1 address=2004 value=01 state394=88 state395=88
f=339 sl=-01 pc=FAC1 address=2004 value=20 state394=88 state395=88
f=339 sl=-01 pc=FAC1 address=2004 value=C7 state394=88 state395=88
f=339 sl=-01 pc=FAC1 address=2004 value=AB state394=88 state395=88
f=339 sl=-01 pc=FAC1 address=2004 value=01 state394=88 state395=88
f=339 sl=-01 pc=FAC1 address=2004 value=28 state394=88 state395=88
f=339 sl=-01 pc=FAC1 address=2004 value=CF state394=88 state395=88
f=339 sl=-01 pc=FAC1 address=2004 value=AC state394=88 state395=88
f=339 sl=-01 pc=FAC1 address=2004 value=01 state394=88 state395=88
f=339 sl=-01 pc=FAC1 address=2004 value=10 state394=88 state395=88
f=339 sl=-01 pc=FAC1 address=2004 value=CF state394=88 state395=88
f=339 sl=-01 pc=FAC1 address=2004 value=AD state394=88 state395=88
f=339 sl=-01 pc=FAC1 address=2004 value=01 state394=88 state395=88
f=339 sl=-01 pc=FAC1 address=2004 value=18 state394=88 state395=88
f=339 sl=-01 pc=FAC1 address=2004 value=CF state394=88 state395=88
f=339 sl=-01 pc=FAC1 address=2004 value=AE state394=88 state395=88
f=339 sl=-01 pc=FAC1 address=2004 value=01 state394=88 state395=88
f=339 sl=-01 pc=FAC1 address=2004 value=20 state394=88 state395=88
f=339 sl=-01 pc=FAC1 address=2004 value=CF state394=88 state395=88
f=339 sl=-01 pc=FAC1 address=2004 value=AF state394=88 state395=88
f=339 sl=-01 pc=FAC1 address=2004 value=01 state394=88 state395=88
f=339 sl=-01 pc=FAC1 address=2004 value=28 state394=88 state395=88
f=339 sl=-01 pc=FAC1 address=2004 value=42 state394=88 state395=88
f=339 sl=-01 pc=FAC1 address=2004 value=09 state394=88 state395=88
f=339 sl=-01 pc=FAC1 address=2004 value=00 state394=88 state395=88
f=339 sl=-01 pc=FAC1 address=2004 value=B8 state394=88 state395=88
f=339 sl=-01 pc=FAC1 address=2004 value=3C state394=88 state395=88
f=339 sl=-01 pc=FAC1 address=2004 value=38 state394=88 state395=88
f=339 sl=-01 pc=FAC1 address=2004 value=02 state394=88 state395=88
f=339 sl=-01 pc=FAC1 address=2004 value=AB state394=88 state395=88
f=339 sl=-01 pc=FAC1 address=2004 value=29 state394=88 state395=88
f=339 sl=-01 pc=FAC1 address=2004 value=2D state394=88 state395=88
f=339 sl=-01 pc=FAC1 address=2004 value=02 state394=88 state395=88
f=339 sl=-01 pc=FAC1 address=2004 value=98 state394=88 state395=88
f=339 sl=-01 pc=FAC1 address=2004 value=F4 state394=88 state395=88
f=339 sl=-01 pc=FAC1 address=2004 value=06 state394=88 state395=88
f=339 sl=-01 pc=FAC1 address=2004 value=40 state394=88 state395=88
f=339 sl=-01 pc=FAC1 address=2004 value=A9 state394=88 state395=88
f=339 sl=-01 pc=FAC1 address=2004 value=4A state394=88 state395=88
f=339 sl=-01 pc=FAC1 address=2004 value=06 state394=88 state395=88
f=339 sl=-01 pc=FAC1 address=2004 value=80 state394=88 state395=88
f=339 sl=-01 pc=FAC1 address=2004 value=B0 state394=88 state395=88
f=339 sl=-01 pc=FAC1 address=2004 value=38 state394=88 state395=88
f=339 sl=-01 pc=FAC1 address=2004 value=3C state394=88 state395=88
f=339 sl=-01 pc=FAC1 address=2004 value=02 state394=88 state395=88
f=339 sl=-01 pc=FAC1 address=2004 value=C7 state394=88 state395=88
f=339 sl=-01 pc=FAC1 address=2004 value=2A state394=88 state395=88
f=339 sl=-01 pc=FAC1 address=2004 value=31 state394=88 state395=88
f=339 sl=-01 pc=FAC1 address=2004 value=02 state394=88 state395=88
f=339 sl=-01 pc=FAC1 address=2004 value=A0 state394=88 state395=88
f=339 sl=-01 pc=FAC1 address=2004 value=F4 state394=88 state395=88
f=339 sl=-01 pc=FAC1 address=2004 value=2A state394=88 state395=88
f=339 sl=-01 pc=FAC1 address=2004 value=02 state394=88 state395=88
f=339 sl=-01 pc=FAC1 address=2004 value=8C state394=88 state395=88
f=339 sl=-01 pc=FAC1 address=2004 value=77 state394=88 state395=88
f=339 sl=-01 pc=FAC1 address=2004 value=23 state394=88 state395=88
f=339 sl=-01 pc=FAC1 address=2004 value=00 state394=88 state395=88
f=339 sl=-01 pc=FAC1 address=2004 value=A9 state394=88 state395=88
f=339 sl=-01 pc=FAC1 address=2004 value=3A state394=88 state395=88
f=339 sl=-01 pc=FAC1 address=2004 value=06 state394=88 state395=88
f=339 sl=-01 pc=FAC1 address=2004 value=00 state394=88 state395=88
f=339 sl=-01 pc=FAC1 address=2004 value=B0 state394=88 state395=88
f=339 sl=-01 pc=FAC1 address=2004 value=44 state394=88 state395=88
f=339 sl=-01 pc=FAC1 address=2004 value=35 state394=88 state395=88
f=339 sl=-01 pc=FAC1 address=2004 value=02 state394=88 state395=88
f=339 sl=-01 pc=FAC1 address=2004 value=A3 state394=88 state395=88
f=339 sl=-01 pc=FAC1 address=2004 value=3B state394=88 state395=88
f=339 sl=-01 pc=FAC1 address=2004 value=2A state394=88 state395=88
f=339 sl=-01 pc=FAC1 address=2004 value=02 state394=88 state395=88
f=339 sl=-01 pc=FAC1 address=2004 value=8C state394=88 state395=88
f=339 sl=-01 pc=FAC1 address=2004 value=87 state394=88 state395=88
f=339 sl=-01 pc=FAC1 address=2004 value=27 state394=88 state395=88
f=339 sl=-01 pc=FAC1 address=2004 value=00 state394=88 state395=88
f=339 sl=-01 pc=FAC1 address=2004 value=99 state394=88 state395=88
f=339 sl=-01 pc=FAC1 address=2004 value=3A state394=88 state395=88
f=339 sl=-01 pc=FAC1 address=2004 value=06 state394=88 state395=88
f=339 sl=-01 pc=FAC1 address=2004 value=40 state394=88 state395=88
f=339 sl=-01 pc=FAC1 address=2004 value=C0 state394=88 state395=88
f=339 sl=-01 pc=FAC1 address=2004 value=4C state394=88 state395=88
f=339 sl=-01 pc=FAC1 address=2004 value=39 state394=88 state395=88
f=339 sl=-01 pc=FAC1 address=2004 value=02 state394=88 state395=88
f=339 sl=-01 pc=FAC1 address=2004 value=AB state394=88 state395=88
f=339 sl=-01 pc=FAC1 address=2004 value=31 state394=88 state395=88
f=339 sl=-01 pc=FAC1 address=2004 value=2E state394=88 state395=88
f=339 sl=-01 pc=FAC1 address=2004 value=02 state394=88 state395=88
f=339 sl=-01 pc=FAC1 address=2004 value=98 state394=88 state395=88
f=339 sl=-01 pc=FAC1 address=2004 value=F4 state394=88 state395=88
f=339 sl=-01 pc=FAC1 address=2004 value=07 state394=88 state395=88
f=339 sl=-01 pc=FAC1 address=2004 value=80 state394=88 state395=88
f=339 sl=-01 pc=FAC1 address=2004 value=A1 state394=88 state395=88
f=339 sl=-01 pc=FAC1 address=2004 value=4A state394=88 state395=88
f=339 sl=-01 pc=FAC1 address=2004 value=06 state394=88 state395=88
f=339 sl=-01 pc=FAC1 address=2004 value=C0 state394=88 state395=88
f=339 sl=-01 pc=FAC1 address=2004 value=C0 state394=88 state395=88
f=339 sl=-01 pc=FAC1 address=2004 value=39 state394=88 state395=88
f=339 sl=-01 pc=FAC1 address=2004 value=3D state394=88 state395=88
f=339 sl=-01 pc=FAC1 address=2004 value=02 state394=88 state395=88
f=339 sl=-01 pc=FAC1 address=2004 value=C8 state394=88 state395=88
f=339 sl=-01 pc=FAC1 address=2004 value=32 state394=88 state395=88
f=339 sl=-01 pc=FAC1 address=2004 value=32 state394=88 state395=88
f=339 sl=-01 pc=FAC1 address=2004 value=02 state394=88 state395=88
f=339 sl=-01 pc=FAC1 address=2004 value=A0 state394=88 state395=88
f=339 sl=-01 pc=FAC1 address=2004 value=F4 state394=88 state395=88
f=339 sl=-01 pc=FAC1 address=2004 value=2A state394=88 state395=88
f=339 sl=-01 pc=FAC1 address=2004 value=02 state394=88 state395=88
f=339 sl=-01 pc=FAC1 address=2004 value=8C state394=88 state395=88
f=339 sl=-01 pc=FAC1 address=2004 value=7F state394=88 state395=88
f=339 sl=-01 pc=FAC1 address=2004 value=24 state394=88 state395=88
f=339 sl=-01 pc=FAC1 address=2004 value=00 state394=88 state395=88
f=339 sl=-01 pc=FAC1 address=2004 value=99 state394=88 state395=88
f=339 sl=-01 pc=FAC1 address=2004 value=3A state394=88 state395=88
f=339 sl=-01 pc=FAC1 address=2004 value=07 state394=88 state395=88
f=339 sl=-01 pc=FAC1 address=2004 value=00 state394=88 state395=88
f=339 sl=-01 pc=FAC1 address=2004 value=B8 state394=88 state395=88
f=339 sl=-01 pc=FAC1 address=2004 value=2C state394=88 state395=88
f=339 sl=-01 pc=FAC1 address=2004 value=36 state394=88 state395=88
f=339 sl=-01 pc=FAC1 address=2004 value=02 state394=88 state395=88
f=339 sl=-01 pc=FAC1 address=2004 value=A8 state394=88 state395=88
f=339 sl=-01 pc=FAC1 address=2004 value=2C state394=88 state395=88
f=339 sl=-01 pc=FAC1 address=2004 value=2B state394=88 state395=88
f=339 sl=-01 pc=FAC1 address=2004 value=02 state394=88 state395=88
f=339 sl=-01 pc=FAC1 address=2004 value=90 state394=88 state395=88
f=339 sl=-01 pc=FAC1 address=2004 value=87 state394=88 state395=88
f=339 sl=-01 pc=FAC1 address=2004 value=28 state394=88 state395=88
f=339 sl=-01 pc=FAC1 address=2004 value=00 state394=88 state395=88
f=339 sl=-01 pc=FAC1 address=2004 value=A1 state394=88 state395=88
f=339 sl=-01 pc=FAC1 address=2004 value=4A state394=88 state395=88
f=339 sl=-01 pc=FAC1 address=2004 value=07 state394=88 state395=88
f=339 sl=-01 pc=FAC1 address=2004 value=80 state394=88 state395=88
f=339 sl=-01 pc=FAC1 address=2004 value=B8 state394=88 state395=88
f=339 sl=-01 pc=FAC1 address=2004 value=2E state394=88 state395=88
f=339 sl=-01 pc=FAC1 address=2004 value=3A state394=88 state395=88
f=339 sl=-01 pc=FAC1 address=2004 value=02 state394=88 state395=88
f=339 sl=-01 pc=FAC1 address=2004 value=B0 state394=88 state395=88
f=339 sl=-01 pc=FAC1 address=2004 value=45 state394=88 state395=88
f=339 sl=-01 pc=FAC1 address=2004 value=2F state394=88 state395=88
f=339 sl=-01 pc=FAC1 address=2004 value=02 state394=88 state395=88
f=339 sl=-01 pc=FAC1 address=2004 value=9F state394=88 state395=88
f=339 sl=-01 pc=FAC1 address=2004 value=F4 state394=88 state395=88
f=339 sl=-01 pc=FAC1 address=2004 value=08 state394=88 state395=88
f=339 sl=-01 pc=FAC1 address=2004 value=40 state394=88 state395=88
f=339 sl=-01 pc=FAC1 address=2004 value=A9 state394=88 state395=88
f=339 sl=-01 pc=FAC1 address=2004 value=77 state394=88 state395=88
f=339 sl=-01 pc=FAC1 address=2004 value=21 state394=88 state395=88
f=339 sl=-01 pc=FAC1 address=2004 value=00 state394=88 state395=88
f=339 sl=-01 pc=FAC1 address=2004 value=99 state394=88 state395=88
f=339 sl=-01 pc=FAC1 address=2004 value=39 state394=88 state395=88
f=339 sl=-01 pc=FAC1 address=2004 value=3E state394=88 state395=88
f=339 sl=-01 pc=FAC1 address=2004 value=02 state394=88 state395=88
f=339 sl=-01 pc=FAC1 address=2004 value=D0 state394=88 state395=88
f=339 sl=-01 pc=FAC1 address=2004 value=56 state394=88 state395=88
f=339 sl=-01 pc=FAC1 address=2004 value=33 state394=88 state395=88
f=339 sl=-01 pc=FAC1 address=2004 value=02 state394=88 state395=88
f=339 sl=-01 pc=FAC1 address=2004 value=A0 state394=88 state395=88
f=339 sl=-01 pc=FAC1 address=2004 value=F4 state394=88 state395=88
f=339 sl=-01 pc=FAC1 address=2004 value=2A state394=88 state395=88
f=339 sl=-01 pc=FAC1 address=2004 value=02 state394=88 state395=88
f=339 sl=-01 pc=FAC1 address=2004 value=8C state394=88 state395=88
f=339 sl=-01 pc=FAC1 address=2004 value=7F state394=88 state395=88
f=339 sl=-01 pc=FAC1 address=2004 value=25 state394=88 state395=88
f=339 sl=-01 pc=FAC1 address=2004 value=00 state394=88 state395=88
f=339 sl=-01 pc=FAC1 address=2004 value=A1 state394=88 state395=88
f=339 sl=-01 pc=FAC1 address=2004 value=42 state394=88 state395=88
f=339 sl=-01 pc=FAC1 address=2004 value=08 state394=88 state395=88
f=339 sl=-01 pc=FAC1 address=2004 value=00 state394=88 state395=88
f=339 sl=-01 pc=FAC1 address=2004 value=B0 state394=88 state395=88
f=339 sl=-01 pc=FAC1 address=2004 value=34 state394=88 state395=88
f=339 sl=-01 pc=FAC1 address=2004 value=37 state394=88 state395=88
f=339 sl=-01 pc=FAC1 address=2004 value=02 state394=88 state395=88
f=339 sl=-01 pc=FAC1 address=2004 value=AB state394=88 state395=88
f=339 sl=-01 pc=FAC1 address=2004 value=4C state394=88 state395=88
f=339 sl=-01 pc=FAC1 address=2004 value=2C state394=88 state395=88
f=339 sl=-01 pc=FAC1 address=2004 value=02 state394=88 state395=88
f=339 sl=-01 pc=FAC1 address=2004 value=97 state394=88 state395=88
f=339 sl=-01 pc=FAC1 address=2004 value=87 state394=88 state395=88
f=339 sl=-01 pc=FAC1 address=2004 value=29 state394=88 state395=88
f=339 sl=-01 pc=FAC1 address=2004 value=00 state394=88 state395=88
f=339 sl=-01 pc=FAC1 address=2004 value=A9 state394=88 state395=88
f=339 sl=-01 pc=FAC1 address=2004 value=42 state394=88 state395=88
f=339 sl=-01 pc=FAC1 address=2004 value=08 state394=88 state395=88
f=339 sl=-01 pc=FAC1 address=2004 value=40 state394=88 state395=88
f=339 sl=-01 pc=FAC1 address=2004 value=C0 state394=88 state395=88
f=339 sl=-01 pc=FAC1 address=2004 value=37 state394=88 state395=88
f=339 sl=-01 pc=FAC1 address=2004 value=3B state394=88 state395=88
f=339 sl=-01 pc=FAC1 address=2004 value=02 state394=88 state395=88
f=339 sl=-01 pc=FAC1 address=2004 value=C6 state394=88 state395=88
f=339 sl=-01 pc=FAC1 address=2004 value=4D state394=88 state395=88
f=339 sl=-01 pc=FAC1 address=2004 value=30 state394=88 state395=88
f=339 sl=-01 pc=FAC1 address=2004 value=02 state394=88 state395=88
f=339 sl=-01 pc=FAC1 address=2004 value=9F state394=88 state395=88
f=339 sl=-01 pc=FAC1 address=2004 value=F4 state394=88 state395=88
f=339 sl=-01 pc=FAC1 address=2004 value=06 state394=88 state395=88
f=339 sl=-01 pc=FAC1 address=2004 value=80 state394=88 state395=88
f=339 sl=-01 pc=FAC1 address=2004 value=99 state394=88 state395=88
f=339 sl=-01 pc=FAC1 address=2004 value=77 state394=88 state395=88
f=339 sl=-01 pc=FAC1 address=2004 value=22 state394=88 state395=88
f=339 sl=-01 pc=FAC1 address=2004 value=00 state394=88 state395=88
f=339 sl=-01 pc=FAC1 address=2004 value=A1 state394=88 state395=88
f=339 sl=-01 pc=FAC1 address=2004 value=5E state394=88 state395=88
f=339 sl=-01 pc=FAC1 address=2004 value=0F state394=88 state395=88
f=339 sl=-01 pc=FAC1 address=2004 value=00 state394=88 state395=88
f=339 sl=-01 pc=FAC1 address=2004 value=12 state394=88 state395=88
f=339 sl=-01 pc=FAC1 address=2004 value=3C state394=88 state395=88
f=339 sl=-01 pc=FAC1 address=2004 value=34 state394=88 state395=88
f=339 sl=-01 pc=FAC1 address=2004 value=02 state394=88 state395=88
f=339 sl=-01 pc=FAC1 address=2004 value=A3 state394=88 state395=88
f=339 sl=-01 pc=FAC1 address=2004 value=F4 state394=88 state395=88
f=339 sl=-01 pc=FAC1 address=2004 value=2A state394=88 state395=88
f=339 sl=-01 pc=FAC1 address=2004 value=02 state394=88 state395=88
f=339 sl=-01 pc=FAC1 address=2004 value=8C state394=88 state395=88
f=339 sl=-01 pc=FAC1 address=2004 value=7F state394=88 state395=88
f=339 sl=-01 pc=FAC1 address=2004 value=26 state394=88 state395=88
f=339 sl=-01 pc=FAC1 address=2004 value=00 state394=88 state395=88
f=339 sl=-01 pc=FAC1 address=2004 value=A9 state394=88 state395=88
f=339 sl=-01 pc=FAC1 address=4014 value=02 state394=88 state395=88
f=339 sl=-01 pc=D084 address=2000 value=89 state394=88 state395=88
f=339 sl=-01 pc=FACB address=2001 value=1E state394=88 state395=88
f=339 sl=-01 pc=FA0B address=2000 value=89 state394=88 state395=88
f=339 sl=-01 pc=F900 address=2000 value=88 state394=88 state395=88
f=339 sl=-01 pc=F900 address=2000 value=88 state394=88 state395=88
f=340 sl=-01 pc=FABC address=2003 value=00 state394=88 state395=88
f=340 sl=-01 pc=FAC1 address=2004 value=B7 state394=88 state395=88
f=340 sl=-01 pc=FAC1 address=2004 value=A0 state394=88 state395=88
f=340 sl=-01 pc=FAC1 address=2004 value=01 state394=88 state395=88
f=340 sl=-01 pc=FAC1 address=2004 value=10 state394=88 state395=88
f=340 sl=-01 pc=FAC1 address=2004 value=B7 state394=88 state395=88
f=340 sl=-01 pc=FAC1 address=2004 value=A1 state394=88 state395=88
f=340 sl=-01 pc=FAC1 address=2004 value=01 state394=88 state395=88
f=340 sl=-01 pc=FAC1 address=2004 value=18 state394=88 state395=88
f=340 sl=-01 pc=FAC1 address=2004 value=B7 state394=88 state395=88
f=340 sl=-01 pc=FAC1 address=2004 value=A2 state394=88 state395=88
f=340 sl=-01 pc=FAC1 address=2004 value=01 state394=88 state395=88
f=340 sl=-01 pc=FAC1 address=2004 value=20 state394=88 state395=88
f=340 sl=-01 pc=FAC1 address=2004 value=B7 state394=88 state395=88
f=340 sl=-01 pc=FAC1 address=2004 value=A3 state394=88 state395=88
f=340 sl=-01 pc=FAC1 address=2004 value=01 state394=88 state395=88
f=340 sl=-01 pc=FAC1 address=2004 value=28 state394=88 state395=88
f=340 sl=-01 pc=FAC1 address=2004 value=BF state394=88 state395=88
f=340 sl=-01 pc=FAC1 address=2004 value=A4 state394=88 state395=88
f=340 sl=-01 pc=FAC1 address=2004 value=01 state394=88 state395=88
f=340 sl=-01 pc=FAC1 address=2004 value=10 state394=88 state395=88
f=340 sl=-01 pc=FAC1 address=2004 value=BF state394=88 state395=88
f=340 sl=-01 pc=FAC1 address=2004 value=A5 state394=88 state395=88
f=340 sl=-01 pc=FAC1 address=2004 value=01 state394=88 state395=88
f=340 sl=-01 pc=FAC1 address=2004 value=18 state394=88 state395=88
f=340 sl=-01 pc=FAC1 address=2004 value=BF state394=88 state395=88
f=340 sl=-01 pc=FAC1 address=2004 value=A6 state394=88 state395=88
f=340 sl=-01 pc=FAC1 address=2004 value=01 state394=88 state395=88
f=340 sl=-01 pc=FAC1 address=2004 value=20 state394=88 state395=88
f=340 sl=-01 pc=FAC1 address=2004 value=BF state394=88 state395=88
f=340 sl=-01 pc=FAC1 address=2004 value=A7 state394=88 state395=88
f=340 sl=-01 pc=FAC1 address=2004 value=01 state394=88 state395=88
f=340 sl=-01 pc=FAC1 address=2004 value=28 state394=88 state395=88
f=340 sl=-01 pc=FAC1 address=2004 value=C7 state394=88 state395=88
f=340 sl=-01 pc=FAC1 address=2004 value=A8 state394=88 state395=88
f=340 sl=-01 pc=FAC1 address=2004 value=01 state394=88 state395=88
f=340 sl=-01 pc=FAC1 address=2004 value=10 state394=88 state395=88
f=340 sl=-01 pc=FAC1 address=2004 value=C7 state394=88 state395=88
f=340 sl=-01 pc=FAC1 address=2004 value=A9 state394=88 state395=88
f=340 sl=-01 pc=FAC1 address=2004 value=01 state394=88 state395=88
f=340 sl=-01 pc=FAC1 address=2004 value=18 state394=88 state395=88
f=340 sl=-01 pc=FAC1 address=2004 value=C7 state394=88 state395=88
f=340 sl=-01 pc=FAC1 address=2004 value=AA state394=88 state395=88
f=340 sl=-01 pc=FAC1 address=2004 value=01 state394=88 state395=88
f=340 sl=-01 pc=FAC1 address=2004 value=20 state394=88 state395=88
f=340 sl=-01 pc=FAC1 address=2004 value=C7 state394=88 state395=88
f=340 sl=-01 pc=FAC1 address=2004 value=AB state394=88 state395=88
f=340 sl=-01 pc=FAC1 address=2004 value=01 state394=88 state395=88
f=340 sl=-01 pc=FAC1 address=2004 value=28 state394=88 state395=88
f=340 sl=-01 pc=FAC1 address=2004 value=CF state394=88 state395=88
f=340 sl=-01 pc=FAC1 address=2004 value=AC state394=88 state395=88
f=340 sl=-01 pc=FAC1 address=2004 value=01 state394=88 state395=88
f=340 sl=-01 pc=FAC1 address=2004 value=10 state394=88 state395=88
f=340 sl=-01 pc=FAC1 address=2004 value=CF state394=88 state395=88
f=340 sl=-01 pc=FAC1 address=2004 value=AD state394=88 state395=88
f=340 sl=-01 pc=FAC1 address=2004 value=01 state394=88 state395=88
f=340 sl=-01 pc=FAC1 address=2004 value=18 state394=88 state395=88
f=340 sl=-01 pc=FAC1 address=2004 value=CF state394=88 state395=88
f=340 sl=-01 pc=FAC1 address=2004 value=AE state394=88 state395=88
f=340 sl=-01 pc=FAC1 address=2004 value=01 state394=88 state395=88
f=340 sl=-01 pc=FAC1 address=2004 value=20 state394=88 state395=88
f=340 sl=-01 pc=FAC1 address=2004 value=CF state394=88 state395=88
f=340 sl=-01 pc=FAC1 address=2004 value=AF state394=88 state395=88
f=340 sl=-01 pc=FAC1 address=2004 value=01 state394=88 state395=88
f=340 sl=-01 pc=FAC1 address=2004 value=28 state394=88 state395=88
f=340 sl=-01 pc=FAC1 address=2004 value=8A state394=88 state395=88
f=340 sl=-01 pc=FAC1 address=2004 value=17 state394=88 state395=88
f=340 sl=-01 pc=FAC1 address=2004 value=00 state394=88 state395=88
f=340 sl=-01 pc=FAC1 address=2004 value=93 state394=88 state395=88
f=340 sl=-01 pc=FAC1 address=2004 value=3A state394=88 state395=88
f=340 sl=-01 pc=FAC1 address=2004 value=0A state394=88 state395=88
f=340 sl=-01 pc=FAC1 address=2004 value=40 state394=88 state395=88
f=340 sl=-01 pc=FAC1 address=2004 value=C0 state394=88 state395=88
f=340 sl=-01 pc=FAC1 address=2004 value=38 state394=88 state395=88
f=340 sl=-01 pc=FAC1 address=2004 value=3C state394=88 state395=88
f=340 sl=-01 pc=FAC1 address=2004 value=02 state394=88 state395=88
f=340 sl=-01 pc=FAC1 address=2004 value=C7 state394=88 state395=88
f=340 sl=-01 pc=FAC1 address=2004 value=2A state394=88 state395=88
f=340 sl=-01 pc=FAC1 address=2004 value=31 state394=88 state395=88
f=340 sl=-01 pc=FAC1 address=2004 value=02 state394=88 state395=88
f=340 sl=-01 pc=FAC1 address=2004 value=A0 state394=88 state395=88
f=340 sl=-01 pc=FAC1 address=2004 value=7A state394=88 state395=88
f=340 sl=-01 pc=FAC1 address=2004 value=14 state394=88 state395=88
f=340 sl=-01 pc=FAC1 address=2004 value=40 state394=88 state395=88
f=340 sl=-01 pc=FAC1 address=2004 value=A3 state394=88 state395=88
f=340 sl=-01 pc=FAC1 address=2004 value=4A state394=88 state395=88
f=340 sl=-01 pc=FAC1 address=2004 value=0A state394=88 state395=88
f=340 sl=-01 pc=FAC1 address=2004 value=80 state394=88 state395=88
f=340 sl=-01 pc=FAC1 address=2004 value=B0 state394=88 state395=88
f=340 sl=-01 pc=FAC1 address=2004 value=5A state394=88 state395=88
f=340 sl=-01 pc=FAC1 address=2004 value=10 state394=88 state395=88
f=340 sl=-01 pc=FAC1 address=2004 value=40 state394=88 state395=88
f=340 sl=-01 pc=FAC1 address=2004 value=16 state394=88 state395=88
f=340 sl=-01 pc=FAC1 address=2004 value=44 state394=88 state395=88
f=340 sl=-01 pc=FAC1 address=2004 value=35 state394=88 state395=88
f=340 sl=-01 pc=FAC1 address=2004 value=02 state394=88 state395=88
f=340 sl=-01 pc=FAC1 address=2004 value=A3 state394=88 state395=88
f=340 sl=-01 pc=FAC1 address=2004 value=3B state394=88 state395=88
f=340 sl=-01 pc=FAC1 address=2004 value=2A state394=88 state395=88
f=340 sl=-01 pc=FAC1 address=2004 value=02 state394=88 state395=88
f=340 sl=-01 pc=FAC1 address=2004 value=8C state394=88 state395=88
f=340 sl=-01 pc=FAC1 address=2004 value=7A state394=88 state395=88
f=340 sl=-01 pc=FAC1 address=2004 value=14 state394=88 state395=88
f=340 sl=-01 pc=FAC1 address=2004 value=00 state394=88 state395=88
f=340 sl=-01 pc=FAC1 address=2004 value=9B state394=88 state395=88
f=340 sl=-01 pc=FAC1 address=2004 value=3A state394=88 state395=88
f=340 sl=-01 pc=FAC1 address=2004 value=0B state394=88 state395=88
f=340 sl=-01 pc=FAC1 address=2004 value=00 state394=88 state395=88
f=340 sl=-01 pc=FAC1 address=2004 value=B8 state394=88 state395=88
f=340 sl=-01 pc=FAC1 address=2004 value=4C state394=88 state395=88
f=340 sl=-01 pc=FAC1 address=2004 value=39 state394=88 state395=88
f=340 sl=-01 pc=FAC1 address=2004 value=02 state394=88 state395=88
f=340 sl=-01 pc=FAC1 address=2004 value=AB state394=88 state395=88
f=340 sl=-01 pc=FAC1 address=2004 value=31 state394=88 state395=88
f=340 sl=-01 pc=FAC1 address=2004 value=2E state394=88 state395=88
f=340 sl=-01 pc=FAC1 address=2004 value=02 state394=88 state395=88
f=340 sl=-01 pc=FAC1 address=2004 value=98 state394=88 state395=88
f=340 sl=-01 pc=FAC1 address=2004 value=8A state394=88 state395=88
f=340 sl=-01 pc=FAC1 address=2004 value=18 state394=88 state395=88
f=340 sl=-01 pc=FAC1 address=2004 value=00 state394=88 state395=88
f=340 sl=-01 pc=FAC1 address=2004 value=9B state394=88 state395=88
f=340 sl=-01 pc=FAC1 address=2004 value=4A state394=88 state395=88
f=340 sl=-01 pc=FAC1 address=2004 value=0B state394=88 state395=88
f=340 sl=-01 pc=FAC1 address=2004 value=80 state394=88 state395=88
f=340 sl=-01 pc=FAC1 address=2004 value=B8 state394=88 state395=88
f=340 sl=-01 pc=FAC1 address=2004 value=39 state394=88 state395=88
f=340 sl=-01 pc=FAC1 address=2004 value=3D state394=88 state395=88
f=340 sl=-01 pc=FAC1 address=2004 value=02 state394=88 state395=88
f=340 sl=-01 pc=FAC1 address=2004 value=C8 state394=88 state395=88
f=340 sl=-01 pc=FAC1 address=2004 value=32 state394=88 state395=88
f=340 sl=-01 pc=FAC1 address=2004 value=32 state394=88 state395=88
f=340 sl=-01 pc=FAC1 address=2004 value=02 state394=88 state395=88
f=340 sl=-01 pc=FAC1 address=2004 value=A0 state394=88 state395=88
f=340 sl=-01 pc=FAC1 address=2004 value=7A state394=88 state395=88
f=340 sl=-01 pc=FAC1 address=2004 value=13 state394=88 state395=88
f=340 sl=-01 pc=FAC1 address=2004 value=40 state394=88 state395=88
f=340 sl=-01 pc=FAC1 address=2004 value=AB state394=88 state395=88
f=340 sl=-01 pc=FAC1 address=2004 value=72 state394=88 state395=88
f=340 sl=-01 pc=FAC1 address=2004 value=11 state394=88 state395=88
f=340 sl=-01 pc=FAC1 address=2004 value=00 state394=88 state395=88
f=340 sl=-01 pc=FAC1 address=2004 value=93 state394=88 state395=88
f=340 sl=-01 pc=FAC1 address=2004 value=62 state394=88 state395=88
f=340 sl=-01 pc=FAC1 address=2004 value=10 state394=88 state395=88
f=340 sl=-01 pc=FAC1 address=2004 value=80 state394=88 state395=88
f=340 sl=-01 pc=FAC1 address=2004 value=0E state394=88 state395=88
f=340 sl=-01 pc=FAC1 address=2004 value=2C state394=88 state395=88
f=340 sl=-01 pc=FAC1 address=2004 value=36 state394=88 state395=88
f=340 sl=-01 pc=FAC1 address=2004 value=02 state394=88 state395=88
f=340 sl=-01 pc=FAC1 address=2004 value=A8 state394=88 state395=88
f=340 sl=-01 pc=FAC1 address=2004 value=2C state394=88 state395=88
f=340 sl=-01 pc=FAC1 address=2004 value=2B state394=88 state395=88
f=340 sl=-01 pc=FAC1 address=2004 value=02 state394=88 state395=88
f=340 sl=-01 pc=FAC1 address=2004 value=90 state394=88 state395=88
f=340 sl=-01 pc=FAC1 address=2004 value=82 state394=88 state395=88
f=340 sl=-01 pc=FAC1 address=2004 value=15 state394=88 state395=88
f=340 sl=-01 pc=FAC1 address=2004 value=00 state394=88 state395=88
f=340 sl=-01 pc=FAC1 address=2004 value=93 state394=88 state395=88
f=340 sl=-01 pc=FAC1 address=2004 value=42 state394=88 state395=88
f=340 sl=-01 pc=FAC1 address=2004 value=0C state394=88 state395=88
f=340 sl=-01 pc=FAC1 address=2004 value=00 state394=88 state395=88
f=340 sl=-01 pc=FAC1 address=2004 value=B0 state394=88 state395=88
f=340 sl=-01 pc=FAC1 address=2004 value=2E state394=88 state395=88
f=340 sl=-01 pc=FAC1 address=2004 value=3A state394=88 state395=88
f=340 sl=-01 pc=FAC1 address=2004 value=02 state394=88 state395=88
f=340 sl=-01 pc=FAC1 address=2004 value=B0 state394=88 state395=88
f=340 sl=-01 pc=FAC1 address=2004 value=45 state394=88 state395=88
f=340 sl=-01 pc=FAC1 address=2004 value=2F state394=88 state395=88
f=340 sl=-01 pc=FAC1 address=2004 value=02 state394=88 state395=88
f=340 sl=-01 pc=FAC1 address=2004 value=9F state394=88 state395=88
f=340 sl=-01 pc=FAC1 address=2004 value=72 state394=88 state395=88
f=340 sl=-01 pc=FAC1 address=2004 value=12 state394=88 state395=88
f=340 sl=-01 pc=FAC1 address=2004 value=40 state394=88 state395=88
f=340 sl=-01 pc=FAC1 address=2004 value=A3 state394=88 state395=88
f=340 sl=-01 pc=FAC1 address=2004 value=42 state394=88 state395=88
f=340 sl=-01 pc=FAC1 address=2004 value=0C state394=88 state395=88
f=340 sl=-01 pc=FAC1 address=2004 value=40 state394=88 state395=88
f=340 sl=-01 pc=FAC1 address=2004 value=C0 state394=88 state395=88
f=340 sl=-01 pc=FAC1 address=2004 value=39 state394=88 state395=88
f=340 sl=-01 pc=FAC1 address=2004 value=3E state394=88 state395=88
f=340 sl=-01 pc=FAC1 address=2004 value=02 state394=88 state395=88
f=340 sl=-01 pc=FAC1 address=2004 value=D0 state394=88 state395=88
f=340 sl=-01 pc=FAC1 address=2004 value=56 state394=88 state395=88
f=340 sl=-01 pc=FAC1 address=2004 value=33 state394=88 state395=88
f=340 sl=-01 pc=FAC1 address=2004 value=02 state394=88 state395=88
f=340 sl=-01 pc=FAC1 address=2004 value=A0 state394=88 state395=88
f=340 sl=-01 pc=FAC1 address=2004 value=82 state394=88 state395=88
f=340 sl=-01 pc=FAC1 address=2004 value=16 state394=88 state395=88
f=340 sl=-01 pc=FAC1 address=2004 value=40 state394=88 state395=88
f=340 sl=-01 pc=FAC1 address=2004 value=A3 state394=88 state395=88
f=340 sl=-01 pc=FAC1 address=2004 value=72 state394=88 state395=88
f=340 sl=-01 pc=FAC1 address=2004 value=12 state394=88 state395=88
f=340 sl=-01 pc=FAC1 address=2004 value=00 state394=88 state395=88
f=340 sl=-01 pc=FAC1 address=2004 value=9B state394=88 state395=88
f=340 sl=-01 pc=FAC1 address=2004 value=62 state394=88 state395=88
f=340 sl=-01 pc=FAC1 address=2004 value=10 state394=88 state395=88
f=340 sl=-01 pc=FAC1 address=2004 value=C0 state394=88 state395=88
f=340 sl=-01 pc=FAC1 address=2004 value=16 state394=88 state395=88
f=340 sl=-01 pc=FAC1 address=2004 value=34 state394=88 state395=88
f=340 sl=-01 pc=FAC1 address=2004 value=37 state394=88 state395=88
f=340 sl=-01 pc=FAC1 address=2004 value=02 state394=88 state395=88
f=340 sl=-01 pc=FAC1 address=2004 value=AB state394=88 state395=88
f=340 sl=-01 pc=FAC1 address=2004 value=4C state394=88 state395=88
f=340 sl=-01 pc=FAC1 address=2004 value=2C state394=88 state395=88
f=340 sl=-01 pc=FAC1 address=2004 value=02 state394=88 state395=88
f=340 sl=-01 pc=FAC1 address=2004 value=97 state394=88 state395=88
f=340 sl=-01 pc=FAC1 address=2004 value=82 state394=88 state395=88
f=340 sl=-01 pc=FAC1 address=2004 value=16 state394=88 state395=88
f=340 sl=-01 pc=FAC1 address=2004 value=00 state394=88 state395=88
f=340 sl=-01 pc=FAC1 address=2004 value=9B state394=88 state395=88
f=340 sl=-01 pc=FAC1 address=2004 value=42 state394=88 state395=88
f=340 sl=-01 pc=FAC1 address=2004 value=0D state394=88 state395=88
f=340 sl=-01 pc=FAC1 address=2004 value=00 state394=88 state395=88
f=340 sl=-01 pc=FAC1 address=2004 value=B8 state394=88 state395=88
f=340 sl=-01 pc=FAC1 address=2004 value=37 state394=88 state395=88
f=340 sl=-01 pc=FAC1 address=2004 value=3B state394=88 state395=88
f=340 sl=-01 pc=FAC1 address=2004 value=02 state394=88 state395=88
f=340 sl=-01 pc=FAC1 address=2004 value=C6 state394=88 state395=88
f=340 sl=-01 pc=FAC1 address=2004 value=4D state394=88 state395=88
f=340 sl=-01 pc=FAC1 address=2004 value=30 state394=88 state395=88
f=340 sl=-01 pc=FAC1 address=2004 value=02 state394=88 state395=88
f=340 sl=-01 pc=FAC1 address=2004 value=9F state394=88 state395=88
f=340 sl=-01 pc=FAC1 address=2004 value=72 state394=88 state395=88
f=340 sl=-01 pc=FAC1 address=2004 value=11 state394=88 state395=88
f=340 sl=-01 pc=FAC1 address=2004 value=40 state394=88 state395=88
f=340 sl=-01 pc=FAC1 address=2004 value=AB state394=88 state395=88
f=340 sl=-01 pc=FAC1 address=2004 value=4A state394=88 state395=88
f=340 sl=-01 pc=FAC1 address=2004 value=0A state394=88 state395=88
f=340 sl=-01 pc=FAC1 address=2004 value=C0 state394=88 state395=88
f=340 sl=-01 pc=FAC1 address=2004 value=C0 state394=88 state395=88
f=340 sl=-01 pc=FAC1 address=2004 value=5A state394=88 state395=88
f=340 sl=-01 pc=FAC1 address=2004 value=10 state394=88 state395=88
f=340 sl=-01 pc=FAC1 address=2004 value=00 state394=88 state395=88
f=340 sl=-01 pc=FAC1 address=2004 value=0E state394=88 state395=88
f=340 sl=-01 pc=FAC1 address=2004 value=3C state394=88 state395=88
f=340 sl=-01 pc=FAC1 address=2004 value=34 state394=88 state395=88
f=340 sl=-01 pc=FAC1 address=2004 value=02 state394=88 state395=88
f=340 sl=-01 pc=FAC1 address=2004 value=A3 state394=88 state395=88
f=340 sl=-01 pc=FAC1 address=2004 value=82 state394=88 state395=88
f=340 sl=-01 pc=FAC1 address=2004 value=15 state394=88 state395=88
f=340 sl=-01 pc=FAC1 address=2004 value=40 state394=88 state395=88
f=340 sl=-01 pc=FAC1 address=2004 value=AB state394=88 state395=88
f=340 sl=-01 pc=FAC1 address=2004 value=7A state394=88 state395=88
f=340 sl=-01 pc=FAC1 address=2004 value=13 state394=88 state395=88
f=340 sl=-01 pc=FAC1 address=2004 value=00 state394=88 state395=88
f=340 sl=-01 pc=FAC1 address=2004 value=93 state394=88 state395=88
f=340 sl=-01 pc=FAC1 address=2004 value=3A state394=88 state395=88
f=340 sl=-01 pc=FAC1 address=2004 value=0A state394=88 state395=88
f=340 sl=-01 pc=FAC1 address=2004 value=00 state394=88 state395=88
f=340 sl=-01 pc=FAC1 address=2004 value=B0 state394=88 state395=88
f=340 sl=-01 pc=FAC1 address=2004 value=3C state394=88 state395=88
f=340 sl=-01 pc=FAC1 address=2004 value=38 state394=88 state395=88
f=340 sl=-01 pc=FAC1 address=2004 value=02 state394=88 state395=88
f=340 sl=-01 pc=FAC1 address=2004 value=AB state394=88 state395=88
f=340 sl=-01 pc=FAC1 address=2004 value=29 state394=88 state395=88
f=340 sl=-01 pc=FAC1 address=2004 value=2D state394=88 state395=88
f=340 sl=-01 pc=FAC1 address=2004 value=02 state394=88 state395=88
f=340 sl=-01 pc=FAC1 address=2004 value=98 state394=88 state395=88
f=340 sl=-01 pc=FAC1 address=4014 value=02 state394=88 state395=88
f=340 sl=-01 pc=D084 address=2000 value=89 state394=88 state395=88
f=340 sl=-01 pc=FACB address=2001 value=1E state394=88 state395=88
f=340 sl=-01 pc=FA0B address=2000 value=89 state394=88 state395=88
f=340 sl=-01 pc=F900 address=2000 value=88 state394=88 state395=88
f=340 sl=-01 pc=F900 address=2000 value=88 state394=88 state395=88
f=341 sl=-01 pc=FABC address=2003 value=00 state394=88 state395=88
f=341 sl=-01 pc=FAC1 address=2004 value=B7 state394=88 state395=88
f=341 sl=-01 pc=FAC1 address=2004 value=A0 state394=88 state395=88
f=341 sl=-01 pc=FAC1 address=2004 value=01 state394=88 state395=88
f=341 sl=-01 pc=FAC1 address=2004 value=10 state394=88 state395=88
f=341 sl=-01 pc=FAC1 address=2004 value=B7 state394=88 state395=88
f=341 sl=-01 pc=FAC1 address=2004 value=A1 state394=88 state395=88
f=341 sl=-01 pc=FAC1 address=2004 value=01 state394=88 state395=88
f=341 sl=-01 pc=FAC1 address=2004 value=18 state394=88 state395=88
f=341 sl=-01 pc=FAC1 address=2004 value=B7 state394=88 state395=88
f=341 sl=-01 pc=FAC1 address=2004 value=A2 state394=88 state395=88
f=341 sl=-01 pc=FAC1 address=2004 value=01 state394=88 state395=88
f=341 sl=-01 pc=FAC1 address=2004 value=20 state394=88 state395=88
f=341 sl=-01 pc=FAC1 address=2004 value=B7 state394=88 state395=88
f=341 sl=-01 pc=FAC1 address=2004 value=A3 state394=88 state395=88
f=341 sl=-01 pc=FAC1 address=2004 value=01 state394=88 state395=88
f=341 sl=-01 pc=FAC1 address=2004 value=28 state394=88 state395=88
f=341 sl=-01 pc=FAC1 address=2004 value=BF state394=88 state395=88
f=341 sl=-01 pc=FAC1 address=2004 value=A4 state394=88 state395=88
f=341 sl=-01 pc=FAC1 address=2004 value=01 state394=88 state395=88
f=341 sl=-01 pc=FAC1 address=2004 value=10 state394=88 state395=88
f=341 sl=-01 pc=FAC1 address=2004 value=BF state394=88 state395=88
f=341 sl=-01 pc=FAC1 address=2004 value=A5 state394=88 state395=88
f=341 sl=-01 pc=FAC1 address=2004 value=01 state394=88 state395=88
f=341 sl=-01 pc=FAC1 address=2004 value=18 state394=88 state395=88
f=341 sl=-01 pc=FAC1 address=2004 value=BF state394=88 state395=88
f=341 sl=-01 pc=FAC1 address=2004 value=A6 state394=88 state395=88
f=341 sl=-01 pc=FAC1 address=2004 value=01 state394=88 state395=88
f=341 sl=-01 pc=FAC1 address=2004 value=20 state394=88 state395=88
f=341 sl=-01 pc=FAC1 address=2004 value=BF state394=88 state395=88
f=341 sl=-01 pc=FAC1 address=2004 value=A7 state394=88 state395=88
f=341 sl=-01 pc=FAC1 address=2004 value=01 state394=88 state395=88
f=341 sl=-01 pc=FAC1 address=2004 value=28 state394=88 state395=88
f=341 sl=-01 pc=FAC1 address=2004 value=C7 state394=88 state395=88
f=341 sl=-01 pc=FAC1 address=2004 value=A8 state394=88 state395=88
f=341 sl=-01 pc=FAC1 address=2004 value=01 state394=88 state395=88
f=341 sl=-01 pc=FAC1 address=2004 value=10 state394=88 state395=88
f=341 sl=-01 pc=FAC1 address=2004 value=C7 state394=88 state395=88
f=341 sl=-01 pc=FAC1 address=2004 value=A9 state394=88 state395=88
f=341 sl=-01 pc=FAC1 address=2004 value=01 state394=88 state395=88
f=341 sl=-01 pc=FAC1 address=2004 value=18 state394=88 state395=88
f=341 sl=-01 pc=FAC1 address=2004 value=C7 state394=88 state395=88
f=341 sl=-01 pc=FAC1 address=2004 value=AA state394=88 state395=88
f=341 sl=-01 pc=FAC1 address=2004 value=01 state394=88 state395=88
f=341 sl=-01 pc=FAC1 address=2004 value=20 state394=88 state395=88
f=341 sl=-01 pc=FAC1 address=2004 value=C7 state394=88 state395=88
f=341 sl=-01 pc=FAC1 address=2004 value=AB state394=88 state395=88
f=341 sl=-01 pc=FAC1 address=2004 value=01 state394=88 state395=88
f=341 sl=-01 pc=FAC1 address=2004 value=28 state394=88 state395=88
f=341 sl=-01 pc=FAC1 address=2004 value=CF state394=88 state395=88
f=341 sl=-01 pc=FAC1 address=2004 value=AC state394=88 state395=88
f=341 sl=-01 pc=FAC1 address=2004 value=01 state394=88 state395=88
f=341 sl=-01 pc=FAC1 address=2004 value=10 state394=88 state395=88
f=341 sl=-01 pc=FAC1 address=2004 value=CF state394=88 state395=88
f=341 sl=-01 pc=FAC1 address=2004 value=AD state394=88 state395=88
f=341 sl=-01 pc=FAC1 address=2004 value=01 state394=88 state395=88
f=341 sl=-01 pc=FAC1 address=2004 value=18 state394=88 state395=88
f=341 sl=-01 pc=FAC1 address=2004 value=CF state394=88 state395=88
f=341 sl=-01 pc=FAC1 address=2004 value=AE state394=88 state395=88
f=341 sl=-01 pc=FAC1 address=2004 value=01 state394=88 state395=88
f=341 sl=-01 pc=FAC1 address=2004 value=20 state394=88 state395=88
f=341 sl=-01 pc=FAC1 address=2004 value=CF state394=88 state395=88
f=341 sl=-01 pc=FAC1 address=2004 value=AF state394=88 state395=88
f=341 sl=-01 pc=FAC1 address=2004 value=01 state394=88 state395=88
f=341 sl=-01 pc=FAC1 address=2004 value=28 state394=88 state395=88
f=341 sl=-01 pc=FAC1 address=2004 value=82 state394=88 state395=88
f=341 sl=-01 pc=FAC1 address=2004 value=16 state394=88 state395=88
f=341 sl=-01 pc=FAC1 address=2004 value=00 state394=88 state395=88
f=341 sl=-01 pc=FAC1 address=2004 value=9B state394=88 state395=88
f=341 sl=-01 pc=FAC1 address=2004 value=42 state394=88 state395=88
f=341 sl=-01 pc=FAC1 address=2004 value=0D state394=88 state395=88
f=341 sl=-01 pc=FAC1 address=2004 value=00 state394=88 state395=88
f=341 sl=-01 pc=FAC1 address=2004 value=B8 state394=88 state395=88
f=341 sl=-01 pc=FAC1 address=2004 value=37 state394=88 state395=88
f=341 sl=-01 pc=FAC1 address=2004 value=3B state394=88 state395=88
f=341 sl=-01 pc=FAC1 address=2004 value=02 state394=88 state395=88
f=341 sl=-01 pc=FAC1 address=2004 value=C6 state394=88 state395=88
f=341 sl=-01 pc=FAC1 address=2004 value=4D state394=88 state395=88
f=341 sl=-01 pc=FAC1 address=2004 value=30 state394=88 state395=88
f=341 sl=-01 pc=FAC1 address=2004 value=02 state394=88 state395=88
f=341 sl=-01 pc=FAC1 address=2004 value=9F state394=88 state395=88
f=341 sl=-01 pc=FAC1 address=2004 value=72 state394=88 state395=88
f=341 sl=-01 pc=FAC1 address=2004 value=11 state394=88 state395=88
f=341 sl=-01 pc=FAC1 address=2004 value=40 state394=88 state395=88
f=341 sl=-01 pc=FAC1 address=2004 value=AB state394=88 state395=88
f=341 sl=-01 pc=FAC1 address=2004 value=4A state394=88 state395=88
f=341 sl=-01 pc=FAC1 address=2004 value=0A state394=88 state395=88
f=341 sl=-01 pc=FAC1 address=2004 value=C0 state394=88 state395=88
f=341 sl=-01 pc=FAC1 address=2004 value=C0 state394=88 state395=88
f=341 sl=-01 pc=FAC1 address=2004 value=5A state394=88 state395=88
f=341 sl=-01 pc=FAC1 address=2004 value=10 state394=88 state395=88
f=341 sl=-01 pc=FAC1 address=2004 value=00 state394=88 state395=88
f=341 sl=-01 pc=FAC1 address=2004 value=0E state394=88 state395=88
f=341 sl=-01 pc=FAC1 address=2004 value=3C state394=88 state395=88
f=341 sl=-01 pc=FAC1 address=2004 value=34 state394=88 state395=88
f=341 sl=-01 pc=FAC1 address=2004 value=02 state394=88 state395=88
f=341 sl=-01 pc=FAC1 address=2004 value=A3 state394=88 state395=88
f=341 sl=-01 pc=FAC1 address=2004 value=82 state394=88 state395=88
f=341 sl=-01 pc=FAC1 address=2004 value=15 state394=88 state395=88
f=341 sl=-01 pc=FAC1 address=2004 value=40 state394=88 state395=88
f=341 sl=-01 pc=FAC1 address=2004 value=AB state394=88 state395=88
f=341 sl=-01 pc=FAC1 address=2004 value=7A state394=88 state395=88
f=341 sl=-01 pc=FAC1 address=2004 value=13 state394=88 state395=88
f=341 sl=-01 pc=FAC1 address=2004 value=00 state394=88 state395=88
f=341 sl=-01 pc=FAC1 address=2004 value=93 state394=88 state395=88
f=341 sl=-01 pc=FAC1 address=2004 value=3A state394=88 state395=88
f=341 sl=-01 pc=FAC1 address=2004 value=0A state394=88 state395=88
f=341 sl=-01 pc=FAC1 address=2004 value=00 state394=88 state395=88
f=341 sl=-01 pc=FAC1 address=2004 value=B0 state394=88 state395=88
f=341 sl=-01 pc=FAC1 address=2004 value=3C state394=88 state395=88
f=341 sl=-01 pc=FAC1 address=2004 value=38 state394=88 state395=88
f=341 sl=-01 pc=FAC1 address=2004 value=02 state394=88 state395=88
f=341 sl=-01 pc=FAC1 address=2004 value=AB state394=88 state395=88
f=341 sl=-01 pc=FAC1 address=2004 value=29 state394=88 state395=88
f=341 sl=-01 pc=FAC1 address=2004 value=2D state394=88 state395=88
f=341 sl=-01 pc=FAC1 address=2004 value=02 state394=88 state395=88
f=341 sl=-01 pc=FAC1 address=2004 value=98 state394=88 state395=88
f=341 sl=-01 pc=FAC1 address=2004 value=8A state394=88 state395=88
f=341 sl=-01 pc=FAC1 address=2004 value=17 state394=88 state395=88
f=341 sl=-01 pc=FAC1 address=2004 value=00 state394=88 state395=88
f=341 sl=-01 pc=FAC1 address=2004 value=93 state394=88 state395=88
f=341 sl=-01 pc=FAC1 address=2004 value=3A state394=88 state395=88
f=341 sl=-01 pc=FAC1 address=2004 value=0A state394=88 state395=88
f=341 sl=-01 pc=FAC1 address=2004 value=40 state394=88 state395=88
f=341 sl=-01 pc=FAC1 address=2004 value=C0 state394=88 state395=88
f=341 sl=-01 pc=FAC1 address=2004 value=38 state394=88 state395=88
f=341 sl=-01 pc=FAC1 address=2004 value=3C state394=88 state395=88
f=341 sl=-01 pc=FAC1 address=2004 value=02 state394=88 state395=88
f=341 sl=-01 pc=FAC1 address=2004 value=C7 state394=88 state395=88
f=341 sl=-01 pc=FAC1 address=2004 value=2A state394=88 state395=88
f=341 sl=-01 pc=FAC1 address=2004 value=31 state394=88 state395=88
f=341 sl=-01 pc=FAC1 address=2004 value=02 state394=88 state395=88
f=341 sl=-01 pc=FAC1 address=2004 value=A0 state394=88 state395=88
f=341 sl=-01 pc=FAC1 address=2004 value=7A state394=88 state395=88
f=341 sl=-01 pc=FAC1 address=2004 value=14 state394=88 state395=88
f=341 sl=-01 pc=FAC1 address=2004 value=40 state394=88 state395=88
f=341 sl=-01 pc=FAC1 address=2004 value=A3 state394=88 state395=88
f=341 sl=-01 pc=FAC1 address=2004 value=4A state394=88 state395=88
f=341 sl=-01 pc=FAC1 address=2004 value=0A state394=88 state395=88
f=341 sl=-01 pc=FAC1 address=2004 value=80 state394=88 state395=88
f=341 sl=-01 pc=FAC1 address=2004 value=B0 state394=88 state395=88
f=341 sl=-01 pc=FAC1 address=2004 value=5A state394=88 state395=88
f=341 sl=-01 pc=FAC1 address=2004 value=10 state394=88 state395=88
f=341 sl=-01 pc=FAC1 address=2004 value=40 state394=88 state395=88
f=341 sl=-01 pc=FAC1 address=2004 value=16 state394=88 state395=88
f=341 sl=-01 pc=FAC1 address=2004 value=44 state394=88 state395=88
f=341 sl=-01 pc=FAC1 address=2004 value=35 state394=88 state395=88
f=341 sl=-01 pc=FAC1 address=2004 value=02 state394=88 state395=88
f=341 sl=-01 pc=FAC1 address=2004 value=A3 state394=88 state395=88
f=341 sl=-01 pc=FAC1 address=2004 value=3B state394=88 state395=88
f=341 sl=-01 pc=FAC1 address=2004 value=2A state394=88 state395=88
f=341 sl=-01 pc=FAC1 address=2004 value=02 state394=88 state395=88
f=341 sl=-01 pc=FAC1 address=2004 value=8C state394=88 state395=88
f=341 sl=-01 pc=FAC1 address=2004 value=7A state394=88 state395=88
f=341 sl=-01 pc=FAC1 address=2004 value=14 state394=88 state395=88
f=341 sl=-01 pc=FAC1 address=2004 value=00 state394=88 state395=88
f=341 sl=-01 pc=FAC1 address=2004 value=9B state394=88 state395=88
f=341 sl=-01 pc=FAC1 address=2004 value=3A state394=88 state395=88
f=341 sl=-01 pc=FAC1 address=2004 value=0B state394=88 state395=88
f=341 sl=-01 pc=FAC1 address=2004 value=00 state394=88 state395=88
f=341 sl=-01 pc=FAC1 address=2004 value=B8 state394=88 state395=88
f=341 sl=-01 pc=FAC1 address=2004 value=4C state394=88 state395=88
f=341 sl=-01 pc=FAC1 address=2004 value=39 state394=88 state395=88
f=341 sl=-01 pc=FAC1 address=2004 value=02 state394=88 state395=88
f=341 sl=-01 pc=FAC1 address=2004 value=AB state394=88 state395=88
f=341 sl=-01 pc=FAC1 address=2004 value=31 state394=88 state395=88
f=341 sl=-01 pc=FAC1 address=2004 value=2E state394=88 state395=88
f=341 sl=-01 pc=FAC1 address=2004 value=02 state394=88 state395=88
f=341 sl=-01 pc=FAC1 address=2004 value=98 state394=88 state395=88
f=341 sl=-01 pc=FAC1 address=2004 value=8A state394=88 state395=88
f=341 sl=-01 pc=FAC1 address=2004 value=18 state394=88 state395=88
f=341 sl=-01 pc=FAC1 address=2004 value=00 state394=88 state395=88
f=341 sl=-01 pc=FAC1 address=2004 value=9B state394=88 state395=88
f=341 sl=-01 pc=FAC1 address=2004 value=4A state394=88 state395=88
f=341 sl=-01 pc=FAC1 address=2004 value=0B state394=88 state395=88
f=341 sl=-01 pc=FAC1 address=2004 value=80 state394=88 state395=88
f=341 sl=-01 pc=FAC1 address=2004 value=B8 state394=88 state395=88
f=341 sl=-01 pc=FAC1 address=2004 value=39 state394=88 state395=88
f=341 sl=-01 pc=FAC1 address=2004 value=3D state394=88 state395=88
f=341 sl=-01 pc=FAC1 address=2004 value=02 state394=88 state395=88
f=341 sl=-01 pc=FAC1 address=2004 value=C8 state394=88 state395=88
f=341 sl=-01 pc=FAC1 address=2004 value=32 state394=88 state395=88
f=341 sl=-01 pc=FAC1 address=2004 value=32 state394=88 state395=88
f=341 sl=-01 pc=FAC1 address=2004 value=02 state394=88 state395=88
f=341 sl=-01 pc=FAC1 address=2004 value=A0 state394=88 state395=88
f=341 sl=-01 pc=FAC1 address=2004 value=7A state394=88 state395=88
f=341 sl=-01 pc=FAC1 address=2004 value=13 state394=88 state395=88
f=341 sl=-01 pc=FAC1 address=2004 value=40 state394=88 state395=88
f=341 sl=-01 pc=FAC1 address=2004 value=AB state394=88 state395=88
f=341 sl=-01 pc=FAC1 address=2004 value=72 state394=88 state395=88
f=341 sl=-01 pc=FAC1 address=2004 value=11 state394=88 state395=88
f=341 sl=-01 pc=FAC1 address=2004 value=00 state394=88 state395=88
f=341 sl=-01 pc=FAC1 address=2004 value=93 state394=88 state395=88
f=341 sl=-01 pc=FAC1 address=2004 value=62 state394=88 state395=88
f=341 sl=-01 pc=FAC1 address=2004 value=10 state394=88 state395=88
f=341 sl=-01 pc=FAC1 address=2004 value=80 state394=88 state395=88
f=341 sl=-01 pc=FAC1 address=2004 value=0E state394=88 state395=88
f=341 sl=-01 pc=FAC1 address=2004 value=2C state394=88 state395=88
f=341 sl=-01 pc=FAC1 address=2004 value=36 state394=88 state395=88
f=341 sl=-01 pc=FAC1 address=2004 value=02 state394=88 state395=88
f=341 sl=-01 pc=FAC1 address=2004 value=A8 state394=88 state395=88
f=341 sl=-01 pc=FAC1 address=2004 value=2C state394=88 state395=88
f=341 sl=-01 pc=FAC1 address=2004 value=2B state394=88 state395=88
f=341 sl=-01 pc=FAC1 address=2004 value=02 state394=88 state395=88
f=341 sl=-01 pc=FAC1 address=2004 value=90 state394=88 state395=88
f=341 sl=-01 pc=FAC1 address=2004 value=82 state394=88 state395=88
f=341 sl=-01 pc=FAC1 address=2004 value=15 state394=88 state395=88
f=341 sl=-01 pc=FAC1 address=2004 value=00 state394=88 state395=88
f=341 sl=-01 pc=FAC1 address=2004 value=93 state394=88 state395=88
f=341 sl=-01 pc=FAC1 address=2004 value=42 state394=88 state395=88
f=341 sl=-01 pc=FAC1 address=2004 value=0C state394=88 state395=88
f=341 sl=-01 pc=FAC1 address=2004 value=00 state394=88 state395=88
f=341 sl=-01 pc=FAC1 address=2004 value=B0 state394=88 state395=88
f=341 sl=-01 pc=FAC1 address=2004 value=2E state394=88 state395=88
f=341 sl=-01 pc=FAC1 address=2004 value=3A state394=88 state395=88
f=341 sl=-01 pc=FAC1 address=2004 value=02 state394=88 state395=88
f=341 sl=-01 pc=FAC1 address=2004 value=B0 state394=88 state395=88
f=341 sl=-01 pc=FAC1 address=2004 value=45 state394=88 state395=88
f=341 sl=-01 pc=FAC1 address=2004 value=2F state394=88 state395=88
f=341 sl=-01 pc=FAC1 address=2004 value=02 state394=88 state395=88
f=341 sl=-01 pc=FAC1 address=2004 value=9F state394=88 state395=88
f=341 sl=-01 pc=FAC1 address=2004 value=72 state394=88 state395=88
f=341 sl=-01 pc=FAC1 address=2004 value=12 state394=88 state395=88
f=341 sl=-01 pc=FAC1 address=2004 value=40 state394=88 state395=88
f=341 sl=-01 pc=FAC1 address=2004 value=A3 state394=88 state395=88
f=341 sl=-01 pc=FAC1 address=2004 value=42 state394=88 state395=88
f=341 sl=-01 pc=FAC1 address=2004 value=0C state394=88 state395=88
f=341 sl=-01 pc=FAC1 address=2004 value=40 state394=88 state395=88
f=341 sl=-01 pc=FAC1 address=2004 value=C0 state394=88 state395=88
f=341 sl=-01 pc=FAC1 address=2004 value=39 state394=88 state395=88
f=341 sl=-01 pc=FAC1 address=2004 value=3E state394=88 state395=88
f=341 sl=-01 pc=FAC1 address=2004 value=02 state394=88 state395=88
f=341 sl=-01 pc=FAC1 address=2004 value=D0 state394=88 state395=88
f=341 sl=-01 pc=FAC1 address=2004 value=56 state394=88 state395=88
f=341 sl=-01 pc=FAC1 address=2004 value=33 state394=88 state395=88
f=341 sl=-01 pc=FAC1 address=2004 value=02 state394=88 state395=88
f=341 sl=-01 pc=FAC1 address=2004 value=A0 state394=88 state395=88
f=341 sl=-01 pc=FAC1 address=2004 value=82 state394=88 state395=88
f=341 sl=-01 pc=FAC1 address=2004 value=16 state394=88 state395=88
f=341 sl=-01 pc=FAC1 address=2004 value=40 state394=88 state395=88
f=341 sl=-01 pc=FAC1 address=2004 value=A3 state394=88 state395=88
f=341 sl=-01 pc=FAC1 address=2004 value=72 state394=88 state395=88
f=341 sl=-01 pc=FAC1 address=2004 value=12 state394=88 state395=88
f=341 sl=-01 pc=FAC1 address=2004 value=00 state394=88 state395=88
f=341 sl=-01 pc=FAC1 address=2004 value=9B state394=88 state395=88
f=341 sl=-01 pc=FAC1 address=2004 value=62 state394=88 state395=88
f=341 sl=-01 pc=FAC1 address=2004 value=10 state394=88 state395=88
f=341 sl=-01 pc=FAC1 address=2004 value=C0 state394=88 state395=88
f=341 sl=-01 pc=FAC1 address=2004 value=16 state394=88 state395=88
f=341 sl=-01 pc=FAC1 address=2004 value=34 state394=88 state395=88
f=341 sl=-01 pc=FAC1 address=2004 value=37 state394=88 state395=88
f=341 sl=-01 pc=FAC1 address=2004 value=02 state394=88 state395=88
f=341 sl=-01 pc=FAC1 address=2004 value=AB state394=88 state395=88
f=341 sl=-01 pc=FAC1 address=2004 value=4C state394=88 state395=88
f=341 sl=-01 pc=FAC1 address=2004 value=2C state394=88 state395=88
f=341 sl=-01 pc=FAC1 address=2004 value=02 state394=88 state395=88
f=341 sl=-01 pc=FAC1 address=2004 value=97 state394=88 state395=88
f=341 sl=-01 pc=FAC1 address=4014 value=02 state394=88 state395=88
f=341 sl=-01 pc=D084 address=2000 value=89 state394=88 state395=88
f=341 sl=-01 pc=FACB address=2001 value=1E state394=88 state395=88
f=341 sl=-01 pc=FA0B address=2000 value=89 state394=88 state395=88
f=341 sl=-01 pc=F900 address=2000 value=88 state394=88 state395=88
f=341 sl=-01 pc=F900 address=2000 value=88 state394=88 state395=88
f=342 sl=-01 pc=FABC address=2003 value=00 state394=88 state395=88
f=342 sl=-01 pc=FAC1 address=2004 value=B7 state394=88 state395=88
f=342 sl=-01 pc=FAC1 address=2004 value=A0 state394=88 state395=88
f=342 sl=-01 pc=FAC1 address=2004 value=01 state394=88 state395=88
f=342 sl=-01 pc=FAC1 address=2004 value=10 state394=88 state395=88
f=342 sl=-01 pc=FAC1 address=2004 value=B7 state394=88 state395=88
f=342 sl=-01 pc=FAC1 address=2004 value=A1 state394=88 state395=88
f=342 sl=-01 pc=FAC1 address=2004 value=01 state394=88 state395=88
f=342 sl=-01 pc=FAC1 address=2004 value=18 state394=88 state395=88
f=342 sl=-01 pc=FAC1 address=2004 value=B7 state394=88 state395=88
f=342 sl=-01 pc=FAC1 address=2004 value=A2 state394=88 state395=88
f=342 sl=-01 pc=FAC1 address=2004 value=01 state394=88 state395=88
f=342 sl=-01 pc=FAC1 address=2004 value=20 state394=88 state395=88
f=342 sl=-01 pc=FAC1 address=2004 value=B7 state394=88 state395=88
f=342 sl=-01 pc=FAC1 address=2004 value=A3 state394=88 state395=88
f=342 sl=-01 pc=FAC1 address=2004 value=01 state394=88 state395=88
f=342 sl=-01 pc=FAC1 address=2004 value=28 state394=88 state395=88
f=342 sl=-01 pc=FAC1 address=2004 value=BF state394=88 state395=88
f=342 sl=-01 pc=FAC1 address=2004 value=A4 state394=88 state395=88
f=342 sl=-01 pc=FAC1 address=2004 value=01 state394=88 state395=88
f=342 sl=-01 pc=FAC1 address=2004 value=10 state394=88 state395=88
f=342 sl=-01 pc=FAC1 address=2004 value=BF state394=88 state395=88
f=342 sl=-01 pc=FAC1 address=2004 value=A5 state394=88 state395=88
f=342 sl=-01 pc=FAC1 address=2004 value=01 state394=88 state395=88
f=342 sl=-01 pc=FAC1 address=2004 value=18 state394=88 state395=88
f=342 sl=-01 pc=FAC1 address=2004 value=BF state394=88 state395=88
f=342 sl=-01 pc=FAC1 address=2004 value=A6 state394=88 state395=88
f=342 sl=-01 pc=FAC1 address=2004 value=01 state394=88 state395=88
f=342 sl=-01 pc=FAC1 address=2004 value=20 state394=88 state395=88
f=342 sl=-01 pc=FAC1 address=2004 value=BF state394=88 state395=88
f=342 sl=-01 pc=FAC1 address=2004 value=A7 state394=88 state395=88
f=342 sl=-01 pc=FAC1 address=2004 value=01 state394=88 state395=88
f=342 sl=-01 pc=FAC1 address=2004 value=28 state394=88 state395=88
f=342 sl=-01 pc=FAC1 address=2004 value=C7 state394=88 state395=88
f=342 sl=-01 pc=FAC1 address=2004 value=A8 state394=88 state395=88
f=342 sl=-01 pc=FAC1 address=2004 value=01 state394=88 state395=88
f=342 sl=-01 pc=FAC1 address=2004 value=10 state394=88 state395=88
f=342 sl=-01 pc=FAC1 address=2004 value=C7 state394=88 state395=88
f=342 sl=-01 pc=FAC1 address=2004 value=A9 state394=88 state395=88
f=342 sl=-01 pc=FAC1 address=2004 value=01 state394=88 state395=88
f=342 sl=-01 pc=FAC1 address=2004 value=18 state394=88 state395=88
f=342 sl=-01 pc=FAC1 address=2004 value=C7 state394=88 state395=88
f=342 sl=-01 pc=FAC1 address=2004 value=AA state394=88 state395=88
f=342 sl=-01 pc=FAC1 address=2004 value=01 state394=88 state395=88
f=342 sl=-01 pc=FAC1 address=2004 value=20 state394=88 state395=88
f=342 sl=-01 pc=FAC1 address=2004 value=C7 state394=88 state395=88
f=342 sl=-01 pc=FAC1 address=2004 value=AB state394=88 state395=88
f=342 sl=-01 pc=FAC1 address=2004 value=01 state394=88 state395=88
f=342 sl=-01 pc=FAC1 address=2004 value=28 state394=88 state395=88
f=342 sl=-01 pc=FAC1 address=2004 value=CF state394=88 state395=88
f=342 sl=-01 pc=FAC1 address=2004 value=AC state394=88 state395=88
f=342 sl=-01 pc=FAC1 address=2004 value=01 state394=88 state395=88
f=342 sl=-01 pc=FAC1 address=2004 value=10 state394=88 state395=88
f=342 sl=-01 pc=FAC1 address=2004 value=CF state394=88 state395=88
f=342 sl=-01 pc=FAC1 address=2004 value=AD state394=88 state395=88
f=342 sl=-01 pc=FAC1 address=2004 value=01 state394=88 state395=88
f=342 sl=-01 pc=FAC1 address=2004 value=18 state394=88 state395=88
f=342 sl=-01 pc=FAC1 address=2004 value=CF state394=88 state395=88
f=342 sl=-01 pc=FAC1 address=2004 value=AE state394=88 state395=88
f=342 sl=-01 pc=FAC1 address=2004 value=01 state394=88 state395=88
f=342 sl=-01 pc=FAC1 address=2004 value=20 state394=88 state395=88
f=342 sl=-01 pc=FAC1 address=2004 value=CF state394=88 state395=88
f=342 sl=-01 pc=FAC1 address=2004 value=AF state394=88 state395=88
f=342 sl=-01 pc=FAC1 address=2004 value=01 state394=88 state395=88
f=342 sl=-01 pc=FAC1 address=2004 value=28 state394=88 state395=88
f=342 sl=-01 pc=FAC1 address=2004 value=4F state394=88 state395=88
f=342 sl=-01 pc=FAC1 address=2004 value=29 state394=88 state395=88
f=342 sl=-01 pc=FAC1 address=2004 value=00 state394=88 state395=88
f=342 sl=-01 pc=FAC1 address=2004 value=C0 state394=88 state395=88
f=342 sl=-01 pc=FAC1 address=2004 value=5E state394=88 state395=88
f=342 sl=-01 pc=FAC1 address=2004 value=08 state394=88 state395=88
f=342 sl=-01 pc=FAC1 address=2004 value=40 state394=88 state395=88
f=342 sl=-01 pc=FAC1 address=2004 value=1A state394=88 state395=88
f=342 sl=-01 pc=FAC1 address=2004 value=2E state394=88 state395=88
f=342 sl=-01 pc=FAC1 address=2004 value=3A state394=88 state395=88
f=342 sl=-01 pc=FAC1 address=2004 value=02 state394=88 state395=88
f=342 sl=-01 pc=FAC1 address=2004 value=B0 state394=88 state395=88
f=342 sl=-01 pc=FAC1 address=2004 value=45 state394=88 state395=88
f=342 sl=-01 pc=FAC1 address=2004 value=2F state394=88 state395=88
f=342 sl=-01 pc=FAC1 address=2004 value=02 state394=88 state395=88
f=342 sl=-01 pc=FAC1 address=2004 value=9F state394=88 state395=88
f=342 sl=-01 pc=FAC1 address=2004 value=7A state394=88 state395=88
f=342 sl=-01 pc=FAC1 address=2004 value=1C state394=88 state395=88
f=342 sl=-01 pc=FAC1 address=2004 value=00 state394=88 state395=88
f=342 sl=-01 pc=FAC1 address=2004 value=9D state394=88 state395=88
f=342 sl=-01 pc=FAC1 address=2004 value=3F state394=88 state395=88
f=342 sl=-01 pc=FAC1 address=2004 value=22 state394=88 state395=88
f=342 sl=-01 pc=FAC1 address=2004 value=00 state394=88 state395=88
f=342 sl=-01 pc=FAC1 address=2004 value=B8 state394=88 state395=88
f=342 sl=-01 pc=FAC1 address=2004 value=39 state394=88 state395=88
f=342 sl=-01 pc=FAC1 address=2004 value=3E state394=88 state395=88
f=342 sl=-01 pc=FAC1 address=2004 value=02 state394=88 state395=88
f=342 sl=-01 pc=FAC1 address=2004 value=D0 state394=88 state395=88
f=342 sl=-01 pc=FAC1 address=2004 value=56 state394=88 state395=88
f=342 sl=-01 pc=FAC1 address=2004 value=33 state394=88 state395=88
f=342 sl=-01 pc=FAC1 address=2004 value=02 state394=88 state395=88
f=342 sl=-01 pc=FAC1 address=2004 value=A0 state394=88 state395=88
f=342 sl=-01 pc=FAC1 address=2004 value=8A state394=88 state395=88
f=342 sl=-01 pc=FAC1 address=2004 value=20 state394=88 state395=88
f=342 sl=-01 pc=FAC1 address=2004 value=00 state394=88 state395=88
f=342 sl=-01 pc=FAC1 address=2004 value=9D state394=88 state395=88
f=342 sl=-01 pc=FAC1 address=2004 value=47 state394=88 state395=88
f=342 sl=-01 pc=FAC1 address=2004 value=26 state394=88 state395=88
f=342 sl=-01 pc=FAC1 address=2004 value=00 state394=88 state395=88
f=342 sl=-01 pc=FAC1 address=2004 value=C0 state394=88 state395=88
f=342 sl=-01 pc=FAC1 address=2004 value=5E state394=88 state395=88
f=342 sl=-01 pc=FAC1 address=2004 value=09 state394=88 state395=88
f=342 sl=-01 pc=FAC1 address=2004 value=00 state394=88 state395=88
f=342 sl=-01 pc=FAC1 address=2004 value=12 state394=88 state395=88
f=342 sl=-01 pc=FAC1 address=2004 value=34 state394=88 state395=88
f=342 sl=-01 pc=FAC1 address=2004 value=37 state394=88 state395=88
f=342 sl=-01 pc=FAC1 address=2004 value=02 state394=88 state395=88
f=342 sl=-01 pc=FAC1 address=2004 value=AB state394=88 state395=88
f=342 sl=-01 pc=FAC1 address=2004 value=4C state394=88 state395=88
f=342 sl=-01 pc=FAC1 address=2004 value=2C state394=88 state395=88
f=342 sl=-01 pc=FAC1 address=2004 value=02 state394=88 state395=88
f=342 sl=-01 pc=FAC1 address=2004 value=97 state394=88 state395=88
f=342 sl=-01 pc=FAC1 address=2004 value=72 state394=88 state395=88
f=342 sl=-01 pc=FAC1 address=2004 value=19 state394=88 state395=88
f=342 sl=-01 pc=FAC1 address=2004 value=00 state394=88 state395=88
f=342 sl=-01 pc=FAC1 address=2004 value=95 state394=88 state395=88
f=342 sl=-01 pc=FAC1 address=2004 value=66 state394=88 state395=88
f=342 sl=-01 pc=FAC1 address=2004 value=06 state394=88 state395=88
f=342 sl=-01 pc=FAC1 address=2004 value=80 state394=88 state395=88
f=342 sl=-01 pc=FAC1 address=2004 value=0A state394=88 state395=88
f=342 sl=-01 pc=FAC1 address=2004 value=37 state394=88 state395=88
f=342 sl=-01 pc=FAC1 address=2004 value=3B state394=88 state395=88
f=342 sl=-01 pc=FAC1 address=2004 value=02 state394=88 state395=88
f=342 sl=-01 pc=FAC1 address=2004 value=C6 state394=88 state395=88
f=342 sl=-01 pc=FAC1 address=2004 value=4D state394=88 state395=88
f=342 sl=-01 pc=FAC1 address=2004 value=30 state394=88 state395=88
f=342 sl=-01 pc=FAC1 address=2004 value=02 state394=88 state395=88
f=342 sl=-01 pc=FAC1 address=2004 value=9F state394=88 state395=88
f=342 sl=-01 pc=FAC1 address=2004 value=82 state394=88 state395=88
f=342 sl=-01 pc=FAC1 address=2004 value=1D state394=88 state395=88
f=342 sl=-01 pc=FAC1 address=2004 value=00 state394=88 state395=88
f=342 sl=-01 pc=FAC1 address=2004 value=95 state394=88 state395=88
f=342 sl=-01 pc=FAC1 address=2004 value=3F state394=88 state395=88
f=342 sl=-01 pc=FAC1 address=2004 value=23 state394=88 state395=88
f=342 sl=-01 pc=FAC1 address=2004 value=00 state394=88 state395=88
f=342 sl=-01 pc=FAC1 address=2004 value=C0 state394=88 state395=88
f=342 sl=-01 pc=FAC1 address=2004 value=56 state394=88 state395=88
f=342 sl=-01 pc=FAC1 address=2004 value=06 state394=88 state395=88
f=342 sl=-01 pc=FAC1 address=2004 value=00 state394=88 state395=88
f=342 sl=-01 pc=FAC1 address=2004 value=0A state394=88 state395=88
f=342 sl=-01 pc=FAC1 address=2004 value=3C state394=88 state395=88
f=342 sl=-01 pc=FAC1 address=2004 value=34 state394=88 state395=88
f=342 sl=-01 pc=FAC1 address=2004 value=02 state394=88 state395=88
f=342 sl=-01 pc=FAC1 address=2004 value=A3 state394=88 state395=88
f=342 sl=-01 pc=FAC1 address=2004 value=72 state394=88 state395=88
f=342 sl=-01 pc=FAC1 address=2004 value=1A state394=88 state395=88
f=342 sl=-01 pc=FAC1 address=2004 value=40 state394=88 state395=88
f=342 sl=-01 pc=FAC1 address=2004 value=A5 state394=88 state395=88
f=342 sl=-01 pc=FAC1 address=2004 value=4F state394=88 state395=88
f=342 sl=-01 pc=FAC1 address=2004 value=27 state394=88 state395=88
f=342 sl=-01 pc=FAC1 address=2004 value=00 state394=88 state395=88
f=342 sl=-01 pc=FAC1 address=2004 value=B0 state394=88 state395=88
f=342 sl=-01 pc=FAC1 address=2004 value=56 state394=88 state395=88
f=342 sl=-01 pc=FAC1 address=2004 value=06 state394=88 state395=88
f=342 sl=-01 pc=FAC1 address=2004 value=40 state394=88 state395=88
f=342 sl=-01 pc=FAC1 address=2004 value=1A state394=88 state395=88
f=342 sl=-01 pc=FAC1 address=2004 value=3C state394=88 state395=88
f=342 sl=-01 pc=FAC1 address=2004 value=38 state394=88 state395=88
f=342 sl=-01 pc=FAC1 address=2004 value=02 state394=88 state395=88
f=342 sl=-01 pc=FAC1 address=2004 value=AB state394=88 state395=88
f=342 sl=-01 pc=FAC1 address=2004 value=29 state394=88 state395=88
f=342 sl=-01 pc=FAC1 address=2004 value=2D state394=88 state395=88
f=342 sl=-01 pc=FAC1 address=2004 value=02 state394=88 state395=88
f=342 sl=-01 pc=FAC1 address=2004 value=98 state394=88 state395=88
f=342 sl=-01 pc=FAC1 address=2004 value=72 state394=88 state395=88
f=342 sl=-01 pc=FAC1 address=2004 value=1A state394=88 state395=88
f=342 sl=-01 pc=FAC1 address=2004 value=00 state394=88 state395=88
f=342 sl=-01 pc=FAC1 address=2004 value=9D state394=88 state395=88
f=342 sl=-01 pc=FAC1 address=2004 value=66 state394=88 state395=88
f=342 sl=-01 pc=FAC1 address=2004 value=06 state394=88 state395=88
f=342 sl=-01 pc=FAC1 address=2004 value=C0 state394=88 state395=88
f=342 sl=-01 pc=FAC1 address=2004 value=1A state394=88 state395=88
f=342 sl=-01 pc=FAC1 address=2004 value=38 state394=88 state395=88
f=342 sl=-01 pc=FAC1 address=2004 value=3C state394=88 state395=88
f=342 sl=-01 pc=FAC1 address=2004 value=02 state394=88 state395=88
f=342 sl=-01 pc=FAC1 address=2004 value=C7 state394=88 state395=88
f=342 sl=-01 pc=FAC1 address=2004 value=2A state394=88 state395=88
f=342 sl=-01 pc=FAC1 address=2004 value=31 state394=88 state395=88
f=342 sl=-01 pc=FAC1 address=2004 value=02 state394=88 state395=88
f=342 sl=-01 pc=FAC1 address=2004 value=A0 state394=88 state395=88
f=342 sl=-01 pc=FAC1 address=2004 value=82 state394=88 state395=88
f=342 sl=-01 pc=FAC1 address=2004 value=1E state394=88 state395=88
f=342 sl=-01 pc=FAC1 address=2004 value=00 state394=88 state395=88
f=342 sl=-01 pc=FAC1 address=2004 value=9D state394=88 state395=88
f=342 sl=-01 pc=FAC1 address=2004 value=47 state394=88 state395=88
f=342 sl=-01 pc=FAC1 address=2004 value=24 state394=88 state395=88
f=342 sl=-01 pc=FAC1 address=2004 value=00 state394=88 state395=88
f=342 sl=-01 pc=FAC1 address=2004 value=B0 state394=88 state395=88
f=342 sl=-01 pc=FAC1 address=2004 value=56 state394=88 state395=88
f=342 sl=-01 pc=FAC1 address=2004 value=07 state394=88 state395=88
f=342 sl=-01 pc=FAC1 address=2004 value=00 state394=88 state395=88
f=342 sl=-01 pc=FAC1 address=2004 value=12 state394=88 state395=88
f=342 sl=-01 pc=FAC1 address=2004 value=44 state394=88 state395=88
f=342 sl=-01 pc=FAC1 address=2004 value=35 state394=88 state395=88
f=342 sl=-01 pc=FAC1 address=2004 value=02 state394=88 state395=88
f=342 sl=-01 pc=FAC1 address=2004 value=A3 state394=88 state395=88
f=342 sl=-01 pc=FAC1 address=2004 value=3B state394=88 state395=88
f=342 sl=-01 pc=FAC1 address=2004 value=2A state394=88 state395=88
f=342 sl=-01 pc=FAC1 address=2004 value=02 state394=88 state395=88
f=342 sl=-01 pc=FAC1 address=2004 value=8C state394=88 state395=88
f=342 sl=-01 pc=FAC1 address=2004 value=4F state394=88 state395=88
f=342 sl=-01 pc=FAC1 address=2004 value=28 state394=88 state395=88
f=342 sl=-01 pc=FAC1 address=2004 value=00 state394=88 state395=88
f=342 sl=-01 pc=FAC1 address=2004 value=B8 state394=88 state395=88
f=342 sl=-01 pc=FAC1 address=2004 value=66 state394=88 state395=88
f=342 sl=-01 pc=FAC1 address=2004 value=07 state394=88 state395=88
f=342 sl=-01 pc=FAC1 address=2004 value=80 state394=88 state395=88
f=342 sl=-01 pc=FAC1 address=2004 value=12 state394=88 state395=88
f=342 sl=-01 pc=FAC1 address=2004 value=4C state394=88 state395=88
f=342 sl=-01 pc=FAC1 address=2004 value=39 state394=88 state395=88
f=342 sl=-01 pc=FAC1 address=2004 value=02 state394=88 state395=88
f=342 sl=-01 pc=FAC1 address=2004 value=AB state394=88 state395=88
f=342 sl=-01 pc=FAC1 address=2004 value=31 state394=88 state395=88
f=342 sl=-01 pc=FAC1 address=2004 value=2E state394=88 state395=88
f=342 sl=-01 pc=FAC1 address=2004 value=02 state394=88 state395=88
f=342 sl=-01 pc=FAC1 address=2004 value=98 state394=88 state395=88
f=342 sl=-01 pc=FAC1 address=2004 value=7A state394=88 state395=88
f=342 sl=-01 pc=FAC1 address=2004 value=1B state394=88 state395=88
f=342 sl=-01 pc=FAC1 address=2004 value=00 state394=88 state395=88
f=342 sl=-01 pc=FAC1 address=2004 value=95 state394=88 state395=88
f=342 sl=-01 pc=FAC1 address=2004 value=3F state394=88 state395=88
f=342 sl=-01 pc=FAC1 address=2004 value=21 state394=88 state395=88
f=342 sl=-01 pc=FAC1 address=2004 value=00 state394=88 state395=88
f=342 sl=-01 pc=FAC1 address=2004 value=B0 state394=88 state395=88
f=342 sl=-01 pc=FAC1 address=2004 value=39 state394=88 state395=88
f=342 sl=-01 pc=FAC1 address=2004 value=3D state394=88 state395=88
f=342 sl=-01 pc=FAC1 address=2004 value=02 state394=88 state395=88
f=342 sl=-01 pc=FAC1 address=2004 value=C8 state394=88 state395=88
f=342 sl=-01 pc=FAC1 address=2004 value=32 state394=88 state395=88
f=342 sl=-01 pc=FAC1 address=2004 value=32 state394=88 state395=88
f=342 sl=-01 pc=FAC1 address=2004 value=02 state394=88 state395=88
f=342 sl=-01 pc=FAC1 address=2004 value=A0 state394=88 state395=88
f=342 sl=-01 pc=FAC1 address=2004 value=8A state394=88 state395=88
f=342 sl=-01 pc=FAC1 address=2004 value=1F state394=88 state395=88
f=342 sl=-01 pc=FAC1 address=2004 value=00 state394=88 state395=88
f=342 sl=-01 pc=FAC1 address=2004 value=95 state394=88 state395=88
f=342 sl=-01 pc=FAC1 address=2004 value=47 state394=88 state395=88
f=342 sl=-01 pc=FAC1 address=2004 value=25 state394=88 state395=88
f=342 sl=-01 pc=FAC1 address=2004 value=00 state394=88 state395=88
f=342 sl=-01 pc=FAC1 address=2004 value=B8 state394=88 state395=88
f=342 sl=-01 pc=FAC1 address=2004 value=5E state394=88 state395=88
f=342 sl=-01 pc=FAC1 address=2004 value=08 state394=88 state395=88
f=342 sl=-01 pc=FAC1 address=2004 value=00 state394=88 state395=88
f=342 sl=-01 pc=FAC1 address=2004 value=0A state394=88 state395=88
f=342 sl=-01 pc=FAC1 address=2004 value=2C state394=88 state395=88
f=342 sl=-01 pc=FAC1 address=2004 value=36 state394=88 state395=88
f=342 sl=-01 pc=FAC1 address=2004 value=02 state394=88 state395=88
f=342 sl=-01 pc=FAC1 address=2004 value=A8 state394=88 state395=88
f=342 sl=-01 pc=FAC1 address=2004 value=2C state394=88 state395=88
f=342 sl=-01 pc=FAC1 address=2004 value=2B state394=88 state395=88
f=342 sl=-01 pc=FAC1 address=2004 value=02 state394=88 state395=88
f=342 sl=-01 pc=FAC1 address=2004 value=90 state394=88 state395=88
f=342 sl=-01 pc=FAC1 address=4014 value=02 state394=88 state395=88
f=342 sl=-01 pc=D084 address=2000 value=89 state394=88 state395=88
f=342 sl=-01 pc=FACB address=2001 value=1E state394=88 state395=88
f=342 sl=-01 pc=FA0B address=2000 value=89 state394=88 state395=88
f=342 sl=-01 pc=F900 address=2000 value=88 state394=88 state395=88
f=342 sl=-01 pc=F900 address=2000 value=88 state394=88 state395=88
f=343 sl=-01 pc=FABC address=2003 value=00 state394=88 state395=88
f=343 sl=-01 pc=FAC1 address=2004 value=B7 state394=88 state395=88
f=343 sl=-01 pc=FAC1 address=2004 value=A0 state394=88 state395=88
f=343 sl=-01 pc=FAC1 address=2004 value=01 state394=88 state395=88
f=343 sl=-01 pc=FAC1 address=2004 value=10 state394=88 state395=88
f=343 sl=-01 pc=FAC1 address=2004 value=B7 state394=88 state395=88
f=343 sl=-01 pc=FAC1 address=2004 value=A1 state394=88 state395=88
f=343 sl=-01 pc=FAC1 address=2004 value=01 state394=88 state395=88
f=343 sl=-01 pc=FAC1 address=2004 value=18 state394=88 state395=88
f=343 sl=-01 pc=FAC1 address=2004 value=B7 state394=88 state395=88
f=343 sl=-01 pc=FAC1 address=2004 value=A2 state394=88 state395=88
f=343 sl=-01 pc=FAC1 address=2004 value=01 state394=88 state395=88
f=343 sl=-01 pc=FAC1 address=2004 value=20 state394=88 state395=88
f=343 sl=-01 pc=FAC1 address=2004 value=B7 state394=88 state395=88
f=343 sl=-01 pc=FAC1 address=2004 value=A3 state394=88 state395=88
f=343 sl=-01 pc=FAC1 address=2004 value=01 state394=88 state395=88
f=343 sl=-01 pc=FAC1 address=2004 value=28 state394=88 state395=88
f=343 sl=-01 pc=FAC1 address=2004 value=BF state394=88 state395=88
f=343 sl=-01 pc=FAC1 address=2004 value=A4 state394=88 state395=88
f=343 sl=-01 pc=FAC1 address=2004 value=01 state394=88 state395=88
f=343 sl=-01 pc=FAC1 address=2004 value=10 state394=88 state395=88
f=343 sl=-01 pc=FAC1 address=2004 value=BF state394=88 state395=88
f=343 sl=-01 pc=FAC1 address=2004 value=A5 state394=88 state395=88
f=343 sl=-01 pc=FAC1 address=2004 value=01 state394=88 state395=88
f=343 sl=-01 pc=FAC1 address=2004 value=18 state394=88 state395=88
f=343 sl=-01 pc=FAC1 address=2004 value=BF state394=88 state395=88
f=343 sl=-01 pc=FAC1 address=2004 value=A6 state394=88 state395=88
f=343 sl=-01 pc=FAC1 address=2004 value=01 state394=88 state395=88
f=343 sl=-01 pc=FAC1 address=2004 value=20 state394=88 state395=88
f=343 sl=-01 pc=FAC1 address=2004 value=BF state394=88 state395=88
f=343 sl=-01 pc=FAC1 address=2004 value=A7 state394=88 state395=88
f=343 sl=-01 pc=FAC1 address=2004 value=01 state394=88 state395=88
f=343 sl=-01 pc=FAC1 address=2004 value=28 state394=88 state395=88
f=343 sl=-01 pc=FAC1 address=2004 value=C7 state394=88 state395=88
f=343 sl=-01 pc=FAC1 address=2004 value=A8 state394=88 state395=88
f=343 sl=-01 pc=FAC1 address=2004 value=01 state394=88 state395=88
f=343 sl=-01 pc=FAC1 address=2004 value=10 state394=88 state395=88
f=343 sl=-01 pc=FAC1 address=2004 value=C7 state394=88 state395=88
f=343 sl=-01 pc=FAC1 address=2004 value=A9 state394=88 state395=88
f=343 sl=-01 pc=FAC1 address=2004 value=01 state394=88 state395=88
f=343 sl=-01 pc=FAC1 address=2004 value=18 state394=88 state395=88
f=343 sl=-01 pc=FAC1 address=2004 value=C7 state394=88 state395=88
f=343 sl=-01 pc=FAC1 address=2004 value=AA state394=88 state395=88
f=343 sl=-01 pc=FAC1 address=2004 value=01 state394=88 state395=88
f=343 sl=-01 pc=FAC1 address=2004 value=20 state394=88 state395=88
f=343 sl=-01 pc=FAC1 address=2004 value=C7 state394=88 state395=88
f=343 sl=-01 pc=FAC1 address=2004 value=AB state394=88 state395=88
f=343 sl=-01 pc=FAC1 address=2004 value=01 state394=88 state395=88
f=343 sl=-01 pc=FAC1 address=2004 value=28 state394=88 state395=88
f=343 sl=-01 pc=FAC1 address=2004 value=CF state394=88 state395=88
f=343 sl=-01 pc=FAC1 address=2004 value=AC state394=88 state395=88
f=343 sl=-01 pc=FAC1 address=2004 value=01 state394=88 state395=88
f=343 sl=-01 pc=FAC1 address=2004 value=10 state394=88 state395=88
f=343 sl=-01 pc=FAC1 address=2004 value=CF state394=88 state395=88
f=343 sl=-01 pc=FAC1 address=2004 value=AD state394=88 state395=88
f=343 sl=-01 pc=FAC1 address=2004 value=01 state394=88 state395=88
f=343 sl=-01 pc=FAC1 address=2004 value=18 state394=88 state395=88
f=343 sl=-01 pc=FAC1 address=2004 value=CF state394=88 state395=88
f=343 sl=-01 pc=FAC1 address=2004 value=AE state394=88 state395=88
f=343 sl=-01 pc=FAC1 address=2004 value=01 state394=88 state395=88
f=343 sl=-01 pc=FAC1 address=2004 value=20 state394=88 state395=88
f=343 sl=-01 pc=FAC1 address=2004 value=CF state394=88 state395=88
f=343 sl=-01 pc=FAC1 address=2004 value=AF state394=88 state395=88
f=343 sl=-01 pc=FAC1 address=2004 value=01 state394=88 state395=88
f=343 sl=-01 pc=FAC1 address=2004 value=28 state394=88 state395=88
f=343 sl=-01 pc=FAC1 address=2004 value=4F state394=88 state395=88
f=343 sl=-01 pc=FAC1 address=2004 value=28 state394=88 state395=88
f=343 sl=-01 pc=FAC1 address=2004 value=00 state394=88 state395=88
f=343 sl=-01 pc=FAC1 address=2004 value=B8 state394=88 state395=88
f=343 sl=-01 pc=FAC1 address=2004 value=66 state394=88 state395=88
f=343 sl=-01 pc=FAC1 address=2004 value=07 state394=88 state395=88
f=343 sl=-01 pc=FAC1 address=2004 value=80 state394=88 state395=88
f=343 sl=-01 pc=FAC1 address=2004 value=12 state394=88 state395=88
f=343 sl=-01 pc=FAC1 address=2004 value=4C state394=88 state395=88
f=343 sl=-01 pc=FAC1 address=2004 value=39 state394=88 state395=88
f=343 sl=-01 pc=FAC1 address=2004 value=02 state394=88 state395=88
f=343 sl=-01 pc=FAC1 address=2004 value=AB state394=88 state395=88
f=343 sl=-01 pc=FAC1 address=2004 value=31 state394=88 state395=88
f=343 sl=-01 pc=FAC1 address=2004 value=2E state394=88 state395=88
f=343 sl=-01 pc=FAC1 address=2004 value=02 state394=88 state395=88
f=343 sl=-01 pc=FAC1 address=2004 value=98 state394=88 state395=88
f=343 sl=-01 pc=FAC1 address=2004 value=7A state394=88 state395=88
f=343 sl=-01 pc=FAC1 address=2004 value=1B state394=88 state395=88
f=343 sl=-01 pc=FAC1 address=2004 value=00 state394=88 state395=88
f=343 sl=-01 pc=FAC1 address=2004 value=95 state394=88 state395=88
f=343 sl=-01 pc=FAC1 address=2004 value=3F state394=88 state395=88
f=343 sl=-01 pc=FAC1 address=2004 value=21 state394=88 state395=88
f=343 sl=-01 pc=FAC1 address=2004 value=00 state394=88 state395=88
f=343 sl=-01 pc=FAC1 address=2004 value=B0 state394=88 state395=88
f=343 sl=-01 pc=FAC1 address=2004 value=39 state394=88 state395=88
f=343 sl=-01 pc=FAC1 address=2004 value=3D state394=88 state395=88
f=343 sl=-01 pc=FAC1 address=2004 value=02 state394=88 state395=88
f=343 sl=-01 pc=FAC1 address=2004 value=C8 state394=88 state395=88
f=343 sl=-01 pc=FAC1 address=2004 value=32 state394=88 state395=88
f=343 sl=-01 pc=FAC1 address=2004 value=32 state394=88 state395=88
f=343 sl=-01 pc=FAC1 address=2004 value=02 state394=88 state395=88
f=343 sl=-01 pc=FAC1 address=2004 value=A0 state394=88 state395=88
f=343 sl=-01 pc=FAC1 address=2004 value=8A state394=88 state395=88
f=343 sl=-01 pc=FAC1 address=2004 value=1F state394=88 state395=88
f=343 sl=-01 pc=FAC1 address=2004 value=00 state394=88 state395=88
f=343 sl=-01 pc=FAC1 address=2004 value=95 state394=88 state395=88
f=343 sl=-01 pc=FAC1 address=2004 value=47 state394=88 state395=88
f=343 sl=-01 pc=FAC1 address=2004 value=25 state394=88 state395=88
f=343 sl=-01 pc=FAC1 address=2004 value=00 state394=88 state395=88
f=343 sl=-01 pc=FAC1 address=2004 value=B8 state394=88 state395=88
f=343 sl=-01 pc=FAC1 address=2004 value=5E state394=88 state395=88
f=343 sl=-01 pc=FAC1 address=2004 value=08 state394=88 state395=88
f=343 sl=-01 pc=FAC1 address=2004 value=00 state394=88 state395=88
f=343 sl=-01 pc=FAC1 address=2004 value=0A state394=88 state395=88
f=343 sl=-01 pc=FAC1 address=2004 value=2C state394=88 state395=88
f=343 sl=-01 pc=FAC1 address=2004 value=36 state394=88 state395=88
f=343 sl=-01 pc=FAC1 address=2004 value=02 state394=88 state395=88
f=343 sl=-01 pc=FAC1 address=2004 value=A8 state394=88 state395=88
f=343 sl=-01 pc=FAC1 address=2004 value=2C state394=88 state395=88
f=343 sl=-01 pc=FAC1 address=2004 value=2B state394=88 state395=88
f=343 sl=-01 pc=FAC1 address=2004 value=02 state394=88 state395=88
f=343 sl=-01 pc=FAC1 address=2004 value=90 state394=88 state395=88
f=343 sl=-01 pc=FAC1 address=2004 value=4F state394=88 state395=88
f=343 sl=-01 pc=FAC1 address=2004 value=29 state394=88 state395=88
f=343 sl=-01 pc=FAC1 address=2004 value=00 state394=88 state395=88
f=343 sl=-01 pc=FAC1 address=2004 value=C0 state394=88 state395=88
f=343 sl=-01 pc=FAC1 address=2004 value=5E state394=88 state395=88
f=343 sl=-01 pc=FAC1 address=2004 value=08 state394=88 state395=88
f=343 sl=-01 pc=FAC1 address=2004 value=40 state394=88 state395=88
f=343 sl=-01 pc=FAC1 address=2004 value=1A state394=88 state395=88
f=343 sl=-01 pc=FAC1 address=2004 value=2E state394=88 state395=88
f=343 sl=-01 pc=FAC1 address=2004 value=3A state394=88 state395=88
f=343 sl=-01 pc=FAC1 address=2004 value=02 state394=88 state395=88
f=343 sl=-01 pc=FAC1 address=2004 value=B0 state394=88 state395=88
f=343 sl=-01 pc=FAC1 address=2004 value=45 state394=88 state395=88
f=343 sl=-01 pc=FAC1 address=2004 value=2F state394=88 state395=88
f=343 sl=-01 pc=FAC1 address=2004 value=02 state394=88 state395=88
f=343 sl=-01 pc=FAC1 address=2004 value=9F state394=88 state395=88
f=343 sl=-01 pc=FAC1 address=2004 value=7A state394=88 state395=88
f=343 sl=-01 pc=FAC1 address=2004 value=1C state394=88 state395=88
f=343 sl=-01 pc=FAC1 address=2004 value=00 state394=88 state395=88
f=343 sl=-01 pc=FAC1 address=2004 value=9D state394=88 state395=88
f=343 sl=-01 pc=FAC1 address=2004 value=3F state394=88 state395=88
f=343 sl=-01 pc=FAC1 address=2004 value=22 state394=88 state395=88
f=343 sl=-01 pc=FAC1 address=2004 value=00 state394=88 state395=88
f=343 sl=-01 pc=FAC1 address=2004 value=B8 state394=88 state395=88
f=343 sl=-01 pc=FAC1 address=2004 value=39 state394=88 state395=88
f=343 sl=-01 pc=FAC1 address=2004 value=3E state394=88 state395=88
f=343 sl=-01 pc=FAC1 address=2004 value=02 state394=88 state395=88
f=343 sl=-01 pc=FAC1 address=2004 value=D0 state394=88 state395=88
f=343 sl=-01 pc=FAC1 address=2004 value=56 state394=88 state395=88
f=343 sl=-01 pc=FAC1 address=2004 value=33 state394=88 state395=88
f=343 sl=-01 pc=FAC1 address=2004 value=02 state394=88 state395=88
f=343 sl=-01 pc=FAC1 address=2004 value=A0 state394=88 state395=88
f=343 sl=-01 pc=FAC1 address=2004 value=8A state394=88 state395=88
f=343 sl=-01 pc=FAC1 address=2004 value=20 state394=88 state395=88
f=343 sl=-01 pc=FAC1 address=2004 value=00 state394=88 state395=88
f=343 sl=-01 pc=FAC1 address=2004 value=9D state394=88 state395=88
f=343 sl=-01 pc=FAC1 address=2004 value=47 state394=88 state395=88
f=343 sl=-01 pc=FAC1 address=2004 value=26 state394=88 state395=88
f=343 sl=-01 pc=FAC1 address=2004 value=00 state394=88 state395=88
f=343 sl=-01 pc=FAC1 address=2004 value=C0 state394=88 state395=88
f=343 sl=-01 pc=FAC1 address=2004 value=5E state394=88 state395=88
f=343 sl=-01 pc=FAC1 address=2004 value=09 state394=88 state395=88
f=343 sl=-01 pc=FAC1 address=2004 value=00 state394=88 state395=88
f=343 sl=-01 pc=FAC1 address=2004 value=12 state394=88 state395=88
f=343 sl=-01 pc=FAC1 address=2004 value=34 state394=88 state395=88
f=343 sl=-01 pc=FAC1 address=2004 value=37 state394=88 state395=88
f=343 sl=-01 pc=FAC1 address=2004 value=02 state394=88 state395=88
f=343 sl=-01 pc=FAC1 address=2004 value=AB state394=88 state395=88
f=343 sl=-01 pc=FAC1 address=2004 value=4C state394=88 state395=88
f=343 sl=-01 pc=FAC1 address=2004 value=2C state394=88 state395=88
f=343 sl=-01 pc=FAC1 address=2004 value=02 state394=88 state395=88
f=343 sl=-01 pc=FAC1 address=2004 value=97 state394=88 state395=88
f=343 sl=-01 pc=FAC1 address=2004 value=72 state394=88 state395=88
f=343 sl=-01 pc=FAC1 address=2004 value=19 state394=88 state395=88
f=343 sl=-01 pc=FAC1 address=2004 value=00 state394=88 state395=88
f=343 sl=-01 pc=FAC1 address=2004 value=95 state394=88 state395=88
f=343 sl=-01 pc=FAC1 address=2004 value=66 state394=88 state395=88
f=343 sl=-01 pc=FAC1 address=2004 value=06 state394=88 state395=88
f=343 sl=-01 pc=FAC1 address=2004 value=80 state394=88 state395=88
f=343 sl=-01 pc=FAC1 address=2004 value=0A state394=88 state395=88
f=343 sl=-01 pc=FAC1 address=2004 value=37 state394=88 state395=88
f=343 sl=-01 pc=FAC1 address=2004 value=3B state394=88 state395=88
f=343 sl=-01 pc=FAC1 address=2004 value=02 state394=88 state395=88
f=343 sl=-01 pc=FAC1 address=2004 value=C6 state394=88 state395=88
f=343 sl=-01 pc=FAC1 address=2004 value=4D state394=88 state395=88
f=343 sl=-01 pc=FAC1 address=2004 value=30 state394=88 state395=88
f=343 sl=-01 pc=FAC1 address=2004 value=02 state394=88 state395=88
f=343 sl=-01 pc=FAC1 address=2004 value=9F state394=88 state395=88
f=343 sl=-01 pc=FAC1 address=2004 value=82 state394=88 state395=88
f=343 sl=-01 pc=FAC1 address=2004 value=1D state394=88 state395=88
f=343 sl=-01 pc=FAC1 address=2004 value=00 state394=88 state395=88
f=343 sl=-01 pc=FAC1 address=2004 value=95 state394=88 state395=88
f=343 sl=-01 pc=FAC1 address=2004 value=3F state394=88 state395=88
f=343 sl=-01 pc=FAC1 address=2004 value=23 state394=88 state395=88
f=343 sl=-01 pc=FAC1 address=2004 value=00 state394=88 state395=88
f=343 sl=-01 pc=FAC1 address=2004 value=C0 state394=88 state395=88
f=343 sl=-01 pc=FAC1 address=2004 value=56 state394=88 state395=88
f=343 sl=-01 pc=FAC1 address=2004 value=06 state394=88 state395=88
f=343 sl=-01 pc=FAC1 address=2004 value=00 state394=88 state395=88
f=343 sl=-01 pc=FAC1 address=2004 value=0A state394=88 state395=88
f=343 sl=-01 pc=FAC1 address=2004 value=3C state394=88 state395=88
f=343 sl=-01 pc=FAC1 address=2004 value=34 state394=88 state395=88
f=343 sl=-01 pc=FAC1 address=2004 value=02 state394=88 state395=88
f=343 sl=-01 pc=FAC1 address=2004 value=A3 state394=88 state395=88
f=343 sl=-01 pc=FAC1 address=2004 value=72 state394=88 state395=88
f=343 sl=-01 pc=FAC1 address=2004 value=1A state394=88 state395=88
f=343 sl=-01 pc=FAC1 address=2004 value=40 state394=88 state395=88
f=343 sl=-01 pc=FAC1 address=2004 value=A5 state394=88 state395=88
f=343 sl=-01 pc=FAC1 address=2004 value=4F state394=88 state395=88
f=343 sl=-01 pc=FAC1 address=2004 value=27 state394=88 state395=88
f=343 sl=-01 pc=FAC1 address=2004 value=00 state394=88 state395=88
f=343 sl=-01 pc=FAC1 address=2004 value=B0 state394=88 state395=88
f=343 sl=-01 pc=FAC1 address=2004 value=56 state394=88 state395=88
f=343 sl=-01 pc=FAC1 address=2004 value=06 state394=88 state395=88
f=343 sl=-01 pc=FAC1 address=2004 value=40 state394=88 state395=88
f=343 sl=-01 pc=FAC1 address=2004 value=1A state394=88 state395=88
f=343 sl=-01 pc=FAC1 address=2004 value=3C state394=88 state395=88
f=343 sl=-01 pc=FAC1 address=2004 value=38 state394=88 state395=88
f=343 sl=-01 pc=FAC1 address=2004 value=02 state394=88 state395=88
f=343 sl=-01 pc=FAC1 address=2004 value=AB state394=88 state395=88
f=343 sl=-01 pc=FAC1 address=2004 value=29 state394=88 state395=88
f=343 sl=-01 pc=FAC1 address=2004 value=2D state394=88 state395=88
f=343 sl=-01 pc=FAC1 address=2004 value=02 state394=88 state395=88
f=343 sl=-01 pc=FAC1 address=2004 value=98 state394=88 state395=88
f=343 sl=-01 pc=FAC1 address=2004 value=72 state394=88 state395=88
f=343 sl=-01 pc=FAC1 address=2004 value=1A state394=88 state395=88
f=343 sl=-01 pc=FAC1 address=2004 value=00 state394=88 state395=88
f=343 sl=-01 pc=FAC1 address=2004 value=9D state394=88 state395=88
f=343 sl=-01 pc=FAC1 address=2004 value=66 state394=88 state395=88
f=343 sl=-01 pc=FAC1 address=2004 value=06 state394=88 state395=88
f=343 sl=-01 pc=FAC1 address=2004 value=C0 state394=88 state395=88
f=343 sl=-01 pc=FAC1 address=2004 value=1A state394=88 state395=88
f=343 sl=-01 pc=FAC1 address=2004 value=38 state394=88 state395=88
f=343 sl=-01 pc=FAC1 address=2004 value=3C state394=88 state395=88
f=343 sl=-01 pc=FAC1 address=2004 value=02 state394=88 state395=88
f=343 sl=-01 pc=FAC1 address=2004 value=C7 state394=88 state395=88
f=343 sl=-01 pc=FAC1 address=2004 value=2A state394=88 state395=88
f=343 sl=-01 pc=FAC1 address=2004 value=31 state394=88 state395=88
f=343 sl=-01 pc=FAC1 address=2004 value=02 state394=88 state395=88
f=343 sl=-01 pc=FAC1 address=2004 value=A0 state394=88 state395=88
f=343 sl=-01 pc=FAC1 address=2004 value=82 state394=88 state395=88
f=343 sl=-01 pc=FAC1 address=2004 value=1E state394=88 state395=88
f=343 sl=-01 pc=FAC1 address=2004 value=00 state394=88 state395=88
f=343 sl=-01 pc=FAC1 address=2004 value=9D state394=88 state395=88
f=343 sl=-01 pc=FAC1 address=2004 value=47 state394=88 state395=88
f=343 sl=-01 pc=FAC1 address=2004 value=24 state394=88 state395=88
f=343 sl=-01 pc=FAC1 address=2004 value=00 state394=88 state395=88
f=343 sl=-01 pc=FAC1 address=2004 value=B0 state394=88 state395=88
f=343 sl=-01 pc=FAC1 address=2004 value=56 state394=88 state395=88
f=343 sl=-01 pc=FAC1 address=2004 value=07 state394=88 state395=88
f=343 sl=-01 pc=FAC1 address=2004 value=00 state394=88 state395=88
f=343 sl=-01 pc=FAC1 address=2004 value=12 state394=88 state395=88
f=343 sl=-01 pc=FAC1 address=2004 value=44 state394=88 state395=88
f=343 sl=-01 pc=FAC1 address=2004 value=35 state394=88 state395=88
f=343 sl=-01 pc=FAC1 address=2004 value=02 state394=88 state395=88
f=343 sl=-01 pc=FAC1 address=2004 value=A3 state394=88 state395=88
f=343 sl=-01 pc=FAC1 address=2004 value=3B state394=88 state395=88
f=343 sl=-01 pc=FAC1 address=2004 value=2A state394=88 state395=88
f=343 sl=-01 pc=FAC1 address=2004 value=02 state394=88 state395=88
f=343 sl=-01 pc=FAC1 address=2004 value=8C state394=88 state395=88
f=343 sl=-01 pc=FAC1 address=4014 value=02 state394=88 state395=88
f=343 sl=-01 pc=D084 address=2000 value=89 state394=88 state395=88
f=343 sl=-01 pc=FACB address=2001 value=1E state394=88 state395=88
f=343 sl=-01 pc=FA0B address=2000 value=89 state394=88 state395=88
f=343 sl=-01 pc=F900 address=2000 value=88 state394=88 state395=88
f=343 sl=-01 pc=F900 address=2000 value=88 state394=88 state395=88
f=344 sl=-01 pc=FABC address=2003 value=00 state394=88 state395=88
f=344 sl=-01 pc=FAC1 address=2004 value=B7 state394=88 state395=88
f=344 sl=-01 pc=FAC1 address=2004 value=A0 state394=88 state395=88
f=344 sl=-01 pc=FAC1 address=2004 value=01 state394=88 state395=88
f=344 sl=-01 pc=FAC1 address=2004 value=10 state394=88 state395=88
f=344 sl=-01 pc=FAC1 address=2004 value=B7 state394=88 state395=88
f=344 sl=-01 pc=FAC1 address=2004 value=A1 state394=88 state395=88
f=344 sl=-01 pc=FAC1 address=2004 value=01 state394=88 state395=88
f=344 sl=-01 pc=FAC1 address=2004 value=18 state394=88 state395=88
f=344 sl=-01 pc=FAC1 address=2004 value=B7 state394=88 state395=88
f=344 sl=-01 pc=FAC1 address=2004 value=A2 state394=88 state395=88
f=344 sl=-01 pc=FAC1 address=2004 value=01 state394=88 state395=88
f=344 sl=-01 pc=FAC1 address=2004 value=20 state394=88 state395=88
f=344 sl=-01 pc=FAC1 address=2004 value=B7 state394=88 state395=88
f=344 sl=-01 pc=FAC1 address=2004 value=A3 state394=88 state395=88
f=344 sl=-01 pc=FAC1 address=2004 value=01 state394=88 state395=88
f=344 sl=-01 pc=FAC1 address=2004 value=28 state394=88 state395=88
f=344 sl=-01 pc=FAC1 address=2004 value=BF state394=88 state395=88
f=344 sl=-01 pc=FAC1 address=2004 value=A4 state394=88 state395=88
f=344 sl=-01 pc=FAC1 address=2004 value=01 state394=88 state395=88
f=344 sl=-01 pc=FAC1 address=2004 value=10 state394=88 state395=88
f=344 sl=-01 pc=FAC1 address=2004 value=BF state394=88 state395=88
f=344 sl=-01 pc=FAC1 address=2004 value=A5 state394=88 state395=88
f=344 sl=-01 pc=FAC1 address=2004 value=01 state394=88 state395=88
f=344 sl=-01 pc=FAC1 address=2004 value=18 state394=88 state395=88
f=344 sl=-01 pc=FAC1 address=2004 value=BF state394=88 state395=88
f=344 sl=-01 pc=FAC1 address=2004 value=A6 state394=88 state395=88
f=344 sl=-01 pc=FAC1 address=2004 value=01 state394=88 state395=88
f=344 sl=-01 pc=FAC1 address=2004 value=20 state394=88 state395=88
f=344 sl=-01 pc=FAC1 address=2004 value=BF state394=88 state395=88
f=344 sl=-01 pc=FAC1 address=2004 value=A7 state394=88 state395=88
f=344 sl=-01 pc=FAC1 address=2004 value=01 state394=88 state395=88
f=344 sl=-01 pc=FAC1 address=2004 value=28 state394=88 state395=88
f=344 sl=-01 pc=FAC1 address=2004 value=C7 state394=88 state395=88
f=344 sl=-01 pc=FAC1 address=2004 value=A8 state394=88 state395=88
f=344 sl=-01 pc=FAC1 address=2004 value=01 state394=88 state395=88
f=344 sl=-01 pc=FAC1 address=2004 value=10 state394=88 state395=88
f=344 sl=-01 pc=FAC1 address=2004 value=C7 state394=88 state395=88
f=344 sl=-01 pc=FAC1 address=2004 value=A9 state394=88 state395=88
f=344 sl=-01 pc=FAC1 address=2004 value=01 state394=88 state395=88
f=344 sl=-01 pc=FAC1 address=2004 value=18 state394=88 state395=88
f=344 sl=-01 pc=FAC1 address=2004 value=C7 state394=88 state395=88
f=344 sl=-01 pc=FAC1 address=2004 value=AA state394=88 state395=88
f=344 sl=-01 pc=FAC1 address=2004 value=01 state394=88 state395=88
f=344 sl=-01 pc=FAC1 address=2004 value=20 state394=88 state395=88
f=344 sl=-01 pc=FAC1 address=2004 value=C7 state394=88 state395=88
f=344 sl=-01 pc=FAC1 address=2004 value=AB state394=88 state395=88
f=344 sl=-01 pc=FAC1 address=2004 value=01 state394=88 state395=88
f=344 sl=-01 pc=FAC1 address=2004 value=28 state394=88 state395=88
f=344 sl=-01 pc=FAC1 address=2004 value=CF state394=88 state395=88
f=344 sl=-01 pc=FAC1 address=2004 value=AC state394=88 state395=88
f=344 sl=-01 pc=FAC1 address=2004 value=01 state394=88 state395=88
f=344 sl=-01 pc=FAC1 address=2004 value=10 state394=88 state395=88
f=344 sl=-01 pc=FAC1 address=2004 value=CF state394=88 state395=88
f=344 sl=-01 pc=FAC1 address=2004 value=AD state394=88 state395=88
f=344 sl=-01 pc=FAC1 address=2004 value=01 state394=88 state395=88
f=344 sl=-01 pc=FAC1 address=2004 value=18 state394=88 state395=88
f=344 sl=-01 pc=FAC1 address=2004 value=CF state394=88 state395=88
f=344 sl=-01 pc=FAC1 address=2004 value=AE state394=88 state395=88
f=344 sl=-01 pc=FAC1 address=2004 value=01 state394=88 state395=88
f=344 sl=-01 pc=FAC1 address=2004 value=20 state394=88 state395=88
f=344 sl=-01 pc=FAC1 address=2004 value=CF state394=88 state395=88
f=344 sl=-01 pc=FAC1 address=2004 value=AF state394=88 state395=88
f=344 sl=-01 pc=FAC1 address=2004 value=01 state394=88 state395=88
f=344 sl=-01 pc=FAC1 address=2004 value=28 state394=88 state395=88
f=344 sl=-01 pc=FAC1 address=2004 value=52 state394=88 state395=88
f=344 sl=-01 pc=FAC1 address=2004 value=17 state394=88 state395=88
f=344 sl=-01 pc=FAC1 address=2004 value=00 state394=88 state395=88
f=344 sl=-01 pc=FAC1 address=2004 value=AA state394=88 state395=88
f=344 sl=-01 pc=FAC1 address=2004 value=56 state394=88 state395=88
f=344 sl=-01 pc=FAC1 address=2004 value=0A state394=88 state395=88
f=344 sl=-01 pc=FAC1 address=2004 value=40 state394=88 state395=88
f=344 sl=-01 pc=FAC1 address=2004 value=1A state394=88 state395=88
f=344 sl=-01 pc=FAC1 address=2004 value=3C state394=88 state395=88
f=344 sl=-01 pc=FAC1 address=2004 value=38 state394=88 state395=88
f=344 sl=-01 pc=FAC1 address=2004 value=02 state394=88 state395=88
f=344 sl=-01 pc=FAC1 address=2004 value=AB state394=88 state395=88
f=344 sl=-01 pc=FAC1 address=2004 value=29 state394=88 state395=88
f=344 sl=-01 pc=FAC1 address=2004 value=2D state394=88 state395=88
f=344 sl=-01 pc=FAC1 address=2004 value=02 state394=88 state395=88
f=344 sl=-01 pc=FAC1 address=2004 value=98 state394=88 state395=88
f=344 sl=-01 pc=FAC1 address=2004 value=42 state394=88 state395=88
f=344 sl=-01 pc=FAC1 address=2004 value=14 state394=88 state395=88
f=344 sl=-01 pc=FAC1 address=2004 value=40 state394=88 state395=88
f=344 sl=-01 pc=FAC1 address=2004 value=BA state394=88 state395=88
f=344 sl=-01 pc=FAC1 address=2004 value=66 state394=88 state395=88
f=344 sl=-01 pc=FAC1 address=2004 value=0A state394=88 state395=88
f=344 sl=-01 pc=FAC1 address=2004 value=80 state394=88 state395=88
f=344 sl=-01 pc=FAC1 address=2004 value=0A state394=88 state395=88
f=344 sl=-01 pc=FAC1 address=2004 value=38 state394=88 state395=88
f=344 sl=-01 pc=FAC1 address=2004 value=3C state394=88 state395=88
f=344 sl=-01 pc=FAC1 address=2004 value=02 state394=88 state395=88
f=344 sl=-01 pc=FAC1 address=2004 value=C7 state394=88 state395=88
f=344 sl=-01 pc=FAC1 address=2004 value=2A state394=88 state395=88
f=344 sl=-01 pc=FAC1 address=2004 value=31 state394=88 state395=88
f=344 sl=-01 pc=FAC1 address=2004 value=02 state394=88 state395=88
f=344 sl=-01 pc=FAC1 address=2004 value=A0 state394=88 state395=88
f=344 sl=-01 pc=FAC1 address=2004 value=52 state394=88 state395=88
f=344 sl=-01 pc=FAC1 address=2004 value=18 state394=88 state395=88
f=344 sl=-01 pc=FAC1 address=2004 value=40 state394=88 state395=88
f=344 sl=-01 pc=FAC1 address=2004 value=BA state394=88 state395=88
f=344 sl=-01 pc=FAC1 address=2004 value=42 state394=88 state395=88
f=344 sl=-01 pc=FAC1 address=2004 value=14 state394=88 state395=88
f=344 sl=-01 pc=FAC1 address=2004 value=00 state394=88 state395=88
f=344 sl=-01 pc=FAC1 address=2004 value=B2 state394=88 state395=88
f=344 sl=-01 pc=FAC1 address=2004 value=56 state394=88 state395=88
f=344 sl=-01 pc=FAC1 address=2004 value=0B state394=88 state395=88
f=344 sl=-01 pc=FAC1 address=2004 value=00 state394=88 state395=88
f=344 sl=-01 pc=FAC1 address=2004 value=12 state394=88 state395=88
f=344 sl=-01 pc=FAC1 address=2004 value=44 state394=88 state395=88
f=344 sl=-01 pc=FAC1 address=2004 value=35 state394=88 state395=88
f=344 sl=-01 pc=FAC1 address=2004 value=02 state394=88 state395=88
f=344 sl=-01 pc=FAC1 address=2004 value=A3 state394=88 state395=88
f=344 sl=-01 pc=FAC1 address=2004 value=3B state394=88 state395=88
f=344 sl=-01 pc=FAC1 address=2004 value=2A state394=88 state395=88
f=344 sl=-01 pc=FAC1 address=2004 value=02 state394=88 state395=88
f=344 sl=-01 pc=FAC1 address=2004 value=8C state394=88 state395=88
f=344 sl=-01 pc=FAC1 address=2004 value=52 state394=88 state395=88
f=344 sl=-01 pc=FAC1 address=2004 value=18 state394=88 state395=88
f=344 sl=-01 pc=FAC1 address=2004 value=00 state394=88 state395=88
f=344 sl=-01 pc=FAC1 address=2004 value=B2 state394=88 state395=88
f=344 sl=-01 pc=FAC1 address=2004 value=66 state394=88 state395=88
f=344 sl=-01 pc=FAC1 address=2004 value=0B state394=88 state395=88
f=344 sl=-01 pc=FAC1 address=2004 value=80 state394=88 state395=88
f=344 sl=-01 pc=FAC1 address=2004 value=12 state394=88 state395=88
f=344 sl=-01 pc=FAC1 address=2004 value=4C state394=88 state395=88
f=344 sl=-01 pc=FAC1 address=2004 value=39 state394=88 state395=88
f=344 sl=-01 pc=FAC1 address=2004 value=02 state394=88 state395=88
f=344 sl=-01 pc=FAC1 address=2004 value=AB state394=88 state395=88
f=344 sl=-01 pc=FAC1 address=2004 value=31 state394=88 state395=88
f=344 sl=-01 pc=FAC1 address=2004 value=2E state394=88 state395=88
f=344 sl=-01 pc=FAC1 address=2004 value=02 state394=88 state395=88
f=344 sl=-01 pc=FAC1 address=2004 value=98 state394=88 state395=88
f=344 sl=-01 pc=FAC1 address=2004 value=42 state394=88 state395=88
f=344 sl=-01 pc=FAC1 address=2004 value=13 state394=88 state395=88
f=344 sl=-01 pc=FAC1 address=2004 value=40 state394=88 state395=88
f=344 sl=-01 pc=FAC1 address=2004 value=C2 state394=88 state395=88
f=344 sl=-01 pc=FAC1 address=2004 value=3A state394=88 state395=88
f=344 sl=-01 pc=FAC1 address=2004 value=11 state394=88 state395=88
f=344 sl=-01 pc=FAC1 address=2004 value=00 state394=88 state395=88
f=344 sl=-01 pc=FAC1 address=2004 value=AA state394=88 state395=88
f=344 sl=-01 pc=FAC1 address=2004 value=39 state394=88 state395=88
f=344 sl=-01 pc=FAC1 address=2004 value=3D state394=88 state395=88
f=344 sl=-01 pc=FAC1 address=2004 value=02 state394=88 state395=88
f=344 sl=-01 pc=FAC1 address=2004 value=C8 state394=88 state395=88
f=344 sl=-01 pc=FAC1 address=2004 value=32 state394=88 state395=88
f=344 sl=-01 pc=FAC1 address=2004 value=32 state394=88 state395=88
f=344 sl=-01 pc=FAC1 address=2004 value=02 state394=88 state395=88
f=344 sl=-01 pc=FAC1 address=2004 value=A0 state394=88 state395=88
f=344 sl=-01 pc=FAC1 address=2004 value=52 state394=88 state395=88
f=344 sl=-01 pc=FAC1 address=2004 value=17 state394=88 state395=88
f=344 sl=-01 pc=FAC1 address=2004 value=40 state394=88 state395=88
f=344 sl=-01 pc=FAC1 address=2004 value=C2 state394=88 state395=88
f=344 sl=-01 pc=FAC1 address=2004 value=4A state394=88 state395=88
f=344 sl=-01 pc=FAC1 address=2004 value=15 state394=88 state395=88
f=344 sl=-01 pc=FAC1 address=2004 value=00 state394=88 state395=88
f=344 sl=-01 pc=FAC1 address=2004 value=AA state394=88 state395=88
f=344 sl=-01 pc=FAC1 address=2004 value=5E state394=88 state395=88
f=344 sl=-01 pc=FAC1 address=2004 value=0C state394=88 state395=88
f=344 sl=-01 pc=FAC1 address=2004 value=00 state394=88 state395=88
f=344 sl=-01 pc=FAC1 address=2004 value=0A state394=88 state395=88
f=344 sl=-01 pc=FAC1 address=2004 value=2C state394=88 state395=88
f=344 sl=-01 pc=FAC1 address=2004 value=36 state394=88 state395=88
f=344 sl=-01 pc=FAC1 address=2004 value=02 state394=88 state395=88
f=344 sl=-01 pc=FAC1 address=2004 value=A8 state394=88 state395=88
f=344 sl=-01 pc=FAC1 address=2004 value=2C state394=88 state395=88
f=344 sl=-01 pc=FAC1 address=2004 value=2B state394=88 state395=88
f=344 sl=-01 pc=FAC1 address=2004 value=02 state394=88 state395=88
f=344 sl=-01 pc=FAC1 address=2004 value=90 state394=88 state395=88
f=344 sl=-01 pc=FAC1 address=2004 value=3A state394=88 state395=88
f=344 sl=-01 pc=FAC1 address=2004 value=12 state394=88 state395=88
f=344 sl=-01 pc=FAC1 address=2004 value=40 state394=88 state395=88
f=344 sl=-01 pc=FAC1 address=2004 value=BA state394=88 state395=88
f=344 sl=-01 pc=FAC1 address=2004 value=5E state394=88 state395=88
f=344 sl=-01 pc=FAC1 address=2004 value=0C state394=88 state395=88
f=344 sl=-01 pc=FAC1 address=2004 value=40 state394=88 state395=88
f=344 sl=-01 pc=FAC1 address=2004 value=1A state394=88 state395=88
f=344 sl=-01 pc=FAC1 address=2004 value=2E state394=88 state395=88
f=344 sl=-01 pc=FAC1 address=2004 value=3A state394=88 state395=88
f=344 sl=-01 pc=FAC1 address=2004 value=02 state394=88 state395=88
f=344 sl=-01 pc=FAC1 address=2004 value=B0 state394=88 state395=88
f=344 sl=-01 pc=FAC1 address=2004 value=45 state394=88 state395=88
f=344 sl=-01 pc=FAC1 address=2004 value=2F state394=88 state395=88
f=344 sl=-01 pc=FAC1 address=2004 value=02 state394=88 state395=88
f=344 sl=-01 pc=FAC1 address=2004 value=9F state394=88 state395=88
f=344 sl=-01 pc=FAC1 address=2004 value=4A state394=88 state395=88
f=344 sl=-01 pc=FAC1 address=2004 value=16 state394=88 state395=88
f=344 sl=-01 pc=FAC1 address=2004 value=40 state394=88 state395=88
f=344 sl=-01 pc=FAC1 address=2004 value=BA state394=88 state395=88
f=344 sl=-01 pc=FAC1 address=2004 value=3A state394=88 state395=88
f=344 sl=-01 pc=FAC1 address=2004 value=12 state394=88 state395=88
f=344 sl=-01 pc=FAC1 address=2004 value=00 state394=88 state395=88
f=344 sl=-01 pc=FAC1 address=2004 value=B2 state394=88 state395=88
f=344 sl=-01 pc=FAC1 address=2004 value=39 state394=88 state395=88
f=344 sl=-01 pc=FAC1 address=2004 value=3E state394=88 state395=88
f=344 sl=-01 pc=FAC1 address=2004 value=02 state394=88 state395=88
f=344 sl=-01 pc=FAC1 address=2004 value=D0 state394=88 state395=88
f=344 sl=-01 pc=FAC1 address=2004 value=56 state394=88 state395=88
f=344 sl=-01 pc=FAC1 address=2004 value=33 state394=88 state395=88
f=344 sl=-01 pc=FAC1 address=2004 value=02 state394=88 state395=88
f=344 sl=-01 pc=FAC1 address=2004 value=A0 state394=88 state395=88
f=344 sl=-01 pc=FAC1 address=2004 value=77 state394=88 state395=88
f=344 sl=-01 pc=FAC1 address=2004 value=21 state394=88 state395=88
f=344 sl=-01 pc=FAC1 address=2004 value=00 state394=88 state395=88
f=344 sl=-01 pc=FAC1 address=2004 value=99 state394=88 state395=88
f=344 sl=-01 pc=FAC1 address=2004 value=4A state394=88 state395=88
f=344 sl=-01 pc=FAC1 address=2004 value=16 state394=88 state395=88
f=344 sl=-01 pc=FAC1 address=2004 value=00 state394=88 state395=88
f=344 sl=-01 pc=FAC1 address=2004 value=B2 state394=88 state395=88
f=344 sl=-01 pc=FAC1 address=2004 value=5E state394=88 state395=88
f=344 sl=-01 pc=FAC1 address=2004 value=0D state394=88 state395=88
f=344 sl=-01 pc=FAC1 address=2004 value=00 state394=88 state395=88
f=344 sl=-01 pc=FAC1 address=2004 value=12 state394=88 state395=88
f=344 sl=-01 pc=FAC1 address=2004 value=34 state394=88 state395=88
f=344 sl=-01 pc=FAC1 address=2004 value=37 state394=88 state395=88
f=344 sl=-01 pc=FAC1 address=2004 value=02 state394=88 state395=88
f=344 sl=-01 pc=FAC1 address=2004 value=AB state394=88 state395=88
f=344 sl=-01 pc=FAC1 address=2004 value=4C state394=88 state395=88
f=344 sl=-01 pc=FAC1 address=2004 value=2C state394=88 state395=88
f=344 sl=-01 pc=FAC1 address=2004 value=02 state394=88 state395=88
f=344 sl=-01 pc=FAC1 address=2004 value=97 state394=88 state395=88
f=344 sl=-01 pc=FAC1 address=2004 value=3A state394=88 state395=88
f=344 sl=-01 pc=FAC1 address=2004 value=11 state394=88 state395=88
f=344 sl=-01 pc=FAC1 address=2004 value=40 state394=88 state395=88
f=344 sl=-01 pc=FAC1 address=2004 value=C2 state394=88 state395=88
f=344 sl=-01 pc=FAC1 address=2004 value=66 state394=88 state395=88
f=344 sl=-01 pc=FAC1 address=2004 value=0A state394=88 state395=88
f=344 sl=-01 pc=FAC1 address=2004 value=C0 state394=88 state395=88
f=344 sl=-01 pc=FAC1 address=2004 value=1A state394=88 state395=88
f=344 sl=-01 pc=FAC1 address=2004 value=37 state394=88 state395=88
f=344 sl=-01 pc=FAC1 address=2004 value=3B state394=88 state395=88
f=344 sl=-01 pc=FAC1 address=2004 value=02 state394=88 state395=88
f=344 sl=-01 pc=FAC1 address=2004 value=C6 state394=88 state395=88
f=344 sl=-01 pc=FAC1 address=2004 value=4D state394=88 state395=88
f=344 sl=-01 pc=FAC1 address=2004 value=30 state394=88 state395=88
f=344 sl=-01 pc=FAC1 address=2004 value=02 state394=88 state395=88
f=344 sl=-01 pc=FAC1 address=2004 value=9F state394=88 state395=88
f=344 sl=-01 pc=FAC1 address=2004 value=4A state394=88 state395=88
f=344 sl=-01 pc=FAC1 address=2004 value=15 state394=88 state395=88
f=344 sl=-01 pc=FAC1 address=2004 value=40 state394=88 state395=88
f=344 sl=-01 pc=FAC1 address=2004 value=C2 state394=88 state395=88
f=344 sl=-01 pc=FAC1 address=2004 value=42 state394=88 state395=88
f=344 sl=-01 pc=FAC1 address=2004 value=13 state394=88 state395=88
f=344 sl=-01 pc=FAC1 address=2004 value=00 state394=88 state395=88
f=344 sl=-01 pc=FAC1 address=2004 value=AA state394=88 state395=88
f=344 sl=-01 pc=FAC1 address=2004 value=56 state394=88 state395=88
f=344 sl=-01 pc=FAC1 address=2004 value=0A state394=88 state395=88
f=344 sl=-01 pc=FAC1 address=2004 value=00 state394=88 state395=88
f=344 sl=-01 pc=FAC1 address=2004 value=0A state394=88 state395=88
f=344 sl=-01 pc=FAC1 address=2004 value=3C state394=88 state395=88
f=344 sl=-01 pc=FAC1 address=2004 value=34 state394=88 state395=88
f=344 sl=-01 pc=FAC1 address=2004 value=02 state394=88 state395=88
f=344 sl=-01 pc=FAC1 address=2004 value=A3 state394=88 state395=88
f=344 sl=-01 pc=FAC1 address=2004 value=77 state394=88 state395=88
f=344 sl=-01 pc=FAC1 address=2004 value=22 state394=88 state395=88
f=344 sl=-01 pc=FAC1 address=2004 value=00 state394=88 state395=88
f=344 sl=-01 pc=FAC1 address=2004 value=A1 state394=88 state395=88
f=344 sl=-01 pc=FAC1 address=4014 value=02 state394=88 state395=88
f=344 sl=-01 pc=D084 address=2000 value=89 state394=88 state395=88
f=344 sl=-01 pc=FACB address=2001 value=1E state394=88 state395=88
f=344 sl=-01 pc=FA0B address=2000 value=89 state394=88 state395=88
f=344 sl=-01 pc=F900 address=2000 value=88 state394=88 state395=88
f=344 sl=-01 pc=F900 address=2000 value=88 state394=88 state395=88
f=345 sl=-01 pc=FABC address=2003 value=00 state394=88 state395=88
f=345 sl=-01 pc=FAC1 address=2004 value=B7 state394=88 state395=88
f=345 sl=-01 pc=FAC1 address=2004 value=A0 state394=88 state395=88
f=345 sl=-01 pc=FAC1 address=2004 value=01 state394=88 state395=88
f=345 sl=-01 pc=FAC1 address=2004 value=10 state394=88 state395=88
f=345 sl=-01 pc=FAC1 address=2004 value=B7 state394=88 state395=88
f=345 sl=-01 pc=FAC1 address=2004 value=A1 state394=88 state395=88
f=345 sl=-01 pc=FAC1 address=2004 value=01 state394=88 state395=88
f=345 sl=-01 pc=FAC1 address=2004 value=18 state394=88 state395=88
f=345 sl=-01 pc=FAC1 address=2004 value=B7 state394=88 state395=88
f=345 sl=-01 pc=FAC1 address=2004 value=A2 state394=88 state395=88
f=345 sl=-01 pc=FAC1 address=2004 value=01 state394=88 state395=88
f=345 sl=-01 pc=FAC1 address=2004 value=20 state394=88 state395=88
f=345 sl=-01 pc=FAC1 address=2004 value=B7 state394=88 state395=88
f=345 sl=-01 pc=FAC1 address=2004 value=A3 state394=88 state395=88
f=345 sl=-01 pc=FAC1 address=2004 value=01 state394=88 state395=88
f=345 sl=-01 pc=FAC1 address=2004 value=28 state394=88 state395=88
f=345 sl=-01 pc=FAC1 address=2004 value=BF state394=88 state395=88
f=345 sl=-01 pc=FAC1 address=2004 value=A4 state394=88 state395=88
f=345 sl=-01 pc=FAC1 address=2004 value=01 state394=88 state395=88
f=345 sl=-01 pc=FAC1 address=2004 value=10 state394=88 state395=88
f=345 sl=-01 pc=FAC1 address=2004 value=BF state394=88 state395=88
f=345 sl=-01 pc=FAC1 address=2004 value=A5 state394=88 state395=88
f=345 sl=-01 pc=FAC1 address=2004 value=01 state394=88 state395=88
f=345 sl=-01 pc=FAC1 address=2004 value=18 state394=88 state395=88
f=345 sl=-01 pc=FAC1 address=2004 value=BF state394=88 state395=88
f=345 sl=-01 pc=FAC1 address=2004 value=A6 state394=88 state395=88
f=345 sl=-01 pc=FAC1 address=2004 value=01 state394=88 state395=88
f=345 sl=-01 pc=FAC1 address=2004 value=20 state394=88 state395=88
f=345 sl=-01 pc=FAC1 address=2004 value=BF state394=88 state395=88
f=345 sl=-01 pc=FAC1 address=2004 value=A7 state394=88 state395=88
f=345 sl=-01 pc=FAC1 address=2004 value=01 state394=88 state395=88
f=345 sl=-01 pc=FAC1 address=2004 value=28 state394=88 state395=88
f=345 sl=-01 pc=FAC1 address=2004 value=C7 state394=88 state395=88
f=345 sl=-01 pc=FAC1 address=2004 value=A8 state394=88 state395=88
f=345 sl=-01 pc=FAC1 address=2004 value=01 state394=88 state395=88
f=345 sl=-01 pc=FAC1 address=2004 value=10 state394=88 state395=88
f=345 sl=-01 pc=FAC1 address=2004 value=C7 state394=88 state395=88
f=345 sl=-01 pc=FAC1 address=2004 value=A9 state394=88 state395=88
f=345 sl=-01 pc=FAC1 address=2004 value=01 state394=88 state395=88
f=345 sl=-01 pc=FAC1 address=2004 value=18 state394=88 state395=88
f=345 sl=-01 pc=FAC1 address=2004 value=C7 state394=88 state395=88
f=345 sl=-01 pc=FAC1 address=2004 value=AA state394=88 state395=88
f=345 sl=-01 pc=FAC1 address=2004 value=01 state394=88 state395=88
f=345 sl=-01 pc=FAC1 address=2004 value=20 state394=88 state395=88
f=345 sl=-01 pc=FAC1 address=2004 value=C7 state394=88 state395=88
f=345 sl=-01 pc=FAC1 address=2004 value=AB state394=88 state395=88
f=345 sl=-01 pc=FAC1 address=2004 value=01 state394=88 state395=88
f=345 sl=-01 pc=FAC1 address=2004 value=28 state394=88 state395=88
f=345 sl=-01 pc=FAC1 address=2004 value=CF state394=88 state395=88
f=345 sl=-01 pc=FAC1 address=2004 value=AC state394=88 state395=88
f=345 sl=-01 pc=FAC1 address=2004 value=01 state394=88 state395=88
f=345 sl=-01 pc=FAC1 address=2004 value=10 state394=88 state395=88
f=345 sl=-01 pc=FAC1 address=2004 value=CF state394=88 state395=88
f=345 sl=-01 pc=FAC1 address=2004 value=AD state394=88 state395=88
f=345 sl=-01 pc=FAC1 address=2004 value=01 state394=88 state395=88
f=345 sl=-01 pc=FAC1 address=2004 value=18 state394=88 state395=88
f=345 sl=-01 pc=FAC1 address=2004 value=CF state394=88 state395=88
f=345 sl=-01 pc=FAC1 address=2004 value=AE state394=88 state395=88
f=345 sl=-01 pc=FAC1 address=2004 value=01 state394=88 state395=88
f=345 sl=-01 pc=FAC1 address=2004 value=20 state394=88 state395=88
f=345 sl=-01 pc=FAC1 address=2004 value=CF state394=88 state395=88
f=345 sl=-01 pc=FAC1 address=2004 value=AF state394=88 state395=88
f=345 sl=-01 pc=FAC1 address=2004 value=01 state394=88 state395=88
f=345 sl=-01 pc=FAC1 address=2004 value=28 state394=88 state395=88
f=345 sl=-01 pc=FAC1 address=2004 value=29 state394=88 state395=88
f=345 sl=-01 pc=FAC1 address=2004 value=2D state394=88 state395=88
f=345 sl=-01 pc=FAC1 address=2004 value=02 state394=88 state395=88
f=345 sl=-01 pc=FAC1 address=2004 value=98 state394=88 state395=88
f=345 sl=-01 pc=FAC1 address=2004 value=42 state394=88 state395=88
f=345 sl=-01 pc=FAC1 address=2004 value=14 state394=88 state395=88
f=345 sl=-01 pc=FAC1 address=2004 value=40 state394=88 state395=88
f=345 sl=-01 pc=FAC1 address=2004 value=BA state394=88 state395=88
f=345 sl=-01 pc=FAC1 address=2004 value=66 state394=88 state395=88
f=345 sl=-01 pc=FAC1 address=2004 value=0A state394=88 state395=88
f=345 sl=-01 pc=FAC1 address=2004 value=80 state394=88 state395=88
f=345 sl=-01 pc=FAC1 address=2004 value=0A state394=88 state395=88
f=345 sl=-01 pc=FAC1 address=2004 value=38 state394=88 state395=88
f=345 sl=-01 pc=FAC1 address=2004 value=3C state394=88 state395=88
f=345 sl=-01 pc=FAC1 address=2004 value=02 state394=88 state395=88
f=345 sl=-01 pc=FAC1 address=2004 value=C7 state394=88 state395=88
f=345 sl=-01 pc=FAC1 address=2004 value=2A state394=88 state395=88
f=345 sl=-01 pc=FAC1 address=2004 value=31 state394=88 state395=88
f=345 sl=-01 pc=FAC1 address=2004 value=02 state394=88 state395=88
f=345 sl=-01 pc=FAC1 address=2004 value=A0 state394=88 state395=88
f=345 sl=-01 pc=FAC1 address=2004 value=52 state394=88 state395=88
f=345 sl=-01 pc=FAC1 address=2004 value=18 state394=88 state395=88
f=345 sl=-01 pc=FAC1 address=2004 value=40 state394=88 state395=88
f=345 sl=-01 pc=FAC1 address=2004 value=BA state394=88 state395=88
f=345 sl=-01 pc=FAC1 address=2004 value=42 state394=88 state395=88
f=345 sl=-01 pc=FAC1 address=2004 value=14 state394=88 state395=88
f=345 sl=-01 pc=FAC1 address=2004 value=00 state394=88 state395=88
f=345 sl=-01 pc=FAC1 address=2004 value=B2 state394=88 state395=88
f=345 sl=-01 pc=FAC1 address=2004 value=56 state394=88 state395=88
f=345 sl=-01 pc=FAC1 address=2004 value=0B state394=88 state395=88
f=345 sl=-01 pc=FAC1 address=2004 value=00 state394=88 state395=88
f=345 sl=-01 pc=FAC1 address=2004 value=12 state394=88 state395=88
f=345 sl=-01 pc=FAC1 address=2004 value=44 state394=88 state395=88
f=345 sl=-01 pc=FAC1 address=2004 value=35 state394=88 state395=88
f=345 sl=-01 pc=FAC1 address=2004 value=02 state394=88 state395=88
f=345 sl=-01 pc=FAC1 address=2004 value=A3 state394=88 state395=88
f=345 sl=-01 pc=FAC1 address=2004 value=3B state394=88 state395=88
f=345 sl=-01 pc=FAC1 address=2004 value=2A state394=88 state395=88
f=345 sl=-01 pc=FAC1 address=2004 value=02 state394=88 state395=88
f=345 sl=-01 pc=FAC1 address=2004 value=8C state394=88 state395=88
f=345 sl=-01 pc=FAC1 address=2004 value=52 state394=88 state395=88
f=345 sl=-01 pc=FAC1 address=2004 value=18 state394=88 state395=88
f=345 sl=-01 pc=FAC1 address=2004 value=00 state394=88 state395=88
f=345 sl=-01 pc=FAC1 address=2004 value=B2 state394=88 state395=88
f=345 sl=-01 pc=FAC1 address=2004 value=66 state394=88 state395=88
f=345 sl=-01 pc=FAC1 address=2004 value=0B state394=88 state395=88
f=345 sl=-01 pc=FAC1 address=2004 value=80 state394=88 state395=88
f=345 sl=-01 pc=FAC1 address=2004 value=12 state394=88 state395=88
f=345 sl=-01 pc=FAC1 address=2004 value=4C state394=88 state395=88
f=345 sl=-01 pc=FAC1 address=2004 value=39 state394=88 state395=88
f=345 sl=-01 pc=FAC1 address=2004 value=02 state394=88 state395=88
f=345 sl=-01 pc=FAC1 address=2004 value=AB state394=88 state395=88
f=345 sl=-01 pc=FAC1 address=2004 value=31 state394=88 state395=88
f=345 sl=-01 pc=FAC1 address=2004 value=2E state394=88 state395=88
f=345 sl=-01 pc=FAC1 address=2004 value=02 state394=88 state395=88
f=345 sl=-01 pc=FAC1 address=2004 value=98 state394=88 state395=88
f=345 sl=-01 pc=FAC1 address=2004 value=42 state394=88 state395=88
f=345 sl=-01 pc=FAC1 address=2004 value=13 state394=88 state395=88
f=345 sl=-01 pc=FAC1 address=2004 value=40 state394=88 state395=88
f=345 sl=-01 pc=FAC1 address=2004 value=C2 state394=88 state395=88
f=345 sl=-01 pc=FAC1 address=2004 value=3A state394=88 state395=88
f=345 sl=-01 pc=FAC1 address=2004 value=11 state394=88 state395=88
f=345 sl=-01 pc=FAC1 address=2004 value=00 state394=88 state395=88
f=345 sl=-01 pc=FAC1 address=2004 value=AA state394=88 state395=88
f=345 sl=-01 pc=FAC1 address=2004 value=39 state394=88 state395=88
f=345 sl=-01 pc=FAC1 address=2004 value=3D state394=88 state395=88
f=345 sl=-01 pc=FAC1 address=2004 value=02 state394=88 state395=88
f=345 sl=-01 pc=FAC1 address=2004 value=C8 state394=88 state395=88
f=345 sl=-01 pc=FAC1 address=2004 value=32 state394=88 state395=88
f=345 sl=-01 pc=FAC1 address=2004 value=32 state394=88 state395=88
f=345 sl=-01 pc=FAC1 address=2004 value=02 state394=88 state395=88
f=345 sl=-01 pc=FAC1 address=2004 value=A0 state394=88 state395=88
f=345 sl=-01 pc=FAC1 address=2004 value=52 state394=88 state395=88
f=345 sl=-01 pc=FAC1 address=2004 value=17 state394=88 state395=88
f=345 sl=-01 pc=FAC1 address=2004 value=40 state394=88 state395=88
f=345 sl=-01 pc=FAC1 address=2004 value=C2 state394=88 state395=88
f=345 sl=-01 pc=FAC1 address=2004 value=4A state394=88 state395=88
f=345 sl=-01 pc=FAC1 address=2004 value=15 state394=88 state395=88
f=345 sl=-01 pc=FAC1 address=2004 value=00 state394=88 state395=88
f=345 sl=-01 pc=FAC1 address=2004 value=AA state394=88 state395=88
f=345 sl=-01 pc=FAC1 address=2004 value=5E state394=88 state395=88
f=345 sl=-01 pc=FAC1 address=2004 value=0C state394=88 state395=88
f=345 sl=-01 pc=FAC1 address=2004 value=00 state394=88 state395=88
f=345 sl=-01 pc=FAC1 address=2004 value=0A state394=88 state395=88
f=345 sl=-01 pc=FAC1 address=2004 value=2C state394=88 state395=88
f=345 sl=-01 pc=FAC1 address=2004 value=36 state394=88 state395=88
f=345 sl=-01 pc=FAC1 address=2004 value=02 state394=88 state395=88
f=345 sl=-01 pc=FAC1 address=2004 value=A8 state394=88 state395=88
f=345 sl=-01 pc=FAC1 address=2004 value=2C state394=88 state395=88
f=345 sl=-01 pc=FAC1 address=2004 value=2B state394=88 state395=88
f=345 sl=-01 pc=FAC1 address=2004 value=02 state394=88 state395=88
f=345 sl=-01 pc=FAC1 address=2004 value=90 state394=88 state395=88
f=345 sl=-01 pc=FAC1 address=2004 value=3A state394=88 state395=88
f=345 sl=-01 pc=FAC1 address=2004 value=12 state394=88 state395=88
f=345 sl=-01 pc=FAC1 address=2004 value=40 state394=88 state395=88
f=345 sl=-01 pc=FAC1 address=2004 value=BA state394=88 state395=88
f=345 sl=-01 pc=FAC1 address=2004 value=5E state394=88 state395=88
f=345 sl=-01 pc=FAC1 address=2004 value=0C state394=88 state395=88
f=345 sl=-01 pc=FAC1 address=2004 value=40 state394=88 state395=88
f=345 sl=-01 pc=FAC1 address=2004 value=1A state394=88 state395=88
f=345 sl=-01 pc=FAC1 address=2004 value=2E state394=88 state395=88
f=345 sl=-01 pc=FAC1 address=2004 value=3A state394=88 state395=88
f=345 sl=-01 pc=FAC1 address=2004 value=02 state394=88 state395=88
f=345 sl=-01 pc=FAC1 address=2004 value=B0 state394=88 state395=88
f=345 sl=-01 pc=FAC1 address=2004 value=45 state394=88 state395=88
f=345 sl=-01 pc=FAC1 address=2004 value=2F state394=88 state395=88
f=345 sl=-01 pc=FAC1 address=2004 value=02 state394=88 state395=88
f=345 sl=-01 pc=FAC1 address=2004 value=9F state394=88 state395=88
f=345 sl=-01 pc=FAC1 address=2004 value=4A state394=88 state395=88
f=345 sl=-01 pc=FAC1 address=2004 value=16 state394=88 state395=88
f=345 sl=-01 pc=FAC1 address=2004 value=40 state394=88 state395=88
f=345 sl=-01 pc=FAC1 address=2004 value=BA state394=88 state395=88
f=345 sl=-01 pc=FAC1 address=2004 value=3A state394=88 state395=88
f=345 sl=-01 pc=FAC1 address=2004 value=12 state394=88 state395=88
f=345 sl=-01 pc=FAC1 address=2004 value=00 state394=88 state395=88
f=345 sl=-01 pc=FAC1 address=2004 value=B2 state394=88 state395=88
f=345 sl=-01 pc=FAC1 address=2004 value=39 state394=88 state395=88
f=345 sl=-01 pc=FAC1 address=2004 value=3E state394=88 state395=88
f=345 sl=-01 pc=FAC1 address=2004 value=02 state394=88 state395=88
f=345 sl=-01 pc=FAC1 address=2004 value=D0 state394=88 state395=88
f=345 sl=-01 pc=FAC1 address=2004 value=56 state394=88 state395=88
f=345 sl=-01 pc=FAC1 address=2004 value=33 state394=88 state395=88
f=345 sl=-01 pc=FAC1 address=2004 value=02 state394=88 state395=88
f=345 sl=-01 pc=FAC1 address=2004 value=A0 state394=88 state395=88
f=345 sl=-01 pc=FAC1 address=2004 value=77 state394=88 state395=88
f=345 sl=-01 pc=FAC1 address=2004 value=21 state394=88 state395=88
f=345 sl=-01 pc=FAC1 address=2004 value=00 state394=88 state395=88
f=345 sl=-01 pc=FAC1 address=2004 value=99 state394=88 state395=88
f=345 sl=-01 pc=FAC1 address=2004 value=4A state394=88 state395=88
f=345 sl=-01 pc=FAC1 address=2004 value=16 state394=88 state395=88
f=345 sl=-01 pc=FAC1 address=2004 value=00 state394=88 state395=88
f=345 sl=-01 pc=FAC1 address=2004 value=B2 state394=88 state395=88
f=345 sl=-01 pc=FAC1 address=2004 value=5E state394=88 state395=88
f=345 sl=-01 pc=FAC1 address=2004 value=0D state394=88 state395=88
f=345 sl=-01 pc=FAC1 address=2004 value=00 state394=88 state395=88
f=345 sl=-01 pc=FAC1 address=2004 value=12 state394=88 state395=88
f=345 sl=-01 pc=FAC1 address=2004 value=34 state394=88 state395=88
f=345 sl=-01 pc=FAC1 address=2004 value=37 state394=88 state395=88
f=345 sl=-01 pc=FAC1 address=2004 value=02 state394=88 state395=88
f=345 sl=-01 pc=FAC1 address=2004 value=AB state394=88 state395=88
f=345 sl=-01 pc=FAC1 address=2004 value=4C state394=88 state395=88
f=345 sl=-01 pc=FAC1 address=2004 value=2C state394=88 state395=88
f=345 sl=-01 pc=FAC1 address=2004 value=02 state394=88 state395=88
f=345 sl=-01 pc=FAC1 address=2004 value=97 state394=88 state395=88
f=345 sl=-01 pc=FAC1 address=2004 value=3A state394=88 state395=88
f=345 sl=-01 pc=FAC1 address=2004 value=11 state394=88 state395=88
f=345 sl=-01 pc=FAC1 address=2004 value=40 state394=88 state395=88
f=345 sl=-01 pc=FAC1 address=2004 value=C2 state394=88 state395=88
f=345 sl=-01 pc=FAC1 address=2004 value=66 state394=88 state395=88
f=345 sl=-01 pc=FAC1 address=2004 value=0A state394=88 state395=88
f=345 sl=-01 pc=FAC1 address=2004 value=C0 state394=88 state395=88
f=345 sl=-01 pc=FAC1 address=2004 value=1A state394=88 state395=88
f=345 sl=-01 pc=FAC1 address=2004 value=37 state394=88 state395=88
f=345 sl=-01 pc=FAC1 address=2004 value=3B state394=88 state395=88
f=345 sl=-01 pc=FAC1 address=2004 value=02 state394=88 state395=88
f=345 sl=-01 pc=FAC1 address=2004 value=C6 state394=88 state395=88
f=345 sl=-01 pc=FAC1 address=2004 value=4D state394=88 state395=88
f=345 sl=-01 pc=FAC1 address=2004 value=30 state394=88 state395=88
f=345 sl=-01 pc=FAC1 address=2004 value=02 state394=88 state395=88
f=345 sl=-01 pc=FAC1 address=2004 value=9F state394=88 state395=88
f=345 sl=-01 pc=FAC1 address=2004 value=4A state394=88 state395=88
f=345 sl=-01 pc=FAC1 address=2004 value=15 state394=88 state395=88
f=345 sl=-01 pc=FAC1 address=2004 value=40 state394=88 state395=88
f=345 sl=-01 pc=FAC1 address=2004 value=C2 state394=88 state395=88
f=345 sl=-01 pc=FAC1 address=2004 value=42 state394=88 state395=88
f=345 sl=-01 pc=FAC1 address=2004 value=13 state394=88 state395=88
f=345 sl=-01 pc=FAC1 address=2004 value=00 state394=88 state395=88
f=345 sl=-01 pc=FAC1 address=2004 value=AA state394=88 state395=88
f=345 sl=-01 pc=FAC1 address=2004 value=56 state394=88 state395=88
f=345 sl=-01 pc=FAC1 address=2004 value=0A state394=88 state395=88
f=345 sl=-01 pc=FAC1 address=2004 value=00 state394=88 state395=88
f=345 sl=-01 pc=FAC1 address=2004 value=0A state394=88 state395=88
f=345 sl=-01 pc=FAC1 address=2004 value=3C state394=88 state395=88
f=345 sl=-01 pc=FAC1 address=2004 value=34 state394=88 state395=88
f=345 sl=-01 pc=FAC1 address=2004 value=02 state394=88 state395=88
f=345 sl=-01 pc=FAC1 address=2004 value=A3 state394=88 state395=88
f=345 sl=-01 pc=FAC1 address=2004 value=77 state394=88 state395=88
f=345 sl=-01 pc=FAC1 address=2004 value=22 state394=88 state395=88
f=345 sl=-01 pc=FAC1 address=2004 value=00 state394=88 state395=88
f=345 sl=-01 pc=FAC1 address=2004 value=A1 state394=88 state395=88
f=345 sl=-01 pc=FAC1 address=2004 value=52 state394=88 state395=88
f=345 sl=-01 pc=FAC1 address=2004 value=17 state394=88 state395=88
f=345 sl=-01 pc=FAC1 address=2004 value=00 state394=88 state395=88
f=345 sl=-01 pc=FAC1 address=2004 value=AA state394=88 state395=88
f=345 sl=-01 pc=FAC1 address=2004 value=56 state394=88 state395=88
f=345 sl=-01 pc=FAC1 address=2004 value=0A state394=88 state395=88
f=345 sl=-01 pc=FAC1 address=2004 value=40 state394=88 state395=88
f=345 sl=-01 pc=FAC1 address=2004 value=1A state394=88 state395=88
f=345 sl=-01 pc=FAC1 address=2004 value=3C state394=88 state395=88
f=345 sl=-01 pc=FAC1 address=2004 value=38 state394=88 state395=88
f=345 sl=-01 pc=FAC1 address=2004 value=02 state394=88 state395=88
f=345 sl=-01 pc=FAC1 address=2004 value=AB state394=88 state395=88
f=345 sl=-01 pc=FAC1 address=4014 value=02 state394=88 state395=88
f=345 sl=-01 pc=D084 address=2000 value=89 state394=88 state395=88
f=345 sl=-01 pc=FACB address=2001 value=1E state394=88 state395=88
f=345 sl=-01 pc=FA0B address=2000 value=89 state394=88 state395=88
f=345 sl=-01 pc=F900 address=2000 value=88 state394=88 state395=88
f=345 sl=-01 pc=F900 address=2000 value=88 state394=88 state395=88
f=346 sl=-01 pc=FABC address=2003 value=00 state394=88 state395=88
f=346 sl=-01 pc=FAC1 address=2004 value=B7 state394=88 state395=88
f=346 sl=-01 pc=FAC1 address=2004 value=A0 state394=88 state395=88
f=346 sl=-01 pc=FAC1 address=2004 value=01 state394=88 state395=88
f=346 sl=-01 pc=FAC1 address=2004 value=10 state394=88 state395=88
f=346 sl=-01 pc=FAC1 address=2004 value=B7 state394=88 state395=88
f=346 sl=-01 pc=FAC1 address=2004 value=A1 state394=88 state395=88
f=346 sl=-01 pc=FAC1 address=2004 value=01 state394=88 state395=88
f=346 sl=-01 pc=FAC1 address=2004 value=18 state394=88 state395=88
f=346 sl=-01 pc=FAC1 address=2004 value=B7 state394=88 state395=88
f=346 sl=-01 pc=FAC1 address=2004 value=A2 state394=88 state395=88
f=346 sl=-01 pc=FAC1 address=2004 value=01 state394=88 state395=88
f=346 sl=-01 pc=FAC1 address=2004 value=20 state394=88 state395=88
f=346 sl=-01 pc=FAC1 address=2004 value=B7 state394=88 state395=88
f=346 sl=-01 pc=FAC1 address=2004 value=A3 state394=88 state395=88
f=346 sl=-01 pc=FAC1 address=2004 value=01 state394=88 state395=88
f=346 sl=-01 pc=FAC1 address=2004 value=28 state394=88 state395=88
f=346 sl=-01 pc=FAC1 address=2004 value=BF state394=88 state395=88
f=346 sl=-01 pc=FAC1 address=2004 value=A4 state394=88 state395=88
f=346 sl=-01 pc=FAC1 address=2004 value=01 state394=88 state395=88
f=346 sl=-01 pc=FAC1 address=2004 value=10 state394=88 state395=88
f=346 sl=-01 pc=FAC1 address=2004 value=BF state394=88 state395=88
f=346 sl=-01 pc=FAC1 address=2004 value=A5 state394=88 state395=88
f=346 sl=-01 pc=FAC1 address=2004 value=01 state394=88 state395=88
f=346 sl=-01 pc=FAC1 address=2004 value=18 state394=88 state395=88
f=346 sl=-01 pc=FAC1 address=2004 value=BF state394=88 state395=88
f=346 sl=-01 pc=FAC1 address=2004 value=A6 state394=88 state395=88
f=346 sl=-01 pc=FAC1 address=2004 value=01 state394=88 state395=88
f=346 sl=-01 pc=FAC1 address=2004 value=20 state394=88 state395=88
f=346 sl=-01 pc=FAC1 address=2004 value=BF state394=88 state395=88
f=346 sl=-01 pc=FAC1 address=2004 value=A7 state394=88 state395=88
f=346 sl=-01 pc=FAC1 address=2004 value=01 state394=88 state395=88
f=346 sl=-01 pc=FAC1 address=2004 value=28 state394=88 state395=88
f=346 sl=-01 pc=FAC1 address=2004 value=C7 state394=88 state395=88
f=346 sl=-01 pc=FAC1 address=2004 value=A8 state394=88 state395=88
f=346 sl=-01 pc=FAC1 address=2004 value=01 state394=88 state395=88
f=346 sl=-01 pc=FAC1 address=2004 value=10 state394=88 state395=88
f=346 sl=-01 pc=FAC1 address=2004 value=C7 state394=88 state395=88
f=346 sl=-01 pc=FAC1 address=2004 value=A9 state394=88 state395=88
f=346 sl=-01 pc=FAC1 address=2004 value=01 state394=88 state395=88
f=346 sl=-01 pc=FAC1 address=2004 value=18 state394=88 state395=88
f=346 sl=-01 pc=FAC1 address=2004 value=C7 state394=88 state395=88
f=346 sl=-01 pc=FAC1 address=2004 value=AA state394=88 state395=88
f=346 sl=-01 pc=FAC1 address=2004 value=01 state394=88 state395=88
f=346 sl=-01 pc=FAC1 address=2004 value=20 state394=88 state395=88
f=346 sl=-01 pc=FAC1 address=2004 value=C7 state394=88 state395=88
f=346 sl=-01 pc=FAC1 address=2004 value=AB state394=88 state395=88
f=346 sl=-01 pc=FAC1 address=2004 value=01 state394=88 state395=88
f=346 sl=-01 pc=FAC1 address=2004 value=28 state394=88 state395=88
f=346 sl=-01 pc=FAC1 address=2004 value=CF state394=88 state395=88
f=346 sl=-01 pc=FAC1 address=2004 value=AC state394=88 state395=88
f=346 sl=-01 pc=FAC1 address=2004 value=01 state394=88 state395=88
f=346 sl=-01 pc=FAC1 address=2004 value=10 state394=88 state395=88
f=346 sl=-01 pc=FAC1 address=2004 value=CF state394=88 state395=88
f=346 sl=-01 pc=FAC1 address=2004 value=AD state394=88 state395=88
f=346 sl=-01 pc=FAC1 address=2004 value=01 state394=88 state395=88
f=346 sl=-01 pc=FAC1 address=2004 value=18 state394=88 state395=88
f=346 sl=-01 pc=FAC1 address=2004 value=CF state394=88 state395=88
f=346 sl=-01 pc=FAC1 address=2004 value=AE state394=88 state395=88
f=346 sl=-01 pc=FAC1 address=2004 value=01 state394=88 state395=88
f=346 sl=-01 pc=FAC1 address=2004 value=20 state394=88 state395=88
f=346 sl=-01 pc=FAC1 address=2004 value=CF state394=88 state395=88
f=346 sl=-01 pc=FAC1 address=2004 value=AF state394=88 state395=88
f=346 sl=-01 pc=FAC1 address=2004 value=01 state394=88 state395=88
f=346 sl=-01 pc=FAC1 address=2004 value=28 state394=88 state395=88
f=346 sl=-01 pc=FAC1 address=2004 value=4C state394=88 state395=88
f=346 sl=-01 pc=FAC1 address=2004 value=2C state394=88 state395=88
f=346 sl=-01 pc=FAC1 address=2004 value=02 state394=88 state395=88
f=346 sl=-01 pc=FAC1 address=2004 value=97 state394=88 state395=88
f=346 sl=-01 pc=FAC1 address=2004 value=3A state394=88 state395=88
f=346 sl=-01 pc=FAC1 address=2004 value=19 state394=88 state395=88
f=346 sl=-01 pc=FAC1 address=2004 value=40 state394=88 state395=88
f=346 sl=-01 pc=FAC1 address=2004 value=C4 state394=88 state395=88
f=346 sl=-01 pc=FAC1 address=2004 value=6B state394=88 state395=88
f=346 sl=-01 pc=FAC1 address=2004 value=28 state394=88 state395=88
f=346 sl=-01 pc=FAC1 address=2004 value=00 state394=88 state395=88
f=346 sl=-01 pc=FAC1 address=2004 value=12 state394=88 state395=88
f=346 sl=-01 pc=FAC1 address=2004 value=37 state394=88 state395=88
f=346 sl=-01 pc=FAC1 address=2004 value=3B state394=88 state395=88
f=346 sl=-01 pc=FAC1 address=2004 value=02 state394=88 state395=88
f=346 sl=-01 pc=FAC1 address=2004 value=C6 state394=88 state395=88
f=346 sl=-01 pc=FAC1 address=2004 value=4D state394=88 state395=88
f=346 sl=-01 pc=FAC1 address=2004 value=30 state394=88 state395=88
f=346 sl=-01 pc=FAC1 address=2004 value=02 state394=88 state395=88
f=346 sl=-01 pc=FAC1 address=2004 value=9F state394=88 state395=88
f=346 sl=-01 pc=FAC1 address=2004 value=4A state394=88 state395=88
f=346 sl=-01 pc=FAC1 address=2004 value=1D state394=88 state395=88
f=346 sl=-01 pc=FAC1 address=2004 value=40 state394=88 state395=88
f=346 sl=-01 pc=FAC1 address=2004 value=C4 state394=88 state395=88
f=346 sl=-01 pc=FAC1 address=2004 value=42 state394=88 state395=88
f=346 sl=-01 pc=FAC1 address=2004 value=1B state394=88 state395=88
f=346 sl=-01 pc=FAC1 address=2004 value=00 state394=88 state395=88
f=346 sl=-01 pc=FAC1 address=2004 value=AC state394=88 state395=88
f=346 sl=-01 pc=FAC1 address=2004 value=5B state394=88 state395=88
f=346 sl=-01 pc=FAC1 address=2004 value=21 state394=88 state395=88
f=346 sl=-01 pc=FAC1 address=2004 value=00 state394=88 state395=88
f=346 sl=-01 pc=FAC1 address=2004 value=0A state394=88 state395=88
f=346 sl=-01 pc=FAC1 address=2004 value=3C state394=88 state395=88
f=346 sl=-01 pc=FAC1 address=2004 value=34 state394=88 state395=88
f=346 sl=-01 pc=FAC1 address=2004 value=02 state394=88 state395=88
f=346 sl=-01 pc=FAC1 address=2004 value=A3 state394=88 state395=88
f=346 sl=-01 pc=FAC1 address=2004 value=72 state394=88 state395=88
f=346 sl=-01 pc=FAC1 address=2004 value=12 state394=88 state395=88
f=346 sl=-01 pc=FAC1 address=2004 value=00 state394=88 state395=88
f=346 sl=-01 pc=FAC1 address=2004 value=9B state394=88 state395=88
f=346 sl=-01 pc=FAC1 address=2004 value=52 state394=88 state395=88
f=346 sl=-01 pc=FAC1 address=2004 value=1F state394=88 state395=88
f=346 sl=-01 pc=FAC1 address=2004 value=00 state394=88 state395=88
f=346 sl=-01 pc=FAC1 address=2004 value=AC state394=88 state395=88
f=346 sl=-01 pc=FAC1 address=2004 value=63 state394=88 state395=88
f=346 sl=-01 pc=FAC1 address=2004 value=25 state394=88 state395=88
f=346 sl=-01 pc=FAC1 address=2004 value=00 state394=88 state395=88
f=346 sl=-01 pc=FAC1 address=2004 value=12 state394=88 state395=88
f=346 sl=-01 pc=FAC1 address=2004 value=3C state394=88 state395=88
f=346 sl=-01 pc=FAC1 address=2004 value=38 state394=88 state395=88
f=346 sl=-01 pc=FAC1 address=2004 value=02 state394=88 state395=88
f=346 sl=-01 pc=FAC1 address=2004 value=AB state394=88 state395=88
f=346 sl=-01 pc=FAC1 address=2004 value=29 state394=88 state395=88
f=346 sl=-01 pc=FAC1 address=2004 value=2D state394=88 state395=88
f=346 sl=-01 pc=FAC1 address=2004 value=02 state394=88 state395=88
f=346 sl=-01 pc=FAC1 address=2004 value=98 state394=88 state395=88
f=346 sl=-01 pc=FAC1 address=2004 value=42 state394=88 state395=88
f=346 sl=-01 pc=FAC1 address=2004 value=1C state394=88 state395=88
f=346 sl=-01 pc=FAC1 address=2004 value=40 state394=88 state395=88
f=346 sl=-01 pc=FAC1 address=2004 value=BC state394=88 state395=88
f=346 sl=-01 pc=FAC1 address=2004 value=6B state394=88 state395=88
f=346 sl=-01 pc=FAC1 address=2004 value=29 state394=88 state395=88
f=346 sl=-01 pc=FAC1 address=2004 value=00 state394=88 state395=88
f=346 sl=-01 pc=FAC1 address=2004 value=1A state394=88 state395=88
f=346 sl=-01 pc=FAC1 address=2004 value=38 state394=88 state395=88
f=346 sl=-01 pc=FAC1 address=2004 value=3C state394=88 state395=88
f=346 sl=-01 pc=FAC1 address=2004 value=02 state394=88 state395=88
f=346 sl=-01 pc=FAC1 address=2004 value=C7 state394=88 state395=88
f=346 sl=-01 pc=FAC1 address=2004 value=2A state394=88 state395=88
f=346 sl=-01 pc=FAC1 address=2004 value=31 state394=88 state395=88
f=346 sl=-01 pc=FAC1 address=2004 value=02 state394=88 state395=88
f=346 sl=-01 pc=FAC1 address=2004 value=A0 state394=88 state395=88
f=346 sl=-01 pc=FAC1 address=2004 value=52 state394=88 state395=88
f=346 sl=-01 pc=FAC1 address=2004 value=20 state394=88 state395=88
f=346 sl=-01 pc=FAC1 address=2004 value=40 state394=88 state395=88
f=346 sl=-01 pc=FAC1 address=2004 value=BC state394=88 state395=88
f=346 sl=-01 pc=FAC1 address=2004 value=42 state394=88 state395=88
f=346 sl=-01 pc=FAC1 address=2004 value=1C state394=88 state395=88
f=346 sl=-01 pc=FAC1 address=2004 value=00 state394=88 state395=88
f=346 sl=-01 pc=FAC1 address=2004 value=B4 state394=88 state395=88
f=346 sl=-01 pc=FAC1 address=2004 value=5B state394=88 state395=88
f=346 sl=-01 pc=FAC1 address=2004 value=22 state394=88 state395=88
f=346 sl=-01 pc=FAC1 address=2004 value=00 state394=88 state395=88
f=346 sl=-01 pc=FAC1 address=2004 value=12 state394=88 state395=88
f=346 sl=-01 pc=FAC1 address=2004 value=44 state394=88 state395=88
f=346 sl=-01 pc=FAC1 address=2004 value=35 state394=88 state395=88
f=346 sl=-01 pc=FAC1 address=2004 value=02 state394=88 state395=88
f=346 sl=-01 pc=FAC1 address=2004 value=A3 state394=88 state395=88
f=346 sl=-01 pc=FAC1 address=2004 value=3B state394=88 state395=88
f=346 sl=-01 pc=FAC1 address=2004 value=2A state394=88 state395=88
f=346 sl=-01 pc=FAC1 address=2004 value=02 state394=88 state395=88
f=346 sl=-01 pc=FAC1 address=2004 value=8C state394=88 state395=88
f=346 sl=-01 pc=FAC1 address=2004 value=52 state394=88 state395=88
f=346 sl=-01 pc=FAC1 address=2004 value=20 state394=88 state395=88
f=346 sl=-01 pc=FAC1 address=2004 value=00 state394=88 state395=88
f=346 sl=-01 pc=FAC1 address=2004 value=B4 state394=88 state395=88
f=346 sl=-01 pc=FAC1 address=2004 value=63 state394=88 state395=88
f=346 sl=-01 pc=FAC1 address=2004 value=26 state394=88 state395=88
f=346 sl=-01 pc=FAC1 address=2004 value=00 state394=88 state395=88
f=346 sl=-01 pc=FAC1 address=2004 value=1A state394=88 state395=88
f=346 sl=-01 pc=FAC1 address=2004 value=4C state394=88 state395=88
f=346 sl=-01 pc=FAC1 address=2004 value=39 state394=88 state395=88
f=346 sl=-01 pc=FAC1 address=2004 value=02 state394=88 state395=88
f=346 sl=-01 pc=FAC1 address=2004 value=AB state394=88 state395=88
f=346 sl=-01 pc=FAC1 address=2004 value=31 state394=88 state395=88
f=346 sl=-01 pc=FAC1 address=2004 value=2E state394=88 state395=88
f=346 sl=-01 pc=FAC1 address=2004 value=02 state394=88 state395=88
f=346 sl=-01 pc=FAC1 address=2004 value=98 state394=88 state395=88
f=346 sl=-01 pc=FAC1 address=2004 value=42 state394=88 state395=88
f=346 sl=-01 pc=FAC1 address=2004 value=1B state394=88 state395=88
f=346 sl=-01 pc=FAC1 address=2004 value=40 state394=88 state395=88
f=346 sl=-01 pc=FAC1 address=2004 value=C4 state394=88 state395=88
f=346 sl=-01 pc=FAC1 address=2004 value=3A state394=88 state395=88
f=346 sl=-01 pc=FAC1 address=2004 value=19 state394=88 state395=88
f=346 sl=-01 pc=FAC1 address=2004 value=00 state394=88 state395=88
f=346 sl=-01 pc=FAC1 address=2004 value=AC state394=88 state395=88
f=346 sl=-01 pc=FAC1 address=2004 value=39 state394=88 state395=88
f=346 sl=-01 pc=FAC1 address=2004 value=3D state394=88 state395=88
f=346 sl=-01 pc=FAC1 address=2004 value=02 state394=88 state395=88
f=346 sl=-01 pc=FAC1 address=2004 value=C8 state394=88 state395=88
f=346 sl=-01 pc=FAC1 address=2004 value=32 state394=88 state395=88
f=346 sl=-01 pc=FAC1 address=2004 value=32 state394=88 state395=88
f=346 sl=-01 pc=FAC1 address=2004 value=02 state394=88 state395=88
f=346 sl=-01 pc=FAC1 address=2004 value=A0 state394=88 state395=88
f=346 sl=-01 pc=FAC1 address=2004 value=52 state394=88 state395=88
f=346 sl=-01 pc=FAC1 address=2004 value=1F state394=88 state395=88
f=346 sl=-01 pc=FAC1 address=2004 value=40 state394=88 state395=88
f=346 sl=-01 pc=FAC1 address=2004 value=C4 state394=88 state395=88
f=346 sl=-01 pc=FAC1 address=2004 value=4A state394=88 state395=88
f=346 sl=-01 pc=FAC1 address=2004 value=1D state394=88 state395=88
f=346 sl=-01 pc=FAC1 address=2004 value=00 state394=88 state395=88
f=346 sl=-01 pc=FAC1 address=2004 value=AC state394=88 state395=88
f=346 sl=-01 pc=FAC1 address=2004 value=5B state394=88 state395=88
f=346 sl=-01 pc=FAC1 address=2004 value=23 state394=88 state395=88
f=346 sl=-01 pc=FAC1 address=2004 value=00 state394=88 state395=88
f=346 sl=-01 pc=FAC1 address=2004 value=1A state394=88 state395=88
f=346 sl=-01 pc=FAC1 address=2004 value=2C state394=88 state395=88
f=346 sl=-01 pc=FAC1 address=2004 value=36 state394=88 state395=88
f=346 sl=-01 pc=FAC1 address=2004 value=02 state394=88 state395=88
f=346 sl=-01 pc=FAC1 address=2004 value=A8 state394=88 state395=88
f=346 sl=-01 pc=FAC1 address=2004 value=2C state394=88 state395=88
f=346 sl=-01 pc=FAC1 address=2004 value=2B state394=88 state395=88
f=346 sl=-01 pc=FAC1 address=2004 value=02 state394=88 state395=88
f=346 sl=-01 pc=FAC1 address=2004 value=90 state394=88 state395=88
f=346 sl=-01 pc=FAC1 address=2004 value=3A state394=88 state395=88
f=346 sl=-01 pc=FAC1 address=2004 value=1A state394=88 state395=88
f=346 sl=-01 pc=FAC1 address=2004 value=40 state394=88 state395=88
f=346 sl=-01 pc=FAC1 address=2004 value=BC state394=88 state395=88
f=346 sl=-01 pc=FAC1 address=2004 value=6B state394=88 state395=88
f=346 sl=-01 pc=FAC1 address=2004 value=27 state394=88 state395=88
f=346 sl=-01 pc=FAC1 address=2004 value=00 state394=88 state395=88
f=346 sl=-01 pc=FAC1 address=2004 value=0A state394=88 state395=88
f=346 sl=-01 pc=FAC1 address=2004 value=2E state394=88 state395=88
f=346 sl=-01 pc=FAC1 address=2004 value=3A state394=88 state395=88
f=346 sl=-01 pc=FAC1 address=2004 value=02 state394=88 state395=88
f=346 sl=-01 pc=FAC1 address=2004 value=B0 state394=88 state395=88
f=346 sl=-01 pc=FAC1 address=2004 value=45 state394=88 state395=88
f=346 sl=-01 pc=FAC1 address=2004 value=2F state394=88 state395=88
f=346 sl=-01 pc=FAC1 address=2004 value=02 state394=88 state395=88
f=346 sl=-01 pc=FAC1 address=2004 value=9F state394=88 state395=88
f=346 sl=-01 pc=FAC1 address=2004 value=4A state394=88 state395=88
f=346 sl=-01 pc=FAC1 address=2004 value=1E state394=88 state395=88
f=346 sl=-01 pc=FAC1 address=2004 value=40 state394=88 state395=88
f=346 sl=-01 pc=FAC1 address=2004 value=BC state394=88 state395=88
f=346 sl=-01 pc=FAC1 address=2004 value=3A state394=88 state395=88
f=346 sl=-01 pc=FAC1 address=2004 value=1A state394=88 state395=88
f=346 sl=-01 pc=FAC1 address=2004 value=00 state394=88 state395=88
f=346 sl=-01 pc=FAC1 address=2004 value=B4 state394=88 state395=88
f=346 sl=-01 pc=FAC1 address=2004 value=39 state394=88 state395=88
f=346 sl=-01 pc=FAC1 address=2004 value=3E state394=88 state395=88
f=346 sl=-01 pc=FAC1 address=2004 value=02 state394=88 state395=88
f=346 sl=-01 pc=FAC1 address=2004 value=D0 state394=88 state395=88
f=346 sl=-01 pc=FAC1 address=2004 value=56 state394=88 state395=88
f=346 sl=-01 pc=FAC1 address=2004 value=33 state394=88 state395=88
f=346 sl=-01 pc=FAC1 address=2004 value=02 state394=88 state395=88
f=346 sl=-01 pc=FAC1 address=2004 value=A0 state394=88 state395=88
f=346 sl=-01 pc=FAC1 address=2004 value=72 state394=88 state395=88
f=346 sl=-01 pc=FAC1 address=2004 value=11 state394=88 state395=88
f=346 sl=-01 pc=FAC1 address=2004 value=00 state394=88 state395=88
f=346 sl=-01 pc=FAC1 address=2004 value=93 state394=88 state395=88
f=346 sl=-01 pc=FAC1 address=2004 value=4A state394=88 state395=88
f=346 sl=-01 pc=FAC1 address=2004 value=1E state394=88 state395=88
f=346 sl=-01 pc=FAC1 address=2004 value=00 state394=88 state395=88
f=346 sl=-01 pc=FAC1 address=2004 value=B4 state394=88 state395=88
f=346 sl=-01 pc=FAC1 address=2004 value=63 state394=88 state395=88
f=346 sl=-01 pc=FAC1 address=2004 value=24 state394=88 state395=88
f=346 sl=-01 pc=FAC1 address=2004 value=00 state394=88 state395=88
f=346 sl=-01 pc=FAC1 address=2004 value=0A state394=88 state395=88
f=346 sl=-01 pc=FAC1 address=2004 value=34 state394=88 state395=88
f=346 sl=-01 pc=FAC1 address=2004 value=37 state394=88 state395=88
f=346 sl=-01 pc=FAC1 address=2004 value=02 state394=88 state395=88
f=346 sl=-01 pc=FAC1 address=2004 value=AB state394=88 state395=88
f=346 sl=-01 pc=FAC1 address=4014 value=02 state394=88 state395=88
f=346 sl=-01 pc=D084 address=2000 value=89 state394=88 state395=88
f=346 sl=-01 pc=FACB address=2001 value=1E state394=88 state395=88
f=346 sl=-01 pc=FA0B address=2000 value=89 state394=88 state395=88
f=346 sl=-01 pc=F900 address=2000 value=88 state394=88 state395=88
f=346 sl=-01 pc=F900 address=2000 value=88 state394=88 state395=88
f=347 sl=-01 pc=FABC address=2003 value=00 state394=88 state395=88
f=347 sl=-01 pc=FAC1 address=2004 value=B7 state394=88 state395=88
f=347 sl=-01 pc=FAC1 address=2004 value=A0 state394=88 state395=88
f=347 sl=-01 pc=FAC1 address=2004 value=01 state394=88 state395=88
f=347 sl=-01 pc=FAC1 address=2004 value=10 state394=88 state395=88
f=347 sl=-01 pc=FAC1 address=2004 value=B7 state394=88 state395=88
f=347 sl=-01 pc=FAC1 address=2004 value=A1 state394=88 state395=88
f=347 sl=-01 pc=FAC1 address=2004 value=01 state394=88 state395=88
f=347 sl=-01 pc=FAC1 address=2004 value=18 state394=88 state395=88
f=347 sl=-01 pc=FAC1 address=2004 value=B7 state394=88 state395=88
f=347 sl=-01 pc=FAC1 address=2004 value=A2 state394=88 state395=88
f=347 sl=-01 pc=FAC1 address=2004 value=01 state394=88 state395=88
f=347 sl=-01 pc=FAC1 address=2004 value=20 state394=88 state395=88
f=347 sl=-01 pc=FAC1 address=2004 value=B7 state394=88 state395=88
f=347 sl=-01 pc=FAC1 address=2004 value=A3 state394=88 state395=88
f=347 sl=-01 pc=FAC1 address=2004 value=01 state394=88 state395=88
f=347 sl=-01 pc=FAC1 address=2004 value=28 state394=88 state395=88
f=347 sl=-01 pc=FAC1 address=2004 value=BF state394=88 state395=88
f=347 sl=-01 pc=FAC1 address=2004 value=A4 state394=88 state395=88
f=347 sl=-01 pc=FAC1 address=2004 value=01 state394=88 state395=88
f=347 sl=-01 pc=FAC1 address=2004 value=10 state394=88 state395=88
f=347 sl=-01 pc=FAC1 address=2004 value=BF state394=88 state395=88
f=347 sl=-01 pc=FAC1 address=2004 value=A5 state394=88 state395=88
f=347 sl=-01 pc=FAC1 address=2004 value=01 state394=88 state395=88
f=347 sl=-01 pc=FAC1 address=2004 value=18 state394=88 state395=88
f=347 sl=-01 pc=FAC1 address=2004 value=BF state394=88 state395=88
f=347 sl=-01 pc=FAC1 address=2004 value=A6 state394=88 state395=88
f=347 sl=-01 pc=FAC1 address=2004 value=01 state394=88 state395=88
f=347 sl=-01 pc=FAC1 address=2004 value=20 state394=88 state395=88
f=347 sl=-01 pc=FAC1 address=2004 value=BF state394=88 state395=88
f=347 sl=-01 pc=FAC1 address=2004 value=A7 state394=88 state395=88
f=347 sl=-01 pc=FAC1 address=2004 value=01 state394=88 state395=88
f=347 sl=-01 pc=FAC1 address=2004 value=28 state394=88 state395=88
f=347 sl=-01 pc=FAC1 address=2004 value=C7 state394=88 state395=88
f=347 sl=-01 pc=FAC1 address=2004 value=A8 state394=88 state395=88
f=347 sl=-01 pc=FAC1 address=2004 value=01 state394=88 state395=88
f=347 sl=-01 pc=FAC1 address=2004 value=10 state394=88 state395=88
f=347 sl=-01 pc=FAC1 address=2004 value=C7 state394=88 state395=88
f=347 sl=-01 pc=FAC1 address=2004 value=A9 state394=88 state395=88
f=347 sl=-01 pc=FAC1 address=2004 value=01 state394=88 state395=88
f=347 sl=-01 pc=FAC1 address=2004 value=18 state394=88 state395=88
f=347 sl=-01 pc=FAC1 address=2004 value=C7 state394=88 state395=88
f=347 sl=-01 pc=FAC1 address=2004 value=AA state394=88 state395=88
f=347 sl=-01 pc=FAC1 address=2004 value=01 state394=88 state395=88
f=347 sl=-01 pc=FAC1 address=2004 value=20 state394=88 state395=88
f=347 sl=-01 pc=FAC1 address=2004 value=C7 state394=88 state395=88
f=347 sl=-01 pc=FAC1 address=2004 value=AB state394=88 state395=88
f=347 sl=-01 pc=FAC1 address=2004 value=01 state394=88 state395=88
f=347 sl=-01 pc=FAC1 address=2004 value=28 state394=88 state395=88
f=347 sl=-01 pc=FAC1 address=2004 value=CF state394=88 state395=88
f=347 sl=-01 pc=FAC1 address=2004 value=AC state394=88 state395=88
f=347 sl=-01 pc=FAC1 address=2004 value=01 state394=88 state395=88
f=347 sl=-01 pc=FAC1 address=2004 value=10 state394=88 state395=88
f=347 sl=-01 pc=FAC1 address=2004 value=CF state394=88 state395=88
f=347 sl=-01 pc=FAC1 address=2004 value=AD state394=88 state395=88
f=347 sl=-01 pc=FAC1 address=2004 value=01 state394=88 state395=88
f=347 sl=-01 pc=FAC1 address=2004 value=18 state394=88 state395=88
f=347 sl=-01 pc=FAC1 address=2004 value=CF state394=88 state395=88
f=347 sl=-01 pc=FAC1 address=2004 value=AE state394=88 state395=88
f=347 sl=-01 pc=FAC1 address=2004 value=01 state394=88 state395=88
f=347 sl=-01 pc=FAC1 address=2004 value=20 state394=88 state395=88
f=347 sl=-01 pc=FAC1 address=2004 value=CF state394=88 state395=88
f=347 sl=-01 pc=FAC1 address=2004 value=AF state394=88 state395=88
f=347 sl=-01 pc=FAC1 address=2004 value=01 state394=88 state395=88
f=347 sl=-01 pc=FAC1 address=2004 value=28 state394=88 state395=88
f=347 sl=-01 pc=FAC1 address=2004 value=2C state394=88 state395=88
f=347 sl=-01 pc=FAC1 address=2004 value=2B state394=88 state395=88
f=347 sl=-01 pc=FAC1 address=2004 value=02 state394=88 state395=88
f=347 sl=-01 pc=FAC1 address=2004 value=90 state394=88 state395=88
f=347 sl=-01 pc=FAC1 address=2004 value=3A state394=88 state395=88
f=347 sl=-01 pc=FAC1 address=2004 value=1A state394=88 state395=88
f=347 sl=-01 pc=FAC1 address=2004 value=40 state394=88 state395=88
f=347 sl=-01 pc=FAC1 address=2004 value=BC state394=88 state395=88
f=347 sl=-01 pc=FAC1 address=2004 value=6B state394=88 state395=88
f=347 sl=-01 pc=FAC1 address=2004 value=27 state394=88 state395=88
f=347 sl=-01 pc=FAC1 address=2004 value=00 state394=88 state395=88
f=347 sl=-01 pc=FAC1 address=2004 value=0A state394=88 state395=88
f=347 sl=-01 pc=FAC1 address=2004 value=2E state394=88 state395=88
f=347 sl=-01 pc=FAC1 address=2004 value=3A state394=88 state395=88
f=347 sl=-01 pc=FAC1 address=2004 value=02 state394=88 state395=88
f=347 sl=-01 pc=FAC1 address=2004 value=B0 state394=88 state395=88
f=347 sl=-01 pc=FAC1 address=2004 value=45 state394=88 state395=88
f=347 sl=-01 pc=FAC1 address=2004 value=2F state394=88 state395=88
f=347 sl=-01 pc=FAC1 address=2004 value=02 state394=88 state395=88
f=347 sl=-01 pc=FAC1 address=2004 value=9F state394=88 state395=88
f=347 sl=-01 pc=FAC1 address=2004 value=4A state394=88 state395=88
f=347 sl=-01 pc=FAC1 address=2004 value=1E state394=88 state395=88
f=347 sl=-01 pc=FAC1 address=2004 value=40 state394=88 state395=88
f=347 sl=-01 pc=FAC1 address=2004 value=BC state394=88 state395=88
f=347 sl=-01 pc=FAC1 address=2004 value=3A state394=88 state395=88
f=347 sl=-01 pc=FAC1 address=2004 value=1A state394=88 state395=88
f=347 sl=-01 pc=FAC1 address=2004 value=00 state394=88 state395=88
f=347 sl=-01 pc=FAC1 address=2004 value=B4 state394=88 state395=88
f=347 sl=-01 pc=FAC1 address=2004 value=39 state394=88 state395=88
f=347 sl=-01 pc=FAC1 address=2004 value=3E state394=88 state395=88
f=347 sl=-01 pc=FAC1 address=2004 value=02 state394=88 state395=88
f=347 sl=-01 pc=FAC1 address=2004 value=D0 state394=88 state395=88
f=347 sl=-01 pc=FAC1 address=2004 value=56 state394=88 state395=88
f=347 sl=-01 pc=FAC1 address=2004 value=33 state394=88 state395=88
f=347 sl=-01 pc=FAC1 address=2004 value=02 state394=88 state395=88
f=347 sl=-01 pc=FAC1 address=2004 value=A0 state394=88 state395=88
f=347 sl=-01 pc=FAC1 address=2004 value=72 state394=88 state395=88
f=347 sl=-01 pc=FAC1 address=2004 value=11 state394=88 state395=88
f=347 sl=-01 pc=FAC1 address=2004 value=00 state394=88 state395=88
f=347 sl=-01 pc=FAC1 address=2004 value=93 state394=88 state395=88
f=347 sl=-01 pc=FAC1 address=2004 value=4A state394=88 state395=88
f=347 sl=-01 pc=FAC1 address=2004 value=1E state394=88 state395=88
f=347 sl=-01 pc=FAC1 address=2004 value=00 state394=88 state395=88
f=347 sl=-01 pc=FAC1 address=2004 value=B4 state394=88 state395=88
f=347 sl=-01 pc=FAC1 address=2004 value=63 state394=88 state395=88
f=347 sl=-01 pc=FAC1 address=2004 value=24 state394=88 state395=88
f=347 sl=-01 pc=FAC1 address=2004 value=00 state394=88 state395=88
f=347 sl=-01 pc=FAC1 address=2004 value=0A state394=88 state395=88
f=347 sl=-01 pc=FAC1 address=2004 value=34 state394=88 state395=88
f=347 sl=-01 pc=FAC1 address=2004 value=37 state394=88 state395=88
f=347 sl=-01 pc=FAC1 address=2004 value=02 state394=88 state395=88
f=347 sl=-01 pc=FAC1 address=2004 value=AB state394=88 state395=88
f=347 sl=-01 pc=FAC1 address=2004 value=4C state394=88 state395=88
f=347 sl=-01 pc=FAC1 address=2004 value=2C state394=88 state395=88
f=347 sl=-01 pc=FAC1 address=2004 value=02 state394=88 state395=88
f=347 sl=-01 pc=FAC1 address=2004 value=97 state394=88 state395=88
f=347 sl=-01 pc=FAC1 address=2004 value=3A state394=88 state395=88
f=347 sl=-01 pc=FAC1 address=2004 value=19 state394=88 state395=88
f=347 sl=-01 pc=FAC1 address=2004 value=40 state394=88 state395=88
f=347 sl=-01 pc=FAC1 address=2004 value=C4 state394=88 state395=88
f=347 sl=-01 pc=FAC1 address=2004 value=6B state394=88 state395=88
f=347 sl=-01 pc=FAC1 address=2004 value=28 state394=88 state395=88
f=347 sl=-01 pc=FAC1 address=2004 value=00 state394=88 state395=88
f=347 sl=-01 pc=FAC1 address=2004 value=12 state394=88 state395=88
f=347 sl=-01 pc=FAC1 address=2004 value=37 state394=88 state395=88
f=347 sl=-01 pc=FAC1 address=2004 value=3B state394=88 state395=88
f=347 sl=-01 pc=FAC1 address=2004 value=02 state394=88 state395=88
f=347 sl=-01 pc=FAC1 address=2004 value=C6 state394=88 state395=88
f=347 sl=-01 pc=FAC1 address=2004 value=4D state394=88 state395=88
f=347 sl=-01 pc=FAC1 address=2004 value=30 state394=88 state395=88
f=347 sl=-01 pc=FAC1 address=2004 value=02 state394=88 state395=88
f=347 sl=-01 pc=FAC1 address=2004 value=9F state394=88 state395=88
f=347 sl=-01 pc=FAC1 address=2004 value=4A state394=88 state395=88
f=347 sl=-01 pc=FAC1 address=2004 value=1D state394=88 state395=88
f=347 sl=-01 pc=FAC1 address=2004 value=40 state394=88 state395=88
f=347 sl=-01 pc=FAC1 address=2004 value=C4 state394=88 state395=88
f=347 sl=-01 pc=FAC1 address=2004 value=42 state394=88 state395=88
f=347 sl=-01 pc=FAC1 address=2004 value=1B state394=88 state395=88
f=347 sl=-01 pc=FAC1 address=2004 value=00 state394=88 state395=88
f=347 sl=-01 pc=FAC1 address=2004 value=AC state394=88 state395=88
f=347 sl=-01 pc=FAC1 address=2004 value=5B state394=88 state395=88
f=347 sl=-01 pc=FAC1 address=2004 value=21 state394=88 state395=88
f=347 sl=-01 pc=FAC1 address=2004 value=00 state394=88 state395=88
f=347 sl=-01 pc=FAC1 address=2004 value=0A state394=88 state395=88
f=347 sl=-01 pc=FAC1 address=2004 value=3C state394=88 state395=88
f=347 sl=-01 pc=FAC1 address=2004 value=34 state394=88 state395=88
f=347 sl=-01 pc=FAC1 address=2004 value=02 state394=88 state395=88
f=347 sl=-01 pc=FAC1 address=2004 value=A3 state394=88 state395=88
f=347 sl=-01 pc=FAC1 address=2004 value=72 state394=88 state395=88
f=347 sl=-01 pc=FAC1 address=2004 value=12 state394=88 state395=88
f=347 sl=-01 pc=FAC1 address=2004 value=00 state394=88 state395=88
f=347 sl=-01 pc=FAC1 address=2004 value=9B state394=88 state395=88
f=347 sl=-01 pc=FAC1 address=2004 value=52 state394=88 state395=88
f=347 sl=-01 pc=FAC1 address=2004 value=1F state394=88 state395=88
f=347 sl=-01 pc=FAC1 address=2004 value=00 state394=88 state395=88
f=347 sl=-01 pc=FAC1 address=2004 value=AC state394=88 state395=88
f=347 sl=-01 pc=FAC1 address=2004 value=63 state394=88 state395=88
f=347 sl=-01 pc=FAC1 address=2004 value=25 state394=88 state395=88
f=347 sl=-01 pc=FAC1 address=2004 value=00 state394=88 state395=88
f=347 sl=-01 pc=FAC1 address=2004 value=12 state394=88 state395=88
f=347 sl=-01 pc=FAC1 address=2004 value=3C state394=88 state395=88
f=347 sl=-01 pc=FAC1 address=2004 value=38 state394=88 state395=88
f=347 sl=-01 pc=FAC1 address=2004 value=02 state394=88 state395=88
f=347 sl=-01 pc=FAC1 address=2004 value=AB state394=88 state395=88
f=347 sl=-01 pc=FAC1 address=2004 value=29 state394=88 state395=88
f=347 sl=-01 pc=FAC1 address=2004 value=2D state394=88 state395=88
f=347 sl=-01 pc=FAC1 address=2004 value=02 state394=88 state395=88
f=347 sl=-01 pc=FAC1 address=2004 value=98 state394=88 state395=88
f=347 sl=-01 pc=FAC1 address=2004 value=42 state394=88 state395=88
f=347 sl=-01 pc=FAC1 address=2004 value=1C state394=88 state395=88
f=347 sl=-01 pc=FAC1 address=2004 value=40 state394=88 state395=88
f=347 sl=-01 pc=FAC1 address=2004 value=BC state394=88 state395=88
f=347 sl=-01 pc=FAC1 address=2004 value=6B state394=88 state395=88
f=347 sl=-01 pc=FAC1 address=2004 value=29 state394=88 state395=88
f=347 sl=-01 pc=FAC1 address=2004 value=00 state394=88 state395=88
f=347 sl=-01 pc=FAC1 address=2004 value=1A state394=88 state395=88
f=347 sl=-01 pc=FAC1 address=2004 value=38 state394=88 state395=88
f=347 sl=-01 pc=FAC1 address=2004 value=3C state394=88 state395=88
f=347 sl=-01 pc=FAC1 address=2004 value=02 state394=88 state395=88
f=347 sl=-01 pc=FAC1 address=2004 value=C7 state394=88 state395=88
f=347 sl=-01 pc=FAC1 address=2004 value=2A state394=88 state395=88
f=347 sl=-01 pc=FAC1 address=2004 value=31 state394=88 state395=88
f=347 sl=-01 pc=FAC1 address=2004 value=02 state394=88 state395=88
f=347 sl=-01 pc=FAC1 address=2004 value=A0 state394=88 state395=88
f=347 sl=-01 pc=FAC1 address=2004 value=52 state394=88 state395=88
f=347 sl=-01 pc=FAC1 address=2004 value=20 state394=88 state395=88
f=347 sl=-01 pc=FAC1 address=2004 value=40 state394=88 state395=88
f=347 sl=-01 pc=FAC1 address=2004 value=BC state394=88 state395=88
f=347 sl=-01 pc=FAC1 address=2004 value=42 state394=88 state395=88
f=347 sl=-01 pc=FAC1 address=2004 value=1C state394=88 state395=88
f=347 sl=-01 pc=FAC1 address=2004 value=00 state394=88 state395=88
f=347 sl=-01 pc=FAC1 address=2004 value=B4 state394=88 state395=88
f=347 sl=-01 pc=FAC1 address=2004 value=5B state394=88 state395=88
f=347 sl=-01 pc=FAC1 address=2004 value=22 state394=88 state395=88
f=347 sl=-01 pc=FAC1 address=2004 value=00 state394=88 state395=88
f=347 sl=-01 pc=FAC1 address=2004 value=12 state394=88 state395=88
f=347 sl=-01 pc=FAC1 address=2004 value=44 state394=88 state395=88
f=347 sl=-01 pc=FAC1 address=2004 value=35 state394=88 state395=88
f=347 sl=-01 pc=FAC1 address=2004 value=02 state394=88 state395=88
f=347 sl=-01 pc=FAC1 address=2004 value=A3 state394=88 state395=88
f=347 sl=-01 pc=FAC1 address=2004 value=3B state394=88 state395=88
f=347 sl=-01 pc=FAC1 address=2004 value=2A state394=88 state395=88
f=347 sl=-01 pc=FAC1 address=2004 value=02 state394=88 state395=88
f=347 sl=-01 pc=FAC1 address=2004 value=8C state394=88 state395=88
f=347 sl=-01 pc=FAC1 address=2004 value=52 state394=88 state395=88
f=347 sl=-01 pc=FAC1 address=2004 value=20 state394=88 state395=88
f=347 sl=-01 pc=FAC1 address=2004 value=00 state394=88 state395=88
f=347 sl=-01 pc=FAC1 address=2004 value=B4 state394=88 state395=88
f=347 sl=-01 pc=FAC1 address=2004 value=63 state394=88 state395=88
f=347 sl=-01 pc=FAC1 address=2004 value=26 state394=88 state395=88
f=347 sl=-01 pc=FAC1 address=2004 value=00 state394=88 state395=88
f=347 sl=-01 pc=FAC1 address=2004 value=1A state394=88 state395=88
f=347 sl=-01 pc=FAC1 address=2004 value=4C state394=88 state395=88
f=347 sl=-01 pc=FAC1 address=2004 value=39 state394=88 state395=88
f=347 sl=-01 pc=FAC1 address=2004 value=02 state394=88 state395=88
f=347 sl=-01 pc=FAC1 address=2004 value=AB state394=88 state395=88
f=347 sl=-01 pc=FAC1 address=2004 value=31 state394=88 state395=88
f=347 sl=-01 pc=FAC1 address=2004 value=2E state394=88 state395=88
f=347 sl=-01 pc=FAC1 address=2004 value=02 state394=88 state395=88
f=347 sl=-01 pc=FAC1 address=2004 value=98 state394=88 state395=88
f=347 sl=-01 pc=FAC1 address=2004 value=42 state394=88 state395=88
f=347 sl=-01 pc=FAC1 address=2004 value=1B state394=88 state395=88
f=347 sl=-01 pc=FAC1 address=2004 value=40 state394=88 state395=88
f=347 sl=-01 pc=FAC1 address=2004 value=C4 state394=88 state395=88
f=347 sl=-01 pc=FAC1 address=2004 value=3A state394=88 state395=88
f=347 sl=-01 pc=FAC1 address=2004 value=19 state394=88 state395=88
f=347 sl=-01 pc=FAC1 address=2004 value=00 state394=88 state395=88
f=347 sl=-01 pc=FAC1 address=2004 value=AC state394=88 state395=88
f=347 sl=-01 pc=FAC1 address=2004 value=39 state394=88 state395=88
f=347 sl=-01 pc=FAC1 address=2004 value=3D state394=88 state395=88
f=347 sl=-01 pc=FAC1 address=2004 value=02 state394=88 state395=88
f=347 sl=-01 pc=FAC1 address=2004 value=C8 state394=88 state395=88
f=347 sl=-01 pc=FAC1 address=2004 value=32 state394=88 state395=88
f=347 sl=-01 pc=FAC1 address=2004 value=32 state394=88 state395=88
f=347 sl=-01 pc=FAC1 address=2004 value=02 state394=88 state395=88
f=347 sl=-01 pc=FAC1 address=2004 value=A0 state394=88 state395=88
f=347 sl=-01 pc=FAC1 address=2004 value=52 state394=88 state395=88
f=347 sl=-01 pc=FAC1 address=2004 value=1F state394=88 state395=88
f=347 sl=-01 pc=FAC1 address=2004 value=40 state394=88 state395=88
f=347 sl=-01 pc=FAC1 address=2004 value=C4 state394=88 state395=88
f=347 sl=-01 pc=FAC1 address=2004 value=4A state394=88 state395=88
f=347 sl=-01 pc=FAC1 address=2004 value=1D state394=88 state395=88
f=347 sl=-01 pc=FAC1 address=2004 value=00 state394=88 state395=88
f=347 sl=-01 pc=FAC1 address=2004 value=AC state394=88 state395=88
f=347 sl=-01 pc=FAC1 address=2004 value=5B state394=88 state395=88
f=347 sl=-01 pc=FAC1 address=2004 value=23 state394=88 state395=88
f=347 sl=-01 pc=FAC1 address=2004 value=00 state394=88 state395=88
f=347 sl=-01 pc=FAC1 address=2004 value=1A state394=88 state395=88
f=347 sl=-01 pc=FAC1 address=2004 value=2C state394=88 state395=88
f=347 sl=-01 pc=FAC1 address=2004 value=36 state394=88 state395=88
f=347 sl=-01 pc=FAC1 address=2004 value=02 state394=88 state395=88
f=347 sl=-01 pc=FAC1 address=2004 value=A8 state394=88 state395=88
f=347 sl=-01 pc=FAC1 address=4014 value=02 state394=88 state395=88
f=347 sl=-01 pc=D084 address=2000 value=89 state394=88 state395=88
f=347 sl=-01 pc=FACB address=2001 value=1E state394=88 state395=88
f=347 sl=-01 pc=FA0B address=2000 value=89 state394=88 state395=88
f=347 sl=-01 pc=F900 address=2000 value=88 state394=88 state395=88
f=347 sl=-01 pc=F900 address=2000 value=88 state394=88 state395=88
f=348 sl=-01 pc=FABC address=2003 value=00 state394=88 state395=88
f=348 sl=-01 pc=FAC1 address=2004 value=B7 state394=88 state395=88
f=348 sl=-01 pc=FAC1 address=2004 value=A0 state394=88 state395=88
f=348 sl=-01 pc=FAC1 address=2004 value=01 state394=88 state395=88
f=348 sl=-01 pc=FAC1 address=2004 value=10 state394=88 state395=88
f=348 sl=-01 pc=FAC1 address=2004 value=B7 state394=88 state395=88
f=348 sl=-01 pc=FAC1 address=2004 value=A1 state394=88 state395=88
f=348 sl=-01 pc=FAC1 address=2004 value=01 state394=88 state395=88
f=348 sl=-01 pc=FAC1 address=2004 value=18 state394=88 state395=88
f=348 sl=-01 pc=FAC1 address=2004 value=B7 state394=88 state395=88
f=348 sl=-01 pc=FAC1 address=2004 value=A2 state394=88 state395=88
f=348 sl=-01 pc=FAC1 address=2004 value=01 state394=88 state395=88
f=348 sl=-01 pc=FAC1 address=2004 value=20 state394=88 state395=88
f=348 sl=-01 pc=FAC1 address=2004 value=B7 state394=88 state395=88
f=348 sl=-01 pc=FAC1 address=2004 value=A3 state394=88 state395=88
f=348 sl=-01 pc=FAC1 address=2004 value=01 state394=88 state395=88
f=348 sl=-01 pc=FAC1 address=2004 value=28 state394=88 state395=88
f=348 sl=-01 pc=FAC1 address=2004 value=BF state394=88 state395=88
f=348 sl=-01 pc=FAC1 address=2004 value=A4 state394=88 state395=88
f=348 sl=-01 pc=FAC1 address=2004 value=01 state394=88 state395=88
f=348 sl=-01 pc=FAC1 address=2004 value=10 state394=88 state395=88
f=348 sl=-01 pc=FAC1 address=2004 value=BF state394=88 state395=88
f=348 sl=-01 pc=FAC1 address=2004 value=A5 state394=88 state395=88
f=348 sl=-01 pc=FAC1 address=2004 value=01 state394=88 state395=88
f=348 sl=-01 pc=FAC1 address=2004 value=18 state394=88 state395=88
f=348 sl=-01 pc=FAC1 address=2004 value=BF state394=88 state395=88
f=348 sl=-01 pc=FAC1 address=2004 value=A6 state394=88 state395=88
f=348 sl=-01 pc=FAC1 address=2004 value=01 state394=88 state395=88
f=348 sl=-01 pc=FAC1 address=2004 value=20 state394=88 state395=88
f=348 sl=-01 pc=FAC1 address=2004 value=BF state394=88 state395=88
f=348 sl=-01 pc=FAC1 address=2004 value=A7 state394=88 state395=88
f=348 sl=-01 pc=FAC1 address=2004 value=01 state394=88 state395=88
f=348 sl=-01 pc=FAC1 address=2004 value=28 state394=88 state395=88
f=348 sl=-01 pc=FAC1 address=2004 value=C7 state394=88 state395=88
f=348 sl=-01 pc=FAC1 address=2004 value=A8 state394=88 state395=88
f=348 sl=-01 pc=FAC1 address=2004 value=01 state394=88 state395=88
f=348 sl=-01 pc=FAC1 address=2004 value=10 state394=88 state395=88
f=348 sl=-01 pc=FAC1 address=2004 value=C7 state394=88 state395=88
f=348 sl=-01 pc=FAC1 address=2004 value=A9 state394=88 state395=88
f=348 sl=-01 pc=FAC1 address=2004 value=01 state394=88 state395=88
f=348 sl=-01 pc=FAC1 address=2004 value=18 state394=88 state395=88
f=348 sl=-01 pc=FAC1 address=2004 value=C7 state394=88 state395=88
f=348 sl=-01 pc=FAC1 address=2004 value=AA state394=88 state395=88
f=348 sl=-01 pc=FAC1 address=2004 value=01 state394=88 state395=88
f=348 sl=-01 pc=FAC1 address=2004 value=20 state394=88 state395=88
f=348 sl=-01 pc=FAC1 address=2004 value=C7 state394=88 state395=88
f=348 sl=-01 pc=FAC1 address=2004 value=AB state394=88 state395=88
f=348 sl=-01 pc=FAC1 address=2004 value=01 state394=88 state395=88
f=348 sl=-01 pc=FAC1 address=2004 value=28 state394=88 state395=88
f=348 sl=-01 pc=FAC1 address=2004 value=CF state394=88 state395=88
f=348 sl=-01 pc=FAC1 address=2004 value=AC state394=88 state395=88
f=348 sl=-01 pc=FAC1 address=2004 value=01 state394=88 state395=88
f=348 sl=-01 pc=FAC1 address=2004 value=10 state394=88 state395=88
f=348 sl=-01 pc=FAC1 address=2004 value=CF state394=88 state395=88
f=348 sl=-01 pc=FAC1 address=2004 value=AD state394=88 state395=88
f=348 sl=-01 pc=FAC1 address=2004 value=01 state394=88 state395=88
f=348 sl=-01 pc=FAC1 address=2004 value=18 state394=88 state395=88
f=348 sl=-01 pc=FAC1 address=2004 value=CF state394=88 state395=88
f=348 sl=-01 pc=FAC1 address=2004 value=AE state394=88 state395=88
f=348 sl=-01 pc=FAC1 address=2004 value=01 state394=88 state395=88
f=348 sl=-01 pc=FAC1 address=2004 value=20 state394=88 state395=88
f=348 sl=-01 pc=FAC1 address=2004 value=CF state394=88 state395=88
f=348 sl=-01 pc=FAC1 address=2004 value=AF state394=88 state395=88
f=348 sl=-01 pc=FAC1 address=2004 value=01 state394=88 state395=88
f=348 sl=-01 pc=FAC1 address=2004 value=28 state394=88 state395=88
f=348 sl=-01 pc=FAC1 address=2004 value=3B state394=88 state395=88
f=348 sl=-01 pc=FAC1 address=2004 value=2A state394=88 state395=88
f=348 sl=-01 pc=FAC1 address=2004 value=02 state394=88 state395=88
f=348 sl=-01 pc=FAC1 address=2004 value=8C state394=88 state395=88
f=348 sl=-01 pc=FAC1 address=2004 value=3F state394=88 state395=88
f=348 sl=-01 pc=FAC1 address=2004 value=21 state394=88 state395=88
f=348 sl=-01 pc=FAC1 address=2004 value=00 state394=88 state395=88
f=348 sl=-01 pc=FAC1 address=2004 value=B0 state394=88 state395=88
f=348 sl=-01 pc=FAC1 address=2004 value=66 state394=88 state395=88
f=348 sl=-01 pc=FAC1 address=2004 value=16 state394=88 state395=88
f=348 sl=-01 pc=FAC1 address=2004 value=00 state394=88 state395=88
f=348 sl=-01 pc=FAC1 address=2004 value=0C state394=88 state395=88
f=348 sl=-01 pc=FAC1 address=2004 value=4C state394=88 state395=88
f=348 sl=-01 pc=FAC1 address=2004 value=39 state394=88 state395=88
f=348 sl=-01 pc=FAC1 address=2004 value=02 state394=88 state395=88
f=348 sl=-01 pc=FAC1 address=2004 value=AB state394=88 state395=88
f=348 sl=-01 pc=FAC1 address=2004 value=31 state394=88 state395=88
f=348 sl=-01 pc=FAC1 address=2004 value=2E state394=88 state395=88
f=348 sl=-01 pc=FAC1 address=2004 value=02 state394=88 state395=88
f=348 sl=-01 pc=FAC1 address=2004 value=98 state394=88 state395=88
f=348 sl=-01 pc=FAC1 address=2004 value=47 state394=88 state395=88
f=348 sl=-01 pc=FAC1 address=2004 value=25 state394=88 state395=88
f=348 sl=-01 pc=FAC1 address=2004 value=00 state394=88 state395=88
f=348 sl=-01 pc=FAC1 address=2004 value=B8 state394=88 state395=88
f=348 sl=-01 pc=FAC1 address=2004 value=56 state394=88 state395=88
f=348 sl=-01 pc=FAC1 address=2004 value=11 state394=88 state395=88
f=348 sl=-01 pc=FAC1 address=2004 value=40 state394=88 state395=88
f=348 sl=-01 pc=FAC1 address=2004 value=1C state394=88 state395=88
f=348 sl=-01 pc=FAC1 address=2004 value=39 state394=88 state395=88
f=348 sl=-01 pc=FAC1 address=2004 value=3D state394=88 state395=88
f=348 sl=-01 pc=FAC1 address=2004 value=02 state394=88 state395=88
f=348 sl=-01 pc=FAC1 address=2004 value=C8 state394=88 state395=88
f=348 sl=-01 pc=FAC1 address=2004 value=32 state394=88 state395=88
f=348 sl=-01 pc=FAC1 address=2004 value=32 state394=88 state395=88
f=348 sl=-01 pc=FAC1 address=2004 value=02 state394=88 state395=88
f=348 sl=-01 pc=FAC1 address=2004 value=A0 state394=88 state395=88
f=348 sl=-01 pc=FAC1 address=2004 value=4F state394=88 state395=88
f=348 sl=-01 pc=FAC1 address=2004 value=29 state394=88 state395=88
f=348 sl=-01 pc=FAC1 address=2004 value=00 state394=88 state395=88
f=348 sl=-01 pc=FAC1 address=2004 value=C0 state394=88 state395=88
f=348 sl=-01 pc=FAC1 address=2004 value=66 state394=88 state395=88
f=348 sl=-01 pc=FAC1 address=2004 value=15 state394=88 state395=88
f=348 sl=-01 pc=FAC1 address=2004 value=40 state394=88 state395=88
f=348 sl=-01 pc=FAC1 address=2004 value=1C state394=88 state395=88
f=348 sl=-01 pc=FAC1 address=2004 value=5E state394=88 state395=88
f=348 sl=-01 pc=FAC1 address=2004 value=13 state394=88 state395=88
f=348 sl=-01 pc=FAC1 address=2004 value=00 state394=88 state395=88
f=348 sl=-01 pc=FAC1 address=2004 value=04 state394=88 state395=88
f=348 sl=-01 pc=FAC1 address=2004 value=2C state394=88 state395=88
f=348 sl=-01 pc=FAC1 address=2004 value=36 state394=88 state395=88
f=348 sl=-01 pc=FAC1 address=2004 value=02 state394=88 state395=88
f=348 sl=-01 pc=FAC1 address=2004 value=A8 state394=88 state395=88
f=348 sl=-01 pc=FAC1 address=2004 value=2C state394=88 state395=88
f=348 sl=-01 pc=FAC1 address=2004 value=2B state394=88 state395=88
f=348 sl=-01 pc=FAC1 address=2004 value=02 state394=88 state395=88
f=348 sl=-01 pc=FAC1 address=2004 value=90 state394=88 state395=88
f=348 sl=-01 pc=FAC1 address=2004 value=3F state394=88 state395=88
f=348 sl=-01 pc=FAC1 address=2004 value=22 state394=88 state395=88
f=348 sl=-01 pc=FAC1 address=2004 value=00 state394=88 state395=88
f=348 sl=-01 pc=FAC1 address=2004 value=B8 state394=88 state395=88
f=348 sl=-01 pc=FAC1 address=2004 value=6E state394=88 state395=88
f=348 sl=-01 pc=FAC1 address=2004 value=17 state394=88 state395=88
f=348 sl=-01 pc=FAC1 address=2004 value=00 state394=88 state395=88
f=348 sl=-01 pc=FAC1 address=2004 value=04 state394=88 state395=88
f=348 sl=-01 pc=FAC1 address=2004 value=2E state394=88 state395=88
f=348 sl=-01 pc=FAC1 address=2004 value=3A state394=88 state395=88
f=348 sl=-01 pc=FAC1 address=2004 value=02 state394=88 state395=88
f=348 sl=-01 pc=FAC1 address=2004 value=B0 state394=88 state395=88
f=348 sl=-01 pc=FAC1 address=2004 value=45 state394=88 state395=88
f=348 sl=-01 pc=FAC1 address=2004 value=2F state394=88 state395=88
f=348 sl=-01 pc=FAC1 address=2004 value=02 state394=88 state395=88
f=348 sl=-01 pc=FAC1 address=2004 value=9F state394=88 state395=88
f=348 sl=-01 pc=FAC1 address=2004 value=47 state394=88 state395=88
f=348 sl=-01 pc=FAC1 address=2004 value=26 state394=88 state395=88
f=348 sl=-01 pc=FAC1 address=2004 value=00 state394=88 state395=88
f=348 sl=-01 pc=FAC1 address=2004 value=C0 state394=88 state395=88
f=348 sl=-01 pc=FAC1 address=2004 value=5E state394=88 state395=88
f=348 sl=-01 pc=FAC1 address=2004 value=14 state394=88 state395=88
f=348 sl=-01 pc=FAC1 address=2004 value=40 state394=88 state395=88
f=348 sl=-01 pc=FAC1 address=2004 value=14 state394=88 state395=88
f=348 sl=-01 pc=FAC1 address=2004 value=39 state394=88 state395=88
f=348 sl=-01 pc=FAC1 address=2004 value=3E state394=88 state395=88
f=348 sl=-01 pc=FAC1 address=2004 value=02 state394=88 state395=88
f=348 sl=-01 pc=FAC1 address=2004 value=D0 state394=88 state395=88
f=348 sl=-01 pc=FAC1 address=2004 value=56 state394=88 state395=88
f=348 sl=-01 pc=FAC1 address=2004 value=33 state394=88 state395=88
f=348 sl=-01 pc=FAC1 address=2004 value=02 state394=88 state395=88
f=348 sl=-01 pc=FAC1 address=2004 value=A0 state394=88 state395=88
f=348 sl=-01 pc=FAC1 address=2004 value=72 state394=88 state395=88
f=348 sl=-01 pc=FAC1 address=2004 value=19 state394=88 state395=88
f=348 sl=-01 pc=FAC1 address=2004 value=00 state394=88 state395=88
f=348 sl=-01 pc=FAC1 address=2004 value=95 state394=88 state395=88
f=348 sl=-01 pc=FAC1 address=2004 value=6E state394=88 state395=88
f=348 sl=-01 pc=FAC1 address=2004 value=18 state394=88 state395=88
f=348 sl=-01 pc=FAC1 address=2004 value=40 state394=88 state395=88
f=348 sl=-01 pc=FAC1 address=2004 value=14 state394=88 state395=88
f=348 sl=-01 pc=FAC1 address=2004 value=5E state394=88 state395=88
f=348 sl=-01 pc=FAC1 address=2004 value=14 state394=88 state395=88
f=348 sl=-01 pc=FAC1 address=2004 value=00 state394=88 state395=88
f=348 sl=-01 pc=FAC1 address=2004 value=0C state394=88 state395=88
f=348 sl=-01 pc=FAC1 address=2004 value=34 state394=88 state395=88
f=348 sl=-01 pc=FAC1 address=2004 value=37 state394=88 state395=88
f=348 sl=-01 pc=FAC1 address=2004 value=02 state394=88 state395=88
f=348 sl=-01 pc=FAC1 address=2004 value=AB state394=88 state395=88
f=348 sl=-01 pc=FAC1 address=2004 value=4C state394=88 state395=88
f=348 sl=-01 pc=FAC1 address=2004 value=2C state394=88 state395=88
f=348 sl=-01 pc=FAC1 address=2004 value=02 state394=88 state395=88
f=348 sl=-01 pc=FAC1 address=2004 value=97 state394=88 state395=88
f=348 sl=-01 pc=FAC1 address=2004 value=3F state394=88 state395=88
f=348 sl=-01 pc=FAC1 address=2004 value=23 state394=88 state395=88
f=348 sl=-01 pc=FAC1 address=2004 value=00 state394=88 state395=88
f=348 sl=-01 pc=FAC1 address=2004 value=C0 state394=88 state395=88
f=348 sl=-01 pc=FAC1 address=2004 value=6E state394=88 state395=88
f=348 sl=-01 pc=FAC1 address=2004 value=18 state394=88 state395=88
f=348 sl=-01 pc=FAC1 address=2004 value=00 state394=88 state395=88
f=348 sl=-01 pc=FAC1 address=2004 value=0C state394=88 state395=88
f=348 sl=-01 pc=FAC1 address=2004 value=37 state394=88 state395=88
f=348 sl=-01 pc=FAC1 address=2004 value=3B state394=88 state395=88
f=348 sl=-01 pc=FAC1 address=2004 value=02 state394=88 state395=88
f=348 sl=-01 pc=FAC1 address=2004 value=C6 state394=88 state395=88
f=348 sl=-01 pc=FAC1 address=2004 value=4D state394=88 state395=88
f=348 sl=-01 pc=FAC1 address=2004 value=30 state394=88 state395=88
f=348 sl=-01 pc=FAC1 address=2004 value=02 state394=88 state395=88
f=348 sl=-01 pc=FAC1 address=2004 value=9F state394=88 state395=88
f=348 sl=-01 pc=FAC1 address=2004 value=4F state394=88 state395=88
f=348 sl=-01 pc=FAC1 address=2004 value=27 state394=88 state395=88
f=348 sl=-01 pc=FAC1 address=2004 value=00 state394=88 state395=88
f=348 sl=-01 pc=FAC1 address=2004 value=B0 state394=88 state395=88
f=348 sl=-01 pc=FAC1 address=2004 value=5E state394=88 state395=88
f=348 sl=-01 pc=FAC1 address=2004 value=13 state394=88 state395=88
f=348 sl=-01 pc=FAC1 address=2004 value=40 state394=88 state395=88
f=348 sl=-01 pc=FAC1 address=2004 value=1C state394=88 state395=88
f=348 sl=-01 pc=FAC1 address=2004 value=56 state394=88 state395=88
f=348 sl=-01 pc=FAC1 address=2004 value=11 state394=88 state395=88
f=348 sl=-01 pc=FAC1 address=2004 value=00 state394=88 state395=88
f=348 sl=-01 pc=FAC1 address=2004 value=04 state394=88 state395=88
f=348 sl=-01 pc=FAC1 address=2004 value=3C state394=88 state395=88
f=348 sl=-01 pc=FAC1 address=2004 value=34 state394=88 state395=88
f=348 sl=-01 pc=FAC1 address=2004 value=02 state394=88 state395=88
f=348 sl=-01 pc=FAC1 address=2004 value=A3 state394=88 state395=88
f=348 sl=-01 pc=FAC1 address=2004 value=72 state394=88 state395=88
f=348 sl=-01 pc=FAC1 address=2004 value=1A state394=88 state395=88
f=348 sl=-01 pc=FAC1 address=2004 value=00 state394=88 state395=88
f=348 sl=-01 pc=FAC1 address=2004 value=9D state394=88 state395=88
f=348 sl=-01 pc=FAC1 address=2004 value=6E state394=88 state395=88
f=348 sl=-01 pc=FAC1 address=2004 value=17 state394=88 state395=88
f=348 sl=-01 pc=FAC1 address=2004 value=40 state394=88 state395=88
f=348 sl=-01 pc=FAC1 address=2004 value=1C state394=88 state395=88
f=348 sl=-01 pc=FAC1 address=2004 value=66 state394=88 state395=88
f=348 sl=-01 pc=FAC1 address=2004 value=15 state394=88 state395=88
f=348 sl=-01 pc=FAC1 address=2004 value=00 state394=88 state395=88
f=348 sl=-01 pc=FAC1 address=2004 value=04 state394=88 state395=88
f=348 sl=-01 pc=FAC1 address=2004 value=3C state394=88 state395=88
f=348 sl=-01 pc=FAC1 address=2004 value=38 state394=88 state395=88
f=348 sl=-01 pc=FAC1 address=2004 value=02 state394=88 state395=88
f=348 sl=-01 pc=FAC1 address=2004 value=AB state394=88 state395=88
f=348 sl=-01 pc=FAC1 address=2004 value=29 state394=88 state395=88
f=348 sl=-01 pc=FAC1 address=2004 value=2D state394=88 state395=88
f=348 sl=-01 pc=FAC1 address=2004 value=02 state394=88 state395=88
f=348 sl=-01 pc=FAC1 address=2004 value=98 state394=88 state395=88
f=348 sl=-01 pc=FAC1 address=2004 value=47 state394=88 state395=88
f=348 sl=-01 pc=FAC1 address=2004 value=24 state394=88 state395=88
f=348 sl=-01 pc=FAC1 address=2004 value=00 state394=88 state395=88
f=348 sl=-01 pc=FAC1 address=2004 value=B0 state394=88 state395=88
f=348 sl=-01 pc=FAC1 address=2004 value=56 state394=88 state395=88
f=348 sl=-01 pc=FAC1 address=2004 value=12 state394=88 state395=88
f=348 sl=-01 pc=FAC1 address=2004 value=40 state394=88 state395=88
f=348 sl=-01 pc=FAC1 address=2004 value=14 state394=88 state395=88
f=348 sl=-01 pc=FAC1 address=2004 value=38 state394=88 state395=88
f=348 sl=-01 pc=FAC1 address=2004 value=3C state394=88 state395=88
f=348 sl=-01 pc=FAC1 address=2004 value=02 state394=88 state395=88
f=348 sl=-01 pc=FAC1 address=2004 value=C7 state394=88 state395=88
f=348 sl=-01 pc=FAC1 address=2004 value=2A state394=88 state395=88
f=348 sl=-01 pc=FAC1 address=2004 value=31 state394=88 state395=88
f=348 sl=-01 pc=FAC1 address=2004 value=02 state394=88 state395=88
f=348 sl=-01 pc=FAC1 address=2004 value=A0 state394=88 state395=88
f=348 sl=-01 pc=FAC1 address=2004 value=4F state394=88 state395=88
f=348 sl=-01 pc=FAC1 address=2004 value=28 state394=88 state395=88
f=348 sl=-01 pc=FAC1 address=2004 value=00 state394=88 state395=88
f=348 sl=-01 pc=FAC1 address=2004 value=B8 state394=88 state395=88
f=348 sl=-01 pc=FAC1 address=2004 value=66 state394=88 state395=88
f=348 sl=-01 pc=FAC1 address=2004 value=16 state394=88 state395=88
f=348 sl=-01 pc=FAC1 address=2004 value=40 state394=88 state395=88
f=348 sl=-01 pc=FAC1 address=2004 value=14 state394=88 state395=88
f=348 sl=-01 pc=FAC1 address=2004 value=56 state394=88 state395=88
f=348 sl=-01 pc=FAC1 address=2004 value=12 state394=88 state395=88
f=348 sl=-01 pc=FAC1 address=2004 value=00 state394=88 state395=88
f=348 sl=-01 pc=FAC1 address=2004 value=0C state394=88 state395=88
f=348 sl=-01 pc=FAC1 address=2004 value=44 state394=88 state395=88
f=348 sl=-01 pc=FAC1 address=2004 value=35 state394=88 state395=88
f=348 sl=-01 pc=FAC1 address=2004 value=02 state394=88 state395=88
f=348 sl=-01 pc=FAC1 address=2004 value=A3 state394=88 state395=88
f=348 sl=-01 pc=FAC1 address=4014 value=02 state394=88 state395=88
f=348 sl=-01 pc=D084 address=2000 value=89 state394=88 state395=88
f=348 sl=-01 pc=FACB address=2001 value=1E state394=88 state395=88
f=348 sl=-01 pc=FA0B address=2000 value=89 state394=88 state395=88
f=348 sl=-01 pc=F900 address=2000 value=88 state394=88 state395=88
f=348 sl=-01 pc=F900 address=2000 value=88 state394=88 state395=88
f=349 sl=-01 pc=FABC address=2003 value=00 state394=88 state395=88
f=349 sl=-01 pc=FAC1 address=2004 value=B7 state394=88 state395=88
f=349 sl=-01 pc=FAC1 address=2004 value=A0 state394=88 state395=88
f=349 sl=-01 pc=FAC1 address=2004 value=01 state394=88 state395=88
f=349 sl=-01 pc=FAC1 address=2004 value=10 state394=88 state395=88
f=349 sl=-01 pc=FAC1 address=2004 value=B7 state394=88 state395=88
f=349 sl=-01 pc=FAC1 address=2004 value=A1 state394=88 state395=88
f=349 sl=-01 pc=FAC1 address=2004 value=01 state394=88 state395=88
f=349 sl=-01 pc=FAC1 address=2004 value=18 state394=88 state395=88
f=349 sl=-01 pc=FAC1 address=2004 value=B7 state394=88 state395=88
f=349 sl=-01 pc=FAC1 address=2004 value=A2 state394=88 state395=88
f=349 sl=-01 pc=FAC1 address=2004 value=01 state394=88 state395=88
f=349 sl=-01 pc=FAC1 address=2004 value=20 state394=88 state395=88
f=349 sl=-01 pc=FAC1 address=2004 value=B7 state394=88 state395=88
f=349 sl=-01 pc=FAC1 address=2004 value=A3 state394=88 state395=88
f=349 sl=-01 pc=FAC1 address=2004 value=01 state394=88 state395=88
f=349 sl=-01 pc=FAC1 address=2004 value=28 state394=88 state395=88
f=349 sl=-01 pc=FAC1 address=2004 value=BF state394=88 state395=88
f=349 sl=-01 pc=FAC1 address=2004 value=A4 state394=88 state395=88
f=349 sl=-01 pc=FAC1 address=2004 value=01 state394=88 state395=88
f=349 sl=-01 pc=FAC1 address=2004 value=10 state394=88 state395=88
f=349 sl=-01 pc=FAC1 address=2004 value=BF state394=88 state395=88
f=349 sl=-01 pc=FAC1 address=2004 value=A5 state394=88 state395=88
f=349 sl=-01 pc=FAC1 address=2004 value=01 state394=88 state395=88
f=349 sl=-01 pc=FAC1 address=2004 value=18 state394=88 state395=88
f=349 sl=-01 pc=FAC1 address=2004 value=BF state394=88 state395=88
f=349 sl=-01 pc=FAC1 address=2004 value=A6 state394=88 state395=88
f=349 sl=-01 pc=FAC1 address=2004 value=01 state394=88 state395=88
f=349 sl=-01 pc=FAC1 address=2004 value=20 state394=88 state395=88
f=349 sl=-01 pc=FAC1 address=2004 value=BF state394=88 state395=88
f=349 sl=-01 pc=FAC1 address=2004 value=A7 state394=88 state395=88
f=349 sl=-01 pc=FAC1 address=2004 value=01 state394=88 state395=88
f=349 sl=-01 pc=FAC1 address=2004 value=28 state394=88 state395=88
f=349 sl=-01 pc=FAC1 address=2004 value=C7 state394=88 state395=88
f=349 sl=-01 pc=FAC1 address=2004 value=A8 state394=88 state395=88
f=349 sl=-01 pc=FAC1 address=2004 value=01 state394=88 state395=88
f=349 sl=-01 pc=FAC1 address=2004 value=10 state394=88 state395=88
f=349 sl=-01 pc=FAC1 address=2004 value=C7 state394=88 state395=88
f=349 sl=-01 pc=FAC1 address=2004 value=A9 state394=88 state395=88
f=349 sl=-01 pc=FAC1 address=2004 value=01 state394=88 state395=88
f=349 sl=-01 pc=FAC1 address=2004 value=18 state394=88 state395=88
f=349 sl=-01 pc=FAC1 address=2004 value=C7 state394=88 state395=88
f=349 sl=-01 pc=FAC1 address=2004 value=AA state394=88 state395=88
f=349 sl=-01 pc=FAC1 address=2004 value=01 state394=88 state395=88
f=349 sl=-01 pc=FAC1 address=2004 value=20 state394=88 state395=88
f=349 sl=-01 pc=FAC1 address=2004 value=C7 state394=88 state395=88
f=349 sl=-01 pc=FAC1 address=2004 value=AB state394=88 state395=88
f=349 sl=-01 pc=FAC1 address=2004 value=01 state394=88 state395=88
f=349 sl=-01 pc=FAC1 address=2004 value=28 state394=88 state395=88
f=349 sl=-01 pc=FAC1 address=2004 value=CF state394=88 state395=88
f=349 sl=-01 pc=FAC1 address=2004 value=AC state394=88 state395=88
f=349 sl=-01 pc=FAC1 address=2004 value=01 state394=88 state395=88
f=349 sl=-01 pc=FAC1 address=2004 value=10 state394=88 state395=88
f=349 sl=-01 pc=FAC1 address=2004 value=CF state394=88 state395=88
f=349 sl=-01 pc=FAC1 address=2004 value=AD state394=88 state395=88
f=349 sl=-01 pc=FAC1 address=2004 value=01 state394=88 state395=88
f=349 sl=-01 pc=FAC1 address=2004 value=18 state394=88 state395=88
f=349 sl=-01 pc=FAC1 address=2004 value=CF state394=88 state395=88
f=349 sl=-01 pc=FAC1 address=2004 value=AE state394=88 state395=88
f=349 sl=-01 pc=FAC1 address=2004 value=01 state394=88 state395=88
f=349 sl=-01 pc=FAC1 address=2004 value=20 state394=88 state395=88
f=349 sl=-01 pc=FAC1 address=2004 value=CF state394=88 state395=88
f=349 sl=-01 pc=FAC1 address=2004 value=AF state394=88 state395=88
f=349 sl=-01 pc=FAC1 address=2004 value=01 state394=88 state395=88
f=349 sl=-01 pc=FAC1 address=2004 value=28 state394=88 state395=88
f=349 sl=-01 pc=FAC1 address=2004 value=72 state394=88 state395=88
f=349 sl=-01 pc=FAC1 address=2004 value=1A state394=88 state395=88
f=349 sl=-01 pc=FAC1 address=2004 value=00 state394=88 state395=88
f=349 sl=-01 pc=FAC1 address=2004 value=9D state394=88 state395=88
f=349 sl=-01 pc=FAC1 address=2004 value=6E state394=88 state395=88
f=349 sl=-01 pc=FAC1 address=2004 value=17 state394=88 state395=88
f=349 sl=-01 pc=FAC1 address=2004 value=40 state394=88 state395=88
f=349 sl=-01 pc=FAC1 address=2004 value=1C state394=88 state395=88
f=349 sl=-01 pc=FAC1 address=2004 value=66 state394=88 state395=88
f=349 sl=-01 pc=FAC1 address=2004 value=15 state394=88 state395=88
f=349 sl=-01 pc=FAC1 address=2004 value=00 state394=88 state395=88
f=349 sl=-01 pc=FAC1 address=2004 value=04 state394=88 state395=88
f=349 sl=-01 pc=FAC1 address=2004 value=3C state394=88 state395=88
f=349 sl=-01 pc=FAC1 address=2004 value=38 state394=88 state395=88
f=349 sl=-01 pc=FAC1 address=2004 value=02 state394=88 state395=88
f=349 sl=-01 pc=FAC1 address=2004 value=AB state394=88 state395=88
f=349 sl=-01 pc=FAC1 address=2004 value=29 state394=88 state395=88
f=349 sl=-01 pc=FAC1 address=2004 value=2D state394=88 state395=88
f=349 sl=-01 pc=FAC1 address=2004 value=02 state394=88 state395=88
f=349 sl=-01 pc=FAC1 address=2004 value=98 state394=88 state395=88
f=349 sl=-01 pc=FAC1 address=2004 value=47 state394=88 state395=88
f=349 sl=-01 pc=FAC1 address=2004 value=24 state394=88 state395=88
f=349 sl=-01 pc=FAC1 address=2004 value=00 state394=88 state395=88
f=349 sl=-01 pc=FAC1 address=2004 value=B0 state394=88 state395=88
f=349 sl=-01 pc=FAC1 address=2004 value=56 state394=88 state395=88
f=349 sl=-01 pc=FAC1 address=2004 value=12 state394=88 state395=88
f=349 sl=-01 pc=FAC1 address=2004 value=40 state394=88 state395=88
f=349 sl=-01 pc=FAC1 address=2004 value=14 state394=88 state395=88
f=349 sl=-01 pc=FAC1 address=2004 value=38 state394=88 state395=88
f=349 sl=-01 pc=FAC1 address=2004 value=3C state394=88 state395=88
f=349 sl=-01 pc=FAC1 address=2004 value=02 state394=88 state395=88
f=349 sl=-01 pc=FAC1 address=2004 value=C7 state394=88 state395=88
f=349 sl=-01 pc=FAC1 address=2004 value=2A state394=88 state395=88
f=349 sl=-01 pc=FAC1 address=2004 value=31 state394=88 state395=88
f=349 sl=-01 pc=FAC1 address=2004 value=02 state394=88 state395=88
f=349 sl=-01 pc=FAC1 address=2004 value=A0 state394=88 state395=88
f=349 sl=-01 pc=FAC1 address=2004 value=4F state394=88 state395=88
f=349 sl=-01 pc=FAC1 address=2004 value=28 state394=88 state395=88
f=349 sl=-01 pc=FAC1 address=2004 value=00 state394=88 state395=88
f=349 sl=-01 pc=FAC1 address=2004 value=B8 state394=88 state395=88
f=349 sl=-01 pc=FAC1 address=2004 value=66 state394=88 state395=88
f=349 sl=-01 pc=FAC1 address=2004 value=16 state394=88 state395=88
f=349 sl=-01 pc=FAC1 address=2004 value=40 state394=88 state395=88
f=349 sl=-01 pc=FAC1 address=2004 value=14 state394=88 state395=88
f=349 sl=-01 pc=FAC1 address=2004 value=56 state394=88 state395=88
f=349 sl=-01 pc=FAC1 address=2004 value=12 state394=88 state395=88
f=349 sl=-01 pc=FAC1 address=2004 value=00 state394=88 state395=88
f=349 sl=-01 pc=FAC1 address=2004 value=0C state394=88 state395=88
f=349 sl=-01 pc=FAC1 address=2004 value=44 state394=88 state395=88
f=349 sl=-01 pc=FAC1 address=2004 value=35 state394=88 state395=88
f=349 sl=-01 pc=FAC1 address=2004 value=02 state394=88 state395=88
f=349 sl=-01 pc=FAC1 address=2004 value=A3 state394=88 state395=88
f=349 sl=-01 pc=FAC1 address=2004 value=3B state394=88 state395=88
f=349 sl=-01 pc=FAC1 address=2004 value=2A state394=88 state395=88
f=349 sl=-01 pc=FAC1 address=2004 value=02 state394=88 state395=88
f=349 sl=-01 pc=FAC1 address=2004 value=8C state394=88 state395=88
f=349 sl=-01 pc=FAC1 address=2004 value=3F state394=88 state395=88
f=349 sl=-01 pc=FAC1 address=2004 value=21 state394=88 state395=88
f=349 sl=-01 pc=FAC1 address=2004 value=00 state394=88 state395=88
f=349 sl=-01 pc=FAC1 address=2004 value=B0 state394=88 state395=88
f=349 sl=-01 pc=FAC1 address=2004 value=66 state394=88 state395=88
f=349 sl=-01 pc=FAC1 address=2004 value=16 state394=88 state395=88
f=349 sl=-01 pc=FAC1 address=2004 value=00 state394=88 state395=88
f=349 sl=-01 pc=FAC1 address=2004 value=0C state394=88 state395=88
f=349 sl=-01 pc=FAC1 address=2004 value=4C state394=88 state395=88
f=349 sl=-01 pc=FAC1 address=2004 value=39 state394=88 state395=88
f=349 sl=-01 pc=FAC1 address=2004 value=02 state394=88 state395=88
f=349 sl=-01 pc=FAC1 address=2004 value=AB state394=88 state395=88
f=349 sl=-01 pc=FAC1 address=2004 value=31 state394=88 state395=88
f=349 sl=-01 pc=FAC1 address=2004 value=2E state394=88 state395=88
f=349 sl=-01 pc=FAC1 address=2004 value=02 state394=88 state395=88
f=349 sl=-01 pc=FAC1 address=2004 value=98 state394=88 state395=88
f=349 sl=-01 pc=FAC1 address=2004 value=47 state394=88 state395=88
f=349 sl=-01 pc=FAC1 address=2004 value=25 state394=88 state395=88
f=349 sl=-01 pc=FAC1 address=2004 value=00 state394=88 state395=88
f=349 sl=-01 pc=FAC1 address=2004 value=B8 state394=88 state395=88
f=349 sl=-01 pc=FAC1 address=2004 value=56 state394=88 state395=88
f=349 sl=-01 pc=FAC1 address=2004 value=11 state394=88 state395=88
f=349 sl=-01 pc=FAC1 address=2004 value=40 state394=88 state395=88
f=349 sl=-01 pc=FAC1 address=2004 value=1C state394=88 state395=88
f=349 sl=-01 pc=FAC1 address=2004 value=39 state394=88 state395=88
f=349 sl=-01 pc=FAC1 address=2004 value=3D state394=88 state395=88
f=349 sl=-01 pc=FAC1 address=2004 value=02 state394=88 state395=88
f=349 sl=-01 pc=FAC1 address=2004 value=C8 state394=88 state395=88
f=349 sl=-01 pc=FAC1 address=2004 value=32 state394=88 state395=88
f=349 sl=-01 pc=FAC1 address=2004 value=32 state394=88 state395=88
f=349 sl=-01 pc=FAC1 address=2004 value=02 state394=88 state395=88
f=349 sl=-01 pc=FAC1 address=2004 value=A0 state394=88 state395=88
f=349 sl=-01 pc=FAC1 address=2004 value=4F state394=88 state395=88
f=349 sl=-01 pc=FAC1 address=2004 value=29 state394=88 state395=88
f=349 sl=-01 pc=FAC1 address=2004 value=00 state394=88 state395=88
f=349 sl=-01 pc=FAC1 address=2004 value=C0 state394=88 state395=88
f=349 sl=-01 pc=FAC1 address=2004 value=66 state394=88 state395=88
f=349 sl=-01 pc=FAC1 address=2004 value=15 state394=88 state395=88
f=349 sl=-01 pc=FAC1 address=2004 value=40 state394=88 state395=88
f=349 sl=-01 pc=FAC1 address=2004 value=1C state394=88 state395=88
f=349 sl=-01 pc=FAC1 address=2004 value=5E state394=88 state395=88
f=349 sl=-01 pc=FAC1 address=2004 value=13 state394=88 state395=88
f=349 sl=-01 pc=FAC1 address=2004 value=00 state394=88 state395=88
f=349 sl=-01 pc=FAC1 address=2004 value=04 state394=88 state395=88
f=349 sl=-01 pc=FAC1 address=2004 value=2C state394=88 state395=88
f=349 sl=-01 pc=FAC1 address=2004 value=36 state394=88 state395=88
f=349 sl=-01 pc=FAC1 address=2004 value=02 state394=88 state395=88
f=349 sl=-01 pc=FAC1 address=2004 value=A8 state394=88 state395=88
f=349 sl=-01 pc=FAC1 address=2004 value=2C state394=88 state395=88
f=349 sl=-01 pc=FAC1 address=2004 value=2B state394=88 state395=88
f=349 sl=-01 pc=FAC1 address=2004 value=02 state394=88 state395=88
f=349 sl=-01 pc=FAC1 address=2004 value=90 state394=88 state395=88
f=349 sl=-01 pc=FAC1 address=2004 value=3F state394=88 state395=88
f=349 sl=-01 pc=FAC1 address=2004 value=22 state394=88 state395=88
f=349 sl=-01 pc=FAC1 address=2004 value=00 state394=88 state395=88
f=349 sl=-01 pc=FAC1 address=2004 value=B8 state394=88 state395=88
f=349 sl=-01 pc=FAC1 address=2004 value=6E state394=88 state395=88
f=349 sl=-01 pc=FAC1 address=2004 value=17 state394=88 state395=88
f=349 sl=-01 pc=FAC1 address=2004 value=00 state394=88 state395=88
f=349 sl=-01 pc=FAC1 address=2004 value=04 state394=88 state395=88
f=349 sl=-01 pc=FAC1 address=2004 value=2E state394=88 state395=88
f=349 sl=-01 pc=FAC1 address=2004 value=3A state394=88 state395=88
f=349 sl=-01 pc=FAC1 address=2004 value=02 state394=88 state395=88
f=349 sl=-01 pc=FAC1 address=2004 value=B0 state394=88 state395=88
f=349 sl=-01 pc=FAC1 address=2004 value=45 state394=88 state395=88
f=349 sl=-01 pc=FAC1 address=2004 value=2F state394=88 state395=88
f=349 sl=-01 pc=FAC1 address=2004 value=02 state394=88 state395=88
f=349 sl=-01 pc=FAC1 address=2004 value=9F state394=88 state395=88
f=349 sl=-01 pc=FAC1 address=2004 value=47 state394=88 state395=88
f=349 sl=-01 pc=FAC1 address=2004 value=26 state394=88 state395=88
f=349 sl=-01 pc=FAC1 address=2004 value=00 state394=88 state395=88
f=349 sl=-01 pc=FAC1 address=2004 value=C0 state394=88 state395=88
f=349 sl=-01 pc=FAC1 address=2004 value=5E state394=88 state395=88
f=349 sl=-01 pc=FAC1 address=2004 value=14 state394=88 state395=88
f=349 sl=-01 pc=FAC1 address=2004 value=40 state394=88 state395=88
f=349 sl=-01 pc=FAC1 address=2004 value=14 state394=88 state395=88
f=349 sl=-01 pc=FAC1 address=2004 value=39 state394=88 state395=88
f=349 sl=-01 pc=FAC1 address=2004 value=3E state394=88 state395=88
f=349 sl=-01 pc=FAC1 address=2004 value=02 state394=88 state395=88
f=349 sl=-01 pc=FAC1 address=2004 value=D0 state394=88 state395=88
f=349 sl=-01 pc=FAC1 address=2004 value=56 state394=88 state395=88
f=349 sl=-01 pc=FAC1 address=2004 value=33 state394=88 state395=88
f=349 sl=-01 pc=FAC1 address=2004 value=02 state394=88 state395=88
f=349 sl=-01 pc=FAC1 address=2004 value=A0 state394=88 state395=88
f=349 sl=-01 pc=FAC1 address=2004 value=72 state394=88 state395=88
f=349 sl=-01 pc=FAC1 address=2004 value=19 state394=88 state395=88
f=349 sl=-01 pc=FAC1 address=2004 value=00 state394=88 state395=88
f=349 sl=-01 pc=FAC1 address=2004 value=95 state394=88 state395=88
f=349 sl=-01 pc=FAC1 address=2004 value=6E state394=88 state395=88
f=349 sl=-01 pc=FAC1 address=2004 value=18 state394=88 state395=88
f=349 sl=-01 pc=FAC1 address=2004 value=40 state394=88 state395=88
f=349 sl=-01 pc=FAC1 address=2004 value=14 state394=88 state395=88
f=349 sl=-01 pc=FAC1 address=2004 value=5E state394=88 state395=88
f=349 sl=-01 pc=FAC1 address=2004 value=14 state394=88 state395=88
f=349 sl=-01 pc=FAC1 address=2004 value=00 state394=88 state395=88
f=349 sl=-01 pc=FAC1 address=2004 value=0C state394=88 state395=88
f=349 sl=-01 pc=FAC1 address=2004 value=34 state394=88 state395=88
f=349 sl=-01 pc=FAC1 address=2004 value=37 state394=88 state395=88
f=349 sl=-01 pc=FAC1 address=2004 value=02 state394=88 state395=88
f=349 sl=-01 pc=FAC1 address=2004 value=AB state394=88 state395=88
f=349 sl=-01 pc=FAC1 address=2004 value=4C state394=88 state395=88
f=349 sl=-01 pc=FAC1 address=2004 value=2C state394=88 state395=88
f=349 sl=-01 pc=FAC1 address=2004 value=02 state394=88 state395=88
f=349 sl=-01 pc=FAC1 address=2004 value=97 state394=88 state395=88
f=349 sl=-01 pc=FAC1 address=2004 value=3F state394=88 state395=88
f=349 sl=-01 pc=FAC1 address=2004 value=23 state394=88 state395=88
f=349 sl=-01 pc=FAC1 address=2004 value=00 state394=88 state395=88
f=349 sl=-01 pc=FAC1 address=2004 value=C0 state394=88 state395=88
f=349 sl=-01 pc=FAC1 address=2004 value=6E state394=88 state395=88
f=349 sl=-01 pc=FAC1 address=2004 value=18 state394=88 state395=88
f=349 sl=-01 pc=FAC1 address=2004 value=00 state394=88 state395=88
f=349 sl=-01 pc=FAC1 address=2004 value=0C state394=88 state395=88
f=349 sl=-01 pc=FAC1 address=2004 value=37 state394=88 state395=88
f=349 sl=-01 pc=FAC1 address=2004 value=3B state394=88 state395=88
f=349 sl=-01 pc=FAC1 address=2004 value=02 state394=88 state395=88
f=349 sl=-01 pc=FAC1 address=2004 value=C6 state394=88 state395=88
f=349 sl=-01 pc=FAC1 address=2004 value=4D state394=88 state395=88
f=349 sl=-01 pc=FAC1 address=2004 value=30 state394=88 state395=88
f=349 sl=-01 pc=FAC1 address=2004 value=02 state394=88 state395=88
f=349 sl=-01 pc=FAC1 address=2004 value=9F state394=88 state395=88
f=349 sl=-01 pc=FAC1 address=2004 value=4F state394=88 state395=88
f=349 sl=-01 pc=FAC1 address=2004 value=27 state394=88 state395=88
f=349 sl=-01 pc=FAC1 address=2004 value=00 state394=88 state395=88
f=349 sl=-01 pc=FAC1 address=2004 value=B0 state394=88 state395=88
f=349 sl=-01 pc=FAC1 address=2004 value=5E state394=88 state395=88
f=349 sl=-01 pc=FAC1 address=2004 value=13 state394=88 state395=88
f=349 sl=-01 pc=FAC1 address=2004 value=40 state394=88 state395=88
f=349 sl=-01 pc=FAC1 address=2004 value=1C state394=88 state395=88
f=349 sl=-01 pc=FAC1 address=2004 value=56 state394=88 state395=88
f=349 sl=-01 pc=FAC1 address=2004 value=11 state394=88 state395=88
f=349 sl=-01 pc=FAC1 address=2004 value=00 state394=88 state395=88
f=349 sl=-01 pc=FAC1 address=2004 value=04 state394=88 state395=88
f=349 sl=-01 pc=FAC1 address=2004 value=3C state394=88 state395=88
f=349 sl=-01 pc=FAC1 address=2004 value=34 state394=88 state395=88
f=349 sl=-01 pc=FAC1 address=2004 value=02 state394=88 state395=88
f=349 sl=-01 pc=FAC1 address=2004 value=A3 state394=88 state395=88
f=349 sl=-01 pc=FAC1 address=4014 value=02 state394=88 state395=88
f=349 sl=-01 pc=D084 address=2000 value=89 state394=88 state395=88
f=349 sl=-01 pc=FACB address=2001 value=1E state394=88 state395=88
f=349 sl=-01 pc=FA0B address=2000 value=89 state394=88 state395=88
f=349 sl=-01 pc=F900 address=2000 value=88 state394=88 state395=88
f=349 sl=-01 pc=F900 address=2000 value=88 state394=88 state395=88
f=350 sl=-01 pc=FABC address=2003 value=00 state394=88 state395=88
f=350 sl=-01 pc=FAC1 address=2004 value=B7 state394=88 state395=88
f=350 sl=-01 pc=FAC1 address=2004 value=A0 state394=88 state395=88
f=350 sl=-01 pc=FAC1 address=2004 value=01 state394=88 state395=88
f=350 sl=-01 pc=FAC1 address=2004 value=10 state394=88 state395=88
f=350 sl=-01 pc=FAC1 address=2004 value=B7 state394=88 state395=88
f=350 sl=-01 pc=FAC1 address=2004 value=A1 state394=88 state395=88
f=350 sl=-01 pc=FAC1 address=2004 value=01 state394=88 state395=88
f=350 sl=-01 pc=FAC1 address=2004 value=18 state394=88 state395=88
f=350 sl=-01 pc=FAC1 address=2004 value=B7 state394=88 state395=88
f=350 sl=-01 pc=FAC1 address=2004 value=A2 state394=88 state395=88
f=350 sl=-01 pc=FAC1 address=2004 value=01 state394=88 state395=88
f=350 sl=-01 pc=FAC1 address=2004 value=20 state394=88 state395=88
f=350 sl=-01 pc=FAC1 address=2004 value=B7 state394=88 state395=88
f=350 sl=-01 pc=FAC1 address=2004 value=A3 state394=88 state395=88
f=350 sl=-01 pc=FAC1 address=2004 value=01 state394=88 state395=88
f=350 sl=-01 pc=FAC1 address=2004 value=28 state394=88 state395=88
f=350 sl=-01 pc=FAC1 address=2004 value=BF state394=88 state395=88
f=350 sl=-01 pc=FAC1 address=2004 value=A4 state394=88 state395=88
f=350 sl=-01 pc=FAC1 address=2004 value=01 state394=88 state395=88
f=350 sl=-01 pc=FAC1 address=2004 value=10 state394=88 state395=88
f=350 sl=-01 pc=FAC1 address=2004 value=BF state394=88 state395=88
f=350 sl=-01 pc=FAC1 address=2004 value=A5 state394=88 state395=88
f=350 sl=-01 pc=FAC1 address=2004 value=01 state394=88 state395=88
f=350 sl=-01 pc=FAC1 address=2004 value=18 state394=88 state395=88
f=350 sl=-01 pc=FAC1 address=2004 value=BF state394=88 state395=88
f=350 sl=-01 pc=FAC1 address=2004 value=A6 state394=88 state395=88
f=350 sl=-01 pc=FAC1 address=2004 value=01 state394=88 state395=88
f=350 sl=-01 pc=FAC1 address=2004 value=20 state394=88 state395=88
f=350 sl=-01 pc=FAC1 address=2004 value=BF state394=88 state395=88
f=350 sl=-01 pc=FAC1 address=2004 value=A7 state394=88 state395=88
f=350 sl=-01 pc=FAC1 address=2004 value=01 state394=88 state395=88
f=350 sl=-01 pc=FAC1 address=2004 value=28 state394=88 state395=88
f=350 sl=-01 pc=FAC1 address=2004 value=C7 state394=88 state395=88
f=350 sl=-01 pc=FAC1 address=2004 value=A8 state394=88 state395=88
f=350 sl=-01 pc=FAC1 address=2004 value=01 state394=88 state395=88
f=350 sl=-01 pc=FAC1 address=2004 value=10 state394=88 state395=88
f=350 sl=-01 pc=FAC1 address=2004 value=C7 state394=88 state395=88
f=350 sl=-01 pc=FAC1 address=2004 value=A9 state394=88 state395=88
f=350 sl=-01 pc=FAC1 address=2004 value=01 state394=88 state395=88
f=350 sl=-01 pc=FAC1 address=2004 value=18 state394=88 state395=88
f=350 sl=-01 pc=FAC1 address=2004 value=C7 state394=88 state395=88
f=350 sl=-01 pc=FAC1 address=2004 value=AA state394=88 state395=88
f=350 sl=-01 pc=FAC1 address=2004 value=01 state394=88 state395=88
f=350 sl=-01 pc=FAC1 address=2004 value=20 state394=88 state395=88
f=350 sl=-01 pc=FAC1 address=2004 value=C7 state394=88 state395=88
f=350 sl=-01 pc=FAC1 address=2004 value=AB state394=88 state395=88
f=350 sl=-01 pc=FAC1 address=2004 value=01 state394=88 state395=88
f=350 sl=-01 pc=FAC1 address=2004 value=28 state394=88 state395=88
f=350 sl=-01 pc=FAC1 address=2004 value=CF state394=88 state395=88
f=350 sl=-01 pc=FAC1 address=2004 value=AC state394=88 state395=88
f=350 sl=-01 pc=FAC1 address=2004 value=01 state394=88 state395=88
f=350 sl=-01 pc=FAC1 address=2004 value=10 state394=88 state395=88
f=350 sl=-01 pc=FAC1 address=2004 value=CF state394=88 state395=88
f=350 sl=-01 pc=FAC1 address=2004 value=AD state394=88 state395=88
f=350 sl=-01 pc=FAC1 address=2004 value=01 state394=88 state395=88
f=350 sl=-01 pc=FAC1 address=2004 value=18 state394=88 state395=88
f=350 sl=-01 pc=FAC1 address=2004 value=CF state394=88 state395=88
f=350 sl=-01 pc=FAC1 address=2004 value=AE state394=88 state395=88
f=350 sl=-01 pc=FAC1 address=2004 value=01 state394=88 state395=88
f=350 sl=-01 pc=FAC1 address=2004 value=20 state394=88 state395=88
f=350 sl=-01 pc=FAC1 address=2004 value=CF state394=88 state395=88
f=350 sl=-01 pc=FAC1 address=2004 value=AF state394=88 state395=88
f=350 sl=-01 pc=FAC1 address=2004 value=01 state394=88 state395=88
f=350 sl=-01 pc=FAC1 address=2004 value=28 state394=88 state395=88
f=350 sl=-01 pc=FAC1 address=2004 value=3C state394=88 state395=88
f=350 sl=-01 pc=FAC1 address=2004 value=38 state394=88 state395=88
f=350 sl=-01 pc=FAC1 address=2004 value=02 state394=88 state395=88
f=350 sl=-01 pc=FAC1 address=2004 value=AB state394=88 state395=88
f=350 sl=-01 pc=FAC1 address=2004 value=29 state394=88 state395=88
f=350 sl=-01 pc=FAC1 address=2004 value=2D state394=88 state395=88
f=350 sl=-01 pc=FAC1 address=2004 value=02 state394=88 state395=88
f=350 sl=-01 pc=FAC1 address=2004 value=98 state394=88 state395=88
f=350 sl=-01 pc=FAC1 address=2004 value=42 state394=88 state395=88
f=350 sl=-01 pc=FAC1 address=2004 value=14 state394=88 state395=88
f=350 sl=-01 pc=FAC1 address=2004 value=00 state394=88 state395=88
f=350 sl=-01 pc=FAC1 address=2004 value=B2 state394=88 state395=88
f=350 sl=-01 pc=FAC1 address=2004 value=56 state394=88 state395=88
f=350 sl=-01 pc=FAC1 address=2004 value=1A state394=88 state395=88
f=350 sl=-01 pc=FAC1 address=2004 value=40 state394=88 state395=88
f=350 sl=-01 pc=FAC1 address=2004 value=16 state394=88 state395=88
f=350 sl=-01 pc=FAC1 address=2004 value=38 state394=88 state395=88
f=350 sl=-01 pc=FAC1 address=2004 value=3C state394=88 state395=88
f=350 sl=-01 pc=FAC1 address=2004 value=02 state394=88 state395=88
f=350 sl=-01 pc=FAC1 address=2004 value=C7 state394=88 state395=88
f=350 sl=-01 pc=FAC1 address=2004 value=2A state394=88 state395=88
f=350 sl=-01 pc=FAC1 address=2004 value=31 state394=88 state395=88
f=350 sl=-01 pc=FAC1 address=2004 value=02 state394=88 state395=88
f=350 sl=-01 pc=FAC1 address=2004 value=A0 state394=88 state395=88
f=350 sl=-01 pc=FAC1 address=2004 value=52 state394=88 state395=88
f=350 sl=-01 pc=FAC1 address=2004 value=18 state394=88 state395=88
f=350 sl=-01 pc=FAC1 address=2004 value=00 state394=88 state395=88
f=350 sl=-01 pc=FAC1 address=2004 value=B2 state394=88 state395=88
f=350 sl=-01 pc=FAC1 address=2004 value=66 state394=88 state395=88
f=350 sl=-01 pc=FAC1 address=2004 value=1E state394=88 state395=88
f=350 sl=-01 pc=FAC1 address=2004 value=40 state394=88 state395=88
f=350 sl=-01 pc=FAC1 address=2004 value=16 state394=88 state395=88
f=350 sl=-01 pc=FAC1 address=2004 value=56 state394=88 state395=88
f=350 sl=-01 pc=FAC1 address=2004 value=1A state394=88 state395=88
f=350 sl=-01 pc=FAC1 address=2004 value=00 state394=88 state395=88
f=350 sl=-01 pc=FAC1 address=2004 value=0E state394=88 state395=88
f=350 sl=-01 pc=FAC1 address=2004 value=44 state394=88 state395=88
f=350 sl=-01 pc=FAC1 address=2004 value=35 state394=88 state395=88
f=350 sl=-01 pc=FAC1 address=2004 value=02 state394=88 state395=88
f=350 sl=-01 pc=FAC1 address=2004 value=A3 state394=88 state395=88
f=350 sl=-01 pc=FAC1 address=2004 value=3B state394=88 state395=88
f=350 sl=-01 pc=FAC1 address=2004 value=2A state394=88 state395=88
f=350 sl=-01 pc=FAC1 address=2004 value=02 state394=88 state395=88
f=350 sl=-01 pc=FAC1 address=2004 value=8C state394=88 state395=88
f=350 sl=-01 pc=FAC1 address=2004 value=3A state394=88 state395=88
f=350 sl=-01 pc=FAC1 address=2004 value=11 state394=88 state395=88
f=350 sl=-01 pc=FAC1 address=2004 value=00 state394=88 state395=88
f=350 sl=-01 pc=FAC1 address=2004 value=AA state394=88 state395=88
f=350 sl=-01 pc=FAC1 address=2004 value=66 state394=88 state395=88
f=350 sl=-01 pc=FAC1 address=2004 value=1E state394=88 state395=88
f=350 sl=-01 pc=FAC1 address=2004 value=00 state394=88 state395=88
f=350 sl=-01 pc=FAC1 address=2004 value=0E state394=88 state395=88
f=350 sl=-01 pc=FAC1 address=2004 value=4C state394=88 state395=88
f=350 sl=-01 pc=FAC1 address=2004 value=39 state394=88 state395=88
f=350 sl=-01 pc=FAC1 address=2004 value=02 state394=88 state395=88
f=350 sl=-01 pc=FAC1 address=2004 value=AB state394=88 state395=88
f=350 sl=-01 pc=FAC1 address=2004 value=31 state394=88 state395=88
f=350 sl=-01 pc=FAC1 address=2004 value=2E state394=88 state395=88
f=350 sl=-01 pc=FAC1 address=2004 value=02 state394=88 state395=88
f=350 sl=-01 pc=FAC1 address=2004 value=98 state394=88 state395=88
f=350 sl=-01 pc=FAC1 address=2004 value=4A state394=88 state395=88
f=350 sl=-01 pc=FAC1 address=2004 value=15 state394=88 state395=88
f=350 sl=-01 pc=FAC1 address=2004 value=00 state394=88 state395=88
f=350 sl=-01 pc=FAC1 address=2004 value=AA state394=88 state395=88
f=350 sl=-01 pc=FAC1 address=2004 value=56 state394=88 state395=88
f=350 sl=-01 pc=FAC1 address=2004 value=19 state394=88 state395=88
f=350 sl=-01 pc=FAC1 address=2004 value=40 state394=88 state395=88
f=350 sl=-01 pc=FAC1 address=2004 value=1E state394=88 state395=88
f=350 sl=-01 pc=FAC1 address=2004 value=39 state394=88 state395=88
f=350 sl=-01 pc=FAC1 address=2004 value=3D state394=88 state395=88
f=350 sl=-01 pc=FAC1 address=2004 value=02 state394=88 state395=88
f=350 sl=-01 pc=FAC1 address=2004 value=C8 state394=88 state395=88
f=350 sl=-01 pc=FAC1 address=2004 value=32 state394=88 state395=88
f=350 sl=-01 pc=FAC1 address=2004 value=32 state394=88 state395=88
f=350 sl=-01 pc=FAC1 address=2004 value=02 state394=88 state395=88
f=350 sl=-01 pc=FAC1 address=2004 value=A0 state394=88 state395=88
f=350 sl=-01 pc=FAC1 address=2004 value=3A state394=88 state395=88
f=350 sl=-01 pc=FAC1 address=2004 value=12 state394=88 state395=88
f=350 sl=-01 pc=FAC1 address=2004 value=40 state394=88 state395=88
f=350 sl=-01 pc=FAC1 address=2004 value=BA state394=88 state395=88
f=350 sl=-01 pc=FAC1 address=2004 value=66 state394=88 state395=88
f=350 sl=-01 pc=FAC1 address=2004 value=1D state394=88 state395=88
f=350 sl=-01 pc=FAC1 address=2004 value=40 state394=88 state395=88
f=350 sl=-01 pc=FAC1 address=2004 value=1E state394=88 state395=88
f=350 sl=-01 pc=FAC1 address=2004 value=5E state394=88 state395=88
f=350 sl=-01 pc=FAC1 address=2004 value=1B state394=88 state395=88
f=350 sl=-01 pc=FAC1 address=2004 value=00 state394=88 state395=88
f=350 sl=-01 pc=FAC1 address=2004 value=06 state394=88 state395=88
f=350 sl=-01 pc=FAC1 address=2004 value=2C state394=88 state395=88
f=350 sl=-01 pc=FAC1 address=2004 value=36 state394=88 state395=88
f=350 sl=-01 pc=FAC1 address=2004 value=02 state394=88 state395=88
f=350 sl=-01 pc=FAC1 address=2004 value=A8 state394=88 state395=88
f=350 sl=-01 pc=FAC1 address=2004 value=2C state394=88 state395=88
f=350 sl=-01 pc=FAC1 address=2004 value=2B state394=88 state395=88
f=350 sl=-01 pc=FAC1 address=2004 value=02 state394=88 state395=88
f=350 sl=-01 pc=FAC1 address=2004 value=90 state394=88 state395=88
f=350 sl=-01 pc=FAC1 address=2004 value=3A state394=88 state395=88
f=350 sl=-01 pc=FAC1 address=2004 value=12 state394=88 state395=88
f=350 sl=-01 pc=FAC1 address=2004 value=00 state394=88 state395=88
f=350 sl=-01 pc=FAC1 address=2004 value=B2 state394=88 state395=88
f=350 sl=-01 pc=FAC1 address=2004 value=6E state394=88 state395=88
f=350 sl=-01 pc=FAC1 address=2004 value=1F state394=88 state395=88
f=350 sl=-01 pc=FAC1 address=2004 value=00 state394=88 state395=88
f=350 sl=-01 pc=FAC1 address=2004 value=06 state394=88 state395=88
f=350 sl=-01 pc=FAC1 address=2004 value=2E state394=88 state395=88
f=350 sl=-01 pc=FAC1 address=2004 value=3A state394=88 state395=88
f=350 sl=-01 pc=FAC1 address=2004 value=02 state394=88 state395=88
f=350 sl=-01 pc=FAC1 address=2004 value=B0 state394=88 state395=88
f=350 sl=-01 pc=FAC1 address=2004 value=45 state394=88 state395=88
f=350 sl=-01 pc=FAC1 address=2004 value=2F state394=88 state395=88
f=350 sl=-01 pc=FAC1 address=2004 value=02 state394=88 state395=88
f=350 sl=-01 pc=FAC1 address=2004 value=9F state394=88 state395=88
f=350 sl=-01 pc=FAC1 address=2004 value=4A state394=88 state395=88
f=350 sl=-01 pc=FAC1 address=2004 value=16 state394=88 state395=88
f=350 sl=-01 pc=FAC1 address=2004 value=00 state394=88 state395=88
f=350 sl=-01 pc=FAC1 address=2004 value=B2 state394=88 state395=88
f=350 sl=-01 pc=FAC1 address=2004 value=5E state394=88 state395=88
f=350 sl=-01 pc=FAC1 address=2004 value=1C state394=88 state395=88
f=350 sl=-01 pc=FAC1 address=2004 value=40 state394=88 state395=88
f=350 sl=-01 pc=FAC1 address=2004 value=16 state394=88 state395=88
f=350 sl=-01 pc=FAC1 address=2004 value=39 state394=88 state395=88
f=350 sl=-01 pc=FAC1 address=2004 value=3E state394=88 state395=88
f=350 sl=-01 pc=FAC1 address=2004 value=02 state394=88 state395=88
f=350 sl=-01 pc=FAC1 address=2004 value=D0 state394=88 state395=88
f=350 sl=-01 pc=FAC1 address=2004 value=56 state394=88 state395=88
f=350 sl=-01 pc=FAC1 address=2004 value=33 state394=88 state395=88
f=350 sl=-01 pc=FAC1 address=2004 value=02 state394=88 state395=88
f=350 sl=-01 pc=FAC1 address=2004 value=A0 state394=88 state395=88
f=350 sl=-01 pc=FAC1 address=2004 value=3A state394=88 state395=88
f=350 sl=-01 pc=FAC1 address=2004 value=11 state394=88 state395=88
f=350 sl=-01 pc=FAC1 address=2004 value=40 state394=88 state395=88
f=350 sl=-01 pc=FAC1 address=2004 value=C2 state394=88 state395=88
f=350 sl=-01 pc=FAC1 address=2004 value=6E state394=88 state395=88
f=350 sl=-01 pc=FAC1 address=2004 value=20 state394=88 state395=88
f=350 sl=-01 pc=FAC1 address=2004 value=40 state394=88 state395=88
f=350 sl=-01 pc=FAC1 address=2004 value=16 state394=88 state395=88
f=350 sl=-01 pc=FAC1 address=2004 value=5E state394=88 state395=88
f=350 sl=-01 pc=FAC1 address=2004 value=1C state394=88 state395=88
f=350 sl=-01 pc=FAC1 address=2004 value=00 state394=88 state395=88
f=350 sl=-01 pc=FAC1 address=2004 value=0E state394=88 state395=88
f=350 sl=-01 pc=FAC1 address=2004 value=34 state394=88 state395=88
f=350 sl=-01 pc=FAC1 address=2004 value=37 state394=88 state395=88
f=350 sl=-01 pc=FAC1 address=2004 value=02 state394=88 state395=88
f=350 sl=-01 pc=FAC1 address=2004 value=AB state394=88 state395=88
f=350 sl=-01 pc=FAC1 address=2004 value=4C state394=88 state395=88
f=350 sl=-01 pc=FAC1 address=2004 value=2C state394=88 state395=88
f=350 sl=-01 pc=FAC1 address=2004 value=02 state394=88 state395=88
f=350 sl=-01 pc=FAC1 address=2004 value=97 state394=88 state395=88
f=350 sl=-01 pc=FAC1 address=2004 value=42 state394=88 state395=88
f=350 sl=-01 pc=FAC1 address=2004 value=13 state394=88 state395=88
f=350 sl=-01 pc=FAC1 address=2004 value=00 state394=88 state395=88
f=350 sl=-01 pc=FAC1 address=2004 value=AA state394=88 state395=88
f=350 sl=-01 pc=FAC1 address=2004 value=6E state394=88 state395=88
f=350 sl=-01 pc=FAC1 address=2004 value=20 state394=88 state395=88
f=350 sl=-01 pc=FAC1 address=2004 value=00 state394=88 state395=88
f=350 sl=-01 pc=FAC1 address=2004 value=0E state394=88 state395=88
f=350 sl=-01 pc=FAC1 address=2004 value=37 state394=88 state395=88
f=350 sl=-01 pc=FAC1 address=2004 value=3B state394=88 state395=88
f=350 sl=-01 pc=FAC1 address=2004 value=02 state394=88 state395=88
f=350 sl=-01 pc=FAC1 address=2004 value=C6 state394=88 state395=88
f=350 sl=-01 pc=FAC1 address=2004 value=4D state394=88 state395=88
f=350 sl=-01 pc=FAC1 address=2004 value=30 state394=88 state395=88
f=350 sl=-01 pc=FAC1 address=2004 value=02 state394=88 state395=88
f=350 sl=-01 pc=FAC1 address=2004 value=9F state394=88 state395=88
f=350 sl=-01 pc=FAC1 address=2004 value=52 state394=88 state395=88
f=350 sl=-01 pc=FAC1 address=2004 value=17 state394=88 state395=88
f=350 sl=-01 pc=FAC1 address=2004 value=00 state394=88 state395=88
f=350 sl=-01 pc=FAC1 address=2004 value=AA state394=88 state395=88
f=350 sl=-01 pc=FAC1 address=2004 value=5E state394=88 state395=88
f=350 sl=-01 pc=FAC1 address=2004 value=1B state394=88 state395=88
f=350 sl=-01 pc=FAC1 address=2004 value=40 state394=88 state395=88
f=350 sl=-01 pc=FAC1 address=2004 value=1E state394=88 state395=88
f=350 sl=-01 pc=FAC1 address=2004 value=56 state394=88 state395=88
f=350 sl=-01 pc=FAC1 address=2004 value=19 state394=88 state395=88
f=350 sl=-01 pc=FAC1 address=2004 value=00 state394=88 state395=88
f=350 sl=-01 pc=FAC1 address=2004 value=06 state394=88 state395=88
f=350 sl=-01 pc=FAC1 address=2004 value=3C state394=88 state395=88
f=350 sl=-01 pc=FAC1 address=2004 value=34 state394=88 state395=88
f=350 sl=-01 pc=FAC1 address=2004 value=02 state394=88 state395=88
f=350 sl=-01 pc=FAC1 address=2004 value=A3 state394=88 state395=88
f=350 sl=-01 pc=FAC1 address=2004 value=42 state394=88 state395=88
f=350 sl=-01 pc=FAC1 address=2004 value=14 state394=88 state395=88
f=350 sl=-01 pc=FAC1 address=2004 value=40 state394=88 state395=88
f=350 sl=-01 pc=FAC1 address=2004 value=BA state394=88 state395=88
f=350 sl=-01 pc=FAC1 address=2004 value=6E state394=88 state395=88
f=350 sl=-01 pc=FAC1 address=2004 value=1F state394=88 state395=88
f=350 sl=-01 pc=FAC1 address=2004 value=40 state394=88 state395=88
f=350 sl=-01 pc=FAC1 address=2004 value=1E state394=88 state395=88
f=350 sl=-01 pc=FAC1 address=2004 value=66 state394=88 state395=88
f=350 sl=-01 pc=FAC1 address=2004 value=1D state394=88 state395=88
f=350 sl=-01 pc=FAC1 address=2004 value=00 state394=88 state395=88
f=350 sl=-01 pc=FAC1 address=2004 value=06 state394=88 state395=88
f=350 sl=-01 pc=FAC1 address=4014 value=02 state394=88 state395=88
f=350 sl=-01 pc=D084 address=2000 value=89 state394=88 state395=88
f=350 sl=-01 pc=FACB address=2001 value=1E state394=88 state395=88
f=350 sl=-01 pc=FA0B address=2000 value=89 state394=88 state395=88
f=350 sl=-01 pc=F900 address=2000 value=88 state394=88 state395=88
f=350 sl=-01 pc=F900 address=2000 value=88 state394=88 state395=88
