frame	crossing	top_r1	split_r1
9000	0	E2	FF
9001	0	E2	FF
9002	0	E2	FF
9003	0	E2	FF
9004	0	E2	FF
9005	0	E2	FF
9006	0	E2	FF
9007	0	E2	FF
9008	0	E2	FF
9009	0	E2	FF
9010	0	E2	FF
9011	0	E2	FF
9012	0	E2	FF
9013	0	E2	FF
9014	0	E2	FF
9015	0	E2	FF
9016	0	E2	FF
9017	0	E2	FF
9018	0	E2	FF
9019	0	E2	FF
9020	0	E2	FF
9021	0	E2	FF
9022	0	E2	FF
9023	0	E2	FF
9024	0	E2	FF
9025	0	E2	FF
9026	0	E2	FF
9027	0	E2	FF
9028	10	E2	FF
9029	10	E2	FF
9030	10	E2	FF
9031	10	E2	FF
9032	10	E2	FF
9033	10	E2	FF
9034	10	E2	FF
9035	10	E2	FF
9036	10	E2	FF
9037	10	E2	FF
9038	10	E2	FF
9039	10	E2	FF
9040	10	E2	FF
9041	10	E2	FF
9042	10	E2	FF
9043	10	E2	FF
9044	10	E2	FF
9045	10	E2	FF
9046	10	E2	FF
9047	10	E2	FF
9048	10	E2	FF
9049	10	E2	FF
9050	10	E2	FF
9051	10	E2	FF
9052	10	E2	FF
9053	10	E2	FF
9054	10	E2	FF
9055	10	E2	FF
9056	10	E2	FF
9057	10	E2	FF
9058	10	E2	FF
9059	10	E2	FF
9060	10	E2	FF
9061	10	E2	FF
9062	10	E2	FF
9063	10	E2	FF
9064	10	E2	FF
9065	10	E2	FF
9066	10	E2	FF
9067	10	E2	FF
9068	10	E2	FF
9069	10	E2	FF
9070	10	E2	FF
9071	10	E2	FF
9072	10	E2	FF
9073	10	E2	FF
9074	10	E2	FF
9075	10	E2	FF
9076	10	E2	FF
9077	10	E2	FF
9078	10	E2	FF
9079	10	E2	FF
9080	10	E2	FF
9081	10	E2	FF
9082	10	E2	FF
9083	10	E2	FF
9084	10	E2	FF
9085	10	E2	FF
9086	10	E2	FF
9087	10	E2	FF
9088	10	E2	FF
9089	10	E2	FF
9090	10	E2	FF
9091	10	E2	FF
9092	10	E2	FF
9093	10	E2	FF
9094	10	E2	FF
9095	10	E2	FF
9096	10	E2	FF
9097	10	E2	FF
9098	10	E2	FF
9099	10	E2	FF
9100	10	E2	FF
9101	10	E2	FF
9102	10	E2	FF
9103	10	E2	FF
9104	10	E2	FF
9105	10	E2	FF
9106	10	E2	FF
9107	10	E2	FF
9108	10	E2	FF
9109	10	E2	FF
9110	10	E2	FF
9111	10	E2	FF
9112	10	E2	FF
9113	10	E2	FF
9114	10	E2	FF
9115	10	E2	FF
9116	10	E2	FF
9117	10	E2	FF
9118	10	E2	FF
9119	10	E2	FF
9120	10	E2	FF
9121	10	E2	FF
9122	10	E2	FF
9123	10	E2	FF
9124	10	E2	FF
9125	10	E2	FF
9126	10	E2	FF
9127	10	E2	FF
9128	10	E2	FF
9129	16	E2	FF
9130	16	E2	FF
9131	16	E2	FF
9132	16	E2	FF
9133	16	E2	FF
9134	16	E2	FF
9135	16	E2	FF
9136	16	E2	FF
9137	16	E2	FF
9138	16	E2	FF
9139	16	E2	FF
9140	16	E2	FF
9141	16	E2	FF
9142	16	E2	FF
9143	16	E2	FF
9144	16	E2	FF
9145	16	E2	FF
9146	16	E2	FF
9147	16	E2	FF
9148	16	E2	FF
9149	16	E2	FF
9150	16	E2	FF
9151	16	E2	FF
9152	16	E2	FF
9153	16	E2	FF
9154	16	E2	FF
9155	16	E2	FF
9156	16	E2	FF
9157	16	E2	FF
9158	16	E2	FF
9159	16	E2	FF
9160	16	E2	FF
9161	16	E2	FF
9162	16	E2	FF
9163	16	E2	FF
9164	16	E2	FF
9165	16	E2	FF
9166	16	E2	FF
9167	16	E2	FF
9168	16	E2	FF
9169	16	E2	FF
9170	16	E2	FF
9171	16	E2	FF
9172	16	E2	FF
9173	16	E2	FF
9174	16	E2	FF
9175	16	E2	FF
9176	16	E2	FF
9177	16	E2	FF
9178	16	E2	FF
9179	16	E2	FF
9180	16	E2	FF
9181	16	E2	FF
9182	16	E2	FF
9183	16	E2	FF
9184	16	E2	FF
9185	16	E2	FF
9186	16	E2	FF
9187	16	E2	FF
9188	16	E2	FF
9189	16	E2	FF
9190	16	E2	FF
9191	16	E2	FF
9192	16	E2	FF
9193	16	E2	FF
9194	16	E2	FF
9195	16	E2	FF
9196	16	E2	FF
9197	16	E2	FF
9198	16	E2	FF
9199	16	E2	FF
9200	16	E2	FF
9201	16	E2	FF
9202	16	E2	FF
9203	16	E2	FF
9204	16	E2	FF
9205	16	E2	FF
9206	16	E2	FF
9207	0	E2	FF
9208	0	E2	FF
9209	0	E2	FF
9210	0	E2	FF
9211	0	E2	FF
9212	0	E2	FF
9213	0	E2	FF
9214	0	E2	FF
9215	0	E2	FF
9216	0	E2	FF
9217	0	E2	FF
9218	0	E2	FF
9219	0	E2	FF
9220	0	E2	FF
9221	0	E2	FF
9222	0	E2	FF
9223	0	E2	FF
9224	0	E2	FF
9225	0	E2	FF
9226	0	E2	FF
9227	0	E2	FF
9228	0	E2	FF
9229	0	E2	FF
9230	0	E2	FF
9231	0	E2	FF
9232	0	E2	FF
9233	0	E2	FF
9234	0	E2	FF
9235	0	E2	FF
9236	0	E2	FF
9237	0	E2	FF
9238	0	E2	FF
9239	0	E2	FF
9240	0	E2	FF
9241	0	E2	FF
9242	0	E2	FF
9243	0	E2	FF
9244	0	E2	FF
9245	0	E2	FF
9246	0	E2	FF
9247	0	E2	FF
9248	0	E2	FF
9249	0	E2	FF
9250	0	E2	FF
9251	0	E2	FF
9252	0	E2	FF
9253	0	E2	FF
9254	0	E2	FF
9255	0	E2	FF
9256	0	E2	FF
9257	0	E2	FF
9258	0	E2	FF
9259	0	E2	FF
9260	0	E2	FF
9261	0	E2	FF
9262	0	E2	FF
9263	0	E2	FF
9264	0	E2	FF
9265	0	E2	FF
9266	0	E2	FF
9267	0	E2	FF
9268	0	E2	FF
9269	0	E2	FF
9270	0	E2	FF
9271	0	E2	FF
9272	0	E2	FF
9273	0	E2	FF
9274	0	E2	FF
9275	0	E2	FF
9276	0	E2	FF
9277	0	E2	FF
9278	0	E2	FF
9279	0	E2	FF
9280	0	E2	FF
9281	0	E2	FF
9282	0	E2	FF
9283	0	E2	FF
9284	0	E2	FF
9285	0	E2	FF
9286	0	E2	FF
9287	0	E2	FF
9288	0	E2	FF
9289	0	E2	FF
9290	0	E2	FF
9291	0	E2	FF
9292	0	E2	FF
9293	0	E2	FF
9294	0	E2	FF
9295	0	E2	FF
9296	0	E2	FF
9297	0	E2	FF
9298	0	E2	FF
9299	0	E2	FF
9300	0	E2	FF
9301	0	E2	FF
9302	0	E2	FF
9303	0	E2	FF
9304	0	E2	FF
9305	0	E2	FF
9306	0	E2	FF
9307	0	E2	FF
9308	0	E2	FF
9309	0	E2	FF
9310	0	E2	FF
9311	0	E2	FF
9312	0	E2	FF
9313	0	E2	FF
9314	0	E2	FF
9315	0	E2	FF
9316	0	E2	FF
9317	0	E2	FF
9318	0	E2	FF
9319	0	E2	FF
9320	0	E2	FF
9321	0	E2	FF
9322	0	E2	FF
9323	0	E2	FF
9324	0	E2	FF
9325	0	E2	FF
9326	0	E2	FF
9327	0	E2	FF
9328	0	E2	FF
9329	0	E2	FF
9330	0	E2	FF
9331	0	E2	FF
9332	0	E2	FF
9333	0	E2	FF
9334	0	E2	FF
9335	0	E2	FF
9336	0	E2	FF
9337	0	E2	FF
9338	0	E2	FF
9339	0	E2	FF
9340	0	E2	FF
9341	0	E2	FF
9342	0	E2	FF
9343	0	E2	FF
9344	0	E2	FF
9345	0	E2	FF
9346	0	E2	FF
9347	0	E2	FF
9348	0	E2	FF
9349	0	E2	FF
9350	0	E2	FF
9351	0	E2	FF
9352	0	E2	FF
9353	0	E2	FF
9354	0	E2	FF
9355	0	E2	FF
9356	0	E2	FF
9357	0	E2	FF
9358	0	E2	FF
9359	0	E2	FF
9360	0	E2	FF
9361	0	E2	FF
9362	0	E2	FF
9363	0	E2	FF
9364	0	E2	FF
9365	0	E2	FF
9366	0	E2	FF
9367	0	E2	FF
9368	0	E2	FF
9369	0	E2	FF
9370	0	E2	FF
9371	0	E2	FF
9372	0	E2	FF
9373	0	E2	FF
9374	0	E2	FF
9375	0	E2	FF
9376	0	E2	FF
9377	0	E2	FF
9378	0	E2	FF
9379	0	E2	FF
9380	0	E2	FF
9381	0	E2	FF
9382	0	E2	FF
9383	0	E2	FF
9384	0	E2	FF
9385	0	E2	FF
9386	0	E2	FF
9387	0	E2	FF
9388	0	E2	FF
9389	0	E2	FF
9390	0	E2	FF
9391	0	E2	FF
9392	0	E2	FF
9393	0	E2	FF
9394	0	E2	FF
9395	0	E2	FF
9396	0	E2	FF
9397	0	E2	FF
9398	0	E2	FF
9399	0	E2	FF
9400	0	E2	FF
9401	0	E2	FF
9402	0	E2	FF
9403	0	E2	FF
9404	0	E2	FF
9405	0	E2	FF
9406	0	E2	FF
9407	0	E2	FF
9408	0	E2	FF
9409	0	E2	FF
9410	0	E2	FF
9411	0	E2	FF
9412	0	E2	FF
9413	0	E2	FF
9414	0	E2	FF
9415	0	E2	FF
9416	0	E2	FF
9417	0	E2	FF
9418	0	E2	FF
9419	0	E2	FF
9420	0	E2	FF
9421	0	E2	FF
9422	0	E2	FF
9423	0	E2	FF
9424	0	E2	FF
9425	0	E2	FF
9426	0	E2	FF
9427	0	E2	FF
9428	0	E2	FF
9429	0	E2	FF
9430	0	E2	FF
9431	0	E2	FF
9432	0	E2	FF
9433	0	E2	FF
9434	0	E2	FF
9435	0	E2	FF
9436	0	E2	FF
9437	0	E2	FF
9438	0	E2	FF
9439	0	E2	FF
9440	0	E2	FF
9441	0	E2	FF
9442	0	E2	FF
9443	0	E2	FF
9444	0	E2	FF
9445	0	E2	FF
9446	0	E2	FF
9447	0	E2	FF
9448	0	E2	FF
9449	0	E2	FF
9450	0	E2	FF
9451	0	E2	FF
9452	0	E2	FF
9453	0	E2	FF
9454	0	E2	FF
9455	0	E2	FF
9456	0	E2	FF
9457	0	E2	FF
9458	0	E2	FF
9459	0	E2	FF
9460	0	E2	FF
9461	0	E2	FF
9462	0	E2	FF
9463	0	E2	FF
9464	0	E2	FF
9465	0	E2	FF
9466	0	E2	FF
9467	0	E2	FF
9468	0	E2	FF
9469	0	E2	FF
9470	0	E2	FF
9471	0	E2	FF
9472	0	E2	FF
9473	0	E2	FF
9474	0	E2	FF
9475	0	E2	FF
9476	0	E2	FF
9477	0	E2	FF
9478	0	E2	FF
9479	0	E2	FF
9480	0	E2	FF
9481	0	E2	FF
9482	0	E2	FF
9483	0	E2	FF
9484	0	E2	FF
9485	0	E2	FF
9486	0	E2	FF
9487	0	E2	FF
9488	0	E2	FF
9489	0	E2	FF
9490	0	E2	FF
9491	0	E2	FF
9492	0	E2	FF
9493	0	E2	FF
9494	0	E2	FF
9495	0	E2	FF
9496	0	E2	FF
9497	0	E2	FF
9498	0	E2	FF
9499	0	E2	FF
9500	0	E2	FF
9501	0	E2	FF
9502	0	E2	FF
9503	0	E2	FF
9504	0	E2	FF
9505	0	E2	FF
9506	0	E2	FF
9507	0	E2	FF
9508	0	E2	FF
9509	0	E2	FF
9510	0	E2	FF
9511	0	E2	FF
9512	0	E2	FF
9513	0	E2	FF
9514	0	E2	FF
9515	0	E2	FF
9516	0	E2	FF
9517	0	E2	FF
9518	0	E2	FF
9519	0	E2	FF
9520	0	E2	FF
9521	0	E2	FF
9522	0	E2	FF
9523	0	E2	FF
9524	0	E2	FF
9525	0	E2	FF
9526	0	E2	FF
9527	0	E2	FF
9528	0	E2	FF
9529	0	E2	FF
9530	0	E2	FF
9531	0	E2	FF
9532	0	E2	FF
9533	0	E2	FF
9534	0	E2	FF
9535	0	E2	FF
9536	0	E2	FF
9537	0	E2	FF
9538	0	E2	FF
9539	0	E2	FF
9540	0	E2	FF
9541	0	E2	FF
9542	0	E2	FF
9543	0	E2	FF
9544	0	E2	FF
9545	0	E2	FF
9546	0	E2	FF
9547	0	E2	FF
9548	0	E2	FF
9549	0	E2	FF
9550	0	E2	FF
9551	0	E2	FF
9552	0	E2	FF
9553	0	E2	FF
9554	0	E2	FF
9555	0	E2	FF
9556	0	E2	FF
9557	0	E2	FF
9558	0	E2	FF
9559	0	E2	FF
9560	0	E2	FF
9561	0	E2	FF
9562	0	E2	FF
9563	0	E2	FF
9564	0	E2	FF
9565	0	E2	FF
9566	0	E2	FF
9567	0	E2	FF
9568	0	E2	FF
9569	0	E2	FF
9570	0	E2	FF
9571	0	E2	FF
9572	0	E2	FF
9573	0	E2	FF
9574	0	E2	FF
9575	0	E2	FF
9576	0	E2	FF
9577	0	E2	FF
9578	0	E2	FF
9579	0	E2	FF
9580	0	E2	FF
9581	0	E2	FF
9582	0	E2	FF
9583	0	E2	FF
9584	0	E2	FF
9585	0	E2	FF
9586	0	E2	FF
9587	0	E2	FF
9588	0	E2	FF
9589	0	E2	FF
9590	0	E2	FF
9591	0	E2	FF
9592	0	E2	FF
9593	0	E2	FF
9594	0	E2	FF
9595	0	E2	FF
9596	0	E2	FF
9597	0	E2	FF
9598	0	E2	FF
9599	0	E2	FF
9600	0	E2	FF
9601	0	E2	FF
9602	0	E2	FF
9603	0	E2	FF
9604	0	E2	FF
9605	0	E2	FF
9606	0	E2	FF
9607	0	E2	FF
9608	0	E2	FF
9609	0	E2	FF
9610	0	E2	FF
9611	0	E2	FF
9612	0	E2	FF
9613	0	E2	FF
9614	0	E2	FF
9615	0	E2	FF
9616	0	E2	FF
9617	0	E2	FF
9618	0	E2	FF
9619	0	E2	FF
9620	0	E2	FF
9621	0	E2	FF
9622	0	E2	FF
9623	0	E2	FF
9624	0	E2	FF
9625	0	E2	FF
9626	0	E2	FF
9627	0	E2	FF
9628	0	E2	FF
9629	0	E2	FF
9630	0	E2	FF
9631	0	E2	FF
9632	0	E2	FF
9633	0	E2	FF
9634	0	E2	FF
9635	0	E2	FF
9636	0	E2	FF
9637	0	E2	FF
9638	0	E2	FF
9639	0	E2	FF
9640	0	E2	FF
9641	0	E2	FF
9642	0	E2	FF
9643	0	E2	FF
9644	0	E2	FF
9645	0	E2	FF
9646	0	E2	FF
9647	0	E2	FF
9648	0	E2	FF
9649	0	E2	FF
9650	0	E2	FF
9651	0	E2	FF
9652	0	E2	FF
9653	0	E2	FF
9654	0	E2	FF
9655	0	E2	FF
9656	0	E2	FF
9657	0	E2	FF
9658	0	E2	FF
9659	0	E2	FF
9660	0	E2	FF
9661	0	E2	FF
9662	0	E2	FF
9663	0	E2	FF
9664	0	E2	FF
9665	0	E2	FF
9666	0	E2	FF
9667	0	E2	FF
9668	0	E2	FF
9669	0	E2	FF
9670	0	E2	FF
9671	0	E2	FF
9672	0	E2	FF
9673	0	E2	FF
9674	0	E2	FF
9675	0	E2	FF
9676	0	E2	FF
9677	0	E2	FF
9678	0	E2	FF
9679	0	E2	FF
9680	0	E2	FF
9681	0	E2	FF
9682	0	E2	FF
9683	0	E2	FF
9684	0	E2	FF
9685	0	E2	FF
9686	0	E2	FF
9687	0	E2	FF
9688	0	E2	FF
9689	0	E2	FF
9690	0	E2	FF
9691	0	E2	FF
9692	0	E2	FF
9693	0	E2	FF
9694	0	E2	FF
9695	0	E2	FF
9696	0	E2	FF
9697	0	E2	FF
9698	0	E2	FF
9699	0	E2	FF
9700	0	E2	FF
9701	0	E2	FF
9702	0	E2	FF
9703	0	E2	FF
9704	0	E2	FF
9705	0	E2	FF
9706	0	E2	FF
9707	0	E2	FF
9708	0	E2	FF
9709	0	E2	FF
9710	0	E2	FF
9711	0	E2	FF
9712	0	E2	FF
9713	0	E2	FF
9714	0	E2	FF
9715	0	E2	FF
9716	0	E2	FF
9717	0	E2	FF
9718	0	E2	FF
9719	0	E2	FF
9720	0	E2	FF
9721	0	E2	FF
9722	0	E2	FF
9723	0	E2	FF
9724	0	E2	FF
9725	0	E2	FF
9726	0	E2	FF
9727	0	E2	FF
9728	0	E2	FF
9729	0	E2	FF
9730	0	E2	FF
9731	0	E2	FF
9732	0	E2	FF
9733	0	E2	FF
9734	0	E2	FF
9735	0	E2	FF
9736	0	E2	FF
9737	0	E2	FF
9738	0	E2	FF
9739	0	E2	FF
9740	0	E2	FF
9741	0	E2	FF
9742	0	E2	FF
9743	0	E2	FF
9744	0	E2	FF
9745	0	E2	FF
9746	0	E2	FF
9747	0	E2	FF
9748	0	E2	FF
9749	0	E2	FF
9750	0	E2	FF
9751	0	E2	FF
9752	0	E2	FF
9753	0	E2	FF
9754	0	E2	FF
9755	0	E2	FF
9756	0	E2	FF
9757	0	E2	FF
9758	0	E2	FF
9759	0	E2	FF
9760	0	E2	FF
9761	0	E2	FF
9762	0	E2	FF
9763	0	E2	FF
9764	0	E2	FF
9765	0	E2	FF
9766	0	E2	FF
9767	0	E2	FF
9768	0	E2	FF
9769	0	E2	FF
9770	0	E2	FF
9771	0	E2	FF
9772	0	E2	FF
9773	0	E2	FF
9774	0	E2	FF
9775	0	E2	FF
9776	0	E2	FF
9777	0	E2	FF
9778	0	E2	FF
9779	0	E2	FF
9780	0	E2	FF
9781	0	E2	FF
9782	0	E2	FF
9783	0	E2	FF
9784	0	E2	FF
9785	0	E2	FF
9786	0	E2	FF
9787	0	E2	FF
9788	0	E2	FF
9789	0	E2	FF
9790	0	E2	FF
9791	0	E2	FF
9792	0	E2	FF
9793	0	E2	FF
9794	0	E2	FF
9795	0	E2	FF
9796	0	E2	FF
9797	0	E2	FF
9798	0	E2	FF
9799	0	E2	FF
9800	0	E2	FF
9801	0	E2	FF
9802	0	E2	FF
9803	0	E2	FF
9804	0	E2	FF
9805	0	E2	FF
9806	0	E2	FF
9807	0	E2	FF
9808	0	E2	FF
9809	0	E2	FF
9810	0	E2	FF
9811	0	E2	FF
9812	0	E2	FF
9813	0	E2	FF
9814	0	E2	FF
9815	0	E2	FF
9816	0	E2	FF
9817	0	E2	FF
9818	0	E2	FF
9819	0	E2	FF
9820	0	E2	FF
9821	0	E2	FF
9822	0	0A	FF
9823	0	0A	FF
9824	0	0A	FF
9825	0	0A	FF
9826	0	0A	FF
9827	0	0A	FF
9828	0	0A	FF
9829	0	0A	FF
9830	0	0A	FF
9831	0	0A	FF
9832	0	0A	FF
9833	0	0A	FF
9834	0	0A	FF
9835	0	0A	FF
9836	0	0A	FF
9837	0	0A	FF
9838	0	0A	FF
9839	0	0A	FF
9840	0	0A	FF
9841	0	0A	FF
9842	0	0A	FF
9843	0	0A	FF
9844	0	0A	FF
9845	0	0A	FF
9846	0	0A	FF
9847	0	0A	FF
9848	0	0A	FF
9849	0	0A	FF
9850	0	0A	FF
9851	0	0A	FF
9852	0	0A	FF
9853	0	0A	FF
9854	0	0A	FF
9855	0	0A	FF
9856	0	0A	FF
9857	0	0A	FF
9858	0	0A	FF
9859	0	0A	FF
9860	0	0A	FF
9861	0	0A	FF
9862	0	0A	FF
9863	0	0A	FF
9864	0	0A	FF
9865	0	0A	FF
9866	0	0A	FF
9867	0	0A	FF
9868	0	0A	FF
9869	0	0A	FF
9870	0	0A	FF
9871	0	0A	FF
9872	0	0A	FF
9873	0	0A	FF
9874	0	0A	FF
9875	0	0A	FF
9876	0	0A	FF
9877	0	0A	FF
9878	0	0A	FF
9879	0	0A	FF
9880	0	0A	FF
9881	0	0A	FF
9882	0	0A	FF
9883	0	0A	FF
9884	0	0A	FF
9885	0	0A	FF
9886	0	0A	FF
9887	0	0A	FF
9888	0	0A	FF
9889	0	0A	FF
9890	0	0A	FF
9891	0	0A	FF
9892	0	0A	FF
9893	0	D6	FF
9894	0	D6	FF
9895	0	D6	FF
9896	0	D6	FF
9897	0	D6	FF
9898	0	D6	FF
9899	0	D6	FF
9900	0	D6	FF
9901	0	D6	FF
9902	0	D6	FF
9903	0	D6	FF
9904	0	D6	FF
9905	0	D6	FF
9906	0	D6	FF
9907	0	D6	FF
9908	0	D6	FF
9909	0	D6	FF
9910	0	D6	FF
9911	0	D6	FF
9912	0	D6	FF
9913	0	D6	FF
9914	0	D6	FF
9915	0	D6	FF
9916	0	D6	FF
9917	0	D6	FF
9918	0	D6	FF
9919	0	D6	FF
9920	0	D6	FF
9921	0	D6	FF
9922	1	D6	FF
9923	1	D6	FF
9924	1	D6	FF
9925	1	D6	FF
9926	1	D6	FF
9927	1	D6	FF
9928	1	D6	FF
9929	1	D6	FF
9930	1	D6	FF
9931	1	D6	FF
9932	1	D6	FF
9933	1	D6	FF
9934	1	D6	FF
9935	1	D6	FF
9936	1	D6	FF
9937	1	D6	FF
9938	1	D6	FF
9939	1	D6	FF
9940	1	D6	FF
9941	1	D6	FF
9942	1	D6	FF
9943	1	D6	FF
9944	1	D6	FF
9945	1	D6	FF
9946	1	D6	FF
9947	1	D6	FF
9948	1	D6	FF
9949	1	D6	FF
9950	1	D6	FF
9951	1	D6	FF
9952	1	D6	FF
9953	1	D6	FF
9954	1	D6	FF
9955	1	D6	FF
9956	1	D6	FF
9957	1	D6	FF
9958	1	D6	FF
9959	1	D6	FF
9960	1	D6	FF
9961	1	D6	FF
9962	1	D6	FF
9963	1	D6	FF
9964	1	D6	FF
9965	1	D6	FF
9966	1	D6	FF
9967	1	D6	FF
9968	1	D6	FF
9969	1	D6	FF
9970	1	D6	FF
9971	1	D6	FF
9972	1	D6	FF
9973	1	D6	FF
9974	1	D6	FF
9975	1	D6	FF
9976	1	D6	FF
9977	1	D6	FF
9978	1	D6	FF
9979	1	D6	FF
9980	1	D6	FF
9981	1	D6	FF
9982	1	D6	FF
9983	1	D6	FF
9984	1	D6	FF
9985	1	D6	FF
9986	1	D6	FF
9987	1	D6	FF
9988	1	D6	FF
9989	1	D6	FF
9990	1	D6	FF
9991	1	D6	FF
9992	1	D6	FF
9993	1	D6	FF
9994	1	D6	FF
9995	1	D6	FF
9996	1	D6	FF
9997	1	D6	FF
9998	1	D6	FF
9999	1	D6	FF
10000	1	D6	FF
10001	1	D6	FF
10002	1	D6	FF
10003	1	D6	FF
10004	1	D6	FF
10005	1	D6	FF
10006	1	D6	FF
10007	1	D6	FF
10008	1	D6	FF
10009	1	D6	FF
10010	1	D6	FF
10011	1	D6	FF
10012	1	D6	FF
10013	1	D6	FF
10014	1	D6	FF
10015	1	D6	FF
10016	1	D6	FF
10017	1	D6	FF
10018	1	D6	FF
10019	1	D6	FF
10020	1	D6	FF
10021	1	D6	FF
10022	1	D6	FF
10023	1	D6	FF
10024	1	D6	FF
10025	1	D6	FF
10026	1	D6	FF
10027	1	D6	FF
10028	1	D6	FF
10029	1	D6	FF
10030	1	D6	FF
10031	1	D6	FF
10032	1	D6	FF
10033	1	D6	FF
10034	1	D6	FF
10035	1	D6	FF
10036	1	D6	FF
10037	1	D6	FF
10038	1	D6	FF
10039	1	D6	FF
10040	1	D6	FF
10041	1	D6	FF
10042	1	D6	FF
10043	1	D6	FF
10044	1	D6	FF
10045	1	D6	FF
10046	1	D6	FF
10047	1	D6	FF
10048	1	D6	FF
10049	1	D6	FF
10050	1	D6	FF
10051	1	D6	FF
10052	1	D6	FF
10053	1	D6	FF
10054	1	D6	FF
10055	1	D6	FF
10056	1	D6	FF
10057	1	D6	FF
10058	1	D6	FF
10059	1	D6	FF
10060	1	D6	FF
10061	1	D6	FF
10062	1	D6	FF
10063	1	D6	FF
10064	1	D6	FF
10065	1	D6	FF
10066	1	D6	FF
10067	1	D6	FF
10068	1	D6	FF
10069	1	D6	FF
10070	1	D6	FF
10071	1	D6	FF
10072	1	D6	FF
10073	1	D6	FF
10074	1	D6	FF
10075	1	D6	FF
10076	1	D6	FF
10077	1	D6	FF
10078	1	D6	FF
10079	1	D6	FF
10080	1	D6	FF
10081	1	D6	FF
10082	1	D6	FF
10083	1	D6	FF
10084	1	D6	FF
10085	1	D6	FF
10086	1	D6	FF
10087	1	D6	FF
10088	1	D6	FF
10089	1	D6	FF
10090	1	D6	FF
10091	1	D6	FF
10092	1	D6	FF
10093	1	D6	FF
10094	1	D6	FF
10095	1	D6	FF
10096	1	D6	FF
10097	1	D6	FF
10098	1	D6	FF
10099	1	D6	FF
10100	1	D6	FF
10101	1	D6	FF
10102	1	D6	FF
10103	1	D6	FF
10104	1	D6	FF
10105	1	D6	FF
10106	1	D6	FF
10107	1	D6	FF
10108	1	D6	FF
10109	1	D6	FF
10110	16	D6	FF
10111	16	D6	FF
10112	16	D6	FF
10113	16	D6	FF
10114	16	D6	FF
10115	16	D6	FF
10116	16	D6	FF
10117	16	D6	FF
10118	16	D6	FF
10119	16	D6	FF
10120	16	D6	FF
10121	16	D6	FF
10122	16	D6	FF
10123	16	D6	FF
10124	16	D6	FF
10125	16	D6	FF
10126	16	D6	FF
10127	16	D6	FF
10128	16	D6	FF
10129	16	D6	FF
10130	16	D6	FF
10131	16	D6	FF
10132	16	D6	FF
10133	16	D6	FF
10134	16	D6	FF
10135	16	D6	FF
10136	16	D6	FF
10137	16	D6	FF
10138	16	D6	FF
10139	16	D6	FF
10140	16	D6	FF
10141	16	D6	FF
10142	16	D6	FF
10143	16	D6	FF
10144	16	D6	FF
10145	16	D6	FF
10146	16	D6	FF
10147	16	D6	FF
10148	16	D6	FF
10149	16	D6	FF
10150	16	D6	FF
10151	16	D6	FF
10152	16	D6	FF
10153	16	D6	FF
10154	16	D6	FF
10155	16	D6	FF
10156	16	D6	FF
10157	16	D6	FF
10158	16	D6	FF
10159	16	D6	FF
10160	16	D6	FF
10161	16	D6	FF
10162	16	D6	FF
10163	16	D6	FF
10164	16	D6	FF
10165	16	D6	FF
10166	16	D6	FF
10167	16	D6	FF
10168	16	D6	FF
10169	16	D6	FF
10170	16	D6	FF
10171	16	D6	FF
10172	16	D6	FF
10173	16	D6	FF
10174	16	D6	FF
10175	16	D6	FF
10176	16	D6	FF
10177	16	D6	FF
10178	16	D6	FF
10179	16	D6	FF
10180	16	D6	FF
10181	16	D6	FF
10182	16	D6	FF
10183	16	D6	FF
10184	16	D6	FF
10185	16	D6	FF
10186	16	D6	FF
10187	16	D6	FF
10188	16	D6	FF
10189	16	D6	FF
10190	16	D6	FF
10191	16	D6	FF
10192	16	D6	FF
10193	16	D6	FF
10194	16	D6	FF
10195	16	D6	FF
10196	16	D6	FF
10197	16	D6	FF
10198	16	D6	FF
10199	16	D6	FF
10200	16	D6	FF
10201	16	D6	FF
10202	16	D6	FF
10203	16	D6	FF
10204	16	D6	FF
10205	16	D6	FF
10206	16	D6	FF
10207	16	D6	FF
10208	16	D6	FF
10209	16	D6	FF
10210	16	D6	FF
10211	16	D6	FF
10212	16	D6	FF
10213	16	D6	FF
10214	16	D6	FF
10215	16	D6	FF
10216	16	D6	FF
10217	16	D6	FF
10218	16	D6	FF
10219	16	D6	FF
10220	16	D6	FF
10221	16	D6	FF
10222	16	D6	FF
10223	16	D6	FF
10224	16	D6	FF
10225	16	D6	FF
10226	16	D6	FF
10227	16	D6	FF
10228	16	D6	FF
10229	16	D6	FF
10230	16	D6	FF
10231	16	D6	FF
10232	16	D6	FF
10233	16	D6	FF
10234	16	D6	FF
10235	16	D6	FF
10236	16	D6	FF
10237	16	D6	FF
10238	16	D6	FF
10239	16	D6	FF
10240	16	D6	FF
10241	16	D6	FF
10242	16	D6	FF
10243	16	D6	FF
10244	16	D6	FF
10245	16	D6	FF
10246	16	D6	FF
10247	16	D6	FF
10248	16	D6	FF
10249	16	D6	FF
10250	16	D6	FF
10251	16	D6	FF
10252	16	D6	FF
10253	16	D6	FF
10254	16	D6	FF
10255	16	D6	FF
10256	16	D6	FF
10257	16	D6	FF
10258	16	D6	FF
10259	16	D6	FF
10260	16	D6	FF
10261	16	D6	FF
10262	16	D6	FF
10263	16	D6	FF
10264	16	D6	FF
10265	16	D6	FF
10266	16	D6	FF
10267	16	D6	FF
10268	16	D6	FF
10269	16	D6	FF
10270	16	D6	FF
10271	16	D6	FF
10272	16	D6	FF
10273	16	D6	FF
10274	16	D6	FF
10275	16	D6	FF
10276	0	D6	FF
10277	0	D6	FF
10278	0	D6	FF
10279	0	D6	FF
10280	0	D6	FF
10281	0	D6	FF
10282	0	D6	FF
10283	0	D6	FF
10284	0	D6	FF
10285	0	D6	FF
10286	0	D6	FF
10287	0	D6	FF
10288	0	D6	FF
10289	0	D6	FF
10290	0	D6	FF
10291	0	D6	FF
10292	0	D6	FF
10293	0	D6	FF
10294	0	D6	FF
10295	0	D6	FF
10296	0	D6	FF
10297	0	D6	FF
10298	0	D6	FF
10299	0	D6	FF
10300	0	D6	FF
10301	0	D6	FF
10302	0	D6	FF
10303	0	D6	FF
10304	0	D6	FF
10305	0	D6	FF
10306	0	D6	FF
10307	0	D6	FF
10308	0	D6	FF
10309	0	D6	FF
10310	0	D6	FF
10311	0	D6	FF
10312	0	D6	FF
10313	0	D6	FF
10314	0	D6	FF
10315	0	D6	FF
10316	0	D6	FF
10317	0	D6	FF
10318	0	D6	FF
10319	0	D6	FF
10320	0	D6	FF
10321	0	D6	FF
10322	0	D6	FF
10323	0	D6	FF
10324	0	D6	FF
10325	0	D6	FF
10326	0	D6	FF
10327	0	D6	FF
10328	0	D6	FF
10329	0	D6	FF
10330	0	D6	FF
10331	0	D6	FF
10332	0	D6	FF
10333	0	D6	FF
10334	0	D6	FF
10335	0	D6	FF
10336	0	D6	FF
10337	0	D6	FF
10338	0	D6	FF
10339	0	D6	FF
10340	0	D6	FF
10341	0	D6	FF
10342	0	D6	FF
10343	0	D6	FF
10344	0	D6	FF
10345	0	D6	FF
10346	0	D6	FF
10347	0	D6	FF
10348	0	D6	FF
10349	0	D6	FF
10350	0	D6	FF
10351	0	D6	FF
10352	0	D6	FF
10353	0	D6	FF
10354	0	D6	FF
10355	0	D6	FF
10356	0	D6	FF
10357	0	D6	FF
10358	0	D6	FF
10359	0	D6	FF
10360	0	D6	FF
10361	0	D6	FF
10362	0	D6	FF
10363	0	D6	FF
10364	0	D6	FF
10365	0	D6	FF
10366	0	D6	FF
10367	0	D6	FF
10368	0	D6	FF
10369	0	D6	FF
10370	0	D6	FF
10371	0	D6	FF
10372	0	D6	FF
10373	0	D6	FF
10374	0	D6	FF
10375	0	D6	FF
10376	0	D6	FF
10377	0	D6	FF
10378	0	D6	FF
10379	0	D6	FF
10380	0	D6	FF
10381	0	D6	FF
10382	0	D6	FF
10383	0	D6	FF
10384	0	D6	FF
10385	0	D6	FF
10386	0	D6	FF
10387	0	D6	FF
10388	0	D6	FF
10389	0	D6	FF
10390	0	D6	FF
10391	0	D6	FF
10392	0	D6	FF
10393	0	D6	FF
10394	0	D6	FF
10395	0	D6	FF
10396	0	D6	FF
10397	0	D6	FF
10398	0	D6	FF
10399	0	D6	FF
10400	0	D6	FF
10401	0	D6	FF
10402	0	D6	FF
10403	0	D6	FF
10404	0	D6	FF
10405	0	D6	FF
10406	0	D6	FF
10407	0	D6	FF
10408	0	D6	FF
10409	0	D6	FF
10410	0	D6	FF
10411	0	D6	FF
10412	0	D6	FF
10413	0	D6	FF
10414	0	D6	FF
10415	0	D6	FF
10416	0	D6	FF
10417	0	D6	FF
10418	0	D6	FF
10419	0	D6	FF
10420	0	D6	FF
10421	0	D6	FF
10422	0	D6	FF
10423	0	D6	FF
10424	0	D6	FF
10425	0	D6	FF
10426	0	D6	FF
10427	0	D6	FF
10428	0	D6	FF
10429	0	D6	FF
10430	0	D6	FF
10431	0	D6	FF
10432	0	D6	FF
10433	0	D6	FF
10434	0	D6	FF
10435	0	D6	FF
10436	0	D6	FF
10437	0	D6	FF
10438	0	D6	FF
10439	0	D6	FF
10440	0	D6	FF
10441	0	D6	FF
10442	0	D6	FF
10443	0	D6	FF
10444	0	D6	FF
10445	0	D6	FF
10446	0	D6	FF
10447	0	D6	FF
10448	0	D6	FF
10449	0	D6	FF
10450	0	D6	FF
10451	0	D6	FF
10452	0	D6	FF
10453	0	D6	FF
10454	0	D6	FF
10455	0	D6	FF
10456	0	D6	FF
10457	0	D6	FF
10458	0	D6	FF
10459	0	D6	FF
10460	0	D6	FF
10461	0	D6	FF
10462	0	D6	FF
10463	0	D6	FF
10464	0	D6	FF
10465	0	D6	FF
10466	0	D6	FF
10467	0	D6	FF
10468	0	D6	FF
10469	0	D6	FF
10470	0	D6	FF
10471	0	D6	FF
10472	0	D6	FF
10473	0	D6	FF
10474	0	D6	FF
10475	0	D6	FF
10476	0	D6	FF
10477	0	D6	FF
10478	0	D6	FF
10479	0	D6	FF
10480	0	D6	FF
10481	0	D6	FF
10482	0	D6	FF
10483	0	D6	FF
10484	0	D6	FF
10485	0	D6	FF
10486	0	D6	FF
10487	0	D6	FF
10488	0	D6	FF
10489	0	D6	FF
10490	0	D6	FF
10491	0	D6	FF
10492	0	D6	FF
10493	0	D6	FF
10494	0	D6	FF
10495	0	D6	FF
10496	0	D6	FF
10497	0	D6	FF
10498	0	D6	FF
10499	0	D6	FF
10500	0	D6	FF
10501	0	D6	FF
10502	0	D6	FF
10503	0	D6	FF
10504	0	D6	FF
10505	0	D6	FF
10506	0	D6	FF
10507	0	D6	FF
10508	0	D6	FF
10509	0	D6	FF
10510	0	D6	FF
10511	0	D6	FF
10512	0	D6	FF
10513	0	D6	FF
10514	0	D6	FF
10515	0	D6	FF
10516	0	D6	FF
10517	0	D6	FF
10518	0	D6	FF
10519	0	D6	FF
10520	0	D6	FF
10521	0	D6	FF
10522	0	D6	FF
10523	0	D6	FF
10524	0	D6	FF
10525	0	D6	FF
10526	0	D6	FF
10527	0	D6	FF
10528	0	D6	FF
10529	0	D6	FF
10530	0	D6	FF
10531	0	D6	FF
10532	0	D6	FF
10533	0	D6	FF
10534	0	D6	FF
10535	0	D6	FF
10536	0	D6	FF
10537	0	D6	FF
10538	0	D6	FF
10539	0	D6	FF
10540	0	D6	FF
10541	0	D6	FF
10542	0	0A	FF
10543	0	0A	FF
10544	0	0A	FF
10545	0	0A	FF
10546	0	0A	FF
10547	2	0A	FF
10548	2	0A	FF
10549	1	0A	FF
10550	1	0A	FF
10551	2	0A	FF
10552	2	0A	FF
10553	1	0A	FF
10554	1	0A	FF
10555	2	0A	FF
10556	2	0A	FF
10557	2	0A	FF
10558	2	0A	FF
10559	2	0A	FF
10560	1	0A	FF
10561	1	0A	FF
10562	2	0A	FF
10563	2	0A	FF
10564	1	0A	FF
10565	1	0A	FF
10566	2	0A	FF
10567	2	0A	FF
10568	1	0A	FF
10569	1	0A	FF
10570	2	0A	FF
10571	2	0A	FF
10572	1	0A	FF
10573	1	0A	FF
10574	2	0A	FF
10575	1	0A	FF
10576	1	0A	FF
10577	2	0A	FF
10578	2	0A	FF
10579	1	0A	FF
10580	1	0A	FF
10581	2	0A	FF
10582	2	0A	FF
10583	1	0A	FF
10584	1	0A	FF
10585	2	0A	FF
10586	2	0A	FF
10587	1	0A	FF
10588	1	0A	FF
10589	2	0A	FF
10590	1	0A	FF
10591	1	0A	FF
10592	2	0A	FF
10593	2	0A	FF
10594	1	0A	FF
10595	1	0A	FF
10596	2	0A	FF
10597	0	0A	FF
10598	0	0A	FF
10599	0	0A	FF
10600	0	0A	FF
10601	0	0A	FF
10602	0	0A	FF
10603	0	0A	FF
10604	0	0A	FF
10605	0	0A	FF
10606	0	0A	FF
10607	0	0A	FF
10608	0	0A	FF
10609	0	0A	FF
10610	0	0A	FF
10611	0	0A	FF
10612	0	0A	FF
10613	0	0A	FF
10614	0	0A	FF
10615	0	0A	FF
10616	0	0A	FF
10617	0	0A	FF
10618	0	0A	FF
10619	0	0A	FF
10620	0	0A	FF
10621	0	0A	FF
10622	0	0A	FF
10623	0	0A	FF
10624	0	0A	FF
10625	0	0A	FF
10626	0	0A	FF
10627	0	0A	FF
10628	0	0A	FF
10629	0	0A	FF
10630	0	0A	FF
10631	0	0A	FF
10632	0	0A	FF
10633	0	0A	FF
10634	0	0A	FF
10635	0	0A	FF
10636	0	0A	FF
10637	0	0A	FF
10638	0	0A	FF
10639	0	0A	FF
10640	0	0A	FF
10641	0	0A	FF
10642	0	0A	FF
10643	0	0A	FF
10644	0	0A	FF
10645	0	0A	FF
10646	0	0A	FF
10647	0	0A	FF
10648	0	0A	FF
10649	0	0A	FF
10650	0	0A	FF
10651	0	0A	FF
10652	0	0A	FF
10653	0	0A	FF
10654	0	0A	FF
10655	0	0A	FF
10656	0	0A	FF
10657	0	0A	FF
10658	0	0A	FF
10659	0	0A	FF
10660	0	0A	FF
10661	0	0A	FF
10662	0	0A	FF
10663	0	0A	FF
10664	0	0A	FF
10665	0	0A	FF
10666	0	0A	FF
10667	0	0A	FF
10668	0	0A	FF
10669	0	0A	FF
10670	0	0A	FF
10671	0	0A	FF
10672	0	0A	FF
10673	0	0A	FF
10674	0	0A	FF
10675	0	0A	FF
10676	0	0A	FF
10677	0	0A	FF
10678	0	0A	FF
10679	0	0A	FF
10680	0	0A	FF
10681	0	0A	FF
10682	0	0A	FF
10683	0	0A	FF
10684	0	0A	FF
10685	0	0A	FF
10686	0	0A	FF
10687	0	0A	FF
10688	0	0A	FF
10689	0	0A	FF
10690	0	0A	FF
10691	0	0A	FF
10692	0	0A	FF
10693	0	0A	FF
10694	0	0A	FF
10695	0	0A	FF
10696	0	0A	FF
10697	0	0A	FF
10698	0	0A	FF
10699	0	0A	FF
10700	0	0A	FF
10701	0	0A	FF
10702	0	0A	FF
10703	0	0A	FF
10704	0	0A	FF
10705	0	0A	FF
10706	0	0A	FF
10707	0	0A	FF
10708	0	0A	FF
10709	0	0A	FF
10710	0	0A	FF
10711	0	0A	FF
10712	0	0A	FF
10713	0	0A	FF
10714	0	0A	FF
10715	0	0A	FF
10716	0	0A	FF
10717	0	0A	FF
10718	0	0A	FF
10719	0	0A	FF
10720	0	0A	FF
10721	0	0A	FF
10722	0	0A	FF
10723	0	0A	FF
10724	0	0A	FF
10725	0	0A	FF
10726	0	0A	FF
10727	0	0A	FF
10728	0	0A	FF
10729	0	0A	FF
10730	0	0A	FF
10731	0	0A	FF
10732	0	0A	FF
10733	0	0A	FF
10734	0	0A	FF
10735	0	0A	FF
10736	0	0A	FF
10737	0	0A	FF
10738	0	0A	FF
10739	0	0A	FF
10740	0	0A	FF
10741	0	0A	FF
10742	0	0A	FF
10743	0	0A	FF
10744	0	0A	FF
10745	0	0A	FF
10746	0	0A	FF
10747	0	0A	FF
10748	0	0A	FF
10749	0	0A	FF
10750	0	0A	FF
10751	0	0A	FF
10752	0	0A	FF
10753	0	0A	FF
10754	0	0A	FF
10755	0	0A	FF
10756	0	0A	FF
10757	0	0A	FF
10758	0	0A	FF
10759	0	0A	FF
10760	0	0A	FF
10761	0	0A	FF
10762	0	0A	FF
10763	0	0A	FF
10764	0	0A	FF
10765	0	0A	FF
10766	0	0A	FF
10767	0	0A	FF
10768	0	0A	FF
10769	0	0A	FF
10770	0	0A	FF
10771	0	0A	FF
10772	0	0A	FF
10773	0	0A	FF
10774	0	0A	FF
10775	0	0A	FF
10776	0	0A	FF
10777	0	0A	FF
10778	0	0A	FF
10779	0	0A	FF
10780	0	0A	FF
10781	0	0A	FF
10782	0	0A	FF
10783	0	0A	FF
10784	0	0A	FF
10785	0	0A	FF
10786	0	0A	FF
10787	0	0A	FF
10788	0	0A	FF
10789	0	0A	FF
10790	0	0A	FF
10791	0	0A	FF
10792	0	0A	FF
10793	0	0A	FF
10794	0	0A	FF
10795	0	0A	FF
10796	0	0A	FF
10797	0	0A	FF
10798	0	0A	FF
10799	0	0A	FF
10800	0	0A	FF
10801	0	0A	FF
10802	0	0A	FF
10803	0	0A	FF
10804	0	0A	FF
10805	0	0A	FF
10806	0	0A	FF
10807	0	0A	FF
10808	0	0A	FF
10809	0	0A	FF
10810	0	0A	FF
10811	0	0A	FF
10812	0	0A	FF
10813	0	0A	FF
10814	0	0A	FF
10815	0	0A	FF
10816	0	0A	FF
10817	0	0A	FF
10818	0	0A	FF
10819	0	0A	FF
10820	0	0A	FF
10821	0	0A	FF
10822	0	0A	FF
10823	0	0A	FF
10824	0	0A	FF
10825	0	0A	FF
10826	0	0A	FF
10827	0	0A	FF
10828	0	0A	FF
10829	0	0A	FF
10830	0	0A	FF
10831	0	0A	FF
10832	0	0A	FF
10833	0	0A	FF
10834	0	0A	FF
10835	0	0A	FF
10836	0	0A	FF
10837	0	0A	FF
10838	0	0A	FF
10839	1	0A	FF
10840	1	0A	FF
10841	1	0A	FF
10842	0	0A	FF
10843	1	0A	FF
10844	1	0A	FF
10845	1	0A	FF
10846	1	0A	FF
10847	1	0A	FF
10848	1	0A	FF
10849	0	0A	FF
10850	1	0A	FF
10851	1	0A	FF
10852	1	0A	FF
10853	0	0A	FF
10854	1	0A	FF
10855	1	0A	FF
10856	1	0A	FF
10857	0	0A	FF
10858	1	0A	FF
10859	1	0A	FF
10860	1	0A	FF
10861	0	0A	FF
10862	1	0A	FF
10863	1	0A	FF
10864	0	0A	FF
10865	1	0A	FF
10866	1	0A	FF
10867	1	0A	FF
10868	0	0A	FF
10869	1	0A	FF
10870	1	0A	FF
10871	1	0A	FF
10872	0	0A	FF
10873	1	0A	FF
10874	1	0A	FF
10875	1	0A	FF
10876	0	0A	FF
10877	1	0A	FF
10878	1	0A	FF
10879	0	0A	FF
10880	1	0A	FF
10881	1	0A	FF
10882	1	0A	FF
10883	0	0A	FF
10884	1	0A	FF
10885	1	0A	FF
10886	1	0A	FF
10887	0	0A	FF
10888	1	0A	FF
10889	1	0A	FF
10890	1	0A	FF
10891	0	0A	FF
10892	0	0A	FF
10893	0	0A	FF
10894	0	0A	FF
10895	0	0A	FF
10896	0	0A	FF
10897	0	0A	FF
10898	0	0A	FF
10899	0	0A	FF
10900	0	0A	FF
10901	0	0A	FF
10902	1	0A	FF
10903	0	0A	FF
10904	0	0A	FF
10905	0	0A	FF
10906	0	0A	FF
10907	0	0A	FF
10908	0	0A	FF
10909	0	0A	FF
10910	0	0A	FF
10911	0	0A	FF
10912	0	0A	FF
10913	0	0A	FF
10914	0	0A	FF
10915	0	0A	FF
10916	0	0A	FF
10917	0	0A	FF
10918	0	0A	FF
10919	0	0A	FF
10920	0	0A	FF
10921	0	0A	FF
10922	0	0A	FF
10923	0	0A	FF
10924	0	0A	FF
10925	0	0A	FF
10926	0	0A	FF
10927	0	0A	FF
10928	0	0A	FF
10929	0	0A	FF
10930	0	0A	FF
10931	0	0A	FF
10932	0	0A	FF
10933	0	0A	FF
10934	0	0A	FF
10935	0	0A	FF
10936	0	0A	FF
10937	0	0A	FF
10938	0	0A	FF
10939	0	0A	FF
10940	0	0A	FF
10941	0	0A	FF
10942	0	0A	FF
10943	0	0A	FF
10944	0	0A	FF
10945	0	0A	FF
10946	0	0A	FF
10947	0	0A	FF
10948	0	0A	FF
10949	0	0A	FF
10950	0	0A	FF
10951	0	0A	FF
10952	0	0A	FF
10953	0	0A	FF
10954	0	0A	FF
10955	0	0A	FF
10956	0	0A	FF
10957	0	0A	FF
10958	0	0A	FF
10959	0	0A	FF
10960	0	0A	FF
10961	0	0A	FF
10962	0	0A	FF
10963	0	0A	FF
10964	0	0A	FF
10965	0	0A	FF
10966	0	0A	FF
10967	0	0A	FF
10968	0	0A	FF
10969	0	0A	FF
10970	0	0A	FF
10971	0	0A	FF
10972	0	0A	FF
10973	0	0A	FF
10974	0	0A	FF
10975	0	0A	FF
10976	0	0A	FF
10977	0	0A	FF
10978	0	0A	FF
10979	0	0A	FF
10980	0	0A	FF
10981	0	0A	FF
10982	0	0A	FF
10983	0	0A	FF
10984	0	0A	FF
10985	0	0A	FF
10986	0	0A	FF
10987	0	0A	FF
10988	0	0A	FF
10989	0	0A	FF
10990	0	0A	FF
10991	0	0A	FF
10992	0	0A	FF
10993	0	0A	FF
10994	0	0A	FF
10995	0	0A	FF
10996	0	0A	FF
10997	0	0A	FF
10998	0	0A	FF
10999	0	0A	FF
11000	0	0A	FF
11001	0	0A	FF
11002	0	0A	FF
11003	0	0A	FF
11004	0	0A	FF
11005	0	0A	FF
11006	0	0A	FF
11007	0	0A	FF
11008	0	0A	FF
11009	0	0A	FF
11010	0	0A	FF
11011	0	0A	FF
11012	0	0A	FF
11013	0	0A	FF
11014	0	0A	FF
11015	0	0A	FF
11016	0	0A	FF
11017	0	0A	FF
11018	0	0A	FF
11019	0	0A	FF
11020	0	0A	FF
11021	0	0A	FF
11022	0	0A	FF
11023	0	0A	FF
11024	0	0A	FF
11025	0	0A	FF
11026	0	0A	FF
11027	0	0A	FF
11028	0	0A	FF
11029	0	0A	FF
11030	0	0A	FF
11031	0	0A	FF
11032	0	0A	FF
11033	0	0A	FF
11034	0	0A	FF
11035	0	0A	FF
11036	0	0A	FF
11037	0	0A	FF
11038	0	0A	FF
11039	0	0A	FF
11040	0	0A	FF
11041	0	0A	FF
11042	0	0A	FF
11043	0	0A	FF
11044	0	0A	FF
11045	0	0A	FF
11046	0	0A	FF
11047	0	0A	FF
11048	0	0A	FF
11049	0	0A	FF
11050	0	0A	FF
11051	0	0A	FF
11052	0	0A	FF
11053	0	0A	FF
11054	0	0A	FF
11055	0	0A	FF
11056	0	0A	FF
11057	0	0A	FF
11058	0	0A	FF
11059	0	0A	FF
11060	0	0A	FF
11061	0	0A	FF
11062	0	0A	FF
11063	0	0A	FF
11064	0	0A	FF
11065	0	0A	FF
11066	0	0A	FF
11067	0	0A	FF
11068	0	0A	FF
11069	0	0A	FF
11070	0	0A	FF
11071	0	0A	FF
11072	0	0A	FF
11073	0	0A	FF
11074	0	0A	FF
11075	0	0A	FF
11076	0	0A	FF
11077	0	0A	FF
11078	0	0A	FF
11079	0	0A	FF
11080	0	0A	FF
11081	0	0A	FF
11082	0	0A	FF
11083	0	0A	FF
11084	0	0A	FF
11085	0	0A	FF
11086	0	0A	FF
11087	0	0A	FF
11088	0	0A	FF
11089	0	0A	FF
11090	0	0A	FF
11091	0	0A	FF
11092	0	0A	FF
11093	0	0A	FF
11094	0	0A	FF
11095	0	0A	FF
11096	0	0A	FF
11097	0	0A	FF
11098	0	0A	FF
11099	0	0A	FF
11100	0	0A	FF
11101	0	0A	FF
11102	0	0A	FF
11103	0	0A	FF
11104	0	0A	FF
11105	0	0A	FF
11106	0	0A	FF
11107	0	0A	FF
11108	0	0A	FF
11109	0	0A	FF
11110	0	0A	FF
11111	0	0A	FF
11112	0	0A	FF
11113	0	0A	FF
11114	0	0A	FF
11115	0	0A	FF
11116	0	0A	FF
11117	0	0A	FF
11118	0	0A	FF
11119	0	0A	FF
11120	0	0A	FF
11121	0	0A	FF
11122	0	0A	FF
11123	0	0A	FF
11124	0	0A	FF
11125	0	0A	FF
11126	0	0A	FF
11127	0	0A	FF
11128	0	0A	FF
11129	0	0A	FF
11130	0	0A	FF
11131	0	0A	FF
11132	0	0A	FF
11133	0	0A	FF
11134	0	0A	FF
11135	0	0A	FF
11136	0	0A	FF
11137	0	0A	FF
11138	0	0A	FF
11139	0	0A	FF
11140	0	0A	FF
11141	0	0A	FF
11142	0	0A	FF
11143	0	0A	FF
11144	0	0A	FF
11145	0	0A	FF
11146	0	0A	FF
11147	0	0A	FF
11148	0	0A	FF
11149	0	0A	FF
11150	0	0A	FF
11151	0	0A	FF
11152	0	0A	FF
11153	0	0A	FF
11154	0	0A	FF
11155	0	0A	FF
11156	0	0A	FF
11157	0	0A	FF
11158	0	0A	FF
11159	0	0A	FF
11160	0	0A	FF
11161	0	0A	FF
11162	0	0A	FF
11163	0	0A	FF
11164	0	0A	FF
11165	0	0A	FF
11166	0	0A	FF
11167	0	0A	FF
11168	0	0A	FF
11169	0	0A	FF
11170	0	0A	FF
11171	0	0A	FF
11172	0	0A	FF
11173	0	0A	FF
11174	0	0A	FF
11175	0	0A	FF
11176	0	0A	FF
11177	0	0A	FF
11178	0	0A	FF
11179	0	0A	FF
11180	0	0A	FF
11181	0	0A	FF
11182	0	0A	FF
11183	0	0A	FF
11184	0	0A	FF
11185	0	0A	FF
11186	0	0A	FF
11187	0	0A	FF
11188	0	0A	FF
11189	0	0A	FF
11190	0	0A	FF
11191	0	0A	FF
11192	0	0A	FF
11193	0	0A	FF
11194	0	0A	FF
11195	0	0A	FF
11196	0	0A	FF
11197	0	0A	FF
11198	0	0A	FF
11199	0	0A	FF
11200	0	0A	FF
11201	0	0A	FF
11202	0	0A	FF
11203	0	0A	FF
11204	0	0A	FF
11205	0	0A	FF
11206	0	0A	FF
11207	0	0A	FF
11208	0	0A	FF
11209	0	0A	FF
11210	0	0A	FF
11211	0	0A	FF
11212	0	0A	FF
11213	0	0A	FF
11214	0	0A	FF
11215	0	0A	FF
11216	0	0A	FF
11217	0	0A	FF
11218	0	0A	FF
11219	0	0A	FF
11220	0	0A	FF
11221	0	0A	FF
11222	0	0A	FF
11223	0	0A	FF
11224	0	0A	FF
11225	0	0A	FF
11226	0	0A	FF
11227	0	0A	FF
11228	0	0A	FF
11229	0	0A	FF
11230	0	0A	FF
11231	0	0A	FF
11232	0	0A	FF
11233	0	0A	FF
11234	0	0A	FF
11235	0	0A	FF
11236	0	0A	FF
11237	0	0A	FF
11238	0	0A	FF
11239	0	0A	FF
11240	0	0A	FF
11241	0	0A	FF
11242	0	0A	FF
11243	0	0A	FF
11244	0	0A	FF
11245	0	0A	FF
11246	0	0A	FF
11247	0	0A	FF
11248	0	0A	FF
11249	0	0A	FF
11250	0	0A	FF
11251	0	0A	FF
11252	0	0A	FF
11253	0	0A	FF
11254	0	0A	FF
11255	0	0A	FF
11256	0	0A	FF
11257	0	0A	FF
11258	0	0A	FF
11259	0	0A	FF
11260	0	0A	FF
11261	0	0A	FF
11262	0	0A	FF
11263	0	0A	FF
11264	0	0A	FF
11265	0	0A	FF
11266	0	0A	FF
11267	0	0A	FF
11268	0	0A	FF
11269	0	0A	FF
11270	0	0A	FF
11271	0	0A	FF
11272	0	0A	FF
11273	0	0A	FF
11274	0	0A	FF
11275	0	0A	FF
11276	0	0A	FF
11277	0	0A	FF
11278	0	0A	FF
11279	0	0A	FF
11280	0	0A	FF
11281	0	0A	FF
11282	0	0A	FF
11283	0	0A	FF
11284	0	0A	FF
11285	0	0A	FF
11286	0	0A	FF
11287	0	0A	FF
11288	0	0A	FF
11289	0	0A	FF
11290	0	0A	FF
11291	0	0A	FF
11292	0	0A	FF
11293	0	0A	FF
11294	0	0A	FF
11295	0	0A	FF
11296	0	0A	FF
11297	0	0A	FF
11298	0	0A	FF
11299	0	0A	FF
11300	0	0A	FF
11301	0	0A	FF
11302	0	0A	FF
11303	0	0A	FF
11304	0	0A	FF
11305	0	0A	FF
11306	0	0A	FF
11307	0	0A	FF
11308	0	0A	FF
11309	0	0A	FF
11310	0	0A	FF
11311	0	0A	FF
11312	0	0A	FF
11313	0	0A	FF
11314	0	0A	FF
11315	0	0A	FF
11316	0	0A	FF
11317	0	0A	FF
11318	0	0A	FF
11319	0	0A	FF
11320	0	0A	FF
11321	0	0A	FF
11322	0	0A	FF
11323	0	0A	FF
11324	0	0A	FF
11325	0	0A	FF
11326	0	0A	FF
11327	0	0A	FF
11328	0	0A	FF
11329	0	0A	FF
11330	0	0A	FF
11331	0	0A	FF
11332	0	0A	FF
11333	0	0A	FF
11334	0	0A	FF
11335	0	0A	FF
11336	0	0A	FF
11337	0	0A	FF
11338	0	0A	FF
11339	0	0A	FF
11340	0	0A	FF
11341	0	0A	FF
11342	0	0A	FF
11343	0	0A	FF
11344	0	0A	FF
11345	0	0A	FF
11346	0	0A	FF
11347	0	0A	FF
11348	0	0A	FF
11349	0	0A	FF
11350	0	0A	FF
11351	0	0A	FF
11352	0	0A	FF
11353	0	0A	FF
11354	0	0A	FF
11355	0	0A	FF
11356	0	0A	FF
11357	0	0A	FF
11358	0	0A	FF
11359	0	0A	FF
11360	0	0A	FF
11361	0	0A	FF
11362	0	0A	FF
11363	0	0A	FF
11364	0	0A	FF
11365	0	0A	FF
11366	0	0A	FF
11367	0	0A	FF
11368	0	0A	FF
11369	0	0A	FF
11370	0	0A	FF
11371	0	0A	FF
11372	0	0A	FF
11373	0	0A	FF
11374	0	0A	FF
11375	0	0A	FF
11376	0	0A	FF
11377	0	0A	FF
11378	0	0A	FF
11379	0	0A	FF
11380	0	0A	FF
11381	0	0A	FF
11382	0	0A	FF
11383	0	0A	FF
11384	0	0A	FF
11385	0	0A	FF
11386	0	0A	FF
11387	0	0A	FF
11388	0	0A	FF
11389	0	0A	FF
11390	0	0A	FF
11391	0	0A	FF
11392	0	0A	FF
11393	0	0A	FF
11394	0	0A	FF
11395	0	0A	FF
11396	0	0A	FF
11397	0	0A	FF
11398	0	0A	FF
11399	0	0A	FF
11400	0	0A	FF
11401	0	0A	FF
11402	0	0A	FF
11403	0	0A	FF
11404	0	0A	FF
11405	0	0A	FF
11406	0	0A	FF
11407	0	0A	FF
11408	0	0A	FF
11409	0	0A	FF
11410	0	0A	FF
11411	0	0A	FF
11412	0	0A	FF
11413	0	0A	FF
11414	0	0A	FF
11415	0	0A	FF
11416	0	0A	FF
11417	0	0A	FF
11418	0	0A	FF
11419	0	0A	FF
11420	0	0A	FF
11421	0	0A	FF
11422	0	0A	FF
11423	0	0A	FF
11424	0	0A	FF
11425	0	0A	FF
11426	0	0A	FF
11427	0	0A	FF
11428	0	0A	FF
11429	0	0A	FF
11430	0	0A	FF
11431	0	0A	FF
11432	0	0A	FF
11433	0	0A	FF
11434	0	0A	FF
11435	0	0A	FF
11436	0	0A	FF
11437	0	0A	FF
11438	0	0A	FF
11439	0	0A	FF
11440	0	0A	FF
11441	0	0A	FF
11442	0	0A	FF
11443	0	0A	FF
11444	0	0A	FF
11445	0	0A	FF
11446	0	0A	FF
11447	0	0A	FF
11448	0	0A	FF
11449	0	0A	FF
11450	0	0A	FF
11451	0	0A	FF
11452	0	0A	FF
11453	0	0A	FF
11454	0	0A	FF
11455	0	0A	FF
11456	0	0A	FF
11457	0	0A	FF
11458	0	0A	FF
11459	0	0A	FF
11460	0	0A	FF
11461	0	0A	FF
11462	0	0A	FF
11463	0	0A	FF
11464	0	0A	FF
11465	0	0A	FF
11466	0	0A	FF
11467	0	0A	FF
11468	0	0A	FF
11469	0	0A	FF
11470	0	0A	FF
11471	0	0A	FF
11472	0	0A	FF
11473	0	0A	FF
11474	0	0A	FF
11475	0	0A	FF
11476	0	0A	FF
11477	0	0A	FF
11478	0	0A	FF
11479	0	0A	FF
11480	0	0A	FF
11481	0	0A	FF
11482	0	0A	FF
11483	0	0A	FF
11484	0	0A	FF
11485	0	0A	FF
11486	0	0A	FF
11487	0	0A	FF
11488	0	0A	FF
11489	0	0A	FF
11490	0	0A	FF
11491	0	0A	FF
11492	0	0A	FF
11493	0	0A	FF
11494	0	0A	FF
11495	0	0A	FF
11496	0	0A	FF
11497	0	0A	FF
11498	0	0A	FF
11499	0	0A	FF
11500	0	0A	FF
11501	0	0A	FF
11502	0	0A	FF
11503	0	0A	FF
11504	0	0A	FF
11505	0	0A	FF
11506	0	0A	FF
11507	0	0A	FF
11508	0	0A	FF
11509	0	0A	FF
11510	0	0A	FF
11511	0	0A	FF
11512	0	0A	FF
11513	0	0A	FF
11514	0	0A	FF
11515	0	0A	FF
11516	0	0A	FF
11517	0	0A	FF
11518	0	0A	FF
11519	0	0A	FF
11520	0	0A	FF
11521	0	0A	FF
11522	0	0A	FF
11523	0	0A	FF
11524	0	0A	FF
11525	0	0A	FF
11526	0	0A	FF
11527	0	0A	FF
11528	0	0A	FF
11529	0	0A	FF
11530	0	0A	FF
11531	0	0A	FF
11532	0	0A	FF
11533	0	0A	FF
11534	0	0A	FF
11535	0	0A	FF
11536	0	0A	FF
11537	0	0A	FF
11538	0	0A	FF
11539	0	0A	FF
11540	0	0A	FF
11541	0	0A	FF
11542	0	0A	FF
11543	0	0A	FF
11544	0	0A	FF
11545	0	0A	FF
11546	0	0A	FF
11547	0	0A	FF
11548	0	0A	FF
11549	0	0A	FF
11550	0	0A	FF
11551	0	0A	FF
11552	0	0A	FF
11553	0	0A	FF
11554	0	0A	FF
11555	0	0A	FF
11556	0	0A	FF
11557	0	0A	FF
11558	0	0A	FF
11559	0	0A	FF
11560	0	0A	FF
11561	0	0A	FF
11562	0	0A	FF
11563	0	0A	FF
11564	0	0A	FF
11565	0	0A	FF
11566	0	0A	FF
11567	0	0A	FF
11568	0	0A	FF
11569	0	0A	FF
11570	0	0A	FF
11571	0	0A	FF
11572	0	0A	FF
11573	0	0A	FF
11574	0	0A	FF
11575	0	0A	FF
11576	0	0A	FF
11577	0	0A	FF
11578	0	0A	FF
11579	0	0A	FF
11580	0	0A	FF
11581	0	0A	FF
11582	0	0A	FF
11583	0	0A	FF
11584	0	0A	FF
11585	0	0A	FF
11586	0	0A	FF
11587	0	0A	FF
11588	0	0A	FF
11589	0	0A	FF
11590	0	0A	FF
11591	0	0A	FF
11592	0	0A	FF
11593	0	0A	FF
11594	0	0A	FF
11595	0	0A	FF
11596	0	0A	FF
11597	0	0A	FF
11598	0	0A	FF
11599	0	0A	FF
11600	0	0A	FF
11601	0	0A	FF
11602	0	0A	FF
11603	0	0A	FF
11604	0	0A	FF
11605	0	0A	FF
11606	0	0A	FF
11607	0	0A	FF
11608	0	0A	FF
11609	0	0A	FF
11610	0	0A	FF
11611	0	0A	FF
11612	0	0A	FF
11613	0	0A	FF
11614	0	0A	FF
11615	0	0A	FF
11616	0	0A	FF
11617	0	0A	FF
11618	0	0A	FF
11619	0	0A	FF
11620	0	0A	FF
11621	0	0A	FF
11622	0	0A	FF
11623	0	0A	FF
11624	0	0A	FF
11625	0	0A	FF
11626	0	0A	FF
11627	0	0A	FF
11628	0	0A	FF
11629	0	0A	FF
11630	0	0A	FF
11631	0	0A	FF
11632	0	0A	FF
11633	0	0A	FF
11634	0	0A	FF
11635	0	0A	FF
11636	0	0A	FF
11637	0	0A	FF
11638	0	0A	FF
11639	0	0A	FF
11640	0	0A	FF
11641	0	0A	FF
11642	0	0A	FF
11643	0	0A	FF
11644	0	0A	FF
11645	0	0A	FF
11646	0	0A	FF
11647	0	0A	FF
11648	0	0A	FF
11649	0	0A	FF
11650	0	0A	FF
11651	0	0A	FF
11652	0	0A	FF
11653	0	0A	FF
11654	0	0A	FF
11655	0	0A	FF
11656	0	0A	FF
11657	0	0A	FF
11658	0	0A	FF
11659	0	0A	FF
11660	0	0A	FF
11661	0	0A	FF
11662	0	0A	FF
11663	0	0A	FF
11664	0	0A	FF
11665	0	0A	FF
11666	0	0A	FF
11667	0	0A	FF
11668	0	0A	FF
11669	0	0A	FF
11670	0	0A	FF
11671	0	0A	FF
11672	0	0A	FF
11673	0	0A	FF
11674	0	0A	FF
11675	0	0A	FF
11676	0	0A	FF
11677	0	0A	FF
11678	0	0A	FF
11679	0	0A	FF
11680	0	0A	FF
11681	0	0A	FF
11682	0	0A	FF
11683	0	0A	FF
11684	0	0A	FF
11685	0	0A	FF
11686	0	0A	FF
11687	0	0A	FF
11688	0	0A	FF
11689	0	0A	FF
11690	0	0A	FF
11691	0	0A	FF
11692	0	0A	FF
11693	0	0A	FF
11694	0	0A	FF
11695	0	0A	FF
11696	0	0A	FF
11697	0	0A	FF
11698	0	0A	FF
11699	0	0A	FF
11700	0	0A	FF
11701	0	0A	FF
11702	0	0A	FF
11703	0	0A	FF
11704	0	0A	FF
11705	0	0A	FF
11706	0	0A	FF
11707	0	0A	FF
11708	0	0A	FF
11709	0	0A	FF
11710	0	0A	FF
11711	0	0A	FF
11712	0	0A	FF
11713	0	0A	FF
11714	0	0A	FF
11715	0	0A	FF
11716	0	0A	FF
11717	0	0A	FF
11718	0	0A	FF
11719	0	0A	FF
11720	0	0A	FF
11721	0	0A	FF
11722	0	0A	FF
11723	0	0A	FF
11724	0	0A	FF
11725	0	0A	FF
11726	0	0A	FF
11727	0	0A	FF
11728	0	0A	FF
11729	0	0A	FF
11730	0	0A	FF
11731	0	0A	FF
11732	0	0A	FF
11733	0	0A	FF
11734	0	0A	FF
11735	0	0A	FF
11736	0	0A	FF
11737	0	0A	FF
11738	0	0A	FF
11739	0	0A	FF
11740	0	0A	FF
11741	0	0A	FF
11742	0	0A	FF
11743	0	0A	FF
11744	0	0A	FF
11745	0	0A	FF
11746	0	0A	FF
11747	0	0A	FF
11748	0	0A	FF
11749	0	0A	FF
11750	0	0A	FF
11751	0	0A	FF
11752	0	0A	FF
11753	0	0A	FF
11754	0	0A	FF
11755	0	0A	FF
11756	0	0A	FF
11757	0	0A	FF
11758	0	0A	FF
11759	0	0A	FF
11760	0	0A	FF
11761	0	0A	FF
11762	0	0A	FF
11763	0	0A	FF
11764	0	0A	FF
11765	0	0A	FF
11766	0	0A	FF
11767	0	0A	FF
11768	0	0A	FF
11769	0	0A	FF
11770	0	0A	FF
11771	0	0A	FF
11772	0	0A	FF
11773	0	0A	FF
11774	0	0A	FF
11775	0	0A	FF
11776	0	0A	FF
11777	0	0A	FF
11778	0	0A	FF
11779	0	0A	FF
11780	0	0A	FF
11781	0	0A	FF
11782	0	0A	FF
11783	0	0A	FF
11784	0	0A	FF
11785	0	0A	FF
11786	0	0A	FF
11787	0	0A	FF
11788	0	0A	FF
11789	0	0A	FF
11790	0	0A	FF
11791	0	0A	FF
11792	0	0A	FF
11793	0	0A	FF
11794	0	0A	FF
11795	0	0A	FF
11796	0	0A	FF
11797	0	0A	FF
11798	0	0A	FF
11799	0	0A	FF
11800	0	0A	FF
11801	0	0A	FF
11802	0	0A	FF
11803	0	0A	FF
11804	0	0A	FF
11805	0	0A	FF
11806	0	0A	FF
11807	0	0A	FF
11808	0	0A	FF
11809	0	0A	FF
11810	0	0A	FF
11811	0	0A	FF
11812	0	0A	FF
11813	0	0A	FF
11814	0	0A	FF
11815	0	0A	FF
11816	0	0A	FF
11817	0	0A	FF
11818	0	0A	FF
11819	0	0A	FF
11820	0	0A	FF
11821	0	0A	FF
11822	0	0A	FF
11823	0	0A	FF
11824	0	0A	FF
11825	0	0A	FF
11826	0	0A	FF
11827	0	0A	FF
11828	0	0A	FF
11829	0	0A	FF
11830	0	0A	FF
11831	0	0A	FF
11832	0	0A	FF
11833	0	0A	FF
11834	0	0A	FF
11835	0	0A	FF
11836	0	0A	FF
11837	0	0A	FF
11838	0	0A	FF
11839	0	0A	FF
11840	0	0A	FF
11841	0	0A	FF
11842	0	0A	FF
11843	0	0A	FF
11844	0	0A	FF
11845	0	0A	FF
11846	0	0A	FF
11847	0	0A	FF
11848	0	0A	FF
11849	0	0A	FF
11850	0	0A	FF
11851	0	0A	FF
11852	0	0A	FF
11853	0	0A	FF
11854	0	0A	FF
11855	0	0A	FF
11856	0	0A	FF
11857	0	0A	FF
11858	0	0A	FF
11859	0	0A	FF
11860	0	0A	FF
11861	0	0A	FF
11862	0	0A	FF
11863	0	0A	FF
11864	0	0A	FF
11865	0	0A	FF
11866	0	0A	FF
11867	0	0A	FF
11868	0	0A	FF
11869	0	0A	FF
11870	0	0A	FF
11871	0	0A	FF
11872	0	0A	FF
11873	0	0A	FF
11874	0	0A	FF
11875	0	0A	FF
11876	0	0A	FF
11877	0	0A	FF
11878	0	0A	FF
11879	0	0A	FF
11880	0	0A	FF
11881	0	0A	FF
11882	0	0A	FF
11883	0	0A	FF
11884	0	0A	FF
11885	0	0A	FF
11886	0	0A	FF
11887	0	0A	FF
11888	0	0A	FF
11889	0	0A	FF
11890	0	0A	FF
11891	0	0A	FF
11892	0	0A	FF
11893	0	0A	FF
11894	0	0A	FF
11895	0	0A	FF
11896	0	0A	FF
11897	0	0A	FF
11898	0	0A	FF
11899	0	0A	FF
11900	0	0A	FF
11901	0	0A	FF
11902	0	0A	FF
11903	0	0A	FF
11904	0	0A	FF
11905	0	0A	FF
11906	0	0A	FF
11907	0	0A	FF
11908	0	0A	FF
11909	0	0A	FF
11910	0	0A	FF
11911	0	0A	FF
11912	0	0A	FF
11913	0	0A	FF
11914	0	0A	FF
11915	0	0A	FF
11916	0	0A	FF
11917	0	0A	FF
11918	0	0A	FF
11919	0	0A	FF
11920	0	0A	FF
11921	0	0A	FF
11922	0	0A	FF
11923	0	0A	FF
11924	0	0A	FF
11925	0	0A	FF
11926	0	0A	FF
11927	0	0A	FF
11928	0	0A	FF
11929	0	0A	FF
11930	0	0A	FF
11931	0	0A	FF
11932	0	0A	FF
11933	0	0A	FF
11934	0	0A	FF
11935	0	0A	FF
11936	0	0A	FF
11937	0	0A	FF
11938	0	0A	FF
11939	0	0A	FF
11940	0	0A	FF
11941	0	0A	FF
11942	0	0A	FF
11943	0	0A	FF
11944	0	0A	FF
11945	0	0A	FF
11946	0	0A	FF
11947	0	0A	FF
11948	0	0A	FF
11949	0	0A	FF
11950	0	0A	FF
11951	0	0A	FF
11952	0	0A	FF
11953	0	0A	FF
11954	0	0A	FF
11955	0	0A	FF
11956	0	0A	FF
11957	0	0A	FF
11958	0	0A	FF
11959	0	0A	FF
11960	0	0A	FF
11961	0	0A	FF
11962	0	0A	FF
11963	0	0A	FF
11964	0	0A	FF
11965	0	0A	FF
11966	0	0A	FF
11967	0	0A	FF
11968	0	0A	FF
11969	0	0A	FF
11970	0	0A	FF
11971	0	0A	FF
11972	0	0A	FF
11973	0	0A	FF
11974	0	0A	FF
11975	0	0A	FF
11976	0	0A	FF
11977	0	0A	FF
11978	0	0A	FF
11979	0	0A	FF
11980	0	0A	FF
11981	0	0A	FF
11982	0	0A	FF
11983	0	0A	FF
11984	0	0A	FF
11985	0	0A	FF
11986	0	0A	FF
11987	0	0A	FF
11988	0	0A	FF
11989	0	0A	FF
11990	0	0A	FF
11991	0	0A	FF
11992	0	0A	FF
11993	0	0A	FF
11994	0	0A	FF
11995	0	0A	FF
11996	0	0A	FF
11997	0	0A	FF
11998	0	0A	FF
11999	0	0A	FF
12000	0	0A	FF
12001	0	0A	FF
12002	0	0A	FF
12003	0	0A	FF
12004	0	0A	FF
12005	0	0A	FF
12006	0	0A	FF
12007	0	0A	FF
12008	0	0A	FF
12009	0	0A	FF
12010	0	0A	FF
12011	0	0A	FF
12012	0	0A	FF
12013	0	0A	FF
12014	0	0A	FF
12015	0	0A	FF
12016	0	0A	FF
12017	0	0A	FF
12018	0	0A	FF
12019	0	0A	FF
12020	0	0A	FF
12021	0	0A	FF
12022	0	0A	FF
12023	0	0A	FF
12024	0	0A	FF
12025	0	0A	FF
12026	0	0A	FF
12027	0	0A	FF
12028	0	0A	FF
12029	0	0A	FF
12030	0	0A	FF
12031	0	0A	FF
12032	0	0A	FF
12033	0	0A	FF
12034	0	0A	FF
12035	0	0A	FF
12036	0	0A	FF
12037	0	0A	FF
12038	0	0A	FF
12039	0	0A	FF
12040	0	0A	FF
12041	0	0A	FF
12042	0	0A	FF
12043	0	0A	FF
12044	0	0A	FF
12045	0	0A	FF
12046	0	0A	FF
12047	0	0A	FF
12048	0	0A	FF
12049	0	0A	FF
12050	0	0A	FF
12051	0	0A	FF
12052	0	0A	FF
12053	0	0A	FF
12054	0	0A	FF
12055	0	0A	FF
12056	0	0A	FF
12057	0	0A	FF
12058	0	0A	FF
12059	0	0A	FF
12060	0	0A	FF
12061	0	0A	FF
12062	0	0A	FF
12063	0	0A	FF
12064	0	0A	FF
12065	0	0A	FF
12066	0	0A	FF
12067	0	0A	FF
12068	0	0A	FF
12069	0	0A	FF
12070	0	0A	FF
12071	0	0A	FF
12072	0	0A	FF
12073	0	0A	FF
12074	0	0A	FF
12075	0	0A	FF
12076	0	0A	FF
12077	0	0A	FF
12078	0	0A	FF
12079	0	0A	FF
12080	0	0A	FF
12081	0	0A	FF
12082	0	0A	FF
12083	0	0A	FF
12084	0	0A	FF
12085	0	0A	FF
12086	0	0A	FF
12087	0	0A	FF
12088	0	0A	FF
12089	0	0A	FF
12090	0	0A	FF
12091	0	0A	FF
12092	0	0A	FF
12093	0	0A	FF
12094	0	0A	FF
12095	0	0A	FF
12096	0	0A	FF
12097	0	0A	FF
12098	0	0A	FF
12099	0	0A	FF
12100	0	0A	FF
12101	0	0A	FF
12102	0	0A	FF
12103	0	0A	FF
12104	0	0A	FF
12105	0	0A	FF
12106	0	0A	FF
12107	0	0A	FF
12108	0	0A	FF
12109	0	0A	FF
12110	0	0A	FF
12111	0	0A	FF
12112	0	0A	FF
12113	0	0A	FF
12114	0	0A	FF
12115	0	0A	FF
12116	0	0A	FF
12117	0	0A	FF
12118	0	0A	FF
12119	0	0A	FF
12120	0	0A	FF
12121	0	0A	FF
12122	0	0A	FF
12123	0	0A	FF
12124	0	0A	FF
12125	0	0A	FF
12126	0	0A	FF
12127	0	0A	FF
12128	0	0A	FF
12129	0	0A	FF
12130	0	0A	FF
12131	0	0A	FF
12132	0	0A	FF
12133	0	0A	FF
12134	0	0A	FF
12135	0	0A	FF
12136	0	0A	FF
12137	0	0A	FF
12138	0	0A	FF
12139	0	0A	FF
12140	0	0A	FF
12141	0	0A	FF
12142	0	0A	FF
12143	0	0A	FF
12144	0	0A	FF
12145	0	0A	FF
12146	0	0A	FF
12147	0	0A	FF
12148	0	0A	FF
12149	0	0A	FF
12150	0	0A	FF
12151	0	0A	FF
12152	0	0A	FF
12153	0	0A	FF
12154	0	0A	FF
12155	0	0A	FF
12156	0	0A	FF
12157	0	0A	FF
12158	0	0A	FF
12159	0	0A	FF
12160	0	0A	FF
12161	0	0A	FF
12162	0	0A	FF
12163	0	0A	FF
12164	0	0A	FF
12165	0	0A	FF
12166	0	0A	FF
12167	0	0A	FF
12168	0	0A	FF
12169	0	0A	FF
12170	0	0A	FF
12171	0	0A	FF
12172	0	0A	FF
12173	0	0A	FF
12174	0	0A	FF
12175	0	0A	FF
12176	0	0A	FF
12177	0	0A	FF
12178	0	0A	FF
12179	0	0A	FF
12180	0	0A	FF
12181	0	0A	FF
12182	0	0A	FF
12183	0	0A	FF
12184	0	0A	FF
12185	0	0A	FF
12186	0	0A	FF
12187	0	0A	FF
12188	0	0A	FF
12189	0	0A	FF
12190	0	0A	FF
12191	0	0A	FF
12192	0	0A	FF
12193	0	0A	FF
12194	0	0A	FF
12195	0	0A	FF
12196	0	0A	FF
12197	0	0A	FF
12198	0	0A	FF
12199	0	0A	FF
12200	0	0A	FF
12201	0	0A	FF
12202	0	0A	FF
12203	0	0A	FF
12204	0	0A	FF
12205	0	0A	FF
12206	0	0A	FF
12207	0	0A	FF
12208	0	0A	FF
12209	0	0A	FF
12210	0	0A	FF
12211	0	0A	FF
12212	0	0A	FF
12213	0	0A	FF
12214	0	0A	FF
12215	0	0A	FF
12216	0	0A	FF
12217	0	0A	FF
12218	0	0A	FF
12219	0	0A	FF
12220	0	0A	FF
12221	0	0A	FF
12222	0	0A	FF
12223	0	0A	FF
12224	0	0A	FF
12225	0	0A	FF
12226	0	0A	FF
12227	0	0A	FF
12228	0	0A	FF
12229	0	0A	FF
12230	0	0A	FF
12231	0	0A	FF
12232	0	0A	FF
12233	0	0A	FF
12234	0	0A	FF
12235	0	0A	FF
12236	0	0A	FF
12237	0	0A	FF
12238	0	0A	FF
12239	0	0A	FF
12240	0	0A	FF
12241	0	0A	FF
12242	0	0A	FF
12243	0	0A	FF
12244	0	0A	FF
12245	0	0A	FF
12246	0	0A	FF
12247	0	0A	FF
12248	0	0A	FF
12249	0	0A	FF
12250	0	0A	FF
12251	0	0A	FF
12252	0	0A	FF
12253	0	0A	FF
12254	0	0A	FF
12255	0	0A	FF
12256	0	0A	FF
12257	0	0A	FF
12258	0	0A	FF
12259	0	0A	FF
12260	0	0A	FF
12261	0	0A	FF
12262	0	0A	FF
12263	0	0A	FF
12264	0	0A	FF
12265	0	0A	FF
12266	0	0A	FF
12267	0	0A	FF
12268	0	0A	FF
12269	0	0A	FF
12270	0	0A	FF
12271	0	0A	FF
12272	0	0A	FF
12273	0	0A	FF
12274	0	0A	FF
12275	0	0A	FF
12276	0	0A	FF
12277	0	0A	FF
12278	0	0A	FF
12279	0	0A	FF
12280	0	0A	FF
12281	0	0A	FF
12282	0	0A	FF
12283	0	0A	FF
12284	0	0A	FF
12285	0	0A	FF
12286	0	0A	FF
12287	0	0A	FF
12288	0	0A	FF
12289	0	0A	FF
12290	0	0A	FF
12291	0	0A	FF
12292	0	0A	FF
12293	0	0A	FF
12294	0	0A	FF
12295	0	0A	FF
12296	0	0A	FF
12297	0	0A	FF
12298	0	0A	FF
12299	0	0A	FF
12300	0	0A	FF
12301	0	0A	FF
12302	0	0A	FF
12303	0	0A	FF
12304	0	0A	FF
12305	0	0A	FF
12306	0	0A	FF
12307	0	0A	FF
12308	0	0A	FF
12309	0	0A	FF
12310	0	0A	FF
12311	0	0A	FF
12312	0	0A	FF
12313	0	0A	FF
12314	0	0A	FF
12315	0	0A	FF
12316	0	0A	FF
12317	0	0A	FF
12318	0	0A	FF
12319	0	0A	FF
12320	0	0A	FF
12321	0	0A	FF
12322	0	0A	FF
12323	0	0A	FF
12324	0	0A	FF
12325	0	0A	FF
12326	0	0A	FF
12327	0	0A	FF
12328	0	0A	FF
12329	0	0A	FF
12330	0	0A	FF
12331	0	0A	FF
12332	0	0A	FF
12333	0	0A	FF
12334	0	0A	FF
12335	0	0A	FF
12336	0	0A	FF
12337	0	0A	FF
12338	0	0A	FF
12339	0	0A	FF
12340	0	0A	FF
12341	0	0A	FF
12342	0	0A	FF
12343	0	0A	FF
12344	0	0A	FF
12345	0	0A	FF
12346	0	0A	FF
12347	0	0A	FF
12348	0	0A	FF
12349	0	0A	FF
12350	0	0A	FF
12351	0	0A	FF
12352	0	0A	FF
12353	0	0A	FF
12354	0	0A	FF
12355	0	0A	FF
12356	0	0A	FF
12357	0	0A	FF
12358	0	0A	FF
12359	0	0A	FF
12360	0	0A	FF
12361	0	0A	FF
12362	0	0A	FF
12363	0	0A	FF
12364	0	0A	FF
12365	0	0A	FF
12366	0	0A	FF
12367	0	0A	FF
12368	0	0A	FF
12369	0	0A	FF
12370	0	0A	FF
12371	0	0A	FF
12372	0	0A	FF
12373	0	0A	FF
12374	0	0A	FF
12375	0	0A	FF
12376	0	0A	FF
12377	0	0A	FF
12378	0	0A	FF
12379	0	0A	FF
12380	0	0A	FF
12381	0	0A	FF
12382	0	0A	FF
12383	0	0A	FF
12384	0	0A	FF
12385	0	0A	FF
12386	0	0A	FF
12387	0	0A	FF
12388	0	0A	FF
12389	0	0A	FF
12390	0	0A	FF
12391	0	0A	FF
12392	0	0A	FF
12393	0	0A	FF
12394	0	0A	FF
12395	0	0A	FF
12396	0	0A	FF
12397	0	0A	FF
12398	0	0A	FF
12399	0	0A	FF
12400	0	0A	FF
12401	0	0A	FF
12402	0	0A	FF
12403	0	0A	FF
12404	0	0A	FF
12405	0	0A	FF
12406	0	0A	FF
12407	0	0A	FF
12408	0	0A	FF
12409	0	0A	FF
12410	0	0A	FF
12411	0	0A	FF
12412	0	0A	FF
12413	0	0A	FF
12414	0	0A	FF
12415	0	0A	FF
12416	0	0A	FF
12417	0	0A	FF
12418	0	0A	FF
12419	0	0A	FF
12420	0	0A	FF
12421	0	0A	FF
12422	0	0A	FF
12423	0	0A	FF
12424	0	0A	FF
12425	0	0A	FF
12426	0	0A	FF
12427	0	0A	FF
12428	0	0A	FF
12429	0	0A	FF
12430	0	0A	FF
12431	0	0A	FF
12432	0	0A	FF
12433	0	0A	FF
12434	0	0A	FF
12435	0	0A	FF
12436	0	0A	FF
12437	0	0A	FF
12438	0	0A	FF
12439	0	0A	FF
12440	0	0A	FF
12441	0	0A	FF
12442	0	0A	FF
12443	0	0A	FF
12444	0	0A	FF
12445	0	0A	FF
12446	0	0A	FF
12447	0	0A	FF
12448	0	0A	FF
12449	0	0A	FF
12450	0	0A	FF
12451	0	0A	FF
12452	0	0A	FF
12453	0	0A	FF
12454	0	0A	FF
12455	0	0A	FF
12456	0	0A	FF
12457	0	0A	FF
12458	0	0A	FF
12459	0	0A	FF
12460	0	0A	FF
12461	0	0A	FF
12462	0	0A	FF
12463	0	0A	FF
12464	0	0A	FF
12465	0	0A	FF
12466	0	0A	FF
12467	0	0A	FF
12468	0	0A	FF
12469	0	0A	FF
12470	0	0A	FF
12471	0	0A	FF
12472	0	0A	FF
12473	0	0A	FF
12474	0	0A	FF
12475	0	0A	FF
12476	0	0A	FF
12477	0	0A	FF
12478	0	0A	FF
12479	0	0A	FF
12480	0	0A	FF
12481	0	0A	FF
12482	0	0A	FF
12483	0	0A	FF
12484	0	0A	FF
12485	0	0A	FF
12486	0	0A	FF
12487	0	0A	FF
12488	0	0A	FF
12489	0	0A	FF
12490	0	0A	FF
12491	0	0A	FF
12492	0	0A	FF
12493	0	0A	FF
12494	0	0A	FF
12495	0	0A	FF
12496	0	0A	FF
12497	0	0A	FF
12498	0	0A	FF
12499	0	0A	FF
12500	0	0A	FF
12501	0	0A	FF
12502	0	0A	FF
12503	0	0A	FF
12504	0	0A	FF
12505	0	0A	FF
12506	0	0A	FF
12507	0	0A	FF
12508	0	0A	FF
12509	0	0A	FF
12510	0	0A	FF
12511	0	0A	FF
12512	0	0A	FF
12513	0	0A	FF
12514	0	0A	FF
12515	0	0A	FF
12516	0	0A	FF
12517	0	0A	FF
12518	0	0A	FF
12519	0	0A	FF
12520	0	0A	FF
12521	0	0A	FF
12522	0	0A	FF
12523	0	0A	FF
12524	0	0A	FF
12525	0	0A	FF
12526	0	0A	FF
12527	0	0A	FF
12528	0	0A	FF
12529	0	0A	FF
12530	0	0A	FF
12531	0	0A	FF
12532	0	0A	FF
12533	0	0A	FF
12534	0	0A	FF
12535	0	0A	FF
12536	0	0A	FF
12537	0	0A	FF
12538	0	0A	FF
12539	0	0A	FF
12540	0	0A	FF
12541	0	0A	FF
12542	0	0A	FF
12543	0	0A	FF
12544	0	0A	FF
12545	0	0A	FF
12546	0	0A	FF
12547	0	0A	FF
12548	0	0A	FF
12549	0	0A	FF
12550	0	0A	FF
12551	0	0A	FF
12552	0	0A	FF
12553	0	0A	FF
12554	0	0A	FF
12555	0	0A	FF
12556	0	0A	FF
12557	0	0A	FF
12558	0	0A	FF
12559	0	0A	FF
12560	0	0A	FF
12561	0	0A	FF
12562	0	0A	FF
12563	0	0A	FF
12564	0	0A	FF
12565	0	0A	FF
12566	0	0A	FF
12567	0	0A	FF
12568	0	0A	FF
12569	0	0A	FF
12570	0	0A	FF
12571	0	0A	FF
12572	0	0A	FF
12573	0	0A	FF
12574	0	0A	FF
12575	0	0A	FF
12576	0	0A	FF
12577	0	0A	FF
12578	0	0A	FF
12579	0	0A	FF
12580	0	0A	FF
12581	0	0A	FF
12582	0	0A	FF
12583	0	0A	FF
12584	0	0A	FF
12585	0	0A	FF
12586	0	0A	FF
12587	0	0A	FF
12588	0	0A	FF
12589	0	0A	FF
12590	0	0A	FF
12591	0	0A	FF
12592	0	0A	FF
12593	0	0A	FF
12594	0	0A	FF
12595	0	0A	FF
12596	0	0A	FF
12597	0	0A	FF
12598	0	0A	FF
12599	0	0A	FF
12600	0	0A	FF
12601	0	0A	FF
12602	0	0A	FF
12603	0	0A	FF
12604	0	0A	FF
12605	0	0A	FF
12606	0	0A	FF
12607	0	0A	FF
12608	0	0A	FF
12609	0	0A	FF
12610	0	0A	FF
12611	0	0A	FF
12612	0	0A	FF
12613	0	0A	FF
12614	0	0A	FF
12615	0	0A	FF
12616	0	0A	FF
12617	0	0A	FF
12618	0	0A	FF
12619	0	0A	FF
12620	0	0A	FF
12621	0	0A	FF
12622	0	0A	FF
12623	0	0A	FF
12624	0	0A	FF
12625	0	0A	FF
12626	0	0A	FF
12627	0	0A	FF
12628	0	0A	FF
12629	0	0A	FF
12630	0	0A	FF
12631	0	0A	FF
12632	0	0A	FF
12633	0	0A	FF
12634	0	0A	FF
12635	0	0A	FF
12636	0	0A	FF
12637	0	0A	FF
12638	0	0A	FF
12639	0	0A	FF
12640	0	0A	FF
12641	0	0A	FF
12642	0	0A	FF
12643	0	0A	FF
12644	0	0A	FF
12645	0	0A	FF
12646	0	0A	FF
12647	0	0A	FF
12648	0	0A	FF
12649	0	0A	FF
12650	0	0A	FF
12651	0	0A	FF
12652	0	0A	FF
12653	0	0A	FF
12654	0	0A	FF
12655	0	0A	FF
12656	0	0A	FF
12657	0	0A	FF
12658	0	0A	FF
12659	0	0A	FF
12660	0	0A	FF
12661	0	0A	FF
12662	0	0A	FF
12663	0	0A	FF
12664	0	0A	FF
12665	0	0A	FF
12666	0	0A	FF
12667	0	0A	FF
12668	0	0A	FF
12669	0	0A	FF
12670	0	0A	FF
12671	0	0A	FF
12672	0	0A	FF
12673	0	0A	FF
12674	0	0A	FF
12675	0	0A	FF
12676	0	0A	FF
12677	0	0A	FF
12678	0	0A	FF
12679	0	0A	FF
12680	0	0A	FF
12681	0	0A	FF
12682	0	0A	FF
12683	0	0A	FF
12684	0	0A	FF
12685	0	0A	FF
12686	0	0A	FF
12687	0	0A	FF
12688	0	0A	FF
12689	0	0A	FF
12690	0	0A	FF
12691	0	0A	FF
12692	0	0A	FF
12693	0	0A	FF
12694	0	0A	FF
12695	0	0A	FF
12696	0	0A	FF
12697	0	0A	FF
12698	0	0A	FF
12699	0	0A	FF
12700	0	0A	FF
12701	0	0A	FF
12702	0	0A	FF
12703	0	0A	FF
12704	0	0A	FF
12705	0	0A	FF
12706	0	0A	FF
12707	0	0A	FF
12708	0	0A	FF
12709	0	0A	FF
12710	0	0A	FF
12711	0	0A	FF
12712	0	0A	FF
12713	0	0A	FF
12714	0	0A	FF
12715	0	0A	FF
12716	0	0A	FF
12717	0	0A	FF
12718	0	0A	FF
12719	0	0A	FF
12720	0	0A	FF
12721	0	0A	FF
12722	0	0A	FF
12723	0	0A	FF
12724	0	0A	FF
12725	0	0A	FF
12726	0	0A	FF
12727	0	0A	FF
12728	0	0A	FF
12729	0	0A	FF
12730	0	0A	FF
12731	0	0A	FF
12732	0	0A	FF
12733	0	0A	FF
12734	0	0A	FF
12735	0	0A	FF
12736	0	0A	FF
12737	0	0A	FF
12738	0	0A	FF
12739	0	0A	FF
12740	0	0A	FF
12741	0	0A	FF
12742	0	0A	FF
12743	0	0A	FF
12744	0	0A	FF
12745	0	0A	FF
12746	0	0A	FF
12747	0	0A	FF
12748	0	0A	FF
12749	0	0A	FF
12750	0	0A	FF
12751	0	0A	FF
12752	0	0A	FF
12753	0	0A	FF
12754	0	0A	FF
12755	0	0A	FF
12756	0	0A	FF
12757	0	0A	FF
12758	0	0A	FF
12759	0	0A	FF
12760	0	0A	FF
12761	0	0A	FF
12762	0	0A	FF
12763	0	0A	FF
12764	0	0A	FF
12765	0	0A	FF
12766	0	0A	FF
12767	0	0A	FF
12768	0	0A	FF
12769	0	0A	FF
12770	0	0A	FF
12771	0	0A	FF
12772	0	0A	FF
12773	0	0A	FF
12774	0	0A	FF
12775	0	0A	FF
12776	0	0A	FF
12777	0	0A	FF
12778	0	0A	FF
12779	0	0A	FF
12780	0	0A	FF
12781	0	0A	FF
12782	0	0A	FF
12783	0	0A	FF
12784	0	0A	FF
12785	0	0A	FF
12786	0	0A	FF
12787	0	0A	FF
12788	0	0A	FF
12789	0	0A	FF
12790	0	0A	FF
12791	0	0A	FF
12792	0	0A	FF
12793	0	0A	FF
12794	0	0A	FF
12795	0	0A	FF
12796	0	0A	FF
12797	0	0A	FF
12798	0	0A	FF
12799	0	0A	FF
12800	0	0A	FF
12801	0	0A	FF
12802	0	0A	FF
12803	0	0A	FF
12804	0	0A	FF
12805	0	0A	FF
12806	0	0A	FF
12807	0	0A	FF
12808	0	0A	FF
12809	0	0A	FF
12810	0	0A	FF
12811	0	0A	FF
12812	0	0A	FF
12813	0	0A	FF
12814	0	0A	FF
12815	0	0A	FF
12816	0	0A	FF
12817	0	0A	FF
12818	0	0A	FF
12819	0	0A	FF
12820	0	0A	FF
12821	0	0A	FF
12822	0	0A	FF
12823	0	0A	FF
12824	0	0A	FF
12825	0	0A	FF
12826	0	0A	FF
12827	0	0A	FF
12828	0	0A	FF
12829	0	0A	FF
12830	0	0A	FF
12831	0	0A	FF
12832	0	0A	FF
12833	0	0A	FF
12834	0	0A	FF
12835	0	0A	FF
12836	0	0A	FF
12837	0	0A	FF
12838	0	0A	FF
12839	0	0A	FF
12840	0	0A	FF
12841	0	0A	FF
12842	0	0A	FF
12843	0	0A	FF
12844	0	0A	FF
12845	0	0A	FF
12846	0	0A	FF
12847	0	0A	FF
12848	0	0A	FF
12849	0	0A	FF
12850	0	0A	FF
12851	0	0A	FF
12852	0	0A	FF
12853	0	0A	FF
12854	0	0A	FF
12855	0	0A	FF
12856	0	0A	FF
12857	0	0A	FF
12858	0	0A	FF
12859	0	0A	FF
12860	0	0A	FF
12861	0	0A	FF
12862	0	0A	FF
12863	0	0A	FF
12864	0	0A	FF
12865	0	0A	FF
12866	0	0A	FF
12867	0	0A	FF
12868	0	0A	FF
12869	0	0A	FF
12870	0	0A	FF
12871	0	0A	FF
12872	0	0A	FF
12873	0	0A	FF
12874	0	0A	FF
12875	0	0A	FF
12876	0	0A	FF
12877	0	0A	FF
12878	0	0A	FF
12879	0	0A	FF
12880	0	0A	FF
12881	0	0A	FF
12882	0	0A	FF
12883	0	0A	FF
12884	0	0A	FF
12885	0	0A	FF
12886	0	0A	FF
12887	0	0A	FF
12888	0	0A	FF
12889	0	0A	FF
12890	0	0A	FF
12891	0	0A	FF
12892	0	0A	FF
12893	0	0A	FF
12894	0	0A	FF
12895	0	0A	FF
12896	0	0A	FF
12897	0	0A	FF
12898	0	0A	FF
12899	0	0A	FF
12900	0	0A	FF
12901	0	0A	FF
12902	0	0A	FF
12903	0	0A	FF
12904	0	0A	FF
12905	0	0A	FF
12906	0	0A	FF
12907	0	0A	FF
12908	0	0A	FF
12909	0	0A	FF
12910	0	0A	FF
12911	0	0A	FF
12912	0	0A	FF
12913	0	0A	FF
12914	0	0A	FF
12915	0	0A	FF
12916	0	0A	FF
12917	0	0A	FF
12918	0	0A	FF
12919	0	0A	FF
12920	0	0A	FF
12921	0	0A	FF
12922	0	0A	FF
12923	0	0A	FF
12924	0	0A	FF
12925	0	0A	FF
12926	0	0A	FF
12927	0	0A	FF
12928	0	0A	FF
12929	0	0A	FF
12930	0	0A	FF
12931	0	0A	FF
12932	0	0A	FF
12933	0	0A	FF
12934	0	0A	FF
12935	0	0A	FF
12936	0	0A	FF
12937	0	0A	FF
12938	0	0A	FF
12939	0	0A	FF
12940	0	0A	FF
12941	0	0A	FF
12942	0	0A	FF
12943	0	0A	FF
12944	0	0A	FF
12945	0	0A	FF
12946	0	0A	FF
12947	0	0A	FF
12948	0	0A	FF
12949	0	0A	FF
12950	0	0A	FF
12951	0	0A	FF
12952	0	0A	FF
12953	0	0A	FF
12954	0	0A	FF
12955	0	0A	FF
12956	0	0A	FF
12957	0	0A	FF
12958	0	0A	FF
12959	0	0A	FF
12960	0	0A	FF
12961	0	0A	FF
12962	0	0A	FF
12963	0	0A	FF
12964	0	0A	FF
12965	0	0A	FF
12966	0	0A	FF
12967	0	0A	FF
12968	0	0A	FF
12969	0	0A	FF
12970	0	0A	FF
12971	0	0A	FF
12972	0	0A	FF
12973	0	0A	FF
12974	0	0A	FF
12975	0	0A	FF
12976	0	0A	FF
12977	0	0A	FF
12978	0	0A	FF
12979	0	0A	FF
12980	0	0A	FF
12981	0	0A	FF
12982	0	0A	FF
12983	0	0A	FF
12984	0	0A	FF
12985	0	0A	FF
12986	0	0A	FF
12987	0	0A	FF
12988	0	0A	FF
12989	0	0A	FF
12990	0	0A	FF
12991	0	0A	FF
12992	0	0A	FF
12993	0	0A	FF
12994	0	0A	FF
12995	0	0A	FF
12996	0	0A	FF
12997	0	0A	FF
12998	0	0A	FF
12999	0	0A	FF
13000	0	0A	FF
13001	0	0A	FF
13002	0	0A	FF
13003	0	0A	FF
13004	0	0A	FF
13005	0	0A	FF
13006	0	0A	FF
13007	0	0A	FF
13008	0	0A	FF
13009	0	0A	FF
13010	0	0A	FF
13011	0	0A	FF
13012	0	0A	FF
13013	0	0A	FF
13014	0	0A	FF
13015	0	0A	FF
13016	0	0A	FF
13017	0	0A	FF
13018	0	0A	FF
13019	0	0A	FF
13020	0	0A	FF
13021	0	0A	FF
13022	0	0A	FF
13023	0	0A	FF
13024	0	0A	FF
13025	0	0A	FF
13026	0	0A	FF
13027	0	0A	FF
13028	0	0A	FF
13029	0	0A	FF
13030	0	0A	FF
13031	0	0A	FF
13032	0	0A	FF
13033	0	0A	FF
13034	0	0A	FF
13035	0	0A	FF
13036	0	0A	FF
13037	0	0A	FF
13038	0	0A	FF
13039	0	0A	FF
13040	0	0A	FF
13041	0	0A	FF
13042	0	0A	FF
13043	0	0A	FF
13044	0	0A	FF
13045	0	0A	FF
13046	0	0A	FF
13047	0	0A	FF
13048	0	0A	FF
13049	0	0A	FF
13050	0	0A	FF
13051	0	0A	FF
13052	0	0A	FF
13053	0	0A	FF
13054	0	0A	FF
13055	0	0A	FF
13056	0	0A	FF
13057	0	0A	FF
13058	0	0A	FF
13059	0	0A	FF
13060	0	0A	FF
13061	0	0A	FF
13062	0	0A	FF
13063	0	0A	FF
13064	0	0A	FF
13065	0	0A	FF
13066	0	0A	FF
13067	0	0A	FF
13068	0	0A	FF
13069	0	0A	FF
13070	0	0A	FF
13071	0	0A	FF
13072	0	0A	FF
13073	0	0A	FF
13074	0	0A	FF
13075	0	0A	FF
13076	0	0A	FF
13077	0	0A	FF
13078	0	0A	FF
13079	0	0A	FF
13080	0	0A	FF
13081	0	0A	FF
13082	0	0A	FF
13083	0	0A	FF
13084	0	0A	FF
13085	0	0A	FF
13086	0	0A	FF
13087	0	0A	FF
13088	0	0A	FF
13089	0	0A	FF
13090	0	0A	FF
13091	0	0A	FF
13092	0	0A	FF
13093	0	0A	FF
13094	0	0A	FF
13095	0	0A	FF
13096	0	0A	FF
13097	0	0A	FF
13098	0	0A	FF
13099	0	0A	FF
13100	0	0A	FF
13101	0	0A	FF
13102	0	0A	FF
13103	0	0A	FF
13104	0	0A	FF
13105	0	0A	FF
13106	0	0A	FF
13107	0	0A	FF
13108	0	0A	FF
13109	0	0A	FF
13110	0	0A	FF
13111	0	0A	FF
13112	0	0A	FF
13113	0	0A	FF
13114	0	0A	FF
13115	0	0A	FF
13116	0	0A	FF
13117	0	0A	FF
13118	0	0A	FF
13119	0	0A	FF
13120	0	0A	FF
13121	0	0A	FF
13122	0	0A	FF
13123	0	0A	FF
13124	0	0A	FF
13125	0	0A	FF
13126	0	0A	FF
13127	0	0A	FF
13128	0	0A	FF
13129	0	0A	FF
13130	0	0A	FF
13131	0	0A	FF
13132	0	0A	FF
13133	0	0A	FF
13134	0	0A	FF
13135	0	0A	FF
13136	0	0A	FF
13137	0	0A	FF
13138	0	0A	FF
13139	0	0A	FF
13140	0	0A	FF
13141	0	0A	FF
13142	0	0A	FF
13143	0	0A	FF
13144	0	0A	FF
13145	0	0A	FF
13146	0	0A	FF
13147	0	0A	FF
13148	0	0A	FF
13149	0	0A	FF
13150	0	0A	FF
13151	0	0A	FF
13152	0	0A	FF
13153	0	0A	FF
13154	0	0A	FF
13155	0	0A	FF
13156	0	0A	FF
13157	0	0A	FF
13158	0	0A	FF
13159	0	0A	FF
13160	0	0A	FF
13161	0	0A	FF
13162	0	0A	FF
13163	0	0A	FF
13164	0	0A	FF
13165	0	0A	FF
13166	0	0A	FF
13167	0	0A	FF
13168	0	0A	FF
13169	0	0A	FF
13170	0	0A	FF
13171	0	0A	FF
13172	0	0A	FF
13173	0	0A	FF
13174	0	0A	FF
13175	0	0A	FF
13176	0	0A	FF
13177	0	0A	FF
13178	0	0A	FF
13179	0	0A	FF
13180	0	0A	FF
13181	0	0A	FF
13182	0	0A	FF
13183	0	0A	FF
13184	0	0A	FF
13185	0	0A	FF
13186	0	0A	FF
13187	0	0A	FF
13188	0	0A	FF
13189	0	0A	FF
13190	0	0A	FF
13191	0	0A	FF
13192	0	0A	FF
13193	0	0A	FF
13194	0	0A	FF
13195	0	0A	FF
13196	0	0A	FF
13197	0	0A	FF
13198	0	0A	FF
13199	0	0A	FF
13200	0	0A	FF
13201	0	0A	FF
13202	0	0A	FF
13203	0	0A	FF
13204	0	0A	FF
13205	0	0A	FF
13206	0	0A	FF
13207	0	0A	FF
13208	0	0A	FF
13209	0	0A	FF
13210	0	0A	FF
13211	0	0A	FF
13212	0	0A	FF
13213	0	0A	FF
13214	0	0A	FF
13215	0	0A	FF
13216	0	0A	FF
13217	0	0A	FF
13218	0	0A	FF
13219	0	0A	FF
13220	0	0A	FF
13221	0	0A	FF
13222	0	0A	FF
13223	0	0A	FF
13224	0	0A	FF
13225	0	0A	FF
13226	0	0A	FF
13227	0	0A	FF
13228	0	0A	FF
13229	0	0A	FF
13230	0	0A	FF
13231	0	0A	FF
13232	0	0A	FF
13233	0	0A	FF
13234	0	0A	FF
13235	0	0A	FF
13236	0	0A	FF
13237	0	0A	FF
13238	0	0A	FF
13239	0	0A	FF
13240	0	0A	FF
13241	0	0A	FF
13242	0	0A	FF
13243	0	0A	FF
13244	0	0A	FF
13245	0	0A	FF
13246	0	0A	FF
13247	0	0A	FF
13248	0	0A	FF
13249	0	0A	FF
13250	0	0A	FF
13251	0	0A	FF
13252	0	0A	FF
13253	0	0A	FF
13254	0	0A	FF
13255	0	0A	FF
13256	0	0A	FF
13257	0	0A	FF
13258	0	0A	FF
13259	0	0A	FF
13260	0	0A	FF
13261	0	0A	FF
13262	0	0A	FF
13263	0	0A	FF
13264	0	0A	FF
13265	0	0A	FF
13266	0	0A	FF
13267	0	0A	FF
13268	0	0A	FF
13269	0	0A	FF
13270	0	0A	FF
13271	0	0A	FF
13272	0	0A	FF
13273	0	0A	FF
13274	0	0A	FF
13275	0	0A	FF
13276	0	0A	FF
13277	0	0A	FF
13278	0	0A	FF
13279	0	0A	FF
13280	0	0A	FF
13281	0	0A	FF
13282	0	0A	FF
13283	0	0A	FF
13284	0	0A	FF
13285	0	0A	FF
13286	0	0A	FF
13287	0	0A	FF
13288	0	0A	FF
13289	0	0A	FF
13290	0	0A	FF
13291	0	0A	FF
13292	0	0A	FF
13293	0	0A	FF
13294	0	0A	FF
13295	0	0A	FF
13296	0	0A	FF
13297	0	0A	FF
13298	0	0A	FF
13299	0	0A	FF
13300	0	0A	FF
13301	0	0A	FF
13302	0	0A	FF
13303	0	0A	FF
13304	0	0A	FF
13305	0	0A	FF
13306	0	0A	FF
13307	0	0A	FF
13308	0	0A	FF
13309	0	0A	FF
13310	0	0A	FF
13311	0	0A	FF
13312	0	0A	FF
13313	0	0A	FF
13314	0	0A	FF
13315	0	0A	FF
13316	0	0A	FF
13317	0	0A	FF
13318	0	0A	FF
13319	0	0A	FF
13320	0	0A	FF
13321	0	0A	FF
13322	0	0A	FF
13323	0	0A	FF
13324	0	0A	FF
13325	0	0A	FF
13326	0	0A	FF
13327	0	0A	FF
13328	0	0A	FF
13329	0	0A	FF
13330	0	0A	FF
13331	0	0A	FF
13332	0	0A	FF
13333	0	0A	FF
13334	0	0A	FF
13335	0	0A	FF
13336	0	0A	FF
13337	0	0A	FF
13338	0	0A	FF
13339	0	0A	FF
13340	0	0A	FF
13341	0	0A	FF
13342	0	0A	FF
13343	0	0A	FF
13344	0	0A	FF
13345	0	0A	FF
13346	0	0A	FF
13347	0	0A	FF
13348	0	0A	FF
13349	0	0A	FF
13350	0	0A	FF
13351	0	0A	FF
13352	0	0A	FF
13353	0	0A	FF
13354	0	0A	FF
13355	0	0A	FF
13356	0	0A	FF
13357	0	0A	FF
13358	0	0A	FF
13359	0	0A	FF
13360	0	0A	FF
13361	0	0A	FF
13362	0	0A	FF
13363	0	0A	FF
13364	0	0A	FF
13365	0	0A	FF
13366	0	0A	FF
13367	0	0A	FF
13368	0	0A	FF
13369	0	0A	FF
13370	0	0A	FF
13371	0	0A	FF
13372	0	0A	FF
13373	0	0A	FF
13374	0	0A	FF
13375	0	0A	FF
13376	0	0A	FF
13377	0	0A	FF
13378	0	0A	FF
13379	0	0A	FF
13380	0	0A	FF
13381	0	0A	FF
13382	0	0A	FF
13383	0	0A	FF
13384	0	0A	FF
13385	0	0A	FF
13386	0	0A	FF
13387	0	0A	FF
13388	0	0A	FF
13389	0	0A	FF
13390	0	0A	FF
13391	0	0A	FF
13392	0	0A	FF
13393	0	0A	FF
13394	0	0A	FF
13395	0	0A	FF
13396	0	0A	FF
13397	0	0A	FF
13398	0	0A	FF
13399	0	0A	FF
13400	0	0A	FF
13401	0	0A	FF
13402	0	0A	FF
13403	0	0A	FF
13404	0	0A	FF
13405	0	0A	FF
13406	0	0A	FF
13407	0	0A	FF
13408	0	0A	FF
13409	0	0A	FF
13410	0	0A	FF
13411	0	0A	FF
13412	0	0A	FF
13413	0	0A	FF
13414	0	0A	FF
13415	0	0A	FF
13416	0	0A	FF
13417	0	0A	FF
13418	0	0A	FF
13419	0	0A	FF
13420	0	0A	FF
13421	0	0A	FF
13422	0	0A	FF
13423	0	0A	FF
13424	0	0A	FF
13425	0	0A	FF
13426	0	0A	FF
13427	0	0A	FF
13428	0	0A	FF
13429	0	0A	FF
13430	0	0A	FF
13431	0	0A	FF
13432	0	0A	FF
13433	0	0A	FF
13434	0	0A	FF
13435	0	0A	FF
13436	0	0A	FF
13437	0	0A	FF
13438	0	0A	FF
13439	0	0A	FF
13440	0	0A	FF
13441	0	0A	FF
13442	0	0A	FF
13443	0	0A	FF
13444	0	0A	FF
13445	0	0A	FF
13446	0	0A	FF
13447	0	0A	FF
13448	0	0A	FF
13449	0	0A	FF
13450	0	0A	FF
13451	0	0A	FF
13452	0	0A	FF
13453	0	0A	FF
13454	0	0A	FF
13455	0	0A	FF
13456	0	0A	FF
13457	0	0A	FF
13458	0	0A	FF
13459	0	0A	FF
13460	0	0A	FF
13461	0	0A	FF
13462	0	0A	FF
13463	0	0A	FF
13464	0	0A	FF
13465	0	0A	FF
13466	0	0A	FF
13467	0	0A	FF
13468	0	0A	FF
13469	0	0A	FF
13470	0	0A	FF
13471	0	0A	FF
13472	0	0A	FF
13473	0	0A	FF
13474	0	0A	FF
13475	0	0A	FF
13476	0	0A	FF
13477	0	0A	FF
13478	0	0A	FF
13479	0	0A	FF
13480	0	0A	FF
13481	0	0A	FF
13482	0	0A	FF
13483	0	0A	FF
13484	0	0A	FF
13485	0	0A	FF
13486	0	0A	FF
13487	0	0A	FF
13488	0	0A	FF
13489	0	0A	FF
13490	0	0A	FF
13491	0	0A	FF
13492	0	0A	FF
13493	0	0A	FF
13494	0	0A	FF
13495	0	0A	FF
13496	0	0A	FF
13497	0	0A	FF
13498	0	0A	FF
13499	0	0A	FF
13500	0	0A	FF
13501	0	0A	FF
13502	0	0A	FF
13503	0	0A	FF
13504	0	0A	FF
13505	0	0A	FF
13506	0	0A	FF
13507	0	0A	FF
13508	0	0A	FF
13509	0	0A	FF
13510	0	0A	FF
13511	0	0A	FF
13512	0	0A	FF
13513	0	0A	FF
13514	0	0A	FF
13515	0	0A	FF
13516	0	0A	FF
13517	0	0A	FF
13518	0	0A	FF
13519	0	0A	FF
13520	0	0A	FF
13521	0	0A	FF
13522	0	0A	FF
13523	0	0A	FF
13524	0	0A	FF
13525	0	0A	FF
13526	0	0A	FF
13527	0	0A	FF
13528	0	0A	FF
13529	0	0A	FF
13530	0	0A	FF
13531	0	0A	FF
13532	0	0A	FF
13533	0	0A	FF
13534	0	0A	FF
13535	0	0A	FF
13536	0	0A	FF
13537	0	0A	FF
13538	0	0A	FF
13539	0	0A	FF
13540	0	0A	FF
13541	0	0A	FF
13542	0	0A	FF
13543	0	0A	FF
13544	0	0A	FF
13545	0	0A	FF
13546	0	0A	FF
13547	0	0A	FF
13548	0	0A	FF
13549	0	0A	FF
13550	0	0A	FF
13551	0	0A	FF
13552	0	0A	FF
13553	0	0A	FF
13554	0	0A	FF
13555	0	0A	FF
13556	0	0A	FF
13557	0	0A	FF
13558	0	0A	FF
13559	0	0A	FF
13560	0	0A	FF
13561	0	0A	FF
13562	0	0A	FF
13563	0	0A	FF
13564	0	0A	FF
13565	0	0A	FF
13566	0	0A	FF
13567	0	0A	FF
13568	0	0A	FF
13569	0	0A	FF
13570	0	0A	FF
13571	0	0A	FF
13572	0	0A	FF
13573	0	0A	FF
13574	0	0A	FF
13575	0	0A	FF
13576	0	0A	FF
13577	0	0A	FF
13578	0	0A	FF
13579	0	0A	FF
13580	0	0A	FF
13581	0	0A	FF
13582	0	0A	FF
13583	0	0A	FF
13584	0	0A	FF
13585	0	0A	FF
13586	0	0A	FF
13587	0	0A	FF
13588	0	0A	FF
13589	0	0A	FF
13590	0	0A	FF
13591	0	0A	FF
13592	0	0A	FF
13593	0	0A	FF
13594	0	0A	FF
13595	0	0A	FF
13596	0	0A	FF
13597	0	0A	FF
13598	0	0A	FF
13599	0	0A	FF
13600	0	0A	FF
13601	0	0A	FF
13602	0	0A	FF
13603	0	0A	FF
13604	0	0A	FF
13605	0	0A	FF
13606	0	0A	FF
13607	0	0A	FF
13608	0	0A	FF
13609	0	0A	FF
13610	0	0A	FF
13611	0	0A	FF
13612	0	0A	FF
13613	0	0A	FF
13614	0	0A	FF
13615	0	0A	FF
13616	0	0A	FF
13617	0	0A	FF
13618	0	0A	FF
13619	0	0A	FF
13620	0	0A	FF
13621	0	0A	FF
13622	0	0A	FF
13623	0	0A	FF
13624	0	0A	FF
13625	0	0A	FF
13626	0	0A	FF
13627	0	0A	FF
13628	0	0A	FF
13629	0	0A	FF
13630	0	0A	FF
13631	0	0A	FF
13632	0	0A	FF
13633	0	0A	FF
13634	0	0A	FF
13635	0	0A	FF
13636	0	0A	FF
13637	0	0A	FF
13638	0	0A	FF
13639	0	0A	FF
13640	0	0A	FF
13641	0	0A	FF
13642	0	0A	FF
13643	0	0A	FF
13644	0	0A	FF
13645	0	0A	FF
13646	0	0A	FF
13647	0	0A	FF
13648	0	0A	FF
13649	0	0A	FF
13650	0	0A	FF
13651	0	0A	FF
13652	0	0A	FF
13653	0	0A	FF
13654	0	0A	FF
13655	0	0A	FF
13656	0	0A	FF
13657	0	0A	FF
13658	0	0A	FF
13659	0	0A	FF
13660	0	0A	FF
13661	0	0A	FF
13662	0	0A	FF
13663	0	0A	FF
13664	0	0A	FF
13665	0	0A	FF
13666	0	0A	FF
13667	0	0A	FF
13668	0	0A	FF
13669	0	0A	FF
13670	0	0A	FF
13671	0	0A	FF
13672	0	0A	FF
13673	0	0A	FF
13674	0	0A	FF
13675	0	0A	FF
13676	0	0A	FF
13677	0	0A	FF
13678	0	0A	FF
13679	0	0A	FF
13680	0	0A	FF
13681	0	0A	FF
13682	0	0A	FF
13683	0	0A	FF
13684	0	0A	FF
13685	0	0A	FF
13686	0	0A	FF
13687	0	0A	FF
13688	0	0A	FF
13689	0	0A	FF
13690	0	0A	FF
13691	0	0A	FF
13692	0	0A	FF
13693	0	0A	FF
13694	0	0A	FF
13695	0	0A	FF
13696	0	0A	FF
13697	0	0A	FF
13698	0	0A	FF
13699	0	0A	FF
13700	0	0A	FF
13701	0	0A	FF
13702	0	0A	FF
13703	0	0A	FF
13704	0	0A	FF
13705	0	0A	FF
13706	0	0A	FF
13707	0	0A	FF
13708	0	0A	FF
13709	0	0A	FF
13710	0	0A	FF
13711	0	0A	FF
13712	0	0A	FF
13713	0	0A	FF
13714	0	0A	FF
13715	0	0A	FF
13716	0	0A	FF
13717	0	0A	FF
13718	0	0A	FF
13719	0	0A	FF
13720	0	0A	FF
13721	0	0A	FF
13722	0	0A	FF
13723	0	0A	FF
13724	0	0A	FF
13725	0	0A	FF
13726	0	0A	FF
13727	0	0A	FF
13728	0	0A	FF
13729	0	0A	FF
13730	0	0A	FF
13731	0	0A	FF
13732	0	0A	FF
13733	0	0A	FF
13734	0	0A	FF
13735	0	0A	FF
13736	0	0A	FF
13737	0	0A	FF
13738	0	0A	FF
13739	0	0A	FF
13740	0	0A	FF
13741	0	0A	FF
13742	0	0A	FF
13743	0	0A	FF
13744	0	0A	FF
13745	0	0A	FF
13746	0	0A	FF
13747	0	0A	FF
13748	0	0A	FF
13749	0	0A	FF
13750	0	0A	FF
13751	0	0A	FF
13752	0	0A	FF
13753	0	0A	FF
13754	0	0A	FF
13755	0	0A	FF
13756	0	0A	FF
13757	0	0A	FF
13758	0	0A	FF
13759	0	0A	FF
13760	0	0A	FF
13761	0	0A	FF
13762	0	0A	FF
13763	0	0A	FF
13764	0	0A	FF
13765	0	0A	FF
13766	0	0A	FF
13767	0	0A	FF
13768	0	0A	FF
13769	0	0A	FF
13770	0	0A	FF
13771	0	0A	FF
13772	0	0A	FF
13773	0	0A	FF
13774	0	0A	FF
13775	0	0A	FF
13776	0	0A	FF
13777	0	0A	FF
13778	0	0A	FF
13779	0	0A	FF
13780	0	0A	FF
13781	0	0A	FF
13782	0	0A	FF
13783	0	0A	FF
13784	0	0A	FF
13785	0	0A	FF
13786	0	0A	FF
13787	0	0A	FF
13788	0	0A	FF
13789	0	0A	FF
13790	0	0A	FF
13791	0	0A	FF
13792	0	0A	FF
13793	0	0A	FF
13794	0	0A	FF
13795	0	0A	FF
13796	0	0A	FF
13797	0	0A	FF
13798	0	0A	FF
13799	0	0A	FF
13800	0	0A	FF
13801	0	0A	FF
13802	0	0A	FF
13803	0	0A	FF
13804	0	0A	FF
13805	0	0A	FF
13806	0	0A	FF
13807	0	0A	FF
13808	0	0A	FF
13809	0	0A	FF
13810	0	0A	FF
13811	0	0A	FF
13812	0	0A	FF
13813	0	0A	FF
13814	0	0A	FF
13815	0	0A	FF
13816	0	0A	FF
13817	0	0A	FF
13818	0	0A	FF
13819	0	0A	FF
13820	0	0A	FF
13821	0	0A	FF
13822	0	0A	FF
13823	0	0A	FF
13824	0	0A	FF
13825	0	0A	FF
13826	0	0A	FF
13827	0	0A	FF
13828	0	0A	FF
13829	0	0A	FF
13830	0	0A	FF
13831	0	0A	FF
13832	0	0A	FF
13833	0	0A	FF
13834	0	0A	FF
13835	0	0A	FF
13836	0	0A	FF
13837	0	0A	FF
13838	0	0A	FF
13839	0	0A	FF
13840	0	0A	FF
13841	0	0A	FF
13842	0	0A	FF
13843	0	0A	FF
13844	0	0A	FF
13845	0	0A	FF
13846	0	0A	FF
13847	0	0A	FF
13848	0	0A	FF
13849	0	0A	FF
13850	0	0A	FF
13851	0	0A	FF
13852	0	0A	FF
13853	0	0A	FF
13854	0	0A	FF
13855	0	0A	FF
13856	0	0A	FF
13857	0	0A	FF
13858	0	0A	FF
13859	0	0A	FF
13860	0	0A	FF
13861	0	0A	FF
13862	0	0A	FF
13863	0	0A	FF
13864	0	0A	FF
13865	0	0A	FF
13866	0	0A	FF
13867	0	0A	FF
13868	0	0A	FF
13869	0	0A	FF
13870	0	0A	FF
13871	0	0A	FF
13872	0	0A	FF
13873	0	0A	FF
13874	0	0A	FF
13875	0	0A	FF
13876	0	0A	FF
13877	0	0A	FF
13878	0	0A	FF
13879	0	0A	FF
13880	0	0A	FF
13881	0	0A	FF
13882	0	0A	FF
13883	0	0A	FF
13884	0	0A	FF
13885	0	0A	FF
13886	0	0A	FF
13887	0	0A	FF
13888	0	0A	FF
13889	0	0A	FF
13890	0	0A	FF
13891	0	0A	FF
13892	0	0A	FF
13893	0	0A	FF
13894	0	0A	FF
13895	0	0A	FF
13896	0	0A	FF
13897	0	0A	FF
13898	0	0A	FF
13899	0	0A	FF
13900	0	0A	FF
13901	0	0A	FF
13902	0	0A	FF
13903	0	0A	FF
13904	0	0A	FF
13905	0	0A	FF
13906	0	0A	FF
13907	0	0A	FF
13908	0	0A	FF
13909	0	0A	FF
13910	0	0A	FF
13911	0	0A	FF
13912	0	0A	FF
13913	0	0A	FF
13914	0	0A	FF
13915	0	0A	FF
13916	0	0A	FF
13917	0	0A	FF
13918	0	0A	FF
13919	0	0A	FF
13920	0	0A	FF
13921	0	0A	FF
13922	0	0A	FF
13923	0	0A	FF
13924	0	0A	FF
13925	0	0A	FF
13926	0	0A	FF
13927	0	0A	FF
13928	0	0A	FF
13929	0	0A	FF
13930	0	0A	FF
13931	0	0A	FF
13932	0	0A	FF
13933	0	0A	FF
13934	0	0A	FF
13935	0	0A	FF
13936	0	0A	FF
13937	0	0A	FF
13938	0	0A	FF
13939	0	0A	FF
13940	0	0A	FF
13941	0	0A	FF
13942	0	0A	FF
13943	0	0A	FF
13944	0	0A	FF
13945	0	0A	FF
13946	0	0A	FF
13947	0	0A	FF
13948	0	0A	FF
13949	0	0A	FF
13950	0	0A	FF
13951	0	0A	FF
13952	0	0A	FF
13953	0	0A	FF
13954	0	0A	FF
13955	0	0A	FF
13956	0	0A	FF
13957	0	0A	FF
13958	0	0A	FF
13959	0	0A	FF
13960	0	0A	FF
13961	0	0A	FF
13962	0	0A	FF
13963	0	0A	FF
13964	0	0A	FF
13965	0	0A	FF
13966	0	0A	FF
13967	0	0A	FF
13968	0	0A	FF
13969	0	0A	FF
13970	0	0A	FF
13971	0	0A	FF
13972	0	0A	FF
13973	0	0A	FF
13974	0	0A	FF
13975	0	0A	FF
13976	0	0A	FF
13977	0	0A	FF
13978	0	0A	FF
13979	0	0A	FF
13980	0	0A	FF
13981	0	0A	FF
13982	0	0A	FF
13983	0	0A	FF
13984	0	0A	FF
13985	0	0A	FF
13986	0	0A	FF
13987	0	0A	FF
13988	0	0A	FF
13989	0	0A	FF
13990	0	0A	FF
13991	0	0A	FF
13992	0	0A	FF
13993	0	0A	FF
13994	0	0A	FF
13995	0	0A	FF
13996	0	0A	FF
13997	0	0A	FF
13998	0	0A	FF
13999	0	0A	FF
14000	0	0A	FF
14001	0	0A	FF
14002	0	0A	FF
14003	0	0A	FF
14004	0	0A	FF
14005	0	0A	FF
14006	0	0A	FF
14007	0	0A	FF
14008	0	0A	FF
14009	0	0A	FF
14010	0	0A	FF
14011	0	0A	FF
14012	0	0A	FF
14013	0	0A	FF
14014	0	0A	FF
14015	0	0A	FF
14016	0	0A	FF
14017	0	0A	FF
14018	0	0A	FF
14019	0	0A	FF
14020	0	0A	FF
14021	0	0A	FF
14022	0	0A	FF
14023	0	0A	FF
14024	0	0A	FF
14025	0	0A	FF
14026	0	0A	FF
14027	0	0A	FF
14028	0	0A	FF
14029	0	0A	FF
14030	0	0A	FF
14031	0	0A	FF
14032	0	0A	FF
14033	0	0A	FF
14034	0	0A	FF
14035	0	0A	FF
14036	0	0A	FF
14037	0	0A	FF
14038	0	0A	FF
14039	0	0A	FF
14040	0	0A	FF
14041	0	0A	FF
14042	0	0A	FF
14043	0	0A	FF
14044	0	0A	FF
14045	0	0A	FF
14046	0	0A	FF
14047	0	0A	FF
14048	0	0A	FF
14049	0	0A	FF
14050	0	0A	FF
14051	0	0A	FF
14052	0	0A	FF
14053	0	0A	FF
14054	0	0A	FF
14055	0	0A	FF
14056	0	0A	FF
14057	0	0A	FF
14058	0	0A	FF
14059	0	0A	FF
14060	0	0A	FF
14061	0	0A	FF
14062	0	0A	FF
14063	0	0A	FF
14064	0	0A	FF
14065	0	0A	FF
14066	0	0A	FF
14067	0	0A	FF
14068	0	0A	FF
14069	0	0A	FF
14070	0	0A	FF
14071	0	0A	FF
14072	0	0A	FF
14073	0	0A	FF
14074	0	0A	FF
14075	0	0A	FF
14076	0	0A	FF
14077	0	0A	FF
14078	0	0A	FF
14079	0	0A	FF
14080	0	0A	FF
14081	0	0A	FF
14082	0	0A	FF
14083	0	0A	FF
14084	0	0A	FF
14085	0	0A	FF
14086	0	0A	FF
14087	0	0A	FF
14088	0	0A	FF
14089	0	0A	FF
14090	0	0A	FF
14091	0	0A	FF
14092	0	0A	FF
14093	0	0A	FF
14094	0	0A	FF
14095	0	0A	FF
14096	0	0A	FF
14097	0	0A	FF
14098	0	0A	FF
14099	0	0A	FF
14100	0	0A	FF
14101	0	0A	FF
14102	0	0A	FF
14103	0	0A	FF
14104	0	0A	FF
14105	0	0A	FF
14106	0	0A	FF
14107	0	0A	FF
14108	0	0A	FF
14109	0	0A	FF
14110	0	0A	FF
14111	0	0A	FF
14112	0	0A	FF
14113	0	0A	FF
14114	0	0A	FF
14115	0	0A	FF
14116	0	0A	FF
14117	0	0A	FF
14118	0	0A	FF
14119	0	0A	FF
14120	0	0A	FF
14121	0	0A	FF
14122	0	0A	FF
14123	0	0A	FF
14124	0	0A	FF
14125	0	0A	FF
14126	0	0A	FF
14127	0	0A	FF
14128	0	0A	FF
14129	0	0A	FF
14130	0	0A	FF
14131	0	0A	FF
14132	0	0A	FF
14133	0	0A	FF
14134	0	0A	FF
14135	0	0A	FF
14136	0	0A	FF
14137	0	0A	FF
14138	0	0A	FF
14139	0	0A	FF
14140	0	0A	FF
14141	0	0A	FF
14142	0	0A	FF
14143	0	0A	FF
14144	0	0A	FF
14145	0	0A	FF
14146	0	0A	FF
14147	0	0A	FF
14148	0	0A	FF
14149	0	0A	FF
14150	0	0A	FF
14151	0	0A	FF
14152	0	0A	FF
14153	0	0A	FF
14154	0	0A	FF
14155	0	0A	FF
14156	0	0A	FF
14157	0	0A	FF
14158	0	0A	FF
14159	0	0A	FF
14160	0	0A	FF
14161	0	0A	FF
14162	0	0A	FF
14163	0	0A	FF
14164	0	0A	FF
14165	0	0A	FF
14166	0	0A	FF
14167	0	0A	FF
14168	0	0A	FF
14169	0	0A	FF
14170	0	0A	FF
14171	0	0A	FF
14172	0	0A	FF
14173	0	0A	FF
14174	0	0A	FF
14175	0	0A	FF
14176	0	0A	FF
14177	0	0A	FF
14178	0	0A	FF
14179	0	0A	FF
14180	0	0A	FF
14181	0	0A	FF
14182	0	0A	FF
14183	0	0A	FF
14184	0	0A	FF
14185	0	0A	FF
14186	0	0A	FF
14187	0	0A	FF
14188	0	0A	FF
14189	0	0A	FF
14190	0	0A	FF
14191	0	0A	FF
14192	0	0A	FF
14193	0	0A	FF
14194	0	0A	FF
14195	0	0A	FF
14196	0	0A	FF
14197	0	0A	FF
14198	0	0A	FF
14199	0	0A	FF
14200	0	0A	FF
14201	0	0A	FF
14202	0	0A	FF
14203	0	0A	FF
14204	0	0A	FF
14205	0	0A	FF
14206	0	0A	FF
14207	0	0A	FF
14208	0	0A	FF
14209	0	0A	FF
14210	0	0A	FF
14211	0	0A	FF
14212	0	0A	FF
14213	0	0A	FF
14214	0	0A	FF
14215	0	0A	FF
14216	0	0A	FF
14217	0	0A	FF
14218	0	0A	FF
14219	0	0A	FF
14220	0	0A	FF
14221	0	0A	FF
14222	0	0A	FF
14223	0	0A	FF
14224	0	0A	FF
14225	0	0A	FF
14226	0	0A	FF
14227	0	0A	FF
14228	0	0A	FF
14229	0	0A	FF
14230	0	0A	FF
14231	0	0A	FF
14232	0	0A	FF
14233	0	0A	FF
14234	0	0A	FF
14235	0	0A	FF
14236	0	0A	FF
14237	0	0A	FF
14238	0	0A	FF
14239	0	0A	FF
14240	0	0A	FF
14241	0	0A	FF
14242	0	0A	FF
14243	0	0A	FF
14244	0	0A	FF
14245	0	0A	FF
14246	0	0A	FF
14247	0	0A	FF
14248	0	0A	FF
14249	0	0A	FF
14250	0	0A	FF
14251	0	0A	FF
14252	0	0A	FF
14253	0	0A	FF
14254	0	0A	FF
14255	0	0A	FF
14256	0	0A	FF
14257	0	0A	FF
14258	0	0A	FF
14259	0	0A	FF
14260	0	0A	FF
14261	0	0A	FF
14262	0	0A	FF
14263	0	0A	FF
14264	0	0A	FF
14265	0	0A	FF
14266	0	0A	FF
14267	0	0A	FF
14268	0	0A	FF
14269	0	0A	FF
14270	0	0A	FF
14271	0	0A	FF
14272	0	0A	FF
14273	0	0A	FF
14274	0	0A	FF
14275	0	0A	FF
14276	0	0A	FF
14277	0	0A	FF
14278	0	0A	FF
14279	0	0A	FF
14280	0	0A	FF
14281	0	0A	FF
14282	0	0A	FF
14283	0	0A	FF
14284	0	0A	FF
14285	0	0A	FF
14286	0	0A	FF
14287	0	0A	FF
14288	0	0A	FF
14289	0	0A	FF
14290	0	0A	FF
14291	0	0A	FF
14292	0	0A	FF
14293	0	0A	FF
14294	0	0A	FF
14295	0	0A	FF
14296	0	0A	FF
14297	0	0A	FF
14298	0	0A	FF
14299	0	0A	FF
14300	0	0A	FF
14301	0	0A	FF
14302	0	0A	FF
14303	0	0A	FF
14304	0	0A	FF
14305	0	0A	FF
14306	0	0A	FF
14307	0	0A	FF
14308	0	0A	FF
14309	0	0A	FF
14310	0	0A	FF
14311	0	0A	FF
14312	0	0A	FF
14313	0	0A	FF
14314	0	0A	FF
14315	0	0A	FF
14316	0	0A	FF
14317	0	0A	FF
14318	0	0A	FF
14319	0	0A	FF
14320	0	0A	FF
14321	0	0A	FF
14322	0	0A	FF
14323	0	0A	FF
14324	0	0A	FF
14325	0	0A	FF
14326	0	0A	FF
14327	0	0A	FF
14328	0	0A	FF
14329	0	0A	FF
14330	0	0A	FF
14331	0	0A	FF
14332	0	0A	FF
14333	0	0A	FF
14334	0	0A	FF
14335	0	0A	FF
14336	0	0A	FF
14337	0	0A	FF
14338	0	0A	FF
14339	0	0A	FF
14340	0	0A	FF
14341	0	0A	FF
14342	0	0A	FF
14343	0	0A	FF
14344	0	0A	FF
14345	0	0A	FF
14346	0	0A	FF
14347	0	0A	FF
14348	0	0A	FF
14349	0	0A	FF
14350	0	0A	FF
14351	0	0A	FF
14352	0	0A	FF
14353	0	0A	FF
14354	0	0A	FF
14355	0	0A	FF
14356	0	0A	FF
14357	0	0A	FF
14358	0	0A	FF
14359	0	0A	FF
14360	0	0A	FF
14361	0	0A	FF
14362	0	0A	FF
14363	0	0A	FF
14364	0	0A	FF
14365	0	0A	FF
14366	0	0A	FF
14367	0	0A	FF
14368	0	0A	FF
14369	0	0A	FF
14370	0	0A	FF
14371	0	0A	FF
14372	0	0A	FF
14373	0	0A	FF
14374	0	0A	FF
14375	0	0A	FF
14376	0	0A	FF
14377	0	0A	FF
14378	0	0A	FF
14379	0	0A	FF
14380	0	0A	FF
14381	0	0A	FF
14382	0	0A	FF
14383	0	0A	FF
14384	0	0A	FF
14385	0	0A	FF
14386	0	0A	FF
14387	0	0A	FF
14388	0	0A	FF
14389	0	0A	FF
14390	0	0A	FF
14391	0	0A	FF
14392	0	0A	FF
14393	0	0A	FF
14394	0	0A	FF
14395	0	0A	FF
14396	0	0A	FF
14397	0	0A	FF
14398	0	0A	FF
14399	0	0A	FF
14400	0	0A	FF
14401	0	0A	FF
14402	0	0A	FF
14403	0	0A	FF
14404	0	0A	FF
14405	0	0A	FF
14406	0	0A	FF
14407	0	0A	FF
14408	0	0A	FF
14409	0	0A	FF
14410	0	0A	FF
14411	0	0A	FF
14412	0	0A	FF
14413	0	0A	FF
14414	0	0A	FF
14415	0	0A	FF
14416	0	0A	FF
14417	0	0A	FF
14418	0	0A	FF
14419	0	0A	FF
14420	0	0A	FF
14421	0	0A	FF
14422	0	0A	FF
14423	0	0A	FF
14424	0	0A	FF
14425	0	0A	FF
14426	0	0A	FF
14427	0	0A	FF
14428	0	0A	FF
14429	0	0A	FF
14430	0	0A	FF
14431	0	0A	FF
14432	0	0A	FF
14433	0	0A	FF
14434	0	0A	FF
14435	0	0A	FF
14436	0	0A	FF
14437	0	0A	FF
14438	0	0A	FF
14439	0	0A	FF
14440	0	0A	FF
14441	0	0A	FF
14442	0	0A	FF
14443	0	0A	FF
14444	0	0A	FF
14445	0	0A	FF
14446	0	0A	FF
14447	0	0A	FF
14448	0	0A	FF
14449	0	0A	FF
14450	0	0A	FF
14451	0	0A	FF
14452	0	0A	FF
14453	0	0A	FF
14454	0	0A	FF
14455	0	0A	FF
14456	0	0A	FF
14457	0	0A	FF
14458	0	0A	FF
14459	0	0A	FF
14460	0	0A	FF
14461	0	0A	FF
14462	0	0A	FF
14463	0	0A	FF
14464	0	0A	FF
14465	0	0A	FF
14466	0	0A	FF
14467	0	0A	FF
14468	0	0A	FF
14469	0	0A	FF
14470	0	0A	FF
14471	0	0A	FF
14472	0	0A	FF
14473	0	0A	FF
14474	0	0A	FF
14475	0	0A	FF
14476	0	0A	FF
14477	0	0A	FF
14478	0	0A	FF
14479	0	0A	FF
14480	0	0A	FF
14481	0	0A	FF
14482	0	0A	FF
14483	0	0A	FF
14484	0	0A	FF
14485	0	0A	FF
14486	0	0A	FF
14487	0	0A	FF
14488	0	0A	FF
14489	0	0A	FF
14490	0	0A	FF
14491	0	0A	FF
14492	0	0A	FF
14493	0	0A	FF
14494	0	0A	FF
14495	0	0A	FF
14496	0	0A	FF
14497	0	0A	FF
14498	0	0A	FF
14499	0	0A	FF
14500	0	0A	FF
14501	0	0A	FF
14502	0	0A	FF
14503	0	0A	FF
14504	0	0A	FF
14505	0	0A	FF
14506	0	0A	FF
14507	0	0A	FF
14508	0	0A	FF
14509	0	0A	FF
14510	0	0A	FF
14511	0	0A	FF
14512	0	0A	FF
14513	0	0A	FF
14514	0	0A	FF
14515	0	0A	FF
14516	0	0A	FF
14517	0	0A	FF
14518	0	0A	FF
14519	0	0A	FF
14520	0	0A	FF
14521	0	0A	FF
14522	0	0A	FF
14523	0	0A	FF
14524	0	0A	FF
14525	0	0A	FF
14526	0	0A	FF
14527	0	0A	FF
14528	0	0A	FF
14529	0	0A	FF
14530	0	0A	FF
14531	0	0A	FF
14532	0	0A	FF
14533	0	0A	FF
14534	0	0A	FF
14535	0	0A	FF
14536	0	0A	FF
14537	0	0A	FF
14538	0	0A	FF
14539	0	0A	FF
14540	0	0A	FF
14541	0	0A	FF
14542	0	0A	FF
14543	0	0A	FF
14544	0	0A	FF
14545	0	0A	FF
14546	0	0A	FF
14547	0	0A	FF
14548	0	0A	FF
14549	0	0A	FF
14550	0	0A	FF
14551	0	0A	FF
14552	0	0A	FF
14553	0	0A	FF
14554	0	0A	FF
14555	0	0A	FF
14556	0	0A	FF
14557	0	0A	FF
14558	0	0A	FF
14559	0	0A	FF
14560	0	0A	FF
14561	0	0A	FF
14562	0	0A	FF
14563	0	0A	FF
14564	0	0A	FF
14565	0	0A	FF
14566	0	0A	FF
14567	0	0A	FF
14568	0	0A	FF
14569	0	0A	FF
14570	0	0A	FF
14571	0	0A	FF
14572	0	0A	FF
14573	0	0A	FF
14574	0	0A	FF
14575	0	0A	FF
14576	0	0A	FF
14577	0	0A	FF
14578	0	0A	FF
14579	0	0A	FF
14580	0	0A	FF
14581	0	0A	FF
14582	0	0A	FF
14583	0	0A	FF
14584	0	0A	FF
14585	0	0A	FF
14586	0	0A	FF
14587	0	0A	FF
14588	0	0A	FF
14589	0	0A	FF
14590	0	0A	FF
14591	0	0A	FF
14592	0	0A	FF
14593	0	0A	FF
14594	0	0A	FF
14595	0	0A	FF
14596	0	0A	FF
14597	0	0A	FF
14598	0	0A	FF
14599	0	0A	FF
14600	0	0A	FF
14601	0	0A	FF
14602	0	0A	FF
14603	0	0A	FF
14604	0	0A	FF
14605	0	0A	FF
14606	0	0A	FF
14607	0	0A	FF
14608	0	0A	FF
14609	0	0A	FF
14610	0	0A	FF
14611	0	0A	FF
14612	0	0A	FF
14613	0	0A	FF
14614	0	0A	FF
14615	0	0A	FF
14616	0	0A	FF
14617	0	0A	FF
14618	0	0A	FF
14619	0	0A	FF
14620	0	0A	FF
14621	0	0A	FF
14622	0	0A	FF
14623	0	0A	FF
14624	0	0A	FF
14625	0	0A	FF
14626	0	0A	FF
14627	0	0A	FF
14628	0	0A	FF
14629	0	0A	FF
14630	0	0A	FF
14631	0	0A	FF
14632	0	0A	FF
14633	0	0A	FF
14634	0	0A	FF
14635	0	0A	FF
14636	0	0A	FF
14637	0	0A	FF
14638	0	0A	FF
14639	0	0A	FF
14640	0	0A	FF
14641	0	0A	FF
14642	0	0A	FF
14643	0	0A	FF
14644	0	0A	FF
14645	0	0A	FF
14646	0	0A	FF
14647	0	0A	FF
14648	0	0A	FF
14649	0	0A	FF
14650	0	0A	FF
14651	0	0A	FF
14652	0	0A	FF
14653	0	0A	FF
14654	0	0A	FF
14655	0	0A	FF
14656	0	0A	FF
14657	0	0A	FF
14658	0	0A	FF
14659	0	0A	FF
14660	0	0A	FF
14661	0	0A	FF
14662	0	0A	FF
14663	0	0A	FF
14664	0	0A	FF
14665	0	0A	FF
14666	0	0A	FF
14667	0	0A	FF
14668	0	0A	FF
14669	0	0A	FF
14670	0	0A	FF
14671	0	0A	FF
14672	0	0A	FF
14673	0	0A	FF
14674	0	0A	FF
14675	0	0A	FF
14676	0	0A	FF
14677	0	0A	FF
14678	0	0A	FF
14679	0	0A	FF
14680	0	0A	FF
14681	0	0A	FF
14682	0	0A	FF
14683	0	0A	FF
14684	0	0A	FF
14685	0	0A	FF
14686	0	0A	FF
14687	0	0A	FF
14688	0	0A	FF
14689	0	0A	FF
14690	0	0A	FF
14691	0	0A	FF
14692	0	0A	FF
14693	0	0A	FF
14694	0	0A	FF
14695	0	0A	FF
14696	0	0A	FF
14697	0	0A	FF
14698	0	0A	FF
14699	0	0A	FF
14700	0	0A	FF
14701	0	0A	FF
14702	0	0A	FF
14703	0	0A	FF
14704	0	0A	FF
14705	0	0A	FF
14706	0	0A	FF
14707	0	0A	FF
14708	0	0A	FF
14709	0	0A	FF
14710	0	0A	FF
14711	0	0A	FF
14712	0	0A	FF
14713	0	0A	FF
14714	0	0A	FF
14715	0	0A	FF
14716	0	0A	FF
14717	0	0A	FF
14718	0	0A	FF
14719	0	0A	FF
14720	0	0A	FF
14721	0	0A	FF
14722	0	0A	FF
14723	0	0A	FF
14724	0	0A	FF
14725	0	0A	FF
14726	0	0A	FF
14727	0	0A	FF
14728	0	0A	FF
14729	0	0A	FF
14730	0	0A	FF
14731	0	0A	FF
14732	0	0A	FF
14733	0	0A	FF
14734	0	0A	FF
14735	0	0A	FF
14736	0	0A	FF
14737	0	0A	FF
14738	0	0A	FF
14739	0	0A	FF
14740	0	0A	FF
14741	0	0A	FF
14742	0	0A	FF
14743	0	0A	FF
14744	0	0A	FF
14745	0	0A	FF
14746	0	0A	FF
14747	0	0A	FF
14748	0	0A	FF
14749	0	0A	FF
14750	0	0A	FF
14751	0	0A	FF
14752	0	0A	FF
14753	0	0A	FF
14754	0	0A	FF
14755	0	0A	FF
14756	0	0A	FF
14757	0	0A	FF
14758	0	0A	FF
14759	0	0A	FF
14760	0	0A	FF
14761	0	0A	FF
14762	0	0A	FF
14763	0	0A	FF
14764	0	0A	FF
14765	0	0A	FF
14766	0	0A	FF
14767	0	0A	FF
14768	0	0A	FF
14769	0	0A	FF
14770	0	0A	FF
14771	0	0A	FF
14772	0	0A	FF
14773	0	0A	FF
14774	0	0A	FF
14775	0	0A	FF
14776	0	0A	FF
14777	0	0A	FF
14778	0	0A	FF
14779	0	0A	FF
14780	0	0A	FF
14781	0	0A	FF
14782	0	0A	FF
14783	0	0A	FF
14784	0	0A	FF
14785	0	0A	FF
14786	0	0A	FF
14787	0	0A	FF
14788	0	0A	FF
14789	0	0A	FF
14790	0	0A	FF
14791	0	0A	FF
14792	0	0A	FF
14793	0	0A	FF
14794	0	0A	FF
14795	0	0A	FF
14796	0	0A	FF
14797	0	0A	FF
14798	0	0A	FF
14799	0	0A	FF
14800	0	0A	FF
14801	0	0A	FF
14802	0	0A	FF
14803	0	0A	FF
14804	0	0A	FF
14805	0	0A	FF
14806	0	0A	FF
14807	0	0A	FF
14808	0	0A	FF
14809	0	0A	FF
14810	0	0A	FF
14811	0	0A	FF
14812	0	0A	FF
14813	0	0A	FF
14814	0	0A	FF
14815	0	0A	FF
14816	0	0A	FF
14817	0	0A	FF
14818	0	0A	FF
14819	0	0A	FF
14820	0	0A	FF
14821	0	0A	FF
14822	0	0A	FF
14823	0	0A	FF
14824	0	0A	FF
14825	0	0A	FF
14826	0	0A	FF
14827	0	0A	FF
14828	0	0A	FF
14829	0	0A	FF
14830	0	0A	FF
14831	0	0A	FF
14832	0	0A	FF
14833	0	0A	FF
14834	0	0A	FF
14835	0	0A	FF
14836	0	0A	FF
14837	0	0A	FF
14838	0	0A	FF
14839	0	0A	FF
14840	0	0A	FF
14841	0	0A	FF
14842	0	0A	FF
14843	0	0A	FF
14844	0	0A	FF
14845	0	0A	FF
14846	0	0A	FF
14847	0	0A	FF
14848	0	0A	FF
14849	0	0A	FF
14850	0	0A	FF
14851	0	0A	FF
14852	0	0A	FF
14853	0	0A	FF
14854	0	0A	FF
14855	0	0A	FF
14856	0	0A	FF
14857	0	0A	FF
14858	0	0A	FF
14859	0	0A	FF
14860	0	0A	FF
14861	0	0A	FF
14862	0	0A	FF
14863	0	0A	FF
14864	0	0A	FF
14865	0	0A	FF
14866	0	0A	FF
14867	0	0A	FF
14868	0	0A	FF
14869	0	0A	FF
14870	0	0A	FF
14871	0	0A	FF
14872	0	0A	FF
14873	0	0A	FF
14874	0	0A	FF
14875	0	0A	FF
14876	0	0A	FF
14877	0	0A	FF
14878	0	0A	FF
14879	0	0A	FF
14880	0	0A	FF
14881	0	0A	FF
14882	0	0A	FF
14883	0	0A	FF
14884	0	0A	FF
14885	0	0A	FF
14886	0	0A	FF
14887	0	0A	FF
14888	0	0A	FF
14889	0	0A	FF
14890	0	0A	FF
14891	0	0A	FF
14892	0	0A	FF
14893	0	0A	FF
14894	0	0A	FF
14895	0	0A	FF
14896	0	0A	FF
14897	0	0A	FF
14898	0	0A	FF
14899	0	0A	FF
14900	0	0A	FF
14901	0	0A	FF
14902	0	0A	FF
14903	0	0A	FF
14904	0	0A	FF
14905	0	0A	FF
14906	0	0A	FF
14907	0	0A	FF
14908	0	0A	FF
14909	0	0A	FF
14910	0	0A	FF
14911	0	0A	FF
14912	0	0A	FF
14913	0	0A	FF
14914	0	0A	FF
14915	0	0A	FF
14916	0	0A	FF
14917	0	0A	FF
14918	0	0A	FF
14919	0	0A	FF
14920	0	0A	FF
14921	0	0A	FF
14922	0	0A	FF
14923	0	0A	FF
14924	0	0A	FF
14925	0	0A	FF
14926	0	0A	FF
14927	0	0A	FF
14928	0	0A	FF
14929	0	0A	FF
14930	0	0A	FF
14931	0	0A	FF
14932	0	0A	FF
14933	0	0A	FF
14934	0	0A	FF
14935	0	0A	FF
14936	0	0A	FF
14937	0	0A	FF
14938	0	0A	FF
14939	0	0A	FF
14940	0	0A	FF
14941	0	0A	FF
14942	0	0A	FF
14943	0	0A	FF
14944	0	0A	FF
14945	0	0A	FF
14946	0	0A	FF
14947	0	0A	FF
14948	0	0A	FF
14949	0	0A	FF
14950	0	0A	FF
14951	0	0A	FF
14952	0	0A	FF
14953	0	0A	FF
14954	0	0A	FF
14955	0	0A	FF
14956	0	0A	FF
14957	0	0A	FF
14958	0	0A	FF
14959	0	0A	FF
14960	0	0A	FF
14961	0	0A	FF
14962	0	0A	FF
14963	0	0A	FF
14964	0	0A	FF
14965	0	0A	FF
14966	0	0A	FF
14967	0	0A	FF
14968	0	0A	FF
14969	0	0A	FF
14970	0	0A	FF
14971	0	0A	FF
14972	0	0A	FF
14973	0	0A	FF
14974	0	0A	FF
14975	0	0A	FF
14976	0	0A	FF
14977	0	0A	FF
14978	0	0A	FF
14979	0	0A	FF
14980	0	0A	FF
14981	0	0A	FF
14982	0	0A	FF
14983	0	0A	FF
14984	0	0A	FF
14985	0	0A	FF
14986	0	0A	FF
14987	0	0A	FF
14988	0	0A	FF
14989	0	0A	FF
14990	0	0A	FF
14991	0	0A	FF
14992	0	0A	FF
14993	0	0A	FF
14994	0	0A	FF
14995	0	0A	FF
14996	0	0A	FF
14997	0	0A	FF
14998	0	0A	FF
14999	0	0A	FF
15000	0	0A	FF
15001	0	0A	FF
15002	0	0A	FF
15003	0	0A	FF
15004	0	0A	FF
15005	0	0A	FF
15006	0	0A	FF
15007	0	0A	FF
15008	0	0A	FF
15009	0	0A	FF
15010	0	0A	FF
15011	0	0A	FF
15012	0	0A	FF
15013	0	0A	FF
15014	0	0A	FF
15015	0	0A	FF
15016	0	0A	FF
15017	0	0A	FF
15018	0	0A	FF
15019	0	0A	FF
15020	0	0A	FF
15021	0	0A	FF
15022	0	0A	FF
15023	0	0A	FF
15024	0	0A	FF
15025	0	0A	FF
15026	0	0A	FF
15027	0	0A	FF
15028	0	0A	FF
15029	0	0A	FF
15030	0	0A	FF
15031	0	0A	FF
15032	0	0A	FF
15033	0	0A	FF
15034	0	0A	FF
15035	0	0A	FF
15036	0	0A	FF
15037	0	0A	FF
15038	0	0A	FF
15039	0	0A	FF
15040	0	0A	FF
15041	0	0A	FF
15042	0	0A	FF
15043	0	0A	FF
15044	0	0A	FF
15045	0	0A	FF
15046	0	0A	FF
15047	0	0A	FF
15048	0	0A	FF
15049	0	0A	FF
15050	0	0A	FF
15051	0	0A	FF
15052	0	0A	FF
15053	0	0A	FF
15054	0	0A	FF
15055	0	0A	FF
15056	0	0A	FF
15057	0	0A	FF
15058	0	0A	FF
15059	0	0A	FF
15060	0	0A	FF
15061	0	0A	FF
15062	0	0A	FF
15063	0	0A	FF
15064	0	0A	FF
15065	0	0A	FF
15066	0	0A	FF
15067	0	0A	FF
15068	0	0A	FF
15069	0	0A	FF
15070	0	0A	FF
15071	0	0A	FF
15072	0	0A	FF
15073	0	0A	FF
15074	0	0A	FF
15075	0	0A	FF
15076	0	0A	FF
15077	0	0A	FF
15078	0	0A	FF
15079	0	0A	FF
15080	0	0A	FF
15081	0	0A	FF
15082	0	0A	FF
15083	0	0A	FF
15084	0	0A	FF
15085	0	0A	FF
15086	0	0A	FF
15087	0	0A	FF
15088	0	0A	FF
15089	0	0A	FF
15090	0	0A	FF
15091	0	0A	FF
15092	0	0A	FF
15093	0	0A	FF
15094	0	0A	FF
15095	0	0A	FF
15096	0	0A	FF
15097	0	0A	FF
15098	0	0A	FF
15099	0	0A	FF
15100	0	0A	FF
15101	0	0A	FF
15102	0	0A	FF
15103	0	0A	FF
15104	0	0A	FF
15105	0	0A	FF
15106	0	0A	FF
15107	0	0A	FF
15108	0	0A	FF
15109	0	0A	FF
15110	0	0A	FF
15111	0	0A	FF
15112	0	0A	FF
15113	0	0A	FF
15114	0	0A	FF
15115	0	0A	FF
15116	0	0A	FF
15117	0	0A	FF
15118	0	0A	FF
15119	0	0A	FF
15120	0	0A	FF
15121	0	0A	FF
15122	0	0A	FF
15123	0	0A	FF
15124	0	0A	FF
15125	0	0A	FF
15126	0	0A	FF
15127	0	0A	FF
15128	0	0A	FF
15129	0	0A	FF
15130	0	0A	FF
15131	0	0A	FF
15132	0	0A	FF
15133	0	0A	FF
15134	0	0A	FF
15135	0	0A	FF
15136	0	0A	FF
15137	0	0A	FF
15138	0	0A	FF
15139	0	0A	FF
15140	0	0A	FF
15141	0	0A	FF
15142	0	0A	FF
15143	0	0A	FF
15144	0	0A	FF
15145	0	0A	FF
15146	0	0A	FF
15147	0	0A	FF
15148	0	0A	FF
15149	0	0A	FF
15150	0	0A	FF
15151	0	0A	FF
15152	0	0A	FF
15153	0	0A	FF
15154	0	0A	FF
15155	0	0A	FF
15156	0	0A	FF
15157	0	0A	FF
15158	0	0A	FF
15159	0	0A	FF
15160	0	0A	FF
15161	0	0A	FF
15162	0	0A	FF
15163	0	0A	FF
15164	0	0A	FF
15165	0	0A	FF
15166	0	0A	FF
15167	0	0A	FF
15168	0	0A	FF
15169	0	0A	FF
15170	0	0A	FF
15171	0	0A	FF
15172	0	0A	FF
15173	0	0A	FF
15174	0	0A	FF
15175	0	0A	FF
15176	0	0A	FF
15177	0	0A	FF
15178	0	0A	FF
15179	0	0A	FF
15180	0	0A	FF
15181	0	0A	FF
15182	0	0A	FF
15183	0	0A	FF
15184	0	0A	FF
15185	0	0A	FF
15186	0	0A	FF
15187	0	0A	FF
15188	0	0A	FF
15189	0	0A	FF
15190	0	0A	FF
15191	0	0A	FF
15192	0	0A	FF
15193	0	0A	FF
15194	0	0A	FF
15195	0	0A	FF
15196	0	0A	FF
15197	0	0A	FF
15198	0	0A	FF
15199	0	0A	FF
15200	0	0A	FF
15201	0	0A	FF
15202	0	0A	FF
15203	0	0A	FF
15204	0	0A	FF
15205	0	0A	FF
15206	0	0A	FF
15207	0	0A	FF
15208	0	0A	FF
15209	0	0A	FF
15210	0	0A	FF
15211	0	0A	FF
15212	0	0A	FF
15213	0	0A	FF
15214	0	0A	FF
15215	0	0A	FF
15216	0	0A	FF
15217	0	0A	FF
15218	0	0A	FF
15219	0	0A	FF
15220	0	0A	FF
15221	0	0A	FF
15222	0	0A	FF
15223	0	0A	FF
15224	0	0A	FF
15225	0	0A	FF
15226	0	0A	FF
15227	0	0A	FF
15228	0	0A	FF
15229	0	0A	FF
15230	0	0A	FF
15231	0	0A	FF
15232	0	0A	FF
15233	0	0A	FF
15234	0	0A	FF
15235	0	0A	FF
15236	0	0A	FF
15237	0	0A	FF
15238	0	0A	FF
15239	0	0A	FF
15240	0	0A	FF
15241	0	0A	FF
15242	0	0A	FF
15243	0	0A	FF
15244	0	0A	FF
15245	0	0A	FF
15246	0	0A	FF
15247	0	0A	FF
15248	0	0A	FF
15249	0	0A	FF
15250	0	0A	FF
15251	0	0A	FF
15252	0	0A	FF
15253	0	0A	FF
15254	0	0A	FF
15255	0	0A	FF
15256	0	0A	FF
15257	0	0A	FF
15258	0	0A	FF
15259	0	0A	FF
15260	0	0A	FF
15261	0	0A	FF
15262	0	0A	FF
15263	0	0A	FF
15264	0	0A	FF
15265	0	0A	FF
15266	0	0A	FF
15267	0	0A	FF
15268	0	0A	FF
15269	0	0A	FF
15270	0	0A	FF
15271	0	0A	FF
15272	0	0A	FF
15273	0	0A	FF
15274	0	0A	FF
15275	0	0A	FF
15276	0	0A	FF
15277	0	0A	FF
15278	0	0A	FF
15279	0	0A	FF
15280	0	0A	FF
15281	0	0A	FF
15282	0	0A	FF
15283	0	0A	FF
15284	0	0A	FF
15285	0	0A	FF
15286	0	0A	FF
15287	0	0A	FF
15288	0	0A	FF
15289	0	0A	FF
15290	0	0A	FF
15291	0	0A	FF
15292	0	0A	FF
15293	0	0A	FF
15294	0	0A	FF
15295	0	0A	FF
15296	0	0A	FF
15297	0	0A	FF
15298	0	0A	FF
15299	0	0A	FF
15300	0	0A	FF
15301	0	0A	FF
15302	0	0A	FF
15303	0	0A	FF
15304	0	0A	FF
15305	0	0A	FF
15306	0	0A	FF
15307	0	0A	FF
15308	0	0A	FF
15309	0	0A	FF
15310	0	0A	FF
15311	0	0A	FF
15312	0	0A	FF
15313	0	0A	FF
15314	0	0A	FF
15315	0	0A	FF
15316	0	0A	FF
15317	0	0A	FF
15318	0	0A	FF
15319	0	0A	FF
15320	0	0A	FF
15321	0	0A	FF
15322	0	0A	FF
15323	0	0A	FF
15324	0	0A	FF
15325	0	0A	FF
15326	0	0A	FF
15327	0	0A	FF
15328	0	0A	FF
15329	0	0A	FF
15330	0	0A	FF
15331	0	0A	FF
15332	0	0A	FF
15333	0	0A	FF
15334	0	0A	FF
15335	0	0A	FF
15336	0	0A	FF
15337	0	0A	FF
15338	0	0A	FF
15339	0	0A	FF
15340	0	0A	FF
15341	0	0A	FF
15342	0	0A	FF
15343	0	0A	FF
15344	0	0A	FF
15345	0	0A	FF
15346	0	0A	FF
15347	0	0A	FF
15348	0	0A	FF
15349	0	0A	FF
15350	0	0A	FF
15351	0	0A	FF
15352	0	0A	FF
15353	0	0A	FF
15354	0	0A	FF
15355	0	0A	FF
15356	0	0A	FF
15357	0	0A	FF
15358	0	0A	FF
15359	0	0A	FF
15360	0	0A	FF
15361	0	0A	FF
15362	0	0A	FF
15363	0	0A	FF
15364	0	0A	FF
15365	0	0A	FF
15366	0	0A	FF
15367	0	0A	FF
15368	0	0A	FF
15369	0	0A	FF
15370	0	0A	FF
15371	0	0A	FF
15372	0	0A	FF
15373	0	0A	FF
15374	0	0A	FF
15375	0	0A	FF
15376	0	0A	FF
15377	0	0A	FF
15378	0	0A	FF
15379	0	0A	FF
15380	0	0A	FF
15381	0	0A	FF
15382	0	0A	FF
15383	0	0A	FF
15384	0	0A	FF
15385	0	0A	FF
15386	0	0A	FF
15387	0	0A	FF
15388	0	0A	FF
15389	0	0A	FF
15390	0	0A	FF
15391	0	0A	FF
15392	0	0A	FF
15393	0	0A	FF
15394	0	0A	FF
15395	0	0A	FF
15396	0	0A	FF
15397	0	0A	FF
15398	0	0A	FF
15399	0	0A	FF
15400	0	0A	FF
15401	0	0A	FF
15402	0	0A	FF
15403	0	0A	FF
15404	0	0A	FF
15405	0	0A	FF
15406	0	0A	FF
15407	0	0A	FF
15408	0	0A	FF
15409	0	0A	FF
15410	0	0A	FF
15411	0	0A	FF
15412	0	0A	FF
15413	0	0A	FF
15414	0	0A	FF
15415	0	0A	FF
15416	0	0A	FF
15417	0	0A	FF
15418	0	0A	FF
15419	0	0A	FF
15420	0	0A	FF
15421	0	0A	FF
15422	0	0A	FF
15423	0	0A	FF
15424	0	0A	FF
15425	0	0A	FF
15426	0	0A	FF
15427	0	0A	FF
15428	0	0A	FF
15429	0	0A	FF
15430	0	0A	FF
15431	0	0A	FF
15432	0	0A	FF
15433	0	0A	FF
15434	0	0A	FF
15435	0	0A	FF
15436	0	0A	FF
15437	0	0A	FF
15438	0	0A	FF
15439	0	0A	FF
15440	0	0A	FF
15441	0	0A	FF
15442	0	0A	FF
15443	0	0A	FF
15444	0	0A	FF
15445	0	0A	FF
15446	0	0A	FF
15447	0	0A	FF
15448	0	0A	FF
15449	0	0A	FF
15450	0	0A	FF
15451	0	0A	FF
15452	0	0A	FF
15453	0	0A	FF
15454	0	0A	FF
15455	0	0A	FF
15456	0	0A	FF
15457	0	0A	FF
15458	0	0A	FF
15459	0	0A	FF
15460	0	0A	FF
15461	0	0A	FF
15462	0	0A	FF
15463	0	0A	FF
15464	0	0A	FF
15465	0	0A	FF
15466	0	0A	FF
15467	0	0A	FF
15468	0	0A	FF
15469	0	0A	FF
15470	0	0A	FF
15471	0	0A	FF
15472	0	0A	FF
15473	0	0A	FF
15474	0	0A	FF
15475	0	0A	FF
15476	0	0A	FF
15477	0	0A	FF
15478	0	0A	FF
15479	0	0A	FF
15480	0	0A	FF
15481	0	0A	FF
15482	0	0A	FF
15483	0	0A	FF
15484	0	0A	FF
15485	0	0A	FF
15486	0	0A	FF
15487	0	0A	FF
15488	0	0A	FF
15489	0	0A	FF
15490	0	0A	FF
15491	0	0A	FF
15492	0	0A	FF
15493	0	0A	FF
15494	0	0A	FF
15495	0	0A	FF
15496	0	0A	FF
15497	0	0A	FF
15498	0	0A	FF
15499	0	0A	FF
15500	0	0A	FF
15501	0	0A	FF
15502	0	0A	FF
15503	0	0A	FF
15504	0	0A	FF
15505	0	0A	FF
15506	0	0A	FF
15507	0	0A	FF
15508	0	0A	FF
15509	0	0A	FF
15510	0	0A	FF
15511	0	0A	FF
15512	0	0A	FF
15513	0	0A	FF
15514	0	0A	FF
15515	0	0A	FF
15516	0	0A	FF
15517	0	0A	FF
15518	0	0A	FF
15519	0	0A	FF
15520	0	0A	FF
15521	0	0A	FF
15522	0	0A	FF
15523	0	0A	FF
15524	0	0A	FF
15525	0	0A	FF
15526	0	0A	FF
15527	0	0A	FF
15528	0	0A	FF
15529	0	0A	FF
15530	0	0A	FF
15531	0	0A	FF
15532	0	0A	FF
15533	0	0A	FF
15534	0	0A	FF
15535	0	0A	FF
15536	0	0A	FF
15537	0	0A	FF
15538	0	0A	FF
15539	0	0A	FF
15540	0	0A	FF
15541	0	0A	FF
15542	0	0A	FF
15543	0	0A	FF
15544	0	0A	FF
15545	0	0A	FF
15546	0	0A	FF
15547	0	0A	FF
15548	0	0A	FF
15549	0	0A	FF
15550	0	0A	FF
15551	0	0A	FF
15552	0	0A	FF
15553	0	0A	FF
15554	0	0A	FF
15555	0	0A	FF
15556	0	0A	FF
15557	0	0A	FF
15558	0	0A	FF
15559	0	0A	FF
15560	0	0A	FF
15561	0	0A	FF
15562	0	0A	FF
15563	0	0A	FF
15564	0	0A	FF
15565	0	0A	FF
15566	0	0A	FF
15567	0	0A	FF
15568	0	0A	FF
15569	0	0A	FF
15570	0	0A	FF
15571	0	0A	FF
15572	0	0A	FF
15573	0	0A	FF
15574	0	0A	FF
15575	0	0A	FF
15576	0	0A	FF
15577	0	0A	FF
15578	0	0A	FF
15579	0	0A	FF
15580	0	0A	FF
15581	0	0A	FF
15582	0	0A	FF
15583	0	0A	FF
15584	0	0A	FF
15585	0	0A	FF
15586	0	0A	FF
15587	0	0A	FF
15588	0	0A	FF
15589	0	0A	FF
15590	0	0A	FF
15591	0	0A	FF
15592	0	0A	FF
15593	0	0A	FF
15594	0	0A	FF
15595	0	0A	FF
15596	0	0A	FF
15597	0	0A	FF
15598	0	0A	FF
15599	0	0A	FF
15600	0	0A	FF
15601	0	0A	FF
15602	0	0A	FF
15603	0	0A	FF
15604	0	0A	FF
15605	0	0A	FF
15606	0	0A	FF
15607	0	0A	FF
15608	0	0A	FF
15609	0	0A	FF
15610	0	0A	FF
15611	0	0A	FF
15612	0	0A	FF
15613	0	0A	FF
15614	0	0A	FF
15615	0	0A	FF
15616	0	0A	FF
15617	0	0A	FF
15618	0	0A	FF
15619	0	0A	FF
15620	0	0A	FF
15621	0	0A	FF
15622	0	0A	FF
15623	0	0A	FF
15624	0	0A	FF
15625	0	0A	FF
15626	0	0A	FF
15627	0	0A	FF
15628	0	0A	FF
15629	0	0A	FF
15630	0	0A	FF
15631	0	0A	FF
15632	0	0A	FF
15633	0	0A	FF
15634	0	0A	FF
15635	0	0A	FF
15636	0	0A	FF
15637	0	0A	FF
15638	0	0A	FF
15639	0	0A	FF
15640	0	0A	FF
15641	0	0A	FF
15642	0	0A	FF
15643	0	0A	FF
15644	0	0A	FF
15645	0	0A	FF
15646	0	0A	FF
15647	0	0A	FF
15648	0	0A	FF
15649	0	0A	FF
15650	0	0A	FF
15651	0	0A	FF
15652	0	0A	FF
15653	0	0A	FF
15654	0	0A	FF
15655	0	0A	FF
15656	0	0A	FF
15657	0	0A	FF
15658	0	0A	FF
15659	0	0A	FF
15660	0	0A	FF
15661	0	0A	FF
15662	0	0A	FF
15663	0	0A	FF
15664	0	0A	FF
15665	0	0A	FF
15666	0	0A	FF
15667	0	0A	FF
15668	0	0A	FF
15669	0	0A	FF
15670	0	0A	FF
15671	0	0A	FF
15672	0	0A	FF
15673	0	0A	FF
15674	0	0A	FF
15675	0	0A	FF
15676	0	0A	FF
15677	0	0A	FF
15678	0	0A	FF
15679	0	0A	FF
15680	0	0A	FF
15681	0	0A	FF
15682	0	0A	FF
15683	0	0A	FF
15684	0	0A	FF
15685	0	0A	FF
15686	0	0A	FF
15687	0	0A	FF
15688	0	0A	FF
15689	0	0A	FF
15690	0	0A	FF
15691	0	0A	FF
15692	0	0A	FF
15693	0	0A	FF
15694	0	0A	FF
15695	0	0A	FF
15696	0	0A	FF
15697	0	0A	FF
15698	0	0A	FF
15699	0	0A	FF
15700	0	0A	FF
15701	0	0A	FF
15702	0	0A	FF
15703	0	0A	FF
15704	0	0A	FF
15705	0	0A	FF
15706	0	0A	FF
15707	0	0A	FF
15708	0	0A	FF
15709	0	0A	FF
15710	0	0A	FF
15711	0	0A	FF
15712	0	0A	FF
15713	0	0A	FF
15714	0	0A	FF
15715	0	0A	FF
15716	0	0A	FF
15717	0	0A	FF
15718	0	0A	FF
15719	0	0A	FF
15720	0	0A	FF
15721	0	0A	FF
15722	0	0A	FF
15723	0	0A	FF
15724	0	0A	FF
15725	0	0A	FF
15726	0	0A	FF
15727	0	0A	FF
15728	0	0A	FF
15729	0	0A	FF
15730	0	0A	FF
15731	0	0A	FF
15732	0	0A	FF
15733	0	0A	FF
15734	0	0A	FF
15735	0	0A	FF
15736	0	0A	FF
15737	0	0A	FF
15738	0	0A	FF
15739	0	0A	FF
15740	0	0A	FF
15741	0	0A	FF
15742	0	0A	FF
15743	0	0A	FF
15744	0	0A	FF
15745	0	0A	FF
15746	0	0A	FF
15747	0	0A	FF
15748	0	0A	FF
15749	0	0A	FF
15750	0	0A	FF
15751	0	0A	FF
15752	0	0A	FF
15753	0	0A	FF
15754	0	0A	FF
15755	0	0A	FF
15756	0	0A	FF
15757	0	0A	FF
15758	0	0A	FF
15759	0	0A	FF
15760	0	0A	FF
15761	0	0A	FF
15762	0	0A	FF
15763	0	0A	FF
15764	0	0A	FF
15765	0	0A	FF
15766	0	0A	FF
15767	0	0A	FF
15768	0	0A	FF
15769	0	0A	FF
15770	0	0A	FF
15771	0	0A	FF
15772	0	0A	FF
15773	0	0A	FF
15774	0	0A	FF
15775	0	0A	FF
15776	0	0A	FF
15777	0	0A	FF
15778	0	0A	FF
15779	0	0A	FF
15780	0	0A	FF
15781	0	0A	FF
15782	0	0A	FF
15783	0	0A	FF
15784	0	0A	FF
15785	0	0A	FF
15786	0	0A	FF
15787	0	0A	FF
15788	0	0A	FF
15789	0	0A	FF
15790	0	0A	FF
15791	0	0A	FF
15792	0	0A	FF
15793	0	0A	FF
15794	0	0A	FF
15795	0	0A	FF
15796	0	0A	FF
15797	0	0A	FF
15798	0	0A	FF
15799	0	0A	FF
15800	0	0A	FF
15801	0	0A	FF
15802	0	0A	FF
15803	0	0A	FF
15804	0	0A	FF
15805	0	0A	FF
15806	0	0A	FF
15807	0	0A	FF
15808	0	0A	FF
15809	0	0A	FF
15810	0	0A	FF
15811	0	0A	FF
15812	0	0A	FF
15813	0	0A	FF
15814	0	0A	FF
15815	0	0A	FF
15816	0	0A	FF
15817	0	0A	FF
15818	0	0A	FF
15819	0	0A	FF
15820	0	0A	FF
15821	0	0A	FF
15822	0	0A	FF
15823	0	0A	FF
15824	0	0A	FF
15825	0	0A	FF
15826	0	0A	FF
15827	0	0A	FF
15828	0	0A	FF
15829	0	0A	FF
15830	0	0A	FF
15831	0	0A	FF
15832	0	0A	FF
15833	0	0A	FF
15834	0	0A	FF
15835	0	0A	FF
15836	0	0A	FF
15837	0	0A	FF
15838	0	0A	FF
15839	0	0A	FF
15840	0	0A	FF
15841	0	0A	FF
15842	0	0A	FF
15843	0	0A	FF
15844	0	0A	FF
15845	0	0A	FF
15846	0	0A	FF
15847	0	0A	FF
15848	0	0A	FF
15849	0	0A	FF
15850	0	0A	FF
15851	0	0A	FF
15852	0	0A	FF
15853	0	0A	FF
15854	0	0A	FF
15855	0	0A	FF
15856	0	0A	FF
15857	0	0A	FF
15858	0	0A	FF
15859	0	0A	FF
15860	0	0A	FF
15861	0	0A	FF
15862	0	0A	FF
15863	0	0A	FF
15864	0	0A	FF
15865	0	0A	FF
15866	0	0A	FF
15867	0	0A	FF
15868	0	0A	FF
15869	0	0A	FF
15870	0	0A	FF
15871	0	0A	FF
15872	0	0A	FF
15873	0	0A	FF
15874	0	0A	FF
15875	0	0A	FF
15876	0	0A	FF
15877	0	0A	FF
15878	0	0A	FF
15879	0	0A	FF
15880	0	0A	FF
15881	0	0A	FF
15882	0	0A	FF
15883	0	0A	FF
15884	0	0A	FF
15885	0	0A	FF
15886	0	0A	FF
15887	0	0A	FF
15888	0	0A	FF
15889	0	0A	FF
15890	0	0A	FF
15891	0	0A	FF
15892	0	0A	FF
15893	0	0A	FF
15894	0	0A	FF
15895	0	0A	FF
15896	0	0A	FF
15897	0	0A	FF
15898	0	0A	FF
15899	0	0A	FF
15900	0	0A	FF
15901	0	0A	FF
15902	0	0A	FF
15903	0	0A	FF
15904	0	0A	FF
15905	0	0A	FF
15906	0	0A	FF
15907	0	0A	FF
15908	0	0A	FF
15909	0	0A	FF
15910	0	0A	FF
15911	0	0A	FF
15912	0	0A	FF
15913	0	0A	FF
15914	0	0A	FF
15915	0	0A	FF
15916	0	0A	FF
15917	0	0A	FF
15918	0	0A	FF
15919	0	0A	FF
15920	0	0A	FF
15921	0	0A	FF
15922	0	0A	FF
15923	0	0A	FF
15924	0	0A	FF
15925	0	0A	FF
15926	0	0A	FF
15927	0	0A	FF
15928	0	0A	FF
15929	0	0A	FF
15930	0	0A	FF
15931	0	0A	FF
15932	0	0A	FF
15933	0	0A	FF
15934	0	0A	FF
15935	0	0A	FF
15936	0	0A	FF
15937	0	0A	FF
15938	0	0A	FF
15939	0	0A	FF
15940	0	0A	FF
15941	0	0A	FF
15942	0	0A	FF
15943	0	0A	FF
15944	0	0A	FF
15945	0	0A	FF
15946	0	0A	FF
15947	0	0A	FF
15948	0	0A	FF
15949	0	0A	FF
15950	0	0A	FF
15951	0	0A	FF
15952	0	0A	FF
15953	0	0A	FF
15954	0	0A	FF
15955	0	0A	FF
15956	0	0A	FF
15957	0	0A	FF
15958	0	0A	FF
15959	0	0A	FF
15960	0	0A	FF
15961	0	0A	FF
15962	0	0A	FF
15963	0	0A	FF
15964	0	0A	FF
15965	0	0A	FF
15966	0	0A	FF
15967	0	0A	FF
15968	0	0A	FF
15969	0	0A	FF
15970	0	0A	FF
15971	0	0A	FF
15972	0	0A	FF
15973	0	0A	FF
15974	0	0A	FF
15975	0	0A	FF
15976	0	0A	FF
15977	0	0A	FF
15978	0	0A	FF
15979	0	0A	FF
15980	0	0A	FF
15981	0	0A	FF
15982	0	0A	FF
15983	0	0A	FF
15984	0	0A	FF
15985	0	0A	FF
15986	0	0A	FF
15987	0	0A	FF
15988	0	0A	FF
15989	0	0A	FF
15990	0	0A	FF
15991	0	0A	FF
15992	0	0A	FF
15993	0	0A	FF
15994	0	0A	FF
15995	0	0A	FF
15996	0	0A	FF
15997	0	0A	FF
15998	0	0A	FF
15999	0	0A	FF
16000	0	0A	FF
16001	0	0A	FF
16002	0	0A	FF
16003	0	0A	FF
16004	0	0A	FF
16005	0	0A	FF
16006	0	0A	FF
16007	0	0A	FF
16008	0	0A	FF
16009	0	0A	FF
16010	0	0A	FF
16011	0	0A	FF
16012	0	0A	FF
16013	0	0A	FF
16014	0	0A	FF
16015	0	0A	FF
16016	0	0A	FF
16017	0	0A	FF
16018	0	0A	FF
16019	0	0A	FF
16020	0	0A	FF
16021	0	0A	FF
16022	0	0A	FF
16023	0	0A	FF
16024	0	0A	FF
16025	0	0A	FF
16026	0	0A	FF
16027	0	0A	FF
16028	0	0A	FF
16029	0	0A	FF
16030	0	0A	FF
16031	0	0A	FF
16032	0	0A	FF
16033	0	0A	FF
16034	0	0A	FF
16035	0	0A	FF
16036	0	0A	FF
16037	0	0A	FF
16038	0	0A	FF
16039	0	0A	FF
16040	0	0A	FF
16041	0	0A	FF
16042	0	0A	FF
16043	0	0A	FF
16044	0	0A	FF
16045	0	0A	FF
16046	0	0A	FF
16047	0	0A	FF
16048	0	0A	FF
16049	0	0A	FF
16050	0	0A	FF
16051	0	0A	FF
16052	0	0A	FF
16053	0	0A	FF
16054	0	0A	FF
16055	0	0A	FF
16056	0	0A	FF
16057	0	0A	FF
16058	0	0A	FF
16059	0	0A	FF
16060	0	0A	FF
16061	0	0A	FF
16062	0	0A	FF
16063	0	0A	FF
16064	0	0A	FF
16065	0	0A	FF
16066	0	0A	FF
16067	0	0A	FF
16068	0	0A	FF
16069	0	0A	FF
16070	0	0A	FF
16071	0	0A	FF
16072	0	0A	FF
16073	0	0A	FF
16074	0	0A	FF
16075	0	0A	FF
16076	0	0A	FF
16077	0	0A	FF
16078	0	0A	FF
16079	0	0A	FF
16080	0	0A	FF
16081	0	0A	FF
16082	0	0A	FF
16083	0	0A	FF
16084	0	0A	FF
16085	0	0A	FF
16086	0	0A	FF
16087	0	0A	FF
16088	0	0A	FF
16089	0	0A	FF
16090	0	0A	FF
16091	0	0A	FF
16092	0	0A	FF
16093	0	0A	FF
16094	0	0A	FF
16095	0	0A	FF
16096	0	0A	FF
16097	0	0A	FF
16098	0	0A	FF
16099	0	0A	FF
16100	0	0A	FF
16101	0	0A	FF
16102	0	0A	FF
16103	0	0A	FF
16104	0	0A	FF
16105	0	0A	FF
16106	0	0A	FF
16107	0	0A	FF
16108	0	0A	FF
16109	0	0A	FF
16110	0	0A	FF
16111	0	0A	FF
16112	0	0A	FF
16113	0	0A	FF
16114	0	0A	FF
16115	0	0A	FF
16116	0	0A	FF
16117	0	0A	FF
16118	0	0A	FF
16119	0	0A	FF
16120	0	0A	FF
16121	0	0A	FF
16122	0	0A	FF
16123	0	0A	FF
16124	0	0A	FF
16125	0	0A	FF
16126	0	0A	FF
16127	0	0A	FF
16128	0	0A	FF
16129	0	0A	FF
16130	0	0A	FF
16131	0	0A	FF
16132	0	0A	FF
16133	0	0A	FF
16134	0	0A	FF
16135	0	0A	FF
16136	0	0A	FF
16137	0	0A	FF
16138	0	0A	FF
16139	0	0A	FF
16140	0	0A	FF
16141	0	0A	FF
16142	0	0A	FF
16143	0	0A	FF
16144	0	0A	FF
16145	0	0A	FF
16146	0	0A	FF
16147	0	0A	FF
16148	0	0A	FF
16149	0	0A	FF
16150	0	0A	FF
16151	0	0A	FF
16152	0	0A	FF
16153	0	0A	FF
16154	0	0A	FF
16155	0	0A	FF
16156	0	0A	FF
16157	0	0A	FF
16158	0	0A	FF
16159	0	0A	FF
16160	0	0A	FF
16161	0	0A	FF
16162	0	0A	FF
16163	0	0A	FF
16164	0	0A	FF
16165	0	0A	FF
16166	0	0A	FF
16167	0	0A	FF
16168	0	0A	FF
16169	0	0A	FF
16170	0	0A	FF
16171	0	0A	FF
16172	0	0A	FF
16173	0	0A	FF
16174	0	0A	FF
16175	0	0A	FF
16176	0	0A	FF
16177	0	0A	FF
16178	0	0A	FF
16179	0	0A	FF
16180	0	0A	FF
16181	0	0A	FF
16182	0	0A	FF
16183	0	0A	FF
16184	0	0A	FF
16185	0	0A	FF
16186	0	0A	FF
16187	0	0A	FF
16188	0	0A	FF
16189	0	0A	FF
16190	0	0A	FF
16191	0	0A	FF
16192	0	0A	FF
16193	0	0A	FF
16194	0	0A	FF
16195	0	0A	FF
16196	0	0A	FF
16197	0	0A	FF
16198	0	0A	FF
16199	0	0A	FF
16200	0	0A	FF
16201	0	0A	FF
16202	0	0A	FF
16203	0	0A	FF
16204	0	0A	FF
16205	0	0A	FF
16206	0	0A	FF
16207	0	0A	FF
16208	0	0A	FF
16209	0	0A	FF
16210	0	0A	FF
16211	0	0A	FF
16212	0	0A	FF
16213	0	0A	FF
16214	0	0A	FF
16215	0	0A	FF
16216	0	0A	FF
16217	0	0A	FF
16218	0	0A	FF
16219	0	0A	FF
16220	0	0A	FF
16221	0	0A	FF
16222	0	0A	FF
16223	0	0A	FF
16224	0	0A	FF
16225	0	0A	FF
16226	0	0A	FF
16227	0	0A	FF
16228	0	0A	FF
16229	0	0A	FF
16230	0	0A	FF
16231	0	0A	FF
16232	0	0A	FF
16233	0	0A	FF
16234	0	0A	FF
16235	0	0A	FF
16236	0	0A	FF
16237	0	0A	FF
16238	0	0A	FF
16239	0	0A	FF
16240	0	0A	FF
16241	0	0A	FF
16242	0	0A	FF
16243	0	0A	FF
16244	0	0A	FF
16245	0	0A	FF
16246	0	0A	FF
16247	0	0A	FF
16248	0	0A	FF
16249	0	0A	FF
16250	0	0A	FF
16251	0	0A	FF
16252	0	0A	FF
16253	0	0A	FF
16254	0	0A	FF
16255	0	0A	FF
16256	0	0A	FF
16257	0	0A	FF
16258	0	0A	FF
16259	0	0A	FF
16260	0	0A	FF
16261	0	0A	FF
16262	0	0A	FF
16263	0	0A	FF
16264	0	0A	FF
16265	0	0A	FF
16266	0	0A	FF
16267	0	0A	FF
16268	0	0A	FF
16269	0	0A	FF
16270	0	0A	FF
16271	0	0A	FF
16272	0	0A	FF
16273	0	0A	FF
16274	0	0A	FF
16275	0	0A	FF
16276	0	0A	FF
16277	0	0A	FF
16278	0	0A	FF
16279	0	0A	FF
16280	0	0A	FF
16281	0	0A	FF
16282	0	0A	FF
16283	0	0A	FF
16284	0	0A	FF
16285	0	0A	FF
16286	0	0A	FF
16287	0	0A	FF
16288	0	0A	FF
16289	0	0A	FF
16290	0	0A	FF
16291	0	0A	FF
16292	0	0A	FF
16293	0	0A	FF
16294	0	0A	FF
16295	0	0A	FF
16296	0	0A	FF
16297	0	0A	FF
16298	0	0A	FF
16299	0	0A	FF
16300	0	0A	FF
16301	0	0A	FF
16302	0	0A	FF
16303	0	0A	FF
16304	0	0A	FF
16305	0	0A	FF
16306	0	0A	FF
16307	0	0A	FF
16308	0	0A	FF
16309	0	0A	FF
16310	0	0A	FF
16311	0	0A	FF
16312	0	0A	FF
16313	0	0A	FF
16314	0	0A	FF
16315	0	0A	FF
16316	0	0A	FF
16317	0	0A	FF
16318	0	0A	FF
16319	0	0A	FF
16320	0	0A	FF
16321	0	0A	FF
16322	0	0A	FF
16323	0	0A	FF
16324	0	0A	FF
16325	0	0A	FF
16326	0	0A	FF
16327	0	0A	FF
16328	0	0A	FF
16329	0	0A	FF
16330	0	0A	FF
16331	0	0A	FF
16332	0	0A	FF
16333	0	0A	FF
16334	0	0A	FF
16335	0	0A	FF
16336	0	0A	FF
16337	0	0A	FF
16338	0	0A	FF
16339	0	0A	FF
16340	0	0A	FF
16341	0	0A	FF
16342	0	0A	FF
16343	0	0A	FF
16344	0	0A	FF
16345	0	0A	FF
16346	0	0A	FF
16347	0	0A	FF
16348	0	0A	FF
16349	0	0A	FF
16350	0	0A	FF
16351	0	0A	FF
16352	0	0A	FF
16353	0	0A	FF
16354	0	0A	FF
16355	0	0A	FF
16356	0	0A	FF
16357	0	0A	FF
16358	0	0A	FF
16359	0	0A	FF
16360	0	0A	FF
16361	0	0A	FF
16362	0	0A	FF
16363	0	0A	FF
16364	0	0A	FF
16365	0	0A	FF
16366	0	0A	FF
16367	0	0A	FF
16368	0	0A	FF
16369	0	0A	FF
16370	0	0A	FF
16371	0	0A	FF
16372	0	0A	FF
16373	0	0A	FF
16374	0	0A	FF
16375	0	0A	FF
16376	0	0A	FF
16377	0	0A	FF
16378	0	0A	FF
16379	0	0A	FF
16380	0	0A	FF
16381	0	0A	FF
16382	0	0A	FF
16383	0	0A	FF
16384	0	0A	FF
16385	0	0A	FF
16386	0	0A	FF
16387	0	0A	FF
16388	0	0A	FF
16389	0	0A	FF
16390	0	0A	FF
16391	0	0A	FF
16392	0	0A	FF
16393	0	0A	FF
16394	0	0A	FF
16395	0	0A	FF
16396	0	0A	FF
16397	0	0A	FF
16398	0	0A	FF
16399	0	0A	FF
16400	0	0A	FF
16401	0	0A	FF
16402	0	0A	FF
16403	0	0A	FF
16404	0	0A	FF
16405	0	0A	FF
16406	0	0A	FF
16407	0	0A	FF
16408	0	0A	FF
16409	0	0A	FF
16410	0	0A	FF
16411	0	0A	FF
16412	0	0A	FF
16413	0	0A	FF
16414	0	0A	FF
16415	0	0A	FF
16416	0	0A	FF
16417	0	0A	FF
16418	0	0A	FF
16419	0	0A	FF
16420	0	0A	FF
16421	0	0A	FF
16422	0	0A	FF
16423	0	0A	FF
16424	0	0A	FF
16425	0	0A	FF
16426	0	0A	FF
16427	0	0A	FF
16428	0	0A	FF
16429	0	0A	FF
16430	0	0A	FF
16431	0	0A	FF
16432	0	0A	FF
16433	0	0A	FF
16434	0	0A	FF
16435	0	0A	FF
16436	0	0A	FF
16437	0	0A	FF
16438	0	0A	FF
16439	0	0A	FF
16440	0	0A	FF
16441	0	0A	FF
16442	0	0A	FF
16443	0	0A	FF
16444	0	0A	FF
16445	0	0A	FF
16446	0	0A	FF
16447	0	0A	FF
16448	0	0A	FF
16449	0	0A	FF
16450	0	0A	FF
16451	0	0A	FF
16452	0	0A	FF
16453	0	0A	FF
16454	0	0A	FF
16455	0	0A	FF
16456	0	0A	FF
16457	0	0A	FF
16458	0	0A	FF
16459	0	0A	FF
16460	0	0A	FF
16461	0	0A	FF
16462	0	0A	FF
16463	0	0A	FF
16464	0	0A	FF
16465	0	0A	FF
16466	0	0A	FF
16467	0	0A	FF
16468	0	0A	FF
16469	0	0A	FF
16470	0	0A	FF
16471	0	0A	FF
16472	0	0A	FF
16473	0	0A	FF
16474	0	0A	FF
16475	0	0A	FF
16476	0	0A	FF
16477	0	0A	FF
16478	0	0A	FF
16479	0	0A	FF
16480	0	0A	FF
16481	0	0A	FF
16482	0	0A	FF
16483	0	0A	FF
16484	0	0A	FF
16485	0	0A	FF
16486	0	0A	FF
16487	0	0A	FF
16488	0	0A	FF
16489	0	0A	FF
16490	0	0A	FF
16491	0	0A	FF
16492	0	0A	FF
16493	0	0A	FF
16494	0	0A	FF
16495	0	0A	FF
16496	0	0A	FF
16497	0	0A	FF
16498	0	0A	FF
16499	0	0A	FF
16500	0	0A	FF
16501	0	0A	FF
16502	0	0A	FF
16503	0	0A	FF
16504	0	0A	FF
16505	0	0A	FF
16506	0	0A	FF
16507	0	0A	FF
16508	0	0A	FF
16509	0	0A	FF
16510	0	0A	FF
16511	0	0A	FF
16512	0	0A	FF
16513	0	0A	FF
16514	0	0A	FF
16515	0	0A	FF
16516	0	0A	FF
16517	0	0A	FF
16518	0	0A	FF
16519	0	0A	FF
16520	0	0A	FF
16521	0	0A	FF
16522	0	0A	FF
16523	0	0A	FF
16524	0	0A	FF
16525	0	0A	FF
16526	0	0A	FF
16527	0	0A	FF
16528	0	0A	FF
16529	0	0A	FF
16530	0	0A	FF
16531	0	0A	FF
16532	0	0A	FF
16533	0	0A	FF
16534	0	0A	FF
16535	0	0A	FF
16536	0	0A	FF
16537	0	0A	FF
16538	0	0A	FF
16539	0	0A	FF
16540	0	0A	FF
16541	0	0A	FF
16542	0	0A	FF
16543	0	0A	FF
16544	0	0A	FF
16545	0	0A	FF
16546	0	0A	FF
16547	0	0A	FF
16548	0	0A	FF
16549	0	0A	FF
16550	0	0A	FF
16551	0	0A	FF
16552	0	0A	FF
16553	0	0A	FF
16554	0	0A	FF
16555	0	0A	FF
16556	0	0A	FF
16557	0	0A	FF
16558	0	0A	FF
16559	0	0A	FF
16560	0	0A	FF
16561	0	0A	FF
16562	0	0A	FF
16563	0	0A	FF
16564	0	0A	FF
16565	0	0A	FF
16566	0	0A	FF
16567	0	0A	FF
16568	0	0A	FF
16569	0	0A	FF
16570	0	0A	FF
16571	0	0A	FF
16572	0	0A	FF
16573	0	0A	FF
16574	0	0A	FF
16575	0	0A	FF
16576	0	0A	FF
16577	0	0A	FF
16578	0	0A	FF
16579	0	0A	FF
16580	0	0A	FF
16581	0	0A	FF
16582	0	0A	FF
16583	0	0A	FF
16584	0	0A	FF
16585	0	0A	FF
16586	0	0A	FF
16587	0	0A	FF
16588	0	0A	FF
16589	0	0A	FF
16590	0	0A	FF
16591	0	0A	FF
16592	0	0A	FF
16593	0	0A	FF
16594	0	0A	FF
16595	0	0A	FF
16596	0	0A	FF
16597	0	0A	FF
16598	0	0A	FF
16599	0	0A	FF
16600	0	0A	FF
16601	0	0A	FF
16602	0	0A	FF
16603	0	0A	FF
16604	0	0A	FF
16605	0	0A	FF
16606	0	0A	FF
16607	0	0A	FF
16608	0	0A	FF
16609	0	0A	FF
16610	0	0A	FF
16611	0	0A	FF
16612	0	0A	FF
16613	0	0A	FF
16614	0	0A	FF
16615	0	0A	FF
16616	0	0A	FF
16617	0	0A	FF
16618	0	0A	FF
16619	0	0A	FF
16620	0	0A	FF
16621	0	0A	FF
16622	0	0A	FF
16623	0	0A	FF
16624	0	0A	FF
16625	0	0A	FF
16626	0	0A	FF
16627	0	0A	FF
16628	0	0A	FF
16629	0	0A	FF
16630	0	0A	FF
16631	0	0A	FF
16632	0	0A	FF
16633	0	0A	FF
16634	0	0A	FF
16635	0	0A	FF
16636	0	0A	FF
16637	0	0A	FF
16638	0	0A	FF
16639	0	0A	FF
16640	0	0A	FF
16641	0	0A	FF
16642	0	0A	FF
16643	0	0A	FF
16644	0	0A	FF
16645	0	0A	FF
16646	0	0A	FF
16647	0	0A	FF
16648	0	0A	FF
16649	0	0A	FF
16650	0	0A	FF
16651	0	0A	FF
16652	0	0A	FF
16653	0	0A	FF
16654	0	0A	FF
16655	0	0A	FF
16656	0	0A	FF
16657	0	0A	FF
16658	0	0A	FF
16659	0	0A	FF
16660	0	0A	FF
16661	0	0A	FF
16662	0	0A	FF
16663	0	0A	FF
16664	0	0A	FF
16665	0	0A	FF
16666	0	0A	FF
16667	0	0A	FF
16668	0	0A	FF
16669	0	0A	FF
16670	0	0A	FF
16671	0	0A	FF
16672	0	0A	FF
16673	0	0A	FF
16674	0	0A	FF
16675	0	0A	FF
16676	0	0A	FF
16677	0	0A	FF
16678	0	0A	FF
16679	0	0A	FF
16680	0	0A	FF
16681	0	0A	FF
16682	0	0A	FF
16683	0	0A	FF
16684	0	0A	FF
16685	0	0A	FF
16686	0	0A	FF
16687	0	0A	FF
16688	0	0A	FF
16689	0	0A	FF
16690	0	0A	FF
16691	0	0A	FF
16692	0	0A	FF
16693	0	0A	FF
16694	0	0A	FF
16695	0	0A	FF
16696	0	0A	FF
16697	0	0A	FF
16698	0	0A	FF
16699	0	0A	FF
16700	0	0A	FF
16701	0	0A	FF
16702	0	0A	FF
16703	0	0A	FF
16704	0	0A	FF
16705	0	0A	FF
16706	0	0A	FF
16707	0	0A	FF
16708	0	0A	FF
16709	0	0A	FF
16710	0	0A	FF
16711	0	0A	FF
16712	0	0A	FF
16713	0	0A	FF
16714	0	0A	FF
16715	0	0A	FF
16716	0	0A	FF
16717	0	0A	FF
16718	0	0A	FF
16719	0	0A	FF
16720	0	0A	FF
16721	0	0A	FF
16722	0	0A	FF
16723	0	0A	FF
16724	0	0A	FF
16725	0	0A	FF
16726	0	0A	FF
16727	0	0A	FF
16728	0	0A	FF
16729	0	0A	FF
16730	0	0A	FF
16731	0	0A	FF
16732	0	0A	FF
16733	0	0A	FF
16734	0	0A	FF
16735	0	0A	FF
16736	0	0A	FF
16737	0	0A	FF
16738	0	0A	FF
16739	0	0A	FF
16740	0	0A	FF
16741	0	0A	FF
16742	0	0A	FF
16743	0	0A	FF
16744	0	0A	FF
16745	0	0A	FF
16746	0	0A	FF
16747	0	0A	FF
16748	0	0A	FF
16749	0	0A	FF
16750	0	0A	FF
16751	0	0A	FF
16752	0	0A	FF
16753	0	0A	FF
16754	0	0A	FF
16755	0	0A	FF
16756	0	0A	FF
16757	0	0A	FF
16758	0	0A	FF
16759	0	0A	FF
16760	0	0A	FF
16761	0	0A	FF
16762	0	0A	FF
16763	0	0A	FF
16764	0	0A	FF
16765	0	0A	FF
16766	0	0A	FF
16767	0	0A	FF
16768	0	0A	FF
16769	0	0A	FF
16770	0	0A	FF
16771	0	0A	FF
16772	0	0A	FF
16773	0	0A	FF
16774	0	0A	FF
16775	0	0A	FF
16776	0	0A	FF
16777	0	0A	FF
16778	0	0A	FF
16779	0	0A	FF
16780	0	0A	FF
16781	0	0A	FF
16782	0	0A	FF
16783	0	0A	FF
16784	0	0A	FF
16785	0	0A	FF
16786	0	0A	FF
16787	0	0A	FF
16788	0	0A	FF
16789	0	0A	FF
16790	0	0A	FF
16791	0	0A	FF
16792	0	0A	FF
16793	0	0A	FF
16794	0	0A	FF
16795	0	0A	FF
16796	0	0A	FF
16797	0	0A	FF
16798	0	0A	FF
16799	0	0A	FF
16800	0	0A	FF
16801	0	0A	FF
16802	0	0A	FF
16803	0	0A	FF
16804	0	0A	FF
16805	0	0A	FF
16806	0	0A	FF
16807	0	0A	FF
16808	0	0A	FF
16809	0	0A	FF
16810	0	0A	FF
16811	0	0A	FF
16812	0	0A	FF
16813	0	0A	FF
16814	0	0A	FF
16815	0	0A	FF
16816	0	0A	FF
16817	0	0A	FF
16818	0	0A	FF
16819	0	0A	FF
16820	0	0A	FF
16821	0	0A	FF
16822	0	0A	FF
16823	0	0A	FF
16824	0	0A	FF
16825	0	0A	FF
16826	0	0A	FF
16827	0	0A	FF
16828	0	0A	FF
16829	0	0A	FF
16830	0	0A	FF
16831	0	0A	FF
16832	0	0A	FF
16833	0	0A	FF
16834	0	0A	FF
16835	0	0A	FF
16836	0	0A	FF
16837	0	0A	FF
16838	0	0A	FF
16839	0	0A	FF
16840	0	0A	FF
16841	0	0A	FF
16842	0	0A	FF
16843	0	0A	FF
16844	0	0A	FF
16845	0	0A	FF
16846	0	0A	FF
16847	0	0A	FF
16848	0	0A	FF
16849	0	0A	FF
16850	0	0A	FF
16851	0	0A	FF
16852	0	0A	FF
16853	0	0A	FF
16854	0	0A	FF
16855	0	0A	FF
16856	0	0A	FF
16857	0	0A	FF
16858	0	0A	FF
16859	0	0A	FF
16860	0	0A	FF
16861	0	0A	FF
16862	0	0A	FF
16863	0	0A	FF
16864	0	0A	FF
16865	0	0A	FF
16866	0	0A	FF
16867	0	0A	FF
16868	0	0A	FF
16869	0	0A	FF
16870	0	0A	FF
16871	0	0A	FF
16872	0	0A	FF
16873	0	0A	FF
16874	0	0A	FF
16875	0	0A	FF
16876	0	0A	FF
16877	0	0A	FF
16878	0	0A	FF
16879	0	0A	FF
16880	0	0A	FF
16881	0	0A	FF
16882	0	0A	FF
16883	0	0A	FF
16884	0	0A	FF
16885	0	0A	FF
16886	0	0A	FF
16887	0	0A	FF
16888	0	0A	FF
16889	0	0A	FF
16890	0	0A	FF
16891	0	0A	FF
16892	0	0A	FF
16893	0	0A	FF
16894	0	0A	FF
16895	0	0A	FF
16896	0	0A	FF
16897	0	0A	FF
16898	0	0A	FF
16899	0	0A	FF
16900	0	0A	FF
16901	0	0A	FF
16902	0	0A	FF
16903	0	0A	FF
16904	0	0A	FF
16905	0	0A	FF
16906	0	0A	FF
16907	0	0A	FF
16908	0	0A	FF
16909	0	0A	FF
16910	0	0A	FF
16911	0	0A	FF
16912	0	0A	FF
16913	0	0A	FF
16914	0	0A	FF
16915	0	0A	FF
16916	0	0A	FF
16917	0	0A	FF
16918	0	0A	FF
16919	0	0A	FF
16920	0	0A	FF
16921	0	0A	FF
16922	0	0A	FF
16923	0	0A	FF
16924	0	0A	FF
16925	0	0A	FF
16926	0	0A	FF
16927	0	0A	FF
16928	0	0A	FF
16929	0	0A	FF
16930	0	0A	FF
16931	0	0A	FF
16932	0	0A	FF
16933	0	0A	FF
16934	0	0A	FF
16935	0	0A	FF
16936	0	0A	FF
16937	0	0A	FF
16938	0	0A	FF
16939	0	0A	FF
16940	0	0A	FF
16941	0	0A	FF
16942	0	0A	FF
16943	0	0A	FF
16944	0	0A	FF
16945	0	0A	FF
16946	0	0A	FF
16947	0	0A	FF
16948	0	0A	FF
16949	0	0A	FF
16950	0	0A	FF
16951	0	0A	FF
16952	0	0A	FF
16953	0	0A	FF
16954	0	0A	FF
16955	0	0A	FF
16956	0	0A	FF
16957	0	0A	FF
16958	0	0A	FF
16959	0	0A	FF
16960	0	0A	FF
16961	0	0A	FF
16962	0	0A	FF
16963	0	0A	FF
16964	0	0A	FF
16965	0	0A	FF
16966	0	0A	FF
16967	0	0A	FF
16968	0	0A	FF
16969	0	0A	FF
16970	0	0A	FF
16971	0	0A	FF
16972	0	0A	FF
16973	0	0A	FF
16974	0	0A	FF
16975	0	0A	FF
16976	0	0A	FF
16977	0	0A	FF
16978	0	0A	FF
16979	0	0A	FF
16980	0	0A	FF
16981	0	0A	FF
16982	0	0A	FF
16983	0	0A	FF
16984	0	0A	FF
16985	0	0A	FF
16986	0	0A	FF
16987	0	0A	FF
16988	0	0A	FF
16989	0	0A	FF
16990	0	0A	FF
16991	0	0A	FF
16992	0	0A	FF
16993	0	0A	FF
16994	0	0A	FF
16995	0	0A	FF
16996	0	0A	FF
16997	0	0A	FF
16998	0	0A	FF
16999	0	0A	FF
17000	0	0A	FF
17001	0	0A	FF
17002	0	0A	FF
17003	0	0A	FF
17004	0	0A	FF
17005	0	0A	FF
17006	0	0A	FF
17007	0	0A	FF
17008	0	0A	FF
17009	0	0A	FF
17010	0	0A	FF
17011	0	0A	FF
17012	0	0A	FF
17013	0	0A	FF
17014	0	0A	FF
17015	0	0A	FF
17016	0	0A	FF
17017	0	0A	FF
17018	0	0A	FF
17019	0	0A	FF
17020	0	0A	FF
17021	0	0A	FF
17022	0	0A	FF
17023	0	0A	FF
17024	0	0A	FF
17025	0	0A	FF
17026	0	0A	FF
17027	0	0A	FF
17028	0	0A	FF
17029	0	0A	FF
17030	0	0A	FF
17031	0	0A	FF
17032	0	0A	FF
17033	0	0A	FF
17034	0	0A	FF
17035	0	0A	FF
17036	0	0A	FF
17037	0	0A	FF
17038	0	0A	FF
17039	0	0A	FF
17040	0	0A	FF
17041	0	0A	FF
17042	0	0A	FF
17043	0	0A	FF
17044	0	0A	FF
17045	0	0A	FF
17046	0	0A	FF
17047	0	0A	FF
17048	0	0A	FF
17049	0	0A	FF
17050	0	0A	FF
17051	0	0A	FF
17052	0	0A	FF
17053	0	0A	FF
17054	0	0A	FF
17055	0	0A	FF
17056	0	0A	FF
17057	0	0A	FF
17058	0	0A	FF
17059	0	0A	FF
17060	0	0A	FF
17061	0	0A	FF
17062	0	0A	FF
17063	0	0A	FF
17064	0	0A	FF
17065	0	0A	FF
17066	0	0A	FF
17067	0	0A	FF
17068	0	0A	FF
17069	0	0A	FF
17070	0	0A	FF
17071	0	0A	FF
17072	0	0A	FF
17073	0	0A	FF
17074	0	0A	FF
17075	0	0A	FF
17076	0	0A	FF
17077	0	0A	FF
17078	0	0A	FF
17079	0	0A	FF
17080	0	0A	FF
17081	0	0A	FF
17082	0	0A	FF
17083	0	0A	FF
17084	0	0A	FF
17085	0	0A	FF
17086	0	0A	FF
17087	0	0A	FF
17088	0	0A	FF
17089	0	0A	FF
17090	0	0A	FF
17091	0	0A	FF
17092	0	0A	FF
17093	0	0A	FF
17094	0	0A	FF
17095	0	0A	FF
17096	0	0A	FF
17097	0	0A	FF
17098	0	0A	FF
17099	0	0A	FF
17100	0	0A	FF
17101	0	0A	FF
17102	0	0A	FF
17103	0	0A	FF
17104	0	0A	FF
17105	0	0A	FF
17106	0	0A	FF
17107	0	0A	FF
17108	0	0A	FF
17109	0	0A	FF
17110	0	0A	FF
17111	0	0A	FF
17112	0	0A	FF
17113	0	0A	FF
17114	0	0A	FF
17115	0	0A	FF
17116	0	0A	FF
17117	0	0A	FF
17118	0	0A	FF
17119	0	0A	FF
17120	0	0A	FF
17121	0	0A	FF
17122	0	0A	FF
17123	0	0A	FF
17124	0	0A	FF
17125	0	0A	FF
17126	0	0A	FF
17127	0	0A	FF
17128	0	0A	FF
17129	0	0A	FF
17130	0	0A	FF
17131	0	0A	FF
17132	0	0A	FF
17133	0	0A	FF
17134	0	0A	FF
17135	0	0A	FF
17136	0	0A	FF
17137	0	0A	FF
17138	0	0A	FF
17139	0	0A	FF
17140	0	0A	FF
17141	0	0A	FF
17142	0	0A	FF
17143	0	0A	FF
17144	0	0A	FF
17145	0	0A	FF
17146	0	0A	FF
17147	0	0A	FF
17148	0	0A	FF
17149	0	0A	FF
17150	0	0A	FF
17151	0	0A	FF
17152	0	0A	FF
17153	0	0A	FF
17154	0	0A	FF
17155	0	0A	FF
17156	0	0A	FF
17157	0	0A	FF
17158	0	0A	FF
17159	0	0A	FF
17160	0	0A	FF
17161	0	0A	FF
17162	0	0A	FF
17163	0	0A	FF
17164	0	0A	FF
17165	0	0A	FF
17166	0	0A	FF
17167	0	0A	FF
17168	0	0A	FF
17169	0	0A	FF
17170	0	0A	FF
17171	0	0A	FF
17172	0	0A	FF
17173	0	0A	FF
17174	0	0A	FF
17175	0	0A	FF
17176	0	0A	FF
17177	0	0A	FF
17178	0	0A	FF
17179	0	0A	FF
17180	0	0A	FF
17181	0	0A	FF
17182	0	0A	FF
17183	0	0A	FF
17184	0	0A	FF
17185	0	0A	FF
17186	0	0A	FF
17187	0	0A	FF
17188	0	0A	FF
17189	0	0A	FF
17190	0	0A	FF
17191	0	0A	FF
17192	0	0A	FF
17193	0	0A	FF
17194	0	0A	FF
17195	0	0A	FF
17196	0	0A	FF
17197	0	0A	FF
17198	0	0A	FF
17199	0	0A	FF
17200	0	0A	FF
17201	0	0A	FF
17202	0	0A	FF
17203	0	0A	FF
17204	0	0A	FF
17205	0	0A	FF
17206	0	0A	FF
17207	0	0A	FF
17208	0	0A	FF
17209	0	0A	FF
17210	0	0A	FF
17211	0	0A	FF
17212	0	0A	FF
17213	0	0A	FF
17214	0	0A	FF
17215	0	0A	FF
17216	0	0A	FF
17217	0	0A	FF
17218	0	0A	FF
17219	0	0A	FF
17220	0	0A	FF
17221	0	0A	FF
17222	0	0A	FF
17223	0	0A	FF
17224	0	0A	FF
17225	0	0A	FF
17226	0	0A	FF
17227	0	0A	FF
17228	0	0A	FF
17229	0	0A	FF
17230	0	0A	FF
17231	0	0A	FF
17232	0	0A	FF
17233	0	0A	FF
17234	0	0A	FF
17235	0	0A	FF
17236	0	0A	FF
17237	0	0A	FF
17238	0	0A	FF
17239	0	0A	FF
17240	0	0A	FF
17241	0	0A	FF
17242	0	0A	FF
17243	0	0A	FF
17244	0	0A	FF
17245	0	0A	FF
17246	0	0A	FF
17247	0	0A	FF
17248	0	0A	FF
17249	0	0A	FF
17250	0	0A	FF
17251	0	0A	FF
17252	0	0A	FF
17253	0	0A	FF
17254	0	0A	FF
17255	0	0A	FF
17256	0	0A	FF
17257	0	0A	FF
17258	0	0A	FF
17259	0	0A	FF
17260	0	0A	FF
17261	0	0A	FF
17262	0	0A	FF
17263	0	0A	FF
17264	0	0A	FF
17265	0	0A	FF
17266	0	0A	FF
17267	0	0A	FF
17268	0	0A	FF
17269	0	0A	FF
17270	0	0A	FF
17271	0	0A	FF
17272	0	0A	FF
17273	0	0A	FF
17274	0	0A	FF
17275	0	0A	FF
17276	0	0A	FF
17277	0	0A	FF
17278	0	0A	FF
17279	0	0A	FF
17280	0	0A	FF
17281	0	0A	FF
17282	0	0A	FF
17283	0	0A	FF
17284	0	0A	FF
17285	0	0A	FF
17286	0	0A	FF
17287	0	0A	FF
17288	0	0A	FF
17289	0	0A	FF
17290	0	0A	FF
17291	0	0A	FF
17292	0	0A	FF
17293	0	0A	FF
17294	0	0A	FF
17295	0	0A	FF
17296	0	0A	FF
17297	0	0A	FF
17298	0	0A	FF
17299	0	0A	FF
17300	0	0A	FF
17301	0	0A	FF
17302	0	0A	FF
17303	0	0A	FF
17304	0	0A	FF
17305	0	0A	FF
17306	0	0A	FF
17307	0	0A	FF
17308	0	0A	FF
17309	0	0A	FF
17310	0	0A	FF
17311	0	0A	FF
17312	0	0A	FF
17313	0	0A	FF
17314	0	0A	FF
17315	0	0A	FF
17316	0	0A	FF
17317	0	0A	FF
17318	0	0A	FF
17319	0	0A	FF
17320	0	0A	FF
17321	0	0A	FF
17322	0	0A	FF
17323	0	0A	FF
17324	0	0A	FF
17325	0	0A	FF
17326	0	0A	FF
17327	0	0A	FF
17328	0	0A	FF
17329	0	0A	FF
17330	0	0A	FF
17331	0	0A	FF
17332	0	0A	FF
17333	0	0A	FF
17334	0	0A	FF
17335	0	0A	FF
17336	0	0A	FF
17337	0	0A	FF
17338	0	0A	FF
17339	0	0A	FF
17340	0	0A	FF
17341	0	0A	FF
17342	0	0A	FF
17343	0	0A	FF
17344	0	0A	FF
17345	0	0A	FF
17346	0	0A	FF
17347	0	0A	FF
17348	0	0A	FF
17349	0	0A	FF
17350	0	0A	FF
17351	0	0A	FF
17352	0	0A	FF
17353	0	0A	FF
17354	0	0A	FF
17355	0	0A	FF
17356	0	0A	FF
17357	0	0A	FF
17358	0	0A	FF
17359	0	0A	FF
17360	0	0A	FF
17361	0	0A	FF
17362	0	0A	FF
17363	0	0A	FF
17364	0	0A	FF
17365	0	0A	FF
17366	0	0A	FF
17367	0	0A	FF
17368	0	0A	FF
17369	0	0A	FF
17370	0	0A	FF
17371	0	0A	FF
17372	0	0A	FF
17373	0	0A	FF
17374	0	0A	FF
17375	0	0A	FF
17376	0	0A	FF
17377	0	0A	FF
17378	0	0A	FF
17379	0	0A	FF
17380	0	0A	FF
17381	0	0A	FF
17382	0	0A	FF
17383	0	0A	FF
17384	0	0A	FF
17385	0	0A	FF
17386	0	0A	FF
17387	0	0A	FF
17388	0	0A	FF
17389	0	0A	FF
17390	0	0A	FF
17391	0	0A	FF
17392	0	0A	FF
17393	0	0A	FF
17394	0	0A	FF
17395	0	0A	FF
17396	0	0A	FF
17397	0	0A	FF
17398	0	0A	FF
17399	0	0A	FF
17400	0	0A	FF
17401	0	0A	FF
17402	0	0A	FF
17403	0	0A	FF
17404	0	0A	FF
17405	0	0A	FF
17406	0	0A	FF
17407	0	0A	FF
17408	0	0A	FF
17409	0	0A	FF
17410	0	0A	FF
17411	0	0A	FF
17412	0	0A	FF
17413	0	0A	FF
17414	0	0A	FF
17415	0	0A	FF
17416	0	0A	FF
17417	0	0A	FF
17418	0	0A	FF
17419	0	0A	FF
17420	0	0A	FF
17421	0	0A	FF
17422	0	0A	FF
17423	0	0A	FF
17424	0	0A	FF
17425	0	0A	FF
17426	0	0A	FF
17427	0	0A	FF
17428	0	0A	FF
17429	0	0A	FF
17430	0	0A	FF
17431	0	0A	FF
17432	0	0A	FF
17433	0	0A	FF
17434	0	0A	FF
17435	0	0A	FF
17436	0	0A	FF
17437	0	0A	FF
17438	0	0A	FF
17439	0	0A	FF
17440	0	0A	FF
17441	0	0A	FF
17442	0	0A	FF
17443	0	0A	FF
17444	0	0A	FF
17445	0	0A	FF
17446	0	0A	FF
17447	0	0A	FF
17448	0	0A	FF
17449	0	0A	FF
17450	0	0A	FF
17451	0	0A	FF
17452	0	0A	FF
17453	0	0A	FF
17454	0	0A	FF
17455	0	0A	FF
17456	0	0A	FF
17457	0	0A	FF
17458	0	0A	FF
17459	0	0A	FF
17460	0	0A	FF
17461	0	0A	FF
17462	0	0A	FF
17463	0	0A	FF
17464	0	0A	FF
17465	0	0A	FF
17466	0	0A	FF
17467	0	0A	FF
17468	0	0A	FF
17469	0	0A	FF
17470	0	0A	FF
17471	0	0A	FF
17472	0	0A	FF
17473	0	0A	FF
17474	0	0A	FF
17475	0	0A	FF
17476	0	0A	FF
17477	0	0A	FF
17478	0	0A	FF
17479	0	0A	FF
17480	0	0A	FF
17481	0	0A	FF
17482	0	0A	FF
17483	0	0A	FF
17484	0	0A	FF
17485	0	0A	FF
17486	0	0A	FF
17487	0	0A	FF
17488	0	0A	FF
17489	0	0A	FF
17490	0	0A	FF
17491	0	0A	FF
17492	0	0A	FF
17493	0	0A	FF
17494	0	0A	FF
17495	0	0A	FF
17496	0	0A	FF
17497	0	0A	FF
17498	0	0A	FF
17499	0	0A	FF
17500	0	0A	FF
17501	0	0A	FF
17502	0	0A	FF
17503	0	0A	FF
17504	0	0A	FF
17505	0	0A	FF
17506	0	0A	FF
17507	0	0A	FF
17508	0	0A	FF
17509	0	0A	FF
17510	0	0A	FF
17511	0	0A	FF
17512	0	0A	FF
17513	0	0A	FF
17514	0	0A	FF
17515	0	0A	FF
17516	0	0A	FF
17517	0	0A	FF
17518	0	0A	FF
17519	0	0A	FF
17520	0	0A	FF
17521	0	0A	FF
17522	0	0A	FF
17523	0	0A	FF
17524	0	0A	FF
17525	0	0A	FF
17526	0	0A	FF
17527	0	0A	FF
17528	0	0A	FF
17529	0	0A	FF
17530	0	0A	FF
17531	0	0A	FF
17532	0	0A	FF
17533	0	0A	FF
17534	0	0A	FF
17535	0	0A	FF
17536	0	0A	FF
17537	0	0A	FF
17538	0	0A	FF
17539	0	0A	FF
17540	0	0A	FF
17541	0	0A	FF
17542	0	0A	FF
17543	0	0A	FF
17544	0	0A	FF
17545	0	0A	FF
17546	0	0A	FF
17547	0	0A	FF
17548	0	0A	FF
17549	0	0A	FF
17550	0	0A	FF
17551	0	0A	FF
17552	0	0A	FF
17553	0	0A	FF
17554	0	0A	FF
17555	0	0A	FF
17556	0	0A	FF
17557	0	0A	FF
17558	0	0A	FF
17559	0	0A	FF
17560	0	0A	FF
17561	0	0A	FF
17562	0	0A	FF
17563	0	0A	FF
17564	0	0A	FF
17565	0	0A	FF
17566	0	0A	FF
17567	0	0A	FF
17568	0	0A	FF
17569	0	0A	FF
17570	0	0A	FF
17571	0	0A	FF
17572	0	0A	FF
17573	0	0A	FF
17574	0	0A	FF
17575	0	0A	FF
17576	0	0A	FF
17577	0	0A	FF
17578	0	0A	FF
17579	0	0A	FF
17580	0	0A	FF
17581	0	0A	FF
17582	0	0A	FF
17583	0	0A	FF
17584	0	0A	FF
17585	0	0A	FF
17586	0	0A	FF
17587	0	0A	FF
17588	0	0A	FF
17589	0	0A	FF
17590	0	0A	FF
17591	0	0A	FF
17592	0	0A	FF
17593	0	0A	FF
17594	0	0A	FF
17595	0	0A	FF
17596	0	0A	FF
17597	0	0A	FF
17598	0	0A	FF
17599	0	0A	FF
17600	0	0A	FF
17601	0	0A	FF
17602	0	0A	FF
17603	0	0A	FF
17604	0	0A	FF
17605	0	0A	FF
17606	0	0A	FF
17607	0	0A	FF
17608	0	0A	FF
17609	0	0A	FF
17610	0	0A	FF
17611	0	0A	FF
17612	0	0A	FF
17613	0	0A	FF
17614	0	0A	FF
17615	0	0A	FF
17616	0	0A	FF
17617	0	0A	FF
17618	0	0A	FF
17619	0	0A	FF
17620	0	0A	FF
17621	0	0A	FF
17622	0	0A	FF
17623	0	0A	FF
17624	0	0A	FF
17625	0	0A	FF
17626	0	0A	FF
17627	0	0A	FF
17628	0	0A	FF
17629	0	0A	FF
17630	0	0A	FF
17631	0	0A	FF
17632	0	0A	FF
17633	0	0A	FF
17634	0	0A	FF
17635	0	0A	FF
17636	0	0A	FF
17637	0	0A	FF
17638	0	0A	FF
17639	0	0A	FF
17640	0	0A	FF
17641	0	0A	FF
17642	0	0A	FF
17643	0	0A	FF
17644	0	0A	FF
17645	0	0A	FF
17646	0	0A	FF
17647	0	0A	FF
17648	0	0A	FF
17649	0	0A	FF
17650	0	0A	FF
17651	0	0A	FF
17652	0	0A	FF
17653	0	0A	FF
17654	0	0A	FF
17655	0	0A	FF
17656	0	0A	FF
17657	0	0A	FF
17658	0	0A	FF
17659	0	0A	FF
17660	0	0A	FF
17661	0	0A	FF
17662	0	0A	FF
17663	0	0A	FF
17664	0	0A	FF
17665	0	0A	FF
17666	0	0A	FF
17667	0	0A	FF
17668	0	0A	FF
17669	0	0A	FF
17670	0	0A	FF
17671	0	0A	FF
17672	0	0A	FF
17673	0	0A	FF
17674	0	0A	FF
17675	0	0A	FF
17676	0	0A	FF
17677	0	0A	FF
17678	0	0A	FF
17679	0	0A	FF
17680	0	0A	FF
17681	0	0A	FF
17682	0	0A	FF
17683	0	0A	FF
17684	0	0A	FF
17685	0	0A	FF
17686	0	0A	FF
17687	0	0A	FF
17688	0	0A	FF
17689	0	0A	FF
17690	0	0A	FF
17691	0	0A	FF
17692	0	0A	FF
17693	0	0A	FF
17694	0	0A	FF
17695	0	0A	FF
17696	0	0A	FF
17697	0	0A	FF
17698	0	0A	FF
17699	0	0A	FF
17700	0	0A	FF
17701	0	0A	FF
17702	0	0A	FF
17703	0	0A	FF
17704	0	0A	FF
17705	0	0A	FF
17706	0	0A	FF
17707	0	0A	FF
17708	0	0A	FF
17709	0	0A	FF
17710	0	0A	FF
17711	0	0A	FF
17712	0	0A	FF
17713	0	0A	FF
17714	0	0A	FF
17715	0	0A	FF
17716	0	0A	FF
17717	0	0A	FF
17718	0	0A	FF
17719	0	0A	FF
17720	0	0A	FF
17721	0	0A	FF
17722	0	0A	FF
17723	0	0A	FF
17724	0	0A	FF
17725	0	0A	FF
17726	0	0A	FF
17727	0	0A	FF
17728	0	0A	FF
17729	0	0A	FF
17730	0	0A	FF
17731	0	0A	FF
17732	0	0A	FF
17733	0	0A	FF
17734	0	0A	FF
17735	0	0A	FF
17736	0	0A	FF
17737	0	0A	FF
17738	0	0A	FF
17739	0	0A	FF
17740	0	0A	FF
17741	0	0A	FF
17742	0	0A	FF
17743	0	0A	FF
17744	0	0A	FF
17745	0	0A	FF
17746	0	0A	FF
17747	0	0A	FF
17748	0	0A	FF
17749	0	0A	FF
17750	0	0A	FF
17751	0	0A	FF
17752	0	0A	FF
17753	0	0A	FF
17754	0	0A	FF
17755	0	0A	FF
17756	0	0A	FF
17757	0	0A	FF
17758	0	0A	FF
17759	0	0A	FF
17760	0	0A	FF
17761	0	0A	FF
17762	0	0A	FF
17763	0	0A	FF
17764	0	0A	FF
17765	0	0A	FF
17766	0	0A	FF
17767	0	0A	FF
17768	0	0A	FF
17769	0	0A	FF
17770	0	0A	FF
17771	0	0A	FF
17772	0	0A	FF
17773	0	0A	FF
17774	0	0A	FF
17775	0	0A	FF
17776	0	0A	FF
17777	0	0A	FF
17778	0	0A	FF
17779	0	0A	FF
17780	0	0A	FF
17781	0	0A	FF
17782	0	0A	FF
17783	0	0A	FF
17784	0	0A	FF
17785	0	0A	FF
17786	0	0A	FF
17787	0	0A	FF
17788	0	0A	FF
17789	0	0A	FF
17790	0	0A	FF
17791	0	0A	FF
17792	0	0A	FF
17793	0	0A	FF
17794	0	0A	FF
17795	0	0A	FF
17796	0	0A	FF
17797	0	0A	FF
17798	0	0A	FF
17799	0	0A	FF
17800	0	0A	FF
17801	0	0A	FF
17802	0	0A	FF
17803	0	0A	FF
17804	0	0A	FF
17805	0	0A	FF
17806	0	0A	FF
17807	0	0A	FF
17808	0	0A	FF
17809	0	0A	FF
17810	0	0A	FF
17811	0	0A	FF
17812	0	0A	FF
17813	0	0A	FF
17814	0	0A	FF
17815	0	0A	FF
17816	0	0A	FF
17817	0	0A	FF
17818	0	0A	FF
17819	0	0A	FF
17820	0	0A	FF
17821	0	0A	FF
17822	0	0A	FF
17823	0	0A	FF
17824	0	0A	FF
17825	0	0A	FF
17826	0	0A	FF
17827	0	0A	FF
17828	0	0A	FF
17829	0	0A	FF
17830	0	0A	FF
17831	0	0A	FF
17832	0	0A	FF
17833	0	0A	FF
17834	0	0A	FF
17835	0	0A	FF
17836	0	0A	FF
17837	0	0A	FF
17838	0	0A	FF
17839	0	0A	FF
17840	0	0A	FF
17841	0	0A	FF
17842	0	0A	FF
17843	0	0A	FF
17844	0	0A	FF
17845	0	0A	FF
17846	0	0A	FF
17847	0	0A	FF
17848	0	0A	FF
17849	0	0A	FF
17850	0	0A	FF
17851	0	0A	FF
17852	0	0A	FF
17853	0	0A	FF
17854	0	0A	FF
17855	0	0A	FF
17856	0	0A	FF
17857	0	0A	FF
17858	0	0A	FF
17859	0	0A	FF
17860	0	0A	FF
17861	0	0A	FF
17862	0	0A	FF
17863	0	0A	FF
17864	0	0A	FF
17865	0	0A	FF
17866	0	0A	FF
17867	0	0A	FF
17868	0	0A	FF
17869	0	0A	FF
17870	0	0A	FF
17871	0	0A	FF
17872	0	0A	FF
17873	0	0A	FF
17874	0	0A	FF
17875	0	0A	FF
17876	0	0A	FF
17877	0	0A	FF
17878	0	0A	FF
17879	0	0A	FF
17880	0	0A	FF
17881	0	0A	FF
17882	0	0A	FF
17883	0	0A	FF
17884	0	0A	FF
17885	0	0A	FF
17886	0	0A	FF
17887	0	0A	FF
17888	0	0A	FF
17889	0	0A	FF
17890	0	0A	FF
17891	0	0A	FF
17892	0	0A	FF
17893	0	0A	FF
17894	0	0A	FF
17895	0	0A	FF
17896	0	0A	FF
17897	0	0A	FF
17898	0	0A	FF
17899	0	0A	FF
17900	0	0A	FF
17901	0	0A	FF
17902	0	0A	FF
17903	0	0A	FF
17904	0	0A	FF
17905	0	0A	FF
17906	0	0A	FF
17907	0	0A	FF
17908	0	0A	FF
17909	0	0A	FF
17910	0	0A	FF
17911	0	0A	FF
17912	0	0A	FF
17913	0	0A	FF
17914	0	0A	FF
17915	0	0A	FF
17916	0	0A	FF
17917	0	0A	FF
17918	0	0A	FF
17919	0	0A	FF
17920	0	0A	FF
17921	0	0A	FF
17922	0	0A	FF
17923	0	0A	FF
17924	0	0A	FF
17925	0	0A	FF
17926	0	0A	FF
17927	0	0A	FF
17928	0	0A	FF
17929	0	0A	FF
17930	0	0A	FF
17931	0	0A	FF
17932	0	0A	FF
17933	0	0A	FF
17934	0	0A	FF
17935	0	0A	FF
17936	0	0A	FF
17937	0	0A	FF
17938	0	0A	FF
17939	0	0A	FF
17940	0	0A	FF
17941	0	0A	FF
17942	0	0A	FF
17943	0	0A	FF
17944	0	0A	FF
17945	0	0A	FF
17946	0	0A	FF
17947	0	0A	FF
17948	0	0A	FF
17949	0	0A	FF
17950	0	0A	FF
17951	0	0A	FF
17952	0	0A	FF
17953	0	0A	FF
17954	0	0A	FF
17955	0	0A	FF
17956	0	0A	FF
17957	0	0A	FF
17958	0	0A	FF
17959	0	0A	FF
17960	0	0A	FF
17961	0	0A	FF
17962	0	0A	FF
17963	0	0A	FF
17964	0	0A	FF
17965	0	0A	FF
17966	0	0A	FF
17967	0	0A	FF
17968	0	0A	FF
17969	0	0A	FF
17970	0	0A	FF
17971	0	0A	FF
17972	0	0A	FF
17973	0	0A	FF
17974	0	0A	FF
17975	0	0A	FF
17976	0	0A	FF
17977	0	0A	FF
17978	0	0A	FF
17979	0	0A	FF
17980	0	0A	FF
17981	0	0A	FF
17982	0	0A	FF
17983	0	0A	FF
17984	0	0A	FF
17985	0	0A	FF
17986	0	0A	FF
17987	0	0A	FF
17988	0	0A	FF
17989	0	0A	FF
17990	0	0A	FF
17991	0	0A	FF
17992	0	0A	FF
17993	0	0A	FF
17994	0	0A	FF
17995	0	0A	FF
17996	0	0A	FF
17997	0	0A	FF
17998	0	0A	FF
17999	0	0A	FF
18000	0	0A	FF
18001	0	0A	FF
18002	0	0A	FF
18003	0	0A	FF
18004	0	0A	FF
18005	0	0A	FF
18006	0	0A	FF
18007	0	0A	FF
18008	0	0A	FF
18009	0	0A	FF
18010	0	0A	FF
18011	0	0A	FF
18012	0	0A	FF
18013	0	0A	FF
18014	0	0A	FF
18015	0	0A	FF
18016	0	0A	FF
18017	0	0A	FF
18018	0	0A	FF
18019	0	0A	FF
18020	0	0A	FF
18021	0	0A	FF
18022	0	0A	FF
18023	0	0A	FF
18024	0	0A	FF
18025	0	0A	FF
18026	0	0A	FF
18027	0	0A	FF
18028	0	0A	FF
18029	0	0A	FF
18030	0	0A	FF
18031	0	0A	FF
18032	0	0A	FF
18033	0	0A	FF
18034	0	0A	FF
18035	0	0A	FF
18036	0	0A	FF
18037	0	0A	FF
18038	0	0A	FF
18039	0	0A	FF
18040	0	0A	FF
18041	0	0A	FF
18042	0	0A	FF
18043	0	0A	FF
18044	0	0A	FF
18045	0	0A	FF
18046	0	0A	FF
18047	0	0A	FF
18048	0	0A	FF
18049	0	0A	FF
18050	0	0A	FF
18051	0	0A	FF
18052	0	0A	FF
18053	0	0A	FF
18054	0	0A	FF
18055	0	0A	FF
18056	0	0A	FF
18057	0	0A	FF
18058	0	0A	FF
18059	0	0A	FF
18060	0	0A	FF
18061	0	0A	FF
18062	0	0A	FF
18063	0	0A	FF
18064	0	0A	FF
18065	0	0A	FF
18066	0	0A	FF
18067	0	0A	FF
18068	0	0A	FF
18069	0	0A	FF
18070	0	0A	FF
18071	0	0A	FF
18072	0	0A	FF
18073	0	0A	FF
18074	0	0A	FF
18075	0	0A	FF
18076	0	0A	FF
18077	0	0A	FF
18078	0	0A	FF
18079	0	0A	FF
18080	0	0A	FF
18081	0	0A	FF
18082	0	0A	FF
18083	0	0A	FF
18084	0	0A	FF
18085	0	0A	FF
18086	0	0A	FF
18087	0	0A	FF
18088	0	0A	FF
18089	0	0A	FF
18090	0	0A	FF
18091	0	0A	FF
18092	0	0A	FF
18093	0	0A	FF
18094	0	0A	FF
18095	0	0A	FF
18096	0	0A	FF
18097	0	0A	FF
18098	0	0A	FF
18099	0	0A	FF
18100	0	0A	FF
18101	0	0A	FF
18102	0	0A	FF
18103	0	0A	FF
18104	0	0A	FF
18105	0	0A	FF
18106	0	0A	FF
18107	0	0A	FF
18108	0	0A	FF
18109	0	0A	FF
18110	0	0A	FF
18111	0	0A	FF
18112	0	0A	FF
18113	0	0A	FF
18114	0	0A	FF
18115	0	0A	FF
18116	0	0A	FF
18117	0	0A	FF
18118	0	0A	FF
18119	0	0A	FF
18120	0	0A	FF
18121	0	0A	FF
18122	0	0A	FF
18123	0	0A	FF
18124	0	0A	FF
18125	0	0A	FF
18126	0	0A	FF
18127	0	0A	FF
18128	0	0A	FF
18129	0	0A	FF
18130	0	0A	FF
18131	0	0A	FF
18132	0	0A	FF
18133	0	0A	FF
18134	0	0A	FF
18135	0	0A	FF
18136	0	0A	FF
18137	0	0A	FF
18138	0	0A	FF
18139	0	0A	FF
18140	0	0A	FF
18141	0	0A	FF
18142	0	0A	FF
18143	0	0A	FF
18144	0	0A	FF
18145	0	0A	FF
18146	0	0A	FF
18147	0	0A	FF
18148	0	0A	FF
18149	0	0A	FF
18150	0	0A	FF
18151	0	0A	FF
18152	0	0A	FF
18153	0	0A	FF
18154	0	0A	FF
18155	0	0A	FF
18156	0	0A	FF
18157	0	0A	FF
18158	0	0A	FF
18159	0	0A	FF
18160	0	0A	FF
18161	0	0A	FF
18162	0	0A	FF
18163	0	0A	FF
18164	0	0A	FF
18165	0	0A	FF
18166	0	0A	FF
18167	0	0A	FF
18168	0	0A	FF
18169	0	0A	FF
18170	0	0A	FF
18171	0	0A	FF
18172	0	0A	FF
18173	0	0A	FF
18174	0	0A	FF
18175	0	0A	FF
18176	0	0A	FF
18177	0	0A	FF
18178	0	0A	FF
18179	0	0A	FF
18180	0	0A	FF
18181	0	0A	FF
18182	0	0A	FF
18183	0	0A	FF
18184	0	0A	FF
18185	0	0A	FF
18186	0	0A	FF
18187	0	0A	FF
18188	0	0A	FF
18189	0	0A	FF
18190	0	0A	FF
18191	0	0A	FF
18192	0	0A	FF
18193	0	0A	FF
18194	0	0A	FF
18195	0	0A	FF
18196	0	0A	FF
18197	0	0A	FF
18198	0	0A	FF
18199	0	0A	FF
18200	0	0A	FF
18201	0	0A	FF
18202	0	0A	FF
18203	0	0A	FF
18204	0	0A	FF
18205	0	0A	FF
18206	0	0A	FF
18207	0	0A	FF
18208	0	0A	FF
18209	0	0A	FF
18210	0	0A	FF
18211	0	0A	FF
18212	0	0A	FF
18213	0	0A	FF
18214	0	0A	FF
18215	0	0A	FF
18216	0	0A	FF
18217	0	0A	FF
18218	0	0A	FF
18219	0	0A	FF
18220	0	0A	FF
18221	0	0A	FF
18222	0	0A	FF
18223	0	0A	FF
18224	0	0A	FF
18225	0	0A	FF
18226	0	0A	FF
18227	0	0A	FF
18228	0	0A	FF
18229	0	0A	FF
18230	0	0A	FF
18231	0	0A	FF
18232	0	0A	FF
18233	0	0A	FF
18234	0	0A	FF
18235	0	0A	FF
18236	0	0A	FF
18237	0	0A	FF
18238	0	0A	FF
18239	0	0A	FF
18240	0	0A	FF
18241	0	0A	FF
18242	0	0A	FF
18243	0	0A	FF
18244	0	0A	FF
18245	0	0A	FF
18246	0	0A	FF
18247	0	0A	FF
18248	0	0A	FF
18249	0	0A	FF
18250	0	0A	FF
18251	0	0A	FF
18252	0	0A	FF
18253	0	0A	FF
18254	0	0A	FF
18255	0	0A	FF
18256	0	0A	FF
18257	0	0A	FF
18258	0	0A	FF
18259	0	0A	FF
18260	0	0A	FF
18261	0	0A	FF
18262	0	0A	FF
18263	0	0A	FF
18264	0	0A	FF
18265	0	0A	FF
18266	0	0A	FF
18267	0	0A	FF
18268	0	0A	FF
18269	0	0A	FF
18270	0	0A	FF
18271	0	0A	FF
18272	0	0A	FF
18273	0	0A	FF
18274	0	0A	FF
18275	0	0A	FF
18276	0	0A	FF
18277	0	0A	FF
18278	0	0A	FF
18279	0	0A	FF
18280	0	0A	FF
18281	0	0A	FF
18282	0	0A	FF
18283	0	0A	FF
18284	0	0A	FF
18285	0	0A	FF
18286	0	0A	FF
18287	0	0A	FF
18288	0	0A	FF
18289	0	0A	FF
18290	0	0A	FF
18291	0	0A	FF
18292	0	0A	FF
18293	0	0A	FF
18294	0	0A	FF
18295	0	0A	FF
18296	0	0A	FF
18297	0	0A	FF
18298	0	0A	FF
18299	0	0A	FF
18300	0	0A	FF
18301	0	0A	FF
18302	0	0A	FF
18303	0	0A	FF
18304	0	0A	FF
18305	0	0A	FF
18306	0	0A	FF
18307	0	0A	FF
18308	0	0A	FF
18309	0	0A	FF
18310	0	0A	FF
18311	0	0A	FF
18312	0	0A	FF
18313	0	0A	FF
18314	0	0A	FF
18315	0	0A	FF
18316	0	0A	FF
18317	0	0A	FF
18318	0	0A	FF
18319	0	0A	FF
18320	0	0A	FF
18321	0	0A	FF
18322	0	0A	FF
18323	0	0A	FF
18324	0	0A	FF
18325	0	0A	FF
18326	0	0A	FF
18327	0	0A	FF
18328	0	0A	FF
18329	0	0A	FF
18330	0	0A	FF
18331	0	0A	FF
18332	0	0A	FF
18333	0	0A	FF
18334	0	0A	FF
18335	0	0A	FF
18336	0	0A	FF
18337	0	0A	FF
18338	0	0A	FF
18339	0	0A	FF
18340	0	0A	FF
18341	0	0A	FF
18342	0	0A	FF
18343	0	0A	FF
18344	0	0A	FF
18345	0	0A	FF
18346	0	0A	FF
18347	0	0A	FF
18348	0	0A	FF
18349	0	0A	FF
18350	0	0A	FF
18351	0	0A	FF
18352	0	0A	FF
18353	0	0A	FF
18354	0	0A	FF
18355	0	0A	FF
18356	0	0A	FF
18357	0	0A	FF
18358	0	0A	FF
18359	0	0A	FF
18360	0	0A	FF
18361	0	0A	FF
18362	0	0A	FF
18363	0	0A	FF
18364	0	0A	FF
18365	0	0A	FF
18366	0	0A	FF
18367	0	0A	FF
18368	0	0A	FF
18369	0	0A	FF
18370	0	0A	FF
18371	0	0A	FF
18372	0	0A	FF
18373	0	0A	FF
18374	0	0A	FF
18375	0	0A	FF
18376	0	0A	FF
18377	0	0A	FF
18378	0	0A	FF
18379	0	0A	FF
18380	0	0A	FF
18381	0	0A	FF
18382	0	0A	FF
18383	0	0A	FF
18384	0	0A	FF
18385	0	0A	FF
18386	0	0A	FF
18387	0	0A	FF
18388	0	0A	FF
18389	0	0A	FF
18390	0	0A	FF
18391	0	0A	FF
18392	0	0A	FF
18393	0	0A	FF
18394	0	0A	FF
18395	0	0A	FF
18396	0	0A	FF
18397	0	0A	FF
18398	0	0A	FF
18399	0	0A	FF
18400	0	0A	FF
18401	0	0A	FF
18402	0	0A	FF
18403	0	0A	FF
18404	0	0A	FF
18405	0	0A	FF
18406	0	0A	FF
18407	0	0A	FF
18408	0	0A	FF
18409	0	0A	FF
18410	0	0A	FF
18411	0	0A	FF
18412	0	0A	FF
18413	0	0A	FF
18414	0	0A	FF
18415	0	0A	FF
18416	0	0A	FF
18417	0	0A	FF
18418	0	0A	FF
18419	0	0A	FF
18420	0	0A	FF
18421	0	0A	FF
18422	0	0A	FF
18423	0	0A	FF
18424	0	0A	FF
18425	0	0A	FF
18426	0	0A	FF
18427	0	0A	FF
18428	0	0A	FF
18429	0	0A	FF
18430	0	0A	FF
18431	0	0A	FF
18432	0	0A	FF
18433	0	0A	FF
18434	0	0A	FF
18435	0	0A	FF
18436	0	0A	FF
18437	0	0A	FF
18438	0	0A	FF
18439	0	0A	FF
18440	0	0A	FF
18441	0	0A	FF
18442	0	0A	FF
18443	0	0A	FF
18444	0	0A	FF
18445	0	0A	FF
18446	0	0A	FF
18447	0	0A	FF
18448	0	0A	FF
18449	0	0A	FF
18450	0	0A	FF
18451	0	0A	FF
18452	0	0A	FF
18453	0	0A	FF
18454	0	0A	FF
18455	0	0A	FF
18456	0	0A	FF
18457	0	0A	FF
18458	0	0A	FF
18459	0	0A	FF
18460	0	0A	FF
18461	0	0A	FF
18462	0	0A	FF
18463	0	0A	FF
18464	0	0A	FF
18465	0	0A	FF
18466	0	0A	FF
18467	0	0A	FF
18468	0	0A	FF
18469	0	0A	FF
18470	0	0A	FF
18471	0	0A	FF
18472	0	0A	FF
18473	0	0A	FF
18474	0	0A	FF
18475	0	0A	FF
18476	0	0A	FF
18477	0	0A	FF
18478	0	0A	FF
18479	0	0A	FF
18480	0	0A	FF
18481	0	0A	FF
18482	0	0A	FF
18483	0	0A	FF
18484	0	0A	FF
18485	0	0A	FF
18486	0	0A	FF
18487	0	0A	FF
18488	0	0A	FF
18489	0	0A	FF
18490	0	0A	FF
18491	0	0A	FF
18492	0	0A	FF
18493	0	0A	FF
18494	0	0A	FF
18495	0	0A	FF
18496	0	0A	FF
18497	0	0A	FF
18498	0	0A	FF
18499	0	0A	FF
18500	0	0A	FF
18501	0	0A	FF
18502	0	0A	FF
18503	0	0A	FF
18504	0	0A	FF
18505	0	0A	FF
18506	0	0A	FF
18507	0	0A	FF
18508	0	0A	FF
18509	0	0A	FF
18510	0	0A	FF
18511	0	0A	FF
18512	0	0A	FF
18513	0	0A	FF
18514	0	0A	FF
18515	0	0A	FF
18516	0	0A	FF
18517	0	0A	FF
18518	0	0A	FF
18519	0	0A	FF
18520	0	0A	FF
18521	0	0A	FF
18522	0	0A	FF
18523	0	0A	FF
18524	0	0A	FF
18525	0	0A	FF
18526	0	0A	FF
18527	0	0A	FF
18528	0	0A	FF
18529	0	0A	FF
18530	0	0A	FF
18531	0	0A	FF
18532	0	0A	FF
18533	0	0A	FF
18534	0	0A	FF
18535	0	0A	FF
18536	0	0A	FF
18537	0	0A	FF
18538	0	0A	FF
18539	0	0A	FF
18540	0	0A	FF
18541	0	0A	FF
18542	0	0A	FF
18543	0	0A	FF
18544	0	0A	FF
18545	0	0A	FF
18546	0	0A	FF
18547	0	0A	FF
18548	0	0A	FF
18549	0	0A	FF
18550	0	0A	FF
18551	0	0A	FF
18552	0	0A	FF
18553	0	0A	FF
18554	0	0A	FF
18555	0	0A	FF
18556	0	0A	FF
18557	0	0A	FF
18558	0	0A	FF
18559	0	0A	FF
18560	0	0A	FF
18561	0	0A	FF
18562	0	0A	FF
18563	0	0A	FF
18564	0	0A	FF
18565	0	0A	FF
18566	0	0A	FF
18567	0	0A	FF
18568	0	0A	FF
18569	0	0A	FF
18570	0	0A	FF
18571	0	0A	FF
18572	0	0A	FF
18573	0	0A	FF
18574	0	0A	FF
18575	0	0A	FF
18576	0	0A	FF
18577	0	0A	FF
18578	0	0A	FF
18579	0	0A	FF
18580	0	0A	FF
18581	0	0A	FF
18582	0	0A	FF
18583	0	0A	FF
18584	0	0A	FF
18585	0	0A	FF
18586	0	0A	FF
18587	0	0A	FF
18588	0	0A	FF
18589	0	0A	FF
18590	0	0A	FF
18591	0	0A	FF
18592	0	0A	FF
18593	0	0A	FF
18594	0	0A	FF
18595	0	0A	FF
18596	0	0A	FF
18597	0	0A	FF
18598	0	0A	FF
18599	0	0A	FF
18600	0	0A	FF
18601	0	0A	FF
18602	0	0A	FF
18603	0	0A	FF
18604	0	0A	FF
18605	0	0A	FF
18606	0	0A	FF
18607	0	0A	FF
18608	0	0A	FF
18609	0	0A	FF
18610	0	0A	FF
18611	0	0A	FF
18612	0	0A	FF
18613	0	0A	FF
18614	0	0A	FF
18615	0	0A	FF
18616	0	0A	FF
18617	0	0A	FF
18618	0	0A	FF
18619	0	0A	FF
18620	0	0A	FF
18621	0	0A	FF
18622	0	0A	FF
18623	0	0A	FF
18624	0	0A	FF
18625	0	0A	FF
18626	0	0A	FF
18627	0	0A	FF
18628	0	0A	FF
18629	0	0A	FF
18630	0	0A	FF
18631	0	0A	FF
18632	0	0A	FF
18633	0	0A	FF
18634	0	0A	FF
18635	0	0A	FF
18636	0	0A	FF
18637	0	0A	FF
18638	0	0A	FF
18639	0	0A	FF
18640	0	0A	FF
18641	0	0A	FF
18642	0	0A	FF
18643	0	0A	FF
18644	0	0A	FF
18645	0	0A	FF
18646	0	0A	FF
18647	0	0A	FF
18648	0	0A	FF
18649	0	0A	FF
18650	0	0A	FF
18651	0	0A	FF
18652	0	0A	FF
18653	0	0A	FF
18654	0	0A	FF
18655	0	0A	FF
18656	0	0A	FF
18657	0	0A	FF
18658	0	0A	FF
18659	0	0A	FF
18660	0	0A	FF
18661	0	0A	FF
18662	0	0A	FF
18663	0	0A	FF
18664	0	0A	FF
18665	0	0A	FF
18666	0	0A	FF
18667	0	0A	FF
18668	0	0A	FF
18669	0	0A	FF
18670	0	0A	FF
18671	0	0A	FF
18672	0	0A	FF
18673	0	0A	FF
18674	0	0A	FF
18675	0	0A	FF
18676	0	0A	FF
18677	0	0A	FF
18678	0	0A	FF
18679	0	0A	FF
18680	0	0A	FF
18681	0	0A	FF
18682	0	0A	FF
18683	0	0A	FF
18684	0	0A	FF
18685	0	0A	FF
18686	0	0A	FF
18687	0	0A	FF
18688	0	0A	FF
18689	0	0A	FF
18690	0	0A	FF
18691	0	0A	FF
18692	0	0A	FF
18693	0	0A	FF
18694	0	0A	FF
18695	0	0A	FF
18696	0	0A	FF
18697	0	0A	FF
18698	0	0A	FF
18699	0	0A	FF
18700	0	0A	FF
18701	0	0A	FF
18702	0	0A	FF
18703	0	0A	FF
18704	0	0A	FF
18705	0	0A	FF
18706	0	0A	FF
18707	0	0A	FF
18708	0	0A	FF
18709	0	0A	FF
18710	0	0A	FF
18711	0	0A	FF
18712	0	0A	FF
18713	0	0A	FF
18714	0	0A	FF
18715	0	0A	FF
18716	0	0A	FF
18717	0	0A	FF
18718	0	0A	FF
18719	0	0A	FF
18720	0	0A	FF
18721	0	0A	FF
18722	0	0A	FF
18723	0	0A	FF
18724	0	0A	FF
18725	0	0A	FF
18726	0	0A	FF
18727	0	0A	FF
18728	0	0A	FF
18729	0	0A	FF
18730	0	0A	FF
18731	0	0A	FF
18732	0	0A	FF
18733	0	0A	FF
18734	0	0A	FF
18735	0	0A	FF
18736	0	0A	FF
18737	0	0A	FF
18738	0	0A	FF
18739	0	0A	FF
18740	0	0A	FF
18741	0	0A	FF
18742	0	0A	FF
18743	0	0A	FF
18744	0	0A	FF
18745	0	0A	FF
18746	0	0A	FF
18747	0	0A	FF
18748	0	0A	FF
18749	0	0A	FF
18750	0	0A	FF
18751	0	0A	FF
18752	0	0A	FF
18753	0	0A	FF
18754	0	0A	FF
18755	0	0A	FF
18756	0	0A	FF
18757	0	0A	FF
18758	0	0A	FF
18759	0	0A	FF
18760	0	0A	FF
18761	0	0A	FF
18762	0	0A	FF
18763	0	0A	FF
18764	0	0A	FF
18765	0	0A	FF
18766	0	0A	FF
18767	0	0A	FF
18768	0	0A	FF
18769	0	0A	FF
18770	0	0A	FF
18771	0	0A	FF
18772	0	0A	FF
18773	0	0A	FF
18774	0	0A	FF
18775	0	0A	FF
18776	0	0A	FF
18777	0	0A	FF
18778	0	0A	FF
18779	0	0A	FF
18780	0	0A	FF
18781	0	0A	FF
18782	0	0A	FF
18783	0	0A	FF
18784	0	0A	FF
18785	0	0A	FF
18786	0	0A	FF
18787	0	0A	FF
18788	0	0A	FF
18789	0	0A	FF
18790	0	0A	FF
18791	0	0A	FF
18792	0	0A	FF
18793	0	0A	FF
18794	0	0A	FF
18795	0	0A	FF
18796	0	0A	FF
18797	0	0A	FF
18798	0	0A	FF
18799	0	0A	FF
18800	0	0A	FF
18801	0	0A	FF
18802	0	0A	FF
18803	0	0A	FF
18804	0	0A	FF
18805	0	0A	FF
18806	0	0A	FF
18807	0	0A	FF
18808	0	0A	FF
18809	0	0A	FF
18810	0	0A	FF
18811	0	0A	FF
18812	0	0A	FF
18813	0	0A	FF
18814	0	0A	FF
18815	0	0A	FF
18816	0	0A	FF
18817	0	0A	FF
18818	0	0A	FF
18819	0	0A	FF
18820	0	0A	FF
18821	0	0A	FF
18822	0	0A	FF
18823	0	0A	FF
18824	0	0A	FF
18825	0	0A	FF
18826	0	0A	FF
18827	0	0A	FF
18828	0	0A	FF
18829	0	0A	FF
18830	0	0A	FF
18831	0	0A	FF
18832	0	0A	FF
18833	0	0A	FF
18834	0	0A	FF
18835	0	0A	FF
18836	0	0A	FF
18837	0	0A	FF
18838	0	0A	FF
18839	0	0A	FF
18840	0	0A	FF
18841	0	0A	FF
18842	0	0A	FF
18843	0	0A	FF
18844	0	0A	FF
18845	0	0A	FF
18846	0	0A	FF
18847	0	0A	FF
18848	0	0A	FF
18849	0	0A	FF
18850	0	0A	FF
18851	0	0A	FF
18852	0	0A	FF
18853	0	0A	FF
18854	0	0A	FF
18855	0	0A	FF
18856	0	0A	FF
18857	0	0A	FF
18858	0	0A	FF
18859	0	0A	FF
18860	0	0A	FF
18861	0	0A	FF
18862	0	0A	FF
18863	0	0A	FF
18864	0	0A	FF
18865	0	0A	FF
18866	0	0A	FF
18867	0	0A	FF
18868	0	0A	FF
18869	0	0A	FF
18870	0	0A	FF
18871	0	0A	FF
18872	0	0A	FF
18873	0	0A	FF
18874	0	0A	FF
18875	0	0A	FF
18876	0	0A	FF
18877	0	0A	FF
18878	0	0A	FF
18879	0	0A	FF
18880	0	0A	FF
18881	0	0A	FF
18882	0	0A	FF
18883	0	0A	FF
18884	0	0A	FF
18885	0	0A	FF
18886	0	0A	FF
18887	0	0A	FF
18888	0	0A	FF
18889	0	0A	FF
18890	0	0A	FF
18891	0	0A	FF
18892	0	0A	FF
18893	0	0A	FF
18894	0	0A	FF
18895	0	0A	FF
18896	0	0A	FF
18897	0	0A	FF
18898	0	0A	FF
18899	0	0A	FF
18900	0	0A	FF
18901	0	0A	FF
18902	0	0A	FF
18903	0	0A	FF
18904	0	0A	FF
18905	0	0A	FF
18906	0	0A	FF
18907	0	0A	FF
18908	0	0A	FF
18909	0	0A	FF
18910	0	0A	FF
18911	0	0A	FF
18912	0	0A	FF
18913	0	0A	FF
18914	0	0A	FF
18915	0	0A	FF
18916	0	0A	FF
18917	0	0A	FF
18918	0	0A	FF
18919	0	0A	FF
18920	0	0A	FF
18921	0	0A	FF
18922	0	0A	FF
18923	0	0A	FF
18924	0	0A	FF
18925	0	0A	FF
18926	0	0A	FF
18927	0	0A	FF
18928	0	0A	FF
18929	0	0A	FF
18930	0	0A	FF
18931	0	0A	FF
18932	0	0A	FF
18933	0	0A	FF
18934	0	0A	FF
18935	0	0A	FF
18936	0	0A	FF
18937	0	0A	FF
18938	0	0A	FF
18939	0	0A	FF
18940	0	0A	FF
18941	0	0A	FF
18942	0	0A	FF
18943	0	0A	FF
18944	0	0A	FF
18945	0	0A	FF
18946	0	0A	FF
18947	0	0A	FF
18948	0	0A	FF
18949	0	0A	FF
18950	0	0A	FF
18951	0	0A	FF
18952	0	0A	FF
18953	0	0A	FF
18954	0	0A	FF
18955	0	0A	FF
18956	0	0A	FF
18957	0	0A	FF
18958	0	0A	FF
18959	0	0A	FF
18960	0	0A	FF
18961	0	0A	FF
18962	0	0A	FF
18963	0	0A	FF
18964	0	0A	FF
18965	0	0A	FF
18966	0	0A	FF
18967	0	0A	FF
18968	0	0A	FF
18969	0	0A	FF
18970	0	0A	FF
18971	0	0A	FF
18972	0	0A	FF
18973	0	0A	FF
18974	0	0A	FF
18975	0	0A	FF
18976	0	0A	FF
18977	0	0A	FF
18978	0	0A	FF
18979	0	0A	FF
18980	0	0A	FF
18981	0	0A	FF
18982	0	0A	FF
18983	0	0A	FF
18984	0	0A	FF
18985	0	0A	FF
18986	0	0A	FF
18987	0	0A	FF
18988	0	0A	FF
18989	0	0A	FF
18990	0	0A	FF
18991	0	0A	FF
18992	0	0A	FF
18993	0	0A	FF
18994	0	0A	FF
18995	0	0A	FF
18996	0	0A	FF
18997	0	0A	FF
18998	0	0A	FF
18999	0	0A	FF
19000	0	0A	FF
19001	0	0A	FF
19002	0	0A	FF
19003	0	0A	FF
19004	0	0A	FF
19005	0	0A	FF
19006	0	0A	FF
19007	0	0A	FF
19008	0	0A	FF
19009	0	0A	FF
19010	0	0A	FF
19011	0	0A	FF
19012	0	0A	FF
19013	0	0A	FF
19014	0	0A	FF
19015	0	0A	FF
19016	0	0A	FF
19017	0	0A	FF
19018	0	0A	FF
19019	0	0A	FF
19020	0	0A	FF
19021	0	0A	FF
19022	0	0A	FF
19023	0	0A	FF
19024	0	0A	FF
19025	0	0A	FF
19026	0	0A	FF
19027	0	0A	FF
19028	0	0A	FF
19029	0	0A	FF
19030	0	0A	FF
19031	0	0A	FF
19032	0	0A	FF
19033	0	0A	FF
19034	0	0A	FF
19035	0	0A	FF
19036	0	0A	FF
19037	0	0A	FF
19038	0	0A	FF
19039	0	0A	FF
19040	0	0A	FF
19041	0	0A	FF
19042	0	0A	FF
19043	0	0A	FF
19044	0	0A	FF
19045	0	0A	FF
19046	0	0A	FF
19047	0	0A	FF
19048	0	0A	FF
19049	0	0A	FF
19050	0	0A	FF
19051	0	0A	FF
19052	0	0A	FF
19053	0	0A	FF
19054	0	0A	FF
19055	0	0A	FF
19056	0	0A	FF
19057	0	0A	FF
19058	0	0A	FF
19059	0	0A	FF
19060	0	0A	FF
19061	0	0A	FF
19062	0	0A	FF
19063	0	0A	FF
19064	0	0A	FF
19065	0	0A	FF
19066	0	0A	FF
19067	0	0A	FF
19068	0	0A	FF
19069	0	0A	FF
19070	0	0A	FF
19071	0	0A	FF
19072	0	0A	FF
19073	0	0A	FF
19074	0	0A	FF
19075	0	0A	FF
19076	0	0A	FF
19077	0	0A	FF
19078	0	0A	FF
19079	0	0A	FF
19080	0	0A	FF
19081	0	0A	FF
19082	0	0A	FF
19083	0	0A	FF
19084	0	0A	FF
19085	0	0A	FF
19086	0	0A	FF
19087	0	0A	FF
19088	0	0A	FF
19089	0	0A	FF
19090	0	0A	FF
19091	0	0A	FF
19092	0	0A	FF
19093	0	0A	FF
19094	0	0A	FF
19095	0	0A	FF
19096	0	0A	FF
19097	0	0A	FF
19098	0	0A	FF
19099	0	0A	FF
19100	0	0A	FF
19101	0	0A	FF
19102	0	0A	FF
19103	0	0A	FF
19104	0	0A	FF
19105	0	0A	FF
19106	0	0A	FF
19107	0	0A	FF
19108	0	0A	FF
19109	0	0A	FF
19110	0	0A	FF
19111	0	0A	FF
19112	0	0A	FF
19113	0	0A	FF
19114	0	0A	FF
19115	0	0A	FF
19116	0	0A	FF
19117	0	0A	FF
19118	0	0A	FF
19119	0	0A	FF
19120	0	0A	FF
19121	0	0A	FF
19122	0	0A	FF
19123	0	0A	FF
19124	0	0A	FF
19125	0	0A	FF
19126	0	0A	FF
19127	0	0A	FF
19128	0	0A	FF
19129	0	0A	FF
19130	0	0A	FF
19131	0	0A	FF
19132	0	0A	FF
19133	0	0A	FF
19134	0	0A	FF
19135	0	0A	FF
19136	0	0A	FF
19137	0	0A	FF
19138	0	0A	FF
19139	0	0A	FF
19140	0	0A	FF
19141	0	0A	FF
19142	0	0A	FF
19143	0	0A	FF
19144	0	0A	FF
19145	0	0A	FF
19146	0	0A	FF
19147	0	0A	FF
19148	0	0A	FF
19149	0	0A	FF
19150	0	0A	FF
19151	0	0A	FF
19152	0	0A	FF
19153	0	0A	FF
19154	0	0A	FF
19155	0	0A	FF
19156	0	0A	FF
19157	0	0A	FF
19158	0	0A	FF
19159	0	0A	FF
19160	0	0A	FF
19161	0	0A	FF
19162	0	0A	FF
19163	0	0A	FF
19164	0	0A	FF
19165	0	0A	FF
19166	0	0A	FF
19167	0	0A	FF
19168	0	0A	FF
19169	0	0A	FF
19170	0	0A	FF
19171	0	0A	FF
19172	0	0A	FF
19173	0	0A	FF
19174	0	0A	FF
19175	0	0A	FF
19176	0	0A	FF
19177	0	0A	FF
19178	0	0A	FF
19179	0	0A	FF
19180	0	0A	FF
19181	0	0A	FF
19182	0	0A	FF
19183	0	0A	FF
19184	0	0A	FF
19185	0	0A	FF
19186	0	0A	FF
19187	0	0A	FF
19188	0	0A	FF
19189	0	0A	FF
19190	0	0A	FF
19191	0	0A	FF
19192	0	0A	FF
19193	0	0A	FF
19194	0	0A	FF
19195	0	0A	FF
19196	0	0A	FF
19197	0	0A	FF
19198	0	0A	FF
19199	0	0A	FF
19200	0	0A	FF
19201	0	0A	FF
19202	0	0A	FF
19203	0	0A	FF
19204	0	0A	FF
19205	0	0A	FF
19206	0	0A	FF
19207	0	0A	FF
19208	0	0A	FF
19209	0	0A	FF
19210	0	0A	FF
19211	0	0A	FF
19212	0	0A	FF
19213	0	0A	FF
19214	0	0A	FF
19215	0	0A	FF
19216	0	0A	FF
19217	0	0A	FF
19218	0	0A	FF
19219	0	0A	FF
19220	0	0A	FF
19221	0	0A	FF
19222	0	0A	FF
19223	0	0A	FF
19224	0	0A	FF
19225	0	0A	FF
19226	0	0A	FF
19227	0	0A	FF
19228	0	0A	FF
19229	0	0A	FF
19230	0	0A	FF
19231	0	0A	FF
19232	0	0A	FF
19233	0	0A	FF
19234	0	0A	FF
19235	0	0A	FF
19236	0	0A	FF
19237	0	0A	FF
19238	0	0A	FF
19239	0	0A	FF
19240	0	0A	FF
19241	0	0A	FF
19242	0	0A	FF
19243	0	0A	FF
19244	0	0A	FF
19245	0	0A	FF
19246	0	0A	FF
19247	0	0A	FF
19248	0	0A	FF
19249	0	0A	FF
19250	0	0A	FF
19251	0	0A	FF
19252	0	0A	FF
19253	0	0A	FF
19254	0	0A	FF
19255	0	0A	FF
19256	0	0A	FF
19257	0	0A	FF
19258	0	0A	FF
19259	0	0A	FF
19260	0	0A	FF
19261	0	0A	FF
19262	0	0A	FF
19263	0	0A	FF
19264	0	0A	FF
19265	0	0A	FF
19266	0	0A	FF
19267	0	0A	FF
19268	0	0A	FF
19269	0	0A	FF
19270	0	0A	FF
19271	0	0A	FF
19272	0	0A	FF
19273	0	0A	FF
19274	0	0A	FF
19275	0	0A	FF
19276	0	0A	FF
19277	0	0A	FF
19278	0	0A	FF
19279	0	0A	FF
19280	0	0A	FF
19281	0	0A	FF
19282	0	0A	FF
19283	0	0A	FF
19284	0	0A	FF
19285	0	0A	FF
19286	0	0A	FF
19287	0	0A	FF
19288	0	0A	FF
19289	0	0A	FF
19290	0	0A	FF
19291	0	0A	FF
19292	0	0A	FF
19293	0	0A	FF
19294	0	0A	FF
19295	0	0A	FF
19296	0	0A	FF
19297	0	0A	FF
19298	0	0A	FF
19299	0	0A	FF
19300	0	0A	FF
19301	0	0A	FF
19302	0	0A	FF
19303	0	0A	FF
19304	0	0A	FF
19305	0	0A	FF
19306	0	0A	FF
19307	0	0A	FF
19308	0	0A	FF
19309	0	0A	FF
19310	0	0A	FF
19311	0	0A	FF
19312	0	0A	FF
19313	0	0A	FF
19314	0	0A	FF
19315	0	0A	FF
19316	0	0A	FF
19317	0	0A	FF
19318	0	0A	FF
19319	0	0A	FF
19320	0	0A	FF
19321	0	0A	FF
19322	0	0A	FF
19323	0	0A	FF
19324	0	0A	FF
19325	0	0A	FF
19326	0	0A	FF
19327	0	0A	FF
19328	0	0A	FF
19329	0	0A	FF
19330	0	0A	FF
19331	0	0A	FF
19332	0	0A	FF
19333	0	0A	FF
19334	0	0A	FF
19335	0	0A	FF
19336	0	0A	FF
19337	0	0A	FF
19338	0	0A	FF
19339	0	0A	FF
19340	0	0A	FF
19341	0	0A	FF
19342	0	0A	FF
19343	0	0A	FF
19344	0	0A	FF
19345	0	0A	FF
19346	0	0A	FF
19347	0	0A	FF
19348	0	0A	FF
19349	0	0A	FF
19350	0	0A	FF
19351	0	0A	FF
19352	0	0A	FF
19353	0	0A	FF
19354	0	0A	FF
19355	0	0A	FF
19356	0	0A	FF
19357	0	0A	FF
19358	0	0A	FF
19359	0	0A	FF
19360	0	0A	FF
19361	0	0A	FF
19362	0	0A	FF
19363	0	0A	FF
19364	0	0A	FF
19365	0	0A	FF
19366	0	0A	FF
19367	0	0A	FF
19368	0	0A	FF
19369	0	0A	FF
19370	0	0A	FF
19371	0	0A	FF
19372	0	0A	FF
19373	0	0A	FF
19374	0	0A	FF
19375	0	0A	FF
19376	0	0A	FF
19377	0	0A	FF
19378	0	0A	FF
19379	0	0A	FF
19380	0	0A	FF
19381	0	0A	FF
19382	0	0A	FF
19383	0	0A	FF
19384	0	0A	FF
19385	0	0A	FF
19386	0	0A	FF
19387	0	0A	FF
19388	0	0A	FF
19389	0	0A	FF
19390	0	0A	FF
19391	0	0A	FF
19392	0	0A	FF
19393	0	0A	FF
19394	0	0A	FF
19395	0	0A	FF
19396	0	0A	FF
19397	0	0A	FF
19398	0	0A	FF
19399	0	0A	FF
19400	0	0A	FF
19401	0	0A	FF
19402	0	0A	FF
19403	0	0A	FF
19404	0	0A	FF
19405	0	0A	FF
19406	0	0A	FF
19407	0	0A	FF
19408	0	0A	FF
19409	0	0A	FF
19410	0	0A	FF
19411	0	0A	FF
19412	0	0A	FF
19413	0	0A	FF
19414	0	0A	FF
19415	0	0A	FF
19416	0	0A	FF
19417	0	0A	FF
19418	0	0A	FF
19419	0	0A	FF
19420	0	0A	FF
19421	0	0A	FF
19422	0	0A	FF
19423	0	0A	FF
19424	0	0A	FF
19425	0	0A	FF
19426	0	0A	FF
19427	0	0A	FF
19428	0	0A	FF
19429	0	0A	FF
19430	0	0A	FF
19431	0	0A	FF
19432	0	0A	FF
19433	0	0A	FF
19434	0	0A	FF
19435	0	0A	FF
19436	0	0A	FF
19437	0	0A	FF
19438	0	0A	FF
19439	0	0A	FF
19440	0	0A	FF
19441	0	0A	FF
19442	0	0A	FF
19443	0	0A	FF
19444	0	0A	FF
19445	0	0A	FF
19446	0	0A	FF
19447	0	0A	FF
19448	0	0A	FF
19449	0	0A	FF
19450	0	0A	FF
19451	0	0A	FF
19452	0	0A	FF
19453	0	0A	FF
19454	0	0A	FF
19455	0	0A	FF
19456	0	0A	FF
19457	0	0A	FF
19458	0	0A	FF
19459	0	0A	FF
19460	0	0A	FF
19461	0	0A	FF
19462	0	0A	FF
19463	0	0A	FF
19464	0	0A	FF
19465	0	0A	FF
19466	0	0A	FF
19467	0	0A	FF
19468	0	0A	FF
19469	0	0A	FF
19470	0	0A	FF
19471	0	0A	FF
19472	0	0A	FF
19473	0	0A	FF
19474	0	0A	FF
19475	0	0A	FF
19476	0	0A	FF
19477	0	0A	FF
19478	0	0A	FF
19479	0	0A	FF
19480	0	0A	FF
19481	0	0A	FF
19482	0	0A	FF
19483	0	0A	FF
19484	0	0A	FF
19485	0	0A	FF
19486	0	0A	FF
19487	0	0A	FF
19488	0	0A	FF
19489	0	0A	FF
19490	0	0A	FF
19491	0	0A	FF
19492	0	0A	FF
19493	0	0A	FF
19494	0	0A	FF
19495	0	0A	FF
19496	0	0A	FF
19497	0	0A	FF
19498	0	0A	FF
19499	0	0A	FF
19500	0	0A	FF
19501	0	0A	FF
19502	0	0A	FF
19503	0	0A	FF
19504	0	0A	FF
19505	0	0A	FF
19506	0	0A	FF
19507	0	0A	FF
19508	0	0A	FF
19509	0	0A	FF
19510	0	0A	FF
19511	0	0A	FF
19512	0	0A	FF
19513	0	0A	FF
19514	0	0A	FF
19515	0	0A	FF
19516	0	0A	FF
19517	0	0A	FF
19518	0	0A	FF
19519	0	0A	FF
19520	0	0A	FF
19521	0	0A	FF
19522	0	0A	FF
19523	0	0A	FF
19524	0	0A	FF
19525	0	0A	FF
19526	0	0A	FF
19527	0	0A	FF
19528	0	0A	FF
19529	0	0A	FF
19530	0	0A	FF
19531	0	0A	FF
19532	0	0A	FF
19533	0	0A	FF
19534	0	0A	FF
19535	0	0A	FF
19536	0	0A	FF
19537	0	0A	FF
19538	0	0A	FF
19539	0	0A	FF
19540	0	0A	FF
19541	0	0A	FF
19542	0	0A	FF
19543	0	0A	FF
19544	0	0A	FF
19545	0	0A	FF
19546	0	0A	FF
19547	0	0A	FF
19548	0	0A	FF
19549	0	0A	FF
19550	0	0A	FF
19551	0	0A	FF
19552	0	0A	FF
19553	0	0A	FF
19554	0	0A	FF
19555	0	0A	FF
19556	0	0A	FF
19557	0	0A	FF
19558	0	0A	FF
19559	0	0A	FF
19560	0	0A	FF
19561	0	0A	FF
19562	0	0A	FF
19563	0	0A	FF
19564	0	0A	FF
19565	0	0A	FF
19566	0	0A	FF
19567	0	0A	FF
19568	0	0A	FF
19569	0	0A	FF
19570	0	0A	FF
19571	0	0A	FF
19572	0	0A	FF
19573	0	0A	FF
19574	0	0A	FF
19575	0	0A	FF
19576	0	0A	FF
19577	0	0A	FF
19578	0	0A	FF
19579	0	0A	FF
19580	0	0A	FF
19581	0	0A	FF
19582	0	0A	FF
19583	0	0A	FF
19584	0	0A	FF
19585	0	0A	FF
19586	0	0A	FF
19587	0	0A	FF
19588	0	0A	FF
19589	0	0A	FF
19590	0	0A	FF
19591	0	0A	FF
19592	0	0A	FF
19593	0	0A	FF
19594	0	0A	FF
19595	0	0A	FF
19596	0	0A	FF
19597	0	0A	FF
19598	0	0A	FF
19599	0	0A	FF
19600	0	0A	FF
19601	0	0A	FF
19602	0	0A	FF
19603	0	0A	FF
19604	0	0A	FF
19605	0	0A	FF
19606	0	0A	FF
19607	0	0A	FF
19608	0	0A	FF
19609	0	0A	FF
19610	0	0A	FF
19611	0	0A	FF
19612	0	0A	FF
19613	0	0A	FF
19614	0	0A	FF
19615	0	0A	FF
19616	0	0A	FF
19617	0	0A	FF
19618	0	0A	FF
19619	0	0A	FF
19620	0	0A	FF
19621	0	0A	FF
19622	0	0A	FF
19623	0	0A	FF
19624	0	0A	FF
19625	0	0A	FF
19626	0	0A	FF
19627	0	0A	FF
19628	0	0A	FF
19629	0	0A	FF
19630	0	0A	FF
19631	0	0A	FF
19632	0	0A	FF
19633	0	0A	FF
19634	0	0A	FF
19635	0	0A	FF
19636	0	0A	FF
19637	0	0A	FF
19638	0	0A	FF
19639	0	0A	FF
19640	0	0A	FF
19641	0	0A	FF
19642	0	0A	FF
19643	0	0A	FF
19644	0	0A	FF
19645	0	0A	FF
19646	0	0A	FF
19647	0	0A	FF
19648	0	0A	FF
19649	0	0A	FF
19650	0	0A	FF
19651	0	0A	FF
19652	0	0A	FF
19653	0	0A	FF
19654	0	0A	FF
19655	0	0A	FF
19656	0	0A	FF
19657	0	0A	FF
19658	0	0A	FF
19659	0	0A	FF
19660	0	0A	FF
19661	0	0A	FF
19662	0	0A	FF
19663	0	0A	FF
19664	0	0A	FF
19665	0	0A	FF
19666	0	0A	FF
19667	0	0A	FF
19668	0	0A	FF
19669	0	0A	FF
19670	0	0A	FF
19671	0	0A	FF
19672	0	0A	FF
19673	0	0A	FF
19674	0	0A	FF
19675	0	0A	FF
19676	0	0A	FF
19677	0	0A	FF
19678	0	0A	FF
19679	0	0A	FF
19680	0	0A	FF
19681	0	0A	FF
19682	0	0A	FF
19683	0	0A	FF
19684	0	0A	FF
19685	0	0A	FF
19686	0	0A	FF
19687	0	0A	FF
19688	0	0A	FF
19689	0	0A	FF
19690	0	0A	FF
19691	0	0A	FF
19692	0	0A	FF
19693	0	0A	FF
19694	0	0A	FF
19695	0	0A	FF
19696	0	0A	FF
19697	0	0A	FF
19698	0	0A	FF
19699	0	0A	FF
19700	0	0A	FF
19701	0	0A	FF
19702	0	0A	FF
19703	0	0A	FF
19704	0	0A	FF
19705	0	0A	FF
19706	0	0A	FF
19707	0	0A	FF
19708	0	0A	FF
19709	0	0A	FF
19710	0	0A	FF
19711	0	0A	FF
19712	0	0A	FF
19713	0	0A	FF
19714	0	0A	FF
19715	0	0A	FF
19716	0	0A	FF
19717	0	0A	FF
19718	0	0A	FF
19719	0	0A	FF
19720	0	0A	FF
19721	0	0A	FF
19722	0	0A	FF
19723	0	0A	FF
19724	0	0A	FF
19725	0	0A	FF
19726	0	0A	FF
19727	0	0A	FF
19728	0	0A	FF
19729	0	0A	FF
19730	0	0A	FF
19731	0	0A	FF
19732	0	0A	FF
19733	0	0A	FF
19734	0	0A	FF
19735	0	0A	FF
19736	0	0A	FF
19737	0	0A	FF
19738	0	0A	FF
19739	0	0A	FF
19740	0	0A	FF
19741	0	0A	FF
19742	0	0A	FF
19743	0	0A	FF
19744	0	0A	FF
19745	0	0A	FF
19746	0	0A	FF
19747	0	0A	FF
19748	0	0A	FF
19749	0	0A	FF
19750	0	0A	FF
19751	0	0A	FF
19752	0	0A	FF
19753	0	0A	FF
19754	0	0A	FF
19755	0	0A	FF
19756	0	0A	FF
19757	0	0A	FF
19758	0	0A	FF
19759	0	0A	FF
19760	0	0A	FF
19761	0	0A	FF
19762	0	0A	FF
19763	0	0A	FF
19764	0	0A	FF
19765	0	0A	FF
19766	0	0A	FF
19767	0	0A	FF
19768	0	0A	FF
19769	0	0A	FF
19770	0	0A	FF
19771	0	0A	FF
19772	0	0A	FF
19773	0	0A	FF
19774	0	0A	FF
19775	0	0A	FF
19776	0	0A	FF
19777	0	0A	FF
19778	0	0A	FF
19779	0	0A	FF
19780	0	0A	FF
19781	0	0A	FF
19782	0	0A	FF
19783	0	0A	FF
19784	0	0A	FF
19785	0	0A	FF
19786	0	0A	FF
19787	0	0A	FF
19788	0	0A	FF
19789	0	0A	FF
19790	0	0A	FF
19791	0	0A	FF
19792	0	0A	FF
19793	0	0A	FF
19794	0	0A	FF
19795	0	0A	FF
19796	0	0A	FF
19797	0	0A	FF
19798	0	0A	FF
19799	0	0A	FF
19800	0	0A	FF
19801	0	0A	FF
19802	0	0A	FF
19803	0	0A	FF
19804	0	0A	FF
19805	0	0A	FF
19806	0	0A	FF
19807	0	0A	FF
19808	0	0A	FF
19809	0	0A	FF
19810	0	0A	FF
19811	0	0A	FF
19812	0	0A	FF
19813	0	0A	FF
19814	0	0A	FF
19815	0	0A	FF
19816	0	0A	FF
19817	0	0A	FF
19818	0	0A	FF
19819	0	0A	FF
19820	0	0A	FF
19821	0	0A	FF
19822	0	0A	FF
19823	0	0A	FF
19824	0	0A	FF
19825	0	0A	FF
19826	0	0A	FF
19827	0	0A	FF
19828	0	0A	FF
19829	0	0A	FF
19830	0	0A	FF
19831	0	0A	FF
19832	0	0A	FF
19833	0	0A	FF
19834	0	0A	FF
19835	0	0A	FF
19836	0	0A	FF
19837	0	0A	FF
19838	0	0A	FF
19839	0	0A	FF
19840	0	0A	FF
19841	0	0A	FF
19842	0	0A	FF
19843	0	0A	FF
19844	0	0A	FF
19845	0	0A	FF
19846	0	0A	FF
19847	0	0A	FF
19848	0	0A	FF
19849	0	0A	FF
19850	0	0A	FF
19851	0	0A	FF
19852	0	0A	FF
19853	0	0A	FF
19854	0	0A	FF
19855	0	0A	FF
19856	0	0A	FF
19857	0	0A	FF
19858	0	0A	FF
19859	0	0A	FF
19860	0	0A	FF
19861	0	0A	FF
19862	0	0A	FF
19863	0	0A	FF
19864	0	0A	FF
19865	0	0A	FF
19866	0	0A	FF
19867	0	0A	FF
19868	0	0A	FF
19869	0	0A	FF
19870	0	0A	FF
19871	0	0A	FF
19872	0	0A	FF
19873	0	0A	FF
19874	0	0A	FF
19875	0	0A	FF
19876	0	0A	FF
19877	0	0A	FF
19878	0	0A	FF
19879	0	0A	FF
19880	0	0A	FF
19881	0	0A	FF
19882	0	0A	FF
19883	0	0A	FF
19884	0	0A	FF
19885	0	0A	FF
19886	0	0A	FF
19887	0	0A	FF
19888	0	0A	FF
19889	0	0A	FF
19890	0	0A	FF
19891	0	0A	FF
19892	0	0A	FF
19893	0	0A	FF
19894	0	0A	FF
19895	0	0A	FF
19896	0	0A	FF
19897	0	0A	FF
19898	0	0A	FF
19899	0	0A	FF
19900	0	0A	FF
19901	0	0A	FF
19902	0	0A	FF
19903	0	0A	FF
19904	0	0A	FF
19905	0	0A	FF
19906	0	0A	FF
19907	0	0A	FF
19908	0	0A	FF
19909	0	0A	FF
19910	0	0A	FF
19911	0	0A	FF
19912	0	0A	FF
19913	0	0A	FF
19914	0	0A	FF
19915	0	0A	FF
19916	0	0A	FF
19917	0	0A	FF
19918	0	0A	FF
19919	0	0A	FF
19920	0	0A	FF
19921	0	0A	FF
19922	0	0A	FF
19923	0	0A	FF
19924	0	0A	FF
19925	0	0A	FF
19926	0	0A	FF
19927	0	0A	FF
19928	0	0A	FF
19929	0	0A	FF
19930	0	0A	FF
19931	0	0A	FF
19932	0	0A	FF
19933	0	0A	FF
19934	0	0A	FF
19935	0	0A	FF
19936	0	0A	FF
19937	0	0A	FF
19938	0	0A	FF
19939	0	0A	FF
19940	0	0A	FF
19941	0	0A	FF
19942	0	0A	FF
19943	0	0A	FF
19944	0	0A	FF
19945	0	0A	FF
19946	0	0A	FF
19947	0	0A	FF
19948	0	0A	FF
19949	0	0A	FF
19950	0	0A	FF
19951	0	0A	FF
19952	0	0A	FF
19953	0	0A	FF
19954	0	0A	FF
19955	0	0A	FF
19956	0	0A	FF
19957	0	0A	FF
19958	0	0A	FF
19959	0	0A	FF
19960	0	0A	FF
19961	0	0A	FF
19962	0	0A	FF
19963	0	0A	FF
19964	0	0A	FF
19965	0	0A	FF
19966	0	0A	FF
19967	0	0A	FF
19968	0	0A	FF
19969	0	0A	FF
19970	0	0A	FF
19971	0	0A	FF
19972	0	0A	FF
19973	0	0A	FF
19974	0	0A	FF
19975	0	0A	FF
19976	0	0A	FF
19977	0	0A	FF
19978	0	0A	FF
19979	0	0A	FF
19980	0	0A	FF
19981	0	0A	FF
19982	0	0A	FF
19983	0	0A	FF
19984	0	0A	FF
19985	0	0A	FF
19986	0	0A	FF
19987	0	0A	FF
19988	0	0A	FF
19989	0	0A	FF
19990	0	0A	FF
19991	0	0A	FF
19992	0	0A	FF
19993	0	0A	FF
19994	0	0A	FF
19995	0	0A	FF
19996	0	0A	FF
19997	0	0A	FF
19998	0	0A	FF
19999	0	0A	FF
20000	0	0A	FF
20001	0	0A	FF
20002	0	0A	FF
20003	0	0A	FF
20004	0	0A	FF
20005	0	0A	FF
20006	0	0A	FF
20007	0	0A	FF
20008	0	0A	FF
20009	0	0A	FF
20010	0	0A	FF
20011	0	0A	FF
20012	0	0A	FF
20013	0	0A	FF
20014	0	0A	FF
20015	0	0A	FF
20016	0	0A	FF
20017	0	0A	FF
20018	0	0A	FF
20019	0	0A	FF
20020	0	0A	FF
20021	0	0A	FF
20022	0	0A	FF
20023	0	0A	FF
20024	0	0A	FF
20025	0	0A	FF
20026	0	0A	FF
20027	0	0A	FF
20028	0	0A	FF
20029	0	0A	FF
20030	0	0A	FF
20031	0	0A	FF
20032	0	0A	FF
20033	0	0A	FF
20034	0	0A	FF
20035	0	0A	FF
20036	0	0A	FF
20037	0	0A	FF
20038	0	0A	FF
20039	0	0A	FF
20040	0	0A	FF
20041	0	0A	FF
20042	0	0A	FF
20043	0	0A	FF
20044	0	0A	FF
20045	0	0A	FF
20046	0	0A	FF
20047	0	0A	FF
20048	0	0A	FF
20049	0	0A	FF
20050	0	0A	FF
20051	0	0A	FF
20052	0	0A	FF
20053	0	0A	FF
20054	0	0A	FF
20055	0	0A	FF
20056	0	0A	FF
20057	0	0A	FF
20058	0	0A	FF
20059	0	0A	FF
20060	0	0A	FF
20061	0	0A	FF
20062	0	0A	FF
20063	0	0A	FF
20064	0	0A	FF
20065	0	0A	FF
20066	0	0A	FF
20067	0	0A	FF
20068	0	0A	FF
20069	0	0A	FF
20070	0	0A	FF
20071	0	0A	FF
20072	0	0A	FF
20073	0	0A	FF
20074	0	0A	FF
20075	0	0A	FF
20076	0	0A	FF
20077	0	0A	FF
20078	0	0A	FF
20079	0	0A	FF
20080	0	0A	FF
20081	0	0A	FF
20082	0	0A	FF
20083	0	0A	FF
20084	0	0A	FF
20085	0	0A	FF
20086	0	0A	FF
20087	0	0A	FF
20088	0	0A	FF
20089	0	0A	FF
20090	0	0A	FF
20091	0	0A	FF
20092	0	0A	FF
20093	0	0A	FF
20094	0	0A	FF
20095	0	0A	FF
20096	0	0A	FF
20097	0	0A	FF
20098	0	0A	FF
20099	0	0A	FF
20100	0	0A	FF
20101	0	0A	FF
20102	0	0A	FF
20103	0	0A	FF
20104	0	0A	FF
20105	0	0A	FF
20106	0	0A	FF
20107	0	0A	FF
20108	0	0A	FF
20109	0	0A	FF
20110	0	0A	FF
20111	0	0A	FF
20112	0	0A	FF
20113	0	0A	FF
20114	0	0A	FF
20115	0	0A	FF
20116	0	0A	FF
20117	0	0A	FF
20118	0	0A	FF
20119	0	0A	FF
20120	0	0A	FF
20121	0	0A	FF
20122	0	0A	FF
20123	0	0A	FF
20124	0	0A	FF
20125	0	0A	FF
20126	0	0A	FF
20127	0	0A	FF
20128	0	0A	FF
20129	0	0A	FF
20130	0	0A	FF
20131	0	0A	FF
20132	0	0A	FF
20133	0	0A	FF
20134	0	0A	FF
20135	0	0A	FF
20136	0	0A	FF
20137	0	0A	FF
20138	0	0A	FF
20139	0	0A	FF
20140	0	0A	FF
20141	0	0A	FF
20142	0	0A	FF
20143	0	0A	FF
20144	0	0A	FF
20145	0	0A	FF
20146	0	0A	FF
20147	0	0A	FF
20148	0	0A	FF
20149	0	0A	FF
20150	0	0A	FF
20151	0	0A	FF
20152	0	0A	FF
20153	0	0A	FF
20154	0	0A	FF
20155	0	0A	FF
20156	0	0A	FF
20157	0	0A	FF
20158	0	0A	FF
20159	0	0A	FF
20160	0	0A	FF
20161	0	0A	FF
20162	0	0A	FF
20163	0	0A	FF
20164	0	0A	FF
20165	0	0A	FF
20166	0	0A	FF
20167	0	0A	FF
20168	0	0A	FF
20169	0	0A	FF
20170	0	0A	FF
20171	0	0A	FF
20172	0	0A	FF
20173	0	0A	FF
20174	0	0A	FF
20175	0	0A	FF
20176	0	0A	FF
20177	0	0A	FF
20178	0	0A	FF
20179	0	0A	FF
20180	0	0A	FF
20181	0	0A	FF
20182	0	0A	FF
20183	0	0A	FF
20184	0	0A	FF
20185	0	0A	FF
20186	0	0A	FF
20187	0	0A	FF
20188	0	0A	FF
20189	0	0A	FF
20190	0	0A	FF
20191	0	0A	FF
20192	0	0A	FF
20193	0	0A	FF
20194	0	0A	FF
20195	0	0A	FF
20196	0	0A	FF
20197	0	0A	FF
20198	0	0A	FF
20199	0	0A	FF
20200	0	0A	FF
20201	0	0A	FF
20202	0	0A	FF
20203	0	0A	FF
20204	0	0A	FF
20205	0	0A	FF
20206	0	0A	FF
20207	0	0A	FF
20208	0	0A	FF
20209	0	0A	FF
20210	0	0A	FF
20211	0	0A	FF
20212	0	0A	FF
20213	0	0A	FF
20214	0	0A	FF
20215	0	0A	FF
20216	0	0A	FF
20217	0	0A	FF
20218	0	0A	FF
20219	0	0A	FF
20220	0	0A	FF
20221	0	0A	FF
20222	0	0A	FF
20223	0	0A	FF
20224	0	0A	FF
20225	0	0A	FF
20226	0	0A	FF
20227	0	0A	FF
20228	0	0A	FF
20229	0	0A	FF
20230	0	0A	FF
20231	0	0A	FF
20232	0	0A	FF
20233	0	0A	FF
20234	0	0A	FF
20235	0	0A	FF
20236	0	0A	FF
20237	0	0A	FF
20238	0	0A	FF
20239	0	0A	FF
20240	0	0A	FF
20241	0	0A	FF
20242	0	0A	FF
20243	0	0A	FF
20244	0	0A	FF
20245	0	0A	FF
20246	0	0A	FF
20247	0	0A	FF
20248	0	0A	FF
20249	0	0A	FF
20250	0	0A	FF
20251	0	0A	FF
20252	0	0A	FF
20253	0	0A	FF
20254	0	0A	FF
20255	0	0A	FF
20256	0	0A	FF
20257	0	0A	FF
20258	0	0A	FF
20259	0	0A	FF
20260	0	0A	FF
20261	0	0A	FF
20262	0	0A	FF
20263	0	0A	FF
20264	0	0A	FF
20265	0	0A	FF
20266	0	0A	FF
20267	0	0A	FF
20268	0	0A	FF
20269	0	0A	FF
20270	0	0A	FF
20271	0	0A	FF
20272	0	0A	FF
20273	0	0A	FF
20274	0	0A	FF
20275	0	0A	FF
20276	0	0A	FF
20277	0	0A	FF
20278	0	0A	FF
20279	0	0A	FF
20280	0	0A	FF
20281	0	0A	FF
20282	0	0A	FF
20283	0	0A	FF
20284	0	0A	FF
20285	0	0A	FF
20286	0	0A	FF
20287	0	0A	FF
20288	0	0A	FF
20289	0	0A	FF
20290	0	0A	FF
20291	0	0A	FF
20292	0	0A	FF
20293	0	0A	FF
20294	0	0A	FF
20295	0	0A	FF
20296	0	0A	FF
20297	0	0A	FF
20298	0	0A	FF
20299	0	0A	FF
20300	0	0A	FF
20301	0	0A	FF
20302	0	0A	FF
20303	0	0A	FF
20304	0	0A	FF
20305	0	0A	FF
20306	0	0A	FF
20307	0	0A	FF
20308	0	0A	FF
20309	0	0A	FF
20310	0	0A	FF
20311	0	0A	FF
20312	0	0A	FF
20313	0	0A	FF
20314	0	0A	FF
20315	0	0A	FF
20316	0	0A	FF
20317	0	0A	FF
20318	0	0A	FF
20319	0	0A	FF
20320	0	0A	FF
20321	0	0A	FF
20322	0	0A	FF
20323	0	0A	FF
20324	0	0A	FF
20325	0	0A	FF
20326	0	0A	FF
20327	0	0A	FF
20328	0	0A	FF
20329	0	0A	FF
20330	0	0A	FF
20331	0	0A	FF
20332	0	0A	FF
20333	0	0A	FF
20334	0	0A	FF
20335	0	0A	FF
20336	0	0A	FF
20337	0	0A	FF
20338	0	0A	FF
20339	0	0A	FF
20340	0	0A	FF
20341	0	0A	FF
20342	0	0A	FF
20343	0	0A	FF
20344	0	0A	FF
20345	0	0A	FF
20346	0	0A	FF
20347	0	0A	FF
20348	0	0A	FF
20349	0	0A	FF
20350	0	0A	FF
20351	0	0A	FF
20352	0	0A	FF
20353	0	0A	FF
20354	0	0A	FF
20355	0	0A	FF
20356	0	0A	FF
20357	0	0A	FF
20358	0	0A	FF
20359	0	0A	FF
20360	0	0A	FF
20361	0	0A	FF
20362	0	0A	FF
20363	0	0A	FF
20364	0	0A	FF
20365	0	0A	FF
20366	0	0A	FF
20367	0	0A	FF
20368	0	0A	FF
20369	0	0A	FF
20370	0	0A	FF
20371	0	0A	FF
20372	0	0A	FF
20373	0	0A	FF
20374	0	0A	FF
20375	0	0A	FF
20376	0	0A	FF
20377	0	0A	FF
20378	0	0A	FF
20379	0	0A	FF
20380	0	0A	FF
20381	0	0A	FF
20382	0	0A	FF
20383	0	0A	FF
20384	0	0A	FF
20385	0	0A	FF
20386	0	0A	FF
20387	0	0A	FF
20388	0	0A	FF
20389	0	0A	FF
20390	0	0A	FF
20391	0	0A	FF
20392	0	0A	FF
20393	0	0A	FF
20394	0	0A	FF
20395	0	0A	FF
20396	0	0A	FF
20397	0	0A	FF
20398	0	0A	FF
20399	0	0A	FF
20400	0	0A	FF
20401	0	0A	FF
20402	0	0A	FF
20403	0	0A	FF
20404	0	0A	FF
20405	0	0A	FF
20406	0	0A	FF
20407	0	0A	FF
20408	0	0A	FF
20409	0	0A	FF
20410	0	0A	FF
20411	0	0A	FF
20412	0	0A	FF
20413	0	0A	FF
20414	0	0A	FF
20415	0	0A	FF
20416	0	0A	FF
20417	0	0A	FF
20418	0	0A	FF
20419	0	0A	FF
20420	0	0A	FF
20421	0	0A	FF
20422	0	0A	FF
20423	0	0A	FF
20424	0	0A	FF
20425	0	0A	FF
20426	0	0A	FF
20427	0	0A	FF
20428	0	0A	FF
20429	0	0A	FF
20430	0	0A	FF
20431	0	0A	FF
20432	0	0A	FF
20433	0	0A	FF
20434	0	0A	FF
20435	0	0A	FF
20436	0	0A	FF
20437	0	0A	FF
20438	0	0A	FF
20439	0	0A	FF
20440	0	0A	FF
20441	0	0A	FF
20442	0	0A	FF
20443	0	0A	FF
20444	0	0A	FF
20445	0	0A	FF
20446	0	0A	FF
20447	0	0A	FF
20448	0	0A	FF
20449	0	0A	FF
20450	0	0A	FF
20451	0	0A	FF
20452	0	0A	FF
20453	0	0A	FF
20454	0	0A	FF
20455	0	0A	FF
20456	0	0A	FF
20457	0	0A	FF
20458	0	0A	FF
20459	0	0A	FF
20460	0	0A	FF
20461	0	0A	FF
20462	0	0A	FF
20463	0	0A	FF
20464	0	0A	FF
20465	0	0A	FF
20466	0	0A	FF
20467	0	0A	FF
20468	0	0A	FF
20469	0	0A	FF
20470	0	0A	FF
20471	0	0A	FF
20472	0	0A	FF
20473	0	0A	FF
20474	0	0A	FF
20475	0	0A	FF
20476	0	0A	FF
20477	0	0A	FF
20478	0	0A	FF
20479	0	0A	FF
20480	0	0A	FF
20481	0	0A	FF
20482	0	0A	FF
20483	0	0A	FF
20484	0	0A	FF
20485	0	0A	FF
20486	0	0A	FF
20487	0	0A	FF
20488	0	0A	FF
20489	0	0A	FF
20490	0	0A	FF
20491	0	0A	FF
20492	0	0A	FF
20493	0	0A	FF
20494	0	0A	FF
20495	0	0A	FF
20496	0	0A	FF
20497	0	0A	FF
20498	0	0A	FF
20499	0	0A	FF
20500	0	0A	FF
20501	0	0A	FF
20502	0	0A	FF
20503	0	0A	FF
20504	0	0A	FF
20505	0	0A	FF
20506	0	0A	FF
20507	0	0A	FF
20508	0	0A	FF
20509	0	0A	FF
20510	0	0A	FF
20511	0	0A	FF
20512	0	0A	FF
20513	0	0A	FF
20514	0	0A	FF
20515	0	0A	FF
20516	0	0A	FF
20517	0	0A	FF
20518	0	0A	FF
20519	0	0A	FF
20520	0	0A	FF
20521	0	0A	FF
20522	0	0A	FF
20523	0	0A	FF
20524	0	0A	FF
20525	0	0A	FF
20526	0	0A	FF
20527	0	0A	FF
20528	0	0A	FF
20529	0	0A	FF
20530	0	0A	FF
20531	0	0A	FF
20532	0	0A	FF
20533	0	0A	FF
20534	0	0A	FF
20535	0	0A	FF
20536	0	0A	FF
20537	0	0A	FF
20538	0	0A	FF
20539	0	0A	FF
20540	0	0A	FF
20541	0	0A	FF
20542	0	0A	FF
20543	0	0A	FF
20544	0	0A	FF
20545	0	0A	FF
20546	0	0A	FF
20547	0	0A	FF
20548	0	0A	FF
20549	0	0A	FF
20550	0	0A	FF
20551	0	0A	FF
20552	0	0A	FF
20553	0	0A	FF
20554	0	0A	FF
20555	0	0A	FF
20556	0	0A	FF
20557	0	0A	FF
20558	0	0A	FF
20559	0	0A	FF
20560	0	0A	FF
20561	0	0A	FF
20562	0	0A	FF
20563	0	0A	FF
20564	0	0A	FF
20565	0	0A	FF
20566	0	0A	FF
20567	0	0A	FF
20568	0	0A	FF
20569	0	0A	FF
20570	0	0A	FF
20571	0	0A	FF
20572	0	0A	FF
20573	0	0A	FF
20574	0	0A	FF
20575	0	0A	FF
20576	0	0A	FF
20577	0	0A	FF
20578	0	0A	FF
20579	0	0A	FF
20580	0	0A	FF
20581	0	0A	FF
20582	0	0A	FF
20583	0	0A	FF
20584	0	0A	FF
20585	0	0A	FF
20586	0	0A	FF
20587	0	0A	FF
20588	0	0A	FF
20589	0	0A	FF
20590	0	0A	FF
20591	0	0A	FF
20592	0	0A	FF
20593	0	0A	FF
20594	0	0A	FF
20595	0	0A	FF
20596	0	0A	FF
20597	0	0A	FF
20598	0	0A	FF
20599	0	0A	FF
20600	0	0A	FF
20601	0	0A	FF
20602	0	0A	FF
20603	0	0A	FF
20604	0	0A	FF
20605	0	0A	FF
20606	0	0A	FF
20607	0	0A	FF
20608	0	0A	FF
20609	0	0A	FF
20610	0	0A	FF
20611	0	0A	FF
20612	0	0A	FF
20613	0	0A	FF
20614	0	0A	FF
20615	0	0A	FF
20616	0	0A	FF
20617	0	0A	FF
20618	0	0A	FF
20619	0	0A	FF
20620	0	0A	FF
20621	0	0A	FF
20622	0	0A	FF
20623	0	0A	FF
20624	0	0A	FF
20625	0	0A	FF
20626	0	0A	FF
20627	0	0A	FF
20628	0	0A	FF
20629	0	0A	FF
20630	0	0A	FF
20631	0	0A	FF
20632	0	0A	FF
20633	0	0A	FF
20634	0	0A	FF
20635	0	0A	FF
20636	0	0A	FF
20637	0	0A	FF
20638	0	0A	FF
20639	0	0A	FF
20640	0	0A	FF
20641	0	0A	FF
20642	0	0A	FF
20643	0	0A	FF
20644	0	0A	FF
20645	0	0A	FF
20646	0	0A	FF
20647	0	0A	FF
20648	0	0A	FF
20649	0	0A	FF
20650	0	0A	FF
20651	0	0A	FF
20652	0	0A	FF
20653	0	0A	FF
20654	0	0A	FF
20655	0	0A	FF
20656	0	0A	FF
20657	0	0A	FF
20658	0	0A	FF
20659	0	0A	FF
20660	0	0A	FF
20661	0	0A	FF
20662	0	0A	FF
20663	0	0A	FF
20664	0	0A	FF
20665	0	0A	FF
20666	0	0A	FF
20667	0	0A	FF
20668	0	0A	FF
20669	0	0A	FF
20670	0	0A	FF
20671	0	0A	FF
20672	0	0A	FF
20673	0	0A	FF
20674	0	0A	FF
20675	0	0A	FF
20676	0	0A	FF
20677	0	0A	FF
20678	0	0A	FF
20679	0	0A	FF
20680	0	0A	FF
20681	0	0A	FF
20682	0	0A	FF
20683	0	0A	FF
20684	0	0A	FF
20685	0	0A	FF
20686	0	0A	FF
20687	0	0A	FF
20688	0	0A	FF
20689	0	0A	FF
20690	0	0A	FF
20691	0	0A	FF
20692	0	0A	FF
20693	0	0A	FF
20694	0	0A	FF
20695	0	0A	FF
20696	0	0A	FF
20697	0	0A	FF
20698	0	0A	FF
20699	0	0A	FF
20700	0	0A	FF
20701	0	0A	FF
20702	0	0A	FF
20703	0	0A	FF
20704	0	0A	FF
20705	0	0A	FF
20706	0	0A	FF
20707	0	0A	FF
20708	0	0A	FF
20709	0	0A	FF
20710	0	0A	FF
20711	0	0A	FF
20712	0	0A	FF
20713	0	0A	FF
20714	0	0A	FF
20715	0	0A	FF
20716	0	0A	FF
20717	0	0A	FF
20718	0	0A	FF
20719	0	0A	FF
20720	0	0A	FF
20721	0	0A	FF
20722	0	0A	FF
20723	0	0A	FF
20724	0	0A	FF
20725	0	0A	FF
20726	0	0A	FF
20727	0	0A	FF
20728	0	0A	FF
20729	0	0A	FF
20730	0	0A	FF
20731	0	0A	FF
20732	0	0A	FF
20733	0	0A	FF
20734	0	0A	FF
20735	0	0A	FF
20736	0	0A	FF
20737	0	0A	FF
20738	0	0A	FF
20739	0	0A	FF
20740	0	0A	FF
20741	0	0A	FF
20742	0	0A	FF
20743	0	0A	FF
20744	0	0A	FF
20745	0	0A	FF
20746	0	0A	FF
20747	0	0A	FF
20748	0	0A	FF
20749	0	0A	FF
20750	0	0A	FF
20751	0	0A	FF
20752	0	0A	FF
20753	0	0A	FF
20754	0	0A	FF
20755	0	0A	FF
20756	0	0A	FF
20757	0	0A	FF
20758	0	0A	FF
20759	0	0A	FF
20760	0	0A	FF
20761	0	0A	FF
20762	0	0A	FF
20763	0	0A	FF
20764	0	0A	FF
20765	0	0A	FF
20766	0	0A	FF
20767	0	0A	FF
20768	0	0A	FF
20769	0	0A	FF
20770	0	0A	FF
20771	0	0A	FF
20772	0	0A	FF
20773	0	0A	FF
20774	0	0A	FF
20775	0	0A	FF
20776	0	0A	FF
20777	0	0A	FF
20778	0	0A	FF
20779	0	0A	FF
20780	0	0A	FF
20781	0	0A	FF
20782	0	0A	FF
20783	0	0A	FF
20784	0	0A	FF
20785	0	0A	FF
20786	0	0A	FF
20787	0	0A	FF
20788	0	0A	FF
20789	0	0A	FF
20790	0	0A	FF
20791	0	0A	FF
20792	0	0A	FF
20793	0	0A	FF
20794	0	0A	FF
20795	0	0A	FF
20796	0	0A	FF
20797	0	0A	FF
20798	0	0A	FF
20799	0	0A	FF
20800	0	0A	FF
20801	0	0A	FF
20802	0	0A	FF
20803	0	0A	FF
20804	0	0A	FF
20805	0	0A	FF
20806	0	0A	FF
20807	0	0A	FF
20808	0	0A	FF
20809	0	0A	FF
20810	0	0A	FF
20811	0	0A	FF
20812	0	0A	FF
20813	0	0A	FF
20814	0	0A	FF
20815	0	0A	FF
20816	0	0A	FF
20817	0	0A	FF
20818	0	0A	FF
20819	0	0A	FF
20820	0	0A	FF
20821	0	0A	FF
20822	0	0A	FF
20823	0	0A	FF
20824	0	0A	FF
20825	0	0A	FF
20826	0	0A	FF
20827	0	0A	FF
20828	0	0A	FF
20829	0	0A	FF
20830	0	0A	FF
20831	0	0A	FF
20832	0	0A	FF
20833	0	0A	FF
20834	0	0A	FF
20835	0	0A	FF
20836	0	0A	FF
20837	0	0A	FF
20838	0	0A	FF
20839	0	0A	FF
20840	0	0A	FF
20841	0	0A	FF
20842	0	0A	FF
20843	0	0A	FF
20844	0	0A	FF
20845	0	0A	FF
20846	0	0A	FF
20847	0	0A	FF
20848	0	0A	FF
20849	0	0A	FF
20850	0	0A	FF
20851	0	0A	FF
20852	0	0A	FF
20853	0	0A	FF
20854	0	0A	FF
20855	0	0A	FF
20856	0	0A	FF
20857	0	0A	FF
20858	0	0A	FF
20859	0	0A	FF
20860	0	0A	FF
20861	0	0A	FF
20862	0	0A	FF
20863	0	0A	FF
20864	0	0A	FF
20865	0	0A	FF
20866	0	0A	FF
20867	0	0A	FF
20868	0	0A	FF
20869	0	0A	FF
20870	0	0A	FF
20871	0	0A	FF
20872	0	0A	FF
20873	0	0A	FF
20874	0	0A	FF
20875	0	0A	FF
20876	0	0A	FF
20877	0	0A	FF
20878	0	0A	FF
20879	0	0A	FF
20880	0	0A	FF
20881	0	0A	FF
20882	0	0A	FF
20883	0	0A	FF
20884	0	0A	FF
20885	0	0A	FF
20886	0	0A	FF
20887	0	0A	FF
20888	0	0A	FF
20889	0	0A	FF
20890	0	0A	FF
20891	0	0A	FF
20892	0	0A	FF
20893	0	0A	FF
20894	0	0A	FF
20895	0	0A	FF
20896	0	0A	FF
20897	0	0A	FF
20898	0	0A	FF
20899	0	0A	FF
20900	0	0A	FF
20901	0	0A	FF
20902	0	0A	FF
20903	0	0A	FF
20904	0	0A	FF
20905	0	0A	FF
20906	0	0A	FF
20907	0	0A	FF
20908	0	0A	FF
20909	0	0A	FF
20910	0	0A	FF
20911	0	0A	FF
20912	0	0A	FF
20913	0	0A	FF
20914	0	0A	FF
20915	0	0A	FF
20916	0	0A	FF
20917	0	0A	FF
20918	0	0A	FF
20919	0	0A	FF
20920	0	0A	FF
20921	0	0A	FF
20922	0	0A	FF
20923	0	0A	FF
20924	0	0A	FF
20925	0	0A	FF
20926	0	0A	FF
20927	0	0A	FF
20928	0	0A	FF
20929	0	0A	FF
20930	0	0A	FF
20931	0	0A	FF
20932	0	0A	FF
20933	0	0A	FF
20934	0	0A	FF
20935	0	0A	FF
20936	0	0A	FF
20937	0	0A	FF
20938	0	0A	FF
20939	0	0A	FF
20940	0	0A	FF
20941	0	0A	FF
20942	0	0A	FF
20943	0	0A	FF
20944	0	0A	FF
20945	0	0A	FF
20946	0	0A	FF
20947	0	0A	FF
20948	0	0A	FF
20949	0	0A	FF
20950	0	0A	FF
20951	0	0A	FF
20952	0	0A	FF
20953	0	0A	FF
20954	0	0A	FF
20955	0	0A	FF
20956	0	0A	FF
20957	0	0A	FF
20958	0	0A	FF
20959	0	0A	FF
20960	0	0A	FF
20961	0	0A	FF
20962	0	0A	FF
20963	0	0A	FF
20964	0	0A	FF
20965	0	0A	FF
20966	0	0A	FF
20967	0	0A	FF
20968	0	0A	FF
20969	0	0A	FF
20970	0	0A	FF
20971	0	0A	FF
20972	0	0A	FF
20973	0	0A	FF
20974	0	0A	FF
20975	0	0A	FF
20976	0	0A	FF
20977	0	0A	FF
20978	0	0A	FF
20979	0	0A	FF
20980	0	0A	FF
20981	0	0A	FF
20982	0	0A	FF
20983	0	0A	FF
20984	0	0A	FF
20985	0	0A	FF
20986	0	0A	FF
20987	0	0A	FF
20988	0	0A	FF
20989	0	0A	FF
20990	0	0A	FF
20991	0	0A	FF
20992	0	0A	FF
20993	0	0A	FF
20994	0	0A	FF
20995	0	0A	FF
20996	0	0A	FF
20997	0	0A	FF
20998	0	0A	FF
20999	0	0A	FF
21000	0	0A	FF
21001	0	0A	FF
21002	0	0A	FF
21003	0	0A	FF
21004	0	0A	FF
21005	0	0A	FF
21006	0	0A	FF
21007	0	0A	FF
21008	0	0A	FF
21009	0	0A	FF
21010	0	0A	FF
21011	0	0A	FF
21012	0	0A	FF
21013	0	0A	FF
21014	0	0A	FF
21015	0	0A	FF
21016	0	0A	FF
21017	0	0A	FF
21018	0	0A	FF
21019	0	0A	FF
21020	0	0A	FF
21021	0	0A	FF
21022	0	0A	FF
21023	0	0A	FF
21024	0	0A	FF
21025	0	0A	FF
21026	0	0A	FF
21027	0	0A	FF
21028	0	0A	FF
21029	0	0A	FF
21030	0	0A	FF
21031	0	0A	FF
21032	0	0A	FF
21033	0	0A	FF
21034	0	0A	FF
21035	0	0A	FF
21036	0	0A	FF
21037	0	0A	FF
21038	0	0A	FF
21039	0	0A	FF
21040	0	0A	FF
21041	0	0A	FF
21042	0	0A	FF
21043	0	0A	FF
21044	0	0A	FF
21045	0	0A	FF
21046	0	0A	FF
21047	0	0A	FF
21048	0	0A	FF
21049	0	0A	FF
21050	0	0A	FF
21051	0	0A	FF
21052	0	0A	FF
21053	0	0A	FF
21054	0	0A	FF
21055	0	0A	FF
21056	0	0A	FF
21057	0	0A	FF
21058	0	0A	FF
21059	0	0A	FF
21060	0	0A	FF
21061	0	0A	FF
21062	0	0A	FF
21063	0	0A	FF
21064	0	0A	FF
21065	0	0A	FF
21066	0	0A	FF
21067	0	0A	FF
21068	0	0A	FF
21069	0	0A	FF
21070	0	0A	FF
21071	0	0A	FF
21072	0	0A	FF
21073	0	0A	FF
21074	0	0A	FF
21075	0	0A	FF
21076	0	0A	FF
21077	0	0A	FF
21078	0	0A	FF
21079	0	0A	FF
21080	0	0A	FF
21081	0	0A	FF
21082	0	0A	FF
21083	0	0A	FF
21084	0	0A	FF
21085	0	0A	FF
21086	0	0A	FF
21087	0	0A	FF
21088	0	0A	FF
21089	0	0A	FF
21090	0	0A	FF
21091	0	0A	FF
21092	0	0A	FF
21093	0	0A	FF
21094	0	0A	FF
21095	0	0A	FF
21096	0	0A	FF
21097	0	0A	FF
21098	0	0A	FF
21099	0	0A	FF
21100	0	0A	FF
21101	0	0A	FF
21102	0	0A	FF
21103	0	0A	FF
21104	0	0A	FF
21105	0	0A	FF
21106	0	0A	FF
21107	0	0A	FF
21108	0	0A	FF
21109	0	0A	FF
21110	0	0A	FF
21111	0	0A	FF
21112	0	0A	FF
21113	0	0A	FF
21114	0	0A	FF
21115	0	0A	FF
21116	0	0A	FF
21117	0	0A	FF
21118	0	0A	FF
21119	0	0A	FF
21120	0	0A	FF
21121	0	0A	FF
21122	0	0A	FF
21123	0	0A	FF
21124	0	0A	FF
21125	0	0A	FF
21126	0	0A	FF
21127	0	0A	FF
21128	0	0A	FF
21129	0	0A	FF
21130	0	0A	FF
21131	0	0A	FF
21132	0	0A	FF
21133	0	0A	FF
21134	0	0A	FF
21135	0	0A	FF
21136	0	0A	FF
21137	0	0A	FF
21138	0	0A	FF
21139	0	0A	FF
21140	0	0A	FF
21141	0	0A	FF
21142	0	0A	FF
21143	0	0A	FF
21144	0	0A	FF
21145	0	0A	FF
21146	0	0A	FF
21147	0	0A	FF
21148	0	0A	FF
21149	0	0A	FF
21150	0	0A	FF
21151	0	0A	FF
21152	0	0A	FF
21153	0	0A	FF
21154	0	0A	FF
21155	0	0A	FF
21156	0	0A	FF
21157	0	0A	FF
21158	0	0A	FF
21159	0	0A	FF
21160	0	0A	FF
21161	0	0A	FF
21162	0	0A	FF
21163	0	0A	FF
21164	0	0A	FF
21165	0	0A	FF
21166	0	0A	FF
21167	0	0A	FF
21168	0	0A	FF
21169	0	0A	FF
21170	0	0A	FF
21171	0	0A	FF
21172	0	0A	FF
21173	0	0A	FF
21174	0	0A	FF
21175	0	0A	FF
21176	0	0A	FF
21177	0	0A	FF
21178	0	0A	FF
21179	0	0A	FF
21180	0	0A	FF
21181	0	0A	FF
21182	0	0A	FF
21183	0	0A	FF
21184	0	0A	FF
21185	0	0A	FF
21186	0	0A	FF
21187	0	0A	FF
21188	0	0A	FF
21189	0	0A	FF
21190	0	0A	FF
21191	0	0A	FF
21192	0	0A	FF
21193	0	0A	FF
21194	0	0A	FF
21195	0	0A	FF
21196	0	0A	FF
21197	0	0A	FF
21198	0	0A	FF
21199	0	0A	FF
21200	0	0A	FF
21201	0	0A	FF
21202	0	0A	FF
21203	0	0A	FF
21204	0	0A	FF
21205	0	0A	FF
21206	0	0A	FF
21207	0	0A	FF
21208	0	0A	FF
21209	0	0A	FF
21210	0	0A	FF
21211	0	0A	FF
21212	0	0A	FF
21213	0	0A	FF
21214	0	0A	FF
21215	0	0A	FF
21216	0	0A	FF
21217	0	0A	FF
21218	0	0A	FF
21219	0	0A	FF
21220	0	0A	FF
21221	0	0A	FF
21222	0	0A	FF
21223	0	0A	FF
21224	0	0A	FF
21225	0	0A	FF
21226	0	0A	FF
21227	0	0A	FF
21228	0	0A	FF
21229	0	0A	FF
21230	0	0A	FF
21231	0	0A	FF
21232	0	0A	FF
21233	0	0A	FF
21234	0	0A	FF
21235	0	0A	FF
21236	0	0A	FF
21237	0	0A	FF
21238	0	0A	FF
21239	0	0A	FF
21240	0	0A	FF
21241	0	0A	FF
21242	0	0A	FF
21243	0	0A	FF
21244	0	0A	FF
21245	0	0A	FF
21246	0	0A	FF
21247	0	0A	FF
21248	0	0A	FF
21249	0	0A	FF
21250	0	0A	FF
21251	0	0A	FF
21252	0	0A	FF
21253	0	0A	FF
21254	0	0A	FF
21255	0	0A	FF
21256	0	0A	FF
21257	0	0A	FF
21258	0	0A	FF
21259	0	0A	FF
21260	0	0A	FF
21261	0	0A	FF
21262	0	0A	FF
21263	0	0A	FF
21264	0	0A	FF
21265	0	0A	FF
21266	0	0A	FF
21267	0	0A	FF
21268	0	0A	FF
21269	0	0A	FF
21270	0	0A	FF
21271	0	0A	FF
21272	0	0A	FF
21273	0	0A	FF
21274	0	0A	FF
21275	0	0A	FF
21276	0	0A	FF
21277	0	0A	FF
21278	0	0A	FF
21279	0	0A	FF
21280	0	0A	FF
21281	0	0A	FF
21282	0	0A	FF
21283	0	0A	FF
21284	0	0A	FF
21285	0	0A	FF
21286	0	0A	FF
21287	0	0A	FF
21288	0	0A	FF
21289	0	0A	FF
21290	0	0A	FF
21291	0	0A	FF
21292	0	0A	FF
21293	0	0A	FF
21294	0	0A	FF
21295	0	0A	FF
21296	0	0A	FF
21297	0	0A	FF
21298	0	0A	FF
21299	0	0A	FF
21300	0	0A	FF
21301	0	0A	FF
21302	0	0A	FF
21303	0	0A	FF
21304	0	0A	FF
21305	0	0A	FF
21306	0	0A	FF
21307	0	0A	FF
21308	0	0A	FF
21309	0	0A	FF
21310	0	0A	FF
21311	0	0A	FF
21312	0	0A	FF
21313	0	0A	FF
21314	0	0A	FF
21315	0	0A	FF
21316	0	0A	FF
21317	0	0A	FF
21318	0	0A	FF
21319	0	0A	FF
21320	0	0A	FF
21321	0	0A	FF
21322	0	0A	FF
21323	0	0A	FF
21324	0	0A	FF
21325	0	0A	FF
21326	0	0A	FF
21327	0	0A	FF
21328	0	0A	FF
21329	0	0A	FF
21330	0	0A	FF
21331	0	0A	FF
21332	0	0A	FF
21333	0	0A	FF
21334	0	0A	FF
21335	0	0A	FF
21336	0	0A	FF
21337	0	0A	FF
21338	0	0A	FF
21339	0	0A	FF
21340	0	0A	FF
21341	0	0A	FF
21342	0	0A	FF
21343	0	0A	FF
21344	0	0A	FF
21345	0	0A	FF
21346	0	0A	FF
21347	0	0A	FF
21348	0	0A	FF
21349	0	0A	FF
21350	0	0A	FF
21351	0	0A	FF
21352	0	0A	FF
21353	0	0A	FF
21354	0	0A	FF
21355	0	0A	FF
21356	0	0A	FF
21357	0	0A	FF
21358	0	0A	FF
21359	0	0A	FF
21360	0	0A	FF
21361	0	0A	FF
21362	0	0A	FF
21363	0	0A	FF
21364	0	0A	FF
21365	0	0A	FF
21366	0	0A	FF
21367	0	0A	FF
21368	0	0A	FF
21369	0	0A	FF
21370	0	0A	FF
21371	0	0A	FF
21372	0	0A	FF
21373	0	0A	FF
21374	0	0A	FF
21375	0	0A	FF
21376	0	0A	FF
21377	0	0A	FF
21378	0	0A	FF
21379	0	0A	FF
21380	0	0A	FF
21381	0	0A	FF
21382	0	0A	FF
21383	0	0A	FF
21384	0	0A	FF
21385	0	0A	FF
21386	0	0A	FF
21387	0	0A	FF
21388	0	0A	FF
21389	0	0A	FF
21390	0	0A	FF
21391	0	0A	FF
21392	0	0A	FF
21393	0	0A	FF
21394	0	0A	FF
21395	0	0A	FF
21396	0	0A	FF
21397	0	0A	FF
21398	0	0A	FF
21399	0	0A	FF
21400	0	0A	FF
21401	0	0A	FF
21402	0	0A	FF
21403	0	0A	FF
21404	0	0A	FF
21405	0	0A	FF
21406	0	0A	FF
21407	0	0A	FF
21408	0	0A	FF
21409	0	0A	FF
21410	0	0A	FF
21411	0	0A	FF
21412	0	0A	FF
21413	0	0A	FF
21414	0	0A	FF
21415	0	0A	FF
21416	0	0A	FF
21417	0	0A	FF
21418	0	0A	FF
21419	0	0A	FF
21420	0	0A	FF
21421	0	0A	FF
21422	0	0A	FF
21423	0	0A	FF
21424	0	0A	FF
21425	0	0A	FF
21426	0	0A	FF
21427	0	0A	FF
21428	0	0A	FF
21429	0	0A	FF
21430	0	0A	FF
21431	0	0A	FF
21432	0	0A	FF
21433	0	0A	FF
21434	0	0A	FF
21435	0	0A	FF
21436	0	0A	FF
21437	0	0A	FF
21438	0	0A	FF
21439	0	0A	FF
21440	0	0A	FF
21441	0	0A	FF
21442	0	0A	FF
21443	0	0A	FF
21444	0	0A	FF
21445	0	0A	FF
21446	0	0A	FF
21447	0	0A	FF
21448	0	0A	FF
21449	0	0A	FF
21450	0	0A	FF
21451	0	0A	FF
21452	0	0A	FF
21453	0	0A	FF
21454	0	0A	FF
21455	0	0A	FF
21456	0	0A	FF
21457	0	0A	FF
21458	0	0A	FF
21459	0	0A	FF
21460	0	0A	FF
21461	0	0A	FF
21462	0	0A	FF
21463	0	0A	FF
21464	0	0A	FF
21465	0	0A	FF
21466	0	0A	FF
21467	0	0A	FF
21468	0	0A	FF
21469	0	0A	FF
21470	0	0A	FF
21471	0	0A	FF
21472	0	0A	FF
21473	0	0A	FF
21474	0	0A	FF
21475	0	0A	FF
21476	0	0A	FF
21477	0	0A	FF
21478	0	0A	FF
21479	0	0A	FF
21480	0	0A	FF
21481	0	0A	FF
21482	0	0A	FF
21483	0	0A	FF
21484	0	0A	FF
21485	0	0A	FF
21486	0	0A	FF
21487	0	0A	FF
21488	0	0A	FF
21489	0	0A	FF
21490	0	0A	FF
21491	0	0A	FF
21492	0	0A	FF
21493	0	0A	FF
21494	0	0A	FF
21495	0	0A	FF
21496	0	0A	FF
21497	0	0A	FF
21498	0	0A	FF
21499	0	0A	FF
21500	0	0A	FF
21501	0	0A	FF
21502	0	0A	FF
21503	0	0A	FF
21504	0	0A	FF
21505	0	0A	FF
21506	0	0A	FF
21507	0	0A	FF
21508	0	0A	FF
21509	0	0A	FF
21510	0	0A	FF
21511	0	0A	FF
21512	0	0A	FF
21513	0	0A	FF
21514	0	0A	FF
21515	0	0A	FF
21516	0	0A	FF
21517	0	0A	FF
21518	0	0A	FF
21519	0	0A	FF
21520	0	0A	FF
21521	0	0A	FF
21522	0	0A	FF
21523	0	0A	FF
21524	0	0A	FF
21525	0	0A	FF
21526	0	0A	FF
21527	0	0A	FF
21528	0	0A	FF
21529	0	0A	FF
21530	0	0A	FF
21531	0	0A	FF
21532	0	0A	FF
21533	0	0A	FF
21534	0	0A	FF
21535	0	0A	FF
21536	0	0A	FF
21537	0	0A	FF
21538	0	0A	FF
21539	0	0A	FF
21540	0	0A	FF
21541	0	0A	FF
21542	0	0A	FF
21543	0	0A	FF
21544	0	0A	FF
21545	0	0A	FF
21546	0	0A	FF
21547	0	0A	FF
21548	0	0A	FF
21549	0	0A	FF
21550	0	0A	FF
21551	0	0A	FF
21552	0	0A	FF
21553	0	0A	FF
21554	0	0A	FF
21555	0	0A	FF
21556	0	0A	FF
21557	0	0A	FF
21558	0	0A	FF
21559	0	0A	FF
21560	0	0A	FF
21561	0	0A	FF
21562	0	0A	FF
21563	0	0A	FF
21564	0	0A	FF
21565	0	0A	FF
21566	0	0A	FF
21567	0	0A	FF
21568	0	0A	FF
21569	0	0A	FF
21570	0	0A	FF
21571	0	0A	FF
21572	0	0A	FF
21573	0	0A	FF
21574	0	0A	FF
21575	0	0A	FF
21576	0	0A	FF
21577	0	0A	FF
21578	0	0A	FF
21579	0	0A	FF
21580	0	0A	FF
21581	0	0A	FF
21582	0	0A	FF
21583	0	0A	FF
21584	0	0A	FF
21585	0	0A	FF
21586	0	0A	FF
21587	0	0A	FF
21588	0	0A	FF
21589	0	0A	FF
21590	0	0A	FF
21591	0	0A	FF
21592	0	0A	FF
21593	0	0A	FF
21594	0	0A	FF
21595	0	0A	FF
21596	0	0A	FF
21597	0	0A	FF
21598	0	0A	FF
21599	0	0A	FF
21600	0	0A	FF
21601	0	0A	FF
21602	0	0A	FF
21603	0	0A	FF
21604	0	0A	FF
21605	0	0A	FF
21606	0	0A	FF
21607	0	0A	FF
21608	0	0A	FF
21609	0	0A	FF
21610	0	0A	FF
21611	0	0A	FF
21612	0	0A	FF
21613	0	0A	FF
21614	0	0A	FF
21615	0	0A	FF
21616	0	0A	FF
21617	0	0A	FF
21618	0	0A	FF
21619	0	0A	FF
21620	0	0A	FF
21621	0	0A	FF
21622	0	0A	FF
21623	0	0A	FF
21624	0	0A	FF
21625	0	0A	FF
21626	0	0A	FF
21627	0	0A	FF
21628	0	0A	FF
21629	0	0A	FF
21630	0	0A	FF
21631	0	0A	FF
21632	0	0A	FF
21633	0	0A	FF
21634	0	0A	FF
21635	0	0A	FF
21636	0	0A	FF
21637	0	0A	FF
21638	0	0A	FF
21639	0	0A	FF
21640	0	0A	FF
21641	0	0A	FF
21642	0	0A	FF
21643	0	0A	FF
21644	0	0A	FF
21645	0	0A	FF
21646	0	0A	FF
21647	0	0A	FF
21648	0	0A	FF
21649	0	0A	FF
21650	0	0A	FF
21651	0	0A	FF
21652	0	0A	FF
21653	0	0A	FF
21654	0	0A	FF
21655	0	0A	FF
21656	0	0A	FF
21657	0	0A	FF
21658	0	0A	FF
21659	0	0A	FF
21660	0	0A	FF
21661	0	0A	FF
21662	0	0A	FF
21663	0	0A	FF
21664	0	0A	FF
21665	0	0A	FF
21666	0	0A	FF
21667	0	0A	FF
21668	0	0A	FF
21669	0	0A	FF
21670	0	0A	FF
21671	0	0A	FF
21672	0	0A	FF
21673	0	0A	FF
21674	0	0A	FF
21675	0	0A	FF
21676	0	0A	FF
21677	0	0A	FF
21678	0	0A	FF
21679	0	0A	FF
21680	0	0A	FF
21681	0	0A	FF
21682	0	0A	FF
21683	0	0A	FF
21684	0	0A	FF
21685	0	0A	FF
21686	0	0A	FF
21687	0	0A	FF
21688	0	0A	FF
21689	0	0A	FF
21690	0	0A	FF
21691	0	0A	FF
21692	0	0A	FF
21693	0	0A	FF
21694	0	0A	FF
21695	0	0A	FF
21696	0	0A	FF
21697	0	0A	FF
21698	0	0A	FF
21699	0	0A	FF
21700	0	0A	FF
21701	0	0A	FF
21702	0	0A	FF
21703	0	0A	FF
21704	0	0A	FF
21705	0	0A	FF
21706	0	0A	FF
21707	0	0A	FF
21708	0	0A	FF
21709	0	0A	FF
21710	0	0A	FF
21711	0	0A	FF
21712	0	0A	FF
21713	0	0A	FF
21714	0	0A	FF
21715	0	0A	FF
21716	0	0A	FF
21717	0	0A	FF
21718	0	0A	FF
21719	0	0A	FF
21720	0	0A	FF
21721	0	0A	FF
21722	0	0A	FF
21723	0	0A	FF
21724	0	0A	FF
21725	0	0A	FF
21726	0	0A	FF
21727	0	0A	FF
21728	0	0A	FF
21729	0	0A	FF
21730	0	0A	FF
21731	0	0A	FF
21732	0	0A	FF
21733	0	0A	FF
21734	0	0A	FF
21735	0	0A	FF
21736	0	0A	FF
21737	0	0A	FF
21738	0	0A	FF
21739	0	0A	FF
21740	0	0A	FF
21741	0	0A	FF
21742	0	0A	FF
21743	0	0A	FF
21744	0	0A	FF
21745	0	0A	FF
21746	0	0A	FF
21747	0	0A	FF
21748	0	0A	FF
21749	0	0A	FF
21750	0	0A	FF
21751	0	0A	FF
21752	0	0A	FF
21753	0	0A	FF
21754	0	0A	FF
21755	0	0A	FF
21756	0	0A	FF
21757	0	0A	FF
21758	0	0A	FF
21759	0	0A	FF
21760	0	0A	FF
21761	0	0A	FF
21762	0	0A	FF
21763	0	0A	FF
21764	0	0A	FF
21765	0	0A	FF
21766	0	0A	FF
21767	0	0A	FF
21768	0	0A	FF
21769	0	0A	FF
21770	0	0A	FF
21771	0	0A	FF
21772	0	0A	FF
21773	0	0A	FF
21774	0	0A	FF
21775	0	0A	FF
21776	0	0A	FF
21777	0	0A	FF
21778	0	0A	FF
21779	0	0A	FF
21780	0	0A	FF
21781	0	0A	FF
21782	0	0A	FF
21783	0	0A	FF
21784	0	0A	FF
21785	0	0A	FF
21786	0	0A	FF
21787	0	0A	FF
21788	0	0A	FF
21789	0	0A	FF
21790	0	0A	FF
21791	0	0A	FF
21792	0	0A	FF
21793	0	0A	FF
21794	0	0A	FF
21795	0	0A	FF
21796	0	0A	FF
21797	0	0A	FF
21798	0	0A	FF
21799	0	0A	FF
21800	0	0A	FF
21801	0	0A	FF
21802	0	0A	FF
21803	0	0A	FF
21804	0	0A	FF
21805	0	0A	FF
21806	0	0A	FF
21807	0	0A	FF
21808	0	0A	FF
21809	0	0A	FF
21810	0	0A	FF
21811	0	0A	FF
21812	0	0A	FF
21813	0	0A	FF
21814	0	0A	FF
21815	0	0A	FF
21816	0	0A	FF
21817	0	0A	FF
21818	0	0A	FF
21819	0	0A	FF
21820	0	0A	FF
21821	0	0A	FF
21822	0	0A	FF
21823	0	0A	FF
21824	0	0A	FF
21825	0	0A	FF
21826	0	0A	FF
21827	0	0A	FF
21828	0	0A	FF
21829	0	0A	FF
21830	0	0A	FF
21831	0	0A	FF
21832	0	0A	FF
21833	0	0A	FF
21834	0	0A	FF
21835	0	0A	FF
21836	0	0A	FF
21837	0	0A	FF
21838	0	0A	FF
21839	0	0A	FF
21840	0	0A	FF
21841	0	0A	FF
21842	0	0A	FF
21843	0	0A	FF
21844	0	0A	FF
21845	0	0A	FF
21846	0	0A	FF
21847	0	0A	FF
21848	0	0A	FF
21849	0	0A	FF
21850	0	0A	FF
21851	0	0A	FF
21852	0	0A	FF
21853	0	0A	FF
21854	0	0A	FF
21855	0	0A	FF
21856	0	0A	FF
21857	0	0A	FF
21858	0	0A	FF
21859	0	0A	FF
21860	0	0A	FF
21861	0	0A	FF
21862	0	0A	FF
21863	0	0A	FF
21864	0	0A	FF
21865	0	0A	FF
21866	0	0A	FF
21867	0	0A	FF
21868	0	0A	FF
21869	0	0A	FF
21870	0	0A	FF
21871	0	0A	FF
21872	0	0A	FF
21873	0	0A	FF
21874	0	0A	FF
21875	0	0A	FF
21876	0	0A	FF
21877	0	0A	FF
21878	0	0A	FF
21879	0	0A	FF
21880	0	0A	FF
21881	0	0A	FF
21882	0	0A	FF
21883	0	0A	FF
21884	0	0A	FF
21885	0	0A	FF
21886	0	0A	FF
21887	0	0A	FF
21888	0	0A	FF
21889	0	0A	FF
21890	0	0A	FF
21891	0	0A	FF
21892	0	0A	FF
21893	0	0A	FF
21894	0	0A	FF
21895	0	0A	FF
21896	0	0A	FF
21897	0	0A	FF
21898	0	0A	FF
21899	0	0A	FF
21900	0	0A	FF
21901	0	0A	FF
21902	0	0A	FF
21903	0	0A	FF
21904	0	0A	FF
21905	0	0A	FF
21906	0	0A	FF
21907	0	0A	FF
21908	0	0A	FF
21909	0	0A	FF
21910	0	0A	FF
21911	0	0A	FF
21912	0	0A	FF
21913	0	0A	FF
21914	0	0A	FF
21915	0	0A	FF
21916	0	0A	FF
21917	0	0A	FF
21918	0	0A	FF
21919	0	0A	FF
21920	0	0A	FF
21921	0	0A	FF
21922	0	0A	FF
21923	0	0A	FF
21924	0	0A	FF
21925	0	0A	FF
21926	0	0A	FF
21927	0	0A	FF
21928	0	0A	FF
21929	0	0A	FF
21930	0	0A	FF
21931	0	0A	FF
21932	0	0A	FF
21933	0	0A	FF
21934	0	0A	FF
21935	0	0A	FF
21936	0	0A	FF
21937	0	0A	FF
21938	0	0A	FF
21939	0	0A	FF
21940	0	0A	FF
21941	0	0A	FF
21942	0	0A	FF
21943	0	0A	FF
21944	0	0A	FF
21945	0	0A	FF
21946	0	0A	FF
21947	0	0A	FF
21948	0	0A	FF
21949	0	0A	FF
21950	0	0A	FF
21951	0	0A	FF
21952	0	0A	FF
21953	0	0A	FF
21954	0	0A	FF
21955	0	0A	FF
21956	0	0A	FF
21957	0	0A	FF
21958	0	0A	FF
21959	0	0A	FF
21960	0	0A	FF
21961	0	0A	FF
21962	0	0A	FF
21963	0	0A	FF
21964	0	0A	FF
21965	0	0A	FF
21966	0	0A	FF
21967	0	0A	FF
21968	0	0A	FF
21969	0	0A	FF
21970	0	0A	FF
21971	0	0A	FF
21972	0	0A	FF
21973	0	0A	FF
21974	0	0A	FF
21975	0	0A	FF
21976	0	0A	FF
21977	0	0A	FF
21978	0	0A	FF
21979	0	0A	FF
21980	0	0A	FF
21981	0	0A	FF
21982	0	0A	FF
21983	0	0A	FF
21984	0	0A	FF
21985	0	0A	FF
21986	0	0A	FF
21987	0	0A	FF
21988	0	0A	FF
21989	0	0A	FF
21990	0	0A	FF
21991	0	0A	FF
21992	0	0A	FF
21993	0	0A	FF
21994	0	0A	FF
21995	0	0A	FF
21996	0	0A	FF
21997	0	0A	FF
21998	0	0A	FF
21999	0	0A	FF
22000	0	0A	FF
22001	0	0A	FF
22002	0	0A	FF
22003	0	0A	FF
22004	0	0A	FF
22005	0	0A	FF
22006	0	0A	FF
22007	0	0A	FF
22008	0	0A	FF
22009	0	0A	FF
22010	0	0A	FF
22011	0	0A	FF
22012	0	0A	FF
22013	0	0A	FF
22014	0	0A	FF
22015	0	0A	FF
22016	0	0A	FF
22017	0	0A	FF
22018	0	0A	FF
22019	0	0A	FF
22020	0	0A	FF
22021	0	0A	FF
22022	0	0A	FF
22023	0	0A	FF
22024	0	0A	FF
22025	0	0A	FF
22026	0	0A	FF
22027	0	0A	FF
22028	0	0A	FF
22029	0	0A	FF
22030	0	0A	FF
22031	0	0A	FF
22032	0	0A	FF
22033	0	0A	FF
22034	0	0A	FF
22035	0	0A	FF
22036	0	0A	FF
22037	0	0A	FF
22038	0	0A	FF
22039	0	0A	FF
22040	0	0A	FF
22041	0	0A	FF
22042	0	0A	FF
22043	0	0A	FF
22044	0	0A	FF
22045	0	0A	FF
22046	0	0A	FF
22047	0	0A	FF
22048	0	0A	FF
22049	0	0A	FF
22050	0	0A	FF
22051	0	0A	FF
22052	0	0A	FF
22053	0	0A	FF
22054	0	0A	FF
22055	0	0A	FF
22056	0	0A	FF
22057	0	0A	FF
22058	0	0A	FF
22059	0	0A	FF
22060	0	0A	FF
22061	0	0A	FF
22062	0	0A	FF
22063	0	0A	FF
22064	0	0A	FF
22065	0	0A	FF
22066	0	0A	FF
22067	0	0A	FF
22068	0	0A	FF
22069	0	0A	FF
22070	0	0A	FF
22071	0	0A	FF
22072	0	0A	FF
22073	0	0A	FF
22074	0	0A	FF
22075	0	0A	FF
22076	0	0A	FF
22077	0	0A	FF
22078	0	0A	FF
22079	0	0A	FF
22080	0	0A	FF
22081	0	0A	FF
22082	0	0A	FF
22083	0	0A	FF
22084	0	0A	FF
22085	0	0A	FF
22086	0	0A	FF
22087	0	0A	FF
22088	0	0A	FF
22089	0	0A	FF
22090	0	0A	FF
22091	0	0A	FF
22092	0	0A	FF
22093	0	0A	FF
22094	0	0A	FF
22095	0	0A	FF
22096	0	0A	FF
22097	0	0A	FF
22098	0	0A	FF
22099	0	0A	FF
22100	0	0A	FF
22101	0	0A	FF
22102	0	0A	FF
22103	0	0A	FF
22104	0	0A	FF
22105	0	0A	FF
22106	0	0A	FF
22107	0	0A	FF
22108	0	0A	FF
22109	0	0A	FF
22110	0	0A	FF
22111	0	0A	FF
22112	0	0A	FF
22113	0	0A	FF
22114	0	0A	FF
22115	0	0A	FF
22116	0	0A	FF
22117	0	0A	FF
22118	0	0A	FF
22119	0	0A	FF
22120	0	0A	FF
22121	0	0A	FF
22122	0	0A	FF
22123	0	0A	FF
22124	0	0A	FF
22125	0	0A	FF
22126	0	0A	FF
22127	0	0A	FF
22128	0	0A	FF
22129	0	0A	FF
22130	0	0A	FF
22131	0	0A	FF
22132	0	0A	FF
22133	0	0A	FF
22134	0	0A	FF
22135	0	0A	FF
22136	0	0A	FF
22137	0	0A	FF
22138	0	0A	FF
22139	0	0A	FF
22140	0	0A	FF
22141	0	0A	FF
22142	0	0A	FF
22143	0	0A	FF
22144	0	0A	FF
22145	0	0A	FF
22146	0	0A	FF
22147	0	0A	FF
22148	0	0A	FF
22149	0	0A	FF
22150	0	0A	FF
22151	0	0A	FF
22152	0	0A	FF
22153	0	0A	FF
22154	0	0A	FF
22155	0	0A	FF
22156	0	0A	FF
22157	0	0A	FF
22158	0	0A	FF
22159	0	0A	FF
22160	0	0A	FF
22161	0	0A	FF
22162	0	0A	FF
22163	0	0A	FF
22164	0	0A	FF
22165	0	0A	FF
22166	0	0A	FF
22167	0	0A	FF
22168	0	0A	FF
22169	0	0A	FF
22170	0	0A	FF
22171	0	0A	FF
22172	0	0A	FF
22173	0	0A	FF
22174	0	0A	FF
22175	0	0A	FF
22176	0	0A	FF
22177	0	0A	FF
22178	0	0A	FF
22179	0	0A	FF
22180	0	0A	FF
22181	0	0A	FF
22182	0	0A	FF
22183	0	0A	FF
22184	0	0A	FF
22185	0	0A	FF
22186	0	0A	FF
22187	0	0A	FF
22188	0	0A	FF
22189	0	0A	FF
22190	0	0A	FF
22191	0	0A	FF
22192	0	0A	FF
22193	0	0A	FF
22194	0	0A	FF
22195	0	0A	FF
22196	0	0A	FF
22197	0	0A	FF
22198	0	0A	FF
22199	0	0A	FF
22200	0	0A	FF
22201	0	0A	FF
22202	0	0A	FF
22203	0	0A	FF
22204	0	0A	FF
22205	0	0A	FF
22206	0	0A	FF
22207	0	0A	FF
22208	0	0A	FF
22209	0	0A	FF
22210	0	0A	FF
22211	0	0A	FF
22212	0	0A	FF
22213	0	0A	FF
22214	0	0A	FF
22215	0	0A	FF
22216	0	0A	FF
22217	0	0A	FF
22218	0	0A	FF
22219	0	0A	FF
22220	0	0A	FF
22221	0	0A	FF
22222	0	0A	FF
22223	0	0A	FF
22224	0	0A	FF
22225	0	0A	FF
22226	0	0A	FF
22227	0	0A	FF
22228	0	0A	FF
22229	0	0A	FF
22230	0	0A	FF
22231	0	0A	FF
22232	0	0A	FF
22233	0	0A	FF
22234	0	0A	FF
22235	0	0A	FF
22236	0	0A	FF
22237	0	0A	FF
22238	0	0A	FF
22239	0	0A	FF
22240	0	0A	FF
22241	0	0A	FF
22242	0	0A	FF
22243	0	0A	FF
22244	0	0A	FF
22245	0	0A	FF
22246	0	0A	FF
22247	0	0A	FF
22248	0	0A	FF
22249	0	0A	FF
22250	0	0A	FF
22251	0	0A	FF
22252	0	0A	FF
22253	0	0A	FF
22254	0	0A	FF
22255	0	0A	FF
22256	0	0A	FF
22257	0	0A	FF
22258	0	0A	FF
22259	0	0A	FF
22260	0	0A	FF
22261	0	0A	FF
22262	0	0A	FF
22263	0	0A	FF
22264	0	0A	FF
22265	0	0A	FF
22266	0	0A	FF
22267	0	0A	FF
22268	0	0A	FF
22269	0	0A	FF
22270	0	0A	FF
22271	0	0A	FF
22272	0	0A	FF
22273	0	0A	FF
22274	0	0A	FF
22275	0	0A	FF
22276	0	0A	FF
22277	0	0A	FF
22278	0	0A	FF
22279	0	0A	FF
22280	0	0A	FF
22281	0	0A	FF
22282	0	0A	FF
22283	0	0A	FF
22284	0	0A	FF
22285	0	0A	FF
22286	0	0A	FF
22287	0	0A	FF
22288	0	0A	FF
22289	0	0A	FF
22290	0	0A	FF
22291	0	0A	FF
22292	0	0A	FF
22293	0	0A	FF
22294	0	0A	FF
22295	0	0A	FF
22296	0	0A	FF
22297	0	0A	FF
22298	0	0A	FF
22299	0	0A	FF
22300	0	0A	FF
22301	0	0A	FF
22302	0	0A	FF
22303	0	0A	FF
22304	0	0A	FF
22305	0	0A	FF
22306	0	0A	FF
22307	0	0A	FF
22308	0	0A	FF
22309	0	0A	FF
22310	0	0A	FF
22311	0	0A	FF
22312	0	0A	FF
22313	0	0A	FF
22314	0	0A	FF
22315	0	0A	FF
22316	0	0A	FF
22317	0	0A	FF
22318	0	0A	FF
22319	0	0A	FF
22320	0	0A	FF
22321	0	0A	FF
22322	0	0A	FF
22323	0	0A	FF
22324	0	0A	FF
22325	0	0A	FF
22326	0	0A	FF
22327	0	0A	FF
22328	0	0A	FF
22329	0	0A	FF
22330	0	0A	FF
22331	0	0A	FF
22332	0	0A	FF
22333	0	0A	FF
22334	0	0A	FF
22335	0	0A	FF
22336	0	0A	FF
22337	0	0A	FF
22338	0	0A	FF
22339	0	0A	FF
22340	0	0A	FF
22341	0	0A	FF
22342	0	0A	FF
22343	0	0A	FF
22344	0	0A	FF
22345	0	0A	FF
22346	0	0A	FF
22347	0	0A	FF
22348	0	0A	FF
22349	0	0A	FF
22350	0	0A	FF
22351	0	0A	FF
22352	0	0A	FF
22353	0	0A	FF
22354	0	0A	FF
22355	0	0A	FF
22356	0	0A	FF
22357	0	0A	FF
22358	0	0A	FF
22359	0	0A	FF
22360	0	0A	FF
22361	0	0A	FF
22362	0	0A	FF
22363	0	0A	FF
22364	0	0A	FF
22365	0	0A	FF
22366	0	0A	FF
22367	0	0A	FF
22368	0	0A	FF
22369	0	0A	FF
22370	0	0A	FF
22371	0	0A	FF
22372	0	0A	FF
22373	0	0A	FF
22374	0	0A	FF
22375	0	0A	FF
22376	0	0A	FF
22377	0	0A	FF
22378	0	0A	FF
22379	0	0A	FF
22380	0	0A	FF
22381	0	0A	FF
22382	0	0A	FF
22383	0	0A	FF
22384	0	0A	FF
22385	0	0A	FF
22386	0	0A	FF
22387	0	0A	FF
22388	0	0A	FF
22389	0	0A	FF
22390	0	0A	FF
22391	0	0A	FF
22392	0	0A	FF
22393	0	0A	FF
22394	0	0A	FF
22395	0	0A	FF
22396	0	0A	FF
22397	0	0A	FF
22398	0	0A	FF
22399	0	0A	FF
22400	0	0A	FF
22401	0	0A	FF
22402	0	0A	FF
22403	0	0A	FF
22404	0	0A	FF
22405	0	0A	FF
22406	0	0A	FF
22407	0	0A	FF
22408	0	0A	FF
22409	0	0A	FF
22410	0	0A	FF
22411	0	0A	FF
22412	0	0A	FF
22413	0	0A	FF
22414	0	0A	FF
22415	0	0A	FF
22416	0	0A	FF
22417	0	0A	FF
22418	0	0A	FF
22419	0	0A	FF
22420	0	0A	FF
22421	0	0A	FF
22422	0	0A	FF
22423	0	0A	FF
22424	0	0A	FF
22425	0	0A	FF
22426	0	0A	FF
22427	0	0A	FF
22428	0	0A	FF
22429	0	0A	FF
22430	0	0A	FF
22431	0	0A	FF
22432	0	0A	FF
22433	0	0A	FF
22434	0	0A	FF
22435	0	0A	FF
22436	0	0A	FF
22437	0	0A	FF
22438	0	0A	FF
22439	0	0A	FF
22440	0	0A	FF
22441	0	0A	FF
22442	0	0A	FF
22443	0	0A	FF
22444	0	0A	FF
22445	0	0A	FF
22446	0	0A	FF
22447	0	0A	FF
22448	0	0A	FF
22449	0	0A	FF
22450	0	0A	FF
22451	0	0A	FF
22452	0	0A	FF
22453	0	0A	FF
22454	0	0A	FF
22455	0	0A	FF
22456	0	0A	FF
22457	0	0A	FF
22458	0	0A	FF
22459	0	0A	FF
22460	0	0A	FF
22461	0	0A	FF
22462	0	0A	FF
22463	0	0A	FF
22464	0	0A	FF
22465	0	0A	FF
22466	0	0A	FF
22467	0	0A	FF
22468	0	0A	FF
22469	0	0A	FF
22470	0	0A	FF
22471	0	0A	FF
22472	0	0A	FF
22473	0	0A	FF
22474	0	0A	FF
22475	0	0A	FF
22476	0	0A	FF
22477	0	0A	FF
22478	0	0A	FF
22479	0	0A	FF
22480	0	0A	FF
22481	0	0A	FF
22482	0	0A	FF
22483	0	0A	FF
22484	0	0A	FF
22485	0	0A	FF
22486	0	0A	FF
22487	0	0A	FF
22488	0	0A	FF
22489	0	0A	FF
22490	0	0A	FF
22491	0	0A	FF
22492	0	0A	FF
22493	0	0A	FF
22494	0	0A	FF
22495	0	0A	FF
22496	0	0A	FF
22497	0	0A	FF
22498	0	0A	FF
22499	0	0A	FF
22500	0	0A	FF
22501	0	0A	FF
22502	0	0A	FF
22503	0	0A	FF
22504	0	0A	FF
22505	0	0A	FF
22506	0	0A	FF
22507	0	0A	FF
22508	0	0A	FF
22509	0	0A	FF
22510	0	0A	FF
22511	0	0A	FF
22512	0	0A	FF
22513	0	0A	FF
22514	0	0A	FF
22515	0	0A	FF
22516	0	0A	FF
22517	0	0A	FF
22518	0	0A	FF
22519	0	0A	FF
22520	0	0A	FF
22521	0	0A	FF
22522	0	0A	FF
22523	0	0A	FF
22524	0	0A	FF
22525	0	0A	FF
22526	0	0A	FF
22527	0	0A	FF
22528	0	0A	FF
22529	0	0A	FF
22530	0	0A	FF
22531	0	0A	FF
22532	0	0A	FF
22533	0	0A	FF
22534	0	0A	FF
22535	0	0A	FF
22536	0	0A	FF
22537	0	0A	FF
22538	0	0A	FF
22539	0	0A	FF
22540	0	0A	FF
22541	0	0A	FF
22542	0	0A	FF
22543	0	0A	FF
22544	0	0A	FF
22545	0	0A	FF
22546	0	0A	FF
22547	0	0A	FF
22548	0	0A	FF
22549	0	0A	FF
22550	0	0A	FF
22551	0	0A	FF
22552	0	0A	FF
22553	0	0A	FF
22554	0	0A	FF
22555	0	0A	FF
22556	0	0A	FF
22557	0	0A	FF
22558	0	0A	FF
22559	0	0A	FF
22560	0	0A	FF
22561	0	0A	FF
22562	0	0A	FF
22563	0	0A	FF
22564	0	0A	FF
22565	0	0A	FF
22566	0	0A	FF
22567	0	0A	FF
22568	0	0A	FF
22569	0	0A	FF
22570	0	0A	FF
22571	0	0A	FF
22572	0	0A	FF
22573	0	0A	FF
22574	0	0A	FF
22575	0	0A	FF
22576	0	0A	FF
22577	0	0A	FF
22578	0	0A	FF
22579	0	0A	FF
22580	0	0A	FF
22581	0	0A	FF
22582	0	0A	FF
22583	0	0A	FF
22584	0	0A	FF
22585	0	0A	FF
22586	0	0A	FF
22587	0	0A	FF
22588	0	0A	FF
22589	0	0A	FF
22590	0	0A	FF
22591	0	0A	FF
22592	0	0A	FF
22593	0	0A	FF
22594	0	0A	FF
22595	0	0A	FF
22596	0	0A	FF
22597	0	0A	FF
22598	0	0A	FF
22599	0	0A	FF
22600	0	0A	FF
22601	0	0A	FF
22602	0	0A	FF
22603	0	0A	FF
22604	0	0A	FF
22605	0	0A	FF
22606	0	0A	FF
22607	0	0A	FF
22608	0	0A	FF
22609	0	0A	FF
22610	0	0A	FF
22611	0	0A	FF
22612	0	0A	FF
22613	0	0A	FF
22614	0	0A	FF
22615	0	0A	FF
22616	0	0A	FF
22617	0	0A	FF
22618	0	0A	FF
22619	0	0A	FF
22620	0	0A	FF
22621	0	0A	FF
22622	0	0A	FF
22623	0	0A	FF
22624	0	0A	FF
22625	0	0A	FF
22626	0	0A	FF
22627	0	0A	FF
22628	0	0A	FF
22629	0	0A	FF
22630	0	0A	FF
22631	0	0A	FF
22632	0	0A	FF
22633	0	0A	FF
22634	0	0A	FF
22635	0	0A	FF
22636	0	0A	FF
22637	0	0A	FF
22638	0	0A	FF
22639	0	0A	FF
22640	0	0A	FF
22641	0	0A	FF
22642	0	0A	FF
22643	0	0A	FF
22644	0	0A	FF
22645	0	0A	FF
22646	0	0A	FF
22647	0	0A	FF
22648	0	0A	FF
22649	0	0A	FF
22650	0	0A	FF
22651	0	0A	FF
22652	0	0A	FF
22653	0	0A	FF
22654	0	0A	FF
22655	0	0A	FF
22656	0	0A	FF
22657	0	0A	FF
22658	0	0A	FF
22659	0	0A	FF
22660	0	0A	FF
22661	0	0A	FF
22662	0	0A	FF
22663	0	0A	FF
22664	0	0A	FF
22665	0	0A	FF
22666	0	0A	FF
22667	0	0A	FF
22668	0	0A	FF
22669	0	0A	FF
22670	0	0A	FF
22671	0	0A	FF
22672	0	0A	FF
22673	0	0A	FF
22674	0	0A	FF
22675	0	0A	FF
22676	0	0A	FF
22677	0	0A	FF
22678	0	0A	FF
22679	0	0A	FF
22680	0	0A	FF
22681	0	0A	FF
22682	0	0A	FF
22683	0	0A	FF
22684	0	0A	FF
22685	0	0A	FF
22686	0	0A	FF
22687	0	0A	FF
22688	0	0A	FF
22689	0	0A	FF
22690	0	0A	FF
22691	0	0A	FF
22692	0	0A	FF
22693	0	0A	FF
22694	0	0A	FF
22695	0	0A	FF
22696	0	0A	FF
22697	0	0A	FF
22698	0	0A	FF
22699	0	0A	FF
22700	0	0A	FF
22701	0	0A	FF
22702	0	0A	FF
22703	0	0A	FF
22704	0	0A	FF
22705	0	0A	FF
22706	0	0A	FF
22707	0	0A	FF
22708	0	0A	FF
22709	0	0A	FF
22710	0	0A	FF
22711	0	0A	FF
22712	0	0A	FF
22713	0	0A	FF
22714	0	0A	FF
22715	0	0A	FF
22716	0	0A	FF
22717	0	0A	FF
22718	0	0A	FF
22719	0	0A	FF
22720	0	0A	FF
22721	0	0A	FF
22722	0	0A	FF
22723	0	0A	FF
22724	0	0A	FF
22725	0	0A	FF
22726	0	0A	FF
22727	0	0A	FF
22728	0	0A	FF
22729	0	0A	FF
22730	0	0A	FF
22731	0	0A	FF
22732	0	0A	FF
22733	0	0A	FF
22734	0	0A	FF
22735	0	0A	FF
22736	0	0A	FF
22737	0	0A	FF
22738	0	0A	FF
22739	0	0A	FF
22740	0	0A	FF
22741	0	0A	FF
22742	0	0A	FF
22743	0	0A	FF
22744	0	0A	FF
22745	0	0A	FF
22746	0	0A	FF
22747	0	0A	FF
22748	0	0A	FF
22749	0	0A	FF
22750	0	0A	FF
22751	0	0A	FF
22752	0	0A	FF
22753	0	0A	FF
22754	0	0A	FF
22755	0	0A	FF
22756	0	0A	FF
22757	0	0A	FF
22758	0	0A	FF
22759	0	0A	FF
22760	0	0A	FF
22761	0	0A	FF
22762	0	0A	FF
22763	0	0A	FF
22764	0	0A	FF
22765	0	0A	FF
22766	0	0A	FF
22767	0	0A	FF
22768	0	0A	FF
22769	0	0A	FF
22770	0	0A	FF
22771	0	0A	FF
22772	0	0A	FF
22773	0	0A	FF
22774	0	0A	FF
22775	0	0A	FF
22776	0	0A	FF
22777	0	0A	FF
22778	0	0A	FF
22779	0	0A	FF
22780	0	0A	FF
22781	0	0A	FF
22782	0	0A	FF
22783	0	0A	FF
22784	0	0A	FF
22785	0	0A	FF
22786	0	0A	FF
22787	0	0A	FF
22788	0	0A	FF
22789	0	0A	FF
22790	0	0A	FF
22791	0	0A	FF
22792	0	0A	FF
22793	0	0A	FF
22794	0	0A	FF
22795	0	0A	FF
22796	0	0A	FF
22797	0	0A	FF
22798	0	0A	FF
22799	0	0A	FF
22800	0	0A	FF
22801	0	0A	FF
22802	0	0A	FF
22803	0	0A	FF
22804	0	0A	FF
22805	0	0A	FF
22806	0	0A	FF
22807	0	0A	FF
22808	0	0A	FF
22809	0	0A	FF
22810	0	0A	FF
22811	0	0A	FF
22812	0	0A	FF
22813	0	0A	FF
22814	0	0A	FF
22815	0	0A	FF
22816	0	0A	FF
22817	0	0A	FF
22818	0	0A	FF
22819	0	0A	FF
22820	0	0A	FF
22821	0	0A	FF
22822	0	0A	FF
22823	0	0A	FF
22824	0	0A	FF
22825	0	0A	FF
22826	0	0A	FF
22827	0	0A	FF
22828	0	0A	FF
22829	0	0A	FF
22830	0	0A	FF
22831	0	0A	FF
22832	0	0A	FF
22833	0	0A	FF
22834	0	0A	FF
22835	0	0A	FF
22836	0	0A	FF
22837	0	0A	FF
22838	0	0A	FF
22839	0	0A	FF
22840	0	0A	FF
22841	0	0A	FF
22842	0	0A	FF
22843	0	0A	FF
22844	0	0A	FF
22845	0	0A	FF
22846	0	0A	FF
22847	0	0A	FF
22848	0	0A	FF
22849	0	0A	FF
22850	0	0A	FF
22851	0	0A	FF
22852	0	0A	FF
22853	0	0A	FF
22854	0	0A	FF
22855	0	0A	FF
22856	0	0A	FF
22857	0	0A	FF
22858	0	0A	FF
22859	0	0A	FF
22860	0	0A	FF
22861	0	0A	FF
22862	0	0A	FF
22863	0	0A	FF
22864	0	0A	FF
22865	0	0A	FF
22866	0	0A	FF
22867	0	0A	FF
22868	0	0A	FF
22869	0	0A	FF
22870	0	0A	FF
22871	0	0A	FF
22872	0	0A	FF
22873	0	0A	FF
22874	0	0A	FF
22875	0	0A	FF
22876	0	0A	FF
22877	0	0A	FF
22878	0	0A	FF
22879	0	0A	FF
22880	0	0A	FF
22881	0	0A	FF
22882	0	0A	FF
22883	0	0A	FF
22884	0	0A	FF
22885	0	0A	FF
22886	0	0A	FF
22887	0	0A	FF
22888	0	0A	FF
22889	0	0A	FF
22890	0	0A	FF
22891	0	0A	FF
22892	0	0A	FF
22893	0	0A	FF
22894	0	0A	FF
22895	0	0A	FF
22896	0	0A	FF
22897	0	0A	FF
22898	0	0A	FF
22899	0	0A	FF
22900	0	0A	FF
22901	0	0A	FF
22902	0	0A	FF
22903	0	0A	FF
22904	0	0A	FF
22905	0	0A	FF
22906	0	0A	FF
22907	0	0A	FF
22908	0	0A	FF
22909	0	0A	FF
22910	0	0A	FF
22911	0	0A	FF
22912	0	0A	FF
22913	0	0A	FF
22914	0	0A	FF
22915	0	0A	FF
22916	0	0A	FF
22917	0	0A	FF
22918	0	0A	FF
22919	0	0A	FF
22920	0	0A	FF
22921	0	0A	FF
22922	0	0A	FF
22923	0	0A	FF
22924	0	0A	FF
22925	0	0A	FF
22926	0	0A	FF
22927	0	0A	FF
22928	0	0A	FF
22929	0	0A	FF
22930	0	0A	FF
22931	0	0A	FF
22932	0	0A	FF
22933	0	0A	FF
22934	0	0A	FF
22935	0	0A	FF
22936	0	0A	FF
22937	0	0A	FF
22938	0	0A	FF
22939	0	0A	FF
22940	0	0A	FF
22941	0	0A	FF
22942	0	0A	FF
22943	0	0A	FF
22944	0	0A	FF
22945	0	0A	FF
22946	0	0A	FF
22947	0	0A	FF
22948	0	0A	FF
22949	0	0A	FF
22950	0	0A	FF
22951	0	0A	FF
22952	0	0A	FF
22953	0	0A	FF
22954	0	0A	FF
22955	0	0A	FF
22956	0	0A	FF
22957	0	0A	FF
22958	0	0A	FF
22959	0	0A	FF
22960	0	0A	FF
22961	0	0A	FF
22962	0	0A	FF
22963	0	0A	FF
22964	0	0A	FF
22965	0	0A	FF
22966	0	0A	FF
22967	0	0A	FF
22968	0	0A	FF
22969	0	0A	FF
22970	0	0A	FF
22971	0	0A	FF
22972	0	0A	FF
22973	0	0A	FF
22974	0	0A	FF
22975	0	0A	FF
22976	0	0A	FF
22977	0	0A	FF
22978	0	0A	FF
22979	0	0A	FF
22980	0	0A	FF
22981	0	0A	FF
22982	0	0A	FF
22983	0	0A	FF
22984	0	0A	FF
22985	0	0A	FF
22986	0	0A	FF
22987	0	0A	FF
22988	0	0A	FF
22989	0	0A	FF
22990	0	0A	FF
22991	0	0A	FF
22992	0	0A	FF
22993	0	0A	FF
22994	0	0A	FF
22995	0	0A	FF
22996	0	0A	FF
22997	0	0A	FF
22998	0	0A	FF
22999	0	0A	FF
23000	0	0A	FF
23001	0	0A	FF
23002	0	0A	FF
23003	0	0A	FF
23004	0	0A	FF
23005	0	0A	FF
23006	0	0A	FF
23007	0	0A	FF
23008	0	0A	FF
23009	0	0A	FF
23010	0	0A	FF
23011	0	0A	FF
23012	0	0A	FF
23013	0	0A	FF
23014	0	0A	FF
23015	0	0A	FF
23016	0	0A	FF
23017	0	0A	FF
23018	0	0A	FF
23019	0	0A	FF
23020	0	0A	FF
23021	0	0A	FF
23022	0	0A	FF
23023	0	0A	FF
23024	0	0A	FF
23025	0	0A	FF
23026	0	0A	FF
23027	0	0A	FF
23028	0	0A	FF
23029	0	0A	FF
23030	0	0A	FF
23031	0	0A	FF
23032	0	0A	FF
23033	0	0A	FF
23034	0	0A	FF
23035	0	0A	FF
23036	0	0A	FF
23037	0	0A	FF
23038	0	0A	FF
23039	0	0A	FF
23040	0	0A	FF
23041	0	0A	FF
23042	0	0A	FF
23043	0	0A	FF
23044	0	0A	FF
23045	0	0A	FF
23046	0	0A	FF
23047	0	0A	FF
23048	0	0A	FF
23049	0	0A	FF
23050	0	0A	FF
23051	0	0A	FF
23052	0	0A	FF
23053	0	0A	FF
23054	0	0A	FF
23055	0	0A	FF
23056	0	0A	FF
23057	0	0A	FF
23058	0	0A	FF
23059	0	0A	FF
23060	0	0A	FF
23061	0	0A	FF
23062	0	0A	FF
23063	0	0A	FF
23064	0	0A	FF
23065	0	0A	FF
23066	0	0A	FF
23067	0	0A	FF
23068	0	0A	FF
23069	0	0A	FF
23070	0	0A	FF
23071	0	0A	FF
23072	0	0A	FF
23073	0	0A	FF
23074	0	0A	FF
23075	0	0A	FF
23076	0	0A	FF
23077	0	0A	FF
23078	0	0A	FF
23079	0	0A	FF
23080	0	0A	FF
23081	0	0A	FF
23082	0	0A	FF
23083	0	0A	FF
23084	0	0A	FF
23085	0	0A	FF
23086	0	0A	FF
23087	0	0A	FF
23088	0	0A	FF
23089	0	0A	FF
23090	0	0A	FF
23091	0	0A	FF
23092	0	0A	FF
23093	0	0A	FF
23094	0	0A	FF
23095	0	0A	FF
23096	0	0A	FF
23097	0	0A	FF
23098	0	0A	FF
23099	0	0A	FF
23100	0	0A	FF
23101	0	0A	FF
23102	0	0A	FF
23103	0	0A	FF
23104	0	0A	FF
23105	0	0A	FF
23106	0	0A	FF
23107	0	0A	FF
23108	0	0A	FF
23109	0	0A	FF
23110	0	0A	FF
23111	0	0A	FF
23112	0	0A	FF
23113	0	0A	FF
23114	0	0A	FF
23115	0	0A	FF
23116	0	0A	FF
23117	0	0A	FF
23118	0	0A	FF
23119	0	0A	FF
23120	0	0A	FF
23121	0	0A	FF
23122	0	0A	FF
23123	0	0A	FF
23124	0	0A	FF
23125	0	0A	FF
23126	0	0A	FF
23127	0	0A	FF
23128	0	0A	FF
23129	0	0A	FF
23130	0	0A	FF
23131	0	0A	FF
23132	0	0A	FF
23133	0	0A	FF
23134	0	0A	FF
23135	0	0A	FF
23136	0	0A	FF
23137	0	0A	FF
23138	0	0A	FF
23139	0	0A	FF
23140	0	0A	FF
23141	0	0A	FF
23142	0	0A	FF
23143	0	0A	FF
23144	0	0A	FF
23145	0	0A	FF
23146	0	0A	FF
23147	0	0A	FF
23148	0	0A	FF
23149	0	0A	FF
23150	0	0A	FF
23151	0	0A	FF
23152	0	0A	FF
23153	0	0A	FF
23154	0	0A	FF
23155	0	0A	FF
23156	0	0A	FF
23157	0	0A	FF
23158	0	0A	FF
23159	0	0A	FF
23160	0	0A	FF
23161	0	0A	FF
23162	0	0A	FF
23163	0	0A	FF
23164	0	0A	FF
23165	0	0A	FF
23166	0	0A	FF
23167	0	0A	FF
23168	0	0A	FF
23169	0	0A	FF
23170	0	0A	FF
23171	0	0A	FF
23172	0	0A	FF
23173	0	0A	FF
23174	0	0A	FF
23175	0	0A	FF
23176	0	0A	FF
23177	0	0A	FF
23178	0	0A	FF
23179	0	0A	FF
23180	0	0A	FF
23181	0	0A	FF
23182	0	0A	FF
23183	0	0A	FF
23184	0	0A	FF
23185	0	0A	FF
23186	0	0A	FF
23187	0	0A	FF
23188	0	0A	FF
23189	0	0A	FF
23190	0	0A	FF
23191	0	0A	FF
23192	0	0A	FF
23193	0	0A	FF
23194	0	0A	FF
23195	0	0A	FF
23196	0	0A	FF
23197	0	0A	FF
23198	0	0A	FF
23199	0	0A	FF
23200	0	0A	FF
23201	0	0A	FF
23202	0	0A	FF
23203	0	0A	FF
23204	0	0A	FF
23205	0	0A	FF
23206	0	0A	FF
23207	0	0A	FF
23208	0	0A	FF
23209	0	0A	FF
23210	0	0A	FF
23211	0	0A	FF
23212	0	0A	FF
23213	0	0A	FF
23214	0	0A	FF
23215	0	0A	FF
23216	0	0A	FF
23217	0	0A	FF
23218	0	0A	FF
23219	0	0A	FF
23220	0	0A	FF
23221	0	0A	FF
23222	0	0A	FF
23223	0	0A	FF
23224	0	0A	FF
23225	0	0A	FF
23226	0	0A	FF
23227	0	0A	FF
23228	0	0A	FF
23229	0	0A	FF
23230	0	0A	FF
23231	0	0A	FF
23232	0	0A	FF
23233	0	0A	FF
23234	0	0A	FF
23235	0	0A	FF
23236	0	0A	FF
23237	0	0A	FF
23238	0	0A	FF
23239	0	0A	FF
23240	0	0A	FF
23241	0	0A	FF
23242	0	0A	FF
23243	0	0A	FF
23244	0	0A	FF
23245	0	0A	FF
23246	0	0A	FF
23247	0	0A	FF
23248	0	0A	FF
23249	0	0A	FF
23250	0	0A	FF
23251	0	0A	FF
23252	0	0A	FF
23253	0	0A	FF
23254	0	0A	FF
23255	0	0A	FF
23256	0	0A	FF
23257	0	0A	FF
23258	0	0A	FF
23259	0	0A	FF
23260	0	0A	FF
23261	0	0A	FF
23262	0	0A	FF
23263	0	0A	FF
23264	0	0A	FF
23265	0	0A	FF
23266	0	0A	FF
23267	0	0A	FF
23268	0	0A	FF
23269	0	0A	FF
23270	0	0A	FF
23271	0	0A	FF
23272	0	0A	FF
23273	0	0A	FF
23274	0	0A	FF
23275	0	0A	FF
23276	0	0A	FF
23277	0	0A	FF
23278	0	0A	FF
23279	0	0A	FF
23280	0	0A	FF
23281	0	0A	FF
23282	0	0A	FF
23283	0	0A	FF
23284	0	0A	FF
23285	0	0A	FF
23286	0	0A	FF
23287	0	0A	FF
23288	0	0A	FF
23289	0	0A	FF
23290	0	0A	FF
23291	0	0A	FF
23292	0	0A	FF
23293	0	0A	FF
23294	0	0A	FF
23295	0	0A	FF
23296	0	0A	FF
23297	0	0A	FF
23298	0	0A	FF
23299	0	0A	FF
23300	0	0A	FF
23301	0	0A	FF
23302	0	0A	FF
23303	0	0A	FF
23304	0	0A	FF
23305	0	0A	FF
23306	0	0A	FF
23307	0	0A	FF
23308	0	0A	FF
23309	0	0A	FF
23310	0	0A	FF
23311	0	0A	FF
23312	0	0A	FF
23313	0	0A	FF
23314	0	0A	FF
23315	0	0A	FF
23316	0	0A	FF
23317	0	0A	FF
23318	0	0A	FF
23319	0	0A	FF
23320	0	0A	FF
23321	0	0A	FF
23322	0	0A	FF
23323	0	0A	FF
23324	0	0A	FF
23325	0	0A	FF
23326	0	0A	FF
23327	0	0A	FF
23328	0	0A	FF
23329	0	0A	FF
23330	0	0A	FF
23331	0	0A	FF
23332	0	0A	FF
23333	0	0A	FF
23334	0	0A	FF
23335	0	0A	FF
23336	0	0A	FF
23337	0	0A	FF
23338	0	0A	FF
23339	0	0A	FF
23340	0	0A	FF
23341	0	0A	FF
23342	0	0A	FF
23343	0	0A	FF
23344	0	0A	FF
23345	0	0A	FF
23346	0	0A	FF
23347	0	0A	FF
23348	0	0A	FF
23349	0	0A	FF
23350	0	0A	FF
23351	0	0A	FF
23352	0	0A	FF
23353	0	0A	FF
23354	0	0A	FF
23355	0	0A	FF
23356	0	0A	FF
23357	0	0A	FF
23358	0	0A	FF
23359	0	0A	FF
23360	0	0A	FF
23361	0	0A	FF
23362	0	0A	FF
23363	0	0A	FF
23364	0	0A	FF
23365	0	0A	FF
23366	0	0A	FF
23367	0	0A	FF
23368	0	0A	FF
23369	0	0A	FF
23370	0	0A	FF
23371	0	0A	FF
23372	0	0A	FF
23373	0	0A	FF
23374	0	0A	FF
23375	0	0A	FF
23376	0	0A	FF
23377	0	0A	FF
23378	0	0A	FF
23379	0	0A	FF
23380	0	0A	FF
23381	0	0A	FF
23382	0	0A	FF
23383	0	0A	FF
23384	0	0A	FF
23385	0	0A	FF
23386	0	0A	FF
23387	0	0A	FF
23388	0	0A	FF
23389	0	0A	FF
23390	0	0A	FF
23391	0	0A	FF
23392	0	0A	FF
23393	0	0A	FF
23394	0	0A	FF
23395	0	0A	FF
23396	0	0A	FF
23397	0	0A	FF
23398	0	0A	FF
23399	0	0A	FF
23400	0	0A	FF
23401	0	0A	FF
23402	0	0A	FF
23403	0	0A	FF
23404	0	0A	FF
23405	0	0A	FF
23406	0	0A	FF
23407	0	0A	FF
23408	0	0A	FF
23409	0	0A	FF
23410	0	0A	FF
23411	0	0A	FF
23412	0	0A	FF
23413	0	0A	FF
23414	0	0A	FF
23415	0	0A	FF
23416	0	0A	FF
23417	0	0A	FF
23418	0	0A	FF
23419	0	0A	FF
23420	0	0A	FF
23421	0	0A	FF
23422	0	0A	FF
23423	0	0A	FF
23424	0	0A	FF
23425	0	0A	FF
23426	0	0A	FF
23427	0	0A	FF
23428	0	0A	FF
23429	0	0A	FF
23430	0	0A	FF
23431	0	0A	FF
23432	0	0A	FF
23433	0	0A	FF
23434	0	0A	FF
23435	0	0A	FF
23436	0	0A	FF
23437	0	0A	FF
23438	0	0A	FF
23439	0	0A	FF
23440	0	0A	FF
23441	0	0A	FF
23442	0	0A	FF
23443	0	0A	FF
23444	0	0A	FF
23445	0	0A	FF
23446	0	0A	FF
23447	0	0A	FF
23448	0	0A	FF
23449	0	0A	FF
23450	0	0A	FF
23451	0	0A	FF
23452	0	0A	FF
23453	0	0A	FF
23454	0	0A	FF
23455	0	0A	FF
23456	0	0A	FF
23457	0	0A	FF
23458	0	0A	FF
23459	0	0A	FF
23460	0	0A	FF
23461	0	0A	FF
23462	0	0A	FF
23463	0	0A	FF
23464	0	0A	FF
23465	0	0A	FF
23466	0	0A	FF
23467	0	0A	FF
23468	0	0A	FF
23469	0	0A	FF
23470	0	0A	FF
23471	0	0A	FF
23472	0	0A	FF
23473	0	0A	FF
23474	0	0A	FF
23475	0	0A	FF
23476	0	0A	FF
23477	0	0A	FF
23478	0	0A	FF
23479	0	0A	FF
23480	0	0A	FF
23481	0	0A	FF
23482	0	0A	FF
23483	0	0A	FF
23484	0	0A	FF
23485	0	0A	FF
23486	0	0A	FF
23487	0	0A	FF
23488	0	0A	FF
23489	0	0A	FF
23490	0	0A	FF
23491	0	0A	FF
23492	0	0A	FF
23493	0	0A	FF
23494	0	0A	FF
23495	0	0A	FF
23496	0	0A	FF
23497	0	0A	FF
23498	0	0A	FF
23499	0	0A	FF
23500	0	0A	FF
23501	0	0A	FF
23502	0	0A	FF
23503	0	0A	FF
23504	0	0A	FF
23505	0	0A	FF
23506	0	0A	FF
23507	0	0A	FF
23508	0	0A	FF
23509	0	0A	FF
23510	0	0A	FF
23511	0	0A	FF
23512	0	0A	FF
23513	0	0A	FF
23514	0	0A	FF
23515	0	0A	FF
23516	0	0A	FF
23517	0	0A	FF
23518	0	0A	FF
23519	0	0A	FF
23520	0	0A	FF
23521	0	0A	FF
23522	0	0A	FF
23523	0	0A	FF
23524	0	0A	FF
23525	0	0A	FF
23526	0	0A	FF
23527	0	0A	FF
23528	0	0A	FF
23529	0	0A	FF
23530	0	0A	FF
23531	0	0A	FF
23532	0	0A	FF
23533	0	0A	FF
23534	0	0A	FF
23535	0	0A	FF
23536	0	0A	FF
23537	0	0A	FF
23538	0	0A	FF
23539	0	0A	FF
23540	0	0A	FF
23541	0	0A	FF
23542	0	0A	FF
23543	0	0A	FF
23544	0	0A	FF
23545	0	0A	FF
23546	0	0A	FF
23547	0	0A	FF
23548	0	0A	FF
23549	0	0A	FF
23550	0	0A	FF
23551	0	0A	FF
23552	0	0A	FF
23553	0	0A	FF
23554	0	0A	FF
23555	0	0A	FF
23556	0	0A	FF
23557	0	0A	FF
23558	0	0A	FF
23559	0	0A	FF
23560	0	0A	FF
23561	0	0A	FF
23562	0	0A	FF
23563	0	0A	FF
23564	0	0A	FF
23565	0	0A	FF
23566	0	0A	FF
23567	0	0A	FF
23568	0	0A	FF
23569	0	0A	FF
23570	0	0A	FF
23571	0	0A	FF
23572	0	0A	FF
23573	0	0A	FF
23574	0	0A	FF
23575	0	0A	FF
23576	0	0A	FF
23577	0	0A	FF
23578	0	0A	FF
23579	0	0A	FF
23580	0	0A	FF
23581	0	0A	FF
23582	0	0A	FF
23583	0	0A	FF
23584	0	0A	FF
23585	0	0A	FF
23586	0	0A	FF
23587	0	0A	FF
23588	0	0A	FF
23589	0	0A	FF
23590	0	0A	FF
23591	0	0A	FF
23592	0	0A	FF
23593	0	0A	FF
23594	0	0A	FF
23595	0	0A	FF
23596	0	0A	FF
23597	0	0A	FF
23598	0	0A	FF
23599	0	0A	FF
23600	0	0A	FF
23601	0	0A	FF
23602	0	0A	FF
23603	0	0A	FF
23604	0	0A	FF
23605	0	0A	FF
23606	0	0A	FF
23607	0	0A	FF
23608	0	0A	FF
23609	0	0A	FF
23610	0	0A	FF
23611	0	0A	FF
23612	0	0A	FF
23613	0	0A	FF
23614	0	0A	FF
23615	0	0A	FF
23616	0	0A	FF
23617	0	0A	FF
23618	0	0A	FF
23619	0	0A	FF
23620	0	0A	FF
23621	0	0A	FF
23622	0	0A	FF
23623	0	0A	FF
23624	0	0A	FF
23625	0	0A	FF
23626	0	0A	FF
23627	0	0A	FF
23628	0	0A	FF
23629	0	0A	FF
23630	0	0A	FF
23631	0	0A	FF
23632	0	0A	FF
23633	0	0A	FF
23634	0	0A	FF
23635	0	0A	FF
23636	0	0A	FF
23637	0	0A	FF
23638	0	0A	FF
23639	0	0A	FF
23640	0	0A	FF
23641	0	0A	FF
23642	0	0A	FF
23643	0	0A	FF
23644	0	0A	FF
23645	0	0A	FF
23646	0	0A	FF
23647	0	0A	FF
23648	0	0A	FF
23649	0	0A	FF
23650	0	0A	FF
23651	0	0A	FF
23652	0	0A	FF
23653	0	0A	FF
23654	0	0A	FF
23655	0	0A	FF
23656	0	0A	FF
23657	0	0A	FF
23658	0	0A	FF
23659	0	0A	FF
23660	0	0A	FF
23661	0	0A	FF
23662	0	0A	FF
23663	0	0A	FF
23664	0	0A	FF
23665	0	0A	FF
23666	0	0A	FF
23667	0	0A	FF
23668	0	0A	FF
23669	0	0A	FF
23670	0	0A	FF
23671	0	0A	FF
23672	0	0A	FF
23673	0	0A	FF
23674	0	0A	FF
23675	0	0A	FF
23676	0	0A	FF
23677	0	0A	FF
23678	0	0A	FF
23679	0	0A	FF
23680	0	0A	FF
23681	0	0A	FF
23682	0	0A	FF
23683	0	0A	FF
23684	0	0A	FF
23685	0	0A	FF
23686	0	0A	FF
23687	0	0A	FF
23688	0	0A	FF
23689	0	0A	FF
23690	0	0A	FF
23691	0	0A	FF
23692	0	0A	FF
23693	0	0A	FF
23694	0	0A	FF
23695	0	0A	FF
23696	0	0A	FF
23697	0	0A	FF
23698	0	0A	FF
23699	0	0A	FF
23700	0	0A	FF
23701	0	0A	FF
23702	0	0A	FF
23703	0	0A	FF
23704	0	0A	FF
23705	0	0A	FF
23706	0	0A	FF
23707	0	0A	FF
23708	0	0A	FF
23709	0	0A	FF
23710	0	0A	FF
23711	0	0A	FF
23712	0	0A	FF
23713	0	0A	FF
23714	0	0A	FF
23715	0	0A	FF
23716	0	0A	FF
23717	0	0A	FF
23718	0	0A	FF
23719	0	0A	FF
23720	0	0A	FF
23721	0	0A	FF
23722	0	0A	FF
23723	0	0A	FF
23724	0	0A	FF
23725	0	0A	FF
23726	0	0A	FF
23727	0	0A	FF
23728	0	0A	FF
23729	0	0A	FF
23730	0	0A	FF
23731	0	0A	FF
23732	0	0A	FF
23733	0	0A	FF
23734	0	0A	FF
23735	0	0A	FF
23736	0	0A	FF
23737	0	0A	FF
23738	0	0A	FF
23739	0	0A	FF
23740	0	0A	FF
23741	0	0A	FF
23742	0	0A	FF
23743	0	0A	FF
23744	0	0A	FF
23745	0	0A	FF
23746	0	0A	FF
23747	0	0A	FF
23748	0	0A	FF
23749	0	0A	FF
23750	0	0A	FF
23751	0	0A	FF
23752	0	0A	FF
23753	0	0A	FF
23754	0	0A	FF
23755	0	0A	FF
23756	0	0A	FF
23757	0	0A	FF
23758	0	0A	FF
23759	0	0A	FF
23760	0	0A	FF
23761	0	0A	FF
23762	0	0A	FF
23763	0	0A	FF
23764	0	0A	FF
23765	0	0A	FF
23766	0	0A	FF
23767	0	0A	FF
23768	0	0A	FF
23769	0	0A	FF
23770	0	0A	FF
23771	0	0A	FF
23772	0	0A	FF
23773	0	0A	FF
23774	0	0A	FF
23775	0	0A	FF
23776	0	0A	FF
23777	0	0A	FF
23778	0	0A	FF
23779	0	0A	FF
23780	0	0A	FF
23781	0	0A	FF
23782	0	0A	FF
23783	0	0A	FF
23784	0	0A	FF
23785	0	0A	FF
23786	0	0A	FF
23787	0	0A	FF
23788	0	0A	FF
23789	0	0A	FF
23790	0	0A	FF
23791	0	0A	FF
23792	0	0A	FF
23793	0	0A	FF
23794	0	0A	FF
23795	0	0A	FF
23796	0	0A	FF
23797	0	0A	FF
23798	0	0A	FF
23799	0	0A	FF
23800	0	0A	FF
23801	0	0A	FF
23802	0	0A	FF
23803	0	0A	FF
23804	0	0A	FF
23805	0	0A	FF
23806	0	0A	FF
23807	0	0A	FF
23808	0	0A	FF
23809	0	0A	FF
23810	0	0A	FF
23811	0	0A	FF
23812	0	0A	FF
23813	0	0A	FF
23814	0	0A	FF
23815	0	0A	FF
23816	0	0A	FF
23817	0	0A	FF
23818	0	0A	FF
23819	0	0A	FF
23820	0	0A	FF
23821	0	0A	FF
23822	0	0A	FF
23823	0	0A	FF
23824	0	0A	FF
23825	0	0A	FF
23826	0	0A	FF
23827	0	0A	FF
23828	0	0A	FF
23829	0	0A	FF
23830	0	0A	FF
23831	0	0A	FF
23832	0	0A	FF
23833	0	0A	FF
23834	0	0A	FF
23835	0	0A	FF
23836	0	0A	FF
23837	0	0A	FF
23838	0	0A	FF
23839	0	0A	FF
23840	0	0A	FF
23841	0	0A	FF
23842	0	0A	FF
23843	0	0A	FF
23844	0	0A	FF
23845	0	0A	FF
23846	0	0A	FF
23847	0	0A	FF
23848	0	0A	FF
23849	0	0A	FF
23850	0	0A	FF
23851	0	0A	FF
23852	0	0A	FF
23853	0	0A	FF
23854	0	0A	FF
23855	0	0A	FF
23856	0	0A	FF
23857	0	0A	FF
23858	0	0A	FF
23859	0	0A	FF
23860	0	0A	FF
23861	0	0A	FF
23862	0	0A	FF
23863	0	0A	FF
23864	0	0A	FF
23865	0	0A	FF
23866	0	0A	FF
23867	0	0A	FF
23868	0	0A	FF
23869	0	0A	FF
23870	0	0A	FF
23871	0	0A	FF
23872	0	0A	FF
23873	0	0A	FF
23874	0	0A	FF
23875	0	0A	FF
23876	0	0A	FF
23877	0	0A	FF
23878	0	0A	FF
23879	0	0A	FF
23880	0	0A	FF
23881	0	0A	FF
23882	0	0A	FF
23883	0	0A	FF
23884	0	0A	FF
23885	0	0A	FF
23886	0	0A	FF
23887	0	0A	FF
23888	0	0A	FF
23889	0	0A	FF
23890	0	0A	FF
23891	0	0A	FF
23892	0	0A	FF
23893	0	0A	FF
23894	0	0A	FF
23895	0	0A	FF
23896	0	0A	FF
23897	0	0A	FF
23898	0	0A	FF
23899	0	0A	FF
23900	0	0A	FF
23901	0	0A	FF
23902	0	0A	FF
23903	0	0A	FF
23904	0	0A	FF
23905	0	0A	FF
23906	0	0A	FF
23907	0	0A	FF
23908	0	0A	FF
23909	0	0A	FF
23910	0	0A	FF
23911	0	0A	FF
23912	0	0A	FF
23913	0	0A	FF
23914	0	0A	FF
23915	0	0A	FF
23916	0	0A	FF
23917	0	0A	FF
23918	0	0A	FF
23919	0	0A	FF
23920	0	0A	FF
23921	0	0A	FF
23922	0	0A	FF
23923	0	0A	FF
23924	0	0A	FF
23925	0	0A	FF
23926	0	0A	FF
23927	0	0A	FF
23928	0	0A	FF
23929	0	0A	FF
23930	0	0A	FF
23931	0	0A	FF
23932	0	0A	FF
23933	0	0A	FF
23934	0	0A	FF
23935	0	0A	FF
23936	0	0A	FF
23937	0	0A	FF
23938	0	0A	FF
23939	0	0A	FF
23940	0	0A	FF
23941	0	0A	FF
23942	0	0A	FF
23943	0	0A	FF
23944	0	0A	FF
23945	0	0A	FF
23946	0	0A	FF
23947	0	0A	FF
23948	0	0A	FF
23949	0	0A	FF
23950	0	0A	FF
23951	0	0A	FF
23952	0	0A	FF
23953	0	0A	FF
23954	0	0A	FF
23955	0	0A	FF
23956	0	0A	FF
23957	0	0A	FF
23958	0	0A	FF
23959	0	0A	FF
23960	0	0A	FF
23961	0	0A	FF
23962	0	0A	FF
23963	0	0A	FF
23964	0	0A	FF
23965	0	0A	FF
23966	0	0A	FF
23967	0	0A	FF
23968	0	0A	FF
23969	0	0A	FF
23970	0	0A	FF
23971	0	0A	FF
23972	0	0A	FF
23973	0	0A	FF
23974	0	0A	FF
23975	0	0A	FF
23976	0	0A	FF
23977	0	0A	FF
23978	0	0A	FF
23979	0	0A	FF
23980	0	0A	FF
23981	0	0A	FF
23982	0	0A	FF
23983	0	0A	FF
23984	0	0A	FF
23985	0	0A	FF
23986	0	0A	FF
23987	0	0A	FF
23988	0	0A	FF
23989	0	0A	FF
23990	0	0A	FF
23991	0	0A	FF
23992	0	0A	FF
23993	0	0A	FF
23994	0	0A	FF
23995	0	0A	FF
23996	0	0A	FF
23997	0	0A	FF
23998	0	0A	FF
23999	0	0A	FF
24000	0	0A	FF
