frame	crossing_weapon	top_r0	ui_r2	ui_r3	backup_r2	backup_r3	flag
6500	0	F6	00	01	00	00	00
6501	0	F6	00	01	00	00	00
6502	0	F6	00	01	00	00	00
6503	0	F6	00	01	00	00	00
6504	0	F6	00	01	00	00	00
6505	0	F6	00	01	00	00	00
6506	0	F6	00	01	00	00	00
6507	0	F6	00	01	00	00	00
6508	0	F6	00	01	00	00	00
6509	0	F6	00	01	00	00	00
6510	0	F6	00	01	00	00	00
6511	0	F6	00	01	00	00	00
6512	0	F6	00	01	00	00	00
6513	0	F6	00	01	00	00	00
6514	0	F6	00	01	00	00	00
6515	0	F6	00	01	00	00	00
6516	0	F6	00	01	00	00	00
6517	0	F6	00	01	00	00	00
6518	0	F6	00	01	00	00	00
6519	0	F6	00	01	00	00	00
6520	0	F6	00	01	00	00	00
6521	0	F6	00	01	00	00	00
6522	0	F6	00	01	00	00	00
6523	0	F6	00	01	00	00	00
6524	0	F6	00	01	00	00	00
6525	0	F6	00	01	00	00	00
6526	0	F6	00	01	00	00	00
6527	0	F6	00	01	00	00	00
6528	0	F6	00	01	00	00	00
6529	0	F6	00	01	00	00	00
6530	0	F6	00	01	00	00	00
6531	0	F6	00	01	00	00	00
6532	0	F6	00	01	00	00	00
6533	0	F6	00	01	00	00	00
6534	0	F6	00	01	00	00	00
6535	0	F6	00	01	00	00	00
6536	0	F6	00	01	00	00	00
6537	0	F6	00	01	00	00	00
6538	0	F6	00	01	00	00	00
6539	0	F6	00	01	00	00	00
6540	0	F6	00	01	00	00	00
6541	0	F6	00	01	00	00	00
6542	0	F6	00	01	00	00	00
6543	0	F6	00	01	00	00	00
6544	0	F6	00	01	00	00	00
6545	0	F6	00	01	00	00	00
6546	0	F6	00	01	00	00	00
6547	0	F6	00	01	00	00	00
6548	0	F6	00	01	00	00	00
6549	0	F6	00	01	00	00	00
6550	0	F6	00	01	00	00	00
6551	0	F6	00	01	00	00	00
6552	0	F6	00	01	00	00	00
6553	0	F6	00	01	00	00	00
6554	0	F6	00	01	00	00	00
6555	0	F6	00	01	00	00	00
6556	0	F6	00	01	00	00	00
6557	0	F6	00	01	00	00	00
6558	0	F6	00	01	00	00	00
6559	0	F6	00	01	00	00	00
6560	0	F6	00	01	00	00	00
6561	0	F6	00	01	00	00	00
6562	0	F6	00	01	00	00	00
6563	0	F6	00	01	00	00	00
6564	0	F6	00	01	00	00	00
6565	0	F6	00	01	00	00	00
6566	0	F6	00	01	00	00	00
6567	0	F6	00	01	00	00	00
6568	0	F6	00	01	00	00	00
6569	0	F6	00	01	00	00	00
6570	0	F6	00	01	00	00	00
6571	0	F6	00	01	00	00	00
6572	0	F6	00	01	00	00	00
6573	0	F6	00	01	00	00	00
6574	0	F6	00	01	00	00	00
6575	0	F6	00	01	00	00	00
6576	0	F6	00	01	00	00	00
6577	0	F6	00	01	00	00	00
6578	0	F6	00	01	00	00	00
6579	0	F6	00	01	00	00	00
6580	0	F6	00	01	00	00	00
6581	0	F6	00	01	00	00	00
6582	0	F6	00	01	00	00	00
6583	0	F6	00	01	00	00	00
6584	0	08	00	01	00	00	00
6585	0	08	00	01	00	00	00
6586	0	08	00	01	00	00	00
6587	0	08	00	01	00	00	00
6588	0	08	00	01	00	00	00
6589	0	08	00	01	00	00	00
6590	0	08	00	01	00	00	00
6591	0	08	00	01	00	00	00
6592	0	08	00	01	00	00	00
6593	0	08	00	01	00	00	00
6594	0	08	00	01	00	00	00
6595	0	08	00	01	00	00	00
6596	0	08	00	01	00	00	00
6597	0	08	00	01	00	00	00
6598	0	08	00	01	00	00	00
6599	0	08	00	01	00	00	00
6600	0	08	00	01	00	00	00
6601	0	08	00	01	00	00	00
6602	0	08	00	01	00	00	00
6603	0	08	00	01	00	00	00
6604	0	08	00	01	00	00	00
6605	0	08	00	01	00	00	00
6606	0	08	00	01	00	00	00
6607	0	08	00	01	00	00	00
6608	0	08	00	01	00	00	00
6609	0	08	00	01	00	00	00
6610	0	08	00	01	00	00	00
6611	0	08	00	01	00	00	00
6612	0	08	00	01	00	00	00
6613	0	08	00	01	00	00	00
6614	0	08	00	01	00	00	00
6615	0	08	00	01	00	00	00
6616	0	08	00	01	00	00	00
6617	0	08	00	01	00	00	00
6618	0	08	00	01	00	00	00
6619	0	08	00	01	00	00	00
6620	0	08	00	01	00	00	00
6621	0	08	00	01	00	00	00
6622	0	08	00	01	00	00	00
6623	0	08	00	01	00	00	00
6624	0	08	00	01	00	00	00
6625	0	08	00	01	00	00	00
6626	0	08	00	01	00	00	00
6627	0	08	00	01	00	00	00
6628	0	08	00	01	00	00	00
6629	0	08	00	01	00	00	00
6630	0	08	00	01	00	00	00
6631	0	08	00	01	00	00	00
6632	0	08	00	01	00	00	00
6633	0	08	00	01	00	00	00
6634	0	08	00	01	00	00	00
6635	0	08	00	01	00	00	00
6636	0	08	00	01	00	00	00
6637	0	08	00	01	00	00	00
6638	0	08	00	01	00	00	00
6639	0	08	00	01	00	00	00
6640	0	08	00	01	00	00	00
6641	0	08	00	01	00	00	00
6642	0	08	00	01	00	00	00
6643	0	08	00	01	00	00	00
6644	0	08	00	01	00	00	00
6645	0	08	00	01	00	00	00
6646	0	08	00	01	00	00	00
6647	0	08	00	01	00	00	00
6648	0	08	00	01	00	00	00
6649	0	08	00	01	00	00	00
6650	0	08	00	01	00	00	00
6651	0	08	00	01	00	00	00
6652	0	08	00	01	00	00	00
6653	0	08	00	01	00	00	00
6654	0	08	00	01	00	00	00
6655	0	08	00	01	00	00	00
6656	0	08	00	01	00	00	00
6657	0	08	00	01	00	00	00
6658	0	08	00	01	00	00	00
6659	0	08	00	01	00	00	00
6660	0	08	00	01	00	00	00
6661	0	08	00	01	00	00	00
6662	0	08	00	01	00	00	00
6663	0	08	00	01	00	00	00
6664	0	08	00	01	00	00	00
6665	0	08	00	01	00	00	00
6666	0	08	00	01	00	00	00
6667	0	08	00	01	00	00	00
6668	0	08	00	01	00	00	00
6669	0	08	00	01	00	00	00
6670	0	08	00	01	00	00	00
6671	0	08	00	01	00	00	00
6672	0	08	00	01	00	00	00
6673	0	08	00	01	00	00	00
6674	0	FC	00	01	00	00	00
6675	0	FC	00	01	00	00	00
6676	0	FC	00	01	00	00	00
6677	0	FC	00	01	00	00	00
6678	0	FC	00	01	00	00	00
6679	0	FC	00	01	00	00	00
6680	0	FC	00	01	00	00	00
6681	0	FC	00	01	00	00	00
6682	0	FC	00	01	00	00	00
6683	0	FC	00	01	00	00	00
6684	0	FC	00	01	00	00	00
6685	0	FC	00	01	00	00	00
6686	0	FC	00	01	00	00	00
6687	0	FC	00	01	00	00	00
6688	0	FC	00	01	00	00	00
6689	0	FC	00	01	00	00	00
6690	0	FC	00	01	00	00	00
6691	0	FC	00	01	00	00	00
6692	0	FC	00	01	00	00	00
6693	0	FC	00	01	00	00	00
6694	0	FC	00	01	00	00	00
6695	0	FC	00	01	00	00	00
6696	0	FC	00	01	00	00	00
6697	0	FC	00	01	00	00	00
6698	0	FC	00	01	00	00	00
6699	0	FC	00	01	00	00	00
6700	0	FC	00	01	00	00	00
6701	0	FC	00	01	00	00	00
6702	0	FC	00	01	00	00	00
6703	0	FC	00	01	00	00	00
6704	0	FC	00	01	00	00	00
6705	0	FC	00	01	00	00	00
6706	0	FC	00	01	00	00	00
6707	0	FC	00	01	00	00	00
6708	0	FC	00	01	00	00	00
6709	0	FC	00	01	00	00	00
6710	0	FC	00	01	00	00	00
6711	0	FC	00	01	00	00	00
6712	0	FC	00	01	00	00	00
6713	0	FC	00	01	00	00	00
6714	0	FC	00	01	00	00	00
6715	0	FC	00	01	00	00	00
6716	0	FC	00	01	00	00	00
6717	0	FC	00	01	00	00	00
6718	0	FC	00	01	00	00	00
6719	0	FC	00	01	00	00	00
6720	0	FC	00	01	00	00	00
6721	0	FC	00	01	00	00	00
6722	0	FC	00	01	00	00	00
6723	0	FC	00	01	00	00	00
6724	0	FC	00	01	00	00	00
6725	0	FC	00	01	00	00	00
6726	0	FC	00	01	00	00	00
6727	0	FC	00	01	00	00	00
6728	0	FC	00	01	00	00	00
6729	0	FC	00	01	00	00	00
6730	0	FC	00	01	00	00	00
6731	0	FC	00	01	00	00	00
6732	0	FC	00	01	00	00	00
6733	0	FC	00	01	00	00	00
6734	0	FC	00	01	00	00	00
6735	0	FC	00	01	00	00	00
6736	0	FC	00	01	00	00	00
6737	0	FC	00	01	00	00	00
6738	0	FC	00	01	00	00	00
6739	0	FC	00	01	00	00	00
6740	0	FC	00	01	00	00	00
6741	0	FC	00	01	00	00	00
6742	0	FC	00	01	00	00	00
6743	0	FC	00	01	00	00	00
6744	0	FC	00	01	00	00	00
6745	0	FC	00	01	00	00	00
6746	0	FC	00	01	00	00	00
6747	0	FC	00	01	00	00	00
6748	0	FC	00	01	00	00	00
6749	0	FC	00	01	00	00	00
6750	0	FC	00	01	00	00	00
6751	0	FC	00	01	00	00	00
6752	0	FC	00	01	00	00	00
6753	0	FC	00	01	00	00	00
6754	0	FC	00	01	00	00	00
6755	0	FC	00	01	00	00	00
6756	0	FC	00	01	00	00	00
6757	0	FC	00	01	00	00	00
6758	0	FC	00	01	00	00	00
6759	0	FC	00	01	00	00	00
6760	0	FC	00	01	00	00	00
6761	0	FC	00	01	00	00	00
6762	0	FC	00	01	00	00	00
6763	0	FC	00	01	00	00	00
6764	0	FC	00	01	00	00	00
6765	0	FC	00	01	00	00	00
6766	0	FC	00	01	00	00	00
6767	0	FC	00	01	00	00	00
6768	0	FC	00	01	00	00	00
6769	0	FC	00	01	00	00	00
6770	0	FC	00	01	00	00	00
6771	0	FC	00	01	00	00	00
6772	0	FC	00	01	00	00	00
6773	0	FC	00	01	00	00	00
6774	0	FC	00	01	00	00	00
6775	0	FC	00	01	00	00	00
6776	0	FC	00	01	00	00	00
6777	0	FC	00	01	00	00	00
6778	0	FC	00	01	00	00	00
6779	0	FC	00	01	00	00	00
6780	0	FC	00	01	00	00	00
6781	0	FC	00	01	00	00	00
6782	0	FC	00	01	00	00	00
6783	0	FC	00	01	00	00	00
6784	0	FC	00	01	00	00	00
6785	0	FC	00	01	00	00	00
6786	0	FC	00	01	00	00	00
6787	0	FC	00	01	00	00	00
6788	0	FC	00	01	00	00	00
6789	0	FC	00	01	00	00	00
6790	0	FC	00	01	00	00	00
6791	0	FC	00	01	00	00	00
6792	0	FC	00	01	00	00	00
6793	0	FC	00	01	00	00	00
6794	0	FC	00	01	00	00	00
6795	0	FC	00	01	00	00	00
6796	0	FC	00	01	00	00	00
6797	0	FC	00	01	00	00	00
6798	0	FC	00	01	00	00	00
6799	0	FC	00	01	00	00	00
6800	0	FC	00	01	00	00	00
6801	0	FC	00	01	00	00	00
6802	0	FC	00	01	00	00	00
6803	0	FC	00	01	00	00	00
6804	0	FC	00	01	00	00	00
6805	0	FC	00	01	00	00	00
6806	0	FC	00	01	00	00	00
6807	0	FC	00	01	00	00	00
6808	0	FC	00	01	00	00	00
6809	0	FC	00	01	00	00	00
6810	0	FC	00	01	00	00	00
6811	0	FC	00	01	00	00	00
6812	0	FC	00	01	00	00	00
6813	0	FC	00	01	00	00	00
6814	0	FC	00	01	00	00	00
6815	0	FC	00	01	00	00	00
6816	0	FC	00	01	00	00	00
6817	0	FC	00	01	00	00	00
6818	0	FC	00	01	00	00	00
6819	0	FC	00	01	00	00	00
6820	0	FC	00	01	00	00	00
6821	0	FC	00	01	00	00	00
6822	0	FC	00	01	00	00	00
6823	0	FC	00	01	00	00	00
6824	0	FC	00	01	00	00	00
6825	0	FC	00	01	00	00	00
6826	0	FC	00	01	00	00	00
6827	0	FC	00	01	00	00	00
6828	0	FC	00	01	00	00	00
6829	0	FC	00	01	00	00	00
6830	0	FC	00	01	00	00	00
6831	0	FC	00	01	00	00	00
6832	0	FC	00	01	00	00	00
6833	0	FC	00	01	00	00	00
6834	0	FC	00	01	00	00	00
6835	0	FC	00	01	00	00	00
6836	0	FC	00	01	00	00	00
6837	0	FC	00	01	00	00	00
6838	0	FC	00	01	00	00	00
6839	0	FC	00	01	00	00	00
6840	0	FC	00	01	00	00	00
6841	0	FC	00	01	00	00	00
6842	0	FC	00	01	00	00	00
6843	0	FC	00	01	00	00	00
6844	0	FC	00	01	00	00	00
6845	0	FC	00	01	00	00	00
6846	0	FC	00	01	00	00	00
6847	0	FC	00	01	00	00	00
6848	0	FC	00	01	00	00	00
6849	0	FC	00	01	00	00	00
6850	0	FC	00	01	00	00	00
6851	0	FC	00	01	00	00	00
6852	0	FC	00	01	00	00	00
6853	0	FC	00	01	00	00	00
6854	0	FC	00	01	00	00	00
6855	0	FC	00	01	00	00	00
6856	0	FC	00	01	00	00	00
6857	0	FC	00	01	00	00	00
6858	0	FC	00	01	00	00	00
6859	0	FC	00	01	00	00	00
6860	0	FC	00	01	00	00	00
6861	0	FC	00	01	00	00	00
6862	0	FC	00	01	00	00	00
6863	0	FC	00	01	00	00	00
6864	0	FC	00	01	00	00	00
6865	0	FC	00	01	00	00	00
6866	0	FC	00	01	00	00	00
6867	0	FC	00	01	00	00	00
6868	0	FC	00	01	00	00	00
6869	0	FC	00	01	00	00	00
6870	0	FC	00	01	00	00	00
6871	0	FC	00	01	00	00	00
6872	0	FC	00	01	00	00	00
6873	0	FC	00	01	00	00	00
6874	0	FC	00	01	00	00	00
6875	0	FC	00	01	00	00	00
6876	0	FC	00	01	00	00	00
6877	0	FC	00	01	00	00	00
6878	0	FC	00	01	00	00	00
6879	0	FC	00	01	00	00	00
6880	0	FC	00	01	00	00	00
6881	0	FC	00	01	00	00	00
6882	0	FC	00	01	00	00	00
6883	0	FC	00	01	00	00	00
6884	0	FC	00	01	00	00	00
6885	0	FC	00	01	00	00	00
6886	0	FC	00	01	00	00	00
6887	0	FC	00	01	00	00	00
6888	0	FC	00	01	00	00	00
6889	0	FC	00	01	00	00	00
6890	0	FC	00	01	00	00	00
6891	0	FC	00	01	00	00	00
6892	0	FC	00	01	00	00	00
6893	0	FC	00	01	00	00	00
6894	0	FC	00	01	00	00	00
6895	0	FC	00	01	00	00	00
6896	0	FC	00	01	00	00	00
6897	0	FC	00	01	00	00	00
6898	0	FC	00	01	00	00	00
6899	0	FC	00	01	00	00	00
6900	0	FC	00	01	00	00	00
6901	0	FC	00	01	00	00	00
6902	0	FC	00	01	00	00	00
6903	0	FC	00	01	00	00	00
6904	0	FC	00	01	00	00	00
6905	0	FC	00	01	00	00	00
6906	0	FC	00	01	00	00	00
6907	0	FC	00	01	00	00	00
6908	0	FC	00	01	00	00	00
6909	0	FC	00	01	00	00	00
6910	0	FC	00	01	00	00	00
6911	0	FC	00	01	00	00	00
6912	0	FC	00	01	00	00	00
6913	0	FC	00	01	00	00	00
6914	0	FC	00	01	00	00	00
6915	0	FC	00	01	00	00	00
6916	0	FC	00	01	00	00	00
6917	0	FC	00	01	00	00	00
6918	0	FC	00	01	00	00	00
6919	0	FC	00	01	00	00	00
6920	0	FC	00	01	00	00	00
6921	0	FC	00	01	00	00	00
6922	0	FC	00	01	00	00	00
6923	0	FC	00	01	00	00	00
6924	0	FC	00	01	00	00	00
6925	0	FC	00	01	00	00	00
6926	0	FC	00	01	00	00	00
6927	0	FC	00	01	00	00	00
6928	0	FC	00	01	00	00	00
6929	0	FC	00	01	00	00	00
6930	0	FC	00	01	00	00	00
6931	0	FC	00	01	00	00	00
6932	0	FC	00	01	00	00	00
6933	0	FC	00	01	00	00	00
6934	0	FC	00	01	00	00	00
6935	0	FC	00	01	00	00	00
6936	0	FC	00	01	00	00	00
6937	0	FC	00	01	00	00	00
6938	0	FC	00	01	00	00	00
6939	0	FC	00	01	00	00	00
6940	0	FC	00	01	00	00	00
6941	0	FC	00	01	00	00	00
6942	0	FC	00	01	00	00	00
6943	0	FC	00	01	00	00	00
6944	0	FC	00	01	00	00	00
6945	0	FC	00	01	00	00	00
6946	0	FC	00	01	00	00	00
6947	0	FC	00	01	00	00	00
6948	0	FC	00	01	00	00	00
6949	0	FC	00	01	00	00	00
6950	0	FC	00	01	00	00	00
6951	0	FC	00	01	00	00	00
6952	0	FC	00	01	00	00	00
6953	0	FC	00	01	00	00	00
6954	0	FC	00	01	00	00	00
6955	0	FC	00	01	00	00	00
6956	0	FC	00	01	00	00	00
6957	0	FC	00	01	00	00	00
6958	0	FC	00	01	00	00	00
6959	0	FC	00	01	00	00	00
6960	0	FC	00	01	00	00	00
6961	0	FC	00	01	00	00	00
6962	0	FC	00	01	00	00	00
6963	0	FC	00	01	00	00	00
6964	0	FC	00	01	00	00	00
6965	0	FC	00	01	00	00	00
6966	0	FC	00	01	00	00	00
6967	0	FC	00	01	00	00	00
6968	0	FC	00	01	00	00	00
6969	0	FC	00	01	00	00	00
6970	0	FC	00	01	00	00	00
6971	0	FC	00	01	00	00	00
6972	0	FC	00	01	00	00	00
6973	0	FC	00	01	00	00	00
6974	0	FC	00	01	00	00	00
6975	0	FC	00	01	00	00	00
6976	0	FC	00	01	00	00	00
6977	0	FC	00	01	00	00	00
6978	0	FC	00	01	00	00	00
6979	0	FC	00	01	00	00	00
6980	0	FC	00	01	00	00	00
6981	0	FC	00	01	00	00	00
6982	0	FC	00	01	00	00	00
6983	0	FC	00	01	00	00	00
6984	0	FC	00	01	00	00	00
6985	0	FC	00	01	00	00	00
6986	0	FC	00	01	00	00	00
6987	0	FC	00	01	00	00	00
6988	0	FC	00	01	00	00	00
6989	0	FC	00	01	00	00	00
6990	0	FC	00	01	00	00	00
6991	0	FC	00	01	00	00	00
6992	0	FC	00	01	00	00	00
6993	0	FC	00	01	00	00	00
6994	0	FC	00	01	00	00	00
6995	0	FC	00	01	00	00	00
6996	0	FC	00	01	00	00	00
6997	0	FC	00	01	00	00	00
6998	0	FC	00	01	00	00	00
6999	0	FC	00	01	00	00	00
7000	0	FC	00	01	00	00	00
7001	0	FC	00	01	00	00	00
7002	0	FC	00	01	00	00	00
7003	0	FC	00	01	00	00	00
7004	0	FC	00	01	00	00	00
7005	0	FC	00	01	00	00	00
7006	0	FC	00	01	00	00	00
7007	0	FC	00	01	00	00	00
7008	0	FC	00	01	00	00	00
7009	0	FC	00	01	00	00	00
7010	0	FC	00	01	00	00	00
7011	0	FC	00	01	00	00	00
7012	0	FC	00	01	00	00	00
7013	0	FC	00	01	00	00	00
7014	0	FC	00	01	00	00	00
7015	0	FC	00	01	00	00	00
7016	0	FC	00	01	00	00	00
7017	0	FC	00	01	00	00	00
7018	0	FC	00	01	00	00	00
7019	0	FC	00	01	00	00	00
7020	0	FC	00	01	00	00	00
7021	0	FC	00	01	00	00	00
7022	0	FC	00	01	00	00	00
7023	0	FC	00	01	00	00	00
7024	0	FC	00	01	00	00	00
7025	0	FC	00	01	00	00	00
7026	0	FC	00	01	00	00	00
7027	0	FC	00	01	00	00	00
7028	0	FC	00	01	00	00	00
7029	0	FC	00	01	00	00	00
7030	0	FC	00	01	00	00	00
7031	0	FC	00	01	00	00	00
7032	0	FC	00	01	00	00	00
7033	0	FC	00	01	00	00	00
7034	0	FC	00	01	00	00	00
7035	0	FC	00	01	00	00	00
7036	0	FC	00	01	00	00	00
7037	0	FC	00	01	00	00	00
7038	0	FC	00	01	00	00	00
7039	0	FC	00	01	00	00	00
7040	0	FC	00	01	00	00	00
7041	0	FC	00	01	00	00	00
7042	0	FC	00	01	00	00	00
7043	0	FC	00	01	00	00	00
7044	0	FC	00	01	00	00	00
7045	0	FC	00	01	00	00	00
7046	0	FC	00	01	00	00	00
7047	0	FC	00	01	00	00	00
7048	0	FC	00	01	00	00	00
7049	0	FC	00	01	00	00	00
7050	0	FC	00	01	00	00	00
7051	0	FC	00	01	00	00	00
7052	0	FC	00	01	00	00	00
7053	0	FC	00	01	00	00	00
7054	0	FC	00	01	00	00	00
7055	0	FC	00	01	00	00	00
7056	0	FC	00	01	00	00	00
7057	0	FC	00	01	00	00	00
7058	0	FC	00	01	00	00	00
7059	0	FC	00	01	00	00	00
7060	0	FC	00	01	00	00	00
7061	0	FC	00	01	00	00	00
7062	0	FC	00	01	00	00	00
7063	0	FC	00	01	00	00	00
7064	0	FC	00	01	00	00	00
7065	0	FC	00	01	00	00	00
7066	0	FC	00	01	00	00	00
7067	0	FC	00	01	00	00	00
7068	0	FC	00	01	00	00	00
7069	0	FC	00	01	00	00	00
7070	0	FC	00	01	00	00	00
7071	0	FC	00	01	00	00	00
7072	0	FC	00	01	00	00	00
7073	0	FC	00	01	00	00	00
7074	0	FC	00	01	00	00	00
7075	0	FC	00	01	00	00	00
7076	0	FC	00	01	00	00	00
7077	0	FC	00	01	00	00	00
7078	0	FC	00	01	00	00	00
7079	0	FC	00	01	00	00	00
7080	0	FC	00	01	00	00	00
7081	0	FC	00	01	00	00	00
7082	0	FC	00	01	00	00	00
7083	0	FC	00	01	00	00	00
7084	0	FC	00	01	00	00	00
7085	0	FC	00	01	00	00	00
7086	0	FC	00	01	00	00	00
7087	0	FC	00	01	00	00	00
7088	0	FC	00	01	00	00	00
7089	0	FC	00	01	00	00	00
7090	0	FC	00	01	00	00	00
7091	0	FC	00	01	00	00	00
7092	0	FC	00	01	00	00	00
7093	0	FC	00	01	00	00	00
7094	0	FC	00	01	00	00	00
7095	0	FC	00	01	00	00	00
7096	0	FC	00	01	00	00	00
7097	0	FC	00	01	00	00	00
7098	0	FC	00	01	00	00	00
7099	0	FC	00	01	00	00	00
7100	0	FC	00	01	00	00	00
7101	0	FC	00	01	00	00	00
7102	0	FC	00	01	00	00	00
7103	0	FC	00	01	00	00	00
7104	0	FC	00	01	00	00	00
7105	0	FC	00	01	00	00	00
7106	0	FC	00	01	00	00	00
7107	0	FC	00	01	00	00	00
7108	2	FC	00	01	00	00	00
7109	2	FC	00	01	00	00	00
7110	3	FC	00	01	00	00	00
7111	3	FC	00	01	00	00	00
7112	3	FC	00	01	00	00	00
7113	3	FC	00	01	00	00	00
7114	6	FC	00	01	00	00	00
7115	6	FC	00	01	00	00	00
7116	0	FC	00	01	00	00	00
7117	0	FC	00	01	00	00	00
7118	0	FC	00	01	00	00	00
7119	0	FC	00	01	00	00	00
7120	0	FC	00	01	00	00	00
7121	0	FC	00	01	00	00	00
7122	0	FC	00	01	00	00	00
7123	0	FC	00	01	00	00	00
7124	0	FC	00	01	00	00	00
7125	0	FC	00	01	00	00	00
7126	0	FC	00	01	00	00	00
7127	0	FC	00	01	00	00	00
7128	0	FC	00	01	00	00	00
7129	0	FC	00	01	00	00	00
7130	0	FC	00	01	00	00	00
7131	0	FC	00	01	00	00	00
7132	0	FC	00	01	00	00	00
7133	0	FC	00	01	00	00	00
7134	0	FC	00	01	00	00	00
7135	0	FC	00	01	00	00	00
7136	0	FC	00	01	00	00	00
7137	0	FC	00	01	00	00	00
7138	0	FC	00	01	00	00	00
7139	0	FC	00	01	00	00	00
7140	0	FC	00	01	00	00	00
7141	0	FC	00	01	00	00	00
7142	0	FC	00	01	00	00	00
7143	0	FC	00	01	00	00	00
7144	0	FC	00	01	00	00	00
7145	0	FC	00	01	00	00	00
7146	0	FC	00	01	00	00	00
7147	0	FC	00	01	00	00	00
7148	0	FC	00	01	00	00	00
7149	0	FC	00	01	00	00	00
7150	3	FC	00	01	00	00	00
7151	3	FC	00	01	00	00	00
7152	3	FC	00	01	00	00	00
7153	3	FC	00	01	00	00	00
7154	3	FC	00	01	00	00	00
7155	3	FC	00	01	00	00	00
7156	8	FC	00	01	00	00	00
7157	8	FC	00	01	00	00	00
7158	8	FC	00	01	00	00	00
7159	8	FC	00	01	00	00	00
7160	3	FC	00	01	00	00	00
7161	3	FC	00	01	00	00	00
7162	8	FC	00	01	00	00	00
7163	8	FC	00	01	00	00	00
7164	8	FC	00	01	00	00	00
7165	8	FC	00	01	00	00	00
7166	3	FC	00	01	00	00	00
7167	3	FC	00	01	00	00	00
7168	8	FC	00	01	00	00	00
7169	8	FC	00	01	00	00	00
7170	8	FC	00	01	00	00	00
7171	8	FC	00	01	00	00	00
7172	3	FC	00	01	00	00	00
7173	3	FC	00	01	00	00	00
7174	3	FC	00	01	00	00	00
7175	3	FC	00	01	00	00	00
7176	0	FC	00	01	00	00	00
7177	0	FC	00	01	00	00	00
7178	0	FC	00	01	00	00	00
7179	0	FC	00	01	00	00	00
7180	0	FC	00	01	00	00	00
7181	0	FC	00	01	00	00	00
7182	0	FC	00	01	00	00	00
7183	0	FC	00	01	00	00	00
7184	0	FC	00	01	00	00	00
7185	0	FC	00	01	00	00	00
7186	0	FC	00	01	00	00	00
7187	0	FC	00	01	00	00	00
7188	0	FC	00	01	00	00	00
7189	0	FC	00	01	00	00	00
7190	0	FC	00	01	00	00	00
7191	0	FC	00	01	00	00	00
7192	0	FC	00	01	00	00	00
7193	0	FC	00	01	00	00	00
7194	0	FC	00	01	00	00	00
7195	0	FC	00	01	00	00	00
7196	0	FC	00	01	00	00	00
7197	0	FC	00	01	00	00	00
7198	0	FC	00	01	00	00	00
7199	0	FC	00	01	00	00	00
7200	0	FC	00	01	00	00	00
7201	0	FC	00	01	00	00	00
7202	0	FC	00	01	00	00	00
7203	0	FC	00	01	00	00	00
7204	0	FC	00	01	00	00	00
7205	0	FC	00	01	00	00	00
7206	0	FC	00	01	00	00	00
7207	0	FC	00	01	00	00	00
7208	0	FC	00	01	00	00	00
7209	0	FC	00	01	00	00	00
7210	0	FC	00	01	00	00	00
7211	0	FC	00	01	00	00	00
7212	0	FC	00	01	00	00	00
7213	0	FC	00	01	00	00	00
7214	0	FC	00	01	00	00	00
7215	0	FC	00	01	00	00	00
7216	0	FC	00	01	00	00	00
7217	0	FC	00	01	00	00	00
7218	0	FC	00	01	00	00	00
7219	0	FC	00	01	00	00	00
7220	0	FC	00	01	00	00	00
7221	0	FC	00	01	00	00	00
7222	0	FC	00	01	00	00	00
7223	0	FC	00	01	00	00	00
7224	0	FC	00	01	00	00	00
7225	0	FC	00	01	00	00	00
7226	0	FC	00	01	00	00	00
7227	0	FC	00	01	00	00	00
7228	0	FC	00	01	00	00	00
7229	0	FC	00	01	00	00	00
7230	0	FC	00	01	00	00	00
7231	0	FC	00	01	00	00	00
7232	0	FC	00	01	00	00	00
7233	0	FC	00	01	00	00	00
7234	0	FC	00	01	00	00	00
7235	0	FC	00	01	00	00	00
7236	0	FC	00	01	00	00	00
7237	0	FC	00	01	00	00	00
7238	0	FC	00	01	00	00	00
7239	0	FC	00	01	00	00	00
7240	0	FC	00	01	00	00	00
7241	0	FC	00	01	00	00	00
7242	0	FC	00	01	00	00	00
7243	0	FC	00	01	00	00	00
7244	0	FC	00	01	00	00	00
7245	0	FC	00	01	00	00	00
7246	0	FC	00	01	00	00	00
7247	0	FC	00	01	00	00	00
7248	0	FC	00	01	00	00	00
7249	0	FC	00	01	00	00	00
7250	0	FC	00	01	00	00	00
7251	0	FC	00	01	00	00	00
7252	0	FC	00	01	00	00	00
7253	0	FC	00	01	00	00	00
7254	0	FC	00	01	00	00	00
7255	0	FC	00	01	00	00	00
7256	0	FC	00	01	00	00	00
7257	0	FC	00	01	00	00	00
7258	0	FC	00	01	00	00	00
7259	0	FC	00	01	00	00	00
7260	0	FC	00	01	00	00	00
7261	0	FC	00	01	00	00	00
7262	0	FC	00	01	00	00	00
7263	0	FC	00	01	00	00	00
7264	0	FC	00	01	00	00	00
7265	0	FC	00	01	00	00	00
7266	0	FC	00	01	00	00	00
7267	0	FC	00	01	00	00	00
7268	0	FC	00	01	00	00	00
7269	0	FC	00	01	00	00	00
7270	0	FC	00	01	00	00	00
7271	0	FC	00	01	00	00	00
7272	0	FC	00	01	00	00	00
7273	0	FC	00	01	00	00	00
7274	0	FC	00	01	00	00	00
7275	0	FC	00	01	00	00	00
7276	0	FC	00	01	00	00	00
7277	0	FC	00	01	00	00	00
7278	0	FC	00	01	00	00	00
7279	0	FC	00	01	00	00	00
7280	0	FC	00	01	00	00	00
7281	0	FC	00	01	00	00	00
7282	0	FC	00	01	00	00	00
7283	0	FC	00	01	00	00	00
7284	0	FC	00	01	00	00	00
7285	0	FC	00	01	00	00	00
7286	0	FC	00	01	00	00	00
7287	0	FC	00	01	00	00	00
7288	0	FC	00	01	00	00	00
7289	0	FC	00	01	00	00	00
7290	0	FC	00	01	00	00	00
7291	0	FC	00	01	00	00	00
7292	0	FC	00	01	00	00	00
7293	0	FC	00	01	00	00	00
7294	0	FC	00	01	00	00	00
7295	0	FC	00	01	00	00	00
7296	0	FC	00	01	00	00	00
7297	0	FC	00	01	00	00	00
7298	0	FC	00	01	00	00	00
7299	0	FC	00	01	00	00	00
7300	0	FC	00	01	00	00	00
7301	0	FC	00	01	00	00	00
7302	0	FC	00	01	00	00	00
7303	0	FC	00	01	00	00	00
7304	0	FC	00	01	00	00	00
7305	0	FC	00	01	00	00	00
7306	0	FC	00	01	00	00	00
7307	0	FC	00	01	00	00	00
7308	0	FC	00	01	00	00	00
7309	0	FC	00	01	00	00	00
7310	0	FC	00	01	00	00	00
7311	0	FC	00	01	00	00	00
7312	0	FC	00	01	00	00	00
7313	0	FC	00	01	00	00	00
7314	0	FC	00	01	00	00	00
7315	0	FC	00	01	00	00	00
7316	0	FC	00	01	00	00	00
7317	0	FC	00	01	00	00	00
7318	0	FC	00	01	00	00	00
7319	0	FC	00	01	00	00	00
7320	0	FC	00	01	00	00	00
7321	0	FC	00	01	00	00	00
7322	0	FC	00	01	00	00	00
7323	0	FC	00	01	00	00	00
7324	0	FC	00	01	00	00	00
7325	0	FC	00	01	00	00	00
7326	0	FC	00	01	00	00	00
7327	0	FC	00	01	00	00	00
7328	0	FC	00	01	00	00	00
7329	0	FC	00	01	00	00	00
7330	0	FC	00	01	00	00	00
7331	0	FC	00	01	00	00	00
7332	0	FC	00	01	00	00	00
7333	0	FC	00	01	00	00	00
7334	0	FC	00	01	00	00	00
7335	0	FC	00	01	00	00	00
7336	0	FC	00	01	00	00	00
7337	0	FC	00	01	00	00	00
7338	0	FC	00	01	00	00	00
7339	0	FC	00	01	00	00	00
7340	0	FC	00	01	00	00	00
7341	0	FC	00	01	00	00	00
7342	0	FC	00	01	00	00	00
7343	0	FC	00	01	00	00	00
7344	0	FC	00	01	00	00	00
7345	0	FC	00	01	00	00	00
7346	0	FC	00	01	00	00	00
7347	0	FC	00	01	00	00	00
7348	0	FC	00	01	00	00	00
7349	0	FC	00	01	00	00	00
7350	0	FC	00	01	00	00	00
7351	0	FC	00	01	00	00	00
7352	0	FC	00	01	00	00	00
7353	0	FC	00	01	00	00	00
7354	0	FC	00	01	00	00	00
7355	0	FC	00	01	00	00	00
7356	0	FC	00	01	00	00	00
7357	0	FC	00	01	00	00	00
7358	0	FC	00	01	00	00	00
7359	0	FC	00	01	00	00	00
7360	0	FC	00	01	00	00	00
7361	0	FC	00	01	00	00	00
7362	0	FC	00	01	00	00	00
7363	0	FC	00	01	00	00	00
7364	0	FC	00	01	00	00	00
7365	0	FC	00	01	00	00	00
7366	0	FC	00	01	00	00	00
7367	0	FC	00	01	00	00	00
7368	0	FC	00	01	00	00	00
7369	0	FC	00	01	00	00	00
7370	0	FC	00	01	00	00	00
7371	0	FC	00	01	00	00	00
7372	0	FC	00	01	00	00	00
7373	0	FC	00	01	00	00	00
7374	0	FC	00	01	00	00	00
7375	0	FC	00	01	00	00	00
7376	0	FC	00	01	00	00	00
7377	0	FC	00	01	00	00	00
7378	0	FC	00	01	00	00	00
7379	0	FC	00	01	00	00	00
7380	0	FC	00	01	00	00	00
7381	0	FC	00	01	00	00	00
7382	0	FC	00	01	00	00	00
7383	0	FC	00	01	00	00	00
7384	0	FC	00	01	00	00	00
7385	0	FC	00	01	00	00	00
7386	0	FC	00	01	00	00	00
7387	0	FC	00	01	00	00	00
7388	0	FC	00	01	00	00	00
7389	0	FC	00	01	00	00	00
7390	0	FC	00	01	00	00	00
7391	0	FC	00	01	00	00	00
7392	0	FC	00	01	00	00	00
7393	0	08	00	01	00	00	00
7394	0	08	00	01	00	00	00
7395	0	08	00	01	00	00	00
7396	0	08	00	01	00	00	00
7397	0	08	00	01	00	00	00
7398	0	08	00	01	00	00	00
7399	0	08	00	01	00	00	00
7400	0	08	00	01	00	00	00
7401	0	08	00	01	00	00	00
7402	0	08	00	01	00	00	00
7403	0	08	00	01	00	00	00
7404	0	08	00	01	00	00	00
7405	0	08	00	01	00	00	00
7406	0	08	00	01	00	00	00
7407	0	08	00	01	00	00	00
7408	0	08	00	01	00	00	00
7409	0	08	00	01	00	00	00
7410	0	08	00	01	00	00	00
7411	0	08	00	01	00	00	00
7412	0	08	00	01	00	00	00
7413	0	08	00	01	00	00	00
7414	0	08	00	01	00	00	00
7415	0	08	00	01	00	00	00
7416	0	08	00	01	00	00	00
7417	0	08	00	01	00	00	00
7418	0	08	00	01	00	00	00
7419	0	08	00	01	00	00	00
7420	0	08	00	01	00	00	00
7421	0	08	00	01	00	00	00
7422	0	08	00	01	00	00	00
7423	0	08	00	01	00	00	00
7424	0	08	00	01	00	00	00
7425	0	08	00	01	00	00	00
7426	0	08	00	01	00	00	00
7427	0	08	00	01	00	00	00
7428	0	08	00	01	00	00	00
7429	0	08	00	01	00	00	00
7430	0	08	00	01	00	00	00
7431	0	08	00	01	00	00	00
7432	0	08	00	01	00	00	00
7433	0	08	00	01	00	00	00
7434	0	08	00	01	00	00	00
7435	0	08	00	01	00	00	00
7436	0	08	00	01	00	00	00
7437	0	08	00	01	00	00	00
7438	0	08	00	01	00	00	00
7439	0	08	00	01	00	00	00
7440	0	08	00	01	00	00	00
7441	0	08	00	01	00	00	00
7442	0	08	00	01	00	00	00
7443	0	08	00	01	00	00	00
7444	0	08	00	01	00	00	00
7445	0	08	00	01	00	00	00
7446	0	08	00	01	00	00	00
7447	0	08	00	01	00	00	00
7448	0	08	00	01	00	00	00
7449	0	08	00	01	00	00	00
7450	0	08	00	01	00	00	00
7451	0	08	00	01	00	00	00
7452	0	08	00	01	00	00	00
7453	0	08	00	01	00	00	00
7454	0	08	00	01	00	00	00
7455	0	08	00	01	00	00	00
7456	0	08	00	01	00	00	00
7457	0	08	00	01	00	00	00
7458	0	08	00	01	00	00	00
7459	0	08	00	01	00	00	00
7460	0	08	00	01	00	00	00
7461	0	08	00	01	00	00	00
7462	0	08	00	01	00	00	00
7463	0	08	00	01	00	00	00
7464	0	08	00	01	00	00	00
7465	0	08	00	01	00	00	00
7466	0	08	00	01	00	00	00
7467	0	08	00	01	00	00	00
7468	0	08	00	01	00	00	00
7469	0	08	00	01	00	00	00
7470	0	08	00	01	00	00	00
7471	0	08	00	01	00	00	00
7472	0	08	00	01	00	00	00
7473	0	08	00	01	00	00	00
7474	0	08	00	01	00	00	00
7475	0	08	00	01	00	00	00
7476	0	08	00	01	00	00	00
7477	0	08	00	01	00	00	00
7478	0	08	00	01	00	00	00
7479	0	08	00	01	00	00	00
7480	0	08	00	01	00	00	00
7481	0	08	00	01	00	00	00
7482	0	08	00	01	00	00	00
7483	0	08	00	01	00	00	00
7484	0	08	00	01	00	00	00
7485	0	08	00	01	00	00	00
7486	0	08	00	01	00	00	00
7487	0	08	00	01	00	00	00
7488	0	08	00	01	00	00	00
7489	0	08	00	01	00	00	00
7490	0	08	00	01	00	00	00
7491	0	08	00	01	00	00	00
7492	0	08	00	01	00	00	00
7493	0	08	00	01	00	00	00
7494	0	FC	00	01	00	00	00
7495	0	FC	00	01	00	00	00
7496	0	FC	00	01	00	00	00
7497	0	FC	00	01	00	00	00
7498	0	FC	00	01	00	00	00
7499	0	FC	00	01	00	00	00
7500	0	FC	00	01	00	00	00
7501	0	FC	00	01	00	00	00
7502	0	FC	00	01	00	00	00
7503	0	FC	00	01	00	00	00
7504	0	FC	00	01	00	00	00
7505	0	FC	00	01	00	00	00
7506	0	FC	00	01	00	00	00
7507	0	FC	00	01	00	00	00
7508	0	FC	00	01	00	00	00
7509	0	FC	00	01	00	00	00
7510	0	FC	00	01	00	00	00
7511	0	FC	00	01	00	00	00
7512	0	FC	00	01	00	00	00
7513	0	FC	00	01	00	00	00
7514	0	FC	00	01	00	00	00
7515	0	FC	00	01	00	00	00
7516	0	FC	00	01	00	00	00
7517	0	FC	00	01	00	00	00
7518	0	FC	00	01	00	00	00
7519	0	FC	00	01	00	00	00
7520	0	FC	00	01	00	00	00
7521	0	FC	00	01	00	00	00
7522	0	FC	00	01	00	00	00
7523	0	FC	00	01	00	00	00
7524	0	FC	00	01	00	00	00
7525	0	FC	00	01	00	00	00
7526	0	FC	00	01	00	00	00
7527	0	FC	00	01	00	00	00
7528	0	FC	00	01	00	00	00
7529	0	FC	00	01	00	00	00
7530	0	FC	00	01	00	00	00
7531	0	FC	00	01	00	00	00
7532	0	FC	00	01	00	00	00
7533	0	FC	00	01	00	00	00
7534	0	FC	00	01	00	00	00
7535	0	FC	00	01	00	00	00
7536	0	FC	00	01	00	00	00
7537	0	FC	00	01	00	00	00
7538	0	FC	00	01	00	00	00
7539	0	FC	00	01	00	00	00
7540	0	FC	00	01	00	00	00
7541	0	FC	00	01	00	00	00
7542	0	FC	00	01	00	00	00
7543	0	FC	00	01	00	00	00
7544	0	FC	00	01	00	00	00
7545	0	FC	00	01	00	00	00
7546	0	FC	00	01	00	00	00
7547	0	FC	00	01	00	00	00
7548	0	FC	00	01	00	00	00
7549	0	FC	00	01	00	00	00
7550	0	FC	00	01	00	00	00
7551	0	FC	00	01	00	00	00
7552	0	FC	00	01	00	00	00
7553	0	FC	00	01	00	00	00
7554	0	FC	00	01	00	00	00
7555	0	FC	00	01	00	00	00
7556	0	FC	00	01	00	00	00
7557	0	FC	00	01	00	00	00
7558	0	FC	00	01	00	00	00
7559	0	FC	00	01	00	00	00
7560	0	FC	00	01	00	00	00
7561	0	FC	00	01	00	00	00
7562	0	FC	00	01	00	00	00
7563	0	FC	00	01	00	00	00
7564	0	FC	00	01	00	00	00
7565	0	FC	00	01	00	00	00
7566	0	FC	00	01	00	00	00
7567	0	FC	00	01	00	00	00
7568	0	FC	00	01	00	00	00
7569	0	FC	00	01	00	00	00
7570	0	FC	00	01	00	00	00
7571	0	FC	00	01	00	00	00
7572	0	FC	00	01	00	00	00
7573	0	FC	00	01	00	00	00
7574	0	FC	00	01	00	00	00
7575	0	FC	00	01	00	00	00
7576	0	FC	00	01	00	00	00
7577	0	FC	00	01	00	00	00
7578	0	FC	00	01	00	00	00
7579	0	FC	00	01	00	00	00
7580	0	FC	00	01	00	00	00
7581	0	FC	00	01	00	00	00
7582	0	FC	00	01	00	00	00
7583	0	FC	00	01	00	00	00
7584	0	FC	00	01	00	00	00
7585	0	FC	00	01	00	00	00
7586	0	FC	00	01	00	00	00
7587	0	FC	00	01	00	00	00
7588	0	FC	00	01	00	00	00
7589	0	FC	00	01	00	00	00
7590	0	FC	00	01	00	00	00
7591	0	FC	00	01	00	00	00
7592	0	FC	00	01	00	00	00
7593	0	FC	00	01	00	00	00
7594	0	FC	00	01	00	00	00
7595	0	FC	00	01	00	00	00
7596	0	FC	00	01	00	00	00
7597	0	FC	00	01	00	00	00
7598	0	FC	00	01	00	00	00
7599	0	FC	00	01	00	00	00
7600	0	FC	00	01	00	00	00
7601	0	FC	00	01	00	00	00
7602	0	FC	00	01	00	00	00
7603	0	FC	00	01	00	00	00
7604	0	FC	00	01	00	00	00
7605	0	FC	00	01	00	00	00
7606	0	FC	00	01	00	00	00
7607	0	FC	00	01	00	00	00
7608	0	FC	00	01	00	00	00
7609	0	FC	00	01	00	00	00
7610	0	FC	00	01	00	00	00
7611	0	FC	00	01	00	00	00
7612	0	FC	00	01	00	00	00
7613	0	FC	00	01	00	00	00
7614	0	FC	00	01	00	00	00
7615	0	FC	00	01	00	00	00
7616	0	FC	00	01	00	00	00
7617	0	FC	00	01	00	00	00
7618	0	FC	00	01	00	00	00
7619	0	FC	00	01	00	00	00
7620	0	FC	00	01	00	00	00
7621	0	FC	00	01	00	00	00
7622	0	FC	00	01	00	00	00
7623	0	FC	00	01	00	00	00
7624	0	FC	00	01	00	00	00
7625	0	FC	00	01	00	00	00
7626	0	FC	00	01	00	00	00
7627	0	FC	00	01	00	00	00
7628	0	FC	00	01	00	00	00
7629	0	FC	00	01	00	00	00
7630	0	FC	00	01	00	00	00
7631	0	FC	00	01	00	00	00
7632	0	FC	00	01	00	00	00
7633	0	FC	00	01	00	00	00
7634	0	FC	00	01	00	00	00
7635	0	FC	00	01	00	00	00
7636	0	FC	00	01	00	00	00
7637	0	FC	00	01	00	00	00
7638	0	FC	00	01	00	00	00
7639	0	FC	00	01	00	00	00
7640	0	FC	00	01	00	00	00
7641	0	FC	00	01	00	00	00
7642	0	FC	00	01	00	00	00
7643	0	FC	00	01	00	00	00
7644	0	FC	00	01	00	00	00
7645	0	FC	00	01	00	00	00
7646	0	FC	00	01	00	00	00
7647	0	FC	00	01	00	00	00
7648	0	FC	00	01	00	00	00
7649	0	FC	00	01	00	00	00
7650	0	FC	00	01	00	00	00
7651	0	FC	00	01	00	00	00
7652	0	FC	00	01	00	00	00
7653	0	FC	00	01	00	00	00
7654	0	FC	00	01	00	00	00
7655	0	FC	00	01	00	00	00
7656	0	FC	00	01	00	00	00
7657	0	FC	00	01	00	00	00
7658	0	FC	00	01	00	00	00
7659	0	FC	00	01	00	00	00
7660	0	FC	00	01	00	00	00
7661	0	FC	00	01	00	00	00
7662	0	FC	00	01	00	00	00
7663	0	FC	00	01	00	00	00
7664	0	FC	00	01	00	00	00
7665	0	FC	00	01	00	00	00
7666	0	FC	00	01	00	00	00
7667	0	FC	00	01	00	00	00
7668	0	FC	00	01	00	00	00
7669	0	FC	00	01	00	00	00
7670	0	FC	00	01	00	00	00
7671	0	FC	00	01	00	00	00
7672	0	FC	00	01	00	00	00
7673	0	FC	00	01	00	00	00
7674	0	FC	00	01	00	00	00
7675	0	FC	00	01	00	00	00
7676	0	FC	00	01	00	00	00
7677	0	FC	00	01	00	00	00
7678	0	FC	00	01	00	00	00
7679	0	FC	00	01	00	00	00
7680	0	FC	00	01	00	00	00
7681	0	FC	00	01	00	00	00
7682	0	FC	00	01	00	00	00
7683	0	FC	00	01	00	00	00
7684	0	FC	00	01	00	00	00
7685	0	FC	00	01	00	00	00
7686	0	FC	00	01	00	00	00
7687	0	FC	00	01	00	00	00
7688	0	FC	00	01	00	00	00
7689	0	FC	00	01	00	00	00
7690	0	FC	00	01	00	00	00
7691	0	FC	00	01	00	00	00
7692	0	FC	00	01	00	00	00
7693	0	FC	00	01	00	00	00
7694	0	FC	00	01	00	00	00
7695	0	FC	00	01	00	00	00
7696	0	FC	00	01	00	00	00
7697	0	FC	00	01	00	00	00
7698	0	FC	00	01	00	00	00
7699	0	FC	00	01	00	00	00
7700	0	FC	00	01	00	00	00
7701	0	FC	00	01	00	00	00
7702	0	FC	00	01	00	00	00
7703	0	FC	00	01	00	00	00
7704	0	FC	00	01	00	00	00
7705	0	FC	00	01	00	00	00
7706	0	FC	00	01	00	00	00
7707	0	FC	00	01	00	00	00
7708	0	FC	00	01	00	00	00
7709	0	FC	00	01	00	00	00
7710	0	FC	00	01	00	00	00
7711	0	FC	00	01	00	00	00
7712	0	FC	00	01	00	00	00
7713	0	FC	00	01	00	00	00
7714	0	FC	00	01	00	00	00
7715	0	FC	00	01	00	00	00
7716	0	FC	00	01	00	00	00
7717	0	FC	00	01	00	00	00
7718	0	FC	00	01	00	00	00
7719	0	FC	00	01	00	00	00
7720	0	FC	00	01	00	00	00
7721	0	FC	00	01	00	00	00
7722	0	FC	00	01	00	00	00
7723	0	FC	00	01	00	00	00
7724	0	FC	00	01	00	00	00
7725	0	FC	00	01	00	00	00
7726	0	FC	00	01	00	00	00
7727	0	FC	00	01	00	00	00
7728	0	FC	00	01	00	00	00
7729	0	FC	00	01	00	00	00
7730	0	FC	00	01	00	00	00
7731	0	FC	00	01	00	00	00
7732	0	FC	00	01	00	00	00
7733	0	FC	00	01	00	00	00
7734	0	FC	00	01	00	00	00
7735	0	FC	00	01	00	00	00
7736	0	FC	00	01	00	00	00
7737	0	FC	00	01	00	00	00
7738	0	FC	00	01	00	00	00
7739	0	FC	00	01	00	00	00
7740	0	FC	00	01	00	00	00
7741	0	FC	00	01	00	00	00
7742	0	FC	00	01	00	00	00
7743	0	FC	00	01	00	00	00
7744	0	FC	00	01	00	00	00
7745	0	FC	00	01	00	00	00
7746	0	FC	00	01	00	00	00
7747	0	FC	00	01	00	00	00
7748	0	FC	00	01	00	00	00
7749	0	FC	00	01	00	00	00
7750	0	FC	00	01	00	00	00
7751	0	FC	00	01	00	00	00
7752	0	FC	00	01	00	00	00
7753	0	FC	00	01	00	00	00
7754	0	FC	00	01	00	00	00
7755	0	FC	00	01	00	00	00
7756	0	FC	00	01	00	00	00
7757	0	FC	00	01	00	00	00
7758	0	FC	00	01	00	00	00
7759	0	FC	00	01	00	00	00
7760	0	FC	00	01	00	00	00
7761	0	FC	00	01	00	00	00
7762	0	FC	00	01	00	00	00
7763	0	FC	00	01	00	00	00
7764	0	FC	00	01	00	00	00
7765	0	FC	00	01	00	00	00
7766	0	FC	00	01	00	00	00
7767	0	FC	00	01	00	00	00
7768	0	FC	00	01	00	00	00
7769	0	FC	00	01	00	00	00
7770	0	FC	00	01	00	00	00
7771	0	FC	00	01	00	00	00
7772	0	FC	00	01	00	00	00
7773	0	FC	00	01	00	00	00
7774	0	FC	00	01	00	00	00
7775	0	FC	00	01	00	00	00
7776	0	FC	00	01	00	00	00
7777	0	FC	00	01	00	00	00
7778	0	FC	00	01	00	00	00
7779	0	FC	00	01	00	00	00
7780	0	FC	00	01	00	00	00
7781	0	FC	00	01	00	00	00
7782	0	FC	00	01	00	00	00
7783	0	FC	00	01	00	00	00
7784	0	FC	00	01	00	00	00
7785	0	FC	00	01	00	00	00
7786	0	FC	00	01	00	00	00
7787	0	FC	00	01	00	00	00
7788	0	FC	00	01	00	00	00
7789	0	FC	00	01	00	00	00
7790	0	FC	00	01	00	00	00
7791	0	FC	00	01	00	00	00
7792	0	FC	00	01	00	00	00
7793	0	FC	00	01	00	00	00
7794	0	FC	00	01	00	00	00
7795	0	FC	00	01	00	00	00
7796	0	FC	00	01	00	00	00
7797	0	FC	00	01	00	00	00
7798	0	FC	00	01	00	00	00
7799	0	FC	00	01	00	00	00
7800	0	FC	00	01	00	00	00
7801	0	FC	00	01	00	00	00
7802	0	FC	00	01	00	00	00
7803	0	FC	00	01	00	00	00
7804	0	FC	00	01	00	00	00
7805	0	FC	00	01	00	00	00
7806	0	FC	00	01	00	00	00
7807	0	FC	00	01	00	00	00
7808	0	FC	00	01	00	00	00
7809	0	FC	00	01	00	00	00
7810	0	FC	00	01	00	00	00
7811	0	FC	00	01	00	00	00
7812	0	FC	00	01	00	00	00
7813	0	FC	00	01	00	00	00
7814	0	FC	00	01	00	00	00
7815	0	FC	00	01	00	00	00
7816	0	FC	00	01	00	00	00
7817	0	FC	00	01	00	00	00
7818	0	FC	00	01	00	00	00
7819	0	FC	00	01	00	00	00
7820	0	FC	00	01	00	00	00
7821	0	FC	00	01	00	00	00
7822	0	FC	00	01	00	00	00
7823	0	FC	00	01	00	00	00
7824	0	FC	00	01	00	00	00
7825	0	FC	00	01	00	00	00
7826	0	FC	00	01	00	00	00
7827	0	FC	00	01	00	00	00
7828	0	FC	00	01	00	00	00
7829	0	FC	00	01	00	00	00
7830	0	FC	00	01	00	00	00
7831	0	FC	00	01	00	00	00
7832	0	FC	00	01	00	00	00
7833	0	FC	00	01	00	00	00
7834	0	FC	00	01	00	00	00
7835	0	FC	00	01	00	00	00
7836	0	FC	00	01	00	00	00
7837	0	FC	00	01	00	00	00
7838	0	FC	00	01	00	00	00
7839	0	FC	00	01	00	00	00
7840	0	FC	00	01	00	00	00
7841	0	FC	00	01	00	00	00
7842	0	FC	00	01	00	00	00
7843	0	FC	00	01	00	00	00
7844	0	FC	00	01	00	00	00
7845	0	FC	00	01	00	00	00
7846	0	FC	00	01	00	00	00
7847	0	FC	00	01	00	00	00
7848	0	FC	00	01	00	00	00
7849	0	FC	00	01	00	00	00
7850	0	FC	00	01	00	00	00
7851	0	FC	00	01	00	00	00
7852	0	FC	00	01	00	00	00
7853	0	FC	00	01	00	00	00
7854	0	FC	00	01	00	00	00
7855	0	FC	00	01	00	00	00
7856	0	FC	00	01	00	00	00
7857	0	FC	00	01	00	00	00
7858	0	FC	00	01	00	00	00
7859	0	FC	00	01	00	00	00
7860	0	FC	00	01	00	00	00
7861	0	FC	00	01	00	00	00
7862	0	FC	00	01	00	00	00
7863	0	FC	00	01	00	00	00
7864	0	FC	00	01	00	00	00
7865	0	FC	00	01	00	00	00
7866	0	FC	00	01	00	00	00
7867	0	FC	00	01	00	00	00
7868	0	FC	00	01	00	00	00
7869	0	FC	00	01	00	00	00
7870	0	FC	00	01	00	00	00
7871	0	FC	00	01	00	00	00
7872	0	FC	00	01	00	00	00
7873	0	FC	00	01	00	00	00
7874	0	FC	00	01	00	00	00
7875	0	FC	00	01	00	00	00
7876	0	FC	00	01	00	00	00
7877	0	FC	00	01	00	00	00
7878	0	FC	00	01	00	00	00
7879	0	FC	00	01	00	00	00
7880	0	FC	00	01	00	00	00
7881	0	FC	00	01	00	00	00
7882	0	FC	00	01	00	00	00
7883	0	FC	00	01	00	00	00
7884	0	FC	00	01	00	00	00
7885	0	FC	00	01	00	00	00
7886	0	FC	00	01	00	00	00
7887	0	FC	00	01	00	00	00
7888	0	FC	00	01	00	00	00
7889	0	FC	00	01	00	00	00
7890	0	FC	00	01	00	00	00
7891	0	FC	00	01	00	00	00
7892	0	FC	00	01	00	00	00
7893	0	FC	00	01	00	00	00
7894	0	FC	00	01	00	00	00
7895	0	FC	00	01	00	00	00
7896	0	FC	00	01	00	00	00
7897	0	FC	00	01	00	00	00
7898	0	FC	00	01	00	00	00
7899	0	FC	00	01	00	00	00
7900	0	FC	00	01	00	00	00
7901	0	FC	00	01	00	00	00
7902	0	FC	00	01	00	00	00
7903	0	FC	00	01	00	00	00
7904	0	FC	00	01	00	00	00
7905	0	FC	00	01	00	00	00
7906	0	FC	00	01	00	00	00
7907	0	FC	00	01	00	00	00
7908	0	FC	00	01	00	00	00
7909	0	FC	00	01	00	00	00
7910	0	FC	00	01	00	00	00
7911	0	FC	00	01	00	00	00
7912	0	FC	00	01	00	00	00
7913	0	FC	00	01	00	00	00
7914	0	FC	00	01	00	00	00
7915	0	FC	00	01	00	00	00
7916	0	FC	00	01	00	00	00
7917	0	FC	00	01	00	00	00
7918	0	FC	00	01	00	00	00
7919	0	FC	00	01	00	00	00
7920	0	FC	00	01	00	00	00
7921	0	FC	00	01	00	00	00
7922	0	FC	00	01	00	00	00
7923	0	FC	00	01	00	00	00
7924	0	FC	00	01	00	00	00
7925	0	FC	00	01	00	00	00
7926	0	FC	00	01	00	00	00
7927	0	FC	00	01	00	00	00
7928	0	FC	00	01	00	00	00
7929	0	FC	00	01	00	00	00
7930	0	FC	00	01	00	00	00
7931	0	FC	00	01	00	00	00
7932	0	FC	00	01	00	00	00
7933	0	FC	00	01	00	00	00
7934	0	FC	00	01	00	00	00
7935	0	FC	00	01	00	00	00
7936	0	FC	00	01	00	00	00
7937	0	FC	00	01	00	00	00
7938	0	FC	00	01	00	00	00
7939	0	FC	00	01	00	00	00
7940	0	FC	00	01	00	00	00
7941	0	FC	00	01	00	00	00
7942	0	FC	00	01	00	00	00
7943	0	FC	00	01	00	00	00
7944	0	FC	00	01	00	00	00
7945	0	FC	00	01	00	00	00
7946	0	FC	00	01	00	00	00
7947	0	FC	00	01	00	00	00
7948	0	FC	00	01	00	00	00
7949	0	FC	00	01	00	00	00
7950	0	FC	00	01	00	00	00
7951	0	FC	00	01	00	00	00
7952	0	FC	00	01	00	00	00
7953	0	FC	00	01	00	00	00
7954	0	FC	00	01	00	00	00
7955	0	FC	00	01	00	00	00
7956	0	FC	00	01	00	00	00
7957	0	FC	00	01	00	00	00
7958	0	FC	00	01	00	00	00
7959	0	FC	00	01	00	00	00
7960	0	FC	00	01	00	00	00
7961	0	FC	00	01	00	00	00
7962	0	FC	00	01	00	00	00
7963	0	FC	00	01	00	00	00
7964	0	FC	00	01	00	00	00
7965	0	FC	00	01	00	00	00
7966	0	FC	00	01	00	00	00
7967	0	FC	00	01	00	00	00
7968	0	FC	00	01	00	00	00
7969	0	FC	00	01	00	00	00
7970	0	FC	00	01	00	00	00
7971	0	FC	00	01	00	00	00
7972	0	FC	00	01	00	00	00
7973	0	FC	00	01	00	00	00
7974	0	FC	00	01	00	00	00
7975	0	FC	00	01	00	00	00
7976	0	FC	00	01	00	00	00
7977	0	FC	00	01	00	00	00
7978	0	FC	00	01	00	00	00
7979	0	FC	00	01	00	00	00
7980	0	FC	00	01	00	00	00
7981	0	FC	00	01	00	00	00
7982	0	FC	00	01	00	00	00
7983	0	FC	00	01	00	00	00
7984	0	FC	00	01	00	00	00
7985	0	FC	00	01	00	00	00
7986	0	FC	00	01	00	00	00
7987	0	FC	00	01	00	00	00
7988	0	FC	00	01	00	00	00
7989	0	FC	00	01	00	00	00
7990	0	FC	00	01	00	00	00
7991	0	FC	00	01	00	00	00
7992	0	FC	00	01	00	00	00
7993	0	FC	00	01	00	00	00
7994	0	FC	00	01	00	00	00
7995	0	FC	00	01	00	00	00
7996	0	FC	00	01	00	00	00
7997	0	FC	00	01	00	00	00
7998	0	FC	00	01	00	00	00
7999	0	FC	00	01	00	00	00
8000	0	FC	00	01	00	00	00
8001	0	FC	00	01	00	00	00
8002	0	FC	00	01	00	00	00
8003	0	FC	00	01	00	00	00
8004	0	FC	00	01	00	00	00
8005	0	FC	00	01	00	00	00
8006	0	FC	00	01	00	00	00
8007	0	FC	00	01	00	00	00
8008	0	FC	00	01	00	00	00
8009	0	FC	00	01	00	00	00
8010	0	FC	00	01	00	00	00
8011	0	FC	00	01	00	00	00
8012	0	FC	00	01	00	00	00
8013	0	FC	00	01	00	00	00
8014	0	FC	00	01	00	00	00
8015	0	FC	00	01	00	00	00
8016	0	FC	00	01	00	00	00
8017	0	FC	00	01	00	00	00
8018	0	FC	00	01	00	00	00
8019	0	FC	00	01	00	00	00
8020	0	FC	00	01	00	00	00
8021	0	FC	00	01	00	00	00
8022	0	08	00	01	00	00	00
8023	0	08	00	01	00	00	00
8024	0	08	00	01	00	00	00
8025	0	08	00	01	00	00	00
8026	0	08	00	01	00	00	00
8027	0	08	00	01	00	00	00
8028	0	08	00	01	00	00	00
8029	0	08	00	01	00	00	00
8030	0	08	00	01	00	00	00
8031	0	08	00	01	00	00	00
8032	0	08	00	01	00	00	00
8033	0	08	00	01	00	00	00
8034	0	08	00	01	00	00	00
8035	0	08	00	01	00	00	00
8036	0	08	00	01	00	00	00
8037	0	08	00	01	00	00	00
8038	0	08	00	01	00	00	00
8039	0	08	00	01	00	00	00
8040	0	08	00	01	00	00	00
8041	0	08	00	01	00	00	00
8042	0	08	00	01	00	00	00
8043	0	08	00	01	00	00	00
8044	0	08	00	01	00	00	00
8045	0	08	00	01	00	00	00
8046	0	08	00	01	00	00	00
8047	0	08	00	01	00	00	00
8048	0	08	00	01	00	00	00
8049	0	08	00	01	00	00	00
8050	0	08	00	01	00	00	00
8051	0	08	00	01	00	00	00
8052	0	34	00	01	00	00	00
8053	0	34	00	01	00	00	00
8054	0	34	00	01	00	00	00
8055	0	34	00	01	00	00	00
8056	0	34	00	01	00	00	00
8057	0	34	00	01	00	00	00
8058	0	34	00	01	00	00	00
8059	0	34	00	01	00	00	00
8060	0	34	00	01	00	00	00
8061	0	34	00	01	00	00	00
8062	0	34	00	01	00	00	00
8063	0	34	00	01	00	00	00
8064	0	34	00	01	00	00	00
8065	0	34	00	01	00	00	00
8066	0	34	00	01	00	00	00
8067	0	34	00	01	00	00	00
8068	0	34	00	01	00	00	00
8069	0	34	00	01	00	00	00
8070	0	34	00	01	00	00	00
8071	0	34	00	01	00	00	00
8072	0	34	00	01	00	00	00
8073	0	34	00	01	00	00	00
8074	0	34	00	01	00	00	00
8075	0	34	00	01	00	00	00
8076	0	34	00	01	00	00	00
8077	0	34	00	01	00	00	00
8078	0	34	00	01	00	00	00
8079	0	34	00	01	00	00	00
8080	0	34	00	01	00	00	00
8081	0	34	00	01	00	00	00
8082	0	34	00	01	00	00	00
8083	0	34	00	01	00	00	00
8084	0	34	00	01	00	00	00
8085	0	34	00	01	00	00	00
8086	0	34	00	01	00	00	00
8087	0	34	00	01	00	00	00
8088	0	34	00	01	00	00	00
8089	0	34	00	01	00	00	00
8090	0	34	00	01	00	00	00
8091	0	34	00	01	00	00	00
8092	0	34	00	01	00	00	00
8093	0	34	00	01	00	00	00
8094	0	34	00	01	00	00	00
8095	0	34	00	01	00	00	00
8096	0	34	00	01	00	00	00
8097	0	34	00	01	00	00	00
8098	0	34	00	01	00	00	00
8099	0	34	00	01	00	00	00
8100	0	34	00	01	00	00	00
8101	0	34	00	01	00	00	00
8102	0	34	00	01	00	00	00
8103	0	34	00	01	00	00	00
8104	0	34	00	01	00	00	00
8105	0	34	00	01	00	00	00
8106	0	34	00	01	00	00	00
8107	0	34	00	01	00	00	00
8108	0	34	00	01	00	00	00
8109	0	34	00	01	00	00	00
8110	0	34	00	01	00	00	00
8111	0	34	00	01	00	00	00
8112	0	34	00	01	00	00	00
8113	0	34	00	01	00	00	00
8114	0	34	00	01	00	00	00
8115	0	34	00	01	00	00	00
8116	0	34	00	01	00	00	00
8117	0	34	00	01	00	00	00
8118	0	34	00	01	00	00	00
8119	0	08	00	01	00	00	00
8120	0	08	00	01	00	00	00
8121	0	08	00	01	00	00	00
8122	0	08	00	01	00	00	00
8123	0	08	00	01	00	00	00
8124	0	08	00	01	00	00	00
8125	0	08	00	01	00	00	00
8126	0	08	00	01	00	00	00
8127	0	08	00	01	00	00	00
8128	0	08	00	01	00	00	00
8129	0	08	00	01	00	00	00
8130	0	08	00	01	00	00	00
8131	0	08	00	01	00	00	00
8132	0	08	00	01	00	00	00
8133	0	08	00	01	00	00	00
8134	0	08	00	01	00	00	00
8135	0	08	00	01	00	00	00
8136	0	08	00	01	00	00	00
8137	0	08	00	01	00	00	00
8138	0	08	00	01	00	00	00
8139	0	08	00	01	00	00	00
8140	0	08	00	01	00	00	00
8141	0	08	00	01	00	00	00
8142	0	08	00	01	00	00	00
8143	0	08	00	01	00	00	00
8144	0	08	00	01	00	00	00
8145	0	08	00	01	00	00	00
8146	0	08	00	01	00	00	00
8147	0	08	00	01	00	00	00
8148	0	08	00	01	00	00	00
8149	0	08	00	01	00	00	00
8150	0	08	00	01	00	00	00
8151	0	08	00	01	00	00	00
8152	0	FC	00	01	00	00	00
8153	0	FC	00	01	00	00	00
8154	0	FC	00	01	00	00	00
8155	0	FC	00	01	00	00	00
8156	0	FC	00	01	00	00	00
8157	0	FC	00	01	00	00	00
8158	0	FC	00	01	00	00	00
8159	0	FC	00	01	00	00	00
8160	0	FC	00	01	00	00	00
8161	0	FC	00	01	00	00	00
8162	0	FC	00	01	00	00	00
8163	0	FC	00	01	00	00	00
8164	0	FC	00	01	00	00	00
8165	0	FC	00	01	00	00	00
8166	0	FC	00	01	00	00	00
8167	0	FC	00	01	00	00	00
8168	0	FC	00	01	00	00	00
8169	0	FC	00	01	00	00	00
8170	0	FC	00	01	00	00	00
8171	0	FC	00	01	00	00	00
8172	0	FC	00	01	00	00	00
8173	0	FC	00	01	00	00	00
8174	0	FC	00	01	00	00	00
8175	0	FC	00	01	00	00	00
8176	0	FC	00	01	00	00	00
8177	0	FC	00	01	00	00	00
8178	0	FC	00	01	00	00	00
8179	0	FC	00	01	00	00	00
8180	0	FC	00	01	00	00	00
8181	0	FC	00	01	00	00	00
8182	0	FC	00	01	00	00	00
8183	0	FC	00	01	00	00	00
8184	0	FC	00	01	00	00	00
8185	0	FC	00	01	00	00	00
8186	0	FC	00	01	00	00	00
8187	0	FC	00	01	00	00	00
8188	0	FC	00	01	00	00	00
8189	0	FC	00	01	00	00	00
8190	0	FC	00	01	00	00	00
8191	0	FC	00	01	00	00	00
8192	0	FC	00	01	00	00	00
8193	0	FC	00	01	00	00	00
8194	0	FC	00	01	00	00	00
8195	0	FC	00	01	00	00	00
8196	0	FC	00	01	00	00	00
8197	0	FC	00	01	00	00	00
8198	0	FC	00	01	00	00	00
8199	0	FC	00	01	00	00	00
8200	0	FC	00	01	00	00	00
8201	0	FC	00	01	00	00	00
8202	0	FC	00	01	00	00	00
8203	0	FC	00	01	00	00	00
8204	0	FC	00	01	00	00	00
8205	0	FC	00	01	00	00	00
8206	0	FC	00	01	00	00	00
8207	0	FC	00	01	00	00	00
8208	0	FC	00	01	00	00	00
8209	0	FC	00	01	00	00	00
8210	0	FC	00	01	00	00	00
8211	0	FC	00	01	00	00	00
8212	0	FC	00	01	00	00	00
8213	0	FC	00	01	00	00	00
8214	0	FC	00	01	00	00	00
8215	0	FC	00	01	00	00	00
8216	0	FC	00	01	00	00	00
8217	0	FC	00	01	00	00	00
8218	0	FC	00	01	00	00	00
8219	0	FC	00	01	00	00	00
8220	0	FC	00	01	00	00	00
8221	0	FC	00	01	00	00	00
8222	0	FC	00	01	00	00	00
8223	0	FC	00	01	00	00	00
8224	0	FC	00	01	00	00	00
8225	0	FC	00	01	00	00	00
8226	0	FC	00	01	00	00	00
8227	0	FC	00	01	00	00	00
8228	0	FC	00	01	00	00	00
8229	0	FC	00	01	00	00	00
8230	0	FC	00	01	00	00	00
8231	0	FC	00	01	00	00	00
8232	0	FC	00	01	00	00	00
8233	0	FC	00	01	00	00	00
8234	0	FC	00	01	00	00	00
8235	0	FC	00	01	00	00	00
8236	0	FC	00	01	00	00	00
8237	0	FC	00	01	00	00	00
8238	0	FC	00	01	00	00	00
8239	0	FC	00	01	00	00	00
8240	0	FC	00	01	00	00	00
8241	0	FC	00	01	00	00	00
8242	0	FC	00	01	00	00	00
8243	0	FC	00	01	00	00	00
8244	0	FC	00	01	00	00	00
8245	0	FC	00	01	00	00	00
8246	0	FC	00	01	00	00	00
8247	0	FC	00	01	00	00	00
8248	0	FC	00	01	00	00	00
8249	0	FC	00	01	00	00	00
8250	0	FC	00	01	00	00	00
8251	0	FC	00	01	00	00	00
8252	0	FC	00	01	00	00	00
8253	0	FC	00	01	00	00	00
8254	0	FC	00	01	00	00	00
8255	0	FC	00	01	00	00	00
8256	0	FC	00	01	00	00	00
8257	0	FC	00	01	00	00	00
8258	0	FC	00	01	00	00	00
8259	0	FC	00	01	00	00	00
8260	0	FC	00	01	00	00	00
8261	0	FC	00	01	00	00	00
8262	0	FC	00	01	00	00	00
8263	0	FC	00	01	00	00	00
8264	0	FC	00	01	00	00	00
8265	0	FC	00	01	00	00	00
8266	0	FC	00	01	00	00	00
8267	0	FC	00	01	00	00	00
8268	0	FC	00	01	00	00	00
8269	0	FC	00	01	00	00	00
8270	0	FC	00	01	00	00	00
8271	0	FC	00	01	00	00	00
8272	0	FC	00	01	00	00	00
8273	0	FC	00	01	00	00	00
8274	0	FC	00	01	00	00	00
8275	0	FC	00	01	00	00	00
8276	0	FC	00	01	00	00	00
8277	0	FC	00	01	00	00	00
8278	0	FC	00	01	00	00	00
8279	0	FC	00	01	00	00	00
8280	0	FC	00	01	00	00	00
8281	0	FC	00	01	00	00	00
8282	0	FC	00	01	00	00	00
8283	0	FC	00	01	00	00	00
8284	0	FC	00	01	00	00	00
8285	0	FC	00	01	00	00	00
8286	0	FC	00	01	00	00	00
8287	0	FC	00	01	00	00	00
8288	0	FC	00	01	00	00	00
8289	0	FC	00	01	00	00	00
8290	0	FC	00	01	00	00	00
8291	0	FC	00	01	00	00	00
8292	0	FC	00	01	00	00	00
8293	0	FC	00	01	00	00	00
8294	0	FC	00	01	00	00	00
8295	0	FC	00	01	00	00	00
8296	0	FC	00	01	00	00	00
8297	0	FC	00	01	00	00	00
8298	0	FC	00	01	00	00	00
8299	0	FC	00	01	00	00	00
8300	0	FC	00	01	00	00	00
8301	0	FC	00	01	00	00	00
8302	0	FC	00	01	00	00	00
8303	0	FC	00	01	00	00	00
8304	0	FC	00	01	00	00	00
8305	0	FC	00	01	00	00	00
8306	0	FC	00	01	00	00	00
8307	0	FC	00	01	00	00	00
8308	0	FC	00	01	00	00	00
8309	0	FC	00	01	00	00	00
8310	0	FC	00	01	00	00	00
8311	0	FC	00	01	00	00	00
8312	0	FC	00	01	00	00	00
8313	0	FC	00	01	00	00	00
8314	0	FC	00	01	00	00	00
8315	0	FC	00	01	00	00	00
8316	0	FC	00	01	00	00	00
8317	0	FC	00	01	00	00	00
8318	0	FC	00	01	00	00	00
8319	0	FC	00	01	00	00	00
8320	0	FC	00	01	00	00	00
8321	0	FC	00	01	00	00	00
8322	0	FC	00	01	00	00	00
8323	0	FC	00	01	00	00	00
8324	0	FC	00	01	00	00	00
8325	0	FC	00	01	00	00	00
8326	0	FC	00	01	00	00	00
8327	0	FC	00	01	00	00	00
8328	0	FC	00	01	00	00	00
8329	0	FC	00	01	00	00	00
8330	0	FC	00	01	00	00	00
8331	0	FC	00	01	00	00	00
8332	0	FC	00	01	00	00	00
8333	0	FC	00	01	00	00	00
8334	0	FC	00	01	00	00	00
8335	0	FC	00	01	00	00	00
8336	0	FC	00	01	00	00	00
8337	0	FC	00	01	00	00	00
8338	0	FC	00	01	00	00	00
8339	0	FC	00	01	00	00	00
8340	0	FC	00	01	00	00	00
8341	0	FC	00	01	00	00	00
8342	0	FC	00	01	00	00	00
8343	0	FC	00	01	00	00	00
8344	0	FC	00	01	00	00	00
8345	0	FC	00	01	00	00	00
8346	0	FC	00	01	00	00	00
8347	0	FC	00	01	00	00	00
8348	0	FC	00	01	00	00	00
8349	0	FC	00	01	00	00	00
8350	0	FC	00	01	00	00	00
8351	0	FC	00	01	00	00	00
8352	0	FC	00	01	00	00	00
8353	0	FC	00	01	00	00	00
8354	0	FC	00	01	00	00	00
8355	0	FC	00	01	00	00	00
8356	0	FC	00	01	00	00	00
8357	0	FC	00	01	00	00	00
8358	0	FC	00	01	00	00	00
8359	0	FC	00	01	00	00	00
8360	0	FC	00	01	00	00	00
8361	0	FC	00	01	00	00	00
8362	0	FC	00	01	00	00	00
8363	0	FC	00	01	00	00	00
8364	0	FC	00	01	00	00	00
8365	0	FC	00	01	00	00	00
8366	0	FC	00	01	00	00	00
8367	0	FC	00	01	00	00	00
8368	0	FC	00	01	00	00	00
8369	0	FC	00	01	00	00	00
8370	0	FC	00	01	00	00	00
8371	0	FC	00	01	00	00	00
8372	0	FC	00	01	00	00	00
8373	0	FC	00	01	00	00	00
8374	0	FC	00	01	00	00	00
8375	0	FC	00	01	00	00	00
8376	0	FC	00	01	00	00	00
8377	0	FC	00	01	00	00	00
8378	0	FC	00	01	00	00	00
8379	0	FC	00	01	00	00	00
8380	0	FC	00	01	00	00	00
8381	0	FC	00	01	00	00	00
8382	0	FC	00	01	00	00	00
8383	0	FC	00	01	00	00	00
8384	0	FC	00	01	00	00	00
8385	0	FC	00	01	00	00	00
8386	0	FC	00	01	00	00	00
8387	0	FC	00	01	00	00	00
8388	0	FC	00	01	00	00	00
8389	0	FC	00	01	00	00	00
8390	0	FC	00	01	00	00	00
8391	0	FC	00	01	00	00	00
8392	0	FC	00	01	00	00	00
8393	0	FC	00	01	00	00	00
8394	0	FC	00	01	00	00	00
8395	0	FC	00	01	00	00	00
8396	0	FC	00	01	00	00	00
8397	0	FC	00	01	00	00	00
8398	0	FC	00	01	00	00	00
8399	0	FC	00	01	00	00	00
8400	0	FC	00	01	00	00	00
8401	0	FC	00	01	00	00	00
8402	0	FC	00	01	00	00	00
8403	0	FC	00	01	00	00	00
8404	0	FC	00	01	00	00	00
8405	0	FC	00	01	00	00	00
8406	0	FC	00	01	00	00	00
8407	0	FC	00	01	00	00	00
8408	0	FC	00	01	00	00	00
8409	0	FC	00	01	00	00	00
8410	0	FC	00	01	00	00	00
8411	0	FC	00	01	00	00	00
8412	0	FC	00	01	00	00	00
8413	0	FC	00	01	00	00	00
8414	0	FC	00	01	00	00	00
8415	0	FC	00	01	00	00	00
8416	0	FC	00	01	00	00	00
8417	0	FC	00	01	00	00	00
8418	0	FC	00	01	00	00	00
8419	0	FC	00	01	00	00	00
8420	0	FC	00	01	00	00	00
8421	0	FC	00	01	00	00	00
8422	0	FC	00	01	00	00	00
8423	0	FC	00	01	00	00	00
8424	0	FC	00	01	00	00	00
8425	0	FC	00	01	00	00	00
8426	0	FC	00	01	00	00	00
8427	0	FC	00	01	00	00	00
8428	0	FC	00	01	00	00	00
8429	0	FC	00	01	00	00	00
8430	0	FC	00	01	00	00	00
8431	0	FC	00	01	00	00	00
8432	0	FC	00	01	00	00	00
8433	0	FC	00	01	00	00	00
8434	0	FC	00	01	00	00	00
8435	0	FC	00	01	00	00	00
8436	0	FC	00	01	00	00	00
8437	0	FC	00	01	00	00	00
8438	0	FC	00	01	00	00	00
8439	0	FC	00	01	00	00	00
8440	0	FC	00	01	00	00	00
8441	0	FC	00	01	00	00	00
8442	0	FC	00	01	00	00	00
8443	0	FC	00	01	00	00	00
8444	0	FC	00	01	00	00	00
8445	0	FC	00	01	00	00	00
8446	0	FC	00	01	00	00	00
8447	0	FC	00	01	00	00	00
8448	0	FC	00	01	00	00	00
8449	0	FC	00	01	00	00	00
8450	0	FC	00	01	00	00	00
8451	0	FC	00	01	00	00	00
8452	0	FC	00	01	00	00	00
8453	0	FC	00	01	00	00	00
8454	0	FC	00	01	00	00	00
8455	0	FC	00	01	00	00	00
8456	0	FC	00	01	00	00	00
8457	0	FC	00	01	00	00	00
8458	0	FC	00	01	00	00	00
8459	0	FC	00	01	00	00	00
8460	0	FC	00	01	00	00	00
8461	0	FC	00	01	00	00	00
8462	0	FC	00	01	00	00	00
8463	0	FC	00	01	00	00	00
8464	0	FC	00	01	00	00	00
8465	0	FC	00	01	00	00	00
8466	0	FC	00	01	00	00	00
8467	0	FC	00	01	00	00	00
8468	0	FC	00	01	00	00	00
8469	0	FC	00	01	00	00	00
8470	0	FC	00	01	00	00	00
8471	0	FC	00	01	00	00	00
8472	0	FC	00	01	00	00	00
8473	0	FC	00	01	00	00	00
8474	0	FC	00	01	00	00	00
8475	0	FC	00	01	00	00	00
8476	0	FC	00	01	00	00	00
8477	0	FC	00	01	00	00	00
8478	0	FC	00	01	00	00	00
8479	0	FC	00	01	00	00	00
8480	0	FC	00	01	00	00	00
8481	0	FC	00	01	00	00	00
8482	0	FC	00	01	00	00	00
8483	0	FC	00	01	00	00	00
8484	0	FC	00	01	00	00	00
8485	0	FC	00	01	00	00	00
8486	0	FC	00	01	00	00	00
8487	0	FC	00	01	00	00	00
8488	0	FC	00	01	00	00	00
8489	0	FC	00	01	00	00	00
8490	0	FC	00	01	00	00	00
8491	0	FC	00	01	00	00	00
8492	0	FC	00	01	00	00	00
8493	0	FC	00	01	00	00	00
8494	0	FC	00	01	00	00	00
8495	0	FC	00	01	00	00	00
8496	0	FC	00	01	00	00	00
8497	0	FC	00	01	00	00	00
8498	0	FC	00	01	00	00	00
8499	0	FC	00	01	00	00	00
8500	0	FC	00	01	00	00	00
8501	0	FC	00	01	00	00	00
8502	0	FC	00	01	00	00	00
8503	0	FC	00	01	00	00	00
8504	0	FC	00	01	00	00	00
8505	0	FC	00	01	00	00	00
8506	0	FC	00	01	00	00	00
8507	0	FC	00	01	00	00	00
8508	0	FC	00	01	00	00	00
8509	0	FC	00	01	00	00	00
8510	0	FC	00	01	00	00	00
8511	0	FC	00	01	00	00	00
8512	0	FC	00	01	00	00	00
8513	0	FC	00	01	00	00	00
8514	0	FC	00	01	00	00	00
8515	0	FC	00	01	00	00	00
8516	0	FC	00	01	00	00	00
8517	0	FC	00	01	00	00	00
8518	0	FC	00	01	00	00	00
8519	0	FC	00	01	00	00	00
8520	0	FC	00	01	00	00	00
8521	0	FC	00	01	00	00	00
8522	0	FC	00	01	00	00	00
8523	0	FC	00	01	00	00	00
8524	0	FC	00	01	00	00	00
8525	0	FC	00	01	00	00	00
8526	0	FC	00	01	00	00	00
8527	0	FC	00	01	00	00	00
8528	0	FC	00	01	00	00	00
8529	0	FC	00	01	00	00	00
8530	0	FC	00	01	00	00	00
8531	0	FC	00	01	00	00	00
8532	0	FC	00	01	00	00	00
8533	0	FC	00	01	00	00	00
8534	0	FC	00	01	00	00	00
8535	0	FC	00	01	00	00	00
8536	0	FC	00	01	00	00	00
8537	0	FC	00	01	00	00	00
8538	0	FC	00	01	00	00	00
8539	0	FC	00	01	00	00	00
8540	0	FC	00	01	00	00	00
8541	0	FC	00	01	00	00	00
8542	0	FC	00	01	00	00	00
8543	0	FC	00	01	00	00	00
8544	0	FC	00	01	00	00	00
8545	0	FC	00	01	00	00	00
8546	0	FC	00	01	00	00	00
8547	0	FC	00	01	00	00	00
8548	0	FC	00	01	00	00	00
8549	0	FC	00	01	00	00	00
8550	0	FC	00	01	00	00	00
8551	0	FC	00	01	00	00	00
8552	0	FC	00	01	00	00	00
8553	0	FC	00	01	00	00	00
8554	0	FC	00	01	00	00	00
8555	0	FC	00	01	00	00	00
8556	0	FC	00	01	00	00	00
8557	0	FC	00	01	00	00	00
8558	0	FC	00	01	00	00	00
8559	0	FC	00	01	00	00	00
8560	0	FC	00	01	00	00	00
8561	0	FC	00	01	00	00	00
8562	0	FC	00	01	00	00	00
8563	0	FC	00	01	00	00	00
8564	0	FC	00	01	00	00	00
8565	0	FC	00	01	00	00	00
8566	0	FC	00	01	00	00	00
8567	0	FC	00	01	00	00	00
8568	0	FC	00	01	00	00	00
8569	0	FC	00	01	00	00	00
8570	0	FC	00	01	00	00	00
8571	0	FC	00	01	00	00	00
8572	0	FC	00	01	00	00	00
8573	0	FC	00	01	00	00	00
8574	0	FC	00	01	00	00	00
8575	0	FC	00	01	00	00	00
8576	0	FC	00	01	00	00	00
8577	0	FC	00	01	00	00	00
8578	0	FC	00	01	00	00	00
8579	0	FC	00	01	00	00	00
8580	0	FC	00	01	00	00	00
8581	0	FC	00	01	00	00	00
8582	0	FC	00	01	00	00	00
8583	0	FC	00	01	00	00	00
8584	0	FC	00	01	00	00	00
8585	0	FC	00	01	00	00	00
8586	0	FC	00	01	00	00	00
8587	0	FC	00	01	00	00	00
8588	0	FC	00	01	00	00	00
8589	0	FC	00	01	00	00	00
8590	0	FC	00	01	00	00	00
8591	0	FC	00	01	00	00	00
8592	0	FC	00	01	00	00	00
8593	0	FC	00	01	00	00	00
8594	0	FC	00	01	00	00	00
8595	0	FC	00	01	00	00	00
8596	0	FC	00	01	00	00	00
8597	0	FC	00	01	00	00	00
8598	0	FC	00	01	00	00	00
8599	0	FC	00	01	00	00	00
8600	0	FC	00	01	00	00	00
8601	0	FC	00	01	00	00	00
8602	0	FC	00	01	00	00	00
8603	0	FC	00	01	00	00	00
8604	0	FC	00	01	00	00	00
8605	0	FC	00	01	00	00	00
8606	0	FC	00	01	00	00	00
8607	0	FC	00	01	00	00	00
8608	0	FC	00	01	00	00	00
8609	0	FC	00	01	00	00	00
8610	0	FC	00	01	00	00	00
8611	0	FC	00	01	00	00	00
8612	0	FC	00	01	00	00	00
8613	0	FC	00	01	00	00	00
8614	0	FC	00	01	00	00	00
8615	0	FC	00	01	00	00	00
8616	0	FC	00	01	00	00	00
8617	0	FC	00	01	00	00	00
8618	0	FC	00	01	00	00	00
8619	0	FC	00	01	00	00	00
8620	0	FC	00	01	00	00	00
8621	0	FC	00	01	00	00	00
8622	0	FC	00	01	00	00	00
8623	0	FC	00	01	00	00	00
8624	0	FC	00	01	00	00	00
8625	0	FC	00	01	00	00	00
8626	0	FC	00	01	00	00	00
8627	0	FC	00	01	00	00	00
8628	0	FC	00	01	00	00	00
8629	0	FC	00	01	00	00	00
8630	0	FC	00	01	00	00	00
8631	0	FC	00	01	00	00	00
8632	0	FC	00	01	00	00	00
8633	0	FC	00	01	00	00	00
8634	0	FC	00	01	00	00	00
8635	0	FC	00	01	00	00	00
8636	0	FC	00	01	00	00	00
8637	0	FC	00	01	00	00	00
8638	0	FC	00	01	00	00	00
8639	0	FC	00	01	00	00	00
8640	0	FC	00	01	00	00	00
8641	0	FC	00	01	00	00	00
8642	0	FC	00	01	00	00	00
8643	0	FC	00	01	00	00	00
8644	0	FC	00	01	00	00	00
8645	0	FC	00	01	00	00	00
8646	0	FC	00	01	00	00	00
8647	0	FC	00	01	00	00	00
8648	0	FC	00	01	00	00	00
8649	0	FC	00	01	00	00	00
8650	0	FC	00	01	00	00	00
8651	0	FC	00	01	00	00	00
8652	0	FC	00	01	00	00	00
8653	0	FC	00	01	00	00	00
8654	0	FC	00	01	00	00	00
8655	0	FC	00	01	00	00	00
8656	0	FC	00	01	00	00	00
8657	0	FC	00	01	00	00	00
8658	0	FC	00	01	00	00	00
8659	0	FC	00	01	00	00	00
8660	0	FC	00	01	00	00	00
8661	0	FC	00	01	00	00	00
8662	0	FC	00	01	00	00	00
8663	0	FC	00	01	00	00	00
8664	0	FC	00	01	00	00	00
8665	0	FC	00	01	00	00	00
8666	0	FC	00	01	00	00	00
8667	0	FC	00	01	00	00	00
8668	0	FC	00	01	00	00	00
8669	0	FC	00	01	00	00	00
8670	0	FC	00	01	00	00	00
8671	0	FC	00	01	00	00	00
8672	0	FC	00	01	00	00	00
8673	0	FC	00	01	00	00	00
8674	0	FC	00	01	00	00	00
8675	0	FC	00	01	00	00	00
8676	0	FC	00	01	00	00	00
8677	0	FC	00	01	00	00	00
8678	0	FC	00	01	00	00	00
8679	0	FC	00	01	00	00	00
8680	0	FC	00	01	00	00	00
8681	0	FC	00	01	00	00	00
8682	0	FC	00	01	00	00	00
8683	0	FC	00	01	00	00	00
8684	0	FC	00	01	00	00	00
8685	0	FC	00	01	00	00	00
8686	0	FC	00	01	00	00	00
8687	0	FC	00	01	00	00	00
8688	0	FC	00	01	00	00	00
8689	0	FC	00	01	00	00	00
8690	0	FC	00	01	00	00	00
8691	0	FC	00	01	00	00	00
8692	0	FC	00	01	00	00	00
8693	0	FC	00	01	00	00	00
8694	0	FC	00	01	00	00	00
8695	0	FC	00	01	00	00	00
8696	0	FC	00	01	00	00	00
8697	0	FC	00	01	00	00	00
8698	0	FC	00	01	00	00	00
8699	0	FC	00	01	00	00	00
8700	0	FC	00	01	00	00	00
8701	0	FC	00	01	00	00	00
8702	0	FC	00	01	00	00	00
8703	0	FC	00	01	00	00	00
8704	0	FC	00	01	00	00	00
8705	0	FC	00	01	00	00	00
8706	0	FC	00	01	00	00	00
8707	0	FC	00	01	00	00	00
8708	0	FC	00	01	00	00	00
8709	0	FC	00	01	00	00	00
8710	0	FC	00	01	00	00	00
8711	0	FC	00	01	00	00	00
8712	0	FC	00	01	00	00	00
8713	0	FC	00	01	00	00	00
8714	0	FC	00	01	00	00	00
8715	0	FC	00	01	00	00	00
8716	0	FC	00	01	00	00	00
8717	0	FC	00	01	00	00	00
8718	0	FC	00	01	00	00	00
8719	0	FC	00	01	00	00	00
8720	0	FC	00	01	00	00	00
8721	0	FC	00	01	00	00	00
8722	0	FC	00	01	00	00	00
8723	0	FC	00	01	00	00	00
8724	0	FC	00	01	00	00	00
8725	0	FC	00	01	00	00	00
8726	0	FC	00	01	00	00	00
8727	0	FC	00	01	00	00	00
8728	0	FC	00	01	00	00	00
8729	0	FC	00	01	00	00	00
8730	0	FC	00	01	00	00	00
8731	0	FC	00	01	00	00	00
8732	0	FC	00	01	00	00	00
8733	0	FC	00	01	00	00	00
8734	0	FC	00	01	00	00	00
8735	0	FC	00	01	00	00	00
8736	0	FC	00	01	00	00	00
8737	0	FC	00	01	00	00	00
8738	0	FC	00	01	00	00	00
8739	0	FC	00	01	00	00	00
8740	0	FC	00	01	00	00	00
8741	0	FC	00	01	00	00	00
8742	0	FC	00	01	00	00	00
8743	0	FC	00	01	00	00	00
8744	0	FC	00	01	00	00	00
8745	0	FC	00	01	00	00	00
8746	0	FC	00	01	00	00	00
8747	0	FC	00	01	00	00	00
8748	0	FC	00	01	00	00	00
8749	0	FC	00	01	00	00	00
8750	0	FC	00	01	00	00	00
8751	0	FC	00	01	00	00	00
8752	0	FC	00	01	00	00	00
8753	0	FC	00	01	00	00	00
8754	0	FC	00	01	00	00	00
8755	0	FC	00	01	00	00	00
8756	0	FC	00	01	00	00	00
8757	0	FC	00	01	00	00	00
8758	0	FC	00	01	00	00	00
8759	0	FC	00	01	00	00	00
8760	0	FC	00	01	00	00	00
8761	0	FC	00	01	00	00	00
8762	0	FC	00	01	00	00	00
8763	0	FC	00	01	00	00	00
8764	0	FC	00	01	00	00	00
8765	0	FC	00	01	00	00	00
8766	0	FC	00	01	00	00	00
8767	0	FC	00	01	00	00	00
8768	0	FC	00	01	00	00	00
8769	0	FC	00	01	00	00	00
8770	0	FC	00	01	00	00	00
8771	0	FC	00	01	00	00	00
8772	0	FC	00	01	00	00	00
8773	0	FC	00	01	00	00	00
8774	0	FC	00	01	00	00	00
8775	0	FC	00	01	00	00	00
8776	0	FC	00	01	00	00	00
8777	0	FC	00	01	00	00	00
8778	0	FC	00	01	00	00	00
8779	0	FC	00	01	00	00	00
8780	0	FC	00	01	00	00	00
8781	0	FC	00	01	00	00	00
8782	0	FC	00	01	00	00	00
8783	0	FC	00	01	00	00	00
8784	0	FC	00	01	00	00	00
8785	0	FC	00	01	00	00	00
8786	0	FC	00	01	00	00	00
8787	0	FC	00	01	00	00	00
8788	0	FC	00	01	00	00	00
8789	0	FC	00	01	00	00	00
8790	0	FC	00	01	00	00	00
8791	0	FC	00	01	00	00	00
8792	0	FC	00	01	00	00	00
8793	0	FC	00	01	00	00	00
8794	0	FC	00	01	00	00	00
8795	0	FC	00	01	00	00	00
8796	0	FC	00	01	00	00	00
8797	0	FC	00	01	00	00	00
8798	0	FC	00	01	00	00	00
8799	0	FC	00	01	00	00	00
8800	0	FC	00	01	00	00	00
8801	0	FC	00	01	00	00	00
8802	0	FC	00	01	00	00	00
8803	0	FC	00	01	00	00	00
8804	0	FC	00	01	00	00	00
8805	0	FC	00	01	00	00	00
8806	0	FC	00	01	00	00	00
8807	0	FC	00	01	00	00	00
8808	0	FC	00	01	00	00	00
8809	0	FC	00	01	00	00	00
8810	0	FC	00	01	00	00	00
8811	0	FC	00	01	00	00	00
8812	0	FC	00	01	00	00	00
8813	0	FC	00	01	00	00	00
8814	0	FC	00	01	00	00	00
8815	0	FC	00	01	00	00	00
8816	0	FC	00	01	00	00	00
8817	0	FC	00	01	00	00	00
8818	0	FC	00	01	00	00	00
8819	0	FC	00	01	00	00	00
8820	0	FC	00	01	00	00	00
8821	0	FC	00	01	00	00	00
8822	0	FC	00	01	00	00	00
8823	0	FC	00	01	00	00	00
8824	0	FC	00	01	00	00	00
8825	0	FC	00	01	00	00	00
8826	0	FC	00	01	00	00	00
8827	0	FC	00	01	00	00	00
8828	0	FC	00	01	00	00	00
8829	0	FC	00	01	00	00	00
8830	0	FC	00	01	00	00	00
8831	0	FC	00	01	00	00	00
8832	0	FC	00	01	00	00	00
8833	0	FC	00	01	00	00	00
8834	0	FC	00	01	00	00	00
8835	0	FC	00	01	00	00	00
8836	0	FC	00	01	00	00	00
8837	0	FC	00	01	00	00	00
8838	0	FC	00	01	00	00	00
8839	0	FC	00	01	00	00	00
8840	0	FC	00	01	00	00	00
8841	0	FC	00	01	00	00	00
8842	0	FC	00	01	00	00	00
8843	0	FC	00	01	00	00	00
8844	0	FC	00	01	00	00	00
8845	0	FC	00	01	00	00	00
8846	0	FC	00	01	00	00	00
8847	0	FC	00	01	00	00	00
8848	0	FC	00	01	00	00	00
8849	0	FC	00	01	00	00	00
8850	0	FC	00	01	00	00	00
8851	0	FC	00	01	00	00	00
8852	0	FC	00	01	00	00	00
8853	0	FC	00	01	00	00	00
8854	0	FC	00	01	00	00	00
8855	0	FC	00	01	00	00	00
8856	0	FC	00	01	00	00	00
8857	0	FC	00	01	00	00	00
8858	0	FC	00	01	00	00	00
8859	0	FC	00	01	00	00	00
8860	0	FC	00	01	00	00	00
8861	0	FC	00	01	00	00	00
8862	0	FC	00	01	00	00	00
8863	0	FC	00	01	00	00	00
8864	0	FC	00	01	00	00	00
8865	0	FC	00	01	00	00	00
8866	0	FC	00	01	00	00	00
8867	0	FC	00	01	00	00	00
8868	0	FC	00	01	00	00	00
8869	0	FC	00	01	00	00	00
8870	0	FC	00	01	00	00	00
8871	0	FC	00	01	00	00	00
8872	0	FC	00	01	00	00	00
8873	0	FC	00	01	00	00	00
8874	0	FC	00	01	00	00	00
8875	0	FC	00	01	00	00	00
8876	0	FC	00	01	00	00	00
8877	0	FC	00	01	00	00	00
8878	0	FC	00	01	00	00	00
8879	0	FC	00	01	00	00	00
8880	0	FC	00	01	00	00	00
8881	0	FC	00	01	00	00	00
8882	0	FC	00	01	00	00	00
8883	0	FC	00	01	00	00	00
8884	0	FC	00	01	00	00	00
8885	0	FC	00	01	00	00	00
8886	0	FC	00	01	00	00	00
8887	0	FC	00	01	00	00	00
8888	0	FC	00	01	00	00	00
8889	0	FC	00	01	00	00	00
8890	0	FC	00	01	00	00	00
8891	0	FC	00	01	00	00	00
8892	0	FC	00	01	00	00	00
8893	0	FC	00	01	00	00	00
8894	0	FC	00	01	00	00	00
8895	0	FC	00	01	00	00	00
8896	0	FC	00	01	00	00	00
8897	0	FC	00	01	00	00	00
8898	0	FC	00	01	00	00	00
8899	0	FC	00	01	00	00	00
8900	0	FC	00	01	00	00	00
8901	0	FC	00	01	00	00	00
8902	0	FC	00	01	00	00	00
8903	0	FC	00	01	00	00	00
8904	0	FC	00	01	00	00	00
8905	0	FC	00	01	00	00	00
8906	0	FC	00	01	00	00	00
8907	0	FC	00	01	00	00	00
8908	0	FC	00	01	00	00	00
8909	0	FC	00	01	00	00	00
8910	0	FC	00	01	00	00	00
8911	0	FC	00	01	00	00	00
8912	0	FC	00	01	00	00	00
8913	0	FC	00	01	00	00	00
8914	0	FC	00	01	00	00	00
8915	0	FC	00	01	00	00	00
8916	0	FC	00	01	00	00	00
8917	0	FC	00	01	00	00	00
8918	0	FC	00	01	00	00	00
8919	0	FC	00	01	00	00	00
8920	0	FC	00	01	00	00	00
8921	0	FC	00	01	00	00	00
8922	0	08	00	01	00	00	00
8923	0	08	00	01	00	00	00
8924	0	08	00	01	00	00	00
8925	0	08	00	01	00	00	00
8926	0	08	00	01	00	00	00
8927	0	08	00	01	00	00	00
8928	0	08	00	01	00	00	00
8929	0	08	00	01	00	00	00
8930	0	08	00	01	00	00	00
8931	0	08	00	01	00	00	00
8932	0	08	00	01	00	00	00
8933	0	08	00	01	00	00	00
8934	0	08	00	01	00	00	00
8935	0	08	00	01	00	00	00
8936	0	08	00	01	00	00	00
8937	0	08	00	01	00	00	00
8938	0	08	00	01	00	00	00
8939	0	08	00	01	00	00	00
8940	0	08	00	01	00	00	00
8941	0	08	00	01	00	00	00
8942	0	08	00	01	00	00	00
8943	0	08	00	01	00	00	00
8944	0	08	00	01	00	00	00
8945	0	08	00	01	00	00	00
8946	0	08	00	01	00	00	00
8947	0	08	00	01	00	00	00
8948	0	08	00	01	00	00	00
8949	0	08	00	01	00	00	00
8950	0	08	00	01	00	00	00
8951	0	08	00	01	00	00	00
8952	0	08	00	01	00	00	00
8953	0	08	00	01	00	00	00
8954	0	08	00	01	00	00	00
8955	0	08	00	01	00	00	00
8956	0	08	00	01	00	00	00
8957	0	08	00	01	00	00	00
8958	0	08	00	01	00	00	00
8959	0	08	00	01	00	00	00
8960	0	08	00	01	00	00	00
8961	0	08	00	01	00	00	00
8962	0	08	00	01	00	00	00
8963	0	08	00	01	00	00	00
8964	0	08	00	01	00	00	00
8965	0	08	00	01	00	00	00
8966	0	08	00	01	00	00	00
8967	0	08	00	01	00	00	00
8968	0	08	00	01	00	00	00
8969	0	08	00	01	00	00	00
8970	0	08	00	01	00	00	00
8971	0	08	00	01	00	00	00
8972	0	08	00	01	00	00	00
8973	0	08	00	01	00	00	00
8974	0	08	00	01	00	00	00
8975	0	08	00	01	00	00	00
8976	0	08	00	01	00	00	00
8977	0	08	00	01	00	00	00
8978	0	08	00	01	00	00	00
8979	0	08	00	01	00	00	00
8980	0	08	00	01	00	00	00
8981	0	08	00	01	00	00	00
8982	0	08	00	01	00	00	00
8983	0	08	00	01	00	00	00
8984	0	08	00	01	00	00	00
8985	0	08	00	01	00	00	00
8986	0	08	00	01	00	00	00
8987	0	08	00	01	00	00	00
8988	0	08	00	01	00	00	00
8989	0	08	00	01	00	00	00
8990	0	08	00	01	00	00	00
8991	0	08	00	01	00	00	00
8992	0	08	00	01	00	00	00
8993	0	08	00	01	00	00	00
8994	0	08	00	01	00	00	00
8995	0	08	00	01	00	00	00
8996	0	08	00	01	00	00	00
8997	0	08	00	01	00	00	00
8998	0	08	00	01	00	00	00
8999	0	D6	00	01	00	00	00
9000	0	D6	00	01	00	00	00
9001	0	D6	00	01	00	00	00
9002	0	D6	00	01	00	00	00
9003	0	D6	00	01	00	00	00
9004	0	D6	00	01	00	00	00
9005	0	D6	00	01	00	00	00
9006	0	D6	00	01	00	00	00
9007	0	D6	00	01	00	00	00
9008	0	D6	00	01	00	00	00
9009	0	D6	00	01	00	00	00
9010	0	D6	00	01	00	00	00
9011	0	D6	00	01	00	00	00
9012	0	D6	00	01	00	00	00
9013	0	D6	00	01	00	00	00
9014	0	D6	00	01	00	00	00
9015	0	D6	00	01	00	00	00
9016	0	D6	00	01	00	00	00
9017	0	D6	00	01	00	00	00
9018	0	D6	00	01	00	00	00
9019	0	D6	00	01	00	00	00
9020	0	D6	00	01	00	00	00
9021	0	D6	00	01	00	00	00
9022	0	D6	00	01	00	00	00
9023	0	D6	00	01	00	00	00
9024	0	D6	00	01	00	00	00
9025	0	D6	00	01	00	00	00
9026	0	D6	00	01	00	00	00
9027	0	D6	00	01	00	00	00
9028	0	D6	00	01	00	00	00
9029	0	D6	00	01	00	00	00
9030	0	D6	00	01	00	00	00
9031	0	D6	00	01	00	00	00
9032	0	D6	00	01	00	00	00
9033	0	D6	00	01	00	00	00
9034	0	D6	00	01	00	00	00
9035	0	D6	00	01	00	00	00
9036	0	D6	00	01	00	00	00
9037	0	D6	00	01	00	00	00
9038	0	D6	00	01	00	00	00
9039	0	D6	00	01	00	00	00
9040	0	D6	00	01	00	00	00
9041	0	D6	00	01	00	00	00
9042	0	D6	00	01	00	00	00
9043	0	D6	00	01	00	00	00
9044	0	D6	00	01	00	00	00
9045	0	D6	00	01	00	00	00
9046	0	D6	00	01	00	00	00
9047	0	D6	00	01	00	00	00
9048	0	D6	00	01	00	00	00
9049	0	D6	00	01	00	00	00
9050	0	D6	00	01	00	00	00
9051	0	D6	00	01	00	00	00
9052	0	D6	00	01	00	00	00
9053	0	D6	00	01	00	00	00
9054	0	D6	00	01	00	00	00
9055	0	D6	00	01	00	00	00
9056	0	D6	00	01	00	00	00
9057	0	D6	00	01	00	00	00
9058	0	D6	00	01	00	00	00
9059	0	D6	00	01	00	00	00
9060	0	D6	00	01	00	00	00
9061	0	D6	00	01	00	00	00
9062	0	D6	00	01	00	00	00
9063	0	D6	00	01	00	00	00
9064	0	D6	00	01	00	00	00
9065	0	D6	00	01	00	00	00
9066	0	D6	00	01	00	00	00
9067	0	D6	00	01	00	00	00
9068	0	D6	00	01	00	00	00
9069	0	D6	00	01	00	00	00
9070	0	D6	00	01	00	00	00
9071	0	D6	00	01	00	00	00
9072	0	D6	00	01	00	00	00
9073	0	D6	00	01	00	00	00
9074	0	D6	00	01	00	00	00
9075	0	D6	00	01	00	00	00
9076	0	D6	00	01	00	00	00
9077	0	D6	00	01	00	00	00
9078	0	D6	00	01	00	00	00
9079	0	D6	00	01	00	00	00
9080	0	D6	00	01	00	00	00
9081	0	D6	00	01	00	00	00
9082	0	D6	00	01	00	00	00
9083	0	D6	00	01	00	00	00
9084	0	D6	00	01	00	00	00
9085	0	D6	00	01	00	00	00
9086	0	D6	00	01	00	00	00
9087	0	D6	00	01	00	00	00
9088	0	D6	00	01	00	00	00
9089	0	D6	00	01	00	00	00
9090	0	D6	00	01	00	00	00
9091	0	D6	00	01	00	00	00
9092	0	D6	00	01	00	00	00
9093	0	D6	00	01	00	00	00
9094	0	D6	00	01	00	00	00
9095	0	D6	00	01	00	00	00
9096	0	D6	00	01	00	00	00
9097	0	D6	00	01	00	00	00
9098	0	D6	00	01	00	00	00
9099	0	D6	00	01	00	00	00
9100	0	D6	00	01	00	00	00
9101	0	D6	00	01	00	00	00
9102	0	D6	00	01	00	00	00
9103	0	D6	00	01	00	00	00
9104	0	D6	00	01	00	00	00
9105	0	D6	00	01	00	00	00
9106	0	D6	00	01	00	00	00
9107	0	D6	00	01	00	00	00
9108	0	D6	00	01	00	00	00
9109	0	D6	00	01	00	00	00
9110	0	D6	00	01	00	00	00
9111	0	D6	00	01	00	00	00
9112	0	D6	00	01	00	00	00
9113	0	D6	00	01	00	00	00
9114	0	D6	00	01	00	00	00
9115	0	D6	00	01	00	00	00
9116	0	D6	00	01	00	00	00
9117	0	D6	00	01	00	00	00
9118	0	D6	00	01	00	00	00
9119	0	D6	00	01	00	00	00
9120	0	D6	00	01	00	00	00
9121	0	D6	00	01	00	00	00
9122	0	D6	00	01	00	00	00
9123	0	D6	00	01	00	00	00
9124	0	D6	00	01	00	00	00
9125	0	D6	00	01	00	00	00
9126	0	D6	00	01	00	00	00
9127	0	D6	00	01	00	00	00
9128	0	D6	00	01	00	00	00
9129	0	D6	00	01	00	00	00
9130	0	D6	00	01	00	00	00
9131	0	D6	00	01	00	00	00
9132	0	D6	00	01	00	00	00
9133	0	D6	00	01	00	00	00
9134	0	D6	00	01	00	00	00
9135	0	D6	00	01	00	00	00
9136	0	D6	00	01	00	00	00
9137	0	D6	00	01	00	00	00
9138	0	D6	00	01	00	00	00
9139	0	D6	00	01	00	00	00
9140	0	D6	00	01	00	00	00
9141	0	D6	00	01	00	00	00
9142	0	D6	00	01	00	00	00
9143	0	D6	00	01	00	00	00
9144	0	D6	00	01	00	00	00
9145	0	D6	00	01	00	00	00
9146	0	D6	00	01	00	00	00
9147	0	D6	00	01	00	00	00
9148	0	D6	00	01	00	00	00
9149	0	D6	00	01	00	00	00
9150	0	D6	00	01	00	00	00
9151	0	D6	00	01	00	00	00
9152	0	D6	00	01	00	00	00
9153	0	D6	00	01	00	00	00
9154	0	D6	00	01	00	00	00
9155	0	D6	00	01	00	00	00
9156	0	D6	00	01	00	00	00
9157	0	D6	00	01	00	00	00
9158	0	D6	00	01	00	00	00
9159	0	D6	00	01	00	00	00
9160	0	D6	00	01	00	00	00
9161	0	D6	00	01	00	00	00
9162	0	D6	00	01	00	00	00
9163	0	D6	00	01	00	00	00
9164	0	D6	00	01	00	00	00
9165	0	D6	00	01	00	00	00
9166	0	D6	00	01	00	00	00
9167	0	D6	00	01	00	00	00
9168	0	D6	00	01	00	00	00
9169	0	D6	00	01	00	00	00
9170	0	D6	00	01	00	00	00
9171	0	D6	00	01	00	00	00
9172	0	D6	00	01	00	00	00
9173	0	D6	00	01	00	00	00
9174	0	D6	00	01	00	00	00
9175	0	D6	00	01	00	00	00
9176	0	D6	00	01	00	00	00
9177	0	D6	00	01	00	00	00
9178	0	D6	00	01	00	00	00
9179	0	D6	00	01	00	00	00
9180	0	D6	00	01	00	00	00
9181	0	D6	00	01	00	00	00
9182	0	D6	00	01	00	00	00
9183	0	D6	00	01	00	00	00
9184	0	D6	00	01	00	00	00
9185	0	D6	00	01	00	00	00
9186	0	D6	00	01	00	00	00
9187	0	D6	00	01	00	00	00
9188	0	D6	00	01	00	00	00
9189	0	D6	00	01	00	00	00
9190	0	D6	00	01	00	00	00
9191	0	D6	00	01	00	00	00
9192	0	D6	00	01	00	00	00
9193	0	D6	00	01	00	00	00
9194	0	D6	00	01	00	00	00
9195	0	D6	00	01	00	00	00
9196	0	D6	00	01	00	00	00
9197	0	D6	00	01	00	00	00
9198	0	D6	00	01	00	00	00
9199	0	D6	00	01	00	00	00
9200	0	D6	00	01	00	00	00
9201	0	D6	00	01	00	00	00
9202	0	D6	00	01	00	00	00
9203	0	D6	00	01	00	00	00
9204	0	D6	00	01	00	00	00
9205	0	D6	00	01	00	00	00
9206	0	D6	00	01	00	00	00
9207	0	D6	00	01	00	00	00
9208	0	D6	00	01	00	00	00
9209	0	D6	00	01	00	00	00
9210	0	D6	00	01	00	00	00
9211	0	D6	00	01	00	00	00
9212	0	D6	00	01	00	00	00
9213	0	D6	00	01	00	00	00
9214	0	D6	00	01	00	00	00
9215	0	D6	00	01	00	00	00
9216	0	D6	00	01	00	00	00
9217	0	D6	00	01	00	00	00
9218	0	D6	00	01	00	00	00
9219	0	D6	00	01	00	00	00
9220	0	D6	00	01	00	00	00
9221	0	D6	00	01	00	00	00
9222	0	D6	00	01	00	00	00
9223	0	D6	00	01	00	00	00
9224	0	D6	00	01	00	00	00
9225	0	D6	00	01	00	00	00
9226	0	D6	00	01	00	00	00
9227	0	D6	00	01	00	00	00
9228	0	D6	00	01	00	00	00
9229	0	D6	00	01	00	00	00
9230	0	D6	00	01	00	00	00
9231	0	D6	00	01	00	00	00
9232	0	D6	00	01	00	00	00
9233	0	D6	00	01	00	00	00
9234	0	D6	00	01	00	00	00
9235	0	D6	00	01	00	00	00
9236	0	D6	00	01	00	00	00
9237	0	D6	00	01	00	00	00
9238	0	D6	00	01	00	00	00
9239	0	D6	00	01	00	00	00
9240	0	D6	00	01	00	00	00
9241	0	D6	00	01	00	00	00
9242	0	D6	00	01	00	00	00
9243	0	D6	00	01	00	00	00
9244	0	D6	00	01	00	00	00
9245	0	D6	00	01	00	00	00
9246	0	D6	00	01	00	00	00
9247	0	D6	00	01	00	00	00
9248	0	D6	00	01	00	00	00
9249	0	D6	00	01	00	00	00
9250	0	D6	00	01	00	00	00
9251	0	D6	00	01	00	00	00
9252	0	D6	00	01	00	00	00
9253	0	D6	00	01	00	00	00
9254	0	D6	00	01	00	00	00
9255	0	D6	00	01	00	00	00
9256	0	D6	00	01	00	00	00
9257	0	D6	00	01	00	00	00
9258	0	D6	00	01	00	00	00
9259	0	D6	00	01	00	00	00
9260	0	D6	00	01	00	00	00
9261	0	D6	00	01	00	00	00
9262	0	D6	00	01	00	00	00
9263	0	D6	00	01	00	00	00
9264	0	D6	00	01	00	00	00
9265	0	D6	00	01	00	00	00
9266	0	D6	00	01	00	00	00
9267	0	D6	00	01	00	00	00
9268	0	D6	00	01	00	00	00
9269	0	D6	00	01	00	00	00
9270	0	D6	00	01	00	00	00
9271	0	D6	00	01	00	00	00
9272	0	D6	00	01	00	00	00
9273	0	D6	00	01	00	00	00
9274	0	D6	00	01	00	00	00
9275	0	D6	00	01	00	00	00
9276	0	D6	00	01	00	00	00
9277	0	D6	00	01	00	00	00
9278	0	D6	00	01	00	00	00
9279	0	D6	00	01	00	00	00
9280	0	D6	00	01	00	00	00
9281	0	D6	00	01	00	00	00
9282	0	D6	00	01	00	00	00
9283	0	D6	00	01	00	00	00
9284	0	D6	00	01	00	00	00
9285	0	D6	00	01	00	00	00
9286	0	D6	00	01	00	00	00
9287	0	D6	00	01	00	00	00
9288	0	D6	00	01	00	00	00
9289	0	D6	00	01	00	00	00
9290	0	D6	00	01	00	00	00
9291	0	D6	00	01	00	00	00
9292	0	D6	00	01	00	00	00
9293	0	D6	00	01	00	00	00
9294	0	D6	00	01	00	00	00
9295	0	D6	00	01	00	00	00
9296	0	D6	00	01	00	00	00
9297	0	D6	00	01	00	00	00
9298	0	D6	00	01	00	00	00
9299	0	D6	00	01	00	00	00
9300	0	D6	00	01	00	00	00
9301	0	D6	00	01	00	00	00
9302	0	D6	00	01	00	00	00
9303	0	D6	00	01	00	00	00
9304	0	D6	00	01	00	00	00
9305	0	D6	00	01	00	00	00
9306	0	D6	00	01	00	00	00
9307	0	D6	00	01	00	00	00
9308	0	D6	00	01	00	00	00
9309	0	D6	00	01	00	00	00
9310	0	D6	00	01	00	00	00
9311	0	D6	00	01	00	00	00
9312	0	D6	00	01	00	00	00
9313	0	D6	00	01	00	00	00
9314	0	D6	00	01	00	00	00
9315	0	D6	00	01	00	00	00
9316	0	D6	00	01	00	00	00
9317	0	D6	00	01	00	00	00
9318	0	D6	00	01	00	00	00
9319	0	D6	00	01	00	00	00
9320	0	D6	00	01	00	00	00
9321	0	D6	00	01	00	00	00
9322	0	D6	00	01	00	00	00
9323	0	D6	00	01	00	00	00
9324	0	D6	00	01	00	00	00
9325	0	D6	00	01	00	00	00
9326	0	D6	00	01	00	00	00
9327	0	D6	00	01	00	00	00
9328	0	D6	00	01	00	00	00
9329	0	D6	00	01	00	00	00
9330	0	D6	00	01	00	00	00
9331	0	D6	00	01	00	00	00
9332	0	D6	00	01	00	00	00
9333	0	D6	00	01	00	00	00
9334	0	D6	00	01	00	00	00
9335	0	D6	00	01	00	00	00
9336	0	D6	00	01	00	00	00
9337	0	D6	00	01	00	00	00
9338	0	D6	00	01	00	00	00
9339	0	D6	00	01	00	00	00
9340	0	D6	00	01	00	00	00
9341	0	D6	00	01	00	00	00
9342	0	D6	00	01	00	00	00
9343	0	D6	00	01	00	00	00
9344	0	D6	00	01	00	00	00
9345	0	D6	00	01	00	00	00
9346	0	D6	00	01	00	00	00
9347	0	D6	00	01	00	00	00
9348	0	D6	00	01	00	00	00
9349	0	D6	00	01	00	00	00
9350	0	D6	00	01	00	00	00
9351	0	D6	00	01	00	00	00
9352	0	D6	00	01	00	00	00
9353	0	D6	00	01	00	00	00
9354	0	D6	00	01	00	00	00
9355	0	D6	00	01	00	00	00
9356	0	D6	00	01	00	00	00
9357	0	D6	00	01	00	00	00
9358	0	D6	00	01	00	00	00
9359	0	D6	00	01	00	00	00
9360	0	D6	00	01	00	00	00
9361	0	D6	00	01	00	00	00
9362	0	D6	00	01	00	00	00
9363	0	D6	00	01	00	00	00
9364	0	D6	00	01	00	00	00
9365	0	D6	00	01	00	00	00
9366	0	D6	00	01	00	00	00
9367	0	D6	00	01	00	00	00
9368	0	D6	00	01	00	00	00
9369	0	D6	00	01	00	00	00
9370	0	D6	00	01	00	00	00
9371	0	D6	00	01	00	00	00
9372	0	D6	00	01	00	00	00
9373	0	D6	00	01	00	00	00
9374	0	D6	00	01	00	00	00
9375	0	D6	00	01	00	00	00
9376	0	D6	00	01	00	00	00
9377	0	D6	00	01	00	00	00
9378	0	D6	00	01	00	00	00
9379	0	D6	00	01	00	00	00
9380	0	D6	00	01	00	00	00
9381	0	D6	00	01	00	00	00
9382	0	D6	00	01	00	00	00
9383	0	D6	00	01	00	00	00
9384	0	D6	00	01	00	00	00
9385	0	D6	00	01	00	00	00
9386	0	D6	00	01	00	00	00
9387	0	D6	00	01	00	00	00
9388	0	D6	00	01	00	00	00
9389	0	D6	00	01	00	00	00
9390	0	D6	00	01	00	00	00
9391	0	D6	00	01	00	00	00
9392	0	D6	00	01	00	00	00
9393	0	D6	00	01	00	00	00
9394	0	D6	00	01	00	00	00
9395	0	D6	00	01	00	00	00
9396	0	D6	00	01	00	00	00
9397	0	D6	00	01	00	00	00
9398	0	D6	00	01	00	00	00
9399	0	D6	00	01	00	00	00
9400	0	D6	00	01	00	00	00
9401	0	D6	00	01	00	00	00
9402	0	D6	00	01	00	00	00
9403	0	D6	00	01	00	00	00
9404	0	D6	00	01	00	00	00
9405	0	D6	00	01	00	00	00
9406	0	D6	00	01	00	00	00
9407	0	D6	00	01	00	00	00
9408	0	D6	00	01	00	00	00
9409	0	D6	00	01	00	00	00
9410	0	D6	00	01	00	00	00
9411	0	D6	00	01	00	00	00
9412	0	D6	00	01	00	00	00
9413	0	D6	00	01	00	00	00
9414	0	D6	00	01	00	00	00
9415	0	D6	00	01	00	00	00
9416	0	D6	00	01	00	00	00
9417	0	D6	00	01	00	00	00
9418	0	D6	00	01	00	00	00
9419	0	D6	00	01	00	00	00
9420	0	D6	00	01	00	00	00
9421	0	D6	00	01	00	00	00
9422	0	D6	00	01	00	00	00
9423	0	D6	00	01	00	00	00
9424	0	D6	00	01	00	00	00
9425	0	D6	00	01	00	00	00
9426	0	D6	00	01	00	00	00
9427	0	D6	00	01	00	00	00
9428	0	D6	00	01	00	00	00
9429	0	D6	00	01	00	00	00
9430	0	D6	00	01	00	00	00
9431	0	D6	00	01	00	00	00
9432	0	D6	00	01	00	00	00
9433	0	D6	00	01	00	00	00
9434	0	D6	00	01	00	00	00
9435	0	D6	00	01	00	00	00
9436	0	D6	00	01	00	00	00
9437	0	D6	00	01	00	00	00
9438	0	D6	00	01	00	00	00
9439	0	D6	00	01	00	00	00
9440	0	D6	00	01	00	00	00
9441	0	D6	00	01	00	00	00
9442	0	D6	00	01	00	00	00
9443	0	D6	00	01	00	00	00
9444	0	D6	00	01	00	00	00
9445	0	D6	00	01	00	00	00
9446	0	D6	00	01	00	00	00
9447	0	D6	00	01	00	00	00
9448	0	D6	00	01	00	00	00
9449	0	D6	00	01	00	00	00
9450	0	D6	00	01	00	00	00
9451	0	D6	00	01	00	00	00
9452	0	D6	00	01	00	00	00
9453	0	D6	00	01	00	00	00
9454	0	D6	00	01	00	00	00
9455	0	D6	00	01	00	00	00
9456	0	D6	00	01	00	00	00
9457	0	D6	00	01	00	00	00
9458	0	D6	00	01	00	00	00
9459	0	D6	00	01	00	00	00
9460	0	D6	00	01	00	00	00
9461	0	D6	00	01	00	00	00
9462	0	D6	00	01	00	00	00
9463	0	D6	00	01	00	00	00
9464	0	D6	00	01	00	00	00
9465	0	D6	00	01	00	00	00
9466	0	D6	00	01	00	00	00
9467	0	D6	00	01	00	00	00
9468	0	D6	00	01	00	00	00
9469	0	D6	00	01	00	00	00
9470	0	D6	00	01	00	00	00
9471	0	D6	00	01	00	00	00
9472	0	D6	00	01	00	00	00
9473	0	D6	00	01	00	00	00
9474	0	D6	00	01	00	00	00
9475	0	D6	00	01	00	00	00
9476	0	D6	00	01	00	00	00
9477	0	D6	00	01	00	00	00
9478	0	D6	00	01	00	00	00
9479	0	D6	00	01	00	00	00
9480	0	D6	00	01	00	00	00
9481	0	D6	00	01	00	00	00
9482	0	D6	00	01	00	00	00
9483	0	D6	00	01	00	00	00
9484	0	D6	00	01	00	00	00
9485	0	D6	00	01	00	00	00
9486	0	D6	00	01	00	00	00
9487	0	D6	00	01	00	00	00
9488	0	D6	00	01	00	00	00
9489	0	D6	00	01	00	00	00
9490	0	D6	00	01	00	00	00
9491	0	D6	00	01	00	00	00
9492	0	D6	00	01	00	00	00
9493	0	D6	00	01	00	00	00
9494	0	D6	00	01	00	00	00
9495	0	D6	00	01	00	00	00
9496	0	D6	00	01	00	00	00
9497	0	D6	00	01	00	00	00
9498	0	D6	00	01	00	00	00
9499	0	D6	00	01	00	00	00
9500	0	D6	00	01	00	00	00
9501	0	D6	00	01	00	00	00
9502	0	D6	00	01	00	00	00
9503	0	D6	00	01	00	00	00
9504	0	D6	00	01	00	00	00
9505	0	D6	00	01	00	00	00
9506	0	D6	00	01	00	00	00
9507	0	D6	00	01	00	00	00
9508	0	D6	00	01	00	00	00
9509	0	D6	00	01	00	00	00
9510	0	D6	00	01	00	00	00
9511	0	D6	00	01	00	00	00
9512	0	D6	00	01	00	00	00
9513	0	D6	00	01	00	00	00
9514	0	D6	00	01	00	00	00
9515	0	D6	00	01	00	00	00
9516	0	D6	00	01	00	00	00
9517	0	D6	00	01	00	00	00
9518	0	D6	00	01	00	00	00
9519	0	D6	00	01	00	00	00
9520	0	D6	00	01	00	00	00
9521	0	D6	00	01	00	00	00
9522	0	D6	00	01	00	00	00
9523	0	D6	00	01	00	00	00
9524	0	D6	00	01	00	00	00
9525	0	D6	00	01	00	00	00
9526	0	D6	00	01	00	00	00
9527	0	D6	00	01	00	00	00
9528	0	D6	00	01	00	00	00
9529	0	D6	00	01	00	00	00
9530	0	D6	00	01	00	00	00
9531	0	D6	00	01	00	00	00
9532	0	D6	00	01	00	00	00
9533	0	D6	00	01	00	00	00
9534	0	D6	00	01	00	00	00
9535	0	D6	00	01	00	00	00
9536	0	D6	00	01	00	00	00
9537	0	D6	00	01	00	00	00
9538	0	D6	00	01	00	00	00
9539	0	D6	00	01	00	00	00
9540	0	D6	00	01	00	00	00
9541	0	D6	00	01	00	00	00
9542	0	D6	00	01	00	00	00
9543	0	D6	00	01	00	00	00
9544	0	D6	00	01	00	00	00
9545	0	D6	00	01	00	00	00
9546	0	D6	00	01	00	00	00
9547	0	D6	00	01	00	00	00
9548	0	D6	00	01	00	00	00
9549	0	D6	00	01	00	00	00
9550	0	D6	00	01	00	00	00
9551	0	D6	00	01	00	00	00
9552	0	D6	00	01	00	00	00
9553	0	D6	00	01	00	00	00
9554	0	D6	00	01	00	00	00
9555	0	D6	00	01	00	00	00
9556	0	D6	00	01	00	00	00
9557	0	D6	00	01	00	00	00
9558	0	D6	00	01	00	00	00
9559	0	D6	00	01	00	00	00
9560	0	D6	00	01	00	00	00
9561	0	D6	00	01	00	00	00
9562	0	D6	00	01	00	00	00
9563	0	D6	00	01	00	00	00
9564	0	D6	00	01	00	00	00
9565	0	D6	00	01	00	00	00
9566	0	D6	00	01	00	00	00
9567	0	D6	00	01	00	00	00
9568	0	D6	00	01	00	00	00
9569	0	D6	00	01	00	00	00
9570	0	D6	00	01	00	00	00
9571	0	D6	00	01	00	00	00
9572	0	D6	00	01	00	00	00
9573	0	D6	00	01	00	00	00
9574	0	D6	00	01	00	00	00
9575	0	D6	00	01	00	00	00
9576	0	D6	00	01	00	00	00
9577	0	D6	00	01	00	00	00
9578	0	D6	00	01	00	00	00
9579	0	D6	00	01	00	00	00
9580	0	D6	00	01	00	00	00
9581	0	D6	00	01	00	00	00
9582	0	D6	00	01	00	00	00
9583	0	D6	00	01	00	00	00
9584	0	D6	00	01	00	00	00
9585	0	D6	00	01	00	00	00
9586	0	D6	00	01	00	00	00
9587	0	D6	00	01	00	00	00
9588	0	D6	00	01	00	00	00
9589	0	D6	00	01	00	00	00
9590	0	D6	00	01	00	00	00
9591	0	D6	00	01	00	00	00
9592	0	D6	00	01	00	00	00
9593	0	D6	00	01	00	00	00
9594	0	D6	00	01	00	00	00
9595	0	D6	00	01	00	00	00
9596	0	D6	00	01	00	00	00
9597	0	D6	00	01	00	00	00
9598	0	D6	00	01	00	00	00
9599	0	D6	00	01	00	00	00
9600	0	D6	00	01	00	00	00
9601	0	D6	00	01	00	00	00
9602	0	D6	00	01	00	00	00
9603	0	D6	00	01	00	00	00
9604	0	D6	00	01	00	00	00
9605	0	D6	00	01	00	00	00
9606	0	D6	00	01	00	00	00
9607	0	D6	00	01	00	00	00
9608	0	D6	00	01	00	00	00
9609	0	D6	00	01	00	00	00
9610	0	D6	00	01	00	00	00
9611	0	D6	00	01	00	00	00
9612	0	D6	00	01	00	00	00
9613	0	D6	00	01	00	00	00
9614	0	D6	00	01	00	00	00
9615	0	D6	00	01	00	00	00
9616	0	D6	00	01	00	00	00
9617	0	D6	00	01	00	00	00
9618	0	D6	00	01	00	00	00
9619	0	D6	00	01	00	00	00
9620	0	D6	00	01	00	00	00
9621	0	D6	00	01	00	00	00
9622	0	D6	00	01	00	00	00
9623	0	D6	00	01	00	00	00
9624	0	D6	00	01	00	00	00
9625	0	D6	00	01	00	00	00
9626	0	D6	00	01	00	00	00
9627	0	D6	00	01	00	00	00
9628	0	D6	00	01	00	00	00
9629	0	D6	00	01	00	00	00
9630	0	D6	00	01	00	00	00
9631	0	D6	00	01	00	00	00
9632	0	D6	00	01	00	00	00
9633	0	D6	00	01	00	00	00
9634	0	D6	00	01	00	00	00
9635	0	D6	00	01	00	00	00
9636	0	D6	00	01	00	00	00
9637	0	D6	00	01	00	00	00
9638	0	D6	00	01	00	00	00
9639	0	D6	00	01	00	00	00
9640	0	D6	00	01	00	00	00
9641	0	D6	00	01	00	00	00
9642	0	D6	00	01	00	00	00
9643	0	D6	00	01	00	00	00
9644	0	D6	00	01	00	00	00
9645	0	D6	00	01	00	00	00
9646	0	D6	00	01	00	00	00
9647	0	D6	00	01	00	00	00
9648	0	D6	00	01	00	00	00
9649	0	D6	00	01	00	00	00
9650	0	D6	00	01	00	00	00
9651	0	D6	00	01	00	00	00
9652	0	D6	00	01	00	00	00
9653	0	D6	00	01	00	00	00
9654	0	D6	00	01	00	00	00
9655	0	D6	00	01	00	00	00
9656	0	D6	00	01	00	00	00
9657	0	D6	00	01	00	00	00
9658	0	D6	00	01	00	00	00
9659	0	D6	00	01	00	00	00
9660	0	D6	00	01	00	00	00
9661	0	D6	00	01	00	00	00
9662	0	D6	00	01	00	00	00
9663	0	D6	00	01	00	00	00
9664	0	D6	00	01	00	00	00
9665	0	D6	00	01	00	00	00
9666	0	D6	00	01	00	00	00
9667	0	D6	00	01	00	00	00
9668	0	D6	00	01	00	00	00
9669	0	D6	00	01	00	00	00
9670	0	D6	00	01	00	00	00
9671	0	D6	00	01	00	00	00
9672	0	D6	00	01	00	00	00
9673	0	D6	00	01	00	00	00
9674	0	D6	00	01	00	00	00
9675	0	D6	00	01	00	00	00
9676	0	D6	00	01	00	00	00
9677	0	D6	00	01	00	00	00
9678	0	D6	00	01	00	00	00
9679	0	D6	00	01	00	00	00
9680	0	D6	00	01	00	00	00
9681	0	D6	00	01	00	00	00
9682	0	D6	00	01	00	00	00
9683	0	D6	00	01	00	00	00
9684	0	D6	00	01	00	00	00
9685	0	D6	00	01	00	00	00
9686	0	D6	00	01	00	00	00
9687	0	D6	00	01	00	00	00
9688	0	D6	00	01	00	00	00
9689	0	D6	00	01	00	00	00
9690	0	D6	00	01	00	00	00
9691	0	D6	00	01	00	00	00
9692	0	D6	00	01	00	00	00
9693	0	D6	00	01	00	00	00
9694	0	D6	00	01	00	00	00
9695	0	D6	00	01	00	00	00
9696	0	D6	00	01	00	00	00
9697	0	D6	00	01	00	00	00
9698	0	D6	00	01	00	00	00
9699	0	D6	00	01	00	00	00
9700	0	D6	00	01	00	00	00
9701	0	D6	00	01	00	00	00
9702	0	D6	00	01	00	00	00
9703	0	D6	00	01	00	00	00
9704	0	D6	00	01	00	00	00
9705	0	D6	00	01	00	00	00
9706	0	D6	00	01	00	00	00
9707	0	D6	00	01	00	00	00
9708	0	D6	00	01	00	00	00
9709	0	D6	00	01	00	00	00
9710	0	D6	00	01	00	00	00
9711	0	D6	00	01	00	00	00
9712	0	D6	00	01	00	00	00
9713	0	D6	00	01	00	00	00
9714	0	D6	00	01	00	00	00
9715	0	D6	00	01	00	00	00
9716	0	D6	00	01	00	00	00
9717	0	D6	00	01	00	00	00
9718	0	D6	00	01	00	00	00
9719	0	D6	00	01	00	00	00
9720	0	D6	00	01	00	00	00
9721	0	D6	00	01	00	00	00
9722	0	D6	00	01	00	00	00
9723	0	D6	00	01	00	00	00
9724	0	D6	00	01	00	00	00
9725	0	D6	00	01	00	00	00
9726	0	D6	00	01	00	00	00
9727	0	D6	00	01	00	00	00
9728	0	D6	00	01	00	00	00
9729	0	D6	00	01	00	00	00
9730	0	D6	00	01	00	00	00
9731	0	D6	00	01	00	00	00
9732	0	D6	00	01	00	00	00
9733	0	D6	00	01	00	00	00
9734	0	D6	00	01	00	00	00
9735	0	D6	00	01	00	00	00
9736	0	D6	00	01	00	00	00
9737	0	D6	00	01	00	00	00
9738	0	D6	00	01	00	00	00
9739	0	D6	00	01	00	00	00
9740	0	D6	00	01	00	00	00
9741	0	D6	00	01	00	00	00
9742	0	D6	00	01	00	00	00
9743	0	D6	00	01	00	00	00
9744	0	D6	00	01	00	00	00
9745	0	D6	00	01	00	00	00
9746	0	D6	00	01	00	00	00
9747	0	D6	00	01	00	00	00
9748	0	D6	00	01	00	00	00
9749	0	D6	00	01	00	00	00
9750	0	D6	00	01	00	00	00
9751	0	D6	00	01	00	00	00
9752	0	D6	00	01	00	00	00
9753	0	D6	00	01	00	00	00
9754	0	D6	00	01	00	00	00
9755	0	D6	00	01	00	00	00
9756	0	D6	00	01	00	00	00
9757	0	D6	00	01	00	00	00
9758	0	D6	00	01	00	00	00
9759	0	D6	00	01	00	00	00
9760	0	D6	00	01	00	00	00
9761	0	D6	00	01	00	00	00
9762	0	D6	00	01	00	00	00
9763	0	D6	00	01	00	00	00
9764	0	D6	00	01	00	00	00
9765	0	D6	00	01	00	00	00
9766	0	D6	00	01	00	00	00
9767	0	D6	00	01	00	00	00
9768	0	D6	00	01	00	00	00
9769	0	D6	00	01	00	00	00
9770	0	D6	00	01	00	00	00
9771	0	D6	00	01	00	00	00
9772	0	D6	00	01	00	00	00
9773	0	D6	00	01	00	00	00
9774	0	D6	00	01	00	00	00
9775	0	D6	00	01	00	00	00
9776	0	D6	00	01	00	00	00
9777	0	D6	00	01	00	00	00
9778	0	D6	00	01	00	00	00
9779	0	D6	00	01	00	00	00
9780	0	D6	00	01	00	00	00
9781	0	D6	00	01	00	00	00
9782	0	D6	00	01	00	00	00
9783	0	D6	00	01	00	00	00
9784	0	D6	00	01	00	00	00
9785	0	D6	00	01	00	00	00
9786	0	D6	00	01	00	00	00
9787	0	D6	00	01	00	00	00
9788	0	D6	00	01	00	00	00
9789	0	D6	00	01	00	00	00
9790	0	D6	00	01	00	00	00
9791	0	D6	00	01	00	00	00
9792	0	D6	00	01	00	00	00
9793	0	D6	00	01	00	00	00
9794	0	D6	00	01	00	00	00
9795	0	D6	00	01	00	00	00
9796	0	D6	00	01	00	00	00
9797	0	D6	00	01	00	00	00
9798	0	D6	00	01	00	00	00
9799	0	D6	00	01	00	00	00
9800	0	D6	00	01	00	00	00
9801	0	D6	00	01	00	00	00
9802	0	D6	00	01	00	00	00
9803	0	D6	00	01	00	00	00
9804	0	D6	00	01	00	00	00
9805	0	D6	00	01	00	00	00
9806	0	D6	00	01	00	00	00
9807	0	D6	00	01	00	00	00
9808	0	D6	00	01	00	00	00
9809	0	D6	00	01	00	00	00
9810	0	D6	00	01	00	00	00
9811	0	D6	00	01	00	00	00
9812	0	D6	00	01	00	00	00
9813	0	D6	00	01	00	00	00
9814	0	D6	00	01	00	00	00
9815	0	D6	00	01	00	00	00
9816	0	D6	00	01	00	00	00
9817	0	D6	00	01	00	00	00
9818	0	D6	00	01	00	00	00
9819	0	D6	00	01	00	00	00
9820	0	D6	00	01	00	00	00
9821	0	D6	00	01	00	00	00
9822	0	08	00	01	00	00	00
9823	0	08	00	01	00	00	00
9824	0	08	00	01	00	00	00
9825	0	08	00	01	00	00	00
9826	0	08	00	01	00	00	00
9827	0	08	00	01	00	00	00
9828	0	08	00	01	00	00	00
9829	0	08	00	01	00	00	00
9830	0	08	00	01	00	00	00
9831	0	08	00	01	00	00	00
9832	0	08	00	01	00	00	00
9833	0	08	00	01	00	00	00
9834	0	08	00	01	00	00	00
9835	0	08	00	01	00	00	00
9836	0	08	00	01	00	00	00
9837	0	08	00	01	00	00	00
9838	0	08	00	01	00	00	00
9839	0	08	00	01	00	00	00
9840	0	08	00	01	00	00	00
9841	0	08	00	01	00	00	00
9842	0	08	00	01	00	00	00
9843	0	08	00	01	00	00	00
9844	0	08	00	01	00	00	00
9845	0	08	00	01	00	00	00
9846	0	08	00	01	00	00	00
9847	0	08	00	01	00	00	00
9848	0	08	00	01	00	00	00
9849	0	08	00	01	00	00	00
9850	0	08	00	01	00	00	00
9851	0	08	00	01	00	00	00
9852	0	08	00	01	00	00	00
9853	0	08	00	01	00	00	00
9854	0	08	00	01	00	00	00
9855	0	08	00	01	00	00	00
9856	0	08	00	01	00	00	00
9857	0	08	00	01	00	00	00
9858	0	08	00	01	00	00	00
9859	0	08	00	01	00	00	00
9860	0	08	00	01	00	00	00
9861	0	08	00	01	00	00	00
9862	0	08	00	01	00	00	00
9863	0	08	00	01	00	00	00
9864	0	08	00	01	00	00	00
9865	0	08	00	01	00	00	00
9866	0	08	00	01	00	00	00
9867	0	08	00	01	00	00	00
9868	0	08	00	01	00	00	00
9869	0	08	00	01	00	00	00
9870	0	08	00	01	00	00	00
9871	0	08	00	01	00	00	00
9872	0	08	00	01	00	00	00
9873	0	08	00	01	00	00	00
9874	0	08	00	01	00	00	00
9875	0	08	00	01	00	00	00
9876	0	08	00	01	00	00	00
9877	0	08	00	01	00	00	00
9878	0	08	00	01	00	00	00
9879	0	08	00	01	00	00	00
9880	0	08	00	01	00	00	00
9881	0	08	00	01	00	00	00
9882	0	08	00	01	00	00	00
9883	0	08	00	01	00	00	00
9884	0	08	00	01	00	00	00
9885	0	08	00	01	00	00	00
9886	0	08	00	01	00	00	00
9887	0	08	00	01	00	00	00
9888	0	08	00	01	00	00	00
9889	0	08	00	01	00	00	00
9890	0	08	00	01	00	00	00
9891	0	08	00	01	00	00	00
9892	0	08	00	01	00	00	00
9893	0	FC	00	01	00	00	00
9894	0	FC	00	01	00	00	00
9895	0	FC	00	01	00	00	00
9896	0	FC	00	01	00	00	00
9897	0	FC	00	01	00	00	00
9898	0	FC	00	01	00	00	00
9899	0	FC	00	01	00	00	00
9900	0	FC	00	01	00	00	00
9901	0	FC	00	01	00	00	00
9902	0	FC	00	01	00	00	00
9903	0	FC	00	01	00	00	00
9904	0	FC	00	01	00	00	00
9905	0	FC	00	01	00	00	00
9906	0	FC	00	01	00	00	00
9907	0	FC	00	01	00	00	00
9908	0	FC	00	01	00	00	00
9909	0	FC	00	01	00	00	00
9910	0	FC	00	01	00	00	00
9911	0	FC	00	01	00	00	00
9912	0	FC	00	01	00	00	00
9913	0	FC	00	01	00	00	00
9914	0	FC	00	01	00	00	00
9915	0	FC	00	01	00	00	00
9916	0	FC	00	01	00	00	00
9917	0	FC	00	01	00	00	00
9918	0	FC	00	01	00	00	00
9919	0	FC	00	01	00	00	00
9920	0	FC	00	01	00	00	00
9921	0	FC	00	01	00	00	00
9922	0	FC	00	01	00	00	00
9923	0	FC	00	01	00	00	00
9924	0	FC	00	01	00	00	00
9925	0	FC	00	01	00	00	00
9926	0	FC	00	01	00	00	00
9927	0	FC	00	01	00	00	00
9928	0	FC	00	01	00	00	00
9929	0	FC	00	01	00	00	00
9930	0	FC	00	01	00	00	00
9931	0	FC	00	01	00	00	00
9932	0	FC	00	01	00	00	00
9933	0	FC	00	01	00	00	00
9934	0	FC	00	01	00	00	00
9935	0	FC	00	01	00	00	00
9936	0	FC	00	01	00	00	00
9937	0	FC	00	01	00	00	00
9938	0	FC	00	01	00	00	00
9939	0	FC	00	01	00	00	00
9940	0	FC	00	01	00	00	00
9941	0	FC	00	01	00	00	00
9942	0	FC	00	01	00	00	00
9943	0	FC	00	01	00	00	00
9944	0	FC	00	01	00	00	00
9945	0	FC	00	01	00	00	00
9946	0	FC	00	01	00	00	00
9947	0	FC	00	01	00	00	00
9948	0	FC	00	01	00	00	00
9949	0	FC	00	01	00	00	00
9950	0	FC	00	01	00	00	00
9951	0	FC	00	01	00	00	00
9952	0	FC	00	01	00	00	00
9953	0	FC	00	01	00	00	00
9954	0	FC	00	01	00	00	00
9955	0	FC	00	01	00	00	00
9956	0	FC	00	01	00	00	00
9957	0	FC	00	01	00	00	00
9958	0	FC	00	01	00	00	00
9959	0	FC	00	01	00	00	00
9960	0	FC	00	01	00	00	00
9961	0	FC	00	01	00	00	00
9962	0	FC	00	01	00	00	00
9963	0	FC	00	01	00	00	00
9964	0	FC	00	01	00	00	00
9965	0	FC	00	01	00	00	00
9966	0	FC	00	01	00	00	00
9967	0	FC	00	01	00	00	00
9968	0	FC	00	01	00	00	00
9969	0	FC	00	01	00	00	00
9970	0	FC	00	01	00	00	00
9971	0	FC	00	01	00	00	00
9972	0	FC	00	01	00	00	00
9973	0	FC	00	01	00	00	00
9974	0	FC	00	01	00	00	00
9975	0	FC	00	01	00	00	00
9976	0	FC	00	01	00	00	00
9977	0	FC	00	01	00	00	00
9978	0	FC	00	01	00	00	00
9979	0	FC	00	01	00	00	00
9980	0	FC	00	01	00	00	00
9981	0	FC	00	01	00	00	00
9982	0	FC	00	01	00	00	00
9983	0	FC	00	01	00	00	00
9984	0	FC	00	01	00	00	00
9985	0	FC	00	01	00	00	00
9986	0	FC	00	01	00	00	00
9987	0	FC	00	01	00	00	00
9988	0	FC	00	01	00	00	00
9989	0	FC	00	01	00	00	00
9990	0	FC	00	01	00	00	00
9991	0	FC	00	01	00	00	00
9992	0	FC	00	01	00	00	00
9993	0	FC	00	01	00	00	00
9994	0	FC	00	01	00	00	00
9995	0	FC	00	01	00	00	00
9996	0	FC	00	01	00	00	00
9997	0	FC	00	01	00	00	00
9998	0	FC	00	01	00	00	00
9999	0	FC	00	01	00	00	00
10000	0	FC	00	01	00	00	00
10001	0	FC	00	01	00	00	00
10002	0	FC	00	01	00	00	00
10003	0	FC	00	01	00	00	00
10004	0	FC	00	01	00	00	00
10005	0	FC	00	01	00	00	00
10006	0	FC	00	01	00	00	00
10007	0	FC	00	01	00	00	00
10008	0	FC	00	01	00	00	00
10009	0	FC	00	01	00	00	00
10010	0	FC	00	01	00	00	00
10011	0	FC	00	01	00	00	00
10012	0	FC	00	01	00	00	00
10013	0	FC	00	01	00	00	00
10014	0	FC	00	01	00	00	00
10015	0	FC	00	01	00	00	00
10016	0	FC	00	01	00	00	00
10017	0	FC	00	01	00	00	00
10018	0	FC	00	01	00	00	00
10019	0	FC	00	01	00	00	00
10020	0	FC	00	01	00	00	00
10021	0	FC	00	01	00	00	00
10022	0	FC	00	01	00	00	00
10023	0	FC	00	01	00	00	00
10024	0	FC	00	01	00	00	00
10025	0	FC	00	01	00	00	00
10026	0	FC	00	01	00	00	00
10027	0	FC	00	01	00	00	00
10028	0	FC	00	01	00	00	00
10029	0	FC	00	01	00	00	00
10030	0	FC	00	01	00	00	00
10031	0	FC	00	01	00	00	00
10032	0	FC	00	01	00	00	00
10033	0	FC	00	01	00	00	00
10034	0	FC	00	01	00	00	00
10035	0	FC	00	01	00	00	00
10036	0	FC	00	01	00	00	00
10037	0	FC	00	01	00	00	00
10038	0	FC	00	01	00	00	00
10039	0	FC	00	01	00	00	00
10040	0	FC	00	01	00	00	00
10041	0	FC	00	01	00	00	00
10042	0	FC	00	01	00	00	00
10043	0	FC	00	01	00	00	00
10044	0	FC	00	01	00	00	00
10045	0	FC	00	01	00	00	00
10046	0	FC	00	01	00	00	00
10047	0	FC	00	01	00	00	00
10048	0	FC	00	01	00	00	00
10049	0	FC	00	01	00	00	00
10050	0	FC	00	01	00	00	00
10051	0	FC	00	01	00	00	00
10052	0	FC	00	01	00	00	00
10053	0	FC	00	01	00	00	00
10054	0	FC	00	01	00	00	00
10055	0	FC	00	01	00	00	00
10056	0	FC	00	01	00	00	00
10057	0	FC	00	01	00	00	00
10058	0	FC	00	01	00	00	00
10059	0	FC	00	01	00	00	00
10060	0	FC	00	01	00	00	00
10061	0	FC	00	01	00	00	00
10062	0	FC	00	01	00	00	00
10063	0	FC	00	01	00	00	00
10064	0	FC	00	01	00	00	00
10065	0	FC	00	01	00	00	00
10066	0	FC	00	01	00	00	00
10067	0	FC	00	01	00	00	00
10068	0	FC	00	01	00	00	00
10069	0	FC	00	01	00	00	00
10070	0	FC	00	01	00	00	00
10071	0	FC	00	01	00	00	00
10072	0	FC	00	01	00	00	00
10073	0	FC	00	01	00	00	00
10074	0	FC	00	01	00	00	00
10075	0	FC	00	01	00	00	00
10076	0	FC	00	01	00	00	00
10077	0	FC	00	01	00	00	00
10078	0	FC	00	01	00	00	00
10079	0	FC	00	01	00	00	00
10080	0	FC	00	01	00	00	00
10081	0	FC	00	01	00	00	00
10082	0	FC	00	01	00	00	00
10083	0	FC	00	01	00	00	00
10084	0	FC	00	01	00	00	00
10085	0	FC	00	01	00	00	00
10086	0	FC	00	01	00	00	00
10087	0	FC	00	01	00	00	00
10088	0	FC	00	01	00	00	00
10089	0	FC	00	01	00	00	00
10090	0	FC	00	01	00	00	00
10091	0	FC	00	01	00	00	00
10092	0	FC	00	01	00	00	00
10093	0	FC	00	01	00	00	00
10094	0	FC	00	01	00	00	00
10095	0	FC	00	01	00	00	00
10096	0	FC	00	01	00	00	00
10097	0	FC	00	01	00	00	00
10098	0	FC	00	01	00	00	00
10099	0	FC	00	01	00	00	00
10100	0	FC	00	01	00	00	00
10101	0	FC	00	01	00	00	00
10102	0	FC	00	01	00	00	00
10103	0	FC	00	01	00	00	00
10104	0	FC	00	01	00	00	00
10105	0	FC	00	01	00	00	00
10106	0	FC	00	01	00	00	00
10107	0	FC	00	01	00	00	00
10108	0	FC	00	01	00	00	00
10109	0	FC	00	01	00	00	00
10110	0	FC	00	01	00	00	00
10111	0	FC	00	01	00	00	00
10112	0	FC	00	01	00	00	00
10113	0	FC	00	01	00	00	00
10114	0	FC	00	01	00	00	00
10115	0	FC	00	01	00	00	00
10116	0	FC	00	01	00	00	00
10117	0	FC	00	01	00	00	00
10118	0	FC	00	01	00	00	00
10119	0	FC	00	01	00	00	00
10120	0	FC	00	01	00	00	00
10121	0	FC	00	01	00	00	00
10122	0	FC	00	01	00	00	00
10123	0	FC	00	01	00	00	00
10124	0	FC	00	01	00	00	00
10125	0	FC	00	01	00	00	00
10126	0	FC	00	01	00	00	00
10127	0	FC	00	01	00	00	00
10128	0	FC	00	01	00	00	00
10129	0	FC	00	01	00	00	00
10130	0	FC	00	01	00	00	00
10131	0	FC	00	01	00	00	00
10132	0	FC	00	01	00	00	00
10133	0	FC	00	01	00	00	00
10134	0	FC	00	01	00	00	00
10135	0	FC	00	01	00	00	00
10136	0	FC	00	01	00	00	00
10137	0	FC	00	01	00	00	00
10138	0	FC	00	01	00	00	00
10139	0	FC	00	01	00	00	00
10140	0	FC	00	01	00	00	00
10141	0	FC	00	01	00	00	00
10142	0	FC	00	01	00	00	00
10143	0	FC	00	01	00	00	00
10144	0	FC	00	01	00	00	00
10145	0	FC	00	01	00	00	00
10146	0	FC	00	01	00	00	00
10147	0	FC	00	01	00	00	00
10148	0	FC	00	01	00	00	00
10149	0	FC	00	01	00	00	00
10150	0	FC	00	01	00	00	00
10151	0	FC	00	01	00	00	00
10152	0	FC	00	01	00	00	00
10153	0	FC	00	01	00	00	00
10154	0	FC	00	01	00	00	00
10155	0	FC	00	01	00	00	00
10156	0	FC	00	01	00	00	00
10157	0	FC	00	01	00	00	00
10158	0	FC	00	01	00	00	00
10159	0	FC	00	01	00	00	00
10160	0	FC	00	01	00	00	00
10161	0	FC	00	01	00	00	00
10162	0	FC	00	01	00	00	00
10163	0	FC	00	01	00	00	00
10164	0	FC	00	01	00	00	00
10165	0	FC	00	01	00	00	00
10166	0	FC	00	01	00	00	00
10167	0	FC	00	01	00	00	00
10168	0	FC	00	01	00	00	00
10169	0	FC	00	01	00	00	00
10170	0	FC	00	01	00	00	00
10171	0	FC	00	01	00	00	00
10172	0	FC	00	01	00	00	00
10173	0	FC	00	01	00	00	00
10174	0	FC	00	01	00	00	00
10175	0	FC	00	01	00	00	00
10176	0	FC	00	01	00	00	00
10177	0	FC	00	01	00	00	00
10178	0	FC	00	01	00	00	00
10179	0	FC	00	01	00	00	00
10180	0	FC	00	01	00	00	00
10181	0	FC	00	01	00	00	00
10182	0	FC	00	01	00	00	00
10183	0	FC	00	01	00	00	00
10184	0	FC	00	01	00	00	00
10185	0	FC	00	01	00	00	00
10186	0	FC	00	01	00	00	00
10187	0	FC	00	01	00	00	00
10188	0	FC	00	01	00	00	00
10189	0	FC	00	01	00	00	00
10190	0	FC	00	01	00	00	00
10191	0	FC	00	01	00	00	00
10192	0	FC	00	01	00	00	00
10193	0	FC	00	01	00	00	00
10194	0	FC	00	01	00	00	00
10195	0	FC	00	01	00	00	00
10196	0	FC	00	01	00	00	00
10197	0	FC	00	01	00	00	00
10198	0	FC	00	01	00	00	00
10199	0	FC	00	01	00	00	00
10200	0	FC	00	01	00	00	00
10201	0	FC	00	01	00	00	00
10202	0	FC	00	01	00	00	00
10203	0	FC	00	01	00	00	00
10204	0	FC	00	01	00	00	00
10205	0	FC	00	01	00	00	00
10206	0	FC	00	01	00	00	00
10207	0	FC	00	01	00	00	00
10208	0	FC	00	01	00	00	00
10209	0	FC	00	01	00	00	00
10210	0	FC	00	01	00	00	00
10211	0	FC	00	01	00	00	00
10212	0	FC	00	01	00	00	00
10213	0	FC	00	01	00	00	00
10214	0	FC	00	01	00	00	00
10215	0	FC	00	01	00	00	00
10216	0	FC	00	01	00	00	00
10217	0	FC	00	01	00	00	00
10218	0	FC	00	01	00	00	00
10219	0	FC	00	01	00	00	00
10220	0	FC	00	01	00	00	00
10221	0	FC	00	01	00	00	00
10222	0	FC	00	01	00	00	00
10223	0	FC	00	01	00	00	00
10224	0	FC	00	01	00	00	00
10225	0	FC	00	01	00	00	00
10226	0	FC	00	01	00	00	00
10227	0	FC	00	01	00	00	00
10228	0	FC	00	01	00	00	00
10229	0	FC	00	01	00	00	00
10230	0	FC	00	01	00	00	00
10231	0	FC	00	01	00	00	00
10232	0	FC	00	01	00	00	00
10233	0	FC	00	01	00	00	00
10234	0	FC	00	01	00	00	00
10235	0	FC	00	01	00	00	00
10236	0	FC	00	01	00	00	00
10237	0	FC	00	01	00	00	00
10238	0	FC	00	01	00	00	00
10239	0	FC	00	01	00	00	00
10240	0	FC	00	01	00	00	00
10241	0	FC	00	01	00	00	00
10242	0	FC	00	01	00	00	00
10243	0	FC	00	01	00	00	00
10244	0	FC	00	01	00	00	00
10245	0	FC	00	01	00	00	00
10246	0	FC	00	01	00	00	00
10247	0	FC	00	01	00	00	00
10248	0	FC	00	01	00	00	00
10249	0	FC	00	01	00	00	00
10250	0	FC	00	01	00	00	00
10251	0	FC	00	01	00	00	00
10252	0	FC	00	01	00	00	00
10253	0	FC	00	01	00	00	00
10254	0	FC	00	01	00	00	00
10255	0	FC	00	01	00	00	00
10256	0	FC	00	01	00	00	00
10257	0	FC	00	01	00	00	00
10258	0	FC	00	01	00	00	00
10259	0	FC	00	01	00	00	00
10260	0	FC	00	01	00	00	00
10261	0	FC	00	01	00	00	00
10262	0	FC	00	01	00	00	00
10263	0	FC	00	01	00	00	00
10264	0	FC	00	01	00	00	00
10265	0	FC	00	01	00	00	00
10266	0	FC	00	01	00	00	00
10267	0	FC	00	01	00	00	00
10268	0	FC	00	01	00	00	00
10269	0	FC	00	01	00	00	00
10270	0	FC	00	01	00	00	00
10271	0	FC	00	01	00	00	00
10272	0	FC	00	01	00	00	00
10273	0	FC	00	01	00	00	00
10274	0	FC	00	01	00	00	00
10275	0	FC	00	01	00	00	00
10276	0	FC	00	01	00	00	00
10277	0	FC	00	01	00	00	00
10278	0	FC	00	01	00	00	00
10279	0	FC	00	01	00	00	00
10280	0	FC	00	01	00	00	00
10281	0	FC	00	01	00	00	00
10282	0	FC	00	01	00	00	00
10283	0	FC	00	01	00	00	00
10284	0	FC	00	01	00	00	00
10285	0	FC	00	01	00	00	00
10286	0	FC	00	01	00	00	00
10287	0	FC	00	01	00	00	00
10288	0	FC	00	01	00	00	00
10289	0	FC	00	01	00	00	00
10290	0	FC	00	01	00	00	00
10291	0	FC	00	01	00	00	00
10292	0	FC	00	01	00	00	00
10293	0	FC	00	01	00	00	00
10294	0	FC	00	01	00	00	00
10295	0	FC	00	01	00	00	00
10296	0	FC	00	01	00	00	00
10297	0	FC	00	01	00	00	00
10298	0	FC	00	01	00	00	00
10299	0	FC	00	01	00	00	00
10300	0	FC	00	01	00	00	00
10301	0	FC	00	01	00	00	00
10302	0	FC	00	01	00	00	00
10303	0	FC	00	01	00	00	00
10304	0	FC	00	01	00	00	00
10305	0	FC	00	01	00	00	00
10306	0	FC	00	01	00	00	00
10307	0	FC	00	01	00	00	00
10308	0	FC	00	01	00	00	00
10309	0	FC	00	01	00	00	00
10310	0	FC	00	01	00	00	00
10311	0	FC	00	01	00	00	00
10312	0	FC	00	01	00	00	00
10313	0	FC	00	01	00	00	00
10314	0	FC	00	01	00	00	00
10315	0	FC	00	01	00	00	00
10316	0	FC	00	01	00	00	00
10317	0	FC	00	01	00	00	00
10318	0	FC	00	01	00	00	00
10319	0	FC	00	01	00	00	00
10320	0	FC	00	01	00	00	00
10321	0	FC	00	01	00	00	00
10322	0	FC	00	01	00	00	00
10323	0	FC	00	01	00	00	00
10324	0	FC	00	01	00	00	00
10325	0	FC	00	01	00	00	00
10326	0	FC	00	01	00	00	00
10327	0	FC	00	01	00	00	00
10328	0	FC	00	01	00	00	00
10329	0	FC	00	01	00	00	00
10330	0	FC	00	01	00	00	00
10331	0	FC	00	01	00	00	00
10332	0	FC	00	01	00	00	00
10333	0	FC	00	01	00	00	00
10334	0	FC	00	01	00	00	00
10335	0	FC	00	01	00	00	00
10336	0	FC	00	01	00	00	00
10337	0	FC	00	01	00	00	00
10338	0	FC	00	01	00	00	00
10339	0	FC	00	01	00	00	00
10340	0	FC	00	01	00	00	00
10341	0	FC	00	01	00	00	00
10342	0	FC	00	01	00	00	00
10343	0	FC	00	01	00	00	00
10344	0	FC	00	01	00	00	00
10345	0	FC	00	01	00	00	00
10346	0	FC	00	01	00	00	00
10347	0	FC	00	01	00	00	00
10348	0	FC	00	01	00	00	00
10349	0	FC	00	01	00	00	00
10350	0	FC	00	01	00	00	00
10351	0	FC	00	01	00	00	00
10352	0	FC	00	01	00	00	00
10353	0	FC	00	01	00	00	00
10354	0	FC	00	01	00	00	00
10355	0	FC	00	01	00	00	00
10356	0	FC	00	01	00	00	00
10357	0	FC	00	01	00	00	00
10358	0	FC	00	01	00	00	00
10359	0	FC	00	01	00	00	00
10360	0	FC	00	01	00	00	00
10361	0	FC	00	01	00	00	00
10362	0	FC	00	01	00	00	00
10363	0	FC	00	01	00	00	00
10364	0	FC	00	01	00	00	00
10365	0	FC	00	01	00	00	00
10366	0	FC	00	01	00	00	00
10367	0	FC	00	01	00	00	00
10368	0	FC	00	01	00	00	00
10369	0	FC	00	01	00	00	00
10370	0	FC	00	01	00	00	00
10371	0	FC	00	01	00	00	00
10372	0	FC	00	01	00	00	00
10373	0	FC	00	01	00	00	00
10374	0	FC	00	01	00	00	00
10375	0	FC	00	01	00	00	00
10376	0	FC	00	01	00	00	00
10377	0	FC	00	01	00	00	00
10378	0	FC	00	01	00	00	00
10379	0	FC	00	01	00	00	00
10380	0	FC	00	01	00	00	00
10381	0	FC	00	01	00	00	00
10382	0	FC	00	01	00	00	00
10383	0	FC	00	01	00	00	00
10384	0	FC	00	01	00	00	00
10385	0	FC	00	01	00	00	00
10386	0	FC	00	01	00	00	00
10387	0	FC	00	01	00	00	00
10388	0	FC	00	01	00	00	00
10389	0	FC	00	01	00	00	00
10390	0	FC	00	01	00	00	00
10391	0	FC	00	01	00	00	00
10392	0	FC	00	01	00	00	00
10393	0	FC	00	01	00	00	00
10394	0	FC	00	01	00	00	00
10395	0	FC	00	01	00	00	00
10396	0	FC	00	01	00	00	00
10397	0	FC	00	01	00	00	00
10398	0	FC	00	01	00	00	00
10399	0	FC	00	01	00	00	00
10400	0	FC	00	01	00	00	00
10401	0	FC	00	01	00	00	00
10402	0	FC	00	01	00	00	00
10403	0	FC	00	01	00	00	00
10404	0	FC	00	01	00	00	00
10405	0	FC	00	01	00	00	00
10406	0	FC	00	01	00	00	00
10407	0	FC	00	01	00	00	00
10408	0	FC	00	01	00	00	00
10409	0	FC	00	01	00	00	00
10410	0	FC	00	01	00	00	00
10411	0	FC	00	01	00	00	00
10412	0	FC	00	01	00	00	00
10413	0	FC	00	01	00	00	00
10414	0	FC	00	01	00	00	00
10415	0	FC	00	01	00	00	00
10416	0	FC	00	01	00	00	00
10417	0	FC	00	01	00	00	00
10418	0	FC	00	01	00	00	00
10419	0	FC	00	01	00	00	00
10420	0	FC	00	01	00	00	00
10421	0	FC	00	01	00	00	00
10422	0	FC	00	01	00	00	00
10423	0	FC	00	01	00	00	00
10424	0	FC	00	01	00	00	00
10425	0	FC	00	01	00	00	00
10426	0	FC	00	01	00	00	00
10427	0	FC	00	01	00	00	00
10428	0	FC	00	01	00	00	00
10429	0	FC	00	01	00	00	00
10430	0	FC	00	01	00	00	00
10431	0	FC	00	01	00	00	00
10432	0	FC	00	01	00	00	00
10433	0	FC	00	01	00	00	00
10434	0	FC	00	01	00	00	00
10435	0	FC	00	01	00	00	00
10436	0	FC	00	01	00	00	00
10437	0	FC	00	01	00	00	00
10438	0	FC	00	01	00	00	00
10439	0	FC	00	01	00	00	00
10440	0	FC	00	01	00	00	00
10441	0	FC	00	01	00	00	00
10442	0	FC	00	01	00	00	00
10443	0	FC	00	01	00	00	00
10444	0	FC	00	01	00	00	00
10445	0	FC	00	01	00	00	00
10446	0	FC	00	01	00	00	00
10447	0	FC	00	01	00	00	00
10448	0	FC	00	01	00	00	00
10449	0	FC	00	01	00	00	00
10450	0	FC	00	01	00	00	00
10451	0	FC	00	01	00	00	00
10452	0	FC	00	01	00	00	00
10453	0	FC	00	01	00	00	00
10454	0	FC	00	01	00	00	00
10455	0	FC	00	01	00	00	00
10456	0	FC	00	01	00	00	00
10457	0	FC	00	01	00	00	00
10458	0	FC	00	01	00	00	00
10459	0	FC	00	01	00	00	00
10460	0	FC	00	01	00	00	00
10461	0	FC	00	01	00	00	00
10462	0	FC	00	01	00	00	00
10463	0	FC	00	01	00	00	00
10464	0	FC	00	01	00	00	00
10465	0	FC	00	01	00	00	00
10466	0	FC	00	01	00	00	00
10467	0	FC	00	01	00	00	00
10468	0	FC	00	01	00	00	00
10469	0	FC	00	01	00	00	00
10470	0	FC	00	01	00	00	00
10471	0	FC	00	01	00	00	00
10472	0	FC	00	01	00	00	00
10473	0	FC	00	01	00	00	00
10474	0	FC	00	01	00	00	00
10475	0	FC	00	01	00	00	00
10476	0	FC	00	01	00	00	00
10477	0	FC	00	01	00	00	00
10478	0	FC	00	01	00	00	00
10479	0	FC	00	01	00	00	00
10480	0	FC	00	01	00	00	00
10481	0	FC	00	01	00	00	00
10482	0	FC	00	01	00	00	00
10483	0	FC	00	01	00	00	00
10484	0	FC	00	01	00	00	00
10485	0	FC	00	01	00	00	00
10486	0	FC	00	01	00	00	00
10487	0	FC	00	01	00	00	00
10488	0	FC	00	01	00	00	00
10489	0	FC	00	01	00	00	00
10490	0	FC	00	01	00	00	00
10491	0	FC	00	01	00	00	00
10492	0	FC	00	01	00	00	00
10493	0	FC	00	01	00	00	00
10494	0	FC	00	01	00	00	00
10495	0	FC	00	01	00	00	00
10496	0	FC	00	01	00	00	00
10497	0	FC	00	01	00	00	00
10498	0	FC	00	01	00	00	00
10499	0	FC	00	01	00	00	00
10500	0	FC	00	01	00	00	00
