frame	crossing_weapon	top_r0	ui_r2	ui_r3	backup_r2	backup_r3	flag
6500	0	08	00	00	00	00	00
6501	0	08	00	00	00	00	00
6502	0	08	00	00	00	00	00
6503	0	08	00	00	00	00	00
6504	0	08	00	00	00	00	00
6505	0	08	00	00	00	00	00
6506	0	08	00	00	00	00	00
6507	0	08	00	00	00	00	00
6508	0	08	00	00	00	00	00
6509	0	08	00	00	00	00	00
6510	0	08	00	00	00	00	00
6511	0	08	00	00	00	00	00
6512	0	08	00	00	00	00	00
6513	0	08	00	00	00	00	00
6514	0	08	00	00	00	00	00
6515	0	08	00	00	00	00	00
6516	0	08	00	00	00	00	00
6517	0	08	00	00	00	00	00
6518	0	08	00	00	00	00	00
6519	0	08	00	00	00	00	00
6520	0	08	00	00	00	00	00
6521	0	08	00	00	00	00	00
6522	0	08	00	00	00	00	00
6523	0	08	00	00	00	00	00
6524	0	08	00	00	00	00	00
6525	0	08	00	00	00	00	00
6526	0	08	00	00	00	00	00
6527	0	08	00	00	00	00	00
6528	0	08	00	00	00	00	00
6529	0	08	00	00	00	00	00
6530	0	08	00	00	00	00	00
6531	0	08	00	00	00	00	00
6532	0	08	00	00	00	00	00
6533	0	08	00	00	00	00	00
6534	0	08	00	00	00	00	00
6535	0	08	00	00	00	00	00
6536	0	08	00	00	00	00	00
6537	0	08	00	00	00	00	00
6538	0	08	00	00	00	00	00
6539	0	08	00	00	00	00	00
6540	0	08	00	00	00	00	00
6541	0	08	00	00	00	00	00
6542	0	08	00	00	00	00	00
6543	0	08	00	00	00	00	00
6544	0	08	00	00	00	00	00
6545	0	08	00	00	00	00	00
6546	0	08	00	00	00	00	00
6547	0	08	00	00	00	00	00
6548	0	08	00	00	00	00	00
6549	0	08	00	00	00	00	00
6550	0	08	00	00	00	00	00
6551	0	08	00	00	00	00	00
6552	0	08	00	00	00	00	00
6553	0	08	00	00	00	00	00
6554	0	08	00	00	00	00	00
6555	0	08	00	00	00	00	00
6556	0	08	00	00	00	00	00
6557	0	08	00	00	00	00	00
6558	0	08	00	00	00	00	00
6559	0	08	00	00	00	00	00
6560	0	08	00	00	00	00	00
6561	0	08	00	00	00	00	00
6562	0	08	00	00	00	00	00
6563	0	08	00	00	00	00	00
6564	0	08	00	00	00	00	00
6565	0	08	00	00	00	00	00
6566	0	08	00	00	00	00	00
6567	0	08	00	00	00	00	00
6568	0	08	00	00	00	00	00
6569	0	08	00	00	00	00	00
6570	0	08	00	00	00	00	00
6571	0	08	00	00	00	00	00
6572	0	08	00	00	00	00	00
6573	0	08	00	00	00	00	00
6574	0	08	00	00	00	00	00
6575	0	08	00	00	00	00	00
6576	0	08	00	00	00	00	00
6577	0	08	00	00	00	00	00
6578	0	08	00	00	00	00	00
6579	0	08	00	00	00	00	00
6580	0	08	00	00	00	00	00
6581	0	08	00	00	00	00	00
6582	0	08	00	00	00	00	00
6583	0	08	00	00	00	00	00
6584	0	08	00	00	00	00	00
6585	0	08	00	00	00	00	00
6586	0	08	00	00	00	00	00
6587	0	08	00	00	00	00	00
6588	0	08	00	00	00	00	00
6589	0	08	00	00	00	00	00
6590	0	08	00	00	00	00	00
6591	0	08	00	00	00	00	00
6592	0	08	00	00	00	00	00
6593	0	08	00	00	00	00	00
6594	0	08	00	00	00	00	00
6595	0	08	00	00	00	00	00
6596	0	08	00	00	00	00	00
6597	0	08	00	00	00	00	00
6598	0	08	00	00	00	00	00
6599	0	08	00	00	00	00	00
6600	0	08	00	00	00	00	00
6601	0	08	00	00	00	00	00
6602	0	08	00	00	00	00	00
6603	0	08	00	00	00	00	00
6604	0	08	00	00	00	00	00
6605	0	08	00	00	00	00	00
6606	0	08	00	00	00	00	00
6607	0	08	00	00	00	00	00
6608	0	08	00	00	00	00	00
6609	0	08	00	00	00	00	00
6610	0	08	00	00	00	00	00
6611	0	08	00	00	00	00	00
6612	0	08	00	00	00	00	00
6613	0	08	00	00	00	00	00
6614	0	08	00	00	00	00	00
6615	0	08	00	00	00	00	00
6616	0	08	00	00	00	00	00
6617	0	08	00	00	00	00	00
6618	0	08	00	00	00	00	00
6619	0	08	00	00	00	00	00
6620	0	08	00	00	00	00	00
6621	0	08	00	00	00	00	00
6622	0	08	00	00	00	00	00
6623	0	08	00	00	00	00	00
6624	0	08	00	00	00	00	00
6625	0	08	00	00	00	00	00
6626	0	08	00	00	00	00	00
6627	0	08	00	00	00	00	00
6628	0	08	00	00	00	00	00
6629	0	08	00	00	00	00	00
6630	0	08	00	00	00	00	00
6631	0	08	00	00	00	00	00
6632	0	08	00	00	00	00	00
6633	0	08	00	00	00	00	00
6634	0	08	00	00	00	00	00
6635	0	08	00	00	00	00	00
6636	0	08	00	00	00	00	00
6637	0	08	00	00	00	00	00
6638	0	08	00	00	00	00	00
6639	0	08	00	00	00	00	00
6640	0	08	00	00	00	00	00
6641	0	08	00	00	00	00	00
6642	0	08	00	00	00	00	00
6643	0	08	00	00	00	00	00
6644	0	08	00	00	00	00	00
6645	0	08	00	00	00	00	00
6646	0	08	00	00	00	00	00
6647	0	08	00	00	00	00	00
6648	0	08	00	00	00	00	00
6649	0	08	00	00	00	00	00
6650	0	08	00	00	00	00	00
6651	0	08	00	00	00	00	00
6652	0	08	00	00	00	00	00
6653	0	08	00	00	00	00	00
6654	0	08	00	00	00	00	00
6655	0	08	00	00	00	00	00
6656	0	08	00	00	00	00	00
6657	0	08	00	00	00	00	00
6658	0	08	00	00	00	00	00
6659	0	08	00	00	00	00	00
6660	0	08	00	00	00	00	00
6661	0	08	00	00	00	00	00
6662	0	08	00	00	00	00	00
6663	0	08	00	00	00	00	00
6664	0	08	00	00	00	00	00
6665	0	08	00	00	00	00	00
6666	0	08	00	00	00	00	00
6667	0	08	00	00	00	00	00
6668	0	08	00	00	00	00	00
6669	0	08	00	00	00	00	00
6670	0	08	00	00	00	00	00
6671	0	08	00	00	00	00	00
6672	0	08	00	00	00	00	00
6673	0	08	00	00	00	00	00
6674	0	08	00	00	00	00	00
6675	0	08	00	00	00	00	00
6676	0	08	00	00	00	00	00
6677	0	08	00	00	00	00	00
6678	0	08	00	00	00	00	00
6679	0	08	00	00	00	00	00
6680	0	08	00	00	00	00	00
6681	0	08	00	00	00	00	00
6682	0	08	00	00	00	00	00
6683	0	08	00	00	00	00	00
6684	0	08	00	00	00	00	00
6685	0	08	00	00	00	00	00
6686	0	08	00	00	00	00	00
6687	0	08	00	00	00	00	00
6688	0	08	00	00	00	00	00
6689	0	08	00	00	00	00	00
6690	0	08	00	00	00	00	00
6691	0	08	00	00	00	00	00
6692	0	08	00	00	00	00	00
6693	0	08	00	00	00	00	00
6694	0	08	00	00	00	00	00
6695	0	08	00	00	00	00	00
6696	0	08	00	00	00	00	00
6697	0	08	00	00	00	00	00
6698	0	08	00	00	00	00	00
6699	0	08	00	00	00	00	00
6700	0	08	00	00	00	00	00
6701	0	08	00	00	00	00	00
6702	0	08	00	00	00	00	00
6703	0	08	00	00	00	00	00
6704	0	08	00	00	00	00	00
6705	0	08	00	00	00	00	00
6706	0	08	00	00	00	00	00
6707	0	08	00	00	00	00	00
6708	0	08	00	00	00	00	00
6709	0	08	00	00	00	00	00
6710	0	08	00	00	00	00	00
6711	0	08	00	00	00	00	00
6712	0	08	00	00	00	00	00
6713	0	08	00	00	00	00	00
6714	0	08	00	00	00	00	00
6715	0	08	00	00	00	00	00
6716	0	08	00	00	00	00	00
6717	0	08	00	00	00	00	00
6718	0	08	00	00	00	00	00
6719	0	08	00	00	00	00	00
6720	0	08	00	00	00	00	00
6721	0	08	00	00	00	00	00
6722	0	08	00	00	00	00	00
6723	0	08	00	00	00	00	00
6724	0	08	00	00	00	00	00
6725	0	08	00	00	00	00	00
6726	0	08	00	00	00	00	00
6727	0	08	00	00	00	00	00
6728	0	08	00	00	00	00	00
6729	0	08	00	00	00	00	00
6730	0	08	00	00	00	00	00
6731	0	08	00	00	00	00	00
6732	0	08	00	00	00	00	00
6733	0	08	00	00	00	00	00
6734	0	08	00	00	00	00	00
6735	0	08	00	00	00	00	00
6736	0	08	00	00	00	00	00
6737	0	08	00	00	00	00	00
6738	0	08	00	00	00	00	00
6739	0	08	00	00	00	00	00
6740	0	08	00	00	00	00	00
6741	0	08	00	00	00	00	00
6742	0	08	00	00	00	00	00
6743	0	08	00	00	00	00	00
6744	0	08	00	00	00	00	00
6745	0	08	00	00	00	00	00
6746	0	08	00	00	00	00	00
6747	0	08	00	00	00	00	00
6748	0	08	00	00	00	00	00
6749	0	08	00	00	00	00	00
6750	0	08	00	00	00	00	00
6751	0	08	00	00	00	00	00
6752	0	08	00	00	00	00	00
6753	0	08	00	00	00	00	00
6754	0	08	00	00	00	00	00
6755	0	08	00	00	00	00	00
6756	0	08	00	00	00	00	00
6757	0	08	00	00	00	00	00
6758	0	08	00	00	00	00	00
6759	0	08	00	00	00	00	00
6760	0	08	00	00	00	00	00
6761	0	08	00	00	00	00	00
6762	0	08	00	00	00	00	00
6763	0	08	00	00	00	00	00
6764	0	08	00	00	00	00	00
6765	0	08	00	00	00	00	00
6766	0	08	00	00	00	00	00
6767	0	08	00	00	00	00	00
6768	0	08	00	00	00	00	00
6769	0	08	00	00	00	00	00
6770	0	08	00	00	00	00	00
6771	0	08	00	00	00	00	00
6772	0	08	00	00	00	00	00
6773	0	08	00	00	00	00	00
6774	0	08	00	00	00	00	00
6775	0	08	00	00	00	00	00
6776	0	08	00	00	00	00	00
6777	0	08	00	00	00	00	00
6778	0	08	00	00	00	00	00
6779	0	08	00	00	00	00	00
6780	0	08	00	00	00	00	00
6781	0	08	00	00	00	00	00
6782	0	08	00	00	00	00	00
6783	0	08	00	00	00	00	00
6784	0	08	00	00	00	00	00
6785	0	08	00	00	00	00	00
6786	0	08	00	00	00	00	00
6787	0	08	00	00	00	00	00
6788	0	08	00	00	00	00	00
6789	0	08	00	00	00	00	00
6790	0	08	00	00	00	00	00
6791	0	08	00	00	00	00	00
6792	0	08	00	00	00	00	00
6793	0	08	00	00	00	00	00
6794	0	08	00	00	00	00	00
6795	0	08	00	00	00	00	00
6796	0	08	00	00	00	00	00
6797	0	08	00	00	00	00	00
6798	0	08	00	00	00	00	00
6799	0	08	00	00	00	00	00
6800	0	08	00	00	00	00	00
6801	0	08	00	00	00	00	00
6802	0	08	00	00	00	00	00
6803	0	08	00	00	00	00	00
6804	0	08	00	00	00	00	00
6805	0	08	00	00	00	00	00
6806	0	08	00	00	00	00	00
6807	0	08	00	00	00	00	00
6808	0	08	00	00	00	00	00
6809	0	08	00	00	00	00	00
6810	0	08	00	00	00	00	00
6811	0	08	00	00	00	00	00
6812	0	08	00	00	00	00	00
6813	0	08	00	00	00	00	00
6814	0	08	00	00	00	00	00
6815	0	08	00	00	00	00	00
6816	0	08	00	00	00	00	00
6817	0	08	00	00	00	00	00
6818	0	08	00	00	00	00	00
6819	0	08	00	00	00	00	00
6820	0	08	00	00	00	00	00
6821	0	08	00	00	00	00	00
6822	0	08	00	00	00	00	00
6823	0	08	00	00	00	00	00
6824	0	08	00	00	00	00	00
6825	0	08	00	00	00	00	00
6826	0	08	00	00	00	00	00
6827	0	08	00	00	00	00	00
6828	0	08	00	00	00	00	00
6829	0	08	00	00	00	00	00
6830	0	08	00	00	00	00	00
6831	0	08	00	00	00	00	00
6832	0	08	00	00	00	00	00
6833	0	08	00	00	00	00	00
6834	0	08	00	00	00	00	00
6835	0	08	00	00	00	00	00
6836	0	08	00	00	00	00	00
6837	0	08	00	00	00	00	00
6838	0	08	00	00	00	00	00
6839	0	08	00	00	00	00	00
6840	0	08	00	00	00	00	00
6841	0	08	00	00	00	00	00
6842	0	08	00	00	00	00	00
6843	0	08	00	00	00	00	00
6844	0	08	00	00	00	00	00
6845	0	08	00	00	00	00	00
6846	0	08	00	00	00	00	00
6847	0	08	00	00	00	00	00
6848	0	08	00	00	00	00	00
6849	0	08	00	00	00	00	00
6850	0	08	00	00	00	00	00
6851	0	08	00	00	00	00	00
6852	0	08	00	00	00	00	00
6853	0	08	00	00	00	00	00
6854	0	08	00	00	00	00	00
6855	0	08	00	00	00	00	00
6856	0	08	00	00	00	00	00
6857	0	08	00	00	00	00	00
6858	0	08	00	00	00	00	00
6859	0	08	00	00	00	00	00
6860	0	08	00	00	00	00	00
6861	0	08	00	00	00	00	00
6862	0	08	00	00	00	00	00
6863	0	08	00	00	00	00	00
6864	0	08	00	00	00	00	00
6865	0	08	00	00	00	00	00
6866	0	08	00	00	00	00	00
6867	0	08	00	00	00	00	00
6868	0	08	00	00	00	00	00
6869	0	08	00	00	00	00	00
6870	0	08	00	00	00	00	00
6871	0	08	00	00	00	00	00
6872	0	08	00	00	00	00	00
6873	0	08	00	00	00	00	00
6874	0	08	00	00	00	00	00
6875	0	08	00	00	00	00	00
6876	0	08	00	00	00	00	00
6877	0	08	00	00	00	00	00
6878	0	08	00	00	00	00	00
6879	0	08	00	00	00	00	00
6880	0	08	00	00	00	00	00
6881	0	08	00	00	00	00	00
6882	0	08	00	00	00	00	00
6883	0	08	00	00	00	00	00
6884	0	08	00	00	00	00	00
6885	0	08	00	00	00	00	00
6886	0	08	00	00	00	00	00
6887	0	08	00	00	00	00	00
6888	0	08	00	00	00	00	00
6889	0	08	00	00	00	00	00
6890	0	08	00	00	00	00	00
6891	0	08	00	00	00	00	00
6892	0	08	00	00	00	00	00
6893	0	08	00	00	00	00	00
6894	0	08	00	00	00	00	00
6895	0	08	00	00	00	00	00
6896	0	08	00	00	00	00	00
6897	0	08	00	00	00	00	00
6898	0	08	00	00	00	00	00
6899	0	08	00	00	00	00	00
6900	0	08	00	00	00	00	00
6901	0	08	00	00	00	00	00
6902	0	08	00	00	00	00	00
6903	0	08	00	00	00	00	00
6904	0	08	00	00	00	00	00
6905	0	08	00	00	00	00	00
6906	0	08	00	00	00	00	00
6907	0	08	00	00	00	00	00
6908	0	08	00	00	00	00	00
6909	0	08	00	00	00	00	00
6910	0	08	00	00	00	00	00
6911	0	08	00	00	00	00	00
6912	0	08	00	00	00	00	00
6913	0	08	00	00	00	00	00
6914	0	08	00	00	00	00	00
6915	0	08	00	00	00	00	00
6916	0	08	00	00	00	00	00
6917	0	08	00	00	00	00	00
6918	0	08	00	00	00	00	00
6919	0	08	00	00	00	00	00
6920	0	08	00	00	00	00	00
6921	0	08	00	00	00	00	00
6922	0	08	00	00	00	00	00
6923	0	08	00	00	00	00	00
6924	0	08	00	00	00	00	00
6925	0	08	00	00	00	00	00
6926	0	08	00	00	00	00	00
6927	0	08	00	00	00	00	00
6928	0	08	00	00	00	00	00
6929	0	08	00	00	00	00	00
6930	0	08	00	00	00	00	00
6931	0	08	00	00	00	00	00
6932	0	08	00	00	00	00	00
6933	0	08	00	00	00	00	00
6934	0	08	00	00	00	00	00
6935	0	08	00	00	00	00	00
6936	0	08	00	00	00	00	00
6937	0	08	00	00	00	00	00
6938	0	08	00	00	00	00	00
6939	0	08	00	00	00	00	00
6940	0	08	00	00	00	00	00
6941	0	08	00	00	00	00	00
6942	0	08	00	00	00	00	00
6943	0	08	00	00	00	00	00
6944	0	08	00	00	00	00	00
6945	0	08	00	00	00	00	00
6946	0	08	00	00	00	00	00
6947	0	08	00	00	00	00	00
6948	0	08	00	00	00	00	00
6949	0	08	00	00	00	00	00
6950	0	08	00	00	00	00	00
6951	0	08	00	00	00	00	00
6952	0	08	00	00	00	00	00
6953	0	08	00	00	00	00	00
6954	0	08	00	00	00	00	00
6955	0	08	00	00	00	00	00
6956	0	08	00	00	00	00	00
6957	0	08	00	00	00	00	00
6958	0	08	00	00	00	00	00
6959	0	08	00	00	00	00	00
6960	0	08	00	00	00	00	00
6961	0	08	00	00	00	00	00
6962	0	08	00	00	00	00	00
6963	0	08	00	00	00	00	00
6964	0	08	00	00	00	00	00
6965	0	08	00	00	00	00	00
6966	0	08	00	00	00	00	00
6967	0	08	00	00	00	00	00
6968	0	08	00	00	00	00	00
6969	0	08	00	00	00	00	00
6970	0	08	00	00	00	00	00
6971	0	08	00	00	00	00	00
6972	0	08	00	00	00	00	00
6973	0	08	00	00	00	00	00
6974	0	08	00	00	00	00	00
6975	0	08	00	00	00	00	00
6976	0	08	00	00	00	00	00
6977	0	08	00	00	00	00	00
6978	0	08	00	00	00	00	00
6979	0	08	00	00	00	00	00
6980	0	08	00	00	00	00	00
6981	0	08	00	00	00	00	00
6982	0	08	00	00	00	00	00
6983	0	08	00	00	00	00	00
6984	0	08	00	00	00	00	00
6985	0	08	00	00	00	00	00
6986	0	08	00	00	00	00	00
6987	0	08	00	00	00	00	00
6988	0	08	00	00	00	00	00
6989	0	08	00	00	00	00	00
6990	0	08	00	00	00	00	00
6991	0	08	00	00	00	00	00
6992	0	08	00	00	00	00	00
6993	0	08	00	00	00	00	00
6994	0	08	00	00	00	00	00
6995	0	08	00	00	00	00	00
6996	0	08	00	00	00	00	00
6997	0	08	00	00	00	00	00
6998	0	08	00	00	00	00	00
6999	0	08	00	00	00	00	00
7000	0	08	00	00	00	00	00
7001	0	08	00	00	00	00	00
7002	0	08	00	00	00	00	00
7003	0	08	00	00	00	00	00
7004	0	08	00	00	00	00	00
7005	0	08	00	00	00	00	00
7006	0	08	00	00	00	00	00
7007	0	08	00	00	00	00	00
7008	0	08	00	00	00	00	00
7009	0	08	00	00	00	00	00
7010	0	08	00	00	00	00	00
7011	0	08	00	00	00	00	00
7012	0	08	00	00	00	00	00
7013	0	08	00	00	00	00	00
7014	0	08	00	00	00	00	00
7015	0	08	00	00	00	00	00
7016	0	08	00	00	00	00	00
7017	0	08	00	00	00	00	00
7018	0	08	00	00	00	00	00
7019	0	08	00	00	00	00	00
7020	0	08	00	00	00	00	00
7021	0	08	00	00	00	00	00
7022	0	08	00	00	00	00	00
7023	0	08	00	00	00	00	00
7024	0	08	00	00	00	00	00
7025	0	08	00	00	00	00	00
7026	0	08	00	00	00	00	00
7027	0	08	00	00	00	00	00
7028	0	08	00	00	00	00	00
7029	0	08	00	00	00	00	00
7030	0	08	00	00	00	00	00
7031	0	08	00	00	00	00	00
7032	0	08	00	00	00	00	00
7033	0	08	00	00	00	00	00
7034	0	08	00	00	00	00	00
7035	0	08	00	00	00	00	00
7036	0	08	00	00	00	00	00
7037	0	08	00	00	00	00	00
7038	0	08	00	00	00	00	00
7039	0	08	00	00	00	00	00
7040	0	08	00	00	00	00	00
7041	0	08	00	00	00	00	00
7042	0	08	00	00	00	00	00
7043	0	08	00	00	00	00	00
7044	0	08	00	00	00	00	00
7045	0	08	00	00	00	00	00
7046	0	08	00	00	00	00	00
7047	0	08	00	00	00	00	00
7048	0	08	00	00	00	00	00
7049	0	08	00	00	00	00	00
7050	0	08	00	00	00	00	00
7051	0	08	00	00	00	00	00
7052	0	08	00	00	00	00	00
7053	0	08	00	00	00	00	00
7054	0	08	00	00	00	00	00
7055	0	08	00	00	00	00	00
7056	0	08	00	00	00	00	00
7057	0	08	00	00	00	00	00
7058	0	08	00	00	00	00	00
7059	0	08	00	00	00	00	00
7060	0	08	00	00	00	00	00
7061	0	08	00	00	00	00	00
7062	0	08	00	00	00	00	00
7063	0	08	00	00	00	00	00
7064	0	08	00	00	00	00	00
7065	0	08	00	00	00	00	00
7066	0	08	00	00	00	00	00
7067	0	08	00	00	00	00	00
7068	0	08	00	00	00	00	00
7069	0	08	00	00	00	00	00
7070	0	08	00	00	00	00	00
7071	0	08	00	00	00	00	00
7072	0	08	00	00	00	00	00
7073	0	08	00	00	00	00	00
7074	0	08	00	00	00	00	00
7075	0	08	00	00	00	00	00
7076	0	08	00	00	00	00	00
7077	0	08	00	00	00	00	00
7078	0	08	00	00	00	00	00
7079	0	08	00	00	00	00	00
7080	0	08	00	00	00	00	00
7081	0	08	00	00	00	00	00
7082	0	08	00	00	00	00	00
7083	0	08	00	00	00	00	00
7084	0	08	00	00	00	00	00
7085	0	08	00	00	00	00	00
7086	0	08	00	00	00	00	00
7087	0	08	00	00	00	00	00
7088	0	08	00	00	00	00	00
7089	0	08	00	00	00	00	00
7090	0	08	00	00	00	00	00
7091	0	08	00	00	00	00	00
7092	0	08	00	00	00	00	00
7093	0	08	00	00	00	00	00
7094	0	08	00	00	00	00	00
7095	0	08	00	00	00	00	00
7096	0	08	00	00	00	00	00
7097	0	08	00	00	00	00	00
7098	0	08	00	00	00	00	00
7099	0	08	00	00	00	00	00
7100	0	08	00	00	00	00	00
7101	0	08	00	00	00	00	00
7102	0	08	00	00	00	00	00
7103	0	08	00	00	00	00	00
7104	0	08	00	00	00	00	00
7105	0	08	00	00	00	00	00
7106	0	08	00	00	00	00	00
7107	0	08	00	00	00	00	00
7108	0	08	00	00	00	00	00
7109	0	08	00	00	00	00	00
7110	0	08	00	00	00	00	00
7111	0	08	00	00	00	00	00
7112	0	08	00	00	00	00	00
7113	0	08	00	00	00	00	00
7114	0	08	00	00	00	00	00
7115	0	08	00	00	00	00	00
7116	0	08	00	00	00	00	00
7117	0	08	00	00	00	00	00
7118	0	08	00	00	00	00	00
7119	0	08	00	00	00	00	00
7120	0	08	00	00	00	00	00
7121	0	08	00	00	00	00	00
7122	0	08	00	00	00	00	00
7123	0	08	00	00	00	00	00
7124	0	08	00	00	00	00	00
7125	0	08	00	00	00	00	00
7126	0	08	00	00	00	00	00
7127	0	08	00	00	00	00	00
7128	0	08	00	00	00	00	00
7129	0	08	00	00	00	00	00
7130	0	08	00	00	00	00	00
7131	0	08	00	00	00	00	00
7132	0	08	00	00	00	00	00
7133	0	08	00	00	00	00	00
7134	0	08	00	00	00	00	00
7135	0	08	00	00	00	00	00
7136	0	08	00	00	00	00	00
7137	0	08	00	00	00	00	00
7138	0	08	00	00	00	00	00
7139	0	08	00	00	00	00	00
7140	0	08	00	00	00	00	00
7141	0	08	00	00	00	00	00
7142	0	08	00	00	00	00	00
7143	0	08	00	00	00	00	00
7144	0	08	00	00	00	00	00
7145	0	08	00	00	00	00	00
7146	0	08	00	00	00	00	00
7147	0	08	00	00	00	00	00
7148	0	08	00	00	00	00	00
7149	0	08	00	00	00	00	00
7150	0	08	00	00	00	00	00
7151	0	08	00	00	00	00	00
7152	0	08	00	00	00	00	00
7153	0	08	00	00	00	00	00
7154	0	08	00	00	00	00	00
7155	0	08	00	00	00	00	00
7156	0	08	00	00	00	00	00
7157	0	08	00	00	00	00	00
7158	0	08	00	00	00	00	00
7159	0	08	00	00	00	00	00
7160	0	08	00	00	00	00	00
7161	0	08	00	00	00	00	00
7162	0	08	00	00	00	00	00
7163	0	08	00	00	00	00	00
7164	0	08	00	00	00	00	00
7165	0	08	00	00	00	00	00
7166	0	08	00	00	00	00	00
7167	0	08	00	00	00	00	00
7168	0	08	00	00	00	00	00
7169	0	08	00	00	00	00	00
7170	0	08	00	00	00	00	00
7171	0	08	00	00	00	00	00
7172	0	08	00	00	00	00	00
7173	0	08	00	00	00	00	00
7174	0	08	00	00	00	00	00
7175	0	08	00	00	00	00	00
7176	0	08	00	00	00	00	00
7177	0	08	00	00	00	00	00
7178	0	08	00	00	00	00	00
7179	0	08	00	00	00	00	00
7180	0	08	00	00	00	00	00
7181	0	08	00	00	00	00	00
7182	0	08	00	00	00	00	00
7183	0	08	00	00	00	00	00
7184	0	08	00	00	00	00	00
7185	0	08	00	00	00	00	00
7186	0	08	00	00	00	00	00
7187	0	08	00	00	00	00	00
7188	0	08	00	00	00	00	00
7189	0	08	00	00	00	00	00
7190	0	08	00	00	00	00	00
7191	0	08	00	00	00	00	00
7192	0	08	00	00	00	00	00
7193	0	08	00	00	00	00	00
7194	0	08	00	00	00	00	00
7195	0	08	00	00	00	00	00
7196	0	08	00	00	00	00	00
7197	0	08	00	00	00	00	00
7198	0	08	00	00	00	00	00
7199	0	08	00	00	00	00	00
7200	0	08	00	00	00	00	00
7201	0	08	00	00	00	00	00
7202	0	08	00	00	00	00	00
7203	0	08	00	00	00	00	00
7204	0	08	00	00	00	00	00
7205	0	08	00	00	00	00	00
7206	0	08	00	00	00	00	00
7207	0	08	00	00	00	00	00
7208	0	08	00	00	00	00	00
7209	0	08	00	00	00	00	00
7210	0	08	00	00	00	00	00
7211	0	08	00	00	00	00	00
7212	0	08	00	00	00	00	00
7213	0	08	00	00	00	00	00
7214	0	08	00	00	00	00	00
7215	0	08	00	00	00	00	00
7216	0	08	00	00	00	00	00
7217	0	08	00	00	00	00	00
7218	0	08	00	00	00	00	00
7219	0	08	00	00	00	00	00
7220	0	08	00	00	00	00	00
7221	0	08	00	00	00	00	00
7222	0	08	00	00	00	00	00
7223	0	08	00	00	00	00	00
7224	0	08	00	00	00	00	00
7225	0	08	00	00	00	00	00
7226	0	08	00	00	00	00	00
7227	0	08	00	00	00	00	00
7228	0	08	00	00	00	00	00
7229	0	08	00	00	00	00	00
7230	0	08	00	00	00	00	00
7231	0	08	00	00	00	00	00
7232	0	08	00	00	00	00	00
7233	0	08	00	00	00	00	00
7234	0	08	00	00	00	00	00
7235	0	08	00	00	00	00	00
7236	0	08	00	00	00	00	00
7237	0	08	00	00	00	00	00
7238	0	08	00	00	00	00	00
7239	0	08	00	00	00	00	00
7240	0	08	00	00	00	00	00
7241	0	08	00	00	00	00	00
7242	0	08	00	00	00	00	00
7243	0	08	00	00	00	00	00
7244	0	08	00	00	00	00	00
7245	0	08	00	00	00	00	00
7246	0	08	00	00	00	00	00
7247	0	08	00	00	00	00	00
7248	0	08	00	00	00	00	00
7249	0	08	00	00	00	00	00
7250	0	08	00	00	00	00	00
7251	0	08	00	00	00	00	00
7252	0	08	00	00	00	00	00
7253	0	08	00	00	00	00	00
7254	0	08	00	00	00	00	00
7255	0	08	00	00	00	00	00
7256	0	08	00	00	00	00	00
7257	0	08	00	00	00	00	00
7258	0	08	00	00	00	00	00
7259	0	08	00	00	00	00	00
7260	0	08	00	00	00	00	00
7261	0	08	00	00	00	00	00
7262	0	08	00	00	00	00	00
7263	0	08	00	00	00	00	00
7264	0	08	00	00	00	00	00
7265	0	08	00	00	00	00	00
7266	0	08	00	00	00	00	00
7267	0	08	00	00	00	00	00
7268	0	08	00	00	00	00	00
7269	0	08	00	00	00	00	00
7270	0	08	00	00	00	00	00
7271	0	08	00	00	00	00	00
7272	0	08	00	00	00	00	00
7273	0	08	00	00	00	00	00
7274	0	08	00	00	00	00	00
7275	0	08	00	00	00	00	00
7276	0	08	00	00	00	00	00
7277	0	08	00	00	00	00	00
7278	0	08	00	00	00	00	00
7279	0	08	00	00	00	00	00
7280	0	08	00	00	00	00	00
7281	0	08	00	00	00	00	00
7282	0	08	00	00	00	00	00
7283	0	08	00	00	00	00	00
7284	0	08	00	00	00	00	00
7285	0	08	00	00	00	00	00
7286	0	08	00	00	00	00	00
7287	0	08	00	00	00	00	00
7288	0	08	00	00	00	00	00
7289	0	08	00	00	00	00	00
7290	0	08	00	00	00	00	00
7291	0	08	00	00	00	00	00
7292	0	08	00	00	00	00	00
7293	0	08	00	00	00	00	00
7294	0	08	00	00	00	00	00
7295	0	08	00	00	00	00	00
7296	0	08	00	00	00	00	00
7297	0	08	00	00	00	00	00
7298	0	08	00	00	00	00	00
7299	0	08	00	00	00	00	00
7300	0	08	00	00	00	00	00
7301	0	08	00	00	00	00	00
7302	0	08	00	00	00	00	00
7303	0	08	00	00	00	00	00
7304	0	08	00	00	00	00	00
7305	0	08	00	00	00	00	00
7306	0	08	00	00	00	00	00
7307	0	08	00	00	00	00	00
7308	0	08	00	00	00	00	00
7309	0	08	00	00	00	00	00
7310	0	08	00	00	00	00	00
7311	0	08	00	00	00	00	00
7312	0	08	00	00	00	00	00
7313	0	08	00	00	00	00	00
7314	0	08	00	00	00	00	00
7315	0	08	00	00	00	00	00
7316	0	08	00	00	00	00	00
7317	0	08	00	00	00	00	00
7318	0	08	00	00	00	00	00
7319	0	08	00	00	00	00	00
7320	0	08	00	00	00	00	00
7321	0	08	00	00	00	00	00
7322	0	08	00	00	00	00	00
7323	0	08	00	00	00	00	00
7324	0	08	00	00	00	00	00
7325	0	08	00	00	00	00	00
7326	0	08	00	00	00	00	00
7327	0	08	00	00	00	00	00
7328	0	08	00	00	00	00	00
7329	0	08	00	00	00	00	00
7330	0	08	00	00	00	00	00
7331	0	08	00	00	00	00	00
7332	0	08	00	00	00	00	00
7333	0	08	00	00	00	00	00
7334	0	08	00	00	00	00	00
7335	0	08	00	00	00	00	00
7336	0	08	00	00	00	00	00
7337	0	08	00	00	00	00	00
7338	0	08	00	00	00	00	00
7339	0	08	00	00	00	00	00
7340	0	08	00	00	00	00	00
7341	0	08	00	00	00	00	00
7342	0	08	00	00	00	00	00
7343	0	08	00	00	00	00	00
7344	0	08	00	00	00	00	00
7345	0	08	00	00	00	00	00
7346	0	08	00	00	00	00	00
7347	0	08	00	00	00	00	00
7348	0	08	00	00	00	00	00
7349	0	08	00	00	00	00	00
7350	0	08	00	00	00	00	00
7351	0	08	00	00	00	00	00
7352	0	08	00	00	00	00	00
7353	0	08	00	00	00	00	00
7354	0	08	00	00	00	00	00
7355	0	08	00	00	00	00	00
7356	0	08	00	00	00	00	00
7357	0	08	00	00	00	00	00
7358	0	08	00	00	00	00	00
7359	0	08	00	00	00	00	00
7360	0	08	00	00	00	00	00
7361	0	08	00	00	00	00	00
7362	0	08	00	00	00	00	00
7363	0	08	00	00	00	00	00
7364	0	08	00	00	00	00	00
7365	0	08	00	00	00	00	00
7366	0	08	00	00	00	00	00
7367	0	08	00	00	00	00	00
7368	0	08	00	00	00	00	00
7369	0	08	00	00	00	00	00
7370	0	08	00	00	00	00	00
7371	0	08	00	00	00	00	00
7372	0	08	00	00	00	00	00
7373	0	08	00	00	00	00	00
7374	0	08	00	00	00	00	00
7375	0	08	00	00	00	00	00
7376	0	08	00	00	00	00	00
7377	0	08	00	00	00	00	00
7378	0	08	00	00	00	00	00
7379	0	08	00	00	00	00	00
7380	0	08	00	00	00	00	00
7381	0	08	00	00	00	00	00
7382	0	08	00	00	00	00	00
7383	0	08	00	00	00	00	00
7384	0	08	00	00	00	00	00
7385	0	08	00	00	00	00	00
7386	0	08	00	00	00	00	00
7387	0	08	00	00	00	00	00
7388	0	08	00	00	00	00	00
7389	0	08	00	00	00	00	00
7390	0	08	00	00	00	00	00
7391	0	08	00	00	00	00	00
7392	0	08	00	00	00	00	00
7393	0	08	00	00	00	00	00
7394	0	08	00	00	00	00	00
7395	0	08	00	00	00	00	00
7396	0	08	00	00	00	00	00
7397	0	08	00	00	00	00	00
7398	0	08	00	00	00	00	00
7399	0	08	00	00	00	00	00
7400	0	08	00	00	00	00	00
7401	0	08	00	00	00	00	00
7402	0	08	00	00	00	00	00
7403	0	08	00	00	00	00	00
7404	0	08	00	00	00	00	00
7405	0	08	00	00	00	00	00
7406	0	08	00	00	00	00	00
7407	0	08	00	00	00	00	00
7408	0	08	00	00	00	00	00
7409	0	08	00	00	00	00	00
7410	0	08	00	00	00	00	00
7411	0	08	00	00	00	00	00
7412	0	08	00	00	00	00	00
7413	0	08	00	00	00	00	00
7414	0	08	00	00	00	00	00
7415	0	08	00	00	00	00	00
7416	0	08	00	00	00	00	00
7417	0	08	00	00	00	00	00
7418	0	08	00	00	00	00	00
7419	0	08	00	00	00	00	00
7420	0	08	00	00	00	00	00
7421	0	08	00	00	00	00	00
7422	0	08	00	00	00	00	00
7423	0	08	00	00	00	00	00
7424	0	08	00	00	00	00	00
7425	0	08	00	00	00	00	00
7426	0	08	00	00	00	00	00
7427	0	08	00	00	00	00	00
7428	0	08	00	00	00	00	00
7429	0	08	00	00	00	00	00
7430	0	08	00	00	00	00	00
7431	0	08	00	00	00	00	00
7432	0	08	00	00	00	00	00
7433	0	08	00	00	00	00	00
7434	0	08	00	00	00	00	00
7435	0	08	00	00	00	00	00
7436	0	08	00	00	00	00	00
7437	0	08	00	00	00	00	00
7438	0	08	00	00	00	00	00
7439	0	08	00	00	00	00	00
7440	0	08	00	00	00	00	00
7441	0	08	00	00	00	00	00
7442	0	08	00	00	00	00	00
7443	0	08	00	00	00	00	00
7444	0	08	00	00	00	00	00
7445	0	08	00	00	00	00	00
7446	0	08	00	00	00	00	00
7447	0	08	00	00	00	00	00
7448	0	08	00	00	00	00	00
7449	0	08	00	00	00	00	00
7450	0	08	00	00	00	00	00
7451	0	08	00	00	00	00	00
7452	0	08	00	00	00	00	00
7453	0	08	00	00	00	00	00
7454	0	08	00	00	00	00	00
7455	0	08	00	00	00	00	00
7456	0	08	00	00	00	00	00
7457	0	08	00	00	00	00	00
7458	0	08	00	00	00	00	00
7459	0	08	00	00	00	00	00
7460	0	08	00	00	00	00	00
7461	0	08	00	00	00	00	00
7462	0	08	00	00	00	00	00
7463	0	08	00	00	00	00	00
7464	0	08	00	00	00	00	00
7465	0	08	00	00	00	00	00
7466	0	08	00	00	00	00	00
7467	0	08	00	00	00	00	00
7468	0	08	00	00	00	00	00
7469	0	08	00	00	00	00	00
7470	0	08	00	00	00	00	00
7471	0	08	00	00	00	00	00
7472	0	08	00	00	00	00	00
7473	0	08	00	00	00	00	00
7474	0	08	00	00	00	00	00
7475	0	08	00	00	00	00	00
7476	0	08	00	00	00	00	00
7477	0	08	00	00	00	00	00
7478	0	08	00	00	00	00	00
7479	0	08	00	00	00	00	00
7480	0	08	00	00	00	00	00
7481	0	08	00	00	00	00	00
7482	0	08	00	00	00	00	00
7483	0	08	00	00	00	00	00
7484	0	08	00	00	00	00	00
7485	0	08	00	00	00	00	00
7486	0	08	00	00	00	00	00
7487	0	08	00	00	00	00	00
7488	0	08	00	00	00	00	00
7489	0	08	00	00	00	00	00
7490	0	08	00	00	00	00	00
7491	0	08	00	00	00	00	00
7492	0	08	00	00	00	00	00
7493	0	08	00	00	00	00	00
7494	0	08	00	00	00	00	00
7495	0	08	00	00	00	00	00
7496	0	08	00	00	00	00	00
7497	0	08	00	00	00	00	00
7498	0	08	00	00	00	00	00
7499	0	08	00	00	00	00	00
7500	0	08	00	00	00	00	00
7501	0	08	00	00	00	00	00
7502	0	08	00	00	00	00	00
7503	0	08	00	00	00	00	00
7504	0	08	00	00	00	00	00
7505	0	08	00	00	00	00	00
7506	0	08	00	00	00	00	00
7507	0	08	00	00	00	00	00
7508	0	08	00	00	00	00	00
7509	0	08	00	00	00	00	00
7510	0	08	00	00	00	00	00
7511	0	08	00	00	00	00	00
7512	0	08	00	00	00	00	00
7513	0	08	00	00	00	00	00
7514	0	08	00	00	00	00	00
7515	0	08	00	00	00	00	00
7516	0	08	00	00	00	00	00
7517	0	08	00	00	00	00	00
7518	0	08	00	00	00	00	00
7519	0	08	00	00	00	00	00
7520	0	08	00	00	00	00	00
7521	0	08	00	00	00	00	00
7522	0	08	00	00	00	00	00
7523	0	08	00	00	00	00	00
7524	0	08	00	00	00	00	00
7525	0	08	00	00	00	00	00
7526	0	08	00	00	00	00	00
7527	0	08	00	00	00	00	00
7528	0	08	00	00	00	00	00
7529	0	08	00	00	00	00	00
7530	0	08	00	00	00	00	00
7531	0	08	00	00	00	00	00
7532	0	08	00	00	00	00	00
7533	0	08	00	00	00	00	00
7534	0	08	00	00	00	00	00
7535	0	08	00	00	00	00	00
7536	0	08	00	00	00	00	00
7537	0	08	00	00	00	00	00
7538	0	08	00	00	00	00	00
7539	0	08	00	00	00	00	00
7540	0	08	00	00	00	00	00
7541	0	08	00	00	00	00	00
7542	0	08	00	00	00	00	00
7543	0	08	00	00	00	00	00
7544	0	08	00	00	00	00	00
7545	0	08	00	00	00	00	00
7546	0	08	00	00	00	00	00
7547	0	08	00	00	00	00	00
7548	0	08	00	00	00	00	00
7549	0	08	00	00	00	00	00
7550	0	08	00	00	00	00	00
7551	0	08	00	00	00	00	00
7552	0	08	00	00	00	00	00
7553	0	08	00	00	00	00	00
7554	0	08	00	00	00	00	00
7555	0	08	00	00	00	00	00
7556	0	08	00	00	00	00	00
7557	0	08	00	00	00	00	00
7558	0	08	00	00	00	00	00
7559	0	08	00	00	00	00	00
7560	0	08	00	00	00	00	00
7561	0	08	00	00	00	00	00
7562	0	08	00	00	00	00	00
7563	0	08	00	00	00	00	00
7564	0	08	00	00	00	00	00
7565	0	08	00	00	00	00	00
7566	0	08	00	00	00	00	00
7567	0	08	00	00	00	00	00
7568	0	08	00	00	00	00	00
7569	0	08	00	00	00	00	00
7570	0	08	00	00	00	00	00
7571	0	08	00	00	00	00	00
7572	0	08	00	00	00	00	00
7573	0	08	00	00	00	00	00
7574	0	08	00	00	00	00	00
7575	0	08	00	00	00	00	00
7576	0	08	00	00	00	00	00
7577	0	08	00	00	00	00	00
7578	0	08	00	00	00	00	00
7579	0	08	00	00	00	00	00
7580	0	08	00	00	00	00	00
7581	0	08	00	00	00	00	00
7582	0	08	00	00	00	00	00
7583	0	08	00	00	00	00	00
7584	0	08	00	00	00	00	00
7585	0	08	00	00	00	00	00
7586	0	08	00	00	00	00	00
7587	0	08	00	00	00	00	00
7588	0	08	00	00	00	00	00
7589	0	08	00	00	00	00	00
7590	0	08	00	00	00	00	00
7591	0	08	00	00	00	00	00
7592	0	08	00	00	00	00	00
7593	0	08	00	00	00	00	00
7594	0	08	00	00	00	00	00
7595	0	08	00	00	00	00	00
7596	0	08	00	00	00	00	00
7597	0	08	00	00	00	00	00
7598	0	08	00	00	00	00	00
7599	0	08	00	00	00	00	00
7600	0	08	00	00	00	00	00
7601	0	08	00	00	00	00	00
7602	0	08	00	00	00	00	00
7603	0	08	00	00	00	00	00
7604	0	08	00	00	00	00	00
7605	0	08	00	00	00	00	00
7606	0	08	00	00	00	00	00
7607	0	08	00	00	00	00	00
7608	0	08	00	00	00	00	00
7609	0	08	00	00	00	00	00
7610	0	08	00	00	00	00	00
7611	0	08	00	00	00	00	00
7612	0	08	00	00	00	00	00
7613	0	08	00	00	00	00	00
7614	0	08	00	00	00	00	00
7615	0	08	00	00	00	00	00
7616	0	08	00	00	00	00	00
7617	0	08	00	00	00	00	00
7618	0	08	00	00	00	00	00
7619	0	08	00	00	00	00	00
7620	0	08	00	00	00	00	00
7621	0	08	00	00	00	00	00
7622	0	08	00	00	00	00	00
7623	0	08	00	00	00	00	00
7624	0	08	00	00	00	00	00
7625	0	08	00	00	00	00	00
7626	0	08	00	00	00	00	00
7627	0	08	00	00	00	00	00
7628	0	08	00	00	00	00	00
7629	0	08	00	00	00	00	00
7630	0	08	00	00	00	00	00
7631	0	08	00	00	00	00	00
7632	0	08	00	00	00	00	00
7633	0	08	00	00	00	00	00
7634	0	08	00	00	00	00	00
7635	0	08	00	00	00	00	00
7636	0	08	00	00	00	00	00
7637	0	08	00	00	00	00	00
7638	0	08	00	00	00	00	00
7639	0	08	00	00	00	00	00
7640	0	08	00	00	00	00	00
7641	0	08	00	00	00	00	00
7642	0	08	00	00	00	00	00
7643	0	08	00	00	00	00	00
7644	0	08	00	00	00	00	00
7645	0	08	00	00	00	00	00
7646	0	08	00	00	00	00	00
7647	0	08	00	00	00	00	00
7648	0	08	00	00	00	00	00
7649	0	08	00	00	00	00	00
7650	0	08	00	00	00	00	00
7651	0	08	00	00	00	00	00
7652	0	08	00	00	00	00	00
7653	0	08	00	00	00	00	00
7654	0	08	00	00	00	00	00
7655	0	08	00	00	00	00	00
7656	0	08	00	00	00	00	00
7657	0	08	00	00	00	00	00
7658	0	08	00	00	00	00	00
7659	0	08	00	00	00	00	00
7660	0	08	00	00	00	00	00
7661	0	08	00	00	00	00	00
7662	0	08	00	00	00	00	00
7663	0	08	00	00	00	00	00
7664	0	08	00	00	00	00	00
7665	0	08	00	00	00	00	00
7666	0	08	00	00	00	00	00
7667	0	08	00	00	00	00	00
7668	0	08	00	00	00	00	00
7669	0	08	00	00	00	00	00
7670	0	08	00	00	00	00	00
7671	0	08	00	00	00	00	00
7672	0	08	00	00	00	00	00
7673	0	08	00	00	00	00	00
7674	0	08	00	00	00	00	00
7675	0	08	00	00	00	00	00
7676	0	08	00	00	00	00	00
7677	0	08	00	00	00	00	00
7678	0	08	00	00	00	00	00
7679	0	08	00	00	00	00	00
7680	0	08	00	00	00	00	00
7681	0	08	00	00	00	00	00
7682	0	08	00	00	00	00	00
7683	0	08	00	00	00	00	00
7684	0	08	00	00	00	00	00
7685	0	08	00	00	00	00	00
7686	0	08	00	00	00	00	00
7687	0	08	00	00	00	00	00
7688	0	08	00	00	00	00	00
7689	0	08	00	00	00	00	00
7690	0	08	00	00	00	00	00
7691	0	08	00	00	00	00	00
7692	0	08	00	00	00	00	00
7693	0	08	00	00	00	00	00
7694	0	08	00	00	00	00	00
7695	0	08	00	00	00	00	00
7696	0	08	00	00	00	00	00
7697	0	08	00	00	00	00	00
7698	0	08	00	00	00	00	00
7699	0	08	00	00	00	00	00
7700	0	08	00	00	00	00	00
7701	0	08	00	00	00	00	00
7702	0	08	00	00	00	00	00
7703	0	08	00	00	00	00	00
7704	0	08	00	00	00	00	00
7705	0	08	00	00	00	00	00
7706	0	08	00	00	00	00	00
7707	0	08	00	00	00	00	00
7708	0	08	00	00	00	00	00
7709	0	08	00	00	00	00	00
7710	0	08	00	00	00	00	00
7711	0	08	00	00	00	00	00
7712	0	08	00	00	00	00	00
7713	0	08	00	00	00	00	00
7714	0	08	00	00	00	00	00
7715	0	08	00	00	00	00	00
7716	0	08	00	00	00	00	00
7717	0	08	00	00	00	00	00
7718	0	08	00	00	00	00	00
7719	0	08	00	00	00	00	00
7720	0	08	00	00	00	00	00
7721	0	08	00	00	00	00	00
7722	0	08	00	00	00	00	00
7723	0	08	00	00	00	00	00
7724	0	08	00	00	00	00	00
7725	0	08	00	00	00	00	00
7726	0	08	00	00	00	00	00
7727	0	08	00	00	00	00	00
7728	0	08	00	00	00	00	00
7729	0	08	00	00	00	00	00
7730	0	08	00	00	00	00	00
7731	0	08	00	00	00	00	00
7732	0	08	00	00	00	00	00
7733	0	08	00	00	00	00	00
7734	0	08	00	00	00	00	00
7735	0	08	00	00	00	00	00
7736	0	08	00	00	00	00	00
7737	0	08	00	00	00	00	00
7738	0	08	00	00	00	00	00
7739	0	08	00	00	00	00	00
7740	0	08	00	00	00	00	00
7741	0	08	00	00	00	00	00
7742	0	08	00	00	00	00	00
7743	0	08	00	00	00	00	00
7744	0	08	00	00	00	00	00
7745	0	08	00	00	00	00	00
7746	0	08	00	00	00	00	00
7747	0	08	00	00	00	00	00
7748	0	08	00	00	00	00	00
7749	0	08	00	00	00	00	00
7750	0	08	00	00	00	00	00
7751	0	08	00	00	00	00	00
7752	0	08	00	00	00	00	00
7753	0	08	00	00	00	00	00
7754	0	08	00	00	00	00	00
7755	0	08	00	00	00	00	00
7756	0	08	00	00	00	00	00
7757	0	08	00	00	00	00	00
7758	0	08	00	00	00	00	00
7759	0	08	00	00	00	00	00
7760	0	08	00	00	00	00	00
7761	0	08	00	00	00	00	00
7762	0	08	00	00	00	00	00
7763	0	08	00	00	00	00	00
7764	0	08	00	00	00	00	00
7765	0	08	00	00	00	00	00
7766	0	08	00	00	00	00	00
7767	0	08	00	00	00	00	00
7768	0	08	00	00	00	00	00
7769	0	08	00	00	00	00	00
7770	0	08	00	00	00	00	00
7771	0	08	00	00	00	00	00
7772	0	08	00	00	00	00	00
7773	0	08	00	00	00	00	00
7774	0	08	00	00	00	00	00
7775	0	08	00	00	00	00	00
7776	0	08	00	00	00	00	00
7777	0	08	00	00	00	00	00
7778	0	08	00	00	00	00	00
7779	0	08	00	00	00	00	00
7780	0	08	00	00	00	00	00
7781	0	08	00	00	00	00	00
7782	0	08	00	00	00	00	00
7783	0	08	00	00	00	00	00
7784	0	08	00	00	00	00	00
7785	0	08	00	00	00	00	00
7786	0	08	00	00	00	00	00
7787	0	08	00	00	00	00	00
7788	0	08	00	00	00	00	00
7789	0	08	00	00	00	00	00
7790	0	08	00	00	00	00	00
7791	0	08	00	00	00	00	00
7792	0	08	00	00	00	00	00
7793	0	08	00	00	00	00	00
7794	0	08	00	00	00	00	00
7795	0	08	00	00	00	00	00
7796	0	08	00	00	00	00	00
7797	0	08	00	00	00	00	00
7798	0	08	00	00	00	00	00
7799	0	08	00	00	00	00	00
7800	0	08	00	00	00	00	00
7801	0	08	00	00	00	00	00
7802	0	08	00	00	00	00	00
7803	0	08	00	00	00	00	00
7804	0	08	00	00	00	00	00
7805	0	08	00	00	00	00	00
7806	0	08	00	00	00	00	00
7807	0	08	00	00	00	00	00
7808	0	08	00	00	00	00	00
7809	0	08	00	00	00	00	00
7810	0	08	00	00	00	00	00
7811	0	08	00	00	00	00	00
7812	0	08	00	00	00	00	00
7813	0	08	00	00	00	00	00
7814	0	08	00	00	00	00	00
7815	0	08	00	00	00	00	00
7816	0	08	00	00	00	00	00
7817	0	08	00	00	00	00	00
7818	0	08	00	00	00	00	00
7819	0	08	00	00	00	00	00
7820	0	08	00	00	00	00	00
7821	0	08	00	00	00	00	00
7822	0	08	00	00	00	00	00
7823	0	08	00	00	00	00	00
7824	0	08	00	00	00	00	00
7825	0	08	00	00	00	00	00
7826	0	08	00	00	00	00	00
7827	0	08	00	00	00	00	00
7828	0	08	00	00	00	00	00
7829	0	08	00	00	00	00	00
7830	0	08	00	00	00	00	00
7831	0	08	00	00	00	00	00
7832	0	08	00	00	00	00	00
7833	0	08	00	00	00	00	00
7834	0	08	00	00	00	00	00
7835	0	08	00	00	00	00	00
7836	0	08	00	00	00	00	00
7837	0	08	00	00	00	00	00
7838	0	08	00	00	00	00	00
7839	0	08	00	00	00	00	00
7840	0	08	00	00	00	00	00
7841	0	08	00	00	00	00	00
7842	0	08	00	00	00	00	00
7843	0	08	00	00	00	00	00
7844	0	08	00	00	00	00	00
7845	0	08	00	00	00	00	00
7846	0	08	00	00	00	00	00
7847	0	08	00	00	00	00	00
7848	0	08	00	00	00	00	00
7849	0	08	00	00	00	00	00
7850	0	08	00	00	00	00	00
7851	0	08	00	00	00	00	00
7852	0	08	00	00	00	00	00
7853	0	08	00	00	00	00	00
7854	0	08	00	00	00	00	00
7855	0	08	00	00	00	00	00
7856	0	08	00	00	00	00	00
7857	0	08	00	00	00	00	00
7858	0	08	00	00	00	00	00
7859	0	08	00	00	00	00	00
7860	0	08	00	00	00	00	00
7861	0	08	00	00	00	00	00
7862	0	08	00	00	00	00	00
7863	0	08	00	00	00	00	00
7864	0	08	00	00	00	00	00
7865	0	08	00	00	00	00	00
7866	0	08	00	00	00	00	00
7867	0	08	00	00	00	00	00
7868	0	08	00	00	00	00	00
7869	0	08	00	00	00	00	00
7870	0	08	00	00	00	00	00
7871	0	08	00	00	00	00	00
7872	0	08	00	00	00	00	00
7873	0	08	00	00	00	00	00
7874	0	08	00	00	00	00	00
7875	0	08	00	00	00	00	00
7876	0	08	00	00	00	00	00
7877	0	08	00	00	00	00	00
7878	0	08	00	00	00	00	00
7879	0	08	00	00	00	00	00
7880	0	08	00	00	00	00	00
7881	0	08	00	00	00	00	00
7882	0	08	00	00	00	00	00
7883	0	08	00	00	00	00	00
7884	0	08	00	00	00	00	00
7885	0	08	00	00	00	00	00
7886	0	08	00	00	00	00	00
7887	0	08	00	00	00	00	00
7888	0	08	00	00	00	00	00
7889	0	08	00	00	00	00	00
7890	0	08	00	00	00	00	00
7891	0	08	00	00	00	00	00
7892	0	08	00	00	00	00	00
7893	0	08	00	00	00	00	00
7894	0	08	00	00	00	00	00
7895	0	08	00	00	00	00	00
7896	0	08	00	00	00	00	00
7897	0	08	00	00	00	00	00
7898	0	08	00	00	00	00	00
7899	0	08	00	00	00	00	00
7900	0	08	00	00	00	00	00
7901	0	08	00	00	00	00	00
7902	0	08	00	00	00	00	00
7903	0	08	00	00	00	00	00
7904	0	08	00	00	00	00	00
7905	0	08	00	00	00	00	00
7906	0	08	00	00	00	00	00
7907	0	08	00	00	00	00	00
7908	0	08	00	00	00	00	00
7909	0	08	00	00	00	00	00
7910	0	08	00	00	00	00	00
7911	0	08	00	00	00	00	00
7912	0	08	00	00	00	00	00
7913	0	08	00	00	00	00	00
7914	0	08	00	00	00	00	00
7915	0	08	00	00	00	00	00
7916	0	08	00	00	00	00	00
7917	0	08	00	00	00	00	00
7918	0	08	00	00	00	00	00
7919	0	08	00	00	00	00	00
7920	0	08	00	00	00	00	00
7921	0	08	00	00	00	00	00
7922	0	08	00	00	00	00	00
7923	0	08	00	00	00	00	00
7924	0	08	00	00	00	00	00
7925	0	08	00	00	00	00	00
7926	0	08	00	00	00	00	00
7927	0	08	00	00	00	00	00
7928	0	08	00	00	00	00	00
7929	0	08	00	00	00	00	00
7930	0	08	00	00	00	00	00
7931	0	08	00	00	00	00	00
7932	0	08	00	00	00	00	00
7933	0	08	00	00	00	00	00
7934	0	08	00	00	00	00	00
7935	0	08	00	00	00	00	00
7936	0	08	00	00	00	00	00
7937	0	08	00	00	00	00	00
7938	0	08	00	00	00	00	00
7939	0	08	00	00	00	00	00
7940	0	08	00	00	00	00	00
7941	0	08	00	00	00	00	00
7942	0	08	00	00	00	00	00
7943	0	08	00	00	00	00	00
7944	0	08	00	00	00	00	00
7945	0	08	00	00	00	00	00
7946	0	08	00	00	00	00	00
7947	0	08	00	00	00	00	00
7948	0	08	00	00	00	00	00
7949	0	08	00	00	00	00	00
7950	0	08	00	00	00	00	00
7951	0	08	00	00	00	00	00
7952	0	08	00	00	00	00	00
7953	0	08	00	00	00	00	00
7954	0	08	00	00	00	00	00
7955	0	08	00	00	00	00	00
7956	0	08	00	00	00	00	00
7957	0	08	00	00	00	00	00
7958	0	08	00	00	00	00	00
7959	0	08	00	00	00	00	00
7960	0	08	00	00	00	00	00
7961	0	08	00	00	00	00	00
7962	0	08	00	00	00	00	00
7963	0	08	00	00	00	00	00
7964	0	08	00	00	00	00	00
7965	0	08	00	00	00	00	00
7966	0	08	00	00	00	00	00
7967	0	08	00	00	00	00	00
7968	0	08	00	00	00	00	00
7969	0	08	00	00	00	00	00
7970	0	08	00	00	00	00	00
7971	0	08	00	00	00	00	00
7972	0	08	00	00	00	00	00
7973	0	08	00	00	00	00	00
7974	0	08	00	00	00	00	00
7975	0	08	00	00	00	00	00
7976	0	08	00	00	00	00	00
7977	0	08	00	00	00	00	00
7978	0	08	00	00	00	00	00
7979	0	08	00	00	00	00	00
7980	0	08	00	00	00	00	00
7981	0	08	00	00	00	00	00
7982	0	08	00	00	00	00	00
7983	0	08	00	00	00	00	00
7984	0	08	00	00	00	00	00
7985	0	08	00	00	00	00	00
7986	0	08	00	00	00	00	00
7987	0	08	00	00	00	00	00
7988	0	08	00	00	00	00	00
7989	0	08	00	00	00	00	00
7990	0	08	00	00	00	00	00
7991	0	08	00	00	00	00	00
7992	0	08	00	00	00	00	00
7993	0	08	00	00	00	00	00
7994	0	08	00	00	00	00	00
7995	0	08	00	00	00	00	00
7996	0	08	00	00	00	00	00
7997	0	08	00	00	00	00	00
7998	0	08	00	00	00	00	00
7999	0	08	00	00	00	00	00
8000	0	08	00	00	00	00	00
8001	0	08	00	00	00	00	00
8002	0	08	00	00	00	00	00
8003	0	08	00	00	00	00	00
8004	0	08	00	00	00	00	00
8005	0	08	00	00	00	00	00
8006	0	08	00	00	00	00	00
8007	0	08	00	00	00	00	00
8008	0	08	00	00	00	00	00
8009	0	08	00	00	00	00	00
8010	0	08	00	00	00	00	00
8011	0	08	00	00	00	00	00
8012	0	08	00	00	00	00	00
8013	0	08	00	00	00	00	00
8014	0	08	00	00	00	00	00
8015	0	08	00	00	00	00	00
8016	0	08	00	00	00	00	00
8017	0	08	00	00	00	00	00
8018	0	08	00	00	00	00	00
8019	0	08	00	00	00	00	00
8020	0	08	00	00	00	00	00
8021	0	08	00	00	00	00	00
8022	0	08	00	00	00	00	00
8023	0	08	00	00	00	00	00
8024	0	08	00	00	00	00	00
8025	0	08	00	00	00	00	00
8026	0	08	00	00	00	00	00
8027	0	08	00	00	00	00	00
8028	0	08	00	00	00	00	00
8029	0	08	00	00	00	00	00
8030	0	08	00	00	00	00	00
8031	0	08	00	00	00	00	00
8032	0	08	00	00	00	00	00
8033	0	08	00	00	00	00	00
8034	0	08	00	00	00	00	00
8035	0	08	00	00	00	00	00
8036	0	08	00	00	00	00	00
8037	0	08	00	00	00	00	00
8038	0	08	00	00	00	00	00
8039	0	08	00	00	00	00	00
8040	0	08	00	00	00	00	00
8041	0	08	00	00	00	00	00
8042	0	08	00	00	00	00	00
8043	0	08	00	00	00	00	00
8044	0	08	00	00	00	00	00
8045	0	08	00	00	00	00	00
8046	0	08	00	00	00	00	00
8047	0	08	00	00	00	00	00
8048	0	08	00	00	00	00	00
8049	0	08	00	00	00	00	00
8050	0	08	00	00	00	00	00
8051	0	08	00	00	00	00	00
8052	0	08	00	00	00	00	00
8053	0	08	00	00	00	00	00
8054	0	08	00	00	00	00	00
8055	0	08	00	00	00	00	00
8056	0	08	00	00	00	00	00
8057	0	08	00	00	00	00	00
8058	0	08	00	00	00	00	00
8059	0	08	00	00	00	00	00
8060	0	08	00	00	00	00	00
8061	0	08	00	00	00	00	00
8062	0	08	00	00	00	00	00
8063	0	08	00	00	00	00	00
8064	0	08	00	00	00	00	00
8065	0	08	00	00	00	00	00
8066	0	08	00	00	00	00	00
8067	0	08	00	00	00	00	00
8068	0	08	00	00	00	00	00
8069	0	08	00	00	00	00	00
8070	0	08	00	00	00	00	00
8071	0	08	00	00	00	00	00
8072	0	08	00	00	00	00	00
8073	0	08	00	00	00	00	00
8074	0	08	00	00	00	00	00
8075	0	08	00	00	00	00	00
8076	0	08	00	00	00	00	00
8077	0	08	00	00	00	00	00
8078	0	08	00	00	00	00	00
8079	0	08	00	00	00	00	00
8080	0	08	00	00	00	00	00
8081	0	08	00	00	00	00	00
8082	0	08	00	00	00	00	00
8083	0	08	00	00	00	00	00
8084	0	08	00	00	00	00	00
8085	0	08	00	00	00	00	00
8086	0	08	00	00	00	00	00
8087	0	08	00	00	00	00	00
8088	0	08	00	00	00	00	00
8089	0	08	00	00	00	00	00
8090	0	08	00	00	00	00	00
8091	0	08	00	00	00	00	00
8092	0	08	00	00	00	00	00
8093	0	08	00	00	00	00	00
8094	0	08	00	00	00	00	00
8095	0	08	00	00	00	00	00
8096	0	08	00	00	00	00	00
8097	0	08	00	00	00	00	00
8098	0	08	00	00	00	00	00
8099	0	08	00	00	00	00	00
8100	0	08	00	00	00	00	00
8101	0	08	00	00	00	00	00
8102	0	08	00	00	00	00	00
8103	0	08	00	00	00	00	00
8104	0	08	00	00	00	00	00
8105	0	08	00	00	00	00	00
8106	0	08	00	00	00	00	00
8107	0	08	00	00	00	00	00
8108	0	08	00	00	00	00	00
8109	0	08	00	00	00	00	00
8110	0	08	00	00	00	00	00
8111	0	08	00	00	00	00	00
8112	0	08	00	00	00	00	00
8113	0	08	00	00	00	00	00
8114	0	08	00	00	00	00	00
8115	0	08	00	00	00	00	00
8116	0	08	00	00	00	00	00
8117	0	08	00	00	00	00	00
8118	0	08	00	00	00	00	00
8119	0	08	00	00	00	00	00
8120	0	08	00	00	00	00	00
8121	0	08	00	00	00	00	00
8122	0	08	00	00	00	00	00
8123	0	08	00	00	00	00	00
8124	0	08	00	00	00	00	00
8125	0	08	00	00	00	00	00
8126	0	08	00	00	00	00	00
8127	0	08	00	00	00	00	00
8128	0	08	00	00	00	00	00
8129	0	08	00	00	00	00	00
8130	0	08	00	00	00	00	00
8131	0	08	00	00	00	00	00
8132	0	08	00	00	00	00	00
8133	0	08	00	00	00	00	00
8134	0	08	00	00	00	00	00
8135	0	08	00	00	00	00	00
8136	0	08	00	00	00	00	00
8137	0	08	00	00	00	00	00
8138	0	08	00	00	00	00	00
8139	0	08	00	00	00	00	00
8140	0	08	00	00	00	00	00
8141	0	08	00	00	00	00	00
8142	0	08	00	00	00	00	00
8143	0	08	00	00	00	00	00
8144	0	08	00	00	00	00	00
8145	0	08	00	00	00	00	00
8146	0	08	00	00	00	00	00
8147	0	08	00	00	00	00	00
8148	0	08	00	00	00	00	00
8149	0	08	00	00	00	00	00
8150	0	08	00	00	00	00	00
8151	0	08	00	00	00	00	00
8152	0	08	00	00	00	00	00
8153	0	08	00	00	00	00	00
8154	0	08	00	00	00	00	00
8155	0	08	00	00	00	00	00
8156	0	08	00	00	00	00	00
8157	0	08	00	00	00	00	00
8158	0	08	00	00	00	00	00
8159	0	08	00	00	00	00	00
8160	0	08	00	00	00	00	00
8161	0	08	00	00	00	00	00
8162	0	08	00	00	00	00	00
8163	0	08	00	00	00	00	00
8164	0	08	00	00	00	00	00
8165	0	08	00	00	00	00	00
8166	0	08	00	00	00	00	00
8167	0	08	00	00	00	00	00
8168	0	08	00	00	00	00	00
8169	0	08	00	00	00	00	00
8170	0	08	00	00	00	00	00
8171	0	08	00	00	00	00	00
8172	0	08	00	00	00	00	00
8173	0	08	00	00	00	00	00
8174	0	08	00	00	00	00	00
8175	0	08	00	00	00	00	00
8176	0	08	00	00	00	00	00
8177	0	08	00	00	00	00	00
8178	0	08	00	00	00	00	00
8179	0	08	00	00	00	00	00
8180	0	08	00	00	00	00	00
8181	0	08	00	00	00	00	00
8182	0	08	00	00	00	00	00
8183	0	08	00	00	00	00	00
8184	0	08	00	00	00	00	00
8185	0	08	00	00	00	00	00
8186	0	08	00	00	00	00	00
8187	0	08	00	00	00	00	00
8188	0	08	00	00	00	00	00
8189	0	08	00	00	00	00	00
8190	0	08	00	00	00	00	00
8191	0	08	00	00	00	00	00
8192	0	08	00	00	00	00	00
8193	0	08	00	00	00	00	00
8194	0	08	00	00	00	00	00
8195	0	08	00	00	00	00	00
8196	0	08	00	00	00	00	00
8197	0	08	00	00	00	00	00
8198	0	08	00	00	00	00	00
8199	0	08	00	00	00	00	00
8200	0	08	00	00	00	00	00
8201	0	08	00	00	00	00	00
8202	0	08	00	00	00	00	00
8203	0	08	00	00	00	00	00
8204	0	08	00	00	00	00	00
8205	0	08	00	00	00	00	00
8206	0	08	00	00	00	00	00
8207	0	08	00	00	00	00	00
8208	0	08	00	00	00	00	00
8209	0	08	00	00	00	00	00
8210	0	08	00	00	00	00	00
8211	0	08	00	00	00	00	00
8212	0	08	00	00	00	00	00
8213	0	08	00	00	00	00	00
8214	0	08	00	00	00	00	00
8215	0	08	00	00	00	00	00
8216	0	08	00	00	00	00	00
8217	0	08	00	00	00	00	00
8218	0	08	00	00	00	00	00
8219	0	08	00	00	00	00	00
8220	0	08	00	00	00	00	00
8221	0	08	00	00	00	00	00
8222	0	08	00	00	00	00	00
8223	0	08	00	00	00	00	00
8224	0	08	00	00	00	00	00
8225	0	08	00	00	00	00	00
8226	0	08	00	00	00	00	00
8227	0	08	00	00	00	00	00
8228	0	08	00	00	00	00	00
8229	0	08	00	00	00	00	00
8230	0	08	00	00	00	00	00
8231	0	08	00	00	00	00	00
8232	0	08	00	00	00	00	00
8233	0	08	00	00	00	00	00
8234	0	08	00	00	00	00	00
8235	0	08	00	00	00	00	00
8236	0	08	00	00	00	00	00
8237	0	08	00	00	00	00	00
8238	0	08	00	00	00	00	00
8239	0	08	00	00	00	00	00
8240	0	08	00	00	00	00	00
8241	0	08	00	00	00	00	00
8242	0	08	00	00	00	00	00
8243	0	08	00	00	00	00	00
8244	0	08	00	00	00	00	00
8245	0	08	00	00	00	00	00
8246	0	08	00	00	00	00	00
8247	0	08	00	00	00	00	00
8248	0	08	00	00	00	00	00
8249	0	08	00	00	00	00	00
8250	0	08	00	00	00	00	00
8251	0	08	00	00	00	00	00
8252	0	08	00	00	00	00	00
8253	0	08	00	00	00	00	00
8254	0	08	00	00	00	00	00
8255	0	08	00	00	00	00	00
8256	0	08	00	00	00	00	00
8257	0	08	00	00	00	00	00
8258	0	08	00	00	00	00	00
8259	0	08	00	00	00	00	00
8260	0	08	00	00	00	00	00
8261	0	08	00	00	00	00	00
8262	0	08	00	00	00	00	00
8263	0	08	00	00	00	00	00
8264	0	08	00	00	00	00	00
8265	0	08	00	00	00	00	00
8266	0	08	00	00	00	00	00
8267	0	08	00	00	00	00	00
8268	0	08	00	00	00	00	00
8269	0	08	00	00	00	00	00
8270	0	08	00	00	00	00	00
8271	0	08	00	00	00	00	00
8272	0	08	00	00	00	00	00
8273	0	08	00	00	00	00	00
8274	0	08	00	00	00	00	00
8275	0	08	00	00	00	00	00
8276	0	08	00	00	00	00	00
8277	0	08	00	00	00	00	00
8278	0	08	00	00	00	00	00
8279	0	08	00	00	00	00	00
8280	0	08	00	00	00	00	00
8281	0	08	00	00	00	00	00
8282	0	08	00	00	00	00	00
8283	0	08	00	00	00	00	00
8284	0	08	00	00	00	00	00
8285	0	08	00	00	00	00	00
8286	19	08	00	00	00	00	00
8287	24	08	00	00	00	00	00
8288	24	08	00	00	00	00	00
8289	24	08	00	00	00	00	00
8290	24	08	00	00	00	00	00
8291	24	08	00	00	00	00	00
8292	24	08	00	00	00	00	00
8293	24	08	00	00	00	00	00
8294	24	08	00	00	00	00	00
8295	24	08	00	00	00	00	00
8296	24	08	00	00	00	00	00
8297	24	08	00	00	00	00	00
8298	24	08	00	00	00	00	00
8299	24	08	00	00	00	00	00
8300	24	08	00	00	00	00	00
8301	24	08	00	00	00	00	00
8302	24	08	00	00	00	00	00
8303	24	08	00	00	00	00	00
8304	24	08	00	00	00	00	00
8305	24	08	00	00	00	00	00
8306	24	08	00	00	00	00	00
8307	24	08	00	00	00	00	00
8308	24	08	00	00	00	00	00
8309	24	08	00	00	00	00	00
8310	24	08	00	00	00	00	00
8311	24	08	00	00	00	00	00
8312	24	08	00	00	00	00	00
8313	24	08	00	00	00	00	00
8314	24	08	00	00	00	00	00
8315	24	08	00	00	00	00	00
8316	24	08	00	00	00	00	00
8317	24	08	00	00	00	00	00
8318	24	08	00	00	00	00	00
8319	24	08	00	00	00	00	00
8320	24	08	00	00	00	00	00
8321	24	08	00	00	00	00	00
8322	24	08	00	00	00	00	00
8323	24	08	00	00	00	00	00
8324	24	08	00	00	00	00	00
8325	24	08	00	00	00	00	00
8326	24	08	00	00	00	00	00
8327	24	08	00	00	00	00	00
8328	24	08	00	00	00	00	00
8329	24	08	00	00	00	00	00
8330	24	08	00	00	00	00	00
8331	24	08	00	00	00	00	00
8332	24	08	00	00	00	00	00
8333	24	08	00	00	00	00	00
8334	24	08	00	00	00	00	00
8335	24	08	00	00	00	00	00
8336	24	08	00	00	00	00	00
8337	24	08	00	00	00	00	00
8338	24	08	00	00	00	00	00
8339	24	08	00	00	00	00	00
8340	24	08	00	00	00	00	00
8341	24	08	00	00	00	00	00
8342	24	08	00	00	00	00	00
8343	24	08	00	00	00	00	00
8344	24	08	00	00	00	00	00
8345	24	08	00	00	00	00	00
8346	24	08	00	00	00	00	00
8347	24	08	00	00	00	00	00
8348	24	08	00	00	00	00	00
8349	24	08	00	00	00	00	00
8350	24	08	00	00	00	00	00
8351	24	08	00	00	00	00	00
8352	24	08	00	00	00	00	00
8353	24	08	00	00	00	00	00
8354	24	08	00	00	00	00	00
8355	24	08	00	00	00	00	00
8356	24	08	00	00	00	00	00
8357	24	08	00	00	00	00	00
8358	24	08	00	00	00	00	00
8359	24	08	00	00	00	00	00
8360	24	08	00	00	00	00	00
8361	24	08	00	00	00	00	00
8362	24	08	00	00	00	00	00
8363	24	08	00	00	00	00	00
8364	24	08	00	00	00	00	00
8365	24	08	00	00	00	00	00
8366	24	08	00	00	00	00	00
8367	24	08	00	00	00	00	00
8368	24	08	00	00	00	00	00
8369	24	08	00	00	00	00	00
8370	24	08	00	00	00	00	00
8371	24	08	00	00	00	00	00
8372	24	08	00	00	00	00	00
8373	24	08	00	00	00	00	00
8374	24	08	00	00	00	00	00
8375	24	08	00	00	00	00	00
8376	24	08	00	00	00	00	00
8377	24	08	00	00	00	00	00
8378	24	08	00	00	00	00	00
8379	24	08	00	00	00	00	00
8380	24	08	00	00	00	00	00
8381	24	08	00	00	00	00	00
8382	24	08	00	00	00	00	00
8383	24	08	00	00	00	00	00
8384	24	08	00	00	00	00	00
8385	24	08	00	00	00	00	00
8386	24	08	00	00	00	00	00
8387	24	08	00	00	00	00	00
8388	24	08	00	00	00	00	00
8389	24	08	00	00	00	00	00
8390	24	08	00	00	00	00	00
8391	24	08	00	00	00	00	00
8392	24	08	00	00	00	00	00
8393	24	08	00	00	00	00	00
8394	24	08	00	00	00	00	00
8395	24	08	00	00	00	00	00
8396	24	08	00	00	00	00	00
8397	24	08	00	00	00	00	00
8398	24	08	00	00	00	00	00
8399	24	08	00	00	00	00	00
8400	24	08	00	00	00	00	00
8401	24	08	00	00	00	00	00
8402	24	08	00	00	00	00	00
8403	24	08	00	00	00	00	00
8404	24	08	00	00	00	00	00
8405	24	08	00	00	00	00	00
8406	24	08	00	00	00	00	00
8407	24	08	00	00	00	00	00
8408	24	08	00	00	00	00	00
8409	24	08	00	00	00	00	00
8410	24	08	00	00	00	00	00
8411	24	08	00	00	00	00	00
8412	24	08	00	00	00	00	00
8413	24	08	00	00	00	00	00
8414	24	08	00	00	00	00	00
8415	24	08	00	00	00	00	00
8416	24	08	00	00	00	00	00
8417	24	08	00	00	00	00	00
8418	24	08	00	00	00	00	00
8419	24	08	00	00	00	00	00
8420	24	08	00	00	00	00	00
8421	24	08	00	00	00	00	00
8422	24	08	00	00	00	00	00
8423	24	08	00	00	00	00	00
8424	24	08	00	00	00	00	00
8425	24	08	00	00	00	00	00
8426	24	08	00	00	00	00	00
8427	24	08	00	00	00	00	00
8428	24	08	00	00	00	00	00
8429	24	08	00	00	00	00	00
8430	24	08	00	00	00	00	00
8431	24	08	00	00	00	00	00
8432	24	08	00	00	00	00	00
8433	24	08	00	00	00	00	00
8434	24	08	00	00	00	00	00
8435	24	08	00	00	00	00	00
8436	24	08	00	00	00	00	00
8437	24	08	00	00	00	00	00
8438	24	08	00	00	00	00	00
8439	24	08	00	00	00	00	00
8440	24	08	00	00	00	00	00
8441	24	08	00	00	00	00	00
8442	24	08	00	00	00	00	00
8443	24	08	00	00	00	00	00
8444	24	08	00	00	00	00	00
8445	24	08	00	00	00	00	00
8446	24	08	00	00	00	00	00
8447	24	08	00	00	00	00	00
8448	24	08	00	00	00	00	00
8449	24	08	00	00	00	00	00
8450	24	08	00	00	00	00	00
8451	24	08	00	00	00	00	00
8452	24	08	00	00	00	00	00
8453	24	08	00	00	00	00	00
8454	24	08	00	00	00	00	00
8455	24	08	00	00	00	00	00
8456	24	08	00	00	00	00	00
8457	24	08	00	00	00	00	00
8458	24	08	00	00	00	00	00
8459	24	08	00	00	00	00	00
8460	24	08	00	00	00	00	00
8461	24	08	00	00	00	00	00
8462	24	08	00	00	00	00	00
8463	24	08	00	00	00	00	00
8464	24	08	00	00	00	00	00
8465	24	08	00	00	00	00	00
8466	24	08	00	00	00	00	00
8467	24	08	00	00	00	00	00
8468	24	08	00	00	00	00	00
8469	24	08	00	00	00	00	00
8470	24	08	00	00	00	00	00
8471	24	08	00	00	00	00	00
8472	24	08	00	00	00	00	00
8473	24	08	00	00	00	00	00
8474	24	08	00	00	00	00	00
8475	24	08	00	00	00	00	00
8476	24	08	00	00	00	00	00
8477	24	08	00	00	00	00	00
8478	24	08	00	00	00	00	00
8479	24	08	00	00	00	00	00
8480	24	08	00	00	00	00	00
8481	24	08	00	00	00	00	00
8482	24	08	00	00	00	00	00
8483	24	08	00	00	00	00	00
8484	24	08	00	00	00	00	00
8485	24	08	00	00	00	00	00
8486	24	08	00	00	00	00	00
8487	24	08	00	00	00	00	00
8488	24	08	00	00	00	00	00
8489	24	08	00	00	00	00	00
8490	24	08	00	00	00	00	00
8491	24	08	00	00	00	00	00
8492	24	08	00	00	00	00	00
8493	24	08	00	00	00	00	00
8494	24	08	00	00	00	00	00
8495	24	08	00	00	00	00	00
8496	24	08	00	00	00	00	00
8497	24	08	00	00	00	00	00
8498	24	08	00	00	00	00	00
8499	24	08	00	00	00	00	00
8500	24	08	00	00	00	00	00
8501	24	08	00	00	00	00	00
8502	24	08	00	00	00	00	00
8503	24	08	00	00	00	00	00
8504	24	08	00	00	00	00	00
8505	24	08	00	00	00	00	00
8506	24	08	00	00	00	00	00
8507	24	08	00	00	00	00	00
8508	24	08	00	00	00	00	00
8509	24	08	00	00	00	00	00
8510	24	08	00	00	00	00	00
8511	24	08	00	00	00	00	00
8512	24	08	00	00	00	00	00
8513	24	08	00	00	00	00	00
8514	24	08	00	00	00	00	00
8515	24	08	00	00	00	00	00
8516	24	08	00	00	00	00	00
8517	24	08	00	00	00	00	00
8518	24	08	00	00	00	00	00
8519	24	08	00	00	00	00	00
8520	24	08	00	00	00	00	00
8521	24	08	00	00	00	00	00
8522	24	08	00	00	00	00	00
8523	24	08	00	00	00	00	00
8524	24	08	00	00	00	00	00
8525	24	08	00	00	00	00	00
8526	24	08	00	00	00	00	00
8527	24	08	00	00	00	00	00
8528	24	08	00	00	00	00	00
8529	24	08	00	00	00	00	00
8530	24	08	00	00	00	00	00
8531	24	08	00	00	00	00	00
8532	24	08	00	00	00	00	00
8533	24	08	00	00	00	00	00
8534	24	08	00	00	00	00	00
8535	24	08	00	00	00	00	00
8536	24	08	00	00	00	00	00
8537	24	08	00	00	00	00	00
8538	24	08	00	00	00	00	00
8539	24	08	00	00	00	00	00
8540	24	08	00	00	00	00	00
8541	24	08	00	00	00	00	00
8542	24	08	00	00	00	00	00
8543	24	08	00	00	00	00	00
8544	24	08	00	00	00	00	00
8545	24	08	00	00	00	00	00
8546	24	08	00	00	00	00	00
8547	24	08	00	00	00	00	00
8548	24	08	00	00	00	00	00
8549	24	08	00	00	00	00	00
8550	24	08	00	00	00	00	00
8551	24	08	00	00	00	00	00
8552	24	08	00	00	00	00	00
8553	24	08	00	00	00	00	00
8554	24	08	00	00	00	00	00
8555	24	08	00	00	00	00	00
8556	24	08	00	00	00	00	00
8557	24	08	00	00	00	00	00
8558	24	08	00	00	00	00	00
8559	24	08	00	00	00	00	00
8560	24	08	00	00	00	00	00
8561	24	08	00	00	00	00	00
8562	24	08	00	00	00	00	00
8563	24	08	00	00	00	00	00
8564	24	08	00	00	00	00	00
8565	24	08	00	00	00	00	00
8566	24	08	00	00	00	00	00
8567	24	08	00	00	00	00	00
8568	24	08	00	00	00	00	00
8569	24	08	00	00	00	00	00
8570	24	08	00	00	00	00	00
8571	24	08	00	00	00	00	00
8572	24	08	00	00	00	00	00
8573	24	08	00	00	00	00	00
8574	24	08	00	00	00	00	00
8575	24	08	00	00	00	00	00
8576	24	08	00	00	00	00	00
8577	24	08	00	00	00	00	00
8578	24	08	00	00	00	00	00
8579	24	08	00	00	00	00	00
8580	24	08	00	00	00	00	00
8581	24	08	00	00	00	00	00
8582	24	08	00	00	00	00	00
8583	24	08	00	00	00	00	00
8584	24	08	00	00	00	00	00
8585	24	08	00	00	00	00	00
8586	24	08	00	00	00	00	00
8587	24	08	00	00	00	00	00
8588	24	08	00	00	00	00	00
8589	24	08	00	00	00	00	00
8590	24	08	00	00	00	00	00
8591	24	08	00	00	00	00	00
8592	24	08	00	00	00	00	00
8593	24	08	00	00	00	00	00
8594	24	08	00	00	00	00	00
8595	24	08	00	00	00	00	00
8596	24	08	00	00	00	00	00
8597	24	08	00	00	00	00	00
8598	24	08	00	00	00	00	00
8599	24	08	00	00	00	00	00
8600	24	08	00	00	00	00	00
8601	24	08	00	00	00	00	00
8602	24	08	00	00	00	00	00
8603	24	08	00	00	00	00	00
8604	24	08	00	00	00	00	00
8605	24	08	00	00	00	00	00
8606	24	08	00	00	00	00	00
8607	24	08	00	00	00	00	00
8608	24	08	00	00	00	00	00
8609	24	08	00	00	00	00	00
8610	24	08	00	00	00	00	00
8611	24	08	00	00	00	00	00
8612	24	08	00	00	00	00	00
8613	24	08	00	00	00	00	00
8614	24	08	00	00	00	00	00
8615	24	08	00	00	00	00	00
8616	24	08	00	00	00	00	00
8617	24	08	00	00	00	00	00
8618	24	08	00	00	00	00	00
8619	24	08	00	00	00	00	00
8620	24	08	00	00	00	00	00
8621	24	08	00	00	00	00	00
8622	24	08	00	00	00	00	00
8623	24	08	00	00	00	00	00
8624	24	08	00	00	00	00	00
8625	24	08	00	00	00	00	00
8626	24	08	00	00	00	00	00
8627	24	08	00	00	00	00	00
8628	24	08	00	00	00	00	00
8629	24	08	00	00	00	00	00
8630	24	08	00	00	00	00	00
8631	24	08	00	00	00	00	00
8632	24	08	00	00	00	00	00
8633	24	08	00	00	00	00	00
8634	24	08	00	00	00	00	00
8635	24	08	00	00	00	00	00
8636	24	08	00	00	00	00	00
8637	24	08	00	00	00	00	00
8638	24	08	00	00	00	00	00
8639	24	08	00	00	00	00	00
8640	24	08	00	00	00	00	00
8641	24	08	00	00	00	00	00
8642	24	08	00	00	00	00	00
8643	24	08	00	00	00	00	00
8644	24	08	00	00	00	00	00
8645	24	08	00	00	00	00	00
8646	24	08	00	00	00	00	00
8647	24	08	00	00	00	00	00
8648	24	08	00	00	00	00	00
8649	24	08	00	00	00	00	00
8650	24	08	00	00	00	00	00
8651	24	08	00	00	00	00	00
8652	24	08	00	00	00	00	00
8653	24	08	00	00	00	00	00
8654	24	08	00	00	00	00	00
8655	24	08	00	00	00	00	00
8656	24	08	00	00	00	00	00
8657	24	08	00	00	00	00	00
8658	24	08	00	00	00	00	00
8659	24	08	00	00	00	00	00
8660	24	08	00	00	00	00	00
8661	24	08	00	00	00	00	00
8662	24	08	00	00	00	00	00
8663	24	08	00	00	00	00	00
8664	24	08	00	00	00	00	00
8665	24	08	00	00	00	00	00
8666	24	08	00	00	00	00	00
8667	24	08	00	00	00	00	00
8668	24	08	00	00	00	00	00
8669	24	08	00	00	00	00	00
8670	24	08	00	00	00	00	00
8671	24	08	00	00	00	00	00
8672	24	08	00	00	00	00	00
8673	24	08	00	00	00	00	00
8674	24	08	00	00	00	00	00
8675	24	08	00	00	00	00	00
8676	24	08	00	00	00	00	00
8677	24	08	00	00	00	00	00
8678	24	08	00	00	00	00	00
8679	24	08	00	00	00	00	00
8680	24	08	00	00	00	00	00
8681	24	08	00	00	00	00	00
8682	24	08	00	00	00	00	00
8683	24	08	00	00	00	00	00
8684	24	08	00	00	00	00	00
8685	24	08	00	00	00	00	00
8686	24	08	00	00	00	00	00
8687	24	08	00	00	00	00	00
8688	24	08	00	00	00	00	00
8689	24	08	00	00	00	00	00
8690	24	08	00	00	00	00	00
8691	24	08	00	00	00	00	00
8692	24	08	00	00	00	00	00
8693	24	08	00	00	00	00	00
8694	24	08	00	00	00	00	00
8695	24	08	00	00	00	00	00
8696	24	08	00	00	00	00	00
8697	24	08	00	00	00	00	00
8698	24	08	00	00	00	00	00
8699	24	08	00	00	00	00	00
8700	24	08	00	00	00	00	00
8701	24	08	00	00	00	00	00
8702	24	08	00	00	00	00	00
8703	24	08	00	00	00	00	00
8704	24	08	00	00	00	00	00
8705	24	08	00	00	00	00	00
8706	24	08	00	00	00	00	00
8707	24	08	00	00	00	00	00
8708	24	08	00	00	00	00	00
8709	24	08	00	00	00	00	00
8710	24	08	00	00	00	00	00
8711	24	08	00	00	00	00	00
8712	24	08	00	00	00	00	00
8713	24	08	00	00	00	00	00
8714	24	08	00	00	00	00	00
8715	24	08	00	00	00	00	00
8716	24	08	00	00	00	00	00
8717	24	08	00	00	00	00	00
8718	24	08	00	00	00	00	00
8719	24	08	00	00	00	00	00
8720	24	08	00	00	00	00	00
8721	24	08	00	00	00	00	00
8722	24	08	00	00	00	00	00
8723	24	08	00	00	00	00	00
8724	24	08	00	00	00	00	00
8725	24	08	00	00	00	00	00
8726	24	08	00	00	00	00	00
8727	24	08	00	00	00	00	00
8728	24	08	00	00	00	00	00
8729	24	08	00	00	00	00	00
8730	24	08	00	00	00	00	00
8731	24	08	00	00	00	00	00
8732	24	08	00	00	00	00	00
8733	24	08	00	00	00	00	00
8734	24	08	00	00	00	00	00
8735	24	08	00	00	00	00	00
8736	24	08	00	00	00	00	00
8737	24	08	00	00	00	00	00
8738	24	08	00	00	00	00	00
8739	24	08	00	00	00	00	00
8740	24	08	00	00	00	00	00
8741	24	08	00	00	00	00	00
8742	24	08	00	00	00	00	00
8743	24	08	00	00	00	00	00
8744	24	08	00	00	00	00	00
8745	24	08	00	00	00	00	00
8746	24	08	00	00	00	00	00
8747	24	08	00	00	00	00	00
8748	24	08	00	00	00	00	00
8749	24	08	00	00	00	00	00
8750	24	08	00	00	00	00	00
8751	24	08	00	00	00	00	00
8752	24	08	00	00	00	00	00
8753	24	08	00	00	00	00	00
8754	24	08	00	00	00	00	00
8755	24	08	00	00	00	00	00
8756	24	08	00	00	00	00	00
8757	24	08	00	00	00	00	00
8758	24	08	00	00	00	00	00
8759	24	08	00	00	00	00	00
8760	24	08	00	00	00	00	00
8761	24	08	00	00	00	00	00
8762	24	08	00	00	00	00	00
8763	24	08	00	00	00	00	00
8764	24	08	00	00	00	00	00
8765	24	08	00	00	00	00	00
8766	24	08	00	00	00	00	00
8767	24	08	00	00	00	00	00
8768	24	08	00	00	00	00	00
8769	24	08	00	00	00	00	00
8770	24	08	00	00	00	00	00
8771	24	08	00	00	00	00	00
8772	24	08	00	00	00	00	00
8773	24	08	00	00	00	00	00
8774	24	08	00	00	00	00	00
8775	24	08	00	00	00	00	00
8776	24	08	00	00	00	00	00
8777	24	08	00	00	00	00	00
8778	24	08	00	00	00	00	00
8779	24	08	00	00	00	00	00
8780	24	08	00	00	00	00	00
8781	24	08	00	00	00	00	00
8782	24	08	00	00	00	00	00
8783	24	08	00	00	00	00	00
8784	24	08	00	00	00	00	00
8785	24	08	00	00	00	00	00
8786	24	08	00	00	00	00	00
8787	24	08	00	00	00	00	00
8788	24	08	00	00	00	00	00
8789	24	08	00	00	00	00	00
8790	24	08	00	00	00	00	00
8791	24	08	00	00	00	00	00
8792	24	08	00	00	00	00	00
8793	24	08	00	00	00	00	00
8794	24	08	00	00	00	00	00
8795	24	08	00	00	00	00	00
8796	24	08	00	00	00	00	00
8797	24	08	00	00	00	00	00
8798	24	08	00	00	00	00	00
8799	24	08	00	00	00	00	00
8800	24	08	00	00	00	00	00
8801	24	08	00	00	00	00	00
8802	24	08	00	00	00	00	00
8803	24	08	00	00	00	00	00
8804	24	08	00	00	00	00	00
8805	24	08	00	00	00	00	00
8806	24	08	00	00	00	00	00
8807	24	08	00	00	00	00	00
8808	24	08	00	00	00	00	00
8809	24	08	00	00	00	00	00
8810	24	08	00	00	00	00	00
8811	24	08	00	00	00	00	00
8812	24	08	00	00	00	00	00
8813	24	08	00	00	00	00	00
8814	24	08	00	00	00	00	00
8815	24	08	00	00	00	00	00
8816	24	08	00	00	00	00	00
8817	24	08	00	00	00	00	00
8818	24	08	00	00	00	00	00
8819	24	08	00	00	00	00	00
8820	24	08	00	00	00	00	00
8821	24	08	00	00	00	00	00
8822	24	08	00	00	00	00	00
8823	24	08	00	00	00	00	00
8824	24	08	00	00	00	00	00
8825	24	08	00	00	00	00	00
8826	24	08	00	00	00	00	00
8827	24	08	00	00	00	00	00
8828	24	08	00	00	00	00	00
8829	24	08	00	00	00	00	00
8830	24	08	00	00	00	00	00
8831	24	08	00	00	00	00	00
8832	24	08	00	00	00	00	00
8833	24	08	00	00	00	00	00
8834	24	08	00	00	00	00	00
8835	24	08	00	00	00	00	00
8836	24	08	00	00	00	00	00
8837	24	08	00	00	00	00	00
8838	24	08	00	00	00	00	00
8839	24	08	00	00	00	00	00
8840	24	08	00	00	00	00	00
8841	24	08	00	00	00	00	00
8842	24	08	00	00	00	00	00
8843	24	08	00	00	00	00	00
8844	24	08	00	00	00	00	00
8845	24	08	00	00	00	00	00
8846	24	08	00	00	00	00	00
8847	24	08	00	00	00	00	00
8848	24	08	00	00	00	00	00
8849	24	08	00	00	00	00	00
8850	24	08	00	00	00	00	00
8851	24	08	00	00	00	00	00
8852	24	08	00	00	00	00	00
8853	24	08	00	00	00	00	00
8854	24	08	00	00	00	00	00
8855	24	08	00	00	00	00	00
8856	24	08	00	00	00	00	00
8857	24	08	00	00	00	00	00
8858	24	08	00	00	00	00	00
8859	24	08	00	00	00	00	00
8860	24	08	00	00	00	00	00
8861	24	08	00	00	00	00	00
8862	24	08	00	00	00	00	00
8863	24	08	00	00	00	00	00
8864	24	08	00	00	00	00	00
8865	24	08	00	00	00	00	00
8866	24	08	00	00	00	00	00
8867	24	08	00	00	00	00	00
8868	24	08	00	00	00	00	00
8869	24	08	00	00	00	00	00
8870	24	08	00	00	00	00	00
8871	24	08	00	00	00	00	00
8872	24	08	00	00	00	00	00
8873	24	08	00	00	00	00	00
8874	24	08	00	00	00	00	00
8875	24	08	00	00	00	00	00
8876	24	08	00	00	00	00	00
8877	24	08	00	00	00	00	00
8878	24	08	00	00	00	00	00
8879	24	08	00	00	00	00	00
8880	24	08	00	00	00	00	00
8881	24	08	00	00	00	00	00
8882	24	08	00	00	00	00	00
8883	24	08	00	00	00	00	00
8884	24	08	00	00	00	00	00
8885	24	08	00	00	00	00	00
8886	24	08	00	00	00	00	00
8887	24	08	00	00	00	00	00
8888	24	08	00	00	00	00	00
8889	24	08	00	00	00	00	00
8890	24	08	00	00	00	00	00
8891	24	08	00	00	00	00	00
8892	24	08	00	00	00	00	00
8893	24	08	00	00	00	00	00
8894	24	08	00	00	00	00	00
8895	24	08	00	00	00	00	00
8896	24	08	00	00	00	00	00
8897	24	08	00	00	00	00	00
8898	24	08	00	00	00	00	00
8899	24	08	00	00	00	00	00
8900	24	08	00	00	00	00	00
8901	24	08	00	00	00	00	00
8902	24	08	00	00	00	00	00
8903	24	08	00	00	00	00	00
8904	24	08	00	00	00	00	00
8905	24	08	00	00	00	00	00
8906	24	08	00	00	00	00	00
8907	24	08	00	00	00	00	00
8908	24	08	00	00	00	00	00
8909	24	08	00	00	00	00	00
8910	24	08	00	00	00	00	00
8911	24	08	00	00	00	00	00
8912	24	08	00	00	00	00	00
8913	24	08	00	00	00	00	00
8914	24	08	00	00	00	00	00
8915	24	08	00	00	00	00	00
8916	24	08	00	00	00	00	00
8917	24	08	00	00	00	00	00
8918	24	08	00	00	00	00	00
8919	24	08	00	00	00	00	00
8920	24	08	00	00	00	00	00
8921	24	08	00	00	00	00	00
8922	24	08	00	00	00	00	00
8923	24	08	00	00	00	00	00
8924	24	08	00	00	00	00	00
8925	24	08	00	00	00	00	00
8926	24	08	00	00	00	00	00
8927	24	08	00	00	00	00	00
8928	24	08	00	00	00	00	00
8929	24	08	00	00	00	00	00
8930	24	08	00	00	00	00	00
8931	24	08	00	00	00	00	00
8932	24	08	00	00	00	00	00
8933	24	08	00	00	00	00	00
8934	24	08	00	00	00	00	00
8935	24	08	00	00	00	00	00
8936	24	08	00	00	00	00	00
8937	24	08	00	00	00	00	00
8938	24	08	00	00	00	00	00
8939	24	08	00	00	00	00	00
8940	24	08	00	00	00	00	00
8941	24	08	00	00	00	00	00
8942	24	08	00	00	00	00	00
8943	24	08	00	00	00	00	00
8944	24	08	00	00	00	00	00
8945	24	08	00	00	00	00	00
8946	24	08	00	00	00	00	00
8947	24	08	00	00	00	00	00
8948	24	08	00	00	00	00	00
8949	24	08	00	00	00	00	00
8950	24	08	00	00	00	00	00
8951	24	08	00	00	00	00	00
8952	24	08	00	00	00	00	00
8953	24	08	00	00	00	00	00
8954	24	08	00	00	00	00	00
8955	24	08	00	00	00	00	00
8956	24	08	00	00	00	00	00
8957	24	08	00	00	00	00	00
8958	24	08	00	00	00	00	00
8959	24	08	00	00	00	00	00
8960	24	08	00	00	00	00	00
8961	24	08	00	00	00	00	00
8962	24	08	00	00	00	00	00
8963	24	08	00	00	00	00	00
8964	24	08	00	00	00	00	00
8965	24	08	00	00	00	00	00
8966	24	08	00	00	00	00	00
8967	24	08	00	00	00	00	00
8968	24	08	00	00	00	00	00
8969	24	08	00	00	00	00	00
8970	24	08	00	00	00	00	00
8971	24	08	00	00	00	00	00
8972	24	08	00	00	00	00	00
8973	24	08	00	00	00	00	00
8974	24	08	00	00	00	00	00
8975	24	08	00	00	00	00	00
8976	24	08	00	00	00	00	00
8977	24	08	00	00	00	00	00
8978	24	08	00	00	00	00	00
8979	24	08	00	00	00	00	00
8980	24	08	00	00	00	00	00
8981	24	08	00	00	00	00	00
8982	24	08	00	00	00	00	00
8983	24	08	00	00	00	00	00
8984	24	08	00	00	00	00	00
8985	24	08	00	00	00	00	00
8986	24	08	00	00	00	00	00
8987	24	08	00	00	00	00	00
8988	24	08	00	00	00	00	00
8989	24	08	00	00	00	00	00
8990	24	08	00	00	00	00	00
8991	24	08	00	00	00	00	00
8992	24	08	00	00	00	00	00
8993	24	08	00	00	00	00	00
8994	24	08	00	00	00	00	00
8995	24	08	00	00	00	00	00
8996	24	08	00	00	00	00	00
8997	24	08	00	00	00	00	00
8998	24	08	00	00	00	00	00
8999	24	08	00	00	00	00	00
9000	24	08	00	00	00	00	00
9001	24	08	00	00	00	00	00
9002	24	08	00	00	00	00	00
9003	24	08	00	00	00	00	00
9004	24	08	00	00	00	00	00
9005	24	08	00	00	00	00	00
9006	24	08	00	00	00	00	00
9007	24	08	00	00	00	00	00
9008	24	08	00	00	00	00	00
9009	24	08	00	00	00	00	00
9010	24	08	00	00	00	00	00
9011	24	08	00	00	00	00	00
9012	24	08	00	00	00	00	00
9013	24	08	00	00	00	00	00
9014	24	08	00	00	00	00	00
9015	24	08	00	00	00	00	00
9016	24	08	00	00	00	00	00
9017	24	08	00	00	00	00	00
9018	24	08	00	00	00	00	00
9019	24	08	00	00	00	00	00
9020	24	08	00	00	00	00	00
9021	24	08	00	00	00	00	00
9022	24	08	00	00	00	00	00
9023	24	08	00	00	00	00	00
9024	24	08	00	00	00	00	00
9025	24	08	00	00	00	00	00
9026	24	08	00	00	00	00	00
9027	24	08	00	00	00	00	00
9028	24	08	00	00	00	00	00
9029	24	08	00	00	00	00	00
9030	24	08	00	00	00	00	00
9031	24	08	00	00	00	00	00
9032	24	08	00	00	00	00	00
9033	24	08	00	00	00	00	00
9034	24	08	00	00	00	00	00
9035	24	08	00	00	00	00	00
9036	24	08	00	00	00	00	00
9037	24	08	00	00	00	00	00
9038	24	08	00	00	00	00	00
9039	24	08	00	00	00	00	00
9040	24	08	00	00	00	00	00
9041	24	08	00	00	00	00	00
9042	24	08	00	00	00	00	00
9043	24	08	00	00	00	00	00
9044	24	08	00	00	00	00	00
9045	24	08	00	00	00	00	00
9046	24	08	00	00	00	00	00
9047	24	08	00	00	00	00	00
9048	24	08	00	00	00	00	00
9049	24	08	00	00	00	00	00
9050	24	08	00	00	00	00	00
9051	24	08	00	00	00	00	00
9052	24	08	00	00	00	00	00
9053	24	08	00	00	00	00	00
9054	24	08	00	00	00	00	00
9055	24	08	00	00	00	00	00
9056	24	08	00	00	00	00	00
9057	24	08	00	00	00	00	00
9058	24	08	00	00	00	00	00
9059	24	08	00	00	00	00	00
9060	24	08	00	00	00	00	00
9061	24	08	00	00	00	00	00
9062	24	08	00	00	00	00	00
9063	24	08	00	00	00	00	00
9064	24	08	00	00	00	00	00
9065	24	08	00	00	00	00	00
9066	24	08	00	00	00	00	00
9067	24	08	00	00	00	00	00
9068	24	08	00	00	00	00	00
9069	24	08	00	00	00	00	00
9070	24	08	00	00	00	00	00
9071	24	08	00	00	00	00	00
9072	24	08	00	00	00	00	00
9073	24	08	00	00	00	00	00
9074	24	08	00	00	00	00	00
9075	24	08	00	00	00	00	00
9076	24	08	00	00	00	00	00
9077	24	08	00	00	00	00	00
9078	24	08	00	00	00	00	00
9079	24	08	00	00	00	00	00
9080	24	08	00	00	00	00	00
9081	24	08	00	00	00	00	00
9082	24	08	00	00	00	00	00
9083	24	08	00	00	00	00	00
9084	24	08	00	00	00	00	00
9085	24	08	00	00	00	00	00
9086	24	08	00	00	00	00	00
9087	24	08	00	00	00	00	00
9088	24	08	00	00	00	00	00
9089	24	08	00	00	00	00	00
9090	24	08	00	00	00	00	00
9091	24	08	00	00	00	00	00
9092	24	08	00	00	00	00	00
9093	24	08	00	00	00	00	00
9094	24	08	00	00	00	00	00
9095	24	08	00	00	00	00	00
9096	24	08	00	00	00	00	00
9097	24	08	00	00	00	00	00
9098	24	08	00	00	00	00	00
9099	24	08	00	00	00	00	00
9100	24	08	00	00	00	00	00
9101	24	08	00	00	00	00	00
9102	24	08	00	00	00	00	00
9103	24	08	00	00	00	00	00
9104	24	08	00	00	00	00	00
9105	24	08	00	00	00	00	00
9106	24	08	00	00	00	00	00
9107	24	08	00	00	00	00	00
9108	24	08	00	00	00	00	00
9109	24	08	00	00	00	00	00
9110	24	08	00	00	00	00	00
9111	24	08	00	00	00	00	00
9112	24	08	00	00	00	00	00
9113	24	08	00	00	00	00	00
9114	24	08	00	00	00	00	00
9115	24	08	00	00	00	00	00
9116	24	08	00	00	00	00	00
9117	24	08	00	00	00	00	00
9118	24	08	00	00	00	00	00
9119	24	08	00	00	00	00	00
9120	24	08	00	00	00	00	00
9121	24	08	00	00	00	00	00
9122	24	08	00	00	00	00	00
9123	24	08	00	00	00	00	00
9124	24	08	00	00	00	00	00
9125	24	08	00	00	00	00	00
9126	24	08	00	00	00	00	00
9127	24	08	00	00	00	00	00
9128	24	08	00	00	00	00	00
9129	24	08	00	00	00	00	00
9130	24	08	00	00	00	00	00
9131	24	08	00	00	00	00	00
9132	24	08	00	00	00	00	00
9133	24	08	00	00	00	00	00
9134	24	08	00	00	00	00	00
9135	24	08	00	00	00	00	00
9136	24	08	00	00	00	00	00
9137	24	08	00	00	00	00	00
9138	24	08	00	00	00	00	00
9139	24	08	00	00	00	00	00
9140	24	08	00	00	00	00	00
9141	24	08	00	00	00	00	00
9142	24	08	00	00	00	00	00
9143	24	08	00	00	00	00	00
9144	24	08	00	00	00	00	00
9145	24	08	00	00	00	00	00
9146	24	08	00	00	00	00	00
9147	24	08	00	00	00	00	00
9148	24	08	00	00	00	00	00
9149	24	08	00	00	00	00	00
9150	24	08	00	00	00	00	00
9151	24	08	00	00	00	00	00
9152	24	08	00	00	00	00	00
9153	24	08	00	00	00	00	00
9154	24	08	00	00	00	00	00
9155	24	08	00	00	00	00	00
9156	24	08	00	00	00	00	00
9157	24	08	00	00	00	00	00
9158	24	08	00	00	00	00	00
9159	24	08	00	00	00	00	00
9160	24	08	00	00	00	00	00
9161	24	08	00	00	00	00	00
9162	24	08	00	00	00	00	00
9163	24	08	00	00	00	00	00
9164	24	08	00	00	00	00	00
9165	24	08	00	00	00	00	00
9166	24	08	00	00	00	00	00
9167	24	08	00	00	00	00	00
9168	24	08	00	00	00	00	00
9169	24	08	00	00	00	00	00
9170	24	08	00	00	00	00	00
9171	24	08	00	00	00	00	00
9172	24	08	00	00	00	00	00
9173	24	08	00	00	00	00	00
9174	24	08	00	00	00	00	00
9175	24	08	00	00	00	00	00
9176	24	08	00	00	00	00	00
9177	24	08	00	00	00	00	00
9178	24	08	00	00	00	00	00
9179	24	08	00	00	00	00	00
9180	24	08	00	00	00	00	00
9181	24	08	00	00	00	00	00
9182	24	08	00	00	00	00	00
9183	24	08	00	00	00	00	00
9184	24	08	00	00	00	00	00
9185	24	08	00	00	00	00	00
9186	24	08	00	00	00	00	00
9187	24	08	00	00	00	00	00
9188	24	08	00	00	00	00	00
9189	24	08	00	00	00	00	00
9190	24	08	00	00	00	00	00
9191	24	08	00	00	00	00	00
9192	24	08	00	00	00	00	00
9193	24	08	00	00	00	00	00
9194	24	08	00	00	00	00	00
9195	24	08	00	00	00	00	00
9196	24	08	00	00	00	00	00
9197	24	08	00	00	00	00	00
9198	24	08	00	00	00	00	00
9199	24	08	00	00	00	00	00
9200	24	08	00	00	00	00	00
9201	24	08	00	00	00	00	00
9202	24	08	00	00	00	00	00
9203	24	08	00	00	00	00	00
9204	24	08	00	00	00	00	00
9205	24	08	00	00	00	00	00
9206	24	08	00	00	00	00	00
9207	24	08	00	00	00	00	00
9208	24	08	00	00	00	00	00
9209	24	08	00	00	00	00	00
9210	24	08	00	00	00	00	00
9211	24	08	00	00	00	00	00
9212	24	08	00	00	00	00	00
9213	24	08	00	00	00	00	00
9214	24	08	00	00	00	00	00
9215	24	08	00	00	00	00	00
9216	24	08	00	00	00	00	00
9217	24	08	00	00	00	00	00
9218	24	08	00	00	00	00	00
9219	24	08	00	00	00	00	00
9220	24	08	00	00	00	00	00
9221	24	08	00	00	00	00	00
9222	24	08	00	00	00	00	00
9223	24	08	00	00	00	00	00
9224	24	08	00	00	00	00	00
9225	24	08	00	00	00	00	00
9226	24	08	00	00	00	00	00
9227	24	08	00	00	00	00	00
9228	24	08	00	00	00	00	00
9229	24	08	00	00	00	00	00
9230	24	08	00	00	00	00	00
9231	24	08	00	00	00	00	00
9232	24	08	00	00	00	00	00
9233	24	08	00	00	00	00	00
9234	24	08	00	00	00	00	00
9235	24	08	00	00	00	00	00
9236	24	08	00	00	00	00	00
9237	24	08	00	00	00	00	00
9238	24	08	00	00	00	00	00
9239	24	08	00	00	00	00	00
9240	24	08	00	00	00	00	00
9241	24	08	00	00	00	00	00
9242	24	08	00	00	00	00	00
9243	24	08	00	00	00	00	00
9244	24	08	00	00	00	00	00
9245	24	08	00	00	00	00	00
9246	24	08	00	00	00	00	00
9247	24	08	00	00	00	00	00
9248	24	08	00	00	00	00	00
9249	24	08	00	00	00	00	00
9250	24	08	00	00	00	00	00
9251	24	08	00	00	00	00	00
9252	24	08	00	00	00	00	00
9253	24	08	00	00	00	00	00
9254	24	08	00	00	00	00	00
9255	24	08	00	00	00	00	00
9256	24	08	00	00	00	00	00
9257	24	08	00	00	00	00	00
9258	24	08	00	00	00	00	00
9259	24	08	00	00	00	00	00
9260	24	08	00	00	00	00	00
9261	24	08	00	00	00	00	00
9262	24	08	00	00	00	00	00
9263	24	08	00	00	00	00	00
9264	24	08	00	00	00	00	00
9265	24	08	00	00	00	00	00
9266	24	08	00	00	00	00	00
9267	24	08	00	00	00	00	00
9268	24	08	00	00	00	00	00
9269	24	08	00	00	00	00	00
9270	24	08	00	00	00	00	00
9271	24	08	00	00	00	00	00
9272	24	08	00	00	00	00	00
9273	24	08	00	00	00	00	00
9274	24	08	00	00	00	00	00
9275	24	08	00	00	00	00	00
9276	24	08	00	00	00	00	00
9277	24	08	00	00	00	00	00
9278	24	08	00	00	00	00	00
9279	24	08	00	00	00	00	00
9280	24	08	00	00	00	00	00
9281	24	08	00	00	00	00	00
9282	24	08	00	00	00	00	00
9283	24	08	00	00	00	00	00
9284	24	08	00	00	00	00	00
9285	24	08	00	00	00	00	00
9286	24	08	00	00	00	00	00
9287	24	08	00	00	00	00	00
9288	24	08	00	00	00	00	00
9289	24	08	00	00	00	00	00
9290	24	08	00	00	00	00	00
9291	24	08	00	00	00	00	00
9292	24	08	00	00	00	00	00
9293	24	08	00	00	00	00	00
9294	24	08	00	00	00	00	00
9295	24	08	00	00	00	00	00
9296	24	08	00	00	00	00	00
9297	24	08	00	00	00	00	00
9298	24	08	00	00	00	00	00
9299	24	08	00	00	00	00	00
9300	24	08	00	00	00	00	00
9301	24	08	00	00	00	00	00
9302	24	08	00	00	00	00	00
9303	24	08	00	00	00	00	00
9304	24	08	00	00	00	00	00
9305	24	08	00	00	00	00	00
9306	24	08	00	00	00	00	00
9307	24	08	00	00	00	00	00
9308	24	08	00	00	00	00	00
9309	24	08	00	00	00	00	00
9310	24	08	00	00	00	00	00
9311	24	08	00	00	00	00	00
9312	24	08	00	00	00	00	00
9313	24	08	00	00	00	00	00
9314	24	08	00	00	00	00	00
9315	24	08	00	00	00	00	00
9316	24	08	00	00	00	00	00
9317	24	08	00	00	00	00	00
9318	24	08	00	00	00	00	00
9319	24	08	00	00	00	00	00
9320	24	08	00	00	00	00	00
9321	24	08	00	00	00	00	00
9322	24	08	00	00	00	00	00
9323	24	08	00	00	00	00	00
9324	24	08	00	00	00	00	00
9325	24	08	00	00	00	00	00
9326	24	08	00	00	00	00	00
9327	24	08	00	00	00	00	00
9328	24	08	00	00	00	00	00
9329	24	08	00	00	00	00	00
9330	24	08	00	00	00	00	00
9331	24	08	00	00	00	00	00
9332	24	08	00	00	00	00	00
9333	24	08	00	00	00	00	00
9334	24	08	00	00	00	00	00
9335	24	08	00	00	00	00	00
9336	24	08	00	00	00	00	00
9337	24	08	00	00	00	00	00
9338	24	08	00	00	00	00	00
9339	24	08	00	00	00	00	00
9340	24	08	00	00	00	00	00
9341	24	08	00	00	00	00	00
9342	24	08	00	00	00	00	00
9343	24	08	00	00	00	00	00
9344	24	08	00	00	00	00	00
9345	24	08	00	00	00	00	00
9346	24	08	00	00	00	00	00
9347	24	08	00	00	00	00	00
9348	24	08	00	00	00	00	00
9349	24	08	00	00	00	00	00
9350	24	08	00	00	00	00	00
9351	24	08	00	00	00	00	00
9352	24	08	00	00	00	00	00
9353	24	08	00	00	00	00	00
9354	24	08	00	00	00	00	00
9355	24	08	00	00	00	00	00
9356	24	08	00	00	00	00	00
9357	24	08	00	00	00	00	00
9358	24	08	00	00	00	00	00
9359	24	08	00	00	00	00	00
9360	24	08	00	00	00	00	00
9361	24	08	00	00	00	00	00
9362	24	08	00	00	00	00	00
9363	24	08	00	00	00	00	00
9364	24	08	00	00	00	00	00
9365	24	08	00	00	00	00	00
9366	24	08	00	00	00	00	00
9367	24	08	00	00	00	00	00
9368	24	08	00	00	00	00	00
9369	24	08	00	00	00	00	00
9370	24	08	00	00	00	00	00
9371	24	08	00	00	00	00	00
9372	24	08	00	00	00	00	00
9373	24	08	00	00	00	00	00
9374	24	08	00	00	00	00	00
9375	24	08	00	00	00	00	00
9376	24	08	00	00	00	00	00
9377	24	08	00	00	00	00	00
9378	24	08	00	00	00	00	00
9379	24	08	00	00	00	00	00
9380	24	08	00	00	00	00	00
9381	24	08	00	00	00	00	00
9382	24	08	00	00	00	00	00
9383	24	08	00	00	00	00	00
9384	24	08	00	00	00	00	00
9385	24	08	00	00	00	00	00
9386	24	08	00	00	00	00	00
9387	24	08	00	00	00	00	00
9388	24	08	00	00	00	00	00
9389	24	08	00	00	00	00	00
9390	24	08	00	00	00	00	00
9391	24	08	00	00	00	00	00
9392	24	08	00	00	00	00	00
9393	24	08	00	00	00	00	00
9394	24	08	00	00	00	00	00
9395	24	08	00	00	00	00	00
9396	24	08	00	00	00	00	00
9397	24	08	00	00	00	00	00
9398	24	08	00	00	00	00	00
9399	24	08	00	00	00	00	00
9400	24	08	00	00	00	00	00
9401	24	08	00	00	00	00	00
9402	24	08	00	00	00	00	00
9403	24	08	00	00	00	00	00
9404	24	08	00	00	00	00	00
9405	24	08	00	00	00	00	00
9406	24	08	00	00	00	00	00
9407	24	08	00	00	00	00	00
9408	24	08	00	00	00	00	00
9409	24	08	00	00	00	00	00
9410	24	08	00	00	00	00	00
9411	24	08	00	00	00	00	00
9412	24	08	00	00	00	00	00
9413	24	08	00	00	00	00	00
9414	24	08	00	00	00	00	00
9415	24	08	00	00	00	00	00
9416	24	08	00	00	00	00	00
9417	24	08	00	00	00	00	00
9418	24	08	00	00	00	00	00
9419	24	08	00	00	00	00	00
9420	24	08	00	00	00	00	00
9421	24	08	00	00	00	00	00
9422	24	08	00	00	00	00	00
9423	24	08	00	00	00	00	00
9424	24	08	00	00	00	00	00
9425	24	08	00	00	00	00	00
9426	24	08	00	00	00	00	00
9427	24	08	00	00	00	00	00
9428	24	08	00	00	00	00	00
9429	24	08	00	00	00	00	00
9430	24	08	00	00	00	00	00
9431	24	08	00	00	00	00	00
9432	24	08	00	00	00	00	00
9433	24	08	00	00	00	00	00
9434	24	08	00	00	00	00	00
9435	24	08	00	00	00	00	00
9436	24	08	00	00	00	00	00
9437	24	08	00	00	00	00	00
9438	24	08	00	00	00	00	00
9439	24	08	00	00	00	00	00
9440	24	08	00	00	00	00	00
9441	24	08	00	00	00	00	00
9442	24	08	00	00	00	00	00
9443	24	08	00	00	00	00	00
9444	24	08	00	00	00	00	00
9445	24	08	00	00	00	00	00
9446	24	08	00	00	00	00	00
9447	24	08	00	00	00	00	00
9448	24	08	00	00	00	00	00
9449	24	08	00	00	00	00	00
9450	24	08	00	00	00	00	00
9451	24	08	00	00	00	00	00
9452	24	08	00	00	00	00	00
9453	24	08	00	00	00	00	00
9454	24	08	00	00	00	00	00
9455	24	08	00	00	00	00	00
9456	24	08	00	00	00	00	00
9457	24	08	00	00	00	00	00
9458	24	08	00	00	00	00	00
9459	24	08	00	00	00	00	00
9460	24	08	00	00	00	00	00
9461	24	08	00	00	00	00	00
9462	24	08	00	00	00	00	00
9463	24	08	00	00	00	00	00
9464	24	08	00	00	00	00	00
9465	24	08	00	00	00	00	00
9466	24	08	00	00	00	00	00
9467	24	08	00	00	00	00	00
9468	24	08	00	00	00	00	00
9469	24	08	00	00	00	00	00
9470	24	08	00	00	00	00	00
9471	24	08	00	00	00	00	00
9472	24	08	00	00	00	00	00
9473	24	08	00	00	00	00	00
9474	24	08	00	00	00	00	00
9475	24	08	00	00	00	00	00
9476	24	08	00	00	00	00	00
9477	24	08	00	00	00	00	00
9478	24	08	00	00	00	00	00
9479	24	08	00	00	00	00	00
9480	24	08	00	00	00	00	00
9481	24	08	00	00	00	00	00
9482	24	08	00	00	00	00	00
9483	24	08	00	00	00	00	00
9484	24	08	00	00	00	00	00
9485	24	08	00	00	00	00	00
9486	24	08	00	00	00	00	00
9487	24	08	00	00	00	00	00
9488	24	08	00	00	00	00	00
9489	24	08	00	00	00	00	00
9490	24	08	00	00	00	00	00
9491	24	08	00	00	00	00	00
9492	24	08	00	00	00	00	00
9493	24	08	00	00	00	00	00
9494	24	08	00	00	00	00	00
9495	24	08	00	00	00	00	00
9496	24	08	00	00	00	00	00
9497	24	08	00	00	00	00	00
9498	24	08	00	00	00	00	00
9499	24	08	00	00	00	00	00
9500	24	08	00	00	00	00	00
9501	24	08	00	00	00	00	00
9502	24	08	00	00	00	00	00
9503	24	08	00	00	00	00	00
9504	24	08	00	00	00	00	00
9505	24	08	00	00	00	00	00
9506	24	08	00	00	00	00	00
9507	24	08	00	00	00	00	00
9508	24	08	00	00	00	00	00
9509	24	08	00	00	00	00	00
9510	24	08	00	00	00	00	00
9511	24	08	00	00	00	00	00
9512	24	08	00	00	00	00	00
9513	24	08	00	00	00	00	00
9514	24	08	00	00	00	00	00
9515	24	08	00	00	00	00	00
9516	24	08	00	00	00	00	00
9517	24	08	00	00	00	00	00
9518	24	08	00	00	00	00	00
9519	24	08	00	00	00	00	00
9520	24	08	00	00	00	00	00
9521	24	08	00	00	00	00	00
9522	24	08	00	00	00	00	00
9523	24	08	00	00	00	00	00
9524	24	08	00	00	00	00	00
9525	24	08	00	00	00	00	00
9526	24	08	00	00	00	00	00
9527	24	08	00	00	00	00	00
9528	24	08	00	00	00	00	00
9529	24	08	00	00	00	00	00
9530	24	08	00	00	00	00	00
9531	24	08	00	00	00	00	00
9532	24	08	00	00	00	00	00
9533	24	08	00	00	00	00	00
9534	24	08	00	00	00	00	00
9535	24	08	00	00	00	00	00
9536	24	08	00	00	00	00	00
9537	24	08	00	00	00	00	00
9538	24	08	00	00	00	00	00
9539	24	08	00	00	00	00	00
9540	24	08	00	00	00	00	00
9541	24	08	00	00	00	00	00
9542	24	08	00	00	00	00	00
9543	24	08	00	00	00	00	00
9544	24	08	00	00	00	00	00
9545	24	08	00	00	00	00	00
9546	24	08	00	00	00	00	00
9547	24	08	00	00	00	00	00
9548	24	08	00	00	00	00	00
9549	24	08	00	00	00	00	00
9550	24	08	00	00	00	00	00
9551	24	08	00	00	00	00	00
9552	24	08	00	00	00	00	00
9553	24	08	00	00	00	00	00
9554	24	08	00	00	00	00	00
9555	24	08	00	00	00	00	00
9556	24	08	00	00	00	00	00
9557	24	08	00	00	00	00	00
9558	24	08	00	00	00	00	00
9559	24	08	00	00	00	00	00
9560	24	08	00	00	00	00	00
9561	24	08	00	00	00	00	00
9562	24	08	00	00	00	00	00
9563	24	08	00	00	00	00	00
9564	24	08	00	00	00	00	00
9565	24	08	00	00	00	00	00
9566	24	08	00	00	00	00	00
9567	24	08	00	00	00	00	00
9568	24	08	00	00	00	00	00
9569	24	08	00	00	00	00	00
9570	24	08	00	00	00	00	00
9571	24	08	00	00	00	00	00
9572	24	08	00	00	00	00	00
9573	24	08	00	00	00	00	00
9574	24	08	00	00	00	00	00
9575	24	08	00	00	00	00	00
9576	24	08	00	00	00	00	00
9577	24	08	00	00	00	00	00
9578	24	08	00	00	00	00	00
9579	24	08	00	00	00	00	00
9580	24	08	00	00	00	00	00
9581	24	08	00	00	00	00	00
9582	24	08	00	00	00	00	00
9583	24	08	00	00	00	00	00
9584	24	08	00	00	00	00	00
9585	24	08	00	00	00	00	00
9586	24	08	00	00	00	00	00
9587	24	08	00	00	00	00	00
9588	24	08	00	00	00	00	00
9589	24	08	00	00	00	00	00
9590	24	08	00	00	00	00	00
9591	24	08	00	00	00	00	00
9592	24	08	00	00	00	00	00
9593	24	08	00	00	00	00	00
9594	24	08	00	00	00	00	00
9595	24	08	00	00	00	00	00
9596	24	08	00	00	00	00	00
9597	24	08	00	00	00	00	00
9598	24	08	00	00	00	00	00
9599	24	08	00	00	00	00	00
9600	24	08	00	00	00	00	00
9601	24	08	00	00	00	00	00
9602	24	08	00	00	00	00	00
9603	24	08	00	00	00	00	00
9604	24	08	00	00	00	00	00
9605	24	08	00	00	00	00	00
9606	24	08	00	00	00	00	00
9607	24	08	00	00	00	00	00
9608	24	08	00	00	00	00	00
9609	24	08	00	00	00	00	00
9610	24	08	00	00	00	00	00
9611	24	08	00	00	00	00	00
9612	24	08	00	00	00	00	00
9613	24	08	00	00	00	00	00
9614	24	08	00	00	00	00	00
9615	24	08	00	00	00	00	00
9616	24	08	00	00	00	00	00
9617	24	08	00	00	00	00	00
9618	24	08	00	00	00	00	00
9619	24	08	00	00	00	00	00
9620	24	08	00	00	00	00	00
9621	24	08	00	00	00	00	00
9622	24	08	00	00	00	00	00
9623	24	08	00	00	00	00	00
9624	24	08	00	00	00	00	00
9625	24	08	00	00	00	00	00
9626	24	08	00	00	00	00	00
9627	24	08	00	00	00	00	00
9628	24	08	00	00	00	00	00
9629	24	08	00	00	00	00	00
9630	24	08	00	00	00	00	00
9631	24	08	00	00	00	00	00
9632	24	08	00	00	00	00	00
9633	24	08	00	00	00	00	00
9634	24	08	00	00	00	00	00
9635	24	08	00	00	00	00	00
9636	24	08	00	00	00	00	00
9637	24	08	00	00	00	00	00
9638	24	08	00	00	00	00	00
9639	24	08	00	00	00	00	00
9640	24	08	00	00	00	00	00
9641	24	08	00	00	00	00	00
9642	24	08	00	00	00	00	00
9643	24	08	00	00	00	00	00
9644	24	08	00	00	00	00	00
9645	24	08	00	00	00	00	00
9646	24	08	00	00	00	00	00
9647	24	08	00	00	00	00	00
9648	24	08	00	00	00	00	00
9649	24	08	00	00	00	00	00
9650	24	08	00	00	00	00	00
9651	24	08	00	00	00	00	00
9652	24	08	00	00	00	00	00
9653	24	08	00	00	00	00	00
9654	24	08	00	00	00	00	00
9655	24	08	00	00	00	00	00
9656	24	08	00	00	00	00	00
9657	24	08	00	00	00	00	00
9658	24	08	00	00	00	00	00
9659	24	08	00	00	00	00	00
9660	24	08	00	00	00	00	00
9661	24	08	00	00	00	00	00
9662	24	08	00	00	00	00	00
9663	24	08	00	00	00	00	00
9664	24	08	00	00	00	00	00
9665	24	08	00	00	00	00	00
9666	24	08	00	00	00	00	00
9667	24	08	00	00	00	00	00
9668	24	08	00	00	00	00	00
9669	24	08	00	00	00	00	00
9670	24	08	00	00	00	00	00
9671	24	08	00	00	00	00	00
9672	24	08	00	00	00	00	00
9673	24	08	00	00	00	00	00
9674	24	08	00	00	00	00	00
9675	24	08	00	00	00	00	00
9676	24	08	00	00	00	00	00
9677	24	08	00	00	00	00	00
9678	24	08	00	00	00	00	00
9679	24	08	00	00	00	00	00
9680	24	08	00	00	00	00	00
9681	24	08	00	00	00	00	00
9682	24	08	00	00	00	00	00
9683	24	08	00	00	00	00	00
9684	24	08	00	00	00	00	00
9685	24	08	00	00	00	00	00
9686	24	08	00	00	00	00	00
9687	24	08	00	00	00	00	00
9688	24	08	00	00	00	00	00
9689	24	08	00	00	00	00	00
9690	24	08	00	00	00	00	00
9691	24	08	00	00	00	00	00
9692	24	08	00	00	00	00	00
9693	24	08	00	00	00	00	00
9694	24	08	00	00	00	00	00
9695	24	08	00	00	00	00	00
9696	24	08	00	00	00	00	00
9697	24	08	00	00	00	00	00
9698	24	08	00	00	00	00	00
9699	24	08	00	00	00	00	00
9700	24	08	00	00	00	00	00
9701	24	08	00	00	00	00	00
9702	24	08	00	00	00	00	00
9703	24	08	00	00	00	00	00
9704	24	08	00	00	00	00	00
9705	24	08	00	00	00	00	00
9706	24	08	00	00	00	00	00
9707	24	08	00	00	00	00	00
9708	24	08	00	00	00	00	00
9709	24	08	00	00	00	00	00
9710	24	08	00	00	00	00	00
9711	24	08	00	00	00	00	00
9712	24	08	00	00	00	00	00
9713	24	08	00	00	00	00	00
9714	24	08	00	00	00	00	00
9715	24	08	00	00	00	00	00
9716	24	08	00	00	00	00	00
9717	24	08	00	00	00	00	00
9718	24	08	00	00	00	00	00
9719	24	08	00	00	00	00	00
9720	24	08	00	00	00	00	00
9721	24	08	00	00	00	00	00
9722	24	08	00	00	00	00	00
9723	24	08	00	00	00	00	00
9724	24	08	00	00	00	00	00
9725	24	08	00	00	00	00	00
9726	24	08	00	00	00	00	00
9727	24	08	00	00	00	00	00
9728	24	08	00	00	00	00	00
9729	24	08	00	00	00	00	00
9730	24	08	00	00	00	00	00
9731	24	08	00	00	00	00	00
9732	24	08	00	00	00	00	00
9733	24	08	00	00	00	00	00
9734	24	08	00	00	00	00	00
9735	24	08	00	00	00	00	00
9736	24	08	00	00	00	00	00
9737	24	08	00	00	00	00	00
9738	24	08	00	00	00	00	00
9739	24	08	00	00	00	00	00
9740	24	08	00	00	00	00	00
9741	24	08	00	00	00	00	00
9742	24	08	00	00	00	00	00
9743	24	08	00	00	00	00	00
9744	24	08	00	00	00	00	00
9745	24	08	00	00	00	00	00
9746	24	08	00	00	00	00	00
9747	24	08	00	00	00	00	00
9748	24	08	00	00	00	00	00
9749	24	08	00	00	00	00	00
9750	24	08	00	00	00	00	00
9751	24	08	00	00	00	00	00
9752	24	08	00	00	00	00	00
9753	24	08	00	00	00	00	00
9754	24	08	00	00	00	00	00
9755	24	08	00	00	00	00	00
9756	24	08	00	00	00	00	00
9757	24	08	00	00	00	00	00
9758	24	08	00	00	00	00	00
9759	24	08	00	00	00	00	00
9760	24	08	00	00	00	00	00
9761	24	08	00	00	00	00	00
9762	24	08	00	00	00	00	00
9763	24	08	00	00	00	00	00
9764	24	08	00	00	00	00	00
9765	24	08	00	00	00	00	00
9766	24	08	00	00	00	00	00
9767	24	08	00	00	00	00	00
9768	24	08	00	00	00	00	00
9769	24	08	00	00	00	00	00
9770	24	08	00	00	00	00	00
9771	24	08	00	00	00	00	00
9772	24	08	00	00	00	00	00
9773	24	08	00	00	00	00	00
9774	24	08	00	00	00	00	00
9775	24	08	00	00	00	00	00
9776	24	08	00	00	00	00	00
9777	24	08	00	00	00	00	00
9778	24	08	00	00	00	00	00
9779	24	08	00	00	00	00	00
9780	24	08	00	00	00	00	00
9781	24	08	00	00	00	00	00
9782	24	08	00	00	00	00	00
9783	24	08	00	00	00	00	00
9784	24	08	00	00	00	00	00
9785	24	08	00	00	00	00	00
9786	24	08	00	00	00	00	00
9787	24	08	00	00	00	00	00
9788	24	08	00	00	00	00	00
9789	24	08	00	00	00	00	00
9790	24	08	00	00	00	00	00
9791	24	08	00	00	00	00	00
9792	24	08	00	00	00	00	00
9793	24	08	00	00	00	00	00
9794	24	08	00	00	00	00	00
9795	24	08	00	00	00	00	00
9796	24	08	00	00	00	00	00
9797	24	08	00	00	00	00	00
9798	24	08	00	00	00	00	00
9799	24	08	00	00	00	00	00
9800	24	08	00	00	00	00	00
9801	24	08	00	00	00	00	00
9802	24	08	00	00	00	00	00
9803	24	08	00	00	00	00	00
9804	24	08	00	00	00	00	00
9805	24	08	00	00	00	00	00
9806	24	08	00	00	00	00	00
9807	24	08	00	00	00	00	00
9808	24	08	00	00	00	00	00
9809	24	08	00	00	00	00	00
9810	24	08	00	00	00	00	00
9811	24	08	00	00	00	00	00
9812	24	08	00	00	00	00	00
9813	24	08	00	00	00	00	00
9814	24	08	00	00	00	00	00
9815	24	08	00	00	00	00	00
9816	24	08	00	00	00	00	00
9817	24	08	00	00	00	00	00
9818	24	08	00	00	00	00	00
9819	24	08	00	00	00	00	00
9820	24	08	00	00	00	00	00
9821	24	08	00	00	00	00	00
9822	24	08	00	00	00	00	00
9823	24	08	00	00	00	00	00
9824	24	08	00	00	00	00	00
9825	24	08	00	00	00	00	00
9826	24	08	00	00	00	00	00
9827	24	08	00	00	00	00	00
9828	24	08	00	00	00	00	00
9829	24	08	00	00	00	00	00
9830	24	08	00	00	00	00	00
9831	24	08	00	00	00	00	00
9832	24	08	00	00	00	00	00
9833	24	08	00	00	00	00	00
9834	24	08	00	00	00	00	00
9835	24	08	00	00	00	00	00
9836	24	08	00	00	00	00	00
9837	24	08	00	00	00	00	00
9838	24	08	00	00	00	00	00
9839	24	08	00	00	00	00	00
9840	24	08	00	00	00	00	00
9841	24	08	00	00	00	00	00
9842	24	08	00	00	00	00	00
9843	24	08	00	00	00	00	00
9844	24	08	00	00	00	00	00
9845	24	08	00	00	00	00	00
9846	24	08	00	00	00	00	00
9847	24	08	00	00	00	00	00
9848	24	08	00	00	00	00	00
9849	24	08	00	00	00	00	00
9850	24	08	00	00	00	00	00
9851	24	08	00	00	00	00	00
9852	24	08	00	00	00	00	00
9853	24	08	00	00	00	00	00
9854	24	08	00	00	00	00	00
9855	24	08	00	00	00	00	00
9856	24	08	00	00	00	00	00
9857	24	08	00	00	00	00	00
9858	24	08	00	00	00	00	00
9859	24	08	00	00	00	00	00
9860	24	08	00	00	00	00	00
9861	24	08	00	00	00	00	00
9862	24	08	00	00	00	00	00
9863	24	08	00	00	00	00	00
9864	24	08	00	00	00	00	00
9865	24	08	00	00	00	00	00
9866	24	08	00	00	00	00	00
9867	24	08	00	00	00	00	00
9868	24	08	00	00	00	00	00
9869	24	08	00	00	00	00	00
9870	24	08	00	00	00	00	00
9871	24	08	00	00	00	00	00
9872	24	08	00	00	00	00	00
9873	24	08	00	00	00	00	00
9874	24	08	00	00	00	00	00
9875	24	08	00	00	00	00	00
9876	24	08	00	00	00	00	00
9877	24	08	00	00	00	00	00
9878	24	08	00	00	00	00	00
9879	24	08	00	00	00	00	00
9880	24	08	00	00	00	00	00
9881	24	08	00	00	00	00	00
9882	24	08	00	00	00	00	00
9883	24	08	00	00	00	00	00
9884	24	08	00	00	00	00	00
9885	24	08	00	00	00	00	00
9886	24	08	00	00	00	00	00
9887	24	08	00	00	00	00	00
9888	24	08	00	00	00	00	00
9889	24	08	00	00	00	00	00
9890	24	08	00	00	00	00	00
9891	24	08	00	00	00	00	00
9892	24	08	00	00	00	00	00
9893	24	08	00	00	00	00	00
9894	24	08	00	00	00	00	00
9895	24	08	00	00	00	00	00
9896	24	08	00	00	00	00	00
9897	24	08	00	00	00	00	00
9898	24	08	00	00	00	00	00
9899	24	08	00	00	00	00	00
9900	24	08	00	00	00	00	00
9901	24	08	00	00	00	00	00
9902	24	08	00	00	00	00	00
9903	24	08	00	00	00	00	00
9904	24	08	00	00	00	00	00
9905	24	08	00	00	00	00	00
9906	24	08	00	00	00	00	00
9907	24	08	00	00	00	00	00
9908	24	08	00	00	00	00	00
9909	24	08	00	00	00	00	00
9910	24	08	00	00	00	00	00
9911	24	08	00	00	00	00	00
9912	24	08	00	00	00	00	00
9913	24	08	00	00	00	00	00
9914	24	08	00	00	00	00	00
9915	24	08	00	00	00	00	00
9916	24	08	00	00	00	00	00
9917	24	08	00	00	00	00	00
9918	24	08	00	00	00	00	00
9919	24	08	00	00	00	00	00
9920	24	08	00	00	00	00	00
9921	24	08	00	00	00	00	00
9922	24	08	00	00	00	00	00
9923	24	08	00	00	00	00	00
9924	24	08	00	00	00	00	00
9925	24	08	00	00	00	00	00
9926	24	08	00	00	00	00	00
9927	24	08	00	00	00	00	00
9928	24	08	00	00	00	00	00
9929	24	08	00	00	00	00	00
9930	24	08	00	00	00	00	00
9931	24	08	00	00	00	00	00
9932	24	08	00	00	00	00	00
9933	24	08	00	00	00	00	00
9934	24	08	00	00	00	00	00
9935	24	08	00	00	00	00	00
9936	24	08	00	00	00	00	00
9937	24	08	00	00	00	00	00
9938	24	08	00	00	00	00	00
9939	24	08	00	00	00	00	00
9940	24	08	00	00	00	00	00
9941	24	08	00	00	00	00	00
9942	24	08	00	00	00	00	00
9943	24	08	00	00	00	00	00
9944	24	08	00	00	00	00	00
9945	24	08	00	00	00	00	00
9946	24	08	00	00	00	00	00
9947	24	08	00	00	00	00	00
9948	24	08	00	00	00	00	00
9949	24	08	00	00	00	00	00
9950	24	08	00	00	00	00	00
9951	24	08	00	00	00	00	00
9952	24	08	00	00	00	00	00
9953	24	08	00	00	00	00	00
9954	24	08	00	00	00	00	00
9955	24	08	00	00	00	00	00
9956	24	08	00	00	00	00	00
9957	24	08	00	00	00	00	00
9958	24	08	00	00	00	00	00
9959	24	08	00	00	00	00	00
9960	24	08	00	00	00	00	00
9961	24	08	00	00	00	00	00
9962	24	08	00	00	00	00	00
9963	24	08	00	00	00	00	00
9964	24	08	00	00	00	00	00
9965	24	08	00	00	00	00	00
9966	24	08	00	00	00	00	00
9967	24	08	00	00	00	00	00
9968	24	08	00	00	00	00	00
9969	24	08	00	00	00	00	00
9970	24	08	00	00	00	00	00
9971	24	08	00	00	00	00	00
9972	24	08	00	00	00	00	00
9973	24	08	00	00	00	00	00
9974	24	08	00	00	00	00	00
9975	24	08	00	00	00	00	00
9976	24	08	00	00	00	00	00
9977	24	08	00	00	00	00	00
9978	24	08	00	00	00	00	00
9979	24	08	00	00	00	00	00
9980	24	08	00	00	00	00	00
9981	24	08	00	00	00	00	00
9982	24	08	00	00	00	00	00
9983	24	08	00	00	00	00	00
9984	24	08	00	00	00	00	00
9985	24	08	00	00	00	00	00
9986	24	08	00	00	00	00	00
9987	24	08	00	00	00	00	00
9988	24	08	00	00	00	00	00
9989	24	08	00	00	00	00	00
9990	24	08	00	00	00	00	00
9991	24	08	00	00	00	00	00
9992	24	08	00	00	00	00	00
9993	24	08	00	00	00	00	00
9994	24	08	00	00	00	00	00
9995	24	08	00	00	00	00	00
9996	24	08	00	00	00	00	00
9997	24	08	00	00	00	00	00
9998	24	08	00	00	00	00	00
9999	24	08	00	00	00	00	00
10000	24	08	00	00	00	00	00
10001	24	08	00	00	00	00	00
10002	24	08	00	00	00	00	00
10003	24	08	00	00	00	00	00
10004	24	08	00	00	00	00	00
10005	24	08	00	00	00	00	00
10006	24	08	00	00	00	00	00
10007	24	08	00	00	00	00	00
10008	24	08	00	00	00	00	00
10009	24	08	00	00	00	00	00
10010	24	08	00	00	00	00	00
10011	24	08	00	00	00	00	00
10012	24	08	00	00	00	00	00
10013	24	08	00	00	00	00	00
10014	24	08	00	00	00	00	00
10015	24	08	00	00	00	00	00
10016	24	08	00	00	00	00	00
10017	24	08	00	00	00	00	00
10018	24	08	00	00	00	00	00
10019	24	08	00	00	00	00	00
10020	24	08	00	00	00	00	00
10021	24	08	00	00	00	00	00
10022	24	08	00	00	00	00	00
10023	24	08	00	00	00	00	00
10024	24	08	00	00	00	00	00
10025	24	08	00	00	00	00	00
10026	24	08	00	00	00	00	00
10027	24	08	00	00	00	00	00
10028	24	08	00	00	00	00	00
10029	24	08	00	00	00	00	00
10030	24	08	00	00	00	00	00
10031	24	08	00	00	00	00	00
10032	24	08	00	00	00	00	00
10033	24	08	00	00	00	00	00
10034	24	08	00	00	00	00	00
10035	24	08	00	00	00	00	00
10036	24	08	00	00	00	00	00
10037	24	08	00	00	00	00	00
10038	24	08	00	00	00	00	00
10039	24	08	00	00	00	00	00
10040	24	08	00	00	00	00	00
10041	24	08	00	00	00	00	00
10042	24	08	00	00	00	00	00
10043	24	08	00	00	00	00	00
10044	24	08	00	00	00	00	00
10045	24	08	00	00	00	00	00
10046	24	08	00	00	00	00	00
10047	24	08	00	00	00	00	00
10048	24	08	00	00	00	00	00
10049	24	08	00	00	00	00	00
10050	24	08	00	00	00	00	00
10051	24	08	00	00	00	00	00
10052	24	08	00	00	00	00	00
10053	24	08	00	00	00	00	00
10054	24	08	00	00	00	00	00
10055	24	08	00	00	00	00	00
10056	24	08	00	00	00	00	00
10057	24	08	00	00	00	00	00
10058	24	08	00	00	00	00	00
10059	24	08	00	00	00	00	00
10060	24	08	00	00	00	00	00
10061	24	08	00	00	00	00	00
10062	24	08	00	00	00	00	00
10063	24	08	00	00	00	00	00
10064	24	08	00	00	00	00	00
10065	24	08	00	00	00	00	00
10066	24	08	00	00	00	00	00
10067	24	08	00	00	00	00	00
10068	24	08	00	00	00	00	00
10069	24	08	00	00	00	00	00
10070	24	08	00	00	00	00	00
10071	24	08	00	00	00	00	00
10072	24	08	00	00	00	00	00
10073	24	08	00	00	00	00	00
10074	24	08	00	00	00	00	00
10075	24	08	00	00	00	00	00
10076	24	08	00	00	00	00	00
10077	24	08	00	00	00	00	00
10078	24	08	00	00	00	00	00
10079	24	08	00	00	00	00	00
10080	24	08	00	00	00	00	00
10081	24	08	00	00	00	00	00
10082	24	08	00	00	00	00	00
10083	24	08	00	00	00	00	00
10084	24	08	00	00	00	00	00
10085	24	08	00	00	00	00	00
10086	24	08	00	00	00	00	00
10087	24	08	00	00	00	00	00
10088	24	08	00	00	00	00	00
10089	24	08	00	00	00	00	00
10090	24	08	00	00	00	00	00
10091	24	08	00	00	00	00	00
10092	24	08	00	00	00	00	00
10093	24	08	00	00	00	00	00
10094	24	08	00	00	00	00	00
10095	24	08	00	00	00	00	00
10096	24	08	00	00	00	00	00
10097	24	08	00	00	00	00	00
10098	24	08	00	00	00	00	00
10099	24	08	00	00	00	00	00
10100	24	08	00	00	00	00	00
10101	24	08	00	00	00	00	00
10102	24	08	00	00	00	00	00
10103	24	08	00	00	00	00	00
10104	24	08	00	00	00	00	00
10105	24	08	00	00	00	00	00
10106	24	08	00	00	00	00	00
10107	24	08	00	00	00	00	00
10108	24	08	00	00	00	00	00
10109	24	08	00	00	00	00	00
10110	24	08	00	00	00	00	00
10111	24	08	00	00	00	00	00
10112	24	08	00	00	00	00	00
10113	24	08	00	00	00	00	00
10114	24	08	00	00	00	00	00
10115	24	08	00	00	00	00	00
10116	24	08	00	00	00	00	00
10117	24	08	00	00	00	00	00
10118	24	08	00	00	00	00	00
10119	24	08	00	00	00	00	00
10120	24	08	00	00	00	00	00
10121	24	08	00	00	00	00	00
10122	24	08	00	00	00	00	00
10123	24	08	00	00	00	00	00
10124	24	08	00	00	00	00	00
10125	24	08	00	00	00	00	00
10126	24	08	00	00	00	00	00
10127	24	08	00	00	00	00	00
10128	24	08	00	00	00	00	00
10129	24	08	00	00	00	00	00
10130	24	08	00	00	00	00	00
10131	24	08	00	00	00	00	00
10132	24	08	00	00	00	00	00
10133	24	08	00	00	00	00	00
10134	24	08	00	00	00	00	00
10135	24	08	00	00	00	00	00
10136	24	08	00	00	00	00	00
10137	24	08	00	00	00	00	00
10138	24	08	00	00	00	00	00
10139	24	08	00	00	00	00	00
10140	24	08	00	00	00	00	00
10141	24	08	00	00	00	00	00
10142	24	08	00	00	00	00	00
10143	24	08	00	00	00	00	00
10144	24	08	00	00	00	00	00
10145	24	08	00	00	00	00	00
10146	24	08	00	00	00	00	00
10147	24	08	00	00	00	00	00
10148	24	08	00	00	00	00	00
10149	24	08	00	00	00	00	00
10150	24	08	00	00	00	00	00
10151	24	08	00	00	00	00	00
10152	24	08	00	00	00	00	00
10153	24	08	00	00	00	00	00
10154	24	08	00	00	00	00	00
10155	24	08	00	00	00	00	00
10156	24	08	00	00	00	00	00
10157	24	08	00	00	00	00	00
10158	24	08	00	00	00	00	00
10159	24	08	00	00	00	00	00
10160	24	08	00	00	00	00	00
10161	24	08	00	00	00	00	00
10162	24	08	00	00	00	00	00
10163	24	08	00	00	00	00	00
10164	24	08	00	00	00	00	00
10165	24	08	00	00	00	00	00
10166	24	08	00	00	00	00	00
10167	24	08	00	00	00	00	00
10168	24	08	00	00	00	00	00
10169	24	08	00	00	00	00	00
10170	24	08	00	00	00	00	00
10171	24	08	00	00	00	00	00
10172	24	08	00	00	00	00	00
10173	24	08	00	00	00	00	00
10174	24	08	00	00	00	00	00
10175	24	08	00	00	00	00	00
10176	24	08	00	00	00	00	00
10177	24	08	00	00	00	00	00
10178	24	08	00	00	00	00	00
10179	24	08	00	00	00	00	00
10180	24	08	00	00	00	00	00
10181	24	08	00	00	00	00	00
10182	24	08	00	00	00	00	00
10183	24	08	00	00	00	00	00
10184	24	08	00	00	00	00	00
10185	24	08	00	00	00	00	00
10186	24	08	00	00	00	00	00
10187	24	08	00	00	00	00	00
10188	24	08	00	00	00	00	00
10189	24	08	00	00	00	00	00
10190	24	08	00	00	00	00	00
10191	24	08	00	00	00	00	00
10192	24	08	00	00	00	00	00
10193	24	08	00	00	00	00	00
10194	24	08	00	00	00	00	00
10195	24	08	00	00	00	00	00
10196	24	08	00	00	00	00	00
10197	24	08	00	00	00	00	00
10198	24	08	00	00	00	00	00
10199	24	08	00	00	00	00	00
10200	24	08	00	00	00	00	00
10201	24	08	00	00	00	00	00
10202	24	08	00	00	00	00	00
10203	24	08	00	00	00	00	00
10204	24	08	00	00	00	00	00
10205	24	08	00	00	00	00	00
10206	24	08	00	00	00	00	00
10207	24	08	00	00	00	00	00
10208	24	08	00	00	00	00	00
10209	24	08	00	00	00	00	00
10210	24	08	00	00	00	00	00
10211	24	08	00	00	00	00	00
10212	24	08	00	00	00	00	00
10213	24	08	00	00	00	00	00
10214	24	08	00	00	00	00	00
10215	24	08	00	00	00	00	00
10216	24	08	00	00	00	00	00
10217	24	08	00	00	00	00	00
10218	24	08	00	00	00	00	00
10219	24	08	00	00	00	00	00
10220	24	08	00	00	00	00	00
10221	24	08	00	00	00	00	00
10222	24	08	00	00	00	00	00
10223	24	08	00	00	00	00	00
10224	24	08	00	00	00	00	00
10225	24	08	00	00	00	00	00
10226	24	08	00	00	00	00	00
10227	24	08	00	00	00	00	00
10228	24	08	00	00	00	00	00
10229	24	08	00	00	00	00	00
10230	24	08	00	00	00	00	00
10231	24	08	00	00	00	00	00
10232	24	08	00	00	00	00	00
10233	24	08	00	00	00	00	00
10234	24	08	00	00	00	00	00
10235	24	08	00	00	00	00	00
10236	24	08	00	00	00	00	00
10237	24	08	00	00	00	00	00
10238	24	08	00	00	00	00	00
10239	24	08	00	00	00	00	00
10240	24	08	00	00	00	00	00
10241	24	08	00	00	00	00	00
10242	24	08	00	00	00	00	00
10243	24	08	00	00	00	00	00
10244	24	08	00	00	00	00	00
10245	24	08	00	00	00	00	00
10246	24	08	00	00	00	00	00
10247	24	08	00	00	00	00	00
10248	24	08	00	00	00	00	00
10249	24	08	00	00	00	00	00
10250	24	08	00	00	00	00	00
10251	24	08	00	00	00	00	00
10252	24	08	00	00	00	00	00
10253	24	08	00	00	00	00	00
10254	24	08	00	00	00	00	00
10255	24	08	00	00	00	00	00
10256	24	08	00	00	00	00	00
10257	24	08	00	00	00	00	00
10258	24	08	00	00	00	00	00
10259	24	08	00	00	00	00	00
10260	24	08	00	00	00	00	00
10261	24	08	00	00	00	00	00
10262	24	08	00	00	00	00	00
10263	24	08	00	00	00	00	00
10264	24	08	00	00	00	00	00
10265	24	08	00	00	00	00	00
10266	24	08	00	00	00	00	00
10267	24	08	00	00	00	00	00
10268	24	08	00	00	00	00	00
10269	24	08	00	00	00	00	00
10270	24	08	00	00	00	00	00
10271	24	08	00	00	00	00	00
10272	24	08	00	00	00	00	00
10273	24	08	00	00	00	00	00
10274	24	08	00	00	00	00	00
10275	24	08	00	00	00	00	00
10276	24	08	00	00	00	00	00
10277	24	08	00	00	00	00	00
10278	24	08	00	00	00	00	00
10279	24	08	00	00	00	00	00
10280	24	08	00	00	00	00	00
10281	24	08	00	00	00	00	00
10282	24	08	00	00	00	00	00
10283	24	08	00	00	00	00	00
10284	24	08	00	00	00	00	00
10285	24	08	00	00	00	00	00
10286	24	08	00	00	00	00	00
10287	24	08	00	00	00	00	00
10288	24	08	00	00	00	00	00
10289	24	08	00	00	00	00	00
10290	24	08	00	00	00	00	00
10291	24	08	00	00	00	00	00
10292	24	08	00	00	00	00	00
10293	24	08	00	00	00	00	00
10294	24	08	00	00	00	00	00
10295	24	08	00	00	00	00	00
10296	24	08	00	00	00	00	00
10297	24	08	00	00	00	00	00
10298	24	08	00	00	00	00	00
10299	24	08	00	00	00	00	00
10300	24	08	00	00	00	00	00
10301	24	08	00	00	00	00	00
10302	24	08	00	00	00	00	00
10303	24	08	00	00	00	00	00
10304	24	08	00	00	00	00	00
10305	24	08	00	00	00	00	00
10306	24	08	00	00	00	00	00
10307	24	08	00	00	00	00	00
10308	24	08	00	00	00	00	00
10309	24	08	00	00	00	00	00
10310	24	08	00	00	00	00	00
10311	24	08	00	00	00	00	00
10312	24	08	00	00	00	00	00
10313	24	08	00	00	00	00	00
10314	24	08	00	00	00	00	00
10315	24	08	00	00	00	00	00
10316	24	08	00	00	00	00	00
10317	24	08	00	00	00	00	00
10318	24	08	00	00	00	00	00
10319	24	08	00	00	00	00	00
10320	24	08	00	00	00	00	00
10321	24	08	00	00	00	00	00
10322	24	08	00	00	00	00	00
10323	24	08	00	00	00	00	00
10324	24	08	00	00	00	00	00
10325	24	08	00	00	00	00	00
10326	24	08	00	00	00	00	00
10327	24	08	00	00	00	00	00
10328	24	08	00	00	00	00	00
10329	24	08	00	00	00	00	00
10330	24	08	00	00	00	00	00
10331	24	08	00	00	00	00	00
10332	24	08	00	00	00	00	00
10333	24	08	00	00	00	00	00
10334	24	08	00	00	00	00	00
10335	24	08	00	00	00	00	00
10336	24	08	00	00	00	00	00
10337	24	08	00	00	00	00	00
10338	24	08	00	00	00	00	00
10339	24	08	00	00	00	00	00
10340	24	08	00	00	00	00	00
10341	24	08	00	00	00	00	00
10342	24	08	00	00	00	00	00
10343	24	08	00	00	00	00	00
10344	24	08	00	00	00	00	00
10345	24	08	00	00	00	00	00
10346	24	08	00	00	00	00	00
10347	24	08	00	00	00	00	00
10348	24	08	00	00	00	00	00
10349	24	08	00	00	00	00	00
10350	24	08	00	00	00	00	00
10351	24	08	00	00	00	00	00
10352	24	08	00	00	00	00	00
10353	24	08	00	00	00	00	00
10354	24	08	00	00	00	00	00
10355	24	08	00	00	00	00	00
10356	24	08	00	00	00	00	00
10357	24	08	00	00	00	00	00
10358	24	08	00	00	00	00	00
10359	24	08	00	00	00	00	00
10360	24	08	00	00	00	00	00
10361	24	08	00	00	00	00	00
10362	24	08	00	00	00	00	00
10363	24	08	00	00	00	00	00
10364	24	08	00	00	00	00	00
10365	24	08	00	00	00	00	00
10366	24	08	00	00	00	00	00
10367	24	08	00	00	00	00	00
10368	24	08	00	00	00	00	00
10369	24	08	00	00	00	00	00
10370	24	08	00	00	00	00	00
10371	24	08	00	00	00	00	00
10372	24	08	00	00	00	00	00
10373	24	08	00	00	00	00	00
10374	24	08	00	00	00	00	00
10375	24	08	00	00	00	00	00
10376	24	08	00	00	00	00	00
10377	24	08	00	00	00	00	00
10378	24	08	00	00	00	00	00
10379	24	08	00	00	00	00	00
10380	24	08	00	00	00	00	00
10381	24	08	00	00	00	00	00
10382	24	08	00	00	00	00	00
10383	24	08	00	00	00	00	00
10384	24	08	00	00	00	00	00
10385	24	08	00	00	00	00	00
10386	24	08	00	00	00	00	00
10387	24	08	00	00	00	00	00
10388	24	08	00	00	00	00	00
10389	24	08	00	00	00	00	00
10390	24	08	00	00	00	00	00
10391	24	08	00	00	00	00	00
10392	24	08	00	00	00	00	00
10393	24	08	00	00	00	00	00
10394	24	08	00	00	00	00	00
10395	24	08	00	00	00	00	00
10396	24	08	00	00	00	00	00
10397	24	08	00	00	00	00	00
10398	24	08	00	00	00	00	00
10399	24	08	00	00	00	00	00
10400	24	08	00	00	00	00	00
10401	24	08	00	00	00	00	00
10402	24	08	00	00	00	00	00
10403	24	08	00	00	00	00	00
10404	24	08	00	00	00	00	00
10405	24	08	00	00	00	00	00
10406	24	08	00	00	00	00	00
10407	24	08	00	00	00	00	00
10408	24	08	00	00	00	00	00
10409	24	08	00	00	00	00	00
10410	24	08	00	00	00	00	00
10411	24	08	00	00	00	00	00
10412	24	08	00	00	00	00	00
10413	24	08	00	00	00	00	00
10414	24	08	00	00	00	00	00
10415	24	08	00	00	00	00	00
10416	24	08	00	00	00	00	00
10417	24	08	00	00	00	00	00
10418	24	08	00	00	00	00	00
10419	24	08	00	00	00	00	00
10420	24	08	00	00	00	00	00
10421	24	08	00	00	00	00	00
10422	24	08	00	00	00	00	00
10423	24	08	00	00	00	00	00
10424	24	08	00	00	00	00	00
10425	24	08	00	00	00	00	00
10426	24	08	00	00	00	00	00
10427	24	08	00	00	00	00	00
10428	24	08	00	00	00	00	00
10429	24	08	00	00	00	00	00
10430	24	08	00	00	00	00	00
10431	24	08	00	00	00	00	00
10432	24	08	00	00	00	00	00
10433	24	08	00	00	00	00	00
10434	24	08	00	00	00	00	00
10435	24	08	00	00	00	00	00
10436	24	08	00	00	00	00	00
10437	24	08	00	00	00	00	00
10438	24	08	00	00	00	00	00
10439	24	08	00	00	00	00	00
10440	24	08	00	00	00	00	00
10441	24	08	00	00	00	00	00
10442	24	08	00	00	00	00	00
10443	24	08	00	00	00	00	00
10444	24	08	00	00	00	00	00
10445	24	08	00	00	00	00	00
10446	24	08	00	00	00	00	00
10447	24	08	00	00	00	00	00
10448	24	08	00	00	00	00	00
10449	24	08	00	00	00	00	00
10450	24	08	00	00	00	00	00
10451	24	08	00	00	00	00	00
10452	24	08	00	00	00	00	00
10453	24	08	00	00	00	00	00
10454	24	08	00	00	00	00	00
10455	24	08	00	00	00	00	00
10456	24	08	00	00	00	00	00
10457	24	08	00	00	00	00	00
10458	24	08	00	00	00	00	00
10459	24	08	00	00	00	00	00
10460	24	08	00	00	00	00	00
10461	24	08	00	00	00	00	00
10462	24	08	00	00	00	00	00
10463	24	08	00	00	00	00	00
10464	24	08	00	00	00	00	00
10465	24	08	00	00	00	00	00
10466	24	08	00	00	00	00	00
10467	24	08	00	00	00	00	00
10468	24	08	00	00	00	00	00
10469	24	08	00	00	00	00	00
10470	24	08	00	00	00	00	00
10471	24	08	00	00	00	00	00
10472	24	08	00	00	00	00	00
10473	24	08	00	00	00	00	00
10474	24	08	00	00	00	00	00
10475	24	08	00	00	00	00	00
10476	24	08	00	00	00	00	00
10477	24	08	00	00	00	00	00
10478	24	08	00	00	00	00	00
10479	24	08	00	00	00	00	00
10480	24	08	00	00	00	00	00
10481	24	08	00	00	00	00	00
10482	24	08	00	00	00	00	00
10483	24	08	00	00	00	00	00
10484	24	08	00	00	00	00	00
10485	24	08	00	00	00	00	00
10486	24	08	00	00	00	00	00
10487	24	08	00	00	00	00	00
10488	24	08	00	00	00	00	00
10489	24	08	00	00	00	00	00
10490	24	08	00	00	00	00	00
10491	24	08	00	00	00	00	00
10492	24	08	00	00	00	00	00
10493	24	08	00	00	00	00	00
10494	24	08	00	00	00	00	00
10495	24	08	00	00	00	00	00
10496	24	08	00	00	00	00	00
10497	24	08	00	00	00	00	00
10498	24	08	00	00	00	00	00
10499	24	08	00	00	00	00	00
10500	24	08	00	00	00	00	00
