frame	crossing_weapon	top_r0	ui_r2	ui_r3	backup_r2	backup_r3	flag
6500	24	08	00	00	00	00	00
6501	0	08	00	00	00	00	00
6502	0	08	00	00	00	00	00
6503	4	08	00	00	00	00	00
6504	1	08	00	00	00	00	00
6505	0	08	00	00	00	00	00
6506	1	08	00	00	00	00	00
6507	1	08	00	00	00	00	00
6508	0	08	00	00	00	00	00
6509	0	08	00	00	00	00	00
6510	9	08	00	00	00	00	00
6511	0	08	00	00	00	00	00
6512	0	08	00	00	00	00	00
6513	0	08	00	00	00	00	00
6514	1	08	00	00	00	00	00
6515	0	08	00	00	00	00	00
6516	0	08	00	00	00	00	00
6517	1	08	00	00	00	00	00
6518	0	08	00	00	00	00	00
6519	0	08	00	00	00	00	00
6520	0	08	00	00	00	00	00
6521	1	08	00	00	00	00	00
6522	0	08	00	00	00	00	00
6523	1	08	00	00	00	00	00
6524	11	08	00	00	00	00	00
6525	0	08	00	00	00	00	00
6526	1	08	00	00	00	00	00
6527	6	08	00	00	00	00	00
6528	3	08	00	00	00	00	00
6529	1	08	00	00	00	00	00
6530	0	08	00	00	00	00	00
6531	1	08	00	00	00	00	00
6532	0	08	00	00	00	00	00
6533	1	08	00	00	00	00	00
6534	0	08	00	00	00	00	00
6535	0	08	00	00	00	00	00
6536	0	08	00	00	00	00	00
6537	0	08	00	00	00	00	00
6538	0	08	00	00	00	00	00
6539	0	08	00	00	00	00	00
6540	2	08	00	00	00	00	00
6541	0	08	00	00	00	00	00
6542	1	08	00	00	00	00	00
6543	3	08	00	00	00	00	00
6544	5	08	00	00	00	00	00
6545	0	08	00	00	00	00	00
6546	10	08	00	00	00	00	00
6547	0	08	00	00	00	00	00
6548	1	08	00	00	00	00	00
6549	0	08	00	00	00	00	00
6550	4	08	00	00	00	00	00
6551	1	08	00	00	00	00	00
6552	0	08	00	00	00	00	00
6553	0	08	00	00	00	00	00
6554	0	08	00	00	00	00	00
6555	1	08	00	00	00	00	00
6556	0	08	00	00	00	00	00
6557	1	08	00	00	00	00	00
6558	1	08	00	00	00	00	00
6559	0	08	00	00	00	00	00
6560	0	08	00	00	00	00	00
6561	1	08	00	00	00	00	00
6562	16	08	00	00	00	00	00
6563	0	08	00	00	00	00	00
6564	0	08	00	00	00	00	00
6565	0	08	00	00	00	00	00
6566	1	08	00	00	00	00	00
6567	1	08	00	00	00	00	00
6568	0	08	00	00	00	00	00
6569	0	08	00	00	00	00	00
6570	1	08	00	00	00	00	00
6571	1	08	00	00	00	00	00
6572	0	08	00	00	00	00	00
6573	0	08	00	00	00	00	00
6574	0	08	00	00	00	00	00
6575	0	08	00	00	00	00	00
6576	0	08	00	00	00	00	00
6577	5	08	00	00	00	00	00
6578	4	08	00	00	00	00	00
6579	0	08	00	00	00	00	00
6580	0	08	00	00	00	00	00
6581	5	08	00	00	00	00	00
6582	0	08	00	00	00	00	00
6583	0	08	00	00	00	00	00
6584	1	08	00	00	00	00	00
6585	5	08	00	00	00	00	00
6586	0	08	00	00	00	00	00
6587	1	08	00	00	00	00	00
6588	0	08	00	00	00	00	00
6589	1	08	00	00	00	00	00
6590	1	08	00	00	00	00	00
6591	0	08	00	00	00	00	00
6592	0	08	00	00	00	00	00
6593	0	08	00	00	00	00	00
6594	2	08	00	00	00	00	00
6595	0	08	00	00	00	00	00
6596	1	08	00	00	00	00	00
6597	0	08	00	00	00	00	00
6598	0	08	00	00	00	00	00
6599	0	08	00	00	00	00	00
6600	10	08	00	00	00	00	00
6601	0	08	00	00	00	00	00
6602	0	08	00	00	00	00	00
6603	32	08	00	00	00	00	00
6604	0	08	00	00	00	00	00
6605	0	08	00	00	00	00	00
6606	1	08	00	00	00	00	00
6607	14	08	00	00	00	00	00
6608	14	08	00	00	00	00	00
6609	0	08	00	00	00	00	00
6610	1	08	00	00	00	00	00
6611	0	08	00	00	00	00	00
6612	1	08	00	00	00	00	00
6613	0	08	00	00	00	00	00
6614	0	08	00	00	00	00	00
6615	6	08	00	00	00	00	00
6616	1	08	00	00	00	00	00
6617	0	08	00	00	00	00	00
6618	0	08	00	00	00	00	00
6619	0	08	00	00	00	00	00
6620	1	08	00	00	00	00	00
6621	2	08	00	00	00	00	00
6622	1	08	00	00	00	00	00
6623	0	08	00	00	00	00	00
6624	0	08	00	00	00	00	00
6625	0	08	00	00	00	00	00
6626	0	08	00	00	00	00	00
6627	1	08	00	00	00	00	00
6628	0	08	00	00	00	00	00
6629	0	08	00	00	00	00	00
6630	0	08	00	00	00	00	00
6631	1	08	00	00	00	00	00
6632	0	08	00	00	00	00	00
6633	0	08	00	00	00	00	00
6634	27	08	00	00	00	00	00
6635	0	08	00	00	00	00	00
6636	7	08	00	00	00	00	00
6637	1	08	00	00	00	00	00
6638	0	08	00	00	00	00	00
6639	0	08	00	00	00	00	00
6640	1	08	00	00	00	00	00
6641	0	08	00	00	00	00	00
6642	0	08	00	00	00	00	00
6643	1	08	00	00	00	00	00
6644	0	08	00	00	00	00	00
6645	0	08	00	00	00	00	00
6646	1	08	00	00	00	00	00
6647	0	08	00	00	00	00	00
6648	0	08	00	00	00	00	00
6649	3	08	00	00	00	00	00
6650	0	08	00	00	00	00	00
6651	0	08	00	00	00	00	00
6652	2	08	00	00	00	00	00
6653	1	08	00	00	00	00	00
6654	0	08	00	00	00	00	00
6655	1	08	00	00	00	00	00
6656	11	08	00	00	00	00	00
6657	0	08	00	00	00	00	00
6658	0	08	00	00	00	00	00
6659	1	08	00	00	00	00	00
6660	4	08	00	00	00	00	00
6661	0	08	00	00	00	00	00
6662	0	08	00	00	00	00	00
6663	0	08	00	00	00	00	00
6664	0	08	00	00	00	00	00
6665	0	08	00	00	00	00	00
6666	0	08	00	00	00	00	00
6667	0	08	00	00	00	00	00
6668	0	08	00	00	00	00	00
6669	8	08	00	00	00	00	00
6670	0	08	00	00	00	00	00
6671	0	08	00	00	00	00	00
6672	6	08	00	00	00	00	00
6673	1	08	00	00	00	00	00
6674	0	08	00	00	00	00	00
6675	0	08	00	00	00	00	00
6676	9	08	00	00	00	00	00
6677	0	08	00	00	00	00	00
6678	0	08	00	00	00	00	00
6679	0	08	00	00	00	00	00
6680	0	08	00	00	00	00	00
6681	1	08	00	00	00	00	00
6682	0	08	00	00	00	00	00
6683	1	08	00	00	00	00	00
6684	1	08	00	00	00	00	00
6685	0	08	00	00	00	00	00
6686	1	08	00	00	00	00	00
6687	0	08	00	00	00	00	00
6688	1	08	00	00	00	00	00
6689	1	08	00	00	00	00	00
6690	0	08	00	00	00	00	00
6691	0	08	00	00	00	00	00
6692	0	08	00	00	00	00	00
6693	1	08	00	00	00	00	00
6694	0	08	00	00	00	00	00
6695	1	08	00	00	00	00	00
6696	7	08	00	00	00	00	00
6697	1	08	00	00	00	00	00
6698	1	08	00	00	00	00	00
6699	0	08	00	00	00	00	00
6700	0	08	00	00	00	00	00
6701	0	08	00	00	00	00	00
6702	0	08	00	00	00	00	00
6703	1	08	00	00	00	00	00
6704	0	08	00	00	00	00	00
6705	0	08	00	00	00	00	00
6706	1	08	00	00	00	00	00
6707	1	08	00	00	00	00	00
6708	0	08	00	00	00	00	00
6709	0	08	00	00	00	00	00
6710	0	08	00	00	00	00	00
6711	1	08	00	00	00	00	00
6712	0	08	00	00	00	00	00
6713	1	08	00	00	00	00	00
6714	5	08	00	00	00	00	00
6715	1	08	00	00	00	00	00
6716	0	08	00	00	00	00	00
6717	1	08	00	00	00	00	00
6718	0	08	00	00	00	00	00
6719	0	08	00	00	00	00	00
6720	0	08	00	00	00	00	00
6721	1	08	00	00	00	00	00
6722	0	08	00	00	00	00	00
6723	1	08	00	00	00	00	00
6724	0	08	00	00	00	00	00
6725	0	08	00	00	00	00	00
6726	0	08	00	00	00	00	00
6727	0	08	00	00	00	00	00
6728	1	08	00	00	00	00	00
6729	1	08	00	00	00	00	00
6730	1	08	00	00	00	00	00
6731	3	08	00	00	00	00	00
6732	3	08	00	00	00	00	00
6733	0	08	00	00	00	00	00
6734	0	08	00	00	00	00	00
6735	0	08	00	00	00	00	00
6736	0	08	00	00	00	00	00
6737	1	08	00	00	00	00	00
6738	0	08	00	00	00	00	00
6739	1	08	00	00	00	00	00
6740	0	08	00	00	00	00	00
6741	6	08	00	00	00	00	00
6742	1	08	00	00	00	00	00
6743	0	08	00	00	00	00	00
6744	3	08	00	00	00	00	00
6745	10	08	00	00	00	00	00
6746	0	08	00	00	00	00	00
6747	0	08	00	00	00	00	00
6748	0	08	00	00	00	00	00
6749	6	08	00	00	00	00	00
6750	1	08	00	00	00	00	00
6751	0	08	00	00	00	00	00
6752	1	08	00	00	00	00	00
6753	0	08	00	00	00	00	00
6754	0	08	00	00	00	00	00
6755	0	08	00	00	00	00	00
6756	4	08	00	00	00	00	00
6757	0	08	00	00	00	00	00
6758	6	08	00	00	00	00	00
6759	0	08	00	00	00	00	00
6760	1	08	00	00	00	00	00
6761	0	08	00	00	00	00	00
6762	0	08	00	00	00	00	00
6763	0	08	00	00	00	00	00
6764	9	08	00	00	00	00	00
6765	0	08	00	00	00	00	00
6766	1	08	00	00	00	00	00
6767	0	08	00	00	00	00	00
6768	1	08	00	00	00	00	00
6769	0	08	00	00	00	00	00
6770	1	08	00	00	00	00	00
6771	0	08	00	00	00	00	00
6772	9	08	00	00	00	00	00
6773	0	08	00	00	00	00	00
6774	0	08	00	00	00	00	00
6775	0	08	00	00	00	00	00
6776	0	08	00	00	00	00	00
6777	1	08	00	00	00	00	00
6778	1	08	00	00	00	00	00
6779	0	08	00	00	00	00	00
6780	0	08	00	00	00	00	00
6781	0	08	00	00	00	00	00
6782	1	08	00	00	00	00	00
6783	0	08	00	00	00	00	00
6784	0	08	00	00	00	00	00
6785	0	08	00	00	00	00	00
6786	0	08	00	00	00	00	00
6787	1	08	00	00	00	00	00
6788	1	08	00	00	00	00	00
6789	0	08	00	00	00	00	00
6790	0	08	00	00	00	00	00
6791	1	08	00	00	00	00	00
6792	6	08	00	00	00	00	00
6793	3	08	00	00	00	00	00
6794	1	08	00	00	00	00	00
6795	1	08	00	00	00	00	00
6796	1	08	00	00	00	00	00
6797	0	08	00	00	00	00	00
6798	0	08	00	00	00	00	00
6799	6	08	00	00	00	00	00
6800	0	08	00	00	00	00	00
6801	0	08	00	00	00	00	00
6802	0	08	00	00	00	00	00
6803	0	08	00	00	00	00	00
6804	1	08	00	00	00	00	00
6805	0	08	00	00	00	00	00
6806	25	08	00	00	00	00	00
6807	0	08	00	00	00	00	00
6808	1	08	00	00	00	00	00
6809	4	08	00	00	00	00	00
6810	0	08	00	00	00	00	00
6811	1	08	00	00	00	00	00
6812	0	08	00	00	00	00	00
6813	1	08	00	00	00	00	00
6814	0	08	00	00	00	00	00
6815	1	08	00	00	00	00	00
6816	0	08	00	00	00	00	00
6817	7	08	00	00	00	00	00
6818	0	08	00	00	00	00	00
6819	0	08	00	00	00	00	00
6820	0	08	00	00	00	00	00
6821	0	08	00	00	00	00	00
6822	0	08	00	00	00	00	00
6823	1	08	00	00	00	00	00
6824	0	08	00	00	00	00	00
6825	18	08	00	00	00	00	00
6826	0	08	00	00	00	00	00
6827	0	08	00	00	00	00	00
6828	0	08	00	00	00	00	00
6829	0	08	00	00	00	00	00
6830	0	08	00	00	00	00	00
6831	0	08	00	00	00	00	00
6832	0	08	00	00	00	00	00
6833	27	08	00	00	00	00	00
6834	0	08	00	00	00	00	00
6835	1	08	00	00	00	00	00
6836	0	08	00	00	00	00	00
6837	1	08	00	00	00	00	00
6838	1	08	00	00	00	00	00
6839	0	08	00	00	00	00	00
6840	11	08	00	00	00	00	00
6841	1	08	00	00	00	00	00
6842	22	08	00	00	00	00	00
6843	0	08	00	00	00	00	00
6844	3	08	00	00	00	00	00
6845	0	08	00	00	00	00	00
6846	0	08	00	00	00	00	00
6847	0	08	00	00	00	00	00
6848	0	08	00	00	00	00	00
6849	0	08	00	00	00	00	00
6850	0	08	00	00	00	00	00
6851	6	08	00	00	00	00	00
6852	28	08	00	00	00	00	00
6853	2	08	00	00	00	00	00
6854	2	08	00	00	00	00	00
6855	0	08	00	00	00	00	00
6856	0	08	00	00	00	00	00
6857	0	08	00	00	00	00	00
6858	0	08	00	00	00	00	00
6859	1	08	00	00	00	00	00
6860	0	08	00	00	00	00	00
6861	0	08	00	00	00	00	00
6862	0	08	00	00	00	00	00
6863	0	08	00	00	00	00	00
6864	0	08	00	00	00	00	00
6865	1	08	00	00	00	00	00
6866	1	08	00	00	00	00	00
6867	0	08	00	00	00	00	00
6868	22	08	00	00	00	00	00
6869	0	08	00	00	00	00	00
6870	1	08	00	00	00	00	00
6871	5	08	00	00	00	00	00
6872	0	08	00	00	00	00	00
6873	0	08	00	00	00	00	00
6874	1	08	00	00	00	00	00
6875	0	08	00	00	00	00	00
6876	0	08	00	00	00	00	00
6877	1	08	00	00	00	00	00
6878	0	08	00	00	00	00	00
6879	11	08	00	00	00	00	00
6880	0	08	00	00	00	00	00
6881	0	08	00	00	00	00	00
6882	4	08	00	00	00	00	00
6883	0	08	00	00	00	00	00
6884	16	08	00	00	00	00	00
6885	0	08	00	00	00	00	00
6886	1	08	00	00	00	00	00
6887	0	08	00	00	00	00	00
6888	0	08	00	00	00	00	00
6889	9	08	00	00	00	00	00
6890	0	08	00	00	00	00	00
6891	1	08	00	00	00	00	00
6892	0	08	00	00	00	00	00
6893	0	08	00	00	00	00	00
6894	1	08	00	00	00	00	00
6895	6	08	00	00	00	00	00
6896	13	08	00	00	00	00	00
6897	0	08	00	00	00	00	00
6898	0	08	00	00	00	00	00
6899	0	08	00	00	00	00	00
6900	0	08	00	00	00	00	00
6901	0	08	00	00	00	00	00
6902	0	08	00	00	00	00	00
6903	1	08	00	00	00	00	00
6904	1	08	00	00	00	00	00
6905	0	08	00	00	00	00	00
6906	0	08	00	00	00	00	00
6907	1	08	00	00	00	00	00
6908	0	08	00	00	00	00	00
6909	0	08	00	00	00	00	00
6910	0	08	00	00	00	00	00
6911	0	08	00	00	00	00	00
6912	0	08	00	00	00	00	00
6913	0	08	00	00	00	00	00
6914	0	08	00	00	00	00	00
6915	3	08	00	00	00	00	00
6916	0	08	00	00	00	00	00
6917	1	08	00	00	00	00	00
6918	0	08	00	00	00	00	00
6919	0	08	00	00	00	00	00
6920	5	08	00	00	00	00	00
6921	0	08	00	00	00	00	00
6922	0	08	00	00	00	00	00
6923	1	08	00	00	00	00	00
6924	0	08	00	00	00	00	00
6925	1	08	00	00	00	00	00
6926	0	08	00	00	00	00	00
6927	0	08	00	00	00	00	00
6928	1	08	00	00	00	00	00
6929	0	08	00	00	00	00	00
6930	1	08	00	00	00	00	00
6931	1	08	00	00	00	00	00
6932	0	08	00	00	00	00	00
6933	18	08	00	00	00	00	00
6934	0	08	00	00	00	00	00
6935	0	08	00	00	00	00	00
6936	0	08	00	00	00	00	00
6937	0	08	00	00	00	00	00
6938	1	08	00	00	00	00	00
6939	0	08	00	00	00	00	00
6940	6	08	00	00	00	00	00
6941	0	08	00	00	00	00	00
6942	1	08	00	00	00	00	00
6943	1	08	00	00	00	00	00
6944	0	08	00	00	00	00	00
6945	1	08	00	00	00	00	00
6946	6	08	00	00	00	00	00
6947	0	08	00	00	00	00	00
6948	0	08	00	00	00	00	00
6949	1	08	00	00	00	00	00
6950	1	08	00	00	00	00	00
6951	0	08	00	00	00	00	00
6952	5	08	00	00	00	00	00
6953	0	08	00	00	00	00	00
6954	0	08	00	00	00	00	00
6955	11	08	00	00	00	00	00
6956	0	08	00	00	00	00	00
6957	0	08	00	00	00	00	00
6958	0	08	00	00	00	00	00
6959	1	08	00	00	00	00	00
6960	0	08	00	00	00	00	00
6961	1	08	00	00	00	00	00
6962	0	08	00	00	00	00	00
6963	1	08	00	00	00	00	00
6964	1	08	00	00	00	00	00
6965	0	08	00	00	00	00	00
6966	0	08	00	00	00	00	00
6967	1	08	00	00	00	00	00
6968	0	08	00	00	00	00	00
6969	3	08	00	00	00	00	00
6970	0	08	00	00	00	00	00
6971	1	08	00	00	00	00	00
6972	0	08	00	00	00	00	00
6973	0	08	00	00	00	00	00
6974	0	08	00	00	00	00	00
6975	0	08	00	00	00	00	00
6976	0	08	00	00	00	00	00
6977	0	08	00	00	00	00	00
6978	1	08	00	00	00	00	00
6979	0	08	00	00	00	00	00
6980	0	08	00	00	00	00	00
6981	0	08	00	00	00	00	00
6982	0	08	00	00	00	00	00
6983	3	08	00	00	00	00	00
6984	0	08	00	00	00	00	00
6985	1	08	00	00	00	00	00
6986	0	08	00	00	00	00	00
6987	2	08	00	00	00	00	00
6988	0	08	00	00	00	00	00
6989	0	08	00	00	00	00	00
6990	1	08	00	00	00	00	00
6991	0	08	00	00	00	00	00
6992	0	08	00	00	00	00	00
6993	1	08	00	00	00	00	00
6994	0	08	00	00	00	00	00
6995	6	08	00	00	00	00	00
6996	1	08	00	00	00	00	00
6997	6	08	00	00	00	00	00
6998	0	08	00	00	00	00	00
6999	2	08	00	00	00	00	00
7000	3	08	00	00	00	00	00
7001	0	08	00	00	00	00	00
7002	0	08	00	00	00	00	00
7003	1	08	00	00	00	00	00
7004	3	08	00	00	00	00	00
7005	0	08	00	00	00	00	00
7006	0	08	00	00	00	00	00
7007	1	08	00	00	00	00	00
7008	0	08	00	00	00	00	00
7009	0	08	00	00	00	00	00
7010	0	08	00	00	00	00	00
7011	1	08	00	00	00	00	00
7012	2	08	00	00	00	00	00
7013	1	08	00	00	00	00	00
7014	0	08	00	00	00	00	00
7015	1	08	00	00	00	00	00
7016	0	08	00	00	00	00	00
7017	1	08	00	00	00	00	00
7018	0	08	00	00	00	00	00
7019	9	08	00	00	00	00	00
7020	0	08	00	00	00	00	00
7021	4	08	00	00	00	00	00
7022	0	08	00	00	00	00	00
7023	1	08	00	00	00	00	00
7024	0	08	00	00	00	00	00
7025	0	08	00	00	00	00	00
7026	0	08	00	00	00	00	00
7027	2	08	00	00	00	00	00
7028	0	08	00	00	00	00	00
7029	1	08	00	00	00	00	00
7030	1	08	00	00	00	00	00
7031	0	08	00	00	00	00	00
7032	0	08	00	00	00	00	00
7033	0	08	00	00	00	00	00
7034	0	08	00	00	00	00	00
7035	0	08	00	00	00	00	00
7036	0	08	00	00	00	00	00
7037	22	08	00	00	00	00	00
7038	0	08	00	00	00	00	00
7039	1	08	00	00	00	00	00
7040	0	08	00	00	00	00	00
7041	0	08	00	00	00	00	00
7042	0	08	00	00	00	00	00
7043	0	08	00	00	00	00	00
7044	1	08	00	00	00	00	00
7045	1	08	00	00	00	00	00
7046	1	08	00	00	00	00	00
7047	1	08	00	00	00	00	00
7048	0	08	00	00	00	00	00
7049	0	08	00	00	00	00	00
7050	0	08	00	00	00	00	00
7051	1	08	00	00	00	00	00
7052	0	08	00	00	00	00	00
7053	0	08	00	00	00	00	00
7054	0	08	00	00	00	00	00
7055	0	08	00	00	00	00	00
7056	5	08	00	00	00	00	00
7057	0	08	00	00	00	00	00
7058	1	08	00	00	00	00	00
7059	1	08	00	00	00	00	00
7060	1	08	00	00	00	00	00
7061	0	08	00	00	00	00	00
7062	2	08	00	00	00	00	00
7063	1	08	00	00	00	00	00
7064	0	08	00	00	00	00	00
7065	0	08	00	00	00	00	00
7066	0	08	00	00	00	00	00
7067	1	08	00	00	00	00	00
7068	11	08	00	00	00	00	00
7069	0	08	00	00	00	00	00
7070	0	08	00	00	00	00	00
7071	1	08	00	00	00	00	00
7072	0	08	00	00	00	00	00
7073	5	08	00	00	00	00	00
7074	1	08	00	00	00	00	00
7075	1	08	00	00	00	00	00
7076	1	08	00	00	00	00	00
7077	0	08	00	00	00	00	00
7078	0	08	00	00	00	00	00
7079	0	08	00	00	00	00	00
7080	0	08	00	00	00	00	00
7081	1	08	00	00	00	00	00
7082	1	08	00	00	00	00	00
7083	0	08	00	00	00	00	00
7084	1	08	00	00	00	00	00
7085	6	08	00	00	00	00	00
7086	0	08	00	00	00	00	00
7087	1	08	00	00	00	00	00
7088	2	08	00	00	00	00	00
7089	0	08	00	00	00	00	00
7090	0	08	00	00	00	00	00
7091	1	08	00	00	00	00	00
7092	0	08	00	00	00	00	00
7093	0	08	00	00	00	00	00
7094	0	08	00	00	00	00	00
7095	0	08	00	00	00	00	00
7096	0	08	00	00	00	00	00
7097	0	08	00	00	00	00	00
7098	1	08	00	00	00	00	00
7099	0	08	00	00	00	00	00
7100	1	08	00	00	00	00	00
7101	1	08	00	00	00	00	00
7102	0	08	00	00	00	00	00
7103	0	08	00	00	00	00	00
7104	0	08	00	00	00	00	00
7105	0	08	00	00	00	00	00
7106	1	08	00	00	00	00	00
7107	1	08	00	00	00	00	00
7108	0	08	00	00	00	00	00
7109	1	08	00	00	00	00	00
7110	6	08	00	00	00	00	00
7111	1	08	00	00	00	00	00
7112	3	08	00	00	00	00	00
7113	0	08	00	00	00	00	00
7114	31	08	00	00	00	00	00
7115	10	08	00	00	00	00	00
7116	0	08	00	00	00	00	00
7117	0	08	00	00	00	00	00
7118	1	08	00	00	00	00	00
7119	0	08	00	00	00	00	00
7120	1	08	00	00	00	00	00
7121	0	08	00	00	00	00	00
7122	2	08	00	00	00	00	00
7123	0	08	00	00	00	00	00
7124	0	08	00	00	00	00	00
7125	0	08	00	00	00	00	00
7126	0	08	00	00	00	00	00
7127	0	08	00	00	00	00	00
7128	0	08	00	00	00	00	00
7129	0	08	00	00	00	00	00
7130	8	08	00	00	00	00	00
7131	0	08	00	00	00	00	00
7132	0	08	00	00	00	00	00
7133	10	08	00	00	00	00	00
7134	0	08	00	00	00	00	00
7135	1	08	00	00	00	00	00
7136	1	08	00	00	00	00	00
7137	0	08	00	00	00	00	00
7138	3	08	00	00	00	00	00
7139	10	08	00	00	00	00	00
7140	0	08	00	00	00	00	00
7141	0	08	00	00	00	00	00
7142	0	08	00	00	00	00	00
7143	2	08	00	00	00	00	00
7144	0	08	00	00	00	00	00
7145	0	08	00	00	00	00	00
7146	0	08	00	00	00	00	00
7147	0	08	00	00	00	00	00
7148	0	08	00	00	00	00	00
7149	0	08	00	00	00	00	00
7150	0	08	00	00	00	00	00
7151	1	08	00	00	00	00	00
7152	0	08	00	00	00	00	00
7153	0	08	00	00	00	00	00
7154	1	08	00	00	00	00	00
7155	0	08	00	00	00	00	00
7156	0	08	00	00	00	00	00
7157	5	08	00	00	00	00	00
7158	4	08	00	00	00	00	00
7159	1	08	00	00	00	00	00
7160	6	08	00	00	00	00	00
7161	0	08	00	00	00	00	00
7162	0	08	00	00	00	00	00
7163	0	08	00	00	00	00	00
7164	1	08	00	00	00	00	00
7165	1	08	00	00	00	00	00
7166	0	08	00	00	00	00	00
7167	0	08	00	00	00	00	00
7168	0	08	00	00	00	00	00
7169	0	08	00	00	00	00	00
7170	0	08	00	00	00	00	00
7171	0	08	00	00	00	00	00
7172	0	08	00	00	00	00	00
7173	0	08	00	00	00	00	00
7174	0	08	00	00	00	00	00
7175	0	08	00	00	00	00	00
7176	0	08	00	00	00	00	00
7177	1	08	00	00	00	00	00
7178	0	08	00	00	00	00	00
7179	1	08	00	00	00	00	00
7180	0	08	00	00	00	00	00
7181	0	08	00	00	00	00	00
7182	0	08	00	00	00	00	00
7183	0	08	00	00	00	00	00
7184	10	08	00	00	00	00	00
7185	10	08	00	00	00	00	00
7186	0	08	00	00	00	00	00
7187	1	08	00	00	00	00	00
7188	0	08	00	00	00	00	00
7189	0	08	00	00	00	00	00
7190	2	08	00	00	00	00	00
7191	0	08	00	00	00	00	00
7192	0	08	00	00	00	00	00
7193	10	08	00	00	00	00	00
7194	0	08	00	00	00	00	00
7195	0	08	00	00	00	00	00
7196	0	08	00	00	00	00	00
7197	0	08	00	00	00	00	00
7198	0	08	00	00	00	00	00
7199	0	08	00	00	00	00	00
7200	1	08	00	00	00	00	00
7201	2	08	00	00	00	00	00
7202	0	08	00	00	00	00	00
7203	0	08	00	00	00	00	00
7204	1	08	00	00	00	00	00
7205	0	08	00	00	00	00	00
7206	0	08	00	00	00	00	00
7207	1	08	00	00	00	00	00
7208	0	08	00	00	00	00	00
7209	1	08	00	00	00	00	00
7210	0	08	00	00	00	00	00
7211	0	08	00	00	00	00	00
7212	11	08	00	00	00	00	00
7213	0	08	00	00	00	00	00
7214	1	08	00	00	00	00	00
7215	0	08	00	00	00	00	00
7216	3	08	00	00	00	00	00
7217	1	08	00	00	00	00	00
7218	0	08	00	00	00	00	00
7219	1	08	00	00	00	00	00
7220	0	08	00	00	00	00	00
7221	0	08	00	00	00	00	00
7222	0	08	00	00	00	00	00
7223	1	08	00	00	00	00	00
7224	1	08	00	00	00	00	00
7225	0	08	00	00	00	00	00
7226	0	08	00	00	00	00	00
7227	0	08	00	00	00	00	00
7228	0	08	00	00	00	00	00
7229	0	08	00	00	00	00	00
7230	6	08	00	00	00	00	00
7231	0	08	00	00	00	00	00
7232	1	08	00	00	00	00	00
7233	17	08	00	00	00	00	00
7234	0	08	00	00	00	00	00
7235	0	08	00	00	00	00	00
7236	0	08	00	00	00	00	00
7237	1	08	00	00	00	00	00
7238	0	08	00	00	00	00	00
7239	0	08	00	00	00	00	00
7240	0	08	00	00	00	00	00
7241	0	08	00	00	00	00	00
7242	0	08	00	00	00	00	00
7243	6	08	00	00	00	00	00
7244	6	08	00	00	00	00	00
7245	1	08	00	00	00	00	00
7246	0	08	00	00	00	00	00
7247	1	08	00	00	00	00	00
7248	0	08	00	00	00	00	00
7249	1	08	00	00	00	00	00
7250	0	08	00	00	00	00	00
7251	17	08	00	00	00	00	00
7252	0	08	00	00	00	00	00
7253	0	08	00	00	00	00	00
7254	0	08	00	00	00	00	00
7255	0	08	00	00	00	00	00
7256	0	08	00	00	00	00	00
7257	0	08	00	00	00	00	00
7258	0	08	00	00	00	00	00
7259	7	08	00	00	00	00	00
7260	1	08	00	00	00	00	00
7261	0	08	00	00	00	00	00
7262	7	08	00	00	00	00	00
7263	2	08	00	00	00	00	00
7264	1	08	00	00	00	00	00
7265	1	08	00	00	00	00	00
7266	1	08	00	00	00	00	00
7267	0	08	00	00	00	00	00
7268	0	08	00	00	00	00	00
7269	1	08	00	00	00	00	00
7270	2	08	00	00	00	00	00
7271	0	08	00	00	00	00	00
7272	0	08	00	00	00	00	00
7273	1	08	00	00	00	00	00
7274	3	08	00	00	00	00	00
7275	0	08	00	00	00	00	00
7276	1	08	00	00	00	00	00
7277	0	08	00	00	00	00	00
7278	0	08	00	00	00	00	00
7279	4	08	00	00	00	00	00
7280	0	08	00	00	00	00	00
7281	1	08	00	00	00	00	00
7282	0	08	00	00	00	00	00
7283	18	08	00	00	00	00	00
7284	0	08	00	00	00	00	00
7285	1	08	00	00	00	00	00
7286	0	08	00	00	00	00	00
7287	0	08	00	00	00	00	00
7288	0	08	00	00	00	00	00
7289	0	08	00	00	00	00	00
7290	1	08	00	00	00	00	00
7291	1	08	00	00	00	00	00
7292	0	08	00	00	00	00	00
7293	0	08	00	00	00	00	00
7294	0	08	00	00	00	00	00
7295	1	08	00	00	00	00	00
7296	1	08	00	00	00	00	00
7297	0	08	00	00	00	00	00
7298	0	08	00	00	00	00	00
7299	0	08	00	00	00	00	00
7300	0	08	00	00	00	00	00
7301	0	08	00	00	00	00	00
7302	0	08	00	00	00	00	00
7303	1	08	00	00	00	00	00
7304	0	08	00	00	00	00	00
7305	0	08	00	00	00	00	00
7306	0	08	00	00	00	00	00
7307	1	08	00	00	00	00	00
7308	3	08	00	00	00	00	00
7309	0	08	00	00	00	00	00
7310	0	08	00	00	00	00	00
7311	0	08	00	00	00	00	00
7312	0	08	00	00	00	00	00
7313	1	08	00	00	00	00	00
7314	0	08	00	00	00	00	00
7315	0	08	00	00	00	00	00
7316	5	08	00	00	00	00	00
7317	9	08	00	00	00	00	00
7318	0	08	00	00	00	00	00
7319	1	08	00	00	00	00	00
7320	0	08	00	00	00	00	00
7321	8	08	00	00	00	00	00
7322	0	08	00	00	00	00	00
7323	1	08	00	00	00	00	00
7324	10	08	00	00	00	00	00
7325	0	08	00	00	00	00	00
7326	11	08	00	00	00	00	00
7327	0	08	00	00	00	00	00
7328	0	08	00	00	00	00	00
7329	1	08	00	00	00	00	00
7330	0	08	00	00	00	00	00
7331	0	08	00	00	00	00	00
7332	8	08	00	00	00	00	00
7333	0	08	00	00	00	00	00
7334	0	08	00	00	00	00	00
7335	0	08	00	00	00	00	00
7336	5	08	00	00	00	00	00
7337	1	08	00	00	00	00	00
7338	0	08	00	00	00	00	00
7339	0	08	00	00	00	00	00
7340	0	08	00	00	00	00	00
7341	0	08	00	00	00	00	00
7342	0	08	00	00	00	00	00
7343	0	08	00	00	00	00	00
7344	0	08	00	00	00	00	00
7345	0	08	00	00	00	00	00
7346	1	08	00	00	00	00	00
7347	0	08	00	00	00	00	00
7348	0	08	00	00	00	00	00
7349	0	08	00	00	00	00	00
7350	1	08	00	00	00	00	00
7351	1	08	00	00	00	00	00
7352	0	08	00	00	00	00	00
7353	1	08	00	00	00	00	00
7354	1	08	00	00	00	00	00
7355	0	08	00	00	00	00	00
7356	1	08	00	00	00	00	00
7357	0	08	00	00	00	00	00
7358	1	08	00	00	00	00	00
7359	6	08	00	00	00	00	00
7360	0	08	00	00	00	00	00
7361	0	08	00	00	00	00	00
7362	2	08	00	00	00	00	00
7363	6	08	00	00	00	00	00
7364	0	08	00	00	00	00	00
7365	0	08	00	00	00	00	00
7366	0	08	00	00	00	00	00
7367	0	08	00	00	00	00	00
7368	6	08	00	00	00	00	00
7369	0	08	00	00	00	00	00
7370	1	08	00	00	00	00	00
7371	0	08	00	00	00	00	00
7372	0	08	00	00	00	00	00
7373	0	08	00	00	00	00	00
7374	0	08	00	00	00	00	00
7375	0	08	00	00	00	00	00
7376	1	08	00	00	00	00	00
7377	1	08	00	00	00	00	00
7378	19	08	00	00	00	00	00
7379	0	08	00	00	00	00	00
7380	9	08	00	00	00	00	00
7381	5	08	00	00	00	00	00
7382	0	08	00	00	00	00	00
7383	0	08	00	00	00	00	00
7384	1	08	00	00	00	00	00
7385	0	08	00	00	00	00	00
7386	0	08	00	00	00	00	00
7387	5	08	00	00	00	00	00
7388	0	08	00	00	00	00	00
7389	0	08	00	00	00	00	00
7390	1	08	00	00	00	00	00
7391	0	08	00	00	00	00	00
7392	1	08	00	00	00	00	00
7393	0	08	00	00	00	00	00
7394	1	08	00	00	00	00	00
7395	1	08	00	00	00	00	00
7396	0	08	00	00	00	00	00
7397	15	08	00	00	00	00	00
7398	2	08	00	00	00	00	00
7399	1	08	00	00	00	00	00
7400	0	08	00	00	00	00	00
7401	18	08	00	00	00	00	00
7402	0	08	00	00	00	00	00
7403	1	08	00	00	00	00	00
7404	0	08	00	00	00	00	00
7405	23	08	00	00	00	00	00
7406	0	08	00	00	00	00	00
7407	1	08	00	00	00	00	00
7408	0	08	00	00	00	00	00
7409	0	08	00	00	00	00	00
7410	0	08	00	00	00	00	00
7411	7	08	00	00	00	00	00
7412	1	08	00	00	00	00	00
7413	1	08	00	00	00	00	00
7414	0	08	00	00	00	00	00
7415	0	08	00	00	00	00	00
7416	0	08	00	00	00	00	00
7417	1	08	00	00	00	00	00
7418	7	08	00	00	00	00	00
7419	3	08	00	00	00	00	00
7420	1	08	00	00	00	00	00
7421	0	08	00	00	00	00	00
7422	2	08	00	00	00	00	00
7423	0	08	00	00	00	00	00
7424	0	08	00	00	00	00	00
7425	1	08	00	00	00	00	00
7426	0	08	00	00	00	00	00
7427	0	08	00	00	00	00	00
7428	12	08	00	00	00	00	00
7429	0	08	00	00	00	00	00
7430	0	08	00	00	00	00	00
7431	1	08	00	00	00	00	00
7432	28	08	00	00	00	00	00
7433	0	08	00	00	00	00	00
7434	0	08	00	00	00	00	00
7435	1	08	00	00	00	00	00
7436	0	08	00	00	00	00	00
7437	0	08	00	00	00	00	00
7438	6	08	00	00	00	00	00
7439	1	08	00	00	00	00	00
7440	8	08	00	00	00	00	00
7441	0	08	00	00	00	00	00
7442	0	08	00	00	00	00	00
7443	0	08	00	00	00	00	00
7444	1	08	00	00	00	00	00
7445	0	08	00	00	00	00	00
7446	6	08	00	00	00	00	00
7447	0	08	00	00	00	00	00
7448	0	08	00	00	00	00	00
7449	0	08	00	00	00	00	00
7450	0	08	00	00	00	00	00
7451	1	08	00	00	00	00	00
7452	4	08	00	00	00	00	00
7453	0	08	00	00	00	00	00
7454	0	08	00	00	00	00	00
7455	0	08	00	00	00	00	00
7456	0	08	00	00	00	00	00
7457	0	08	00	00	00	00	00
7458	2	08	00	00	00	00	00
7459	0	08	00	00	00	00	00
7460	1	08	00	00	00	00	00
7461	0	08	00	00	00	00	00
7462	0	08	00	00	00	00	00
7463	0	08	00	00	00	00	00
7464	18	08	00	00	00	00	00
7465	0	08	00	00	00	00	00
7466	0	08	00	00	00	00	00
7467	0	08	00	00	00	00	00
7468	0	08	00	00	00	00	00
7469	1	08	00	00	00	00	00
7470	0	08	00	00	00	00	00
7471	0	08	00	00	00	00	00
7472	1	08	00	00	00	00	00
7473	0	08	00	00	00	00	00
7474	3	08	00	00	00	00	00
7475	1	08	00	00	00	00	00
7476	0	08	00	00	00	00	00
7477	0	08	00	00	00	00	00
7478	0	08	00	00	00	00	00
7479	0	08	00	00	00	00	00
7480	0	08	00	00	00	00	00
7481	2	08	00	00	00	00	00
7482	0	08	00	00	00	00	00
7483	1	08	00	00	00	00	00
7484	0	08	00	00	00	00	00
7485	0	08	00	00	00	00	00
7486	0	08	00	00	00	00	00
7487	0	08	00	00	00	00	00
7488	0	08	00	00	00	00	00
7489	0	08	00	00	00	00	00
7490	1	08	00	00	00	00	00
7491	0	08	00	00	00	00	00
7492	2	08	00	00	00	00	00
7493	12	08	00	00	00	00	00
7494	0	08	00	00	00	00	00
7495	0	08	00	00	00	00	00
7496	1	08	00	00	00	00	00
7497	1	08	00	00	00	00	00
7498	2	08	00	00	00	00	00
7499	0	08	00	00	00	00	00
7500	0	08	00	00	00	00	00
7501	21	08	00	00	00	00	00
7502	0	08	00	00	00	00	00
7503	0	08	00	00	00	00	00
7504	1	08	00	00	00	00	00
7505	1	08	00	00	00	00	00
7506	0	08	00	00	00	00	00
7507	0	08	00	00	00	00	00
7508	4	08	00	00	00	00	00
7509	0	08	00	00	00	00	00
7510	1	08	00	00	00	00	00
7511	1	08	00	00	00	00	00
7512	0	08	00	00	00	00	00
7513	0	08	00	00	00	00	00
7514	1	08	00	00	00	00	00
7515	1	08	00	00	00	00	00
7516	5	08	00	00	00	00	00
7517	1	08	00	00	00	00	00
7518	0	08	00	00	00	00	00
7519	0	08	00	00	00	00	00
7520	10	08	00	00	00	00	00
7521	0	08	00	00	00	00	00
7522	1	08	00	00	00	00	00
7523	32	08	00	00	00	00	00
7524	7	08	00	00	00	00	00
7525	1	08	00	00	00	00	00
7526	13	08	00	00	00	00	00
7527	1	08	00	00	00	00	00
7528	0	08	00	00	00	00	00
7529	0	08	00	00	00	00	00
7530	0	08	00	00	00	00	00
7531	3	08	00	00	00	00	00
7532	1	08	00	00	00	00	00
7533	1	08	00	00	00	00	00
7534	1	08	00	00	00	00	00
7535	2	08	00	00	00	00	00
7536	10	08	00	00	00	00	00
7537	0	08	00	00	00	00	00
7538	2	08	00	00	00	00	00
7539	1	08	00	00	00	00	00
7540	0	08	00	00	00	00	00
7541	1	08	00	00	00	00	00
7542	1	08	00	00	00	00	00
7543	0	08	00	00	00	00	00
7544	0	08	00	00	00	00	00
7545	2	08	00	00	00	00	00
7546	1	08	00	00	00	00	00
7547	1	08	00	00	00	00	00
7548	0	08	00	00	00	00	00
7549	0	08	00	00	00	00	00
7550	0	08	00	00	00	00	00
7551	0	08	00	00	00	00	00
7552	1	08	00	00	00	00	00
7553	11	08	00	00	00	00	00
7554	0	08	00	00	00	00	00
7555	0	08	00	00	00	00	00
7556	1	08	00	00	00	00	00
7557	0	08	00	00	00	00	00
7558	0	08	00	00	00	00	00
7559	0	08	00	00	00	00	00
7560	1	08	00	00	00	00	00
7561	1	08	00	00	00	00	00
7562	0	08	00	00	00	00	00
7563	0	08	00	00	00	00	00
7564	0	08	00	00	00	00	00
7565	0	08	00	00	00	00	00
7566	1	08	00	00	00	00	00
7567	0	08	00	00	00	00	00
7568	0	08	00	00	00	00	00
7569	1	08	00	00	00	00	00
7570	0	08	00	00	00	00	00
7571	0	08	00	00	00	00	00
7572	0	08	00	00	00	00	00
7573	1	08	00	00	00	00	00
7574	0	08	00	00	00	00	00
7575	0	08	00	00	00	00	00
7576	4	08	00	00	00	00	00
7577	28	08	00	00	00	00	00
7578	0	08	00	00	00	00	00
7579	0	08	00	00	00	00	00
7580	0	08	00	00	00	00	00
7581	0	08	00	00	00	00	00
7582	0	08	00	00	00	00	00
7583	0	08	00	00	00	00	00
7584	0	08	00	00	00	00	00
7585	0	08	00	00	00	00	00
7586	0	08	00	00	00	00	00
7587	1	08	00	00	00	00	00
7588	0	08	00	00	00	00	00
7589	20	08	00	00	00	00	00
7590	0	08	00	00	00	00	00
7591	0	08	00	00	00	00	00
7592	30	08	00	00	00	00	00
7593	0	08	00	00	00	00	00
7594	1	08	00	00	00	00	00
7595	5	08	00	00	00	00	00
7596	1	08	00	00	00	00	00
7597	0	08	00	00	00	00	00
7598	0	08	00	00	00	00	00
7599	0	08	00	00	00	00	00
7600	4	08	00	00	00	00	00
7601	0	08	00	00	00	00	00
7602	10	08	00	00	00	00	00
7603	0	08	00	00	00	00	00
7604	0	08	00	00	00	00	00
7605	1	08	00	00	00	00	00
7606	0	08	00	00	00	00	00
7607	0	08	00	00	00	00	00
7608	0	08	00	00	00	00	00
7609	21	08	00	00	00	00	00
7610	0	08	00	00	00	00	00
7611	0	08	00	00	00	00	00
7612	0	08	00	00	00	00	00
7613	1	08	00	00	00	00	00
7614	24	08	00	00	00	00	00
7615	0	08	00	00	00	00	00
7616	0	08	00	00	00	00	00
7617	3	08	00	00	00	00	00
7618	0	08	00	00	00	00	00
7619	0	08	00	00	00	00	00
7620	0	08	00	00	00	00	00
7621	4	08	00	00	00	00	00
7622	0	08	00	00	00	00	00
7623	0	08	00	00	00	00	00
7624	0	08	00	00	00	00	00
7625	18	08	00	00	00	00	00
7626	0	08	00	00	00	00	00
7627	1	08	00	00	00	00	00
7628	0	08	00	00	00	00	00
7629	7	08	00	00	00	00	00
7630	0	08	00	00	00	00	00
7631	0	08	00	00	00	00	00
7632	0	08	00	00	00	00	00
7633	6	08	00	00	00	00	00
7634	0	08	00	00	00	00	00
7635	0	08	00	00	00	00	00
7636	0	08	00	00	00	00	00
7637	1	08	00	00	00	00	00
7638	0	08	00	00	00	00	00
7639	18	08	00	00	00	00	00
7640	0	08	00	00	00	00	00
7641	0	08	00	00	00	00	00
7642	0	08	00	00	00	00	00
7643	1	08	00	00	00	00	00
7644	0	08	00	00	00	00	00
7645	0	08	00	00	00	00	00
7646	5	08	00	00	00	00	00
7647	1	08	00	00	00	00	00
7648	0	08	00	00	00	00	00
7649	0	08	00	00	00	00	00
7650	0	08	00	00	00	00	00
7651	6	08	00	00	00	00	00
7652	7	08	00	00	00	00	00
7653	0	08	00	00	00	00	00
7654	41	08	00	00	00	00	00
7655	0	08	00	00	00	00	00
7656	11	08	00	00	00	00	00
7657	0	08	00	00	00	00	00
7658	1	08	00	00	00	00	00
7659	0	08	00	00	00	00	00
7660	0	08	00	00	00	00	00
7661	6	08	00	00	00	00	00
7662	1	08	00	00	00	00	00
7663	3	08	00	00	00	00	00
7664	0	08	00	00	00	00	00
7665	0	08	00	00	00	00	00
7666	2	08	00	00	00	00	00
7667	1	08	00	00	00	00	00
7668	2	08	00	00	00	00	00
7669	0	08	00	00	00	00	00
7670	0	08	00	00	00	00	00
7671	0	08	00	00	00	00	00
7672	1	08	00	00	00	00	00
7673	1	08	00	00	00	00	00
7674	0	08	00	00	00	00	00
7675	1	08	00	00	00	00	00
7676	0	08	00	00	00	00	00
7677	0	08	00	00	00	00	00
7678	0	08	00	00	00	00	00
7679	0	08	00	00	00	00	00
7680	0	08	00	00	00	00	00
7681	0	08	00	00	00	00	00
7682	1	08	00	00	00	00	00
7683	0	08	00	00	00	00	00
7684	0	08	00	00	00	00	00
7685	0	08	00	00	00	00	00
7686	0	08	00	00	00	00	00
7687	1	08	00	00	00	00	00
7688	1	08	00	00	00	00	00
7689	0	08	00	00	00	00	00
7690	0	08	00	00	00	00	00
7691	0	08	00	00	00	00	00
7692	0	08	00	00	00	00	00
7693	0	08	00	00	00	00	00
7694	0	08	00	00	00	00	00
7695	0	08	00	00	00	00	00
7696	7	08	00	00	00	00	00
7697	0	08	00	00	00	00	00
7698	1	08	00	00	00	00	00
7699	1	08	00	00	00	00	00
7700	0	08	00	00	00	00	00
7701	0	08	00	00	00	00	00
7702	0	08	00	00	00	00	00
7703	1	08	00	00	00	00	00
7704	0	08	00	00	00	00	00
7705	0	08	00	00	00	00	00
7706	1	08	00	00	00	00	00
7707	1	08	00	00	00	00	00
7708	0	08	00	00	00	00	00
7709	0	08	00	00	00	00	00
7710	0	08	00	00	00	00	00
7711	6	08	00	00	00	00	00
7712	1	08	00	00	00	00	00
7713	0	08	00	00	00	00	00
7714	0	08	00	00	00	00	00
7715	0	08	00	00	00	00	00
7716	0	08	00	00	00	00	00
7717	1	08	00	00	00	00	00
7718	0	08	00	00	00	00	00
7719	0	08	00	00	00	00	00
7720	0	08	00	00	00	00	00
7721	1	08	00	00	00	00	00
7722	0	08	00	00	00	00	00
7723	2	08	00	00	00	00	00
7724	5	08	00	00	00	00	00
7725	0	08	00	00	00	00	00
7726	0	08	00	00	00	00	00
7727	1	08	00	00	00	00	00
7728	0	08	00	00	00	00	00
7729	0	08	00	00	00	00	00
7730	0	08	00	00	00	00	00
7731	1	08	00	00	00	00	00
7732	0	08	00	00	00	00	00
7733	0	08	00	00	00	00	00
7734	7	08	00	00	00	00	00
7735	4	08	00	00	00	00	00
7736	0	08	00	00	00	00	00
7737	1	08	00	00	00	00	00
7738	0	08	00	00	00	00	00
7739	7	08	00	00	00	00	00
7740	0	08	00	00	00	00	00
7741	0	08	00	00	00	00	00
7742	0	08	00	00	00	00	00
7743	1	08	00	00	00	00	00
7744	0	08	00	00	00	00	00
7745	0	08	00	00	00	00	00
7746	1	08	00	00	00	00	00
7747	0	08	00	00	00	00	00
7748	0	08	00	00	00	00	00
7749	1	08	00	00	00	00	00
7750	0	08	00	00	00	00	00
7751	0	08	00	00	00	00	00
7752	0	08	00	00	00	00	00
7753	0	08	00	00	00	00	00
7754	20	08	00	00	00	00	00
7755	0	08	00	00	00	00	00
7756	1	08	00	00	00	00	00
7757	0	08	00	00	00	00	00
7758	0	08	00	00	00	00	00
7759	1	08	00	00	00	00	00
7760	0	08	00	00	00	00	00
7761	0	08	00	00	00	00	00
7762	1	08	00	00	00	00	00
7763	0	08	00	00	00	00	00
7764	0	08	00	00	00	00	00
7765	0	08	00	00	00	00	00
7766	1	08	00	00	00	00	00
7767	1	08	00	00	00	00	00
7768	0	08	00	00	00	00	00
7769	0	08	00	00	00	00	00
7770	1	08	00	00	00	00	00
7771	1	08	00	00	00	00	00
7772	1	08	00	00	00	00	00
7773	3	08	00	00	00	00	00
7774	0	08	00	00	00	00	00
7775	16	08	00	00	00	00	00
7776	0	08	00	00	00	00	00
7777	0	08	00	00	00	00	00
7778	0	08	00	00	00	00	00
7779	0	08	00	00	00	00	00
7780	1	08	00	00	00	00	00
7781	1	08	00	00	00	00	00
7782	0	08	00	00	00	00	00
7783	1	08	00	00	00	00	00
7784	1	08	00	00	00	00	00
7785	0	08	00	00	00	00	00
7786	2	08	00	00	00	00	00
7787	1	08	00	00	00	00	00
7788	0	08	00	00	00	00	00
7789	1	08	00	00	00	00	00
7790	0	08	00	00	00	00	00
7791	0	08	00	00	00	00	00
7792	3	08	00	00	00	00	00
7793	1	08	00	00	00	00	00
7794	0	08	00	00	00	00	00
7795	4	08	00	00	00	00	00
7796	1	08	00	00	00	00	00
7797	0	08	00	00	00	00	00
7798	0	08	00	00	00	00	00
7799	1	08	00	00	00	00	00
7800	0	08	00	00	00	00	00
7801	2	08	00	00	00	00	00
7802	0	08	00	00	00	00	00
7803	1	08	00	00	00	00	00
7804	0	08	00	00	00	00	00
7805	1	08	00	00	00	00	00
7806	1	08	00	00	00	00	00
7807	0	08	00	00	00	00	00
7808	1	08	00	00	00	00	00
7809	0	08	00	00	00	00	00
7810	0	08	00	00	00	00	00
7811	0	08	00	00	00	00	00
7812	1	08	00	00	00	00	00
7813	0	08	00	00	00	00	00
7814	0	08	00	00	00	00	00
7815	1	08	00	00	00	00	00
7816	1	08	00	00	00	00	00
7817	1	08	00	00	00	00	00
7818	1	08	00	00	00	00	00
7819	1	08	00	00	00	00	00
7820	1	08	00	00	00	00	00
7821	0	08	00	00	00	00	00
7822	0	08	00	00	00	00	00
7823	1	08	00	00	00	00	00
7824	0	08	00	00	00	00	00
7825	1	08	00	00	00	00	00
7826	0	08	00	00	00	00	00
7827	0	08	00	00	00	00	00
7828	20	08	00	00	00	00	00
7829	0	08	00	00	00	00	00
7830	0	08	00	00	00	00	00
7831	0	08	00	00	00	00	00
7832	17	08	00	00	00	00	00
7833	0	08	00	00	00	00	00
7834	16	08	00	00	00	00	00
7835	0	08	00	00	00	00	00
7836	0	08	00	00	00	00	00
7837	1	08	00	00	00	00	00
7838	0	08	00	00	00	00	00
7839	1	08	00	00	00	00	00
7840	2	08	00	00	00	00	00
7841	0	08	00	00	00	00	00
7842	0	08	00	00	00	00	00
7843	0	08	00	00	00	00	00
7844	1	08	00	00	00	00	00
7845	1	08	00	00	00	00	00
7846	1	08	00	00	00	00	00
7847	0	08	00	00	00	00	00
7848	0	08	00	00	00	00	00
7849	1	08	00	00	00	00	00
7850	1	08	00	00	00	00	00
7851	1	08	00	00	00	00	00
7852	0	08	00	00	00	00	00
7853	0	08	00	00	00	00	00
7854	10	08	00	00	00	00	00
7855	0	08	00	00	00	00	00
7856	0	08	00	00	00	00	00
7857	0	08	00	00	00	00	00
7858	0	08	00	00	00	00	00
7859	9	08	00	00	00	00	00
7860	0	08	00	00	00	00	00
7861	13	08	00	00	00	00	00
7862	0	08	00	00	00	00	00
7863	0	08	00	00	00	00	00
7864	0	08	00	00	00	00	00
7865	14	08	00	00	00	00	00
7866	0	08	00	00	00	00	00
7867	1	08	00	00	00	00	00
7868	0	08	00	00	00	00	00
7869	0	08	00	00	00	00	00
7870	0	08	00	00	00	00	00
7871	2	08	00	00	00	00	00
7872	0	08	00	00	00	00	00
7873	0	08	00	00	00	00	00
7874	14	08	00	00	00	00	00
7875	13	08	00	00	00	00	00
7876	1	08	00	00	00	00	00
7877	1	08	00	00	00	00	00
7878	10	08	00	00	00	00	00
7879	0	08	00	00	00	00	00
7880	1	08	00	00	00	00	00
7881	0	08	00	00	00	00	00
7882	0	08	00	00	00	00	00
7883	1	08	00	00	00	00	00
7884	2	08	00	00	00	00	00
7885	1	08	00	00	00	00	00
7886	1	08	00	00	00	00	00
7887	22	08	00	00	00	00	00
7888	0	08	00	00	00	00	00
7889	1	08	00	00	00	00	00
7890	0	08	00	00	00	00	00
7891	0	08	00	00	00	00	00
7892	0	08	00	00	00	00	00
7893	4	08	00	00	00	00	00
7894	1	08	00	00	00	00	00
7895	1	08	00	00	00	00	00
7896	1	08	00	00	00	00	00
7897	0	08	00	00	00	00	00
7898	0	08	00	00	00	00	00
7899	0	08	00	00	00	00	00
7900	14	08	00	00	00	00	00
7901	0	08	00	00	00	00	00
7902	1	08	00	00	00	00	00
7903	0	08	00	00	00	00	00
7904	8	08	00	00	00	00	00
7905	1	08	00	00	00	00	00
7906	0	08	00	00	00	00	00
7907	1	08	00	00	00	00	00
7908	1	08	00	00	00	00	00
7909	1	08	00	00	00	00	00
7910	0	08	00	00	00	00	00
7911	0	08	00	00	00	00	00
7912	0	08	00	00	00	00	00
7913	1	08	00	00	00	00	00
7914	0	08	00	00	00	00	00
7915	0	08	00	00	00	00	00
7916	0	08	00	00	00	00	00
7917	0	08	00	00	00	00	00
7918	0	08	00	00	00	00	00
7919	0	08	00	00	00	00	00
7920	1	08	00	00	00	00	00
7921	0	08	00	00	00	00	00
7922	1	08	00	00	00	00	00
7923	18	08	00	00	00	00	00
7924	0	08	00	00	00	00	00
7925	0	08	00	00	00	00	00
7926	3	08	00	00	00	00	00
7927	1	08	00	00	00	00	00
7928	0	08	00	00	00	00	00
7929	1	08	00	00	00	00	00
7930	0	08	00	00	00	00	00
7931	0	08	00	00	00	00	00
7932	0	08	00	00	00	00	00
7933	1	08	00	00	00	00	00
7934	0	08	00	00	00	00	00
7935	0	08	00	00	00	00	00
7936	1	08	00	00	00	00	00
7937	1	08	00	00	00	00	00
7938	0	08	00	00	00	00	00
7939	1	08	00	00	00	00	00
7940	1	08	00	00	00	00	00
7941	0	08	00	00	00	00	00
7942	0	08	00	00	00	00	00
7943	0	08	00	00	00	00	00
7944	1	08	00	00	00	00	00
7945	1	08	00	00	00	00	00
7946	23	08	00	00	00	00	00
7947	0	08	00	00	00	00	00
7948	1	08	00	00	00	00	00
7949	1	08	00	00	00	00	00
7950	0	08	00	00	00	00	00
7951	0	08	00	00	00	00	00
7952	0	08	00	00	00	00	00
7953	0	08	00	00	00	00	00
7954	1	08	00	00	00	00	00
7955	1	08	00	00	00	00	00
7956	2	08	00	00	00	00	00
7957	2	08	00	00	00	00	00
7958	0	08	00	00	00	00	00
7959	0	08	00	00	00	00	00
7960	0	08	00	00	00	00	00
7961	0	08	00	00	00	00	00
7962	0	08	00	00	00	00	00
7963	1	08	00	00	00	00	00
7964	1	08	00	00	00	00	00
7965	1	08	00	00	00	00	00
7966	0	08	00	00	00	00	00
7967	0	08	00	00	00	00	00
7968	0	08	00	00	00	00	00
7969	0	08	00	00	00	00	00
7970	0	08	00	00	00	00	00
7971	1	08	00	00	00	00	00
7972	1	08	00	00	00	00	00
7973	0	08	00	00	00	00	00
7974	1	08	00	00	00	00	00
7975	0	08	00	00	00	00	00
7976	1	08	00	00	00	00	00
7977	0	08	00	00	00	00	00
7978	0	08	00	00	00	00	00
7979	0	08	00	00	00	00	00
7980	0	08	00	00	00	00	00
7981	0	08	00	00	00	00	00
7982	0	08	00	00	00	00	00
7983	0	08	00	00	00	00	00
7984	0	08	00	00	00	00	00
7985	0	08	00	00	00	00	00
7986	0	08	00	00	00	00	00
7987	0	08	00	00	00	00	00
7988	3	08	00	00	00	00	00
7989	0	08	00	00	00	00	00
7990	0	08	00	00	00	00	00
7991	0	08	00	00	00	00	00
7992	0	08	00	00	00	00	00
7993	1	08	00	00	00	00	00
7994	1	08	00	00	00	00	00
7995	0	08	00	00	00	00	00
7996	0	08	00	00	00	00	00
7997	1	08	00	00	00	00	00
7998	0	08	00	00	00	00	00
7999	0	08	00	00	00	00	00
8000	2	08	00	00	00	00	00
8001	0	08	00	00	00	00	00
8002	0	08	00	00	00	00	00
8003	0	08	00	00	00	00	00
8004	0	08	00	00	00	00	00
8005	0	08	00	00	00	00	00
8006	0	08	00	00	00	00	00
8007	1	08	00	00	00	00	00
8008	1	08	00	00	00	00	00
8009	0	08	00	00	00	00	00
8010	0	08	00	00	00	00	00
8011	0	08	00	00	00	00	00
8012	1	08	00	00	00	00	00
8013	1	08	00	00	00	00	00
8014	0	08	00	00	00	00	00
8015	0	08	00	00	00	00	00
8016	7	08	00	00	00	00	00
8017	0	08	00	00	00	00	00
8018	0	08	00	00	00	00	00
8019	1	08	00	00	00	00	00
8020	1	08	00	00	00	00	00
8021	1	08	00	00	00	00	00
8022	0	08	00	00	00	00	00
8023	0	08	00	00	00	00	00
8024	20	08	00	00	00	00	00
8025	0	08	00	00	00	00	00
8026	0	08	00	00	00	00	00
8027	0	08	00	00	00	00	00
8028	1	08	00	00	00	00	00
8029	6	08	00	00	00	00	00
8030	1	08	00	00	00	00	00
8031	1	08	00	00	00	00	00
8032	1	08	00	00	00	00	00
8033	28	08	00	00	00	00	00
8034	0	08	00	00	00	00	00
8035	0	08	00	00	00	00	00
8036	0	08	00	00	00	00	00
8037	0	08	00	00	00	00	00
8038	1	08	00	00	00	00	00
8039	0	08	00	00	00	00	00
8040	1	08	00	00	00	00	00
8041	0	08	00	00	00	00	00
8042	0	08	00	00	00	00	00
8043	1	08	00	00	00	00	00
8044	1	08	00	00	00	00	00
8045	0	08	00	00	00	00	00
8046	0	08	00	00	00	00	00
8047	1	08	00	00	00	00	00
8048	1	08	00	00	00	00	00
8049	1	08	00	00	00	00	00
8050	0	08	00	00	00	00	00
8051	0	08	00	00	00	00	00
8052	0	08	00	00	00	00	00
8053	1	08	00	00	00	00	00
8054	4	08	00	00	00	00	00
8055	0	08	00	00	00	00	00
8056	2	08	00	00	00	00	00
8057	0	08	00	00	00	00	00
8058	0	08	00	00	00	00	00
8059	1	08	00	00	00	00	00
8060	6	08	00	00	00	00	00
8061	1	08	00	00	00	00	00
8062	0	08	00	00	00	00	00
8063	0	08	00	00	00	00	00
8064	0	08	00	00	00	00	00
8065	1	08	00	00	00	00	00
8066	0	08	00	00	00	00	00
8067	0	08	00	00	00	00	00
8068	1	08	00	00	00	00	00
8069	0	08	00	00	00	00	00
8070	1	08	00	00	00	00	00
8071	0	08	00	00	00	00	00
8072	1	08	00	00	00	00	00
8073	0	08	00	00	00	00	00
8074	3	08	00	00	00	00	00
8075	0	08	00	00	00	00	00
8076	1	08	00	00	00	00	00
8077	0	08	00	00	00	00	00
8078	0	08	00	00	00	00	00
8079	0	08	00	00	00	00	00
8080	1	08	00	00	00	00	00
8081	1	08	00	00	00	00	00
8082	0	08	00	00	00	00	00
8083	2	08	00	00	00	00	00
8084	0	08	00	00	00	00	00
8085	0	08	00	00	00	00	00
8086	0	08	00	00	00	00	00
8087	0	08	00	00	00	00	00
8088	1	08	00	00	00	00	00
8089	0	08	00	00	00	00	00
8090	0	08	00	00	00	00	00
8091	1	08	00	00	00	00	00
8092	1	08	00	00	00	00	00
8093	0	08	00	00	00	00	00
8094	0	08	00	00	00	00	00
8095	15	08	00	00	00	00	00
8096	0	08	00	00	00	00	00
8097	0	08	00	00	00	00	00
8098	0	08	00	00	00	00	00
8099	0	08	00	00	00	00	00
8100	0	08	00	00	00	00	00
8101	0	08	00	00	00	00	00
8102	0	08	00	00	00	00	00
8103	1	08	00	00	00	00	00
8104	0	08	00	00	00	00	00
8105	0	08	00	00	00	00	00
8106	0	08	00	00	00	00	00
8107	0	08	00	00	00	00	00
8108	0	08	00	00	00	00	00
8109	1	08	00	00	00	00	00
8110	1	08	00	00	00	00	00
8111	0	08	00	00	00	00	00
8112	0	08	00	00	00	00	00
8113	1	08	00	00	00	00	00
8114	0	08	00	00	00	00	00
8115	0	08	00	00	00	00	00
8116	1	08	00	00	00	00	00
8117	1	08	00	00	00	00	00
8118	0	08	00	00	00	00	00
8119	1	08	00	00	00	00	00
8120	0	08	00	00	00	00	00
8121	0	08	00	00	00	00	00
8122	1	08	00	00	00	00	00
8123	1	08	00	00	00	00	00
8124	1	08	00	00	00	00	00
8125	0	08	00	00	00	00	00
8126	1	08	00	00	00	00	00
8127	0	08	00	00	00	00	00
8128	1	08	00	00	00	00	00
8129	1	08	00	00	00	00	00
8130	0	08	00	00	00	00	00
8131	1	08	00	00	00	00	00
8132	0	08	00	00	00	00	00
8133	0	08	00	00	00	00	00
8134	0	08	00	00	00	00	00
8135	0	08	00	00	00	00	00
8136	4	08	00	00	00	00	00
8137	1	08	00	00	00	00	00
8138	1	08	00	00	00	00	00
8139	1	08	00	00	00	00	00
8140	0	08	00	00	00	00	00
8141	0	08	00	00	00	00	00
8142	1	08	00	00	00	00	00
8143	1	08	00	00	00	00	00
8144	1	08	00	00	00	00	00
8145	1	08	00	00	00	00	00
8146	0	08	00	00	00	00	00
8147	1	08	00	00	00	00	00
8148	1	08	00	00	00	00	00
8149	0	08	00	00	00	00	00
8150	0	08	00	00	00	00	00
8151	4	08	00	00	00	00	00
8152	0	08	00	00	00	00	00
8153	1	08	00	00	00	00	00
8154	0	08	00	00	00	00	00
8155	0	08	00	00	00	00	00
8156	1	08	00	00	00	00	00
8157	0	08	00	00	00	00	00
8158	0	08	00	00	00	00	00
8159	0	08	00	00	00	00	00
8160	1	08	00	00	00	00	00
8161	1	08	00	00	00	00	00
8162	33	08	00	00	00	00	00
8163	1	08	00	00	00	00	00
8164	0	08	00	00	00	00	00
8165	0	08	00	00	00	00	00
8166	0	08	00	00	00	00	00
8167	0	08	00	00	00	00	00
8168	0	08	00	00	00	00	00
8169	1	08	00	00	00	00	00
8170	1	08	00	00	00	00	00
8171	0	08	00	00	00	00	00
8172	0	08	00	00	00	00	00
8173	1	08	00	00	00	00	00
8174	20	08	00	00	00	00	00
8175	0	08	00	00	00	00	00
8176	0	08	00	00	00	00	00
8177	0	08	00	00	00	00	00
8178	1	08	00	00	00	00	00
8179	0	08	00	00	00	00	00
8180	0	08	00	00	00	00	00
8181	0	08	00	00	00	00	00
8182	1	08	00	00	00	00	00
8183	0	08	00	00	00	00	00
8184	0	08	00	00	00	00	00
8185	0	08	00	00	00	00	00
8186	8	08	00	00	00	00	00
8187	1	08	00	00	00	00	00
8188	0	08	00	00	00	00	00
8189	1	08	00	00	00	00	00
8190	0	08	00	00	00	00	00
8191	0	08	00	00	00	00	00
8192	1	08	00	00	00	00	00
8193	0	08	00	00	00	00	00
8194	12	08	00	00	00	00	00
8195	0	08	00	00	00	00	00
8196	0	08	00	00	00	00	00
8197	0	08	00	00	00	00	00
8198	0	08	00	00	00	00	00
8199	0	08	00	00	00	00	00
8200	0	08	00	00	00	00	00
8201	0	08	00	00	00	00	00
8202	1	08	00	00	00	00	00
8203	1	08	00	00	00	00	00
8204	0	08	00	00	00	00	00
8205	1	08	00	00	00	00	00
8206	1	08	00	00	00	00	00
8207	1	08	00	00	00	00	00
8208	0	08	00	00	00	00	00
8209	2	08	00	00	00	00	00
8210	1	08	00	00	00	00	00
8211	1	08	00	00	00	00	00
8212	0	08	00	00	00	00	00
8213	1	08	00	00	00	00	00
8214	1	08	00	00	00	00	00
8215	1	08	00	00	00	00	00
8216	0	08	00	00	00	00	00
8217	1	08	00	00	00	00	00
8218	0	08	00	00	00	00	00
8219	0	08	00	00	00	00	00
8220	8	08	00	00	00	00	00
8221	1	08	00	00	00	00	00
8222	0	08	00	00	00	00	00
8223	7	08	00	00	00	00	00
8224	0	08	00	00	00	00	00
8225	1	08	00	00	00	00	00
8226	1	08	00	00	00	00	00
8227	1	08	00	00	00	00	00
8228	1	08	00	00	00	00	00
8229	1	08	00	00	00	00	00
8230	0	08	00	00	00	00	00
8231	0	08	00	00	00	00	00
8232	5	08	00	00	00	00	00
8233	0	08	00	00	00	00	00
8234	0	08	00	00	00	00	00
8235	0	08	00	00	00	00	00
8236	0	08	00	00	00	00	00
8237	0	08	00	00	00	00	00
8238	1	08	00	00	00	00	00
8239	0	08	00	00	00	00	00
8240	0	08	00	00	00	00	00
8241	0	08	00	00	00	00	00
8242	1	08	00	00	00	00	00
8243	1	08	00	00	00	00	00
8244	0	08	00	00	00	00	00
8245	1	08	00	00	00	00	00
8246	0	08	00	00	00	00	00
8247	0	08	00	00	00	00	00
8248	2	08	00	00	00	00	00
8249	15	08	00	00	00	00	00
8250	0	08	00	00	00	00	00
8251	1	08	00	00	00	00	00
8252	0	08	00	00	00	00	00
8253	0	08	00	00	00	00	00
8254	3	08	00	00	00	00	00
8255	1	08	00	00	00	00	00
8256	0	08	00	00	00	00	00
8257	4	08	00	00	00	00	00
8258	1	08	00	00	00	00	00
8259	0	08	00	00	00	00	00
8260	0	08	00	00	00	00	00
8261	0	08	00	00	00	00	00
8262	0	08	00	00	00	00	00
8263	1	08	00	00	00	00	00
8264	0	08	00	00	00	00	00
8265	0	08	00	00	00	00	00
8266	0	08	00	00	00	00	00
8267	1	08	00	00	00	00	00
8268	0	08	00	00	00	00	00
8269	1	08	00	00	00	00	00
8270	0	08	00	00	00	00	00
8271	17	08	00	00	00	00	00
8272	6	08	00	00	00	00	00
8273	0	08	00	00	00	00	00
8274	0	08	00	00	00	00	00
8275	1	08	00	00	00	00	00
8276	0	08	00	00	00	00	00
8277	0	08	00	00	00	00	00
8278	1	08	00	00	00	00	00
8279	0	08	00	00	00	00	00
8280	0	08	00	00	00	00	00
8281	0	08	00	00	00	00	00
8282	2	08	00	00	00	00	00
8283	0	08	00	00	00	00	00
8284	0	08	00	00	00	00	00
8285	0	08	00	00	00	00	00
8286	0	08	00	00	00	00	00
8287	0	08	00	00	00	00	00
8288	14	08	00	00	00	00	00
8289	13	08	00	00	00	00	00
8290	1	08	00	00	00	00	00
8291	1	08	00	00	00	00	00
8292	2	08	00	00	00	00	00
8293	1	08	00	00	00	00	00
8294	0	08	00	00	00	00	00
8295	0	08	00	00	00	00	00
8296	0	08	00	00	00	00	00
8297	0	08	00	00	00	00	00
8298	1	08	00	00	00	00	00
8299	0	08	00	00	00	00	00
8300	0	08	00	00	00	00	00
8301	1	08	00	00	00	00	00
8302	1	08	00	00	00	00	00
8303	0	08	00	00	00	00	00
8304	0	08	00	00	00	00	00
8305	2	08	00	00	00	00	00
8306	0	08	00	00	00	00	00
8307	1	08	00	00	00	00	00
8308	1	08	00	00	00	00	00
8309	1	08	00	00	00	00	00
8310	1	08	00	00	00	00	00
8311	1	08	00	00	00	00	00
8312	1	08	00	00	00	00	00
8313	0	08	00	00	00	00	00
8314	1	08	00	00	00	00	00
8315	0	08	00	00	00	00	00
8316	0	08	00	00	00	00	00
8317	1	08	00	00	00	00	00
8318	1	08	00	00	00	00	00
8319	1	08	00	00	00	00	00
8320	1	08	00	00	00	00	00
8321	0	08	00	00	00	00	00
8322	1	08	00	00	00	00	00
8323	0	08	00	00	00	00	00
8324	1	08	00	00	00	00	00
8325	15	08	00	00	00	00	00
8326	2	08	00	00	00	00	00
8327	1	08	00	00	00	00	00
8328	1	08	00	00	00	00	00
8329	0	08	00	00	00	00	00
8330	1	08	00	00	00	00	00
8331	0	08	00	00	00	00	00
8332	0	08	00	00	00	00	00
8333	1	08	00	00	00	00	00
8334	1	08	00	00	00	00	00
8335	2	08	00	00	00	00	00
8336	1	08	00	00	00	00	00
8337	1	08	00	00	00	00	00
8338	0	08	00	00	00	00	00
8339	0	08	00	00	00	00	00
8340	1	08	00	00	00	00	00
8341	0	08	00	00	00	00	00
8342	0	08	00	00	00	00	00
8343	0	08	00	00	00	00	00
8344	1	08	00	00	00	00	00
8345	0	08	00	00	00	00	00
8346	1	08	00	00	00	00	00
8347	1	08	00	00	00	00	00
8348	0	08	00	00	00	00	00
8349	1	08	00	00	00	00	00
8350	0	08	00	00	00	00	00
8351	0	08	00	00	00	00	00
8352	18	08	00	00	00	00	00
8353	0	08	00	00	00	00	00
8354	0	08	00	00	00	00	00
8355	0	08	00	00	00	00	00
8356	0	08	00	00	00	00	00
8357	1	08	00	00	00	00	00
8358	3	08	00	00	00	00	00
8359	0	08	00	00	00	00	00
8360	0	08	00	00	00	00	00
8361	0	08	00	00	00	00	00
8362	1	08	00	00	00	00	00
8363	15	08	00	00	00	00	00
8364	0	08	00	00	00	00	00
8365	15	08	00	00	00	00	00
8366	0	08	00	00	00	00	00
8367	0	08	00	00	00	00	00
8368	1	08	00	00	00	00	00
8369	1	08	00	00	00	00	00
8370	0	08	00	00	00	00	00
8371	0	08	00	00	00	00	00
8372	0	08	00	00	00	00	00
8373	1	08	00	00	00	00	00
8374	1	08	00	00	00	00	00
8375	1	08	00	00	00	00	00
8376	2	08	00	00	00	00	00
8377	0	08	00	00	00	00	00
8378	0	08	00	00	00	00	00
8379	1	08	00	00	00	00	00
8380	1	08	00	00	00	00	00
8381	0	08	00	00	00	00	00
8382	0	08	00	00	00	00	00
8383	0	08	00	00	00	00	00
8384	1	08	00	00	00	00	00
8385	1	08	00	00	00	00	00
8386	0	08	00	00	00	00	00
8387	2	08	00	00	00	00	00
8388	1	08	00	00	00	00	00
8389	0	08	00	00	00	00	00
8390	1	08	00	00	00	00	00
8391	1	08	00	00	00	00	00
8392	0	08	00	00	00	00	00
8393	1	08	00	00	00	00	00
8394	1	08	00	00	00	00	00
8395	0	08	00	00	00	00	00
8396	0	08	00	00	00	00	00
8397	1	08	00	00	00	00	00
8398	0	08	00	00	00	00	00
8399	1	08	00	00	00	00	00
8400	0	08	00	00	00	00	00
8401	1	08	00	00	00	00	00
8402	0	08	00	00	00	00	00
8403	0	08	00	00	00	00	00
8404	0	08	00	00	00	00	00
8405	0	08	00	00	00	00	00
8406	1	08	00	00	00	00	00
8407	0	08	00	00	00	00	00
8408	8	08	00	00	00	00	00
8409	0	08	00	00	00	00	00
8410	0	08	00	00	00	00	00
8411	2	08	00	00	00	00	00
8412	2	08	00	00	00	00	00
8413	1	08	00	00	00	00	00
8414	1	08	00	00	00	00	00
8415	1	08	00	00	00	00	00
8416	0	08	00	00	00	00	00
8417	0	08	00	00	00	00	00
8418	0	08	00	00	00	00	00
8419	0	08	00	00	00	00	00
8420	1	08	00	00	00	00	00
8421	1	08	00	00	00	00	00
8422	0	08	00	00	00	00	00
8423	0	08	00	00	00	00	00
8424	0	08	00	00	00	00	00
8425	0	08	00	00	00	00	00
8426	0	08	00	00	00	00	00
8427	0	08	00	00	00	00	00
8428	0	08	00	00	00	00	00
8429	1	08	00	00	00	00	00
8430	0	08	00	00	00	00	00
8431	0	08	00	00	00	00	00
8432	0	08	00	00	00	00	00
8433	0	08	00	00	00	00	00
8434	1	08	00	00	00	00	00
8435	1	08	00	00	00	00	00
8436	1	08	00	00	00	00	00
8437	1	08	00	00	00	00	00
8438	0	08	00	00	00	00	00
8439	0	08	00	00	00	00	00
8440	0	08	00	00	00	00	00
8441	5	08	00	00	00	00	00
8442	1	08	00	00	00	00	00
8443	1	08	00	00	00	00	00
8444	0	08	00	00	00	00	00
8445	0	08	00	00	00	00	00
8446	0	08	00	00	00	00	00
8447	0	08	00	00	00	00	00
8448	0	08	00	00	00	00	00
8449	0	08	00	00	00	00	00
8450	0	08	00	00	00	00	00
8451	0	08	00	00	00	00	00
8452	0	08	00	00	00	00	00
8453	8	08	00	00	00	00	00
8454	10	08	00	00	00	00	00
8455	1	08	00	00	00	00	00
8456	0	08	00	00	00	00	00
8457	0	08	00	00	00	00	00
8458	15	08	00	00	00	00	00
8459	0	08	00	00	00	00	00
8460	4	08	00	00	00	00	00
8461	1	08	00	00	00	00	00
8462	0	08	00	00	00	00	00
8463	0	08	00	00	00	00	00
8464	6	08	00	00	00	00	00
8465	0	08	00	00	00	00	00
8466	0	08	00	00	00	00	00
8467	0	08	00	00	00	00	00
8468	1	08	00	00	00	00	00
8469	0	08	00	00	00	00	00
8470	0	08	00	00	00	00	00
8471	0	08	00	00	00	00	00
8472	1	08	00	00	00	00	00
8473	1	08	00	00	00	00	00
8474	0	08	00	00	00	00	00
8475	0	08	00	00	00	00	00
8476	1	08	00	00	00	00	00
8477	1	08	00	00	00	00	00
8478	1	08	00	00	00	00	00
8479	1	08	00	00	00	00	00
8480	0	08	00	00	00	00	00
8481	0	08	00	00	00	00	00
8482	0	08	00	00	00	00	00
8483	0	08	00	00	00	00	00
8484	5	08	00	00	00	00	00
8485	0	08	00	00	00	00	00
8486	4	08	00	00	00	00	00
8487	1	08	00	00	00	00	00
8488	1	08	00	00	00	00	00
8489	1	08	00	00	00	00	00
8490	0	08	00	00	00	00	00
8491	1	08	00	00	00	00	00
8492	0	08	00	00	00	00	00
8493	0	08	00	00	00	00	00
8494	0	08	00	00	00	00	00
8495	0	08	00	00	00	00	00
8496	0	08	00	00	00	00	00
8497	0	08	00	00	00	00	00
8498	0	08	00	00	00	00	00
8499	7	08	00	00	00	00	00
8500	0	08	00	00	00	00	00
8501	0	08	00	00	00	00	00
8502	0	08	00	00	00	00	00
8503	0	08	00	00	00	00	00
8504	1	08	00	00	00	00	00
8505	1	08	00	00	00	00	00
8506	1	08	00	00	00	00	00
8507	3	08	00	00	00	00	00
8508	0	08	00	00	00	00	00
8509	3	08	00	00	00	00	00
8510	0	08	00	00	00	00	00
8511	0	08	00	00	00	00	00
8512	0	08	00	00	00	00	00
8513	0	08	00	00	00	00	00
8514	0	08	00	00	00	00	00
8515	0	08	00	00	00	00	00
8516	0	08	00	00	00	00	00
8517	0	08	00	00	00	00	00
8518	1	08	00	00	00	00	00
8519	0	08	00	00	00	00	00
8520	1	08	00	00	00	00	00
8521	0	08	00	00	00	00	00
8522	0	08	00	00	00	00	00
8523	0	08	00	00	00	00	00
8524	1	08	00	00	00	00	00
8525	1	08	00	00	00	00	00
8526	1	08	00	00	00	00	00
8527	0	08	00	00	00	00	00
8528	0	08	00	00	00	00	00
8529	1	08	00	00	00	00	00
8530	1	08	00	00	00	00	00
8531	1	08	00	00	00	00	00
8532	14	08	00	00	00	00	00
8533	0	08	00	00	00	00	00
8534	5	08	00	00	00	00	00
8535	1	08	00	00	00	00	00
8536	0	08	00	00	00	00	00
8537	0	08	00	00	00	00	00
8538	0	08	00	00	00	00	00
8539	0	08	00	00	00	00	00
8540	0	08	00	00	00	00	00
8541	1	08	00	00	00	00	00
8542	0	08	00	00	00	00	00
8543	0	08	00	00	00	00	00
8544	1	08	00	00	00	00	00
8545	0	08	00	00	00	00	00
8546	0	08	00	00	00	00	00
8547	0	08	00	00	00	00	00
8548	0	08	00	00	00	00	00
8549	0	08	00	00	00	00	00
8550	0	08	00	00	00	00	00
8551	0	08	00	00	00	00	00
8552	0	08	00	00	00	00	00
8553	8	08	00	00	00	00	00
8554	0	08	00	00	00	00	00
8555	0	08	00	00	00	00	00
8556	0	08	00	00	00	00	00
8557	0	08	00	00	00	00	00
8558	0	08	00	00	00	00	00
8559	0	08	00	00	00	00	00
8560	1	08	00	00	00	00	00
8561	0	08	00	00	00	00	00
8562	3	08	00	00	00	00	00
8563	12	08	00	00	00	00	00
8564	0	08	00	00	00	00	00
8565	0	08	00	00	00	00	00
8566	1	08	00	00	00	00	00
8567	1	08	00	00	00	00	00
8568	0	08	00	00	00	00	00
8569	7	08	00	00	00	00	00
8570	1	08	00	00	00	00	00
8571	1	08	00	00	00	00	00
8572	0	08	00	00	00	00	00
8573	0	08	00	00	00	00	00
8574	0	08	00	00	00	00	00
8575	0	08	00	00	00	00	00
8576	1	08	00	00	00	00	00
8577	1	08	00	00	00	00	00
8578	0	08	00	00	00	00	00
8579	1	08	00	00	00	00	00
8580	1	08	00	00	00	00	00
8581	1	08	00	00	00	00	00
8582	0	08	00	00	00	00	00
8583	1	08	00	00	00	00	00
8584	7	08	00	00	00	00	00
8585	1	08	00	00	00	00	00
8586	0	08	00	00	00	00	00
8587	1	08	00	00	00	00	00
8588	1	08	00	00	00	00	00
8589	0	08	00	00	00	00	00
8590	0	08	00	00	00	00	00
8591	0	08	00	00	00	00	00
8592	0	08	00	00	00	00	00
8593	0	08	00	00	00	00	00
8594	0	08	00	00	00	00	00
8595	1	08	00	00	00	00	00
8596	0	08	00	00	00	00	00
8597	0	08	00	00	00	00	00
8598	0	08	00	00	00	00	00
8599	0	08	00	00	00	00	00
8600	0	08	00	00	00	00	00
8601	0	08	00	00	00	00	00
8602	0	08	00	00	00	00	00
8603	1	08	00	00	00	00	00
8604	0	08	00	00	00	00	00
8605	0	08	00	00	00	00	00
8606	1	08	00	00	00	00	00
8607	1	08	00	00	00	00	00
8608	1	08	00	00	00	00	00
8609	0	08	00	00	00	00	00
8610	0	08	00	00	00	00	00
8611	0	08	00	00	00	00	00
8612	0	08	00	00	00	00	00
8613	0	08	00	00	00	00	00
8614	0	08	00	00	00	00	00
8615	6	08	00	00	00	00	00
8616	9	08	00	00	00	00	00
8617	0	08	00	00	00	00	00
8618	1	08	00	00	00	00	00
8619	0	08	00	00	00	00	00
8620	1	08	00	00	00	00	00
8621	0	08	00	00	00	00	00
8622	0	08	00	00	00	00	00
8623	0	08	00	00	00	00	00
8624	0	08	00	00	00	00	00
8625	1	08	00	00	00	00	00
8626	0	08	00	00	00	00	00
8627	2	08	00	00	00	00	00
8628	1	08	00	00	00	00	00
8629	1	08	00	00	00	00	00
8630	0	08	00	00	00	00	00
8631	1	08	00	00	00	00	00
8632	2	08	00	00	00	00	00
8633	1	08	00	00	00	00	00
8634	0	08	00	00	00	00	00
8635	0	08	00	00	00	00	00
8636	0	08	00	00	00	00	00
8637	0	08	00	00	00	00	00
8638	0	08	00	00	00	00	00
8639	0	08	00	00	00	00	00
8640	0	08	00	00	00	00	00
8641	0	08	00	00	00	00	00
8642	0	08	00	00	00	00	00
8643	0	08	00	00	00	00	00
8644	1	08	00	00	00	00	00
8645	0	08	00	00	00	00	00
8646	0	08	00	00	00	00	00
8647	1	08	00	00	00	00	00
8648	0	08	00	00	00	00	00
8649	0	08	00	00	00	00	00
8650	0	08	00	00	00	00	00
8651	1	08	00	00	00	00	00
8652	1	08	00	00	00	00	00
8653	1	08	00	00	00	00	00
8654	1	08	00	00	00	00	00
8655	0	08	00	00	00	00	00
8656	0	08	00	00	00	00	00
8657	0	08	00	00	00	00	00
8658	1	08	00	00	00	00	00
8659	1	08	00	00	00	00	00
8660	1	08	00	00	00	00	00
8661	1	08	00	00	00	00	00
8662	0	08	00	00	00	00	00
8663	0	08	00	00	00	00	00
8664	0	08	00	00	00	00	00
8665	1	08	00	00	00	00	00
8666	0	08	00	00	00	00	00
8667	0	08	00	00	00	00	00
8668	0	08	00	00	00	00	00
8669	2	08	00	00	00	00	00
8670	0	08	00	00	00	00	00
8671	0	08	00	00	00	00	00
8672	0	08	00	00	00	00	00
8673	0	08	00	00	00	00	00
8674	1	08	00	00	00	00	00
8675	0	08	00	00	00	00	00
8676	3	08	00	00	00	00	00
8677	1	08	00	00	00	00	00
8678	0	08	00	00	00	00	00
8679	1	08	00	00	00	00	00
8680	0	08	00	00	00	00	00
8681	0	08	00	00	00	00	00
8682	0	08	00	00	00	00	00
8683	0	08	00	00	00	00	00
8684	0	08	00	00	00	00	00
8685	0	08	00	00	00	00	00
8686	0	08	00	00	00	00	00
8687	1	08	00	00	00	00	00
8688	0	08	00	00	00	00	00
8689	0	08	00	00	00	00	00
8690	0	08	00	00	00	00	00
8691	1	08	00	00	00	00	00
8692	0	08	00	00	00	00	00
8693	0	08	00	00	00	00	00
8694	1	08	00	00	00	00	00
8695	1	08	00	00	00	00	00
8696	1	08	00	00	00	00	00
8697	2	08	00	00	00	00	00
8698	1	08	00	00	00	00	00
8699	0	08	00	00	00	00	00
8700	0	08	00	00	00	00	00
8701	1	08	00	00	00	00	00
8702	0	08	00	00	00	00	00
8703	1	08	00	00	00	00	00
8704	0	08	00	00	00	00	00
8705	0	08	00	00	00	00	00
8706	0	08	00	00	00	00	00
8707	0	08	00	00	00	00	00
8708	1	08	00	00	00	00	00
8709	0	08	00	00	00	00	00
8710	0	08	00	00	00	00	00
8711	1	08	00	00	00	00	00
8712	0	08	00	00	00	00	00
8713	11	08	00	00	00	00	00
8714	0	08	00	00	00	00	00
8715	24	08	00	00	00	00	00
8716	0	08	00	00	00	00	00
8717	0	08	00	00	00	00	00
8718	0	08	00	00	00	00	00
8719	0	08	00	00	00	00	00
8720	0	08	00	00	00	00	00
8721	1	08	00	00	00	00	00
8722	0	08	00	00	00	00	00
8723	0	08	00	00	00	00	00
8724	1	08	00	00	00	00	00
8725	0	08	00	00	00	00	00
8726	0	08	00	00	00	00	00
8727	24	08	00	00	00	00	00
8728	0	08	00	00	00	00	00
8729	34	08	00	00	00	00	00
8730	4	08	00	00	00	00	00
8731	1	08	00	00	00	00	00
8732	0	08	00	00	00	00	00
8733	0	08	00	00	00	00	00
8734	1	08	00	00	00	00	00
8735	0	08	00	00	00	00	00
8736	1	08	00	00	00	00	00
8737	0	08	00	00	00	00	00
8738	0	08	00	00	00	00	00
8739	1	08	00	00	00	00	00
8740	1	08	00	00	00	00	00
8741	0	08	00	00	00	00	00
8742	0	08	00	00	00	00	00
8743	1	08	00	00	00	00	00
8744	0	08	00	00	00	00	00
8745	1	08	00	00	00	00	00
8746	1	08	00	00	00	00	00
8747	14	08	00	00	00	00	00
8748	0	08	00	00	00	00	00
8749	1	08	00	00	00	00	00
8750	0	08	00	00	00	00	00
8751	5	08	00	00	00	00	00
8752	11	08	00	00	00	00	00
8753	0	08	00	00	00	00	00
8754	1	08	00	00	00	00	00
8755	0	08	00	00	00	00	00
8756	1	08	00	00	00	00	00
8757	1	08	00	00	00	00	00
8758	1	08	00	00	00	00	00
8759	1	08	00	00	00	00	00
8760	1	08	00	00	00	00	00
8761	0	08	00	00	00	00	00
8762	1	08	00	00	00	00	00
8763	1	08	00	00	00	00	00
8764	0	08	00	00	00	00	00
8765	0	08	00	00	00	00	00
8766	1	08	00	00	00	00	00
8767	0	08	00	00	00	00	00
8768	0	08	00	00	00	00	00
8769	1	08	00	00	00	00	00
8770	1	08	00	00	00	00	00
8771	1	08	00	00	00	00	00
8772	0	08	00	00	00	00	00
8773	0	08	00	00	00	00	00
8774	1	08	00	00	00	00	00
8775	10	08	00	00	00	00	00
8776	0	08	00	00	00	00	00
8777	1	08	00	00	00	00	00
8778	1	08	00	00	00	00	00
8779	9	08	00	00	00	00	00
8780	0	08	00	00	00	00	00
8781	1	08	00	00	00	00	00
8782	2	08	00	00	00	00	00
8783	10	08	00	00	00	00	00
8784	0	08	00	00	00	00	00
8785	1	08	00	00	00	00	00
8786	0	08	00	00	00	00	00
8787	0	08	00	00	00	00	00
8788	1	08	00	00	00	00	00
8789	1	08	00	00	00	00	00
8790	0	08	00	00	00	00	00
8791	1	08	00	00	00	00	00
8792	0	08	00	00	00	00	00
8793	1	08	00	00	00	00	00
8794	0	08	00	00	00	00	00
8795	0	08	00	00	00	00	00
8796	0	08	00	00	00	00	00
8797	0	08	00	00	00	00	00
8798	0	08	00	00	00	00	00
8799	0	08	00	00	00	00	00
8800	1	08	00	00	00	00	00
8801	3	08	00	00	00	00	00
8802	1	08	00	00	00	00	00
8803	0	08	00	00	00	00	00
8804	28	08	00	00	00	00	00
8805	2	08	00	00	00	00	00
8806	9	08	00	00	00	00	00
8807	2	08	00	00	00	00	00
8808	0	08	00	00	00	00	00
8809	0	08	00	00	00	00	00
8810	1	08	00	00	00	00	00
8811	0	08	00	00	00	00	00
8812	0	08	00	00	00	00	00
8813	3	08	00	00	00	00	00
8814	0	08	00	00	00	00	00
8815	0	08	00	00	00	00	00
8816	8	08	00	00	00	00	00
8817	0	08	00	00	00	00	00
8818	0	08	00	00	00	00	00
8819	0	08	00	00	00	00	00
8820	0	08	00	00	00	00	00
8821	3	08	00	00	00	00	00
8822	0	08	00	00	00	00	00
8823	4	08	00	00	00	00	00
8824	20	08	00	00	00	00	00
8825	0	08	00	00	00	00	00
8826	8	08	00	00	00	00	00
8827	1	08	00	00	00	00	00
8828	0	08	00	00	00	00	00
8829	1	08	00	00	00	00	00
8830	0	08	00	00	00	00	00
8831	5	08	00	00	00	00	00
8832	19	08	00	00	00	00	00
8833	0	08	00	00	00	00	00
8834	1	08	00	00	00	00	00
8835	0	08	00	00	00	00	00
8836	0	08	00	00	00	00	00
8837	0	08	00	00	00	00	00
8838	0	08	00	00	00	00	00
8839	1	08	00	00	00	00	00
8840	14	08	00	00	00	00	00
8841	0	08	00	00	00	00	00
8842	10	08	00	00	00	00	00
8843	0	08	00	00	00	00	00
8844	0	08	00	00	00	00	00
8845	0	08	00	00	00	00	00
8846	0	08	00	00	00	00	00
8847	1	08	00	00	00	00	00
8848	0	08	00	00	00	00	00
8849	0	08	00	00	00	00	00
8850	0	08	00	00	00	00	00
8851	18	08	00	00	00	00	00
8852	1	08	00	00	00	00	00
8853	0	08	00	00	00	00	00
8854	0	08	00	00	00	00	00
8855	0	08	00	00	00	00	00
8856	0	08	00	00	00	00	00
8857	0	08	00	00	00	00	00
8858	1	08	00	00	00	00	00
8859	0	08	00	00	00	00	00
8860	0	08	00	00	00	00	00
8861	17	08	00	00	00	00	00
8862	0	08	00	00	00	00	00
8863	1	08	00	00	00	00	00
8864	1	08	00	00	00	00	00
8865	0	08	00	00	00	00	00
8866	1	08	00	00	00	00	00
8867	1	08	00	00	00	00	00
8868	0	08	00	00	00	00	00
8869	0	08	00	00	00	00	00
8870	1	08	00	00	00	00	00
8871	0	08	00	00	00	00	00
8872	2	08	00	00	00	00	00
8873	0	08	00	00	00	00	00
8874	0	08	00	00	00	00	00
8875	4	08	00	00	00	00	00
8876	5	08	00	00	00	00	00
8877	0	08	00	00	00	00	00
8878	1	08	00	00	00	00	00
8879	9	08	00	00	00	00	00
8880	0	08	00	00	00	00	00
8881	0	08	00	00	00	00	00
8882	0	08	00	00	00	00	00
8883	1	08	00	00	00	00	00
8884	8	08	00	00	00	00	00
8885	1	08	00	00	00	00	00
8886	0	08	00	00	00	00	00
8887	0	08	00	00	00	00	00
8888	0	08	00	00	00	00	00
8889	8	08	00	00	00	00	00
8890	0	08	00	00	00	00	00
8891	0	08	00	00	00	00	00
8892	0	08	00	00	00	00	00
8893	0	08	00	00	00	00	00
8894	1	08	00	00	00	00	00
8895	1	08	00	00	00	00	00
8896	1	08	00	00	00	00	00
8897	0	08	00	00	00	00	00
8898	0	08	00	00	00	00	00
8899	7	08	00	00	00	00	00
8900	0	08	00	00	00	00	00
8901	0	08	00	00	00	00	00
8902	1	08	00	00	00	00	00
8903	1	08	00	00	00	00	00
8904	1	08	00	00	00	00	00
8905	1	08	00	00	00	00	00
8906	0	08	00	00	00	00	00
8907	21	08	00	00	00	00	00
8908	0	08	00	00	00	00	00
8909	0	08	00	00	00	00	00
8910	0	08	00	00	00	00	00
8911	0	08	00	00	00	00	00
8912	1	08	00	00	00	00	00
8913	0	08	00	00	00	00	00
8914	10	08	00	00	00	00	00
8915	0	08	00	00	00	00	00
8916	0	08	00	00	00	00	00
8917	1	08	00	00	00	00	00
8918	1	08	00	00	00	00	00
8919	1	08	00	00	00	00	00
8920	1	08	00	00	00	00	00
8921	0	08	00	00	00	00	00
8922	0	08	00	00	00	00	00
8923	1	08	00	00	00	00	00
8924	0	08	00	00	00	00	00
8925	0	08	00	00	00	00	00
8926	1	08	00	00	00	00	00
8927	0	08	00	00	00	00	00
8928	0	08	00	00	00	00	00
8929	1	08	00	00	00	00	00
8930	1	08	00	00	00	00	00
8931	0	08	00	00	00	00	00
8932	4	08	00	00	00	00	00
8933	0	08	00	00	00	00	00
8934	1	08	00	00	00	00	00
8935	0	08	00	00	00	00	00
8936	0	08	00	00	00	00	00
8937	0	08	00	00	00	00	00
8938	1	08	00	00	00	00	00
8939	0	08	00	00	00	00	00
8940	0	08	00	00	00	00	00
8941	17	08	00	00	00	00	00
8942	0	08	00	00	00	00	00
8943	0	08	00	00	00	00	00
8944	1	08	00	00	00	00	00
8945	3	08	00	00	00	00	00
8946	0	08	00	00	00	00	00
8947	0	08	00	00	00	00	00
8948	1	08	00	00	00	00	00
8949	7	08	00	00	00	00	00
8950	10	08	00	00	00	00	00
8951	1	08	00	00	00	00	00
8952	3	08	00	00	00	00	00
8953	1	08	00	00	00	00	00
8954	0	08	00	00	00	00	00
8955	0	08	00	00	00	00	00
8956	1	08	00	00	00	00	00
8957	7	08	00	00	00	00	00
8958	3	08	00	00	00	00	00
8959	1	08	00	00	00	00	00
8960	8	08	00	00	00	00	00
8961	0	08	00	00	00	00	00
8962	0	08	00	00	00	00	00
8963	0	08	00	00	00	00	00
8964	0	08	00	00	00	00	00
8965	0	08	00	00	00	00	00
8966	10	08	00	00	00	00	00
8967	0	08	00	00	00	00	00
8968	1	08	00	00	00	00	00
8969	0	08	00	00	00	00	00
8970	1	08	00	00	00	00	00
8971	1	08	00	00	00	00	00
8972	0	08	00	00	00	00	00
8973	0	08	00	00	00	00	00
8974	1	08	00	00	00	00	00
8975	0	08	00	00	00	00	00
8976	0	08	00	00	00	00	00
8977	6	08	00	00	00	00	00
8978	2	08	00	00	00	00	00
8979	0	08	00	00	00	00	00
8980	0	08	00	00	00	00	00
8981	0	08	00	00	00	00	00
8982	1	08	00	00	00	00	00
8983	0	08	00	00	00	00	00
8984	1	08	00	00	00	00	00
8985	1	08	00	00	00	00	00
8986	0	08	00	00	00	00	00
8987	1	08	00	00	00	00	00
8988	0	08	00	00	00	00	00
8989	45	08	00	00	00	00	00
8990	1	08	00	00	00	00	00
8991	0	08	00	00	00	00	00
8992	2	08	00	00	00	00	00
8993	0	08	00	00	00	00	00
8994	0	08	00	00	00	00	00
8995	7	08	00	00	00	00	00
8996	1	08	00	00	00	00	00
8997	18	08	00	00	00	00	00
8998	0	08	00	00	00	00	00
8999	1	08	00	00	00	00	00
9000	0	08	00	00	00	00	00
9001	0	08	00	00	00	00	00
9002	1	08	00	00	00	00	00
9003	0	08	00	00	00	00	00
9004	0	08	00	00	00	00	00
9005	0	08	00	00	00	00	00
9006	1	08	00	00	00	00	00
9007	1	08	00	00	00	00	00
9008	0	08	00	00	00	00	00
9009	1	08	00	00	00	00	00
9010	0	08	00	00	00	00	00
9011	0	08	00	00	00	00	00
9012	0	08	00	00	00	00	00
9013	0	08	00	00	00	00	00
9014	1	08	00	00	00	00	00
9015	0	08	00	00	00	00	00
9016	1	08	00	00	00	00	00
9017	2	08	00	00	00	00	00
9018	0	08	00	00	00	00	00
9019	0	08	00	00	00	00	00
9020	1	08	00	00	00	00	00
9021	23	08	00	00	00	00	00
9022	0	08	00	00	00	00	00
9023	1	08	00	00	00	00	00
9024	0	08	00	00	00	00	00
9025	1	08	00	00	00	00	00
9026	8	08	00	00	00	00	00
9027	2	08	00	00	00	00	00
9028	3	08	00	00	00	00	00
9029	1	08	00	00	00	00	00
9030	0	08	00	00	00	00	00
9031	11	08	00	00	00	00	00
9032	0	08	00	00	00	00	00
9033	0	08	00	00	00	00	00
9034	0	08	00	00	00	00	00
9035	17	08	00	00	00	00	00
9036	0	08	00	00	00	00	00
9037	1	08	00	00	00	00	00
9038	0	08	00	00	00	00	00
9039	0	08	00	00	00	00	00
9040	1	08	00	00	00	00	00
9041	0	08	00	00	00	00	00
9042	1	08	00	00	00	00	00
9043	0	08	00	00	00	00	00
9044	0	08	00	00	00	00	00
9045	0	08	00	00	00	00	00
9046	0	08	00	00	00	00	00
9047	0	08	00	00	00	00	00
9048	0	08	00	00	00	00	00
9049	0	08	00	00	00	00	00
9050	0	08	00	00	00	00	00
9051	0	08	00	00	00	00	00
9052	0	08	00	00	00	00	00
9053	0	08	00	00	00	00	00
9054	0	08	00	00	00	00	00
9055	0	08	00	00	00	00	00
9056	1	08	00	00	00	00	00
9057	0	08	00	00	00	00	00
9058	0	08	00	00	00	00	00
9059	1	08	00	00	00	00	00
9060	0	08	00	00	00	00	00
9061	0	08	00	00	00	00	00
9062	0	08	00	00	00	00	00
9063	0	08	00	00	00	00	00
9064	0	08	00	00	00	00	00
9065	0	08	00	00	00	00	00
9066	1	08	00	00	00	00	00
9067	0	08	00	00	00	00	00
9068	0	08	00	00	00	00	00
9069	0	08	00	00	00	00	00
9070	1	08	00	00	00	00	00
9071	0	08	00	00	00	00	00
9072	0	08	00	00	00	00	00
9073	7	08	00	00	00	00	00
9074	0	08	00	00	00	00	00
9075	0	08	00	00	00	00	00
9076	1	08	00	00	00	00	00
9077	1	08	00	00	00	00	00
9078	2	08	00	00	00	00	00
9079	0	08	00	00	00	00	00
9080	3	08	00	00	00	00	00
9081	1	08	00	00	00	00	00
9082	0	08	00	00	00	00	00
9083	0	08	00	00	00	00	00
9084	1	08	00	00	00	00	00
9085	1	08	00	00	00	00	00
9086	1	08	00	00	00	00	00
9087	6	08	00	00	00	00	00
9088	0	08	00	00	00	00	00
9089	0	08	00	00	00	00	00
9090	0	08	00	00	00	00	00
9091	0	08	00	00	00	00	00
9092	0	08	00	00	00	00	00
9093	15	08	00	00	00	00	00
9094	0	08	00	00	00	00	00
9095	0	08	00	00	00	00	00
9096	0	08	00	00	00	00	00
9097	0	08	00	00	00	00	00
9098	0	08	00	00	00	00	00
9099	0	08	00	00	00	00	00
9100	0	08	00	00	00	00	00
9101	0	08	00	00	00	00	00
9102	1	08	00	00	00	00	00
9103	0	08	00	00	00	00	00
9104	0	08	00	00	00	00	00
9105	12	08	00	00	00	00	00
9106	1	08	00	00	00	00	00
9107	0	08	00	00	00	00	00
9108	8	08	00	00	00	00	00
9109	0	08	00	00	00	00	00
9110	1	08	00	00	00	00	00
9111	2	08	00	00	00	00	00
9112	0	08	00	00	00	00	00
9113	0	08	00	00	00	00	00
9114	1	08	00	00	00	00	00
9115	0	08	00	00	00	00	00
9116	0	08	00	00	00	00	00
9117	0	08	00	00	00	00	00
9118	0	08	00	00	00	00	00
9119	0	08	00	00	00	00	00
9120	0	08	00	00	00	00	00
9121	0	08	00	00	00	00	00
9122	1	08	00	00	00	00	00
9123	15	08	00	00	00	00	00
9124	0	08	00	00	00	00	00
9125	1	08	00	00	00	00	00
9126	1	08	00	00	00	00	00
9127	0	08	00	00	00	00	00
9128	0	08	00	00	00	00	00
9129	1	08	00	00	00	00	00
9130	0	08	00	00	00	00	00
9131	0	08	00	00	00	00	00
9132	1	08	00	00	00	00	00
9133	0	08	00	00	00	00	00
9134	0	08	00	00	00	00	00
9135	0	08	00	00	00	00	00
9136	0	08	00	00	00	00	00
9137	7	08	00	00	00	00	00
9138	0	08	00	00	00	00	00
9139	1	08	00	00	00	00	00
9140	0	08	00	00	00	00	00
9141	1	08	00	00	00	00	00
9142	0	08	00	00	00	00	00
9143	0	08	00	00	00	00	00
9144	1	08	00	00	00	00	00
9145	0	08	00	00	00	00	00
9146	0	08	00	00	00	00	00
9147	0	08	00	00	00	00	00
9148	0	08	00	00	00	00	00
9149	0	08	00	00	00	00	00
9150	0	08	00	00	00	00	00
9151	0	08	00	00	00	00	00
9152	1	08	00	00	00	00	00
9153	5	08	00	00	00	00	00
9154	0	08	00	00	00	00	00
9155	1	08	00	00	00	00	00
9156	20	08	00	00	00	00	00
9157	12	08	00	00	00	00	00
9158	0	08	00	00	00	00	00
9159	0	08	00	00	00	00	00
9160	0	08	00	00	00	00	00
9161	1	08	00	00	00	00	00
9162	0	08	00	00	00	00	00
9163	0	08	00	00	00	00	00
9164	0	08	00	00	00	00	00
9165	1	08	00	00	00	00	00
9166	5	08	00	00	00	00	00
9167	1	08	00	00	00	00	00
9168	1	08	00	00	00	00	00
9169	0	08	00	00	00	00	00
9170	0	08	00	00	00	00	00
9171	1	08	00	00	00	00	00
9172	1	08	00	00	00	00	00
9173	0	08	00	00	00	00	00
9174	1	08	00	00	00	00	00
9175	8	08	00	00	00	00	00
9176	0	08	00	00	00	00	00
9177	1	08	00	00	00	00	00
9178	2	08	00	00	00	00	00
9179	0	08	00	00	00	00	00
9180	2	08	00	00	00	00	00
9181	1	08	00	00	00	00	00
9182	8	08	00	00	00	00	00
9183	1	08	00	00	00	00	00
9184	13	08	00	00	00	00	00
9185	0	08	00	00	00	00	00
9186	7	08	00	00	00	00	00
9187	0	08	00	00	00	00	00
9188	1	08	00	00	00	00	00
9189	0	08	00	00	00	00	00
9190	0	08	00	00	00	00	00
9191	0	08	00	00	00	00	00
9192	6	08	00	00	00	00	00
9193	1	08	00	00	00	00	00
9194	0	08	00	00	00	00	00
9195	1	08	00	00	00	00	00
9196	6	08	00	00	00	00	00
9197	1	08	00	00	00	00	00
9198	0	08	00	00	00	00	00
9199	1	08	00	00	00	00	00
9200	0	08	00	00	00	00	00
9201	0	08	00	00	00	00	00
9202	0	08	00	00	00	00	00
9203	1	08	00	00	00	00	00
9204	0	08	00	00	00	00	00
9205	0	08	00	00	00	00	00
9206	0	08	00	00	00	00	00
9207	0	08	00	00	00	00	00
9208	1	08	00	00	00	00	00
9209	2	08	00	00	00	00	00
9210	1	08	00	00	00	00	00
9211	0	08	00	00	00	00	00
9212	1	08	00	00	00	00	00
9213	32	08	00	00	00	00	00
9214	0	08	00	00	00	00	00
9215	0	08	00	00	00	00	00
9216	0	08	00	00	00	00	00
9217	0	08	00	00	00	00	00
9218	0	08	00	00	00	00	00
9219	0	08	00	00	00	00	00
9220	0	08	00	00	00	00	00
9221	1	08	00	00	00	00	00
9222	0	08	00	00	00	00	00
9223	1	08	00	00	00	00	00
9224	0	08	00	00	00	00	00
9225	0	08	00	00	00	00	00
9226	1	08	00	00	00	00	00
9227	1	08	00	00	00	00	00
9228	0	08	00	00	00	00	00
9229	0	08	00	00	00	00	00
9230	1	08	00	00	00	00	00
9231	0	08	00	00	00	00	00
9232	1	08	00	00	00	00	00
9233	1	08	00	00	00	00	00
9234	0	08	00	00	00	00	00
9235	0	08	00	00	00	00	00
9236	0	08	00	00	00	00	00
9237	0	08	00	00	00	00	00
9238	1	08	00	00	00	00	00
9239	1	08	00	00	00	00	00
9240	0	08	00	00	00	00	00
9241	0	08	00	00	00	00	00
9242	0	08	00	00	00	00	00
9243	0	08	00	00	00	00	00
9244	1	08	00	00	00	00	00
9245	0	08	00	00	00	00	00
9246	1	08	00	00	00	00	00
9247	0	08	00	00	00	00	00
9248	0	08	00	00	00	00	00
9249	0	08	00	00	00	00	00
9250	1	08	00	00	00	00	00
9251	1	08	00	00	00	00	00
9252	1	08	00	00	00	00	00
9253	2	08	00	00	00	00	00
9254	0	08	00	00	00	00	00
9255	1	08	00	00	00	00	00
9256	0	08	00	00	00	00	00
9257	0	08	00	00	00	00	00
9258	0	08	00	00	00	00	00
9259	0	08	00	00	00	00	00
9260	0	08	00	00	00	00	00
9261	5	08	00	00	00	00	00
9262	0	08	00	00	00	00	00
9263	0	08	00	00	00	00	00
9264	0	08	00	00	00	00	00
9265	1	08	00	00	00	00	00
9266	1	08	00	00	00	00	00
9267	1	08	00	00	00	00	00
9268	0	08	00	00	00	00	00
9269	9	08	00	00	00	00	00
9270	0	08	00	00	00	00	00
9271	0	08	00	00	00	00	00
9272	3	08	00	00	00	00	00
9273	0	08	00	00	00	00	00
9274	1	08	00	00	00	00	00
9275	1	08	00	00	00	00	00
9276	0	08	00	00	00	00	00
9277	0	08	00	00	00	00	00
9278	0	08	00	00	00	00	00
9279	1	08	00	00	00	00	00
9280	0	08	00	00	00	00	00
9281	1	08	00	00	00	00	00
9282	1	08	00	00	00	00	00
9283	0	08	00	00	00	00	00
9284	0	08	00	00	00	00	00
9285	1	08	00	00	00	00	00
9286	1	08	00	00	00	00	00
9287	0	08	00	00	00	00	00
9288	1	08	00	00	00	00	00
9289	1	08	00	00	00	00	00
9290	0	08	00	00	00	00	00
9291	0	08	00	00	00	00	00
9292	0	08	00	00	00	00	00
9293	1	08	00	00	00	00	00
9294	0	08	00	00	00	00	00
9295	0	08	00	00	00	00	00
9296	0	08	00	00	00	00	00
9297	1	08	00	00	00	00	00
9298	1	08	00	00	00	00	00
9299	0	08	00	00	00	00	00
9300	0	08	00	00	00	00	00
9301	1	08	00	00	00	00	00
9302	3	08	00	00	00	00	00
9303	1	08	00	00	00	00	00
9304	2	08	00	00	00	00	00
9305	0	08	00	00	00	00	00
9306	0	08	00	00	00	00	00
9307	0	08	00	00	00	00	00
9308	18	08	00	00	00	00	00
9309	1	08	00	00	00	00	00
9310	1	08	00	00	00	00	00
9311	0	08	00	00	00	00	00
9312	0	08	00	00	00	00	00
9313	1	08	00	00	00	00	00
9314	2	08	00	00	00	00	00
9315	1	08	00	00	00	00	00
9316	0	08	00	00	00	00	00
9317	1	08	00	00	00	00	00
9318	0	08	00	00	00	00	00
9319	2	08	00	00	00	00	00
9320	0	08	00	00	00	00	00
9321	0	08	00	00	00	00	00
9322	0	08	00	00	00	00	00
9323	1	08	00	00	00	00	00
9324	0	08	00	00	00	00	00
9325	16	08	00	00	00	00	00
9326	14	08	00	00	00	00	00
9327	0	08	00	00	00	00	00
9328	0	08	00	00	00	00	00
9329	0	08	00	00	00	00	00
9330	0	08	00	00	00	00	00
9331	1	08	00	00	00	00	00
9332	0	08	00	00	00	00	00
9333	0	08	00	00	00	00	00
9334	0	08	00	00	00	00	00
9335	7	08	00	00	00	00	00
9336	0	08	00	00	00	00	00
9337	1	08	00	00	00	00	00
9338	0	08	00	00	00	00	00
9339	4	08	00	00	00	00	00
9340	1	08	00	00	00	00	00
9341	0	08	00	00	00	00	00
9342	0	08	00	00	00	00	00
9343	1	08	00	00	00	00	00
9344	0	08	00	00	00	00	00
9345	0	08	00	00	00	00	00
9346	4	08	00	00	00	00	00
9347	7	08	00	00	00	00	00
9348	2	08	00	00	00	00	00
9349	1	08	00	00	00	00	00
9350	1	08	00	00	00	00	00
9351	4	08	00	00	00	00	00
9352	0	08	00	00	00	00	00
9353	0	08	00	00	00	00	00
9354	0	08	00	00	00	00	00
9355	0	08	00	00	00	00	00
9356	0	08	00	00	00	00	00
9357	0	08	00	00	00	00	00
9358	1	08	00	00	00	00	00
9359	0	08	00	00	00	00	00
9360	1	08	00	00	00	00	00
9361	0	08	00	00	00	00	00
9362	0	08	00	00	00	00	00
9363	0	08	00	00	00	00	00
9364	0	08	00	00	00	00	00
9365	0	08	00	00	00	00	00
9366	2	08	00	00	00	00	00
9367	0	08	00	00	00	00	00
9368	1	08	00	00	00	00	00
9369	0	08	00	00	00	00	00
9370	0	08	00	00	00	00	00
9371	0	08	00	00	00	00	00
9372	0	08	00	00	00	00	00
9373	0	08	00	00	00	00	00
9374	0	08	00	00	00	00	00
9375	1	08	00	00	00	00	00
9376	0	08	00	00	00	00	00
9377	1	08	00	00	00	00	00
9378	1	08	00	00	00	00	00
9379	0	08	00	00	00	00	00
9380	2	08	00	00	00	00	00
9381	1	08	00	00	00	00	00
9382	0	08	00	00	00	00	00
9383	0	08	00	00	00	00	00
9384	0	08	00	00	00	00	00
9385	0	08	00	00	00	00	00
9386	1	08	00	00	00	00	00
9387	1	08	00	00	00	00	00
9388	1	08	00	00	00	00	00
9389	0	08	00	00	00	00	00
9390	1	08	00	00	00	00	00
9391	0	08	00	00	00	00	00
9392	0	08	00	00	00	00	00
9393	0	08	00	00	00	00	00
9394	1	08	00	00	00	00	00
9395	0	08	00	00	00	00	00
9396	1	08	00	00	00	00	00
9397	0	08	00	00	00	00	00
9398	0	08	00	00	00	00	00
9399	8	08	00	00	00	00	00
9400	0	08	00	00	00	00	00
9401	2	08	00	00	00	00	00
9402	0	08	00	00	00	00	00
9403	0	08	00	00	00	00	00
9404	1	08	00	00	00	00	00
9405	0	08	00	00	00	00	00
9406	3	08	00	00	00	00	00
9407	10	08	00	00	00	00	00
9408	0	08	00	00	00	00	00
9409	0	08	00	00	00	00	00
9410	0	08	00	00	00	00	00
9411	0	08	00	00	00	00	00
9412	0	08	00	00	00	00	00
9413	0	08	00	00	00	00	00
9414	0	08	00	00	00	00	00
9415	0	08	00	00	00	00	00
9416	0	08	00	00	00	00	00
9417	0	08	00	00	00	00	00
9418	1	08	00	00	00	00	00
9419	0	08	00	00	00	00	00
9420	1	08	00	00	00	00	00
9421	0	08	00	00	00	00	00
9422	0	08	00	00	00	00	00
9423	0	08	00	00	00	00	00
9424	0	08	00	00	00	00	00
9425	0	08	00	00	00	00	00
9426	5	08	00	00	00	00	00
9427	13	08	00	00	00	00	00
9428	13	08	00	00	00	00	00
9429	0	08	00	00	00	00	00
9430	0	08	00	00	00	00	00
9431	0	08	00	00	00	00	00
9432	1	08	00	00	00	00	00
9433	0	08	00	00	00	00	00
9434	0	08	00	00	00	00	00
9435	0	08	00	00	00	00	00
9436	0	08	00	00	00	00	00
9437	1	08	00	00	00	00	00
9438	0	08	00	00	00	00	00
9439	11	08	00	00	00	00	00
9440	0	08	00	00	00	00	00
9441	1	08	00	00	00	00	00
9442	0	08	00	00	00	00	00
9443	0	08	00	00	00	00	00
9444	1	08	00	00	00	00	00
9445	0	08	00	00	00	00	00
9446	0	08	00	00	00	00	00
9447	0	08	00	00	00	00	00
9448	0	08	00	00	00	00	00
9449	0	08	00	00	00	00	00
9450	0	08	00	00	00	00	00
9451	1	08	00	00	00	00	00
9452	0	08	00	00	00	00	00
9453	7	08	00	00	00	00	00
9454	0	08	00	00	00	00	00
9455	9	08	00	00	00	00	00
9456	0	08	00	00	00	00	00
9457	0	08	00	00	00	00	00
9458	0	08	00	00	00	00	00
9459	0	08	00	00	00	00	00
9460	0	08	00	00	00	00	00
9461	0	08	00	00	00	00	00
9462	1	08	00	00	00	00	00
9463	0	08	00	00	00	00	00
9464	1	08	00	00	00	00	00
9465	1	08	00	00	00	00	00
9466	1	08	00	00	00	00	00
9467	0	08	00	00	00	00	00
9468	10	08	00	00	00	00	00
9469	10	08	00	00	00	00	00
9470	0	08	00	00	00	00	00
9471	0	08	00	00	00	00	00
9472	0	08	00	00	00	00	00
9473	1	08	00	00	00	00	00
9474	7	08	00	00	00	00	00
9475	0	08	00	00	00	00	00
9476	0	08	00	00	00	00	00
9477	0	08	00	00	00	00	00
9478	1	08	00	00	00	00	00
9479	5	08	00	00	00	00	00
9480	0	08	00	00	00	00	00
9481	0	08	00	00	00	00	00
9482	1	08	00	00	00	00	00
9483	0	08	00	00	00	00	00
9484	0	08	00	00	00	00	00
9485	1	08	00	00	00	00	00
9486	0	08	00	00	00	00	00
9487	0	08	00	00	00	00	00
9488	1	08	00	00	00	00	00
9489	1	08	00	00	00	00	00
9490	0	08	00	00	00	00	00
9491	1	08	00	00	00	00	00
9492	0	08	00	00	00	00	00
9493	1	08	00	00	00	00	00
9494	3	08	00	00	00	00	00
9495	0	08	00	00	00	00	00
9496	1	08	00	00	00	00	00
9497	0	08	00	00	00	00	00
9498	0	08	00	00	00	00	00
9499	0	08	00	00	00	00	00
9500	2	08	00	00	00	00	00
9501	1	08	00	00	00	00	00
9502	0	08	00	00	00	00	00
9503	0	08	00	00	00	00	00
9504	0	08	00	00	00	00	00
9505	1	08	00	00	00	00	00
9506	1	08	00	00	00	00	00
9507	0	08	00	00	00	00	00
9508	0	08	00	00	00	00	00
9509	0	08	00	00	00	00	00
9510	0	08	00	00	00	00	00
9511	15	08	00	00	00	00	00
9512	0	08	00	00	00	00	00
9513	3	08	00	00	00	00	00
9514	0	08	00	00	00	00	00
9515	1	08	00	00	00	00	00
9516	0	08	00	00	00	00	00
9517	1	08	00	00	00	00	00
9518	0	08	00	00	00	00	00
9519	0	08	00	00	00	00	00
9520	2	08	00	00	00	00	00
9521	2	08	00	00	00	00	00
9522	0	08	00	00	00	00	00
9523	0	08	00	00	00	00	00
9524	0	08	00	00	00	00	00
9525	1	08	00	00	00	00	00
9526	0	08	00	00	00	00	00
9527	0	08	00	00	00	00	00
9528	0	08	00	00	00	00	00
9529	0	08	00	00	00	00	00
9530	0	08	00	00	00	00	00
9531	0	08	00	00	00	00	00
9532	2	08	00	00	00	00	00
9533	0	08	00	00	00	00	00
9534	0	08	00	00	00	00	00
9535	0	08	00	00	00	00	00
9536	0	08	00	00	00	00	00
9537	0	08	00	00	00	00	00
9538	1	08	00	00	00	00	00
9539	0	08	00	00	00	00	00
9540	0	08	00	00	00	00	00
9541	1	08	00	00	00	00	00
9542	0	08	00	00	00	00	00
9543	1	08	00	00	00	00	00
9544	0	08	00	00	00	00	00
9545	0	08	00	00	00	00	00
9546	1	08	00	00	00	00	00
9547	0	08	00	00	00	00	00
9548	0	08	00	00	00	00	00
9549	1	08	00	00	00	00	00
9550	0	08	00	00	00	00	00
9551	0	08	00	00	00	00	00
9552	1	08	00	00	00	00	00
9553	0	08	00	00	00	00	00
9554	0	08	00	00	00	00	00
9555	11	08	00	00	00	00	00
9556	0	08	00	00	00	00	00
9557	1	08	00	00	00	00	00
9558	0	08	00	00	00	00	00
9559	2	08	00	00	00	00	00
9560	19	08	00	00	00	00	00
9561	0	08	00	00	00	00	00
9562	1	08	00	00	00	00	00
9563	0	08	00	00	00	00	00
9564	1	08	00	00	00	00	00
9565	1	08	00	00	00	00	00
9566	0	08	00	00	00	00	00
9567	0	08	00	00	00	00	00
9568	1	08	00	00	00	00	00
9569	1	08	00	00	00	00	00
9570	1	08	00	00	00	00	00
9571	0	08	00	00	00	00	00
9572	7	08	00	00	00	00	00
9573	0	08	00	00	00	00	00
9574	1	08	00	00	00	00	00
9575	1	08	00	00	00	00	00
9576	1	08	00	00	00	00	00
9577	0	08	00	00	00	00	00
9578	0	08	00	00	00	00	00
9579	0	08	00	00	00	00	00
9580	3	08	00	00	00	00	00
9581	8	08	00	00	00	00	00
9582	0	08	00	00	00	00	00
9583	0	08	00	00	00	00	00
9584	0	08	00	00	00	00	00
9585	5	08	00	00	00	00	00
9586	1	08	00	00	00	00	00
9587	1	08	00	00	00	00	00
9588	0	08	00	00	00	00	00
9589	1	08	00	00	00	00	00
9590	1	08	00	00	00	00	00
9591	1	08	00	00	00	00	00
9592	0	08	00	00	00	00	00
9593	0	08	00	00	00	00	00
9594	1	08	00	00	00	00	00
9595	0	08	00	00	00	00	00
9596	1	08	00	00	00	00	00
9597	10	08	00	00	00	00	00
9598	0	08	00	00	00	00	00
9599	0	08	00	00	00	00	00
9600	0	08	00	00	00	00	00
9601	0	08	00	00	00	00	00
9602	0	08	00	00	00	00	00
9603	1	08	00	00	00	00	00
9604	0	08	00	00	00	00	00
9605	1	08	00	00	00	00	00
9606	0	08	00	00	00	00	00
9607	0	08	00	00	00	00	00
9608	10	08	00	00	00	00	00
9609	0	08	00	00	00	00	00
9610	0	08	00	00	00	00	00
9611	0	08	00	00	00	00	00
9612	0	08	00	00	00	00	00
9613	0	08	00	00	00	00	00
9614	3	08	00	00	00	00	00
9615	1	08	00	00	00	00	00
9616	0	08	00	00	00	00	00
9617	0	08	00	00	00	00	00
9618	0	08	00	00	00	00	00
9619	12	08	00	00	00	00	00
9620	0	08	00	00	00	00	00
9621	1	08	00	00	00	00	00
9622	1	08	00	00	00	00	00
9623	3	08	00	00	00	00	00
9624	0	08	00	00	00	00	00
9625	0	08	00	00	00	00	00
9626	1	08	00	00	00	00	00
9627	18	08	00	00	00	00	00
9628	0	08	00	00	00	00	00
9629	1	08	00	00	00	00	00
9630	0	08	00	00	00	00	00
9631	0	08	00	00	00	00	00
9632	0	08	00	00	00	00	00
9633	0	08	00	00	00	00	00
9634	9	08	00	00	00	00	00
9635	1	08	00	00	00	00	00
9636	1	08	00	00	00	00	00
9637	0	08	00	00	00	00	00
9638	3	08	00	00	00	00	00
9639	1	08	00	00	00	00	00
9640	0	08	00	00	00	00	00
9641	10	08	00	00	00	00	00
9642	0	08	00	00	00	00	00
9643	0	08	00	00	00	00	00
9644	1	08	00	00	00	00	00
9645	3	08	00	00	00	00	00
9646	0	08	00	00	00	00	00
9647	0	08	00	00	00	00	00
9648	0	08	00	00	00	00	00
9649	1	08	00	00	00	00	00
9650	0	08	00	00	00	00	00
9651	3	08	00	00	00	00	00
9652	8	08	00	00	00	00	00
9653	0	08	00	00	00	00	00
9654	0	08	00	00	00	00	00
9655	1	08	00	00	00	00	00
9656	5	08	00	00	00	00	00
9657	1	08	00	00	00	00	00
9658	2	08	00	00	00	00	00
9659	2	08	00	00	00	00	00
9660	0	08	00	00	00	00	00
9661	0	08	00	00	00	00	00
9662	0	08	00	00	00	00	00
9663	0	08	00	00	00	00	00
9664	0	08	00	00	00	00	00
9665	1	08	00	00	00	00	00
9666	1	08	00	00	00	00	00
9667	1	08	00	00	00	00	00
9668	0	08	00	00	00	00	00
9669	0	08	00	00	00	00	00
9670	0	08	00	00	00	00	00
9671	0	08	00	00	00	00	00
9672	1	08	00	00	00	00	00
9673	0	08	00	00	00	00	00
9674	1	08	00	00	00	00	00
9675	1	08	00	00	00	00	00
9676	0	08	00	00	00	00	00
9677	1	08	00	00	00	00	00
9678	0	08	00	00	00	00	00
9679	0	08	00	00	00	00	00
9680	1	08	00	00	00	00	00
9681	0	08	00	00	00	00	00
9682	1	08	00	00	00	00	00
9683	1	08	00	00	00	00	00
9684	0	08	00	00	00	00	00
9685	0	08	00	00	00	00	00
9686	0	08	00	00	00	00	00
9687	0	08	00	00	00	00	00
9688	7	08	00	00	00	00	00
9689	0	08	00	00	00	00	00
9690	0	08	00	00	00	00	00
9691	1	08	00	00	00	00	00
9692	0	08	00	00	00	00	00
9693	0	08	00	00	00	00	00
9694	0	08	00	00	00	00	00
9695	1	08	00	00	00	00	00
9696	0	08	00	00	00	00	00
9697	2	08	00	00	00	00	00
9698	1	08	00	00	00	00	00
9699	0	08	00	00	00	00	00
9700	0	08	00	00	00	00	00
9701	0	08	00	00	00	00	00
9702	0	08	00	00	00	00	00
9703	0	08	00	00	00	00	00
9704	0	08	00	00	00	00	00
9705	0	08	00	00	00	00	00
9706	1	08	00	00	00	00	00
9707	0	08	00	00	00	00	00
9708	0	08	00	00	00	00	00
9709	14	08	00	00	00	00	00
9710	7	08	00	00	00	00	00
9711	5	08	00	00	00	00	00
9712	1	08	00	00	00	00	00
9713	0	08	00	00	00	00	00
9714	0	08	00	00	00	00	00
9715	3	08	00	00	00	00	00
9716	17	08	00	00	00	00	00
9717	0	08	00	00	00	00	00
9718	1	08	00	00	00	00	00
9719	0	08	00	00	00	00	00
9720	1	08	00	00	00	00	00
9721	1	08	00	00	00	00	00
9722	1	08	00	00	00	00	00
9723	1	08	00	00	00	00	00
9724	1	08	00	00	00	00	00
9725	0	08	00	00	00	00	00
9726	0	08	00	00	00	00	00
9727	0	08	00	00	00	00	00
9728	0	08	00	00	00	00	00
9729	1	08	00	00	00	00	00
9730	0	08	00	00	00	00	00
9731	3	08	00	00	00	00	00
9732	0	08	00	00	00	00	00
9733	0	08	00	00	00	00	00
9734	0	08	00	00	00	00	00
9735	0	08	00	00	00	00	00
9736	0	08	00	00	00	00	00
9737	1	08	00	00	00	00	00
9738	1	08	00	00	00	00	00
9739	0	08	00	00	00	00	00
9740	0	08	00	00	00	00	00
9741	1	08	00	00	00	00	00
9742	1	08	00	00	00	00	00
9743	0	08	00	00	00	00	00
9744	1	08	00	00	00	00	00
9745	0	08	00	00	00	00	00
9746	4	08	00	00	00	00	00
9747	1	08	00	00	00	00	00
9748	1	08	00	00	00	00	00
9749	0	08	00	00	00	00	00
9750	2	08	00	00	00	00	00
9751	1	08	00	00	00	00	00
9752	0	08	00	00	00	00	00
9753	0	08	00	00	00	00	00
9754	1	08	00	00	00	00	00
9755	17	08	00	00	00	00	00
9756	12	08	00	00	00	00	00
9757	0	08	00	00	00	00	00
9758	1	08	00	00	00	00	00
9759	15	08	00	00	00	00	00
9760	11	08	00	00	00	00	00
9761	0	08	00	00	00	00	00
9762	1	08	00	00	00	00	00
9763	18	08	00	00	00	00	00
9764	0	08	00	00	00	00	00
9765	0	08	00	00	00	00	00
9766	0	08	00	00	00	00	00
9767	1	08	00	00	00	00	00
9768	0	08	00	00	00	00	00
9769	0	08	00	00	00	00	00
9770	1	08	00	00	00	00	00
9771	5	08	00	00	00	00	00
9772	0	08	00	00	00	00	00
9773	4	08	00	00	00	00	00
9774	1	08	00	00	00	00	00
9775	1	08	00	00	00	00	00
9776	1	08	00	00	00	00	00
9777	0	08	00	00	00	00	00
9778	0	08	00	00	00	00	00
9779	0	08	00	00	00	00	00
9780	2	08	00	00	00	00	00
9781	1	08	00	00	00	00	00
9782	0	08	00	00	00	00	00
9783	1	08	00	00	00	00	00
9784	0	08	00	00	00	00	00
9785	3	08	00	00	00	00	00
9786	3	08	00	00	00	00	00
9787	1	08	00	00	00	00	00
9788	0	08	00	00	00	00	00
9789	0	08	00	00	00	00	00
9790	0	08	00	00	00	00	00
9791	1	08	00	00	00	00	00
9792	0	08	00	00	00	00	00
9793	0	08	00	00	00	00	00
9794	0	08	00	00	00	00	00
9795	0	08	00	00	00	00	00
9796	0	08	00	00	00	00	00
9797	0	08	00	00	00	00	00
9798	5	08	00	00	00	00	00
9799	1	08	00	00	00	00	00
9800	1	08	00	00	00	00	00
9801	0	08	00	00	00	00	00
9802	2	08	00	00	00	00	00
9803	0	08	00	00	00	00	00
9804	0	08	00	00	00	00	00
9805	1	08	00	00	00	00	00
9806	2	08	00	00	00	00	00
9807	0	08	00	00	00	00	00
9808	0	08	00	00	00	00	00
9809	0	08	00	00	00	00	00
9810	0	08	00	00	00	00	00
9811	1	08	00	00	00	00	00
9812	1	08	00	00	00	00	00
9813	0	08	00	00	00	00	00
9814	0	08	00	00	00	00	00
9815	0	08	00	00	00	00	00
9816	1	08	00	00	00	00	00
9817	1	08	00	00	00	00	00
9818	0	08	00	00	00	00	00
9819	0	08	00	00	00	00	00
9820	5	08	00	00	00	00	00
9821	0	08	00	00	00	00	00
9822	0	08	00	00	00	00	00
9823	0	08	00	00	00	00	00
9824	0	08	00	00	00	00	00
9825	0	08	00	00	00	00	00
9826	1	08	00	00	00	00	00
9827	0	08	00	00	00	00	00
9828	0	08	00	00	00	00	00
9829	0	08	00	00	00	00	00
9830	0	08	00	00	00	00	00
9831	1	08	00	00	00	00	00
9832	1	08	00	00	00	00	00
9833	1	08	00	00	00	00	00
9834	9	08	00	00	00	00	00
9835	0	08	00	00	00	00	00
9836	0	08	00	00	00	00	00
9837	1	08	00	00	00	00	00
9838	0	08	00	00	00	00	00
9839	22	08	00	00	00	00	00
9840	0	08	00	00	00	00	00
9841	0	08	00	00	00	00	00
9842	1	08	00	00	00	00	00
9843	1	08	00	00	00	00	00
9844	0	08	00	00	00	00	00
9845	1	08	00	00	00	00	00
9846	0	08	00	00	00	00	00
9847	0	08	00	00	00	00	00
9848	0	08	00	00	00	00	00
9849	1	08	00	00	00	00	00
9850	5	08	00	00	00	00	00
9851	0	08	00	00	00	00	00
9852	0	08	00	00	00	00	00
9853	1	08	00	00	00	00	00
9854	6	08	00	00	00	00	00
9855	0	08	00	00	00	00	00
9856	0	08	00	00	00	00	00
9857	1	08	00	00	00	00	00
9858	3	08	00	00	00	00	00
9859	0	08	00	00	00	00	00
9860	1	08	00	00	00	00	00
9861	0	08	00	00	00	00	00
9862	1	08	00	00	00	00	00
9863	0	08	00	00	00	00	00
9864	0	08	00	00	00	00	00
9865	1	08	00	00	00	00	00
9866	7	08	00	00	00	00	00
9867	3	08	00	00	00	00	00
9868	1	08	00	00	00	00	00
9869	0	08	00	00	00	00	00
9870	0	08	00	00	00	00	00
9871	0	08	00	00	00	00	00
9872	0	08	00	00	00	00	00
9873	1	08	00	00	00	00	00
9874	0	08	00	00	00	00	00
9875	26	08	00	00	00	00	00
9876	0	08	00	00	00	00	00
9877	0	08	00	00	00	00	00
9878	1	08	00	00	00	00	00
9879	0	08	00	00	00	00	00
9880	0	08	00	00	00	00	00
9881	0	08	00	00	00	00	00
9882	0	08	00	00	00	00	00
9883	1	08	00	00	00	00	00
9884	0	08	00	00	00	00	00
9885	21	08	00	00	00	00	00
9886	0	08	00	00	00	00	00
9887	1	08	00	00	00	00	00
9888	0	08	00	00	00	00	00
9889	1	08	00	00	00	00	00
9890	0	08	00	00	00	00	00
9891	0	08	00	00	00	00	00
9892	0	08	00	00	00	00	00
9893	6	08	00	00	00	00	00
9894	1	08	00	00	00	00	00
9895	1	08	00	00	00	00	00
9896	0	08	00	00	00	00	00
9897	1	08	00	00	00	00	00
9898	0	08	00	00	00	00	00
9899	0	08	00	00	00	00	00
9900	0	08	00	00	00	00	00
9901	2	08	00	00	00	00	00
9902	0	08	00	00	00	00	00
9903	0	08	00	00	00	00	00
9904	1	08	00	00	00	00	00
9905	2	08	00	00	00	00	00
9906	0	08	00	00	00	00	00
9907	1	08	00	00	00	00	00
9908	0	08	00	00	00	00	00
9909	0	08	00	00	00	00	00
9910	1	08	00	00	00	00	00
9911	1	08	00	00	00	00	00
9912	0	08	00	00	00	00	00
9913	0	08	00	00	00	00	00
9914	1	08	00	00	00	00	00
9915	0	08	00	00	00	00	00
9916	0	08	00	00	00	00	00
9917	0	08	00	00	00	00	00
9918	0	08	00	00	00	00	00
9919	0	08	00	00	00	00	00
9920	0	08	00	00	00	00	00
9921	1	08	00	00	00	00	00
9922	0	08	00	00	00	00	00
9923	0	08	00	00	00	00	00
9924	0	08	00	00	00	00	00
9925	0	08	00	00	00	00	00
9926	0	08	00	00	00	00	00
9927	1	08	00	00	00	00	00
9928	0	08	00	00	00	00	00
9929	0	08	00	00	00	00	00
9930	1	08	00	00	00	00	00
9931	1	08	00	00	00	00	00
9932	0	08	00	00	00	00	00
9933	0	08	00	00	00	00	00
9934	0	08	00	00	00	00	00
9935	1	08	00	00	00	00	00
9936	0	08	00	00	00	00	00
9937	1	08	00	00	00	00	00
9938	0	08	00	00	00	00	00
9939	1	08	00	00	00	00	00
9940	0	08	00	00	00	00	00
9941	0	08	00	00	00	00	00
9942	0	08	00	00	00	00	00
9943	1	08	00	00	00	00	00
9944	1	08	00	00	00	00	00
9945	0	08	00	00	00	00	00
9946	1	08	00	00	00	00	00
9947	2	08	00	00	00	00	00
9948	1	08	00	00	00	00	00
9949	7	08	00	00	00	00	00
9950	1	08	00	00	00	00	00
9951	1	08	00	00	00	00	00
9952	0	08	00	00	00	00	00
9953	0	08	00	00	00	00	00
9954	0	08	00	00	00	00	00
9955	1	08	00	00	00	00	00
9956	0	08	00	00	00	00	00
9957	0	08	00	00	00	00	00
9958	1	08	00	00	00	00	00
9959	17	08	00	00	00	00	00
9960	8	08	00	00	00	00	00
9961	0	08	00	00	00	00	00
9962	0	08	00	00	00	00	00
9963	1	08	00	00	00	00	00
9964	0	08	00	00	00	00	00
9965	5	08	00	00	00	00	00
9966	1	08	00	00	00	00	00
9967	0	08	00	00	00	00	00
9968	0	08	00	00	00	00	00
9969	1	08	00	00	00	00	00
9970	0	08	00	00	00	00	00
9971	0	08	00	00	00	00	00
9972	0	08	00	00	00	00	00
9973	0	08	00	00	00	00	00
9974	1	08	00	00	00	00	00
9975	9	08	00	00	00	00	00
9976	1	08	00	00	00	00	00
9977	0	08	00	00	00	00	00
9978	2	08	00	00	00	00	00
9979	6	08	00	00	00	00	00
9980	0	08	00	00	00	00	00
9981	0	08	00	00	00	00	00
9982	1	08	00	00	00	00	00
9983	0	08	00	00	00	00	00
9984	0	08	00	00	00	00	00
9985	0	08	00	00	00	00	00
9986	1	08	00	00	00	00	00
9987	0	08	00	00	00	00	00
9988	1	08	00	00	00	00	00
9989	16	08	00	00	00	00	00
9990	0	08	00	00	00	00	00
9991	0	08	00	00	00	00	00
9992	0	08	00	00	00	00	00
9993	5	08	00	00	00	00	00
9994	0	08	00	00	00	00	00
9995	0	08	00	00	00	00	00
9996	0	08	00	00	00	00	00
9997	0	08	00	00	00	00	00
9998	0	08	00	00	00	00	00
9999	1	08	00	00	00	00	00
10000	0	08	00	00	00	00	00
10001	0	08	00	00	00	00	00
10002	0	08	00	00	00	00	00
10003	0	08	00	00	00	00	00
10004	0	08	00	00	00	00	00
10005	17	08	00	00	00	00	00
10006	0	08	00	00	00	00	00
10007	7	08	00	00	00	00	00
10008	0	08	00	00	00	00	00
10009	0	08	00	00	00	00	00
10010	0	08	00	00	00	00	00
10011	1	08	00	00	00	00	00
10012	1	08	00	00	00	00	00
10013	0	08	00	00	00	00	00
10014	0	08	00	00	00	00	00
10015	0	08	00	00	00	00	00
10016	1	08	00	00	00	00	00
10017	0	08	00	00	00	00	00
10018	0	08	00	00	00	00	00
10019	0	08	00	00	00	00	00
10020	5	08	00	00	00	00	00
10021	0	08	00	00	00	00	00
10022	0	08	00	00	00	00	00
10023	2	08	00	00	00	00	00
10024	1	08	00	00	00	00	00
10025	0	08	00	00	00	00	00
10026	0	08	00	00	00	00	00
10027	0	08	00	00	00	00	00
10028	10	08	00	00	00	00	00
10029	0	08	00	00	00	00	00
10030	0	08	00	00	00	00	00
10031	1	08	00	00	00	00	00
10032	17	08	00	00	00	00	00
10033	12	08	00	00	00	00	00
10034	12	08	00	00	00	00	00
10035	0	08	00	00	00	00	00
10036	1	08	00	00	00	00	00
10037	0	08	00	00	00	00	00
10038	14	08	00	00	00	00	00
10039	0	08	00	00	00	00	00
10040	1	08	00	00	00	00	00
10041	0	08	00	00	00	00	00
10042	0	08	00	00	00	00	00
10043	0	08	00	00	00	00	00
10044	1	08	00	00	00	00	00
10045	1	08	00	00	00	00	00
10046	0	08	00	00	00	00	00
10047	0	08	00	00	00	00	00
10048	1	08	00	00	00	00	00
10049	1	08	00	00	00	00	00
10050	0	08	00	00	00	00	00
10051	0	08	00	00	00	00	00
10052	0	08	00	00	00	00	00
10053	0	08	00	00	00	00	00
10054	0	08	00	00	00	00	00
10055	0	08	00	00	00	00	00
10056	0	08	00	00	00	00	00
10057	7	08	00	00	00	00	00
10058	1	08	00	00	00	00	00
10059	1	08	00	00	00	00	00
10060	0	08	00	00	00	00	00
10061	0	08	00	00	00	00	00
10062	1	08	00	00	00	00	00
10063	0	08	00	00	00	00	00
10064	0	08	00	00	00	00	00
10065	7	08	00	00	00	00	00
10066	0	08	00	00	00	00	00
10067	0	08	00	00	00	00	00
10068	0	08	00	00	00	00	00
10069	1	08	00	00	00	00	00
10070	0	08	00	00	00	00	00
10071	0	08	00	00	00	00	00
10072	0	08	00	00	00	00	00
10073	0	08	00	00	00	00	00
10074	8	08	00	00	00	00	00
10075	0	08	00	00	00	00	00
10076	1	08	00	00	00	00	00
10077	1	08	00	00	00	00	00
10078	0	08	00	00	00	00	00
10079	0	08	00	00	00	00	00
10080	0	08	00	00	00	00	00
10081	0	08	00	00	00	00	00
10082	1	08	00	00	00	00	00
10083	1	08	00	00	00	00	00
10084	0	08	00	00	00	00	00
10085	1	08	00	00	00	00	00
10086	1	08	00	00	00	00	00
10087	0	08	00	00	00	00	00
10088	0	08	00	00	00	00	00
10089	0	08	00	00	00	00	00
10090	6	08	00	00	00	00	00
10091	0	08	00	00	00	00	00
10092	1	08	00	00	00	00	00
10093	1	08	00	00	00	00	00
10094	0	08	00	00	00	00	00
10095	0	08	00	00	00	00	00
10096	0	08	00	00	00	00	00
10097	1	08	00	00	00	00	00
10098	0	08	00	00	00	00	00
10099	0	08	00	00	00	00	00
10100	0	08	00	00	00	00	00
10101	5	08	00	00	00	00	00
10102	0	08	00	00	00	00	00
10103	0	08	00	00	00	00	00
10104	1	08	00	00	00	00	00
10105	0	08	00	00	00	00	00
10106	2	08	00	00	00	00	00
10107	0	08	00	00	00	00	00
10108	1	08	00	00	00	00	00
10109	0	08	00	00	00	00	00
10110	0	08	00	00	00	00	00
10111	6	08	00	00	00	00	00
10112	0	08	00	00	00	00	00
10113	0	08	00	00	00	00	00
10114	1	08	00	00	00	00	00
10115	1	08	00	00	00	00	00
10116	0	08	00	00	00	00	00
10117	0	08	00	00	00	00	00
10118	0	08	00	00	00	00	00
10119	2	08	00	00	00	00	00
10120	0	08	00	00	00	00	00
10121	0	08	00	00	00	00	00
10122	0	08	00	00	00	00	00
10123	0	08	00	00	00	00	00
10124	0	08	00	00	00	00	00
10125	1	08	00	00	00	00	00
10126	1	08	00	00	00	00	00
10127	0	08	00	00	00	00	00
10128	0	08	00	00	00	00	00
10129	1	08	00	00	00	00	00
10130	0	08	00	00	00	00	00
10131	1	08	00	00	00	00	00
10132	7	08	00	00	00	00	00
10133	1	08	00	00	00	00	00
10134	0	08	00	00	00	00	00
10135	0	08	00	00	00	00	00
10136	0	08	00	00	00	00	00
10137	0	08	00	00	00	00	00
10138	2	08	00	00	00	00	00
10139	1	08	00	00	00	00	00
10140	1	08	00	00	00	00	00
10141	0	08	00	00	00	00	00
10142	0	08	00	00	00	00	00
10143	0	08	00	00	00	00	00
10144	0	08	00	00	00	00	00
10145	0	08	00	00	00	00	00
10146	0	08	00	00	00	00	00
10147	1	08	00	00	00	00	00
10148	0	08	00	00	00	00	00
10149	0	08	00	00	00	00	00
10150	1	08	00	00	00	00	00
10151	0	08	00	00	00	00	00
10152	0	08	00	00	00	00	00
10153	0	08	00	00	00	00	00
10154	0	08	00	00	00	00	00
10155	0	08	00	00	00	00	00
10156	0	08	00	00	00	00	00
10157	1	08	00	00	00	00	00
10158	0	08	00	00	00	00	00
10159	0	08	00	00	00	00	00
10160	10	08	00	00	00	00	00
10161	0	08	00	00	00	00	00
10162	0	08	00	00	00	00	00
10163	0	08	00	00	00	00	00
10164	0	08	00	00	00	00	00
10165	0	08	00	00	00	00	00
10166	0	08	00	00	00	00	00
10167	0	08	00	00	00	00	00
10168	0	08	00	00	00	00	00
10169	0	08	00	00	00	00	00
10170	0	08	00	00	00	00	00
10171	0	08	00	00	00	00	00
10172	0	08	00	00	00	00	00
10173	0	08	00	00	00	00	00
10174	1	08	00	00	00	00	00
10175	0	08	00	00	00	00	00
10176	0	08	00	00	00	00	00
10177	0	08	00	00	00	00	00
10178	0	08	00	00	00	00	00
10179	0	08	00	00	00	00	00
10180	1	08	00	00	00	00	00
10181	0	08	00	00	00	00	00
10182	0	08	00	00	00	00	00
10183	0	08	00	00	00	00	00
10184	0	08	00	00	00	00	00
10185	0	08	00	00	00	00	00
10186	0	08	00	00	00	00	00
10187	26	08	00	00	00	00	00
10188	0	08	00	00	00	00	00
10189	0	08	00	00	00	00	00
10190	1	08	00	00	00	00	00
10191	0	08	00	00	00	00	00
10192	0	08	00	00	00	00	00
10193	0	08	00	00	00	00	00
10194	1	08	00	00	00	00	00
10195	0	08	00	00	00	00	00
10196	0	08	00	00	00	00	00
10197	0	08	00	00	00	00	00
10198	1	08	00	00	00	00	00
10199	2	08	00	00	00	00	00
10200	0	08	00	00	00	00	00
10201	0	08	00	00	00	00	00
10202	0	08	00	00	00	00	00
10203	1	08	00	00	00	00	00
10204	6	08	00	00	00	00	00
10205	0	08	00	00	00	00	00
10206	0	08	00	00	00	00	00
10207	0	08	00	00	00	00	00
10208	1	08	00	00	00	00	00
10209	1	08	00	00	00	00	00
10210	0	08	00	00	00	00	00
10211	0	08	00	00	00	00	00
10212	0	08	00	00	00	00	00
10213	0	08	00	00	00	00	00
10214	0	08	00	00	00	00	00
10215	1	08	00	00	00	00	00
10216	0	08	00	00	00	00	00
10217	0	08	00	00	00	00	00
10218	9	08	00	00	00	00	00
10219	0	08	00	00	00	00	00
10220	6	08	00	00	00	00	00
10221	0	08	00	00	00	00	00
10222	1	08	00	00	00	00	00
10223	1	08	00	00	00	00	00
10224	0	08	00	00	00	00	00
10225	0	08	00	00	00	00	00
10226	1	08	00	00	00	00	00
10227	1	08	00	00	00	00	00
10228	0	08	00	00	00	00	00
10229	0	08	00	00	00	00	00
10230	0	08	00	00	00	00	00
10231	0	08	00	00	00	00	00
10232	1	08	00	00	00	00	00
10233	0	08	00	00	00	00	00
10234	0	08	00	00	00	00	00
10235	1	08	00	00	00	00	00
10236	1	08	00	00	00	00	00
10237	0	08	00	00	00	00	00
10238	1	08	00	00	00	00	00
10239	0	08	00	00	00	00	00
10240	0	08	00	00	00	00	00
10241	0	08	00	00	00	00	00
10242	0	08	00	00	00	00	00
10243	1	08	00	00	00	00	00
10244	0	08	00	00	00	00	00
10245	0	08	00	00	00	00	00
10246	0	08	00	00	00	00	00
10247	1	08	00	00	00	00	00
10248	0	08	00	00	00	00	00
10249	1	08	00	00	00	00	00
10250	1	08	00	00	00	00	00
10251	1	08	00	00	00	00	00
10252	0	08	00	00	00	00	00
10253	0	08	00	00	00	00	00
10254	1	08	00	00	00	00	00
10255	1	08	00	00	00	00	00
10256	0	08	00	00	00	00	00
10257	0	08	00	00	00	00	00
10258	0	08	00	00	00	00	00
10259	1	08	00	00	00	00	00
10260	0	08	00	00	00	00	00
10261	0	08	00	00	00	00	00
10262	1	08	00	00	00	00	00
10263	2	08	00	00	00	00	00
10264	1	08	00	00	00	00	00
10265	2	08	00	00	00	00	00
10266	0	08	00	00	00	00	00
10267	1	08	00	00	00	00	00
10268	0	08	00	00	00	00	00
10269	1	08	00	00	00	00	00
10270	0	08	00	00	00	00	00
10271	0	08	00	00	00	00	00
10272	0	08	00	00	00	00	00
10273	0	08	00	00	00	00	00
10274	1	08	00	00	00	00	00
10275	0	08	00	00	00	00	00
10276	0	08	00	00	00	00	00
10277	1	08	00	00	00	00	00
10278	6	08	00	00	00	00	00
10279	3	08	00	00	00	00	00
10280	0	08	00	00	00	00	00
10281	0	08	00	00	00	00	00
10282	1	08	00	00	00	00	00
10283	2	08	00	00	00	00	00
10284	0	08	00	00	00	00	00
10285	1	08	00	00	00	00	00
10286	0	08	00	00	00	00	00
10287	1	08	00	00	00	00	00
10288	1	08	00	00	00	00	00
10289	1	08	00	00	00	00	00
10290	0	08	00	00	00	00	00
10291	1	08	00	00	00	00	00
10292	1	08	00	00	00	00	00
10293	0	08	00	00	00	00	00
10294	18	08	00	00	00	00	00
10295	0	08	00	00	00	00	00
10296	0	08	00	00	00	00	00
10297	0	08	00	00	00	00	00
10298	0	08	00	00	00	00	00
10299	0	08	00	00	00	00	00
10300	0	08	00	00	00	00	00
10301	0	08	00	00	00	00	00
10302	0	08	00	00	00	00	00
10303	1	08	00	00	00	00	00
10304	1	08	00	00	00	00	00
10305	0	08	00	00	00	00	00
10306	0	08	00	00	00	00	00
10307	0	08	00	00	00	00	00
10308	15	08	00	00	00	00	00
10309	8	08	00	00	00	00	00
10310	0	08	00	00	00	00	00
10311	1	08	00	00	00	00	00
10312	0	08	00	00	00	00	00
10313	1	08	00	00	00	00	00
10314	6	08	00	00	00	00	00
10315	0	08	00	00	00	00	00
10316	0	08	00	00	00	00	00
10317	1	08	00	00	00	00	00
10318	0	08	00	00	00	00	00
10319	0	08	00	00	00	00	00
10320	9	08	00	00	00	00	00
10321	0	08	00	00	00	00	00
10322	1	08	00	00	00	00	00
10323	0	08	00	00	00	00	00
10324	1	08	00	00	00	00	00
10325	0	08	00	00	00	00	00
10326	0	08	00	00	00	00	00
10327	6	08	00	00	00	00	00
10328	0	08	00	00	00	00	00
10329	0	08	00	00	00	00	00
10330	17	08	00	00	00	00	00
10331	0	08	00	00	00	00	00
10332	1	08	00	00	00	00	00
10333	0	08	00	00	00	00	00
10334	0	08	00	00	00	00	00
10335	1	08	00	00	00	00	00
10336	0	08	00	00	00	00	00
10337	0	08	00	00	00	00	00
10338	0	08	00	00	00	00	00
10339	14	08	00	00	00	00	00
10340	0	08	00	00	00	00	00
10341	2	08	00	00	00	00	00
10342	0	08	00	00	00	00	00
10343	1	08	00	00	00	00	00
10344	0	08	00	00	00	00	00
10345	0	08	00	00	00	00	00
10346	0	08	00	00	00	00	00
10347	0	08	00	00	00	00	00
10348	0	08	00	00	00	00	00
10349	0	08	00	00	00	00	00
10350	2	08	00	00	00	00	00
10351	1	08	00	00	00	00	00
10352	0	08	00	00	00	00	00
10353	1	08	00	00	00	00	00
10354	0	08	00	00	00	00	00
10355	1	08	00	00	00	00	00
10356	1	08	00	00	00	00	00
10357	0	08	00	00	00	00	00
10358	1	08	00	00	00	00	00
10359	0	08	00	00	00	00	00
10360	0	08	00	00	00	00	00
10361	0	08	00	00	00	00	00
10362	0	08	00	00	00	00	00
10363	1	08	00	00	00	00	00
10364	0	08	00	00	00	00	00
10365	0	08	00	00	00	00	00
10366	1	08	00	00	00	00	00
10367	0	08	00	00	00	00	00
10368	1	08	00	00	00	00	00
10369	0	08	00	00	00	00	00
10370	0	08	00	00	00	00	00
10371	0	08	00	00	00	00	00
10372	1	08	00	00	00	00	00
10373	0	08	00	00	00	00	00
10374	0	08	00	00	00	00	00
10375	0	08	00	00	00	00	00
10376	0	08	00	00	00	00	00
10377	1	08	00	00	00	00	00
10378	0	08	00	00	00	00	00
10379	0	08	00	00	00	00	00
10380	0	08	00	00	00	00	00
10381	0	08	00	00	00	00	00
10382	10	08	00	00	00	00	00
10383	0	08	00	00	00	00	00
10384	1	08	00	00	00	00	00
10385	0	08	00	00	00	00	00
10386	0	08	00	00	00	00	00
10387	1	08	00	00	00	00	00
10388	1	08	00	00	00	00	00
10389	0	08	00	00	00	00	00
10390	0	08	00	00	00	00	00
10391	0	08	00	00	00	00	00
10392	0	08	00	00	00	00	00
10393	0	08	00	00	00	00	00
10394	0	08	00	00	00	00	00
10395	0	08	00	00	00	00	00
10396	5	08	00	00	00	00	00
10397	0	08	00	00	00	00	00
10398	0	08	00	00	00	00	00
10399	0	08	00	00	00	00	00
10400	0	08	00	00	00	00	00
10401	1	08	00	00	00	00	00
10402	1	08	00	00	00	00	00
10403	0	08	00	00	00	00	00
10404	0	08	00	00	00	00	00
10405	0	08	00	00	00	00	00
10406	0	08	00	00	00	00	00
10407	1	08	00	00	00	00	00
10408	0	08	00	00	00	00	00
10409	0	08	00	00	00	00	00
10410	11	08	00	00	00	00	00
10411	0	08	00	00	00	00	00
10412	1	08	00	00	00	00	00
10413	0	08	00	00	00	00	00
10414	12	08	00	00	00	00	00
10415	0	08	00	00	00	00	00
10416	3	08	00	00	00	00	00
10417	0	08	00	00	00	00	00
10418	0	08	00	00	00	00	00
10419	0	08	00	00	00	00	00
10420	0	08	00	00	00	00	00
10421	0	08	00	00	00	00	00
10422	0	08	00	00	00	00	00
10423	0	08	00	00	00	00	00
10424	2	08	00	00	00	00	00
10425	0	08	00	00	00	00	00
10426	1	08	00	00	00	00	00
10427	1	08	00	00	00	00	00
10428	0	08	00	00	00	00	00
10429	1	08	00	00	00	00	00
10430	12	08	00	00	00	00	00
10431	0	08	00	00	00	00	00
10432	0	08	00	00	00	00	00
10433	0	08	00	00	00	00	00
10434	0	08	00	00	00	00	00
10435	1	08	00	00	00	00	00
10436	0	08	00	00	00	00	00
10437	0	08	00	00	00	00	00
10438	1	08	00	00	00	00	00
10439	0	08	00	00	00	00	00
10440	0	08	00	00	00	00	00
10441	0	08	00	00	00	00	00
10442	0	08	00	00	00	00	00
10443	0	08	00	00	00	00	00
10444	0	08	00	00	00	00	00
10445	1	08	00	00	00	00	00
10446	0	08	00	00	00	00	00
10447	0	08	00	00	00	00	00
10448	0	08	00	00	00	00	00
10449	1	08	00	00	00	00	00
10450	0	08	00	00	00	00	00
10451	0	08	00	00	00	00	00
10452	0	08	00	00	00	00	00
10453	1	08	00	00	00	00	00
10454	0	08	00	00	00	00	00
10455	0	08	00	00	00	00	00
10456	1	08	00	00	00	00	00
10457	0	08	00	00	00	00	00
10458	3	08	00	00	00	00	00
10459	1	08	00	00	00	00	00
10460	0	08	00	00	00	00	00
10461	0	08	00	00	00	00	00
10462	0	08	00	00	00	00	00
10463	0	08	00	00	00	00	00
10464	1	08	00	00	00	00	00
10465	0	08	00	00	00	00	00
10466	0	08	00	00	00	00	00
10467	1	08	00	00	00	00	00
10468	0	08	00	00	00	00	00
10469	0	08	00	00	00	00	00
10470	0	08	00	00	00	00	00
10471	0	08	00	00	00	00	00
10472	0	08	00	00	00	00	00
10473	0	08	00	00	00	00	00
10474	0	08	00	00	00	00	00
10475	0	08	00	00	00	00	00
10476	1	08	00	00	00	00	00
10477	0	08	00	00	00	00	00
10478	1	08	00	00	00	00	00
10479	1	08	00	00	00	00	00
10480	13	08	00	00	00	00	00
10481	0	08	00	00	00	00	00
10482	0	08	00	00	00	00	00
10483	0	08	00	00	00	00	00
10484	0	08	00	00	00	00	00
10485	1	08	00	00	00	00	00
10486	0	08	00	00	00	00	00
10487	1	08	00	00	00	00	00
10488	1	08	00	00	00	00	00
10489	1	08	00	00	00	00	00
10490	0	08	00	00	00	00	00
10491	1	08	00	00	00	00	00
10492	0	08	00	00	00	00	00
10493	1	08	00	00	00	00	00
10494	0	08	00	00	00	00	00
10495	0	08	00	00	00	00	00
10496	1	08	00	00	00	00	00
10497	13	08	00	00	00	00	00
10498	0	08	00	00	00	00	00
10499	1	08	00	00	00	00	00
10500	0	08	00	00	00	00	00
