2026-09-20 18:15:23 normalization launched pid=6960
2026-09-20 18:15:36 normalization-cold-check launched pid=4004
2026-09-20 18:15:43 normalization complete changed_bytes=20961
2026-09-20 18:15:46 batch 1-25/3217 launched pid=1856
2026-09-20 18:16:58 saved 10/3217 field=M14/chapter/009/initial_victory status=saved
2026-09-20 18:18:14 saved 20/3217 field=M14/chapter/019/initial_victory status=saved
2026-09-20 18:18:51 saved 25/3217 field=M14/chapter/024/initial_victory status=saved
2026-09-20 18:18:56 batch 26-30/3217 launched pid=14812
2026-09-20 18:19:33 saved 30/3217 field=M14/chapter/029/initial_victory status=saved
2026-09-20 18:21:19 collector retry=1 cursor=30 error=PermissionError: [WinError 5] 拒绝访问。: 'D:\\GIT\\mmc3\\output\\verification\\legacy-m14-all-fields-20260920\\reference-runtime\\SRW2_patched.exe'
2026-09-20 18:21:19 collector retry=2 cursor=30 error=PermissionError: [WinError 5] 拒绝访问。: 'D:\\GIT\\mmc3\\output\\verification\\legacy-m14-all-fields-20260920\\reference-runtime\\SRW2_patched.exe'
2026-09-20 18:21:19 collector retry=3 cursor=30 error=PermissionError: [WinError 5] 拒绝访问。: 'D:\\GIT\\mmc3\\output\\verification\\legacy-m14-all-fields-20260920\\reference-runtime\\SRW2_patched.exe'
2026-09-20 18:22:24 batch-stability launched pid=14904
2026-09-20 18:23:42 inplace-save launched pid=13616
2026-09-20 18:23:59 inplace-save-cold launched pid=16176
2026-09-20 18:25:22 inplace-save launched pid=3796
2026-09-20 18:25:42 inplace-save-cold launched pid=2468
2026-09-20 18:26:22 inplace-save launched pid=580
2026-09-20 18:26:43 inplace-save-cold launched pid=16844
2026-09-20 18:27:37 batch-stability launched pid=13540
2026-09-20 18:28:37 batch 31-280/3217 launched pid=15268
2026-09-20 18:29:26 saved 40/3217 field=M14/surrender/007/chapter status=saved
2026-09-20 18:33:36 batch 48-57/3217 launched pid=17172
2026-09-20 18:33:54 saved 50/3217 field=M14/surrender/017/chapter status=saved
2026-09-20 18:34:33 saved 57/3217 field=M14/surrender/024/chapter status=saved
2026-09-20 18:34:38 batch 58-67/3217 launched pid=15144
2026-09-20 18:36:53 batch 58-67/3217 launched pid=8860
2026-09-20 18:37:17 saved 60/3217 field=M14/surrender/027/chapter status=saved
2026-09-20 18:38:07 saved 67/3217 field=M14/surrender/002/ally status=saved
2026-09-20 18:38:16 batch 68-77/3217 launched pid=16488
2026-09-20 18:38:40 saved 70/3217 field=M14/surrender/005/ally status=saved
2026-09-20 18:39:28 saved 77/3217 field=M14/surrender/012/ally status=saved
2026-09-20 18:39:37 batch 78-87/3217 launched pid=5748
2026-09-20 18:40:02 saved 80/3217 field=M14/surrender/015/ally status=saved
2026-09-20 18:40:51 saved 87/3217 field=M14/surrender/022/ally status=saved
2026-09-20 18:41:00 batch 88-97/3217 launched pid=12360
2026-09-20 18:41:24 saved 90/3217 field=M14/surrender/025/ally status=saved
2026-09-20 18:42:15 saved 97/3217 field=M14/surrender/000/enemy status=saved
2026-09-20 18:42:25 batch 98-107/3217 launched pid=4412
2026-09-20 18:42:55 collector retry=1 cursor=97 error=RuntimeError: Legacy window did not appear before timeout (pid=4412; seen=['NativeHWNDHost:Mode Indicator', 'CPPToolTip:', 'WTWindow:', '_EL_HideOwner:', 'ComboLBox:', 'Afx:400000:0:10003:0:0:', 'tooltips_class32:', 'MSCTFIME UI:M', 'IME:Default IME', 'NativeHWNDHost:'])
2026-09-20 18:43:00 batch 100-109/3217 launched pid=12736
2026-09-20 18:43:08 saved 100/3217 field=M14/surrender/003/enemy status=saved
2026-09-20 18:43:59 saved 109/3217 field=M14/surrender/012/enemy status=saved
2026-09-20 18:44:08 batch 110-119/3217 launched pid=14816
2026-09-20 18:44:16 saved 110/3217 field=M14/surrender/013/enemy status=saved
2026-09-20 18:45:08 saved 119/3217 field=M14/surrender/022/enemy status=saved
2026-09-20 18:45:17 batch 120-129/3217 launched pid=12984
2026-09-20 18:45:25 saved 120/3217 field=M14/surrender/023/enemy status=saved
2026-09-20 18:49:04 batch 123-132/3217 launched pid=15356
2026-09-20 18:49:43 saved 130/3217 field=M14/story/02/001 status=saved
2026-09-20 18:49:51 saved 132/3217 field=M14/story/02/003 status=saved
2026-09-20 18:49:59 batch 133-142/3217 launched pid=17836
2026-09-20 18:50:35 saved 140/3217 field=M14/story/02/011 status=saved
2026-09-20 18:50:44 saved 142/3217 field=M14/story/02/013 status=saved
2026-09-20 18:50:51 batch 143-152/3217 launched pid=5892
2026-09-20 18:51:07 collector retry=1 cursor=142 error=RuntimeError: M14 editor did not close after commit
2026-09-20 18:51:10 batch 143-152/3217 launched pid=16844
2026-09-20 18:53:41 batch 144-153/3217 launched pid=8368
2026-09-20 18:54:14 saved 150/3217 field=M14/story/02/021 status=saved
2026-09-20 18:54:28 saved 153/3217 field=M14/story/02/024 status=saved
2026-09-20 18:54:36 batch 154-163/3217 launched pid=6184
2026-09-20 18:55:11 saved 160/3217 field=M14/story/02/031 status=saved
2026-09-20 18:55:24 saved 163/3217 field=M14/story/02/034 status=saved
2026-09-20 18:55:32 batch 164-173/3217 launched pid=8472
2026-09-20 18:56:06 saved 170/3217 field=M14/story/02/041 status=saved
2026-09-20 18:56:21 saved 173/3217 field=M14/story/02/044 status=saved
2026-09-20 18:56:28 batch 174-183/3217 launched pid=5352
2026-09-20 18:57:33 collector retry=1 cursor=173 error=RuntimeError: Legacy window did not appear before timeout (pid=5352; seen=[])
2026-09-20 18:57:37 batch 180-189/3217 launched pid=10036
2026-09-20 18:57:42 saved 180/3217 field=M14/story/02/051 status=saved
2026-09-20 18:58:22 saved 189/3217 field=M14/story/02/060 status=saved
2026-09-20 18:58:30 batch 190-199/3217 launched pid=9584
2026-09-20 18:58:36 saved 190/3217 field=M14/story/02/061 status=saved
2026-09-20 18:59:15 saved 199/3217 field=M14/story/02/070 status=saved
2026-09-20 18:59:23 batch 200-209/3217 launched pid=18020
2026-09-20 18:59:29 saved 200/3217 field=M14/story/02/071 status=saved
2026-09-20 19:00:08 saved 209/3217 field=M14/story/02/080 status=saved
2026-09-20 19:00:16 batch 210-219/3217 launched pid=14924
2026-09-20 19:00:22 saved 210/3217 field=M14/story/02/081 status=saved
2026-09-20 19:02:59 batch 214-223/3217 launched pid=11036
2026-09-20 19:03:33 saved 220/3217 field=M14/story/02/091 status=saved
2026-09-20 19:03:47 saved 223/3217 field=M14/story/02/094 status=saved
2026-09-20 19:03:55 batch 224-233/3217 launched pid=13892
2026-09-20 19:04:29 saved 230/3217 field=M14/story/02/101 status=saved
2026-09-20 19:04:43 saved 233/3217 field=M14/story/02/104 status=saved
2026-09-20 19:04:51 batch 234-243/3217 launched pid=12836
2026-09-20 19:07:06 batch 240-249/3217 launched pid=18204
2026-09-20 19:07:12 saved 240/3217 field=M14/story/02/111 status=saved
2026-09-20 19:07:53 saved 249/3217 field=M14/story/02/120 status=saved
2026-09-20 19:08:01 batch 250-259/3217 launched pid=11052
2026-09-20 19:08:07 saved 250/3217 field=M14/story/02/121 status=saved
2026-09-20 19:08:48 saved 259/3217 field=M14/story/02/130 status=saved
2026-09-20 19:08:56 batch 260-269/3217 launched pid=13216
2026-09-20 19:09:01 saved 260/3217 field=M14/story/02/131 status=saved
2026-09-20 19:09:42 saved 269/3217 field=M14/story/02/140 status=saved
2026-09-20 19:09:50 batch 270-279/3217 launched pid=11164
2026-09-20 19:11:03 batch 270-279/3217 launched pid=12220
2026-09-20 19:11:08 saved 270/3217 field=M14/story/02/141 status=saved
2026-09-20 19:11:49 saved 279/3217 field=M14/story/02/150 status=saved
2026-09-20 19:11:57 batch 280-289/3217 launched pid=11164
2026-09-20 19:12:03 saved 280/3217 field=M14/story/02/151 status=saved
2026-09-20 19:12:44 saved 289/3217 field=M14/story/02/160 status=saved
2026-09-20 19:12:52 batch 290-299/3217 launched pid=11572
2026-09-20 19:12:57 saved 290/3217 field=M14/story/02/161 status=saved
2026-09-20 19:13:38 saved 299/3217 field=M14/story/02/170 status=saved
2026-09-20 19:13:46 batch 300-309/3217 launched pid=9428
2026-09-20 19:13:52 saved 300/3217 field=M14/story/02/171 status=saved
2026-09-20 19:14:32 saved 309/3217 field=M14/story/02/180 status=saved
2026-09-20 19:14:40 batch 310-319/3217 launched pid=11736
2026-09-20 19:14:46 saved 310/3217 field=M14/story/02/181 status=saved
2026-09-20 19:15:26 saved 319/3217 field=M14/story/02/190 status=saved
2026-09-20 19:15:35 batch 320-329/3217 launched pid=12704
2026-09-20 19:15:41 saved 320/3217 field=M14/story/02/191 status=saved
2026-09-20 19:16:22 saved 329/3217 field=M14/story/02/200 status=saved
2026-09-20 19:16:29 batch 330-339/3217 launched pid=10652
2026-09-20 19:16:35 saved 330/3217 field=M14/story/02/201 status=saved
2026-09-20 19:17:59 batch 334-343/3217 launched pid=5808
2026-09-20 19:18:32 saved 340/3217 field=M14/story/02/211 status=saved
2026-09-20 19:18:45 saved 343/3217 field=M14/story/02/214 status=saved
2026-09-20 19:18:53 batch 344-353/3217 launched pid=1120
2026-09-20 19:19:26 saved 350/3217 field=M14/story/02/221 status=saved
2026-09-20 19:19:40 saved 353/3217 field=M14/story/02/224 status=saved
2026-09-20 19:19:48 batch 354-363/3217 launched pid=17268
2026-09-20 19:21:15 batch 358-367/3217 launched pid=15004
2026-09-20 19:21:30 saved 360/3217 field=M14/story/02/231 status=saved
2026-09-20 19:22:02 saved 367/3217 field=M14/story/02/238 status=saved
2026-09-20 19:22:10 batch 368-377/3217 launched pid=5240
2026-09-20 19:22:24 saved 370/3217 field=M14/story/02/241 status=saved
2026-09-20 19:22:56 saved 377/3217 field=M14/story/02/248 status=saved
2026-09-20 19:23:05 batch 378-387/3217 launched pid=1700
2026-09-20 19:23:20 saved 380/3217 field=M14/story/02/251 status=saved
2026-09-20 19:23:52 saved 387/3217 field=M14/story/03/003 status=saved
2026-09-20 19:23:59 batch 388-397/3217 launched pid=12744
2026-09-20 19:24:14 saved 390/3217 field=M14/story/03/006 status=saved
2026-09-20 19:24:46 saved 397/3217 field=M14/story/03/013 status=saved
2026-09-20 19:24:54 batch 398-407/3217 launched pid=17012
2026-09-20 19:25:09 saved 400/3217 field=M14/story/03/016 status=saved
2026-09-20 19:26:32 batch 404-413/3217 launched pid=8696
2026-09-20 19:27:06 saved 410/3217 field=M14/story/03/026 status=saved
2026-09-20 19:27:21 saved 413/3217 field=M14/story/03/029 status=saved
2026-09-20 19:27:29 batch 414-423/3217 launched pid=11980
2026-09-20 19:28:03 saved 420/3217 field=M14/story/03/036 status=saved
2026-09-20 19:28:18 saved 423/3217 field=M14/story/03/039 status=saved
2026-09-20 19:28:26 batch 424-433/3217 launched pid=9428
2026-09-20 19:29:01 saved 430/3217 field=M14/story/03/046 status=saved
2026-09-20 19:29:15 saved 433/3217 field=M14/story/03/049 status=saved
2026-09-20 19:29:23 batch 434-443/3217 launched pid=6132
2026-09-20 19:29:57 saved 440/3217 field=M14/story/03/056 status=saved
2026-09-20 19:30:10 saved 443/3217 field=M14/story/03/059 status=saved
2026-09-20 19:30:18 batch 444-453/3217 launched pid=6460
2026-09-20 19:30:35 batch 444-453/3217 launched pid=15128
2026-09-20 19:31:08 saved 450/3217 field=M14/story/03/066 status=saved
2026-09-20 19:31:21 saved 453/3217 field=M14/story/03/069 status=saved
2026-09-20 19:31:29 batch 454-463/3217 launched pid=2128
2026-09-20 19:32:02 saved 460/3217 field=M14/story/03/076 status=saved
2026-09-20 19:32:16 saved 463/3217 field=M14/story/03/079 status=saved
2026-09-20 19:32:31 collector retry=1 cursor=463 error=PermissionError: [WinError 5] 拒绝访问。: 'D:\\GIT\\mmc3\\output\\verification\\legacy-m14-all-fields-20260920\\reference-runtime\\SRW2_patched.exe'
2026-09-20 19:32:33 collector retry=2 cursor=463 error=PermissionError: [WinError 5] 拒绝访问。: 'D:\\GIT\\mmc3\\output\\verification\\legacy-m14-all-fields-20260920\\reference-runtime\\SRW2_patched.exe'
2026-09-20 19:32:34 collector retry=3 cursor=463 error=PermissionError: [WinError 5] 拒绝访问。: 'D:\\GIT\\mmc3\\output\\verification\\legacy-m14-all-fields-20260920\\reference-runtime\\SRW2_patched.exe'
2026-09-20 19:32:49 collector retry=1 cursor=463 error=PermissionError: [WinError 5] 拒绝访问。: 'D:\\GIT\\mmc3\\output\\verification\\legacy-m14-all-fields-20260920\\reference-runtime\\SRW2_patched.exe'
2026-09-20 19:32:51 collector retry=2 cursor=463 error=PermissionError: [WinError 5] 拒绝访问。: 'D:\\GIT\\mmc3\\output\\verification\\legacy-m14-all-fields-20260920\\reference-runtime\\SRW2_patched.exe'
2026-09-20 19:32:52 collector retry=3 cursor=463 error=PermissionError: [WinError 5] 拒绝访问。: 'D:\\GIT\\mmc3\\output\\verification\\legacy-m14-all-fields-20260920\\reference-runtime\\SRW2_patched.exe'
2026-09-20 19:33:07 collector retry=1 cursor=463 error=PermissionError: [WinError 5] 拒绝访问。: 'D:\\GIT\\mmc3\\output\\verification\\legacy-m14-all-fields-20260920\\reference-runtime\\SRW2_patched.exe'
2026-09-20 19:33:09 collector retry=2 cursor=463 error=PermissionError: [WinError 5] 拒绝访问。: 'D:\\GIT\\mmc3\\output\\verification\\legacy-m14-all-fields-20260920\\reference-runtime\\SRW2_patched.exe'
2026-09-20 19:33:10 collector retry=3 cursor=463 error=PermissionError: [WinError 5] 拒绝访问。: 'D:\\GIT\\mmc3\\output\\verification\\legacy-m14-all-fields-20260920\\reference-runtime\\SRW2_patched.exe'
2026-09-20 19:33:25 collector retry=1 cursor=463 error=PermissionError: [WinError 5] 拒绝访问。: 'D:\\GIT\\mmc3\\output\\verification\\legacy-m14-all-fields-20260920\\reference-runtime\\SRW2_patched.exe'
2026-09-20 19:33:27 collector retry=2 cursor=463 error=PermissionError: [WinError 5] 拒绝访问。: 'D:\\GIT\\mmc3\\output\\verification\\legacy-m14-all-fields-20260920\\reference-runtime\\SRW2_patched.exe'
2026-09-20 19:33:28 collector retry=3 cursor=463 error=PermissionError: [WinError 5] 拒绝访问。: 'D:\\GIT\\mmc3\\output\\verification\\legacy-m14-all-fields-20260920\\reference-runtime\\SRW2_patched.exe'
2026-09-20 19:33:43 collector retry=1 cursor=463 error=PermissionError: [WinError 5] 拒绝访问。: 'D:\\GIT\\mmc3\\output\\verification\\legacy-m14-all-fields-20260920\\reference-runtime\\SRW2_patched.exe'
2026-09-20 19:33:45 collector retry=2 cursor=463 error=PermissionError: [WinError 5] 拒绝访问。: 'D:\\GIT\\mmc3\\output\\verification\\legacy-m14-all-fields-20260920\\reference-runtime\\SRW2_patched.exe'
2026-09-20 19:33:47 collector retry=3 cursor=463 error=PermissionError: [WinError 5] 拒绝访问。: 'D:\\GIT\\mmc3\\output\\verification\\legacy-m14-all-fields-20260920\\reference-runtime\\SRW2_patched.exe'
2026-09-20 19:34:01 collector retry=1 cursor=463 error=PermissionError: [WinError 5] 拒绝访问。: 'D:\\GIT\\mmc3\\output\\verification\\legacy-m14-all-fields-20260920\\reference-runtime\\SRW2_patched.exe'
2026-09-20 19:34:03 collector retry=2 cursor=463 error=PermissionError: [WinError 5] 拒绝访问。: 'D:\\GIT\\mmc3\\output\\verification\\legacy-m14-all-fields-20260920\\reference-runtime\\SRW2_patched.exe'
2026-09-20 19:34:05 collector retry=3 cursor=463 error=PermissionError: [WinError 5] 拒绝访问。: 'D:\\GIT\\mmc3\\output\\verification\\legacy-m14-all-fields-20260920\\reference-runtime\\SRW2_patched.exe'
2026-09-20 19:35:38 batch 464-473/3217 launched pid=17992
2026-09-20 19:37:04 batch 467-476/3217 launched pid=13000
2026-09-20 19:37:24 saved 470/3217 field=M14/story/03/086 status=saved
2026-09-20 19:37:51 saved 476/3217 field=M14/story/03/092 status=saved
2026-09-20 19:39:34 batch 477-486/3217 launched pid=15588
2026-09-20 19:39:54 saved 480/3217 field=M14/story/03/096 status=saved
2026-09-20 19:41:42 batch 485-494/3217 launched pid=9572
2026-09-20 19:42:10 saved 490/3217 field=M14/story/03/106 status=saved
2026-09-20 19:42:28 saved 494/3217 field=M14/story/03/110 status=saved
2026-09-20 19:42:36 batch 495-504/3217 launched pid=15416
2026-09-20 19:43:04 saved 500/3217 field=M14/story/03/116 status=saved
2026-09-20 19:43:22 saved 504/3217 field=M14/story/03/120 status=saved
2026-09-20 19:43:30 batch 505-514/3217 launched pid=9840
2026-09-20 19:43:58 saved 510/3217 field=M14/story/03/126 status=saved
2026-09-20 19:44:16 saved 514/3217 field=M14/story/03/130 status=saved
2026-09-20 19:44:24 batch 515-524/3217 launched pid=16192
2026-09-20 19:44:52 saved 520/3217 field=M14/story/03/136 status=saved
2026-09-20 19:45:10 saved 524/3217 field=M14/story/03/140 status=saved
2026-09-20 19:47:53 batch 525-534/3217 launched pid=14820
2026-09-20 19:48:22 saved 530/3217 field=M14/story/03/146 status=saved
2026-09-20 19:48:40 saved 534/3217 field=M14/story/03/150 status=saved
2026-09-20 19:48:48 batch 535-544/3217 launched pid=17388
2026-09-20 19:50:26 batch 537-546/3217 launched pid=11228
2026-09-20 19:50:45 saved 540/3217 field=M14/story/03/156 status=saved
2026-09-20 19:51:12 saved 546/3217 field=M14/story/03/162 status=saved
2026-09-20 19:51:20 batch 547-556/3217 launched pid=6040
2026-09-20 19:51:39 saved 550/3217 field=M14/story/03/166 status=saved
2026-09-20 19:52:06 saved 556/3217 field=M14/story/03/172 status=saved
2026-09-20 19:52:14 batch 557-566/3217 launched pid=15888
2026-09-20 19:52:33 saved 560/3217 field=M14/story/03/176 status=saved
2026-09-20 19:53:00 saved 566/3217 field=M14/story/03/182 status=saved
2026-09-20 19:53:09 batch 567-576/3217 launched pid=12236
2026-09-20 19:53:28 saved 570/3217 field=M14/story/03/186 status=saved
2026-09-20 19:53:55 saved 576/3217 field=M14/story/03/192 status=saved
2026-09-20 19:54:04 batch 577-586/3217 launched pid=10312
2026-09-20 19:54:23 saved 580/3217 field=M14/story/03/196 status=saved
2026-09-20 19:54:50 saved 586/3217 field=M14/story/03/202 status=saved
2026-09-20 19:54:58 batch 587-596/3217 launched pid=17612
2026-09-20 19:55:17 saved 590/3217 field=M14/story/03/206 status=saved
2026-09-20 19:55:44 saved 596/3217 field=M14/story/03/212 status=saved
2026-09-20 19:55:52 batch 597-606/3217 launched pid=16408
2026-09-20 19:56:11 saved 600/3217 field=M14/story/03/216 status=saved
2026-09-20 19:57:05 batch 601-610/3217 launched pid=9252
2026-09-20 19:57:52 saved 610/3217 field=M14/story/03/226 status=saved
2026-09-20 19:58:00 batch 611-620/3217 launched pid=10420
2026-09-20 19:59:26 batch 616-625/3217 launched pid=9448
2026-09-20 19:59:50 saved 620/3217 field=M14/story/03/236 status=saved
2026-09-20 20:01:05 batch 624-633/3217 launched pid=9992
2026-09-20 20:01:20 collector retry=1 cursor=623 error=RuntimeError: M14 editor did not close after commit
2026-09-20 20:01:25 batch 624-633/3217 launched pid=9076
2026-09-20 20:01:45 collector retry=2 cursor=623 error=RuntimeError: M14 editor did not close after commit
2026-09-20 20:01:52 batch 625-634/3217 launched pid=12836
2026-09-20 20:02:37 batch 626-635/3217 launched pid=2332
2026-09-20 20:03:30 collector retry=1 cursor=628 error=RuntimeError: Legacy main window did not appear for launcher or new child (launcher_pid=9804; seen=['5484:GDI+ Hook Window Class:GDI+ Window (TabTip.exe)', '2364:tooltips_class32:', '2364:ForegroundStaging:', '2364:Shell_TrayWnd:', '2364:Auto-Suggest Dropdown:', '11036:Microsoft.IME.UIManager.CandidateWindow.Host:CandidateWindow', '11036:NativeHWNDHost:Mode Indicator', '2364:WorkerW:', '2364:CabinetWClass:参考修改器', '9804:WTWindow:SRW2修改器V1.5', '9804:_EL_HideOwner:', '18184:ConsoleWindowClass:D:\\GIT\\mmc3\\.venv\\Scripts\\python.exe'])
2026-09-20 20:03:32 collector retry=2 cursor=628 error=PermissionError: [WinError 5] 拒绝访问。: 'D:\\GIT\\mmc3\\output\\verification\\legacy-m14-all-fields-20260920\\reference-runtime\\SRW2_patched.exe'
2026-09-20 20:03:34 collector retry=3 cursor=628 error=PermissionError: [WinError 5] 拒绝访问。: 'D:\\GIT\\mmc3\\output\\verification\\legacy-m14-all-fields-20260920\\reference-runtime\\SRW2_patched.exe'
2026-09-20 20:03:48 collector retry=1 cursor=628 error=PermissionError: [WinError 5] 拒绝访问。: 'D:\\GIT\\mmc3\\output\\verification\\legacy-m14-all-fields-20260920\\reference-runtime\\SRW2_patched.exe'
2026-09-20 20:03:51 collector retry=2 cursor=628 error=PermissionError: [WinError 5] 拒绝访问。: 'D:\\GIT\\mmc3\\output\\verification\\legacy-m14-all-fields-20260920\\reference-runtime\\SRW2_patched.exe'
2026-09-20 20:03:53 collector retry=3 cursor=628 error=PermissionError: [WinError 5] 拒绝访问。: 'D:\\GIT\\mmc3\\output\\verification\\legacy-m14-all-fields-20260920\\reference-runtime\\SRW2_patched.exe'
2026-09-20 20:04:06 collector retry=1 cursor=628 error=PermissionError: [WinError 5] 拒绝访问。: 'D:\\GIT\\mmc3\\output\\verification\\legacy-m14-all-fields-20260920\\reference-runtime\\SRW2_patched.exe'
2026-09-20 20:04:09 collector retry=2 cursor=628 error=PermissionError: [WinError 5] 拒绝访问。: 'D:\\GIT\\mmc3\\output\\verification\\legacy-m14-all-fields-20260920\\reference-runtime\\SRW2_patched.exe'
2026-09-20 20:04:11 collector retry=3 cursor=628 error=PermissionError: [WinError 5] 拒绝访问。: 'D:\\GIT\\mmc3\\output\\verification\\legacy-m14-all-fields-20260920\\reference-runtime\\SRW2_patched.exe'
2026-09-20 20:04:37 collector retry=1 cursor=628 error=PermissionError: [WinError 5] 拒绝访问。: 'D:\\GIT\\mmc3\\output\\verification\\legacy-m14-all-fields-20260920\\reference-runtime\\SRW2_patched.exe'
2026-09-20 20:04:40 collector retry=2 cursor=628 error=PermissionError: [WinError 5] 拒绝访问。: 'D:\\GIT\\mmc3\\output\\verification\\legacy-m14-all-fields-20260920\\reference-runtime\\SRW2_patched.exe'
2026-09-20 20:04:42 collector retry=3 cursor=628 error=PermissionError: [WinError 5] 拒绝访问。: 'D:\\GIT\\mmc3\\output\\verification\\legacy-m14-all-fields-20260920\\reference-runtime\\SRW2_patched.exe'
2026-09-20 20:04:56 collector retry=1 cursor=628 error=PermissionError: [WinError 5] 拒绝访问。: 'D:\\GIT\\mmc3\\output\\verification\\legacy-m14-all-fields-20260920\\reference-runtime\\SRW2_patched.exe'
2026-09-20 20:04:58 collector retry=2 cursor=628 error=PermissionError: [WinError 5] 拒绝访问。: 'D:\\GIT\\mmc3\\output\\verification\\legacy-m14-all-fields-20260920\\reference-runtime\\SRW2_patched.exe'
2026-09-20 20:05:00 collector retry=3 cursor=628 error=PermissionError: [WinError 5] 拒绝访问。: 'D:\\GIT\\mmc3\\output\\verification\\legacy-m14-all-fields-20260920\\reference-runtime\\SRW2_patched.exe'
2026-09-20 20:05:14 collector retry=1 cursor=628 error=PermissionError: [WinError 5] 拒绝访问。: 'D:\\GIT\\mmc3\\output\\verification\\legacy-m14-all-fields-20260920\\reference-runtime\\SRW2_patched.exe'
2026-09-20 20:05:16 collector retry=2 cursor=628 error=PermissionError: [WinError 5] 拒绝访问。: 'D:\\GIT\\mmc3\\output\\verification\\legacy-m14-all-fields-20260920\\reference-runtime\\SRW2_patched.exe'
2026-09-20 20:05:19 collector retry=3 cursor=628 error=PermissionError: [WinError 5] 拒绝访问。: 'D:\\GIT\\mmc3\\output\\verification\\legacy-m14-all-fields-20260920\\reference-runtime\\SRW2_patched.exe'
2026-09-20 20:05:32 collector retry=1 cursor=628 error=PermissionError: [WinError 5] 拒绝访问。: 'D:\\GIT\\mmc3\\output\\verification\\legacy-m14-all-fields-20260920\\reference-runtime\\SRW2_patched.exe'
2026-09-20 20:05:34 collector retry=2 cursor=628 error=PermissionError: [WinError 5] 拒绝访问。: 'D:\\GIT\\mmc3\\output\\verification\\legacy-m14-all-fields-20260920\\reference-runtime\\SRW2_patched.exe'
2026-09-20 20:05:36 collector retry=3 cursor=628 error=PermissionError: [WinError 5] 拒绝访问。: 'D:\\GIT\\mmc3\\output\\verification\\legacy-m14-all-fields-20260920\\reference-runtime\\SRW2_patched.exe'
2026-09-20 20:05:50 collector retry=1 cursor=628 error=PermissionError: [WinError 5] 拒绝访问。: 'D:\\GIT\\mmc3\\output\\verification\\legacy-m14-all-fields-20260920\\reference-runtime\\SRW2_patched.exe'
2026-09-20 20:05:52 collector retry=2 cursor=628 error=PermissionError: [WinError 5] 拒绝访问。: 'D:\\GIT\\mmc3\\output\\verification\\legacy-m14-all-fields-20260920\\reference-runtime\\SRW2_patched.exe'
2026-09-20 20:05:54 collector retry=3 cursor=628 error=PermissionError: [WinError 5] 拒绝访问。: 'D:\\GIT\\mmc3\\output\\verification\\legacy-m14-all-fields-20260920\\reference-runtime\\SRW2_patched.exe'
2026-09-20 20:07:16 collector retry=1 cursor=628 error=PermissionError: [WinError 5] 拒绝访问。: 'D:\\GIT\\mmc3\\output\\verification\\legacy-m14-all-fields-20260920\\reference-runtime\\SRW2_patched.exe'
2026-09-20 20:07:18 collector retry=2 cursor=628 error=PermissionError: [WinError 5] 拒绝访问。: 'D:\\GIT\\mmc3\\output\\verification\\legacy-m14-all-fields-20260920\\reference-runtime\\SRW2_patched.exe'
2026-09-20 20:07:20 collector retry=3 cursor=628 error=PermissionError: [WinError 5] 拒绝访问。: 'D:\\GIT\\mmc3\\output\\verification\\legacy-m14-all-fields-20260920\\reference-runtime\\SRW2_patched.exe'
2026-09-20 20:07:34 collector retry=1 cursor=628 error=PermissionError: [WinError 5] 拒绝访问。: 'D:\\GIT\\mmc3\\output\\verification\\legacy-m14-all-fields-20260920\\reference-runtime\\SRW2_patched.exe'
2026-09-20 20:07:36 collector retry=2 cursor=628 error=PermissionError: [WinError 5] 拒绝访问。: 'D:\\GIT\\mmc3\\output\\verification\\legacy-m14-all-fields-20260920\\reference-runtime\\SRW2_patched.exe'
2026-09-20 20:07:38 collector retry=3 cursor=628 error=PermissionError: [WinError 5] 拒绝访问。: 'D:\\GIT\\mmc3\\output\\verification\\legacy-m14-all-fields-20260920\\reference-runtime\\SRW2_patched.exe'
2026-09-20 20:07:52 collector retry=1 cursor=628 error=PermissionError: [WinError 5] 拒绝访问。: 'D:\\GIT\\mmc3\\output\\verification\\legacy-m14-all-fields-20260920\\reference-runtime\\SRW2_patched.exe'
2026-09-20 20:07:54 collector retry=2 cursor=628 error=PermissionError: [WinError 5] 拒绝访问。: 'D:\\GIT\\mmc3\\output\\verification\\legacy-m14-all-fields-20260920\\reference-runtime\\SRW2_patched.exe'
2026-09-20 20:07:56 collector retry=3 cursor=628 error=PermissionError: [WinError 5] 拒绝访问。: 'D:\\GIT\\mmc3\\output\\verification\\legacy-m14-all-fields-20260920\\reference-runtime\\SRW2_patched.exe'
2026-09-20 20:08:10 collector retry=1 cursor=628 error=PermissionError: [WinError 5] 拒绝访问。: 'D:\\GIT\\mmc3\\output\\verification\\legacy-m14-all-fields-20260920\\reference-runtime\\SRW2_patched.exe'
2026-09-20 20:08:12 collector retry=2 cursor=628 error=PermissionError: [WinError 5] 拒绝访问。: 'D:\\GIT\\mmc3\\output\\verification\\legacy-m14-all-fields-20260920\\reference-runtime\\SRW2_patched.exe'
2026-09-20 20:08:14 collector retry=3 cursor=628 error=PermissionError: [WinError 5] 拒绝访问。: 'D:\\GIT\\mmc3\\output\\verification\\legacy-m14-all-fields-20260920\\reference-runtime\\SRW2_patched.exe'
2026-09-20 20:08:28 collector retry=1 cursor=628 error=PermissionError: [WinError 5] 拒绝访问。: 'D:\\GIT\\mmc3\\output\\verification\\legacy-m14-all-fields-20260920\\reference-runtime\\SRW2_patched.exe'
2026-09-20 20:08:30 collector retry=2 cursor=628 error=PermissionError: [WinError 5] 拒绝访问。: 'D:\\GIT\\mmc3\\output\\verification\\legacy-m14-all-fields-20260920\\reference-runtime\\SRW2_patched.exe'
2026-09-20 20:08:32 collector retry=3 cursor=628 error=PermissionError: [WinError 5] 拒绝访问。: 'D:\\GIT\\mmc3\\output\\verification\\legacy-m14-all-fields-20260920\\reference-runtime\\SRW2_patched.exe'
2026-09-20 20:08:46 collector retry=1 cursor=628 error=PermissionError: [WinError 5] 拒绝访问。: 'D:\\GIT\\mmc3\\output\\verification\\legacy-m14-all-fields-20260920\\reference-runtime\\SRW2_patched.exe'
2026-09-20 20:08:48 collector retry=2 cursor=628 error=PermissionError: [WinError 5] 拒绝访问。: 'D:\\GIT\\mmc3\\output\\verification\\legacy-m14-all-fields-20260920\\reference-runtime\\SRW2_patched.exe'
2026-09-20 20:08:50 collector retry=3 cursor=628 error=PermissionError: [WinError 5] 拒绝访问。: 'D:\\GIT\\mmc3\\output\\verification\\legacy-m14-all-fields-20260920\\reference-runtime\\SRW2_patched.exe'
2026-09-20 20:09:04 collector retry=1 cursor=628 error=PermissionError: [WinError 5] 拒绝访问。: 'D:\\GIT\\mmc3\\output\\verification\\legacy-m14-all-fields-20260920\\reference-runtime\\SRW2_patched.exe'
2026-09-20 20:09:06 collector retry=2 cursor=628 error=PermissionError: [WinError 5] 拒绝访问。: 'D:\\GIT\\mmc3\\output\\verification\\legacy-m14-all-fields-20260920\\reference-runtime\\SRW2_patched.exe'
2026-09-20 20:09:08 collector retry=3 cursor=628 error=PermissionError: [WinError 5] 拒绝访问。: 'D:\\GIT\\mmc3\\output\\verification\\legacy-m14-all-fields-20260920\\reference-runtime\\SRW2_patched.exe'
2026-09-20 20:09:22 collector retry=1 cursor=628 error=PermissionError: [WinError 5] 拒绝访问。: 'D:\\GIT\\mmc3\\output\\verification\\legacy-m14-all-fields-20260920\\reference-runtime\\SRW2_patched.exe'
2026-09-20 20:09:24 collector retry=2 cursor=628 error=PermissionError: [WinError 5] 拒绝访问。: 'D:\\GIT\\mmc3\\output\\verification\\legacy-m14-all-fields-20260920\\reference-runtime\\SRW2_patched.exe'
2026-09-20 20:09:26 collector retry=3 cursor=628 error=PermissionError: [WinError 5] 拒绝访问。: 'D:\\GIT\\mmc3\\output\\verification\\legacy-m14-all-fields-20260920\\reference-runtime\\SRW2_patched.exe'
2026-09-20 20:09:40 collector retry=1 cursor=628 error=PermissionError: [WinError 5] 拒绝访问。: 'D:\\GIT\\mmc3\\output\\verification\\legacy-m14-all-fields-20260920\\reference-runtime\\SRW2_patched.exe'
2026-09-20 20:09:42 collector retry=2 cursor=628 error=PermissionError: [WinError 5] 拒绝访问。: 'D:\\GIT\\mmc3\\output\\verification\\legacy-m14-all-fields-20260920\\reference-runtime\\SRW2_patched.exe'
2026-09-20 20:09:44 collector retry=3 cursor=628 error=PermissionError: [WinError 5] 拒绝访问。: 'D:\\GIT\\mmc3\\output\\verification\\legacy-m14-all-fields-20260920\\reference-runtime\\SRW2_patched.exe'
2026-09-20 20:09:58 collector retry=1 cursor=628 error=PermissionError: [WinError 5] 拒绝访问。: 'D:\\GIT\\mmc3\\output\\verification\\legacy-m14-all-fields-20260920\\reference-runtime\\SRW2_patched.exe'
2026-09-20 20:10:00 collector retry=2 cursor=628 error=PermissionError: [WinError 5] 拒绝访问。: 'D:\\GIT\\mmc3\\output\\verification\\legacy-m14-all-fields-20260920\\reference-runtime\\SRW2_patched.exe'
2026-09-20 20:10:03 collector retry=3 cursor=628 error=PermissionError: [WinError 5] 拒绝访问。: 'D:\\GIT\\mmc3\\output\\verification\\legacy-m14-all-fields-20260920\\reference-runtime\\SRW2_patched.exe'
2026-09-20 20:10:16 collector retry=1 cursor=628 error=PermissionError: [WinError 5] 拒绝访问。: 'D:\\GIT\\mmc3\\output\\verification\\legacy-m14-all-fields-20260920\\reference-runtime\\SRW2_patched.exe'
2026-09-20 20:10:18 collector retry=2 cursor=628 error=PermissionError: [WinError 5] 拒绝访问。: 'D:\\GIT\\mmc3\\output\\verification\\legacy-m14-all-fields-20260920\\reference-runtime\\SRW2_patched.exe'
2026-09-20 20:10:21 collector retry=3 cursor=628 error=PermissionError: [WinError 5] 拒绝访问。: 'D:\\GIT\\mmc3\\output\\verification\\legacy-m14-all-fields-20260920\\reference-runtime\\SRW2_patched.exe'
2026-09-20 20:10:34 collector retry=1 cursor=628 error=PermissionError: [WinError 5] 拒绝访问。: 'D:\\GIT\\mmc3\\output\\verification\\legacy-m14-all-fields-20260920\\reference-runtime\\SRW2_patched.exe'
2026-09-20 20:10:36 collector retry=2 cursor=628 error=PermissionError: [WinError 5] 拒绝访问。: 'D:\\GIT\\mmc3\\output\\verification\\legacy-m14-all-fields-20260920\\reference-runtime\\SRW2_patched.exe'
2026-09-20 20:10:39 collector retry=3 cursor=628 error=PermissionError: [WinError 5] 拒绝访问。: 'D:\\GIT\\mmc3\\output\\verification\\legacy-m14-all-fields-20260920\\reference-runtime\\SRW2_patched.exe'
2026-09-20 20:10:52 collector retry=1 cursor=628 error=PermissionError: [WinError 5] 拒绝访问。: 'D:\\GIT\\mmc3\\output\\verification\\legacy-m14-all-fields-20260920\\reference-runtime\\SRW2_patched.exe'
2026-09-20 20:10:54 collector retry=2 cursor=628 error=PermissionError: [WinError 5] 拒绝访问。: 'D:\\GIT\\mmc3\\output\\verification\\legacy-m14-all-fields-20260920\\reference-runtime\\SRW2_patched.exe'
2026-09-20 20:10:57 collector retry=3 cursor=628 error=PermissionError: [WinError 5] 拒绝访问。: 'D:\\GIT\\mmc3\\output\\verification\\legacy-m14-all-fields-20260920\\reference-runtime\\SRW2_patched.exe'
2026-09-20 20:11:10 collector retry=1 cursor=628 error=PermissionError: [WinError 5] 拒绝访问。: 'D:\\GIT\\mmc3\\output\\verification\\legacy-m14-all-fields-20260920\\reference-runtime\\SRW2_patched.exe'
2026-09-20 20:11:12 collector retry=2 cursor=628 error=PermissionError: [WinError 5] 拒绝访问。: 'D:\\GIT\\mmc3\\output\\verification\\legacy-m14-all-fields-20260920\\reference-runtime\\SRW2_patched.exe'
2026-09-20 20:11:15 collector retry=3 cursor=628 error=PermissionError: [WinError 5] 拒绝访问。: 'D:\\GIT\\mmc3\\output\\verification\\legacy-m14-all-fields-20260920\\reference-runtime\\SRW2_patched.exe'
2026-09-20 20:11:28 collector retry=1 cursor=628 error=PermissionError: [WinError 5] 拒绝访问。: 'D:\\GIT\\mmc3\\output\\verification\\legacy-m14-all-fields-20260920\\reference-runtime\\SRW2_patched.exe'
2026-09-20 20:11:30 collector retry=2 cursor=628 error=PermissionError: [WinError 5] 拒绝访问。: 'D:\\GIT\\mmc3\\output\\verification\\legacy-m14-all-fields-20260920\\reference-runtime\\SRW2_patched.exe'
2026-09-20 20:11:33 collector retry=3 cursor=628 error=PermissionError: [WinError 5] 拒绝访问。: 'D:\\GIT\\mmc3\\output\\verification\\legacy-m14-all-fields-20260920\\reference-runtime\\SRW2_patched.exe'
2026-09-20 20:11:59 collector retry=1 cursor=628 error=PermissionError: [WinError 5] 拒绝访问。: 'D:\\GIT\\mmc3\\output\\verification\\legacy-m14-all-fields-20260920\\reference-runtime\\SRW2_patched.exe'
2026-09-20 20:12:02 collector retry=2 cursor=628 error=PermissionError: [WinError 5] 拒绝访问。: 'D:\\GIT\\mmc3\\output\\verification\\legacy-m14-all-fields-20260920\\reference-runtime\\SRW2_patched.exe'
2026-09-20 20:12:04 collector retry=3 cursor=628 error=PermissionError: [WinError 5] 拒绝访问。: 'D:\\GIT\\mmc3\\output\\verification\\legacy-m14-all-fields-20260920\\reference-runtime\\SRW2_patched.exe'
2026-09-20 20:12:18 collector retry=1 cursor=628 error=PermissionError: [WinError 5] 拒绝访问。: 'D:\\GIT\\mmc3\\output\\verification\\legacy-m14-all-fields-20260920\\reference-runtime\\SRW2_patched.exe'
2026-09-20 20:12:20 collector retry=2 cursor=628 error=PermissionError: [WinError 5] 拒绝访问。: 'D:\\GIT\\mmc3\\output\\verification\\legacy-m14-all-fields-20260920\\reference-runtime\\SRW2_patched.exe'
2026-09-20 20:12:22 collector retry=3 cursor=628 error=PermissionError: [WinError 5] 拒绝访问。: 'D:\\GIT\\mmc3\\output\\verification\\legacy-m14-all-fields-20260920\\reference-runtime\\SRW2_patched.exe'
2026-09-20 20:12:36 collector retry=1 cursor=628 error=PermissionError: [WinError 5] 拒绝访问。: 'D:\\GIT\\mmc3\\output\\verification\\legacy-m14-all-fields-20260920\\reference-runtime\\SRW2_patched.exe'
2026-09-20 20:12:38 collector retry=2 cursor=628 error=PermissionError: [WinError 5] 拒绝访问。: 'D:\\GIT\\mmc3\\output\\verification\\legacy-m14-all-fields-20260920\\reference-runtime\\SRW2_patched.exe'
2026-09-20 20:12:40 collector retry=3 cursor=628 error=PermissionError: [WinError 5] 拒绝访问。: 'D:\\GIT\\mmc3\\output\\verification\\legacy-m14-all-fields-20260920\\reference-runtime\\SRW2_patched.exe'
2026-09-20 20:12:54 collector retry=1 cursor=628 error=PermissionError: [WinError 5] 拒绝访问。: 'D:\\GIT\\mmc3\\output\\verification\\legacy-m14-all-fields-20260920\\reference-runtime\\SRW2_patched.exe'
2026-09-20 20:12:56 collector retry=2 cursor=628 error=PermissionError: [WinError 5] 拒绝访问。: 'D:\\GIT\\mmc3\\output\\verification\\legacy-m14-all-fields-20260920\\reference-runtime\\SRW2_patched.exe'
2026-09-20 20:12:58 collector retry=3 cursor=628 error=PermissionError: [WinError 5] 拒绝访问。: 'D:\\GIT\\mmc3\\output\\verification\\legacy-m14-all-fields-20260920\\reference-runtime\\SRW2_patched.exe'
2026-09-20 20:13:29 collector retry=1 cursor=628 error=PermissionError: [WinError 5] 拒绝访问。: 'D:\\GIT\\mmc3\\output\\verification\\legacy-m14-all-fields-20260920\\reference-runtime\\SRW2_patched.exe'
2026-09-20 20:13:31 collector retry=2 cursor=628 error=PermissionError: [WinError 5] 拒绝访问。: 'D:\\GIT\\mmc3\\output\\verification\\legacy-m14-all-fields-20260920\\reference-runtime\\SRW2_patched.exe'
2026-09-20 20:13:33 collector retry=3 cursor=628 error=PermissionError: [WinError 5] 拒绝访问。: 'D:\\GIT\\mmc3\\output\\verification\\legacy-m14-all-fields-20260920\\reference-runtime\\SRW2_patched.exe'
2026-09-20 20:13:47 collector retry=1 cursor=628 error=PermissionError: [WinError 5] 拒绝访问。: 'D:\\GIT\\mmc3\\output\\verification\\legacy-m14-all-fields-20260920\\reference-runtime\\SRW2_patched.exe'
2026-09-20 20:13:49 collector retry=2 cursor=628 error=PermissionError: [WinError 5] 拒绝访问。: 'D:\\GIT\\mmc3\\output\\verification\\legacy-m14-all-fields-20260920\\reference-runtime\\SRW2_patched.exe'
2026-09-20 20:13:51 collector retry=3 cursor=628 error=PermissionError: [WinError 5] 拒绝访问。: 'D:\\GIT\\mmc3\\output\\verification\\legacy-m14-all-fields-20260920\\reference-runtime\\SRW2_patched.exe'
2026-09-20 20:14:28 collector retry=1 cursor=628 error=PermissionError: [WinError 5] 拒绝访问。: 'D:\\GIT\\mmc3\\output\\verification\\legacy-m14-all-fields-20260920\\reference-runtime\\SRW2_patched.exe'
2026-09-20 20:14:30 collector retry=2 cursor=628 error=PermissionError: [WinError 5] 拒绝访问。: 'D:\\GIT\\mmc3\\output\\verification\\legacy-m14-all-fields-20260920\\reference-runtime\\SRW2_patched.exe'
2026-09-20 20:14:32 collector retry=3 cursor=628 error=PermissionError: [WinError 5] 拒绝访问。: 'D:\\GIT\\mmc3\\output\\verification\\legacy-m14-all-fields-20260920\\reference-runtime\\SRW2_patched.exe'
2026-09-20 20:14:46 collector retry=1 cursor=628 error=PermissionError: [WinError 5] 拒绝访问。: 'D:\\GIT\\mmc3\\output\\verification\\legacy-m14-all-fields-20260920\\reference-runtime\\SRW2_patched.exe'
2026-09-20 20:14:48 collector retry=2 cursor=628 error=PermissionError: [WinError 5] 拒绝访问。: 'D:\\GIT\\mmc3\\output\\verification\\legacy-m14-all-fields-20260920\\reference-runtime\\SRW2_patched.exe'
2026-09-20 20:14:50 collector retry=3 cursor=628 error=PermissionError: [WinError 5] 拒绝访问。: 'D:\\GIT\\mmc3\\output\\verification\\legacy-m14-all-fields-20260920\\reference-runtime\\SRW2_patched.exe'
2026-09-20 20:15:04 collector retry=1 cursor=628 error=PermissionError: [WinError 5] 拒绝访问。: 'D:\\GIT\\mmc3\\output\\verification\\legacy-m14-all-fields-20260920\\reference-runtime\\SRW2_patched.exe'
2026-09-20 20:15:32 collector retry=1 cursor=628 error=PermissionError: [WinError 5] 拒绝访问。: 'D:\\GIT\\mmc3\\output\\verification\\legacy-m14-all-fields-20260920\\reference-runtime\\SRW2_patched.exe'
2026-09-20 20:15:34 collector retry=2 cursor=628 error=PermissionError: [WinError 5] 拒绝访问。: 'D:\\GIT\\mmc3\\output\\verification\\legacy-m14-all-fields-20260920\\reference-runtime\\SRW2_patched.exe'
2026-09-20 20:15:36 collector retry=3 cursor=628 error=PermissionError: [WinError 5] 拒绝访问。: 'D:\\GIT\\mmc3\\output\\verification\\legacy-m14-all-fields-20260920\\reference-runtime\\SRW2_patched.exe'
2026-09-20 20:15:50 collector retry=1 cursor=628 error=PermissionError: [WinError 5] 拒绝访问。: 'D:\\GIT\\mmc3\\output\\verification\\legacy-m14-all-fields-20260920\\reference-runtime\\SRW2_patched.exe'
2026-09-20 20:15:52 collector retry=2 cursor=628 error=PermissionError: [WinError 5] 拒绝访问。: 'D:\\GIT\\mmc3\\output\\verification\\legacy-m14-all-fields-20260920\\reference-runtime\\SRW2_patched.exe'
2026-09-20 20:15:54 collector retry=3 cursor=628 error=PermissionError: [WinError 5] 拒绝访问。: 'D:\\GIT\\mmc3\\output\\verification\\legacy-m14-all-fields-20260920\\reference-runtime\\SRW2_patched.exe'
2026-09-20 20:16:08 collector retry=1 cursor=628 error=PermissionError: [WinError 5] 拒绝访问。: 'D:\\GIT\\mmc3\\output\\verification\\legacy-m14-all-fields-20260920\\reference-runtime\\SRW2_patched.exe'
2026-09-20 20:16:10 collector retry=2 cursor=628 error=PermissionError: [WinError 5] 拒绝访问。: 'D:\\GIT\\mmc3\\output\\verification\\legacy-m14-all-fields-20260920\\reference-runtime\\SRW2_patched.exe'
2026-09-20 20:16:12 collector retry=3 cursor=628 error=PermissionError: [WinError 5] 拒绝访问。: 'D:\\GIT\\mmc3\\output\\verification\\legacy-m14-all-fields-20260920\\reference-runtime\\SRW2_patched.exe'
2026-09-20 20:16:26 collector retry=1 cursor=628 error=PermissionError: [WinError 5] 拒绝访问。: 'D:\\GIT\\mmc3\\output\\verification\\legacy-m14-all-fields-20260920\\reference-runtime\\SRW2_patched.exe'
2026-09-20 20:16:28 collector retry=2 cursor=628 error=PermissionError: [WinError 5] 拒绝访问。: 'D:\\GIT\\mmc3\\output\\verification\\legacy-m14-all-fields-20260920\\reference-runtime\\SRW2_patched.exe'
2026-09-20 20:16:30 collector retry=3 cursor=628 error=PermissionError: [WinError 5] 拒绝访问。: 'D:\\GIT\\mmc3\\output\\verification\\legacy-m14-all-fields-20260920\\reference-runtime\\SRW2_patched.exe'
2026-09-20 20:16:44 collector retry=1 cursor=628 error=PermissionError: [WinError 5] 拒绝访问。: 'D:\\GIT\\mmc3\\output\\verification\\legacy-m14-all-fields-20260920\\reference-runtime\\SRW2_patched.exe'
2026-09-20 20:16:46 collector retry=2 cursor=628 error=PermissionError: [WinError 5] 拒绝访问。: 'D:\\GIT\\mmc3\\output\\verification\\legacy-m14-all-fields-20260920\\reference-runtime\\SRW2_patched.exe'
2026-09-20 20:16:48 collector retry=3 cursor=628 error=PermissionError: [WinError 5] 拒绝访问。: 'D:\\GIT\\mmc3\\output\\verification\\legacy-m14-all-fields-20260920\\reference-runtime\\SRW2_patched.exe'
2026-09-20 20:17:02 collector retry=1 cursor=628 error=PermissionError: [WinError 5] 拒绝访问。: 'D:\\GIT\\mmc3\\output\\verification\\legacy-m14-all-fields-20260920\\reference-runtime\\SRW2_patched.exe'
2026-09-20 20:17:04 collector retry=2 cursor=628 error=PermissionError: [WinError 5] 拒绝访问。: 'D:\\GIT\\mmc3\\output\\verification\\legacy-m14-all-fields-20260920\\reference-runtime\\SRW2_patched.exe'
2026-09-20 20:17:06 collector retry=3 cursor=628 error=PermissionError: [WinError 5] 拒绝访问。: 'D:\\GIT\\mmc3\\output\\verification\\legacy-m14-all-fields-20260920\\reference-runtime\\SRW2_patched.exe'
2026-09-20 20:17:20 collector retry=1 cursor=628 error=PermissionError: [WinError 5] 拒绝访问。: 'D:\\GIT\\mmc3\\output\\verification\\legacy-m14-all-fields-20260920\\reference-runtime\\SRW2_patched.exe'
2026-09-20 20:17:22 collector retry=2 cursor=628 error=PermissionError: [WinError 5] 拒绝访问。: 'D:\\GIT\\mmc3\\output\\verification\\legacy-m14-all-fields-20260920\\reference-runtime\\SRW2_patched.exe'
2026-09-20 20:17:24 collector retry=3 cursor=628 error=PermissionError: [WinError 5] 拒绝访问。: 'D:\\GIT\\mmc3\\output\\verification\\legacy-m14-all-fields-20260920\\reference-runtime\\SRW2_patched.exe'
2026-09-20 20:17:38 collector retry=1 cursor=628 error=PermissionError: [WinError 5] 拒绝访问。: 'D:\\GIT\\mmc3\\output\\verification\\legacy-m14-all-fields-20260920\\reference-runtime\\SRW2_patched.exe'
2026-09-20 20:17:40 collector retry=2 cursor=628 error=PermissionError: [WinError 5] 拒绝访问。: 'D:\\GIT\\mmc3\\output\\verification\\legacy-m14-all-fields-20260920\\reference-runtime\\SRW2_patched.exe'
2026-09-20 20:17:43 collector retry=3 cursor=628 error=PermissionError: [WinError 5] 拒绝访问。: 'D:\\GIT\\mmc3\\output\\verification\\legacy-m14-all-fields-20260920\\reference-runtime\\SRW2_patched.exe'
2026-09-20 20:17:56 collector retry=1 cursor=628 error=PermissionError: [WinError 5] 拒绝访问。: 'D:\\GIT\\mmc3\\output\\verification\\legacy-m14-all-fields-20260920\\reference-runtime\\SRW2_patched.exe'
2026-09-20 20:17:58 collector retry=2 cursor=628 error=PermissionError: [WinError 5] 拒绝访问。: 'D:\\GIT\\mmc3\\output\\verification\\legacy-m14-all-fields-20260920\\reference-runtime\\SRW2_patched.exe'
2026-09-20 20:18:00 collector retry=3 cursor=628 error=PermissionError: [WinError 5] 拒绝访问。: 'D:\\GIT\\mmc3\\output\\verification\\legacy-m14-all-fields-20260920\\reference-runtime\\SRW2_patched.exe'
2026-09-20 20:18:14 collector retry=1 cursor=628 error=PermissionError: [WinError 5] 拒绝访问。: 'D:\\GIT\\mmc3\\output\\verification\\legacy-m14-all-fields-20260920\\reference-runtime\\SRW2_patched.exe'
2026-09-20 20:18:16 collector retry=2 cursor=628 error=PermissionError: [WinError 5] 拒绝访问。: 'D:\\GIT\\mmc3\\output\\verification\\legacy-m14-all-fields-20260920\\reference-runtime\\SRW2_patched.exe'
2026-09-20 20:18:19 collector retry=3 cursor=628 error=PermissionError: [WinError 5] 拒绝访问。: 'D:\\GIT\\mmc3\\output\\verification\\legacy-m14-all-fields-20260920\\reference-runtime\\SRW2_patched.exe'
2026-09-20 20:18:32 collector retry=1 cursor=628 error=PermissionError: [WinError 5] 拒绝访问。: 'D:\\GIT\\mmc3\\output\\verification\\legacy-m14-all-fields-20260920\\reference-runtime\\SRW2_patched.exe'
2026-09-20 20:18:34 collector retry=2 cursor=628 error=PermissionError: [WinError 5] 拒绝访问。: 'D:\\GIT\\mmc3\\output\\verification\\legacy-m14-all-fields-20260920\\reference-runtime\\SRW2_patched.exe'
2026-09-20 20:18:36 collector retry=3 cursor=628 error=PermissionError: [WinError 5] 拒绝访问。: 'D:\\GIT\\mmc3\\output\\verification\\legacy-m14-all-fields-20260920\\reference-runtime\\SRW2_patched.exe'
2026-09-20 20:18:50 collector retry=1 cursor=628 error=PermissionError: [WinError 5] 拒绝访问。: 'D:\\GIT\\mmc3\\output\\verification\\legacy-m14-all-fields-20260920\\reference-runtime\\SRW2_patched.exe'
2026-09-20 20:18:52 collector retry=2 cursor=628 error=PermissionError: [WinError 5] 拒绝访问。: 'D:\\GIT\\mmc3\\output\\verification\\legacy-m14-all-fields-20260920\\reference-runtime\\SRW2_patched.exe'
2026-09-20 20:18:54 collector retry=3 cursor=628 error=PermissionError: [WinError 5] 拒绝访问。: 'D:\\GIT\\mmc3\\output\\verification\\legacy-m14-all-fields-20260920\\reference-runtime\\SRW2_patched.exe'
2026-09-20 20:20:05 batch 629-638/3217 launched pid=17836
2026-09-20 20:20:16 saved 630/3217 field=M14/story/03/246 status=saved
2026-09-20 20:22:35 batch 633-642/3217 launched pid=17164
2026-09-20 20:23:12 saved 640/3217 field=M14/story/06/001 status=saved
2026-09-20 20:23:21 saved 642/3217 field=M14/story/06/003 status=saved
2026-09-20 20:23:30 batch 643-652/3217 launched pid=2072
2026-09-20 20:24:57 batch 643-652/3217 launched pid=13172
2026-09-20 20:29:21 batch 649-658/3217 launched pid=12904
2026-09-20 20:29:31 saved 650/3217 field=M14/story/06/011 status=saved
2026-09-20 20:30:07 saved 658/3217 field=M14/story/06/019 status=saved
2026-09-20 20:30:15 batch 659-668/3217 launched pid=15552
2026-09-20 20:30:25 saved 660/3217 field=M14/story/06/021 status=saved
2026-09-20 20:31:01 saved 668/3217 field=M14/story/06/029 status=saved
2026-09-20 20:31:09 batch 669-678/3217 launched pid=17528
2026-09-20 20:31:20 saved 670/3217 field=M14/story/06/031 status=saved
2026-09-20 20:31:58 saved 678/3217 field=M14/story/06/039 status=saved
2026-09-20 20:32:05 batch 679-688/3217 launched pid=11572
2026-09-20 20:32:16 saved 680/3217 field=M14/story/06/041 status=saved
2026-09-20 20:32:54 saved 688/3217 field=M14/story/06/049 status=saved
2026-09-20 20:33:02 batch 689-698/3217 launched pid=9828
2026-09-20 20:33:11 saved 690/3217 field=M14/story/06/051 status=saved
2026-09-20 20:33:47 saved 698/3217 field=M14/story/06/059 status=saved
2026-09-20 20:33:55 batch 699-708/3217 launched pid=16656
2026-09-20 20:34:06 saved 700/3217 field=M14/story/06/061 status=saved
2026-09-20 20:35:12 batch 701-710/3217 launched pid=17024
2026-09-20 20:35:58 saved 710/3217 field=M14/story/06/071 status=saved
2026-09-20 20:36:06 batch 711-720/3217 launched pid=10844
2026-09-20 20:36:52 saved 720/3217 field=M14/story/06/081 status=saved
2026-09-20 20:36:59 batch 721-730/3217 launched pid=13008
2026-09-20 20:38:18 batch 723-732/3217 launched pid=7068
2026-09-20 20:38:55 saved 730/3217 field=M14/story/06/091 status=saved
2026-09-20 20:39:04 saved 732/3217 field=M14/story/06/093 status=saved
2026-09-20 20:39:12 batch 733-742/3217 launched pid=11736
2026-09-20 20:39:49 saved 740/3217 field=M14/story/06/101 status=saved
2026-09-20 20:39:59 saved 742/3217 field=M14/story/06/103 status=saved
2026-09-20 20:40:06 batch 743-752/3217 launched pid=7284
2026-09-20 20:40:44 saved 750/3217 field=M14/story/06/111 status=saved
2026-09-20 20:40:53 saved 752/3217 field=M14/story/06/113 status=saved
2026-09-20 20:41:00 batch 753-762/3217 launched pid=8840
2026-09-20 20:41:37 saved 760/3217 field=M14/story/06/121 status=saved
2026-09-20 20:41:46 saved 762/3217 field=M14/story/06/123 status=saved
2026-09-20 20:41:54 batch 763-772/3217 launched pid=18208
2026-09-20 20:42:31 saved 770/3217 field=M14/story/06/131 status=saved
2026-09-20 20:42:40 saved 772/3217 field=M14/story/06/133 status=saved
2026-09-20 20:42:48 batch 773-782/3217 launched pid=17772
2026-09-20 20:43:25 saved 780/3217 field=M14/story/06/141 status=saved
2026-09-20 20:43:34 saved 782/3217 field=M14/story/06/143 status=saved
2026-09-20 20:43:42 batch 783-792/3217 launched pid=13272
2026-09-20 20:44:19 saved 790/3217 field=M14/story/06/151 status=saved
2026-09-20 20:44:28 saved 792/3217 field=M14/story/06/153 status=saved
2026-09-20 20:44:36 batch 793-802/3217 launched pid=12944
2026-09-20 20:45:13 saved 800/3217 field=M14/story/06/161 status=saved
2026-09-20 20:45:22 saved 802/3217 field=M14/story/06/163 status=saved
2026-09-20 20:45:30 batch 803-812/3217 launched pid=1736
2026-09-20 20:46:07 saved 810/3217 field=M14/story/06/171 status=saved
2026-09-20 20:46:16 saved 812/3217 field=M14/story/06/173 status=saved
2026-09-20 20:46:24 batch 813-822/3217 launched pid=4764
2026-09-20 20:47:01 saved 820/3217 field=M14/story/06/181 status=saved
2026-09-20 20:47:10 saved 822/3217 field=M14/story/06/183 status=saved
2026-09-20 20:47:18 batch 823-832/3217 launched pid=12824
2026-09-20 20:47:56 batch 830-839/3217 launched pid=1380
2026-09-20 20:48:01 saved 830/3217 field=M14/story/06/191 status=saved
2026-09-20 20:48:42 saved 839/3217 field=M14/story/06/200 status=saved
2026-09-20 20:48:50 batch 840-849/3217 launched pid=2568
2026-09-20 20:48:56 saved 840/3217 field=M14/story/06/201 status=saved
2026-09-20 20:49:36 saved 849/3217 field=M14/story/06/210 status=saved
2026-09-20 20:49:44 batch 850-859/3217 launched pid=11628
2026-09-20 20:49:50 saved 850/3217 field=M14/story/06/211 status=saved
2026-09-20 20:50:31 saved 859/3217 field=M14/story/06/220 status=saved
2026-09-20 20:50:39 batch 860-869/3217 launched pid=11780
2026-09-20 20:50:44 saved 860/3217 field=M14/story/06/221 status=saved
2026-09-20 20:51:26 saved 869/3217 field=M14/story/06/230 status=saved
2026-09-20 20:51:34 batch 870-879/3217 launched pid=14124
2026-09-20 20:51:40 saved 870/3217 field=M14/story/06/231 status=saved
2026-09-20 20:52:21 saved 879/3217 field=M14/story/06/240 status=saved
2026-09-20 20:52:30 batch 880-889/3217 launched pid=5636
2026-09-20 20:52:35 saved 880/3217 field=M14/story/06/241 status=saved
2026-09-20 20:53:15 saved 889/3217 field=M14/story/06/250 status=saved
2026-09-20 20:53:23 batch 890-899/3217 launched pid=16736
2026-09-20 20:53:29 saved 890/3217 field=M14/story/06/251 status=saved
2026-09-20 20:55:13 batch 898-907/3217 launched pid=13108
2026-09-20 20:55:28 saved 900/3217 field=M14/story/08/006 status=saved
2026-09-20 20:55:59 saved 907/3217 field=M14/story/08/013 status=saved
2026-09-20 20:56:07 batch 908-917/3217 launched pid=18180
2026-09-20 20:56:22 saved 910/3217 field=M14/story/08/016 status=saved
2026-09-20 20:56:53 saved 917/3217 field=M14/story/08/023 status=saved
2026-09-20 20:57:01 batch 918-927/3217 launched pid=18292
2026-09-20 20:57:17 saved 920/3217 field=M14/story/08/026 status=saved
2026-09-20 20:57:50 saved 927/3217 field=M14/story/08/033 status=saved
2026-09-20 20:57:58 batch 928-937/3217 launched pid=12036
2026-09-20 20:58:13 saved 930/3217 field=M14/story/08/036 status=saved
2026-09-20 20:58:47 saved 937/3217 field=M14/story/08/043 status=saved
2026-09-20 20:58:54 batch 938-947/3217 launched pid=4484
2026-09-20 20:59:10 saved 940/3217 field=M14/story/08/046 status=saved
2026-09-20 20:59:42 saved 947/3217 field=M14/story/08/053 status=saved
2026-09-20 20:59:54 batch 948-957/3217 launched pid=8844
2026-09-20 21:00:08 saved 950/3217 field=M14/story/08/056 status=saved
2026-09-20 21:01:40 batch 956-965/3217 launched pid=3372
2026-09-20 21:02:04 saved 960/3217 field=M14/story/08/066 status=saved
2026-09-20 21:02:26 saved 965/3217 field=M14/story/08/071 status=saved
2026-09-20 21:02:34 batch 966-975/3217 launched pid=12524
2026-09-20 21:02:58 saved 970/3217 field=M14/story/08/076 status=saved
2026-09-20 21:03:11 batch 972-981/3217 launched pid=12768
2026-09-20 21:03:57 saved 980/3217 field=M14/story/08/086 status=saved
2026-09-20 21:04:02 saved 981/3217 field=M14/story/08/087 status=saved
2026-09-20 21:04:10 batch 982-991/3217 launched pid=17464
2026-09-20 21:04:51 saved 990/3217 field=M14/story/08/096 status=saved
2026-09-20 21:04:56 saved 991/3217 field=M14/story/08/097 status=saved
2026-09-20 21:05:04 batch 992-1001/3217 launched pid=15352
2026-09-20 21:05:45 saved 1000/3217 field=M14/story/08/106 status=saved
2026-09-20 21:05:50 saved 1001/3217 field=M14/story/08/107 status=saved
2026-09-20 21:05:57 batch 1002-1011/3217 launched pid=14580
2026-09-20 21:06:40 saved 1010/3217 field=M14/story/08/116 status=saved
2026-09-20 21:06:44 saved 1011/3217 field=M14/story/08/117 status=saved
2026-09-20 21:06:52 batch 1012-1021/3217 launched pid=15748
2026-09-20 21:07:33 saved 1020/3217 field=M14/story/08/126 status=saved
2026-09-20 21:07:38 saved 1021/3217 field=M14/story/08/127 status=saved
2026-09-20 21:07:46 batch 1022-1031/3217 launched pid=16204
2026-09-20 21:08:28 saved 1030/3217 field=M14/story/08/136 status=saved
2026-09-20 21:08:32 saved 1031/3217 field=M14/story/08/137 status=saved
2026-09-20 21:08:40 batch 1032-1041/3217 launched pid=3264
2026-09-20 21:09:21 saved 1040/3217 field=M14/story/08/146 status=saved
2026-09-20 21:09:26 saved 1041/3217 field=M14/story/08/147 status=saved
2026-09-20 21:09:33 batch 1042-1051/3217 launched pid=16028
2026-09-20 21:10:15 saved 1050/3217 field=M14/story/08/156 status=saved
2026-09-20 21:10:19 saved 1051/3217 field=M14/story/08/157 status=saved
2026-09-20 21:10:28 batch 1052-1061/3217 launched pid=4356
2026-09-20 21:11:08 saved 1060/3217 field=M14/story/08/166 status=saved
2026-09-20 21:11:13 saved 1061/3217 field=M14/story/08/167 status=saved
2026-09-20 21:11:21 batch 1062-1071/3217 launched pid=9652
2026-09-20 21:12:02 saved 1070/3217 field=M14/story/08/176 status=saved
2026-09-20 21:12:06 saved 1071/3217 field=M14/story/08/177 status=saved
2026-09-20 21:12:15 batch 1072-1081/3217 launched pid=4344
2026-09-20 21:12:56 saved 1080/3217 field=M14/story/08/186 status=saved
2026-09-20 21:13:00 saved 1081/3217 field=M14/story/08/187 status=saved
2026-09-20 21:13:08 batch 1082-1091/3217 launched pid=9916
2026-09-20 21:13:49 saved 1090/3217 field=M14/story/08/196 status=saved
2026-09-20 21:13:54 saved 1091/3217 field=M14/story/08/197 status=saved
2026-09-20 21:14:01 batch 1092-1101/3217 launched pid=12072
2026-09-20 21:14:42 saved 1100/3217 field=M14/story/08/206 status=saved
2026-09-20 21:14:47 saved 1101/3217 field=M14/story/08/207 status=saved
2026-09-20 21:14:55 batch 1102-1111/3217 launched pid=12820
2026-09-20 21:15:36 saved 1110/3217 field=M14/story/08/216 status=saved
2026-09-20 21:15:41 saved 1111/3217 field=M14/story/08/217 status=saved
2026-09-20 21:15:49 batch 1112-1121/3217 launched pid=16588
2026-09-20 21:16:30 saved 1120/3217 field=M14/story/08/226 status=saved
2026-09-20 21:16:34 saved 1121/3217 field=M14/story/08/227 status=saved
2026-09-20 21:16:42 batch 1122-1131/3217 launched pid=16620
2026-09-20 21:17:24 saved 1130/3217 field=M14/story/08/236 status=saved
2026-09-20 21:17:28 saved 1131/3217 field=M14/story/08/237 status=saved
2026-09-20 21:17:36 batch 1132-1141/3217 launched pid=9060
2026-09-20 21:18:18 saved 1140/3217 field=M14/story/08/246 status=saved
2026-09-20 21:18:22 saved 1141/3217 field=M14/story/08/247 status=saved
2026-09-20 21:18:30 batch 1142-1151/3217 launched pid=14056
2026-09-20 21:19:41 batch 1143-1152/3217 launched pid=13508
2026-09-20 21:20:18 saved 1150/3217 field=M14/story/09/001 status=saved
2026-09-20 21:20:27 saved 1152/3217 field=M14/story/09/003 status=saved
2026-09-20 21:20:35 batch 1153-1162/3217 launched pid=11172
2026-09-20 21:21:12 saved 1160/3217 field=M14/story/09/011 status=saved
2026-09-20 21:21:20 saved 1162/3217 field=M14/story/09/013 status=saved
2026-09-20 21:21:28 batch 1163-1172/3217 launched pid=7760
2026-09-20 21:22:06 saved 1170/3217 field=M14/story/09/021 status=saved
2026-09-20 21:22:15 saved 1172/3217 field=M14/story/09/023 status=saved
2026-09-20 21:22:23 batch 1173-1182/3217 launched pid=12820
2026-09-20 21:23:02 saved 1180/3217 field=M14/story/09/031 status=saved
2026-09-20 21:23:12 saved 1182/3217 field=M14/story/09/033 status=saved
2026-09-20 21:23:20 batch 1183-1192/3217 launched pid=11188
2026-09-20 21:23:59 saved 1190/3217 field=M14/story/09/041 status=saved
2026-09-20 21:24:09 saved 1192/3217 field=M14/story/09/043 status=saved
2026-09-20 21:24:16 batch 1193-1202/3217 launched pid=7932
2026-09-20 21:24:55 saved 1200/3217 field=M14/story/09/051 status=saved
2026-09-20 21:25:03 saved 1202/3217 field=M14/story/09/053 status=saved
2026-09-20 21:25:11 batch 1203-1212/3217 launched pid=14648
2026-09-20 21:25:50 collector retry=1 cursor=1202 error=RuntimeError: Legacy window did not appear before timeout (pid=14648; seen=[])
2026-09-20 21:25:57 batch 1203-1212/3217 launched pid=9076
2026-09-20 21:26:35 saved 1210/3217 field=M14/story/09/061 status=saved
2026-09-20 21:26:44 saved 1212/3217 field=M14/story/09/063 status=saved
2026-09-20 21:26:52 batch 1213-1222/3217 launched pid=10424
2026-09-20 21:27:29 saved 1220/3217 field=M14/story/09/071 status=saved
2026-09-20 21:27:38 saved 1222/3217 field=M14/story/09/073 status=saved
2026-09-20 21:27:49 batch 1223-1232/3217 launched pid=13500
2026-09-20 21:28:27 saved 1230/3217 field=M14/story/09/081 status=saved
2026-09-20 21:28:36 saved 1232/3217 field=M14/story/09/083 status=saved
2026-09-20 21:28:43 batch 1233-1242/3217 launched pid=16388
2026-09-20 21:29:20 saved 1240/3217 field=M14/story/09/091 status=saved
2026-09-20 21:29:29 saved 1242/3217 field=M14/story/09/093 status=saved
2026-09-20 21:29:37 batch 1243-1252/3217 launched pid=9236
2026-09-20 21:30:14 saved 1250/3217 field=M14/story/09/101 status=saved
2026-09-20 21:30:23 saved 1252/3217 field=M14/story/09/103 status=saved
2026-09-20 21:30:30 batch 1253-1262/3217 launched pid=17100
2026-09-20 21:31:07 saved 1260/3217 field=M14/story/09/111 status=saved
2026-09-20 21:31:16 saved 1262/3217 field=M14/story/09/113 status=saved
2026-09-20 21:31:23 batch 1263-1272/3217 launched pid=10920
2026-09-20 21:32:00 saved 1270/3217 field=M14/story/09/121 status=saved
2026-09-20 21:32:09 saved 1272/3217 field=M14/story/09/123 status=saved
2026-09-20 21:32:17 batch 1273-1282/3217 launched pid=14548
2026-09-20 21:32:53 saved 1280/3217 field=M14/story/09/131 status=saved
2026-09-20 21:33:02 saved 1282/3217 field=M14/story/09/133 status=saved
2026-09-20 21:33:11 batch 1283-1292/3217 launched pid=10116
2026-09-20 21:33:48 saved 1290/3217 field=M14/story/09/141 status=saved
2026-09-20 21:33:56 saved 1292/3217 field=M14/story/09/143 status=saved
2026-09-20 21:34:04 batch 1293-1302/3217 launched pid=18392
2026-09-20 21:34:41 saved 1300/3217 field=M14/story/09/151 status=saved
2026-09-20 21:34:50 saved 1302/3217 field=M14/story/09/153 status=saved
2026-09-20 21:34:58 batch 1303-1312/3217 launched pid=7440
2026-09-20 21:35:35 saved 1310/3217 field=M14/story/09/161 status=saved
2026-09-20 21:35:43 saved 1312/3217 field=M14/story/09/163 status=saved
2026-09-20 21:35:52 batch 1313-1322/3217 launched pid=12152
2026-09-20 21:36:28 saved 1320/3217 field=M14/story/09/171 status=saved
2026-09-20 21:36:37 saved 1322/3217 field=M14/story/09/173 status=saved
2026-09-20 21:36:45 batch 1323-1332/3217 launched pid=8972
2026-09-20 21:37:21 saved 1330/3217 field=M14/story/09/181 status=saved
2026-09-20 21:37:30 saved 1332/3217 field=M14/story/09/183 status=saved
2026-09-20 21:37:38 batch 1333-1342/3217 launched pid=4720
2026-09-20 21:38:15 saved 1340/3217 field=M14/story/09/191 status=saved
2026-09-20 21:38:24 saved 1342/3217 field=M14/story/09/193 status=saved
2026-09-20 21:38:32 batch 1343-1352/3217 launched pid=1608
2026-09-20 21:39:08 saved 1350/3217 field=M14/story/09/201 status=saved
2026-09-20 21:39:17 saved 1352/3217 field=M14/story/09/203 status=saved
2026-09-20 21:39:25 batch 1353-1362/3217 launched pid=11160
2026-09-20 21:40:01 saved 1360/3217 field=M14/story/09/211 status=saved
2026-09-20 21:40:10 saved 1362/3217 field=M14/story/09/213 status=saved
2026-09-20 21:40:18 batch 1363-1372/3217 launched pid=10420
2026-09-20 21:40:55 saved 1370/3217 field=M14/story/09/221 status=saved
2026-09-20 21:41:04 saved 1372/3217 field=M14/story/09/223 status=saved
2026-09-20 21:41:11 batch 1373-1382/3217 launched pid=10036
2026-09-20 21:41:48 saved 1380/3217 field=M14/story/09/231 status=saved
2026-09-20 21:41:57 saved 1382/3217 field=M14/story/09/233 status=saved
2026-09-20 21:42:04 batch 1383-1392/3217 launched pid=4420
2026-09-20 21:42:41 saved 1390/3217 field=M14/story/09/241 status=saved
2026-09-20 21:42:50 saved 1392/3217 field=M14/story/09/243 status=saved
2026-09-20 21:42:58 batch 1393-1402/3217 launched pid=13380
2026-09-20 21:43:34 saved 1400/3217 field=M14/story/09/251 status=saved
2026-09-20 21:43:43 saved 1402/3217 field=M14/story/09/253 status=saved
2026-09-20 21:43:51 batch 1403-1412/3217 launched pid=11172
2026-09-20 21:44:28 saved 1410/3217 field=M14/story/0A/006 status=saved
2026-09-20 21:44:37 saved 1412/3217 field=M14/story/0A/008 status=saved
2026-09-20 21:44:45 batch 1413-1422/3217 launched pid=14848
2026-09-20 21:45:22 saved 1420/3217 field=M14/story/0A/016 status=saved
2026-09-20 21:46:21 batch 1421-1430/3217 launched pid=12216
2026-09-20 21:47:08 saved 1430/3217 field=M14/story/0A/026 status=saved
2026-09-20 21:47:16 batch 1431-1440/3217 launched pid=13920
2026-09-20 21:48:05 saved 1440/3217 field=M14/story/0A/036 status=saved
2026-09-20 21:48:12 batch 1441-1450/3217 launched pid=16112
2026-09-20 21:49:01 saved 1450/3217 field=M14/story/0A/046 status=saved
2026-09-20 21:49:09 batch 1451-1460/3217 launched pid=14532
2026-09-20 21:49:55 saved 1460/3217 field=M14/story/0A/056 status=saved
2026-09-20 21:50:04 batch 1461-1470/3217 launched pid=8252
2026-09-20 21:50:50 saved 1470/3217 field=M14/story/0A/066 status=saved
2026-09-20 21:50:57 batch 1471-1480/3217 launched pid=14268
2026-09-20 21:52:09 batch 1474-1483/3217 launched pid=6716
2026-09-20 21:52:42 saved 1480/3217 field=M14/story/0A/076 status=saved
2026-09-20 21:52:55 saved 1483/3217 field=M14/story/0A/079 status=saved
2026-09-20 21:53:04 batch 1484-1493/3217 launched pid=2944
2026-09-20 21:53:36 saved 1490/3217 field=M14/story/0A/086 status=saved
2026-09-20 21:53:49 saved 1493/3217 field=M14/story/0A/089 status=saved
2026-09-20 21:53:57 batch 1494-1503/3217 launched pid=11860
2026-09-20 21:54:29 saved 1500/3217 field=M14/story/0A/096 status=saved
2026-09-20 21:54:42 saved 1503/3217 field=M14/story/0A/099 status=saved
2026-09-20 21:54:50 batch 1504-1513/3217 launched pid=11280
2026-09-20 21:55:23 saved 1510/3217 field=M14/story/0A/106 status=saved
2026-09-20 21:55:37 saved 1513/3217 field=M14/story/0A/109 status=saved
2026-09-20 21:55:45 batch 1514-1523/3217 launched pid=4344
2026-09-20 21:56:17 saved 1520/3217 field=M14/story/0A/116 status=saved
2026-09-20 21:56:30 saved 1523/3217 field=M14/story/0A/119 status=saved
2026-09-20 21:56:38 batch 1524-1533/3217 launched pid=5240
2026-09-20 21:57:10 saved 1530/3217 field=M14/story/0A/126 status=saved
2026-09-20 21:57:23 saved 1533/3217 field=M14/story/0A/129 status=saved
2026-09-20 21:57:31 batch 1534-1543/3217 launched pid=11860
2026-09-20 21:58:03 saved 1540/3217 field=M14/story/0A/136 status=saved
2026-09-20 21:58:16 saved 1543/3217 field=M14/story/0A/139 status=saved
2026-09-20 21:58:24 batch 1544-1553/3217 launched pid=8964
2026-09-20 21:58:56 saved 1550/3217 field=M14/story/0A/146 status=saved
2026-09-20 21:59:10 collector retry=1 cursor=1543 error=RuntimeError: M14 editor did not close after commit
2026-09-20 21:59:17 batch 1551-1560/3217 launched pid=7236
2026-09-20 22:00:03 saved 1560/3217 field=M14/story/0A/156 status=saved
2026-09-20 22:00:11 batch 1561-1570/3217 launched pid=14944
2026-09-20 22:00:56 saved 1570/3217 field=M14/story/0A/166 status=saved
2026-09-20 22:01:05 batch 1571-1580/3217 launched pid=17012
2026-09-20 22:01:50 saved 1580/3217 field=M14/story/0A/176 status=saved
2026-09-20 22:01:58 batch 1581-1590/3217 launched pid=9452
2026-09-20 22:02:44 saved 1590/3217 field=M14/story/0A/186 status=saved
2026-09-20 22:02:51 batch 1591-1600/3217 launched pid=5892
2026-09-20 22:03:37 saved 1600/3217 field=M14/story/0A/196 status=saved
2026-09-20 22:03:45 batch 1601-1610/3217 launched pid=9304
2026-09-20 22:04:30 saved 1610/3217 field=M14/story/0A/206 status=saved
2026-09-20 22:04:39 batch 1611-1620/3217 launched pid=7016
2026-09-20 22:05:25 saved 1620/3217 field=M14/story/0A/216 status=saved
2026-09-20 22:05:33 batch 1621-1630/3217 launched pid=8296
2026-09-20 22:06:18 saved 1630/3217 field=M14/story/0A/226 status=saved
2026-09-20 22:06:26 batch 1631-1640/3217 launched pid=17912
2026-09-20 22:07:11 saved 1640/3217 field=M14/story/0A/236 status=saved
2026-09-20 22:07:19 batch 1641-1650/3217 launched pid=6856
2026-09-20 22:08:04 saved 1650/3217 field=M14/story/0A/246 status=saved
2026-09-20 22:08:12 batch 1651-1660/3217 launched pid=15088
2026-09-20 22:08:58 saved 1660/3217 field=M14/story/0B/001 status=saved
2026-09-20 22:09:06 batch 1661-1670/3217 launched pid=14980
2026-09-20 22:09:51 saved 1670/3217 field=M14/story/0B/011 status=saved
2026-09-20 22:09:59 batch 1671-1680/3217 launched pid=18012
2026-09-20 22:10:45 saved 1680/3217 field=M14/story/0B/021 status=saved
2026-09-20 22:10:52 batch 1681-1690/3217 launched pid=11756
2026-09-20 22:11:40 saved 1690/3217 field=M14/story/0B/031 status=saved
2026-09-20 22:11:48 batch 1691-1700/3217 launched pid=9976
2026-09-20 22:12:30 collector retry=1 cursor=1690 error=RuntimeError: Legacy window did not appear before timeout (pid=9976; seen=['NativeHWNDHost:Mode Indicator', 'CPPToolTip:', 'WTWindow:', '_EL_HideOwner:', 'ComboLBox:', 'Afx:400000:0:10003:0:0:', 'tooltips_class32:', 'MSCTFIME UI:M', 'IME:Default IME', 'NativeHWNDHost:'])
2026-09-20 22:12:39 batch 1696-1705/3217 launched pid=6808
2026-09-20 22:13:03 saved 1700/3217 field=M14/story/0B/041 status=saved
2026-09-20 22:13:27 saved 1705/3217 field=M14/story/0B/046 status=saved
2026-09-20 22:13:35 batch 1706-1715/3217 launched pid=3792
2026-09-20 22:13:59 saved 1710/3217 field=M14/story/0B/051 status=saved
2026-09-20 22:14:30 collector retry=1 cursor=1705 error=RuntimeError: M14 editor did not close after commit
2026-09-20 22:14:38 batch 1715-1724/3217 launched pid=15156
2026-09-20 22:15:06 saved 1720/3217 field=M14/story/0B/061 status=saved
2026-09-20 22:15:24 saved 1724/3217 field=M14/story/0B/065 status=saved
2026-09-20 22:15:32 batch 1725-1734/3217 launched pid=15700
2026-09-20 22:16:00 saved 1730/3217 field=M14/story/0B/071 status=saved
2026-09-20 22:16:18 saved 1734/3217 field=M14/story/0B/075 status=saved
2026-09-20 22:16:25 batch 1735-1744/3217 launched pid=12820
2026-09-20 22:16:53 saved 1740/3217 field=M14/story/0B/081 status=saved
2026-09-20 22:17:11 saved 1744/3217 field=M14/story/0B/085 status=saved
2026-09-20 22:17:19 batch 1745-1754/3217 launched pid=15748
2026-09-20 22:18:39 batch 1750-1759/3217 launched pid=13108
2026-09-20 22:18:45 saved 1750/3217 field=M14/story/0B/091 status=saved
2026-09-20 22:19:25 saved 1759/3217 field=M14/story/0B/100 status=saved
2026-09-20 22:19:33 batch 1760-1769/3217 launched pid=16980
2026-09-20 22:19:38 saved 1760/3217 field=M14/story/0B/101 status=saved
2026-09-20 22:20:18 saved 1769/3217 field=M14/story/0B/110 status=saved
2026-09-20 22:20:26 batch 1770-1779/3217 launched pid=9396
2026-09-20 22:20:32 saved 1770/3217 field=M14/story/0B/111 status=saved
2026-09-20 22:21:12 saved 1779/3217 field=M14/story/0B/120 status=saved
2026-09-20 22:21:19 batch 1780-1789/3217 launched pid=14580
2026-09-20 22:21:25 saved 1780/3217 field=M14/story/0B/121 status=saved
2026-09-20 22:22:05 saved 1789/3217 field=M14/story/0B/130 status=saved
2026-09-20 22:22:13 batch 1790-1799/3217 launched pid=16100
2026-09-20 22:22:18 saved 1790/3217 field=M14/story/0B/131 status=saved
2026-09-20 22:22:58 saved 1799/3217 field=M14/story/0B/140 status=saved
2026-09-20 22:23:08 batch 1800-1809/3217 launched pid=15612
2026-09-20 22:23:14 saved 1800/3217 field=M14/story/0B/141 status=saved
2026-09-20 22:23:55 saved 1809/3217 field=M14/story/0B/150 status=saved
2026-09-20 22:24:05 batch 1810-1819/3217 launched pid=14740
2026-09-20 22:24:11 saved 1810/3217 field=M14/story/0B/151 status=saved
2026-09-20 22:24:28 collector retry=1 cursor=1809 error=RuntimeError: list row 154 unavailable
2026-09-20 22:24:37 batch 1813-1822/3217 launched pid=14612
2026-09-20 22:25:14 saved 1820/3217 field=M14/story/0B/161 status=saved
2026-09-20 22:25:23 saved 1822/3217 field=M14/story/0B/163 status=saved
2026-09-20 22:25:31 batch 1823-1832/3217 launched pid=636
2026-09-20 22:26:08 saved 1830/3217 field=M14/story/0B/171 status=saved
2026-09-20 22:26:17 saved 1832/3217 field=M14/story/0B/173 status=saved
2026-09-20 22:26:24 batch 1833-1842/3217 launched pid=4152
2026-09-20 22:27:01 saved 1840/3217 field=M14/story/0B/181 status=saved
2026-09-20 22:27:10 saved 1842/3217 field=M14/story/0B/183 status=saved
2026-09-20 22:27:18 batch 1843-1852/3217 launched pid=2904
2026-09-20 22:27:55 saved 1850/3217 field=M14/story/0B/191 status=saved
2026-09-20 22:28:04 saved 1852/3217 field=M14/story/0B/193 status=saved
2026-09-20 22:28:12 batch 1853-1862/3217 launched pid=8832
2026-09-20 22:28:49 saved 1860/3217 field=M14/story/0B/201 status=saved
2026-09-20 22:28:57 saved 1862/3217 field=M14/story/0B/203 status=saved
2026-09-20 22:29:07 batch 1863-1872/3217 launched pid=6856
2026-09-20 22:29:43 saved 1870/3217 field=M14/story/0B/211 status=saved
2026-09-20 22:29:52 saved 1872/3217 field=M14/story/0B/213 status=saved
2026-09-20 22:30:01 batch 1873-1882/3217 launched pid=17808
2026-09-20 22:30:37 saved 1880/3217 field=M14/story/0B/221 status=saved
2026-09-20 22:30:46 saved 1882/3217 field=M14/story/0B/223 status=saved
2026-09-20 22:30:54 batch 1883-1892/3217 launched pid=5684
2026-09-20 22:31:31 saved 1890/3217 field=M14/story/0B/231 status=saved
2026-09-20 22:31:40 saved 1892/3217 field=M14/story/0B/233 status=saved
2026-09-20 22:31:47 batch 1893-1902/3217 launched pid=10936
2026-09-20 22:32:24 saved 1900/3217 field=M14/story/0B/241 status=saved
2026-09-20 22:32:33 saved 1902/3217 field=M14/story/0B/243 status=saved
2026-09-20 22:32:41 batch 1903-1912/3217 launched pid=16184
2026-09-20 22:33:18 saved 1910/3217 field=M14/story/0B/251 status=saved
2026-09-20 22:33:27 saved 1912/3217 field=M14/story/0B/253 status=saved
2026-09-20 22:33:35 batch 1913-1922/3217 launched pid=6940
2026-09-20 22:34:12 saved 1920/3217 field=M14/story/0C/006 status=saved
2026-09-20 22:34:21 saved 1922/3217 field=M14/story/0C/008 status=saved
2026-09-20 22:34:28 batch 1923-1932/3217 launched pid=1744
2026-09-20 22:35:05 saved 1930/3217 field=M14/story/0C/016 status=saved
2026-09-20 22:35:14 saved 1932/3217 field=M14/story/0C/018 status=saved
2026-09-20 22:35:22 batch 1933-1942/3217 launched pid=15436
2026-09-20 22:36:00 saved 1940/3217 field=M14/story/0C/026 status=saved
2026-09-20 22:36:10 saved 1942/3217 field=M14/story/0C/028 status=saved
2026-09-20 22:36:18 batch 1943-1952/3217 launched pid=1352
2026-09-20 22:36:58 saved 1950/3217 field=M14/story/0C/036 status=saved
2026-09-20 22:37:08 saved 1952/3217 field=M14/story/0C/038 status=saved
2026-09-20 22:37:16 batch 1953-1962/3217 launched pid=17860
2026-09-20 22:38:29 batch 1955-1964/3217 launched pid=8132
2026-09-20 22:38:58 saved 1960/3217 field=M14/story/0C/046 status=saved
2026-09-20 22:39:16 saved 1964/3217 field=M14/story/0C/050 status=saved
2026-09-20 22:39:24 batch 1965-1974/3217 launched pid=6252
2026-09-20 22:40:27 batch 1965-1974/3217 launched pid=1452
2026-09-20 22:40:55 saved 1970/3217 field=M14/story/0C/056 status=saved
2026-09-20 22:41:13 saved 1974/3217 field=M14/story/0C/060 status=saved
2026-09-20 22:41:21 batch 1975-1984/3217 launched pid=9820
2026-09-20 22:42:25 batch 1976-1985/3217 launched pid=8764
2026-09-20 22:42:49 saved 1980/3217 field=M14/story/0C/066 status=saved
2026-09-20 22:43:11 saved 1985/3217 field=M14/story/0C/071 status=saved
2026-09-20 22:43:19 batch 1986-1995/3217 launched pid=16192
2026-09-20 22:44:24 batch 1987-1996/3217 launched pid=7040
2026-09-20 22:44:43 saved 1990/3217 field=M14/story/0C/076 status=saved
2026-09-20 22:45:09 saved 1996/3217 field=M14/story/0C/082 status=saved
2026-09-20 22:45:17 batch 1997-2006/3217 launched pid=5748
2026-09-20 22:45:36 saved 2000/3217 field=M14/story/0C/086 status=saved
2026-09-20 22:46:02 saved 2006/3217 field=M14/story/0C/092 status=saved
2026-09-20 22:46:10 batch 2007-2016/3217 launched pid=10304
2026-09-20 22:46:30 saved 2010/3217 field=M14/story/0C/096 status=saved
2026-09-20 22:46:57 saved 2016/3217 field=M14/story/0C/102 status=saved
2026-09-20 22:47:05 batch 2017-2026/3217 launched pid=12892
2026-09-20 22:47:24 saved 2020/3217 field=M14/story/0C/106 status=saved
2026-09-20 22:47:51 saved 2026/3217 field=M14/story/0C/112 status=saved
2026-09-20 22:47:58 batch 2027-2036/3217 launched pid=3956
2026-09-20 22:48:17 saved 2030/3217 field=M14/story/0C/116 status=saved
2026-09-20 22:48:44 saved 2036/3217 field=M14/story/0C/122 status=saved
2026-09-20 22:48:52 batch 2037-2046/3217 launched pid=9448
2026-09-20 22:49:11 saved 2040/3217 field=M14/story/0C/126 status=saved
2026-09-20 22:49:37 saved 2046/3217 field=M14/story/0C/132 status=saved
2026-09-20 22:49:45 batch 2047-2056/3217 launched pid=17916
2026-09-20 22:50:04 saved 2050/3217 field=M14/story/0C/136 status=saved
2026-09-20 22:50:31 saved 2056/3217 field=M14/story/0C/142 status=saved
2026-09-20 22:50:38 batch 2057-2066/3217 launched pid=16324
2026-09-20 22:50:57 saved 2060/3217 field=M14/story/0C/146 status=saved
2026-09-20 22:51:24 saved 2066/3217 field=M14/story/0C/152 status=saved
2026-09-20 22:51:32 batch 2067-2076/3217 launched pid=12552
2026-09-20 22:51:51 saved 2070/3217 field=M14/story/0C/156 status=saved
2026-09-20 22:52:18 saved 2076/3217 field=M14/story/0C/162 status=saved
2026-09-20 22:52:26 batch 2077-2086/3217 launched pid=18192
2026-09-20 22:52:45 saved 2080/3217 field=M14/story/0C/166 status=saved
2026-09-20 22:53:11 saved 2086/3217 field=M14/story/0C/172 status=saved
2026-09-20 22:53:19 batch 2087-2096/3217 launched pid=17876
2026-09-20 22:53:38 saved 2090/3217 field=M14/story/0C/176 status=saved
2026-09-20 22:54:04 saved 2096/3217 field=M14/story/0C/182 status=saved
2026-09-20 22:54:12 batch 2097-2106/3217 launched pid=11796
2026-09-20 22:54:31 saved 2100/3217 field=M14/story/0C/186 status=saved
2026-09-20 22:54:58 saved 2106/3217 field=M14/story/0C/192 status=saved
2026-09-20 22:55:06 batch 2107-2116/3217 launched pid=7260
2026-09-20 22:55:26 saved 2110/3217 field=M14/story/0C/196 status=saved
2026-09-20 22:56:43 batch 2115-2124/3217 launched pid=17916
2026-09-20 22:58:01 batch 2118-2127/3217 launched pid=11420
2026-09-20 22:58:15 saved 2120/3217 field=M14/story/0C/206 status=saved
2026-09-20 22:58:47 saved 2127/3217 field=M14/story/0C/213 status=saved
2026-09-20 22:58:54 batch 2128-2137/3217 launched pid=1976
2026-09-20 22:59:09 saved 2130/3217 field=M14/story/0C/216 status=saved
2026-09-20 22:59:40 saved 2137/3217 field=M14/story/0C/223 status=saved
2026-09-20 22:59:48 batch 2138-2147/3217 launched pid=1268
2026-09-20 23:00:02 saved 2140/3217 field=M14/story/0C/226 status=saved
2026-09-20 23:00:33 saved 2147/3217 field=M14/story/0C/233 status=saved
2026-09-20 23:00:41 batch 2148-2157/3217 launched pid=11948
2026-09-20 23:01:40 batch 2148-2157/3217 launched pid=13660
2026-09-20 23:01:54 saved 2150/3217 field=M14/story/0C/236 status=saved
2026-09-20 23:02:58 batch 2151-2160/3217 launched pid=7076
2026-09-20 23:04:06 batch 2152-2161/3217 launched pid=6856
2026-09-20 23:04:47 saved 2160/3217 field=M14/story/0C/246 status=saved
2026-09-20 23:04:52 saved 2161/3217 field=M14/story/0C/247 status=saved
2026-09-20 23:05:11 waiting for previous reference runtime lock to release
2026-09-20 23:05:41 collector retry=1 cursor=2161 error=PermissionError: [WinError 5] 拒绝访问。: 'D:\\GIT\\mmc3\\output\\verification\\legacy-m14-all-fields-20260920\\reference-runtime\\SRW2_patched.exe'
2026-09-20 23:05:49 waiting for previous reference runtime lock to release
2026-09-20 23:06:19 collector retry=2 cursor=2161 error=PermissionError: [WinError 5] 拒绝访问。: 'D:\\GIT\\mmc3\\output\\verification\\legacy-m14-all-fields-20260920\\reference-runtime\\SRW2_patched.exe'
2026-09-20 23:06:26 waiting for previous reference runtime lock to release
2026-09-20 23:06:56 collector retry=3 cursor=2161 error=PermissionError: [WinError 5] 拒绝访问。: 'D:\\GIT\\mmc3\\output\\verification\\legacy-m14-all-fields-20260920\\reference-runtime\\SRW2_patched.exe'
2026-09-20 23:07:19 waiting for previous reference runtime lock to release
2026-09-20 23:07:41 batch 2162-2162/3217 launched pid=16204
2026-09-20 23:07:47 saved 2162/3217 field=M14/story/0C/248 status=saved
2026-09-20 23:07:55 batch 2163-2163/3217 launched pid=15188
2026-09-20 23:08:00 saved 2163/3217 field=M14/story/0C/249 status=saved
2026-09-20 23:08:08 batch 2164-2164/3217 launched pid=1152
2026-09-20 23:08:14 saved 2164/3217 field=M14/story/0C/250 status=saved
2026-09-20 23:08:21 batch 2165-2165/3217 launched pid=16944
2026-09-20 23:08:27 saved 2165/3217 field=M14/story/0C/251 status=saved
2026-09-20 23:08:35 batch 2166-2166/3217 launched pid=9964
2026-09-20 23:08:40 saved 2166/3217 field=M14/story/0C/252 status=saved
2026-09-20 23:08:49 batch 2167-2167/3217 launched pid=1976
2026-09-20 23:08:54 saved 2167/3217 field=M14/story/0C/253 status=saved
2026-09-20 23:09:03 batch 2168-2168/3217 launched pid=2172
2026-09-20 23:09:08 saved 2168/3217 field=M14/story/0C/254 status=saved
2026-09-20 23:09:16 batch 2169-2169/3217 launched pid=14004
2026-09-20 23:09:22 saved 2169/3217 field=M14/story/0D/000 status=saved
2026-09-20 23:09:30 batch 2170-2170/3217 launched pid=7260
2026-09-20 23:09:36 saved 2170/3217 field=M14/story/0D/001 status=saved
2026-09-20 23:09:43 batch 2171-2171/3217 launched pid=5448
2026-09-20 23:09:49 saved 2171/3217 field=M14/story/0D/002 status=saved
2026-09-20 23:09:57 batch 2172-2172/3217 launched pid=3792
2026-09-20 23:10:02 saved 2172/3217 field=M14/story/0D/003 status=saved
2026-09-20 23:10:10 batch 2173-2173/3217 launched pid=17784
2026-09-20 23:10:16 saved 2173/3217 field=M14/story/0D/004 status=saved
2026-09-20 23:10:24 batch 2174-2174/3217 launched pid=16028
2026-09-20 23:10:29 saved 2174/3217 field=M14/story/0D/005 status=saved
2026-09-20 23:10:37 batch 2175-2175/3217 launched pid=7244
2026-09-20 23:10:42 saved 2175/3217 field=M14/story/0D/006 status=saved
2026-09-20 23:10:50 batch 2176-2176/3217 launched pid=12004
2026-09-20 23:10:56 saved 2176/3217 field=M14/story/0D/007 status=saved
2026-09-20 23:11:04 batch 2177-2177/3217 launched pid=7348
2026-09-20 23:11:10 saved 2177/3217 field=M14/story/0D/008 status=saved
2026-09-20 23:11:21 batch 2178-2178/3217 launched pid=18204
2026-09-20 23:11:27 saved 2178/3217 field=M14/story/0D/009 status=saved
2026-09-20 23:11:34 batch 2179-2179/3217 launched pid=5544
2026-09-20 23:11:40 saved 2179/3217 field=M14/story/0D/010 status=saved
2026-09-20 23:11:48 batch 2180-2180/3217 launched pid=12800
2026-09-20 23:11:53 saved 2180/3217 field=M14/story/0D/011 status=saved
2026-09-20 23:12:01 batch 2181-2181/3217 launched pid=16056
2026-09-20 23:12:07 saved 2181/3217 field=M14/story/0D/012 status=saved
2026-09-20 23:12:15 batch 2182-2182/3217 launched pid=12272
2026-09-20 23:12:20 saved 2182/3217 field=M14/story/0D/013 status=saved
2026-09-20 23:12:28 batch 2183-2183/3217 launched pid=17444
2026-09-20 23:12:34 saved 2183/3217 field=M14/story/0D/014 status=saved
2026-09-20 23:12:41 batch 2184-2184/3217 launched pid=15188
2026-09-20 23:12:47 saved 2184/3217 field=M14/story/0D/015 status=saved
2026-09-20 23:12:55 batch 2185-2185/3217 launched pid=16440
2026-09-20 23:13:00 saved 2185/3217 field=M14/story/0D/016 status=saved
2026-09-20 23:13:08 batch 2186-2186/3217 launched pid=10036
2026-09-20 23:13:14 saved 2186/3217 field=M14/story/0D/017 status=saved
2026-09-20 23:13:22 batch 2187-2187/3217 launched pid=15224
2026-09-20 23:13:27 saved 2187/3217 field=M14/story/0D/018 status=saved
2026-09-20 23:13:35 batch 2188-2188/3217 launched pid=11968
2026-09-20 23:13:41 saved 2188/3217 field=M14/story/0D/019 status=saved
2026-09-20 23:13:48 batch 2189-2189/3217 launched pid=16296
2026-09-20 23:13:54 saved 2189/3217 field=M14/story/0D/020 status=saved
2026-09-20 23:14:02 batch 2190-2190/3217 launched pid=18372
2026-09-20 23:14:08 saved 2190/3217 field=M14/story/0D/021 status=saved
2026-09-20 23:14:16 batch 2191-2191/3217 launched pid=11036
2026-09-20 23:14:22 saved 2191/3217 field=M14/story/0D/022 status=saved
2026-09-20 23:14:29 batch 2192-2192/3217 launched pid=8012
2026-09-20 23:14:35 saved 2192/3217 field=M14/story/0D/023 status=saved
2026-09-20 23:14:43 batch 2193-2193/3217 launched pid=12652
2026-09-20 23:14:49 saved 2193/3217 field=M14/story/0D/024 status=saved
2026-09-20 23:14:57 batch 2194-2194/3217 launched pid=2568
2026-09-20 23:15:03 saved 2194/3217 field=M14/story/0D/025 status=saved
2026-09-20 23:15:11 batch 2195-2195/3217 launched pid=17540
2026-09-20 23:15:17 saved 2195/3217 field=M14/story/0D/026 status=saved
2026-09-20 23:15:24 batch 2196-2196/3217 launched pid=15876
2026-09-20 23:15:30 saved 2196/3217 field=M14/story/0D/027 status=saved
2026-09-20 23:15:38 batch 2197-2197/3217 launched pid=13424
2026-09-20 23:15:44 saved 2197/3217 field=M14/story/0D/028 status=saved
2026-09-20 23:15:52 batch 2198-2198/3217 launched pid=2632
2026-09-20 23:15:58 saved 2198/3217 field=M14/story/0D/029 status=saved
2026-09-20 23:16:06 batch 2199-2199/3217 launched pid=5892
2026-09-20 23:16:12 saved 2199/3217 field=M14/story/0D/030 status=saved
2026-09-20 23:16:19 batch 2200-2200/3217 launched pid=9916
2026-09-20 23:16:25 saved 2200/3217 field=M14/story/0D/031 status=saved
2026-09-20 23:16:34 batch 2201-2201/3217 launched pid=636
2026-09-20 23:16:40 saved 2201/3217 field=M14/story/0D/032 status=saved
2026-09-20 23:16:48 batch 2202-2202/3217 launched pid=12416
2026-09-20 23:16:54 saved 2202/3217 field=M14/story/0D/033 status=saved
2026-09-20 23:17:01 batch 2203-2203/3217 launched pid=17912
2026-09-20 23:17:08 saved 2203/3217 field=M14/story/0D/034 status=saved
2026-09-20 23:17:16 batch 2204-2204/3217 launched pid=9652
2026-09-20 23:17:22 saved 2204/3217 field=M14/story/0D/035 status=saved
2026-09-20 23:17:30 batch 2205-2205/3217 launched pid=12200
2026-09-20 23:17:36 saved 2205/3217 field=M14/story/0D/036 status=saved
2026-09-20 23:17:44 batch 2206-2206/3217 launched pid=5576
2026-09-20 23:17:50 saved 2206/3217 field=M14/story/0D/037 status=saved
2026-09-20 23:17:57 batch 2207-2207/3217 launched pid=12084
2026-09-20 23:18:03 saved 2207/3217 field=M14/story/0D/038 status=saved
2026-09-20 23:18:11 batch 2208-2208/3217 launched pid=10944
2026-09-20 23:18:16 saved 2208/3217 field=M14/story/0D/039 status=saved
2026-09-20 23:18:24 batch 2209-2209/3217 launched pid=13824
2026-09-20 23:18:30 saved 2209/3217 field=M14/story/0D/040 status=saved
2026-09-20 23:18:37 batch 2210-2210/3217 launched pid=14896
2026-09-20 23:18:43 saved 2210/3217 field=M14/story/0D/041 status=saved
2026-09-20 23:18:51 batch 2211-2211/3217 launched pid=13500
2026-09-20 23:18:57 saved 2211/3217 field=M14/story/0D/042 status=saved
2026-09-20 23:19:09 batch 2212-2212/3217 launched pid=5416
2026-09-20 23:19:14 saved 2212/3217 field=M14/story/0D/043 status=saved
2026-09-20 23:19:23 batch 2213-2213/3217 launched pid=14988
2026-09-20 23:19:29 saved 2213/3217 field=M14/story/0D/044 status=saved
2026-09-20 23:19:37 batch 2214-2214/3217 launched pid=4688
2026-09-20 23:19:43 saved 2214/3217 field=M14/story/0D/045 status=saved
2026-09-20 23:19:51 batch 2215-2215/3217 launched pid=9896
2026-09-20 23:19:57 saved 2215/3217 field=M14/story/0D/046 status=saved
2026-09-20 23:20:05 batch 2216-2216/3217 launched pid=12624
2026-09-20 23:20:11 saved 2216/3217 field=M14/story/0D/047 status=saved
2026-09-20 23:20:19 batch 2217-2217/3217 launched pid=11560
2026-09-20 23:20:24 saved 2217/3217 field=M14/story/0D/048 status=saved
2026-09-20 23:20:32 batch 2218-2218/3217 launched pid=13448
2026-09-20 23:20:38 saved 2218/3217 field=M14/story/0D/049 status=saved
2026-09-20 23:20:46 batch 2219-2219/3217 launched pid=12312
2026-09-20 23:20:51 saved 2219/3217 field=M14/story/0D/050 status=saved
2026-09-20 23:20:59 batch 2220-2220/3217 launched pid=2440
2026-09-20 23:21:05 saved 2220/3217 field=M14/story/0D/051 status=saved
2026-09-20 23:21:13 batch 2221-2221/3217 launched pid=18244
2026-09-20 23:21:18 saved 2221/3217 field=M14/story/0D/052 status=saved
2026-09-20 23:21:26 batch 2222-2222/3217 launched pid=15640
2026-09-20 23:21:32 saved 2222/3217 field=M14/story/0D/053 status=saved
2026-09-20 23:21:41 batch 2223-2223/3217 launched pid=18332
2026-09-20 23:21:46 saved 2223/3217 field=M14/story/0D/054 status=saved
2026-09-20 23:21:54 batch 2224-2224/3217 launched pid=16876
2026-09-20 23:22:00 saved 2224/3217 field=M14/story/0D/055 status=saved
2026-09-20 23:22:07 batch 2225-2225/3217 launched pid=10992
2026-09-20 23:23:10 batch 2225-2225/3217 launched pid=8380
2026-09-20 23:23:16 saved 2225/3217 field=M14/story/0D/056 status=saved
2026-09-20 23:23:24 batch 2226-2226/3217 launched pid=16008
2026-09-20 23:23:29 saved 2226/3217 field=M14/story/0D/057 status=saved
2026-09-20 23:23:37 batch 2227-2227/3217 launched pid=15412
2026-09-20 23:23:43 saved 2227/3217 field=M14/story/0D/058 status=saved
2026-09-20 23:23:50 batch 2228-2228/3217 launched pid=15156
2026-09-20 23:23:56 saved 2228/3217 field=M14/story/0D/059 status=saved
2026-09-20 23:24:04 batch 2229-2229/3217 launched pid=14332
2026-09-20 23:24:09 saved 2229/3217 field=M14/story/0D/060 status=saved
2026-09-20 23:24:17 batch 2230-2230/3217 launched pid=3800
2026-09-20 23:24:23 saved 2230/3217 field=M14/story/0D/061 status=saved
2026-09-20 23:24:31 batch 2231-2231/3217 launched pid=12456
2026-09-20 23:24:36 saved 2231/3217 field=M14/story/0D/062 status=saved
2026-09-20 23:24:44 batch 2232-2232/3217 launched pid=15900
2026-09-20 23:24:50 saved 2232/3217 field=M14/story/0D/063 status=saved
2026-09-20 23:24:57 batch 2233-2233/3217 launched pid=14084
2026-09-20 23:25:03 saved 2233/3217 field=M14/story/0D/064 status=saved
2026-09-20 23:25:11 batch 2234-2234/3217 launched pid=8068
2026-09-20 23:25:17 saved 2234/3217 field=M14/story/0D/065 status=saved
2026-09-20 23:25:28 batch 2235-2235/3217 launched pid=11636
2026-09-20 23:25:34 saved 2235/3217 field=M14/story/0D/066 status=saved
2026-09-20 23:25:42 batch 2236-2236/3217 launched pid=11968
2026-09-20 23:25:47 saved 2236/3217 field=M14/story/0D/067 status=saved
2026-09-20 23:25:55 batch 2237-2237/3217 launched pid=12332
2026-09-20 23:26:00 saved 2237/3217 field=M14/story/0D/068 status=saved
2026-09-20 23:26:08 batch 2238-2238/3217 launched pid=13580
2026-09-20 23:26:14 saved 2238/3217 field=M14/story/0D/069 status=saved
2026-09-20 23:26:22 batch 2239-2239/3217 launched pid=16964
2026-09-20 23:26:27 saved 2239/3217 field=M14/story/0D/070 status=saved
2026-09-20 23:26:35 batch 2240-2240/3217 launched pid=17464
2026-09-20 23:26:40 saved 2240/3217 field=M14/story/0D/071 status=saved
2026-09-20 23:26:52 batch 2241-2241/3217 launched pid=6768
2026-09-20 23:26:58 saved 2241/3217 field=M14/story/0D/072 status=saved
2026-09-20 23:27:05 batch 2242-2242/3217 launched pid=6040
2026-09-20 23:27:11 saved 2242/3217 field=M14/story/0D/073 status=saved
2026-09-20 23:27:19 batch 2243-2243/3217 launched pid=15252
2026-09-20 23:27:24 saved 2243/3217 field=M14/story/0D/074 status=saved
2026-09-20 23:27:32 batch 2244-2244/3217 launched pid=15516
2026-09-20 23:27:38 saved 2244/3217 field=M14/story/0D/075 status=saved
2026-09-20 23:27:46 batch 2245-2245/3217 launched pid=15636
2026-09-20 23:27:52 saved 2245/3217 field=M14/story/0D/076 status=saved
2026-09-20 23:27:59 batch 2246-2246/3217 launched pid=9092
2026-09-20 23:28:05 saved 2246/3217 field=M14/story/0D/077 status=saved
2026-09-20 23:28:12 batch 2247-2247/3217 launched pid=6940
2026-09-20 23:28:18 saved 2247/3217 field=M14/story/0D/078 status=saved
2026-09-20 23:28:26 batch 2248-2248/3217 launched pid=11160
2026-09-20 23:28:32 saved 2248/3217 field=M14/story/0D/079 status=saved
2026-09-20 23:28:39 batch 2249-2249/3217 launched pid=2812
2026-09-20 23:29:39 batch 2249-2249/3217 launched pid=16472
2026-09-20 23:29:45 saved 2249/3217 field=M14/story/0D/080 status=saved
2026-09-20 23:29:53 batch 2250-2250/3217 launched pid=18244
2026-09-20 23:29:58 saved 2250/3217 field=M14/story/0D/081 status=saved
2026-09-20 23:30:06 batch 2251-2251/3217 launched pid=10420
2026-09-20 23:30:11 saved 2251/3217 field=M14/story/0D/082 status=saved
2026-09-20 23:30:19 batch 2252-2252/3217 launched pid=15828
2026-09-20 23:30:25 saved 2252/3217 field=M14/story/0D/083 status=saved
2026-09-20 23:30:33 batch 2253-2253/3217 launched pid=7200
2026-09-20 23:30:39 saved 2253/3217 field=M14/story/0D/084 status=saved
2026-09-20 23:30:46 batch 2254-2254/3217 launched pid=13000
2026-09-20 23:30:52 saved 2254/3217 field=M14/story/0D/085 status=saved
2026-09-20 23:31:00 batch 2255-2255/3217 launched pid=13008
2026-09-20 23:31:06 saved 2255/3217 field=M14/story/0D/086 status=saved
2026-09-20 23:31:13 batch 2256-2256/3217 launched pid=8768
2026-09-20 23:31:19 saved 2256/3217 field=M14/story/0D/087 status=saved
2026-09-20 23:31:27 batch 2257-2257/3217 launched pid=18120
2026-09-20 23:31:32 saved 2257/3217 field=M14/story/0D/088 status=saved
2026-09-20 23:31:41 batch 2258-2258/3217 launched pid=18244
2026-09-20 23:31:46 saved 2258/3217 field=M14/story/0D/089 status=saved
2026-09-20 23:31:54 batch 2259-2259/3217 launched pid=17488
2026-09-20 23:31:59 saved 2259/3217 field=M14/story/0D/090 status=saved
2026-09-20 23:32:07 batch 2260-2260/3217 launched pid=4344
2026-09-20 23:32:13 saved 2260/3217 field=M14/story/0D/091 status=saved
2026-09-20 23:32:21 batch 2261-2261/3217 launched pid=16132
2026-09-20 23:32:26 saved 2261/3217 field=M14/story/0D/092 status=saved
2026-09-20 23:32:34 batch 2262-2262/3217 launched pid=13824
2026-09-20 23:32:40 saved 2262/3217 field=M14/story/0D/093 status=saved
2026-09-20 23:32:47 batch 2263-2263/3217 launched pid=3644
2026-09-20 23:32:53 saved 2263/3217 field=M14/story/0D/094 status=saved
2026-09-20 23:33:01 batch 2264-2264/3217 launched pid=16408
2026-09-20 23:33:06 saved 2264/3217 field=M14/story/0D/095 status=saved
2026-09-20 23:33:14 batch 2265-2265/3217 launched pid=12548
2026-09-20 23:33:20 saved 2265/3217 field=M14/story/0D/096 status=saved
2026-09-20 23:33:27 batch 2266-2266/3217 launched pid=2056
2026-09-20 23:33:33 saved 2266/3217 field=M14/story/0D/097 status=saved
2026-09-20 23:33:41 batch 2267-2267/3217 launched pid=15900
2026-09-20 23:33:46 saved 2267/3217 field=M14/story/0D/098 status=saved
2026-09-20 23:33:54 batch 2268-2268/3217 launched pid=14856
2026-09-20 23:34:00 saved 2268/3217 field=M14/story/0D/099 status=saved
2026-09-20 23:34:07 batch 2269-2269/3217 launched pid=12928
2026-09-20 23:34:13 saved 2269/3217 field=M14/story/0D/100 status=saved
2026-09-20 23:34:21 batch 2270-2270/3217 launched pid=2440
2026-09-20 23:34:27 saved 2270/3217 field=M14/story/0D/101 status=saved
2026-09-20 23:34:34 batch 2271-2271/3217 launched pid=8968
2026-09-20 23:34:40 saved 2271/3217 field=M14/story/0D/102 status=saved
2026-09-20 23:34:48 batch 2272-2272/3217 launched pid=18136
2026-09-20 23:34:53 saved 2272/3217 field=M14/story/0D/103 status=saved
2026-09-20 23:35:01 batch 2273-2273/3217 launched pid=1932
2026-09-20 23:35:07 saved 2273/3217 field=M14/story/0D/104 status=saved
2026-09-20 23:35:14 batch 2274-2274/3217 launched pid=6208
2026-09-20 23:35:20 saved 2274/3217 field=M14/story/0D/105 status=saved
2026-09-20 23:35:28 batch 2275-2275/3217 launched pid=10904
2026-09-20 23:35:33 saved 2275/3217 field=M14/story/0D/106 status=saved
2026-09-20 23:35:41 batch 2276-2276/3217 launched pid=11484
2026-09-20 23:35:47 saved 2276/3217 field=M14/story/0D/107 status=saved
2026-09-20 23:35:55 batch 2277-2277/3217 launched pid=17916
2026-09-20 23:36:01 saved 2277/3217 field=M14/story/0D/108 status=saved
2026-09-20 23:36:09 batch 2278-2278/3217 launched pid=10928
2026-09-20 23:36:14 saved 2278/3217 field=M14/story/0D/109 status=saved
2026-09-20 23:36:22 batch 2279-2279/3217 launched pid=16904
2026-09-20 23:36:28 saved 2279/3217 field=M14/story/0D/110 status=saved
2026-09-20 23:36:36 batch 2280-2280/3217 launched pid=18408
2026-09-20 23:36:41 saved 2280/3217 field=M14/story/0D/111 status=saved
2026-09-20 23:36:49 batch 2281-2281/3217 launched pid=9804
2026-09-20 23:36:55 saved 2281/3217 field=M14/story/0D/112 status=saved
2026-09-20 23:37:04 batch 2282-2282/3217 launched pid=11232
2026-09-20 23:37:09 saved 2282/3217 field=M14/story/0D/113 status=saved
2026-09-20 23:37:17 batch 2283-2283/3217 launched pid=8828
2026-09-20 23:37:23 saved 2283/3217 field=M14/story/0D/114 status=saved
2026-09-20 23:37:30 batch 2284-2284/3217 launched pid=14888
2026-09-20 23:37:36 saved 2284/3217 field=M14/story/0D/115 status=saved
2026-09-20 23:37:44 batch 2285-2285/3217 launched pid=10956
2026-09-20 23:37:49 saved 2285/3217 field=M14/story/0D/116 status=saved
2026-09-20 23:37:57 batch 2286-2286/3217 launched pid=8244
2026-09-20 23:38:03 saved 2286/3217 field=M14/story/0D/117 status=saved
2026-09-20 23:38:10 batch 2287-2287/3217 launched pid=10636
2026-09-20 23:38:16 saved 2287/3217 field=M14/story/0D/118 status=saved
2026-09-20 23:38:24 batch 2288-2288/3217 launched pid=5152
2026-09-20 23:38:29 saved 2288/3217 field=M14/story/0D/119 status=saved
2026-09-20 23:38:37 batch 2289-2289/3217 launched pid=6140
2026-09-20 23:38:43 saved 2289/3217 field=M14/story/0D/120 status=saved
2026-09-20 23:38:50 batch 2290-2290/3217 launched pid=16944
2026-09-20 23:38:56 saved 2290/3217 field=M14/story/0D/121 status=saved
2026-09-20 23:39:04 batch 2291-2291/3217 launched pid=16620
2026-09-20 23:39:09 saved 2291/3217 field=M14/story/0D/122 status=saved
2026-09-20 23:39:17 batch 2292-2292/3217 launched pid=11612
2026-09-20 23:39:23 saved 2292/3217 field=M14/story/0D/123 status=saved
2026-09-20 23:39:31 batch 2293-2293/3217 launched pid=7244
2026-09-20 23:39:36 saved 2293/3217 field=M14/story/0D/124 status=saved
2026-09-20 23:39:44 batch 2294-2294/3217 launched pid=9284
2026-09-20 23:39:49 saved 2294/3217 field=M14/story/0D/125 status=saved
2026-09-20 23:39:57 batch 2295-2295/3217 launched pid=9636
2026-09-20 23:40:03 saved 2295/3217 field=M14/story/0D/126 status=saved
2026-09-20 23:40:10 batch 2296-2296/3217 launched pid=4996
2026-09-20 23:40:16 saved 2296/3217 field=M14/story/0D/127 status=saved
2026-09-20 23:40:24 batch 2297-2297/3217 launched pid=18332
2026-09-20 23:40:29 saved 2297/3217 field=M14/story/0D/128 status=saved
2026-09-20 23:40:41 batch 2298-2298/3217 launched pid=7348
2026-09-20 23:40:46 saved 2298/3217 field=M14/story/0D/129 status=saved
2026-09-20 23:40:54 batch 2299-2299/3217 launched pid=13900
2026-09-20 23:41:00 saved 2299/3217 field=M14/story/0D/130 status=saved
2026-09-20 23:41:07 batch 2300-2300/3217 launched pid=8460
2026-09-20 23:41:13 saved 2300/3217 field=M14/story/0D/131 status=saved
2026-09-20 23:41:21 batch 2301-2301/3217 launched pid=16756
2026-09-20 23:41:26 saved 2301/3217 field=M14/story/0D/132 status=saved
2026-09-20 23:41:34 batch 2302-2302/3217 launched pid=12272
2026-09-20 23:41:40 saved 2302/3217 field=M14/story/0D/133 status=saved
2026-09-20 23:41:48 batch 2303-2303/3217 launched pid=8296
2026-09-20 23:41:54 saved 2303/3217 field=M14/story/0D/134 status=saved
2026-09-20 23:42:02 batch 2304-2304/3217 launched pid=8964
2026-09-20 23:42:08 saved 2304/3217 field=M14/story/0D/135 status=saved
2026-09-20 23:42:15 batch 2305-2305/3217 launched pid=11860
2026-09-20 23:42:21 saved 2305/3217 field=M14/story/0D/136 status=saved
2026-09-20 23:42:29 batch 2306-2306/3217 launched pid=15004
2026-09-20 23:42:34 saved 2306/3217 field=M14/story/0D/137 status=saved
2026-09-20 23:42:42 batch 2307-2307/3217 launched pid=17624
2026-09-20 23:42:48 saved 2307/3217 field=M14/story/0D/138 status=saved
2026-09-20 23:42:56 batch 2308-2308/3217 launched pid=11628
2026-09-20 23:43:01 saved 2308/3217 field=M14/story/0D/139 status=saved
2026-09-20 23:43:09 batch 2309-2309/3217 launched pid=9424
2026-09-20 23:43:15 saved 2309/3217 field=M14/story/0D/140 status=saved
2026-09-20 23:43:22 batch 2310-2310/3217 launched pid=15708
2026-09-20 23:43:28 saved 2310/3217 field=M14/story/0D/141 status=saved
2026-09-20 23:43:37 batch 2311-2311/3217 launched pid=17356
2026-09-20 23:43:43 saved 2311/3217 field=M14/story/0D/142 status=saved
2026-09-20 23:43:50 batch 2312-2312/3217 launched pid=10280
2026-09-20 23:43:56 saved 2312/3217 field=M14/story/0D/143 status=saved
2026-09-20 23:44:04 batch 2313-2313/3217 launched pid=9232
2026-09-20 23:45:08 batch 2313-2313/3217 launched pid=17524
2026-09-20 23:45:14 saved 2313/3217 field=M14/story/0D/144 status=saved
2026-09-20 23:45:22 batch 2314-2314/3217 launched pid=6856
2026-09-20 23:45:28 saved 2314/3217 field=M14/story/0D/145 status=saved
2026-09-20 23:45:36 batch 2315-2315/3217 launched pid=13340
2026-09-20 23:45:41 saved 2315/3217 field=M14/story/0D/146 status=saved
2026-09-20 23:45:49 batch 2316-2316/3217 launched pid=2984
2026-09-20 23:45:55 saved 2316/3217 field=M14/story/0D/147 status=saved
2026-09-20 23:46:03 batch 2317-2317/3217 launched pid=9280
2026-09-20 23:46:09 saved 2317/3217 field=M14/story/0D/148 status=saved
2026-09-20 23:46:17 batch 2318-2318/3217 launched pid=14648
2026-09-20 23:46:23 saved 2318/3217 field=M14/story/0D/149 status=saved
2026-09-20 23:46:31 batch 2319-2319/3217 launched pid=10168
2026-09-20 23:46:36 saved 2319/3217 field=M14/story/0D/150 status=saved
2026-09-20 23:46:44 batch 2320-2320/3217 launched pid=2236
2026-09-20 23:46:50 saved 2320/3217 field=M14/story/0D/151 status=saved
2026-09-20 23:46:57 batch 2321-2321/3217 launched pid=14612
2026-09-20 23:47:03 saved 2321/3217 field=M14/story/0D/152 status=saved
2026-09-20 23:47:10 batch 2322-2322/3217 launched pid=7348
2026-09-20 23:47:16 saved 2322/3217 field=M14/story/0D/153 status=saved
2026-09-20 23:47:24 batch 2323-2323/3217 launched pid=4468
2026-09-20 23:47:29 saved 2323/3217 field=M14/story/0D/154 status=saved
2026-09-20 23:47:37 batch 2324-2324/3217 launched pid=11408
2026-09-20 23:47:43 saved 2324/3217 field=M14/story/0D/155 status=saved
2026-09-20 23:47:51 batch 2325-2325/3217 launched pid=8156
2026-09-20 23:47:56 saved 2325/3217 field=M14/story/0D/156 status=saved
2026-09-20 23:48:04 batch 2326-2326/3217 launched pid=18368
2026-09-20 23:48:10 saved 2326/3217 field=M14/story/0D/157 status=saved
2026-09-20 23:48:17 batch 2327-2327/3217 launched pid=13768
2026-09-20 23:48:23 saved 2327/3217 field=M14/story/0D/158 status=saved
2026-09-20 23:48:31 batch 2328-2328/3217 launched pid=16464
2026-09-20 23:48:36 saved 2328/3217 field=M14/story/0D/159 status=saved
2026-09-20 23:48:44 batch 2329-2329/3217 launched pid=17684
2026-09-20 23:48:49 saved 2329/3217 field=M14/story/0D/160 status=saved
2026-09-20 23:48:57 batch 2330-2330/3217 launched pid=3068
2026-09-20 23:49:03 saved 2330/3217 field=M14/story/0D/161 status=saved
2026-09-20 23:49:11 batch 2331-2331/3217 launched pid=15652
2026-09-20 23:49:16 saved 2331/3217 field=M14/story/0D/162 status=saved
2026-09-20 23:49:24 batch 2332-2332/3217 launched pid=15284
2026-09-20 23:49:29 saved 2332/3217 field=M14/story/0D/163 status=saved
2026-09-20 23:49:37 batch 2333-2333/3217 launched pid=8448
2026-09-20 23:49:43 saved 2333/3217 field=M14/story/0D/164 status=saved
2026-09-20 23:49:51 batch 2334-2334/3217 launched pid=6184
2026-09-20 23:49:56 saved 2334/3217 field=M14/story/0D/165 status=saved
2026-09-20 23:50:05 batch 2335-2335/3217 launched pid=16276
2026-09-20 23:50:10 saved 2335/3217 field=M14/story/0D/166 status=saved
2026-09-20 23:50:18 batch 2336-2336/3217 launched pid=11408
2026-09-20 23:50:24 saved 2336/3217 field=M14/story/0D/167 status=saved
2026-09-20 23:50:32 batch 2337-2337/3217 launched pid=9296
2026-09-20 23:50:37 saved 2337/3217 field=M14/story/0D/168 status=saved
2026-09-20 23:50:45 batch 2338-2338/3217 launched pid=13892
2026-09-20 23:50:51 saved 2338/3217 field=M14/story/0D/169 status=saved
2026-09-20 23:50:58 batch 2339-2339/3217 launched pid=6852
2026-09-20 23:51:04 saved 2339/3217 field=M14/story/0D/170 status=saved
2026-09-20 23:51:12 batch 2340-2340/3217 launched pid=17152
2026-09-20 23:51:17 saved 2340/3217 field=M14/story/0D/171 status=saved
2026-09-20 23:51:25 batch 2341-2341/3217 launched pid=10080
2026-09-20 23:51:31 saved 2341/3217 field=M14/story/0D/172 status=saved
2026-09-20 23:51:38 batch 2342-2342/3217 launched pid=8860
2026-09-20 23:51:44 saved 2342/3217 field=M14/story/0D/173 status=saved
2026-09-20 23:51:52 batch 2343-2343/3217 launched pid=10932
2026-09-20 23:51:57 saved 2343/3217 field=M14/story/0D/174 status=saved
2026-09-20 23:52:05 batch 2344-2344/3217 launched pid=17596
2026-09-20 23:52:10 saved 2344/3217 field=M14/story/0D/175 status=saved
2026-09-20 23:52:18 batch 2345-2345/3217 launched pid=6704
2026-09-20 23:52:24 saved 2345/3217 field=M14/story/0D/176 status=saved
2026-09-20 23:52:32 batch 2346-2346/3217 launched pid=13200
2026-09-20 23:52:37 saved 2346/3217 field=M14/story/0D/177 status=saved
2026-09-20 23:52:45 batch 2347-2347/3217 launched pid=14568
2026-09-20 23:52:51 saved 2347/3217 field=M14/story/0D/178 status=saved
2026-09-20 23:52:58 batch 2348-2348/3217 launched pid=9648
2026-09-20 23:53:04 saved 2348/3217 field=M14/story/0D/179 status=saved
2026-09-20 23:53:12 batch 2349-2349/3217 launched pid=12344
2026-09-20 23:53:18 saved 2349/3217 field=M14/story/0D/180 status=saved
2026-09-20 23:53:25 batch 2350-2350/3217 launched pid=2604
2026-09-20 23:53:31 saved 2350/3217 field=M14/story/0D/181 status=saved
2026-09-20 23:53:42 batch 2351-2351/3217 launched pid=9040
2026-09-20 23:53:47 saved 2351/3217 field=M14/story/0D/182 status=saved
2026-09-20 23:53:55 batch 2352-2352/3217 launched pid=12820
2026-09-20 23:54:01 saved 2352/3217 field=M14/story/0D/183 status=saved
2026-09-20 23:54:09 batch 2353-2353/3217 launched pid=7112
2026-09-20 23:54:15 saved 2353/3217 field=M14/story/0D/184 status=saved
2026-09-20 23:54:22 batch 2354-2354/3217 launched pid=3500
2026-09-20 23:54:28 saved 2354/3217 field=M14/story/0D/185 status=saved
2026-09-20 23:54:36 batch 2355-2355/3217 launched pid=10904
2026-09-20 23:54:41 saved 2355/3217 field=M14/story/0D/186 status=saved
2026-09-20 23:54:49 batch 2356-2356/3217 launched pid=16428
2026-09-20 23:54:55 saved 2356/3217 field=M14/story/0D/187 status=saved
2026-09-20 23:55:04 batch 2357-2357/3217 launched pid=6656
2026-09-20 23:56:07 batch 2357-2357/3217 launched pid=16984
2026-09-20 23:56:13 saved 2357/3217 field=M14/story/0D/188 status=saved
2026-09-20 23:56:20 batch 2358-2358/3217 launched pid=14340
2026-09-20 23:56:26 saved 2358/3217 field=M14/story/0D/189 status=saved
2026-09-20 23:56:34 batch 2359-2359/3217 launched pid=15268
2026-09-20 23:56:39 saved 2359/3217 field=M14/story/0D/190 status=saved
2026-09-20 23:56:47 batch 2360-2360/3217 launched pid=5892
2026-09-20 23:56:53 saved 2360/3217 field=M14/story/0D/191 status=saved
2026-09-20 23:57:00 batch 2361-2361/3217 launched pid=11720
2026-09-20 23:57:06 saved 2361/3217 field=M14/story/0D/192 status=saved
2026-09-20 23:57:14 batch 2362-2362/3217 launched pid=17000
2026-09-20 23:57:20 saved 2362/3217 field=M14/story/0D/193 status=saved
2026-09-20 23:57:27 batch 2363-2363/3217 launched pid=18316
2026-09-20 23:57:33 saved 2363/3217 field=M14/story/0D/194 status=saved
2026-09-20 23:57:41 batch 2364-2364/3217 launched pid=15124
2026-09-20 23:57:46 saved 2364/3217 field=M14/story/0D/195 status=saved
2026-09-20 23:57:54 batch 2365-2365/3217 launched pid=14132
2026-09-20 23:58:00 saved 2365/3217 field=M14/story/0D/196 status=saved
2026-09-20 23:58:08 batch 2366-2366/3217 launched pid=17968
2026-09-20 23:58:13 saved 2366/3217 field=M14/story/0D/197 status=saved
2026-09-20 23:58:21 batch 2367-2367/3217 launched pid=17364
2026-09-20 23:58:27 saved 2367/3217 field=M14/story/0D/198 status=saved
2026-09-20 23:58:35 batch 2368-2368/3217 launched pid=17416
2026-09-20 23:58:40 saved 2368/3217 field=M14/story/0D/199 status=saved
2026-09-20 23:58:48 batch 2369-2369/3217 launched pid=1340
2026-09-20 23:58:54 saved 2369/3217 field=M14/story/0D/200 status=saved
2026-09-20 23:59:01 batch 2370-2370/3217 launched pid=13008
2026-09-20 23:59:07 saved 2370/3217 field=M14/story/0D/201 status=saved
2026-09-20 23:59:15 batch 2371-2371/3217 launched pid=11964
2026-09-20 23:59:21 saved 2371/3217 field=M14/story/0D/202 status=saved
2026-09-20 23:59:29 batch 2372-2372/3217 launched pid=14936
2026-09-20 23:59:34 saved 2372/3217 field=M14/story/0D/203 status=saved
2026-09-20 23:59:42 batch 2373-2373/3217 launched pid=16944
2026-09-20 23:59:48 saved 2373/3217 field=M14/story/0D/204 status=saved
2026-09-20 23:59:55 batch 2374-2374/3217 launched pid=16624
2026-09-21 00:00:01 saved 2374/3217 field=M14/story/0D/205 status=saved
2026-09-21 00:00:09 batch 2375-2375/3217 launched pid=15144
2026-09-21 00:00:14 saved 2375/3217 field=M14/story/0D/206 status=saved
2026-09-21 00:00:22 batch 2376-2376/3217 launched pid=12728
2026-09-21 00:00:28 saved 2376/3217 field=M14/story/0D/207 status=saved
2026-09-21 00:00:35 batch 2377-2377/3217 launched pid=2056
2026-09-21 00:00:41 saved 2377/3217 field=M14/story/0D/208 status=saved
2026-09-21 00:00:49 batch 2378-2378/3217 launched pid=12520
2026-09-21 00:00:55 saved 2378/3217 field=M14/story/0D/209 status=saved
2026-09-21 00:01:03 batch 2379-2379/3217 launched pid=11836
2026-09-21 00:01:09 saved 2379/3217 field=M14/story/0D/210 status=saved
2026-09-21 00:01:17 batch 2380-2380/3217 launched pid=12296
2026-09-21 00:01:23 saved 2380/3217 field=M14/story/0D/211 status=saved
2026-09-21 00:01:31 batch 2381-2381/3217 launched pid=12948
2026-09-21 00:01:36 saved 2381/3217 field=M14/story/0D/212 status=saved
2026-09-21 00:01:44 batch 2382-2382/3217 launched pid=14568
2026-09-21 00:01:50 saved 2382/3217 field=M14/story/0D/213 status=saved
2026-09-21 00:01:57 batch 2383-2383/3217 launched pid=17084
2026-09-21 00:02:03 saved 2383/3217 field=M14/story/0D/214 status=saved
2026-09-21 00:02:11 batch 2384-2384/3217 launched pid=1916
2026-09-21 00:02:16 saved 2384/3217 field=M14/story/0D/215 status=saved
2026-09-21 00:02:24 batch 2385-2385/3217 launched pid=14016
2026-09-21 00:02:30 saved 2385/3217 field=M14/story/0D/216 status=saved
2026-09-21 00:02:37 batch 2386-2386/3217 launched pid=15140
2026-09-21 00:02:43 saved 2386/3217 field=M14/story/0D/217 status=saved
2026-09-21 00:02:51 batch 2387-2387/3217 launched pid=14548
2026-09-21 00:03:56 batch 2387-2387/3217 launched pid=652
2026-09-21 00:04:02 saved 2387/3217 field=M14/story/0D/218 status=saved
2026-09-21 00:04:09 batch 2388-2388/3217 launched pid=16372
2026-09-21 00:05:15 batch 2388-2388/3217 launched pid=7968
2026-09-21 00:05:21 saved 2388/3217 field=M14/story/0D/219 status=saved
2026-09-21 00:05:32 batch 2389-2389/3217 launched pid=16324
2026-09-21 00:05:37 saved 2389/3217 field=M14/story/0D/220 status=saved
2026-09-21 00:05:45 batch 2390-2390/3217 launched pid=7572
2026-09-21 00:05:51 saved 2390/3217 field=M14/story/0D/221 status=saved
2026-09-21 00:05:59 batch 2391-2391/3217 launched pid=18212
2026-09-21 00:06:04 saved 2391/3217 field=M14/story/0D/222 status=saved
2026-09-21 00:06:12 batch 2392-2392/3217 launched pid=9896
2026-09-21 00:06:18 saved 2392/3217 field=M14/story/0D/223 status=saved
2026-09-21 00:06:25 batch 2393-2393/3217 launched pid=17492
2026-09-21 00:06:31 saved 2393/3217 field=M14/story/0D/224 status=saved
2026-09-21 00:06:39 batch 2394-2394/3217 launched pid=9176
2026-09-21 00:06:44 saved 2394/3217 field=M14/story/0D/225 status=saved
2026-09-21 00:06:52 batch 2395-2395/3217 launched pid=15852
2026-09-21 00:06:58 saved 2395/3217 field=M14/story/0D/226 status=saved
2026-09-21 00:07:06 batch 2396-2396/3217 launched pid=10456
2026-09-21 00:07:11 saved 2396/3217 field=M14/story/0D/227 status=saved
2026-09-21 00:07:20 batch 2397-2397/3217 launched pid=15552
2026-09-21 00:07:26 saved 2397/3217 field=M14/story/0D/228 status=saved
2026-09-21 00:07:33 batch 2398-2398/3217 launched pid=3800
2026-09-21 00:07:39 saved 2398/3217 field=M14/story/0D/229 status=saved
2026-09-21 00:07:47 batch 2399-2399/3217 launched pid=4712
2026-09-21 00:07:52 saved 2399/3217 field=M14/story/0D/230 status=saved
2026-09-21 00:08:00 batch 2400-2400/3217 launched pid=14860
2026-09-21 00:08:06 saved 2400/3217 field=M14/story/0D/231 status=saved
2026-09-21 00:08:14 batch 2401-2401/3217 launched pid=2440
2026-09-21 00:08:19 saved 2401/3217 field=M14/story/0D/232 status=saved
2026-09-21 00:08:27 batch 2402-2402/3217 launched pid=2076
2026-09-21 00:08:33 saved 2402/3217 field=M14/story/0D/233 status=saved
2026-09-21 00:08:41 batch 2403-2403/3217 launched pid=10312
2026-09-21 00:08:47 saved 2403/3217 field=M14/story/0D/234 status=saved
2026-09-21 00:08:54 batch 2404-2404/3217 launched pid=11632
2026-09-21 00:09:00 saved 2404/3217 field=M14/story/0D/235 status=saved
2026-09-21 00:09:08 batch 2405-2405/3217 launched pid=6768
2026-09-21 00:09:14 saved 2405/3217 field=M14/story/0D/236 status=saved
2026-09-21 00:09:22 batch 2406-2406/3217 launched pid=15552
2026-09-21 00:09:27 saved 2406/3217 field=M14/story/0D/237 status=saved
2026-09-21 00:09:35 batch 2407-2407/3217 launched pid=16008
2026-09-21 00:09:40 saved 2407/3217 field=M14/story/0D/238 status=saved
2026-09-21 00:09:48 batch 2408-2408/3217 launched pid=16584
2026-09-21 00:09:54 saved 2408/3217 field=M14/story/0D/239 status=saved
2026-09-21 00:10:04 batch 2409-2409/3217 launched pid=11572
2026-09-21 00:10:09 saved 2409/3217 field=M14/story/0D/240 status=saved
2026-09-21 00:10:17 batch 2410-2410/3217 launched pid=3872
2026-09-21 00:10:23 saved 2410/3217 field=M14/story/0D/241 status=saved
2026-09-21 00:10:31 batch 2411-2411/3217 launched pid=7160
2026-09-21 00:10:36 saved 2411/3217 field=M14/story/0D/242 status=saved
2026-09-21 00:10:44 batch 2412-2412/3217 launched pid=8428
2026-09-21 00:10:49 saved 2412/3217 field=M14/story/0D/243 status=saved
2026-09-21 00:10:57 batch 2413-2413/3217 launched pid=11416
2026-09-21 00:11:03 saved 2413/3217 field=M14/story/0D/244 status=saved
2026-09-21 00:11:10 batch 2414-2414/3217 launched pid=11092
2026-09-21 00:11:16 saved 2414/3217 field=M14/story/0D/245 status=saved
2026-09-21 00:11:24 batch 2415-2415/3217 launched pid=1996
2026-09-21 00:11:30 saved 2415/3217 field=M14/story/0D/246 status=saved
2026-09-21 00:11:37 batch 2416-2416/3217 launched pid=604
2026-09-21 00:11:43 saved 2416/3217 field=M14/story/0D/247 status=saved
2026-09-21 00:11:50 batch 2417-2417/3217 launched pid=2984
2026-09-21 00:11:56 saved 2417/3217 field=M14/story/0D/248 status=saved
2026-09-21 00:12:07 batch 2418-2418/3217 launched pid=9876
2026-09-21 00:12:13 saved 2418/3217 field=M14/story/0D/249 status=saved
2026-09-21 00:12:21 batch 2419-2419/3217 launched pid=4152
2026-09-21 00:12:27 saved 2419/3217 field=M14/story/0D/250 status=saved
2026-09-21 00:12:34 batch 2420-2420/3217 launched pid=1664
2026-09-21 00:12:40 saved 2420/3217 field=M14/story/0D/251 status=saved
2026-09-21 00:12:47 batch 2421-2421/3217 launched pid=7544
2026-09-21 00:12:53 saved 2421/3217 field=M14/story/0D/252 status=saved
2026-09-21 00:13:01 batch 2422-2422/3217 launched pid=12852
2026-09-21 00:13:07 saved 2422/3217 field=M14/story/0D/253 status=saved
2026-09-21 00:13:15 batch 2423-2423/3217 launched pid=13612
2026-09-21 00:13:21 saved 2423/3217 field=M14/story/0D/254 status=saved
2026-09-21 00:13:28 batch 2424-2673/3217 launched pid=16324
2026-09-21 00:13:37 saved 2430/3217 field=M14/victory/006 status=saved
2026-09-21 00:13:44 saved 2440/3217 field=M14/victory/016 status=saved
2026-09-21 00:13:52 saved 2450/3217 field=M14/victory/026 status=saved
2026-09-21 00:14:00 saved 2460/3217 field=M14/victory/036 status=saved
2026-09-21 00:14:07 saved 2470/3217 field=M14/victory/046 status=saved
2026-09-21 00:14:15 saved 2480/3217 field=M14/victory/056 status=saved
2026-09-21 00:14:22 saved 2490/3217 field=M14/victory/066 status=saved
2026-09-21 00:14:29 saved 2500/3217 field=M14/victory/076 status=saved
2026-09-21 00:14:37 saved 2510/3217 field=M14/victory/086 status=saved
2026-09-21 00:14:44 saved 2520/3217 field=M14/victory/096 status=saved
2026-09-21 00:14:51 saved 2530/3217 field=M14/victory/106 status=saved
2026-09-21 00:14:59 saved 2540/3217 field=M14/victory/116 status=saved
2026-09-21 00:15:06 saved 2550/3217 field=M14/victory/126 status=saved
2026-09-21 00:15:13 saved 2560/3217 field=M14/victory/136 status=saved
2026-09-21 00:15:21 saved 2570/3217 field=M14/victory/146 status=saved
2026-09-21 00:15:28 saved 2580/3217 field=M14/victory/156 status=saved
2026-09-21 00:15:35 saved 2590/3217 field=M14/victory/166 status=saved
2026-09-21 00:15:43 saved 2600/3217 field=M14/victory/176 status=saved
2026-09-21 00:15:50 saved 2610/3217 field=M14/victory/186 status=saved
2026-09-21 00:15:58 saved 2620/3217 field=M14/victory/196 status=saved
2026-09-21 00:16:05 saved 2630/3217 field=M14/victory/206 status=saved
2026-09-21 00:16:12 saved 2640/3217 field=M14/victory/216 status=saved
2026-09-21 00:16:20 saved 2650/3217 field=M14/victory/226 status=saved
2026-09-21 00:16:27 saved 2660/3217 field=M14/victory/236 status=saved
2026-09-21 00:16:34 saved 2670/3217 field=M14/victory/246 status=saved
2026-09-21 00:16:36 saved 2673/3217 field=M14/victory/249 status=saved
2026-09-21 00:16:44 batch 2674-2923/3217 launched pid=8536
2026-09-21 00:16:56 saved 2680/3217 field=M14/chapter/005/title status=no_rom_effect
2026-09-21 00:17:08 saved 2690/3217 field=M14/chapter/015/title status=no_rom_effect
2026-09-21 00:17:20 saved 2700/3217 field=M14/chapter/025/title status=no_rom_effect
2026-09-21 00:17:30 saved 2710/3217 field=M14/action/003/name status=no_rom_effect
2026-09-21 00:17:39 saved 2720/3217 field=M14/action/013/name status=no_rom_effect
2026-09-21 00:17:48 saved 2730/3217 field=M14/action/023/name status=no_rom_effect
2026-09-21 00:17:57 saved 2740/3217 field=M14/action/033/name status=no_rom_effect
2026-09-21 00:18:06 saved 2750/3217 field=M14/action/043/name status=no_rom_effect
2026-09-21 00:18:14 saved 2760/3217 field=M14/action/053/name status=no_rom_effect
2026-09-21 00:18:23 saved 2770/3217 field=M14/action/063/name status=no_rom_effect
2026-09-21 00:18:31 saved 2780/3217 field=M14/action/073/name status=no_rom_effect
2026-09-21 00:18:40 saved 2790/3217 field=M14/action/083/name status=no_rom_effect
2026-09-21 00:18:49 saved 2800/3217 field=M14/action/093/name status=no_rom_effect
2026-09-21 00:18:57 saved 2810/3217 field=M14/action/103/name status=no_rom_effect
2026-09-21 00:19:06 saved 2820/3217 field=M14/action/113/name status=no_rom_effect
2026-09-21 00:19:15 saved 2830/3217 field=M14/action/123/name status=no_rom_effect
2026-09-21 00:19:23 saved 2840/3217 field=M14/action/133/name status=no_rom_effect
2026-09-21 00:19:32 saved 2850/3217 field=M14/action/143/name status=no_rom_effect
2026-09-21 00:19:41 saved 2860/3217 field=M14/action/153/name status=no_rom_effect
2026-09-21 00:19:49 saved 2870/3217 field=M14/action/163/name status=no_rom_effect
2026-09-21 00:19:58 saved 2880/3217 field=M14/action/173/name status=no_rom_effect
2026-09-21 00:20:06 saved 2890/3217 field=M14/action/183/name status=no_rom_effect
2026-09-21 00:20:15 saved 2900/3217 field=M14/action/193/name status=no_rom_effect
2026-09-21 00:20:24 saved 2910/3217 field=M14/action/203/name status=no_rom_effect
2026-09-21 00:20:32 saved 2920/3217 field=M14/action/213/name status=no_rom_effect
2026-09-21 00:20:35 saved 2923/3217 field=M14/action/216/name status=no_rom_effect
2026-09-21 00:20:43 batch 2924-3173/3217 launched pid=16464
2026-09-21 00:20:52 saved 2930/3217 field=M14/action/223/name status=no_rom_effect
2026-09-21 00:21:01 saved 2940/3217 field=M14/action/233/name status=no_rom_effect
2026-09-21 00:21:10 saved 2950/3217 field=M14/action/243/name status=no_rom_effect
2026-09-21 00:21:18 saved 2960/3217 field=M14/action/253/name status=no_rom_effect
2026-09-21 00:21:27 saved 2970/3217 field=M14/map/007/name status=no_rom_effect
2026-09-21 00:21:36 saved 2980/3217 field=M14/map/017/name status=no_rom_effect
2026-09-21 00:21:45 saved 2990/3217 field=M14/map/027/name status=no_rom_effect
2026-09-21 00:21:54 saved 3000/3217 field=M14/map/037/name status=no_rom_effect
2026-09-21 00:22:02 saved 3010/3217 field=M14/map/047/name status=no_rom_effect
2026-09-21 00:22:11 saved 3020/3217 field=M14/map/057/name status=no_rom_effect
2026-09-21 00:22:19 saved 3030/3217 field=M14/map/067/name status=no_rom_effect
2026-09-21 00:22:28 saved 3040/3217 field=M14/map/077/name status=no_rom_effect
2026-09-21 00:22:37 saved 3050/3217 field=M14/map/087/name status=no_rom_effect
2026-09-21 00:22:45 saved 3060/3217 field=M14/map/097/name status=no_rom_effect
2026-09-21 00:22:54 saved 3070/3217 field=M14/map/107/name status=no_rom_effect
2026-09-21 00:23:02 saved 3080/3217 field=M14/map/117/name status=no_rom_effect
2026-09-21 00:23:11 saved 3090/3217 field=M14/map/127/name status=no_rom_effect
2026-09-21 00:23:20 saved 3100/3217 field=M14/map/137/name status=no_rom_effect
2026-09-21 00:23:28 saved 3110/3217 field=M14/map/147/name status=no_rom_effect
2026-09-21 00:23:37 saved 3120/3217 field=M14/map/157/name status=no_rom_effect
2026-09-21 00:23:45 saved 3130/3217 field=M14/map/167/name status=no_rom_effect
2026-09-21 00:23:54 saved 3140/3217 field=M14/map/177/name status=no_rom_effect
2026-09-21 00:24:03 saved 3150/3217 field=M14/map/187/name status=no_rom_effect
2026-09-21 00:24:11 saved 3160/3217 field=M14/map/197/name status=no_rom_effect
2026-09-21 00:24:20 saved 3170/3217 field=M14/map/207/name status=no_rom_effect
2026-09-21 00:24:22 saved 3173/3217 field=M14/map/210/name status=no_rom_effect
2026-09-21 00:24:30 batch 3174-3217/3217 launched pid=15964
2026-09-21 00:24:40 saved 3180/3217 field=M14/map/217/name status=no_rom_effect
2026-09-21 00:24:49 saved 3190/3217 field=M14/map/227/name status=no_rom_effect
2026-09-21 00:24:57 saved 3200/3217 field=M14/map/237/name status=no_rom_effect
2026-09-21 00:25:06 saved 3210/3217 field=M14/map/247/name status=no_rom_effect
2026-09-21 00:25:12 saved 3217/3217 field=M14/map/254/name status=no_rom_effect
2026-09-21 00:25:20 same-process-final launched pid=1120
2026-09-21 00:25:53 same-process-final inventory 100/3217
2026-09-21 00:26:17 same-process-final inventory 200/3217
2026-09-21 00:26:38 same-process-final inventory 300/3217
2026-09-21 00:26:58 same-process-final inventory 400/3217
2026-09-21 00:27:24 same-process-final inventory 500/3217
2026-09-21 00:27:44 same-process-final inventory 600/3217
2026-09-21 00:28:09 same-process-final inventory 700/3217
2026-09-21 00:28:30 same-process-final inventory 800/3217
2026-09-21 00:28:51 same-process-final inventory 900/3217
2026-09-21 00:29:16 same-process-final inventory 1000/3217
2026-09-21 00:29:36 same-process-final inventory 1100/3217
2026-09-21 00:30:02 same-process-final inventory 1200/3217
2026-09-21 00:30:23 same-process-final inventory 1300/3217
2026-09-21 00:30:42 same-process-final inventory 1400/3217
2026-09-21 00:31:08 same-process-final inventory 1500/3217
2026-09-21 00:31:27 same-process-final inventory 1600/3217
2026-09-21 00:31:52 same-process-final inventory 1700/3217
2026-09-21 00:32:13 same-process-final inventory 1800/3217
2026-09-21 00:32:33 same-process-final inventory 1900/3217
2026-09-21 00:32:59 same-process-final inventory 2000/3217
2026-09-21 00:33:18 same-process-final inventory 2100/3217
2026-09-21 00:33:40 same-process-final inventory 2200/3217
2026-09-21 00:34:02 same-process-final inventory 2300/3217
2026-09-21 00:34:21 same-process-final inventory 2400/3217
2026-09-21 00:34:30 same-process-final inventory 2500/3217
2026-09-21 00:34:34 same-process-final inventory 2600/3217
2026-09-21 00:34:50 same-process-final inventory 2700/3217
2026-09-21 00:35:09 same-process-final inventory 2800/3217
2026-09-21 00:35:25 same-process-final inventory 2900/3217
2026-09-21 00:35:43 same-process-final inventory 3000/3217
2026-09-21 00:36:00 same-process-final inventory 3100/3217
2026-09-21 00:36:18 same-process-final inventory 3200/3217
2026-09-21 00:36:24 cold-process-final launched pid=15048
2026-09-21 00:36:57 cold-process-final inventory 100/3217
2026-09-21 00:37:22 cold-process-final inventory 200/3217
2026-09-21 00:37:43 cold-process-final inventory 300/3217
2026-09-21 00:38:03 cold-process-final inventory 400/3217
2026-09-21 00:38:30 cold-process-final inventory 500/3217
2026-09-21 00:38:50 cold-process-final inventory 600/3217
2026-09-21 00:39:14 cold-process-final inventory 700/3217
2026-09-21 00:39:35 cold-process-final inventory 800/3217
2026-09-21 00:39:56 cold-process-final inventory 900/3217
2026-09-21 00:40:21 cold-process-final inventory 1000/3217
2026-09-21 00:40:42 cold-process-final inventory 1100/3217
2026-09-21 00:41:07 cold-process-final inventory 1200/3217
2026-09-21 00:41:27 cold-process-final inventory 1300/3217
2026-09-21 00:41:47 cold-process-final inventory 1400/3217
2026-09-21 00:42:13 cold-process-final inventory 1500/3217
2026-09-21 00:42:32 cold-process-final inventory 1600/3217
2026-09-21 00:42:56 cold-process-final inventory 1700/3217
2026-09-21 00:43:17 cold-process-final inventory 1800/3217
2026-09-21 00:43:38 cold-process-final inventory 1900/3217
2026-09-21 00:44:03 cold-process-final inventory 2000/3217
2026-09-21 00:44:23 cold-process-final inventory 2100/3217
2026-09-21 00:44:45 cold-process-final inventory 2200/3217
2026-09-21 00:45:07 cold-process-final inventory 2300/3217
2026-09-21 00:45:26 cold-process-final inventory 2400/3217
2026-09-21 00:45:36 cold-process-final inventory 2500/3217
2026-09-21 00:45:39 cold-process-final inventory 2600/3217
2026-09-21 00:45:55 cold-process-final inventory 2700/3217
2026-09-21 00:46:14 cold-process-final inventory 2800/3217
2026-09-21 00:46:31 cold-process-final inventory 2900/3217
2026-09-21 00:46:49 cold-process-final inventory 3000/3217
2026-09-21 00:47:05 cold-process-final inventory 3100/3217
2026-09-21 00:47:21 cold-process-final inventory 3200/3217
