"RelativePath","Bytes","SHA256"
".gitignore","346","3A766CB2A94E3BA39F0189EC0550FEACBC3BE9AC2D4B9590F67C27B79F83F7B5"
".qoder\repowiki\zh\content\贡献指南.md","14714","F0827F5D8172E082F51CC71008CE86161A7F6B2B764A7FEAB40395F33A4B7E4C"
".qoder\repowiki\zh\content\构建与部署\持续集成.md","15693","0E7978EF630C448AEEDAF0759A822771191560F7F0BEA6212EB6DAE373F4EEE4"
".qoder\repowiki\zh\content\构建与部署\发布构建.md","17824","F47B9C22A7D42C61B579527D70430B62FD7FB073F150E704D6FA6F7762E03593"
".qoder\repowiki\zh\content\构建与部署\构建与部署.md","15860","50439DC6427EA923C468A9A37D7E14B6D4CCFD82A3DC06F9A3D62E1E7ADCB615"
".qoder\repowiki\zh\content\构建与部署\开发环境构建.md","17265","7656DCA5E1804B5EF406C41BACD388FDA788C9928EB20CB8F31DB72F7208F580"
".qoder\repowiki\zh\content\故障排除.md","15874","836BC330E64D3FB41A6EEFB15E342820C78CE8B948351A2B202AED6459883104"
".qoder\repowiki\zh\content\开发者指南\测试策略.md","14277","982FC6311C2EB2EC20395A022A42E6A811CC3F3796406E683096B18BCAC8B5C5"
".qoder\repowiki\zh\content\开发者指南\核心模块详解\编解码器系统\编解码器接口设计.md","18701","2B435BA35AB9E73A0610BFFC38F089E8F8A3E244D709D9B2E65D3370A6034DA0"
".qoder\repowiki\zh\content\开发者指南\核心模块详解\编解码器系统\编解码器系统.md","15842","2F31EA03F79279F0BB651495DB2781F92B5841C50FE384290E42DBF7AE0EDA69"
".qoder\repowiki\zh\content\开发者指南\核心模块详解\编解码器系统\地图编解码器\触发器编解码器.md","17309","EC1288DD9E51E918D50F0A57545D40E3160D22B253372B64FCBEFDC66003D3F6"
".qoder\repowiki\zh\content\开发者指南\核心模块详解\编解码器系统\地图编解码器\地图编解码器.md","19353","E7131EEF14976BD422AECF5EBBACB479AD7625DEB7026BF0B94CF428E7787A8B"
".qoder\repowiki\zh\content\开发者指南\核心模块详解\编解码器系统\地图编解码器\地图布局编解码器.md","17529","A66982BDCDBF6CD17CA29338BBD9B2BB8C676796CC6AA03B77DFFC6B7FDDE823"
".qoder\repowiki\zh\content\开发者指南\核心模块详解\编解码器系统\地图编解码器\地形属性编解码器.md","21011","CEA34444B5F31089082977850CE39BE62403DA761EB4E603FF27FDAE6EBB8AA0"
".qoder\repowiki\zh\content\开发者指南\核心模块详解\编解码器系统\媒体编解码器\媒体编解码器.md","20436","5EB93E1617701168AC5914AAE953F78DF8D92F14FA10440B1095530B7C6B56A1"
".qoder\repowiki\zh\content\开发者指南\核心模块详解\编解码器系统\媒体编解码器\战斗音乐编解码器.md","17603","D0C4B7ED1D1E763B87176B2DD96D97BC1C43F4DBCFD07FEF46BB171C655DF57F"
".qoder\repowiki\zh\content\开发者指南\核心模块详解\编解码器系统\媒体编解码器\自定义音乐编解码器.md","18678","CA88C07FCB6367E3A95F75A02D9075BE20BB8F816DA50DFDFB6692A6C110FC6B"
".qoder\repowiki\zh\content\开发者指南\核心模块详解\编解码器系统\媒体编解码器\CHR图块编解码器.md","13553","CDEAD5EB05B184FAF59A4E04C4655B4A6F263430D13B758FED33C0E32B86B823"
".qoder\repowiki\zh\content\开发者指南\核心模块详解\编解码器系统\媒体编解码器\DC字体编解码器.md","14961","F899DBC1AF6EDC187B0794F4CE3EB2C811B3CED3E9562EA2F791CC0FB390E872"
".qoder\repowiki\zh\content\开发者指南\核心模块详解\编解码器系统\事件编解码器\场景布局编解码器.md","16774","F8873FFB8C1BE4685E3DCD5B22216307D2CB19E83055925188DA01B01E410BA7"
".qoder\repowiki\zh\content\开发者指南\核心模块详解\编解码器系统\事件编解码器\剧情文本编解码器.md","17721","574F8F61DA4EA2D6040AF22512F74F9835694985ACD63971A804408E44347CF7"
".qoder\repowiki\zh\content\开发者指南\核心模块详解\编解码器系统\事件编解码器\事件编解码器.md","18586","D62917BB102DBF8077958FA257D300F4DBF4994C8CFF33C6F4A6E7E6605BBEA4"
".qoder\repowiki\zh\content\开发者指南\核心模块详解\编解码器系统\事件编解码器\事件脚本编解码器.md","16871","20B198D56B390E69259D62A1C76D1F94F88A1D1F908AB0240A54F001B8016C17"
".qoder\repowiki\zh\content\开发者指南\核心模块详解\编解码器系统\事件编解码器\说服规则编解码器.md","18482","DA45FB1E2C96482447DC723A8CBB47DC3A5E471B5A7022E7FF286D47E5DE3775"
".qoder\repowiki\zh\content\开发者指南\核心模块详解\编解码器系统\事件编解码器\章节事件编解码器.md","17994","7FA935542B4092408A75365D5C18C0C699BABF480CE76197C4686B53713BA30B"
".qoder\repowiki\zh\content\开发者指南\核心模块详解\编解码器系统\数据编解码器\机体编解码器.md","17022","F32243D1A2768CDFC4C2BB2D789436ADD237441212498CBA826EB4B8261A061D"
".qoder\repowiki\zh\content\开发者指南\核心模块详解\编解码器系统\数据编解码器\机体武器关联编解码器.md","16643","632361415CDFA04357D8ECD01A135AF8F9A0DECE293D886E5B8EBC343D59F441"
".qoder\repowiki\zh\content\开发者指南\核心模块详解\编解码器系统\数据编解码器\名称引用编解码器.md","23629","4079C6386C77C72BABEB7B03D6C42DB48169AC0F1B8544DA54D7F20173A7E782"
".qoder\repowiki\zh\content\开发者指南\核心模块详解\编解码器系统\数据编解码器\人物属性编解码器.md","14752","903FDF24E50BE3EAE700AEDC010D2A7E5EF0536314EBDDEE3A652295565EEB0C"
".qoder\repowiki\zh\content\开发者指南\核心模块详解\编解码器系统\数据编解码器\数据编解码器.md","20446","13F49073589491950851A8DB2CF0CCD8EB670203C623A55EF7B6FAC09C95C4D7"
".qoder\repowiki\zh\content\开发者指南\核心模块详解\编解码器系统\数据编解码器\武器编解码器.md","20265","772A1B07B965CBA0901B96FD71596AD51C2D712A9FD2316514EC59FA842EFAF2"
".qoder\repowiki\zh\content\开发者指南\核心模块详解\编解码器系统\遗留数据编解码器.md","20034","0CB0AC38942F6A11D03092060C0C4CBBC83ABCFA4DC77083796BACFF03CD32FD"
".qoder\repowiki\zh\content\开发者指南\核心模块详解\核心模块详解.md","19076","1BB55626B014EE2A210C084F2C3FA04AD60F2FF0ED499CAA13D3F3AC9FFED8BE"
".qoder\repowiki\zh\content\开发者指南\核心模块详解\事务处理系统.md","14867","DB0D19DD03418A9A9A23BC49D8A5A662DB21DDEB5FBE22A688564892D2A4FC49"
".qoder\repowiki\zh\content\开发者指南\核心模块详解\资源分配器.md","19082","9D56A8E236F322373E7B833F2F4CAFE8AD17295B59E2669EFB63CAB23FAB91DC"
".qoder\repowiki\zh\content\开发者指南\核心模块详解\ROM镜像引擎.md","15436","965E03E1143BBCBD447A2C1E68610601C3A02440D177C41464238A1659088E30"
".qoder\repowiki\zh\content\开发者指南\架构设计\分层架构模式\分层架构模式.md","15951","3E8F0B24B8EB8CB38857E0D0B7A79E3D83C5A14FB3D62A5F9AE2FE5DC355D370"
".qoder\repowiki\zh\content\开发者指南\架构设计\分层架构模式\数据访问层.md","18697","4C3E87C8DF3D1D994F5C65DAF48121E43E57678A66EB8D8CEEEBD0070F611BA5"
".qoder\repowiki\zh\content\开发者指南\架构设计\分层架构模式\业务逻辑层\编解码器系统.md","17242","AD3D80A852E18085130735C890062355C3E80AFE7FA6493BFDE01C71D3FC2DCB"
".qoder\repowiki\zh\content\开发者指南\架构设计\分层架构模式\业务逻辑层\数据模型定义.md","17901","B2DBFDFA38716C417E5A09EA5962EAA8F09946085E02B0914797650F24DC2D68"
".qoder\repowiki\zh\content\开发者指南\架构设计\分层架构模式\业务逻辑层\项目管理核心.md","13796","1CC275B613CFC3BA207DC4ABB218D3B563E45EE85893165C29B09ABBB021C389"
".qoder\repowiki\zh\content\开发者指南\架构设计\分层架构模式\业务逻辑层\验证服务.md","15211","09B9C18B4D222869C90125D92D2F4F716D466AE260D496D380B90B9651457A72"
".qoder\repowiki\zh\content\开发者指南\架构设计\分层架构模式\业务逻辑层\业务逻辑层.md","18833","714EB6938649B27BC2187B63997BF1B7994DA6D6A08C6A3D42C1F897B6F44147"
".qoder\repowiki\zh\content\开发者指南\架构设计\分层架构模式\GUI层设计\对话框系统.md","17844","6E1C1B2E82BDA41F02C03BEB4343465B6A0FE33464ECB5AC6AFA8A6D1336E2AE"
".qoder\repowiki\zh\content\开发者指南\架构设计\分层架构模式\GUI层设计\事件处理机制.md","13303","4239B1CE029084BF7868CC848295D991110492B9D5453E7E062DBB2813D75FBD"
".qoder\repowiki\zh\content\开发者指南\架构设计\分层架构模式\GUI层设计\页面管理系统.md","20242","EFFC3D46C224DDB21226651989E60C110B078B2075F64182151EDB9F6A280A6A"
".qoder\repowiki\zh\content\开发者指南\架构设计\分层架构模式\GUI层设计\主窗口架构.md","19730","DA0E9FF7A0F727E4444F259DBCEB2DB572B7CC9DCCC8D9A362FCDF8DD78F0274"
".qoder\repowiki\zh\content\开发者指南\架构设计\分层架构模式\GUI层设计\GUI层设计.md","18058","4222449E8FC1B8119E4B692B3A7D2A91991A06644F3C253878F17FF5BF7B768F"
".qoder\repowiki\zh\content\开发者指南\架构设计\分层架构模式\GUI层设计\UI组件库.md","17499","FB7E222C3B8C39A722D3559DD384C81D6B7558393C59D3564F20B7AFE5B47DC0"
".qoder\repowiki\zh\content\开发者指南\架构设计\核心组件设计\编解码器系统.md","17604","DB1363371D7F2CC481DA59DABCFD0968910A2F46FBA16662B97FECC80DBB8AE2"
".qoder\repowiki\zh\content\开发者指南\架构设计\核心组件设计\核心组件设计.md","17278","A9A4912A8D2629EB2E860AA916A41884CA67450CF1548667A64DC6A2F7377B4B"
".qoder\repowiki\zh\content\开发者指南\架构设计\核心组件设计\扩展系统ExpansionPlan.md","17702","877D3047FE77CED02175036CDE57596B7C15EBC3B75E3413A13479E6DC49242D"
".qoder\repowiki\zh\content\开发者指南\架构设计\核心组件设计\资源分配器BankAllocator.md","14437","541FC9D1514DD4040584B6B1658F6A22A27CB3D6F6083202F7B3CA30C2D4B31D"
".qoder\repowiki\zh\content\开发者指南\架构设计\核心组件设计\RomImage镜像处理器.md","15808","76BB04B0EF3BA1DC45D4D7F09B67EFBCC73FEFC5770FD4CA0706492C87D6D270"
".qoder\repowiki\zh\content\开发者指南\架构设计\核心组件设计\RomProject编辑会话管理.md","14768","F17EB3397E6843BD94320372D729479A80BB0EBF42BC1790218317E1C28A0ABE"
".qoder\repowiki\zh\content\开发者指南\架构设计\架构设计.md","16397","3BF676BAF6D4713DBEB192F50D08F8BD2F2C474B5195C68F7D76454E3B1DFA7D"
".qoder\repowiki\zh\content\开发者指南\架构设计\设计模式应用.md","14832","1752D259DE9AC3C40E75BCA946A5338ECC58E629C032F5223897978B141F1B08"
".qoder\repowiki\zh\content\开发者指南\架构设计\数据流与事件处理\事件驱动架构.md","15662","01A8E7E5BEB17DF632C62943E0E25617921CFDD66EF525F36CBBC7D9A35F9B01"
".qoder\repowiki\zh\content\开发者指南\架构设计\数据流与事件处理\事务处理系统.md","13007","FA2FA074B700708E99C988A4ED2D6D7EA0FAB4A37F1BDE71066588F8DE92CFD5"
".qoder\repowiki\zh\content\开发者指南\架构设计\数据流与事件处理\数据流与事件处理.md","15606","2B9FA45E5504999F8BE7A53234D10E2025F1FFA3515D8C8502F8D2FE04B58724"
".qoder\repowiki\zh\content\开发者指南\架构设计\数据流与事件处理\状态同步机制.md","15723","05D3987AC5616DE755366F1511DDE248FFDD516D25C47C84AEAB63FB8307ED1B"
".qoder\repowiki\zh\content\开发者指南\架构设计\数据流与事件处理\ROM数据流水线\事务处理与撤销重做.md","16928","3D4BDA9D50879F0629B4FB3973D489F820E2C5179B518BA3A8C5F452307043A5"
".qoder\repowiki\zh\content\开发者指南\架构设计\数据流与事件处理\ROM数据流水线\数据编解码处理.md","17797","E561576B3918CD82FCF462EB8AD63416DEF85DD4E5DDFA75D523C685645CB749"
".qoder\repowiki\zh\content\开发者指南\架构设计\数据流与事件处理\ROM数据流水线\Bank空间分配管理.md","16461","70F6A6017C3E803D7EDB045ADBE8B14F8CBEF9D576EA2AF91E76112566ABE94D"
".qoder\repowiki\zh\content\开发者指南\架构设计\数据流与事件处理\ROM数据流水线\ROM数据流水线.md","19944","7BE9F30DE9068BDDFBF0D01301DDCE50461E516E2FB887A15D0239AD7425F27E"
".qoder\repowiki\zh\content\开发者指南\架构设计\数据流与事件处理\ROM数据流水线\ROM文件加载与验证.md","17552","381F748D640EECF543F86DADBB125F031F038F425C8886DD9FE7DBBA9AE1EB83"
".qoder\repowiki\zh\content\开发者指南\开发者指南.md","17183","AAB2931F509EE50EA6CB55DBF9031C16C1684170BA1833F2AC7BE9219C7E388F"
".qoder\repowiki\zh\content\开发者指南\扩展开发指南\编解码器扩展.md","19642","AA857E3E288B2855D89DA28E6BE0AC5BB7A992F65B2A2B69414693E09FE1A3C0"
".qoder\repowiki\zh\content\开发者指南\扩展开发指南\扩展开发指南.md","12949","416F58DDFE97EA8A8BF372D80F58134623D861AB00FCA5D704CFE979E2227FD1"
".qoder\repowiki\zh\content\开发者指南\扩展开发指南\配置文件扩展.md","16860","23AD0FB07CF818BDAD3E34533D5A21B5B0E4B229A05D8490848FBE283F3FD52D"
".qoder\repowiki\zh\content\开发者指南\扩展开发指南\验证规则扩展.md","16465","8DA6CFB73B8E8765D6D9B593AE33BF5A563C91532F046342CF7BA7B9D1B926B4"
".qoder\repowiki\zh\content\开发者指南\扩展开发指南\页面扩展开发.md","19672","D796BD49A583BB6A478312D6D4A828BC74FDFD73F7A97130B05A4709375DDBC6"
".qoder\repowiki\zh\content\开发者指南\GUI开发指南\对话框设计.md","15958","EC4E1C992AFF85E90199D4E5AB8E2699B2FEC025D40649AB9148B163DEF55E89"
".qoder\repowiki\zh\content\开发者指南\GUI开发指南\事件处理.md","18688","021801ABF9676201E586DF2A88C8485FFD8ACB152F8220823B52E7B2AB6A0DF9"
".qoder\repowiki\zh\content\开发者指南\GUI开发指南\样式定制.md","12570","BFCFEB13FC7F3DCFBD92BB75CF554948AF7238D53620ADA67CF48F68FFC810FE"
".qoder\repowiki\zh\content\开发者指南\GUI开发指南\页面开发\页面开发.md","18103","6F8C5E91397796B755172D461184DD332BA15EF1EF33839DD6FDE39EDD8DF4AC"
".qoder\repowiki\zh\content\开发者指南\GUI开发指南\页面开发\页面开发模式.md","16122","F6579F5F35199535C95963D0367409656CFA7E785ECC65A75547858714AF594F"
".qoder\repowiki\zh\content\开发者指南\GUI开发指南\页面开发\ProjectPage基类.md","14468","F270C4B036E5E687C545341BB4527474EA13CB2542641A25E7F2D7C6EF251585"
".qoder\repowiki\zh\content\开发者指南\GUI开发指南\页面开发\SearchableRecordPage搜索记录页\记录管理.md","16200","E0A188B879A3089B624A142525428E3EF9BFEDE73275E68FA96E78ED2302A929"
".qoder\repowiki\zh\content\开发者指南\GUI开发指南\页面开发\SearchableRecordPage搜索记录页\搜索与过滤.md","13425","CBF318D9120075891AC4F43FD60A47E97F3475BF1B57044133DE951BCA800418"
".qoder\repowiki\zh\content\开发者指南\GUI开发指南\页面开发\SearchableRecordPage搜索记录页\SearchableRecordPage搜索记录页.md","15201","7D6616007F697F7AD10A166853949DD010E5C5EF9287C146152609BC00F7A242"
".qoder\repowiki\zh\content\开发者指南\GUI开发指南\页面开发\UnitPage具体实现.md","15715","6130A0CB332DEE502ADCC29E949C80D93573770A234F0063642E78BB02269341"
".qoder\repowiki\zh\content\开发者指南\GUI开发指南\GUI开发指南.md","18756","DF723465FC38FE99FBB9DF75BE736F9FBF84EED43B87DC3E2E6F3A01392E6EF7"
".qoder\repowiki\zh\content\快速开始.md","12444","5445C834A5C69DF3592F3435E0E128DB5F3DC89528A7C82FDCD191EB8CB4E323"
".qoder\repowiki\zh\content\项目概述.md","16112","87A3AC938A69ED801674372534251638408949C5BF493F3BDCA9011E2219E4E1"
".qoder\repowiki\zh\content\用户手册\高级功能\动画编辑器.md","16366","5AC00DF54F5F7F6C9086D21F165179193C9589CFDDB9C941983C995AD56B9A8C"
".qoder\repowiki\zh\content\用户手册\高级功能\高级功能.md","18773","0E30F9A65B3E0E7D6DE5E9E87A1AF1A4B9949CD91E227254B6C4025AB000EEB0"
".qoder\repowiki\zh\content\用户手册\高级功能\容量规划与Bank管理.md","16507","97504D3C4D753BE10634AC82AD5F8C158F9D6634A1839D7593489A75DA4ED8B9"
".qoder\repowiki\zh\content\用户手册\高级功能\图像资源管理\调色板管理.md","15924","0930716C07F910127772723F912F5494A3F5EDC6D11C0A1B9AB1259F901F77A1"
".qoder\repowiki\zh\content\用户手册\高级功能\图像资源管理\图像资源管理.md","18361","2647EA7F7F3ECEF894B60A39847910E56A8D503F4C80029119DA2EB56F152B36"
".qoder\repowiki\zh\content\用户手册\高级功能\图像资源管理\CHR图块编辑器.md","13959","4BC30C7566B3746FF3A645237DB4236950481B6AACF45E1713A785905C61DB48"
".qoder\repowiki\zh\content\用户手册\高级功能\音乐导入导出系统.md","16469","B6B566347BDCF36FD953C5FBC2D91CC05035036735AF39752F4B6D25D924494D"
".qoder\repowiki\zh\content\用户手册\高级功能\字体库管理系统.md","15155","CC1C65BE0498DF46EFFB650041F94FA0D53720560CDA04CF8DC3306C3032D1B7"
".qoder\repowiki\zh\content\用户手册\工具和实用程序\单位包管理.md","22168","95ED46633138BF152A22634B819B16D694D4CD8F905B37CB8C5EDE63792931C9"
".qoder\repowiki\zh\content\用户手册\工具和实用程序\工具和实用程序.md","15846","D1CD4CF464CC71EB66346F67A43326EF9DB98C58DA1DB0F08096E7B02AE54BB0"
".qoder\repowiki\zh\content\用户手册\工具和实用程序\肖像导出工具.md","13821","5534700F34763B7C858C6AE199D4ED7CBA3EA08FF86590393EC8CD727ED97929"
".qoder\repowiki\zh\content\用户手册\工具和实用程序\遗留工具\存档编辑器.md","10499","AD9F8B524CA8D91DAF6871D870DCCC6758E01F4A9760C6D538899D905953CBD8"
".qoder\repowiki\zh\content\用户手册\工具和实用程序\遗留工具\其他设置对话框.md","13972","B324BC280BDF798A9B87BF8EB91C7658007A12FB6BFCFB6373CEDFDBE21A725F"
".qoder\repowiki\zh\content\用户手册\工具和实用程序\遗留工具\文字转换工具.md","16056","4FA2270B939253083818EDCAA5ADD4A7E6E66ADDD8DADC3B4DBD8D4DEC136C4B"
".qoder\repowiki\zh\content\用户手册\工具和实用程序\遗留工具\遗留工具.md","21002","F004D12A109511E7934533AD2F16498752E0F2E45D5409AE9942E9B46747AD36"
".qoder\repowiki\zh\content\用户手册\工具和实用程序\遗留工具\战斗属性计算器.md","14035","8D5F8B8767A4D6172AE784E669A0106DA1C8D2F286CC89368E9708C1E66BD1D5"
".qoder\repowiki\zh\content\用户手册\工具和实用程序\遗留工具\字库编辑对话框.md","14388","AB9DDD7ACDF4DA545E22B402F31C6A151E377953FA360289054CF940B18AEA61"
".qoder\repowiki\zh\content\用户手册\工具和实用程序\ROM数据浏览器.md","15220","C405900454A1A229141CBD06F9B44E8D19D1455F319354FDB433CF2C50050ABC"
".qoder\repowiki\zh\content\用户手册\工作流程指南.md","16803","68831F068698D60485DAD1D222BA83EAAA632C584007CA5F43EF199494400E6E"
".qoder\repowiki\zh\content\用户手册\基本操作.md","17688","DD9F16A8F527BB350E618D01DB2129ED189F1E9837C43B086443E5A9D0C3BBEA"
".qoder\repowiki\zh\content\用户手册\快速开始.md","12604","AED30D3ACA5992F215E7B3C993C7BC1EEE58CB1FE8D289E2D24655968B5F9F45"
".qoder\repowiki\zh\content\用户手册\数据编辑器\地图编辑器.md","19635","114DBCC36203FD975EBE3048176AAFF9D26DA24CA66B5E651FBFDB8AD97C0AD2"
".qoder\repowiki\zh\content\用户手册\数据编辑器\机体编辑器.md","18690","DB31550D00DF2D55797A0D88E49DACD3886E2653C275D7C9B98502448DC36402"
".qoder\repowiki\zh\content\用户手册\数据编辑器\剧情文本编辑器.md","17066","4E46481031FB61969DD1B14E41B342B185FAD7F8588C9FB567AA1F7D04BB5F4D"
".qoder\repowiki\zh\content\用户手册\数据编辑器\人物编辑器.md","15436","3C9CC66A4AE75A91B072A664AAB72842DB50ED993BBAA9E32661FD43E911E593"
".qoder\repowiki\zh\content\用户手册\数据编辑器\事件编辑器.md","15048","1654FFC1AE7611D24782F508F94BA53130CCC148A934CEE32F627374CA0F6D65"
".qoder\repowiki\zh\content\用户手册\数据编辑器\数据编辑器.md","17502","0043B816CA0AD2780DF80E1A11FC44E0F47D306A03A60E5D62AD9A96D607AE99"
".qoder\repowiki\zh\content\用户手册\数据编辑器\说服系统编辑器.md","15795","6C6E0D60AADB441D294FC94ADF974C65AD460AD93988ADC74371ED77D31FD923"
".qoder\repowiki\zh\content\用户手册\数据编辑器\武器编辑器.md","18590","BD96CB8550585DE16B3B3A4376477CB9CBE76246EF1EDE9DF8905099C7189D8A"
".qoder\repowiki\zh\content\用户手册\用户手册.md","20419","E7CA41DF5F9835F11FFE323D2B17B79C877518244683748075ADE033FB3D8AF0"
".qoder\repowiki\zh\content\API参考文档\编解码器API\编解码器基础接口.md","18334","318C3EE960C1422A7D3E4C6BE70B00E6BFA35CE47B00809715D5C884032B481C"
".qoder\repowiki\zh\content\API参考文档\编解码器API\编解码器API.md","20902","72C57C8B449461BB9CB8DE053D6A736FF172FCB038607FFC7F7814DB866C4176"
".qoder\repowiki\zh\content\API参考文档\编解码器API\地图事件编解码器.md","16330","228E6013D37A06B0B2836A0EEEA1EDDF9E1A661C3FB752EDC7433CA391B8E0A1"
".qoder\repowiki\zh\content\API参考文档\编解码器API\机体武器编解码器.md","18854","62A8E0755230B161F468C1D2166EB52C3DCE5A2F06A2DDCAF35BD581C8045737"
".qoder\repowiki\zh\content\API参考文档\编解码器API\剧本系统编解码器.md","19637","0C4EBB90117C494B20D0686C8BD017B67574F310C8C29CA519197E3AAA78FF84"
".qoder\repowiki\zh\content\API参考文档\编解码器API\文本对话编解码器.md","16701","B489527F78D7567985E04F70E5AA62DFE39857AA13D4140DF38213F0C00F1809"
".qoder\repowiki\zh\content\API参考文档\编解码器API\音频图形编解码器.md","15944","353532A6A87A4D43B754472E04421D44104E196DC5CE194D8292F5D08189F3E9"
".qoder\repowiki\zh\content\API参考文档\核心API\构建输出管理.md","13001","4A1211824FE5F0703FEC3DFC2F78E65153FA96A2DFF64DE62D0A144685433089"
".qoder\repowiki\zh\content\API参考文档\核心API\核心API.md","19790","100D5D6DF5F070EE9A30E65357EC902604D1C8EAD987A5D79150D825DC1737F6"
".qoder\repowiki\zh\content\API参考文档\核心API\事务处理系统.md","12872","A9CE6BA3F5F7AE62116FBB580E7B639EDFF57B504CFDA2B341CB07D5C3A81A2C"
".qoder\repowiki\zh\content\API参考文档\核心API\数据访问编解码器\地图编解码器 (MapCodec).md","15525","3B837121765F2DBDB4D75A516677F3C21C2EBC20D9C0AD28096AD7AA367417AB"
".qoder\repowiki\zh\content\API参考文档\核心API\数据访问编解码器\机体编解码器 (UnitCodec).md","17569","A78FB922BCF0A464D5193B1C97EE7E3E6E5B27BD1A0F904C24A8D151E1F023B0"
".qoder\repowiki\zh\content\API参考文档\核心API\数据访问编解码器\剧情文本编解码器 (StoryTextCodec).md","19448","AAC50DBE2965C2B3853F4D23CE381B169C7B7F6911E30B81F7834214F2EABE43"
".qoder\repowiki\zh\content\API参考文档\核心API\数据访问编解码器\数据访问编解码器.md","19964","5813A0205874C5E2EA370B9337E728B1E9CB194307C289EC9A13F047371738C7"
".qoder\repowiki\zh\content\API参考文档\核心API\数据访问编解码器\武器编解码器 (WeaponCodec).md","16499","4F782C69782B57D17D7F408149A245B336D097F9C5B5F3D7F9AA68845304ECBF"
".qoder\repowiki\zh\content\API参考文档\核心API\项目生命周期管理.md","17334","EC9D0F6D26EC3AC6BA38FE12FD30E1FBAEBCA24A7333C68D9315476D643E30AE"
".qoder\repowiki\zh\content\API参考文档\核心API\资源分配管理.md","16024","61AD5FAC82A117448D6EA543E52B844422DBD3C6FD7FA2729D415D5DEDAFFEEE"
".qoder\repowiki\zh\content\API参考文档\扩展接口API.md","17827","698659CA7E94CE974C47006C66342B79D0FF942C08769E9E2148D320C0015ABE"
".qoder\repowiki\zh\content\API参考文档\资源管理API\容量规划API.md","16020","85D5FB57E3A4B3E6F76FB3FF78ADA8DCE29D2EB2BF1B6311A06950CA9B9CF155"
".qoder\repowiki\zh\content\API参考文档\资源管理API\资源管理API.md","19496","2CEE8D9401050CB30D708C813C99CA39A7E3AE0590A4CB60AE0055EBB41C6A00"
".qoder\repowiki\zh\content\API参考文档\资源管理API\资源图API.md","14024","C9E972C6C1BAD34FBFD66A3913DCCC91CDFB9A4DC20FB2A5C8D1D76E320BD388"
".qoder\repowiki\zh\content\API参考文档\资源管理API\Bank分配器API.md","12061","AA7E245D11C1ED2E9EDDFFD5DCA313962718DC8CCB3485EA276C5A05BBE858B9"
".qoder\repowiki\zh\content\API参考文档\API参考文档.md","16660","A1151617F204E5D874B35CFA7C078B2AD64CC5F354E3A0F42E1D2657D9A3D4F8"
".qoder\repowiki\zh\content\API参考文档\GUI界面API\对话框管理系统.md","17866","1012B8E2F5D91AAD47BD9BB7C0ABA22757743176639FD1167B92550DDB06FBBE"
".qoder\repowiki\zh\content\API参考文档\GUI界面API\工作区管理.md","14611","DA1EC6A63A8AD47D60767CC589358B030A0B0F138EB45A4BD9273BDADC091C92"
".qoder\repowiki\zh\content\API参考文档\GUI界面API\事件处理机制.md","14066","76CF0568FAF5BF2984077FB2AF4838120FEF199AE7FA3EC21D4907FA77DC2263"
".qoder\repowiki\zh\content\API参考文档\GUI界面API\页面开发框架\页面开发框架.md","20819","E56A57A572C712FF299BE2537FB0E0CC9C6F897F938762701DE41D16C7CED658"
".qoder\repowiki\zh\content\API参考文档\GUI界面API\页面开发框架\ProjectPage基类.md","14517","A6CDE36B57FE1B472594E5DA53EA78C075B9C89BBCE5D2558B21D92C8D2A4719"
".qoder\repowiki\zh\content\API参考文档\GUI界面API\页面开发框架\SearchableRecordPage可搜索记录页面.md","16197","896311F931DA7B8FD50A696080C22C6136FCAE655CCB3A3E4A367066E5ACF990"
".qoder\repowiki\zh\content\API参考文档\GUI界面API\GUI界面API.md","18331","139774F60D5D2C530E769F8B2770F76262BBB101CD13C58DC87AADEE2A72AC0F"
".qoder\repowiki\zh\content\API参考文档\GUI界面API\UI组件库\地图瓦片编辑器.md","24719","559C7816FEBB61DBD9630F059D7E848F8DBBF20EB74A36FEBB96E81A64F3A606"
".qoder\repowiki\zh\content\API参考文档\GUI界面API\UI组件库\数据库图形组件.md","17632","8A03B20BC041FF6B831D429343406D90E4D06533C570E0CE2E1DC4567412DBD0"
".qoder\repowiki\zh\content\API参考文档\GUI界面API\UI组件库\CHR图块编辑器.md","18428","6A8553414A2BF387E466B179FCF3E066E67BC0FAD248C193DFA1FD95E9D218FA"
".qoder\repowiki\zh\content\API参考文档\GUI界面API\UI组件库\UI组件库.md","15954","26ED766450B94502A887920466C15B09C81F8B4C427492071E37AAC28721782A"
".qoder\repowiki\zh\meta\repowiki-metadata.json","717616","07EF1C3E11277BFD0CCC3B8EE336C4BBFB53E7B0D1067B07D98A23CF5EADF2B9"
"打包DC修改器.bat","1176","68D0C1F58B909C3E1A8ABFB220924938D17ED68288411A25F91B7D2A986E7AF6"
"功能差异截图\参考修改器\初始配置.png","498228","EB37C0CE951064A5C2FBB94F22485D992D0E01BBD01A76046EF2C9516A7BB49E"
"功能差异截图\参考修改器\地图事件.png","171254","7ABD4EE64F5C57603B1E0860FB031CE3D654C62D769251E826C77A03AB85C55A"
"功能差异截图\参考修改器\关卡设置.png","270094","3561F3D69B0EF7E19E8722448DA8458DA6BC3B80B3AEFF71BCF4CB206B81E4EB"
"功能差异截图\参考修改器\关卡设置引申：标题拼图.png","116610","4139B7FB4921F3A59AB9566AAEC1A8AB81DED1707A50CFE300A9CD0B866EF4F6"
"功能差异截图\参考修改器\机体修改.png","272656","65D6EF9D4242DAA6BD0DEE8725B2974A49835A0923730BC41D37FB741D21D6CB"
"功能差异截图\参考修改器\剧情对话.png","226366","D8E0792F8D87525EF08A18348E0BE0E5A05A02EB9E08021960B844EDAE7CC01A"
"功能差异截图\参考修改器\其他修改1.png","215275","5786C90F0C562072D2765F0E2B0EDA587754E89C6F9B3A9CB96F648F9759BE7D"
"功能差异截图\参考修改器\其他修改2.png","249158","93E3303FBCC418215A62DABFB787BFF3B11FF9136D69CF83FD09AC4221A3E2F9"
"功能差异截图\参考修改器\其它.png","164448","8F04D67D3EBFEFFF0B09CA4877B9FE6D6E4171839956CEF9CFDCBC5D48D012F5"
"功能差异截图\参考修改器\劝降事件.png","245769","81694B71EDD67891CA892B45E4BCDD87D40107B85A246465275493B993CF25EA"
"功能差异截图\参考修改器\人物修改.png","356824","606246466644E9B8060D69ED3C971015B38AE83B372327117921217F2615592C"
"功能差异截图\参考修改器\商店事件.png","411738","45213CEF53022DEB156B6DEEF2416D0E3AAEEC6252079492B64178842EA5F5B7"
"功能差异截图\参考修改器\商店事件引申：商店设置.png","314207","82392CC72CD2B3937613D145713A8F5D0E28D5EE68D06739E1BB58821EE8C85D"
"功能差异截图\参考修改器\胜利文字.png","216160","C1862692368A4F5CB1196B9209AAD5D6BC89C8BF9A4159A8F4683EAE0B293680"
"功能差异截图\参考修改器\事件编辑引申：代码编辑.png","289618","A2621F622EB97402ADEAD0845CB69BE7134D4B85FC4D9D2671DFEEEF6E203C40"
"功能差异截图\参考修改器\事件编辑引申：事件指令.png","543629","A6921155B27935098D36C61D6DDCBC481B4EB6A0B65417A73408E297F35E1A19"
"功能差异截图\参考修改器\属性计算器.png","237105","E36778C8CBD73555607791C76AD9F0F46E285B1043545E7E596AC81F995BE9A1"
"功能差异截图\参考修改器\文字转换.png","32634","E05551831634DEF9966DE075F696CA61F474403FD879C05F5AE5A77F25EDBAB9"
"功能差异截图\参考修改器\武器规律和组图.png","323510","3D7E81B5E155AEE3A6187ADD4904F919D38A399E62C56A3B3587A2369FA7F96B"
"功能差异截图\参考修改器\武器特技.png","225044","B8075CA811F3CD95C498DCCD9E1BF06236855F10E5F8E1FD602435B60F242B99"
"功能差异截图\参考修改器\武器修改.png","235522","924F5A37F9BA4E767249A889A9683A330F3035019B7A6D0E23C87D3FE3133FFB"
"功能差异截图\参考修改器\行动事件.png","212403","730E0F288482442F609FAB3B13F2C4C748B294FF678AD2E3EC14E2C7A9EE122E"
"功能差异截图\参考修改器\战场地图.png","476152","7CB71322F0508598EB439AAD97EDBBE5E3434EE74620819F1BA6D0A21E75F60A"
"功能差异截图\参考修改器\战斗对话.png","182646","652AF2875885D80F52B69B6E2A96834539726DFF4FA027CA683DD0C3D36F85C1"
"功能差异截图\参考修改器\字库编辑.png","221468","72684565A6751B5824C9EE6896EBEAEB4B1B63B9917255570369FFD2A7086F55"
"功能差异截图\地图动画\地图动画.png","677685","E7D9ED66946D584F8B9281504519187CC661F1690AA45672B8DCB1AA27D43326"
"功能差异截图\地图动画\动画调用.png","505201","6A85EB01A6721048B6918EA6682D02BFC6FB4CB530D1DBC4B576193F5FD7DAC5"
"功能差异截图\地图动画\规律.png","678958","FAC061D76EFA5669695C5A41AD9DB1EA3ECFB6ABDE3F5836DD17E4C05D97625F"
"功能差异截图\剧情事件\关卡设置.png","790388","DCFFC9C159F1B95E688CAA2AF73DEEB205CA57940171582F50AD1CC06BAD4F0F"
"功能差异截图\数据-机体修改.png","920652","995BB202C4327CB957A6FA4FAAC6A4EB111E091FD9BC9F6D4DE0D5AF42296673"
"功能差异截图\数据-其他修改1.png","781280","64E7B4017A622DA98FB0F7A023678B8087FC845E37F399510D227CA5E647DF19"
"功能差异截图\数据-其他修改2.png","821313","9BCEDAD5A682BD45BD1686334D3F4CFCB76D3AA918798134915AD86B973D6984"
"功能差异截图\数据-人物修改.png","856697","7AEA1BB4C2B608E1409E0A55872FBF9D0F12D002B00149F337EED3DCAC457E90"
"功能差异截图\数据-武器修改.png","835058","89FB195E708AA32F08F101E9C86BE5C03824802656AAB40B03A1780EC59571A4"
"功能差异截图\数据-战斗对话.png","635923","B2D6C5434191BA027D0886236D7EDF50149C0A8F86331BDE0F45623418011BB0"
"功能差异截图\制作中修改器\初始配置.png","158577","D709D761ACAB052648298C3200B5370F04970DD71B3663C19E1C838A43EB61AA"
"功能差异截图\制作中修改器\地图动画.png","111393","06F50DF2B72F321BC6B1D1B1B533C8A25A64E1E71AAEC0C7A75E80D7DC4A3590"
"功能差异截图\制作中修改器\地图事件.png","114779","0DC3934F202E385E61E8841BE2B742894D3A1450980B0F50559BCFB9BBBAE0F9"
"功能差异截图\制作中修改器\关卡设置.png","146161","0B1560109CAFD9F07380F7464E38F5157E3FAE543D4F445BAAF3D7914F4A88C7"
"功能差异截图\制作中修改器\机体修改.png","189312","7552427264F968F0BC471BB428D8064F70C03C77AB7909AF27FA18A919B404C3"
"功能差异截图\制作中修改器\剧情对话.png","114665","ED1D88291DAD6721BD8241256EE6B566B77E5F3F48A05102FC462086E689C4A4"
"功能差异截图\制作中修改器\其他修改2.png","84721","5DF433C3DD2BA508153465B09CB08FD2E9E55261701F6B521615E22FFB0FB641"
"功能差异截图\制作中修改器\其它.png","68442","FED6399FE4FA1A4D2430FF65262BE7D07064095D79DEC2940D1476105D2C0DCD"
"功能差异截图\制作中修改器\其它修改1.png","90189","E94BCB0EA45B3A714450EFC5A8462BC23062898C9660507CD7925EEE66C03C43"
"功能差异截图\制作中修改器\劝降事件.png","56829","4B75C9C3FA35AE16C240694B008C2AD6AC7A4042CA86A8274E7E9E883171C9BA"
"功能差异截图\制作中修改器\人物修改.png","120860","C4594D48751F07AB1DBE163F223D6E4B53CB20DE6F3EA23D288E8D91F54B0BEB"
"功能差异截图\制作中修改器\商店事件.png","124469","048DA78683EBBD52807F61D2B4E1144CA0A6356D7020B4478ADC0E3FDF400F0C"
"功能差异截图\制作中修改器\属性计算器.png","73217","8BBA654A93CE40A7FFA07134DC9F3B248BFD1840C7BE543A87D145D914C6F374"
"功能差异截图\制作中修改器\文字转换.png","28673","F488E21F49BB057A0356BAE018B0FD2C6FFB8F8B1B4B2F3C50956F3EC97E005C"
"功能差异截图\制作中修改器\武器修改.png","115064","28933D94A56A10409A46BC3AD6C9BE1C92F52A88EF98236A6F5872B78B4E6D9D"
"功能差异截图\制作中修改器\行动事件.png","95662","B3819B0D9A109E8F0A2FF3826875FE207F7BEF6BB5BC49843A3AFE45EC23B891"
"功能差异截图\制作中修改器\战场地图.png","161609","4F78A69CF3CD0D80B85F426601C7C8D10E0941D09CBD2FCA14FFD7B63F6FC97B"
"功能差异截图\制作中修改器\战斗对话.png","67405","CB6E50AC2F07389A9DE4EF072D169C3282A01E677BB564242946E106D909366E"
"功能差异截图\制作中修改器\字库编辑.png","154200","F9B1C014C130595C49D47574C041378A4424A0EFB4D3CEA5F89E7530681AB2D7"
"功能差异截图\制作中修改器待改进点.txt","2863","8D029A239CEB40019827F31B13E3A02F019F815A867B83EA0B0BEC9D3C1975D4"
"功能差异截图\QQ20260911-084436.png","1131911","ABBAF72CAF65B90C5F393A982E6EB1AB226700D351EA3E16616BCA8418DCEA4C"
"录制_2026_09_10_18_51_54_457.mp4","669398528","663CD6F2F7308D0E10B0E27CA41DEC9D2226AC9535999FB1C96B239CBBF4B08C"
"启动DC修改器.bat","386","6286D0253322A60ECECCF2D1FB9183C7EAF3BCCA07B40A3C148ECAF1FB2C5AC0"
"提交记录.md","69412","64AA3C604B729D56B7EACD14DC0B48977B4853949C59B8485D0AB8C808B7E03B"
"AGENTS.md","7514","53FD3741F619C034744C25E93DA8109762A458F078B6B44603C04CC88370C677"
"docs\待人工完成事项.md","5753","2E4733470A3EEB7E478D2CF50EB91D27124FA408B515516F4F6598F6117C1196"
"docs\机体碎片与物理武器图库解绑定方案.md","69536","2E61C3740A6D0BAE1BD2F9A687FFECE4DAF9D29E5493FB20C2864F99AFF8DB45"
"docs\交接文档.md","17913","66E195CA0805A4614E93C7210F1C97D27B37F6EBA89C752B3737B4DB34E5E8B9"
"docs\开发记录.md","83843","1A2349F8EC0A06890AA652736D5DD8D923AA6E3CB433C1B12D298226B6DCA79D"
"docs\提交记录.md","11807","D170511DD270297EDB810A17AA053AA808FA67BFEE61BC74340A3A9ADB1B52E3"
"docs\需求拆分\M00_黄金对照流水线.md","17896","D6F286E592ADC202B871CEB1AAB9F82168E76FBD13E8427D2EA7621250B00421"
"docs\需求拆分\M01_启动器与主窗口.md","16407","2D458AA39450F616C8A3DE1B51F6FAEA69D4CAE78BBD37E3338E5635FCA1BF44"
"docs\需求拆分\M02_战场地图.md","14949","B9D6090F42D2FA77B28EB0280F622B576BF2A8F1F21551506748150ED0B87AB3"
"docs\需求拆分\M03_初始配置.md","10531","FAE7C91F20F1C4F6D963DD6D08E3DF424572808D6574A6DEA8A13CED62A0CB26"
"docs\需求拆分\M04_商店事件.md","11159","A508EDA7C2385763D69B92889791CBF6F29A938BCA5217B80FD110AD696165C3"
"docs\需求拆分\M05_机体修改.md","12693","A4CEFBCEAE52F16145CA274F8E9A96109055C9C61477D7304FC0EB01511FF67B"
"docs\需求拆分\M06_人物修改.md","16201","097C3B0BA7FB89AA0A8F131C32BF32C58EEA7B4F4A59A5C99FD38B22728014C2"
"docs\需求拆分\M07_武器修改.md","13238","E4B9BBB72053A1F7451E8FD4AC81C00FCB5D21D3061B69AA1A0DC83C547BD7FB"
"docs\需求拆分\M08_战斗对话.md","11895","FC7B280BEE292A2790AEDB259145CE59666084B833A01F914C4C825B0CE22942"
"docs\需求拆分\M09_其他修改1.md","13832","229097C9288884B2777E336BAB1F92882B17017D606FF1815B91828002768ED5"
"docs\需求拆分\M10_其他修改2.md","11672","CD6AD6BE33FCC62DCAC1E0332618E23CF477EB1AE6109E9E515BFBDD3A05F1FB"
"docs\需求拆分\M11_字库编辑.md","14627","798F60FEE30061F137857A0459F1398EC0C8DCF35F223F9E377A23DCE3C307D6"
"docs\需求拆分\M12_地图动画.md","13517","5763D7B97A816ED8E99CBC7BDB971C2AEDF151CC60EB304999E177575945382F"
"docs\需求拆分\M13_文字转换.md","10664","58949F623DA60F0F8DECAB5620C0164154E542FD81A52FFCC29384579DBE1473"
"docs\需求拆分\M14_剧情事件.md","18027","8AFA389FDB8A46B68254817E876683E9C5D5B0D254E5CCF6E35CD928E0219999"
"docs\需求拆分\M15_属性计算器.md","12880","F310D7394E3250E53721446F7F200F20B4C1234F812CC652A3828CCEC1698513"
"docs\需求拆分\M16_存档修改器.md","13715","15722471765656DCA9885667CD2D982A575EBCF06168BC9C5E0948AB53515BA0"
"docs\需求拆分\M17_其他窗口.md","11816","676FF6565705764C9F7DE41249B7C50772BD05B76404208FD79DFA36BAB66CC4"
"docs\需求拆分\M18_导出机体与头像.md","17199","699EE9D8F4DD93A4B1D6DF4D9FE4EA737D2E5C5C5B305EB9FBB4CC722FFB3C98"
"docs\需求拆分\README.md","23536","3BE8BE9972FD324573D5CAD75081FE8BB171315AFAF0D43A28CE2BE1B993BCBE"
"docs\archive\Dark Knight_原驱动实验报告.json","3636","C09E607542B2701AB48C0C67BE8D684F2DB81212CC5E5E6541C4C393084412C2"
"docs\archive\DC_双引擎_三首新曲_容量报告.json","3679","310C05B8EBA370C3614E6DCC57707AA9B168893D5A13A35AA2FA8D7CCEE1A6CB"
"docs\archive\DC_双引擎_三首新曲_验证记录.md","4169","28C6D4693F9B8F9EAF1191E997A47BA63C2ABF1D4C365FE12E3D8A83D92D7EEF"
"docs\archive\DC_FamiStudio_全量RAM与数据审计.json","7441","A43FFAD9E4686D0C0CA5B95F8572DBB2C3BBFC301C779213C8EB09494C24A3FD"
"docs\archive\DC_FamiStudio_全量RAM与数据审计.md","2076","232897E157B13EA385D6E8C3308107DD16DB3DE16DC30EA7C50F47A88A3BF067"
"docs\archive\DC_FamiStudio_全音频替换_容量报告.json","6232","78E1A7C42642E8B9BA7F8872B2B4888E75A4B7D70B5ACE8EA6EA379FE076D007"
"docs\archive\DC_FamiStudio_全音频替换_验证记录.md","4082","7991495696C73D4F687CF3E5F66722CC5F17D983DC44B7A200D033DB15F93195"
"docs\DC修改器设计与实现方案.md","5109","685F8EA0D0BB510FD2317416D99BE6904A48050822E4912899D85296067DD740"
"docs\DC修改器使用说明.md","69859","666F1B5B78BF5BD07624DA54BCA1D0161EBA3EB107A0232829B419CDC8F6A7E8"
"docs\images\dc_modifier\00-launcher.png","6730","0F5C7250E605841244E70020D7AC6FD577E54BBBD369067FDD06D9BDCA68FDA4"
"docs\images\dc_modifier\00b-empty-main.png","56257","381FA965A070A9FC4EF1224344731744F6DA3C87B25026C847F509DECC921F85"
"docs\images\dc_modifier\01-map-editor.png","134273","E453721585AED699566CEA2550D19B9CB4BF51D7F08452D5E6D4F93C7494AE9A"
"docs\images\dc_modifier\02-database.png","183531","6FF004848C5A0F550F1807F87A109D8F7AE0382F8C7BAEFC9F72C46787000074"
"docs\images\dc_modifier\02-unit-editor.png","169737","6EDA850050C371B7E7502B1BEE8DFF94D7E5E3AF91C54B800FE398F022B5B2BE"
"docs\images\dc_modifier\02b-global-tables.png","87272","C7E620A3DF2E3A333D994029043BF584A8ACC3E1053D9C1D932988FFAFC4EB7C"
"docs\images\dc_modifier\02c-item-table.png","140537","8350B5427D163981B498258ED1A9389485101FEE07BF3CFF666D7D54FA599B30"
"docs\images\dc_modifier\02d-unit-composition.png","59760","97270380CCBCD9DA76158D59663EE2BDBB4EBD78EADDB9A06449EC770F8C9C29"
"docs\images\dc_modifier\02e-rom-data-browser.png","138119","A68DFEA64A60E7D8E8B6A1B855281F2CA52FCD6B14DEE32FDB754DB6F95C35CA"
"docs\images\dc_modifier\03-character-editor.png","236146","5FC3EA00F4292571952E388EFFDBC9C8FA09436B60A2CEB37B79F9AC7A9E86E2"
"docs\images\dc_modifier\03-scenario-editor.png","173502","DD9FA57A2CBB173FF790D5089D420CA4D2E5956A00471C716846EA74E9CB1352"
"docs\images\dc_modifier\04-font-library.png","60992","BFF2B6565F7BD0085A57E460584DC04CD078A328DB0BE6F878798C77AC13DCBD"
"docs\images\dc_modifier\04-weapon-editor.png","166385","7FD4954508E9570A68B1F2CCB4EB74840FBAD8F307CAB4A8CD954BDB3B257E99"
"docs\images\dc_modifier\05-map-animation.png","143451","D6280D74BC4D759B45AB776CEB8A64F80CBBD5E2E9B322D1F62E52E7D9AF0C14"
"docs\images\dc_modifier\05-unit-import.png","84045","14945EDB111D84298BA52B890CF76F21E5DCE6B7405C125E2AB681A91083C877"
"docs\images\dc_modifier\05b-animation-puzzle.png","70965","46A98AE3443DCC49FBF5B16F33BF0B785EB12BEFC395E56F427BB948EA287440"
"docs\images\dc_modifier\05b-chr-editor.png","83454","795A62FF72BA49DF50D3D79017B55C45E843AF6086E44681D958AF00D8BC12FE"
"docs\images\dc_modifier\06-story-editor.png","254207","74989ACE6BBAA0C1033002846859F3D30C8EED3D30BC665C94AF2BB1E49E7CCB"
"docs\images\dc_modifier\06-text-converter.png","17254","360068314C9F8C02D486F0BAB775DADBAEA5C5B7FE97C3F5B8E5670FF8095989"
"docs\images\dc_modifier\07-attribute-calculator.png","54459","3B49CE56B08785250AC34DE1979A8D9022ECD485B69EBA7B8E98441C0D8CE391"
"docs\images\dc_modifier\07-event-editor.png","266167","13643FF5F7100A488EA933494E4FD943EE2C5E417741E417DB04437EC9847432"
"docs\images\dc_modifier\08-persuasion-editor.png","78035","9432C54270AF50253033ED0F8782579A81F7F9351D6461CB6B1623B74F141B15"
"docs\images\dc_modifier\08-save-editor.png","34366","BC280FB6F3A1F925CC1471F50738D1DB7A1D3D5773D6EA2D2CBBCE7067348780"
"docs\images\dc_modifier\09-music-editor.png","205738","7F63119E2A816DCBC9C7500F07B355835EF9BF25C5B7C6C81AC65448562EBD8B"
"docs\images\dc_modifier\09-other-settings.png","48582","060CC4D58BB8481D595A132B5B5707453C7910044033DA678CAB70D4F8D2B4A0"
"docs\images\dc_modifier\10-resource-manager.png","125676","E0418A4B655966B918DCEBE02A4A2A0F1560165C6862F8B8D2CE4E66D19DE29A"
"docs\images\dc_modifier\11-validation.png","69438","A31BD4C60DCA4FB5D77480B3E5CEDBB3596F9F2DE6F59F088208D02DB65DF48C"
"docs\images\dc_modifier\12-project-overview.png","67884","379210B1BA207647561B3A4B2B8F0498503ABCD416032972495C09853D3E7EDF"
"docs\images\dc_modifier\13-unit-import.png","68384","35C3EB21DE25AA26478D3389E658079E19CD2D905D2BAA6FD1603F970CA4EBCF"
"docs\images\dc_modifier\13b-chr-editor.png","70156","70D1C55F5B896B46F88CB4E2818D086C43CCAC6DBD47082262460117EAD04A74"
"docs\images\dc_modifier\14-music-editor.png","161755","FA0DDA590B57E810F688AA420E0AEEBAD8277F061726BC58B02337FF567FAD16"
"docs\M03-M07验收清单.md","14399","EB886401742C0CC375C02C2914CCEBA4DB3C4F80382603EFB6D5C0947942443D"
"docs\M08验收清单.md","6402","4D23DF09985C591700586073086FE09387E7A5FE65884077E0150DE9ABA563CA"
"docs\M09验收清单.md","5401","2811DB8A70F769A0FDBEEAA66DDA94F0505D8E9E035F78E16EF36483C77A3424"
"docs\M11验收清单.md","7064","F8D0B654F404D606EBA1F1D3EF41E8DEBAACCDFFBF9A7C7D3933E5417D7A4B0E"
"docs\M12验收清单.md","5782","95B641E711DEB0330E0F4E23AADFEC3833EB6323C573A67588FB37C8E56EAA05"
"docs\M14验收清单.md","5627","1BB5D8D7CC2E9806235F0CF223BA8EAD68F942C9031EF36A5A13DB0A9B7E52C1"
"docs\M15验收清单.md","6350","B0CEC536DEFF9C4AC4DF294BE7D12FBFDDCFA5D377B3C8361BD5E43AD7C27270"
"docs\M16验收清单.md","5534","69B8C76096D6DD340B55C25D6804B9142ECD4E8020B324771C27837E6CCC3CD9"
"docs\M18验收清单.md","4727","6B705C820804A0252DE1880A9271D873F52632DC95352261E1F36FFD7C7FA5A4"
"docs\README.md","1777","F4F5ACFC173816A1E9070D24756E52C0826FB68EA1967199D8472260242E43F0"
"docs\research\FC第二次机器人大战资料集V1.16_阅读笔记.md","6094","227240487790E01ACE1EE28705E95A83E2754B49C2E361DEA88F59F2F6FA2FC5"
"docs\research\legacy-modifier\截图反馈_动画.md","8740","CAAAC01F2E3ABAA2493BDD7943DBB586F1FCB6FFD7FBD02313BD41103784E200"
"docs\research\legacy-modifier\截图反馈_机体地图.md","9009","22DF04BC7EEC05A3699AC78593A08E35F86E4A12164990DAFF6A12B4D899C85C"
"docs\research\legacy-modifier\截图反馈_人物武器.md","10230","02619A6FE7B80F83EB7BA49F103694A53F34553BF5549AFE6F9C84BC21CC9546"
"docs\research\legacy-modifier\截图反馈_文字事件.md","6687","0623BAD037BFA1B73CD069018B46CB79FD69D79B5C5D78A94DF10204ACEB1F2C"
"docs\research\legacy-modifier\截图反馈优化验收.md","6273","BEA0F7560756147E21F3ADC0F78ED2A66730F17BE25B5CC1AD852DB02FA61CD8"
"docs\research\legacy-modifier\视频反馈优化验收.md","10199","771B105C3CF6C834F918370E1BFC0D15263E09EFEADF2BC91D95469E892C5BF3"
"docs\research\legacy-modifier\SRW2修改器操作动线与复刻规格.md","16825","067D75D30959F03B80506C2E8C7B18B267A84B2FBCE056A2361225914F5894F4"
"docs\research\legacy-modifier\SRW2一比一复刻差异矩阵.md","17056","8F158CB6273FB5D3B0EF73E5FE3CC038C62E249A5B8A04051360C88DB9157C61"
"docs\SRW2修改器1比1复刻需求文档.md","172870","F26B7316434504EFBD9AAE422C05B2DD14629CCD5E6B3D29C8777ECBC8E86813"
"git-add-commit-push.zip","2594","8410A6D5108C385FEAA45047122DC128BDD1BAF207669DDB1B482F8DC1F61716"
"output\app\新DC篇完整修改器.exe","51667639","9ADCBB0A7BF4017A0E54794FDFC43580558202070215275A0DAB23FDF1F812D4"
"output\app\新DC篇完整修改器.exe.sha256.txt","95","D20641BF7D2562AC932885EDAFBB009085569971A951B327444FA74633A271BC"
"output\app\修改器映射表\旧修改器配置名称索引.json","385097","7542C995FE49841AEFCC175CFA6DEFF7AE8FDA4FE08237A73AA093409E1A6315"
"output\app\修改器映射表\新DC_ROM名称与表地址映射.json","730100","F841834EE99DC47C51B3998B8D50DBEB04F57F2AB1D7E658AE225800113230E1"
"output\app\修改器映射表\新DC完整码表.tbl","29541","2876BD31A6ECEE37FF41EA4F06D2B2B6749194251CC9AEEC6E5BB8B50464EB65"
"output\app\修改器映射表\新DC字模地址映射.csv","65302","8AB0001BFB7CDC1FC6F34105E01D111E4CE15ABE07DF9514ED7D2DAB890FA740"
"output\app\修改器映射表\README.md","904","70FB27D1B6E5DABF54BAC039C8C727D176521BD034F2DEEE7BE4D3778B3CB5ED"
"output\build\all-palettes-visual-candidate\app\新DC篇完整修改器.exe","47826278","377385E4EFD8B9E4754B8C59F4B53BEE7EF6F47D3D642EDA4C316D35C8632150"
"output\build\all-palettes-visual-candidate\pyinstaller-work\dc_modifier\新DC篇完整修改器.pkg","47480678","1411B7BB2D4AEC94FCA28CEFDB83B5597630C3CDC4046E6C8E3F993F4701D1E0"
"output\build\all-palettes-visual-candidate\pyinstaller-work\dc_modifier\Analysis-00.toc","81757","648361630BEA2E7A602ADC9A96BFEFF5D7F74FA0A0E39BEB06DCEA34F7A37D62"
"output\build\all-palettes-visual-candidate\pyinstaller-work\dc_modifier\base_library.zip","1333490","CCD76C22177115974DC75A320EA0BCE240A7912BC0C252237DC148AF4D4A6113"
"output\build\all-palettes-visual-candidate\pyinstaller-work\dc_modifier\EXE-00.toc","35135","142ED0E4A9529E4926FE1C5DA89F6D24A4B21619E0993C6D842D21C4A5324E07"
"output\build\all-palettes-visual-candidate\pyinstaller-work\dc_modifier\PKG-00.toc","33390","EA545872AEE5A2C5EF3619FC1C4DF6A8206BA0BC89183CC874826253323906EE"
"output\build\all-palettes-visual-candidate\pyinstaller-work\dc_modifier\PYZ-00.pyz","2130435","59FA3E7BC4AD699ADD6E7E7A81DF496E1B582A4D0BE03C98A70321E5912464A8"
"output\build\all-palettes-visual-candidate\pyinstaller-work\dc_modifier\PYZ-00.toc","24654","1D3E4F00E31EB120CA1E491CCA5468765B0CEE9439AF12CFFC7EEA2FDC143E79"
"output\build\all-palettes-visual-candidate\pyinstaller-work\dc_modifier\warn-dc_modifier.txt","1653","D16B7FFEBFC36293C97F2ABCCCA7C0807239236BF7ACEBDCC9115C65FE20045A"
"output\build\all-palettes-visual-candidate\pyinstaller-work\dc_modifier\xref-dc_modifier.html","372181","748618D5C654DB04B4F7FE34F58540DF92CDB5E78AB124486E085ED641D4C111"
"output\build\archived-versioned-exes\新DC篇完整修改器_机体配色UI修正版.exe","47835008","DF6042529B04F4E284FFCF5664212DC035818CBCAC7E96FE2045C694C6D3A957"
"output\build\archived-versioned-exes\新DC篇完整修改器_机体配色UI修正版.exe.sha256.txt","119","0A1232E088275BFB18A4894FD3C1C7E0A0D7A16593040CBD62A15AD7B4EB1786"
"output\build\archived-versioned-exes\新DC篇完整修改器_机体战斗预览修正版.exe","47832995","A90024201F576CB8ED636C515A8C1BD173FF39C7319C8E8A7ABC918AC5238814"
"output\build\archived-versioned-exes\新DC篇完整修改器_机体战斗预览修正版.exe.sha256.txt","123","598CC2CF870C255D1731474E40DB4F2E688A7D1592A3ED615CB74F0E18EDE72B"
"output\build\archived-versioned-exes\新DC篇完整修改器_全颜色表可视化候选.exe","47826278","377385E4EFD8B9E4754B8C59F4B53BEE7EF6F47D3D642EDA4C316D35C8632150"
"output\build\archived-versioned-exes\新DC篇完整修改器_全颜色表可视化候选.exe.sha256.txt","123","1FFA401114142D5CB90686588C491A65F58A40CA5C9BDB2921CF3120E585AB5E"
"output\build\archived-versioned-exes\新DC篇完整修改器_颜色表可视化候选.exe","47826519","F28650EC39D66E6FEC421701138893B2E3DE0A1CC6EC71ED7339298D4DC2A2BF"
"output\build\archived-versioned-exes\新DC篇完整修改器_颜色表可视化候选.exe.sha256.txt","120","E1BD533EF0BF7559A69ABE59AAB4BB13806091DBCA88C33607B47B3D0D2C09F5"
"output\build\asm\dc_dual_audio_handoff.bin","24","8725708DCDC8AD4E3E2C2D742146DBF49277B4C59327894D9FBBCAA4ED45F0CC"
"output\build\asm\dc_dual_audio_handoff.lst","1199","6BEAA78680E349397040B1E212314190183890C9530BC12A3F40EA6A5451B636"
"output\build\asm\dc_dual_audio_trampoline.bin","29","06D56D2CD5BD8194EA08C3741470D726E8A498F12A642F6A6A113A8B7C899932"
"output\build\asm\dc_dual_audio_trampoline.lst","1343","6B97040C66E2479D89E3C1B2FBC75F3AF0E2235EBAD21513F4DF07E910DCD8B7"
"output\build\asm\dc_dual_engine_bank.bin","8192","E046AC7A47A0D92EC1C41840896D323CED35D68656970D74FEDE42EB9711E0DC"
"output\build\asm\dc_dual_engine_bank.lst","533348","34E6C7B9EC03B35574DDD321755B23B3237E5B91F1C8B558ACBAC632298B78B9"
"output\build\asm\dc_dual_music_61.bin","8192","9DB804E96CD15B09A7CF754BEC4369D67899E3D82853553D2E04E559CB2F5A2D"
"output\build\asm\dc_dual_music_61.lst","53601","E0A3C4D5E0630A4CFD9C5613883BD0B14F7D10DD443FEF066FC1F941CF7C0EE0"
"output\build\asm\dc_dual_music_62.bin","8192","F3DAD8BBF5AAD45484A000479DF7C4E9A8640BF05ED50C615E8ADB6D1BE49607"
"output\build\asm\dc_dual_music_62.lst","46957","426A3A609CEDFE6E8189C30E55C58A26AA113BAC81933DAD3F51BABC3CF88C9E"
"output\build\asm\dc_dual_music_63.bin","8192","946F14198C50A2A276B6D9CF1CD0B1316AF0B4E65F503FFC5F08DF2C9CC3E4FB"
"output\build\asm\dc_dual_music_63.lst","56992","BDB34B086D6B0F78B4B7FD7AFA60CAE78F1A1D994D24A8E1EE0188EA8C02538E"
"output\build\bitmap-zero-candidate-work\dc_modifier\新DC篇完整修改器.pkg","47483739","3215CDACEECF8CF630F24451BDB43A5929E7A83002570395874BABB63D62685B"
"output\build\bitmap-zero-candidate-work\dc_modifier\Analysis-00.toc","81736","4A2D101D3FDEA8F2F52AFC1B994D04ECFF2A30F0DDEAEB614131EB377B36D222"
"output\build\bitmap-zero-candidate-work\dc_modifier\base_library.zip","1333490","EDCBCC2592469964C6585D0F2823431675F66B26D6674CBB7B2FEF605C2BCDD5"
"output\build\bitmap-zero-candidate-work\dc_modifier\EXE-00.toc","34954","EFA97D3DE1362F71FB9692941754FB262105DA0C5A622EC83E25AA02C61CC3CB"
"output\build\bitmap-zero-candidate-work\dc_modifier\PKG-00.toc","33222","831575DA2E56951CF42DDD0A46E73DC31B3BF9314B8004A3F65477821C7BA3E8"
"output\build\bitmap-zero-candidate-work\dc_modifier\PYZ-00.pyz","2130630","6D3EFB81AA926FE2795BDCE8049E7DD23B6C30FEF8B825CB5634297D1DC2DE80"
"output\build\bitmap-zero-candidate-work\dc_modifier\PYZ-00.toc","24633","2E4CD55D7D135FEB300E2F85914E6EBF1DF194B7DE8CB24A3813B250B7A8AC52"
"output\build\bitmap-zero-candidate-work\dc_modifier\warn-dc_modifier.txt","1653","D16B7FFEBFC36293C97F2ABCCCA7C0807239236BF7ACEBDCC9115C65FE20045A"
"output\build\bitmap-zero-candidate-work\dc_modifier\xref-dc_modifier.html","372181","748618D5C654DB04B4F7FE34F58540DF92CDB5E78AB124486E085ED641D4C111"
"output\build\bitmap-zero-candidate\新DC篇完整修改器.exe","47829339","EBEF4CF1E8E37CD9F4B957F427F69DEC1F31E658C74F35F6618DA42D0335F235"
"output\build\candidate-app\新DC篇完整修改器.exe","47812257","EE38F479BC350EC68BEE78E4EDFCF283646F74A261FEF1DD792A6B8CE3DDE797"
"output\build\candidate-pyinstaller\dc_modifier\新DC篇完整修改器.pkg","47466657","4E4EC6C027CE036332F04E6786B29474E3725046FA23FA4D11708EEEF9ADD45A"
"output\build\candidate-pyinstaller\dc_modifier\Analysis-00.toc","81603","52DD42A33B8B1CB95C424764ED3CCE85EE3A6C83CDAE722BDB1D29CDE3C00DCF"
"output\build\candidate-pyinstaller\dc_modifier\base_library.zip","1333490","C551C4B7CED723713434FDB21697D4AC1018E469158F3118CEA779F001D4BECF"
"output\build\candidate-pyinstaller\dc_modifier\EXE-00.toc","34906","F27B99215E5A3BCB92E135F8A62DB741F1C50BFC78EEA3F43D1C635511FF496D"
"output\build\candidate-pyinstaller\dc_modifier\PKG-00.toc","33182","92C02F9F8886B6DA0772F0FC413B9A9DFF13B5BC619119D8C6C24E00076986D7"
"output\build\candidate-pyinstaller\dc_modifier\PYZ-00.pyz","2114137","97D5BED025D95A54522758328E1D008EE3D4F54BF5BDF42F666021EC3E517D79"
"output\build\candidate-pyinstaller\dc_modifier\PYZ-00.toc","24500","15CE3ABB24953E70BDF43C45B06DA0CCC6A1149A329D70768F87FDCB442D48FE"
"output\build\candidate-pyinstaller\dc_modifier\warn-dc_modifier.txt","1653","795367CD54E109617221D249C78A2FFDDE703C2DFE464B7E4E827A3B45D02CAD"
"output\build\candidate-pyinstaller\dc_modifier\xref-dc_modifier.html","370443","E6892E6CB49A743E539827BFFC83826E0868A7A301CD9ECBCF4366CAA24832D6"
"output\build\legacy-diff-audit\默认配置文件\背景规律名称.ini","646","75C21E3F46484675FFDF29CA079967BC2A66E37F08B9D5485CBC9D2D75B6BB53"
"output\build\legacy-diff-audit\默认配置文件\测试.cdl","786432","599C1BB5FFD4B87229A81958F33F1060821CD01CD7AA7CCAFA0D862F4522F3F6"
"output\build\legacy-diff-audit\默认配置文件\测试.nes","786448","A7656C6ECE9B463DCC26C8C62F280BDAADE55DC39F0A120B8CFFDEB54E8CFC2F"
"output\build\legacy-diff-audit\默认配置文件\测试.nes.deb","872","232885AA9953D5C0890072E5589E9265C9A06F8354CB7403CDE80D604C526F09"
"output\build\legacy-diff-audit\默认配置文件\地图动画名称.ini","2226","7145A58B8D976555402DFE07AB85CBE1760D7C5EBD399B52AD41F4DA782E2E9B"
"output\build\legacy-diff-audit\默认配置文件\地图动画图片名称.ini","3793","F56BC67B58C8DB715B197FE855CCD530E83575BD2D1D084FEA740EC322F9BB81"
"output\build\legacy-diff-audit\默认配置文件\地图动画运行规律名称.ini","3051","366097E1375C8823E22C02D7E3A67B7C4D1479922233DA1F400284A564BCF2D9"
"output\build\legacy-diff-audit\默认配置文件\地图事件名称.ini","516","C92665C48A008A301ADA3DEE379FF81DE843DE3B8147344EB36AF16D75F9659C"
"output\build\legacy-diff-audit\默认配置文件\关卡标题.ini","981","7F384C927AC094F46F7AD96BAA5369A511DFFFBAB9CF5356280A898E24055C28"
"output\build\legacy-diff-audit\默认配置文件\光束规律名称.ini","4885","5850882BA4D47944808AC3A8E273BEC3E2CC3C0C8952B0D6A9EC6B03A2D3A55C"
"output\build\legacy-diff-audit\默认配置文件\码表.ini","50419","8B88B75E443225C574DD6171A2E0DB25981A503678CD92747B61971439EAF01C"
"output\build\legacy-diff-audit\默认配置文件\默认配置文件\背景规律名称.ini","576","43984BAE6031DDE4F328A994698AFDAC281047E644941DD1494CA554D2AD84BA"
"output\build\legacy-diff-audit\默认配置文件\默认配置文件\测试.cdl","786432","599C1BB5FFD4B87229A81958F33F1060821CD01CD7AA7CCAFA0D862F4522F3F6"
"output\build\legacy-diff-audit\默认配置文件\默认配置文件\测试.nes","786448","A7656C6ECE9B463DCC26C8C62F280BDAADE55DC39F0A120B8CFFDEB54E8CFC2F"
"output\build\legacy-diff-audit\默认配置文件\默认配置文件\测试.nes.deb","872","232885AA9953D5C0890072E5589E9265C9A06F8354CB7403CDE80D604C526F09"
"output\build\legacy-diff-audit\默认配置文件\默认配置文件\地图动画名称.ini","2204","B27A8AA1A07518889E59AD5D201DA6866F544F2835CE417643037C0F1204F936"
"output\build\legacy-diff-audit\默认配置文件\默认配置文件\地图动画图片名称.ini","3686","42987F51B12DB86AB766D2F369B9C42C45FA9A7E86392A312C63518420F94065"
"output\build\legacy-diff-audit\默认配置文件\默认配置文件\地图动画运行规律名称.ini","3021","109C86B67A963F5D9350FA5B77760D9E30C3102AE9D48680D8B0C254BF8BA8D1"
"output\build\legacy-diff-audit\默认配置文件\默认配置文件\地图事件名称.ini","534","232C86D21204903BB33D7F0C73878CB1B5DC0011AD5F8D9D697A4ADAD8CBD793"
"output\build\legacy-diff-audit\默认配置文件\默认配置文件\关卡标题.ini","1139","6D91CE0AE64027D2E119BC592851B2B498735422AB7811C0438B35B5E70E8B3C"
"output\build\legacy-diff-audit\默认配置文件\默认配置文件\光束规律名称.ini","3717","7ED2FE432EC922A3A791AB94CC5CB7AE6EDC65F1A2871D8BEE1EF6EF2701265B"
"output\build\legacy-diff-audit\默认配置文件\默认配置文件\码表.ini","50177","05F7396B8439712B336AD99D5DF0B5EF02430DB51A844C7C4187E4ECD25A6164"
"output\build\legacy-diff-audit\默认配置文件\默认配置文件\物理图片名称.ini","3599","B6D96635B5A8083E54FB52C0BF1DBE7D8D9F84C965F6D0F9C245AE0FB5337273"
"output\build\legacy-diff-audit\默认配置文件\默认配置文件\行动名称.ini","2065","061A2B188CE9F396992153354FD2EBF46E62AAD1258FFAAA6E6A88108201CFB5"
"output\build\legacy-diff-audit\默认配置文件\默认配置文件\音乐.ini","234","A41322D2197F969CD5A49F70662FFC229FE97090D00E8F0CCD60B60A65CE92A8"
"output\build\legacy-diff-audit\默认配置文件\默认配置文件\运行规律名称.ini","3130","588E731FBC2895E8B159DADB7AA12FCBE104DA434B5FC91B712737D1B9D1E436"
"output\build\legacy-diff-audit\默认配置文件\默认配置文件\运行规律名称2.ini","4028","38F7F8E05D2394F334E01A12B7DF696A6EACB744CFA791370C8975FC42E223BF"
"output\build\legacy-diff-audit\默认配置文件\默认配置文件\mnq.ini","0","E3B0C44298FC1C149AFBF4C8996FB92427AE41E4649B934CA495991B7852B855"
"output\build\legacy-diff-audit\默认配置文件\默认配置文件\wqcs.dat","2","21A548F354B25F888833BFA4F8943AF1721A299D0BDEBA99DF6EFB6901C12F47"
"output\build\legacy-diff-audit\默认配置文件\物理图片名称.ini","5451","473A4AD7F7C9D0AD7980B8B023E9C8F449A687F1BF2B5FD2831DFB813E3D5881"
"output\build\legacy-diff-audit\默认配置文件\行动名称.ini","1812","04FCDE9B610E866F55EE46E7E6047446D3869895BACA624E8C4F6FF1CC60363E"
"output\build\legacy-diff-audit\默认配置文件\音乐.ini","234","A41322D2197F969CD5A49F70662FFC229FE97090D00E8F0CCD60B60A65CE92A8"
"output\build\legacy-diff-audit\默认配置文件\运行规律名称.ini","4745","88C645572856CBBA78E5AF6EE7AC2BC56EBC8F9BB33157F57E76ED4437C80180"
"output\build\legacy-diff-audit\默认配置文件\运行规律名称2.ini","2689","38B1FEAAD7C4828A60F5E15002B5F909DD899556475D0430A1B32D3351DA8598"
"output\build\legacy-diff-audit\默认配置文件\mnq.ini","0","E3B0C44298FC1C149AFBF4C8996FB92427AE41E4649B934CA495991B7852B855"
"output\build\legacy-diff-audit\默认配置文件\wqcs.dat","2","21A548F354B25F888833BFA4F8943AF1721A299D0BDEBA99DF6EFB6901C12F47"
"output\build\legacy-diff-audit\自动备份\2026年9月11日\21时34分6秒after.nes","786448","C0F6FB15DBCC9F04D35EC97B9558DF85D099C661C35D54D3A2AAE4966D2ED5B2"
"output\build\legacy-diff-audit\自动备份\2026年9月11日\21时37分15秒after.nes","786448","C0F6FB15DBCC9F04D35EC97B9558DF85D099C661C35D54D3A2AAE4966D2ED5B2"
"output\build\legacy-diff-audit\自动备份\2026年9月11日\21时37分26秒after.nes","786448","C0F6FB15DBCC9F04D35EC97B9558DF85D099C661C35D54D3A2AAE4966D2ED5B2"
"output\build\legacy-diff-audit\自动备份\2026年9月11日\21时37分38秒after.nes","786448","C0F6FB15DBCC9F04D35EC97B9558DF85D099C661C35D54D3A2AAE4966D2ED5B2"
"output\build\legacy-diff-audit\自动备份\2026年9月11日\21时37分49秒after.nes","786448","C0F6FB15DBCC9F04D35EC97B9558DF85D099C661C35D54D3A2AAE4966D2ED5B2"
"output\build\legacy-diff-audit\自动备份\2026年9月11日\21时38分46秒after.nes","786448","C0F6FB15DBCC9F04D35EC97B9558DF85D099C661C35D54D3A2AAE4966D2ED5B2"
"output\build\legacy-diff-audit\自动备份\2026年9月11日\21时38分58秒after.nes","786448","C0F6FB15DBCC9F04D35EC97B9558DF85D099C661C35D54D3A2AAE4966D2ED5B2"
"output\build\legacy-diff-audit\自动备份\2026年9月11日\21时39分21秒after.nes","786448","C0F6FB15DBCC9F04D35EC97B9558DF85D099C661C35D54D3A2AAE4966D2ED5B2"
"output\build\legacy-diff-audit\自动备份\2026年9月11日\21时39分32秒after.nes","786448","C0F6FB15DBCC9F04D35EC97B9558DF85D099C661C35D54D3A2AAE4966D2ED5B2"
"output\build\legacy-diff-audit\自动备份\2026年9月11日\21时39分43秒after.nes","786448","C0F6FB15DBCC9F04D35EC97B9558DF85D099C661C35D54D3A2AAE4966D2ED5B2"
"output\build\legacy-diff-audit\自动备份\2026年9月11日\21时39分55秒after.nes","786448","C0F6FB15DBCC9F04D35EC97B9558DF85D099C661C35D54D3A2AAE4966D2ED5B2"
"output\build\legacy-diff-audit\自动备份\2026年9月11日\21时39分9秒after.nes","786448","C0F6FB15DBCC9F04D35EC97B9558DF85D099C661C35D54D3A2AAE4966D2ED5B2"
"output\build\legacy-diff-audit\自动备份\2026年9月11日\21时40分17秒after.nes","786448","C0F6FB15DBCC9F04D35EC97B9558DF85D099C661C35D54D3A2AAE4966D2ED5B2"
"output\build\legacy-diff-audit\自动备份\2026年9月11日\21时40分6秒after.nes","786448","C0F6FB15DBCC9F04D35EC97B9558DF85D099C661C35D54D3A2AAE4966D2ED5B2"
"output\build\legacy-diff-audit\自动备份\2026年9月11日\21时41分11秒after.nes","786448","C0F6FB15DBCC9F04D35EC97B9558DF85D099C661C35D54D3A2AAE4966D2ED5B2"
"output\build\legacy-diff-audit\自动备份\2026年9月11日\21时41分22秒after.nes","786448","C0F6FB15DBCC9F04D35EC97B9558DF85D099C661C35D54D3A2AAE4966D2ED5B2"
"output\build\legacy-diff-audit\自动备份\2026年9月11日\21时41分33秒after.nes","786448","C0F6FB15DBCC9F04D35EC97B9558DF85D099C661C35D54D3A2AAE4966D2ED5B2"
"output\build\legacy-diff-audit\自动备份\2026年9月11日\21时41分44秒after.nes","786448","C0F6FB15DBCC9F04D35EC97B9558DF85D099C661C35D54D3A2AAE4966D2ED5B2"
"output\build\legacy-diff-audit\自动备份\2026年9月11日\21时41分55秒after.nes","786448","C0F6FB15DBCC9F04D35EC97B9558DF85D099C661C35D54D3A2AAE4966D2ED5B2"
"output\build\legacy-diff-audit\自动备份\2026年9月11日\21时42分17秒after.nes","786448","C0F6FB15DBCC9F04D35EC97B9558DF85D099C661C35D54D3A2AAE4966D2ED5B2"
"output\build\legacy-diff-audit\自动备份\2026年9月11日\21时42分28秒after.nes","786448","C0F6FB15DBCC9F04D35EC97B9558DF85D099C661C35D54D3A2AAE4966D2ED5B2"
"output\build\legacy-diff-audit\自动备份\2026年9月11日\21时42分39秒after.nes","786448","C0F6FB15DBCC9F04D35EC97B9558DF85D099C661C35D54D3A2AAE4966D2ED5B2"
"output\build\legacy-diff-audit\自动备份\2026年9月11日\21时42分51秒after.nes","786448","C0F6FB15DBCC9F04D35EC97B9558DF85D099C661C35D54D3A2AAE4966D2ED5B2"
"output\build\legacy-diff-audit\自动备份\2026年9月11日\21时42分6秒after.nes","786448","C0F6FB15DBCC9F04D35EC97B9558DF85D099C661C35D54D3A2AAE4966D2ED5B2"
"output\build\legacy-diff-audit\自动备份\2026年9月11日\21时43分2秒after.nes","786448","C0F6FB15DBCC9F04D35EC97B9558DF85D099C661C35D54D3A2AAE4966D2ED5B2"
"output\build\legacy-diff-audit\自动备份\2026年9月11日\21时49分24秒after.nes","786448","C0F6FB15DBCC9F04D35EC97B9558DF85D099C661C35D54D3A2AAE4966D2ED5B2"
"output\build\legacy-diff-audit\自动备份\2026年9月11日\21时49分35秒after.nes","786448","C0F6FB15DBCC9F04D35EC97B9558DF85D099C661C35D54D3A2AAE4966D2ED5B2"
"output\build\legacy-diff-audit\自动备份\2026年9月11日\21时49分46秒after.nes","786448","C0F6FB15DBCC9F04D35EC97B9558DF85D099C661C35D54D3A2AAE4966D2ED5B2"
"output\build\legacy-diff-audit\自动备份\2026年9月11日\21时49分57秒after.nes","786448","C0F6FB15DBCC9F04D35EC97B9558DF85D099C661C35D54D3A2AAE4966D2ED5B2"
"output\build\legacy-diff-audit\自动备份\2026年9月11日\21时50分19秒after.nes","786448","C0F6FB15DBCC9F04D35EC97B9558DF85D099C661C35D54D3A2AAE4966D2ED5B2"
"output\build\legacy-diff-audit\自动备份\2026年9月11日\21时50分31秒after.nes","786448","C0F6FB15DBCC9F04D35EC97B9558DF85D099C661C35D54D3A2AAE4966D2ED5B2"
"output\build\legacy-diff-audit\自动备份\2026年9月11日\21时50分42秒after.nes","786448","C0F6FB15DBCC9F04D35EC97B9558DF85D099C661C35D54D3A2AAE4966D2ED5B2"
"output\build\legacy-diff-audit\自动备份\2026年9月11日\21时50分53秒after.nes","786448","C0F6FB15DBCC9F04D35EC97B9558DF85D099C661C35D54D3A2AAE4966D2ED5B2"
"output\build\legacy-diff-audit\自动备份\2026年9月11日\21时50分8秒after.nes","786448","C0F6FB15DBCC9F04D35EC97B9558DF85D099C661C35D54D3A2AAE4966D2ED5B2"
"output\build\legacy-diff-audit\自动备份\2026年9月11日\21时51分15秒after.nes","786448","C0F6FB15DBCC9F04D35EC97B9558DF85D099C661C35D54D3A2AAE4966D2ED5B2"
"output\build\legacy-diff-audit\自动备份\2026年9月11日\21时51分26秒after.nes","786448","C0F6FB15DBCC9F04D35EC97B9558DF85D099C661C35D54D3A2AAE4966D2ED5B2"
"output\build\legacy-diff-audit\自动备份\2026年9月11日\21时51分4秒after.nes","786448","C0F6FB15DBCC9F04D35EC97B9558DF85D099C661C35D54D3A2AAE4966D2ED5B2"
"output\build\legacy-diff-audit\自动备份\2026年9月11日\21时53分56秒after.nes","786448","C0F6FB15DBCC9F04D35EC97B9558DF85D099C661C35D54D3A2AAE4966D2ED5B2"
"output\build\legacy-diff-audit\自动备份\2026年9月11日\21时54分22秒after.nes","786448","C0F6FB15DBCC9F04D35EC97B9558DF85D099C661C35D54D3A2AAE4966D2ED5B2"
"output\build\legacy-diff-audit\自动备份\2026年9月11日\21时54分9秒after.nes","786448","C0F6FB15DBCC9F04D35EC97B9558DF85D099C661C35D54D3A2AAE4966D2ED5B2"
"output\build\legacy-diff-audit\自动备份\2026年9月11日\21时56分20秒after.nes","786448","C0F6FB15DBCC9F04D35EC97B9558DF85D099C661C35D54D3A2AAE4966D2ED5B2"
"output\build\legacy-diff-audit\自动备份\2026年9月11日\21时56分33秒after.nes","786448","C0F6FB15DBCC9F04D35EC97B9558DF85D099C661C35D54D3A2AAE4966D2ED5B2"
"output\build\legacy-diff-audit\自动备份\2026年9月11日\21时56分8秒after.nes","786448","C0F6FB15DBCC9F04D35EC97B9558DF85D099C661C35D54D3A2AAE4966D2ED5B2"
"output\build\legacy-diff-audit\自动备份\2026年9月11日\21时58分24秒after.nes","786448","C0F6FB15DBCC9F04D35EC97B9558DF85D099C661C35D54D3A2AAE4966D2ED5B2"
"output\build\legacy-diff-audit\自动备份\2026年9月11日\21时58分37秒after.nes","786448","C0F6FB15DBCC9F04D35EC97B9558DF85D099C661C35D54D3A2AAE4966D2ED5B2"
"output\build\legacy-diff-audit\自动备份\2026年9月11日\21时58分50秒after.nes","786448","C0F6FB15DBCC9F04D35EC97B9558DF85D099C661C35D54D3A2AAE4966D2ED5B2"
"output\build\legacy-diff-audit\自动备份\2026年9月11日\21时59分3秒after.nes","786448","C0F6FB15DBCC9F04D35EC97B9558DF85D099C661C35D54D3A2AAE4966D2ED5B2"
"output\build\legacy-diff-audit\自动备份\2026年9月11日\22时1分7秒after.nes","786448","C0F6FB15DBCC9F04D35EC97B9558DF85D099C661C35D54D3A2AAE4966D2ED5B2"
"output\build\legacy-diff-audit\自动备份\2026年9月11日\22时49分37秒after.nes","786448","C0F6FB15DBCC9F04D35EC97B9558DF85D099C661C35D54D3A2AAE4966D2ED5B2"
"output\build\legacy-diff-audit\自动备份\2026年9月11日\22时52分20秒after.nes","786448","C0F6FB15DBCC9F04D35EC97B9558DF85D099C661C35D54D3A2AAE4966D2ED5B2"
"output\build\legacy-diff-audit\自动备份\2026年9月11日\22时52分7秒after.nes","786448","C0F6FB15DBCC9F04D35EC97B9558DF85D099C661C35D54D3A2AAE4966D2ED5B2"
"output\build\legacy-diff-audit\自动备份\2026年9月11日\22时54分59秒after.nes","786448","C0F6FB15DBCC9F04D35EC97B9558DF85D099C661C35D54D3A2AAE4966D2ED5B2"
"output\build\legacy-diff-audit\自动备份\2026年9月11日\22时55分12秒after.nes","786448","C0F6FB15DBCC9F04D35EC97B9558DF85D099C661C35D54D3A2AAE4966D2ED5B2"
"output\build\legacy-diff-audit\自动备份\2026年9月11日\22时56分47秒after.nes","786448","C0F6FB15DBCC9F04D35EC97B9558DF85D099C661C35D54D3A2AAE4966D2ED5B2"
"output\build\legacy-diff-audit\自动备份\2026年9月11日\22时57分0秒after.nes","786448","C0F6FB15DBCC9F04D35EC97B9558DF85D099C661C35D54D3A2AAE4966D2ED5B2"
"output\build\legacy-diff-audit\自动备份\2026年9月11日\22时58分17秒after.nes","786448","C0F6FB15DBCC9F04D35EC97B9558DF85D099C661C35D54D3A2AAE4966D2ED5B2"
"output\build\legacy-diff-audit\自动备份\2026年9月11日\22时59分12秒after.nes","786448","C0F6FB15DBCC9F04D35EC97B9558DF85D099C661C35D54D3A2AAE4966D2ED5B2"
"output\build\legacy-diff-audit\自动备份\2026年9月11日\22时59分27秒after.nes","786448","C0F6FB15DBCC9F04D35EC97B9558DF85D099C661C35D54D3A2AAE4966D2ED5B2"
"output\build\legacy-diff-audit\自动备份\2026年9月11日\22时59分41秒after.nes","786448","C0F6FB15DBCC9F04D35EC97B9558DF85D099C661C35D54D3A2AAE4966D2ED5B2"
"output\build\legacy-diff-audit\自动备份\2026年9月11日\22时59分54秒after.nes","786448","C0F6FB15DBCC9F04D35EC97B9558DF85D099C661C35D54D3A2AAE4966D2ED5B2"
"output\build\legacy-diff-audit\自动备份\2026年9月11日\23时0分8秒after.nes","786448","C0F6FB15DBCC9F04D35EC97B9558DF85D099C661C35D54D3A2AAE4966D2ED5B2"
"output\build\legacy-diff-audit\自动备份\2026年9月11日\23时10分24秒after.nes","786448","C0F6FB15DBCC9F04D35EC97B9558DF85D099C661C35D54D3A2AAE4966D2ED5B2"
"output\build\legacy-diff-audit\自动备份\2026年9月11日\23时10分51秒after.nes","786448","C0F6FB15DBCC9F04D35EC97B9558DF85D099C661C35D54D3A2AAE4966D2ED5B2"
"output\build\legacy-diff-audit\自动备份\2026年9月11日\23时11分18秒after.nes","786448","C0F6FB15DBCC9F04D35EC97B9558DF85D099C661C35D54D3A2AAE4966D2ED5B2"
"output\build\legacy-diff-audit\自动备份\2026年9月11日\23时11分46秒after.nes","786448","C0F6FB15DBCC9F04D35EC97B9558DF85D099C661C35D54D3A2AAE4966D2ED5B2"
"output\build\legacy-diff-audit\自动备份\2026年9月11日\23时12分14秒after.nes","786448","C0F6FB15DBCC9F04D35EC97B9558DF85D099C661C35D54D3A2AAE4966D2ED5B2"
"output\build\legacy-diff-audit\自动备份\2026年9月11日\23时12分42秒after.nes","786448","C0F6FB15DBCC9F04D35EC97B9558DF85D099C661C35D54D3A2AAE4966D2ED5B2"
"output\build\legacy-diff-audit\自动备份\2026年9月11日\23时13分38秒after.nes","786448","C0F6FB15DBCC9F04D35EC97B9558DF85D099C661C35D54D3A2AAE4966D2ED5B2"
"output\build\legacy-diff-audit\自动备份\2026年9月11日\23时13分9秒after.nes","786448","C0F6FB15DBCC9F04D35EC97B9558DF85D099C661C35D54D3A2AAE4966D2ED5B2"
"output\build\legacy-diff-audit\自动备份\2026年9月11日\23时14分35秒after.nes","786448","C0F6FB15DBCC9F04D35EC97B9558DF85D099C661C35D54D3A2AAE4966D2ED5B2"
"output\build\legacy-diff-audit\自动备份\2026年9月11日\23时14分6秒after.nes","786448","C0F6FB15DBCC9F04D35EC97B9558DF85D099C661C35D54D3A2AAE4966D2ED5B2"
"output\build\legacy-diff-audit\自动备份\2026年9月11日\23时15分31秒after.nes","786448","C0F6FB15DBCC9F04D35EC97B9558DF85D099C661C35D54D3A2AAE4966D2ED5B2"
"output\build\legacy-diff-audit\自动备份\2026年9月11日\23时15分3秒after.nes","786448","C0F6FB15DBCC9F04D35EC97B9558DF85D099C661C35D54D3A2AAE4966D2ED5B2"
"output\build\legacy-diff-audit\自动备份\2026年9月11日\23时15分59秒after.nes","786448","C0F6FB15DBCC9F04D35EC97B9558DF85D099C661C35D54D3A2AAE4966D2ED5B2"
"output\build\legacy-diff-audit\自动备份\2026年9月11日\23时16分27秒after.nes","786448","C0F6FB15DBCC9F04D35EC97B9558DF85D099C661C35D54D3A2AAE4966D2ED5B2"
"output\build\legacy-diff-audit\自动备份\2026年9月11日\23时16分55秒after.nes","786448","C0F6FB15DBCC9F04D35EC97B9558DF85D099C661C35D54D3A2AAE4966D2ED5B2"
"output\build\legacy-diff-audit\自动备份\2026年9月11日\23时17分47秒after.nes","786448","C0F6FB15DBCC9F04D35EC97B9558DF85D099C661C35D54D3A2AAE4966D2ED5B2"
"output\build\legacy-diff-audit\自动备份\2026年9月11日\23时1分23秒after.nes","786448","C0F6FB15DBCC9F04D35EC97B9558DF85D099C661C35D54D3A2AAE4966D2ED5B2"
"output\build\legacy-diff-audit\自动备份\2026年9月11日\23时1分37秒after.nes","786448","C0F6FB15DBCC9F04D35EC97B9558DF85D099C661C35D54D3A2AAE4966D2ED5B2"
"output\build\legacy-diff-audit\自动备份\2026年9月11日\23时1分51秒after.nes","786448","C0F6FB15DBCC9F04D35EC97B9558DF85D099C661C35D54D3A2AAE4966D2ED5B2"
"output\build\legacy-diff-audit\自动备份\2026年9月11日\23时4分45秒after.nes","786448","C0F6FB15DBCC9F04D35EC97B9558DF85D099C661C35D54D3A2AAE4966D2ED5B2"
"output\build\legacy-diff-audit\自动备份\2026年9月11日\23时4分6秒after.nes","786448","C0F6FB15DBCC9F04D35EC97B9558DF85D099C661C35D54D3A2AAE4966D2ED5B2"
"output\build\legacy-diff-audit\自动备份\2026年9月11日\23时5分13秒after.nes","786448","C0F6FB15DBCC9F04D35EC97B9558DF85D099C661C35D54D3A2AAE4966D2ED5B2"
"output\build\legacy-diff-audit\自动备份\2026年9月11日\23时5分39秒after.nes","786448","C0F6FB15DBCC9F04D35EC97B9558DF85D099C661C35D54D3A2AAE4966D2ED5B2"
"output\build\legacy-diff-audit\自动备份\2026年9月11日\23时6分51秒after.nes","786448","C0F6FB15DBCC9F04D35EC97B9558DF85D099C661C35D54D3A2AAE4966D2ED5B2"
"output\build\legacy-diff-audit\自动备份\2026年9月11日\23时8分19秒after.nes","786448","C0F6FB15DBCC9F04D35EC97B9558DF85D099C661C35D54D3A2AAE4966D2ED5B2"
"output\build\legacy-diff-audit\自动备份\2026年9月11日\23时8分49秒after.nes","786448","C0F6FB15DBCC9F04D35EC97B9558DF85D099C661C35D54D3A2AAE4966D2ED5B2"
"output\build\legacy-diff-audit\自动备份\2026年9月11日\23时9分16秒after.nes","786448","C0F6FB15DBCC9F04D35EC97B9558DF85D099C661C35D54D3A2AAE4966D2ED5B2"
"output\build\legacy-diff-audit\自动备份\2026年9月11日\23时9分47秒after.nes","786448","C0F6FB15DBCC9F04D35EC97B9558DF85D099C661C35D54D3A2AAE4966D2ED5B2"
"output\build\legacy-diff-audit\自动备份\2026年9月15日\18时41分15秒after.nes","786448","C0F6FB15DBCC9F04D35EC97B9558DF85D099C661C35D54D3A2AAE4966D2ED5B2"
"output\build\legacy-diff-audit\自动备份\2026年9月15日\19时2分15秒after.nes","786448","CDCD8D641ACC5C62F7D92CE49A1D5535EE65520C49A0A5976FD8C433FD2925F6"
"output\build\legacy-diff-audit\自动备份\2026年9月15日\19时49分35秒M01-参考版-working.nes","786448","C0F6FB15DBCC9F04D35EC97B9558DF85D099C661C35D54D3A2AAE4966D2ED5B2"
"output\build\legacy-diff-audit\自动备份\2026年9月15日\20时37分35秒M02-参考版-working.nes","786448","8B2878A5C9BE0301073330FC0028421685742E209538B343D7C87E815E814A8E"
"output\build\legacy-diff-audit\自动备份\2026年9月15日\20时38分21秒M02-参考版-working.nes","786448","1679E224DF25BDBCA6227B0EAB3D6886A21E36DB1989CE67838096ABC384189D"
"output\build\legacy-diff-audit\自动备份\2026年9月15日\20时40分47秒M01-参考版-after.nes","786448","C0F6FB15DBCC9F04D35EC97B9558DF85D099C661C35D54D3A2AAE4966D2ED5B2"
"output\build\legacy-diff-audit\自动备份\2026年9月15日\20时55分14秒M01-参考版-after.nes","786448","66833F0B4B1250E9DEBED5CF93EF7FAFDEDF3C98390CE63973A05B890A62CD58"
"output\build\legacy-diff-audit\自动备份\2026年9月15日\20时55分31秒M01-参考版-after.nes","786448","AEFE928F8AD957DC5D8F013DC3411C5C21FBB6F1DBB6468177738C5A36B17D60"
"output\build\legacy-diff-audit\自动备份\2026年9月15日\20时55分32秒M01-参考版-after.nes","786448","AEFE928F8AD957DC5D8F013DC3411C5C21FBB6F1DBB6468177738C5A36B17D60"
"output\build\legacy-diff-audit\自动备份\2026年9月18日\10时0分31秒probe.nes","786448","C0F6FB15DBCC9F04D35EC97B9558DF85D099C661C35D54D3A2AAE4966D2ED5B2"
"output\build\legacy-diff-audit\自动备份\2026年9月18日\10时0分58秒probe.nes","786448","C0F6FB15DBCC9F04D35EC97B9558DF85D099C661C35D54D3A2AAE4966D2ED5B2"
"output\build\legacy-diff-audit\自动备份\2026年9月18日\10时11分14秒probe.nes","1310736","1DDD4F74B2D3ACEAA8A0BC4A6846BE8E6148C858C2D8EA5A1F6E0A04F0AD4A75"
"output\build\legacy-diff-audit\自动备份\2026年9月18日\10时11分34秒probe.nes","1310736","1DDD4F74B2D3ACEAA8A0BC4A6846BE8E6148C858C2D8EA5A1F6E0A04F0AD4A75"
"output\build\legacy-diff-audit\自动备份\2026年9月18日\10时11分57秒probe.nes","1310736","1DDD4F74B2D3ACEAA8A0BC4A6846BE8E6148C858C2D8EA5A1F6E0A04F0AD4A75"
"output\build\legacy-diff-audit\自动备份\2026年9月18日\10时14分16秒probe.nes","1310736","1DDD4F74B2D3ACEAA8A0BC4A6846BE8E6148C858C2D8EA5A1F6E0A04F0AD4A75"
"output\build\legacy-diff-audit\自动备份\2026年9月18日\10时15分34秒probe.nes","1310736","1DDD4F74B2D3ACEAA8A0BC4A6846BE8E6148C858C2D8EA5A1F6E0A04F0AD4A75"
"output\build\legacy-diff-audit\自动备份\2026年9月18日\10时16分39秒probe.nes","1310736","1DDD4F74B2D3ACEAA8A0BC4A6846BE8E6148C858C2D8EA5A1F6E0A04F0AD4A75"
"output\build\legacy-diff-audit\自动备份\2026年9月18日\10时17分10秒probe.nes","1310736","1DDD4F74B2D3ACEAA8A0BC4A6846BE8E6148C858C2D8EA5A1F6E0A04F0AD4A75"
"output\build\legacy-diff-audit\自动备份\2026年9月18日\10时18分5秒probe.nes","1310736","1DDD4F74B2D3ACEAA8A0BC4A6846BE8E6148C858C2D8EA5A1F6E0A04F0AD4A75"
"output\build\legacy-diff-audit\自动备份\2026年9月18日\10时2分29秒probe.nes","786448","C0F6FB15DBCC9F04D35EC97B9558DF85D099C661C35D54D3A2AAE4966D2ED5B2"
"output\build\legacy-diff-audit\自动备份\2026年9月18日\10时3分19秒probe.nes","786448","C0F6FB15DBCC9F04D35EC97B9558DF85D099C661C35D54D3A2AAE4966D2ED5B2"
"output\build\legacy-diff-audit\自动备份\2026年9月18日\10时3分59秒probe.nes","786448","C0F6FB15DBCC9F04D35EC97B9558DF85D099C661C35D54D3A2AAE4966D2ED5B2"
"output\build\legacy-diff-audit\自动备份\2026年9月18日\10时5分15秒probe.nes","786448","C0F6FB15DBCC9F04D35EC97B9558DF85D099C661C35D54D3A2AAE4966D2ED5B2"
"output\build\legacy-diff-audit\自动备份\2026年9月18日\10时6分15秒probe.nes","1310736","1DDD4F74B2D3ACEAA8A0BC4A6846BE8E6148C858C2D8EA5A1F6E0A04F0AD4A75"
"output\build\legacy-diff-audit\自动备份\2026年9月18日\10时6分34秒probe.nes","1310736","1DDD4F74B2D3ACEAA8A0BC4A6846BE8E6148C858C2D8EA5A1F6E0A04F0AD4A75"
"output\build\legacy-diff-audit\自动备份\2026年9月18日\10时7分2秒probe.nes","1310736","1DDD4F74B2D3ACEAA8A0BC4A6846BE8E6148C858C2D8EA5A1F6E0A04F0AD4A75"
"output\build\legacy-diff-audit\自动备份\2026年9月18日\11时0分7秒probe.nes","1310736","1DDD4F74B2D3ACEAA8A0BC4A6846BE8E6148C858C2D8EA5A1F6E0A04F0AD4A75"
"output\build\legacy-diff-audit\自动备份\2026年9月18日\11时17分33秒probe.nes","1310736","1DDD4F74B2D3ACEAA8A0BC4A6846BE8E6148C858C2D8EA5A1F6E0A04F0AD4A75"
"output\build\legacy-diff-audit\自动备份\2026年9月18日\11时1分26秒probe.nes","1310736","1DDD4F74B2D3ACEAA8A0BC4A6846BE8E6148C858C2D8EA5A1F6E0A04F0AD4A75"
"output\build\legacy-diff-audit\自动备份\2026年9月18日\11时26分9秒probe.nes","1310736","1DDD4F74B2D3ACEAA8A0BC4A6846BE8E6148C858C2D8EA5A1F6E0A04F0AD4A75"
"output\build\legacy-diff-audit\自动备份\2026年9月18日\11时8分4秒probe.nes","1310736","1DDD4F74B2D3ACEAA8A0BC4A6846BE8E6148C858C2D8EA5A1F6E0A04F0AD4A75"
"output\build\legacy-diff-audit\自动备份\2026年9月18日\11时9分36秒probe.nes","1310736","1DDD4F74B2D3ACEAA8A0BC4A6846BE8E6148C858C2D8EA5A1F6E0A04F0AD4A75"
"output\build\legacy-diff-audit\自动备份\2026年9月18日\9时57分12秒probe.nes","786448","C0F6FB15DBCC9F04D35EC97B9558DF85D099C661C35D54D3A2AAE4966D2ED5B2"
"output\build\legacy-diff-audit\自动备份\2026年9月18日\9时57分54秒probe.nes","786448","C0F6FB15DBCC9F04D35EC97B9558DF85D099C661C35D54D3A2AAE4966D2ED5B2"
"output\build\legacy-diff-audit\audit.nes","786448","C0F6FB15DBCC9F04D35EC97B9558DF85D099C661C35D54D3A2AAE4966D2ED5B2"
"output\build\legacy-diff-audit\audit.sav","8192","E0CD4A176707D7D3103F11CF3836E99A9DB193A153E536C826009C05FC07EBC3"
"output\build\legacy-diff-audit\cases\exploratory-m06-m07\canonical_edit2200_equal.nes","1310736","F542EED1D2168516FD642C74A789DA1A71105B5C8B5454D97FA1B42044091F74"
"output\build\legacy-diff-audit\cases\exploratory-m06-m07\canonical_edit830_equal.nes","1310736","CC24FAB6B3FB6AE685073D3E198770CB394C355F2BD3773B819C66365A3FD904"
"output\build\legacy-diff-audit\cases\exploratory-m06-m07\probe_edit2200_equal.nes","786448","DA59865B01C7F55C81D2D6BD4323C6562A3E2DEB6B6D332C01B657B12AAD8BD1"
"output\build\legacy-diff-audit\cases\exploratory-m06-m07\probe_edit2200.nes","786448","D0BCC1BF7163EDD422A9636FE1713BE62020552DCDC5EC1117CF65C22E08610C"
"output\build\legacy-diff-audit\cases\exploratory-m06-m07\probe_edit830_equal.nes","786448","04559119CDC137AE8148A727F20FB935439EDC05ECA5FA881D467F2773FE40F7"
"output\build\legacy-diff-audit\cases\exploratory-m06-m07\probe_edit830.nes","786448","0CEDB3A6976D29901D5804F3DA399E568EE24B7474EF8583E1195E8CBB20D247"
"output\build\legacy-diff-audit\cases\exploratory-m06-m07\probe_with_add.nes","786448","FBD62EEF553741F440C4309877595F50092415785294A309DE7955CF25877C44"
"output\build\legacy-diff-audit\cases\exploratory-m06-m07\probe.cdl","786432","599C1BB5FFD4B87229A81958F33F1060821CD01CD7AA7CCAFA0D862F4522F3F6"
"output\build\legacy-diff-audit\cases\exploratory-m06-m07\probe.nes","1310736","F238858A6BEF30D04F71B16BF8470FD8B2FF4CE814316053B72C213783FB9528"
"output\build\legacy-diff-audit\cases\exploratory-m06-m07\report.json","39703","F75C65D3EA5E3276043DE7675C747C674D88CDD686740696042C369477171006"
"output\build\legacy-diff-audit\cases\global_hit_threshold\after.nes","786448","CDCD8D641ACC5C62F7D92CE49A1D5535EE65520C49A0A5976FD8C433FD2925F6"
"output\build\legacy-diff-audit\cases\global_hit_threshold\before.nes","786448","C0F6FB15DBCC9F04D35EC97B9558DF85D099C661C35D54D3A2AAE4966D2ED5B2"
"output\build\legacy-diff-audit\cases\item_price_01\after.nes","786448","BEC1DBC2D89E11F25F04F93D02CE63FF9E22A183AA8378F411D8FD50E809416D"
"output\build\legacy-diff-audit\cases\item_price_01\before.nes","786448","C0F6FB15DBCC9F04D35EC97B9558DF85D099C661C35D54D3A2AAE4966D2ED5B2"
"output\build\legacy-diff-audit\cases\legacy_globals\damage_defense_divisor\after.nes","786448","BDBDEEB9B4A0D570A0CA52CBC849DAB8B3B117717F78BBD673A01868BF9A1490"
"output\build\legacy-diff-audit\cases\legacy_globals\damage_defense_divisor\before.nes","786448","C0F6FB15DBCC9F04D35EC97B9558DF85D099C661C35D54D3A2AAE4966D2ED5B2"
"output\build\legacy-diff-audit\cases\legacy_globals\damage_defense_multiplier\after.nes","786448","5FFDA08CEE794C896CFFCCC314C83691EA7150251271B26A0E28BF1093345ECF"
"output\build\legacy-diff-audit\cases\legacy_globals\damage_defense_multiplier\before.nes","786448","C0F6FB15DBCC9F04D35EC97B9558DF85D099C661C35D54D3A2AAE4966D2ED5B2"
"output\build\legacy-diff-audit\cases\legacy_globals\damage_strength_divisor\after.nes","786448","8E0F37D153CC1E04D9271DC254516EAE957C8EECA0674582F50DCF029CE5212B"
"output\build\legacy-diff-audit\cases\legacy_globals\damage_strength_divisor\before.nes","786448","C0F6FB15DBCC9F04D35EC97B9558DF85D099C661C35D54D3A2AAE4966D2ED5B2"
"output\build\legacy-diff-audit\cases\legacy_globals\damage_strength_multiplier\after.nes","786448","A375F9F0FA8718D246032258F2DAB511F1B655A7466CA62EF3DEBF5837EBF3CA"
"output\build\legacy-diff-audit\cases\legacy_globals\damage_strength_multiplier\before.nes","786448","C0F6FB15DBCC9F04D35EC97B9558DF85D099C661C35D54D3A2AAE4966D2ED5B2"
"output\build\legacy-diff-audit\cases\legacy_globals\damage_weapon_multiplier\after.nes","786448","F2036ABEAAE6C5491106353B706F09F36EF4AB187305BC4333E4E4EE0D1F7080"
"output\build\legacy-diff-audit\cases\legacy_globals\damage_weapon_multiplier\before.nes","786448","C0F6FB15DBCC9F04D35EC97B9558DF85D099C661C35D54D3A2AAE4966D2ED5B2"
"output\build\legacy-diff-audit\cases\legacy_globals\double_hit_attack_percent\after.nes","786448","D098CDC345F5BA6937A151D2B003559C80AEC485E64D6DDBB75E3BC4D94B612D"
"output\build\legacy-diff-audit\cases\legacy_globals\double_hit_attack_percent\before.nes","786448","C0F6FB15DBCC9F04D35EC97B9558DF85D099C661C35D54D3A2AAE4966D2ED5B2"
"output\build\legacy-diff-audit\cases\legacy_globals\double_hit_bonus\after.nes","786448","6D9FC1F1D924228C94D2F3C113AD7F7BE0AC8A881AAE338AAC572FE1D9199B27"
"output\build\legacy-diff-audit\cases\legacy_globals\double_hit_bonus\before.nes","786448","C0F6FB15DBCC9F04D35EC97B9558DF85D099C661C35D54D3A2AAE4966D2ED5B2"
"output\build\legacy-diff-audit\cases\legacy_globals\double_hit_defense_percent\after.nes","786448","8DAE27B6AA29A3A843E209A8E362D1E07E968F9F0FCCF99A06A20B61D6DA1488"
"output\build\legacy-diff-audit\cases\legacy_globals\double_hit_defense_percent\before.nes","786448","C0F6FB15DBCC9F04D35EC97B9558DF85D099C661C35D54D3A2AAE4966D2ED5B2"
"output\build\legacy-diff-audit\cases\legacy_globals\hit_threshold\after.nes","786448","CDCD8D641ACC5C62F7D92CE49A1D5535EE65520C49A0A5976FD8C433FD2925F6"
"output\build\legacy-diff-audit\cases\legacy_globals\hit_threshold\before.nes","786448","C0F6FB15DBCC9F04D35EC97B9558DF85D099C661C35D54D3A2AAE4966D2ED5B2"
"output\build\legacy-diff-audit\cases\legacy_globals\item_01\after.nes","786448","6EE853C32312DDB97371DCD542E9933AFCD7FBF4576507569E1F43233231820D"
"output\build\legacy-diff-audit\cases\legacy_globals\item_01\before.nes","786448","C0F6FB15DBCC9F04D35EC97B9558DF85D099C661C35D54D3A2AAE4966D2ED5B2"
"output\build\legacy-diff-audit\cases\legacy_globals\item_02\after.nes","786448","94930A86E1606E760693067302C90834BCCABC84FE39DAC4A46BC981C003ED96"
"output\build\legacy-diff-audit\cases\legacy_globals\item_02\before.nes","786448","C0F6FB15DBCC9F04D35EC97B9558DF85D099C661C35D54D3A2AAE4966D2ED5B2"
"output\build\legacy-diff-audit\cases\legacy_globals\item_03\after.nes","786448","3FCBEBB925595378FAD9C5B8A9AAB2F9B2EEC61BA1824A7F363E864F78B7F047"
"output\build\legacy-diff-audit\cases\legacy_globals\item_03\before.nes","786448","C0F6FB15DBCC9F04D35EC97B9558DF85D099C661C35D54D3A2AAE4966D2ED5B2"
"output\build\legacy-diff-audit\cases\legacy_globals\item_04\after.nes","786448","D0273CB44FCC01ACA7AF496D0BA40C245C51AE6B42E9763BD393758EFC4CED30"
"output\build\legacy-diff-audit\cases\legacy_globals\item_04\before.nes","786448","C0F6FB15DBCC9F04D35EC97B9558DF85D099C661C35D54D3A2AAE4966D2ED5B2"
"output\build\legacy-diff-audit\cases\legacy_globals\item_05\after.nes","786448","72BA455997DAA1B0BB1D9D0D3A431F11CDFADB80E163FB42EC1C4B3EAE4016D5"
"output\build\legacy-diff-audit\cases\legacy_globals\item_05\before.nes","786448","C0F6FB15DBCC9F04D35EC97B9558DF85D099C661C35D54D3A2AAE4966D2ED5B2"
"output\build\legacy-diff-audit\cases\legacy_globals\item_06\after.nes","786448","841BAC99E4E13D8EC99173BA76367CCCDA66FFC7187E8A3B7B1A520A6F242E69"
"output\build\legacy-diff-audit\cases\legacy_globals\item_06\before.nes","786448","C0F6FB15DBCC9F04D35EC97B9558DF85D099C661C35D54D3A2AAE4966D2ED5B2"
"output\build\legacy-diff-audit\cases\legacy_globals\item_07\after.nes","786448","B5204F14237BDCFDBB76A4F5F32F695CB4D8E5417C6C38DCB3B7B504EE60AEE8"
"output\build\legacy-diff-audit\cases\legacy_globals\item_07\before.nes","786448","C0F6FB15DBCC9F04D35EC97B9558DF85D099C661C35D54D3A2AAE4966D2ED5B2"
"output\build\legacy-diff-audit\cases\legacy_globals\item_08\after.nes","786448","3F6B881EAA3FC6B57D4AB9CE0288671018E256A2455A8E212F2B274FA607AA64"
"output\build\legacy-diff-audit\cases\legacy_globals\item_08\before.nes","786448","C0F6FB15DBCC9F04D35EC97B9558DF85D099C661C35D54D3A2AAE4966D2ED5B2"
"output\build\legacy-diff-audit\cases\legacy_globals\item_09\after.nes","786448","DADB3E30B98644CCBA33E1C90D49425E92C0B38ECCE95612AA7FC29107544AB1"
"output\build\legacy-diff-audit\cases\legacy_globals\item_09\before.nes","786448","C0F6FB15DBCC9F04D35EC97B9558DF85D099C661C35D54D3A2AAE4966D2ED5B2"
"output\build\legacy-diff-audit\cases\legacy_globals\item_10\after.nes","786448","0C820D95F99194D4060BF050896191259FA2ABDE17C49F450162188BEED4D73E"
"output\build\legacy-diff-audit\cases\legacy_globals\item_10\before.nes","786448","C0F6FB15DBCC9F04D35EC97B9558DF85D099C661C35D54D3A2AAE4966D2ED5B2"
"output\build\legacy-diff-audit\cases\legacy_globals\item_11\after.nes","786448","C34352B8FA0A4A60C932EABE40F664EB140B75AC842997D8D7BBC43E852190F6"
"output\build\legacy-diff-audit\cases\legacy_globals\item_11\before.nes","786448","C0F6FB15DBCC9F04D35EC97B9558DF85D099C661C35D54D3A2AAE4966D2ED5B2"
"output\build\legacy-diff-audit\cases\legacy_initial_roster\slot_1_character\after.nes","786448","F2944DC5DCBDC8BB92AD68E3096CDE34496C6E0C843B5614864ED6A6462EC41A"
"output\build\legacy-diff-audit\cases\legacy_initial_roster\slot_1_character\before.nes","786448","C0F6FB15DBCC9F04D35EC97B9558DF85D099C661C35D54D3A2AAE4966D2ED5B2"
"output\build\legacy-diff-audit\cases\legacy_initial_roster\slot_1_unit\after.nes","786448","2CDB1839A69B88B9A8BF726AED934E1FD79B388AB1EAAF1B6540B397F0ADB70A"
"output\build\legacy-diff-audit\cases\legacy_initial_roster\slot_1_unit\before.nes","786448","C0F6FB15DBCC9F04D35EC97B9558DF85D099C661C35D54D3A2AAE4966D2ED5B2"
"output\build\legacy-diff-audit\cases\legacy_initial_roster\slot_2_character\after.nes","786448","0E3AFBA907372D62C06C28D694657F00B442C9B05FB7ED292764FA7AE0892553"
"output\build\legacy-diff-audit\cases\legacy_initial_roster\slot_2_character\before.nes","786448","C0F6FB15DBCC9F04D35EC97B9558DF85D099C661C35D54D3A2AAE4966D2ED5B2"
"output\build\legacy-diff-audit\cases\legacy_initial_roster\slot_2_unit\after.nes","786448","3CE1D45DD2685BEFD970BD8DBD7E52063B92DAED784CA5637F8CABE9FFB7F42E"
"output\build\legacy-diff-audit\cases\legacy_initial_roster\slot_2_unit\before.nes","786448","C0F6FB15DBCC9F04D35EC97B9558DF85D099C661C35D54D3A2AAE4966D2ED5B2"
"output\build\legacy-diff-audit\cases\legacy_initial_roster\slot_3_character\after.nes","786448","AD78976EB5999A6B53078214719D0B9BD226B8B2B823A82B5510B96B1C0A54C4"
"output\build\legacy-diff-audit\cases\legacy_initial_roster\slot_3_character\before.nes","786448","C0F6FB15DBCC9F04D35EC97B9558DF85D099C661C35D54D3A2AAE4966D2ED5B2"
"output\build\legacy-diff-audit\cases\legacy_initial_roster\slot_3_unit\after.nes","786448","2BB75254D55018B80EC25894BB70D4EF6E725B352E6861CDB0A59185D37CA399"
"output\build\legacy-diff-audit\cases\legacy_initial_roster\slot_3_unit\before.nes","786448","C0F6FB15DBCC9F04D35EC97B9558DF85D099C661C35D54D3A2AAE4966D2ED5B2"
"output\build\legacy-diff-audit\cases\legacy_initial_roster\slot_4_character\after.nes","786448","15A9C3D6B8FAB267C34DDD62F3E99F5E6C4F93F380763AA89AB176C7D7C31703"
"output\build\legacy-diff-audit\cases\legacy_initial_roster\slot_4_character\before.nes","786448","C0F6FB15DBCC9F04D35EC97B9558DF85D099C661C35D54D3A2AAE4966D2ED5B2"
"output\build\legacy-diff-audit\cases\legacy_initial_roster\slot_4_unit\after.nes","786448","C5FB5F3C2ABC737876CF877597CD19FDDBCF25880C992A4D11CE6B863C9F18F1"
"output\build\legacy-diff-audit\cases\legacy_initial_roster\slot_4_unit\before.nes","786448","C0F6FB15DBCC9F04D35EC97B9558DF85D099C661C35D54D3A2AAE4966D2ED5B2"
"output\build\legacy-diff-audit\cases\legacy_initial_roster\slot_5_character\after.nes","786448","6E8C8CCF4968068EB780D6FF16216CAD7D132CBE90F238CE35EAFA2828638FA3"
"output\build\legacy-diff-audit\cases\legacy_initial_roster\slot_5_character\before.nes","786448","C0F6FB15DBCC9F04D35EC97B9558DF85D099C661C35D54D3A2AAE4966D2ED5B2"
"output\build\legacy-diff-audit\cases\legacy_initial_roster\slot_5_unit\after.nes","786448","2EFE5C941A7884E9355112FE9AEE9D4B11B55B681B1F27AB244454D9095E6715"
"output\build\legacy-diff-audit\cases\legacy_initial_roster\slot_5_unit\before.nes","786448","C0F6FB15DBCC9F04D35EC97B9558DF85D099C661C35D54D3A2AAE4966D2ED5B2"
"output\build\legacy-diff-audit\cases\legacy_initial_roster\slot_6_character\after.nes","786448","06EAFB8FEB51CB120F0BB8A7E32DF29D2F977833F71EED97690F2859053F1FB7"
"output\build\legacy-diff-audit\cases\legacy_initial_roster\slot_6_character\before.nes","786448","C0F6FB15DBCC9F04D35EC97B9558DF85D099C661C35D54D3A2AAE4966D2ED5B2"
"output\build\legacy-diff-audit\cases\legacy_initial_roster\slot_6_unit\after.nes","786448","4C0FFED4E8B12F792348FE40BE4674B89E1EF8E6AA58C30CB8943B632328BD95"
"output\build\legacy-diff-audit\cases\legacy_initial_roster\slot_6_unit\before.nes","786448","C0F6FB15DBCC9F04D35EC97B9558DF85D099C661C35D54D3A2AAE4966D2ED5B2"
"output\build\legacy-diff-audit\cases\legacy_item_prices\item_01\after.nes","786448","BEC1DBC2D89E11F25F04F93D02CE63FF9E22A183AA8378F411D8FD50E809416D"
"output\build\legacy-diff-audit\cases\legacy_item_prices\item_01\before.nes","786448","C0F6FB15DBCC9F04D35EC97B9558DF85D099C661C35D54D3A2AAE4966D2ED5B2"
"output\build\legacy-diff-audit\cases\legacy_item_prices\item_02\after.nes","786448","5AEC6CAA2DF4BF784F02AF0E2DE7782EF898A1E059BAD409F4997272C73BAC41"
"output\build\legacy-diff-audit\cases\legacy_item_prices\item_02\before.nes","786448","C0F6FB15DBCC9F04D35EC97B9558DF85D099C661C35D54D3A2AAE4966D2ED5B2"
"output\build\legacy-diff-audit\cases\legacy_item_prices\item_03\after.nes","786448","525C4785A3EAED810AAC1F00A2CE9EF8368537E24D417B55AB38843EBE326790"
"output\build\legacy-diff-audit\cases\legacy_item_prices\item_03\before.nes","786448","C0F6FB15DBCC9F04D35EC97B9558DF85D099C661C35D54D3A2AAE4966D2ED5B2"
"output\build\legacy-diff-audit\cases\legacy_item_prices\item_04\after.nes","786448","197B0DFE7EF91D6E43AAB6636C635B1002C923DCD8433A8CDE51B25CF5BBFAE0"
"output\build\legacy-diff-audit\cases\legacy_item_prices\item_04\before.nes","786448","C0F6FB15DBCC9F04D35EC97B9558DF85D099C661C35D54D3A2AAE4966D2ED5B2"
"output\build\legacy-diff-audit\cases\legacy_item_prices\item_05\after.nes","786448","120CA47E2357E5E92C4B2463DA47541397A30306B107D16487A86D9778E606D2"
"output\build\legacy-diff-audit\cases\legacy_item_prices\item_05\before.nes","786448","C0F6FB15DBCC9F04D35EC97B9558DF85D099C661C35D54D3A2AAE4966D2ED5B2"
"output\build\legacy-diff-audit\cases\legacy_item_prices\item_06\after.nes","786448","74114476F06D6406AA7D06B7D7EC1568AE477249A83055D0534FA66C9CEA64D4"
"output\build\legacy-diff-audit\cases\legacy_item_prices\item_06\before.nes","786448","C0F6FB15DBCC9F04D35EC97B9558DF85D099C661C35D54D3A2AAE4966D2ED5B2"
"output\build\legacy-diff-audit\cases\legacy_item_prices\item_07\after.nes","786448","A44BEF88751364DA8A8CA4B875D0B9317F550EE3C699D2A899AA210C5977AA6E"
"output\build\legacy-diff-audit\cases\legacy_item_prices\item_07\before.nes","786448","C0F6FB15DBCC9F04D35EC97B9558DF85D099C661C35D54D3A2AAE4966D2ED5B2"
"output\build\legacy-diff-audit\cases\legacy_item_prices\item_08\after.nes","786448","6FB13242D3EBD16577C7CA8CD4F9503B2AD5A06F89C9A94E256F6B87CEB5CE81"
"output\build\legacy-diff-audit\cases\legacy_item_prices\item_08\before.nes","786448","C0F6FB15DBCC9F04D35EC97B9558DF85D099C661C35D54D3A2AAE4966D2ED5B2"
"output\build\legacy-diff-audit\cases\legacy_item_prices\item_09\after.nes","786448","5E9C7CCD3C2F5C5E1F00BA85CD8FDD04AA1E1E40BA904D4DA213A6A09EE8256F"
"output\build\legacy-diff-audit\cases\legacy_item_prices\item_09\before.nes","786448","C0F6FB15DBCC9F04D35EC97B9558DF85D099C661C35D54D3A2AAE4966D2ED5B2"
"output\build\legacy-diff-audit\cases\legacy_item_prices\item_10\after.nes","786448","1BE729FAC39C11A1DC34D755B3C35B9C45D726B6BC6A265F7E8D75EB2D321031"
"output\build\legacy-diff-audit\cases\legacy_item_prices\item_10\before.nes","786448","C0F6FB15DBCC9F04D35EC97B9558DF85D099C661C35D54D3A2AAE4966D2ED5B2"
"output\build\legacy-diff-audit\cases\legacy_item_prices\item_11\after.nes","786448","99B5DCE6384EA7C9D7F44C3B0A531EF8691B302D049CF3E345DE5F663A371690"
"output\build\legacy-diff-audit\cases\legacy_item_prices\item_11\before.nes","786448","C0F6FB15DBCC9F04D35EC97B9558DF85D099C661C35D54D3A2AAE4966D2ED5B2"
"output\build\legacy-diff-audit\cases\legacy_item_prices\item_12\after.nes","786448","4A47CF0F011C72418DEA0CDC3D46885DE290846B18A622939AB0348162A2CB3F"
"output\build\legacy-diff-audit\cases\legacy_item_prices\item_12\before.nes","786448","C0F6FB15DBCC9F04D35EC97B9558DF85D099C661C35D54D3A2AAE4966D2ED5B2"
"output\build\legacy-diff-audit\cases\legacy_item_prices\item_13\after.nes","786448","F3536E8AE94581EC11A0508E66F8FF5B795D473694EB473EA320344D48A2F642"
"output\build\legacy-diff-audit\cases\legacy_item_prices\item_13\before.nes","786448","C0F6FB15DBCC9F04D35EC97B9558DF85D099C661C35D54D3A2AAE4966D2ED5B2"
"output\build\legacy-diff-audit\cases\legacy_item_prices\item_14\after.nes","786448","26C140A953D985222012B6419A786375B548B465AF311344D4E146604681B7A3"
"output\build\legacy-diff-audit\cases\legacy_item_prices\item_14\before.nes","786448","C0F6FB15DBCC9F04D35EC97B9558DF85D099C661C35D54D3A2AAE4966D2ED5B2"
"output\build\legacy-diff-audit\cases\legacy_item_prices\item_15\after.nes","786448","9CAF646D6CC36F25CF715039B631008E44F72719807D404476999F56A3C6FD74"
"output\build\legacy-diff-audit\cases\legacy_item_prices\item_15\before.nes","786448","C0F6FB15DBCC9F04D35EC97B9558DF85D099C661C35D54D3A2AAE4966D2ED5B2"
"output\build\legacy-diff-audit\cases\legacy_item_prices\item_16\after.nes","786448","DBEEA339B2920EDC167CF811E3892B4A7F99EE91FBB28CD0D6F16ECD6FE369D1"
"output\build\legacy-diff-audit\cases\legacy_item_prices\item_16\before.nes","786448","C0F6FB15DBCC9F04D35EC97B9558DF85D099C661C35D54D3A2AAE4966D2ED5B2"
"output\build\legacy-diff-audit\cases\legacy_item_prices\item_17\after.nes","786448","F492331A750B1DCC29B6D0FABB418029FE3CDD1869F85F0C146D196E9B84F93A"
"output\build\legacy-diff-audit\cases\legacy_item_prices\item_17\before.nes","786448","C0F6FB15DBCC9F04D35EC97B9558DF85D099C661C35D54D3A2AAE4966D2ED5B2"
"output\build\legacy-diff-audit\cases\legacy_item_prices\item_18\after.nes","786448","774535E20D10DD0A159897D818086090434A6F20CCF64862416D6D0CBEBBD810"
"output\build\legacy-diff-audit\cases\legacy_item_prices\item_18\before.nes","786448","C0F6FB15DBCC9F04D35EC97B9558DF85D099C661C35D54D3A2AAE4966D2ED5B2"
"output\build\legacy-diff-audit\cases\legacy_item_prices\item_19\after.nes","786448","BBA5C7F1080AFD631E860601786955EC4E7F650E4045038F47F5125A6AB03E2F"
"output\build\legacy-diff-audit\cases\legacy_item_prices\item_19\before.nes","786448","C0F6FB15DBCC9F04D35EC97B9558DF85D099C661C35D54D3A2AAE4966D2ED5B2"
"output\build\legacy-diff-audit\cases\legacy_item_prices\item_20\after.nes","786448","790D6169A238FF617C0570511C7E92F1431AAB28377863BF8703F999848DE6DF"
"output\build\legacy-diff-audit\cases\legacy_item_prices\item_20\before.nes","786448","C0F6FB15DBCC9F04D35EC97B9558DF85D099C661C35D54D3A2AAE4966D2ED5B2"
"output\build\legacy-diff-audit\cases\legacy_item_prices\item_21\after.nes","786448","2268DE53FBBBA61596A22406389B027D07C150E5048A1782090BD077B6BAAA42"
"output\build\legacy-diff-audit\cases\legacy_item_prices\item_21\before.nes","786448","C0F6FB15DBCC9F04D35EC97B9558DF85D099C661C35D54D3A2AAE4966D2ED5B2"
"output\build\legacy-diff-audit\cases\legacy_item_prices\item_22\after.nes","786448","DA2E89653B756F86A17AA9960F4F110BC9A65A1AD108EB1B1A162E99943D09B3"
"output\build\legacy-diff-audit\cases\legacy_item_prices\item_22\before.nes","786448","C0F6FB15DBCC9F04D35EC97B9558DF85D099C661C35D54D3A2AAE4966D2ED5B2"
"output\build\legacy-diff-audit\cases\legacy_item_prices\item_23\after.nes","786448","3ADCD2AD2DE0FCF776D4E9D0ECFCD3C06D610659D0B2BEDE2FE1BA7CCB317A66"
"output\build\legacy-diff-audit\cases\legacy_item_prices\item_23\before.nes","786448","C0F6FB15DBCC9F04D35EC97B9558DF85D099C661C35D54D3A2AAE4966D2ED5B2"
"output\build\legacy-diff-audit\cases\legacy_item_prices\item_24\after.nes","786448","3AC9DFA0FC833BB2254DF2E16F249EFB07DC86F03090FD4EA3AC47D59F451416"
"output\build\legacy-diff-audit\cases\legacy_item_prices\item_24\before.nes","786448","C0F6FB15DBCC9F04D35EC97B9558DF85D099C661C35D54D3A2AAE4966D2ED5B2"
"output\build\legacy-diff-audit\cases\legacy_level_cap\after.nes","786448","F2E7D9FB9F272101886050426441DC05A1D08A3E09C8379A2CFBA7FDA616946A"
"output\build\legacy-diff-audit\cases\legacy_level_cap\before.nes","786448","C0F6FB15DBCC9F04D35EC97B9558DF85D099C661C35D54D3A2AAE4966D2ED5B2"
"output\build\legacy-diff-audit\cases\legacy_live\M05\movement\cold_start_01\after.nes","786448","3C0EEE08259D867F73C421C86F19F5BE8096350A2636309935A90E5A3667DC81"
"output\build\legacy-diff-audit\cases\legacy_live\M05\movement\cold_start_01\before.nes","786448","C5D2C1DFBE0DC39AFC9EFFD314C082F121B98C9AD67C4825B1C9DD4B9E991954"
"output\build\legacy-diff-audit\cases\legacy_live\M05\movement\cold_start_01\case.json","1427","727F69BA8CC061473E311971446A33CA065AA0447F75227DFCB06635E5B500D0"
"output\build\legacy-diff-audit\cases\legacy_live\M17\hit_threshold\cold_start_01\after.nes","786448","C0F6FB15DBCC9F04D35EC97B9558DF85D099C661C35D54D3A2AAE4966D2ED5B2"
"output\build\legacy-diff-audit\cases\legacy_live\M17\hit_threshold\cold_start_01\before.nes","786448","C0F6FB15DBCC9F04D35EC97B9558DF85D099C661C35D54D3A2AAE4966D2ED5B2"
"output\build\legacy-diff-audit\cases\legacy_live\M17\hit_threshold\cold_start_01\error.json","203","33AD048010E99C4718182658B3330FA9B6734624090FF089553124BDC740C661"
"output\build\legacy-diff-audit\cases\legacy_live\M17\hit_threshold\cold_start_02\after.nes","786448","C0F6FB15DBCC9F04D35EC97B9558DF85D099C661C35D54D3A2AAE4966D2ED5B2"
"output\build\legacy-diff-audit\cases\legacy_live\M17\hit_threshold\cold_start_02\before.nes","786448","C0F6FB15DBCC9F04D35EC97B9558DF85D099C661C35D54D3A2AAE4966D2ED5B2"
"output\build\legacy-diff-audit\cases\legacy_live\M17\hit_threshold\cold_start_02\error.json","350","A2DA292C4FBDBEE7A602B36D7BB8E73FD68C210B11647F086B8D699182C43B71"
"output\build\legacy-diff-audit\cases\legacy_live\M17\hit_threshold\cold_start_03\after.nes","786448","CDCD8D641ACC5C62F7D92CE49A1D5535EE65520C49A0A5976FD8C433FD2925F6"
"output\build\legacy-diff-audit\cases\legacy_live\M17\hit_threshold\cold_start_03\before.nes","786448","C0F6FB15DBCC9F04D35EC97B9558DF85D099C661C35D54D3A2AAE4966D2ED5B2"
"output\build\legacy-diff-audit\cases\legacy_live\M17\hit_threshold\cold_start_03\case.json","1921","B5239841507D70E66A4C36FAE4295DE0EB3A690DCDE29807EB72CFE21AB99A9C"
"output\build\legacy-diff-audit\cases\legacy_other1\distance_first\after.nes","786448","98D11115F44D6D037E47BA299000C6ACA4354388399763D3BFA17C0151A439DA"
"output\build\legacy-diff-audit\cases\legacy_other1\distance_first\before.nes","786448","C0F6FB15DBCC9F04D35EC97B9558DF85D099C661C35D54D3A2AAE4966D2ED5B2"
"output\build\legacy-diff-audit\cases\legacy_other1\distance_last\after.nes","786448","BEDF668B6CF63CF980A9F7741D22F834D0E8E012690A3A87A1C29E4C135B1B0C"
"output\build\legacy-diff-audit\cases\legacy_other1\distance_last\before.nes","786448","C0F6FB15DBCC9F04D35EC97B9558DF85D099C661C35D54D3A2AAE4966D2ED5B2"
"output\build\legacy-diff-audit\cases\legacy_other1\experience_level_2\after.nes","786448","083A8D19F80D6310C0FB3BB372FD78F6EDE713F3A3DC7EA2B40E7448305E362E"
"output\build\legacy-diff-audit\cases\legacy_other1\experience_level_2\before.nes","786448","C0F6FB15DBCC9F04D35EC97B9558DF85D099C661C35D54D3A2AAE4966D2ED5B2"
"output\build\legacy-diff-audit\cases\legacy_other1\experience_level_60\after.nes","786448","083A8D19F80D6310C0FB3BB372FD78F6EDE713F3A3DC7EA2B40E7448305E362E"
"output\build\legacy-diff-audit\cases\legacy_other1\experience_level_60\before.nes","786448","C0F6FB15DBCC9F04D35EC97B9558DF85D099C661C35D54D3A2AAE4966D2ED5B2"
"output\build\legacy-diff-audit\cases\legacy_other1\experience_level_98\after.nes","786448","C0F6FB15DBCC9F04D35EC97B9558DF85D099C661C35D54D3A2AAE4966D2ED5B2"
"output\build\legacy-diff-audit\cases\legacy_other1\experience_level_98\before.nes","786448","C0F6FB15DBCC9F04D35EC97B9558DF85D099C661C35D54D3A2AAE4966D2ED5B2"
"output\build\legacy-diff-audit\cases\manual_m02_new_only_20260915_01\before.nes","1310736","82C218275459D53C0F306F6BC036C4797316976E0FA7AD1D5A8247E338995B8E"
"output\build\legacy-diff-audit\cases\manual_m02_new_only_20260915_01\fields\A-air_move.nes","1310736","2EB4E3D8C34BDC7C278E8D601554EA7E414BBD6933ED4EC959A4270FEBEF4335"
"output\build\legacy-diff-audit\cases\manual_m02_new_only_20260915_01\fields\A-color1.nes","1310736","F465C2A989C69D5BD9B20007DF31EAE7F80A1524B5D9D439B7843CD26B28F3FA"
"output\build\legacy-diff-audit\cases\manual_m02_new_only_20260915_01\fields\A-color1.nes.20260916-071354-796099.bak","1310736","F465C2A989C69D5BD9B20007DF31EAE7F80A1524B5D9D439B7843CD26B28F3FA"
"output\build\legacy-diff-audit\cases\manual_m02_new_only_20260915_01\fields\A-color1.nes.20260916-071613-974654.bak","1310736","2B4AFEE9FC6C9F2648C5BC269F996D9DA49889CDAE39E6B146F832D1C81A2152"
"output\build\legacy-diff-audit\cases\manual_m02_new_only_20260915_01\fields\A-color1.nes.20260916-071836-542162.bak","1310736","EE063A0481F16A2BB1D5784C4F5E029ED3696E327B5493EEB46AF06EA741D2EC"
"output\build\legacy-diff-audit\cases\manual_m02_new_only_20260915_01\fields\A-color1.nes.20260916-072054-058038.bak","1310736","2EB4E3D8C34BDC7C278E8D601554EA7E414BBD6933ED4EC959A4270FEBEF4335"
"output\build\legacy-diff-audit\cases\manual_m02_new_only_20260915_01\fields\A-color1.nes.20260916-072311-799163.bak","1310736","45C2B8AB89B06E48DDABCE68B57F0C78FBA62E36912D447C78BBD97EF4D4162C"
"output\build\legacy-diff-audit\cases\manual_m02_new_only_20260915_01\fields\A-color1.nes.20260916-072509-118308.bak","1310736","180C4EBA640139BC7F04102F2EDDF95BD197D392DB877B5B2D02E2E4DCD286BF"
"output\build\legacy-diff-audit\cases\manual_m02_new_only_20260915_01\fields\A-defense.nes","1310736","2B4AFEE9FC6C9F2648C5BC269F996D9DA49889CDAE39E6B146F832D1C81A2152"
"output\build\legacy-diff-audit\cases\manual_m02_new_only_20260915_01\fields\A-land_move.nes","1310736","45C2B8AB89B06E48DDABCE68B57F0C78FBA62E36912D447C78BBD97EF4D4162C"
"output\build\legacy-diff-audit\cases\manual_m02_new_only_20260915_01\fields\A-sea_move.nes","1310736","180C4EBA640139BC7F04102F2EDDF95BD197D392DB877B5B2D02E2E4DCD286BF"
"output\build\legacy-diff-audit\cases\manual_m02_new_only_20260915_01\fields\A-sea.nes","1310736","EE063A0481F16A2BB1D5784C4F5E029ED3696E327B5493EEB46AF06EA741D2EC"
"output\build\legacy-diff-audit\cases\manual_m02_new_only_20260915_01\fields\B-color1-ui.nes","1310736","FB409D3225FC72F1FA586E27953538107751AAEC99E08198E31F8BE25ACB4DF6"
"output\build\legacy-diff-audit\cases\manual_m02_new_only_20260915_01\fields\B-color1.nes","1310736","E0C2606FA20383F7654F69002AE6895687D1504A07C9292720B5DC05B9B78552"
"output\build\legacy-diff-audit\cases\manual_m02_new_only_20260915_01\fields\C-color1.nes","1310736","601490320837400AB7A07F12A9FF86A2FE024F339EC6349F0A4E4B5087A5558B"
"output\build\legacy-diff-audit\cases\manual_m02_new_only_20260915_01\fields\D-color1.nes","1310736","843D5CB07B6C7F938C7A527DE1243158178A462C18B9DC6C3067CD8F5E25E521"
"output\build\legacy-diff-audit\cases\manual_m02_new_only_20260915_01\fields\E-color1.nes","1310736","8DC4456EF96621F93DF0566EAD9411AA54C63BE19C896BF6E0157C6EF373D717"
"output\build\legacy-diff-audit\cases\manual_m02_new_only_20260915_01\fields\F-color1.nes","1310736","39FA011D5315C16F1D2DE31789512585E84BF463B65BF96A19F82B7C56D2BDCF"
"output\build\legacy-diff-audit\cases\manual_m02_new_only_20260915_01\fields\field-diff-manifest.json","4464","9D572EA40DF7C7D079013B6CD43D1FD25D27E47FDE8EED4904C7768E538BF26D"
"output\build\legacy-diff-audit\cases\manual_m02_new_only_20260915_01\fields\G-color1.nes","1310736","74E734B2D7B930AA35529DB93C8D4D2400C4D2A290A1C8DC9F4E61BB3F1CE303"
"output\build\legacy-diff-audit\cases\manual_m02_new_only_20260915_01\fields\generated-b-g.json","1828","A39303D9217B5F252F281EBD66232233DCC9A852A48E3E74E312A93F32A84053"
"output\build\legacy-diff-audit\cases\manual_m02_new_only_20260915_01\fields\generated-c-g.json","1553","55B5DCF63E3B841E4894905A79C744C39AF629A419458075322959BB42F643EE"
"output\build\legacy-diff-audit\cases\manual_m02_new_only_20260915_01\M02-新修改器-补充吸取与图库GH.mp4","15753546","510D4775F8394A8A7F746C8763558FD7C4BD94A895338BE70C5FCEDAA0489B1A"
"output\build\legacy-diff-audit\cases\manual_m02_new_only_20260915_01\M02-新修改器-验收录屏.mp4","65035746","B7E0C949D4CAA0D93B0207C0700663A5A55886CA8BE433ECBBC050DACE754BEB"
"output\build\legacy-diff-audit\cases\manual_m02_new_only_20260915_01\M02-新修改器-字段写入补充录屏.mp4","19930531","4EF8A8D05458A9DDECB8D1132CFE5972350DA7AC68AE9104BABE14CF8A727FE0"
"output\build\legacy-diff-audit\cases\manual_m02_new_only_20260915_01\README.md","3559","65801D620CA2240E39D5775448D30CA510A45BC49D069C1521CA2E08C4C31A83"
"output\build\legacy-diff-audit\cases\manual_m02_new_only_20260915_01\work_modified.nes","1310736","802DA5EB2C3F422AD3C4537923A5221B23BC279DAD2120C5479FB7F4ED200735"
"output\build\legacy-diff-audit\cases\manual_m02_new_only_20260915_01\work.nes","1310736","82C218275459D53C0F306F6BC036C4797316976E0FA7AD1D5A8247E338995B8E"
"output\build\legacy-diff-audit\cases\manual_m02_same_baseline_20260915_01\new-before.nes","1310736","82C218275459D53C0F306F6BC036C4797316976E0FA7AD1D5A8247E338995B8E"
"output\build\legacy-diff-audit\cases\manual_m02_same_baseline_20260915_01\new-work.nes","1310736","82C218275459D53C0F306F6BC036C4797316976E0FA7AD1D5A8247E338995B8E"
"output\build\legacy-diff-audit\cases\manual_m02_same_baseline_20260915_01\reference-before.nes","1310736","82C218275459D53C0F306F6BC036C4797316976E0FA7AD1D5A8247E338995B8E"
"output\build\legacy-diff-audit\cases\manual_m02_same_baseline_20260915_01\reference-work.nes","1310736","13F89F881C9428A6BB258EDC4660F5B1CAF56053B8BF3DA3F5F005A1BE790712"
"output\build\legacy-diff-audit\editor-color-pipeline-audit.json","1845","0254BFB4FED88B335B415B2B819027AEEE459E6647D1A49DB15668783949A347"
"output\build\legacy-diff-audit\golden\index.json","35802","0AA8FBF778C38D2141554F49878E000A6A39F8A3693B9F5C17153BFAFFC98BA4"
"output\build\legacy-diff-audit\golden\M05-movement-cold_start_01.json","1493","5C3D46CAD47A424EBA066660460849C61CFB8858F776E1A3A0CBA62E9C0C22B2"
"output\build\legacy-diff-audit\golden\M09-distance_first-write.json","2137","6D7AE62CF4FF49BE2BEBF367CC767278E686B8BD3B57A0D289E02A31CCE77193"
"output\build\legacy-diff-audit\golden\M09-distance_last-write.json","2127","45DFBB99F24551A17756797718A98C70915C966A8703BD822503969A49BBB439"
"output\build\legacy-diff-audit\golden\M09-experience_level_2-write.json","2275","15A6DAE2A525654087A0F2DE6E324134EBC8629109DBB7E50C9DB372994B82A9"
"output\build\legacy-diff-audit\golden\M09-experience_level_60-write.json","2287","CAD0D9ADF477AE85C13E53E4D5D330D3213DBE524AD385448525F025D83902A3"
"output\build\legacy-diff-audit\golden\M09-level_cap-write.json","412472","4CA8A36C0C6394F191479ABD570EBE19B5CC7DB1214B855EB195768F9BBD0978"
"output\build\legacy-diff-audit\golden\M10-item_price_01-write.json","3563","2D5DD614E4FBA88FAE385E5409DFDD5F0E441032A4971FCC022A4E022714B8F7"
"output\build\legacy-diff-audit\golden\M10-item_price_02-write.json","3565","840596693AD6A0F4D3B6A69DB3928379273DDFDB09BC94FED1B534FD32228BBD"
"output\build\legacy-diff-audit\golden\M10-item_price_03-write.json","3565","B3BC70309BA3D5BE304DFCAEC08F1356EACC795FACD9AB81D225CBE771FE1E99"
"output\build\legacy-diff-audit\golden\M10-item_price_04-write.json","3565","4AC7D708941A7EB70162B3EE4DA68562F72AA8EED173E3CDBEFD500AD095D75B"
"output\build\legacy-diff-audit\golden\M10-item_price_05-write.json","3565","CDA453690BE5366A2063DA5E3E5D7FC9E4DC3A493AB5FE50D71681AE6BBC5EE2"
"output\build\legacy-diff-audit\golden\M10-item_price_06-write.json","3563","A89D34176A8280923DA1B736D990D8069B57895091CA008761E8F80BE4351553"
"output\build\legacy-diff-audit\golden\M10-item_price_07-write.json","3565","AD9EF6DB893911CEC8BB3143CDA52BFA633524C37C22C1431335B087268D6FA6"
"output\build\legacy-diff-audit\golden\M10-item_price_08-write.json","3563","B603A553CD858F3C8991FA9A304E0719739FCF38856F16E2100D1551C621D936"
"output\build\legacy-diff-audit\golden\M10-item_price_09-write.json","3565","F54374CA8266A482559C52446D4144CE8CFE9926CF695AD7E7A849804DB8857E"
"output\build\legacy-diff-audit\golden\M10-item_price_10-write.json","3563","E440F8961E93DE4F1751D46D4F6D9CA45521E5975C869270207D807CE24F0F55"
"output\build\legacy-diff-audit\golden\M10-item_price_11-write.json","3564","0498AE1090228DD2DC155DF89EFF54F4E26B47A93103EF79A64F68E888A8694C"
"output\build\legacy-diff-audit\golden\M10-item_price_12-write.json","3565","FD57E55FD2CC60CABEBAA28C38BD6E9BC1C30E5BDBC902206FD8A1A416EAF1CD"
"output\build\legacy-diff-audit\golden\M10-item_price_13-write.json","3568","8493DFE03375BC9F7EB50F0CFCEEA6E47E90F3F59D035A57D62B1F396789CAEB"
"output\build\legacy-diff-audit\golden\M10-item_price_14-write.json","3564","42D614C0260819B3EE5CBAE4D22A8170161A409D8F3898F8041F12D20BB94971"
"output\build\legacy-diff-audit\golden\M10-item_price_15-write.json","3568","41A2FC311A5F8FC5A2CEDA7573149252DDD6589A704B03A983CD12353E242860"
"output\build\legacy-diff-audit\golden\M10-item_price_16-write.json","3565","74E38BBD6AF11A99FC1D8C9033E95DFC9AD66ECB926D424B300ABAE6281FB92E"
"output\build\legacy-diff-audit\golden\M10-item_price_17-write.json","3565","6A7D304C5DE2E39774844B09724A7C2F51FE4FC2B8ADC39A04D6871D4D0A8A18"
"output\build\legacy-diff-audit\golden\M10-item_price_18-write.json","3568","B7AEBF9C3D296770E62756799090882B82CC7EB242F0D95E36D03C662370FAD9"
"output\build\legacy-diff-audit\golden\M10-item_price_19-write.json","3565","D8013D1F0783EF7E411562F2713B2C417C4DFC553732C97A0A10163A117F93D6"
"output\build\legacy-diff-audit\golden\M10-item_price_20-write.json","3565","50916CC003C023D29C87AD719BC0B85C633F860235B162810CA91291277453B5"
"output\build\legacy-diff-audit\golden\M10-item_price_21-write.json","3566","38141D8C3F6880C1CC919787268B3A01480AB66C802B35DE6B1893CC6A49AC2B"
"output\build\legacy-diff-audit\golden\M10-item_price_22-write.json","3566","D54E4B3B8400AF725BF6D1F9F4207F61D67C6732836C9BE48701247ECEDE316D"
"output\build\legacy-diff-audit\golden\M10-item_price_23-write.json","3565","F6AF6D497988DE94AEC0114D41480F4A078B8F9190323645ED9B66D1D19D2769"
"output\build\legacy-diff-audit\golden\M10-item_price_24-write.json","3566","1921D39F9DDAD0658726534C659857892E7D2358C20E28F3296F349B5BB420AE"
"output\build\legacy-diff-audit\golden\M17-damage_defense_divisor-write.json","2162","288DF1CBF99994F8BABC13A563E9EAA1405DBBFD6176C1688F52514A8FAE8540"
"output\build\legacy-diff-audit\golden\M17-damage_defense_multiplier-write.json","2171","D9A7BBCA807C16A0374AB822B9985E6327FFAD45633C733351D2325D5E9EE6B8"
"output\build\legacy-diff-audit\golden\M17-damage_strength_divisor-write.json","2175","E6AE3DD7DDDF901CE6757D5B46F802CE65D960530BF194AC6107162267D3B649"
"output\build\legacy-diff-audit\golden\M17-damage_strength_multiplier-write.json","2184","C639C2A3E70F8B9600C73F25D1605166FC9CA9A6CDAB815941AB14A54284F1E8"
"output\build\legacy-diff-audit\golden\M17-damage_weapon_multiplier-write.json","2173","AA3C98D1F42076B6D8BE7FA84810B8BAF48EEEEF65CA9D0C10ED31ED2790B6F6"
"output\build\legacy-diff-audit\golden\M17-double_hit_attack_percent-write.json","2717","CB6578FDEAEF87A397C54911CAAFEB2705119EA49F85E14B75B1827E32AA27B7"
"output\build\legacy-diff-audit\golden\M17-double_hit_bonus-write.json","2690","8F9DDDAF8F25493018C91F1C178032712F97D715AC5D55CAC16160BB0EAB876A"
"output\build\legacy-diff-audit\golden\M17-double_hit_defense_percent-write.json","2720","EB163432B92E57B1AC3536269D7F443FC277FE9B0294930C6EC964D343E883FA"
"output\build\legacy-diff-audit\golden\M17-hit_threshold-cold_start_03.json","2134","ACF13421D4416ADE1CD5F957FD3AFF1D46C0181794D1BC7A61392047847E5BD8"
"output\build\legacy-diff-audit\golden\M17-hit_threshold-write.json","2140","D2E4334BC2F7CC928CAF926D61BACC1528A20ACC23062FD8FDA589A6D6A31D72"
"output\build\legacy-diff-audit\golden\M17-item_01-write.json","2117","9BA6A8740553787ABA4E0A3FF97A99847C91A9331C13819148CE9CAC7AF34B71"
"output\build\legacy-diff-audit\golden\M17-item_02-write.json","2117","B8705737470D2441804322F08A48913FA6B5368D1DE156FDFCBB792AB675029F"
"output\build\legacy-diff-audit\golden\M17-item_03-write.json","2117","1721623ED2A5A09A10F8C3C8F1422E81773494508498269459E05FDC1D7093C7"
"output\build\legacy-diff-audit\golden\M17-item_04-write.json","2117","FC044E86D6CEEBBBDB89042EE4FB28D4BF21A248E9BF4C793E26A60FBC194438"
"output\build\legacy-diff-audit\golden\M17-item_05-write.json","2117","7CBA49ED63FC643BCCFF898F9AAB2B58E0A8C775213F0F8CEDF645AB8A482E9D"
"output\build\legacy-diff-audit\golden\M17-item_06-write.json","2117","4B3DF50DC8A884CEDBF16F31E120A502B4E2B38371407CB471AE7493FB8E352C"
"output\build\legacy-diff-audit\golden\M17-item_07-write.json","2117","44F331F2E5F28344EC138926FF5E196B2347CB57493C3519CD7B27D17159AE65"
"output\build\legacy-diff-audit\golden\M17-item_08-write.json","2117","6E1072715BFE552F392A64F72D2EC4A6CA77C42803D1E628B23D9A3BEDD1620F"
"output\build\legacy-diff-audit\golden\M17-item_09-write.json","2122","EAD9DBDB93B9AA429F835811FAAB5C6E4168BD23628B9F48136031AE4504D9F7"
"output\build\legacy-diff-audit\golden\M17-item_10-write.json","2122","B920EE29C39A33813866BE5871E35FEFBEC384E3018482C751FD7A85A9EB86E1"
"output\build\legacy-diff-audit\golden\M17-item_11-write.json","2127","11FBEAC91C3B2ACFFE9C2FD8091DE3D72C484C4550DE1C97EFAE19A8B7ED35A4"
"output\build\legacy-diff-audit\golden\M17-slot_1_character-write.json","2170","28D7ED4AAA7814D60621755C029DC92B47FE5351491E3CA72048B6142FB0B813"
"output\build\legacy-diff-audit\golden\M17-slot_1_unit-write.json","2155","E352C136F8B1FE1B26D688D75F305AA2FB5CC081DCE0D14DF9406602C847BEE3"
"output\build\legacy-diff-audit\golden\M17-slot_2_character-write.json","2168","1AD3CA26882257DEB9BDD72332159AA58E85BC8CAADAA9F4319B3D45421806D3"
"output\build\legacy-diff-audit\golden\M17-slot_2_unit-write.json","2155","903261469CA7A0B6959539832F502135FC8378FF9757FEE364F47B0B9C57D783"
"output\build\legacy-diff-audit\golden\M17-slot_3_character-write.json","2165","EF3CCEB68D04D5C17C933D1AE0736F2BE0F59BAE8F1975E811469C46179D3E19"
"output\build\legacy-diff-audit\golden\M17-slot_3_unit-write.json","2155","6D1A8CE19556D6BD0CBF5ACC1854D4486D203D4F73EA8F4AC67A5FD809A63D09"
"output\build\legacy-diff-audit\golden\M17-slot_4_character-write.json","2165","CC83101AF0D6AF47583AEC035BBC053311D4692D516DB0BBBC40AC44DC3E7022"
"output\build\legacy-diff-audit\golden\M17-slot_4_unit-write.json","2155","7E6166A5560EA3FFC16C04ACEDA91100E9D4EF4EDE4B71F9248B58967F73ECBA"
"output\build\legacy-diff-audit\golden\M17-slot_5_character-write.json","2170","58AAC7D586916B9DC4F1B1C83C35F152C54E3B66A3CE77D6294323CCDBCCEB8B"
"output\build\legacy-diff-audit\golden\M17-slot_5_unit-write.json","2153","7AC7AB6A01D4058CC2E1241DE0A7D7E254AA611E1246312D48152AFE32BACBDE"
"output\build\legacy-diff-audit\golden\M17-slot_6_character-write.json","2170","8A0DD90EFC2339B842E8BC3C45074F80C27E5F6B6DB95A0C5ED366F460F01AD2"
"output\build\legacy-diff-audit\golden\M17-slot_6_unit-write.json","2155","5EC4DCB44B47670E583AF70FF975616AB7480EF9851D40FC0F5D99304EB9C688"
"output\build\legacy-diff-audit\legacy-global-error.png","689608","0FDD8D9BCD4A94C8A1BA3E03149B57E5E31748DEFBCA02F3D5B69A9216F25DB4"
"output\build\legacy-diff-audit\legacy-global-field-progress.txt","30","4DA93F11A9FE6DAD85E08580ACBCF640A718132CA1F2B6B5D4D47C0F4E72E31B"
"output\build\legacy-diff-audit\legacy-global-field-results.json","22780","A2D45BF981105A86C8DE451BFE543BA3164D942089EFAEED682E480266D28C4F"
"output\build\legacy-diff-audit\legacy-initial-roster-progress.txt","1357","52E1CE734AB3BD67715694C4A5DC9CBB224ED70384AEEC5C8F9532E2B3762005"
"output\build\legacy-diff-audit\legacy-initial-roster-results.json","12309","6F358E4AA61F1737D75C91B14FE93AD308F85640219124CFF3293464A421FC76"
"output\build\legacy-diff-audit\legacy-item-price-progress.txt","30","E005E613B3D39314A43EDC73971A198650417345175387E3BB491EEB3F8CB164"
"output\build\legacy-diff-audit\legacy-item-price-results.json","19748","C81E99D4C18A56AD49C422540C16C6B360010671050764D4970F3E1FC457C8B2"
"output\build\legacy-diff-audit\legacy-level-cap-progress.txt","23","A707F619642EEFC2275BC5C880702CB16E8DDBD305F56DFFE12F41B5FEC3F620"
"output\build\legacy-diff-audit\legacy-level-cap-result.json","301399","30A3867B493FDCA87530F10EBE0155AAEC2FBD62C93090864CAAC5F9479B9B76"
"output\build\legacy-diff-audit\legacy-live-results.json","3554","428BC84045F07F3EE9061765C017B8D16AC0C3457BE1AE0F1C07A4E97A4CD90D"
"output\build\legacy-diff-audit\legacy-map-icon-palette-results.json","933","FAF310245D18EDC732FFC2FDDD188731544B3168E751D3C92BD9C6F3CE9C53D0"
"output\build\legacy-diff-audit\legacy-map-shared-palette-results.json","1715","6D899DC0E7474145FC39080D9C758E9748428829FDE3E144A67B7363371800C7"
"output\build\legacy-diff-audit\legacy-map-tile-attribute-layout.json","2947","5A8071D74263C4EC3B965F223D6614C2E95FED78DA0BCD067451412E684805B9"
"output\build\legacy-diff-audit\legacy-other1-progress.txt","1357","A296EB1B4F7319A51604ED68BBB42F01C03C8DB44A3355541FBDFD7608F6853C"
"output\build\legacy-diff-audit\legacy-other1-results.json","3421","6735F413712D2AAF81B65D8020C690AF897B20A15995B84AC92A80B8DC44D5E1"
"output\build\legacy-diff-audit\M01-参考版-after.nes","786448","AEFE928F8AD957DC5D8F013DC3411C5C21FBB6F1DBB6468177738C5A36B17D60"
"output\build\legacy-diff-audit\M01-参考版-before.nes","786448","C0F6FB15DBCC9F04D35EC97B9558DF85D099C661C35D54D3A2AAE4966D2ED5B2"
"output\build\legacy-diff-audit\mesen-icon-palette-probe\Debugger\probe.cdl","1310720","3157A4C94E12FCC74D8C69FAEAA8ED2A66D9580B87DE8EE774529144DC365FC6"
"output\build\legacy-diff-audit\mesen-icon-palette-probe\Mesen.exe","11693568","A480C42B28424FFC9517E003B458926D7920E860494103F1E0805E6AD972C08B"
"output\build\legacy-diff-audit\mesen-icon-palette-probe\MesenCore.dll","3133440","B8578EE6F694EFD730FE3497AA4A8AF2A6951322F9426BAD603DD2F6FC2FBC9C"
"output\build\legacy-diff-audit\mesen-icon-palette-probe\MesenDB.txt","773112","9A6D5249ED0134DE2EF14D4A0F54B8E381305014BF04852DB97D645CD55D9894"
"output\build\legacy-diff-audit\mesen-icon-palette-probe\MesenUpdater.exe","23552","0775AB2AFF05300B4C835E60D5C404407CE496E6B6BE1AD2B911714C50C6CBEE"
"output\build\legacy-diff-audit\mesen-icon-palette-probe\palette-frame-0675.png","4736","B315051DA2C1CF8CD0AF743879F52CB5D95E54AF07EA5921600312A423D936A3"
"output\build\legacy-diff-audit\mesen-icon-palette-probe\palette-frame-0750.png","258","788D6984576BB13490A00DF106EC8EC4A1C2F966E544DEBD99F7FFCE8D65C029"
"output\build\legacy-diff-audit\mesen-icon-palette-probe\palette-frame-0800.png","5259","349A645E1A784E1A4D9F8E2553D3414C379919361DA7D8E500D3CCC12100CB2B"
"output\build\legacy-diff-audit\mesen-icon-palette-probe\palette-frame-1000.png","5255","743F91B2CD16B469B1E7B1F187EEC5D7905AE3CB50EC5F3CB1A68EAB5C8DF5AF"
"output\build\legacy-diff-audit\mesen-icon-palette-probe\palette-frame-1500.png","6597","D6ED0CB0EEBDF69BCF4C57A35374DC40502A0E815020575CF0161F7719E5E570"
"output\build\legacy-diff-audit\mesen-icon-palette-probe\probe-audit.log","373","67EF12EB660AF33F54BCBAA3CBC407C2EF549F29F9F256197FE21FCD691A9D8F"
"output\build\legacy-diff-audit\mesen-icon-palette-probe\probe.lua","4897","DDF2D6B52F4D2DFFC86B94C363238834A8BE33AC9910C81B250D01EEA4486F5E"
"output\build\legacy-diff-audit\mesen-icon-palette-probe\probe.nes","1310736","1DDD4F74B2D3ACEAA8A0BC4A6846BE8E6148C858C2D8EA5A1F6E0A04F0AD4A75"
"output\build\legacy-diff-audit\mesen-icon-palette-probe\Resources\Font.24.spritefont","1860904","C0563DACDE23BB13FF4DDAF0299A73633D6A31E64A7D35CEA03BE242B526EC1C"
"output\build\legacy-diff-audit\mesen-icon-palette-probe\Resources\Font.64.spritefont","59720","F4AEDBE60E6B8ADC593C66DF67DD4457E0531CF9B38A1FA247903A838F081BF6"
"output\build\legacy-diff-audit\mesen-icon-palette-probe\Resources\LICENSE.txt","4729","FBF64516272F385E88253234BCFF45D2CD89ADC4EE3A36BCBDDCE065BBF72D51"
"output\build\legacy-diff-audit\mesen-icon-palette-probe\Saves\probe.sav","8192","695490933E8C9BBE313BBE1FFB793C4B040C8CD47E399F15120206DDBB16C21D"
"output\build\legacy-diff-audit\mesen-icon-palette-probe\settings.xml","63401","E527C968CC0A67323F131BD6EBD351BA3A7C3BD5537A639C588714AE722BC19B"
"output\build\legacy-diff-audit\mesen-icon-palette-probe\stderr.txt","0","E3B0C44298FC1C149AFBF4C8996FB92427AE41E4649B934CA495991B7852B855"
"output\build\legacy-diff-audit\mesen-icon-palette-probe\stdout.txt","20863","3446A87A0CA441DD11A318AAD83145523F0E5E9B31F04310D40CB1A205D0A39A"
"output\build\legacy-diff-audit\mesen-palette-probe-1\Debugger\probe.cdl","1310720","50F861E381AFBC68F7E6D00EFA3EF28A860F51B3229D62E982BB437B03921BA5"
"output\build\legacy-diff-audit\mesen-palette-probe-1\Mesen.exe","11693568","A480C42B28424FFC9517E003B458926D7920E860494103F1E0805E6AD972C08B"
"output\build\legacy-diff-audit\mesen-palette-probe-1\MesenCore.dll","3133440","B8578EE6F694EFD730FE3497AA4A8AF2A6951322F9426BAD603DD2F6FC2FBC9C"
"output\build\legacy-diff-audit\mesen-palette-probe-1\MesenDB.txt","773112","9A6D5249ED0134DE2EF14D4A0F54B8E381305014BF04852DB97D645CD55D9894"
"output\build\legacy-diff-audit\mesen-palette-probe-1\MesenUpdater.exe","23552","0775AB2AFF05300B4C835E60D5C404407CE496E6B6BE1AD2B911714C50C6CBEE"
"output\build\legacy-diff-audit\mesen-palette-probe-1\palette-frame-0675.png","4736","B315051DA2C1CF8CD0AF743879F52CB5D95E54AF07EA5921600312A423D936A3"
"output\build\legacy-diff-audit\mesen-palette-probe-1\palette-frame-0750.png","4736","B315051DA2C1CF8CD0AF743879F52CB5D95E54AF07EA5921600312A423D936A3"
"output\build\legacy-diff-audit\mesen-palette-probe-1\palette-frame-1000.png","4736","B315051DA2C1CF8CD0AF743879F52CB5D95E54AF07EA5921600312A423D936A3"
"output\build\legacy-diff-audit\mesen-palette-probe-1\palette-frame-1500.png","4736","B315051DA2C1CF8CD0AF743879F52CB5D95E54AF07EA5921600312A423D936A3"
"output\build\legacy-diff-audit\mesen-palette-probe-1\palette-frame-2200.png","3587","CC462A4754034408F2A212D3536B2868FE217DE1CB24C68870D6B8DE93832277"
"output\build\legacy-diff-audit\mesen-palette-probe-1\palette-frame-3200.png","3587","CC462A4754034408F2A212D3536B2868FE217DE1CB24C68870D6B8DE93832277"
"output\build\legacy-diff-audit\mesen-palette-probe-1\palette-frame-5000.png","3587","CC462A4754034408F2A212D3536B2868FE217DE1CB24C68870D6B8DE93832277"
"output\build\legacy-diff-audit\mesen-palette-probe-1\probe.lua","3228","6CF77195A6CCA46B164049C1EE12741F3C5084297527D2A8432AF62730CEC474"
"output\build\legacy-diff-audit\mesen-palette-probe-1\probe.nes","1310736","82C218275459D53C0F306F6BC036C4797316976E0FA7AD1D5A8247E338995B8E"
"output\build\legacy-diff-audit\mesen-palette-probe-1\Resources\Font.24.spritefont","1860904","C0563DACDE23BB13FF4DDAF0299A73633D6A31E64A7D35CEA03BE242B526EC1C"
"output\build\legacy-diff-audit\mesen-palette-probe-1\Resources\Font.64.spritefont","59720","F4AEDBE60E6B8ADC593C66DF67DD4457E0531CF9B38A1FA247903A838F081BF6"
"output\build\legacy-diff-audit\mesen-palette-probe-1\Resources\LICENSE.txt","4729","FBF64516272F385E88253234BCFF45D2CD89ADC4EE3A36BCBDDCE065BBF72D51"
"output\build\legacy-diff-audit\mesen-palette-probe-1\Saves\probe.sav","8192","19A62E07B2C713610A2B46962C61274F830965AA37721C0AD2D8012C022E1E32"
"output\build\legacy-diff-audit\mesen-palette-probe-1\settings.xml","63401","E527C968CC0A67323F131BD6EBD351BA3A7C3BD5537A639C588714AE722BC19B"
"output\build\legacy-diff-audit\mesen-palette-probe-1\stderr.txt","0","E3B0C44298FC1C149AFBF4C8996FB92427AE41E4649B934CA495991B7852B855"
"output\build\legacy-diff-audit\mesen-palette-probe-1\stdout.txt","4873","15E396507F74B9B9B06763F2F85A851AB613E479565E4F2E5F29DE729EE683BB"
"output\build\legacy-diff-audit\mesen-palette-probe-2\Debugger\probe.cdl","1310720","764CD190EDCA7B0E605952C55277245E99D1AA741DA25A57D11EEA41863D9F85"
"output\build\legacy-diff-audit\mesen-palette-probe-2\Mesen.exe","11693568","A480C42B28424FFC9517E003B458926D7920E860494103F1E0805E6AD972C08B"
"output\build\legacy-diff-audit\mesen-palette-probe-2\MesenCore.dll","3133440","B8578EE6F694EFD730FE3497AA4A8AF2A6951322F9426BAD603DD2F6FC2FBC9C"
"output\build\legacy-diff-audit\mesen-palette-probe-2\MesenDB.txt","773112","9A6D5249ED0134DE2EF14D4A0F54B8E381305014BF04852DB97D645CD55D9894"
"output\build\legacy-diff-audit\mesen-palette-probe-2\MesenUpdater.exe","23552","0775AB2AFF05300B4C835E60D5C404407CE496E6B6BE1AD2B911714C50C6CBEE"
"output\build\legacy-diff-audit\mesen-palette-probe-2\palette-frame-0675.png","4736","B315051DA2C1CF8CD0AF743879F52CB5D95E54AF07EA5921600312A423D936A3"
"output\build\legacy-diff-audit\mesen-palette-probe-2\palette-frame-0750.png","258","788D6984576BB13490A00DF106EC8EC4A1C2F966E544DEBD99F7FFCE8D65C029"
"output\build\legacy-diff-audit\mesen-palette-probe-2\palette-frame-1000.png","1384","3DDFF0FDA90A31536FD5DC5B46C5C7754452D3B2CA3FB6C4DDEE038F014838CB"
"output\build\legacy-diff-audit\mesen-palette-probe-2\palette-frame-1500.png","258","788D6984576BB13490A00DF106EC8EC4A1C2F966E544DEBD99F7FFCE8D65C029"
"output\build\legacy-diff-audit\mesen-palette-probe-2\palette-frame-2200.png","258","788D6984576BB13490A00DF106EC8EC4A1C2F966E544DEBD99F7FFCE8D65C029"
"output\build\legacy-diff-audit\mesen-palette-probe-2\palette-frame-3200.png","1384","3DDFF0FDA90A31536FD5DC5B46C5C7754452D3B2CA3FB6C4DDEE038F014838CB"
"output\build\legacy-diff-audit\mesen-palette-probe-2\palette-frame-5000.png","4736","B315051DA2C1CF8CD0AF743879F52CB5D95E54AF07EA5921600312A423D936A3"
"output\build\legacy-diff-audit\mesen-palette-probe-2\palette-frame-8000.png","258","788D6984576BB13490A00DF106EC8EC4A1C2F966E544DEBD99F7FFCE8D65C029"
"output\build\legacy-diff-audit\mesen-palette-probe-2\probe.lua","3663","E0CC06331A4DA86D56F92ED67BEA83D5EAC62DC9DF876627D8BC9CAEE0E919A1"
"output\build\legacy-diff-audit\mesen-palette-probe-2\probe.nes","1310736","82C218275459D53C0F306F6BC036C4797316976E0FA7AD1D5A8247E338995B8E"
"output\build\legacy-diff-audit\mesen-palette-probe-2\Resources\Font.24.spritefont","1860904","C0563DACDE23BB13FF4DDAF0299A73633D6A31E64A7D35CEA03BE242B526EC1C"
"output\build\legacy-diff-audit\mesen-palette-probe-2\Resources\Font.64.spritefont","59720","F4AEDBE60E6B8ADC593C66DF67DD4457E0531CF9B38A1FA247903A838F081BF6"
"output\build\legacy-diff-audit\mesen-palette-probe-2\Resources\LICENSE.txt","4729","FBF64516272F385E88253234BCFF45D2CD89ADC4EE3A36BCBDDCE065BBF72D51"
"output\build\legacy-diff-audit\mesen-palette-probe-2\Saves\probe.sav","8192","88C53B225B0FE143E4522010133846CECB523BE83C40B4426B7361CDBF7E3711"
"output\build\legacy-diff-audit\mesen-palette-probe-2\settings.xml","63401","E527C968CC0A67323F131BD6EBD351BA3A7C3BD5537A639C588714AE722BC19B"
"output\build\legacy-diff-audit\mesen-palette-probe-2\stderr.txt","0","E3B0C44298FC1C149AFBF4C8996FB92427AE41E4649B934CA495991B7852B855"
"output\build\legacy-diff-audit\mesen-palette-probe-2\stdout.txt","0","E3B0C44298FC1C149AFBF4C8996FB92427AE41E4649B934CA495991B7852B855"
"output\build\legacy-diff-audit\mesen-palette-probe-3\Debugger\probe.cdl","1310720","764CD190EDCA7B0E605952C55277245E99D1AA741DA25A57D11EEA41863D9F85"
"output\build\legacy-diff-audit\mesen-palette-probe-3\Mesen.exe","11693568","A480C42B28424FFC9517E003B458926D7920E860494103F1E0805E6AD972C08B"
"output\build\legacy-diff-audit\mesen-palette-probe-3\MesenCore.dll","3133440","B8578EE6F694EFD730FE3497AA4A8AF2A6951322F9426BAD603DD2F6FC2FBC9C"
"output\build\legacy-diff-audit\mesen-palette-probe-3\MesenDB.txt","773112","9A6D5249ED0134DE2EF14D4A0F54B8E381305014BF04852DB97D645CD55D9894"
"output\build\legacy-diff-audit\mesen-palette-probe-3\MesenUpdater.exe","23552","0775AB2AFF05300B4C835E60D5C404407CE496E6B6BE1AD2B911714C50C6CBEE"
"output\build\legacy-diff-audit\mesen-palette-probe-3\palette-frame-0675.png","4736","B315051DA2C1CF8CD0AF743879F52CB5D95E54AF07EA5921600312A423D936A3"
"output\build\legacy-diff-audit\mesen-palette-probe-3\palette-frame-0750.png","258","788D6984576BB13490A00DF106EC8EC4A1C2F966E544DEBD99F7FFCE8D65C029"
"output\build\legacy-diff-audit\mesen-palette-probe-3\palette-frame-1000.png","1384","3DDFF0FDA90A31536FD5DC5B46C5C7754452D3B2CA3FB6C4DDEE038F014838CB"
"output\build\legacy-diff-audit\mesen-palette-probe-3\palette-frame-1500.png","258","788D6984576BB13490A00DF106EC8EC4A1C2F966E544DEBD99F7FFCE8D65C029"
"output\build\legacy-diff-audit\mesen-palette-probe-3\palette-frame-2200.png","258","788D6984576BB13490A00DF106EC8EC4A1C2F966E544DEBD99F7FFCE8D65C029"
"output\build\legacy-diff-audit\mesen-palette-probe-3\palette-frame-3200.png","1384","3DDFF0FDA90A31536FD5DC5B46C5C7754452D3B2CA3FB6C4DDEE038F014838CB"
"output\build\legacy-diff-audit\mesen-palette-probe-3\palette-frame-5000.png","4736","B315051DA2C1CF8CD0AF743879F52CB5D95E54AF07EA5921600312A423D936A3"
"output\build\legacy-diff-audit\mesen-palette-probe-3\palette-frame-8000.png","258","788D6984576BB13490A00DF106EC8EC4A1C2F966E544DEBD99F7FFCE8D65C029"
"output\build\legacy-diff-audit\mesen-palette-probe-3\probe-audit.log","379","B4B104058D07A68527E9B5C91C83AFDB12079635A4A5DCED94AFEAB9F11E4343"
"output\build\legacy-diff-audit\mesen-palette-probe-3\probe.lua","3939","8AAF8A00BFF1E5DB08F50D482ED2D8D8D260C5F421A013719C1D4AAF7029A114"
"output\build\legacy-diff-audit\mesen-palette-probe-3\probe.nes","1310736","82C218275459D53C0F306F6BC036C4797316976E0FA7AD1D5A8247E338995B8E"
"output\build\legacy-diff-audit\mesen-palette-probe-3\Resources\Font.24.spritefont","1860904","C0563DACDE23BB13FF4DDAF0299A73633D6A31E64A7D35CEA03BE242B526EC1C"
"output\build\legacy-diff-audit\mesen-palette-probe-3\Resources\Font.64.spritefont","59720","F4AEDBE60E6B8ADC593C66DF67DD4457E0531CF9B38A1FA247903A838F081BF6"
"output\build\legacy-diff-audit\mesen-palette-probe-3\Resources\LICENSE.txt","4729","FBF64516272F385E88253234BCFF45D2CD89ADC4EE3A36BCBDDCE065BBF72D51"
"output\build\legacy-diff-audit\mesen-palette-probe-3\Saves\probe.sav","8192","88C53B225B0FE143E4522010133846CECB523BE83C40B4426B7361CDBF7E3711"
"output\build\legacy-diff-audit\mesen-palette-probe-3\settings.xml","63401","E527C968CC0A67323F131BD6EBD351BA3A7C3BD5537A639C588714AE722BC19B"
"output\build\legacy-diff-audit\mesen-palette-probe-4\Debugger\probe.cdl","1310720","66B5E9CEF1F5FBAE689B93FA093DE77D7446BC129EF78CDDDD013909A3D0BF65"
"output\build\legacy-diff-audit\mesen-palette-probe-4\Mesen.exe","11693568","A480C42B28424FFC9517E003B458926D7920E860494103F1E0805E6AD972C08B"
"output\build\legacy-diff-audit\mesen-palette-probe-4\MesenCore.dll","3133440","B8578EE6F694EFD730FE3497AA4A8AF2A6951322F9426BAD603DD2F6FC2FBC9C"
"output\build\legacy-diff-audit\mesen-palette-probe-4\MesenDB.txt","773112","9A6D5249ED0134DE2EF14D4A0F54B8E381305014BF04852DB97D645CD55D9894"
"output\build\legacy-diff-audit\mesen-palette-probe-4\MesenUpdater.exe","23552","0775AB2AFF05300B4C835E60D5C404407CE496E6B6BE1AD2B911714C50C6CBEE"
"output\build\legacy-diff-audit\mesen-palette-probe-4\palette-frame-0675.png","4736","B315051DA2C1CF8CD0AF743879F52CB5D95E54AF07EA5921600312A423D936A3"
"output\build\legacy-diff-audit\mesen-palette-probe-4\palette-frame-0750.png","258","788D6984576BB13490A00DF106EC8EC4A1C2F966E544DEBD99F7FFCE8D65C029"
"output\build\legacy-diff-audit\mesen-palette-probe-4\palette-frame-1000.png","5255","743F91B2CD16B469B1E7B1F187EEC5D7905AE3CB50EC5F3CB1A68EAB5C8DF5AF"
"output\build\legacy-diff-audit\mesen-palette-probe-4\palette-frame-1500.png","6597","D6ED0CB0EEBDF69BCF4C57A35374DC40502A0E815020575CF0161F7719E5E570"
"output\build\legacy-diff-audit\mesen-palette-probe-4\palette-frame-2200.png","6597","D6ED0CB0EEBDF69BCF4C57A35374DC40502A0E815020575CF0161F7719E5E570"
"output\build\legacy-diff-audit\mesen-palette-probe-4\palette-frame-3200.png","6597","D6ED0CB0EEBDF69BCF4C57A35374DC40502A0E815020575CF0161F7719E5E570"
"output\build\legacy-diff-audit\mesen-palette-probe-4\palette-frame-5000.png","6597","D6ED0CB0EEBDF69BCF4C57A35374DC40502A0E815020575CF0161F7719E5E570"
"output\build\legacy-diff-audit\mesen-palette-probe-4\palette-frame-8000.png","6597","D6ED0CB0EEBDF69BCF4C57A35374DC40502A0E815020575CF0161F7719E5E570"
"output\build\legacy-diff-audit\mesen-palette-probe-4\probe-audit.log","373","67EF12EB660AF33F54BCBAA3CBC407C2EF549F29F9F256197FE21FCD691A9D8F"
"output\build\legacy-diff-audit\mesen-palette-probe-4\probe.lua","3929","19A1B859D82286E35325888B92029D30F3BA0B5E55CD3F36EFB3114F438F469B"
"output\build\legacy-diff-audit\mesen-palette-probe-4\probe.nes","1310736","82C218275459D53C0F306F6BC036C4797316976E0FA7AD1D5A8247E338995B8E"
"output\build\legacy-diff-audit\mesen-palette-probe-4\Resources\Font.24.spritefont","1860904","C0563DACDE23BB13FF4DDAF0299A73633D6A31E64A7D35CEA03BE242B526EC1C"
"output\build\legacy-diff-audit\mesen-palette-probe-4\Resources\Font.64.spritefont","59720","F4AEDBE60E6B8ADC593C66DF67DD4457E0531CF9B38A1FA247903A838F081BF6"
"output\build\legacy-diff-audit\mesen-palette-probe-4\Resources\LICENSE.txt","4729","FBF64516272F385E88253234BCFF45D2CD89ADC4EE3A36BCBDDCE065BBF72D51"
"output\build\legacy-diff-audit\mesen-palette-probe-4\Saves\probe.sav","8192","BEAD16CDACDD9CDBF3AFAD389867C2108CB65E7A7FFC21B6CD844680A1A63653"
"output\build\legacy-diff-audit\mesen-palette-probe-4\settings.xml","63401","E527C968CC0A67323F131BD6EBD351BA3A7C3BD5537A639C588714AE722BC19B"
"output\build\legacy-diff-audit\mesen-palette-probe-4\stderr.txt","0","E3B0C44298FC1C149AFBF4C8996FB92427AE41E4649B934CA495991B7852B855"
"output\build\legacy-diff-audit\mesen-palette-probe-4\stdout.txt","6741","4745305E91BD34B6CF2380CD4180AE5733745B2932633B3B1733F01BDC87E7E2"
"output\build\legacy-diff-audit\mesen-palette-probe-5-expanded\Debugger\probe.cdl","1310720","C2C4DE033F4F9376305D6BE2711553179C1EACF0040FF07444728BB68E00E24E"
"output\build\legacy-diff-audit\mesen-palette-probe-5-expanded\Mesen.exe","11693568","A480C42B28424FFC9517E003B458926D7920E860494103F1E0805E6AD972C08B"
"output\build\legacy-diff-audit\mesen-palette-probe-5-expanded\MesenCore.dll","3133440","B8578EE6F694EFD730FE3497AA4A8AF2A6951322F9426BAD603DD2F6FC2FBC9C"
"output\build\legacy-diff-audit\mesen-palette-probe-5-expanded\MesenDB.txt","773112","9A6D5249ED0134DE2EF14D4A0F54B8E381305014BF04852DB97D645CD55D9894"
"output\build\legacy-diff-audit\mesen-palette-probe-5-expanded\MesenUpdater.exe","23552","0775AB2AFF05300B4C835E60D5C404407CE496E6B6BE1AD2B911714C50C6CBEE"
"output\build\legacy-diff-audit\mesen-palette-probe-5-expanded\palette-frame-0675.png","4736","B315051DA2C1CF8CD0AF743879F52CB5D95E54AF07EA5921600312A423D936A3"
"output\build\legacy-diff-audit\mesen-palette-probe-5-expanded\palette-frame-0750.png","258","788D6984576BB13490A00DF106EC8EC4A1C2F966E544DEBD99F7FFCE8D65C029"
"output\build\legacy-diff-audit\mesen-palette-probe-5-expanded\palette-frame-0800.png","5259","349A645E1A784E1A4D9F8E2553D3414C379919361DA7D8E500D3CCC12100CB2B"
"output\build\legacy-diff-audit\mesen-palette-probe-5-expanded\palette-frame-1000.png","5255","743F91B2CD16B469B1E7B1F187EEC5D7905AE3CB50EC5F3CB1A68EAB5C8DF5AF"
"output\build\legacy-diff-audit\mesen-palette-probe-5-expanded\palette-frame-1500.png","6597","D6ED0CB0EEBDF69BCF4C57A35374DC40502A0E815020575CF0161F7719E5E570"
"output\build\legacy-diff-audit\mesen-palette-probe-5-expanded\probe-audit.log","373","67EF12EB660AF33F54BCBAA3CBC407C2EF549F29F9F256197FE21FCD691A9D8F"
"output\build\legacy-diff-audit\mesen-palette-probe-5-expanded\probe.lua","4269","5901097996916CCD9CA66D3BF7E1C560B6365B95036B2E04204E4214346DB498"
"output\build\legacy-diff-audit\mesen-palette-probe-5-expanded\probe.nes","1310736","82C218275459D53C0F306F6BC036C4797316976E0FA7AD1D5A8247E338995B8E"
"output\build\legacy-diff-audit\mesen-palette-probe-5-expanded\Resources\Font.24.spritefont","1860904","C0563DACDE23BB13FF4DDAF0299A73633D6A31E64A7D35CEA03BE242B526EC1C"
"output\build\legacy-diff-audit\mesen-palette-probe-5-expanded\Resources\Font.64.spritefont","59720","F4AEDBE60E6B8ADC593C66DF67DD4457E0531CF9B38A1FA247903A838F081BF6"
"output\build\legacy-diff-audit\mesen-palette-probe-5-expanded\Resources\LICENSE.txt","4729","FBF64516272F385E88253234BCFF45D2CD89ADC4EE3A36BCBDDCE065BBF72D51"
"output\build\legacy-diff-audit\mesen-palette-probe-5-expanded\Saves\probe.sav","8192","695490933E8C9BBE313BBE1FFB793C4B040C8CD47E399F15120206DDBB16C21D"
"output\build\legacy-diff-audit\mesen-palette-probe-5-expanded\settings.xml","63401","E527C968CC0A67323F131BD6EBD351BA3A7C3BD5537A639C588714AE722BC19B"
"output\build\legacy-diff-audit\mesen-palette-probe-5-expanded\stderr.txt","0","E3B0C44298FC1C149AFBF4C8996FB92427AE41E4649B934CA495991B7852B855"
"output\build\legacy-diff-audit\mesen-palette-probe-5-expanded\stdout.txt","20659","1414F9B4CE8F675F9C29F97DC71E3F22CD04040E69CD718B70C39F315E7CE083"
"output\build\legacy-diff-audit\mesen-palette-probe-6-baseline\Debugger\probe.cdl","1310720","3157A4C94E12FCC74D8C69FAEAA8ED2A66D9580B87DE8EE774529144DC365FC6"
"output\build\legacy-diff-audit\mesen-palette-probe-6-baseline\Mesen.exe","11693568","A480C42B28424FFC9517E003B458926D7920E860494103F1E0805E6AD972C08B"
"output\build\legacy-diff-audit\mesen-palette-probe-6-baseline\MesenCore.dll","3133440","B8578EE6F694EFD730FE3497AA4A8AF2A6951322F9426BAD603DD2F6FC2FBC9C"
"output\build\legacy-diff-audit\mesen-palette-probe-6-baseline\MesenDB.txt","773112","9A6D5249ED0134DE2EF14D4A0F54B8E381305014BF04852DB97D645CD55D9894"
"output\build\legacy-diff-audit\mesen-palette-probe-6-baseline\MesenUpdater.exe","23552","0775AB2AFF05300B4C835E60D5C404407CE496E6B6BE1AD2B911714C50C6CBEE"
"output\build\legacy-diff-audit\mesen-palette-probe-6-baseline\palette-frame-0675.png","4736","B315051DA2C1CF8CD0AF743879F52CB5D95E54AF07EA5921600312A423D936A3"
"output\build\legacy-diff-audit\mesen-palette-probe-6-baseline\palette-frame-0750.png","258","788D6984576BB13490A00DF106EC8EC4A1C2F966E544DEBD99F7FFCE8D65C029"
"output\build\legacy-diff-audit\mesen-palette-probe-6-baseline\palette-frame-0800.png","5259","349A645E1A784E1A4D9F8E2553D3414C379919361DA7D8E500D3CCC12100CB2B"
"output\build\legacy-diff-audit\mesen-palette-probe-6-baseline\palette-frame-1000.png","5255","743F91B2CD16B469B1E7B1F187EEC5D7905AE3CB50EC5F3CB1A68EAB5C8DF5AF"
"output\build\legacy-diff-audit\mesen-palette-probe-6-baseline\palette-frame-1500.png","6597","D6ED0CB0EEBDF69BCF4C57A35374DC40502A0E815020575CF0161F7719E5E570"
"output\build\legacy-diff-audit\mesen-palette-probe-6-baseline\probe-audit.log","373","67EF12EB660AF33F54BCBAA3CBC407C2EF549F29F9F256197FE21FCD691A9D8F"
"output\build\legacy-diff-audit\mesen-palette-probe-6-baseline\probe.lua","4269","5901097996916CCD9CA66D3BF7E1C560B6365B95036B2E04204E4214346DB498"
"output\build\legacy-diff-audit\mesen-palette-probe-6-baseline\probe.nes","1310736","1DDD4F74B2D3ACEAA8A0BC4A6846BE8E6148C858C2D8EA5A1F6E0A04F0AD4A75"
"output\build\legacy-diff-audit\mesen-palette-probe-6-baseline\Resources\Font.24.spritefont","1860904","C0563DACDE23BB13FF4DDAF0299A73633D6A31E64A7D35CEA03BE242B526EC1C"
"output\build\legacy-diff-audit\mesen-palette-probe-6-baseline\Resources\Font.64.spritefont","59720","F4AEDBE60E6B8ADC593C66DF67DD4457E0531CF9B38A1FA247903A838F081BF6"
"output\build\legacy-diff-audit\mesen-palette-probe-6-baseline\Resources\LICENSE.txt","4729","FBF64516272F385E88253234BCFF45D2CD89ADC4EE3A36BCBDDCE065BBF72D51"
"output\build\legacy-diff-audit\mesen-palette-probe-6-baseline\Saves\probe.sav","8192","695490933E8C9BBE313BBE1FFB793C4B040C8CD47E399F15120206DDBB16C21D"
"output\build\legacy-diff-audit\mesen-palette-probe-6-baseline\settings.xml","63401","E527C968CC0A67323F131BD6EBD351BA3A7C3BD5537A639C588714AE722BC19B"
"output\build\legacy-diff-audit\mesen-palette-probe-6-baseline\stderr.txt","0","E3B0C44298FC1C149AFBF4C8996FB92427AE41E4649B934CA495991B7852B855"
"output\build\legacy-diff-audit\mesen-palette-probe-6-baseline\stdout.txt","20659","1414F9B4CE8F675F9C29F97DC71E3F22CD04040E69CD718B70C39F315E7CE083"
"output\build\legacy-diff-audit\screen-main.png","330416","8F8863E7D843C5E97AEEAC8EFEABED9BFD519330AAA30095B558B963384971CE"
"output\build\legacy-diff-audit\screen-open.png","296129","E2895945EE99C98772F83CD2641920A223F0AD65D7574D607954A90A96EA7D97"
"output\build\legacy-diff-audit\screen.png","222079","3B1BC8D8928B58923AD2F6FB35675CA94A17AD8A6347D73739245548F885712D"
"output\build\legacy-diff-audit\SRW2_patched.exe","5701632","FF1C1C5799FDB8F34DF355D761B382C6946CDADC6810772862947E892E8B4C27"
"output\build\legacy-diff-audit\ui-.png","1511","49BB622BC7BAD085B6C3CB8F9227CD89A5CC8E3EF33B251A8735ED3CF4F78F05"
"output\build\legacy-diff-audit\ui-数据库.png","709804","D086A0AB5F7F76F730649DE4A80FE377000C2FCB85A67E48AF3BB274EEF2944E"
"output\build\legacy-diff-audit\ui-audit-error.txt","1102","CAD5B0CBEC617757D20759E10FE1BEF3F231556BEE8D2411257987EB58F482FB"
"output\build\legacy-diff-audit\ui-audit-pid.txt","5","AF41950721B1FDB95A5A3D42A9374208D6DF1B02F9706DB971F5459A3C93B798"
"output\build\legacy-diff-audit\ui-GDI__Window__时空2修改器单机版_exe_.png","69","A42B49BF18EF55DADE8D6B6F43226F3C6EF41CEC0A2CC4F2E58F53EA2864B699"
"output\build\legacy-diff-audit\ui-inventory.json","167470","5BEFF5B0AF6C99AAE6D9A08908B156CCE763B5209C9708567EC19D3C77CCB329"
"output\build\legacy-diff-audit\ui-Mode_Indicator.png","2190","C1BC26EA0C8BC5111F480F9C10AE9EEA047FCA239D560F9D3EC91F016DB2DEBF"
"output\build\legacy-diff-audit\ui-SRW2扩容版修改器V1_0_C__Users_hu_Desktop_新DC_新.png","111","DC459A4165D21FAC53B12A0E3F2CADF17E73910B9BE02A9B7F1FC96E798F920A"
"output\build\legacy-diff-audit\ui-SRW2扩容版修改器V1_0_D__GIT_mmc3_output_build_.png","224377","F889D9D0CD5148A903EE94F0CBFACCFF6AFD7A1598CD01CCF636BEC85D803EE6"
"output\build\legacy-diff-audit\ui-SRW2扩容版修改器V1_0_D__GIT_mmc3_output_rom_DC.png","91686","D51CB77AAAC7F2243111D9651198A7DBA232C92A587869C12D8A72EC79C38785"
"output\build\legacy-diff-audit\ui-SRW2扩容版修改器V1_0_D__GIT_mmc3_references_ro.png","204727","E27B0B3387BA92A40A76783065D25FFEB5F65F3CABD916133F89F58E85488276"
"output\build\logs\dc_stock_sfx.stderr.txt","0","E3B0C44298FC1C149AFBF4C8996FB92427AE41E4649B934CA495991B7852B855"
"output\build\logs\dc_stock_sfx.stdout.txt","2117","81EB8006640314973EB2FB38FC5B8D449B674C26E16328B594BAA435A9AA60E0"
"output\build\m06_m07_legacy_probe.py","17863","C5F6A6E39C819828DE4268A3D3A31B6348B387A30971E3B5780E211B51CF5B13"
"output\build\m10m18\menu_check.py","586","BCA23C47CD421E923E4B2358F23EFBB9D69B638AF5E43DE2B756C854BD7984F1"
"output\build\m10m18\menu_check2.py","489","6E56CECAE1A04D777FC8F4F3E7B54A3EA02E72E9187DB30FAB4E5E5147D3640C"
"output\build\m10m18\selfcheck.py","4316","749B196CFA7DD8732090A2862307702E12EF18D42E82EA772E5FC4DE06F1EDDE"
"output\build\m10m18\tabs_c05.py","1865","301B04D1344CB1191A44D4BB5BF58458770B498B33651E51DF8C6547A7B510FC"
"output\build\m18_probe.py","10541","D47C4C50D76FBB7C5C4426097541E0D02ADE968360DDB84A87F9131635124D0E"
"output\build\map-trigger-context-candidate\app\新DC篇完整修改器.exe","47843429","4B70F69C4B65E125DAB26D199D68FE7D1D8653A487143E2BAE9926AEEDF178E0"
"output\build\map-trigger-context-candidate\archived-map-trigger-context.exe","47843429","4B70F69C4B65E125DAB26D199D68FE7D1D8653A487143E2BAE9926AEEDF178E0"
"output\build\map-trigger-context-candidate\work\dc_modifier\新DC篇完整修改器.pkg","47497829","A82895BC9387B876E63F5B7FF88F87A29DAB25086D0AEEA3B14724DA14025CAE"
"output\build\map-trigger-context-candidate\work\dc_modifier\Analysis-00.toc","81745","DA615F85FA9ACBA30769E92C22144634D5A001ED070B0E5892DA28A3194677C7"
"output\build\map-trigger-context-candidate\work\dc_modifier\base_library.zip","1333490","1646C1A60C8D7A36523FD850322C4560DCD5EBAC7AED83A27C7F3F0747C67BCD"
"output\build\map-trigger-context-candidate\work\dc_modifier\EXE-00.toc","35039","8CC89C316E44AB6939B367A2C78AB5DC06E376B7F290971E846122FDEF52EA55"
"output\build\map-trigger-context-candidate\work\dc_modifier\PKG-00.toc","33294","3AB638E1984811228C1B34809B49EB6531EB2C8A65D8026872ECAF5340AB4B4A"
"output\build\map-trigger-context-candidate\work\dc_modifier\PYZ-00.pyz","2144416","532B35BA97CC3301990B8CCCA97F7BB9EA70B2A660DCB37B72FE9688D3444765"
"output\build\map-trigger-context-candidate\work\dc_modifier\PYZ-00.toc","24642","1DD4C4E065E07BC90456111F7BB5C165BEC4BB3D4DE43A3AF1C4E026C2F07135"
"output\build\map-trigger-context-candidate\work\dc_modifier\warn-dc_modifier.txt","1653","4B3221CAB208BED0B3FB088073DB68CDFFDD17BC8F4D2D72EB8A5BDA8A8B6741"
"output\build\map-trigger-context-candidate\work\dc_modifier\xref-dc_modifier.html","372235","5874F15964E845675A7FB9352270F00FE6B76EBD8CCEFBBA8CFE40E3F4F3C19C"
"output\build\palette-real-candidate\app\新DC篇完整修改器.exe","47827236","1DBE505CDB708CF12FEC8E48D8D0E56E4FFE7665EDD31B75DB434354B6CFA98F"
"output\build\palette-real-candidate\pyinstaller-work\dc_modifier\新DC篇完整修改器.pkg","47481636","47BC2CE441398411642CE27854808B162C41BDDE103E2CA998909016B7CBA49E"
"output\build\palette-real-candidate\pyinstaller-work\dc_modifier\Analysis-00.toc","81750","BB98C8DD39169EE7CF832292546F2FE481DD5A3760FDC8C2523C2A7B11D256AB"
"output\build\palette-real-candidate\pyinstaller-work\dc_modifier\base_library.zip","1333490","64688746E9790B87C7BD82904958DE3385C8C72E0FFBD410ED9E6E56EEA54BE2"
"output\build\palette-real-candidate\pyinstaller-work\dc_modifier\EXE-00.toc","35072","8ADF7355944E0D15BF244C7A3C90CAD3659DE941213E01011140B510379A4A6A"
"output\build\palette-real-candidate\pyinstaller-work\dc_modifier\PKG-00.toc","33334","6135502F7E6D1C53C00BFB6073BB3562DCE788299ACA248433FDA1642D5D4B3F"
"output\build\palette-real-candidate\pyinstaller-work\dc_modifier\PYZ-00.pyz","2130486","E4951145080F31796F7D6112E2E776EAB3D14B73E9CAD9FAEE05F73EBA975C68"
"output\build\palette-real-candidate\pyinstaller-work\dc_modifier\PYZ-00.toc","24647","356F7510941BD8F9445D20C56E12DF17754678823A310976321F92F9BF246F34"
"output\build\palette-real-candidate\pyinstaller-work\dc_modifier\warn-dc_modifier.txt","1653","4B3221CAB208BED0B3FB088073DB68CDFFDD17BC8F4D2D72EB8A5BDA8A8B6741"
"output\build\palette-real-candidate\pyinstaller-work\dc_modifier\xref-dc_modifier.html","372067","A0073CA49F3E9A66AA3A89BC9C3CD0F90B41531E62D3866CC65D64A446BB7C21"
"output\build\palette-visual-candidate\app\新DC篇完整修改器.exe","47826519","F28650EC39D66E6FEC421701138893B2E3DE0A1CC6EC71ED7339298D4DC2A2BF"
"output\build\palette-visual-candidate\app\新DC篇完整修改器.exe.sha256.txt","95","D7822FE62B611C6DDBFA57099A671B0060FFF64BADCEAB90E769429CA7D227B3"
"output\build\palette-visual-candidate\app\修改器映射表\旧修改器配置名称索引.json","401255","8252E3E7C0856B5AB530C70237F72ED70DB7B71EB12B856CB72E80E5E523C93B"
"output\build\palette-visual-candidate\app\修改器映射表\新DC_ROM名称与表地址映射.json","775949","9D1C86B2AAA4FBC83F6373D8781F34B6EF6A8E101E4549AA562EFFCC0D0F7C21"
"output\build\palette-visual-candidate\app\修改器映射表\新DC完整码表.tbl","32458","CA685A0B513FF3EC15ABCF7F5BEDDCDD477855A639E1BC0A50EA6791B9BB577F"
"output\build\palette-visual-candidate\app\修改器映射表\新DC字模地址映射.csv","68631","243E9136B03089FA2C34D6293972E4EE5CC56C4E02F4FA35BB21F1079487279C"
"output\build\palette-visual-candidate\app\修改器映射表\README.md","914","63F3269012FD2BF11800748FA3CB631B75C06EAB66D16BC5FADC63650BE45758"
"output\build\palette-visual-candidate\pyinstaller-work\dc_modifier\新DC篇完整修改器.pkg","47480919","C9B597D10D50FA614482CF3FE459C6B5FC6C4C98DCA2A4B53159B78CFBAEEB45"
"output\build\palette-visual-candidate\pyinstaller-work\dc_modifier\Analysis-00.toc","81752","13E37A076984AA3029748167A79C386C1C77F6DA008B39434EA5AEF14E9549E8"
"output\build\palette-visual-candidate\pyinstaller-work\dc_modifier\base_library.zip","1333490","28F95F542D84CE5744BDC44AA17E98DC94C0D1E5C8420F173580F6E92FE2C265"
"output\build\palette-visual-candidate\pyinstaller-work\dc_modifier\EXE-00.toc","35090","15157CB4104C2DBB4EE8CAE6473559EACFB8D7B298980196E5A4C180E6239D90"
"output\build\palette-visual-candidate\pyinstaller-work\dc_modifier\PKG-00.toc","33350","FC9223C6F715102E56C527B549B104ACEDB21A23D5E35FE9189DBED2BF9C5EB5"
"output\build\palette-visual-candidate\pyinstaller-work\dc_modifier\PYZ-00.pyz","2128054","072BB62F1D16BC0FC4EE2395F384F7E53A476B9B402EAF52ADE4149DF2095B79"
"output\build\palette-visual-candidate\pyinstaller-work\dc_modifier\PYZ-00.toc","24649","5F604ED1EF25A0D3D7821FFAA3563346C284D8F47670F0CC6C0B5E50937A440C"
"output\build\palette-visual-candidate\pyinstaller-work\dc_modifier\warn-dc_modifier.txt","1653","D16B7FFEBFC36293C97F2ABCCCA7C0807239236BF7ACEBDCC9115C65FE20045A"
"output\build\palette-visual-candidate\pyinstaller-work\dc_modifier\xref-dc_modifier.html","372181","748618D5C654DB04B4F7FE34F58540DF92CDB5E78AB124486E085ED641D4C111"
"output\build\pending-app\新DC篇完整修改器.exe","47925056","6D2D000077CB78D4BF9D01376ADB8CFF97D6E8261FF37F45E8F62DB20F80C4CD"
"output\build\pending-pyinstaller\dc_modifier\新DC篇完整修改器.pkg","47579456","F34548911AF6A00CD712B9D9A5B7C3E6C9EAE027401CB011FAC25E598768C041"
"output\build\pending-pyinstaller\dc_modifier\Analysis-00.toc","82107","554E2F71A35F7AD947F2790F9AAA2AD9D8DC1A20E701AA365394E3DE17C8F04E"
"output\build\pending-pyinstaller\dc_modifier\base_library.zip","1333490","23D15768B2444DAB047A8A4BCEECDB4DFC6C6EB1937A7815699A4C001072FABF"
"output\build\pending-pyinstaller\dc_modifier\EXE-00.toc","35023","525A49A5E50BD7B0D14A9E93D950B5CD87EAE6D109227AE6B3842B0530C1742C"
"output\build\pending-pyinstaller\dc_modifier\PKG-00.toc","33301","24BBA5BA583C4D6E1A811F11FCA48BAED6B3C9CA39E591D4B2D75BB33B826008"
"output\build\pending-pyinstaller\dc_modifier\PYZ-00.pyz","2225555","438EDDF637F950E9F164A6E008076F429965B1B0AAEB46791354B998FB520E01"
"output\build\pending-pyinstaller\dc_modifier\PYZ-00.toc","24739","E7BCB9E900F8C2C86C1D09806D41D47EE03332E994AB3B08EE8CAC8582B76601"
"output\build\pending-pyinstaller\dc_modifier\warn-dc_modifier.txt","1653","795367CD54E109617221D249C78A2FFDDE703C2DFE464B7E4E827A3B45D02CAD"
"output\build\pending-pyinstaller\dc_modifier\xref-dc_modifier.html","374806","022A4A6368AED3358803CCB10DD81A650958391847C4E186C14FE1BFC1D8D136"
"output\build\unit-color-ui-candidate\新DC篇完整修改器.exe","47835008","DF6042529B04F4E284FFCF5664212DC035818CBCAC7E96FE2045C694C6D3A957"
"output\build\unit-color-ui-pyinstaller-work\dc_modifier\新DC篇完整修改器.pkg","47489408","7EEF9F26703920260FCF435123A1B15D29B80CAD002A84C5A5B65E9DCA4B9ED2"
"output\build\unit-color-ui-pyinstaller-work\dc_modifier\Analysis-00.toc","81740","5F6DFB2CA1A65599DF85D35DBA66675CAA5E2AE278B7D427C040FCD1D40BAE41"
"output\build\unit-color-ui-pyinstaller-work\dc_modifier\base_library.zip","1333490","EF58857A7CEA6172A11027457200BD8E29FB1FAE088F8FFF1A5334E7B1CFCAD1"
"output\build\unit-color-ui-pyinstaller-work\dc_modifier\EXE-00.toc","34988","5C77BADDFBA4AE89CCBCA5ACCF095FF8247F14B4C5EBC43087C094376C426F08"
"output\build\unit-color-ui-pyinstaller-work\dc_modifier\PKG-00.toc","33254","09FA5C547F219104C1E68B9C660EBE97E8EB3968A6A833D55E5C3370F553C7C9"
"output\build\unit-color-ui-pyinstaller-work\dc_modifier\PYZ-00.pyz","2137058","453F34A86A0ABC21A2E30E6D3A9EA441AE4E9727BB1134B1DFE92C26B427EB44"
"output\build\unit-color-ui-pyinstaller-work\dc_modifier\PYZ-00.toc","24637","7E6D8D30C4B52968531C730C53639DAF65433F66036B7E110662FFD70F7CBAD6"
"output\build\unit-color-ui-pyinstaller-work\dc_modifier\warn-dc_modifier.txt","1653","4B3221CAB208BED0B3FB088073DB68CDFFDD17BC8F4D2D72EB8A5BDA8A8B6741"
"output\build\unit-color-ui-pyinstaller-work\dc_modifier\xref-dc_modifier.html","372235","5874F15964E845675A7FB9352270F00FE6B76EBD8CCEFBBA8CFE40E3F4F3C19C"
"output\build\unit-icon-ui\release\新DC篇完整修改器.exe","47926517","ADC220CC7FDE9BB68697B24020B1EADB67C8C4BDE77FA5EAC085931CFD9F483F"
"output\build\unit-icon-ui\work\dc_modifier\新DC篇完整修改器.pkg","47580917","3FEDA9BB1502D1B4670FEE323EF6CE43912F98946F58EB6DB4046CC7B650EDC6"
"output\build\unit-icon-ui\work\dc_modifier\Analysis-00.toc","82106","2829801D16E88CA2DB8E3A1EF9B367BD7065BB64D8266BE2EA912F8950642DC7"
"output\build\unit-icon-ui\work\dc_modifier\base_library.zip","1333490","1ED0B3B3223DB55F119024B59616C4F85594D003B578F8061DB63A907A9EAE2C"
"output\build\unit-icon-ui\work\dc_modifier\EXE-00.toc","35025","3B5358308F97257E6AE015B64A7F5D8C5B836F9F87ED61FE03E434F5440A0953"
"output\build\unit-icon-ui\work\dc_modifier\PKG-00.toc","33293","97CEE67292D83578BEF59E83B55A96782E623EB0F6F90B6DE19D6C478E722E28"
"output\build\unit-icon-ui\work\dc_modifier\PYZ-00.pyz","2226510","28BE8562E59E408530A8CBC1D488ADA2F246A42BA1B97EDFACE9CAF021884BF5"
"output\build\unit-icon-ui\work\dc_modifier\PYZ-00.toc","24738","D22836ABC1E57E1580CAB9C1C2E9B284E8058D2A308DAEFD0CA57E761D25F92E"
"output\build\unit-icon-ui\work\dc_modifier\warn-dc_modifier.txt","1653","4B3221CAB208BED0B3FB088073DB68CDFFDD17BC8F4D2D72EB8A5BDA8A8B6741"
"output\build\unit-icon-ui\work\dc_modifier\xref-dc_modifier.html","374806","022A4A6368AED3358803CCB10DD81A650958391847C4E186C14FE1BFC1D8D136"
"output\build\unit-page-candidate\新DC篇完整修改器.exe","47832995","A90024201F576CB8ED636C515A8C1BD173FF39C7319C8E8A7ABC918AC5238814"
"output\build\unit-page-pyinstaller-work\dc_modifier\新DC篇完整修改器.pkg","47487395","061D34699B16B4AEF59A32D23495E479110F11F35479BE21CAAA9CD6FF5310CC"
"output\build\unit-page-pyinstaller-work\dc_modifier\Analysis-00.toc","81736","B382E2B3F500AA972B590124A6DF30EC85D6D44EF46000C403C2432C891C3119"
"output\build\unit-page-pyinstaller-work\dc_modifier\base_library.zip","1333490","CB2FDAFD81BA87233B644D21F95E3B8E670E35154A4BB77703BD49A14A221FDF"
"output\build\unit-page-pyinstaller-work\dc_modifier\EXE-00.toc","34952","6DE2F3FCEA28235E67A2C0A434B8A5D432C0C5BA297DC8F1264A861DF6630F00"
"output\build\unit-page-pyinstaller-work\dc_modifier\PKG-00.toc","33222","FE5E53415ED4C4DE32D7B8DCD0339755AE0892B4AE86B34F9598F6E90D0641B2"
"output\build\unit-page-pyinstaller-work\dc_modifier\PYZ-00.pyz","2135680","9C534642AE03627980FB2F5914A24DC8BB98CE942446E4CFBF183975C3BF9A5B"
"output\build\unit-page-pyinstaller-work\dc_modifier\PYZ-00.toc","24633","4F4C5883E6663584CFD8C2EF81B0C32DFBE80BB027CF77DB2133884A82F28836"
"output\build\unit-page-pyinstaller-work\dc_modifier\warn-dc_modifier.txt","1653","4B3221CAB208BED0B3FB088073DB68CDFFDD17BC8F4D2D72EB8A5BDA8A8B6741"
"output\build\unit-page-pyinstaller-work\dc_modifier\xref-dc_modifier.html","372069","9EB8DFDF10DB71FC84CC1589CF5C7B224FBA897AE675FAEF9F5CFFF2DAB6E2F7"
"output\build\unit-preview-audit\legacy-160\01.png","8824","E601605E0D9DA3524F1DEADB7B8C9345D904361B9129915C1417FCC47E7AE765"
"output\build\unit-preview-audit\legacy-160\02.png","471","2C36DFCC8F2CC0059BE005096EB0690008A1381530CB962A9875F0D0AB612F61"
"output\build\unit-preview-audit\legacy-160\03.png","471","2C36DFCC8F2CC0059BE005096EB0690008A1381530CB962A9875F0D0AB612F61"
"output\build\unit-preview-audit\legacy-160\04.png","471","2C36DFCC8F2CC0059BE005096EB0690008A1381530CB962A9875F0D0AB612F61"
"output\build\unit-preview-audit\legacy-160\05.png","471","2C36DFCC8F2CC0059BE005096EB0690008A1381530CB962A9875F0D0AB612F61"
"output\build\unit-preview-audit\legacy-160\06.png","471","2C36DFCC8F2CC0059BE005096EB0690008A1381530CB962A9875F0D0AB612F61"
"output\build\unit-preview-audit\legacy-160\07.png","471","2C36DFCC8F2CC0059BE005096EB0690008A1381530CB962A9875F0D0AB612F61"
"output\build\unit-preview-audit\legacy-160\08.png","471","2C36DFCC8F2CC0059BE005096EB0690008A1381530CB962A9875F0D0AB612F61"
"output\build\unit-preview-audit\legacy-160\09.png","471","2C36DFCC8F2CC0059BE005096EB0690008A1381530CB962A9875F0D0AB612F61"
"output\build\unit-preview-audit\legacy-160\0A.png","471","2C36DFCC8F2CC0059BE005096EB0690008A1381530CB962A9875F0D0AB612F61"
"output\build\unit-preview-audit\legacy-160\0B.png","471","2C36DFCC8F2CC0059BE005096EB0690008A1381530CB962A9875F0D0AB612F61"
"output\build\unit-preview-audit\legacy-160\0C.png","471","2C36DFCC8F2CC0059BE005096EB0690008A1381530CB962A9875F0D0AB612F61"
"output\build\unit-preview-audit\legacy-160\0D.png","471","2C36DFCC8F2CC0059BE005096EB0690008A1381530CB962A9875F0D0AB612F61"
"output\build\unit-preview-audit\legacy-160\0E.png","471","2C36DFCC8F2CC0059BE005096EB0690008A1381530CB962A9875F0D0AB612F61"
"output\build\unit-preview-audit\legacy-160\0F.png","471","2C36DFCC8F2CC0059BE005096EB0690008A1381530CB962A9875F0D0AB612F61"
"output\build\unit-preview-audit\legacy-160\10.png","471","2C36DFCC8F2CC0059BE005096EB0690008A1381530CB962A9875F0D0AB612F61"
"output\build\unit-preview-audit\legacy-160\11.png","471","2C36DFCC8F2CC0059BE005096EB0690008A1381530CB962A9875F0D0AB612F61"
"output\build\unit-preview-audit\legacy-160\12.png","471","2C36DFCC8F2CC0059BE005096EB0690008A1381530CB962A9875F0D0AB612F61"
"output\build\unit-preview-audit\legacy-160\13.png","471","2C36DFCC8F2CC0059BE005096EB0690008A1381530CB962A9875F0D0AB612F61"
"output\build\unit-preview-audit\legacy-160\14.png","9467","E4E154DF8F4C8B7E48FAE4ECC577D44FBD68F9B825C83BC3216627CCFDD0BF84"
"output\build\unit-preview-audit\legacy-160\15.png","9467","E4E154DF8F4C8B7E48FAE4ECC577D44FBD68F9B825C83BC3216627CCFDD0BF84"
"output\build\unit-preview-audit\legacy-160\16.png","9467","E4E154DF8F4C8B7E48FAE4ECC577D44FBD68F9B825C83BC3216627CCFDD0BF84"
"output\build\unit-preview-audit\legacy-160\17.png","8574","0DC44D99865D8919F3351FB79925B461C2C3CDC5B5E7E62FD532596BC64544E6"
"output\build\unit-preview-audit\legacy-160\18.png","9175","0A4317B4DB9462779954860CA378CA8E8F0871675F4B6F3298D75B9638D91912"
"output\build\unit-preview-audit\legacy-160\19.png","9175","0A4317B4DB9462779954860CA378CA8E8F0871675F4B6F3298D75B9638D91912"
"output\build\unit-preview-audit\legacy-160\1A.png","9175","0A4317B4DB9462779954860CA378CA8E8F0871675F4B6F3298D75B9638D91912"
"output\build\unit-preview-audit\legacy-160\1B.png","9175","0A4317B4DB9462779954860CA378CA8E8F0871675F4B6F3298D75B9638D91912"
"output\build\unit-preview-audit\legacy-160\1C.png","5788","054CACC9B2CA0A33DF60F395DAA5558273098B7979DC083F038E35C4A4808D39"
"output\build\unit-preview-audit\legacy-160\1D.png","5788","054CACC9B2CA0A33DF60F395DAA5558273098B7979DC083F038E35C4A4808D39"
"output\build\unit-preview-audit\legacy-160\1E.png","8824","E601605E0D9DA3524F1DEADB7B8C9345D904361B9129915C1417FCC47E7AE765"
"output\build\unit-preview-audit\legacy-160\1F.png","8824","E601605E0D9DA3524F1DEADB7B8C9345D904361B9129915C1417FCC47E7AE765"
"output\build\unit-preview-audit\legacy-160\20.png","8824","E601605E0D9DA3524F1DEADB7B8C9345D904361B9129915C1417FCC47E7AE765"
"output\build\unit-preview-audit\legacy-160\21.png","13376","BC494B615B8C366CC11FDC02245E6C61B1D973C6E73377B41A0726ABC03F47CA"
"output\build\unit-preview-audit\legacy-160\22.png","11298","D0DBF8F5CBD27DB437AC36B9674049657CB36C7447559892E2779E8FA44874BD"
"output\build\unit-preview-audit\legacy-160\23.png","11520","22B61CD83AA518248C7B2E17BCB8F5AED47927599E97B84B04DD936F7A6A37C1"
"output\build\unit-preview-audit\legacy-160\24.png","11780","C9ED7695D25EC7CD12828A3AB8D4B4BF52311BB5C15C7843FF429B9DF8CB543B"
"output\build\unit-preview-audit\legacy-160\25.png","8338","A3ACAD28540E6E341389E17F50DA66E1CE4FBDFCEE60F1D4F509B58678129D02"
"output\build\unit-preview-audit\legacy-160\26.png","8338","A3ACAD28540E6E341389E17F50DA66E1CE4FBDFCEE60F1D4F509B58678129D02"
"output\build\unit-preview-audit\legacy-160\27.png","8338","A3ACAD28540E6E341389E17F50DA66E1CE4FBDFCEE60F1D4F509B58678129D02"
"output\build\unit-preview-audit\legacy-160\28.png","8338","A3ACAD28540E6E341389E17F50DA66E1CE4FBDFCEE60F1D4F509B58678129D02"
"output\build\unit-preview-audit\legacy-160\29.png","471","2C36DFCC8F2CC0059BE005096EB0690008A1381530CB962A9875F0D0AB612F61"
"output\build\unit-preview-audit\legacy-160\2A.png","471","2C36DFCC8F2CC0059BE005096EB0690008A1381530CB962A9875F0D0AB612F61"
"output\build\unit-preview-audit\legacy-160\2B.png","471","2C36DFCC8F2CC0059BE005096EB0690008A1381530CB962A9875F0D0AB612F61"
"output\build\unit-preview-audit\legacy-160\2C.png","471","2C36DFCC8F2CC0059BE005096EB0690008A1381530CB962A9875F0D0AB612F61"
"output\build\unit-preview-audit\legacy-160\2D.png","471","2C36DFCC8F2CC0059BE005096EB0690008A1381530CB962A9875F0D0AB612F61"
"output\build\unit-preview-audit\legacy-160\2E.png","471","2C36DFCC8F2CC0059BE005096EB0690008A1381530CB962A9875F0D0AB612F61"
"output\build\unit-preview-audit\legacy-160\2F.png","471","2C36DFCC8F2CC0059BE005096EB0690008A1381530CB962A9875F0D0AB612F61"
"output\build\unit-preview-audit\legacy-160\30.png","471","2C36DFCC8F2CC0059BE005096EB0690008A1381530CB962A9875F0D0AB612F61"
"output\build\unit-preview-audit\legacy-160\31.png","471","2C36DFCC8F2CC0059BE005096EB0690008A1381530CB962A9875F0D0AB612F61"
"output\build\unit-preview-audit\legacy-160\32.png","471","2C36DFCC8F2CC0059BE005096EB0690008A1381530CB962A9875F0D0AB612F61"
"output\build\unit-preview-audit\legacy-160\33.png","471","2C36DFCC8F2CC0059BE005096EB0690008A1381530CB962A9875F0D0AB612F61"
"output\build\unit-preview-audit\legacy-160\34.png","471","2C36DFCC8F2CC0059BE005096EB0690008A1381530CB962A9875F0D0AB612F61"
"output\build\unit-preview-audit\legacy-160\35.png","471","2C36DFCC8F2CC0059BE005096EB0690008A1381530CB962A9875F0D0AB612F61"
"output\build\unit-preview-audit\legacy-160\36.png","471","2C36DFCC8F2CC0059BE005096EB0690008A1381530CB962A9875F0D0AB612F61"
"output\build\unit-preview-audit\legacy-160\37.png","471","2C36DFCC8F2CC0059BE005096EB0690008A1381530CB962A9875F0D0AB612F61"
"output\build\unit-preview-audit\legacy-160\38.png","471","2C36DFCC8F2CC0059BE005096EB0690008A1381530CB962A9875F0D0AB612F61"
"output\build\unit-preview-audit\legacy-160\39.png","471","2C36DFCC8F2CC0059BE005096EB0690008A1381530CB962A9875F0D0AB612F61"
"output\build\unit-preview-audit\legacy-160\3A.png","471","2C36DFCC8F2CC0059BE005096EB0690008A1381530CB962A9875F0D0AB612F61"
"output\build\unit-preview-audit\legacy-160\3B.png","471","2C36DFCC8F2CC0059BE005096EB0690008A1381530CB962A9875F0D0AB612F61"
"output\build\unit-preview-audit\legacy-160\3C.png","471","2C36DFCC8F2CC0059BE005096EB0690008A1381530CB962A9875F0D0AB612F61"
"output\build\unit-preview-audit\legacy-160\3D.png","471","2C36DFCC8F2CC0059BE005096EB0690008A1381530CB962A9875F0D0AB612F61"
"output\build\unit-preview-audit\legacy-160\3E.png","471","2C36DFCC8F2CC0059BE005096EB0690008A1381530CB962A9875F0D0AB612F61"
"output\build\unit-preview-audit\legacy-160\3F.png","471","2C36DFCC8F2CC0059BE005096EB0690008A1381530CB962A9875F0D0AB612F61"
"output\build\unit-preview-audit\legacy-160\40.png","471","2C36DFCC8F2CC0059BE005096EB0690008A1381530CB962A9875F0D0AB612F61"
"output\build\unit-preview-audit\legacy-160\41.png","471","2C36DFCC8F2CC0059BE005096EB0690008A1381530CB962A9875F0D0AB612F61"
"output\build\unit-preview-audit\legacy-160\42.png","471","2C36DFCC8F2CC0059BE005096EB0690008A1381530CB962A9875F0D0AB612F61"
"output\build\unit-preview-audit\legacy-160\43.png","471","2C36DFCC8F2CC0059BE005096EB0690008A1381530CB962A9875F0D0AB612F61"
"output\build\unit-preview-audit\legacy-160\44.png","471","2C36DFCC8F2CC0059BE005096EB0690008A1381530CB962A9875F0D0AB612F61"
"output\build\unit-preview-audit\legacy-160\45.png","471","2C36DFCC8F2CC0059BE005096EB0690008A1381530CB962A9875F0D0AB612F61"
"output\build\unit-preview-audit\legacy-160\46.png","471","2C36DFCC8F2CC0059BE005096EB0690008A1381530CB962A9875F0D0AB612F61"
"output\build\unit-preview-audit\legacy-160\47.png","471","2C36DFCC8F2CC0059BE005096EB0690008A1381530CB962A9875F0D0AB612F61"
"output\build\unit-preview-audit\legacy-160\48.png","471","2C36DFCC8F2CC0059BE005096EB0690008A1381530CB962A9875F0D0AB612F61"
"output\build\unit-preview-audit\legacy-160\49.png","471","2C36DFCC8F2CC0059BE005096EB0690008A1381530CB962A9875F0D0AB612F61"
"output\build\unit-preview-audit\legacy-160\4A.png","471","2C36DFCC8F2CC0059BE005096EB0690008A1381530CB962A9875F0D0AB612F61"
"output\build\unit-preview-audit\legacy-160\4B.png","471","2C36DFCC8F2CC0059BE005096EB0690008A1381530CB962A9875F0D0AB612F61"
"output\build\unit-preview-audit\legacy-160\4C.png","471","2C36DFCC8F2CC0059BE005096EB0690008A1381530CB962A9875F0D0AB612F61"
"output\build\unit-preview-audit\legacy-160\4D.png","471","2C36DFCC8F2CC0059BE005096EB0690008A1381530CB962A9875F0D0AB612F61"
"output\build\unit-preview-audit\legacy-160\4E.png","471","2C36DFCC8F2CC0059BE005096EB0690008A1381530CB962A9875F0D0AB612F61"
"output\build\unit-preview-audit\legacy-160\4F.png","471","2C36DFCC8F2CC0059BE005096EB0690008A1381530CB962A9875F0D0AB612F61"
"output\build\unit-preview-audit\legacy-160\50.png","471","2C36DFCC8F2CC0059BE005096EB0690008A1381530CB962A9875F0D0AB612F61"
"output\build\unit-preview-audit\legacy-160\51.png","471","2C36DFCC8F2CC0059BE005096EB0690008A1381530CB962A9875F0D0AB612F61"
"output\build\unit-preview-audit\legacy-160\52.png","471","2C36DFCC8F2CC0059BE005096EB0690008A1381530CB962A9875F0D0AB612F61"
"output\build\unit-preview-audit\legacy-160\53.png","471","2C36DFCC8F2CC0059BE005096EB0690008A1381530CB962A9875F0D0AB612F61"
"output\build\unit-preview-audit\legacy-160\54.png","471","2C36DFCC8F2CC0059BE005096EB0690008A1381530CB962A9875F0D0AB612F61"
"output\build\unit-preview-audit\legacy-160\55.png","471","2C36DFCC8F2CC0059BE005096EB0690008A1381530CB962A9875F0D0AB612F61"
"output\build\unit-preview-audit\legacy-160\56.png","471","2C36DFCC8F2CC0059BE005096EB0690008A1381530CB962A9875F0D0AB612F61"
"output\build\unit-preview-audit\legacy-160\57.png","7214","7DA6549D5DD9FF4F2984929F3D838A95FDCBBB8F32B67A8CBF262325FDA8CAC3"
"output\build\unit-preview-audit\legacy-160\58.png","7214","7DA6549D5DD9FF4F2984929F3D838A95FDCBBB8F32B67A8CBF262325FDA8CAC3"
"output\build\unit-preview-audit\legacy-160\59.png","7367","BE863B227A4CEFC336077286946825D236CCD568D910B9CDC5F87F91EB0A4B42"
"output\build\unit-preview-audit\legacy-160\5A.png","11444","C6E5EC5F3852CAC758B0AE4646468C28F08CD256E0C98A05C9429D9F514EAA6B"
"output\build\unit-preview-audit\legacy-160\5B.png","11444","C6E5EC5F3852CAC758B0AE4646468C28F08CD256E0C98A05C9429D9F514EAA6B"
"output\build\unit-preview-audit\legacy-160\5C.png","11444","C6E5EC5F3852CAC758B0AE4646468C28F08CD256E0C98A05C9429D9F514EAA6B"
"output\build\unit-preview-audit\legacy-160\5D.png","11444","C6E5EC5F3852CAC758B0AE4646468C28F08CD256E0C98A05C9429D9F514EAA6B"
"output\build\unit-preview-audit\legacy-160\5E.png","11444","C6E5EC5F3852CAC758B0AE4646468C28F08CD256E0C98A05C9429D9F514EAA6B"
"output\build\unit-preview-audit\legacy-160\5F.png","11444","C6E5EC5F3852CAC758B0AE4646468C28F08CD256E0C98A05C9429D9F514EAA6B"
"output\build\unit-preview-audit\legacy-160\60.png","5977","9A56196294C2B8A79860DEB0E43365371F910052193D826FAE335A1BCFB3D8FC"
"output\build\unit-preview-audit\legacy-160\61.png","8961","044FE8F056F4D838237F85319DB36BB998B932E346B6E84FDF5A845F6095F871"
"output\build\unit-preview-audit\legacy-160\62.png","8961","044FE8F056F4D838237F85319DB36BB998B932E346B6E84FDF5A845F6095F871"
"output\build\unit-preview-audit\legacy-160\63.png","471","2C36DFCC8F2CC0059BE005096EB0690008A1381530CB962A9875F0D0AB612F61"
"output\build\unit-preview-audit\legacy-160\64.png","471","2C36DFCC8F2CC0059BE005096EB0690008A1381530CB962A9875F0D0AB612F61"
"output\build\unit-preview-audit\legacy-160\65.png","11770","EE1CBF2DFC83199566044BFF24D5A292DB1FD6ECDB4EED619F73E301A430C895"
"output\build\unit-preview-audit\legacy-160\66.png","11868","FE2638684BD6EA515084F34C721C73D93CEAC56482238FF34421C6983C0A7310"
"output\build\unit-preview-audit\legacy-160\67.png","9744","63CFD33D250D2874DCAF71DDCDAB2B67A3678F7A125847E29CCE4A7459DFB0A3"
"output\build\unit-preview-audit\legacy-160\68.png","9721","DEACFA4B42D1B47053355D8534C09A8A02DE348424FA169D5BD556E15E461868"
"output\build\unit-preview-audit\legacy-160\69.png","5951","98C21B5464AD5AF649A43513316052B63CF938D9BE17835BCF8191109112A11B"
"output\build\unit-preview-audit\legacy-160\6A.png","5951","98C21B5464AD5AF649A43513316052B63CF938D9BE17835BCF8191109112A11B"
"output\build\unit-preview-audit\legacy-160\6B.png","5951","98C21B5464AD5AF649A43513316052B63CF938D9BE17835BCF8191109112A11B"
"output\build\unit-preview-audit\legacy-160\6C.png","5951","98C21B5464AD5AF649A43513316052B63CF938D9BE17835BCF8191109112A11B"
"output\build\unit-preview-audit\legacy-160\6D.png","5951","98C21B5464AD5AF649A43513316052B63CF938D9BE17835BCF8191109112A11B"
"output\build\unit-preview-audit\legacy-160\6E.png","7663","C6680F914714F87BB89FC464661D77587AA0DE45D3F44DA421F7DA502B740911"
"output\build\unit-preview-audit\legacy-160\6F.png","7663","C6680F914714F87BB89FC464661D77587AA0DE45D3F44DA421F7DA502B740911"
"output\build\unit-preview-audit\legacy-160\70.png","8734","93849E19B29763D797A49FADB8D636E1708F8DB03DF66D3FC69DE4441159AB90"
"output\build\unit-preview-audit\legacy-160\71.png","7214","7DA6549D5DD9FF4F2984929F3D838A95FDCBBB8F32B67A8CBF262325FDA8CAC3"
"output\build\unit-preview-audit\legacy-160\72.png","7214","7DA6549D5DD9FF4F2984929F3D838A95FDCBBB8F32B67A8CBF262325FDA8CAC3"
"output\build\unit-preview-audit\legacy-160\73.png","7214","7DA6549D5DD9FF4F2984929F3D838A95FDCBBB8F32B67A8CBF262325FDA8CAC3"
"output\build\unit-preview-audit\legacy-160\74.png","7214","7DA6549D5DD9FF4F2984929F3D838A95FDCBBB8F32B67A8CBF262325FDA8CAC3"
"output\build\unit-preview-audit\legacy-160\75.png","7214","7DA6549D5DD9FF4F2984929F3D838A95FDCBBB8F32B67A8CBF262325FDA8CAC3"
"output\build\unit-preview-audit\legacy-160\76.png","7214","7DA6549D5DD9FF4F2984929F3D838A95FDCBBB8F32B67A8CBF262325FDA8CAC3"
"output\build\unit-preview-audit\legacy-160\77.png","7214","7DA6549D5DD9FF4F2984929F3D838A95FDCBBB8F32B67A8CBF262325FDA8CAC3"
"output\build\unit-preview-audit\legacy-160\78.png","7214","7DA6549D5DD9FF4F2984929F3D838A95FDCBBB8F32B67A8CBF262325FDA8CAC3"
"output\build\unit-preview-audit\legacy-160\79.png","7214","7DA6549D5DD9FF4F2984929F3D838A95FDCBBB8F32B67A8CBF262325FDA8CAC3"
"output\build\unit-preview-audit\legacy-160\7A.png","9818","87C8CFC58D2DE6B6163AD72FEE554068214E4F3558D83BD262FA3D8129EC33D8"
"output\build\unit-preview-audit\legacy-160\7B.png","9818","87C8CFC58D2DE6B6163AD72FEE554068214E4F3558D83BD262FA3D8129EC33D8"
"output\build\unit-preview-audit\legacy-160\7C.png","9818","87C8CFC58D2DE6B6163AD72FEE554068214E4F3558D83BD262FA3D8129EC33D8"
"output\build\unit-preview-audit\legacy-160\7D.png","9818","87C8CFC58D2DE6B6163AD72FEE554068214E4F3558D83BD262FA3D8129EC33D8"
"output\build\unit-preview-audit\legacy-160\7E.png","9818","87C8CFC58D2DE6B6163AD72FEE554068214E4F3558D83BD262FA3D8129EC33D8"
"output\build\unit-preview-audit\legacy-160\7F.png","9818","87C8CFC58D2DE6B6163AD72FEE554068214E4F3558D83BD262FA3D8129EC33D8"
"output\build\unit-preview-audit\legacy-160\80.png","9818","87C8CFC58D2DE6B6163AD72FEE554068214E4F3558D83BD262FA3D8129EC33D8"
"output\build\unit-preview-audit\legacy-160\81.png","9818","87C8CFC58D2DE6B6163AD72FEE554068214E4F3558D83BD262FA3D8129EC33D8"
"output\build\unit-preview-audit\legacy-160\82.png","10479","A8D3160BF5CBDC0605EA2ADA4ED84AE7A1B33708404F7664CB67670A6559A1EE"
"output\build\unit-preview-audit\legacy-160\83.png","471","2C36DFCC8F2CC0059BE005096EB0690008A1381530CB962A9875F0D0AB612F61"
"output\build\unit-preview-audit\legacy-160\84.png","471","2C36DFCC8F2CC0059BE005096EB0690008A1381530CB962A9875F0D0AB612F61"
"output\build\unit-preview-audit\legacy-160\85.png","471","2C36DFCC8F2CC0059BE005096EB0690008A1381530CB962A9875F0D0AB612F61"
"output\build\unit-preview-audit\legacy-160\86.png","471","2C36DFCC8F2CC0059BE005096EB0690008A1381530CB962A9875F0D0AB612F61"
"output\build\unit-preview-audit\legacy-160\87.png","9818","87C8CFC58D2DE6B6163AD72FEE554068214E4F3558D83BD262FA3D8129EC33D8"
"output\build\unit-preview-audit\legacy-160\88.png","12355","8A6A5F1F834F7A7B416188A26288C04BE2697CAF6356C0A56A792D5526D61913"
"output\build\unit-preview-audit\legacy-160\89.png","9744","63CFD33D250D2874DCAF71DDCDAB2B67A3678F7A125847E29CCE4A7459DFB0A3"
"output\build\unit-preview-audit\legacy-160\8A.png","471","2C36DFCC8F2CC0059BE005096EB0690008A1381530CB962A9875F0D0AB612F61"
"output\build\unit-preview-audit\legacy-160\8B.png","471","2C36DFCC8F2CC0059BE005096EB0690008A1381530CB962A9875F0D0AB612F61"
"output\build\unit-preview-audit\legacy-160\8C.png","471","2C36DFCC8F2CC0059BE005096EB0690008A1381530CB962A9875F0D0AB612F61"
"output\build\unit-preview-audit\legacy-160\8D.png","11983","E787D15E306CECC5E4B14F67BCAB5E0D05D720222CDD8D29D654AC1792003984"
"output\build\unit-preview-audit\legacy-160\8E.png","11983","E787D15E306CECC5E4B14F67BCAB5E0D05D720222CDD8D29D654AC1792003984"
"output\build\unit-preview-audit\legacy-160\8F.png","11983","E787D15E306CECC5E4B14F67BCAB5E0D05D720222CDD8D29D654AC1792003984"
"output\build\unit-preview-audit\legacy-160\90.png","471","2C36DFCC8F2CC0059BE005096EB0690008A1381530CB962A9875F0D0AB612F61"
"output\build\unit-preview-audit\legacy-160\91.png","8895","82AE7BD8D7CCAD66185B093DBA840E053C86634F2E110939F2158B3561111248"
"output\build\unit-preview-audit\legacy-160\92.png","471","2C36DFCC8F2CC0059BE005096EB0690008A1381530CB962A9875F0D0AB612F61"
"output\build\unit-preview-audit\legacy-160\93.png","471","2C36DFCC8F2CC0059BE005096EB0690008A1381530CB962A9875F0D0AB612F61"
"output\build\unit-preview-audit\legacy-160\94.png","471","2C36DFCC8F2CC0059BE005096EB0690008A1381530CB962A9875F0D0AB612F61"
"output\build\unit-preview-audit\legacy-160\95.png","9738","D19AB3688D81647276DE822F709BDC821A52A7BEE4D19B0EF24F840B7B1B021E"
"output\build\unit-preview-audit\legacy-160\96.png","9238","766DDDD497B5C4840E58E3BF361499B04DE8CDEAAB63B3D6B51E4263E1EE8093"
"output\build\unit-preview-audit\legacy-160\97.png","9238","766DDDD497B5C4840E58E3BF361499B04DE8CDEAAB63B3D6B51E4263E1EE8093"
"output\build\unit-preview-audit\legacy-160\98.png","9238","766DDDD497B5C4840E58E3BF361499B04DE8CDEAAB63B3D6B51E4263E1EE8093"
"output\build\unit-preview-audit\legacy-160\99.png","9238","766DDDD497B5C4840E58E3BF361499B04DE8CDEAAB63B3D6B51E4263E1EE8093"
"output\build\unit-preview-audit\legacy-160\9A.png","9238","766DDDD497B5C4840E58E3BF361499B04DE8CDEAAB63B3D6B51E4263E1EE8093"
"output\build\unit-preview-audit\legacy-160\9B.png","9238","766DDDD497B5C4840E58E3BF361499B04DE8CDEAAB63B3D6B51E4263E1EE8093"
"output\build\unit-preview-audit\legacy-160\9C.png","471","2C36DFCC8F2CC0059BE005096EB0690008A1381530CB962A9875F0D0AB612F61"
"output\build\unit-preview-audit\legacy-160\9D.png","471","2C36DFCC8F2CC0059BE005096EB0690008A1381530CB962A9875F0D0AB612F61"
"output\build\unit-preview-audit\legacy-160\9E.png","471","2C36DFCC8F2CC0059BE005096EB0690008A1381530CB962A9875F0D0AB612F61"
"output\build\unit-preview-audit\legacy-160\9F.png","471","2C36DFCC8F2CC0059BE005096EB0690008A1381530CB962A9875F0D0AB612F61"
"output\build\unit-preview-audit\legacy-160\A0.png","471","2C36DFCC8F2CC0059BE005096EB0690008A1381530CB962A9875F0D0AB612F61"
"output\build\unit-preview-audit\legacy-160\A1.png","471","2C36DFCC8F2CC0059BE005096EB0690008A1381530CB962A9875F0D0AB612F61"
"output\build\unit-preview-audit\legacy-160\A2.png","471","2C36DFCC8F2CC0059BE005096EB0690008A1381530CB962A9875F0D0AB612F61"
"output\build\unit-preview-audit\legacy-160\A3.png","12006","A6E8AC73D06472EAFCD6C6B315B997D742ED37A0B9707DB59B837BC608A03E60"
"output\build\unit-preview-audit\legacy-160\A4.png","12006","A6E8AC73D06472EAFCD6C6B315B997D742ED37A0B9707DB59B837BC608A03E60"
"output\build\unit-preview-audit\legacy-160\A5.png","12006","A6E8AC73D06472EAFCD6C6B315B997D742ED37A0B9707DB59B837BC608A03E60"
"output\build\unit-preview-audit\legacy-160\A6.png","8277","55EBFEEB73AC9F31EFA47F5B7E83FADFBAB3D335865239A75BC87E89172F3B0D"
"output\build\unit-preview-audit\legacy-160\A7.png","8277","55EBFEEB73AC9F31EFA47F5B7E83FADFBAB3D335865239A75BC87E89172F3B0D"
"output\build\unit-preview-audit\legacy-160\A8.png","8517","FED4366A210499FFFA007897C6E1E1CDF28AFB9DD29133A322CE4F189D54C587"
"output\build\unit-preview-audit\legacy-160\A9.png","8277","55EBFEEB73AC9F31EFA47F5B7E83FADFBAB3D335865239A75BC87E89172F3B0D"
"output\build\unit-preview-audit\legacy-160\AA.png","471","2C36DFCC8F2CC0059BE005096EB0690008A1381530CB962A9875F0D0AB612F61"
"output\build\unit-preview-audit\legacy-160\AB.png","471","2C36DFCC8F2CC0059BE005096EB0690008A1381530CB962A9875F0D0AB612F61"
"output\build\unit-preview-audit\legacy-160\AC.png","471","2C36DFCC8F2CC0059BE005096EB0690008A1381530CB962A9875F0D0AB612F61"
"output\build\unit-preview-audit\legacy-160\AD.png","471","2C36DFCC8F2CC0059BE005096EB0690008A1381530CB962A9875F0D0AB612F61"
"output\build\unit-preview-audit\legacy-160\AE.png","471","2C36DFCC8F2CC0059BE005096EB0690008A1381530CB962A9875F0D0AB612F61"
"output\build\unit-preview-audit\legacy-160\AF.png","471","2C36DFCC8F2CC0059BE005096EB0690008A1381530CB962A9875F0D0AB612F61"
"output\build\unit-preview-audit\legacy-160\B0.png","471","2C36DFCC8F2CC0059BE005096EB0690008A1381530CB962A9875F0D0AB612F61"
"output\build\unit-preview-audit\legacy-160\B1.png","471","2C36DFCC8F2CC0059BE005096EB0690008A1381530CB962A9875F0D0AB612F61"
"output\build\unit-preview-audit\legacy-160\B2.png","8982","69B5E4EFD27D65DA805FD31F59C29EE62F095D71DA34B4D3C6EE2907C242BFC1"
"output\build\unit-preview-audit\legacy-160\B3.png","8932","4D2681E6C8968AD439989327224C6C0F15846F19748956607B99CF1DDC168080"
"output\build\unit-preview-audit\legacy-160\B4.png","12973","300D9590729BBDB0FFF9E1EBDDFDECEF9D53C452B87C271B53C65FBF70D02620"
"output\build\unit-preview-audit\legacy-160\B5.png","12736","6B2BD03CC2D9EF3B9B4B99682E1CE53E5FC2126DA3B9435F4E822383F10608D7"
"output\build\unit-preview-audit\legacy-160\B6.png","12736","6B2BD03CC2D9EF3B9B4B99682E1CE53E5FC2126DA3B9435F4E822383F10608D7"
"output\build\unit-preview-audit\legacy-160\B7.png","12736","6B2BD03CC2D9EF3B9B4B99682E1CE53E5FC2126DA3B9435F4E822383F10608D7"
"output\build\unit-preview-audit\legacy-160\B8.png","11862","D9C98CF0B1C3F1D75A84362C5F81D0F2C8A827C4240BE36217875E82FA302321"
"output\build\unit-preview-audit\legacy-160\B9.png","9738","D19AB3688D81647276DE822F709BDC821A52A7BEE4D19B0EF24F840B7B1B021E"
"output\build\unit-preview-audit\legacy-160\BA.png","9238","766DDDD497B5C4840E58E3BF361499B04DE8CDEAAB63B3D6B51E4263E1EE8093"
"output\build\unit-preview-audit\legacy-160\BB.png","9238","766DDDD497B5C4840E58E3BF361499B04DE8CDEAAB63B3D6B51E4263E1EE8093"
"output\build\unit-preview-audit\legacy-160\BC.png","9238","766DDDD497B5C4840E58E3BF361499B04DE8CDEAAB63B3D6B51E4263E1EE8093"
"output\build\unit-preview-audit\legacy-160\BD.png","9238","766DDDD497B5C4840E58E3BF361499B04DE8CDEAAB63B3D6B51E4263E1EE8093"
"output\build\unit-preview-audit\legacy-160\BE.png","9238","766DDDD497B5C4840E58E3BF361499B04DE8CDEAAB63B3D6B51E4263E1EE8093"
"output\build\unit-preview-audit\legacy-160\BF.png","9238","766DDDD497B5C4840E58E3BF361499B04DE8CDEAAB63B3D6B51E4263E1EE8093"
"output\build\unit-preview-audit\legacy-160\C0.png","9238","766DDDD497B5C4840E58E3BF361499B04DE8CDEAAB63B3D6B51E4263E1EE8093"
"output\build\unit-preview-audit\legacy-160\C1.png","16282","5CFE9CD2F0B3DC4A18295C4C04D3E5615FF0086565AD4A71AD80D823030156E0"
"output\build\unit-preview-audit\legacy-160\C2.png","16282","5CFE9CD2F0B3DC4A18295C4C04D3E5615FF0086565AD4A71AD80D823030156E0"
"output\build\unit-preview-audit\legacy-160\C3.png","16282","5CFE9CD2F0B3DC4A18295C4C04D3E5615FF0086565AD4A71AD80D823030156E0"
"output\build\unit-preview-audit\legacy-160\C4.png","16282","5CFE9CD2F0B3DC4A18295C4C04D3E5615FF0086565AD4A71AD80D823030156E0"
"output\build\unit-preview-audit\legacy-160\C5.png","16282","5CFE9CD2F0B3DC4A18295C4C04D3E5615FF0086565AD4A71AD80D823030156E0"
"output\build\unit-preview-audit\legacy-160\C6.png","471","2C36DFCC8F2CC0059BE005096EB0690008A1381530CB962A9875F0D0AB612F61"
"output\build\unit-preview-audit\legacy-160\C7.png","471","2C36DFCC8F2CC0059BE005096EB0690008A1381530CB962A9875F0D0AB612F61"
"output\build\unit-preview-audit\legacy-160\C8.png","471","2C36DFCC8F2CC0059BE005096EB0690008A1381530CB962A9875F0D0AB612F61"
"output\build\unit-preview-audit\legacy-160\C9.png","471","2C36DFCC8F2CC0059BE005096EB0690008A1381530CB962A9875F0D0AB612F61"
"output\build\unit-preview-audit\legacy-160\CA.png","471","2C36DFCC8F2CC0059BE005096EB0690008A1381530CB962A9875F0D0AB612F61"
"output\build\unit-preview-audit\legacy-160\CB.png","471","2C36DFCC8F2CC0059BE005096EB0690008A1381530CB962A9875F0D0AB612F61"
"output\build\unit-preview-audit\legacy-160\CC.png","471","2C36DFCC8F2CC0059BE005096EB0690008A1381530CB962A9875F0D0AB612F61"
"output\build\unit-preview-audit\legacy-160\CD.png","471","2C36DFCC8F2CC0059BE005096EB0690008A1381530CB962A9875F0D0AB612F61"
"output\build\unit-preview-audit\legacy-160\CE.png","471","2C36DFCC8F2CC0059BE005096EB0690008A1381530CB962A9875F0D0AB612F61"
"output\build\unit-preview-audit\legacy-160\CF.png","471","2C36DFCC8F2CC0059BE005096EB0690008A1381530CB962A9875F0D0AB612F61"
"output\build\unit-preview-audit\legacy-160\D0.png","471","2C36DFCC8F2CC0059BE005096EB0690008A1381530CB962A9875F0D0AB612F61"
"output\build\unit-preview-audit\legacy-160\D1.png","471","2C36DFCC8F2CC0059BE005096EB0690008A1381530CB962A9875F0D0AB612F61"
"output\build\unit-preview-audit\legacy-160\D2.png","471","2C36DFCC8F2CC0059BE005096EB0690008A1381530CB962A9875F0D0AB612F61"
"output\build\unit-preview-audit\legacy-160\D3.png","471","2C36DFCC8F2CC0059BE005096EB0690008A1381530CB962A9875F0D0AB612F61"
"output\build\unit-preview-audit\legacy-160\D4.png","471","2C36DFCC8F2CC0059BE005096EB0690008A1381530CB962A9875F0D0AB612F61"
"output\build\unit-preview-audit\legacy-160\D5.png","471","2C36DFCC8F2CC0059BE005096EB0690008A1381530CB962A9875F0D0AB612F61"
"output\build\unit-preview-audit\legacy-160\D6.png","471","2C36DFCC8F2CC0059BE005096EB0690008A1381530CB962A9875F0D0AB612F61"
"output\build\unit-preview-audit\legacy-160\D7.png","471","2C36DFCC8F2CC0059BE005096EB0690008A1381530CB962A9875F0D0AB612F61"
"output\build\unit-preview-audit\legacy-160\D8.png","471","2C36DFCC8F2CC0059BE005096EB0690008A1381530CB962A9875F0D0AB612F61"
"output\build\unit-preview-audit\legacy-160\D9.png","471","2C36DFCC8F2CC0059BE005096EB0690008A1381530CB962A9875F0D0AB612F61"
"output\build\unit-preview-audit\legacy-160\DA.png","471","2C36DFCC8F2CC0059BE005096EB0690008A1381530CB962A9875F0D0AB612F61"
"output\build\unit-preview-audit\legacy-160\DB.png","471","2C36DFCC8F2CC0059BE005096EB0690008A1381530CB962A9875F0D0AB612F61"
"output\build\unit-preview-audit\legacy-160\DC.png","471","2C36DFCC8F2CC0059BE005096EB0690008A1381530CB962A9875F0D0AB612F61"
"output\build\unit-preview-audit\legacy-160\DD.png","471","2C36DFCC8F2CC0059BE005096EB0690008A1381530CB962A9875F0D0AB612F61"
"output\build\unit-preview-audit\legacy-160\DE.png","471","2C36DFCC8F2CC0059BE005096EB0690008A1381530CB962A9875F0D0AB612F61"
"output\build\unit-preview-audit\legacy-160\DF.png","471","2C36DFCC8F2CC0059BE005096EB0690008A1381530CB962A9875F0D0AB612F61"
"output\build\unit-preview-audit\legacy-160\E0.png","471","2C36DFCC8F2CC0059BE005096EB0690008A1381530CB962A9875F0D0AB612F61"
"output\build\unit-preview-audit\legacy-160\E1.png","471","2C36DFCC8F2CC0059BE005096EB0690008A1381530CB962A9875F0D0AB612F61"
"output\build\unit-preview-audit\legacy-160\E2.png","471","2C36DFCC8F2CC0059BE005096EB0690008A1381530CB962A9875F0D0AB612F61"
"output\build\unit-preview-audit\legacy-160\E3.png","471","2C36DFCC8F2CC0059BE005096EB0690008A1381530CB962A9875F0D0AB612F61"
"output\build\unit-preview-audit\legacy-160\E4.png","471","2C36DFCC8F2CC0059BE005096EB0690008A1381530CB962A9875F0D0AB612F61"
"output\build\unit-preview-audit\legacy-160\E5.png","471","2C36DFCC8F2CC0059BE005096EB0690008A1381530CB962A9875F0D0AB612F61"
"output\build\unit-preview-audit\legacy-160\E6.png","471","2C36DFCC8F2CC0059BE005096EB0690008A1381530CB962A9875F0D0AB612F61"
"output\build\unit-preview-audit\legacy-160\E7.png","471","2C36DFCC8F2CC0059BE005096EB0690008A1381530CB962A9875F0D0AB612F61"
"output\build\unit-preview-audit\legacy-160\E8.png","471","2C36DFCC8F2CC0059BE005096EB0690008A1381530CB962A9875F0D0AB612F61"
"output\build\unit-preview-audit\legacy-160\E9.png","471","2C36DFCC8F2CC0059BE005096EB0690008A1381530CB962A9875F0D0AB612F61"
"output\build\unit-preview-audit\legacy-160\EA.png","471","2C36DFCC8F2CC0059BE005096EB0690008A1381530CB962A9875F0D0AB612F61"
"output\build\unit-preview-audit\legacy-160\EB.png","471","2C36DFCC8F2CC0059BE005096EB0690008A1381530CB962A9875F0D0AB612F61"
"output\build\unit-preview-audit\legacy-160\EC.png","471","2C36DFCC8F2CC0059BE005096EB0690008A1381530CB962A9875F0D0AB612F61"
"output\build\unit-preview-audit\legacy-160\ED.png","471","2C36DFCC8F2CC0059BE005096EB0690008A1381530CB962A9875F0D0AB612F61"
"output\build\unit-preview-audit\legacy-160\EE.png","471","2C36DFCC8F2CC0059BE005096EB0690008A1381530CB962A9875F0D0AB612F61"
"output\build\unit-preview-audit\legacy-160\EF.png","471","2C36DFCC8F2CC0059BE005096EB0690008A1381530CB962A9875F0D0AB612F61"
"output\build\unit-preview-audit\legacy-160\F0.png","471","2C36DFCC8F2CC0059BE005096EB0690008A1381530CB962A9875F0D0AB612F61"
"output\build\unit-preview-audit\legacy-160\F1.png","471","2C36DFCC8F2CC0059BE005096EB0690008A1381530CB962A9875F0D0AB612F61"
"output\build\unit-preview-audit\legacy-160\F2.png","471","2C36DFCC8F2CC0059BE005096EB0690008A1381530CB962A9875F0D0AB612F61"
"output\build\unit-preview-audit\legacy-160\F3.png","471","2C36DFCC8F2CC0059BE005096EB0690008A1381530CB962A9875F0D0AB612F61"
"output\build\unit-preview-audit\legacy-160\F4.png","471","2C36DFCC8F2CC0059BE005096EB0690008A1381530CB962A9875F0D0AB612F61"
"output\build\unit-preview-audit\legacy-160\F5.png","471","2C36DFCC8F2CC0059BE005096EB0690008A1381530CB962A9875F0D0AB612F61"
"output\build\unit-preview-audit\legacy-160\F6.png","471","2C36DFCC8F2CC0059BE005096EB0690008A1381530CB962A9875F0D0AB612F61"
"output\build\unit-preview-audit\legacy-160\F7.png","471","2C36DFCC8F2CC0059BE005096EB0690008A1381530CB962A9875F0D0AB612F61"
"output\build\unit-preview-audit\legacy-160\F8.png","471","2C36DFCC8F2CC0059BE005096EB0690008A1381530CB962A9875F0D0AB612F61"
"output\build\unit-preview-audit\legacy-160\F9.png","471","2C36DFCC8F2CC0059BE005096EB0690008A1381530CB962A9875F0D0AB612F61"
"output\build\unit-preview-audit\legacy-160\FA.png","471","2C36DFCC8F2CC0059BE005096EB0690008A1381530CB962A9875F0D0AB612F61"
"output\build\unit-preview-audit\legacy-160\FB.png","471","2C36DFCC8F2CC0059BE005096EB0690008A1381530CB962A9875F0D0AB612F61"
"output\build\unit-preview-audit\legacy-160\FC.png","471","2C36DFCC8F2CC0059BE005096EB0690008A1381530CB962A9875F0D0AB612F61"
"output\build\unit-preview-audit\legacy-160\FD.png","471","2C36DFCC8F2CC0059BE005096EB0690008A1381530CB962A9875F0D0AB612F61"
"output\build\unit-preview-audit\legacy-160\FE.png","471","2C36DFCC8F2CC0059BE005096EB0690008A1381530CB962A9875F0D0AB612F61"
"output\build\unit-preview-audit\legacy-160\FF.png","471","2C36DFCC8F2CC0059BE005096EB0690008A1381530CB962A9875F0D0AB612F61"
"output\build\unit-preview-audit\legacy-320\01.png","1035","8510A52DFE553B8CFC58A68BE4D73A506E8FD1010E571C4C60B9DD462227E7C0"
"output\build\unit-preview-audit\legacy-320\02.png","1035","8510A52DFE553B8CFC58A68BE4D73A506E8FD1010E571C4C60B9DD462227E7C0"
"output\build\unit-preview-audit\legacy-320\03.png","1035","8510A52DFE553B8CFC58A68BE4D73A506E8FD1010E571C4C60B9DD462227E7C0"
"output\build\unit-preview-audit\legacy-320\04.png","1035","8510A52DFE553B8CFC58A68BE4D73A506E8FD1010E571C4C60B9DD462227E7C0"
"output\build\unit-preview-audit\legacy-320\05.png","1035","8510A52DFE553B8CFC58A68BE4D73A506E8FD1010E571C4C60B9DD462227E7C0"
"output\build\unit-preview-audit\legacy-320\06.png","1035","8510A52DFE553B8CFC58A68BE4D73A506E8FD1010E571C4C60B9DD462227E7C0"
"output\build\unit-preview-audit\legacy-320\07.png","1035","8510A52DFE553B8CFC58A68BE4D73A506E8FD1010E571C4C60B9DD462227E7C0"
"output\build\unit-preview-audit\legacy-320\08.png","1035","8510A52DFE553B8CFC58A68BE4D73A506E8FD1010E571C4C60B9DD462227E7C0"
"output\build\unit-preview-audit\legacy-320\09.png","18542","250C1A2E3760B782D44348C0628A34FC2177027EA6BB6C091F51B35AFED62919"
"output\build\unit-preview-audit\legacy-320\0A.png","18542","250C1A2E3760B782D44348C0628A34FC2177027EA6BB6C091F51B35AFED62919"
"output\build\unit-preview-audit\legacy-320\0B.png","24989","83ED8984D86119B01F97333721660CA0A9C880A69D4CD9C416C601D307652E35"
"output\build\unit-preview-audit\legacy-320\0C.png","24989","83ED8984D86119B01F97333721660CA0A9C880A69D4CD9C416C601D307652E35"
"output\build\unit-preview-audit\legacy-320\0D.png","21039","16DC32AAB97D80542D388B1929530620B641C81A44986B2D0B0D719D97A7D7F2"
"output\build\unit-preview-audit\legacy-320\0E.png","21039","16DC32AAB97D80542D388B1929530620B641C81A44986B2D0B0D719D97A7D7F2"
"output\build\unit-preview-audit\legacy-320\0F.png","21039","16DC32AAB97D80542D388B1929530620B641C81A44986B2D0B0D719D97A7D7F2"
"output\build\unit-preview-audit\legacy-320\10.png","13807","FEBF6EC0FEB182571061AA7BDA3874E5D8454D5232C59DB07EBF6EB3A73368EB"
"output\build\unit-preview-audit\legacy-320\11.png","18784","EDC942D600F4E0C5F95F8ADF7B8F108A970AF4FF26D23388738471D8A309193D"
"output\build\unit-preview-audit\legacy-320\12.png","18784","EDC942D600F4E0C5F95F8ADF7B8F108A970AF4FF26D23388738471D8A309193D"
"output\build\unit-preview-audit\legacy-320\13.png","13938","6D40EC942C4B7E6562F09B1920054CF1AB243E517331CBF1DBE8B7EAF5A9B92D"
"output\build\unit-preview-audit\legacy-320\14.png","13938","6D40EC942C4B7E6562F09B1920054CF1AB243E517331CBF1DBE8B7EAF5A9B92D"
"output\build\unit-preview-audit\legacy-320\15.png","12264","B6E5D61BC61202736A5138FC39295D003A6BFF48EB2A623E76DDEA79E3B3CB97"
"output\build\unit-preview-audit\legacy-320\16.png","12264","B6E5D61BC61202736A5138FC39295D003A6BFF48EB2A623E76DDEA79E3B3CB97"
"output\build\unit-preview-audit\legacy-320\17.png","13156","67C503DE4469D5559C4D6F243283943FD1CE9C1348D28009E69CF6CC2052EFF1"
"output\build\unit-preview-audit\legacy-320\18.png","10556","833577B31072D8EEA4A60AEE4BF87AF387CE39F71AF0E37E0488DA8969063980"
"output\build\unit-preview-audit\legacy-320\19.png","13156","67C503DE4469D5559C4D6F243283943FD1CE9C1348D28009E69CF6CC2052EFF1"
"output\build\unit-preview-audit\legacy-320\1A.png","10556","833577B31072D8EEA4A60AEE4BF87AF387CE39F71AF0E37E0488DA8969063980"
"output\build\unit-preview-audit\legacy-320\1B.png","7961","116F4CF72BBE8AE7F5C8747417C107CCACC60E0A8E3C3BDCBC8899BE1DCD6105"
"output\build\unit-preview-audit\legacy-320\1C.png","7961","116F4CF72BBE8AE7F5C8747417C107CCACC60E0A8E3C3BDCBC8899BE1DCD6105"
"output\build\unit-preview-audit\legacy-320\1D.png","13772","C8B9D50F7B462C2911410CBF26CA6AAB4E0472FFC5C8527EEED348CA8B43D157"
"output\build\unit-preview-audit\legacy-320\1E.png","13772","C8B9D50F7B462C2911410CBF26CA6AAB4E0472FFC5C8527EEED348CA8B43D157"
"output\build\unit-preview-audit\legacy-320\1F.png","13772","C8B9D50F7B462C2911410CBF26CA6AAB4E0472FFC5C8527EEED348CA8B43D157"
"output\build\unit-preview-audit\legacy-320\20.png","17385","5246DD3A2D318A5AE342260A545263C6BC0777EB9E862D10DE399F4FE7BDBA65"
"output\build\unit-preview-audit\legacy-320\21.png","16399","8A493FB1D3B7BA95B8F5D3FE0A5D5895F30D4456178FE611343D16CF101EA7F3"
"output\build\unit-preview-audit\legacy-320\22.png","17123","EA435034E9F4914660872035B528DA006CAD9FA9E155823AD0EE7225EF8567B4"
"output\build\unit-preview-audit\legacy-320\23.png","15776","F2E3DC8D42C2008CB30D958F5E9AB04D739A4541F70003CA85AF851A47C980E2"
"output\build\unit-preview-audit\legacy-320\24.png","12605","249C9169206A89F7716C71FEB68EC2AFE06B53D1BC61C48E13B9552E8074AFD7"
"output\build\unit-preview-audit\legacy-320\25.png","24707","262971EB32D896D90EF36AE8E53AC8AADBDF0584FE3F7408C34F2AB94E54A61B"
"output\build\unit-preview-audit\legacy-320\26.png","1035","8510A52DFE553B8CFC58A68BE4D73A506E8FD1010E571C4C60B9DD462227E7C0"
"output\build\unit-preview-audit\legacy-320\27.png","1035","8510A52DFE553B8CFC58A68BE4D73A506E8FD1010E571C4C60B9DD462227E7C0"
"output\build\unit-preview-audit\legacy-320\28.png","1035","8510A52DFE553B8CFC58A68BE4D73A506E8FD1010E571C4C60B9DD462227E7C0"
"output\build\unit-preview-audit\legacy-320\29.png","1035","8510A52DFE553B8CFC58A68BE4D73A506E8FD1010E571C4C60B9DD462227E7C0"
"output\build\unit-preview-audit\legacy-320\2A.png","1035","8510A52DFE553B8CFC58A68BE4D73A506E8FD1010E571C4C60B9DD462227E7C0"
"output\build\unit-preview-audit\legacy-320\2B.png","1035","8510A52DFE553B8CFC58A68BE4D73A506E8FD1010E571C4C60B9DD462227E7C0"
"output\build\unit-preview-audit\legacy-320\2C.png","1035","8510A52DFE553B8CFC58A68BE4D73A506E8FD1010E571C4C60B9DD462227E7C0"
"output\build\unit-preview-audit\legacy-320\2D.png","1035","8510A52DFE553B8CFC58A68BE4D73A506E8FD1010E571C4C60B9DD462227E7C0"
"output\build\unit-preview-audit\legacy-320\2E.png","1035","8510A52DFE553B8CFC58A68BE4D73A506E8FD1010E571C4C60B9DD462227E7C0"
"output\build\unit-preview-audit\legacy-320\2F.png","1035","8510A52DFE553B8CFC58A68BE4D73A506E8FD1010E571C4C60B9DD462227E7C0"
"output\build\unit-preview-audit\legacy-320\30.png","1035","8510A52DFE553B8CFC58A68BE4D73A506E8FD1010E571C4C60B9DD462227E7C0"
"output\build\unit-preview-audit\legacy-320\31.png","1035","8510A52DFE553B8CFC58A68BE4D73A506E8FD1010E571C4C60B9DD462227E7C0"
"output\build\unit-preview-audit\legacy-320\32.png","1035","8510A52DFE553B8CFC58A68BE4D73A506E8FD1010E571C4C60B9DD462227E7C0"
"output\build\unit-preview-audit\legacy-320\33.png","1035","8510A52DFE553B8CFC58A68BE4D73A506E8FD1010E571C4C60B9DD462227E7C0"
"output\build\unit-preview-audit\legacy-320\34.png","1035","8510A52DFE553B8CFC58A68BE4D73A506E8FD1010E571C4C60B9DD462227E7C0"
"output\build\unit-preview-audit\legacy-320\35.png","1035","8510A52DFE553B8CFC58A68BE4D73A506E8FD1010E571C4C60B9DD462227E7C0"
"output\build\unit-preview-audit\legacy-320\36.png","1035","8510A52DFE553B8CFC58A68BE4D73A506E8FD1010E571C4C60B9DD462227E7C0"
"output\build\unit-preview-audit\legacy-320\37.png","1035","8510A52DFE553B8CFC58A68BE4D73A506E8FD1010E571C4C60B9DD462227E7C0"
"output\build\unit-preview-audit\legacy-320\38.png","1035","8510A52DFE553B8CFC58A68BE4D73A506E8FD1010E571C4C60B9DD462227E7C0"
"output\build\unit-preview-audit\legacy-320\39.png","1035","8510A52DFE553B8CFC58A68BE4D73A506E8FD1010E571C4C60B9DD462227E7C0"
"output\build\unit-preview-audit\legacy-320\3A.png","1035","8510A52DFE553B8CFC58A68BE4D73A506E8FD1010E571C4C60B9DD462227E7C0"
"output\build\unit-preview-audit\legacy-320\3B.png","1035","8510A52DFE553B8CFC58A68BE4D73A506E8FD1010E571C4C60B9DD462227E7C0"
"output\build\unit-preview-audit\legacy-320\3C.png","1035","8510A52DFE553B8CFC58A68BE4D73A506E8FD1010E571C4C60B9DD462227E7C0"
"output\build\unit-preview-audit\legacy-320\3D.png","1035","8510A52DFE553B8CFC58A68BE4D73A506E8FD1010E571C4C60B9DD462227E7C0"
"output\build\unit-preview-audit\legacy-320\3E.png","1035","8510A52DFE553B8CFC58A68BE4D73A506E8FD1010E571C4C60B9DD462227E7C0"
"output\build\unit-preview-audit\legacy-320\3F.png","1035","8510A52DFE553B8CFC58A68BE4D73A506E8FD1010E571C4C60B9DD462227E7C0"
"output\build\unit-preview-audit\legacy-320\40.png","1035","8510A52DFE553B8CFC58A68BE4D73A506E8FD1010E571C4C60B9DD462227E7C0"
"output\build\unit-preview-audit\legacy-320\41.png","1035","8510A52DFE553B8CFC58A68BE4D73A506E8FD1010E571C4C60B9DD462227E7C0"
"output\build\unit-preview-audit\legacy-320\42.png","1035","8510A52DFE553B8CFC58A68BE4D73A506E8FD1010E571C4C60B9DD462227E7C0"
"output\build\unit-preview-audit\legacy-320\43.png","1035","8510A52DFE553B8CFC58A68BE4D73A506E8FD1010E571C4C60B9DD462227E7C0"
"output\build\unit-preview-audit\legacy-320\44.png","1035","8510A52DFE553B8CFC58A68BE4D73A506E8FD1010E571C4C60B9DD462227E7C0"
"output\build\unit-preview-audit\legacy-320\45.png","1035","8510A52DFE553B8CFC58A68BE4D73A506E8FD1010E571C4C60B9DD462227E7C0"
"output\build\unit-preview-audit\legacy-320\46.png","1035","8510A52DFE553B8CFC58A68BE4D73A506E8FD1010E571C4C60B9DD462227E7C0"
"output\build\unit-preview-audit\legacy-320\47.png","1035","8510A52DFE553B8CFC58A68BE4D73A506E8FD1010E571C4C60B9DD462227E7C0"
"output\build\unit-preview-audit\legacy-320\48.png","1035","8510A52DFE553B8CFC58A68BE4D73A506E8FD1010E571C4C60B9DD462227E7C0"
"output\build\unit-preview-audit\legacy-320\49.png","1035","8510A52DFE553B8CFC58A68BE4D73A506E8FD1010E571C4C60B9DD462227E7C0"
"output\build\unit-preview-audit\legacy-320\4A.png","1035","8510A52DFE553B8CFC58A68BE4D73A506E8FD1010E571C4C60B9DD462227E7C0"
"output\build\unit-preview-audit\legacy-320\4B.png","1035","8510A52DFE553B8CFC58A68BE4D73A506E8FD1010E571C4C60B9DD462227E7C0"
"output\build\unit-preview-audit\legacy-320\4C.png","1035","8510A52DFE553B8CFC58A68BE4D73A506E8FD1010E571C4C60B9DD462227E7C0"
"output\build\unit-preview-audit\legacy-320\4D.png","1035","8510A52DFE553B8CFC58A68BE4D73A506E8FD1010E571C4C60B9DD462227E7C0"
"output\build\unit-preview-audit\legacy-320\4E.png","1035","8510A52DFE553B8CFC58A68BE4D73A506E8FD1010E571C4C60B9DD462227E7C0"
"output\build\unit-preview-audit\legacy-320\4F.png","1035","8510A52DFE553B8CFC58A68BE4D73A506E8FD1010E571C4C60B9DD462227E7C0"
"output\build\unit-preview-audit\legacy-320\50.png","1035","8510A52DFE553B8CFC58A68BE4D73A506E8FD1010E571C4C60B9DD462227E7C0"
"output\build\unit-preview-audit\legacy-320\51.png","14110","E491F6BEEF57F4D2F7FE07FA7C3E20F552CB35C8DEF5C3D93EBBA8427BB35FE4"
"output\build\unit-preview-audit\legacy-320\52.png","12725","10E48CEDD1FC40C815C06B74E8F2541CEA5F8E6069D3687081EC7A748B1F6A62"
"output\build\unit-preview-audit\legacy-320\53.png","17706","781AA51875554265A2D3EF5DE919EB3A6A9A958F542965C5B987CF737F0900B7"
"output\build\unit-preview-audit\legacy-320\54.png","8954","51D401696411711FED3105E852919B74473B70A220382A0CF148F3CEC796B569"
"output\build\unit-preview-audit\legacy-320\55.png","11494","C50F4D7C6933340B2310472AD2AAB9955D474B5637614A4BB1E0BE2A3157DA1A"
"output\build\unit-preview-audit\legacy-320\56.png","11651","EB2AC62FAB6C189A9E54C268585B6E51F4FE5F9AA57B9FB6A43FC01F33FC8C7F"
"output\build\unit-preview-audit\legacy-320\57.png","16701","56E65F3B105047F67B4737061D2EB3F9CEAC4F901A1D92CFACB3566A46F82ACF"
"output\build\unit-preview-audit\legacy-320\58.png","11585","25B530C90D67258D638BE6F05DF51331C539D45A356169B11387BA0FF17AFB11"
"output\build\unit-preview-audit\legacy-320\59.png","11585","25B530C90D67258D638BE6F05DF51331C539D45A356169B11387BA0FF17AFB11"
"output\build\unit-preview-audit\legacy-320\5A.png","8954","51D401696411711FED3105E852919B74473B70A220382A0CF148F3CEC796B569"
"output\build\unit-preview-audit\legacy-320\5B.png","11494","C50F4D7C6933340B2310472AD2AAB9955D474B5637614A4BB1E0BE2A3157DA1A"
"output\build\unit-preview-audit\legacy-320\5C.png","13499","724B0BA56B74D2799B44C1DF0F84B15584030588BA803FB4257BF69A260E437E"
"output\build\unit-preview-audit\legacy-320\5D.png","1035","8510A52DFE553B8CFC58A68BE4D73A506E8FD1010E571C4C60B9DD462227E7C0"
"output\build\unit-preview-audit\legacy-320\5E.png","1035","8510A52DFE553B8CFC58A68BE4D73A506E8FD1010E571C4C60B9DD462227E7C0"
"output\build\unit-preview-audit\legacy-320\5F.png","8954","51D401696411711FED3105E852919B74473B70A220382A0CF148F3CEC796B569"
"output\build\unit-preview-audit\legacy-320\60.png","11494","C50F4D7C6933340B2310472AD2AAB9955D474B5637614A4BB1E0BE2A3157DA1A"
"output\build\unit-preview-audit\legacy-320\61.png","13499","724B0BA56B74D2799B44C1DF0F84B15584030588BA803FB4257BF69A260E437E"
"output\build\unit-preview-audit\legacy-320\62.png","1035","8510A52DFE553B8CFC58A68BE4D73A506E8FD1010E571C4C60B9DD462227E7C0"
"output\build\unit-preview-audit\legacy-320\63.png","16082","0F8D57BEC457471859E8C6C130D920109E8205C63F58A04F8EFF49C0F97F21F4"
"output\build\unit-preview-audit\legacy-320\64.png","17250","BBE7F2E87F4811C9E5C7F0213A248FFAC349D259991533786D64A7A6DFD3C27C"
"output\build\unit-preview-audit\legacy-320\65.png","16027","3F14DBE1DE2E449783B9E2DABF8A1D5B996631B77952245C110A64B0BCFD657D"
"output\build\unit-preview-audit\legacy-320\66.png","15653","3CD8BC667AEB0092AE6B6106BC997778FBF939D020EC60C4EA6DAB7CC675D71C"
"output\build\unit-preview-audit\legacy-320\67.png","14827","D3B40C0BE468BEBC682C57421DF932AF20796BCDE681881243E5DF2278A57BEF"
"output\build\unit-preview-audit\legacy-320\68.png","8384","94C6D09BAD0C1154D5FFA822B84717F5BAD5C86AE49870B9E439F693DF7AD374"
"output\build\unit-preview-audit\legacy-320\69.png","13566","A4822300DCED09E8AA76A49C2EFA8127E32BD9B9C002B386C17D1AD11F1B6170"
"output\build\unit-preview-audit\legacy-320\6A.png","11827","B7160B4B4AE19640FD97BE54371CCFAF7FD0F75CD84B67548FA01DF5DC0ADAFB"
"output\build\unit-preview-audit\legacy-320\6B.png","1035","8510A52DFE553B8CFC58A68BE4D73A506E8FD1010E571C4C60B9DD462227E7C0"
"output\build\unit-preview-audit\legacy-320\6C.png","12725","10E48CEDD1FC40C815C06B74E8F2541CEA5F8E6069D3687081EC7A748B1F6A62"
"output\build\unit-preview-audit\legacy-320\6D.png","11827","B7160B4B4AE19640FD97BE54371CCFAF7FD0F75CD84B67548FA01DF5DC0ADAFB"
"output\build\unit-preview-audit\legacy-320\6E.png","11827","B7160B4B4AE19640FD97BE54371CCFAF7FD0F75CD84B67548FA01DF5DC0ADAFB"
"output\build\unit-preview-audit\legacy-320\6F.png","13566","A4822300DCED09E8AA76A49C2EFA8127E32BD9B9C002B386C17D1AD11F1B6170"
"output\build\unit-preview-audit\legacy-320\70.png","11651","EB2AC62FAB6C189A9E54C268585B6E51F4FE5F9AA57B9FB6A43FC01F33FC8C7F"
"output\build\unit-preview-audit\legacy-320\71.png","16701","56E65F3B105047F67B4737061D2EB3F9CEAC4F901A1D92CFACB3566A46F82ACF"
"output\build\unit-preview-audit\legacy-320\72.png","1035","8510A52DFE553B8CFC58A68BE4D73A506E8FD1010E571C4C60B9DD462227E7C0"
"output\build\unit-preview-audit\legacy-320\73.png","1035","8510A52DFE553B8CFC58A68BE4D73A506E8FD1010E571C4C60B9DD462227E7C0"
"output\build\unit-preview-audit\legacy-320\74.png","18195","17DC64C690142AD8538BDED653457E4B74B1701C0A78891541C1773170CE4963"
"output\build\unit-preview-audit\legacy-320\75.png","17560","3156744F2DB4CC8E90705FE7B06FE5B5FB97F1D35398AAB0BA4732E1863DB953"
"output\build\unit-preview-audit\legacy-320\76.png","15744","0BFCA9FFD0CA7343CE778D3BFF55DAEFF2E8E1AD0DF7942BED5CE00BF3F14CCA"
"output\build\unit-preview-audit\legacy-320\77.png","15744","0BFCA9FFD0CA7343CE778D3BFF55DAEFF2E8E1AD0DF7942BED5CE00BF3F14CCA"
"output\build\unit-preview-audit\legacy-320\78.png","16911","A83D58C13F7D990D4F3DE53F89902BDD4EC478D3B97C13F1C56BC5619C53DBC7"
"output\build\unit-preview-audit\legacy-320\79.png","14783","074B53A8A4C1208D25A5C46037705039ED82B3C7BB053BA312EA02651E9EF592"
"output\build\unit-preview-audit\legacy-320\7A.png","1035","8510A52DFE553B8CFC58A68BE4D73A506E8FD1010E571C4C60B9DD462227E7C0"
"output\build\unit-preview-audit\legacy-320\7B.png","1035","8510A52DFE553B8CFC58A68BE4D73A506E8FD1010E571C4C60B9DD462227E7C0"
"output\build\unit-preview-audit\legacy-320\7C.png","14783","074B53A8A4C1208D25A5C46037705039ED82B3C7BB053BA312EA02651E9EF592"
"output\build\unit-preview-audit\legacy-320\7D.png","16027","3F14DBE1DE2E449783B9E2DABF8A1D5B996631B77952245C110A64B0BCFD657D"
"output\build\unit-preview-audit\legacy-320\7E.png","15744","0BFCA9FFD0CA7343CE778D3BFF55DAEFF2E8E1AD0DF7942BED5CE00BF3F14CCA"
"output\build\unit-preview-audit\legacy-320\7F.png","1035","8510A52DFE553B8CFC58A68BE4D73A506E8FD1010E571C4C60B9DD462227E7C0"
"output\build\unit-preview-audit\legacy-320\80.png","12967","7DF2172EFC0690503BC77FF7A16A5FEA7B264749262F7DE47F87867EC7909DF1"
"output\build\unit-preview-audit\legacy-320\81.png","15246","AA159E8CF50A5FE90A8D93B7D3F1CE5EB521FEB604A7F7908845AEBA88C3DCA4"
"output\build\unit-preview-audit\legacy-320\82.png","1035","8510A52DFE553B8CFC58A68BE4D73A506E8FD1010E571C4C60B9DD462227E7C0"
"output\build\unit-preview-audit\legacy-320\83.png","24979","842F4AD66E183DA4886570CC8484FF816D9275A1D58CCC142D6041F134A4FB20"
"output\build\unit-preview-audit\legacy-320\84.png","23858","33BC67C57777F177D24899C465C1A044EBA08908080C5125320E171548CCA5E7"
"output\build\unit-preview-audit\legacy-320\85.png","1035","8510A52DFE553B8CFC58A68BE4D73A506E8FD1010E571C4C60B9DD462227E7C0"
"output\build\unit-preview-audit\legacy-320\86.png","13321","7AFC9C54E6164B7BCE339F638D5BD15973955990C7EEA08928C84FD19DF8B613"
"output\build\unit-preview-audit\legacy-320\87.png","17560","3156744F2DB4CC8E90705FE7B06FE5B5FB97F1D35398AAB0BA4732E1863DB953"
"output\build\unit-preview-audit\legacy-320\88.png","15653","3CD8BC667AEB0092AE6B6106BC997778FBF939D020EC60C4EA6DAB7CC675D71C"
"output\build\unit-preview-audit\legacy-320\89.png","1035","8510A52DFE553B8CFC58A68BE4D73A506E8FD1010E571C4C60B9DD462227E7C0"
"output\build\unit-preview-audit\legacy-320\8A.png","1035","8510A52DFE553B8CFC58A68BE4D73A506E8FD1010E571C4C60B9DD462227E7C0"
"output\build\unit-preview-audit\legacy-320\8B.png","16934","6C65F85740D4500D9F2B1E4B0EE03DA4DA65D8A2DDFDB342326787B3A6699ECB"
"output\build\unit-preview-audit\legacy-320\8C.png","17137","34CEFEE69B373D99B6BBD07B1725E65866FC92A55998CCF69BCC4AD42899DBD0"
"output\build\unit-preview-audit\legacy-320\8D.png","23773","E470EB3686DFEC9BDAEA9921A168A145B5F0AE922C577D4A230D5EA3C1BA38D6"
"output\build\unit-preview-audit\legacy-320\8E.png","11194","07AFF2EDB33E23CD61CC2CF6198E2ED2E87274CE526194A85FF485C5CCCE10ED"
"output\build\unit-preview-audit\legacy-320\8F.png","1035","8510A52DFE553B8CFC58A68BE4D73A506E8FD1010E571C4C60B9DD462227E7C0"
"output\build\unit-preview-audit\legacy-320\90.png","11194","07AFF2EDB33E23CD61CC2CF6198E2ED2E87274CE526194A85FF485C5CCCE10ED"
"output\build\unit-preview-audit\legacy-320\91.png","1035","8510A52DFE553B8CFC58A68BE4D73A506E8FD1010E571C4C60B9DD462227E7C0"
"output\build\unit-preview-audit\legacy-320\92.png","13722","F589017962249B39A731AE802919EA542751CED56313550D64A15ED07F5D87AC"
"output\build\unit-preview-audit\legacy-320\93.png","17352","1A807DBEAE7019B578AC5A9DA554528AA660B1E8E0EA35AD699C512A0E21711A"
"output\build\unit-preview-audit\legacy-320\94.png","14580","A2DF59904FE77ACCD3DFFB54ABF99F738C15FBE79AA9472816D3F8051A9FAF29"
"output\build\unit-preview-audit\legacy-320\95.png","14142","27BD18CF7B0FFF178DE2B7C81B364154FDC0193609C7C1F2297C52672C155788"
"output\build\unit-preview-audit\legacy-320\96.png","19184","C7DF547CBC03DA32BC8B1DFF5A22D870BC8A4525B97B83BE5CAC1F863ACBB756"
"output\build\unit-preview-audit\legacy-320\97.png","1035","8510A52DFE553B8CFC58A68BE4D73A506E8FD1010E571C4C60B9DD462227E7C0"
"output\build\unit-preview-audit\legacy-320\98.png","17352","1A807DBEAE7019B578AC5A9DA554528AA660B1E8E0EA35AD699C512A0E21711A"
"output\build\unit-preview-audit\legacy-320\99.png","14580","A2DF59904FE77ACCD3DFFB54ABF99F738C15FBE79AA9472816D3F8051A9FAF29"
"output\build\unit-preview-audit\legacy-320\9A.png","14142","27BD18CF7B0FFF178DE2B7C81B364154FDC0193609C7C1F2297C52672C155788"
"output\build\unit-preview-audit\legacy-320\9B.png","1035","8510A52DFE553B8CFC58A68BE4D73A506E8FD1010E571C4C60B9DD462227E7C0"
"output\build\unit-preview-audit\legacy-320\9C.png","11290","F7C83DD4DE9C73AEC1F4A3D649678BFD0BBEF72587810160E5BD82A690B0A222"
"output\build\unit-preview-audit\legacy-320\9D.png","1035","8510A52DFE553B8CFC58A68BE4D73A506E8FD1010E571C4C60B9DD462227E7C0"
"output\build\unit-preview-audit\legacy-320\9E.png","1035","8510A52DFE553B8CFC58A68BE4D73A506E8FD1010E571C4C60B9DD462227E7C0"
"output\build\unit-preview-audit\legacy-320\9F.png","15593","C85AD45BCD74A5F208B0AA89E5258CFCFCD68C8EF3601F28E94FF7A17D63E655"
"output\build\unit-preview-audit\legacy-320\A0.png","1035","8510A52DFE553B8CFC58A68BE4D73A506E8FD1010E571C4C60B9DD462227E7C0"
"output\build\unit-preview-audit\legacy-320\A1.png","17453","683B9807A1155AE4ED1383B5B139837D257362E1CAD02FFE36D62560D0117724"
"output\build\unit-preview-audit\legacy-320\A2.png","17795","AFDF43B8642A1B657B5E4488A714303F4C6E50C032313F57FE9BE5DB2A3DA78B"
"output\build\unit-preview-audit\legacy-320\A3.png","20516","DB1DD98DAB81CD4390EEBCD6122A6CB9CDD0B34CCD1BC5CCD32832B123471EC3"
"output\build\unit-preview-audit\legacy-320\A4.png","13154","3354E2703EE4EC7E36EBB876BB8D46FE06737555A15732BD1BD81AF52F630D2A"
"output\build\unit-preview-audit\legacy-320\A5.png","12929","DDB44B8E0FD9A9FBDE684C699BA3D9F86ADD55F32C9E7D86F7C187AFB54A054F"
"output\build\unit-preview-audit\legacy-320\A6.png","1035","8510A52DFE553B8CFC58A68BE4D73A506E8FD1010E571C4C60B9DD462227E7C0"
"output\build\unit-preview-audit\legacy-320\A7.png","12967","7DF2172EFC0690503BC77FF7A16A5FEA7B264749262F7DE47F87867EC7909DF1"
"output\build\unit-preview-audit\legacy-320\A8.png","12929","DDB44B8E0FD9A9FBDE684C699BA3D9F86ADD55F32C9E7D86F7C187AFB54A054F"
"output\build\unit-preview-audit\legacy-320\A9.png","1035","8510A52DFE553B8CFC58A68BE4D73A506E8FD1010E571C4C60B9DD462227E7C0"
"output\build\unit-preview-audit\legacy-320\AA.png","19561","4C4E16AB062C5F866D1D64F91664E08A866BF89C968967D8D818269F2DCD40B6"
"output\build\unit-preview-audit\legacy-320\AB.png","18164","7556D284F04786563CC51A001D7061F96D71BD2F751A0502371DA1011EB23D11"
"output\build\unit-preview-audit\legacy-320\AC.png","23773","E470EB3686DFEC9BDAEA9921A168A145B5F0AE922C577D4A230D5EA3C1BA38D6"
"output\build\unit-preview-audit\legacy-320\AD.png","16934","6C65F85740D4500D9F2B1E4B0EE03DA4DA65D8A2DDFDB342326787B3A6699ECB"
"output\build\unit-preview-audit\legacy-320\AE.png","15594","9A0494EE990C172946D538828C71A868381B26A5967480A48AC36BCF387020EC"
"output\build\unit-preview-audit\legacy-320\AF.png","18255","4E4639377CE6FCD1AE1D07C29A6CB966A1D15095696FB32B1C324968F4D716CC"
"output\build\unit-preview-audit\legacy-320\B0.png","19429","9FD0098CFEBBDB4BF6FD0734B5B5E11C116C3D643FDE66D8B99245DA591A96FF"
"output\build\unit-preview-audit\legacy-320\B1.png","19429","9FD0098CFEBBDB4BF6FD0734B5B5E11C116C3D643FDE66D8B99245DA591A96FF"
"output\build\unit-preview-audit\legacy-320\B2.png","13308","5E4A29A719BA11B49346CE06604B488D6B43E9FA1205FA983496A1F08F4C06ED"
"output\build\unit-preview-audit\legacy-320\B3.png","18429","A1A47335F8FD6594DFE08CE0CB8784EEBFBB01E9816081CF82FFAC48D8613AFB"
"output\build\unit-preview-audit\legacy-320\B4.png","17013","F561536673B70AC8EA7539683D2E5CDC62371F404D5008358838A9F6DF3F260D"
"output\build\unit-preview-audit\legacy-320\B5.png","21497","F8D4F97CC7520E27BB0595A3E70C5F16886BE1F29D2A4D73F627FA9918F8C9B3"
"output\build\unit-preview-audit\legacy-320\B6.png","11827","B7160B4B4AE19640FD97BE54371CCFAF7FD0F75CD84B67548FA01DF5DC0ADAFB"
"output\build\unit-preview-audit\legacy-320\B7.png","17352","1A807DBEAE7019B578AC5A9DA554528AA660B1E8E0EA35AD699C512A0E21711A"
"output\build\unit-preview-audit\legacy-320\B8.png","14580","A2DF59904FE77ACCD3DFFB54ABF99F738C15FBE79AA9472816D3F8051A9FAF29"
"output\build\unit-preview-audit\legacy-320\B9.png","14142","27BD18CF7B0FFF178DE2B7C81B364154FDC0193609C7C1F2297C52672C155788"
"output\build\unit-preview-audit\legacy-320\BA.png","19818","2E6B1627BC15364CB8629C0047327CED9C27E5ED96D1B4D0784129D7A6DCC659"
"output\build\unit-preview-audit\legacy-320\BB.png","1035","8510A52DFE553B8CFC58A68BE4D73A506E8FD1010E571C4C60B9DD462227E7C0"
"output\build\unit-preview-audit\legacy-320\BC.png","20516","DB1DD98DAB81CD4390EEBCD6122A6CB9CDD0B34CCD1BC5CCD32832B123471EC3"
"output\build\unit-preview-audit\legacy-320\BD.png","1035","8510A52DFE553B8CFC58A68BE4D73A506E8FD1010E571C4C60B9DD462227E7C0"
"output\build\unit-preview-audit\legacy-320\BE.png","21178","160FCBF15E2FD0F22FEF1579A4EF2519790C2E6E723DCFF19819282170981F2C"
"output\build\unit-preview-audit\legacy-320\BF.png","21178","160FCBF15E2FD0F22FEF1579A4EF2519790C2E6E723DCFF19819282170981F2C"
"output\build\unit-preview-audit\legacy-320\C0.png","21178","160FCBF15E2FD0F22FEF1579A4EF2519790C2E6E723DCFF19819282170981F2C"
"output\build\unit-preview-audit\legacy-320\C1.png","21178","160FCBF15E2FD0F22FEF1579A4EF2519790C2E6E723DCFF19819282170981F2C"
"output\build\unit-preview-audit\legacy-320\C2.png","1035","8510A52DFE553B8CFC58A68BE4D73A506E8FD1010E571C4C60B9DD462227E7C0"
"output\build\unit-preview-audit\legacy-320\C3.png","1035","8510A52DFE553B8CFC58A68BE4D73A506E8FD1010E571C4C60B9DD462227E7C0"
"output\build\unit-preview-audit\legacy-320\C4.png","1035","8510A52DFE553B8CFC58A68BE4D73A506E8FD1010E571C4C60B9DD462227E7C0"
"output\build\unit-preview-audit\legacy-320\C5.png","1035","8510A52DFE553B8CFC58A68BE4D73A506E8FD1010E571C4C60B9DD462227E7C0"
"output\build\unit-preview-audit\legacy-320\C6.png","1035","8510A52DFE553B8CFC58A68BE4D73A506E8FD1010E571C4C60B9DD462227E7C0"
"output\build\unit-preview-audit\legacy-320\C7.png","1035","8510A52DFE553B8CFC58A68BE4D73A506E8FD1010E571C4C60B9DD462227E7C0"
"output\build\unit-preview-audit\legacy-320\C8.png","1035","8510A52DFE553B8CFC58A68BE4D73A506E8FD1010E571C4C60B9DD462227E7C0"
"output\build\unit-preview-audit\legacy-320\C9.png","25034","FF417AB9D3746A2D346176E2FA67EB8C93F581B6442C53DDEA4D1457A804FD73"
"output\build\unit-preview-audit\legacy-320\CA.png","1035","8510A52DFE553B8CFC58A68BE4D73A506E8FD1010E571C4C60B9DD462227E7C0"
"output\build\unit-preview-audit\legacy-320\CB.png","1035","8510A52DFE553B8CFC58A68BE4D73A506E8FD1010E571C4C60B9DD462227E7C0"
"output\build\unit-preview-audit\legacy-320\CC.png","1035","8510A52DFE553B8CFC58A68BE4D73A506E8FD1010E571C4C60B9DD462227E7C0"
"output\build\unit-preview-audit\legacy-320\CD.png","1035","8510A52DFE553B8CFC58A68BE4D73A506E8FD1010E571C4C60B9DD462227E7C0"
"output\build\unit-preview-audit\legacy-320\CE.png","1035","8510A52DFE553B8CFC58A68BE4D73A506E8FD1010E571C4C60B9DD462227E7C0"
"output\build\unit-preview-audit\legacy-320\CF.png","1035","8510A52DFE553B8CFC58A68BE4D73A506E8FD1010E571C4C60B9DD462227E7C0"
"output\build\unit-preview-audit\legacy-320\D0.png","1035","8510A52DFE553B8CFC58A68BE4D73A506E8FD1010E571C4C60B9DD462227E7C0"
"output\build\unit-preview-audit\legacy-320\D1.png","1035","8510A52DFE553B8CFC58A68BE4D73A506E8FD1010E571C4C60B9DD462227E7C0"
"output\build\unit-preview-audit\legacy-320\D2.png","1035","8510A52DFE553B8CFC58A68BE4D73A506E8FD1010E571C4C60B9DD462227E7C0"
"output\build\unit-preview-audit\legacy-320\D3.png","1035","8510A52DFE553B8CFC58A68BE4D73A506E8FD1010E571C4C60B9DD462227E7C0"
"output\build\unit-preview-audit\legacy-320\D4.png","1035","8510A52DFE553B8CFC58A68BE4D73A506E8FD1010E571C4C60B9DD462227E7C0"
"output\build\unit-preview-audit\legacy-320\D5.png","1035","8510A52DFE553B8CFC58A68BE4D73A506E8FD1010E571C4C60B9DD462227E7C0"
"output\build\unit-preview-audit\legacy-320\D6.png","1035","8510A52DFE553B8CFC58A68BE4D73A506E8FD1010E571C4C60B9DD462227E7C0"
"output\build\unit-preview-audit\legacy-320\D7.png","1035","8510A52DFE553B8CFC58A68BE4D73A506E8FD1010E571C4C60B9DD462227E7C0"
"output\build\unit-preview-audit\legacy-320\D8.png","1035","8510A52DFE553B8CFC58A68BE4D73A506E8FD1010E571C4C60B9DD462227E7C0"
"output\build\unit-preview-audit\legacy-320\D9.png","1035","8510A52DFE553B8CFC58A68BE4D73A506E8FD1010E571C4C60B9DD462227E7C0"
"output\build\unit-preview-audit\legacy-320\DA.png","1035","8510A52DFE553B8CFC58A68BE4D73A506E8FD1010E571C4C60B9DD462227E7C0"
"output\build\unit-preview-audit\legacy-320\DB.png","1035","8510A52DFE553B8CFC58A68BE4D73A506E8FD1010E571C4C60B9DD462227E7C0"
"output\build\unit-preview-audit\legacy-320\DC.png","1035","8510A52DFE553B8CFC58A68BE4D73A506E8FD1010E571C4C60B9DD462227E7C0"
"output\build\unit-preview-audit\legacy-320\DD.png","1035","8510A52DFE553B8CFC58A68BE4D73A506E8FD1010E571C4C60B9DD462227E7C0"
"output\build\unit-preview-audit\legacy-320\DE.png","1035","8510A52DFE553B8CFC58A68BE4D73A506E8FD1010E571C4C60B9DD462227E7C0"
"output\build\unit-preview-audit\legacy-320\DF.png","1035","8510A52DFE553B8CFC58A68BE4D73A506E8FD1010E571C4C60B9DD462227E7C0"
"output\build\unit-preview-audit\legacy-320\E0.png","1035","8510A52DFE553B8CFC58A68BE4D73A506E8FD1010E571C4C60B9DD462227E7C0"
"output\build\unit-preview-audit\legacy-320\E1.png","1035","8510A52DFE553B8CFC58A68BE4D73A506E8FD1010E571C4C60B9DD462227E7C0"
"output\build\unit-preview-audit\legacy-320\E2.png","1035","8510A52DFE553B8CFC58A68BE4D73A506E8FD1010E571C4C60B9DD462227E7C0"
"output\build\unit-preview-audit\legacy-320\E3.png","1035","8510A52DFE553B8CFC58A68BE4D73A506E8FD1010E571C4C60B9DD462227E7C0"
"output\build\unit-preview-audit\legacy-320\E4.png","1035","8510A52DFE553B8CFC58A68BE4D73A506E8FD1010E571C4C60B9DD462227E7C0"
"output\build\unit-preview-audit\legacy-320\E5.png","1035","8510A52DFE553B8CFC58A68BE4D73A506E8FD1010E571C4C60B9DD462227E7C0"
"output\build\unit-preview-audit\legacy-320\E6.png","1035","8510A52DFE553B8CFC58A68BE4D73A506E8FD1010E571C4C60B9DD462227E7C0"
"output\build\unit-preview-audit\legacy-320\E7.png","1035","8510A52DFE553B8CFC58A68BE4D73A506E8FD1010E571C4C60B9DD462227E7C0"
"output\build\unit-preview-audit\legacy-320\E8.png","1035","8510A52DFE553B8CFC58A68BE4D73A506E8FD1010E571C4C60B9DD462227E7C0"
"output\build\unit-preview-audit\legacy-320\E9.png","1035","8510A52DFE553B8CFC58A68BE4D73A506E8FD1010E571C4C60B9DD462227E7C0"
"output\build\unit-preview-audit\legacy-320\EA.png","1035","8510A52DFE553B8CFC58A68BE4D73A506E8FD1010E571C4C60B9DD462227E7C0"
"output\build\unit-preview-audit\legacy-320\EB.png","1035","8510A52DFE553B8CFC58A68BE4D73A506E8FD1010E571C4C60B9DD462227E7C0"
"output\build\unit-preview-audit\legacy-320\EC.png","1035","8510A52DFE553B8CFC58A68BE4D73A506E8FD1010E571C4C60B9DD462227E7C0"
"output\build\unit-preview-audit\legacy-320\ED.png","1035","8510A52DFE553B8CFC58A68BE4D73A506E8FD1010E571C4C60B9DD462227E7C0"
"output\build\unit-preview-audit\legacy-320\EE.png","1035","8510A52DFE553B8CFC58A68BE4D73A506E8FD1010E571C4C60B9DD462227E7C0"
"output\build\unit-preview-audit\legacy-320\EF.png","1035","8510A52DFE553B8CFC58A68BE4D73A506E8FD1010E571C4C60B9DD462227E7C0"
"output\build\unit-preview-audit\legacy-320\F0.png","1035","8510A52DFE553B8CFC58A68BE4D73A506E8FD1010E571C4C60B9DD462227E7C0"
"output\build\unit-preview-audit\legacy-320\F1.png","15759","083A554F2CA1C32C2B303D014D2394161EF2E31B4716726F2B842AD3A808BAA3"
"output\build\unit-preview-audit\legacy-320\F2.png","15759","083A554F2CA1C32C2B303D014D2394161EF2E31B4716726F2B842AD3A808BAA3"
"output\build\unit-preview-audit\legacy-320\F3.png","1035","8510A52DFE553B8CFC58A68BE4D73A506E8FD1010E571C4C60B9DD462227E7C0"
"output\build\unit-preview-audit\legacy-320\F4.png","1035","8510A52DFE553B8CFC58A68BE4D73A506E8FD1010E571C4C60B9DD462227E7C0"
"output\build\unit-preview-audit\legacy-320\F5.png","1035","8510A52DFE553B8CFC58A68BE4D73A506E8FD1010E571C4C60B9DD462227E7C0"
"output\build\unit-preview-audit\legacy-320\F6.png","1035","8510A52DFE553B8CFC58A68BE4D73A506E8FD1010E571C4C60B9DD462227E7C0"
"output\build\unit-preview-audit\legacy-320\F7.png","1035","8510A52DFE553B8CFC58A68BE4D73A506E8FD1010E571C4C60B9DD462227E7C0"
"output\build\unit-preview-audit\legacy-320\F8.png","1035","8510A52DFE553B8CFC58A68BE4D73A506E8FD1010E571C4C60B9DD462227E7C0"
"output\build\unit-preview-audit\legacy-320\F9.png","1035","8510A52DFE553B8CFC58A68BE4D73A506E8FD1010E571C4C60B9DD462227E7C0"
"output\build\unit-preview-audit\legacy-320\FA.png","1035","8510A52DFE553B8CFC58A68BE4D73A506E8FD1010E571C4C60B9DD462227E7C0"
"output\build\unit-preview-audit\legacy-320\FB.png","1035","8510A52DFE553B8CFC58A68BE4D73A506E8FD1010E571C4C60B9DD462227E7C0"
"output\build\unit-preview-audit\legacy-320\FC.png","1035","8510A52DFE553B8CFC58A68BE4D73A506E8FD1010E571C4C60B9DD462227E7C0"
"output\build\unit-preview-audit\legacy-320\FD.png","1035","8510A52DFE553B8CFC58A68BE4D73A506E8FD1010E571C4C60B9DD462227E7C0"
"output\build\unit-preview-audit\legacy-320\FE.png","1035","8510A52DFE553B8CFC58A68BE4D73A506E8FD1010E571C4C60B9DD462227E7C0"
"output\build\unit-preview-audit\legacy-320\FF.png","1035","8510A52DFE553B8CFC58A68BE4D73A506E8FD1010E571C4C60B9DD462227E7C0"
"output\build\unit-preview-audit\offsets.json","95044","8CAC53116F6FB5E5E27FDB0AFF965E5F76DBC7131C741F67EF274F26E93FEF8D"
"output\build\video-analysis\python\imageio_ffmpeg-0.6.0.dist-info\INSTALLER","5","0B77BDB04E0461147A7C783C200BC11A6591886E59E2509F5D7F6CB7179D01AB"
"output\build\video-analysis\python\imageio_ffmpeg-0.6.0.dist-info\LICENSE","1342","D91E515F40A082F374A40EDD8C9D441A440980CED520F7ADF6B568C9AB2FE625"
"output\build\video-analysis\python\imageio_ffmpeg-0.6.0.dist-info\METADATA","1567","B4BEF7C6E6CD12C819A5607A547F1CBE93C87728F6C1E161EA9C3E824193B3E2"
"output\build\video-analysis\python\imageio_ffmpeg-0.6.0.dist-info\RECORD","1661","DD017B4A6285ACB6F00ADE542AEC52646FE418A08FAE11261AA033F91E85A15B"
"output\build\video-analysis\python\imageio_ffmpeg-0.6.0.dist-info\REQUESTED","0","E3B0C44298FC1C149AFBF4C8996FB92427AE41E4649B934CA495991B7852B855"
"output\build\video-analysis\python\imageio_ffmpeg-0.6.0.dist-info\top_level.txt","16","0770E5A04D52CBBF91E3163DF722BC393516934E825DE6EF184F5A5A0D5BF7B7"
"output\build\video-analysis\python\imageio_ffmpeg-0.6.0.dist-info\WHEEL","100","BABFC819A1B92D3B7C2E0A14F41686A7FBF67256F2F7002ED0B63AE921FE922F"
"output\build\video-analysis\python\imageio_ffmpeg\__init__.py","235","BB0F0CCF05E160B38C202DA988113BC1042DEFA26D6F14B33A8DB94733321A8B"
"output\build\video-analysis\python\imageio_ffmpeg\_definitions.py","2110","BDD5F44F7C4AC5F2397FE0024E7F62AA4DDE8B95BA7C4E6F755EAF68349E8E8D"
"output\build\video-analysis\python\imageio_ffmpeg\_io.py","27741","F9638C7F131DFEBD595D190045E52FF3FDB7F20505E940632BAC88F0062D4B38"
"output\build\video-analysis\python\imageio_ffmpeg\_parsing.py","7048","20EC65ED1FAC5DE561D633E6B08296F81832B5FB05D74644CFDBFF68F7CB05BC"
"output\build\video-analysis\python\imageio_ffmpeg\_utils.py","3960","7AD5E3DAD7644401F1A7BD7855E30118BE1A0BD8F1AB65FD36A3D20611371E37"
"output\build\video-analysis\python\imageio_ffmpeg\binaries\__init__.py","46","AF68E64E5600116ACFBE1208BDA0F3D27DCA1FF5E1984878153EACB1E51A31C4"
"output\build\video-analysis\python\imageio_ffmpeg\binaries\ffmpeg-win-x86_64-v7.1.exe","87638016","2CE797A0F88D7F067180338FB227F7B1928EA727BD9A4D7A1D022F7C52AF71A3"
"output\build\video-analysis\python\imageio_ffmpeg\binaries\README.md","46","0823FDCDDC7FFA9C3872038B2609C8D9C563A53B3B3C7A57CCB0487D9F736410"
"output\build\video-inspection\frame-000.jpg","695199","57E816E0BB76F74DAE137004C4E843C8CD327EA0ED73D3794ABDA775698A259C"
"output\build\video-inspection\frame-010.jpg","857724","57A226036907CA8EF74E2C73CC48885147B6A91CF08CE8AF0B4CF59E10950610"
"output\build\video-inspection\frame-020.jpg","771879","2A5D2C60A2A8E587240897381C43A80B258192CF62B9E7DF1CB58D58B0BC469A"
"output\build\video-inspection\frame-030.jpg","823371","649578F2D8593C8FF2C0B5B857D34F48DBDB57BB7A8874785739E0F44833932D"
"output\build\video-inspection\frame-040.jpg","823433","1C08E16A0B8B6AE7869AFCD0F633D86E93A8F755C2B338E6A57BB692AAC1313C"
"output\build\video-inspection\frame-050.jpg","822003","06A7B2410DEBE1C01E72ABAD49B75BCEC2900F756AE810DD7F483E9C9B4EC0EC"
"output\build\video-inspection\frame-060.jpg","882018","A18D494B5BED4BB618B9ABA5113D3AEAF853923B9BF514630DD807E796DA5993"
"output\build\video-inspection\frame-070.jpg","822264","CB34C39A40AF1B308805736811401A0D84BA9E44068422007DA2C4B0316620ED"
"output\build\video-inspection\frame-080.jpg","749226","230A2FE55D7779851A23F8089A7A6732D975D63D86A2C30B9457C0AB868904B4"
"output\build\video-inspection\frame-090.jpg","680531","DD72B358556156779CF108CCB407F27AD5B294F18D69EBF28F7875608599ADEB"
"output\build\video-inspection\frame-100.jpg","681047","5AEB6EEE38AC1A2D212FF8FB886819A1EEAB491D7C348C7BB3B5F3BDF0A427AB"
"output\build\video-inspection\frame-110.jpg","529094","C41AF31F099B402233AD4BEE29DCD8A21B0EC57B3C1CF9B37F1A6D1C6C0DA89A"
"output\build\video-inspection\frame-119.jpg","825978","476E1163D87B864805510EE8C66085595A808F9B1357A415A70AB04AE94E45E2"
"output\build\video-inspection\late-sheet.jpg","1089841","EDAC2DDA898063B52E001B662B0163788D643BC2DE466DAB9D099A1C48713032"
"output\build\video-inspection\sheet-01.jpg","841506","38CD18C87896BBD7613E72E1F8634426FAED2C75C01BF6BCED4DEB0F6843141C"
"output\build\video-inspection\sheet-02.jpg","396430","B5D67A2F6069ACA681408711A6A24B5415A32921CE2446C8DE572289D5D26A15"
"output\build\video-review-004141-early\frame-05.png","998773","4D6ED9A88FDCF8BFFACC36F07B2C8A91FC3473D303B72ECE7E690811306D059E"
"output\build\video-review-004141-early\frame-12.png","1095754","5400BC9C27C21851C447DD4BA7A57F1B820E1A558A797E802C0EDCBE59F2D558"
"output\build\video-review-004141-early\frame-20.png","1080522","DA8E208DC950226F8B026D06614D1223B19C6D23DC8215FB55BA978174A2BCFD"
"output\build\video-review-004141-early\frame-28.png","988153","D267B8CA794C06817DAD9C2D240DEDFA492032482FC44CC211CAC1DDBC2E4734"
"output\build\video-review-004141-early\frame-34.png","977191","4120DD6D11901A93C9536F2D9AE44CB2BD4933C19CF044E9492E739B02E8730D"
"output\build\video-review-004141\contact-sheet.png","1591925","2E1EA3A6E13BE5F8A5C60B6ED2474F70C97ACFFF2C47B81639A704CA5321994D"
"output\build\video-review-004141\keyframes\frame-39.png","1099234","ADB7DBD31AB3FE173A6147A8752196BACD1AD20674DB3AE5CA87D3BBF2317F4A"
"output\build\video-review-004141\keyframes\frame-42.png","1167088","7098AAB90C1D6E68E7BAF9D33C0B345C2726B0E5C0BB5F951A9A68F7AB014A55"
"output\build\video-review-004141\keyframes\frame-45.png","1181036","E26010E95E71FF093C6F92ADFC29FC515BD7356226442CEFAC6AB853BAD99BAC"
"output\build\video-review-004141\keyframes\frame-49.png","1143890","DE505D33D1468BA575719518E9E06A6C19C7A3BA1BD1ADE7BBB26F0610D27CEA"
"output\build\video-review-004141\keyframes\frame-52.png","1149149","52300721C0E885A52C5C686AA5CD75AA9039D5D16EB15F8363975F250CF9DCC8"
"output\build\video-review-004141\keyframes\frame-62.png","988243","3DEFA3522ACBAD8081107017B8CD523ED8319B824823B54702CD53DBE90E0BF1"
"output\build\video-review-004141\keyframes\frame-66.png","1039145","27B43A4369B5FF7F23226CAD069946D08AC1CE35897A32EB852A9A42188B7F9A"
"output\build\video-review-004141\keyframes\frame-72.png","902640","F01F1DDA382DBC86FDDB4ED7C64E6C84519368222B54D9E572A8E2A355238255"
"output\build\video-review-004141\keyframes\frame-77.png","906215","1D27E440A9D8D9FAD9D9D6CEDB323ADA1A1217523646E1C1B13BDD47F2FFA69F"
"output\build\video-review-004141\timeline-01.png","907954","E0BA3413DFCCE519B4299C1DA6050DF6672BF500011F038A09A07C437232AE11"
"output\build\video-review-004141\timeline-02.png","936638","FDD80AB81F9D6788B5F6A022D41A753DEA2B003A8DF530BD9637B3DF81641D96"
"output\build\video-review-004141\timeline-03.png","893144","FAC81ED330415889246B108B62D4A5911BC854E27139C2C2ED9C64059034B049"
"output\build\video-review-004141\timeline-04.png","819829","7B598747AAF439F3EFD8EBD5FEBA1E5A8DEDAD71012723150E256BFD8D62D054"
"output\build\video-review-012030\contact-sheet.png","1791115","9A1051344EEA8088D35BDEC6111492BAA7DF1C91CF1615D2FC371640BD0F17E5"
"output\build\video-review-012030\keyframes\frame-010.png","1120713","766AC386628DE216AD3AFB66C11607D990C3A76B14424F7B6495637945993B8D"
"output\build\video-review-012030\keyframes\frame-015.png","1268369","C35A1DAB3DBF36BFB9FB0DFFD8728987018319FB285F41BD10FD8794FB669054"
"output\build\video-review-012030\keyframes\frame-020.png","1198678","5C44C14A761E2A3466CAED1E7008D9EA805E510002BFE4CE0A89DD107D7875B0"
"output\build\video-review-012030\keyframes\frame-025.png","900728","15D14B404B8C13F79E62E307365DB1FD68BB5C017166BF5DDD014BA158F15C98"
"output\build\video-review-012030\keyframes\frame-030.png","1179490","A623F854D313550D795AA49AC8CD287EDF2B347D124BBC619EEA352093C571CD"
"output\build\video-review-012030\keyframes\frame-035.png","1127742","155C45C4142F8C30F460001B2B7114C6B3857AB6BC3CA905DDDB110499396B46"
"output\build\video-review-012030\keyframes\frame-040.png","1417285","6BF86FFA8372D14CA904091084F36EA0AAF00AA0BED4524BF4901732B2991A7A"
"output\build\video-review-012030\keyframes\frame-045.png","1404533","2648125342F3F846A99C389D46A87B6712752959C951193AD7AA76B48101BF99"
"output\build\video-review-012030\keyframes\frame-050.png","1227041","D9BAC746FC662D49D5904DE68CF15F58F92591E090E9E5CEF49366750AC7774C"
"output\build\video-review-012030\keyframes\frame-055.png","1222841","ACBB7E9C444585885E28EBEFBB95C8A594A6F68E3B624B1CCF3AB8A73F1623D6"
"output\build\video-review-012030\keyframes\frame-060.png","1188282","1B44AE351BA7721DA3A41AEBEC999A7F3D0C654F603D15C947C24840D33E7EB5"
"output\build\video-review-012030\keyframes\frame-065.png","1137580","5C27D7335C985EF1DF6D8A24C06E8EA32003CB17F1D25F3D872AE273AFB45C34"
"output\build\video-review-012030\keyframes\frame-070.png","1170394","BF3E279F71831AFFD4454A4DF05AF90939D20BB1E5842EC216E3AFA05384448C"
"output\build\video-review-012030\keyframes\frame-075.png","968269","36E28EDE1BDBDC4116F2A55CAED6B47231D34FCFAD367EB61241DC98A406AEDB"
"output\build\video-review-012030\keyframes\frame-080.png","1060696","A25E6D37E6FEEDF16BC9EB732EB03F79852F571094874A8283940F2588F0822E"
"output\build\video-review-012030\keyframes\frame-085.png","908447","A4AC4A704DFC751C6F2F7329F01D278DCA32449F62EEB7825640C71331823F95"
"output\build\video-review-012030\keyframes\frame-090.png","915039","1A2EE0C5FED0CB5D8C265ECE06CD77DB2F95B09752971FA12F0FEF11ED995BFA"
"output\build\video-review-012030\keyframes\frame-095.png","912079","35008C875C2379FE92B28725294CD5D5C9E221BF20F6F168F296A3DD5C2981F6"
"output\build\video-review-012030\keyframes\frame-100.png","964738","AE695A5B5DAD5E51E92FD6AA7F88B831069682FDB011716EAF17360F40BFDB45"
"output\build\video-review-012030\keyframes\frame-105.png","960615","6CC0DCA9EC9BA74D35DEB73872F4AABD0322F20EBBE0377CEF3A9C9BBDCA122B"
"output\build\video-review-012030\keyframes\frame-110.png","976319","C82E384353663EB260884EE3B25932D503C568CED8456100C71BCE3BB901701F"
"output\build\video-review-012030\keyframes\frame-115.png","968916","AD5F7A913455CD5ACF184EE27E31CC8C618F96F98E09B1608315433A1B3DC849"
"output\build\video-review-012030\keyframes\frame-120.png","1004663","AA22FD84BDAD19C4E6C27DF6D36C2F337F993362833A513E9F9F50DE177049ED"
"output\build\video-review-114636\contact-sheet.jpg","296967","6901CB7BFF8EA19C6EFB83876D2DB838B6E67585CA2C0FD4AA243543CAB3C31B"
"output\build\video-review-114636\frame-001.jpg","59689","68440209B5293A61D86E30AF877387237935F885B133967C42D00BADCE09F1E4"
"output\build\video-review-114636\frame-002.jpg","59711","51C855D6ED694329A5EF3009B8BB006BA19C23268A47390DFA8D5F4336A8E13C"
"output\build\video-review-114636\frame-003.jpg","58279","4F3E14F3B764F9651EC5418E777C672746DA30DBFA750AF12496CD2DC3357D78"
"output\build\video-review-114636\frame-004.jpg","58252","55120E62375FE141B3E4A8E8A00778ED1D79F6372AF140AF1572931FA7F52103"
"output\build\video-review-114636\frame-005.jpg","58159","B654B8FED02639B370E178CD586BDDB28BD4C6D16CE81A3B5C637960CB025565"
"output\build\video-review-114636\frame-006.jpg","58190","8040753F71932D42DEB7240523B8A1AFC647DD70221F6DE1A4CCC0B2FA9883CB"
"output\build\video-review-114636\frame-007.jpg","58126","8614829EAEC2FA727BCC12793C532170DB091578F889DC41D08177A975778E3D"
"output\build\video-review-114636\frame-008.jpg","58165","CDA2ECB74C1875815BE5C7F713C1E1268A589C1D5BE82DDAC29EC877316EDA5F"
"output\build\video-review-114636\frame-009.jpg","58125","1B3FBA9E12090533ED2F5E651776C2193025C0771EDBC908C317E1CEA6872044"
"output\build\video-review-114636\frame-010.jpg","58144","3AB2E37BADE7D9E459C2749B9B1AD6861292ABA013721694BC2C318F5618A05B"
"output\build\video-review-114636\frame-011.jpg","58163","FAAC15E4BCD196E90EB933C298D26D513D66F41F119A1C4509322A707128ECF2"
"output\build\video-review-114636\frame-012.jpg","58167","0650AB538038EEC2EC8C3DAEF4E97C1E29E5F919D3156ED0E746735AF82FE55F"
"output\build\video-review-114636\frame-013.jpg","58111","49630FA1C42BD093993C1554E887BF6701DB98619A381C79316E01D8FB0E4596"
"output\build\video-review-114636\frame-014.jpg","66312","BA93DB9AEC14C7574A1CB008CBD72C13C716E59AEA80C1F47322C3792D9C3FFA"
"output\build\video-review-114636\frame-015.jpg","66469","5B2DD2D2DAE5DE83B6CDACCED97E247358482F0D8A7FD2187AC58D9F0CAF4645"
"output\build\video-review-114636\frame-016.jpg","66441","AB4AC40C146746252AA2CDB7118974E66057854AC84A0D74515B8B4073279F5F"
"output\build\video-review-114636\frame-017.jpg","66449","34EA5387F2E53469FD73B59CDAD80D4202BD9A52D728D6A738F1AE59F0EF3A54"
"output\build\video-review-114636\frame-018.jpg","66384","12286192084D04D70B8DE46D640FF1B8D72A88B4C4F4D9FDE4394B5FE13A028F"
"output\build\video-review-114636\frame-019.jpg","66393","3F793D6DEE204C4DA96CC2664C77A14389195D618BA05071AD721527AE0FCB95"
"output\build\video-review-114636\frame-020.jpg","66420","BB1AE6581490B5FCAF0933F55E57CCAC05317EEC4A8464059F0FB7F77DC6C744"
"output\build\video-review-114636\frame-021.jpg","66410","A9771405BC3B8634E67B2FF3F21C31271FB0E9DB1E7CF95A45633413466CED18"
"output\build\video-review-114636\frame-022.jpg","66440","7C511E2CEA93827EBD6179B29613794479A54DBEF27687262602BCFE742F4366"
"output\build\video-review-114636\frame-023.jpg","58109","A90B9B69E9298D388BA2FAA67BC0BEE17C6C4417CFDBF4DA56BC9C4E1475935B"
"output\build\video-review-114636\frame-024.jpg","58193","C3A967940E3A977D3B35F2DF17A746E5A901BBF9BEA92156C95A253B836AF92D"
"output\build\video-review-114636\frame-025.jpg","58218","8FE4AD604C0AF25E141594D0E7D261FCD67775B301F3E0E44D8CE8411FAE24ED"
"output\build\video-review-114636\frame-026.jpg","58169","D9CDF9E8DB996AB7B0ADD08F5E2313C384AC5DCF7E6053FA089074A7A9B8C59E"
"output\build\video-review-114636\frame-027.jpg","58180","9E9BF1E9F873C80A4176476462D03109DB7C7129D7C0D9D60609F5CC66098E4D"
"output\build\video-review-114636\frame-028.jpg","58192","ACFF07C5F4BDE11D1EE18F9F3512DE487A77AACBB0ADCB496E76F25062802107"
"output\build\video-review-114636\frame-029.jpg","58166","AF54E29E27AD8C6C0D6377DA0266663339D0FDDBB72D73300FC9559BBB33EC9B"
"output\build\video-review-114636\frame-030.jpg","57810","ED1DC2EB6E715E17903990E3C8E4363FE47CDBCD3B849A324D9FCD04C4AA809A"
"output\build\video-review-114636\frame-031.jpg","55514","23CEE0C865CA5C29A0408F7ECE775B69693EE094678F7F95DC4BAA7808A2E716"
"output\build\video-review-114636\frame-032.jpg","55570","A1DB0659750B07F2D6B7CDF59057B7175151F21B17EC0A1EC1ABC158060D5660"
"output\build\video-review-114636\frame-033.jpg","55517","5930E96610D86D3B4F0577B2D0EDD170E184707E0EADFF8FAA21E5CED8DD4062"
"output\build\video-review-114636\frame-034.jpg","55776","E6F14F6B7E7B1A00578461650AFAAF9D20C7450694D5CFD851B5309B6EA18C9B"
"output\build\video-review-114636\frame-035.jpg","58195","8F31B761E0AF8923934FBC4B424287CB9C39C8BBD170410BB7ADD458A7C01D42"
"output\build\video-review-114636\frame-036.jpg","55788","8E472376F39D60DA64023068F230AFC7F8BCAF769A3EFF96638B65CE945CEA27"
"output\build\video-review-114636\frame-037.jpg","55609","ECD26D810925ADDC896372E3BDF980414CAD27205D28A72144F1E7E27888EC8D"
"output\build\video-review-114636\frame-038.jpg","55603","4BBAF6C12FEEE45E9384D79C0F767A9259DDD56F13BA6D51730B49EEDDE71E66"
"output\build\video-review-114636\frame-039.jpg","55461","2D9D604FB774B9FD93F7D992FA88C96912AD37ABD3D80E337B2454324FBB9A2E"
"output\build\video-review-114636\frame-040.jpg","55413","5175A491ED5493E294554AF8571D60097520F6374D92C3D08A79E813E93963D2"
"output\build\video-review-114636\frame-041.jpg","58013","8F68B4730ABC6ACE0AB9DAF66BFB9C238EF915CBF0EAB3CB4703D4AE6D5E445B"
"output\build\video-review-114636\frame-042.jpg","66459","D8B58D141E5C988AC74842128666765AF85F7856B1922840E8BF854984A005AC"
"output\build\video-review-114636\frame-043.jpg","66468","BFE1D5EFA28E65B993788CF146DD1B476DC26D4F66FFCD0194AA7A690777EACB"
"output\build\video-review-114636\frame-044.jpg","66503","A1C27C3EB14BB3CB6A230BE095991970C199D48850EA1A338F0EFCA86E224BDC"
"output\build\video-review-114636\frame-045.jpg","66603","2149A22C18B018B50A97671E900E9854206C342DDD33CF896F2A39BC640BCC02"
"output\build\video-review-114636\frame-046.jpg","66576","0B7C66F9FBED1E0F50080CF2C3BE6C32CE528A69A868FB048C37338BB989132B"
"output\build\video-review-114636\frame-047.jpg","66561","0E7578DA7B9ED7A0D487BB3CCC310460211E9BEFA15E0C1B9C25632424B521D4"
"output\build\video-review-114636\frame-048.jpg","66543","D74D8CA33FB59B1D63264E5142D25130FCE3C7F97F682518B556D0C4779519BD"
"output\build\video-review-114636\frame-049.jpg","67500","1A48AF9ECED478A36941E0F91768FB88F3AC42C1D68794A8A67FB623C51ABAC3"
"output\build\video-review-114636\original-02.jpg","455073","F8D979F08D61B11E72033063E2087276DA81B9964B53B8E539915D139B611B2C"
"output\build\video-review-114636\original-06.jpg","452914","D13B41118C689C85BBD83143D4B4C5FD2DCC9077CA4FE7E7B71E913406E508FA"
"output\build\video-review-114636\original-10.jpg","453572","73DD6BD406A69EDC89793C714D883B64CB322DEE161C5476DC6B911BEE8380B0"
"output\build\video-review-114636\original-14.jpg","500030","64074029C18A3AF1CE8FFAA5517B9CAC98970380FC9228D51BA406551546DE76"
"output\build\video-review-114636\original-18.jpg","499451","804D8DDC226A934D628360A3A65A98F90FD675141FF6AEFF9132E02B005C0DE7"
"output\build\video-review-114636\original-22.jpg","453443","3120F64011577BE9EA96BDA6DA04827BCB190EF40DB5A9841E2A0FB91123BBA6"
"output\build\video-review-114636\original-26.jpg","453128","55E8F2E3BF00B5E92DDE34EBE203A62EFDD5D2B509203CD562E135BB1CE824F5"
"output\build\video-review-114636\original-30.jpg","428229","437C3BE91DB9E4863BB81B40953FAB7190429DD7A288BCF9F6D8AAECD6332142"
"output\build\video-review-114636\original-34.jpg","437323","3CB971A3F780064143986E88CF65C6A4CDEBDF264BFDFEE41D7213085AD4D785"
"output\build\video-review-114636\original-38.jpg","425843","5F35B067D25563A9C335786636B47F88C7104824614DB7315A9B8CFD3B9E3F5E"
"output\build\video-review-114636\original-42.jpg","499231","095AE79CA6B89CF1F1BDE5FDB67DCFF51CE7744F29C4EA88CD5DD6530E62BCF5"
"output\build\video-review-114636\original-46.jpg","498623","0274EA6BCD81A17651457188CC1518C9079381A52D1808454E904F05F1DD8046"
"output\build\video-review-114636\original-48.jpg","507297","40C425897984836B6DD17655402D93AD5668999067B4986D5A1FD4A538B48E8D"
"output\build\video-review-114636\selected-sheet.jpg","350890","2C7507B6D3A0046AF45A957D8C018ABDE1FE52BAA02936B1684C80017C237B1B"
"output\build\video-review-154512\after-layout-2.png","20044","A64283DB6D7820C4CCEACAEDB167AB9E34BC9755F0E4332B6519ABDD88E733CF"
"output\build\video-review-154512\after-layout-final.png","20025","8F443F331FD4F77430598D7F50A35A3A57D2FAF24083C750B05675B91B8441E1"
"output\build\video-review-154512\after-layout.png","20013","7E3A2AC1DE00C34EF7D1891C15219551E5CE8259FDFB28EDA8BBD68D8CD40928"
"output\build\video-review-154512\detail-01.png","1101852","D696B0463D6EFD0DEBDF3E9D87284B98EAAA06C416133919AB867DCCA8906685"
"output\build\video-review-154512\detail-02.png","913531","B3B70BFDEC680621AD9EAA918B4AEA69BFF7B6CDB6D8E38F57A4E249A2414786"
"output\build\video-review-154512\detail-03.png","999698","35FE69F28FE4E656037F8E89749C909BBA13877E03F2D3ECB20187BDA7ABF3C7"
"output\build\video-review-154512\detail-04.png","1060668","180D0734F7F998A801FB50BE2D10C3725B21248E2EB24C81723802848C576E78"
"output\build\video-review-154512\detail-05.png","1080508","EE08577D30A9D20D68456AE7C98E4C9ABD586DFE6D8ACD62C8E26BDC2658F0A8"
"output\build\video-review-154512\detail-06.png","1115834","675641791141E9494F3DD5E016A616ABFCE743D49BCAC0EE7AFB639693BE6E7C"
"output\build\video-review-154512\detail-07.png","219995","53422177418C30CC8D5AECF3E5A4860E081A533DF0C2787252E255AF62D2EB04"
"output\build\video-review-154512\sheet-01.png","1346831","232641AD5EF38794486F1460D3DDDEB68BC73CDD4243648CB7453E0FCD460CD5"
"output\build\video-review-154512\sheet-02.png","614612","26AF8062468E0A68708DA5F37B15B59A4B6FD9B6C9B3CA175ABE5984CE386757"
"output\build\video-review-154512\t-104.png","1246940","0428B80CDD622EC271CA1255BE2DC62F4466361831ADFC9B7B5270C9D2200A2D"
"output\build\video-review-154512\t-12.png","1094126","262D0A78FF5EC571E266005ABD6855B98DC370E73536D657C27DB6D6E136A2EB"
"output\build\video-review-154512\t-20.png","1257152","D7E67582537DF6E6980862ED05708F6F90E3C1B946ED750B77D45D6974EA4119"
"output\build\video-review-154512\t-32.png","1094935","00EB4FAE053AE8B0165BBF3A2AB73D9A20232CB4FAD1944ABEBA50D716081A6A"
"output\build\video-review-154512\t-40.png","1285056","87FB5C58835EBEFB6220C3260CF2B654A494B3302285E16FD9B4AAD8470837AB"
"output\build\video-review-154512\t-52.png","1239190","B43546E7B87192B4E4F9A0AF005557BE7A943CECCEE9D79DC2766677439E2DA0"
"output\build\video-review-154512\t-64.png","1049773","52630CB37BA5714F8B82590E983A3ABBF6951801930E4354180B696E8862D174"
"output\build\video-review-154512\t-72.png","1047416","D84D5D373FA75FFBBD0144DF0A4965FD8ACA3EE0354A8D90FCF150A97ED5C0E3"
"output\build\video-review-154512\t-80.png","1237988","08096E1186FC7B932E3DD722A7A20F823C081C6A124E78ED585AD10CD6D89748"
"output\build\video-review-154512\t-88.png","1310571","85935BD764985AFCCE136FD2A86814E025484594A4CA61B7BFF2B98A88156625"
"output\build\video-review-154512\t-96.png","1004971","8E1A35CD6180B20A0B5EC541D2AA9389FDA81155F486DBC80734086780B2FAC5"
"output\build\video-review-154512\x-100.png","1053088","F9540CBCBCD20276277072D153239A7D3676E8951D622DECB044A4D7A368437D"
"output\build\video-review-154512\x-102.png","1245349","8E956ED6B546D24E3F14AB2AED8AC2C23222E30D2BB061D0D026B9527727922A"
"output\build\video-review-154512\x-58.png","1269433","4D7AFD2582BE83A694E26907B3ABEDAF0AD8F45A1FEC67339D6DAB1B722FBCF1"
"output\build\video-review-154512\x-60.png","1272486","30E0E6D74D74EA023C61E3ADD466D9C8C0F6BB91C79A9591D1CE9B1F0D86FFDE"
"output\build\video-review-154512\x-61.png","1245699","F3F8F878B2DAE023CA5E7464E9172CEC3ABA0BE2B9F70B98D870B02FDCDB70EA"
"output\build\video-review-154512\x-62.png","1252682","D3BA9725A618B10257C06D789A0C8DA199E4E837033DDC9E657E3DA491844A03"
"output\build\video-review-154512\x-63.png","1042868","4A53D12DF49875C6AA837B8859E66E58948FAE6414DC26D2E2EB248963E9BA5F"
"output\build\video-review-154512\x-64.png","1049773","52630CB37BA5714F8B82590E983A3ABBF6951801930E4354180B696E8862D174"
"output\build\video-review-154512\x-65.png","1056578","B55E2C9975D47BD4F296536959F5D2B41B604E1AB0E2C4E7CA36CE58870F8F1C"
"output\build\video-review-154512\x-66.png","1052644","117C60A77026C44C4A28675B0EFBDED60F4D2F2624303F013B46274CE719C7FB"
"output\build\video-review-154512\x-67.png","1056366","1C1ED16E86A04D567E0C5A02BC14FB15CEF8BFD54223773B44EDC69D275AD159"
"output\build\video-review-154512\x-68.png","1177541","09F080FDCDA38E0076EFCAE1A16DFF3C91C6A58D1DD1C70114DA82A929D9D1AE"
"output\build\video-review-154512\x-69.png","1112602","C9C3F05D94DCBB0065787B6EC605FED0D2A8AE82D1C42C036492034378441184"
"output\build\video-review-154512\x-70.png","1079105","53E672F24EC8ABE156F640A71FA9DAFE9A6EDE9EC3E0C9FE247EEB59CCCB1849"
"output\build\video-review-154512\x-74.png","1109646","E835E898B6233FB7210F75B5306C7D7DE0E922A319B11B2CBCFFA72357E11AB7"
"output\build\video-review-154512\x-76.png","1294191","E0E7267E5DB8803C1F7AB60759476DC8FC11CECE00C65892954E0458D4D0FC79"
"output\build\video-review-154512\x-78.png","1300244","9FEDBB7D66DA1BB8783974B3600A419FB8835B028FABC60738E497602A86F617"
"output\build\video-review-154512\x-80.png","1237988","08096E1186FC7B932E3DD722A7A20F823C081C6A124E78ED585AD10CD6D89748"
"output\build\video-review-154512\x-82.png","1239840","B6A227D6E31EAD26758544FAE2EFB06594CABBC94209E5199D242FD89A3DC614"
"output\build\video-review-154512\x-84.png","1255761","94D2769F8FB02B8D70E8552450DABAA660413F5E179E561D5D95C769EB00AB56"
"output\build\video-review-154512\x-86.png","964190","73DFAAC58048BE598F1EA9B044746B64E039EA833030622FF1DBDA714AB2FC69"
"output\build\video-review-154512\x-90.png","1293562","34F03650CB03CB3799EFC309F1437E8D4C553A89F175C51A6493975F9E3D3A6B"
"output\build\video-review-154512\x-92.png","1104513","B2139D88EEDF9228E9DF956DB94FA89913D090CCC07E77AF4C5F26C0767135EE"
"output\build\video-review-154512\x-94.png","1067621","5377DF0D29A7B7E1260A0A54622E31A36998654B57EC3B9C0B85D1F8A25ADECF"
"output\build\video-review-154512\x-98.png","1105797","B9533FD511B432031D354BD9B6B523F35F0840C0A27E73213F7F639C45954277"
"output\exports\测试.nes","1310736","2DA33D22C04B898518BB2450CDE0E7213DE6C8AC649B7F2423084E874613A3ED"
"output\exports\新修改器修改后文件.nes","1310736","82C218275459D53C0F306F6BC036C4797316976E0FA7AD1D5A8247E338995B8E"
"output\exports\新修改器修改后文件.nes.20260915-190107-577508.bak","1310736","82C218275459D53C0F306F6BC036C4797316976E0FA7AD1D5A8247E338995B8E"
"output\exports\新修改器after_modified.nes","1310736","71CFBAE5EFC37F834D64C6762E6E3867E7F83E113333570539D689837947C2D9"
"output\exports\新修改器work_modified.nes","1310736","67A99A16F60FA136FF90F5B4175305F0B1308161338A3D951126273CD3F62A2C"
"output\exports\新修改器work_modified.nes.20260915-193044-421537.bak","1310736","EFE5CD9B12271FBB4B96186CD49EB396E831E17C6503C06DA8FDDA58539293BC"
"output\exports\新修改器work_modified.nes.20260915-193111-027229.bak","1310736","EFE5CD9B12271FBB4B96186CD49EB396E831E17C6503C06DA8FDDA58539293BC"
"output\exports\新修改器work_modified.nes.20260915-200048-117370.bak","1310736","8BDAA0C95C40FA4BC34455C70917A5E898DDADEF63DC8CEB43100D0AC6B6644F"
"output\exports\新修改器work_modified.nes.20260915-201629-813396.bak","1310736","B1B3F55EA911059F15B8BBF0A154299323BE921C14EE870CA680804B0E9227EA"
"output\exports\新修改器work_modified.nes.20260915-201716-234983.bak","1310736","67A99A16F60FA136FF90F5B4175305F0B1308161338A3D951126273CD3F62A2C"
"output\exports\新修改器work_modified.nes.20260915-202038-198742.bak","1310736","B3020E21000EFEC4CD8C4E8DD21ACB942D0DF3624D43538BE19CB8C1BF546072"
"output\exports\新修改器work_modified.nes.20260915-205345-205211.bak","1310736","67A99A16F60FA136FF90F5B4175305F0B1308161338A3D951126273CD3F62A2C"
"output\exports\新修改器work_modified.nes.20260915-205348-990766.bak","1310736","67A99A16F60FA136FF90F5B4175305F0B1308161338A3D951126273CD3F62A2C"
"output\exports\新修改器work.nes","1310736","FC165EEBAE179108ACE830E5A6D3B742DB82505CFC49259B9F17BCCE67EC2977"
"output\exports\before_modified.nes","1310736","FB409D3225FC72F1FA586E27953538107751AAEC99E08198E31F8BE25ACB4DF6"
"output\exports\DC_kuorong_464K_modified.nes","1310736","2813A01D3321D49CA89E5C442016549471D38D4E1AA87E011ECE2595B0A325AA"
"output\exports\DC_kuorong_464K_modified.nes.20260915-191438-530152.bak","1310736","67A99A16F60FA136FF90F5B4175305F0B1308161338A3D951126273CD3F62A2C"
"output\mappings\旧修改器配置名称索引.json","385097","7542C995FE49841AEFCC175CFA6DEFF7AE8FDA4FE08237A73AA093409E1A6315"
"output\mappings\新DC_ROM名称与表地址映射.json","730100","F841834EE99DC47C51B3998B8D50DBEB04F57F2AB1D7E658AE225800113230E1"
"output\mappings\新DC完整码表.tbl","29541","2876BD31A6ECEE37FF41EA4F06D2B2B6749194251CC9AEEC6E5BB8B50464EB65"
"output\mappings\新DC字模地址映射.csv","65302","8AB0001BFB7CDC1FC6F34105E01D111E4CE15ABE07DF9514ED7D2DAB890FA740"
"output\mappings\README.md","904","70FB27D1B6E5DABF54BAC039C8C727D176521BD034F2DEEE7BE4D3778B3CB5ED"
"output\patches\DC_FamiStudio_增容双引擎_464K_测试.ips","767134","EFAEDAF6E474CDE676ECEC2AC119F5C5EB1C4B01C851A5C997FFBD01218DF823"
"output\pdf\DC修改器使用说明.pdf","1604470","973539D8B1E1536BCBB6AC6EF006398E6795AE7224FFCBD605C0519EFB78EA15"
"output\reports\golden-coverage-report.json","20410","1CD6CFD95387A02D44EC082FCB3CBC5127EFCA1C65038995D9ECF9E74AED167A"
"output\reports\golden-coverage-report.md","7196","CE8B17E032D1B44B3C1F0CE80CB724DDB76D617AD002C2AAA3B252C83B6308E1"
"output\reports\rom-build\DC_FamiStudio_增容双引擎_464K_构建记录.md","1521","9D4D9EE9DC61FBBE0F05F3B3DD73A73826C6142C5438E8707B8F29F850C70C68"
"output\reports\rom-build\DC_FamiStudio_增容双引擎_464K_容量报告.json","4549","75F16279EDE33E7CB497253FD4E95F76DB264B89F2434CA11DD024D1B2BC2B8C"
"output\reports\rom-build\DC_FamiStudio_增容双引擎_464K_验证记录.md","2161","EAF7A70C7D35D8D721D05D8CFB0EAD1FAD993FA60DA0B3ED83DCC41096B21CAE"
"output\rom\新修改器before.nes","1310736","82C218275459D53C0F306F6BC036C4797316976E0FA7AD1D5A8247E338995B8E"
"output\rom\新DC上_扩容15曲_音频时序修复.nes","1310736","B297F83C7EF0E908F7C3B74F36FC8F86B615F78224735F6E92AB673B9CE989B5"
"output\rom\新DC下_扩容15曲_音频时序修复.nes","1310736","0E2F64456B2C0AAC97E3968C05BB75A1715108EB9A2DBFB112E782782D29BAAA"
"output\rom\DC_kuorong_464K.nes","1310736","82C218275459D53C0F306F6BC036C4797316976E0FA7AD1D5A8247E338995B8E"
"output\verification\auto-plan\DC_auto_plan_smoke.build-report.json","470429","CE88177097E19F4FA122A505BDEA18391D30E6F5F9EED4B2C88096D5D7B6CD42"
"output\verification\auto-plan\DC_auto_plan_smoke.dcmod","957021","C046E8942948B7FE7F27D460EC8C30322EDFDA0CB9707A82F5CF20145106A21F"
"output\verification\auto-plan\DC_auto_plan_smoke.ips","65116","0D402BE21F8158A76C4BEF8F33FC4BE85D1E57D0C21B79EDB4787FF70050AA07"
"output\verification\auto-plan\DC_auto_plan_smoke.nes","1310736","D04B3D5D0C115E99E1CA7A146D1CB2309D11C6CA7C56271D0DD6A34D587E7570"
"output\verification\avatar-export\4：琉妮\[背面].bmp","3126","67E669162EA34A1CC92B21A782E4F02B3218646E35E5699DC20F19F2F1DACD90"
"output\verification\avatar-export\4：琉妮\[正面].bmp","3126","8367F85D3EF1B899669E33A96CBBA7D79A777D92E49AD333A216DE408DC65082"
"output\verification\bitmap-zero-background-game-effect.png","70232","4D2074D9BB4EB7A4951814B32453E6F571ED7FDED6FB434A12DAAA1A89C6174E"
"output\verification\current-unit-09-preview.png","4658","E4AF862B529A0722E1CBDEEDE7C92108DECC407FC73089056E3F2E6CD89D5854"
"output\verification\current-unit-15-corrected.png","3122","D3582610FFEF5681DFF10E79754F2CDFDE1CE166368C10105CD64248B2E39176"
"output\verification\current-unit-31-corrected.png","3796","CB40A648300DBB215BF5E9436F7ED588A8F43C08C9748F06B6496B58FA69117E"
"output\verification\current-unit-81-corrected.png","3144","2DDABF8B78B446E6938FAE597FB874D29EE548E2B8D7B356294FE412498406F1"
"output\verification\database-feedback\character.png","171313","8F8582E29925320CEFDE2FBCA440F6AD5BDE54ED6EAF1926BF76B5CDBB08B76E"
"output\verification\database-feedback\unit-small.png","103909","6341C7DCD9AE61ECABA331FC33E5FAF429EC58954016ED33458C18FC605DE500"
"output\verification\database-feedback\unit.png","182714","417C6BB4F2D41F8970DA9531C12CB7AD11D426801B13E6F3DA48267E7986F450"
"output\verification\database-feedback\weapon.png","155604","73A24A35F5D4D44A5506E84C52BCB3027DB0754EA9D0157EB2B8A27062356941"
"output\verification\database-full-addresses-and-weapons.png","25106","C86517CA10B8C10C34CF74F2C1419EF4BE4F1EEE64528FA30C37630DB7ACD108"
"output\verification\database-full-image-addresses.png","25060","EE4737858C9B303D2DAF756A148AFE35EF0EFB06F8E5881567D6B3D1CE0B9ABE"
"output\verification\database-unit-address-combos.png","28970","9D764A713437867DD3562820306225DE6F1BA6AAE3A527D51FD6E5115B4A9C60"
"output\verification\database-unit-before-reference-layout.png","22548","15173A7DDBF3687EEB44B47C9B9583463C7E23CDB8873D187C5A4B26721F07D7"
"output\verification\database-unit-full-game-preview.png","25702","6E6F416F579FA263E56BD46D04D06CAD2ED41CB992EEBDB4E87AE9648DCBB778"
"output\verification\database-unit-icon-legacy-row.png","25160","804D917CC092F8932FD97D527A3F867496065C1E4E05D9CAD9A44975BCFFE604"
"output\verification\database-unit-layout-fixed.png","28119","AE649F41AC28DD4C44A3EAE6EECE8A49615EDBB370D2502B45C1B205DBF8CE28"
"output\verification\database-unit-legacy-compact.png","29068","4708EE6933F7115F8E4DA9F8C397B8D13853A78A2C9E65541283F03EF67C90D2"
"output\verification\database-unit-legacy-final.png","29162","AE63E41CB801F77AC034F37F173A235A023545E3B4D91818D74C5A884D9E6032"
"output\verification\database-unit-page-compact-controls.png","25023","7D195022829A4B7169C193D656B685B5C7129BCDF63EEFF116C1B8D9A094BA8A"
"output\verification\database-unit-palette-buttons.png","29034","37A19BF25517977B44407656071AD686D6C0A348823C8F952BD7B345CE9DBB39"
"output\verification\database-unit-reference-layout.png","26566","16FBE710E90E397FF578A90312F03197B0932DCAE17A1EDDF70A88BD38739C1A"
"output\verification\database-unit-responsive-spin-arrows-crop.png","14229","6EFB592C0087FD342EC574E57D457C770282DEED4C125B9E3586E92FC74364F8"
"output\verification\database-unit-responsive-spin-arrows.png","24728","20B6D1A8991F0293BBC8B7AD95BDCDFBE99B00633CFA0003DC3BB944F2351D8F"
"output\verification\database-unit-responsive-visible-arrows.png","25497","50A37EB96A955C5DA6B016E6265329F61B2B4E336D8906E257E4CCFEA2F160C5"
"output\verification\database-unit-simplified-main.png","27885","76256E785552951CC6D50B022EB68DC8B3A6FCE3B6A08DF33C7D1583D74B1AB3"
"output\verification\database-unit-wide-full-game-preview.png","28691","9BB36D62E0D4C326C425015FE713822986E867A3C6767B0B4C1F0EB785435A07"
"output\verification\database-video-125pct-layout.png","25008","B0BF1F0B908FB570653157F9BFD6B1D86DBC1CF339FA731EE82E6C75AFFA1506"
"output\verification\database-video-scale-before.png","24976","91F542890D8F059C97F847FD537DAD6AA5BAA768668F22B522A7A89CDEDA2FAB"
"output\verification\dialog-lifecycle.json","4793","9ACF0C768EDEA053D636687081DE12E9176E60BB64A920B1D30FA3DFFCBB4A36"
"output\verification\feedback-full-tests.log","53302","519BDC0388C811E4653095A41E46F828162B84E427D7F3EFFE3870268D863318"
"output\verification\feedback-gc-diagnostic.log","57191","8F493C2C50F5D0123EA8DBDCF175B207B402E43A52D969DE20EF7CFC8F05E34E"
"output\verification\font-editor.png","61540","C7001F6FA4C22E6487952EB997EA49BB166C2FCE9FE82C508005BBCF67597C68"
"output\verification\font-feedback\验证记录.md","3196","0F884B5F8FDCDEF2E72A8C13D901A90BE6D6B438AFD24BB47E0CA0D49EABFA78"
"output\verification\font-feedback\baseline-capture.stderr.txt","0","E3B0C44298FC1C149AFBF4C8996FB92427AE41E4649B934CA495991B7852B855"
"output\verification\font-feedback\baseline-capture.stdout.txt","424","101699C76BD047AE31075AB5E89FED781985764B604AC7CB1E6FE80FA3621FA2"
"output\verification\font-feedback\baseline-frames\font-frame-0675.png","4736","B315051DA2C1CF8CD0AF743879F52CB5D95E54AF07EA5921600312A423D936A3"
"output\verification\font-feedback\baseline-frames\font-frame-1000.png","4736","B315051DA2C1CF8CD0AF743879F52CB5D95E54AF07EA5921600312A423D936A3"
"output\verification\font-feedback\baseline-frames\font-frame-2000.png","3587","CC462A4754034408F2A212D3536B2868FE217DE1CB24C68870D6B8DE93832277"
"output\verification\font-feedback\baseline-frames\font-frame-3000.png","3587","CC462A4754034408F2A212D3536B2868FE217DE1CB24C68870D6B8DE93832277"
"output\verification\font-feedback\baseline-frames\font-frame-5000.png","3587","CC462A4754034408F2A212D3536B2868FE217DE1CB24C68870D6B8DE93832277"
"output\verification\font-feedback\dc_mesen_smoke.lua","12544","DA78C6EB3D729941FF67D4C71258FF189F966D920A787026686131CD76E50455"
"output\verification\font-feedback\derived-capture.stderr.txt","0","E3B0C44298FC1C149AFBF4C8996FB92427AE41E4649B934CA495991B7852B855"
"output\verification\font-feedback\derived-capture.stdout.txt","424","101699C76BD047AE31075AB5E89FED781985764B604AC7CB1E6FE80FA3621FA2"
"output\verification\font-feedback\derived-frames\font-frame-0675.png","4736","B315051DA2C1CF8CD0AF743879F52CB5D95E54AF07EA5921600312A423D936A3"
"output\verification\font-feedback\derived-frames\font-frame-1000.png","4736","B315051DA2C1CF8CD0AF743879F52CB5D95E54AF07EA5921600312A423D936A3"
"output\verification\font-feedback\derived-frames\font-frame-2000.png","3587","CC462A4754034408F2A212D3536B2868FE217DE1CB24C68870D6B8DE93832277"
"output\verification\font-feedback\derived-frames\font-frame-3000.png","3587","CC462A4754034408F2A212D3536B2868FE217DE1CB24C68870D6B8DE93832277"
"output\verification\font-feedback\derived-frames\font-frame-5000.png","3587","CC462A4754034408F2A212D3536B2868FE217DE1CB24C68870D6B8DE93832277"
"output\verification\font-feedback\font_probe_DAC2.nes","1310736","57B00EA03E065A50217EA81EC119AAE7008600D5D451B4A88C655B9E84100243"
"output\verification\font-feedback\smoke.stderr.txt","0","E3B0C44298FC1C149AFBF4C8996FB92427AE41E4649B934CA495991B7852B855"
"output\verification\font-feedback\smoke.stdout.txt","120","7CA9A621E10D5A2D22AE2680245DACD2B2091681775D55A625DFE261ABA83DFB"
"output\verification\font-feedback\static-verification.json","919","090FB6B600D3B28D79B56B747875F4865A072AC4D60A8C09B7F44ECCDD4C3A87"
"output\verification\initial-config-all-level-icons-ui.png","181477","B41DC6A2FCE14906DD6A053DA8992EA1D5FB7B790FB5B25B43890F25BCF0B7B5"
"output\verification\initial-config-event-icons-no-rim.png","204537","4736F43E8C1A4B9D6CE8F1E31D73B0D3B1212CD5488553676F76CB5448C8B069"
"output\verification\initial-config-icon-library-compact.png","183881","23DDF1BF64F97E93CB92809334B488299B2C99311AE64E8BC51C488893DF868D"
"output\verification\initial-config-icon-library-expanded.png","170593","2FDBB1102DF1FC1B0AB4B3BC5E4B27404BFF6334EC8F26CB66E227129BE1F2DE"
"output\verification\initial-config-icon-toggle-restored.png","175242","3899D5F3F043076D98556AD60C3414277F181BAA4DB296486F93E517F3685537"
"output\verification\initial-config-right-click-contrast-ui.png","204072","FAE5191E30FB9D2E4A6F6626D5CD1210FE63E103876F5FF79A82E48527E2227E"
"output\verification\legacy-database-current.png","173367","5844D70C9A2B4C2A43CCE567BFE3C56631F77323400EA6C5C18BBAD93B4B2A2D"
"output\verification\legacy-ui-probe-m03-m04-20260916-paired-v5\controls\A01_启动器.json","3859","B41235C8F19EF011E021C47D71A064D6E09DC5EEE205BB96ACE57E53FCEA8F53"
"output\verification\legacy-ui-probe-m03-m04-20260916-paired-v5\controls\A02_主窗口_未载入ROM.json","31504","3C247C1622375F51F44BCAAE59A842AEB90B3F709EE29F7E2E0FFD92FE85B56A"
"output\verification\legacy-ui-probe-m03-m04-20260916-paired-v5\controls\B01_打开ROM对话框.json","28313","9C3D08D1BA847F1D860E35723BD778960B29928FEAF03FE98954D53443FB6467"
"output\verification\legacy-ui-probe-m03-m04-20260916-paired-v5\controls\B02_主窗口_载入后.json","33451","C1CD007DF7E17379EF23A04BCE482E1E436DB5B2E7E47D20F00F4A198BBAEE2A"
"output\verification\legacy-ui-probe-m03-m04-20260916-paired-v5\controls\B04_主窗口_实际页签_页签A.json","30820","6ED7833E42B0FD38F919931E53BB51DA8328F303673AA890CDC0D2453FAA863A"
"output\verification\legacy-ui-probe-m03-m04-20260916-paired-v5\controls\B04_主窗口_实际页签_页签B_x97.json","30847","7FD7C0D9275E534A060DB0A81FBBCD7AA249A90D9DD19B428AD662760A7CA214"
"output\verification\legacy-ui-probe-m03-m04-20260916-paired-v5\controls\B04_主窗口_实际页签_页签C_x193.json","30857","8BF26853BB48A6F6467E2DBA781E7BABB466474DDBA7839E3B8C7877BFEACA8D"
"output\verification\legacy-ui-probe-m03-m04-20260916-paired-v5\probe-attempts.json","928","DBCCDE4E901EBAFA0753F2FBDA43C4FA2C7F3A728AFB4B34A71BA908F2AAF74D"
"output\verification\legacy-ui-probe-m03-m04-20260916-paired-v5\README.md","1698","2922C8AC08E29C1429C6C1386939C366D442DD2088ABC77986A7A651772EC20F"
"output\verification\legacy-ui-probe-m03-m04-20260916-paired-v5\screenshots\A01_启动器.png","62197","27C7C29001DD49238272CFA1A20A62F2083002F4E75328EF7E12305F530F98E4"
"output\verification\legacy-ui-probe-m03-m04-20260916-paired-v5\screenshots\A02_主窗口_未载入ROM.png","16686","5E3B53F473FE4BB7F1FA0F4434DC632AF6D2485C53A173078FCBF5D83273E5AA"
"output\verification\legacy-ui-probe-m03-m04-20260916-paired-v5\screenshots\B01_打开ROM对话框.png","50446","747FE88BBC9CFF8D2CE3098DF68DF34518663DB283EB2640CC4D5E5C5C928276"
"output\verification\legacy-ui-probe-m03-m04-20260916-paired-v5\screenshots\B02_主窗口_载入后.png","350859","CE4387545D04B18B13BB77C1758E21CC99703765A2DB8C866D24FD1E6AE1CBD1"
"output\verification\legacy-ui-probe-m03-m04-20260916-paired-v5\screenshots\B04_主窗口_实际页签_页签A.png","349585","C81B091C04107D36AA3C53CE9CD6245EEC6D19D7491FE975BFAB5413FA12B986"
"output\verification\legacy-ui-probe-m03-m04-20260916-paired-v5\screenshots\B04_主窗口_实际页签_页签B_x97.png","390222","14462956C0F8BC0BC39F17F5B8E6FB3F25607F21EF8688D09E391BC68A8FF30F"
"output\verification\legacy-ui-probe-m03-m04-20260916-paired-v5\screenshots\B04_主窗口_实际页签_页签C_x193.png","316541","A3F302980FE2E8286821F80C2B695428E3AA7AA00052779D3E7BD12073507462"
"output\verification\legacy-ui-probe-m05-20260917-diff\movement-discovery.json","532","71A80DF25D92D8938774011F22CC5BBA461FD9DD883F8724732F13CEBC53B9AD"
"output\verification\legacy-ui-probe\controls\A01_启动器.json","3856","EF8E2AB36183F508727BC8212A0F1CA8AFC9D3A88A981C6AA76F4CD88F02506E"
"output\verification\legacy-ui-probe\controls\A02_主窗口_未载入ROM.json","31477","C6DD5A96D12B79A88E497CD6DADB569113A6E859749BB6EF8D675BDB1907627E"
"output\verification\legacy-ui-probe\controls\B01_打开ROM对话框.json","28304","CEBFB5CC14335E9ED7AE23E80F0AD74F2A356CAEC6B071CB387063544012404D"
"output\verification\legacy-ui-probe\controls\B02_主窗口_载入后.json","33424","6D30FFDCB4CF5522F89971317F4948FBB972397CEF8A96C906EE657892D73FB0"
"output\verification\legacy-ui-probe\controls\B03_完整菜单树.json","1933","E22C02E66148FA18EBA397EABFCCE42F2FC511EBC741B697807C6C61A8D27656"
"output\verification\legacy-ui-probe\controls\B04_主窗口_页签0.json","30780","65EB85E01E803381D65465FC78250A88024D782ED3352A81B2ACC8F57AE3128C"
"output\verification\legacy-ui-probe\controls\B04_主窗口_页签1.json","30812","0249D40B239519FF58BA2340DFB3CEEE0DA0766085747462909D11894C85BCC2"
"output\verification\legacy-ui-probe\controls\B04_主窗口_页签2.json","30812","DFC75CEDB769F14993A0A4B0BF199A6F72B2A7403BB508AD717728BE7E1613BB"
"output\verification\legacy-ui-probe\controls\B98_载入后弹窗1.json","1839","09FD8B1725074899736E7AEB338D262449DD6A3D2B617C9DD73CC3357CC3C887"
"output\verification\legacy-ui-probe\controls\C01_数据库.json","161613","4B97BE5565A3FA996537925496F43653FCF5E7C670B646762AF40019944F7E07"
"output\verification\legacy-ui-probe\controls\C01P_数据库_机体修改.json","161300","493879F3109B6DBFF7ED31803EF9DDAFC988160CCF47EFA5295BEFBFE0925022"
"output\verification\legacy-ui-probe\controls\C01P_数据库_其他修改1.json","161347","4D97A502DF609C6408FC1BB5C539A7C08763808C743B518BCB87B5859383EE48"
"output\verification\legacy-ui-probe\controls\C01P_数据库_其他修改1v2.json","161342","243DF111417DB49D9706DDD9A74DDD1E0B3E0E433AC7E93EC0D5DD1B3D2D3E99"
"output\verification\legacy-ui-probe\controls\C01P_数据库_其他修改2.json","161388","81A7FBB754B01EFE849A625DD1BAE55519A27896ACFE3BB613B9C6834D218566"
"output\verification\legacy-ui-probe\controls\C01P_数据库_人物修改.json","161368","7325712976EE03E02CE0CCE86A4824D2CF178DF64D4829262C438A71B7ABC496"
"output\verification\legacy-ui-probe\controls\C01P_数据库_人物修改v2.json","161346","F01494F58ACB2827ADAEB271F937BF3944496E5E4F8FD0223717F54DB3E9BD8A"
"output\verification\legacy-ui-probe\controls\C01P_数据库_容器1090_攻击对话.json","161392","BA862D46571582A6F8D91DCF004C3488478C830BEB6FFF273041DE68B7DAF011"
"output\verification\legacy-ui-probe\controls\C01P_数据库_容器1160_防御对话.json","161390","5420CF2787BDECE2ED622453F065C6B5DF95162E7380CA004276A05A0FCBB851"
"output\verification\legacy-ui-probe\controls\C01P_数据库_容器1170_基本属性.json","161384","3EDEA07292EF65F77C92B7B46E02E7DF27066F1C66170D9E376A257ADE5E9F3E"
"output\verification\legacy-ui-probe\controls\C01P_数据库_容器1260_精神列表(双击可修改.json","161417","4546EC4A97A1F5D039239CFBE73D682B1CD473D3E7F0FE2780AACCE62D18C1A0"
"output\verification\legacy-ui-probe\controls\C01P_数据库_容器810_基本设置.json","161393","65A6EA3363A0FC6DB9785FEB7CF029F6655D59CA8DD79BD23D7CA1706D8AD591"
"output\verification\legacy-ui-probe\controls\C01P_数据库_容器860_人物属性.json","161379","8C0EDC3E0C0EE7C79D6BF67C3C8CB366B6D8E1F02A1A95C82ED9DB460E31DDBC"
"output\verification\legacy-ui-probe\controls\C01P_数据库_武器修改.json","161373","36907B230B6E1C12467E0615C2F93CED40C52E46E306EF35D7E9D31BBDA5A506"
"output\verification\legacy-ui-probe\controls\C01P_数据库_武器修改v2.json","161365","9DF61EA6DC55FAC9842CB0B3AF7725835ED9C592A14FF8A4AEC2585CFED0CBD7"
"output\verification\legacy-ui-probe\controls\C01P_数据库_战斗对话.json","161385","452D0E44262DA8330C64B28E3C5C303CF7D30EC4259A01747F3FD0F58C0B3C4C"
"output\verification\legacy-ui-probe\controls\C01P_数据库_战斗对话v2.json","161364","3BDD83D4093183343FE0A74C8F9B9B6D7D1D1AF350DB7DCC9995EB774D30333D"
"output\verification\legacy-ui-probe\controls\C01S_数据库_页签A.json","161642","6F36EED2A662B5B0C860E1B18C92B7F3F5A66A4260D3B7BA3BF73330C1CF66FA"
"output\verification\legacy-ui-probe\controls\C02_文字库.json","10520","367BF06F388434E6563EE2C700974336C193184BC96D69CA8B408CD039070C2B"
"output\verification\legacy-ui-probe\controls\C03_地图动画_地图动画.json","34825","7763AAE2CEDEEB339074571BD6B2161206DE36DAF71962030E76D98D9B803131"
"output\verification\legacy-ui-probe\controls\C03_地图动画.json","36112","9C34BBCC9AC01A7CA21F241077C46DA5CF0C4DBEA174B1530C163B3D8794F4FE"
"output\verification\legacy-ui-probe\controls\C03P_地图动画_地图动画.json","34691","04728D9D37B7A734A10E8C1EFFD3A270A2F4E0C254B7D4DBCA1AE1CCB8ABBEE6"
"output\verification\legacy-ui-probe\controls\C03P_地图动画_规律_背景.json","34694","888E01164C0895BD0D5D31A54198446B68CB0C0444C3356A2FC3277EAAD3F59E"
"output\verification\legacy-ui-probe\controls\C03P_地图动画_规律_精神地图武器.json","34700","B1B0A8080D7712E73B5E0BC489896C97943566F6EBB9B2FB31F83F645FC4B3D3"
"output\verification\legacy-ui-probe\controls\C03P_地图动画_规律_运行.json","34693","4D3E13AFC5C36E4E21A83DE219AFC10924F1BC9FE0473EB177269BD31D17E145"
"output\verification\legacy-ui-probe\controls\C03P_地图动画_规律_组图.json","34683","88C022750FBA82BDEAE6F138DAF4B67A4E80210532F83132DADD2A2510FD1B8B"
"output\verification\legacy-ui-probe\controls\C03S_地图动画_页签A.json","34832","F959DB8DC3E0DDACA42D0A75231F271276C91743586E98D8737656334B721B68"
"output\verification\legacy-ui-probe\controls\C03S_地图动画_页签B_x38.json","34834","19B7D10FC0E7EA5073045E57353F9BDEF9C2D99FC5548DB28C25927B2402DCC2"
"output\verification\legacy-ui-probe\controls\C03S_地图动画_页签B_x465.json","34837","2882E71C0AA94F3AD64F0EEC7472BB0232C69F5804DAB218355D9A18B2E2246F"
"output\verification\legacy-ui-probe\controls\C03S_地图动画_页签B_x598.json","34834","BD89E1297864DF22DEF074B78429305CAE8B6BBE4BB4CD37274E06343DAA4F2E"
"output\verification\legacy-ui-probe\controls\C03S_地图动画_页签C_x481.json","34837","854A05AE4311B3463FB773BA37FE292159A4F0B3076B0647B468FD11AE3D3FB1"
"output\verification\legacy-ui-probe\controls\C03S_地图动画_页签C_x54.json","34834","86E8684CC3DBF821246C0233C48C8EFB6F6D86E17A7A62791DCC7B806DB2D31A"
"output\verification\legacy-ui-probe\controls\C03S_地图动画_页签C_x614.json","34834","89A84D6A69FD9937AC831C1A267014D3E9BF7441C73E1E210500A738B44CF35B"
"output\verification\legacy-ui-probe\controls\C03S_地图动画_页签D_x1105.json","34838","2C73C0256430F38C3C22450D51FAC931C7D34A6F9BE0ED646E23018307C6F6B1"
"output\verification\legacy-ui-probe\controls\C03S_地图动画_页签D_x966.json","34835","960152E7513D4AE4F6D028461352C2262E4846AC9EDC5930B2BFC5A9C01CF5E6"
"output\verification\legacy-ui-probe\controls\C03S_地图动画_页签E_x1121.json","34838","08384C760C85D8EE665519D0F554A38AA990EDEFC64DEF62C969D5CE6E72235C"
"output\verification\legacy-ui-probe\controls\C03S_地图动画_页签E_x982.json","34835","FB99045A69BDF9E592F014979E8BD66FE24C8E58640FE3B3E112E394FEAF095E"
"output\verification\legacy-ui-probe\controls\C03S_地图动画_页签F_x1126.json","34836","A72C45E25457AFC691AD571FD86F85F70192D96DE4BAE8959FE41B7FC7E779CC"
"output\verification\legacy-ui-probe\controls\C03S_地图动画_页签G_x1142.json","34836","DD08FBE485AB27199645037E2E560AD80FAE3D459DF6FBB73DFBA73777610613"
"output\verification\legacy-ui-probe\controls\C04_文字转换.json","2936","E32B42E0A52875F1A623725BC10CA91E176390139D5A3C508C308E425BDB0949"
"output\verification\legacy-ui-probe\controls\C05_剧情事件.json","38531","F9C57A05EC8FAD6762945CDC7DA2668FABAF5AA4D955141446A490AE72AC0E14"
"output\verification\legacy-ui-probe\controls\C05P_剧情事件_标题拼图设置.json","38416","0E565B10851C3215862109A06C93B820D23C91967027388A21E0254ABB54F518"
"output\verification\legacy-ui-probe\controls\C05P_剧情事件_地图事件.json","38411","728E42E569D1DB0ED44E2E62BF7F32FCB8AD43038EAB5BFC6A578C1B830593A3"
"output\verification\legacy-ui-probe\controls\C05P_剧情事件_对话段选择1.json","38415","E2268183EDBCCAAA6A9B9C60DCF11D7B14A0E758B84D66DD34AB195F64912CCF"
"output\verification\legacy-ui-probe\controls\C05P_剧情事件_对话段选择2.json","38413","D872D277EFCD25C53787EC521D41AEF07C547EB65BD65FAB9D21F166B68DD86D"
"output\verification\legacy-ui-probe\controls\C05P_剧情事件_基本设置组.json","38398","687A1486AF623CF6040416803F5AAA8EA68388CE127E39782D6D230F2B214F99"
"output\verification\legacy-ui-probe\controls\C05P_剧情事件_劝降选择.json","38411","F443B9F7C3841B8B7D000DB9778C92B1F909C0350A15E70F0B5219DDE90C7295"
"output\verification\legacy-ui-probe\controls\C05P_剧情事件_容器250_事件编辑.json","38420","0A3E43F4834D3C58D7057F4E5EE59A4F15D3A6A6949596476F5C2C6CA04E657C"
"output\verification\legacy-ui-probe\controls\C05P_剧情事件_容器300_事件编辑.json","38420","91ECDF26B3C246735A083028D34F1B3F91400510274CC9CF0CD315E84DB2F10B"
"output\verification\legacy-ui-probe\controls\C05P_剧情事件_容器350_事件编辑.json","38420","F1510882F2B4C1A7DF2DC3252DDE462766D838E9C4FC5DA59CF5263F2BE64F63"
"output\verification\legacy-ui-probe\controls\C05P_剧情事件_容器530_文字编辑.json","38421","175BA09515E8B7AEA025FE2D77D565EAC62B77AE857CD66C4F73840999545740"
"output\verification\legacy-ui-probe\controls\C05P_剧情事件_容器660_文字编辑.json","38421","943AFFFA89222FC6A304CE368ED1780EFF56E37B11244E640389DB9237965E94"
"output\verification\legacy-ui-probe\controls\C05P_剧情事件_事件编辑_初始页.json","38410","1EB8B8D91583A9896FDEFF204E629AF0E7D633A50E03E1579CA7EABBBDF8197B"
"output\verification\legacy-ui-probe\controls\C05P_剧情事件_文字编辑提示.json","38417","5EE8B6699CB693C31D8109188F9B5628821C6AEA0A18A7EEC30CE5297808FADA"
"output\verification\legacy-ui-probe\controls\C05P_剧情事件_文字编辑提示2.json","38418","7AF5B4535AAE734E218844D53C093B5A87B82EC631FFA02559B7C8A126DE3FB0"
"output\verification\legacy-ui-probe\controls\C05P_剧情事件_行动事件.json","38411","6CAE343F8EDF8D439720D54B91BE2651A516FAC2135DEDBB6D4BCE175C1721DB"
"output\verification\legacy-ui-probe\controls\C05S_剧情事件_页签A.json","38539","0CF12AF951A6F3776B3F1447B699A6E4F40B3B5657AE6DCCA8FC31E8440D41E4"
"output\verification\legacy-ui-probe\controls\C06_导出机体.json","29045","F587A93037285FA50E69A2EDEC9BC1B0ABB2B81CED4BAC3CD244E7E9D46943C2"
"output\verification\legacy-ui-probe\controls\C08_属性计算器.json","31706","C017E6DBE91D1C268ECE65FDE0D2EAC6A9A2C1C8555EAF3CBA722C49D2A86176"
"output\verification\legacy-ui-probe\controls\C09_存档修改器.json","5659","AA656A47ACD3CDCD7A715B6AA2BE1C3DA95842609DBAF91D5B508CDDB19D9D3C"
"output\verification\legacy-ui-probe\controls\C10_其他_% +.json","44864","12AB91F52C89A86CDE8F7C5D2E91E2AD559D8AC234822E0AE3FC9D6F6F27102E"
"output\verification\legacy-ui-probe\controls\C10_其他_% ＞.json","44866","A14866F4AA498F09EEB56FAF087535EA13B63E038B1BD9A9F8B384B8FD24C703"
"output\verification\legacy-ui-probe\controls\C10_其他_20.json","44863","E845DC0187465ADDFC3B80092427D134BAD965C447B4B0343E2575BB438AA681"
"output\verification\legacy-ui-probe\controls\C10_其他_70.json","44863","AD95228CCDD02D58EE4305AD40E5A123DBBFE76DF37E758E7CE2474BA0713119"
"output\verification\legacy-ui-probe\controls\C10_其他_90.json","44863","7022D5040D54D2D06E5A26224A5C7F1298AFF7624117DF12ADFA234C53C9F2C9"
"output\verification\legacy-ui-probe\controls\C10_其他_被攻击方速度的.json","44882","23FE3C5ED7986B3C8D9862BDB4D6BB89E631566D8A147AF199F19A6B275BABDC"
"output\verification\legacy-ui-probe\controls\C10_其他_如果攻击方速度的.json","44885","1D8126D52798939C431FD684AEC619358D1AAE641BB6E1268ECEFB7DEBA6EBC1"
"output\verification\legacy-ui-probe\controls\C10_其他_则双击.json","44870","2EBF7391C970BE9B02B8E9F0CD4845EC7112212636090F6501F52C13C8D892B6"
"output\verification\legacy-ui-probe\controls\C10_其他.json","44860","6F18DE7C9CE6FAC706F196114F1ACFE6C0D9DD8657DF15EAEA3F73095B810AB8"
"output\verification\legacy-ui-probe\controls\CLEAN__EL_HideOwner.json","551","D623003C73C59320F50350F7A88355D4D73D770087CA283275F1BA0CEE7DF27C"
"output\verification\legacy-ui-probe\controls\CLEAN__iext3_CTi.json","590","FB94C5BFCBBCBD0EB1527D0CEE434C87671090EB948ABD26A8ED5A70262D5553"
"output\verification\legacy-ui-probe\controls\CLEAN__SearchEditBoxFakeWindow.json","578","876F0527C5EE211B7C7A89A1FFC8F63869A24598066B6EC8C65A9FE84B087F43"
"output\verification\legacy-ui-probe\controls\CLEAN_错误.json","1831","CE7F96888F8A7A9C7E2DBCFE7C4257F5C23E6EA40E0031B01440F186363EBF5A"
"output\verification\legacy-ui-probe\controls\CLEAN_打开文件.json","28263","6F20DD656FE0903A5AEB2E7575A9B10BBEC4EA1519BAF9B00653015C1208150A"
"output\verification\legacy-ui-probe\controls\CLEAN_数据库.json","161006","C352D0C31E5C38D07EA480F6AD49EDCBE5A824FC0E7697117686DD9CFB02346A"
"output\verification\legacy-ui-probe\controls\CLEAN_Auto-Suggest Dropdown.json","2240","195583F69F5B46969214DC2A95E59928D3CA2BD14AFA92BECD1824097714A9A4"
"output\verification\legacy-ui-probe\controls\CLEAN_ComboLBox.json","554","BDD25CE57AB59120990CA8BBD4AF44AECE2311FFFA1239ADDAD4DB377E56DD6E"
"output\verification\legacy-ui-probe\controls\CLEAN_CPPToolTip.json","536","4BDEA47B24B180F8C029519B31B00F95812A72F5228B6A19F5AE642926568530"
"output\verification\legacy-ui-probe\controls\CLEAN_Default IM.json","543","999F0E1295433794AF76D1575177EE9D0E9101F27312FEACD7334AFDF138F915"
"output\verification\legacy-ui-probe\controls\CLEAN_HintWnd.json","544","ACAE380802682F514B015B583ACE11C317CB8193B88203ABE2B7AC1D340BD805"
"output\verification\legacy-ui-probe\controls\CLEAN_MSCTFIME U.json","559","DE91077CF6B5ADD95EE407474E41285389AA2493314CFB5D99625DE8EB7E39C1"
"output\verification\legacy-ui-probe\controls\CLEAN_Sogou_TSF_.json","563","2D95CB99BBBA5803D6CB41D3466C8F2426F19AF36F6D8B90313AE780FE492214"
"output\verification\legacy-ui-probe\controls\CLEAN_SoPY_Status.json","568","D95D2F110A49FE33724D93251699F898F81F6D21A44B2D679D1B97F2B6AD5919"
"output\verification\legacy-ui-probe\controls\CLEAN_SoPY_UI.json","526","7B5674C5329132653348B0500986959802B3781C3C0844640D6506502E1DE42B"
"output\verification\legacy-ui-probe\controls\CLEAN_tooltips_class32.json","554","964B95E27F49A7B02747751F5D565C646D998198204CDB89490FDEBD08232E6B"
"output\verification\legacy-ui-probe\controls\CLEAN_WorkerW.json","537","127762EAD5235ABFED42B96CF5F5DEEC07F57EE26450E82F47C1BDBBAC25156F"
"output\verification\legacy-ui-probe\controls\CLEANX_阻塞弹窗1.json","1839","F09016B23AE08598CF55191C0FBEA824296986E4903B5DBA6D4519C7D3AAE4C1"
"output\verification\legacy-ui-probe\controls\CLEANX_阻塞弹窗2.json","515","C56E3DDBE8CB88FD07A85D9D7283B0D43579B01FDFF81635284C2A9CFFB4F8EC"
"output\verification\legacy-ui-probe\controls\controls_summary.md","759983","D91AF0A023AD8EF1218809ECCC376117B50DCE6E6F32715F70C431651A5FF138"
"output\verification\legacy-ui-probe\controls\D11_导出机体_保存对话框.json","29122","C580D581CA2D4D8E62146534778985E9560E9976DFE4A39BA41A73A4EBFA24C6"
"output\verification\legacy-ui-probe\controls\D1x_数据库_机体修改_上传机体.json","28365","F022BC534D2FAC4AD12AB4A4D3484E9BEEC3E84BD56C27DF1F4DDBB7BD68EE53"
"output\verification\legacy-ui-probe\controls\D1x_数据库_机体修改_上传碎片.json","28367","6027E5C9008A6915FE5F9E41048EC91E3703D7FB39D4C6F596C9DA1471C73F91"
"output\verification\legacy-ui-probe\controls\D1x_数据库_机体修改_上传图标.json","28371","DDB5AA2CE0ADCF223CCAD617E1B514FBDF85B8198CBE18F99BE8F98D585DDD1C"
"output\verification\legacy-ui-probe\controls\D2_数据库_机体修改_更改图标.json","6776","83580299F45DA4F02662E6725D591E985BAEF539BDFB6F1A7671936AD9ED6433"
"output\verification\legacy-ui-probe\controls\D2_数据库_其他修改1_成长修改(16进制快捷修改).json","2248","074C1F00D544C2191F6851A3A5861A907237DAEF836FF083E7289DF00D6644A8"
"output\verification\legacy-ui-probe\controls\D2_数据库_武器修改_更改等级上限.json","2142","767948B4926BD53B48B3A3342E84DEC6BCC149C0A489712F6F5F21AAD5816930"
"output\verification\legacy-ui-probe\controls\D2_字库编辑_选择字体.json","11734","9CF2547171CADB382AA3034251F11EB5C3D83DF884DFF35B6C94C1F832A86E6A"
"output\verification\legacy-ui-probe\controls\D2_字库编辑_主窗口.json","10501","D1194EB98FB0EC2EBB96FBFC7AC690DAD187BDAC9EE332C0D032E2E991B7EDA6"
"output\verification\legacy-ui-probe\controls\D21_存档打开对话框.json","28424","F32512DD3CEC2FC923960EFF9DD3F829D03A0E8E1742E57060704C23D5D726D9"
"output\verification\legacy-ui-probe\controls\D22_存档修改器_载入后.json","5672","08AAE074313C693E3B445F2020D6657CCE1BD766EE83A6F772605FF646A2D89E"
"output\verification\legacy-ui-probe\controls\D3_属性计算器_主窗口.json","31692","FD78C73E439C08D50689C7564F67277B592906906189C50C53C6D20192415FBF"
"output\verification\legacy-ui-probe\controls\D3_数据库_机体拼图.json","16742","27E337999108A80F576CACE44DCD5D197B2A1F4E025035846599F5465BF21345"
"output\verification\legacy-ui-probe\controls\D3_数据库_碎片拼图.json","16310","06240CA37E2873790457F44F2313A63EDC68D99B9DD256E90E84FDF77AC81E7B"
"output\verification\legacy-ui-probe\controls\D4_属性计算器_更改倍数.json","1849","5F4796A1CBA533E2EB53BA8AB0DDCF5DDCCB02BB45766EBC5F61069C658AA753"
"output\verification\legacy-ui-probe\controls\D4_属性计算器_主窗口.json","31659","9AE1AC9FF8B14585C75117D69AE342CF8E152E14B595B03841D6A26BB9355A10"
"output\verification\legacy-ui-probe\controls\D5_编辑战斗对话.json","161378","1FCC8690A1DAD94B940AB6E5E42E135556D86F130BCCD9AB24B8F7EA70638AC3"
"output\verification\legacy-ui-probe\controls\D5_地图动画_代码编辑.json","2907","EB196763D93D0CBCF184138FD74C3CF40DEFAD81696C66CFA56A78BD4AD428C2"
"output\verification\legacy-ui-probe\controls\D5_地图动画_动画拼图.json","9727","25E9279B5B52F9DE308CB519343C01C87CD6235E4FCD9A335C6E93F3E3D863A7"
"output\verification\legacy-ui-probe\controls\D5_主窗口_战场地图页.json","33473","BF929CDE99C282B23578341C6CC903A75CDF5DC1C48A4FFFC9CF573AAE7EA875"
"output\verification\legacy-ui-probe\controls\D7_主窗口_点编辑图块属性后.json","33488","365053BAE71C32EC4EF126DFAF4949D53F62BF986723FBB236834732A30BA686"
"output\verification\legacy-ui-probe\controls\D7_主窗口_点图块后.json","33476","176D29732F16CCEEFF2D3EF4983502C0B56EF8D8D8842C0F37752730820821C6"
"output\verification\legacy-ui-probe\controls\D9_主窗口_点编辑图块属性后.json","33512","04BEE57FEEA31BF8DFD40BAC684C1E2A702046595CABDF88AD8FFA30EBFE47E8"
"output\verification\legacy-ui-probe\controls\DIAG_阻塞弹窗.json","1840","E59B6D31D58D666918A148FDA812B6FDCBA5D4E7FF86075BA4683984C414EE85"
"output\verification\legacy-ui-probe\controls\DIAG_阻塞弹窗1.json","29110","285342FDBFC6E8994C3CF41D7CE99F454842B85ED180253D364AB8B33E2C10E9"
"output\verification\legacy-ui-probe\controls\DIAG2_打开ROM对话框.json","574","21BB9BA4A9A83623E50C10D24017D8FDFC4115D4EFE8DA825759A06AEECC7D26"
"output\verification\legacy-ui-probe\controls\DIAG2_启动器.json","3848","FB70F65F4A93BE34A20DCCF2E28D0B4E546390CAC1BFAC445AE2DE6EE276FF03"
"output\verification\legacy-ui-probe\controls\DIAG2_启动器B.json","3849","CCEA8C77F7305FC08D918AD9A7468FE724314EB5740D6341E387276DAA42C9A9"
"output\verification\legacy-ui-probe\controls\DIAGT_打开ROM对话框.json","28330","E93FB9D4B1788A3A902C788167A9B95D9BB58A761A259AEF3D5775B6274DC564"
"output\verification\legacy-ui-probe\controls\DIAGT_启动器.json","3859","3DEC6354C8FA2480077F7A74821D9590D065F1E41BDD0C9D551B66F8871EB5DC"
"output\verification\legacy-ui-probe\controls\TABPOP_阻塞弹窗1.json","1854","3F4E20FA941973F6D1844C78A9B520B0CC04613CDABB387361572588F3B50ED8"
"output\verification\legacy-ui-probe\controls\TABPOP_阻塞弹窗2.json","2117","20BF0C536AA929821E8F26BF6761BECAC9732CE53F5C5C824C7DF562B6C76914"
"output\verification\legacy-ui-probe\controls\TABPOP_阻塞弹窗3.json","6758","4E0D7556FE8AC268C7E222D7CFAB2FA29E6F989E4262E7920AA7023385C3ADC7"
"output\verification\legacy-ui-probe\screenshots\A01_启动器.png","62197","27C7C29001DD49238272CFA1A20A62F2083002F4E75328EF7E12305F530F98E4"
"output\verification\legacy-ui-probe\screenshots\A02_主窗口_未载入ROM.png","16686","5E3B53F473FE4BB7F1FA0F4434DC632AF6D2485C53A173078FCBF5D83273E5AA"
"output\verification\legacy-ui-probe\screenshots\A03_菜单展开_帮助(H).png","74802","360B74059400907BCCA2F4BE1D2707ABCCBCA447F5FBFFC301964484C874368B"
"output\verification\legacy-ui-probe\screenshots\A03_菜单展开_文件(F).png","74802","360B74059400907BCCA2F4BE1D2707ABCCBCA447F5FBFFC301964484C874368B"
"output\verification\legacy-ui-probe\screenshots\B01_打开ROM对话框.png","56401","07FFC5D83D5B20B5596C79AB75F3FB89CF2C9AB97BA9323C22ABC35A4E68399D"
"output\verification\legacy-ui-probe\screenshots\B02_主窗口_载入后.png","231581","07D9F729FC959C9C7FBA1253ED87CB44FF3B8FFFE4C3C4F8A36C1B4AB9DDC2EF"
"output\verification\legacy-ui-probe\screenshots\B04_主窗口_页签0.png","231581","07D9F729FC959C9C7FBA1253ED87CB44FF3B8FFFE4C3C4F8A36C1B4AB9DDC2EF"
"output\verification\legacy-ui-probe\screenshots\B04_主窗口_页签1.png","195559","182A6EEDADEE6BF12359996AB492229A541D9FA0DE9B8FD69D459E5693F8420B"
"output\verification\legacy-ui-probe\screenshots\B04_主窗口_页签2.png","195559","182A6EEDADEE6BF12359996AB492229A541D9FA0DE9B8FD69D459E5693F8420B"
"output\verification\legacy-ui-probe\screenshots\B98_载入后弹窗1.png","13455","073ED3E4C36B4FE16F313566976CB8960FF6953ADDFF7D0AFA8E4E5D1C742F0D"
"output\verification\legacy-ui-probe\screenshots\C01_数据库.png","244292","EBF913DEF719F4AC205F6217426549F35AC48E22D12E7FBFD6C558F1C449A0AA"
"output\verification\legacy-ui-probe\screenshots\C01P_数据库_机体修改.png","240182","BC62820D6711BD22F596BB51930EEFC2DE79CB26A33BA7D8202F547DA14D20DA"
"output\verification\legacy-ui-probe\screenshots\C01P_数据库_其他修改1.png","210745","46CD34052DB439BC9FE02D3791C43F0B7E19A9D9A6E9460D844754484C915B06"
"output\verification\legacy-ui-probe\screenshots\C01P_数据库_其他修改1v2.png","236086","CC32B206C999155A75E960E1C62593B26046FD35F5DE6FAB54D8B194255F3ABE"
"output\verification\legacy-ui-probe\screenshots\C01P_数据库_其他修改2.png","117349","7300908EC3904EE0FD0641B543E9B86B10CE643DFA15C46B23987F0D8B5E76FB"
"output\verification\legacy-ui-probe\screenshots\C01P_数据库_人物修改.png","112753","2C37C3DB9267AF0A0BAA39803E8EBAE82CC5CF8F489EDE2F06801A17C0201BB6"
"output\verification\legacy-ui-probe\screenshots\C01P_数据库_人物修改v2.png","165671","AA64D53489631F565BC55DFCB1F730C40DC328038E0B968677C39E1D14AEF592"
"output\verification\legacy-ui-probe\screenshots\C01P_数据库_容器1090_攻击对话.png","56644","0D28B19FE352EB429964FC5C6305250D1F0C6C91A182B0C5EFE95C0C9B530959"
"output\verification\legacy-ui-probe\screenshots\C01P_数据库_容器1160_防御对话.png","63724","721D80C130C48C12B358F3A9B937FEA6E8BDF3C37070345CA0671B7FBAA39FE8"
"output\verification\legacy-ui-probe\screenshots\C01P_数据库_容器1170_基本属性.png","50478","79DD30200E1B7F85A7BA12EF2A4233DE5D1D86125F7E7C7537465CAFCA1616BA"
"output\verification\legacy-ui-probe\screenshots\C01P_数据库_容器1260_精神列表(双击可修改.png","62253","E7EA7BCFD683987E683E18E17ED7586DCDE4EB35513D01838FC985771D9F56CE"
"output\verification\legacy-ui-probe\screenshots\C01P_数据库_容器810_基本设置.png","42299","423819BC24425D00D6E0AD5990847E6F894F9D1CDDB598C7DBC09CF1BE973B4F"
"output\verification\legacy-ui-probe\screenshots\C01P_数据库_容器860_人物属性.png","51593","3C6FCBD6CECA9A663C8DF1549F86085E603FF32B68A88A6FF51DA49F9182B142"
"output\verification\legacy-ui-probe\screenshots\C01P_数据库_武器修改.png","174181","9E476745D4B9EE1717784723F0CA9B159E9383BD06B0D0C1D63E7BECDCA5EBFF"
"output\verification\legacy-ui-probe\screenshots\C01P_数据库_武器修改v2.png","151555","405BF009521D675E46FBF83D0D8FA365D3821B0403F8F74ED5BAEFF0DC97859E"
"output\verification\legacy-ui-probe\screenshots\C01P_数据库_战斗对话.png","168004","0061988A39DCDD20DC70DA9E0E8EA1227BDEC36D4EE96EB0656256234A4F829A"
"output\verification\legacy-ui-probe\screenshots\C01P_数据库_战斗对话v2.png","226942","C8AB5586BEFC385B09DA369AD0F80A1880AD827C9485A1E4D6EA4A245A021B1F"
"output\verification\legacy-ui-probe\screenshots\C01S_数据库_页签A.png","244255","846501997524A5FCB996D7A26A425F6CC2B0DFAFA096EEA8BE34F91EAA4F1600"
"output\verification\legacy-ui-probe\screenshots\C02_文字库.png","32749","02DD0938822ACB068544E0F353156BAA2688E44132EBC83CCAB295667F6559D0"
"output\verification\legacy-ui-probe\screenshots\C03_地图动画_地图动画.png","142235","15A1A4D2D35E4CDEEBA7CCDF73F2C0F19C5926068528945FC66352B0D0BFF8BD"
"output\verification\legacy-ui-probe\screenshots\C03_地图动画.png","142235","15A1A4D2D35E4CDEEBA7CCDF73F2C0F19C5926068528945FC66352B0D0BFF8BD"
"output\verification\legacy-ui-probe\screenshots\C03P_地图动画_地图动画.png","139342","26905B9B622B32AB8769527ED1610F8FF9BECDFA82D33070FC4F9AC8BECDE3FA"
"output\verification\legacy-ui-probe\screenshots\C03P_地图动画_规律_背景.png","74128","7E9D983DB2FCE0018C5A279066778002F40980F36A9B8BD21D7F23B238ADFC0B"
"output\verification\legacy-ui-probe\screenshots\C03P_地图动画_规律_精神地图武器.png","82802","422E1B9CECBD8D1CF3F7712ECEBF7DF1D9786078FC005824E8D36B03F4C1C1AE"
"output\verification\legacy-ui-probe\screenshots\C03P_地图动画_规律_运行.png","76029","E50CEC7DA5713395C7CC7AAF285A4AD98F2F2310FBE511AEB445045EBE1CD450"
"output\verification\legacy-ui-probe\screenshots\C03P_地图动画_规律_组图.png","83959","B2B6EF7D759F0F8CCCC7E136D85E37DD0E828328D6BA762C350FF23AF2A7D832"
"output\verification\legacy-ui-probe\screenshots\C03S_地图动画_页签A.png","140787","F3611F7C335F1EAFBA36B027A51DECBA442987BA447BCFA5C45E0983B93275C2"
"output\verification\legacy-ui-probe\screenshots\C03S_地图动画_页签B_x38.png","140787","F3611F7C335F1EAFBA36B027A51DECBA442987BA447BCFA5C45E0983B93275C2"
"output\verification\legacy-ui-probe\screenshots\C03S_地图动画_页签B_x465.png","140787","F3611F7C335F1EAFBA36B027A51DECBA442987BA447BCFA5C45E0983B93275C2"
"output\verification\legacy-ui-probe\screenshots\C03S_地图动画_页签B_x598.png","142235","15A1A4D2D35E4CDEEBA7CCDF73F2C0F19C5926068528945FC66352B0D0BFF8BD"
"output\verification\legacy-ui-probe\screenshots\C03S_地图动画_页签C_x481.png","140787","F3611F7C335F1EAFBA36B027A51DECBA442987BA447BCFA5C45E0983B93275C2"
"output\verification\legacy-ui-probe\screenshots\C03S_地图动画_页签C_x54.png","139758","EF5802FA353A629536A17565E84ABFB5F7D45D90DD7AC9412C7740E3C213C389"
"output\verification\legacy-ui-probe\screenshots\C03S_地图动画_页签C_x614.png","142235","15A1A4D2D35E4CDEEBA7CCDF73F2C0F19C5926068528945FC66352B0D0BFF8BD"
"output\verification\legacy-ui-probe\screenshots\C03S_地图动画_页签D_x1105.png","140787","F3611F7C335F1EAFBA36B027A51DECBA442987BA447BCFA5C45E0983B93275C2"
"output\verification\legacy-ui-probe\screenshots\C03S_地图动画_页签D_x966.png","140787","F3611F7C335F1EAFBA36B027A51DECBA442987BA447BCFA5C45E0983B93275C2"
"output\verification\legacy-ui-probe\screenshots\C03S_地图动画_页签E_x1121.png","140787","F3611F7C335F1EAFBA36B027A51DECBA442987BA447BCFA5C45E0983B93275C2"
"output\verification\legacy-ui-probe\screenshots\C03S_地图动画_页签E_x982.png","140787","F3611F7C335F1EAFBA36B027A51DECBA442987BA447BCFA5C45E0983B93275C2"
"output\verification\legacy-ui-probe\screenshots\C03S_地图动画_页签F_x1126.png","140787","F3611F7C335F1EAFBA36B027A51DECBA442987BA447BCFA5C45E0983B93275C2"
"output\verification\legacy-ui-probe\screenshots\C03S_地图动画_页签G_x1142.png","140787","F3611F7C335F1EAFBA36B027A51DECBA442987BA447BCFA5C45E0983B93275C2"
"output\verification\legacy-ui-probe\screenshots\C04_文字转换.png","13449","B15B5AF7336841078043C31D70170AF45A783DF223A2434794EEC3D3692BBF7A"
"output\verification\legacy-ui-probe\screenshots\C05_剧情事件.png","226295","BC58A14EEF062474A06F0A452055FD0814004CD31F78077E6FA1CCD2514F8D8C"
"output\verification\legacy-ui-probe\screenshots\C05P_剧情事件_标题拼图设置.png","39881","DA16188797E5AE2D1732C7A47072DFD43228382576B849801CB8CCA61C52AB30"
"output\verification\legacy-ui-probe\screenshots\C05P_剧情事件_地图事件.png","45780","2E8887F112610C213E7ED5B71C49E2CF191FFB51C34C16DFA0669E69176A4988"
"output\verification\legacy-ui-probe\screenshots\C05P_剧情事件_对话段选择1.png","108664","0334DBADBA105E86877DB4ACC6B53EBC98F5B7CDF05D3D10F086A7E13FB2AF5B"
"output\verification\legacy-ui-probe\screenshots\C05P_剧情事件_对话段选择2.png","139855","16EB2041B03F79344764D6B988556A4102E5F877B7BBD90DA23CBDC031E8FC58"
"output\verification\legacy-ui-probe\screenshots\C05P_剧情事件_基本设置组.png","47721","E3CC7376E187DBFD87E7BDFCF69C6D1DA6D6C80CE39CF0FEE999F8487C8CE0A4"
"output\verification\legacy-ui-probe\screenshots\C05P_剧情事件_劝降选择.png","95454","34697363E2A8A2451A8588EC306452DD7085A33513E054F39FF9984F19D16AED"
"output\verification\legacy-ui-probe\screenshots\C05P_剧情事件_容器250_事件编辑.png","71046","A202FEE189D8EE02BDF76BA0A760E4BA0D2A74A91208DC3CEA72E9F3F0A6BA94"
"output\verification\legacy-ui-probe\screenshots\C05P_剧情事件_容器300_事件编辑.png","108987","CAC138C803FD36D74C015A4CED43658448F6058A66B404E1B2B7623A89DB47CA"
"output\verification\legacy-ui-probe\screenshots\C05P_剧情事件_容器350_事件编辑.png","107305","E49F00CFE74DBCB6EC6C6B2A1278702830A283ED23A3C0A4FD6BCB1FE815AB37"
"output\verification\legacy-ui-probe\screenshots\C05P_剧情事件_容器530_文字编辑.png","115794","248526EDD7DECDE99A6D0FF63E913569F6667D5C6911F9F31DAB7998F7E0FE4F"
"output\verification\legacy-ui-probe\screenshots\C05P_剧情事件_容器660_文字编辑.png","34602","25F4A3D84E9D99EB397C4773B123196AA80C9D7AEE2DCF4C5CB7977B7DCE7EC6"
"output\verification\legacy-ui-probe\screenshots\C05P_剧情事件_事件编辑_初始页.png","220156","FFFBFA11C45AC091AD8520246F522020E9E54FCF5834AB65B738B388BE372ECC"
"output\verification\legacy-ui-probe\screenshots\C05P_剧情事件_文字编辑提示.png","43516","241B3A634F99F8DCD5D4D9BD89728A7D7217E81A384A52AFBBFABCE18777AB8D"
"output\verification\legacy-ui-probe\screenshots\C05P_剧情事件_文字编辑提示2.png","43516","241B3A634F99F8DCD5D4D9BD89728A7D7217E81A384A52AFBBFABCE18777AB8D"
"output\verification\legacy-ui-probe\screenshots\C05P_剧情事件_行动事件.png","109067","6B4A18AF9A4269AB7BBF007AFE560A69CA48EE99273C9BBBF3AB6E3A93BE78FE"
"output\verification\legacy-ui-probe\screenshots\C05S_剧情事件_页签A.png","226275","D32C7EB84E1560C0565A224C4AF2BE95DA533FC5B30567B0DC74F36AA16FADD9"
"output\verification\legacy-ui-probe\screenshots\C06_导出机体.png","64493","55CCF25B1CEC43583BFEE5314DAE7CF534089AE79D19859AFAF6495B76BB4C79"
"output\verification\legacy-ui-probe\screenshots\C08_属性计算器.png","28283","7987F1786938A3A4937AAE38CFC03C36317F7C094CE0E56A1F3022F066BAA50F"
"output\verification\legacy-ui-probe\screenshots\C09_存档修改器.png","52433","3F0A3910986C04E0D9CB14305497967B63561E2355A32E3918DEF8F9D5A56F8C"
"output\verification\legacy-ui-probe\screenshots\C10_其他_% +.png","119862","C9C2526A85757DFDE9B1816227A8ABC893BBA5CD62DFD566FABFED1A888AF45C"
"output\verification\legacy-ui-probe\screenshots\C10_其他_% ＞.png","121779","039F2AB45B2AF560718A1D79F38A4BFAFB7BF62B8F17899CA4E8ED7B6DCF3BC0"
"output\verification\legacy-ui-probe\screenshots\C10_其他_20.png","119830","B7AE0E11AE94CDF009942430969AD5834BB464600D29101B43F5967D90A35494"
"output\verification\legacy-ui-probe\screenshots\C10_其他_70.png","121813","29291F226DE20BB44E1A9CBF7AC9A5CD580EF0034B98B1A8AB303632C0939F77"
"output\verification\legacy-ui-probe\screenshots\C10_其他_90.png","121779","039F2AB45B2AF560718A1D79F38A4BFAFB7BF62B8F17899CA4E8ED7B6DCF3BC0"
"output\verification\legacy-ui-probe\screenshots\C10_其他_被攻击方速度的.png","121813","29291F226DE20BB44E1A9CBF7AC9A5CD580EF0034B98B1A8AB303632C0939F77"
"output\verification\legacy-ui-probe\screenshots\C10_其他_如果攻击方速度的.png","121779","039F2AB45B2AF560718A1D79F38A4BFAFB7BF62B8F17899CA4E8ED7B6DCF3BC0"
"output\verification\legacy-ui-probe\screenshots\C10_其他_则双击.png","121813","29291F226DE20BB44E1A9CBF7AC9A5CD580EF0034B98B1A8AB303632C0939F77"
"output\verification\legacy-ui-probe\screenshots\C10_其他.png","119862","C9C2526A85757DFDE9B1816227A8ABC893BBA5CD62DFD566FABFED1A888AF45C"
"output\verification\legacy-ui-probe\screenshots\CLEAN__EL_HideOwner.png","108","15249CB8EE99F8DCE7FE4E36CD31B8C9496336F1F22A63E787C133BC7413BA6C"
"output\verification\legacy-ui-probe\screenshots\CLEAN__iext3_CTi.png","89","DEF7EB6639479C49BC6CFF39F130CC8344E8C661F8362340A65FDF119B79ADE9"
"output\verification\legacy-ui-probe\screenshots\CLEAN__SearchEditBoxFakeWindow.png","89","DEF7EB6639479C49BC6CFF39F130CC8344E8C661F8362340A65FDF119B79ADE9"
"output\verification\legacy-ui-probe\screenshots\CLEAN_错误.png","21502","B4B4B901A2F8680E8FD1A37F7A220FF5CF69166DF8657302004CD556DE98BC1C"
"output\verification\legacy-ui-probe\screenshots\CLEAN_打开文件.png","93082","E288C8230EE15C7EDAA798FFCE58979C1552BCCCCBBF7D179F58609B41E61CBE"
"output\verification\legacy-ui-probe\screenshots\CLEAN_数据库.png","6524","8139D05D5B821E0B1056184BB7F17ECEE59E41812B10C6E74CA60052D722F234"
"output\verification\legacy-ui-probe\screenshots\CLEAN_Auto-Suggest Dropdown.png","311","06F451BE7CC687EAE664F4C4CAD4F666572D7596E8EF9C6510C0982DB7E1AEA3"
"output\verification\legacy-ui-probe\screenshots\CLEAN_ComboLBox.png","852","CBA443165E1157F8FC99E2AD37AC4939329F4108B785E5BF4D7732203CAC2995"
"output\verification\legacy-ui-probe\screenshots\CLEAN_CPPToolTip.png","89","DEF7EB6639479C49BC6CFF39F130CC8344E8C661F8362340A65FDF119B79ADE9"
"output\verification\legacy-ui-probe\screenshots\CLEAN_Default IM.png","89","DEF7EB6639479C49BC6CFF39F130CC8344E8C661F8362340A65FDF119B79ADE9"
"output\verification\legacy-ui-probe\screenshots\CLEAN_HintWnd.png","89","DEF7EB6639479C49BC6CFF39F130CC8344E8C661F8362340A65FDF119B79ADE9"
"output\verification\legacy-ui-probe\screenshots\CLEAN_MSCTFIME U.png","89","DEF7EB6639479C49BC6CFF39F130CC8344E8C661F8362340A65FDF119B79ADE9"
"output\verification\legacy-ui-probe\screenshots\CLEAN_Sogou_TSF_.png","89","DEF7EB6639479C49BC6CFF39F130CC8344E8C661F8362340A65FDF119B79ADE9"
"output\verification\legacy-ui-probe\screenshots\CLEAN_SoPY_Status.png","3591","566D0C8354455216901400E944F33AC8EDA647276D45DFEBC9E9B7672C51FFE1"
"output\verification\legacy-ui-probe\screenshots\CLEAN_SoPY_UI.png","89","DEF7EB6639479C49BC6CFF39F130CC8344E8C661F8362340A65FDF119B79ADE9"
"output\verification\legacy-ui-probe\screenshots\CLEAN_tooltips_class32.png","89","DEF7EB6639479C49BC6CFF39F130CC8344E8C661F8362340A65FDF119B79ADE9"
"output\verification\legacy-ui-probe\screenshots\CLEAN_WorkerW.png","152","BFAB002A7B980B5F3E4A9A0A003F3925B880B0CEEA261CB8727C040704C835FB"
"output\verification\legacy-ui-probe\screenshots\CLEANX_阻塞弹窗1.png","21502","B4B4B901A2F8680E8FD1A37F7A220FF5CF69166DF8657302004CD556DE98BC1C"
"output\verification\legacy-ui-probe\screenshots\D11_导出机体_保存对话框.png","66053","3486FBEF52670FF3E9FCC483C43A06063D97EB910906D814C6006B198336BF7A"
"output\verification\legacy-ui-probe\screenshots\D1x_数据库_机体修改_上传机体.png","54430","D41361BC4AF14190049F8CDE9754A4FC4A525401F86A71A0A40D31FC92443DCF"
"output\verification\legacy-ui-probe\screenshots\D1x_数据库_机体修改_上传碎片.png","87180","3C81A02E71F9D57CCED431C066646587D44EBB582B86042D109F3E575EDC95DF"
"output\verification\legacy-ui-probe\screenshots\D1x_数据库_机体修改_上传图标.png","54345","650B0A63708A56D4FCF35D7FEA85A2006E460F97D6CCA904DC798D71ADD82093"
"output\verification\legacy-ui-probe\screenshots\D2_数据库_机体修改_更改图标.png","22392","4585ED0D326FCB179567ACA12DF2F73FBF3806E69AC2506B8F8D49AFA5D54BAA"
"output\verification\legacy-ui-probe\screenshots\D2_数据库_其他修改1_成长修改(16进制快捷修改).png","7212","CD0162526B80A2A223897E48E4797A390209DF1784D60BAECFA5DDBFD3CBAC1B"
"output\verification\legacy-ui-probe\screenshots\D2_数据库_武器修改_更改等级上限.png","9931","83EA851555421F356E71B23311B5F7C0A0D9A171CEACC3E7F3981F2ECCEF34F5"
"output\verification\legacy-ui-probe\screenshots\D2_字库编辑_选择字体.png","66255","6C3AA7551722640ACC164FC8AB72D2687021E894C6848CAF4F5AC5335C3AF871"
"output\verification\legacy-ui-probe\screenshots\D2_字库编辑_主窗口.png","89795","5A0FA92B9DDA45F893D06AC01E453426CC49B2DAFD2911DEB567AD2A33709A28"
"output\verification\legacy-ui-probe\screenshots\D21_存档打开对话框.png","93106","82726AACF57D7C34DDF80A05DE1DD24F378533546D2B00ABA09A9738D9BDADA6"
"output\verification\legacy-ui-probe\screenshots\D22_存档修改器_载入后.png","70842","40D302EDC4128CD522B0EBF6006DA0A0618A93B52135B200823D2A6D9EAA29C8"
"output\verification\legacy-ui-probe\screenshots\D3_属性计算器_主窗口.png","28190","BF98C3829A8399133E021B4195BAD79EFCC6F99C5A460DCDAAD0C0D326BDD00E"
"output\verification\legacy-ui-probe\screenshots\D3_数据库_机体拼图.png","47392","F6894ED4D88EDFF7D3C1343F20B0263BDC16033A19D2551A4F9E89514AAD688F"
"output\verification\legacy-ui-probe\screenshots\D3_数据库_碎片拼图.png","217340","A0AB89996D332F68CA8B2B3F0097FA70DCFB8563FCA45E1C377F469B1D52EB3E"
"output\verification\legacy-ui-probe\screenshots\D4_属性计算器_更改倍数.png","21665","1F7DF52118D213F62B20A559C3DD73C62C0D8F45A616945A826B739F3C85EFE0"
"output\verification\legacy-ui-probe\screenshots\D4_属性计算器_主窗口.png","27417","328B70AC82FE9CFE0482F621BB3456A898507BCAADA841B340987036C68A3AFA"
"output\verification\legacy-ui-probe\screenshots\D5_编辑战斗对话.png","168202","C6B9C17FBFCD24A448AC68ED0D5608BD8A8990C0491923240B682686DA59DB26"
"output\verification\legacy-ui-probe\screenshots\D5_地图动画_代码编辑.png","15405","193784972BCE44B3E942DCDFBF7BB041883F16BB0CB4A9AA55504611FDD14968"
"output\verification\legacy-ui-probe\screenshots\D5_地图动画_动画拼图.png","92320","BEB6639F54066B72B488D11ADAB4A8B3321CA9C37C36E0E0D2A5D3F855865D45"
"output\verification\legacy-ui-probe\screenshots\D5_主窗口_战场地图页.png","64042","5DCD00B6CF80A6E5B6B36B72C324C15BBAD162B2FA472E7155D0AE34CFD8494F"
"output\verification\legacy-ui-probe\screenshots\D7_主窗口_点编辑图块属性后.png","61990","DA364DB6266DE5132CD366303985A8B9D36E09115AB9E68E0BA2F1544AEEDB2F"
"output\verification\legacy-ui-probe\screenshots\D7_主窗口_点图块后.png","64322","2A33C244856E963C9EAF9004363A82D03928468CFCB6522075C77C1F0D1375F2"
"output\verification\legacy-ui-probe\screenshots\D9_主窗口_点编辑图块属性后.png","62774","6D2746DEF5C386443F1E5F2A730F52E6591F82D6B35A629C3D56FB1B78C09055"
"output\verification\legacy-ui-probe\screenshots\DIAG_载入后弹窗.png","13455","073ED3E4C36B4FE16F313566976CB8960FF6953ADDFF7D0AFA8E4E5D1C742F0D"
"output\verification\legacy-ui-probe\screenshots\DIAG_阻塞弹窗.png","21996","010DE90CC6584344BC5D147040A87994BA3A604526F010C1F743563741E3E6BC"
"output\verification\legacy-ui-probe\screenshots\DIAG_阻塞弹窗1.png","65990","9944ABFFDEA02665B789529CF04F7F4B353989396312D6687153D0D02D316755"
"output\verification\legacy-ui-probe\screenshots\DIAG2_打开ROM对话框.png","3591","566D0C8354455216901400E944F33AC8EDA647276D45DFEBC9E9B7672C51FFE1"
"output\verification\legacy-ui-probe\screenshots\DIAG2_启动器.png","62197","27C7C29001DD49238272CFA1A20A62F2083002F4E75328EF7E12305F530F98E4"
"output\verification\legacy-ui-probe\screenshots\DIAG2_启动器B.png","26627","F18051B25D2DF6BDFBFD1D5DE9DDD08D97FEC767B19ED0A4CF62EF3A1403344B"
"output\verification\legacy-ui-probe\screenshots\DIAGT_打开ROM对话框.png","57949","4F13849E1C10E89C94629FC29F5BD8642137175F9B64C549C34679E131BDAA0F"
"output\verification\legacy-ui-probe\screenshots\DIAGT_启动器.png","62197","27C7C29001DD49238272CFA1A20A62F2083002F4E75328EF7E12305F530F98E4"
"output\verification\legacy-ui-probe\screenshots\TABPOP_阻塞弹窗1.png","13357","93FFC86060493FF4721B3B4374467AA7E796A1346C4AA05DBFDAEDB668484815"
"output\verification\legacy-ui-probe\screenshots\TABPOP_阻塞弹窗2.png","9930","70548B56984B6C7A6D31CAD9AE32E7A585375DB15DB1605CDF119582F0EA9F87"
"output\verification\legacy-ui-probe\screenshots\TABPOP_阻塞弹窗3.png","22392","4585ED0D326FCB179567ACA12DF2F73FBF3806E69AC2506B8F8D49AFA5D54BAA"
"output\verification\legacy-ui-probe\summary.md","16231","7E569114B297E624121441C23B9F6C9B5AE7711732F0C28EBB9DB1206C9470AD"
"output\verification\legacy-unit-09-keyboard.png","18542","250C1A2E3760B782D44348C0628A34FC2177027EA6BB6C091F51B35AFED62919"
"output\verification\legacy-unit-09-preview-160.png","7194","4C02F7A41EC1E018B1CC9185B9A4597A3641BB69802FDE53D11B4E2F115E3C7A"
"output\verification\legacy-unit-09-preview-crop.png","18592","B5683002D540FF55DE26EAEBD829F20020ADB44EB46604838C23FDD3EA95433D"
"output\verification\legacy-unit-09-preview-exact.png","7194","4C02F7A41EC1E018B1CC9185B9A4597A3641BB69802FDE53D11B4E2F115E3C7A"
"output\verification\legacy-unit-09-reference.png","270041","6707AE71822D64E544291DE7EF083C4265030E8E212C7743AE6175C6A2577C6D"
"output\verification\legacy-unit-15-stable.png","13425","FD0103C581CE6E826C7516A99DEFFDFA908EFE420562046D71E652EEA362B7C4"
"output\verification\legacy-unit-17-preview-exact.png","7581","B959387C5A6E51E56E5B63CEF3D517FE64DEA7FE23B7F36435C2F5D113747FFC"
"output\verification\legacy-unit-241-stable.png","15759","083A554F2CA1C32C2B303D014D2394161EF2E31B4716726F2B842AD3A808BAA3"
"output\verification\legacy-unit-31-stable.png","17112","3B8A46F332762E47B1C46434A389E1CBB9313828CB688E0DC17618B6FA3BB1F4"
"output\verification\legacy-unit-32-stable.png","17385","5246DD3A2D318A5AE342260A545263C6BC0777EB9E862D10DE399F4FE7BDBA65"
"output\verification\legacy-unit-81-stable.png","14110","E491F6BEEF57F4D2F7FE07FA7C3E20F552CB35C8DEF5C3D93EBBA8427BB35FE4"
"output\verification\legacy-unit-99-stable.png","16082","0F8D57BEC457471859E8C6C130D920109E8205C63F58A04F8EFF49C0F97F21F4"
"output\verification\legacy-unit-samples\unit-02.png","254063","1268ED9C2114DE3FEF08BD6D83ECBFB4DB2040E3508B1C4065A56D4F68298A76"
"output\verification\legacy-unit-samples\unit-03.png","215750","F18E77172BE29EC1C682181E0DA605011430F340C57D4FC8D1B4BA4ECD673869"
"output\verification\legacy-unit-samples\unit-04.png","216369","2A37B34043F577524D9EE70DF357AACCAFF4D5133FA7C5CB350A377811B8747D"
"output\verification\legacy-unit-samples\unit-09.png","268081","081720140C2A97F197AC310198C29DBDDCE257D099A545714BC27179B1E3C21E"
"output\verification\legacy-unit-samples\unit-11.png","278427","4E0834D6F64FD6FAD7D18B279D77E5DB47CBD4D5D89FC7299608357586476CA8"
"output\verification\legacy-unit-samples\unit-13.png","272189","680B09D9BEE9089027E49104DF439DF0BDD2131FF19DF1D35548C4CBF342D23D"
"output\verification\legacy-unit-samples\unit-15.png","261597","86A37297B49475399CC3D3FF1C7759E6383E85341F4DE6B35C4F6DCB56237F31"
"output\verification\legacy-unit-samples\unit-17.png","267745","3AE4966F6945E571D14FE5C6E79B71C6BAF9546FA71C7BCB8F881F1212865785"
"output\verification\legacy-unit-samples\unit-19.png","263711","E6F12890E8FD822F76B1766790E2E0AFCE6AB2C6A24E8C7BD19777871E367F10"
"output\verification\legacy-unit-samples\unit-21.png","260462","1A637FA6EB38520E494799A39C8DB46F0B2FEB522870147137029584F86DD9CB"
"output\verification\legacy-unit-samples\unit-23.png","264318","E09C7B0F03703F00D19CF9B12E4899253E787B4F3CAE69EA9FE7B8461A2CB90F"
"output\verification\legacy-unit-samples\unit-29.png","261730","69E3E05E6850CF193D08AE935995043E722F9EF14BA4D028C3B6516CF8ADDE96"
"output\verification\legacy-user-evidence-2026-09-14\initial-config-and-shop-events-audit.md","2589","6F98FEE78C31C4E68D44830FBE2DDC01E33FF2A81295727468141D83DC123199"
"output\verification\legacy-user-evidence-2026-09-14\initial-config-and-shop-events.mp4","11283527","00EBBB52013B5F7D91FF54306DE12D27329C08BF0FF5636E86C5B0605E8449C5"
"output\verification\legacy-user-evidence-2026-09-14\legacy-unit-export-samples.zip","696628","230E55274B647D0E903C6B2753EE9BD54580F188FD8B3F0DC74F57F8FB0E2C39"
"output\verification\legacy-user-evidence-2026-09-14\preview-contact-sheet.png","2964064","60C1BB0D92CF655C1CF01F6CB037C2F24D2A3BBE04091E3156EA1C69AF00F302"
"output\verification\legacy-user-evidence-2026-09-14\README.md","2363","EB212DE34EDF0D972015E7E8AD45ADC189BAF541A201B700940D495BD9CD5594"
"output\verification\m08-battle-text-compatibility.json","3439","F28ACC06C25169C27EF9901BB82478F06E3F53A17440DF3B5B5A73679098FC52"
"output\verification\m09-level-cap-compatibility.json","1991","3077D2C293E6B33C87FBD1B85D8C6F205F509F939B00D5BC1183304216533624"
"output\verification\m11-font-compatibility.json","3099","EE743502B567DB9D8D84B0AE430DF56F0496EA2334E47B796D0FCD9006EFC293"
"output\verification\m12-animation-compatibility.json","4982","54F753DF97D0EDF9E81EE82B0A63E6D663991D7FEE7384DC2312FFA8C17C8A37"
"output\verification\m15-attribute-calculator-2026-09-18\attribute-calculator-before.png","11453","F480B562D87DC929971E3CC3C4E976DC43762EB4340A859F5CBD01263BA20FB7"
"output\verification\m15-attribute-calculator-2026-09-18\attribute-calculator-results.png","12504","F3FED7A094E00272488720DE3E388929B2543A44DD01875FD0F8C5383BF7612F"
"output\verification\m16-save-compatibility.json","2645","800C4CF9F9049060838000891598AF6324DB01E95941D42F2C79E7BDBF9DA018"
"output\verification\m18-unit-export-verification.json","1167","39950F88D8EB98D3EF2E3CA5850808A3BFE01B7A4958BDEE464996615237E118"
"output\verification\manual-acceptance-2026-09-15\m01-manual-validation.mp4","4597053","EE7F086DAD9CED8C72678F2E4025FC067272A095B54A4EE6A65D61F5077A7A37"
"output\verification\manual-acceptance-2026-09-15\m01-preview-contact-sheet.png","1517783","7252DCB68DEBC7610F3BA6248D3A476A93D97E69554DC3DB766E8179F14991C4"
"output\verification\manual-acceptance-2026-09-15\m01-supplement-01-contact-sheet.png","873044","E455618418EE722F6D28E6F5FE422D90B2E8A07BEE0FAE05732A450C5B828BAD"
"output\verification\manual-acceptance-2026-09-15\m01-supplement-01-menu-contact-sheet.png","698880","1035F371E97FAAF670E354C7B5488AA51B591FC143D34DBB202B7FC8F959B461"
"output\verification\manual-acceptance-2026-09-15\m01-supplement-01.mp4","4584797","1FBB8E7F93BCCF5EA37C190330F50602AD92869FD314FEA135B4BA214A974320"
"output\verification\manual-acceptance-2026-09-15\m01-supplement-02-contact-sheet.png","667700","4D48D6C471E5224DA6B8EB5FB076653254D3060135EDE4327165E77904AB7D16"
"output\verification\manual-acceptance-2026-09-15\m01-supplement-02.mp4","841248","246C88D5A12EBEA7567BD6D2992AE0103ECB1BB097B2624F9E4C216F20623BF2"
"output\verification\manual-acceptance-2026-09-15\m01-supplement-03-contact-sheet.png","1585784","27E4AAFB42CA7AD9551C1D77038697FD15DBEAD590B3698FF3D56BD9920A69D2"
"output\verification\manual-acceptance-2026-09-15\m01-supplement-03.mp4","12627943","97AE840E226A90C51529CDFBDF3331193A167D479238907A7667DC43FFB8CCBF"
"output\verification\manual-acceptance-2026-09-15\m01-supplement-04-contact-sheet.png","2179106","E45FB4895FBC7FEB8F669CF601DC25780EDCC6DDA035B0E5D1269713A4ADDE99"
"output\verification\manual-acceptance-2026-09-15\m01-supplement-04.mp4","6138772","B53C4988DF018BB7910372FAE465D4C896E9D95FE50F3A53E9CB632B7684FE7C"
"output\verification\manual-acceptance-2026-09-15\README.md","8878","663C3CFDF36B985F8B189057806C68EC77D18B7BBB84DFCCB749933E0E74EECB"
"output\verification\map_animation_feedback.png","12070","590D885C803ECEFD9E130E05B6B6201BA7916365630686ABE2340C8C88CBEDF6"
"output\verification\map-all-surfaces-follow-palette-fields.png","69570","B07C81FC061DBEE4CFE69E1EA5E055B0CEC150971283B06B5EF22E4111490768"
"output\verification\map-colors-corrected.png","70439","A8719E14E59C75D21F9B200CF25015CF5525DF729C8291DCEDC95782BFD4B579"
"output\verification\map-feedback\deployment-1080.png","208169","DFB0BEB72EF35433DCFB1B99BAB0A1C8923AA2996D5937192CC23E260B5FE9CD"
"output\verification\map-feedback\map-1080.png","130884","8D4A3DED863D4DA02CEE69B70B6EE70FB53F22835EC0B90893021F7347FE133F"
"output\verification\map-game-effect-all-surfaces.png","70439","A8719E14E59C75D21F9B200CF25015CF5525DF729C8291DCEDC95782BFD4B579"
"output\verification\map-icon-layout-real-palette.png","152418","DC1CF51D2A4AFC6081E4C449013F784D5487993762C626E7EED0EEC847B9763A"
"output\verification\map-tile-all-palettes-candidate-build.log","5914","B1A526C0802FE374FD259C0EE0455E636CF19A06905E4CCD68185D08D67D2D61"
"output\verification\map-tile-all-palettes-visual.png","27248","9BB0429CB68AE1079DDD6F9F3CC37838DA33BC72E567C25DDB3630713E32EF66"
"output\verification\map-tile-attribute-build-exe.log","6044","F0C00724C6A153A33648A9101EE4F0D78FD24EA5BD97BA6927ADA8671D076E34"
"output\verification\map-tile-attribute-full-tests.log","67508","B2FB1656ED1FBF293AA25091605E11B30B401B01D705C8F5391395A08FB98938"
"output\verification\map-tile-attribute-visual.png","25129","77223D59F563C14B50FFFFDE665314128A610E2D0E6978EB0057FB98C0FDEF6B"
"output\verification\map-tile-nes-palette-4x16.png","4101","1E865166C623ADCCD4F88E91F34AA0A7663F7F01B262CE154D753DDCE7EB0B00"
"output\verification\map-tile-nes-palette.png","4752","DA8E3805550C7F9315B4A4C8DCD3F08FA520B40DC49264F910151B512A9F1C71"
"output\verification\map-tile-palette-4x16-build-exe.log","6054","E6C5F579C4E4F2F9D3D998B5C448C999F57069F3E04BA4B1F5FEF63291AF7A68"
"output\verification\map-tile-palette-visual-build-exe.log","6808","AD95260CB96176EF8A651578E6F3C5CF3C1D0AF0A8BA1DE055134E81FE713611"
"output\verification\map-tile-palette-visual-candidate-build.log","5894","DBD5D3443D7C231EEEAA82BEB50403AA01C49DD41B989EB9B75242C767038866"
"output\verification\map-tile-real-palettes.png","125728","4C2FFCC53327DE0DF8A38077A6AE111E177B0CBA8E4142C5AD412637CD8C77C9"
"output\verification\map-tilesets-exact-nes-colors.png","14445","C10294DF5ED115FDE1B047CFA1D2B347B683B72D37078FCA08A7384E36394D12"
"output\verification\map-title-all-slots-stage-01.png","1054","9F8B498A32387B9628BCA85DA45127B1FF5FDBA86A88BBDC822C3DF32A11064E"
"output\verification\map-title-all-slots-stage-02.png","1159","52EA7D6B57E6DCAC42A659C52D514D23DD8A9F34825D2859927A473F7A49E690"
"output\verification\map-title-game-effect.png","612","4B9046D43E32A8E6A561D343F575E4EBA24765825942307D54568A338A92D556"
"output\verification\map-title-game-scale.png","579","6A9D1E894E2D9B4B63A720670013654DFB656CBBC4E1DD2AFF1D6C94813B3912"
"output\verification\map-title-simsun-comparison.png","1054","9F8B498A32387B9628BCA85DA45127B1FF5FDBA86A88BBDC822C3DF32A11064E"
"output\verification\map-title-system-font-comparison.png","376","898182CC4E27EBDD2ED35ADE1584C1D6A2AA51100D1B79A0FCD0D2776288002F"
"output\verification\mesen\dc_mesen_dual_audio_464K.log","1233","91B9BA4188F2B4AF1F7EE8D8F4F4BB46D077217D1389B0777B8A4A9224729531"
"output\verification\mesen\mesen-expanded-frame675.png","4736","B315051DA2C1CF8CD0AF743879F52CB5D95E54AF07EA5921600312A423D936A3"
"output\verification\mesen\mesen-expanded-frame675.txt","29","50397CA31ABA8070DE4E9389EDE0BFB4E013A05AB241D132833E4B0F8D038570"
"output\verification\mesen\mesen-source-frame675.png","4736","B315051DA2C1CF8CD0AF743879F52CB5D95E54AF07EA5921600312A423D936A3"
"output\verification\mesen\mesen-source-frame675.txt","29","E92D960CEA7C07197FC1D3F129D7852232FF6D4F63D47FE3A7A3A8261F51935D"
"output\verification\mesen\state\Debugger\DC_auto_plan_smoke.cdl","1310720","A75D27C46DF02902934772FD21554EBE89D97D5D11E2906BA512559D40D17D29"
"output\verification\mesen\state\Debugger\DC_kuorong_464K.cdl","1310720","0636D9E4DC3555805B775B4777D4EDDD693DD0C51F812F84A0452F5F0E004965"
"output\verification\mesen\state\Saves\DC_auto_plan_smoke.sav","8192","A7239325782A2C5FBBD450881989BB7F836C9B6D36E68404EC2947602C8E96ED"
"output\verification\mesen\state\Saves\DC_kuorong_464K.sav","8192","D7D10C7947B54515FEF05C365662D109218F781DE1C95C35DB0011F66CACA283"
"output\verification\scenario_feedback\global-actions.png","130339","E0AA215A0F1EEFA183D0B8430B8285DB39662123F17F1BFC25E8CFB72F89F678"
"output\verification\scenario_feedback\story-editor.png","147269","80CBCB37DFCCF0C8FFF3EEF58CB48585B705D91E9417FD9D887E9FCBDF823E60"
"output\verification\scenario_feedback\story-overview.png","147952","EA96DDEDDF02AF5FE01D8996D9DAF7522BE4B5F36DE0527F027B0D5E549C2AA0"
"output\verification\screenshot-feedback\01-unit.png","180874","78AFA6DD68773FA74C70D84205BEC1E5B8BAB0D12BD7D6BBB03ADE626A9BB88A"
"output\verification\screenshot-feedback\02-unit-palette.png","36444","6EABD1461C7402368D06D6530C37901BCDB343004A1E9D5998135E3DFE48E118"
"output\verification\screenshot-feedback\05-battle-text.png","199215","361FACD04CF7CBB083CEA2118BA69AB52A2B67F896A27C0399A20669FC3D86F4"
"output\verification\screenshot-feedback\06-experience.png","85284","6517ED370C776B7848556FB5877D0A59B4ADD3D00D1C5BAA69102567FADA0F30"
"output\verification\screenshot-feedback\07-system-text.png","155878","BFCD7C3CE5BCBC07126ED313F5623CD9857838C2A111CA957943CFC799BB4FE7"
"output\verification\screenshot-feedback\07b-growth.png","43032","8A6E1D0103EC34C16170431B78983B46F9A988C6D33A4200CB833A0154F32AE2"
"output\verification\screenshot-feedback\08-items.png","82909","1665A15F5416AAEFB2C96C3054C6CBFE8095FB8E833472E78747C9B7B9CBFCFE"
"output\verification\screenshot-feedback\09-item-description.png","128101","2E89B0D8FAACDFF644A56D682D2F0EA69F72D90B6E014609E5A369252256493F"
"output\verification\screenshot-feedback\09b-shop.png","58932","B25E93D35055658F79948044C8573C767FF5166F15D57B2B81E9C0797E59B688"
"output\verification\screenshot-feedback\10-scenario.png","155023","FEAD94161B6F81DFC9263DAF807A8E2AB57883F3A7BAFB0D27B435098FB5C3A5"
"output\verification\screenshot-feedback\11-map-icons.png","133237","6FB2FA15293C8B2743BD770583504AAC4008768C35E6D77AC245C6EAF23E3E14"
"output\verification\screenshot-feedback\build-exe.log","6142","D8BCB94A09167E37B71D08D1C55F30AFF9E27FFEC1A8D2FA20A296BF8E006F8A"
"output\verification\screenshot-feedback\character-page.png","211814","DBE036209BB59F4BE844ECF0DD4EB32CC109C6799E9744EA3F3A0BFB2C819DBA"
"output\verification\screenshot-feedback\character-portrait.png","196133","C63772BD2741566AC2F9B4C559EA7F358F6CF04B29404D566595AF143B98D397"
"output\verification\screenshot-feedback\dialog-lifecycle.json","2332","A9816E25493CDF6907BD10B159A657F7C1CE59607863C61934E2EFE0F54FCE36"
"output\verification\screenshot-feedback\final-integration-tests.log","103","AAF58ED9B32B91E9B24861663F68BD9D5AF8CEF67CF1B3A9A61B60ED4DD60F57"
"output\verification\screenshot-feedback\full-tests.log","1049","C3BC54BE09DADEB6283412DB812B0202FC5EA93C3C628B98FE2DF25602DE91B3"
"output\verification\screenshot-feedback\map-animation-0.png","148358","ED550362819A8314B804AE5770FA57364A63F19660FFD69C2B32E00996DFF6A2"
"output\verification\screenshot-feedback\map-animation-1.png","173207","9963484BC7C09789690D08A53114331E9E05FEC6975C73EC6CAAD8DE9E50830C"
"output\verification\screenshot-feedback\map-animation-2.png","137493","6D15334C6F6E82804C25D9922B015E3B110BFA1992E37D967775FBF27A5B8516"
"output\verification\screenshot-feedback\update-manifest.log","43","36512B9857976ED6F6ED02CAC24AD1401D9B0ECA9897902DA218D73C1C8B6718"
"output\verification\screenshot-feedback\verify-handoff.log","43","570BE63AE88D2CB30213A49FBF441D1EAC3B64372A5773FF8CC8D0742174C81A"
"output\verification\screenshot-feedback\weapon-animation.png","69315","894E972CFF67AD9B517F21E1B1F44FB17339B605144B34E015A575B16A731136"
"output\verification\screenshot-feedback\weapon-page.png","185159","7223224589A072D9717747516BE248F70229A6584E78077865D64D3D7461EBF6"
"output\verification\screenshot-feedback\weapon-replay-tests.log","103","A4F838AAAA5337AC1584A8A2CF4A6FD65AAAC474504D018B4BC39195AAB67C6C"
"output\verification\tile-attribute-row-palette-corrected.png","33117","7E0862BBF537C7F0881E41D6F93B636BC83B1631B1859C6600293376983CF83E"
"output\verification\tile-attribute-sea-restored.png","152418","1142B2DC01D331074D255E605F75934B883B979C0FC4425A75397D7E17A0E48C"
"output\verification\tile-attributes-game-effect-preview.png","32626","EADE078BA8A3F285F56920A7EB0F95FCA30D992C4A2474C77CED36A9CDD75E2B"
"output\verification\title-font-40.png","962","A3BBACB123DB4CC0B173C4F9845012DF53C4E89EAB8354FF1CB2796D653B8F02"
"output\verification\title-font-41.png","979","CEC2F22F1AEE1B64C246C9C859E899D9A4261B605DD0A8B8795B44B09461458E"
"output\verification\title-font-42.png","962","F4FB77F9664988F01129519AA5415A753EC25F823A5DBCB902CC5F2353848C23"
"output\verification\title-font-43.png","994","9355D8852D5B9FF6743A8C4EE8BE092D9C90B46063033253748323483716C64F"
"output\verification\title-scale-calibration\scale-1.png","282","1930901B13C489FED3BABEFBFEBC022AAFFE696D837890668AD59CE818266ABC"
"output\verification\title-scale-calibration\scale-2.png","347","0F04A6D5DA94D71B7FE4C3CB51F63AF23D57CDF70D408E659DB41FC38F775765"
"output\verification\title-scale-calibration\scale-3.png","396","7ED4A8E2B3B2AFBAF83B3173855BC66D551C612A989D7FE7E519162FD8941A04"
"output\verification\title-scale-calibration\scale-4.png","455","4E0CAA901BE271EE5227BC92A9FBD0FDE3352839467555428F774FA7AB36C23D"
"output\verification\unit-09-anchor-candidate.png","5085","6B0B9B04E70532E18056FA6CE9574DAFF86D19097DF03B6319F7D5737C35189E"
"output\verification\unit-17-anchor-candidate.png","4339","641B0C08DB97F29EE339516054CBAB81338FE93E636CF03B1E9FBF0FAD355101"
"output\verification\unit-17-bank-two-palettes.png","4735","D140BF3C66B09D613CBB28441B12E4783655F97403EAF049481E25E389FB4C7F"
"output\verification\unit-17-full-battle-composite.png","4445","750451F1B97C3438DB7805FB8D35D1CA3B378A93B7C609F976E780220E96B7DC"
"output\verification\unit-17-game-palette-composition.png","4234","859DDC7342DF460D35E615256BE123D96311C58043AF9904A55274FB7EA84E50"
"output\verification\unit-appearance-body-only-grid-numbered.png","23583","FA6920EE64BC06169AF39508B28B79B3CEA51DC11BF6B771E6E9EF6B00C44579"
"output\verification\unit-appearance-body-only-grid.png","18825","72D623D4BAD493B62C7987F84A3D83319D7C534AF0E201999037CD7E16F60E78"
"output\verification\unit-appearance-compact-numbered.png","26068","BA40A429BE1365E0110F874FB0463202BE907A30C0A29DD82305012C47A7E7DA"
"output\verification\unit-appearance-dialog-0B.png","14454","B31484B1DFE3C062D261BE8D04EE4BB9F99AFEF2BDBBBA03826138C28E542929"
"output\verification\unit-appearance-full-legacy-reference.png","22032","78529105AD1DF565B3E834144B475850126751CC3B4FDCD8FCE17D4FA39ABCB3"
"output\verification\unit-appearance-legacy-controls-and-numbers.png","34048","871B6CC45249D2AFD55C277A0C091E99C55AF9A383DE42A08F56A1A1F8714C5A"
"output\verification\unit-appearance-legacy-redo-large.png","23279","303BD5D2B93C0659011AC65AD57BD7BDF5C22C850FEA1DB9F1616EB64D5C75EC"
"output\verification\unit-appearance-legacy-redo.png","24397","0BBECAD041A8F2870F424351E1B0F8BBB069B471B530C00F158D442C92A411B9"
"output\verification\unit-appearance-nes-palette-buttons.png","19294","2C776E93BFAA6F15DD6230D43D43BF7BBAC639F7B0B6843E260628022B2E5576"
"output\verification\unit-appearance-perfect-legacy-module.png","22952","83DE71F11E4C65ED5DA5531B8668FFDDA015772BB1A6FE13C225A19749269807"
"output\verification\unit-appearance-video-contact-sheet.png","1601335","AF698FE1875EBA48F8C13AFE54104F5DF018EEE5116868FF9C35BAF53E03E061"
"output\verification\unit-appearance-video-detail-01.png","1314031","33C3CE9C75DDE100585D9E8D874E7EEF6785005906A2CA5301AB990F88E34FFA"
"output\verification\unit-appearance-video-detail-02.png","1270586","C0B04152FA4DE0ED986BB5691AFFBF5ED2CEEB38DE90000B7B74E2151F4086A7"
"output\verification\unit-appearance-video-detail-03.png","437549","3110E848F6A86D9C6182FD5C8BB7E25AF3EC3D9349EAD1D173BB3B3400136FCB"
"output\verification\unit-body-composition-0B.png","5754","2E0CF4565DE30AFC231B559DF0526BF167150F84257E3CD4D0EE7AEFC1665E27"
"output\verification\unit-composition-direct-edit.png","20376","F875B7325FB600D480CE07922E37C411BEB73CEC5D45ED5135055691166987BB"
"output\verification\unit-composition-legacy-layout.png","23510","E83B5748DB7053F0A82615F474495DB80A09DCA45621E32B322F354532F36A21"
"output\verification\unit-composition-no-color.png","21308","A131C242D3DED951B52C4849C4CB2337CF0BB23F4251216F89A755DD15F9D011"
"output\verification\unit-composition-type-import.png","21579","035860E9A3E6166D1246654F3EC700C7945B0AFE33AB06F67179A58413BA4D06"
"output\verification\unit-icon-binding-dialog.png","35494","3C00E2132A7C8421AB1555349E3989EC561158702AF10DBBF0781FABF5FBD363"
"output\verification\unit-icon-binding-legacy-layout.png","11629","586CB74B2A3BABF41972B3F2E7C6224A3BE59BC8E7CBD27A0944DB7A0200D8D1"
"output\verification\unit-icon-editor-side-brushes.png","4310","B1B1628B881AE63738D65B6F3553C54F7910271C00BBD21F987AA301FDC0BE55"
"output\verification\visible-spin-arrows.png","422","3FBE39218DCFB9F73F8EF90ECF6856C57822E10144061B06593ED40D780E2A35"
"pyproject.toml","684","A1E7B2DDEF64A2EE81943DEBED451ACDB6E7E7AD4D50DC22F343961200E69576"
"README.md","9517","C3C2AEB05F5646D4738FCAC47CE2D052AD189742F5AE7E6E8F037CA7B48B540F"
"references\audio\alternatives\dark-prison-v10\dark_prison_famistudio_v10_asm6.asm","28699","2174294806A5EC09A9DA4DD92A59BFDBE9F4FA72DCD7A366023921DC4BA82FE3"
"references\audio\alternatives\dark-prison-v10\three_song_dark_prison_data.asm","203","1177FE4308FAD57B3B90CB703F73E7AFCEA0DF46D0B4203DBD11E689061E6524"
"references\audio\famistudio-projects\DC_原驱动20曲56音效_转录源.nsf","49280","721EAE50B53B1A783A25A4B1A88CA0BC1CDCCE591FA8E9E8047252CA174CBB7E"
"references\audio\famistudio-projects\DC_FamiStudio_工程清单.json","1143","40D1395E0BEC875F82E12AEB4450EBA49516B67A170A40674B4A8EED98FD4FDC"
"references\audio\famistudio-projects\DC_FamiStudio_统一音乐工程.txt","1852943","EAF4A39441524780AA3B39A51324683E1EC0A31A76F7A635EC5892A5161F97E0"
"references\audio\famistudio-projects\DC_FamiStudio_原音效工程.txt","67160","2E87806F044CB996466B6E954928848380E67D9040C6C5BEE3A148C55DC95BC4"
"references\audio\nsf\Ash to Ash 2A03.nsf","12416","E2FC2AF92E3778642AFBB7B590DD440559C73AA7C49A977BF37ED17AED4593CD"
"references\audio\nsf\Dark Knight 2A03.nsf","8320","0B3AC1BC343DD875DE4396E65FF3FC5BF1D83650C4087D4AB35CA3EB8BD92583"
"references\audio\nsf\Dark Prison 2A03.nsf","12416","7ED5C705B1500057FE3E0EAA15438469EFA8D2842E49F4131A0CFC5B3141A985"
"references\audio\stock-sfx-imports\records\sfx_00.stderr.txt","0","E3B0C44298FC1C149AFBF4C8996FB92427AE41E4649B934CA495991B7852B855"
"references\audio\stock-sfx-imports\records\sfx_00.stdout.txt","2","7EB70257593DA06F682A3DDDA54A9D260D4FC514F645237F5CA74B08F8DA61A6"
"references\audio\stock-sfx-imports\records\sfx_00.txt","397","F10F8CF331B7EB7071D66A7EDA553F36F5973A4313DA4573A0FF3A2D56357635"
"references\audio\stock-sfx-imports\records\sfx_01.stderr.txt","0","E3B0C44298FC1C149AFBF4C8996FB92427AE41E4649B934CA495991B7852B855"
"references\audio\stock-sfx-imports\records\sfx_01.stdout.txt","2","7EB70257593DA06F682A3DDDA54A9D260D4FC514F645237F5CA74B08F8DA61A6"
"references\audio\stock-sfx-imports\records\sfx_01.txt","397","867A0B9EAC89BCD454512902C44637C51DD71402AD016AE7A7542968AAE455A6"
"references\audio\stock-sfx-imports\records\sfx_02.stderr.txt","0","E3B0C44298FC1C149AFBF4C8996FB92427AE41E4649B934CA495991B7852B855"
"references\audio\stock-sfx-imports\records\sfx_02.stdout.txt","2","7EB70257593DA06F682A3DDDA54A9D260D4FC514F645237F5CA74B08F8DA61A6"
"references\audio\stock-sfx-imports\records\sfx_02.txt","1137","8EF89FDB6F81CCF8255DF845D0E493E13E19D68B44DD570194E674AEECEED6CA"
"references\audio\stock-sfx-imports\records\sfx_03.stderr.txt","0","E3B0C44298FC1C149AFBF4C8996FB92427AE41E4649B934CA495991B7852B855"
"references\audio\stock-sfx-imports\records\sfx_03.stdout.txt","2","7EB70257593DA06F682A3DDDA54A9D260D4FC514F645237F5CA74B08F8DA61A6"
"references\audio\stock-sfx-imports\records\sfx_03.txt","755","B3A5427A930D28C5845DA167FBCEF910981D9241FFC80C09F0F8CD7FCBF4CA7C"
"references\audio\stock-sfx-imports\records\sfx_04.stderr.txt","0","E3B0C44298FC1C149AFBF4C8996FB92427AE41E4649B934CA495991B7852B855"
"references\audio\stock-sfx-imports\records\sfx_04.stdout.txt","2","7EB70257593DA06F682A3DDDA54A9D260D4FC514F645237F5CA74B08F8DA61A6"
"references\audio\stock-sfx-imports\records\sfx_04.txt","2530","C58DC8F46F0B6EA8E384D27BBE6EA3800A342EF771F30B1C62FDA4CD3E99EF5A"
"references\audio\stock-sfx-imports\records\sfx_05.stderr.txt","0","E3B0C44298FC1C149AFBF4C8996FB92427AE41E4649B934CA495991B7852B855"
"references\audio\stock-sfx-imports\records\sfx_05.stdout.txt","2","7EB70257593DA06F682A3DDDA54A9D260D4FC514F645237F5CA74B08F8DA61A6"
"references\audio\stock-sfx-imports\records\sfx_05.txt","940","2971D28FD614C6752D48D30617709640DC19FA30DA390E4706D2CD6169E49752"
"references\audio\stock-sfx-imports\records\sfx_06.stderr.txt","0","E3B0C44298FC1C149AFBF4C8996FB92427AE41E4649B934CA495991B7852B855"
"references\audio\stock-sfx-imports\records\sfx_06.stdout.txt","2","7EB70257593DA06F682A3DDDA54A9D260D4FC514F645237F5CA74B08F8DA61A6"
"references\audio\stock-sfx-imports\records\sfx_06.txt","1692","3B43D9708ED647FCBE9C5C4299EA702B127B47BE609C3A1C70C608AEEDDF9D92"
"references\audio\stock-sfx-imports\records\sfx_07.stderr.txt","0","E3B0C44298FC1C149AFBF4C8996FB92427AE41E4649B934CA495991B7852B855"
"references\audio\stock-sfx-imports\records\sfx_07.stdout.txt","2","7EB70257593DA06F682A3DDDA54A9D260D4FC514F645237F5CA74B08F8DA61A6"
"references\audio\stock-sfx-imports\records\sfx_07.txt","2118","A2CA7781B29004BA1C082476206DF38FC23DAB85423200C4F1EF9169BBE1AC84"
"references\audio\stock-sfx-imports\records\sfx_08.stderr.txt","0","E3B0C44298FC1C149AFBF4C8996FB92427AE41E4649B934CA495991B7852B855"
"references\audio\stock-sfx-imports\records\sfx_08.stdout.txt","2","7EB70257593DA06F682A3DDDA54A9D260D4FC514F645237F5CA74B08F8DA61A6"
"references\audio\stock-sfx-imports\records\sfx_08.txt","886","50307A38001AF04AE4780A3A6DA8911C1E1E7CDE6C6FA5DB9FC4AA12C10A32B0"
"references\audio\stock-sfx-imports\records\sfx_09.stderr.txt","0","E3B0C44298FC1C149AFBF4C8996FB92427AE41E4649B934CA495991B7852B855"
"references\audio\stock-sfx-imports\records\sfx_09.stdout.txt","2","7EB70257593DA06F682A3DDDA54A9D260D4FC514F645237F5CA74B08F8DA61A6"
"references\audio\stock-sfx-imports\records\sfx_09.txt","1665","CD1AE0377092FB54A754B94AA79F23CB7411F0DB95F919883467B98C4FCA41EE"
"references\audio\stock-sfx-imports\records\sfx_10.stderr.txt","0","E3B0C44298FC1C149AFBF4C8996FB92427AE41E4649B934CA495991B7852B855"
"references\audio\stock-sfx-imports\records\sfx_10.stdout.txt","2","7EB70257593DA06F682A3DDDA54A9D260D4FC514F645237F5CA74B08F8DA61A6"
"references\audio\stock-sfx-imports\records\sfx_10.txt","1538","3FE1132B625E21A506A57343A448066F86999E942F477BB342AB400325961E60"
"references\audio\stock-sfx-imports\records\sfx_11.stderr.txt","0","E3B0C44298FC1C149AFBF4C8996FB92427AE41E4649B934CA495991B7852B855"
"references\audio\stock-sfx-imports\records\sfx_11.stdout.txt","2","7EB70257593DA06F682A3DDDA54A9D260D4FC514F645237F5CA74B08F8DA61A6"
"references\audio\stock-sfx-imports\records\sfx_11.txt","1602","FA2B9FF321CD25694E246DCEA5F212C61BB752F44FEE6084F8B93244C2BFAE52"
"references\audio\stock-sfx-imports\records\sfx_12.stderr.txt","0","E3B0C44298FC1C149AFBF4C8996FB92427AE41E4649B934CA495991B7852B855"
"references\audio\stock-sfx-imports\records\sfx_12.stdout.txt","2","7EB70257593DA06F682A3DDDA54A9D260D4FC514F645237F5CA74B08F8DA61A6"
"references\audio\stock-sfx-imports\records\sfx_12.txt","1313","4F7D1A3C1C69A737301D70A5A846A545A0FC725B6690B4A2E5DCC4228DD7021D"
"references\audio\stock-sfx-imports\records\sfx_13.stderr.txt","0","E3B0C44298FC1C149AFBF4C8996FB92427AE41E4649B934CA495991B7852B855"
"references\audio\stock-sfx-imports\records\sfx_13.stdout.txt","2","7EB70257593DA06F682A3DDDA54A9D260D4FC514F645237F5CA74B08F8DA61A6"
"references\audio\stock-sfx-imports\records\sfx_13.txt","960","06076DAD2EDCEEE868A3B551C4955C1AEE321207E14878F481BCE5EA4B8A9B1C"
"references\audio\stock-sfx-imports\records\sfx_14.stderr.txt","0","E3B0C44298FC1C149AFBF4C8996FB92427AE41E4649B934CA495991B7852B855"
"references\audio\stock-sfx-imports\records\sfx_14.stdout.txt","2","7EB70257593DA06F682A3DDDA54A9D260D4FC514F645237F5CA74B08F8DA61A6"
"references\audio\stock-sfx-imports\records\sfx_14.txt","1084","9F6C9B0D7B3166E345309FCE09DA19A26D24B764761F39B7D5CEABE6555CE47E"
"references\audio\stock-sfx-imports\records\sfx_15.stderr.txt","0","E3B0C44298FC1C149AFBF4C8996FB92427AE41E4649B934CA495991B7852B855"
"references\audio\stock-sfx-imports\records\sfx_15.stdout.txt","2","7EB70257593DA06F682A3DDDA54A9D260D4FC514F645237F5CA74B08F8DA61A6"
"references\audio\stock-sfx-imports\records\sfx_15.txt","1722","3DCF76F2CE88BD4486F8795783C51DE328173A34E0F20A2412B45D9C4B969E94"
"references\audio\stock-sfx-imports\records\sfx_16.stderr.txt","0","E3B0C44298FC1C149AFBF4C8996FB92427AE41E4649B934CA495991B7852B855"
"references\audio\stock-sfx-imports\records\sfx_16.stdout.txt","2","7EB70257593DA06F682A3DDDA54A9D260D4FC514F645237F5CA74B08F8DA61A6"
"references\audio\stock-sfx-imports\records\sfx_16.txt","1706","6B2B516D82779F381DF20A2204FBC5A30EE00375B891260C79A92C12D1C93DD9"
"references\audio\stock-sfx-imports\records\sfx_17.stderr.txt","0","E3B0C44298FC1C149AFBF4C8996FB92427AE41E4649B934CA495991B7852B855"
"references\audio\stock-sfx-imports\records\sfx_17.stdout.txt","2","7EB70257593DA06F682A3DDDA54A9D260D4FC514F645237F5CA74B08F8DA61A6"
"references\audio\stock-sfx-imports\records\sfx_17.txt","1334","339B6AB6091B9B8F44BE502EFEB4765CBC8DF9F5F60F0A9CB3D85AFA65DCD3BD"
"references\audio\stock-sfx-imports\records\sfx_18.stderr.txt","0","E3B0C44298FC1C149AFBF4C8996FB92427AE41E4649B934CA495991B7852B855"
"references\audio\stock-sfx-imports\records\sfx_18.stdout.txt","2","7EB70257593DA06F682A3DDDA54A9D260D4FC514F645237F5CA74B08F8DA61A6"
"references\audio\stock-sfx-imports\records\sfx_18.txt","1411","296A6E490C41DC29B895AC987EB0C92E0A1795B6495B717D353E6205AF62B8BC"
"references\audio\stock-sfx-imports\records\sfx_19.stderr.txt","0","E3B0C44298FC1C149AFBF4C8996FB92427AE41E4649B934CA495991B7852B855"
"references\audio\stock-sfx-imports\records\sfx_19.stdout.txt","2","7EB70257593DA06F682A3DDDA54A9D260D4FC514F645237F5CA74B08F8DA61A6"
"references\audio\stock-sfx-imports\records\sfx_19.txt","916","7F0FEBCBFD40F3C9F5C2976086256451017164E29353C2250E4535481CC4FF4D"
"references\audio\stock-sfx-imports\records\sfx_20.stderr.txt","0","E3B0C44298FC1C149AFBF4C8996FB92427AE41E4649B934CA495991B7852B855"
"references\audio\stock-sfx-imports\records\sfx_20.stdout.txt","2","7EB70257593DA06F682A3DDDA54A9D260D4FC514F645237F5CA74B08F8DA61A6"
"references\audio\stock-sfx-imports\records\sfx_20.txt","3107","7A405C3E78C11DDC4F1F3DC730A8D79571BE00DD687767BD36F4A08A0C4DD5A1"
"references\audio\stock-sfx-imports\records\sfx_21.stderr.txt","0","E3B0C44298FC1C149AFBF4C8996FB92427AE41E4649B934CA495991B7852B855"
"references\audio\stock-sfx-imports\records\sfx_21.stdout.txt","2","7EB70257593DA06F682A3DDDA54A9D260D4FC514F645237F5CA74B08F8DA61A6"
"references\audio\stock-sfx-imports\records\sfx_21.txt","756","3165A5ECF58DE572373F8B49EB32065AF65A1F52B579C5838E1C2BED5B82F105"
"references\audio\stock-sfx-imports\records\sfx_22.stderr.txt","0","E3B0C44298FC1C149AFBF4C8996FB92427AE41E4649B934CA495991B7852B855"
"references\audio\stock-sfx-imports\records\sfx_22.stdout.txt","2","7EB70257593DA06F682A3DDDA54A9D260D4FC514F645237F5CA74B08F8DA61A6"
"references\audio\stock-sfx-imports\records\sfx_22.txt","1127","D2C4A2220380DCBC70C03D88D727F23E69BD437C1A1A4E072DEE7FFB22278EFF"
"references\audio\stock-sfx-imports\records\sfx_23.stderr.txt","0","E3B0C44298FC1C149AFBF4C8996FB92427AE41E4649B934CA495991B7852B855"
"references\audio\stock-sfx-imports\records\sfx_23.stdout.txt","2","7EB70257593DA06F682A3DDDA54A9D260D4FC514F645237F5CA74B08F8DA61A6"
"references\audio\stock-sfx-imports\records\sfx_23.txt","947","7A4114F95579A19EA4ECAB37425BD361A17B6A26D9912F1DAF298DFB0E9F52A5"
"references\audio\stock-sfx-imports\records\sfx_24.stderr.txt","0","E3B0C44298FC1C149AFBF4C8996FB92427AE41E4649B934CA495991B7852B855"
"references\audio\stock-sfx-imports\records\sfx_24.stdout.txt","2","7EB70257593DA06F682A3DDDA54A9D260D4FC514F645237F5CA74B08F8DA61A6"
"references\audio\stock-sfx-imports\records\sfx_24.txt","6453","9E9BB6C98423F072DA8F23788485E8E5589947E86C5B96ED05E2F8F3203A8681"
"references\audio\stock-sfx-imports\records\sfx_25.stderr.txt","0","E3B0C44298FC1C149AFBF4C8996FB92427AE41E4649B934CA495991B7852B855"
"references\audio\stock-sfx-imports\records\sfx_25.stdout.txt","2","7EB70257593DA06F682A3DDDA54A9D260D4FC514F645237F5CA74B08F8DA61A6"
"references\audio\stock-sfx-imports\records\sfx_25.txt","5136","2628730DEE96F924887A50EBA376C6584D1A586B4D42058E99438C4CB3338DB0"
"references\audio\stock-sfx-imports\records\sfx_26.stderr.txt","0","E3B0C44298FC1C149AFBF4C8996FB92427AE41E4649B934CA495991B7852B855"
"references\audio\stock-sfx-imports\records\sfx_26.stdout.txt","2","7EB70257593DA06F682A3DDDA54A9D260D4FC514F645237F5CA74B08F8DA61A6"
"references\audio\stock-sfx-imports\records\sfx_26.txt","7089","963F64381C5F753E7590C3F222265B5499D7FCA5EF766527EB649E4B282EA272"
"references\audio\stock-sfx-imports\records\sfx_27.stderr.txt","0","E3B0C44298FC1C149AFBF4C8996FB92427AE41E4649B934CA495991B7852B855"
"references\audio\stock-sfx-imports\records\sfx_27.stdout.txt","2","7EB70257593DA06F682A3DDDA54A9D260D4FC514F645237F5CA74B08F8DA61A6"
"references\audio\stock-sfx-imports\records\sfx_27.txt","2571","183913522E50DCEA3FE3EFB92C469C738DEF04602F306464CBD02A2619FFB68E"
"references\audio\stock-sfx-imports\records\sfx_28.stderr.txt","0","E3B0C44298FC1C149AFBF4C8996FB92427AE41E4649B934CA495991B7852B855"
"references\audio\stock-sfx-imports\records\sfx_28.stdout.txt","2","7EB70257593DA06F682A3DDDA54A9D260D4FC514F645237F5CA74B08F8DA61A6"
"references\audio\stock-sfx-imports\records\sfx_28.txt","870","D27BC5E957206ADCE61C69CB538C94E8B56E24F9F147877F4CE200CA85DFF96A"
"references\audio\stock-sfx-imports\records\sfx_29.stderr.txt","0","E3B0C44298FC1C149AFBF4C8996FB92427AE41E4649B934CA495991B7852B855"
"references\audio\stock-sfx-imports\records\sfx_29.stdout.txt","2","7EB70257593DA06F682A3DDDA54A9D260D4FC514F645237F5CA74B08F8DA61A6"
"references\audio\stock-sfx-imports\records\sfx_29.txt","766","84028144086D2ADA5B7B81DDE505ED09008EDA98CD96BA564982212A666E88D5"
"references\audio\stock-sfx-imports\records\sfx_30.stderr.txt","0","E3B0C44298FC1C149AFBF4C8996FB92427AE41E4649B934CA495991B7852B855"
"references\audio\stock-sfx-imports\records\sfx_30.stdout.txt","2","7EB70257593DA06F682A3DDDA54A9D260D4FC514F645237F5CA74B08F8DA61A6"
"references\audio\stock-sfx-imports\records\sfx_30.txt","727","0753AF2B459C0D85A7442B7AB7D3A3C3669E6E23E70345ADE47AB2E2916BC6D9"
"references\audio\stock-sfx-imports\records\sfx_31.stderr.txt","0","E3B0C44298FC1C149AFBF4C8996FB92427AE41E4649B934CA495991B7852B855"
"references\audio\stock-sfx-imports\records\sfx_31.stdout.txt","2","7EB70257593DA06F682A3DDDA54A9D260D4FC514F645237F5CA74B08F8DA61A6"
"references\audio\stock-sfx-imports\records\sfx_31.txt","397","96F3F9D32CB4FBA4739BC855E64498C41E43D0EC63F3BF14EF8262B7BB91FA00"
"references\audio\stock-sfx-imports\records\sfx_32.stderr.txt","0","E3B0C44298FC1C149AFBF4C8996FB92427AE41E4649B934CA495991B7852B855"
"references\audio\stock-sfx-imports\records\sfx_32.stdout.txt","2","7EB70257593DA06F682A3DDDA54A9D260D4FC514F645237F5CA74B08F8DA61A6"
"references\audio\stock-sfx-imports\records\sfx_32.txt","991","9268A2F8E2EE80E81AA24BCDC1C0CBBD5CEBBEBD5F27BCA16D5548071383EBBC"
"references\audio\stock-sfx-imports\records\sfx_33.stderr.txt","0","E3B0C44298FC1C149AFBF4C8996FB92427AE41E4649B934CA495991B7852B855"
"references\audio\stock-sfx-imports\records\sfx_33.stdout.txt","2","7EB70257593DA06F682A3DDDA54A9D260D4FC514F645237F5CA74B08F8DA61A6"
"references\audio\stock-sfx-imports\records\sfx_33.txt","397","4ABEFE3F02331BFCBDE4742DDDC6C89D3EA93857ABCF3A40C552FCCAD85CA71F"
"references\audio\stock-sfx-imports\records\sfx_34.stderr.txt","0","E3B0C44298FC1C149AFBF4C8996FB92427AE41E4649B934CA495991B7852B855"
"references\audio\stock-sfx-imports\records\sfx_34.stdout.txt","2","7EB70257593DA06F682A3DDDA54A9D260D4FC514F645237F5CA74B08F8DA61A6"
"references\audio\stock-sfx-imports\records\sfx_34.txt","397","66244A9999C07F572A478CF4AC4A00EE7921A405D29C7B7B06C552295C629044"
"references\audio\stock-sfx-imports\records\sfx_35.stderr.txt","0","E3B0C44298FC1C149AFBF4C8996FB92427AE41E4649B934CA495991B7852B855"
"references\audio\stock-sfx-imports\records\sfx_35.stdout.txt","2","7EB70257593DA06F682A3DDDA54A9D260D4FC514F645237F5CA74B08F8DA61A6"
"references\audio\stock-sfx-imports\records\sfx_35.txt","397","3673FC8BF31237FF0D5DA83A6702A196E823AC764C95F3CAA5455222598A3018"
"references\audio\stock-sfx-imports\records\sfx_36.stderr.txt","0","E3B0C44298FC1C149AFBF4C8996FB92427AE41E4649B934CA495991B7852B855"
"references\audio\stock-sfx-imports\records\sfx_36.stdout.txt","2","7EB70257593DA06F682A3DDDA54A9D260D4FC514F645237F5CA74B08F8DA61A6"
"references\audio\stock-sfx-imports\records\sfx_36.txt","397","2070410A78CF71154F09DC73691BBA9FA43B9B5E1D89DDA22F7981E9837C6ED3"
"references\audio\stock-sfx-imports\records\sfx_37.stderr.txt","0","E3B0C44298FC1C149AFBF4C8996FB92427AE41E4649B934CA495991B7852B855"
"references\audio\stock-sfx-imports\records\sfx_37.stdout.txt","2","7EB70257593DA06F682A3DDDA54A9D260D4FC514F645237F5CA74B08F8DA61A6"
"references\audio\stock-sfx-imports\records\sfx_37.txt","397","2FDD8EC3FB1DEA288C012636F03E4C83F9D5D6E7E339C46656FB219FE39F4839"
"references\audio\stock-sfx-imports\records\sfx_38.stderr.txt","0","E3B0C44298FC1C149AFBF4C8996FB92427AE41E4649B934CA495991B7852B855"
"references\audio\stock-sfx-imports\records\sfx_38.stdout.txt","2","7EB70257593DA06F682A3DDDA54A9D260D4FC514F645237F5CA74B08F8DA61A6"
"references\audio\stock-sfx-imports\records\sfx_38.txt","397","8DD26CEFEB24624032F28A18672009F4979B4806FDE35C308698C974FD12C498"
"references\audio\stock-sfx-imports\records\sfx_39.stderr.txt","0","E3B0C44298FC1C149AFBF4C8996FB92427AE41E4649B934CA495991B7852B855"
"references\audio\stock-sfx-imports\records\sfx_39.stdout.txt","2","7EB70257593DA06F682A3DDDA54A9D260D4FC514F645237F5CA74B08F8DA61A6"
"references\audio\stock-sfx-imports\records\sfx_39.txt","852","2FD4749A973E427588213BA23E98022DFA18B4CCBB4B8195BF008C42A005AC82"
"references\audio\stock-sfx-imports\records\sfx_40.stderr.txt","0","E3B0C44298FC1C149AFBF4C8996FB92427AE41E4649B934CA495991B7852B855"
"references\audio\stock-sfx-imports\records\sfx_40.stdout.txt","2","7EB70257593DA06F682A3DDDA54A9D260D4FC514F645237F5CA74B08F8DA61A6"
"references\audio\stock-sfx-imports\records\sfx_40.txt","397","9D2B56FC39840BB46EEAA5D053E4E4C94BEA7DA89A0A28D93D545A96B2D72BD8"
"references\audio\stock-sfx-imports\records\sfx_41.stderr.txt","0","E3B0C44298FC1C149AFBF4C8996FB92427AE41E4649B934CA495991B7852B855"
"references\audio\stock-sfx-imports\records\sfx_41.stdout.txt","2","7EB70257593DA06F682A3DDDA54A9D260D4FC514F645237F5CA74B08F8DA61A6"
"references\audio\stock-sfx-imports\records\sfx_41.txt","759","090EB5207C55B79AE6816D48C764E373F7DF14212325BCE16E0BE50A451A4932"
"references\audio\stock-sfx-imports\records\sfx_42.stderr.txt","0","E3B0C44298FC1C149AFBF4C8996FB92427AE41E4649B934CA495991B7852B855"
"references\audio\stock-sfx-imports\records\sfx_42.stdout.txt","2","7EB70257593DA06F682A3DDDA54A9D260D4FC514F645237F5CA74B08F8DA61A6"
"references\audio\stock-sfx-imports\records\sfx_42.txt","397","624FC7678E1AEEAD0E1614384DEAC4A5A1762FC9C9C6189D589748AD1323B4CE"
"references\audio\stock-sfx-imports\records\sfx_43.stderr.txt","0","E3B0C44298FC1C149AFBF4C8996FB92427AE41E4649B934CA495991B7852B855"
"references\audio\stock-sfx-imports\records\sfx_43.stdout.txt","2","7EB70257593DA06F682A3DDDA54A9D260D4FC514F645237F5CA74B08F8DA61A6"
"references\audio\stock-sfx-imports\records\sfx_43.txt","759","3E00A86340B347F956F9D622CA0BC15241C8C0201520210ACA8BFD8ECE45F43D"
"references\audio\stock-sfx-imports\records\sfx_44.stderr.txt","0","E3B0C44298FC1C149AFBF4C8996FB92427AE41E4649B934CA495991B7852B855"
"references\audio\stock-sfx-imports\records\sfx_44.stdout.txt","2","7EB70257593DA06F682A3DDDA54A9D260D4FC514F645237F5CA74B08F8DA61A6"
"references\audio\stock-sfx-imports\records\sfx_44.txt","609","78E8731C0494737AE18643925A5CCB46DE4ECAA898FBF123BE1EEC3A3970993B"
"references\audio\stock-sfx-imports\records\sfx_45.stderr.txt","0","E3B0C44298FC1C149AFBF4C8996FB92427AE41E4649B934CA495991B7852B855"
"references\audio\stock-sfx-imports\records\sfx_45.stdout.txt","2","7EB70257593DA06F682A3DDDA54A9D260D4FC514F645237F5CA74B08F8DA61A6"
"references\audio\stock-sfx-imports\records\sfx_45.txt","397","A4B464BCBC90E729E22261114FA622B6FFA6D4AB4369E4942D628016B0E69101"
"references\audio\stock-sfx-imports\records\sfx_46.stderr.txt","0","E3B0C44298FC1C149AFBF4C8996FB92427AE41E4649B934CA495991B7852B855"
"references\audio\stock-sfx-imports\records\sfx_46.stdout.txt","2","7EB70257593DA06F682A3DDDA54A9D260D4FC514F645237F5CA74B08F8DA61A6"
"references\audio\stock-sfx-imports\records\sfx_46.txt","760","6236D90B4A19865134248683B535B97406E58B9358C094FC45BDB9D0B14B5589"
"references\audio\stock-sfx-imports\records\sfx_47.stderr.txt","0","E3B0C44298FC1C149AFBF4C8996FB92427AE41E4649B934CA495991B7852B855"
"references\audio\stock-sfx-imports\records\sfx_47.stdout.txt","2","7EB70257593DA06F682A3DDDA54A9D260D4FC514F645237F5CA74B08F8DA61A6"
"references\audio\stock-sfx-imports\records\sfx_47.txt","845","E59C9A57ADBC511675C3BBC8EAB7A8D81FDD61626C75522A74E457D55D9A1AF5"
"references\audio\stock-sfx-imports\records\sfx_48.stderr.txt","0","E3B0C44298FC1C149AFBF4C8996FB92427AE41E4649B934CA495991B7852B855"
"references\audio\stock-sfx-imports\records\sfx_48.stdout.txt","2","7EB70257593DA06F682A3DDDA54A9D260D4FC514F645237F5CA74B08F8DA61A6"
"references\audio\stock-sfx-imports\records\sfx_48.txt","397","182AE5320E35222A798D3FFFC699DEF9A5A0EB33DCB3686397BA53CBC9D78AD1"
"references\audio\stock-sfx-imports\records\sfx_49.stderr.txt","0","E3B0C44298FC1C149AFBF4C8996FB92427AE41E4649B934CA495991B7852B855"
"references\audio\stock-sfx-imports\records\sfx_49.stdout.txt","2","7EB70257593DA06F682A3DDDA54A9D260D4FC514F645237F5CA74B08F8DA61A6"
"references\audio\stock-sfx-imports\records\sfx_49.txt","397","F7C606641F3DBFC265DF9707E0FA9892E56E7B369AAB810036AB6CF0B2C07E17"
"references\audio\stock-sfx-imports\records\sfx_50.stderr.txt","0","E3B0C44298FC1C149AFBF4C8996FB92427AE41E4649B934CA495991B7852B855"
"references\audio\stock-sfx-imports\records\sfx_50.stdout.txt","2","7EB70257593DA06F682A3DDDA54A9D260D4FC514F645237F5CA74B08F8DA61A6"
"references\audio\stock-sfx-imports\records\sfx_50.txt","397","F3E9EE04727C338E43C50AC0597931A7245CE10ADA75DF7E0AC4FB6184D7EDB1"
"references\audio\stock-sfx-imports\records\sfx_51.stderr.txt","0","E3B0C44298FC1C149AFBF4C8996FB92427AE41E4649B934CA495991B7852B855"
"references\audio\stock-sfx-imports\records\sfx_51.stdout.txt","2","7EB70257593DA06F682A3DDDA54A9D260D4FC514F645237F5CA74B08F8DA61A6"
"references\audio\stock-sfx-imports\records\sfx_51.txt","1109","47E137F76F0532E7A387A01E139EDFC5EDE2E4C9C19D3531091BECFE9F6B1EE7"
"references\audio\stock-sfx-imports\records\sfx_52.stderr.txt","0","E3B0C44298FC1C149AFBF4C8996FB92427AE41E4649B934CA495991B7852B855"
"references\audio\stock-sfx-imports\records\sfx_52.stdout.txt","2","7EB70257593DA06F682A3DDDA54A9D260D4FC514F645237F5CA74B08F8DA61A6"
"references\audio\stock-sfx-imports\records\sfx_52.txt","397","6ABF6B59C889E3D3C3C7E337B687E9E8B1D887515C79CFA7E17C9F2284FE0F92"
"references\audio\stock-sfx-imports\records\sfx_53.stderr.txt","0","E3B0C44298FC1C149AFBF4C8996FB92427AE41E4649B934CA495991B7852B855"
"references\audio\stock-sfx-imports\records\sfx_53.stdout.txt","2","7EB70257593DA06F682A3DDDA54A9D260D4FC514F645237F5CA74B08F8DA61A6"
"references\audio\stock-sfx-imports\records\sfx_53.txt","397","284FC359B6660DF6A471FFF3C361EE2EFBCD1128FDC76338ABA1E58C79D67226"
"references\audio\stock-sfx-imports\records\sfx_54.stderr.txt","0","E3B0C44298FC1C149AFBF4C8996FB92427AE41E4649B934CA495991B7852B855"
"references\audio\stock-sfx-imports\records\sfx_54.stdout.txt","2","7EB70257593DA06F682A3DDDA54A9D260D4FC514F645237F5CA74B08F8DA61A6"
"references\audio\stock-sfx-imports\records\sfx_54.txt","1137","342BB3BA7C58B05454A6999245EFE74B3FC0B4E55B7D883DB8EECE5CB6206747"
"references\audio\stock-sfx-imports\records\sfx_55.stderr.txt","0","E3B0C44298FC1C149AFBF4C8996FB92427AE41E4649B934CA495991B7852B855"
"references\audio\stock-sfx-imports\records\sfx_55.stdout.txt","2","7EB70257593DA06F682A3DDDA54A9D260D4FC514F645237F5CA74B08F8DA61A6"
"references\audio\stock-sfx-imports\records\sfx_55.txt","397","2AE53F52A18336DCB1F63A4918575AD7E8DD4BF0B2B3321E9C1A55F9F74046E7"
"references\emulator-state\fceux\fcs\新DC_v1_FamiStudio_MMC5移植_琉妮与白河愁战斗曲_实验.fc0","124686","1B80F1F21A3CE366C099103EE8B430625CA855E918DFF05B220B1FAB92888ADB"
"references\emulator-state\fceux\sav\新DC_MMC5.sav","8192","8298418C5C52DAF3568AB512FC4853F917C2AAF29CC92D0EE5E3BC02BAD030B4"
"references\emulator-state\fceux\sav\新DC_v1.sav","8192","AADF74D73A57207761665BB4F1A0B3424A8D3AD72C7CBB6830B370C5B7540D8C"
"references\emulator-state\fceux\sav\新DC.sav","8192","F1E9C25F40DE0E300296646CB6798D19B6488CAC53F8568F3CF8C4CBC4CB433B"
"references\emulator-state\fceux\sav\converted.sav","8192","4BBBDC41C72C0B9B1CC84B814D15B46C1BE160DFEE7808422D1907A3758BA848"
"references\emulator-state\fceux\sav\DC_写入Dark Knight前备份.sav","8192","37912AFF2D8266B5E03ACC51AB68BC86A608F970CC1AA49B809C465491CA06F2"
"references\emulator-state\fceux\sav\DC_鏅烘収涔嬬鎴樻枟鏇瞋Dark Knight.sav","8192","C9A6235F47583067EE4DEFA6A85C0D395E62BB7D64D9CEE49D7F9C3187A6B840"
"references\emulator-state\fceux\sav\DC_kuorong.sav","8192","E0CD4A176707D7D3103F11CF3836E99A9DB193A153E536C826009C05FC07EBC3"
"references\emulator-state\fceux\sav\DC-fixed-test.sav","8192","7CD5DD6583ADF97945135EE0DBA0D7E804EB0E518FB0B60C4801B63E0FCADC65"
"references\emulator-state\fceux\sav\DC-patched-test.sav","8192","16A149B34222B916820CBEF2BC7155E5E0FB18402C7B19ADC1E615B3EAE052D8"
"references\emulator-state\fceux\sav\DC.sav","8192","7CD5DD6583ADF97945135EE0DBA0D7E804EB0E518FB0B60C4801B63E0FCADC65"
"references\emulator-state\fceux\sav\DQ.sav","8192","EDF7C79238DFE28CC597057B602A1A27EA9EAD9472F0B47305F04C4F59F265DD"
"references\emulator-state\fceux\sav\skzy.sav","8192","5B836E44271D9A0D0356CC1D4395A4C1A647CCC110D881921CD04D9F6C843FB0"
"references\emulator-state\fceux\sav\stable_name_test.sav","8192","F0D06E40C204E11DEDDD524CACF2D795BFDD85F4367181D1C54861D6ADD0F6EA"
"references\emulator-state\fceux\sav\title-input.sav","8192","AA0DD30EC117751464252038B7E039493D8B6CC3E6B3E27801551B9802CA59B1"
"references\emulator-state\fceux\sav\verify.sav","8192","C1DD1C1EE667262390C932E3EF0195526120E86E8192953D7AFD7804BAB827A6"
"references\README.md","2009","31864FB608EAB9D8DFE6D5B65C5DA6C44725E1D7F319D9C201F5D400F9BDFE6A"
"references\research\fc资料集-v1.16\1-1.jpg","74732","84D5C042444D94B7C73CD9A435FE342165C90406F2FA3446CDEA1EEDE4FD65A9"
"references\research\fc资料集-v1.16\1-2.jpg","74732","84D5C042444D94B7C73CD9A435FE342165C90406F2FA3446CDEA1EEDE4FD65A9"
"references\research\fc资料集-v1.16\1.传真.png","30724","CA75D254B400F2BEB2296DD65BEDC7B45D30523FDD9CFC40BFF10AB3FDB19B62"
"references\research\fc资料集-v1.16\1.jpg","69591","3F1D33E70A3C9A3C0C941F8E7602F82D15510AA93C60ED0733DE65027DC021BB"
"references\research\fc资料集-v1.16\2.3.png","82167","7C1E8F0F18E25D4D15DDA98F8735F2AA74247668FA9ECE9DD7DF9510CF5ECB9D"
"references\research\fc资料集-v1.16\2.5.png","85526","6DFD611E8868D67985406C38D2CACB892B4F559C17AA11336BC8FF3C997E9B43"
"references\research\fc资料集-v1.16\2.移动过来.png","31375","9FE7E828F0ACE8F9747F2DF9688CEF85C95EFE513A21348BC4D7B6B28C0C920B"
"references\research\fc资料集-v1.16\2.jpg","74207","A753F69309A0FD7F8F0AA060B59449ED763406876F87C54753253DF022037413"
"references\research\fc资料集-v1.16\3-1.jpg","90512","0008A3557C9A81B4B4AB5EF7FFF0E52A06C5206446DF67C8D13F239921C89024"
"references\research\fc资料集-v1.16\3-2.jpg","91987","0E7755D8C662847A04667BF41ADAB7433783A890FB32AD96C71CDC2D2E06DA13"
"references\research\fc资料集-v1.16\3-3.jpg","92568","585E524E89DF6E6F76ABB67A1C346AE4ACE94609E8A2AD0408A52B350C45A342"
"references\research\fc资料集-v1.16\3-4.jpg","94181","5AFE8063BC177008B53A8A184786414AC434F6F1B5730A853FC527AFA000C90D"
"references\research\fc资料集-v1.16\3-5.jpg","23941","DEA932F7E48F2A2CAE4A4918F7BD76381112E390C6F5399325A005323C3E4D31"
"references\research\fc资料集-v1.16\3.jpg","73735","5E000627F2351B65131C52E290B50AB15A276122E49687D9E0FDBB60A64D15AE"
"references\research\fc资料集-v1.16\4.jpg","26780","9DB28C4035CA7CE496F0FB7E94CA1BBD13119215F2AE0AA56ADB91DF360F1745"
"references\research\fc资料集-v1.16\7000内存.htm","5181","3C27F65347F901905A9389AA39799EF35E0CC415E2E2E056A4567EEDCC30650D"
"references\research\fc资料集-v1.16\8010处程序.htm","980","1AE8D94A84D279B7816C8B5C9CAE5D87167A1423B77439D65714F55A958A5D8A"
"references\research\fc资料集-v1.16\阿姆罗一次攻击对话.png","16102","3721D3BF782B86900FB7A48391E622205C7FB981581DB648EC1362B2C3070EA0"
"references\research\fc资料集-v1.16\背景武器1.png","4718","E6E60EA0C9E70A24E9E2E3301472F2314E4081354D6D9F2E302D7742B0704464"
"references\research\fc资料集-v1.16\背景武器2.png","4920","497EA0182B23FE83A88E4EF00F194BF2EC213F0C52FB5AC58FC255F12AEF6B00"
"references\research\fc资料集-v1.16\必读事项.htm","582","13B4AD75CDC2EA90C9BCCAD752DB9E933D14A434AEF8E6233D0A1E3D3F8D9386"
"references\research\fc资料集-v1.16\变形.png","17078","BEF9B5A7209AF20DF5BA947F2A80C2432F3E384EAACA5CF4E620355045D5B056"
"references\research\fc资料集-v1.16\变形对话设置.png","13426","6BECB7F5F59315C77F8586905892CA941BB1522D2CC25BD471A8BE5E2691ACD5"
"references\research\fc资料集-v1.16\标题编辑111.png","22896","27C2FD3D929F66A3FCA82D6D09322D58D60660B22AA31DE909EAA5F0E1A0D884"
"references\research\fc资料集-v1.16\部队表.png","10087","228BBC5A49C027397371FB63162C0DA2FACDE40B0C3CF9B450872A826579A8D6"
"references\research\fc资料集-v1.16\部队表异常.png","10331","5D58414877DF7F8EB76478D9251E4E620C004403DAF276063F9C88F224C5EFE0"
"references\research\fc资料集-v1.16\沧月-风-4-1.jpg","72451","3B283811174F4C894F15D0F2B22E0951F447FC6798C2F5E5F8D6DBC9EEF8ACE8"
"references\research\fc资料集-v1.16\沧月-风-4-10.jpg","72165","DD04ED1CA400257451C94BD659A850F7EA566BD9973D0EA46129541F13895251"
"references\research\fc资料集-v1.16\沧月-风-4-2.jpg","71551","2D4B1C438293831393BB01CEC82E2475FEAC1EA03F71323C43AF751C41646798"
"references\research\fc资料集-v1.16\沧月-风-4-3.jpg","73285","858EB5569E0CF0962BFB052D8FFBF35871289F77D9300A09B00CA3BAF8709533"
"references\research\fc资料集-v1.16\沧月-风-4-4.jpg","71811","5EC52380CCF82A9F09E6613D378BD17A6D06C3B8D8EE1A5BF6F26294BAC99436"
"references\research\fc资料集-v1.16\沧月-风-4-5.jpg","69532","3F632EC77EE3D00BD0ACCF3B5E0AE6029D957823054F75A21C77E89C0930DF9D"
"references\research\fc资料集-v1.16\沧月-风-4-6.jpg","71142","A84B3B792B6610DAD40FC59C7AC22828DC538BE1BAB7DF9BB868998F003188A5"
"references\research\fc资料集-v1.16\沧月-风-4-7.jpg","74506","7E578EB82EEDC8D1078D3DF6EBCDC4E978012DF5EFD427E7804A92D67E1DB0B4"
"references\research\fc资料集-v1.16\沧月-风-4-8.jpg","75273","F7B5EF3F6B9FA67BAC31343F4D0C76D58F7E8D7A66CBD2B1B35427F35A974DE7"
"references\research\fc资料集-v1.16\沧月-风-4-9.jpg","73407","FF758C55ADB8E5773121505987F3CFC1B13A8794427B1AFDD44CED190D2F715B"
"references\research\fc资料集-v1.16\沧月-风-5-1.jpg","79241","E687E546923092798C097A28D52DD9A096C3286079DB0537310B13F4BED33999"
"references\research\fc资料集-v1.16\沧月-风-5-2.jpg","80182","21A96915A710F75E35AB500314A198082009502D9B6E3FFBF6CBA3B4AACB9EC0"
"references\research\fc资料集-v1.16\沧月-风-5-4.jpg","27909","D3FA6107A0A2D68387170A22C5C9E7AEE9B3E2DA9BC9641D8786D1E7A4D815E9"
"references\research\fc资料集-v1.16\沧月-风-5-5.jpg","27911","53FEA965ABEF09089EB612D78526FAC6C10A5D76CE9F15FDBA645DE6E63A6E68"
"references\research\fc资料集-v1.16\沧月-风5-3.jpg","78849","7C3F11D2D772F3A405F4ECA90192EB4A5C336DB71D60DFBCC23C5AFCD2D9F481"
"references\research\fc资料集-v1.16\沧月-塞外烟波-1-1.bmp","62518","E6DDE6DD085552B6B7FCD79C5A6D2A97B502882B622668188F0031227B2C95BF"
"references\research\fc资料集-v1.16\沧月-塞外烟波-11-1.bmp","62518","80FC2D5FFBF0AC7A35748E42D471F421924F721953ED501D022094E0210ECDDA"
"references\research\fc资料集-v1.16\沧月-塞外烟波-12-1.bmp","62518","E19C2F14EB43678739928D83172ABA634AFF07330092AB5BB21023B053D1A65B"
"references\research\fc资料集-v1.16\沧月-塞外烟波-13-1.bmp","62518","4841C8C3286B0878196C61DAD7AF5C2BFE640E586A7D286BFBFD041C560FC49B"
"references\research\fc资料集-v1.16\沧月-塞外烟波-13-2.bmp","62518","B71B64C02FD4FFDBEEE5DA005E8B277836FEC1F025A0341A861DE5FA91E9BCB7"
"references\research\fc资料集-v1.16\沧月-塞外烟波-13-3.bmp","62518","DEECC28580BD7CF26BA45A0914153C23D83C368218FA3B68F7807B514F41921D"
"references\research\fc资料集-v1.16\沧月-塞外烟波-13-4.bmp","62518","EBDE73822B56CC812D6F657CE7529D428CFC7DF6F89F41793A04656B97286CDB"
"references\research\fc资料集-v1.16\沧月-塞外烟波-13-5.bmp","62518","976A49120BCB076928030D224928809B4B9E335FF9CA073EFBD17A0A7A5F48BF"
"references\research\fc资料集-v1.16\沧月-塞外烟波-7-1.bmp","62518","FEED6D7531D0C39821BD288F544D835FCDBA65A87815AD3B85D11F4ADEF7E051"
"references\research\fc资料集-v1.16\沧月-塞外烟波-8-1.bmp","62518","366FAFFEA3FBCC12216A8BE84141075A2373E76877577259FF6DB6C9D15B0D1D"
"references\research\fc资料集-v1.16\沧月-塞外烟波-8-2.bmp","62518","01A47B2E84BB3A79CB1670C088F81302B78A6745718738C2A7568CD97C1A3240"
"references\research\fc资料集-v1.16\沧月-塞外烟波-8-3.bmp","62518","92183A0A56B49A233B97C41375A4220BB6D3A4A4405BE5A0D8E764DB66C4711C"
"references\research\fc资料集-v1.16\沧月-塞外烟波-9-1.bmp","62518","C609B48F3BDAB741196A96D8ACBF594D283006ECAAC3886F191B95C92CE95986"
"references\research\fc资料集-v1.16\沧月-塞外烟波-9-2.bmp","62518","4E33E840DB593CEE88379CADDDF5F642EE9F8A1A10E5E1648CB6D8AF15B3A9CF"
"references\research\fc资料集-v1.16\沧月-塞外烟波-9-3.bmp","62518","1CEC91E7B29C80195168D1D728D801924CD74F14578AEC98B15B1B0893B9C99E"
"references\research\fc资料集-v1.16\操作指令.png","15018","5BC73E9E050899C02360192C1B9B5B706AB779D803184842E9C3501569F1E1F3"
"references\research\fc资料集-v1.16\超任设置-1.png","133076","C0CFC8F6A9B5E467EC633B51768F7B825FABDFB6DA8CA37DBC61D7A32EC8513E"
"references\research\fc资料集-v1.16\超任设置2.png","73714","8481FE0AA87349F97B64F28144E8A3F7DB494CC0FAE11E62C5A090E679371013"
"references\research\fc资料集-v1.16\超任设置3.png","33647","E1F5BD269B7B3A0FD35D6135BE4E223A02E4326B0D20273C0C92B1851FB57E29"
"references\research\fc资料集-v1.16\超任设置4.png","58819","8FF2A7980F98DE65C9A7A9E19B2AD7BC66406016E8754B40D7EAE983D7493F1B"
"references\research\fc资料集-v1.16\超任设置5.png","85888","A0A7B8C10BDC79E8AA2C17570AC05FBAF5CBCD8F73C7A897369D2EDD4C8E799B"
"references\research\fc资料集-v1.16\超任设置6.png","72947","B4744F22523D96CD8D06EC53207FDD3A9B4E305223CC8CFC823415711BC47A99"
"references\research\fc资料集-v1.16\仇恨转移.png","26905","33BDB0C4B5988FDC56139FA92B95EE5869D5D2569D2EFB1A040099A2A9AFF2EB"
"references\research\fc资料集-v1.16\处理后.png","89909","2F689B64354532F10C81C6F48D3987D20C62797AEF95C09038391A208CCBE08A"
"references\research\fc资料集-v1.16\触发类事件.htm","2319","89D799A6884C46E9AEA13F63DAFDEA89E85877E2CC16A53FA65265B2E57C4CC6"
"references\research\fc资料集-v1.16\触发条件111.png","46218","8B33624A61DD792C28D2E6DA742D82D0AB00CDF4E24FE43A5215AD23AF21997F"
"references\research\fc资料集-v1.16\存储数据选择.png","11604","50FEA1B52D82FA6767E1CE719A11CD6BEF3610CE34E735824B9A7E5B4B11EE81"
"references\research\fc资料集-v1.16\存储为.png","92509","65013FE0010E618E7520EF4DE9EFAD1CA125D8DB44E9A9B6C19D59D617C40E89"
"references\research\fc资料集-v1.16\存档界面.png","11588","7D52B3C9A040ACB5971879F9AE98D553F6FDC8A1793A7E02400795B0477F4F5F"
"references\research\fc资料集-v1.16\存档设置1.png","132725","D4B3A29E60C2855ADDDB4C930C66295DA153C5A4B46DDD1B51F40406ECEF2774"
"references\research\fc资料集-v1.16\存档设置2.png","112255","F59CC84D29BB47190ED69B7B03E0AA8B3B841C6F9E6FD170C617B08B3D459F90"
"references\research\fc资料集-v1.16\搭载1.png","27263","576DAEED94049107A5240F55C961CBC605F9FA4A3F544C81AD51B35F6B4DDE6D"
"references\research\fc资料集-v1.16\大型机.png","10888","CBC33712B9A2AF4122C7BDB72577CC7A9B2A1A5EEF90E657219855BEAA910F7D"
"references\research\fc资料集-v1.16\导出.png","150336","BD4DA0C997501FCE4A0DACF52CA53096DB34D131C196B91777A31E1520A3CC75"
"references\research\fc资料集-v1.16\导入.png","161214","BB74998C365A140865732720718E1689CF0002C825E127DD486FC76A0B377DD7"
"references\research\fc资料集-v1.16\道具使用.png","11355","0C0FE2BD76428C6628A4AF851CDB8A7A9467D36E268C89931E5EE15E295A81DB"
"references\research\fc资料集-v1.16\道具使用选择.png","20957","2AE4361646071CD10700334B3734C8C7C6D82755473139613A861986DA3A5010"
"references\research\fc资料集-v1.16\道具数据.htm","1024","29786574C837C7B0A36A2776186DEB79FC3F947A1C5BA65FDE7F785CC6432979"
"references\research\fc资料集-v1.16\地球1.png","5277","24FD4F25CCF186A9C0CC547AE927CF2865900867DE6F5C3504D86EF2A1690259"
"references\research\fc资料集-v1.16\地球2+宇宙.png","11186","69B61718E1E94286F81B53764FCFBDABB24A92E70ADE8519DA05B710B496E06A"
"references\research\fc资料集-v1.16\地图界面指令.png","20112","74588A356AF7EF353311E208E6726DAFD3375D18BE49A494A9D6482058EFC055"
"references\research\fc资料集-v1.16\地图模块.png","47053","C59EF079FF3559CC583E0891EA1D83674244188B872AD4B6317C1713E85E4608"
"references\research\fc资料集-v1.16\地图模块参数设置.png","34044","37B8EA67D131A1E377CC3B666D1A95572B32196FFAB68B93118CE66FBFB61F13"
"references\research\fc资料集-v1.16\地图模块CCC.png","6653","C4E98B3B58EA1EBA24366A457FDFEB05DE8B739BA883F79EA4CF99C063AD1663"
"references\research\fc资料集-v1.16\地图事件编辑.png","10549","959B4A7FE84516F294A3A57303352B5A71562F7910D56BDC73B3A98E454E9F39"
"references\research\fc资料集-v1.16\地图事件功能区域分布.png","74104","8B429F4D153BAD757B38E5994E9D4ACDE4667027C4613FEB31D14EEB8AA68C8C"
"references\research\fc资料集-v1.16\地形防御补正的影响.png","23074","08942C32CF84CA0422E79EC2ACE7CFE3BC7A416397B003BC02C025D5BF979EC6"
"references\research\fc资料集-v1.16\地形防御补正的运用-伤害减免.png","23639","4BF7F75B080ED7BA22B2E15FC2F3831F0A9DD0AF4B8930B9DE8F9E082DFAE007"
"references\research\fc资料集-v1.16\地形防御补正的运用2.png","23891","A3028C0CC2E5D0CE1AFDE87BD138DADF00CB36663503B9E035D5BBE2FB6C4BE5"
"references\research\fc资料集-v1.16\地形防御补正控制走位.png","22935","D2325626FBCFDC8AB65175E1BCC4907BD96C75FB9F49B961D0FEE3D61B554425"
"references\research\fc资料集-v1.16\地形命中补正的影响.png","20737","3EC41E9E45C3B4B23DD45081D10752BB77A07FEC5E9BAF86C667FF96370C2D2F"
"references\research\fc资料集-v1.16\地形命中补正效果.png","22580","AE0FB3797164CF0C1D13D026652F0492D073034E787867794B4CDD4505B8DD72"
"references\research\fc资料集-v1.16\地形影响-敌方优先攻击1.png","22204","4370DCFE283F8BCC98B84C947CDCEE4FA9AFA44364676C5A7744A34DCC56CEFD"
"references\research\fc资料集-v1.16\地形影响-敌方优先攻击2.png","22243","CB3B0124AF8BEC4BDE5F7006CC9D1723A1978A510E0CF16304DDB63F19B519D4"
"references\research\fc资料集-v1.16\地址.htm","684","530846B238928568A2750C112C3B55C4875BABB7F8A4CED3CE08ADEE8A37C19D"
"references\research\fc资料集-v1.16\敌方攻击顺序的选择.png","22532","944ED70C8CA923D4F1C3FA649A3464EA549E395ED7228E36156571D84E9BDDC0"
"references\research\fc资料集-v1.16\敌方攻击顺序的选择2.png","23418","7D4BEA603BDB9B99AD120D7BB55155FFC5EE09F14B62AFB879A37A9B543CE99E"
"references\research\fc资料集-v1.16\敌方行动选择.png","59664","B944DB6D1D3725DE6ADC2075AA085BDEB7C47398F84D637AAF64F382C6233ECA"
"references\research\fc资料集-v1.16\敌方移动方向.png","21617","C9522080D7A8A3F0B25A110389FBFA0350E96B059BF7AB4BEC7A764FFBB82CBC"
"references\research\fc资料集-v1.16\敌方走位3.png","21943","BBAD8EA2C39D84D38C57FCDDB4CF1A8DEFC1AD347CD3944843A339729606E2A1"
"references\research\fc资料集-v1.16\敌方走位4.png","22925","A306F4B347238FDE8FC3FC39C43CA0E933911C9ED25F33EE4E6F8DCBB9725E6E"
"references\research\fc资料集-v1.16\调色板.png","14162","DE0AC79A5EBF4887DA00E65306FDB8EBC01E5811EE471D2167108552343398B0"
"references\research\fc资料集-v1.16\读档.png","12481","5731F74050A1CBEE7B7B9B5C82538A6E04FBE6188F4B0B931E2568DE7370E276"
"references\research\fc资料集-v1.16\对于地形逻辑阻碍的运用.png","23642","C31338D92D9A62AC9E2EAC157DBDC17AC651080B9C978428B19F32B43EDF7E30"
"references\research\fc资料集-v1.16\蹲墙角.png","21908","752FFA09C9DEBBE4333696A8DBC9DD95ECA57976CE86626CCE125D3A4658A3D5"
"references\research\fc资料集-v1.16\多对一风筝原则.png","26478","0A450221051A3332EDEBA9C41C07E886862C2FED6FA6F22F85695A2A6932F446"
"references\research\fc资料集-v1.16\方大.png","61914","D3D466B2AD39652A075B304B3A918042431D46D5C61CD79651ACB726C05F02DF"
"references\research\fc资料集-v1.16\防守反击2.png","23768","E11BEB444442ECE081559F99D45D9E02DF4A824F3E94214A3539A90C48EEB64D"
"references\research\fc资料集-v1.16\防守反击3.png","22759","D2D2C21EB359C2EF620BC335BB2E31B83E8DEA2259318C76EDCECF639DF7F6EE"
"references\research\fc资料集-v1.16\防御对话编辑.png","10099","569BF854E6150CD731406BEAD45BB7B355F72A7EE2D8544441F70A4AB0344661"
"references\research\fc资料集-v1.16\分散.png","24173","E4770E8C2690C086C2E9B492CE17586CA599C8E878438B30FF20619F4A9BB595"
"references\research\fc资料集-v1.16\高达效果图.png","12442","BE9EB6DF2898B3F765A9AC29FD8F11D904C2FED81865B2D9969D49C1EEDEB7B5"
"references\research\fc资料集-v1.16\高达移动1.png","26363","856003D52833A4F35895B5E0AEAED9852F7E02DD2AFDFCB9AF2C6C1A7822F737"
"references\research\fc资料集-v1.16\高达移动2.png","26928","7E8FFB57BF98347CD0FB21AEBF18D353EA3F328AB07C8289FED5E201B6051969"
"references\research\fc资料集-v1.16\更改配置-配置框.png","14690","C26ECC11284C99837AF7079C0DBE4E0E21C08875AEAAD045B392885C022090EB"
"references\research\fc资料集-v1.16\更改配置-扎古.png","27951","389BBB8A8D3750BE6F14706C7326125B8CC7CA9B6C81E4B173CCD148E0C906E6"
"references\research\fc资料集-v1.16\工具栏.png","11110","AADBAA5658FAA6FF707BE40B6A0328356C7ECDCCFE55540A8CD91D7E104C72FF"
"references\research\fc资料集-v1.16\攻击.png","18411","4B382F66E5FEC37081DDF0E7F5C22E19CA5A3A2CC8974EEC531AE4D764E6A5C1"
"references\research\fc资料集-v1.16\攻击上位1.png","21421","76FF8EE736FD2F9B9B636F8D94FC9CE8EF005FF1AD8F8DA6A12987556EAF78B9"
"references\research\fc资料集-v1.16\攻击上位2.png","21689","1DC6C5F700EC2E08DB5CAD17B02DEF636CEA49E99D6F437A37E7B52FFF6EA598"
"references\research\fc资料集-v1.16\攻击下位2.png","22020","5E3A6AC140E429849D47FC421E6950F7248F39AB2FD146FFDD1DB3E0F181BAFA"
"references\research\fc资料集-v1.16\攻击选择.png","20220","39319F31F2A96CABB3300C3D6913778C0C67C2348DA4E38B43DC5C2FDFAEA0CF"
"references\research\fc资料集-v1.16\攻击左位1.png","22300","0D90132FCD679FA70FB2083AFBA6E40D10DCF78DCFBCE72360BDB66DF9101B3B"
"references\research\fc资料集-v1.16\关卡编辑.png","69949","CABE790D9A391A2576ECAFD3B1113DDFD8503CFD0983BCC2367915D5738AC09C"
"references\research\fc资料集-v1.16\关卡配置编辑.png","82917","A6F80966E8B6B451875101D751E016D0BC40744FFB432A608764A9BE02C86F54"
"references\research\fc资料集-v1.16\光束类武器动画组图方式.htm","1121","FF09CD967967DC6AB77EF14F16758B7CF38B1273FDD574BF4BCADDF084CEF8FC"
"references\research\fc资料集-v1.16\光束组图1.png","5247","B53D72C5A6F3542EAFB5E196671C6EE223525B310CB45357A0F714246AE65E84"
"references\research\fc资料集-v1.16\光子射线.png","6517","BC515F2D960C914A8DBF860CC2CC5272B6275CE9F55CEAC66F70364238333845"
"references\research\fc资料集-v1.16\光子射线101.png","41059","778B67D2687CE73CEECB6ACB8363A69886F3CBCA33F99D82F5042EF463AE2AAE"
"references\research\fc资料集-v1.16\光子射线102.png","41130","C19127280BCF9858572841D1EC6B938F9E560904D7BBA48791D280C9D43F3E98"
"references\research\fc资料集-v1.16\光子射线103.png","41141","B59CE52D6A58B0C0F7D7E5C35AF4328290AE18C436772A24A465CE08436EC187"
"references\research\fc资料集-v1.16\光子射线2.png","11699","DE68E6B46786797AA70AA2F699A62817A0A29838A3B69F4CC446EC62778BEB7A"
"references\research\fc资料集-v1.16\核心程序.htm","2487","80EE5D80764663279A73078D8FF03960AE6863AD9AE0CBE26C9077FFB93CE2A9"
"references\research\fc资料集-v1.16\幻之樱.png","13470","AFED7ED41F92225823FC2F77DBF78EFF98D41CFD0E99259CB06A713BE65136E1"
"references\research\fc资料集-v1.16\换位分抗2.png","28585","BAB3833F2EB06E66C651D61ABBBE948D33DC490EB2601CD8DA2AD0EF13D2F893"
"references\research\fc资料集-v1.16\换位分抗中转3.png","27546","A26DCBF0F9EA965A6B8A72C9EFB15836D2B83676F7DD5EDB19865B8B96538811"
"references\research\fc资料集-v1.16\机体导入说明1.png","52816","4A006187AB3AF8B1ED7A5A375995E81AD0E3B980F7863FFE6099724E4FB6CF8E"
"references\research\fc资料集-v1.16\机体导入说明2.png","45287","EA380A43C838F9927CE9C85D2CCAEE808BBBF13653952A5E02A0655545F0C68D"
"references\research\fc资料集-v1.16\机体拼图.htm","872","99C9DD32AF8DBE0409CF985769D839B60F6E222E73FB340384740B629824C6DF"
"references\research\fc资料集-v1.16\机体拼图111.png","56555","B1914C48B3E33BA9014912A834AC43F5CC2D9D45946EF5EB94D93D5AD82EC9D2"
"references\research\fc资料集-v1.16\机体碎片拼图.png","72189","9A72EE991ADA0D96705DCA969C6650FC19C233AB1A215FF4406460060B5F3850"
"references\research\fc资料集-v1.16\机体碎片组合方式.htm","1367","3EF4DE54DE1D9A700566F84ABEA738278250170743D2D0E3D7AC66FD183DFC12"
"references\research\fc资料集-v1.16\机体修改设置.png","87060","93AF36D418A9964E64FCDF786550568C75647BA327B6C345B192578E37A80F6F"
"references\research\fc资料集-v1.16\捷利德驾驶拜亚兰.png","3517","A2F6D46093BFCE31767E1F61CB6F817D9F625602EA0E727DAFDA770D9247A772"
"references\research\fc资料集-v1.16\近战.png","19217","77726D0A5DB3A19952EB9AC655E615E5EC907A3F50F0B9A93FFEA5CBD784F42A"
"references\research\fc资料集-v1.16\经验1.png","16325","74D46780A8680F9630AE319AEAF92C2BF74BDA124A00DF637255F1102BFC49AB"
"references\research\fc资料集-v1.16\经验4.png","26890","26F137FD36CF19A4088331C55FC7816077BC527F3AB06C8271B10CEA9E92BE4B"
"references\research\fc资料集-v1.16\经验5.png","12113","99725073BB804ACF6B18CE5E25E9A20E33B0DC1DB7D1B4DE6B2AD5435D6DD4A2"
"references\research\fc资料集-v1.16\经验6.png","19026","461B82243758F0C3F25D6BAC2C7D57C79FD73B27208D0731FE89F5DC5EDA30BB"
"references\research\fc资料集-v1.16\精神.png","17342","32451E1248A132473521244D4D6F8A189E88CBDDAFAB7A0546CB533E77D19CB7"
"references\research\fc资料集-v1.16\精神共存指针.htm","5841","A57C6C7265B75676C718DE248CE3F1281749AC73E5F360665D01661FAA5BAF77"
"references\research\fc资料集-v1.16\精神数据详解.htm","3456","5FF335E147D80EAA66AEAC337570325F4CB29CBB013E81D3A313AE041B63B933"
"references\research\fc资料集-v1.16\精神数据指针地址.htm","4582","C5A15037A9BF0AA36E831602A4E880BAFDC13B1CC67E5BA4B077D1C9FA7D48A2"
"references\research\fc资料集-v1.16\精神效果地址.htm","1568","0D0B765EBB0C6DF5CBDBEA3770D0A56E0FBAAF8D597997DA052039A6A3202860"
"references\research\fc资料集-v1.16\剧情对话编辑.png","59738","75EF2651124B42A955843B597FE22FB537E3A3F7CA27A9B83965F653C71D028F"
"references\research\fc资料集-v1.16\剧情对话编辑步骤.png","66387","3022C8D83D078294263E7345B1160F65A4368D3AACC4ACB0FA38F082E56C110F"
"references\research\fc资料集-v1.16\卡位.png","22469","082C46EE59054C247BC9701EF8FB5CAF18CC089A8C112FAD0C5FF0948CD829C8"
"references\research\fc资料集-v1.16\开始界面.png","11377","E6953DE1D3351603E75CCEFFA9A3910E8923CF0961DEF0F96D5660FA7ED84CBF"
"references\research\fc资料集-v1.16\控位-单位阻挡.png","23710","B6F05925C4DCA5937488818925104B2898A339E6DE50B8EDAF999C6FD6D5FDAC"
"references\research\fc资料集-v1.16\控位-地形防御补正的利用.png","23018","EE2FBE3ACBB1D7221B72B3973FBB301987E911136B278E3C97A49D627BE33F5B"
"references\research\fc资料集-v1.16\控位-移动原则1.png","19011","2124F58216BB71C3D8D1B4E9D2364A6B25954EB2385F39729C1BFDFDE3A1B02A"
"references\research\fc资料集-v1.16\控位-移动原则2.png","19147","ED84A2859F4BC5A5DE297765F45C3C703FA953B87576FE5957EC6C350F33E6A5"
"references\research\fc资料集-v1.16\控位-移动原则3.png","19128","E578EB3783BBA2A0D0D3B9BA3314286D72B1D3B909E86B9A0C74D9FD9A76228D"
"references\research\fc资料集-v1.16\控位方式-单位阻挡.png","23161","74E2A7025051E18111C6908337840A4FC86FC2D5268C390724107F50AF07D9EC"
"references\research\fc资料集-v1.16\控位方式-地形机动补正1.png","22315","CF0F3FC1C0739D37F2305717FA4F188173DE3C8966F053BBA27BF9BD0338BE1F"
"references\research\fc资料集-v1.16\控位方式-地形机动补正2.png","22057","4A3F7AEEBF3EEF153ADE81244DEF246C55A5F61CD908AD35D18ABBD23604C1CD"
"references\research\fc资料集-v1.16\控位方式-地形依靠.png","23127","2D0CBC0608DC5EEB87EFA13FDC6235EAB0F5E149F6AE3463A0AD6F7BD31FEE01"
"references\research\fc资料集-v1.16\控位方式-精神使用.png","23186","0359E798930E553C8180F5BB2518082AA89E3C192F387EF7F0CAC1700D88872D"
"references\research\fc资料集-v1.16\控位方式-母舰搭载.png","23722","5ECC1FD69596BD0A9F7A717B65E58EC83B6C954C5CDBDD5D5F24821FB3EC5EE9"
"references\research\fc资料集-v1.16\控位方式-上位.png","22423","834FA3EB6104377DB135D80144C2110C09776F891DD28266D93DA9113ACC5C1C"
"references\research\fc资料集-v1.16\控位方式-武器适应性2.png","22083","2F2ACCC59BA0E57A04DFDBCC4CAA118E4D1ABB4AB369001BB4232E6C65B50F22"
"references\research\fc资料集-v1.16\控位方式-下位.png","22215","462926B20EFEE085D96EA73F8E6D1AAAAECD10234D746FED1BD87A9AA1ED872B"
"references\research\fc资料集-v1.16\控位方式-自由控制.png","24442","47F416FC62306B2C33871B728A1C062E0DFA7FB8E99799CC52DFC8555E4A8FF2"
"references\research\fc资料集-v1.16\莱拉驾驶拜亚兰.png","3532","FB31EBD715D3761536450A57F285D67D4A577525CB520732C24B5CB414751745"
"references\research\fc资料集-v1.16\六色.png","89026","A7949BACF4043FCAEB7C57E1F00D470D9AC7BDDEF503E0C0E6A3F60CE44B5A13"
"references\research\fc资料集-v1.16\绿蓝白.png","93314","BFD8FEA5FD7F5465B01812844A47CB5182FC902937EB0A9A72C29D960D145EC9"
"references\research\fc资料集-v1.16\梦想飞离_001.png","9468","7F174716822FE59D11A2A8AEFFB50D8CADC002361C9E7C9675EDE41C6A947071"
"references\research\fc资料集-v1.16\梦想飞离_002(莎也加).png","9519","066423661240BE920767B1D935DCB66E9A8C9D8B096C4B94DFC08E00F3EF3A15"
"references\research\fc资料集-v1.16\梦想飞离_003(莎也加).png","7356","259386A5F2B7448B5C4FEF313C6AB8304330F77DB0C25CBAF5FB0447181478AF"
"references\research\fc资料集-v1.16\梦想飞离_004.png","7189","70F2F2D29C3B37DC08F8FB8AFB2F8BB70754ED2503EAD975FB580ED7929B05B2"
"references\research\fc资料集-v1.16\梦想飞离_005.png","19897","892034A95D8858D919E472FF21A8FF315EDFE605376AA03840238E0CEE02FE3A"
"references\research\fc资料集-v1.16\梦想飞离_006(常离).png","19963","3F35C1FEA3E2DE321044952B0B72DE79C645AF1F8A97CF5C438797BE3615A29F"
"references\research\fc资料集-v1.16\梦想飞离_007.png","18787","DDDFF52215DDF9E9B7B66FA33D1F4C604393DA73B09BA3C85A34C595BFE05076"
"references\research\fc资料集-v1.16\梦想飞离_008(变身后的高飞).png","20163","647620BCDB39ED75BDD40DF9E908E8D5EB3194DFD89FDB414BE1E165ACBBFC13"
"references\research\fc资料集-v1.16\梦想飞离_009.png","19535","232088AD4E95C1E6C0A5CD74A4E0921C57CE9232BFA0282F826B168A329A8CF4"
"references\research\fc资料集-v1.16\梦想飞离_010(甲儿).png","22651","09B50335C492C59434F1EC58BE91BCDD60AE17D83905755DD99F9EAB890D0A46"
"references\research\fc资料集-v1.16\梦想飞离_011.png","11115","D3409567753CA179F2267B633FE090B0486D85D6B84D82675F09F15388F7F4E0"
"references\research\fc资料集-v1.16\梦想飞离_012(多蒙).png","15101","2C00704F75DE260C264DEB5BA16C17EB8BF14AB455CDE226B53C8C24757838F2"
"references\research\fc资料集-v1.16\梦想飞离_013.png","9242","1B4AC62618CDD1829DD83539984E1E846D8EAD8DEC0E1A30F91686D4A647EB8C"
"references\research\fc资料集-v1.16\梦想飞离_014(龙马).png","9005","D04B0078EC619DF49623DD1A96D401EAB553D53ABF5842DE1AD418465AEF025F"
"references\research\fc资料集-v1.16\梦想飞离_015.png","8928","45BD83887467EF5B1954A7FE43BD83EEF1A4FCF0DE8D6ADBA8EF003C1D7665FD"
"references\research\fc资料集-v1.16\梦想飞离_016(武藏).png","9872","3BF358C7D60BA64E28E032DF3A4FF4D668A57E985F016649719208DF35955390"
"references\research\fc资料集-v1.16\梦想飞离_017(甲儿).png","12689","0840CF738D63282AB18AE7499AA145B8143FF363997ABC9841EE9AF2104800E4"
"references\research\fc资料集-v1.16\梦想飞离_018.png","9536","92AF86C8166332E113042F9FDFC8ACC4663920FAEE46CEC4A0C8B82FE722BC12"
"references\research\fc资料集-v1.16\梦想飞离_019.png","16625","8BBF71A375CF2F0132F4250EC72D6789B026EF161D3D65821D67102E6FA7F9B7"
"references\research\fc资料集-v1.16\梦想飞离_020(正树).png","16721","D77EB390B4681553246A0BBC80880F4532854BD62422C3BFA73A56B416C7CB46"
"references\research\fc资料集-v1.16\梦想飞离_021(诺亚).png","10730","995AE061B33056273954BBAA0406073B9FBD6F746123BE091EADE85DAD818B97"
"references\research\fc资料集-v1.16\梦想飞离_022.png","11996","F8943EA79F2B4FADCBEDC8CC57F9642A9D00DD33D438C4867E35B5F16214B7DE"
"references\research\fc资料集-v1.16\梦想飞离_023.png","11039","18B20975AAFF6A8F426FAAEEFB21C55A9D6DEFAF2831CE411D062582D6D50104"
"references\research\fc资料集-v1.16\梦想飞离_024(卡缪).png","10616","82916208CE2E857CE4B39E2C3CEC51324A14FF964B8EBEE1E6506633A802BA06"
"references\research\fc资料集-v1.16\梦想飞离_025.png","17285","40263B3C44C1090D017B8BFBBB30E9CD1A18C7C1CC25F3260961D3895565D78D"
"references\research\fc资料集-v1.16\梦想飞离_026(流月).png","13467","E0FB3C35D0A71A674A0032010F2CA457CC45CBAD38C82F8131D77A33C87C80A4"
"references\research\fc资料集-v1.16\梦想飞离_027(正树),，28任意人.JPG","86449","0619695B7A2284B32A74257A9AEB7E70B4A11ED9DD6F2572B40E5E680E08E37F"
"references\research\fc资料集-v1.16\梦想飞离_029.png","12004","1017D7F728A917BF7CF92661A19EE81967E6A61537C56B09AAD61DF408E8299C"
"references\research\fc资料集-v1.16\梦想飞离_030.png","6937","3524DFD4A7342C96100716788236AEDF5E40C484F103CCDBA93B0BBAF807C9E3"
"references\research\fc资料集-v1.16\梦想飞离_031(莎也加).png","9860","176E90ADA0995E5702E6DDB32734D139CA0A999B750F92B38BD014DA928481A8"
"references\research\fc资料集-v1.16\梦想飞离_032.png","14340","BD6875A0AE250E7CEA9110235424796D1CEFEB81FC18EB4309BF3CA107A52195"
"references\research\fc资料集-v1.16\梦想飞离_033.png","14563","E5D560F95ECB06D04F517988D438FD5C5FDC1FCF6EE609571AC670E71D6F5258"
"references\research\fc资料集-v1.16\梦想飞离_034.png","14172","13DB7844BE86CB5ECA15A0E8BA726F1EA549854ABD3F88E826C74B01902C0875"
"references\research\fc资料集-v1.16\梦想飞离_035.png","12220","0DC484271F48B6C5CB90A4A79A0D3231BA24F2A7560A01F413D8D3528BCB70C6"
"references\research\fc资料集-v1.16\梦想飞离_036.png","13294","C3136B86E50944C7FB3E4277660651CAB863EF9548D746F50B089F364A81BD63"
"references\research\fc资料集-v1.16\梦想飞离_037.png","8192","4F42C160FE2A7B3252CB68CC222A852BE05AA5599FAC3B3D0040FD05DA3930F2"
"references\research\fc资料集-v1.16\梦想飞离_038(超三常离).png","16852","363FC6EFE3861164D1B259D28C34106463A3D541D606265DF3AEBFDD376E12EC"
"references\research\fc资料集-v1.16\梦想飞离_040(甲儿).png","18007","36C1D4C38E355C83F372B06C9A49367D1A5DB2186559335363B6E13D19475E4B"
"references\research\fc资料集-v1.16\梦想飞离_041(莎也加).png","12561","6A34AB19B7A51EB76A00C0C88E9CBC9150FE3E7AA8761F2CF0116BD5DCD233A0"
"references\research\fc资料集-v1.16\梦想飞离_042，43，44(超三常离).JPG","152432","09526814F6CAF8EEB87CF75DA9FD23B56C80CED71E9BFBD70553D2B7114C7DE2"
"references\research\fc资料集-v1.16\梦想飞离_045(常离超三).png","12328","CF52DDC40BE8EA265E7D902953A0677BC50E60F98E6E2CE3F82C08E562D8AC26"
"references\research\fc资料集-v1.16\梦想飞离_046(流月).png","11922","0243433C33B310816684E1E6BD4FD637788668EDCD92D63FDB5B72D7D7994FF7"
"references\research\fc资料集-v1.16\梦想飞离_047.png","10922","39A7CF0C0FAC76A49C5640DDB7DB60DA4AC2DE25D039586B3AF7C7E54984D5BE"
"references\research\fc资料集-v1.16\梦想飞离_048.png","10953","BC0493BA4414ECDAFEDC4C0AD69E9D30B6F70F512E186E5A580CC81C5E017884"
"references\research\fc资料集-v1.16\梦想飞离_049.png","10931","3405ABB1F214AA65FF4F71B84A7DBF36F26F9F9751E002578C9ED3943B3388D8"
"references\research\fc资料集-v1.16\梦想飞离_39(正树).png","9631","35B4F29033B830D3F8A202A569259C04C217075084088DF4FE87C1CBD02D57BC"
"references\research\fc资料集-v1.16\梦想飞离_50(诺亚).png","10906","A3BF41B6DF3A2FF5E13B542C24B63047743B3CD67C729C3B360AFBD1DFA55436"
"references\research\fc资料集-v1.16\梦想飞离_51(高飞15关).png","11090","9D57133C5F635D01916E209F28F06EF7C4A325A5BDF9BC95930C8E106C155A26"
"references\research\fc资料集-v1.16\目标文字.png","15770","3DBF55E319BF93AFD8E9062CDADFDA996B2F17A54A61B29C29F3703C4C3799DF"
"references\research\fc资料集-v1.16\配置沙扎比.png","14754","C0FD5483435905641EAF68C7D838A00C10EEA076A9A84C5A1E274942B27C7BC1"
"references\research\fc资料集-v1.16\皮肤0.png","68633","E1833444DC4546A4639CB703ACAD9F50AEF79A95FA23C51C0BC39E16169D8272"
"references\research\fc资料集-v1.16\皮肤1.png","73373","F58AD1610DD6DC1ECD3B160409110CF7CB08497E7105A96EC571623E3D121991"
"references\research\fc资料集-v1.16\皮肤2.png","62118","0B20F2DCBBD0D37597BE7AA9AE6B7A71F8EA4EA87C53B8FCA6E314A5544D3157"
"references\research\fc资料集-v1.16\皮肤3.png","64440","5D1CE3EF9F2C2DB43036E8819149B607B32072255E5284FEFDEEA3D6217F87C2"
"references\research\fc资料集-v1.16\皮肤4.png","60678","15D114F34502BC7459AE0FDE9733557D57B3A22CEEC2A1191D7EF4704A6D6CB2"
"references\research\fc资料集-v1.16\皮肤5.png","64298","1044FBAB93157F8F22F1C37BB77039477C1CADA42AFA49E57972A12236C0621E"
"references\research\fc资料集-v1.16\拼图.png","5315","D939402DBF9D6BCCCAD4E2F2B2238D9D49BE259600BE451577D3DFA6E1B1544D"
"references\research\fc资料集-v1.16\拼图操作步骤.png","72002","3E7FB0278B8C3E95C6AFD4A6A487AB2DBF00FB4C76F8A39505F4CB5A2299B8C8"
"references\research\fc资料集-v1.16\普露和普露兹.png","22076","764D37363EE3376A40FA02F68BD91EFFD57646A61F19928023721BDF0F09B89D"
"references\research\fc资料集-v1.16\其他修改1功能区域分布.png","79692","F8FD7CC91C0094C843E1F74A97D3BA99C35E1DE8626DFB4791D532A2E6FFE663"
"references\research\fc资料集-v1.16\劝降.png","17890","10C268E9841662FDDC21C51D37FA63A25CCC5D31EC9F8A342051778CBCA60D16"
"references\research\fc资料集-v1.16\劝降编辑111.png","64430","50847CE1B2397E84DDCCD617C10CE32BBFD7BD1FDD2AB617A84E36D1339E8C91"
"references\research\fc资料集-v1.16\劝降选择.png","59664","B944DB6D1D3725DE6ADC2075AA085BDEB7C47398F84D637AAF64F382C6233ECA"
"references\research\fc资料集-v1.16\人物修改功能区域分布.png","88839","4037025E8623BD3A4AD79331201D6D2ABC87234D4E250971EFD346F5915E3932"
"references\research\fc资料集-v1.16\人物战斗音乐.png","44128","DB6657C88FF24E2C3B29DF3BE3D0260487DEB89FCA268350268D409855581071"
"references\research\fc资料集-v1.16\伤害计算程序（6502）.htm","130610","D206E6DBC8E3E3B55901163B31755CE0B69268DA684F281136A661B53AC4A9B1"
"references\research\fc资料集-v1.16\商店功能设置.png","89987","6B8338F519C96135F827865ECC452A3916781958311EC44EA707DA8431001712"
"references\research\fc资料集-v1.16\射程差输出.png","23149","D34C94CB9D495D688A25F40935A81A77BB354E6FE53235CD916093C6C4F73322"
"references\research\fc资料集-v1.16\时空之影18-1.jpg","129094","9EDF3770F37B17405F49D20AA384FFA0E6AA213AF015D5ED25C6A2E8F8F2F266"
"references\research\fc资料集-v1.16\时空之影18-2.jpg","131093","2BAED8B04CC8AF2BF3CC5F3C6C5E2B74653EBF4A8D1E9EB7472387D3A0149FAE"
"references\research\fc资料集-v1.16\时空之影18-3.jpg","132263","5622EBF72A2146B687BAEB0F6591EEE7C02E3DFED6247C838D2789450DB4007C"
"references\research\fc资料集-v1.16\时空之影18-4.jpg","135376","6392F60E5FC08091ECFE15EA389BA03D4C2EF04331063A5C290BBEC03219D8FF"
"references\research\fc资料集-v1.16\事件编辑111.png","73403","B464335089D2A399B02B29D89F337CE1F6FC0265412ACBAC81FC005B92924589"
"references\research\fc资料集-v1.16\事件操作编辑指令.png","72185","BAD7E3F1BCBACED3F4DCCD14C93721CFF5575436975725544527359AF8B1DA2B"
"references\research\fc资料集-v1.16\事件代码.htm","3457","9F05F9CEBBC5F52C58A696048C796E820B9C96145FD45C79896C2D0E5C9013D9"
"references\research\fc资料集-v1.16\事件指针差值.htm","534","9AD820140BF5C9F051828B07722948EB18E247726EB37D9E70AF8929282AD786"
"references\research\fc资料集-v1.16\碎片.png","90401","F2E829E1E02FD6C38BD09179B1D1BDEAD0338054AC70E6E7FDE322A4A8F0DA16"
"references\research\fc资料集-v1.16\碎片拼图操作.png","60288","770975976C17EC39AD0875535AB76EBA2EE29727371023F3D1CD78D7FB00DABE"
"references\research\fc资料集-v1.16\碎片图库.png","11209","D35AF6201193A5934B706974B8810E62592B6AA78E58BD34B2F9E5F95AD4E141"
"references\research\fc资料集-v1.16\碎片图库1.png","11209","D35AF6201193A5934B706974B8810E62592B6AA78E58BD34B2F9E5F95AD4E141"
"references\research\fc资料集-v1.16\碎片BMO.png","149170","3E69204036E07103BF12771274272A6A4EA81281CA8A0BBB548BD54CF28B40EC"
"references\research\fc资料集-v1.16\索引颜色.png","90685","863F273F8602EA74F260ED33FA40D245707D7D822A257C9CEA980CE7AF86E0F0"
"references\research\fc资料集-v1.16\天使之心4第六关.png","27719","27806E999EC7691FF3AEDF9FA5FFC834627ECB6DD7FEC529ADAE6D348E2C5045"
"references\research\fc资料集-v1.16\添加变形对话.png","4571","67A33721635F1B63FAE6EC6E7B707342E5AE2CE2086B594D9A0153FE6BE27691"
"references\research\fc资料集-v1.16\添加地图事件.png","26775","F024CE1260C5C7B8DCD0D67CBEEBD6BDA68ADF5708AA885EC0FEE7D20BD5AFBE"
"references\research\fc资料集-v1.16\添加配置.png","15460","804F481A9F21AB1345AA756E43E6F5D3199C9A3495ECC55C1D6907B1EEA880D1"
"references\research\fc资料集-v1.16\添加配置步骤1.png","31139","686F20A18C8907E0D2EA6C5C4E0BADDAB3CF2CD1C765C39934F9B9B9DA44DC4D"
"references\research\fc资料集-v1.16\头像底片.png","5650","92783022C1A009BD975188A29549A3F4B25401AD56BEDAA5ED99A29384763DC1"
"references\research\fc资料集-v1.16\头像贴在机体主体图库.png","6011","3CCEB0A88E03C0674601D8B041B091E43F0CE418F34DCEC72A1D3F79222A6CAB"
"references\research\fc资料集-v1.16\头像正片.png","5444","3FBDB2CD650E429E309B1E64496C13714B25D79C14DB4079FD90710070DB7C17"
"references\research\fc资料集-v1.16\退位生存.png","23613","E4E4231EF99333D3A28BA92A383DB9B09BFB2D2CA7FA46BE407D4641BC00D48E"
"references\research\fc资料集-v1.16\完成配置的单位.png","27620","7D4C3A01D5786AFC95FB671304E1A71556425953F61512CC991DA476BA0447B4"
"references\research\fc资料集-v1.16\位图选择.png","6744","6F5127B01FD87D0C46A8482E6F23769F18E0B3D80AF88BE42B053B500A385527"
"references\research\fc资料集-v1.16\位图A-1.png","10391","F8C4264CD8EB0B9393618B86E34D955B80B2AAE78EBDA042389E354DA1A0A41E"
"references\research\fc资料集-v1.16\位图B-1.png","10195","D4FB04C82E77BBDB7B22A236480E8F2EA93C27CD3F74C4544B27F66140A11AB9"
"references\research\fc资料集-v1.16\位图B-2.png","46591","CD8EC75D25A2170AF039DDA5F4890DBEDBC625514E05E0889BB2D0726B1DE87E"
"references\research\fc资料集-v1.16\位图C-1.png","10855","84ABB996601F8FEBC4488CC95F20CA5C1F7DA9C16A2938774D4F09F0F1A78CFB"
"references\research\fc资料集-v1.16\位图C.png","48145","BD9BD221D80757A6EB317536848596FB232DF79577DC1ED6D0EC63B1795612B4"
"references\research\fc资料集-v1.16\位图D-1.png","41955","9C41C52EE741FA1A5CCACE789F5725CFF228356A859B70785E271CE3909A7543"
"references\research\fc资料集-v1.16\位图D-11.png","8239","64D587B2A0875DF0A58592FEF1380FBFCB6BAD9E1E19A7A99C3E2907A1BBDA11"
"references\research\fc资料集-v1.16\位置-QQFILE.png","50130","2AD95DBDE0C9009A230ED5EBC27C82CC4E8057059F61A5308CFBAA7EF0EC788E"
"references\research\fc资料集-v1.16\位置-ROM文件.png","40012","B0165E8DF7C856057C31F3E47A8011807B15FBA9B652460319A404221F41C91E"
"references\research\fc资料集-v1.16\位置-SDCARD.png","39259","DC65163DA897D483FB9A8FECBA5825B0266D1B29D0474D50C56015E5D0A95185"
"references\research\fc资料集-v1.16\位置-TENCENT.png","49767","6CAD796113A46465BE1BB085659A689FD7F4FD018A1659B17B2DD536E1306ED2"
"references\research\fc资料集-v1.16\我方行动选择.png","59712","92461C6EA3D8DA8D6B25710E3AC08DC67A9D5DBA1E0DD5D41D73CEA969E873B8"
"references\research\fc资料集-v1.16\武器动画标志代码.htm","1753","F08104FE2B38A35F0F29513AEF9CEB02406E0B82838D67268882B22F4A4EED06"
"references\research\fc资料集-v1.16\武器动画指针.htm","680","13C2E0405B37CA3E4F71FC87523D6AE6E688330E75BEBF79A4CA0C4237091377"
"references\research\fc资料集-v1.16\武器功能区域分布.png","55577","63BD7C18CE1F7504F6570F9AFCBB3C9E7CCF5CDAC11DC027ED0D85FF92419795"
"references\research\fc资料集-v1.16\武器距离命中补正1.png","8618","13E0A59F7DDBA64D2DB37DF05942E0BC5925DA835811EF4D9E9CDA19D0BE47CD"
"references\research\fc资料集-v1.16\武器距离命中补正2.png","8585","16B014DABC295042A2346308B985F451C227DB5F33297B28BA3932FAFE21C6AF"
"references\research\fc资料集-v1.16\物理类武器的运行规律.htm","1911","93B3C45E63015914FF9032F2B4EB873B5AC9E976E083396EC6D84E5845D3D6B6"
"references\research\fc资料集-v1.16\物理类武器的组图方式.htm","1586","6DA4608E1819ACDD15A4FC659DA3DD009EE13C010AF32498CB4673EC3968B3AD"
"references\research\fc资料集-v1.16\系统程序（6502）.htm","913","37591E7F60DDE0AE1127ADCFDB0EC83DC603DE3F4C69D7E667F85B2920C387BA"
"references\research\fc资料集-v1.16\小型机.png","4305","6B9292CE6B614777B00984EB5F1593BC8E9295B8295188FF4F14E2B371297FEB"
"references\research\fc资料集-v1.16\小型机贴背景武器.png","5347","E7FAEC9C958FE070823BBF373D1CF9A1764BD74955CEE7A8E052058289CC1263"
"references\research\fc资料集-v1.16\效果颜色.png","88676","2C06CA936C2597A51103173AB856207CBB6CDB13290836738D21C0D3A2B27D7C"
"references\research\fc资料集-v1.16\新建文本文档.txt","70","3B364ABFF45B3DFEAC2149B44EF273202C32EA280C4A09977C10F1E5AA44F0A2"
"references\research\fc资料集-v1.16\行动顺序.png","37998","14B67E4B03D35E1DCB8C6E105264F2440112CDED023A874607BCC66F06BF18B6"
"references\research\fc资料集-v1.16\颜色表.png","92294","DDE233B83027E2E978068627A99A397BC9A191254566D035DDA72B47F6F75AE8"
"references\research\fc资料集-v1.16\一对一牵制2.png","20947","21347580020683E23BC7658C057ECEA29D2F4E89A3EDF87CCC3A11227F6F18B8"
"references\research\fc资料集-v1.16\一对一牵制3.png","20883","980776C938AAB5CC43AEF9F05DDACBE98FFC503BB1317DF28F219C6065C57C3F"
"references\research\fc资料集-v1.16\一对一三.png","21369","B47B30140A0A12E13FA678B6C30AA7BBB39C0D068E7EFAE51B499BCB2E578D87"
"references\research\fc资料集-v1.16\移动.png","16531","8D9AF538D4F3C668DDEC5105A4402855C8676685263261F90620B609A7C61B37"
"references\research\fc资料集-v1.16\移动原则-距离最近的原则.png","38397","5E9B4FB3A9427EF5C8B28FB229D1069DEEA5C975D03901B8816A4318E8D1977D"
"references\research\fc资料集-v1.16\远程.png","25139","28E1CD0B9B175108B9AA6ED3CC23B500F7C96C1435BE05E06DC7186D76F0FDBC"
"references\research\fc资料集-v1.16\战场地图功能区域布局.png","93168","B74D376C38186924BFA4EE082B5DC3BE9634E68D24B4CFC867BFF71A3B244AF1"
"references\research\fc资料集-v1.16\战场界面1.png","20063","6C9878512A459966E52D22BDA76EC75D2F57BAFF7F37C64ABCF46629A226A8D7"
"references\research\fc资料集-v1.16\战斗对话区域分布.png","54588","555B8B5D0716934E5F0D9D67338C8D6E57B9859CDD91367AFAAEB2A9022B9AF9"
"references\research\fc资料集-v1.16\战斗过程程序.htm","3469","2F59645F4621363163F1C7495FDDC1B384206D408E3EF657750B6429B39CDA44"
"references\research\fc资料集-v1.16\执行事件111.png","38642","74A7FA16E172E7AA926C97C1D5293097BF2B9CB0D36FB493CDCDF9D35A801AD6"
"references\research\fc资料集-v1.16\执行事件222.png","24448","A196660F659E38D13FC2A0C6BA65D7D38F7B70668404EF9736E43BE714F50A6E"
"references\research\fc资料集-v1.16\主界面区域说明.png","78593","0B4E27B8395A11C6110ACC82760962A0D44270461F5B551CA8D1C589C792AF9F"
"references\research\fc资料集-v1.16\状态1.png","12289","4AE0E1067AF62C6AF1E6EE76611FAB7F3BF5BE19CEA7E58623D028A93FB0C992"
"references\research\fc资料集-v1.16\状态2.png","12387","3E2EDA5A8257309930C0F8276EE81C286FAF8DE7FFC8BED7B28CD15F1CF2080D"
"references\research\fc资料集-v1.16\字库111.png","48539","C863E35ACA9B040487A6D8DBC3783A300D025EF0CB8C6BDF1763A056AC41478B"
"references\research\fc资料集-v1.16\字库333.png","43943","2960588AE72D9E081D7485618B14C2FC1616F24A20A2120530E56FC6A2EC595F"
"references\research\fc资料集-v1.16\走位方式-己方单位依靠.png","22481","0EBF850100A573EC810FE771F4AE0CADBE6415A968145F65FC0692D16559B554"
"references\research\fc资料集-v1.16\BMP.png","148841","0E7882C11AF145EA49D130D662A2304CE5630140A8147F26813F3422442A6C02"
"references\research\fc资料集-v1.16\CT2.png","181761","4463BADBD088AC0D4EB6FB7AADCC386CF7307B47B89C8A9B8E9BD99E11CD4616"
"references\research\fc资料集-v1.16\F6]W]2UA2D{T_64M931ZED6.png","29314","EF7E64EF197122D330BFBFF9EC7F69D1710F86581EC2A5154B68762A30C066C1"
"references\research\fc资料集-v1.16\FC第二次机器人大战修改总汇.hhc","300726","E1AAAEB61FA1F61013B243C0452E8DF07539289C42A0679084A0D65D43CF7768"
"references\research\fc资料集-v1.16\FC第二次机器人大战修改总汇.hhk","197","B9A062F8B3BEAD84F7B418A6E82CD81A5F43A36EBF0BA1EB80CD1C8C68BBA911"
"references\research\fc资料集-v1.16\M[6_TGDR)SB(DCK4{N1_}L9.png","52500","45C2CFD1B43CCF65B715EB52802EBB6D35EE697AACB303316871981CCDE4A3E7"
"references\research\fc资料集-v1.16\NPC控位2.png","17347","46A6BB5571B00B84E913C19AE4DB442F6ED498B22CEF938A14CCB27836A9ADC1"
"references\research\fc资料集-v1.16\NPC控位3.png","24581","9305987C487FA26739E805A11E8FC329708F31649DC41E1D3DA314E371541C84"
"references\research\fc资料集-v1.16\NPC控位方式4.png","13392","60F7239DED5BAE6E251EAD88F477BC5CAF41A9089E62B5D69FDB2AE353A067C5"
"references\research\fc资料集-v1.16\page_1.html","375","64505298CBB0A65CC92F4674C6F189E301F830E170BF81E7861530D16EC5E4C0"
"references\research\fc资料集-v1.16\page_10.html","382","BBF45E9B86A73B312BC130B123C816C0AE361FE1883047FA0F1ABBAE8FC33333"
"references\research\fc资料集-v1.16\page_100.html","3509","87D9F1BA9DF52CC6ADB37EFF897F5053DDCFD57CD6503B9D5D1F39F893E220FD"
"references\research\fc资料集-v1.16\page_1000.html","551","E4E1B4925D416E80344B5082B92208194F13CC49503F33D76B964840BF8125F2"
"references\research\fc资料集-v1.16\page_1001.html","551","1C46C310BAB52A3153B8034674B8846B9734BDCBAB0F869556E40B6D12F1B34A"
"references\research\fc资料集-v1.16\page_1002.html","551","BBDBE55F1419A8A9A6F85619B69F3C39A765B9DB53B2054C6FE5069D3E2493AA"
"references\research\fc资料集-v1.16\page_1003.html","1274","60D166829B4DE5A35E4106839BE7C09ADC14ABA2C47431E1EA42E898324834A9"
"references\research\fc资料集-v1.16\page_1004.html","1522","B5D0F34A087BC13856CA5855B304D9F3784F6B3183CD01F4C59B1CC55625F3D8"
"references\research\fc资料集-v1.16\page_1005.html","1568","4AE0ED0D9FB82D5A71423525DB0107B9897C0403640F317AC44C5535B7B97C35"
"references\research\fc资料集-v1.16\page_1006.html","772","54E01F02C7A5EEB6425A3FE8E5778055AE9DDA86CB61CB1DC6DFF10833B2406D"
"references\research\fc资料集-v1.16\page_1007.html","380","368FB8276D65AED4C597733B16C6CB7D5EC2ECE1CB1032EB47BEBBBD9F1F1268"
"references\research\fc资料集-v1.16\page_1008.html","380","38A5AEA6CD0E471227A0CDF7D7C687C75823DC9981DA227EA8849B4D12B88AF6"
"references\research\fc资料集-v1.16\page_1009.html","384","2856D3B7EBA3F9279707BF2AF237062ED310ED9317C405902DA46E8936140147"
"references\research\fc资料集-v1.16\page_101.html","7978","0C864B3E78E4478BB08222DF0E56797D67AFC9183C0268D4F992F0577D8167FE"
"references\research\fc资料集-v1.16\page_1010.html","384","0D83673636940FC189378C09DD926AE0DD4D8098C5ABEC883137CFDA64AF9143"
"references\research\fc资料集-v1.16\page_1011.html","2600","B79F894189F0D1294872937C8A24D469045CA6914A0A7C6B9ABE1838FA9E0702"
"references\research\fc资料集-v1.16\page_1012.html","388","88A71019506523A9D4EF53EFE3851BD8E0EFCB9F0B96D90782056BBEFBDFBCB6"
"references\research\fc资料集-v1.16\page_1013.html","4740","8BAEAA9A9E5CEA294DA46A865702B3D0AB08DD8BE52D67F101C618B8DD22941B"
"references\research\fc资料集-v1.16\page_1014.html","323","22F399D072F5C1773365E5F0D21014684902D6824CCDC756057527178C04AE2F"
"references\research\fc资料集-v1.16\page_1015.html","478","9AB12D425FC9474E6F152A0477AD1D2799E640C61BCDC53F7BB7E90CC336A5B6"
"references\research\fc资料集-v1.16\page_1016.html","7324","86C031DEC37DCA74E2C7DEB5381673D37AE85392B8420BA09F76253BA91AA570"
"references\research\fc资料集-v1.16\page_1017.html","1789","495C2F20F67FFD0EBC55A3E4FC8C41CC6FF4E9ECD576ECB67A3D3E1EF9B907AA"
"references\research\fc资料集-v1.16\page_1018.html","2257","75F4C5781A0B7D75D5E8E44AD2BBF1C6DAE10DD3DD7678ED53E3E8EC69BC438F"
"references\research\fc资料集-v1.16\page_1019.html","1737","65580CA8D223E31BDB0225584E6083DA240506BE90549B77EB0923C8CDED3372"
"references\research\fc资料集-v1.16\page_102.html","8650","DE8E00AD4C1DF7B88F2D994554AE48B016E4BA9F19ED6CE8BB607CFEA2E9F103"
"references\research\fc资料集-v1.16\page_1020.html","534","B44210D3880CBE33F89484D58EB1644C90034DEEE7BF33A4229DC6E3C6A3683B"
"references\research\fc资料集-v1.16\page_1021.html","551","9111E046E0DADB9AF168BBC3781D8C54EF6934358B3B7B94A63D2D0DFB1F5AB5"
"references\research\fc资料集-v1.16\page_1022.html","551","1F6EA836F7F8FDDDD31257E05A2E00CC3308FCFBE1F194B9749952BBFA66771B"
"references\research\fc资料集-v1.16\page_1023.html","551","338999E8B161530CA1BE7B75415071ED7355A8172B386F1C4079B112BA2360CA"
"references\research\fc资料集-v1.16\page_1024.html","551","C667338170BF295C15849809217827EF87790DAE785CE1A21C953B6DD69E3921"
"references\research\fc资料集-v1.16\page_1025.html","551","2144E12D086025420279AE3B361E361CF6C033A871EBCB1C4A9265DA43496655"
"references\research\fc资料集-v1.16\page_1026.html","551","55F0DF6F9FC77740E46CF1339E2A3C2265601E0F5518C8B2F45C23D5AC4C596D"
"references\research\fc资料集-v1.16\page_1027.html","551","A95AFFF84F32D63C7C90AF3CCE671F583C04117766B2428994739217DE780A36"
"references\research\fc资料集-v1.16\page_1028.html","551","3500716D3D4093EF69097BD94044E787B6F2F651FE4893E680523BCDC780B7C3"
"references\research\fc资料集-v1.16\page_1029.html","551","FDA9A4B4F9700684A0743E14055233B64E2D9D0F7C7DFD007F4D435B363205F3"
"references\research\fc资料集-v1.16\page_103.html","14802","33B4285635190BE77C806389B9C3BEC1CE4B5275F1DA5A2510131E4C9E797F4F"
"references\research\fc资料集-v1.16\page_1030.html","993","C183AFA7CD94DC3CBAA1C00A6A881369113432F05440931E43240B355C6C65A8"
"references\research\fc资料集-v1.16\page_1031.html","554","BF6F77C49860AE89B883AD3911686F3F316BFA4BCED469C5D450922766F0DA7E"
"references\research\fc资料集-v1.16\page_1032.html","551","BD4A88B70BB5DB77661CC8A9B7CD3ADE16F56546B3FF6472F126DD443367FDE0"
"references\research\fc资料集-v1.16\page_1033.html","551","571CE475F6FA7D72D2C7D29528DA2FAB13F4E86E702E7202BB83542008E8D013"
"references\research\fc资料集-v1.16\page_1034.html","551","BAE0A118ACE5ABF0DC59C053C881AD535B649F7773DADEEBE629B756B5528EAC"
"references\research\fc资料集-v1.16\page_1035.html","657","E55324EC0EDDBE209C7E85CCEA759673D423C285EBD73F3C7631A450F1E5F726"
"references\research\fc资料集-v1.16\page_1036.html","551","1B9E4234E7D00E62BB1C1A7A7CABF4D716530DE3F23174B4771446286EE0C472"
"references\research\fc资料集-v1.16\page_1037.html","1776","574ED36E936B742CCA506C472973C55B106223A2481471A9580427549025607B"
"references\research\fc资料集-v1.16\page_1038.html","551","9E72E4E2C529B41BB70BFF218B1711D5395748B760DA58F7E06D6FD55E35B067"
"references\research\fc资料集-v1.16\page_1039.html","551","7286EFE8A7FA891C63B525464938EDB717CCD5A22D9D33B7D542F8969797C9E7"
"references\research\fc资料集-v1.16\page_104.html","382","1ADCFFEA2C1828804CA39A490703724D759E144DB81CF3BFC8E9EBBB908CAE8D"
"references\research\fc资料集-v1.16\page_1040.html","382","BBF45E9B86A73B312BC130B123C816C0AE361FE1883047FA0F1ABBAE8FC33333"
"references\research\fc资料集-v1.16\page_1041.html","382","BBF45E9B86A73B312BC130B123C816C0AE361FE1883047FA0F1ABBAE8FC33333"
"references\research\fc资料集-v1.16\page_1042.html","382","BBF45E9B86A73B312BC130B123C816C0AE361FE1883047FA0F1ABBAE8FC33333"
"references\research\fc资料集-v1.16\page_1043.html","382","BBF45E9B86A73B312BC130B123C816C0AE361FE1883047FA0F1ABBAE8FC33333"
"references\research\fc资料集-v1.16\page_1044.html","382","BBF45E9B86A73B312BC130B123C816C0AE361FE1883047FA0F1ABBAE8FC33333"
"references\research\fc资料集-v1.16\page_1045.html","382","BBF45E9B86A73B312BC130B123C816C0AE361FE1883047FA0F1ABBAE8FC33333"
"references\research\fc资料集-v1.16\page_1046.html","382","BBF45E9B86A73B312BC130B123C816C0AE361FE1883047FA0F1ABBAE8FC33333"
"references\research\fc资料集-v1.16\page_1047.html","1357","340A9E143FADD4B6473094FC7B4B478DF43FEB7ED13D8DE1598E549083C34ECA"
"references\research\fc资料集-v1.16\page_1048.html","1221","1FFF1F4D06DECD08EFB990AA3A4920DBFEF2434997E41E5C41B93C9BD4793586"
"references\research\fc资料集-v1.16\page_1049.html","1213","2D2D44874F723A62AB04816D387B9C4F1F7008C1B08A338EE2C42EE23032076C"
"references\research\fc资料集-v1.16\page_105.html","101718","D0D280D27FA17453C91C32F34506D7B4C9577C8BA050A752C40CA3A5BA189B47"
"references\research\fc资料集-v1.16\page_1050.html","1452","77664E3D009CFF7331FAB4F481435B8F5609B55F673A2B517FC8AD11AA0BC498"
"references\research\fc资料集-v1.16\page_1051.html","1472","8FB82B3A7FDDE29561394B5D03E40A372A65BF57E0082B46AE75E3C338E2BBB7"
"references\research\fc资料集-v1.16\page_1052.html","1562","D2B495CF282E6D8ACFBA3831AF68C4B29AFF90FCFAF4904E5AE89B11C26C4A0B"
"references\research\fc资料集-v1.16\page_1053.html","1545","A3FF4D34E6D211472EFA4DE27B18492FFA71F530FE8B82A43C3AC1D593DD2A82"
"references\research\fc资料集-v1.16\page_1054.html","1412","F429AC499F47F90E0E0F65AA5A485575ED3556EF61BC521F32C6C3853FCF04E2"
"references\research\fc资料集-v1.16\page_1055.html","1384","84AB5ACE6C0DB956CEF09863A82B0881E1A36DA6E68FF97A757A2F929C46E4DF"
"references\research\fc资料集-v1.16\page_1056.html","1744","2A279FA31F55782DD7D38711A9A86789545C6E56A7C5DAECF6C86A4D94715F1C"
"references\research\fc资料集-v1.16\page_1057.html","1482","A35E74341CB6AA4F836705A595EF6201A56CA724BF05B1BD0324816C15D63F10"
"references\research\fc资料集-v1.16\page_1058.html","1378","B84B5AA9FB854E4C6BBF5C1D02AB22904654A0C78C819401EEAA5DC94A092E17"
"references\research\fc资料集-v1.16\page_1059.html","1692","0D68887E207213A9C80A7667040DF0BDF961E31CE922B58429D9B20A84BACF5E"
"references\research\fc资料集-v1.16\page_106.html","74476","A58C6C65E2B107F4F0CBB6EB054E977B9F719DA862B2011CF102C2EF568D3C2D"
"references\research\fc资料集-v1.16\page_1060.html","1644","A1495D081FE837D3C1995E41675B44D7E4652742E872E1F2F8B40FE5C6079C61"
"references\research\fc资料集-v1.16\page_1061.html","1450","817A749DDC6D91BFBE96D5694F15E1916FDE15EFF61ED46DE8B7805F0B03303B"
"references\research\fc资料集-v1.16\page_1062.html","1374","1D6A7318E833D598EC3B6273D89B98F8F33731EF93E0401E0655AA6FB7C81725"
"references\research\fc资料集-v1.16\page_1063.html","1900","8817E13120AD160664685440BE1F8B9EBF78C93A71867B451D491794613295DF"
"references\research\fc资料集-v1.16\page_1064.html","1648","3BB5A1F3FBD8393688A4788C073788B48725ADAAE02D67D2361AB7A75DD7C97E"
"references\research\fc资料集-v1.16\page_1065.html","1325","A848BFB45E3C6221A97DFE9BC4DC4C9074CAEFDA8E21B402A98B74FCA42017CC"
"references\research\fc资料集-v1.16\page_1066.html","1332","9A6B459E30E5359951D66744B4AB04A85AEE4CF152090CD93AC254B8F3C103B7"
"references\research\fc资料集-v1.16\page_1067.html","975","02702F39B8F69255F4AAA5FA9FF50F6C21A11B4F0877CB2235ECFE3CB742EEC7"
"references\research\fc资料集-v1.16\page_1068.html","1437","0C2D2C79CC5CB4192F3E944B9602BC4ADF9950FBC14DCAF25AD4D02AD6404A37"
"references\research\fc资料集-v1.16\page_1069.html","1850","AC18D53C592AD739C051EA7C70C31861D3466CB369AA1D220EC208E79A4EC86E"
"references\research\fc资料集-v1.16\page_107.html","21820","66833AB055332E6BC562A4C53ED095F9E817CC8F4D2600BC9216FE5010A94FB8"
"references\research\fc资料集-v1.16\page_1070.html","1450","E8B5DA92C96AA10DEB462633B94A194AD54FC03FC179E4F8B5B0D1CF336E5F95"
"references\research\fc资料集-v1.16\page_1071.html","1585","40F5432205807764D4537DC1A2093D0894364D616F62CB5DD579F63AD2C065A6"
"references\research\fc资料集-v1.16\page_1072.html","1009","4BD1EB41BB7ECEED37020AEBFE80F9B8E1CD457F5AA59089F04CA39D937547E2"
"references\research\fc资料集-v1.16\page_1073.html","380","6032CC4771B26F0E3BED6378A5059688815CA1908231118025E936FB44CB478E"
"references\research\fc资料集-v1.16\page_1074.html","380","368FB8276D65AED4C597733B16C6CB7D5EC2ECE1CB1032EB47BEBBBD9F1F1268"
"references\research\fc资料集-v1.16\page_1075.html","384","0D83673636940FC189378C09DD926AE0DD4D8098C5ABEC883137CFDA64AF9143"
"references\research\fc资料集-v1.16\page_1076.html","532","BE50EF0E7D7F5C20F15161EA40FC10FDF72789EBF9A17D40464A173E001BE812"
"references\research\fc资料集-v1.16\page_1077.html","649","8C1ACA856124368D631715B67F812A3B29A123DA297D26E7A10510B5D8E250B7"
"references\research\fc资料集-v1.16\page_1078.html","761","17C947C87582988919C698FD73E3B5925D85B1F566198D57D28FC80D91CDD06D"
"references\research\fc资料集-v1.16\page_1079.html","851","B4DC4458D1813852B4072979FED9F25E73354D015AC31A4F3DB2B30C1148BD9B"
"references\research\fc资料集-v1.16\page_108.html","187756","EA4FEBDA316E471B4662267AFA3EC015A74F7C05DC02947106A3F91CC8CEFA50"
"references\research\fc资料集-v1.16\page_1080.html","838","06D7EF0FF41F4C77BA251244AF72C7E60CFAE76925BA5D4B99FF3DB16505B75F"
"references\research\fc资料集-v1.16\page_1081.html","780","7EA0DC1BC9CC303EDF684621257A79BA29CA94A548B21E20E30FA2B07E3D7158"
"references\research\fc资料集-v1.16\page_1082.html","871","773655D80A126B623E9973933CE30954684ECFC922435F9FD265B2144498CBA2"
"references\research\fc资料集-v1.16\page_1083.html","708","A3C1E54E0D704711DD08D363086D8C2FF963A7E8C8D2DD163F3E54B68D2A82A8"
"references\research\fc资料集-v1.16\page_1084.html","791","EB265C9CE836FDC3D19B1C383FA7D9E327B93E7DB9B5827D90DFB56B3558DE0C"
"references\research\fc资料集-v1.16\page_1085.html","905","BE3D1036BB1511DCBE70FF16B18B3B07541AB8B9EAAB89497AED0A95A35FCE28"
"references\research\fc资料集-v1.16\page_1086.html","899","E1A5D3C13FA31CB8E7763F8AD015F72471E402F6DA4B0510A5A6B41B068BF719"
"references\research\fc资料集-v1.16\page_1087.html","978","73AA7089E8BEF6764E55330A538BD78A1FEAA300F7B4E0A423A160EF08F8C8F1"
"references\research\fc资料集-v1.16\page_1088.html","791","AA36E9D81B2FCAD82D3BFE14AC915400DFF14436945278BC209009AB910E7027"
"references\research\fc资料集-v1.16\page_1089.html","1229","AC864CCD345B5962D7B2C1973827180EE69C0698ED23B50FAFA23D0ADF7C4810"
"references\research\fc资料集-v1.16\page_109.html","48472","8627CBA56E4E57B2A8EC501197B2678D9A17E6FD8AE0D9C39D75316688DA205F"
"references\research\fc资料集-v1.16\page_1090.html","963","27B190408B89F1390A1C63CE4FD4D8AE617B26FCBC5AC0533E939EF13C7559B3"
"references\research\fc资料集-v1.16\page_1091.html","823","A119E644DF24CF444BD4D162277231865DCB16B6C256319E5830AE7FBD2045D3"
"references\research\fc资料集-v1.16\page_1092.html","1121","AF99986521271DD83EBFBAABB1956AAE4B194A6E2538585A1F7B25A319920D9C"
"references\research\fc资料集-v1.16\page_1093.html","587","56BCD0CACF23C5DE3049420EC5158FA50E92FAE0AEB4C4E188653EAF5D2EC69E"
"references\research\fc资料集-v1.16\page_1094.html","587","32B63280086266E231809B8C01C40A201273C0C7F9359F363D9F0AF12DFA5A1E"
"references\research\fc资料集-v1.16\page_1095.html","587","2E5723429187FBF97659C5D669974782AAB379992974358ABBD380299F06DC32"
"references\research\fc资料集-v1.16\page_1096.html","810","BF1A6F6AA1902DFA9B954A659FBB8B5DEE7A9023AC664D4668E577F36A53E786"
"references\research\fc资料集-v1.16\page_1097.html","587","6C29D3285924AD56764B5C80500307CFE621936A3762F1D83995111193108D6E"
"references\research\fc资料集-v1.16\page_1098.html","587","5F28190A3730F1FA418BC9D8B17C93BE931D2BFCE876348803B9536EC8F14E02"
"references\research\fc资料集-v1.16\page_1099.html","587","078D4736F73D57418BD2BF53B53E4B57B752C6944DBAAAE7628E2F9240FD2DC7"
"references\research\fc资料集-v1.16\page_11.html","382","BBF45E9B86A73B312BC130B123C816C0AE361FE1883047FA0F1ABBAE8FC33333"
"references\research\fc资料集-v1.16\page_110.html","10520","BEA16F4030D773BD86B1D285C4291FC299D0875D9F856A199396DF7111196A33"
"references\research\fc资料集-v1.16\page_1100.html","587","4C17A74A6C3A52105804609F6E8532D80C0A0D6E9C6FF72C3B5350EC1E93FCC9"
"references\research\fc资料集-v1.16\page_1101.html","587","C444D298ABB0F78C147F5AA8EEEDCA5C7CE46DE197F8801426578D4600E43C9B"
"references\research\fc资料集-v1.16\page_1102.html","382","BBF45E9B86A73B312BC130B123C816C0AE361FE1883047FA0F1ABBAE8FC33333"
"references\research\fc资料集-v1.16\page_1103.html","377","EC4BE466814AAD8E93FA6021E30B22616BD1B1DF6E603557B08DB3B55D0BD0E9"
"references\research\fc资料集-v1.16\page_1104.html","1023","48587D2B774F0C4437C81D18818F48FCB185D490FB5DA18B5A0E3B3D51E549F8"
"references\research\fc资料集-v1.16\page_1105.html","2170","FD7FFD9A00174BEDBFFF129E64641EFFE98805452CC4C4FC2CE694942C4149C3"
"references\research\fc资料集-v1.16\page_1106.html","13122","3489327B607323D284E42D9597E34E2E0BAB2E8CDD5BB5C020711B3EEC642CFA"
"references\research\fc资料集-v1.16\page_1107.html","564","B3EA0BBEEE0F42C32A0210DC64FE97499375FA079019340BDFE7497813C0ADCE"
"references\research\fc资料集-v1.16\page_1108.html","597","503FBB3293C50AEBE5B4929572FD153892F3A9BB2B633031A38C198761FA2FB3"
"references\research\fc资料集-v1.16\page_1109.html","597","D5E2602D9A4FA5844ED8CCAD9F4E0E770255D8DA3E570EA4916464F331A5C244"
"references\research\fc资料集-v1.16\page_111.html","82770","C79145149E203C9017CCC207230B472457E5627B62DF1227FB35022D2E69B11D"
"references\research\fc资料集-v1.16\page_1110.html","597","132CF3290679501FACAC8F54BF89BE327277B0741F038AD5493AA6A8CA6328D0"
"references\research\fc资料集-v1.16\page_1111.html","597","68B10332C294D3E6B0D930F166CD1033B2950D8E1F45977F1F0308E53D79EC72"
"references\research\fc资料集-v1.16\page_1112.html","597","A7AC29E0BCF865B5DA6A8C8C22156C5D01EBB739E8430F83E8B3123F672B9BC5"
"references\research\fc资料集-v1.16\page_1113.html","597","31C753FA980B1C0B91A11CFB75CCD982A91DF6D286B4859A03CB84033F475F48"
"references\research\fc资料集-v1.16\page_1114.html","597","C9C6E6C716BC16B47C5D50124FEB579AC3B9804D2ABFB5717ABC39EBE62AD352"
"references\research\fc资料集-v1.16\page_1115.html","597","A6B89BF4583A415EBD2A2D2F62AB6258869B52694F12C1EE8F940E66F03FA60B"
"references\research\fc资料集-v1.16\page_1116.html","597","CBAFFD04923F4A601163D5516B3F6B90D882F246290C40A603C0887FB59FB482"
"references\research\fc资料集-v1.16\page_1117.html","597","CDFA893690A288F1D63CD569C0A2688E65867021059B7E590FD2D9B9B009FD0B"
"references\research\fc资料集-v1.16\page_1118.html","597","504245DD3B7CC23732DA65F0A0D63FC7131E47B16565F4BF2A1D78B858FC3C92"
"references\research\fc资料集-v1.16\page_1119.html","597","09E4CF5FDDA4C7687936F175E61D2F582FD78209EAB6D880A545ADCB9F1E29A9"
"references\research\fc资料集-v1.16\page_112.html","386","2B2BCE5B9C04B4970D9B2BFA743C4B2541A2D873AA213CC1D8A5008CB23679D8"
"references\research\fc资料集-v1.16\page_1120.html","597","93578C4667F78232CBB84D169F4E48BC836BA89B13CADBC7A84BF59D80CBB5B2"
"references\research\fc资料集-v1.16\page_1121.html","597","F35CB6F8EE18937D4A5E6589DBAE4E7AD795B57F71CE5FFF48D6729BB405CB28"
"references\research\fc资料集-v1.16\page_1122.html","597","7A85AFC0054E89C8BC3D9A468F781AF9B6866177CC426B9493BC24019AE7E529"
"references\research\fc资料集-v1.16\page_1123.html","597","18DA51A91139EC93523AE3ED2C4B7DEC61ED0DF9755E2DA3F30EFD0DDA9ED981"
"references\research\fc资料集-v1.16\page_1124.html","597","CB6A5456BA56CE49DC166EB4FD079FB3FC8EF567846E8F7658E6AA53933A6719"
"references\research\fc资料集-v1.16\page_1125.html","597","ED092EB5C4C0E57E09C179363B5C90CF5C8F6ADA8523BFB0672F4058455944C7"
"references\research\fc资料集-v1.16\page_1126.html","597","D980999CAD9A7C91F327D03B23344343D5D70EE7F61451E17BF40ABEB3EBA6B1"
"references\research\fc资料集-v1.16\page_1127.html","551","CA1DD8753D12FC23A29E28CF66DFB6846CDBDB32CFE1EBA7F54C603AF800D26C"
"references\research\fc资料集-v1.16\page_1128.html","597","4CF7FA7D58C3BD6A837ADE42BCE37764DCD1ABFB372B86A13A5460DD11992EE4"
"references\research\fc资料集-v1.16\page_1129.html","597","4CF7FA7D58C3BD6A837ADE42BCE37764DCD1ABFB372B86A13A5460DD11992EE4"
"references\research\fc资料集-v1.16\page_113.html","752","8D105491C5D9A2833826C62D05D78EE756ACC0A8FC0A088E582C58606B1710FA"
"references\research\fc资料集-v1.16\page_1130.html","597","11D69ACF8B47F6EF20F3749818D8C748B18B947754D8060D6B94FBD2A57E0558"
"references\research\fc资料集-v1.16\page_1131.html","597","520C221897AC3AE3D0EA03A45EC27CCD1ACA96A4E417E95C6649F39390778C49"
"references\research\fc资料集-v1.16\page_1132.html","600","D29FAC036C3E56D930565F376D24BE9A275EB6C6B2EC37EBA233BC80C435BC5F"
"references\research\fc资料集-v1.16\page_1133.html","597","03F1ACEA617E1BAFB7BF61ACAD1BDFA91D17044D25873FE1179D4CF92069325B"
"references\research\fc资料集-v1.16\page_1134.html","384","954A918902E31E3D2FEFEF0D835512238D43F0495C97EEA472F6B0C33FD186B5"
"references\research\fc资料集-v1.16\page_1135.html","384","3348D870D5CDD2BE9E588AF415C018833C64517D7B9848398B09EEA4FA3C1749"
"references\research\fc资料集-v1.16\page_1136.html","2706","6B787B8C9A84A1C46B4B1BF49C399F71ACC45DB02CA72C5824C8AED197B3EA0C"
"references\research\fc资料集-v1.16\page_1137.html","384","0D83673636940FC189378C09DD926AE0DD4D8098C5ABEC883137CFDA64AF9143"
"references\research\fc资料集-v1.16\page_1138.html","723","48AF8694881E56C411CBAA59D856485AEFB1A50C6322BA7F3EA85BBE4D056D85"
"references\research\fc资料集-v1.16\page_1139.html","384","0D83673636940FC189378C09DD926AE0DD4D8098C5ABEC883137CFDA64AF9143"
"references\research\fc资料集-v1.16\page_114.html","22525","95C58AE9234A3FD5A6B139014A76ECB5A3C25EDCEDD9E6B344969443B7505B2B"
"references\research\fc资料集-v1.16\page_1140.html","1050","12B555C31234D9CE7B0839B60CF04DBEFFE103B35E6B83BF29A7BA3E35BEC233"
"references\research\fc资料集-v1.16\page_1141.html","6162","E29F3D290F645C96F6E7F2F0EEAB1FA7ACFD608C473DD9B72D1BE72F8D8CBE5B"
"references\research\fc资料集-v1.16\page_1142.html","1210","714EA58F45B3F90A38AEF8DB632028EE95865A7424A59EF12FC1AA7B28ADEB8E"
"references\research\fc资料集-v1.16\page_1143.html","384","0D83673636940FC189378C09DD926AE0DD4D8098C5ABEC883137CFDA64AF9143"
"references\research\fc资料集-v1.16\page_1144.html","3021","5FB4E2B7CB09A504C83C8B265F48E475A25A571A6954EAB8425421A7F538F12D"
"references\research\fc资料集-v1.16\page_1145.html","390","D9AB3613085B8237392820774096078C64831CED8BDCD8DEF514F56ECD834F83"
"references\research\fc资料集-v1.16\page_1146.html","2090","A87889199EAC71781725F27401BEF0DF7D83376C083B4286FDBF6E390DA83991"
"references\research\fc资料集-v1.16\page_1147.html","1737","13B1768E6AD54B365D267285D841FC161DD55055E2BF277F47E3663BDDE6CBFE"
"references\research\fc资料集-v1.16\page_1148.html","782","B562ACD8A45B31DC2D9CC1012E15025A87931B32F0728E6301991752B1AFFE14"
"references\research\fc资料集-v1.16\page_1149.html","489","B1065A19A014FD0179904F73CF98C9DEB296FE7CC6B2CF2D52CA2E1895A6E791"
"references\research\fc资料集-v1.16\page_115.html","40713","8705896DA9578D64F8547D25755C2C440BD2ADE60B3BA6AC7882CDC3CF1C61CA"
"references\research\fc资料集-v1.16\page_1150.html","2235","8E56B826FCE9FC119552AA336E69470F004AC3131D33E93662E4F139D7B45877"
"references\research\fc资料集-v1.16\page_1151.html","384","4684F2E1C00EB7684CFBFABD87FE76CF44826BF3EE8290393E92A28D0C083530"
"references\research\fc资料集-v1.16\page_1152.html","388","D6F6EF51BA0C92C10A1313FE623152E3F4E7A73DD1099603D7AB955E7B6F34E3"
"references\research\fc资料集-v1.16\page_1153.html","1641","3A7572E6E4490507A652DDBE4BBAC3D6D6645896EC2BEB2F4EC43F6EEBF83137"
"references\research\fc资料集-v1.16\page_1154.html","8405","17771BD775236D679C1AFA1FC610D3D91B7DE149DC7BEAA7D150A035DA6C9478"
"references\research\fc资料集-v1.16\page_1155.html","1007","F9E23B6D6BB4B44343E5EEC2D4A648AA4F834C5EDD80D9079A4E8DAE27E3BAC1"
"references\research\fc资料集-v1.16\page_1156.html","399","3BD492069C918B76CEADE79C7464E45797FE42E29DF0AE951D99515D689FBA3F"
"references\research\fc资料集-v1.16\page_1157.html","9591","BEEB7FDADCD796CE077F5E1304DE4CB7BE83D7A6E01188EF0C7F0593FAAEA680"
"references\research\fc资料集-v1.16\page_1158.html","850","90DA68510A03ACBF5CB9D19EA67CDDFD5BB634A896178B0A5AEACDD1367E6BDA"
"references\research\fc资料集-v1.16\page_1159.html","897","D955F742A60FF74B3CE49552760BF4F7C2EC066D5B239B0C5ED3E0295BBBCF36"
"references\research\fc资料集-v1.16\page_116.html","736","1FD6DEDB85050AEBD66D07A105058C5112BA907E4294DAD08E5725DCCB7109B8"
"references\research\fc资料集-v1.16\page_1160.html","809","751355691062370A805A204CB4892317306510E9843B747125BD72E3D12269CC"
"references\research\fc资料集-v1.16\page_1161.html","1959","20D730743E0962051364F4FB41F9ED6DDA2F8E4B8FEFBE8280CEA8B18D507A4B"
"references\research\fc资料集-v1.16\page_1162.html","733","64B25CEACA012D201584BA2EAF71DEEBBC211A35DDEF63AC75AEE8A1FB7F7701"
"references\research\fc资料集-v1.16\page_1163.html","1089","A35D6D42887E27F1D2CACA0996C2D5C7749726C119CDC4CCFF9847753EE4F536"
"references\research\fc资料集-v1.16\page_1164.html","825","FEDA37AAFAE0396968DED35FECF1EE014067B0EF5127535EBD0997EE437AB7A0"
"references\research\fc资料集-v1.16\page_1165.html","1922","B18C0B6757E5E300F2D5BE6FF1DE643B96216D840E5BB2256041C744AFF5EFEE"
"references\research\fc资料集-v1.16\page_1166.html","1519","9BB6253D804D10388C577ABFEA4CB8C80FC2C19BE21E952EC265F149525E3F7A"
"references\research\fc资料集-v1.16\page_1167.html","2654","29FF2DC11D743D6D901359E0D5D87E7391F5D0E80596D989569BEC87A967E851"
"references\research\fc资料集-v1.16\page_1168.html","386","D9E791EE8DE23819FE6C8B1A0BEE32C3B65BDBDBE429D580A514A33C39CB95EA"
"references\research\fc资料集-v1.16\page_1169.html","11504","C70FAAD6C9E81E25F7D98774DCDFFA70B5ED8BB2126CC9078F717093D115F201"
"references\research\fc资料集-v1.16\page_117.html","15293","020900746BEFA3C852D5A694CBB1B76052F6F1A45B37C3CC73B80FB238BBDD41"
"references\research\fc资料集-v1.16\page_1170.html","500","59058E44E160923DA10C10D4DC3CC80CC21833C13F63FE580950DADE33D421BF"
"references\research\fc资料集-v1.16\page_1171.html","478","B6459F2C6BCC154A2E356ED0F28CEF8B57B7F69EC8241557728CBE1AE284462D"
"references\research\fc资料集-v1.16\page_1172.html","479","F11A4DC71709FE6434CFE08D907CA3F61869F0CF7859BFE991C68EF3FB16DA12"
"references\research\fc资料集-v1.16\page_1173.html","483","5DD38FA011E7DF1C22B810028F7500A7C21F21025ED39B52614AD0149691F9B5"
"references\research\fc资料集-v1.16\page_1174.html","496","1743290BF839E05C7705E1E9B90307A93084F93139345CBC9A15E526EEA6D9F1"
"references\research\fc资料集-v1.16\page_1175.html","1010","9C0C3644F7FC5A81BB2C9228083540A823C724286A7DF21F500E79BC1DA56A81"
"references\research\fc资料集-v1.16\page_1176.html","382","BBF45E9B86A73B312BC130B123C816C0AE361FE1883047FA0F1ABBAE8FC33333"
"references\research\fc资料集-v1.16\page_1177.html","382","BBF45E9B86A73B312BC130B123C816C0AE361FE1883047FA0F1ABBAE8FC33333"
"references\research\fc资料集-v1.16\page_1178.html","8857","EC2B75FB6D3EC9A9F22DF6AB0A0F4D5E015CDF129818FBEAF93156145C1425BB"
"references\research\fc资料集-v1.16\page_1179.html","3242","6B061F7CD29602B75EBE44899FC15D8145BB0B8EAEE89585A0C71DC5D2DB6632"
"references\research\fc资料集-v1.16\page_118.html","384","94B0A7AEB1AD892D8B534C6EE989FAE22147829AA848A9AC28693C80F55AB7E8"
"references\research\fc资料集-v1.16\page_1180.html","12451","108775D029B723B33BEC0BDFF217B1C2730E3B37F0963482F9B91ADD2D728A32"
"references\research\fc资料集-v1.16\page_1181.html","3944","90657214B5965DE356B7B75E61E4F300D2CA443650ACB4855DD864646E3252EB"
"references\research\fc资料集-v1.16\page_1182.html","384","463383BC95D337A00B5B08ECF13926D82790AE04431414C6C1B03635303DED0C"
"references\research\fc资料集-v1.16\page_1183.html","399","9488CBEE08DB7C99047B75AC8BEC5751CEA5A9C2109C0BF27FEDE76CDBD705E7"
"references\research\fc资料集-v1.16\page_1184.html","1422","0E48B6B1DBA82D408A07EE8B9476FD7E621E395DCCD5282FD9DCCDB9CA20BA8A"
"references\research\fc资料集-v1.16\page_1185.html","1440","2C189E04B268F3B030C1AF3D896D75C13BC642DDD1FA674220EE6D3DAA937F8C"
"references\research\fc资料集-v1.16\page_1186.html","384","CDC85F448D5ED750B1675870AB3526B17074812A850D9986CAE11A6730E289D7"
"references\research\fc资料集-v1.16\page_1187.html","2273","EC539D725495C98EA08BB5C5F0ADF965D2F9AFF80CBCD51DAE5426CA512CDACA"
"references\research\fc资料集-v1.16\page_1188.html","13270","4D69620419D84DE567FC298FB6EED65142D9C1875E8B3BDE357CC6C714454C59"
"references\research\fc资料集-v1.16\page_1189.html","13482","3888E22F5AD2BFF731371FE63BD144E6B3DD0B5647CBE1977AED7BB23F83B7C4"
"references\research\fc资料集-v1.16\page_119.html","1083","5CE5C3A34E0214CBF7159B52CB069E7227453386F1EF5DC58A79132AABEC04E8"
"references\research\fc资料集-v1.16\page_1190.html","7639","077FBF7BA8872DE6F5A7954F1F5B22ED89C5B1E10F5B073E622E6AB6965AE991"
"references\research\fc资料集-v1.16\page_1191.html","3524","1CDC8487B9765BCFC05FBB77C23BB1F3DB895F6087BB222DB1BE0DF861F94E34"
"references\research\fc资料集-v1.16\page_1192.html","629","BC88FE8034283CD0E392D5CC310B9CFE5D14682AC073B9357E6DF9B2C0DBC968"
"references\research\fc资料集-v1.16\page_1193.html","2393","0DC72C03716151614BAFB7813BC64FC5A67272C8B3AE9965078462D14A35F3DD"
"references\research\fc资料集-v1.16\page_1194.html","2765","A8A882CD57F88FB624993FFFE28546EC9284B81F6E0930A2C2B6EC3BDFC24A01"
"references\research\fc资料集-v1.16\page_1195.html","3384","D86A5B0B65838E833A28944B164090165DC7BE03AA0FCDB38F5A4719EE16CE7B"
"references\research\fc资料集-v1.16\page_1196.html","4459","2ECAAD208ABDD28EEAAE33982D0D47DDB7D5434716475871DEB5D5CEF3B29B7C"
"references\research\fc资料集-v1.16\page_1197.html","2970","1CEFB581CE459CEEB42DBFF6A91C0353DDFFDCCA1E09DB3B7120009B9353EB05"
"references\research\fc资料集-v1.16\page_1198.html","5497","04B63D2F3115B7E0DD036D832202917D874E79F9A00D150C16B087DE290BB77A"
"references\research\fc资料集-v1.16\page_1199.html","3464","E90AFD9AAB23E7E6CF185E8B1C94CC42A2289B7B4708D75E9505E398B50DB291"
"references\research\fc资料集-v1.16\page_12.html","405","EB5CBEF56F750C7876340E94FA6914DC3569A8E22A6AE35D185B05FF23455F79"
"references\research\fc资料集-v1.16\page_120.html","1095","C471376636D55C306920E98B5E0C13D9D5AD24ECA754D12A0F9A671DCF17C42B"
"references\research\fc资料集-v1.16\page_1200.html","4916","6C1C43AD9B8254C2C2C8DB1364F87A0DA59452A00DCBC7E900B46CBC6D669B7E"
"references\research\fc资料集-v1.16\page_1201.html","3598","D60F913C6475EAD20E33E15EDBE6D9455093ADA81D30E3DB61AB8870303F808C"
"references\research\fc资料集-v1.16\page_1202.html","3322","C046E43EE3EBB4214105E603513BE99BBC3CBFE6EEB6C255A09DE220A9875640"
"references\research\fc资料集-v1.16\page_1203.html","3909","04966B494FFD50953405D21912784F1860D65DF47CD932009701849B9B899276"
"references\research\fc资料集-v1.16\page_1204.html","5069","3CC93519D61543B81CD5DD69C4AD6C581B2B3ACCA1134102364AA042951980FF"
"references\research\fc资料集-v1.16\page_1205.html","10261","783410E9D418EACC736AD4A2FD1386F2302E8858762B7ACD5B119A5418BE3951"
"references\research\fc资料集-v1.16\page_1206.html","2803","E16C4DD3FD57D89F8174C75D00A71D37A32B64FC147D40C5ABC97BB6E3F115B5"
"references\research\fc资料集-v1.16\page_1207.html","4102","55F90EAD541CE5F8641A562EB8CD7AD1AD7214734211C530E3DE785806E2B6E3"
"references\research\fc资料集-v1.16\page_1208.html","3731","B80E4CC78EE2BF8FFD82B0B18FBFD9BB2D4A2AE24008431829246BE395B28FDE"
"references\research\fc资料集-v1.16\page_1209.html","3321","A340A60876D1C8A9C6B506529262F98AB895B7D24E42669399C4F6070582FB84"
"references\research\fc资料集-v1.16\page_121.html","648","BC02A727857B4C92C192A0BF1AABA39DA48FE783E965F9212982C1210B229935"
"references\research\fc资料集-v1.16\page_1210.html","4290","CA2AFDF412370D515823393454EAF541DE37A4CAE3308E15328A729168A3ADFE"
"references\research\fc资料集-v1.16\page_1211.html","5919","E1413ED77C3536981FC4F77F3EA4693B64FD531B1D87289B086BCE671AB2B94B"
"references\research\fc资料集-v1.16\page_1212.html","3514","2F0645116A93ED5E8AA2FC8D4B269760E93DC8207B2B153C7832A49CF4BDAB01"
"references\research\fc资料集-v1.16\page_1213.html","3912","1D21806191AF192370E2B26AA78F14A0E277CAD153B7730A39DCF089CEB6452D"
"references\research\fc资料集-v1.16\page_1214.html","3523","368EAE4C6D8F7F146AC728E1F4786E357598892479806717FFB49881265F8696"
"references\research\fc资料集-v1.16\page_1215.html","2721","C6FEDEB1DDF01A0A41DBF09E22D2F4C26100D221665AB50C4B0A0645C10F8759"
"references\research\fc资料集-v1.16\page_1216.html","3981","B65A47BC3C6A4858ECC8C64AAB9FFF71B14C34248AE1DB443C3A27280D4C5A93"
"references\research\fc资料集-v1.16\page_1217.html","3245","B5DE8D4E1998FFE6F018E1849D15592AEDD048B94AA5D5E1AA76B80985E1D36B"
"references\research\fc资料集-v1.16\page_1218.html","4404","8AAA846D5A7E8F48299DE5805380261991C5DE0D4F3D7B3C78FEEC8A152036E2"
"references\research\fc资料集-v1.16\page_1219.html","5183","35F9D2A6230E088719167249EA96F947FF6D0716FC517251A5C2269720D40FF8"
"references\research\fc资料集-v1.16\page_122.html","384","4B17EC338C7B0DE6458C29A9C9EAAC93A5EFD7FF6D4C4898F6E160B4862C13FD"
"references\research\fc资料集-v1.16\page_1220.html","386","E996F7D187B9C597CE8EF0F2B13DE63301D2889517C74689D13FAD6E6F6C664C"
"references\research\fc资料集-v1.16\page_1221.html","380","368FB8276D65AED4C597733B16C6CB7D5EC2ECE1CB1032EB47BEBBBD9F1F1268"
"references\research\fc资料集-v1.16\page_1222.html","384","0D83673636940FC189378C09DD926AE0DD4D8098C5ABEC883137CFDA64AF9143"
"references\research\fc资料集-v1.16\page_1223.html","5789","46E7E2C7EFEBA4DDA1F8C09A7BD0FD42ACC26CA178FBA49241F81C45683D5675"
"references\research\fc资料集-v1.16\page_1224.html","654","62C784B2699E952AC76368BAC7FA5642C78484364A8A5E33F31F2232A6CACA93"
"references\research\fc资料集-v1.16\page_1225.html","2489","BC17538764CA8B35995933C287FC2932AF7AA8E219DAA33C9752F69F2001F0FF"
"references\research\fc资料集-v1.16\page_1226.html","4146","055C6B8785165442E214E036FD156DD7F55044EA6BE872CE2A03982601091AAE"
"references\research\fc资料集-v1.16\page_1227.html","3137","6687F26F7A60EBE7E1D1EDDC17440681B2EA9202FEC66231E93E25A584D4CEFE"
"references\research\fc资料集-v1.16\page_1228.html","1619","76506CF75D0F2B99E600E57D7EE20A33F5FDBDFA19CC3EB130EDA6BE8D517C2A"
"references\research\fc资料集-v1.16\page_1229.html","3231","18A8CB6399B73514AC316402A6000535D8C0881630B2A2F36C0908ABDC577B0E"
"references\research\fc资料集-v1.16\page_123.html","3532","FF2ADD30A39CBE3C19BF76CA98BE93EBEE96408D97A60327EF6778B0D82EF35D"
"references\research\fc资料集-v1.16\page_1230.html","740","53B123054B31AD22DE9A746FCA9C90B2160DE6E62A095E797375DEF432CD5BC7"
"references\research\fc资料集-v1.16\page_1231.html","1220","DAA6F5671593F97F8181607A3D140E23E128A5A592BCC16D05DCB355F752701E"
"references\research\fc资料集-v1.16\page_1232.html","2857","DADC6991CD1D7AF631678E8BBF44CE816D01A0C4E9B9944DC7D211080D20C893"
"references\research\fc资料集-v1.16\page_1233.html","1451","1F67809823109BAE7343FEB601B825C8467AC178A7ED2F030EC35F91022824A8"
"references\research\fc资料集-v1.16\page_1234.html","2180","1CA538EEEA6D7BE62D8E0D9469C877C6ABEB61B492E37CD4BBFD6FF54835C20F"
"references\research\fc资料集-v1.16\page_1235.html","2246","2C093789B64197C8A75E09BC884F6F7C451E2DFA063A0D55CA5CA41A7A9F1941"
"references\research\fc资料集-v1.16\page_1236.html","4319","96BD05B661C58090E02166C8924EE847C7C7A0D004B7C408114A41517D666A0C"
"references\research\fc资料集-v1.16\page_1237.html","1962","9F8787F5AE3AF27D78768502E14FFB93C0DF3785437D36DEB5ADDBE43568DB63"
"references\research\fc资料集-v1.16\page_1238.html","2193","C0D5F1F15AAD1EA8E2A73E73870AA6BFF9940D2C1906089016430574DA1778DF"
"references\research\fc资料集-v1.16\page_1239.html","956","D2963790B0BFAA7FC759E9D2364FC76C17565C79F5C45BF844BF1F213629CBE1"
"references\research\fc资料集-v1.16\page_124.html","3885","EA3A3157A75F683AB69D343247D0C426179D614B45E3C19FB72B38923483C28D"
"references\research\fc资料集-v1.16\page_1240.html","1946","E358204CF3873E0F909A82F908B2D6D5E9CFA2FB67CA590C95CD7AF7C2DE1E38"
"references\research\fc资料集-v1.16\page_1241.html","474","019F072AD28A14537F4374FD0C29996CFF3C1C32833AC6C3D7084AAB8031862F"
"references\research\fc资料集-v1.16\page_1242.html","4751","96196AC7FBDC946D3F49BE5502C8F02C76D7C1A7F49D7A6D6741BB73872BF6B9"
"references\research\fc资料集-v1.16\page_1243.html","382","BBF45E9B86A73B312BC130B123C816C0AE361FE1883047FA0F1ABBAE8FC33333"
"references\research\fc资料集-v1.16\page_1244.html","382","BBF45E9B86A73B312BC130B123C816C0AE361FE1883047FA0F1ABBAE8FC33333"
"references\research\fc资料集-v1.16\page_1245.html","382","BBF45E9B86A73B312BC130B123C816C0AE361FE1883047FA0F1ABBAE8FC33333"
"references\research\fc资料集-v1.16\page_1246.html","382","BBF45E9B86A73B312BC130B123C816C0AE361FE1883047FA0F1ABBAE8FC33333"
"references\research\fc资料集-v1.16\page_1247.html","382","BBF45E9B86A73B312BC130B123C816C0AE361FE1883047FA0F1ABBAE8FC33333"
"references\research\fc资料集-v1.16\page_1248.html","382","BBF45E9B86A73B312BC130B123C816C0AE361FE1883047FA0F1ABBAE8FC33333"
"references\research\fc资料集-v1.16\page_1249.html","382","BBF45E9B86A73B312BC130B123C816C0AE361FE1883047FA0F1ABBAE8FC33333"
"references\research\fc资料集-v1.16\page_125.html","403","A2F00CEFE04A58E67BB74DC2E3F25DB20DBA26FB7E69F8C4399EF9F8A74F55E9"
"references\research\fc资料集-v1.16\page_1250.html","382","BBF45E9B86A73B312BC130B123C816C0AE361FE1883047FA0F1ABBAE8FC33333"
"references\research\fc资料集-v1.16\page_1251.html","418","55985D0D84A967721EA4350D5CC8500D113827413018356454408AF6BC1E8CAC"
"references\research\fc资料集-v1.16\page_1252.html","3099","A2E0BD177B5E336F6C3DA6D20B585BAC07C2A8B21879D71567BD0FEBD3DA93F1"
"references\research\fc资料集-v1.16\page_1253.html","454","5C0C3FDAE2818768932E68F7718EB34456A3E5312A167259B6F115EB8D4CD1E1"
"references\research\fc资料集-v1.16\page_1254.html","265","2304EE7D304E039700B000B68313D6D135D1113A2C6FD37E606F3B21236F0445"
"references\research\fc资料集-v1.16\page_1255.html","2294","BCD008DC86FF1B89D8160643502570DFF65D46A9D0DB6E507671C1107AE81216"
"references\research\fc资料集-v1.16\page_1256.html","4633","CC3A6947BCBC832DF5F287F7B5A155A317C82AFECDCCFF26D9FDB63CABD85AAC"
"references\research\fc资料集-v1.16\page_1257.html","41297","5E1EE2ED9F08BC39A746A06ABDB4499997864A096C398C33E4DD0F880683194B"
"references\research\fc资料集-v1.16\page_1258.html","5636","25DCE041A6C6F871AA6285ABB524B59F52C197F4F592A9BBF22DC82B5542D16A"
"references\research\fc资料集-v1.16\page_1259.html","11157","C400F5CD96820B532BA013B6A962DC4A5AD838A3FECD52DB39734C9FF6A33032"
"references\research\fc资料集-v1.16\page_126.html","595","3C98F7BC25A89B6B14439FA66BA7534CDE9FD7D5D17491495D0ED717183CFFFD"
"references\research\fc资料集-v1.16\page_1260.html","614","D4DD32EB0469D60ACB4C01FC0CB582A10A5F1B6B6A7FD8376DC1459DA2B1A44D"
"references\research\fc资料集-v1.16\page_1261.html","380","83F7D7995BEA06B24000AE7243E7494499B8D080190AFF54D7FE2C53A65F8F4D"
"references\research\fc资料集-v1.16\page_1262.html","380","CB12B2A3BCED1DC2D7946BDADDE60F9D09F4077040B02D96C2A1F66AEB2C14AE"
"references\research\fc资料集-v1.16\page_1263.html","380","E69907714AADC0F1750F8BBE2E2763FB4F85957194ED760448D168F3C1B768FC"
"references\research\fc资料集-v1.16\page_1264.html","380","9BEDCB51C87A351F3625D7DAEBCB1D32DE5870A0950F54D1B5C6C1AE6293E3A3"
"references\research\fc资料集-v1.16\page_1265.html","2539","2B414A2C3AA1B87011DAFDAE0BF84866585DA2EBE555A8262BFCB7C4F39B2EBB"
"references\research\fc资料集-v1.16\page_1266.html","397","59646F31A4E39516EBA1CDD5D16BB483FAF849A84EAB0F0D4F31D4BF8F0C6CB7"
"references\research\fc资料集-v1.16\page_1267.html","3710","056D78E9233E6B83DA3F121442B26E7149CDBC9ED35D0FD248BA55D399DB87A0"
"references\research\fc资料集-v1.16\page_1268.html","563","ABA4B712EEFA5EDE9B2C979AADB901B04275455E7A0188C4BD39BF3E625ABE8D"
"references\research\fc资料集-v1.16\page_1269.html","542","462F81AEE68A4C5C45750CBEFCA9D8CE8A8ACBEC9B5CE7D730A5D130EBB25C95"
"references\research\fc资料集-v1.16\page_127.html","582","1E58BE67C09D00E30645E3C252CAECA056E577C47D47E86B9906D2177355BA09"
"references\research\fc资料集-v1.16\page_1270.html","853","77848FFAAE656DADEEFD74B0109C8CAD5D57D37B4BEC8E13A1381AB06C88A575"
"references\research\fc资料集-v1.16\page_1271.html","791","1A8CE8C664CFB11B6761C100A47B2B96D94BB09F6A145CF7518473A5519A7DFE"
"references\research\fc资料集-v1.16\page_1272.html","768","DEC58FF54091832CC9F0881D9C956A572143C932E0BF22356A03B8EFD776E260"
"references\research\fc资料集-v1.16\page_1273.html","382","BBF45E9B86A73B312BC130B123C816C0AE361FE1883047FA0F1ABBAE8FC33333"
"references\research\fc资料集-v1.16\page_1274.html","875","8DB4D7AB4521E1B9CAAB3C341607A59307FD9E3FAD561086F45F041745C7BD0C"
"references\research\fc资料集-v1.16\page_1275.html","2607","64A81D4B7F69809B10386203B153A6F13E2DFCDEED947545CDC3B7EAE26C2BA3"
"references\research\fc资料集-v1.16\page_1276.html","2287","F581126F2173962228B1C372F9646DB8085FE797323375965AC42CAA6A54F49F"
"references\research\fc资料集-v1.16\page_1277.html","382","BBF45E9B86A73B312BC130B123C816C0AE361FE1883047FA0F1ABBAE8FC33333"
"references\research\fc资料集-v1.16\page_1278.html","1269","F7795B9B348AB1115956DFBF91CA7605C9AF4A583FAA10AE9A70F79C8A0FF9F2"
"references\research\fc资料集-v1.16\page_1279.html","382","BBF45E9B86A73B312BC130B123C816C0AE361FE1883047FA0F1ABBAE8FC33333"
"references\research\fc资料集-v1.16\page_128.html","610","4847401714C02C14428BEF051153E37C955580BC4EC9C28B42BB683382323521"
"references\research\fc资料集-v1.16\page_1280.html","870","2841AB3CF99B84C4BFD9C7F24B632EC477F49F1A1423AF4B7209CAD0111AA3B2"
"references\research\fc资料集-v1.16\page_1281.html","382","BBF45E9B86A73B312BC130B123C816C0AE361FE1883047FA0F1ABBAE8FC33333"
"references\research\fc资料集-v1.16\page_1282.html","874","1EA37129226BC370D0F9DFCF370E849D059C7B993393CC2A5AFFF9EDDCBCA6E0"
"references\research\fc资料集-v1.16\page_1283.html","542","B53F7B4307408F185DD8DEF6A7958DD48F8FE2D0D1C390D8CF0BB61EAB90440A"
"references\research\fc资料集-v1.16\page_1284.html","1376","723CA84D4BBC64A5C82AE050A875E34EA81DD4D7BD30D464BC3DCD69FD38A92A"
"references\research\fc资料集-v1.16\page_1285.html","382","BBF45E9B86A73B312BC130B123C816C0AE361FE1883047FA0F1ABBAE8FC33333"
"references\research\fc资料集-v1.16\page_1286.html","817","09DA4E176E663B8AB1A9ADCA87773D9B2C821A96D8AD2AF50EEBD2566FF36233"
"references\research\fc资料集-v1.16\page_1287.html","801","244C9EDA21583A6DFF314F0B756303C55A72E2F77AE67591AF4D153340D9150F"
"references\research\fc资料集-v1.16\page_1288.html","412","97F7717CBA5AB5987C22C80820B9E3486597341C6432AF71494E72F6A413CED4"
"references\research\fc资料集-v1.16\page_1289.html","1437","4C26AE2D08848EE64E61D91783E30823AB8C7413B1B344E3D314B9181DED49A8"
"references\research\fc资料集-v1.16\page_129.html","608","42C5005806F407198B98A1038D2815B03CC6BB768DC88DDF28EC6208DF0B200A"
"references\research\fc资料集-v1.16\page_1290.html","1074","372ABAB971AF3BF99B1819305BF16A59369A8C80975AFD683859510EA6963FAC"
"references\research\fc资料集-v1.16\page_1291.html","1066","132BB7D784DA657D48E50B8385D54AABD4553561A45190DF66EA39BFA9920FDA"
"references\research\fc资料集-v1.16\page_1292.html","384","B2549E2975E54942D2306449365CA63A19B61D531CEC990BD7B7FAF494FED5D6"
"references\research\fc资料集-v1.16\page_1293.html","385","A52C4DF27E2E8707F309D77E4EDE309326A9E1067C1CA7B7983F834F95F07B8D"
"references\research\fc资料集-v1.16\page_1294.html","7069","A431C88537FCF0DB46B6AE35A1240DA2FBBF73B5EAEAF35D36E8A05ADA6F2D6B"
"references\research\fc资料集-v1.16\page_1295.html","378","C683FA27E928252BC8AEA4C145B854169872D3AC6E4C2F499CBFF24FCDF1BC19"
"references\research\fc资料集-v1.16\page_1296.html","637","A0F2821493D0563DA8EE3DFA5CD5875EE8A099B240E88DDBA61D8D615AEABF1B"
"references\research\fc资料集-v1.16\page_1297.html","382","590F62C0EC5040556811D6600BB654C84F4251C3EA3F19EEDD362A16869F23D9"
"references\research\fc资料集-v1.16\page_1298.html","214838","2799A6AD565C1883F3058E8D207587927323312F93FF4D253DF7B03F4E3B421E"
"references\research\fc资料集-v1.16\page_1299.html","180832","789352839817F268C23581352DDF8A3C4684B14288CE799FF6CDE41B354B87E7"
"references\research\fc资料集-v1.16\page_13.html","373","7596F857FB3DCF45E35AFFD8450D8E4C2FC3A7F686EDB92DF81ABD94C4FEC43E"
"references\research\fc资料集-v1.16\page_130.html","576","FF1A2E3B6E03CA90620BE1428416C9D399926419CE279D1C3977BE347F4E6F9B"
"references\research\fc资料集-v1.16\page_1300.html","13057","5E68D0C526A43161BC45CF249F9AFC5FD963D9C27EAA7B8856FE59F665B537C5"
"references\research\fc资料集-v1.16\page_1301.html","2744","3F65D2D447C294D7195B6235BEE3A0485C59DEE073CF0D8935669885C770F8D4"
"references\research\fc资料集-v1.16\page_1302.html","7959","8AC433F331D8A86AF7EA50192AD51AC40A69829F9D16F9125F5399EA15CB21D6"
"references\research\fc资料集-v1.16\page_1303.html","9089","76C659416CE1C118499DA1B81A7C90CDCAB37D3C301FBD38809CBA0303DECE73"
"references\research\fc资料集-v1.16\page_1304.html","11733","0B010981CA51C7881F5E3881B683D7C435EE07207D88765F435C5AB6B847BC87"
"references\research\fc资料集-v1.16\page_1305.html","1958","4D556C7925167AFA5C2BB4DE416E59C53595F3813D582FB7B56B62F8ACB2BF47"
"references\research\fc资料集-v1.16\page_1306.html","3911","61547F959F9AC7E47BDCC3C6807C247196DCBD55A9F8BC566951EA2D2E261FCF"
"references\research\fc资料集-v1.16\page_1307.html","3548","E69C153D271D62C724355AD3341ACEDF654047F94BCDB05493A5A769D65B9360"
"references\research\fc资料集-v1.16\page_1308.html","1431","6AC20A02CDAE0F3DF9C654C5CA014EC120FBF8D14DEF08519A879D38AF428682"
"references\research\fc资料集-v1.16\page_1309.html","15665","BDD54896CA594833D4C1DAC2381F08C5929958387781FC10855DD7BFD7FB0A3F"
"references\research\fc资料集-v1.16\page_131.html","576","1C97F6DACF2C29205857209E264CD8AE34BBEE963D6A4F9E117A0B4F36098D40"
"references\research\fc资料集-v1.16\page_1310.html","384","DF1AD3605FA400C28FECCA7873CB2487C0BDD8F2AD34423E0859C00FF1722A9A"
"references\research\fc资料集-v1.16\page_1311.html","11704","2CC4DDFA5175466677C4BAA79093A4FAAC0091D190F190D6C3D4ACDEE7DE82DB"
"references\research\fc资料集-v1.16\page_1312.html","56319","D9C7991561381088234C4A8C90F20A6234CBC79340D0151DBA4C1224B2F21B03"
"references\research\fc资料集-v1.16\page_1313.html","12951","C41D2CF7E0AD33D0980E434237384458C48666CFDB12C66DDC7503FCEDAF67FA"
"references\research\fc资料集-v1.16\page_1314.html","13122","B478FA065523D17DB8ACDC77B4F904962892FDD2E8BCC9327A4F6E99DFE1970D"
"references\research\fc资料集-v1.16\page_1315.html","33216","926E22D25F1A7449A7570874CBC7A204C8D322A2FCE01BCF694637794776ED4C"
"references\research\fc资料集-v1.16\page_1316.html","6863","4C25D6CC3042AAA28682D72515A033280FF778EFF4EA0552CA432B0AB65A818C"
"references\research\fc资料集-v1.16\page_1317.html","682","BE27E52C24FC5257F60FD82122F5C519BA7C73B9EA5950E91328CAFCD6C99138"
"references\research\fc资料集-v1.16\page_1318.html","910","C9FB91D1F2FF391A585DB883519070A49799A2CC6E9407A0A4CF8EB0C999CF0F"
"references\research\fc资料集-v1.16\page_1319.html","378","FC153D993D29A3B11B663989D266E85375F1FA345C4011B2BBBFF08CC1140C1C"
"references\research\fc资料集-v1.16\page_132.html","576","B4F65CDB9921702DD5A74DDEC06F834D271424111BE8F6E326E94C3B9674E7E5"
"references\research\fc资料集-v1.16\page_1320.html","380","29190DEB20270F84B688672F51CE3DC8EBEE3DF4981EAA56DF3858AF8FC4199E"
"references\research\fc资料集-v1.16\page_1321.html","1465","7F27E6F7F666B99C9BD8A7BB1E2F3126666A11EA6203BBD4E236E862A8BF2A90"
"references\research\fc资料集-v1.16\page_1322.html","380","B1E60F9A7A65B274C75C99DDC77460005CD7006E0A69DCD039F4FC95028122A2"
"references\research\fc资料集-v1.16\page_1323.html","1462","01E3ECCA7BE5FC2A3A8E5AD16EEEB23A5F36836F6AA7F5F3A9B28223AD06123E"
"references\research\fc资料集-v1.16\page_1324.html","384","5DFD15BCD4AA08E2CC64221BA492C7B99EB42CC43BA9001FE25806973ABF1BC9"
"references\research\fc资料集-v1.16\page_1325.html","380","9316277EF8C8058A297394A745E29006AB969554E0C268EB9B0A620A15B7B907"
"references\research\fc资料集-v1.16\page_1326.html","376","E82008C08CFF9EADC10F3EA82DE8CD91859028115BBBE6E0669EB71C7FD25152"
"references\research\fc资料集-v1.16\page_1327.html","378","9530C9E9CDD93CD57EBB6DDB97301B32A813572890C8C13A9FB70397163A5036"
"references\research\fc资料集-v1.16\page_1328.html","376","92BD021446532FE0E4638CD1C4836E93EE38B776F994239509EF1FFF975982AF"
"references\research\fc资料集-v1.16\page_1329.html","979","9C7D8EDDD4AA089410524A73D249EA91776401957413B116EAD2EFC65A2179D5"
"references\research\fc资料集-v1.16\page_133.html","576","233C069B778532355DBC89576BDA6CD298E260584A0DB63BA035D888C3E0BA7C"
"references\research\fc资料集-v1.16\page_1330.html","388","1443067441BBB2F30B5D7923A29AD452131BF62529DE97188B7C31E07D9BE27A"
"references\research\fc资料集-v1.16\page_1331.html","964","9D980AE5FE363EF3A9C3E56B853B85A1CBFFDCE6A80CB4124B5B16BDC3538F59"
"references\research\fc资料集-v1.16\page_1332.html","1627","97DC421C295931B6A5EA98B676CEBF3370506A0CE453D5ECC2C8697FE0890841"
"references\research\fc资料集-v1.16\page_1333.html","730","8FA7B34744275A55C0A1BF4EA944E99649F1ED27E74A755629725E4C0BB311B0"
"references\research\fc资料集-v1.16\page_1334.html","444","33558EB53BC93021B14436C0E12EB93F6A8D65333D018BE76E73E51058488595"
"references\research\fc资料集-v1.16\page_1335.html","798","A1358D721B24E3ED66681CCD930A2AF51CBD5BC73F028E4CF28AA8B88274C572"
"references\research\fc资料集-v1.16\page_1336.html","380","FA5A51353C9D2C01A543E9221C23F8F7A45B2A3AF743835AFBCA3D15A1E3A999"
"references\research\fc资料集-v1.16\page_1337.html","610","F6C567982B45FBC07C2AE9E39ABDEEF9D4E71A2C6108ABB257141C59EAA958A8"
"references\research\fc资料集-v1.16\page_1338.html","785","D3B9CF49DEB71DCB22E5DF3ADADF3AEEC74FC07FA275E02EAA33AD9C96D8C4FB"
"references\research\fc资料集-v1.16\page_1339.html","1552","F503710E8E372C4A6149B6D46A3C818279990BD8D564314481B81EE8A60FDFEA"
"references\research\fc资料集-v1.16\page_134.html","592","68B43695074695E7D4086CCF089064CF9CF49411A994469562C6C2C3F38A388D"
"references\research\fc资料集-v1.16\page_1340.html","1033","8CAC977FEE21E6A32E2FD7D3BC9921B2165EDF498A05747BC7F7EFB9A3E2D9E8"
"references\research\fc资料集-v1.16\page_1341.html","381","7C9AC869E3C6718B12AB4B9ADF25C6FF0196C7E9596236DBB42695EC1E4D76EF"
"references\research\fc资料集-v1.16\page_1342.html","16366","3EB1E5E33C47DCF687AB21C8A5E3824E39B4FBACD28CE8DDBE33752E2B9F5A29"
"references\research\fc资料集-v1.16\page_1343.html","4953","94B084BE80F7C80D774DF3A28EEC9248745DCE624D6C27C99CF2284041042D71"
"references\research\fc资料集-v1.16\page_1344.html","382","BBF45E9B86A73B312BC130B123C816C0AE361FE1883047FA0F1ABBAE8FC33333"
"references\research\fc资料集-v1.16\page_1345.html","604","FA38D0EAEB85FCFFEA742D941F5ACA627D2E3548592C4BEB4E75091D57567855"
"references\research\fc资料集-v1.16\page_1346.html","380","368FB8276D65AED4C597733B16C6CB7D5EC2ECE1CB1032EB47BEBBBD9F1F1268"
"references\research\fc资料集-v1.16\page_1347.html","384","2856D3B7EBA3F9279707BF2AF237062ED310ED9317C405902DA46E8936140147"
"references\research\fc资料集-v1.16\page_1348.html","487","4BF17D96C3524F91F87230D74549F122880F49DA46FAEEA4E4E8ABD26DB2EB8C"
"references\research\fc资料集-v1.16\page_1349.html","5746","2A74B3FD5A9FA906232C1B76B1FF14275CCA68CDAADADD520DD2A11BEF398680"
"references\research\fc资料集-v1.16\page_135.html","589","44DFDBA4ECD12DD4AE25146882BB62324A8ECBFE31AF9F27FC76122D0FD277AF"
"references\research\fc资料集-v1.16\page_1350.html","9222","2073003429B203CA4B33620298C84DA9EF0A0480C87846F9F5161AC672B8042C"
"references\research\fc资料集-v1.16\page_1351.html","13200","CDE3769CA9E9842C340FC920462CD0661CCD751E711BA00354B17A50B4099F06"
"references\research\fc资料集-v1.16\page_1352.html","8269","8884611C1D35FC155176D716BA5EF8036D62811A95B139CF7ED27B534FBDC9B6"
"references\research\fc资料集-v1.16\page_1353.html","8671","85C55DD3A089EB40A0502494786F24A5DA4A008A8320E8D2A1E912CAE5B595E1"
"references\research\fc资料集-v1.16\page_1354.html","10130","69B7A954992E9CE30357A7AC40BA4141120E6209A3C5E661677E6FA404F88DCE"
"references\research\fc资料集-v1.16\page_1355.html","5888","8BEC934DFF04F79AFBEEA07EB4EEC3283D999120B08C02053AA5155697A5CA39"
"references\research\fc资料集-v1.16\page_1356.html","3178","09D3456894D8D5A9EB83D200AD5F587C10DAD1EB82E0AF791B76D9CCF14518C7"
"references\research\fc资料集-v1.16\page_1357.html","9176","85446BE4AB5ADA54A8064AB5BD0D78D472B948A88833ECD7E50988EED8464EED"
"references\research\fc资料集-v1.16\page_1358.html","15571","3B4CAE395F3BC1EE6DE6AD7C388F2D2A549FFD605E4188547D6DCD77F422E852"
"references\research\fc资料集-v1.16\page_1359.html","7932","FD172886CB91ED0AD990DD586E989B5173C793D4330D8878E656C78BEE77CEB3"
"references\research\fc资料集-v1.16\page_136.html","590","26FD8D1D009F4D3CCD671F30F8DFE948E0A525A96FC7973262AF14FC587B945C"
"references\research\fc资料集-v1.16\page_1360.html","10869","F29E9E3DAABFA471316F04173A6384FC54BB96A8BA18F2833E5EFE5E3DF1F832"
"references\research\fc资料集-v1.16\page_1361.html","14741","8C5C8B95AB9E0DC9EC40AE0ACAAD4EBE47CBF218EA0CBE636D82C964D9E64CB0"
"references\research\fc资料集-v1.16\page_1362.html","6648","C3A588488BB5D796C6D618D8420A0515B47CF6ED2923E52AA62F9CCD17265501"
"references\research\fc资料集-v1.16\page_1363.html","2910","33D1B1214AE2612B30E9B1577089DE43B618C502353004F47257C712BC398D1A"
"references\research\fc资料集-v1.16\page_1364.html","8303","C0FDAF3F5DDE4F8853BA68942DAF654771FE611C51FFD3B088086EAB1EDA9133"
"references\research\fc资料集-v1.16\page_1365.html","6066","C620BD1324D999C4CBC484D6AAF344B36F24B3ECDE8D9F497FA4A448BC596C9A"
"references\research\fc资料集-v1.16\page_1366.html","6892","EFF5315B0ADE187D5D060E674BDDAACA5C420D641122F737102F622AC3F6FF13"
"references\research\fc资料集-v1.16\page_1367.html","17842","93E9D3733275AB5CBEE1FB24F389B52805CEFA35FBD4DEB2A3275263EEFC096F"
"references\research\fc资料集-v1.16\page_1368.html","5608","8A65E4A3ABD1653B00642F3635687633C39DF78B295A1340CBA4FF78DD625DF5"
"references\research\fc资料集-v1.16\page_1369.html","12567","850F3FDA554621B519B826D141D89DF835FBBDB446D7B0E75E31DC2D13D74735"
"references\research\fc资料集-v1.16\page_137.html","589","89F93D3F318A560654B1E043795F21F0AE5B3942E02D7C5B79C5FC25B9942434"
"references\research\fc资料集-v1.16\page_1370.html","5601","3166A16BE227089D7AAE6D2927363C812F23574DDA9A0F64BEB3EE2EE292DFD8"
"references\research\fc资料集-v1.16\page_1371.html","6837","3DB41EABAEBE444382C3098BFC23819174EC0F40B17167044BB3F3AED608C992"
"references\research\fc资料集-v1.16\page_1372.html","8603","9409CC3E0FD762F9AC66AF75983D1DECB34152C9A277B4ACE176529938D60810"
"references\research\fc资料集-v1.16\page_1373.html","19612","6E02124CC8C4D6ED79593E8FC36C1E2DEC4FDC191564423160E695AE9956B1D9"
"references\research\fc资料集-v1.16\page_1374.html","33031","8DF46A82C627CE97CE707181DF15C549F33774D6EEA3D10AA65DEA33E52C5920"
"references\research\fc资料集-v1.16\page_1375.html","384","A44C70A0C3FDFE4B8CC6A0FDAF3FA8F470E926DDCECF802E181EBFB4349A6DAA"
"references\research\fc资料集-v1.16\page_1376.html","2203","2751E3680D02562AA27FC02068DFF0CA0B44193E1233D8F1FAFE1B9F6CE359FE"
"references\research\fc资料集-v1.16\page_1377.html","380","6032CC4771B26F0E3BED6378A5059688815CA1908231118025E936FB44CB478E"
"references\research\fc资料集-v1.16\page_1378.html","42812","6437A84B41534EA966947259CF7DA03DADECE495106CBB4A22B75E4A916EBC97"
"references\research\fc资料集-v1.16\page_1379.html","380","A516FE02AC5999B21FA5C32E46BA90AD30F6BC553536795F557D69B5D9B751F5"
"references\research\fc资料集-v1.16\page_138.html","627","13846F09407B4C7DFD47139881EB80BF9CC4720670368BEB8039C24C905F9E63"
"references\research\fc资料集-v1.16\page_1380.html","386","F2AB954CCBC62ACA1E486C76E1DA9744ECA2A3BF2D006C40B8A2AA7304798CFA"
"references\research\fc资料集-v1.16\page_1381.html","380","368FB8276D65AED4C597733B16C6CB7D5EC2ECE1CB1032EB47BEBBBD9F1F1268"
"references\research\fc资料集-v1.16\page_1382.html","384","2856D3B7EBA3F9279707BF2AF237062ED310ED9317C405902DA46E8936140147"
"references\research\fc资料集-v1.16\page_1383.html","42748","5DEAEF3A8281301C4D1CA28CA2D9D298F510A231850E3E6BABCD726CB3B7026B"
"references\research\fc资料集-v1.16\page_1384.html","1689","7C8E3B386F4602B2285FBE1420B6EE9ADC95C87B1934595788488D98C6CE51DD"
"references\research\fc资料集-v1.16\page_1385.html","74582","A5A0AB8926921529EB9D8043E6E77BD54B18EE54AC08DFD59D746838DA33E8A6"
"references\research\fc资料集-v1.16\page_1386.html","21543","A6218A02E9E10987B79D03AD35825E8F9DF97E148A127FB4478B5E403A76CBC4"
"references\research\fc资料集-v1.16\page_1387.html","24164","B69E8124BFF0445BE90FFD116D953556A8C0708BD03D06B64C15B8D591E327EE"
"references\research\fc资料集-v1.16\page_1388.html","1627","3A33E5F588067BBE6B922F240A229A3278296224FF554B70EB72C1DF0F962E56"
"references\research\fc资料集-v1.16\page_1389.html","16438","276A469805933DB1C72237FD943F2608767B0FA662ED3B8569BF72AAB74BF799"
"references\research\fc资料集-v1.16\page_139.html","530","89CDDC4AC88DEC8351AC573D047408D4251C9E79E44AEFD4B4150E9604EC28DE"
"references\research\fc资料集-v1.16\page_1390.html","18183","7FBDA22127FF23C15B823A8B7DF95988E386F4096C93A1FE31847FD2F44DE1E1"
"references\research\fc资料集-v1.16\page_1391.html","2399","4C3DA2E679D90B6172B8C0E1A05B4DCAD68B8F3B27379D4F88F7BC696FACC6D7"
"references\research\fc资料集-v1.16\page_1392.html","13136","18202BAC7106E322A31E65E10CCC75440F2BD703D9B46AD76B866F4804B1EC4C"
"references\research\fc资料集-v1.16\page_14.html","373","11576433AAD922C97E7DFBA60357B66B7163C097359AFF06D88C4E4D361AAF90"
"references\research\fc资料集-v1.16\page_140.html","580","0D6C31A823C7665EBB5CB6D66A657F68B0EA3434C38A9107388A717F6AFF54F7"
"references\research\fc资料集-v1.16\page_141.html","593","634DD6F0FEBE41C0365ECA8C63D059D10E1B870902B03DB5B17D756A365898B6"
"references\research\fc资料集-v1.16\page_142.html","463","44DFFB51ECEDBEF50F3C342B51DE1D08E2BB1CAB65FA731B9EA54B42986FD2D8"
"references\research\fc资料集-v1.16\page_143.html","560","38225E33D9FAE3DE323DCAAA0BD54D71A758EF6769354CDE2ECA8AF07A110F39"
"references\research\fc资料集-v1.16\page_144.html","463","4575B22BC8D259A710324B64F5DE6939964FC25275D8C1E998033024E29FD317"
"references\research\fc资料集-v1.16\page_145.html","463","E72632FC59CD059FE9B99C2260206591DCEA3E83A9BC0450E24EE24FA42EC6F0"
"references\research\fc资料集-v1.16\page_146.html","464","1824D258E3F8C36A5462D8B23DC0A9BFC66D16423D006FEF08EA6D90DA4EA074"
"references\research\fc资料集-v1.16\page_147.html","384","84C955F96C24FA13710E566B0E3149096357A165AD566E3D1856E5A1581B747E"
"references\research\fc资料集-v1.16\page_148.html","4934","90AAD4EA4C2DB5479E241C4110AAB29C000A667998644D9B4B6263B1D5DC0DBB"
"references\research\fc资料集-v1.16\page_149.html","384","057CE447C2717F622A184B88A808E2016D3715BEFA58EBA068B1A4694C79FE03"
"references\research\fc资料集-v1.16\page_15.html","373","317FAE6FAE9BCB50C50CE6E9205A96B05278CEECCFE7C3BCA4186021E46F55BA"
"references\research\fc资料集-v1.16\page_150.html","7010","7B8BF2468345CF40437F90165EAB4A66E9BAC529B0173988F8A62BDBA909D612"
"references\research\fc资料集-v1.16\page_151.html","1021","366B4892F4E4564371E25473A53E512A06C87571B76538D828DC7454321C3E24"
"references\research\fc资料集-v1.16\page_152.html","3907","EA4135417C01D8ACC87387EA164BC9E8E53C376711AA237DE9976A9385B5D27D"
"references\research\fc资料集-v1.16\page_153.html","3952","B7776AE25A61BDC5B097AE341A38863B46109C47DC9CABFC02E9AAE9F3FC39F4"
"references\research\fc资料集-v1.16\page_154.html","381","95DB3D7FC6C3890A027497E953958003E6A13CD1AFBBFD8BED4CF886BF59B165"
"references\research\fc资料集-v1.16\page_155.html","380","9A6F8269DD6E5B06E5EE8259ED610C189CE04459892B9AC9D9C072540C1FDC0A"
"references\research\fc资料集-v1.16\page_156.html","382","F65C35B4DF60A5A0236BFEBFEB51ACC0AA88A0628D7EC70B6BA4486394D535C4"
"references\research\fc资料集-v1.16\page_157.html","591","2522B1EECCC03DD98825937392C1A35B9BC6714F7F06B7E37D691050F7A3137F"
"references\research\fc资料集-v1.16\page_158.html","834","99684B28C7C5DDC270EC76F186934D1C23EE544FD7228E1708FDB4E73D41972A"
"references\research\fc资料集-v1.16\page_159.html","384","0D83673636940FC189378C09DD926AE0DD4D8098C5ABEC883137CFDA64AF9143"
"references\research\fc资料集-v1.16\page_16.html","373","5D933BBBE989A2335C246BD979440A29DAED8BA8185796377BF533F75035D70D"
"references\research\fc资料集-v1.16\page_160.html","481","1F7842CC6DCF9BA01234432C3D8CF1A0FCB821E1B72169D138B3722DC4335429"
"references\research\fc资料集-v1.16\page_161.html","380","368FB8276D65AED4C597733B16C6CB7D5EC2ECE1CB1032EB47BEBBBD9F1F1268"
"references\research\fc资料集-v1.16\page_162.html","564","93F62C52FF4E8580479B3058F09A2F232F411128CFB368F60335E436C5885DB1"
"references\research\fc资料集-v1.16\page_163.html","384","2856D3B7EBA3F9279707BF2AF237062ED310ED9317C405902DA46E8936140147"
"references\research\fc资料集-v1.16\page_164.html","76958","3754A85DFC97ABE8D9255D6DE050A06CA3701A93782064C89F9019C2CFFBF194"
"references\research\fc资料集-v1.16\page_165.html","5132","4FD07570CAA7C99F1558C106F3BCDDB6A0CB0050E1558804E870F1D0F941FD3E"
"references\research\fc资料集-v1.16\page_166.html","12463","A890BFFB8759165C4A2701B34DDA03F57071BC024FA2E1BD25F7907E1205E754"
"references\research\fc资料集-v1.16\page_167.html","5060","A312667543C26D2B15A6C5866438180D0AC735BD05A8FE8CF6DD1FB6ECBBF6E1"
"references\research\fc资料集-v1.16\page_168.html","526","8AD50EACD116F4E9D1B1BC8D2BD415234BEFA6BE9C8EC6FE24018C03AFF9A378"
"references\research\fc资料集-v1.16\page_169.html","538","08FE4498FEEC0D16BB9B01CC3AB2B5E4FCAC8D164DF09987EB981E7627A3A59E"
"references\research\fc资料集-v1.16\page_17.html","384","048AA77064D164F8151E59A44A7EB95345F0359EC1423D063F15F64D81954921"
"references\research\fc资料集-v1.16\page_170.html","565","F92388DB1B0FC1CC3E94509FED5ADCA66ADFB3FC2C7A7193DAD98E34C61C97AF"
"references\research\fc资料集-v1.16\page_171.html","544","703A7007B394657E834E62EBCB0579375C4897EDDE3A49A79F904C5A23643C37"
"references\research\fc资料集-v1.16\page_172.html","1002","CB5035DEEE2F14872B6C83FFFCBDF29CFDE4C8299BD9AAA2D1BAC318B6F0D69E"
"references\research\fc资料集-v1.16\page_173.html","1080","609C80D6264D0CAE0B1E47D7FA41C0284F41E250BCFE304D309131AC0AFB24B9"
"references\research\fc资料集-v1.16\page_174.html","1124","144D9DE8868ED89C7761B0402C25AC0873DDE42726E3B4CFCDEFF2342B5A05A7"
"references\research\fc资料集-v1.16\page_175.html","1639","35F31791CF998C8A3A5379079A3B5066F09A80364D1DF6FAD0C397CCF769F934"
"references\research\fc资料集-v1.16\page_176.html","1107","F7FD22F6D11C8D2D46D0B980437E24C8F23829A50E6E038B76B514AB8D6258FA"
"references\research\fc资料集-v1.16\page_177.html","1624","36E08AA8ABD4226DC1A57710D18A50AE988BBBC172CFF816680FB088EBB67AEC"
"references\research\fc资料集-v1.16\page_178.html","2485","348E3D7961435A10B62360CB592CE511859CD4493EDC5AF172EFFBDDAF610C4A"
"references\research\fc资料集-v1.16\page_179.html","3593","F061408BCA422508B0C3634A3C30300E172D1E73B78547D876044C78900B3410"
"references\research\fc资料集-v1.16\page_18.html","380","B1E60F9A7A65B274C75C99DDC77460005CD7006E0A69DCD039F4FC95028122A2"
"references\research\fc资料集-v1.16\page_180.html","1608","762BA7D2E9161709993B05E8484883CBAF7165D5B0A9A6BB664D70B8801FAC2C"
"references\research\fc资料集-v1.16\page_181.html","1427","5AA3627B81F40907763C77D788D913B82A0A51E161036D25FB8934668269A83B"
"references\research\fc资料集-v1.16\page_182.html","3069","E7E980C91CA102B87E10AA47451C7C17FFC09DF70ED24ABC0260DD3FB86BBA4C"
"references\research\fc资料集-v1.16\page_183.html","2424","C9327FCF12CD7A97E7074E48658F67192EFC1FDB790F47C5173831C03720AD1B"
"references\research\fc资料集-v1.16\page_184.html","4698","668EAA6224B5C57E20CE1BD69D2FD2494D05087F62C8DB6E669C875B9A18D07E"
"references\research\fc资料集-v1.16\page_185.html","2557","1845DCD9DF8199F8EE93118F907E16F8DB74861A2B0ACF2C4B331B9901C456FB"
"references\research\fc资料集-v1.16\page_186.html","2456","390BFA406D14E5E4052DC81CFBFCD0C7DEA2045C1E7754D32F2403960580F83A"
"references\research\fc资料集-v1.16\page_187.html","3383","359AAE1EB954EC578BB6E8F46E42442482FFB0E59FF599116152B024C3E46637"
"references\research\fc资料集-v1.16\page_188.html","668","B496BF227C2A827A353101BC3BD00348D48778FDF273DC72C2811088E2435D44"
"references\research\fc资料集-v1.16\page_189.html","6703","A4279E7E7296172B693385E7231D78048B056BCA74FA845F1C7F298F4C266E57"
"references\research\fc资料集-v1.16\page_19.html","380","F1F6C0B738A7E8B155C3DCDDDA1D710EDD289CAECE51E80EA05AE65AA35AE117"
"references\research\fc资料集-v1.16\page_190.html","7298","C7E33C4F92A683CE80CC9020E65F6CCBC9784E5B7B91A40B5AE10A94A836BE7A"
"references\research\fc资料集-v1.16\page_191.html","4239","F0C067923A08708020FD8BD957FB75B62B623B51474870AD02180DAC210B4FFA"
"references\research\fc资料集-v1.16\page_192.html","3363","401492C4A8A6353E01D64243CDA93EBA2B4D09D8711F30DB6E496FF472007DCA"
"references\research\fc资料集-v1.16\page_193.html","3617","263A941F7D3842865A4CE4B1C7F531B33E84E2F8E42A38DCC023E2BA4A6545C5"
"references\research\fc资料集-v1.16\page_194.html","4960","87A46DA2DE2BA3B9D98737D4EEC8D91B91973A618610964F2B05F0916D77EF05"
"references\research\fc资料集-v1.16\page_195.html","757","CB2F825D0564851628014C2F9247022FF335CD398CD8B9B33F0B2BEE57539252"
"references\research\fc资料集-v1.16\page_196.html","1156","670FBF7E67FE86FCD6CABA7BC05FD3E13FED7598F86B4DBBE4664D76B08962D0"
"references\research\fc资料集-v1.16\page_197.html","1148","2D5DDA8A6C09379AD87EF4A9A1DAA0C8E1D27A82D815722D9572A8B8912674BB"
"references\research\fc资料集-v1.16\page_198.html","1344","84F118BD1278D4D1C5ABDA5638B9B658418E1355B79DF656EDBD3662506AE097"
"references\research\fc资料集-v1.16\page_199.html","1121","BD28D248D1A908047050B1728743AC24BB40F0815AEE6B62E13DB0774967EFE8"
"references\research\fc资料集-v1.16\page_2.html","952","A72F6E17AEC499723D0AF77E795C0D90F90FC26BD6B025C9934BD15FE4C2C349"
"references\research\fc资料集-v1.16\page_20.html","792","97ED42945656B825839696AA7813A08590FD3853CBD87BFF7A4C67CBFFA7EAA8"
"references\research\fc资料集-v1.16\page_200.html","1181","6804F144854FADCCAA4A52C3EE6ADC470E87B20EF55B2FE79D1B03B82D05CB15"
"references\research\fc资料集-v1.16\page_201.html","2064","28E44BA5B023B654F7807D2B9C3725A9F9E13ECB4263ECF1D2BFA0E8261E9312"
"references\research\fc资料集-v1.16\page_202.html","2087","08E6AEB417BCACE93DFFC29F7CA1B320C22C70221F7E870872A21D330747C4C8"
"references\research\fc资料集-v1.16\page_203.html","1190","A5A5D28E4831B5B3FA112AACAEF9DD823EC1258142A5BBD5AE1262C7F9DF1064"
"references\research\fc资料集-v1.16\page_204.html","761","521D0437136373CEE1424CE442D24504C79A7D40D6FEF67EC7062C47638269A8"
"references\research\fc资料集-v1.16\page_205.html","594","D6CCBE8F18F331E31D78A689F64227DDA1272B9E85116697D5BF522A155D7A6D"
"references\research\fc资料集-v1.16\page_206.html","3857","0A55898182DE2E4EADC713B4C021F88BF3DDC7ADA7A0144CAB34248E4D098A58"
"references\research\fc资料集-v1.16\page_207.html","1234","6328F9D19FF9405BA4D02F488E6B80CD0731F553DE739F40286EF1261A4F71E9"
"references\research\fc资料集-v1.16\page_208.html","1670","E790DF42516F06EFB98332A7E0EBAAA890517A931DD5250815DF76DF8CD7A17A"
"references\research\fc资料集-v1.16\page_209.html","1961","D5384A79DE840CBD37F9294BDCBEE982558377B0F7EC735ACB9035A4A158B6B4"
"references\research\fc资料集-v1.16\page_21.html","380","9316277EF8C8058A297394A745E29006AB969554E0C268EB9B0A620A15B7B907"
"references\research\fc资料集-v1.16\page_210.html","8100","AB119922F1A9E1A4A469DDA6ED5300537BBA1D7D8C823F8EAE2EA8579D13E752"
"references\research\fc资料集-v1.16\page_211.html","3539","2C00895A9FB66D8E93687FC0B4596F85AA31EE6BAA52ACA98AAAD8201311981B"
"references\research\fc资料集-v1.16\page_212.html","3194","FA0455FFD3A1177C1825113579E375387514221750CE2284EC6D462C1323F3B1"
"references\research\fc资料集-v1.16\page_213.html","1377","08CA4B0D6B2FF8FA4DAC7A84225EAEC8601BAED99C6E6109ED6730AA04AC4768"
"references\research\fc资料集-v1.16\page_214.html","382","BBF45E9B86A73B312BC130B123C816C0AE361FE1883047FA0F1ABBAE8FC33333"
"references\research\fc资料集-v1.16\page_215.html","382","BBF45E9B86A73B312BC130B123C816C0AE361FE1883047FA0F1ABBAE8FC33333"
"references\research\fc资料集-v1.16\page_216.html","384","0D83673636940FC189378C09DD926AE0DD4D8098C5ABEC883137CFDA64AF9143"
"references\research\fc资料集-v1.16\page_217.html","384","2856D3B7EBA3F9279707BF2AF237062ED310ED9317C405902DA46E8936140147"
"references\research\fc资料集-v1.16\page_218.html","538","D4E7708E54F33350F2401EB69978EEE9FF839F8615297E245DF83FEAD805F832"
"references\research\fc资料集-v1.16\page_219.html","380","CBFE763F07E19219A5F64AD42CEE2ACC13949FA32B6780087654DF6F2C6321B1"
"references\research\fc资料集-v1.16\page_22.html","380","9316277EF8C8058A297394A745E29006AB969554E0C268EB9B0A620A15B7B907"
"references\research\fc资料集-v1.16\page_220.html","380","CBFE763F07E19219A5F64AD42CEE2ACC13949FA32B6780087654DF6F2C6321B1"
"references\research\fc资料集-v1.16\page_221.html","5315","31EBBD19E3F366CD3CED847A22C649DA64CC00C26864E031C6AA9CE8F4FB085D"
"references\research\fc资料集-v1.16\page_222.html","7608","358FF5CE93EE3A537928A7733048F549B7C1A64799F503B0F14D72A5CD596289"
"references\research\fc资料集-v1.16\page_223.html","5705","A8D14B30BE2CA4BD52136A7B4BB1048FDBAEFCCEF1FBB942DD26231BEE5A8088"
"references\research\fc资料集-v1.16\page_224.html","4815","6E39ADDBF5D4AC3785FC7CE55345861235538E18030CB270B447B7C15E0BCA44"
"references\research\fc资料集-v1.16\page_225.html","11997","9BF06D9A09C524254F27400B8AD180D515D1AD38584587B1AB63B681049FB274"
"references\research\fc资料集-v1.16\page_226.html","11221","35663B172701F8218F28D72A7979AC687E0BB21D0175036091EE60B0106ED503"
"references\research\fc资料集-v1.16\page_227.html","18315","58C48342513900B779BA1F3D79712E20A2E539755A793CE4D1521F83F1F59E22"
"references\research\fc资料集-v1.16\page_228.html","5710","A255240A5EEB6DF80F97386B96764095D9AB5C2802B96942C0485D4E8CDD2EFB"
"references\research\fc资料集-v1.16\page_229.html","16248","8FB11352987FCAF992EDE7E4659B7614788A2477B30C53B756A02829414BC066"
"references\research\fc资料集-v1.16\page_23.html","403","E0D1BB16D3B5033871144F7CBBC78ABF2026BF97FEF653DC3312CED288EE1C78"
"references\research\fc资料集-v1.16\page_230.html","6082","845B881EE5D196B805D2B58F1919E6CB20255C46E975CBFAC797688DBE238521"
"references\research\fc资料集-v1.16\page_231.html","5899","4ACC9CFB12B5BF94921E12F17B5626F50A028ECF216676410AC73008E6D3C400"
"references\research\fc资料集-v1.16\page_232.html","13258","5C502A3C10DBF3BDBC72A6DF494038F9E54DB1E452C69C37B3A3DFDEB3567C2B"
"references\research\fc资料集-v1.16\page_233.html","9738","D521BC3407E30F629A84DEE1CEA3A684525167C347896176960CA30F5DB5D116"
"references\research\fc资料集-v1.16\page_234.html","7138","A58C4459897BDAD3E829E26B8444E7C31B19C1D39DCF8AFE482C51F54E840F74"
"references\research\fc资料集-v1.16\page_235.html","13841","80E056FEACAD87D5D7D9AF8296343EBA2A07A6D1AC0449B4A754D3F3C5DBB316"
"references\research\fc资料集-v1.16\page_236.html","22020","4FE48A9C26EF57A124F1F340512880B771DB1AAD787477FA411306DE94B1EC09"
"references\research\fc资料集-v1.16\page_237.html","13937","D2F291B54D2C467ECB9D78F84AFDCC50E68932DF266D6D82A0A96FC9612BA2B2"
"references\research\fc资料集-v1.16\page_238.html","6927","9A2F2126C36EF85988DA24D61F891C72D93E58519B1B94DDCDA288ECA63C80F9"
"references\research\fc资料集-v1.16\page_239.html","14103","D97B76B6B6AD62D625294B63D6FA16C2AA1EDEC04B61806FA702AB9E411EF9C8"
"references\research\fc资料集-v1.16\page_24.html","11418","8DE42EF69901AEFA17E3CCE1DA2403EE3A9913AB34CDA8037ECCA4D0E546CBE8"
"references\research\fc资料集-v1.16\page_240.html","383","8FDEF6EE497AA13B1B2A63961DC0FFB5B4C3B59F5751DE56C8CB368E2A3E56BC"
"references\research\fc资料集-v1.16\page_241.html","379","725081BE992A2D14C8D62071250D8A5577D86B50CF134EC5FDB1DD20B0E847B0"
"references\research\fc资料集-v1.16\page_242.html","4535","318ADFCAFA84CAB9A2AF5A01B48FE010E6619A92446E5C2FD6955DF75DD792A7"
"references\research\fc资料集-v1.16\page_243.html","4041","0560CEC3B50FBA28E1C2FA7D3355175704982BF7B3B1A1793CB66A9C9C1E6DAA"
"references\research\fc资料集-v1.16\page_244.html","5585","87201D5D7DFDB925BA49186EE1BD3410A577254107CD9AAD34CBAD337990F621"
"references\research\fc资料集-v1.16\page_245.html","3672","81818A5FFB0045AE1772F9055B41FB149939AB81C410B1B3F770E1AACDA92FBC"
"references\research\fc资料集-v1.16\page_246.html","2216","7191A3C47B6B37D14C9E08FDC1267A1C254F6AABD218CCBD1540A06FC7A6A672"
"references\research\fc资料集-v1.16\page_247.html","4874","CF7EBD7BA5C40F3D8924ED5F579E76753D7971AC034948B653D091805EEC4C6F"
"references\research\fc资料集-v1.16\page_248.html","4471","E501E5706DDDF67993170265B55E22EB5494D755BC65DE739BDF200D1435148C"
"references\research\fc资料集-v1.16\page_249.html","382","BBF45E9B86A73B312BC130B123C816C0AE361FE1883047FA0F1ABBAE8FC33333"
"references\research\fc资料集-v1.16\page_25.html","5859","015C8CCB7925CDFD60F0F8EF2E8E350C780B32FAE8747FD30A7C64A91F526EB1"
"references\research\fc资料集-v1.16\page_250.html","15677","2EC7277811523DDB6AE746D5698A0F66DEB597D8EB86B5C8FDD72CB5028DB8C0"
"references\research\fc资料集-v1.16\page_251.html","11756","9D5C0CB2E14C17E4716065CE9847EB64DA146B71D3E47360D5A8BDF6584E92DB"
"references\research\fc资料集-v1.16\page_252.html","2072","7BBD0A87F348E5821FA91FD686CDA645F2FCE15AD3A36D9D13C6F7E7C1F9BD34"
"references\research\fc资料集-v1.16\page_253.html","5397","C8A37E7FFA87FFAE71DE9E9EFBCD1D7AA5AD34763CD6781633E1F35CBE5B0827"
"references\research\fc资料集-v1.16\page_254.html","19347","B057DF924C581F8F837104407FD1E1AE2AC15D9CB0E1887AC12E9B0E9067B863"
"references\research\fc资料集-v1.16\page_255.html","4784","25999EB89742A4EC67BB56DCDD9D5A73D0126259A006A18F2312FDB510394A56"
"references\research\fc资料集-v1.16\page_256.html","9782","D486BF168A85A7A44CF9753BF8AC273B65F53A1C3427EC8EA66836E4B5CA0C11"
"references\research\fc资料集-v1.16\page_257.html","22673","0215B76DF8F104515668CF1C996CAEF61081B5F35F0D3B8C3C32145F55C077C5"
"references\research\fc资料集-v1.16\page_258.html","16741","B0C47831F1EDECA3AA353A16EFD5A3BFF7E88EE95E9B15F80BC35F021118A6DD"
"references\research\fc资料集-v1.16\page_259.html","34540","12952156AE3048359F6669239E1DCAC98A89442E0DA57EDC1DC09D96EE6FC698"
"references\research\fc资料集-v1.16\page_26.html","378","B310EAD750993BE1A627E0F3F028693A116F6F6451B665E36C6B865035C91CF6"
"references\research\fc资料集-v1.16\page_260.html","2188","6A8FD374B04BDB474AC54DE22BC735B8EF830818DC00C0475A83510AF0A122F8"
"references\research\fc资料集-v1.16\page_261.html","13370","C6AB1201531CFF8200357D28A09C136D7D392393AA9219DC52F9693A731F6237"
"references\research\fc资料集-v1.16\page_262.html","9332","919F15C37B46BFED65EEB6384971024D2CA7B7ADE9890BD885DAEDD2A67669B9"
"references\research\fc资料集-v1.16\page_263.html","8782","97FD8B294E2FFCDF5C6BE6B1FB36206896BF2C6C7035A240EE7E70EDC4ECB2CE"
"references\research\fc资料集-v1.16\page_264.html","3355","E7A6D5307213423A558B85F9640B92A87210012FBA77419D7FFD4B0A51391734"
"references\research\fc资料集-v1.16\page_265.html","4743","94B6A805EB9A6FA6F097429D579256E6839062B30CE64F2B433F4D5A06CD1790"
"references\research\fc资料集-v1.16\page_266.html","1071","B4A76923686439DA63EC76A8F55D127C30D627E929A79F113AE62353BF265A1B"
"references\research\fc资料集-v1.16\page_267.html","382","BBF45E9B86A73B312BC130B123C816C0AE361FE1883047FA0F1ABBAE8FC33333"
"references\research\fc资料集-v1.16\page_268.html","382","BBF45E9B86A73B312BC130B123C816C0AE361FE1883047FA0F1ABBAE8FC33333"
"references\research\fc资料集-v1.16\page_269.html","2216","5B021F790883571054215473050AA7914BB58373C491351FD5E70A4CE05FFE95"
"references\research\fc资料集-v1.16\page_27.html","378","B310EAD750993BE1A627E0F3F028693A116F6F6451B665E36C6B865035C91CF6"
"references\research\fc资料集-v1.16\page_270.html","2999","EECF05259364B0F161798E3CE79CF3E03DCAF197967B9C132042B32FB3260101"
"references\research\fc资料集-v1.16\page_271.html","4233","8CF1B87F715D107A0DDAAAC8F00C71C52E3E6064448CE16E25E5EB2209CBC9F3"
"references\research\fc资料集-v1.16\page_272.html","3077","72226E6951F89D0D37332CBB18E8322CAAD15E413D826736A48333A3B137FDEC"
"references\research\fc资料集-v1.16\page_273.html","3406","DB2C6C8BA0201AFE933A8447CD177785800B14638DAFD91AB39EBDEA9F7D3CC1"
"references\research\fc资料集-v1.16\page_274.html","5294","4D05F93EE518A480AEDA89A8BDBBDF27CFD0C4808ADFAEE954E43F5C7CF841D6"
"references\research\fc资料集-v1.16\page_275.html","7370","D0AC17EDB0EA3BB81016CFEEE221CFECEAF5CB513AEEDFCE605462C069E7773B"
"references\research\fc资料集-v1.16\page_276.html","3083","B741A09B2A80E10583624704889B756D1FF6A4E63DC3B5FD4B24081C979171CE"
"references\research\fc资料集-v1.16\page_277.html","3398","E9E39555E34BF37E7508F6DB6D199CE3B398E3A6347AF9B425EBD3B65A047B3C"
"references\research\fc资料集-v1.16\page_278.html","5144","AB722EFF5E731EA6664A4A325E7FD208EEE2EE9A3D1D399446F8CD8F198B2CAA"
"references\research\fc资料集-v1.16\page_279.html","5874","8AC3CCC6930AC1E931FA583B9051862E96D0EC47D3AC7B701E0216E10A140FF8"
"references\research\fc资料集-v1.16\page_28.html","378","B310EAD750993BE1A627E0F3F028693A116F6F6451B665E36C6B865035C91CF6"
"references\research\fc资料集-v1.16\page_280.html","3136","A8BBFE75B72C12D66F4E0E8D8D93835A89F1A8B9075CFE0103DE42DDBC0AC34C"
"references\research\fc资料集-v1.16\page_281.html","3371","96E904B03143DBDFD29DFC6E29B479A0A94E42E125C65B09826CF00426F06EB6"
"references\research\fc资料集-v1.16\page_282.html","6495","ABADE7AD1BE1F215FC9839FD1510EEFC06BC5EF24DDE5E930809DAF873F90371"
"references\research\fc资料集-v1.16\page_283.html","2666","C0729E7CCB0051EBD9BBACA683E526485F6EA7D09EE78A9D6A02CFB5BE253666"
"references\research\fc资料集-v1.16\page_284.html","3186","7A0DCF65A8AED860CC51F7B27BE65DD9EC86E5373371DB78B026FAF7112F82CD"
"references\research\fc资料集-v1.16\page_285.html","12648","4D9C45936208C5409BF4A8E38F10CAB6D4271C38223A8BE076AEFAAF4FC03846"
"references\research\fc资料集-v1.16\page_286.html","4884","6FB734D3872EFFBDAC56113877F927B4FE2793DCB2132DB2239093D3C1497B6B"
"references\research\fc资料集-v1.16\page_287.html","7794","3A8FD4B3F450A7B022016773BAC255A3F339469FAEFD452B4407934C8598B403"
"references\research\fc资料集-v1.16\page_288.html","5825","640E915EF3DBE2A583F8F58FB86253D47774FE2E6BEEC8B6A2F28BC14272F8C0"
"references\research\fc资料集-v1.16\page_289.html","3214","41E4CE45329298A70DA0C694D180B81891F4C61D85F1AF758F1C352C60638D90"
"references\research\fc资料集-v1.16\page_29.html","378","B310EAD750993BE1A627E0F3F028693A116F6F6451B665E36C6B865035C91CF6"
"references\research\fc资料集-v1.16\page_290.html","3380","0C64D13C044A03FC6C849960DDE8866A967C3D136EE4873922A56CE6BC4DBF1C"
"references\research\fc资料集-v1.16\page_291.html","5882","222A4EE97B491205D1A522CA72B8908F291F240B2E7496A880C0A68A4BF1A283"
"references\research\fc资料集-v1.16\page_292.html","3999","C3A1079DBE636A4372C4BC903EE5FBCF1AC9111C8B090626A61FD14C69094A1B"
"references\research\fc资料集-v1.16\page_293.html","4475","CA12A54F9C2AC7578C0223A8CED2C6E336282A57B29D083B554200ACCC5CE24F"
"references\research\fc资料集-v1.16\page_294.html","4009","3AA9D7B729F988F3B6A0BFDF59381554CDCBA58373EEF035B1DFECBADE6C4A1D"
"references\research\fc资料集-v1.16\page_295.html","2547","39A366624F7FFEC93E32B68E5F7BCE17D9DA0A04E157A77E50EC32F8A46FA5A4"
"references\research\fc资料集-v1.16\page_296.html","5612","24DE1DAA978CC65A34354F1619A6711A9393C6526A6B2DC4C2F7D8538C13C2AD"
"references\research\fc资料集-v1.16\page_297.html","8054","F9EB4F961FA70B44541DE7688E28114D81E576363C782FD774CC54C6C2C3CD3C"
"references\research\fc资料集-v1.16\page_298.html","5522","CFA6744A704AF2AB89650C5C45881DA71376F8CADE10A1C918B30F96CBDEE3E2"
"references\research\fc资料集-v1.16\page_299.html","6188","FF14D71241E5A775FC2BD37D997C934DC6B732AA3CC89BD665AC1D4ADDADAB60"
"references\research\fc资料集-v1.16\page_3.html","459","0810CE4FEADDA82FDBC010D104D82775E19DA1AC36B8B1E36F877F1D86209446"
"references\research\fc资料集-v1.16\page_30.html","378","B310EAD750993BE1A627E0F3F028693A116F6F6451B665E36C6B865035C91CF6"
"references\research\fc资料集-v1.16\page_300.html","384","763E2B4C5FC25476A1DCCD58BCB9D81CA4F01800FC048AE83099C714AAE67C6B"
"references\research\fc资料集-v1.16\page_301.html","66598","433C12AD97B07C4B37743ADC1F2FB7D472D2B2C60ED58DB7A59584EA9E594E48"
"references\research\fc资料集-v1.16\page_302.html","380","F4E946B526F69F645A23EE6B81ED0BAB0DEDA4FAA95C9E8F8924FBDFF4570E47"
"references\research\fc资料集-v1.16\page_303.html","1692","EB2E427381B5C600D7AF5989E152CDE5DF23408EE04FDD9545D197AA6C78993F"
"references\research\fc资料集-v1.16\page_304.html","1159","B389D64E6DD7662952D3425C678DB89843A1A9615BF61765D08D97BDC10DB311"
"references\research\fc资料集-v1.16\page_305.html","1168","89F897534D239E590035513CB849203746638DD18E0AF7D324913303DEE5908D"
"references\research\fc资料集-v1.16\page_306.html","4732","600C82C431D94251C81B70595714DBE51D497BB4B3B96C5BA5560815CA888108"
"references\research\fc资料集-v1.16\page_307.html","738","1F3251E9088DD8D07CFFD4FA3EC6C7B241118B71864AB54E8F0BA96DBA132B2A"
"references\research\fc资料集-v1.16\page_308.html","377","50416B121D04F4CE49987D230EAB6C4DCC9E041A1926B7DBF7198F7188AE9FF7"
"references\research\fc资料集-v1.16\page_309.html","3845","02083AE6E9BE7C0F1D7566DA6A4BE45B62D9D0D47FA13F96BBA8CB1FEFB680CA"
"references\research\fc资料集-v1.16\page_31.html","378","B310EAD750993BE1A627E0F3F028693A116F6F6451B665E36C6B865035C91CF6"
"references\research\fc资料集-v1.16\page_310.html","381","8B3AD1F03A9323DAE05C06E790FE35290B4A3641081FEA2C0C9D55CE8FBD1326"
"references\research\fc资料集-v1.16\page_311.html","1144","8014AD962952ED2C56D2BA368800CDDF9C5C83832EF8CF3753E572C9311EE698"
"references\research\fc资料集-v1.16\page_312.html","386","D7CD9AC4BA981A22386D0A2DD9EA90D98A3472BA8A324F0E0391B9A144258F11"
"references\research\fc资料集-v1.16\page_313.html","2226","FA6A5FC25526514ACC390D9C6CD37DFADBDC7715DF46E6D8D1FD1B6B7155E421"
"references\research\fc资料集-v1.16\page_314.html","5095","82D09D3578DF9557756AE0B221C746EFC0741A681E42233A3FC583746012E4FF"
"references\research\fc资料集-v1.16\page_315.html","380","368FB8276D65AED4C597733B16C6CB7D5EC2ECE1CB1032EB47BEBBBD9F1F1268"
"references\research\fc资料集-v1.16\page_316.html","11201","F09BAD9D291431014F58DE5611B1E017EF5FDA682D9A6384FA567005DB469699"
"references\research\fc资料集-v1.16\page_317.html","231","7BD76E9DCB5A58F9BDA2008264FA0C6710337B33C783E0A49042783BD3E48613"
"references\research\fc资料集-v1.16\page_318.html","146830","7C4DD5AF068ED7814A6BC3E9548235B953283F14875C7D16E4F59E1F07836C3C"
"references\research\fc资料集-v1.16\page_319.html","3935","F610795A447AAD382DA166BE2CAF04E016313FC10E939DD11F35C94092CE5BEA"
"references\research\fc资料集-v1.16\page_32.html","378","B310EAD750993BE1A627E0F3F028693A116F6F6451B665E36C6B865035C91CF6"
"references\research\fc资料集-v1.16\page_320.html","67082","A4A5C074E1D8105EDBF7A72739DA2CD5830511550385B6526EAD099B443723A9"
"references\research\fc资料集-v1.16\page_321.html","4020","46B247B5BBE3A1FAF7E10EE5A9AEE9D8D8EAB128172E77921B0F8894CE55723E"
"references\research\fc资料集-v1.16\page_322.html","65963","BC72917F827C4278D1D883BADC1BE643ADC567EBF5D6A4F05A39CA1CF83AD7F7"
"references\research\fc资料集-v1.16\page_323.html","5343","0C186A817A913CE4C5789C1F30FF4848167857E5BCBE0AF4C9F80A9353835FC2"
"references\research\fc资料集-v1.16\page_324.html","14471","4D4405519ACC045520A627C097E036D367FCCB2455A4903622DC805302CC89D9"
"references\research\fc资料集-v1.16\page_325.html","9571","D6926819A483D9D72AC0D6F817AFFBB1604C8451657CAA32CCCB4B87CBDB7151"
"references\research\fc资料集-v1.16\page_326.html","4099","A7E23FAA8349AB9600B6323A2197305ED5120DB9D7BE0AB97CF84447E2636D9C"
"references\research\fc资料集-v1.16\page_327.html","1881","8CD0409E24B74FDFCC59C96ADC92E3A5C8DCAF8A0CDE746A0CA909C76E153C59"
"references\research\fc资料集-v1.16\page_328.html","20213","0FA2D172ABFCBA7FDF5CE37392A68EFC182CCE9809B9A01342C2B0C2C52097E1"
"references\research\fc资料集-v1.16\page_329.html","138426","7AC7A2E6B2A31E4F422961719EFACF866A1A82B2326081D13001DF6F8A5F9C5C"
"references\research\fc资料集-v1.16\page_33.html","378","B310EAD750993BE1A627E0F3F028693A116F6F6451B665E36C6B865035C91CF6"
"references\research\fc资料集-v1.16\page_330.html","9406","A9268A6ED0DB7944D7F91B6C1956ADC6A2087DEB9308A573B97064020F99CDA3"
"references\research\fc资料集-v1.16\page_331.html","4817","1E9F7B646BC5768E2BF128916501116D55399214903CB991082D7D551737AA40"
"references\research\fc资料集-v1.16\page_332.html","1821","7BA6CEEB2203DF9F76E5FF56E88A238E70DB82C54DA609ED940588BB610753B9"
"references\research\fc资料集-v1.16\page_333.html","396","67992AD1E77E922584DE70F4F8B773D237245C9BDC705BEBFA55E63D42189E04"
"references\research\fc资料集-v1.16\page_334.html","1194","3AEBAD96F1889EDD0BFF9AD0AB7FC0D79613855698FA45D00D931924400AD492"
"references\research\fc资料集-v1.16\page_335.html","5433","676395D18A111E7EFE84E6E8FB0436206E9D103CD093A60412FB04EEAFBBE6A2"
"references\research\fc资料集-v1.16\page_336.html","46651","F0348E910B3F92101F4FBF0EB2A82C68D7855F33EA426360EEAF557EBBE1FD4B"
"references\research\fc资料集-v1.16\page_337.html","9661","A5A6303B26392D6FB7FE6FE7353FB1294A502E96BF2F4BD068CBD6560B69D310"
"references\research\fc资料集-v1.16\page_338.html","7038","61C92DFBE15F28A756780B5B583F1347AB0A99E7FD22E6950F72A7F258DBF413"
"references\research\fc资料集-v1.16\page_339.html","4110","C8C2A12989C7D50843B99042851E3F24EF3303AE664BCC002958DC30F6C6F5DE"
"references\research\fc资料集-v1.16\page_34.html","378","B310EAD750993BE1A627E0F3F028693A116F6F6451B665E36C6B865035C91CF6"
"references\research\fc资料集-v1.16\page_340.html","14339","5C9D175EB827880DB2CB1481FF257E25BC8F8D9B2B9B70A9234696FCA8BE523A"
"references\research\fc资料集-v1.16\page_341.html","1356","9837ACC9EA6FE11F5DF117AB662973552096E74F6E25C98B0996FC08874BD8A7"
"references\research\fc资料集-v1.16\page_342.html","4474","E63F6C42329924415AB890DC11FC32939B17480C792F596B903F6F8AFE4B1F85"
"references\research\fc资料集-v1.16\page_343.html","1795","9A8A646A8D3E00D43726D5CF4F00E0D1AB3C6C726E7583B519E7886E9C5CDEC1"
"references\research\fc资料集-v1.16\page_344.html","382","BBF45E9B86A73B312BC130B123C816C0AE361FE1883047FA0F1ABBAE8FC33333"
"references\research\fc资料集-v1.16\page_345.html","382","BBF45E9B86A73B312BC130B123C816C0AE361FE1883047FA0F1ABBAE8FC33333"
"references\research\fc资料集-v1.16\page_346.html","382","BBF45E9B86A73B312BC130B123C816C0AE361FE1883047FA0F1ABBAE8FC33333"
"references\research\fc资料集-v1.16\page_347.html","382","BBF45E9B86A73B312BC130B123C816C0AE361FE1883047FA0F1ABBAE8FC33333"
"references\research\fc资料集-v1.16\page_348.html","382","BBF45E9B86A73B312BC130B123C816C0AE361FE1883047FA0F1ABBAE8FC33333"
"references\research\fc资料集-v1.16\page_349.html","1372","F295C13A229D8F27B1940A38311101B584D7D3C3DCAC16E924ABD390132C15BD"
"references\research\fc资料集-v1.16\page_35.html","378","B310EAD750993BE1A627E0F3F028693A116F6F6451B665E36C6B865035C91CF6"
"references\research\fc资料集-v1.16\page_350.html","231","7BD76E9DCB5A58F9BDA2008264FA0C6710337B33C783E0A49042783BD3E48613"
"references\research\fc资料集-v1.16\page_351.html","1297","F7B100FBD9F4A9C4D864C96A691654533615CE242892D1C275E40B4B78EC312F"
"references\research\fc资料集-v1.16\page_352.html","2365","1D6467EF5BC0A39BFC78CC3629699C06FD0620C8CD0A958EDA266DB0B1E63856"
"references\research\fc资料集-v1.16\page_353.html","231","7BD76E9DCB5A58F9BDA2008264FA0C6710337B33C783E0A49042783BD3E48613"
"references\research\fc资料集-v1.16\page_354.html","3626","1FE5D2B44F7A6888B3D2BD3141A3355A882EE77B74970B15FB06E97B421837FB"
"references\research\fc资料集-v1.16\page_355.html","4072","5AD73F8EBCC8537C146DF7FC13639B556AF77CEB5B32A06A06D1A919A3470EA1"
"references\research\fc资料集-v1.16\page_356.html","2173","FD12C17C575B165767126FBE42160F0DF7387F96735BE65719AAC9491C64FBA2"
"references\research\fc资料集-v1.16\page_357.html","231","7BD76E9DCB5A58F9BDA2008264FA0C6710337B33C783E0A49042783BD3E48613"
"references\research\fc资料集-v1.16\page_358.html","1588","D5115726E927AF36BEC7947DDFDBD618D22F1D62020D9C5BBD368677DE41AA63"
"references\research\fc资料集-v1.16\page_359.html","2889","51DC110AEEEBBA94580BC66AA05689174C743E0255CAA1ADCB4B9C61CB128D37"
"references\research\fc资料集-v1.16\page_36.html","378","B310EAD750993BE1A627E0F3F028693A116F6F6451B665E36C6B865035C91CF6"
"references\research\fc资料集-v1.16\page_360.html","231","7BD76E9DCB5A58F9BDA2008264FA0C6710337B33C783E0A49042783BD3E48613"
"references\research\fc资料集-v1.16\page_361.html","2618","2A16C9C8B54A4FDEB383AFD90205749B75A5EA4E332F7C1AA1545184D23977E6"
"references\research\fc资料集-v1.16\page_362.html","231","7BD76E9DCB5A58F9BDA2008264FA0C6710337B33C783E0A49042783BD3E48613"
"references\research\fc资料集-v1.16\page_363.html","2456","12EB1B6E1E3291B8EDBC67C30649E70A49F0ED35824F8ABECA0FA1BBC80452E4"
"references\research\fc资料集-v1.16\page_364.html","2125","038BD17B19D8C23CE3F9240E2322812180A4A52A3CFDF56D487F4FC94D58A22E"
"references\research\fc资料集-v1.16\page_365.html","231","7BD76E9DCB5A58F9BDA2008264FA0C6710337B33C783E0A49042783BD3E48613"
"references\research\fc资料集-v1.16\page_366.html","6285","50B89D75207430E18278185EB36C225A147C56B89D47F93C1218C24BE89E109C"
"references\research\fc资料集-v1.16\page_367.html","4930","4B3CA42384A0FED8D9176F5D2236003C0BFF7BAC3E54834EEF48985A9A0F3FE5"
"references\research\fc资料集-v1.16\page_368.html","3458","DE640B40F4A68C8C493F708FE4EC615F09BDE912EF4027379BC6F97B598A0B94"
"references\research\fc资料集-v1.16\page_369.html","3594","0B0AB67BAB098F9F84BCE1F0137C8E5E0F000ABF945FADB9495A9307B2443486"
"references\research\fc资料集-v1.16\page_37.html","378","B310EAD750993BE1A627E0F3F028693A116F6F6451B665E36C6B865035C91CF6"
"references\research\fc资料集-v1.16\page_370.html","3143","3A4CBEE01D9F20344A8042555D01956D4AD41258B3C66F3BBDCCB19B95B5D4C9"
"references\research\fc资料集-v1.16\page_371.html","5793","993907236CBF504E114CE26EEF295C7778083A65ADBC6D552D232E22D3356BD4"
"references\research\fc资料集-v1.16\page_372.html","426","6283072216E104389D4F1D4AB515E8A8A3F73C7E53615804F45134B703F0C899"
"references\research\fc资料集-v1.16\page_373.html","382","C0336B6528F272409201D8AF758D29C6DC7F33950D80A5D23404C457FC480CAC"
"references\research\fc资料集-v1.16\page_374.html","382","89480347CED3756C097CFA742C4BB641022921CFFC1732DDFE1D2F6D43E32427"
"references\research\fc资料集-v1.16\page_375.html","397","C982E9B810DFECBE79E29C6E1717138ED1509C0F9050F21DBF4066C44C46DEEB"
"references\research\fc资料集-v1.16\page_376.html","672","5A831B7C280FB19C492264FF1CFBD74AD9AC3F21C1E68FE2F4F89460AF9CA53E"
"references\research\fc资料集-v1.16\page_377.html","2534","B7DA25B8E78CA7F4DE033CE71004C9F0C9C1FF7FEE6BB0E56411465A5A128F59"
"references\research\fc资料集-v1.16\page_378.html","6347","12EA60B90AF99D10B12BEE6388ABE8C709D2DA9CC0B59E6A667F97B221E435BA"
"references\research\fc资料集-v1.16\page_379.html","8808","F48785664F3B19C76E620C924CC6AC7AFEB5F0A5B25FBC63BF8D759F4FA0989E"
"references\research\fc资料集-v1.16\page_38.html","378","B310EAD750993BE1A627E0F3F028693A116F6F6451B665E36C6B865035C91CF6"
"references\research\fc资料集-v1.16\page_380.html","7649","13BAC6A73A7FF739D210382310EBEDE1553E2689693391F3AB60882F68DAA0E4"
"references\research\fc资料集-v1.16\page_381.html","9016","F67E4E258009E5DE5D0E449B37131B1140CEC907F4EDE7C2217CD8B48EC3ED09"
"references\research\fc资料集-v1.16\page_382.html","11520","50FB6E399B834B988974BA800590F1A185CE0C8B251D3EA8109430E1994F4F82"
"references\research\fc资料集-v1.16\page_383.html","18249","B8A3D66225D5560E1E39EAA859EC5FB4F305654A864DEBE91C9A3F49540741E0"
"references\research\fc资料集-v1.16\page_384.html","8927","1305CC851AA7972AA7800A94B2A0FAE53A5DC999E4A86A575D8CBBAB70004E8F"
"references\research\fc资料集-v1.16\page_385.html","8375","634AA92F40DDE69EAF5BDD32547D78F5A0E18C902D4D4E93058F5325E44599DC"
"references\research\fc资料集-v1.16\page_386.html","11166","5BC5316366B60002D6C1537D2BB60EC6857E1C682996F62EE60B4E37F850741A"
"references\research\fc资料集-v1.16\page_387.html","9377","D7CB33CCE1E349F450A686C3957DDB4D18FDA8693EB2F7FC8A318A394BDB4490"
"references\research\fc资料集-v1.16\page_388.html","9941","1705A8D5CD3869E2DFAF9A8876424691B3A82210064D118EC1DCE33FC9E29B16"
"references\research\fc资料集-v1.16\page_389.html","8945","C1E5E5EAC565785A365C1FE97B4485E6F32DB0252E3C758059CAE2817E1FCAF5"
"references\research\fc资料集-v1.16\page_39.html","378","B310EAD750993BE1A627E0F3F028693A116F6F6451B665E36C6B865035C91CF6"
"references\research\fc资料集-v1.16\page_390.html","17971","11540DBFECE9973CC538626BE3C2CECDFCC668B58AA2E162C45A14BF564D80E0"
"references\research\fc资料集-v1.16\page_391.html","5241","2AA8B3EA955FDA916D17A440F743BA967EAF6A19AD37F4C7BE85B0A564F32629"
"references\research\fc资料集-v1.16\page_392.html","6232","6F211FA5DC23E8FB55FD758F1F074095A7BC9CB7DB6F733922F63B248F3B6EB9"
"references\research\fc资料集-v1.16\page_393.html","13584","713B3FD37434F73495326A5FA32C6631C21D73C4BD95FC7A7E558F9D14D33B16"
"references\research\fc资料集-v1.16\page_394.html","9571","994D4D35C62CC5D5125BAE1A55BC3D56495BCB0A1362B2AFFC081F1AA9D17EC2"
"references\research\fc资料集-v1.16\page_395.html","16953","EAEF2CB1C5E63ABDB242E62CD8929EB8976AA391E2B7D4E4F126C0FC08B44F99"
"references\research\fc资料集-v1.16\page_396.html","10017","0032264C67F1EB1B4BBAD665A203A3C723EE6ECC5479B7E314C503D6EB898686"
"references\research\fc资料集-v1.16\page_397.html","6458","5CA5DC32ACA1AB581B91D5885DFA42BEB10E78528FDF921D1DD818E7862828A8"
"references\research\fc资料集-v1.16\page_398.html","12717","FC5661EEA5908B47563BC1A396FC5558FC4CAB15EA1B11F04F890D8DB4F269A8"
"references\research\fc资料集-v1.16\page_399.html","11045","2C724FA884D5648CB4D607EA79A27466A8D8EE70E3E27190FB29DA55E07A3B14"
"references\research\fc资料集-v1.16\page_4.html","382","D948FB2754D93413388FAC6317320B0072D4891B18510B9D6ECE07D5C8656EF7"
"references\research\fc资料集-v1.16\page_40.html","378","B310EAD750993BE1A627E0F3F028693A116F6F6451B665E36C6B865035C91CF6"
"references\research\fc资料集-v1.16\page_400.html","11486","21FBEE3F29F0A341136BEBE84808A9616F358D3B01A5BD9B8EFD38B3F61326CA"
"references\research\fc资料集-v1.16\page_401.html","8665","9A48B2062057EA74716120F708FA6BA429F172FFECBB43E924A3CCDFA2EAB3FA"
"references\research\fc资料集-v1.16\page_402.html","8157","6ED438E29E41813B32F79E7BC105583C2D96F148FFD7067B2204B6A4C6B7A123"
"references\research\fc资料集-v1.16\page_403.html","6637","7A15D912828B0C6576AF67A7AB7FB9F2897EAF50417019796110DCB0FB6405BD"
"references\research\fc资料集-v1.16\page_404.html","15237","30964D887354662C2EE921CFC730E44E5B711672E3189D5C8AF32E2DA51495C8"
"references\research\fc资料集-v1.16\page_405.html","380","368FB8276D65AED4C597733B16C6CB7D5EC2ECE1CB1032EB47BEBBBD9F1F1268"
"references\research\fc资料集-v1.16\page_406.html","384","2856D3B7EBA3F9279707BF2AF237062ED310ED9317C405902DA46E8936140147"
"references\research\fc资料集-v1.16\page_407.html","384","0D83673636940FC189378C09DD926AE0DD4D8098C5ABEC883137CFDA64AF9143"
"references\research\fc资料集-v1.16\page_408.html","11823","7862FCED2D0780FDD7E40455B3165D18A38B96A67699DBD509F8002A87DB06C1"
"references\research\fc资料集-v1.16\page_409.html","8636","B433D97987552EE23B05B268737685D0115776CB4B506A5680FD1FDAA68BEA3D"
"references\research\fc资料集-v1.16\page_41.html","378","B310EAD750993BE1A627E0F3F028693A116F6F6451B665E36C6B865035C91CF6"
"references\research\fc资料集-v1.16\page_410.html","7232","E2C39B82E069578C409B75C0F31B33EB5C9F6CEDFBD132D1FDC64CCF7681CC27"
"references\research\fc资料集-v1.16\page_411.html","13484","3C65D372AF9D0113572E16C8B3D1D07DCB9DE541C583455D62BCDB5E1CA7A7DE"
"references\research\fc资料集-v1.16\page_412.html","11758","B157B4FBE76F02CA43C57F0A18383DAED6C72A2E087880B205FC302BF8C4567A"
"references\research\fc资料集-v1.16\page_413.html","14748","F528AE53ED81EB226CFF88A3354B430ED367DBF4460F70B6CA6DAB21ED626AB7"
"references\research\fc资料集-v1.16\page_414.html","11797","369423BB0B5D1731ADA77D148E1924ABDD4674205D0E933A83F66DA2B4ECFFCC"
"references\research\fc资料集-v1.16\page_415.html","23929","849457AD216B75DBCCEAE45EAE5D8D509731F920D4295B82AFED9A430917F3FC"
"references\research\fc资料集-v1.16\page_416.html","11997","9AF40FF8A67A873CB65DE98FD24EA73C246CF559618B9D6BF9F326C0E2B76424"
"references\research\fc资料集-v1.16\page_417.html","15761","A251BBE0297E88B1A1D582274A22705C6077D463F2C36078E0CEF07C71779F48"
"references\research\fc资料集-v1.16\page_418.html","10641","8D0BFFBA5401D9FEBE111F4C036FA2DB38B0927A318291CBD80FC58E38ADC068"
"references\research\fc资料集-v1.16\page_419.html","9151","0845F5A6EED1A9E3CBB98E6D02F46C6D793B89F9BE204C4E2D08AD6BAF3DA479"
"references\research\fc资料集-v1.16\page_42.html","378","B310EAD750993BE1A627E0F3F028693A116F6F6451B665E36C6B865035C91CF6"
"references\research\fc资料集-v1.16\page_420.html","17923","DA6FD35F9CE30FD7D7869D1099B725F8BB8675B2D6AB0B83F37F3B66380954B3"
"references\research\fc资料集-v1.16\page_421.html","13321","95B6A413B95A81EBFB44CFE51405AD89EC0B20E105645D6A1601296C3AE5360A"
"references\research\fc资料集-v1.16\page_422.html","9795","FA074979B04FFF07DED8DD79DE2BF27AEC47903CB64D83E1DC14BFFDFD094287"
"references\research\fc资料集-v1.16\page_423.html","18769","9F0101C6F330EE8126696A291C6546F310FC386A873970F84667CA3981311C02"
"references\research\fc资料集-v1.16\page_424.html","9199","B8665EC25FC8CEA8E1612AB495106AA8C42C01FA989FA5752DDDDE8618AED2F7"
"references\research\fc资料集-v1.16\page_425.html","8757","E6995B29B15FAC39386826BD2517F13755C8EF6C23463D7311AE9A608D286E5A"
"references\research\fc资料集-v1.16\page_426.html","8559","B0C6385CC642D664C98EA87F63D45D8874B3F1E0887839BB067C19D0BFD1DD34"
"references\research\fc资料集-v1.16\page_427.html","7205","7E66A9F9E0F4AE53384A6818070103BB2D8D70FA95B325EC7477B0A766BDA731"
"references\research\fc资料集-v1.16\page_428.html","11700","D5355E736527F66C9C362BC5310FBEA75E023FE51014795511B3BF9CC4B4AD9D"
"references\research\fc资料集-v1.16\page_429.html","5948","38D0DB38CD6D116B448A5F5C31BDA1932905B307B4916DC8125DB8CFBB752086"
"references\research\fc资料集-v1.16\page_43.html","378","B310EAD750993BE1A627E0F3F028693A116F6F6451B665E36C6B865035C91CF6"
"references\research\fc资料集-v1.16\page_430.html","12437","70F560A07B883BB4524343EA76F83A0D1F6EB0CDAE03925CD958E5D53D7339F4"
"references\research\fc资料集-v1.16\page_431.html","13483","D374010CEFE914C9B2C2AB7C0A4C89A54855237E046302BAAF1DACE5D6E2BAA9"
"references\research\fc资料集-v1.16\page_432.html","12894","83D2ADE6A27792F39FBF81D7CD17CA76EFF52ADDF4DA10504EF69C9358DE55AD"
"references\research\fc资料集-v1.16\page_433.html","11600","76D55ADB68279C5B84320A361BD32EADFEB6ADDF5E3255F6865F7E87E8A87A6C"
"references\research\fc资料集-v1.16\page_434.html","380","368FB8276D65AED4C597733B16C6CB7D5EC2ECE1CB1032EB47BEBBBD9F1F1268"
"references\research\fc资料集-v1.16\page_435.html","384","2856D3B7EBA3F9279707BF2AF237062ED310ED9317C405902DA46E8936140147"
"references\research\fc资料集-v1.16\page_436.html","538","C2CA6F75CC0D418664CAD99953ECB356E8E84E5C0261C1C747784D91320759CB"
"references\research\fc资料集-v1.16\page_437.html","384","1869E68C5868692F18153D5589308E9042B05328EF975EACEAA35B53CE9DC35D"
"references\research\fc资料集-v1.16\page_438.html","567","2289F04455F9F742FAC5D178605608B6549A32C83937101306E7AE1B618421B0"
"references\research\fc资料集-v1.16\page_439.html","534","DF99B7AE51187A15293F7FDB53469A4BAD3774A9F6971CD47078C58022167D96"
"references\research\fc资料集-v1.16\page_44.html","378","B310EAD750993BE1A627E0F3F028693A116F6F6451B665E36C6B865035C91CF6"
"references\research\fc资料集-v1.16\page_440.html","381","271A08AA72A06A1ABD992865FBA207F1A0E17E03C0D2F94C1103F11C776A1290"
"references\research\fc资料集-v1.16\page_441.html","1505","756B61F0FA492FCADE13AE09B74FA34D051C4ECB8BB9DD27D6A0082CEC154D7A"
"references\research\fc资料集-v1.16\page_442.html","380","368FB8276D65AED4C597733B16C6CB7D5EC2ECE1CB1032EB47BEBBBD9F1F1268"
"references\research\fc资料集-v1.16\page_443.html","384","2856D3B7EBA3F9279707BF2AF237062ED310ED9317C405902DA46E8936140147"
"references\research\fc资料集-v1.16\page_444.html","565","5008A9339226432C238A576444243D68D7226291BB7085254356BDBBF48CEB00"
"references\research\fc资料集-v1.16\page_445.html","561","C6138226375F5119F11FEF9E40547F76A1097C914E3569FDCBAD1C285C65A507"
"references\research\fc资料集-v1.16\page_446.html","625","0B6CAEF62FFBF2A9380CF599F7F1A378C521DB542942DE5C55AE44901B7F5B16"
"references\research\fc资料集-v1.16\page_447.html","635","67622DC278FC7716EAE70B7EE1AEB30C5794A87309FD019D28D2130F9C12E4C0"
"references\research\fc资料集-v1.16\page_448.html","1199","FD16D78BAF79239E96C2E7C4325DC8F67E1814B800C5856527FFC156CF2CF5F8"
"references\research\fc资料集-v1.16\page_449.html","556","3B30F589129A5F5179C6D8BB0C15048B3A8D187F54C69C0111084C89E67663F3"
"references\research\fc资料集-v1.16\page_45.html","380","CC21134ACD96911BF0552FD9EB7055B0FDC6ADDF15862BB4D4F0BB5ECBD605BA"
"references\research\fc资料集-v1.16\page_450.html","885","14C249DD35F68DDEEBC9CCD59BB43475406FC40B98086C4F464BB5980D640943"
"references\research\fc资料集-v1.16\page_451.html","4686","40F30CCBC941FC15B736398D210B2AF083DDCB786F7B6C70BC1C57B925C34FF2"
"references\research\fc资料集-v1.16\page_452.html","760","91548A46A1DBC9895567D50F07782E3B197BE6B5FAF9E3CCB282A2F22D205A83"
"references\research\fc资料集-v1.16\page_453.html","943","FAC88E371A108739C800E3E086373C836A594AE3D36B0DD49BEAC1F6ABE370F7"
"references\research\fc资料集-v1.16\page_454.html","1509","51B06EBB2BBEA31C7B147114FE284A7AAB1D0284A605645FF5AFB10AD33FB5D0"
"references\research\fc资料集-v1.16\page_455.html","614","6E30CB2A1F52CF23F8A5C6076137EE00584F547859C4753E773B377592447D71"
"references\research\fc资料集-v1.16\page_456.html","502","B8D7CB05DB64CB0584112DB1A6C2EFAFA1131EFBA5B9B481E5CDF6C2B00B2C8D"
"references\research\fc资料集-v1.16\page_457.html","2623","2B0504D1D365261E81BB710011122AF582429F71A2CCE2076E58C3590A5857B1"
"references\research\fc资料集-v1.16\page_458.html","2061","ADB1CE77D576E987BF3476A82E174B632EFBF6A6B76736CF3410743A2B4FAF74"
"references\research\fc资料集-v1.16\page_459.html","887","F4F2A1F652E49A6ED6C9C8CB1324606B088C04F02AB2BA5EEAD0049460C80F37"
"references\research\fc资料集-v1.16\page_46.html","380","368FB8276D65AED4C597733B16C6CB7D5EC2ECE1CB1032EB47BEBBBD9F1F1268"
"references\research\fc资料集-v1.16\page_460.html","1453","727A0C3D17B617AF2835ABC7E9EE099295B15E04D9FB56142F0230219A9D05E6"
"references\research\fc资料集-v1.16\page_461.html","638","7BA7C702A6F7498112EBB625D050A7ECA8D5984C76B0BC26948AE4647C1A1CAB"
"references\research\fc资料集-v1.16\page_462.html","642","1CFAB5624E1AEBFE47C382AE29B0331DC47182A9BBBE94897A384838205C39D1"
"references\research\fc资料集-v1.16\page_463.html","587","F07D7C8300168ADC45B84FBEDFC59F9DF3B6AC4C86A8E96FFC639359F9E21020"
"references\research\fc资料集-v1.16\page_464.html","519","DE57AA79D5CFE5DCFAB95203C5E57A1CAC4D1795DB16E461CEAF1839AFA435D9"
"references\research\fc资料集-v1.16\page_465.html","638","E4F19154D756C4F0DA623249F596886912ED5819F180B96C09FDD19734C5C267"
"references\research\fc资料集-v1.16\page_466.html","1664","8F569B00276B804B67B9D50A45949B87B1A4BAC20D6838F76D6E9734D3D4D9DA"
"references\research\fc资料集-v1.16\page_467.html","3823","73E02CD35D3D71AF27DAB5EF4EA3559119B949757D5B98105435A323D64574F6"
"references\research\fc资料集-v1.16\page_468.html","1723","4A02D4F40F42DD00610D10EAD8E3A2A788D43ECDC19B18B2CE42A88F566ED460"
"references\research\fc资料集-v1.16\page_469.html","3102","EE1FFD29D235D90BA12998D64D2209CDC0A78C9587B8E149AE0C05ED1EDD2F9E"
"references\research\fc资料集-v1.16\page_47.html","378","6B3A695F9649BFA4E2557D41C557E25C57C7BA184CDA57E1989D5F92637F81FF"
"references\research\fc资料集-v1.16\page_470.html","5076","AA527DC347026A7F631CEB85E8B982FBFDC1F9FE39D7FCFB8A2171B555E699CA"
"references\research\fc资料集-v1.16\page_471.html","381","86C4E31614E89461E474D373F46E45C0C4DF46819EDDD1CDD8EE2B45B6C7A7FD"
"references\research\fc资料集-v1.16\page_472.html","377","3F5A45BBFA22C5174E2022C3B2F3EDF36D77A91D53FF139D1CB63B78F3A94004"
"references\research\fc资料集-v1.16\page_473.html","377","36A02C97C1B9594709D0A084E8D5EC05C2D39150D184C8EA118070F7EB5121E7"
"references\research\fc资料集-v1.16\page_474.html","903","52276F2B62B5CE8801777693A1425FBBB6B3E607064D55B7931F6252B19C5C0F"
"references\research\fc资料集-v1.16\page_475.html","2307","1F2FECFC378E67E07EFF6ECB296F2BE8AADCDF6EEA3CCF26DB36C55FD12EC06F"
"references\research\fc资料集-v1.16\page_476.html","384","CE7C3A8EC941A0DD9B7005DB2FCE1991C9DFEFD04E069C106CC8BF1EBF2F08CB"
"references\research\fc资料集-v1.16\page_477.html","16982","A77B2380E41BB8A759ABA2D39241A90868070AD380F53A029EB6D75D700D7980"
"references\research\fc资料集-v1.16\page_478.html","861","EFB0D0DC7589FCB89AD3B9300831C38CB16B6970C70F04264FAF88C0B8648D44"
"references\research\fc资料集-v1.16\page_479.html","405","3000D34F21A492845866DBA319BF00CD5EAB728B74B5023954AEE419EDB29648"
"references\research\fc资料集-v1.16\page_48.html","378","2344A2105D8C2EE44EA3C0D0B14CEEE671E871C48711616123BA8A6A06F02A6D"
"references\research\fc资料集-v1.16\page_480.html","2556","CC5544DEF25D6E345B64EF94379C24A90761CA916100464CD0D3A804546CBD7A"
"references\research\fc资料集-v1.16\page_481.html","539","9B8B71214A163601CEA06E65BEBD1D1D2B62A63FFE405408BA5E7B285D132E6F"
"references\research\fc资料集-v1.16\page_482.html","380","368FB8276D65AED4C597733B16C6CB7D5EC2ECE1CB1032EB47BEBBBD9F1F1268"
"references\research\fc资料集-v1.16\page_483.html","384","2856D3B7EBA3F9279707BF2AF237062ED310ED9317C405902DA46E8936140147"
"references\research\fc资料集-v1.16\page_484.html","654","A604E0ED224DB97A70F0FAA6FE744F76CBB88C53F79E0660EE9CEC38524FF0A5"
"references\research\fc资料集-v1.16\page_485.html","3282","57D066A3C5660148057B95DFDCAC5A853E3C22BECB4D16A4C559268DD42AD139"
"references\research\fc资料集-v1.16\page_486.html","378","B310EAD750993BE1A627E0F3F028693A116F6F6451B665E36C6B865035C91CF6"
"references\research\fc资料集-v1.16\page_487.html","3360","FEFC433871572D636EC4EF0F7D7D885978099A30C6D06F7588EFAD748342F71F"
"references\research\fc资料集-v1.16\page_488.html","1447","972C1888B2A3563E7BE7A35670E83A6C9D6C63E86130599474D99871990FE5E4"
"references\research\fc资料集-v1.16\page_489.html","4254","BF766CCDA4F5A3C5F95389EEA7759FA8DC6C9CFBB5E6493700F4B5B5DF572DD8"
"references\research\fc资料集-v1.16\page_49.html","419","3D5B7C99927799C05A8817351E59084701E62C663680B045B4F15B313D1DBE38"
"references\research\fc资料集-v1.16\page_490.html","3416","4A5FD0515CCD049D75004A90380391809D03C6A7D3C032D0E7D0F73CB7B8E6C7"
"references\research\fc资料集-v1.16\page_491.html","1748","D6FEF3DFDC813A5A6958A6B52AF980583C3B463F9FA80338FE706A6E12FA86DB"
"references\research\fc资料集-v1.16\page_492.html","3465","384722C439569539D0F04AA62BE79CD51FE6CE729A32DEEEDB1A9D8DA5256896"
"references\research\fc资料集-v1.16\page_493.html","4667","4638BAC2FCCC68BB60D88DF3DEF464EE69E3CFFDE1668C70474246C83862CF76"
"references\research\fc资料集-v1.16\page_494.html","2645","FF4602EE7CCF90F8F99AE1116A0C20AE39F674417324510E1EA8D34AD198D7AF"
"references\research\fc资料集-v1.16\page_495.html","3911","19CFAF6DC8A9B581AE15384C3683B1A46CD05195915F268982BE783675311A01"
"references\research\fc资料集-v1.16\page_496.html","5315","BFCD4B11BE62C7D2A81129423BD6F10D48738EC39158A31FC5E49600F1DA7B68"
"references\research\fc资料集-v1.16\page_497.html","927","AA087AB45D3917D5F565F2D1865B10FA964C5C161AE69099FF5DA0C6BF734AC2"
"references\research\fc资料集-v1.16\page_498.html","6694","F83560C425AE729485C3950DAC45F9F5ACD98BDB9E7A9F72E88F719ED4339C81"
"references\research\fc资料集-v1.16\page_499.html","909","2BA64973D603720A0470DC909087FF7BE00123D6F766B44BC1565AB65991E552"
"references\research\fc资料集-v1.16\page_5.html","382","E38FEE3DADDE0EB1AF84C351EE48B03838F57C112B7596A7060C2ED4CBA8351A"
"references\research\fc资料集-v1.16\page_50.html","378","B310EAD750993BE1A627E0F3F028693A116F6F6451B665E36C6B865035C91CF6"
"references\research\fc资料集-v1.16\page_500.html","1759","458EA2CB2FD650AA4013CEA170E2A13994A015EBC9E90EBFE9439EAB3F201E63"
"references\research\fc资料集-v1.16\page_501.html","4513","21752E039E8415D4AFF6157B7CAF49CFB57B7B9BF58E3030A902D8AF50A2078E"
"references\research\fc资料集-v1.16\page_502.html","5994","31EFC6054FE50FFEF860565E0675DCB49ACAA30EDEE27DB0B88B4782F509009B"
"references\research\fc资料集-v1.16\page_503.html","4607","395EACA429C48FCCB8D9125AECE19B4EC0DDF82AA851037ED3DFBCD1A33B3859"
"references\research\fc资料集-v1.16\page_504.html","2224","DB67737D24E318A73E98FC78B3FCCE214AF592196FBFFAD9C51F8F993AD1EEA7"
"references\research\fc资料集-v1.16\page_505.html","5880","242A872B679D6CEE37331F3B2847276D05F767C644F6347987BB74D86136EB0B"
"references\research\fc资料集-v1.16\page_506.html","421","B0770B0495EF6C4C90398EA82B80D0E8FCCC1B928109CDD3488333472919C0A6"
"references\research\fc资料集-v1.16\page_507.html","1467","92C0ADE0E5540013FA538762B3599E64CFE8080E2142AD08329043F737F6D92A"
"references\research\fc资料集-v1.16\page_508.html","2713","3D530A54A810BF653FCB468AE81931BB091ABF5A6F26E4B8635280248806E02E"
"references\research\fc资料集-v1.16\page_509.html","3329","6C8CB94E6FC0B3D2F71D75349D845B95E49B83FECB6E753B9EB7B2D966C9853D"
"references\research\fc资料集-v1.16\page_51.html","538","41CF3036B260CA0F1CD9773DE0FA135CAB97D8B76F750F23D34EDF0C33D64A1D"
"references\research\fc资料集-v1.16\page_510.html","4375","FB04B1A2327AE86E4B5F7DB108AB711695DD11A9237097ACF1834426058B5E6D"
"references\research\fc资料集-v1.16\page_511.html","4418","23AF9BEA31EBB0832276E55A7822FF6992035315BA77FEFF288F448D63D7C78A"
"references\research\fc资料集-v1.16\page_512.html","388","300B054BA16597A5D2958A9C7970560E80AEEF6EBF64EF073399E352E06C9D5B"
"references\research\fc资料集-v1.16\page_513.html","4591","F18787168D575305C27B243C7A9FC0528270CAF086D7630BAD490F2A58C7034D"
"references\research\fc资料集-v1.16\page_514.html","5149","A11F2C6E2B5D8A0CC525CEA832AA3281AB4172AD74848278582A59CD34B118B9"
"references\research\fc资料集-v1.16\page_515.html","4440","51F6EB531B03F720B653631A09464080C9D725D3BD27AD6E0043C81E796E8671"
"references\research\fc资料集-v1.16\page_516.html","4699","F6ADC00211A35D5E990F0F183192816B4E77456A586F74C7A0F389FEC75B7736"
"references\research\fc资料集-v1.16\page_517.html","6406","10FFB35AD08D2B4E9AE1E5132BBC1303499A695E5F61301A855C99FEC317D362"
"references\research\fc资料集-v1.16\page_518.html","6670","6E5E8585075455734FDB6D9F1CD97B402E55DA3784FAC0DADAA5D44CBF201A65"
"references\research\fc资料集-v1.16\page_519.html","7085","2C91C44B5CF3C9A5466612E598E1E00B2B99361B104E381703E6A0A896093CE6"
"references\research\fc资料集-v1.16\page_52.html","2661","392AED34C08F8DCC89E43AFDD23D5D62DBAE0CC49779A0498D04C33A2BD94AEF"
"references\research\fc资料集-v1.16\page_520.html","4202","B620CEEA1582BAE5DEFA6F6318D8D69F47A8109CACCAE52C4F27E85BACCE420C"
"references\research\fc资料集-v1.16\page_521.html","4577","A426EB495BEC297260489A25C10BC7936DBFFE898182B23D94FF5F49DD126983"
"references\research\fc资料集-v1.16\page_522.html","5229","B7059DC969C6D599E4A0CBAA849277088D2B1F48421EB8318613253BD9DEC3B4"
"references\research\fc资料集-v1.16\page_523.html","2694","32DD3DFF947628C14FEE525F3C2E6CBF03185EC3A561EE96EFF7EFEEEC5E0B6B"
"references\research\fc资料集-v1.16\page_524.html","556","DE9231BB67158D5343DA10569E478F565BE8D4883095A8B7F1365FB00965C274"
"references\research\fc资料集-v1.16\page_525.html","4034","DCCB272D6EF0E24989F3A78A0F7E7EE4339709A7270A291F57E23390926CD56C"
"references\research\fc资料集-v1.16\page_526.html","5572","A8750670F5A8343E0157AFE1890551E7D96B3133B9C49FED69EA814885E86848"
"references\research\fc资料集-v1.16\page_527.html","1787","A7A910E55579EC005DFECC2C27815D2C6EED0BCCB048CB5D2DD5F91F12CC14D9"
"references\research\fc资料集-v1.16\page_528.html","4375","28DE4D596A7562C225C64ED13DEA64EA13E52FA74DF39100B840E7E1B1727763"
"references\research\fc资料集-v1.16\page_529.html","12673","F8CC47BA81E267A67A9C6756E890CFEA441542E21D8C404F1BC30AFC8D66DA58"
"references\research\fc资料集-v1.16\page_53.html","4199","0BB5874E87AABBC932EB59B6F971D8748C442E03BB59E84DCD73A7493BF14904"
"references\research\fc资料集-v1.16\page_530.html","3577","727CDA4736E3EB8786072BABE930A2C640E09032E06DF2C041835319ABDC9658"
"references\research\fc资料集-v1.16\page_531.html","9796","D45EBE6506362D84C1A99DE86F2303705B4103BC6E200E8F99C4255C50546EE2"
"references\research\fc资料集-v1.16\page_532.html","3891","6434BB90C865041F78D747BD796F5BE559F0B9FDEBE0B450944D0FAA60587E9C"
"references\research\fc资料集-v1.16\page_533.html","2332","45B86DF818A222C00B2D3F179934CB4A419C9855FB1C1CA70B805B843019EC4E"
"references\research\fc资料集-v1.16\page_534.html","2073","DCB654E4BDF00E5941952AA55B004BCF064B91095C463C8E12020583DE67ECA1"
"references\research\fc资料集-v1.16\page_535.html","4572","EDFAC280B319FA92B2BD302C1D145E642A9CBB7C6E746DE32AE4DCD5D9F0918B"
"references\research\fc资料集-v1.16\page_536.html","2245","EE4B0127488DC5EF10EFC54C10578C25BFE8BD4BC22B768373F20110485A6A99"
"references\research\fc资料集-v1.16\page_537.html","5447","46988BBD42CDD057B0301AC093C2B73C2254FF53978F5527A668C545D47B05AC"
"references\research\fc资料集-v1.16\page_538.html","6065","2A534960704A46EA43002D56F4B3E9F81DCF35384B8630F9832139ED9F970677"
"references\research\fc资料集-v1.16\page_539.html","4335","2916C2C51C1F88F635CC0AD3ED69AD3279D8F277C59103E55D531E78ABD47809"
"references\research\fc资料集-v1.16\page_54.html","9173","5D3CCA0D64D9636ECD20D814CD52D3EBFD693BF03E7230FE3C3A215E7ED92B58"
"references\research\fc资料集-v1.16\page_540.html","6231","9930AE4E74925056AC600455DD255D4CF165EEE188A7950A4A8B2A4FEE5E3C47"
"references\research\fc资料集-v1.16\page_541.html","481","9093A0352C630C529BFA5113EF0C837B974799E3C8949694BB2C77B27EAA0800"
"references\research\fc资料集-v1.16\page_542.html","391","0391527ADC87D435225C714DBD34B124EF5F5F169128348E778DD1BC304A1659"
"references\research\fc资料集-v1.16\page_543.html","382","BBF45E9B86A73B312BC130B123C816C0AE361FE1883047FA0F1ABBAE8FC33333"
"references\research\fc资料集-v1.16\page_544.html","3399","0D029154BABFC7E22B0C175E0315E3F3EA6F5AB713FE040C74A210973CBD5C37"
"references\research\fc资料集-v1.16\page_545.html","6998","A3A23D6071BDC2B3A483642EAE8DB80BC887597219B8354C300E7069EE916DFD"
"references\research\fc资料集-v1.16\page_546.html","13091","2C53D72073D581EC534EB78F53952BF23B38A3027BBAC4AE2B0D6341AF6847A6"
"references\research\fc资料集-v1.16\page_547.html","5865","FA8C8A1E3B453A4188A0E78581BD3E1C75A00CE473E4E0F3715EFC0A33F00DE3"
"references\research\fc资料集-v1.16\page_548.html","8638","88AD492912C5A1D21252AAD523507716B899E913D86B71C57588C9B60F45DC93"
"references\research\fc资料集-v1.16\page_549.html","9318","906D99A81E4CC51368F133D12E9BB1AD8004874B882880563CD37299FF2DDBFC"
"references\research\fc资料集-v1.16\page_55.html","6009","E4DCC66FFE4B5CC8B2A6DC6C86ACEFF4CD14B6BF26A685357D04A9214F2C55AF"
"references\research\fc资料集-v1.16\page_550.html","16010","58230E70CDD6C97CE5EAC2D15644500CE3D10B47BAD08318CCC6795F0134294E"
"references\research\fc资料集-v1.16\page_551.html","7312","6674ABC3C00F0C985C1F9A1236EF668412A591B02B7D927E14A447EF37EB7689"
"references\research\fc资料集-v1.16\page_552.html","8118","DA8E72FEF655072BDC1ED33DBD18586B3187D52D2E1A5F3223FB25296D473AA1"
"references\research\fc资料集-v1.16\page_553.html","12442","ACB69D8C6D88662E7A058E4813339775A99D66CFD4204AFD032ACD6A56A8E339"
"references\research\fc资料集-v1.16\page_554.html","12099","F52130EA6416027AD04D92E8A216B9F3FF335785A486B18E6B5BD5D40179A4CD"
"references\research\fc资料集-v1.16\page_555.html","5333","1CAF7BF845068BBDB3E1336BF391FFC68B76E70A6325A49C5F098C3CBB31377F"
"references\research\fc资料集-v1.16\page_556.html","9654","D174547C52DE663A49BFF18D02EC057B2B6F1F43D4221F88CA4F1CF306A70DB1"
"references\research\fc资料集-v1.16\page_557.html","12288","FBA6B0C2698B1C691170C396F0A68C292341FF792285675EB08E515FF88DE877"
"references\research\fc资料集-v1.16\page_558.html","14311","8034E00ACBE6A244FBD6322CE3A73974814C7C051177B46182D5B6A82C9D8144"
"references\research\fc资料集-v1.16\page_559.html","18296","7BD13EB3F3CE75B0E04D8FF971C074CDEEE0EFA5503EC3A4892A936C11C15193"
"references\research\fc资料集-v1.16\page_56.html","4763","67268EE62F8921DC75C43EF643C55F8510701D6695BFEB55B62A6B4B5832F3BB"
"references\research\fc资料集-v1.16\page_560.html","11123","DEF94F6DDBE2F3B0AFCEF5AB76A4E01B78D6EB272413642449CB5B69C33B8DA0"
"references\research\fc资料集-v1.16\page_561.html","17253","A752446CD465BB05720DC94C3DC40C1933BF8E4116F2F767C9E1A981B2072E92"
"references\research\fc资料集-v1.16\page_562.html","22307","AEDC0BF14DB2C8EBBAC330DD51929998A88625B53E841D0DB16234C22FD22831"
"references\research\fc资料集-v1.16\page_563.html","8834","C3D414A5A936E12A5BBF2B0E71E6C90C4682E34B96E2DD74DCF452915370C8FE"
"references\research\fc资料集-v1.16\page_564.html","9183","D64B5DEB1EDBF012A6B9E33A24450F893AA83FBB4233518F8C6A949E5F97313F"
"references\research\fc资料集-v1.16\page_565.html","14498","9664A799CBB18EC7CD967618CE7C75573F026B6F2E0A3041B5817EFCF7F79773"
"references\research\fc资料集-v1.16\page_566.html","11130","3A670D03EB10E5CA47F7B5D4ADD0C6A6F69EBD20CE4CFA60A3770F705E00E8C0"
"references\research\fc资料集-v1.16\page_567.html","15355","DE7F1E2A0A46C14D62C354C7BB90BC496C9D88432CC17B228BCE437989B01731"
"references\research\fc资料集-v1.16\page_568.html","10440","DF152967147988250C275EE2D9FE1C7CE6BE6DF6A6053609FC4D171ED3F6DAC3"
"references\research\fc资料集-v1.16\page_569.html","15829","E6CE7F31FB76377601BC68919BA95B6CA2E004BB40B26A93C5149F48456139CA"
"references\research\fc资料集-v1.16\page_57.html","1706","CD40DFAED9D856DE9A0FD9A2AFF91575440B1983047F7279478463D46ABB7743"
"references\research\fc资料集-v1.16\page_570.html","12530","CB03B506A1C417AD280D8CE204FF36974239688CA8DCF37DBF66809C2AB72FC6"
"references\research\fc资料集-v1.16\page_571.html","11664","846BBF32DE1FA81CE54FAABA15D882A7F5510AF3A4B8B101CEC194FE5DA3837A"
"references\research\fc资料集-v1.16\page_572.html","31756","EFCE68F5DC6FC13F70F395C924831949A7E000211DDE322E22FE64BF6A586792"
"references\research\fc资料集-v1.16\page_573.html","12245","741FA49BD39BBF601B93874E1DC3FDC4B5F7F757EBD8CCE9D3BA34C77C5B2F21"
"references\research\fc资料集-v1.16\page_574.html","52697","227E12EC8658CCD72AE4CD7E18A769548570958BBB0B92E1E601BA3330A378F0"
"references\research\fc资料集-v1.16\page_575.html","678","B757AF76A8209F9F138ECFDF7678954C73EEDA68B2D0010C9C8866D194433501"
"references\research\fc资料集-v1.16\page_576.html","11319","A302D7222007C8C6AD018E4D55C807E563063BA6DD5C37B629A7CA60525A12E3"
"references\research\fc资料集-v1.16\page_577.html","465","0C901D5EDCAA2F1B2E0BF5569F2F863B32E5A60C79003AFA3D35439F1D258A3C"
"references\research\fc资料集-v1.16\page_578.html","420","5FB516266AD22B04E12344A702FA4714E219596D1BD90F88C7648FE439BFF948"
"references\research\fc资料集-v1.16\page_579.html","21686","7DFADB0B02074E07473B59DACE3BC778901CAFF2409C6DBB4F6F12C366D85864"
"references\research\fc资料集-v1.16\page_58.html","13483","228D3E7DC8D38FF109DB46C8E6C804C471E92033DE04B19F48183A311C6324D3"
"references\research\fc资料集-v1.16\page_580.html","15173","31DD6A5DBEECD2E69775EDB1C2633EB72F5F50CCE052865035BE21D2B0800055"
"references\research\fc资料集-v1.16\page_581.html","380","0C4FA82789875D19F155E76430F96FF95EFB98EB9168AA965F839535D482F684"
"references\research\fc资料集-v1.16\page_582.html","231","7BD76E9DCB5A58F9BDA2008264FA0C6710337B33C783E0A49042783BD3E48613"
"references\research\fc资料集-v1.16\page_583.html","2406","6152F9276A0E1F1FC0094735486D0AFADA45BD26340BEF5E650B709D0CB40057"
"references\research\fc资料集-v1.16\page_584.html","384","5454814A53811523ADA6598E6A9D6EE312FA4428C5BF22481810E04F861189AC"
"references\research\fc资料集-v1.16\page_585.html","380","6032CC4771B26F0E3BED6378A5059688815CA1908231118025E936FB44CB478E"
"references\research\fc资料集-v1.16\page_586.html","380","368FB8276D65AED4C597733B16C6CB7D5EC2ECE1CB1032EB47BEBBBD9F1F1268"
"references\research\fc资料集-v1.16\page_587.html","877","7872DF7447DF4AA4706E3598EED6A3CA6645F07FFC9A4DF31B9B8677B9E7034D"
"references\research\fc资料集-v1.16\page_588.html","384","2856D3B7EBA3F9279707BF2AF237062ED310ED9317C405902DA46E8936140147"
"references\research\fc资料集-v1.16\page_589.html","527","59F9C41D30DA1F057044FA9A74DA035E4A298E96DE62881569664A2A977E063D"
"references\research\fc资料集-v1.16\page_59.html","6713","BE3A0ED13671EA60036365106EF077B9281EAB48C69746D9095987D37BF2BE88"
"references\research\fc资料集-v1.16\page_590.html","8690","3E66A4A2AE69D78CD9F62BA5AE8D10E41D59F9168AC187F9DC8079107AE88483"
"references\research\fc资料集-v1.16\page_591.html","388","BE75ADB75628A88398C5855C5220DA642CEE037E1410B84D55D3BD2BD09FEDB9"
"references\research\fc资料集-v1.16\page_592.html","2475","F8D3D488477084DC45A175D4DF9E65AADE345C4F0C1FFE8695823A055B240867"
"references\research\fc资料集-v1.16\page_593.html","1562","4893BEA43AD768C893BCA418FE17AC1454F232760909B85F0C39B0EBA1FB426D"
"references\research\fc资料集-v1.16\page_594.html","2362","C7DEE9FA204DC32D768995B95032A56BCEBF0B8F579BE60B8D33C078BC0741D8"
"references\research\fc资料集-v1.16\page_595.html","2536","7432E629394C2A3D8D13F70D83077810D70C45344A9B1911C8F2C4F54D611EE6"
"references\research\fc资料集-v1.16\page_596.html","2258","B12B5CAF57A7F2D00ACEAE43F42064693D3245BA7FA38999215F2F09698B7B99"
"references\research\fc资料集-v1.16\page_597.html","2101","9CC2F377D91BC4431DF171158E798A55DA64AF55CA9DDB8492408937B132C00C"
"references\research\fc资料集-v1.16\page_598.html","1735","DEB18A9373585F4654D09591A9F3CAB5D89FE2521BA33E3EFEA39FEFB3C69814"
"references\research\fc资料集-v1.16\page_599.html","777","C7F35FDF63D0077BD088B4D354B82A7E8D57F18D39493931CD94357371879EE4"
"references\research\fc资料集-v1.16\page_6.html","384","78F7C127C7ACE3D529DD583523B228C92B9B918C2CF589CAFFF1D5BBFBDFE7E7"
"references\research\fc资料集-v1.16\page_60.html","393","63D2B513CFD662114C77F8DBB6E8AD26205B5317AFB153587B37EAF0431B1C15"
"references\research\fc资料集-v1.16\page_600.html","1507","F890AB15602D30C84556DEF58F4CAA4EC15A43115E82C98B6330AE09699F13DB"
"references\research\fc资料集-v1.16\page_601.html","3187","D7F8A02E11A52929071E915CA5249B00C6910766F8250A77ED6E8C663830FF2E"
"references\research\fc资料集-v1.16\page_602.html","2557","C77F70E0068FA4AA682600EADECFC4C532EA38CE8D4039CD2E25AE47A07AE887"
"references\research\fc资料集-v1.16\page_603.html","1091","A44575E61E02A2F8A760B313DC92B4FF4E0DAFC2633D0551167E78AE975FCE60"
"references\research\fc资料集-v1.16\page_604.html","1488","A6BD0919105F15CF2282DD5C8B3FEBDA2F0A230F500BF312287E822D12753794"
"references\research\fc资料集-v1.16\page_605.html","1819","33DE14A575B8A5C787C72032E422B26F4EEC2C926850F0DB9AB52219D2C61427"
"references\research\fc资料集-v1.16\page_606.html","2454","018A6763E6CFC1F1B21894D59171B4D1942FED127921EE87C093918AA1E8D7CF"
"references\research\fc资料集-v1.16\page_607.html","896","BA823DA044311384331AF181150444BDE6D3817CAE8F0C9053735337D47B62CD"
"references\research\fc资料集-v1.16\page_608.html","715","B5665645110CF84B966EEC0F8FF54CE62BBEEC633C497E370941E4485CDFA4C4"
"references\research\fc资料集-v1.16\page_609.html","1979","9D524488CDAEF685CD34398DF46DD84D7953F926D1C52EC2D48A27E359F783AC"
"references\research\fc资料集-v1.16\page_61.html","3829","8C900E76D011DDEEB93E6898C418125900F7FEE30A6D6164E87349D331CEAEF9"
"references\research\fc资料集-v1.16\page_610.html","1767","330791E8817EC5DE4C9E403298AB3C5E8D1521BA44058D36D109E416F08896D4"
"references\research\fc资料集-v1.16\page_611.html","554","C247134E22BF22658FEBC9EAC8EB90AA123C56D9325C05C9A8B7906AF0883517"
"references\research\fc资料集-v1.16\page_612.html","496","D6A88CCBB01D11C5BDB3BE18D92922A8533ADE90B1FEBF0D4E14AFA7ED14C486"
"references\research\fc资料集-v1.16\page_613.html","610","CC89E21D7A62702100C05A932465D666BCD8AF571F715F38364D10834904C108"
"references\research\fc资料集-v1.16\page_614.html","443","B0F5826248C697CD0915A852E2CD1600C82718303D27851E52BA1CBF4BE97695"
"references\research\fc资料集-v1.16\page_615.html","485","CD80FBC8919A41A7BBF9ED85E9CBD5E16A044E604AF62CABBF9FAD2DD8E52704"
"references\research\fc资料集-v1.16\page_616.html","476","9AB902F0005497F9322556C4CC3DA6F571549A91B21CA60E47D2F457F8FBE82A"
"references\research\fc资料集-v1.16\page_617.html","467","6D681E87642905A4C37AF5BBA198262B72B13FFDADEE066B3852CE12C7E07B6F"
"references\research\fc资料集-v1.16\page_618.html","378","B310EAD750993BE1A627E0F3F028693A116F6F6451B665E36C6B865035C91CF6"
"references\research\fc资料集-v1.16\page_619.html","544","967565FB64866EC2BF168A1082B54487A56EA3D494A7412FBC41A9670033D609"
"references\research\fc资料集-v1.16\page_62.html","397","56ADE79F940DA86DF90F466343B5A879EFA3A77E2B9FE88B83B2C2C2C0B038C8"
"references\research\fc资料集-v1.16\page_620.html","376","0A093A58B9DA647FE825C29DED03BF49E9EB8D581D2B8FF4A4EB0E45536FF5D6"
"references\research\fc资料集-v1.16\page_621.html","384","0D83673636940FC189378C09DD926AE0DD4D8098C5ABEC883137CFDA64AF9143"
"references\research\fc资料集-v1.16\page_622.html","546","EC1198ED9D67EC8618C74E2031AE91650A0FD699D52D56815630584055E2166F"
"references\research\fc资料集-v1.16\page_623.html","1040","A70554E8B2CD90C1E11B616E19E838B4764241D9D21757286798E8283C81B13A"
"references\research\fc资料集-v1.16\page_624.html","1159","D698B132FFF0114A88A885FB26D66ED50FDB10BC12A747FCF418F772B33FB6FC"
"references\research\fc资料集-v1.16\page_625.html","939","E0FFAF5811CE00058D891288436D8F4843005352AA4B98D8775A6D068D27D13B"
"references\research\fc资料集-v1.16\page_626.html","1227","841954D9A716DBB9A776DD1B4730F4079663075D44361158261F94B38639B468"
"references\research\fc资料集-v1.16\page_627.html","985","3ED24FF3B4D19702EC6683DDE0AC3CDA15DF3712EF8A166AADE321AB557E1D77"
"references\research\fc资料集-v1.16\page_628.html","981","931E54508FA6BB59150FECC1CB9EE51FC3753BA954B7CA272D5B81CD6FB93162"
"references\research\fc资料集-v1.16\page_629.html","1023","B663D6C67C7141F05A8E390B1B3D7FA82022796EF270269F9A2E83334F7732FF"
"references\research\fc资料集-v1.16\page_63.html","161144","AF2CC938BCE674A28D652174888E1C3EC50F7C718D9EC5FAFE89583C6106B8A7"
"references\research\fc资料集-v1.16\page_630.html","1054","7A62C6FD5112BFADD8733F5FE769D405A09535BA9B569C61A10733E637781682"
"references\research\fc资料集-v1.16\page_631.html","959","C4945634917535BD1D5704F30EC71D16D9E80B7D9AEC780EEB188032641BA98F"
"references\research\fc资料集-v1.16\page_632.html","1248","5432E1DCE7A0750F846F49986F12D79491C751F1A30A445DAF019124421C9ED8"
"references\research\fc资料集-v1.16\page_633.html","951","2760EF98AB38AF6DE6BCB41E934F335419626EDF72BF981BEA2361AAD1E72538"
"references\research\fc资料集-v1.16\page_634.html","990","B3829854032E40CC656E79CFF9678E122C8C7651A146023A142A13EE7BC1A9BF"
"references\research\fc资料集-v1.16\page_635.html","1426","0A94B59785B45294C32DA76716CCEF2E2175ECDA9EF0D9211D2685866A1EB52A"
"references\research\fc资料集-v1.16\page_636.html","1115","7F7323C708F0151581493672A14D0C80B87709E394D24762AFF438700F347543"
"references\research\fc资料集-v1.16\page_637.html","1068","A24F91972C5486FDC4F0BFB2E449C80DB1C1794A88D05121D234F76B1E01332D"
"references\research\fc资料集-v1.16\page_638.html","1761","D762589BD8E521D97D036447906F526E307D5FD8CB321E392F46207C51C3D71A"
"references\research\fc资料集-v1.16\page_639.html","1252","FA57A10863C1FDE039ED6773D03DD151B54E79417466F1F57C625D2A6477FB64"
"references\research\fc资料集-v1.16\page_64.html","2025","7923BD6C376D2FD7CEE886466672F05B236A1523FCB69A6840B57D6825973231"
"references\research\fc资料集-v1.16\page_640.html","994","277B11565C910F41695F1ADE914523D974BA2580024DABA1F4FFA03EF74E8825"
"references\research\fc资料集-v1.16\page_641.html","1219","40E62F862150BBB9D4DA6294B8B0BF65D53B5FF776E362B3A0EB74DE6E345658"
"references\research\fc资料集-v1.16\page_642.html","763","7BA4F2646EA9A8754C17D304E779A6E6A962A1C133C10A3E3B8CB1D6EB174D77"
"references\research\fc资料集-v1.16\page_643.html","1154","EE3AF77759A9CF6CFC3C7D90BE232434FBC35377EE5F5AA476588DD3D6CD80D4"
"references\research\fc资料集-v1.16\page_644.html","1157","FB60D56E38A966CCD1407041B8F120C0270F5B5C18DC3AA6B3F41ACBE6388C55"
"references\research\fc资料集-v1.16\page_645.html","1312","A62B513E3A75A93A2AE089704041A5AA04C6BE75C2625B7953F61574BE47DBC0"
"references\research\fc资料集-v1.16\page_646.html","1615","5216FF2354C0996B61B320A169F4D93E07788260152901005EC8F9D2BF8EB138"
"references\research\fc资料集-v1.16\page_647.html","1018","49B134CDAF9A7B6D2E487A582FC92FF1623584F561F0E777C3929EA713D4415B"
"references\research\fc资料集-v1.16\page_648.html","1366","426BF9E2FFE1A640B8988788C0DD2CB3835213A2E2D0895A383E85C4ECD23330"
"references\research\fc资料集-v1.16\page_649.html","15942","00BFE606C190A8C802EA4858FAE93C6DC1C31792ED1525A4CD5E5F7F0A7DAD9C"
"references\research\fc资料集-v1.16\page_65.html","382","257FA1A211BB069B0E613EC9A58C9E2A74F0E6B82E18A2C6DE16CF02991E7E13"
"references\research\fc资料集-v1.16\page_650.html","409","6B1F515FECE5ED5D0CDE3037C4DDB1C6C25342069990AAF61F39A68706B764DC"
"references\research\fc资料集-v1.16\page_651.html","1157","9C102EB3D58F0E016E13232112CDF52BD5B9720669B24F3010A46BEA29081FEE"
"references\research\fc资料集-v1.16\page_652.html","746","691BF0CD31C97EBFE629D2D1AA5D68CBD25DCA30C83D19884B6DAF7D595079D0"
"references\research\fc资料集-v1.16\page_653.html","1035","91465A5F4BD5EB881315570619B6A50B53E3460C311949D8D33AA4351F7BB7B5"
"references\research\fc资料集-v1.16\page_654.html","821","A150776C25BD6EE85BB29C1252D640075666AAED87A9C62C7028F110DBE8AE8D"
"references\research\fc资料集-v1.16\page_655.html","958","D78806ECE097A3E645370F2F46F41043DAAB2742293A6115B7ED6C24685D285F"
"references\research\fc资料集-v1.16\page_656.html","823","BB24798EB92AE1EEB9362EC16CCA682EEB1074AF10B57A23707B68FFD0FB808D"
"references\research\fc资料集-v1.16\page_657.html","818","E9434E152E9EBA168BCCE9F8C5C06333BF8A78F25C75E5DEA234019ECF1406D5"
"references\research\fc资料集-v1.16\page_658.html","799","3B03A704D99B4137B49161A299A5B36DF14D7D4CB896CE7E2B52BFFFD7DDB039"
"references\research\fc资料集-v1.16\page_659.html","803","F30F7CBFA384B44891D1EF45F64972E1D86F98A9F18DBAC66081318448A78C0E"
"references\research\fc资料集-v1.16\page_66.html","380","368FB8276D65AED4C597733B16C6CB7D5EC2ECE1CB1032EB47BEBBBD9F1F1268"
"references\research\fc资料集-v1.16\page_660.html","1637","F8B3F7A60319EABE98027765D04F8E4CE1BDE377567733EE786F475C40075199"
"references\research\fc资料集-v1.16\page_661.html","742","96D5F4AAC5151B80B747ED465B09519EA9295EAE4D05D684260241851EB47693"
"references\research\fc资料集-v1.16\page_662.html","815","8F9751A744025C878EE8A86CA40E161BEF6E5F45AD4AAE1ABA3F3B2F6DCF2D72"
"references\research\fc资料集-v1.16\page_663.html","785","25CE1DB9CE93DD583C599DFFBD59ABD177E2EF71FDE580335DC986869E5633A3"
"references\research\fc资料集-v1.16\page_664.html","1089","EDFE22FB06B6299AF81BFD9D0AB669DBB8AD65597188625795C9A8A745052528"
"references\research\fc资料集-v1.16\page_665.html","997","A6A23EA438AA249160DE999EA555953D19D6962F83BE8E5727C8DEBCCD332B4D"
"references\research\fc资料集-v1.16\page_666.html","785","2DAFA5D28C3227AA528D8BE3A6CAA2860427454E5428B0F0D42DDCA1D53D8742"
"references\research\fc资料集-v1.16\page_667.html","2177","C8137C9A8BDAA33703923DF123C57FD062CA183DD2424B19BD6012B9DB081B9E"
"references\research\fc资料集-v1.16\page_668.html","999","0DCA5AE5B364D8C656E99490F8B8DCE96F2D15722BC393E655ED1C6BF260B282"
"references\research\fc资料集-v1.16\page_669.html","2651","C3DD53C5B9B5408F0BF350E754E182E67823B81596B68280CE9C0D7F2E8D189E"
"references\research\fc资料集-v1.16\page_67.html","645","43BD6628399BA7C22A3E42D3FB6D106748315FC2FD6EA73712A933D010216709"
"references\research\fc资料集-v1.16\page_670.html","887","5978F3CB266DC7AF7A51B3C8A6C0EB81FCF29FA39F61C9D94289EC194852899B"
"references\research\fc资料集-v1.16\page_671.html","1791","EBE21C1520728176A481ED7F7275F80E4D754B6E2D3362E03B74B3284AFF48F7"
"references\research\fc资料集-v1.16\page_672.html","1712","E73E705FB9F0236BDBEF2C0C36F8FC21F4DF34CE19D6B6FC78A71790C2FB012C"
"references\research\fc资料集-v1.16\page_673.html","1967","700822014659A6AAE712A33BC4E6051CA6C09B1F4273C1FB5E36F347229E928B"
"references\research\fc资料集-v1.16\page_674.html","1521","9FA8FC6505900AA6972028486DCC99F9BA0DDA75392DF06DCC57DB43E4D1697A"
"references\research\fc资料集-v1.16\page_675.html","2562","61A6028CDCFDDED68C0F391CAFD87BBE4AF6C242886A5BF6CD9CD90AD82CE2E0"
"references\research\fc资料集-v1.16\page_676.html","1480","C91B78660580E87E55379E2A409BA024B8730464BCC4E3D56D8BFB33DE9EC9D3"
"references\research\fc资料集-v1.16\page_677.html","2778","4E8B8729E5C9DD0C3BBC1DCE0D59BC801003F321EE606DC11B3E0CEF2D77EF8E"
"references\research\fc资料集-v1.16\page_678.html","993","BF6973ACA49DF958CE807C09A68D759A8BE27C976B4ADFD0938404B0BB80FCC8"
"references\research\fc资料集-v1.16\page_679.html","544","C0AF78CA870FE8166D701C029C2A895896743B95A3040D029AFD74B65E1B8FCB"
"references\research\fc资料集-v1.16\page_68.html","532","F6B8E1C3ED7DE56A40ECA80F63D9434208948C88CB7C04F98BDE549513EBA410"
"references\research\fc资料集-v1.16\page_680.html","588","2EA6D567D81AE6A79AD00F7894D1EDC6B1E9CEDB53B0C06DDA31920D7AC8BD2F"
"references\research\fc资料集-v1.16\page_681.html","622","31A4A10DC28A8E9880BDB5C3D7CFDBA936675DFE98105D64DDAF137A32F00F2F"
"references\research\fc资料集-v1.16\page_682.html","784","D892AFC875C8EA05D647B2072D0CB08BB8744AFA4F7AE15FD99F00D87A3C9B63"
"references\research\fc资料集-v1.16\page_683.html","551","A21978BC023FB09F0B04F3FFFB71B58F74A5B85EF68A71A74826EE8296000E0B"
"references\research\fc资料集-v1.16\page_684.html","3727","09E7221ED5758A3ED223F09CDC69632E9F2C31CE79B447F9B57350AB26C8A65E"
"references\research\fc资料集-v1.16\page_685.html","1109","5DD6EF0F256ED1F4720A74897757CA4D0439B0B7BCF895A57984FB1BD85FB67F"
"references\research\fc资料集-v1.16\page_686.html","1407","41054FE25344BDBAA3FADFF55C85F59E69C1CEE3877431E0032211BE6A2F8051"
"references\research\fc资料集-v1.16\page_687.html","777","4E91094BCB20D674AC5BECF7D5C384F63C65FB5683F15B650723DDEBE36B870E"
"references\research\fc资料集-v1.16\page_688.html","702","71A183007853073AD540487A6C9FA8ED92EF5830643EC0548A6B3B96EFE82251"
"references\research\fc资料集-v1.16\page_689.html","789","3F0E610412C607A27458DC4F3CA5518E906F763A5E5493ED1A88E5CC9129107D"
"references\research\fc资料集-v1.16\page_69.html","384","BBDA383A004BD1EDA5BE63141D24C978EBB97299D2B710E933439D51D67A3DEF"
"references\research\fc资料集-v1.16\page_690.html","871","5ADFE63C032A9EE333AB892B7E2A4E1C5A7B3E5228391758C5479E563B0DE923"
"references\research\fc资料集-v1.16\page_691.html","965","CB7EBC44FCADFF1401D63FD55EE5A03C1DCF690D95F66C8619E09FE2F8304C6F"
"references\research\fc资料集-v1.16\page_692.html","813","6137C57FE6B947CB4C1093DDF675EB7117928935FDCE019296B1BB3C8F6A385B"
"references\research\fc资料集-v1.16\page_693.html","741","36A81A375A12DE587C29C42D55F5692327469517E0C3B89BA48908DD5110D2B4"
"references\research\fc资料集-v1.16\page_694.html","639","78EF98927E28A08E62327AA2BA7F01263160B210F36B191250DFC3AB0FFF80E2"
"references\research\fc资料集-v1.16\page_695.html","825","E28D5BBE1046FCC8364FBE4EFD47B2A61FF6AC88B2F3C08A110089C29CE1CE0A"
"references\research\fc资料集-v1.16\page_696.html","668","0B3E33C641F8557581128ED9778F3794CCE86393A36EF24FCFD0A1241E40E494"
"references\research\fc资料集-v1.16\page_697.html","666","2AC9A61E0A35DEB08FFBEB1A2F4498FB7BB7B8852E15A0911C518A0435D90F83"
"references\research\fc资料集-v1.16\page_698.html","676","7A823B734CA3B8954792EF722CAF17F9AACFBDB6F69851099077295C6178DAB2"
"references\research\fc资料集-v1.16\page_699.html","1088","B68263397E9EB34115CB0A22D5128028558A9DFAD98E502F3FDF65272EC6DAA8"
"references\research\fc资料集-v1.16\page_7.html","382","53FAEA9C511B3C78DF00CA678F9A1CC282E21A676D104E1C19374FB76A2E09E4"
"references\research\fc资料集-v1.16\page_70.html","381","BFF7DA35A13B05C8234F0760988DFFDF4F71B6E903183428001C1AF96F303DEF"
"references\research\fc资料集-v1.16\page_700.html","576","6DC939D8A99289D1C793662F2B833BC60E7484BA070B3C88DB2163DDBA33AFCB"
"references\research\fc资料集-v1.16\page_701.html","994","5D66BD67026F6B0860F5EFD0F46CC7411AC5D275B2DB9968241E9C3EFAD83AD3"
"references\research\fc资料集-v1.16\page_702.html","927","029686693D3FD9A1E4B093317A7933FADE0B83545A9C6A322427C8EDC093EAA3"
"references\research\fc资料集-v1.16\page_703.html","382","BBF45E9B86A73B312BC130B123C816C0AE361FE1883047FA0F1ABBAE8FC33333"
"references\research\fc资料集-v1.16\page_704.html","382","BBF45E9B86A73B312BC130B123C816C0AE361FE1883047FA0F1ABBAE8FC33333"
"references\research\fc资料集-v1.16\page_705.html","382","BBF45E9B86A73B312BC130B123C816C0AE361FE1883047FA0F1ABBAE8FC33333"
"references\research\fc资料集-v1.16\page_706.html","378","B310EAD750993BE1A627E0F3F028693A116F6F6451B665E36C6B865035C91CF6"
"references\research\fc资料集-v1.16\page_707.html","378","B310EAD750993BE1A627E0F3F028693A116F6F6451B665E36C6B865035C91CF6"
"references\research\fc资料集-v1.16\page_708.html","769","92053F871A8A978604A82817E0813F3ECCB5CB8085E4C32A114B3628C3BD4FDE"
"references\research\fc资料集-v1.16\page_709.html","934","0C6EE40531641622ABCAFDB123E02E65CCF4AAF219B3488A6E2B470D0D8A65C4"
"references\research\fc资料集-v1.16\page_71.html","381","E2E599FAA9D9E74D1B8DD188BFC0F634C8DB27FDA9EFDE4DDE1CED3F235853FD"
"references\research\fc资料集-v1.16\page_710.html","1013","09A1037761C808F97639CA1793543B627F36F69936C4B2E836DC1C86133863A1"
"references\research\fc资料集-v1.16\page_711.html","1128","AB416C6DB7C2B3DF0477D750C03A27CC866E202DA43781FA2FCFF0A8A27E951C"
"references\research\fc资料集-v1.16\page_712.html","1739","A45707C947439E7940E4DA86F0A892EADAF5983E0F207FA5586AB5F8AF625126"
"references\research\fc资料集-v1.16\page_713.html","1070","871D1554DF42D86D68290FC756E22797426A38185FF8D3F5CC3F1814D0C30904"
"references\research\fc资料集-v1.16\page_714.html","1276","502A466278C9A986940F67ED29078FB47E2D0E6E6BF1AF4F820B6525635FDB14"
"references\research\fc资料集-v1.16\page_715.html","1459","E9DAFE97CDA489AB159487322042AE2BE468FBFA6FBCE409042402F7F0AE7CD7"
"references\research\fc资料集-v1.16\page_716.html","830","11209ADACC31B5BEB6877B577F256370FBA6B52D978FE110879E0693030545A9"
"references\research\fc资料集-v1.16\page_717.html","1191","C3FDD79ACBBC1ED6EB2B7D1011C9ECE51DB9AE50AD732E02ABE9341182B5BDD3"
"references\research\fc资料集-v1.16\page_718.html","1530","BBD286E027180C22272C4747E4E2A48D846B9090B11D2BB33A93F53FB5C2A0A8"
"references\research\fc资料集-v1.16\page_719.html","1566","F90D376DF0E0AF9A227172F784B396093A63E847EC3F45E5F9CACEA8E9E743D9"
"references\research\fc资料集-v1.16\page_72.html","2438","27F0D65B231E60C245396661A20EF5C32C988AD150E158538C7878097874C75E"
"references\research\fc资料集-v1.16\page_720.html","1875","532013ECFAF6E44058F9FEE636FC51D9A9DAD4072339306A5C392B82528807C6"
"references\research\fc资料集-v1.16\page_721.html","1108","ADED7BC3E5C9E6CA2EFD1F09A461AC587226116465D63801F5ADE9D6130A04A3"
"references\research\fc资料集-v1.16\page_722.html","1685","7E4B4E6244C8E562BD27714E828089B03B12AEC2C27503661D52F12653F3E542"
"references\research\fc资料集-v1.16\page_723.html","2509","B2E97E38165A23860FC050AE1A13FBB7B9423B29596D3A19F3971B6887DC1B33"
"references\research\fc资料集-v1.16\page_724.html","897","0397E373098F01C49247C7FA30343D2B59AD4EBED5D561AD87C219A92D411A6F"
"references\research\fc资料集-v1.16\page_725.html","2096","3AD0C7A89247E78F5ED9026303D7391438520DD636D9295094B3DD298889CCCD"
"references\research\fc资料集-v1.16\page_726.html","382","BBF45E9B86A73B312BC130B123C816C0AE361FE1883047FA0F1ABBAE8FC33333"
"references\research\fc资料集-v1.16\page_727.html","382","BBF45E9B86A73B312BC130B123C816C0AE361FE1883047FA0F1ABBAE8FC33333"
"references\research\fc资料集-v1.16\page_728.html","382","BBF45E9B86A73B312BC130B123C816C0AE361FE1883047FA0F1ABBAE8FC33333"
"references\research\fc资料集-v1.16\page_729.html","382","BBF45E9B86A73B312BC130B123C816C0AE361FE1883047FA0F1ABBAE8FC33333"
"references\research\fc资料集-v1.16\page_73.html","1436","D6B757DCCA6837DEEF3B581E21A6C780D1B8569E37E1B4D23CAE0E5CAAEEE5DC"
"references\research\fc资料集-v1.16\page_730.html","382","BBF45E9B86A73B312BC130B123C816C0AE361FE1883047FA0F1ABBAE8FC33333"
"references\research\fc资料集-v1.16\page_731.html","2611","29CE435434D443A164B29A52C229DA32CB20D2CEB86E7E0BDC4395ED42BCF531"
"references\research\fc资料集-v1.16\page_732.html","3665","1C26FE7219DBEC16747F06102120A763E241E8A451D8B30563D90B1D54457CE8"
"references\research\fc资料集-v1.16\page_733.html","4620","2ED5CEE9457ACEAC23357FEB0C8CE1632A5414B12DD8EBA9908D355E209DF6CD"
"references\research\fc资料集-v1.16\page_734.html","6468","B6E077D880E183EAFB086C40500C04BF9F57F48D16E10C89AF27F596B8C47D8D"
"references\research\fc资料集-v1.16\page_735.html","7721","2EF85EE610E53496C2547B0A938D2BAC6BF2594F7A9041E7F71ABFF09DC22314"
"references\research\fc资料集-v1.16\page_736.html","11321","9C8660D536CD8D81AA8D3FA0663603A059997DE85346EBDF36A8CCAF284B0487"
"references\research\fc资料集-v1.16\page_737.html","9807","2F2B07676F62ED2DCC381933E488D30D1B54030B045F1F31F0B93AA7E0107C46"
"references\research\fc资料集-v1.16\page_738.html","4425","DE04B74332CD5BBD7A50AA2D0E5A5C0A99851FA6AB3E4B7FD8C56F0DD4EE1093"
"references\research\fc资料集-v1.16\page_739.html","7760","6C22CAA2B5EB118565195947C323B8D0D25DEE974B8A8FB44133ED61FA3C6376"
"references\research\fc资料集-v1.16\page_74.html","5725","6DD9BD5FE5A2E1C14E79B3A60EDF89EC6B3CD13524212BF987BF29CD8BC178E0"
"references\research\fc资料集-v1.16\page_740.html","16165","26BC5D24C64CF7F260B4C5B6B3998546C45659F5E1C7E5667D4AA6E4ACBEF76F"
"references\research\fc资料集-v1.16\page_741.html","12102","C4C1EC74496AA6F8754723303B569379F480909DFB30CB6F9BDE03976004A86D"
"references\research\fc资料集-v1.16\page_742.html","9640","7321B0F7C68B89F4DC04DA6DDDA6385817276D0F6C14D78C24AD91827F0A2FF7"
"references\research\fc资料集-v1.16\page_743.html","9238","1183384B6AF156AB746DE85F1E47A78C523FD007FF454CFC5978DE8AD0D12BB2"
"references\research\fc资料集-v1.16\page_744.html","7513","2974F9C3FF12D17A2FDD14F474ACF795493D1881A161D24E80CCE77E3E44E77C"
"references\research\fc资料集-v1.16\page_745.html","20274","91A1B5C8CA07340BD566A965F30786E9EAADB596EFDBA908195144F16CBF6202"
"references\research\fc资料集-v1.16\page_746.html","9419","73741925B39111EC6F6C5D73F5665E3C267018ADADED8FEB54172EB27A9D5029"
"references\research\fc资料集-v1.16\page_747.html","12770","9E52804161DA2AABA6DC2F8258E538D0D85A88662F09AEDB75F31349153E1B3B"
"references\research\fc资料集-v1.16\page_748.html","382","BBF45E9B86A73B312BC130B123C816C0AE361FE1883047FA0F1ABBAE8FC33333"
"references\research\fc资料集-v1.16\page_749.html","382","BBF45E9B86A73B312BC130B123C816C0AE361FE1883047FA0F1ABBAE8FC33333"
"references\research\fc资料集-v1.16\page_75.html","409","53E0E973D1444383A882C7C3AC42613D7F652444C6B18055EFC34365B90C2209"
"references\research\fc资料集-v1.16\page_750.html","382","BBF45E9B86A73B312BC130B123C816C0AE361FE1883047FA0F1ABBAE8FC33333"
"references\research\fc资料集-v1.16\page_751.html","382","BBF45E9B86A73B312BC130B123C816C0AE361FE1883047FA0F1ABBAE8FC33333"
"references\research\fc资料集-v1.16\page_752.html","382","BBF45E9B86A73B312BC130B123C816C0AE361FE1883047FA0F1ABBAE8FC33333"
"references\research\fc资料集-v1.16\page_753.html","382","BBF45E9B86A73B312BC130B123C816C0AE361FE1883047FA0F1ABBAE8FC33333"
"references\research\fc资料集-v1.16\page_754.html","382","BBF45E9B86A73B312BC130B123C816C0AE361FE1883047FA0F1ABBAE8FC33333"
"references\research\fc资料集-v1.16\page_755.html","382","BBF45E9B86A73B312BC130B123C816C0AE361FE1883047FA0F1ABBAE8FC33333"
"references\research\fc资料集-v1.16\page_756.html","382","BBF45E9B86A73B312BC130B123C816C0AE361FE1883047FA0F1ABBAE8FC33333"
"references\research\fc资料集-v1.16\page_757.html","382","BBF45E9B86A73B312BC130B123C816C0AE361FE1883047FA0F1ABBAE8FC33333"
"references\research\fc资料集-v1.16\page_758.html","382","BBF45E9B86A73B312BC130B123C816C0AE361FE1883047FA0F1ABBAE8FC33333"
"references\research\fc资料集-v1.16\page_759.html","1337","CE10044E43F7A759639F308CD8A18992DEBEFCB88C4EC57F5601CCBB48503390"
"references\research\fc资料集-v1.16\page_76.html","399","E035C2BA57BD64C14CA8DA71C5A24157D60C09E58DE500085F581873F853AAC5"
"references\research\fc资料集-v1.16\page_760.html","380","753C2566266F0CEABDD7A39C7D004838A4A6FFBD0CBB7A855C390E3BB3E0BAA2"
"references\research\fc资料集-v1.16\page_761.html","384","09A39AC1C1938E9582AC1EF48C8B6B7115BF9B5C2807959153E0CA4C8E272A79"
"references\research\fc资料集-v1.16\page_762.html","386","2C7B13047C882869BDC0D92EDB31B04E6E0BF2C1B460C8D199F99A02B8A663BE"
"references\research\fc资料集-v1.16\page_763.html","1634","787DC55E7F3C7FE0B8721807E2277C41BCBC82189AAB1DCBB09DBC8C399636F3"
"references\research\fc资料集-v1.16\page_764.html","643","0A4D9BE102DF066BE861FE6ADDDEDA386C9BCADCFC581A444EAD0CD97CFC0150"
"references\research\fc资料集-v1.16\page_765.html","519","CA5C5B5651BC4D42FD18025AF8873802BFD85D417FA0E7101B35728AA9E00D56"
"references\research\fc资料集-v1.16\page_766.html","713","A43241F8813C47C131131F0B61A4C5804A639F89A413CBC5DA655B6E8EBB5A7C"
"references\research\fc资料集-v1.16\page_767.html","5426","4DC989D037574ED1BF651BA97F6CA6D25AEB7973C107444F2B47CB8C88E43B75"
"references\research\fc资料集-v1.16\page_768.html","2548","EAFF0C63A08395F21FDF7547B41FE88811052C088499BC70BCBD0A2C5966AEA1"
"references\research\fc资料集-v1.16\page_769.html","14309","F01E16B312F5F936E29847B682C779C455678836B4646B9E44D6A28E98DA8A33"
"references\research\fc资料集-v1.16\page_77.html","8136","5977EC8AAA583995B005D383A0017D612DD71548A1465142C51463E67171D5B0"
"references\research\fc资料集-v1.16\page_770.html","14707","7E04416812780B3E2B9E8E2FCB30469109591C41F6586D160097EF3E227E062D"
"references\research\fc资料集-v1.16\page_771.html","4841","085BFC92B411B170D6A4BD7E4B86BAB04CACCD807C89DF30DD5D5A868FB5E942"
"references\research\fc资料集-v1.16\page_772.html","3228","B60491ACD179D07225301F28F724451E7B23EFB94F4EE9FFBA2D131521EBACC5"
"references\research\fc资料集-v1.16\page_773.html","4543","159978ED0658555F59DB3F508A8CC5BB2455FC51A1FFEC0EF98ABFAC88947926"
"references\research\fc资料集-v1.16\page_774.html","4072","3DED3C8F967036B1B2F7AEF47D01497A772D63EE38D70C613C4263A7EE239727"
"references\research\fc资料集-v1.16\page_775.html","6397","5F9B08D62F7C2417110C81226CB0ACC4370A262A0C668F159F495FF31A0D4CC0"
"references\research\fc资料集-v1.16\page_776.html","10415","1186C01A8544358007A4AD8DF2076F2A7128FDFEF707F9C17804B600766F5E57"
"references\research\fc资料集-v1.16\page_777.html","11619","94BCAC59C9B25BE6F71BF9B274E1EDBC9D90740895066462BA748E6A2342BAC9"
"references\research\fc资料集-v1.16\page_778.html","6239","4402C8598523AB1278DA0DC13AB1B50DCF1AE091A26ECBBB75326C4E5B2BAACF"
"references\research\fc资料集-v1.16\page_779.html","8569","02834CD33C180B7EE977838D1FCA19411211671056E850E9FB475B79939B8BFA"
"references\research\fc资料集-v1.16\page_78.html","861","0E2D050BC508386D34408CBAB067B0F01A27AED87D86564DE6D525A695CB4814"
"references\research\fc资料集-v1.16\page_780.html","5858","22B72B188619435C9775BB21D2481AD9AE58BD18BC4D07C1F0A67145F169AB64"
"references\research\fc资料集-v1.16\page_781.html","3010","950F95DDAD632EEEF377ECFE2D48C8FAD5002FC15A56094F7D8C7D00840E3990"
"references\research\fc资料集-v1.16\page_782.html","2132","D3AD203BFCF813488A6E0780DF760B7A34D65E7B5CF0C12B6DFFCE0DA726C82C"
"references\research\fc资料集-v1.16\page_783.html","6489","0AFD40513029FE284221781A27139CD88732B062E685A4DB51F00D232F708946"
"references\research\fc资料集-v1.16\page_784.html","6314","BD63D0774206CFEAF452A5541A08EE523FDFD368F2EAEDEC6E9D303D4A7485F3"
"references\research\fc资料集-v1.16\page_785.html","380","18FE1B0CAD235ED3D445B1E6397BE2BDEA0FC0135BFB97ADC3F51FFCC4F00BD9"
"references\research\fc资料集-v1.16\page_786.html","390","2FD29F746919E856D93A11505EA5B9A93F6E597A953FF41A68EE6C1C60C6A857"
"references\research\fc资料集-v1.16\page_787.html","380","EE8A31F541B3822B5E34938F8F476AC621027944CCC2BC74CC6B4B4A40448301"
"references\research\fc资料集-v1.16\page_788.html","1068","C10D1946FBDCAF25F4DB6BD5C693F85989FD95638597BCD4123E968339CCD624"
"references\research\fc资料集-v1.16\page_789.html","382","303B0058769730433A3FFB81A85686974840D711F1803503EA6E6E19E89941A1"
"references\research\fc资料集-v1.16\page_79.html","382","18FAA54CDA5745BF01AFDEC32E69985BFCB1558AE1132BAEAA9B9CE7BEC04F0C"
"references\research\fc资料集-v1.16\page_790.html","3742","7451A3EB246C267CA0F13BA4ADC6E2E9B7EC6A1312DB23CDD528ACE46691BD31"
"references\research\fc资料集-v1.16\page_791.html","399","6AA25E2752F0872311EF39F79DE03573B41DEBFD3D1B5EDE77D392A0FBC6AB4D"
"references\research\fc资料集-v1.16\page_792.html","465","DAF478DB158B3DF17D9DEFB3DA1E1943DBA439C17780E4492DEEFC44EC6AB22E"
"references\research\fc资料集-v1.16\page_793.html","1851","1C4B09DF21BE1A8D38FF54F604E10CE31D65A6BFD4B93731D7BDEF4E4032ACE9"
"references\research\fc资料集-v1.16\page_794.html","940","D15CA2769BA57DD7FDA946F1AC11FFC89FF418236B6BD278F3D7B6FFCE8ED9E3"
"references\research\fc资料集-v1.16\page_795.html","384","5A2069F24A266BA8BD2DD5C3B93828D931446B228E196EA497049A0804F41556"
"references\research\fc资料集-v1.16\page_796.html","568","8B881F5838B7FC6E3070AF63DA8C3A335287031A00445DA878DA006BE86F5383"
"references\research\fc资料集-v1.16\page_797.html","2092","2DB134522F920CAFD217F160F996F49B8059C19F94C391DC7030237342117024"
"references\research\fc资料集-v1.16\page_798.html","13502","D0B3352AAAA1EF89CBC023D768C29696C578F3AC184BB6F52195562A1DE60337"
"references\research\fc资料集-v1.16\page_799.html","15229","7CEEFF720B33DD1F6505BEE6347848492B07B9475101725403B7468B08BFCFFC"
"references\research\fc资料集-v1.16\page_8.html","382","1B5F6BEE2F580F66178346C30F19CBF80F6DB961D657E250E9F63D2CD1F9C4C3"
"references\research\fc资料集-v1.16\page_80.html","382","23AAEE8C50CF2269077B2ACA54D82ACA532701BF54F739D2E2D984016F0E34E5"
"references\research\fc资料集-v1.16\page_800.html","22327","AC3C2353D123BB43E5D78202B3DA632C7D554222DC9757405F4430C5385ED372"
"references\research\fc资料集-v1.16\page_801.html","7622","E49C41AEBD74CC87C20B2ACFD3619A9E3B706835CA55CF5409D789C22FA68178"
"references\research\fc资料集-v1.16\page_802.html","417","A5AD1243B79F1A38B898C37170B704FFC1ABE29C5CBCB86D6B7CB0B35848129D"
"references\research\fc资料集-v1.16\page_803.html","388","BB2C144EAEBD815E8991CBEE6A24B57B539444D4C03694F076438525F01E3B95"
"references\research\fc资料集-v1.16\page_804.html","646","9B6113318BAE207D7EBC54F458074A443099142DCB56F387DA84FA8065CE080D"
"references\research\fc资料集-v1.16\page_805.html","22171","C11DD17DBB4F2B63F498ECCD3F33F46CCC23589496D93D5ABD5D28453AF455B1"
"references\research\fc资料集-v1.16\page_806.html","652","76499D38A2CBD11031909BE82311F2BE28BF750AA8E9EDD8AD67709D19C09E95"
"references\research\fc资料集-v1.16\page_807.html","1489","2B576C517885E23FE36C388EBB0E40DA78CB29CEA46D2770A2F677362A3F124F"
"references\research\fc资料集-v1.16\page_808.html","1776","CCBCE1EA3F6C150E1E9E7950FE8BA460FC76FEFDB0364D8B40267D948A7E332B"
"references\research\fc资料集-v1.16\page_809.html","564","976AEB3B6B94B9C9CF7D5F9C78F4F803835A8806FD7949801833C0BE1A051358"
"references\research\fc资料集-v1.16\page_81.html","864","289C3DD457A0BDC9521CE708A7A8BD9DDA25AD96F82F7DFCD5B367F263407EDE"
"references\research\fc资料集-v1.16\page_810.html","382","BBF45E9B86A73B312BC130B123C816C0AE361FE1883047FA0F1ABBAE8FC33333"
"references\research\fc资料集-v1.16\page_811.html","2107","1AFC172954469659491845106449CC5145FDF0A3CC2A6865E11917990FDDDCB7"
"references\research\fc资料集-v1.16\page_812.html","554","A1B9EF4737C713736D6B1739758903D00BE4F9B8A305AA875D8F7C41BA21A310"
"references\research\fc资料集-v1.16\page_813.html","382","BBF45E9B86A73B312BC130B123C816C0AE361FE1883047FA0F1ABBAE8FC33333"
"references\research\fc资料集-v1.16\page_814.html","1074","7C274BDBC09B705C52349F150311B4DB1E0B01D6055EA14E0E518C124F6E4291"
"references\research\fc资料集-v1.16\page_815.html","608","209C61C6475DECB35BB44C686DD895CC24287FBCD08522C7E61DA50B6E58D0B3"
"references\research\fc资料集-v1.16\page_816.html","4897","34916F5D4B104B00A036F72BA95332599E2157F0F1B750536C9EA1D9D6BA9B38"
"references\research\fc资料集-v1.16\page_817.html","827","9C94AB691B1F697D65CE163209DCDE5B1251E8EF4FC455D8A0E9060B08B2B5AE"
"references\research\fc资料集-v1.16\page_818.html","926","F8515706626BE06A82E5CDB320092394EDC465516B658E601DC855EBB1356BE7"
"references\research\fc资料集-v1.16\page_819.html","1986","A6ED25A6DC131C99F69E65819CF92AFF62F4B6B6C2AE3C4901FA7FD9642A5357"
"references\research\fc资料集-v1.16\page_82.html","2077","47CC288D8EC0E89F3892CA63C83B95D204595EA0A0295398A57F563A8C97CF06"
"references\research\fc资料集-v1.16\page_820.html","4416","241030561150627D6A92EDB4455D24B1EF0ECBB4E6FF635AC633EE044AB89D2A"
"references\research\fc资料集-v1.16\page_821.html","621","EDCC05912D1B6D805D799FFE5DE750D50217221F4A4BDF7F65C85C8E718B0586"
"references\research\fc资料集-v1.16\page_822.html","1506","7C476F62080B3FC8B3988784199B3556CD7E7181530B7C599E455CA59FB236C2"
"references\research\fc资料集-v1.16\page_823.html","850","8DBB9B14B9353FC002DA69343215CCC4388D7786F8504BED8351DEF9F999ABB8"
"references\research\fc资料集-v1.16\page_824.html","2536","BE295707E74D23B894155D1A3ACB29C8BF4454F843785C26DBD78A9609E3C548"
"references\research\fc资料集-v1.16\page_825.html","698","325099ACD1D715AE5F0785A596FE0685115959E1F96F7F3AC0B607E8AF9D4813"
"references\research\fc资料集-v1.16\page_826.html","622","BA07D3DC67E7026CEA4DB41BACBB1CD4776F2E3ADAC5FFC75E53A54DEF7FE76A"
"references\research\fc资料集-v1.16\page_827.html","457","BB7E6352107D511C28C099CD3138E648A7EEC783DBD2F134EF61D1EB1EAA0877"
"references\research\fc资料集-v1.16\page_828.html","671","EA7BD884BDA79439D2B461BA89C475B433377C59C4373E284FB7E8FE1550BECB"
"references\research\fc资料集-v1.16\page_829.html","1011","51DC348A757BA6F0850A12B5F97B322F63349409C981EBA93A27026743BC971B"
"references\research\fc资料集-v1.16\page_83.html","381","FB81A6B6ED9909A83533E3E2B3BF6B0F3C127D8AE3D4C2C1490A325258BC5696"
"references\research\fc资料集-v1.16\page_830.html","1056","4677B6BB017247E45EA8361B92048ADED56B71640230E46F2BB2C12FD9971397"
"references\research\fc资料集-v1.16\page_831.html","1865","5F946D383AF210988E832A6644AD9BD2A6BE3A9E8D7C7F3AA23798DFD5135647"
"references\research\fc资料集-v1.16\page_832.html","837","308CC7B4146D534FBB5F6279022CD4B714165894A2F25F7B13B56E600A5D475F"
"references\research\fc资料集-v1.16\page_833.html","552","01F808C8F84BD57F1ECBDDFF8EA4D653EE71848DC5761526F942114DBD6F35D0"
"references\research\fc资料集-v1.16\page_834.html","714","CE5B881FEC512DA58712799742543CD0CF3F78B90C902B9B6303B2B65D634303"
"references\research\fc资料集-v1.16\page_835.html","12578","E10928341383875CEBF1F21A8E22D9D52AC4B460DF6F85C0DEC28BAEAE70623F"
"references\research\fc资料集-v1.16\page_836.html","13416","38184EB85600890C77A956EAB458AF8FD12D1704768E3274701132523E5C6354"
"references\research\fc资料集-v1.16\page_837.html","2420","A7F4AEEC637DF12E384CD87E99A55668C5C398D5B82EED02A3ACACE6E2601AA3"
"references\research\fc资料集-v1.16\page_838.html","554","9D4F85BAE1B38BA73968A8A3F122BA2E0DCDDC29CED6DD3F26688940D0819BD1"
"references\research\fc资料集-v1.16\page_839.html","554","B508D0A768889068910AA8CCD027FE095FAB652E6AABE8492816D14BDA99B98E"
"references\research\fc资料集-v1.16\page_84.html","439","A2365F153C616CC38CE01137995434294CA70E2200B31A73157623B3AFA06CDE"
"references\research\fc资料集-v1.16\page_840.html","551","54604460FF404A381851A8E7ECABA96FE6203DE9BA752DBDA6A810C8D36DC5C6"
"references\research\fc资料集-v1.16\page_841.html","554","EB517CF0BB367B25E8BA3F54BA17E1441FC65BC519C00C0EA7E6F27B7F5D39C4"
"references\research\fc资料集-v1.16\page_842.html","551","B0250954190814B2F7B407100A1259BA4396B2B7D6894182A0E9D7A73BFE1AD8"
"references\research\fc资料集-v1.16\page_843.html","762","1C88F5CFD3703B570C28C26915E7A21432C9846AA4F99916FC8338356ED69B9A"
"references\research\fc资料集-v1.16\page_844.html","551","9F017B136ED71F38481564977F51BB89A566D68BE0FEF8250DAF034AA043F2CB"
"references\research\fc资料集-v1.16\page_845.html","551","7415C634406F4A135B5F44EAF8A5EA8590FEBEEAA09269EB0445F9CF34D9714D"
"references\research\fc资料集-v1.16\page_846.html","551","0E9C014E7A328ECCA407314BA88FEAC890DC855463EFA87B85B84CB5C8973639"
"references\research\fc资料集-v1.16\page_847.html","782","07CC1E0107B4169063C51FF9C417C08F9B77C9526F8A7E5CCB25EC4E64BFCB4B"
"references\research\fc资料集-v1.16\page_848.html","380","F43CA9847D19D7E4F96C121697648F74F47E2B2FDE72DB04B0C102F4FFD43370"
"references\research\fc资料集-v1.16\page_849.html","11561","27740CBD55FF93A40830B0687616532DF510D2C4FF1CCBC2B6063CBCBB6DB5CE"
"references\research\fc资料集-v1.16\page_85.html","4538","A26C9EF8B16EB1652481EA8EEBA78541D55E4818D7B15E39A9DD0FA71DB9B976"
"references\research\fc资料集-v1.16\page_850.html","109543","FDCD0FC6D3627AED6D09AC661D49582CC58B1CE82B7CDB53446BED7CB2B55D37"
"references\research\fc资料集-v1.16\page_851.html","388","650FC330761CAF5C21F328B192DBC8566009D3A10BDB9CFE9EBB8EDAA29D920D"
"references\research\fc资料集-v1.16\page_852.html","384","0D83673636940FC189378C09DD926AE0DD4D8098C5ABEC883137CFDA64AF9143"
"references\research\fc资料集-v1.16\page_853.html","1416","E7F6AB2B4D28BDE662AE508EF453E0D2BDF9AD7A39FD6F8DDB9BB328DCA65EBF"
"references\research\fc资料集-v1.16\page_854.html","439","78E76530A9D73F0C61AA959FD95AD9DBE6D2517C51A771CAAB8B1642B07FA9C6"
"references\research\fc资料集-v1.16\page_855.html","529","B8F3190BF66C88AEAD7417B52DF511BFC6F671800CDB0F7A86DB9E92DFDE6322"
"references\research\fc资料集-v1.16\page_856.html","907","E6D0076547FD12EEA78BCC30D55CEC4E7EC9D6C04DA2D800B46A266539F0EAC9"
"references\research\fc资料集-v1.16\page_857.html","564","D6110BE2090BEB5C4EF9E3A49C1F42C8212985E43B86016C3014844E7FFCA114"
"references\research\fc资料集-v1.16\page_858.html","487","B88925EEAB316C1E5AD7EFB71E6D506A9163DDFC0AE90FDA6257751EB2F0C873"
"references\research\fc资料集-v1.16\page_859.html","438","0DA668B9C970073470B832AF599D73C189BFF604805BA2B631A4CD7250DA1AF9"
"references\research\fc资料集-v1.16\page_86.html","2002","BEDE8729B2401B31A4BE9B9F6913D50B5CCDA31F321100ED6EAEC1CECB194FFE"
"references\research\fc资料集-v1.16\page_860.html","516","37CE0B18FD19206AE373B28D3A52B2617DD84196EE4F73D0D50E8E9A9942EE04"
"references\research\fc资料集-v1.16\page_861.html","633","4F6FA78BEBBE3F5EBD59DB3F21087C2BFCC71B87CB86CD41191AD01628E99BE3"
"references\research\fc资料集-v1.16\page_862.html","418","741A7EE024E1E58A507447C286732FA660EE3877B8D05930291F6F1710497F99"
"references\research\fc资料集-v1.16\page_863.html","588","F3BEE8AFD17F87FF0353DBED2B495D8CA8FCDCBB55BDD90A0342BAE6E15D05C6"
"references\research\fc资料集-v1.16\page_864.html","554","A7711512D769A9BF62FB17FC5B499949BE4D666DE8D81BFD4C19577886115143"
"references\research\fc资料集-v1.16\page_865.html","583","F883B3D5441E0EF1CE321B5E4105C85852F8D77FBFB49B233EC926B1C64D1C77"
"references\research\fc资料集-v1.16\page_866.html","582","657DF246606A4921E0DB4F39966EDD9E6CB18502514B4AF41CFA60A4D430020D"
"references\research\fc资料集-v1.16\page_867.html","630","495095EB32AE0D432C5D2E1DB30026089B2611619B66AA30F8CB193198BC1110"
"references\research\fc资料集-v1.16\page_868.html","673","6EFF9CB6D6BAC666E342BCDC469D4406FFA83FD0A3F94F161A6D0718CDB0CC38"
"references\research\fc资料集-v1.16\page_869.html","515","39FDC8BB2F088007D1CFB7993AF5030905A31EDBE82A7A6A032CFBC9A6005509"
"references\research\fc资料集-v1.16\page_87.html","1885","1D3E14A2CD0E3EF66F6C70615AA33B168A00EF4E10462118E5766D4FA3A48E1A"
"references\research\fc资料集-v1.16\page_870.html","1041","539B134C6655744254ED67AA741E18364112A3609160457894DFFCAEC3D470BD"
"references\research\fc资料集-v1.16\page_871.html","554","391CB763AE7FDE0C5268098B9F33D7603113ACC1E1B16FC763272915EF11F743"
"references\research\fc资料集-v1.16\page_872.html","509","65E8C322B09EE0A49A9CD7D08F383C391F118E766393F0DB316927EC8518888E"
"references\research\fc资料集-v1.16\page_873.html","446","6486F9CB5F35AD39DAF1BC3A60E8E1DCD8E891696A1286E52A8E9D24FF93F27C"
"references\research\fc资料集-v1.16\page_874.html","503","FBCE258EDCF2947CDC70B95106917C8DF38B213A7B3631BD5521174B94096B4C"
"references\research\fc资料集-v1.16\page_875.html","673","BA0685165D0C30775A2D2F3D1DE901620CBC05E0D0927084329AF066870AB4F0"
"references\research\fc资料集-v1.16\page_876.html","466","2906690C674367515A7E346E50EB84F0917FB89E3E087B9F99AFBE11B9FBCBA4"
"references\research\fc资料集-v1.16\page_877.html","678","BD995BEB35184E3BE30030CC059D04CC4427CE0608226014BE9820FFE1D2EC4E"
"references\research\fc资料集-v1.16\page_878.html","766","D73EF09BC18583BD19AA7A9A657E38E20C6700BF5C63018215ABCD18416ACE45"
"references\research\fc资料集-v1.16\page_879.html","603","7EB80EED80A4B2820E8442795B3CE76623DA408DDE197A00682A34F8B4BD78A3"
"references\research\fc资料集-v1.16\page_88.html","380","3C6581D18E7F3BDB445850031BD66468E3C80A8520DE16F9670A79ED70588FB1"
"references\research\fc资料集-v1.16\page_880.html","607","EA04B40C0AD86E71889741BDFE4F2DD51311964C3C8BB9D99F12AD24BD6A0817"
"references\research\fc资料集-v1.16\page_881.html","506","883287E14AA0BDBAD833EBC51F9D2B3B6F5D84587D29F2C873E2F4D55022DBEC"
"references\research\fc资料集-v1.16\page_882.html","565","76003C2BEB7C3655D236305FEBBAF8B05460B6B891309A336A8D876A9E966681"
"references\research\fc资料集-v1.16\page_883.html","794","9D811132CA9CEBDB2F5CC1D5C8C15B9E03470E2483362AEE8FE5B4A923C41337"
"references\research\fc资料集-v1.16\page_884.html","529","A0F52C7471197FBA5493AB074C012FB67A1D6916DCFFE9AE2798F8BE1DF170B4"
"references\research\fc资料集-v1.16\page_885.html","1192","A9FFF264E001DBE7576B137AB18AD8DF2A5D8996F2ED757E407B7BFA32CFE96C"
"references\research\fc资料集-v1.16\page_886.html","538","3CF1C72896F3848606F2A4652476BC2C01DE5518121DED09543E2BD04B4BD148"
"references\research\fc资料集-v1.16\page_887.html","1023","84272BB47D74E95EE8AF351D118C21EC8B58BB800E82AE89B82820563242E3E1"
"references\research\fc资料集-v1.16\page_888.html","5137","EB38C889BA6363BC1C6B6D3E03652E758B3ACBD336DA912FCEABE49293B11859"
"references\research\fc资料集-v1.16\page_889.html","4792","DDA995E78BDF774CB663E2AE0D3BB5FA01A7480DA4829C86A395D486187C4361"
"references\research\fc资料集-v1.16\page_89.html","382","CAD2E65DB3F28FC1451566F6D71C39E59E770D4736E9DA3CCABEAC830029BBE7"
"references\research\fc资料集-v1.16\page_890.html","5871","4D3ACD054ACFBA646B0B34299EAC8AF49965754E8F5B4F403AFA503C807763EE"
"references\research\fc资料集-v1.16\page_891.html","3284","093EE2D5B55AB6F3D2F3C0B4706ED08B7D6DF4661C0E477922B6C2AE3444A7EC"
"references\research\fc资料集-v1.16\page_892.html","4432","C456E088EF7B98CF42A7E5D1DA08E31ED52A408151D7EDED8A842F05998DE336"
"references\research\fc资料集-v1.16\page_893.html","4590","F115E5FBBB23ABB234D0022870C8889970C86D746795D393AF681173FA664FE3"
"references\research\fc资料集-v1.16\page_894.html","4334","F8788DFC08DF16F62D6F4C07AB66B102E66788696FFFE8516C375461009B94E1"
"references\research\fc资料集-v1.16\page_895.html","1244","A6B98DD01B8580BE2341C8EC6E96ED4659AB0098037DD56C39DA34CB1B629DC1"
"references\research\fc资料集-v1.16\page_896.html","4191","DCF85B955C05DFD32E4714C674499DD302234248970A9FAFCD40FB58CFF5F6C1"
"references\research\fc资料集-v1.16\page_897.html","9509","87A8F0C0619DAEC2DF8207C2C772D75E90F599489C4C904C2828E098F06C3E50"
"references\research\fc资料集-v1.16\page_898.html","6014","3D741D82927792944DBDB8D47D71CFB24595984E1237A75661CD19445103D38D"
"references\research\fc资料集-v1.16\page_899.html","5427","A58F63A75EB59D74DC5342A86F9BF55CAF1175A4F1B97014DCBE400107418935"
"references\research\fc资料集-v1.16\page_9.html","375","993CE8E387DC6234F132754AEDD9412636967C338C99A3EE7DC193F93594F740"
"references\research\fc资料集-v1.16\page_90.html","378","EFDDB873F6469A822C9297103302D6F95CFDA6E254C30A50175EB4D6C57ABF05"
"references\research\fc资料集-v1.16\page_900.html","8619","B3C5EC1970580E576D7EB4B95B5442601138B43F8CC6E7B6FDAC08D9B2298CFE"
"references\research\fc资料集-v1.16\page_901.html","9117","5679606FC998ECE6247A94E9E150C5990CE47D06286DDCF7B8B8DEEC6FAFD4B3"
"references\research\fc资料集-v1.16\page_902.html","7398","361E6EBA5FCB347E90F36A8F4B41A35ABAC2B0AAF4C9D41FB7B3C1AD325AD918"
"references\research\fc资料集-v1.16\page_903.html","8798","8B323A759956DB1F6C71B90FBB93DD4DB7292A2BAE3FAECFE3D07375CEA8BB5E"
"references\research\fc资料集-v1.16\page_904.html","4865","A0E0BC60B855791824F4BF26198E9E641BFD521D4FCB79C3D99D242252C710CD"
"references\research\fc资料集-v1.16\page_905.html","5314","87AD44F519F9B44238B1023563ABAE255183E5C4B36CDE770B78C0A5289BB11C"
"references\research\fc资料集-v1.16\page_906.html","12436","9D19F9E18413A19468A48C06D02F4EEDBBF9207A56395C88ED02E705B92FDDE0"
"references\research\fc资料集-v1.16\page_907.html","6006","AE9FD9E5C0BF673C6811A3035D8893B9F7E757E1A42A36FA1C943FB4F483B818"
"references\research\fc资料集-v1.16\page_908.html","5570","3D13769AF3ECB176411F66B66157545A19A28B481C2066B7962B0B0AE201934A"
"references\research\fc资料集-v1.16\page_909.html","4734","2BCC3B430967D5434F0291395CB8574927A1B63384D99A331B288D8F7C60B8C5"
"references\research\fc资料集-v1.16\page_91.html","376","BC260AB9896F782B766B9F217FFBDB26B687AE273150DD468B99BDF851C045B5"
"references\research\fc资料集-v1.16\page_910.html","7589","6D62F48A052D3BC83B9204092426BD3BCEB39ABB7158D515D4FED4A22C75FEF2"
"references\research\fc资料集-v1.16\page_911.html","8489","FBD37DE96E5F19C21EFD2D0B49A8E976B2AE0A43EBF10FCF4E336EE66A893692"
"references\research\fc资料集-v1.16\page_912.html","5568","0FA0FA7BC7D76CF92B18EA968E9EEDAE4A430F4277D41E1E7DDC9ACEA9A62E79"
"references\research\fc资料集-v1.16\page_913.html","8472","59E311E3AAD9861F21288150EC6E7AE0E1A1C5A073870A08B30EDCD1493FC7E3"
"references\research\fc资料集-v1.16\page_914.html","3868","A17D22F4C73304B7A5702AE6810C06836A5CF36A32372F06EF4C177A5F23F3D9"
"references\research\fc资料集-v1.16\page_915.html","7770","62416ED0CAE9FF84DC93145440EEF942A26C5F5362F76CF11792A56D9162D401"
"references\research\fc资料集-v1.16\page_916.html","15316","CC9E94C0B3D7E4AB81551AB4DEE3F87DCD311AFD1DF3323699F8A699A7B50984"
"references\research\fc资料集-v1.16\page_917.html","5847","D8509A1FFB5D5877A21A6A5C59FC7D26EB7D3BD43D59547C061DDCB60BB801A9"
"references\research\fc资料集-v1.16\page_918.html","18027","9E8B82DC9BFDFDE053F5FB8E1D9574D8DF959360B603606766DB8EB711FD60BE"
"references\research\fc资料集-v1.16\page_919.html","7513","0C5172334E3A2BA162F49FE7F493EE282F9452842DFA303BF03BC6FD7430B08A"
"references\research\fc资料集-v1.16\page_92.html","380","B2785376957FB56C2001B86A7A475FC8FA6076837B7DFC3D7E30C316617F23C7"
"references\research\fc资料集-v1.16\page_920.html","6775","FB7A42C6CE3D7F5A7A7410816E91F769DB62C3C0EA45E5A4290329985FF25189"
"references\research\fc资料集-v1.16\page_921.html","2224","D320CF1F960764D33F52290F1DEB0232D404E45B5EE2EA5466C933BDFE42B44E"
"references\research\fc资料集-v1.16\page_922.html","2359","B223A0CFC23F1308A649B178B9ECA694B87508C189B4685C73B4AD3935494FE9"
"references\research\fc资料集-v1.16\page_923.html","380","368FB8276D65AED4C597733B16C6CB7D5EC2ECE1CB1032EB47BEBBBD9F1F1268"
"references\research\fc资料集-v1.16\page_924.html","481","9093A0352C630C529BFA5113EF0C837B974799E3C8949694BB2C77B27EAA0800"
"references\research\fc资料集-v1.16\page_925.html","532","46D9022C1C242C8FBCA0D7B205BA9CD14E4D9C233F9F7150F9DF6CB873DDFD20"
"references\research\fc资料集-v1.16\page_926.html","1375","06CCE0AB4C0F7B09746CD5272175797D562E14DD2AAA0F3B52E7C5D37AFE5F23"
"references\research\fc资料集-v1.16\page_927.html","2229","A0003A6DC3191909D2E464C546632F7C95D0AE20438F062DFD972A14BA90B615"
"references\research\fc资料集-v1.16\page_928.html","3133","60D24F8163BC11191069937E4F82590D6885F126BFF333131D602AC3F632E709"
"references\research\fc资料集-v1.16\page_929.html","5090","0793D730E5C1AC428996C06EA3877D2FCD8C1F6995561210BA384CF86B6B0AD7"
"references\research\fc资料集-v1.16\page_93.html","2884","2358AF14F7E35DEF5D271217B3C1A9C1DE8EFB6C0333D1A2AE4059B36101C950"
"references\research\fc资料集-v1.16\page_930.html","5227","EE5D5CD762A20D965B85AED4FB2D85EE2F6031B83CB0EE171FA3DEED9480FEBB"
"references\research\fc资料集-v1.16\page_931.html","4571","59D68E7FB21E4700B7722A68D402EA639030C00BACEFB92D947AF73B9B71EC05"
"references\research\fc资料集-v1.16\page_932.html","3102","14489723C92E8001823E6E6E8CD335F458CC3991DE5831E0944190F37446A5DF"
"references\research\fc资料集-v1.16\page_933.html","1853","26E7BEAA801C398C55AE17C73AF7461A9A72763BB6FF073EA8DC9C65A7F043BF"
"references\research\fc资料集-v1.16\page_934.html","1923","693E11C504475D313FEF9630E328238560F4AAF1209FA74F8ED420D9BDACD070"
"references\research\fc资料集-v1.16\page_935.html","1758","7FF51955EC02775384AB76DDBB7EBDE9628259DFB3F53E128FA0D71AFFBE9585"
"references\research\fc资料集-v1.16\page_936.html","2543","8EC1AB0DE5D5D09457E1F7FF8577C049CA0B46E4C0E754F1DFAC92AA0D819F2C"
"references\research\fc资料集-v1.16\page_937.html","3419","6BBC57925089922618A2691151EB520CF83E1040004690697C8DA23DF964A4AB"
"references\research\fc资料集-v1.16\page_938.html","1547","EEC7E5E45DD74208021FE4003537273857FBFDE63B47DCE66B8862E3C9409BEC"
"references\research\fc资料集-v1.16\page_939.html","4735","7677C1AB6EF4CEA53C311BF2E872F4C517A51F47114AAD21462EA623DE6F3197"
"references\research\fc资料集-v1.16\page_94.html","4032","1204262DA8AB968778950D42105FA5043144CF2A9FBE14EF17A993F25180DEA0"
"references\research\fc资料集-v1.16\page_940.html","1087","8AF42A313AB14F2348100CB416629EF665A9195986A8D703DD7E57A88F9959DC"
"references\research\fc资料集-v1.16\page_941.html","380","18FE1B0CAD235ED3D445B1E6397BE2BDEA0FC0135BFB97ADC3F51FFCC4F00BD9"
"references\research\fc资料集-v1.16\page_942.html","382","BBF45E9B86A73B312BC130B123C816C0AE361FE1883047FA0F1ABBAE8FC33333"
"references\research\fc资料集-v1.16\page_943.html","382","BBF45E9B86A73B312BC130B123C816C0AE361FE1883047FA0F1ABBAE8FC33333"
"references\research\fc资料集-v1.16\page_944.html","382","BBF45E9B86A73B312BC130B123C816C0AE361FE1883047FA0F1ABBAE8FC33333"
"references\research\fc资料集-v1.16\page_945.html","382","BBF45E9B86A73B312BC130B123C816C0AE361FE1883047FA0F1ABBAE8FC33333"
"references\research\fc资料集-v1.16\page_946.html","382","BBF45E9B86A73B312BC130B123C816C0AE361FE1883047FA0F1ABBAE8FC33333"
"references\research\fc资料集-v1.16\page_947.html","382","BBF45E9B86A73B312BC130B123C816C0AE361FE1883047FA0F1ABBAE8FC33333"
"references\research\fc资料集-v1.16\page_948.html","386","BAB3595436F590CF54B243F687FDACE63D5636FB6C4D811A7FD65DCD0B1D32DE"
"references\research\fc资料集-v1.16\page_949.html","376","C626D8A9214FE7157E34D521860728D93F34E677A6D367AAB5877FCF00DD042E"
"references\research\fc资料集-v1.16\page_95.html","952","835B184AFC7499500D31D83590B78B7D837D8783C926307A6BABFF768529812A"
"references\research\fc资料集-v1.16\page_950.html","398","3BA401C37861F8335E75F27F48DB2CBB94946CA3E38110CC9FA27A06705AE76C"
"references\research\fc资料集-v1.16\page_951.html","4187","9189EF7736CBD40E80D575599445B2CEA88A2ED9E7C986F024E8F8218867C4F1"
"references\research\fc资料集-v1.16\page_952.html","387","055E45585A3487E3D320F65F9BC53D1EAD381AE4BB88F8C01EA14F776E6B805D"
"references\research\fc资料集-v1.16\page_953.html","408","E8372253362E2F191E40599D9E82DC4E619E2AF0CB526D5707FE5606F2E295BE"
"references\research\fc资料集-v1.16\page_954.html","670","5C2B8086BED1ADE2844AE5B33EA6CB7DCDB4F04001EB2A725A594AFBBD94A1B7"
"references\research\fc资料集-v1.16\page_955.html","387","8E15DB8AADB945A8CE34104EDE637D9BE7AD5EAC72F875CB1DA9FB82872A37EF"
"references\research\fc资料集-v1.16\page_956.html","387","8E15DB8AADB945A8CE34104EDE637D9BE7AD5EAC72F875CB1DA9FB82872A37EF"
"references\research\fc资料集-v1.16\page_957.html","433","FD7BD2942C2E73A256CF9216828BAF7315E734ACFD47499C41846569003D50D2"
"references\research\fc资料集-v1.16\page_958.html","420","28803126891F51B13BF4E185AE7002E6AF8DA299A20DA565F35B5E67334A49BD"
"references\research\fc资料集-v1.16\page_959.html","436","6CB8EEF5D2B7F62D86EDB98D82A5D3232509E4D6855B00349CB23C7400E37E41"
"references\research\fc资料集-v1.16\page_96.html","1206","47261BC7D5256533056713F3FDE71CBFADCFDA6EBDE128407D5280169929629F"
"references\research\fc资料集-v1.16\page_960.html","384","AE406D10263399CF5134B7B7528E711E4AFD46D19F8E542A39E482C7B843E1BD"
"references\research\fc资料集-v1.16\page_961.html","383","0C525C75A87C3D73411FA391DA509F4748863776680794C16505CA775CC8201D"
"references\research\fc资料集-v1.16\page_962.html","383","C623D99036EFA6C9F3F42D29362EB88A65D9E5A5A21FCEB2D17D9B0594A0E78D"
"references\research\fc资料集-v1.16\page_963.html","383","087A010B6BB7AECABBB6909E8F9A6342E963C0626032D4153CC837B5C11F9012"
"references\research\fc资料集-v1.16\page_964.html","383","0C525C75A87C3D73411FA391DA509F4748863776680794C16505CA775CC8201D"
"references\research\fc资料集-v1.16\page_965.html","382","BBF45E9B86A73B312BC130B123C816C0AE361FE1883047FA0F1ABBAE8FC33333"
"references\research\fc资料集-v1.16\page_966.html","382","BBF45E9B86A73B312BC130B123C816C0AE361FE1883047FA0F1ABBAE8FC33333"
"references\research\fc资料集-v1.16\page_967.html","382","BBF45E9B86A73B312BC130B123C816C0AE361FE1883047FA0F1ABBAE8FC33333"
"references\research\fc资料集-v1.16\page_968.html","382","BBF45E9B86A73B312BC130B123C816C0AE361FE1883047FA0F1ABBAE8FC33333"
"references\research\fc资料集-v1.16\page_969.html","382","BBF45E9B86A73B312BC130B123C816C0AE361FE1883047FA0F1ABBAE8FC33333"
"references\research\fc资料集-v1.16\page_97.html","1979","4AE920D9EFA0B4DCED7AE30F7705F9E7FDEA5B88DAEF7CBB789E02405C657A6D"
"references\research\fc资料集-v1.16\page_970.html","382","BBF45E9B86A73B312BC130B123C816C0AE361FE1883047FA0F1ABBAE8FC33333"
"references\research\fc资料集-v1.16\page_971.html","403","4EE0A4C1101E0D1C2AC0F901AE7ECCDDD88CDFF0DDDF889792D7D8A49535AF8D"
"references\research\fc资料集-v1.16\page_972.html","382","BBF45E9B86A73B312BC130B123C816C0AE361FE1883047FA0F1ABBAE8FC33333"
"references\research\fc资料集-v1.16\page_973.html","382","BBF45E9B86A73B312BC130B123C816C0AE361FE1883047FA0F1ABBAE8FC33333"
"references\research\fc资料集-v1.16\page_974.html","382","BBF45E9B86A73B312BC130B123C816C0AE361FE1883047FA0F1ABBAE8FC33333"
"references\research\fc资料集-v1.16\page_975.html","382","BBF45E9B86A73B312BC130B123C816C0AE361FE1883047FA0F1ABBAE8FC33333"
"references\research\fc资料集-v1.16\page_976.html","382","BBF45E9B86A73B312BC130B123C816C0AE361FE1883047FA0F1ABBAE8FC33333"
"references\research\fc资料集-v1.16\page_977.html","382","BBF45E9B86A73B312BC130B123C816C0AE361FE1883047FA0F1ABBAE8FC33333"
"references\research\fc资料集-v1.16\page_978.html","382","BBF45E9B86A73B312BC130B123C816C0AE361FE1883047FA0F1ABBAE8FC33333"
"references\research\fc资料集-v1.16\page_979.html","577","7B82D3FDF0A4B21FF180647111BC440882CE698602B2C02EF9BDBF3CE45ED24F"
"references\research\fc资料集-v1.16\page_98.html","2836","1B9A6CB4C79B6B337FCAB6606E8F389CCA06D6808C1E292803570DF1DC0C060D"
"references\research\fc资料集-v1.16\page_980.html","1926","5AD8B667B3B0A7CE05E28BC49881C40A010614F8EB5C66A748BEA74581585008"
"references\research\fc资料集-v1.16\page_981.html","380","6032CC4771B26F0E3BED6378A5059688815CA1908231118025E936FB44CB478E"
"references\research\fc资料集-v1.16\page_982.html","551","12D9285C50083C1FA42464891A0F215083CB446E20F9861F6B93BB26E9BE846F"
"references\research\fc资料集-v1.16\page_983.html","551","E5CF868C78C0DFA742853A3186085BBD7FF207D0B76B37FE950474BD1233A029"
"references\research\fc资料集-v1.16\page_984.html","560","966FCE94B5B701F808D74E5823BEE43F8C65A887FFB5970A6BD0CD4500F6DA6D"
"references\research\fc资料集-v1.16\page_985.html","551","6E19E072DF42A42EBB45D1488E95D52239FA977537478137842906959489E370"
"references\research\fc资料集-v1.16\page_986.html","551","6B75F5CCF59965B938D2A646EDE0F5FD00EBCAA8D4A2DDB31DB2BE3C81AE5385"
"references\research\fc资料集-v1.16\page_987.html","551","82945AFC1C02F4C6CEB179237BD8EF0BCBD75783132D537D9D5B212481E60339"
"references\research\fc资料集-v1.16\page_988.html","551","666544897D29F6D01290C5FBBA33602DBF9420E2E988B9A984A5D9101BF9ADC9"
"references\research\fc资料集-v1.16\page_989.html","551","2CE560F0A09AC505C14966A79F4F8BD380EF80A894C1283B1C1C898BB4E42904"
"references\research\fc资料集-v1.16\page_99.html","412","54925BE60B02312D50D81F1B97E54C9AD89F3F88BC65BB9E875CA8800817C893"
"references\research\fc资料集-v1.16\page_990.html","551","54D501ACAE572B20DEBF3285F5EC65B939EFCF7A9D5B6923A8AA330E20F4A036"
"references\research\fc资料集-v1.16\page_991.html","551","AFB38A00D31B78D5FC458ED5ADD583067D66A29CD2733EEC1AF1735F463D0FD9"
"references\research\fc资料集-v1.16\page_992.html","551","67CD1AE320A0B56579EDE1D48E029D7B158BBA16A71533BEE3DB9327A077C0B9"
"references\research\fc资料集-v1.16\page_993.html","551","D94C21BCDFD088710028B9CC271848549E5C9363DF1355E11B4C47F14CE64952"
"references\research\fc资料集-v1.16\page_994.html","551","77F14ACA84490A60937EF9A35B71C38CC0F31669015B7896A2ED9554D3BF886A"
"references\research\fc资料集-v1.16\page_995.html","551","AF1E1E086ECE82F066D6E491FF2A3FCE7D21C1B8B37F83A015C86A1CC2FF601A"
"references\research\fc资料集-v1.16\page_996.html","551","4AF2EB7549A2D796548F0CC13901DF07D48C6E6DADC83CFEEF777DD91C0FBD94"
"references\research\fc资料集-v1.16\page_997.html","551","11F18FCAE4B0BAA881608734333A28C51E20C27EB3B7F26519C051279C39C632"
"references\research\fc资料集-v1.16\page_998.html","551","90F37EDD429B9F2AC31A3F95BD450A26B979C361766A04D513D15BC58F7C7D53"
"references\research\fc资料集-v1.16\page_999.html","551","6D85DF5CC2E529C6345FE81ABA8944313955D28BE7757A4C766324277C370DCF"
"references\research\fc资料集-v1.16\PROM数据分配.htm","3394","338ED747E5509A50110DE02274935740C7D5F3B0C08A03EC487AAFFD5B5F093E"
"references\research\fc资料集-v1.16\QF{LN$(O[8OADPVQDL_Y{VC.png","31826","CE11B2594B0C8A8B9F65CF5E6E43BDC04478C50C1C20F3C54D6C518B397EFB4F"
"references\research\fc资料集-v1.16\QQ图片20190722123618.png","185006","98FA4EE04D2455701ED324E0C35C2DE18BC9EA761858FA7DD15B6FBBB3306F48"
"references\research\fc资料集-v1.16\RAM工作数据.htm","8159","D46B6266E369FB07D8F392CB6868B05971C9BC24BCD276EA4A18B6B9275EEC08"
"references\research\fc资料集-v1.16\TIM图片20180717164733.jpg","75075","8C114AD2D1ACB80B7DB38BF1920781DC489B4131BF3FDD176C96E376AFACBF44"
"references\research\fc资料集-v1.16\TIM图片20180727183638.png","102385","3E90FFD5C58A2A29511C8F99196F62C6D2242D50AFA285547CA7A7ED0877E588"
"references\rom\baselines\DC_kuorong.nes","1310736","1DDD4F74B2D3ACEAA8A0BC4A6846BE8E6148C858C2D8EA5A1F6E0A04F0AD4A75"
"references\rom\source\新DC.nes","786448","267CFA5E6273E0FE3557D5339B0E50172BCF25475283944C7E8372276FB3493C"
"references\verification-history\legacy-dual-audio\DC_FamiStudio_增容双引擎_构建记录.md","1352","732835132991E7C4DBC226E56E1BA2770D4EA77D6AB47615D3B0E20F8232EBB5"
"references\verification-history\legacy-dual-audio\DC_FamiStudio_增容双引擎_容量报告.json","4318","DD79C6E316CCED5EBF4DD79402A5E9F4D6EA4847156D72FD0EB1BF020A64175C"
"references\verification-history\legacy-dual-audio\DC_FamiStudio_增容双引擎_验证记录.md","3513","54866EB5B04C892D08FCCB18F8A5CBFBC1081FAF8A87AF5B8224724F5AD79A8B"
"references\verification-history\legacy-dual-audio\mesen\dc_mesen_dual_audio_final.log","1225","F38713FB0D3E97C1A373E6E37526D49262718C8A797E660281B2F65EDA988514"
"references\verification-history\legacy-dual-audio\mesen\state\Debugger\DC_kuorong.cdl","1310720","C8D49BDB0C6861185571E8ABDC0637BC1B88D41F45AEFDDAB1FF02F261901D65"
"references\verification-history\legacy-dual-audio\mesen\state\Saves\DC_kuorong.sav","8192","A3E79A9914EEBD6A1389F6A13CEF3389D80505A220728FE0100F7E4666108A47"
"references\verification-history\legacy-dual-audio\patches\DC_FamiStudio_增容双引擎_测试.ips","524347","895A301DF94F7D59298EC7A97DAC78E0E32D6BC77CF6D5AF0DB091BB6B7D035B"
"references\verification-history\legacy-dual-audio\rom\DC_FamiStudio_增容双引擎_测试.nes","1310736","223FDD6433C95B84D4566513FFC94C2B4121C3E4027A73FE841D13DB29BFF2E1"
"requirements-dev.txt","59","BAE650F52A18F96CFDA3A9CD09CF8A77BFE188F451F1A4D969E07DA973794E61"
"requirements-modifier.txt","39","9986B48250723CC27FB6DA663D4E745F65C9E5FCD4D427162FB74EF7DCCDDFA4"
"src\asm\ash_to_ash_famistudio_asm6.asm","28605","2A92515CBE9413A3ECAAA920A192E663EFB92A98B4695199613133AA00C5A425"
"src\asm\dark_knight_famistudio_asm6.asm","24998","B56C74560605408E347CF59791A01A145B81843115EEEABB561260E258CA16FB"
"src\asm\dark_prison_famistudio_asm6.asm","29906","9DA9039A0F99ED25F4F908D32AF4B6532F62ECB0FC06ACC8B79D4A1A9EE10BB6"
"src\asm\dc_dual_audio_bridge.asm","4792","2315ACC66849B4FBEFFAD829896FE419F4838101F8FCA7A92CC7C60D5AAA007B"
"src\asm\dc_dual_audio_handoff.asm","461","A1B5551954CECA19616A3F7A1A39B5651638A2C3C79CA1D393D255343A36D8AB"
"src\asm\dc_dual_audio_trampoline.asm","509","DDAA1FB8632DC8C11A57227A01BA9D0DD98D167A1E797C617DB079F14E09BB40"
"src\asm\dc_dual_engine_bank.asm","1562","219EFD2D8570906936018947ADE32A909494634A3E72CC238DAB12777A94CD37"
"src\asm\dc_stock_sfx.asm","14982","88359AE15F1FD362E222EB03849DAA420226938539383987295B967A76129D80"
"src\asm\famistudio_asm6_granzon.asm","245625","DA6AF41ED926F60589221F938640FADFDC2544DFA43672D546693C762AD42A02"
"src\asm\three_song_ash_to_ash_data.asm","196","CF2F5BB49564C3FD85A5E87B54660BA1A43DF28CD79F51391FB07963BDFC077B"
"src\asm\three_song_dark_knight_data.asm","199","1D54CC3FF826C4A0B6E619289FC6EBB810DDC0A470C90CFBC764769FA1A039FC"
"src\asm\three_song_dark_prison_v9_data.asm","206","D07FA4A6B72B2ACED0936330AEEA7112710402657995A737F1716CF0AD6D3394"
"src\dc_modifier\__init__.py","83","D48C00584EB808896BA94449D014B9FD23E48FCEE903A0F1DC80033D705778EB"
"src\dc_modifier\__main__.py","83","FA121CA1F0CC343BA2F1CEDFE18E9A77D79F66044D51D369F74B6BB76443CF45"
"src\dc_modifier\animation_editor.py","44585","ADCBBBF631D2CAE82135D249BE63D70179FF20EDF0AF7128FCD67786BD54E0E6"
"src\dc_modifier\app.py","57759","CAF34101F4E57C36464C1796803C0884F09BC0F9BBD112CFC29706E6FEF299E6"
"src\dc_modifier\battle_calculator.py","7646","EDF1D415F22FF0810E3B2830035ECBCBA4C5842CCA65ABC31B8D8019FE8A2286"
"src\dc_modifier\character_editor.py","32657","1589BBCC99B38F99096B52EE542424D340FA7D5F4E0834F4B35FE9B78237F1C5"
"src\dc_modifier\chr_widget.py","24326","12E72B47F6814316EA550CBA09F7BBAA1FC04B2A49E5DBEC3BFDE106028C5C3F"
"src\dc_modifier\database_graphics.py","18738","4A2B62A6F9DCEDC297E67904E0DD00AD7AB1AD564999B4A7DDA6E3C40B0756ED"
"src\dc_modifier\database_records.py","35645","A659DBB6F266188F332A33A7AAA33C874ECF8777AD583423DE01C2BA1E26C7C6"
"src\dc_modifier\event_page.py","30928","775D313C32234599CF2241E9A8153CC3E45E53E1F90392D80A9D6C2BEDC11E47"
"src\dc_modifier\font_edit.py","21551","16A05FE2A8E184AC4D6BE7C63DE7490C181FAD29EE06EEBE5A190D07F9097C22"
"src\dc_modifier\legacy_text_pages.py","42849","C60824A6BE1FE1E3399E2F0DDB9A19F6C6F8773BC339D0039B140469917AFE0B"
"src\dc_modifier\legacy_tools.py","79830","02D8BEDA5D2C9212047BD7B9ECF8AD94DE2AD7F22642D32434E7C4A7FDBC83B5"
"src\dc_modifier\legacy_unit_export.py","9813","7E99F6749B240C8DCB3549392B3889A6D035E5E50DB2FB617FB309AEBB9335A7"
"src\dc_modifier\legacy_windows.py","143764","807D7535896CB0B2174616DF9965F879F3A2C1C66225E3E832E88E143A82CE6D"
"src\dc_modifier\map_page.py","173839","7DDF375CBDBA713C7E4C03558ECC86ED7D5C424E757AD72C70A9306D8A7E6C98"
"src\dc_modifier\map_tiles.py","5168","0500580474F6365CDE615E7809C5DF01DB77E1D2F26BA346AF1C35FFEA485915"
"src\dc_modifier\music_import.py","3186","F6229965971C13109E4FDEDD7870E630811244DFF7BF53F523E4224FA3E66574"
"src\dc_modifier\pages.py","115536","665323A9538EF219DB2BDDACFCA33FA106C9B486F2911403DD44F78133D7A2D4"
"src\dc_modifier\persuasion_page.py","11751","313F79740854788819DE3B3CA7F80895D3E5E53F5D3700BA22ADF8D0078B653A"
"src\dc_modifier\portrait_export.py","4061","6A798F57518982762C3213A32DACB33908F240B19B31EEFC65CE41CEAC7BEBF9"
"src\dc_modifier\rom_data_browser.py","23040","3CEE9DA686C9C4DF95B01C1716DC7FF985FEF1F1E885A47F9DB0131E11AEA037"
"src\dc_modifier\story_page.py","34482","88AAB99EB46E6BBA5FF620857C308084BD65DA85B72B43FD4EBC857458DDDE04"
"src\dc_modifier\unit_appearance_dialog.py","72309","D57E9C28165B57F3080B2B622D51631B363FC0209CE6E66258CC222D7A940BA3"
"src\dc_modifier\unit_icon_dialog.py","18330","FE3A08ED52B58D461F6726FF96EF2DD0D7A8BDEC92036264C0EC6486A18ADB36"
"src\dc_modifier\unit_import_page.py","14769","B0A0AACA25F5434E8897C7EA85AE123E8DB9731050E003DDFDB2DE42BAFF05DF"
"src\dc_modifier\unit_packages.py","3843","B93DAF0A3A721D90CBD44079BDFD5F215C2229332F1DAA97C1F0D2DCCE2D902E"
"src\dc_modifier\window_layout.py","1265","F3E387E0FFBC53BE390B1D63E68287C3E637EDBC82349088FB5662920BAEF691"
"src\dc_modifier\workspace.py","1476","E8F953B080BFA94A582583E1C371074FB55BAE808F43A1BA3AE563EF67F96045"
"src\fc_editor\__init__.py","834","CA23834DF1110CBE282C0E068929268E2E2029F4B4B540004BAFC60D8E25C0BF"
"src\fc_editor\changes.py","4028","D903C7E43D33CAA0F0A81212F1AB35323942D3493C25E8D94CF05A0C8B9F86F2"
"src\fc_editor\codecs\__init__.py","2212","E611E3572E9B2F1372DBDC2FCDAF449DD27DB36F9C0EAF25CF564CF9FB881779"
"src\fc_editor\codecs\animation.py","24675","2793DC35FE029B0384EB16355AAA24021430BC9EBC0188D67CA1A0EF004FFFF8"
"src\fc_editor\codecs\battle_music.py","3411","9598BE468A0C57DB712E11FCD39768300E4ECB1A9474B87604E191ADA4D3092B"
"src\fc_editor\codecs\chapter_event.py","12272","15400AFBAE1FD46216889948F219A734B2E425DB23936F20A2A427C7D066E827"
"src\fc_editor\codecs\character_attributes.py","13421","8A33A684060525054C61A8C120409A969912385C92267222CDDFB996EA6B5275"
"src\fc_editor\codecs\character_dialogue.py","12174","5797ADC06B70FDFC428ECD33B7E9B0352CDF6690FFD288C6C9441F3A2B8FA4F2"
"src\fc_editor\codecs\character_name.py","16059","F67BD73E4EC5EAA53C104B5B33EAB20BC46C303E7CB09792A433C5DEE5C3245B"
"src\fc_editor\codecs\chr.py","3421","6295E53D993E56FCD3175DD446D395529F1D894A090AF45971EE0D3219FB3B9A"
"src\fc_editor\codecs\custom_music.py","2772","3D73A45A52A9C5FDAD51E6A26DFC7BAC80543895BA0D6DD50CB68A9E3D13E4FB"
"src\fc_editor\codecs\dc_font.py","8347","578B6720085E5AE98CB3CD4E27E872A5722664431EBBFC2299FFE6686032A166"
"src\fc_editor\codecs\event.py","3912","C63922E10E15465B4EB253ECE11464B67D220F5FB6C5917B722E07AD59BB64BE"
"src\fc_editor\codecs\legacy_global_data.py","28448","D949373F1A0D2CE3801D597556C05BD8CCB8ECAB1B2A09862155B772FC3586C3"
"src\fc_editor\codecs\legacy_save.py","14737","C4F693E9974C2485D431DB0563F1E40E983AB0B3FA5CCF93801AD825903D06C9"
"src\fc_editor\codecs\legacy_scenario.py","4199","8AD4CD01A975D7A232048A8385D34B77B722453390995FB57A49B27AFD2874A9"
"src\fc_editor\codecs\legacy_text_growth.py","3062","90720CCECC95EED1097E59D31A3A3A02E3B29E2EABD0D8E359E504B7AA8791BD"
"src\fc_editor\codecs\legacy_text_shop.py","2684","536D8141BF3BBE9EB2F886316A13F961789B1956C19B41325490D3F2BB33E662"
"src\fc_editor\codecs\legacy_text.py","31425","26A9F48EC5DADDFFDF6BA3C2D6697E4E6AD25AB8F78B72E574EDB2FF189D70E8"
"src\fc_editor\codecs\map_tile_attribute.py","6643","C3CDC128F0BE18153DB8584B7316F41B157839D7F6CD5C38DE6067A40414B43D"
"src\fc_editor\codecs\map_trigger.py","10303","4574F07D699929E867FE70129F9F2DC199FFAEA62B680625BCF582F8EC757FAD"
"src\fc_editor\codecs\map.py","9913","A17A2E12AB0796B38184200375626C5F8906D760A4FF3F19430C9CDFF0C55470"
"src\fc_editor\codecs\persuasion.py","4239","701489E3D409F2B4161CB63CC03D738CB7804661F3B544D200CE9A67E61CE175"
"src\fc_editor\codecs\scenario_layout.py","9898","315FF8D4E4613079D70037211E627E3655ED7A0DB01EFDFBF09C3CF90477DE96"
"src\fc_editor\codecs\story_text.py","10389","E398F98B7363A07E9E8751E7F9C1334464F806F80DE4CF182DA5D2EDAB299C67"
"src\fc_editor\codecs\unit_name.py","3662","DB0E18233011D41A9782D3594B09AD62484AB24C2D01FB228216D0E009907B84"
"src\fc_editor\codecs\unit_weapon.py","2977","B29029D202642F6CD604A443790D5E0FAD32D4E2BFA36DB91BED21DAC030ADCE"
"src\fc_editor\codecs\unit.py","4887","F80085B83BC9E5F3F639FE57C49871F7F42B5FE14267ACF880A7D4ED003B292B"
"src\fc_editor\codecs\weapon_name.py","4954","71C8F526D0A2F9A1F1C34496231E23DE3CB73539BE56CC45FA18443631DA7509"
"src\fc_editor\codecs\weapon.py","3488","20E0BD33DDC7D02217863D2FA3417FCA3E01F075421F15DA1E775FB1D5580A86"
"src\fc_editor\constants.py","1788","54A77FF901EB2CABD9E2C3AAC2E86558DEB3B4F33043726C7B94396D11A66C22"
"src\fc_editor\dc_text.py","31775","C0D1F5B6BE420C524735BCB0B9A920BEE07586751EA84FAC7F973D088AFBAC07"
"src\fc_editor\errors.py","351","6A3E880FE649BD589261E9A9B1A70048539D2C2DF2ECFCC67ECF5659B8831BE6"
"src\fc_editor\expansion_map.py","22124","8EE2AC9EAF6BDB4CE7746C7AD650576070CCB4C9BEDB109DC9A128AB68B340D8"
"src\fc_editor\expansion_story.py","11247","F4580E3A241C7ED2CE6AF429440692A413E66A8C8F7D8CD32E3E2329D481E19E"
"src\fc_editor\expansion_unit.py","42845","9D0ED6FF7853D37831B9737FE471F33DC0D678E49449FCD20C31D2E0EFE7FCDC"
"src\fc_editor\expansion.py","15962","CAF196A6AB2068028EC04F1791D11F35D3531ABC6F250B176DE372BF5EB51984"
"src\fc_editor\legacy_bitmap.py","5467","5AFEF8B32CF11935899FD6A1343C986369665618D71A782605900B0EB9F75DBE"
"src\fc_editor\models.py","15073","55BE06007AC1C5BECA94F15ADC701ADE363F82C9D8089F40ADC7359719F683BF"
"src\fc_editor\profiles.py","31636","9BA3FED30328D74283844FCBA8D941E0A1D691D15BFA21D0AC7CD91A7FE0C92E"
"src\fc_editor\project.py","43861","4B00FFC3DED547991A870CF3F325981C09AC496AD7A776AEC265BBD869EBFE52"
"src\fc_editor\resources.py","15137","2D288B58A8B1B3B182B825E0FE3DF29824E78235DA0D2E4658EA1AFD265F5224"
"src\fc_editor\rom_image.py","4388","54414965058CD3DF69F1D8AD65CA7610EE2ED990450B176908B09705077661C0"
"src\fc_editor\services\__init__.py","112","AEBA5A0652B60B9F9F56890D7EB377E032018CBD9937CFE9832E1DB30417DDD3"
"src\fc_editor\services\validation.py","27283","5FE3123A18904AFA03A290E3B42A17EBD2DB642F1C62A2DF2C88A05278C03087"
"src\fc_editor\text_table.py","6488","A7837CBFA6D6B73A5D3603A4204644C85F174B8F475A1B21B10F67E2DE2FC62E"
"src\fc_editor\unit_package.py","10869","7BBB7AB40EE3C32FF04A75DB0D4B7AE9B0D9D72C42A9B9ECD0A5ED1CD314DCAF"
"src\fc_rom_editor_core.py","154555","C7A29FC33EB404BB60A05B3989E31B76AF5A70D1F027417A7D7D3228400B8DE2"
"src\resources\default_config\背景规律名称.ini","646","75C21E3F46484675FFDF29CA079967BC2A66E37F08B9D5485CBC9D2D75B6BB53"
"src\resources\default_config\地图动画名称.ini","2226","7145A58B8D976555402DFE07AB85CBE1760D7C5EBD399B52AD41F4DA782E2E9B"
"src\resources\default_config\地图动画图片名称.ini","3793","F56BC67B58C8DB715B197FE855CCD530E83575BD2D1D084FEA740EC322F9BB81"
"src\resources\default_config\地图动画运行规律名称.ini","3051","366097E1375C8823E22C02D7E3A67B7C4D1479922233DA1F400284A564BCF2D9"
"src\resources\default_config\地图事件名称.ini","516","C92665C48A008A301ADA3DEE379FF81DE843DE3B8147344EB36AF16D75F9659C"
"src\resources\default_config\关卡标题.ini","981","7F384C927AC094F46F7AD96BAA5369A511DFFFBAB9CF5356280A898E24055C28"
"src\resources\default_config\光束规律名称.ini","4885","5850882BA4D47944808AC3A8E273BEC3E2CC3C0C8952B0D6A9EC6B03A2D3A55C"
"src\resources\default_config\码表.ini","50419","8B88B75E443225C574DD6171A2E0DB25981A503678CD92747B61971439EAF01C"
"src\resources\default_config\物理图片名称.ini","5451","473A4AD7F7C9D0AD7980B8B023E9C8F449A687F1BF2B5FD2831DFB813E3D5881"
"src\resources\default_config\行动名称.ini","1812","04FCDE9B610E866F55EE46E7E6047446D3869895BACA624E8C4F6FF1CC60363E"
"src\resources\default_config\音乐.ini","234","A41322D2197F969CD5A49F70662FFC229FE97090D00E8F0CCD60B60A65CE92A8"
"src\resources\default_config\运行规律名称.ini","4745","88C645572856CBBA78E5AF6EE7AC2BC56EBC8F9BB33157F57E76ED4437C80180"
"src\resources\default_config\运行规律名称2.ini","2689","38B1FEAAD7C4828A60F5E15002B5F909DD899556475D0430A1B32D3351DA8598"
"SRW2修改器1比1复刻需求文档.md","157504","F97E6BBA1C51BDAF3D7A6260C96D1C48109A2E90E8D07172D0C0C08BBA9E2CEA"
"tests\__init__.py","266","9901DD14EE540D1289BF42126D55C20877C905AFBAB5E015BA0F2087CA580472"
"tests\emulator\dc_mesen_smoke.lua","12544","DA78C6EB3D729941FF67D4C71258FF189F966D920A787026686131CD76E50455"
"tests\emulator\helpers\dc_font_feedback_capture.lua","1832","ECB16C69F5B026E1557391F5DB5BD61B122620DD7075D21D9BAD257DEBBDA808"
"tests\emulator\helpers\dc_mesen_capture.lua","720","D5A41BAD5BB206303819AD687455C73D10844D868D75F13AFF6CB948ACB4A003"
"tests\emulator\helpers\dc_mesen_stock_lifetime.lua","821","D18494C8873EBB17924624278E721BE3C8A60D44440CC25A3F3C148F5FB0370F"
"tests\qt_test_case.py","1210","0B1440AA737D2D1085C5D7216C536AB3DA5B036B1D31EDA82A0B9C06F34463FA"
"tests\test_animation_feedback.py","14839","816EC9AED86D93B470CD9721EC487D0554B363D56EE38168AD457337E52DF752"
"tests\test_battle_calculator.py","3609","F7071557D17AA0A5DD826D88CCC2C65798E0030F408859BF3D7929FDB3C653FC"
"tests\test_character_weapon_feedback.py","30404","479F9D550221E4FAF06F9C74597218D2267E6986D0C4BE05FA71058E06DF6EDD"
"tests\test_chr_widget_drafts.py","16287","77F79C162848174730A5D941DF224CE4501D7E1154375CE044B19344F464F8DC"
"tests\test_database_feedback.py","24227","792EAD01868DBE665A2A30C57CB0A669481DF2B8300013CB63EA2B808B847790"
"tests\test_dc_expanded_dual_audio.py","8208","88763196084B049C0AA27F63706F71FACE1764E4A2465072234BE7296AD8329D"
"tests\test_dc_modifier_ui.py","66753","7A53C199DEC4E314495D50862C95E9EEC650C9318D368C2F2211C376E1BA89A3"
"tests\test_dc_modifier.py","41386","B94A27947E7E1A76EBD10DBE9C71B11FE92890D0370978F628D832ACC870983C"
"tests\test_expansion_integration.py","19254","601EE0057FAFC7CE59DD3BA29C7432D092768D3745EA847906F3670E8DF1FB10"
"tests\test_expansion_linker.py","4647","11558EB7E668BB2DBBCB4B7807DAB3BDBA348D814CB28C6FD07D7A296CA80F34"
"tests\test_expansion_map.py","12789","9D6CCAD7B63369E485D3B5DBFE02D7F0FE3278C4A73B5D421B9D0D48C2CE9DEF"
"tests\test_expansion_story.py","5230","11A914840289F94A66EFABC75E01EE4F2991E23D5E6BEA8AB670036F74CFE7A0"
"tests\test_expansion_unit.py","21965","E5CCA390B9BC10981C7BF552A60D87BA8888EAFE318090B404CDE8CCC5901939"
"tests\test_feedback_font_and_performance.py","9792","4B7F9E8135379DC393FB4F0332990A0D8EDC499DBDE93B627F3F1C134D76C6CD"
"tests\test_font_edit_transactions.py","15623","6805475E3C607E4CB1BF0EE5B6CCDBA0D1E64F6EE8CACB7608AFFD1EE4D134F7"
"tests\test_golden_pipeline_collect.py","9492","E814DA464F87767282581468D502E209623C9513CBDEE8674DFD35769C72C5A3"
"tests\test_golden_pipeline.py","53234","DEEAEA26DF7C99189EF7E25B2BB57B5F8166E186F7E9F6EEF8334FF074B6F7F3"
"tests\test_legacy_bitmap.py","4464","29FAF0387307519D979F30B8DD3E6D68A9BBD158FD1FA4F116A9B6681BDDFE0E"
"tests\test_legacy_global_data.py","25505","8BAB9917BF569EECC78D5145BE4B3833C28901F6334A4DDA8AFD866EACC7C435"
"tests\test_legacy_item_ui.py","9935","C8E4F0086EBB80CCD34E7D6582C2645E00AF2974A4C22529CFF629B06F68D3FF"
"tests\test_legacy_map_ui.py","18407","71E38A7B76C93D91FB55F91781A1FCCDF80D51A4891FC8B6CE789751A586920A"
"tests\test_legacy_save_codec.py","6997","E42DB23E2AE3F82678B3CD9119D5C9A4ABE33D91A1ECD8BB253E6C91736B5599"
"tests\test_legacy_text_scenario.py","26071","4B31669F7904E5A67B1C1E4FEACBE916FC539B9CDC8BF16948D231D42916EF6F"
"tests\test_legacy_tools_ui.py","29635","4B5B4CB0BCE74D9892A1C5FEE250E9FBB4CD218CAD2BE9E56F49BCA1A9E9DF1E"
"tests\test_legacy_unit_export.py","8699","FCD0BFA3447338DF254D6DCF10D6738B0C689982CEF63009612868B0CCF40046"
"tests\test_legacy_windows_ui.py","56399","E7C22721C698E3F400EA44FD223C3AFEE9EA38FDFBA652131DE82A7B561AE34F"
"tests\test_m08_battle_text_report.py","1177","35A960A94C283E6A368938F4172D95CE19612181BE6B76281C1877E2E80E7EE2"
"tests\test_m09_level_cap_compatibility.py","1613","294C742A7659360E707B255F0FFEAFF0F076310D6F6C354D4438AF86D9CC1A05"
"tests\test_m11_font_report.py","1000","1E445350DF835F2DB39B808DE5FBF3AE9302C1BDE32AE2246C797C714D36CE90"
"tests\test_m12_animation_report.py","948","6692D6A20BBF39B6129B5A3DCA08DEE00314D4AC729A1B8C3B11E15D086240D5"
"tests\test_m16_save_report.py","800","050728EBEA5ACE35A9242A0A4E1ECE05641BFB30D6B378E0A6F15378FD097F69"
"tests\test_map_feedback_ui.py","29365","FFBCF7CA55AF6EBADC1DECB46F344F12CFD9D196D6C621D567EE39472BA99F0D"
"tests\test_map_tile_attributes.py","9258","913A5488397A90A9BFE728B8C577C6FE19FC41C9D76D2D8D6DBCCAB23BEB1F25"
"tests\test_portrait_export.py","5680","0B093313C9E366F8DBB7F97F8B8D022D72FDCDABEF8519AF252BE6619B0CB441"
"tests\test_protected_rom_signature.py","3056","E1FE79F1CA2A8592B457754C7AB0419F63DA71ABEE57C4655970C4B3E4722C89"
"tests\test_rom_data_browser.py","4082","94D94BFA2833D23E52178AC02F60D1B49EA522A3B6C55E6EC6945AEBCF53E89B"
"tests\test_scenario_feedback.py","8307","5B5E8EEF27D008B8F206EF61C994F9965CDA40B70BD32DF83DD7F91D72A8163F"
"tests\test_screenshot_unit_feedback.py","38374","5E1E977DA1273E77487E07EA211D07685919F275BF9A7D629D41FFCA1EFD54F7"
"tests\test_story_integrity.py","2525","2C356F1A7CABB231C23B8F0BB124E2F272FCC898A23955A7E78B4D99E3080FAE"
"tools\__init__.py","74","B0A6F65DCE663F1B2C0E82528C217E53CED7FB3A1D9F18339C5C17B25A432AEB"
"tools\更新文件清单.ps1","1546","843977FCBC5E17DB23738AFDFF665FE78C1BDE2A4189DE829EE1DE809E5C7D8C"
"tools\验证交接包.ps1","1292","2AFBDE7F7CDD3D000AD000684CE321593C85D7050669D1452B78C384451AB43B"
"tools\audit_legacy_global_fields.py","12168","C0F260514B402010B20D74A72808AF395E103FC6AD4235B7113110E8E9371AD9"
"tools\audit_legacy_initial_roster.py","5249","634137D6AE9B9E0E3F75F019DE3FD1A8CC2D5B25F02FA249B81FE093A448FEC6"
"tools\audit_legacy_item_prices.py","10189","E94388A2BD17BCE3D9537A76695E3F5F2FE4966BEE9DF2EAB3247A2684CE32F0"
"tools\audit_legacy_level_cap.py","3925","4836371D6E066EBFF77B637F4841686B5CCC2CAED34AE60E285A188B5424AB7D"
"tools\audit_legacy_modifier_ui.py","21093","FA5AE99EFB211C291196AC55C40954C536D1F3155833961D6C7E74F3E116F07E"
"tools\audit_legacy_other1_tables.py","6491","4F718C9AA2899F617F674566CAE8A426F05D049B50149D662F6CC60DFE9C6318"
"tools\build_dc_expanded_dual_audio.py","29354","7C9D3AEDE1ACAEFDE01558006DDCF11A9B65A10D1B8BD3D7A7B99909302A0E80"
"tools\build_dc_modifier_manual_pdf.py","23123","B2D432F8484E521FB912C631F5E09459FE12AF6156AE5048FC20140587D75396"
"tools\build_modifier_exe.ps1","2459","8A99F90EB33822585D6DED24BA82BA2E05307BACC4C89085A39BAF72DE95D7B2"
"tools\capture_dc_modifier_guide.py","9100","B9A544D96C1963897221C8FA39DA328E33C2F3B45612390E2141EEDCDE062D75"
"tools\dc_modifier.spec","1565","31B2AE4FD5C149718A7A514F4B65DE7558F9E00F4D188E085BBF8DD9EA482CE8"
"tools\export_dc_modifier_mappings.py","13073","BF54B9BFF28E38BCB083B774BFE19CE0496DE53990E1ADAE213AA2E01AF36412"
"tools\generate_m02_field_samples.py","6244","B31F46E278DC07CA7C161940B07460E805E493B780049DE50652830186FD6FEC"
"tools\golden_pipeline_collect.py","29553","1D316D00A5EE9C4C5E6B0A22F636D8E9C3D8BD677D1AE334B6D83C64C63E19C1"
"tools\golden_pipeline_core.py","30347","98FF9D78A703459437D9E1B7DD33BC51D5D20C1FAE3BB550B03EAD92B76F9BB3"
"tools\golden_pipeline\cases\field_registry.json","89632","37C0C9BB7328D2A63808C5E1CE6FFF9139B9C3022DE6F1EFCF43C6FF59C2DECB"
"tools\golden_pipeline\cases\M05-movement-cold-start-01.json","859","08D477E4AD6D5E31AF018F01BE792CE6A47E7446F92B5D579BD401F8DE0BDC0C"
"tools\golden_pipeline\cases\M17-hit-threshold-cold-start-03.json","615","0147795EEBF39A53769D39389CCDC64FD1B6319B36EAA5FCBC17D23A8D97D88E"
"tools\golden_pipeline\cases\M17-hit-threshold-cold-start.json","615","C8094F0952E9A7CB71C4A6DA768C84728B3AE92936B973F3AE53B3647976A3B3"
"tools\prepare_font_feedback_verification.py","3083","F21055A2D86F654FC1E35C5C24DE1A2488395038472222F3081FFB91B37376EE"
"tools\report_golden_coverage.py","39605","7F06B7C234E9B7FFF8E099D1FA4452E0F9C41667C6064645F6959B9015D4F07A"
"tools\report_m08_battle_text_compatibility.py","8819","000A77321DFFC4E9B51FCD61BBF50DE63F59B34DF4345A528FCB5BF3D7242C46"
"tools\report_m09_level_cap_compatibility.py","6546","BFA2B5D8412D2AAA112D0D845391CAE2D5B6E6F2FDD2F78BD2F06EEBA33E2197"
"tools\report_m11_font_compatibility.py","7397","1DD5574426E5DEFCC9337141CD692F723156C54EE539D5DD18A1661BC3299AB2"
"tools\report_m12_animation_compatibility.py","6493","4999D6B72E3CF4991294FFDDCA843F3FDF8CD94FC7BCB685FEB91A0CD649E5F5"
"tools\report_m16_save_compatibility.py","6891","A4A60EC0C627AAE0EF2A1D216E151FF8F45962684943D55AF37D9D4CF36E725C"
"tools\research\analyze_chapter_event_vm.py","3216","49A8B5B6602AFC3497DA94735F39C7D6F8CD6BFD7C555F521AAAE36999720BAF"
"tools\research\disassemble_prg.py","1815","C2E9BED1D73BF3F96E96589BE0EC33ADFF3C45B0088BBB854A203776AF292821"
"tools\research\discover_event_tables.py","3263","73DDC85EADB59B36205C93653942A63B879A37C80C933A8156AF5B58C3DB7AFA"
"tools\research\emulator\dc_event_discovery.lua","1992","33321989E9AAF862D1FE37EF2378EA68F852EFCCCC1E733B20E790C04D9E512E"
"tools\research\emulator\dc_fceux_battle_trace.lua","2518","EC0679B0E68BD3F657B2587AD042A2C0867431AF305583A84DB3FF07155D75BD"
"tools\research\emulator\dc_fceux_event_trace.lua","2383","82A434E122484ED265B2DA799E5E533831D886145FB4B480E5C0BC7DF25503F8"
"tools\research\emulator\dc_map_palette_probe.lua","4897","DDF2D6B52F4D2DFFC86B94C363238834A8BE33AC9910C81B250D01EEA4486F5E"
"tools\research\legacy_ui_probe.py","58883","16E8A4042050DA63A912440F3704F73D464EFCD591D82DD905D5446093CE05AC"
"tools\run_dc_modifier.py","681","B1BB76BF6EB7C07DB15209D6745335174613ADCCD7BCB59FB00B273F1DA6B184"
"tools\vendor\famistudio-4.5.3\SoundEngine\NoteTables\famistudio_epsm_note_table_lsb.bin","97","E488B023950992C8EAC883F3E2F31898F100B8DB1F77D6D437FCF776C7E23322"
"tools\vendor\famistudio-4.5.3\SoundEngine\NoteTables\famistudio_epsm_note_table_msb.bin","97","B225379955ED2DF14E9111A769239A0B07C9BEEED49CCF27224C06A6C6DC0C46"
"tools\vendor\famistudio-4.5.3\SoundEngine\NoteTables\famistudio_epsm_s_note_table_lsb.bin","97","198F894E5140CAC1B830DCF6B9E72DCC1B3A357F0F59FFA0EA5529EE5785D0B2"
"tools\vendor\famistudio-4.5.3\SoundEngine\NoteTables\famistudio_epsm_s_note_table_msb.bin","97","E96559951470CA1A899FA394BF33F976D27835F5929C4A9E24BD8D582421E941"
"tools\vendor\famistudio-4.5.3\SoundEngine\NoteTables\famistudio_fds_note_table_lsb.bin","97","DB5D99089736899F6AD95BE15A27189E521DEDD1F0EA6D35BC9FB52AE8C2C6F8"
"tools\vendor\famistudio-4.5.3\SoundEngine\NoteTables\famistudio_fds_note_table_msb.bin","97","84A7B0D6E23883B805842A3F35374A00841813B7DB4F8FDC97989A28E3215CBF"
"tools\vendor\famistudio-4.5.3\SoundEngine\NoteTables\famistudio_fds_note_table_pal_lsb.bin","97","4999B9D58C78CB0D93369F9FB9E19EB9C017847EC0D970C188E98B4602ECF206"
"tools\vendor\famistudio-4.5.3\SoundEngine\NoteTables\famistudio_fds_note_table_pal_msb.bin","97","88A9AA58F2AC2DCB11A356FA8F5771B5374D373607CA8C1D04E2962B14457FD8"
"tools\vendor\famistudio-4.5.3\SoundEngine\NoteTables\famistudio_n163_note_table_1ch_lsb.bin","97","8618D9132CB37C9D33B49737678B9E9AF5C6FB241328A65AA33A9AA2D98C56A1"
"tools\vendor\famistudio-4.5.3\SoundEngine\NoteTables\famistudio_n163_note_table_1ch_msb.bin","97","C374C37A00CD62C412A8249E44E46939D0001E51C219BCC66DC65D6D17D8264C"
"tools\vendor\famistudio-4.5.3\SoundEngine\NoteTables\famistudio_n163_note_table_2ch_lsb.bin","97","547281D09CEA6E18E4B67F9848FE2755343BB7ED14F5B46FD78682BBF244CE55"
"tools\vendor\famistudio-4.5.3\SoundEngine\NoteTables\famistudio_n163_note_table_2ch_msb.bin","97","C627600643B81C8C41F693A28369DBAD0F372E9060B7B6B98637EB6BB9FE7BAE"
"tools\vendor\famistudio-4.5.3\SoundEngine\NoteTables\famistudio_n163_note_table_3ch_lsb.bin","97","9EEC3360A07CB5F43ADD87D828D59E8EDF3A0C0C77CD3BFC89B98AE56F8BA453"
"tools\vendor\famistudio-4.5.3\SoundEngine\NoteTables\famistudio_n163_note_table_3ch_msb.bin","97","C83ECC6B0A58D23EF54D5D68EA43B0FDD2CFFD3A4C04AC13D9804DCBC58A4545"
"tools\vendor\famistudio-4.5.3\SoundEngine\NoteTables\famistudio_n163_note_table_4ch_lsb.bin","97","FF5CEB4EF7316683B14294C363CAFCB5543262C1CB2DCD71EBB3D3724CE41E5A"
"tools\vendor\famistudio-4.5.3\SoundEngine\NoteTables\famistudio_n163_note_table_4ch_msb.bin","97","70AE5D690FCA7F9B2F5E5400A0ADB50564A83B52E80EE15C444540E1607DED19"
"tools\vendor\famistudio-4.5.3\SoundEngine\NoteTables\famistudio_n163_note_table_5ch_lsb.bin","97","6350595152D724EC50EDDD6E5EC460C80CF077E76ED07447A18D22DAD37DE3B3"
"tools\vendor\famistudio-4.5.3\SoundEngine\NoteTables\famistudio_n163_note_table_5ch_msb.bin","97","235A2BEBBFF15A7A8380CDA893DA05525FCF20A61C5259F642F6E93EBA29B8F5"
"tools\vendor\famistudio-4.5.3\SoundEngine\NoteTables\famistudio_n163_note_table_6ch_lsb.bin","97","B18E3603DD61484874CD554C7BDF7C9F90816ACA8757236819FEB44C37D7CDD0"
"tools\vendor\famistudio-4.5.3\SoundEngine\NoteTables\famistudio_n163_note_table_6ch_msb.bin","97","46FA58DC0592884284EC5473FF521C87C7FDB501B7705E466122EFFA7AB6331D"
"tools\vendor\famistudio-4.5.3\SoundEngine\NoteTables\famistudio_n163_note_table_7ch_lsb.bin","97","5BE40B8EBF43B39F6F14029152EB672834DD8A11A927BBADB6CCC0E10A02E747"
"tools\vendor\famistudio-4.5.3\SoundEngine\NoteTables\famistudio_n163_note_table_7ch_msb.bin","97","B72118C1E6D34CAF18577DEC549BA5B6FA61306AE2F0BC340EA73561BA00AFE1"
"tools\vendor\famistudio-4.5.3\SoundEngine\NoteTables\famistudio_n163_note_table_8ch_lsb.bin","97","E039219787A4E9A610BECC9765E40970E7F5CFBCF69D8AEBD9AE57707982A4DC"
"tools\vendor\famistudio-4.5.3\SoundEngine\NoteTables\famistudio_n163_note_table_8ch_msb.bin","97","C6219AA3CADB6E4B487AE01A9ACEF05037DA0000FE79E44A5B20361F78495AE8"
"tools\vendor\famistudio-4.5.3\SoundEngine\NoteTables\famistudio_n163_note_table_pal_1ch_lsb.bin","97","57540A92B49B20411DB2A5DC0278C56D2AAD2328CF1EB1466ED786D005711741"
"tools\vendor\famistudio-4.5.3\SoundEngine\NoteTables\famistudio_n163_note_table_pal_1ch_msb.bin","97","2CD600DB86B2E22DA962BD722B8FB82EB0DB6EFEB959704EB3CBA533AFB6AE55"
"tools\vendor\famistudio-4.5.3\SoundEngine\NoteTables\famistudio_n163_note_table_pal_2ch_lsb.bin","97","0820D8E468B77BDC5412675B8579BB3A8C1A0D6CCF0AEDF94202A9B39FD9DD9C"
"tools\vendor\famistudio-4.5.3\SoundEngine\NoteTables\famistudio_n163_note_table_pal_2ch_msb.bin","97","5F5688D08EF83D3BC0C4722172C9195FF4DBF7DC30E9AEC300929E0D6E6E1DE1"
"tools\vendor\famistudio-4.5.3\SoundEngine\NoteTables\famistudio_n163_note_table_pal_3ch_lsb.bin","97","E38466FE3AB339CB2CFED14BB285BD49268F1F917DDC9C696A73C22A1E3ADA39"
"tools\vendor\famistudio-4.5.3\SoundEngine\NoteTables\famistudio_n163_note_table_pal_3ch_msb.bin","97","FF64F87AFCC2569E2F5C720BC8C831E862C29FDAC325048A08C576A296B16656"
"tools\vendor\famistudio-4.5.3\SoundEngine\NoteTables\famistudio_n163_note_table_pal_4ch_lsb.bin","97","B1948C8F94CCE11BDBECD52D618B18DFBD2D6B97EB5E3A1B355337225A33C04A"
"tools\vendor\famistudio-4.5.3\SoundEngine\NoteTables\famistudio_n163_note_table_pal_4ch_msb.bin","97","F2E246779A79DB60EC106C68959CB313799592BFD902971E6CB47D04A548E5F9"
"tools\vendor\famistudio-4.5.3\SoundEngine\NoteTables\famistudio_n163_note_table_pal_5ch_lsb.bin","97","4AF6569439151AAA17236E994A17CA9F7D48E6E2F3BC9483C503609E2E5F54BB"
"tools\vendor\famistudio-4.5.3\SoundEngine\NoteTables\famistudio_n163_note_table_pal_5ch_msb.bin","97","89652459BD602EFFB71EC34B23DBB545756EAB6E87DDF0BA9E0B584748C02089"
"tools\vendor\famistudio-4.5.3\SoundEngine\NoteTables\famistudio_n163_note_table_pal_6ch_lsb.bin","97","B392D7094E1CD25D5E726CF6F6974AAE36EB667430CAEB43DE11EAF613D953F7"
"tools\vendor\famistudio-4.5.3\SoundEngine\NoteTables\famistudio_n163_note_table_pal_6ch_msb.bin","97","C2C42F957ABC1F4A5C9113BE94071FE624332E3DF436A6F97C5605954FF77D08"
"tools\vendor\famistudio-4.5.3\SoundEngine\NoteTables\famistudio_n163_note_table_pal_7ch_lsb.bin","97","AC5B0E7053E234BF79A7107D8815F4936D8449B7863E7F626F79F6A44818C89D"
"tools\vendor\famistudio-4.5.3\SoundEngine\NoteTables\famistudio_n163_note_table_pal_7ch_msb.bin","97","B71D59E5B333D2C8982F8336DE2DAEB044BBB8A7B82CBA74ACE8001903ABD61E"
"tools\vendor\famistudio-4.5.3\SoundEngine\NoteTables\famistudio_n163_note_table_pal_8ch_lsb.bin","97","A5D225319A9A32D990A7E280AF354E285E863200E64ED78E545C1DB820429017"
"tools\vendor\famistudio-4.5.3\SoundEngine\NoteTables\famistudio_n163_note_table_pal_8ch_msb.bin","97","205AAAA0B92AFCE1B3FD95E11F6B5AAB4DBF9EF92C1DF76361A1E769FA9EF4E2"
"tools\vendor\famistudio-4.5.3\SoundEngine\NoteTables\famistudio_note_table_lsb.bin","97","B917B0EBBE96945BBF6237BF2C59C9D1CF35F64E4E8183BECE0F45D32486EE41"
"tools\vendor\famistudio-4.5.3\SoundEngine\NoteTables\famistudio_note_table_msb.bin","97","B52E4924C607AF3369E3DE8DA5EA9001DC013E67B515D3B3B09DAB17601169FB"
"tools\vendor\famistudio-4.5.3\SoundEngine\NoteTables\famistudio_note_table_pal_lsb.bin","97","05059365643292241EA5CA15116FE94F9D6C51AFC84469E39762B37BB2F78F85"
"tools\vendor\famistudio-4.5.3\SoundEngine\NoteTables\famistudio_note_table_pal_msb.bin","97","146D491E5365E078B4068532E43ADBFB346DB1D3C7A3246AC5F015CDC2BA7D6E"
"tools\vendor\famistudio-4.5.3\SoundEngine\NoteTables\famistudio_saw_note_table_lsb.bin","97","66D863068DE002442655FC2D1E8B1D4E9F4E8D42789B327E5A7D9FB078B788AA"
"tools\vendor\famistudio-4.5.3\SoundEngine\NoteTables\famistudio_saw_note_table_msb.bin","97","AE1463A4FF123B22073620E0F3DF4336FEDC4034B00F8872D9730F425D2E4583"
"tools\vendor\famistudio-4.5.3\SoundEngine\NoteTables\famistudio_saw_note_table_pal_lsb.bin","97","A26A65EEAC3202E95A86C88E04CBC46B0F89C3A44E3577094915C0FFE006387B"
"tools\vendor\famistudio-4.5.3\SoundEngine\NoteTables\famistudio_saw_note_table_pal_msb.bin","97","B379A5619ADE0B7FBA723E6473B43B761C6348FA27D7B4F3C501A633790FED6B"
"tools\vendor\famistudio-4.5.3\SoundEngine\NoteTables\famistudio_vrc7_note_table_lsb.bin","97","933D38BF4A62D4A2720CA0B6DDB4263E8A68DAD5C0A5B71D74C1A9A04955EB3D"
"tools\vendor\famistudio-4.5.3\SoundEngine\NoteTables\famistudio_vrc7_note_table_msb.bin","97","1F70B8B93604BF5032A0AAFD6D2A43689DB66A807B702C8485B7CD6370E87210"
"tools\vendor\famistudio-4.5.3\Tools\asm6_fixed.exe","31232","1B58A40448C9E6A442D95C409EAD975000EC2A4EBA8036DEA5D2BD678C1014F4"
"tools\vendor\fceux-2.6.6\7z_64.dll","1679360","34AD9BB80FE8BF28171E671228EB5B64A55CAA388C31CB8C0DF77C0136735891"
"tools\vendor\fceux-2.6.6\auxlib.lua","1724","C13455AFF316C7E612072FCE981BDF497A770870EE23C86FCD6E72D0BB5F39D4"
"tools\vendor\fceux-2.6.6\fceux.chm","401195","1CAB3EB001E96B48079C48B589F5105BD00CAC353098428623AE7B9BB4AE85E6"
"tools\vendor\fceux-2.6.6\fceux64.exe","5422592","DD615970B67D91ED6CE040E34686CB45A71F5F69350A69028A7625F6EF912271"
"tools\vendor\fceux-2.6.6\lua5.1.dll","314880","23719300FA4AE3116E97C313B838945BB2C1E02094DAEE8165939059AAAD82C5"
"tools\vendor\fceux-2.6.6\lua51.dll","11776","A85CED1C2078348684B74BCC20074F63A73D02881E5DCD002581ED757D8ADF86"
"tools\vendor\fceux-2.6.6\luaScripts\AVI-HeadsUpDisplay.lua","3583","666AD36B9750842E387ECF7CEFC71B40792AC8591A3F097E727E2B37436182E5"
"tools\vendor\fceux-2.6.6\luaScripts\BoulderDash_AmoebaAI.lua","25468","851FDDBEECC341234F1499D2FDDC9D1866E3439B3996E5BD91619C7F59844963"
"tools\vendor\fceux-2.6.6\luaScripts\BugsBunnyBirthdayBlowout.lua","5535","9F6B01DF8F2F83F814499DCEEE367DB3E69C7FC308071759A2C069D791698812"
"tools\vendor\fceux-2.6.6\luaScripts\ButtonCount.lua","4183","4286DE2BFC4574716BCC70D72CF64275D8AE62515236DE517ABF7750409F1AEB"
"tools\vendor\fceux-2.6.6\luaScripts\CustomLagIndicator_RvT.lua","2017","4832592B5E91A94C19CE0D6CF553E63C6BFF9994245CD68DB4518DA175F739C6"
"tools\vendor\fceux-2.6.6\luaScripts\Excitingbike-speedometeronly.lua","2348","7EB84429070DD7FB6F3981BF5F12B566E532EB4CEAAE486CFCA1F7D201D26768"
"tools\vendor\fceux-2.6.6\luaScripts\Excitingbike.lua","6099","9D7C29C89185C46E14AC0FD0576A21115934AB5592B1C5CBCAB6A9570BECC3C9"
"tools\vendor\fceux-2.6.6\luaScripts\FRKfunctions.lua","20772","FFFB259A1BFCBD26AD974FAAFC0F8962AF22DFA97D7206D0E5EC0393BA990BC3"
"tools\vendor\fceux-2.6.6\luaScripts\Galaxian.lua","5795","8CE76B7793F7E7C01BF82D3F0949AD274B4FEF62CB522CA6BD59DC0A3ED0D318"
"tools\vendor\fceux-2.6.6\luaScripts\Gradius-BulletHell.lua","11561","B6BDA6DBB984A806D3EBDE642B1B828197F4AA4E65A5AB2FC9F77870E7DF0980"
"tools\vendor\fceux-2.6.6\luaScripts\GUI-iup_button.lua","744","ED7A48D5B7EC6CC4645B7C2A4409BF1B6B4291CC97DA201C4C36E37D2AC772E7"
"tools\vendor\fceux-2.6.6\luaScripts\GUI-iup_example.lua","8299","E07B8373332449E7A83168E733871E6A6B99758338405B5C82B0A8BB0610610F"
"tools\vendor\fceux-2.6.6\luaScripts\JumpingFCEUXWindow.lua","1202","2BAB6DC5CB1775278E361392797FB159AEAA1A790B3273635B2256CF4C2EAA1D"
"tools\vendor\fceux-2.6.6\luaScripts\luabot_framework.lua","22517","81C8F78DF82D3BAB1F79124A375986FC6388E5B3226E9F55AA7A16657DA111F4"
"tools\vendor\fceux-2.6.6\luaScripts\Luabot.lua","13777","26ED9941FBC280C99DC57545688A2775C84066112B052DB7D2AC62110BF4F491"
"tools\vendor\fceux-2.6.6\luaScripts\m_utils.lua","5670","E5F6D32A86B967AE4DA5E573143F76BB6D269E1259A95712596BB4A57C855A6F"
"tools\vendor\fceux-2.6.6\luaScripts\Machrider.lua","7250","E7EA3A9A207B8485DEB82B0DA07CD2085D8FD303764C126080F948935BAD09F1"
"tools\vendor\fceux-2.6.6\luaScripts\MegamanII-LaserEyes.lua","18880","6BB2C3EA5DC604EFF23C24F71E907C21F1F02242C739654D4D0060C4D61EC02A"
"tools\vendor\fceux-2.6.6\luaScripts\MemoryWatch.lua","1479","B8C718A36AB117D45A6FDE314E899B2710204E0EB2B90E34E67476099594A990"
"tools\vendor\fceux-2.6.6\luaScripts\Multitrack.lua","27590","0F2E5BF1B2E6EAE35382084A562F2C78582D085E043D7A60DF46C56785FFA011"
"tools\vendor\fceux-2.6.6\luaScripts\Multitrack2.lua","44743","8EAB5E8F7B0F257ACFB1B20C71E54734F4871F97F47ACEA93C96FA81106BB286"
"tools\vendor\fceux-2.6.6\luaScripts\NightmareElmStreet-4Player.lua","1453","43243B700C84BBC6E0989F14D4F55BDB90BBB06764C59FA518A9DE994D0442D2"
"tools\vendor\fceux-2.6.6\luaScripts\PunchOutChallenge.lua","10402","ED08D8DF1F37D13CA7E80626EE6349DD57C3BE0D3178A9E858FB11DCDD0C18A4"
"tools\vendor\fceux-2.6.6\luaScripts\PunchOutStats.lua","2262","5AE8D3FE1A461B22213434FEC06070C74A2BF9CD06902E998881902A2C446006"
"tools\vendor\fceux-2.6.6\luaScripts\PunchOutTraining.lua","4332","E6E552CA3CFD17F429DE4550488E76CA3A39A62664508EE7602DFAA4097DF3EE"
"tools\vendor\fceux-2.6.6\luaScripts\RBIBaseball.lua","4983","D800F77F4A562309FE450E5746DEC497151B67CB360E75469FBCD0C27D84C32E"
"tools\vendor\fceux-2.6.6\luaScripts\Registerfind(CheatSearch).lua","5626","8E9E6C4642E8720447AE3FD2A5A6D8DDFA3EBBDCC26C36F41ACF59FFD909F2D7"
"tools\vendor\fceux-2.6.6\luaScripts\Rewinder.lua","2482","B56B1273F818969516CDBBFDAAEF707E97BCEBA9C27BE020A6D4F373EA67E162"
"tools\vendor\fceux-2.6.6\luaScripts\scrolling-pitch-display.lua","5740","1D82684B1D27FD415581639A455A69EB1149D9A71A38F56119E9D4950F2C8AAB"
"tools\vendor\fceux-2.6.6\luaScripts\shapedefs.lua","1176","CAF70B2FB7CF926D02E7686EFD3A55427FB4F34A57130FEEBAFCBDE363B86428"
"tools\vendor\fceux-2.6.6\luaScripts\ShowPalette.lua","1875","03EBC3BA981DCE88B0DC4B0BF6CCA8E8F319805DD9F403406434F14A909E1F70"
"tools\vendor\fceux-2.6.6\luaScripts\SMB-AreaScrambler.lua","2561","31C02D9D47DF1142955573DD070BCA81CA1E481F62815245602B8D2016E7A32D"
"tools\vendor\fceux-2.6.6\luaScripts\SMB-CompetitionRecorder.lua","3932","1665A715D476E0094B8DD210F739B0673A9223FB147AD456E9FEDF9FC3F62955"
"tools\vendor\fceux-2.6.6\luaScripts\SMB-HitBoxes.lua","8892","84DF2F3E1C714E57AD9D09B039C5668947C36B85682BDEA7A1FDC4F1A160E4D5"
"tools\vendor\fceux-2.6.6\luaScripts\SMB-Jetpack.lua","10618","5DDFB097E8AF1C84D1E2B3F72E8D6A884965E356511E7CED0845942D661218F2"
"tools\vendor\fceux-2.6.6\luaScripts\SMB-Lives&HPDisplay.lua","2245","811AC9FA08EAC8A88D014695489FE5BA63F902537D38FBE0F7F675C94C96E325"
"tools\vendor\fceux-2.6.6\luaScripts\SMB-Mouse.lua","17416","988F1D7BB5D40539880D390F5C5124232BDFCC174FE1E15EC8821FDB997002DE"
"tools\vendor\fceux-2.6.6\luaScripts\SMB-Snow.lua","6825","C3BE5B3F01B1FD02B9057C045F6D01848FA023E6F307B7FC1058CCCE58436C01"
"tools\vendor\fceux-2.6.6\luaScripts\SMB2U.lua","6222","5FE942E5A56785BB06F352D386737DCF2E7FA87279282A64E21EEA40D17C8036"
"tools\vendor\fceux-2.6.6\luaScripts\SMB3-RainbowRiding.lua","15147","8B3F9C8D86AAD6EB238A3C95232EBC3321F79D81005E70C2E4B3E1F268025F38"
"tools\vendor\fceux-2.6.6\luaScripts\SoundDisplay.lua","10941","E58B76C65FE1C250B0566E4FEAF9DCD9B2B4C54BAC89F84B1C865D893C85EC77"
"tools\vendor\fceux-2.6.6\luaScripts\SoundDisplay2.lua","13975","85168F3F8EE69A645741FC02633012D00F664AC60AEFA3E038ADE27E032B135A"
"tools\vendor\fceux-2.6.6\luaScripts\Sprites.lua","3002","C45EF536B19E8858716A888DD729841C6ED60F0B0374B0D4C67D69ABF570B5CC"
"tools\vendor\fceux-2.6.6\luaScripts\SpritesSimple.lua","1048","6A85621F2F3A5E7C42DDD8D3586D66466129F72D184D2C54A7C018F47D5D8754"
"tools\vendor\fceux-2.6.6\luaScripts\Subtitler.lua","12580","D550685784733646488EA1929A4AA3A31D04FF919DDFA4C14DD4A9840C45CB9C"
"tools\vendor\fceux-2.6.6\luaScripts\taseditor\InputDisplay_for_Selection.lua","2511","1FBF56B2F1BF1CEF5B498C2B33E13FE4D89DD5316ED4CA3E6817761E8AE34A30"
"tools\vendor\fceux-2.6.6\luaScripts\taseditor\InvertSelection.lua","1832","00AE19EC3BEB87D59B3402B175F2C674242B61E5E4ECE2A5B2A68CDABA298A7B"
"tools\vendor\fceux-2.6.6\luaScripts\taseditor\RecordBackwards.lua","4179","09396F161EF10F394F47802DD306E5F72067FA5E7F13FD5CD58D065BE6F6F082"
"tools\vendor\fceux-2.6.6\luaScripts\taseditor\ShowNotes.lua","2511","DD6EDBC3079B6537DEB12EB411300D72F7CD016378B92DBEBE9A4B67D941739B"
"tools\vendor\fceux-2.6.6\luaScripts\taseditor\Swap1P2P.lua","1502","F62F58ADF7A54EF1272BA77FB7BC52E047C4E34B74FCBFFFC4BC004C8B319ABB"
"tools\vendor\fceux-2.6.6\luaScripts\taseditor\TrackNoise.lua","3264","2E7C0ED4F9574C574334006CC865C8C301472DC94CC7F11DA3FC6DF04967EC09"
"tools\vendor\fceux-2.6.6\luaScripts\TeenageMutantNinjaTurtles.lua","1618","DAA6B3956B5140DE3DA58309DD1D0C7A63F0F79E55196FDD6655B50A181B897E"
"tools\vendor\fceux-2.6.6\luaScripts\tetris.lua","5355","C31B4314EB4527A3C4084BA1E7805AD1D67FAD876DAAFD1B9C986CA5E9D4B5BD"
"tools\vendor\fceux-2.6.6\luaScripts\UsingLuaBot-Documentation.txt","9560","9DCC0B5035EBF185C752F301443846DD30BA441ECEA5C1208118E1E4C3088BF8"
"tools\vendor\fceux-2.6.6\luaScripts\UsingLuaScripting-Documentation.txt","10365","6D72A130AAD8B1990984F99E43B7ECDB3C6B16494AA1A2B3A9E56ED65CD4D208"
"tools\vendor\fceux-2.6.6\luaScripts\UsingLuaScripting-ListofFunctions.txt","13275","0A22A4165A12E5E8E0E6510F1FE95FCE018C6B0C352C966250C56F199215832E"
"tools\vendor\fceux-2.6.6\luaScripts\vnb.lua","17034","0A66437C8E83C2EB3383EDF330BD530D94A16458FCB0376B3E6D1D9CBF66FE62"
"tools\vendor\fceux-2.6.6\luaScripts\x_functions.lua","6154","ED91843E9E4F82DEE06BF8D67E680EABD27541ED8373E1EA7CA822BC1D04F826"
"tools\vendor\fceux-2.6.6\luaScripts\x_interface.lua","3852","5A16C8F22ED0DC5B558B285626A20AB28D758DB3857EBD1996AFB817CBCDA406"
"tools\vendor\fceux-2.6.6\luaScripts\x_smb1enemylist.lua","2428","43C8FBA18A1B3CEE024AA25996892AE6FAC425DCD9090B8D95A5AD909D9C9870"
"tools\vendor\fceux-2.6.6\luaScripts\ZapperDisplay.lua","858","679CFB9351C21249FD4C96315E49D72DF6E300955DE6DAF13FB969FF70AAC1DC"
"tools\vendor\fceux-2.6.6\luaScripts\ZapperFun.lua","1863","2B111750E47F8105A3FD500EB33F365FD574EF7F8D4416A7CBED31F1E253B751"
"tools\vendor\fceux-2.6.6\palettes\ASQ_realityA.pal","192","FCA4701F8C3A9EAFC439762AD45EC8FC626B13F7E720834895BDC226A83899AA"
"tools\vendor\fceux-2.6.6\palettes\ASQ_realityB.pal","192","7081A7CFB0BDC9D11804B05D037AE7B2F7D41240455C75603390D8EF6C3076C4"
"tools\vendor\fceux-2.6.6\palettes\BMF_final2.pal","192","3780811B66B13FE9A32E5185F46ECADD669F52B95F64870456A0D062A0E04F70"
"tools\vendor\fceux-2.6.6\palettes\BMF_final3.pal","192","66CEF0B78243AE12ED3DF45A09FC1C9371922FC404443463DE404DA61EC39073"
"tools\vendor\fceux-2.6.6\palettes\Composite_Direct_FBX.pal","192","F035D4BD3EFF11B100A0C63AC7CE176C5224B5E805488FE5BB15E94C1B6AF22C"
"tools\vendor\fceux-2.6.6\palettes\FCEU-13-default_nitsuja.pal","192","F41C98318B0C31121E43946FB8DD94889D11AC071A9097E73FC782D1BBF47E3A"
"tools\vendor\fceux-2.6.6\palettes\FCEU-15-nitsuja_new.pal","192","20CD427A8CEB888F1B0E538C26F0B7368B58648F3C07260E1BEAAED1B5C7674C"
"tools\vendor\fceux-2.6.6\palettes\FCEUX.pal","192","BBB0355BCADC4BE771EFEB81930B09B17D97DCB8C70167A652902A789158C5F8"
"tools\vendor\fceux-2.6.6\palettes\NES_Classic_FBX.pal","192","26072575ABB8A28C1F541B8CBCF6386A9BB136C6FF397FC76D649B8E10F220FB"
"tools\vendor\fceux-2.6.6\palettes\nestopia_rgb.pal","192","9ED31878C480C803534AF2E330BB35D440C0401FA366B9C99122AF6810A58541"
"tools\vendor\fceux-2.6.6\palettes\nestopia_yuv.pal","192","52291E710C695E1B6EF593D67C64584F791FD3AE4B55AF3A00CD6D56FEA09E1D"
"tools\vendor\fceux-2.6.6\palettes\NRS_NTSC.pal","192","95BCA20B3DE42E05EF4DC8FCD7B21BB56A6FAABCC6FCEAB301C0F3C332DC89E4"
"tools\vendor\fceux-2.6.6\palettes\NRS_PAL.pal","192","6A51CB1F230EAABC0669859689C7956C7C7FCCA3059E4792F30905BD9A19BF2A"
"tools\vendor\fceux-2.6.6\palettes\PC-10.pal","192","9ED31878C480C803534AF2E330BB35D440C0401FA366B9C99122AF6810A58541"
"tools\vendor\fceux-2.6.6\palettes\PVM_Style_D93_FBX.pal","192","8D168EFE6A408DB2734277AB9B6E5B4E3112403E5892C5DE82F5C8EAEC7CDAFE"
"tools\vendor\fceux-2.6.6\palettes\r57shell_PAL.pal","192","C798E4F55D760D69ED20D9046D7BF55E4FEE138E713D97180E4BB341B4FC9365"
"tools\vendor\fceux-2.6.6\palettes\RP2C03.pal","1536","A7E4F76794ED7556CD2790E99AFBA69BFF9E3C0063994EE1F810CF078D7A2A9B"
"tools\vendor\fceux-2.6.6\palettes\RP2C04_0001.pal","1536","5CE2C96A6A0CA788ECB32BA7895D4548996A91FAE38D488CC04F73E73D330529"
"tools\vendor\fceux-2.6.6\palettes\RP2C04_0002.pal","1536","AC50E72AEC5658680BDFE761FEC37C5A96DCB043FA208D6CE0004FC3ADE06C7A"
"tools\vendor\fceux-2.6.6\palettes\RP2C04_0003.pal","1536","CC81A0EC45745F72AA3450207AC7E97C12D2E0172E581194E468A921BC19067A"
"tools\vendor\fceux-2.6.6\palettes\RP2C04_0004.pal","1536","F69D72ABC5A388306FFF94BC279421755469C216C46E217BE1C8149B9585B759"
"tools\vendor\fceux-2.6.6\palettes\Smooth_FBX.pal","192","1C30CB22380976043FF80AE907ADB1C12F34AC9C040EE417C90592D43D62CDE0"
"tools\vendor\fceux-2.6.6\palettes\SONY_CXA2025AS_US.pal","192","ABFAA5AEBB3001BD08C8F246C79D99F8F6B7FC98D1DBA493B0C32E857A91BF51"
"tools\vendor\fceux-2.6.6\palettes\Unsaturated-V6.pal","192","0A8C557C1BF6880D1FCF1BD234F1240F358B62CEC04945A5340970259D950179"
"tools\vendor\fceux-2.6.6\palettes\Wavebeam.pal","192","39D76DEECBFC98AB660B528FE1505FF912D2801F415F69C1474D8BB404123DA9"
"tools\vendor\fceux-2.6.6\taseditor.chm","927849","66678B210E60DA71589A6C801BD09E1C47C15FB54DB5C759E8AE8DD331306337"
"tools\vendor\fceux-2.6.6\tools\taseditor_patterns.txt","1330","93860F8E00EC2C804E3EEFDE5FF10B754708280A45C1A276CAC23CB0AA9FE38D"
"tools\vendor\mesen-0.9.9\Mesen.exe","11693568","A480C42B28424FFC9517E003B458926D7920E860494103F1E0805E6AD972C08B"
"tools\vendor\mesen-0.9.9\MesenCore.dll","3133440","B8578EE6F694EFD730FE3497AA4A8AF2A6951322F9426BAD603DD2F6FC2FBC9C"
"tools\vendor\mesen-0.9.9\MesenDB.txt","773112","9A6D5249ED0134DE2EF14D4A0F54B8E381305014BF04852DB97D645CD55D9894"
"tools\vendor\mesen-0.9.9\MesenUpdater.exe","23552","0775AB2AFF05300B4C835E60D5C404407CE496E6B6BE1AD2B911714C50C6CBEE"
"tools\vendor\mesen-0.9.9\Resources\Font.24.spritefont","1860904","C0563DACDE23BB13FF4DDAF0299A73633D6A31E64A7D35CEA03BE242B526EC1C"
"tools\vendor\mesen-0.9.9\Resources\Font.64.spritefont","59720","F4AEDBE60E6B8ADC593C66DF67DD4457E0531CF9B38A1FA247903A838F081BF6"
"tools\vendor\mesen-0.9.9\Resources\LICENSE.txt","4729","FBF64516272F385E88253234BCFF45D2CD89ADC4EE3A36BCBDDCE065BBF72D51"
"tools\vendor\mesen-0.9.9\settings.xml","63401","E527C968CC0A67323F131BD6EBD351BA3A7C3BD5537A639C588714AE722BC19B"
"tools\vendor\virtua-nsf\NSF音乐播放器.exe","208896","D8459E7F910D5C5BA47C19A2D6DDDCE302612969B93706A3C97D30B63CAA7A46"
"tools\vendor\virtua-nsf\VirtuaNSF.ini","315","2648884C4B0E9F8A473BBF8948CA1797FAB028F8281E6B710259AD72CD524063"
"tools\verify_feedback_dialog_lifecycle.py","8925","83C345E730FBFFBEA22F0612A856EC116099F6192CFEA91D06F48BFACC621439"
"tools\verify_legacy_unit_export.py","5303","46CF049C0E7C7DD68418AED9027F171945BCB79F97C2DAE16DE4D0064A8A633A"
