                                ; Second FamiStudio music/SFX engine for the expanded dual-engine DC.nes.
                                ; Logical CPU range: $A000-$BFFF, mapped as Mapper 194 PRG bank $64.
                                
                                    .fillvalue $00
                                    .base $a000
0A000                           
0A000                           dc_dual_init:
0A000 4C 20 A0                      jmp famistudio_init
0A003                           dc_dual_play:
0A003 4C B8 A0                      jmp famistudio_music_play
0A006                           dc_dual_stop:
0A006 4C 64 A0                      jmp famistudio_music_stop
0A009                           dc_dual_update:
0A009 4C 68 A1                      jmp famistudio_update
0A00C                           dc_dual_sfx_init:
0A00C 4C 3D A5                      jmp famistudio_sfx_init
0A00F                           dc_dual_sfx_play:
0A00F 4C 66 A5                      jmp famistudio_sfx_play
0A012                           
0A012                           ; Commands $9D-$9F select these three banks. Each bank contains one song.
0A012                           dc_dual_data_banks:
0A012 61 62 63 44                   db $61, $62, $63, "D"
0A016                           
0A016                           FAMISTUDIO_CFG_EXTERNAL       = 1
0A016                           FAMISTUDIO_CFG_NTSC_SUPPORT   = 1
0A016                           FAMISTUDIO_CFG_DPCM_SUPPORT   = 0
0A016                           FAMISTUDIO_CFG_SFX_SUPPORT    = 1
0A016                           FAMISTUDIO_CFG_SFX_STREAMS    = 1
0A016                           FAMISTUDIO_USE_VOLUME_TRACK   = 1
0A016                           FAMISTUDIO_USE_PITCH_TRACK    = 1
0A016                           FAMISTUDIO_CFG_SCATTERED_BSS  = 1
0A016                           FAMISTUDIO_CFG_DC_COMPACT_BSS = 1
0A016                           FAMISTUDIO_CFG_DC_FIXED_MUSIC_BASE = 1
0A016                           FAMISTUDIO_CFG_DC_FIXED_SFX_TABLE  = 1
0A016                           
0A016                           ; Both engines reuse the stock driver's certified RAM, but never update in
0A016                           ; the same frame.  FamiStudio owns it only while a custom song is active;
0A016                           ; the stock engine is fully reset before a stock command is replayed.
0A016                           FAMISTUDIO_ASM6_ZP_ENUM       = $0000
0A016                           FAMISTUDIO_ASM6_BSS_ENUM      = $0500
0A016                           FAMISTUDIO_ASM6_CODE_BASE     = $a020
0A016                           
0A016 00 00 00 00 00 00 00 00..     .dsb $0a, $00
0A020                               .include "famistudio_asm6_granzon.asm"
0A020                           ;======================================================================================================================
0A020                           ; FAMISTUDIO SOUND ENGINE (4.5.0)
0A020                           ; Copyright (c) 2019-2026 Mathieu Gauthier
0A020                           ;
0A020                           ; Copying and distribution of this file, with or without
0A020                           ; modification, are permitted in any medium without royalty provided
0A020                           ; the copyright notice and this notice are preserved in all source
0A020                           ; code copies. This file is offered as-is, without any warranty.
0A020                           ;======================================================================================================================
0A020                           
0A020                           ;======================================================================================================================
0A020                           ; This is the FamiStudio sound engine. It is used by the NSF and ROM exporter of FamiStudio and can be used to make 
0A020                           ; games. It supports every feature from FamiStudio, some of them are toggeable to save CPU/memory.
0A020                           ;
0A020                           ; This is essentially a heavily modified version of FamiTone2 by Shiru. A lot of his code and comments are still
0A020                           ; present here, so massive thanks to him!! I am not trying to steal his work or anything, i renamed a lot of functions
0A020                           ; and variables because at some point it was becoming a mess of coding standards and getting hard to maintain.
0A020                           ;
0A020                           ; Moderately advanced users can probably figure out how to use the sound engine simply by reading these comments.
0A020                           ; For more in-depth documentation, please go to:
0A020                           ;
0A020                           ;    https://famistudio.org/doc/soundengine/
0A020                           ;======================================================================================================================
0A020                           
0A020                           ;======================================================================================================================
0A020                           ; INTERFACE
0A020                           ;
0A020                           ; The interface is pretty much the same as FamiTone2, with a slightly different naming convention. The subroutines you
0A020                           ; can call from your game are: 
0A020                           ;
0A020                           ;   - famistudio_init            : Initialize the engine with some music data.
0A020                           ;   - famistudio_music_play      : Start music playback with a specific song.
0A020                           ;   - famistudio_music_pause     : Pause/unpause music playback.
0A020                           ;   - famistudio_music_stop      : Stops music playback.
0A020                           ;   - famistudio_sfx_init        : Initialize SFX engine with SFX data.
0A020                           ;   - famistudio_sfx_play        : Play a SFX.
0A020                           ;   - famistudio_sfx_sample_play : Play a DPCM SFX.
0A020                           ;   - famistudio_update          : Updates the music/SFX engine, call once per frame, ideally from NMI.
0A020                           ;
0A020                           ; You can check the demo ROM to see how they are used or check out the online documentation for more info.
0A020                           ;======================================================================================================================
0A020                           
0A020                           ;======================================================================================================================
0A020                           ; CONFIGURATION
0A020                           ;
0A020                           ; There are 2 main ways of configuring the engine. 
0A020                           ;
0A020                           ;   1) The simplest way is right here, in the section below. Simply comment/uncomment these defines, and move on 
0A020                           ;      with your life.
0A020                           ;
0A020                           ;   2) The second way is "externally", using definitions coming from elsewhere in your app or the command line. If you
0A020                           ;      wish do so, simply define FAMISTUDIO_CFG_EXTERNAL=1 and this whole section will be ignored. You are then 
0A020                           ;      responsible for providing all configuration. This is useful if you have multiple projects that needs 
0A020                           ;      different configurations, while pointing to the same code file. This is how the provided demos and FamiStudio
0A020                           ;      uses it.
0A020                           ;
0A020                           ; Note that unless specified, the engine uses "if" and not "ifdef" for all boolean values so you need to define these
0A020                           ; to non-zero values. Undefined values will be assumed to be zero.
0A020                           ;
0A020                           ; There are 4 main things to configure, each of them will be detailed below.
0A020                           ;
0A020                           ;   1) Segments (ZP/RAM/PRG)
0A020                           ;   2) Audio expansion
0A020                           ;   3) Global engine parameters
0A020                           ;   4) Supported features
0A020                           ;======================================================================================================================
0A020                           
0A020                           .ifndef FAMISTUDIO_CFG_EXTERNAL 
0A020                               FAMISTUDIO_CFG_EXTERNAL = 0
0A020                           .endif
0A020                           
0A020                           ; Set this to configure the sound engine from outside (in your app, or from the command line)
0A020                           .if !FAMISTUDIO_CFG_EXTERNAL
0A020                           
0A020                           ;======================================================================================================================
0A020                           ; 1) SEGMENT CONFIGURATION
0A020                           ;
0A020                           ; You need to tell where you want to allocate the zeropage, RAM and code. This section will be slightly different for
0A020                           ; each assembler.
0A020                           ;
0A020                           ; For ASM6, you need to specify the .enum location for zeroage and RAM/BSS as well as the .org for the engine code.
0A020                           ;======================================================================================================================
0A020                           
0A020                           FAMISTUDIO_ASM6_ZP_ENUM   = $0000
0A020                           FAMISTUDIO_ASM6_BSS_ENUM  = $0200
0A020                           FAMISTUDIO_ASM6_CODE_BASE = $8000
0A020                           
0A020                           ;======================================================================================================================
0A020                           ; 2) AUDIO EXPANSION CONFIGURATION
0A020                           ;
0A020                           ; You can enable up to one audio expansion (FAMISTUDIO_EXP_XXX). Enabling more than one expansion will lead to
0A020                           ; undefined behavior. Memory usage goes up as more complex expansions are used. The audio expansion you choose
0A020                           ; **MUST MATCH** with the data you will load in the engine. Loading a FDS song while enabling VRC6 will lead to
0A020                           ; undefined behavior.
0A020                           ;======================================================================================================================
0A020                           
0A020                           ; Konami VRC6 (2 extra square + saw)
0A020                           ; FAMISTUDIO_EXP_VRC6          = 1 
0A020                           
0A020                           ; Rainbow-Net (homebrew clone of VRC6)
0A020                           ; FAMISTUDIO_EXP_RAINBOW       = 1
0A020                           
0A020                           ; Konami VRC7 (6 FM channels)
0A020                           ; FAMISTUDIO_EXP_VRC7          = 1 
0A020                           
0A020                           ; Nintendo MMC5 (2 extra squares, extra DPCM not supported)
0A020                           ; FAMISTUDIO_EXP_MMC5          = 1 
0A020                           
0A020                           ; Sunsoft S5B (2 extra squares, advanced features not supported.)
0A020                           ; FAMISTUDIO_EXP_S5B           = 1 
0A020                           
0A020                           ; Famicom Disk System (extra wavetable channel)
0A020                           ; FAMISTUDIO_EXP_FDS           = 1 
0A020                           
0A020                           ; Namco 163 (between 1 and 8 extra wavetable channels) + number of channels.
0A020                           ; FAMISTUDIO_EXP_N163          = 1 
0A020                           ; FAMISTUDIO_EXP_N163_CHN_CNT  = 4
0A020                           
0A020                           ; EPSM (Expansion Port Sound Module)
0A020                           ; FAMISTUDIO_EXP_EPSM          = 1
0A020                           ; Fine-tune control for enabling specific channels
0A020                           ; Default values for the channels are to enable all channels.
0A020                           ; FAMISTUDIO_EXP_EPSM_SSG_CHN_CNT     = 3
0A020                           ; FAMISTUDIO_EXP_EPSM_FM_CHN_CNT      = 6
0A020                           ; FAMISTUDIO_EXP_EPSM_RHYTHM_CHN1_ENABLE = 1
0A020                           ; FAMISTUDIO_EXP_EPSM_RHYTHM_CHN2_ENABLE = 1
0A020                           ; FAMISTUDIO_EXP_EPSM_RHYTHM_CHN3_ENABLE = 1
0A020                           ; FAMISTUDIO_EXP_EPSM_RHYTHM_CHN4_ENABLE = 1
0A020                           ; FAMISTUDIO_EXP_EPSM_RHYTHM_CHN5_ENABLE = 1
0A020                           ; FAMISTUDIO_EXP_EPSM_RHYTHM_CHN6_ENABLE = 1
0A020                           
0A020                           ;======================================================================================================================
0A020                           ; 3) GLOBAL ENGINE CONFIGURATION
0A020                           ;
0A020                           ; These are parameters that configures the engine, but are independent of the data you will be importing, such as
0A020                           ; which platform (PAL/NTSC) you want to support playback for, whether SFX are enabled or not, etc. They all have the
0A020                           ; form FAMISTUDIO_CFG_XXX.
0A020                           ;======================================================================================================================
0A020                           
0A020                           ; One of these MUST be defined (PAL or NTSC playback). Note that only NTSC support is supported when using any of the audio expansions.
0A020                           ; FAMISTUDIO_CFG_PAL_SUPPORT   = 1
0A020                           FAMISTUDIO_CFG_NTSC_SUPPORT  = 1
0A020                           
0A020                           ; Support for sound effects playback + number of SFX that can play at once.
0A020                           ; FAMISTUDIO_CFG_SFX_SUPPORT   = 1
0A020                           ; FAMISTUDIO_CFG_SFX_STREAMS   = 2
0A020                           
0A020                           ; Blaarg's smooth vibrato technique. Eliminates phase resets ("pops") on square channels. 
0A020                           ; FAMISTUDIO_CFG_SMOOTH_VIBRATO = 1
0A020                           
0A020                           ; Enables DPCM playback support.
0A020                           FAMISTUDIO_CFG_DPCM_SUPPORT   = 1
0A020                           
0A020                           ; Must be enabled if you are calling sound effects from a different thread than the sound engine update.
0A020                           ; FAMISTUDIO_CFG_THREAD         = 1
0A020                           
0A020                           ;======================================================================================================================
0A020                           ; 4) SUPPORTED FEATURES CONFIGURATION
0A020                           ;
0A020                           ; Every feature supported in FamiStudio is supported by this sound engine. If you know for sure that you are not using
0A020                           ; specific features in your music, you can disable them to save memory/processing time. Using a feature in your song
0A020                           ; and failing to enable it will likely lead to crashes (BRK), or undefined behavior. They all have the form
0A020                           ; FAMISTUDIO_USE_XXX.
0A020                           ;======================================================================================================================
0A020                           
0A020                           ; Must be enabled if the songs you will be importing have been created using FamiTracker tempo mode. If you are using
0A020                           ; FamiStudio tempo mode, this must be undefined. You cannot mix and match tempo modes, the engine can only run in one
0A020                           ; mode or the other. 
0A020                           ; More information at: https://famistudio.org/doc/song/#tempo-modes
0A020                           ; FAMISTUDIO_USE_FAMITRACKER_TEMPO = 1
0A020                           
0A020                           ; Must be enabled if the songs uses delayed notes or delayed cuts. This is obviously only available when using
0A020                           ; FamiTracker tempo mode as FamiStudio tempo mode does not need this.
0A020                           ; FAMISTUDIO_USE_FAMITRACKER_DELAYED_NOTES_OR_CUTS = 1
0A020                           
0A020                           ; Must be enabled if the songs uses release notes. 
0A020                           ; More information at: https://famistudio.org/doc/pianoroll/#release-point
0A020                           FAMISTUDIO_USE_RELEASE_NOTES = 1
0A020                           
0A020                           ; Must be enabled if any song uses the volume track. The volume track allows manipulating the volume at the track level
0A020                           ; independently from instruments.
0A020                           ; More information at: https://famistudio.org/doc/pianoroll/#editing-volume-tracks-effects
0A020                           FAMISTUDIO_USE_VOLUME_TRACK      = 1
0A020                           
0A020                           ; Must be enabled if any song uses slides on the volume track. Volume track must be enabled too.
0A020                           ; More information at: https://famistudio.org/doc/pianoroll/#editing-volume-tracks-effects
0A020                           ; FAMISTUDIO_USE_VOLUME_SLIDES     = 1
0A020                           
0A020                           ; Must be enabled if any song uses the pitch track. The pitch track allows manipulating the pitch at the track level
0A020                           ; independently from instruments.
0A020                           ; More information at: https://famistudio.org/doc/pianoroll/#pitch
0A020                           FAMISTUDIO_USE_PITCH_TRACK       = 1
0A020                           
0A020                           ; Must be enabled if any song uses slide notes. Slide notes allows portamento and slide effects.
0A020                           ; More information at: https://famistudio.org/doc/pianoroll/#slide-notes
0A020                           FAMISTUDIO_USE_SLIDE_NOTES       = 1
0A020                           
0A020                           ; Must be enabled if any song uses slide notes on the noise channel too. 
0A020                           ; More information at: https://famistudio.org/doc/pianoroll/#slide-notes
0A020                           ; FAMISTUDIO_USE_NOISE_SLIDE_NOTES = 1
0A020                           
0A020                           ; Must be enabled if any song uses the vibrato speed/depth effect track. 
0A020                           ; More information at: https://famistudio.org/doc/pianoroll/#vibrato-depth-speed
0A020                           FAMISTUDIO_USE_VIBRATO           = 1
0A020                           
0A020                           ; Must be enabled if any song uses arpeggios (not to be confused with instrument arpeggio envelopes, those are always
0A020                           ; supported).
0A020                           ; More information at: (TODO)
0A020                           FAMISTUDIO_USE_ARPEGGIO          = 1
0A020                           
0A020                           ; Must be enabled if any song uses the "Duty Cycle" effect (equivalent of FamiTracker Vxx, also called "Timbre").  
0A020                           ; FAMISTUDIO_USE_DUTYCYCLE_EFFECT  = 1
0A020                           
0A020                           ; Must be enabled if any song uses the DPCM delta counter. Only makes sense if DPCM samples
0A020                           ; are enabled (FAMISTUDIO_CFG_DPCM_SUPPORT).
0A020                           ; More information at: (TODO)
0A020                           ; FAMISTUDIO_USE_DELTA_COUNTER     = 1
0A020                           
0A020                           ; Must be enabled if your project uses more than 1 bank of DPCM samples.
0A020                           ; When using this, you must implement the "famistudio_dpcm_bank_callback" callback 
0A020                           ; and switch to the correct bank every time a sample is played.
0A020                           ; FAMISTUDIO_USE_DPCM_BANKSWITCHING = 1
0A020                           
0A020                           ; Must be enabled if your project uses more than 63 unique DPCM mappings (a mapping is DPCM sample
0A020                           ; assigned to a note, with a specific pitch/loop, etc.). Implied when using FAMISTUDIO_USE_DPCM_BANKSWITCHING.
0A020                           ; FAMISTUDIO_USE_DPCM_EXTENDED_RANGE = 1
0A020                           
0A020                           ; Allows having up to 256 instrument at the cost of slightly higher CPU usage when switching instrument.
0A020                           ; When this is off, the limit is 64 for regular instruments and 32 for expansion instrumnets.
0A020                           ; FAMISTUDIO_USE_INSTRUMENT_EXTENDED_RANGE = 1
0A020                           
0A020                           ; Must be enabled if your project uses the "Phase Reset" effect.
0A020                           ; FAMISTUDIO_USE_PHASE_RESET = 1
0A020                           
0A020                           ; Must be enabled if your project uses the FDS expansion and at least one instrument with FDS Auto-Mod enabled.
0A020                           ; FAMISTUDIO_USE_FDS_AUTOMOD  = 1
0A020                           
0A020                           .endif
0A020                           
0A020                           ; Memory location of the DPCM samples. Must be between $c000 and $ffc0, and a multiple of 64.
0A020                           .ifndef FAMISTUDIO_DPCM_OFF
0A020                               FAMISTUDIO_DPCM_OFF = $c000
0A020                           .endif
0A020                           
0A020                           ;======================================================================================================================
0A020                           ; END OF CONFIGURATION
0A020                           ;
0A020                           ; Ideally, you should not have to change anything below this line.
0A020                           ;======================================================================================================================
0A020                           
0A020                           ;======================================================================================================================
0A020                           ; INTERNAL DEFINES (Do not touch)
0A020                           ;======================================================================================================================
0A020                           
0A020                           .ifndef FAMISTUDIO_EXP_RAINBOW
0A020                               FAMISTUDIO_EXP_RAINBOW = 0
0A020                           .endif
0A020                           
0A020                           .if FAMISTUDIO_EXP_RAINBOW
0A020                               FAMISTUDIO_EXP_VRC6 = 1
0A020                           .endif
0A020                           
0A020                           .ifndef FAMISTUDIO_EXP_VRC6
0A020                               FAMISTUDIO_EXP_VRC6 = 0
0A020                           .endif
0A020                           
0A020                           .ifndef FAMISTUDIO_EXP_VRC7
0A020                               FAMISTUDIO_EXP_VRC7 = 0
0A020                           .endif
0A020                           
0A020                           .ifndef FAMISTUDIO_EXP_EPSM
0A020                               FAMISTUDIO_EXP_EPSM = 0
0A020                               FAMISTUDIO_EXP_EPSM_ENV_CNT = 0
0A020                               FAMISTUDIO_EXP_EPSM_RHYTHM_CNT = 0
0A020                               FAMISTUDIO_EXP_EPSM_FM_CHN_CNT = 0
0A020                               FAMISTUDIO_EXP_EPSM_SSG_CHN_CNT = 0
0A020                               FAMISTUDIO_EXP_EPSM_TRIG_CHN = 0
0A020                           .else
0A020                               .ifndef FAMISTUDIO_EXP_EPSM_SSG_CHN_CNT
0A020                                   FAMISTUDIO_EXP_EPSM_SSG_CHN_CNT     = 3
0A020                               .endif
0A020                               .ifndef FAMISTUDIO_EXP_EPSM_FM_CHN_CNT
0A020                                   FAMISTUDIO_EXP_EPSM_FM_CHN_CNT      = 6
0A020                               .endif
0A020                               .ifndef FAMISTUDIO_EXP_EPSM_RHYTHM_CHN1_ENABLE
0A020                                   FAMISTUDIO_EXP_EPSM_RHYTHM_CHN1_ENABLE = 1
0A020                               .endif
0A020                               .ifndef FAMISTUDIO_EXP_EPSM_RHYTHM_CHN2_ENABLE
0A020                                   FAMISTUDIO_EXP_EPSM_RHYTHM_CHN2_ENABLE = 1
0A020                               .endif
0A020                               .ifndef FAMISTUDIO_EXP_EPSM_RHYTHM_CHN3_ENABLE
0A020                                   FAMISTUDIO_EXP_EPSM_RHYTHM_CHN3_ENABLE = 1
0A020                               .endif
0A020                               .ifndef FAMISTUDIO_EXP_EPSM_RHYTHM_CHN4_ENABLE
0A020                                   FAMISTUDIO_EXP_EPSM_RHYTHM_CHN4_ENABLE = 1
0A020                               .endif
0A020                               .ifndef FAMISTUDIO_EXP_EPSM_RHYTHM_CHN5_ENABLE
0A020                                   FAMISTUDIO_EXP_EPSM_RHYTHM_CHN5_ENABLE = 1
0A020                               .endif
0A020                               .ifndef FAMISTUDIO_EXP_EPSM_RHYTHM_CHN6_ENABLE
0A020                                   FAMISTUDIO_EXP_EPSM_RHYTHM_CHN6_ENABLE = 1
0A020                               .endif
0A020                           .endif
0A020                           
0A020                           .ifndef FAMISTUDIO_EXP_MMC5
0A020                               FAMISTUDIO_EXP_MMC5 = 0
0A020                           .endif
0A020                           
0A020                           .ifndef FAMISTUDIO_EXP_S5B
0A020                               FAMISTUDIO_EXP_S5B = 0
0A020                           .endif
0A020                           
0A020                           .ifndef FAMISTUDIO_EXP_FDS
0A020                               FAMISTUDIO_EXP_FDS = 0
0A020                           .endif
0A020                           
0A020                           .ifndef FAMISTUDIO_EXP_N163
0A020                               FAMISTUDIO_EXP_N163 = 0
0A020                           .endif
0A020                           
0A020                           .ifndef FAMISTUDIO_EXP_N163_CHN_CNT
0A020                               FAMISTUDIO_EXP_N163_CHN_CNT = 1
0A020                           .endif
0A020                           
0A020                           .ifndef FAMISTUDIO_CFG_PAL_SUPPORT
0A020                               FAMISTUDIO_CFG_PAL_SUPPORT = 0
0A020                           .endif
0A020                           
0A020                           .ifndef FAMISTUDIO_CFG_NTSC_SUPPORT
0A020                               .if FAMISTUDIO_CFG_PAL_SUPPORT
0A020                                   FAMISTUDIO_CFG_NTSC_SUPPORT = 0
0A020                               .else
0A020                                   FAMISTUDIO_CFG_NTSC_SUPPORT = 1
0A020                               .endif
0A020                           .endif
0A020                           
0A020                           .if FAMISTUDIO_CFG_NTSC_SUPPORT && FAMISTUDIO_CFG_PAL_SUPPORT
0A020                               FAMISTUDIO_DUAL_SUPPORT = 1
0A020                           .else
0A020                               FAMISTUDIO_DUAL_SUPPORT = 0
0A020                           .endif
0A020                           
0A020                           .ifndef FAMISTUDIO_CFG_SFX_SUPPORT
0A020                               FAMISTUDIO_CFG_SFX_SUPPORT = 0
0A020                               FAMISTUDIO_CFG_SFX_STREAMS = 0
0A020                           .endif
0A020                           
0A020                           .ifndef FAMISTUDIO_CFG_SFX_STREAMS
0A020                               FAMISTUDIO_CFG_SFX_STREAMS = 1
0A020                           .endif
0A020                           
0A020                           .ifndef FAMISTUDIO_CFG_SMOOTH_VIBRATO
0A020                               FAMISTUDIO_CFG_SMOOTH_VIBRATO = 0
0A020                           .endif
0A020                           
0A020                           .ifndef FAMISTUDIO_CFG_DPCM_SUPPORT
0A020                               FAMISTUDIO_CFG_DPCM_SUPPORT = 0
0A020                           .endif
0A020                           
0A020                           .ifndef FAMISTUDIO_CFG_EQUALIZER
0A020                               FAMISTUDIO_CFG_EQUALIZER = 0
0A020                           .endif
0A020                           
0A020                           .ifndef FAMISTUDIO_USE_FAMITRACKER_TEMPO
0A020                               FAMISTUDIO_USE_FAMITRACKER_TEMPO = 0
0A020                           .endif
0A020                           
0A020                           .ifndef FAMISTUDIO_USE_FAMITRACKER_DELAYED_NOTES_OR_CUTS
0A020                               FAMISTUDIO_USE_FAMITRACKER_DELAYED_NOTES_OR_CUTS = 0
0A020                           .endif
0A020                           
0A020                           .ifndef FAMISTUDIO_USE_VOLUME_TRACK
0A020                               FAMISTUDIO_USE_VOLUME_TRACK = 0
0A020                           .endif
0A020                           
0A020                           .ifndef FAMISTUDIO_USE_VOLUME_SLIDES
0A020                               FAMISTUDIO_USE_VOLUME_SLIDES = 0
0A020                           .endif
0A020                           
0A020                           .ifndef FAMISTUDIO_USE_PITCH_TRACK
0A020                               FAMISTUDIO_USE_PITCH_TRACK = 0
0A020                           .endif
0A020                           
0A020                           .ifndef FAMISTUDIO_USE_SLIDE_NOTES
0A020                               FAMISTUDIO_USE_SLIDE_NOTES = 0
0A020                           .endif
0A020                           
0A020                           .ifndef FAMISTUDIO_USE_NOISE_SLIDE_NOTES
0A020                               FAMISTUDIO_USE_NOISE_SLIDE_NOTES = 0
0A020                           .endif
0A020                           
0A020                           .ifndef FAMISTUDIO_USE_VIBRATO
0A020                               FAMISTUDIO_USE_VIBRATO = 0
0A020                           .endif
0A020                           
0A020                           .ifndef FAMISTUDIO_USE_ARPEGGIO
0A020                               FAMISTUDIO_USE_ARPEGGIO = 0
0A020                           .endif
0A020                           
0A020                           .ifndef FAMISTUDIO_USE_DUTYCYCLE_EFFECT
0A020                               FAMISTUDIO_USE_DUTYCYCLE_EFFECT = 0
0A020                           .endif
0A020                           
0A020                           .ifndef FAMISTUDIO_USE_DELTA_COUNTER
0A020                               FAMISTUDIO_USE_DELTA_COUNTER = 0
0A020                           .endif
0A020                           
0A020                           .ifndef FAMISTUDIO_USE_PHASE_RESET
0A020                               FAMISTUDIO_USE_PHASE_RESET = 0
0A020                           .endif
0A020                           
0A020                           .ifndef FAMISTUDIO_USE_FDS_AUTOMOD
0A020                               FAMISTUDIO_USE_FDS_AUTOMOD = 0
0A020                           .endif
0A020                           
0A020                           .ifndef FAMISTUDIO_USE_RELEASE_NOTES
0A020                               FAMISTUDIO_USE_RELEASE_NOTES = 0    
0A020                           .endif
0A020                           
0A020                           .ifndef FAMISTUDIO_USE_DPCM_EXTENDED_RANGE
0A020                               FAMISTUDIO_USE_DPCM_EXTENDED_RANGE = 0
0A020                           .endif
0A020                           
0A020                           .ifndef FAMISTUDIO_USE_INSTRUMENT_EXTENDED_RANGE
0A020                               FAMISTUDIO_USE_INSTRUMENT_EXTENDED_RANGE = 0
0A020                           .endif
0A020                           
0A020                           .ifndef FAMISTUDIO_USE_DPCM_BANKSWITCHING
0A020                               FAMISTUDIO_USE_DPCM_BANKSWITCHING = 0
0A020                           .endif
0A020                           
0A020                           .ifndef FAMISTUDIO_CFG_THREAD
0A020                               FAMISTUDIO_CFG_THREAD = 0
0A020                           .endif
0A020                           
0A020                           .if (FAMISTUDIO_EXP_VRC6 + FAMISTUDIO_EXP_VRC7 + FAMISTUDIO_EXP_EPSM + FAMISTUDIO_EXP_MMC5 + FAMISTUDIO_EXP_S5B + FAMISTUDIO_EXP_FDS + FAMISTUDIO_EXP_N163) = 0
0A020                               FAMISTUDIO_EXP_NONE = 1
0A020                           .else
0A020                               FAMISTUDIO_EXP_NONE = 0
0A020                           .endif
0A020                           
0A020                           .if (FAMISTUDIO_EXP_VRC7 + FAMISTUDIO_EXP_EPSM + FAMISTUDIO_EXP_N163 + FAMISTUDIO_EXP_FDS + FAMISTUDIO_EXP_S5B)
0A020                               FAMISTUDIO_EXP_NOTE_START = 5
0A020                           .endif
0A020                           .if FAMISTUDIO_EXP_VRC6
0A020                               FAMISTUDIO_EXP_NOTE_START = 7
0A020                           .endif
0A020                           
0A020                           .if FAMISTUDIO_USE_NOISE_SLIDE_NOTES && (FAMISTUDIO_USE_SLIDE_NOTES = 0)
0A020                               .error "Noise slide notes can only be used when regular slide notes are enabled too."
0A020                           .endif
0A020                           
0A020                           .if FAMISTUDIO_USE_VOLUME_SLIDES && (FAMISTUDIO_USE_VOLUME_TRACK = 0)
0A020                               .error "Volume slides can only be used when the volume track is enabled too."
0A020                           .endif
0A020                           
0A020                           .if FAMISTUDIO_USE_FAMITRACKER_DELAYED_NOTES_OR_CUTS && (FAMISTUDIO_USE_FAMITRACKER_TEMPO = 0)
0A020                               .error "Delayed notes or cuts only make sense when using FamiTracker tempo."
0A020                           .endif
0A020                           
0A020                           .if (FAMISTUDIO_EXP_VRC6 + FAMISTUDIO_EXP_VRC7 + FAMISTUDIO_EXP_EPSM + FAMISTUDIO_EXP_MMC5 + FAMISTUDIO_EXP_S5B + FAMISTUDIO_EXP_FDS + FAMISTUDIO_EXP_N163) > 1
0A020                               .error "Only one audio expansion can be enabled."
0A020                           .endif
0A020                           
0A020                           .if FAMISTUDIO_EXP_N163 && ((FAMISTUDIO_EXP_N163_CHN_CNT < 1) || (FAMISTUDIO_EXP_N163_CHN_CNT > 8))
0A020                               .error "N163 only supports between 1 and 8 channels."
0A020                           .endif
0A020                           
0A020                           .if FAMISTUDIO_USE_DELTA_COUNTER && (FAMISTUDIO_CFG_DPCM_SUPPORT = 0)
0A020                               .error "Delta counter only makes sense if DPCM samples are enabled."
0A020                           .endif
0A020                           
0A020                           .if FAMISTUDIO_USE_DPCM_BANKSWITCHING && (FAMISTUDIO_CFG_DPCM_SUPPORT = 0)
0A020                               .error "DPCM bankswitching only makes sense if DPCM samples are enabled."
0A020                           .endif
0A020                           
0A020                           .ifndef FAMISTUDIO_ASM6_ZP_ENUM
0A020                               .error "You need to set FAMISTUDIO_ASM6_ZP_ENUM to the location of the zeropage variables."
0A020                           .endif
0A020                           
0A020                           .ifndef FAMISTUDIO_ASM6_BSS_ENUM
0A020                               .error "You need to set FAMISTUDIO_ASM6_BSS_ENUM to the location of the RAM/BSS variables."
0A020                           .endif
0A020                           
0A020                           .ifndef FAMISTUDIO_ASM6_CODE_BASE
0A020                               .error "You need to set FAMISTUDIO_ASM6_CODE_BASE to the location of the engine code."
0A020                           .endif
0A020                           
0A020                           FAMISTUDIO_DPCM_PTR = (FAMISTUDIO_DPCM_OFF & $3fff) >> 6
0A020                           
0A020                           .if FAMISTUDIO_EXP_NONE
0A020                               FAMISTUDIO_NUM_ENVELOPES        = 3+3+2+3
0A020                               FAMISTUDIO_NUM_PITCH_ENVELOPES  = 3
0A020                               FAMISTUDIO_NUM_CHANNELS         = 5
0A020                               FAMISTUDIO_NUM_DUTY_CYCLES      = 3   
0A020                           .endif
0A020                           .if FAMISTUDIO_EXP_VRC6
0A020                               FAMISTUDIO_NUM_ENVELOPES        = 3+3+2+3+3+3+3
0A020                               FAMISTUDIO_NUM_PITCH_ENVELOPES  = 6
0A020                               FAMISTUDIO_NUM_CHANNELS         = 8
0A020                               FAMISTUDIO_NUM_DUTY_CYCLES      = 6
0A020                           .endif
0A020                           .if FAMISTUDIO_EXP_VRC7
0A020                               FAMISTUDIO_NUM_ENVELOPES        = 3+3+2+3+2+2+2+2+2+2
0A020                               FAMISTUDIO_NUM_PITCH_ENVELOPES  = 9
0A020                               FAMISTUDIO_NUM_CHANNELS         = 11
0A020                               FAMISTUDIO_NUM_DUTY_CYCLES      = 3
0A020                           .endif
0A020                           .if FAMISTUDIO_EXP_EPSM
0A020                               FAMISTUDIO_EXP_EPSM_RHYTHM_CNT  = FAMISTUDIO_EXP_EPSM_RHYTHM_CHN1_ENABLE + FAMISTUDIO_EXP_EPSM_RHYTHM_CHN2_ENABLE + FAMISTUDIO_EXP_EPSM_RHYTHM_CHN3_ENABLE + FAMISTUDIO_EXP_EPSM_RHYTHM_CHN4_ENABLE + FAMISTUDIO_EXP_EPSM_RHYTHM_CHN5_ENABLE + FAMISTUDIO_EXP_EPSM_RHYTHM_CHN6_ENABLE
0A020                               FAMISTUDIO_EXP_EPSM_ENV_CNT     = FAMISTUDIO_EXP_EPSM_SSG_CHN_CNT + FAMISTUDIO_EXP_EPSM_FM_CHN_CNT
0A020                               FAMISTUDIO_EXP_EPSM_CHANNELS    = FAMISTUDIO_EXP_EPSM_SSG_CHN_CNT + FAMISTUDIO_EXP_EPSM_FM_CHN_CNT + FAMISTUDIO_EXP_EPSM_RHYTHM_CNT
0A020                               FAMISTUDIO_EXP_EPSM_TRIG_CHN    = FAMISTUDIO_EXP_EPSM_FM_CHN_CNT + FAMISTUDIO_EXP_EPSM_RHYTHM_CNT
0A020                           
0A020                               FAMISTUDIO_NUM_ENVELOPES        = 3+3+2+3+(FAMISTUDIO_EXP_EPSM_SSG_CHN_CNT * 4) + (FAMISTUDIO_EXP_EPSM_FM_CHN_CNT * 2)
0A020                               FAMISTUDIO_NUM_PITCH_ENVELOPES  = 3 + FAMISTUDIO_EXP_EPSM_SSG_CHN_CNT + FAMISTUDIO_EXP_EPSM_FM_CHN_CNT
0A020                               FAMISTUDIO_NUM_CHANNELS         = 5 + FAMISTUDIO_EXP_EPSM_CHANNELS
0A020                               FAMISTUDIO_NUM_DUTY_CYCLES      = 3
0A020                           .endif
0A020                           .if FAMISTUDIO_EXP_FDS
0A020                               FAMISTUDIO_NUM_ENVELOPES        = 3+3+2+3+3
0A020                               FAMISTUDIO_NUM_PITCH_ENVELOPES  = 4
0A020                               FAMISTUDIO_NUM_CHANNELS         = 6
0A020                               FAMISTUDIO_NUM_DUTY_CYCLES      = 3   
0A020                           .endif
0A020                           .if FAMISTUDIO_EXP_MMC5
0A020                               FAMISTUDIO_NUM_ENVELOPES        = 3+3+2+3+3+3
0A020                               FAMISTUDIO_NUM_PITCH_ENVELOPES  = 5
0A020                               FAMISTUDIO_NUM_CHANNELS         = 7
0A020                               FAMISTUDIO_NUM_DUTY_CYCLES      = 5   
0A020                           .endif
0A020                           .if FAMISTUDIO_EXP_N163
0A020                               FAMISTUDIO_NUM_ENVELOPES        = 3+3+2+3+(FAMISTUDIO_EXP_N163_CHN_CNT*3)
0A020                               FAMISTUDIO_NUM_PITCH_ENVELOPES  = 3+FAMISTUDIO_EXP_N163_CHN_CNT
0A020                               FAMISTUDIO_NUM_CHANNELS         = 5+FAMISTUDIO_EXP_N163_CHN_CNT
0A020                               FAMISTUDIO_NUM_DUTY_CYCLES      = 3   
0A020                           .endif
0A020                           .if FAMISTUDIO_EXP_S5B
0A020                               FAMISTUDIO_NUM_ENVELOPES        = 3+3+2+3+4+4+4
0A020                               FAMISTUDIO_NUM_PITCH_ENVELOPES  = 6
0A020                               FAMISTUDIO_NUM_CHANNELS         = 8
0A020                               FAMISTUDIO_NUM_DUTY_CYCLES      = 3
0A020                           .endif
0A020                           
0A020                           .if FAMISTUDIO_EXP_NONE
0A020                               FAMISTUDIO_NUM_VOLUME_SLIDES = 4
0A020                           .else
0A020                               FAMISTUDIO_NUM_VOLUME_SLIDES = FAMISTUDIO_NUM_CHANNELS ; DPCM volume is unused.
0A020                           .endif
0A020                           
0A020                           .if FAMISTUDIO_USE_NOISE_SLIDE_NOTES
0A020                               FAMISTUDIO_NUM_SLIDES = FAMISTUDIO_NUM_PITCH_ENVELOPES + 1
0A020                           .else
0A020                               FAMISTUDIO_NUM_SLIDES = FAMISTUDIO_NUM_PITCH_ENVELOPES
0A020                           .endif
0A020                           
0A020                           ; Keep the noise slide at the end so the pitch envelopes/slides are in sync.
0A020                           FAMISTUDIO_NOISE_SLIDE_INDEX = FAMISTUDIO_NUM_SLIDES - 1
0A020                           
0A020                           .if FAMISTUDIO_EXP_VRC6
0A020                               FAMISTUDIO_VRC6_CH0_PITCH_ENV_IDX = 3
0A020                               FAMISTUDIO_VRC6_CH1_PITCH_ENV_IDX = 4
0A020                               FAMISTUDIO_VRC6_CH2_PITCH_ENV_IDX = 5
0A020                           .endif
0A020                           .if FAMISTUDIO_EXP_VRC7
0A020                               FAMISTUDIO_VRC7_CH0_PITCH_ENV_IDX = 3
0A020                               FAMISTUDIO_VRC7_CH1_PITCH_ENV_IDX = 4
0A020                               FAMISTUDIO_VRC7_CH2_PITCH_ENV_IDX = 5
0A020                               FAMISTUDIO_VRC7_CH3_PITCH_ENV_IDX = 6
0A020                               FAMISTUDIO_VRC7_CH4_PITCH_ENV_IDX = 7
0A020                               FAMISTUDIO_VRC7_CH5_PITCH_ENV_IDX = 8
0A020                           .endif
0A020                           .if FAMISTUDIO_EXP_FDS
0A020                               FAMISTUDIO_FDS_CH0_PITCH_ENV_IDX  = 3
0A020                           .endif
0A020                           .if FAMISTUDIO_EXP_MMC5
0A020                               FAMISTUDIO_MMC5_CH0_PITCH_ENV_IDX = 3
0A020                               FAMISTUDIO_MMC5_CH1_PITCH_ENV_IDX = 4  
0A020                           .endif
0A020                           .if FAMISTUDIO_EXP_N163
0A020                               FAMISTUDIO_N163_CH0_PITCH_ENV_IDX = 3
0A020                               FAMISTUDIO_N163_CH1_PITCH_ENV_IDX = 4
0A020                               FAMISTUDIO_N163_CH2_PITCH_ENV_IDX = 5
0A020                               FAMISTUDIO_N163_CH3_PITCH_ENV_IDX = 6
0A020                               FAMISTUDIO_N163_CH4_PITCH_ENV_IDX = 7
0A020                               FAMISTUDIO_N163_CH5_PITCH_ENV_IDX = 8
0A020                               FAMISTUDIO_N163_CH6_PITCH_ENV_IDX = 9
0A020                               FAMISTUDIO_N163_CH7_PITCH_ENV_IDX = 10
0A020                           .endif
0A020                           .if FAMISTUDIO_EXP_S5B
0A020                               FAMISTUDIO_S5B_CH0_PITCH_ENV_IDX  = 3
0A020                               FAMISTUDIO_S5B_CH1_PITCH_ENV_IDX  = 4
0A020                               FAMISTUDIO_S5B_CH2_PITCH_ENV_IDX  = 5
0A020                           .endif
0A020                           .if FAMISTUDIO_EXP_EPSM
0A020                               FAMISTUDIO_EPSM_CH0_PITCH_ENV_IDX = 3
0A020                               FAMISTUDIO_EPSM_CH1_PITCH_ENV_IDX = 4
0A020                               FAMISTUDIO_EPSM_CH2_PITCH_ENV_IDX = 5
0A020                               FAMISTUDIO_EPSM_CH3_PITCH_ENV_IDX = 6
0A020                               FAMISTUDIO_EPSM_CH4_PITCH_ENV_IDX = 7
0A020                               FAMISTUDIO_EPSM_CH5_PITCH_ENV_IDX = 8
0A020                               FAMISTUDIO_EPSM_CH6_PITCH_ENV_IDX = 9
0A020                               FAMISTUDIO_EPSM_CH7_PITCH_ENV_IDX = 10
0A020                               FAMISTUDIO_EPSM_CH8_PITCH_ENV_IDX = 11
0A020                           .endif
0A020                           
0A020                           ; TODO: Investigate reshuffling the envelopes to keep them contiguously 
0A020                           ; by type (all volumes envelopes, all arp envelopes, etc.) instead of 
0A020                           ; by channel. This *may* simplify a lot of places where we need a lookup
0A020                           ; table (famistudio_channel_to_volume_env, etc.)
0A020                           FAMISTUDIO_CH0_ENVS = 0
0A020                           FAMISTUDIO_CH1_ENVS = 3
0A020                           FAMISTUDIO_CH2_ENVS = 6
0A020                           FAMISTUDIO_CH3_ENVS = 8
0A020                           
0A020                           .if FAMISTUDIO_EXP_VRC6
0A020                               FAMISTUDIO_VRC6_CH0_ENVS = 11
0A020                               FAMISTUDIO_VRC6_CH1_ENVS = 14
0A020                               FAMISTUDIO_VRC6_CH2_ENVS = 17
0A020                           .endif
0A020                           .if FAMISTUDIO_EXP_VRC7
0A020                               FAMISTUDIO_VRC7_CH0_ENVS = 11
0A020                               FAMISTUDIO_VRC7_CH1_ENVS = 13
0A020                               FAMISTUDIO_VRC7_CH2_ENVS = 15
0A020                               FAMISTUDIO_VRC7_CH3_ENVS = 17
0A020                               FAMISTUDIO_VRC7_CH4_ENVS = 19
0A020                               FAMISTUDIO_VRC7_CH5_ENVS = 21
0A020                           .endif
0A020                           .if FAMISTUDIO_EXP_FDS
0A020                               FAMISTUDIO_FDS_CH0_ENVS = 11
0A020                           .endif
0A020                           .if FAMISTUDIO_EXP_MMC5
0A020                               FAMISTUDIO_MMC5_CH0_ENVS = 11
0A020                               FAMISTUDIO_MMC5_CH1_ENVS = 14
0A020                           .endif
0A020                           .if FAMISTUDIO_EXP_N163
0A020                               FAMISTUDIO_N163_CH0_ENVS = 11
0A020                               FAMISTUDIO_N163_CH1_ENVS = 14
0A020                               FAMISTUDIO_N163_CH2_ENVS = 17
0A020                               FAMISTUDIO_N163_CH3_ENVS = 20
0A020                               FAMISTUDIO_N163_CH4_ENVS = 23
0A020                               FAMISTUDIO_N163_CH5_ENVS = 26
0A020                               FAMISTUDIO_N163_CH6_ENVS = 29
0A020                               FAMISTUDIO_N163_CH7_ENVS = 32
0A020                           .endif
0A020                           .if FAMISTUDIO_EXP_S5B
0A020                               FAMISTUDIO_S5B_CH0_ENVS = 11
0A020                               FAMISTUDIO_S5B_CH1_ENVS = 15
0A020                               FAMISTUDIO_S5B_CH2_ENVS = 19
0A020                           .endif
0A020                           .if FAMISTUDIO_EXP_EPSM
0A020                           .if FAMISTUDIO_EXP_EPSM_SSG_CHN_CNT > 0
0A020                           EPSM_ENV_CH1_INCREMENT = 4
0A020                           .else
0A020                           EPSM_ENV_CH1_INCREMENT = 2
0A020                           .endif
0A020                           .if FAMISTUDIO_EXP_EPSM_SSG_CHN_CNT > 1
0A020                           EPSM_ENV_CH2_INCREMENT = 4
0A020                           .else
0A020                           EPSM_ENV_CH2_INCREMENT = 2
0A020                           .endif
0A020                           .if FAMISTUDIO_EXP_EPSM_SSG_CHN_CNT > 2
0A020                           EPSM_ENV_CH3_INCREMENT = 4
0A020                           .else
0A020                           EPSM_ENV_CH3_INCREMENT = 2
0A020                           .endif
0A020                               FAMISTUDIO_EPSM_CH0_ENVS = 11
0A020                               FAMISTUDIO_EPSM_CH1_ENVS =  FAMISTUDIO_EPSM_CH0_ENVS + EPSM_ENV_CH1_INCREMENT
0A020                               FAMISTUDIO_EPSM_CH2_ENVS =  FAMISTUDIO_EPSM_CH1_ENVS + EPSM_ENV_CH2_INCREMENT
0A020                               FAMISTUDIO_EPSM_CH3_ENVS =  FAMISTUDIO_EPSM_CH2_ENVS + EPSM_ENV_CH3_INCREMENT
0A020                               FAMISTUDIO_EPSM_CH4_ENVS =  FAMISTUDIO_EPSM_CH3_ENVS + 2
0A020                               FAMISTUDIO_EPSM_CH5_ENVS =  FAMISTUDIO_EPSM_CH4_ENVS + 2
0A020                               FAMISTUDIO_EPSM_CH6_ENVS =  FAMISTUDIO_EPSM_CH5_ENVS + 2
0A020                               FAMISTUDIO_EPSM_CH7_ENVS =  FAMISTUDIO_EPSM_CH6_ENVS + 2
0A020                               FAMISTUDIO_EPSM_CH8_ENVS =  FAMISTUDIO_EPSM_CH7_ENVS + 2
0A020                           .endif
0A020                           
0A020                           FAMISTUDIO_ENV_VOLUME_OFF        = 0
0A020                           FAMISTUDIO_ENV_NOTE_OFF          = 1
0A020                           FAMISTUDIO_ENV_DUTY_OFF          = 2
0A020                           FAMISTUDIO_ENV_N163_WAVE_IDX_OFF = 2
0A020                           FAMISTUDIO_ENV_FDS_WAVE_IDX_OFF  = 2
0A020                           FAMISTUDIO_ENV_MIXER_IDX_OFF     = 2
0A020                           FAMISTUDIO_ENV_NOISE_IDX_OFF     = 3
0A020                           
0A020                           .if FAMISTUDIO_EXP_VRC6
0A020                               FAMISTUDIO_VRC6_CH0_DUTY_IDX = 3
0A020                               FAMISTUDIO_VRC6_CH1_DUTY_IDX = 4
0A020                               FAMISTUDIO_VRC6_CH2_DUTY_IDX = 5
0A020                           .endif
0A020                           .if FAMISTUDIO_EXP_MMC5
0A020                               FAMISTUDIO_MMC5_CH0_DUTY_IDX = 3
0A020                               FAMISTUDIO_MMC5_CH1_DUTY_IDX = 4
0A020                           .endif
0A020                           
0A020                           .if FAMISTUDIO_EXP_VRC6
0A020                               FAMISTUDIO_VRC6_CH0_IDX = 5
0A020                               FAMISTUDIO_VRC6_CH1_IDX = 6
0A020                               FAMISTUDIO_VRC6_CH2_IDX = 7
0A020                           .else
0A020                               FAMISTUDIO_VRC6_CH0_IDX = -1
0A020                               FAMISTUDIO_VRC6_CH1_IDX = -1
0A020                               FAMISTUDIO_VRC6_CH2_IDX = -1
0A020                           .endif
0A020                           .if FAMISTUDIO_EXP_VRC7
0A020                               FAMISTUDIO_VRC7_CH0_IDX = 5
0A020                               FAMISTUDIO_VRC7_CH1_IDX = 6
0A020                               FAMISTUDIO_VRC7_CH2_IDX = 7
0A020                               FAMISTUDIO_VRC7_CH3_IDX = 8
0A020                               FAMISTUDIO_VRC7_CH4_IDX = 9
0A020                               FAMISTUDIO_VRC7_CH5_IDX = 10
0A020                           .endif
0A020                           .if FAMISTUDIO_EXP_FDS
0A020                               FAMISTUDIO_FDS_CH0_IDX  = 5
0A020                           .endif
0A020                           .if FAMISTUDIO_EXP_MMC5
0A020                               FAMISTUDIO_MMC5_CH0_IDX = 5
0A020                               FAMISTUDIO_MMC5_CH1_IDX = 6
0A020                           .else
0A020                               FAMISTUDIO_MMC5_CH0_IDX = -1
0A020                               FAMISTUDIO_MMC5_CH1_IDX = -1
0A020                           .endif
0A020                           .if FAMISTUDIO_EXP_N163
0A020                               FAMISTUDIO_N163_CH0_IDX = 5
0A020                               FAMISTUDIO_N163_CH1_IDX = 6
0A020                               FAMISTUDIO_N163_CH2_IDX = 7
0A020                               FAMISTUDIO_N163_CH3_IDX = 8
0A020                               FAMISTUDIO_N163_CH4_IDX = 9
0A020                               FAMISTUDIO_N163_CH5_IDX = 10
0A020                               FAMISTUDIO_N163_CH6_IDX = 11
0A020                               FAMISTUDIO_N163_CH7_IDX = 12
0A020                           .endif
0A020                           .if FAMISTUDIO_EXP_S5B
0A020                               FAMISTUDIO_S5B_CH0_IDX  = 5
0A020                               FAMISTUDIO_S5B_CH1_IDX  = 6
0A020                               FAMISTUDIO_S5B_CH2_IDX  = 7
0A020                           .endif
0A020                           .if FAMISTUDIO_EXP_EPSM
0A020                               FAMISTUDIO_EPSM_CH0_IDX = 5
0A020                               FAMISTUDIO_EPSM_CH1_IDX = 6
0A020                               FAMISTUDIO_EPSM_CH2_IDX = 7
0A020                               FAMISTUDIO_EPSM_CH3_IDX = 8
0A020                               FAMISTUDIO_EPSM_CH4_IDX = 9
0A020                               FAMISTUDIO_EPSM_CH5_IDX = 10
0A020                               FAMISTUDIO_EPSM_CH6_IDX = 11
0A020                               FAMISTUDIO_EPSM_CH7_IDX = 12
0A020                               FAMISTUDIO_EPSM_CH8_IDX = 13
0A020                               FAMISTUDIO_EPSM_CH9_IDX = 14
0A020                               FAMISTUDIO_EPSM_CH10_IDX = 15
0A020                               FAMISTUDIO_EPSM_CH11_IDX = 16
0A020                               FAMISTUDIO_EPSM_CH12_IDX = 17
0A020                               FAMISTUDIO_EPSM_CH13_IDX = 18
0A020                               FAMISTUDIO_EPSM_CH14_IDX = 19
0A020                               FAMISTUDIO_EPSM_CHAN_FM_START = FAMISTUDIO_EPSM_CH0_IDX + FAMISTUDIO_EXP_EPSM_SSG_CHN_CNT
0A020                               FAMISTUDIO_EPSM_CHAN_RHYTHM_START = FAMISTUDIO_EPSM_CHAN_FM_START + FAMISTUDIO_EXP_EPSM_FM_CHN_CNT
0A020                           .endif
0A020                           
0A020                           FAMISTUDIO_VRC7_PITCH_SHIFT = 3
0A020                           FAMISTUDIO_EPSM_PITCH_SHIFT = 3
0A020                           
0A020                           .if (FAMISTUDIO_EXP_N163_CHN_CNT > 4)
0A020                               FAMISTUDIO_N163_PITCH_SHIFT = 5
0A020                           .endif
0A020                           .if (FAMISTUDIO_EXP_N163_CHN_CNT > 2) & (FAMISTUDIO_EXP_N163_CHN_CNT <= 4)
0A020                               FAMISTUDIO_N163_PITCH_SHIFT = 4
0A020                           .endif
0A020                           .if (FAMISTUDIO_EXP_N163_CHN_CNT > 1) & (FAMISTUDIO_EXP_N163_CHN_CNT <= 2)
0A020                               FAMISTUDIO_N163_PITCH_SHIFT = 3
0A020                           .endif
0A020                           .if (FAMISTUDIO_EXP_N163_CHN_CNT = 1)
0A020                               FAMISTUDIO_N163_PITCH_SHIFT = 2
0A020                           .endif 
0A020                           
0A020                           .if FAMISTUDIO_EXP_VRC7
0A020                               FAMISTUDIO_PITCH_SHIFT = FAMISTUDIO_VRC7_PITCH_SHIFT
0A020                           .else
0A020                               .if FAMISTUDIO_EXP_EPSM
0A020                                   FAMISTUDIO_PITCH_SHIFT = FAMISTUDIO_EPSM_PITCH_SHIFT
0A020                               .else
0A020                                   .if FAMISTUDIO_EXP_N163
0A020                                       FAMISTUDIO_PITCH_SHIFT = FAMISTUDIO_N163_PITCH_SHIFT
0A020                                   .else
0A020                                       FAMISTUDIO_PITCH_SHIFT = 0
0A020                                   .endif    
0A020                               .endif
0A020                           .endif
0A020                           
0A020                           .if FAMISTUDIO_EXP_N163
0A020                               FAMISTUDIO_N163_CHN_MASK = (FAMISTUDIO_EXP_N163_CHN_CNT - 1) << 4
0A020                           .endif
0A020                           
0A020                           .if FAMISTUDIO_CFG_SFX_SUPPORT
0A020                               FAMISTUDIO_SFX_STRUCT_SIZE = 15
0A020                           
0A020                               FAMISTUDIO_SFX_CH0 = FAMISTUDIO_SFX_STRUCT_SIZE * 0
0A020                               FAMISTUDIO_SFX_CH1 = FAMISTUDIO_SFX_STRUCT_SIZE * 1
0A020                               FAMISTUDIO_SFX_CH2 = FAMISTUDIO_SFX_STRUCT_SIZE * 2
0A020                               FAMISTUDIO_SFX_CH3 = FAMISTUDIO_SFX_STRUCT_SIZE * 3
0A020                           .endif
0A020                           
0A020                           FAMISTUDIO_FIRST_EXP_INST_CHANNEL = 5
0A020                           
0A020                           .if FAMISTUDIO_EXP_EPSM
0A020                           FAMISTUDIO_FIRST_POSITIVE_SLIDE_CHANNEL = 3 + FAMISTUDIO_EXP_EPSM_SSG_CHN_CNT
0A020                           .else
0A020                           FAMISTUDIO_FIRST_POSITIVE_SLIDE_CHANNEL = 3
0A020                           .endif
0A020                           
0A020                           ;======================================================================================================================
0A020                           ; RAM VARIABLES (You should not have to play with these)
0A020                           ;======================================================================================================================
0A020                           
0A020                           .ifdef FAMISTUDIO_CFG_SCATTERED_BSS
0A020                           
0A020                           .ifdef FAMISTUDIO_CFG_DC_COMPACT_BSS
0A020                           
0A020                           ; DC.nes compact layout.  Every persistent byte is inside the removed stock
0A020                           ; driver's proven $0400-$046F/$0028-$005D state.  $002C was not used by the
0A020                           ; stock driver and is intentionally left alone.  $004C-$0056 is reserved for
0A020                           ; a call-local APU output buffer and is saved/restored by the bridge.
0A020                           .enum $0400
00400                           famistudio_env_value:             .dsb FAMISTUDIO_NUM_ENVELOPES
0040B                           famistudio_env_repeat:            .dsb FAMISTUDIO_NUM_ENVELOPES
00416                           famistudio_env_addr_lo:           .dsb FAMISTUDIO_NUM_ENVELOPES
00421                           famistudio_env_addr_hi:           .dsb FAMISTUDIO_NUM_ENVELOPES
0042C                           famistudio_pitch_env_value_lo:    .dsb FAMISTUDIO_NUM_PITCH_ENVELOPES
0042F                           famistudio_pitch_env_value_hi:    .dsb FAMISTUDIO_NUM_PITCH_ENVELOPES
00432                           .if FAMISTUDIO_USE_PITCH_TRACK
00432                           famistudio_pitch_env_fine_value:  .dsb FAMISTUDIO_NUM_PITCH_ENVELOPES
00435                           .endif
00435                           .ende
0A020                           
0A020                           .enum $0435
00435                           famistudio_env_ptr:               .dsb FAMISTUDIO_NUM_ENVELOPES
00440                           famistudio_chn_ptr_lo:            .dsb FAMISTUDIO_NUM_CHANNELS
00445                           famistudio_chn_ptr_hi:            .dsb FAMISTUDIO_NUM_CHANNELS
0044A                           famistudio_chn_note:              .dsb FAMISTUDIO_NUM_CHANNELS
0044F                           famistudio_chn_repeat:            .dsb FAMISTUDIO_NUM_CHANNELS
00454                           famistudio_chn_return_lo:         .dsb FAMISTUDIO_NUM_CHANNELS
00459                           .ende
0A020                           
0A020                           .enum $0032
00032                           famistudio_chn_return_hi:         .dsb FAMISTUDIO_NUM_CHANNELS
00037                           famistudio_chn_ref_len:           .dsb FAMISTUDIO_NUM_CHANNELS
0003C                           famistudio_pitch_env_repeat:      .dsb FAMISTUDIO_NUM_PITCH_ENVELOPES
0003F                           famistudio_pitch_env_addr_lo:     .dsb FAMISTUDIO_NUM_PITCH_ENVELOPES
00042                           famistudio_chn_volume_track:      .dsb FAMISTUDIO_NUM_CHANNELS
00047                           famistudio_pitch_env_addr_hi:     .dsb FAMISTUDIO_NUM_PITCH_ENVELOPES
0004A                           famistudio_tempo_env_ptr_lo:      .dsb 1
0004B                           famistudio_tempo_env_ptr_hi:      .dsb 1
0004C                           .ende
0A020                           
0A020                           .enum $0057
00057                           famistudio_pitch_env_ptr:         .dsb FAMISTUDIO_NUM_PITCH_ENVELOPES
0005A                           famistudio_tempo_env_counter:     .dsb 1
0005B                           famistudio_tempo_env_idx:         .dsb 1
0005C                           famistudio_tempo_frame_num:       .dsb 1
0005D                           famistudio_tempo_frame_cnt:       .dsb 1
0005E                           .ende
0A020                           
0A020                           .enum $046c
0046C                           famistudio_instrument_lo:         .dsb 1
0046D                           famistudio_instrument_hi:         .dsb 1
0046E                           famistudio_pulse1_prev:           .dsb 1
0046F                           famistudio_pulse2_prev:           .dsb 1
00470                           .ende
0A020                           
0A020                           famistudio_song_speed = $002f
0A020                           
0A020                           .if FAMISTUDIO_CFG_SFX_SUPPORT
0A020                           famistudio_output_buf = $004c
0A020                           .enum $0459
00459                           famistudio_sfx_base_addr:  .dsb (FAMISTUDIO_CFG_SFX_STREAMS * FAMISTUDIO_SFX_STRUCT_SIZE)
00468                           
00468                           famistudio_sfx_repeat = famistudio_sfx_base_addr + 0
00468                           famistudio_sfx_ptr_lo = famistudio_sfx_base_addr + 1
00468                           famistudio_sfx_ptr_hi = famistudio_sfx_base_addr + 2
00468                           famistudio_sfx_offset = famistudio_sfx_base_addr + 3
00468                           famistudio_sfx_buffer = famistudio_sfx_base_addr + 4
00468                           .ende
0A020                           .endif
0A020                           
0A020                           .else
0A020                           
0A020                           ; DC.nes uses most internal RAM as state-dependent workspaces.  The dual-engine
0A020                           ; build keeps these groups at $031E-$037F and pauses/rebuilds FamiStudio during
0A020                           ; the one verified map-weapon particle state that borrows that range.  Other
0A020                           ; builds retain the experimental stack-page layout selected previously.
0A020                           .ifdef FAMISTUDIO_CFG_DC_PARTICLE_BSS
0A020                           .enum $031e
0A020                           .else
0A020                           .enum $0100
0A020                           .endif
0A020                           famistudio_env_value:             .dsb FAMISTUDIO_NUM_ENVELOPES
0A020                           famistudio_env_repeat:            .dsb FAMISTUDIO_NUM_ENVELOPES
0A020                           famistudio_env_addr_lo:           .dsb FAMISTUDIO_NUM_ENVELOPES
0A020                           famistudio_env_addr_hi:           .dsb FAMISTUDIO_NUM_ENVELOPES
0A020                           famistudio_pitch_env_value_lo:    .dsb FAMISTUDIO_NUM_PITCH_ENVELOPES
0A020                           famistudio_pitch_env_value_hi:    .dsb FAMISTUDIO_NUM_PITCH_ENVELOPES
0A020                           .if FAMISTUDIO_USE_PITCH_TRACK
0A020                           famistudio_pitch_env_fine_value:  .dsb FAMISTUDIO_NUM_PITCH_ENVELOPES
0A020                           .endif
0A020                           .ende
0A020                           
0A020                           .ifdef FAMISTUDIO_CFG_DC_PARTICLE_BSS
0A020                           .enum $035c
0A020                           .else
0A020                           .enum $0135
0A020                           .endif
0A020                           famistudio_env_ptr:               .dsb FAMISTUDIO_NUM_ENVELOPES
0A020                           famistudio_chn_ptr_lo:            .dsb FAMISTUDIO_NUM_CHANNELS
0A020                           famistudio_chn_ptr_hi:            .dsb FAMISTUDIO_NUM_CHANNELS
0A020                           famistudio_chn_note:              .dsb FAMISTUDIO_NUM_CHANNELS
0A020                           famistudio_chn_repeat:            .dsb FAMISTUDIO_NUM_CHANNELS
0A020                           famistudio_chn_return_lo:         .dsb FAMISTUDIO_NUM_CHANNELS
0A020                           .ende
0A020                           
0A020                           .enum $0429
0A020                           famistudio_chn_return_hi:
0A020                               .dsb FAMISTUDIO_NUM_CHANNELS
0A020                           famistudio_chn_ref_len:           .dsb FAMISTUDIO_NUM_CHANNELS
0A020                           famistudio_pitch_env_repeat:      .dsb FAMISTUDIO_NUM_PITCH_ENVELOPES
0A020                           famistudio_pitch_env_addr_lo:     .dsb FAMISTUDIO_NUM_PITCH_ENVELOPES
0A020                           famistudio_chn_volume_track:      .dsb FAMISTUDIO_NUM_CHANNELS
0A020                           famistudio_pitch_env_addr_hi:     .dsb FAMISTUDIO_NUM_PITCH_ENVELOPES
0A020                           famistudio_pitch_env_ptr:         .dsb FAMISTUDIO_NUM_PITCH_ENVELOPES
0A020                           famistudio_tempo_env_ptr_lo:      .dsb 1
0A020                           famistudio_tempo_env_ptr_hi:      .dsb 1
0A020                           famistudio_tempo_env_counter:     .dsb 1
0A020                           famistudio_tempo_env_idx:         .dsb 1
0A020                           famistudio_tempo_frame_num:       .dsb 1
0A020                           famistudio_tempo_frame_cnt:       .dsb 1
0A020                           famistudio_pal_adjust:            .dsb 1
0A020                           famistudio_song_list_lo:          .dsb 1
0A020                           famistudio_song_list_hi:          .dsb 1
0A020                           famistudio_instrument_lo:         .dsb 1
0A020                           famistudio_instrument_hi:         .dsb 1
0A020                           famistudio_dpcm_list_lo:          .dsb 1
0A020                           famistudio_dpcm_list_hi:          .dsb 1
0A020                           famistudio_dpcm_effect:           .dsb 1
0A020                           famistudio_pulse1_prev:           .dsb 1
0A020                           famistudio_pulse2_prev:           .dsb 1
0A020                           famistudio_song_speed:
0A020                               .dsb 1
0A020                           .ende
0A020                           
0A020                           .if FAMISTUDIO_CFG_SFX_SUPPORT
0A020                           ; Full-driver replacement frees the stock audio work area at $0400-$046F.
0A020                           ; A single FamiStudio SFX stream needs 28 contiguous bytes.
0A020                           .enum $0400
0A020                           famistudio_output_buf:     .dsb 11
0A020                           famistudio_sfx_addr_lo:    .dsb 1
0A020                           famistudio_sfx_addr_hi:    .dsb 1
0A020                           famistudio_sfx_base_addr:  .dsb (FAMISTUDIO_CFG_SFX_STREAMS * FAMISTUDIO_SFX_STRUCT_SIZE)
0A020                           
0A020                           famistudio_sfx_repeat = famistudio_sfx_base_addr + 0
0A020                           famistudio_sfx_ptr_lo = famistudio_sfx_base_addr + 1
0A020                           famistudio_sfx_ptr_hi = famistudio_sfx_base_addr + 2
0A020                           famistudio_sfx_offset = famistudio_sfx_base_addr + 3
0A020                           famistudio_sfx_buffer = famistudio_sfx_base_addr + 4
0A020                           .ende
0A020                           .endif
0A020                           
0A020                           .endif
0A020                           
0A020                           .else
0A020                           
0A020                           .enum FAMISTUDIO_ASM6_BSS_ENUM
0A020                           
0A020                           famistudio_env_value:             .dsb FAMISTUDIO_NUM_ENVELOPES
0A020                           famistudio_env_repeat:            .dsb FAMISTUDIO_NUM_ENVELOPES
0A020                           famistudio_env_addr_lo:           .dsb FAMISTUDIO_NUM_ENVELOPES
0A020                           famistudio_env_addr_hi:           .dsb FAMISTUDIO_NUM_ENVELOPES
0A020                           famistudio_env_ptr:               .dsb FAMISTUDIO_NUM_ENVELOPES
0A020                           
0A020                           famistudio_pitch_env_value_lo:    .dsb FAMISTUDIO_NUM_PITCH_ENVELOPES
0A020                           famistudio_pitch_env_value_hi:    .dsb FAMISTUDIO_NUM_PITCH_ENVELOPES
0A020                           famistudio_pitch_env_repeat:      .dsb FAMISTUDIO_NUM_PITCH_ENVELOPES
0A020                           famistudio_pitch_env_addr_lo:     .dsb FAMISTUDIO_NUM_PITCH_ENVELOPES
0A020                           famistudio_pitch_env_addr_hi:     .dsb FAMISTUDIO_NUM_PITCH_ENVELOPES
0A020                           famistudio_pitch_env_ptr:         .dsb FAMISTUDIO_NUM_PITCH_ENVELOPES
0A020                           .if FAMISTUDIO_USE_PITCH_TRACK
0A020                           famistudio_pitch_env_fine_value:  .dsb FAMISTUDIO_NUM_PITCH_ENVELOPES
0A020                           .endif
0A020                           
0A020                           .if FAMISTUDIO_USE_SLIDE_NOTES
0A020                           famistudio_slide_step:            .dsb FAMISTUDIO_NUM_SLIDES
0A020                           famistudio_slide_pitch_lo:        .dsb FAMISTUDIO_NUM_SLIDES
0A020                           famistudio_slide_pitch_hi:        .dsb FAMISTUDIO_NUM_SLIDES
0A020                           .endif
0A020                           
0A020                           famistudio_chn_ptr_lo:            .dsb FAMISTUDIO_NUM_CHANNELS
0A020                           famistudio_chn_ptr_hi:            .dsb FAMISTUDIO_NUM_CHANNELS
0A020                           famistudio_chn_note:              .dsb FAMISTUDIO_NUM_CHANNELS
0A020                           famistudio_chn_repeat:            .dsb FAMISTUDIO_NUM_CHANNELS
0A020                           famistudio_chn_return_lo:         .dsb FAMISTUDIO_NUM_CHANNELS
0A020                           famistudio_chn_return_hi:         .dsb FAMISTUDIO_NUM_CHANNELS
0A020                           famistudio_chn_ref_len:           .dsb FAMISTUDIO_NUM_CHANNELS
0A020                           .if FAMISTUDIO_USE_VOLUME_TRACK
0A020                           famistudio_chn_volume_track:      .dsb FAMISTUDIO_NUM_CHANNELS
0A020                           .if FAMISTUDIO_USE_VOLUME_SLIDES
0A020                           famistudio_chn_volume_slide_step:   .dsb FAMISTUDIO_NUM_VOLUME_SLIDES
0A020                           famistudio_chn_volume_slide_target: .dsb FAMISTUDIO_NUM_VOLUME_SLIDES
0A020                           .endif
0A020                           .endif
0A020                           .if FAMISTUDIO_USE_VIBRATO || FAMISTUDIO_USE_ARPEGGIO
0A020                           famistudio_chn_env_override:      .dsb FAMISTUDIO_NUM_CHANNELS ; bit 7 = pitch, bit 0 = arpeggio.
0A020                           .endif
0A020                           .if FAMISTUDIO_USE_FAMITRACKER_DELAYED_NOTES_OR_CUTS
0A020                           famistudio_chn_note_delay:        .dsb FAMISTUDIO_NUM_CHANNELS
0A020                           famistudio_chn_cut_delay:         .dsb FAMISTUDIO_NUM_CHANNELS
0A020                           .endif
0A020                           .if FAMISTUDIO_CFG_EQUALIZER
0A020                           famistudio_chn_note_counter:      .dsb FAMISTUDIO_NUM_CHANNELS
0A020                           .endif
0A020                           .if FAMISTUDIO_USE_PHASE_RESET
0A020                           famistudio_phase_reset:           .dsb 1 ; bit 0/1 = 2a03, bit 2/3/4 = vrc6, 5/6 = mmc5, bit 7 = fds
0A020                           .if FAMISTUDIO_EXP_N163
0A020                           famistudio_phase_reset_n163:      .dsb 1 ; bit 0...7 = n163
0A020                           .endif
0A020                           .endif
0A020                           .if FAMISTUDIO_USE_DELTA_COUNTER
0A020                           famistudio_dmc_delta_counter:     .dsb 1
0A020                           .endif
0A020                           .if FAMISTUDIO_EXP_VRC6
0A020                           famistudio_vrc6_saw_volume:       .dsb 1 ; -1 = 1/4, 0 = 1/2, 1 = Full
0A020                           .if FAMISTUDIO_USE_PHASE_RESET
0A020                           famistudio_vrc6_pulse1_prev_hi:   .dsb 1
0A020                           famistudio_vrc6_pulse2_prev_hi:   .dsb 1
0A020                           famistudio_vrc6_saw_prev_hi:      .dsb 1
0A020                           .else
0A020                           famistudio_vrc6_pulse1_prev_hi = famistudio_vrc6_saw_volume
0A020                           famistudio_vrc6_pulse2_prev_hi = famistudio_vrc6_saw_volume
0A020                           famistudio_vrc6_saw_prev_hi    = famistudio_vrc6_saw_volume
0A020                           .endif
0A020                           .endif
0A020                           .if FAMISTUDIO_EXP_VRC7
0A020                           famistudio_chn_vrc7_prev_hi:      .dsb 6
0A020                           famistudio_chn_vrc7_patch:        .dsb 6
0A020                           famistudio_chn_vrc7_trigger:      .dsb 6 ; bit 0 = new note triggered, bit 7 = note released.
0A020                           famistudio_chn_vrc7_sustain:      .dsb 1 ; sustain bit overrides release.
0A020                           .endif
0A020                           .if FAMISTUDIO_EXP_EPSM
0A020                           .if FAMISTUDIO_EXP_EPSM_RHYTHM_CNT > 0
0A020                           famistudio_chn_epsm_rhythm_volume: .dsb FAMISTUDIO_EXP_EPSM_RHYTHM_CNT
0A020                           famistudio_chn_epsm_rhythm_stereo: .dsb FAMISTUDIO_EXP_EPSM_RHYTHM_CNT
0A020                           .endif
0A020                           .if FAMISTUDIO_EXP_EPSM_FM_CHN_CNT+FAMISTUDIO_EXP_EPSM_RHYTHM_CNT > 0
0A020                           famistudio_chn_epsm_trigger:       .dsb FAMISTUDIO_EXP_EPSM_FM_CHN_CNT + FAMISTUDIO_EXP_EPSM_RHYTHM_CNT ; bit 0 = new note triggered, bit 7 = note released.
0A020                           .endif
0A020                           .if FAMISTUDIO_EXP_EPSM_FM_CHN_CNT > 0
0A020                           famistudio_chn_epsm_fm_stereo:     .dsb FAMISTUDIO_EXP_EPSM_FM_CHN_CNT
0A020                           famistudio_chn_epsm_fm_instrument: .dsb FAMISTUDIO_EXP_EPSM_FM_CHN_CNT
0A020                           famistudio_chn_epsm_alg:           .dsb FAMISTUDIO_EXP_EPSM_FM_CHN_CNT
0A020                           famistudio_chn_epsm_vol_op1:       .dsb FAMISTUDIO_EXP_EPSM_FM_CHN_CNT
0A020                           famistudio_chn_epsm_vol_op2:       .dsb FAMISTUDIO_EXP_EPSM_FM_CHN_CNT
0A020                           famistudio_chn_epsm_vol_op3:       .dsb FAMISTUDIO_EXP_EPSM_FM_CHN_CNT
0A020                           famistudio_chn_epsm_vol_op4:       .dsb FAMISTUDIO_EXP_EPSM_FM_CHN_CNT
0A020                           .endif
0A020                           .if FAMISTUDIO_EXP_EPSM_SSG_CHN_CNT > 0
0A020                           famistudio_epsm_env_period_lo:     .dsb 1
0A020                           famistudio_epsm_env_period_hi:     .dsb 1
0A020                           famistudio_epsm_env_override:      .dsb 1
0A020                           famistudio_epsm_chn_env_shape:     .dsb FAMISTUDIO_EXP_EPSM_SSG_CHN_CNT ; bit 7 = note attack.
0A020                           famistudio_epsm_chn_env_octave:    .dsb FAMISTUDIO_EXP_EPSM_SSG_CHN_CNT
0A020                           .endif
0A020                           .endif
0A020                           .if FAMISTUDIO_EXP_FDS
0A020                           famistudio_chn_fds_instrument:    .dsb 1
0A020                           .endif
0A020                           .if FAMISTUDIO_EXP_N163
0A020                           famistudio_chn_n163_instrument:   .dsb FAMISTUDIO_EXP_N163_CHN_CNT
0A020                           famistudio_chn_n163_wave_index:   .dsb FAMISTUDIO_EXP_N163_CHN_CNT
0A020                           famistudio_chn_n163_wave_len:     .dsb FAMISTUDIO_EXP_N163_CHN_CNT
0A020                           .endif
0A020                           .if FAMISTUDIO_EXP_S5B
0A020                           famistudio_s5b_env_period_lo:     .dsb 1
0A020                           famistudio_s5b_env_period_hi:     .dsb 1
0A020                           famistudio_s5b_env_override:      .dsb 1 ; if non zero, it means we had an env period effect this frame.
0A020                           famistudio_s5b_chn_env_shape:     .dsb 3 ; bit 7 = note attack
0A020                           famistudio_s5b_chn_env_octave:    .dsb 3
0A020                           .endif
0A020                           .if FAMISTUDIO_USE_DUTYCYCLE_EFFECT
0A020                           famistudio_duty_cycle:            .dsb FAMISTUDIO_NUM_DUTY_CYCLES
0A020                           .endif
0A020                           
0A020                           .if FAMISTUDIO_USE_FAMITRACKER_TEMPO
0A020                           famistudio_tempo_step_lo:         .dsb 1
0A020                           famistudio_tempo_step_hi:         .dsb 1
0A020                           famistudio_tempo_acc_lo:          .dsb 1
0A020                           famistudio_tempo_acc_hi:          .dsb 1
0A020                           .if FAMISTUDIO_USE_FAMITRACKER_DELAYED_NOTES_OR_CUTS
0A020                           famistudio_tempo_advance_row:     .dsb 1
0A020                           .endif
0A020                           .else
0A020                           famistudio_tempo_env_ptr_lo:      .dsb 1
0A020                           famistudio_tempo_env_ptr_hi:      .dsb 1
0A020                           famistudio_tempo_env_counter:     .dsb 1
0A020                           famistudio_tempo_env_idx:         .dsb 1
0A020                           famistudio_tempo_frame_num:       .dsb 1
0A020                           famistudio_tempo_frame_cnt:       .dsb 1
0A020                           .endif
0A020                           
0A020                           famistudio_pal_adjust:            .dsb 1
0A020                           famistudio_song_list_lo:          .dsb 1
0A020                           famistudio_song_list_hi:          .dsb 1
0A020                           famistudio_instrument_lo:         .dsb 1
0A020                           famistudio_instrument_hi:         .dsb 1
0A020                           famistudio_dpcm_list_lo:          .dsb 1 ; TODO: Not needed if DPCM support is disabled.
0A020                           famistudio_dpcm_list_hi:          .dsb 1 ; TODO: Not needed if DPCM support is disabled.
0A020                           famistudio_dpcm_effect:           .dsb 1 ; TODO: Not needed if DPCM support is disabled.
0A020                           famistudio_pulse1_prev:           .dsb 1
0A020                           famistudio_pulse2_prev:           .dsb 1
0A020                           famistudio_song_speed:            .dsb 1
0A020                           
0A020                           .if FAMISTUDIO_EXP_MMC5
0A020                           famistudio_mmc5_pulse1_prev:      .dsb 1
0A020                           famistudio_mmc5_pulse2_prev:      .dsb 1
0A020                           .endif
0A020                           
0A020                           .if FAMISTUDIO_EXP_FDS
0A020                           famistudio_fds_mod_envelope:      .dsb 2
0A020                           famistudio_fds_mod_speed:         .dsb 2
0A020                           famistudio_fds_mod_depth:         .dsb 1
0A020                           famistudio_fds_mod_delay:         .dsb 1
0A020                           famistudio_fds_mod_delay_counter: .dsb 1
0A020                           famistudio_fds_override_flags:    .dsb 1 ; Bit 7 = mod speed overriden, bit 6 mod depth overriden
0A020                           famistudio_fds_wave_index:        .dsb 1
0A020                           .if FAMISTUDIO_USE_FDS_AUTOMOD
0A020                           famistudio_fds_automod_numer:     .dsb 1 ; 0 = auto-mod off.
0A020                           famistudio_fds_automod_denom:     .dsb 1
0A020                           .endif
0A020                           .if FAMISTUDIO_USE_PHASE_RESET
0A020                           famistudio_fds_prev_hi:           .dsb 1
0A020                           .endif
0A020                           .endif
0A020                           
0A020                           .if FAMISTUDIO_EXP_VRC7
0A020                           famistudio_vrc7_dummy:            .dsb 1 ; TODO: Find a dummy address i can simply write to without side effects.
0A020                           .endif
0A020                           
0A020                           ; FDS, N163 and VRC7 have very different instrument layout and are 16-bytes, so we keep them seperate.
0A020                           .if FAMISTUDIO_EXP_FDS || FAMISTUDIO_EXP_N163 || FAMISTUDIO_EXP_VRC7 || FAMISTUDIO_EXP_EPSM || FAMISTUDIO_EXP_S5B
0A020                           famistudio_exp_instrument_lo:     .dsb 1
0A020                           famistudio_exp_instrument_hi:     .dsb 1
0A020                           .endif
0A020                           
0A020                           .if FAMISTUDIO_CFG_SFX_SUPPORT
0A020                           
0A020                           famistudio_output_buf:     .dsb 11
0A020                           famistudio_sfx_addr_lo:    .dsb 1
0A020                           famistudio_sfx_addr_hi:    .dsb 1
0A020                           famistudio_sfx_base_addr:  .dsb (FAMISTUDIO_CFG_SFX_STREAMS * FAMISTUDIO_SFX_STRUCT_SIZE)
0A020                           
0A020                           ; TODO: Refactor SFX memory layout. These uses a AoS approach, not a fan. 
0A020                           famistudio_sfx_repeat = famistudio_sfx_base_addr + 0
0A020                           famistudio_sfx_ptr_lo = famistudio_sfx_base_addr + 1
0A020                           famistudio_sfx_ptr_hi = famistudio_sfx_base_addr + 2
0A020                           famistudio_sfx_offset = famistudio_sfx_base_addr + 3
0A020                           famistudio_sfx_buffer = famistudio_sfx_base_addr + 4
0A020                           
0A020                           .endif 
0A020                           
0A020                           .ende
0A020                           
0A020                           .endif
0A020                           
0A020                           ;======================================================================================================================
0A020                           ; ZEROPAGE VARIABLES
0A020                           ;
0A020                           ; These are only used as temporary variable during the famistudio_xxx calls.
0A020                           ; Feel free to alias those with other ZP values in your programs to save a few bytes.
0A020                           ;======================================================================================================================
0A020                           
0A020                           .ifdef FAMISTUDIO_CFG_DC_COMPACT_BSS
0A020                           famistudio_r0   = $0028
0A020                           famistudio_r1   = $0029
0A020                           famistudio_r2   = $002a
0A020                           famistudio_r3   = $002b
0A020                           famistudio_ptr0 = $002d
0A020                           famistudio_ptr1 = $0030
0A020                           .else
0A020                           .enum FAMISTUDIO_ASM6_ZP_ENUM
0A020                           
0A020                           famistudio_r0:   .dsb 1
0A020                           famistudio_r1:   .dsb 1
0A020                           famistudio_r2:   .dsb 1
0A020                           famistudio_r3:   .dsb 1
0A020                           
0A020                           famistudio_ptr0: .dsb 2
0A020                           famistudio_ptr1: .dsb 2
0A020                           .if FAMISTUDIO_EXP_EPSM || FAMISTUDIO_EXP_FDS || FAMISTUDIO_EXP_S5B
0A020                           famistudio_ptr2: .dsb 2
0A020                           .endif
0A020                           .ende
0A020                           .endif
0A020                           
0A020                           famistudio_ptr0_lo = famistudio_ptr0+0
0A020                           famistudio_ptr0_hi = famistudio_ptr0+1
0A020                           famistudio_ptr1_lo = famistudio_ptr1+0
0A020                           famistudio_ptr1_hi = famistudio_ptr1+1
0A020                           
0A020                           ;======================================================================================================================
0A020                           ; CODE
0A020                           ;======================================================================================================================
0A020                           
0A020                           .base FAMISTUDIO_ASM6_CODE_BASE
0A020                           
0A020                           FAMISTUDIO_APU_PL1_VOL    = $4000
0A020                           FAMISTUDIO_APU_PL1_SWEEP  = $4001
0A020                           FAMISTUDIO_APU_PL1_LO     = $4002
0A020                           FAMISTUDIO_APU_PL1_HI     = $4003
0A020                           FAMISTUDIO_APU_PL2_VOL    = $4004
0A020                           FAMISTUDIO_APU_PL2_SWEEP  = $4005
0A020                           FAMISTUDIO_APU_PL2_LO     = $4006
0A020                           FAMISTUDIO_APU_PL2_HI     = $4007
0A020                           FAMISTUDIO_APU_TRI_LINEAR = $4008
0A020                           FAMISTUDIO_APU_TRI_LO     = $400a
0A020                           FAMISTUDIO_APU_TRI_HI     = $400b
0A020                           FAMISTUDIO_APU_NOISE_VOL  = $400c
0A020                           FAMISTUDIO_APU_NOISE_LO   = $400e
0A020                           FAMISTUDIO_APU_NOISE_HI   = $400f
0A020                           FAMISTUDIO_APU_DMC_FREQ   = $4010
0A020                           FAMISTUDIO_APU_DMC_RAW    = $4011
0A020                           FAMISTUDIO_APU_DMC_START  = $4012
0A020                           FAMISTUDIO_APU_DMC_LEN    = $4013
0A020                           FAMISTUDIO_APU_SND_CHN    = $4015
0A020                           FAMISTUDIO_APU_FRAME_CNT  = $4017
0A020                           
0A020                           .if FAMISTUDIO_EXP_RAINBOW
0A020                           FAMISTUDIO_VRC6_PL1_VOL   = $41a0
0A020                           FAMISTUDIO_VRC6_PL1_LO    = $41a1
0A020                           FAMISTUDIO_VRC6_PL1_HI    = $41a2
0A020                           FAMISTUDIO_VRC6_FREQ_CTRL = $41a0 ; Dummy
0A020                           FAMISTUDIO_VRC6_PL2_VOL   = $41a3
0A020                           FAMISTUDIO_VRC6_PL2_LO    = $41a4
0A020                           FAMISTUDIO_VRC6_PL2_HI    = $41a5
0A020                           FAMISTUDIO_VRC6_SAW_VOL   = $41a6
0A020                           FAMISTUDIO_VRC6_SAW_LO    = $41a7
0A020                           FAMISTUDIO_VRC6_SAW_HI    = $41a8
0A020                           .else
0A020                           FAMISTUDIO_VRC6_PL1_VOL   = $9000
0A020                           FAMISTUDIO_VRC6_PL1_LO    = $9001
0A020                           FAMISTUDIO_VRC6_PL1_HI    = $9002
0A020                           FAMISTUDIO_VRC6_FREQ_CTRL = $9003
0A020                           FAMISTUDIO_VRC6_PL2_VOL   = $a000
0A020                           FAMISTUDIO_VRC6_PL2_LO    = $a001
0A020                           FAMISTUDIO_VRC6_PL2_HI    = $a002
0A020                           FAMISTUDIO_VRC6_SAW_VOL   = $b000
0A020                           FAMISTUDIO_VRC6_SAW_LO    = $b001
0A020                           FAMISTUDIO_VRC6_SAW_HI    = $b002
0A020                           .endif
0A020                           
0A020                           FAMISTUDIO_VRC7_SILENCE   = $e000
0A020                           FAMISTUDIO_VRC7_REG_SEL   = $9010
0A020                           FAMISTUDIO_VRC7_REG_WRITE = $9030
0A020                           FAMISTUDIO_VRC7_REG_LO_1  = $10
0A020                           FAMISTUDIO_VRC7_REG_LO_2  = $11
0A020                           FAMISTUDIO_VRC7_REG_LO_3  = $12
0A020                           FAMISTUDIO_VRC7_REG_LO_4  = $13
0A020                           FAMISTUDIO_VRC7_REG_LO_5  = $14
0A020                           FAMISTUDIO_VRC7_REG_LO_6  = $15
0A020                           FAMISTUDIO_VRC7_REG_HI_1  = $20
0A020                           FAMISTUDIO_VRC7_REG_HI_2  = $21
0A020                           FAMISTUDIO_VRC7_REG_HI_3  = $22
0A020                           FAMISTUDIO_VRC7_REG_HI_4  = $23
0A020                           FAMISTUDIO_VRC7_REG_HI_5  = $24
0A020                           FAMISTUDIO_VRC7_REG_HI_6  = $25
0A020                           FAMISTUDIO_VRC7_REG_VOL_1 = $30
0A020                           FAMISTUDIO_VRC7_REG_VOL_2 = $31
0A020                           FAMISTUDIO_VRC7_REG_VOL_3 = $32
0A020                           FAMISTUDIO_VRC7_REG_VOL_4 = $33
0A020                           FAMISTUDIO_VRC7_REG_VOL_5 = $34
0A020                           FAMISTUDIO_VRC7_REG_VOL_6 = $35 
0A020                           
0A020                           FAMISTUDIO_EPSM_REG_SEL0   = $401c
0A020                           FAMISTUDIO_EPSM_REG_WRITE0 = $401d
0A020                           FAMISTUDIO_EPSM_REG_SEL1   = $401e
0A020                           FAMISTUDIO_EPSM_REG_WRITE1 = $401f
0A020                           FAMISTUDIO_EPSM_REG_KEY    = $28
0A020                           FAMISTUDIO_EPSM_REG_DT_MUL = $30
0A020                           FAMISTUDIO_EPSM_REG_TL     = $40
0A020                           FAMISTUDIO_EPSM_REG_KS_AR  = $50
0A020                           FAMISTUDIO_EPSM_REG_AMO_DR = $60
0A020                           FAMISTUDIO_EPSM_REG_SR     = $70
0A020                           FAMISTUDIO_EPSM_REG_SL_RR  = $80
0A020                           FAMISTUDIO_EPSM_REG_SSG    = $90
0A020                           FAMISTUDIO_EPSM_REG_FN_LO  = $A0
0A020                           FAMISTUDIO_EPSM_REG_FN_LO2 = $A1
0A020                           FAMISTUDIO_EPSM_REG_FN_LO3 = $A2
0A020                           FAMISTUDIO_EPSM_REG_FN_HI  = $A4
0A020                           FAMISTUDIO_EPSM_REG_FN_HI2 = $A5
0A020                           FAMISTUDIO_EPSM_REG_FN_HI3 = $A6
0A020                           FAMISTUDIO_EPSM_REG_FB     = $B0
0A020                           FAMISTUDIO_EPSM_REG_AM_PM  = $B4
0A020                           FAMISTUDIO_EPSM_REG_LFO    = $22
0A020                           FAMISTUDIO_EPSM_REG_RHY_KY = $10
0A020                           FAMISTUDIO_EPSM_REG_RHY_BD = $18
0A020                           FAMISTUDIO_EPSM_REG_RHY_SD = $19
0A020                           FAMISTUDIO_EPSM_REG_RHY_TC = $1a
0A020                           FAMISTUDIO_EPSM_REG_RHY_HH = $1b
0A020                           FAMISTUDIO_EPSM_REG_RHY_TOM = $1c
0A020                           FAMISTUDIO_EPSM_REG_RHY_RIM = $1d
0A020                           FAMISTUDIO_EPSM_REG_LO_1  = $10
0A020                           FAMISTUDIO_EPSM_REG_LO_2  = $11
0A020                           FAMISTUDIO_EPSM_REG_LO_3  = $12
0A020                           FAMISTUDIO_EPSM_REG_LO_4  = $13
0A020                           FAMISTUDIO_EPSM_REG_LO_5  = $14
0A020                           FAMISTUDIO_EPSM_REG_LO_6  = $15
0A020                           FAMISTUDIO_EPSM_REG_HI_1  = $20
0A020                           FAMISTUDIO_EPSM_REG_HI_2  = $21
0A020                           FAMISTUDIO_EPSM_REG_HI_3  = $22
0A020                           FAMISTUDIO_EPSM_REG_HI_4  = $23
0A020                           FAMISTUDIO_EPSM_REG_HI_5  = $24
0A020                           FAMISTUDIO_EPSM_REG_HI_6  = $25
0A020                           FAMISTUDIO_EPSM_REG_VOL_1 = $30
0A020                           FAMISTUDIO_EPSM_REG_VOL_2 = $31
0A020                           FAMISTUDIO_EPSM_REG_VOL_3 = $32
0A020                           FAMISTUDIO_EPSM_REG_VOL_4 = $33
0A020                           FAMISTUDIO_EPSM_REG_VOL_5 = $34
0A020                           FAMISTUDIO_EPSM_REG_VOL_6 = $35 
0A020                           FAMISTUDIO_EPSM_ADDR       = $401c
0A020                           FAMISTUDIO_EPSM_DATA       = $401d
0A020                           FAMISTUDIO_EPSM_REG_LO_A   = $00
0A020                           FAMISTUDIO_EPSM_REG_HI_A   = $01
0A020                           FAMISTUDIO_EPSM_REG_LO_B   = $02
0A020                           FAMISTUDIO_EPSM_REG_HI_B   = $03
0A020                           FAMISTUDIO_EPSM_REG_LO_C   = $04
0A020                           FAMISTUDIO_EPSM_REG_HI_C   = $05
0A020                           FAMISTUDIO_EPSM_REG_NOISE  = $06
0A020                           FAMISTUDIO_EPSM_REG_TONE   = $07
0A020                           FAMISTUDIO_EPSM_REG_VOL_A  = $08
0A020                           FAMISTUDIO_EPSM_REG_VOL_B  = $09
0A020                           FAMISTUDIO_EPSM_REG_VOL_C  = $0a
0A020                           FAMISTUDIO_EPSM_REG_ENV_LO = $0b
0A020                           FAMISTUDIO_EPSM_REG_ENV_HI = $0c
0A020                           FAMISTUDIO_EPSM_REG_SHAPE  = $0d
0A020                           FAMISTUDIO_EPSM_REG_IO_A   = $0e
0A020                           FAMISTUDIO_EPSM_REG_IO_B   = $0f
0A020                           
0A020                           FAMISTUDIO_MMC5_PL1_VOL    = $5000
0A020                           FAMISTUDIO_MMC5_PL1_SWEEP  = $5001
0A020                           FAMISTUDIO_MMC5_PL1_LO     = $5002
0A020                           FAMISTUDIO_MMC5_PL1_HI     = $5003
0A020                           FAMISTUDIO_MMC5_PL2_VOL    = $5004
0A020                           FAMISTUDIO_MMC5_PL2_SWEEP  = $5005
0A020                           FAMISTUDIO_MMC5_PL2_LO     = $5006
0A020                           FAMISTUDIO_MMC5_PL2_HI     = $5007
0A020                           FAMISTUDIO_MMC5_PCM_MODE   = $5010
0A020                           FAMISTUDIO_MMC5_SND_CHN    = $5015
0A020                           FAMISTUDIO_MMC5_EXRAM_MODE = $5104
0A020                           
0A020                           FAMISTUDIO_N163_SILENCE       = $e000
0A020                           FAMISTUDIO_N163_ADDR          = $f800
0A020                           FAMISTUDIO_N163_DATA          = $4800 
0A020                           FAMISTUDIO_N163_REG_FREQ_LO   = $78
0A020                           FAMISTUDIO_N163_REG_PHASE_LO  = $79
0A020                           FAMISTUDIO_N163_REG_FREQ_MID  = $7a
0A020                           FAMISTUDIO_N163_REG_PHASE_MID = $7b
0A020                           FAMISTUDIO_N163_REG_FREQ_HI   = $7c
0A020                           FAMISTUDIO_N163_REG_PHASE_HI  = $7d
0A020                           FAMISTUDIO_N163_REG_WAVE      = $7e
0A020                           FAMISTUDIO_N163_REG_VOLUME    = $7f
0A020                           
0A020                           FAMISTUDIO_S5B_ADDR       = $c000
0A020                           FAMISTUDIO_S5B_DATA       = $e000
0A020                           FAMISTUDIO_S5B_REG_LO_A   = $00
0A020                           FAMISTUDIO_S5B_REG_HI_A   = $01
0A020                           FAMISTUDIO_S5B_REG_LO_B   = $02
0A020                           FAMISTUDIO_S5B_REG_HI_B   = $03
0A020                           FAMISTUDIO_S5B_REG_LO_C   = $04
0A020                           FAMISTUDIO_S5B_REG_HI_C   = $05
0A020                           FAMISTUDIO_S5B_REG_NOISE  = $06
0A020                           FAMISTUDIO_S5B_REG_TONE   = $07
0A020                           FAMISTUDIO_S5B_REG_VOL_A  = $08
0A020                           FAMISTUDIO_S5B_REG_VOL_B  = $09
0A020                           FAMISTUDIO_S5B_REG_VOL_C  = $0a
0A020                           FAMISTUDIO_S5B_REG_ENV_LO = $0b
0A020                           FAMISTUDIO_S5B_REG_ENV_HI = $0c
0A020                           FAMISTUDIO_S5B_REG_SHAPE  = $0d
0A020                           FAMISTUDIO_S5B_REG_IO_A   = $0e
0A020                           FAMISTUDIO_S5B_REG_IO_B   = $0f
0A020                           
0A020                           FAMISTUDIO_FDS_WAV_START  = $4040
0A020                           FAMISTUDIO_FDS_VOL_ENV    = $4080
0A020                           FAMISTUDIO_FDS_FREQ_LO    = $4082
0A020                           FAMISTUDIO_FDS_FREQ_HI    = $4083
0A020                           FAMISTUDIO_FDS_SWEEP_ENV  = $4084
0A020                           FAMISTUDIO_FDS_SWEEP_BIAS = $4085
0A020                           FAMISTUDIO_FDS_MOD_LO     = $4086
0A020                           FAMISTUDIO_FDS_MOD_HI     = $4087
0A020                           FAMISTUDIO_FDS_MOD_TABLE  = $4088
0A020                           FAMISTUDIO_FDS_VOL        = $4089
0A020                           FAMISTUDIO_FDS_ENV_SPEED  = $408A
0A020                           
0A020                           .if !FAMISTUDIO_CFG_SFX_SUPPORT
0A020                               ; Output directly to APU
0A020                               FAMISTUDIO_ALIAS_PL1_VOL    = FAMISTUDIO_APU_PL1_VOL
0A020                               FAMISTUDIO_ALIAS_PL1_LO     = FAMISTUDIO_APU_PL1_LO
0A020                               FAMISTUDIO_ALIAS_PL1_HI     = FAMISTUDIO_APU_PL1_HI
0A020                               FAMISTUDIO_ALIAS_PL2_VOL    = FAMISTUDIO_APU_PL2_VOL
0A020                               FAMISTUDIO_ALIAS_PL2_LO     = FAMISTUDIO_APU_PL2_LO
0A020                               FAMISTUDIO_ALIAS_PL2_HI     = FAMISTUDIO_APU_PL2_HI
0A020                               FAMISTUDIO_ALIAS_TRI_LINEAR = FAMISTUDIO_APU_TRI_LINEAR
0A020                               FAMISTUDIO_ALIAS_TRI_LO     = FAMISTUDIO_APU_TRI_LO
0A020                               FAMISTUDIO_ALIAS_TRI_HI     = FAMISTUDIO_APU_TRI_HI
0A020                               FAMISTUDIO_ALIAS_NOISE_VOL  = FAMISTUDIO_APU_NOISE_VOL
0A020                               FAMISTUDIO_ALIAS_NOISE_LO   = FAMISTUDIO_APU_NOISE_LO
0A020                           .else 
0A020                               ; Otherwise write to the output buffer
0A020                               FAMISTUDIO_ALIAS_PL1_VOL    = famistudio_output_buf + 0
0A020                               FAMISTUDIO_ALIAS_PL1_LO     = famistudio_output_buf + 1
0A020                               FAMISTUDIO_ALIAS_PL1_HI     = famistudio_output_buf + 2
0A020                               FAMISTUDIO_ALIAS_PL2_VOL    = famistudio_output_buf + 3
0A020                               FAMISTUDIO_ALIAS_PL2_LO     = famistudio_output_buf + 4
0A020                               FAMISTUDIO_ALIAS_PL2_HI     = famistudio_output_buf + 5
0A020                               FAMISTUDIO_ALIAS_TRI_LINEAR = famistudio_output_buf + 6
0A020                               FAMISTUDIO_ALIAS_TRI_LO     = famistudio_output_buf + 7
0A020                               FAMISTUDIO_ALIAS_TRI_HI     = famistudio_output_buf + 8
0A020                               FAMISTUDIO_ALIAS_NOISE_VOL  = famistudio_output_buf + 9
0A020                               FAMISTUDIO_ALIAS_NOISE_LO   = famistudio_output_buf + 10
0A020                           .endif
0A020                           
0A020                           ;======================================================================================================================
0A020                           ; FAMISTUDIO_INIT (public)
0A020                           ;
0A020                           ; Reset APU, initialize the sound engine with some music data.
0A020                           ; 
0A020                           ; [in] a : Playback platform, zero for PAL, non-zero for NTSC.
0A020                           ; [in] x : Pointer to music data (lo)
0A020                           ; [in] y : Pointer to music data (hi)
0A020                           ;======================================================================================================================
0A020                           
0A020                           famistudio_init:
0A020                               
0A020                               music_data_ptr = famistudio_ptr0
0A020                           
0A020                           .ifndef FAMISTUDIO_CFG_DC_FIXED_MUSIC_BASE
0A020                               stx famistudio_song_list_lo
0A020                               sty famistudio_song_list_hi
0A020                           .endif
0A020 86 2D                         stx music_data_ptr+0
0A022 84 2E                         sty music_data_ptr+1
0A024                           
0A024                           .if FAMISTUDIO_DUAL_SUPPORT
0A024                               tax
0A024                               beq @pal
0A024                               lda #97
0A024                           @pal:
0A024                           .else
0A024                               .if FAMISTUDIO_CFG_PAL_SUPPORT
0A024                                   lda #0
0A024                               .endif
0A024                               .if FAMISTUDIO_CFG_NTSC_SUPPORT
0A024 A9 61                             lda #97
0A026                               .endif
0A026                           .endif
0A026                           .ifndef FAMISTUDIO_CFG_DC_COMPACT_BSS
0A026                               sta famistudio_pal_adjust
0A026                           .endif
0A026                           
0A026 20 64 A0                      jsr famistudio_music_stop
0A029                           
0A029                               ; Instrument address
0A029 A0 01                         ldy #1
0A02B B1 2D                         lda (music_data_ptr),y
0A02D 8D 6C 04                      sta famistudio_instrument_lo
0A030 C8                            iny
0A031 B1 2D                         lda (music_data_ptr),y
0A033 8D 6D 04                      sta famistudio_instrument_hi
0A036 C8                            iny
0A037                           
0A037                               ; Expansions instrument address
0A037                               .if FAMISTUDIO_EXP_FDS || FAMISTUDIO_EXP_N163 || FAMISTUDIO_EXP_VRC7 || FAMISTUDIO_EXP_EPSM || FAMISTUDIO_EXP_S5B
0A037                                   lda (music_data_ptr),y
0A037                                   sta famistudio_exp_instrument_lo
0A037                                   iny
0A037                                   lda (music_data_ptr),y
0A037                                   sta famistudio_exp_instrument_hi
0A037                                   iny
0A037                               .endif
0A037                           
0A037                               ; Sample list address
0A037                           .if FAMISTUDIO_CFG_DPCM_SUPPORT
0A037                               lda (music_data_ptr),y
0A037                               sta famistudio_dpcm_list_lo
0A037                               iny
0A037                               lda (music_data_ptr),y
0A037                               sta famistudio_dpcm_list_hi
0A037                           .endif
0A037                           
0A037 A9 80                         lda #$80 ; Previous pulse period MSB, to not write it when not changed
0A039 8D 6E 04                      sta famistudio_pulse1_prev
0A03C 8D 6F 04                      sta famistudio_pulse2_prev
0A03F                           
0A03F A9 0F                         lda #$0f ; Enable channels, stop DMC
0A041 8D 15 40                      sta FAMISTUDIO_APU_SND_CHN
0A044 A9 80                         lda #$80 ; Disable triangle length counter
0A046 8D 08 40                      sta FAMISTUDIO_APU_TRI_LINEAR
0A049 A9 00                         lda #$00 ; Load noise length
0A04B 8D 0F 40                      sta FAMISTUDIO_APU_NOISE_HI
0A04E                           
0A04E A9 30                         lda #$30 ; Volumes to 0
0A050 8D 00 40                      sta FAMISTUDIO_APU_PL1_VOL
0A053 8D 04 40                      sta FAMISTUDIO_APU_PL2_VOL
0A056 8D 0C 40                      sta FAMISTUDIO_APU_NOISE_VOL
0A059 A9 08                         lda #$08 ; No sweep
0A05B 8D 01 40                      sta FAMISTUDIO_APU_PL1_SWEEP
0A05E 8D 05 40                      sta FAMISTUDIO_APU_PL2_SWEEP
0A061                           
0A061                           .if FAMISTUDIO_EXP_VRC6
0A061                           @init_vrc6:
0A061                               lda #0
0A061                               sta FAMISTUDIO_VRC6_FREQ_CTRL ; NESDEV wiki says to write zero at startup.
0A061                           .endif
0A061                           
0A061                           .if FAMISTUDIO_EXP_VRC7
0A061                           @init_vrc7:
0A061                               lda #0
0A061                               sta FAMISTUDIO_VRC7_SILENCE ; Enable VRC7 audio.
0A061                           .endif
0A061                           
0A061                           @init_epsm:
0A061                           .if FAMISTUDIO_EXP_EPSM
0A061                               lda #FAMISTUDIO_EPSM_REG_TONE
0A061                               sta FAMISTUDIO_EPSM_ADDR
0A061                               lda #$38 ; No noise, just 3 tones for now.
0A061                               sta FAMISTUDIO_EPSM_DATA
0A061                               lda #$29
0A061                               sta FAMISTUDIO_EPSM_ADDR
0A061                               lda #$80 
0A061                               sta FAMISTUDIO_EPSM_DATA
0A061                               lda #$27
0A061                               sta FAMISTUDIO_EPSM_ADDR
0A061                               lda #$00 
0A061                               sta FAMISTUDIO_EPSM_DATA
0A061                               lda #$11
0A061                               sta FAMISTUDIO_EPSM_ADDR
0A061                               lda #$37 
0A061                               sta FAMISTUDIO_EPSM_DATA
0A061                           .endif
0A061                           
0A061                           .if FAMISTUDIO_EXP_MMC5
0A061                           @init_mmc5:
0A061                               lda #$00
0A061                               sta FAMISTUDIO_MMC5_PCM_MODE
0A061                               lda #$03
0A061                               sta FAMISTUDIO_MMC5_SND_CHN
0A061                               lda #$80 ; Previous pulse period MSB, to not write it when not changed
0A061                               sta famistudio_mmc5_pulse1_prev
0A061                               sta famistudio_mmc5_pulse2_prev    
0A061                           .endif
0A061                           
0A061                           .if FAMISTUDIO_EXP_S5B
0A061                           @init_s5b:
0A061                               lda #FAMISTUDIO_S5B_REG_TONE
0A061                               sta FAMISTUDIO_S5B_ADDR
0A061                               lda #$38 ; No noise, just 3 tones for now.
0A061                               sta FAMISTUDIO_S5B_DATA
0A061                           .endif
0A061                           
0A061 4C 64 A0                      jmp famistudio_music_stop
0A064                           
0A064                           ;======================================================================================================================
0A064                           ; FAMISTUDIO_MUSIC_STOP (public)
0A064                           ;
0A064                           ; Stops any music currently playing, if any. Note that this will not update the APU, so sound might linger. Calling
0A064                           ; famistudio_update after this will update the APU.
0A064                           ; 
0A064                           ; [in] no input params.
0A064                           ;======================================================================================================================
0A064                           
0A064                           famistudio_music_stop:
0A064                           
0A064 A9 00                         lda #0
0A066 85 2F                         sta famistudio_song_speed
0A068                           .if FAMISTUDIO_CFG_DPCM_SUPPORT
0A068                               sta famistudio_dpcm_effect
0A068                           .endif
0A068                           
0A068 A2 00                         ldx #0
0A06A                           
0A06A                           @set_channels:
0A06A                           
0A06A 9D 4F 04                      sta famistudio_chn_repeat,x
0A06D 9D 4A 04                      sta famistudio_chn_note,x
0A070 95 37                         sta famistudio_chn_ref_len,x
0A072                               .if FAMISTUDIO_USE_VOLUME_TRACK
0A072 95 42                             sta famistudio_chn_volume_track,x
0A074                               .endif    
0A074                               .if FAMISTUDIO_USE_VIBRATO || FAMISTUDIO_USE_ARPEGGIO
0A074                                   sta famistudio_chn_env_override,x
0A074                               .endif
0A074                               .if FAMISTUDIO_CFG_EQUALIZER
0A074                                   sta famistudio_chn_note_counter,x
0A074                               .endif    
0A074                               .if FAMISTUDIO_USE_FAMITRACKER_DELAYED_NOTES_OR_CUTS
0A074                                   lda #$ff
0A074                                   sta famistudio_chn_note_delay,x
0A074                                   sta famistudio_chn_cut_delay,x
0A074                                   lda #0
0A074                               .endif
0A074 E8                            inx
0A075 E0 05                         cpx #FAMISTUDIO_NUM_CHANNELS
0A077 D0 F1                         bne @set_channels
0A079                           
0A079                           .if FAMISTUDIO_USE_DUTYCYCLE_EFFECT
0A079                           ldx #0
0A079                           @set_duty_cycles:
0A079                               sta famistudio_duty_cycle,x
0A079                               inx
0A079                               cpx #FAMISTUDIO_NUM_DUTY_CYCLES
0A079                               bne @set_duty_cycles
0A079                           .endif
0A079                           
0A079                           .if FAMISTUDIO_USE_SLIDE_NOTES
0A079                               ldx #0
0A079                           @set_slides:
0A079                               sta famistudio_slide_step, x
0A079                               inx
0A079                               cpx #FAMISTUDIO_NUM_SLIDES
0A079                               bne @set_slides
0A079                           .endif
0A079                           
0A079                           .if FAMISTUDIO_USE_VOLUME_SLIDES
0A079                               ldx #0
0A079                           @set_volume_slides:
0A079                               sta famistudio_chn_volume_slide_step, x
0A079                               sta famistudio_chn_volume_slide_target, x
0A079                               inx
0A079                               cpx #FAMISTUDIO_NUM_VOLUME_SLIDES
0A079                               bne @set_volume_slides
0A079                           .endif
0A079                           
0A079 A2 00                         ldx #0
0A07B                           
0A07B                           @set_envelopes:
0A07B                           
0A07B A9 41                         lda #<famistudio_dummy_envelope
0A07D 9D 16 04                      sta famistudio_env_addr_lo,x
0A080 A9 A6                         lda #>famistudio_dummy_envelope
0A082 9D 21 04                      sta famistudio_env_addr_hi,x
0A085 A9 00                         lda #0
0A087 9D 0B 04                      sta famistudio_env_repeat,x
0A08A 9D 00 04                      sta famistudio_env_value,x
0A08D 9D 35 04                      sta famistudio_env_ptr,x
0A090 E8                            inx
0A091 E0 0B                         cpx #FAMISTUDIO_NUM_ENVELOPES
0A093 D0 E6                         bne @set_envelopes
0A095                           
0A095 A2 00                         ldx #0
0A097                           @set_pitch_envelopes:
0A097                           
0A097 A9 45                         lda #<famistudio_dummy_pitch_envelope
0A099 95 3F                         sta famistudio_pitch_env_addr_lo,x
0A09B A9 A6                         lda #>famistudio_dummy_pitch_envelope
0A09D 95 47                         sta famistudio_pitch_env_addr_hi,x
0A09F A9 00                         lda #0
0A0A1 95 3C                         sta famistudio_pitch_env_repeat,x
0A0A3 9D 2C 04                      sta famistudio_pitch_env_value_lo,x
0A0A6 9D 2F 04                      sta famistudio_pitch_env_value_hi,x
0A0A9                               .if FAMISTUDIO_USE_PITCH_TRACK
0A0A9 9D 32 04                          sta famistudio_pitch_env_fine_value,x
0A0AC                               .endif
0A0AC A9 01                         lda #1
0A0AE 95 57                         sta famistudio_pitch_env_ptr,x
0A0B0 E8                            inx
0A0B1 E0 03                         cpx #FAMISTUDIO_NUM_PITCH_ENVELOPES
0A0B3 D0 E2                         bne @set_pitch_envelopes
0A0B5                           
0A0B5 4C 37 A5                      jmp famistudio_sample_stop
0A0B8                           
0A0B8                           ;======================================================================================================================
0A0B8                           ; FAMISTUDIO_MUSIC_PLAY (public)
0A0B8                           ;
0A0B8                           ; Plays a song from the loaded music data (from a previous call to famistudio_init).
0A0B8                           ; 
0A0B8                           ; [in] a : Song index.
0A0B8                           ;======================================================================================================================
0A0B8                           
0A0B8                           famistudio_music_play:
0A0B8                           
0A0B8                               tmp = famistudio_r0
0A0B8                               song_list_ptr = famistudio_ptr0
0A0B8                               temp_env_ptr  = famistudio_ptr1
0A0B8                           
0A0B8                           .ifdef FAMISTUDIO_CFG_DC_FIXED_MUSIC_BASE
0A0B8 A2 00                         ldx #<$8000
0A0BA 86 2D                         stx song_list_ptr+0
0A0BC A2 80                         ldx #>$8000
0A0BE 86 2E                         stx song_list_ptr+1
0A0C0                           .else
0A0C0                               ldx famistudio_song_list_lo
0A0C0                               stx song_list_ptr+0
0A0C0                               ldx famistudio_song_list_hi
0A0C0                               stx song_list_ptr+1
0A0C0                           .endif
0A0C0                           
0A0C0 A0 00                         ldy #0
0A0C2 D1 2D                         cmp (song_list_ptr),y
0A0C4 90 01                         bcc @valid_song
0A0C6 60                            rts ; Invalid song index.
0A0C7                           
0A0C7                           @valid_song:
0A0C7                           .if FAMISTUDIO_NUM_CHANNELS = 5
0A0C7                               ; Here we basically assume we have 17 songs or less (17 songs * 14 bytes per song + 5 bytes header < 256).
0A0C7 0A                            asl
0A0C8 85 28                         sta tmp
0A0CA 0A                            asl
0A0CB AA                            tax
0A0CC 0A                            asl
0A0CD 65 28                         adc tmp
0A0CF 86 28                         stx tmp
0A0D1 65 28                         adc tmp
0A0D3 69 05                         adc #5 ; Song count + instrument ptr + sample ptr
0A0D5 A8                            tay
0A0D6                           .else
0A0D6                               ; This supports a larger number of songs as it increments the pointer itself, not Y.
0A0D6                               ; As the number of channel becomes huge, this become necessary to support a decent
0A0D6                               ; number of songs.
0A0D6                               tax
0A0D6                               lda song_list_ptr+0
0A0D6                               @song_mult_loop:
0A0D6                                   dex
0A0D6                                   bmi @song_mult_loop_done
0A0D6                                   adc #(FAMISTUDIO_NUM_CHANNELS * 2 + 4)
0A0D6                                   bcc @song_mult_loop
0A0D6                                   inc song_list_ptr+1
0A0D6                                   clc
0A0D6                                   bcc @song_mult_loop
0A0D6                           
0A0D6                               @song_mult_loop_done:
0A0D6                                   sta song_list_ptr+0
0A0D6                           
0A0D6                           .if FAMISTUDIO_EXP_FDS || FAMISTUDIO_EXP_VRC7 || FAMISTUDIO_EXP_EPSM || FAMISTUDIO_EXP_N163 || FAMISTUDIO_EXP_S5B
0A0D6                               ldy #7 ; Song count + instrument ptr + exp instrument ptr + sample ptr
0A0D6                           .else
0A0D6                               ldy #5 ; Song count + instrument ptr + sample ptr
0A0D6                           .endif
0A0D6                           .endif
0A0D6                           
0A0D6 20 64 A0                      jsr famistudio_music_stop
0A0D9                           
0A0D9 A2 00                         ldx #0
0A0DB                           
0A0DB                           @set_channels:
0A0DB                           
0A0DB                               ; Channel data address
0A0DB B1 2D                         lda (song_list_ptr),y
0A0DD 9D 40 04                      sta famistudio_chn_ptr_lo,x
0A0E0 C8                            iny
0A0E1 B1 2D                         lda (song_list_ptr),y
0A0E3 9D 45 04                      sta famistudio_chn_ptr_hi,x
0A0E6 C8                            iny
0A0E7                           
0A0E7 A9 00                         lda #0
0A0E9 9D 4F 04                      sta famistudio_chn_repeat,x
0A0EC 9D 4A 04                      sta famistudio_chn_note,x
0A0EF 95 37                         sta famistudio_chn_ref_len,x
0A0F1                               .if FAMISTUDIO_USE_VOLUME_TRACK
0A0F1 A9 F0                             lda #$f0
0A0F3 95 42                             sta famistudio_chn_volume_track,x
0A0F5                               .endif
0A0F5                               .if FAMISTUDIO_USE_FAMITRACKER_DELAYED_NOTES_OR_CUTS
0A0F5                                   lda #$ff
0A0F5                                   sta famistudio_chn_note_delay,x
0A0F5                                   sta famistudio_chn_cut_delay,x
0A0F5                               .endif    
0A0F5                           
0A0F5                           @nextchannel:
0A0F5 E8                            inx
0A0F6 E0 05                         cpx #FAMISTUDIO_NUM_CHANNELS
0A0F8 D0 E1                         bne @set_channels
0A0FA                           
0A0FA                           .if FAMISTUDIO_USE_FAMITRACKER_TEMPO
0A0FA                               lda famistudio_pal_adjust
0A0FA                               beq @pal
0A0FA                               iny
0A0FA                               iny
0A0FA                           @pal:
0A0FA                           
0A0FA                               ; Tempo increment.
0A0FA                               lda (song_list_ptr),y
0A0FA                               sta famistudio_tempo_step_lo
0A0FA                               iny
0A0FA                               lda (song_list_ptr),y
0A0FA                               sta famistudio_tempo_step_hi
0A0FA                           
0A0FA                               lda #0 ; Reset tempo accumulator
0A0FA                               sta famistudio_tempo_acc_lo
0A0FA                               lda #6 ; Default speed
0A0FA                               sta famistudio_tempo_acc_hi
0A0FA                               sta famistudio_song_speed ; Apply default speed, this also enables music
0A0FA                           .else
0A0FA B1 2D                         lda (song_list_ptr),y
0A0FC 85 4A                         sta famistudio_tempo_env_ptr_lo
0A0FE 85 30                         sta temp_env_ptr+0
0A100 C8                            iny
0A101 B1 2D                         lda (song_list_ptr),y
0A103 85 4B                         sta famistudio_tempo_env_ptr_hi
0A105 85 31                         sta temp_env_ptr+1
0A107 C8                            iny
0A108 B1 2D                         lda (song_list_ptr),y
0A10A                           .if FAMISTUDIO_DUAL_SUPPORT ; Dual mode
0A10A                               ldx famistudio_pal_adjust
0A10A                               bne @ntsc_target
0A10A                               ora #1
0A10A                               @ntsc_target:
0A10A                           .elseif FAMISTUDIO_CFG_PAL_SUPPORT ; PAL only
0A10A                               ora #1
0A10A                           .endif
0A10A AA                            tax
0A10B BD 1A A7                      lda famistudio_tempo_frame_lookup, x ; Lookup contains the number of frames to run (0,1,2) to maintain tempo
0A10E 85 5C                         sta famistudio_tempo_frame_num
0A110 A0 00                         ldy #0
0A112 84 5B                         sty famistudio_tempo_env_idx
0A114 B1 30                         lda (temp_env_ptr),y
0A116 18                            clc 
0A117 69 01                         adc #1
0A119 85 5A                         sta famistudio_tempo_env_counter
0A11B A9 06                         lda #6
0A11D 85 2F                         sta famistudio_song_speed ; Non-zero simply so the song isnt considered paused.
0A11F                           .endif
0A11F                           
0A11F                           .if FAMISTUDIO_EXP_VRC7
0A11F                               lda #0
0A11F                               ldx #5
0A11F                               @clear_vrc7_loop:
0A11F                                   sta famistudio_chn_vrc7_prev_hi, x
0A11F                                   sta famistudio_chn_vrc7_patch, x
0A11F                                   sta famistudio_chn_vrc7_trigger,x
0A11F                                   dex
0A11F                                   bpl @clear_vrc7_loop 
0A11F                           .endif
0A11F                           
0A11F                           .if FAMISTUDIO_EXP_EPSM
0A11F                           .if FAMISTUDIO_EXP_EPSM_TRIG_CHN > 0
0A11F                               lda #0
0A11F                               ldx #FAMISTUDIO_EXP_EPSM_FM_CHN_CNT + FAMISTUDIO_EXP_EPSM_RHYTHM_CNT - 1
0A11F                               @clear_epsm_loop:
0A11F                                   sta famistudio_chn_epsm_trigger,x
0A11F                                   dex
0A11F                                   bpl @clear_epsm_loop 
0A11F                           .endif
0A11F                           .if FAMISTUDIO_EXP_EPSM_SSG_CHN_CNT > 0
0A11F                               lda #0
0A11F                               sta famistudio_epsm_env_period_lo
0A11F                               sta famistudio_epsm_env_period_hi
0A11F                               sta famistudio_epsm_env_override
0A11F                               ldx #(FAMISTUDIO_EXP_EPSM_SSG_CHN_CNT - 1)
0A11F                               @clear_epsm_sq_loop:
0A11F                                   sta famistudio_epsm_chn_env_shape, x
0A11F                                   sta famistudio_epsm_chn_env_octave, x
0A11F                                   dex
0A11F                                   bpl @clear_epsm_sq_loop
0A11F                           .endif
0A11F                           .endif
0A11F                           
0A11F                           .if FAMISTUDIO_EXP_VRC6
0A11F                               lda #0
0A11F                               sta famistudio_vrc6_saw_volume
0A11F                               .if FAMISTUDIO_USE_PHASE_RESET
0A11F                                   sta famistudio_vrc6_pulse1_prev_hi
0A11F                                   sta famistudio_vrc6_pulse2_prev_hi
0A11F                                   sta famistudio_vrc6_saw_prev_hi
0A11F                               .endif
0A11F                           .endif
0A11F                           
0A11F                           .if FAMISTUDIO_USE_PHASE_RESET
0A11F                               lda #0
0A11F                               sta famistudio_phase_reset
0A11F                               .if FAMISTUDIO_EXP_N163
0A11F                                   sta famistudio_phase_reset_n163
0A11F                               .endif
0A11F                           .endif
0A11F                           
0A11F                           .if FAMISTUDIO_USE_DELTA_COUNTER
0A11F                               lda #$ff
0A11F                               sta famistudio_dmc_delta_counter
0A11F                           .endif
0A11F                           
0A11F                           .if FAMISTUDIO_EXP_FDS
0A11F                               lda #0
0A11F                               sta famistudio_fds_mod_envelope+0
0A11F                               sta famistudio_fds_mod_envelope+1
0A11F                               sta famistudio_fds_mod_speed+0
0A11F                               sta famistudio_fds_mod_speed+1
0A11F                               sta famistudio_fds_mod_depth
0A11F                               sta famistudio_fds_mod_delay
0A11F                               sta famistudio_fds_mod_delay_counter
0A11F                               sta famistudio_fds_override_flags
0A11F                               sta famistudio_fds_wave_index
0A11F                               .if FAMISTUDIO_USE_FDS_AUTOMOD    
0A11F                                   sta famistudio_fds_automod_numer
0A11F                                   sta famistudio_fds_automod_denom
0A11F                               .endif
0A11F                               .if FAMISTUDIO_USE_PHASE_RESET
0A11F                                   sta famistudio_fds_prev_hi
0A11F                               .endif
0A11F                           .endif
0A11F                           
0A11F                           .if FAMISTUDIO_EXP_N163
0A11F                               lda #0
0A11F                               ldx #(FAMISTUDIO_EXP_N163_CHN_CNT - 1)
0A11F                               @clear_n163_loop:
0A11F                                   sta famistudio_chn_n163_wave_index, x
0A11F                                   sta famistudio_chn_n163_wave_len, x
0A11F                                   dex
0A11F                                   bpl @clear_n163_loop 
0A11F                           .endif
0A11F                           
0A11F                           .if FAMISTUDIO_EXP_S5B
0A11F                               lda #0
0A11F                               sta famistudio_s5b_env_period_lo
0A11F                               sta famistudio_s5b_env_period_hi
0A11F                               sta famistudio_s5b_env_override
0A11F                               sta famistudio_s5b_chn_env_shape+0
0A11F                               sta famistudio_s5b_chn_env_shape+1
0A11F                               sta famistudio_s5b_chn_env_shape+2
0A11F                               sta famistudio_s5b_chn_env_octave+0
0A11F                               sta famistudio_s5b_chn_env_octave+1
0A11F                               sta famistudio_s5b_chn_env_octave+2
0A11F                           .endif
0A11F                           
0A11F                           @skip:
0A11F 60                            rts
0A120                           
0A120                           ;======================================================================================================================
0A120                           ; FAMISTUDIO_MUSIC_PAUSE (public)
0A120                           ;
0A120                           ; Pause/unpause the currently playing song. Note that this will not update the APU, so sound might linger. Calling
0A120                           ; famistudio_update after this will update the APU.
0A120                           ; 
0A120                           ; [in] a : zero to play, non-zero to pause.
0A120                           ;======================================================================================================================
0A120                           
0A120                           famistudio_music_pause:
0A120                           
0A120 AA                            tax
0A121 F0 17                         beq @unpause
0A123                               
0A123                           @pause:
0A123                           
0A123 20 37 A5                      jsr famistudio_sample_stop
0A126                               
0A126 A9 00                         lda #0
0A128 8D 00 04                      sta famistudio_env_value+FAMISTUDIO_CH0_ENVS+FAMISTUDIO_ENV_VOLUME_OFF
0A12B 8D 03 04                      sta famistudio_env_value+FAMISTUDIO_CH1_ENVS+FAMISTUDIO_ENV_VOLUME_OFF
0A12E 8D 06 04                      sta famistudio_env_value+FAMISTUDIO_CH2_ENVS+FAMISTUDIO_ENV_VOLUME_OFF
0A131 8D 08 04                      sta famistudio_env_value+FAMISTUDIO_CH3_ENVS+FAMISTUDIO_ENV_VOLUME_OFF
0A134                           .if FAMISTUDIO_EXP_VRC6
0A134                               sta famistudio_env_value+FAMISTUDIO_VRC6_CH0_ENVS+FAMISTUDIO_ENV_VOLUME_OFF
0A134                               sta famistudio_env_value+FAMISTUDIO_VRC6_CH1_ENVS+FAMISTUDIO_ENV_VOLUME_OFF
0A134                               sta famistudio_env_value+FAMISTUDIO_VRC6_CH2_ENVS+FAMISTUDIO_ENV_VOLUME_OFF
0A134                           .endif
0A134                           .if FAMISTUDIO_EXP_VRC7
0A134                               sta famistudio_env_value+FAMISTUDIO_VRC7_CH0_ENVS+FAMISTUDIO_ENV_VOLUME_OFF
0A134                               sta famistudio_env_value+FAMISTUDIO_VRC7_CH1_ENVS+FAMISTUDIO_ENV_VOLUME_OFF
0A134                               sta famistudio_env_value+FAMISTUDIO_VRC7_CH2_ENVS+FAMISTUDIO_ENV_VOLUME_OFF
0A134                               sta famistudio_env_value+FAMISTUDIO_VRC7_CH3_ENVS+FAMISTUDIO_ENV_VOLUME_OFF
0A134                               sta famistudio_env_value+FAMISTUDIO_VRC7_CH4_ENVS+FAMISTUDIO_ENV_VOLUME_OFF
0A134                               sta famistudio_env_value+FAMISTUDIO_VRC7_CH5_ENVS+FAMISTUDIO_ENV_VOLUME_OFF
0A134                           .endif
0A134                           .if FAMISTUDIO_EXP_FDS
0A134                               sta famistudio_env_value+FAMISTUDIO_FDS_CH0_ENVS+FAMISTUDIO_ENV_VOLUME_OFF
0A134                           .endif
0A134                           .if FAMISTUDIO_EXP_MMC5
0A134                               sta famistudio_env_value+FAMISTUDIO_MMC5_CH0_ENVS+FAMISTUDIO_ENV_VOLUME_OFF
0A134                               sta famistudio_env_value+FAMISTUDIO_MMC5_CH1_ENVS+FAMISTUDIO_ENV_VOLUME_OFF
0A134                           .endif
0A134                           .if FAMISTUDIO_EXP_N163
0A134                               sta famistudio_env_value+FAMISTUDIO_N163_CH0_ENVS+FAMISTUDIO_ENV_VOLUME_OFF
0A134                               sta famistudio_env_value+FAMISTUDIO_N163_CH1_ENVS+FAMISTUDIO_ENV_VOLUME_OFF
0A134                               sta famistudio_env_value+FAMISTUDIO_N163_CH2_ENVS+FAMISTUDIO_ENV_VOLUME_OFF
0A134                               sta famistudio_env_value+FAMISTUDIO_N163_CH3_ENVS+FAMISTUDIO_ENV_VOLUME_OFF
0A134                               sta famistudio_env_value+FAMISTUDIO_N163_CH4_ENVS+FAMISTUDIO_ENV_VOLUME_OFF
0A134                               sta famistudio_env_value+FAMISTUDIO_N163_CH5_ENVS+FAMISTUDIO_ENV_VOLUME_OFF
0A134                               sta famistudio_env_value+FAMISTUDIO_N163_CH6_ENVS+FAMISTUDIO_ENV_VOLUME_OFF
0A134                               sta famistudio_env_value+FAMISTUDIO_N163_CH7_ENVS+FAMISTUDIO_ENV_VOLUME_OFF
0A134                           .endif
0A134                           .if FAMISTUDIO_EXP_S5B
0A134                               sta famistudio_env_value+FAMISTUDIO_S5B_CH0_ENVS+FAMISTUDIO_ENV_VOLUME_OFF
0A134                               sta famistudio_env_value+FAMISTUDIO_S5B_CH1_ENVS+FAMISTUDIO_ENV_VOLUME_OFF
0A134                               sta famistudio_env_value+FAMISTUDIO_S5B_CH2_ENVS+FAMISTUDIO_ENV_VOLUME_OFF
0A134                           .endif
0A134                           .if FAMISTUDIO_EXP_EPSM
0A134                           .if FAMISTUDIO_EXP_EPSM_ENV_CNT > 0
0A134                               sta famistudio_env_value+FAMISTUDIO_EPSM_CH0_ENVS+FAMISTUDIO_ENV_VOLUME_OFF
0A134                           .endif
0A134                           .if FAMISTUDIO_EXP_EPSM_ENV_CNT > 1
0A134                               sta famistudio_env_value+FAMISTUDIO_EPSM_CH1_ENVS+FAMISTUDIO_ENV_VOLUME_OFF
0A134                           .endif
0A134                           .if FAMISTUDIO_EXP_EPSM_ENV_CNT > 2
0A134                               sta famistudio_env_value+FAMISTUDIO_EPSM_CH2_ENVS+FAMISTUDIO_ENV_VOLUME_OFF
0A134                           .endif
0A134                           .if FAMISTUDIO_EXP_EPSM_ENV_CNT > 3
0A134                               sta famistudio_env_value+FAMISTUDIO_EPSM_CH3_ENVS+FAMISTUDIO_ENV_VOLUME_OFF
0A134                           .endif
0A134                           .if FAMISTUDIO_EXP_EPSM_ENV_CNT > 4
0A134                               sta famistudio_env_value+FAMISTUDIO_EPSM_CH4_ENVS+FAMISTUDIO_ENV_VOLUME_OFF
0A134                           .endif
0A134                           .if FAMISTUDIO_EXP_EPSM_ENV_CNT > 5
0A134                               sta famistudio_env_value+FAMISTUDIO_EPSM_CH5_ENVS+FAMISTUDIO_ENV_VOLUME_OFF
0A134                           .endif
0A134                           .if FAMISTUDIO_EXP_EPSM_ENV_CNT > 6
0A134                               sta famistudio_env_value+FAMISTUDIO_EPSM_CH6_ENVS+FAMISTUDIO_ENV_VOLUME_OFF
0A134                           .endif
0A134                           .if FAMISTUDIO_EXP_EPSM_ENV_CNT > 7
0A134                               sta famistudio_env_value+FAMISTUDIO_EPSM_CH7_ENVS+FAMISTUDIO_ENV_VOLUME_OFF
0A134                           .endif
0A134                           .if FAMISTUDIO_EXP_EPSM_ENV_CNT > 8
0A134                               sta famistudio_env_value+FAMISTUDIO_EPSM_CH8_ENVS+FAMISTUDIO_ENV_VOLUME_OFF
0A134                           .endif
0A134                           .endif
0A134 A5 2F                         lda famistudio_song_speed ; <= 0 pauses the music
0A136 09 80                         ora #$80
0A138 D0 04                         bne @done
0A13A                           @unpause:
0A13A A5 2F                         lda famistudio_song_speed ; > 0 unpause music
0A13C 29 7F                         and #$7f
0A13E                           @done:
0A13E 85 2F                         sta famistudio_song_speed
0A140                           
0A140 60                            rts
0A141                           
0A141                           ;======================================================================================================================
0A141                           ; FAMISTUDIO_GET_NOTE_PITCH_MACRO (internal)
0A141                           ;
0A141                           ; Uber-macro used to compute the final pitch of a note, taking into account the current note, arpeggios, instrument
0A141                           ; pitch envelopes, slide notes and fine pitch tracks.
0A141                           ; 
0A141                           ; [in] x : note index.
0A141                           ; [in] y : slide/pitch envelope index.
0A141                           ; [out] famistudio_ptr1 : Final note pitch.
0A141                           ;======================================================================================================================
0A141                           
0A141                           .macro famistudio_get_note_pitch_macro pitch_env_offset, pitch_shift, note_table_lsb, note_table_msb
0A141                           
0A141                               pitch   = famistudio_ptr1
0A141                               tmp_ror = famistudio_r0
0A141                           
0A141                           .if FAMISTUDIO_USE_PITCH_TRACK
0A141                           
0A141                               ; Pitch envelope + fine pitch (sign extended)
0A141                               clc
0A141                               lda famistudio_pitch_env_fine_value+pitch_env_offset, y 
0A141                               adc famistudio_pitch_env_value_lo+pitch_env_offset, y 
0A141                               sta pitch+0
0A141                               lda famistudio_pitch_env_fine_value+pitch_env_offset, y 
0A141                               and #$80
0A141                               beq pos
0A141                               lda #$ff
0A141                           pos:
0A141                               adc famistudio_pitch_env_value_hi+pitch_env_offset, y 
0A141                               sta pitch+1
0A141                           
0A141                           .else
0A141                           
0A141                               ; Pitch envelope only
0A141                               lda famistudio_pitch_env_value_lo+pitch_env_offset, y 
0A141                               sta pitch+0
0A141                               lda famistudio_pitch_env_value_hi+pitch_env_offset, y 
0A141                               sta pitch+1
0A141                           
0A141                           .endif
0A141                           
0A141                           .if FAMISTUDIO_USE_SLIDE_NOTES
0A141                           
0A141                               ; Check if there is an active slide.
0A141                               lda famistudio_slide_step+pitch_env_offset, y 
0A141                               beq no_slide
0A141                           
0A141                               ; Add slide
0A141                           .if pitch_shift >= 1
0A141                               ; These channels dont have fractional part for slides and have the same shift for slides + pitch.
0A141                               clc
0A141                               lda famistudio_slide_pitch_lo+pitch_env_offset, y 
0A141                               adc pitch+0
0A141                               sta pitch+0
0A141                               lda famistudio_slide_pitch_hi+pitch_env_offset, y 
0A141                               adc pitch+1
0A141                               sta pitch+1     
0A141                            .else
0A141                               ; Most channels have 1 bit of fraction for slides.
0A141                               lda famistudio_slide_pitch_hi+pitch_env_offset, y 
0A141                               cmp #$80 ; Sign extend upcoming right shift.
0A141                               ror ; We have 1 bit of fraction for slides, shift right hi byte.
0A141                               sta tmp_ror
0A141                               lda famistudio_slide_pitch_lo+pitch_env_offset, y 
0A141                               ror ; Shift right low byte.
0A141                               clc
0A141                               adc pitch+0
0A141                               sta pitch+0
0A141                               lda tmp_ror
0A141                               adc pitch+1 
0A141                               sta pitch+1 
0A141                           .endif
0A141                           .endif
0A141                           
0A141                           no_slide:    
0A141                           
0A141                               .if pitch_shift >= 1
0A141                                   asl pitch+0
0A141                                   rol pitch+1
0A141                               .if pitch_shift >= 2
0A141                                   asl pitch+0
0A141                                   rol pitch+1
0A141                               .if pitch_shift >= 3
0A141                                   asl pitch+0
0A141                                   rol pitch+1
0A141                               .if pitch_shift >= 4
0A141                                   asl pitch+0
0A141                                   rol pitch+1
0A141                               .if pitch_shift >= 5
0A141                                   asl pitch+0
0A141                                   rol pitch+1
0A141                               .endif 
0A141                               .endif
0A141                               .endif
0A141                               .endif
0A141                               .endif
0A141                           
0A141                               ; Finally, add note pitch.
0A141                               clc
0A141                               lda note_table_lsb,x
0A141                               adc pitch+0
0A141                               sta pitch+0
0A141                               lda note_table_msb,x
0A141                               adc pitch+1
0A141                               sta pitch+1   
0A141                           
0A141                           .endm
0A141                           
0A141                           famistudio_get_note_pitch:
0A141 18 B9 32 04 79 2C 04 85..     famistudio_get_note_pitch_macro 0, 0, famistudio_note_table_lsb, famistudio_note_table_msb
0A167 60                            rts
0A168                           
0A168                           .if FAMISTUDIO_EXP_VRC6
0A168                           famistudio_get_note_pitch_vrc6_saw:
0A168                               famistudio_get_note_pitch_macro 0, 0, famistudio_saw_note_table_lsb, famistudio_saw_note_table_msb
0A168                               rts
0A168                           .endif
0A168                           
0A168                           ;======================================================================================================================
0A168                           ; FAMISTUDIO_SMOOTH_VIBRATO (internal)
0A168                           ;
0A168                           ; Implementation of Blaarg's smooth vibrato to eliminate pops on square channels. Called either from regular channel
0A168                           ; updates or from SFX code.
0A168                           ;
0A168                           ; [in] a : new hi period.
0A168                           ;======================================================================================================================
0A168                           
0A168                           .macro famistudio_smooth_vibrato pulse_lo, pulse_prev, reg_hi, reg_lo, reg_sweep
0A168                           
0A168                               ; Blaarg's smooth vibrato technique, only used if high period delta is 1 or -1.
0A168                               and #7 ; Clamp hi-period to sane range, breaks smooth vibrato otherwise.
0A168                               tax ; X = new hi-period
0A168                               sec
0A168                               sbc pulse_prev ; A = signed hi-period delta.
0A168                               beq done
0A168                               stx pulse_prev
0A168                               tay 
0A168                               iny ; We only care about -1 ($ff) and 1. Adding one means we only check of 0 or 2, we already checked for zero (so < 3).
0A168                               cpy #$03
0A168                               bcs hi_delta_too_big
0A168                               ldx #$40
0A168                               stx FAMISTUDIO_APU_FRAME_CNT ; Reset frame counter in case it was about to clock
0A168                               lda famistudio_smooth_vibrato_period_lo_lookup, y ; Be sure low 8 bits of timer period are $ff (for positive delta), or $00 (for negative delta)
0A168                               sta reg_lo
0A168                               lda famistudio_smooth_vibrato_sweep_lookup, y ; Sweep enabled, shift = 7, set negative flag or delta is negative..
0A168                               sta reg_sweep
0A168                               lda #$c0
0A168                               sta FAMISTUDIO_APU_FRAME_CNT ; Clock sweep immediately
0A168                               lda #$08
0A168                               sta reg_sweep ; Disable sweep
0A168                               lda pulse_lo
0A168                               sta reg_lo ; Restore lo-period.
0A168                               jmp done
0A168                           hi_delta_too_big:
0A168                               stx reg_hi
0A168                           done:
0A168                           .endm
0A168                           
0A168                           ;======================================================================================================================
0A168                           ; FAMISTUDIO_UPDATE_CHANNEL_SOUND (internal)
0A168                           ;
0A168                           ; Uber-macro used to update the APU registers for a given 2A03/VRC6/MMC5 channel. This macro is an absolute mess, but
0A168                           ; it is still more maintainable than having many different functions.
0A168                           ;
0A168                           ; [in] no input params.
0A168                           ;======================================================================================================================
0A168                           
0A168                           .macro famistudio_update_channel_sound idx, env_offset, pulse_prev, reg_hi, reg_lo, reg_vol, reg_sweep, phase_reset_mask
0A168                           
0A168                               tmp   = famistudio_r0
0A168                               pitch = famistudio_ptr1
0A168                           
0A168                               lda famistudio_chn_note+idx
0A168                               bne nocut
0A168                               jmp set_volume
0A168                           
0A168                           nocut:
0A168                               clc
0A168                               adc famistudio_env_value+env_offset+FAMISTUDIO_ENV_NOTE_OFF
0A168                           
0A168                           .if idx = 3 ; Noise channel is a bit special    
0A168                           
0A168                           .if FAMISTUDIO_USE_NOISE_SLIDE_NOTES
0A168                           
0A168                               ; Check if there is an active slide on the noise channel.
0A168                               ldy famistudio_slide_step+FAMISTUDIO_NOISE_SLIDE_INDEX
0A168                               beq no_noise_slide
0A168                           
0A168                                   ; We have 4 bits of fraction for noise slides.
0A168                                   sta tmp
0A168                           
0A168                                   lda famistudio_slide_pitch_lo+FAMISTUDIO_NOISE_SLIDE_INDEX
0A168                                   sta pitch+0
0A168                                   lda famistudio_slide_pitch_hi+FAMISTUDIO_NOISE_SLIDE_INDEX
0A168                                   cmp #$80
0A168                                   ror
0A168                                   ror pitch+0
0A168                                   cmp #$80
0A168                                   ror
0A168                                   ror pitch+0
0A168                                   cmp #$80
0A168                                   ror
0A168                                   ror pitch+0
0A168                                   cmp #$80
0A168                                   ror
0A168                                   lda pitch+0
0A168                                   ror
0A168                           
0A168                                   clc 
0A168                                   adc tmp
0A168                           
0A168                           .endif
0A168                           
0A168                           no_noise_slide:
0A168                               and #$0f
0A168                               eor #$0f
0A168                               sta tmp
0A168                           
0A168                               ldx famistudio_env_value+env_offset+FAMISTUDIO_ENV_DUTY_OFF
0A168                               lda famistudio_duty_lookup, x
0A168                               asl a
0A168                               and #$80
0A168                               ora tmp
0A168                           
0A168                           .else
0A168                           
0A168                               .if FAMISTUDIO_DUAL_SUPPORT
0A168                                   clc
0A168                                   adc famistudio_pal_adjust
0A168                               .endif
0A168                               tax
0A168                           
0A168                               ; This basically does same as "famistudio_channel_to_pitch_env"
0A168                               .if idx < 3
0A168                                   ldy #idx
0A168                               .else
0A168                                   ldy #(idx - 2)
0A168                               .endif
0A168                           
0A168                               .if FAMISTUDIO_EXP_VRC6 && idx = FAMISTUDIO_VRC6_CH2_IDX
0A168                                   jsr famistudio_get_note_pitch_vrc6_saw
0A168                               .else
0A168                                   jsr famistudio_get_note_pitch
0A168                               .endif
0A168                           
0A168                               lda pitch+0
0A168                               sta reg_lo
0A168                               lda pitch+1
0A168                           
0A168                               ; HACK : VRC6 only. We are out of macro param for NESASM. TODO : Is that still true?
0A168                               .if idx >= FAMISTUDIO_VRC6_CH0_IDX && idx <= FAMISTUDIO_VRC6_CH2_IDX 
0A168                                   .if FAMISTUDIO_USE_PHASE_RESET
0A168                                       sta pulse_prev
0A168                                   .endif
0A168                                   ora #$80
0A168                               .else
0A168                                   .if pulse_prev && (!FAMISTUDIO_CFG_SFX_SUPPORT || !reg_sweep)
0A168                                       .if reg_sweep && FAMISTUDIO_CFG_SMOOTH_VIBRATO
0A168                                           famistudio_smooth_vibrato famistudio_ptr1, pulse_prev, reg_hi, reg_lo, reg_sweep
0A168                                       .else
0A168                                           cmp pulse_prev
0A168                                           beq compute_volume
0A168                                           sta pulse_prev    
0A168                                       .endif
0A168                                   .endif
0A168                               .endif
0A168                           
0A168                           .endif ; idx = 3
0A168                           
0A168                           .if (!pulse_prev) || (!reg_sweep) || FAMISTUDIO_CFG_SFX_SUPPORT || (!FAMISTUDIO_CFG_SMOOTH_VIBRATO)
0A168                               sta reg_hi
0A168                           .endif
0A168                           
0A168                           compute_volume:
0A168                           
0A168                               .if FAMISTUDIO_USE_VOLUME_TRACK    
0A168                                   lda famistudio_chn_volume_track+idx
0A168                                   .if FAMISTUDIO_USE_VOLUME_SLIDES
0A168                                       ; During a slide, the lower 4 bits are fraction.
0A168                                       and #$f0
0A168                                   .endif
0A168                                   ora famistudio_env_value+env_offset+FAMISTUDIO_ENV_VOLUME_OFF
0A168                                   tax
0A168                                   lda famistudio_volume_table, x 
0A168                               .else
0A168                                   lda famistudio_env_value+env_offset+FAMISTUDIO_ENV_VOLUME_OFF
0A168                               .endif
0A168                           
0A168                           .if FAMISTUDIO_EXP_VRC6 && (idx = FAMISTUDIO_VRC6_CH2_IDX)
0A168                               ; VRC6 saw has 6-bits
0A168                               ldx famistudio_vrc6_saw_volume
0A168                               bmi set_volume 
0A168                               asl
0A168                               ldx famistudio_vrc6_saw_volume
0A168                               beq set_volume
0A168                               asl
0A168                           .endif
0A168                           
0A168                           set_volume:
0A168                           
0A168                           .if idx = 0 || idx = 1 || idx = 3 || (FAMISTUDIO_EXP_MMC5 && (idx = FAMISTUDIO_MMC5_CH0_IDX || idx = FAMISTUDIO_MMC5_CH1_IDX))
0A168                               ldx famistudio_env_value+env_offset+FAMISTUDIO_ENV_DUTY_OFF
0A168                               ora famistudio_duty_lookup, x
0A168                           .elseif FAMISTUDIO_EXP_VRC6 && (idx = FAMISTUDIO_VRC6_CH0_IDX || idx = FAMISTUDIO_VRC6_CH1_IDX)
0A168                               ldx famistudio_env_value+env_offset+FAMISTUDIO_ENV_DUTY_OFF
0A168                               ora famistudio_vrc6_duty_lookup, x
0A168                           .endif
0A168                           
0A168                           ; HACK : We are out of macro param for NESASM.
0A168                           .if idx = 2
0A168                               ora #$80
0A168                           .elseif idx = 3
0A168                               ora #$f0
0A168                           .endif
0A168                           
0A168                               sta reg_vol
0A168                           
0A168                           .endm
0A168                           
0A168                           .if FAMISTUDIO_EXP_FDS
0A168                           
0A168                           .if FAMISTUDIO_USE_FDS_AUTOMOD
0A168                           
0A168                           ;======================================================================================================================
0A168                           ; FAMISTUDIO_MUL (internal)
0A168                           ;
0A168                           ; From : https://codebase64.org/doku.php?id=base:8bit_multiplication_16bit_product
0A168                           ; Using the 16x8 version. May overflow if using too large numbers.
0A168                           ;
0A168                           ; [in]  ptr0 : 16-bit number
0A168                           ; [in]  r1   : 8-bit number
0A168                           ; [out] x+a  : Result lo-byte
0A168                           ; [out] y    : Result hi-byte
0A168                           ;======================================================================================================================
0A168                           
0A168                           famistudio_mul:
0A168                           
0A168                               num1 = famistudio_ptr1
0A168                               num2 = famistudio_r1
0A168                           
0A168                               lda #$00
0A168                               tay
0A168                               beq @enter_loop
0A168                           @do_add:
0A168                               clc
0A168                               adc num1+0
0A168                               tax
0A168                               tya
0A168                               adc num1+1
0A168                               tay
0A168                               txa
0A168                           @loop:
0A168                               asl num1+0
0A168                               rol num1+1
0A168                           @enter_loop:
0A168                               lsr num2
0A168                               bcs @do_add
0A168                               bne @loop
0A168                               rts
0A168                           
0A168                           ;======================================================================================================================
0A168                           ; FAMISTUDIO_DIV (internal)
0A168                           ;
0A168                           ; From : https://forums.nesdev.org/viewtopic.php?p=895&sid=5c263dea8d9e3cf15cd1093856f211a9#p895 (tepples)
0A168                           ;
0A168                           ; [in]  ptr0 : 16-bit number
0A168                           ; [in]  r1   : 8-bit divisor
0A168                           ; [out] ptr0 : Result
0A168                           ; [out] a    : Remainder
0A168                           ;======================================================================================================================
0A168                           
0A168                           famistudio_div:
0A168                           
0A168                               dividend = famistudio_ptr1
0A168                               divisor  = famistudio_r1
0A168                           
0A168                               ldx #16
0A168                               lda #0
0A168                           @divloop:
0A168                               asl dividend
0A168                               rol dividend+1
0A168                               rol a
0A168                               cmp divisor
0A168                               bcc @no_sub
0A168                               sbc divisor
0A168                               inc dividend
0A168                           @no_sub:
0A168                               dex
0A168                               bne @divloop
0A168                               rts
0A168                           
0A168                           .endif
0A168                           
0A168                           ;======================================================================================================================
0A168                           ; FAMISTUDIO_UPDATE_FDS_CHANNEL_SOUND (internal)
0A168                           ;
0A168                           ; Updates the FDS audio registers.
0A168                           ;
0A168                           ; [in] no input params.
0A168                           ;======================================================================================================================
0A168                           
0A168                           famistudio_update_fds_channel_sound:
0A168                           
0A168                               pitch = famistudio_ptr1
0A168                               mul   = famistudio_r1
0A168                               div   = famistudio_r1
0A168                           
0A168                               lda famistudio_chn_note+FAMISTUDIO_FDS_CH0_IDX
0A168                               bne @nocut
0A168                               lda #0 ; Disable mod on note off
0A168                               sta FAMISTUDIO_FDS_MOD_LO
0A168                               sta FAMISTUDIO_FDS_SWEEP_BIAS
0A168                               lda #$80
0A168                               sta FAMISTUDIO_FDS_MOD_HI
0A168                               sta FAMISTUDIO_FDS_SWEEP_ENV
0A168                               jmp @set_volume
0A168                           
0A168                           @nocut:
0A168                           
0A168                               jsr famistudio_update_fds_wave
0A168                           
0A168                               lda famistudio_chn_note+FAMISTUDIO_FDS_CH0_IDX
0A168                               clc
0A168                               adc famistudio_env_value+FAMISTUDIO_FDS_CH0_ENVS+FAMISTUDIO_ENV_NOTE_OFF
0A168                               .if FAMISTUDIO_DUAL_SUPPORT
0A168                                   clc
0A168                                   adc famistudio_pal_adjust
0A168                               .endif
0A168                               tax
0A168                           
0A168                               ldy #0
0A168                               famistudio_get_note_pitch_macro FAMISTUDIO_FDS_CH0_PITCH_ENV_IDX, 0, famistudio_fds_note_table_lsb, famistudio_fds_note_table_msb
0A168                           
0A168                               lda pitch+0
0A168                               sta FAMISTUDIO_FDS_FREQ_LO
0A168                               lda pitch+1
0A168                               sta FAMISTUDIO_FDS_FREQ_HI
0A168                               .if FAMISTUDIO_USE_PHASE_RESET
0A168                                   sta famistudio_fds_prev_hi
0A168                               .endif
0A168                           
0A168                           @check_mod_delay:
0A168                               lda famistudio_fds_mod_delay_counter
0A168                               beq @zero_delay
0A168                               lda #0
0A168                               sta FAMISTUDIO_FDS_MOD_LO
0A168                               sta FAMISTUDIO_FDS_SWEEP_BIAS
0A168                               lda #$80
0A168                               sta FAMISTUDIO_FDS_MOD_HI
0A168                               sta FAMISTUDIO_FDS_SWEEP_ENV
0A168                               dec famistudio_fds_mod_delay_counter
0A168                               bne @compute_volume
0A168                           
0A168                           @zero_delay:
0A168                           
0A168                               lda famistudio_fds_mod_depth
0A168                               beq @mod_depth
0A168                           
0A168                               .if FAMISTUDIO_USE_FDS_AUTOMOD
0A168                                   lda famistudio_fds_automod_numer
0A168                                   beq @manual_mod
0A168                           
0A168                                   @auto_mod_mul_div:
0A168                                       sta mul
0A168                                       jsr famistudio_mul
0A168                                       stx pitch+0
0A168                                       sty pitch+1
0A168                                       lda famistudio_fds_automod_denom
0A168                                       sta div
0A168                                       jsr famistudio_div
0A168                                       lda pitch+1
0A168                                       cmp #$10
0A168                                       bcc @write_auto_mod
0A168                                       @write_max:
0A168                                           lda #$0f
0A168                                           sta FAMISTUDIO_FDS_MOD_HI
0A168                                           lda #$ff
0A168                                           sta FAMISTUDIO_FDS_MOD_LO  
0A168                                           jmp @mod_depth
0A168                           
0A168                                       @write_auto_mod:
0A168                                           sta FAMISTUDIO_FDS_MOD_HI
0A168                                           lda pitch+0
0A168                                           sta FAMISTUDIO_FDS_MOD_LO  
0A168                                           jmp @mod_depth
0A168                               .endif
0A168                           
0A168                               @manual_mod:
0A168                                   lda famistudio_fds_mod_speed+1
0A168                                   sta FAMISTUDIO_FDS_MOD_HI
0A168                                   lda famistudio_fds_mod_speed+0
0A168                                   sta FAMISTUDIO_FDS_MOD_LO
0A168                           
0A168                               @mod_depth:
0A168                                   lda famistudio_fds_mod_depth
0A168                                   ora #$80
0A168                                   sta FAMISTUDIO_FDS_SWEEP_ENV
0A168                           
0A168                           @compute_volume:
0A168                               .if FAMISTUDIO_USE_VOLUME_TRACK
0A168                                   lda famistudio_chn_volume_track+FAMISTUDIO_FDS_CH0_IDX 
0A168                                   .if FAMISTUDIO_USE_VOLUME_SLIDES
0A168                                       ; During a slide, the lower 4 bits are fraction.
0A168                                       and #$f0
0A168                                   .endif        
0A168                                   ora famistudio_env_value+FAMISTUDIO_FDS_CH0_ENVS+FAMISTUDIO_ENV_VOLUME_OFF
0A168                                   tax
0A168                                   lda famistudio_volume_table, x 
0A168                               .else
0A168                                   lda famistudio_env_value+FAMISTUDIO_FDS_CH0_ENVS+FAMISTUDIO_ENV_VOLUME_OFF
0A168                               .endif
0A168                               asl ; FDS volume is 6-bits, but clamped to 32. Just double it.
0A168                           
0A168                           @set_volume:
0A168                               ora #$80
0A168                               sta FAMISTUDIO_FDS_VOL_ENV
0A168                               lda #0
0A168                               sta famistudio_fds_override_flags
0A168                               rts 
0A168                           
0A168                           .endif
0A168                           
0A168                           .if FAMISTUDIO_EXP_VRC7
0A168                           
0A168                           famistudio_vrc7_reg_table_lo:
0A168                               .byte FAMISTUDIO_VRC7_REG_LO_1, FAMISTUDIO_VRC7_REG_LO_2, FAMISTUDIO_VRC7_REG_LO_3, FAMISTUDIO_VRC7_REG_LO_4, FAMISTUDIO_VRC7_REG_LO_5, FAMISTUDIO_VRC7_REG_LO_6
0A168                           famistudio_vrc7_reg_table_hi:
0A168                               .byte FAMISTUDIO_VRC7_REG_HI_1, FAMISTUDIO_VRC7_REG_HI_2, FAMISTUDIO_VRC7_REG_HI_3, FAMISTUDIO_VRC7_REG_HI_4, FAMISTUDIO_VRC7_REG_HI_5, FAMISTUDIO_VRC7_REG_HI_6
0A168                           famistudio_vrc7_vol_table:
0A168                               .byte FAMISTUDIO_VRC7_REG_VOL_1, FAMISTUDIO_VRC7_REG_VOL_2, FAMISTUDIO_VRC7_REG_VOL_3, FAMISTUDIO_VRC7_REG_VOL_4, FAMISTUDIO_VRC7_REG_VOL_5, FAMISTUDIO_VRC7_REG_VOL_6
0A168                           famistudio_vrc7_env_table:
0A168                               .byte FAMISTUDIO_VRC7_CH0_ENVS, FAMISTUDIO_VRC7_CH1_ENVS, FAMISTUDIO_VRC7_CH2_ENVS, FAMISTUDIO_VRC7_CH3_ENVS, FAMISTUDIO_VRC7_CH4_ENVS, FAMISTUDIO_VRC7_CH5_ENVS 
0A168                           famistudio_vrc7_invert_vol_table:
0A168                               .byte $0f, $0e, $0d, $0c, $0b, $0a, $09, $08, $07, $06, $05, $04, $03, $02, $01, $00
0A168                           
0A168                           ; From nesdev wiki.
0A168                           famistudio_vrc7_wait_reg_write:
0A168                               stx famistudio_vrc7_dummy
0A168                               ldx #$08
0A168                               @wait_loop:
0A168                                   dex
0A168                                   bne @wait_loop
0A168                                   ldx famistudio_vrc7_dummy
0A168                               rts
0A168                           
0A168                           ; From nesdev wiki.
0A168                           famistudio_vrc7_wait_reg_select:
0A168                               rts
0A168                           
0A168                           ;======================================================================================================================
0A168                           ; FAMISTUDIO_UPDATE_VRC7_CHANNEL_SOUND (internal)
0A168                           ;
0A168                           ; Updates the VRC7 audio registers for a given channel.
0A168                           ;
0A168                           ; [in] y: VRC7 channel idx (0,1,2,3,4,5)
0A168                           ;======================================================================================================================
0A168                           
0A168                           famistudio_update_vrc7_channel_sound:
0A168                           
0A168                               tmp   = famistudio_r0
0A168                               pitch = famistudio_ptr1
0A168                           
0A168                           check_cut:
0A168                               lda famistudio_chn_note+FAMISTUDIO_VRC7_CH0_IDX,y
0A168                               bne check_release
0A168                           
0A168                           cut:  
0A168                               ; Untrigger note.  
0A168                               lda famistudio_vrc7_reg_table_hi,y
0A168                               sta FAMISTUDIO_VRC7_REG_SEL
0A168                               jsr famistudio_vrc7_wait_reg_select
0A168                           
0A168                               lda famistudio_chn_vrc7_sustain
0A168                               bmi override_stop
0A168                               lda famistudio_chn_vrc7_prev_hi, y
0A168                               and #$cf
0A168                               bne apply_cut
0A168                           
0A168                           override_stop:
0A168                               lda famistudio_chn_vrc7_prev_hi, y
0A168                               and #$ef
0A168                               ora #$20 ; Set sustain flag to override
0A168                           
0A168                           apply_cut:
0A168                               sta famistudio_chn_vrc7_prev_hi, y
0A168                               sta FAMISTUDIO_VRC7_REG_WRITE
0A168                               jsr famistudio_vrc7_wait_reg_write
0A168                           
0A168                               rts
0A168                           
0A168                           check_release:
0A168                           
0A168                               lda famistudio_chn_vrc7_trigger,y
0A168                               bpl check_attack
0A168                           
0A168                               release:
0A168                                  
0A168                                   lda famistudio_chn_vrc7_prev_hi, y
0A168                                   and #$ef ; remove trigger
0A168                                   sta famistudio_chn_vrc7_prev_hi, y
0A168                                   jmp musical_note
0A168                           
0A168                           check_attack:
0A168                           
0A168                               lda famistudio_chn_vrc7_trigger,y
0A168                               and #1
0A168                               beq musical_note
0A168                           
0A168                               attack:
0A168                           
0A168                                   lda famistudio_chn_vrc7_prev_hi, y
0A168                                   and #$10
0A168                                   beq prev_note_had_release
0A168                           
0A168                                   ; Two attacks in a row, need to insert a dummy release.
0A168                                   prev_note_had_attack:
0A168                           
0A168                                       lda famistudio_vrc7_reg_table_hi,y
0A168                                       sta FAMISTUDIO_VRC7_REG_SEL
0A168                                       jsr famistudio_vrc7_wait_reg_select
0A168                                       lda #0
0A168                                       sta FAMISTUDIO_VRC7_REG_WRITE
0A168                                       jsr famistudio_vrc7_wait_reg_write
0A168                                       jmp musical_note
0A168                           
0A168                                   prev_note_had_release:
0A168                                       lda famistudio_chn_vrc7_prev_hi, y
0A168                                       ora #$10
0A168                                       sta famistudio_chn_vrc7_prev_hi, y
0A168                           
0A168                           musical_note:
0A168                           
0A168                               ; Read/multiply volume
0A168                               ldx famistudio_vrc7_env_table,y
0A168                               .if FAMISTUDIO_USE_VOLUME_TRACK
0A168                                   lda famistudio_chn_volume_track+FAMISTUDIO_VRC7_CH0_IDX, y
0A168                                   .if FAMISTUDIO_USE_VOLUME_SLIDES
0A168                                       ; During a slide, the lower 4 bits are fraction.
0A168                                       and #$f0
0A168                                   .endif
0A168                                   ora famistudio_env_value+FAMISTUDIO_ENV_VOLUME_OFF,x
0A168                               .else
0A168                                   lda famistudio_env_value+FAMISTUDIO_ENV_VOLUME_OFF,x
0A168                               .endif
0A168                               tax
0A168                           
0A168                               ; Write volume
0A168                               lda famistudio_vrc7_vol_table,y
0A168                               sta FAMISTUDIO_VRC7_REG_SEL
0A168                               jsr famistudio_vrc7_wait_reg_select
0A168                               .if FAMISTUDIO_USE_VOLUME_TRACK
0A168                                   lda famistudio_volume_table,x
0A168                                   tax
0A168                               .endif
0A168                               lda famistudio_vrc7_invert_vol_table,x
0A168                               ora famistudio_chn_vrc7_patch,y
0A168                               sta FAMISTUDIO_VRC7_REG_WRITE
0A168                               jsr famistudio_vrc7_wait_reg_write
0A168                           
0A168                               ; Read note, apply arpeggio 
0A168                               ldx famistudio_vrc7_env_table,y    
0A168                               lda famistudio_chn_note+FAMISTUDIO_VRC7_CH0_IDX,y
0A168                               clc
0A168                               adc famistudio_env_value+FAMISTUDIO_ENV_NOTE_OFF,x
0A168                               tax
0A168                           
0A168                               ; Apply pitch envelope, fine pitch & slides
0A168                               famistudio_get_note_pitch_macro FAMISTUDIO_VRC7_CH0_PITCH_ENV_IDX, FAMISTUDIO_VRC7_PITCH_SHIFT, famistudio_vrc7_note_table_lsb, famistudio_vrc7_note_table_msb
0A168                           
0A168                               ; Compute octave by dividing by 2 until we are <= 512 (0x100).
0A168                               ldx #0
0A168                               compute_octave_loop:
0A168                                   lda pitch+1
0A168                                   cmp #2
0A168                                   bcc octave_done
0A168                                   lsr
0A168                                   sta pitch+1
0A168                                   ror pitch+0
0A168                                   inx
0A168                                   jmp compute_octave_loop
0A168                           
0A168                               octave_done:
0A168                           
0A168                               ; Write pitch (lo)
0A168                               lda famistudio_vrc7_reg_table_lo,y
0A168                               sta FAMISTUDIO_VRC7_REG_SEL
0A168                               jsr famistudio_vrc7_wait_reg_select
0A168                           
0A168                               lda pitch+0
0A168                               sta FAMISTUDIO_VRC7_REG_WRITE
0A168                               jsr famistudio_vrc7_wait_reg_write
0A168                           
0A168                               ; Write pitch (hi)
0A168                               lda famistudio_chn_vrc7_prev_hi, y
0A168                               and #$10
0A168                               sta tmp
0A168                           
0A168                               lda famistudio_vrc7_reg_table_hi,y
0A168                               sta FAMISTUDIO_VRC7_REG_SEL
0A168                               jsr famistudio_vrc7_wait_reg_select
0A168                           
0A168                               txa
0A168                               asl
0A168                               ora famistudio_chn_vrc7_sustain
0A168                               ora pitch+1
0A168                               ora tmp
0A168                               sta famistudio_chn_vrc7_prev_hi, y
0A168                               sta FAMISTUDIO_VRC7_REG_WRITE
0A168                               jsr famistudio_vrc7_wait_reg_write
0A168                           
0A168                               lda #0
0A168                               sta famistudio_chn_vrc7_trigger,y
0A168                           
0A168                               rts
0A168                           
0A168                           .endif
0A168                           
0A168                           .if FAMISTUDIO_EXP_EPSM
0A168                           FM_ENV_OFFSET = FAMISTUDIO_EXP_EPSM_SSG_CHN_CNT*4
0A168                           RHY_ENV_OFFSET = FM_ENV_OFFSET + FAMISTUDIO_EXP_EPSM_FM_CHN_CNT*2
0A168                           .if FAMISTUDIO_EXP_EPSM_FM_CHN_CNT > 0
0A168                           famistudio_epsm_vol_table_op1:
0A168                               .byte FAMISTUDIO_EPSM_REG_TL, FAMISTUDIO_EPSM_REG_TL+1, FAMISTUDIO_EPSM_REG_TL+2,FAMISTUDIO_EPSM_REG_TL, FAMISTUDIO_EPSM_REG_TL+1, FAMISTUDIO_EPSM_REG_TL+2
0A168                           famistudio_epsm_vol_table_op2:
0A168                               .byte FAMISTUDIO_EPSM_REG_TL+8, FAMISTUDIO_EPSM_REG_TL+1+8, FAMISTUDIO_EPSM_REG_TL+2+8,FAMISTUDIO_EPSM_REG_TL+8, FAMISTUDIO_EPSM_REG_TL+1+8, FAMISTUDIO_EPSM_REG_TL+2+8
0A168                           famistudio_epsm_vol_table_op3:
0A168                               .byte FAMISTUDIO_EPSM_REG_TL+4, FAMISTUDIO_EPSM_REG_TL+1+4, FAMISTUDIO_EPSM_REG_TL+2+4,FAMISTUDIO_EPSM_REG_TL+4, FAMISTUDIO_EPSM_REG_TL+1+4, FAMISTUDIO_EPSM_REG_TL+2+4
0A168                           famistudio_epsm_vol_table_op4:
0A168                               .byte FAMISTUDIO_EPSM_REG_TL+12, FAMISTUDIO_EPSM_REG_TL+1+12, FAMISTUDIO_EPSM_REG_TL+2+12,FAMISTUDIO_EPSM_REG_TL+12, FAMISTUDIO_EPSM_REG_TL+1+12, FAMISTUDIO_EPSM_REG_TL+2+12
0A168                           famistudio_epsm_fm_vol_table:
0A168                               .byte $7e, $65, $50, $3f, $32, $27, $1e, $17, $12, $0d, $09, $06, $04, $02, $01, $00
0A168                           famistudio_epsm_fm_stereo_reg_table:
0A168                               .byte $b4,$b5,$b6
0A168                               .byte $b4,$b5,$b6
0A168                           famistudio_channel_epsm_chan_table:
0A168                               .byte $00, $01, $02
0A168                               .byte $00, $01, $02
0A168                           .endif
0A168                           .if FAMISTUDIO_EXP_EPSM_RHYTHM_CNT > 0
0A168                           famistudio_epsm_rhythm_key_table:
0A168                               .byte $01,$02,$04,$08,$10,$20
0A168                           famistudio_epsm_rhythm_reg_table:
0A168                               .byte FAMISTUDIO_EPSM_REG_RHY_BD, FAMISTUDIO_EPSM_REG_RHY_SD, FAMISTUDIO_EPSM_REG_RHY_TC, FAMISTUDIO_EPSM_REG_RHY_HH, FAMISTUDIO_EPSM_REG_RHY_TOM, FAMISTUDIO_EPSM_REG_RHY_RIM
0A168                           .endif
0A168                           .if FAMISTUDIO_EXP_EPSM_FM_CHN_CNT > 0
0A168                           famistudio_epsm_reg_table_lo:
0A168                               .byte FAMISTUDIO_EPSM_REG_FN_LO, FAMISTUDIO_EPSM_REG_FN_LO2, FAMISTUDIO_EPSM_REG_FN_LO3, FAMISTUDIO_EPSM_REG_FN_LO, FAMISTUDIO_EPSM_REG_FN_LO2, FAMISTUDIO_EPSM_REG_FN_LO3
0A168                           famistudio_epsm_reg_table_hi:
0A168                               .byte FAMISTUDIO_EPSM_REG_FN_HI, FAMISTUDIO_EPSM_REG_FN_HI2, FAMISTUDIO_EPSM_REG_FN_HI3, FAMISTUDIO_EPSM_REG_FN_HI, FAMISTUDIO_EPSM_REG_FN_HI2, FAMISTUDIO_EPSM_REG_FN_HI3
0A168                           famistudio_epsm_vol_table:
0A168                               .byte FAMISTUDIO_EPSM_REG_VOL_1, FAMISTUDIO_EPSM_REG_VOL_2, FAMISTUDIO_EPSM_REG_VOL_3, FAMISTUDIO_EPSM_REG_VOL_4, FAMISTUDIO_EPSM_REG_VOL_5, FAMISTUDIO_EPSM_REG_VOL_6
0A168                           famistudio_epsm_fm_env_table:
0A168                               .byte FAMISTUDIO_EPSM_CH0_ENVS + FM_ENV_OFFSET
0A168                               .byte FAMISTUDIO_EPSM_CH0_ENVS + FM_ENV_OFFSET + 2
0A168                               .byte FAMISTUDIO_EPSM_CH0_ENVS + FM_ENV_OFFSET + 4
0A168                               .byte FAMISTUDIO_EPSM_CH0_ENVS + FM_ENV_OFFSET + 6
0A168                               .byte FAMISTUDIO_EPSM_CH0_ENVS + FM_ENV_OFFSET + 8
0A168                               .byte FAMISTUDIO_EPSM_CH0_ENVS + FM_ENV_OFFSET + 10
0A168                           famistudio_epsm_register_order:
0A168                               .byte $B0, $B4, $30, $50, $60, $70, $80, $90, $38, $58, $68, $78, $88, $98, $34, $54, $64, $74, $84, $94, $3c, $5c, $6c, $7c, $8c, $9c, $40, $48, $44, $4c, $22 ;40,48,44,4c replaced for not sending data there during instrument updates,
0A168                           famistudio_epsm_channel_key_table:
0A168                               .byte $f0, $f1, $f2, $f4, $f5, $f6
0A168                           .endif
0A168                           .if FAMISTUDIO_EXP_EPSM_SSG_CHN_CNT > 0
0A168                           famistudio_epsm_sqr_reg_table_lo:
0A168                               .byte FAMISTUDIO_EPSM_REG_LO_A, FAMISTUDIO_EPSM_REG_LO_B, FAMISTUDIO_EPSM_REG_LO_C
0A168                           famistudio_epsm_sqr_reg_table_hi:
0A168                               .byte FAMISTUDIO_EPSM_REG_HI_A, FAMISTUDIO_EPSM_REG_HI_B, FAMISTUDIO_EPSM_REG_HI_C
0A168                           famistudio_epsm_square_vol_table:
0A168                               .byte FAMISTUDIO_EPSM_REG_VOL_A, FAMISTUDIO_EPSM_REG_VOL_B, FAMISTUDIO_EPSM_REG_VOL_C
0A168                           famistudio_epsm_square_env_table:
0A168                               .byte FAMISTUDIO_EPSM_CH0_ENVS, FAMISTUDIO_EPSM_CH1_ENVS, FAMISTUDIO_EPSM_CH2_ENVS
0A168                           famistudio_epsm_square_noise_mask:
0A168                               .byte $08, $10, $20
0A168                           .endif
0A168                           ;======================================================================================================================
0A168                           ; FAMISTUDIO_UPDATE_EPSM_SQUARE_CHANNEL_SOUND (internal)
0A168                           ;
0A168                           ; Updates the EPSM audio registers for a given channel.
0A168                           ;
0A168                           ; [in] y: EPSM channel idx (0,1,2)
0A168                           ;======================================================================================================================
0A168                           
0A168                           .if FAMISTUDIO_EXP_EPSM_SSG_CHN_CNT > 0
0A168                           famistudio_update_epsm_square_channel_sound:
0A168                               
0A168                               pitch   = famistudio_ptr1
0A168                               env_bit = famistudio_ptr1_lo
0A168                           
0A168                               ; These are shared by all 3 channels.
0A168                               env_period = famistudio_ptr0
0A168                               attack     = famistudio_ptr2
0A168                               env_shape  = famistudio_r1
0A168                               env_octave = famistudio_r2
0A168                               noise_freq = famistudio_r3
0A168                           
0A168                               ; First channel will clear these, last channel will write the registers.
0A168                               cpy #0
0A168                               bne @not_first_channel
0A168                               sty env_shape
0A168                               sty noise_freq
0A168                               sty attack
0A168                               lda #$80 ; This mean 'manual pitch'
0A168                               sty env_octave
0A168                           
0A168                           @not_first_channel:
0A168                               ldx #0 ; This will fetch volume 0.
0A168                               stx env_bit
0A168                               lda famistudio_chn_note+FAMISTUDIO_EPSM_CH0_IDX,y
0A168                               bne @nocut
0A168                               jmp @update_volume
0A168                           
0A168                           @nocut:
0A168                               ; Store noise if mixer has it enabled
0A168                               ldx famistudio_epsm_square_env_table,y
0A168                               lda famistudio_env_value+FAMISTUDIO_ENV_MIXER_IDX_OFF,x
0A168                               and famistudio_epsm_square_noise_mask,y
0A168                               bne @nonoise
0A168                               lda famistudio_env_value+FAMISTUDIO_ENV_NOISE_IDX_OFF,x
0A168                               sta noise_freq
0A168                           
0A168                           @nonoise:
0A168                               lda famistudio_chn_note+FAMISTUDIO_EPSM_CH0_IDX,y
0A168                               ; Read note, apply arpeggio 
0A168                               clc
0A168                               ldx famistudio_epsm_square_env_table,y
0A168                               adc famistudio_env_value+FAMISTUDIO_ENV_NOTE_OFF,x
0A168                               tax
0A168                           
0A168                               ; Apply pitch envelope, fine pitch & slides
0A168                               famistudio_get_note_pitch_macro FAMISTUDIO_EPSM_CH0_PITCH_ENV_IDX, 0, famistudio_epsm_s_note_table_lsb, famistudio_epsm_s_note_table_msb
0A168                           
0A168                               ; Write pitch
0A168                               lda famistudio_epsm_sqr_reg_table_lo,y
0A168                               sta FAMISTUDIO_EPSM_ADDR
0A168                               lda pitch+0
0A168                               sta FAMISTUDIO_EPSM_DATA
0A168                               lda famistudio_epsm_sqr_reg_table_hi,y
0A168                               sta FAMISTUDIO_EPSM_ADDR
0A168                               lda pitch+1
0A168                               sta FAMISTUDIO_EPSM_DATA
0A168                           
0A168                               ; Store env shape + period if active.
0A168                               lda famistudio_epsm_chn_env_shape,y
0A168                               and #$0f
0A168                               beq @noenv
0A168                               sta env_shape
0A168                           
0A168                               ; If bit 7 of any channel is on, well reset the envelope.
0A168                               lda famistudio_epsm_chn_env_shape,y
0A168                               ora attack 
0A168                               sta attack
0A168                               lda famistudio_epsm_chn_env_shape,y
0A168                               and #$0f
0A168                               sta famistudio_epsm_chn_env_shape,y
0A168                           
0A168                               ; Store auto-period settings
0A168                               lda famistudio_epsm_chn_env_octave,y
0A168                               sta env_octave
0A168                               cmp #$80 ; This mean 'manual pitch'
0A168                               beq @manual_period
0A168                           
0A168                               @auto_period:
0A168                                   lda pitch+0
0A168                                   sta env_period+0
0A168                                   lda pitch+1
0A168                                   sta env_period+1
0A168                                   jmp @set_envelope_volume_flag
0A168                           
0A168                               @manual_period:
0A168                                   lda famistudio_epsm_env_period_lo
0A168                                   sta env_period+0
0A168                                   lda famistudio_epsm_env_period_hi
0A168                                   sta env_period+1
0A168                           
0A168                           @set_envelope_volume_flag:
0A168                               lda #$10
0A168                           
0A168                           @noenv:
0A168                               sta env_bit
0A168                           
0A168                               ; Read/multiply volume
0A168                               ldx famistudio_epsm_square_env_table,y
0A168                               .if FAMISTUDIO_USE_VOLUME_TRACK
0A168                                   lda famistudio_chn_volume_track+FAMISTUDIO_EPSM_CH0_IDX, y
0A168                                   .if FAMISTUDIO_USE_VOLUME_SLIDES
0A168                                       ; During a slide, the lower 4 bits are fraction.
0A168                                       and #$f0
0A168                                   .endif        
0A168                                   ora famistudio_env_value+FAMISTUDIO_ENV_VOLUME_OFF,x
0A168                               .else
0A168                                   lda famistudio_env_value+FAMISTUDIO_ENV_VOLUME_OFF,x
0A168                               .endif
0A168                               tax
0A168                           
0A168                           @update_volume:
0A168                               ; Write volume
0A168                               lda famistudio_epsm_square_vol_table,y
0A168                               sta FAMISTUDIO_EPSM_ADDR
0A168                               .if FAMISTUDIO_USE_VOLUME_TRACK    
0A168                                   lda famistudio_volume_table,x 
0A168                                   ora env_bit
0A168                               .else
0A168                                   txa
0A168                                   ora env_bit
0A168                               .endif
0A168                               sta FAMISTUDIO_EPSM_DATA
0A168                           
0A168                           @write_shared_registers:
0A168                               ; Channel 2 writes all 5 shared registers.
0A168                               cpy #(FAMISTUDIO_EXP_EPSM_SSG_CHN_CNT - 1)
0A168                               bne @done
0A168                               lda env_shape
0A168                               beq @write_shared_noise
0A168                               ldx env_octave
0A168                               cpx #$80
0A168                               beq @write_shared_env_register
0A168                           
0A168                           @compute_auto_period:
0A168                               cpx #0
0A168                               beq @write_shared_env_register
0A168                               bpl @positive_octave_loop
0A168                               
0A168                               @negative_octave_loop:
0A168                                       asl env_period+0
0A168                                       rol env_period+1
0A168                                       inx
0A168                                       bne @negative_octave_loop
0A168                                   beq @write_shared_env_register
0A168                                   
0A168                               @positive_octave_loop:
0A168                                   cpx #1
0A168                                   bne @do_shift
0A168                                   @rounding:
0A168                                       lda env_period+0
0A168                                       and #1
0A168                                       beq @do_shift
0A168                                       lda env_period+0
0A168                                       clc
0A168                                       adc #1
0A168                                       sta env_period+0
0A168                                       bcc @do_shift
0A168                                       inc env_period+1
0A168                                   @do_shift:
0A168                                       lsr env_period+1
0A168                                       ror env_period+0
0A168                                       dex
0A168                                       bne @positive_octave_loop
0A168                           
0A168                           @write_shared_env_register:    
0A168                           
0A168                               ; Envelope period.
0A168                               lda #FAMISTUDIO_EPSM_REG_ENV_LO
0A168                               sta FAMISTUDIO_EPSM_ADDR
0A168                               lda env_period+0
0A168                               sta FAMISTUDIO_EPSM_DATA
0A168                               lda #FAMISTUDIO_EPSM_REG_ENV_HI
0A168                               sta FAMISTUDIO_EPSM_ADDR
0A168                               lda env_period+1
0A168                               sta FAMISTUDIO_EPSM_DATA
0A168                           
0A168                               ; Reset envelope if there was an attack.
0A168                               lda attack
0A168                               bpl @write_shared_noise
0A168                                   lda #FAMISTUDIO_EPSM_REG_SHAPE
0A168                                   sta FAMISTUDIO_EPSM_ADDR
0A168                                   lda env_shape
0A168                                   sta FAMISTUDIO_EPSM_DATA
0A168                           
0A168                           @write_shared_noise:
0A168                           
0A168                               ; Tone/noise enabled.
0A168                               lda #FAMISTUDIO_EPSM_REG_TONE
0A168                               sta FAMISTUDIO_EPSM_ADDR
0A168                           .if FAMISTUDIO_EXP_EPSM_SSG_CHN_CNT = 3
0A168                               lda famistudio_env_value+FAMISTUDIO_EPSM_CH2_ENVS+FAMISTUDIO_ENV_MIXER_IDX_OFF
0A168                               asl
0A168                               ora famistudio_env_value+FAMISTUDIO_EPSM_CH1_ENVS+FAMISTUDIO_ENV_MIXER_IDX_OFF
0A168                               asl
0A168                               ora famistudio_env_value+FAMISTUDIO_EPSM_CH0_ENVS+FAMISTUDIO_ENV_MIXER_IDX_OFF
0A168                           .elseif FAMISTUDIO_EXP_EPSM_SSG_CHN_CNT = 2
0A168                               lda famistudio_env_value+FAMISTUDIO_EPSM_CH1_ENVS+FAMISTUDIO_ENV_MIXER_IDX_OFF
0A168                               asl
0A168                               ora famistudio_env_value+FAMISTUDIO_EPSM_CH0_ENVS+FAMISTUDIO_ENV_MIXER_IDX_OFF
0A168                           .else
0A168                               lda famistudio_env_value+FAMISTUDIO_EPSM_CH0_ENVS+FAMISTUDIO_ENV_MIXER_IDX_OFF
0A168                           .endif
0A168                               sta FAMISTUDIO_EPSM_DATA
0A168                               
0A168                               ; Noise freq
0A168                               lda #FAMISTUDIO_EPSM_REG_NOISE
0A168                               sta FAMISTUDIO_EPSM_ADDR
0A168                               lda noise_freq
0A168                               sta FAMISTUDIO_EPSM_DATA
0A168                           
0A168                               lda #0
0A168                               sta famistudio_epsm_env_override
0A168                           
0A168                           @done:
0A168                               rts
0A168                           
0A168                           .endif
0A168                           .if FAMISTUDIO_EXP_EPSM_FM_CHN_CNT > 0
0A168                           ;======================================================================================================================
0A168                           ; FAMISTUDIO_UPDATE_EPSM_FM_CHANNEL_SOUND (internal)
0A168                           ;
0A168                           ; Updates the EPSM audio registers for a given channel.
0A168                           ;
0A168                           ; [in] y: EPSM channel idx (0,1,2,3,4,5)
0A168                           ;======================================================================================================================
0A168                           famistudio_update_epsm_fm_channel_sound:
0A168                           
0A168                               pitch      = famistudio_ptr1
0A168                               reg_offset = famistudio_r1
0A168                               vol_offset = famistudio_r0
0A168                               chan_idx   = famistudio_r2
0A168                           
0A168                               sty chan_idx
0A168                               ; If the writes are done to channels 0-2, use FAMISTUDIO_EPSM_REG_SEL0 if 3-5 use FAMISTUDIO_EPSM_REG_SEL1
0A168                               ; This reg_offset stores the difference so we can later load it into x and do sta FAMISTUDIO_EPSM_REG_SEL0, x
0A168                               ; to account for the difference
0A168                               lda #0
0A168                               cpy #3
0A168                               bcc @fm_0_2
0A168                                   lda #2
0A168                               @fm_0_2:
0A168                               sta reg_offset
0A168                           
0A168                           @check_cut:
0A168                           
0A168                               lda famistudio_chn_note+FAMISTUDIO_EPSM_CHAN_FM_START,y
0A168                               bne @nocut
0A168                           
0A168                           @cut:  
0A168                               ; Untrigger note.  
0A168                               lda #FAMISTUDIO_EPSM_REG_KEY
0A168                               sta FAMISTUDIO_EPSM_REG_SEL0
0A168                               
0A168                               lda famistudio_epsm_channel_key_table, y
0A168                               and #$0f ; remove trigger
0A168                               sta FAMISTUDIO_EPSM_REG_WRITE0
0A168                               
0A168                               ;Mute channel
0A168                               ldx reg_offset
0A168                               lda famistudio_epsm_fm_stereo_reg_table,y
0A168                               sta FAMISTUDIO_EPSM_REG_SEL0,x
0A168                               lda #$00
0A168                               sta FAMISTUDIO_EPSM_REG_WRITE0,x
0A168                               rts
0A168                           
0A168                           @nocut:
0A168                           
0A168                               ; Check if the channel needs to stop the note
0A168                           
0A168                               ; Un-trigger previous note if needed.
0A168                               lda famistudio_chn_epsm_trigger,y
0A168                               beq @update_instrument_check
0A168                               @untrigger_prev_note:
0A168                                   ; Untrigger note.  
0A168                                   lda #FAMISTUDIO_EPSM_REG_KEY
0A168                                   sta FAMISTUDIO_EPSM_REG_SEL0
0A168                           
0A168                                   lda famistudio_epsm_channel_key_table, y
0A168                                   and #$0f ; remove trigger
0A168                                   sta FAMISTUDIO_EPSM_REG_WRITE0
0A168                           ;        nop
0A168                           ;        nop
0A168                           ;        nop
0A168                                   nop
0A168                                   nop
0A168                                   nop
0A168                           ;        rts
0A168                               @update_instrument_check:
0A168                               lda famistudio_chn_epsm_fm_instrument,y
0A168                               cmp #$ff
0A168                               beq @no_instrument_update
0A168                               jsr update_fm_instrument
0A168                               ldy chan_idx
0A168                               lda #$ff
0A168                               sta famistudio_chn_epsm_fm_instrument,y
0A168                               @no_instrument_update:
0A168                           
0A168                               ldx reg_offset
0A168                               lda famistudio_epsm_fm_stereo_reg_table,y
0A168                               sta FAMISTUDIO_EPSM_REG_SEL0,x
0A168                               lda famistudio_chn_epsm_fm_stereo,y
0A168                               sta FAMISTUDIO_EPSM_REG_WRITE0,x
0A168                               lda famistudio_chn_note+FAMISTUDIO_EPSM_CHAN_FM_START,y
0A168                               ; Read note, apply arpeggio
0A168                               clc
0A168                               ldx famistudio_epsm_fm_env_table,y    
0A168                               adc famistudio_env_value+FAMISTUDIO_ENV_NOTE_OFF,x
0A168                               tax
0A168                           
0A168                               ; Apply pitch envelope, fine pitch & slides
0A168                               famistudio_get_note_pitch_macro (FAMISTUDIO_EPSM_CH0_PITCH_ENV_IDX + FAMISTUDIO_EXP_EPSM_SSG_CHN_CNT), FAMISTUDIO_EPSM_PITCH_SHIFT, famistudio_epsm_note_table_lsb, famistudio_epsm_note_table_msb
0A168                           
0A168                               ; Compute octave by dividing by 2 until we are <= 512 (0x100).
0A168                               ldx #0
0A168                           
0A168                               lda pitch+1
0A168                               cmp #$02 ; check if shifted the pitch to a 9 bit number yet.
0A168                               bcc @octave_done
0A168                               @compute_octave_loop:
0A168                                   inx
0A168                                   lsr
0A168                                   ror pitch+0
0A168                                   cmp #$02
0A168                                   bcc @octave_done
0A168                                   bcs @compute_octave_loop ;unconditional
0A168                               @octave_done:
0A168                               sta pitch+1
0A168                           
0A168                               ; 9 bit pitch * 4 to get the pitch back to an 11 bit number
0A168                               ; the final 16 bit pitch will look like 00ooohhh llllllll where o = octave, h = pitch bits 8-11, l = pitch bits 0-8
0A168                               asl pitch+0
0A168                               rol pitch+1
0A168                               asl pitch+0
0A168                               rol pitch+1
0A168                           
0A168                               txa ; x holds the 3 bit octave information. octave = log2(pitch_hi)
0A168                               asl
0A168                               asl
0A168                               asl
0A168                               ora pitch+1
0A168                               sta pitch+1
0A168                           
0A168                               @write_hi_period:
0A168                           
0A168                               ; Write pitch (hi)
0A168                               ldx reg_offset
0A168                               lda famistudio_epsm_reg_table_hi,y
0A168                               sta FAMISTUDIO_EPSM_REG_SEL0,x
0A168                               lda pitch+1
0A168                               sta FAMISTUDIO_EPSM_REG_WRITE0,x
0A168                           
0A168                               ; Write pitch (lo)
0A168                               lda famistudio_epsm_reg_table_lo,y
0A168                               sta FAMISTUDIO_EPSM_REG_SEL0,x
0A168                               lda pitch+0
0A168                               sta FAMISTUDIO_EPSM_REG_WRITE0,x
0A168                           
0A168                               ; Read/multiply volume
0A168                               ldx famistudio_epsm_fm_env_table,y
0A168                               .if FAMISTUDIO_USE_VOLUME_TRACK
0A168                                   lda famistudio_chn_volume_track+FAMISTUDIO_EPSM_CHAN_FM_START, y
0A168                                   .if FAMISTUDIO_USE_VOLUME_SLIDES
0A168                                       ; During a slide, the lower 4 bits are fraction.
0A168                                       and #$f0
0A168                                   .endif
0A168                                   ora famistudio_env_value+FAMISTUDIO_ENV_VOLUME_OFF,x
0A168                               .else
0A168                                   lda famistudio_env_value+FAMISTUDIO_ENV_VOLUME_OFF,x
0A168                               .endif
0A168                               
0A168                               .if FAMISTUDIO_USE_VOLUME_TRACK
0A168                                   tax
0A168                                   lda famistudio_volume_table,x
0A168                               .endif    
0A168                                   sta vol_offset
0A168                           
0A168                               @update_volume:
0A168                               ldx vol_offset
0A168                               lda famistudio_epsm_fm_vol_table,x
0A168                               sta vol_offset ; store volume level here
0A168                               
0A168                               ldx reg_offset    
0A168                               lda famistudio_chn_epsm_alg,y
0A168                               cmp #4
0A168                               bcc @op_4 ; 0-1-2-3
0A168                               beq @op_2_4 ; 4
0A168                               cmp #7 ; 5
0A168                               bcc @op_2_3_4 ; 6
0A168                                          ; 7
0A168                               @op_1_2_3_4:
0A168                                   lda famistudio_epsm_vol_table_op1,y
0A168                                   sta FAMISTUDIO_EPSM_REG_SEL0,x
0A168                                   lda famistudio_chn_epsm_vol_op1,y
0A168                                   clc
0A168                               adc vol_offset
0A168                                   bpl @save_op1
0A168                                   lda #127
0A168                               @save_op1:
0A168                                   sta FAMISTUDIO_EPSM_REG_WRITE0,x
0A168                               @op_2_3_4:
0A168                                   lda famistudio_epsm_vol_table_op3,y
0A168                                   sta FAMISTUDIO_EPSM_REG_SEL0,x
0A168                                   lda famistudio_chn_epsm_vol_op3,y
0A168                                   clc
0A168                                   adc vol_offset
0A168                                   bpl @save_op3
0A168                                   lda #127
0A168                               @save_op3:
0A168                                   sta FAMISTUDIO_EPSM_REG_WRITE0,x
0A168                               @op_2_4:
0A168                                   lda famistudio_epsm_vol_table_op2,y
0A168                                   sta FAMISTUDIO_EPSM_REG_SEL0,x
0A168                                   lda famistudio_chn_epsm_vol_op2,y
0A168                                   clc
0A168                                   adc vol_offset
0A168                                   bpl @save_op2
0A168                                   lda #127
0A168                               @save_op2:
0A168                                   sta FAMISTUDIO_EPSM_REG_WRITE0,x
0A168                               @op_4:
0A168                                   ; Write volume
0A168                                   lda famistudio_epsm_vol_table_op4,y ; 4
0A168                                   sta FAMISTUDIO_EPSM_REG_SEL0,x ; 5
0A168                                   lda famistudio_chn_epsm_vol_op4,y ; 4
0A168                               clc ; 2
0A168                                   adc vol_offset ; 3
0A168                                   bpl @save_op4 ; 2/3
0A168                                   lda #127 ; 2
0A168                               @save_op4:
0A168                                   sta FAMISTUDIO_EPSM_REG_WRITE0,x ; 5  = 26/27
0A168                           
0A168                                   nop
0A168                                   clc
0A168                                   lda famistudio_chn_epsm_trigger,y
0A168                                   bpl @no_release
0A168                           
0A168                           @release:
0A168                                   ; Untrigger note.  
0A168                                   lda #FAMISTUDIO_EPSM_REG_KEY
0A168                                   sta FAMISTUDIO_EPSM_REG_SEL0
0A168                           
0A168                                   lda famistudio_epsm_channel_key_table, y
0A168                                   and #$0f ; remove trigger
0A168                                   sta FAMISTUDIO_EPSM_REG_WRITE0
0A168                           
0A168                                   rts
0A168                           @no_release:
0A168                                   lda #0
0A168                                   sta famistudio_chn_epsm_trigger,y
0A168                                   lda #FAMISTUDIO_EPSM_REG_KEY
0A168                                   sta FAMISTUDIO_EPSM_REG_SEL0
0A168                                   lda famistudio_epsm_channel_key_table, y
0A168                                   sta FAMISTUDIO_EPSM_REG_WRITE0
0A168                           
0A168                               rts
0A168                           
0A168                           
0A168                           ;======================================================================================================================
0A168                           ; FAMISTUDIO_EPSM_WRITE_PATCH_REGISTER (internal)
0A168                           ;
0A168                           ; Internal function to set a EPSM instrument for a given channel
0A168                           ;
0A168                           ; [in] y/r0: channel index
0A168                           ; [in] x:    index of first envelope of instrument
0A168                           ; [in] a:    instrument index.
0A168                           ;======================================================================================================================
0A168                           .macro famistudio_epsm_write_patch_registers select, write
0A168                               ldy #30-5 ; we skip updating the 4 operators
0A168                               ldx reg_offset
0A168                           @loop_extra_patch:
0A168                                   txa    ; 2
0A168                                   ora famistudio_epsm_register_order,y ; 4
0A168                                   sta select ; 4
0A168                                   lda (ex_patch),y ; 5
0A168                                   sta write ; 4
0A168                                   dey    ; 2
0A168                                   nop    ; 2 DELAY FOR MESEN-X
0A168                                   bpl @loop_extra_patch ; 3  ; =26
0A168                           
0A168                               ldx chan_idx2
0A168                               lda famistudio_chn_epsm_alg,x
0A168                               cmp #4
0A168                               bcc @alg_0_1_2_3 ; 0-1-2-3
0A168                               beq @alg_4 ; 4
0A168                               jmp @alg_5_6 ; 5
0A168                           @alg_0_1_2_3:
0A168                               ;3+2+1
0A168                               ldy #27
0A168                               ldx reg_offset
0A168                               txa    ; 2
0A168                               ora famistudio_epsm_register_order,y ; 4
0A168                               sta select ; 4
0A168                               lda (ex_patch),y ; 5
0A168                               sta write ; 4
0A168                               nop    ; 2 DELAY FOR MESEN-X
0A168                           @alg_4:
0A168                               ;3+1
0A168                               ldy #28
0A168                               ldx reg_offset
0A168                               txa    ; 2
0A168                               ora famistudio_epsm_register_order,y ; 4
0A168                               sta select ; 4
0A168                               lda (ex_patch),y ; 5
0A168                               sta write ; 4
0A168                               nop    ; 2 DELAY FOR MESEN-X
0A168                           @alg_5_6:
0A168                               ;1
0A168                               ldy #26
0A168                               ldx reg_offset
0A168                               txa    ; 2
0A168                               ora famistudio_epsm_register_order,y ; 4
0A168                               sta select ; 4
0A168                               lda (ex_patch),y ; 5
0A168                               sta write ; 4
0A168                               nop    ; 2 DELAY FOR MESEN-X
0A168                           .endm
0A168                           
0A168                           ;======================================================================================================================
0A168                           ; FAMISTUDIO_UPDATE_EPSM_FM_INSTRUMENT (internal)
0A168                           ;
0A168                           ; Updates the EPSM audio registers for a given channel.
0A168                           ;
0A168                           ; [in] y: EPSM channel idx (0,1,2,3,4,5)
0A168                           ;======================================================================================================================
0A168                               ; Now we are dealing with either a FM or Rhythm instrument. a = channel index
0A168                               ; if we are an FM instrument then there is a offset we need to apply to the register select
0A168                           
0A168                               ; Skip over the two SSG specific envelopes by jumping up 4 bytes
0A168                           update_fm_instrument:
0A168                               ptr          = famistudio_ptr1
0A168                               env_ptr      = famistudio_ptr2
0A168                               ex_patch     = famistudio_ptr2
0A168                               chan_idx     = famistudio_r0
0A168                               chan_idx2    = famistudio_r2
0A168                               update_flags = famistudio_r1 ; bit 7 = no attack, bit 6 = has set delayed cut
0A168                               reg_offset   = famistudio_r3
0A168                               jsr famistudio_get_exp_inst_ptr
0A168                               clc 
0A168                               tya
0A168                               adc #14 ; skip over envelopes + square stuff.
0A168                               tay
0A168                               ; And then read the pointer to the extended instrument patch data
0A168                               lda (ptr),y
0A168                               sta ex_patch
0A168                               iny
0A168                               lda (ptr),y
0A168                               sta ex_patch+1
0A168                           
0A168                           @fm_channel:
0A168                               ldx chan_idx2
0A168                               ; FM channel 1-6, we need to look up the register select offset from the table
0A168                               lda famistudio_channel_epsm_chan_table,x
0A168                               sta reg_offset
0A168                               ldy #0
0A168                               ; Now we need to store the algorithm and stereo for later use
0A168                               lda (ex_patch),y
0A168                               and #$07
0A168                               sta famistudio_chn_epsm_alg,x ;store algorithm
0A168                               iny
0A168                               lda (ex_patch),y
0A168                               sta famistudio_chn_epsm_fm_stereo ,x
0A168                               dey
0A168                           
0A168                               ; Now if we are channels 1-3 then we use @reg_set_0, otherwise for 4-6 its reg set 1
0A168                               lda chan_idx2
0A168                               cmp #3
0A168                               bpl @reg_set_1
0A168                           
0A168                               @reg_set_0:
0A168                                   famistudio_epsm_write_patch_registers FAMISTUDIO_EPSM_REG_SEL0, FAMISTUDIO_EPSM_REG_WRITE0
0A168                                   jmp @last_reg
0A168                           
0A168                               @reg_set_1:
0A168                                   famistudio_epsm_write_patch_registers FAMISTUDIO_EPSM_REG_SEL1, FAMISTUDIO_EPSM_REG_WRITE1
0A168                                   nop
0A168                               
0A168                               @last_reg:
0A168                                   ldy #30 ; last reg patch ptr
0A168                                   lda #$22 ; famistudio_epsm_register_order,x
0A168                                   clc
0A168                                   adc reg_offset
0A168                                   sta FAMISTUDIO_EPSM_REG_SEL0
0A168                                   lda (ex_patch),y
0A168                                   sta FAMISTUDIO_EPSM_REG_WRITE0    
0A168                                   lda chan_idx2
0A168                                   tax
0A168                                   ldy #26
0A168                                   lda (ex_patch),y
0A168                                   sta famistudio_chn_epsm_vol_op1,x
0A168                                   iny
0A168                                   lda (ex_patch),y
0A168                                   sta famistudio_chn_epsm_vol_op2,x
0A168                                   iny
0A168                                   lda (ex_patch),y
0A168                                   sta famistudio_chn_epsm_vol_op3,x
0A168                                   iny
0A168                                   lda (ex_patch),y
0A168                                   sta famistudio_chn_epsm_vol_op4,x
0A168                               @done:
0A168                               rts
0A168                           .endif
0A168                           ;======================================================================================================================
0A168                           ; FAMISTUDIO_UPDATE_EPSM_RHYTHM_CHANNEL_SOUND (internal)
0A168                           ;
0A168                           ; Updates the EPSM audio registers for a given channel.
0A168                           ;
0A168                           ; [in] y: EPSM channel idx (0,1,2,3,4,5)
0A168                           ;======================================================================================================================
0A168                           
0A168                           .if FAMISTUDIO_EXP_EPSM_RHYTHM_CNT > 0
0A168                           famistudio_update_epsm_rhythm_channel_sound:
0A168                               
0A168                               pitch = famistudio_ptr1
0A168                           
0A168                               lda famistudio_chn_note+FAMISTUDIO_EPSM_CHAN_RHYTHM_START,y
0A168                               bne @nocut
0A168                               sta famistudio_chn_epsm_trigger+FAMISTUDIO_EXP_EPSM_FM_CHN_CNT,y
0A168                               ldx #0 ; This will fetch volume 0.
0A168                               beq @noupdate
0A168                           
0A168                           @nocut:
0A168                           
0A168                               lda famistudio_chn_epsm_trigger+FAMISTUDIO_EXP_EPSM_FM_CHN_CNT,y
0A168                               cmp #$10
0A168                               beq @noupdate
0A168                           
0A168                               ; Read/multiply volume
0A168                               ldx famistudio_chn_epsm_rhythm_volume,y
0A168                               .if FAMISTUDIO_USE_VOLUME_TRACK
0A168                                   lda famistudio_chn_volume_track+FAMISTUDIO_EPSM_CHAN_RHYTHM_START, y
0A168                                   .if FAMISTUDIO_USE_VOLUME_SLIDES
0A168                                       ; During a slide, the lower 4 bits are fraction.
0A168                                       and #$f0
0A168                                   .endif        
0A168                                   ora famistudio_chn_epsm_rhythm_volume,y
0A168                               .else
0A168                                   lda famistudio_chn_epsm_rhythm_volume,y
0A168                               .endif
0A168                               tax
0A168                           
0A168                           @update_volume:
0A168                               ; Write volume
0A168                               lda famistudio_epsm_rhythm_reg_table,y
0A168                               sta FAMISTUDIO_EPSM_ADDR
0A168                               .if FAMISTUDIO_USE_VOLUME_TRACK    
0A168                                   lda famistudio_volume_table,x 
0A168                               .else
0A168                                   txa
0A168                               .endif
0A168                                   rol
0A168                                   adc famistudio_chn_epsm_rhythm_stereo,y
0A168                                   sta FAMISTUDIO_EPSM_DATA
0A168                           
0A168                               lda #$10 ;FAMISTUDIO_EPSM_REG_RHY_KY
0A168                               sta famistudio_chn_epsm_trigger+FAMISTUDIO_EXP_EPSM_FM_CHN_CNT,y
0A168                               sta FAMISTUDIO_EPSM_ADDR
0A168                               nop ;Some delay needed before writing the rhythm key
0A168                               nop
0A168                               lda famistudio_epsm_rhythm_key_table,y
0A168                               sta FAMISTUDIO_EPSM_DATA
0A168                           
0A168                           @noupdate:
0A168                               rts
0A168                           
0A168                           .endif
0A168                           .endif
0A168                           
0A168                           .if FAMISTUDIO_EXP_N163
0A168                           
0A168                           ; This is getting out of hand. Maybe we should compute those on the fly.
0A168                           famistudio_n163_freq_table_lo:
0A168                               .byte FAMISTUDIO_N163_REG_FREQ_LO - $00
0A168                               .byte FAMISTUDIO_N163_REG_FREQ_LO - $08
0A168                               .byte FAMISTUDIO_N163_REG_FREQ_LO - $10
0A168                               .byte FAMISTUDIO_N163_REG_FREQ_LO - $18
0A168                               .byte FAMISTUDIO_N163_REG_FREQ_LO - $20
0A168                               .byte FAMISTUDIO_N163_REG_FREQ_LO - $28
0A168                               .byte FAMISTUDIO_N163_REG_FREQ_LO - $30
0A168                               .byte FAMISTUDIO_N163_REG_FREQ_LO - $38
0A168                           famistudio_n163_freq_table_mid:
0A168                               .byte FAMISTUDIO_N163_REG_FREQ_MID - $00
0A168                               .byte FAMISTUDIO_N163_REG_FREQ_MID - $08
0A168                               .byte FAMISTUDIO_N163_REG_FREQ_MID - $10
0A168                               .byte FAMISTUDIO_N163_REG_FREQ_MID - $18
0A168                               .byte FAMISTUDIO_N163_REG_FREQ_MID - $20
0A168                               .byte FAMISTUDIO_N163_REG_FREQ_MID - $28
0A168                               .byte FAMISTUDIO_N163_REG_FREQ_MID - $30
0A168                               .byte FAMISTUDIO_N163_REG_FREQ_MID - $38
0A168                           famistudio_n163_freq_table_hi:
0A168                               .byte FAMISTUDIO_N163_REG_FREQ_HI - $00
0A168                               .byte FAMISTUDIO_N163_REG_FREQ_HI - $08
0A168                               .byte FAMISTUDIO_N163_REG_FREQ_HI - $10
0A168                               .byte FAMISTUDIO_N163_REG_FREQ_HI - $18
0A168                               .byte FAMISTUDIO_N163_REG_FREQ_HI - $20
0A168                               .byte FAMISTUDIO_N163_REG_FREQ_HI - $28
0A168                               .byte FAMISTUDIO_N163_REG_FREQ_HI - $30
0A168                               .byte FAMISTUDIO_N163_REG_FREQ_HI - $38
0A168                           famistudio_n163_vol_table:
0A168                               .byte FAMISTUDIO_N163_REG_VOLUME - $00
0A168                               .byte FAMISTUDIO_N163_REG_VOLUME - $08
0A168                               .byte FAMISTUDIO_N163_REG_VOLUME - $10
0A168                               .byte FAMISTUDIO_N163_REG_VOLUME - $18
0A168                               .byte FAMISTUDIO_N163_REG_VOLUME - $20
0A168                               .byte FAMISTUDIO_N163_REG_VOLUME - $28
0A168                               .byte FAMISTUDIO_N163_REG_VOLUME - $30
0A168                               .byte FAMISTUDIO_N163_REG_VOLUME - $38    
0A168                           famistudio_n163_env_table:
0A168                               .byte FAMISTUDIO_N163_CH0_ENVS
0A168                               .byte FAMISTUDIO_N163_CH1_ENVS
0A168                               .byte FAMISTUDIO_N163_CH2_ENVS
0A168                               .byte FAMISTUDIO_N163_CH3_ENVS
0A168                               .byte FAMISTUDIO_N163_CH4_ENVS
0A168                               .byte FAMISTUDIO_N163_CH5_ENVS
0A168                               .byte FAMISTUDIO_N163_CH6_ENVS
0A168                               .byte FAMISTUDIO_N163_CH7_ENVS
0A168                           .if FAMISTUDIO_USE_PHASE_RESET
0A168                           famistudio_n163_phase_table_lo:
0A168                               .byte FAMISTUDIO_N163_REG_PHASE_LO - $00
0A168                               .byte FAMISTUDIO_N163_REG_PHASE_LO - $08
0A168                               .byte FAMISTUDIO_N163_REG_PHASE_LO - $10
0A168                               .byte FAMISTUDIO_N163_REG_PHASE_LO - $18
0A168                               .byte FAMISTUDIO_N163_REG_PHASE_LO - $20
0A168                               .byte FAMISTUDIO_N163_REG_PHASE_LO - $28
0A168                               .byte FAMISTUDIO_N163_REG_PHASE_LO - $30
0A168                               .byte FAMISTUDIO_N163_REG_PHASE_LO - $38
0A168                           famistudio_n163_phase_table_mid:
0A168                               .byte FAMISTUDIO_N163_REG_PHASE_MID - $00
0A168                               .byte FAMISTUDIO_N163_REG_PHASE_MID - $08
0A168                               .byte FAMISTUDIO_N163_REG_PHASE_MID - $10
0A168                               .byte FAMISTUDIO_N163_REG_PHASE_MID - $18
0A168                               .byte FAMISTUDIO_N163_REG_PHASE_MID - $20
0A168                               .byte FAMISTUDIO_N163_REG_PHASE_MID - $28
0A168                               .byte FAMISTUDIO_N163_REG_PHASE_MID - $30
0A168                               .byte FAMISTUDIO_N163_REG_PHASE_MID - $38
0A168                           famistudio_n163_phase_table_hi:
0A168                               .byte FAMISTUDIO_N163_REG_PHASE_HI - $00
0A168                               .byte FAMISTUDIO_N163_REG_PHASE_HI - $08
0A168                               .byte FAMISTUDIO_N163_REG_PHASE_HI - $10
0A168                               .byte FAMISTUDIO_N163_REG_PHASE_HI - $18
0A168                               .byte FAMISTUDIO_N163_REG_PHASE_HI - $20
0A168                               .byte FAMISTUDIO_N163_REG_PHASE_HI - $28
0A168                               .byte FAMISTUDIO_N163_REG_PHASE_HI - $30
0A168                               .byte FAMISTUDIO_N163_REG_PHASE_HI - $38
0A168                           .endif
0A168                           
0A168                           ;======================================================================================================================
0A168                           ; FAMISTUDIO_UPDATE_N163_CHANNEL_SOUND (internal)
0A168                           ;
0A168                           ; Updates the N163 audio registers for a given channel.
0A168                           ;
0A168                           ; [in] y: N163 channel idx (0,1,2,3,4,5,6,7)
0A168                           ;======================================================================================================================
0A168                           
0A168                           famistudio_update_n163_channel_sound:
0A168                               
0A168                               pitch    = famistudio_ptr1
0A168                               pitch_hi = famistudio_r2
0A168                           
0A168                               lda famistudio_chn_note+FAMISTUDIO_N163_CH0_IDX,y
0A168                               bne @nocut
0A168                               ldx #0 ; This will fetch volume 0.
0A168                               jmp @update_volume
0A168                           
0A168                           @nocut:
0A168                           
0A168                               jsr famistudio_update_n163_wave
0A168                           
0A168                               ; Read note, apply arpeggio 
0A168                               lda famistudio_chn_note+FAMISTUDIO_N163_CH0_IDX,y 
0A168                               clc
0A168                               ldx famistudio_n163_env_table,y
0A168                               adc famistudio_env_value+FAMISTUDIO_ENV_NOTE_OFF,x
0A168                               .if FAMISTUDIO_DUAL_SUPPORT
0A168                                   clc
0A168                                   adc famistudio_pal_adjust
0A168                               .endif
0A168                               tax
0A168                           
0A168                               ; Apply pitch envelope, fine pitch & slides
0A168                               famistudio_get_note_pitch_macro FAMISTUDIO_N163_CH0_PITCH_ENV_IDX, FAMISTUDIO_N163_PITCH_SHIFT, famistudio_n163_note_table_lsb, famistudio_n163_note_table_msb
0A168                           
0A168                               ; Convert 16-bit -> 18-bit.
0A168                               asl pitch+0
0A168                               rol pitch+1
0A168                               lda #0
0A168                               adc #0
0A168                               sta pitch_hi
0A168                               asl pitch+0
0A168                               rol pitch+1
0A168                               rol pitch_hi 
0A168                           
0A168                               ; Write pitch
0A168                               lda famistudio_n163_freq_table_lo,y
0A168                               sta FAMISTUDIO_N163_ADDR
0A168                               lda pitch+0
0A168                               sta FAMISTUDIO_N163_DATA
0A168                               lda famistudio_n163_freq_table_mid,y
0A168                               sta FAMISTUDIO_N163_ADDR
0A168                               lda pitch+1
0A168                               sta FAMISTUDIO_N163_DATA
0A168                               lda famistudio_n163_freq_table_hi,y
0A168                               sta FAMISTUDIO_N163_ADDR
0A168                               lda famistudio_chn_n163_wave_len,y
0A168                               ora pitch_hi
0A168                               sta FAMISTUDIO_N163_DATA
0A168                           
0A168                               ; Read/multiply volume
0A168                               ldx famistudio_n163_env_table,y
0A168                               .if FAMISTUDIO_USE_VOLUME_TRACK
0A168                                   lda famistudio_chn_volume_track+FAMISTUDIO_N163_CH0_IDX, y
0A168                                   .if FAMISTUDIO_USE_VOLUME_SLIDES
0A168                                       ; During a slide, the lower 4 bits are fraction.
0A168                                       and #$f0
0A168                                   .endif        
0A168                                   ora famistudio_env_value+FAMISTUDIO_ENV_VOLUME_OFF,x
0A168                               .else
0A168                                   lda famistudio_env_value+FAMISTUDIO_ENV_VOLUME_OFF,x
0A168                               .endif
0A168                               tax
0A168                           
0A168                           @update_volume:
0A168                               ; Write volume
0A168                               lda famistudio_n163_vol_table,y
0A168                               sta FAMISTUDIO_N163_ADDR
0A168                               .if FAMISTUDIO_USE_VOLUME_TRACK
0A168                                   lda famistudio_volume_table,x 
0A168                               .else
0A168                                   txa
0A168                               .endif
0A168                               ora #FAMISTUDIO_N163_CHN_MASK
0A168                               sta FAMISTUDIO_N163_DATA
0A168                           
0A168                           @done:
0A168                               rts
0A168                           
0A168                           .endif
0A168                           
0A168                           .if FAMISTUDIO_EXP_S5B
0A168                           
0A168                           famistudio_s5b_reg_table_lo:
0A168                               .byte FAMISTUDIO_S5B_REG_LO_A, FAMISTUDIO_S5B_REG_LO_B, FAMISTUDIO_S5B_REG_LO_C
0A168                           famistudio_s5b_reg_table_hi:
0A168                               .byte FAMISTUDIO_S5B_REG_HI_A, FAMISTUDIO_S5B_REG_HI_B, FAMISTUDIO_S5B_REG_HI_C
0A168                           famistudio_s5b_vol_table:
0A168                               .byte FAMISTUDIO_S5B_REG_VOL_A, FAMISTUDIO_S5B_REG_VOL_B, FAMISTUDIO_S5B_REG_VOL_C
0A168                           famistudio_s5b_env_table:
0A168                               .byte FAMISTUDIO_S5B_CH0_ENVS, FAMISTUDIO_S5B_CH1_ENVS, FAMISTUDIO_S5B_CH2_ENVS
0A168                           famistudio_s5b_noise_mask:
0A168                               .byte $08, $10, $20
0A168                           
0A168                           ;======================================================================================================================
0A168                           ; FAMISTUDIO_UPDATE_S5B_CHANNEL_SOUND (internal)
0A168                           ;
0A168                           ; Updates the S5B audio registers for a given channel.
0A168                           ;
0A168                           ; [in] y: S5B channel idx (0,1,2)
0A168                           ;======================================================================================================================
0A168                           
0A168                           famistudio_update_s5b_channel_sound:
0A168                               
0A168                               pitch   = famistudio_ptr1
0A168                               env_bit = famistudio_ptr1_lo
0A168                           
0A168                               ; These are shared by all 3 channels.
0A168                               env_period = famistudio_ptr0
0A168                               attack     = famistudio_ptr2
0A168                               env_shape  = famistudio_r1
0A168                               env_octave = famistudio_r2
0A168                               noise_freq = famistudio_r3
0A168                           
0A168                               ; First channel will clear these, last channel will write the registers.
0A168                               cpy #0
0A168                               bne @not_first_channel
0A168                               sty env_shape
0A168                               sty noise_freq
0A168                               sty attack
0A168                               lda #$80 ; This mean 'manual pitch'
0A168                               sty env_octave
0A168                           
0A168                           @not_first_channel:
0A168                               ldx #0 ; This will fetch volume 0.
0A168                               stx env_bit
0A168                               lda famistudio_chn_note+FAMISTUDIO_S5B_CH0_IDX,y
0A168                               bne @nocut
0A168                               jmp @update_volume
0A168                           
0A168                           @nocut:
0A168                               ; Store noise if mixer has it enabled
0A168                               ldx famistudio_s5b_env_table,y
0A168                               lda famistudio_env_value+FAMISTUDIO_ENV_MIXER_IDX_OFF,x
0A168                               and famistudio_s5b_noise_mask,y
0A168                               bne @nonoise
0A168                               lda famistudio_env_value+FAMISTUDIO_ENV_NOISE_IDX_OFF,x
0A168                               sta noise_freq
0A168                           
0A168                           @nonoise:
0A168                               lda famistudio_chn_note+FAMISTUDIO_S5B_CH0_IDX,y
0A168                               ; Read note, apply arpeggio 
0A168                               clc
0A168                               ldx famistudio_s5b_env_table,y
0A168                               adc famistudio_env_value+FAMISTUDIO_ENV_NOTE_OFF,x
0A168                               .if FAMISTUDIO_DUAL_SUPPORT
0A168                                   clc
0A168                                   adc famistudio_pal_adjust
0A168                               .endif
0A168                               tax
0A168                           
0A168                               ; Apply pitch envelope, fine pitch & slides
0A168                               famistudio_get_note_pitch_macro FAMISTUDIO_S5B_CH0_PITCH_ENV_IDX, 0, famistudio_note_table_lsb, famistudio_note_table_msb
0A168                           
0A168                               ; Write pitch + 1 (pitches on S5B are off by one compared to regular note table)
0A168                               lda famistudio_s5b_reg_table_lo,y
0A168                               sta FAMISTUDIO_S5B_ADDR
0A168                               lda pitch+0
0A168                               clc
0A168                               adc #1
0A168                               sta FAMISTUDIO_S5B_DATA
0A168                               sta pitch+0
0A168                               lda famistudio_s5b_reg_table_hi,y
0A168                               sta FAMISTUDIO_S5B_ADDR
0A168                               lda pitch+1
0A168                               adc #0
0A168                               sta FAMISTUDIO_S5B_DATA
0A168                               sta pitch+1
0A168                           
0A168                               ; Store env shape + period if active.
0A168                               lda famistudio_s5b_chn_env_shape,y
0A168                               and #$0f
0A168                               beq @noenv
0A168                               sta env_shape
0A168                           
0A168                               ; If bit 7 of any channel is on, well reset the envelope.
0A168                               lda famistudio_s5b_chn_env_shape,y
0A168                               ora attack 
0A168                               sta attack
0A168                               lda famistudio_s5b_chn_env_shape,y
0A168                               and #$0f
0A168                               sta famistudio_s5b_chn_env_shape,y
0A168                           
0A168                               ; Store auto-period settings
0A168                               lda famistudio_s5b_chn_env_octave,y
0A168                               sta env_octave
0A168                               cmp #$80 ; This mean 'manual pitch'
0A168                               beq @manual_period
0A168                           
0A168                               @auto_period:
0A168                                   lda pitch+0
0A168                                   sta env_period+0
0A168                                   lda pitch+1
0A168                                   sta env_period+1
0A168                                   jmp @set_envelope_volume_flag
0A168                           
0A168                               @manual_period:
0A168                                   lda famistudio_s5b_env_period_lo
0A168                                   sta env_period+0
0A168                                   lda famistudio_s5b_env_period_hi
0A168                                   sta env_period+1
0A168                           
0A168                           @set_envelope_volume_flag:
0A168                               lda #$10
0A168                           
0A168                           @noenv:
0A168                               sta env_bit
0A168                           
0A168                               ; Read/multiply volume
0A168                               ldx famistudio_s5b_env_table,y
0A168                               .if FAMISTUDIO_USE_VOLUME_TRACK
0A168                                   lda famistudio_chn_volume_track+FAMISTUDIO_S5B_CH0_IDX, y
0A168                                   .if FAMISTUDIO_USE_VOLUME_SLIDES
0A168                                       ; During a slide, the lower 4 bits are fraction.
0A168                                       and #$f0
0A168                                   .endif        
0A168                                   ora famistudio_env_value+FAMISTUDIO_ENV_VOLUME_OFF,x
0A168                               .else
0A168                                   lda famistudio_env_value+FAMISTUDIO_ENV_VOLUME_OFF,x
0A168                               .endif
0A168                               tax
0A168                           
0A168                           @update_volume:
0A168                               ; Write volume
0A168                               lda famistudio_s5b_vol_table,y
0A168                               sta FAMISTUDIO_S5B_ADDR
0A168                               .if FAMISTUDIO_USE_VOLUME_TRACK    
0A168                                   lda famistudio_volume_table,x 
0A168                                   ora env_bit
0A168                               .else
0A168                                   txa
0A168                                   ora env_bit
0A168                               .endif
0A168                               sta FAMISTUDIO_S5B_DATA
0A168                           
0A168                           @write_shared_registers:
0A168                               ; Channel 2 writes all 5 shared registers.
0A168                               cpy #2
0A168                               bne @done
0A168                               lda env_shape
0A168                               beq @write_shared_noise
0A168                               ldx env_octave
0A168                               cpx #$80
0A168                               beq @write_shared_env_register
0A168                           
0A168                           @compute_auto_period:
0A168                               cpx #0
0A168                               beq @write_shared_env_register
0A168                               bpl @positive_octave_loop
0A168                               
0A168                               @negative_octave_loop:
0A168                                       asl env_period+0
0A168                                       rol env_period+1
0A168                                       inx
0A168                                       bne @negative_octave_loop
0A168                                   beq @write_shared_env_register
0A168                                   
0A168                               @positive_octave_loop:
0A168                                   cpx #1
0A168                                   bne @do_shift
0A168                                   @rounding:
0A168                                       lda env_period+0
0A168                                       and #1
0A168                                       beq @do_shift
0A168                                       lda env_period+0
0A168                                       clc
0A168                                       adc #1
0A168                                       sta env_period+0
0A168                                       bcc @do_shift
0A168                                       inc env_period+1
0A168                                   @do_shift:
0A168                                       lsr env_period+1
0A168                                       ror env_period+0
0A168                                       dex
0A168                                       bne @positive_octave_loop
0A168                           
0A168                           @write_shared_env_register:    
0A168                           
0A168                               ; Envelope period.
0A168                               lda #FAMISTUDIO_S5B_REG_ENV_LO
0A168                               sta FAMISTUDIO_S5B_ADDR
0A168                               lda env_period+0
0A168                               sta FAMISTUDIO_S5B_DATA
0A168                               lda #FAMISTUDIO_S5B_REG_ENV_HI
0A168                               sta FAMISTUDIO_S5B_ADDR
0A168                               lda env_period+1
0A168                               sta FAMISTUDIO_S5B_DATA
0A168                           
0A168                               ; Reset envelope if there was an attack.
0A168                               lda attack
0A168                               bpl @write_shared_noise
0A168                                   lda #FAMISTUDIO_S5B_REG_SHAPE
0A168                                   sta FAMISTUDIO_S5B_ADDR
0A168                                   lda env_shape
0A168                                   sta FAMISTUDIO_S5B_DATA
0A168                           
0A168                           @write_shared_noise:
0A168                           
0A168                               ; Tone/noise enabled.
0A168                               lda #FAMISTUDIO_S5B_REG_TONE
0A168                               sta FAMISTUDIO_S5B_ADDR
0A168                               lda famistudio_env_value+FAMISTUDIO_S5B_CH2_ENVS+FAMISTUDIO_ENV_MIXER_IDX_OFF
0A168                               asl
0A168                               ora famistudio_env_value+FAMISTUDIO_S5B_CH1_ENVS+FAMISTUDIO_ENV_MIXER_IDX_OFF
0A168                               asl
0A168                               ora famistudio_env_value+FAMISTUDIO_S5B_CH0_ENVS+FAMISTUDIO_ENV_MIXER_IDX_OFF
0A168                               sta FAMISTUDIO_S5B_DATA
0A168                               
0A168                               ; Noise freq
0A168                               lda #FAMISTUDIO_S5B_REG_NOISE
0A168                               sta FAMISTUDIO_S5B_ADDR
0A168                               lda noise_freq
0A168                               sta FAMISTUDIO_S5B_DATA
0A168                           
0A168                               lda #0
0A168                               sta famistudio_s5b_env_override
0A168                           
0A168                           @done:
0A168                               rts
0A168                           
0A168                           .endif
0A168                           
0A168                           .if FAMISTUDIO_USE_PHASE_RESET
0A168                           
0A168                           ;======================================================================================================================
0A168                           ; FAMISTUDIO_PROCESS_PHASE_RESETS (internal)
0A168                           ;
0A168                           ; Reset phases for channels that requested it this frame. 
0A168                           ;======================================================================================================================
0A168                           
0A168                           .macro conditional_phase_reset_regular prev_hi, reg_hi 
0A168                               lsr
0A168                               bcc @done
0A168                               ldy prev_hi
0A168                               sty reg_hi
0A168                               @done:
0A168                           .endm
0A168                           
0A168                           .macro conditional_phase_reset_vrc6 prev_hi, reg_hi 
0A168                               lsr
0A168                               bcc @done
0A168                               tax
0A168                               lda prev_hi
0A168                               sta reg_hi
0A168                               ora #$80
0A168                               sta reg_hi
0A168                               txa
0A168                               @done:
0A168                           .endm
0A168                           
0A168                           .macro conditional_phase_reset_fds prev_hi, reg_hi 
0A168                               lsr
0A168                               bcc @done
0A168                               lda prev_hi
0A168                               ora #$80
0A168                               sta reg_hi
0A168                               and #$7f
0A168                               sta reg_hi
0A168                               @done:
0A168                           .endm
0A168                           
0A168                           famistudio_process_phase_resets:
0A168                           
0A168                               ; We group all the phase resets here at the end of the frame to make it easier to replicate in the main app since
0A168                               ; this routine will have very predictable # of cycle between channels, and having channels closers mean its easier 
0A168                               ; to sync 2 channels together. The downside is that we need to keep the previous hi-period for VRC6 (3-bytes) and
0A168                               ; FDS (1-byte).
0A168                           
0A168                               lda famistudio_phase_reset
0A168                           
0A168                               ; TODO : What about SFX here? A phase reset here will reset the SFX? Or will it?
0A168                               conditional_phase_reset_regular famistudio_pulse1_prev, FAMISTUDIO_APU_PL1_HI
0A168                               conditional_phase_reset_regular famistudio_pulse2_prev, FAMISTUDIO_APU_PL2_HI
0A168                               
0A168                               .if FAMISTUDIO_EXP_VRC6
0A168                                   conditional_phase_reset_vrc6 famistudio_vrc6_pulse1_prev_hi, FAMISTUDIO_VRC6_PL1_HI
0A168                                   conditional_phase_reset_vrc6 famistudio_vrc6_pulse2_prev_hi, FAMISTUDIO_VRC6_PL2_HI
0A168                                   conditional_phase_reset_vrc6 famistudio_vrc6_saw_prev_hi, FAMISTUDIO_VRC6_SAW_HI
0A168                               .else
0A168                                   lsr
0A168                                   lsr
0A168                                   lsr
0A168                               .endif
0A168                           
0A168                               .if FAMISTUDIO_EXP_MMC5
0A168                                   conditional_phase_reset_regular famistudio_mmc5_pulse1_prev, FAMISTUDIO_MMC5_PL1_HI
0A168                                   conditional_phase_reset_regular famistudio_mmc5_pulse2_prev, FAMISTUDIO_MMC5_PL2_HI
0A168                               .else
0A168                                   lsr
0A168                                   lsr
0A168                               .endif
0A168                           
0A168                               .if FAMISTUDIO_EXP_FDS    
0A168                                   conditional_phase_reset_fds famistudio_fds_prev_hi, FAMISTUDIO_FDS_FREQ_HI
0A168                               .endif
0A168                           
0A168                               .if FAMISTUDIO_EXP_N163
0A168                               ldx #0
0A168                               @n163_phase_reset_loop:
0A168                                   lda famistudio_channel_to_phase_reset_mask+FAMISTUDIO_N163_CH0_IDX, x 
0A168                                   and famistudio_phase_reset_n163
0A168                                   beq @next_n163_channel
0A168                                       ldy #0    
0A168                                       lda famistudio_n163_phase_table_lo,x
0A168                                       sta FAMISTUDIO_N163_ADDR
0A168                                       sty FAMISTUDIO_N163_DATA
0A168                                       lda famistudio_n163_phase_table_mid,x
0A168                                       sta FAMISTUDIO_N163_ADDR
0A168                                       sty FAMISTUDIO_N163_DATA
0A168                                       lda famistudio_n163_phase_table_hi,x
0A168                                       sta FAMISTUDIO_N163_ADDR
0A168                                       sty FAMISTUDIO_N163_DATA
0A168                                   @next_n163_channel:
0A168                                       inx
0A168                                       cpx #FAMISTUDIO_EXP_N163_CHN_CNT
0A168                                       bne @n163_phase_reset_loop
0A168                               .endif
0A168                           
0A168                               @clear_phase_reset_flags:
0A168                                   lda #0
0A168                                   sta famistudio_phase_reset
0A168                                   .if FAMISTUDIO_EXP_N163
0A168                                       sta famistudio_phase_reset_n163
0A168                                   .endif
0A168                                   rts
0A168                           
0A168                           .endif
0A168                           
0A168                           .if FAMISTUDIO_USE_FAMITRACKER_DELAYED_NOTES_OR_CUTS
0A168                           
0A168                           ;======================================================================================================================
0A168                           ; FAMISTUDIO_UPDATE_ROW_WITH_DELAYS (internal)
0A168                           ;
0A168                           ; Advance the song for a given channel, but while managing notes/cuts delays. 
0A168                           ;
0A168                           ; [in] x: channel index (also true when leaving the function)
0A168                           ;======================================================================================================================
0A168                           
0A168                           famistudio_advance_channel_with_delays:
0A168                           
0A168                               ; Is the tempo telling us to advance by 1 row?
0A168                               lda famistudio_tempo_advance_row
0A168                               beq @check_delayed_note
0A168                           
0A168                               ; Tempo says we need to advance, was there a delayed note wairing?
0A168                               lda famistudio_chn_note_delay,x
0A168                               bmi @advance
0A168                           
0A168                               ; Need to clear any pending delayed note before advancing (will be inaudible).
0A168                               @clear_delayed_note:
0A168                               lda #$ff
0A168                               sta famistudio_chn_note_delay,x
0A168                               jsr famistudio_advance_channel ; This is the update for the de delayed note.
0A168                               jmp @advance
0A168                           
0A168                               ; Tempo said we didnt need to advance, see if there is delayed note with a counter that reached zero.
0A168                               @check_delayed_note:
0A168                               lda famistudio_chn_note_delay,x
0A168                               bmi @check_delayed_cut
0A168                               sec
0A168                               sbc #1
0A168                               sta famistudio_chn_note_delay,x
0A168                               bpl @check_delayed_cut ; When wrapping from 0 -> 0xff, we play the note.
0A168                           
0A168                               ; Finally, advance by 1 row.
0A168                               @advance:
0A168                               jsr famistudio_advance_channel
0A168                           
0A168                               ; Handle delayed cuts.
0A168                               @check_delayed_cut:
0A168                               lda famistudio_chn_cut_delay,x
0A168                               bmi @done
0A168                               sec
0A168                               sbc #1
0A168                               sta famistudio_chn_cut_delay,x
0A168                               bpl @done ; When wrapping from 0 -> 0xff, we play the note.
0A168                           
0A168                               ; Write a stop note.
0A168                               lda #0
0A168                               sta famistudio_chn_note,x
0A168                           
0A168                               ; Special case for DPCM, need to stop it manually.
0A168                               cpx #4
0A168                               bne @done
0A168                               jsr famistudio_sample_stop
0A168                               
0A168                               @done:
0A168                               rts
0A168                           
0A168                           .endif
0A168                           
0A168                           ;======================================================================================================================
0A168                           ; FAMISTUDIO_UPDATE (public)
0A168                           ;
0A168                           ; Main update function, should be called once per frame, ideally at the end of NMI. Will update the tempo, advance
0A168                           ; the song if needed, update instrument and apply any change to the APU registers.
0A168                           ;
0A168                           ; [in] no input params.
0A168                           ;======================================================================================================================
0A168                           
0A168                           famistudio_update:
0A168                           
0A168                               pitch_env_type = famistudio_r0
0A168                               temp_pitch     = famistudio_r1
0A168                               tempo_env_ptr  = famistudio_ptr0
0A168                               env_ptr        = famistudio_ptr0
0A168                               pitch_env_ptr  = famistudio_ptr0
0A168                           
0A168                           .if FAMISTUDIO_CFG_THREAD
0A168                               lda famistudio_ptr0_lo
0A168                               pha
0A168                               lda famistudio_ptr0_hi
0A168                               pha
0A168                           .endif
0A168                           
0A168 A5 2F                         lda famistudio_song_speed ; Speed 0 means that no music is playing currently
0A16A 30 02                         bmi @pause ; Bit 7 set is the pause flag
0A16C D0 07                         bne @update
0A16E                           @pause:
0A16E                           .if !FAMISTUDIO_USE_FAMITRACKER_TEMPO
0A16E A9 01                         lda #1
0A170 85 5D                         sta famistudio_tempo_frame_cnt
0A172                           .endif
0A172 4C 57 A2                      jmp @update_sound
0A175                           
0A175                           ;----------------------------------------------------------------------------------------------------------------------
0A175                           @update:
0A175                           
0A175                           .if FAMISTUDIO_USE_FAMITRACKER_TEMPO
0A175                           
0A175                               lda famistudio_tempo_acc_hi
0A175                               cmp famistudio_song_speed
0A175                               .if FAMISTUDIO_USE_FAMITRACKER_DELAYED_NOTES_OR_CUTS
0A175                                   ldx #0
0A175                                   stx famistudio_tempo_advance_row    
0A175                                   bcc @advance_song
0A175                               .else
0A175                                   bcc @update_envelopes
0A175                               .endif
0A175                               sbc famistudio_song_speed ; Carry is set.
0A175                               sta famistudio_tempo_acc_hi    
0A175                               .if FAMISTUDIO_USE_FAMITRACKER_DELAYED_NOTES_OR_CUTS
0A175                                   ldx #1
0A175                                   stx famistudio_tempo_advance_row
0A175                               .endif
0A175                           
0A175                           .else ; FamiStudio tempo
0A175                           
0A175                               ; Decrement envelope counter, see if we need to advance.
0A175 C6 5A                         dec famistudio_tempo_env_counter
0A177 F0 05                         beq @advance_tempo_envelope
0A179 A9 01                         lda #1
0A17B 4C 9D A1                      jmp @store_frame_count
0A17E                           
0A17E                           @advance_tempo_envelope:
0A17E                               ; Advance the envelope by one step.
0A17E A5 4A                         lda famistudio_tempo_env_ptr_lo
0A180 85 2D                         sta tempo_env_ptr+0
0A182 A5 4B                         lda famistudio_tempo_env_ptr_hi
0A184 85 2E                         sta tempo_env_ptr+1
0A186                           
0A186 E6 5B                         inc famistudio_tempo_env_idx
0A188 A4 5B                         ldy famistudio_tempo_env_idx
0A18A B1 2D                         lda (tempo_env_ptr),y
0A18C 10 06                         bpl @store_counter ; Negative value means we loop back to to index 1.
0A18E                           
0A18E                           @tempo_envelope_end:
0A18E A0 01                         ldy #1
0A190 84 5B                         sty famistudio_tempo_env_idx
0A192 B1 2D                         lda (tempo_env_ptr),y
0A194                           
0A194                           @store_counter:
0A194                               ; Reset the counter
0A194 85 5A                         sta famistudio_tempo_env_counter
0A196 A5 5C                         lda famistudio_tempo_frame_num
0A198 D0 03                         bne @store_frame_count
0A19A 4C 0D A3                      jmp @skip_frame
0A19D                           
0A19D                           @store_frame_count:
0A19D 85 5D                         sta famistudio_tempo_frame_cnt
0A19F                           
0A19F                           .endif
0A19F                           
0A19F                           ;----------------------------------------------------------------------------------------------------------------------
0A19F                           @advance_song:
0A19F A2 00                         ldx #0
0A1A1                               @channel_loop:
0A1A1                                   .if !FAMISTUDIO_CFG_DPCM_SUPPORT
0A1A1 E0 04                                 cpx #4
0A1A3 F0 03                                 beq @channel_loop_end
0A1A5                                   .endif    
0A1A5                                   .if FAMISTUDIO_USE_FAMITRACKER_DELAYED_NOTES_OR_CUTS
0A1A5                                       jsr famistudio_advance_channel_with_delays
0A1A5                                   .else
0A1A5 20 F3 A3                              jsr famistudio_advance_channel
0A1A8                                   .endif
0A1A8                                   @channel_loop_end:
0A1A8 E8                                inx
0A1A9 E0 05                             cpx #FAMISTUDIO_NUM_CHANNELS
0A1AB D0 F4                             bne @channel_loop
0A1AD                           
0A1AD                           ;----------------------------------------------------------------------------------------------------------------------
0A1AD                           @update_envelopes:
0A1AD A2 00                         ldx #0
0A1AF                           
0A1AF                           @env_process:
0A1AF BD 0B 04                      lda famistudio_env_repeat,x
0A1B2 F0 05                         beq @env_read  
0A1B4 DE 0B 04                      dec famistudio_env_repeat,x
0A1B7 D0 2B                         bne @env_next
0A1B9                           
0A1B9                           @env_read:
0A1B9 BD 16 04                      lda famistudio_env_addr_lo,x
0A1BC 85 2D                         sta env_ptr+0
0A1BE BD 21 04                      lda famistudio_env_addr_hi,x
0A1C1 85 2E                         sta env_ptr+1
0A1C3 BC 35 04                      ldy famistudio_env_ptr,x
0A1C6                           
0A1C6                           @env_read_value:
0A1C6 B1 2D                         lda (env_ptr),y
0A1C8 10 09                         bpl @env_special ; Values below 128 used as a special code, loop or repeat
0A1CA 18                            clc              ; Values above 128 are output value+192 (output values are signed -63..64)
0A1CB 69 40                         adc #256-192
0A1CD 9D 00 04                      sta famistudio_env_value,x
0A1D0 C8                            iny
0A1D1 D0 0D                         bne @env_next_store_ptr
0A1D3                           
0A1D3                           @env_special:
0A1D3 D0 07                         bne @env_set_repeat  ; Zero is the loop point, non-zero values used for the repeat counter
0A1D5 C8                            iny
0A1D6 B1 2D                         lda (env_ptr),y     ; Read loop position
0A1D8 A8                            tay
0A1D9 4C C6 A1                      jmp @env_read_value
0A1DC                           
0A1DC                           @env_set_repeat:
0A1DC C8                            iny
0A1DD 9D 0B 04                      sta famistudio_env_repeat,x ; Store the repeat counter value
0A1E0                           
0A1E0                           @env_next_store_ptr:
0A1E0 98                            tya
0A1E1 9D 35 04                      sta famistudio_env_ptr,x
0A1E4                           
0A1E4                           @env_next:
0A1E4 E8                            inx
0A1E5                           
0A1E5 E0 0B                         cpx #FAMISTUDIO_NUM_ENVELOPES
0A1E7 D0 C6                         bne @env_process
0A1E9                           
0A1E9                           ;----------------------------------------------------------------------------------------------------------------------
0A1E9                           @update_pitch_envelopes:
0A1E9 A2 00                         ldx #0
0A1EB 4C EE A1                      jmp @pitch_env_process
0A1EE                           
0A1EE                           @pitch_env_process:
0A1EE B5 3C                         lda famistudio_pitch_env_repeat,x
0A1F0 F0 04                         beq @pitch_env_read
0A1F2 D6 3C                         dec famistudio_pitch_env_repeat,x
0A1F4 D0 5C                         bne @pitch_env_next
0A1F6                           
0A1F6                           @pitch_env_read:
0A1F6 B5 3F                         lda famistudio_pitch_env_addr_lo,x 
0A1F8 85 2D                         sta pitch_env_ptr+0
0A1FA B5 47                         lda famistudio_pitch_env_addr_hi,x
0A1FC 85 2E                         sta pitch_env_ptr+1
0A1FE A0 00                         ldy #0
0A200 B1 2D                         lda (pitch_env_ptr),y
0A202 85 28                         sta pitch_env_type ; First value is 0 for absolute envelope, 0x80 for relative.
0A204 B4 57                         ldy famistudio_pitch_env_ptr,x
0A206                           
0A206                           @pitch_env_read_value:
0A206 B1 2D                         lda (pitch_env_ptr),y
0A208 10 37                         bpl @pitch_env_special 
0A20A 18                            clc  
0A20B 69 40                         adc #256-192
0A20D 24 28                         bit pitch_env_type
0A20F 30 15                         bmi @pitch_relative
0A211                           
0A211                           @pitch_absolute:
0A211 9D 2C 04                      sta famistudio_pitch_env_value_lo,x
0A214 09 00                         ora #0
0A216 30 05                         bmi @pitch_absolute_neg  
0A218 A9 00                         lda #0
0A21A 4C 1F A2                      jmp @pitch_absolute_set_value_hi
0A21D                           @pitch_absolute_neg:
0A21D A9 FF                         lda #$ff
0A21F                           @pitch_absolute_set_value_hi:
0A21F 9D 2F 04                      sta famistudio_pitch_env_value_hi,x
0A222 C8                            iny 
0A223 4C 4F A2                      jmp @pitch_env_next_store_ptr
0A226                           
0A226                           @pitch_relative:
0A226 85 29                         sta temp_pitch
0A228 18                            clc
0A229 7D 2C 04                      adc famistudio_pitch_env_value_lo,x
0A22C 9D 2C 04                      sta famistudio_pitch_env_value_lo,x
0A22F A5 29                         lda temp_pitch
0A231 29 80                         and #$80
0A233 10 02                         bpl @pitch_relative_pos  
0A235 A9 FF                         lda #$ff
0A237                           @pitch_relative_pos:
0A237 7D 2F 04                      adc famistudio_pitch_env_value_hi,x
0A23A 9D 2F 04                      sta famistudio_pitch_env_value_hi,x
0A23D C8                            iny 
0A23E 4C 4F A2                      jmp @pitch_env_next_store_ptr
0A241                           
0A241                           @pitch_env_special:
0A241 D0 07                         bne @pitch_env_set_repeat
0A243 C8                            iny 
0A244 B1 2D                         lda (pitch_env_ptr),y 
0A246 A8                            tay
0A247 4C 06 A2                      jmp @pitch_env_read_value 
0A24A                           
0A24A                           @pitch_env_set_repeat:
0A24A C8                            iny
0A24B 05 28                         ora pitch_env_type ; This is going to set the relative flag in the hi-bit.
0A24D 95 3C                         sta famistudio_pitch_env_repeat,x
0A24F                           
0A24F                           @pitch_env_next_store_ptr:
0A24F 98                            tya 
0A250 95 57                         sta famistudio_pitch_env_ptr,x
0A252                           
0A252                           @pitch_env_next:
0A252 E8                            inx 
0A253                           
0A253 E0 03                         cpx #FAMISTUDIO_NUM_PITCH_ENVELOPES
0A255 D0 97                         bne @pitch_env_process
0A257                           
0A257                           .if FAMISTUDIO_USE_SLIDE_NOTES
0A257                           ;----------------------------------------------------------------------------------------------------------------------
0A257                           @update_slides:
0A257                               ldx #0
0A257                           
0A257                           @slide_process:
0A257                               lda famistudio_slide_step,x ; Zero repeat means no active slide.
0A257                               beq @slide_next
0A257                               clc ; Add step to slide pitch (16bit + 8bit signed).
0A257                               lda famistudio_slide_step,x
0A257                               adc famistudio_slide_pitch_lo,x
0A257                               sta famistudio_slide_pitch_lo,x
0A257                               lda famistudio_slide_step,x
0A257                               and #$80
0A257                               beq @positive_slide
0A257                           
0A257                           @negative_slide:
0A257                               lda #$ff
0A257                               adc famistudio_slide_pitch_hi,x
0A257                               sta famistudio_slide_pitch_hi,x
0A257                               bpl @slide_next
0A257                               jmp @clear_slide
0A257                           
0A257                           @positive_slide:
0A257                               adc famistudio_slide_pitch_hi,x
0A257                               sta famistudio_slide_pitch_hi,x
0A257                               bmi @slide_next
0A257                           
0A257                           @clear_slide:
0A257                               lda #0
0A257                               sta famistudio_slide_step,x
0A257                           
0A257                           @slide_next:
0A257                               inx 
0A257                               cpx #FAMISTUDIO_NUM_SLIDES
0A257                               bne @slide_process
0A257                           .endif
0A257                           
0A257                           .if FAMISTUDIO_USE_VOLUME_SLIDES
0A257                           
0A257                           ; FIXME : This seem wayyyy more complicated than it should.
0A257                           ; - The track volume has 4 bits of fraction : VVVVFFFF
0A257                           ; - The slide step is signed : SVVVFFFF
0A257                           ; - The slide target (end volume) is simply : VVVV0000
0A257                           ;
0A257                           ; foreach slides
0A257                           ;     if step != 0
0A257                           ;         volume += step
0A257                           ;         if step > 0 && volume >= target || step < 0 && volume <= target
0A257                           ;             volume = target
0A257                           ;             step = 0
0A257                           
0A257                           @update_volume_slides:
0A257                               ldx #0
0A257                           
0A257                           @volume_side_process:
0A257                               lda famistudio_chn_volume_slide_step,x
0A257                               beq @volume_slide_next
0A257                               clc 
0A257                               bmi @negative_volume_slide
0A257                               
0A257                           @positive_volume_slide:
0A257                               ; If the slide goes up, stop if we hit the target or go over it, over 15 (carry will be set)
0A257                               adc famistudio_chn_volume_track,x
0A257                               bcs @clear_volume_slide
0A257                               sta famistudio_chn_volume_track,x
0A257                               cmp famistudio_chn_volume_slide_target,x
0A257                               bcc @volume_slide_next
0A257                               bcs @clear_volume_slide
0A257                           
0A257                           @negative_volume_slide:
0A257                               ; If the slide goes do, stop if we hit the target or go below it, or below zero.
0A257                               ; This is a bit trickier since we cant rely on the carry or any flag to 
0A257                               ; tell us if we wrapped around. 
0A257                               adc famistudio_chn_volume_track,x
0A257                               ldy famistudio_chn_volume_track,x
0A257                               bmi @slide_upper_half
0A257                           
0A257                           @slide_lower_half:
0A257                               sta famistudio_chn_volume_track,x
0A257                               cmp famistudio_chn_volume_slide_target,x
0A257                               beq @clear_volume_slide
0A257                               bmi @clear_volume_slide
0A257                               bpl @volume_slide_next
0A257                           
0A257                           @slide_upper_half:
0A257                               sta famistudio_chn_volume_track,x
0A257                               cmp famistudio_chn_volume_slide_target,x
0A257                               beq @clear_volume_slide
0A257                               bcs @volume_slide_next
0A257                           
0A257                           @clear_volume_slide:    
0A257                               lda famistudio_chn_volume_slide_target,x
0A257                               sta famistudio_chn_volume_track,x
0A257                               lda #0
0A257                               sta famistudio_chn_volume_slide_step,x
0A257                           
0A257                           @volume_slide_next:
0A257                               inx 
0A257                               cpx #FAMISTUDIO_NUM_VOLUME_SLIDES
0A257                               bne @volume_side_process
0A257                           .endif
0A257                           
0A257                           .if FAMISTUDIO_CFG_EQUALIZER
0A257                           @update_equalizer:
0A257                               ldx #0
0A257                               @eq_channel_loop:
0A257                                   lda famistudio_chn_note_counter, x
0A257                                   beq @no_note
0A257                                       dec famistudio_chn_note_counter, x
0A257                                   @no_note:
0A257                                   inx
0A257                                   cpx #FAMISTUDIO_NUM_CHANNELS
0A257                                   bne @eq_channel_loop
0A257                           .endif
0A257                           
0A257                           ;----------------------------------------------------------------------------------------------------------------------
0A257                           @update_sound:
0A257                           
0A257 AD 4A 04 D0 03 4C 7A A2..     famistudio_update_channel_sound 0, FAMISTUDIO_CH0_ENVS, famistudio_pulse1_prev, FAMISTUDIO_ALIAS_PL1_HI, FAMISTUDIO_ALIAS_PL1_LO, FAMISTUDIO_ALIAS_PL1_VOL, FAMISTUDIO_APU_PL1_SWEEP
0A282 AD 4B 04 D0 03 4C A5 A2..     famistudio_update_channel_sound 1, FAMISTUDIO_CH1_ENVS, famistudio_pulse2_prev, FAMISTUDIO_ALIAS_PL2_HI, FAMISTUDIO_ALIAS_PL2_LO, FAMISTUDIO_ALIAS_PL2_VOL, FAMISTUDIO_APU_PL2_SWEEP
0A2AD AD 4C 04 D0 03 4C D0 A2..     famistudio_update_channel_sound 2, FAMISTUDIO_CH2_ENVS, 0, FAMISTUDIO_ALIAS_TRI_HI, FAMISTUDIO_ALIAS_TRI_LO, FAMISTUDIO_ALIAS_TRI_LINEAR, 0
0A2D4 AD 4D 04 D0 03 4C FC A2..     famistudio_update_channel_sound 3, FAMISTUDIO_CH3_ENVS, 0, FAMISTUDIO_ALIAS_NOISE_LO, 0, FAMISTUDIO_ALIAS_NOISE_VOL, 0
0A306                           
0A306                           .if FAMISTUDIO_EXP_VRC6
0A306                           @update_vrc6_sound:
0A306                               famistudio_update_channel_sound FAMISTUDIO_VRC6_CH0_IDX, FAMISTUDIO_VRC6_CH0_ENVS, famistudio_vrc6_pulse1_prev_hi, FAMISTUDIO_VRC6_PL1_HI, FAMISTUDIO_VRC6_PL1_LO, FAMISTUDIO_VRC6_PL1_VOL, 0
0A306                               famistudio_update_channel_sound FAMISTUDIO_VRC6_CH1_IDX, FAMISTUDIO_VRC6_CH1_ENVS, famistudio_vrc6_pulse2_prev_hi, FAMISTUDIO_VRC6_PL2_HI, FAMISTUDIO_VRC6_PL2_LO, FAMISTUDIO_VRC6_PL2_VOL, 0
0A306                               famistudio_update_channel_sound FAMISTUDIO_VRC6_CH2_IDX, FAMISTUDIO_VRC6_CH2_ENVS, famistudio_vrc6_saw_prev_hi, FAMISTUDIO_VRC6_SAW_HI, FAMISTUDIO_VRC6_SAW_LO, FAMISTUDIO_VRC6_SAW_VOL, 0
0A306                           .endif
0A306                           
0A306                           .if FAMISTUDIO_EXP_MMC5
0A306                           @update_mmc5_sound:
0A306                               famistudio_update_channel_sound FAMISTUDIO_MMC5_CH0_IDX, FAMISTUDIO_MMC5_CH0_ENVS, famistudio_mmc5_pulse1_prev, FAMISTUDIO_MMC5_PL1_HI, FAMISTUDIO_MMC5_PL1_LO, FAMISTUDIO_MMC5_PL1_VOL, 0
0A306                               famistudio_update_channel_sound FAMISTUDIO_MMC5_CH1_IDX, FAMISTUDIO_MMC5_CH1_ENVS, famistudio_mmc5_pulse2_prev, FAMISTUDIO_MMC5_PL2_HI, FAMISTUDIO_MMC5_PL2_LO, FAMISTUDIO_MMC5_PL2_VOL, 0
0A306                           .endif
0A306                           
0A306                           .if FAMISTUDIO_EXP_FDS
0A306                           @update_fds_sound:
0A306                               jsr famistudio_update_fds_channel_sound
0A306                           .endif
0A306                           
0A306                           .if FAMISTUDIO_EXP_VRC7
0A306                           @update_vrc7_sound:
0A306                               ldy #0
0A306                               @vrc7_channel_loop:
0A306                                   jsr famistudio_update_vrc7_channel_sound
0A306                                   iny
0A306                                   cpy #6
0A306                                   bne @vrc7_channel_loop
0A306                           .endif
0A306                           
0A306                           .if FAMISTUDIO_EXP_N163
0A306                           @update_n163_sound:
0A306                               ldy #0
0A306                               @n163_channel_loop:
0A306                                   jsr famistudio_update_n163_channel_sound
0A306                                   iny
0A306                                   cpy #FAMISTUDIO_EXP_N163_CHN_CNT
0A306                                   bne @n163_channel_loop
0A306                           .endif
0A306                           
0A306                           .if FAMISTUDIO_EXP_S5B
0A306                           @update_s5b_sound:
0A306                               ldy #0
0A306                               @s5b_channel_loop:
0A306                                   jsr famistudio_update_s5b_channel_sound
0A306                                   iny
0A306                                   cpy #3
0A306                                   bne @s5b_channel_loop
0A306                           .endif
0A306                           
0A306                           .if FAMISTUDIO_EXP_EPSM
0A306                           @update_epsm_sound:
0A306                           .if FAMISTUDIO_EXP_EPSM_SSG_CHN_CNT > 0
0A306                               ldy #0
0A306                               @epsm_square_channel_loop:
0A306                                   jsr famistudio_update_epsm_square_channel_sound
0A306                                   iny
0A306                                   cpy #FAMISTUDIO_EXP_EPSM_SSG_CHN_CNT
0A306                                   bne @epsm_square_channel_loop
0A306                           .endif
0A306                           .if FAMISTUDIO_EXP_EPSM_FM_CHN_CNT > 0
0A306                               ldy #FAMISTUDIO_EXP_EPSM_FM_CHN_CNT - 1
0A306                               @epsm_fm_channel_loop:
0A306                                   jsr famistudio_update_epsm_fm_channel_sound
0A306                                   dey
0A306                                   bpl @epsm_fm_channel_loop
0A306                           .endif
0A306                           .if FAMISTUDIO_EXP_EPSM_RHYTHM_CNT > 0
0A306                           @loop_cnt = famistudio_r2
0A306                               lda #5
0A306                               sta @loop_cnt
0A306                               @epsm_rhythm_channel_loop:
0A306                                   ldx @loop_cnt
0A306                                   ldy famistudio_rhythm_lut,x
0A306                                   bmi @skip_epsm_rhythm_update ; if the value we load is $ff then 
0A306                                   jsr famistudio_update_epsm_rhythm_channel_sound
0A306                               @skip_epsm_rhythm_update:
0A306                                   dec @loop_cnt
0A306                                   bpl @epsm_rhythm_channel_loop
0A306                           .endif
0A306                           .endif
0A306                           
0A306                           .if FAMISTUDIO_USE_PHASE_RESET
0A306                               jsr famistudio_process_phase_resets
0A306                           .endif
0A306                           
0A306                           @update_sound_done:
0A306                           .if FAMISTUDIO_USE_FAMITRACKER_TEMPO
0A306                               lda famistudio_song_speed
0A306                               bmi @skip_famitracker_tempo_update ; bit 7 = paused
0A306                                   clc  ; Update frame counter that considers speed, tempo, and PAL/NTSC
0A306                                   lda famistudio_tempo_acc_lo
0A306                                   adc famistudio_tempo_step_lo
0A306                                   sta famistudio_tempo_acc_lo
0A306                                   lda famistudio_tempo_acc_hi
0A306                                   adc famistudio_tempo_step_hi
0A306                                   sta famistudio_tempo_acc_hi
0A306                               @skip_famitracker_tempo_update:
0A306                           .else
0A306                               ; See if we need to run a double frame (playing NTSC song on PAL)
0A306 C6 5D                         dec famistudio_tempo_frame_cnt
0A308 F0 03                         beq @skip_frame
0A30A 4C 9F A1                      jmp @advance_song
0A30D                           .endif
0A30D                           
0A30D                           @skip_frame:
0A30D                           
0A30D                           ;----------------------------------------------------------------------------------------------------------------------
0A30D                           .if FAMISTUDIO_CFG_SFX_SUPPORT
0A30D                           
0A30D                               ; Process all sound effect streams
0A30D                               .if FAMISTUDIO_CFG_SFX_STREAMS > 0
0A30D A2 00                         ldx #FAMISTUDIO_SFX_CH0
0A30F 20 7F A5                      jsr famistudio_sfx_update
0A312                               .endif
0A312                               .if FAMISTUDIO_CFG_SFX_STREAMS > 1
0A312                               ldx #FAMISTUDIO_SFX_CH1
0A312                               jsr famistudio_sfx_update
0A312                               .endif
0A312                               .if FAMISTUDIO_CFG_SFX_STREAMS > 2
0A312                               ldx #FAMISTUDIO_SFX_CH2
0A312                               jsr famistudio_sfx_update
0A312                               .endif
0A312                               .if FAMISTUDIO_CFG_SFX_STREAMS > 3
0A312                               ldx #FAMISTUDIO_SFX_CH3
0A312                               jsr famistudio_sfx_update
0A312                               .endif
0A312                           
0A312                               ; Send data from the output buffer to the APU
0A312                           
0A312 A5 4C                         lda famistudio_output_buf      ; Pulse 1 volume
0A314 8D 00 40                      sta FAMISTUDIO_APU_PL1_VOL
0A317 A5 4D                         lda famistudio_output_buf+1    ; Pulse 1 period LSB
0A319 8D 02 40                      sta FAMISTUDIO_APU_PL1_LO
0A31C A5 4E                         lda famistudio_output_buf+2    ; Pulse 1 period MSB, only applied when changed
0A31E                           
0A31E                               .if FAMISTUDIO_CFG_SMOOTH_VIBRATO
0A31E                                   famistudio_smooth_vibrato famistudio_output_buf+1, famistudio_pulse1_prev, FAMISTUDIO_APU_PL1_HI, FAMISTUDIO_APU_PL1_LO, FAMISTUDIO_APU_PL1_SWEEP
0A31E                               .else
0A31E CD 6E 04                          cmp famistudio_pulse1_prev
0A321 F0 06                             beq @no_pulse1_upd
0A323 8D 6E 04                          sta famistudio_pulse1_prev
0A326 8D 03 40                          sta FAMISTUDIO_APU_PL1_HI
0A329                               .endif        
0A329                           
0A329                           @no_pulse1_upd:
0A329 A5 4F                         lda famistudio_output_buf+3    ; Pulse 2 volume
0A32B 8D 04 40                      sta FAMISTUDIO_APU_PL2_VOL
0A32E A5 50                         lda famistudio_output_buf+4    ; Pulse 2 period LSB
0A330 8D 06 40                      sta FAMISTUDIO_APU_PL2_LO
0A333 A5 51                         lda famistudio_output_buf+5    ; Pulse 2 period MSB, only applied when changed
0A335                           
0A335                               .if FAMISTUDIO_CFG_SMOOTH_VIBRATO
0A335                                   famistudio_smooth_vibrato famistudio_output_buf+4, famistudio_pulse2_prev, FAMISTUDIO_APU_PL2_HI, FAMISTUDIO_APU_PL2_LO, FAMISTUDIO_APU_PL2_SWEEP
0A335                               .else
0A335 CD 6F 04                          cmp famistudio_pulse2_prev
0A338 F0 06                             beq @no_pulse2_upd
0A33A 8D 6F 04                          sta famistudio_pulse2_prev
0A33D 8D 07 40                          sta FAMISTUDIO_APU_PL2_HI
0A340                               .endif
0A340                           
0A340                           @no_pulse2_upd:
0A340 A5 52                         lda famistudio_output_buf+6    ; Triangle volume (plays or not)
0A342 8D 08 40                      sta FAMISTUDIO_APU_TRI_LINEAR
0A345 A5 53                         lda famistudio_output_buf+7    ; Triangle period LSB
0A347 8D 0A 40                      sta FAMISTUDIO_APU_TRI_LO
0A34A A5 54                         lda famistudio_output_buf+8    ; Triangle period MSB
0A34C 8D 0B 40                      sta FAMISTUDIO_APU_TRI_HI
0A34F                           
0A34F A5 55                         lda famistudio_output_buf+9    ; Noise volume
0A351 8D 0C 40                      sta FAMISTUDIO_APU_NOISE_VOL
0A354 A5 56                         lda famistudio_output_buf+10   ; Noise period
0A356 8D 0E 40                      sta FAMISTUDIO_APU_NOISE_LO
0A359                           
0A359                           .endif
0A359                           
0A359                           .if FAMISTUDIO_CFG_THREAD
0A359                               pla
0A359                               sta famistudio_ptr0_hi
0A359                               pla
0A359                               sta famistudio_ptr0_lo
0A359                           .endif
0A359                           
0A359 60                            rts
0A35A                           
0A35A                           ;======================================================================================================================
0A35A                           ; FAMISTUDIO_DO_NOTE_ATTACK + EXP VARIANTS (internal)
0A35A                           ;
0A35A                           ; Internal function to reset all the envelopes of a channnel (note attack).
0A35A                           ;
0A35A                           ; [in] x/r0 : channel index
0A35A                           ;======================================================================================================================
0A35A                           
0A35A                           .if FAMISTUDIO_EXP_VRC7
0A35A                           
0A35A                           famistudio_do_vrc7_note_attack:
0A35A                           
0A35A                               chan_idx = famistudio_r0
0A35A                           
0A35A                               ; Set trigger flag for VRC7
0A35A                               lda #1
0A35A                               ldx chan_idx
0A35A                               sta famistudio_chn_vrc7_trigger-FAMISTUDIO_VRC7_CH0_IDX,x 
0A35A                               rts
0A35A                           
0A35A                           .endif
0A35A                           
0A35A                           .if FAMISTUDIO_EXP_EPSM
0A35A                           
0A35A                           famistudio_do_epsm_note_attack:
0A35A                               
0A35A                               chan_idx = famistudio_r0
0A35A                               tmp_y    = famistudio_r1
0A35A                           
0A35A                           .if FAMISTUDIO_EXP_EPSM_FM_CHN_CNT+FAMISTUDIO_EXP_EPSM_RHYTHM_CNT > 0
0A35A                               sty tmp_y
0A35A                               ldy chan_idx
0A35A                               cpy #FAMISTUDIO_EPSM_CHAN_FM_START
0A35A                               bcs @fm_or_rhythm_channel
0A35A                           .endif
0A35A                           
0A35A                           .if FAMISTUDIO_EXP_EPSM_SSG_CHN_CNT > 0
0A35A                           @square_channel:
0A35A                           
0A35A                               ; Reset mixer/noise envelopes.
0A35A                               ldx famistudio_channel_env,y
0A35A                               lda #0
0A35A                               sta famistudio_env_repeat+FAMISTUDIO_ENV_MIXER_IDX_OFF,x
0A35A                               sta famistudio_env_ptr+FAMISTUDIO_ENV_MIXER_IDX_OFF,x
0A35A                               sta famistudio_env_value+FAMISTUDIO_ENV_MIXER_IDX_OFF,x
0A35A                               sta famistudio_env_repeat+FAMISTUDIO_ENV_NOISE_IDX_OFF,x
0A35A                               sta famistudio_env_ptr+FAMISTUDIO_ENV_NOISE_IDX_OFF,x
0A35A                               sta famistudio_env_value+FAMISTUDIO_ENV_NOISE_IDX_OFF,x
0A35A                           
0A35A                               ; Set hi-bit of envelope shape to remember to reset it.
0A35A                               lda #$80
0A35A                               ldx chan_idx
0A35A                               ora famistudio_epsm_chn_env_shape-FAMISTUDIO_EPSM_CH0_IDX,x
0A35A                               sta famistudio_epsm_chn_env_shape-FAMISTUDIO_EPSM_CH0_IDX,x
0A35A                           
0A35A                               beq @done
0A35A                           .endif
0A35A                           
0A35A                           .if FAMISTUDIO_EXP_EPSM_FM_CHN_CNT+FAMISTUDIO_EXP_EPSM_RHYTHM_CNT > 0
0A35A                           @fm_or_rhythm_channel:
0A35A                           
0A35A                               ; Set trigger flag for FM/rhythm. For rhythm we'll actually write 
0A35A                               ; out of bounds here, but the rhtyhm key array is immediately after.
0A35A                               lda #1
0A35A                               sta famistudio_chn_epsm_trigger-FAMISTUDIO_EPSM_CHAN_FM_START,y
0A35A                           .endif
0A35A                           
0A35A                           @done:
0A35A                               ldx chan_idx
0A35A                               ldy tmp_y
0A35A                               rts
0A35A                           
0A35A                           .endif
0A35A                           
0A35A                           .if FAMISTUDIO_EXP_N163
0A35A                           
0A35A                           famistudio_do_n163_note_attack:
0A35A                           
0A35A                               chan_idx = famistudio_r0
0A35A                               tmp_y    = famistudio_r1
0A35A                           
0A35A                               ; Reset wave envelope.
0A35A                               sty tmp_y
0A35A                               ldy chan_idx
0A35A                               ldx famistudio_channel_env,y
0A35A                               lda #0
0A35A                               sta famistudio_env_repeat+FAMISTUDIO_ENV_N163_WAVE_IDX_OFF,x
0A35A                               lda #1 ; Index 0 is release point, so envelope starts at 1.
0A35A                               sta famistudio_env_ptr+FAMISTUDIO_ENV_N163_WAVE_IDX_OFF,x
0A35A                           
0A35A                               ; Clear wave index to -1 to force reload.
0A35A                               ldx chan_idx
0A35A                               lda #$ff
0A35A                               sta famistudio_chn_n163_wave_index-FAMISTUDIO_N163_CH0_IDX, x
0A35A                               ldy tmp_y
0A35A                               rts
0A35A                           
0A35A                           .endif
0A35A                           
0A35A                           .if FAMISTUDIO_EXP_S5B
0A35A                           
0A35A                           famistudio_do_s5b_note_attack:
0A35A                           
0A35A                               chan_idx = famistudio_r0
0A35A                               tmp_y    = famistudio_r1
0A35A                           
0A35A                               ; Reset mixer/noise envelopes.
0A35A                               sty tmp_y
0A35A                               ldy chan_idx
0A35A                               ldx famistudio_channel_env,y
0A35A                               lda #0
0A35A                               sta famistudio_env_repeat+FAMISTUDIO_ENV_MIXER_IDX_OFF,x
0A35A                               sta famistudio_env_ptr+FAMISTUDIO_ENV_MIXER_IDX_OFF,x
0A35A                               sta famistudio_env_value+FAMISTUDIO_ENV_MIXER_IDX_OFF,x
0A35A                               sta famistudio_env_repeat+FAMISTUDIO_ENV_NOISE_IDX_OFF,x
0A35A                               sta famistudio_env_ptr+FAMISTUDIO_ENV_NOISE_IDX_OFF,x
0A35A                               sta famistudio_env_value+FAMISTUDIO_ENV_NOISE_IDX_OFF,x
0A35A                               ldx chan_idx
0A35A                               ldy tmp_y
0A35A                           
0A35A                               ; Set hi-bit of envelope shape to remember to reset it.
0A35A                               lda #$80
0A35A                               ora famistudio_s5b_chn_env_shape-FAMISTUDIO_S5B_CH0_IDX,x
0A35A                               sta famistudio_s5b_chn_env_shape-FAMISTUDIO_S5B_CH0_IDX,x
0A35A                               rts
0A35A                           
0A35A                           .endif
0A35A                           
0A35A                           .if FAMISTUDIO_EXP_FDS
0A35A                           
0A35A                           famistudio_do_fds_note_attack:
0A35A                           
0A35A                               chan_idx = famistudio_r0
0A35A                               tmp_y    = famistudio_r1
0A35A                           
0A35A                               ; TODO : We used to set the modulation value here, but that's bad.
0A35A                               ; https://www.nesdev.org/wiki/FDS_audio#Mod_frequency_high_($4087)
0A35A                               ; lda #$80
0A35A                               ; sta FAMISTUDIO_FDS_MOD_HI
0A35A                               ; lda #0
0A35A                               ; sta FAMISTUDIO_FDS_SWEEP_BIAS
0A35A                           
0A35A                               lda famistudio_fds_mod_delay
0A35A                               sta famistudio_fds_mod_delay_counter
0A35A                           
0A35A                               sty tmp_y
0A35A                               ldy chan_idx
0A35A                               ldx famistudio_channel_env,y
0A35A                               lda #0
0A35A                               sta famistudio_env_repeat+FAMISTUDIO_ENV_FDS_WAVE_IDX_OFF,x
0A35A                               lda #1 ; Index 0 is release point, so envelope starts at 1.
0A35A                               sta famistudio_env_ptr+FAMISTUDIO_ENV_FDS_WAVE_IDX_OFF,x
0A35A                           
0A35A                               ; Clear wave index to -1 to force reload.
0A35A                               ldx chan_idx
0A35A                               lda #$ff
0A35A                               sta famistudio_fds_wave_index
0A35A                               ldy tmp_y
0A35A                               rts
0A35A                           
0A35A                           .endif
0A35A                           
0A35A                           famistudio_do_note_attack:
0A35A                           
0A35A                               chan_idx = famistudio_r0
0A35A                               tmp_x    = famistudio_r2
0A35A                           
0A35A                           .if FAMISTUDIO_CFG_EQUALIZER 
0A35A                               lda #9
0A35A                               sta famistudio_chn_note_counter,x
0A35A                           .endif
0A35A                           .if FAMISTUDIO_EXP_EPSM_RHYTHM_CNT > 0
0A35A                               lda chan_idx
0A35A                               cmp #FAMISTUDIO_EPSM_CHAN_RHYTHM_START
0A35A                               bcs @epsm_instrument
0A35A                           .endif
0A35A BD 0C A7                      lda famistudio_channel_env,x
0A35D AA                            tax
0A35E                           
0A35E                               ; Volume envelope.
0A35E A9 01                         lda #1
0A360 9D 35 04                      sta famistudio_env_ptr,x ; Reset volume envelope pointer to 1 (volume have releases point in index 0)
0A363 A9 00                         lda #0
0A365 9D 0B 04                      sta famistudio_env_repeat,x
0A368                           
0A368                               ; Arpeggio envelope
0A368 9D 0C 04                      sta famistudio_env_repeat+FAMISTUDIO_ENV_NOTE_OFF,x
0A36B 9D 36 04                      sta famistudio_env_ptr+FAMISTUDIO_ENV_NOTE_OFF,x
0A36E                           
0A36E                               ; Duty envelope (optional)
0A36E A5 28                         lda chan_idx
0A370 C9 02                         cmp #2 ; Triangle has no duty.
0A372 F0 0B                         beq @no_duty
0A374                           .if FAMISTUDIO_EXP_VRC7 || FAMISTUDIO_EXP_S5B || FAMISTUDIO_EXP_FDS || FAMISTUDIO_EXP_N163 || FAMISTUDIO_EXP_EPSM
0A374                               cmp #5
0A374                               bcs @no_duty
0A374                           .endif
0A374                           @duty:
0A374 A9 00                         lda #0
0A376 9D 0D 04                      sta famistudio_env_repeat+FAMISTUDIO_ENV_DUTY_OFF,x
0A379 9D 37 04                      sta famistudio_env_ptr+FAMISTUDIO_ENV_DUTY_OFF,x
0A37C                               .if FAMISTUDIO_USE_DUTYCYCLE_EFFECT
0A37C                                   stx tmp_x
0A37C                                   ldx chan_idx
0A37C                                   lda famistudio_channel_to_dutycycle,x 
0A37C                                   tax
0A37C                                   lda famistudio_duty_cycle,x
0A37C                                   ldx tmp_x
0A37C                               .endif
0A37C 9D 02 04                      sta famistudio_env_value+FAMISTUDIO_ENV_DUTY_OFF,x
0A37F                           
0A37F                           @no_duty:
0A37F                               ; Pitch envelope
0A37F A6 28                         ldx chan_idx
0A381 BD 11 A7                      lda famistudio_channel_to_pitch_env, x
0A384 30 0F                         bmi @no_pitch
0A386 AA                            tax
0A387                           
0A387                           @reset_pitch_env:
0A387 A9 00                         lda #0
0A389 9D 2C 04                      sta famistudio_pitch_env_value_lo,x
0A38C 9D 2F 04                      sta famistudio_pitch_env_value_hi,x
0A38F 95 3C                         sta famistudio_pitch_env_repeat,x
0A391 A9 01                         lda #1
0A393 95 57                         sta famistudio_pitch_env_ptr,x     ; Reset pitch envelope pointer to 1 (pitch envelope have relative/absolute flag in the first byte) 
0A395                           
0A395                           @no_pitch:
0A395                           
0A395                           .if FAMISTUDIO_EXP_VRC7 || FAMISTUDIO_EXP_N163 || FAMISTUDIO_EXP_EPSM || FAMISTUDIO_EXP_S5B || FAMISTUDIO_EXP_FDS
0A395                               lda chan_idx
0A395                               cmp #5
0A395                               bcc @done
0A395                               @vrc7_instrument:
0A395                               .if FAMISTUDIO_EXP_VRC7
0A395                                   jmp famistudio_do_vrc7_note_attack
0A395                               .endif
0A395                               @n163_instrument:
0A395                               .if FAMISTUDIO_EXP_N163
0A395                                   jmp famistudio_do_n163_note_attack
0A395                               .endif
0A395                               @s5b_instrument:
0A395                               .if FAMISTUDIO_EXP_S5B
0A395                                   jmp famistudio_do_s5b_note_attack
0A395                               .endif
0A395                               @fds_instrument:
0A395                               .if FAMISTUDIO_EXP_FDS
0A395                                   jmp famistudio_do_fds_note_attack
0A395                               .endif
0A395                               @epsm_instrument:
0A395                               .if FAMISTUDIO_EXP_EPSM
0A395                                   jmp famistudio_do_epsm_note_attack
0A395                               .endif
0A395                           .endif
0A395                           
0A395                           @done:
0A395 A6 28                         ldx chan_idx
0A397 60                            rts
0A398                               
0A398                           ;======================================================================================================================
0A398                           ; FAMISTUDIO_LOAD_BASIC_ENVELOPES (internal)
0A398                           ;
0A398                           ; Internal function to load the most common envelopes (volume, arp, duty (optional) and pitch) for an instrument.
0A398                           ;
0A398                           ; [in] x:      first envelope index.
0A398                           ; [in] r0:     instrument index.
0A398                           ; [in] ptr1/y: point to instrument data to load.
0A398                           ;======================================================================================================================
0A398                           
0A398                           famistudio_load_basic_envelopes:
0A398                           
0A398                               instrument_ptr = famistudio_ptr1
0A398                               chan_idx      = famistudio_r0
0A398                               tmp_x         = famistudio_r3
0A398                           
0A398                               ; Volume envelope
0A398 B1 30                         lda (instrument_ptr),y
0A39A 9D 16 04                      sta famistudio_env_addr_lo,x
0A39D C8                            iny
0A39E B1 30                         lda (instrument_ptr),y
0A3A0 C8                            iny
0A3A1 9D 21 04                      sta famistudio_env_addr_hi,x
0A3A4 E8                            inx
0A3A5                           
0A3A5                               ; Arpeggio envelope
0A3A5                           .if FAMISTUDIO_USE_ARPEGGIO
0A3A5                               stx tmp_x
0A3A5                               ldx chan_idx
0A3A5                               lda famistudio_chn_env_override,x ; Check if its overriden by arpeggio.
0A3A5                               lsr
0A3A5                               ldx tmp_x
0A3A5                               bcc @arpeggio_envelope 
0A3A5                               iny ; Instrument arpeggio is overriden by arpeggio, dont touch!
0A3A5                               jmp @duty_envelope
0A3A5                           .endif
0A3A5                           
0A3A5                           @arpeggio_envelope:    
0A3A5 B1 30                         lda (instrument_ptr),y
0A3A7 9D 16 04                      sta famistudio_env_addr_lo,x
0A3AA C8                            iny
0A3AB B1 30                         lda (instrument_ptr),y
0A3AD 9D 21 04                      sta famistudio_env_addr_hi,x
0A3B0                           
0A3B0                           @duty_envelope:
0A3B0                               ; Duty cycle envelope
0A3B0 A5 28                         lda chan_idx
0A3B2 C9 02                         cmp #2 ; Triangle has no duty.
0A3B4 F0 10                         beq @no_duty
0A3B6                           .if FAMISTUDIO_EXP_VRC7 || FAMISTUDIO_EXP_S5B || FAMISTUDIO_EXP_FDS || FAMISTUDIO_EXP_N163 || FAMISTUDIO_EXP_EPSM
0A3B6                               cmp #5
0A3B6                               bcs @pitch_envelope
0A3B6                           .endif
0A3B6                               @duty:
0A3B6 E8                                inx
0A3B7 C8                                iny
0A3B8 B1 30                             lda (instrument_ptr),y
0A3BA 9D 16 04                          sta famistudio_env_addr_lo,x
0A3BD C8                                iny
0A3BE B1 30                             lda (instrument_ptr),y
0A3C0 9D 21 04                          sta famistudio_env_addr_hi,x
0A3C3 4C C8 A3                          jmp @pitch_envelope        
0A3C6                               @no_duty:
0A3C6 C8                                iny
0A3C7 C8                                iny
0A3C8                           
0A3C8                           @pitch_envelope:
0A3C8                               ; Pitch envelopes.
0A3C8                           .if !FAMISTUDIO_EXP_NONE
0A3C8                               stx tmp_x 
0A3C8                           .endif
0A3C8 A6 28                         ldx chan_idx
0A3CA                           .if FAMISTUDIO_USE_VIBRATO 
0A3CA                               lda famistudio_chn_env_override,x 
0A3CA                               asl ; Bit-7 tells us if the pitch env is overriden, temporarely store in carry.
0A3CA                           .endif    
0A3CA BD 11 A7                      lda famistudio_channel_to_pitch_env, x
0A3CD 30 0B                         bmi @done
0A3CF AA                            tax
0A3D0                           .if FAMISTUDIO_USE_VIBRATO 
0A3D0                               ror ; Bring back our bit-7 from above.
0A3D0                               bpl @no_vibrato ; In bit 7 is set, instrument pitch is overriden by vibrato, dont touch pitch envelope!
0A3D0                               iny
0A3D0                               iny
0A3D0                               bne @done
0A3D0                               @no_vibrato:
0A3D0                           .endif    
0A3D0 C8                            iny
0A3D1 B1 30                         lda (instrument_ptr),y
0A3D3 95 3F                         sta famistudio_pitch_env_addr_lo,x
0A3D5 C8                            iny
0A3D6 B1 30                         lda (instrument_ptr),y
0A3D8 95 47                         sta famistudio_pitch_env_addr_hi,x
0A3DA                           @done:
0A3DA                           .if !FAMISTUDIO_EXP_NONE
0A3DA                               ; For expansion, preserve X (envelope index) and Y (pointer in instrument data)
0A3DA                               ; as they may want to load more after.
0A3DA                               ldx tmp_x
0A3DA                               inx
0A3DA                               iny
0A3DA                           .endif
0A3DA 60                            rts
0A3DB                               
0A3DB                           ;======================================================================================================================
0A3DB                           ; FAMISTUDIO_SET_INSTRUMENT (internal)
0A3DB                           ;
0A3DB                           ; Internal function to set an instrument for a given channel. Will initialize all instrument envelopes.
0A3DB                           ;
0A3DB                           ; [in] x/r0: channel index
0A3DB                           ; [in] a:    instrument index.
0A3DB                           ;======================================================================================================================
0A3DB                           
0A3DB                           famistudio_set_instrument:
0A3DB                           
0A3DB                               instrument_ptr = famistudio_ptr1
0A3DB                               chan_idx      = famistudio_r0
0A3DB                           
0A3DB                               ; Pre-multiply by 4 if not using extended range, faster pointer arithmetic.
0A3DB                               .if !FAMISTUDIO_USE_INSTRUMENT_EXTENDED_RANGE
0A3DB 0A                            asl a
0A3DC 0A                            asl a
0A3DD                               .endif
0A3DD                           
0A3DD A4 28                         ldy chan_idx
0A3DF BE 0C A7                      ldx famistudio_channel_env,y
0A3E2                           
0A3E2                           .if FAMISTUDIO_EXP_FDS || FAMISTUDIO_EXP_VRC7 || FAMISTUDIO_EXP_N163 || FAMISTUDIO_EXP_EPSM || FAMISTUDIO_EXP_S5B
0A3E2                               cpy #5
0A3E2                               bcc @base_instrument
0A3E2                               .if FAMISTUDIO_EXP_FDS
0A3E2                               @fds_instrument:
0A3E2                                   jmp famistudio_set_fds_instrument
0A3E2                               .endif
0A3E2                               .if FAMISTUDIO_EXP_VRC7
0A3E2                               @vrc7_instrument:
0A3E2                                   jmp famistudio_set_vrc7_instrument
0A3E2                               .endif
0A3E2                               .if FAMISTUDIO_EXP_N163
0A3E2                               @n163_instrument:
0A3E2                                   jmp famistudio_set_n163_instrument
0A3E2                               .endif
0A3E2                               .if FAMISTUDIO_EXP_S5B
0A3E2                               @s5b_instrument:
0A3E2                                   jmp famistudio_set_s5b_instrument
0A3E2                               .endif
0A3E2                               .if FAMISTUDIO_EXP_EPSM
0A3E2                               @epsm_instrument:
0A3E2                                   jmp famistudio_set_epsm_instrument
0A3E2                               .endif
0A3E2                           .endif
0A3E2                           
0A3E2                           @base_instrument:
0A3E2                           
0A3E2                               .if !FAMISTUDIO_USE_INSTRUMENT_EXTENDED_RANGE
0A3E2 0A                                asl ; Instrument number is pre multiplied by 4
0A3E3 A8                                tay
0A3E4 AD 6D 04                          lda famistudio_instrument_hi
0A3E7 69 00                             adc #0 ; Use carry to extend range for 64 instruments
0A3E9 85 31                             sta instrument_ptr+1
0A3EB AD 6C 04                          lda famistudio_instrument_lo
0A3EE 85 30                             sta instrument_ptr+0
0A3F0                               .else
0A3F0                                   ; Multiply by instrument stride of 8.
0A3F0                                   ldy #0
0A3F0                                   sty instrument_ptr+1
0A3F0                                   asl
0A3F0                                   rol instrument_ptr+1 
0A3F0                                   asl
0A3F0                                   rol instrument_ptr+1 
0A3F0                                   asl
0A3F0                                   rol instrument_ptr+1 
0A3F0                                   clc
0A3F0                                   adc famistudio_instrument_lo
0A3F0                                   sta instrument_ptr+0
0A3F0                                   lda instrument_ptr+1
0A3F0                                   adc famistudio_instrument_hi
0A3F0                                   sta instrument_ptr+1
0A3F0                               .endif
0A3F0                           
0A3F0 4C 98 A3                      jmp famistudio_load_basic_envelopes ; Will 'rts'
0A3F3                           
0A3F3                           .if FAMISTUDIO_EXP_FDS || FAMISTUDIO_EXP_N163 || FAMISTUDIO_EXP_VRC7 || FAMISTUDIO_EXP_EPSM || FAMISTUDIO_EXP_S5B
0A3F3                           
0A3F3                           ;======================================================================================================================
0A3F3                           ; FAMISTUDIO_GET_EXP_INST_PTR (internal)
0A3F3                           ;
0A3F3                           ; Retrives the expansion instrument pointer for a given index.
0A3F3                           ;
0A3F3                           ; [in]  a:      instrument index.
0A3F3                           ; [out] ptr1/y: the instrument pointer + offset
0A3F3                           ;======================================================================================================================
0A3F3                           
0A3F3                           famistudio_get_exp_inst_ptr:
0A3F3                           
0A3F3                               instrument_ptr = famistudio_ptr1
0A3F3                           
0A3F3                            .if !FAMISTUDIO_USE_INSTRUMENT_EXTENDED_RANGE
0A3F3                               asl ; Instrument number is pre multiplied by 4
0A3F3                               asl
0A3F3                               tay
0A3F3                               lda famistudio_exp_instrument_hi
0A3F3                               adc #0  ; Use carry to extend range for 32 expansion instruments
0A3F3                               sta instrument_ptr+1
0A3F3                               lda famistudio_exp_instrument_lo
0A3F3                               sta instrument_ptr+0
0A3F3                           .else
0A3F3                               ; Multiply by expansion instrument stride of 16.
0A3F3                               ldy #0
0A3F3                               sty instrument_ptr+1
0A3F3                               asl
0A3F3                               rol instrument_ptr+1 
0A3F3                               asl
0A3F3                               rol instrument_ptr+1 
0A3F3                               asl
0A3F3                               rol instrument_ptr+1 
0A3F3                               asl
0A3F3                               rol instrument_ptr+1 
0A3F3                               clc
0A3F3                               adc famistudio_exp_instrument_lo
0A3F3                               sta instrument_ptr+0
0A3F3                               lda instrument_ptr+1
0A3F3                               adc famistudio_exp_instrument_hi
0A3F3                               sta instrument_ptr+1
0A3F3                           .endif   
0A3F3                           
0A3F3                               rts
0A3F3                           
0A3F3                           .endif
0A3F3                           
0A3F3                           .if FAMISTUDIO_EXP_FDS || FAMISTUDIO_EXP_VRC7 || FAMISTUDIO_EXP_EPSM
0A3F3                           
0A3F3                           .macro skip_exp_basic_envelopes
0A3F3                           .if FAMISTUDIO_USE_INSTRUMENT_EXTENDED_RANGE
0A3F3                               ldy #6
0A3F3                           .else
0A3F3                               iny
0A3F3                               iny
0A3F3                               iny
0A3F3                               iny
0A3F3                               iny
0A3F3                               iny
0A3F3                           .endif
0A3F3                           .endm
0A3F3                           
0A3F3                           .endif
0A3F3                           
0A3F3                           .if FAMISTUDIO_EXP_VRC7
0A3F3                           
0A3F3                           ;======================================================================================================================
0A3F3                           ; FAMISTUDIO_SET_VRC7_INSTRUMENT (internal)
0A3F3                           ;
0A3F3                           ; Internal function to set a VRC7 instrument for a given channel. Will load custom patch if needed.
0A3F3                           ;
0A3F3                           ; [in] y/r0: channel index
0A3F3                           ; [in] x:    index of first envelope of instrument
0A3F3                           ; [in] a:    instrument index.
0A3F3                           ;======================================================================================================================
0A3F3                           
0A3F3                           famistudio_set_vrc7_instrument:
0A3F3                           
0A3F3                               ptr          = famistudio_ptr1
0A3F3                               chan_idx     = famistudio_r0
0A3F3                               update_flags = famistudio_r1 ; bit 7 = no attack, bit 6 = has set delayed cut
0A3F3                               
0A3F3                               jsr famistudio_get_exp_inst_ptr
0A3F3                               bit update_flags
0A3F3                               bpl @load_envelopes
0A3F3                           
0A3F3                               @skip_envelopes:
0A3F3                                   skip_exp_basic_envelopes
0A3F3                                   jmp @load_patch
0A3F3                               @load_envelopes:
0A3F3                                   jsr famistudio_load_basic_envelopes
0A3F3                           
0A3F3                               @load_patch:
0A3F3                               ldx chan_idx
0A3F3                               lda (ptr),y
0A3F3                               sta famistudio_chn_vrc7_sustain ; Release override.
0A3F3                               iny
0A3F3                               lda (ptr),y
0A3F3                               sta famistudio_chn_vrc7_patch-FAMISTUDIO_VRC7_CH0_IDX,x
0A3F3                               bne @done
0A3F3                           
0A3F3                               @read_custom_patch:
0A3F3                               ldx #0
0A3F3                               iny
0A3F3                               @read_patch_loop:
0A3F3                                   stx FAMISTUDIO_VRC7_REG_SEL
0A3F3                                   jsr famistudio_vrc7_wait_reg_select
0A3F3                                   lda (ptr),y
0A3F3                                   iny
0A3F3                                   sta FAMISTUDIO_VRC7_REG_WRITE
0A3F3                                   jsr famistudio_vrc7_wait_reg_write
0A3F3                                   inx
0A3F3                                   cpx #8
0A3F3                                   bne @read_patch_loop
0A3F3                           
0A3F3                               @done:
0A3F3                               rts
0A3F3                           
0A3F3                           .endif
0A3F3                           
0A3F3                           .if FAMISTUDIO_EXP_S5B
0A3F3                               
0A3F3                           ;======================================================================================================================
0A3F3                           ; FAMISTUDIO_SET_S5B_INSTRUMENT (internal)
0A3F3                           ;
0A3F3                           ; Internal function to set a S5B instrument. 
0A3F3                           ;
0A3F3                           ; [in] y/r0: channel index
0A3F3                           ; [in] x:    index of first envelope of instrument
0A3F3                           ; [in] a:    instrument index.
0A3F3                           ;======================================================================================================================
0A3F3                           
0A3F3                           famistudio_set_s5b_instrument:
0A3F3                           
0A3F3                               chan_idx = famistudio_r0
0A3F3                               ptr      = famistudio_ptr1
0A3F3                           
0A3F3                               jsr famistudio_get_exp_inst_ptr
0A3F3                               jsr famistudio_load_basic_envelopes
0A3F3                           
0A3F3                               @mixer:
0A3F3                               sec
0A3F3                           
0A3F3                               ; After 'famistudio_load_basic_envelopes' x should point to the correct envelope.
0A3F3                               @loop:
0A3F3                                   lda (ptr),y
0A3F3                                   sta famistudio_env_addr_lo,x
0A3F3                                   iny
0A3F3                                   lda (ptr),y
0A3F3                                   sta famistudio_env_addr_hi,x
0A3F3                                   bcc @load_env_params
0A3F3                                   clc
0A3F3                                   inx
0A3F3                                   iny
0A3F3                                   bcc @loop
0A3F3                           
0A3F3                               @load_env_params:
0A3F3                           
0A3F3                               ; Envelope shape + auto-pitch octave
0A3F3                               ldx chan_idx
0A3F3                               iny
0A3F3                               lda (ptr),y
0A3F3                               sta famistudio_s5b_chn_env_shape-FAMISTUDIO_S5B_CH0_IDX,x
0A3F3                               iny
0A3F3                               lda (ptr),y
0A3F3                               sta famistudio_s5b_chn_env_octave-FAMISTUDIO_S5B_CH0_IDX,x
0A3F3                               
0A3F3                               ; Skip if using auto-period
0A3F3                               cmp #$80
0A3F3                               bne @done
0A3F3                           
0A3F3                               ; Skip if effect set manual period this frame.
0A3F3                               lda famistudio_s5b_env_override
0A3F3                               bne @done 
0A3F3                           
0A3F3                               iny
0A3F3                               lda (ptr),y
0A3F3                               sta famistudio_s5b_env_period_lo
0A3F3                               iny
0A3F3                               lda (ptr),y
0A3F3                               sta famistudio_s5b_env_period_hi
0A3F3                           
0A3F3                               @done:
0A3F3                               rts
0A3F3                               
0A3F3                           .endif
0A3F3                           
0A3F3                           .if FAMISTUDIO_EXP_EPSM
0A3F3                           
0A3F3                           ;======================================================================================================================
0A3F3                           ; FAMISTUDIO_SET_EPSM_INSTRUMENT (internal)
0A3F3                           ;
0A3F3                           ; Internal function to set a EPSM instrument. 
0A3F3                           ;
0A3F3                           ; [in] x/r0: channel index
0A3F3                           ; [in] a:    instrument index.
0A3F3                           ;======================================================================================================================
0A3F3                           
0A3F3                           famistudio_set_epsm_instrument:
0A3F3                           
0A3F3                               ptr          = famistudio_ptr1
0A3F3                               env_ptr      = famistudio_ptr2
0A3F3                               ex_patch     = famistudio_ptr2
0A3F3                               chan_idx     = famistudio_r0
0A3F3                               chan_idx2    = famistudio_r0
0A3F3                               update_flags = famistudio_r1 ; bit 7 = no attack, bit 6 = has set delayed cut
0A3F3                               reg_offset   = famistudio_r3
0A3F3                               
0A3F3                           .if FAMISTUDIO_EXP_EPSM_RHYTHM_CNT > 0
0A3F3                               cpy #FAMISTUDIO_EPSM_CHAN_RHYTHM_START
0A3F3                               bcc @process_regular_instrument
0A3F3                                   ; We are processing a rhythm instrument, so skip all the fluff.
0A3F3                                   ; We only need to load the volume of the instrument and store it in the attack.
0A3F3                                   ; load the instrument
0A3F3                                   ;sty chan_idx
0A3F3                               jsr famistudio_get_exp_inst_ptr
0A3F3                                   
0A3F3                                   ; Load the offset for the rhythm track and keep it in x
0A3F3                                   ldx chan_idx
0A3F3                                   lda famistudio_rhythm_lut-FAMISTUDIO_EPSM_CHAN_RHYTHM_START, x
0A3F3                                   tax
0A3F3                           
0A3F3                                   ; Read the first envelope pointer for the volume, we'll use this to get the volume later
0A3F3                               sty reg_offset
0A3F3                                   lda (ptr),y
0A3F3                                   sta env_ptr
0A3F3                                   iny
0A3F3                                   lda (ptr),y
0A3F3                                   sta env_ptr+1
0A3F3                               ; the first value is the release point, so load the second offset which is the volume
0A3F3                               ldy #1
0A3F3                               lda (env_ptr),y
0A3F3                               and #$0F
0A3F3                               sta famistudio_chn_epsm_rhythm_volume,x
0A3F3                               lda reg_offset
0A3F3                               clc
0A3F3                               adc #14 ; skip over envelopes + square stuff.
0A3F3                               tay
0A3F3                               lda (ptr),y
0A3F3                               sta ex_patch
0A3F3                               iny
0A3F3                               lda (ptr),y
0A3F3                               sta ex_patch+1
0A3F3                               ldy #1
0A3F3                               lda (ex_patch),y
0A3F3                               and #$c0
0A3F3                               sta famistudio_chn_epsm_rhythm_stereo,x
0A3F3                           
0A3F3                               rts
0A3F3                           .endif
0A3F3                           @process_regular_instrument:
0A3F3                           .if FAMISTUDIO_EXP_EPSM_FM_CHN_CNT > 0
0A3F3                               cpy #FAMISTUDIO_EPSM_CHAN_FM_START
0A3F3                               bcc @skip_fm_instrument
0A3F3                                   sta famistudio_chn_epsm_fm_instrument-FAMISTUDIO_EPSM_CHAN_FM_START,y
0A3F3                               @skip_fm_instrument:
0A3F3                           .endif
0A3F3                               jsr famistudio_get_exp_inst_ptr
0A3F3                               bit update_flags
0A3F3                               bpl @load_envelopes
0A3F3                           
0A3F3                               ; The exporter will ensure this only happens on FM channels.
0A3F3                               @skip_envelopes:
0A3F3                                   skip_exp_basic_envelopes
0A3F3                                   jmp @check_square_channel
0A3F3                               @load_envelopes:
0A3F3                                   jsr famistudio_load_basic_envelopes
0A3F3                           
0A3F3                               @check_square_channel:
0A3F3                           .if FAMISTUDIO_EXP_EPSM_FM_CHN_CNT > 0
0A3F3                               ; channels 0-2 (square) do not need any further handling since they do not support patches
0A3F3                               lda chan_idx
0A3F3                               cmp #FAMISTUDIO_EPSM_CHAN_FM_START
0A3F3                               bcs @not_square_channel
0A3F3                                   ;lda famistudio_channel_env,x
0A3F3                                   ;tax
0A3F3                           .endif
0A3F3                           .if FAMISTUDIO_EXP_EPSM_SSG_CHN_CNT > 0
0A3F3                                   @noise:
0A3F3                                   sec
0A3F3                           
0A3F3                               @loop:
0A3F3                                   lda (ptr),y
0A3F3                                   sta famistudio_env_addr_lo,x
0A3F3                                   iny
0A3F3                                   lda (ptr),y
0A3F3                                   sta famistudio_env_addr_hi,x
0A3F3                                   bcc @load_env_params
0A3F3                                   clc
0A3F3                                   inx
0A3F3                                   iny
0A3F3                                   bcc @loop
0A3F3                           
0A3F3                               @load_env_params:
0A3F3                           
0A3F3                                   ; Envelope shape + auto-pitch octave
0A3F3                                   ldx chan_idx
0A3F3                                   iny
0A3F3                                   lda (ptr),y
0A3F3                                   sta famistudio_epsm_chn_env_shape-FAMISTUDIO_EPSM_CH0_IDX,x
0A3F3                                   iny
0A3F3                                   lda (ptr),y
0A3F3                                   sta famistudio_epsm_chn_env_octave-FAMISTUDIO_EPSM_CH0_IDX,x
0A3F3                               
0A3F3                                   ; Skip if using auto-period
0A3F3                                   cmp #$80
0A3F3                                   bne @done
0A3F3                           
0A3F3                                   ; Skip if effect set manual period this frame.
0A3F3                                   lda famistudio_epsm_env_override
0A3F3                                   bne @done 
0A3F3                           
0A3F3                                   iny
0A3F3                                   lda (ptr),y
0A3F3                                   sta famistudio_epsm_env_period_lo
0A3F3                                   iny
0A3F3                                   lda (ptr),y
0A3F3                                   sta famistudio_epsm_env_period_hi
0A3F3                           
0A3F3                                   @done:
0A3F3                           
0A3F3                           .endif
0A3F3                                   rts
0A3F3                           
0A3F3                           @not_square_channel:
0A3F3                               rts
0A3F3                           .endif
0A3F3                           
0A3F3                           .if FAMISTUDIO_EXP_FDS
0A3F3                           
0A3F3                           ;======================================================================================================================
0A3F3                           ; FAMISTUDIO_UPDATE_FDS_WAVE (internal)
0A3F3                           ;
0A3F3                           ; Internal function to upload the FDS waveform (if needed) of an FDS instrument. 
0A3F3                           ;======================================================================================================================
0A3F3                           
0A3F3                           famistudio_update_fds_wave:
0A3F3                           
0A3F3                               ptr        = famistudio_ptr1
0A3F3                               wave_ptr   = famistudio_ptr0
0A3F3                               tmp_enable = famistudio_r3
0A3F3                           
0A3F3                               ; See if the wave index has changed.
0A3F3                               lda famistudio_env_value+FAMISTUDIO_FDS_CH0_ENVS+FAMISTUDIO_ENV_FDS_WAVE_IDX_OFF
0A3F3                               cmp famistudio_fds_wave_index
0A3F3                               beq @done
0A3F3                           
0A3F3                               ; Retrieve the instrument pointer.
0A3F3                               sta famistudio_fds_wave_index
0A3F3                               lda famistudio_chn_fds_instrument
0A3F3                               jsr famistudio_get_exp_inst_ptr
0A3F3                           
0A3F3                               ; Master volume
0A3F3                               tya
0A3F3                               adc #8 ; Carry is clear here.
0A3F3                               tay
0A3F3                               lda (ptr),y
0A3F3                               and #3 ; Bits 0 and 1 are master volume
0A3F3                               tax    ; Store master volume to x
0A3F3                               ora #$80
0A3F3                               sta tmp_enable ; Store maaster volume with write enable
0A3F3                               iny
0A3F3                               
0A3F3                               ; Load the wave table pointer.
0A3F3                               lda (ptr),y
0A3F3                               sta wave_ptr+0
0A3F3                               iny
0A3F3                               lda (ptr),y
0A3F3                               sta wave_ptr+1
0A3F3                           
0A3F3                               ; Load the pointer for the current wave in the table.
0A3F3                               lda famistudio_fds_wave_index
0A3F3                               asl
0A3F3                               tay
0A3F3                               lda (wave_ptr),y
0A3F3                               sta ptr+0
0A3F3                               iny
0A3F3                               lda (wave_ptr),y
0A3F3                               sta ptr+1
0A3F3                           
0A3F3                               ; FDS Waveform
0A3F3                               ldy #63
0A3F3                               @wave_loop:
0A3F3                                   lda tmp_enable
0A3F3                                   sta FAMISTUDIO_FDS_VOL ; Enable RAM write.
0A3F3                                   lda (ptr),y 
0A3F3                                   sta FAMISTUDIO_FDS_WAV_START,y ; Write 2 samples between each write toggle (saves ~500 CPU cycles, sounds identical)
0A3F3                                   dey
0A3F3                                   lda (ptr),y 
0A3F3                                   sta FAMISTUDIO_FDS_WAV_START,y
0A3F3                                   stx FAMISTUDIO_FDS_VOL ; Disable RAM write.
0A3F3                                   dey
0A3F3                                   bpl @wave_loop
0A3F3                                   
0A3F3                               @done:
0A3F3                               rts
0A3F3                               
0A3F3                           ;======================================================================================================================
0A3F3                           ; FAMISTUDIO_SET_FDS_INSTRUMENT (internal)
0A3F3                           ;
0A3F3                           ; Internal function to set a FDS instrument. Will upload the wave and modulation envelope if needed.
0A3F3                           ;
0A3F3                           ; [in] y/r0: channel index
0A3F3                           ; [in] x:    index of first envelope of instrument
0A3F3                           ; [in] a:    instrument index.
0A3F3                           ;======================================================================================================================
0A3F3                           
0A3F3                           famistudio_set_fds_instrument:
0A3F3                           
0A3F3                               ptr           = famistudio_ptr1
0A3F3                               wave_ptr      = famistudio_ptr2
0A3F3                               tmp_mod_depth = famistudio_r3
0A3F3                           
0A3F3                               ; Store instrument number (premultipled by 4 if not using extended range)
0A3F3                               sta famistudio_chn_fds_instrument-FAMISTUDIO_FDS_CH0_IDX,y
0A3F3                           
0A3F3                               jsr famistudio_get_exp_inst_ptr
0A3F3                               jsr famistudio_load_basic_envelopes
0A3F3                           
0A3F3                               ; Load the wave index envelope, x will point to the correct envelope.
0A3F3                               lda (ptr),y
0A3F3                               sta famistudio_env_addr_lo,x
0A3F3                               iny
0A3F3                               lda (ptr),y
0A3F3                               sta famistudio_env_addr_hi,x
0A3F3                           
0A3F3                               ; FDS Modulation
0A3F3                               @write_fds_mod:
0A3F3                                   iny
0A3F3                                   lda (ptr),y ; Read depth / master volume, shift twice for depth and store for later
0A3F3                                   lsr
0A3F3                                   lsr
0A3F3                                   sta tmp_mod_depth
0A3F3                           
0A3F3                                   ; Skip to mod envelope
0A3F3                                   iny
0A3F3                                   iny
0A3F3                                   iny
0A3F3                           
0A3F3                                   ; Compare mod envelope pointer, only write the mod table if it has changed
0A3F3                                   lda (ptr),y
0A3F3                                   cmp famistudio_fds_mod_envelope+0
0A3F3                                   bne @write_mod_table
0A3F3                                   iny
0A3F3                                   lda (ptr),y
0A3F3                                   cmp famistudio_fds_mod_envelope+1
0A3F3                                   beq @load_mod_param ; Skip writing the mod table
0A3F3                                   dey
0A3F3                                   lda (ptr),y
0A3F3                           
0A3F3                                   @write_mod_table:
0A3F3                                       ; Store new envelope pointer
0A3F3                                       sta wave_ptr+0
0A3F3                                       sta famistudio_fds_mod_envelope+0
0A3F3                                       iny
0A3F3                                       lda (ptr),y
0A3F3                                       sta wave_ptr+1
0A3F3                                       sta famistudio_fds_mod_envelope+1
0A3F3                           
0A3F3                                       ; Reset and write modulation
0A3F3                                       tya ; Store y in x and restore after loop
0A3F3                                       tax
0A3F3                                       lda #$80
0A3F3                                       sta FAMISTUDIO_FDS_MOD_HI ; Need to disable modulation before writing.
0A3F3                                       sta FAMISTUDIO_FDS_SWEEP_ENV
0A3F3                                       ldy #0
0A3F3                                       sty FAMISTUDIO_FDS_SWEEP_BIAS
0A3F3                                       @mod_loop:
0A3F3                                           lda (wave_ptr),y
0A3F3                                           sta FAMISTUDIO_FDS_MOD_TABLE
0A3F3                                           iny
0A3F3                                           cpy #32
0A3F3                                           bne @mod_loop
0A3F3                                       txa
0A3F3                                       tay
0A3F3                           
0A3F3                               @load_mod_param:
0A3F3                                   iny
0A3F3                                   .if FAMISTUDIO_USE_FDS_AUTOMOD
0A3F3                                       lda (ptr),y
0A3F3                                       bpl @check_mod_speed
0A3F3                           
0A3F3                                       @auto_mod:
0A3F3                                           and #$7f ; Clear bit 7 before setting
0A3F3                                           sta famistudio_fds_automod_numer
0A3F3                                           iny
0A3F3                                           lda (ptr),y
0A3F3                                           sta famistudio_fds_automod_denom
0A3F3                                           bne @check_mod_depth
0A3F3                                   .endif
0A3F3                           
0A3F3                                   @check_mod_speed:
0A3F3                                       .if FAMISTUDIO_USE_FDS_AUTOMOD
0A3F3                                           lda #0
0A3F3                                           sta famistudio_fds_automod_numer
0A3F3                                       .endif
0A3F3                                       bit famistudio_fds_override_flags
0A3F3                                       bmi @mod_speed_overriden
0A3F3                           
0A3F3                                       @load_mod_speed:
0A3F3                                           lda (ptr),y
0A3F3                                           sta famistudio_fds_mod_speed+0
0A3F3                                           iny
0A3F3                                           lda (ptr),y
0A3F3                                           sta famistudio_fds_mod_speed+1
0A3F3                                           jmp @check_mod_depth
0A3F3                           
0A3F3                                       @mod_speed_overriden:
0A3F3                                           iny
0A3F3                           
0A3F3                                   @check_mod_depth:
0A3F3                                       bit famistudio_fds_override_flags
0A3F3                                       bvs @mod_depth_overriden
0A3F3                           
0A3F3                                       @load_mod_depth:
0A3F3                                           tya ; Use depth that was stored earlier
0A3F3                                           tax
0A3F3                                           lda tmp_mod_depth 
0A3F3                                           sta famistudio_fds_mod_depth
0A3F3                                           txa
0A3F3                                           tay
0A3F3                           
0A3F3                                       @mod_depth_overriden:
0A3F3                                           iny
0A3F3                                           lda (ptr),y
0A3F3                                           sta famistudio_fds_mod_delay
0A3F3                               rts
0A3F3                           
0A3F3                           .endif
0A3F3                           
0A3F3                           .if FAMISTUDIO_EXP_N163
0A3F3                           
0A3F3                           famistudio_n163_wave_table:
0A3F3                               .byte FAMISTUDIO_N163_REG_WAVE - $00
0A3F3                               .byte FAMISTUDIO_N163_REG_WAVE - $08
0A3F3                               .byte FAMISTUDIO_N163_REG_WAVE - $10
0A3F3                               .byte FAMISTUDIO_N163_REG_WAVE - $18
0A3F3                               .byte FAMISTUDIO_N163_REG_WAVE - $20
0A3F3                               .byte FAMISTUDIO_N163_REG_WAVE - $28
0A3F3                               .byte FAMISTUDIO_N163_REG_WAVE - $30
0A3F3                               .byte FAMISTUDIO_N163_REG_WAVE - $38
0A3F3                           
0A3F3                           ;======================================================================================================================
0A3F3                           ; FAMISTUDIO_UPDATE_N163_WAVE (internal)
0A3F3                           ;
0A3F3                           ; Internal function to upload the waveform (if needed) of an N163 instrument. 
0A3F3                           ;
0A3F3                           ; [in] y: N163 channel idx (0,1,2,3,4,5,6,7)
0A3F3                           ;======================================================================================================================
0A3F3                           
0A3F3                           famistudio_update_n163_wave:
0A3F3                               
0A3F3                               ptr           = famistudio_ptr1
0A3F3                               wave_ptr      = famistudio_ptr0
0A3F3                               wave_pos      = famistudio_r1
0A3F3                               wave_len      = famistudio_r2
0A3F3                           
0A3F3                               lda famistudio_n163_env_table, y
0A3F3                               tax 
0A3F3                           
0A3F3                               ; See if the wave index has changed.
0A3F3                               lda famistudio_env_value+FAMISTUDIO_ENV_N163_WAVE_IDX_OFF,x
0A3F3                               cmp famistudio_chn_n163_wave_index,y
0A3F3                               beq @done
0A3F3                           
0A3F3                               ; Retrieve the instrument pointer.
0A3F3                               sta famistudio_chn_n163_wave_index,y
0A3F3                               tya
0A3F3                               tax
0A3F3                               lda famistudio_chn_n163_instrument,y
0A3F3                               jsr famistudio_get_exp_inst_ptr
0A3F3                           
0A3F3                               lda famistudio_n163_wave_table, x
0A3F3                               sta FAMISTUDIO_N163_ADDR
0A3F3                           
0A3F3                               ; Wave position
0A3F3                               tya
0A3F3                               adc #8 ; Carry is clear here.
0A3F3                               tay
0A3F3                               lda (ptr),y
0A3F3                               sta wave_pos
0A3F3                               sta FAMISTUDIO_N163_DATA
0A3F3                               iny
0A3F3                           
0A3F3                               ; Wave length
0A3F3                               lda (ptr),y
0A3F3                               lsr
0A3F3                               sta wave_len
0A3F3                               lda #$80 ; (128 - wave length / 2) * 2 == 256 - wave length
0A3F3                               sec
0A3F3                               sbc wave_len
0A3F3                               asl
0A3F3                               sta famistudio_chn_n163_wave_len, x
0A3F3                               iny
0A3F3                           
0A3F3                               ; Load the wave table pointer.
0A3F3                               lda (ptr),y
0A3F3                               sta wave_ptr+0
0A3F3                               iny
0A3F3                               lda (ptr),y
0A3F3                               sta wave_ptr+1
0A3F3                           
0A3F3                               ; Load the pointer for the current wave in the table.
0A3F3                               lda famistudio_chn_n163_wave_index,x
0A3F3                               asl
0A3F3                               tay
0A3F3                               lda (wave_ptr),y
0A3F3                               sta ptr+0
0A3F3                               iny
0A3F3                               lda (wave_ptr),y
0A3F3                               sta ptr+1
0A3F3                           
0A3F3                               ; Upload to N163
0A3F3                               ldy #0
0A3F3                               lda wave_pos
0A3F3                               lsr 
0A3F3                               ora #$80
0A3F3                               sta FAMISTUDIO_N163_ADDR
0A3F3                               ldy #0
0A3F3                               @wave_loop:
0A3F3                                   lda (ptr),y
0A3F3                                   sta FAMISTUDIO_N163_DATA
0A3F3                                   iny
0A3F3                                   cpy wave_len
0A3F3                                   bne @wave_loop
0A3F3                           
0A3F3                               txa
0A3F3                               tay
0A3F3                           
0A3F3                               @done:
0A3F3                               rts
0A3F3                           
0A3F3                           ;======================================================================================================================
0A3F3                           ; FAMISTUDIO_SET_N163_INSTRUMENT (internal)
0A3F3                           ;
0A3F3                           ; Internal function to set a N163 instrument.
0A3F3                           ;
0A3F3                           ; [in] y/r0: channel index
0A3F3                           ; [in] x:    index of first envelope of instrument
0A3F3                           ; [in] a:    instrument index.
0A3F3                           ;======================================================================================================================
0A3F3                           
0A3F3                           famistudio_set_n163_instrument:
0A3F3                           
0A3F3                               ptr      = famistudio_ptr1
0A3F3                               chan_idx = famistudio_r0
0A3F3                           
0A3F3                               ; Store instrument number (premultipled by 4 if not using extended range)
0A3F3                               sta famistudio_chn_n163_instrument-FAMISTUDIO_N163_CH0_IDX,y
0A3F3                               
0A3F3                               jsr famistudio_get_exp_inst_ptr
0A3F3                               jsr famistudio_load_basic_envelopes
0A3F3                           
0A3F3                               ; Load the wave index envelope, x will point to the correct envelope.
0A3F3                               lda (ptr),y
0A3F3                               sta famistudio_env_addr_lo,x
0A3F3                               iny
0A3F3                               lda (ptr),y
0A3F3                               sta famistudio_env_addr_hi,x
0A3F3                           
0A3F3                               rts
0A3F3                           
0A3F3                           .endif
0A3F3                           
0A3F3                           ;======================================================================================================================
0A3F3                           ; FAMISTUDIO_UPDATE_CHANNEL (internal)
0A3F3                           ;
0A3F3                           ; Advances the song by one frame for a given channel. If a new note or effect(s) are found, they will be processed.
0A3F3                           ;
0A3F3                           ; [in]  x: channel index
0A3F3                           ; [out] z: non-zero if we triggered a new note.
0A3F3                           ;======================================================================================================================
0A3F3                           
0A3F3                           famistudio_advance_channel:
0A3F3                               
0A3F3                               chan_idx         = famistudio_r0
0A3F3                               update_flags     = famistudio_r1 ; bit 7 = no attack, bit 6 = has set delayed cut
0A3F3                               temp_ptr_y       = famistudio_r2
0A3F3                               tmp_slide_from   = famistudio_r2
0A3F3                               tmp_slide_idx    = famistudio_r2
0A3F3                               tmp_duty_cycle   = famistudio_r2
0A3F3                               tmp_ptr_lo       = famistudio_r2
0A3F3                               tmp_y1           = famistudio_r2
0A3F3                               slide_delta_lo   = famistudio_ptr1_hi
0A3F3                               tmp_y2           = famistudio_ptr1_lo
0A3F3                               channel_data_ptr = famistudio_ptr0
0A3F3                               opcode_jmp_ptr   = famistudio_ptr1
0A3F3                               tempo_env_ptr    = famistudio_ptr1
0A3F3                               env_ptr          = famistudio_ptr1
0A3F3                           
0A3F3 BD 4F 04                      lda famistudio_chn_repeat,x
0A3F6 F0 06                         beq @no_repeat
0A3F8 DE 4F 04                      dec famistudio_chn_repeat,x
0A3FB A9 00                         lda #0
0A3FD 60                            rts
0A3FE                           
0A3FE                           @no_repeat:
0A3FE BD 40 04                      lda famistudio_chn_ptr_lo,x
0A401 85 2D                         sta channel_data_ptr+0
0A403 BD 45 04                      lda famistudio_chn_ptr_hi,x
0A406 85 2E                         sta channel_data_ptr+1
0A408 A0 00                         ldy #0
0A40A 84 29                         sty update_flags
0A40C 86 28                         stx chan_idx    
0A40E                           
0A40E                           @read_byte:
0A40E B1 2D                         lda (channel_data_ptr),y
0A410 C8                            iny
0A411                           
0A411                           ; $80 to $ff = sequence of empty notes (up to 64) or instrument changes (up to 64)
0A411                           @check_negative: 
0A411 09 00                         ora #0
0A413 30 24                         bmi @empty_notes_or_instrument_change
0A415                           
0A415                           ; $00 to $3f = notes from C1 to D6 (most common notes, same as FT2 range)
0A415                           ; $40 to $6f = opcodes for various things.
0A415                           @check_regular_note:
0A415 C9 40                         cmp #$40
0A417 90 36                         bcc @common_note
0A419                           
0A419                           .if FAMISTUDIO_USE_VOLUME_TRACK
0A419                           ; $70 to $7f = volume change 
0A419                           @check_volume_track:
0A419 C9 70                         cmp #$70
0A41B 90 0A                         bcc @jmp_to_opcode
0A41D                           
0A41D                           @volume_track:    
0A41D 29 0F                         and #$0f
0A41F 0A                            asl
0A420 0A                            asl
0A421 0A                            asl
0A422 0A                            asl
0A423 95 42                         sta famistudio_chn_volume_track,x
0A425                               ; Clear any volume slide.
0A425                               .if FAMISTUDIO_USE_VOLUME_SLIDES
0A425                                   lda #0
0A425                                   sta famistudio_chn_volume_slide_step,x
0A425                               .endif
0A425 90 E7                         bcc @read_byte
0A427                           .endif
0A427                           
0A427                           @jmp_to_opcode:
0A427 29 3F                         and #$3f
0A429 AA                            tax
0A42A BD 0D A5                      lda @famistudio_opcode_jmp_lo,x
0A42D 85 30                         sta opcode_jmp_ptr+0
0A42F BD 22 A5                      lda @famistudio_opcode_jmp_hi,x
0A432 85 31                         sta opcode_jmp_ptr+1
0A434 A6 28                         ldx chan_idx
0A436 6C 30 00                      jmp (opcode_jmp_ptr)
0A439                           
0A439                           @empty_notes_or_instrument_change:
0A439 29 7F                         and #$7f
0A43B 4A                            lsr a
0A43C B0 0C                         bcs @set_repeat
0A43E                           
0A43E                           @instrument_change:
0A43E                               ; Set the instrument. `famistudio_set_instrument` (or proc it calls) are not
0A43E                               ; allowed to clobber r0/r1/r2 or ptr0.
0A43E 84 2A                         sty temp_ptr_y
0A440 20 DB A3                      jsr famistudio_set_instrument ; Will clobber x/y, need to save/restore them.
0A443 A4 2A                         ldy temp_ptr_y
0A445 A6 28                         ldx chan_idx
0A447 4C 0E A4                      jmp @read_byte 
0A44A                           
0A44A                           @set_repeat:
0A44A 9D 4F 04                      sta famistudio_chn_repeat,x ; Set up repeat counter
0A44D B0 15                         bcs @done 
0A44F                           
0A44F                           @common_note:
0A44F C9 00                         cmp #0
0A451 F0 02                         beq @play_note
0A453 69 0B                             adc #11 ; Carry is set here.
0A455                           
0A455                           @play_note:    
0A455 9D 4A 04                      sta famistudio_chn_note,x ; Store note code
0A458                           
0A458                           .if FAMISTUDIO_USE_SLIDE_NOTES
0A458                           @clear_previous_slide:
0A458                               lda famistudio_channel_to_slide,x ; Clear any previous slide on new note.
0A458                               bmi @cancel_delayed_cut
0A458                               tax
0A458                               lda #0
0A458                               sta famistudio_slide_step,x
0A458                               ldx chan_idx
0A458                           .endif
0A458                           
0A458                           @cancel_delayed_cut:
0A458                           .if FAMISTUDIO_USE_FAMITRACKER_DELAYED_NOTES_OR_CUTS
0A458                               ; Any note with an attack clears any pending delayed cut, unless it was set during this update (flags bit 6).
0A458                               bit update_flags
0A458                               bvs @check_dpcm_channel 
0A458                               lda #$ff
0A458                               sta famistudio_chn_cut_delay,x
0A458                           .endif
0A458                           
0A458                           @check_dpcm_channel:
0A458                           .if FAMISTUDIO_CFG_DPCM_SUPPORT
0A458                               ; We play/stop DPCM samples immediately.
0A458                               cpx #4 
0A458                               bne @check_attack
0A458                                   lda famistudio_chn_note+4
0A458                                   bne @play_sample
0A458                                   jsr famistudio_sample_stop
0A458                                   ldx #4
0A458                                   bne @done
0A458                                   @play_sample:
0A458                                       sbc #12 ; Carry already set. HACK : Our "notes" for DPCM start at SingleByteNoteMin (12). Need to undo that here. See C# code.
0A458                                       sty tmp_y1
0A458                                       jsr famistudio_music_sample_play
0A458                                       ldy tmp_y1
0A458                                       ldx #4
0A458                                       .if FAMISTUDIO_CFG_EQUALIZER 
0A458                                           lda #9
0A458                                           sta famistudio_chn_note_counter,x
0A458                                       .endif
0A458                                       bne @done			
0A458                           .endif
0A458                           
0A458                           @check_attack:
0A458 BD 4A 04                      lda famistudio_chn_note,x
0A45B F0 07                         beq @done
0A45D 24 29                         bit update_flags
0A45F 30 03                         bmi @done
0A461                           
0A461                               ; Note attack. `famistudio_do_note_attack` (or any proc it calls) are not
0A461                               ; allowed to clobber r0 or ptr0. They can clobber r1 if they are done using it.
0A461 20 5A A3                      jsr famistudio_do_note_attack ; Note attack.
0A464                           
0A464                           @done:
0A464 B5 37                         lda famistudio_chn_ref_len,x ; Check reference row counter
0A466 F0 10                         beq @flush_y                 ; If it is zero, there is no reference
0A468 D6 37                         dec famistudio_chn_ref_len,x ; Decrease row counter
0A46A D0 0C                         bne @flush_y
0A46C                           
0A46C BD 54 04                      lda famistudio_chn_return_lo,x ; End of a reference, return to previous pointer
0A46F 9D 40 04                      sta famistudio_chn_ptr_lo,x
0A472 B5 32                         lda famistudio_chn_return_hi,x
0A474 9D 45 04                      sta famistudio_chn_ptr_hi,x
0A477 60                            rts
0A478                           
0A478                           @flush_y:
0A478                           
0A478 18                            clc
0A479 98                            tya
0A47A 65 2D                         adc channel_data_ptr+0
0A47C 9D 40 04                      sta famistudio_chn_ptr_lo,x
0A47F A9 00                         lda #0
0A481 65 2E                         adc channel_data_ptr+1
0A483 9D 45 04                      sta famistudio_chn_ptr_hi,x
0A486 60                            rts
0A487                           
0A487                           @opcode_extended_note:
0A487 B1 2D                         lda (channel_data_ptr),y
0A489 C8                            iny
0A48A 4C 55 A4                      jmp @play_note
0A48D                           
0A48D                           @opcode_set_reference:
0A48D 18                            clc ; Remember return address+3
0A48E 98                            tya
0A48F 69 03                         adc #3
0A491 65 2D                         adc channel_data_ptr+0
0A493 9D 54 04                      sta famistudio_chn_return_lo,x
0A496 A5 2E                         lda channel_data_ptr+1
0A498 69 00                         adc #0
0A49A 95 32                         sta famistudio_chn_return_hi,x
0A49C B1 2D                         lda (channel_data_ptr),y ; Read length of the reference (how many rows)
0A49E 95 37                         sta famistudio_chn_ref_len,x
0A4A0 C8                            iny
0A4A1 B1 2D                         lda (channel_data_ptr),y ; Read 16-bit absolute address of the reference
0A4A3 85 2A                         sta tmp_ptr_lo
0A4A5 C8                            iny
0A4A6 B1 2D                         lda (channel_data_ptr),y
0A4A8 85 2E                         sta channel_data_ptr+1
0A4AA A5 2A                         lda tmp_ptr_lo
0A4AC 85 2D                         sta channel_data_ptr+0
0A4AE A0 00                         ldy #0
0A4B0 4C 0E A4                      jmp @read_byte
0A4B3                           
0A4B3                           @opcode_loop:
0A4B3 B1 2D                         lda (channel_data_ptr),y
0A4B5 85 2A                         sta tmp_ptr_lo
0A4B7 C8                            iny
0A4B8 B1 2D                         lda (channel_data_ptr),y
0A4BA 85 2E                         sta channel_data_ptr+1
0A4BC A5 2A                         lda tmp_ptr_lo
0A4BE 85 2D                         sta channel_data_ptr+0
0A4C0 A0 00                         ldy #0
0A4C2 4C 0E A4                      jmp @read_byte
0A4C5                           
0A4C5                           @opcode_disable_attack:
0A4C5 A9 80                         lda #$80
0A4C7 05 29                         ora update_flags
0A4C9 85 29                         sta update_flags
0A4CB 4C 0E A4                      jmp @read_byte 
0A4CE                           
0A4CE                           @opcode_end_song:
0A4CE A9 80                         lda #$80 ; TODO : Should we stop, or just call famistudio_music_stop here?
0A4D0 85 2F                         sta famistudio_song_speed
0A4D2 4C 0E A4                      jmp @read_byte
0A4D5                           
0A4D5                           .if FAMISTUDIO_USE_RELEASE_NOTES
0A4D5                           @jump_to_release_envelope:
0A4D5                               lda famistudio_env_addr_lo,x ; Load envelope data address into temp
0A4D5                               sta env_ptr+0
0A4D5                               lda famistudio_env_addr_hi,x
0A4D5                               sta env_ptr+1
0A4D5                               
0A4D5                               sty tmp_y1
0A4D5                               ldy #0
0A4D5                               lda (env_ptr),y ; Read first byte of the envelope data, this contains the release index.
0A4D5                               beq @env_has_no_release
0A4D5                           
0A4D5                               sta famistudio_env_ptr,x
0A4D5                               lda #0
0A4D5                               sta famistudio_env_repeat,x ; Need to reset envelope repeat to force update.
0A4D5                           
0A4D5                           @env_has_no_release:
0A4D5                               ldx chan_idx
0A4D5                               ldy tmp_y1
0A4D5                               rts
0A4D5                           
0A4D5                           .if FAMISTUDIO_EXP_VRC7
0A4D5                           @opcode_vrc7_release_note:
0A4D5                               lda #$80
0A4D5                               sta famistudio_chn_vrc7_trigger-FAMISTUDIO_VRC7_CH0_IDX,x ; Set release flag for VRC7
0A4D5                           .endif
0A4D5                           
0A4D5                           .if FAMISTUDIO_EXP_FDS
0A4D5                           @opcode_fds_release_note:
0A4D5                               lda famistudio_channel_env,x 
0A4D5                               tax
0A4D5                               inx ; +2 for FAMISTUDIO_ENV_FDS_WAVE_IDX_OFF.
0A4D5                               inx
0A4D5                               jsr @jump_to_release_envelope
0A4D5                           .endif
0A4D5                           
0A4D5                           .if FAMISTUDIO_EXP_N163
0A4D5                           @opcode_n163_release_note:
0A4D5                               lda famistudio_channel_env,x 
0A4D5                               tax 
0A4D5                               inx ; +2 for FAMISTUDIO_ENV_N163_WAVE_IDX_OFF.
0A4D5                               inx
0A4D5                               jsr @jump_to_release_envelope
0A4D5                           .endif
0A4D5                           
0A4D5                           .if FAMISTUDIO_EXP_EPSM
0A4D5                           @opcode_epsm_release_note:
0A4D5                               lda #$80
0A4D5                               .if FAMISTUDIO_EXP_EPSM_FM_CHN_CNT+FAMISTUDIO_EXP_EPSM_RHYTHM_CNT > 0
0A4D5                               sta famistudio_chn_epsm_trigger-FAMISTUDIO_EPSM_CHAN_FM_START,x ; Set release flag for EPSM
0A4D5                               .endif
0A4D5                           .endif
0A4D5                           
0A4D5                           @opcode_release_note:
0A4D5                               lda famistudio_channel_to_volume_env,x ; DPCM(5) will never have releases.
0A4D5                               tax
0A4D5                               jsr @jump_to_release_envelope
0A4D5                               clc
0A4D5                               jmp @done
0A4D5                           .endif
0A4D5                           
0A4D5                           .if FAMISTUDIO_EXP_EPSM && FAMISTUDIO_EXP_EPSM_SSG_CHN_CNT > 0
0A4D5                           @opcode_epsm_manual_env_period:
0A4D5                               lda (channel_data_ptr),y
0A4D5                               iny
0A4D5                               sta famistudio_epsm_env_period_lo
0A4D5                               lda (channel_data_ptr),y
0A4D5                               iny
0A4D5                               sta famistudio_epsm_env_period_hi
0A4D5                               lda #1
0A4D5                               sta famistudio_epsm_env_override
0A4D5                               jmp @read_byte
0A4D5                           .endif
0A4D5                           
0A4D5                           .if FAMISTUDIO_EXP_S5B
0A4D5                           @opcode_s5b_manual_env_period:
0A4D5                               lda (channel_data_ptr),y
0A4D5                               iny
0A4D5                               sta famistudio_s5b_env_period_lo
0A4D5                               lda (channel_data_ptr),y
0A4D5                               iny
0A4D5                               sta famistudio_s5b_env_period_hi
0A4D5                               lda #1
0A4D5                               sta famistudio_s5b_env_override
0A4D5                               jmp @read_byte
0A4D5                           .endif
0A4D5                           
0A4D5                           .if FAMISTUDIO_USE_FAMITRACKER_TEMPO
0A4D5                           @opcode_famitracker_speed:
0A4D5                               lda (channel_data_ptr),y
0A4D5                               iny
0A4D5                               sta famistudio_song_speed
0A4D5                               jmp @read_byte 
0A4D5                           .endif
0A4D5                           
0A4D5                           .if FAMISTUDIO_EXP_FDS
0A4D5                           @opcode_fds_mod_depth:    
0A4D5                               lda (channel_data_ptr),y
0A4D5                               iny
0A4D5                               sta famistudio_fds_mod_depth
0A4D5                               lda #$40
0A4D5                               ora famistudio_fds_override_flags
0A4D5                               sta famistudio_fds_override_flags
0A4D5                               jmp @read_byte
0A4D5                           
0A4D5                           @opcode_fds_mod_speed:
0A4D5                               lda (channel_data_ptr),y
0A4D5                               iny
0A4D5                               sta famistudio_fds_mod_speed+0
0A4D5                               lda (channel_data_ptr),y
0A4D5                               iny
0A4D5                               sta famistudio_fds_mod_speed+1
0A4D5                               lda #$80
0A4D5                               ora famistudio_fds_override_flags
0A4D5                               sta famistudio_fds_override_flags
0A4D5                               jmp @read_byte
0A4D5                           .endif
0A4D5                           
0A4D5                           .if FAMISTUDIO_EXP_VRC6
0A4D5                           @opcode_vrc6_saw_volume:
0A4D5                               lda (channel_data_ptr),y
0A4D5                               iny 
0A4D5                               sta famistudio_vrc6_saw_volume
0A4D5                               jmp @read_byte
0A4D5                           .endif
0A4D5                           
0A4D5                           .if FAMISTUDIO_USE_VOLUME_SLIDES
0A4D5                           @opcode_volume_slide:
0A4D5                               lda (channel_data_ptr),y
0A4D5                               iny
0A4D5                               sta famistudio_chn_volume_slide_step, x
0A4D5                               lda (channel_data_ptr),y
0A4D5                               iny
0A4D5                               sta famistudio_chn_volume_slide_target, x
0A4D5                               jmp @read_byte 
0A4D5                           .endif
0A4D5                           
0A4D5                           .if FAMISTUDIO_USE_DELTA_COUNTER
0A4D5                           @opcode_dmc_counter:
0A4D5                               lda (channel_data_ptr),y
0A4D5                               bmi @set_immediately
0A4D5                           @store_for_later:
0A4D5                               sta famistudio_dmc_delta_counter
0A4D5                               bpl @inc_and_return
0A4D5                           @set_immediately:
0A4D5                               and #$7f
0A4D5                               sta FAMISTUDIO_APU_DMC_RAW
0A4D5                           @inc_and_return:
0A4D5                               iny
0A4D5                               jmp @read_byte 
0A4D5                           .endif
0A4D5                           
0A4D5                           .if FAMISTUDIO_USE_PHASE_RESET
0A4D5                           @opcode_phase_reset:
0A4D5                               lda famistudio_channel_to_phase_reset_mask, x
0A4D5                               ora famistudio_phase_reset
0A4D5                               sta famistudio_phase_reset
0A4D5                               jmp @read_byte     
0A4D5                           
0A4D5                           .if FAMISTUDIO_EXP_N163
0A4D5                           @opcode_n163_phase_reset:
0A4D5                               lda famistudio_channel_to_phase_reset_mask, x
0A4D5                               ora famistudio_phase_reset_n163
0A4D5                               sta famistudio_phase_reset_n163
0A4D5                               jmp @read_byte     
0A4D5                           .endif    
0A4D5                           .endif
0A4D5                           
0A4D5                           .if FAMISTUDIO_USE_INSTRUMENT_EXTENDED_RANGE
0A4D5                           @opcode_extended_instrument:
0A4D5                               lda (channel_data_ptr),y
0A4D5                               iny
0A4D5                               jmp @instrument_change
0A4D5                           .endif
0A4D5                           
0A4D5                           .if FAMISTUDIO_USE_PITCH_TRACK
0A4D5                           @opcode_fine_pitch:
0A4D5 BD 11 A7                      lda famistudio_channel_to_pitch_env,x
0A4D8 AA                            tax
0A4D9 B1 2D                         lda (channel_data_ptr),y
0A4DB C8                            iny
0A4DC 9D 32 04                      sta famistudio_pitch_env_fine_value,x
0A4DF A6 28                         ldx chan_idx
0A4E1 4C 0E A4                      jmp @read_byte 
0A4E4                           .endif
0A4E4                           
0A4E4                           .if FAMISTUDIO_USE_VIBRATO
0A4E4                           @opcode_clear_pitch_override_flag:
0A4E4                               lda #$7f
0A4E4                               and famistudio_chn_env_override,x
0A4E4                               sta famistudio_chn_env_override,x
0A4E4                               jmp @read_byte 
0A4E4                           
0A4E4                           @opcode_override_pitch_envelope:
0A4E4                               lda #$80
0A4E4                               ora famistudio_chn_env_override,x
0A4E4                               sta famistudio_chn_env_override,x
0A4E4                               lda famistudio_channel_to_pitch_env,x
0A4E4                               tax
0A4E4                               lda (channel_data_ptr),y
0A4E4                               iny
0A4E4                               sta famistudio_pitch_env_addr_lo,x
0A4E4                               lda (channel_data_ptr),y
0A4E4                               iny
0A4E4                               sta famistudio_pitch_env_addr_hi,x
0A4E4                               lda #0
0A4E4                               sta famistudio_pitch_env_repeat,x
0A4E4                               lda #1
0A4E4                               sta famistudio_pitch_env_ptr,x
0A4E4                               ldx chan_idx
0A4E4                               jmp @read_byte 
0A4E4                           .endif
0A4E4                           
0A4E4                           .if FAMISTUDIO_USE_ARPEGGIO
0A4E4                           @opcode_clear_arpeggio_override_flag:
0A4E4                               lda #$fe
0A4E4                               and famistudio_chn_env_override,x
0A4E4                               sta famistudio_chn_env_override,x
0A4E4                               jmp @read_byte
0A4E4                           
0A4E4                           @opcode_override_arpeggio_envelope:
0A4E4                               lda #$01
0A4E4                               ora famistudio_chn_env_override,x
0A4E4                               sta famistudio_chn_env_override,x
0A4E4                               lda famistudio_channel_to_arpeggio_env,x
0A4E4                               tax    
0A4E4                               lda (channel_data_ptr),y
0A4E4                               iny
0A4E4                               sta famistudio_env_addr_lo,x
0A4E4                               lda (channel_data_ptr),y
0A4E4                               iny
0A4E4                               sta famistudio_env_addr_hi,x
0A4E4                               lda #0
0A4E4                               sta famistudio_env_repeat,x ; Reset the envelope since this might be a no-attack note.
0A4E4                               sta famistudio_env_value,x
0A4E4                               sta famistudio_env_ptr,x
0A4E4                               ldx chan_idx
0A4E4                               jmp @read_byte
0A4E4                           
0A4E4                           @opcode_reset_arpeggio:
0A4E4                               lda famistudio_channel_to_arpeggio_env,x
0A4E4                               tax
0A4E4                               lda #0
0A4E4                               sta famistudio_env_repeat,x
0A4E4                               sta famistudio_env_value,x
0A4E4                               sta famistudio_env_ptr,x
0A4E4                               ldx chan_idx
0A4E4                               jmp @read_byte
0A4E4                           .endif
0A4E4                           
0A4E4                           .if FAMISTUDIO_USE_DUTYCYCLE_EFFECT
0A4E4                           @opcode_duty_cycle_effect:
0A4E4                               lda famistudio_channel_to_dutycycle,x
0A4E4                               tax 
0A4E4                               lda (channel_data_ptr),y
0A4E4                               iny
0A4E4                               sta famistudio_duty_cycle,x
0A4E4                               sta tmp_duty_cycle
0A4E4                               ldx chan_idx
0A4E4                               lda famistudio_channel_to_duty_env,x
0A4E4                               tax 
0A4E4                               lda tmp_duty_cycle
0A4E4                               sta famistudio_env_value,x
0A4E4                               ldx chan_idx
0A4E4                               jmp @read_byte
0A4E4                           .endif
0A4E4                           
0A4E4                           .if FAMISTUDIO_USE_FAMITRACKER_DELAYED_NOTES_OR_CUTS
0A4E4                           @opcode_note_delay:
0A4E4                               lda (channel_data_ptr),y
0A4E4                               iny
0A4E4                               sta famistudio_chn_note_delay,x
0A4E4                               jmp @flush_y
0A4E4                           
0A4E4                           @opcode_cut_delay:
0A4E4                               lda #$40
0A4E4                               sta update_flags
0A4E4                               lda (channel_data_ptr),y
0A4E4                               iny
0A4E4                               sta famistudio_chn_cut_delay,x
0A4E4                               jmp @read_byte 
0A4E4                           .elseif !FAMISTUDIO_USE_FAMITRACKER_TEMPO
0A4E4                           @opcode_set_tempo_envelope:
0A4E4                               ; Load and reset the new tempo envelope.
0A4E4 B1 2D                         lda (channel_data_ptr),y
0A4E6 C8                            iny
0A4E7 85 4A                         sta famistudio_tempo_env_ptr_lo
0A4E9 85 30                         sta tempo_env_ptr+0
0A4EB B1 2D                         lda (channel_data_ptr),y
0A4ED C8                            iny
0A4EE 85 4B                         sta famistudio_tempo_env_ptr_hi
0A4F0 85 31                         sta tempo_env_ptr+1
0A4F2 4C FD A4                      jmp @reset_tempo_env
0A4F5                           @opcode_reset_tempo_envelope:
0A4F5 A5 4A                         lda famistudio_tempo_env_ptr_lo
0A4F7 85 30                         sta tempo_env_ptr+0 
0A4F9 A5 4B                         lda famistudio_tempo_env_ptr_hi
0A4FB 85 31                         sta tempo_env_ptr+1
0A4FD                           @reset_tempo_env:    
0A4FD 84 2A                         sty tmp_y1
0A4FF A0 00                         ldy #0
0A501 84 5B                         sty famistudio_tempo_env_idx
0A503 B1 30                         lda (tempo_env_ptr),y
0A505 85 5A                         sta famistudio_tempo_env_counter
0A507 A4 2A                         ldy tmp_y1
0A509 4C 0E A4                      jmp @read_byte
0A50C                           .endif
0A50C                           
0A50C                           .if FAMISTUDIO_USE_SLIDE_NOTES
0A50C                           
0A50C                           .if FAMISTUDIO_USE_NOISE_SLIDE_NOTES
0A50C                           @noise_slide:
0A50C                               lda (channel_data_ptr),y ; Read slide step size
0A50C                               iny
0A50C                               sta famistudio_slide_step+FAMISTUDIO_NOISE_SLIDE_INDEX
0A50C                               lda (channel_data_ptr),y ; Read slide note from
0A50C                               iny
0A50C                               sec
0A50C                               sbc (channel_data_ptr),y ; Read slide note to
0A50C                               sta famistudio_slide_pitch_lo+FAMISTUDIO_NOISE_SLIDE_INDEX
0A50C                               bpl @positive_noise_slide
0A50C                           @negative_noise_slide:
0A50C                               ; Sign extend.
0A50C                               lda #$ff
0A50C                               bmi @noise_shift
0A50C                           @positive_noise_slide:
0A50C                               lda #$00
0A50C                           @noise_shift:    
0A50C                               ; Noise slides have 4-bits of fraction.
0A50C                               asl famistudio_slide_pitch_lo+FAMISTUDIO_NOISE_SLIDE_INDEX
0A50C                               rol
0A50C                               asl famistudio_slide_pitch_lo+FAMISTUDIO_NOISE_SLIDE_INDEX
0A50C                               rol
0A50C                               asl famistudio_slide_pitch_lo+FAMISTUDIO_NOISE_SLIDE_INDEX
0A50C                               rol
0A50C                               asl famistudio_slide_pitch_lo+FAMISTUDIO_NOISE_SLIDE_INDEX
0A50C                               rol
0A50C                               sta famistudio_slide_pitch_hi+FAMISTUDIO_NOISE_SLIDE_INDEX
0A50C                               jmp @slide_done_pos
0A50C                           .endif
0A50C                           
0A50C                           @opcode_slide:
0A50C                           .if FAMISTUDIO_USE_NOISE_SLIDE_NOTES
0A50C                               cpx #3
0A50C                               beq @noise_slide
0A50C                           .endif
0A50C                               lda famistudio_channel_to_slide,x
0A50C                               tax
0A50C                               lda (channel_data_ptr),y ; Read slide step size
0A50C                               iny
0A50C                               sta famistudio_slide_step,x
0A50C                               lda (channel_data_ptr),y ; Read slide note from
0A50C                               iny 
0A50C                               sty tmp_y2
0A50C                           .if FAMISTUDIO_DUAL_SUPPORT
0A50C                               clc
0A50C                               adc famistudio_pal_adjust
0A50C                           .endif
0A50C                               sta tmp_slide_from
0A50C                               lda (channel_data_ptr),y ; Read slide note to
0A50C                               ldy tmp_slide_from       ; reload note from
0A50C                           .if FAMISTUDIO_DUAL_SUPPORT
0A50C                               adc famistudio_pal_adjust
0A50C                           .endif
0A50C                               stx tmp_slide_idx ; X contained the slide index.    
0A50C                               tax
0A50C                           .ifdef FAMISTUDIO_EXP_NOTE_START
0A50C                               lda chan_idx
0A50C                           .if FAMISTUDIO_EXP_EPSM
0A50C                               cmp #FAMISTUDIO_EPSM_CHAN_FM_START
0A50C                               bcs @note_table_epsm
0A50C                           .endif    
0A50C                               cmp #FAMISTUDIO_EXP_NOTE_START
0A50C                               bcs @note_table_expansion
0A50C                           .endif
0A50C                               sec ; Subtract the pitch of both notes.
0A50C                               lda famistudio_note_table_lsb,y
0A50C                               sbc famistudio_note_table_lsb,x
0A50C                               sta slide_delta_lo
0A50C                               lda famistudio_note_table_msb,y
0A50C                               sbc famistudio_note_table_msb,x
0A50C                           .ifdef FAMISTUDIO_EXP_NOTE_START
0A50C                               jmp @note_table_done
0A50C                           .if FAMISTUDIO_EXP_EPSM
0A50C                           @note_table_epsm:
0A50C                           .if FAMISTUDIO_EXP_EPSM_FM_CHN_CNT > 0
0A50C                               lda famistudio_epsm_note_table_lsb,y
0A50C                               sbc famistudio_epsm_note_table_lsb,x
0A50C                               sta slide_delta_lo
0A50C                               lda famistudio_epsm_note_table_msb,y
0A50C                               sbc famistudio_epsm_note_table_msb,x
0A50C                               jmp @note_table_done
0A50C                           .endif
0A50C                           .endif
0A50C                           @note_table_expansion:
0A50C                               lda famistudio_exp_note_table_lsb,y
0A50C                               sbc famistudio_exp_note_table_lsb,x
0A50C                               sta slide_delta_lo
0A50C                               lda famistudio_exp_note_table_msb,y
0A50C                               sbc famistudio_exp_note_table_msb,x
0A50C                           @note_table_done:
0A50C                           .endif
0A50C                               ldx tmp_slide_idx ; slide index.
0A50C                               sta famistudio_slide_pitch_hi,x
0A50C                               .if FAMISTUDIO_EXP_N163 || FAMISTUDIO_EXP_VRC7 || FAMISTUDIO_EXP_EPSM
0A50C                                   cpx #FAMISTUDIO_FIRST_POSITIVE_SLIDE_CHANNEL ; Slide #3 is the first of expansion slides.
0A50C                                   bcs @positive_shift
0A50C                               .endif
0A50C                               @negative_shift:
0A50C                                   lda slide_delta_lo
0A50C                                   asl ; Shift-left, we have 1 bit of fractional slide.
0A50C                                   sta famistudio_slide_pitch_lo,x
0A50C                                   rol famistudio_slide_pitch_hi,x ; Shift-left, we have 1 bit of fractional slide.
0A50C                               .if FAMISTUDIO_EXP_N163 || FAMISTUDIO_EXP_VRC7 || FAMISTUDIO_EXP_EPSM
0A50C                                   jmp @shift_done
0A50C                               @positive_shift:
0A50C                                   lda slide_delta_lo
0A50C                                   sta famistudio_slide_pitch_lo,x
0A50C                                   ldy #FAMISTUDIO_PITCH_SHIFT
0A50C                                   @positive_shift_loop:
0A50C                                       lda famistudio_slide_pitch_hi,x
0A50C                                       cmp #$80
0A50C                                       ror famistudio_slide_pitch_hi,x 
0A50C                                       ror famistudio_slide_pitch_lo,x
0A50C                                       dey 
0A50C                                       bne @positive_shift_loop
0A50C                               @shift_done:
0A50C                               .endif
0A50C                               ldx chan_idx
0A50C                               ldy tmp_y2
0A50C                           
0A50C                           @slide_done_pos:
0A50C                               lda (channel_data_ptr),y ; Re-read the target note (ugly...)
0A50C                               sta famistudio_chn_note,x ; Store note code
0A50C                               iny
0A50C                               jmp @cancel_delayed_cut
0A50C                           .endif
0A50C                           
0A50C                           @opcode_invalid:
0A50C                           
0A50C                               ; If you hit this, this mean you either:
0A50C                               ; - exported a song that uses FamiStudio tempo but have defined "FAMISTUDIO_USE_FAMITRACKER_TEMPO"
0A50C                               ; - use delayed notes/cuts, but didnt enable "FAMISTUDIO_USE_FAMITRACKER_DELAYED_NOTES_OR_CUTS"
0A50C                               ; - use vibrato effect, but didnt enable "FAMISTUDIO_USE_VIBRATO"
0A50C                               ; - use arpeggiated chords, but didnt enable "FAMISTUDIO_USE_ARPEGGIO"
0A50C                               ; - use fine pitches, but didnt enable "FAMISTUDIO_USE_PITCH_TRACK"
0A50C                               ; - use a duty cycle effect, but didnt enable "FAMISTUDIO_USE_DUTYCYCLE_EFFECT"
0A50C                               ; - use slide notes, but didnt enable "FAMISTUDIO_USE_SLIDE_NOTES"
0A50C                               ; - use volume slides, but didnt enable "FAMISTUDIO_USE_VOLUME_SLIDES"
0A50C                               ; - use DMC counter effect, but didnt enable "FAMISTUDIO_USE_DELTA_COUNTER"
0A50C                               ; - use a Phase Reset efect, but didnt enable the "FAMISTUDIO_USE_PHASE_RESET"
0A50C                               ; - use an instrument > 63, but didnt enable "FAMISTUDIO_USE_INSTRUMENT_EXTENDED_RANGE"
0A50C                           
0A50C 00                            brk 
0A50D                           
0A50D                           @famistudio_opcode_jmp_lo:
0A50D 87                            .byte <@opcode_extended_note                ; $40
0A50E 8D                            .byte <@opcode_set_reference                ; $41
0A50F B3                            .byte <@opcode_loop                         ; $42
0A510 C5                            .byte <@opcode_disable_attack               ; $43
0A511 CE                            .byte <@opcode_end_song                     ; $44
0A512                           .if FAMISTUDIO_USE_RELEASE_NOTES    
0A512                               .byte <@opcode_release_note                 ; $45
0A512                           .else
0A512 0C                            .byte <@opcode_invalid                      ; $45
0A513                           .endif
0A513                           .if FAMISTUDIO_USE_FAMITRACKER_TEMPO    
0A513                               .byte <@opcode_famitracker_speed            ; $46
0A513                           .else
0A513 0C                            .byte <@opcode_invalid                      ; $46
0A514                           .endif
0A514                           .if FAMISTUDIO_USE_FAMITRACKER_DELAYED_NOTES_OR_CUTS
0A514                               .byte <@opcode_note_delay                   ; $47
0A514                               .byte <@opcode_cut_delay                    ; $48
0A514                           .elseif !FAMISTUDIO_USE_FAMITRACKER_TEMPO
0A514 E4                            .byte <@opcode_set_tempo_envelope           ; $47
0A515 F5                            .byte <@opcode_reset_tempo_envelope         ; $48
0A516                           .else
0A516                               .byte <@opcode_invalid                      ; $47
0A516                               .byte <@opcode_invalid                      ; $48
0A516                           .endif    
0A516                           .if FAMISTUDIO_USE_VIBRATO    
0A516                               .byte <@opcode_override_pitch_envelope      ; $49
0A516                               .byte <@opcode_clear_pitch_override_flag    ; $4a
0A516                           .else
0A516 0C                            .byte <@opcode_invalid                      ; $49
0A517 0C                            .byte <@opcode_invalid                      ; $4a
0A518                           .endif   
0A518                           .if FAMISTUDIO_USE_ARPEGGIO
0A518                               .byte <@opcode_override_arpeggio_envelope   ; $4b
0A518                               .byte <@opcode_clear_arpeggio_override_flag ; $4c
0A518                               .byte <@opcode_reset_arpeggio               ; $4d
0A518                           .else
0A518 0C                            .byte <@opcode_invalid                      ; $4b
0A519 0C                            .byte <@opcode_invalid                      ; $4c
0A51A 0C                            .byte <@opcode_invalid                      ; $4d
0A51B                           .endif    
0A51B                           .if FAMISTUDIO_USE_PITCH_TRACK
0A51B D5                            .byte <@opcode_fine_pitch                   ; $4e
0A51C                           .else
0A51C                               .byte <@opcode_invalid                      ; $4e
0A51C                           .endif    
0A51C                           .if FAMISTUDIO_USE_DUTYCYCLE_EFFECT
0A51C                               .byte <@opcode_duty_cycle_effect            ; $4f
0A51C                           .else
0A51C 0C                            .byte <@opcode_invalid                      ; $4f
0A51D                           .endif    
0A51D                           .if FAMISTUDIO_USE_SLIDE_NOTES
0A51D                               .byte <@opcode_slide                        ; $50
0A51D                           .else
0A51D 0C                            .byte <@opcode_invalid                      ; $50
0A51E                           .endif    
0A51E                           .if FAMISTUDIO_USE_VOLUME_SLIDES
0A51E                               .byte <@opcode_volume_slide                 ; $51
0A51E                           .else
0A51E 0C                            .byte <@opcode_invalid                      ; $51
0A51F                           .endif
0A51F                           .if FAMISTUDIO_USE_DELTA_COUNTER
0A51F                               .byte <@opcode_dmc_counter                  ; $52
0A51F                           .else
0A51F 0C                            .byte <@opcode_invalid                      ; $52
0A520                           .endif
0A520                           .if FAMISTUDIO_USE_PHASE_RESET
0A520                               .byte <@opcode_phase_reset                  ; $53
0A520                           .else
0A520 0C                            .byte <@opcode_invalid                      ; $53
0A521                           .endif
0A521                           .if FAMISTUDIO_USE_INSTRUMENT_EXTENDED_RANGE
0A521                               .byte <@opcode_extended_instrument          ; $54
0A521                           .else
0A521 0C                            .byte <@opcode_invalid                      ; $54
0A522                           .endif
0A522                           .if !FAMISTUDIO_EXP_NONE                        ; Begin expansion-specific opcodes
0A522                           .if FAMISTUDIO_EXP_VRC6
0A522                               .byte <@opcode_vrc6_saw_volume              ; $55
0A522                           .else
0A522                               .byte <@opcode_invalid                      ; $55
0A522                           .endif
0A522                           .if FAMISTUDIO_EXP_VRC7 && FAMISTUDIO_USE_RELEASE_NOTES
0A522                               .byte <@opcode_vrc7_release_note            ; $56
0A522                           .else
0A522                               .byte <@opcode_invalid                      ; $56
0A522                           .endif
0A522                           .if FAMISTUDIO_EXP_FDS
0A522                               .byte <@opcode_fds_mod_speed                ; $57
0A522                               .byte <@opcode_fds_mod_depth                ; $58
0A522                           .else
0A522                               .byte <@opcode_invalid                      ; $57
0A522                               .byte <@opcode_invalid                      ; $58
0A522                           .endif
0A522                           .if FAMISTUDIO_EXP_FDS && FAMISTUDIO_USE_RELEASE_NOTES
0A522                               .byte <@opcode_fds_release_note             ; $59
0A522                           .else
0A522                               .byte <@opcode_invalid                      ; $59
0A522                           .endif
0A522                           .if FAMISTUDIO_EXP_N163 && FAMISTUDIO_USE_RELEASE_NOTES
0A522                               .byte <@opcode_n163_release_note            ; $5a
0A522                           .else
0A522                               .byte <@opcode_invalid                      ; $5a
0A522                           .endif
0A522                           .if FAMISTUDIO_EXP_N163 && FAMISTUDIO_USE_PHASE_RESET
0A522                               .byte <@opcode_n163_phase_reset             ; $5b
0A522                           .else
0A522                               .byte <@opcode_invalid                      ; $5b
0A522                           .endif
0A522                           .if FAMISTUDIO_EXP_EPSM && FAMISTUDIO_USE_RELEASE_NOTES
0A522                               .byte <@opcode_epsm_release_note            ; $5c
0A522                           .else
0A522                               .byte <@opcode_invalid                      ; $5c
0A522                           .endif
0A522                           .if FAMISTUDIO_EXP_EPSM && FAMISTUDIO_EXP_EPSM_SSG_CHN_CNT > 0
0A522                               .byte <@opcode_epsm_manual_env_period       ; $5d
0A522                           .else
0A522                               .byte <@opcode_invalid                      ; $5d
0A522                           .endif
0A522                           .if FAMISTUDIO_EXP_S5B
0A522                               .byte <@opcode_s5b_manual_env_period        ; $5e
0A522                           .else
0A522                               .byte <@opcode_invalid                      ; $5e
0A522                           .endif
0A522                           .endif
0A522                           
0A522                           @famistudio_opcode_jmp_hi:
0A522 A4                            .byte >@opcode_extended_note                ; $40
0A523 A4                            .byte >@opcode_set_reference                ; $41
0A524 A4                            .byte >@opcode_loop                         ; $42
0A525 A4                            .byte >@opcode_disable_attack               ; $43
0A526 A4                            .byte >@opcode_end_song                     ; $44
0A527                           .if FAMISTUDIO_USE_RELEASE_NOTES    
0A527                               .byte >@opcode_release_note                 ; $45
0A527                           .else
0A527 A5                            .byte >@opcode_invalid                      ; $45
0A528                           .endif
0A528                           .if FAMISTUDIO_USE_FAMITRACKER_TEMPO    
0A528                               .byte >@opcode_famitracker_speed            ; $46
0A528                           .else
0A528 A5                            .byte >@opcode_invalid                      ; $46
0A529                           .endif
0A529                           .if FAMISTUDIO_USE_FAMITRACKER_DELAYED_NOTES_OR_CUTS
0A529                               .byte >@opcode_note_delay                   ; $47
0A529                               .byte >@opcode_cut_delay                    ; $48
0A529                           .elseif !FAMISTUDIO_USE_FAMITRACKER_TEMPO
0A529 A4                            .byte >@opcode_set_tempo_envelope           ; $47
0A52A A4                            .byte >@opcode_reset_tempo_envelope         ; $48
0A52B                           .else
0A52B                               .byte >@opcode_invalid                      ; $47
0A52B                               .byte >@opcode_invalid                      ; $48
0A52B                           .endif    
0A52B                           .if FAMISTUDIO_USE_VIBRATO    
0A52B                               .byte >@opcode_override_pitch_envelope      ; $49
0A52B                               .byte >@opcode_clear_pitch_override_flag    ; $4a
0A52B                           .else
0A52B A5                            .byte >@opcode_invalid                      ; $49
0A52C A5                            .byte >@opcode_invalid                      ; $4a
0A52D                           .endif   
0A52D                           .if FAMISTUDIO_USE_ARPEGGIO
0A52D                               .byte >@opcode_override_arpeggio_envelope   ; $4b
0A52D                               .byte >@opcode_clear_arpeggio_override_flag ; $4c
0A52D                               .byte >@opcode_reset_arpeggio               ; $4d
0A52D                           .else
0A52D A5                            .byte >@opcode_invalid                      ; $4b
0A52E A5                            .byte >@opcode_invalid                      ; $4c
0A52F A5                            .byte >@opcode_invalid                      ; $4d
0A530                           .endif    
0A530                           .if FAMISTUDIO_USE_PITCH_TRACK
0A530 A4                            .byte >@opcode_fine_pitch                   ; $4e
0A531                           .else
0A531                               .byte >@opcode_invalid                      ; $4e
0A531                           .endif    
0A531                           .if FAMISTUDIO_USE_DUTYCYCLE_EFFECT
0A531                               .byte >@opcode_duty_cycle_effect            ; $4f
0A531                           .else
0A531 A5                            .byte >@opcode_invalid                      ; $4f
0A532                           .endif    
0A532                           .if FAMISTUDIO_USE_SLIDE_NOTES
0A532                               .byte >@opcode_slide                        ; $50
0A532                           .else
0A532 A5                            .byte >@opcode_invalid                      ; $50
0A533                           .endif    
0A533                           .if FAMISTUDIO_USE_VOLUME_SLIDES
0A533                               .byte >@opcode_volume_slide                 ; $51
0A533                           .else
0A533 A5                            .byte >@opcode_invalid                      ; $51
0A534                           .endif
0A534                           .if FAMISTUDIO_USE_DELTA_COUNTER
0A534                               .byte >@opcode_dmc_counter                  ; $52
0A534                           .else
0A534 A5                            .byte >@opcode_invalid                      ; $52
0A535                           .endif
0A535                           .if FAMISTUDIO_USE_PHASE_RESET
0A535                               .byte >@opcode_phase_reset                  ; $53
0A535                           .else
0A535 A5                            .byte >@opcode_invalid                      ; $53
0A536                           .endif
0A536                           .if FAMISTUDIO_USE_INSTRUMENT_EXTENDED_RANGE
0A536                               .byte >@opcode_extended_instrument          ; $54
0A536                           .else
0A536 A5                            .byte >@opcode_invalid                      ; $54
0A537                           .endif
0A537                           .if !FAMISTUDIO_EXP_NONE                        ; Begin expansion-specific opcodes
0A537                           .if FAMISTUDIO_EXP_VRC6
0A537                               .byte >@opcode_vrc6_saw_volume              ; $55
0A537                           .else
0A537                               .byte >@opcode_invalid                      ; $55
0A537                           .endif
0A537                           .if FAMISTUDIO_EXP_VRC7 && FAMISTUDIO_USE_RELEASE_NOTES
0A537                               .byte >@opcode_vrc7_release_note            ; $56
0A537                           .else
0A537                               .byte >@opcode_invalid                      ; $56
0A537                           .endif
0A537                           .if FAMISTUDIO_EXP_FDS
0A537                               .byte >@opcode_fds_mod_speed                ; $57
0A537                               .byte >@opcode_fds_mod_depth                ; $58
0A537                           .else
0A537                               .byte >@opcode_invalid                      ; $57
0A537                               .byte >@opcode_invalid                      ; $58
0A537                           .endif
0A537                           .if FAMISTUDIO_EXP_FDS && FAMISTUDIO_USE_RELEASE_NOTES
0A537                               .byte >@opcode_fds_release_note             ; $59
0A537                           .else
0A537                               .byte >@opcode_invalid                      ; $59
0A537                           .endif
0A537                           .if FAMISTUDIO_EXP_N163 && FAMISTUDIO_USE_RELEASE_NOTES
0A537                               .byte >@opcode_n163_release_note            ; $5a
0A537                           .else
0A537                               .byte >@opcode_invalid                      ; $5a
0A537                           .endif
0A537                           .if FAMISTUDIO_EXP_N163 && FAMISTUDIO_USE_PHASE_RESET
0A537                               .byte >@opcode_n163_phase_reset             ; $5b
0A537                           .else
0A537                               .byte >@opcode_invalid                      ; $5b
0A537                           .endif
0A537                           .if FAMISTUDIO_EXP_EPSM && FAMISTUDIO_USE_RELEASE_NOTES
0A537                               .byte >@opcode_epsm_release_note            ; $5c
0A537                           .else
0A537                               .byte >@opcode_invalid                      ; $5c
0A537                           .endif
0A537                           .if FAMISTUDIO_EXP_EPSM && FAMISTUDIO_EXP_EPSM_SSG_CHN_CNT > 0
0A537                               .byte >@opcode_epsm_manual_env_period       ; $5d
0A537                           .else
0A537                               .byte >@opcode_invalid                      ; $5d
0A537                           .endif
0A537                           .if FAMISTUDIO_EXP_S5B
0A537                               .byte >@opcode_s5b_manual_env_period        ; $5e
0A537                           .else
0A537                               .byte >@opcode_invalid                      ; $5e
0A537                           .endif
0A537                           .endif
0A537                           
0A537                           ;======================================================================================================================
0A537                           ; FAMISTUDIO_SAMPLE_STOP (internal)
0A537                           ;
0A537                           ; Stop DPCM sample if it plays
0A537                           ;
0A537                           ; [in] no input params.
0A537                           ;======================================================================================================================
0A537                           
0A537                           famistudio_sample_stop:
0A537                           
0A537 A9 0F                         lda #%00001111
0A539 8D 15 40                      sta FAMISTUDIO_APU_SND_CHN
0A53C 60                            rts
0A53D                           
0A53D                               
0A53D                           .if FAMISTUDIO_CFG_DPCM_SUPPORT
0A53D                           
0A53D                           ;======================================================================================================================
0A53D                           ; FAMISTUDIO_SAMPLE_PLAY_SFX (public)
0A53D                           ;
0A53D                           ; Play DPCM sample with higher priority, for sound effects
0A53D                           ;
0A53D                           ; [in] a: Sample index, 1...63.
0A53D                           ;======================================================================================================================
0A53D                           
0A53D                           famistudio_sfx_sample_play:
0A53D                           
0A53D                               ldx #1
0A53D                               stx famistudio_dpcm_effect
0A53D                           
0A53D                           sample_play:
0A53D                           
0A53D                               update_flags = famistudio_r1
0A53D                               tmp = famistudio_r3
0A53D                               sample_index = famistudio_r3
0A53D                               sample_data_ptr = famistudio_ptr1
0A53D                           
0A53D                           .if FAMISTUDIO_USE_DPCM_BANKSWITCHING || FAMISTUDIO_USE_DPCM_EXTENDED_RANGE
0A53D                               ; famistudio_dpcm_list + sample number * (4 or 5)
0A53D                               sta sample_index
0A53D                               ldy #0
0A53D                               sty sample_data_ptr+1
0A53D                               asl
0A53D                               rol sample_data_ptr+1
0A53D                               asl 
0A53D                               rol sample_data_ptr+1 ; Will clear carry
0A53D                           .if FAMISTUDIO_USE_DPCM_BANKSWITCHING
0A53D                               ; Multiply by 5 instead of 4.
0A53D                               adc sample_index
0A53D                               bcc add_list_ptr
0A53D                                   inc sample_data_ptr+1 
0A53D                                   clc
0A53D                               add_list_ptr:
0A53D                           .endif
0A53D                                   adc famistudio_dpcm_list_lo
0A53D                                   sta sample_data_ptr+0
0A53D                                   lda sample_data_ptr+1
0A53D                                   adc famistudio_dpcm_list_hi
0A53D                                   sta sample_data_ptr+1    
0A53D                           .else
0A53D                               asl ; Sample number * 4, offset in the sample table
0A53D                               asl ; Carry should be clear now, we dont allow more than 63 sample mappings.
0A53D                               adc famistudio_dpcm_list_lo
0A53D                               sta sample_data_ptr+0
0A53D                               lda #0
0A53D                               adc famistudio_dpcm_list_hi
0A53D                               sta sample_data_ptr+1
0A53D                           .endif
0A53D                           
0A53D                           stop_dpcm:
0A53D                               lda #%00001111 ; Stop DPCM
0A53D                               sta FAMISTUDIO_APU_SND_CHN
0A53D                           
0A53D                               ldy #0
0A53D                               lda (sample_data_ptr),y ; Sample offset
0A53D                               sta FAMISTUDIO_APU_DMC_START
0A53D                               iny
0A53D                               lda (sample_data_ptr),y ; Sample length
0A53D                               sta FAMISTUDIO_APU_DMC_LEN
0A53D                               iny
0A53D                               lda (sample_data_ptr),y ; Pitch and loop
0A53D                               sta FAMISTUDIO_APU_DMC_FREQ
0A53D                               iny
0A53D                           
0A53D                           .if FAMISTUDIO_USE_DELTA_COUNTER
0A53D                               lda famistudio_dmc_delta_counter
0A53D                               bmi read_dmc_initial_value
0A53D                               sta FAMISTUDIO_APU_DMC_RAW
0A53D                               lda #$ff
0A53D                               sta famistudio_dmc_delta_counter
0A53D                               bmi start_dmc
0A53D                           read_dmc_initial_value:
0A53D                           .endif    
0A53D                           
0A53D                               bit update_flags
0A53D                               bmi start_dmc
0A53D                               lda (sample_data_ptr),y ; Initial DMC counter
0A53D                               sta FAMISTUDIO_APU_DMC_RAW
0A53D                           
0A53D                           start_dmc:
0A53D                           .if FAMISTUDIO_USE_DPCM_BANKSWITCHING
0A53D                               iny
0A53D                               lda (sample_data_ptr),y ; Bank number
0A53D                               jsr famistudio_dpcm_bank_callback
0A53D                           .endif
0A53D                           
0A53D                               lda #%00011111 ; Start DMC
0A53D                               sta FAMISTUDIO_APU_SND_CHN
0A53D                           
0A53D                               rts
0A53D                           
0A53D                           ;======================================================================================================================
0A53D                           ; FAMISTUDIO_SAMPLE_PLAY_MUSIC (internal)
0A53D                           ;
0A53D                           ; Play DPCM sample, used by music player, could be used externally. Samples played for music have lower priority than
0A53D                           ; samples played by SFX.
0A53D                           ;
0A53D                           ; [in] a: Sample index, 1...63.
0A53D                           ;======================================================================================================================
0A53D                           
0A53D                           famistudio_music_sample_play:
0A53D                           
0A53D                               ldx famistudio_dpcm_effect
0A53D                               beq sample_play
0A53D                               tax
0A53D                               lda FAMISTUDIO_APU_SND_CHN
0A53D                               and #16
0A53D                               beq @not_busy
0A53D                               rts
0A53D                           
0A53D                           @not_busy:
0A53D                               sta famistudio_dpcm_effect
0A53D                               txa
0A53D                               jmp sample_play
0A53D                           
0A53D                           .endif
0A53D                           
0A53D                           .if FAMISTUDIO_CFG_SFX_SUPPORT
0A53D                           
0A53D                           ;======================================================================================================================
0A53D                           ; FAMISTUDIO_SFX_INIT (public)
0A53D                           ;
0A53D                           ; Initialize the sound effect player.
0A53D                           ;
0A53D                           ; [in] x: Sound effect data pointer (lo)
0A53D                           ; [in] y: Sound effect data pointer (hi)
0A53D                           ;======================================================================================================================
0A53D                           
0A53D                           famistudio_sfx_init:
0A53D                           
0A53D                               effect_list_ptr = famistudio_ptr0
0A53D                           
0A53D                           .ifndef FAMISTUDIO_CFG_DC_FIXED_SFX_TABLE
0A53D                               stx effect_list_ptr+0
0A53D                               sty effect_list_ptr+1
0A53D                               
0A53D                               ldy #0
0A53D                               
0A53D                           .if FAMISTUDIO_DUAL_SUPPORT
0A53D                               lda famistudio_pal_adjust ; Add 2 to the sound list pointer for PAL
0A53D                               bne @ntsc
0A53D                               iny
0A53D                               iny
0A53D                           @ntsc:
0A53D                           .endif
0A53D                               
0A53D                               lda (effect_list_ptr),y 
0A53D                               sta famistudio_sfx_addr_lo
0A53D                               iny
0A53D                               lda (effect_list_ptr),y
0A53D                               sta famistudio_sfx_addr_hi
0A53D                           .endif
0A53D                           
0A53D A2 00                         ldx #FAMISTUDIO_SFX_CH0 
0A53F                           
0A53F                           @set_channels:
0A53F 20 4C A5                      jsr famistudio_sfx_clear_channel
0A542 8A                            txa
0A543 18                            clc
0A544 69 0F                         adc #FAMISTUDIO_SFX_STRUCT_SIZE
0A546 AA                            tax
0A547 E0 0F                         cpx #FAMISTUDIO_SFX_STRUCT_SIZE*FAMISTUDIO_CFG_SFX_STREAMS
0A549 D0 F4                         bne @set_channels
0A54B                           
0A54B 60                            rts
0A54C                           
0A54C                           ;======================================================================================================================
0A54C                           ; FAMISTUDIO_SFX_CLEAR_CHANNEL (internal)
0A54C                           ;
0A54C                           ; Clears output buffer of a sound effect.
0A54C                           ;
0A54C                           ; [in] x: Offset of the sound effect stream.
0A54C                           ;======================================================================================================================
0A54C                           
0A54C                           famistudio_sfx_clear_channel:
0A54C                           
0A54C A9 00                         lda #0
0A54E 9D 5B 04                      sta famistudio_sfx_ptr_hi,x   ; This stops the effect
0A551 9D 59 04                      sta famistudio_sfx_repeat,x
0A554 9D 5C 04                      sta famistudio_sfx_offset,x
0A557 9D 63 04                      sta famistudio_sfx_buffer+6,x ; Mute triangle
0A55A A9 30                         lda #$30
0A55C 9D 5D 04                      sta famistudio_sfx_buffer+0,x ; Mute pulse1
0A55F 9D 60 04                      sta famistudio_sfx_buffer+3,x ; Mute pulse2
0A562 9D 66 04                      sta famistudio_sfx_buffer+9,x ; Mute noise
0A565 60                            rts
0A566                           
0A566                           ;======================================================================================================================
0A566                           ; FAMISTUDIO_SFX_PLAY (public)
0A566                           ;
0A566                           ; Plays a sound effect.
0A566                           ;
0A566                           ; [in] a: Sound effect index (0...127)
0A566                           ; [in] x: Offset of sound effect channel, should be FAMISTUDIO_SFX_CH0..FAMISTUDIO_SFX_CH3
0A566                           ;======================================================================================================================
0A566                           
0A566                           famistudio_sfx_play:
0A566                           
0A566                               effect_data_ptr = famistudio_ptr0
0A566                           
0A566 0A                            asl a
0A567 A8                            tay
0A568                           
0A568 20 4C A5                      jsr famistudio_sfx_clear_channel ; Stops the effect if it plays
0A56B                           
0A56B                           .ifdef FAMISTUDIO_CFG_DC_FIXED_SFX_TABLE
0A56B A9 22                         lda #<dc_sfx_table
0A56D 85 2D                         sta effect_data_ptr+0
0A56F A9 A8                         lda #>dc_sfx_table
0A571 85 2E                         sta effect_data_ptr+1
0A573                           .else
0A573                               lda famistudio_sfx_addr_lo
0A573                               sta effect_data_ptr+0
0A573                               lda famistudio_sfx_addr_hi
0A573                               sta effect_data_ptr+1
0A573                           .endif
0A573                           
0A573 B1 2D                         lda (effect_data_ptr),y
0A575 9D 5A 04                      sta famistudio_sfx_ptr_lo,x
0A578 C8                            iny
0A579 B1 2D                         lda (effect_data_ptr),y
0A57B 9D 5B 04                      sta famistudio_sfx_ptr_hi,x ; This write enables the effect
0A57E                           
0A57E 60                            rts
0A57F                           
0A57F                           ;======================================================================================================================
0A57F                           ; FAMISTUDIO_SFX_UPDATE (internal)
0A57F                           ;
0A57F                           ; Updates a single sound effect stream.
0A57F                           ;
0A57F                           ; [in] x: Offset of sound effect channel, should be FAMISTUDIO_SFX_CH0..FAMISTUDIO_SFX_CH3
0A57F                           ;======================================================================================================================
0A57F                           
0A57F                           famistudio_sfx_update:
0A57F                           
0A57F                               tmp = famistudio_r0
0A57F                               tmpx = famistudio_r1
0A57F                               effect_data_ptr = famistudio_ptr0
0A57F                           
0A57F BD 59 04                      lda famistudio_sfx_repeat,x ; Check if repeat counter is not zero
0A582 F0 05                         beq @no_repeat
0A584 DE 59 04                      dec famistudio_sfx_repeat,x ; Decrement and return
0A587 D0 4B                         bne @update_buf ; Just mix with output buffer
0A589                           
0A589                           @no_repeat:
0A589 BD 5B 04                      lda famistudio_sfx_ptr_hi,x ; Check if MSB of the pointer is not zero
0A58C D0 01                         bne @sfx_active
0A58E 60                            rts ; Return otherwise, no active effect
0A58F                           
0A58F                           @sfx_active:
0A58F 85 2E                         sta effect_data_ptr+1         ;load effect pointer into temp
0A591 BD 5A 04                      lda famistudio_sfx_ptr_lo,x
0A594 85 2D                         sta effect_data_ptr+0
0A596 BC 5C 04                      ldy famistudio_sfx_offset,x
0A599 18                            clc
0A59A                           
0A59A                           @read_byte:
0A59A B1 2D                         lda (effect_data_ptr),y ; Read byte of effect
0A59C 30 12                         bmi @get_data ; If bit 7 is set, it is a register write
0A59E F0 31                         beq @eof
0A5A0 C8                            iny
0A5A1 D0 03                         bne @store_repeat
0A5A3 20 3B A6                      jsr @inc_sfx
0A5A6                           @store_repeat:
0A5A6 9D 59 04                      sta famistudio_sfx_repeat,x ; If bit 7 is reset, it is number of repeats
0A5A9 98                            tya
0A5AA 9D 5C 04                      sta famistudio_sfx_offset,x
0A5AD 4C D4 A5                      jmp @update_buf
0A5B0                           
0A5B0                           @get_data:
0A5B0 C8                            iny
0A5B1 D0 03                         bne @get_data2
0A5B3 20 3B A6                      jsr @inc_sfx
0A5B6                           @get_data2:
0A5B6 86 28                         stx tmp ; It is a register write
0A5B8 65 28                         adc tmp ; Get offset in the effect output buffer
0A5BA AA                            tax
0A5BB B1 2D                         lda (effect_data_ptr),y
0A5BD C8                            iny
0A5BE D0 09                         bne @write_buffer
0A5C0 86 29                         stx tmpx
0A5C2 A6 28                         ldx tmp
0A5C4 20 3B A6                      jsr @inc_sfx
0A5C7 A6 29                         ldx tmpx
0A5C9                           @write_buffer:
0A5C9 9D DD 03                      sta famistudio_sfx_buffer-128,x
0A5CC A6 28                         ldx tmp
0A5CE 4C 9A A5                      jmp @read_byte 
0A5D1                           
0A5D1                           @eof:
0A5D1 9D 5B 04                      sta famistudio_sfx_ptr_hi,x ; Mark channel as inactive
0A5D4                           
0A5D4                           @update_buf:
0A5D4 A5 4C                         lda famistudio_output_buf ; Compare effect output buffer with main output buffer
0A5D6 29 0F                         and #$0f ; If volume of pulse 1 of effect is higher than that of the main buffer, overwrite the main buffer value with the new one
0A5D8 85 28                         sta tmp 
0A5DA BD 5D 04                      lda famistudio_sfx_buffer+0,x
0A5DD 29 0F                         and #$0f
0A5DF C5 28                         cmp tmp
0A5E1 90 0F                         bcc @no_pulse1
0A5E3 BD 5D 04                      lda famistudio_sfx_buffer+0,x
0A5E6 85 4C                         sta famistudio_output_buf+0
0A5E8 BD 5E 04                      lda famistudio_sfx_buffer+1,x
0A5EB 85 4D                         sta famistudio_output_buf+1
0A5ED BD 5F 04                      lda famistudio_sfx_buffer+2,x
0A5F0 85 4E                         sta famistudio_output_buf+2
0A5F2                           
0A5F2                           @no_pulse1:
0A5F2 A5 4F                         lda famistudio_output_buf+3
0A5F4 29 0F                         and #$0f
0A5F6 85 28                         sta tmp
0A5F8 BD 60 04                      lda famistudio_sfx_buffer+3,x
0A5FB 29 0F                         and #$0f
0A5FD C5 28                         cmp tmp
0A5FF 90 0F                         bcc @no_pulse2
0A601 BD 60 04                      lda famistudio_sfx_buffer+3,x
0A604 85 4F                         sta famistudio_output_buf+3
0A606 BD 61 04                      lda famistudio_sfx_buffer+4,x
0A609 85 50                         sta famistudio_output_buf+4
0A60B BD 62 04                      lda famistudio_sfx_buffer+5,x
0A60E 85 51                         sta famistudio_output_buf+5
0A610                           
0A610                           @no_pulse2:
0A610 BD 63 04                      lda famistudio_sfx_buffer+6,x ; Overwrite triangle of main output buffer if it is active
0A613 F0 0C                         beq @no_triangle
0A615 85 52                         sta famistudio_output_buf+6
0A617 BD 64 04                      lda famistudio_sfx_buffer+7,x
0A61A 85 53                         sta famistudio_output_buf+7
0A61C BD 65 04                      lda famistudio_sfx_buffer+8,x
0A61F 85 54                         sta famistudio_output_buf+8
0A621                           
0A621                           @no_triangle:
0A621 A5 55                         lda famistudio_output_buf+9
0A623 29 0F                         and #$0f
0A625 85 28                         sta tmp
0A627 BD 66 04                      lda famistudio_sfx_buffer+9,x
0A62A 29 0F                         and #$0f
0A62C C5 28                         cmp tmp
0A62E 90 0A                         bcc @no_noise
0A630 BD 66 04                      lda famistudio_sfx_buffer+9,x
0A633 85 55                         sta famistudio_output_buf+9
0A635 BD 67 04                      lda famistudio_sfx_buffer+10,x
0A638 85 56                         sta famistudio_output_buf+10
0A63A                           
0A63A                           @no_noise:
0A63A 60                            rts
0A63B                           
0A63B                           @inc_sfx:
0A63B E6 2E                         inc effect_data_ptr+1
0A63D FE 5B 04                      inc famistudio_sfx_ptr_hi,x
0A640 60                            rts
0A641                           
0A641                           .endif
0A641                           
0A641                           ; Dummy envelope used to initialize all channels with silence
0A641                           famistudio_dummy_envelope:
0A641 C0 7F 00 00                   .byte $c0,$7f,$00,$00
0A645                           
0A645                           famistudio_dummy_pitch_envelope:
0A645 00 C0 7F 00 01                .byte $00,$c0,$7f,$00,$01
0A64A                           
0A64A                           ; Note tables
0A64A                               .if FAMISTUDIO_EXP_S5B
0A64A                               famistudio_exp_note_table_lsb:
0A64A                               famistudio_s5b_note_table_lsb:
0A64A                               .endif
0A64A                           famistudio_note_table_lsb:
0A64A                                   .if FAMISTUDIO_CFG_PAL_SUPPORT
0A64A                                       .incbin "FamiStudio-4.5.3-source/FamiStudio-4.5.3/SoundEngine/NoteTables/famistudio_note_table_pal_lsb.bin"
0A64A                                   .endif
0A64A                                   .if FAMISTUDIO_CFG_NTSC_SUPPORT
0A64A 00 5B 9C E6 3B 9A 01 72..             .incbin "FamiStudio-4.5.3-source/FamiStudio-4.5.3/SoundEngine/NoteTables/famistudio_note_table_lsb.bin"
0A6AB                                   .endif
0A6AB                           
0A6AB                               .if FAMISTUDIO_EXP_S5B
0A6AB                               famistudio_exp_note_table_msb:
0A6AB                               famistudio_s5b_note_table_msb:
0A6AB                               .endif
0A6AB                           famistudio_note_table_msb:
0A6AB                                   .if FAMISTUDIO_CFG_PAL_SUPPORT
0A6AB                                       .incbin "FamiStudio-4.5.3-source/FamiStudio-4.5.3/SoundEngine/NoteTables/famistudio_note_table_pal_msb.bin"
0A6AB                                   .endif
0A6AB                                   .if FAMISTUDIO_CFG_NTSC_SUPPORT
0A6AB 00 0D 0C 0B 0B 0A 0A 09..             .incbin "FamiStudio-4.5.3-source/FamiStudio-4.5.3/SoundEngine/NoteTables/famistudio_note_table_msb.bin"
0A70C                                   .endif
0A70C                           
0A70C                               .if FAMISTUDIO_EXP_VRC6
0A70C                               famistudio_exp_note_table_lsb:
0A70C                               famistudio_saw_note_table_lsb:
0A70C                                   .if FAMISTUDIO_CFG_PAL_SUPPORT
0A70C                                       .incbin "NoteTables/famistudio_saw_note_table_pal_lsb.bin"
0A70C                                   .endif
0A70C                                   .if FAMISTUDIO_CFG_NTSC_SUPPORT
0A70C                                       .incbin "NoteTables/famistudio_saw_note_table_lsb.bin"
0A70C                                   .endif
0A70C                               famistudio_exp_note_table_msb:
0A70C                               famistudio_saw_note_table_msb: 
0A70C                                   .if FAMISTUDIO_CFG_PAL_SUPPORT  
0A70C                                       .incbin "NoteTables/famistudio_saw_note_table_pal_msb.bin"
0A70C                                   .endif
0A70C                                   .if FAMISTUDIO_CFG_NTSC_SUPPORT    
0A70C                                       .incbin "NoteTables/famistudio_saw_note_table_msb.bin"
0A70C                                   .endif
0A70C                               .endif
0A70C                           
0A70C                               .if FAMISTUDIO_EXP_VRC7
0A70C                               famistudio_exp_note_table_lsb:
0A70C                               famistudio_vrc7_note_table_lsb:
0A70C                                   .incbin "NoteTables/famistudio_vrc7_note_table_lsb.bin"
0A70C                               famistudio_exp_note_table_msb:
0A70C                               famistudio_vrc7_note_table_msb:
0A70C                                   .incbin "NoteTables/famistudio_vrc7_note_table_msb.bin"
0A70C                               .endif
0A70C                           
0A70C                               .if FAMISTUDIO_EXP_EPSM
0A70C                                   .if FAMISTUDIO_EXP_EPSM_FM_CHN_CNT > 0
0A70C                               famistudio_epsm_note_table_lsb:
0A70C                                   .incbin "NoteTables/famistudio_epsm_note_table_lsb.bin"
0A70C                               famistudio_epsm_note_table_msb:
0A70C                                   .incbin "NoteTables/famistudio_epsm_note_table_msb.bin"
0A70C                                   .endif
0A70C                               famistudio_exp_note_table_lsb:
0A70C                               famistudio_epsm_s_note_table_lsb:
0A70C                                   .incbin "NoteTables/famistudio_epsm_s_note_table_lsb.bin"
0A70C                               famistudio_exp_note_table_msb:
0A70C                               famistudio_epsm_s_note_table_msb:
0A70C                                   .incbin "NoteTables/famistudio_epsm_s_note_table_msb.bin"
0A70C                               .endif
0A70C                           
0A70C                               .if FAMISTUDIO_EXP_FDS
0A70C                               famistudio_exp_note_table_lsb:
0A70C                               famistudio_fds_note_table_lsb:
0A70C                                   .if FAMISTUDIO_CFG_PAL_SUPPORT
0A70C                                       .incbin "NoteTables/famistudio_fds_note_table_pal_lsb.bin"
0A70C                                   .endif
0A70C                                   .if FAMISTUDIO_CFG_NTSC_SUPPORT
0A70C                                       .incbin "NoteTables/famistudio_fds_note_table_lsb.bin"
0A70C                                   .endif
0A70C                               famistudio_exp_note_table_msb:
0A70C                               famistudio_fds_note_table_msb:
0A70C                                   .if FAMISTUDIO_CFG_PAL_SUPPORT
0A70C                                       .incbin "NoteTables/famistudio_fds_note_table_pal_msb.bin"
0A70C                                   .endif
0A70C                                   .if FAMISTUDIO_CFG_NTSC_SUPPORT
0A70C                                       .incbin "NoteTables/famistudio_fds_note_table_msb.bin"
0A70C                                   .endif
0A70C                               .endif
0A70C                           
0A70C                               .if FAMISTUDIO_EXP_N163
0A70C                               famistudio_exp_note_table_lsb:
0A70C                               famistudio_n163_note_table_lsb:
0A70C                                   .if FAMISTUDIO_CFG_PAL_SUPPORT
0A70C                                       .if FAMISTUDIO_EXP_N163_CHN_CNT = 1
0A70C                                           .incbin "NoteTables/famistudio_n163_note_table_pal_1ch_lsb.bin"
0A70C                                       .endif
0A70C                                       .if FAMISTUDIO_EXP_N163_CHN_CNT = 2
0A70C                                           .incbin "NoteTables/famistudio_n163_note_table_pal_2ch_lsb.bin"
0A70C                                       .endif
0A70C                                       .if FAMISTUDIO_EXP_N163_CHN_CNT = 3
0A70C                                           .incbin "NoteTables/famistudio_n163_note_table_pal_3ch_lsb.bin"
0A70C                                       .endif
0A70C                                       .if FAMISTUDIO_EXP_N163_CHN_CNT = 4
0A70C                                           .incbin "NoteTables/famistudio_n163_note_table_pal_4ch_lsb.bin"
0A70C                                       .endif
0A70C                                       .if FAMISTUDIO_EXP_N163_CHN_CNT = 5
0A70C                                           .incbin "NoteTables/famistudio_n163_note_table_pal_5ch_lsb.bin"
0A70C                                       .endif
0A70C                                       .if FAMISTUDIO_EXP_N163_CHN_CNT = 6
0A70C                                           .incbin "NoteTables/famistudio_n163_note_table_pal_6ch_lsb.bin"
0A70C                                       .endif
0A70C                                       .if FAMISTUDIO_EXP_N163_CHN_CNT = 7
0A70C                                           .incbin "NoteTables/famistudio_n163_note_table_pal_7ch_lsb.bin"
0A70C                                       .endif
0A70C                                       .if FAMISTUDIO_EXP_N163_CHN_CNT = 8
0A70C                                           .incbin "NoteTables/famistudio_n163_note_table_pal_8ch_lsb.bin"
0A70C                                       .endif
0A70C                                   .endif
0A70C                                   .if FAMISTUDIO_CFG_NTSC_SUPPORT
0A70C                                       .if FAMISTUDIO_EXP_N163_CHN_CNT = 1
0A70C                                           .incbin "NoteTables/famistudio_n163_note_table_1ch_lsb.bin"
0A70C                                       .endif
0A70C                                       .if FAMISTUDIO_EXP_N163_CHN_CNT = 2
0A70C                                           .incbin "NoteTables/famistudio_n163_note_table_2ch_lsb.bin"
0A70C                                       .endif
0A70C                                       .if FAMISTUDIO_EXP_N163_CHN_CNT = 3
0A70C                                           .incbin "NoteTables/famistudio_n163_note_table_3ch_lsb.bin"
0A70C                                       .endif
0A70C                                       .if FAMISTUDIO_EXP_N163_CHN_CNT = 4
0A70C                                           .incbin "NoteTables/famistudio_n163_note_table_4ch_lsb.bin"
0A70C                                       .endif
0A70C                                       .if FAMISTUDIO_EXP_N163_CHN_CNT = 5
0A70C                                           .incbin "NoteTables/famistudio_n163_note_table_5ch_lsb.bin"
0A70C                                       .endif
0A70C                                       .if FAMISTUDIO_EXP_N163_CHN_CNT = 6
0A70C                                           .incbin "NoteTables/famistudio_n163_note_table_6ch_lsb.bin"
0A70C                                       .endif
0A70C                                       .if FAMISTUDIO_EXP_N163_CHN_CNT = 7
0A70C                                           .incbin "NoteTables/famistudio_n163_note_table_7ch_lsb.bin"
0A70C                                       .endif
0A70C                                       .if FAMISTUDIO_EXP_N163_CHN_CNT = 8
0A70C                                           .incbin "NoteTables/famistudio_n163_note_table_8ch_lsb.bin"
0A70C                                       .endif
0A70C                                   .endif
0A70C                               famistudio_exp_note_table_msb:
0A70C                               famistudio_n163_note_table_msb:
0A70C                                   .if FAMISTUDIO_CFG_PAL_SUPPORT
0A70C                                       .if FAMISTUDIO_EXP_N163_CHN_CNT = 1
0A70C                                           .incbin "NoteTables/famistudio_n163_note_table_pal_1ch_msb.bin"
0A70C                                       .endif
0A70C                                       .if FAMISTUDIO_EXP_N163_CHN_CNT = 2
0A70C                                           .incbin "NoteTables/famistudio_n163_note_table_pal_2ch_msb.bin"
0A70C                                       .endif
0A70C                                       .if FAMISTUDIO_EXP_N163_CHN_CNT = 3
0A70C                                           .incbin "NoteTables/famistudio_n163_note_table_pal_3ch_msb.bin"
0A70C                                       .endif
0A70C                                       .if FAMISTUDIO_EXP_N163_CHN_CNT = 4
0A70C                                           .incbin "NoteTables/famistudio_n163_note_table_pal_4ch_msb.bin"
0A70C                                       .endif
0A70C                                       .if FAMISTUDIO_EXP_N163_CHN_CNT = 5
0A70C                                           .incbin "NoteTables/famistudio_n163_note_table_pal_5ch_msb.bin"
0A70C                                       .endif
0A70C                                       .if FAMISTUDIO_EXP_N163_CHN_CNT = 6
0A70C                                           .incbin "NoteTables/famistudio_n163_note_table_pal_6ch_msb.bin"
0A70C                                       .endif
0A70C                                       .if FAMISTUDIO_EXP_N163_CHN_CNT = 7
0A70C                                           .incbin "NoteTables/famistudio_n163_note_table_pal_7ch_msb.bin"
0A70C                                       .endif
0A70C                                       .if FAMISTUDIO_EXP_N163_CHN_CNT = 8
0A70C                                           .incbin "NoteTables/famistudio_n163_note_table_pal_8ch_msb.bin"
0A70C                                       .endif
0A70C                                   .endif
0A70C                                   .if FAMISTUDIO_CFG_NTSC_SUPPORT
0A70C                                       .if FAMISTUDIO_EXP_N163_CHN_CNT = 1
0A70C                                           .incbin "NoteTables/famistudio_n163_note_table_1ch_msb.bin"
0A70C                                       .endif
0A70C                                       .if FAMISTUDIO_EXP_N163_CHN_CNT = 2
0A70C                                           .incbin "NoteTables/famistudio_n163_note_table_2ch_msb.bin"
0A70C                                       .endif
0A70C                                       .if FAMISTUDIO_EXP_N163_CHN_CNT = 3
0A70C                                           .incbin "NoteTables/famistudio_n163_note_table_3ch_msb.bin"
0A70C                                       .endif
0A70C                                       .if FAMISTUDIO_EXP_N163_CHN_CNT = 4
0A70C                                           .incbin "NoteTables/famistudio_n163_note_table_4ch_msb.bin"
0A70C                                       .endif
0A70C                                       .if FAMISTUDIO_EXP_N163_CHN_CNT = 5
0A70C                                           .incbin "NoteTables/famistudio_n163_note_table_5ch_msb.bin"
0A70C                                       .endif
0A70C                                       .if FAMISTUDIO_EXP_N163_CHN_CNT = 6
0A70C                                           .incbin "NoteTables/famistudio_n163_note_table_6ch_msb.bin"
0A70C                                       .endif
0A70C                                       .if FAMISTUDIO_EXP_N163_CHN_CNT = 7
0A70C                                           .incbin "NoteTables/famistudio_n163_note_table_7ch_msb.bin"
0A70C                                       .endif
0A70C                                       .if FAMISTUDIO_EXP_N163_CHN_CNT = 8
0A70C                                           .incbin "NoteTables/famistudio_n163_note_table_8ch_msb.bin"
0A70C                                       .endif
0A70C                                   .endif
0A70C                               .endif
0A70C                           
0A70C                           ; For a given channel, returns the index of the volume envelope.
0A70C                           famistudio_channel_env:
0A70C                           famistudio_channel_to_volume_env:
0A70C 00                            .byte FAMISTUDIO_CH0_ENVS+FAMISTUDIO_ENV_VOLUME_OFF
0A70D 03                            .byte FAMISTUDIO_CH1_ENVS+FAMISTUDIO_ENV_VOLUME_OFF
0A70E 06                            .byte FAMISTUDIO_CH2_ENVS+FAMISTUDIO_ENV_VOLUME_OFF
0A70F 08                            .byte FAMISTUDIO_CH3_ENVS+FAMISTUDIO_ENV_VOLUME_OFF
0A710 FF                            .byte $ff
0A711                           .if FAMISTUDIO_EXP_VRC6
0A711                               .byte FAMISTUDIO_VRC6_CH0_ENVS+FAMISTUDIO_ENV_VOLUME_OFF
0A711                               .byte FAMISTUDIO_VRC6_CH1_ENVS+FAMISTUDIO_ENV_VOLUME_OFF
0A711                               .byte FAMISTUDIO_VRC6_CH2_ENVS+FAMISTUDIO_ENV_VOLUME_OFF
0A711                           .endif
0A711                           .if FAMISTUDIO_EXP_VRC7
0A711                               .byte FAMISTUDIO_VRC7_CH0_ENVS+FAMISTUDIO_ENV_VOLUME_OFF
0A711                               .byte FAMISTUDIO_VRC7_CH1_ENVS+FAMISTUDIO_ENV_VOLUME_OFF
0A711                               .byte FAMISTUDIO_VRC7_CH2_ENVS+FAMISTUDIO_ENV_VOLUME_OFF
0A711                               .byte FAMISTUDIO_VRC7_CH3_ENVS+FAMISTUDIO_ENV_VOLUME_OFF
0A711                               .byte FAMISTUDIO_VRC7_CH4_ENVS+FAMISTUDIO_ENV_VOLUME_OFF
0A711                               .byte FAMISTUDIO_VRC7_CH5_ENVS+FAMISTUDIO_ENV_VOLUME_OFF
0A711                           .endif
0A711                           .if FAMISTUDIO_EXP_FDS
0A711                               .byte FAMISTUDIO_FDS_CH0_ENVS+FAMISTUDIO_ENV_VOLUME_OFF
0A711                           .endif
0A711                           .if FAMISTUDIO_EXP_MMC5
0A711                               .byte FAMISTUDIO_MMC5_CH0_ENVS+FAMISTUDIO_ENV_VOLUME_OFF
0A711                               .byte FAMISTUDIO_MMC5_CH1_ENVS+FAMISTUDIO_ENV_VOLUME_OFF
0A711                           .endif
0A711                           .if FAMISTUDIO_EXP_N163
0A711                               .byte FAMISTUDIO_N163_CH0_ENVS+FAMISTUDIO_ENV_VOLUME_OFF
0A711                               .byte FAMISTUDIO_N163_CH1_ENVS+FAMISTUDIO_ENV_VOLUME_OFF
0A711                               .byte FAMISTUDIO_N163_CH2_ENVS+FAMISTUDIO_ENV_VOLUME_OFF
0A711                               .byte FAMISTUDIO_N163_CH3_ENVS+FAMISTUDIO_ENV_VOLUME_OFF
0A711                               .byte FAMISTUDIO_N163_CH4_ENVS+FAMISTUDIO_ENV_VOLUME_OFF
0A711                               .byte FAMISTUDIO_N163_CH5_ENVS+FAMISTUDIO_ENV_VOLUME_OFF
0A711                               .byte FAMISTUDIO_N163_CH6_ENVS+FAMISTUDIO_ENV_VOLUME_OFF
0A711                               .byte FAMISTUDIO_N163_CH7_ENVS+FAMISTUDIO_ENV_VOLUME_OFF
0A711                           .endif
0A711                           .if FAMISTUDIO_EXP_S5B
0A711                               .byte FAMISTUDIO_S5B_CH0_ENVS+FAMISTUDIO_ENV_VOLUME_OFF
0A711                               .byte FAMISTUDIO_S5B_CH1_ENVS+FAMISTUDIO_ENV_VOLUME_OFF
0A711                               .byte FAMISTUDIO_S5B_CH2_ENVS+FAMISTUDIO_ENV_VOLUME_OFF
0A711                           .endif
0A711                           .if FAMISTUDIO_EXP_EPSM
0A711                           .if FAMISTUDIO_EXP_EPSM_ENV_CNT > 0
0A711                               .byte FAMISTUDIO_EPSM_CH0_ENVS+FAMISTUDIO_ENV_VOLUME_OFF
0A711                           .endif
0A711                           .if FAMISTUDIO_EXP_EPSM_ENV_CNT > 1
0A711                               .byte FAMISTUDIO_EPSM_CH1_ENVS+FAMISTUDIO_ENV_VOLUME_OFF
0A711                           .endif
0A711                           .if FAMISTUDIO_EXP_EPSM_ENV_CNT > 2
0A711                               .byte FAMISTUDIO_EPSM_CH2_ENVS+FAMISTUDIO_ENV_VOLUME_OFF
0A711                           .endif
0A711                           .if FAMISTUDIO_EXP_EPSM_ENV_CNT > 3
0A711                               .byte FAMISTUDIO_EPSM_CH3_ENVS+FAMISTUDIO_ENV_VOLUME_OFF
0A711                           .endif
0A711                           .if FAMISTUDIO_EXP_EPSM_ENV_CNT > 4
0A711                               .byte FAMISTUDIO_EPSM_CH4_ENVS+FAMISTUDIO_ENV_VOLUME_OFF
0A711                           .endif
0A711                           .if FAMISTUDIO_EXP_EPSM_ENV_CNT > 5
0A711                               .byte FAMISTUDIO_EPSM_CH5_ENVS+FAMISTUDIO_ENV_VOLUME_OFF
0A711                           .endif
0A711                           .if FAMISTUDIO_EXP_EPSM_ENV_CNT > 6
0A711                               .byte FAMISTUDIO_EPSM_CH6_ENVS+FAMISTUDIO_ENV_VOLUME_OFF
0A711                           .endif
0A711                           .if FAMISTUDIO_EXP_EPSM_ENV_CNT > 7
0A711                               .byte FAMISTUDIO_EPSM_CH7_ENVS+FAMISTUDIO_ENV_VOLUME_OFF
0A711                           .endif
0A711                           .if FAMISTUDIO_EXP_EPSM_ENV_CNT > 8
0A711                               .byte FAMISTUDIO_EPSM_CH8_ENVS+FAMISTUDIO_ENV_VOLUME_OFF
0A711                           .endif
0A711                           .endif
0A711                           
0A711                           .if FAMISTUDIO_USE_ARPEGGIO
0A711                           ; For a given channel, returns the index of the arpeggio envelope.
0A711                           famistudio_channel_to_arpeggio_env:
0A711                               .byte FAMISTUDIO_CH0_ENVS+FAMISTUDIO_ENV_NOTE_OFF
0A711                               .byte FAMISTUDIO_CH1_ENVS+FAMISTUDIO_ENV_NOTE_OFF
0A711                               .byte FAMISTUDIO_CH2_ENVS+FAMISTUDIO_ENV_NOTE_OFF
0A711                               .byte FAMISTUDIO_CH3_ENVS+FAMISTUDIO_ENV_NOTE_OFF
0A711                               .byte $ff
0A711                           .if FAMISTUDIO_EXP_VRC6
0A711                               .byte FAMISTUDIO_VRC6_CH0_ENVS+FAMISTUDIO_ENV_NOTE_OFF
0A711                               .byte FAMISTUDIO_VRC6_CH1_ENVS+FAMISTUDIO_ENV_NOTE_OFF
0A711                               .byte FAMISTUDIO_VRC6_CH2_ENVS+FAMISTUDIO_ENV_NOTE_OFF
0A711                           .endif
0A711                           .if FAMISTUDIO_EXP_VRC7
0A711                               .byte FAMISTUDIO_VRC7_CH0_ENVS+FAMISTUDIO_ENV_NOTE_OFF
0A711                               .byte FAMISTUDIO_VRC7_CH1_ENVS+FAMISTUDIO_ENV_NOTE_OFF
0A711                               .byte FAMISTUDIO_VRC7_CH2_ENVS+FAMISTUDIO_ENV_NOTE_OFF
0A711                               .byte FAMISTUDIO_VRC7_CH3_ENVS+FAMISTUDIO_ENV_NOTE_OFF
0A711                               .byte FAMISTUDIO_VRC7_CH4_ENVS+FAMISTUDIO_ENV_NOTE_OFF
0A711                               .byte FAMISTUDIO_VRC7_CH5_ENVS+FAMISTUDIO_ENV_NOTE_OFF
0A711                           .endif
0A711                           .if FAMISTUDIO_EXP_FDS
0A711                               .byte FAMISTUDIO_FDS_CH0_ENVS+FAMISTUDIO_ENV_NOTE_OFF
0A711                           .endif
0A711                           .if FAMISTUDIO_EXP_MMC5
0A711                               .byte FAMISTUDIO_MMC5_CH0_ENVS+FAMISTUDIO_ENV_NOTE_OFF
0A711                               .byte FAMISTUDIO_MMC5_CH1_ENVS+FAMISTUDIO_ENV_NOTE_OFF
0A711                           .endif
0A711                           .if FAMISTUDIO_EXP_N163
0A711                               .byte FAMISTUDIO_N163_CH0_ENVS+FAMISTUDIO_ENV_NOTE_OFF
0A711                               .byte FAMISTUDIO_N163_CH1_ENVS+FAMISTUDIO_ENV_NOTE_OFF
0A711                               .byte FAMISTUDIO_N163_CH2_ENVS+FAMISTUDIO_ENV_NOTE_OFF
0A711                               .byte FAMISTUDIO_N163_CH3_ENVS+FAMISTUDIO_ENV_NOTE_OFF
0A711                               .byte FAMISTUDIO_N163_CH4_ENVS+FAMISTUDIO_ENV_NOTE_OFF
0A711                               .byte FAMISTUDIO_N163_CH5_ENVS+FAMISTUDIO_ENV_NOTE_OFF
0A711                               .byte FAMISTUDIO_N163_CH6_ENVS+FAMISTUDIO_ENV_NOTE_OFF
0A711                               .byte FAMISTUDIO_N163_CH7_ENVS+FAMISTUDIO_ENV_NOTE_OFF
0A711                           .endif
0A711                           .if FAMISTUDIO_EXP_S5B
0A711                               .byte FAMISTUDIO_S5B_CH0_ENVS+FAMISTUDIO_ENV_NOTE_OFF
0A711                               .byte FAMISTUDIO_S5B_CH1_ENVS+FAMISTUDIO_ENV_NOTE_OFF
0A711                               .byte FAMISTUDIO_S5B_CH2_ENVS+FAMISTUDIO_ENV_NOTE_OFF
0A711                           .endif
0A711                           .if FAMISTUDIO_EXP_EPSM
0A711                           .if FAMISTUDIO_EXP_EPSM_ENV_CNT > 0
0A711                               .byte FAMISTUDIO_EPSM_CH0_ENVS+FAMISTUDIO_ENV_NOTE_OFF
0A711                           .endif
0A711                           .if FAMISTUDIO_EXP_EPSM_ENV_CNT > 1
0A711                               .byte FAMISTUDIO_EPSM_CH1_ENVS+FAMISTUDIO_ENV_NOTE_OFF
0A711                           .endif
0A711                           .if FAMISTUDIO_EXP_EPSM_ENV_CNT > 2
0A711                               .byte FAMISTUDIO_EPSM_CH2_ENVS+FAMISTUDIO_ENV_NOTE_OFF
0A711                           .endif
0A711                           .if FAMISTUDIO_EXP_EPSM_ENV_CNT > 3
0A711                               .byte FAMISTUDIO_EPSM_CH3_ENVS+FAMISTUDIO_ENV_NOTE_OFF
0A711                           .endif
0A711                           .if FAMISTUDIO_EXP_EPSM_ENV_CNT > 4
0A711                               .byte FAMISTUDIO_EPSM_CH4_ENVS+FAMISTUDIO_ENV_NOTE_OFF
0A711                           .endif
0A711                           .if FAMISTUDIO_EXP_EPSM_ENV_CNT > 5
0A711                               .byte FAMISTUDIO_EPSM_CH5_ENVS+FAMISTUDIO_ENV_NOTE_OFF
0A711                           .endif
0A711                           .if FAMISTUDIO_EXP_EPSM_ENV_CNT > 6
0A711                               .byte FAMISTUDIO_EPSM_CH6_ENVS+FAMISTUDIO_ENV_NOTE_OFF
0A711                           .endif
0A711                           .if FAMISTUDIO_EXP_EPSM_ENV_CNT > 7
0A711                               .byte FAMISTUDIO_EPSM_CH7_ENVS+FAMISTUDIO_ENV_NOTE_OFF
0A711                           .endif
0A711                           .if FAMISTUDIO_EXP_EPSM_ENV_CNT > 8
0A711                               .byte FAMISTUDIO_EPSM_CH8_ENVS+FAMISTUDIO_ENV_NOTE_OFF
0A711                           .endif ; FAMISTUDIO_EXP_EPSM_ENV_CNT > 8
0A711                           .endif ; FAMISTUDIO_EXP_EPSM
0A711                           .endif ; FAMISTUDIO_USE_ARPEGGIO
0A711                           
0A711                           .if FAMISTUDIO_USE_SLIDE_NOTES
0A711                           famistudio_channel_to_slide:
0A711                           ; This table will only be defined if we use noise slides, otherwise identical to "famistudio_channel_to_pitch_env".
0A711                           .if FAMISTUDIO_USE_NOISE_SLIDE_NOTES    
0A711                               .byte $00
0A711                               .byte $01
0A711                               .byte $02
0A711                               .byte FAMISTUDIO_NOISE_SLIDE_INDEX ; Keep the noise slide at the end so the pitch envelopes/slides are in sync.
0A711                               .byte $ff ; no slide for DPCM
0A711                           .if FAMISTUDIO_EXP_VRC6
0A711                               .byte FAMISTUDIO_VRC6_CH0_PITCH_ENV_IDX
0A711                               .byte FAMISTUDIO_VRC6_CH1_PITCH_ENV_IDX
0A711                               .byte FAMISTUDIO_VRC6_CH2_PITCH_ENV_IDX
0A711                           .endif
0A711                           .if FAMISTUDIO_EXP_VRC7
0A711                               .byte FAMISTUDIO_VRC7_CH0_PITCH_ENV_IDX
0A711                               .byte FAMISTUDIO_VRC7_CH1_PITCH_ENV_IDX
0A711                               .byte FAMISTUDIO_VRC7_CH2_PITCH_ENV_IDX
0A711                               .byte FAMISTUDIO_VRC7_CH3_PITCH_ENV_IDX
0A711                               .byte FAMISTUDIO_VRC7_CH4_PITCH_ENV_IDX
0A711                               .byte FAMISTUDIO_VRC7_CH5_PITCH_ENV_IDX
0A711                           .endif
0A711                           .if FAMISTUDIO_EXP_FDS
0A711                               .byte FAMISTUDIO_FDS_CH0_PITCH_ENV_IDX
0A711                           .endif
0A711                           .if FAMISTUDIO_EXP_MMC5    
0A711                               .byte FAMISTUDIO_MMC5_CH0_PITCH_ENV_IDX
0A711                               .byte FAMISTUDIO_MMC5_CH1_PITCH_ENV_IDX
0A711                           .endif
0A711                           .if FAMISTUDIO_EXP_N163    
0A711                               .byte FAMISTUDIO_N163_CH0_PITCH_ENV_IDX
0A711                               .byte FAMISTUDIO_N163_CH1_PITCH_ENV_IDX
0A711                               .byte FAMISTUDIO_N163_CH2_PITCH_ENV_IDX
0A711                               .byte FAMISTUDIO_N163_CH3_PITCH_ENV_IDX
0A711                               .byte FAMISTUDIO_N163_CH4_PITCH_ENV_IDX
0A711                               .byte FAMISTUDIO_N163_CH5_PITCH_ENV_IDX
0A711                               .byte FAMISTUDIO_N163_CH6_PITCH_ENV_IDX
0A711                               .byte FAMISTUDIO_N163_CH7_PITCH_ENV_IDX
0A711                           .endif
0A711                           .if FAMISTUDIO_EXP_S5B    
0A711                               .byte FAMISTUDIO_S5B_CH0_PITCH_ENV_IDX
0A711                               .byte FAMISTUDIO_S5B_CH1_PITCH_ENV_IDX
0A711                               .byte FAMISTUDIO_S5B_CH2_PITCH_ENV_IDX
0A711                           .endif
0A711                           .if FAMISTUDIO_EXP_EPSM
0A711                           .if FAMISTUDIO_EXP_EPSM_ENV_CNT > 0
0A711                               .byte FAMISTUDIO_EPSM_CH0_PITCH_ENV_IDX
0A711                           .endif
0A711                           .if FAMISTUDIO_EXP_EPSM_ENV_CNT > 1
0A711                               .byte FAMISTUDIO_EPSM_CH1_PITCH_ENV_IDX
0A711                           .endif
0A711                           .if FAMISTUDIO_EXP_EPSM_ENV_CNT > 2
0A711                               .byte FAMISTUDIO_EPSM_CH2_PITCH_ENV_IDX
0A711                           .endif
0A711                           .if FAMISTUDIO_EXP_EPSM_ENV_CNT > 3
0A711                               .byte FAMISTUDIO_EPSM_CH3_PITCH_ENV_IDX
0A711                           .endif
0A711                           .if FAMISTUDIO_EXP_EPSM_ENV_CNT > 4
0A711                               .byte FAMISTUDIO_EPSM_CH4_PITCH_ENV_IDX
0A711                           .endif
0A711                           .if FAMISTUDIO_EXP_EPSM_ENV_CNT > 5
0A711                               .byte FAMISTUDIO_EPSM_CH5_PITCH_ENV_IDX
0A711                           .endif
0A711                           .if FAMISTUDIO_EXP_EPSM_ENV_CNT > 6
0A711                               .byte FAMISTUDIO_EPSM_CH6_PITCH_ENV_IDX
0A711                           .endif
0A711                           .if FAMISTUDIO_EXP_EPSM_ENV_CNT > 7
0A711                               .byte FAMISTUDIO_EPSM_CH7_PITCH_ENV_IDX
0A711                           .endif
0A711                           .if FAMISTUDIO_EXP_EPSM_ENV_CNT > 8
0A711                               .byte FAMISTUDIO_EPSM_CH8_PITCH_ENV_IDX
0A711                           .endif ; FAMISTUDIO_EXP_EPSM_ENV_CNT > 8
0A711                           .endif ; FAMISTUDIO_EXP_EPSM
0A711                           .endif ; FAMISTUDIO_USE_NOISE_SLIDE_NOTES
0A711                           
0A711                           .endif ; FAMISTUDIO_USE_SLIDE_NOTES
0A711                           
0A711                           ; For a given channel, returns the index of the pitch envelope.
0A711                           famistudio_channel_to_pitch_env:
0A711 00                            .byte $00
0A712 01                            .byte $01
0A713 02                            .byte $02
0A714 FF                            .byte $ff ; no pitch envelopes for noise
0A715 FF                            .byte $ff ; no pitch envelopes slide for DPCM
0A716                           .if FAMISTUDIO_EXP_VRC6
0A716                               .byte FAMISTUDIO_VRC6_CH0_PITCH_ENV_IDX
0A716                               .byte FAMISTUDIO_VRC6_CH1_PITCH_ENV_IDX
0A716                               .byte FAMISTUDIO_VRC6_CH2_PITCH_ENV_IDX
0A716                           .endif
0A716                           .if FAMISTUDIO_EXP_VRC7
0A716                               .byte FAMISTUDIO_VRC7_CH0_PITCH_ENV_IDX
0A716                               .byte FAMISTUDIO_VRC7_CH1_PITCH_ENV_IDX
0A716                               .byte FAMISTUDIO_VRC7_CH2_PITCH_ENV_IDX
0A716                               .byte FAMISTUDIO_VRC7_CH3_PITCH_ENV_IDX
0A716                               .byte FAMISTUDIO_VRC7_CH4_PITCH_ENV_IDX
0A716                               .byte FAMISTUDIO_VRC7_CH5_PITCH_ENV_IDX
0A716                           .endif
0A716                           .if FAMISTUDIO_EXP_FDS
0A716                               .byte FAMISTUDIO_FDS_CH0_PITCH_ENV_IDX
0A716                           .endif
0A716                           .if FAMISTUDIO_EXP_MMC5    
0A716                               .byte FAMISTUDIO_MMC5_CH0_PITCH_ENV_IDX
0A716                               .byte FAMISTUDIO_MMC5_CH1_PITCH_ENV_IDX
0A716                           .endif
0A716                           .if FAMISTUDIO_EXP_N163    
0A716                               .byte FAMISTUDIO_N163_CH0_PITCH_ENV_IDX
0A716                               .byte FAMISTUDIO_N163_CH1_PITCH_ENV_IDX
0A716                               .byte FAMISTUDIO_N163_CH2_PITCH_ENV_IDX
0A716                               .byte FAMISTUDIO_N163_CH3_PITCH_ENV_IDX
0A716                               .byte FAMISTUDIO_N163_CH4_PITCH_ENV_IDX
0A716                               .byte FAMISTUDIO_N163_CH5_PITCH_ENV_IDX
0A716                               .byte FAMISTUDIO_N163_CH6_PITCH_ENV_IDX
0A716                               .byte FAMISTUDIO_N163_CH7_PITCH_ENV_IDX
0A716                           .endif
0A716                           .if FAMISTUDIO_EXP_S5B    
0A716                               .byte FAMISTUDIO_S5B_CH0_PITCH_ENV_IDX
0A716                               .byte FAMISTUDIO_S5B_CH1_PITCH_ENV_IDX
0A716                               .byte FAMISTUDIO_S5B_CH2_PITCH_ENV_IDX
0A716                           .endif
0A716                           .if FAMISTUDIO_EXP_EPSM
0A716                           .if FAMISTUDIO_EXP_EPSM_ENV_CNT > 0
0A716                               .byte FAMISTUDIO_EPSM_CH0_PITCH_ENV_IDX
0A716                           .endif
0A716                           .if FAMISTUDIO_EXP_EPSM_ENV_CNT > 1
0A716                               .byte FAMISTUDIO_EPSM_CH1_PITCH_ENV_IDX
0A716                           .endif
0A716                           .if FAMISTUDIO_EXP_EPSM_ENV_CNT > 2
0A716                               .byte FAMISTUDIO_EPSM_CH2_PITCH_ENV_IDX
0A716                           .endif
0A716                           .if FAMISTUDIO_EXP_EPSM_ENV_CNT > 3
0A716                               .byte FAMISTUDIO_EPSM_CH3_PITCH_ENV_IDX
0A716                           .endif
0A716                           .if FAMISTUDIO_EXP_EPSM_ENV_CNT > 4
0A716                               .byte FAMISTUDIO_EPSM_CH4_PITCH_ENV_IDX
0A716                           .endif
0A716                           .if FAMISTUDIO_EXP_EPSM_ENV_CNT > 5
0A716                               .byte FAMISTUDIO_EPSM_CH5_PITCH_ENV_IDX
0A716                           .endif
0A716                           .if FAMISTUDIO_EXP_EPSM_ENV_CNT > 6
0A716                               .byte FAMISTUDIO_EPSM_CH6_PITCH_ENV_IDX
0A716                           .endif
0A716                           .if FAMISTUDIO_EXP_EPSM_ENV_CNT > 7
0A716                               .byte FAMISTUDIO_EPSM_CH7_PITCH_ENV_IDX
0A716                           .endif
0A716                           .if FAMISTUDIO_EXP_EPSM_ENV_CNT > 8
0A716                               .byte FAMISTUDIO_EPSM_CH8_PITCH_ENV_IDX
0A716                           .endif ; FAMISTUDIO_EXP_EPSM_ENV_CNT > 8
0A716                           .endif ; FAMISTUDIO_EXP_EPSM
0A716                           
0A716                           .if FAMISTUDIO_USE_DUTYCYCLE_EFFECT
0A716                           ; For a given channel, returns the index of the duty cycle in the "famistudio_duty_cycle" array.
0A716                           famistudio_channel_to_dutycycle:
0A716                               .byte $00
0A716                               .byte $01
0A716                               .byte $ff
0A716                               .byte $02
0A716                               .byte $ff
0A716                           .if FAMISTUDIO_EXP_VRC6
0A716                               .byte FAMISTUDIO_VRC6_CH0_DUTY_IDX
0A716                               .byte FAMISTUDIO_VRC6_CH1_DUTY_IDX
0A716                               .byte FAMISTUDIO_VRC6_CH2_DUTY_IDX
0A716                           .endif
0A716                           .if FAMISTUDIO_EXP_MMC5
0A716                               .byte FAMISTUDIO_MMC5_CH0_DUTY_IDX
0A716                               .byte FAMISTUDIO_MMC5_CH1_DUTY_IDX
0A716                           .endif
0A716                           
0A716                           ; For a given channel, returns the index of the duty cycle envelope.
0A716                           famistudio_channel_to_duty_env:
0A716                               .byte FAMISTUDIO_CH0_ENVS+FAMISTUDIO_ENV_DUTY_OFF
0A716                               .byte FAMISTUDIO_CH1_ENVS+FAMISTUDIO_ENV_DUTY_OFF
0A716                               .byte $ff
0A716                               .byte FAMISTUDIO_CH3_ENVS+FAMISTUDIO_ENV_DUTY_OFF
0A716                               .byte $ff
0A716                           .if FAMISTUDIO_EXP_VRC6
0A716                               .byte FAMISTUDIO_VRC6_CH0_ENVS+FAMISTUDIO_ENV_DUTY_OFF
0A716                               .byte FAMISTUDIO_VRC6_CH1_ENVS+FAMISTUDIO_ENV_DUTY_OFF
0A716                               .byte FAMISTUDIO_VRC6_CH2_ENVS+FAMISTUDIO_ENV_DUTY_OFF
0A716                           .endif
0A716                           .if FAMISTUDIO_EXP_MMC5
0A716                               .byte FAMISTUDIO_MMC5_CH0_ENVS+FAMISTUDIO_ENV_DUTY_OFF
0A716                               .byte FAMISTUDIO_MMC5_CH1_ENVS+FAMISTUDIO_ENV_DUTY_OFF
0A716                           .endif
0A716                           .endif
0A716                           
0A716                           ; Duty lookup table.
0A716                           famistudio_duty_lookup:
0A716 30                            .byte $30
0A717 70                            .byte $70
0A718 B0                            .byte $b0
0A719 F0                            .byte $f0
0A71A                           
0A71A                           .if FAMISTUDIO_EXP_VRC6
0A71A                           ; Duty lookup table for VRC6.
0A71A                           famistudio_vrc6_duty_lookup:
0A71A                               .byte $00
0A71A                               .byte $10
0A71A                               .byte $20
0A71A                               .byte $30
0A71A                               .byte $40
0A71A                               .byte $50
0A71A                               .byte $60
0A71A                               .byte $70
0A71A                           .endif
0A71A                           
0A71A                           .if FAMISTUDIO_USE_PHASE_RESET
0A71A                           ; For a given channel, returns the bit mask to set in the phase reset byte
0A71A                           famistudio_channel_to_phase_reset_mask:
0A71A                               .byte $01
0A71A                               .byte $02
0A71A                           .if !FAMISTUDIO_EXP_NONE
0A71A                               .byte $ff
0A71A                               .byte $ff
0A71A                               .byte $ff
0A71A                           .if FAMISTUDIO_EXP_VRC6
0A71A                               .byte $04
0A71A                               .byte $08
0A71A                               .byte $10
0A71A                           .endif
0A71A                           .if FAMISTUDIO_EXP_FDS
0A71A                               .byte $80
0A71A                           .endif
0A71A                           .if FAMISTUDIO_EXP_MMC5    
0A71A                               .byte $20
0A71A                               .byte $40
0A71A                           .endif
0A71A                           .if FAMISTUDIO_EXP_N163    
0A71A                               .byte $01
0A71A                               .byte $02
0A71A                               .byte $04
0A71A                               .byte $08
0A71A                               .byte $10
0A71A                               .byte $20
0A71A                               .byte $40
0A71A                               .byte $80
0A71A                           .endif
0A71A                           .endif
0A71A                           .endif
0A71A                           
0A71A                           .if !FAMISTUDIO_USE_FAMITRACKER_TEMPO
0A71A                           famistudio_tempo_frame_lookup:
0A71A 01 02                         .byte $01, $02 ; NTSC -> NTSC, NTSC -> PAL
0A71C 00 01                         .byte $00, $01 ; PAL  -> NTSC, PAL  -> PAL
0A71E                           .endif
0A71E                           
0A71E                           .if FAMISTUDIO_CFG_SMOOTH_VIBRATO
0A71E                           ; lookup table for the 2 registers we need to set for smooth vibrato.
0A71E                           ; Index 0 decrement the hi-period, index 2 increments. Index 1 is unused. 
0A71E                           famistudio_smooth_vibrato_period_lo_lookup:
0A71E                               .byte $00, $00, $ff
0A71E                           famistudio_smooth_vibrato_sweep_lookup:
0A71E                               .byte $8f, $00, $87
0A71E                           .endif
0A71E                           
0A71E                           .if FAMISTUDIO_USE_VOLUME_TRACK
0A71E                           
0A71E                           ; Precomputed volume multiplication table (rounded but never to zero unless one of the value is zero).
0A71E                           ; Load the 2 volumes in the lo/hi nibble and fetch.
0A71E                           
0A71E                           famistudio_volume_table:
0A71E 00 00 00 00 00 00 00 00..     .byte $00, $00, $00, $00, $00, $00, $00, $00, $00, $00, $00, $00, $00, $00, $00, $00
0A72E 00 01 01 01 01 01 01 01..     .byte $00, $01, $01, $01, $01, $01, $01, $01, $01, $01, $01, $01, $01, $01, $01, $01
0A73E 00 01 01 01 01 01 01 01..     .byte $00, $01, $01, $01, $01, $01, $01, $01, $01, $01, $01, $01, $02, $02, $02, $02
0A74E 00 01 01 01 01 01 01 01..     .byte $00, $01, $01, $01, $01, $01, $01, $01, $02, $02, $02, $02, $02, $03, $03, $03
0A75E 00 01 01 01 01 01 02 02..     .byte $00, $01, $01, $01, $01, $01, $02, $02, $02, $02, $03, $03, $03, $03, $04, $04
0A76E 00 01 01 01 01 02 02 02..     .byte $00, $01, $01, $01, $01, $02, $02, $02, $03, $03, $03, $04, $04, $04, $05, $05
0A77E 00 01 01 01 02 02 02 03..     .byte $00, $01, $01, $01, $02, $02, $02, $03, $03, $04, $04, $04, $05, $05, $06, $06
0A78E 00 01 01 01 02 02 03 03..     .byte $00, $01, $01, $01, $02, $02, $03, $03, $04, $04, $05, $05, $06, $06, $07, $07
0A79E 00 01 01 02 02 03 03 04..     .byte $00, $01, $01, $02, $02, $03, $03, $04, $04, $05, $05, $06, $06, $07, $07, $08
0A7AE 00 01 01 02 02 03 04 04..     .byte $00, $01, $01, $02, $02, $03, $04, $04, $05, $05, $06, $07, $07, $08, $08, $09
0A7BE 00 01 01 02 03 03 04 05..     .byte $00, $01, $01, $02, $03, $03, $04, $05, $05, $06, $07, $07, $08, $09, $09, $0a
0A7CE 00 01 01 02 03 04 04 05..     .byte $00, $01, $01, $02, $03, $04, $04, $05, $06, $07, $07, $08, $09, $0a, $0a, $0b
0A7DE 00 01 02 02 03 04 05 06..     .byte $00, $01, $02, $02, $03, $04, $05, $06, $06, $07, $08, $09, $0a, $0a, $0b, $0c
0A7EE 00 01 02 03 03 04 05 06..     .byte $00, $01, $02, $03, $03, $04, $05, $06, $07, $08, $09, $0a, $0a, $0b, $0c, $0d
0A7FE 00 01 02 03 04 05 06 07..     .byte $00, $01, $02, $03, $04, $05, $06, $07, $07, $08, $09, $0a, $0b, $0c, $0d, $0e
0A80E 00 01 02 03 04 05 06 07..     .byte $00, $01, $02, $03, $04, $05, $06, $07, $08, $09, $0a, $0b, $0c, $0d, $0e, $0f
0A81E                           
0A81E                           .endif
0A81E                           
0A81E                           
0A81E                           .if FAMISTUDIO_EXP_EPSM
0A81E                           ; Mapping for the channel id of the rhythm channel, to the RAM offset for it
0A81E                           ; If the user disables various channels, then we want to save on the ram for them
0A81E                           ; by just not reserving it, so this maps from channel ID to the new RAM offset for the channel
0A81E                           ; The end result should be a table that looks like this if you have channel 2, 3, and 5 enabled
0A81E                           ; .byte $ff, $00, $01, $ff, $02, $ff
0A81E                           EPSM_CHANNEL1_RHYTHM_OFFSET = -1 + FAMISTUDIO_EXP_EPSM_RHYTHM_CHN1_ENABLE
0A81E                           EPSM_CHANNEL2_RHYTHM_OFFSET = EPSM_CHANNEL1_RHYTHM_OFFSET + FAMISTUDIO_EXP_EPSM_RHYTHM_CHN2_ENABLE
0A81E                           EPSM_CHANNEL3_RHYTHM_OFFSET = EPSM_CHANNEL2_RHYTHM_OFFSET + FAMISTUDIO_EXP_EPSM_RHYTHM_CHN3_ENABLE
0A81E                           EPSM_CHANNEL4_RHYTHM_OFFSET = EPSM_CHANNEL3_RHYTHM_OFFSET + FAMISTUDIO_EXP_EPSM_RHYTHM_CHN4_ENABLE
0A81E                           EPSM_CHANNEL5_RHYTHM_OFFSET = EPSM_CHANNEL4_RHYTHM_OFFSET + FAMISTUDIO_EXP_EPSM_RHYTHM_CHN5_ENABLE
0A81E                           EPSM_CHANNEL6_RHYTHM_OFFSET = EPSM_CHANNEL5_RHYTHM_OFFSET + FAMISTUDIO_EXP_EPSM_RHYTHM_CHN6_ENABLE
0A81E                           
0A81E                           famistudio_rhythm_lut:
0A81E                           .if FAMISTUDIO_EXP_EPSM_RHYTHM_CHN1_ENABLE
0A81E                               .byte <(EPSM_CHANNEL1_RHYTHM_OFFSET)
0A81E                           .else
0A81E                               .byte $ff
0A81E                           .endif
0A81E                           .if FAMISTUDIO_EXP_EPSM_RHYTHM_CHN2_ENABLE
0A81E                               .byte <(EPSM_CHANNEL2_RHYTHM_OFFSET)
0A81E                           .else
0A81E                               .byte $ff
0A81E                           .endif
0A81E                           .if FAMISTUDIO_EXP_EPSM_RHYTHM_CHN3_ENABLE
0A81E                               .byte <(EPSM_CHANNEL3_RHYTHM_OFFSET)
0A81E                           .else
0A81E                               .byte $ff
0A81E                           .endif
0A81E                           .if FAMISTUDIO_EXP_EPSM_RHYTHM_CHN4_ENABLE
0A81E                               .byte <(EPSM_CHANNEL4_RHYTHM_OFFSET)
0A81E                           .else
0A81E                               .byte $ff
0A81E                           .endif
0A81E                           .if FAMISTUDIO_EXP_EPSM_RHYTHM_CHN5_ENABLE
0A81E                               .byte <(EPSM_CHANNEL5_RHYTHM_OFFSET)
0A81E                           .else
0A81E                               .byte $ff
0A81E                           .endif
0A81E                           .if FAMISTUDIO_EXP_EPSM_RHYTHM_CHN6_ENABLE
0A81E                               .byte <(EPSM_CHANNEL6_RHYTHM_OFFSET)
0A81E                           .else
0A81E                               .byte $ff
0A81E                           .endif
0A81E                           .endif
0A81E                           
0A81E                           dc_dual_engine_end:
0A81E                           
0A81E                               .include "dc_stock_sfx.asm"
0A81E                           ; This file is for the FamiStudio Sound Engine and was generated by FamiStudio
0A81E                           
0A81E                           sounds:
0A81E 22 A8                     	dw dc_sfx_table
0A820 22 A8                     	dw dc_sfx_table
0A822                           dc_sfx_table:
0A822 92 A8                     	dw @sfx_ntsc_sfx_00
0A824 95 A8                     	dw @sfx_ntsc_sfx_01
0A826 98 A8                     	dw @sfx_ntsc_sfx_02
0A828 CC A8                     	dw @sfx_ntsc_sfx_03
0A82A DB A8                     	dw @sfx_ntsc_sfx_04
0A82C 53 A9                     	dw @sfx_ntsc_sfx_05
0A82E 69 A9                     	dw @sfx_ntsc_sfx_06
0A830 B0 A9                     	dw @sfx_ntsc_sfx_07
0A832 3D AA                     	dw @sfx_ntsc_sfx_08
0A834 59 AA                     	dw @sfx_ntsc_sfx_09
0A836 9A AA                     	dw @sfx_ntsc_sfx_0a
0A838 E5 AA                     	dw @sfx_ntsc_sfx_0b
0A83A 18 AB                     	dw @sfx_ntsc_sfx_0c
0A83C 60 AB                     	dw @sfx_ntsc_sfx_0d
0A83E 78 AB                     	dw @sfx_ntsc_sfx_0e
0A840 9F AB                     	dw @sfx_ntsc_sfx_0f
0A842 F1 AB                     	dw @sfx_ntsc_sfx_10
0A844 42 AC                     	dw @sfx_ntsc_sfx_11
0A846 7A AC                     	dw @sfx_ntsc_sfx_12
0A848 B9 AC                     	dw @sfx_ntsc_sfx_13
0A84A E0 AC                     	dw @sfx_ntsc_sfx_14
0A84C 65 AD                     	dw @sfx_ntsc_sfx_15
0A84E 74 AD                     	dw @sfx_ntsc_sfx_16
0A850 99 AD                     	dw @sfx_ntsc_sfx_17
0A852 B1 AD                     	dw @sfx_ntsc_sfx_18
0A854 0B AF                     	dw @sfx_ntsc_sfx_19
0A856 14 B0                     	dw @sfx_ntsc_sfx_1a
0A858 FC B1                     	dw @sfx_ntsc_sfx_1b
0A85A 5C B2                     	dw @sfx_ntsc_sfx_1c
0A85C 6E B2                     	dw @sfx_ntsc_sfx_1d
0A85E 7F B2                     	dw @sfx_ntsc_sfx_1e
0A860 8C B2                     	dw @sfx_ntsc_sfx_1f
0A862 8F B2                     	dw @sfx_ntsc_sfx_20
0A864 AB B2                     	dw @sfx_ntsc_sfx_21
0A866 AE B2                     	dw @sfx_ntsc_sfx_22
0A868 B1 B2                     	dw @sfx_ntsc_sfx_23
0A86A B4 B2                     	dw @sfx_ntsc_sfx_24
0A86C B7 B2                     	dw @sfx_ntsc_sfx_25
0A86E BA B2                     	dw @sfx_ntsc_sfx_26
0A870 BD B2                     	dw @sfx_ntsc_sfx_27
0A872 DE B2                     	dw @sfx_ntsc_sfx_28
0A874 E1 B2                     	dw @sfx_ntsc_sfx_29
0A876 F9 B2                     	dw @sfx_ntsc_sfx_2a
0A878 FC B2                     	dw @sfx_ntsc_sfx_2b
0A87A 14 B3                     	dw @sfx_ntsc_sfx_2c
0A87C 1D B3                     	dw @sfx_ntsc_sfx_2d
0A87E 20 B3                     	dw @sfx_ntsc_sfx_2e
0A880 38 B3                     	dw @sfx_ntsc_sfx_2f
0A882 4D B3                     	dw @sfx_ntsc_sfx_30
0A884 50 B3                     	dw @sfx_ntsc_sfx_31
0A886 53 B3                     	dw @sfx_ntsc_sfx_32
0A888 56 B3                     	dw @sfx_ntsc_sfx_33
0A88A 89 B3                     	dw @sfx_ntsc_sfx_34
0A88C 8C B3                     	dw @sfx_ntsc_sfx_35
0A88E 8F B3                     	dw @sfx_ntsc_sfx_36
0A890 C3 B3                     	dw @sfx_ntsc_sfx_37
0A892                           
0A892                           @sfx_ntsc_sfx_00:
0A892 89 F0 00                  	db $89,$f0,$00
0A895                           @sfx_ntsc_sfx_01:
0A895 89 F0 00                  	db $89,$f0,$00
0A898                           @sfx_ntsc_sfx_02:
0A898 8A 0C 89 3E 03 89 3D 04.. 	db $8a,$0c,$89,$3e,$03,$89,$3d,$04,$8a,$0d,$89,$3c,$04,$89,$3b,$04
0A8A8 89 3A 04 89 39 04 89 38.. 	db $89,$3a,$04,$89,$39,$04,$89,$38,$03,$8a,$0f,$01,$89,$37,$04,$89
0A8B8 36 04 89 35 04 89 34 04.. 	db $36,$04,$89,$35,$04,$89,$34,$04,$89,$33,$04,$8a,$0d,$89,$32,$04
0A8C8 89 31 03 00               	db $89,$31,$03,$00
0A8CC                           @sfx_ntsc_sfx_03:
0A8CC 8A 08 89 3F 01 8A 0D 02.. 	db $8a,$08,$89,$3f,$01,$8a,$0d,$02,$8a,$0c,$02,$8a,$08,$03,$00
0A8DB                           @sfx_ntsc_sfx_04:
0A8DB 84 19 85 00 83 BF 89 F0.. 	db $84,$19,$85,$00,$83,$bf,$89,$f0,$01,$84,$12,$01,$84,$0b,$01,$84
0A8EB 1E 01 84 17 01 84 10 01.. 	db $1e,$01,$84,$17,$01,$84,$10,$01,$84,$09,$01,$84,$1c,$01,$84,$15
0A8FB 01 84 0E 01 83 B0 01 84.. 	db $01,$84,$0e,$01,$83,$b0,$01,$84,$1a,$83,$bf,$01,$84,$13,$01,$84
0A90B 0C 01 83 B0 01 84 18 83.. 	db $0c,$01,$83,$b0,$01,$84,$18,$83,$bf,$01,$84,$11,$01,$84,$0a,$01
0A91B 83 B0 01 84 16 83 BF 01.. 	db $83,$b0,$01,$84,$16,$83,$bf,$01,$84,$0f,$01,$84,$08,$01,$83,$b0
0A92B 01 84 14 83 BF 01 84 0D.. 	db $01,$84,$14,$83,$bf,$01,$84,$0d,$01,$83,$b0,$02,$84,$13,$83,$bf
0A93B 01 84 0C 01 83 B0 02 84.. 	db $01,$84,$0c,$01,$83,$b0,$02,$84,$13,$83,$bf,$01,$84,$0c,$01,$83
0A94B B0 02 84 13 83 BF 01 00   	db $b0,$02,$84,$13,$83,$bf,$01,$00
0A953                           @sfx_ntsc_sfx_05:
0A953 84 67 85 00 83 BE 89 F0.. 	db $84,$67,$85,$00,$83,$be,$89,$f0,$02,$84,$51,$01,$83,$bd,$01,$84
0A963 47 02 84 33 01 00         	db $47,$02,$84,$33,$01,$00
0A969                           @sfx_ntsc_sfx_06:
0A969 8A 02 89 38 01 8A 84 89.. 	db $8a,$02,$89,$38,$01,$8a,$84,$89,$34,$01,$89,$3d,$01,$8a,$02,$01
0A979 89 3F 01 8A 84 01 8A 02.. 	db $89,$3f,$01,$8a,$84,$01,$8a,$02,$01,$89,$3e,$01,$8a,$84,$01,$89
0A989 3B 01 8A 02 02 8A 84 89.. 	db $3b,$01,$8a,$02,$02,$8a,$84,$89,$38,$02,$8a,$02,$89,$35,$02,$8a
0A999 84 01 89 3D 01 8A 02 89.. 	db $84,$01,$89,$3d,$01,$8a,$02,$89,$3b,$01,$89,$36,$01,$8a,$84,$02
0A9A9 89 32 03 8A 06 03 00      	db $89,$32,$03,$8a,$06,$03,$00
0A9B0                           @sfx_ntsc_sfx_07:
0A9B0 8A 0D 89 38 01 89 34 01.. 	db $8a,$0d,$89,$38,$01,$89,$34,$01,$89,$f0,$01,$89,$3c,$01,$89,$38
0A9C0 01 89 34 01 89 F0 01 89.. 	db $01,$89,$34,$01,$89,$f0,$01,$89,$3c,$01,$89,$38,$01,$89,$34,$01
0A9D0 89 F0 01 89 3C 01 89 38.. 	db $89,$f0,$01,$89,$3c,$01,$89,$38,$01,$89,$34,$01,$89,$f0,$01,$89
0A9E0 3C 01 89 38 01 89 34 01.. 	db $3c,$01,$89,$38,$01,$89,$34,$01,$89,$f0,$01,$89,$3c,$01,$89,$38
0A9F0 01 89 34 01 89 F0 01 89.. 	db $01,$89,$34,$01,$89,$f0,$01,$89,$3c,$01,$89,$38,$01,$89,$34,$01
0AA00 89 F0 01 89 3C 01 89 38.. 	db $89,$f0,$01,$89,$3c,$01,$89,$38,$01,$89,$34,$01,$89,$f0,$01,$89
0AA10 3C 01 89 38 01 89 34 01.. 	db $3c,$01,$89,$38,$01,$89,$34,$01,$89,$f0,$01,$89,$3c,$01,$89,$38
0AA20 01 89 34 01 89 F0 01 89.. 	db $01,$89,$34,$01,$89,$f0,$01,$89,$3c,$01,$89,$38,$01,$89,$34,$01
0AA30 89 F0 01 89 3C 01 89 38.. 	db $89,$f0,$01,$89,$3c,$01,$89,$38,$01,$89,$34,$01,$00
0AA3D                           @sfx_ntsc_sfx_08:
0AA3D 8A 0E 89 3E 02 8A 0D 89.. 	db $8a,$0e,$89,$3e,$02,$8a,$0d,$89,$3f,$02,$8a,$0e,$89,$3d,$02,$89
0AA4D 3C 02 8A 0F 01 89 3B 03.. 	db $3c,$02,$8a,$0f,$01,$89,$3b,$03,$89,$3a,$03,$00
0AA59                           @sfx_ntsc_sfx_09:
0AA59 8A 05 89 3F 01 8A 07 02.. 	db $8a,$05,$89,$3f,$01,$8a,$07,$02,$8a,$09,$02,$8a,$05,$02,$8a,$07
0AA69 02 8A 09 02 8A 05 02 8A.. 	db $02,$8a,$09,$02,$8a,$05,$02,$8a,$07,$02,$8a,$09,$02,$8a,$0b,$02
0AA79 8A 0A 02 8A 0C 02 8A 0D.. 	db $8a,$0a,$02,$8a,$0c,$02,$8a,$0d,$02,$8a,$0c,$02,$8a,$0e,$02,$8a
0AA89 0F 89 37 02 89 36 04 89.. 	db $0f,$89,$37,$02,$89,$36,$04,$89,$35,$04,$89,$34,$04,$89,$33,$02
0AA99 00                        	db $00
0AA9A                           @sfx_ntsc_sfx_0a:
0AA9A 8A 0E 89 3B 01 8A 0F 89.. 	db $8a,$0e,$89,$3b,$01,$8a,$0f,$89,$39,$01,$8a,$0e,$89,$37,$01,$8a
0AAAA 0A 89 35 01 8A 02 89 34.. 	db $0a,$89,$35,$01,$8a,$02,$89,$34,$01,$8a,$03,$89,$33,$01,$8a,$04
0AABA 89 39 02 8A 05 89 38 01.. 	db $89,$39,$02,$8a,$05,$89,$38,$01,$8a,$07,$89,$39,$02,$8a,$0a,$89
0AACA 3A 01 8A 0E 04 89 3E 03.. 	db $3a,$01,$8a,$0e,$04,$89,$3e,$03,$89,$3d,$04,$89,$3c,$03,$89,$3b
0AADA 04 89 3A 03 89 39 04 89.. 	db $04,$89,$3a,$03,$89,$39,$04,$89,$38,$01,$00
0AAE5                           @sfx_ntsc_sfx_0b:
0AAE5 8A 84 89 3F 01 8A 85 01.. 	db $8a,$84,$89,$3f,$01,$8a,$85,$01,$8a,$06,$02,$8a,$85,$02,$8a,$84
0AAF5 01 8A 06 02 8A 86 01 8A.. 	db $01,$8a,$06,$02,$8a,$86,$01,$8a,$84,$01,$8a,$85,$01,$8a,$86,$01
0AB05 8A 02 01 8A 85 01 8A 84.. 	db $8a,$02,$01,$8a,$85,$01,$8a,$84,$01,$8a,$85,$01,$8a,$88,$02,$8a
0AB15 85 01 00                  	db $85,$01,$00
0AB18                           @sfx_ntsc_sfx_0c:
0AB18 8A 87 89 3B 01 89 38 01.. 	db $8a,$87,$89,$3b,$01,$89,$38,$01,$89,$34,$01,$89,$38,$01,$89,$3b
0AB28 01 89 3F 01 89 3B 01 89.. 	db $01,$89,$3f,$01,$89,$3b,$01,$89,$38,$01,$89,$34,$01,$89,$38,$01
0AB38 89 3B 01 89 3F 01 89 3B.. 	db $89,$3b,$01,$89,$3f,$01,$89,$3b,$01,$89,$38,$01,$89,$34,$01,$89
0AB48 38 01 89 3B 01 89 3F 01.. 	db $38,$01,$89,$3b,$01,$89,$3f,$01,$89,$3b,$01,$89,$38,$01,$89,$34
0AB58 01 89 38 01 89 3B 01 00   	db $01,$89,$38,$01,$89,$3b,$01,$00
0AB60                           @sfx_ntsc_sfx_0d:
0AB60 8A 0F 89 3C 03 8A 0E 01.. 	db $8a,$0f,$89,$3c,$03,$8a,$0e,$01,$8a,$0f,$01,$8a,$0e,$03,$8a,$0f
0AB70 01 8A 0E 01 8A 0F 26 00   	db $01,$8a,$0e,$01,$8a,$0f,$26,$00
0AB78                           @sfx_ntsc_sfx_0e:
0AB78 8A 0F 89 3E 01 8A 0E 89.. 	db $8a,$0f,$89,$3e,$01,$8a,$0e,$89,$3d,$01,$8a,$0d,$89,$3c,$01,$8a
0AB88 0C 01 8A 0D 89 3B 01 8A.. 	db $0c,$01,$8a,$0d,$89,$3b,$01,$8a,$0a,$01,$89,$3a,$01,$8a,$03,$01
0AB98 89 39 01 89 38 01 00      	db $89,$39,$01,$89,$38,$01,$00
0AB9F                           @sfx_ntsc_sfx_0f:
0AB9F 8A 0C 89 3E 01 8A 07 01.. 	db $8a,$0c,$89,$3e,$01,$8a,$07,$01,$89,$3d,$01,$8a,$0c,$01,$8a,$05
0ABAF 01 89 3C 01 8A 06 02 8A.. 	db $01,$89,$3c,$01,$8a,$06,$02,$8a,$07,$01,$89,$3b,$02,$8a,$08,$01
0ABBF 89 3A 03 89 39 03 89 38.. 	db $89,$3a,$03,$89,$39,$03,$89,$38,$02,$8a,$09,$02,$89,$37,$03,$8a
0ABCF 0A 89 36 03 89 35 03 8A.. 	db $0a,$89,$36,$03,$89,$35,$03,$8a,$0b,$89,$34,$04,$89,$33,$01,$8a
0ABDF 0C 02 89 32 01 8A 0D 02.. 	db $0c,$02,$89,$32,$01,$8a,$0d,$02,$89,$31,$03,$89,$f0,$04,$89,$3f
0ABEF 03 00                     	db $03,$00
0ABF1                           @sfx_ntsc_sfx_10:
0ABF1 8A 0C 89 3E 01 8A 0E 01.. 	db $8a,$0c,$89,$3e,$01,$8a,$0e,$01,$8a,$0d,$01,$8a,$0f,$89,$3d,$03
0AC01 8A 0C 01 89 3C 01 8A 0D.. 	db $8a,$0c,$01,$89,$3c,$01,$8a,$0d,$02,$8a,$0c,$01,$89,$3b,$04,$89
0AC11 3A 04 89 39 04 89 38 04.. 	db $3a,$04,$89,$39,$04,$89,$38,$04,$8a,$0d,$89,$37,$04,$89,$36,$01
0AC21 8A 0E 03 89 35 01 8A 0F.. 	db $8a,$0e,$03,$89,$35,$01,$8a,$0f,$01,$8a,$0e,$02,$8a,$0f,$89,$34
0AC31 04 89 33 04 89 32 04 89.. 	db $04,$89,$33,$04,$89,$32,$04,$89,$31,$04,$89,$f0,$04,$89,$3f,$03
0AC41 00                        	db $00
0AC42                           @sfx_ntsc_sfx_11:
0AC42 8A 07 89 3C 04 8A 06 89.. 	db $8a,$07,$89,$3c,$04,$8a,$06,$89,$33,$05,$8a,$08,$89,$3c,$05,$8a
0AC52 07 89 33 05 8A 06 89 3C.. 	db $07,$89,$33,$05,$8a,$06,$89,$3c,$05,$8a,$08,$89,$33,$05,$8a,$07
0AC62 89 3C 05 8A 06 89 33 05.. 	db $89,$3c,$05,$8a,$06,$89,$33,$05,$8a,$08,$89,$3c,$05,$8a,$07,$89
0AC72 33 05 8A 06 89 3C 05 00   	db $33,$05,$8a,$06,$89,$3c,$05,$00
0AC7A                           @sfx_ntsc_sfx_12:
0AC7A 8A 0C 89 3D 01 8A 0F 01.. 	db $8a,$0c,$89,$3d,$01,$8a,$0f,$01,$89,$3f,$01,$8a,$09,$03,$8a,$0f
0AC8A 02 8A 07 01 8A 08 02 8A.. 	db $02,$8a,$07,$01,$8a,$08,$02,$8a,$09,$01,$8a,$0a,$09,$89,$39,$01
0AC9A 89 38 01 89 37 01 89 36.. 	db $89,$38,$01,$89,$37,$01,$89,$36,$01,$89,$35,$01,$89,$34,$01,$89
0ACAA 33 01 89 32 01 89 31 01.. 	db $33,$01,$89,$32,$01,$89,$31,$01,$89,$f0,$01,$89,$3f,$01,$00
0ACB9                           @sfx_ntsc_sfx_13:
0ACB9 8A 0D 89 3F 04 89 3D 05.. 	db $8a,$0d,$89,$3f,$04,$89,$3d,$05,$89,$3f,$05,$89,$3d,$05,$89,$3f
0ACC9 05 89 3D 05 89 3F 05 89.. 	db $05,$89,$3d,$05,$89,$3f,$05,$89,$3d,$05,$89,$3f,$05,$89,$3d,$05
0ACD9 89 3F 05 89 3D 05 00      	db $89,$3f,$05,$89,$3d,$05,$00
0ACE0                           @sfx_ntsc_sfx_14:
0ACE0 8A 0C 89 3F 02 8A 0B 03.. 	db $8a,$0c,$89,$3f,$02,$8a,$0b,$03,$8a,$0a,$03,$8a,$09,$03,$8a,$08
0ACF0 03 8A 07 03 8A 06 03 8A.. 	db $03,$8a,$07,$03,$8a,$06,$03,$8a,$07,$04,$8a,$08,$04,$8a,$09,$04
0AD00 8A 0A 03 8A 0C 03 8A 0B.. 	db $8a,$0a,$03,$8a,$0c,$03,$8a,$0b,$03,$8a,$0a,$03,$8a,$09,$03,$8a
0AD10 08 03 8A 07 03 8A 06 03.. 	db $08,$03,$8a,$07,$03,$8a,$06,$03,$8a,$07,$04,$8a,$08,$04,$8a,$09
0AD20 04 8A 0A 03 8A 0C 03 8A.. 	db $04,$8a,$0a,$03,$8a,$0c,$03,$8a,$0b,$03,$8a,$0a,$03,$8a,$09,$03
0AD30 8A 08 03 8A 07 03 8A 06.. 	db $8a,$08,$03,$8a,$07,$03,$8a,$06,$03,$8a,$07,$04,$8a,$08,$04,$8a
0AD40 09 04 8A 0A 03 8A 09 89.. 	db $09,$04,$8a,$0a,$03,$8a,$09,$89,$33,$03,$8a,$08,$01,$89,$32,$02
0AD50 8A 07 02 89 31 01 8A 06.. 	db $8a,$07,$02,$89,$31,$01,$8a,$06,$03,$89,$f0,$04,$8a,$04,$89,$3f
0AD60 02 8A 03 01 00            	db $02,$8a,$03,$01,$00
0AD65                           @sfx_ntsc_sfx_15:
0AD65 8A 03 89 3F 01 8A 08 07.. 	db $8a,$03,$89,$3f,$01,$8a,$08,$07,$8a,$05,$04,$8a,$06,$33,$00
0AD74                           @sfx_ntsc_sfx_16:
0AD74 84 1C 85 00 83 BA 89 F0.. 	db $84,$1c,$85,$00,$83,$ba,$89,$f0,$01,$84,$1d,$01,$84,$1e,$03,$84
0AD84 1F 01 84 20 02 84 21 02.. 	db $1f,$01,$84,$20,$02,$84,$21,$02,$84,$22,$02,$84,$23,$01,$84,$24
0AD94 03 84 25 01 00            	db $03,$84,$25,$01,$00
0AD99                           @sfx_ntsc_sfx_17:
0AD99 8A 01 89 3F 01 8A 02 02.. 	db $8a,$01,$89,$3f,$01,$8a,$02,$02,$8a,$03,$02,$8a,$04,$02,$8a,$05
0ADA9 02 8A 06 02 8A 07 01 00   	db $02,$8a,$06,$02,$8a,$07,$01,$00
0ADB1                           @sfx_ntsc_sfx_18:
0ADB1 84 F6 85 00 83 3F 89 F0.. 	db $84,$f6,$85,$00,$83,$3f,$89,$f0,$01,$84,$f3,$01,$84,$f0,$01,$84
0ADC1 ED 01 84 E9 01 84 E7 01.. 	db $ed,$01,$84,$e9,$01,$84,$e7,$01,$84,$e3,$01,$84,$e1,$01,$84,$dd
0ADD1 01 84 DA 01 84 D7 01 84.. 	db $01,$84,$da,$01,$84,$d7,$01,$84,$d4,$01,$84,$d0,$01,$84,$ce,$01
0ADE1 84 CA 01 84 C8 01 84 C4.. 	db $84,$ca,$01,$84,$c8,$01,$84,$c4,$01,$84,$c1,$01,$84,$be,$01,$84
0ADF1 BB 01 84 B7 01 84 B5 01.. 	db $bb,$01,$84,$b7,$01,$84,$b5,$01,$84,$b1,$01,$84,$af,$01,$84,$ab
0AE01 01 84 A8 01 84 A5 01 84.. 	db $01,$84,$a8,$01,$84,$a5,$01,$84,$a2,$01,$84,$9e,$01,$84,$9c,$01
0AE11 84 98 01 84 96 01 84 92.. 	db $84,$98,$01,$84,$96,$01,$84,$92,$01,$84,$8f,$01,$84,$8c,$01,$84
0AE21 89 01 84 85 01 84 83 01.. 	db $89,$01,$84,$85,$01,$84,$83,$01,$84,$7f,$01,$84,$7d,$01,$84,$96
0AE31 01 84 92 01 84 8F 01 84.. 	db $01,$84,$92,$01,$84,$8f,$01,$84,$8c,$01,$84,$89,$01,$84,$85,$01
0AE41 84 83 01 84 7F 01 84 7D.. 	db $84,$83,$01,$84,$7f,$01,$84,$7d,$01,$84,$96,$01,$84,$92,$01,$84
0AE51 8F 01 84 8C 01 84 89 01.. 	db $8f,$01,$84,$8c,$01,$84,$89,$01,$84,$85,$01,$84,$83,$01,$84,$7f
0AE61 01 84 7D 01 84 96 01 84.. 	db $01,$84,$7d,$01,$84,$96,$01,$84,$92,$01,$84,$8f,$01,$84,$8c,$01
0AE71 84 89 01 84 85 01 84 83.. 	db $84,$89,$01,$84,$85,$01,$84,$83,$01,$84,$7f,$01,$84,$7d,$01,$84
0AE81 96 01 84 92 01 84 8F 01.. 	db $96,$01,$84,$92,$01,$84,$8f,$01,$84,$8c,$01,$84,$89,$01,$84,$85
0AE91 01 84 83 01 84 7F 01 84.. 	db $01,$84,$83,$01,$84,$7f,$01,$84,$7d,$01,$84,$96,$01,$84,$92,$01
0AEA1 84 8F 01 84 8C 01 84 89.. 	db $84,$8f,$01,$84,$8c,$01,$84,$89,$01,$84,$85,$01,$84,$83,$01,$84
0AEB1 7F 01 84 7D 01 84 96 01.. 	db $7f,$01,$84,$7d,$01,$84,$96,$01,$84,$92,$01,$84,$8f,$01,$84,$8c
0AEC1 01 84 89 01 84 85 01 84.. 	db $01,$84,$89,$01,$84,$85,$01,$84,$83,$01,$84,$7f,$01,$84,$7d,$01
0AED1 84 96 01 84 92 01 84 8F.. 	db $84,$96,$01,$84,$92,$01,$84,$8f,$01,$84,$8c,$01,$84,$89,$01,$84
0AEE1 85 01 84 83 01 84 7F 01.. 	db $85,$01,$84,$83,$01,$84,$7f,$01,$84,$7d,$01,$84,$96,$01,$84,$92
0AEF1 01 84 8F 01 84 8C 01 84.. 	db $01,$84,$8f,$01,$84,$8c,$01,$84,$89,$01,$84,$85,$01,$84,$83,$01
0AF01 84 7F 01 84 7D 01 84 96.. 	db $84,$7f,$01,$84,$7d,$01,$84,$96,$01,$00
0AF0B                           @sfx_ntsc_sfx_19:
0AF0B 8A 0E 89 3F 01 8A 0F 01.. 	db $8a,$0e,$89,$3f,$01,$8a,$0f,$01,$8a,$0e,$89,$3a,$02,$8a,$0f,$01
0AF1B 8A 0E 89 3D 02 8A 0F 01.. 	db $8a,$0e,$89,$3d,$02,$8a,$0f,$01,$8a,$0e,$89,$3f,$02,$8a,$0f,$01
0AF2B 8A 0E 89 3D 02 8A 0F 01.. 	db $8a,$0e,$89,$3d,$02,$8a,$0f,$01,$8a,$0e,$89,$3f,$02,$8a,$0f,$01
0AF3B 8A 0E 89 3D 02 8A 0F 01.. 	db $8a,$0e,$89,$3d,$02,$8a,$0f,$01,$8a,$0e,$89,$3f,$02,$8a,$0f,$01
0AF4B 8A 0E 89 3D 02 8A 0F 01.. 	db $8a,$0e,$89,$3d,$02,$8a,$0f,$01,$8a,$0e,$89,$3f,$02,$8a,$0f,$01
0AF5B 8A 0E 89 3D 02 8A 0F 01.. 	db $8a,$0e,$89,$3d,$02,$8a,$0f,$01,$8a,$0e,$89,$3f,$02,$8a,$0f,$01
0AF6B 8A 0E 89 3D 02 8A 0F 01.. 	db $8a,$0e,$89,$3d,$02,$8a,$0f,$01,$8a,$0e,$89,$3f,$02,$8a,$0f,$01
0AF7B 8A 0E 89 3D 02 8A 0F 01.. 	db $8a,$0e,$89,$3d,$02,$8a,$0f,$01,$8a,$0e,$89,$3f,$02,$8a,$0f,$01
0AF8B 8A 0E 89 3D 02 8A 0F 01.. 	db $8a,$0e,$89,$3d,$02,$8a,$0f,$01,$8a,$0e,$89,$3f,$02,$8a,$0f,$01
0AF9B 8A 0E 89 3D 02 8A 0F 01.. 	db $8a,$0e,$89,$3d,$02,$8a,$0f,$01,$8a,$0e,$89,$3f,$02,$8a,$0f,$01
0AFAB 8A 0E 89 3D 02 8A 0F 01.. 	db $8a,$0e,$89,$3d,$02,$8a,$0f,$01,$8a,$0e,$89,$3f,$02,$8a,$0f,$01
0AFBB 8A 0E 89 3D 02 8A 0F 01.. 	db $8a,$0e,$89,$3d,$02,$8a,$0f,$01,$8a,$0e,$89,$3f,$02,$8a,$0f,$01
0AFCB 8A 0E 89 3D 02 8A 0F 01.. 	db $8a,$0e,$89,$3d,$02,$8a,$0f,$01,$8a,$0e,$89,$3f,$02,$8a,$0f,$01
0AFDB 8A 0E 89 3D 02 8A 0F 01.. 	db $8a,$0e,$89,$3d,$02,$8a,$0f,$01,$8a,$0e,$89,$3f,$02,$8a,$0f,$01
0AFEB 8A 0E 89 3D 02 8A 0F 01.. 	db $8a,$0e,$89,$3d,$02,$8a,$0f,$01,$8a,$0e,$89,$3f,$02,$8a,$0f,$01
0AFFB 8A 0E 89 3D 02 8A 0F 01.. 	db $8a,$0e,$89,$3d,$02,$8a,$0f,$01,$8a,$0e,$89,$3f,$02,$8a,$0f,$01
0B00B 8A 0E 89 3D 02 8A 0F 01.. 	db $8a,$0e,$89,$3d,$02,$8a,$0f,$01,$00
0B014                           @sfx_ntsc_sfx_1a:
0B014 84 D8 85 01 83 3F 89 F0.. 	db $84,$d8,$85,$01,$83,$3f,$89,$f0,$01,$84,$9f,$85,$02,$01,$84,$66
0B024 85 03 01 84 BC 85 05 01.. 	db $85,$03,$01,$84,$bc,$85,$05,$01,$84,$f2,$85,$04,$01,$83,$30,$13
0B034 84 3D 85 06 83 3F 01 83.. 	db $84,$3d,$85,$06,$83,$3f,$01,$83,$30,$01,$84,$ad,$85,$04,$83,$3f
0B044 01 83 30 01 84 1D 85 03.. 	db $01,$83,$30,$01,$84,$1d,$85,$03,$83,$3f,$01,$84,$75,$85,$05,$01
0B054 84 8D 85 01 01 84 55 85.. 	db $84,$8d,$85,$01,$01,$84,$55,$85,$02,$01,$84,$ac,$85,$04,$01,$84
0B064 53 85 02 01 84 A9 85 04.. 	db $53,$85,$02,$01,$84,$a9,$85,$04,$01,$84,$df,$85,$03,$01,$84,$36
0B074 85 06 01 84 6C 85 05 01.. 	db $85,$06,$01,$84,$6c,$85,$05,$01,$83,$30,$12,$84,$3d,$85,$06,$83
0B084 3F 01 83 30 01 84 AD 85.. 	db $3f,$01,$83,$30,$01,$84,$ad,$85,$04,$83,$3f,$01,$83,$30,$01,$84
0B094 1D 85 03 83 3F 01 84 75.. 	db $1d,$85,$03,$83,$3f,$01,$84,$75,$85,$05,$01,$84,$8d,$85,$01,$01
0B0A4 84 55 85 02 01 84 AC 85.. 	db $84,$55,$85,$02,$01,$84,$ac,$85,$04,$01,$84,$53,$85,$02,$01,$84
0B0B4 A9 85 04 01 84 DF 85 03.. 	db $a9,$85,$04,$01,$84,$df,$85,$03,$01,$84,$36,$85,$06,$01,$84,$6c
0B0C4 85 05 01 83 30 12 84 3D.. 	db $85,$05,$01,$83,$30,$12,$84,$3d,$85,$06,$83,$3f,$01,$83,$30,$01
0B0D4 84 AD 85 04 83 3F 01 83.. 	db $84,$ad,$85,$04,$83,$3f,$01,$83,$30,$01,$84,$1d,$85,$03,$83,$3f
0B0E4 01 84 75 85 05 01 84 8D.. 	db $01,$84,$75,$85,$05,$01,$84,$8d,$85,$01,$01,$84,$55,$85,$02,$01
0B0F4 84 AC 85 04 01 84 53 85.. 	db $84,$ac,$85,$04,$01,$84,$53,$85,$02,$01,$84,$a9,$85,$04,$01,$84
0B104 DF 85 03 01 84 36 85 06.. 	db $df,$85,$03,$01,$84,$36,$85,$06,$01,$84,$6c,$85,$05,$01,$83,$30
0B114 12 84 3D 85 06 83 3F 01.. 	db $12,$84,$3d,$85,$06,$83,$3f,$01,$83,$30,$01,$84,$ad,$85,$04,$83
0B124 3F 01 83 30 01 84 1D 85.. 	db $3f,$01,$83,$30,$01,$84,$1d,$85,$03,$83,$3f,$01,$84,$75,$85,$05
0B134 01 84 8D 85 01 01 84 55.. 	db $01,$84,$8d,$85,$01,$01,$84,$55,$85,$02,$01,$84,$ac,$85,$04,$01
0B144 84 53 85 02 01 84 A9 85.. 	db $84,$53,$85,$02,$01,$84,$a9,$85,$04,$01,$84,$df,$85,$03,$01,$84
0B154 36 85 06 01 84 6C 85 05.. 	db $36,$85,$06,$01,$84,$6c,$85,$05,$01,$83,$30,$10,$84,$3e,$85,$06
0B164 83 3F 01 83 30 01 84 FE.. 	db $83,$3f,$01,$83,$30,$01,$84,$fe,$85,$04,$83,$3f,$01,$83,$30,$01
0B174 84 BE 85 03 83 3F 01 84.. 	db $84,$be,$85,$03,$83,$3f,$01,$84,$9e,$85,$05,$01,$84,$7e,$85,$02
0B184 01 84 5E 85 04 01 84 3E.. 	db $01,$84,$5e,$85,$04,$01,$84,$3e,$85,$01,$01,$84,$de,$01,$84,$bd
0B194 85 03 01 84 53 85 02 01.. 	db $85,$03,$01,$84,$53,$85,$02,$01,$84,$a9,$85,$04,$01,$84,$df,$85
0B1A4 03 01 84 36 85 06 01 84.. 	db $03,$01,$84,$36,$85,$06,$01,$84,$6c,$85,$05,$01,$83,$30,$12,$84
0B1B4 3D 85 06 83 3F 01 83 30.. 	db $3d,$85,$06,$83,$3f,$01,$83,$30,$01,$84,$ad,$85,$04,$83,$3f,$01
0B1C4 83 30 01 84 1D 85 03 83.. 	db $83,$30,$01,$84,$1d,$85,$03,$83,$3f,$01,$84,$75,$85,$05,$01,$84
0B1D4 8D 85 01 01 84 55 85 02.. 	db $8d,$85,$01,$01,$84,$55,$85,$02,$01,$84,$ac,$85,$04,$01,$84,$53
0B1E4 85 02 01 84 A9 85 04 01.. 	db $85,$02,$01,$84,$a9,$85,$04,$01,$84,$df,$85,$03,$01,$84,$36,$85
0B1F4 06 01 84 6C 85 05 01 00   	db $06,$01,$84,$6c,$85,$05,$01,$00
0B1FC                           @sfx_ntsc_sfx_1b:
0B1FC 87 04 88 01 86 8F 89 F0.. 	db $87,$04,$88,$01,$86,$8f,$89,$f0,$01,$87,$fb,$88,$00,$01,$87,$f2
0B20C 01 87 E9 01 87 E0 01 87.. 	db $01,$87,$e9,$01,$87,$e0,$01,$87,$d7,$01,$87,$ce,$01,$87,$c5,$01
0B21C 87 BC 01 87 B3 01 87 AA.. 	db $87,$bc,$01,$87,$b3,$01,$87,$aa,$01,$87,$a1,$01,$87,$98,$01,$87
0B22C 8F 01 87 86 01 87 7D 01.. 	db $8f,$01,$87,$86,$01,$87,$7d,$01,$87,$74,$01,$87,$6b,$01,$87,$62
0B23C 01 87 59 01 87 50 01 87.. 	db $01,$87,$59,$01,$87,$50,$01,$87,$47,$01,$87,$3e,$01,$87,$35,$01
0B24C 87 2C 01 87 23 01 87 1A.. 	db $87,$2c,$01,$87,$23,$01,$87,$1a,$01,$87,$11,$01,$87,$08,$01,$00
0B25C                           @sfx_ntsc_sfx_1c:
0B25C 8A 86 89 3F 01 8A 87 01.. 	db $8a,$86,$89,$3f,$01,$8a,$87,$01,$8a,$85,$02,$8a,$86,$01,$8a,$87
0B26C 03 00                     	db $03,$00
0B26E                           @sfx_ntsc_sfx_1d:
0B26E 8A 04 89 3F 01 8A 03 02.. 	db $8a,$04,$89,$3f,$01,$8a,$03,$02,$8a,$05,$89,$38,$02,$8a,$03,$02
0B27E 00                        	db $00
0B27F                           @sfx_ntsc_sfx_1e:
0B27F 84 70 85 00 83 BF 89 F0.. 	db $84,$70,$85,$00,$83,$bf,$89,$f0,$01,$84,$50,$01,$00
0B28C                           @sfx_ntsc_sfx_1f:
0B28C 89 F0 00                  	db $89,$f0,$00
0B28F                           @sfx_ntsc_sfx_20:
0B28F 87 38 88 00 86 8F 89 F0.. 	db $87,$38,$88,$00,$86,$8f,$89,$f0,$01,$87,$30,$01,$87,$28,$01,$87
0B29F 20 01 87 18 01 87 10 01.. 	db $20,$01,$87,$18,$01,$87,$10,$01,$87,$08,$01,$00
0B2AB                           @sfx_ntsc_sfx_21:
0B2AB 89 F0 00                  	db $89,$f0,$00
0B2AE                           @sfx_ntsc_sfx_22:
0B2AE 89 F0 00                  	db $89,$f0,$00
0B2B1                           @sfx_ntsc_sfx_23:
0B2B1 89 F0 00                  	db $89,$f0,$00
0B2B4                           @sfx_ntsc_sfx_24:
0B2B4 89 F0 00                  	db $89,$f0,$00
0B2B7                           @sfx_ntsc_sfx_25:
0B2B7 89 F0 00                  	db $89,$f0,$00
0B2BA                           @sfx_ntsc_sfx_26:
0B2BA 89 F0 00                  	db $89,$f0,$00
0B2BD                           @sfx_ntsc_sfx_27:
0B2BD 8A 09 89 3D 01 89 3C 01.. 	db $8a,$09,$89,$3d,$01,$89,$3c,$01,$89,$3b,$01,$89,$3a,$01,$89,$39
0B2CD 01 89 38 01 89 37 01 89.. 	db $01,$89,$38,$01,$89,$37,$01,$89,$36,$01,$89,$35,$01,$89,$33,$06
0B2DD 00                        	db $00
0B2DE                           @sfx_ntsc_sfx_28:
0B2DE 89 F0 00                  	db $89,$f0,$00
0B2E1                           @sfx_ntsc_sfx_29:
0B2E1 8A 0B 89 3C 01 89 3B 01.. 	db $8a,$0b,$89,$3c,$01,$89,$3b,$01,$89,$3a,$01,$89,$38,$01,$89,$37
0B2F1 01 89 36 01 89 34 01 00   	db $01,$89,$36,$01,$89,$34,$01,$00
0B2F9                           @sfx_ntsc_sfx_2a:
0B2F9 89 F0 00                  	db $89,$f0,$00
0B2FC                           @sfx_ntsc_sfx_2b:
0B2FC 8A 0A 89 3C 01 89 3B 01.. 	db $8a,$0a,$89,$3c,$01,$89,$3b,$01,$89,$3a,$01,$89,$38,$01,$89,$37
0B30C 01 89 36 01 89 34 01 00   	db $01,$89,$36,$01,$89,$34,$01,$00
0B314                           @sfx_ntsc_sfx_2c:
0B314 8A 02 89 3D 01 89 3C 01.. 	db $8a,$02,$89,$3d,$01,$89,$3c,$01,$00
0B31D                           @sfx_ntsc_sfx_2d:
0B31D 89 F0 00                  	db $89,$f0,$00
0B320                           @sfx_ntsc_sfx_2e:
0B320 8A 09 89 3C 01 89 3B 01.. 	db $8a,$09,$89,$3c,$01,$89,$3b,$01,$89,$3a,$01,$89,$38,$01,$89,$37
0B330 01 89 36 01 89 34 01 00   	db $01,$89,$36,$01,$89,$34,$01,$00
0B338                           @sfx_ntsc_sfx_2f:
0B338 8A 8B 89 3D 01 8A 07 03.. 	db $8a,$8b,$89,$3d,$01,$8a,$07,$03,$89,$3c,$03,$89,$3b,$04,$89,$3a
0B348 03 89 34 10 00            	db $03,$89,$34,$10,$00
0B34D                           @sfx_ntsc_sfx_30:
0B34D 89 F0 00                  	db $89,$f0,$00
0B350                           @sfx_ntsc_sfx_31:
0B350 89 F0 00                  	db $89,$f0,$00
0B353                           @sfx_ntsc_sfx_32:
0B353 89 F0 00                  	db $89,$f0,$00
0B356                           @sfx_ntsc_sfx_33:
0B356 8A 80 89 3E 01 89 3D 02.. 	db $8a,$80,$89,$3e,$01,$89,$3d,$02,$89,$3c,$02,$89,$3b,$02,$89,$3a
0B366 02 89 39 02 89 38 02 89.. 	db $02,$89,$39,$02,$89,$38,$02,$89,$37,$02,$89,$36,$02,$89,$35,$02
0B376 89 34 02 89 33 02 89 32.. 	db $89,$34,$02,$89,$33,$02,$89,$32,$02,$89,$31,$02,$89,$f0,$02,$89
0B386 3F 02 00                  	db $3f,$02,$00
0B389                           @sfx_ntsc_sfx_34:
0B389 89 F0 00                  	db $89,$f0,$00
0B38C                           @sfx_ntsc_sfx_35:
0B38C 89 F0 00                  	db $89,$f0,$00
0B38F                           @sfx_ntsc_sfx_36:
0B38F 8A 0C 89 3E 03 89 3D 04.. 	db $8a,$0c,$89,$3e,$03,$89,$3d,$04,$8a,$0d,$89,$3c,$04,$89,$3b,$04
0B39F 89 3A 04 89 39 04 89 38.. 	db $89,$3a,$04,$89,$39,$04,$89,$38,$03,$8a,$0f,$01,$89,$37,$04,$89
0B3AF 36 04 89 35 04 89 34 04.. 	db $36,$04,$89,$35,$04,$89,$34,$04,$89,$33,$04,$8a,$0d,$89,$32,$04
0B3BF 89 31 03 00               	db $89,$31,$03,$00
0B3C3                           @sfx_ntsc_sfx_37:
0B3C3 89 F0 00                  	db $89,$f0,$00
0B3C6                           
0B3C6                           dc_dual_sfx_end:
0B3C6                           
0B3C6 00 00 00 00 00 00 00 00..     .org $b500
0B500                               .include "dc_dual_audio_bridge.asm"
0B500                           ; Dual-engine dispatcher for the expanded Mapper 194 DC.nes.
0B500                           ;
0B500                           ; Stock songs and stock SFX remain on the original driver. Commands $9D-$9F
0B500                           ; select the three unbound FamiStudio songs. While one of those songs is
0B500                           ; active, commands $00-$37 use the migrated FamiStudio SFX set so that music
0B500                           ; and effects share one APU owner.
0B500                           ;
0B500                           ; Both engines reuse the stock driver's certified $0028-$005D/$0400-$046F
0B500                           ; RAM, but never update in the same frame. $004C-$0056 is saved around each
0B500                           ; FamiStudio update because it is both the game interface and the compact
0B500                           ; engine's transient APU output buffer.
0B500                           
0B500                           music_command = $004c
0B500                           music_state   = $004d
0B500                           music_current = $0052
0B500                           music_limit   = $0053
0B500                           
0B500                           command_temp = $0028
0B500                           
0B500                           bridge_magic_a = $0468
0B500                           bridge_magic_b = $0469
0B500                           bridge_magic_c = $046a
0B500                           custom_state   = $046b
0B500                           
0B500                           famistudio_sfx_ptr_hi = $045b
0B500                           
0B500                           mapper_select = $8000
0B500                           mapper_data   = $8001
0B500                           
0B500                           custom_first = $9d
0B500                           custom_count = 3
0B500                           stock_low_bank = $60
0B500                           
0B500                           engine_init     = $a000
0B500                           engine_play     = $a003
0B500                           engine_stop     = $a006
0B500                           engine_update   = $a009
0B500                           engine_sfx_init = $a00c
0B500                           engine_sfx_play = $a00f
0B500                           data_banks      = $a012
0B500                           stock_restore_dispatch = $99bc
0B500                           stock_handoff_dispatch = $99ec
0B500                           
0B500                           dc_dual_audio_bridge:
0B500                               ; A direct custom selector always wins. The stock driver is allowed to
0B500                               ; overwrite the bridge bytes while inactive, so do not test magic first.
0B500 A5 4C                         lda music_command
0B502 C9 9D                         cmp #custom_first
0B504 90 12                         bcc @check_active
0B506 C9 A0                         cmp #custom_first + custom_count
0B508 B0 0E                         bcs @check_active
0B50A 85 28                         sta command_temp
0B50C A9 FF                         lda #$ff
0B50E 85 4C                         sta music_command
0B510 A5 28                         lda command_temp
0B512 20 DE B5                      jsr @start_custom_song
0B515 4C 64 B5                      jmp @update
0B518                           
0B518                           @check_active:
0B518 AD 68 04                      lda bridge_magic_a
0B51B C9 5A                         cmp #$5a
0B51D F0 03                         beq @magic_a_valid
0B51F 4C BC B5                      jmp @stock_update
0B522                           @magic_a_valid:
0B522 AD 69 04                      lda bridge_magic_b
0B525 C9 A5                         cmp #$a5
0B527 F0 03                         beq @magic_b_valid
0B529 4C BC B5                      jmp @stock_update
0B52C                           @magic_b_valid:
0B52C AD 6A 04                      lda bridge_magic_c
0B52F C9 C3                         cmp #$c3
0B531 F0 03                         beq @magic_c_valid
0B533 4C BC B5                      jmp @stock_update
0B536                           @magic_c_valid:
0B536 AD 6B 04                      lda custom_state
0B539 C9 9D                         cmp #custom_first
0B53B 90 7F                         bcc @stock_update
0B53D C9 A0                         cmp #custom_first + custom_count
0B53F B0 7B                         bcs @stock_update
0B541                           
0B541 A5 4C                         lda music_command
0B543 C9 FF                         cmp #$ff
0B545 F0 1D                         beq @update
0B547 85 28                         sta command_temp
0B549 A9 FF                         lda #$ff
0B54B 85 4C                         sta music_command
0B54D                           
0B54D A5 28                         lda command_temp
0B54F 30 6F                         bmi @leave_with_stock_command
0B551 C9 38                         cmp #$38
0B553 B0 0F                         bcs @update
0B555                           
0B555 A5 53                         lda music_limit
0B557 C5 28                         cmp command_temp
0B559 90 09                         bcc @update
0B55B A5 28                         lda command_temp
0B55D 85 53                         sta music_limit
0B55F A2 00                         ldx #$00
0B561 20 0F A0                      jsr engine_sfx_play
0B564                           
0B564                           @update:
0B564 20 18 B6                      jsr @map_song_bank
0B567                           
0B567                               ; Preserve the complete game-facing zero-page interface while the compact
0B567                               ; FamiStudio engine uses it as an 11-byte call-local output buffer.
0B567 A5 4C                         lda $4c
0B569 48                            pha
0B56A A5 4D                         lda $4d
0B56C 48                            pha
0B56D A5 4E                         lda $4e
0B56F 48                            pha
0B570 A5 4F                         lda $4f
0B572 48                            pha
0B573 A5 50                         lda $50
0B575 48                            pha
0B576 A5 51                         lda $51
0B578 48                            pha
0B579 A5 52                         lda $52
0B57B 48                            pha
0B57C A5 53                         lda $53
0B57E 48                            pha
0B57F A5 54                         lda $54
0B581 48                            pha
0B582 A5 55                         lda $55
0B584 48                            pha
0B585 A5 56                         lda $56
0B587 48                            pha
0B588 20 09 A0                      jsr engine_update
0B58B 68                            pla
0B58C 85 56                         sta $56
0B58E 68                            pla
0B58F 85 55                         sta $55
0B591 68                            pla
0B592 85 54                         sta $54
0B594 68                            pla
0B595 85 53                         sta $53
0B597 68                            pla
0B598 85 52                         sta $52
0B59A 68                            pla
0B59B 85 51                         sta $51
0B59D 68                            pla
0B59E 85 50                         sta $50
0B5A0 68                            pla
0B5A1 85 4F                         sta $4f
0B5A3 68                            pla
0B5A4 85 4E                         sta $4e
0B5A6 68                            pla
0B5A7 85 4D                         sta $4d
0B5A9 68                            pla
0B5AA 85 4C                         sta $4c
0B5AC                           
0B5AC                               ; FamiStudio clears ptr_hi when its only SFX stream finishes.
0B5AC AD 5B 04                      lda famistudio_sfx_ptr_hi
0B5AF D0 04                         bne @return_to_game
0B5B1 A9 FF                         lda #$ff
0B5B3 85 53                         sta music_limit
0B5B5                           
0B5B5                           @return_to_game:
0B5B5 20 2B B6                      jsr @restore_stock_low_bank
0B5B8 18                            clc
0B5B9 4C BC 99                      jmp stock_restore_dispatch
0B5BC                           
0B5BC                           @stock_update:
0B5BC 38                            sec
0B5BD 4C BC 99                      jmp stock_restore_dispatch
0B5C0                           
0B5C0                           @leave_with_stock_command:
0B5C0                               ; The low-bank handoff maps the stock high bank, resets the old driver,
0B5C0                               ; then replays this command in the same NMI. A requested reset becomes the
0B5C0                               ; normal $FF update after the explicit reset call.
0B5C0 A5 28                         lda command_temp
0B5C2 C9 FE                         cmp #$fe
0B5C4 D0 02                         bne @handoff_command_ready
0B5C6 A9 FF                         lda #$ff
0B5C8                           @handoff_command_ready:
0B5C8 AA                            tax
0B5C9 A9 00                         lda #$00
0B5CB 8D 68 04                      sta bridge_magic_a
0B5CE 8D 69 04                      sta bridge_magic_b
0B5D1 8D 6A 04                      sta bridge_magic_c
0B5D4 8D 6B 04                      sta custom_state
0B5D7 20 2B B6                      jsr @restore_stock_low_bank
0B5DA 8A                            txa
0B5DB 4C EC 99                      jmp stock_handoff_dispatch
0B5DE                           
0B5DE                           @start_custom_song:
0B5DE 8D 6B 04                      sta custom_state
0B5E1 A9 5A                         lda #$5a
0B5E3 8D 68 04                      sta bridge_magic_a
0B5E6 A9 A5                         lda #$a5
0B5E8 8D 69 04                      sta bridge_magic_b
0B5EB A9 C3                         lda #$c3
0B5ED 8D 6A 04                      sta bridge_magic_c
0B5F0                           
0B5F0 AD 6B 04                      lda custom_state
0B5F3 29 1F                         and #$1f
0B5F5 85 52                         sta music_current
0B5F7 A9 00                         lda #$00
0B5F9 85 4D                         sta music_state
0B5FB A9 FF                         lda #$ff
0B5FD 85 53                         sta music_limit
0B5FF                           
0B5FF 20 18 B6                      jsr @map_song_bank
0B602 A2 00                         ldx #$00
0B604 A0 80                         ldy #$80
0B606 A9 01                         lda #$01
0B608 20 00 A0                      jsr engine_init
0B60B A2 1E                         ldx #<sounds
0B60D A0 A8                         ldy #>sounds
0B60F 20 0C A0                      jsr engine_sfx_init
0B612 A9 00                         lda #$00
0B614 20 03 A0                      jsr engine_play
0B617 60                            rts
0B618                           
0B618                           @map_song_bank:
0B618 AD 6B 04                      lda custom_state
0B61B 38                            sec
0B61C E9 9D                         sbc #custom_first
0B61E AA                            tax
0B61F A9 86                         lda #$86
0B621 8D 00 80                      sta mapper_select
0B624 BD 12 A0                      lda data_banks,x
0B627 8D 01 80                      sta mapper_data
0B62A 60                            rts
0B62B                           
0B62B                           @restore_stock_low_bank:
0B62B A9 86                         lda #$86
0B62D 8D 00 80                      sta mapper_select
0B630 A9 60                         lda #stock_low_bank
0B632 8D 01 80                      sta mapper_data
0B635 60                            rts
0B636                           
0B636                           dc_dual_audio_bridge_end:
0B636                           
0B636                           dc_dual_bridge_end:
0B636 00 00 00 00 00 00 00 00..     .org $c000
